[
  {
    "title": "OverviewNewsEvents & PresentationsEventsPresentationsEvents & PresentationsFinancialsSEC FilingsAnnual ReportsStock InformationStock Quote & ChartInve",
    "link": "https://www.biogen.com/",
    "timestamp": "unknown"
  },
  {
    "title": "OverviewNewsEvents & PresentationsEventsPresentationsEvents & PresentationsFinancialsSEC FilingsAnnual ReportsStock InformationStock Quote & ChartInve",
    "link": "https://www.biogen.com/",
    "timestamp": "unknown"
  },
  {
    "title": "Overview",
    "link": "https://investors.biogen.com/",
    "timestamp": "unknown"
  },
  {
    "title": "News",
    "link": "https://investors.biogen.com/news/news-releases",
    "timestamp": "unknown"
  },
  {
    "title": "Events & PresentationsEventsPresentationsEvents & Presentations",
    "link": "https://investors.biogen.com/events-presentations/events",
    "timestamp": "unknown"
  },
  {
    "title": "EventsPresentationsEvents & Presentations",
    "link": "https://investors.biogen.com/events-presentations/events",
    "timestamp": "unknown"
  },
  {
    "title": "EventsPresentationsEvents & Presentations",
    "link": "https://investors.biogen.com/events-presentations/events",
    "timestamp": "unknown"
  },
  {
    "title": "EventsPresentationsEvents & Presentations",
    "link": "https://investors.biogen.com/events-presentations/events",
    "timestamp": "unknown"
  },
  {
    "title": "EventsPresentationsEvents & Presentations",
    "link": "https://investors.biogen.com/events-presentations/events",
    "timestamp": "unknown"
  },
  {
    "title": "Events",
    "link": "https://investors.biogen.com/events-presentations/events",
    "timestamp": "unknown"
  },
  {
    "title": "Presentations",
    "link": "https://investors.biogen.com/events-presentations/presentations",
    "timestamp": "unknown"
  },
  {
    "title": "FinancialsSEC FilingsAnnual Reports",
    "link": "https://investors.biogen.com/financials/sec-filings",
    "timestamp": "unknown"
  },
  {
    "title": "SEC FilingsAnnual Reports",
    "link": "https://investors.biogen.com/financials/sec-filings",
    "timestamp": "unknown"
  },
  {
    "title": "SEC FilingsAnnual Reports",
    "link": "https://investors.biogen.com/financials/sec-filings",
    "timestamp": "unknown"
  },
  {
    "title": "SEC FilingsAnnual Reports",
    "link": "https://investors.biogen.com/financials/sec-filings",
    "timestamp": "unknown"
  },
  {
    "title": "SEC FilingsAnnual Reports",
    "link": "https://investors.biogen.com/financials/sec-filings",
    "timestamp": "unknown"
  },
  {
    "title": "SEC Filings",
    "link": "https://investors.biogen.com/financials/sec-filings",
    "timestamp": "unknown"
  },
  {
    "title": "Annual Reports",
    "link": "https://investors.biogen.com/financials/annual-reports",
    "timestamp": "unknown"
  },
  {
    "title": "Stock InformationStock Quote & ChartInvestor FAQs",
    "link": "https://investors.biogen.com/stock-information/stock-chart",
    "timestamp": "unknown"
  },
  {
    "title": "Stock Quote & ChartInvestor FAQs",
    "link": "https://investors.biogen.com/stock-information/stock-chart",
    "timestamp": "unknown"
  },
  {
    "title": "Stock Quote & ChartInvestor FAQs",
    "link": "https://investors.biogen.com/stock-information/stock-chart",
    "timestamp": "unknown"
  },
  {
    "title": "Stock Quote & ChartInvestor FAQs",
    "link": "https://investors.biogen.com/stock-information/stock-chart",
    "timestamp": "unknown"
  },
  {
    "title": "Stock Quote & ChartInvestor FAQs",
    "link": "https://investors.biogen.com/stock-information/stock-chart",
    "timestamp": "unknown"
  },
  {
    "title": "Stock Quote & Chart",
    "link": "https://investors.biogen.com/stock-information/stock-chart",
    "timestamp": "unknown"
  },
  {
    "title": "Investor FAQs",
    "link": "https://investors.biogen.com/stock-information/investor-faqs",
    "timestamp": "unknown"
  },
  {
    "title": "Corporate GovernanceGovernance DocumentsCommittee CompositionLeadershipCode of Business ConductESG ReportCorporate ResponsibilityContact the Board",
    "link": "https://investors.biogen.com/governance/governance-documents",
    "timestamp": "unknown"
  },
  {
    "title": "Governance DocumentsCommittee CompositionLeadershipCode of Business ConductESG ReportCorporate ResponsibilityContact the Board",
    "link": "https://investors.biogen.com/governance/governance-documents",
    "timestamp": "unknown"
  },
  {
    "title": "Governance DocumentsCommittee CompositionLeadershipCode of Business ConductESG ReportCorporate ResponsibilityContact the Board",
    "link": "https://investors.biogen.com/governance/governance-documents",
    "timestamp": "unknown"
  },
  {
    "title": "Governance DocumentsCommittee CompositionLeadershipCode of Business ConductESG ReportCorporate ResponsibilityContact the Board",
    "link": "https://investors.biogen.com/governance/governance-documents",
    "timestamp": "unknown"
  },
  {
    "title": "Governance DocumentsCommittee CompositionLeadershipCode of Business ConductESG ReportCorporate ResponsibilityContact the Board",
    "link": "https://investors.biogen.com/governance/governance-documents",
    "timestamp": "unknown"
  },
  {
    "title": "Governance Documents",
    "link": "https://investors.biogen.com/governance/governance-documents",
    "timestamp": "unknown"
  },
  {
    "title": "Committee Composition",
    "link": "https://investors.biogen.com/governance/committee-composition",
    "timestamp": "unknown"
  },
  {
    "title": "Leadership",
    "link": "https://www.biogen.com/company/leadership.html?tag=leadership-team",
    "timestamp": "unknown"
  },
  {
    "title": "Code of Business Conduct",
    "link": "https://www.biogen.com/responsibility/reporting-and-principles/code-of-business-conduct.html",
    "timestamp": "unknown"
  },
  {
    "title": "ESG Report",
    "link": "https://www.biogen.com/responsibility/reporting-and-principles/esg-report.html",
    "timestamp": "unknown"
  },
  {
    "title": "Corporate Responsibility",
    "link": "https://www.biogen.com/responsibility.html",
    "timestamp": "unknown"
  },
  {
    "title": "Contact the Board",
    "link": "https://investors.biogen.com/governance/contact-the-board",
    "timestamp": "unknown"
  },
  {
    "title": "Sign UpInvestorsAmericasArgentinaBrazilCanada EN | FRColombiaMexicoUnited StatesUruguayAsia PacificAustraliaChinaJapanNew ZealandSouth KoreaTaiwanEuro",
    "link": "https://investors.biogen.com/sign-up-for-alerts",
    "timestamp": "unknown"
  },
  {
    "title": "Sign Up",
    "link": "https://investors.biogen.com/sign-up-for-alerts",
    "timestamp": "unknown"
  },
  {
    "title": "InvestorsAmericasArgentinaBrazilCanada EN | FRColombiaMexicoUnited StatesUruguayAsia PacificAustraliaChinaJapanNew ZealandSouth KoreaTaiwanEuropeAustr",
    "link": "https://investors.biogen.com/events-presentations/events",
    "timestamp": "unknown"
  },
  {
    "title": "InvestorsAmericasArgentinaBrazilCanada EN | FRColombiaMexicoUnited StatesUruguayAsia PacificAustraliaChinaJapanNew ZealandSouth KoreaTaiwanEuropeAustr",
    "link": "https://investors.biogen.com/events-presentations/events",
    "timestamp": "unknown"
  },
  {
    "title": "AmericasArgentinaBrazilCanada EN | FRColombiaMexicoUnited StatesUruguayAsia PacificAustraliaChinaJapanNew ZealandSouth KoreaTaiwanEuropeAustriaBelgium",
    "link": "https://ar.biogen.com/",
    "timestamp": "unknown"
  },
  {
    "title": "AmericasArgentinaBrazilCanada EN | FRColombiaMexicoUnited StatesUruguayAsia PacificAustraliaChinaJapanNew ZealandSouth KoreaTaiwanEuropeAustriaBelgium",
    "link": "https://ar.biogen.com/",
    "timestamp": "unknown"
  },
  {
    "title": "AmericasArgentinaBrazilCanada EN | FRColombiaMexicoUnited StatesUruguayAsia PacificAustraliaChinaJapanNew ZealandSouth KoreaTaiwanEuropeAustriaBelgium",
    "link": "https://ar.biogen.com/",
    "timestamp": "unknown"
  },
  {
    "title": "AmericasArgentinaBrazilCanada EN | FRColombiaMexicoUnited StatesUruguayAsia PacificAustraliaChinaJapanNew ZealandSouth KoreaTaiwanEuropeAustriaBelgium",
    "link": "https://ar.biogen.com/",
    "timestamp": "unknown"
  },
  {
    "title": "OverviewNewsEvents & PresentationsEventsPresentationsEvents & PresentationsFinancialsSEC FilingsAnnual ReportsStock InformationStock Quote & ChartInve",
    "link": "https://investors.biogen.com/events-presentations/events",
    "timestamp": "unknown"
  },
  {
    "title": "Overview",
    "link": "https://investors.biogen.com/events-presentations/events",
    "timestamp": "unknown"
  },
  {
    "title": "News",
    "link": "https://investors.biogen.com/events-presentations/events",
    "timestamp": "unknown"
  },
  {
    "title": "Events & PresentationsEventsPresentationsEvents & Presentations",
    "link": "https://investors.biogen.com/events-presentations/events",
    "timestamp": "unknown"
  },
  {
    "title": "EventsPresentationsEvents & Presentations",
    "link": "https://investors.biogen.com/events-presentations/events",
    "timestamp": "unknown"
  },
  {
    "title": "FinancialsSEC FilingsAnnual Reports",
    "link": "https://investors.biogen.com/events-presentations/events",
    "timestamp": "unknown"
  },
  {
    "title": "SEC FilingsAnnual Reports",
    "link": "https://investors.biogen.com/financials/sec-filings",
    "timestamp": "unknown"
  },
  {
    "title": "Stock InformationStock Quote & ChartInvestor FAQs",
    "link": "https://investors.biogen.com/events-presentations/events",
    "timestamp": "unknown"
  },
  {
    "title": "Stock Quote & ChartInvestor FAQs",
    "link": "https://investors.biogen.com/stock-information/stock-chart",
    "timestamp": "unknown"
  },
  {
    "title": "Corporate GovernanceGovernance DocumentsCommittee CompositionLeadershipCode of Business ConductESG ReportCorporate ResponsibilityContact the Board",
    "link": "https://investors.biogen.com/events-presentations/events",
    "timestamp": "unknown"
  },
  {
    "title": "Governance DocumentsCommittee CompositionLeadershipCode of Business ConductESG ReportCorporate ResponsibilityContact the Board",
    "link": "https://investors.biogen.com/governance/governance-documents",
    "timestamp": "unknown"
  },
  {
    "title": "InvestorsAmericasArgentinaBrazilCanada EN | FRColombiaMexicoUnited StatesUruguayAsia PacificAustraliaChinaJapanNew ZealandSouth KoreaTaiwanEuropeAustr",
    "link": "https://investors.biogen.com/",
    "timestamp": "unknown"
  },
  {
    "title": "InvestorsAmericasArgentinaBrazilCanada EN | FRColombiaMexicoUnited StatesUruguayAsia PacificAustraliaChinaJapanNew ZealandSouth KoreaTaiwanEuropeAustr",
    "link": "https://investors.biogen.com/",
    "timestamp": "unknown"
  },
  {
    "title": "AmericasArgentinaBrazilCanada EN | FRColombiaMexicoUnited StatesUruguay",
    "link": "https://investors.biogen.com/events-presentations/events",
    "timestamp": "unknown"
  },
  {
    "title": "Argentina",
    "link": "https://ar.biogen.com/",
    "timestamp": "unknown"
  },
  {
    "title": "Brazil",
    "link": "https://br.biogen.com/",
    "timestamp": "unknown"
  },
  {
    "title": "Canada EN | FR",
    "link": "https://www.biogen.ca/",
    "timestamp": "unknown"
  },
  {
    "title": "Colombia",
    "link": "https://www.biibcolombia.co/",
    "timestamp": "unknown"
  },
  {
    "title": "Mexico",
    "link": "https://www.biogen.com.mx/",
    "timestamp": "unknown"
  },
  {
    "title": "United States",
    "link": "https://www.biogen.com/",
    "timestamp": "unknown"
  },
  {
    "title": "Uruguay",
    "link": "https://www.biogen.uy/",
    "timestamp": "unknown"
  },
  {
    "title": "Asia PacificAustraliaChinaJapanNew ZealandSouth KoreaTaiwan",
    "link": "https://investors.biogen.com/events-presentations/events",
    "timestamp": "unknown"
  },
  {
    "title": "Australia",
    "link": "https://www.biogen.com.au/",
    "timestamp": "unknown"
  },
  {
    "title": "China",
    "link": "https://www.biogen.cn/",
    "timestamp": "unknown"
  },
  {
    "title": "Japan",
    "link": "https://www.biogen.co.jp/",
    "timestamp": "unknown"
  },
  {
    "title": "New Zealand",
    "link": "https://www.biogen.co.nz/",
    "timestamp": "unknown"
  },
  {
    "title": "South Korea",
    "link": "https://kr.biogen.com/",
    "timestamp": "unknown"
  },
  {
    "title": "Taiwan",
    "link": "https://www.biogen.tw/",
    "timestamp": "unknown"
  },
  {
    "title": "EuropeAustriaBelgium NL | FRCroatiaCzech RepublicDenmarkEstoniaFinlandFranceGermanyHungaryIrelandItalyLatviaLithuaniaNetherlandsNorwayPolandPortugalSl",
    "link": "https://investors.biogen.com/events-presentations/events",
    "timestamp": "unknown"
  },
  {
    "title": "Austria",
    "link": "https://www.biogen.at/",
    "timestamp": "unknown"
  },
  {
    "title": "Belgium NL | FR",
    "link": "https://www.biogen.be/",
    "timestamp": "unknown"
  },
  {
    "title": "Croatia",
    "link": "https://www.biogen.hr/",
    "timestamp": "unknown"
  },
  {
    "title": "Czech Republic",
    "link": "https://www.biogen.com.cz/",
    "timestamp": "unknown"
  },
  {
    "title": "Denmark",
    "link": "https://www.biogen.dk/",
    "timestamp": "unknown"
  },
  {
    "title": "Estonia",
    "link": "https://www.biogen.ee/",
    "timestamp": "unknown"
  },
  {
    "title": "Finland",
    "link": "https://www.biogen.fi/",
    "timestamp": "unknown"
  },
  {
    "title": "France",
    "link": "https://www.biogen.fr/",
    "timestamp": "unknown"
  },
  {
    "title": "Germany",
    "link": "https://www.biogen.de/",
    "timestamp": "unknown"
  },
  {
    "title": "Hungary",
    "link": "https://www.biogen.hu/",
    "timestamp": "unknown"
  },
  {
    "title": "Ireland",
    "link": "https://www.biogen.ie/",
    "timestamp": "unknown"
  },
  {
    "title": "Italy",
    "link": "https://www.biogenitalia.it/",
    "timestamp": "unknown"
  },
  {
    "title": "Latvia",
    "link": "https://www.biogen.lv/",
    "timestamp": "unknown"
  },
  {
    "title": "Lithuania",
    "link": "https://www.biogen.lt/",
    "timestamp": "unknown"
  },
  {
    "title": "Netherlands",
    "link": "https://www.biogen.nl/",
    "timestamp": "unknown"
  },
  {
    "title": "Norway",
    "link": "https://www.biogen.no/",
    "timestamp": "unknown"
  },
  {
    "title": "Poland",
    "link": "https://www.biogen-poland.pl/",
    "timestamp": "unknown"
  },
  {
    "title": "Portugal",
    "link": "https://www.biogen.pt/",
    "timestamp": "unknown"
  },
  {
    "title": "Slovakia",
    "link": "https://www.biogen.sk/",
    "timestamp": "unknown"
  },
  {
    "title": "Slovenia",
    "link": "https://www.biogen-pharma.si/",
    "timestamp": "unknown"
  },
  {
    "title": "Spain",
    "link": "https://www.biogen.com.es/",
    "timestamp": "unknown"
  },
  {
    "title": "Sweden",
    "link": "https://www.biogen.se/",
    "timestamp": "unknown"
  },
  {
    "title": "Switzerland DE | FR",
    "link": "https://www.biogen.ch/",
    "timestamp": "unknown"
  },
  {
    "title": "United Kingdom",
    "link": "https://www.biogen.uk.com/",
    "timestamp": "unknown"
  },
  {
    "title": "Middle EastSaudi ArabiaUnited Arab Emirates",
    "link": "https://investors.biogen.com/events-presentations/events",
    "timestamp": "unknown"
  },
  {
    "title": "Saudi Arabia",
    "link": "https://www.biogen-sa.com/",
    "timestamp": "unknown"
  },
  {
    "title": "United Arab Emirates",
    "link": "https://www.biogen-gulf.com/",
    "timestamp": "unknown"
  },
  {
    "title": "InternationalGlobal websiteInternational HQ",
    "link": "https://investors.biogen.com/events-presentations/events",
    "timestamp": "unknown"
  },
  {
    "title": "Global website",
    "link": "https://www.biogen.com/",
    "timestamp": "unknown"
  },
  {
    "title": "International HQ",
    "link": "https://www.biogen.com/biogen-international.html",
    "timestamp": "unknown"
  },
  {
    "title": "BreadcrumbHomeEvents & Presentations",
    "link": "https://investors.biogen.com/",
    "timestamp": "unknown"
  },
  {
    "title": "BreadcrumbHomeEvents & Presentations",
    "link": "https://investors.biogen.com/",
    "timestamp": "unknown"
  },
  {
    "title": "BreadcrumbHomeEvents & Presentations",
    "link": "https://investors.biogen.com/",
    "timestamp": "unknown"
  },
  {
    "title": "BreadcrumbHomeEvents & Presentations",
    "link": "https://investors.biogen.com/",
    "timestamp": "unknown"
  },
  {
    "title": "BreadcrumbHomeEvents & Presentations",
    "link": "https://investors.biogen.com/",
    "timestamp": "unknown"
  },
  {
    "title": "BreadcrumbHomeEvents & Presentations",
    "link": "https://investors.biogen.com/",
    "timestamp": "unknown"
  },
  {
    "title": "BreadcrumbHomeEvents & Presentations",
    "link": "https://investors.biogen.com/",
    "timestamp": "unknown"
  },
  {
    "title": "BreadcrumbHomeEvents & Presentations",
    "link": "https://investors.biogen.com/",
    "timestamp": "unknown"
  },
  {
    "title": "BreadcrumbHomeEvents & Presentations",
    "link": "https://investors.biogen.com/",
    "timestamp": "unknown"
  },
  {
    "title": "Home",
    "link": "https://investors.biogen.com/",
    "timestamp": "unknown"
  },
  {
    "title": "Forward Looking Statement NoticeUpcoming EventsThere are no upcoming events available at this time.Past EventsSep ,EDTBiogen Participating in the Morg",
    "link": "https://investors.biogen.com/static-files/c6649f60--4c70-884e-fa49ba885b50",
    "timestamp": "unknown"
  },
  {
    "title": "Forward Looking Statement NoticeUpcoming EventsThere are no upcoming events available at this time.Past EventsSep ,EDTBiogen Participating in the Morg",
    "link": "https://investors.biogen.com/static-files/c6649f60--4c70-884e-fa49ba885b50",
    "timestamp": "unknown"
  },
  {
    "title": "Forward Looking Statement NoticeUpcoming EventsThere are no upcoming events available at this time.Past EventsSep ,EDTBiogen Participating in the Morg",
    "link": "https://investors.biogen.com/static-files/c6649f60--4c70-884e-fa49ba885b50",
    "timestamp": "unknown"
  },
  {
    "title": "Forward Looking Statement NoticeUpcoming EventsThere are no upcoming events available at this time.Past EventsSep ,EDTBiogen Participating in the Morg",
    "link": "https://investors.biogen.com/static-files/c6649f60--4c70-884e-fa49ba885b50",
    "timestamp": "unknown"
  },
  {
    "title": "Forward Looking Statement NoticeUpcoming EventsThere are no upcoming events available at this time.Past EventsSep ,EDTBiogen Participating in the Morg",
    "link": "https://investors.biogen.com/static-files/c6649f60--4c70-884e-fa49ba885b50",
    "timestamp": "unknown"
  },
  {
    "title": "Forward Looking Statement NoticeUpcoming EventsThere are no upcoming events available at this time.Past EventsSep ,EDTBiogen Participating in the Morg",
    "link": "https://investors.biogen.com/static-files/c6649f60--4c70-884e-fa49ba885b50",
    "timestamp": "unknown"
  },
  {
    "title": "Forward Looking Statement NoticeUpcoming EventsThere are no upcoming events available at this time.Past EventsSep ,EDTBiogen Participating in the Morg",
    "link": "https://investors.biogen.com/static-files/c6649f60--4c70-884e-fa49ba885b50",
    "timestamp": "unknown"
  },
  {
    "title": "Forward Looking Statement NoticeUpcoming EventsThere are no upcoming events available at this time.Past EventsSep ,EDTBiogen Participating in the Morg",
    "link": "https://investors.biogen.com/static-files/c6649f60--4c70-884e-fa49ba885b50",
    "timestamp": "unknown"
  },
  {
    "title": "Forward Looking Statement NoticeUpcoming EventsThere are no upcoming events available at this time.Past EventsSep ,EDTBiogen Participating in the Morg",
    "link": "https://investors.biogen.com/static-files/c6649f60--4c70-884e-fa49ba885b50",
    "timestamp": "unknown"
  },
  {
    "title": "Forward Looking Statement NoticeUpcoming EventsThere are no upcoming events available at this time.Past EventsSep ,EDTBiogen Participating in the Morg",
    "link": "https://investors.biogen.com/static-files/c6649f60--4c70-884e-fa49ba885b50",
    "timestamp": "unknown"
  },
  {
    "title": "Forward Looking Statement NoticeUpcoming EventsThere are no upcoming events available at this time.Past EventsSep ,EDTBiogen Participating in the Morg",
    "link": "https://investors.biogen.com/static-files/c6649f60--4c70-884e-fa49ba885b50",
    "timestamp": "unknown"
  },
  {
    "title": "Forward Looking Statement NoticeUpcoming EventsThere are no upcoming events available at this time.",
    "link": "https://investors.biogen.com/static-files/c6649f60--4c70-884e-fa49ba885b50",
    "timestamp": "unknown"
  },
  {
    "title": "Forward Looking Statement NoticeUpcoming EventsThere are no upcoming events available at this time.",
    "link": "https://investors.biogen.com/static-files/c6649f60--4c70-884e-fa49ba885b50",
    "timestamp": "unknown"
  },
  {
    "title": "Forward Looking Statement NoticeUpcoming EventsThere are no upcoming events available at this time.",
    "link": "https://investors.biogen.com/static-files/c6649f60--4c70-884e-fa49ba885b50",
    "timestamp": "unknown"
  },
  {
    "title": "Forward Looking Statement NoticeUpcoming EventsThere are no upcoming events available at this time.",
    "link": "https://investors.biogen.com/static-files/c6649f60--4c70-884e-fa49ba885b50",
    "timestamp": "unknown"
  },
  {
    "title": "Forward Looking Statement NoticeUpcoming EventsThere are no upcoming events available at this time.",
    "link": "https://investors.biogen.com/static-files/c6649f60--4c70-884e-fa49ba885b50",
    "timestamp": "unknown"
  },
  {
    "title": "Forward Looking Statement Notice",
    "link": "https://investors.biogen.com/static-files/c6649f60--4c70-884e-fa49ba885b50",
    "timestamp": "unknown"
  },
  {
    "title": "Forward Looking Statement Notice",
    "link": "https://investors.biogen.com/static-files/c6649f60--4c70-884e-fa49ba885b50",
    "timestamp": "unknown"
  },
  {
    "title": "Forward Looking Statement Notice",
    "link": "https://investors.biogen.com/static-files/c6649f60--4c70-884e-fa49ba885b50",
    "timestamp": "unknown"
  },
  {
    "title": "Forward Looking Statement Notice",
    "link": "https://investors.biogen.com/static-files/c6649f60--4c70-884e-fa49ba885b50",
    "timestamp": "unknown"
  },
  {
    "title": "Forward Looking Statement Notice",
    "link": "https://investors.biogen.com/static-files/c6649f60--4c70-884e-fa49ba885b50",
    "timestamp": "unknown"
  },
  {
    "title": "Past EventsSep ,EDTBiogen Participating in the Morgan Stanley 23rd Annual Global Healthcare ConferenceListen to webcastSep ,EDTBiogen Participating in",
    "link": "https://investors.biogen.com/events/event-details/biogen-participating-morgan-stanley-23rd-annual-global-healthcare-conference",
    "timestamp": "unknown"
  },
  {
    "title": "Past EventsSep ,EDTBiogen Participating in the Morgan Stanley 23rd Annual Global Healthcare ConferenceListen to webcastSep ,EDTBiogen Participating in",
    "link": "https://investors.biogen.com/events/event-details/biogen-participating-morgan-stanley-23rd-annual-global-healthcare-conference",
    "timestamp": "unknown"
  },
  {
    "title": "Past EventsSep ,EDTBiogen Participating in the Morgan Stanley 23rd Annual Global Healthcare ConferenceListen to webcastSep ,EDTBiogen Participating in",
    "link": "https://investors.biogen.com/events/event-details/biogen-participating-morgan-stanley-23rd-annual-global-healthcare-conference",
    "timestamp": "unknown"
  },
  {
    "title": "Past EventsSep ,EDTBiogen Participating in the Morgan Stanley 23rd Annual Global Healthcare ConferenceListen to webcastSep ,EDTBiogen Participating in",
    "link": "https://investors.biogen.com/events/event-details/biogen-participating-morgan-stanley-23rd-annual-global-healthcare-conference",
    "timestamp": "unknown"
  },
  {
    "title": "Past EventsSep ,EDTBiogen Participating in the Morgan Stanley 23rd Annual Global Healthcare ConferenceListen to webcastSep ,EDTBiogen Participating in",
    "link": "https://investors.biogen.com/events/event-details/biogen-participating-morgan-stanley-23rd-annual-global-healthcare-conference",
    "timestamp": "unknown"
  },
  {
    "title": "Past EventsSep ,EDTBiogen Participating in the Morgan Stanley 23rd Annual Global Healthcare ConferenceListen to webcastSep ,EDTBiogen Participating in",
    "link": "https://investors.biogen.com/events/event-details/biogen-participating-morgan-stanley-23rd-annual-global-healthcare-conference",
    "timestamp": "unknown"
  },
  {
    "title": "Past EventsSep ,EDTBiogen Participating in the Morgan Stanley 23rd Annual Global Healthcare ConferenceListen to webcastSep ,EDTBiogen Participating in",
    "link": "https://investors.biogen.com/events/event-details/biogen-participating-morgan-stanley-23rd-annual-global-healthcare-conference",
    "timestamp": "unknown"
  },
  {
    "title": "Sep ,EDTBiogen Participating in the Morgan Stanley 23rd Annual Global Healthcare ConferenceListen to webcastSep ,EDTBiogen Participating in the Cantor",
    "link": "https://investors.biogen.com/events/event-details/biogen-participating-morgan-stanley-23rd-annual-global-healthcare-conference",
    "timestamp": "unknown"
  },
  {
    "title": "Sep ,EDTBiogen Participating in the Morgan Stanley 23rd Annual Global Healthcare ConferenceListen to webcastSep ,EDTBiogen Participating in the Cantor",
    "link": "https://investors.biogen.com/events/event-details/biogen-participating-morgan-stanley-23rd-annual-global-healthcare-conference",
    "timestamp": "unknown"
  },
  {
    "title": "Sep ,EDTBiogen Participating in the Morgan Stanley 23rd Annual Global Healthcare ConferenceListen to webcastSep ,EDTBiogen Participating in the Cantor",
    "link": "https://investors.biogen.com/events/event-details/biogen-participating-morgan-stanley-23rd-annual-global-healthcare-conference",
    "timestamp": "unknown"
  },
  {
    "title": "Sep ,EDTBiogen Participating in the Morgan Stanley 23rd Annual Global Healthcare ConferenceListen to webcastSep ,EDTBiogen Participating in the Cantor",
    "link": "https://investors.biogen.com/events/event-details/biogen-participating-morgan-stanley-23rd-annual-global-healthcare-conference",
    "timestamp": "unknown"
  },
  {
    "title": "Sep ,EDTBiogen Participating in the Morgan Stanley 23rd Annual Global Healthcare ConferenceListen to webcastSep ,EDTBiogen Participating in the Cantor",
    "link": "https://investors.biogen.com/events/event-details/biogen-participating-morgan-stanley-23rd-annual-global-healthcare-conference",
    "timestamp": "unknown"
  },
  {
    "title": "Sep ,EDTBiogen Participating in the Morgan Stanley 23rd Annual Global Healthcare ConferenceListen to webcast",
    "link": "https://investors.biogen.com/events/event-details/biogen-participating-morgan-stanley-23rd-annual-global-healthcare-conference",
    "timestamp": "unknown"
  },
  {
    "title": "Sep ,EDTBiogen Participating in the Morgan Stanley 23rd Annual Global Healthcare ConferenceListen to webcast",
    "link": "https://investors.biogen.com/events/event-details/biogen-participating-morgan-stanley-23rd-annual-global-healthcare-conference",
    "timestamp": "unknown"
  },
  {
    "title": "Sep ,EDTBiogen Participating in the Morgan Stanley 23rd Annual Global Healthcare ConferenceListen to webcast",
    "link": "https://investors.biogen.com/events/event-details/biogen-participating-morgan-stanley-23rd-annual-global-healthcare-conference",
    "timestamp": "unknown"
  },
  {
    "title": "Biogen Participating in the Morgan Stanley 23rd Annual Global Healthcare ConferenceListen to webcast",
    "link": "https://investors.biogen.com/events/event-details/biogen-participating-morgan-stanley-23rd-annual-global-healthcare-conference",
    "timestamp": "unknown"
  },
  {
    "title": "Listen to webcast",
    "link": "https://event.webcasts.com/viewer/event.jsp?ei=&tp_key=9a18b3cf20",
    "timestamp": "unknown"
  },
  {
    "title": "Listen to webcast",
    "link": "https://event.webcasts.com/viewer/event.jsp?ei=&tp_key=9a18b3cf20",
    "timestamp": "unknown"
  },
  {
    "title": "Sep ,EDTBiogen Participating in the Cantor Global Healthcare ConferenceListen to webcast",
    "link": "https://investors.biogen.com/events/event-details/biogen-participating-cantor-global-healthcare-conference",
    "timestamp": "unknown"
  },
  {
    "title": "Sep ,EDTBiogen Participating in the Cantor Global Healthcare ConferenceListen to webcast",
    "link": "https://investors.biogen.com/events/event-details/biogen-participating-cantor-global-healthcare-conference",
    "timestamp": "unknown"
  },
  {
    "title": "Sep ,EDTBiogen Participating in the Cantor Global Healthcare ConferenceListen to webcast",
    "link": "https://investors.biogen.com/events/event-details/biogen-participating-cantor-global-healthcare-conference",
    "timestamp": "unknown"
  },
  {
    "title": "Biogen Participating in the Cantor Global Healthcare ConferenceListen to webcast",
    "link": "https://investors.biogen.com/events/event-details/biogen-participating-cantor-global-healthcare-conference",
    "timestamp": "unknown"
  },
  {
    "title": "Listen to webcast",
    "link": "https://sqps.onstreamsecure.com/origin/enliven/players/EnlivenPlayer.html?customerId=&eventId=&checkCompany=&checkEmail=&checkName=",
    "timestamp": "unknown"
  },
  {
    "title": "Listen to webcast",
    "link": "https://sqps.onstreamsecure.com/origin/enliven/players/EnlivenPlayer.html?customerId=&eventId=&checkCompany=&checkEmail=&checkName=",
    "timestamp": "unknown"
  },
  {
    "title": "Sep ,EDTBiogen Thematic Pipeline Seminar: LupusListen to webcastBiogen Thematic Pipeline Seminar: Lupus. MB",
    "link": "https://investors.biogen.com/events/event-details/biogen-thematic-pipeline-seminar-lupus",
    "timestamp": "unknown"
  },
  {
    "title": "Sep ,EDTBiogen Thematic Pipeline Seminar: LupusListen to webcastBiogen Thematic Pipeline Seminar: Lupus. MB",
    "link": "https://investors.biogen.com/events/event-details/biogen-thematic-pipeline-seminar-lupus",
    "timestamp": "unknown"
  },
  {
    "title": "Sep ,EDTBiogen Thematic Pipeline Seminar: LupusListen to webcastBiogen Thematic Pipeline Seminar: Lupus. MB",
    "link": "https://investors.biogen.com/events/event-details/biogen-thematic-pipeline-seminar-lupus",
    "timestamp": "unknown"
  },
  {
    "title": "Biogen Thematic Pipeline Seminar: LupusListen to webcastBiogen Thematic Pipeline Seminar: Lupus. MB",
    "link": "https://investors.biogen.com/events/event-details/biogen-thematic-pipeline-seminar-lupus",
    "timestamp": "unknown"
  },
  {
    "title": "Listen to webcast",
    "link": "https://event.webcasts.com/starthere.jsp?ei=&tp_key=44a3c0885c",
    "timestamp": "unknown"
  },
  {
    "title": "Listen to webcast",
    "link": "https://event.webcasts.com/starthere.jsp?ei=&tp_key=44a3c0885c",
    "timestamp": "unknown"
  },
  {
    "title": "Biogen Thematic Pipeline Seminar: Lupus. MB",
    "link": "https://investors.biogen.com/static-files/46900c9d-795d---728f4f846252",
    "timestamp": "unknown"
  },
  {
    "title": "Biogen Thematic Pipeline Seminar: Lupus. MB",
    "link": "https://investors.biogen.com/static-files/46900c9d-795d---728f4f846252",
    "timestamp": "unknown"
  },
  {
    "title": "Biogen Thematic Pipeline Seminar: Lupus. MB",
    "link": "https://investors.biogen.com/static-files/46900c9d-795d---728f4f846252",
    "timestamp": "unknown"
  },
  {
    "title": "Biogen Thematic Pipeline Seminar: Lupus. MB",
    "link": "https://investors.biogen.com/static-files/46900c9d-795d---728f4f846252",
    "timestamp": "unknown"
  },
  {
    "title": "Biogen Thematic Pipeline Seminar: Lupus. MB",
    "link": "https://investors.biogen.com/static-files/46900c9d-795d---728f4f846252",
    "timestamp": "unknown"
  },
  {
    "title": "Biogen Thematic Pipeline Seminar: Lupus. MB",
    "link": "https://investors.biogen.com/static-files/46900c9d-795d---728f4f846252",
    "timestamp": "unknown"
  },
  {
    "title": "Biogen Thematic Pipeline Seminar: Lupus. MB",
    "link": "https://investors.biogen.com/static-files/46900c9d-795d---728f4f846252",
    "timestamp": "unknown"
  },
  {
    "title": "Biogen Thematic Pipeline Seminar: Lupus. MB",
    "link": "https://investors.biogen.com/static-files/46900c9d-795d---728f4f846252",
    "timestamp": "unknown"
  },
  {
    "title": "Biogen Thematic Pipeline Seminar: Lupus. MB",
    "link": "https://investors.biogen.com/static-files/46900c9d-795d---728f4f846252",
    "timestamp": "unknown"
  },
  {
    "title": "Biogen Thematic Pipeline Seminar: Lupus. MB",
    "link": "https://investors.biogen.com/static-files/46900c9d-795d---728f4f846252",
    "timestamp": "unknown"
  },
  {
    "title": "Jul ,EDTQ2  Earnings Call WebcastListen to webcastPreliminary Q2  Acquired IPRD & Licensing Income (PDF). KBBiogen Reports Second Quarter  Results. KB",
    "link": "https://investors.biogen.com/events/event-details/q2--earnings-call-webcast",
    "timestamp": "unknown"
  },
  {
    "title": "Jul ,EDTQ2  Earnings Call WebcastListen to webcastPreliminary Q2  Acquired IPRD & Licensing Income (PDF). KBBiogen Reports Second Quarter  Results. KB",
    "link": "https://investors.biogen.com/events/event-details/q2--earnings-call-webcast",
    "timestamp": "unknown"
  },
  {
    "title": "Jul ,EDTQ2  Earnings Call WebcastListen to webcastPreliminary Q2  Acquired IPRD & Licensing Income (PDF). KBBiogen Reports Second Quarter  Results. KB",
    "link": "https://investors.biogen.com/events/event-details/q2--earnings-call-webcast",
    "timestamp": "unknown"
  },
  {
    "title": "Q2  Earnings Call WebcastListen to webcastPreliminary Q2  Acquired IPRD & Licensing Income (PDF). KBBiogen Reports Second Quarter  Results. KBQ2  Biog",
    "link": "https://investors.biogen.com/events/event-details/q2--earnings-call-webcast",
    "timestamp": "unknown"
  },
  {
    "title": "Listen to webcast",
    "link": "https://event.webcasts.com/starthere.jsp?ei=&tp_key=2a96712a67",
    "timestamp": "unknown"
  },
  {
    "title": "Listen to webcast",
    "link": "https://event.webcasts.com/starthere.jsp?ei=&tp_key=2a96712a67",
    "timestamp": "unknown"
  },
  {
    "title": "Preliminary Q2  Acquired IPRD & Licensing Income (PDF). KBBiogen Reports Second Quarter  Results. KBQ2  Biogen Earnings Presentation. MB",
    "link": "https://investors.biogen.com/static-files/57abfff1-0e47-4e27-b1c6-34c04956e8c1",
    "timestamp": "unknown"
  },
  {
    "title": "Preliminary Q2  Acquired IPRD & Licensing Income (PDF). KBBiogen Reports Second Quarter  Results. KBQ2  Biogen Earnings Presentation. MB",
    "link": "https://investors.biogen.com/static-files/57abfff1-0e47-4e27-b1c6-34c04956e8c1",
    "timestamp": "unknown"
  },
  {
    "title": "Preliminary Q2  Acquired IPRD & Licensing Income (PDF). KBBiogen Reports Second Quarter  Results. KBQ2  Biogen Earnings Presentation. MB",
    "link": "https://investors.biogen.com/static-files/57abfff1-0e47-4e27-b1c6-34c04956e8c1",
    "timestamp": "unknown"
  },
  {
    "title": "Preliminary Q2  Acquired IPRD & Licensing Income (PDF). KB",
    "link": "https://investors.biogen.com/static-files/57abfff1-0e47-4e27-b1c6-34c04956e8c1",
    "timestamp": "unknown"
  },
  {
    "title": "Preliminary Q2  Acquired IPRD & Licensing Income (PDF). KB",
    "link": "https://investors.biogen.com/static-files/57abfff1-0e47-4e27-b1c6-34c04956e8c1",
    "timestamp": "unknown"
  },
  {
    "title": "Preliminary Q2  Acquired IPRD & Licensing Income (PDF). KB",
    "link": "https://investors.biogen.com/static-files/57abfff1-0e47-4e27-b1c6-34c04956e8c1",
    "timestamp": "unknown"
  },
  {
    "title": "Preliminary Q2  Acquired IPRD & Licensing Income (PDF). KB",
    "link": "https://investors.biogen.com/static-files/57abfff1-0e47-4e27-b1c6-34c04956e8c1",
    "timestamp": "unknown"
  },
  {
    "title": "Preliminary Q2  Acquired IPRD & Licensing Income (PDF). KB",
    "link": "https://investors.biogen.com/static-files/57abfff1-0e47-4e27-b1c6-34c04956e8c1",
    "timestamp": "unknown"
  },
  {
    "title": "Preliminary Q2  Acquired IPRD & Licensing Income (PDF). KB",
    "link": "https://investors.biogen.com/static-files/57abfff1-0e47-4e27-b1c6-34c04956e8c1",
    "timestamp": "unknown"
  },
  {
    "title": "Preliminary Q2  Acquired IPRD & Licensing Income (PDF). KB",
    "link": "https://investors.biogen.com/static-files/57abfff1-0e47-4e27-b1c6-34c04956e8c1",
    "timestamp": "unknown"
  },
  {
    "title": "Biogen Reports Second Quarter  Results. KB",
    "link": "https://investors.biogen.com/static-files/55e019f0--4d3f-89b1-8e8a9e300ae5",
    "timestamp": "unknown"
  },
  {
    "title": "Biogen Reports Second Quarter  Results. KB",
    "link": "https://investors.biogen.com/static-files/55e019f0--4d3f-89b1-8e8a9e300ae5",
    "timestamp": "unknown"
  },
  {
    "title": "Biogen Reports Second Quarter  Results. KB",
    "link": "https://investors.biogen.com/static-files/55e019f0--4d3f-89b1-8e8a9e300ae5",
    "timestamp": "unknown"
  },
  {
    "title": "Biogen Reports Second Quarter  Results. KB",
    "link": "https://investors.biogen.com/static-files/55e019f0--4d3f-89b1-8e8a9e300ae5",
    "timestamp": "unknown"
  },
  {
    "title": "Biogen Reports Second Quarter  Results. KB",
    "link": "https://investors.biogen.com/static-files/55e019f0--4d3f-89b1-8e8a9e300ae5",
    "timestamp": "unknown"
  },
  {
    "title": "Biogen Reports Second Quarter  Results. KB",
    "link": "https://investors.biogen.com/static-files/55e019f0--4d3f-89b1-8e8a9e300ae5",
    "timestamp": "unknown"
  },
  {
    "title": "Biogen Reports Second Quarter  Results. KB",
    "link": "https://investors.biogen.com/static-files/55e019f0--4d3f-89b1-8e8a9e300ae5",
    "timestamp": "unknown"
  },
  {
    "title": "Q2  Biogen Earnings Presentation. MB",
    "link": "https://investors.biogen.com/static-files/a804d7db-140f-44bc-ba21-bc7dac0c4986",
    "timestamp": "unknown"
  },
  {
    "title": "Q2  Biogen Earnings Presentation. MB",
    "link": "https://investors.biogen.com/static-files/a804d7db-140f-44bc-ba21-bc7dac0c4986",
    "timestamp": "unknown"
  },
  {
    "title": "Q2  Biogen Earnings Presentation. MB",
    "link": "https://investors.biogen.com/static-files/a804d7db-140f-44bc-ba21-bc7dac0c4986",
    "timestamp": "unknown"
  },
  {
    "title": "Q2  Biogen Earnings Presentation. MB",
    "link": "https://investors.biogen.com/static-files/a804d7db-140f-44bc-ba21-bc7dac0c4986",
    "timestamp": "unknown"
  },
  {
    "title": "Q2  Biogen Earnings Presentation. MB",
    "link": "https://investors.biogen.com/static-files/a804d7db-140f-44bc-ba21-bc7dac0c4986",
    "timestamp": "unknown"
  },
  {
    "title": "Q2  Biogen Earnings Presentation. MB",
    "link": "https://investors.biogen.com/static-files/a804d7db-140f-44bc-ba21-bc7dac0c4986",
    "timestamp": "unknown"
  },
  {
    "title": "Q2  Biogen Earnings Presentation. MB",
    "link": "https://investors.biogen.com/static-files/a804d7db-140f-44bc-ba21-bc7dac0c4986",
    "timestamp": "unknown"
  },
  {
    "title": "Jun ,EDTBiogen Annual Stockholder MeetingListen to webcast",
    "link": "https://investors.biogen.com/events/event-details/biogen-annual-stockholder-meeting-",
    "timestamp": "unknown"
  },
  {
    "title": "Jun ,EDTBiogen Annual Stockholder MeetingListen to webcast",
    "link": "https://investors.biogen.com/events/event-details/biogen-annual-stockholder-meeting-",
    "timestamp": "unknown"
  },
  {
    "title": "Jun ,EDTBiogen Annual Stockholder MeetingListen to webcast",
    "link": "https://investors.biogen.com/events/event-details/biogen-annual-stockholder-meeting-",
    "timestamp": "unknown"
  },
  {
    "title": "Biogen Annual Stockholder MeetingListen to webcast",
    "link": "https://investors.biogen.com/events/event-details/biogen-annual-stockholder-meeting-",
    "timestamp": "unknown"
  },
  {
    "title": "Listen to webcast",
    "link": "https://east.virtualshareholdermeeting.com/vsm/web?pvskey=BIIB2025",
    "timestamp": "unknown"
  },
  {
    "title": "Listen to webcast",
    "link": "https://east.virtualshareholdermeeting.com/vsm/web?pvskey=BIIB2025",
    "timestamp": "unknown"
  },
  {
    "title": "Jun ,EDTBiogen Thematic Pipeline Seminar: Rare Kidney DiseaseListen to webcastBiogen Thematic Pipeline Seminar: Rare Kidney Disease. MB",
    "link": "https://investors.biogen.com/events/event-details/biogen-investor-pipeline-series-felzartamab-and-rare-disease",
    "timestamp": "unknown"
  },
  {
    "title": "Jun ,EDTBiogen Thematic Pipeline Seminar: Rare Kidney DiseaseListen to webcastBiogen Thematic Pipeline Seminar: Rare Kidney Disease. MB",
    "link": "https://investors.biogen.com/events/event-details/biogen-investor-pipeline-series-felzartamab-and-rare-disease",
    "timestamp": "unknown"
  },
  {
    "title": "Jun ,EDTBiogen Thematic Pipeline Seminar: Rare Kidney DiseaseListen to webcastBiogen Thematic Pipeline Seminar: Rare Kidney Disease. MB",
    "link": "https://investors.biogen.com/events/event-details/biogen-investor-pipeline-series-felzartamab-and-rare-disease",
    "timestamp": "unknown"
  },
  {
    "title": "Biogen Thematic Pipeline Seminar: Rare Kidney DiseaseListen to webcastBiogen Thematic Pipeline Seminar: Rare Kidney Disease. MB",
    "link": "https://investors.biogen.com/events/event-details/biogen-investor-pipeline-series-felzartamab-and-rare-disease",
    "timestamp": "unknown"
  },
  {
    "title": "Listen to webcast",
    "link": "https://event.webcasts.com/starthere.jsp?ei=&tp_key=9117a29566",
    "timestamp": "unknown"
  },
  {
    "title": "Listen to webcast",
    "link": "https://event.webcasts.com/starthere.jsp?ei=&tp_key=9117a29566",
    "timestamp": "unknown"
  },
  {
    "title": "Biogen Thematic Pipeline Seminar: Rare Kidney Disease. MB",
    "link": "https://investors.biogen.com/static-files/b1c16e69-3bc8-42df-b3c8-5de3d6c8c7c9",
    "timestamp": "unknown"
  },
  {
    "title": "Biogen Thematic Pipeline Seminar: Rare Kidney Disease. MB",
    "link": "https://investors.biogen.com/static-files/b1c16e69-3bc8-42df-b3c8-5de3d6c8c7c9",
    "timestamp": "unknown"
  },
  {
    "title": "Biogen Thematic Pipeline Seminar: Rare Kidney Disease. MB",
    "link": "https://investors.biogen.com/static-files/b1c16e69-3bc8-42df-b3c8-5de3d6c8c7c9",
    "timestamp": "unknown"
  },
  {
    "title": "Biogen Thematic Pipeline Seminar: Rare Kidney Disease. MB",
    "link": "https://investors.biogen.com/static-files/b1c16e69-3bc8-42df-b3c8-5de3d6c8c7c9",
    "timestamp": "unknown"
  },
  {
    "title": "Biogen Thematic Pipeline Seminar: Rare Kidney Disease. MB",
    "link": "https://investors.biogen.com/static-files/b1c16e69-3bc8-42df-b3c8-5de3d6c8c7c9",
    "timestamp": "unknown"
  },
  {
    "title": "Biogen Thematic Pipeline Seminar: Rare Kidney Disease. MB",
    "link": "https://investors.biogen.com/static-files/b1c16e69-3bc8-42df-b3c8-5de3d6c8c7c9",
    "timestamp": "unknown"
  },
  {
    "title": "Biogen Thematic Pipeline Seminar: Rare Kidney Disease. MB",
    "link": "https://investors.biogen.com/static-files/b1c16e69-3bc8-42df-b3c8-5de3d6c8c7c9",
    "timestamp": "unknown"
  },
  {
    "title": "Biogen Thematic Pipeline Seminar: Rare Kidney Disease. MB",
    "link": "https://investors.biogen.com/static-files/b1c16e69-3bc8-42df-b3c8-5de3d6c8c7c9",
    "timestamp": "unknown"
  },
  {
    "title": "Biogen Thematic Pipeline Seminar: Rare Kidney Disease. MB",
    "link": "https://investors.biogen.com/static-files/b1c16e69-3bc8-42df-b3c8-5de3d6c8c7c9",
    "timestamp": "unknown"
  },
  {
    "title": "Biogen Thematic Pipeline Seminar: Rare Kidney Disease. MB",
    "link": "https://investors.biogen.com/static-files/b1c16e69-3bc8-42df-b3c8-5de3d6c8c7c9",
    "timestamp": "unknown"
  },
  {
    "title": "Jun ,EDTBiogen at the Goldman Sachs 46th Annual Global Healthcare ConferenceListen to webcast",
    "link": "https://investors.biogen.com/events/event-details/biogen-participating-goldman-sachs-46th-annual-global-healthcare-conference",
    "timestamp": "unknown"
  },
  {
    "title": "Jun ,EDTBiogen at the Goldman Sachs 46th Annual Global Healthcare ConferenceListen to webcast",
    "link": "https://investors.biogen.com/events/event-details/biogen-participating-goldman-sachs-46th-annual-global-healthcare-conference",
    "timestamp": "unknown"
  },
  {
    "title": "Jun ,EDTBiogen at the Goldman Sachs 46th Annual Global Healthcare ConferenceListen to webcast",
    "link": "https://investors.biogen.com/events/event-details/biogen-participating-goldman-sachs-46th-annual-global-healthcare-conference",
    "timestamp": "unknown"
  },
  {
    "title": "Biogen at the Goldman Sachs 46th Annual Global Healthcare ConferenceListen to webcast",
    "link": "https://investors.biogen.com/events/event-details/biogen-participating-goldman-sachs-46th-annual-global-healthcare-conference",
    "timestamp": "unknown"
  },
  {
    "title": "Listen to webcast",
    "link": "https://event.webcasts.com/starthere.jsp?ei=&tp_key=86d56a02da&tp_special=",
    "timestamp": "unknown"
  },
  {
    "title": "Listen to webcast",
    "link": "https://event.webcasts.com/starthere.jsp?ei=&tp_key=86d56a02da&tp_special=",
    "timestamp": "unknown"
  },
  {
    "title": "May ,EDTQ1  Earnings Call WebcastListen to webcastBiogen Reports First Quarter  Results. KBQ1  Biogen Earnings Presentation. MB",
    "link": "https://investors.biogen.com/events/event-details/q1--earnings-call-webcast",
    "timestamp": "unknown"
  },
  {
    "title": "May ,EDTQ1  Earnings Call WebcastListen to webcastBiogen Reports First Quarter  Results. KBQ1  Biogen Earnings Presentation. MB",
    "link": "https://investors.biogen.com/events/event-details/q1--earnings-call-webcast",
    "timestamp": "unknown"
  },
  {
    "title": "May ,EDTQ1  Earnings Call WebcastListen to webcastBiogen Reports First Quarter  Results. KBQ1  Biogen Earnings Presentation. MB",
    "link": "https://investors.biogen.com/events/event-details/q1--earnings-call-webcast",
    "timestamp": "unknown"
  },
  {
    "title": "Q1  Earnings Call WebcastListen to webcastBiogen Reports First Quarter  Results. KBQ1  Biogen Earnings Presentation. MB",
    "link": "https://investors.biogen.com/events/event-details/q1--earnings-call-webcast",
    "timestamp": "unknown"
  },
  {
    "title": "Listen to webcast",
    "link": "https://event.webcasts.com/starthere.jsp?ei=&tp_key=a6d681fdcd",
    "timestamp": "unknown"
  },
  {
    "title": "Listen to webcast",
    "link": "https://event.webcasts.com/starthere.jsp?ei=&tp_key=a6d681fdcd",
    "timestamp": "unknown"
  },
  {
    "title": "Biogen Reports First Quarter  Results. KBQ1  Biogen Earnings Presentation. MB",
    "link": "https://investors.biogen.com/static-files/cbd0307c-c394-4d4a-a388-c7511bbacb8f",
    "timestamp": "unknown"
  },
  {
    "title": "Biogen Reports First Quarter  Results. KBQ1  Biogen Earnings Presentation. MB",
    "link": "https://investors.biogen.com/static-files/cbd0307c-c394-4d4a-a388-c7511bbacb8f",
    "timestamp": "unknown"
  },
  {
    "title": "Biogen Reports First Quarter  Results. KBQ1  Biogen Earnings Presentation. MB",
    "link": "https://investors.biogen.com/static-files/cbd0307c-c394-4d4a-a388-c7511bbacb8f",
    "timestamp": "unknown"
  },
  {
    "title": "Biogen Reports First Quarter  Results. KB",
    "link": "https://investors.biogen.com/static-files/cbd0307c-c394-4d4a-a388-c7511bbacb8f",
    "timestamp": "unknown"
  },
  {
    "title": "Biogen Reports First Quarter  Results. KB",
    "link": "https://investors.biogen.com/static-files/cbd0307c-c394-4d4a-a388-c7511bbacb8f",
    "timestamp": "unknown"
  },
  {
    "title": "Biogen Reports First Quarter  Results. KB",
    "link": "https://investors.biogen.com/static-files/cbd0307c-c394-4d4a-a388-c7511bbacb8f",
    "timestamp": "unknown"
  },
  {
    "title": "Biogen Reports First Quarter  Results. KB",
    "link": "https://investors.biogen.com/static-files/cbd0307c-c394-4d4a-a388-c7511bbacb8f",
    "timestamp": "unknown"
  },
  {
    "title": "Biogen Reports First Quarter  Results. KB",
    "link": "https://investors.biogen.com/static-files/cbd0307c-c394-4d4a-a388-c7511bbacb8f",
    "timestamp": "unknown"
  },
  {
    "title": "Biogen Reports First Quarter  Results. KB",
    "link": "https://investors.biogen.com/static-files/cbd0307c-c394-4d4a-a388-c7511bbacb8f",
    "timestamp": "unknown"
  },
  {
    "title": "Biogen Reports First Quarter  Results. KB",
    "link": "https://investors.biogen.com/static-files/cbd0307c-c394-4d4a-a388-c7511bbacb8f",
    "timestamp": "unknown"
  },
  {
    "title": "Q1  Biogen Earnings Presentation. MB",
    "link": "https://investors.biogen.com/static-files/f2c432d2--462d-b46a-c5ef89957a03",
    "timestamp": "unknown"
  },
  {
    "title": "Q1  Biogen Earnings Presentation. MB",
    "link": "https://investors.biogen.com/static-files/f2c432d2--462d-b46a-c5ef89957a03",
    "timestamp": "unknown"
  },
  {
    "title": "Q1  Biogen Earnings Presentation. MB",
    "link": "https://investors.biogen.com/static-files/f2c432d2--462d-b46a-c5ef89957a03",
    "timestamp": "unknown"
  },
  {
    "title": "Q1  Biogen Earnings Presentation. MB",
    "link": "https://investors.biogen.com/static-files/f2c432d2--462d-b46a-c5ef89957a03",
    "timestamp": "unknown"
  },
  {
    "title": "Q1  Biogen Earnings Presentation. MB",
    "link": "https://investors.biogen.com/static-files/f2c432d2--462d-b46a-c5ef89957a03",
    "timestamp": "unknown"
  },
  {
    "title": "Q1  Biogen Earnings Presentation. MB",
    "link": "https://investors.biogen.com/static-files/f2c432d2--462d-b46a-c5ef89957a03",
    "timestamp": "unknown"
  },
  {
    "title": "Q1  Biogen Earnings Presentation. MB",
    "link": "https://investors.biogen.com/static-files/f2c432d2--462d-b46a-c5ef89957a03",
    "timestamp": "unknown"
  },
  {
    "title": "Mar ,EDTBiogen Participating in the Stifel  Virtual CNS ForumListen to webcast",
    "link": "https://investors.biogen.com/events/event-details/biogen-participating-stifel--virtual-cns-forum",
    "timestamp": "unknown"
  },
  {
    "title": "Mar ,EDTBiogen Participating in the Stifel  Virtual CNS ForumListen to webcast",
    "link": "https://investors.biogen.com/events/event-details/biogen-participating-stifel--virtual-cns-forum",
    "timestamp": "unknown"
  },
  {
    "title": "Mar ,EDTBiogen Participating in the Stifel  Virtual CNS ForumListen to webcast",
    "link": "https://investors.biogen.com/events/event-details/biogen-participating-stifel--virtual-cns-forum",
    "timestamp": "unknown"
  },
  {
    "title": "Biogen Participating in the Stifel  Virtual CNS ForumListen to webcast",
    "link": "https://investors.biogen.com/events/event-details/biogen-participating-stifel--virtual-cns-forum",
    "timestamp": "unknown"
  },
  {
    "title": "Listen to webcast",
    "link": "https://wsw.com/webcast/stifel98/biib/",
    "timestamp": "unknown"
  },
  {
    "title": "Listen to webcast",
    "link": "https://wsw.com/webcast/stifel98/biib/",
    "timestamp": "unknown"
  },
  {
    "title": "Mar ,EDTBiogen at the Leerink Global Healthcare ConferenceListen to webcast",
    "link": "https://investors.biogen.com/events/event-details/biogen-leerink-global-healthcare-conference-",
    "timestamp": "unknown"
  },
  {
    "title": "Mar ,EDTBiogen at the Leerink Global Healthcare ConferenceListen to webcast",
    "link": "https://investors.biogen.com/events/event-details/biogen-leerink-global-healthcare-conference-",
    "timestamp": "unknown"
  },
  {
    "title": "Mar ,EDTBiogen at the Leerink Global Healthcare ConferenceListen to webcast",
    "link": "https://investors.biogen.com/events/event-details/biogen-leerink-global-healthcare-conference-",
    "timestamp": "unknown"
  },
  {
    "title": "Biogen at the Leerink Global Healthcare ConferenceListen to webcast",
    "link": "https://investors.biogen.com/events/event-details/biogen-leerink-global-healthcare-conference-",
    "timestamp": "unknown"
  },
  {
    "title": "Listen to webcast",
    "link": "https://wsw.com/webcast/leerink38/biib/",
    "timestamp": "unknown"
  },
  {
    "title": "Listen to webcast",
    "link": "https://wsw.com/webcast/leerink38/biib/",
    "timestamp": "unknown"
  },
  {
    "title": "PaginationCurrent pagePageNext page\u203aLast page\u00bb",
    "link": "https://investors.biogen.com/events-presentations/events?page=%2C0",
    "timestamp": "unknown"
  },
  {
    "title": "PaginationCurrent pagePageNext page\u203aLast page\u00bb",
    "link": "https://investors.biogen.com/events-presentations/events?page=%2C0",
    "timestamp": "unknown"
  },
  {
    "title": "PaginationCurrent pagePageNext page\u203aLast page\u00bb",
    "link": "https://investors.biogen.com/events-presentations/events?page=%2C0",
    "timestamp": "unknown"
  },
  {
    "title": "Current page",
    "link": "https://investors.biogen.com/events-presentations/events?page=%2C0",
    "timestamp": "unknown"
  },
  {
    "title": "Page",
    "link": "https://investors.biogen.com/events-presentations/events?page=%2C0",
    "timestamp": "unknown"
  },
  {
    "title": "Next page\u203a",
    "link": "https://investors.biogen.com/events-presentations/events?page=%2C0",
    "timestamp": "unknown"
  },
  {
    "title": "Last page\u00bb",
    "link": "https://investors.biogen.com/events-presentations/events?page=%2C0",
    "timestamp": "unknown"
  },
  {
    "title": "Stockholder CommunicationsE-mail AlertsFAQs",
    "link": "https://investors.biogen.com/governance/contact-the-board",
    "timestamp": "unknown"
  },
  {
    "title": "Stockholder CommunicationsE-mail AlertsFAQs",
    "link": "https://investors.biogen.com/governance/contact-the-board",
    "timestamp": "unknown"
  },
  {
    "title": "Stockholder CommunicationsE-mail AlertsFAQs",
    "link": "https://investors.biogen.com/governance/contact-the-board",
    "timestamp": "unknown"
  },
  {
    "title": "Stockholder CommunicationsE-mail AlertsFAQs",
    "link": "https://investors.biogen.com/governance/contact-the-board",
    "timestamp": "unknown"
  },
  {
    "title": "Stockholder CommunicationsE-mail AlertsFAQs",
    "link": "https://investors.biogen.com/governance/contact-the-board",
    "timestamp": "unknown"
  },
  {
    "title": "Stockholder CommunicationsE-mail AlertsFAQs",
    "link": "https://investors.biogen.com/governance/contact-the-board",
    "timestamp": "unknown"
  },
  {
    "title": "Stockholder CommunicationsE-mail AlertsFAQs",
    "link": "https://investors.biogen.com/governance/contact-the-board",
    "timestamp": "unknown"
  },
  {
    "title": "Stockholder Communications",
    "link": "https://investors.biogen.com/governance/contact-the-board",
    "timestamp": "unknown"
  },
  {
    "title": "Stockholder Communications",
    "link": "https://investors.biogen.com/governance/contact-the-board",
    "timestamp": "unknown"
  },
  {
    "title": "E-mail Alerts",
    "link": "https://investors.biogen.com/sign-up-for-alerts",
    "timestamp": "unknown"
  },
  {
    "title": "E-mail Alerts",
    "link": "https://investors.biogen.com/sign-up-for-alerts",
    "timestamp": "unknown"
  },
  {
    "title": "FAQs",
    "link": "https://investors.biogen.com/stock-information/investor-faqs",
    "timestamp": "unknown"
  },
  {
    "title": "FAQs",
    "link": "https://investors.biogen.com/stock-information/investor-faqs",
    "timestamp": "unknown"
  },
  {
    "title": "Learn more about our Events & Presentations",
    "link": "https://investors.biogen.com/events-presentations/events",
    "timestamp": "unknown"
  },
  {
    "title": "Learn more about our Events & Presentations",
    "link": "https://investors.biogen.com/events-presentations/events",
    "timestamp": "unknown"
  },
  {
    "title": "Learn more about our Events & Presentations",
    "link": "https://investors.biogen.com/events-presentations/events",
    "timestamp": "unknown"
  },
  {
    "title": "Learn more about our Events & Presentations",
    "link": "https://investors.biogen.com/events-presentations/events",
    "timestamp": "unknown"
  },
  {
    "title": "Learn more about our Events & Presentations",
    "link": "https://investors.biogen.com/events-presentations/events",
    "timestamp": "unknown"
  },
  {
    "title": "Learn more about our Events & Presentations",
    "link": "https://investors.biogen.com/events-presentations/events",
    "timestamp": "unknown"
  },
  {
    "title": "Learn more about our Events & Presentations",
    "link": "https://investors.biogen.com/events-presentations/events",
    "timestamp": "unknown"
  },
  {
    "title": "Learn more about our Events & Presentations",
    "link": "https://investors.biogen.com/events-presentations/events",
    "timestamp": "unknown"
  },
  {
    "title": "Learn more about our Events & Presentations",
    "link": "https://investors.biogen.com/events-presentations/events",
    "timestamp": "unknown"
  },
  {
    "title": "Learn more about our Events & Presentations",
    "link": "https://investors.biogen.com/events-presentations/events",
    "timestamp": "unknown"
  },
  {
    "title": "Learn more about our Events & Presentations",
    "link": "https://investors.biogen.com/events-presentations/events",
    "timestamp": "unknown"
  },
  {
    "title": "Learn more about our Events & Presentations",
    "link": "https://investors.biogen.com/events-presentations/events",
    "timestamp": "unknown"
  },
  {
    "title": "Information forMedical ProfessionalsInvestorsMediaJob SeekersGet in touchContact usBiogen InternationalExploreStoriesDisease AreasPipelineWe recommend",
    "link": "https://www.biogen.com/",
    "timestamp": "unknown"
  },
  {
    "title": "Information forMedical ProfessionalsInvestorsMediaJob SeekersGet in touchContact usBiogen InternationalExploreStoriesDisease AreasPipelineWe recommend",
    "link": "https://www.biogen.com/",
    "timestamp": "unknown"
  },
  {
    "title": "Information forMedical ProfessionalsInvestorsMediaJob SeekersGet in touchContact usBiogen InternationalExploreStoriesDisease AreasPipelineWe recommend",
    "link": "https://www.biogen.com/",
    "timestamp": "unknown"
  },
  {
    "title": "Information forMedical ProfessionalsInvestorsMediaJob SeekersGet in touchContact usBiogen InternationalExploreStoriesDisease AreasPipelineWe recommend",
    "link": "https://www.biogen.com/medical-professionals.html",
    "timestamp": "unknown"
  },
  {
    "title": "Information forMedical ProfessionalsInvestorsMediaJob SeekersGet in touchContact usBiogen InternationalExploreStoriesDisease AreasPipelineWe recommend",
    "link": "https://www.biogen.com/medical-professionals.html",
    "timestamp": "unknown"
  },
  {
    "title": "Information forMedical ProfessionalsInvestorsMediaJob Seekers",
    "link": "https://www.biogen.com/medical-professionals.html",
    "timestamp": "unknown"
  },
  {
    "title": "Medical Professionals",
    "link": "https://www.biogen.com/medical-professionals.html",
    "timestamp": "unknown"
  },
  {
    "title": "Investors",
    "link": "https://investors.biogen.com/",
    "timestamp": "unknown"
  },
  {
    "title": "Media",
    "link": "https://investors.biogen.com/news",
    "timestamp": "unknown"
  },
  {
    "title": "Job Seekers",
    "link": "https://www.biogen.com/careers.html",
    "timestamp": "unknown"
  },
  {
    "title": "Get in touchContact usBiogen International",
    "link": "https://www.biogen.com/company/contact-us.html",
    "timestamp": "unknown"
  },
  {
    "title": "Contact us",
    "link": "https://www.biogen.com/company/contact-us.html",
    "timestamp": "unknown"
  },
  {
    "title": "Biogen International",
    "link": "https://www.biogen.com/biogen-international.html",
    "timestamp": "unknown"
  },
  {
    "title": "ExploreStoriesDisease AreasPipeline",
    "link": "https://www.biogen.com/stories.html",
    "timestamp": "unknown"
  },
  {
    "title": "Stories",
    "link": "https://www.biogen.com/stories.html",
    "timestamp": "unknown"
  },
  {
    "title": "Disease Areas",
    "link": "https://www.biogen.com/science-and-innovation/disease-areas.html",
    "timestamp": "unknown"
  },
  {
    "title": "Pipeline",
    "link": "https://www.biogen.com/science-and-innovation/pipeline.html",
    "timestamp": "unknown"
  },
  {
    "title": "We recommendBiogen FoundationESG ReportReporting and PrinciplesAccess & Health Equity",
    "link": "https://www.biogen.com/company/biogen-foundation.html",
    "timestamp": "unknown"
  },
  {
    "title": "Biogen Foundation",
    "link": "https://www.biogen.com/company/biogen-foundation.html",
    "timestamp": "unknown"
  },
  {
    "title": "ESG Report",
    "link": "https://www.biogen.com/responsibility/reporting-and-principles/esg-report.html",
    "timestamp": "unknown"
  },
  {
    "title": "Reporting and Principles",
    "link": "https://www.biogen.com/responsibility/reporting-and-principles.html",
    "timestamp": "unknown"
  },
  {
    "title": "Access & Health Equity",
    "link": "https://www.biogen.com/responsibility/access-and-health-equity.html",
    "timestamp": "unknown"
  },
  {
    "title": "Information forMedical ProfessionalsInvestorsMediaJob SeekersGet in touchContact usBiogen InternationalExploreStoriesDisease AreasPipelineWe recommend",
    "link": "https://www.biogen.com/",
    "timestamp": "unknown"
  },
  {
    "title": "Information forMedical ProfessionalsInvestorsMediaJob SeekersGet in touchContact usBiogen InternationalExploreStoriesDisease AreasPipelineWe recommend",
    "link": "https://investors.biogen.com/events-presentations/events",
    "timestamp": "unknown"
  },
  {
    "title": "Information forMedical ProfessionalsInvestorsMediaJob Seekers",
    "link": "https://investors.biogen.com/events-presentations/events",
    "timestamp": "unknown"
  },
  {
    "title": "Medical Professionals",
    "link": "https://www.biogen.com/medical-professionals.html",
    "timestamp": "unknown"
  },
  {
    "title": "Investors",
    "link": "https://investors.biogen.com/",
    "timestamp": "unknown"
  },
  {
    "title": "Media",
    "link": "https://investors.biogen.com/news",
    "timestamp": "unknown"
  },
  {
    "title": "Job Seekers",
    "link": "https://www.biogen.com/careers.html",
    "timestamp": "unknown"
  },
  {
    "title": "Get in touchContact usBiogen International",
    "link": "https://investors.biogen.com/events-presentations/events",
    "timestamp": "unknown"
  },
  {
    "title": "Contact us",
    "link": "https://www.biogen.com/company/contact-us.html",
    "timestamp": "unknown"
  },
  {
    "title": "Biogen International",
    "link": "https://www.biogen.com/biogen-international.html",
    "timestamp": "unknown"
  },
  {
    "title": "ExploreStoriesDisease AreasPipeline",
    "link": "https://investors.biogen.com/events-presentations/events",
    "timestamp": "unknown"
  },
  {
    "title": "Stories",
    "link": "https://www.biogen.com/stories.html",
    "timestamp": "unknown"
  },
  {
    "title": "Disease Areas",
    "link": "https://www.biogen.com/science-and-innovation/disease-areas.html",
    "timestamp": "unknown"
  },
  {
    "title": "Pipeline",
    "link": "https://www.biogen.com/science-and-innovation/pipeline.html",
    "timestamp": "unknown"
  },
  {
    "title": "We recommendBiogen FoundationESG ReportReporting and PrinciplesAccess & Health Equity",
    "link": "https://investors.biogen.com/events-presentations/events",
    "timestamp": "unknown"
  },
  {
    "title": "Biogen Foundation",
    "link": "https://www.biogen.com/company/biogen-foundation.html",
    "timestamp": "unknown"
  },
  {
    "title": "ESG Report",
    "link": "https://www.biogen.com/responsibility/reporting-and-principles/esg-report.html",
    "timestamp": "unknown"
  },
  {
    "title": "Reporting and Principles",
    "link": "https://www.biogen.com/responsibility/reporting-and-principles.html",
    "timestamp": "unknown"
  },
  {
    "title": "Access & Health Equity",
    "link": "https://www.biogen.com/responsibility/access-and-health-equity.html",
    "timestamp": "unknown"
  },
  {
    "title": "Terms & Conditions",
    "link": "https://www.biogen.com/terms-and-conditions.html",
    "timestamp": "unknown"
  },
  {
    "title": "Privacy Center",
    "link": "https://www.biogen.com/privacy-center.html",
    "timestamp": "unknown"
  },
  {
    "title": "Notice to CA Residents",
    "link": "https://www.biogen.com/privacy-center/california-policy.html",
    "timestamp": "unknown"
  },
  {
    "title": "Forward-looking Statement",
    "link": "https://www.biogen.com/forward-looking-statements.html",
    "timestamp": "unknown"
  },
  {
    "title": "Community Guidelines",
    "link": "https://www.biogen.com/community-guidelines.html",
    "timestamp": "unknown"
  }
]