[
  {
    "title": "OverviewNewsEvents & PresentationsEventsPresentationsEvents & PresentationsFinancialsSEC FilingsAnnual ReportsStock InformationStock Quote & ChartInve",
    "link": "https://www.biogen.com/",
    "timestamp": "unknown"
  },
  {
    "title": "OverviewNewsEvents & PresentationsEventsPresentationsEvents & PresentationsFinancialsSEC FilingsAnnual ReportsStock InformationStock Quote & ChartInve",
    "link": "https://www.biogen.com/",
    "timestamp": "unknown"
  },
  {
    "title": "Overview",
    "link": "https://investors.biogen.com/",
    "timestamp": "unknown"
  },
  {
    "title": "News",
    "link": "https://investors.biogen.com/news/news-releases",
    "timestamp": "unknown"
  },
  {
    "title": "Events & PresentationsEventsPresentationsEvents & Presentations",
    "link": "https://investors.biogen.com/events-presentations/events",
    "timestamp": "unknown"
  },
  {
    "title": "EventsPresentationsEvents & Presentations",
    "link": "https://investors.biogen.com/events-presentations/events",
    "timestamp": "unknown"
  },
  {
    "title": "EventsPresentationsEvents & Presentations",
    "link": "https://investors.biogen.com/events-presentations/events",
    "timestamp": "unknown"
  },
  {
    "title": "EventsPresentationsEvents & Presentations",
    "link": "https://investors.biogen.com/events-presentations/events",
    "timestamp": "unknown"
  },
  {
    "title": "EventsPresentationsEvents & Presentations",
    "link": "https://investors.biogen.com/events-presentations/events",
    "timestamp": "unknown"
  },
  {
    "title": "Events",
    "link": "https://investors.biogen.com/events-presentations/events",
    "timestamp": "unknown"
  },
  {
    "title": "Presentations",
    "link": "https://investors.biogen.com/events-presentations/presentations",
    "timestamp": "unknown"
  },
  {
    "title": "FinancialsSEC FilingsAnnual Reports",
    "link": "https://investors.biogen.com/financials/sec-filings",
    "timestamp": "unknown"
  },
  {
    "title": "SEC FilingsAnnual Reports",
    "link": "https://investors.biogen.com/financials/sec-filings",
    "timestamp": "unknown"
  },
  {
    "title": "SEC FilingsAnnual Reports",
    "link": "https://investors.biogen.com/financials/sec-filings",
    "timestamp": "unknown"
  },
  {
    "title": "SEC FilingsAnnual Reports",
    "link": "https://investors.biogen.com/financials/sec-filings",
    "timestamp": "unknown"
  },
  {
    "title": "SEC FilingsAnnual Reports",
    "link": "https://investors.biogen.com/financials/sec-filings",
    "timestamp": "unknown"
  },
  {
    "title": "SEC Filings",
    "link": "https://investors.biogen.com/financials/sec-filings",
    "timestamp": "unknown"
  },
  {
    "title": "Annual Reports",
    "link": "https://investors.biogen.com/financials/annual-reports",
    "timestamp": "unknown"
  },
  {
    "title": "Stock InformationStock Quote & ChartInvestor FAQs",
    "link": "https://investors.biogen.com/stock-information/stock-chart",
    "timestamp": "unknown"
  },
  {
    "title": "Stock Quote & ChartInvestor FAQs",
    "link": "https://investors.biogen.com/stock-information/stock-chart",
    "timestamp": "unknown"
  },
  {
    "title": "Stock Quote & ChartInvestor FAQs",
    "link": "https://investors.biogen.com/stock-information/stock-chart",
    "timestamp": "unknown"
  },
  {
    "title": "Stock Quote & ChartInvestor FAQs",
    "link": "https://investors.biogen.com/stock-information/stock-chart",
    "timestamp": "unknown"
  },
  {
    "title": "Stock Quote & ChartInvestor FAQs",
    "link": "https://investors.biogen.com/stock-information/stock-chart",
    "timestamp": "unknown"
  },
  {
    "title": "Stock Quote & Chart",
    "link": "https://investors.biogen.com/stock-information/stock-chart",
    "timestamp": "unknown"
  },
  {
    "title": "Investor FAQs",
    "link": "https://investors.biogen.com/stock-information/investor-faqs",
    "timestamp": "unknown"
  },
  {
    "title": "Corporate GovernanceGovernance DocumentsCommittee CompositionLeadershipCode of Business ConductESG ReportCorporate ResponsibilityContact the Board",
    "link": "https://investors.biogen.com/governance/governance-documents",
    "timestamp": "unknown"
  },
  {
    "title": "Governance DocumentsCommittee CompositionLeadershipCode of Business ConductESG ReportCorporate ResponsibilityContact the Board",
    "link": "https://investors.biogen.com/governance/governance-documents",
    "timestamp": "unknown"
  },
  {
    "title": "Governance DocumentsCommittee CompositionLeadershipCode of Business ConductESG ReportCorporate ResponsibilityContact the Board",
    "link": "https://investors.biogen.com/governance/governance-documents",
    "timestamp": "unknown"
  },
  {
    "title": "Governance DocumentsCommittee CompositionLeadershipCode of Business ConductESG ReportCorporate ResponsibilityContact the Board",
    "link": "https://investors.biogen.com/governance/governance-documents",
    "timestamp": "unknown"
  },
  {
    "title": "Governance DocumentsCommittee CompositionLeadershipCode of Business ConductESG ReportCorporate ResponsibilityContact the Board",
    "link": "https://investors.biogen.com/governance/governance-documents",
    "timestamp": "unknown"
  },
  {
    "title": "Governance Documents",
    "link": "https://investors.biogen.com/governance/governance-documents",
    "timestamp": "unknown"
  },
  {
    "title": "Committee Composition",
    "link": "https://investors.biogen.com/governance/committee-composition",
    "timestamp": "unknown"
  },
  {
    "title": "Leadership",
    "link": "https://www.biogen.com/company/leadership.html?tag=leadership-team",
    "timestamp": "unknown"
  },
  {
    "title": "Code of Business Conduct",
    "link": "https://www.biogen.com/responsibility/reporting-and-principles/code-of-business-conduct.html",
    "timestamp": "unknown"
  },
  {
    "title": "ESG Report",
    "link": "https://www.biogen.com/responsibility/reporting-and-principles/esg-report.html",
    "timestamp": "unknown"
  },
  {
    "title": "Corporate Responsibility",
    "link": "https://www.biogen.com/responsibility.html",
    "timestamp": "unknown"
  },
  {
    "title": "Contact the Board",
    "link": "https://investors.biogen.com/governance/contact-the-board",
    "timestamp": "unknown"
  },
  {
    "title": "Sign UpInvestorsAmericasArgentinaBrazilCanada EN | FRColombiaMexicoUnited StatesUruguayAsia PacificAustraliaChinaJapanNew ZealandSouth KoreaTaiwanEuro",
    "link": "https://investors.biogen.com/sign-up-for-alerts",
    "timestamp": "unknown"
  },
  {
    "title": "Sign Up",
    "link": "https://investors.biogen.com/sign-up-for-alerts",
    "timestamp": "unknown"
  },
  {
    "title": "InvestorsAmericasArgentinaBrazilCanada EN | FRColombiaMexicoUnited StatesUruguayAsia PacificAustraliaChinaJapanNew ZealandSouth KoreaTaiwanEuropeAustr",
    "link": "https://investors.biogen.com/events-presentations/presentations",
    "timestamp": "unknown"
  },
  {
    "title": "InvestorsAmericasArgentinaBrazilCanada EN | FRColombiaMexicoUnited StatesUruguayAsia PacificAustraliaChinaJapanNew ZealandSouth KoreaTaiwanEuropeAustr",
    "link": "https://investors.biogen.com/events-presentations/presentations",
    "timestamp": "unknown"
  },
  {
    "title": "AmericasArgentinaBrazilCanada EN | FRColombiaMexicoUnited StatesUruguayAsia PacificAustraliaChinaJapanNew ZealandSouth KoreaTaiwanEuropeAustriaBelgium",
    "link": "https://ar.biogen.com/",
    "timestamp": "unknown"
  },
  {
    "title": "AmericasArgentinaBrazilCanada EN | FRColombiaMexicoUnited StatesUruguayAsia PacificAustraliaChinaJapanNew ZealandSouth KoreaTaiwanEuropeAustriaBelgium",
    "link": "https://ar.biogen.com/",
    "timestamp": "unknown"
  },
  {
    "title": "AmericasArgentinaBrazilCanada EN | FRColombiaMexicoUnited StatesUruguayAsia PacificAustraliaChinaJapanNew ZealandSouth KoreaTaiwanEuropeAustriaBelgium",
    "link": "https://ar.biogen.com/",
    "timestamp": "unknown"
  },
  {
    "title": "AmericasArgentinaBrazilCanada EN | FRColombiaMexicoUnited StatesUruguayAsia PacificAustraliaChinaJapanNew ZealandSouth KoreaTaiwanEuropeAustriaBelgium",
    "link": "https://ar.biogen.com/",
    "timestamp": "unknown"
  },
  {
    "title": "OverviewNewsEvents & PresentationsEventsPresentationsEvents & PresentationsFinancialsSEC FilingsAnnual ReportsStock InformationStock Quote & ChartInve",
    "link": "https://investors.biogen.com/events-presentations/presentations",
    "timestamp": "unknown"
  },
  {
    "title": "Overview",
    "link": "https://investors.biogen.com/events-presentations/presentations",
    "timestamp": "unknown"
  },
  {
    "title": "News",
    "link": "https://investors.biogen.com/events-presentations/presentations",
    "timestamp": "unknown"
  },
  {
    "title": "Events & PresentationsEventsPresentationsEvents & Presentations",
    "link": "https://investors.biogen.com/events-presentations/presentations",
    "timestamp": "unknown"
  },
  {
    "title": "EventsPresentationsEvents & Presentations",
    "link": "https://investors.biogen.com/events-presentations/events",
    "timestamp": "unknown"
  },
  {
    "title": "FinancialsSEC FilingsAnnual Reports",
    "link": "https://investors.biogen.com/events-presentations/presentations",
    "timestamp": "unknown"
  },
  {
    "title": "SEC FilingsAnnual Reports",
    "link": "https://investors.biogen.com/financials/sec-filings",
    "timestamp": "unknown"
  },
  {
    "title": "Stock InformationStock Quote & ChartInvestor FAQs",
    "link": "https://investors.biogen.com/events-presentations/presentations",
    "timestamp": "unknown"
  },
  {
    "title": "Stock Quote & ChartInvestor FAQs",
    "link": "https://investors.biogen.com/stock-information/stock-chart",
    "timestamp": "unknown"
  },
  {
    "title": "Corporate GovernanceGovernance DocumentsCommittee CompositionLeadershipCode of Business ConductESG ReportCorporate ResponsibilityContact the Board",
    "link": "https://investors.biogen.com/events-presentations/presentations",
    "timestamp": "unknown"
  },
  {
    "title": "Governance DocumentsCommittee CompositionLeadershipCode of Business ConductESG ReportCorporate ResponsibilityContact the Board",
    "link": "https://investors.biogen.com/governance/governance-documents",
    "timestamp": "unknown"
  },
  {
    "title": "InvestorsAmericasArgentinaBrazilCanada EN | FRColombiaMexicoUnited StatesUruguayAsia PacificAustraliaChinaJapanNew ZealandSouth KoreaTaiwanEuropeAustr",
    "link": "https://investors.biogen.com/",
    "timestamp": "unknown"
  },
  {
    "title": "InvestorsAmericasArgentinaBrazilCanada EN | FRColombiaMexicoUnited StatesUruguayAsia PacificAustraliaChinaJapanNew ZealandSouth KoreaTaiwanEuropeAustr",
    "link": "https://investors.biogen.com/",
    "timestamp": "unknown"
  },
  {
    "title": "AmericasArgentinaBrazilCanada EN | FRColombiaMexicoUnited StatesUruguay",
    "link": "https://investors.biogen.com/events-presentations/presentations",
    "timestamp": "unknown"
  },
  {
    "title": "Argentina",
    "link": "https://ar.biogen.com/",
    "timestamp": "unknown"
  },
  {
    "title": "Brazil",
    "link": "https://br.biogen.com/",
    "timestamp": "unknown"
  },
  {
    "title": "Canada EN | FR",
    "link": "https://www.biogen.ca/",
    "timestamp": "unknown"
  },
  {
    "title": "Colombia",
    "link": "https://www.biibcolombia.co/",
    "timestamp": "unknown"
  },
  {
    "title": "Mexico",
    "link": "https://www.biogen.com.mx/",
    "timestamp": "unknown"
  },
  {
    "title": "United States",
    "link": "https://www.biogen.com/",
    "timestamp": "unknown"
  },
  {
    "title": "Uruguay",
    "link": "https://www.biogen.uy/",
    "timestamp": "unknown"
  },
  {
    "title": "Asia PacificAustraliaChinaJapanNew ZealandSouth KoreaTaiwan",
    "link": "https://investors.biogen.com/events-presentations/presentations",
    "timestamp": "unknown"
  },
  {
    "title": "Australia",
    "link": "https://www.biogen.com.au/",
    "timestamp": "unknown"
  },
  {
    "title": "China",
    "link": "https://www.biogen.cn/",
    "timestamp": "unknown"
  },
  {
    "title": "Japan",
    "link": "https://www.biogen.co.jp/",
    "timestamp": "unknown"
  },
  {
    "title": "New Zealand",
    "link": "https://www.biogen.co.nz/",
    "timestamp": "unknown"
  },
  {
    "title": "South Korea",
    "link": "https://kr.biogen.com/",
    "timestamp": "unknown"
  },
  {
    "title": "Taiwan",
    "link": "https://www.biogen.tw/",
    "timestamp": "unknown"
  },
  {
    "title": "EuropeAustriaBelgium NL | FRCroatiaCzech RepublicDenmarkEstoniaFinlandFranceGermanyHungaryIrelandItalyLatviaLithuaniaNetherlandsNorwayPolandPortugalSl",
    "link": "https://investors.biogen.com/events-presentations/presentations",
    "timestamp": "unknown"
  },
  {
    "title": "Austria",
    "link": "https://www.biogen.at/",
    "timestamp": "unknown"
  },
  {
    "title": "Belgium NL | FR",
    "link": "https://www.biogen.be/",
    "timestamp": "unknown"
  },
  {
    "title": "Croatia",
    "link": "https://www.biogen.hr/",
    "timestamp": "unknown"
  },
  {
    "title": "Czech Republic",
    "link": "https://www.biogen.com.cz/",
    "timestamp": "unknown"
  },
  {
    "title": "Denmark",
    "link": "https://www.biogen.dk/",
    "timestamp": "unknown"
  },
  {
    "title": "Estonia",
    "link": "https://www.biogen.ee/",
    "timestamp": "unknown"
  },
  {
    "title": "Finland",
    "link": "https://www.biogen.fi/",
    "timestamp": "unknown"
  },
  {
    "title": "France",
    "link": "https://www.biogen.fr/",
    "timestamp": "unknown"
  },
  {
    "title": "Germany",
    "link": "https://www.biogen.de/",
    "timestamp": "unknown"
  },
  {
    "title": "Hungary",
    "link": "https://www.biogen.hu/",
    "timestamp": "unknown"
  },
  {
    "title": "Ireland",
    "link": "https://www.biogen.ie/",
    "timestamp": "unknown"
  },
  {
    "title": "Italy",
    "link": "https://www.biogenitalia.it/",
    "timestamp": "unknown"
  },
  {
    "title": "Latvia",
    "link": "https://www.biogen.lv/",
    "timestamp": "unknown"
  },
  {
    "title": "Lithuania",
    "link": "https://www.biogen.lt/",
    "timestamp": "unknown"
  },
  {
    "title": "Netherlands",
    "link": "https://www.biogen.nl/",
    "timestamp": "unknown"
  },
  {
    "title": "Norway",
    "link": "https://www.biogen.no/",
    "timestamp": "unknown"
  },
  {
    "title": "Poland",
    "link": "https://www.biogen-poland.pl/",
    "timestamp": "unknown"
  },
  {
    "title": "Portugal",
    "link": "https://www.biogen.pt/",
    "timestamp": "unknown"
  },
  {
    "title": "Slovakia",
    "link": "https://www.biogen.sk/",
    "timestamp": "unknown"
  },
  {
    "title": "Slovenia",
    "link": "https://www.biogen-pharma.si/",
    "timestamp": "unknown"
  },
  {
    "title": "Spain",
    "link": "https://www.biogen.com.es/",
    "timestamp": "unknown"
  },
  {
    "title": "Sweden",
    "link": "https://www.biogen.se/",
    "timestamp": "unknown"
  },
  {
    "title": "Switzerland DE | FR",
    "link": "https://www.biogen.ch/",
    "timestamp": "unknown"
  },
  {
    "title": "United Kingdom",
    "link": "https://www.biogen.uk.com/",
    "timestamp": "unknown"
  },
  {
    "title": "Middle EastSaudi ArabiaUnited Arab Emirates",
    "link": "https://investors.biogen.com/events-presentations/presentations",
    "timestamp": "unknown"
  },
  {
    "title": "Saudi Arabia",
    "link": "https://www.biogen-sa.com/",
    "timestamp": "unknown"
  },
  {
    "title": "United Arab Emirates",
    "link": "https://www.biogen-gulf.com/",
    "timestamp": "unknown"
  },
  {
    "title": "InternationalGlobal websiteInternational HQ",
    "link": "https://investors.biogen.com/events-presentations/presentations",
    "timestamp": "unknown"
  },
  {
    "title": "Global website",
    "link": "https://www.biogen.com/",
    "timestamp": "unknown"
  },
  {
    "title": "International HQ",
    "link": "https://www.biogen.com/biogen-international.html",
    "timestamp": "unknown"
  },
  {
    "title": "BreadcrumbHomePresentations",
    "link": "https://investors.biogen.com/",
    "timestamp": "unknown"
  },
  {
    "title": "BreadcrumbHomePresentations",
    "link": "https://investors.biogen.com/",
    "timestamp": "unknown"
  },
  {
    "title": "BreadcrumbHomePresentations",
    "link": "https://investors.biogen.com/",
    "timestamp": "unknown"
  },
  {
    "title": "BreadcrumbHomePresentations",
    "link": "https://investors.biogen.com/",
    "timestamp": "unknown"
  },
  {
    "title": "BreadcrumbHomePresentations",
    "link": "https://investors.biogen.com/",
    "timestamp": "unknown"
  },
  {
    "title": "BreadcrumbHomePresentations",
    "link": "https://investors.biogen.com/",
    "timestamp": "unknown"
  },
  {
    "title": "BreadcrumbHomePresentations",
    "link": "https://investors.biogen.com/",
    "timestamp": "unknown"
  },
  {
    "title": "BreadcrumbHomePresentations",
    "link": "https://investors.biogen.com/",
    "timestamp": "unknown"
  },
  {
    "title": "BreadcrumbHomePresentations",
    "link": "https://investors.biogen.com/",
    "timestamp": "unknown"
  },
  {
    "title": "Home",
    "link": "https://investors.biogen.com/",
    "timestamp": "unknown"
  },
  {
    "title": "Earnings PresentationsOct ,Q3  Biogen Earnings PresentationJul ,Q2  Biogen Earnings PresentationMay ,Q1  Biogen Earnings PresentationFeb ,Q4 and Full ",
    "link": "https://investors.biogen.com/static-files/c69e63ba-3b7d--8a32-f7fc166249a4",
    "timestamp": "unknown"
  },
  {
    "title": "Earnings PresentationsOct ,Q3  Biogen Earnings PresentationJul ,Q2  Biogen Earnings PresentationMay ,Q1  Biogen Earnings PresentationFeb ,Q4 and Full ",
    "link": "https://investors.biogen.com/static-files/c69e63ba-3b7d--8a32-f7fc166249a4",
    "timestamp": "unknown"
  },
  {
    "title": "Earnings PresentationsOct ,Q3  Biogen Earnings PresentationJul ,Q2  Biogen Earnings PresentationMay ,Q1  Biogen Earnings PresentationFeb ,Q4 and Full ",
    "link": "https://investors.biogen.com/static-files/c69e63ba-3b7d--8a32-f7fc166249a4",
    "timestamp": "unknown"
  },
  {
    "title": "Earnings PresentationsOct ,Q3  Biogen Earnings PresentationJul ,Q2  Biogen Earnings PresentationMay ,Q1  Biogen Earnings PresentationFeb ,Q4 and Full ",
    "link": "https://investors.biogen.com/static-files/c69e63ba-3b7d--8a32-f7fc166249a4",
    "timestamp": "unknown"
  },
  {
    "title": "Earnings PresentationsOct ,Q3  Biogen Earnings PresentationJul ,Q2  Biogen Earnings PresentationMay ,Q1  Biogen Earnings PresentationFeb ,Q4 and Full ",
    "link": "https://investors.biogen.com/static-files/c69e63ba-3b7d--8a32-f7fc166249a4",
    "timestamp": "unknown"
  },
  {
    "title": "Earnings PresentationsOct ,Q3  Biogen Earnings PresentationJul ,Q2  Biogen Earnings PresentationMay ,Q1  Biogen Earnings PresentationFeb ,Q4 and Full ",
    "link": "https://investors.biogen.com/static-files/c69e63ba-3b7d--8a32-f7fc166249a4",
    "timestamp": "unknown"
  },
  {
    "title": "Earnings PresentationsOct ,Q3  Biogen Earnings PresentationJul ,Q2  Biogen Earnings PresentationMay ,Q1  Biogen Earnings PresentationFeb ,Q4 and Full ",
    "link": "https://investors.biogen.com/static-files/c69e63ba-3b7d--8a32-f7fc166249a4",
    "timestamp": "unknown"
  },
  {
    "title": "Earnings PresentationsOct ,Q3  Biogen Earnings PresentationJul ,Q2  Biogen Earnings PresentationMay ,Q1  Biogen Earnings PresentationFeb ,Q4 and Full ",
    "link": "https://investors.biogen.com/static-files/c69e63ba-3b7d--8a32-f7fc166249a4",
    "timestamp": "unknown"
  },
  {
    "title": "Earnings PresentationsOct ,Q3  Biogen Earnings PresentationJul ,Q2  Biogen Earnings PresentationMay ,Q1  Biogen Earnings PresentationFeb ,Q4 and Full ",
    "link": "https://investors.biogen.com/static-files/c69e63ba-3b7d--8a32-f7fc166249a4",
    "timestamp": "unknown"
  },
  {
    "title": "Earnings PresentationsOct ,Q3  Biogen Earnings PresentationJul ,Q2  Biogen Earnings PresentationMay ,Q1  Biogen Earnings PresentationFeb ,Q4 and Full ",
    "link": "https://investors.biogen.com/static-files/c69e63ba-3b7d--8a32-f7fc166249a4",
    "timestamp": "unknown"
  },
  {
    "title": "Earnings PresentationsOct ,Q3  Biogen Earnings PresentationJul ,Q2  Biogen Earnings PresentationMay ,Q1  Biogen Earnings PresentationFeb ,Q4 and Full ",
    "link": "https://investors.biogen.com/static-files/c69e63ba-3b7d--8a32-f7fc166249a4",
    "timestamp": "unknown"
  },
  {
    "title": "Earnings PresentationsOct ,Q3  Biogen Earnings PresentationJul ,Q2  Biogen Earnings PresentationMay ,Q1  Biogen Earnings PresentationFeb ,Q4 and Full ",
    "link": "https://investors.biogen.com/static-files/c69e63ba-3b7d--8a32-f7fc166249a4",
    "timestamp": "unknown"
  },
  {
    "title": "Earnings PresentationsOct ,Q3  Biogen Earnings PresentationJul ,Q2  Biogen Earnings PresentationMay ,Q1  Biogen Earnings PresentationFeb ,Q4 and Full ",
    "link": "https://investors.biogen.com/static-files/c69e63ba-3b7d--8a32-f7fc166249a4",
    "timestamp": "unknown"
  },
  {
    "title": "Earnings PresentationsOct ,Q3  Biogen Earnings PresentationJul ,Q2  Biogen Earnings PresentationMay ,Q1  Biogen Earnings PresentationFeb ,Q4 and Full ",
    "link": "https://investors.biogen.com/static-files/c69e63ba-3b7d--8a32-f7fc166249a4",
    "timestamp": "unknown"
  },
  {
    "title": "Earnings PresentationsOct ,Q3  Biogen Earnings PresentationJul ,Q2  Biogen Earnings PresentationMay ,Q1  Biogen Earnings PresentationFeb ,Q4 and Full ",
    "link": "https://investors.biogen.com/static-files/c69e63ba-3b7d--8a32-f7fc166249a4",
    "timestamp": "unknown"
  },
  {
    "title": "Earnings PresentationsOct ,Q3  Biogen Earnings PresentationJul ,Q2  Biogen Earnings PresentationMay ,Q1  Biogen Earnings PresentationFeb ,Q4 and Full ",
    "link": "https://investors.biogen.com/static-files/c69e63ba-3b7d--8a32-f7fc166249a4",
    "timestamp": "unknown"
  },
  {
    "title": "Earnings PresentationsOct ,Q3  Biogen Earnings PresentationJul ,Q2  Biogen Earnings PresentationMay ,Q1  Biogen Earnings PresentationFeb ,Q4 and Full ",
    "link": "https://investors.biogen.com/static-files/c69e63ba-3b7d--8a32-f7fc166249a4",
    "timestamp": "unknown"
  },
  {
    "title": "Earnings PresentationsOct ,Q3  Biogen Earnings PresentationJul ,Q2  Biogen Earnings PresentationMay ,Q1  Biogen Earnings PresentationFeb ,Q4 and Full ",
    "link": "https://investors.biogen.com/static-files/c69e63ba-3b7d--8a32-f7fc166249a4",
    "timestamp": "unknown"
  },
  {
    "title": "Oct ,Q3  Biogen Earnings PresentationJul ,Q2  Biogen Earnings PresentationMay ,Q1  Biogen Earnings PresentationFeb ,Q4 and Full Year  Biogen Earnings ",
    "link": "https://investors.biogen.com/static-files/c69e63ba-3b7d--8a32-f7fc166249a4",
    "timestamp": "unknown"
  },
  {
    "title": "Oct ,Q3  Biogen Earnings PresentationJul ,Q2  Biogen Earnings PresentationMay ,Q1  Biogen Earnings PresentationFeb ,Q4 and Full Year  Biogen Earnings ",
    "link": "https://investors.biogen.com/static-files/c69e63ba-3b7d--8a32-f7fc166249a4",
    "timestamp": "unknown"
  },
  {
    "title": "Oct ,Q3  Biogen Earnings PresentationJul ,Q2  Biogen Earnings PresentationMay ,Q1  Biogen Earnings PresentationFeb ,Q4 and Full Year  Biogen Earnings ",
    "link": "https://investors.biogen.com/static-files/c69e63ba-3b7d--8a32-f7fc166249a4",
    "timestamp": "unknown"
  },
  {
    "title": "Oct ,Q3  Biogen Earnings PresentationJul ,Q2  Biogen Earnings PresentationMay ,Q1  Biogen Earnings PresentationFeb ,Q4 and Full Year  Biogen Earnings ",
    "link": "https://investors.biogen.com/static-files/c69e63ba-3b7d--8a32-f7fc166249a4",
    "timestamp": "unknown"
  },
  {
    "title": "Oct ,Q3  Biogen Earnings PresentationJul ,Q2  Biogen Earnings PresentationMay ,Q1  Biogen Earnings PresentationFeb ,Q4 and Full Year  Biogen Earnings ",
    "link": "https://investors.biogen.com/static-files/c69e63ba-3b7d--8a32-f7fc166249a4",
    "timestamp": "unknown"
  },
  {
    "title": "Oct ,Q3  Biogen Earnings Presentation",
    "link": "https://investors.biogen.com/static-files/c69e63ba-3b7d--8a32-f7fc166249a4",
    "timestamp": "unknown"
  },
  {
    "title": "Oct ,Q3  Biogen Earnings Presentation",
    "link": "https://investors.biogen.com/static-files/c69e63ba-3b7d--8a32-f7fc166249a4",
    "timestamp": "unknown"
  },
  {
    "title": "Oct ,Q3  Biogen Earnings Presentation",
    "link": "https://investors.biogen.com/static-files/c69e63ba-3b7d--8a32-f7fc166249a4",
    "timestamp": "unknown"
  },
  {
    "title": "Q3  Biogen Earnings Presentation",
    "link": "https://investors.biogen.com/static-files/c69e63ba-3b7d--8a32-f7fc166249a4",
    "timestamp": "unknown"
  },
  {
    "title": "Q3  Biogen Earnings Presentation",
    "link": "https://investors.biogen.com/static-files/c69e63ba-3b7d--8a32-f7fc166249a4",
    "timestamp": "unknown"
  },
  {
    "title": "Q3  Biogen Earnings Presentation",
    "link": "https://investors.biogen.com/static-files/c69e63ba-3b7d--8a32-f7fc166249a4",
    "timestamp": "unknown"
  },
  {
    "title": "Q3  Biogen Earnings Presentation",
    "link": "https://investors.biogen.com/static-files/c69e63ba-3b7d--8a32-f7fc166249a4",
    "timestamp": "unknown"
  },
  {
    "title": "Jul ,Q2  Biogen Earnings Presentation",
    "link": "https://investors.biogen.com/static-files/a804d7db-140f-44bc-ba21-bc7dac0c4986",
    "timestamp": "unknown"
  },
  {
    "title": "Jul ,Q2  Biogen Earnings Presentation",
    "link": "https://investors.biogen.com/static-files/a804d7db-140f-44bc-ba21-bc7dac0c4986",
    "timestamp": "unknown"
  },
  {
    "title": "Jul ,Q2  Biogen Earnings Presentation",
    "link": "https://investors.biogen.com/static-files/a804d7db-140f-44bc-ba21-bc7dac0c4986",
    "timestamp": "unknown"
  },
  {
    "title": "Q2  Biogen Earnings Presentation",
    "link": "https://investors.biogen.com/static-files/a804d7db-140f-44bc-ba21-bc7dac0c4986",
    "timestamp": "unknown"
  },
  {
    "title": "Q2  Biogen Earnings Presentation",
    "link": "https://investors.biogen.com/static-files/a804d7db-140f-44bc-ba21-bc7dac0c4986",
    "timestamp": "unknown"
  },
  {
    "title": "Q2  Biogen Earnings Presentation",
    "link": "https://investors.biogen.com/static-files/a804d7db-140f-44bc-ba21-bc7dac0c4986",
    "timestamp": "unknown"
  },
  {
    "title": "Q2  Biogen Earnings Presentation",
    "link": "https://investors.biogen.com/static-files/a804d7db-140f-44bc-ba21-bc7dac0c4986",
    "timestamp": "unknown"
  },
  {
    "title": "May ,Q1  Biogen Earnings Presentation",
    "link": "https://investors.biogen.com/static-files/f2c432d2--462d-b46a-c5ef89957a03",
    "timestamp": "unknown"
  },
  {
    "title": "May ,Q1  Biogen Earnings Presentation",
    "link": "https://investors.biogen.com/static-files/f2c432d2--462d-b46a-c5ef89957a03",
    "timestamp": "unknown"
  },
  {
    "title": "May ,Q1  Biogen Earnings Presentation",
    "link": "https://investors.biogen.com/static-files/f2c432d2--462d-b46a-c5ef89957a03",
    "timestamp": "unknown"
  },
  {
    "title": "Q1  Biogen Earnings Presentation",
    "link": "https://investors.biogen.com/static-files/f2c432d2--462d-b46a-c5ef89957a03",
    "timestamp": "unknown"
  },
  {
    "title": "Q1  Biogen Earnings Presentation",
    "link": "https://investors.biogen.com/static-files/f2c432d2--462d-b46a-c5ef89957a03",
    "timestamp": "unknown"
  },
  {
    "title": "Q1  Biogen Earnings Presentation",
    "link": "https://investors.biogen.com/static-files/f2c432d2--462d-b46a-c5ef89957a03",
    "timestamp": "unknown"
  },
  {
    "title": "Q1  Biogen Earnings Presentation",
    "link": "https://investors.biogen.com/static-files/f2c432d2--462d-b46a-c5ef89957a03",
    "timestamp": "unknown"
  },
  {
    "title": "Feb ,Q4 and Full Year  Biogen Earnings Presentation",
    "link": "https://investors.biogen.com/static-files/eb9edbab-a78e-4ae6-9baf-5819e4825355",
    "timestamp": "unknown"
  },
  {
    "title": "Feb ,Q4 and Full Year  Biogen Earnings Presentation",
    "link": "https://investors.biogen.com/static-files/eb9edbab-a78e-4ae6-9baf-5819e4825355",
    "timestamp": "unknown"
  },
  {
    "title": "Feb ,Q4 and Full Year  Biogen Earnings Presentation",
    "link": "https://investors.biogen.com/static-files/eb9edbab-a78e-4ae6-9baf-5819e4825355",
    "timestamp": "unknown"
  },
  {
    "title": "Q4 and Full Year  Biogen Earnings Presentation",
    "link": "https://investors.biogen.com/static-files/eb9edbab-a78e-4ae6-9baf-5819e4825355",
    "timestamp": "unknown"
  },
  {
    "title": "Q4 and Full Year  Biogen Earnings Presentation",
    "link": "https://investors.biogen.com/static-files/eb9edbab-a78e-4ae6-9baf-5819e4825355",
    "timestamp": "unknown"
  },
  {
    "title": "Q4 and Full Year  Biogen Earnings Presentation",
    "link": "https://investors.biogen.com/static-files/eb9edbab-a78e-4ae6-9baf-5819e4825355",
    "timestamp": "unknown"
  },
  {
    "title": "Q4 and Full Year  Biogen Earnings Presentation",
    "link": "https://investors.biogen.com/static-files/eb9edbab-a78e-4ae6-9baf-5819e4825355",
    "timestamp": "unknown"
  },
  {
    "title": "Oct ,Q3  Biogen Earnings Presentation",
    "link": "https://investors.biogen.com/static-files/240910c8---b85c-c036568487c0",
    "timestamp": "unknown"
  },
  {
    "title": "Oct ,Q3  Biogen Earnings Presentation",
    "link": "https://investors.biogen.com/static-files/240910c8---b85c-c036568487c0",
    "timestamp": "unknown"
  },
  {
    "title": "Oct ,Q3  Biogen Earnings Presentation",
    "link": "https://investors.biogen.com/static-files/240910c8---b85c-c036568487c0",
    "timestamp": "unknown"
  },
  {
    "title": "Q3  Biogen Earnings Presentation",
    "link": "https://investors.biogen.com/static-files/240910c8---b85c-c036568487c0",
    "timestamp": "unknown"
  },
  {
    "title": "Q3  Biogen Earnings Presentation",
    "link": "https://investors.biogen.com/static-files/240910c8---b85c-c036568487c0",
    "timestamp": "unknown"
  },
  {
    "title": "Q3  Biogen Earnings Presentation",
    "link": "https://investors.biogen.com/static-files/240910c8---b85c-c036568487c0",
    "timestamp": "unknown"
  },
  {
    "title": "Q3  Biogen Earnings Presentation",
    "link": "https://investors.biogen.com/static-files/240910c8---b85c-c036568487c0",
    "timestamp": "unknown"
  },
  {
    "title": "Aug ,Q2  Biogen Earnings Presentation",
    "link": "https://investors.biogen.com/static-files/53a321a1-67cc-4d09-8e4e-b97c460af51f",
    "timestamp": "unknown"
  },
  {
    "title": "Aug ,Q2  Biogen Earnings Presentation",
    "link": "https://investors.biogen.com/static-files/53a321a1-67cc-4d09-8e4e-b97c460af51f",
    "timestamp": "unknown"
  },
  {
    "title": "Aug ,Q2  Biogen Earnings Presentation",
    "link": "https://investors.biogen.com/static-files/53a321a1-67cc-4d09-8e4e-b97c460af51f",
    "timestamp": "unknown"
  },
  {
    "title": "Q2  Biogen Earnings Presentation",
    "link": "https://investors.biogen.com/static-files/53a321a1-67cc-4d09-8e4e-b97c460af51f",
    "timestamp": "unknown"
  },
  {
    "title": "Q2  Biogen Earnings Presentation",
    "link": "https://investors.biogen.com/static-files/53a321a1-67cc-4d09-8e4e-b97c460af51f",
    "timestamp": "unknown"
  },
  {
    "title": "Q2  Biogen Earnings Presentation",
    "link": "https://investors.biogen.com/static-files/53a321a1-67cc-4d09-8e4e-b97c460af51f",
    "timestamp": "unknown"
  },
  {
    "title": "Q2  Biogen Earnings Presentation",
    "link": "https://investors.biogen.com/static-files/53a321a1-67cc-4d09-8e4e-b97c460af51f",
    "timestamp": "unknown"
  },
  {
    "title": "Conference and Other Investor PresentationsSep ,Biogen Thematic Pipeline Seminar: Lupus PresentationJun ,Biogen Thematic Pipeline Seminar: Rare Kidney",
    "link": "https://investors.biogen.com/static-files/46900c9d-795d---728f4f846252",
    "timestamp": "unknown"
  },
  {
    "title": "Conference and Other Investor PresentationsSep ,Biogen Thematic Pipeline Seminar: Lupus PresentationJun ,Biogen Thematic Pipeline Seminar: Rare Kidney",
    "link": "https://investors.biogen.com/static-files/46900c9d-795d---728f4f846252",
    "timestamp": "unknown"
  },
  {
    "title": "Conference and Other Investor PresentationsSep ,Biogen Thematic Pipeline Seminar: Lupus PresentationJun ,Biogen Thematic Pipeline Seminar: Rare Kidney",
    "link": "https://investors.biogen.com/static-files/46900c9d-795d---728f4f846252",
    "timestamp": "unknown"
  },
  {
    "title": "Conference and Other Investor PresentationsSep ,Biogen Thematic Pipeline Seminar: Lupus PresentationJun ,Biogen Thematic Pipeline Seminar: Rare Kidney",
    "link": "https://investors.biogen.com/static-files/46900c9d-795d---728f4f846252",
    "timestamp": "unknown"
  },
  {
    "title": "Conference and Other Investor PresentationsSep ,Biogen Thematic Pipeline Seminar: Lupus PresentationJun ,Biogen Thematic Pipeline Seminar: Rare Kidney",
    "link": "https://investors.biogen.com/static-files/46900c9d-795d---728f4f846252",
    "timestamp": "unknown"
  },
  {
    "title": "Conference and Other Investor PresentationsSep ,Biogen Thematic Pipeline Seminar: Lupus PresentationJun ,Biogen Thematic Pipeline Seminar: Rare Kidney",
    "link": "https://investors.biogen.com/static-files/46900c9d-795d---728f4f846252",
    "timestamp": "unknown"
  },
  {
    "title": "Conference and Other Investor PresentationsSep ,Biogen Thematic Pipeline Seminar: Lupus PresentationJun ,Biogen Thematic Pipeline Seminar: Rare Kidney",
    "link": "https://investors.biogen.com/static-files/46900c9d-795d---728f4f846252",
    "timestamp": "unknown"
  },
  {
    "title": "Sep ,Biogen Thematic Pipeline Seminar: Lupus PresentationJun ,Biogen Thematic Pipeline Seminar: Rare Kidney DiseaseJan ,Biogen at the J.P. Morgan 43rd",
    "link": "https://investors.biogen.com/static-files/46900c9d-795d---728f4f846252",
    "timestamp": "unknown"
  },
  {
    "title": "Sep ,Biogen Thematic Pipeline Seminar: Lupus PresentationJun ,Biogen Thematic Pipeline Seminar: Rare Kidney DiseaseJan ,Biogen at the J.P. Morgan 43rd",
    "link": "https://investors.biogen.com/static-files/46900c9d-795d---728f4f846252",
    "timestamp": "unknown"
  },
  {
    "title": "Sep ,Biogen Thematic Pipeline Seminar: Lupus PresentationJun ,Biogen Thematic Pipeline Seminar: Rare Kidney DiseaseJan ,Biogen at the J.P. Morgan 43rd",
    "link": "https://investors.biogen.com/static-files/46900c9d-795d---728f4f846252",
    "timestamp": "unknown"
  },
  {
    "title": "Sep ,Biogen Thematic Pipeline Seminar: Lupus PresentationJun ,Biogen Thematic Pipeline Seminar: Rare Kidney DiseaseJan ,Biogen at the J.P. Morgan 43rd",
    "link": "https://investors.biogen.com/static-files/46900c9d-795d---728f4f846252",
    "timestamp": "unknown"
  },
  {
    "title": "Sep ,Biogen Thematic Pipeline Seminar: Lupus PresentationJun ,Biogen Thematic Pipeline Seminar: Rare Kidney DiseaseJan ,Biogen at the J.P. Morgan 43rd",
    "link": "https://investors.biogen.com/static-files/46900c9d-795d---728f4f846252",
    "timestamp": "unknown"
  },
  {
    "title": "Sep ,Biogen Thematic Pipeline Seminar: Lupus Presentation",
    "link": "https://investors.biogen.com/static-files/46900c9d-795d---728f4f846252",
    "timestamp": "unknown"
  },
  {
    "title": "Sep ,Biogen Thematic Pipeline Seminar: Lupus Presentation",
    "link": "https://investors.biogen.com/static-files/46900c9d-795d---728f4f846252",
    "timestamp": "unknown"
  },
  {
    "title": "Sep ,Biogen Thematic Pipeline Seminar: Lupus Presentation",
    "link": "https://investors.biogen.com/static-files/46900c9d-795d---728f4f846252",
    "timestamp": "unknown"
  },
  {
    "title": "Biogen Thematic Pipeline Seminar: Lupus Presentation",
    "link": "https://investors.biogen.com/static-files/46900c9d-795d---728f4f846252",
    "timestamp": "unknown"
  },
  {
    "title": "Biogen Thematic Pipeline Seminar: Lupus Presentation",
    "link": "https://investors.biogen.com/static-files/46900c9d-795d---728f4f846252",
    "timestamp": "unknown"
  },
  {
    "title": "Biogen Thematic Pipeline Seminar: Lupus Presentation",
    "link": "https://investors.biogen.com/static-files/46900c9d-795d---728f4f846252",
    "timestamp": "unknown"
  },
  {
    "title": "Biogen Thematic Pipeline Seminar: Lupus Presentation",
    "link": "https://investors.biogen.com/static-files/46900c9d-795d---728f4f846252",
    "timestamp": "unknown"
  },
  {
    "title": "Jun ,Biogen Thematic Pipeline Seminar: Rare Kidney Disease",
    "link": "https://investors.biogen.com/static-files/b1c16e69-3bc8-42df-b3c8-5de3d6c8c7c9",
    "timestamp": "unknown"
  },
  {
    "title": "Jun ,Biogen Thematic Pipeline Seminar: Rare Kidney Disease",
    "link": "https://investors.biogen.com/static-files/b1c16e69-3bc8-42df-b3c8-5de3d6c8c7c9",
    "timestamp": "unknown"
  },
  {
    "title": "Jun ,Biogen Thematic Pipeline Seminar: Rare Kidney Disease",
    "link": "https://investors.biogen.com/static-files/b1c16e69-3bc8-42df-b3c8-5de3d6c8c7c9",
    "timestamp": "unknown"
  },
  {
    "title": "Biogen Thematic Pipeline Seminar: Rare Kidney Disease",
    "link": "https://investors.biogen.com/static-files/b1c16e69-3bc8-42df-b3c8-5de3d6c8c7c9",
    "timestamp": "unknown"
  },
  {
    "title": "Biogen Thematic Pipeline Seminar: Rare Kidney Disease",
    "link": "https://investors.biogen.com/static-files/b1c16e69-3bc8-42df-b3c8-5de3d6c8c7c9",
    "timestamp": "unknown"
  },
  {
    "title": "Biogen Thematic Pipeline Seminar: Rare Kidney Disease",
    "link": "https://investors.biogen.com/static-files/b1c16e69-3bc8-42df-b3c8-5de3d6c8c7c9",
    "timestamp": "unknown"
  },
  {
    "title": "Biogen Thematic Pipeline Seminar: Rare Kidney Disease",
    "link": "https://investors.biogen.com/static-files/b1c16e69-3bc8-42df-b3c8-5de3d6c8c7c9",
    "timestamp": "unknown"
  },
  {
    "title": "Jan ,Biogen at the J.P. Morgan 43rd Annual Healthcare Conference",
    "link": "https://investors.biogen.com/static-files/7b07d0cd--4ffe-bce1-66a87fc17f3e",
    "timestamp": "unknown"
  },
  {
    "title": "Jan ,Biogen at the J.P. Morgan 43rd Annual Healthcare Conference",
    "link": "https://investors.biogen.com/static-files/7b07d0cd--4ffe-bce1-66a87fc17f3e",
    "timestamp": "unknown"
  },
  {
    "title": "Jan ,Biogen at the J.P. Morgan 43rd Annual Healthcare Conference",
    "link": "https://investors.biogen.com/static-files/7b07d0cd--4ffe-bce1-66a87fc17f3e",
    "timestamp": "unknown"
  },
  {
    "title": "Biogen at the J.P. Morgan 43rd Annual Healthcare Conference",
    "link": "https://investors.biogen.com/static-files/7b07d0cd--4ffe-bce1-66a87fc17f3e",
    "timestamp": "unknown"
  },
  {
    "title": "Biogen at the J.P. Morgan 43rd Annual Healthcare Conference",
    "link": "https://investors.biogen.com/static-files/7b07d0cd--4ffe-bce1-66a87fc17f3e",
    "timestamp": "unknown"
  },
  {
    "title": "Biogen at the J.P. Morgan 43rd Annual Healthcare Conference",
    "link": "https://investors.biogen.com/static-files/7b07d0cd--4ffe-bce1-66a87fc17f3e",
    "timestamp": "unknown"
  },
  {
    "title": "Biogen at the J.P. Morgan 43rd Annual Healthcare Conference",
    "link": "https://investors.biogen.com/static-files/7b07d0cd--4ffe-bce1-66a87fc17f3e",
    "timestamp": "unknown"
  },
  {
    "title": "Medical and Scientific Conference PresentationsOct ,Exploring higher doses of nusinersen in spinal muscular atrophy: final results from part B of the ",
    "link": "https://investors.biogen.com/static-files/f23d1cf6-6e2c-4d3e-92dd-733a3be1a087",
    "timestamp": "unknown"
  },
  {
    "title": "Medical and Scientific Conference PresentationsOct ,Exploring higher doses of nusinersen in spinal muscular atrophy: final results from part B of the ",
    "link": "https://investors.biogen.com/static-files/f23d1cf6-6e2c-4d3e-92dd-733a3be1a087",
    "timestamp": "unknown"
  },
  {
    "title": "Oct ,Exploring higher doses of nusinersen in spinal muscular atrophy: final results from part B of the -part DEVOTE studyView Presentation. KBMar ,Int",
    "link": "https://investors.biogen.com/static-files/f23d1cf6-6e2c-4d3e-92dd-733a3be1a087",
    "timestamp": "unknown"
  },
  {
    "title": "Oct ,Exploring higher doses of nusinersen in spinal muscular atrophy: final results from part B of the -part DEVOTE studyView Presentation. KBMar ,Int",
    "link": "https://investors.biogen.com/static-files/f23d1cf6-6e2c-4d3e-92dd-733a3be1a087",
    "timestamp": "unknown"
  },
  {
    "title": "Oct ,Exploring higher doses of nusinersen in spinal muscular atrophy: final results from part B of the -part DEVOTE studyView Presentation. KBMar ,Int",
    "link": "https://investors.biogen.com/static-files/f23d1cf6-6e2c-4d3e-92dd-733a3be1a087",
    "timestamp": "unknown"
  },
  {
    "title": "Oct ,Exploring higher doses of nusinersen in spinal muscular atrophy: final results from part B of the -part DEVOTE studyView Presentation. KBMar ,Int",
    "link": "https://investors.biogen.com/static-files/f23d1cf6-6e2c-4d3e-92dd-733a3be1a087",
    "timestamp": "unknown"
  },
  {
    "title": "Oct ,Exploring higher doses of nusinersen in spinal muscular atrophy: final results from part B of the -part DEVOTE studyView Presentation. KBMar ,Int",
    "link": "https://investors.biogen.com/static-files/f23d1cf6-6e2c-4d3e-92dd-733a3be1a087",
    "timestamp": "unknown"
  },
  {
    "title": "Oct ,Exploring higher doses of nusinersen in spinal muscular atrophy: final results from part B of the -part DEVOTE studyView Presentation. KB",
    "link": "https://investors.biogen.com/static-files/f23d1cf6-6e2c-4d3e-92dd-733a3be1a087",
    "timestamp": "unknown"
  },
  {
    "title": "Oct ,Exploring higher doses of nusinersen in spinal muscular atrophy: final results from part B of the -part DEVOTE studyView Presentation. KB",
    "link": "https://investors.biogen.com/static-files/f23d1cf6-6e2c-4d3e-92dd-733a3be1a087",
    "timestamp": "unknown"
  },
  {
    "title": "Oct ,Exploring higher doses of nusinersen in spinal muscular atrophy: final results from part B of the -part DEVOTE studyView Presentation. KB",
    "link": "https://investors.biogen.com/static-files/f23d1cf6-6e2c-4d3e-92dd-733a3be1a087",
    "timestamp": "unknown"
  },
  {
    "title": "Exploring higher doses of nusinersen in spinal muscular atrophy: final results from part B of the -part DEVOTE studyView Presentation. KB",
    "link": "https://investors.biogen.com/static-files/f23d1cf6-6e2c-4d3e-92dd-733a3be1a087",
    "timestamp": "unknown"
  },
  {
    "title": "Exploring higher doses of nusinersen in spinal muscular atrophy: final results from part B of the -part DEVOTE study",
    "link": "https://investors.biogen.com/static-files/f23d1cf6-6e2c-4d3e-92dd-733a3be1a087",
    "timestamp": "unknown"
  },
  {
    "title": "Exploring higher doses of nusinersen in spinal muscular atrophy: final results from part B of the -part DEVOTE study",
    "link": "https://investors.biogen.com/static-files/f23d1cf6-6e2c-4d3e-92dd-733a3be1a087",
    "timestamp": "unknown"
  },
  {
    "title": "Exploring higher doses of nusinersen in spinal muscular atrophy: final results from part B of the -part DEVOTE study",
    "link": "https://investors.biogen.com/static-files/f23d1cf6-6e2c-4d3e-92dd-733a3be1a087",
    "timestamp": "unknown"
  },
  {
    "title": "View Presentation. KB",
    "link": "https://investors.biogen.com/static-files/f23d1cf6-6e2c-4d3e-92dd-733a3be1a087",
    "timestamp": "unknown"
  },
  {
    "title": "View Presentation. KB",
    "link": "https://investors.biogen.com/static-files/f23d1cf6-6e2c-4d3e-92dd-733a3be1a087",
    "timestamp": "unknown"
  },
  {
    "title": "View Presentation. KB",
    "link": "https://investors.biogen.com/static-files/f23d1cf6-6e2c-4d3e-92dd-733a3be1a087",
    "timestamp": "unknown"
  },
  {
    "title": "View Presentation. KB",
    "link": "https://investors.biogen.com/static-files/f23d1cf6-6e2c-4d3e-92dd-733a3be1a087",
    "timestamp": "unknown"
  },
  {
    "title": "View Presentation. KB",
    "link": "https://investors.biogen.com/static-files/f23d1cf6-6e2c-4d3e-92dd-733a3be1a087",
    "timestamp": "unknown"
  },
  {
    "title": "View Presentation. KB",
    "link": "https://investors.biogen.com/static-files/f23d1cf6-6e2c-4d3e-92dd-733a3be1a087",
    "timestamp": "unknown"
  },
  {
    "title": "View Presentation. KB",
    "link": "https://investors.biogen.com/static-files/f23d1cf6-6e2c-4d3e-92dd-733a3be1a087",
    "timestamp": "unknown"
  },
  {
    "title": "View Presentation. KB",
    "link": "https://investors.biogen.com/static-files/f23d1cf6-6e2c-4d3e-92dd-733a3be1a087",
    "timestamp": "unknown"
  },
  {
    "title": "Mar ,Interim Results From the Ongoing RESPOND Study of Nusinersen in Children With Spinal Muscular Atrophy Previously Treated With Onasemnogene Abepar",
    "link": "https://investors.biogen.com/static-files/adf78beb-c7ab-4ee3-9ae3-180b4d4c2bc6",
    "timestamp": "unknown"
  },
  {
    "title": "Mar ,Interim Results From the Ongoing RESPOND Study of Nusinersen in Children With Spinal Muscular Atrophy Previously Treated With Onasemnogene Abepar",
    "link": "https://investors.biogen.com/static-files/adf78beb-c7ab-4ee3-9ae3-180b4d4c2bc6",
    "timestamp": "unknown"
  },
  {
    "title": "Mar ,Interim Results From the Ongoing RESPOND Study of Nusinersen in Children With Spinal Muscular Atrophy Previously Treated With Onasemnogene Abepar",
    "link": "https://investors.biogen.com/static-files/adf78beb-c7ab-4ee3-9ae3-180b4d4c2bc6",
    "timestamp": "unknown"
  },
  {
    "title": "Interim Results From the Ongoing RESPOND Study of Nusinersen in Children With Spinal Muscular Atrophy Previously Treated With Onasemnogene Abeparvovec",
    "link": "https://investors.biogen.com/static-files/adf78beb-c7ab-4ee3-9ae3-180b4d4c2bc6",
    "timestamp": "unknown"
  },
  {
    "title": "Interim Results From the Ongoing RESPOND Study of Nusinersen in Children With Spinal Muscular Atrophy Previously Treated With Onasemnogene Abeparvovec",
    "link": "https://investors.biogen.com/static-files/adf78beb-c7ab-4ee3-9ae3-180b4d4c2bc6",
    "timestamp": "unknown"
  },
  {
    "title": "Interim Results From the Ongoing RESPOND Study of Nusinersen in Children With Spinal Muscular Atrophy Previously Treated With Onasemnogene Abeparvovec",
    "link": "https://investors.biogen.com/static-files/adf78beb-c7ab-4ee3-9ae3-180b4d4c2bc6",
    "timestamp": "unknown"
  },
  {
    "title": "Interim Results From the Ongoing RESPOND Study of Nusinersen in Children With Spinal Muscular Atrophy Previously Treated With Onasemnogene Abeparvovec",
    "link": "https://investors.biogen.com/static-files/adf78beb-c7ab-4ee3-9ae3-180b4d4c2bc6",
    "timestamp": "unknown"
  },
  {
    "title": "View Presentation. KB",
    "link": "https://investors.biogen.com/static-files/adf78beb-c7ab-4ee3-9ae3-180b4d4c2bc6",
    "timestamp": "unknown"
  },
  {
    "title": "View Presentation. KB",
    "link": "https://investors.biogen.com/static-files/adf78beb-c7ab-4ee3-9ae3-180b4d4c2bc6",
    "timestamp": "unknown"
  },
  {
    "title": "View Presentation. KB",
    "link": "https://investors.biogen.com/static-files/adf78beb-c7ab-4ee3-9ae3-180b4d4c2bc6",
    "timestamp": "unknown"
  },
  {
    "title": "View Presentation. KB",
    "link": "https://investors.biogen.com/static-files/adf78beb-c7ab-4ee3-9ae3-180b4d4c2bc6",
    "timestamp": "unknown"
  },
  {
    "title": "View Presentation. KB",
    "link": "https://investors.biogen.com/static-files/adf78beb-c7ab-4ee3-9ae3-180b4d4c2bc6",
    "timestamp": "unknown"
  },
  {
    "title": "View Presentation. KB",
    "link": "https://investors.biogen.com/static-files/adf78beb-c7ab-4ee3-9ae3-180b4d4c2bc6",
    "timestamp": "unknown"
  },
  {
    "title": "View Presentation. KB",
    "link": "https://investors.biogen.com/static-files/adf78beb-c7ab-4ee3-9ae3-180b4d4c2bc6",
    "timestamp": "unknown"
  },
  {
    "title": "View Presentation. KB",
    "link": "https://investors.biogen.com/static-files/adf78beb-c7ab-4ee3-9ae3-180b4d4c2bc6",
    "timestamp": "unknown"
  },
  {
    "title": "Oct ,Exploratory Clinical Outcomes From the BIIB080 Phase 1b Multiple Ascending Dose and Long-term Extension Study in Mild Alzheimer\u2019s DiseaseView Pre",
    "link": "https://investors.biogen.com/static-files/75a32d30-01ce--87a6-20735ff25b3c",
    "timestamp": "unknown"
  },
  {
    "title": "Oct ,Exploratory Clinical Outcomes From the BIIB080 Phase 1b Multiple Ascending Dose and Long-term Extension Study in Mild Alzheimer\u2019s DiseaseView Pre",
    "link": "https://investors.biogen.com/static-files/75a32d30-01ce--87a6-20735ff25b3c",
    "timestamp": "unknown"
  },
  {
    "title": "Oct ,Exploratory Clinical Outcomes From the BIIB080 Phase 1b Multiple Ascending Dose and Long-term Extension Study in Mild Alzheimer\u2019s DiseaseView Pre",
    "link": "https://investors.biogen.com/static-files/75a32d30-01ce--87a6-20735ff25b3c",
    "timestamp": "unknown"
  },
  {
    "title": "Exploratory Clinical Outcomes From the BIIB080 Phase 1b Multiple Ascending Dose and Long-term Extension Study in Mild Alzheimer\u2019s DiseaseView Presenta",
    "link": "https://investors.biogen.com/static-files/75a32d30-01ce--87a6-20735ff25b3c",
    "timestamp": "unknown"
  },
  {
    "title": "Exploratory Clinical Outcomes From the BIIB080 Phase 1b Multiple Ascending Dose and Long-term Extension Study in Mild Alzheimer\u2019s Disease",
    "link": "https://investors.biogen.com/static-files/75a32d30-01ce--87a6-20735ff25b3c",
    "timestamp": "unknown"
  },
  {
    "title": "Exploratory Clinical Outcomes From the BIIB080 Phase 1b Multiple Ascending Dose and Long-term Extension Study in Mild Alzheimer\u2019s Disease",
    "link": "https://investors.biogen.com/static-files/75a32d30-01ce--87a6-20735ff25b3c",
    "timestamp": "unknown"
  },
  {
    "title": "Exploratory Clinical Outcomes From the BIIB080 Phase 1b Multiple Ascending Dose and Long-term Extension Study in Mild Alzheimer\u2019s Disease",
    "link": "https://investors.biogen.com/static-files/75a32d30-01ce--87a6-20735ff25b3c",
    "timestamp": "unknown"
  },
  {
    "title": "View PresentationKB",
    "link": "https://investors.biogen.com/static-files/75a32d30-01ce--87a6-20735ff25b3c",
    "timestamp": "unknown"
  },
  {
    "title": "View PresentationKB",
    "link": "https://investors.biogen.com/static-files/75a32d30-01ce--87a6-20735ff25b3c",
    "timestamp": "unknown"
  },
  {
    "title": "View PresentationKB",
    "link": "https://investors.biogen.com/static-files/75a32d30-01ce--87a6-20735ff25b3c",
    "timestamp": "unknown"
  },
  {
    "title": "View PresentationKB",
    "link": "https://investors.biogen.com/static-files/75a32d30-01ce--87a6-20735ff25b3c",
    "timestamp": "unknown"
  },
  {
    "title": "View PresentationKB",
    "link": "https://investors.biogen.com/static-files/75a32d30-01ce--87a6-20735ff25b3c",
    "timestamp": "unknown"
  },
  {
    "title": "View PresentationKB",
    "link": "https://investors.biogen.com/static-files/75a32d30-01ce--87a6-20735ff25b3c",
    "timestamp": "unknown"
  },
  {
    "title": "View PresentationKB",
    "link": "https://investors.biogen.com/static-files/75a32d30-01ce--87a6-20735ff25b3c",
    "timestamp": "unknown"
  },
  {
    "title": "View PresentationKB",
    "link": "https://investors.biogen.com/static-files/75a32d30-01ce--87a6-20735ff25b3c",
    "timestamp": "unknown"
  },
  {
    "title": "Jun ,Interim Results From the Ongoing RESPOND StudyView Presentation. KB",
    "link": "https://investors.biogen.com/static-files/e2bbaa6b-c33f--a758-928e7d1bd9cd",
    "timestamp": "unknown"
  },
  {
    "title": "Jun ,Interim Results From the Ongoing RESPOND StudyView Presentation. KB",
    "link": "https://investors.biogen.com/static-files/e2bbaa6b-c33f--a758-928e7d1bd9cd",
    "timestamp": "unknown"
  },
  {
    "title": "Jun ,Interim Results From the Ongoing RESPOND StudyView Presentation. KB",
    "link": "https://investors.biogen.com/static-files/e2bbaa6b-c33f--a758-928e7d1bd9cd",
    "timestamp": "unknown"
  },
  {
    "title": "Interim Results From the Ongoing RESPOND StudyView Presentation. KB",
    "link": "https://investors.biogen.com/static-files/e2bbaa6b-c33f--a758-928e7d1bd9cd",
    "timestamp": "unknown"
  },
  {
    "title": "Interim Results From the Ongoing RESPOND Study",
    "link": "https://investors.biogen.com/static-files/e2bbaa6b-c33f--a758-928e7d1bd9cd",
    "timestamp": "unknown"
  },
  {
    "title": "Interim Results From the Ongoing RESPOND Study",
    "link": "https://investors.biogen.com/static-files/e2bbaa6b-c33f--a758-928e7d1bd9cd",
    "timestamp": "unknown"
  },
  {
    "title": "Interim Results From the Ongoing RESPOND Study",
    "link": "https://investors.biogen.com/static-files/e2bbaa6b-c33f--a758-928e7d1bd9cd",
    "timestamp": "unknown"
  },
  {
    "title": "View Presentation. KB",
    "link": "https://investors.biogen.com/static-files/e2bbaa6b-c33f--a758-928e7d1bd9cd",
    "timestamp": "unknown"
  },
  {
    "title": "View Presentation. KB",
    "link": "https://investors.biogen.com/static-files/e2bbaa6b-c33f--a758-928e7d1bd9cd",
    "timestamp": "unknown"
  },
  {
    "title": "View Presentation. KB",
    "link": "https://investors.biogen.com/static-files/e2bbaa6b-c33f--a758-928e7d1bd9cd",
    "timestamp": "unknown"
  },
  {
    "title": "View Presentation. KB",
    "link": "https://investors.biogen.com/static-files/e2bbaa6b-c33f--a758-928e7d1bd9cd",
    "timestamp": "unknown"
  },
  {
    "title": "View Presentation. KB",
    "link": "https://investors.biogen.com/static-files/e2bbaa6b-c33f--a758-928e7d1bd9cd",
    "timestamp": "unknown"
  },
  {
    "title": "View Presentation. KB",
    "link": "https://investors.biogen.com/static-files/e2bbaa6b-c33f--a758-928e7d1bd9cd",
    "timestamp": "unknown"
  },
  {
    "title": "View Presentation. KB",
    "link": "https://investors.biogen.com/static-files/e2bbaa6b-c33f--a758-928e7d1bd9cd",
    "timestamp": "unknown"
  },
  {
    "title": "View Presentation. KB",
    "link": "https://investors.biogen.com/static-files/e2bbaa6b-c33f--a758-928e7d1bd9cd",
    "timestamp": "unknown"
  },
  {
    "title": "Stockholder CommunicationsE-mail AlertsFAQs",
    "link": "https://investors.biogen.com/governance/contact-the-board",
    "timestamp": "unknown"
  },
  {
    "title": "Stockholder CommunicationsE-mail AlertsFAQs",
    "link": "https://investors.biogen.com/governance/contact-the-board",
    "timestamp": "unknown"
  },
  {
    "title": "Stockholder CommunicationsE-mail AlertsFAQs",
    "link": "https://investors.biogen.com/governance/contact-the-board",
    "timestamp": "unknown"
  },
  {
    "title": "Stockholder CommunicationsE-mail AlertsFAQs",
    "link": "https://investors.biogen.com/governance/contact-the-board",
    "timestamp": "unknown"
  },
  {
    "title": "Stockholder CommunicationsE-mail AlertsFAQs",
    "link": "https://investors.biogen.com/governance/contact-the-board",
    "timestamp": "unknown"
  },
  {
    "title": "Stockholder CommunicationsE-mail AlertsFAQs",
    "link": "https://investors.biogen.com/governance/contact-the-board",
    "timestamp": "unknown"
  },
  {
    "title": "Stockholder CommunicationsE-mail AlertsFAQs",
    "link": "https://investors.biogen.com/governance/contact-the-board",
    "timestamp": "unknown"
  },
  {
    "title": "Stockholder Communications",
    "link": "https://investors.biogen.com/governance/contact-the-board",
    "timestamp": "unknown"
  },
  {
    "title": "Stockholder Communications",
    "link": "https://investors.biogen.com/governance/contact-the-board",
    "timestamp": "unknown"
  },
  {
    "title": "E-mail Alerts",
    "link": "https://investors.biogen.com/sign-up-for-alerts",
    "timestamp": "unknown"
  },
  {
    "title": "E-mail Alerts",
    "link": "https://investors.biogen.com/sign-up-for-alerts",
    "timestamp": "unknown"
  },
  {
    "title": "FAQs",
    "link": "https://investors.biogen.com/stock-information/investor-faqs",
    "timestamp": "unknown"
  },
  {
    "title": "FAQs",
    "link": "https://investors.biogen.com/stock-information/investor-faqs",
    "timestamp": "unknown"
  },
  {
    "title": "Learn more about our Events & Presentations",
    "link": "https://investors.biogen.com/events-presentations/events",
    "timestamp": "unknown"
  },
  {
    "title": "Learn more about our Events & Presentations",
    "link": "https://investors.biogen.com/events-presentations/events",
    "timestamp": "unknown"
  },
  {
    "title": "Learn more about our Events & Presentations",
    "link": "https://investors.biogen.com/events-presentations/events",
    "timestamp": "unknown"
  },
  {
    "title": "Learn more about our Events & Presentations",
    "link": "https://investors.biogen.com/events-presentations/events",
    "timestamp": "unknown"
  },
  {
    "title": "Learn more about our Events & Presentations",
    "link": "https://investors.biogen.com/events-presentations/events",
    "timestamp": "unknown"
  },
  {
    "title": "Learn more about our Events & Presentations",
    "link": "https://investors.biogen.com/events-presentations/events",
    "timestamp": "unknown"
  },
  {
    "title": "Learn more about our Events & Presentations",
    "link": "https://investors.biogen.com/events-presentations/events",
    "timestamp": "unknown"
  },
  {
    "title": "Learn more about our Events & Presentations",
    "link": "https://investors.biogen.com/events-presentations/events",
    "timestamp": "unknown"
  },
  {
    "title": "Learn more about our Events & Presentations",
    "link": "https://investors.biogen.com/events-presentations/events",
    "timestamp": "unknown"
  },
  {
    "title": "Learn more about our Events & Presentations",
    "link": "https://investors.biogen.com/events-presentations/events",
    "timestamp": "unknown"
  },
  {
    "title": "Learn more about our Events & Presentations",
    "link": "https://investors.biogen.com/events-presentations/events",
    "timestamp": "unknown"
  },
  {
    "title": "Learn more about our Events & Presentations",
    "link": "https://investors.biogen.com/events-presentations/events",
    "timestamp": "unknown"
  },
  {
    "title": "Information forMedical ProfessionalsInvestorsMediaJob SeekersGet in touchContact usBiogen InternationalExploreStoriesDisease AreasPipelineWe recommend",
    "link": "https://www.biogen.com/",
    "timestamp": "unknown"
  },
  {
    "title": "Information forMedical ProfessionalsInvestorsMediaJob SeekersGet in touchContact usBiogen InternationalExploreStoriesDisease AreasPipelineWe recommend",
    "link": "https://www.biogen.com/",
    "timestamp": "unknown"
  },
  {
    "title": "Information forMedical ProfessionalsInvestorsMediaJob SeekersGet in touchContact usBiogen InternationalExploreStoriesDisease AreasPipelineWe recommend",
    "link": "https://www.biogen.com/",
    "timestamp": "unknown"
  },
  {
    "title": "Information forMedical ProfessionalsInvestorsMediaJob SeekersGet in touchContact usBiogen InternationalExploreStoriesDisease AreasPipelineWe recommend",
    "link": "https://www.biogen.com/medical-professionals.html",
    "timestamp": "unknown"
  },
  {
    "title": "Information forMedical ProfessionalsInvestorsMediaJob SeekersGet in touchContact usBiogen InternationalExploreStoriesDisease AreasPipelineWe recommend",
    "link": "https://www.biogen.com/medical-professionals.html",
    "timestamp": "unknown"
  },
  {
    "title": "Information forMedical ProfessionalsInvestorsMediaJob Seekers",
    "link": "https://www.biogen.com/medical-professionals.html",
    "timestamp": "unknown"
  },
  {
    "title": "Medical Professionals",
    "link": "https://www.biogen.com/medical-professionals.html",
    "timestamp": "unknown"
  },
  {
    "title": "Investors",
    "link": "https://investors.biogen.com/",
    "timestamp": "unknown"
  },
  {
    "title": "Media",
    "link": "https://investors.biogen.com/news",
    "timestamp": "unknown"
  },
  {
    "title": "Job Seekers",
    "link": "https://www.biogen.com/careers.html",
    "timestamp": "unknown"
  },
  {
    "title": "Get in touchContact usBiogen International",
    "link": "https://www.biogen.com/company/contact-us.html",
    "timestamp": "unknown"
  },
  {
    "title": "Contact us",
    "link": "https://www.biogen.com/company/contact-us.html",
    "timestamp": "unknown"
  },
  {
    "title": "Biogen International",
    "link": "https://www.biogen.com/biogen-international.html",
    "timestamp": "unknown"
  },
  {
    "title": "ExploreStoriesDisease AreasPipeline",
    "link": "https://www.biogen.com/stories.html",
    "timestamp": "unknown"
  },
  {
    "title": "Stories",
    "link": "https://www.biogen.com/stories.html",
    "timestamp": "unknown"
  },
  {
    "title": "Disease Areas",
    "link": "https://www.biogen.com/science-and-innovation/disease-areas.html",
    "timestamp": "unknown"
  },
  {
    "title": "Pipeline",
    "link": "https://www.biogen.com/science-and-innovation/pipeline.html",
    "timestamp": "unknown"
  },
  {
    "title": "We recommendBiogen FoundationESG ReportReporting and PrinciplesAccess & Health Equity",
    "link": "https://www.biogen.com/company/biogen-foundation.html",
    "timestamp": "unknown"
  },
  {
    "title": "Biogen Foundation",
    "link": "https://www.biogen.com/company/biogen-foundation.html",
    "timestamp": "unknown"
  },
  {
    "title": "ESG Report",
    "link": "https://www.biogen.com/responsibility/reporting-and-principles/esg-report.html",
    "timestamp": "unknown"
  },
  {
    "title": "Reporting and Principles",
    "link": "https://www.biogen.com/responsibility/reporting-and-principles.html",
    "timestamp": "unknown"
  },
  {
    "title": "Access & Health Equity",
    "link": "https://www.biogen.com/responsibility/access-and-health-equity.html",
    "timestamp": "unknown"
  },
  {
    "title": "Information forMedical ProfessionalsInvestorsMediaJob SeekersGet in touchContact usBiogen InternationalExploreStoriesDisease AreasPipelineWe recommend",
    "link": "https://www.biogen.com/",
    "timestamp": "unknown"
  },
  {
    "title": "Information forMedical ProfessionalsInvestorsMediaJob SeekersGet in touchContact usBiogen InternationalExploreStoriesDisease AreasPipelineWe recommend",
    "link": "https://investors.biogen.com/events-presentations/presentations",
    "timestamp": "unknown"
  },
  {
    "title": "Information forMedical ProfessionalsInvestorsMediaJob Seekers",
    "link": "https://investors.biogen.com/events-presentations/presentations",
    "timestamp": "unknown"
  },
  {
    "title": "Medical Professionals",
    "link": "https://www.biogen.com/medical-professionals.html",
    "timestamp": "unknown"
  },
  {
    "title": "Investors",
    "link": "https://investors.biogen.com/",
    "timestamp": "unknown"
  },
  {
    "title": "Media",
    "link": "https://investors.biogen.com/news",
    "timestamp": "unknown"
  },
  {
    "title": "Job Seekers",
    "link": "https://www.biogen.com/careers.html",
    "timestamp": "unknown"
  },
  {
    "title": "Get in touchContact usBiogen International",
    "link": "https://investors.biogen.com/events-presentations/presentations",
    "timestamp": "unknown"
  },
  {
    "title": "Contact us",
    "link": "https://www.biogen.com/company/contact-us.html",
    "timestamp": "unknown"
  },
  {
    "title": "Biogen International",
    "link": "https://www.biogen.com/biogen-international.html",
    "timestamp": "unknown"
  },
  {
    "title": "ExploreStoriesDisease AreasPipeline",
    "link": "https://investors.biogen.com/events-presentations/presentations",
    "timestamp": "unknown"
  },
  {
    "title": "Stories",
    "link": "https://www.biogen.com/stories.html",
    "timestamp": "unknown"
  },
  {
    "title": "Disease Areas",
    "link": "https://www.biogen.com/science-and-innovation/disease-areas.html",
    "timestamp": "unknown"
  },
  {
    "title": "Pipeline",
    "link": "https://www.biogen.com/science-and-innovation/pipeline.html",
    "timestamp": "unknown"
  },
  {
    "title": "We recommendBiogen FoundationESG ReportReporting and PrinciplesAccess & Health Equity",
    "link": "https://investors.biogen.com/events-presentations/presentations",
    "timestamp": "unknown"
  },
  {
    "title": "Biogen Foundation",
    "link": "https://www.biogen.com/company/biogen-foundation.html",
    "timestamp": "unknown"
  },
  {
    "title": "ESG Report",
    "link": "https://www.biogen.com/responsibility/reporting-and-principles/esg-report.html",
    "timestamp": "unknown"
  },
  {
    "title": "Reporting and Principles",
    "link": "https://www.biogen.com/responsibility/reporting-and-principles.html",
    "timestamp": "unknown"
  },
  {
    "title": "Access & Health Equity",
    "link": "https://www.biogen.com/responsibility/access-and-health-equity.html",
    "timestamp": "unknown"
  },
  {
    "title": "Terms & Conditions",
    "link": "https://www.biogen.com/terms-and-conditions.html",
    "timestamp": "unknown"
  },
  {
    "title": "Privacy Center",
    "link": "https://www.biogen.com/privacy-center.html",
    "timestamp": "unknown"
  },
  {
    "title": "Notice to CA Residents",
    "link": "https://www.biogen.com/privacy-center/california-policy.html",
    "timestamp": "unknown"
  },
  {
    "title": "Forward-looking Statement",
    "link": "https://www.biogen.com/forward-looking-statements.html",
    "timestamp": "unknown"
  },
  {
    "title": "Community Guidelines",
    "link": "https://www.biogen.com/community-guidelines.html",
    "timestamp": "unknown"
  }
]