[
  {
    "title": "Investor RelationsAbout UsOur ApproachOur ProgramsPatientsInvestorsHomeNews & EventsNews ReleasesEvents & PresentationsAnalyst CoverageStock Informati",
    "link": "https://www.designtx.com/",
    "timestamp": "unknown"
  },
  {
    "title": "Investor RelationsAbout UsOur ApproachOur ProgramsPatientsInvestorsHomeNews & EventsNews ReleasesEvents & PresentationsAnalyst CoverageStock Informati",
    "link": "https://www.designtx.com/",
    "timestamp": "unknown"
  },
  {
    "title": "Investor RelationsAbout UsOur ApproachOur ProgramsPatientsInvestorsHomeNews & EventsNews ReleasesEvents & PresentationsAnalyst CoverageStock Informati",
    "link": "https://www.designtx.com/",
    "timestamp": "unknown"
  },
  {
    "title": "Investor RelationsAbout UsOur ApproachOur ProgramsPatientsInvestorsHomeNews & EventsNews ReleasesEvents & PresentationsAnalyst CoverageStock Informati",
    "link": "https://www.designtx.com/",
    "timestamp": "unknown"
  },
  {
    "title": "Investor RelationsAbout UsOur ApproachOur ProgramsPatientsInvestorsHomeNews & EventsNews ReleasesEvents & PresentationsAnalyst CoverageStock Informati",
    "link": "https://www.designtx.com/about-us/",
    "timestamp": "unknown"
  },
  {
    "title": "Investor RelationsAbout UsOur ApproachOur ProgramsPatientsInvestorsHomeNews & EventsNews ReleasesEvents & PresentationsAnalyst CoverageStock Informati",
    "link": "https://www.designtx.com/about-us/",
    "timestamp": "unknown"
  },
  {
    "title": "About Us",
    "link": "https://www.designtx.com/about-us/",
    "timestamp": "unknown"
  },
  {
    "title": "Our Approach",
    "link": "https://www.designtx.com/our-approach/",
    "timestamp": "unknown"
  },
  {
    "title": "Our Programs",
    "link": "https://www.designtx.com/our-programs/",
    "timestamp": "unknown"
  },
  {
    "title": "Patients",
    "link": "https://www.designtx.com/patients/",
    "timestamp": "unknown"
  },
  {
    "title": "InvestorsHomeNews & EventsNews ReleasesEvents & PresentationsAnalyst CoverageStock InformationStock Quote & ChartCorporate GovernanceDocuments & Chart",
    "link": "https://investors.designtx.com/",
    "timestamp": "unknown"
  },
  {
    "title": "Home",
    "link": "https://investors.designtx.com/",
    "timestamp": "unknown"
  },
  {
    "title": "News & EventsNews ReleasesEvents & Presentations",
    "link": "https://investors.designtx.com/news-and-events/news-releases",
    "timestamp": "unknown"
  },
  {
    "title": "News Releases",
    "link": "https://investors.designtx.com/news-and-events/news-releases",
    "timestamp": "unknown"
  },
  {
    "title": "Events & Presentations",
    "link": "https://investors.designtx.com/news-and-events/events-presentation",
    "timestamp": "unknown"
  },
  {
    "title": "Analyst Coverage",
    "link": "https://investors.designtx.com/stock-information/analyst-coverage",
    "timestamp": "unknown"
  },
  {
    "title": "Stock InformationStock Quote & Chart",
    "link": "https://investors.designtx.com/stock-information/stock-quote-chart",
    "timestamp": "unknown"
  },
  {
    "title": "Stock Quote & Chart",
    "link": "https://investors.designtx.com/stock-information/stock-quote-chart",
    "timestamp": "unknown"
  },
  {
    "title": "Corporate GovernanceDocuments & ChartersManagement TeamBoard of DirectorsCommittee Composition",
    "link": "https://investors.designtx.com/corporate-governance/governance-overview",
    "timestamp": "unknown"
  },
  {
    "title": "Documents & Charters",
    "link": "https://investors.designtx.com/corporate-governance/governance-overview",
    "timestamp": "unknown"
  },
  {
    "title": "Management Team",
    "link": "https://www.designtx.com/about-us/",
    "timestamp": "unknown"
  },
  {
    "title": "Board of Directors",
    "link": "https://www.designtx.com/about-us/",
    "timestamp": "unknown"
  },
  {
    "title": "Committee Composition",
    "link": "https://investors.designtx.com/corporate-governance/committee-composition",
    "timestamp": "unknown"
  },
  {
    "title": "Financials & FilingsSEC Filings",
    "link": "https://investors.designtx.com/financial-information/sec-filings",
    "timestamp": "unknown"
  },
  {
    "title": "SEC Filings",
    "link": "https://investors.designtx.com/financial-information/sec-filings",
    "timestamp": "unknown"
  },
  {
    "title": "Investor ResourcesFAQsEmail AlertsContact IR",
    "link": "https://investors.designtx.com/shareholder-services/investor-faqs",
    "timestamp": "unknown"
  },
  {
    "title": "FAQs",
    "link": "https://investors.designtx.com/shareholder-services/investor-faqs",
    "timestamp": "unknown"
  },
  {
    "title": "Email Alerts",
    "link": "https://investors.designtx.com/shareholder-services/email-alerts",
    "timestamp": "unknown"
  },
  {
    "title": "Contact IR",
    "link": "https://investors.designtx.com/shareholder-services/contact-ir",
    "timestamp": "unknown"
  },
  {
    "title": "Careers",
    "link": "https://www.designtx.com/careers/",
    "timestamp": "unknown"
  },
  {
    "title": "Events & PresentationsPresentationsCorporate PresentationPast EventsDec ,  at  ESTEvercore 8th Annual Healthcare ConferenceView WebcastDec ,  at  ESTP",
    "link": "https://investors.designtx.com/static-files/b3131b22-ce34-480f-a87a-98a7cb8f9eec",
    "timestamp": "unknown"
  },
  {
    "title": "PresentationsCorporate PresentationPast EventsDec ,  at  ESTEvercore 8th Annual Healthcare ConferenceView WebcastDec ,  at  ESTPiper Sandler 37th Annu",
    "link": "https://investors.designtx.com/static-files/b3131b22-ce34-480f-a87a-98a7cb8f9eec",
    "timestamp": "unknown"
  },
  {
    "title": "PresentationsCorporate PresentationPast EventsDec ,  at  ESTEvercore 8th Annual Healthcare ConferenceView WebcastDec ,  at  ESTPiper Sandler 37th Annu",
    "link": "https://investors.designtx.com/static-files/b3131b22-ce34-480f-a87a-98a7cb8f9eec",
    "timestamp": "unknown"
  },
  {
    "title": "PresentationsCorporate PresentationPast EventsDec ,  at  ESTEvercore 8th Annual Healthcare ConferenceView WebcastDec ,  at  ESTPiper Sandler 37th Annu",
    "link": "https://investors.designtx.com/static-files/b3131b22-ce34-480f-a87a-98a7cb8f9eec",
    "timestamp": "unknown"
  },
  {
    "title": "PresentationsCorporate PresentationPast EventsDec ,  at  ESTEvercore 8th Annual Healthcare ConferenceView WebcastDec ,  at  ESTPiper Sandler 37th Annu",
    "link": "https://investors.designtx.com/static-files/b3131b22-ce34-480f-a87a-98a7cb8f9eec",
    "timestamp": "unknown"
  },
  {
    "title": "PresentationsCorporate PresentationPast EventsDec ,  at  ESTEvercore 8th Annual Healthcare ConferenceView WebcastDec ,  at  ESTPiper Sandler 37th Annu",
    "link": "https://investors.designtx.com/static-files/b3131b22-ce34-480f-a87a-98a7cb8f9eec",
    "timestamp": "unknown"
  },
  {
    "title": "PresentationsCorporate PresentationPast EventsDec ,  at  ESTEvercore 8th Annual Healthcare ConferenceView WebcastDec ,  at  ESTPiper Sandler 37th Annu",
    "link": "https://investors.designtx.com/static-files/b3131b22-ce34-480f-a87a-98a7cb8f9eec",
    "timestamp": "unknown"
  },
  {
    "title": "PresentationsCorporate PresentationPast EventsDec ,  at  ESTEvercore 8th Annual Healthcare ConferenceView WebcastDec ,  at  ESTPiper Sandler 37th Annu",
    "link": "https://investors.designtx.com/static-files/b3131b22-ce34-480f-a87a-98a7cb8f9eec",
    "timestamp": "unknown"
  },
  {
    "title": "PresentationsCorporate PresentationPast EventsDec ,  at  ESTEvercore 8th Annual Healthcare ConferenceView WebcastDec ,  at  ESTPiper Sandler 37th Annu",
    "link": "https://investors.designtx.com/static-files/b3131b22-ce34-480f-a87a-98a7cb8f9eec",
    "timestamp": "unknown"
  },
  {
    "title": "PresentationsCorporate PresentationPast EventsDec ,  at  ESTEvercore 8th Annual Healthcare ConferenceView WebcastDec ,  at  ESTPiper Sandler 37th Annu",
    "link": "https://investors.designtx.com/static-files/b3131b22-ce34-480f-a87a-98a7cb8f9eec",
    "timestamp": "unknown"
  },
  {
    "title": "PresentationsCorporate PresentationPast EventsDec ,  at  ESTEvercore 8th Annual Healthcare ConferenceView WebcastDec ,  at  ESTPiper Sandler 37th Annu",
    "link": "https://investors.designtx.com/static-files/b3131b22-ce34-480f-a87a-98a7cb8f9eec",
    "timestamp": "unknown"
  },
  {
    "title": "PresentationsCorporate PresentationPast EventsDec ,  at  ESTEvercore 8th Annual Healthcare ConferenceView WebcastDec ,  at  ESTPiper Sandler 37th Annu",
    "link": "https://investors.designtx.com/static-files/b3131b22-ce34-480f-a87a-98a7cb8f9eec",
    "timestamp": "unknown"
  },
  {
    "title": "PresentationsCorporate PresentationPast EventsDec ,  at  ESTEvercore 8th Annual Healthcare ConferenceView WebcastDec ,  at  ESTPiper Sandler 37th Annu",
    "link": "https://investors.designtx.com/static-files/b3131b22-ce34-480f-a87a-98a7cb8f9eec",
    "timestamp": "unknown"
  },
  {
    "title": "PresentationsCorporate PresentationPast EventsDec ,  at  ESTEvercore 8th Annual Healthcare ConferenceView WebcastDec ,  at  ESTPiper Sandler 37th Annu",
    "link": "https://investors.designtx.com/static-files/b3131b22-ce34-480f-a87a-98a7cb8f9eec",
    "timestamp": "unknown"
  },
  {
    "title": "PresentationsCorporate PresentationPast EventsDec ,  at  ESTEvercore 8th Annual Healthcare ConferenceView WebcastDec ,  at  ESTPiper Sandler 37th Annu",
    "link": "https://investors.designtx.com/static-files/b3131b22-ce34-480f-a87a-98a7cb8f9eec",
    "timestamp": "unknown"
  },
  {
    "title": "PresentationsCorporate PresentationPast EventsDec ,  at  ESTEvercore 8th Annual Healthcare ConferenceView WebcastDec ,  at  ESTPiper Sandler 37th Annu",
    "link": "https://investors.designtx.com/static-files/b3131b22-ce34-480f-a87a-98a7cb8f9eec",
    "timestamp": "unknown"
  },
  {
    "title": "PresentationsCorporate PresentationPast EventsDec ,  at  ESTEvercore 8th Annual Healthcare ConferenceView WebcastDec ,  at  ESTPiper Sandler 37th Annu",
    "link": "https://investors.designtx.com/static-files/b3131b22-ce34-480f-a87a-98a7cb8f9eec",
    "timestamp": "unknown"
  },
  {
    "title": "PresentationsCorporate PresentationPast EventsDec ,  at  ESTEvercore 8th Annual Healthcare ConferenceView WebcastDec ,  at  ESTPiper Sandler 37th Annu",
    "link": "https://investors.designtx.com/static-files/b3131b22-ce34-480f-a87a-98a7cb8f9eec",
    "timestamp": "unknown"
  },
  {
    "title": "PresentationsCorporate PresentationPast EventsDec ,  at  ESTEvercore 8th Annual Healthcare ConferenceView WebcastDec ,  at  ESTPiper Sandler 37th Annu",
    "link": "https://investors.designtx.com/static-files/b3131b22-ce34-480f-a87a-98a7cb8f9eec",
    "timestamp": "unknown"
  },
  {
    "title": "PresentationsCorporate PresentationPast EventsDec ,  at  ESTEvercore 8th Annual Healthcare ConferenceView WebcastDec ,  at  ESTPiper Sandler 37th Annu",
    "link": "https://investors.designtx.com/static-files/b3131b22-ce34-480f-a87a-98a7cb8f9eec",
    "timestamp": "unknown"
  },
  {
    "title": "PresentationsCorporate Presentation",
    "link": "https://investors.designtx.com/static-files/b3131b22-ce34-480f-a87a-98a7cb8f9eec",
    "timestamp": "unknown"
  },
  {
    "title": "PresentationsCorporate Presentation",
    "link": "https://investors.designtx.com/static-files/b3131b22-ce34-480f-a87a-98a7cb8f9eec",
    "timestamp": "unknown"
  },
  {
    "title": "Corporate Presentation",
    "link": "https://investors.designtx.com/static-files/b3131b22-ce34-480f-a87a-98a7cb8f9eec",
    "timestamp": "unknown"
  },
  {
    "title": "Corporate Presentation",
    "link": "https://investors.designtx.com/static-files/b3131b22-ce34-480f-a87a-98a7cb8f9eec",
    "timestamp": "unknown"
  },
  {
    "title": "Corporate Presentation",
    "link": "https://investors.designtx.com/static-files/b3131b22-ce34-480f-a87a-98a7cb8f9eec",
    "timestamp": "unknown"
  },
  {
    "title": "Corporate Presentation",
    "link": "https://investors.designtx.com/static-files/b3131b22-ce34-480f-a87a-98a7cb8f9eec",
    "timestamp": "unknown"
  },
  {
    "title": "Corporate Presentation",
    "link": "https://investors.designtx.com/static-files/b3131b22-ce34-480f-a87a-98a7cb8f9eec",
    "timestamp": "unknown"
  },
  {
    "title": "Corporate Presentation",
    "link": "https://investors.designtx.com/static-files/b3131b22-ce34-480f-a87a-98a7cb8f9eec",
    "timestamp": "unknown"
  },
  {
    "title": "Past EventsDec ,  at  ESTEvercore 8th Annual Healthcare ConferenceView WebcastDec ,  at  ESTPiper Sandler 37th Annual Healthcare ConferenceView Webcas",
    "link": "https://wsw.com/webcast/evercore52/register.aspx?conf=evercore52&page=dsgn&url=https%3A//wsw.com/webcast/evercore52/dsgn/",
    "timestamp": "unknown"
  },
  {
    "title": "Past EventsDec ,  at  ESTEvercore 8th Annual Healthcare ConferenceView WebcastDec ,  at  ESTPiper Sandler 37th Annual Healthcare ConferenceView Webcas",
    "link": "https://wsw.com/webcast/evercore52/register.aspx?conf=evercore52&page=dsgn&url=https%3A//wsw.com/webcast/evercore52/dsgn/",
    "timestamp": "unknown"
  },
  {
    "title": "Dec ,  at  ESTEvercore 8th Annual Healthcare ConferenceView WebcastDec ,  at  ESTPiper Sandler 37th Annual Healthcare ConferenceView WebcastSep ,  at ",
    "link": "https://wsw.com/webcast/evercore52/register.aspx?conf=evercore52&page=dsgn&url=https%3A//wsw.com/webcast/evercore52/dsgn/",
    "timestamp": "unknown"
  },
  {
    "title": "Dec ,  at  ESTEvercore 8th Annual Healthcare ConferenceView WebcastDec ,  at  ESTPiper Sandler 37th Annual Healthcare ConferenceView WebcastSep ,  at ",
    "link": "https://wsw.com/webcast/evercore52/register.aspx?conf=evercore52&page=dsgn&url=https%3A//wsw.com/webcast/evercore52/dsgn/",
    "timestamp": "unknown"
  },
  {
    "title": "Dec ,  at  ESTEvercore 8th Annual Healthcare ConferenceView Webcast",
    "link": "https://wsw.com/webcast/evercore52/register.aspx?conf=evercore52&page=dsgn&url=https%3A//wsw.com/webcast/evercore52/dsgn/",
    "timestamp": "unknown"
  },
  {
    "title": "View Webcast",
    "link": "https://wsw.com/webcast/evercore52/register.aspx?conf=evercore52&page=dsgn&url=https%3A//wsw.com/webcast/evercore52/dsgn/",
    "timestamp": "unknown"
  },
  {
    "title": "View Webcast",
    "link": "https://wsw.com/webcast/evercore52/register.aspx?conf=evercore52&page=dsgn&url=https%3A//wsw.com/webcast/evercore52/dsgn/",
    "timestamp": "unknown"
  },
  {
    "title": "View Webcast",
    "link": "https://wsw.com/webcast/evercore52/register.aspx?conf=evercore52&page=dsgn&url=https%3A//wsw.com/webcast/evercore52/dsgn/",
    "timestamp": "unknown"
  },
  {
    "title": "Dec ,  at  ESTPiper Sandler 37th Annual Healthcare ConferenceView Webcast",
    "link": "https://event.webcasts.com/starthere.jsp?ei=&tp_key=af2af5633c",
    "timestamp": "unknown"
  },
  {
    "title": "View Webcast",
    "link": "https://event.webcasts.com/starthere.jsp?ei=&tp_key=af2af5633c",
    "timestamp": "unknown"
  },
  {
    "title": "View Webcast",
    "link": "https://event.webcasts.com/starthere.jsp?ei=&tp_key=af2af5633c",
    "timestamp": "unknown"
  },
  {
    "title": "View Webcast",
    "link": "https://event.webcasts.com/starthere.jsp?ei=&tp_key=af2af5633c",
    "timestamp": "unknown"
  },
  {
    "title": "Sep ,  at  EDTCantor Global Healthcare ConferenceView Webcast",
    "link": "https://sqps.onstreamsecure.com/origin/enliven/players/EnlivenPlayer.html?customerId=&eventId=&checkCompany=&checkEmail=&checkName=",
    "timestamp": "unknown"
  },
  {
    "title": "View Webcast",
    "link": "https://sqps.onstreamsecure.com/origin/enliven/players/EnlivenPlayer.html?customerId=&eventId=&checkCompany=&checkEmail=&checkName=",
    "timestamp": "unknown"
  },
  {
    "title": "View Webcast",
    "link": "https://sqps.onstreamsecure.com/origin/enliven/players/EnlivenPlayer.html?customerId=&eventId=&checkCompany=&checkEmail=&checkName=",
    "timestamp": "unknown"
  },
  {
    "title": "View Webcast",
    "link": "https://sqps.onstreamsecure.com/origin/enliven/players/EnlivenPlayer.html?customerId=&eventId=&checkCompany=&checkEmail=&checkName=",
    "timestamp": "unknown"
  },
  {
    "title": "Jun ,  at  EDTJefferies Global Healthcare ConferenceView Webcast",
    "link": "https://wsw.com/webcast/jeff319/register.aspx?conf=jeff319&page=dsgn&url=https%3A//wsw.com/webcast/jeff319/dsgn/",
    "timestamp": "unknown"
  },
  {
    "title": "View Webcast",
    "link": "https://wsw.com/webcast/jeff319/register.aspx?conf=jeff319&page=dsgn&url=https%3A//wsw.com/webcast/jeff319/dsgn/",
    "timestamp": "unknown"
  },
  {
    "title": "View Webcast",
    "link": "https://wsw.com/webcast/jeff319/register.aspx?conf=jeff319&page=dsgn&url=https%3A//wsw.com/webcast/jeff319/dsgn/",
    "timestamp": "unknown"
  },
  {
    "title": "View Webcast",
    "link": "https://wsw.com/webcast/jeff319/register.aspx?conf=jeff319&page=dsgn&url=https%3A//wsw.com/webcast/jeff319/dsgn/",
    "timestamp": "unknown"
  },
  {
    "title": "May ,  at  EDTRBC Capital Markets Healthcare ConferenceView Webcast",
    "link": "https://kvgo.com/rbc/design-therapeutics-inc-may-",
    "timestamp": "unknown"
  },
  {
    "title": "View Webcast",
    "link": "https://kvgo.com/rbc/design-therapeutics-inc-may-",
    "timestamp": "unknown"
  },
  {
    "title": "View Webcast",
    "link": "https://kvgo.com/rbc/design-therapeutics-inc-may-",
    "timestamp": "unknown"
  },
  {
    "title": "View Webcast",
    "link": "https://kvgo.com/rbc/design-therapeutics-inc-may-",
    "timestamp": "unknown"
  },
  {
    "title": "Investor ToolsPrint PageRSS FeedsEmail PageEmail Alerts",
    "link": "javascript:window.print();",
    "timestamp": "unknown"
  },
  {
    "title": "Investor ToolsPrint PageRSS FeedsEmail PageEmail Alerts",
    "link": "javascript:window.print();",
    "timestamp": "unknown"
  },
  {
    "title": "Investor ToolsPrint PageRSS FeedsEmail PageEmail Alerts",
    "link": "javascript:window.print();",
    "timestamp": "unknown"
  },
  {
    "title": "Print Page",
    "link": "javascript:window.print();",
    "timestamp": "unknown"
  },
  {
    "title": "RSS Feeds",
    "link": "https://investors.designtx.com/rss-feeds",
    "timestamp": "unknown"
  },
  {
    "title": "Email Page",
    "link": "mailto:?body=https://investors.designtx.com/news-and-events/events-presentation",
    "timestamp": "unknown"
  },
  {
    "title": "Email Alerts",
    "link": "https://investors.designtx.com/shareholder-services/email-alerts",
    "timestamp": "unknown"
  },
  {
    "title": "Design TherapeuticsHidden Valley RoadSuiteCarlsbad, CA--Investors & Mediarenee@thrustsc.comCareerswork@designtx.comGeneralinfo@designtx.com\u00a9  Design T",
    "link": "tel:--",
    "timestamp": "unknown"
  },
  {
    "title": "Design TherapeuticsHidden Valley RoadSuiteCarlsbad, CA--Investors & Mediarenee@thrustsc.comCareerswork@designtx.comGeneralinfo@designtx.com\u00a9  Design T",
    "link": "tel:--",
    "timestamp": "unknown"
  },
  {
    "title": "Design TherapeuticsHidden Valley RoadSuiteCarlsbad, CA--Investors & Mediarenee@thrustsc.comCareerswork@designtx.comGeneralinfo@designtx.com",
    "link": "tel:--",
    "timestamp": "unknown"
  },
  {
    "title": "Design TherapeuticsHidden Valley RoadSuiteCarlsbad, CA--Investors & Mediarenee@thrustsc.comCareerswork@designtx.comGeneralinfo@designtx.com",
    "link": "tel:--",
    "timestamp": "unknown"
  },
  {
    "title": "Design TherapeuticsHidden Valley RoadSuiteCarlsbad, CA--Investors & Mediarenee@thrustsc.comCareerswork@designtx.comGeneralinfo@designtx.com",
    "link": "tel:--",
    "timestamp": "unknown"
  },
  {
    "title": "Design TherapeuticsHidden Valley RoadSuiteCarlsbad, CA--Investors & Mediarenee@thrustsc.comCareerswork@designtx.comGeneralinfo@designtx.com",
    "link": "tel:--",
    "timestamp": "unknown"
  },
  {
    "title": "Design TherapeuticsHidden Valley RoadSuiteCarlsbad, CA--Investors & Mediarenee@thrustsc.comCareerswork@designtx.comGeneralinfo@designtx.com",
    "link": "tel:--",
    "timestamp": "unknown"
  },
  {
    "title": "Design TherapeuticsHidden Valley RoadSuiteCarlsbad, CA--",
    "link": "tel:--",
    "timestamp": "unknown"
  },
  {
    "title": "Design TherapeuticsHidden Valley RoadSuiteCarlsbad, CA--",
    "link": "tel:--",
    "timestamp": "unknown"
  },
  {
    "title": "Hidden Valley RoadSuiteCarlsbad, CA--",
    "link": "tel:--",
    "timestamp": "unknown"
  },
  {
    "title": "Investors & Mediarenee@thrustsc.com",
    "link": "mailto:renee@thrustsc.com",
    "timestamp": "unknown"
  },
  {
    "title": "Investors & Mediarenee@thrustsc.com",
    "link": "mailto:renee@thrustsc.com",
    "timestamp": "unknown"
  },
  {
    "title": "renee@thrustsc.com",
    "link": "mailto:renee@thrustsc.com",
    "timestamp": "unknown"
  },
  {
    "title": "Careerswork@designtx.com",
    "link": "mailto:work@designtx.com",
    "timestamp": "unknown"
  },
  {
    "title": "Careerswork@designtx.com",
    "link": "mailto:work@designtx.com",
    "timestamp": "unknown"
  },
  {
    "title": "work@designtx.com",
    "link": "mailto:work@designtx.com",
    "timestamp": "unknown"
  },
  {
    "title": "Generalinfo@designtx.com",
    "link": "mailto:info@designtx.com",
    "timestamp": "unknown"
  },
  {
    "title": "Generalinfo@designtx.com",
    "link": "mailto:info@designtx.com",
    "timestamp": "unknown"
  },
  {
    "title": "info@designtx.com",
    "link": "mailto:info@designtx.com",
    "timestamp": "unknown"
  },
  {
    "title": "\u00a9  Design Therapeutics, Inc. All Rights Reserved. |Privacy Policy|Terms of Use",
    "link": "https://www.designtx.com/privacy-policy/",
    "timestamp": "unknown"
  },
  {
    "title": "\u00a9  Design Therapeutics, Inc. All Rights Reserved. |Privacy Policy|Terms of Use",
    "link": "https://www.designtx.com/privacy-policy/",
    "timestamp": "unknown"
  },
  {
    "title": "\u00a9  Design Therapeutics, Inc. All Rights Reserved. |Privacy Policy|Terms of Use",
    "link": "https://www.designtx.com/privacy-policy/",
    "timestamp": "unknown"
  }
]