[
  {
    "title": "Investor RelationsAbout UsOur ApproachOur ProgramsPatientsInvestorsHomeNews & EventsNews ReleasesEvents & PresentationsAnalyst CoverageStock Informati",
    "link": "https://www.designtx.com/",
    "timestamp": "unknown"
  },
  {
    "title": "Investor RelationsAbout UsOur ApproachOur ProgramsPatientsInvestorsHomeNews & EventsNews ReleasesEvents & PresentationsAnalyst CoverageStock Informati",
    "link": "https://www.designtx.com/",
    "timestamp": "unknown"
  },
  {
    "title": "Investor RelationsAbout UsOur ApproachOur ProgramsPatientsInvestorsHomeNews & EventsNews ReleasesEvents & PresentationsAnalyst CoverageStock Informati",
    "link": "https://www.designtx.com/",
    "timestamp": "unknown"
  },
  {
    "title": "Investor RelationsAbout UsOur ApproachOur ProgramsPatientsInvestorsHomeNews & EventsNews ReleasesEvents & PresentationsAnalyst CoverageStock Informati",
    "link": "https://www.designtx.com/",
    "timestamp": "unknown"
  },
  {
    "title": "Investor RelationsAbout UsOur ApproachOur ProgramsPatientsInvestorsHomeNews & EventsNews ReleasesEvents & PresentationsAnalyst CoverageStock Informati",
    "link": "https://www.designtx.com/about-us/",
    "timestamp": "unknown"
  },
  {
    "title": "Investor RelationsAbout UsOur ApproachOur ProgramsPatientsInvestorsHomeNews & EventsNews ReleasesEvents & PresentationsAnalyst CoverageStock Informati",
    "link": "https://www.designtx.com/about-us/",
    "timestamp": "unknown"
  },
  {
    "title": "About Us",
    "link": "https://www.designtx.com/about-us/",
    "timestamp": "unknown"
  },
  {
    "title": "Our Approach",
    "link": "https://www.designtx.com/our-approach/",
    "timestamp": "unknown"
  },
  {
    "title": "Our Programs",
    "link": "https://www.designtx.com/our-programs/",
    "timestamp": "unknown"
  },
  {
    "title": "Patients",
    "link": "https://www.designtx.com/patients/",
    "timestamp": "unknown"
  },
  {
    "title": "InvestorsHomeNews & EventsNews ReleasesEvents & PresentationsAnalyst CoverageStock InformationStock Quote & ChartCorporate GovernanceDocuments & Chart",
    "link": "https://investors.designtx.com/",
    "timestamp": "unknown"
  },
  {
    "title": "Home",
    "link": "https://investors.designtx.com/",
    "timestamp": "unknown"
  },
  {
    "title": "News & EventsNews ReleasesEvents & Presentations",
    "link": "https://investors.designtx.com/news-and-events/news-releases",
    "timestamp": "unknown"
  },
  {
    "title": "News Releases",
    "link": "https://investors.designtx.com/news-and-events/news-releases",
    "timestamp": "unknown"
  },
  {
    "title": "Events & Presentations",
    "link": "https://investors.designtx.com/news-and-events/events-presentation",
    "timestamp": "unknown"
  },
  {
    "title": "Analyst Coverage",
    "link": "https://investors.designtx.com/stock-information/analyst-coverage",
    "timestamp": "unknown"
  },
  {
    "title": "Stock InformationStock Quote & Chart",
    "link": "https://investors.designtx.com/stock-information/stock-quote-chart",
    "timestamp": "unknown"
  },
  {
    "title": "Stock Quote & Chart",
    "link": "https://investors.designtx.com/stock-information/stock-quote-chart",
    "timestamp": "unknown"
  },
  {
    "title": "Corporate GovernanceDocuments & ChartersManagement TeamBoard of DirectorsCommittee Composition",
    "link": "https://investors.designtx.com/corporate-governance/governance-overview",
    "timestamp": "unknown"
  },
  {
    "title": "Documents & Charters",
    "link": "https://investors.designtx.com/corporate-governance/governance-overview",
    "timestamp": "unknown"
  },
  {
    "title": "Management Team",
    "link": "https://www.designtx.com/about-us/",
    "timestamp": "unknown"
  },
  {
    "title": "Board of Directors",
    "link": "https://www.designtx.com/about-us/",
    "timestamp": "unknown"
  },
  {
    "title": "Committee Composition",
    "link": "https://investors.designtx.com/corporate-governance/committee-composition",
    "timestamp": "unknown"
  },
  {
    "title": "Financials & FilingsSEC Filings",
    "link": "https://investors.designtx.com/financial-information/sec-filings",
    "timestamp": "unknown"
  },
  {
    "title": "SEC Filings",
    "link": "https://investors.designtx.com/financial-information/sec-filings",
    "timestamp": "unknown"
  },
  {
    "title": "Investor ResourcesFAQsEmail AlertsContact IR",
    "link": "https://investors.designtx.com/shareholder-services/investor-faqs",
    "timestamp": "unknown"
  },
  {
    "title": "FAQs",
    "link": "https://investors.designtx.com/shareholder-services/investor-faqs",
    "timestamp": "unknown"
  },
  {
    "title": "Email Alerts",
    "link": "https://investors.designtx.com/shareholder-services/email-alerts",
    "timestamp": "unknown"
  },
  {
    "title": "Contact IR",
    "link": "https://investors.designtx.com/shareholder-services/contact-ir",
    "timestamp": "unknown"
  },
  {
    "title": "Careers",
    "link": "https://www.designtx.com/careers/",
    "timestamp": "unknown"
  },
  {
    "title": "SEC FilingsGroup,,Annual FilingsCurrent ReportsMergers & AcquisitionsOtherProxy FilingsQuarterly FilingsRegistration StatementsFiling year- Any -Items",
    "link": "https://investors.designtx.com/financial-information/sec-filings?items_per_page=&order=field_nir_sec_date_filed&sort=asc",
    "timestamp": "unknown"
  },
  {
    "title": "Group,,Annual FilingsCurrent ReportsMergers & AcquisitionsOtherProxy FilingsQuarterly FilingsRegistration StatementsFiling year- Any -Items per pageFi",
    "link": "https://investors.designtx.com/financial-information/sec-filings?items_per_page=&order=field_nir_sec_date_filed&sort=asc",
    "timestamp": "unknown"
  },
  {
    "title": "Group,,Annual FilingsCurrent ReportsMergers & AcquisitionsOtherProxy FilingsQuarterly FilingsRegistration StatementsFiling year- Any -Items per pageFi",
    "link": "https://investors.designtx.com/financial-information/sec-filings?items_per_page=&order=field_nir_sec_date_filed&sort=asc",
    "timestamp": "unknown"
  },
  {
    "title": "Group,,Annual FilingsCurrent ReportsMergers & AcquisitionsOtherProxy FilingsQuarterly FilingsRegistration StatementsFiling year- Any -Items per pageFi",
    "link": "https://investors.designtx.com/financial-information/sec-filings?items_per_page=&order=field_nir_sec_date_filed&sort=asc",
    "timestamp": "unknown"
  },
  {
    "title": "Group,,Annual FilingsCurrent ReportsMergers & AcquisitionsOtherProxy FilingsQuarterly FilingsRegistration StatementsFiling year- Any -Items per pageFi",
    "link": "https://investors.designtx.com/financial-information/sec-filings?items_per_page=&order=field_nir_sec_date_filed&sort=asc",
    "timestamp": "unknown"
  },
  {
    "title": "Group,,Annual FilingsCurrent ReportsMergers & AcquisitionsOtherProxy FilingsQuarterly FilingsRegistration StatementsFiling year- Any -Items per pageFi",
    "link": "https://investors.designtx.com/financial-information/sec-filings?items_per_page=&order=field_nir_sec_date_filed&sort=asc",
    "timestamp": "unknown"
  },
  {
    "title": "Group,,Annual FilingsCurrent ReportsMergers & AcquisitionsOtherProxy FilingsQuarterly FilingsRegistration StatementsFiling year- Any -Items per pageFi",
    "link": "https://investors.designtx.com/financial-information/sec-filings?items_per_page=&order=field_nir_sec_date_filed&sort=asc",
    "timestamp": "unknown"
  },
  {
    "title": "Group,,Annual FilingsCurrent ReportsMergers & AcquisitionsOtherProxy FilingsQuarterly FilingsRegistration StatementsFiling year- Any -Items per pageFi",
    "link": "https://investors.designtx.com/financial-information/sec-filings?items_per_page=&order=field_nir_sec_date_filed&sort=asc",
    "timestamp": "unknown"
  },
  {
    "title": "Group,,Annual FilingsCurrent ReportsMergers & AcquisitionsOtherProxy FilingsQuarterly FilingsRegistration StatementsFiling year- Any -Items per pageFi",
    "link": "https://investors.designtx.com/financial-information/sec-filings?items_per_page=&order=field_nir_sec_date_filed&sort=asc",
    "timestamp": "unknown"
  },
  {
    "title": "Group,,Annual FilingsCurrent ReportsMergers & AcquisitionsOtherProxy FilingsQuarterly FilingsRegistration StatementsFiling year- Any -Items per pageFi",
    "link": "https://investors.designtx.com/financial-information/sec-filings?items_per_page=&order=field_nir_sec_date_filed&sort=asc",
    "timestamp": "unknown"
  },
  {
    "title": "Group,,Annual FilingsCurrent ReportsMergers & AcquisitionsOtherProxy FilingsQuarterly FilingsRegistration StatementsFiling year- Any -Items per pageFi",
    "link": "https://investors.designtx.com/financial-information/sec-filings?items_per_page=&order=field_nir_sec_date_filed&sort=asc",
    "timestamp": "unknown"
  },
  {
    "title": "Group,,Annual FilingsCurrent ReportsMergers & AcquisitionsOtherProxy FilingsQuarterly FilingsRegistration StatementsFiling year- Any -Items per pageFi",
    "link": "https://investors.designtx.com/financial-information/sec-filings?items_per_page=&order=field_nir_sec_date_filed&sort=asc",
    "timestamp": "unknown"
  },
  {
    "title": "Group,,Annual FilingsCurrent ReportsMergers & AcquisitionsOtherProxy FilingsQuarterly FilingsRegistration StatementsFiling year- Any -Items per pageFi",
    "link": "https://investors.designtx.com/financial-information/sec-filings?items_per_page=&order=field_nir_sec_date_filed&sort=asc",
    "timestamp": "unknown"
  },
  {
    "title": "Group,,Annual FilingsCurrent ReportsMergers & AcquisitionsOtherProxy FilingsQuarterly FilingsRegistration StatementsFiling year- Any -Items per pageFi",
    "link": "https://investors.designtx.com/financial-information/sec-filings?items_per_page=&order=field_nir_sec_date_filed&sort=asc",
    "timestamp": "unknown"
  },
  {
    "title": "Group,,Annual FilingsCurrent ReportsMergers & AcquisitionsOtherProxy FilingsQuarterly FilingsRegistration StatementsFiling year- Any -Items per pageFi",
    "link": "https://investors.designtx.com/financial-information/sec-filings?items_per_page=&order=field_nir_sec_date_filed&sort=asc",
    "timestamp": "unknown"
  },
  {
    "title": "Group,,Annual FilingsCurrent ReportsMergers & AcquisitionsOtherProxy FilingsQuarterly FilingsRegistration StatementsFiling year- Any -Items per pageFi",
    "link": "https://investors.designtx.com/financial-information/sec-filings?items_per_page=&order=field_nir_sec_date_filed&sort=asc",
    "timestamp": "unknown"
  },
  {
    "title": "Group,,Annual FilingsCurrent ReportsMergers & AcquisitionsOtherProxy FilingsQuarterly FilingsRegistration StatementsFiling year- Any -Items per pageFi",
    "link": "https://investors.designtx.com/financial-information/sec-filings?items_per_page=&order=field_nir_sec_date_filed&sort=asc",
    "timestamp": "unknown"
  },
  {
    "title": "Group,,Annual FilingsCurrent ReportsMergers & AcquisitionsOtherProxy FilingsQuarterly FilingsRegistration StatementsFiling year- Any -Items per pageFi",
    "link": "https://investors.designtx.com/financial-information/sec-filings?items_per_page=&order=field_nir_sec_date_filed&sort=asc",
    "timestamp": "unknown"
  },
  {
    "title": "Group,,Annual FilingsCurrent ReportsMergers & AcquisitionsOtherProxy FilingsQuarterly FilingsRegistration StatementsFiling year- Any -Items per pageFi",
    "link": "https://investors.designtx.com/financial-information/sec-filings?items_per_page=&order=field_nir_sec_date_filed&sort=asc",
    "timestamp": "unknown"
  },
  {
    "title": "Group,,Annual FilingsCurrent ReportsMergers & AcquisitionsOtherProxy FilingsQuarterly FilingsRegistration StatementsFiling year- Any -Items per pageFi",
    "link": "https://investors.designtx.com/financial-information/sec-filings?items_per_page=&order=field_nir_sec_date_filed&sort=asc",
    "timestamp": "unknown"
  },
  {
    "title": "Group,,Annual FilingsCurrent ReportsMergers & AcquisitionsOtherProxy FilingsQuarterly FilingsRegistration StatementsFiling year- Any -Items per pageFi",
    "link": "https://investors.designtx.com/financial-information/sec-filings?items_per_page=&order=field_nir_sec_date_filed&sort=asc",
    "timestamp": "unknown"
  },
  {
    "title": "Group,,Annual FilingsCurrent ReportsMergers & AcquisitionsOtherProxy FilingsQuarterly FilingsRegistration StatementsFiling year- Any -Items per pageFi",
    "link": "https://investors.designtx.com/financial-information/sec-filings?items_per_page=&order=field_nir_sec_date_filed&sort=asc",
    "timestamp": "unknown"
  },
  {
    "title": "Group,,Annual FilingsCurrent ReportsMergers & AcquisitionsOtherProxy FilingsQuarterly FilingsRegistration StatementsFiling year- Any -Items per pageFi",
    "link": "https://investors.designtx.com/financial-information/sec-filings?items_per_page=&order=field_nir_sec_date_filed&sort=asc",
    "timestamp": "unknown"
  },
  {
    "title": "Filing dateDescriptionFormViewJan ,Report of unscheduled material events or corporate event-K--.pdf--.rtf--.xlsEX-.SCH - XBRL TAXONOMY EXTENSION SCHEM",
    "link": "https://investors.designtx.com/financial-information/sec-filings?items_per_page=&order=field_nir_sec_date_filed&sort=asc",
    "timestamp": "unknown"
  },
  {
    "title": "Filing dateDescriptionFormView",
    "link": "https://investors.designtx.com/financial-information/sec-filings?items_per_page=&order=field_nir_sec_date_filed&sort=asc",
    "timestamp": "unknown"
  },
  {
    "title": "Jan ,Report of unscheduled material events or corporate event-K--.pdf--.rtf--.xlsEX-.SCH - XBRL TAXONOMY EXTENSION SCHEMAView HTML",
    "link": "https://investors.designtx.com/sec-filings/sec-filing/-k/--",
    "timestamp": "unknown"
  },
  {
    "title": "--.pdf",
    "link": "https://investors.designtx.com/static-files/b933b3ea-37b8--aa3b-d27b81bac0d3",
    "timestamp": "unknown"
  },
  {
    "title": "--.rtf",
    "link": "https://investors.designtx.com/static-files/aee2b38c--43a5-8baa-383fb37d6178",
    "timestamp": "unknown"
  },
  {
    "title": "--.xls",
    "link": "https://investors.designtx.com/static-files/6414d715-05f4-443e-b1a1-548e30eefbc1",
    "timestamp": "unknown"
  },
  {
    "title": "Jan ,Statement of changes in beneficial ownership of securities--.pdf--.rtf--.xlsView HTML",
    "link": "https://investors.designtx.com/sec-filings/sec-filing//--",
    "timestamp": "unknown"
  },
  {
    "title": "--.pdf",
    "link": "https://investors.designtx.com/static-files/da313cdc-93ae-45f2-a1fa-4a488f6e5c5e",
    "timestamp": "unknown"
  },
  {
    "title": "--.rtf",
    "link": "https://investors.designtx.com/static-files/8694e45c-64cd-46ae--9ce70d65c642",
    "timestamp": "unknown"
  },
  {
    "title": "--.xls",
    "link": "https://investors.designtx.com/static-files/a70b2262--4f2b-baa6-c7815242c94f",
    "timestamp": "unknown"
  },
  {
    "title": "Jan ,Statement of changes in beneficial ownership of securities--.pdf--.rtf--.xlsView HTML",
    "link": "https://investors.designtx.com/sec-filings/sec-filing//--",
    "timestamp": "unknown"
  },
  {
    "title": "--.pdf",
    "link": "https://investors.designtx.com/static-files/d26fe076-a67e--b5b9-eef6661a04df",
    "timestamp": "unknown"
  },
  {
    "title": "--.rtf",
    "link": "https://investors.designtx.com/static-files/48983c77-ff98--bbf7-734e89cf4373",
    "timestamp": "unknown"
  },
  {
    "title": "--.xls",
    "link": "https://investors.designtx.com/static-files/536d7078---a124-e24849468f56",
    "timestamp": "unknown"
  },
  {
    "title": "Jan ,Statement of changes in beneficial ownership of securities--.pdf--.rtf--.xlsView HTML",
    "link": "https://investors.designtx.com/sec-filings/sec-filing//--",
    "timestamp": "unknown"
  },
  {
    "title": "--.pdf",
    "link": "https://investors.designtx.com/static-files/1ef2af42-322a-40b7-b726-d7fd36d671a7",
    "timestamp": "unknown"
  },
  {
    "title": "--.rtf",
    "link": "https://investors.designtx.com/static-files/cd675583-4b77-4eee-9dba-d2bf5a14dcf1",
    "timestamp": "unknown"
  },
  {
    "title": "--.xls",
    "link": "https://investors.designtx.com/static-files/a3f990e9-e027--9a12-b78506e7353a",
    "timestamp": "unknown"
  },
  {
    "title": "Jan ,Statement of changes in beneficial ownership of securities--.pdf--.rtf--.xlsView HTML",
    "link": "https://investors.designtx.com/sec-filings/sec-filing//--",
    "timestamp": "unknown"
  },
  {
    "title": "--.pdf",
    "link": "https://investors.designtx.com/static-files/d53519b5-352d-4ab2-a947-4dfdbd6495af",
    "timestamp": "unknown"
  },
  {
    "title": "--.rtf",
    "link": "https://investors.designtx.com/static-files/9c274f1e-5b1f-49f5-ad59-a35a2333fdc9",
    "timestamp": "unknown"
  },
  {
    "title": "--.xls",
    "link": "https://investors.designtx.com/static-files/bdb407b4-77de-41cc-838b-07a5b7b281bb",
    "timestamp": "unknown"
  },
  {
    "title": "Jan ,Statement of changes in beneficial ownership of securities--.pdf--.rtf--.xlsView HTML",
    "link": "https://investors.designtx.com/sec-filings/sec-filing//--",
    "timestamp": "unknown"
  },
  {
    "title": "--.pdf",
    "link": "https://investors.designtx.com/static-files/b43f52b8-95f4-4e6b--70da082923ff",
    "timestamp": "unknown"
  },
  {
    "title": "--.rtf",
    "link": "https://investors.designtx.com/static-files/f136a62b-1bcb-447e-ae3a-028cbb9c721e",
    "timestamp": "unknown"
  },
  {
    "title": "--.xls",
    "link": "https://investors.designtx.com/static-files/be74d22d-dda4---e857af748bc6",
    "timestamp": "unknown"
  },
  {
    "title": "Dec ,Statement of changes in beneficial ownership of securities--.pdf--.rtf--.xlsView HTML",
    "link": "https://investors.designtx.com/sec-filings/sec-filing//--",
    "timestamp": "unknown"
  },
  {
    "title": "--.pdf",
    "link": "https://investors.designtx.com/static-files/-ec78-4ee0-85f9-001d9a271899",
    "timestamp": "unknown"
  },
  {
    "title": "--.rtf",
    "link": "https://investors.designtx.com/static-files/f71fc30f--4a0d-87d9-281bcae29ec7",
    "timestamp": "unknown"
  },
  {
    "title": "--.xls",
    "link": "https://investors.designtx.com/static-files/67a52270-db44-45ed-bf64-271d61e7a652",
    "timestamp": "unknown"
  },
  {
    "title": "Nov ,Filed by \"insiders\" prior intended sale of restricted stock.--.pdf--.rtf--.xlsView HTML",
    "link": "https://investors.designtx.com/sec-filings/sec-filing//--",
    "timestamp": "unknown"
  },
  {
    "title": "--.pdf",
    "link": "https://investors.designtx.com/static-files/503fff28-9b05-4e79-8a9a-73fa73d56303",
    "timestamp": "unknown"
  },
  {
    "title": "--.rtf",
    "link": "https://investors.designtx.com/static-files/5ee43510--445b-aa24-58b6f76ba086",
    "timestamp": "unknown"
  },
  {
    "title": "--.xls",
    "link": "https://investors.designtx.com/static-files/2c2ede8a-85a4---28dadb9b8da5",
    "timestamp": "unknown"
  },
  {
    "title": "Nov ,SCHEDULE 13D/A - DescriptionSCHEDULE 13D/A--.pdf--.rtf--.xlsView HTML",
    "link": "https://investors.designtx.com/sec-filings/sec-filing/schedule-13da/--",
    "timestamp": "unknown"
  },
  {
    "title": "--.pdf",
    "link": "https://investors.designtx.com/static-files/50fbbd84-59da-4ed6-a07f-1fa094b2ff79",
    "timestamp": "unknown"
  },
  {
    "title": "--.rtf",
    "link": "https://investors.designtx.com/static-files/5fba293a-4c40--ae79-53a5c330cdc0",
    "timestamp": "unknown"
  },
  {
    "title": "--.xls",
    "link": "https://investors.designtx.com/static-files/7e8d0c78-e033--a64a-a34376452f4c",
    "timestamp": "unknown"
  },
  {
    "title": "Nov ,Filed by \"insiders\" prior intended sale of restricted stock.--.pdf--.rtfView HTML",
    "link": "https://investors.designtx.com/sec-filings/sec-filing//--",
    "timestamp": "unknown"
  },
  {
    "title": "--.pdf",
    "link": "https://investors.designtx.com/static-files/a7feb44c-f3b3-4f55-9ee5-6b491e2b1e0b",
    "timestamp": "unknown"
  },
  {
    "title": "--.rtf",
    "link": "https://investors.designtx.com/static-files/40a08746-fb9e-4f29-9d9f-dff1ef6227b0",
    "timestamp": "unknown"
  },
  {
    "title": "Current page",
    "link": "https://investors.designtx.com/financial-information/sec-filings?&field_nir_sec_cik_target_id=&field_nir_sec_date_filed_value=&&&items_per_page_toggle=&page=",
    "timestamp": "unknown"
  },
  {
    "title": "Page",
    "link": "https://investors.designtx.com/financial-information/sec-filings?&field_nir_sec_cik_target_id=&field_nir_sec_date_filed_value=&&&items_per_page_toggle=&page=",
    "timestamp": "unknown"
  },
  {
    "title": "Page",
    "link": "https://investors.designtx.com/financial-information/sec-filings?&field_nir_sec_cik_target_id=&field_nir_sec_date_filed_value=&&&items_per_page_toggle=&page=",
    "timestamp": "unknown"
  },
  {
    "title": "Page",
    "link": "https://investors.designtx.com/financial-information/sec-filings?&field_nir_sec_cik_target_id=&field_nir_sec_date_filed_value=&&&items_per_page_toggle=&page=",
    "timestamp": "unknown"
  },
  {
    "title": "Page",
    "link": "https://investors.designtx.com/financial-information/sec-filings?&field_nir_sec_cik_target_id=&field_nir_sec_date_filed_value=&&&items_per_page_toggle=&page=",
    "timestamp": "unknown"
  },
  {
    "title": "Page",
    "link": "https://investors.designtx.com/financial-information/sec-filings?&field_nir_sec_cik_target_id=&field_nir_sec_date_filed_value=&&&items_per_page_toggle=&page=",
    "timestamp": "unknown"
  },
  {
    "title": "Page",
    "link": "https://investors.designtx.com/financial-information/sec-filings?&field_nir_sec_cik_target_id=&field_nir_sec_date_filed_value=&&&items_per_page_toggle=&page=",
    "timestamp": "unknown"
  },
  {
    "title": "Page",
    "link": "https://investors.designtx.com/financial-information/sec-filings?&field_nir_sec_cik_target_id=&field_nir_sec_date_filed_value=&&&items_per_page_toggle=&page=",
    "timestamp": "unknown"
  },
  {
    "title": "Page",
    "link": "https://investors.designtx.com/financial-information/sec-filings?&field_nir_sec_cik_target_id=&field_nir_sec_date_filed_value=&&&items_per_page_toggle=&page=",
    "timestamp": "unknown"
  },
  {
    "title": "Next pageNext \u203a",
    "link": "https://investors.designtx.com/financial-information/sec-filings?&field_nir_sec_cik_target_id=&field_nir_sec_date_filed_value=&&&items_per_page_toggle=&page=",
    "timestamp": "unknown"
  },
  {
    "title": "Last pageLast \u00bb",
    "link": "https://investors.designtx.com/financial-information/sec-filings?&field_nir_sec_cik_target_id=&field_nir_sec_date_filed_value=&&&items_per_page_toggle=&page=",
    "timestamp": "unknown"
  },
  {
    "title": "Data provided byKaleidoscope.",
    "link": "https://www.kscope.io",
    "timestamp": "unknown"
  },
  {
    "title": "Data provided byKaleidoscope.",
    "link": "https://www.kscope.io",
    "timestamp": "unknown"
  },
  {
    "title": "Investor ToolsPrint PageRSS FeedsEmail PageEmail Alerts",
    "link": "javascript:window.print();",
    "timestamp": "unknown"
  },
  {
    "title": "Investor ToolsPrint PageRSS FeedsEmail PageEmail Alerts",
    "link": "javascript:window.print();",
    "timestamp": "unknown"
  },
  {
    "title": "Investor ToolsPrint PageRSS FeedsEmail PageEmail Alerts",
    "link": "javascript:window.print();",
    "timestamp": "unknown"
  },
  {
    "title": "Print Page",
    "link": "javascript:window.print();",
    "timestamp": "unknown"
  },
  {
    "title": "RSS Feeds",
    "link": "https://investors.designtx.com/rss-feeds",
    "timestamp": "unknown"
  },
  {
    "title": "Email Page",
    "link": "mailto:?body=https://investors.designtx.com/financial-information/sec-filings",
    "timestamp": "unknown"
  },
  {
    "title": "Email Alerts",
    "link": "https://investors.designtx.com/shareholder-services/email-alerts",
    "timestamp": "unknown"
  },
  {
    "title": "Design TherapeuticsHidden Valley RoadSuiteCarlsbad, CA--Investors & Mediarenee@thrustsc.comCareerswork@designtx.comGeneralinfo@designtx.com\u00a9  Design T",
    "link": "tel:--",
    "timestamp": "unknown"
  },
  {
    "title": "Design TherapeuticsHidden Valley RoadSuiteCarlsbad, CA--Investors & Mediarenee@thrustsc.comCareerswork@designtx.comGeneralinfo@designtx.com\u00a9  Design T",
    "link": "tel:--",
    "timestamp": "unknown"
  },
  {
    "title": "Design TherapeuticsHidden Valley RoadSuiteCarlsbad, CA--Investors & Mediarenee@thrustsc.comCareerswork@designtx.comGeneralinfo@designtx.com",
    "link": "tel:--",
    "timestamp": "unknown"
  },
  {
    "title": "Design TherapeuticsHidden Valley RoadSuiteCarlsbad, CA--Investors & Mediarenee@thrustsc.comCareerswork@designtx.comGeneralinfo@designtx.com",
    "link": "tel:--",
    "timestamp": "unknown"
  },
  {
    "title": "Design TherapeuticsHidden Valley RoadSuiteCarlsbad, CA--Investors & Mediarenee@thrustsc.comCareerswork@designtx.comGeneralinfo@designtx.com",
    "link": "tel:--",
    "timestamp": "unknown"
  },
  {
    "title": "Design TherapeuticsHidden Valley RoadSuiteCarlsbad, CA--Investors & Mediarenee@thrustsc.comCareerswork@designtx.comGeneralinfo@designtx.com",
    "link": "tel:--",
    "timestamp": "unknown"
  },
  {
    "title": "Design TherapeuticsHidden Valley RoadSuiteCarlsbad, CA--Investors & Mediarenee@thrustsc.comCareerswork@designtx.comGeneralinfo@designtx.com",
    "link": "tel:--",
    "timestamp": "unknown"
  },
  {
    "title": "Design TherapeuticsHidden Valley RoadSuiteCarlsbad, CA--",
    "link": "tel:--",
    "timestamp": "unknown"
  },
  {
    "title": "Design TherapeuticsHidden Valley RoadSuiteCarlsbad, CA--",
    "link": "tel:--",
    "timestamp": "unknown"
  },
  {
    "title": "Hidden Valley RoadSuiteCarlsbad, CA--",
    "link": "tel:--",
    "timestamp": "unknown"
  },
  {
    "title": "Investors & Mediarenee@thrustsc.com",
    "link": "mailto:renee@thrustsc.com",
    "timestamp": "unknown"
  },
  {
    "title": "Investors & Mediarenee@thrustsc.com",
    "link": "mailto:renee@thrustsc.com",
    "timestamp": "unknown"
  },
  {
    "title": "renee@thrustsc.com",
    "link": "mailto:renee@thrustsc.com",
    "timestamp": "unknown"
  },
  {
    "title": "Careerswork@designtx.com",
    "link": "mailto:work@designtx.com",
    "timestamp": "unknown"
  },
  {
    "title": "Careerswork@designtx.com",
    "link": "mailto:work@designtx.com",
    "timestamp": "unknown"
  },
  {
    "title": "work@designtx.com",
    "link": "mailto:work@designtx.com",
    "timestamp": "unknown"
  },
  {
    "title": "Generalinfo@designtx.com",
    "link": "mailto:info@designtx.com",
    "timestamp": "unknown"
  },
  {
    "title": "Generalinfo@designtx.com",
    "link": "mailto:info@designtx.com",
    "timestamp": "unknown"
  },
  {
    "title": "info@designtx.com",
    "link": "mailto:info@designtx.com",
    "timestamp": "unknown"
  },
  {
    "title": "\u00a9  Design Therapeutics, Inc. All Rights Reserved. |Privacy Policy|Terms of Use",
    "link": "https://www.designtx.com/privacy-policy/",
    "timestamp": "unknown"
  },
  {
    "title": "\u00a9  Design Therapeutics, Inc. All Rights Reserved. |Privacy Policy|Terms of Use",
    "link": "https://www.designtx.com/privacy-policy/",
    "timestamp": "unknown"
  },
  {
    "title": "\u00a9  Design Therapeutics, Inc. All Rights Reserved. |Privacy Policy|Terms of Use",
    "link": "https://www.designtx.com/privacy-policy/",
    "timestamp": "unknown"
  }
]