[
  {
    "title": "Investor RelationsAbout UsOur ApproachOur ProgramsPatientsInvestorsHomeNews & EventsNews ReleasesEvents & PresentationsAnalyst CoverageStock Informati",
    "link": "https://www.designtx.com/",
    "timestamp": "unknown"
  },
  {
    "title": "Investor RelationsAbout UsOur ApproachOur ProgramsPatientsInvestorsHomeNews & EventsNews ReleasesEvents & PresentationsAnalyst CoverageStock Informati",
    "link": "https://www.designtx.com/",
    "timestamp": "unknown"
  },
  {
    "title": "Investor RelationsAbout UsOur ApproachOur ProgramsPatientsInvestorsHomeNews & EventsNews ReleasesEvents & PresentationsAnalyst CoverageStock Informati",
    "link": "https://www.designtx.com/",
    "timestamp": "unknown"
  },
  {
    "title": "Investor RelationsAbout UsOur ApproachOur ProgramsPatientsInvestorsHomeNews & EventsNews ReleasesEvents & PresentationsAnalyst CoverageStock Informati",
    "link": "https://www.designtx.com/",
    "timestamp": "unknown"
  },
  {
    "title": "Investor RelationsAbout UsOur ApproachOur ProgramsPatientsInvestorsHomeNews & EventsNews ReleasesEvents & PresentationsAnalyst CoverageStock Informati",
    "link": "https://www.designtx.com/about-us/",
    "timestamp": "unknown"
  },
  {
    "title": "Investor RelationsAbout UsOur ApproachOur ProgramsPatientsInvestorsHomeNews & EventsNews ReleasesEvents & PresentationsAnalyst CoverageStock Informati",
    "link": "https://www.designtx.com/about-us/",
    "timestamp": "unknown"
  },
  {
    "title": "About Us",
    "link": "https://www.designtx.com/about-us/",
    "timestamp": "unknown"
  },
  {
    "title": "Our Approach",
    "link": "https://www.designtx.com/our-approach/",
    "timestamp": "unknown"
  },
  {
    "title": "Our Programs",
    "link": "https://www.designtx.com/our-programs/",
    "timestamp": "unknown"
  },
  {
    "title": "Patients",
    "link": "https://www.designtx.com/patients/",
    "timestamp": "unknown"
  },
  {
    "title": "InvestorsHomeNews & EventsNews ReleasesEvents & PresentationsAnalyst CoverageStock InformationStock Quote & ChartCorporate GovernanceDocuments & Chart",
    "link": "https://investors.designtx.com/",
    "timestamp": "unknown"
  },
  {
    "title": "Home",
    "link": "https://investors.designtx.com/",
    "timestamp": "unknown"
  },
  {
    "title": "News & EventsNews ReleasesEvents & Presentations",
    "link": "https://investors.designtx.com/news-and-events/news-releases",
    "timestamp": "unknown"
  },
  {
    "title": "News Releases",
    "link": "https://investors.designtx.com/news-and-events/news-releases",
    "timestamp": "unknown"
  },
  {
    "title": "Events & Presentations",
    "link": "https://investors.designtx.com/news-and-events/events-presentation",
    "timestamp": "unknown"
  },
  {
    "title": "Analyst Coverage",
    "link": "https://investors.designtx.com/stock-information/analyst-coverage",
    "timestamp": "unknown"
  },
  {
    "title": "Stock InformationStock Quote & Chart",
    "link": "https://investors.designtx.com/stock-information/stock-quote-chart",
    "timestamp": "unknown"
  },
  {
    "title": "Stock Quote & Chart",
    "link": "https://investors.designtx.com/stock-information/stock-quote-chart",
    "timestamp": "unknown"
  },
  {
    "title": "Corporate GovernanceDocuments & ChartersManagement TeamBoard of DirectorsCommittee Composition",
    "link": "https://investors.designtx.com/corporate-governance/governance-overview",
    "timestamp": "unknown"
  },
  {
    "title": "Documents & Charters",
    "link": "https://investors.designtx.com/corporate-governance/governance-overview",
    "timestamp": "unknown"
  },
  {
    "title": "Management Team",
    "link": "https://www.designtx.com/about-us/",
    "timestamp": "unknown"
  },
  {
    "title": "Board of Directors",
    "link": "https://www.designtx.com/about-us/",
    "timestamp": "unknown"
  },
  {
    "title": "Committee Composition",
    "link": "https://investors.designtx.com/corporate-governance/committee-composition",
    "timestamp": "unknown"
  },
  {
    "title": "Financials & FilingsSEC Filings",
    "link": "https://investors.designtx.com/financial-information/sec-filings",
    "timestamp": "unknown"
  },
  {
    "title": "SEC Filings",
    "link": "https://investors.designtx.com/financial-information/sec-filings",
    "timestamp": "unknown"
  },
  {
    "title": "Investor ResourcesFAQsEmail AlertsContact IR",
    "link": "https://investors.designtx.com/shareholder-services/investor-faqs",
    "timestamp": "unknown"
  },
  {
    "title": "FAQs",
    "link": "https://investors.designtx.com/shareholder-services/investor-faqs",
    "timestamp": "unknown"
  },
  {
    "title": "Email Alerts",
    "link": "https://investors.designtx.com/shareholder-services/email-alerts",
    "timestamp": "unknown"
  },
  {
    "title": "Contact IR",
    "link": "https://investors.designtx.com/shareholder-services/contact-ir",
    "timestamp": "unknown"
  },
  {
    "title": "Careers",
    "link": "https://www.designtx.com/careers/",
    "timestamp": "unknown"
  },
  {
    "title": "Events & PresentationsPresentationsCorporate PresentationUpcoming EventsDateEvent DetailsRemind MeFeb ,  at  ESTOppenheimer 36th Annual Healthcare Lif",
    "link": "https://investors.designtx.com/static-files/44efaeb6-a220-454c-9b8a-b518a1af5e31",
    "timestamp": "unknown"
  },
  {
    "title": "PresentationsCorporate PresentationUpcoming EventsDateEvent DetailsRemind MeFeb ,  at  ESTOppenheimer 36th Annual Healthcare Life Sciences ConferenceV",
    "link": "https://investors.designtx.com/static-files/44efaeb6-a220-454c-9b8a-b518a1af5e31",
    "timestamp": "unknown"
  },
  {
    "title": "PresentationsCorporate PresentationUpcoming EventsDateEvent DetailsRemind MeFeb ,  at  ESTOppenheimer 36th Annual Healthcare Life Sciences ConferenceV",
    "link": "https://investors.designtx.com/static-files/44efaeb6-a220-454c-9b8a-b518a1af5e31",
    "timestamp": "unknown"
  },
  {
    "title": "PresentationsCorporate PresentationUpcoming EventsDateEvent DetailsRemind MeFeb ,  at  ESTOppenheimer 36th Annual Healthcare Life Sciences ConferenceV",
    "link": "https://investors.designtx.com/static-files/44efaeb6-a220-454c-9b8a-b518a1af5e31",
    "timestamp": "unknown"
  },
  {
    "title": "PresentationsCorporate PresentationUpcoming EventsDateEvent DetailsRemind MeFeb ,  at  ESTOppenheimer 36th Annual Healthcare Life Sciences ConferenceV",
    "link": "https://investors.designtx.com/static-files/44efaeb6-a220-454c-9b8a-b518a1af5e31",
    "timestamp": "unknown"
  },
  {
    "title": "PresentationsCorporate PresentationUpcoming EventsDateEvent DetailsRemind MeFeb ,  at  ESTOppenheimer 36th Annual Healthcare Life Sciences ConferenceV",
    "link": "https://investors.designtx.com/static-files/44efaeb6-a220-454c-9b8a-b518a1af5e31",
    "timestamp": "unknown"
  },
  {
    "title": "PresentationsCorporate PresentationUpcoming EventsDateEvent DetailsRemind MeFeb ,  at  ESTOppenheimer 36th Annual Healthcare Life Sciences ConferenceV",
    "link": "https://investors.designtx.com/static-files/44efaeb6-a220-454c-9b8a-b518a1af5e31",
    "timestamp": "unknown"
  },
  {
    "title": "PresentationsCorporate PresentationUpcoming EventsDateEvent DetailsRemind MeFeb ,  at  ESTOppenheimer 36th Annual Healthcare Life Sciences ConferenceV",
    "link": "https://investors.designtx.com/static-files/44efaeb6-a220-454c-9b8a-b518a1af5e31",
    "timestamp": "unknown"
  },
  {
    "title": "PresentationsCorporate PresentationUpcoming EventsDateEvent DetailsRemind MeFeb ,  at  ESTOppenheimer 36th Annual Healthcare Life Sciences ConferenceV",
    "link": "https://investors.designtx.com/static-files/44efaeb6-a220-454c-9b8a-b518a1af5e31",
    "timestamp": "unknown"
  },
  {
    "title": "PresentationsCorporate PresentationUpcoming EventsDateEvent DetailsRemind MeFeb ,  at  ESTOppenheimer 36th Annual Healthcare Life Sciences ConferenceV",
    "link": "https://investors.designtx.com/static-files/44efaeb6-a220-454c-9b8a-b518a1af5e31",
    "timestamp": "unknown"
  },
  {
    "title": "PresentationsCorporate PresentationUpcoming EventsDateEvent DetailsRemind MeFeb ,  at  ESTOppenheimer 36th Annual Healthcare Life Sciences ConferenceV",
    "link": "https://investors.designtx.com/static-files/44efaeb6-a220-454c-9b8a-b518a1af5e31",
    "timestamp": "unknown"
  },
  {
    "title": "PresentationsCorporate PresentationUpcoming EventsDateEvent DetailsRemind MeFeb ,  at  ESTOppenheimer 36th Annual Healthcare Life Sciences ConferenceV",
    "link": "https://investors.designtx.com/static-files/44efaeb6-a220-454c-9b8a-b518a1af5e31",
    "timestamp": "unknown"
  },
  {
    "title": "PresentationsCorporate PresentationUpcoming EventsDateEvent DetailsRemind MeFeb ,  at  ESTOppenheimer 36th Annual Healthcare Life Sciences ConferenceV",
    "link": "https://investors.designtx.com/static-files/44efaeb6-a220-454c-9b8a-b518a1af5e31",
    "timestamp": "unknown"
  },
  {
    "title": "PresentationsCorporate PresentationUpcoming EventsDateEvent DetailsRemind MeFeb ,  at  ESTOppenheimer 36th Annual Healthcare Life Sciences ConferenceV",
    "link": "https://investors.designtx.com/static-files/44efaeb6-a220-454c-9b8a-b518a1af5e31",
    "timestamp": "unknown"
  },
  {
    "title": "PresentationsCorporate PresentationUpcoming EventsDateEvent DetailsRemind MeFeb ,  at  ESTOppenheimer 36th Annual Healthcare Life Sciences ConferenceV",
    "link": "https://investors.designtx.com/static-files/44efaeb6-a220-454c-9b8a-b518a1af5e31",
    "timestamp": "unknown"
  },
  {
    "title": "PresentationsCorporate PresentationUpcoming EventsDateEvent DetailsRemind MeFeb ,  at  ESTOppenheimer 36th Annual Healthcare Life Sciences ConferenceV",
    "link": "https://investors.designtx.com/static-files/44efaeb6-a220-454c-9b8a-b518a1af5e31",
    "timestamp": "unknown"
  },
  {
    "title": "PresentationsCorporate PresentationUpcoming EventsDateEvent DetailsRemind MeFeb ,  at  ESTOppenheimer 36th Annual Healthcare Life Sciences ConferenceV",
    "link": "https://investors.designtx.com/static-files/44efaeb6-a220-454c-9b8a-b518a1af5e31",
    "timestamp": "unknown"
  },
  {
    "title": "PresentationsCorporate PresentationUpcoming EventsDateEvent DetailsRemind MeFeb ,  at  ESTOppenheimer 36th Annual Healthcare Life Sciences ConferenceV",
    "link": "https://investors.designtx.com/static-files/44efaeb6-a220-454c-9b8a-b518a1af5e31",
    "timestamp": "unknown"
  },
  {
    "title": "PresentationsCorporate PresentationUpcoming EventsDateEvent DetailsRemind MeFeb ,  at  ESTOppenheimer 36th Annual Healthcare Life Sciences ConferenceV",
    "link": "https://investors.designtx.com/static-files/44efaeb6-a220-454c-9b8a-b518a1af5e31",
    "timestamp": "unknown"
  },
  {
    "title": "PresentationsCorporate PresentationUpcoming EventsDateEvent DetailsRemind MeFeb ,  at  ESTOppenheimer 36th Annual Healthcare Life Sciences ConferenceV",
    "link": "https://investors.designtx.com/static-files/44efaeb6-a220-454c-9b8a-b518a1af5e31",
    "timestamp": "unknown"
  },
  {
    "title": "PresentationsCorporate Presentation",
    "link": "https://investors.designtx.com/static-files/44efaeb6-a220-454c-9b8a-b518a1af5e31",
    "timestamp": "unknown"
  },
  {
    "title": "PresentationsCorporate Presentation",
    "link": "https://investors.designtx.com/static-files/44efaeb6-a220-454c-9b8a-b518a1af5e31",
    "timestamp": "unknown"
  },
  {
    "title": "Corporate Presentation",
    "link": "https://investors.designtx.com/static-files/44efaeb6-a220-454c-9b8a-b518a1af5e31",
    "timestamp": "unknown"
  },
  {
    "title": "Corporate Presentation",
    "link": "https://investors.designtx.com/static-files/44efaeb6-a220-454c-9b8a-b518a1af5e31",
    "timestamp": "unknown"
  },
  {
    "title": "Corporate Presentation",
    "link": "https://investors.designtx.com/static-files/44efaeb6-a220-454c-9b8a-b518a1af5e31",
    "timestamp": "unknown"
  },
  {
    "title": "Corporate Presentation",
    "link": "https://investors.designtx.com/static-files/44efaeb6-a220-454c-9b8a-b518a1af5e31",
    "timestamp": "unknown"
  },
  {
    "title": "Corporate Presentation",
    "link": "https://investors.designtx.com/static-files/44efaeb6-a220-454c-9b8a-b518a1af5e31",
    "timestamp": "unknown"
  },
  {
    "title": "Corporate Presentation",
    "link": "https://investors.designtx.com/static-files/44efaeb6-a220-454c-9b8a-b518a1af5e31",
    "timestamp": "unknown"
  },
  {
    "title": "Upcoming EventsDateEvent DetailsRemind MeFeb ,  at  ESTOppenheimer 36th Annual Healthcare Life Sciences ConferenceView WebcastAdd to OutlookAdd to Goo",
    "link": "https://investors.designtx.com/events/event-details/oppenheimer-36th-annual-healthcare-life-sciences-conference",
    "timestamp": "unknown"
  },
  {
    "title": "Upcoming EventsDateEvent DetailsRemind MeFeb ,  at  ESTOppenheimer 36th Annual Healthcare Life Sciences ConferenceView WebcastAdd to OutlookAdd to Goo",
    "link": "https://investors.designtx.com/events/event-details/oppenheimer-36th-annual-healthcare-life-sciences-conference",
    "timestamp": "unknown"
  },
  {
    "title": "DateEvent DetailsRemind MeFeb ,  at  ESTOppenheimer 36th Annual Healthcare Life Sciences ConferenceView WebcastAdd to OutlookAdd to Google CalendarMar",
    "link": "https://investors.designtx.com/events/event-details/oppenheimer-36th-annual-healthcare-life-sciences-conference",
    "timestamp": "unknown"
  },
  {
    "title": "DateEvent DetailsRemind MeFeb ,  at  ESTOppenheimer 36th Annual Healthcare Life Sciences ConferenceView WebcastAdd to OutlookAdd to Google CalendarMar",
    "link": "https://investors.designtx.com/events/event-details/oppenheimer-36th-annual-healthcare-life-sciences-conference",
    "timestamp": "unknown"
  },
  {
    "title": "Feb ,  at  ESTOppenheimer 36th Annual Healthcare Life Sciences ConferenceView WebcastAdd to OutlookAdd to Google Calendar",
    "link": "https://investors.designtx.com/events/event-details/oppenheimer-36th-annual-healthcare-life-sciences-conference",
    "timestamp": "unknown"
  },
  {
    "title": "Oppenheimer 36th Annual Healthcare Life Sciences Conference",
    "link": "https://investors.designtx.com/events/event-details/oppenheimer-36th-annual-healthcare-life-sciences-conference",
    "timestamp": "unknown"
  },
  {
    "title": "Oppenheimer 36th Annual Healthcare Life Sciences Conference",
    "link": "https://investors.designtx.com/events/event-details/oppenheimer-36th-annual-healthcare-life-sciences-conference",
    "timestamp": "unknown"
  },
  {
    "title": "Oppenheimer 36th Annual Healthcare Life Sciences Conference",
    "link": "https://investors.designtx.com/events/event-details/oppenheimer-36th-annual-healthcare-life-sciences-conference",
    "timestamp": "unknown"
  },
  {
    "title": "View Webcast",
    "link": "https://event.summitcast.com/view/CTtthLh2Bi2D9aYoKpvtEv/guest_book?session_id=YBe6uHuKsNGnSvsDynCkJe",
    "timestamp": "unknown"
  },
  {
    "title": "View Webcast",
    "link": "https://event.summitcast.com/view/CTtthLh2Bi2D9aYoKpvtEv/guest_book?session_id=YBe6uHuKsNGnSvsDynCkJe",
    "timestamp": "unknown"
  },
  {
    "title": "View Webcast",
    "link": "https://event.summitcast.com/view/CTtthLh2Bi2D9aYoKpvtEv/guest_book?session_id=YBe6uHuKsNGnSvsDynCkJe",
    "timestamp": "unknown"
  },
  {
    "title": "Add to OutlookAdd to Google Calendar",
    "link": "https://investors.designtx.com/node//ics",
    "timestamp": "unknown"
  },
  {
    "title": "Add to Outlook",
    "link": "https://investors.designtx.com/node//ics",
    "timestamp": "unknown"
  },
  {
    "title": "Add to Outlook",
    "link": "https://investors.designtx.com/node//ics",
    "timestamp": "unknown"
  },
  {
    "title": "Add to Outlook",
    "link": "https://investors.designtx.com/node//ics",
    "timestamp": "unknown"
  },
  {
    "title": "Add to Google Calendar",
    "link": "https://www.google.com/calendar/render?action=TEMPLATE&text=Design%20Therapeutics%2C%20Inc%-%20Oppenheimer%2036th%20Annual%20Healthcare%20Life%20Sciences%20Conference&dates=20260225T182000Z/20260225T182000Z&details=Event%20Details%3A%20https%3A//designtx.gcs-web.com/events/event-details/oppenheimer-36th-annual-healthcare-life-sciences-conference%0A%0AWebcast%3A%20https%3A//event.summitcast.com/view/CTtthLh2Bi2D9aYoKpvtEv/guest_book%3Fsession_id%3DYBe6uHuKsNGnSvsDynCkJe&location=&trp=false&sprop=name%3A",
    "timestamp": "unknown"
  },
  {
    "title": "Add to Google Calendar",
    "link": "https://www.google.com/calendar/render?action=TEMPLATE&text=Design%20Therapeutics%2C%20Inc%-%20Oppenheimer%2036th%20Annual%20Healthcare%20Life%20Sciences%20Conference&dates=20260225T182000Z/20260225T182000Z&details=Event%20Details%3A%20https%3A//designtx.gcs-web.com/events/event-details/oppenheimer-36th-annual-healthcare-life-sciences-conference%0A%0AWebcast%3A%20https%3A//event.summitcast.com/view/CTtthLh2Bi2D9aYoKpvtEv/guest_book%3Fsession_id%3DYBe6uHuKsNGnSvsDynCkJe&location=&trp=false&sprop=name%3A",
    "timestamp": "unknown"
  },
  {
    "title": "Add to Google Calendar",
    "link": "https://www.google.com/calendar/render?action=TEMPLATE&text=Design%20Therapeutics%2C%20Inc%-%20Oppenheimer%2036th%20Annual%20Healthcare%20Life%20Sciences%20Conference&dates=20260225T182000Z/20260225T182000Z&details=Event%20Details%3A%20https%3A//designtx.gcs-web.com/events/event-details/oppenheimer-36th-annual-healthcare-life-sciences-conference%0A%0AWebcast%3A%20https%3A//event.summitcast.com/view/CTtthLh2Bi2D9aYoKpvtEv/guest_book%3Fsession_id%3DYBe6uHuKsNGnSvsDynCkJe&location=&trp=false&sprop=name%3A",
    "timestamp": "unknown"
  },
  {
    "title": "Mar ,  at  EDTLeerink Partners Global Healthcare ConferenceView WebcastAdd to OutlookAdd to Google Calendar",
    "link": "https://investors.designtx.com/events/event-details/leerink-partners-global-healthcare-conference",
    "timestamp": "unknown"
  },
  {
    "title": "Leerink Partners Global Healthcare Conference",
    "link": "https://investors.designtx.com/events/event-details/leerink-partners-global-healthcare-conference",
    "timestamp": "unknown"
  },
  {
    "title": "Leerink Partners Global Healthcare Conference",
    "link": "https://investors.designtx.com/events/event-details/leerink-partners-global-healthcare-conference",
    "timestamp": "unknown"
  },
  {
    "title": "Leerink Partners Global Healthcare Conference",
    "link": "https://investors.designtx.com/events/event-details/leerink-partners-global-healthcare-conference",
    "timestamp": "unknown"
  },
  {
    "title": "View Webcast",
    "link": "https://event.summitcast.com/view/mT9poctHDNthc6b89WqVjf/dUVc9StgGtxGmzLQe4kjiS",
    "timestamp": "unknown"
  },
  {
    "title": "View Webcast",
    "link": "https://event.summitcast.com/view/mT9poctHDNthc6b89WqVjf/dUVc9StgGtxGmzLQe4kjiS",
    "timestamp": "unknown"
  },
  {
    "title": "View Webcast",
    "link": "https://event.summitcast.com/view/mT9poctHDNthc6b89WqVjf/dUVc9StgGtxGmzLQe4kjiS",
    "timestamp": "unknown"
  },
  {
    "title": "Add to OutlookAdd to Google Calendar",
    "link": "https://investors.designtx.com/node//ics",
    "timestamp": "unknown"
  },
  {
    "title": "Add to Outlook",
    "link": "https://investors.designtx.com/node//ics",
    "timestamp": "unknown"
  },
  {
    "title": "Add to Outlook",
    "link": "https://investors.designtx.com/node//ics",
    "timestamp": "unknown"
  },
  {
    "title": "Add to Outlook",
    "link": "https://investors.designtx.com/node//ics",
    "timestamp": "unknown"
  },
  {
    "title": "Add to Google Calendar",
    "link": "https://www.google.com/calendar/render?action=TEMPLATE&text=Design%20Therapeutics%2C%20Inc%-%20Leerink%20Partners%20Global%20Healthcare%20Conference%&dates=20260310T182000Z/20260310T182000Z&details=Event%20Details%3A%20https%3A//designtx.gcs-web.com/events/event-details/leerink-partners-global-healthcare-conference%0A%0AWebcast%3A%20https%3A//event.summitcast.com/view/mT9poctHDNthc6b89WqVjf/dUVc9StgGtxGmzLQe4kjiS&location=&trp=false&sprop=name%3A",
    "timestamp": "unknown"
  },
  {
    "title": "Add to Google Calendar",
    "link": "https://www.google.com/calendar/render?action=TEMPLATE&text=Design%20Therapeutics%2C%20Inc%-%20Leerink%20Partners%20Global%20Healthcare%20Conference%&dates=20260310T182000Z/20260310T182000Z&details=Event%20Details%3A%20https%3A//designtx.gcs-web.com/events/event-details/leerink-partners-global-healthcare-conference%0A%0AWebcast%3A%20https%3A//event.summitcast.com/view/mT9poctHDNthc6b89WqVjf/dUVc9StgGtxGmzLQe4kjiS&location=&trp=false&sprop=name%3A",
    "timestamp": "unknown"
  },
  {
    "title": "Add to Google Calendar",
    "link": "https://www.google.com/calendar/render?action=TEMPLATE&text=Design%20Therapeutics%2C%20Inc%-%20Leerink%20Partners%20Global%20Healthcare%20Conference%&dates=20260310T182000Z/20260310T182000Z&details=Event%20Details%3A%20https%3A//designtx.gcs-web.com/events/event-details/leerink-partners-global-healthcare-conference%0A%0AWebcast%3A%20https%3A//event.summitcast.com/view/mT9poctHDNthc6b89WqVjf/dUVc9StgGtxGmzLQe4kjiS&location=&trp=false&sprop=name%3A",
    "timestamp": "unknown"
  },
  {
    "title": "Past EventsDec ,  at  ESTEvercore 8th Annual Healthcare ConferenceView WebcastDec ,  at  ESTPiper Sandler 37th Annual Healthcare ConferenceView Webcas",
    "link": "https://wsw.com/webcast/evercore52/register.aspx?conf=evercore52&page=dsgn&url=https%3A//wsw.com/webcast/evercore52/dsgn/",
    "timestamp": "unknown"
  },
  {
    "title": "Past EventsDec ,  at  ESTEvercore 8th Annual Healthcare ConferenceView WebcastDec ,  at  ESTPiper Sandler 37th Annual Healthcare ConferenceView Webcas",
    "link": "https://wsw.com/webcast/evercore52/register.aspx?conf=evercore52&page=dsgn&url=https%3A//wsw.com/webcast/evercore52/dsgn/",
    "timestamp": "unknown"
  },
  {
    "title": "Dec ,  at  ESTEvercore 8th Annual Healthcare ConferenceView WebcastDec ,  at  ESTPiper Sandler 37th Annual Healthcare ConferenceView WebcastSep ,  at ",
    "link": "https://wsw.com/webcast/evercore52/register.aspx?conf=evercore52&page=dsgn&url=https%3A//wsw.com/webcast/evercore52/dsgn/",
    "timestamp": "unknown"
  },
  {
    "title": "Dec ,  at  ESTEvercore 8th Annual Healthcare ConferenceView WebcastDec ,  at  ESTPiper Sandler 37th Annual Healthcare ConferenceView WebcastSep ,  at ",
    "link": "https://wsw.com/webcast/evercore52/register.aspx?conf=evercore52&page=dsgn&url=https%3A//wsw.com/webcast/evercore52/dsgn/",
    "timestamp": "unknown"
  },
  {
    "title": "Dec ,  at  ESTEvercore 8th Annual Healthcare ConferenceView Webcast",
    "link": "https://wsw.com/webcast/evercore52/register.aspx?conf=evercore52&page=dsgn&url=https%3A//wsw.com/webcast/evercore52/dsgn/",
    "timestamp": "unknown"
  },
  {
    "title": "View Webcast",
    "link": "https://wsw.com/webcast/evercore52/register.aspx?conf=evercore52&page=dsgn&url=https%3A//wsw.com/webcast/evercore52/dsgn/",
    "timestamp": "unknown"
  },
  {
    "title": "View Webcast",
    "link": "https://wsw.com/webcast/evercore52/register.aspx?conf=evercore52&page=dsgn&url=https%3A//wsw.com/webcast/evercore52/dsgn/",
    "timestamp": "unknown"
  },
  {
    "title": "View Webcast",
    "link": "https://wsw.com/webcast/evercore52/register.aspx?conf=evercore52&page=dsgn&url=https%3A//wsw.com/webcast/evercore52/dsgn/",
    "timestamp": "unknown"
  },
  {
    "title": "Dec ,  at  ESTPiper Sandler 37th Annual Healthcare ConferenceView Webcast",
    "link": "https://event.webcasts.com/starthere.jsp?ei=&tp_key=af2af5633c",
    "timestamp": "unknown"
  },
  {
    "title": "View Webcast",
    "link": "https://event.webcasts.com/starthere.jsp?ei=&tp_key=af2af5633c",
    "timestamp": "unknown"
  },
  {
    "title": "View Webcast",
    "link": "https://event.webcasts.com/starthere.jsp?ei=&tp_key=af2af5633c",
    "timestamp": "unknown"
  },
  {
    "title": "View Webcast",
    "link": "https://event.webcasts.com/starthere.jsp?ei=&tp_key=af2af5633c",
    "timestamp": "unknown"
  },
  {
    "title": "Sep ,  at  EDTCantor Global Healthcare ConferenceView Webcast",
    "link": "https://sqps.onstreamsecure.com/origin/enliven/players/EnlivenPlayer.html?customerId=&eventId=&checkCompany=&checkEmail=&checkName=",
    "timestamp": "unknown"
  },
  {
    "title": "View Webcast",
    "link": "https://sqps.onstreamsecure.com/origin/enliven/players/EnlivenPlayer.html?customerId=&eventId=&checkCompany=&checkEmail=&checkName=",
    "timestamp": "unknown"
  },
  {
    "title": "View Webcast",
    "link": "https://sqps.onstreamsecure.com/origin/enliven/players/EnlivenPlayer.html?customerId=&eventId=&checkCompany=&checkEmail=&checkName=",
    "timestamp": "unknown"
  },
  {
    "title": "View Webcast",
    "link": "https://sqps.onstreamsecure.com/origin/enliven/players/EnlivenPlayer.html?customerId=&eventId=&checkCompany=&checkEmail=&checkName=",
    "timestamp": "unknown"
  },
  {
    "title": "Jun ,  at  EDTJefferies Global Healthcare ConferenceView Webcast",
    "link": "https://wsw.com/webcast/jeff319/register.aspx?conf=jeff319&page=dsgn&url=https%3A//wsw.com/webcast/jeff319/dsgn/",
    "timestamp": "unknown"
  },
  {
    "title": "View Webcast",
    "link": "https://wsw.com/webcast/jeff319/register.aspx?conf=jeff319&page=dsgn&url=https%3A//wsw.com/webcast/jeff319/dsgn/",
    "timestamp": "unknown"
  },
  {
    "title": "View Webcast",
    "link": "https://wsw.com/webcast/jeff319/register.aspx?conf=jeff319&page=dsgn&url=https%3A//wsw.com/webcast/jeff319/dsgn/",
    "timestamp": "unknown"
  },
  {
    "title": "View Webcast",
    "link": "https://wsw.com/webcast/jeff319/register.aspx?conf=jeff319&page=dsgn&url=https%3A//wsw.com/webcast/jeff319/dsgn/",
    "timestamp": "unknown"
  },
  {
    "title": "May ,  at  EDTRBC Capital Markets Healthcare ConferenceView Webcast",
    "link": "https://kvgo.com/rbc/design-therapeutics-inc-may-",
    "timestamp": "unknown"
  },
  {
    "title": "View Webcast",
    "link": "https://kvgo.com/rbc/design-therapeutics-inc-may-",
    "timestamp": "unknown"
  },
  {
    "title": "View Webcast",
    "link": "https://kvgo.com/rbc/design-therapeutics-inc-may-",
    "timestamp": "unknown"
  },
  {
    "title": "View Webcast",
    "link": "https://kvgo.com/rbc/design-therapeutics-inc-may-",
    "timestamp": "unknown"
  },
  {
    "title": "Investor ToolsPrint PageRSS FeedsEmail PageEmail Alerts",
    "link": "javascript:window.print();",
    "timestamp": "unknown"
  },
  {
    "title": "Investor ToolsPrint PageRSS FeedsEmail PageEmail Alerts",
    "link": "javascript:window.print();",
    "timestamp": "unknown"
  },
  {
    "title": "Investor ToolsPrint PageRSS FeedsEmail PageEmail Alerts",
    "link": "javascript:window.print();",
    "timestamp": "unknown"
  },
  {
    "title": "Print Page",
    "link": "javascript:window.print();",
    "timestamp": "unknown"
  },
  {
    "title": "RSS Feeds",
    "link": "https://investors.designtx.com/rss-feeds",
    "timestamp": "unknown"
  },
  {
    "title": "Email Page",
    "link": "mailto:?body=https://investors.designtx.com/news-and-events/events-presentation",
    "timestamp": "unknown"
  },
  {
    "title": "Email Alerts",
    "link": "https://investors.designtx.com/shareholder-services/email-alerts",
    "timestamp": "unknown"
  },
  {
    "title": "Design TherapeuticsHidden Valley RoadSuiteCarlsbad, CA--Investors & Mediarenee@thrustsc.comCareerswork@designtx.comGeneralinfo@designtx.com\u00a9  Design T",
    "link": "tel:--",
    "timestamp": "unknown"
  },
  {
    "title": "Design TherapeuticsHidden Valley RoadSuiteCarlsbad, CA--Investors & Mediarenee@thrustsc.comCareerswork@designtx.comGeneralinfo@designtx.com\u00a9  Design T",
    "link": "tel:--",
    "timestamp": "unknown"
  },
  {
    "title": "Design TherapeuticsHidden Valley RoadSuiteCarlsbad, CA--Investors & Mediarenee@thrustsc.comCareerswork@designtx.comGeneralinfo@designtx.com",
    "link": "tel:--",
    "timestamp": "unknown"
  },
  {
    "title": "Design TherapeuticsHidden Valley RoadSuiteCarlsbad, CA--Investors & Mediarenee@thrustsc.comCareerswork@designtx.comGeneralinfo@designtx.com",
    "link": "tel:--",
    "timestamp": "unknown"
  },
  {
    "title": "Design TherapeuticsHidden Valley RoadSuiteCarlsbad, CA--Investors & Mediarenee@thrustsc.comCareerswork@designtx.comGeneralinfo@designtx.com",
    "link": "tel:--",
    "timestamp": "unknown"
  },
  {
    "title": "Design TherapeuticsHidden Valley RoadSuiteCarlsbad, CA--Investors & Mediarenee@thrustsc.comCareerswork@designtx.comGeneralinfo@designtx.com",
    "link": "tel:--",
    "timestamp": "unknown"
  },
  {
    "title": "Design TherapeuticsHidden Valley RoadSuiteCarlsbad, CA--Investors & Mediarenee@thrustsc.comCareerswork@designtx.comGeneralinfo@designtx.com",
    "link": "tel:--",
    "timestamp": "unknown"
  },
  {
    "title": "Design TherapeuticsHidden Valley RoadSuiteCarlsbad, CA--",
    "link": "tel:--",
    "timestamp": "unknown"
  },
  {
    "title": "Design TherapeuticsHidden Valley RoadSuiteCarlsbad, CA--",
    "link": "tel:--",
    "timestamp": "unknown"
  },
  {
    "title": "Hidden Valley RoadSuiteCarlsbad, CA--",
    "link": "tel:--",
    "timestamp": "unknown"
  },
  {
    "title": "Investors & Mediarenee@thrustsc.com",
    "link": "mailto:renee@thrustsc.com",
    "timestamp": "unknown"
  },
  {
    "title": "Investors & Mediarenee@thrustsc.com",
    "link": "mailto:renee@thrustsc.com",
    "timestamp": "unknown"
  },
  {
    "title": "renee@thrustsc.com",
    "link": "mailto:renee@thrustsc.com",
    "timestamp": "unknown"
  },
  {
    "title": "Careerswork@designtx.com",
    "link": "mailto:work@designtx.com",
    "timestamp": "unknown"
  },
  {
    "title": "Careerswork@designtx.com",
    "link": "mailto:work@designtx.com",
    "timestamp": "unknown"
  },
  {
    "title": "work@designtx.com",
    "link": "mailto:work@designtx.com",
    "timestamp": "unknown"
  },
  {
    "title": "Generalinfo@designtx.com",
    "link": "mailto:info@designtx.com",
    "timestamp": "unknown"
  },
  {
    "title": "Generalinfo@designtx.com",
    "link": "mailto:info@designtx.com",
    "timestamp": "unknown"
  },
  {
    "title": "info@designtx.com",
    "link": "mailto:info@designtx.com",
    "timestamp": "unknown"
  },
  {
    "title": "\u00a9  Design Therapeutics, Inc. All Rights Reserved. |Privacy Policy|Terms of Use",
    "link": "https://www.designtx.com/privacy-policy/",
    "timestamp": "unknown"
  },
  {
    "title": "\u00a9  Design Therapeutics, Inc. All Rights Reserved. |Privacy Policy|Terms of Use",
    "link": "https://www.designtx.com/privacy-policy/",
    "timestamp": "unknown"
  },
  {
    "title": "\u00a9  Design Therapeutics, Inc. All Rights Reserved. |Privacy Policy|Terms of Use",
    "link": "https://www.designtx.com/privacy-policy/",
    "timestamp": "unknown"
  }
]