[
  {
    "title": "Toggle navigation",
    "link": "https://larimartx.com",
    "timestamp": "unknown"
  },
  {
    "title": "Toggle navigation",
    "link": "https://larimartx.com",
    "timestamp": "unknown"
  },
  {
    "title": "About LarimarCompany OverviewLeadershipBoard of DirectorsCareersOur ScienceScientific ApproachPublicationsOur ProgramsPipelineCTI-Expanded Access Poli",
    "link": "https://larimartx.com",
    "timestamp": "unknown"
  },
  {
    "title": "About LarimarCompany OverviewLeadershipBoard of DirectorsCareersOur ScienceScientific ApproachPublicationsOur ProgramsPipelineCTI-Expanded Access Poli",
    "link": "https://larimartx.com",
    "timestamp": "unknown"
  },
  {
    "title": "About LarimarCompany OverviewLeadershipBoard of DirectorsCareersOur ScienceScientific ApproachPublicationsOur ProgramsPipelineCTI-Expanded Access Poli",
    "link": "https://larimartx.com",
    "timestamp": "unknown"
  },
  {
    "title": "About LarimarCompany OverviewLeadershipBoard of DirectorsCareersOur ScienceScientific ApproachPublicationsOur ProgramsPipelineCTI-Expanded Access Poli",
    "link": "https://larimartx.com",
    "timestamp": "unknown"
  },
  {
    "title": "About LarimarCompany OverviewLeadershipBoard of DirectorsCareersOur ScienceScientific ApproachPublicationsOur ProgramsPipelineCTI-Expanded Access Poli",
    "link": "https://larimartx.com",
    "timestamp": "unknown"
  },
  {
    "title": "About LarimarCompany OverviewLeadershipBoard of DirectorsCareersOur ScienceScientific ApproachPublicationsOur ProgramsPipelineCTI-Expanded Access Poli",
    "link": "https://investors.larimartx.com/financial-information/sec-filings",
    "timestamp": "unknown"
  },
  {
    "title": "About LarimarCompany OverviewLeadershipBoard of DirectorsCareersOur ScienceScientific ApproachPublicationsOur ProgramsPipelineCTI-Expanded Access Poli",
    "link": "https://investors.larimartx.com/financial-information/sec-filings",
    "timestamp": "unknown"
  },
  {
    "title": "About LarimarCompany OverviewLeadershipBoard of DirectorsCareers",
    "link": "https://investors.larimartx.com/financial-information/sec-filings",
    "timestamp": "unknown"
  },
  {
    "title": "Company Overview",
    "link": "https://larimartx.com/about-larimar/company-overview/",
    "timestamp": "unknown"
  },
  {
    "title": "Leadership",
    "link": "https://larimartx.com/about-larimar/leadership/",
    "timestamp": "unknown"
  },
  {
    "title": "Board of Directors",
    "link": "https://larimartx.com/about-larimar/board-of-directors/",
    "timestamp": "unknown"
  },
  {
    "title": "Careers",
    "link": "https://larimartx.com/about-larimar/careers/",
    "timestamp": "unknown"
  },
  {
    "title": "Our ScienceScientific ApproachPublications",
    "link": "https://investors.larimartx.com/financial-information/sec-filings",
    "timestamp": "unknown"
  },
  {
    "title": "Scientific Approach",
    "link": "https://larimartx.com/our-science/scientific-approach/",
    "timestamp": "unknown"
  },
  {
    "title": "Publications",
    "link": "https://larimartx.com/our-science/publications/",
    "timestamp": "unknown"
  },
  {
    "title": "Our ProgramsPipelineCTI-Expanded Access Policy",
    "link": "https://investors.larimartx.com/financial-information/sec-filings",
    "timestamp": "unknown"
  },
  {
    "title": "Pipeline",
    "link": "https://larimartx.com/our-programs/pipeline/",
    "timestamp": "unknown"
  },
  {
    "title": "CTI-",
    "link": "https://larimartx.com/our-programs/cti-/",
    "timestamp": "unknown"
  },
  {
    "title": "Expanded Access Policy",
    "link": "https://larimartx.com/our-programs/expanded-access-policy/",
    "timestamp": "unknown"
  },
  {
    "title": "Our Partners",
    "link": "https://larimartx.com/our-partners/",
    "timestamp": "unknown"
  },
  {
    "title": "InvestorsInvestorsPress ReleasesEvents & PresentationsCorporate GovernanceFinancials & FilingsStock InformationAnalyst CoverageInvestor FAQsContact Us",
    "link": "https://investors.larimartx.com/",
    "timestamp": "unknown"
  },
  {
    "title": "Investors",
    "link": "https://investors.larimartx.com/",
    "timestamp": "unknown"
  },
  {
    "title": "Press Releases",
    "link": "https://investors.larimartx.com/press-releases",
    "timestamp": "unknown"
  },
  {
    "title": "Events & Presentations",
    "link": "https://investors.larimartx.com/events-and-presentations",
    "timestamp": "unknown"
  },
  {
    "title": "Corporate Governance",
    "link": "https://investors.larimartx.com/corporate-governance",
    "timestamp": "unknown"
  },
  {
    "title": "Financials & Filings",
    "link": "https://investors.larimartx.com/financials-and-filings",
    "timestamp": "unknown"
  },
  {
    "title": "Stock Information",
    "link": "https://investors.larimartx.com/stock-information",
    "timestamp": "unknown"
  },
  {
    "title": "Analyst Coverage",
    "link": "https://investors.larimartx.com/stock-information/analyst-coverage",
    "timestamp": "unknown"
  },
  {
    "title": "Investor FAQs",
    "link": "https://investors.larimartx.com/investor-faqs",
    "timestamp": "unknown"
  },
  {
    "title": "Contact Us",
    "link": "https://investors.larimartx.com/contact-us",
    "timestamp": "unknown"
  },
  {
    "title": "Email Alerts",
    "link": "https://investors.larimartx.com/email-alerts",
    "timestamp": "unknown"
  },
  {
    "title": "News",
    "link": "https://larimartx.com/news/",
    "timestamp": "unknown"
  },
  {
    "title": "ContactContact UsDirections",
    "link": "https://investors.larimartx.com/financial-information/sec-filings",
    "timestamp": "unknown"
  },
  {
    "title": "Contact Us",
    "link": "https://larimartx.com/contact-us/contact/",
    "timestamp": "unknown"
  },
  {
    "title": "Directions",
    "link": "https://larimartx.com/contact-us/directions/",
    "timestamp": "unknown"
  },
  {
    "title": "About LarimarCompany OverviewLeadershipBoard of DirectorsCareersOur ScienceScientific ApproachPublicationsOur ProgramsPipelineCTI-Expanded Access Poli",
    "link": "https://investors.larimartx.com/financial-information/sec-filings",
    "timestamp": "unknown"
  },
  {
    "title": "About LarimarCompany OverviewLeadershipBoard of DirectorsCareersOur ScienceScientific ApproachPublicationsOur ProgramsPipelineCTI-Expanded Access Poli",
    "link": "https://investors.larimartx.com/financial-information/sec-filings",
    "timestamp": "unknown"
  },
  {
    "title": "About LarimarCompany OverviewLeadershipBoard of DirectorsCareersOur ScienceScientific ApproachPublicationsOur ProgramsPipelineCTI-Expanded Access Poli",
    "link": "https://investors.larimartx.com/financial-information/sec-filings",
    "timestamp": "unknown"
  },
  {
    "title": "About LarimarCompany OverviewLeadershipBoard of DirectorsCareersOur ScienceScientific ApproachPublicationsOur ProgramsPipelineCTI-Expanded Access Poli",
    "link": "https://investors.larimartx.com/financial-information/sec-filings",
    "timestamp": "unknown"
  },
  {
    "title": "About LarimarCompany OverviewLeadershipBoard of DirectorsCareersOur ScienceScientific ApproachPublicationsOur ProgramsPipelineCTI-Expanded Access Poli",
    "link": "https://investors.larimartx.com/financial-information/sec-filings",
    "timestamp": "unknown"
  },
  {
    "title": "About LarimarCompany OverviewLeadershipBoard of DirectorsCareers",
    "link": "https://investors.larimartx.com/financial-information/sec-filings",
    "timestamp": "unknown"
  },
  {
    "title": "Company Overview",
    "link": "https://larimartx.com/about-larimar/company-overview/",
    "timestamp": "unknown"
  },
  {
    "title": "Leadership",
    "link": "https://larimartx.com/about-larimar/leadership/",
    "timestamp": "unknown"
  },
  {
    "title": "Board of Directors",
    "link": "https://larimartx.com/about-larimar/board-of-directors/",
    "timestamp": "unknown"
  },
  {
    "title": "Careers",
    "link": "https://larimartx.com/about-larimar/careers/",
    "timestamp": "unknown"
  },
  {
    "title": "Our ScienceScientific ApproachPublications",
    "link": "https://investors.larimartx.com/financial-information/sec-filings",
    "timestamp": "unknown"
  },
  {
    "title": "Scientific Approach",
    "link": "https://larimartx.com/our-science/scientific-approach/",
    "timestamp": "unknown"
  },
  {
    "title": "Publications",
    "link": "https://larimartx.com/our-science/publications/",
    "timestamp": "unknown"
  },
  {
    "title": "Our ProgramsPipelineCTI-Expanded Access Policy",
    "link": "https://investors.larimartx.com/financial-information/sec-filings",
    "timestamp": "unknown"
  },
  {
    "title": "Pipeline",
    "link": "https://larimartx.com/our-programs/pipeline/",
    "timestamp": "unknown"
  },
  {
    "title": "CTI-",
    "link": "https://larimartx.com/our-programs/cti-/",
    "timestamp": "unknown"
  },
  {
    "title": "Expanded Access Policy",
    "link": "https://larimartx.com/our-programs/expanded-access-policy/",
    "timestamp": "unknown"
  },
  {
    "title": "Our Partners",
    "link": "https://larimartx.com/our-partners/",
    "timestamp": "unknown"
  },
  {
    "title": "InvestorsInvestorsPress ReleasesEvents & PresentationsCorporate GovernanceFinancials & FilingsStock InformationAnalyst CoverageInvestor FAQsContact Us",
    "link": "https://investors.larimartx.com/",
    "timestamp": "unknown"
  },
  {
    "title": "Investors",
    "link": "https://investors.larimartx.com/",
    "timestamp": "unknown"
  },
  {
    "title": "Press Releases",
    "link": "https://investors.larimartx.com/press-releases",
    "timestamp": "unknown"
  },
  {
    "title": "Events & Presentations",
    "link": "https://investors.larimartx.com/events-and-presentations",
    "timestamp": "unknown"
  },
  {
    "title": "Corporate Governance",
    "link": "https://investors.larimartx.com/corporate-governance",
    "timestamp": "unknown"
  },
  {
    "title": "Financials & Filings",
    "link": "https://investors.larimartx.com/financials-and-filings",
    "timestamp": "unknown"
  },
  {
    "title": "Stock Information",
    "link": "https://investors.larimartx.com/stock-information",
    "timestamp": "unknown"
  },
  {
    "title": "Analyst Coverage",
    "link": "https://investors.larimartx.com/stock-information/analyst-coverage",
    "timestamp": "unknown"
  },
  {
    "title": "Investor FAQs",
    "link": "https://investors.larimartx.com/investor-faqs",
    "timestamp": "unknown"
  },
  {
    "title": "Contact Us",
    "link": "https://investors.larimartx.com/contact-us",
    "timestamp": "unknown"
  },
  {
    "title": "Email Alerts",
    "link": "https://investors.larimartx.com/email-alerts",
    "timestamp": "unknown"
  },
  {
    "title": "News",
    "link": "https://larimartx.com/news/",
    "timestamp": "unknown"
  },
  {
    "title": "ContactContact UsDirections",
    "link": "https://investors.larimartx.com/financial-information/sec-filings",
    "timestamp": "unknown"
  },
  {
    "title": "Contact Us",
    "link": "https://larimartx.com/contact-us/contact/",
    "timestamp": "unknown"
  },
  {
    "title": "Directions",
    "link": "https://larimartx.com/contact-us/directions/",
    "timestamp": "unknown"
  },
  {
    "title": "SEC FilingsInvestor RelationsInvestorsPress ReleasesEvents & PresentationsUpcoming eventsPresentationsPast EventsFINANCIALS & FILINGSSEC FilingsAnnual",
    "link": "https://investors.larimartx.com/investor-relations",
    "timestamp": "unknown"
  },
  {
    "title": "SEC FilingsInvestor RelationsInvestorsPress ReleasesEvents & PresentationsUpcoming eventsPresentationsPast EventsFINANCIALS & FILINGSSEC FilingsAnnual",
    "link": "https://investors.larimartx.com/investor-relations",
    "timestamp": "unknown"
  },
  {
    "title": "SEC FilingsInvestor RelationsInvestorsPress ReleasesEvents & PresentationsUpcoming eventsPresentationsPast EventsFINANCIALS & FILINGSSEC FilingsAnnual",
    "link": "https://investors.larimartx.com/investor-relations",
    "timestamp": "unknown"
  },
  {
    "title": "Investor RelationsInvestorsPress ReleasesEvents & PresentationsUpcoming eventsPresentationsPast EventsFINANCIALS & FILINGSSEC FilingsAnnual Reports & ",
    "link": "https://investors.larimartx.com/investor-relations",
    "timestamp": "unknown"
  },
  {
    "title": "Investor RelationsInvestorsPress ReleasesEvents & PresentationsUpcoming eventsPresentationsPast EventsFINANCIALS & FILINGSSEC FilingsAnnual Reports & ",
    "link": "https://investors.larimartx.com/investor-relations",
    "timestamp": "unknown"
  },
  {
    "title": "Investor RelationsInvestorsPress ReleasesEvents & PresentationsUpcoming eventsPresentationsPast EventsFINANCIALS & FILINGSSEC FilingsAnnual Reports & ",
    "link": "https://investors.larimartx.com/investor-relations",
    "timestamp": "unknown"
  },
  {
    "title": "Investor RelationsInvestorsPress ReleasesEvents & PresentationsUpcoming eventsPresentationsPast EventsFINANCIALS & FILINGSSEC FilingsAnnual Reports & ",
    "link": "https://investors.larimartx.com/investor-relations",
    "timestamp": "unknown"
  },
  {
    "title": "Investor RelationsInvestorsPress ReleasesEvents & PresentationsUpcoming eventsPresentationsPast EventsFINANCIALS & FILINGSSEC FilingsAnnual Reports & ",
    "link": "https://investors.larimartx.com/investor-relations",
    "timestamp": "unknown"
  },
  {
    "title": "Investor RelationsInvestorsPress ReleasesEvents & PresentationsUpcoming eventsPresentationsPast EventsFINANCIALS & FILINGSSEC FilingsAnnual Reports & ",
    "link": "https://investors.larimartx.com/investor-relations",
    "timestamp": "unknown"
  },
  {
    "title": "Investor RelationsInvestorsPress ReleasesEvents & PresentationsUpcoming eventsPresentationsPast EventsFINANCIALS & FILINGSSEC FilingsAnnual Reports & ",
    "link": "https://investors.larimartx.com/investor-relations",
    "timestamp": "unknown"
  },
  {
    "title": "Investor RelationsInvestorsPress ReleasesEvents & PresentationsUpcoming eventsPresentationsPast EventsFINANCIALS & FILINGSSEC FilingsAnnual Reports & ",
    "link": "https://investors.larimartx.com/investor-relations",
    "timestamp": "unknown"
  },
  {
    "title": "Investor RelationsInvestorsPress ReleasesEvents & PresentationsUpcoming eventsPresentationsPast EventsFINANCIALS & FILINGSSEC FilingsAnnual Reports & ",
    "link": "https://investors.larimartx.com/investor-relations",
    "timestamp": "unknown"
  },
  {
    "title": "Investors",
    "link": "https://investors.larimartx.com/investor-relations",
    "timestamp": "unknown"
  },
  {
    "title": "Press Releases",
    "link": "https://investors.larimartx.com/press-releases",
    "timestamp": "unknown"
  },
  {
    "title": "Events & PresentationsUpcoming eventsPresentationsPast Events",
    "link": "https://investors.larimartx.com/events-and-presentations",
    "timestamp": "unknown"
  },
  {
    "title": "Upcoming events",
    "link": "https://investors.larimartx.com/events-and-presentations",
    "timestamp": "unknown"
  },
  {
    "title": "Presentations",
    "link": "https://investors.larimartx.com/events-and-presentations/presentations",
    "timestamp": "unknown"
  },
  {
    "title": "Past Events",
    "link": "https://investors.larimartx.com/events-and-presentations/past-events",
    "timestamp": "unknown"
  },
  {
    "title": "FINANCIALS & FILINGSSEC FilingsAnnual Reports & Proxy MaterialsForm",
    "link": "https://investors.larimartx.com/financials-and-filings",
    "timestamp": "unknown"
  },
  {
    "title": "SEC Filings",
    "link": "https://investors.larimartx.com/financial-information/sec-filings",
    "timestamp": "unknown"
  },
  {
    "title": "Annual Reports & Proxy Materials",
    "link": "https://investors.larimartx.com/financial-information/annual-reports-and-proxy-materials",
    "timestamp": "unknown"
  },
  {
    "title": "Form",
    "link": "https://investors.larimartx.com/form-",
    "timestamp": "unknown"
  },
  {
    "title": "Stock InformationStock Quote & ChartHistoric Stock Lookup",
    "link": "https://investors.larimartx.com/stock-information",
    "timestamp": "unknown"
  },
  {
    "title": "Stock Quote & Chart",
    "link": "https://investors.larimartx.com/stock-information",
    "timestamp": "unknown"
  },
  {
    "title": "Historic Stock Lookup",
    "link": "https://investors.larimartx.com/stock-information/historic-stock-lookup",
    "timestamp": "unknown"
  },
  {
    "title": "Analyst Coverage",
    "link": "https://investors.larimartx.com/analyst-coverage",
    "timestamp": "unknown"
  },
  {
    "title": "Investor FAQs",
    "link": "https://investors.larimartx.com/investor-faqs",
    "timestamp": "unknown"
  },
  {
    "title": "Contact Us",
    "link": "https://investors.larimartx.com/contact-us",
    "timestamp": "unknown"
  },
  {
    "title": "Email Alerts",
    "link": "https://investors.larimartx.com/email-alerts",
    "timestamp": "unknown"
  },
  {
    "title": "Email Alerts",
    "link": "https://investors.larimartx.com/email-alerts",
    "timestamp": "unknown"
  },
  {
    "title": "RSS",
    "link": "https://investors.larimartx.com/rss-news-feeds",
    "timestamp": "unknown"
  },
  {
    "title": "Print",
    "link": "https://investors.larimartx.com/financial-information/sec-filings#print",
    "timestamp": "unknown"
  },
  {
    "title": "Share",
    "link": "https://investors.larimartx.com/financial-information/sec-filings#share",
    "timestamp": "unknown"
  },
  {
    "title": "FacebookGoogleLinkedInTwitterEmailRSS",
    "link": "https://investors.larimartx.com/financial-information/sec-filings",
    "timestamp": "unknown"
  },
  {
    "title": "FacebookGoogleLinkedInTwitterEmailRSS",
    "link": "https://investors.larimartx.com/financial-information/sec-filings",
    "timestamp": "unknown"
  },
  {
    "title": "FacebookGoogleLinkedInTwitterEmailRSS",
    "link": "https://investors.larimartx.com/financial-information/sec-filings",
    "timestamp": "unknown"
  },
  {
    "title": "FacebookGoogleLinkedInTwitterEmailRSS",
    "link": "https://investors.larimartx.com/financial-information/sec-filings",
    "timestamp": "unknown"
  },
  {
    "title": "Facebook",
    "link": "http://www.facebook.com/share.php?u=http://zafgen.gcs-web.com/email-alerts?&t=Events & Presentations - Zafgen",
    "timestamp": "unknown"
  },
  {
    "title": "Google",
    "link": "https://plus.google.com/share?url=http://zafgen.gcs-web.com/email-alerts?&title=Events & Presentations - Zafgen",
    "timestamp": "unknown"
  },
  {
    "title": "LinkedIn",
    "link": "http://www.linkedin.com/shareArticle?mini=true&url=http://zafgen.gcs-web.com/email-alerts?&title=Events & Presentations - Zafgen",
    "timestamp": "unknown"
  },
  {
    "title": "Twitter",
    "link": "http://twitter.com/home?status=Currently%20reading%20http://zafgen.gcs-web.com/email-alerts?",
    "timestamp": "unknown"
  },
  {
    "title": "Email",
    "link": "https://investors.larimartx.com/email-alerts",
    "timestamp": "unknown"
  },
  {
    "title": "RSS",
    "link": "https://investors.larimartx.com/rss-news-feeds",
    "timestamp": "unknown"
  },
  {
    "title": "Investor RelationsInvestorsPress ReleasesEvents & PresentationsUpcoming eventsPresentationsPast EventsFINANCIALS & FILINGSSEC FilingsAnnual Reports & ",
    "link": "https://investors.larimartx.com/investor-relations",
    "timestamp": "unknown"
  },
  {
    "title": "Investors",
    "link": "https://investors.larimartx.com/investor-relations",
    "timestamp": "unknown"
  },
  {
    "title": "Press Releases",
    "link": "https://investors.larimartx.com/press-releases",
    "timestamp": "unknown"
  },
  {
    "title": "Events & PresentationsUpcoming eventsPresentationsPast Events",
    "link": "https://investors.larimartx.com/events-and-presentations",
    "timestamp": "unknown"
  },
  {
    "title": "Upcoming events",
    "link": "https://investors.larimartx.com/events-and-presentations",
    "timestamp": "unknown"
  },
  {
    "title": "Presentations",
    "link": "https://investors.larimartx.com/events-and-presentations/presentations",
    "timestamp": "unknown"
  },
  {
    "title": "Past Events",
    "link": "https://investors.larimartx.com/events-and-presentations/past-events",
    "timestamp": "unknown"
  },
  {
    "title": "FINANCIALS & FILINGSSEC FilingsAnnual Reports & Proxy MaterialsForm",
    "link": "https://investors.larimartx.com/financials-and-filings",
    "timestamp": "unknown"
  },
  {
    "title": "SEC Filings",
    "link": "https://investors.larimartx.com/financial-information/sec-filings",
    "timestamp": "unknown"
  },
  {
    "title": "Annual Reports & Proxy Materials",
    "link": "https://investors.larimartx.com/financial-information/annual-reports-and-proxy-materials",
    "timestamp": "unknown"
  },
  {
    "title": "Form",
    "link": "https://investors.larimartx.com/form-",
    "timestamp": "unknown"
  },
  {
    "title": "Stock InformationStock Quote & ChartHistoric Stock Lookup",
    "link": "https://investors.larimartx.com/stock-information",
    "timestamp": "unknown"
  },
  {
    "title": "Stock Quote & Chart",
    "link": "https://investors.larimartx.com/stock-information",
    "timestamp": "unknown"
  },
  {
    "title": "Historic Stock Lookup",
    "link": "https://investors.larimartx.com/stock-information/historic-stock-lookup",
    "timestamp": "unknown"
  },
  {
    "title": "Analyst Coverage",
    "link": "https://investors.larimartx.com/analyst-coverage",
    "timestamp": "unknown"
  },
  {
    "title": "Investor FAQs",
    "link": "https://investors.larimartx.com/investor-faqs",
    "timestamp": "unknown"
  },
  {
    "title": "Contact Us",
    "link": "https://investors.larimartx.com/contact-us",
    "timestamp": "unknown"
  },
  {
    "title": "Email Alerts",
    "link": "https://investors.larimartx.com/email-alerts",
    "timestamp": "unknown"
  },
  {
    "title": "SEC FilingsSEC FilingsGroup,,Annual FilingsCurrent ReportsMergers & AcquisitionsOtherProxy FilingsQuarterly FilingsRegistration StatementsFiling year-",
    "link": "https://investors.larimartx.com/financial-information/sec-filings?items_per_page=&order=field_nir_sec_date_filed&sort=asc",
    "timestamp": "unknown"
  },
  {
    "title": "SEC FilingsSEC FilingsGroup,,Annual FilingsCurrent ReportsMergers & AcquisitionsOtherProxy FilingsQuarterly FilingsRegistration StatementsFiling year-",
    "link": "https://investors.larimartx.com/financial-information/sec-filings?items_per_page=&order=field_nir_sec_date_filed&sort=asc",
    "timestamp": "unknown"
  },
  {
    "title": "SEC FilingsGroup,,Annual FilingsCurrent ReportsMergers & AcquisitionsOtherProxy FilingsQuarterly FilingsRegistration StatementsFiling year- Any -Items",
    "link": "https://investors.larimartx.com/financial-information/sec-filings?items_per_page=&order=field_nir_sec_date_filed&sort=asc",
    "timestamp": "unknown"
  },
  {
    "title": "SEC FilingsGroup,,Annual FilingsCurrent ReportsMergers & AcquisitionsOtherProxy FilingsQuarterly FilingsRegistration StatementsFiling year- Any -Items",
    "link": "https://investors.larimartx.com/financial-information/sec-filings?items_per_page=&order=field_nir_sec_date_filed&sort=asc",
    "timestamp": "unknown"
  },
  {
    "title": "SEC FilingsGroup,,Annual FilingsCurrent ReportsMergers & AcquisitionsOtherProxy FilingsQuarterly FilingsRegistration StatementsFiling year- Any -Items",
    "link": "https://investors.larimartx.com/financial-information/sec-filings?items_per_page=&order=field_nir_sec_date_filed&sort=asc",
    "timestamp": "unknown"
  },
  {
    "title": "Group,,Annual FilingsCurrent ReportsMergers & AcquisitionsOtherProxy FilingsQuarterly FilingsRegistration StatementsFiling year- Any -Items per pageFi",
    "link": "https://investors.larimartx.com/financial-information/sec-filings?items_per_page=&order=field_nir_sec_date_filed&sort=asc",
    "timestamp": "unknown"
  },
  {
    "title": "Group,,Annual FilingsCurrent ReportsMergers & AcquisitionsOtherProxy FilingsQuarterly FilingsRegistration StatementsFiling year- Any -Items per pageFi",
    "link": "https://investors.larimartx.com/financial-information/sec-filings?items_per_page=&order=field_nir_sec_date_filed&sort=asc",
    "timestamp": "unknown"
  },
  {
    "title": "Group,,Annual FilingsCurrent ReportsMergers & AcquisitionsOtherProxy FilingsQuarterly FilingsRegistration StatementsFiling year- Any -Items per pageFi",
    "link": "https://investors.larimartx.com/financial-information/sec-filings?items_per_page=&order=field_nir_sec_date_filed&sort=asc",
    "timestamp": "unknown"
  },
  {
    "title": "Group,,Annual FilingsCurrent ReportsMergers & AcquisitionsOtherProxy FilingsQuarterly FilingsRegistration StatementsFiling year- Any -Items per pageFi",
    "link": "https://investors.larimartx.com/financial-information/sec-filings?items_per_page=&order=field_nir_sec_date_filed&sort=asc",
    "timestamp": "unknown"
  },
  {
    "title": "Group,,Annual FilingsCurrent ReportsMergers & AcquisitionsOtherProxy FilingsQuarterly FilingsRegistration StatementsFiling year- Any -Items per pageFi",
    "link": "https://investors.larimartx.com/financial-information/sec-filings?items_per_page=&order=field_nir_sec_date_filed&sort=asc",
    "timestamp": "unknown"
  },
  {
    "title": "Group,,Annual FilingsCurrent ReportsMergers & AcquisitionsOtherProxy FilingsQuarterly FilingsRegistration StatementsFiling year- Any -Items per pageFi",
    "link": "https://investors.larimartx.com/financial-information/sec-filings?items_per_page=&order=field_nir_sec_date_filed&sort=asc",
    "timestamp": "unknown"
  },
  {
    "title": "Group,,Annual FilingsCurrent ReportsMergers & AcquisitionsOtherProxy FilingsQuarterly FilingsRegistration StatementsFiling year- Any -Items per pageFi",
    "link": "https://investors.larimartx.com/financial-information/sec-filings?items_per_page=&order=field_nir_sec_date_filed&sort=asc",
    "timestamp": "unknown"
  },
  {
    "title": "Group,,Annual FilingsCurrent ReportsMergers & AcquisitionsOtherProxy FilingsQuarterly FilingsRegistration StatementsFiling year- Any -Items per pageFi",
    "link": "https://investors.larimartx.com/financial-information/sec-filings?items_per_page=&order=field_nir_sec_date_filed&sort=asc",
    "timestamp": "unknown"
  },
  {
    "title": "Group,,Annual FilingsCurrent ReportsMergers & AcquisitionsOtherProxy FilingsQuarterly FilingsRegistration StatementsFiling year- Any -Items per pageFi",
    "link": "https://investors.larimartx.com/financial-information/sec-filings?items_per_page=&order=field_nir_sec_date_filed&sort=asc",
    "timestamp": "unknown"
  },
  {
    "title": "Group,,Annual FilingsCurrent ReportsMergers & AcquisitionsOtherProxy FilingsQuarterly FilingsRegistration StatementsFiling year- Any -Items per pageFi",
    "link": "https://investors.larimartx.com/financial-information/sec-filings?items_per_page=&order=field_nir_sec_date_filed&sort=asc",
    "timestamp": "unknown"
  },
  {
    "title": "Filing dateFormDescriptionViewFeb ,SCHEDULE 13G/ASCHEDULE 13G/A - Description--.pdf--.rtf--.xlsView HTMLJan ,Statement of changes in beneficial owners",
    "link": "https://investors.larimartx.com/financial-information/sec-filings?items_per_page=&order=field_nir_sec_date_filed&sort=asc",
    "timestamp": "unknown"
  },
  {
    "title": "Filing dateFormDescriptionView",
    "link": "https://investors.larimartx.com/financial-information/sec-filings?items_per_page=&order=field_nir_sec_date_filed&sort=asc",
    "timestamp": "unknown"
  },
  {
    "title": "Feb ,SCHEDULE 13G/ASCHEDULE 13G/A - Description--.pdf--.rtf--.xlsView HTML",
    "link": "https://investors.larimartx.com/sec-filings/sec-filing/schedule-13ga/--",
    "timestamp": "unknown"
  },
  {
    "title": "--.pdf",
    "link": "https://investors.larimartx.com/static-files/28d407c5-b561-43e5-b825-87307171a7a5",
    "timestamp": "unknown"
  },
  {
    "title": "--.rtf",
    "link": "https://investors.larimartx.com/static-files/76faf0f6-ed02-444e-b73c-123d46e2e01f",
    "timestamp": "unknown"
  },
  {
    "title": "--.xls",
    "link": "https://investors.larimartx.com/static-files/e147f35e-acf5-465c-98e3-0f7576a813bf",
    "timestamp": "unknown"
  },
  {
    "title": "Jan ,Statement of changes in beneficial ownership of securities--.pdf--.rtf--.xlsView HTML",
    "link": "https://investors.larimartx.com/sec-filings/sec-filing//--",
    "timestamp": "unknown"
  },
  {
    "title": "--.pdf",
    "link": "https://investors.larimartx.com/static-files/8cfbc175-3edf-4a37-99d6-e5a6d2e9d09c",
    "timestamp": "unknown"
  },
  {
    "title": "--.rtf",
    "link": "https://investors.larimartx.com/static-files/9e8189c2-0f3b-4d7a-97e8-45e80dcfc6e3",
    "timestamp": "unknown"
  },
  {
    "title": "--.xls",
    "link": "https://investors.larimartx.com/static-files/44f8cdc0-01b8-4a21-9a17-3c6b833574dc",
    "timestamp": "unknown"
  },
  {
    "title": "Jan ,Statement of changes in beneficial ownership of securities--.pdf--.rtf--.xlsView HTML",
    "link": "https://investors.larimartx.com/sec-filings/sec-filing//--",
    "timestamp": "unknown"
  },
  {
    "title": "--.pdf",
    "link": "https://investors.larimartx.com/static-files/78fcf91c-e7c5-4ecf-8b25-9b178448e154",
    "timestamp": "unknown"
  },
  {
    "title": "--.rtf",
    "link": "https://investors.larimartx.com/static-files/554aba0b-11e3-4b85-b8b2-6d9638a76b9b",
    "timestamp": "unknown"
  },
  {
    "title": "--.xls",
    "link": "https://investors.larimartx.com/static-files/8a714727-f845---21177896876e",
    "timestamp": "unknown"
  },
  {
    "title": "Jan ,Statement of changes in beneficial ownership of securities--.pdf--.rtf--.xlsView HTML",
    "link": "https://investors.larimartx.com/sec-filings/sec-filing//--",
    "timestamp": "unknown"
  },
  {
    "title": "--.pdf",
    "link": "https://investors.larimartx.com/static-files/958618b2-778d-4e5d--b048520c10f6",
    "timestamp": "unknown"
  },
  {
    "title": "--.rtf",
    "link": "https://investors.larimartx.com/static-files/32ed147f-afcd-4e70-b571-b0026b791a91",
    "timestamp": "unknown"
  },
  {
    "title": "--.xls",
    "link": "https://investors.larimartx.com/static-files/5848441c-01d2-4e06-b6b8-9425f3dbae83",
    "timestamp": "unknown"
  },
  {
    "title": "Jan ,Statement of changes in beneficial ownership of securities--.pdf--.rtf--.xlsView HTML",
    "link": "https://investors.larimartx.com/sec-filings/sec-filing//--",
    "timestamp": "unknown"
  },
  {
    "title": "--.pdf",
    "link": "https://investors.larimartx.com/static-files/88bef1b5-c542-4e28--24094e339d63",
    "timestamp": "unknown"
  },
  {
    "title": "--.rtf",
    "link": "https://investors.larimartx.com/static-files/8416546f-ff2f---882b1da0450a",
    "timestamp": "unknown"
  },
  {
    "title": "--.xls",
    "link": "https://investors.larimartx.com/static-files/7dcb0551-6bfd--8f8e-92a05b60aab5",
    "timestamp": "unknown"
  },
  {
    "title": "Jan ,-KReport of unscheduled material events or corporate event--.pdf--.rtf--.xlsEX-.SCH - XBRL TAXONOMY EXTENSION SCHEMAView HTML",
    "link": "https://investors.larimartx.com/sec-filings/sec-filing/-k/--",
    "timestamp": "unknown"
  },
  {
    "title": "--.pdf",
    "link": "https://investors.larimartx.com/static-files/9dddd95a-7fa4-40e3-b6e9-0c413ac471c7",
    "timestamp": "unknown"
  },
  {
    "title": "--.rtf",
    "link": "https://investors.larimartx.com/static-files/d86aef63--4e8b-afbf-1586f707b770",
    "timestamp": "unknown"
  },
  {
    "title": "--.xls",
    "link": "https://investors.larimartx.com/static-files/dfb844f9-5e0f-450f-bacf-65ee9d3a2559",
    "timestamp": "unknown"
  },
  {
    "title": "Jan ,-KReport of unscheduled material events or corporate event--.pdf--.rtf--.xlsEX-.SCH - XBRL TAXONOMY EXTENSION SCHEMAView HTML",
    "link": "https://investors.larimartx.com/sec-filings/sec-filing/-k/--",
    "timestamp": "unknown"
  },
  {
    "title": "--.pdf",
    "link": "https://investors.larimartx.com/static-files/f5a218ac-d3db-4dbc-a367-4e35a25e5ca2",
    "timestamp": "unknown"
  },
  {
    "title": "--.rtf",
    "link": "https://investors.larimartx.com/static-files/9149fd77-35c2-4a5c-bf96-7a541199e19c",
    "timestamp": "unknown"
  },
  {
    "title": "--.xls",
    "link": "https://investors.larimartx.com/static-files/bf8c3d3d---bd8f-0f87d52b2afb",
    "timestamp": "unknown"
  },
  {
    "title": "Dec ,-KReport of unscheduled material events or corporate event--.pdf--.rtf--.xlsEX-.SCH - XBRL TAXONOMY EXTENSION SCHEMAView HTML",
    "link": "https://investors.larimartx.com/sec-filings/sec-filing/-k/--",
    "timestamp": "unknown"
  },
  {
    "title": "--.pdf",
    "link": "https://investors.larimartx.com/static-files/cac1d76b-b08d-411b-a0d0-1e07c92282dd",
    "timestamp": "unknown"
  },
  {
    "title": "--.rtf",
    "link": "https://investors.larimartx.com/static-files/d9c31d25-2d86-47be-aadd-f636c6a26d7a",
    "timestamp": "unknown"
  },
  {
    "title": "--.xls",
    "link": "https://investors.larimartx.com/static-files/5e49c6f3-1c5a-48f2-b8d2-49c153f0f3c6",
    "timestamp": "unknown"
  },
  {
    "title": "Nov ,-KReport of unscheduled material events or corporate event--.pdf--.rtf--.xlsEX-.SCH - XBRL TAXONOMY EXTENSION SCHEMAView HTML",
    "link": "https://investors.larimartx.com/sec-filings/sec-filing/-k/--",
    "timestamp": "unknown"
  },
  {
    "title": "--.pdf",
    "link": "https://investors.larimartx.com/static-files/9f8119d1-e56c-4f06--1c0d6955b39b",
    "timestamp": "unknown"
  },
  {
    "title": "--.rtf",
    "link": "https://investors.larimartx.com/static-files/80e6c7d1-6b8c-41e5-88fb-05666671a6b7",
    "timestamp": "unknown"
  },
  {
    "title": "--.xls",
    "link": "https://investors.larimartx.com/static-files/126a2855-469a--8dc6-a18ff83845a6",
    "timestamp": "unknown"
  },
  {
    "title": "Nov ,SCHEDULE 13G/ASCHEDULE 13G/A - Description--.pdf--.rtf--.xlsView HTML",
    "link": "https://investors.larimartx.com/sec-filings/sec-filing/schedule-13ga/--",
    "timestamp": "unknown"
  },
  {
    "title": "--.pdf",
    "link": "https://investors.larimartx.com/static-files/38d4740a-a080-48fb-b58c-08c458605baf",
    "timestamp": "unknown"
  },
  {
    "title": "--.rtf",
    "link": "https://investors.larimartx.com/static-files/3f3e71bb-0ce8--8d51-707341576c06",
    "timestamp": "unknown"
  },
  {
    "title": "--.xls",
    "link": "https://investors.larimartx.com/static-files/a8dd9616-ba95--9b68-a7fc53a553b1",
    "timestamp": "unknown"
  },
  {
    "title": "Current page",
    "link": "https://investors.larimartx.com/financial-information/sec-filings?&&field_nir_sec_date_filed_value=&&&page=",
    "timestamp": "unknown"
  },
  {
    "title": "Page",
    "link": "https://investors.larimartx.com/financial-information/sec-filings?&&field_nir_sec_date_filed_value=&&&page=",
    "timestamp": "unknown"
  },
  {
    "title": "Page",
    "link": "https://investors.larimartx.com/financial-information/sec-filings?&&field_nir_sec_date_filed_value=&&&page=",
    "timestamp": "unknown"
  },
  {
    "title": "Page",
    "link": "https://investors.larimartx.com/financial-information/sec-filings?&&field_nir_sec_date_filed_value=&&&page=",
    "timestamp": "unknown"
  },
  {
    "title": "Page",
    "link": "https://investors.larimartx.com/financial-information/sec-filings?&&field_nir_sec_date_filed_value=&&&page=",
    "timestamp": "unknown"
  },
  {
    "title": "Page",
    "link": "https://investors.larimartx.com/financial-information/sec-filings?&&field_nir_sec_date_filed_value=&&&page=",
    "timestamp": "unknown"
  },
  {
    "title": "Page",
    "link": "https://investors.larimartx.com/financial-information/sec-filings?&&field_nir_sec_date_filed_value=&&&page=",
    "timestamp": "unknown"
  },
  {
    "title": "Page",
    "link": "https://investors.larimartx.com/financial-information/sec-filings?&&field_nir_sec_date_filed_value=&&&page=",
    "timestamp": "unknown"
  },
  {
    "title": "Page",
    "link": "https://investors.larimartx.com/financial-information/sec-filings?&&field_nir_sec_date_filed_value=&&&page=",
    "timestamp": "unknown"
  },
  {
    "title": "Next pageNext \u203a",
    "link": "https://investors.larimartx.com/financial-information/sec-filings?&&field_nir_sec_date_filed_value=&&&page=",
    "timestamp": "unknown"
  },
  {
    "title": "Last pageLast \u00bb",
    "link": "https://investors.larimartx.com/financial-information/sec-filings?&&field_nir_sec_date_filed_value=&&&page=",
    "timestamp": "unknown"
  },
  {
    "title": "Data provided byKaleidoscope.",
    "link": "https://www.kscope.io",
    "timestamp": "unknown"
  },
  {
    "title": "Data provided byKaleidoscope.",
    "link": "https://www.kscope.io",
    "timestamp": "unknown"
  },
  {
    "title": "Terms of use",
    "link": "https://larimartx.com/termsofuse/",
    "timestamp": "unknown"
  },
  {
    "title": "Privacy Policy",
    "link": "https://larimartx.com/privacy-policy/",
    "timestamp": "unknown"
  },
  {
    "title": "Site Credits",
    "link": "https://www.fassino.com/",
    "timestamp": "unknown"
  }
]