[
  {
    "title": "Toggle navigation",
    "link": "https://larimartx.com",
    "timestamp": "unknown"
  },
  {
    "title": "Toggle navigation",
    "link": "https://larimartx.com",
    "timestamp": "unknown"
  },
  {
    "title": "About LarimarCompany OverviewLeadershipBoard of DirectorsCareersOur ScienceScientific ApproachPublicationsOur ProgramsPipelineCTI-Expanded Access Poli",
    "link": "https://larimartx.com",
    "timestamp": "unknown"
  },
  {
    "title": "About LarimarCompany OverviewLeadershipBoard of DirectorsCareersOur ScienceScientific ApproachPublicationsOur ProgramsPipelineCTI-Expanded Access Poli",
    "link": "https://larimartx.com",
    "timestamp": "unknown"
  },
  {
    "title": "About LarimarCompany OverviewLeadershipBoard of DirectorsCareersOur ScienceScientific ApproachPublicationsOur ProgramsPipelineCTI-Expanded Access Poli",
    "link": "https://larimartx.com",
    "timestamp": "unknown"
  },
  {
    "title": "About LarimarCompany OverviewLeadershipBoard of DirectorsCareersOur ScienceScientific ApproachPublicationsOur ProgramsPipelineCTI-Expanded Access Poli",
    "link": "https://larimartx.com",
    "timestamp": "unknown"
  },
  {
    "title": "About LarimarCompany OverviewLeadershipBoard of DirectorsCareersOur ScienceScientific ApproachPublicationsOur ProgramsPipelineCTI-Expanded Access Poli",
    "link": "https://larimartx.com",
    "timestamp": "unknown"
  },
  {
    "title": "About LarimarCompany OverviewLeadershipBoard of DirectorsCareersOur ScienceScientific ApproachPublicationsOur ProgramsPipelineCTI-Expanded Access Poli",
    "link": "https://investors.larimartx.com/financial-information/sec-filings",
    "timestamp": "unknown"
  },
  {
    "title": "About LarimarCompany OverviewLeadershipBoard of DirectorsCareersOur ScienceScientific ApproachPublicationsOur ProgramsPipelineCTI-Expanded Access Poli",
    "link": "https://investors.larimartx.com/financial-information/sec-filings",
    "timestamp": "unknown"
  },
  {
    "title": "About LarimarCompany OverviewLeadershipBoard of DirectorsCareers",
    "link": "https://investors.larimartx.com/financial-information/sec-filings",
    "timestamp": "unknown"
  },
  {
    "title": "Company Overview",
    "link": "https://larimartx.com/about-larimar/company-overview/",
    "timestamp": "unknown"
  },
  {
    "title": "Leadership",
    "link": "https://larimartx.com/about-larimar/leadership/",
    "timestamp": "unknown"
  },
  {
    "title": "Board of Directors",
    "link": "https://larimartx.com/about-larimar/board-of-directors/",
    "timestamp": "unknown"
  },
  {
    "title": "Careers",
    "link": "https://larimartx.com/about-larimar/careers/",
    "timestamp": "unknown"
  },
  {
    "title": "Our ScienceScientific ApproachPublications",
    "link": "https://investors.larimartx.com/financial-information/sec-filings",
    "timestamp": "unknown"
  },
  {
    "title": "Scientific Approach",
    "link": "https://larimartx.com/our-science/scientific-approach/",
    "timestamp": "unknown"
  },
  {
    "title": "Publications",
    "link": "https://larimartx.com/our-science/publications/",
    "timestamp": "unknown"
  },
  {
    "title": "Our ProgramsPipelineCTI-Expanded Access Policy",
    "link": "https://investors.larimartx.com/financial-information/sec-filings",
    "timestamp": "unknown"
  },
  {
    "title": "Pipeline",
    "link": "https://larimartx.com/our-programs/pipeline/",
    "timestamp": "unknown"
  },
  {
    "title": "CTI-",
    "link": "https://larimartx.com/our-programs/cti-/",
    "timestamp": "unknown"
  },
  {
    "title": "Expanded Access Policy",
    "link": "https://larimartx.com/our-programs/expanded-access-policy/",
    "timestamp": "unknown"
  },
  {
    "title": "Our Partners",
    "link": "https://larimartx.com/our-partners/",
    "timestamp": "unknown"
  },
  {
    "title": "InvestorsInvestorsPress ReleasesEvents & PresentationsCorporate GovernanceFinancials & FilingsStock InformationAnalyst CoverageInvestor FAQsContact Us",
    "link": "https://investors.larimartx.com/",
    "timestamp": "unknown"
  },
  {
    "title": "Investors",
    "link": "https://investors.larimartx.com/",
    "timestamp": "unknown"
  },
  {
    "title": "Press Releases",
    "link": "https://investors.larimartx.com/press-releases",
    "timestamp": "unknown"
  },
  {
    "title": "Events & Presentations",
    "link": "https://investors.larimartx.com/events-and-presentations",
    "timestamp": "unknown"
  },
  {
    "title": "Corporate Governance",
    "link": "https://investors.larimartx.com/corporate-governance",
    "timestamp": "unknown"
  },
  {
    "title": "Financials & Filings",
    "link": "https://investors.larimartx.com/financials-and-filings",
    "timestamp": "unknown"
  },
  {
    "title": "Stock Information",
    "link": "https://investors.larimartx.com/stock-information",
    "timestamp": "unknown"
  },
  {
    "title": "Analyst Coverage",
    "link": "https://investors.larimartx.com/stock-information/analyst-coverage",
    "timestamp": "unknown"
  },
  {
    "title": "Investor FAQs",
    "link": "https://investors.larimartx.com/investor-faqs",
    "timestamp": "unknown"
  },
  {
    "title": "Contact Us",
    "link": "https://investors.larimartx.com/contact-us",
    "timestamp": "unknown"
  },
  {
    "title": "Email Alerts",
    "link": "https://investors.larimartx.com/email-alerts",
    "timestamp": "unknown"
  },
  {
    "title": "News",
    "link": "https://larimartx.com/news/",
    "timestamp": "unknown"
  },
  {
    "title": "ContactContact UsDirections",
    "link": "https://investors.larimartx.com/financial-information/sec-filings",
    "timestamp": "unknown"
  },
  {
    "title": "Contact Us",
    "link": "https://larimartx.com/contact-us/contact/",
    "timestamp": "unknown"
  },
  {
    "title": "Directions",
    "link": "https://larimartx.com/contact-us/directions/",
    "timestamp": "unknown"
  },
  {
    "title": "About LarimarCompany OverviewLeadershipBoard of DirectorsCareersOur ScienceScientific ApproachPublicationsOur ProgramsPipelineCTI-Expanded Access Poli",
    "link": "https://investors.larimartx.com/financial-information/sec-filings",
    "timestamp": "unknown"
  },
  {
    "title": "About LarimarCompany OverviewLeadershipBoard of DirectorsCareersOur ScienceScientific ApproachPublicationsOur ProgramsPipelineCTI-Expanded Access Poli",
    "link": "https://investors.larimartx.com/financial-information/sec-filings",
    "timestamp": "unknown"
  },
  {
    "title": "About LarimarCompany OverviewLeadershipBoard of DirectorsCareersOur ScienceScientific ApproachPublicationsOur ProgramsPipelineCTI-Expanded Access Poli",
    "link": "https://investors.larimartx.com/financial-information/sec-filings",
    "timestamp": "unknown"
  },
  {
    "title": "About LarimarCompany OverviewLeadershipBoard of DirectorsCareersOur ScienceScientific ApproachPublicationsOur ProgramsPipelineCTI-Expanded Access Poli",
    "link": "https://investors.larimartx.com/financial-information/sec-filings",
    "timestamp": "unknown"
  },
  {
    "title": "About LarimarCompany OverviewLeadershipBoard of DirectorsCareersOur ScienceScientific ApproachPublicationsOur ProgramsPipelineCTI-Expanded Access Poli",
    "link": "https://investors.larimartx.com/financial-information/sec-filings",
    "timestamp": "unknown"
  },
  {
    "title": "About LarimarCompany OverviewLeadershipBoard of DirectorsCareers",
    "link": "https://investors.larimartx.com/financial-information/sec-filings",
    "timestamp": "unknown"
  },
  {
    "title": "Company Overview",
    "link": "https://larimartx.com/about-larimar/company-overview/",
    "timestamp": "unknown"
  },
  {
    "title": "Leadership",
    "link": "https://larimartx.com/about-larimar/leadership/",
    "timestamp": "unknown"
  },
  {
    "title": "Board of Directors",
    "link": "https://larimartx.com/about-larimar/board-of-directors/",
    "timestamp": "unknown"
  },
  {
    "title": "Careers",
    "link": "https://larimartx.com/about-larimar/careers/",
    "timestamp": "unknown"
  },
  {
    "title": "Our ScienceScientific ApproachPublications",
    "link": "https://investors.larimartx.com/financial-information/sec-filings",
    "timestamp": "unknown"
  },
  {
    "title": "Scientific Approach",
    "link": "https://larimartx.com/our-science/scientific-approach/",
    "timestamp": "unknown"
  },
  {
    "title": "Publications",
    "link": "https://larimartx.com/our-science/publications/",
    "timestamp": "unknown"
  },
  {
    "title": "Our ProgramsPipelineCTI-Expanded Access Policy",
    "link": "https://investors.larimartx.com/financial-information/sec-filings",
    "timestamp": "unknown"
  },
  {
    "title": "Pipeline",
    "link": "https://larimartx.com/our-programs/pipeline/",
    "timestamp": "unknown"
  },
  {
    "title": "CTI-",
    "link": "https://larimartx.com/our-programs/cti-/",
    "timestamp": "unknown"
  },
  {
    "title": "Expanded Access Policy",
    "link": "https://larimartx.com/our-programs/expanded-access-policy/",
    "timestamp": "unknown"
  },
  {
    "title": "Our Partners",
    "link": "https://larimartx.com/our-partners/",
    "timestamp": "unknown"
  },
  {
    "title": "InvestorsInvestorsPress ReleasesEvents & PresentationsCorporate GovernanceFinancials & FilingsStock InformationAnalyst CoverageInvestor FAQsContact Us",
    "link": "https://investors.larimartx.com/",
    "timestamp": "unknown"
  },
  {
    "title": "Investors",
    "link": "https://investors.larimartx.com/",
    "timestamp": "unknown"
  },
  {
    "title": "Press Releases",
    "link": "https://investors.larimartx.com/press-releases",
    "timestamp": "unknown"
  },
  {
    "title": "Events & Presentations",
    "link": "https://investors.larimartx.com/events-and-presentations",
    "timestamp": "unknown"
  },
  {
    "title": "Corporate Governance",
    "link": "https://investors.larimartx.com/corporate-governance",
    "timestamp": "unknown"
  },
  {
    "title": "Financials & Filings",
    "link": "https://investors.larimartx.com/financials-and-filings",
    "timestamp": "unknown"
  },
  {
    "title": "Stock Information",
    "link": "https://investors.larimartx.com/stock-information",
    "timestamp": "unknown"
  },
  {
    "title": "Analyst Coverage",
    "link": "https://investors.larimartx.com/stock-information/analyst-coverage",
    "timestamp": "unknown"
  },
  {
    "title": "Investor FAQs",
    "link": "https://investors.larimartx.com/investor-faqs",
    "timestamp": "unknown"
  },
  {
    "title": "Contact Us",
    "link": "https://investors.larimartx.com/contact-us",
    "timestamp": "unknown"
  },
  {
    "title": "Email Alerts",
    "link": "https://investors.larimartx.com/email-alerts",
    "timestamp": "unknown"
  },
  {
    "title": "News",
    "link": "https://larimartx.com/news/",
    "timestamp": "unknown"
  },
  {
    "title": "ContactContact UsDirections",
    "link": "https://investors.larimartx.com/financial-information/sec-filings",
    "timestamp": "unknown"
  },
  {
    "title": "Contact Us",
    "link": "https://larimartx.com/contact-us/contact/",
    "timestamp": "unknown"
  },
  {
    "title": "Directions",
    "link": "https://larimartx.com/contact-us/directions/",
    "timestamp": "unknown"
  },
  {
    "title": "SEC FilingsInvestor RelationsInvestorsPress ReleasesEvents & PresentationsUpcoming eventsPresentationsPast EventsFINANCIALS & FILINGSSEC FilingsAnnual",
    "link": "https://investors.larimartx.com/investor-relations",
    "timestamp": "unknown"
  },
  {
    "title": "SEC FilingsInvestor RelationsInvestorsPress ReleasesEvents & PresentationsUpcoming eventsPresentationsPast EventsFINANCIALS & FILINGSSEC FilingsAnnual",
    "link": "https://investors.larimartx.com/investor-relations",
    "timestamp": "unknown"
  },
  {
    "title": "SEC FilingsInvestor RelationsInvestorsPress ReleasesEvents & PresentationsUpcoming eventsPresentationsPast EventsFINANCIALS & FILINGSSEC FilingsAnnual",
    "link": "https://investors.larimartx.com/investor-relations",
    "timestamp": "unknown"
  },
  {
    "title": "Investor RelationsInvestorsPress ReleasesEvents & PresentationsUpcoming eventsPresentationsPast EventsFINANCIALS & FILINGSSEC FilingsAnnual Reports & ",
    "link": "https://investors.larimartx.com/investor-relations",
    "timestamp": "unknown"
  },
  {
    "title": "Investor RelationsInvestorsPress ReleasesEvents & PresentationsUpcoming eventsPresentationsPast EventsFINANCIALS & FILINGSSEC FilingsAnnual Reports & ",
    "link": "https://investors.larimartx.com/investor-relations",
    "timestamp": "unknown"
  },
  {
    "title": "Investor RelationsInvestorsPress ReleasesEvents & PresentationsUpcoming eventsPresentationsPast EventsFINANCIALS & FILINGSSEC FilingsAnnual Reports & ",
    "link": "https://investors.larimartx.com/investor-relations",
    "timestamp": "unknown"
  },
  {
    "title": "Investor RelationsInvestorsPress ReleasesEvents & PresentationsUpcoming eventsPresentationsPast EventsFINANCIALS & FILINGSSEC FilingsAnnual Reports & ",
    "link": "https://investors.larimartx.com/investor-relations",
    "timestamp": "unknown"
  },
  {
    "title": "Investor RelationsInvestorsPress ReleasesEvents & PresentationsUpcoming eventsPresentationsPast EventsFINANCIALS & FILINGSSEC FilingsAnnual Reports & ",
    "link": "https://investors.larimartx.com/investor-relations",
    "timestamp": "unknown"
  },
  {
    "title": "Investor RelationsInvestorsPress ReleasesEvents & PresentationsUpcoming eventsPresentationsPast EventsFINANCIALS & FILINGSSEC FilingsAnnual Reports & ",
    "link": "https://investors.larimartx.com/investor-relations",
    "timestamp": "unknown"
  },
  {
    "title": "Investor RelationsInvestorsPress ReleasesEvents & PresentationsUpcoming eventsPresentationsPast EventsFINANCIALS & FILINGSSEC FilingsAnnual Reports & ",
    "link": "https://investors.larimartx.com/investor-relations",
    "timestamp": "unknown"
  },
  {
    "title": "Investor RelationsInvestorsPress ReleasesEvents & PresentationsUpcoming eventsPresentationsPast EventsFINANCIALS & FILINGSSEC FilingsAnnual Reports & ",
    "link": "https://investors.larimartx.com/investor-relations",
    "timestamp": "unknown"
  },
  {
    "title": "Investor RelationsInvestorsPress ReleasesEvents & PresentationsUpcoming eventsPresentationsPast EventsFINANCIALS & FILINGSSEC FilingsAnnual Reports & ",
    "link": "https://investors.larimartx.com/investor-relations",
    "timestamp": "unknown"
  },
  {
    "title": "Investors",
    "link": "https://investors.larimartx.com/investor-relations",
    "timestamp": "unknown"
  },
  {
    "title": "Press Releases",
    "link": "https://investors.larimartx.com/press-releases",
    "timestamp": "unknown"
  },
  {
    "title": "Events & PresentationsUpcoming eventsPresentationsPast Events",
    "link": "https://investors.larimartx.com/events-and-presentations",
    "timestamp": "unknown"
  },
  {
    "title": "Upcoming events",
    "link": "https://investors.larimartx.com/events-and-presentations",
    "timestamp": "unknown"
  },
  {
    "title": "Presentations",
    "link": "https://investors.larimartx.com/events-and-presentations/presentations",
    "timestamp": "unknown"
  },
  {
    "title": "Past Events",
    "link": "https://investors.larimartx.com/events-and-presentations/past-events",
    "timestamp": "unknown"
  },
  {
    "title": "FINANCIALS & FILINGSSEC FilingsAnnual Reports & Proxy MaterialsForm",
    "link": "https://investors.larimartx.com/financials-and-filings",
    "timestamp": "unknown"
  },
  {
    "title": "SEC Filings",
    "link": "https://investors.larimartx.com/financial-information/sec-filings",
    "timestamp": "unknown"
  },
  {
    "title": "Annual Reports & Proxy Materials",
    "link": "https://investors.larimartx.com/financial-information/annual-reports-and-proxy-materials",
    "timestamp": "unknown"
  },
  {
    "title": "Form",
    "link": "https://investors.larimartx.com/form-",
    "timestamp": "unknown"
  },
  {
    "title": "Stock InformationStock Quote & ChartHistoric Stock Lookup",
    "link": "https://investors.larimartx.com/stock-information",
    "timestamp": "unknown"
  },
  {
    "title": "Stock Quote & Chart",
    "link": "https://investors.larimartx.com/stock-information",
    "timestamp": "unknown"
  },
  {
    "title": "Historic Stock Lookup",
    "link": "https://investors.larimartx.com/stock-information/historic-stock-lookup",
    "timestamp": "unknown"
  },
  {
    "title": "Analyst Coverage",
    "link": "https://investors.larimartx.com/analyst-coverage",
    "timestamp": "unknown"
  },
  {
    "title": "Investor FAQs",
    "link": "https://investors.larimartx.com/investor-faqs",
    "timestamp": "unknown"
  },
  {
    "title": "Contact Us",
    "link": "https://investors.larimartx.com/contact-us",
    "timestamp": "unknown"
  },
  {
    "title": "Email Alerts",
    "link": "https://investors.larimartx.com/email-alerts",
    "timestamp": "unknown"
  },
  {
    "title": "Email Alerts",
    "link": "https://investors.larimartx.com/email-alerts",
    "timestamp": "unknown"
  },
  {
    "title": "RSS",
    "link": "https://investors.larimartx.com/rss-news-feeds",
    "timestamp": "unknown"
  },
  {
    "title": "Print",
    "link": "https://investors.larimartx.com/financial-information/sec-filings#print",
    "timestamp": "unknown"
  },
  {
    "title": "Share",
    "link": "https://investors.larimartx.com/financial-information/sec-filings#share",
    "timestamp": "unknown"
  },
  {
    "title": "FacebookGoogleLinkedInTwitterEmailRSS",
    "link": "https://investors.larimartx.com/financial-information/sec-filings",
    "timestamp": "unknown"
  },
  {
    "title": "FacebookGoogleLinkedInTwitterEmailRSS",
    "link": "https://investors.larimartx.com/financial-information/sec-filings",
    "timestamp": "unknown"
  },
  {
    "title": "FacebookGoogleLinkedInTwitterEmailRSS",
    "link": "https://investors.larimartx.com/financial-information/sec-filings",
    "timestamp": "unknown"
  },
  {
    "title": "FacebookGoogleLinkedInTwitterEmailRSS",
    "link": "https://investors.larimartx.com/financial-information/sec-filings",
    "timestamp": "unknown"
  },
  {
    "title": "Facebook",
    "link": "http://www.facebook.com/share.php?u=http://zafgen.gcs-web.com/email-alerts?&t=Events & Presentations - Zafgen",
    "timestamp": "unknown"
  },
  {
    "title": "Google",
    "link": "https://plus.google.com/share?url=http://zafgen.gcs-web.com/email-alerts?&title=Events & Presentations - Zafgen",
    "timestamp": "unknown"
  },
  {
    "title": "LinkedIn",
    "link": "http://www.linkedin.com/shareArticle?mini=true&url=http://zafgen.gcs-web.com/email-alerts?&title=Events & Presentations - Zafgen",
    "timestamp": "unknown"
  },
  {
    "title": "Twitter",
    "link": "http://twitter.com/home?status=Currently%20reading%20http://zafgen.gcs-web.com/email-alerts?",
    "timestamp": "unknown"
  },
  {
    "title": "Email",
    "link": "https://investors.larimartx.com/email-alerts",
    "timestamp": "unknown"
  },
  {
    "title": "RSS",
    "link": "https://investors.larimartx.com/rss-news-feeds",
    "timestamp": "unknown"
  },
  {
    "title": "Investor RelationsInvestorsPress ReleasesEvents & PresentationsUpcoming eventsPresentationsPast EventsFINANCIALS & FILINGSSEC FilingsAnnual Reports & ",
    "link": "https://investors.larimartx.com/investor-relations",
    "timestamp": "unknown"
  },
  {
    "title": "Investors",
    "link": "https://investors.larimartx.com/investor-relations",
    "timestamp": "unknown"
  },
  {
    "title": "Press Releases",
    "link": "https://investors.larimartx.com/press-releases",
    "timestamp": "unknown"
  },
  {
    "title": "Events & PresentationsUpcoming eventsPresentationsPast Events",
    "link": "https://investors.larimartx.com/events-and-presentations",
    "timestamp": "unknown"
  },
  {
    "title": "Upcoming events",
    "link": "https://investors.larimartx.com/events-and-presentations",
    "timestamp": "unknown"
  },
  {
    "title": "Presentations",
    "link": "https://investors.larimartx.com/events-and-presentations/presentations",
    "timestamp": "unknown"
  },
  {
    "title": "Past Events",
    "link": "https://investors.larimartx.com/events-and-presentations/past-events",
    "timestamp": "unknown"
  },
  {
    "title": "FINANCIALS & FILINGSSEC FilingsAnnual Reports & Proxy MaterialsForm",
    "link": "https://investors.larimartx.com/financials-and-filings",
    "timestamp": "unknown"
  },
  {
    "title": "SEC Filings",
    "link": "https://investors.larimartx.com/financial-information/sec-filings",
    "timestamp": "unknown"
  },
  {
    "title": "Annual Reports & Proxy Materials",
    "link": "https://investors.larimartx.com/financial-information/annual-reports-and-proxy-materials",
    "timestamp": "unknown"
  },
  {
    "title": "Form",
    "link": "https://investors.larimartx.com/form-",
    "timestamp": "unknown"
  },
  {
    "title": "Stock InformationStock Quote & ChartHistoric Stock Lookup",
    "link": "https://investors.larimartx.com/stock-information",
    "timestamp": "unknown"
  },
  {
    "title": "Stock Quote & Chart",
    "link": "https://investors.larimartx.com/stock-information",
    "timestamp": "unknown"
  },
  {
    "title": "Historic Stock Lookup",
    "link": "https://investors.larimartx.com/stock-information/historic-stock-lookup",
    "timestamp": "unknown"
  },
  {
    "title": "Analyst Coverage",
    "link": "https://investors.larimartx.com/analyst-coverage",
    "timestamp": "unknown"
  },
  {
    "title": "Investor FAQs",
    "link": "https://investors.larimartx.com/investor-faqs",
    "timestamp": "unknown"
  },
  {
    "title": "Contact Us",
    "link": "https://investors.larimartx.com/contact-us",
    "timestamp": "unknown"
  },
  {
    "title": "Email Alerts",
    "link": "https://investors.larimartx.com/email-alerts",
    "timestamp": "unknown"
  },
  {
    "title": "SEC FilingsSEC FilingsGroup,,Annual FilingsCurrent ReportsMergers & AcquisitionsOtherProxy FilingsQuarterly FilingsRegistration StatementsFiling year-",
    "link": "https://investors.larimartx.com/financial-information/sec-filings?items_per_page=&order=field_nir_sec_date_filed&sort=asc",
    "timestamp": "unknown"
  },
  {
    "title": "SEC FilingsSEC FilingsGroup,,Annual FilingsCurrent ReportsMergers & AcquisitionsOtherProxy FilingsQuarterly FilingsRegistration StatementsFiling year-",
    "link": "https://investors.larimartx.com/financial-information/sec-filings?items_per_page=&order=field_nir_sec_date_filed&sort=asc",
    "timestamp": "unknown"
  },
  {
    "title": "SEC FilingsGroup,,Annual FilingsCurrent ReportsMergers & AcquisitionsOtherProxy FilingsQuarterly FilingsRegistration StatementsFiling year- Any -Items",
    "link": "https://investors.larimartx.com/financial-information/sec-filings?items_per_page=&order=field_nir_sec_date_filed&sort=asc",
    "timestamp": "unknown"
  },
  {
    "title": "SEC FilingsGroup,,Annual FilingsCurrent ReportsMergers & AcquisitionsOtherProxy FilingsQuarterly FilingsRegistration StatementsFiling year- Any -Items",
    "link": "https://investors.larimartx.com/financial-information/sec-filings?items_per_page=&order=field_nir_sec_date_filed&sort=asc",
    "timestamp": "unknown"
  },
  {
    "title": "SEC FilingsGroup,,Annual FilingsCurrent ReportsMergers & AcquisitionsOtherProxy FilingsQuarterly FilingsRegistration StatementsFiling year- Any -Items",
    "link": "https://investors.larimartx.com/financial-information/sec-filings?items_per_page=&order=field_nir_sec_date_filed&sort=asc",
    "timestamp": "unknown"
  },
  {
    "title": "Group,,Annual FilingsCurrent ReportsMergers & AcquisitionsOtherProxy FilingsQuarterly FilingsRegistration StatementsFiling year- Any -Items per pageFi",
    "link": "https://investors.larimartx.com/financial-information/sec-filings?items_per_page=&order=field_nir_sec_date_filed&sort=asc",
    "timestamp": "unknown"
  },
  {
    "title": "Group,,Annual FilingsCurrent ReportsMergers & AcquisitionsOtherProxy FilingsQuarterly FilingsRegistration StatementsFiling year- Any -Items per pageFi",
    "link": "https://investors.larimartx.com/financial-information/sec-filings?items_per_page=&order=field_nir_sec_date_filed&sort=asc",
    "timestamp": "unknown"
  },
  {
    "title": "Group,,Annual FilingsCurrent ReportsMergers & AcquisitionsOtherProxy FilingsQuarterly FilingsRegistration StatementsFiling year- Any -Items per pageFi",
    "link": "https://investors.larimartx.com/financial-information/sec-filings?items_per_page=&order=field_nir_sec_date_filed&sort=asc",
    "timestamp": "unknown"
  },
  {
    "title": "Group,,Annual FilingsCurrent ReportsMergers & AcquisitionsOtherProxy FilingsQuarterly FilingsRegistration StatementsFiling year- Any -Items per pageFi",
    "link": "https://investors.larimartx.com/financial-information/sec-filings?items_per_page=&order=field_nir_sec_date_filed&sort=asc",
    "timestamp": "unknown"
  },
  {
    "title": "Group,,Annual FilingsCurrent ReportsMergers & AcquisitionsOtherProxy FilingsQuarterly FilingsRegistration StatementsFiling year- Any -Items per pageFi",
    "link": "https://investors.larimartx.com/financial-information/sec-filings?items_per_page=&order=field_nir_sec_date_filed&sort=asc",
    "timestamp": "unknown"
  },
  {
    "title": "Group,,Annual FilingsCurrent ReportsMergers & AcquisitionsOtherProxy FilingsQuarterly FilingsRegistration StatementsFiling year- Any -Items per pageFi",
    "link": "https://investors.larimartx.com/financial-information/sec-filings?items_per_page=&order=field_nir_sec_date_filed&sort=asc",
    "timestamp": "unknown"
  },
  {
    "title": "Group,,Annual FilingsCurrent ReportsMergers & AcquisitionsOtherProxy FilingsQuarterly FilingsRegistration StatementsFiling year- Any -Items per pageFi",
    "link": "https://investors.larimartx.com/financial-information/sec-filings?items_per_page=&order=field_nir_sec_date_filed&sort=asc",
    "timestamp": "unknown"
  },
  {
    "title": "Group,,Annual FilingsCurrent ReportsMergers & AcquisitionsOtherProxy FilingsQuarterly FilingsRegistration StatementsFiling year- Any -Items per pageFi",
    "link": "https://investors.larimartx.com/financial-information/sec-filings?items_per_page=&order=field_nir_sec_date_filed&sort=asc",
    "timestamp": "unknown"
  },
  {
    "title": "Group,,Annual FilingsCurrent ReportsMergers & AcquisitionsOtherProxy FilingsQuarterly FilingsRegistration StatementsFiling year- Any -Items per pageFi",
    "link": "https://investors.larimartx.com/financial-information/sec-filings?items_per_page=&order=field_nir_sec_date_filed&sort=asc",
    "timestamp": "unknown"
  },
  {
    "title": "Group,,Annual FilingsCurrent ReportsMergers & AcquisitionsOtherProxy FilingsQuarterly FilingsRegistration StatementsFiling year- Any -Items per pageFi",
    "link": "https://investors.larimartx.com/financial-information/sec-filings?items_per_page=&order=field_nir_sec_date_filed&sort=asc",
    "timestamp": "unknown"
  },
  {
    "title": "Filing dateFormDescriptionViewAug ,SCHEDULE 13GSCHEDULE 13G - Description--.pdf--.rtf--.xlsView HTMLAug ,-KReport of unscheduled material events or co",
    "link": "https://investors.larimartx.com/financial-information/sec-filings?items_per_page=&order=field_nir_sec_date_filed&sort=asc",
    "timestamp": "unknown"
  },
  {
    "title": "Filing dateFormDescriptionView",
    "link": "https://investors.larimartx.com/financial-information/sec-filings?items_per_page=&order=field_nir_sec_date_filed&sort=asc",
    "timestamp": "unknown"
  },
  {
    "title": "Aug ,SCHEDULE 13GSCHEDULE 13G - Description--.pdf--.rtf--.xlsView HTML",
    "link": "https://investors.larimartx.com/sec-filings/sec-filing/schedule-13g/--",
    "timestamp": "unknown"
  },
  {
    "title": "--.pdf",
    "link": "https://investors.larimartx.com/static-files/19bff9a6-1b76-44e2-babb-11ff00a27004",
    "timestamp": "unknown"
  },
  {
    "title": "--.rtf",
    "link": "https://investors.larimartx.com/static-files/ca3dacc0-5e47-4e50-bac8-4ae6e9b5e9d0",
    "timestamp": "unknown"
  },
  {
    "title": "--.xls",
    "link": "https://investors.larimartx.com/static-files/d039f356-5bb1-405e-855c-b03f1e5ed325",
    "timestamp": "unknown"
  },
  {
    "title": "Aug ,-KReport of unscheduled material events or corporate event--.pdf--.rtf--.xlsEX-.SCH - XBRL TAXONOMY EXTENSION SCHEMAView HTML",
    "link": "https://investors.larimartx.com/sec-filings/sec-filing/-k/--",
    "timestamp": "unknown"
  },
  {
    "title": "--.pdf",
    "link": "https://investors.larimartx.com/static-files/e856bc3e-54fb-44b7-b42d-afcf45b9f843",
    "timestamp": "unknown"
  },
  {
    "title": "--.rtf",
    "link": "https://investors.larimartx.com/static-files/ac07f818----12742e6ea7fd",
    "timestamp": "unknown"
  },
  {
    "title": "--.xls",
    "link": "https://investors.larimartx.com/static-files/4aa2e24b---b111-a704ce7732a2",
    "timestamp": "unknown"
  },
  {
    "title": "Aug ,SCHEDULE 13G/ASCHEDULE 13G/A - Description--.pdf--.rtf--.xlsView HTML",
    "link": "https://investors.larimartx.com/sec-filings/sec-filing/schedule-13ga/--",
    "timestamp": "unknown"
  },
  {
    "title": "--.pdf",
    "link": "https://investors.larimartx.com/static-files/7bbef9a8--4b04-bfb7-ce9ac4710434",
    "timestamp": "unknown"
  },
  {
    "title": "--.rtf",
    "link": "https://investors.larimartx.com/static-files/b3a1a1fc---afe5-e794585675d4",
    "timestamp": "unknown"
  },
  {
    "title": "--.xls",
    "link": "https://investors.larimartx.com/static-files/ae760fff-33b6--b087-7740e41478ae",
    "timestamp": "unknown"
  },
  {
    "title": "Aug ,-QQuarterly report which provides a continuing view of a company's financial position--.pdf--.rtf--.xlsEX-.SCH - XBRL TAXONOMY EXTENSION SCHEMAVi",
    "link": "https://investors.larimartx.com/sec-filings/sec-filing/-q/--",
    "timestamp": "unknown"
  },
  {
    "title": "--.pdf",
    "link": "https://investors.larimartx.com/static-files/85935baf-9c2f-4b8e-9d93-eef506016b59",
    "timestamp": "unknown"
  },
  {
    "title": "--.rtf",
    "link": "https://investors.larimartx.com/static-files/1c108de9--4f43-87ab-48c63db4f156",
    "timestamp": "unknown"
  },
  {
    "title": "--.xls",
    "link": "https://investors.larimartx.com/static-files/1713f50b-e165-48d9-8bb3-490a83a5d17c",
    "timestamp": "unknown"
  },
  {
    "title": "Aug ,Statement of changes in beneficial ownership of securities--.pdf--.rtf--.xlsView HTML",
    "link": "https://investors.larimartx.com/sec-filings/sec-filing//--",
    "timestamp": "unknown"
  },
  {
    "title": "--.pdf",
    "link": "https://investors.larimartx.com/static-files/0261fd43-16c0-407a-ac5e-4ebb49efac27",
    "timestamp": "unknown"
  },
  {
    "title": "--.rtf",
    "link": "https://investors.larimartx.com/static-files/f53287f1--4a97-b82d-03a34240e4f6",
    "timestamp": "unknown"
  },
  {
    "title": "--.xls",
    "link": "https://investors.larimartx.com/static-files/00ac7182-1d8f-4ce5-b533-870f73987d58",
    "timestamp": "unknown"
  },
  {
    "title": "Jul ,-KReport of unscheduled material events or corporate event--.pdf--.rtf--.xlsEX-.SCH - XBRL TAXONOMY EXTENSION SCHEMAView HTML",
    "link": "https://investors.larimartx.com/sec-filings/sec-filing/-k/--",
    "timestamp": "unknown"
  },
  {
    "title": "--.pdf",
    "link": "https://investors.larimartx.com/static-files/bb0ae9ac-9bd7--b776-9fe2826a6f59",
    "timestamp": "unknown"
  },
  {
    "title": "--.rtf",
    "link": "https://investors.larimartx.com/static-files/9efc9065-2a5f--9be0-4144766fa38a",
    "timestamp": "unknown"
  },
  {
    "title": "--.xls",
    "link": "https://investors.larimartx.com/static-files/b62e50ef---82f9-d70785bb42c9",
    "timestamp": "unknown"
  },
  {
    "title": "Jul ,424B5Form of prospectus disclosing information, facts, events covered in both forms 424B2, 424B3--.pdf--.rtf--.xlsView HTML",
    "link": "https://investors.larimartx.com/sec-filings/sec-filing/424b5/--",
    "timestamp": "unknown"
  },
  {
    "title": "--.pdf",
    "link": "https://investors.larimartx.com/static-files/f952c867-183c--9b6a-a937eb7789c3",
    "timestamp": "unknown"
  },
  {
    "title": "--.rtf",
    "link": "https://investors.larimartx.com/static-files/aa301f8e-e48b--aa72-ae36590cb08a",
    "timestamp": "unknown"
  },
  {
    "title": "--.xls",
    "link": "https://investors.larimartx.com/static-files/43e94cb2-da08-4c62--7950d213073f",
    "timestamp": "unknown"
  },
  {
    "title": "Jul ,SCHEDULE 13D/ASCHEDULE 13D/A - Description--.pdf--.rtf--.xlsView HTML",
    "link": "https://investors.larimartx.com/sec-filings/sec-filing/schedule-13da/--",
    "timestamp": "unknown"
  },
  {
    "title": "--.pdf",
    "link": "https://investors.larimartx.com/static-files/c3001bc4-a74b--a49d-ed4923e9a970",
    "timestamp": "unknown"
  },
  {
    "title": "--.rtf",
    "link": "https://investors.larimartx.com/static-files/5071f0e4-b3c7-4e86-b66a-e09ab47cadf9",
    "timestamp": "unknown"
  },
  {
    "title": "--.xls",
    "link": "https://investors.larimartx.com/static-files/df371ddd-25a5-4cde-9e5c-255b01ef55c5",
    "timestamp": "unknown"
  },
  {
    "title": "Jul ,424B5Form of prospectus disclosing information, facts, events covered in both forms 424B2, 424B3--.pdf--.rtfView HTML",
    "link": "https://investors.larimartx.com/sec-filings/sec-filing/424b5/--",
    "timestamp": "unknown"
  },
  {
    "title": "--.pdf",
    "link": "https://investors.larimartx.com/static-files/a44377db-f368-4cf0-a8db-205849629cf5",
    "timestamp": "unknown"
  },
  {
    "title": "--.rtf",
    "link": "https://investors.larimartx.com/static-files/a7b90231---993f-aa0661e9f8ff",
    "timestamp": "unknown"
  },
  {
    "title": "Jul ,-KReport of unscheduled material events or corporate event--.pdf--.rtf--.xlsEX-.SCH - XBRL TAXONOMY EXTENSION SCHEMAView HTML",
    "link": "https://investors.larimartx.com/sec-filings/sec-filing/-k/--",
    "timestamp": "unknown"
  },
  {
    "title": "--.pdf",
    "link": "https://investors.larimartx.com/static-files/65afe1be-8a6c--a664-237041abecd7",
    "timestamp": "unknown"
  },
  {
    "title": "--.rtf",
    "link": "https://investors.larimartx.com/static-files/6c4a0c27-2b3b-42e1-813b-068f76947892",
    "timestamp": "unknown"
  },
  {
    "title": "--.xls",
    "link": "https://investors.larimartx.com/static-files/75b35cd3-832b-4b4d-b975-878a043a4bb5",
    "timestamp": "unknown"
  },
  {
    "title": "Current page",
    "link": "https://investors.larimartx.com/financial-information/sec-filings?&&field_nir_sec_date_filed_value=&&&page=",
    "timestamp": "unknown"
  },
  {
    "title": "Page",
    "link": "https://investors.larimartx.com/financial-information/sec-filings?&&field_nir_sec_date_filed_value=&&&page=",
    "timestamp": "unknown"
  },
  {
    "title": "Page",
    "link": "https://investors.larimartx.com/financial-information/sec-filings?&&field_nir_sec_date_filed_value=&&&page=",
    "timestamp": "unknown"
  },
  {
    "title": "Page",
    "link": "https://investors.larimartx.com/financial-information/sec-filings?&&field_nir_sec_date_filed_value=&&&page=",
    "timestamp": "unknown"
  },
  {
    "title": "Page",
    "link": "https://investors.larimartx.com/financial-information/sec-filings?&&field_nir_sec_date_filed_value=&&&page=",
    "timestamp": "unknown"
  },
  {
    "title": "Page",
    "link": "https://investors.larimartx.com/financial-information/sec-filings?&&field_nir_sec_date_filed_value=&&&page=",
    "timestamp": "unknown"
  },
  {
    "title": "Page",
    "link": "https://investors.larimartx.com/financial-information/sec-filings?&&field_nir_sec_date_filed_value=&&&page=",
    "timestamp": "unknown"
  },
  {
    "title": "Page",
    "link": "https://investors.larimartx.com/financial-information/sec-filings?&&field_nir_sec_date_filed_value=&&&page=",
    "timestamp": "unknown"
  },
  {
    "title": "Page",
    "link": "https://investors.larimartx.com/financial-information/sec-filings?&&field_nir_sec_date_filed_value=&&&page=",
    "timestamp": "unknown"
  },
  {
    "title": "Next pageNext \u203a",
    "link": "https://investors.larimartx.com/financial-information/sec-filings?&&field_nir_sec_date_filed_value=&&&page=",
    "timestamp": "unknown"
  },
  {
    "title": "Last pageLast \u00bb",
    "link": "https://investors.larimartx.com/financial-information/sec-filings?&&field_nir_sec_date_filed_value=&&&page=",
    "timestamp": "unknown"
  },
  {
    "title": "Data provided byKaleidoscope.",
    "link": "https://www.kscope.io",
    "timestamp": "unknown"
  },
  {
    "title": "Data provided byKaleidoscope.",
    "link": "https://www.kscope.io",
    "timestamp": "unknown"
  },
  {
    "title": "Terms of use",
    "link": "https://larimartx.com/termsofuse/",
    "timestamp": "unknown"
  },
  {
    "title": "Privacy Policy",
    "link": "https://larimartx.com/privacy-policy/",
    "timestamp": "unknown"
  },
  {
    "title": "Site Credits",
    "link": "https://www.fassino.com/",
    "timestamp": "unknown"
  }
]