[
  {
    "title": "Toggle navigation",
    "link": "https://larimartx.com",
    "timestamp": "unknown"
  },
  {
    "title": "Toggle navigation",
    "link": "https://larimartx.com",
    "timestamp": "unknown"
  },
  {
    "title": "About LarimarCompany OverviewLeadershipBoard of DirectorsCareersOur ScienceScientific ApproachPublicationsOur ProgramsPipelineCTI-Expanded Access Poli",
    "link": "https://larimartx.com",
    "timestamp": "unknown"
  },
  {
    "title": "About LarimarCompany OverviewLeadershipBoard of DirectorsCareersOur ScienceScientific ApproachPublicationsOur ProgramsPipelineCTI-Expanded Access Poli",
    "link": "https://larimartx.com",
    "timestamp": "unknown"
  },
  {
    "title": "About LarimarCompany OverviewLeadershipBoard of DirectorsCareersOur ScienceScientific ApproachPublicationsOur ProgramsPipelineCTI-Expanded Access Poli",
    "link": "https://larimartx.com",
    "timestamp": "unknown"
  },
  {
    "title": "About LarimarCompany OverviewLeadershipBoard of DirectorsCareersOur ScienceScientific ApproachPublicationsOur ProgramsPipelineCTI-Expanded Access Poli",
    "link": "https://larimartx.com",
    "timestamp": "unknown"
  },
  {
    "title": "About LarimarCompany OverviewLeadershipBoard of DirectorsCareersOur ScienceScientific ApproachPublicationsOur ProgramsPipelineCTI-Expanded Access Poli",
    "link": "https://larimartx.com",
    "timestamp": "unknown"
  },
  {
    "title": "About LarimarCompany OverviewLeadershipBoard of DirectorsCareersOur ScienceScientific ApproachPublicationsOur ProgramsPipelineCTI-Expanded Access Poli",
    "link": "https://investors.larimartx.com/press-releases",
    "timestamp": "unknown"
  },
  {
    "title": "About LarimarCompany OverviewLeadershipBoard of DirectorsCareersOur ScienceScientific ApproachPublicationsOur ProgramsPipelineCTI-Expanded Access Poli",
    "link": "https://investors.larimartx.com/press-releases",
    "timestamp": "unknown"
  },
  {
    "title": "About LarimarCompany OverviewLeadershipBoard of DirectorsCareers",
    "link": "https://investors.larimartx.com/press-releases",
    "timestamp": "unknown"
  },
  {
    "title": "Company Overview",
    "link": "https://larimartx.com/about-larimar/company-overview/",
    "timestamp": "unknown"
  },
  {
    "title": "Leadership",
    "link": "https://larimartx.com/about-larimar/leadership/",
    "timestamp": "unknown"
  },
  {
    "title": "Board of Directors",
    "link": "https://larimartx.com/about-larimar/board-of-directors/",
    "timestamp": "unknown"
  },
  {
    "title": "Careers",
    "link": "https://larimartx.com/about-larimar/careers/",
    "timestamp": "unknown"
  },
  {
    "title": "Our ScienceScientific ApproachPublications",
    "link": "https://investors.larimartx.com/press-releases",
    "timestamp": "unknown"
  },
  {
    "title": "Scientific Approach",
    "link": "https://larimartx.com/our-science/scientific-approach/",
    "timestamp": "unknown"
  },
  {
    "title": "Publications",
    "link": "https://larimartx.com/our-science/publications/",
    "timestamp": "unknown"
  },
  {
    "title": "Our ProgramsPipelineCTI-Expanded Access Policy",
    "link": "https://investors.larimartx.com/press-releases",
    "timestamp": "unknown"
  },
  {
    "title": "Pipeline",
    "link": "https://larimartx.com/our-programs/pipeline/",
    "timestamp": "unknown"
  },
  {
    "title": "CTI-",
    "link": "https://larimartx.com/our-programs/cti-/",
    "timestamp": "unknown"
  },
  {
    "title": "Expanded Access Policy",
    "link": "https://larimartx.com/our-programs/expanded-access-policy/",
    "timestamp": "unknown"
  },
  {
    "title": "Our Partners",
    "link": "https://larimartx.com/our-partners/",
    "timestamp": "unknown"
  },
  {
    "title": "InvestorsInvestorsPress ReleasesEvents & PresentationsCorporate GovernanceFinancials & FilingsStock InformationAnalyst CoverageInvestor FAQsContact Us",
    "link": "https://investors.larimartx.com/",
    "timestamp": "unknown"
  },
  {
    "title": "Investors",
    "link": "https://investors.larimartx.com/",
    "timestamp": "unknown"
  },
  {
    "title": "Press Releases",
    "link": "https://investors.larimartx.com/press-releases",
    "timestamp": "unknown"
  },
  {
    "title": "Events & Presentations",
    "link": "https://investors.larimartx.com/events-and-presentations",
    "timestamp": "unknown"
  },
  {
    "title": "Corporate Governance",
    "link": "https://investors.larimartx.com/corporate-governance",
    "timestamp": "unknown"
  },
  {
    "title": "Financials & Filings",
    "link": "https://investors.larimartx.com/financials-and-filings",
    "timestamp": "unknown"
  },
  {
    "title": "Stock Information",
    "link": "https://investors.larimartx.com/stock-information",
    "timestamp": "unknown"
  },
  {
    "title": "Analyst Coverage",
    "link": "https://investors.larimartx.com/stock-information/analyst-coverage",
    "timestamp": "unknown"
  },
  {
    "title": "Investor FAQs",
    "link": "https://investors.larimartx.com/investor-faqs",
    "timestamp": "unknown"
  },
  {
    "title": "Contact Us",
    "link": "https://investors.larimartx.com/contact-us",
    "timestamp": "unknown"
  },
  {
    "title": "Email Alerts",
    "link": "https://investors.larimartx.com/email-alerts",
    "timestamp": "unknown"
  },
  {
    "title": "News",
    "link": "https://larimartx.com/news/",
    "timestamp": "unknown"
  },
  {
    "title": "ContactContact UsDirections",
    "link": "https://investors.larimartx.com/press-releases",
    "timestamp": "unknown"
  },
  {
    "title": "Contact Us",
    "link": "https://larimartx.com/contact-us/contact/",
    "timestamp": "unknown"
  },
  {
    "title": "Directions",
    "link": "https://larimartx.com/contact-us/directions/",
    "timestamp": "unknown"
  },
  {
    "title": "About LarimarCompany OverviewLeadershipBoard of DirectorsCareersOur ScienceScientific ApproachPublicationsOur ProgramsPipelineCTI-Expanded Access Poli",
    "link": "https://investors.larimartx.com/press-releases",
    "timestamp": "unknown"
  },
  {
    "title": "About LarimarCompany OverviewLeadershipBoard of DirectorsCareersOur ScienceScientific ApproachPublicationsOur ProgramsPipelineCTI-Expanded Access Poli",
    "link": "https://investors.larimartx.com/press-releases",
    "timestamp": "unknown"
  },
  {
    "title": "About LarimarCompany OverviewLeadershipBoard of DirectorsCareersOur ScienceScientific ApproachPublicationsOur ProgramsPipelineCTI-Expanded Access Poli",
    "link": "https://investors.larimartx.com/press-releases",
    "timestamp": "unknown"
  },
  {
    "title": "About LarimarCompany OverviewLeadershipBoard of DirectorsCareersOur ScienceScientific ApproachPublicationsOur ProgramsPipelineCTI-Expanded Access Poli",
    "link": "https://investors.larimartx.com/press-releases",
    "timestamp": "unknown"
  },
  {
    "title": "About LarimarCompany OverviewLeadershipBoard of DirectorsCareersOur ScienceScientific ApproachPublicationsOur ProgramsPipelineCTI-Expanded Access Poli",
    "link": "https://investors.larimartx.com/press-releases",
    "timestamp": "unknown"
  },
  {
    "title": "About LarimarCompany OverviewLeadershipBoard of DirectorsCareers",
    "link": "https://investors.larimartx.com/press-releases",
    "timestamp": "unknown"
  },
  {
    "title": "Company Overview",
    "link": "https://larimartx.com/about-larimar/company-overview/",
    "timestamp": "unknown"
  },
  {
    "title": "Leadership",
    "link": "https://larimartx.com/about-larimar/leadership/",
    "timestamp": "unknown"
  },
  {
    "title": "Board of Directors",
    "link": "https://larimartx.com/about-larimar/board-of-directors/",
    "timestamp": "unknown"
  },
  {
    "title": "Careers",
    "link": "https://larimartx.com/about-larimar/careers/",
    "timestamp": "unknown"
  },
  {
    "title": "Our ScienceScientific ApproachPublications",
    "link": "https://investors.larimartx.com/press-releases",
    "timestamp": "unknown"
  },
  {
    "title": "Scientific Approach",
    "link": "https://larimartx.com/our-science/scientific-approach/",
    "timestamp": "unknown"
  },
  {
    "title": "Publications",
    "link": "https://larimartx.com/our-science/publications/",
    "timestamp": "unknown"
  },
  {
    "title": "Our ProgramsPipelineCTI-Expanded Access Policy",
    "link": "https://investors.larimartx.com/press-releases",
    "timestamp": "unknown"
  },
  {
    "title": "Pipeline",
    "link": "https://larimartx.com/our-programs/pipeline/",
    "timestamp": "unknown"
  },
  {
    "title": "CTI-",
    "link": "https://larimartx.com/our-programs/cti-/",
    "timestamp": "unknown"
  },
  {
    "title": "Expanded Access Policy",
    "link": "https://larimartx.com/our-programs/expanded-access-policy/",
    "timestamp": "unknown"
  },
  {
    "title": "Our Partners",
    "link": "https://larimartx.com/our-partners/",
    "timestamp": "unknown"
  },
  {
    "title": "InvestorsInvestorsPress ReleasesEvents & PresentationsCorporate GovernanceFinancials & FilingsStock InformationAnalyst CoverageInvestor FAQsContact Us",
    "link": "https://investors.larimartx.com/",
    "timestamp": "unknown"
  },
  {
    "title": "Investors",
    "link": "https://investors.larimartx.com/",
    "timestamp": "unknown"
  },
  {
    "title": "Press Releases",
    "link": "https://investors.larimartx.com/press-releases",
    "timestamp": "unknown"
  },
  {
    "title": "Events & Presentations",
    "link": "https://investors.larimartx.com/events-and-presentations",
    "timestamp": "unknown"
  },
  {
    "title": "Corporate Governance",
    "link": "https://investors.larimartx.com/corporate-governance",
    "timestamp": "unknown"
  },
  {
    "title": "Financials & Filings",
    "link": "https://investors.larimartx.com/financials-and-filings",
    "timestamp": "unknown"
  },
  {
    "title": "Stock Information",
    "link": "https://investors.larimartx.com/stock-information",
    "timestamp": "unknown"
  },
  {
    "title": "Analyst Coverage",
    "link": "https://investors.larimartx.com/stock-information/analyst-coverage",
    "timestamp": "unknown"
  },
  {
    "title": "Investor FAQs",
    "link": "https://investors.larimartx.com/investor-faqs",
    "timestamp": "unknown"
  },
  {
    "title": "Contact Us",
    "link": "https://investors.larimartx.com/contact-us",
    "timestamp": "unknown"
  },
  {
    "title": "Email Alerts",
    "link": "https://investors.larimartx.com/email-alerts",
    "timestamp": "unknown"
  },
  {
    "title": "News",
    "link": "https://larimartx.com/news/",
    "timestamp": "unknown"
  },
  {
    "title": "ContactContact UsDirections",
    "link": "https://investors.larimartx.com/press-releases",
    "timestamp": "unknown"
  },
  {
    "title": "Contact Us",
    "link": "https://larimartx.com/contact-us/contact/",
    "timestamp": "unknown"
  },
  {
    "title": "Directions",
    "link": "https://larimartx.com/contact-us/directions/",
    "timestamp": "unknown"
  },
  {
    "title": "Press ReleasesInvestor RelationsInvestorsPress ReleasesEvents & PresentationsUpcoming eventsPresentationsPast EventsFINANCIALS & FILINGSSEC FilingsAnn",
    "link": "https://investors.larimartx.com/investor-relations",
    "timestamp": "unknown"
  },
  {
    "title": "Press ReleasesInvestor RelationsInvestorsPress ReleasesEvents & PresentationsUpcoming eventsPresentationsPast EventsFINANCIALS & FILINGSSEC FilingsAnn",
    "link": "https://investors.larimartx.com/investor-relations",
    "timestamp": "unknown"
  },
  {
    "title": "Press ReleasesInvestor RelationsInvestorsPress ReleasesEvents & PresentationsUpcoming eventsPresentationsPast EventsFINANCIALS & FILINGSSEC FilingsAnn",
    "link": "https://investors.larimartx.com/investor-relations",
    "timestamp": "unknown"
  },
  {
    "title": "Investor RelationsInvestorsPress ReleasesEvents & PresentationsUpcoming eventsPresentationsPast EventsFINANCIALS & FILINGSSEC FilingsAnnual Reports & ",
    "link": "https://investors.larimartx.com/investor-relations",
    "timestamp": "unknown"
  },
  {
    "title": "Investor RelationsInvestorsPress ReleasesEvents & PresentationsUpcoming eventsPresentationsPast EventsFINANCIALS & FILINGSSEC FilingsAnnual Reports & ",
    "link": "https://investors.larimartx.com/investor-relations",
    "timestamp": "unknown"
  },
  {
    "title": "Investor RelationsInvestorsPress ReleasesEvents & PresentationsUpcoming eventsPresentationsPast EventsFINANCIALS & FILINGSSEC FilingsAnnual Reports & ",
    "link": "https://investors.larimartx.com/investor-relations",
    "timestamp": "unknown"
  },
  {
    "title": "Investor RelationsInvestorsPress ReleasesEvents & PresentationsUpcoming eventsPresentationsPast EventsFINANCIALS & FILINGSSEC FilingsAnnual Reports & ",
    "link": "https://investors.larimartx.com/investor-relations",
    "timestamp": "unknown"
  },
  {
    "title": "Investor RelationsInvestorsPress ReleasesEvents & PresentationsUpcoming eventsPresentationsPast EventsFINANCIALS & FILINGSSEC FilingsAnnual Reports & ",
    "link": "https://investors.larimartx.com/investor-relations",
    "timestamp": "unknown"
  },
  {
    "title": "Investor RelationsInvestorsPress ReleasesEvents & PresentationsUpcoming eventsPresentationsPast EventsFINANCIALS & FILINGSSEC FilingsAnnual Reports & ",
    "link": "https://investors.larimartx.com/investor-relations",
    "timestamp": "unknown"
  },
  {
    "title": "Investor RelationsInvestorsPress ReleasesEvents & PresentationsUpcoming eventsPresentationsPast EventsFINANCIALS & FILINGSSEC FilingsAnnual Reports & ",
    "link": "https://investors.larimartx.com/investor-relations",
    "timestamp": "unknown"
  },
  {
    "title": "Investor RelationsInvestorsPress ReleasesEvents & PresentationsUpcoming eventsPresentationsPast EventsFINANCIALS & FILINGSSEC FilingsAnnual Reports & ",
    "link": "https://investors.larimartx.com/investor-relations",
    "timestamp": "unknown"
  },
  {
    "title": "Investor RelationsInvestorsPress ReleasesEvents & PresentationsUpcoming eventsPresentationsPast EventsFINANCIALS & FILINGSSEC FilingsAnnual Reports & ",
    "link": "https://investors.larimartx.com/investor-relations",
    "timestamp": "unknown"
  },
  {
    "title": "Investors",
    "link": "https://investors.larimartx.com/investor-relations",
    "timestamp": "unknown"
  },
  {
    "title": "Press Releases",
    "link": "https://investors.larimartx.com/press-releases",
    "timestamp": "unknown"
  },
  {
    "title": "Events & PresentationsUpcoming eventsPresentationsPast Events",
    "link": "https://investors.larimartx.com/events-and-presentations",
    "timestamp": "unknown"
  },
  {
    "title": "Upcoming events",
    "link": "https://investors.larimartx.com/events-and-presentations",
    "timestamp": "unknown"
  },
  {
    "title": "Presentations",
    "link": "https://investors.larimartx.com/events-and-presentations/presentations",
    "timestamp": "unknown"
  },
  {
    "title": "Past Events",
    "link": "https://investors.larimartx.com/events-and-presentations/past-events",
    "timestamp": "unknown"
  },
  {
    "title": "FINANCIALS & FILINGSSEC FilingsAnnual Reports & Proxy MaterialsForm",
    "link": "https://investors.larimartx.com/financials-and-filings",
    "timestamp": "unknown"
  },
  {
    "title": "SEC Filings",
    "link": "https://investors.larimartx.com/financial-information/sec-filings",
    "timestamp": "unknown"
  },
  {
    "title": "Annual Reports & Proxy Materials",
    "link": "https://investors.larimartx.com/financial-information/annual-reports-and-proxy-materials",
    "timestamp": "unknown"
  },
  {
    "title": "Form",
    "link": "https://investors.larimartx.com/form-",
    "timestamp": "unknown"
  },
  {
    "title": "Stock InformationStock Quote & ChartHistoric Stock Lookup",
    "link": "https://investors.larimartx.com/stock-information",
    "timestamp": "unknown"
  },
  {
    "title": "Stock Quote & Chart",
    "link": "https://investors.larimartx.com/stock-information",
    "timestamp": "unknown"
  },
  {
    "title": "Historic Stock Lookup",
    "link": "https://investors.larimartx.com/stock-information/historic-stock-lookup",
    "timestamp": "unknown"
  },
  {
    "title": "Analyst Coverage",
    "link": "https://investors.larimartx.com/analyst-coverage",
    "timestamp": "unknown"
  },
  {
    "title": "Investor FAQs",
    "link": "https://investors.larimartx.com/investor-faqs",
    "timestamp": "unknown"
  },
  {
    "title": "Contact Us",
    "link": "https://investors.larimartx.com/contact-us",
    "timestamp": "unknown"
  },
  {
    "title": "Email Alerts",
    "link": "https://investors.larimartx.com/email-alerts",
    "timestamp": "unknown"
  },
  {
    "title": "Email Alerts",
    "link": "https://investors.larimartx.com/email-alerts",
    "timestamp": "unknown"
  },
  {
    "title": "RSS",
    "link": "https://investors.larimartx.com/rss-news-feeds",
    "timestamp": "unknown"
  },
  {
    "title": "Print",
    "link": "https://investors.larimartx.com/press-releases#print",
    "timestamp": "unknown"
  },
  {
    "title": "Share",
    "link": "https://investors.larimartx.com/press-releases#share",
    "timestamp": "unknown"
  },
  {
    "title": "FacebookGoogleLinkedInTwitterEmailRSS",
    "link": "https://investors.larimartx.com/press-releases",
    "timestamp": "unknown"
  },
  {
    "title": "FacebookGoogleLinkedInTwitterEmailRSS",
    "link": "https://investors.larimartx.com/press-releases",
    "timestamp": "unknown"
  },
  {
    "title": "FacebookGoogleLinkedInTwitterEmailRSS",
    "link": "https://investors.larimartx.com/press-releases",
    "timestamp": "unknown"
  },
  {
    "title": "FacebookGoogleLinkedInTwitterEmailRSS",
    "link": "https://investors.larimartx.com/press-releases",
    "timestamp": "unknown"
  },
  {
    "title": "Facebook",
    "link": "http://www.facebook.com/share.php?u=http://zafgen.gcs-web.com/email-alerts?&t=Events & Presentations - Zafgen",
    "timestamp": "unknown"
  },
  {
    "title": "Google",
    "link": "https://plus.google.com/share?url=http://zafgen.gcs-web.com/email-alerts?&title=Events & Presentations - Zafgen",
    "timestamp": "unknown"
  },
  {
    "title": "LinkedIn",
    "link": "http://www.linkedin.com/shareArticle?mini=true&url=http://zafgen.gcs-web.com/email-alerts?&title=Events & Presentations - Zafgen",
    "timestamp": "unknown"
  },
  {
    "title": "Twitter",
    "link": "http://twitter.com/home?status=Currently%20reading%20http://zafgen.gcs-web.com/email-alerts?",
    "timestamp": "unknown"
  },
  {
    "title": "Email",
    "link": "https://investors.larimartx.com/email-alerts",
    "timestamp": "unknown"
  },
  {
    "title": "RSS",
    "link": "https://investors.larimartx.com/rss-news-feeds",
    "timestamp": "unknown"
  },
  {
    "title": "Investor RelationsInvestorsPress ReleasesEvents & PresentationsUpcoming eventsPresentationsPast EventsFINANCIALS & FILINGSSEC FilingsAnnual Reports & ",
    "link": "https://investors.larimartx.com/investor-relations",
    "timestamp": "unknown"
  },
  {
    "title": "Investors",
    "link": "https://investors.larimartx.com/investor-relations",
    "timestamp": "unknown"
  },
  {
    "title": "Press Releases",
    "link": "https://investors.larimartx.com/press-releases",
    "timestamp": "unknown"
  },
  {
    "title": "Events & PresentationsUpcoming eventsPresentationsPast Events",
    "link": "https://investors.larimartx.com/events-and-presentations",
    "timestamp": "unknown"
  },
  {
    "title": "Upcoming events",
    "link": "https://investors.larimartx.com/events-and-presentations",
    "timestamp": "unknown"
  },
  {
    "title": "Presentations",
    "link": "https://investors.larimartx.com/events-and-presentations/presentations",
    "timestamp": "unknown"
  },
  {
    "title": "Past Events",
    "link": "https://investors.larimartx.com/events-and-presentations/past-events",
    "timestamp": "unknown"
  },
  {
    "title": "FINANCIALS & FILINGSSEC FilingsAnnual Reports & Proxy MaterialsForm",
    "link": "https://investors.larimartx.com/financials-and-filings",
    "timestamp": "unknown"
  },
  {
    "title": "SEC Filings",
    "link": "https://investors.larimartx.com/financial-information/sec-filings",
    "timestamp": "unknown"
  },
  {
    "title": "Annual Reports & Proxy Materials",
    "link": "https://investors.larimartx.com/financial-information/annual-reports-and-proxy-materials",
    "timestamp": "unknown"
  },
  {
    "title": "Form",
    "link": "https://investors.larimartx.com/form-",
    "timestamp": "unknown"
  },
  {
    "title": "Stock InformationStock Quote & ChartHistoric Stock Lookup",
    "link": "https://investors.larimartx.com/stock-information",
    "timestamp": "unknown"
  },
  {
    "title": "Stock Quote & Chart",
    "link": "https://investors.larimartx.com/stock-information",
    "timestamp": "unknown"
  },
  {
    "title": "Historic Stock Lookup",
    "link": "https://investors.larimartx.com/stock-information/historic-stock-lookup",
    "timestamp": "unknown"
  },
  {
    "title": "Analyst Coverage",
    "link": "https://investors.larimartx.com/analyst-coverage",
    "timestamp": "unknown"
  },
  {
    "title": "Investor FAQs",
    "link": "https://investors.larimartx.com/investor-faqs",
    "timestamp": "unknown"
  },
  {
    "title": "Contact Us",
    "link": "https://investors.larimartx.com/contact-us",
    "timestamp": "unknown"
  },
  {
    "title": "Email Alerts",
    "link": "https://investors.larimartx.com/email-alerts",
    "timestamp": "unknown"
  },
  {
    "title": "Press ReleasesPress ReleasesItems Per PageYearNoneNov ,Larimar Therapeutics Reports Third Quarter  Financial ResultsIn the open label (OL) study, afte",
    "link": "https://investors.larimartx.com/news-releases/news-release-details/larimar-therapeutics-reports-third-quarter--financial",
    "timestamp": "unknown"
  },
  {
    "title": "Press ReleasesPress ReleasesItems Per PageYearNoneNov ,Larimar Therapeutics Reports Third Quarter  Financial ResultsIn the open label (OL) study, afte",
    "link": "https://investors.larimartx.com/news-releases/news-release-details/larimar-therapeutics-reports-third-quarter--financial",
    "timestamp": "unknown"
  },
  {
    "title": "Press ReleasesItems Per PageYearNoneNov ,Larimar Therapeutics Reports Third Quarter  Financial ResultsIn the open label (OL) study, after -months of d",
    "link": "https://investors.larimartx.com/news-releases/news-release-details/larimar-therapeutics-reports-third-quarter--financial",
    "timestamp": "unknown"
  },
  {
    "title": "Press ReleasesItems Per PageYearNoneNov ,Larimar Therapeutics Reports Third Quarter  Financial ResultsIn the open label (OL) study, after -months of d",
    "link": "https://investors.larimartx.com/news-releases/news-release-details/larimar-therapeutics-reports-third-quarter--financial",
    "timestamp": "unknown"
  },
  {
    "title": "Press ReleasesItems Per PageYearNoneNov ,Larimar Therapeutics Reports Third Quarter  Financial ResultsIn the open label (OL) study, after -months of d",
    "link": "https://investors.larimartx.com/news-releases/news-release-details/larimar-therapeutics-reports-third-quarter--financial",
    "timestamp": "unknown"
  },
  {
    "title": "Items Per PageYearNoneNov ,Larimar Therapeutics Reports Third Quarter  Financial ResultsIn the open label (OL) study, after -months of daily nomlabofu",
    "link": "https://investors.larimartx.com/news-releases/news-release-details/larimar-therapeutics-reports-third-quarter--financial",
    "timestamp": "unknown"
  },
  {
    "title": "Items Per PageYearNoneNov ,Larimar Therapeutics Reports Third Quarter  Financial ResultsIn the open label (OL) study, after -months of daily nomlabofu",
    "link": "https://investors.larimartx.com/news-releases/news-release-details/larimar-therapeutics-reports-third-quarter--financial",
    "timestamp": "unknown"
  },
  {
    "title": "Items Per PageYearNoneNov ,Larimar Therapeutics Reports Third Quarter  Financial ResultsIn the open label (OL) study, after -months of daily nomlabofu",
    "link": "https://investors.larimartx.com/news-releases/news-release-details/larimar-therapeutics-reports-third-quarter--financial",
    "timestamp": "unknown"
  },
  {
    "title": "Items Per PageYearNoneNov ,Larimar Therapeutics Reports Third Quarter  Financial ResultsIn the open label (OL) study, after -months of daily nomlabofu",
    "link": "https://investors.larimartx.com/news-releases/news-release-details/larimar-therapeutics-reports-third-quarter--financial",
    "timestamp": "unknown"
  },
  {
    "title": "Items Per PageYearNoneNov ,Larimar Therapeutics Reports Third Quarter  Financial ResultsIn the open label (OL) study, after -months of daily nomlabofu",
    "link": "https://investors.larimartx.com/news-releases/news-release-details/larimar-therapeutics-reports-third-quarter--financial",
    "timestamp": "unknown"
  },
  {
    "title": "Items Per PageYearNoneNov ,Larimar Therapeutics Reports Third Quarter  Financial ResultsIn the open label (OL) study, after -months of daily nomlabofu",
    "link": "https://investors.larimartx.com/news-releases/news-release-details/larimar-therapeutics-reports-third-quarter--financial",
    "timestamp": "unknown"
  },
  {
    "title": "Items Per PageYearNoneNov ,Larimar Therapeutics Reports Third Quarter  Financial ResultsIn the open label (OL) study, after -months of daily nomlabofu",
    "link": "https://investors.larimartx.com/news-releases/news-release-details/larimar-therapeutics-reports-third-quarter--financial",
    "timestamp": "unknown"
  },
  {
    "title": "Items Per PageYearNoneNov ,Larimar Therapeutics Reports Third Quarter  Financial ResultsIn the open label (OL) study, after -months of daily nomlabofu",
    "link": "https://investors.larimartx.com/news-releases/news-release-details/larimar-therapeutics-reports-third-quarter--financial",
    "timestamp": "unknown"
  },
  {
    "title": "Items Per PageYearNoneNov ,Larimar Therapeutics Reports Third Quarter  Financial ResultsIn the open label (OL) study, after -months of daily nomlabofu",
    "link": "https://investors.larimartx.com/news-releases/news-release-details/larimar-therapeutics-reports-third-quarter--financial",
    "timestamp": "unknown"
  },
  {
    "title": "Items Per PageYearNoneNov ,Larimar Therapeutics Reports Third Quarter  Financial ResultsIn the open label (OL) study, after -months of daily nomlabofu",
    "link": "https://investors.larimartx.com/news-releases/news-release-details/larimar-therapeutics-reports-third-quarter--financial",
    "timestamp": "unknown"
  },
  {
    "title": "Nov ,Larimar Therapeutics Reports Third Quarter  Financial ResultsIn the open label (OL) study, after -months of daily nomlabofusp administration, % o",
    "link": "https://investors.larimartx.com/news-releases/news-release-details/larimar-therapeutics-reports-third-quarter--financial",
    "timestamp": "unknown"
  },
  {
    "title": "Nov ,Larimar Therapeutics Reports Third Quarter  Financial ResultsIn the open label (OL) study, after -months of daily nomlabofusp administration, % o",
    "link": "https://investors.larimartx.com/news-releases/news-release-details/larimar-therapeutics-reports-third-quarter--financial",
    "timestamp": "unknown"
  },
  {
    "title": "Larimar Therapeutics Reports Third Quarter  Financial Results",
    "link": "https://investors.larimartx.com/news-releases/news-release-details/larimar-therapeutics-reports-third-quarter--financial",
    "timestamp": "unknown"
  },
  {
    "title": "PDF Version",
    "link": "https://investors.larimartx.com/node//pdf",
    "timestamp": "unknown"
  },
  {
    "title": "PDF Version",
    "link": "https://investors.larimartx.com/node//pdf",
    "timestamp": "unknown"
  },
  {
    "title": "Read More",
    "link": "https://investors.larimartx.com/news-releases/news-release-details/larimar-therapeutics-reports-third-quarter--financial",
    "timestamp": "unknown"
  },
  {
    "title": "Sep ,Larimar Therapeutics Announces Positive Data from Ongoing Long-term Open Label Study and Updates to Nomlabofusp Program for Friedreich\u2019s AtaxiaIn",
    "link": "https://investors.larimartx.com/news-releases/news-release-details/larimar-therapeutics-announces-positive-data-ongoing-long-term",
    "timestamp": "unknown"
  },
  {
    "title": "Larimar Therapeutics Announces Positive Data from Ongoing Long-term Open Label Study and Updates to Nomlabofusp Program for Friedreich\u2019s Ataxia",
    "link": "https://investors.larimartx.com/news-releases/news-release-details/larimar-therapeutics-announces-positive-data-ongoing-long-term",
    "timestamp": "unknown"
  },
  {
    "title": "PDF Version",
    "link": "https://investors.larimartx.com/node//pdf",
    "timestamp": "unknown"
  },
  {
    "title": "PDF Version",
    "link": "https://investors.larimartx.com/node//pdf",
    "timestamp": "unknown"
  },
  {
    "title": "Read More",
    "link": "https://investors.larimartx.com/news-releases/news-release-details/larimar-therapeutics-announces-positive-data-ongoing-long-term",
    "timestamp": "unknown"
  },
  {
    "title": "Sep ,Larimar Therapeutics Announces Conference Call on the Nomlabofusp Program for the Treatment of Friedreich\u2019s AtaxiaConference call and webcast on ",
    "link": "https://investors.larimartx.com/news-releases/news-release-details/larimar-therapeutics-announces-conference-call-nomlabofusp",
    "timestamp": "unknown"
  },
  {
    "title": "Larimar Therapeutics Announces Conference Call on the Nomlabofusp Program for the Treatment of Friedreich\u2019s Ataxia",
    "link": "https://investors.larimartx.com/news-releases/news-release-details/larimar-therapeutics-announces-conference-call-nomlabofusp",
    "timestamp": "unknown"
  },
  {
    "title": "PDF Version",
    "link": "https://investors.larimartx.com/node//pdf",
    "timestamp": "unknown"
  },
  {
    "title": "PDF Version",
    "link": "https://investors.larimartx.com/node//pdf",
    "timestamp": "unknown"
  },
  {
    "title": "Read More",
    "link": "https://investors.larimartx.com/news-releases/news-release-details/larimar-therapeutics-announces-conference-call-nomlabofusp",
    "timestamp": "unknown"
  },
  {
    "title": "Aug ,Larimar Therapeutics Reports Second Quarter  Financial ResultsInitial data from the  mg dose in the open label study and the adolescent PK run-in",
    "link": "https://investors.larimartx.com/news-releases/news-release-details/larimar-therapeutics-reports-second-quarter--financial",
    "timestamp": "unknown"
  },
  {
    "title": "Larimar Therapeutics Reports Second Quarter  Financial Results",
    "link": "https://investors.larimartx.com/news-releases/news-release-details/larimar-therapeutics-reports-second-quarter--financial",
    "timestamp": "unknown"
  },
  {
    "title": "PDF Version",
    "link": "https://investors.larimartx.com/node//pdf",
    "timestamp": "unknown"
  },
  {
    "title": "PDF Version",
    "link": "https://investors.larimartx.com/node//pdf",
    "timestamp": "unknown"
  },
  {
    "title": "Read More",
    "link": "https://investors.larimartx.com/news-releases/news-release-details/larimar-therapeutics-reports-second-quarter--financial",
    "timestamp": "unknown"
  },
  {
    "title": "Jul ,Larimar Therapeutics Announces Closing of Underwritten Public Offering of Common Stock and Exercise in Full of the Underwriters\u2019 Option to Purcha",
    "link": "https://investors.larimartx.com/news-releases/news-release-details/larimar-therapeutics-announces-closing-underwritten-public-",
    "timestamp": "unknown"
  },
  {
    "title": "Larimar Therapeutics Announces Closing of Underwritten Public Offering of Common Stock and Exercise in Full of the Underwriters\u2019 Option to Purchase Ad",
    "link": "https://investors.larimartx.com/news-releases/news-release-details/larimar-therapeutics-announces-closing-underwritten-public-",
    "timestamp": "unknown"
  },
  {
    "title": "PDF Version",
    "link": "https://investors.larimartx.com/node//pdf",
    "timestamp": "unknown"
  },
  {
    "title": "PDF Version",
    "link": "https://investors.larimartx.com/node//pdf",
    "timestamp": "unknown"
  },
  {
    "title": "Read More",
    "link": "https://investors.larimartx.com/news-releases/news-release-details/larimar-therapeutics-announces-closing-underwritten-public-",
    "timestamp": "unknown"
  },
  {
    "title": "Jul ,Larimar Therapeutics Announces Pricing of Underwritten Public OfferingBALA CYNWYD, Pa. , July ,  (GLOBE NEWSWIRE) -- Larimar Therapeutics, Inc. (",
    "link": "https://investors.larimartx.com/news-releases/news-release-details/larimar-therapeutics-announces-pricing-underwritten-public-",
    "timestamp": "unknown"
  },
  {
    "title": "Larimar Therapeutics Announces Pricing of Underwritten Public Offering",
    "link": "https://investors.larimartx.com/news-releases/news-release-details/larimar-therapeutics-announces-pricing-underwritten-public-",
    "timestamp": "unknown"
  },
  {
    "title": "PDF Version",
    "link": "https://investors.larimartx.com/node//pdf",
    "timestamp": "unknown"
  },
  {
    "title": "PDF Version",
    "link": "https://investors.larimartx.com/node//pdf",
    "timestamp": "unknown"
  },
  {
    "title": "Read More",
    "link": "https://investors.larimartx.com/news-releases/news-release-details/larimar-therapeutics-announces-pricing-underwritten-public-",
    "timestamp": "unknown"
  },
  {
    "title": "Jul ,Larimar Therapeutics Announces Proposed Underwritten Public OfferingBALA CYNWYD, Pa. , July ,  (GLOBE NEWSWIRE) -- Larimar Therapeutics, Inc. (\u201cL",
    "link": "https://investors.larimartx.com/news-releases/news-release-details/larimar-therapeutics-announces-proposed-underwritten-public-",
    "timestamp": "unknown"
  },
  {
    "title": "Larimar Therapeutics Announces Proposed Underwritten Public Offering",
    "link": "https://investors.larimartx.com/news-releases/news-release-details/larimar-therapeutics-announces-proposed-underwritten-public-",
    "timestamp": "unknown"
  },
  {
    "title": "PDF Version",
    "link": "https://investors.larimartx.com/node//pdf",
    "timestamp": "unknown"
  },
  {
    "title": "PDF Version",
    "link": "https://investors.larimartx.com/node//pdf",
    "timestamp": "unknown"
  },
  {
    "title": "Read More",
    "link": "https://investors.larimartx.com/news-releases/news-release-details/larimar-therapeutics-announces-proposed-underwritten-public-",
    "timestamp": "unknown"
  },
  {
    "title": "Jul ,Larimar Therapeutics Publishes Nonclinical Data Supporting the Therapeutic Potential of Nomlabofusp in Patients with Friedreich\u2019s AtaxiaNonclinic",
    "link": "https://investors.larimartx.com/news-releases/news-release-details/larimar-therapeutics-publishes-nonclinical-data-supporting",
    "timestamp": "unknown"
  },
  {
    "title": "Larimar Therapeutics Publishes Nonclinical Data Supporting the Therapeutic Potential of Nomlabofusp in Patients with Friedreich\u2019s Ataxia",
    "link": "https://investors.larimartx.com/news-releases/news-release-details/larimar-therapeutics-publishes-nonclinical-data-supporting",
    "timestamp": "unknown"
  },
  {
    "title": "PDF Version",
    "link": "https://investors.larimartx.com/node//pdf",
    "timestamp": "unknown"
  },
  {
    "title": "PDF Version",
    "link": "https://investors.larimartx.com/node//pdf",
    "timestamp": "unknown"
  },
  {
    "title": "Read More",
    "link": "https://investors.larimartx.com/news-releases/news-release-details/larimar-therapeutics-publishes-nonclinical-data-supporting",
    "timestamp": "unknown"
  },
  {
    "title": "Jun ,Larimar Therapeutics Announces FDA Recommendations on Safety Database, and Other Details of Nomlabofusp BLA Submission for Friedreich\u2019s Ataxia Pr",
    "link": "https://investors.larimartx.com/news-releases/news-release-details/larimar-therapeutics-announces-fda-recommendations-safety",
    "timestamp": "unknown"
  },
  {
    "title": "Larimar Therapeutics Announces FDA Recommendations on Safety Database, and Other Details of Nomlabofusp BLA Submission for Friedreich\u2019s Ataxia Program",
    "link": "https://investors.larimartx.com/news-releases/news-release-details/larimar-therapeutics-announces-fda-recommendations-safety",
    "timestamp": "unknown"
  },
  {
    "title": "PDF Version",
    "link": "https://investors.larimartx.com/node//pdf",
    "timestamp": "unknown"
  },
  {
    "title": "PDF Version",
    "link": "https://investors.larimartx.com/node//pdf",
    "timestamp": "unknown"
  },
  {
    "title": "Read More",
    "link": "https://investors.larimartx.com/news-releases/news-release-details/larimar-therapeutics-announces-fda-recommendations-safety",
    "timestamp": "unknown"
  },
  {
    "title": "Jun ,Larimar Therapeutics Announces Regulatory Update Call on the Nomlabofusp Program for the Treatment of Friedreich\u2019s AtaxiaConference call and webc",
    "link": "https://investors.larimartx.com/news-releases/news-release-details/larimar-therapeutics-announces-regulatory-update-call",
    "timestamp": "unknown"
  },
  {
    "title": "Larimar Therapeutics Announces Regulatory Update Call on the Nomlabofusp Program for the Treatment of Friedreich\u2019s Ataxia",
    "link": "https://investors.larimartx.com/news-releases/news-release-details/larimar-therapeutics-announces-regulatory-update-call",
    "timestamp": "unknown"
  },
  {
    "title": "PDF Version",
    "link": "https://investors.larimartx.com/node//pdf",
    "timestamp": "unknown"
  },
  {
    "title": "PDF Version",
    "link": "https://investors.larimartx.com/node//pdf",
    "timestamp": "unknown"
  },
  {
    "title": "Read More",
    "link": "https://investors.larimartx.com/news-releases/news-release-details/larimar-therapeutics-announces-regulatory-update-call",
    "timestamp": "unknown"
  },
  {
    "title": "PaginationCurrent pagePagePagePagePagePagePagePagePageNext pagenext \u203aLast pagelast \u00bb",
    "link": "https://investors.larimartx.com/press-releases?page=",
    "timestamp": "unknown"
  },
  {
    "title": "Current page",
    "link": "https://investors.larimartx.com/press-releases?page=",
    "timestamp": "unknown"
  },
  {
    "title": "Page",
    "link": "https://investors.larimartx.com/press-releases?page=",
    "timestamp": "unknown"
  },
  {
    "title": "Page",
    "link": "https://investors.larimartx.com/press-releases?page=",
    "timestamp": "unknown"
  },
  {
    "title": "Page",
    "link": "https://investors.larimartx.com/press-releases?page=",
    "timestamp": "unknown"
  },
  {
    "title": "Page",
    "link": "https://investors.larimartx.com/press-releases?page=",
    "timestamp": "unknown"
  },
  {
    "title": "Page",
    "link": "https://investors.larimartx.com/press-releases?page=",
    "timestamp": "unknown"
  },
  {
    "title": "Page",
    "link": "https://investors.larimartx.com/press-releases?page=",
    "timestamp": "unknown"
  },
  {
    "title": "Page",
    "link": "https://investors.larimartx.com/press-releases?page=",
    "timestamp": "unknown"
  },
  {
    "title": "Page",
    "link": "https://investors.larimartx.com/press-releases?page=",
    "timestamp": "unknown"
  },
  {
    "title": "Next pagenext \u203a",
    "link": "https://investors.larimartx.com/press-releases?page=",
    "timestamp": "unknown"
  },
  {
    "title": "Last pagelast \u00bb",
    "link": "https://investors.larimartx.com/press-releases?page=",
    "timestamp": "unknown"
  },
  {
    "title": "Terms of use",
    "link": "https://larimartx.com/termsofuse/",
    "timestamp": "unknown"
  },
  {
    "title": "Privacy Policy",
    "link": "https://larimartx.com/privacy-policy/",
    "timestamp": "unknown"
  },
  {
    "title": "Site Credits",
    "link": "https://www.fassino.com/",
    "timestamp": "unknown"
  }
]