[
  {
    "title": "Toggle navigation",
    "link": "https://larimartx.com",
    "timestamp": "unknown"
  },
  {
    "title": "Toggle navigation",
    "link": "https://larimartx.com",
    "timestamp": "unknown"
  },
  {
    "title": "About LarimarCompany OverviewLeadershipBoard of DirectorsCareersOur ScienceScientific ApproachPublicationsOur ProgramsPipelineCTI-Expanded Access Poli",
    "link": "https://larimartx.com",
    "timestamp": "unknown"
  },
  {
    "title": "About LarimarCompany OverviewLeadershipBoard of DirectorsCareersOur ScienceScientific ApproachPublicationsOur ProgramsPipelineCTI-Expanded Access Poli",
    "link": "https://larimartx.com",
    "timestamp": "unknown"
  },
  {
    "title": "About LarimarCompany OverviewLeadershipBoard of DirectorsCareersOur ScienceScientific ApproachPublicationsOur ProgramsPipelineCTI-Expanded Access Poli",
    "link": "https://larimartx.com",
    "timestamp": "unknown"
  },
  {
    "title": "About LarimarCompany OverviewLeadershipBoard of DirectorsCareersOur ScienceScientific ApproachPublicationsOur ProgramsPipelineCTI-Expanded Access Poli",
    "link": "https://larimartx.com",
    "timestamp": "unknown"
  },
  {
    "title": "About LarimarCompany OverviewLeadershipBoard of DirectorsCareersOur ScienceScientific ApproachPublicationsOur ProgramsPipelineCTI-Expanded Access Poli",
    "link": "https://larimartx.com",
    "timestamp": "unknown"
  },
  {
    "title": "About LarimarCompany OverviewLeadershipBoard of DirectorsCareersOur ScienceScientific ApproachPublicationsOur ProgramsPipelineCTI-Expanded Access Poli",
    "link": "https://investors.larimartx.com/financial-information/sec-filings",
    "timestamp": "unknown"
  },
  {
    "title": "About LarimarCompany OverviewLeadershipBoard of DirectorsCareersOur ScienceScientific ApproachPublicationsOur ProgramsPipelineCTI-Expanded Access Poli",
    "link": "https://investors.larimartx.com/financial-information/sec-filings",
    "timestamp": "unknown"
  },
  {
    "title": "About LarimarCompany OverviewLeadershipBoard of DirectorsCareers",
    "link": "https://investors.larimartx.com/financial-information/sec-filings",
    "timestamp": "unknown"
  },
  {
    "title": "Company Overview",
    "link": "https://larimartx.com/about-larimar/company-overview/",
    "timestamp": "unknown"
  },
  {
    "title": "Leadership",
    "link": "https://larimartx.com/about-larimar/leadership/",
    "timestamp": "unknown"
  },
  {
    "title": "Board of Directors",
    "link": "https://larimartx.com/about-larimar/board-of-directors/",
    "timestamp": "unknown"
  },
  {
    "title": "Careers",
    "link": "https://larimartx.com/about-larimar/careers/",
    "timestamp": "unknown"
  },
  {
    "title": "Our ScienceScientific ApproachPublications",
    "link": "https://investors.larimartx.com/financial-information/sec-filings",
    "timestamp": "unknown"
  },
  {
    "title": "Scientific Approach",
    "link": "https://larimartx.com/our-science/scientific-approach/",
    "timestamp": "unknown"
  },
  {
    "title": "Publications",
    "link": "https://larimartx.com/our-science/publications/",
    "timestamp": "unknown"
  },
  {
    "title": "Our ProgramsPipelineCTI-Expanded Access Policy",
    "link": "https://investors.larimartx.com/financial-information/sec-filings",
    "timestamp": "unknown"
  },
  {
    "title": "Pipeline",
    "link": "https://larimartx.com/our-programs/pipeline/",
    "timestamp": "unknown"
  },
  {
    "title": "CTI-",
    "link": "https://larimartx.com/our-programs/cti-/",
    "timestamp": "unknown"
  },
  {
    "title": "Expanded Access Policy",
    "link": "https://larimartx.com/our-programs/expanded-access-policy/",
    "timestamp": "unknown"
  },
  {
    "title": "Our Partners",
    "link": "https://larimartx.com/our-partners/",
    "timestamp": "unknown"
  },
  {
    "title": "InvestorsInvestorsPress ReleasesEvents & PresentationsCorporate GovernanceFinancials & FilingsStock InformationAnalyst CoverageInvestor FAQsContact Us",
    "link": "https://investors.larimartx.com/",
    "timestamp": "unknown"
  },
  {
    "title": "Investors",
    "link": "https://investors.larimartx.com/",
    "timestamp": "unknown"
  },
  {
    "title": "Press Releases",
    "link": "https://investors.larimartx.com/press-releases",
    "timestamp": "unknown"
  },
  {
    "title": "Events & Presentations",
    "link": "https://investors.larimartx.com/events-and-presentations",
    "timestamp": "unknown"
  },
  {
    "title": "Corporate Governance",
    "link": "https://investors.larimartx.com/corporate-governance",
    "timestamp": "unknown"
  },
  {
    "title": "Financials & Filings",
    "link": "https://investors.larimartx.com/financials-and-filings",
    "timestamp": "unknown"
  },
  {
    "title": "Stock Information",
    "link": "https://investors.larimartx.com/stock-information",
    "timestamp": "unknown"
  },
  {
    "title": "Analyst Coverage",
    "link": "https://investors.larimartx.com/stock-information/analyst-coverage",
    "timestamp": "unknown"
  },
  {
    "title": "Investor FAQs",
    "link": "https://investors.larimartx.com/investor-faqs",
    "timestamp": "unknown"
  },
  {
    "title": "Contact Us",
    "link": "https://investors.larimartx.com/contact-us",
    "timestamp": "unknown"
  },
  {
    "title": "Email Alerts",
    "link": "https://investors.larimartx.com/email-alerts",
    "timestamp": "unknown"
  },
  {
    "title": "News",
    "link": "https://larimartx.com/news/",
    "timestamp": "unknown"
  },
  {
    "title": "ContactContact UsDirections",
    "link": "https://investors.larimartx.com/financial-information/sec-filings",
    "timestamp": "unknown"
  },
  {
    "title": "Contact Us",
    "link": "https://larimartx.com/contact-us/contact/",
    "timestamp": "unknown"
  },
  {
    "title": "Directions",
    "link": "https://larimartx.com/contact-us/directions/",
    "timestamp": "unknown"
  },
  {
    "title": "About LarimarCompany OverviewLeadershipBoard of DirectorsCareersOur ScienceScientific ApproachPublicationsOur ProgramsPipelineCTI-Expanded Access Poli",
    "link": "https://investors.larimartx.com/financial-information/sec-filings",
    "timestamp": "unknown"
  },
  {
    "title": "About LarimarCompany OverviewLeadershipBoard of DirectorsCareersOur ScienceScientific ApproachPublicationsOur ProgramsPipelineCTI-Expanded Access Poli",
    "link": "https://investors.larimartx.com/financial-information/sec-filings",
    "timestamp": "unknown"
  },
  {
    "title": "About LarimarCompany OverviewLeadershipBoard of DirectorsCareersOur ScienceScientific ApproachPublicationsOur ProgramsPipelineCTI-Expanded Access Poli",
    "link": "https://investors.larimartx.com/financial-information/sec-filings",
    "timestamp": "unknown"
  },
  {
    "title": "About LarimarCompany OverviewLeadershipBoard of DirectorsCareersOur ScienceScientific ApproachPublicationsOur ProgramsPipelineCTI-Expanded Access Poli",
    "link": "https://investors.larimartx.com/financial-information/sec-filings",
    "timestamp": "unknown"
  },
  {
    "title": "About LarimarCompany OverviewLeadershipBoard of DirectorsCareersOur ScienceScientific ApproachPublicationsOur ProgramsPipelineCTI-Expanded Access Poli",
    "link": "https://investors.larimartx.com/financial-information/sec-filings",
    "timestamp": "unknown"
  },
  {
    "title": "About LarimarCompany OverviewLeadershipBoard of DirectorsCareers",
    "link": "https://investors.larimartx.com/financial-information/sec-filings",
    "timestamp": "unknown"
  },
  {
    "title": "Company Overview",
    "link": "https://larimartx.com/about-larimar/company-overview/",
    "timestamp": "unknown"
  },
  {
    "title": "Leadership",
    "link": "https://larimartx.com/about-larimar/leadership/",
    "timestamp": "unknown"
  },
  {
    "title": "Board of Directors",
    "link": "https://larimartx.com/about-larimar/board-of-directors/",
    "timestamp": "unknown"
  },
  {
    "title": "Careers",
    "link": "https://larimartx.com/about-larimar/careers/",
    "timestamp": "unknown"
  },
  {
    "title": "Our ScienceScientific ApproachPublications",
    "link": "https://investors.larimartx.com/financial-information/sec-filings",
    "timestamp": "unknown"
  },
  {
    "title": "Scientific Approach",
    "link": "https://larimartx.com/our-science/scientific-approach/",
    "timestamp": "unknown"
  },
  {
    "title": "Publications",
    "link": "https://larimartx.com/our-science/publications/",
    "timestamp": "unknown"
  },
  {
    "title": "Our ProgramsPipelineCTI-Expanded Access Policy",
    "link": "https://investors.larimartx.com/financial-information/sec-filings",
    "timestamp": "unknown"
  },
  {
    "title": "Pipeline",
    "link": "https://larimartx.com/our-programs/pipeline/",
    "timestamp": "unknown"
  },
  {
    "title": "CTI-",
    "link": "https://larimartx.com/our-programs/cti-/",
    "timestamp": "unknown"
  },
  {
    "title": "Expanded Access Policy",
    "link": "https://larimartx.com/our-programs/expanded-access-policy/",
    "timestamp": "unknown"
  },
  {
    "title": "Our Partners",
    "link": "https://larimartx.com/our-partners/",
    "timestamp": "unknown"
  },
  {
    "title": "InvestorsInvestorsPress ReleasesEvents & PresentationsCorporate GovernanceFinancials & FilingsStock InformationAnalyst CoverageInvestor FAQsContact Us",
    "link": "https://investors.larimartx.com/",
    "timestamp": "unknown"
  },
  {
    "title": "Investors",
    "link": "https://investors.larimartx.com/",
    "timestamp": "unknown"
  },
  {
    "title": "Press Releases",
    "link": "https://investors.larimartx.com/press-releases",
    "timestamp": "unknown"
  },
  {
    "title": "Events & Presentations",
    "link": "https://investors.larimartx.com/events-and-presentations",
    "timestamp": "unknown"
  },
  {
    "title": "Corporate Governance",
    "link": "https://investors.larimartx.com/corporate-governance",
    "timestamp": "unknown"
  },
  {
    "title": "Financials & Filings",
    "link": "https://investors.larimartx.com/financials-and-filings",
    "timestamp": "unknown"
  },
  {
    "title": "Stock Information",
    "link": "https://investors.larimartx.com/stock-information",
    "timestamp": "unknown"
  },
  {
    "title": "Analyst Coverage",
    "link": "https://investors.larimartx.com/stock-information/analyst-coverage",
    "timestamp": "unknown"
  },
  {
    "title": "Investor FAQs",
    "link": "https://investors.larimartx.com/investor-faqs",
    "timestamp": "unknown"
  },
  {
    "title": "Contact Us",
    "link": "https://investors.larimartx.com/contact-us",
    "timestamp": "unknown"
  },
  {
    "title": "Email Alerts",
    "link": "https://investors.larimartx.com/email-alerts",
    "timestamp": "unknown"
  },
  {
    "title": "News",
    "link": "https://larimartx.com/news/",
    "timestamp": "unknown"
  },
  {
    "title": "ContactContact UsDirections",
    "link": "https://investors.larimartx.com/financial-information/sec-filings",
    "timestamp": "unknown"
  },
  {
    "title": "Contact Us",
    "link": "https://larimartx.com/contact-us/contact/",
    "timestamp": "unknown"
  },
  {
    "title": "Directions",
    "link": "https://larimartx.com/contact-us/directions/",
    "timestamp": "unknown"
  },
  {
    "title": "SEC FilingsInvestor RelationsInvestorsPress ReleasesEvents & PresentationsUpcoming eventsPresentationsPast EventsFINANCIALS & FILINGSSEC FilingsAnnual",
    "link": "https://investors.larimartx.com/investor-relations",
    "timestamp": "unknown"
  },
  {
    "title": "SEC FilingsInvestor RelationsInvestorsPress ReleasesEvents & PresentationsUpcoming eventsPresentationsPast EventsFINANCIALS & FILINGSSEC FilingsAnnual",
    "link": "https://investors.larimartx.com/investor-relations",
    "timestamp": "unknown"
  },
  {
    "title": "SEC FilingsInvestor RelationsInvestorsPress ReleasesEvents & PresentationsUpcoming eventsPresentationsPast EventsFINANCIALS & FILINGSSEC FilingsAnnual",
    "link": "https://investors.larimartx.com/investor-relations",
    "timestamp": "unknown"
  },
  {
    "title": "Investor RelationsInvestorsPress ReleasesEvents & PresentationsUpcoming eventsPresentationsPast EventsFINANCIALS & FILINGSSEC FilingsAnnual Reports & ",
    "link": "https://investors.larimartx.com/investor-relations",
    "timestamp": "unknown"
  },
  {
    "title": "Investor RelationsInvestorsPress ReleasesEvents & PresentationsUpcoming eventsPresentationsPast EventsFINANCIALS & FILINGSSEC FilingsAnnual Reports & ",
    "link": "https://investors.larimartx.com/investor-relations",
    "timestamp": "unknown"
  },
  {
    "title": "Investor RelationsInvestorsPress ReleasesEvents & PresentationsUpcoming eventsPresentationsPast EventsFINANCIALS & FILINGSSEC FilingsAnnual Reports & ",
    "link": "https://investors.larimartx.com/investor-relations",
    "timestamp": "unknown"
  },
  {
    "title": "Investor RelationsInvestorsPress ReleasesEvents & PresentationsUpcoming eventsPresentationsPast EventsFINANCIALS & FILINGSSEC FilingsAnnual Reports & ",
    "link": "https://investors.larimartx.com/investor-relations",
    "timestamp": "unknown"
  },
  {
    "title": "Investor RelationsInvestorsPress ReleasesEvents & PresentationsUpcoming eventsPresentationsPast EventsFINANCIALS & FILINGSSEC FilingsAnnual Reports & ",
    "link": "https://investors.larimartx.com/investor-relations",
    "timestamp": "unknown"
  },
  {
    "title": "Investor RelationsInvestorsPress ReleasesEvents & PresentationsUpcoming eventsPresentationsPast EventsFINANCIALS & FILINGSSEC FilingsAnnual Reports & ",
    "link": "https://investors.larimartx.com/investor-relations",
    "timestamp": "unknown"
  },
  {
    "title": "Investor RelationsInvestorsPress ReleasesEvents & PresentationsUpcoming eventsPresentationsPast EventsFINANCIALS & FILINGSSEC FilingsAnnual Reports & ",
    "link": "https://investors.larimartx.com/investor-relations",
    "timestamp": "unknown"
  },
  {
    "title": "Investor RelationsInvestorsPress ReleasesEvents & PresentationsUpcoming eventsPresentationsPast EventsFINANCIALS & FILINGSSEC FilingsAnnual Reports & ",
    "link": "https://investors.larimartx.com/investor-relations",
    "timestamp": "unknown"
  },
  {
    "title": "Investor RelationsInvestorsPress ReleasesEvents & PresentationsUpcoming eventsPresentationsPast EventsFINANCIALS & FILINGSSEC FilingsAnnual Reports & ",
    "link": "https://investors.larimartx.com/investor-relations",
    "timestamp": "unknown"
  },
  {
    "title": "Investors",
    "link": "https://investors.larimartx.com/investor-relations",
    "timestamp": "unknown"
  },
  {
    "title": "Press Releases",
    "link": "https://investors.larimartx.com/press-releases",
    "timestamp": "unknown"
  },
  {
    "title": "Events & PresentationsUpcoming eventsPresentationsPast Events",
    "link": "https://investors.larimartx.com/events-and-presentations",
    "timestamp": "unknown"
  },
  {
    "title": "Upcoming events",
    "link": "https://investors.larimartx.com/events-and-presentations",
    "timestamp": "unknown"
  },
  {
    "title": "Presentations",
    "link": "https://investors.larimartx.com/events-and-presentations/presentations",
    "timestamp": "unknown"
  },
  {
    "title": "Past Events",
    "link": "https://investors.larimartx.com/events-and-presentations/past-events",
    "timestamp": "unknown"
  },
  {
    "title": "FINANCIALS & FILINGSSEC FilingsAnnual Reports & Proxy MaterialsForm",
    "link": "https://investors.larimartx.com/financials-and-filings",
    "timestamp": "unknown"
  },
  {
    "title": "SEC Filings",
    "link": "https://investors.larimartx.com/financial-information/sec-filings",
    "timestamp": "unknown"
  },
  {
    "title": "Annual Reports & Proxy Materials",
    "link": "https://investors.larimartx.com/financial-information/annual-reports-and-proxy-materials",
    "timestamp": "unknown"
  },
  {
    "title": "Form",
    "link": "https://investors.larimartx.com/form-",
    "timestamp": "unknown"
  },
  {
    "title": "Stock InformationStock Quote & ChartHistoric Stock Lookup",
    "link": "https://investors.larimartx.com/stock-information",
    "timestamp": "unknown"
  },
  {
    "title": "Stock Quote & Chart",
    "link": "https://investors.larimartx.com/stock-information",
    "timestamp": "unknown"
  },
  {
    "title": "Historic Stock Lookup",
    "link": "https://investors.larimartx.com/stock-information/historic-stock-lookup",
    "timestamp": "unknown"
  },
  {
    "title": "Analyst Coverage",
    "link": "https://investors.larimartx.com/analyst-coverage",
    "timestamp": "unknown"
  },
  {
    "title": "Investor FAQs",
    "link": "https://investors.larimartx.com/investor-faqs",
    "timestamp": "unknown"
  },
  {
    "title": "Contact Us",
    "link": "https://investors.larimartx.com/contact-us",
    "timestamp": "unknown"
  },
  {
    "title": "Email Alerts",
    "link": "https://investors.larimartx.com/email-alerts",
    "timestamp": "unknown"
  },
  {
    "title": "Email Alerts",
    "link": "https://investors.larimartx.com/email-alerts",
    "timestamp": "unknown"
  },
  {
    "title": "RSS",
    "link": "https://investors.larimartx.com/rss-news-feeds",
    "timestamp": "unknown"
  },
  {
    "title": "Print",
    "link": "https://investors.larimartx.com/financial-information/sec-filings#print",
    "timestamp": "unknown"
  },
  {
    "title": "Share",
    "link": "https://investors.larimartx.com/financial-information/sec-filings#share",
    "timestamp": "unknown"
  },
  {
    "title": "FacebookGoogleLinkedInTwitterEmailRSS",
    "link": "https://investors.larimartx.com/financial-information/sec-filings",
    "timestamp": "unknown"
  },
  {
    "title": "FacebookGoogleLinkedInTwitterEmailRSS",
    "link": "https://investors.larimartx.com/financial-information/sec-filings",
    "timestamp": "unknown"
  },
  {
    "title": "FacebookGoogleLinkedInTwitterEmailRSS",
    "link": "https://investors.larimartx.com/financial-information/sec-filings",
    "timestamp": "unknown"
  },
  {
    "title": "FacebookGoogleLinkedInTwitterEmailRSS",
    "link": "https://investors.larimartx.com/financial-information/sec-filings",
    "timestamp": "unknown"
  },
  {
    "title": "Facebook",
    "link": "http://www.facebook.com/share.php?u=http://zafgen.gcs-web.com/email-alerts?&t=Events & Presentations - Zafgen",
    "timestamp": "unknown"
  },
  {
    "title": "Google",
    "link": "https://plus.google.com/share?url=http://zafgen.gcs-web.com/email-alerts?&title=Events & Presentations - Zafgen",
    "timestamp": "unknown"
  },
  {
    "title": "LinkedIn",
    "link": "http://www.linkedin.com/shareArticle?mini=true&url=http://zafgen.gcs-web.com/email-alerts?&title=Events & Presentations - Zafgen",
    "timestamp": "unknown"
  },
  {
    "title": "Twitter",
    "link": "http://twitter.com/home?status=Currently%20reading%20http://zafgen.gcs-web.com/email-alerts?",
    "timestamp": "unknown"
  },
  {
    "title": "Email",
    "link": "https://investors.larimartx.com/email-alerts",
    "timestamp": "unknown"
  },
  {
    "title": "RSS",
    "link": "https://investors.larimartx.com/rss-news-feeds",
    "timestamp": "unknown"
  },
  {
    "title": "Investor RelationsInvestorsPress ReleasesEvents & PresentationsUpcoming eventsPresentationsPast EventsFINANCIALS & FILINGSSEC FilingsAnnual Reports & ",
    "link": "https://investors.larimartx.com/investor-relations",
    "timestamp": "unknown"
  },
  {
    "title": "Investors",
    "link": "https://investors.larimartx.com/investor-relations",
    "timestamp": "unknown"
  },
  {
    "title": "Press Releases",
    "link": "https://investors.larimartx.com/press-releases",
    "timestamp": "unknown"
  },
  {
    "title": "Events & PresentationsUpcoming eventsPresentationsPast Events",
    "link": "https://investors.larimartx.com/events-and-presentations",
    "timestamp": "unknown"
  },
  {
    "title": "Upcoming events",
    "link": "https://investors.larimartx.com/events-and-presentations",
    "timestamp": "unknown"
  },
  {
    "title": "Presentations",
    "link": "https://investors.larimartx.com/events-and-presentations/presentations",
    "timestamp": "unknown"
  },
  {
    "title": "Past Events",
    "link": "https://investors.larimartx.com/events-and-presentations/past-events",
    "timestamp": "unknown"
  },
  {
    "title": "FINANCIALS & FILINGSSEC FilingsAnnual Reports & Proxy MaterialsForm",
    "link": "https://investors.larimartx.com/financials-and-filings",
    "timestamp": "unknown"
  },
  {
    "title": "SEC Filings",
    "link": "https://investors.larimartx.com/financial-information/sec-filings",
    "timestamp": "unknown"
  },
  {
    "title": "Annual Reports & Proxy Materials",
    "link": "https://investors.larimartx.com/financial-information/annual-reports-and-proxy-materials",
    "timestamp": "unknown"
  },
  {
    "title": "Form",
    "link": "https://investors.larimartx.com/form-",
    "timestamp": "unknown"
  },
  {
    "title": "Stock InformationStock Quote & ChartHistoric Stock Lookup",
    "link": "https://investors.larimartx.com/stock-information",
    "timestamp": "unknown"
  },
  {
    "title": "Stock Quote & Chart",
    "link": "https://investors.larimartx.com/stock-information",
    "timestamp": "unknown"
  },
  {
    "title": "Historic Stock Lookup",
    "link": "https://investors.larimartx.com/stock-information/historic-stock-lookup",
    "timestamp": "unknown"
  },
  {
    "title": "Analyst Coverage",
    "link": "https://investors.larimartx.com/analyst-coverage",
    "timestamp": "unknown"
  },
  {
    "title": "Investor FAQs",
    "link": "https://investors.larimartx.com/investor-faqs",
    "timestamp": "unknown"
  },
  {
    "title": "Contact Us",
    "link": "https://investors.larimartx.com/contact-us",
    "timestamp": "unknown"
  },
  {
    "title": "Email Alerts",
    "link": "https://investors.larimartx.com/email-alerts",
    "timestamp": "unknown"
  },
  {
    "title": "SEC FilingsSEC FilingsGroup,,Annual FilingsCurrent ReportsMergers & AcquisitionsOtherProxy FilingsQuarterly FilingsRegistration StatementsFiling year-",
    "link": "https://investors.larimartx.com/financial-information/sec-filings?items_per_page=&order=field_nir_sec_date_filed&sort=asc",
    "timestamp": "unknown"
  },
  {
    "title": "SEC FilingsSEC FilingsGroup,,Annual FilingsCurrent ReportsMergers & AcquisitionsOtherProxy FilingsQuarterly FilingsRegistration StatementsFiling year-",
    "link": "https://investors.larimartx.com/financial-information/sec-filings?items_per_page=&order=field_nir_sec_date_filed&sort=asc",
    "timestamp": "unknown"
  },
  {
    "title": "SEC FilingsGroup,,Annual FilingsCurrent ReportsMergers & AcquisitionsOtherProxy FilingsQuarterly FilingsRegistration StatementsFiling year- Any -Items",
    "link": "https://investors.larimartx.com/financial-information/sec-filings?items_per_page=&order=field_nir_sec_date_filed&sort=asc",
    "timestamp": "unknown"
  },
  {
    "title": "SEC FilingsGroup,,Annual FilingsCurrent ReportsMergers & AcquisitionsOtherProxy FilingsQuarterly FilingsRegistration StatementsFiling year- Any -Items",
    "link": "https://investors.larimartx.com/financial-information/sec-filings?items_per_page=&order=field_nir_sec_date_filed&sort=asc",
    "timestamp": "unknown"
  },
  {
    "title": "SEC FilingsGroup,,Annual FilingsCurrent ReportsMergers & AcquisitionsOtherProxy FilingsQuarterly FilingsRegistration StatementsFiling year- Any -Items",
    "link": "https://investors.larimartx.com/financial-information/sec-filings?items_per_page=&order=field_nir_sec_date_filed&sort=asc",
    "timestamp": "unknown"
  },
  {
    "title": "Group,,Annual FilingsCurrent ReportsMergers & AcquisitionsOtherProxy FilingsQuarterly FilingsRegistration StatementsFiling year- Any -Items per pageFi",
    "link": "https://investors.larimartx.com/financial-information/sec-filings?items_per_page=&order=field_nir_sec_date_filed&sort=asc",
    "timestamp": "unknown"
  },
  {
    "title": "Group,,Annual FilingsCurrent ReportsMergers & AcquisitionsOtherProxy FilingsQuarterly FilingsRegistration StatementsFiling year- Any -Items per pageFi",
    "link": "https://investors.larimartx.com/financial-information/sec-filings?items_per_page=&order=field_nir_sec_date_filed&sort=asc",
    "timestamp": "unknown"
  },
  {
    "title": "Group,,Annual FilingsCurrent ReportsMergers & AcquisitionsOtherProxy FilingsQuarterly FilingsRegistration StatementsFiling year- Any -Items per pageFi",
    "link": "https://investors.larimartx.com/financial-information/sec-filings?items_per_page=&order=field_nir_sec_date_filed&sort=asc",
    "timestamp": "unknown"
  },
  {
    "title": "Group,,Annual FilingsCurrent ReportsMergers & AcquisitionsOtherProxy FilingsQuarterly FilingsRegistration StatementsFiling year- Any -Items per pageFi",
    "link": "https://investors.larimartx.com/financial-information/sec-filings?items_per_page=&order=field_nir_sec_date_filed&sort=asc",
    "timestamp": "unknown"
  },
  {
    "title": "Group,,Annual FilingsCurrent ReportsMergers & AcquisitionsOtherProxy FilingsQuarterly FilingsRegistration StatementsFiling year- Any -Items per pageFi",
    "link": "https://investors.larimartx.com/financial-information/sec-filings?items_per_page=&order=field_nir_sec_date_filed&sort=asc",
    "timestamp": "unknown"
  },
  {
    "title": "Group,,Annual FilingsCurrent ReportsMergers & AcquisitionsOtherProxy FilingsQuarterly FilingsRegistration StatementsFiling year- Any -Items per pageFi",
    "link": "https://investors.larimartx.com/financial-information/sec-filings?items_per_page=&order=field_nir_sec_date_filed&sort=asc",
    "timestamp": "unknown"
  },
  {
    "title": "Group,,Annual FilingsCurrent ReportsMergers & AcquisitionsOtherProxy FilingsQuarterly FilingsRegistration StatementsFiling year- Any -Items per pageFi",
    "link": "https://investors.larimartx.com/financial-information/sec-filings?items_per_page=&order=field_nir_sec_date_filed&sort=asc",
    "timestamp": "unknown"
  },
  {
    "title": "Group,,Annual FilingsCurrent ReportsMergers & AcquisitionsOtherProxy FilingsQuarterly FilingsRegistration StatementsFiling year- Any -Items per pageFi",
    "link": "https://investors.larimartx.com/financial-information/sec-filings?items_per_page=&order=field_nir_sec_date_filed&sort=asc",
    "timestamp": "unknown"
  },
  {
    "title": "Group,,Annual FilingsCurrent ReportsMergers & AcquisitionsOtherProxy FilingsQuarterly FilingsRegistration StatementsFiling year- Any -Items per pageFi",
    "link": "https://investors.larimartx.com/financial-information/sec-filings?items_per_page=&order=field_nir_sec_date_filed&sort=asc",
    "timestamp": "unknown"
  },
  {
    "title": "Group,,Annual FilingsCurrent ReportsMergers & AcquisitionsOtherProxy FilingsQuarterly FilingsRegistration StatementsFiling year- Any -Items per pageFi",
    "link": "https://investors.larimartx.com/financial-information/sec-filings?items_per_page=&order=field_nir_sec_date_filed&sort=asc",
    "timestamp": "unknown"
  },
  {
    "title": "Filing dateFormDescriptionViewDec ,-KReport of unscheduled material events or corporate event--.pdf--.rtf--.xlsEX-.SCH - XBRL TAXONOMY EXTENSION SCHEM",
    "link": "https://investors.larimartx.com/financial-information/sec-filings?items_per_page=&order=field_nir_sec_date_filed&sort=asc",
    "timestamp": "unknown"
  },
  {
    "title": "Filing dateFormDescriptionView",
    "link": "https://investors.larimartx.com/financial-information/sec-filings?items_per_page=&order=field_nir_sec_date_filed&sort=asc",
    "timestamp": "unknown"
  },
  {
    "title": "Dec ,-KReport of unscheduled material events or corporate event--.pdf--.rtf--.xlsEX-.SCH - XBRL TAXONOMY EXTENSION SCHEMAView HTML",
    "link": "https://investors.larimartx.com/sec-filings/sec-filing/-k/--",
    "timestamp": "unknown"
  },
  {
    "title": "--.pdf",
    "link": "https://investors.larimartx.com/static-files/cac1d76b-b08d-411b-a0d0-1e07c92282dd",
    "timestamp": "unknown"
  },
  {
    "title": "--.rtf",
    "link": "https://investors.larimartx.com/static-files/d9c31d25-2d86-47be-aadd-f636c6a26d7a",
    "timestamp": "unknown"
  },
  {
    "title": "--.xls",
    "link": "https://investors.larimartx.com/static-files/5e49c6f3-1c5a-48f2-b8d2-49c153f0f3c6",
    "timestamp": "unknown"
  },
  {
    "title": "Nov ,-KReport of unscheduled material events or corporate event--.pdf--.rtf--.xlsEX-.SCH - XBRL TAXONOMY EXTENSION SCHEMAView HTML",
    "link": "https://investors.larimartx.com/sec-filings/sec-filing/-k/--",
    "timestamp": "unknown"
  },
  {
    "title": "--.pdf",
    "link": "https://investors.larimartx.com/static-files/9f8119d1-e56c-4f06--1c0d6955b39b",
    "timestamp": "unknown"
  },
  {
    "title": "--.rtf",
    "link": "https://investors.larimartx.com/static-files/80e6c7d1-6b8c-41e5-88fb-05666671a6b7",
    "timestamp": "unknown"
  },
  {
    "title": "--.xls",
    "link": "https://investors.larimartx.com/static-files/126a2855-469a--8dc6-a18ff83845a6",
    "timestamp": "unknown"
  },
  {
    "title": "Nov ,SCHEDULE 13G/ASCHEDULE 13G/A - Description--.pdf--.rtf--.xlsView HTML",
    "link": "https://investors.larimartx.com/sec-filings/sec-filing/schedule-13ga/--",
    "timestamp": "unknown"
  },
  {
    "title": "--.pdf",
    "link": "https://investors.larimartx.com/static-files/38d4740a-a080-48fb-b58c-08c458605baf",
    "timestamp": "unknown"
  },
  {
    "title": "--.rtf",
    "link": "https://investors.larimartx.com/static-files/3f3e71bb-0ce8--8d51-707341576c06",
    "timestamp": "unknown"
  },
  {
    "title": "--.xls",
    "link": "https://investors.larimartx.com/static-files/a8dd9616-ba95--9b68-a7fc53a553b1",
    "timestamp": "unknown"
  },
  {
    "title": "Nov ,-KReport of unscheduled material events or corporate event--.pdf--.rtf--.xlsEX-.SCH - XBRL TAXONOMY EXTENSION SCHEMAView HTML",
    "link": "https://investors.larimartx.com/sec-filings/sec-filing/-k/--",
    "timestamp": "unknown"
  },
  {
    "title": "--.pdf",
    "link": "https://investors.larimartx.com/static-files/db3af2a9-07d2-46c3-9b12-774a412fa366",
    "timestamp": "unknown"
  },
  {
    "title": "--.rtf",
    "link": "https://investors.larimartx.com/static-files/26fe7d7e-043d-476f-bfde-9a19092b231d",
    "timestamp": "unknown"
  },
  {
    "title": "--.xls",
    "link": "https://investors.larimartx.com/static-files/8ed89cfa-eb33-4a3a-b92a-7ad27d47841c",
    "timestamp": "unknown"
  },
  {
    "title": "Nov ,-QQuarterly report which provides a continuing view of a company's financial position--.pdf--.rtf--.xlsEX-.SCH - XBRL TAXONOMY EXTENSION SCHEMAVi",
    "link": "https://investors.larimartx.com/sec-filings/sec-filing/-q/--",
    "timestamp": "unknown"
  },
  {
    "title": "--.pdf",
    "link": "https://investors.larimartx.com/static-files/d3b73855--497e-b9b5-fbc8fc9e41aa",
    "timestamp": "unknown"
  },
  {
    "title": "--.rtf",
    "link": "https://investors.larimartx.com/static-files/56cc460f-b212-44d4-ba1a-b1bf57680d25",
    "timestamp": "unknown"
  },
  {
    "title": "--.xls",
    "link": "https://investors.larimartx.com/static-files/2746814e-b7da--9bb5-7978b74a7996",
    "timestamp": "unknown"
  },
  {
    "title": "Oct ,-KReport of unscheduled material events or corporate event--.pdf--.rtf--.xlsEX-.SCH - XBRL TAXONOMY EXTENSION SCHEMAView HTML",
    "link": "https://investors.larimartx.com/sec-filings/sec-filing/-k/--",
    "timestamp": "unknown"
  },
  {
    "title": "--.pdf",
    "link": "https://investors.larimartx.com/static-files/9dfbd603-a571---3ad87ff36678",
    "timestamp": "unknown"
  },
  {
    "title": "--.rtf",
    "link": "https://investors.larimartx.com/static-files/-c40b-46a4-8c62-7365d53b52af",
    "timestamp": "unknown"
  },
  {
    "title": "--.xls",
    "link": "https://investors.larimartx.com/static-files/-fb64-4c5d-be2c-5579013af51c",
    "timestamp": "unknown"
  },
  {
    "title": "Sep ,-KReport of unscheduled material events or corporate event--.pdf--.rtf--.xlsEX-.SCH - XBRL TAXONOMY EXTENSION SCHEMAView HTML",
    "link": "https://investors.larimartx.com/sec-filings/sec-filing/-k/--",
    "timestamp": "unknown"
  },
  {
    "title": "--.pdf",
    "link": "https://investors.larimartx.com/static-files/d5c99a92-d5da-4e8e-8a5e-a17aa9288d00",
    "timestamp": "unknown"
  },
  {
    "title": "--.rtf",
    "link": "https://investors.larimartx.com/static-files/898d4d5f-a3a8-4d36-acbc-0c49bf4a5d35",
    "timestamp": "unknown"
  },
  {
    "title": "--.xls",
    "link": "https://investors.larimartx.com/static-files/891f653e-2bd3-47df-854a-57e58e3c6e47",
    "timestamp": "unknown"
  },
  {
    "title": "Aug ,SCHEDULE 13GSCHEDULE 13G - Description--.pdf--.rtf--.xlsView HTML",
    "link": "https://investors.larimartx.com/sec-filings/sec-filing/schedule-13g/--",
    "timestamp": "unknown"
  },
  {
    "title": "--.pdf",
    "link": "https://investors.larimartx.com/static-files/19bff9a6-1b76-44e2-babb-11ff00a27004",
    "timestamp": "unknown"
  },
  {
    "title": "--.rtf",
    "link": "https://investors.larimartx.com/static-files/ca3dacc0-5e47-4e50-bac8-4ae6e9b5e9d0",
    "timestamp": "unknown"
  },
  {
    "title": "--.xls",
    "link": "https://investors.larimartx.com/static-files/d039f356-5bb1-405e-855c-b03f1e5ed325",
    "timestamp": "unknown"
  },
  {
    "title": "Aug ,-KReport of unscheduled material events or corporate event--.pdf--.rtf--.xlsEX-.SCH - XBRL TAXONOMY EXTENSION SCHEMAView HTML",
    "link": "https://investors.larimartx.com/sec-filings/sec-filing/-k/--",
    "timestamp": "unknown"
  },
  {
    "title": "--.pdf",
    "link": "https://investors.larimartx.com/static-files/e856bc3e-54fb-44b7-b42d-afcf45b9f843",
    "timestamp": "unknown"
  },
  {
    "title": "--.rtf",
    "link": "https://investors.larimartx.com/static-files/ac07f818----12742e6ea7fd",
    "timestamp": "unknown"
  },
  {
    "title": "--.xls",
    "link": "https://investors.larimartx.com/static-files/4aa2e24b---b111-a704ce7732a2",
    "timestamp": "unknown"
  },
  {
    "title": "Aug ,SCHEDULE 13G/ASCHEDULE 13G/A - Description--.pdf--.rtf--.xlsView HTML",
    "link": "https://investors.larimartx.com/sec-filings/sec-filing/schedule-13ga/--",
    "timestamp": "unknown"
  },
  {
    "title": "--.pdf",
    "link": "https://investors.larimartx.com/static-files/7bbef9a8--4b04-bfb7-ce9ac4710434",
    "timestamp": "unknown"
  },
  {
    "title": "--.rtf",
    "link": "https://investors.larimartx.com/static-files/b3a1a1fc---afe5-e794585675d4",
    "timestamp": "unknown"
  },
  {
    "title": "--.xls",
    "link": "https://investors.larimartx.com/static-files/ae760fff-33b6--b087-7740e41478ae",
    "timestamp": "unknown"
  },
  {
    "title": "Current page",
    "link": "https://investors.larimartx.com/financial-information/sec-filings?&&field_nir_sec_date_filed_value=&&&page=",
    "timestamp": "unknown"
  },
  {
    "title": "Page",
    "link": "https://investors.larimartx.com/financial-information/sec-filings?&&field_nir_sec_date_filed_value=&&&page=",
    "timestamp": "unknown"
  },
  {
    "title": "Page",
    "link": "https://investors.larimartx.com/financial-information/sec-filings?&&field_nir_sec_date_filed_value=&&&page=",
    "timestamp": "unknown"
  },
  {
    "title": "Page",
    "link": "https://investors.larimartx.com/financial-information/sec-filings?&&field_nir_sec_date_filed_value=&&&page=",
    "timestamp": "unknown"
  },
  {
    "title": "Page",
    "link": "https://investors.larimartx.com/financial-information/sec-filings?&&field_nir_sec_date_filed_value=&&&page=",
    "timestamp": "unknown"
  },
  {
    "title": "Page",
    "link": "https://investors.larimartx.com/financial-information/sec-filings?&&field_nir_sec_date_filed_value=&&&page=",
    "timestamp": "unknown"
  },
  {
    "title": "Page",
    "link": "https://investors.larimartx.com/financial-information/sec-filings?&&field_nir_sec_date_filed_value=&&&page=",
    "timestamp": "unknown"
  },
  {
    "title": "Page",
    "link": "https://investors.larimartx.com/financial-information/sec-filings?&&field_nir_sec_date_filed_value=&&&page=",
    "timestamp": "unknown"
  },
  {
    "title": "Page",
    "link": "https://investors.larimartx.com/financial-information/sec-filings?&&field_nir_sec_date_filed_value=&&&page=",
    "timestamp": "unknown"
  },
  {
    "title": "Next pageNext \u203a",
    "link": "https://investors.larimartx.com/financial-information/sec-filings?&&field_nir_sec_date_filed_value=&&&page=",
    "timestamp": "unknown"
  },
  {
    "title": "Last pageLast \u00bb",
    "link": "https://investors.larimartx.com/financial-information/sec-filings?&&field_nir_sec_date_filed_value=&&&page=",
    "timestamp": "unknown"
  },
  {
    "title": "Data provided byKaleidoscope.",
    "link": "https://www.kscope.io",
    "timestamp": "unknown"
  },
  {
    "title": "Data provided byKaleidoscope.",
    "link": "https://www.kscope.io",
    "timestamp": "unknown"
  },
  {
    "title": "Terms of use",
    "link": "https://larimartx.com/termsofuse/",
    "timestamp": "unknown"
  },
  {
    "title": "Privacy Policy",
    "link": "https://larimartx.com/privacy-policy/",
    "timestamp": "unknown"
  },
  {
    "title": "Site Credits",
    "link": "https://www.fassino.com/",
    "timestamp": "unknown"
  }
]