[
  {
    "title": "Your HealthTherapeutic AreasTD AwarenessOur SciencePipelineClinical StudiesEmerging FieldsMedicinesOur CompanyAbout UsLeadershipNews & MediaOur Respon",
    "link": "https://www.neurocrine.com/",
    "timestamp": "unknown"
  },
  {
    "title": "Your HealthTherapeutic AreasTD AwarenessOur SciencePipelineClinical StudiesEmerging FieldsMedicinesOur CompanyAbout UsLeadershipNews & MediaOur Respon",
    "link": "https://www.neurocrine.com/therapeutic-areas/",
    "timestamp": "unknown"
  },
  {
    "title": "Your HealthTherapeutic AreasTD Awareness",
    "link": "https://www.neurocrine.com/therapeutic-areas/",
    "timestamp": "unknown"
  },
  {
    "title": "Therapeutic Areas",
    "link": "https://www.neurocrine.com/therapeutic-areas/",
    "timestamp": "unknown"
  },
  {
    "title": "TD Awareness",
    "link": "https://www.neurocrine.com/td-awareness/",
    "timestamp": "unknown"
  },
  {
    "title": "Our SciencePipelineClinical StudiesEmerging Fields",
    "link": "https://www.neurocrine.com/pipeline/",
    "timestamp": "unknown"
  },
  {
    "title": "Pipeline",
    "link": "https://www.neurocrine.com/pipeline/",
    "timestamp": "unknown"
  },
  {
    "title": "Clinical Studies",
    "link": "https://www.neurocrine.com/clinical-studies/",
    "timestamp": "unknown"
  },
  {
    "title": "Emerging Fields",
    "link": "https://www.neurocrine.com/emerging-fields/",
    "timestamp": "unknown"
  },
  {
    "title": "Medicines",
    "link": "https://www.neurocrine.com/approved-medicines/",
    "timestamp": "unknown"
  },
  {
    "title": "Our CompanyAbout UsLeadershipNews & MediaOur ResponsibilityBelonging, Respect and EmpowermentFunding & Support Requests Portal",
    "link": "https://www.neurocrine.com/about-us/",
    "timestamp": "unknown"
  },
  {
    "title": "About Us",
    "link": "https://www.neurocrine.com/about-us/",
    "timestamp": "unknown"
  },
  {
    "title": "Leadership",
    "link": "https://www.neurocrine.com/leadership/",
    "timestamp": "unknown"
  },
  {
    "title": "News & Media",
    "link": "https://www.neurocrine.com/news-and-media/",
    "timestamp": "unknown"
  },
  {
    "title": "Our Responsibility",
    "link": "https://www.neurocrine.com/our-responsibility/",
    "timestamp": "unknown"
  },
  {
    "title": "Belonging, Respect and Empowerment",
    "link": "https://www.neurocrine.com/belonging-respect-and-empowerment/",
    "timestamp": "unknown"
  },
  {
    "title": "Funding & Support Requests Portal",
    "link": "https://www.neurocrine.com/neurocrine-biosciences-funding-support-request-portal/",
    "timestamp": "unknown"
  },
  {
    "title": "CareersMeet Our PeopleWork With UsTotal Rewards",
    "link": "https://www.neurocrine.com/meet-our-people/",
    "timestamp": "unknown"
  },
  {
    "title": "Meet Our People",
    "link": "https://www.neurocrine.com/meet-our-people/",
    "timestamp": "unknown"
  },
  {
    "title": "Work With Us",
    "link": "https://www.neurocrine.com/work-with-us/",
    "timestamp": "unknown"
  },
  {
    "title": "Total Rewards",
    "link": "https://www.neurocrine.com/total-rewards/",
    "timestamp": "unknown"
  },
  {
    "title": "Investors",
    "link": "https://www.neurocrine.com/investors/",
    "timestamp": "unknown"
  },
  {
    "title": "Home>Investors>Webcasts & Presentations",
    "link": "https://www.neurocrine.com/",
    "timestamp": "unknown"
  },
  {
    "title": "Home>",
    "link": "https://www.neurocrine.com/",
    "timestamp": "unknown"
  },
  {
    "title": "Investors>",
    "link": "https://www.neurocrine.com/investors/",
    "timestamp": "unknown"
  },
  {
    "title": "Select a pageNews ReleasesWebcasts & PresentationsFinancial CommunicationsSEC FilingsAnnual MeetingAnnual ReportsCorporate GovernanceResponsibilitySto",
    "link": "https://neurocrine.gcs-web.com/investors/news-releases",
    "timestamp": "unknown"
  },
  {
    "title": "Select a pageNews ReleasesWebcasts & PresentationsFinancial CommunicationsSEC FilingsAnnual MeetingAnnual ReportsCorporate GovernanceResponsibilitySto",
    "link": "https://neurocrine.gcs-web.com/investors/news-releases",
    "timestamp": "unknown"
  },
  {
    "title": "News Releases",
    "link": "https://neurocrine.gcs-web.com/investors/news-releases",
    "timestamp": "unknown"
  },
  {
    "title": "Webcasts & Presentations",
    "link": "https://www.neurocrine.com/investors/webcasts-presentations/",
    "timestamp": "unknown"
  },
  {
    "title": "Financial CommunicationsSEC FilingsAnnual MeetingAnnual Reports",
    "link": "https://neurocrine.gcs-web.com/investors/sec-filings",
    "timestamp": "unknown"
  },
  {
    "title": "SEC Filings",
    "link": "https://neurocrine.gcs-web.com/investors/sec-filings",
    "timestamp": "unknown"
  },
  {
    "title": "Annual Meeting",
    "link": "https://www.neurocrine.com/investors/annual-meeting/",
    "timestamp": "unknown"
  },
  {
    "title": "Annual Reports",
    "link": "https://www.neurocrine.com/investors/annual-reports/",
    "timestamp": "unknown"
  },
  {
    "title": "Corporate Governance",
    "link": "https://www.neurocrine.com/investors/corporate-governance/",
    "timestamp": "unknown"
  },
  {
    "title": "Responsibility",
    "link": "https://www.neurocrine.com/investors/corporate-responsibility/",
    "timestamp": "unknown"
  },
  {
    "title": "Stock InformationStock QuoteShareholder ContactsAnalyst Coverage",
    "link": "https://neurocrine.gcs-web.com/investors/stock-quote",
    "timestamp": "unknown"
  },
  {
    "title": "Stock Quote",
    "link": "https://neurocrine.gcs-web.com/investors/stock-quote",
    "timestamp": "unknown"
  },
  {
    "title": "Shareholder Contacts",
    "link": "https://neurocrine.gcs-web.com/investors/shareholder-contacts",
    "timestamp": "unknown"
  },
  {
    "title": "Analyst Coverage",
    "link": "https://neurocrine.gcs-web.com/investors/analyst-coverage",
    "timestamp": "unknown"
  },
  {
    "title": "Home>Investors>Webcasts & Presentations",
    "link": "https://www.neurocrine.com/",
    "timestamp": "unknown"
  },
  {
    "title": "Home>",
    "link": "https://www.neurocrine.com/",
    "timestamp": "unknown"
  },
  {
    "title": "Investors>",
    "link": "https://www.neurocrine.com/investors/",
    "timestamp": "unknown"
  },
  {
    "title": "Neurocrine Biosciences\u2019 management team participates in industry conferences providing presentations on company updates and progress on research and d",
    "link": "mailto:ir@neurocrine.com",
    "timestamp": "unknown"
  },
  {
    "title": "Neurocrine Biosciences\u2019 management team participates in industry conferences providing presentations on company updates and progress on research and d",
    "link": "mailto:ir@neurocrine.com",
    "timestamp": "unknown"
  },
  {
    "title": "Neurocrine Biosciences\u2019 management team participates in industry conferences providing presentations on company updates and progress on research and d",
    "link": "mailto:ir@neurocrine.com",
    "timestamp": "unknown"
  },
  {
    "title": "Neurocrine Biosciences\u2019 management team participates in industry conferences providing presentations on company updates and progress on research and d",
    "link": "mailto:ir@neurocrine.com",
    "timestamp": "unknown"
  },
  {
    "title": "Neurocrine Biosciences\u2019 management team participates in industry conferences providing presentations on company updates and progress on research and d",
    "link": "mailto:ir@neurocrine.com",
    "timestamp": "unknown"
  },
  {
    "title": "Neurocrine Biosciences\u2019 management team participates in industry conferences providing presentations on company updates and progress on research and d",
    "link": "mailto:ir@neurocrine.com",
    "timestamp": "unknown"
  },
  {
    "title": "Neurocrine Biosciences\u2019 management team participates in industry conferences providing presentations on company updates and progress on research and d",
    "link": "mailto:ir@neurocrine.com",
    "timestamp": "unknown"
  },
  {
    "title": "September ,Neurocrine Biosciences to Present at the TD Cowen 5th Annual Novel Mechanisms in Neuropsychiatry and Epilepsy Virtual SummitChief Executive",
    "link": "https://wsw.com/webcast/cowen184/nbix/",
    "timestamp": "unknown"
  },
  {
    "title": "September ,Neurocrine Biosciences to Present at the TD Cowen 5th Annual Novel Mechanisms in Neuropsychiatry and Epilepsy Virtual SummitChief Executive",
    "link": "https://wsw.com/webcast/cowen184/nbix/",
    "timestamp": "unknown"
  },
  {
    "title": "September ,Neurocrine Biosciences to Present at the TD Cowen 5th Annual Novel Mechanisms in Neuropsychiatry and Epilepsy Virtual SummitChief Executive",
    "link": "https://wsw.com/webcast/cowen184/nbix/",
    "timestamp": "unknown"
  },
  {
    "title": "Open Webcast",
    "link": "https://wsw.com/webcast/cowen184/nbix/",
    "timestamp": "unknown"
  },
  {
    "title": "Open WebcastSeptember ,",
    "link": "https://cc.webcasts.com/morg007/090825a_js/?entity=177_6INKJFC",
    "timestamp": "unknown"
  },
  {
    "title": "Open Webcast",
    "link": "https://sqps.onstreamsecure.com/origin/enliven/players/EnlivenPlayer.html?customerId=&eventId=&checkCompany=&checkEmail=&checkName=",
    "timestamp": "unknown"
  },
  {
    "title": "ResourcesEmail AlertsAnnual Report",
    "link": "https://neurocrine.gcs-web.com/investors/email-alerts",
    "timestamp": "unknown"
  },
  {
    "title": "ResourcesEmail AlertsAnnual Report",
    "link": "https://neurocrine.gcs-web.com/investors/email-alerts",
    "timestamp": "unknown"
  },
  {
    "title": "Email Alerts",
    "link": "https://neurocrine.gcs-web.com/investors/email-alerts",
    "timestamp": "unknown"
  },
  {
    "title": "Annual Report",
    "link": "https://www.neurocrine.com/media/documents/NBIX_2024_Annual_Report.pdf",
    "timestamp": "unknown"
  },
  {
    "title": "Stay InformedSign up to automatically receiveNeurocrine Biosciencesfinancial information by emailGet Financial Updates",
    "link": "https://neurocrine.gcs-web.com/investors/email-alerts",
    "timestamp": "unknown"
  },
  {
    "title": "Stay InformedSign up to automatically receiveNeurocrine Biosciencesfinancial information by emailGet Financial Updates",
    "link": "https://neurocrine.gcs-web.com/investors/email-alerts",
    "timestamp": "unknown"
  },
  {
    "title": "Stay InformedSign up to automatically receiveNeurocrine Biosciencesfinancial information by emailGet Financial Updates",
    "link": "https://neurocrine.gcs-web.com/investors/email-alerts",
    "timestamp": "unknown"
  },
  {
    "title": "Stay InformedSign up to automatically receiveNeurocrine Biosciencesfinancial information by emailGet Financial Updates",
    "link": "https://neurocrine.gcs-web.com/investors/email-alerts",
    "timestamp": "unknown"
  },
  {
    "title": "Get Financial Updates",
    "link": "https://neurocrine.gcs-web.com/investors/email-alerts",
    "timestamp": "unknown"
  },
  {
    "title": "Close ModalYou are leavingNeurocrine.comGo BackExit SiteGo Back",
    "link": "https://www.neurocrine.com/investors/webcasts-presentations/",
    "timestamp": "unknown"
  },
  {
    "title": "You are leavingNeurocrine.comGo BackExit SiteGo Back",
    "link": "https://www.neurocrine.com/investors/webcasts-presentations/",
    "timestamp": "unknown"
  },
  {
    "title": "Go BackExit SiteGo Back",
    "link": "https://www.neurocrine.com/investors/webcasts-presentations/",
    "timestamp": "unknown"
  },
  {
    "title": "Contact",
    "link": "https://www.neurocrine.com/contact-us/",
    "timestamp": "unknown"
  },
  {
    "title": "Terms & Conditions",
    "link": "https://www.neurocrine.com/terms-conditions/",
    "timestamp": "unknown"
  },
  {
    "title": "Privacy Policy",
    "link": "https://www.neurocrine.com/privacy-policy/",
    "timestamp": "unknown"
  },
  {
    "title": "Accessibility",
    "link": "https://www.neurocrine.com/neurocrine-accessibility-statement/",
    "timestamp": "unknown"
  },
  {
    "title": "Sitemap",
    "link": "https://www.neurocrine.com/sitemap/",
    "timestamp": "unknown"
  },
  {
    "title": "Follow us",
    "link": "https://www.facebook.com/Neurocrine/",
    "timestamp": "unknown"
  }
]