[
  {
    "title": "Search:SubmitAbout PTCBackLeadershipOur ResponsibilityGlobal Compliance ProgramGrants and DonationsLocationsOur ScienceBackSplicingInflammation & Ferr",
    "link": "https://www.ptcbio.com/about-ptc/",
    "timestamp": "unknown"
  },
  {
    "title": "About PTCBackLeadershipOur ResponsibilityGlobal Compliance ProgramGrants and DonationsLocations",
    "link": "https://www.ptcbio.com/about-ptc/",
    "timestamp": "unknown"
  },
  {
    "title": "Leadership",
    "link": "https://www.ptcbio.com/about-ptc/leadership/",
    "timestamp": "unknown"
  },
  {
    "title": "Our Responsibility",
    "link": "https://www.ptcbio.com/about-ptc/our-responsibility/",
    "timestamp": "unknown"
  },
  {
    "title": "Global Compliance Program",
    "link": "https://www.ptcbio.com/global-compliance-program/",
    "timestamp": "unknown"
  },
  {
    "title": "Grants and Donations",
    "link": "https://www.ptcbio.com/grants-and-donations/",
    "timestamp": "unknown"
  },
  {
    "title": "Locations",
    "link": "https://www.ptcbio.com/contact-us/",
    "timestamp": "unknown"
  },
  {
    "title": "Our ScienceBackSplicingInflammation & Ferroptosis",
    "link": "https://www.ptcbio.com/our-science/",
    "timestamp": "unknown"
  },
  {
    "title": "Splicing",
    "link": "https://www.ptcbio.com/our-science/splicing/",
    "timestamp": "unknown"
  },
  {
    "title": "Inflammation & Ferroptosis",
    "link": "https://www.ptcbio.com/our-science/inflammation-and-ferroptosis/",
    "timestamp": "unknown"
  },
  {
    "title": "Our Products",
    "link": "https://www.ptcbio.com/our-products/",
    "timestamp": "unknown"
  },
  {
    "title": "Therapeutic AreasBackMetabolismBackFamilial chylomicronemia syndrome (FCS)Familial partial lipodystrophy (FPL)Phenylketonuria (PKU)NeurologyBackAromat",
    "link": "https://www.ptcbio.com/therapeutic-areas/",
    "timestamp": "unknown"
  },
  {
    "title": "MetabolismBackFamilial chylomicronemia syndrome (FCS)Familial partial lipodystrophy (FPL)Phenylketonuria (PKU)",
    "link": "https://ir.ptcbio.com/events-presentations",
    "timestamp": "unknown"
  },
  {
    "title": "Familial chylomicronemia syndrome (FCS)",
    "link": "https://www.ptcbio.com/therapeutic-areas/familial-chylomicronemia-syndrome/",
    "timestamp": "unknown"
  },
  {
    "title": "Familial partial lipodystrophy (FPL)",
    "link": "https://www.ptcbio.com/therapeutic-areas/familial-partial-lipodystrophy/",
    "timestamp": "unknown"
  },
  {
    "title": "Phenylketonuria (PKU)",
    "link": "https://www.ptcbio.com/therapeutic-areas/phenylketonuria/",
    "timestamp": "unknown"
  },
  {
    "title": "NeurologyBackAromatic l-amino acid decarboxylase (AADC) deficiencyDuchenne muscular dystrophy (DMD)Friedreich ataxia (FA)Hereditary Transthyretin Amyl",
    "link": "https://ir.ptcbio.com/events-presentations",
    "timestamp": "unknown"
  },
  {
    "title": "Aromatic l-amino acid decarboxylase (AADC) deficiency",
    "link": "https://www.ptcbio.com/aromatic-l-amino-acid-decarboxylase-deficiency/",
    "timestamp": "unknown"
  },
  {
    "title": "Duchenne muscular dystrophy (DMD)",
    "link": "https://www.ptcbio.com/duchenne-muscular-dystrophy/",
    "timestamp": "unknown"
  },
  {
    "title": "Friedreich ataxia (FA)",
    "link": "https://www.ptcbio.com/therapeutic-areas/friedreich-ataxia/",
    "timestamp": "unknown"
  },
  {
    "title": "Hereditary Transthyretin Amyloidosis (hATTR)",
    "link": "https://www.ptcbio.com/therapeutic-areas/hereditary-transthyretin-amyloidosis/",
    "timestamp": "unknown"
  },
  {
    "title": "Huntington&#;s Disease (HD)",
    "link": "https://www.ptcbio.com/huntingtons-disease/",
    "timestamp": "unknown"
  },
  {
    "title": "Spinal muscular atrophy (SMA)",
    "link": "https://www.ptcbio.com/therapeutic-areas/spinal-muscular-atrophy/",
    "timestamp": "unknown"
  },
  {
    "title": "Careers",
    "link": "https://www.ptcbio.com/careers/",
    "timestamp": "unknown"
  },
  {
    "title": "United StatesBackStart of ColumnAmericasUnited StatesStart of ColumnEuropeAustriaGermanyIrelandItalySpainSweden (EN)SwedenSwitzerlandUnited Kingdom",
    "link": "https://www.ptcbio.com/",
    "timestamp": "unknown"
  },
  {
    "title": "Start of ColumnAmericasUnited StatesStart of ColumnEuropeAustriaGermanyIrelandItalySpainSweden (EN)SwedenSwitzerlandUnited Kingdom",
    "link": "https://www.ptcbio.com/",
    "timestamp": "unknown"
  },
  {
    "title": "Start of ColumnAmericasUnited States",
    "link": "https://www.ptcbio.com/",
    "timestamp": "unknown"
  },
  {
    "title": "AmericasUnited States",
    "link": "https://www.ptcbio.com/",
    "timestamp": "unknown"
  },
  {
    "title": "United States",
    "link": "https://www.ptcbio.com/",
    "timestamp": "unknown"
  },
  {
    "title": "Start of ColumnEuropeAustriaGermanyIrelandItalySpainSweden (EN)SwedenSwitzerlandUnited Kingdom",
    "link": "https://www.ptcbio.at/",
    "timestamp": "unknown"
  },
  {
    "title": "EuropeAustriaGermanyIrelandItalySpainSweden (EN)SwedenSwitzerlandUnited Kingdom",
    "link": "https://www.ptcbio.at/",
    "timestamp": "unknown"
  },
  {
    "title": "Austria",
    "link": "https://www.ptcbio.at/",
    "timestamp": "unknown"
  },
  {
    "title": "Germany",
    "link": "https://www.ptcbio.de/",
    "timestamp": "unknown"
  },
  {
    "title": "Ireland",
    "link": "https://www.ptcbio.ie/",
    "timestamp": "unknown"
  },
  {
    "title": "Italy",
    "link": "https://www.ptcbio.it/",
    "timestamp": "unknown"
  },
  {
    "title": "Spain",
    "link": "https://www.ptcbio.es/",
    "timestamp": "unknown"
  },
  {
    "title": "Sweden (EN)",
    "link": "https://www.ptcbio-en.se/",
    "timestamp": "unknown"
  },
  {
    "title": "Sweden",
    "link": "https://www.ptcbio.se/",
    "timestamp": "unknown"
  },
  {
    "title": "Switzerland",
    "link": "https://www.ptcbio.ch/",
    "timestamp": "unknown"
  },
  {
    "title": "United Kingdom",
    "link": "https://www.ptcbio.co.uk/",
    "timestamp": "unknown"
  },
  {
    "title": "InvestorsHealthcare ProvidersPatients & Caregivers",
    "link": "https://ir.ptcbio.com/",
    "timestamp": "unknown"
  },
  {
    "title": "Investors",
    "link": "https://ir.ptcbio.com/",
    "timestamp": "unknown"
  },
  {
    "title": "Healthcare Providers",
    "link": "https://www.ptcbio.com/healthcare-providers-resources/",
    "timestamp": "unknown"
  },
  {
    "title": "Patients & Caregivers",
    "link": "https://www.ptcbio.com/patients-caregivers-resources/",
    "timestamp": "unknown"
  },
  {
    "title": "United StatesStart of ColumnAmericasUnited StatesStart of ColumnEuropeAustriaGermanyIrelandItalySpainSweden (EN)SwedenSwitzerlandUnited KingdomInvesto",
    "link": "https://www.ptcbio.com/",
    "timestamp": "unknown"
  },
  {
    "title": "United StatesStart of ColumnAmericasUnited StatesStart of ColumnEuropeAustriaGermanyIrelandItalySpainSweden (EN)SwedenSwitzerlandUnited KingdomInvesto",
    "link": "https://www.ptcbio.com/",
    "timestamp": "unknown"
  },
  {
    "title": "United StatesStart of ColumnAmericasUnited StatesStart of ColumnEuropeAustriaGermanyIrelandItalySpainSweden (EN)SwedenSwitzerlandUnited Kingdom",
    "link": "https://www.ptcbio.com/",
    "timestamp": "unknown"
  },
  {
    "title": "United StatesStart of ColumnAmericasUnited StatesStart of ColumnEuropeAustriaGermanyIrelandItalySpainSweden (EN)SwedenSwitzerlandUnited Kingdom",
    "link": "https://www.ptcbio.com/",
    "timestamp": "unknown"
  },
  {
    "title": "Start of ColumnAmericasUnited StatesStart of ColumnEuropeAustriaGermanyIrelandItalySpainSweden (EN)SwedenSwitzerlandUnited Kingdom",
    "link": "https://www.ptcbio.com/",
    "timestamp": "unknown"
  },
  {
    "title": "Start of ColumnAmericasUnited States",
    "link": "https://www.ptcbio.com/",
    "timestamp": "unknown"
  },
  {
    "title": "AmericasUnited States",
    "link": "https://www.ptcbio.com/",
    "timestamp": "unknown"
  },
  {
    "title": "United States",
    "link": "https://www.ptcbio.com/",
    "timestamp": "unknown"
  },
  {
    "title": "Start of ColumnEuropeAustriaGermanyIrelandItalySpainSweden (EN)SwedenSwitzerlandUnited Kingdom",
    "link": "https://www.ptcbio.at/",
    "timestamp": "unknown"
  },
  {
    "title": "EuropeAustriaGermanyIrelandItalySpainSweden (EN)SwedenSwitzerlandUnited Kingdom",
    "link": "https://www.ptcbio.at/",
    "timestamp": "unknown"
  },
  {
    "title": "Austria",
    "link": "https://www.ptcbio.at/",
    "timestamp": "unknown"
  },
  {
    "title": "Germany",
    "link": "https://www.ptcbio.de/",
    "timestamp": "unknown"
  },
  {
    "title": "Ireland",
    "link": "https://www.ptcbio.ie/",
    "timestamp": "unknown"
  },
  {
    "title": "Italy",
    "link": "https://www.ptcbio.it/",
    "timestamp": "unknown"
  },
  {
    "title": "Spain",
    "link": "https://www.ptcbio.es/",
    "timestamp": "unknown"
  },
  {
    "title": "Sweden (EN)",
    "link": "https://www.ptcbio-en.se/",
    "timestamp": "unknown"
  },
  {
    "title": "Sweden",
    "link": "https://www.ptcbio.se/",
    "timestamp": "unknown"
  },
  {
    "title": "Switzerland",
    "link": "https://www.ptcbio.ch/",
    "timestamp": "unknown"
  },
  {
    "title": "United Kingdom",
    "link": "https://www.ptcbio.co.uk/",
    "timestamp": "unknown"
  },
  {
    "title": "InvestorsHealthcare ProvidersPatients & Caregivers",
    "link": "https://ir.ptcbio.com/",
    "timestamp": "unknown"
  },
  {
    "title": "Investors",
    "link": "https://ir.ptcbio.com/",
    "timestamp": "unknown"
  },
  {
    "title": "Healthcare Providers",
    "link": "https://www.ptcbio.com/healthcare-providers-resources/",
    "timestamp": "unknown"
  },
  {
    "title": "Patients & Caregivers",
    "link": "https://www.ptcbio.com/patients-caregivers-resources/",
    "timestamp": "unknown"
  },
  {
    "title": "Investors MenuInvestor RelationsOverviewPress ReleasesEvents & PresentationsGovernance / ComplianceGovernance OverviewManagementBoard of DirectorsComm",
    "link": "https://ir.ptcbio.com/",
    "timestamp": "unknown"
  },
  {
    "title": "Investors MenuInvestor RelationsOverviewPress ReleasesEvents & PresentationsGovernance / ComplianceGovernance OverviewManagementBoard of DirectorsComm",
    "link": "https://ir.ptcbio.com/",
    "timestamp": "unknown"
  },
  {
    "title": "Investors MenuInvestor RelationsOverviewPress ReleasesEvents & PresentationsGovernance / ComplianceGovernance OverviewManagementBoard of DirectorsComm",
    "link": "https://ir.ptcbio.com/",
    "timestamp": "unknown"
  },
  {
    "title": "Investors MenuInvestor RelationsOverviewPress ReleasesEvents & PresentationsGovernance / ComplianceGovernance OverviewManagementBoard of DirectorsComm",
    "link": "https://ir.ptcbio.com/",
    "timestamp": "unknown"
  },
  {
    "title": "Investors MenuInvestor RelationsOverviewPress ReleasesEvents & PresentationsGovernance / ComplianceGovernance OverviewManagementBoard of DirectorsComm",
    "link": "https://ir.ptcbio.com/",
    "timestamp": "unknown"
  },
  {
    "title": "Investors MenuInvestor RelationsOverviewPress ReleasesEvents & PresentationsGovernance / ComplianceGovernance OverviewManagementBoard of DirectorsComm",
    "link": "https://ir.ptcbio.com/",
    "timestamp": "unknown"
  },
  {
    "title": "Investors MenuInvestor RelationsOverviewPress ReleasesEvents & PresentationsGovernance / ComplianceGovernance OverviewManagementBoard of DirectorsComm",
    "link": "https://ir.ptcbio.com/",
    "timestamp": "unknown"
  },
  {
    "title": "Investor RelationsOverviewPress ReleasesEvents & PresentationsGovernance / ComplianceGovernance OverviewManagementBoard of DirectorsCommittee Composit",
    "link": "https://ir.ptcbio.com/",
    "timestamp": "unknown"
  },
  {
    "title": "Overview",
    "link": "https://ir.ptcbio.com/",
    "timestamp": "unknown"
  },
  {
    "title": "Press Releases",
    "link": "https://ir.ptcbio.com/press-releases",
    "timestamp": "unknown"
  },
  {
    "title": "Events & Presentations",
    "link": "https://ir.ptcbio.com/events-presentations",
    "timestamp": "unknown"
  },
  {
    "title": "Governance / ComplianceGovernance OverviewManagementBoard of DirectorsCommittee CompositionContact the Board",
    "link": "https://ir.ptcbio.com/governance/governance-overview",
    "timestamp": "unknown"
  },
  {
    "title": "Governance OverviewManagementBoard of DirectorsCommittee CompositionContact the Board",
    "link": "https://ir.ptcbio.com/governance/governance-overview",
    "timestamp": "unknown"
  },
  {
    "title": "Financial InformationOverviewSEC Filings",
    "link": "https://ir.ptcbio.com/financial-information",
    "timestamp": "unknown"
  },
  {
    "title": "OverviewSEC Filings",
    "link": "https://ir.ptcbio.com/financial-information",
    "timestamp": "unknown"
  },
  {
    "title": "Annual Report & ProxyAnnual ReportsProxy StatementsSustainability Reports",
    "link": "https://ir.ptcbio.com/annual-reports-and-proxy/annual-reports",
    "timestamp": "unknown"
  },
  {
    "title": "Annual ReportsProxy StatementsSustainability Reports",
    "link": "https://ir.ptcbio.com/annual-reports-and-proxy/annual-reports",
    "timestamp": "unknown"
  },
  {
    "title": "Stock InformationStock Quote & ChartHistoric Price LookupInvestment CalculatorAnalyst Coverage",
    "link": "https://ir.ptcbio.com/stock-information",
    "timestamp": "unknown"
  },
  {
    "title": "Stock Quote & ChartHistoric Price LookupInvestment CalculatorAnalyst Coverage",
    "link": "https://ir.ptcbio.com/stock-information",
    "timestamp": "unknown"
  },
  {
    "title": "Investor FAQs",
    "link": "https://ir.ptcbio.com/investor-faqs",
    "timestamp": "unknown"
  },
  {
    "title": "Contact Us",
    "link": "https://ir.ptcbio.com/contact-us",
    "timestamp": "unknown"
  },
  {
    "title": "Printed MaterialsEmail AlertsRSSPrint",
    "link": "https://ir.ptcbio.com/printed-materials",
    "timestamp": "unknown"
  },
  {
    "title": "Printed Materials",
    "link": "https://ir.ptcbio.com/printed-materials",
    "timestamp": "unknown"
  },
  {
    "title": "Email Alerts",
    "link": "https://ir.ptcbio.com/email-alerts",
    "timestamp": "unknown"
  },
  {
    "title": "RSS",
    "link": "https://ir.ptcbio.com/rss-news-feeds",
    "timestamp": "unknown"
  },
  {
    "title": "Print",
    "link": "https://ir.ptcbio.com/events-presentations",
    "timestamp": "unknown"
  },
  {
    "title": "PresentationsPTC Corporate Presentation \u2013 FebruaryPTC Therapeutics R&D Day PresentationPIVOT-HD Results \u2013 MayAPHENITY Genetic Variant AnalysisAPHENITY",
    "link": "https://ir.ptcbio.com/static-files/ca482fc7-eb62-4ba7-af04-a7286441da38",
    "timestamp": "unknown"
  },
  {
    "title": "PresentationsPTC Corporate Presentation \u2013 FebruaryPTC Therapeutics R&D Day PresentationPIVOT-HD Results \u2013 MayAPHENITY Genetic Variant AnalysisAPHENITY",
    "link": "https://ir.ptcbio.com/static-files/ca482fc7-eb62-4ba7-af04-a7286441da38",
    "timestamp": "unknown"
  },
  {
    "title": "PresentationsPTC Corporate Presentation \u2013 FebruaryPTC Therapeutics R&D Day PresentationPIVOT-HD Results \u2013 MayAPHENITY Genetic Variant AnalysisAPHENITY",
    "link": "https://ir.ptcbio.com/static-files/ca482fc7-eb62-4ba7-af04-a7286441da38",
    "timestamp": "unknown"
  },
  {
    "title": "PresentationsPTC Corporate Presentation \u2013 FebruaryPTC Therapeutics R&D Day PresentationPIVOT-HD Results \u2013 MayAPHENITY Genetic Variant AnalysisAPHENITY",
    "link": "https://ir.ptcbio.com/static-files/ca482fc7-eb62-4ba7-af04-a7286441da38",
    "timestamp": "unknown"
  },
  {
    "title": "PresentationsPTC Corporate Presentation \u2013 FebruaryPTC Therapeutics R&D Day PresentationPIVOT-HD Results \u2013 MayAPHENITY Genetic Variant AnalysisAPHENITY",
    "link": "https://ir.ptcbio.com/static-files/ca482fc7-eb62-4ba7-af04-a7286441da38",
    "timestamp": "unknown"
  },
  {
    "title": "PresentationsPTC Corporate Presentation \u2013 FebruaryPTC Therapeutics R&D Day PresentationPIVOT-HD Results \u2013 MayAPHENITY Genetic Variant AnalysisAPHENITY",
    "link": "https://ir.ptcbio.com/static-files/ca482fc7-eb62-4ba7-af04-a7286441da38",
    "timestamp": "unknown"
  },
  {
    "title": "PresentationsPTC Corporate Presentation \u2013 FebruaryPTC Therapeutics R&D Day PresentationPIVOT-HD Results \u2013 MayAPHENITY Genetic Variant AnalysisAPHENITY",
    "link": "https://ir.ptcbio.com/static-files/ca482fc7-eb62-4ba7-af04-a7286441da38",
    "timestamp": "unknown"
  },
  {
    "title": "PresentationsPTC Corporate Presentation \u2013 FebruaryPTC Therapeutics R&D Day PresentationPIVOT-HD Results \u2013 MayAPHENITY Genetic Variant AnalysisAPHENITY",
    "link": "https://ir.ptcbio.com/static-files/ca482fc7-eb62-4ba7-af04-a7286441da38",
    "timestamp": "unknown"
  },
  {
    "title": "PresentationsPTC Corporate Presentation \u2013 FebruaryPTC Therapeutics R&D Day PresentationPIVOT-HD Results \u2013 MayAPHENITY Genetic Variant AnalysisAPHENITY",
    "link": "https://ir.ptcbio.com/static-files/ca482fc7-eb62-4ba7-af04-a7286441da38",
    "timestamp": "unknown"
  },
  {
    "title": "PresentationsPTC Corporate Presentation \u2013 FebruaryPTC Therapeutics R&D Day PresentationPIVOT-HD Results \u2013 MayAPHENITY Genetic Variant AnalysisAPHENITY",
    "link": "https://ir.ptcbio.com/static-files/ca482fc7-eb62-4ba7-af04-a7286441da38",
    "timestamp": "unknown"
  },
  {
    "title": "PresentationsPTC Corporate Presentation \u2013 FebruaryPTC Therapeutics R&D Day PresentationPIVOT-HD Results \u2013 MayAPHENITY Genetic Variant AnalysisAPHENITY",
    "link": "https://ir.ptcbio.com/static-files/ca482fc7-eb62-4ba7-af04-a7286441da38",
    "timestamp": "unknown"
  },
  {
    "title": "PresentationsPTC Corporate Presentation \u2013 FebruaryPTC Therapeutics R&D Day PresentationPIVOT-HD Results \u2013 MayAPHENITY Genetic Variant AnalysisAPHENITY",
    "link": "https://ir.ptcbio.com/static-files/ca482fc7-eb62-4ba7-af04-a7286441da38",
    "timestamp": "unknown"
  },
  {
    "title": "PresentationsPTC Corporate Presentation \u2013 FebruaryPTC Therapeutics R&D Day PresentationPIVOT-HD Results \u2013 MayAPHENITY Genetic Variant AnalysisAPHENITY",
    "link": "https://ir.ptcbio.com/static-files/ca482fc7-eb62-4ba7-af04-a7286441da38",
    "timestamp": "unknown"
  },
  {
    "title": "PresentationsPTC Corporate Presentation \u2013 FebruaryPTC Therapeutics R&D Day PresentationPIVOT-HD Results \u2013 MayAPHENITY Genetic Variant AnalysisAPHENITY",
    "link": "https://ir.ptcbio.com/static-files/ca482fc7-eb62-4ba7-af04-a7286441da38",
    "timestamp": "unknown"
  },
  {
    "title": "PresentationsPTC Corporate Presentation \u2013 FebruaryPTC Therapeutics R&D Day PresentationPIVOT-HD Results \u2013 MayAPHENITY Genetic Variant AnalysisAPHENITY",
    "link": "https://ir.ptcbio.com/static-files/ca482fc7-eb62-4ba7-af04-a7286441da38",
    "timestamp": "unknown"
  },
  {
    "title": "PresentationsPTC Corporate Presentation \u2013 FebruaryPTC Therapeutics R&D Day PresentationPIVOT-HD Results \u2013 MayAPHENITY Genetic Variant AnalysisAPHENITY",
    "link": "https://ir.ptcbio.com/static-files/ca482fc7-eb62-4ba7-af04-a7286441da38",
    "timestamp": "unknown"
  },
  {
    "title": "PresentationsPTC Corporate Presentation \u2013 FebruaryPTC Therapeutics R&D Day PresentationPIVOT-HD Results \u2013 MayAPHENITY Genetic Variant AnalysisAPHENITY",
    "link": "https://ir.ptcbio.com/static-files/ca482fc7-eb62-4ba7-af04-a7286441da38",
    "timestamp": "unknown"
  },
  {
    "title": "PresentationsPTC Corporate Presentation \u2013 FebruaryPTC Therapeutics R&D Day PresentationPIVOT-HD Results \u2013 MayAPHENITY Genetic Variant AnalysisAPHENITY",
    "link": "https://ir.ptcbio.com/static-files/ca482fc7-eb62-4ba7-af04-a7286441da38",
    "timestamp": "unknown"
  },
  {
    "title": "PTC Corporate Presentation \u2013 FebruaryPTC Therapeutics R&D Day PresentationPIVOT-HD Results \u2013 MayAPHENITY Genetic Variant AnalysisAPHENITY Topline Resu",
    "link": "https://ir.ptcbio.com/static-files/ca482fc7-eb62-4ba7-af04-a7286441da38",
    "timestamp": "unknown"
  },
  {
    "title": "PTC Corporate Presentation \u2013 FebruaryPTC Therapeutics R&D Day PresentationPIVOT-HD Results \u2013 MayAPHENITY Genetic Variant AnalysisAPHENITY Topline Resu",
    "link": "https://ir.ptcbio.com/static-files/ca482fc7-eb62-4ba7-af04-a7286441da38",
    "timestamp": "unknown"
  },
  {
    "title": "PTC Corporate Presentation \u2013 February",
    "link": "https://ir.ptcbio.com/static-files/ca482fc7-eb62-4ba7-af04-a7286441da38",
    "timestamp": "unknown"
  },
  {
    "title": "PTC Corporate Presentation \u2013 February",
    "link": "https://ir.ptcbio.com/static-files/ca482fc7-eb62-4ba7-af04-a7286441da38",
    "timestamp": "unknown"
  },
  {
    "title": "PTC Corporate Presentation \u2013 February",
    "link": "https://ir.ptcbio.com/static-files/ca482fc7-eb62-4ba7-af04-a7286441da38",
    "timestamp": "unknown"
  },
  {
    "title": "PTC Corporate Presentation \u2013 February",
    "link": "https://ir.ptcbio.com/static-files/ca482fc7-eb62-4ba7-af04-a7286441da38",
    "timestamp": "unknown"
  },
  {
    "title": "PTC Corporate Presentation \u2013 February",
    "link": "https://ir.ptcbio.com/static-files/ca482fc7-eb62-4ba7-af04-a7286441da38",
    "timestamp": "unknown"
  },
  {
    "title": "PTC Corporate Presentation \u2013 February",
    "link": "https://ir.ptcbio.com/static-files/ca482fc7-eb62-4ba7-af04-a7286441da38",
    "timestamp": "unknown"
  },
  {
    "title": "PTC Corporate Presentation \u2013 February",
    "link": "https://ir.ptcbio.com/static-files/ca482fc7-eb62-4ba7-af04-a7286441da38",
    "timestamp": "unknown"
  },
  {
    "title": "PTC Therapeutics R&D Day Presentation",
    "link": "https://ir.ptcbio.com/static-files/f1647512-bf5c-4c45-abb5-e6edc4e144db",
    "timestamp": "unknown"
  },
  {
    "title": "PTC Therapeutics R&D Day Presentation",
    "link": "https://ir.ptcbio.com/static-files/f1647512-bf5c-4c45-abb5-e6edc4e144db",
    "timestamp": "unknown"
  },
  {
    "title": "PTC Therapeutics R&D Day Presentation",
    "link": "https://ir.ptcbio.com/static-files/f1647512-bf5c-4c45-abb5-e6edc4e144db",
    "timestamp": "unknown"
  },
  {
    "title": "PTC Therapeutics R&D Day Presentation",
    "link": "https://ir.ptcbio.com/static-files/f1647512-bf5c-4c45-abb5-e6edc4e144db",
    "timestamp": "unknown"
  },
  {
    "title": "PTC Therapeutics R&D Day Presentation",
    "link": "https://ir.ptcbio.com/static-files/f1647512-bf5c-4c45-abb5-e6edc4e144db",
    "timestamp": "unknown"
  },
  {
    "title": "PTC Therapeutics R&D Day Presentation",
    "link": "https://ir.ptcbio.com/static-files/f1647512-bf5c-4c45-abb5-e6edc4e144db",
    "timestamp": "unknown"
  },
  {
    "title": "PTC Therapeutics R&D Day Presentation",
    "link": "https://ir.ptcbio.com/static-files/f1647512-bf5c-4c45-abb5-e6edc4e144db",
    "timestamp": "unknown"
  },
  {
    "title": "PIVOT-HD Results \u2013 May",
    "link": "https://ir.ptcbio.com/static-files/c0babb34-ab5f-442b-8a92-8733a00efebf",
    "timestamp": "unknown"
  },
  {
    "title": "PIVOT-HD Results \u2013 May",
    "link": "https://ir.ptcbio.com/static-files/c0babb34-ab5f-442b-8a92-8733a00efebf",
    "timestamp": "unknown"
  },
  {
    "title": "PIVOT-HD Results \u2013 May",
    "link": "https://ir.ptcbio.com/static-files/c0babb34-ab5f-442b-8a92-8733a00efebf",
    "timestamp": "unknown"
  },
  {
    "title": "PIVOT-HD Results \u2013 May",
    "link": "https://ir.ptcbio.com/static-files/c0babb34-ab5f-442b-8a92-8733a00efebf",
    "timestamp": "unknown"
  },
  {
    "title": "PIVOT-HD Results \u2013 May",
    "link": "https://ir.ptcbio.com/static-files/c0babb34-ab5f-442b-8a92-8733a00efebf",
    "timestamp": "unknown"
  },
  {
    "title": "PIVOT-HD Results \u2013 May",
    "link": "https://ir.ptcbio.com/static-files/c0babb34-ab5f-442b-8a92-8733a00efebf",
    "timestamp": "unknown"
  },
  {
    "title": "PIVOT-HD Results \u2013 May",
    "link": "https://ir.ptcbio.com/static-files/c0babb34-ab5f-442b-8a92-8733a00efebf",
    "timestamp": "unknown"
  },
  {
    "title": "APHENITY Genetic Variant Analysis",
    "link": "https://ir.ptcbio.com/static-files/2431f234-a9ed-4d73-9e36-379bf0700c75",
    "timestamp": "unknown"
  },
  {
    "title": "APHENITY Genetic Variant Analysis",
    "link": "https://ir.ptcbio.com/static-files/2431f234-a9ed-4d73-9e36-379bf0700c75",
    "timestamp": "unknown"
  },
  {
    "title": "APHENITY Genetic Variant Analysis",
    "link": "https://ir.ptcbio.com/static-files/2431f234-a9ed-4d73-9e36-379bf0700c75",
    "timestamp": "unknown"
  },
  {
    "title": "APHENITY Genetic Variant Analysis",
    "link": "https://ir.ptcbio.com/static-files/2431f234-a9ed-4d73-9e36-379bf0700c75",
    "timestamp": "unknown"
  },
  {
    "title": "APHENITY Genetic Variant Analysis",
    "link": "https://ir.ptcbio.com/static-files/2431f234-a9ed-4d73-9e36-379bf0700c75",
    "timestamp": "unknown"
  },
  {
    "title": "APHENITY Genetic Variant Analysis",
    "link": "https://ir.ptcbio.com/static-files/2431f234-a9ed-4d73-9e36-379bf0700c75",
    "timestamp": "unknown"
  },
  {
    "title": "APHENITY Genetic Variant Analysis",
    "link": "https://ir.ptcbio.com/static-files/2431f234-a9ed-4d73-9e36-379bf0700c75",
    "timestamp": "unknown"
  },
  {
    "title": "APHENITY Topline Results Updated Presentation",
    "link": "https://ir.ptcbio.com/static-files/ae7ba799-0d48-4e88-ad9c-44bb3c15f9f0",
    "timestamp": "unknown"
  },
  {
    "title": "APHENITY Topline Results Updated Presentation",
    "link": "https://ir.ptcbio.com/static-files/ae7ba799-0d48-4e88-ad9c-44bb3c15f9f0",
    "timestamp": "unknown"
  },
  {
    "title": "APHENITY Topline Results Updated Presentation",
    "link": "https://ir.ptcbio.com/static-files/ae7ba799-0d48-4e88-ad9c-44bb3c15f9f0",
    "timestamp": "unknown"
  },
  {
    "title": "APHENITY Topline Results Updated Presentation",
    "link": "https://ir.ptcbio.com/static-files/ae7ba799-0d48-4e88-ad9c-44bb3c15f9f0",
    "timestamp": "unknown"
  },
  {
    "title": "APHENITY Topline Results Updated Presentation",
    "link": "https://ir.ptcbio.com/static-files/ae7ba799-0d48-4e88-ad9c-44bb3c15f9f0",
    "timestamp": "unknown"
  },
  {
    "title": "APHENITY Topline Results Updated Presentation",
    "link": "https://ir.ptcbio.com/static-files/ae7ba799-0d48-4e88-ad9c-44bb3c15f9f0",
    "timestamp": "unknown"
  },
  {
    "title": "APHENITY Topline Results Updated Presentation",
    "link": "https://ir.ptcbio.com/static-files/ae7ba799-0d48-4e88-ad9c-44bb3c15f9f0",
    "timestamp": "unknown"
  },
  {
    "title": "PKU Deep Dive Presentation",
    "link": "https://ir.ptcbio.com/static-files/bafa3754-05fe--94b1-fb204adb0f8c",
    "timestamp": "unknown"
  },
  {
    "title": "PKU Deep Dive Presentation",
    "link": "https://ir.ptcbio.com/static-files/bafa3754-05fe--94b1-fb204adb0f8c",
    "timestamp": "unknown"
  },
  {
    "title": "PKU Deep Dive Presentation",
    "link": "https://ir.ptcbio.com/static-files/bafa3754-05fe--94b1-fb204adb0f8c",
    "timestamp": "unknown"
  },
  {
    "title": "PKU Deep Dive Presentation",
    "link": "https://ir.ptcbio.com/static-files/bafa3754-05fe--94b1-fb204adb0f8c",
    "timestamp": "unknown"
  },
  {
    "title": "PKU Deep Dive Presentation",
    "link": "https://ir.ptcbio.com/static-files/bafa3754-05fe--94b1-fb204adb0f8c",
    "timestamp": "unknown"
  },
  {
    "title": "PKU Deep Dive Presentation",
    "link": "https://ir.ptcbio.com/static-files/bafa3754-05fe--94b1-fb204adb0f8c",
    "timestamp": "unknown"
  },
  {
    "title": "PKU Deep Dive Presentation",
    "link": "https://ir.ptcbio.com/static-files/bafa3754-05fe--94b1-fb204adb0f8c",
    "timestamp": "unknown"
  },
  {
    "title": "MOVE-FA Topline Results Presentation",
    "link": "https://ir.ptcbio.com/static-files/13448bcb-111c-4c98-a716-d1ed989a7290",
    "timestamp": "unknown"
  },
  {
    "title": "MOVE-FA Topline Results Presentation",
    "link": "https://ir.ptcbio.com/static-files/13448bcb-111c-4c98-a716-d1ed989a7290",
    "timestamp": "unknown"
  },
  {
    "title": "MOVE-FA Topline Results Presentation",
    "link": "https://ir.ptcbio.com/static-files/13448bcb-111c-4c98-a716-d1ed989a7290",
    "timestamp": "unknown"
  },
  {
    "title": "MOVE-FA Topline Results Presentation",
    "link": "https://ir.ptcbio.com/static-files/13448bcb-111c-4c98-a716-d1ed989a7290",
    "timestamp": "unknown"
  },
  {
    "title": "MOVE-FA Topline Results Presentation",
    "link": "https://ir.ptcbio.com/static-files/13448bcb-111c-4c98-a716-d1ed989a7290",
    "timestamp": "unknown"
  },
  {
    "title": "MOVE-FA Topline Results Presentation",
    "link": "https://ir.ptcbio.com/static-files/13448bcb-111c-4c98-a716-d1ed989a7290",
    "timestamp": "unknown"
  },
  {
    "title": "MOVE-FA Topline Results Presentation",
    "link": "https://ir.ptcbio.com/static-files/13448bcb-111c-4c98-a716-d1ed989a7290",
    "timestamp": "unknown"
  },
  {
    "title": "Upcoming EventsFeb ,ESTPTC 4th Quarter  Financial ResultsListen to webcastAdd to OutlookAdd to Google CalendarQ4  FLS. KB",
    "link": "https://ir.ptcbio.com/events/event-details/ptc-4th-quarter--financial-results",
    "timestamp": "unknown"
  },
  {
    "title": "Upcoming EventsFeb ,ESTPTC 4th Quarter  Financial ResultsListen to webcastAdd to OutlookAdd to Google CalendarQ4  FLS. KB",
    "link": "https://ir.ptcbio.com/events/event-details/ptc-4th-quarter--financial-results",
    "timestamp": "unknown"
  },
  {
    "title": "Upcoming EventsFeb ,ESTPTC 4th Quarter  Financial ResultsListen to webcastAdd to OutlookAdd to Google CalendarQ4  FLS. KB",
    "link": "https://ir.ptcbio.com/events/event-details/ptc-4th-quarter--financial-results",
    "timestamp": "unknown"
  },
  {
    "title": "Upcoming EventsFeb ,ESTPTC 4th Quarter  Financial ResultsListen to webcastAdd to OutlookAdd to Google CalendarQ4  FLS. KB",
    "link": "https://ir.ptcbio.com/events/event-details/ptc-4th-quarter--financial-results",
    "timestamp": "unknown"
  },
  {
    "title": "Feb ,ESTPTC 4th Quarter  Financial ResultsListen to webcastAdd to OutlookAdd to Google CalendarQ4  FLS. KB",
    "link": "https://ir.ptcbio.com/events/event-details/ptc-4th-quarter--financial-results",
    "timestamp": "unknown"
  },
  {
    "title": "Feb ,ESTPTC 4th Quarter  Financial ResultsListen to webcastAdd to OutlookAdd to Google CalendarQ4  FLS. KB",
    "link": "https://ir.ptcbio.com/events/event-details/ptc-4th-quarter--financial-results",
    "timestamp": "unknown"
  },
  {
    "title": "Feb ,ESTPTC 4th Quarter  Financial ResultsListen to webcastAdd to OutlookAdd to Google CalendarQ4  FLS. KB",
    "link": "https://ir.ptcbio.com/events/event-details/ptc-4th-quarter--financial-results",
    "timestamp": "unknown"
  },
  {
    "title": "Feb ,ESTPTC 4th Quarter  Financial ResultsListen to webcastAdd to OutlookAdd to Google CalendarQ4  FLS. KB",
    "link": "https://ir.ptcbio.com/events/event-details/ptc-4th-quarter--financial-results",
    "timestamp": "unknown"
  },
  {
    "title": "Feb ,ESTPTC 4th Quarter  Financial ResultsListen to webcastAdd to OutlookAdd to Google CalendarQ4  FLS. KB",
    "link": "https://ir.ptcbio.com/events/event-details/ptc-4th-quarter--financial-results",
    "timestamp": "unknown"
  },
  {
    "title": "Feb ,ESTPTC 4th Quarter  Financial ResultsListen to webcastAdd to OutlookAdd to Google CalendarQ4  FLS. KB",
    "link": "https://ir.ptcbio.com/events/event-details/ptc-4th-quarter--financial-results",
    "timestamp": "unknown"
  },
  {
    "title": "PTC 4th Quarter  Financial Results",
    "link": "https://ir.ptcbio.com/events/event-details/ptc-4th-quarter--financial-results",
    "timestamp": "unknown"
  },
  {
    "title": "PTC 4th Quarter  Financial Results",
    "link": "https://ir.ptcbio.com/events/event-details/ptc-4th-quarter--financial-results",
    "timestamp": "unknown"
  },
  {
    "title": "PTC 4th Quarter  Financial Results",
    "link": "https://ir.ptcbio.com/events/event-details/ptc-4th-quarter--financial-results",
    "timestamp": "unknown"
  },
  {
    "title": "Listen to webcast",
    "link": "https://edge.media-server.com/mmc/p/mvj9b5fa",
    "timestamp": "unknown"
  },
  {
    "title": "Listen to webcast",
    "link": "https://edge.media-server.com/mmc/p/mvj9b5fa",
    "timestamp": "unknown"
  },
  {
    "title": "Listen to webcast",
    "link": "https://edge.media-server.com/mmc/p/mvj9b5fa",
    "timestamp": "unknown"
  },
  {
    "title": "Add to OutlookAdd to Google Calendar",
    "link": "https://ir.ptcbio.com/node//ics",
    "timestamp": "unknown"
  },
  {
    "title": "Add to Outlook",
    "link": "https://ir.ptcbio.com/node//ics",
    "timestamp": "unknown"
  },
  {
    "title": "Add to Outlook",
    "link": "https://ir.ptcbio.com/node//ics",
    "timestamp": "unknown"
  },
  {
    "title": "Add to Outlook",
    "link": "https://ir.ptcbio.com/node//ics",
    "timestamp": "unknown"
  },
  {
    "title": "Add to Google Calendar",
    "link": "https://www.google.com/calendar/render?action=TEMPLATE&text=PTC%20Therapeutics%2C%20Inc.%-%20PTC%204th%20Quarter%%20Financial%20Results&dates=20260219T213000Z/20260219T213000Z&details=Event%20Details%3A%20https%3A//ir.ptcbio.com/events/event-details/ptc-4th-quarter--financial-results%0A%0AWebcast%3A%20https%3A//edge.media-server.com/mmc/p/mvj9b5fa&location=&trp=false&sprop=name%3A",
    "timestamp": "unknown"
  },
  {
    "title": "Add to Google Calendar",
    "link": "https://www.google.com/calendar/render?action=TEMPLATE&text=PTC%20Therapeutics%2C%20Inc.%-%20PTC%204th%20Quarter%%20Financial%20Results&dates=20260219T213000Z/20260219T213000Z&details=Event%20Details%3A%20https%3A//ir.ptcbio.com/events/event-details/ptc-4th-quarter--financial-results%0A%0AWebcast%3A%20https%3A//edge.media-server.com/mmc/p/mvj9b5fa&location=&trp=false&sprop=name%3A",
    "timestamp": "unknown"
  },
  {
    "title": "Add to Google Calendar",
    "link": "https://www.google.com/calendar/render?action=TEMPLATE&text=PTC%20Therapeutics%2C%20Inc.%-%20PTC%204th%20Quarter%%20Financial%20Results&dates=20260219T213000Z/20260219T213000Z&details=Event%20Details%3A%20https%3A//ir.ptcbio.com/events/event-details/ptc-4th-quarter--financial-results%0A%0AWebcast%3A%20https%3A//edge.media-server.com/mmc/p/mvj9b5fa&location=&trp=false&sprop=name%3A",
    "timestamp": "unknown"
  },
  {
    "title": "Q4  FLS. KB",
    "link": "https://ir.ptcbio.com/static-files/c772b8a8-38ba-4c29-9d7d-aa4032eb9b36",
    "timestamp": "unknown"
  },
  {
    "title": "Q4  FLS. KB",
    "link": "https://ir.ptcbio.com/static-files/c772b8a8-38ba-4c29-9d7d-aa4032eb9b36",
    "timestamp": "unknown"
  },
  {
    "title": "Q4  FLS. KB",
    "link": "https://ir.ptcbio.com/static-files/c772b8a8-38ba-4c29-9d7d-aa4032eb9b36",
    "timestamp": "unknown"
  },
  {
    "title": "Q4  FLS. KB",
    "link": "https://ir.ptcbio.com/static-files/c772b8a8-38ba-4c29-9d7d-aa4032eb9b36",
    "timestamp": "unknown"
  },
  {
    "title": "Q4  FLS. KB",
    "link": "https://ir.ptcbio.com/static-files/c772b8a8-38ba-4c29-9d7d-aa4032eb9b36",
    "timestamp": "unknown"
  },
  {
    "title": "Q4  FLS. KB",
    "link": "https://ir.ptcbio.com/static-files/c772b8a8-38ba-4c29-9d7d-aa4032eb9b36",
    "timestamp": "unknown"
  },
  {
    "title": "Q4  FLS. KB",
    "link": "https://ir.ptcbio.com/static-files/c772b8a8-38ba-4c29-9d7d-aa4032eb9b36",
    "timestamp": "unknown"
  },
  {
    "title": "Q4  FLS. KB",
    "link": "https://ir.ptcbio.com/static-files/c772b8a8-38ba-4c29-9d7d-aa4032eb9b36",
    "timestamp": "unknown"
  },
  {
    "title": "Q4  FLS. KB",
    "link": "https://ir.ptcbio.com/static-files/c772b8a8-38ba-4c29-9d7d-aa4032eb9b36",
    "timestamp": "unknown"
  },
  {
    "title": "Q4  FLS. KB",
    "link": "https://ir.ptcbio.com/static-files/c772b8a8-38ba-4c29-9d7d-aa4032eb9b36",
    "timestamp": "unknown"
  },
  {
    "title": "Archived Events44th Annual J.P. Morgan Healthcare ConferenceJan ,ESTListen to webcastCiti  Global Healthcare ConferenceDec ,ESTListen to webcastR&D Da",
    "link": "https://jpmorgan.metameetings.net/events/healthcare26/sessions/-ptc-therapeutics-inc/webcast?gpu_only=true&kiosk=true",
    "timestamp": "unknown"
  },
  {
    "title": "Archived Events44th Annual J.P. Morgan Healthcare ConferenceJan ,ESTListen to webcastCiti  Global Healthcare ConferenceDec ,ESTListen to webcastR&D Da",
    "link": "https://jpmorgan.metameetings.net/events/healthcare26/sessions/-ptc-therapeutics-inc/webcast?gpu_only=true&kiosk=true",
    "timestamp": "unknown"
  },
  {
    "title": "Archived Events44th Annual J.P. Morgan Healthcare ConferenceJan ,ESTListen to webcastCiti  Global Healthcare ConferenceDec ,ESTListen to webcastR&D Da",
    "link": "https://jpmorgan.metameetings.net/events/healthcare26/sessions/-ptc-therapeutics-inc/webcast?gpu_only=true&kiosk=true",
    "timestamp": "unknown"
  },
  {
    "title": "Archived Events44th Annual J.P. Morgan Healthcare ConferenceJan ,ESTListen to webcastCiti  Global Healthcare ConferenceDec ,ESTListen to webcastR&D Da",
    "link": "https://jpmorgan.metameetings.net/events/healthcare26/sessions/-ptc-therapeutics-inc/webcast?gpu_only=true&kiosk=true",
    "timestamp": "unknown"
  },
  {
    "title": "44th Annual J.P. Morgan Healthcare ConferenceJan ,ESTListen to webcastCiti  Global Healthcare ConferenceDec ,ESTListen to webcastR&D DayDec ,ESTListen",
    "link": "https://jpmorgan.metameetings.net/events/healthcare26/sessions/-ptc-therapeutics-inc/webcast?gpu_only=true&kiosk=true",
    "timestamp": "unknown"
  },
  {
    "title": "44th Annual J.P. Morgan Healthcare ConferenceJan ,ESTListen to webcastCiti  Global Healthcare ConferenceDec ,ESTListen to webcastR&D DayDec ,ESTListen",
    "link": "https://jpmorgan.metameetings.net/events/healthcare26/sessions/-ptc-therapeutics-inc/webcast?gpu_only=true&kiosk=true",
    "timestamp": "unknown"
  },
  {
    "title": "44th Annual J.P. Morgan Healthcare ConferenceJan ,ESTListen to webcast",
    "link": "https://jpmorgan.metameetings.net/events/healthcare26/sessions/-ptc-therapeutics-inc/webcast?gpu_only=true&kiosk=true",
    "timestamp": "unknown"
  },
  {
    "title": "44th Annual J.P. Morgan Healthcare ConferenceJan ,ESTListen to webcast",
    "link": "https://jpmorgan.metameetings.net/events/healthcare26/sessions/-ptc-therapeutics-inc/webcast?gpu_only=true&kiosk=true",
    "timestamp": "unknown"
  },
  {
    "title": "Listen to webcast",
    "link": "https://jpmorgan.metameetings.net/events/healthcare26/sessions/-ptc-therapeutics-inc/webcast?gpu_only=true&kiosk=true",
    "timestamp": "unknown"
  },
  {
    "title": "Listen to webcast",
    "link": "https://jpmorgan.metameetings.net/events/healthcare26/sessions/-ptc-therapeutics-inc/webcast?gpu_only=true&kiosk=true",
    "timestamp": "unknown"
  },
  {
    "title": "Listen to webcast",
    "link": "https://jpmorgan.metameetings.net/events/healthcare26/sessions/-ptc-therapeutics-inc/webcast?gpu_only=true&kiosk=true",
    "timestamp": "unknown"
  },
  {
    "title": "Listen to webcast",
    "link": "https://jpmorgan.metameetings.net/events/healthcare26/sessions/-ptc-therapeutics-inc/webcast?gpu_only=true&kiosk=true",
    "timestamp": "unknown"
  },
  {
    "title": "Citi  Global Healthcare ConferenceDec ,ESTListen to webcast",
    "link": "https://kvgo.com/global-healthcare-conference-/ptc-therapeutics-december-",
    "timestamp": "unknown"
  },
  {
    "title": "Citi  Global Healthcare ConferenceDec ,ESTListen to webcast",
    "link": "https://kvgo.com/global-healthcare-conference-/ptc-therapeutics-december-",
    "timestamp": "unknown"
  },
  {
    "title": "Listen to webcast",
    "link": "https://kvgo.com/global-healthcare-conference-/ptc-therapeutics-december-",
    "timestamp": "unknown"
  },
  {
    "title": "Listen to webcast",
    "link": "https://kvgo.com/global-healthcare-conference-/ptc-therapeutics-december-",
    "timestamp": "unknown"
  },
  {
    "title": "Listen to webcast",
    "link": "https://kvgo.com/global-healthcare-conference-/ptc-therapeutics-december-",
    "timestamp": "unknown"
  },
  {
    "title": "Listen to webcast",
    "link": "https://kvgo.com/global-healthcare-conference-/ptc-therapeutics-december-",
    "timestamp": "unknown"
  },
  {
    "title": "R&D DayDec ,ESTListen to webcastView Presentation. MB",
    "link": "https://edge.media-server.com/mmc/p/zi2ce526",
    "timestamp": "unknown"
  },
  {
    "title": "R&D DayDec ,ESTListen to webcastView Presentation. MB",
    "link": "https://edge.media-server.com/mmc/p/zi2ce526",
    "timestamp": "unknown"
  },
  {
    "title": "Listen to webcastView Presentation. MB",
    "link": "https://edge.media-server.com/mmc/p/zi2ce526",
    "timestamp": "unknown"
  },
  {
    "title": "Listen to webcast",
    "link": "https://edge.media-server.com/mmc/p/zi2ce526",
    "timestamp": "unknown"
  },
  {
    "title": "Listen to webcast",
    "link": "https://edge.media-server.com/mmc/p/zi2ce526",
    "timestamp": "unknown"
  },
  {
    "title": "Listen to webcast",
    "link": "https://edge.media-server.com/mmc/p/zi2ce526",
    "timestamp": "unknown"
  },
  {
    "title": "View Presentation. MB",
    "link": "https://ir.ptcbio.com/static-files/f1647512-bf5c-4c45-abb5-e6edc4e144db",
    "timestamp": "unknown"
  },
  {
    "title": "View Presentation. MB",
    "link": "https://ir.ptcbio.com/static-files/f1647512-bf5c-4c45-abb5-e6edc4e144db",
    "timestamp": "unknown"
  },
  {
    "title": "View Presentation. MB",
    "link": "https://ir.ptcbio.com/static-files/f1647512-bf5c-4c45-abb5-e6edc4e144db",
    "timestamp": "unknown"
  },
  {
    "title": "View Presentation. MB",
    "link": "https://ir.ptcbio.com/static-files/f1647512-bf5c-4c45-abb5-e6edc4e144db",
    "timestamp": "unknown"
  },
  {
    "title": "View Presentation. MB",
    "link": "https://ir.ptcbio.com/static-files/f1647512-bf5c-4c45-abb5-e6edc4e144db",
    "timestamp": "unknown"
  },
  {
    "title": "View Presentation. MB",
    "link": "https://ir.ptcbio.com/static-files/f1647512-bf5c-4c45-abb5-e6edc4e144db",
    "timestamp": "unknown"
  },
  {
    "title": "View Presentation. MB",
    "link": "https://ir.ptcbio.com/static-files/f1647512-bf5c-4c45-abb5-e6edc4e144db",
    "timestamp": "unknown"
  },
  {
    "title": "View Presentation. MB",
    "link": "https://ir.ptcbio.com/static-files/f1647512-bf5c-4c45-abb5-e6edc4e144db",
    "timestamp": "unknown"
  },
  {
    "title": "View Presentation. MB",
    "link": "https://ir.ptcbio.com/static-files/f1647512-bf5c-4c45-abb5-e6edc4e144db",
    "timestamp": "unknown"
  },
  {
    "title": "View Presentation. MB",
    "link": "https://ir.ptcbio.com/static-files/f1647512-bf5c-4c45-abb5-e6edc4e144db",
    "timestamp": "unknown"
  },
  {
    "title": "Printed MaterialsEmail AlertsRSSPrint",
    "link": "https://ir.ptcbio.com/printed-materials",
    "timestamp": "unknown"
  },
  {
    "title": "Printed Materials",
    "link": "https://ir.ptcbio.com/printed-materials",
    "timestamp": "unknown"
  },
  {
    "title": "Email Alerts",
    "link": "https://ir.ptcbio.com/email-alerts",
    "timestamp": "unknown"
  },
  {
    "title": "RSS",
    "link": "https://ir.ptcbio.com/rss-news-feeds",
    "timestamp": "unknown"
  },
  {
    "title": "Print",
    "link": "https://ir.ptcbio.com/events-presentations",
    "timestamp": "unknown"
  },
  {
    "title": "Get to know PTCLeadership TeamOur ResponsibilityGrants and DonationsPTC NewsroomGlobal ComplianceFor PatientsPTC CaresInsightful MomentsRare JourneysP",
    "link": "https://www.ptcbio.com/",
    "timestamp": "unknown"
  },
  {
    "title": "Get to know PTCLeadership TeamOur ResponsibilityGrants and DonationsPTC NewsroomGlobal Compliance",
    "link": "https://www.ptcbio.com/about-ptc/leadership/",
    "timestamp": "unknown"
  },
  {
    "title": "Leadership Team",
    "link": "https://www.ptcbio.com/about-ptc/leadership/",
    "timestamp": "unknown"
  },
  {
    "title": "Our Responsibility",
    "link": "https://www.ptcbio.com/about-ptc/our-responsibility/",
    "timestamp": "unknown"
  },
  {
    "title": "Grants and Donations",
    "link": "https://www.ptcbio.com/grants-and-donations/",
    "timestamp": "unknown"
  },
  {
    "title": "PTC Newsroom",
    "link": "https://www.ptcbio.com/newsroom/",
    "timestamp": "unknown"
  },
  {
    "title": "Global Compliance",
    "link": "https://www.ptcbio.com/global-compliance-program/",
    "timestamp": "unknown"
  },
  {
    "title": "For PatientsPTC CaresInsightful MomentsRare JourneysPatient & Caregiver Resources",
    "link": "https://ptccares.com/",
    "timestamp": "unknown"
  },
  {
    "title": "PTC Cares",
    "link": "https://ptccares.com/",
    "timestamp": "unknown"
  },
  {
    "title": "Insightful Moments",
    "link": "https://www.ptcbio.com/insightful-moments/",
    "timestamp": "unknown"
  },
  {
    "title": "Rare Journeys",
    "link": "https://www.ptcbio.com/rare-journeys/",
    "timestamp": "unknown"
  },
  {
    "title": "Patient & Caregiver Resources",
    "link": "https://www.ptcbio.com/patients-caregivers-resources/",
    "timestamp": "unknown"
  },
  {
    "title": "Clinical TrialsCareersOur ProductsInvestor Relations",
    "link": "https://clinicaltrials.ptcbio.com",
    "timestamp": "unknown"
  },
  {
    "title": "Clinical Trials",
    "link": "https://clinicaltrials.ptcbio.com",
    "timestamp": "unknown"
  },
  {
    "title": "Careers",
    "link": "https://www.ptcbio.com/careers/",
    "timestamp": "unknown"
  },
  {
    "title": "Our Products",
    "link": "https://www.ptcbio.com/our-products/",
    "timestamp": "unknown"
  },
  {
    "title": "Investor Relations",
    "link": "https://ir.ptcbio.com/",
    "timestamp": "unknown"
  },
  {
    "title": "Have Questions?Contact UsFollow Us On:",
    "link": "https://www.ptcbio.com/contact-us/",
    "timestamp": "unknown"
  },
  {
    "title": "Contact Us",
    "link": "https://www.ptcbio.com/contact-us/",
    "timestamp": "unknown"
  }
]