[
  {
    "title": "AboutOur SciencePatient & Caregiver ResourcesPartner With UsInvestors & MediaBackAboutMissionGuiding PrinciplesCollaborations & PartnershipsSolid Team",
    "link": "https://www.solidbio.com/",
    "timestamp": "unknown"
  },
  {
    "title": "AboutOur SciencePatient & Caregiver ResourcesPartner With UsInvestors & Media",
    "link": "https://www.solidbio.com/",
    "timestamp": "unknown"
  },
  {
    "title": "AboutOur SciencePatient & Caregiver ResourcesPartner With UsInvestors & Media",
    "link": "https://www.solidbio.com/partners/",
    "timestamp": "unknown"
  },
  {
    "title": "AboutOur SciencePatient & Caregiver ResourcesPartner With UsInvestors & Media",
    "link": "https://www.solidbio.com/partners/",
    "timestamp": "unknown"
  },
  {
    "title": "BackAboutMissionGuiding PrinciplesCollaborations & PartnershipsSolid TeamManagementBoard of DirectorsFoundersWorking at SolidCultureBenefitsOpen Posit",
    "link": "https://www.solidbio.com/about/mission/guiding-principles",
    "timestamp": "unknown"
  },
  {
    "title": "AboutMissionGuiding PrinciplesCollaborations & PartnershipsSolid TeamManagementBoard of DirectorsFoundersWorking at SolidCultureBenefitsOpen Positions",
    "link": "https://www.solidbio.com/about/mission/guiding-principles",
    "timestamp": "unknown"
  },
  {
    "title": "MissionGuiding PrinciplesCollaborations & PartnershipsSolid TeamManagementBoard of DirectorsFoundersWorking at SolidCultureBenefitsOpen Positions",
    "link": "https://www.solidbio.com/about/mission/guiding-principles",
    "timestamp": "unknown"
  },
  {
    "title": "MissionGuiding PrinciplesCollaborations & Partnerships",
    "link": "https://www.solidbio.com/about/mission/guiding-principles",
    "timestamp": "unknown"
  },
  {
    "title": "Guiding Principles",
    "link": "https://www.solidbio.com/about/mission/guiding-principles",
    "timestamp": "unknown"
  },
  {
    "title": "Collaborations & Partnerships",
    "link": "https://www.solidbio.com/about/mission/collaborations-partnerships",
    "timestamp": "unknown"
  },
  {
    "title": "Solid TeamManagementBoard of DirectorsFounders",
    "link": "https://www.solidbio.com/about/solid-team/management",
    "timestamp": "unknown"
  },
  {
    "title": "Management",
    "link": "https://www.solidbio.com/about/solid-team/management",
    "timestamp": "unknown"
  },
  {
    "title": "Board of Directors",
    "link": "https://www.solidbio.com/about/solid-team/board-of-directors",
    "timestamp": "unknown"
  },
  {
    "title": "Founders",
    "link": "https://www.solidbio.com/about/solid-team/founders",
    "timestamp": "unknown"
  },
  {
    "title": "Working at SolidCultureBenefitsOpen Positions",
    "link": "https://www.solidbio.com/about/working-at-solid/culture",
    "timestamp": "unknown"
  },
  {
    "title": "Culture",
    "link": "https://www.solidbio.com/about/working-at-solid/culture",
    "timestamp": "unknown"
  },
  {
    "title": "Benefits",
    "link": "https://www.solidbio.com/about/working-at-solid/benefits",
    "timestamp": "unknown"
  },
  {
    "title": "Open Positions",
    "link": "https://solidbio.com/about/working-at-solid/open-positions/",
    "timestamp": "unknown"
  },
  {
    "title": "Our SciencePipeline & ProgramsPipelineScientific Publications & PresentationsInfrastructureManufacturing",
    "link": "https://www.solidbio.com/our-science/pipeline-programs/pipeline",
    "timestamp": "unknown"
  },
  {
    "title": "Pipeline & ProgramsPipelineScientific Publications & PresentationsInfrastructureManufacturing",
    "link": "https://www.solidbio.com/our-science/pipeline-programs/pipeline",
    "timestamp": "unknown"
  },
  {
    "title": "Pipeline & ProgramsPipelineScientific Publications & Presentations",
    "link": "https://www.solidbio.com/our-science/pipeline-programs/pipeline",
    "timestamp": "unknown"
  },
  {
    "title": "Pipeline",
    "link": "https://www.solidbio.com/our-science/pipeline-programs/pipeline",
    "timestamp": "unknown"
  },
  {
    "title": "Scientific Publications & Presentations",
    "link": "https://www.solidbio.com/our-science/pipeline-programs/scientific-publications-presentations/",
    "timestamp": "unknown"
  },
  {
    "title": "InfrastructureManufacturing",
    "link": "https://www.solidbio.com/our-science/infrastructure/manufacturing",
    "timestamp": "unknown"
  },
  {
    "title": "Manufacturing",
    "link": "https://www.solidbio.com/our-science/infrastructure/manufacturing",
    "timestamp": "unknown"
  },
  {
    "title": "Patient & Caregiver ResourcesDuchenne Muscular DystrophyWhat is Duchenne?Why Gene Transfer?Duchenne Patient StoriesFriedreich\u2019s Ataxia ResourcesFriedr",
    "link": "https://www.solidbio.com/patient-caregiver-resources/dmd/what-is-dmd",
    "timestamp": "unknown"
  },
  {
    "title": "Duchenne Muscular DystrophyWhat is Duchenne?Why Gene Transfer?Duchenne Patient StoriesFriedreich\u2019s Ataxia ResourcesFriedreich\u2019s AtaxiaWhat is Frataxin",
    "link": "https://www.solidbio.com/patient-caregiver-resources/dmd/what-is-dmd",
    "timestamp": "unknown"
  },
  {
    "title": "Duchenne Muscular DystrophyWhat is Duchenne?Why Gene Transfer?Duchenne Patient Stories",
    "link": "https://www.solidbio.com/patient-caregiver-resources/dmd/what-is-dmd",
    "timestamp": "unknown"
  },
  {
    "title": "What is Duchenne?",
    "link": "https://www.solidbio.com/patient-caregiver-resources/dmd/what-is-dmd",
    "timestamp": "unknown"
  },
  {
    "title": "Why Gene Transfer?",
    "link": "https://www.solidbio.com/patient-caregiver-resources/dmd/why-gene-transfer",
    "timestamp": "unknown"
  },
  {
    "title": "Duchenne Patient Stories",
    "link": "https://www.solidbio.com/education/dmd/duchenne-patient-stories/patient-stories-overview-page",
    "timestamp": "unknown"
  },
  {
    "title": "Friedreich\u2019s Ataxia ResourcesFriedreich\u2019s AtaxiaWhat is Frataxin?For Patients",
    "link": "https://www.solidbio.com/patient-caregiver-resources/fa-resources/friedreichs-ataxia",
    "timestamp": "unknown"
  },
  {
    "title": "Friedreich\u2019s Ataxia",
    "link": "https://www.solidbio.com/patient-caregiver-resources/fa-resources/friedreichs-ataxia",
    "timestamp": "unknown"
  },
  {
    "title": "What is Frataxin?",
    "link": "https://www.solidbio.com/patient-caregiver-resources/fa-resources/what-is-frataxin",
    "timestamp": "unknown"
  },
  {
    "title": "For Patients",
    "link": "https://www.solidbio.com/patient-caregiver-resources/fa-resources/for-patients",
    "timestamp": "unknown"
  },
  {
    "title": "CPVTWhat is CPVT?Patient Stories",
    "link": "https://www.solidbio.com/patient-caregiver-resources/cpvt/what-is-cpvt/",
    "timestamp": "unknown"
  },
  {
    "title": "What is CPVT?",
    "link": "https://www.solidbio.com/patient-caregiver-resources/cpvt/what-is-cpvt/",
    "timestamp": "unknown"
  },
  {
    "title": "Patient Stories",
    "link": "https://www.solidbio.com/patient-caregiver-resources/cpvt/cpvt-patient-stories/",
    "timestamp": "unknown"
  },
  {
    "title": "Strength in CommunityEngaging the CommunityCharity PartnersInsights & News",
    "link": "https://www.solidbio.com/patient-caregiver-resources/strength-in-community/how-we-interact-with-patients",
    "timestamp": "unknown"
  },
  {
    "title": "Engaging the Community",
    "link": "https://www.solidbio.com/patient-caregiver-resources/strength-in-community/how-we-interact-with-patients",
    "timestamp": "unknown"
  },
  {
    "title": "Charity Partners",
    "link": "https://www.solidbio.com/patient-caregiver-resources/strength-in-community/charity-partners",
    "timestamp": "unknown"
  },
  {
    "title": "Insights & News",
    "link": "https://www.solidbio.com/patient-caregiver-resources/strength-in-community/insights-news",
    "timestamp": "unknown"
  },
  {
    "title": "Resources & PoliciesExpanded Access PolicyClinical Trials",
    "link": "https://www.solidbio.com/patient-caregiver-resources/resources-policies/expanded-access-policy",
    "timestamp": "unknown"
  },
  {
    "title": "Expanded Access Policy",
    "link": "https://www.solidbio.com/patient-caregiver-resources/resources-policies/expanded-access-policy",
    "timestamp": "unknown"
  },
  {
    "title": "Clinical Trials",
    "link": "https://www.solidbio.com/patient-caregiver-resources/resources-policies/clinical-trials",
    "timestamp": "unknown"
  },
  {
    "title": "Investors & MediaOverview & NewsOverviewPress ReleasesPresentationsEventsGovernance & FinancialsGovernance DocumentsCommittee ChartersCommittee Compos",
    "link": "https://investors.solidbio.com/investor-relations",
    "timestamp": "unknown"
  },
  {
    "title": "Overview & NewsOverviewPress ReleasesPresentationsEventsGovernance & FinancialsGovernance DocumentsCommittee ChartersCommittee CompositionSEC FilingsS",
    "link": "https://investors.solidbio.com/investor-relations",
    "timestamp": "unknown"
  },
  {
    "title": "Overview & NewsOverviewPress ReleasesPresentationsEvents",
    "link": "https://investors.solidbio.com/investor-relations",
    "timestamp": "unknown"
  },
  {
    "title": "Overview",
    "link": "https://investors.solidbio.com/investor-relations",
    "timestamp": "unknown"
  },
  {
    "title": "Press Releases",
    "link": "https://investors.solidbio.com/news-and-events/press-releases",
    "timestamp": "unknown"
  },
  {
    "title": "Presentations",
    "link": "https://investors.solidbio.com/news-and-events/presentations",
    "timestamp": "unknown"
  },
  {
    "title": "Events",
    "link": "https://investors.solidbio.com/news-and-events/events",
    "timestamp": "unknown"
  },
  {
    "title": "Governance & FinancialsGovernance DocumentsCommittee ChartersCommittee CompositionSEC Filings",
    "link": "https://investors.solidbio.com/governance/governance-documents",
    "timestamp": "unknown"
  },
  {
    "title": "Governance Documents",
    "link": "https://investors.solidbio.com/governance/governance-documents",
    "timestamp": "unknown"
  },
  {
    "title": "Committee Charters",
    "link": "https://investors.solidbio.com/governance/committee-charters",
    "timestamp": "unknown"
  },
  {
    "title": "Committee Composition",
    "link": "https://investors.solidbio.com/governance/committee-composition",
    "timestamp": "unknown"
  },
  {
    "title": "SEC Filings",
    "link": "https://investors.solidbio.com/financial-information/sec-filings",
    "timestamp": "unknown"
  },
  {
    "title": "Stock InformationStock Quote ChartHistorical Price LookupAnalyst Coverage",
    "link": "https://investors.solidbio.com/stock-information/stock-quote-chart",
    "timestamp": "unknown"
  },
  {
    "title": "Stock Quote Chart",
    "link": "https://investors.solidbio.com/stock-information/stock-quote-chart",
    "timestamp": "unknown"
  },
  {
    "title": "Historical Price Lookup",
    "link": "https://investors.solidbio.com/stock-information/historical-price-lookup",
    "timestamp": "unknown"
  },
  {
    "title": "Analyst Coverage",
    "link": "https://investors.solidbio.com/stock-information/analyst-coverage",
    "timestamp": "unknown"
  },
  {
    "title": "Investor ResourcesInvestor FAQsContact Solid BiosciencesEmail Alerts",
    "link": "https://investors.solidbio.com/investor-resources/investor-faqs",
    "timestamp": "unknown"
  },
  {
    "title": "Investor FAQs",
    "link": "https://investors.solidbio.com/investor-resources/investor-faqs",
    "timestamp": "unknown"
  },
  {
    "title": "Contact Solid Biosciences",
    "link": "https://investors.solidbio.com/investor-resources/contact-solid-biosciences",
    "timestamp": "unknown"
  },
  {
    "title": "Email Alerts",
    "link": "https://investors.solidbio.com/investor-resources/email-alerts",
    "timestamp": "unknown"
  },
  {
    "title": "GroupAll,,Annual FilingsCurrent ReportsMergers & AcquisitionsOtherProxy FilingsQuarterly FilingsRegistration StatementsFiling yearAllFiling DateDescri",
    "link": "https://investors.solidbio.com/financial-information/sec-filings?items_per_page=&order=field_nir_sec_date_filed&sort=asc",
    "timestamp": "unknown"
  },
  {
    "title": "GroupAll,,Annual FilingsCurrent ReportsMergers & AcquisitionsOtherProxy FilingsQuarterly FilingsRegistration StatementsFiling yearAllFiling DateDescri",
    "link": "https://investors.solidbio.com/financial-information/sec-filings?items_per_page=&order=field_nir_sec_date_filed&sort=asc",
    "timestamp": "unknown"
  },
  {
    "title": "GroupAll,,Annual FilingsCurrent ReportsMergers & AcquisitionsOtherProxy FilingsQuarterly FilingsRegistration StatementsFiling yearAllFiling DateDescri",
    "link": "https://investors.solidbio.com/financial-information/sec-filings?items_per_page=&order=field_nir_sec_date_filed&sort=asc",
    "timestamp": "unknown"
  },
  {
    "title": "GroupAll,,Annual FilingsCurrent ReportsMergers & AcquisitionsOtherProxy FilingsQuarterly FilingsRegistration StatementsFiling yearAllFiling DateDescri",
    "link": "https://investors.solidbio.com/financial-information/sec-filings?items_per_page=&order=field_nir_sec_date_filed&sort=asc",
    "timestamp": "unknown"
  },
  {
    "title": "GroupAll,,Annual FilingsCurrent ReportsMergers & AcquisitionsOtherProxy FilingsQuarterly FilingsRegistration StatementsFiling yearAllFiling DateDescri",
    "link": "https://investors.solidbio.com/financial-information/sec-filings?items_per_page=&order=field_nir_sec_date_filed&sort=asc",
    "timestamp": "unknown"
  },
  {
    "title": "GroupAll,,Annual FilingsCurrent ReportsMergers & AcquisitionsOtherProxy FilingsQuarterly FilingsRegistration StatementsFiling yearAllFiling DateDescri",
    "link": "https://investors.solidbio.com/financial-information/sec-filings?items_per_page=&order=field_nir_sec_date_filed&sort=asc",
    "timestamp": "unknown"
  },
  {
    "title": "GroupAll,,Annual FilingsCurrent ReportsMergers & AcquisitionsOtherProxy FilingsQuarterly FilingsRegistration StatementsFiling yearAllFiling DateDescri",
    "link": "https://investors.solidbio.com/financial-information/sec-filings?items_per_page=&order=field_nir_sec_date_filed&sort=asc",
    "timestamp": "unknown"
  },
  {
    "title": "GroupAll,,Annual FilingsCurrent ReportsMergers & AcquisitionsOtherProxy FilingsQuarterly FilingsRegistration StatementsFiling yearAllFiling DateDescri",
    "link": "https://investors.solidbio.com/financial-information/sec-filings?items_per_page=&order=field_nir_sec_date_filed&sort=asc",
    "timestamp": "unknown"
  },
  {
    "title": "GroupAll,,Annual FilingsCurrent ReportsMergers & AcquisitionsOtherProxy FilingsQuarterly FilingsRegistration StatementsFiling yearAllFiling DateDescri",
    "link": "https://investors.solidbio.com/financial-information/sec-filings?items_per_page=&order=field_nir_sec_date_filed&sort=asc",
    "timestamp": "unknown"
  },
  {
    "title": "GroupAll,,Annual FilingsCurrent ReportsMergers & AcquisitionsOtherProxy FilingsQuarterly FilingsRegistration StatementsFiling yearAllFiling DateDescri",
    "link": "https://investors.solidbio.com/financial-information/sec-filings?items_per_page=&order=field_nir_sec_date_filed&sort=asc",
    "timestamp": "unknown"
  },
  {
    "title": "GroupAll,,Annual FilingsCurrent ReportsMergers & AcquisitionsOtherProxy FilingsQuarterly FilingsRegistration StatementsFiling yearAllFiling DateDescri",
    "link": "https://investors.solidbio.com/financial-information/sec-filings?items_per_page=&order=field_nir_sec_date_filed&sort=asc",
    "timestamp": "unknown"
  },
  {
    "title": "GroupAll,,Annual FilingsCurrent ReportsMergers & AcquisitionsOtherProxy FilingsQuarterly FilingsRegistration StatementsFiling yearAllFiling DateDescri",
    "link": "https://investors.solidbio.com/financial-information/sec-filings?items_per_page=&order=field_nir_sec_date_filed&sort=asc",
    "timestamp": "unknown"
  },
  {
    "title": "GroupAll,,Annual FilingsCurrent ReportsMergers & AcquisitionsOtherProxy FilingsQuarterly FilingsRegistration StatementsFiling yearAllFiling DateDescri",
    "link": "https://investors.solidbio.com/financial-information/sec-filings?items_per_page=&order=field_nir_sec_date_filed&sort=asc",
    "timestamp": "unknown"
  },
  {
    "title": "GroupAll,,Annual FilingsCurrent ReportsMergers & AcquisitionsOtherProxy FilingsQuarterly FilingsRegistration StatementsFiling yearAllFiling DateDescri",
    "link": "https://investors.solidbio.com/financial-information/sec-filings?items_per_page=&order=field_nir_sec_date_filed&sort=asc",
    "timestamp": "unknown"
  },
  {
    "title": "GroupAll,,Annual FilingsCurrent ReportsMergers & AcquisitionsOtherProxy FilingsQuarterly FilingsRegistration StatementsFiling yearAllFiling DateDescri",
    "link": "https://investors.solidbio.com/financial-information/sec-filings?items_per_page=&order=field_nir_sec_date_filed&sort=asc",
    "timestamp": "unknown"
  },
  {
    "title": "GroupAll,,Annual FilingsCurrent ReportsMergers & AcquisitionsOtherProxy FilingsQuarterly FilingsRegistration StatementsFiling yearAllFiling DateDescri",
    "link": "https://investors.solidbio.com/financial-information/sec-filings?items_per_page=&order=field_nir_sec_date_filed&sort=asc",
    "timestamp": "unknown"
  },
  {
    "title": "GroupAll,,Annual FilingsCurrent ReportsMergers & AcquisitionsOtherProxy FilingsQuarterly FilingsRegistration StatementsFiling yearAllFiling DateDescri",
    "link": "https://investors.solidbio.com/financial-information/sec-filings?items_per_page=&order=field_nir_sec_date_filed&sort=asc",
    "timestamp": "unknown"
  },
  {
    "title": "GroupAll,,Annual FilingsCurrent ReportsMergers & AcquisitionsOtherProxy FilingsQuarterly FilingsRegistration StatementsFiling yearAllFiling DateDescri",
    "link": "https://investors.solidbio.com/financial-information/sec-filings?items_per_page=&order=field_nir_sec_date_filed&sort=asc",
    "timestamp": "unknown"
  },
  {
    "title": "Filing DateDescriptionFormViewOct ,Statement of changes in beneficial ownership of securities--.pdf--.rtf--.xlsView HTMLAug ,Statement of changes in b",
    "link": "https://investors.solidbio.com/financial-information/sec-filings?items_per_page=&order=field_nir_sec_date_filed&sort=asc",
    "timestamp": "unknown"
  },
  {
    "title": "Filing DateDescriptionFormView",
    "link": "https://investors.solidbio.com/financial-information/sec-filings?items_per_page=&order=field_nir_sec_date_filed&sort=asc",
    "timestamp": "unknown"
  },
  {
    "title": "Oct ,Statement of changes in beneficial ownership of securities--.pdf--.rtf--.xlsView HTML",
    "link": "https://investors.solidbio.com/sec-filings/sec-filing//--",
    "timestamp": "unknown"
  },
  {
    "title": "--.pdf--.rtf--.xlsView HTML",
    "link": "https://investors.solidbio.com/static-files/d53c97d2-6de5--a438-ab06cb7fa747",
    "timestamp": "unknown"
  },
  {
    "title": "--.pdf",
    "link": "https://investors.solidbio.com/static-files/d53c97d2-6de5--a438-ab06cb7fa747",
    "timestamp": "unknown"
  },
  {
    "title": "--.rtf",
    "link": "https://investors.solidbio.com/static-files/de40251e-73bf--af97-9b67daa2b00d",
    "timestamp": "unknown"
  },
  {
    "title": "--.xls",
    "link": "https://investors.solidbio.com/static-files/f0dc93cc-2b47-462e-ba54-9aba78888ec4",
    "timestamp": "unknown"
  },
  {
    "title": "Aug ,Statement of changes in beneficial ownership of securities--.pdf--.rtf--.xlsView HTML",
    "link": "https://investors.solidbio.com/sec-filings/sec-filing//--",
    "timestamp": "unknown"
  },
  {
    "title": "--.pdf--.rtf--.xlsView HTML",
    "link": "https://investors.solidbio.com/static-files/8fdfe1b6-35cb--bf7f-6af8d84acc13",
    "timestamp": "unknown"
  },
  {
    "title": "--.pdf",
    "link": "https://investors.solidbio.com/static-files/8fdfe1b6-35cb--bf7f-6af8d84acc13",
    "timestamp": "unknown"
  },
  {
    "title": "--.rtf",
    "link": "https://investors.solidbio.com/static-files/ebb8bed1-ac0e-4e53-b8ee-71e8d7108f4f",
    "timestamp": "unknown"
  },
  {
    "title": "--.xls",
    "link": "https://investors.solidbio.com/static-files/429b9828-e5e9-405c-ad2b-894c9c77cbfb",
    "timestamp": "unknown"
  },
  {
    "title": "Aug ,Statement of changes in beneficial ownership of securities--.pdf--.rtf--.xlsView HTML",
    "link": "https://investors.solidbio.com/sec-filings/sec-filing//--",
    "timestamp": "unknown"
  },
  {
    "title": "--.pdf--.rtf--.xlsView HTML",
    "link": "https://investors.solidbio.com/static-files/81ccdcff-fdef-4e74-b1ce-4dceaa94c738",
    "timestamp": "unknown"
  },
  {
    "title": "--.pdf",
    "link": "https://investors.solidbio.com/static-files/81ccdcff-fdef-4e74-b1ce-4dceaa94c738",
    "timestamp": "unknown"
  },
  {
    "title": "--.rtf",
    "link": "https://investors.solidbio.com/static-files/e7dc391b--422c-8e0a-a7449c094a9f",
    "timestamp": "unknown"
  },
  {
    "title": "--.xls",
    "link": "https://investors.solidbio.com/static-files/4f35048e-8eca--abdf-e4864e8689bb",
    "timestamp": "unknown"
  },
  {
    "title": "Aug ,Statement of changes in beneficial ownership of securities--.pdf--.rtf--.xlsView HTML",
    "link": "https://investors.solidbio.com/sec-filings/sec-filing//--",
    "timestamp": "unknown"
  },
  {
    "title": "--.pdf--.rtf--.xlsView HTML",
    "link": "https://investors.solidbio.com/static-files/05f07315-b938-4bd7-bfe2-81aa1740c58f",
    "timestamp": "unknown"
  },
  {
    "title": "--.pdf",
    "link": "https://investors.solidbio.com/static-files/05f07315-b938-4bd7-bfe2-81aa1740c58f",
    "timestamp": "unknown"
  },
  {
    "title": "--.rtf",
    "link": "https://investors.solidbio.com/static-files/835f2ebe-9a9b-459a-b32c-6cea6bfd1d8f",
    "timestamp": "unknown"
  },
  {
    "title": "--.xls",
    "link": "https://investors.solidbio.com/static-files/d7421786-dbe1-4e54-8aaa-ff4190d2cd5d",
    "timestamp": "unknown"
  },
  {
    "title": "Aug ,Statement of changes in beneficial ownership of securities--.pdf--.rtf--.xlsView HTML",
    "link": "https://investors.solidbio.com/sec-filings/sec-filing//--",
    "timestamp": "unknown"
  },
  {
    "title": "--.pdf--.rtf--.xlsView HTML",
    "link": "https://investors.solidbio.com/static-files/d18677ac-d2ec-46f6-b890-bb16ebb2aba2",
    "timestamp": "unknown"
  },
  {
    "title": "--.pdf",
    "link": "https://investors.solidbio.com/static-files/d18677ac-d2ec-46f6-b890-bb16ebb2aba2",
    "timestamp": "unknown"
  },
  {
    "title": "--.rtf",
    "link": "https://investors.solidbio.com/static-files/39806a97-338b-4b20-8e37-01c8c934df65",
    "timestamp": "unknown"
  },
  {
    "title": "--.xls",
    "link": "https://investors.solidbio.com/static-files/c144ce4b-2dfa--925e-662287392c1b",
    "timestamp": "unknown"
  },
  {
    "title": "Aug ,Statement of changes in beneficial ownership of securities--.pdf--.rtf--.xlsView HTML",
    "link": "https://investors.solidbio.com/sec-filings/sec-filing//--",
    "timestamp": "unknown"
  },
  {
    "title": "--.pdf--.rtf--.xlsView HTML",
    "link": "https://investors.solidbio.com/static-files/5e870dce-c384-4a31-ae28-e6f3b51fe779",
    "timestamp": "unknown"
  },
  {
    "title": "--.pdf",
    "link": "https://investors.solidbio.com/static-files/5e870dce-c384-4a31-ae28-e6f3b51fe779",
    "timestamp": "unknown"
  },
  {
    "title": "--.rtf",
    "link": "https://investors.solidbio.com/static-files/51c8aac4-ffbd--9e25-f36d4e161c6a",
    "timestamp": "unknown"
  },
  {
    "title": "--.xls",
    "link": "https://investors.solidbio.com/static-files/218ebd12-c5b6--bb74-0bcfa81dbae1",
    "timestamp": "unknown"
  },
  {
    "title": "Aug ,Statement of changes in beneficial ownership of securities--.pdf--.rtf--.xlsView HTML",
    "link": "https://investors.solidbio.com/sec-filings/sec-filing//--",
    "timestamp": "unknown"
  },
  {
    "title": "--.pdf--.rtf--.xlsView HTML",
    "link": "https://investors.solidbio.com/static-files/-c240--a9ce-8bbcbe881946",
    "timestamp": "unknown"
  },
  {
    "title": "--.pdf",
    "link": "https://investors.solidbio.com/static-files/-c240--a9ce-8bbcbe881946",
    "timestamp": "unknown"
  },
  {
    "title": "--.rtf",
    "link": "https://investors.solidbio.com/static-files/ef422c7f-bfa2-433b-8b1f-d525ed5c368f",
    "timestamp": "unknown"
  },
  {
    "title": "--.xls",
    "link": "https://investors.solidbio.com/static-files/-b997-4c65-9aca-6a992924c1a8",
    "timestamp": "unknown"
  },
  {
    "title": "Aug ,Statement of changes in beneficial ownership of securities--.pdf--.rtf--.xlsView HTML",
    "link": "https://investors.solidbio.com/sec-filings/sec-filing//--",
    "timestamp": "unknown"
  },
  {
    "title": "--.pdf--.rtf--.xlsView HTML",
    "link": "https://investors.solidbio.com/static-files/0102cb8c-f4c1-4ace--610c26bf980f",
    "timestamp": "unknown"
  },
  {
    "title": "--.pdf",
    "link": "https://investors.solidbio.com/static-files/0102cb8c-f4c1-4ace--610c26bf980f",
    "timestamp": "unknown"
  },
  {
    "title": "--.rtf",
    "link": "https://investors.solidbio.com/static-files/ce9fecfb-bff7-4dda-95ee-7cda714e66b2",
    "timestamp": "unknown"
  },
  {
    "title": "--.xls",
    "link": "https://investors.solidbio.com/static-files/7d87e660-b9e2-4fd9-a7ef-704edddc3e17",
    "timestamp": "unknown"
  },
  {
    "title": "Aug ,SCHEDULE 13G/A - DescriptionSCHEDULE 13G/A--.pdf--.rtf--.xlsView HTML",
    "link": "https://investors.solidbio.com/sec-filings/sec-filing/schedule-13ga/--",
    "timestamp": "unknown"
  },
  {
    "title": "--.pdf--.rtf--.xlsView HTML",
    "link": "https://investors.solidbio.com/static-files/f89f9cdc-ff84-4ed9-ab33-a1a17fd24a9e",
    "timestamp": "unknown"
  },
  {
    "title": "--.pdf",
    "link": "https://investors.solidbio.com/static-files/f89f9cdc-ff84-4ed9-ab33-a1a17fd24a9e",
    "timestamp": "unknown"
  },
  {
    "title": "--.rtf",
    "link": "https://investors.solidbio.com/static-files/d1053f52-de42--bedf-d0438708cb74",
    "timestamp": "unknown"
  },
  {
    "title": "--.xls",
    "link": "https://investors.solidbio.com/static-files/7e04ae64-9eb8-4a40-bb5e-2913d6f890f8",
    "timestamp": "unknown"
  },
  {
    "title": "Aug ,SCHEDULE 13D/A - DescriptionSCHEDULE 13D/A--.pdf--.rtf--.xlsView HTML",
    "link": "https://investors.solidbio.com/sec-filings/sec-filing/schedule-13da/--",
    "timestamp": "unknown"
  },
  {
    "title": "--.pdf--.rtf--.xlsView HTML",
    "link": "https://investors.solidbio.com/static-files/2b495b92--4e5e-96c7-4297d88edbd5",
    "timestamp": "unknown"
  },
  {
    "title": "--.pdf",
    "link": "https://investors.solidbio.com/static-files/2b495b92--4e5e-96c7-4297d88edbd5",
    "timestamp": "unknown"
  },
  {
    "title": "--.rtf",
    "link": "https://investors.solidbio.com/static-files/333ca31b-342d-4f98-97e3-cf7f5eb06754",
    "timestamp": "unknown"
  },
  {
    "title": "--.xls",
    "link": "https://investors.solidbio.com/static-files/e3d16391-00f3-44f7-a579-439c9ff735a2",
    "timestamp": "unknown"
  },
  {
    "title": "PaginationCurrent pagePagePage\u2026Next page\u203aLast page\u00bb",
    "link": "https://investors.solidbio.com/financial-information/sec-filings?&field_nir_sec_cik_target_id=&field_nir_sec_date_filed_value=&&&items_per_page_toggle=&page=",
    "timestamp": "unknown"
  },
  {
    "title": "PaginationCurrent pagePagePage\u2026Next page\u203aLast page\u00bb",
    "link": "https://investors.solidbio.com/financial-information/sec-filings?&field_nir_sec_cik_target_id=&field_nir_sec_date_filed_value=&&&items_per_page_toggle=&page=",
    "timestamp": "unknown"
  },
  {
    "title": "Current page",
    "link": "https://investors.solidbio.com/financial-information/sec-filings?&field_nir_sec_cik_target_id=&field_nir_sec_date_filed_value=&&&items_per_page_toggle=&page=",
    "timestamp": "unknown"
  },
  {
    "title": "Page",
    "link": "https://investors.solidbio.com/financial-information/sec-filings?&field_nir_sec_cik_target_id=&field_nir_sec_date_filed_value=&&&items_per_page_toggle=&page=",
    "timestamp": "unknown"
  },
  {
    "title": "Page",
    "link": "https://investors.solidbio.com/financial-information/sec-filings?&field_nir_sec_cik_target_id=&field_nir_sec_date_filed_value=&&&items_per_page_toggle=&page=",
    "timestamp": "unknown"
  },
  {
    "title": "Next page\u203a",
    "link": "https://investors.solidbio.com/financial-information/sec-filings?&field_nir_sec_cik_target_id=&field_nir_sec_date_filed_value=&&&items_per_page_toggle=&page=",
    "timestamp": "unknown"
  },
  {
    "title": "Last page\u00bb",
    "link": "https://investors.solidbio.com/financial-information/sec-filings?&field_nir_sec_cik_target_id=&field_nir_sec_date_filed_value=&&&items_per_page_toggle=&page=",
    "timestamp": "unknown"
  },
  {
    "title": "Data provided byKaleidoscope.",
    "link": "https://www.kscope.io",
    "timestamp": "unknown"
  },
  {
    "title": "Data provided byKaleidoscope.",
    "link": "https://www.kscope.io",
    "timestamp": "unknown"
  },
  {
    "title": "Stay ConnectedJoin our team of experts to advance treatments for patientsLearn MoreContact UsPrivacy PolicyTerms & Conditions\u00a9  Solid Biosciences Inc.",
    "link": "https://www.linkedin.com/company/solid-biosciences",
    "timestamp": "unknown"
  },
  {
    "title": "Stay ConnectedJoin our team of experts to advance treatments for patientsLearn More",
    "link": "https://www.linkedin.com/company/solid-biosciences",
    "timestamp": "unknown"
  },
  {
    "title": "Stay Connected",
    "link": "https://www.linkedin.com/company/solid-biosciences",
    "timestamp": "unknown"
  },
  {
    "title": "Join our team of experts to advance treatments for patientsLearn More",
    "link": "https://www.solidbio.com/about/careers/open-positions",
    "timestamp": "unknown"
  },
  {
    "title": "Join our team of experts to advance treatments for patientsLearn More",
    "link": "https://www.solidbio.com/about/careers/open-positions",
    "timestamp": "unknown"
  },
  {
    "title": "Contact Us",
    "link": "https://www.solidbio.com/contact",
    "timestamp": "unknown"
  },
  {
    "title": "Privacy Policy",
    "link": "https://www.solidbio.com/privacy",
    "timestamp": "unknown"
  },
  {
    "title": "Terms & Conditions",
    "link": "https://www.solidbio.com/terms-conditions",
    "timestamp": "unknown"
  }
]