[
  {
    "title": "AboutOur SciencePatient & Caregiver ResourcesPartner With UsInvestors & MediaBackAboutMissionGuiding PrinciplesCollaborations & PartnershipsSolid Team",
    "link": "https://www.solidbio.com/",
    "timestamp": "unknown"
  },
  {
    "title": "AboutOur SciencePatient & Caregiver ResourcesPartner With UsInvestors & Media",
    "link": "https://www.solidbio.com/",
    "timestamp": "unknown"
  },
  {
    "title": "AboutOur SciencePatient & Caregiver ResourcesPartner With UsInvestors & Media",
    "link": "https://www.solidbio.com/partners/",
    "timestamp": "unknown"
  },
  {
    "title": "AboutOur SciencePatient & Caregiver ResourcesPartner With UsInvestors & Media",
    "link": "https://www.solidbio.com/partners/",
    "timestamp": "unknown"
  },
  {
    "title": "BackAboutMissionGuiding PrinciplesCollaborations & PartnershipsSolid TeamManagementBoard of DirectorsFoundersWorking at SolidCultureBenefitsOpen Posit",
    "link": "https://www.solidbio.com/about/mission/guiding-principles",
    "timestamp": "unknown"
  },
  {
    "title": "AboutMissionGuiding PrinciplesCollaborations & PartnershipsSolid TeamManagementBoard of DirectorsFoundersWorking at SolidCultureBenefitsOpen Positions",
    "link": "https://www.solidbio.com/about/mission/guiding-principles",
    "timestamp": "unknown"
  },
  {
    "title": "MissionGuiding PrinciplesCollaborations & PartnershipsSolid TeamManagementBoard of DirectorsFoundersWorking at SolidCultureBenefitsOpen Positions",
    "link": "https://www.solidbio.com/about/mission/guiding-principles",
    "timestamp": "unknown"
  },
  {
    "title": "MissionGuiding PrinciplesCollaborations & Partnerships",
    "link": "https://www.solidbio.com/about/mission/guiding-principles",
    "timestamp": "unknown"
  },
  {
    "title": "Guiding Principles",
    "link": "https://www.solidbio.com/about/mission/guiding-principles",
    "timestamp": "unknown"
  },
  {
    "title": "Collaborations & Partnerships",
    "link": "https://www.solidbio.com/about/mission/collaborations-partnerships",
    "timestamp": "unknown"
  },
  {
    "title": "Solid TeamManagementBoard of DirectorsFounders",
    "link": "https://www.solidbio.com/about/solid-team/management",
    "timestamp": "unknown"
  },
  {
    "title": "Management",
    "link": "https://www.solidbio.com/about/solid-team/management",
    "timestamp": "unknown"
  },
  {
    "title": "Board of Directors",
    "link": "https://www.solidbio.com/about/solid-team/board-of-directors",
    "timestamp": "unknown"
  },
  {
    "title": "Founders",
    "link": "https://www.solidbio.com/about/solid-team/founders",
    "timestamp": "unknown"
  },
  {
    "title": "Working at SolidCultureBenefitsOpen Positions",
    "link": "https://www.solidbio.com/about/working-at-solid/culture",
    "timestamp": "unknown"
  },
  {
    "title": "Culture",
    "link": "https://www.solidbio.com/about/working-at-solid/culture",
    "timestamp": "unknown"
  },
  {
    "title": "Benefits",
    "link": "https://www.solidbio.com/about/working-at-solid/benefits",
    "timestamp": "unknown"
  },
  {
    "title": "Open Positions",
    "link": "https://solidbio.com/about/working-at-solid/open-positions/",
    "timestamp": "unknown"
  },
  {
    "title": "Our SciencePipeline & ProgramsPipelineClinical TrialsScientific Publications & PresentationsInfrastructureManufacturing",
    "link": "https://www.solidbio.com/our-science/pipeline-programs/pipeline",
    "timestamp": "unknown"
  },
  {
    "title": "Pipeline & ProgramsPipelineClinical TrialsScientific Publications & PresentationsInfrastructureManufacturing",
    "link": "https://www.solidbio.com/our-science/pipeline-programs/pipeline",
    "timestamp": "unknown"
  },
  {
    "title": "Pipeline & ProgramsPipelineClinical TrialsScientific Publications & Presentations",
    "link": "https://www.solidbio.com/our-science/pipeline-programs/pipeline",
    "timestamp": "unknown"
  },
  {
    "title": "Pipeline",
    "link": "https://www.solidbio.com/our-science/pipeline-programs/pipeline",
    "timestamp": "unknown"
  },
  {
    "title": "Clinical Trials",
    "link": "https://www.solidbio.com/patient-caregiver-resources/resources-policies/clinical-trials/",
    "timestamp": "unknown"
  },
  {
    "title": "Scientific Publications & Presentations",
    "link": "https://www.solidbio.com/our-science/pipeline-programs/scientific-publications-presentations/",
    "timestamp": "unknown"
  },
  {
    "title": "InfrastructureManufacturing",
    "link": "https://www.solidbio.com/our-science/infrastructure/manufacturing",
    "timestamp": "unknown"
  },
  {
    "title": "Manufacturing",
    "link": "https://www.solidbio.com/our-science/infrastructure/manufacturing",
    "timestamp": "unknown"
  },
  {
    "title": "Patient & Caregiver ResourcesDuchenne Muscular DystrophyWhat is Duchenne?Why Gene Transfer?Duchenne Patient StoriesFriedreich\u2019s Ataxia ResourcesFriedr",
    "link": "https://www.solidbio.com/patient-caregiver-resources/dmd/what-is-dmd",
    "timestamp": "unknown"
  },
  {
    "title": "Duchenne Muscular DystrophyWhat is Duchenne?Why Gene Transfer?Duchenne Patient StoriesFriedreich\u2019s Ataxia ResourcesFriedreich\u2019s AtaxiaWhat is Frataxin",
    "link": "https://www.solidbio.com/patient-caregiver-resources/dmd/what-is-dmd",
    "timestamp": "unknown"
  },
  {
    "title": "Duchenne Muscular DystrophyWhat is Duchenne?Why Gene Transfer?Duchenne Patient Stories",
    "link": "https://www.solidbio.com/patient-caregiver-resources/dmd/what-is-dmd",
    "timestamp": "unknown"
  },
  {
    "title": "What is Duchenne?",
    "link": "https://www.solidbio.com/patient-caregiver-resources/dmd/what-is-dmd",
    "timestamp": "unknown"
  },
  {
    "title": "Why Gene Transfer?",
    "link": "https://www.solidbio.com/patient-caregiver-resources/dmd/why-gene-transfer",
    "timestamp": "unknown"
  },
  {
    "title": "Duchenne Patient Stories",
    "link": "https://www.solidbio.com/education/dmd/duchenne-patient-stories/patient-stories-overview-page",
    "timestamp": "unknown"
  },
  {
    "title": "Friedreich\u2019s Ataxia ResourcesFriedreich\u2019s AtaxiaWhat is Frataxin?For Patients",
    "link": "https://www.solidbio.com/patient-caregiver-resources/fa-resources/friedreichs-ataxia",
    "timestamp": "unknown"
  },
  {
    "title": "Friedreich\u2019s Ataxia",
    "link": "https://www.solidbio.com/patient-caregiver-resources/fa-resources/friedreichs-ataxia",
    "timestamp": "unknown"
  },
  {
    "title": "What is Frataxin?",
    "link": "https://www.solidbio.com/patient-caregiver-resources/fa-resources/what-is-frataxin",
    "timestamp": "unknown"
  },
  {
    "title": "For Patients",
    "link": "https://www.solidbio.com/patient-caregiver-resources/fa-resources/for-patients",
    "timestamp": "unknown"
  },
  {
    "title": "CPVTWhat is CPVT?Patient Stories",
    "link": "https://www.solidbio.com/patient-caregiver-resources/cpvt/what-is-cpvt/",
    "timestamp": "unknown"
  },
  {
    "title": "What is CPVT?",
    "link": "https://www.solidbio.com/patient-caregiver-resources/cpvt/what-is-cpvt/",
    "timestamp": "unknown"
  },
  {
    "title": "Patient Stories",
    "link": "https://www.solidbio.com/patient-caregiver-resources/cpvt/cpvt-patient-stories/",
    "timestamp": "unknown"
  },
  {
    "title": "Strength in CommunityEngaging the CommunityCharity PartnersInsights & News",
    "link": "https://www.solidbio.com/patient-caregiver-resources/strength-in-community/how-we-interact-with-patients",
    "timestamp": "unknown"
  },
  {
    "title": "Engaging the Community",
    "link": "https://www.solidbio.com/patient-caregiver-resources/strength-in-community/how-we-interact-with-patients",
    "timestamp": "unknown"
  },
  {
    "title": "Charity Partners",
    "link": "https://www.solidbio.com/patient-caregiver-resources/strength-in-community/charity-partners",
    "timestamp": "unknown"
  },
  {
    "title": "Insights & News",
    "link": "https://www.solidbio.com/patient-caregiver-resources/strength-in-community/insights-news",
    "timestamp": "unknown"
  },
  {
    "title": "Resources & PoliciesExpanded Access PolicyClinical Trials",
    "link": "https://www.solidbio.com/patient-caregiver-resources/resources-policies/expanded-access-policy",
    "timestamp": "unknown"
  },
  {
    "title": "Expanded Access Policy",
    "link": "https://www.solidbio.com/patient-caregiver-resources/resources-policies/expanded-access-policy",
    "timestamp": "unknown"
  },
  {
    "title": "Clinical Trials",
    "link": "https://www.solidbio.com/patient-caregiver-resources/resources-policies/clinical-trials",
    "timestamp": "unknown"
  },
  {
    "title": "Investors & MediaOverview & NewsOverviewPress ReleasesPresentationsEventsGovernance & FinancialsGovernance DocumentsCommittee ChartersCommittee Compos",
    "link": "https://investors.solidbio.com/investor-relations",
    "timestamp": "unknown"
  },
  {
    "title": "Overview & NewsOverviewPress ReleasesPresentationsEventsGovernance & FinancialsGovernance DocumentsCommittee ChartersCommittee CompositionSEC FilingsS",
    "link": "https://investors.solidbio.com/investor-relations",
    "timestamp": "unknown"
  },
  {
    "title": "Overview & NewsOverviewPress ReleasesPresentationsEvents",
    "link": "https://investors.solidbio.com/investor-relations",
    "timestamp": "unknown"
  },
  {
    "title": "Overview",
    "link": "https://investors.solidbio.com/investor-relations",
    "timestamp": "unknown"
  },
  {
    "title": "Press Releases",
    "link": "https://investors.solidbio.com/news-and-events/press-releases",
    "timestamp": "unknown"
  },
  {
    "title": "Presentations",
    "link": "https://investors.solidbio.com/news-and-events/presentations",
    "timestamp": "unknown"
  },
  {
    "title": "Events",
    "link": "https://investors.solidbio.com/news-and-events/events",
    "timestamp": "unknown"
  },
  {
    "title": "Governance & FinancialsGovernance DocumentsCommittee ChartersCommittee CompositionSEC Filings",
    "link": "https://investors.solidbio.com/governance/governance-documents",
    "timestamp": "unknown"
  },
  {
    "title": "Governance Documents",
    "link": "https://investors.solidbio.com/governance/governance-documents",
    "timestamp": "unknown"
  },
  {
    "title": "Committee Charters",
    "link": "https://investors.solidbio.com/governance/committee-charters",
    "timestamp": "unknown"
  },
  {
    "title": "Committee Composition",
    "link": "https://investors.solidbio.com/governance/committee-composition",
    "timestamp": "unknown"
  },
  {
    "title": "SEC Filings",
    "link": "https://investors.solidbio.com/financial-information/sec-filings",
    "timestamp": "unknown"
  },
  {
    "title": "Stock InformationStock Quote ChartHistorical Price LookupAnalyst Coverage",
    "link": "https://investors.solidbio.com/stock-information/stock-quote-chart",
    "timestamp": "unknown"
  },
  {
    "title": "Stock Quote Chart",
    "link": "https://investors.solidbio.com/stock-information/stock-quote-chart",
    "timestamp": "unknown"
  },
  {
    "title": "Historical Price Lookup",
    "link": "https://investors.solidbio.com/stock-information/historical-price-lookup",
    "timestamp": "unknown"
  },
  {
    "title": "Analyst Coverage",
    "link": "https://investors.solidbio.com/stock-information/analyst-coverage",
    "timestamp": "unknown"
  },
  {
    "title": "Investor ResourcesInvestor FAQsContact Solid BiosciencesEmail Alerts",
    "link": "https://investors.solidbio.com/investor-resources/investor-faqs",
    "timestamp": "unknown"
  },
  {
    "title": "Investor FAQs",
    "link": "https://investors.solidbio.com/investor-resources/investor-faqs",
    "timestamp": "unknown"
  },
  {
    "title": "Contact Solid Biosciences",
    "link": "https://investors.solidbio.com/investor-resources/contact-solid-biosciences",
    "timestamp": "unknown"
  },
  {
    "title": "Email Alerts",
    "link": "https://investors.solidbio.com/investor-resources/email-alerts",
    "timestamp": "unknown"
  },
  {
    "title": "Upcoming EventsFebESTGuggenheim Emerging Outlook: Biotech SummitClick here for webcastPast EventsJanPST44th Annual J.P. Morgan Healthcare ConferenceCl",
    "link": "https://event.summitcast.com/view/kbtj9ZAiVkB78KPZiu5dZ9/guest_book?session_id=HdfEb9rJa5bfUVnskvCVKg",
    "timestamp": "unknown"
  },
  {
    "title": "Upcoming EventsFebESTGuggenheim Emerging Outlook: Biotech SummitClick here for webcastPast EventsJanPST44th Annual J.P. Morgan Healthcare ConferenceCl",
    "link": "https://event.summitcast.com/view/kbtj9ZAiVkB78KPZiu5dZ9/guest_book?session_id=HdfEb9rJa5bfUVnskvCVKg",
    "timestamp": "unknown"
  },
  {
    "title": "Upcoming EventsFebESTGuggenheim Emerging Outlook: Biotech SummitClick here for webcastPast EventsJanPST44th Annual J.P. Morgan Healthcare ConferenceCl",
    "link": "https://event.summitcast.com/view/kbtj9ZAiVkB78KPZiu5dZ9/guest_book?session_id=HdfEb9rJa5bfUVnskvCVKg",
    "timestamp": "unknown"
  },
  {
    "title": "Upcoming EventsFebESTGuggenheim Emerging Outlook: Biotech SummitClick here for webcastPast EventsJanPST44th Annual J.P. Morgan Healthcare ConferenceCl",
    "link": "https://event.summitcast.com/view/kbtj9ZAiVkB78KPZiu5dZ9/guest_book?session_id=HdfEb9rJa5bfUVnskvCVKg",
    "timestamp": "unknown"
  },
  {
    "title": "Upcoming EventsFebESTGuggenheim Emerging Outlook: Biotech SummitClick here for webcastPast EventsJanPST44th Annual J.P. Morgan Healthcare ConferenceCl",
    "link": "https://event.summitcast.com/view/kbtj9ZAiVkB78KPZiu5dZ9/guest_book?session_id=HdfEb9rJa5bfUVnskvCVKg",
    "timestamp": "unknown"
  },
  {
    "title": "Upcoming EventsFebESTGuggenheim Emerging Outlook: Biotech SummitClick here for webcastPast EventsJanPST44th Annual J.P. Morgan Healthcare ConferenceCl",
    "link": "https://event.summitcast.com/view/kbtj9ZAiVkB78KPZiu5dZ9/guest_book?session_id=HdfEb9rJa5bfUVnskvCVKg",
    "timestamp": "unknown"
  },
  {
    "title": "Upcoming EventsFebESTGuggenheim Emerging Outlook: Biotech SummitClick here for webcastPast EventsJanPST44th Annual J.P. Morgan Healthcare ConferenceCl",
    "link": "https://event.summitcast.com/view/kbtj9ZAiVkB78KPZiu5dZ9/guest_book?session_id=HdfEb9rJa5bfUVnskvCVKg",
    "timestamp": "unknown"
  },
  {
    "title": "Upcoming EventsFebESTGuggenheim Emerging Outlook: Biotech SummitClick here for webcastPast EventsJanPST44th Annual J.P. Morgan Healthcare ConferenceCl",
    "link": "https://event.summitcast.com/view/kbtj9ZAiVkB78KPZiu5dZ9/guest_book?session_id=HdfEb9rJa5bfUVnskvCVKg",
    "timestamp": "unknown"
  },
  {
    "title": "Upcoming EventsFebESTGuggenheim Emerging Outlook: Biotech SummitClick here for webcastPast EventsJanPST44th Annual J.P. Morgan Healthcare ConferenceCl",
    "link": "https://event.summitcast.com/view/kbtj9ZAiVkB78KPZiu5dZ9/guest_book?session_id=HdfEb9rJa5bfUVnskvCVKg",
    "timestamp": "unknown"
  },
  {
    "title": "Upcoming EventsFebESTGuggenheim Emerging Outlook: Biotech SummitClick here for webcastPast EventsJanPST44th Annual J.P. Morgan Healthcare ConferenceCl",
    "link": "https://event.summitcast.com/view/kbtj9ZAiVkB78KPZiu5dZ9/guest_book?session_id=HdfEb9rJa5bfUVnskvCVKg",
    "timestamp": "unknown"
  },
  {
    "title": "Upcoming EventsFebESTGuggenheim Emerging Outlook: Biotech SummitClick here for webcastPast EventsJanPST44th Annual J.P. Morgan Healthcare ConferenceCl",
    "link": "https://event.summitcast.com/view/kbtj9ZAiVkB78KPZiu5dZ9/guest_book?session_id=HdfEb9rJa5bfUVnskvCVKg",
    "timestamp": "unknown"
  },
  {
    "title": "Upcoming EventsFebESTGuggenheim Emerging Outlook: Biotech SummitClick here for webcastPast EventsJanPST44th Annual J.P. Morgan Healthcare ConferenceCl",
    "link": "https://event.summitcast.com/view/kbtj9ZAiVkB78KPZiu5dZ9/guest_book?session_id=HdfEb9rJa5bfUVnskvCVKg",
    "timestamp": "unknown"
  },
  {
    "title": "Upcoming EventsFebESTGuggenheim Emerging Outlook: Biotech SummitClick here for webcastPast EventsJanPST44th Annual J.P. Morgan Healthcare ConferenceCl",
    "link": "https://event.summitcast.com/view/kbtj9ZAiVkB78KPZiu5dZ9/guest_book?session_id=HdfEb9rJa5bfUVnskvCVKg",
    "timestamp": "unknown"
  },
  {
    "title": "Upcoming EventsFebESTGuggenheim Emerging Outlook: Biotech SummitClick here for webcastPast EventsJanPST44th Annual J.P. Morgan Healthcare ConferenceCl",
    "link": "https://event.summitcast.com/view/kbtj9ZAiVkB78KPZiu5dZ9/guest_book?session_id=HdfEb9rJa5bfUVnskvCVKg",
    "timestamp": "unknown"
  },
  {
    "title": "Upcoming EventsFebESTGuggenheim Emerging Outlook: Biotech SummitClick here for webcastPast EventsJanPST44th Annual J.P. Morgan Healthcare ConferenceCl",
    "link": "https://event.summitcast.com/view/kbtj9ZAiVkB78KPZiu5dZ9/guest_book?session_id=HdfEb9rJa5bfUVnskvCVKg",
    "timestamp": "unknown"
  },
  {
    "title": "Upcoming EventsFebESTGuggenheim Emerging Outlook: Biotech SummitClick here for webcast",
    "link": "https://event.summitcast.com/view/kbtj9ZAiVkB78KPZiu5dZ9/guest_book?session_id=HdfEb9rJa5bfUVnskvCVKg",
    "timestamp": "unknown"
  },
  {
    "title": "Upcoming EventsFebESTGuggenheim Emerging Outlook: Biotech SummitClick here for webcast",
    "link": "https://event.summitcast.com/view/kbtj9ZAiVkB78KPZiu5dZ9/guest_book?session_id=HdfEb9rJa5bfUVnskvCVKg",
    "timestamp": "unknown"
  },
  {
    "title": "Upcoming EventsFebESTGuggenheim Emerging Outlook: Biotech SummitClick here for webcast",
    "link": "https://event.summitcast.com/view/kbtj9ZAiVkB78KPZiu5dZ9/guest_book?session_id=HdfEb9rJa5bfUVnskvCVKg",
    "timestamp": "unknown"
  },
  {
    "title": "Upcoming EventsFebESTGuggenheim Emerging Outlook: Biotech SummitClick here for webcast",
    "link": "https://event.summitcast.com/view/kbtj9ZAiVkB78KPZiu5dZ9/guest_book?session_id=HdfEb9rJa5bfUVnskvCVKg",
    "timestamp": "unknown"
  },
  {
    "title": "FebESTGuggenheim Emerging Outlook: Biotech SummitClick here for webcast",
    "link": "https://event.summitcast.com/view/kbtj9ZAiVkB78KPZiu5dZ9/guest_book?session_id=HdfEb9rJa5bfUVnskvCVKg",
    "timestamp": "unknown"
  },
  {
    "title": "FebESTGuggenheim Emerging Outlook: Biotech SummitClick here for webcast",
    "link": "https://event.summitcast.com/view/kbtj9ZAiVkB78KPZiu5dZ9/guest_book?session_id=HdfEb9rJa5bfUVnskvCVKg",
    "timestamp": "unknown"
  },
  {
    "title": "FebESTGuggenheim Emerging Outlook: Biotech SummitClick here for webcast",
    "link": "https://event.summitcast.com/view/kbtj9ZAiVkB78KPZiu5dZ9/guest_book?session_id=HdfEb9rJa5bfUVnskvCVKg",
    "timestamp": "unknown"
  },
  {
    "title": "Guggenheim Emerging Outlook: Biotech SummitClick here for webcast",
    "link": "https://event.summitcast.com/view/kbtj9ZAiVkB78KPZiu5dZ9/guest_book?session_id=HdfEb9rJa5bfUVnskvCVKg",
    "timestamp": "unknown"
  },
  {
    "title": "Click here for webcast",
    "link": "https://event.summitcast.com/view/kbtj9ZAiVkB78KPZiu5dZ9/guest_book?session_id=HdfEb9rJa5bfUVnskvCVKg",
    "timestamp": "unknown"
  },
  {
    "title": "Click here for webcast",
    "link": "https://event.summitcast.com/view/kbtj9ZAiVkB78KPZiu5dZ9/guest_book?session_id=HdfEb9rJa5bfUVnskvCVKg",
    "timestamp": "unknown"
  },
  {
    "title": "Click here for webcast",
    "link": "https://event.summitcast.com/view/kbtj9ZAiVkB78KPZiu5dZ9/guest_book?session_id=HdfEb9rJa5bfUVnskvCVKg",
    "timestamp": "unknown"
  },
  {
    "title": "Past EventsJanPST44th Annual J.P. Morgan Healthcare ConferenceClick here for webcastDecESTPiper Sandler 37th Annual Healthcare ConferenceClick here fo",
    "link": "https://investors.solidbio.com/events/event-details/44th-annual-jp-morgan-healthcare-conference",
    "timestamp": "unknown"
  },
  {
    "title": "Past EventsJanPST44th Annual J.P. Morgan Healthcare ConferenceClick here for webcastDecESTPiper Sandler 37th Annual Healthcare ConferenceClick here fo",
    "link": "https://investors.solidbio.com/events/event-details/44th-annual-jp-morgan-healthcare-conference",
    "timestamp": "unknown"
  },
  {
    "title": "Past EventsJanPST44th Annual J.P. Morgan Healthcare ConferenceClick here for webcastDecESTPiper Sandler 37th Annual Healthcare ConferenceClick here fo",
    "link": "https://investors.solidbio.com/events/event-details/44th-annual-jp-morgan-healthcare-conference",
    "timestamp": "unknown"
  },
  {
    "title": "Past EventsJanPST44th Annual J.P. Morgan Healthcare ConferenceClick here for webcastDecESTPiper Sandler 37th Annual Healthcare ConferenceClick here fo",
    "link": "https://investors.solidbio.com/events/event-details/44th-annual-jp-morgan-healthcare-conference",
    "timestamp": "unknown"
  },
  {
    "title": "JanPST44th Annual J.P. Morgan Healthcare ConferenceClick here for webcastDecESTPiper Sandler 37th Annual Healthcare ConferenceClick here for webcastNo",
    "link": "https://investors.solidbio.com/events/event-details/44th-annual-jp-morgan-healthcare-conference",
    "timestamp": "unknown"
  },
  {
    "title": "JanPST44th Annual J.P. Morgan Healthcare ConferenceClick here for webcastDecESTPiper Sandler 37th Annual Healthcare ConferenceClick here for webcastNo",
    "link": "https://investors.solidbio.com/events/event-details/44th-annual-jp-morgan-healthcare-conference",
    "timestamp": "unknown"
  },
  {
    "title": "JanPST44th Annual J.P. Morgan Healthcare ConferenceClick here for webcast",
    "link": "https://investors.solidbio.com/events/event-details/44th-annual-jp-morgan-healthcare-conference",
    "timestamp": "unknown"
  },
  {
    "title": "44th Annual J.P. Morgan Healthcare ConferenceClick here for webcast",
    "link": "https://investors.solidbio.com/events/event-details/44th-annual-jp-morgan-healthcare-conference",
    "timestamp": "unknown"
  },
  {
    "title": "44th Annual J.P. Morgan Healthcare Conference",
    "link": "https://investors.solidbio.com/events/event-details/44th-annual-jp-morgan-healthcare-conference",
    "timestamp": "unknown"
  },
  {
    "title": "44th Annual J.P. Morgan Healthcare Conference",
    "link": "https://investors.solidbio.com/events/event-details/44th-annual-jp-morgan-healthcare-conference",
    "timestamp": "unknown"
  },
  {
    "title": "44th Annual J.P. Morgan Healthcare Conference",
    "link": "https://investors.solidbio.com/events/event-details/44th-annual-jp-morgan-healthcare-conference",
    "timestamp": "unknown"
  },
  {
    "title": "Click here for webcast",
    "link": "https://jpmorgan.metameetings.net/events/healthcare26/sessions/-solid-biosciences-inc/webcast?gpu_only=true&kiosk=true",
    "timestamp": "unknown"
  },
  {
    "title": "Click here for webcast",
    "link": "https://jpmorgan.metameetings.net/events/healthcare26/sessions/-solid-biosciences-inc/webcast?gpu_only=true&kiosk=true",
    "timestamp": "unknown"
  },
  {
    "title": "Click here for webcast",
    "link": "https://jpmorgan.metameetings.net/events/healthcare26/sessions/-solid-biosciences-inc/webcast?gpu_only=true&kiosk=true",
    "timestamp": "unknown"
  },
  {
    "title": "DecESTPiper Sandler 37th Annual Healthcare ConferenceClick here for webcast",
    "link": "https://investors.solidbio.com/events/event-details/piper-sandler-37th-annual-healthcare-conference",
    "timestamp": "unknown"
  },
  {
    "title": "Piper Sandler 37th Annual Healthcare ConferenceClick here for webcast",
    "link": "https://investors.solidbio.com/events/event-details/piper-sandler-37th-annual-healthcare-conference",
    "timestamp": "unknown"
  },
  {
    "title": "Piper Sandler 37th Annual Healthcare Conference",
    "link": "https://investors.solidbio.com/events/event-details/piper-sandler-37th-annual-healthcare-conference",
    "timestamp": "unknown"
  },
  {
    "title": "Piper Sandler 37th Annual Healthcare Conference",
    "link": "https://investors.solidbio.com/events/event-details/piper-sandler-37th-annual-healthcare-conference",
    "timestamp": "unknown"
  },
  {
    "title": "Piper Sandler 37th Annual Healthcare Conference",
    "link": "https://investors.solidbio.com/events/event-details/piper-sandler-37th-annual-healthcare-conference",
    "timestamp": "unknown"
  },
  {
    "title": "Click here for webcast",
    "link": "https://event.webcasts.com/starthere.jsp?ei=&tp_key=7dfcea6b13",
    "timestamp": "unknown"
  },
  {
    "title": "Click here for webcast",
    "link": "https://event.webcasts.com/starthere.jsp?ei=&tp_key=7dfcea6b13",
    "timestamp": "unknown"
  },
  {
    "title": "Click here for webcast",
    "link": "https://event.webcasts.com/starthere.jsp?ei=&tp_key=7dfcea6b13",
    "timestamp": "unknown"
  },
  {
    "title": "NovESTJefferies Global Healthcare Conference in LondonClick here for webcast",
    "link": "https://investors.solidbio.com/events/event-details/jefferies-global-healthcare-conference-london",
    "timestamp": "unknown"
  },
  {
    "title": "Jefferies Global Healthcare Conference in LondonClick here for webcast",
    "link": "https://investors.solidbio.com/events/event-details/jefferies-global-healthcare-conference-london",
    "timestamp": "unknown"
  },
  {
    "title": "Jefferies Global Healthcare Conference in London",
    "link": "https://investors.solidbio.com/events/event-details/jefferies-global-healthcare-conference-london",
    "timestamp": "unknown"
  },
  {
    "title": "Jefferies Global Healthcare Conference in London",
    "link": "https://investors.solidbio.com/events/event-details/jefferies-global-healthcare-conference-london",
    "timestamp": "unknown"
  },
  {
    "title": "Jefferies Global Healthcare Conference in London",
    "link": "https://investors.solidbio.com/events/event-details/jefferies-global-healthcare-conference-london",
    "timestamp": "unknown"
  },
  {
    "title": "Click here for webcast",
    "link": "https://wsw.com/webcast/jeff332/register.aspx?conf=jeff332&page=sldb&url=https%3A//wsw.com/webcast/jeff332/sldb/",
    "timestamp": "unknown"
  },
  {
    "title": "Click here for webcast",
    "link": "https://wsw.com/webcast/jeff332/register.aspx?conf=jeff332&page=sldb&url=https%3A//wsw.com/webcast/jeff332/sldb/",
    "timestamp": "unknown"
  },
  {
    "title": "Click here for webcast",
    "link": "https://wsw.com/webcast/jeff332/register.aspx?conf=jeff332&page=sldb&url=https%3A//wsw.com/webcast/jeff332/sldb/",
    "timestamp": "unknown"
  },
  {
    "title": "SepEDTBaird Global Healthcare ConferenceClick here for webcast",
    "link": "https://investors.solidbio.com/events/event-details/-baird-global-healthcare-conference",
    "timestamp": "unknown"
  },
  {
    "title": "Baird Global Healthcare ConferenceClick here for webcast",
    "link": "https://investors.solidbio.com/events/event-details/-baird-global-healthcare-conference",
    "timestamp": "unknown"
  },
  {
    "title": "Baird Global Healthcare Conference",
    "link": "https://investors.solidbio.com/events/event-details/-baird-global-healthcare-conference",
    "timestamp": "unknown"
  },
  {
    "title": "Baird Global Healthcare Conference",
    "link": "https://investors.solidbio.com/events/event-details/-baird-global-healthcare-conference",
    "timestamp": "unknown"
  },
  {
    "title": "Baird Global Healthcare Conference",
    "link": "https://investors.solidbio.com/events/event-details/-baird-global-healthcare-conference",
    "timestamp": "unknown"
  },
  {
    "title": "Click here for webcast",
    "link": "https://wsw.com/webcast/baird80/register.aspx?conf=baird80&page=sldb&url=https%3A//wsw.com/webcast/baird80/sldb/",
    "timestamp": "unknown"
  },
  {
    "title": "Click here for webcast",
    "link": "https://wsw.com/webcast/baird80/register.aspx?conf=baird80&page=sldb&url=https%3A//wsw.com/webcast/baird80/sldb/",
    "timestamp": "unknown"
  },
  {
    "title": "Click here for webcast",
    "link": "https://wsw.com/webcast/baird80/register.aspx?conf=baird80&page=sldb&url=https%3A//wsw.com/webcast/baird80/sldb/",
    "timestamp": "unknown"
  },
  {
    "title": "SepEDTH.C. Wainwright 27th Annual Global Investment ConferenceClick here for webcast",
    "link": "https://investors.solidbio.com/events/event-details/hc-wainwright-27th-annual-global-investment-conference",
    "timestamp": "unknown"
  },
  {
    "title": "H.C. Wainwright 27th Annual Global Investment ConferenceClick here for webcast",
    "link": "https://investors.solidbio.com/events/event-details/hc-wainwright-27th-annual-global-investment-conference",
    "timestamp": "unknown"
  },
  {
    "title": "H.C. Wainwright 27th Annual Global Investment Conference",
    "link": "https://investors.solidbio.com/events/event-details/hc-wainwright-27th-annual-global-investment-conference",
    "timestamp": "unknown"
  },
  {
    "title": "H.C. Wainwright 27th Annual Global Investment Conference",
    "link": "https://investors.solidbio.com/events/event-details/hc-wainwright-27th-annual-global-investment-conference",
    "timestamp": "unknown"
  },
  {
    "title": "H.C. Wainwright 27th Annual Global Investment Conference",
    "link": "https://investors.solidbio.com/events/event-details/hc-wainwright-27th-annual-global-investment-conference",
    "timestamp": "unknown"
  },
  {
    "title": "Click here for webcast",
    "link": "https://journey.ct.events/view/268f97fe-810e--ba25-9d18fac6bc25",
    "timestamp": "unknown"
  },
  {
    "title": "Click here for webcast",
    "link": "https://journey.ct.events/view/268f97fe-810e--ba25-9d18fac6bc25",
    "timestamp": "unknown"
  },
  {
    "title": "Click here for webcast",
    "link": "https://journey.ct.events/view/268f97fe-810e--ba25-9d18fac6bc25",
    "timestamp": "unknown"
  },
  {
    "title": "SepEDTCantor Global Healthcare ConferenceClick here for webcast",
    "link": "https://investors.solidbio.com/events/event-details/cantor-global-healthcare-conference-",
    "timestamp": "unknown"
  },
  {
    "title": "Cantor Global Healthcare ConferenceClick here for webcast",
    "link": "https://investors.solidbio.com/events/event-details/cantor-global-healthcare-conference-",
    "timestamp": "unknown"
  },
  {
    "title": "Cantor Global Healthcare Conference",
    "link": "https://investors.solidbio.com/events/event-details/cantor-global-healthcare-conference-",
    "timestamp": "unknown"
  },
  {
    "title": "Cantor Global Healthcare Conference",
    "link": "https://investors.solidbio.com/events/event-details/cantor-global-healthcare-conference-",
    "timestamp": "unknown"
  },
  {
    "title": "Cantor Global Healthcare Conference",
    "link": "https://investors.solidbio.com/events/event-details/cantor-global-healthcare-conference-",
    "timestamp": "unknown"
  },
  {
    "title": "Click here for webcast",
    "link": "https://sqps.onstreamsecure.com/origin/enliven/players/EnlivenPlayer.html?customerId=&eventId=&checkCompany=&checkEmail=&checkName=",
    "timestamp": "unknown"
  },
  {
    "title": "Click here for webcast",
    "link": "https://sqps.onstreamsecure.com/origin/enliven/players/EnlivenPlayer.html?customerId=&eventId=&checkCompany=&checkEmail=&checkName=",
    "timestamp": "unknown"
  },
  {
    "title": "Click here for webcast",
    "link": "https://sqps.onstreamsecure.com/origin/enliven/players/EnlivenPlayer.html?customerId=&eventId=&checkCompany=&checkEmail=&checkName=",
    "timestamp": "unknown"
  },
  {
    "title": "SepEDTCiti Biopharma Back to School ConferenceClick here for webcast",
    "link": "https://investors.solidbio.com/events/event-details/-citi-biopharma-back-school-conference",
    "timestamp": "unknown"
  },
  {
    "title": "Citi Biopharma Back to School ConferenceClick here for webcast",
    "link": "https://investors.solidbio.com/events/event-details/-citi-biopharma-back-school-conference",
    "timestamp": "unknown"
  },
  {
    "title": "Citi Biopharma Back to School Conference",
    "link": "https://investors.solidbio.com/events/event-details/-citi-biopharma-back-school-conference",
    "timestamp": "unknown"
  },
  {
    "title": "Citi Biopharma Back to School Conference",
    "link": "https://investors.solidbio.com/events/event-details/-citi-biopharma-back-school-conference",
    "timestamp": "unknown"
  },
  {
    "title": "Citi Biopharma Back to School Conference",
    "link": "https://investors.solidbio.com/events/event-details/-citi-biopharma-back-school-conference",
    "timestamp": "unknown"
  },
  {
    "title": "Click here for webcast",
    "link": "https://kvgo.com/-biopharma-back-to-school-conference/solid-biosciences-sep-",
    "timestamp": "unknown"
  },
  {
    "title": "Click here for webcast",
    "link": "https://kvgo.com/-biopharma-back-to-school-conference/solid-biosciences-sep-",
    "timestamp": "unknown"
  },
  {
    "title": "Click here for webcast",
    "link": "https://kvgo.com/-biopharma-back-to-school-conference/solid-biosciences-sep-",
    "timestamp": "unknown"
  },
  {
    "title": "JunEDTJefferies Global Healthcare ConferenceClick here for webcast",
    "link": "https://investors.solidbio.com/events/event-details/jefferies-global-healthcare-conference",
    "timestamp": "unknown"
  },
  {
    "title": "Jefferies Global Healthcare ConferenceClick here for webcast",
    "link": "https://investors.solidbio.com/events/event-details/jefferies-global-healthcare-conference",
    "timestamp": "unknown"
  },
  {
    "title": "Jefferies Global Healthcare Conference",
    "link": "https://investors.solidbio.com/events/event-details/jefferies-global-healthcare-conference",
    "timestamp": "unknown"
  },
  {
    "title": "Jefferies Global Healthcare Conference",
    "link": "https://investors.solidbio.com/events/event-details/jefferies-global-healthcare-conference",
    "timestamp": "unknown"
  },
  {
    "title": "Jefferies Global Healthcare Conference",
    "link": "https://investors.solidbio.com/events/event-details/jefferies-global-healthcare-conference",
    "timestamp": "unknown"
  },
  {
    "title": "Click here for webcast",
    "link": "https://wsw.com/webcast/jeff319/sldb/",
    "timestamp": "unknown"
  },
  {
    "title": "Click here for webcast",
    "link": "https://wsw.com/webcast/jeff319/sldb/",
    "timestamp": "unknown"
  },
  {
    "title": "Click here for webcast",
    "link": "https://wsw.com/webcast/jeff319/sldb/",
    "timestamp": "unknown"
  },
  {
    "title": "MayEDTThe Citizens Life Sciences ConferenceClick here for webcast",
    "link": "https://investors.solidbio.com/events/event-details/citizens-life-sciences-conference",
    "timestamp": "unknown"
  },
  {
    "title": "The Citizens Life Sciences ConferenceClick here for webcast",
    "link": "https://investors.solidbio.com/events/event-details/citizens-life-sciences-conference",
    "timestamp": "unknown"
  },
  {
    "title": "The Citizens Life Sciences Conference",
    "link": "https://investors.solidbio.com/events/event-details/citizens-life-sciences-conference",
    "timestamp": "unknown"
  },
  {
    "title": "The Citizens Life Sciences Conference",
    "link": "https://investors.solidbio.com/events/event-details/citizens-life-sciences-conference",
    "timestamp": "unknown"
  },
  {
    "title": "The Citizens Life Sciences Conference",
    "link": "https://investors.solidbio.com/events/event-details/citizens-life-sciences-conference",
    "timestamp": "unknown"
  },
  {
    "title": "Click here for webcast",
    "link": "https://wsw.com/webcast/jmp65/sldb/",
    "timestamp": "unknown"
  },
  {
    "title": "Click here for webcast",
    "link": "https://wsw.com/webcast/jmp65/sldb/",
    "timestamp": "unknown"
  },
  {
    "title": "Click here for webcast",
    "link": "https://wsw.com/webcast/jmp65/sldb/",
    "timestamp": "unknown"
  },
  {
    "title": "AprEDT24th Annual Needham Virtual Healthcare ConferenceClick here for webcastSupporting MaterialsSolid Biosciences Needham Virtual Healthcare Conferen",
    "link": "https://investors.solidbio.com/events/event-details/24th-annual-needham-virtual-healthcare-conference",
    "timestamp": "unknown"
  },
  {
    "title": "24th Annual Needham Virtual Healthcare ConferenceClick here for webcastSupporting MaterialsSolid Biosciences Needham Virtual Healthcare Conference Pre",
    "link": "https://investors.solidbio.com/events/event-details/24th-annual-needham-virtual-healthcare-conference",
    "timestamp": "unknown"
  },
  {
    "title": "24th Annual Needham Virtual Healthcare Conference",
    "link": "https://investors.solidbio.com/events/event-details/24th-annual-needham-virtual-healthcare-conference",
    "timestamp": "unknown"
  },
  {
    "title": "24th Annual Needham Virtual Healthcare Conference",
    "link": "https://investors.solidbio.com/events/event-details/24th-annual-needham-virtual-healthcare-conference",
    "timestamp": "unknown"
  },
  {
    "title": "24th Annual Needham Virtual Healthcare Conference",
    "link": "https://investors.solidbio.com/events/event-details/24th-annual-needham-virtual-healthcare-conference",
    "timestamp": "unknown"
  },
  {
    "title": "Click here for webcast",
    "link": "https://wsw.com/webcast/needham146/sldb/",
    "timestamp": "unknown"
  },
  {
    "title": "Click here for webcast",
    "link": "https://wsw.com/webcast/needham146/sldb/",
    "timestamp": "unknown"
  },
  {
    "title": "Click here for webcast",
    "link": "https://wsw.com/webcast/needham146/sldb/",
    "timestamp": "unknown"
  },
  {
    "title": "Supporting MaterialsSolid Biosciences Needham Virtual Healthcare Conference Presentation. MB",
    "link": "https://investors.solidbio.com/static-files/e3e5efec-6b36-40cb-b14f-d9618fdccbb8",
    "timestamp": "unknown"
  },
  {
    "title": "Solid Biosciences Needham Virtual Healthcare Conference Presentation. MB",
    "link": "https://investors.solidbio.com/static-files/e3e5efec-6b36-40cb-b14f-d9618fdccbb8",
    "timestamp": "unknown"
  },
  {
    "title": "Solid Biosciences Needham Virtual Healthcare Conference Presentation. MB",
    "link": "https://investors.solidbio.com/static-files/e3e5efec-6b36-40cb-b14f-d9618fdccbb8",
    "timestamp": "unknown"
  },
  {
    "title": "Solid Biosciences Needham Virtual Healthcare Conference Presentation. MB",
    "link": "https://investors.solidbio.com/static-files/e3e5efec-6b36-40cb-b14f-d9618fdccbb8",
    "timestamp": "unknown"
  },
  {
    "title": "Solid Biosciences Needham Virtual Healthcare Conference Presentation. MB",
    "link": "https://investors.solidbio.com/static-files/e3e5efec-6b36-40cb-b14f-d9618fdccbb8",
    "timestamp": "unknown"
  },
  {
    "title": "Solid Biosciences Needham Virtual Healthcare Conference Presentation. MB",
    "link": "https://investors.solidbio.com/static-files/e3e5efec-6b36-40cb-b14f-d9618fdccbb8",
    "timestamp": "unknown"
  },
  {
    "title": "Solid Biosciences Needham Virtual Healthcare Conference Presentation. MB",
    "link": "https://investors.solidbio.com/static-files/e3e5efec-6b36-40cb-b14f-d9618fdccbb8",
    "timestamp": "unknown"
  },
  {
    "title": "Solid Biosciences Needham Virtual Healthcare Conference Presentation. MB",
    "link": "https://investors.solidbio.com/static-files/e3e5efec-6b36-40cb-b14f-d9618fdccbb8",
    "timestamp": "unknown"
  },
  {
    "title": "Solid Biosciences Needham Virtual Healthcare Conference Presentation. MB",
    "link": "https://investors.solidbio.com/static-files/e3e5efec-6b36-40cb-b14f-d9618fdccbb8",
    "timestamp": "unknown"
  },
  {
    "title": "Solid Biosciences Needham Virtual Healthcare Conference Presentation. MB",
    "link": "https://investors.solidbio.com/static-files/e3e5efec-6b36-40cb-b14f-d9618fdccbb8",
    "timestamp": "unknown"
  },
  {
    "title": "PaginationCurrent pagePageNext page\u203aLast page\u00bb",
    "link": "https://investors.solidbio.com/news-and-events/events?page=%2C0",
    "timestamp": "unknown"
  },
  {
    "title": "PaginationCurrent pagePageNext page\u203aLast page\u00bb",
    "link": "https://investors.solidbio.com/news-and-events/events?page=%2C0",
    "timestamp": "unknown"
  },
  {
    "title": "PaginationCurrent pagePageNext page\u203aLast page\u00bb",
    "link": "https://investors.solidbio.com/news-and-events/events?page=%2C0",
    "timestamp": "unknown"
  },
  {
    "title": "Current page",
    "link": "https://investors.solidbio.com/news-and-events/events?page=%2C0",
    "timestamp": "unknown"
  },
  {
    "title": "Page",
    "link": "https://investors.solidbio.com/news-and-events/events?page=%2C0",
    "timestamp": "unknown"
  },
  {
    "title": "Next page\u203a",
    "link": "https://investors.solidbio.com/news-and-events/events?page=%2C0",
    "timestamp": "unknown"
  },
  {
    "title": "Last page\u00bb",
    "link": "https://investors.solidbio.com/news-and-events/events?page=%2C0",
    "timestamp": "unknown"
  },
  {
    "title": "Stay ConnectedJoin our team of experts to advance treatments for patientsLearn MoreContact UsPrivacy PolicyTerms & Conditions\u00a9  Solid Biosciences Inc.",
    "link": "https://www.linkedin.com/company/solid-biosciences",
    "timestamp": "unknown"
  },
  {
    "title": "Stay ConnectedJoin our team of experts to advance treatments for patientsLearn More",
    "link": "https://www.linkedin.com/company/solid-biosciences",
    "timestamp": "unknown"
  },
  {
    "title": "Stay Connected",
    "link": "https://www.linkedin.com/company/solid-biosciences",
    "timestamp": "unknown"
  },
  {
    "title": "Join our team of experts to advance treatments for patientsLearn More",
    "link": "https://www.solidbio.com/about/careers/open-positions",
    "timestamp": "unknown"
  },
  {
    "title": "Join our team of experts to advance treatments for patientsLearn More",
    "link": "https://www.solidbio.com/about/careers/open-positions",
    "timestamp": "unknown"
  },
  {
    "title": "Contact Us",
    "link": "https://www.solidbio.com/contact",
    "timestamp": "unknown"
  },
  {
    "title": "Privacy Policy",
    "link": "https://www.solidbio.com/privacy",
    "timestamp": "unknown"
  },
  {
    "title": "Terms & Conditions",
    "link": "https://www.solidbio.com/terms-conditions",
    "timestamp": "unknown"
  }
]