[
  {
    "title": "AboutOur SciencePatient & Caregiver ResourcesPartner With UsInvestors & MediaBackAboutMissionGuiding PrinciplesCollaborations & PartnershipsSolid Team",
    "link": "https://www.solidbio.com/",
    "timestamp": "unknown"
  },
  {
    "title": "AboutOur SciencePatient & Caregiver ResourcesPartner With UsInvestors & Media",
    "link": "https://www.solidbio.com/",
    "timestamp": "unknown"
  },
  {
    "title": "AboutOur SciencePatient & Caregiver ResourcesPartner With UsInvestors & Media",
    "link": "https://www.solidbio.com/partners/",
    "timestamp": "unknown"
  },
  {
    "title": "AboutOur SciencePatient & Caregiver ResourcesPartner With UsInvestors & Media",
    "link": "https://www.solidbio.com/partners/",
    "timestamp": "unknown"
  },
  {
    "title": "BackAboutMissionGuiding PrinciplesCollaborations & PartnershipsSolid TeamManagementBoard of DirectorsFoundersWorking at SolidCultureBenefitsOpen Posit",
    "link": "https://www.solidbio.com/about/mission/guiding-principles",
    "timestamp": "unknown"
  },
  {
    "title": "AboutMissionGuiding PrinciplesCollaborations & PartnershipsSolid TeamManagementBoard of DirectorsFoundersWorking at SolidCultureBenefitsOpen Positions",
    "link": "https://www.solidbio.com/about/mission/guiding-principles",
    "timestamp": "unknown"
  },
  {
    "title": "MissionGuiding PrinciplesCollaborations & PartnershipsSolid TeamManagementBoard of DirectorsFoundersWorking at SolidCultureBenefitsOpen Positions",
    "link": "https://www.solidbio.com/about/mission/guiding-principles",
    "timestamp": "unknown"
  },
  {
    "title": "MissionGuiding PrinciplesCollaborations & Partnerships",
    "link": "https://www.solidbio.com/about/mission/guiding-principles",
    "timestamp": "unknown"
  },
  {
    "title": "Guiding Principles",
    "link": "https://www.solidbio.com/about/mission/guiding-principles",
    "timestamp": "unknown"
  },
  {
    "title": "Collaborations & Partnerships",
    "link": "https://www.solidbio.com/about/mission/collaborations-partnerships",
    "timestamp": "unknown"
  },
  {
    "title": "Solid TeamManagementBoard of DirectorsFounders",
    "link": "https://www.solidbio.com/about/solid-team/management",
    "timestamp": "unknown"
  },
  {
    "title": "Management",
    "link": "https://www.solidbio.com/about/solid-team/management",
    "timestamp": "unknown"
  },
  {
    "title": "Board of Directors",
    "link": "https://www.solidbio.com/about/solid-team/board-of-directors",
    "timestamp": "unknown"
  },
  {
    "title": "Founders",
    "link": "https://www.solidbio.com/about/solid-team/founders",
    "timestamp": "unknown"
  },
  {
    "title": "Working at SolidCultureBenefitsOpen Positions",
    "link": "https://www.solidbio.com/about/working-at-solid/culture",
    "timestamp": "unknown"
  },
  {
    "title": "Culture",
    "link": "https://www.solidbio.com/about/working-at-solid/culture",
    "timestamp": "unknown"
  },
  {
    "title": "Benefits",
    "link": "https://www.solidbio.com/about/working-at-solid/benefits",
    "timestamp": "unknown"
  },
  {
    "title": "Open Positions",
    "link": "https://solidbio.com/about/working-at-solid/open-positions/",
    "timestamp": "unknown"
  },
  {
    "title": "Our SciencePipeline & ProgramsPipelineClinical TrialsScientific Publications & PresentationsInfrastructureManufacturing",
    "link": "https://www.solidbio.com/our-science/pipeline-programs/pipeline",
    "timestamp": "unknown"
  },
  {
    "title": "Pipeline & ProgramsPipelineClinical TrialsScientific Publications & PresentationsInfrastructureManufacturing",
    "link": "https://www.solidbio.com/our-science/pipeline-programs/pipeline",
    "timestamp": "unknown"
  },
  {
    "title": "Pipeline & ProgramsPipelineClinical TrialsScientific Publications & Presentations",
    "link": "https://www.solidbio.com/our-science/pipeline-programs/pipeline",
    "timestamp": "unknown"
  },
  {
    "title": "Pipeline",
    "link": "https://www.solidbio.com/our-science/pipeline-programs/pipeline",
    "timestamp": "unknown"
  },
  {
    "title": "Clinical Trials",
    "link": "https://www.solidbio.com/patient-caregiver-resources/resources-policies/clinical-trials/",
    "timestamp": "unknown"
  },
  {
    "title": "Scientific Publications & Presentations",
    "link": "https://www.solidbio.com/our-science/pipeline-programs/scientific-publications-presentations/",
    "timestamp": "unknown"
  },
  {
    "title": "InfrastructureManufacturing",
    "link": "https://www.solidbio.com/our-science/infrastructure/manufacturing",
    "timestamp": "unknown"
  },
  {
    "title": "Manufacturing",
    "link": "https://www.solidbio.com/our-science/infrastructure/manufacturing",
    "timestamp": "unknown"
  },
  {
    "title": "Patient & Caregiver ResourcesDuchenne Muscular DystrophyWhat is Duchenne?Why Gene Transfer?Duchenne Patient StoriesFriedreich\u2019s Ataxia ResourcesFriedr",
    "link": "https://www.solidbio.com/patient-caregiver-resources/dmd/what-is-dmd",
    "timestamp": "unknown"
  },
  {
    "title": "Duchenne Muscular DystrophyWhat is Duchenne?Why Gene Transfer?Duchenne Patient StoriesFriedreich\u2019s Ataxia ResourcesFriedreich\u2019s AtaxiaWhat is Frataxin",
    "link": "https://www.solidbio.com/patient-caregiver-resources/dmd/what-is-dmd",
    "timestamp": "unknown"
  },
  {
    "title": "Duchenne Muscular DystrophyWhat is Duchenne?Why Gene Transfer?Duchenne Patient Stories",
    "link": "https://www.solidbio.com/patient-caregiver-resources/dmd/what-is-dmd",
    "timestamp": "unknown"
  },
  {
    "title": "What is Duchenne?",
    "link": "https://www.solidbio.com/patient-caregiver-resources/dmd/what-is-dmd",
    "timestamp": "unknown"
  },
  {
    "title": "Why Gene Transfer?",
    "link": "https://www.solidbio.com/patient-caregiver-resources/dmd/why-gene-transfer",
    "timestamp": "unknown"
  },
  {
    "title": "Duchenne Patient Stories",
    "link": "https://www.solidbio.com/education/dmd/duchenne-patient-stories/patient-stories-overview-page",
    "timestamp": "unknown"
  },
  {
    "title": "Friedreich\u2019s Ataxia ResourcesFriedreich\u2019s AtaxiaWhat is Frataxin?For Patients",
    "link": "https://www.solidbio.com/patient-caregiver-resources/fa-resources/friedreichs-ataxia",
    "timestamp": "unknown"
  },
  {
    "title": "Friedreich\u2019s Ataxia",
    "link": "https://www.solidbio.com/patient-caregiver-resources/fa-resources/friedreichs-ataxia",
    "timestamp": "unknown"
  },
  {
    "title": "What is Frataxin?",
    "link": "https://www.solidbio.com/patient-caregiver-resources/fa-resources/what-is-frataxin",
    "timestamp": "unknown"
  },
  {
    "title": "For Patients",
    "link": "https://www.solidbio.com/patient-caregiver-resources/fa-resources/for-patients",
    "timestamp": "unknown"
  },
  {
    "title": "CPVTWhat is CPVT?Patient Stories",
    "link": "https://www.solidbio.com/patient-caregiver-resources/cpvt/what-is-cpvt/",
    "timestamp": "unknown"
  },
  {
    "title": "What is CPVT?",
    "link": "https://www.solidbio.com/patient-caregiver-resources/cpvt/what-is-cpvt/",
    "timestamp": "unknown"
  },
  {
    "title": "Patient Stories",
    "link": "https://www.solidbio.com/patient-caregiver-resources/cpvt/cpvt-patient-stories/",
    "timestamp": "unknown"
  },
  {
    "title": "Strength in CommunityEngaging the CommunityCharity PartnersInsights & News",
    "link": "https://www.solidbio.com/patient-caregiver-resources/strength-in-community/how-we-interact-with-patients",
    "timestamp": "unknown"
  },
  {
    "title": "Engaging the Community",
    "link": "https://www.solidbio.com/patient-caregiver-resources/strength-in-community/how-we-interact-with-patients",
    "timestamp": "unknown"
  },
  {
    "title": "Charity Partners",
    "link": "https://www.solidbio.com/patient-caregiver-resources/strength-in-community/charity-partners",
    "timestamp": "unknown"
  },
  {
    "title": "Insights & News",
    "link": "https://www.solidbio.com/patient-caregiver-resources/strength-in-community/insights-news",
    "timestamp": "unknown"
  },
  {
    "title": "Resources & PoliciesExpanded Access PolicyClinical Trials",
    "link": "https://www.solidbio.com/patient-caregiver-resources/resources-policies/expanded-access-policy",
    "timestamp": "unknown"
  },
  {
    "title": "Expanded Access Policy",
    "link": "https://www.solidbio.com/patient-caregiver-resources/resources-policies/expanded-access-policy",
    "timestamp": "unknown"
  },
  {
    "title": "Clinical Trials",
    "link": "https://www.solidbio.com/patient-caregiver-resources/resources-policies/clinical-trials",
    "timestamp": "unknown"
  },
  {
    "title": "Investors & MediaOverview & NewsOverviewPress ReleasesPresentationsEventsGovernance & FinancialsGovernance DocumentsCommittee ChartersCommittee Compos",
    "link": "https://investors.solidbio.com/investor-relations",
    "timestamp": "unknown"
  },
  {
    "title": "Overview & NewsOverviewPress ReleasesPresentationsEventsGovernance & FinancialsGovernance DocumentsCommittee ChartersCommittee CompositionSEC FilingsS",
    "link": "https://investors.solidbio.com/investor-relations",
    "timestamp": "unknown"
  },
  {
    "title": "Overview & NewsOverviewPress ReleasesPresentationsEvents",
    "link": "https://investors.solidbio.com/investor-relations",
    "timestamp": "unknown"
  },
  {
    "title": "Overview",
    "link": "https://investors.solidbio.com/investor-relations",
    "timestamp": "unknown"
  },
  {
    "title": "Press Releases",
    "link": "https://investors.solidbio.com/news-and-events/press-releases",
    "timestamp": "unknown"
  },
  {
    "title": "Presentations",
    "link": "https://investors.solidbio.com/news-and-events/presentations",
    "timestamp": "unknown"
  },
  {
    "title": "Events",
    "link": "https://investors.solidbio.com/news-and-events/events",
    "timestamp": "unknown"
  },
  {
    "title": "Governance & FinancialsGovernance DocumentsCommittee ChartersCommittee CompositionSEC Filings",
    "link": "https://investors.solidbio.com/governance/governance-documents",
    "timestamp": "unknown"
  },
  {
    "title": "Governance Documents",
    "link": "https://investors.solidbio.com/governance/governance-documents",
    "timestamp": "unknown"
  },
  {
    "title": "Committee Charters",
    "link": "https://investors.solidbio.com/governance/committee-charters",
    "timestamp": "unknown"
  },
  {
    "title": "Committee Composition",
    "link": "https://investors.solidbio.com/governance/committee-composition",
    "timestamp": "unknown"
  },
  {
    "title": "SEC Filings",
    "link": "https://investors.solidbio.com/financial-information/sec-filings",
    "timestamp": "unknown"
  },
  {
    "title": "Stock InformationStock Quote ChartHistorical Price LookupAnalyst Coverage",
    "link": "https://investors.solidbio.com/stock-information/stock-quote-chart",
    "timestamp": "unknown"
  },
  {
    "title": "Stock Quote Chart",
    "link": "https://investors.solidbio.com/stock-information/stock-quote-chart",
    "timestamp": "unknown"
  },
  {
    "title": "Historical Price Lookup",
    "link": "https://investors.solidbio.com/stock-information/historical-price-lookup",
    "timestamp": "unknown"
  },
  {
    "title": "Analyst Coverage",
    "link": "https://investors.solidbio.com/stock-information/analyst-coverage",
    "timestamp": "unknown"
  },
  {
    "title": "Investor ResourcesInvestor FAQsContact Solid BiosciencesEmail Alerts",
    "link": "https://investors.solidbio.com/investor-resources/investor-faqs",
    "timestamp": "unknown"
  },
  {
    "title": "Investor FAQs",
    "link": "https://investors.solidbio.com/investor-resources/investor-faqs",
    "timestamp": "unknown"
  },
  {
    "title": "Contact Solid Biosciences",
    "link": "https://investors.solidbio.com/investor-resources/contact-solid-biosciences",
    "timestamp": "unknown"
  },
  {
    "title": "Email Alerts",
    "link": "https://investors.solidbio.com/investor-resources/email-alerts",
    "timestamp": "unknown"
  },
  {
    "title": "YearAllFebSolid Biosciences to Present at the Guggenheim Emerging Outlook: Biotech SummitCHARLESTOWN, Mass., Feb. ,  (GLOBE NEWSWIRE) -- Solid Bioscie",
    "link": "https://investors.solidbio.com/news-releases/news-release-details/solid-biosciences-present-guggenheim-emerging-outlook-biotech",
    "timestamp": "unknown"
  },
  {
    "title": "YearAllFebSolid Biosciences to Present at the Guggenheim Emerging Outlook: Biotech SummitCHARLESTOWN, Mass., Feb. ,  (GLOBE NEWSWIRE) -- Solid Bioscie",
    "link": "https://investors.solidbio.com/news-releases/news-release-details/solid-biosciences-present-guggenheim-emerging-outlook-biotech",
    "timestamp": "unknown"
  },
  {
    "title": "YearAllFebSolid Biosciences to Present at the Guggenheim Emerging Outlook: Biotech SummitCHARLESTOWN, Mass., Feb. ,  (GLOBE NEWSWIRE) -- Solid Bioscie",
    "link": "https://investors.solidbio.com/news-releases/news-release-details/solid-biosciences-present-guggenheim-emerging-outlook-biotech",
    "timestamp": "unknown"
  },
  {
    "title": "YearAllFebSolid Biosciences to Present at the Guggenheim Emerging Outlook: Biotech SummitCHARLESTOWN, Mass., Feb. ,  (GLOBE NEWSWIRE) -- Solid Bioscie",
    "link": "https://investors.solidbio.com/news-releases/news-release-details/solid-biosciences-present-guggenheim-emerging-outlook-biotech",
    "timestamp": "unknown"
  },
  {
    "title": "YearAllFebSolid Biosciences to Present at the Guggenheim Emerging Outlook: Biotech SummitCHARLESTOWN, Mass., Feb. ,  (GLOBE NEWSWIRE) -- Solid Bioscie",
    "link": "https://investors.solidbio.com/news-releases/news-release-details/solid-biosciences-present-guggenheim-emerging-outlook-biotech",
    "timestamp": "unknown"
  },
  {
    "title": "YearAllFebSolid Biosciences to Present at the Guggenheim Emerging Outlook: Biotech SummitCHARLESTOWN, Mass., Feb. ,  (GLOBE NEWSWIRE) -- Solid Bioscie",
    "link": "https://investors.solidbio.com/news-releases/news-release-details/solid-biosciences-present-guggenheim-emerging-outlook-biotech",
    "timestamp": "unknown"
  },
  {
    "title": "YearAllFebSolid Biosciences to Present at the Guggenheim Emerging Outlook: Biotech SummitCHARLESTOWN, Mass., Feb. ,  (GLOBE NEWSWIRE) -- Solid Bioscie",
    "link": "https://investors.solidbio.com/news-releases/news-release-details/solid-biosciences-present-guggenheim-emerging-outlook-biotech",
    "timestamp": "unknown"
  },
  {
    "title": "YearAllFebSolid Biosciences to Present at the Guggenheim Emerging Outlook: Biotech SummitCHARLESTOWN, Mass., Feb. ,  (GLOBE NEWSWIRE) -- Solid Bioscie",
    "link": "https://investors.solidbio.com/news-releases/news-release-details/solid-biosciences-present-guggenheim-emerging-outlook-biotech",
    "timestamp": "unknown"
  },
  {
    "title": "YearAllFebSolid Biosciences to Present at the Guggenheim Emerging Outlook: Biotech SummitCHARLESTOWN, Mass., Feb. ,  (GLOBE NEWSWIRE) -- Solid Bioscie",
    "link": "https://investors.solidbio.com/news-releases/news-release-details/solid-biosciences-present-guggenheim-emerging-outlook-biotech",
    "timestamp": "unknown"
  },
  {
    "title": "YearAllFebSolid Biosciences to Present at the Guggenheim Emerging Outlook: Biotech SummitCHARLESTOWN, Mass., Feb. ,  (GLOBE NEWSWIRE) -- Solid Bioscie",
    "link": "https://investors.solidbio.com/news-releases/news-release-details/solid-biosciences-present-guggenheim-emerging-outlook-biotech",
    "timestamp": "unknown"
  },
  {
    "title": "YearAllFebSolid Biosciences to Present at the Guggenheim Emerging Outlook: Biotech SummitCHARLESTOWN, Mass., Feb. ,  (GLOBE NEWSWIRE) -- Solid Bioscie",
    "link": "https://investors.solidbio.com/news-releases/news-release-details/solid-biosciences-present-guggenheim-emerging-outlook-biotech",
    "timestamp": "unknown"
  },
  {
    "title": "YearAllFebSolid Biosciences to Present at the Guggenheim Emerging Outlook: Biotech SummitCHARLESTOWN, Mass., Feb. ,  (GLOBE NEWSWIRE) -- Solid Bioscie",
    "link": "https://investors.solidbio.com/news-releases/news-release-details/solid-biosciences-present-guggenheim-emerging-outlook-biotech",
    "timestamp": "unknown"
  },
  {
    "title": "YearAllFebSolid Biosciences to Present at the Guggenheim Emerging Outlook: Biotech SummitCHARLESTOWN, Mass., Feb. ,  (GLOBE NEWSWIRE) -- Solid Bioscie",
    "link": "https://investors.solidbio.com/news-releases/news-release-details/solid-biosciences-present-guggenheim-emerging-outlook-biotech",
    "timestamp": "unknown"
  },
  {
    "title": "YearAllFebSolid Biosciences to Present at the Guggenheim Emerging Outlook: Biotech SummitCHARLESTOWN, Mass., Feb. ,  (GLOBE NEWSWIRE) -- Solid Bioscie",
    "link": "https://investors.solidbio.com/news-releases/news-release-details/solid-biosciences-present-guggenheim-emerging-outlook-biotech",
    "timestamp": "unknown"
  },
  {
    "title": "YearAllFebSolid Biosciences to Present at the Guggenheim Emerging Outlook: Biotech SummitCHARLESTOWN, Mass., Feb. ,  (GLOBE NEWSWIRE) -- Solid Bioscie",
    "link": "https://investors.solidbio.com/news-releases/news-release-details/solid-biosciences-present-guggenheim-emerging-outlook-biotech",
    "timestamp": "unknown"
  },
  {
    "title": "YearAllFebSolid Biosciences to Present at the Guggenheim Emerging Outlook: Biotech SummitCHARLESTOWN, Mass., Feb. ,  (GLOBE NEWSWIRE) -- Solid Bioscie",
    "link": "https://investors.solidbio.com/news-releases/news-release-details/solid-biosciences-present-guggenheim-emerging-outlook-biotech",
    "timestamp": "unknown"
  },
  {
    "title": "YearAllFebSolid Biosciences to Present at the Guggenheim Emerging Outlook: Biotech SummitCHARLESTOWN, Mass., Feb. ,  (GLOBE NEWSWIRE) -- Solid Bioscie",
    "link": "https://investors.solidbio.com/news-releases/news-release-details/solid-biosciences-present-guggenheim-emerging-outlook-biotech",
    "timestamp": "unknown"
  },
  {
    "title": "YearAllFebSolid Biosciences to Present at the Guggenheim Emerging Outlook: Biotech SummitCHARLESTOWN, Mass., Feb. ,  (GLOBE NEWSWIRE) -- Solid Bioscie",
    "link": "https://investors.solidbio.com/news-releases/news-release-details/solid-biosciences-present-guggenheim-emerging-outlook-biotech",
    "timestamp": "unknown"
  },
  {
    "title": "YearAllFebSolid Biosciences to Present at the Guggenheim Emerging Outlook: Biotech SummitCHARLESTOWN, Mass., Feb. ,  (GLOBE NEWSWIRE) -- Solid Bioscie",
    "link": "https://investors.solidbio.com/news-releases/news-release-details/solid-biosciences-present-guggenheim-emerging-outlook-biotech",
    "timestamp": "unknown"
  },
  {
    "title": "YearAllFebSolid Biosciences to Present at the Guggenheim Emerging Outlook: Biotech SummitCHARLESTOWN, Mass., Feb. ,  (GLOBE NEWSWIRE) -- Solid Bioscie",
    "link": "https://investors.solidbio.com/news-releases/news-release-details/solid-biosciences-present-guggenheim-emerging-outlook-biotech",
    "timestamp": "unknown"
  },
  {
    "title": "FebSolid Biosciences to Present at the Guggenheim Emerging Outlook: Biotech SummitCHARLESTOWN, Mass., Feb. ,  (GLOBE NEWSWIRE) -- Solid Biosciences In",
    "link": "https://investors.solidbio.com/news-releases/news-release-details/solid-biosciences-present-guggenheim-emerging-outlook-biotech",
    "timestamp": "unknown"
  },
  {
    "title": "FebSolid Biosciences to Present at the Guggenheim Emerging Outlook: Biotech SummitCHARLESTOWN, Mass., Feb. ,  (GLOBE NEWSWIRE) -- Solid Biosciences In",
    "link": "https://investors.solidbio.com/news-releases/news-release-details/solid-biosciences-present-guggenheim-emerging-outlook-biotech",
    "timestamp": "unknown"
  },
  {
    "title": "Solid Biosciences to Present at the Guggenheim Emerging Outlook: Biotech SummitCHARLESTOWN, Mass., Feb. ,  (GLOBE NEWSWIRE) -- Solid Biosciences Inc. ",
    "link": "https://investors.solidbio.com/news-releases/news-release-details/solid-biosciences-present-guggenheim-emerging-outlook-biotech",
    "timestamp": "unknown"
  },
  {
    "title": "Solid Biosciences to Present at the Guggenheim Emerging Outlook: Biotech SummitCHARLESTOWN, Mass., Feb. ,  (GLOBE NEWSWIRE) -- Solid Biosciences Inc. ",
    "link": "https://investors.solidbio.com/news-releases/news-release-details/solid-biosciences-present-guggenheim-emerging-outlook-biotech",
    "timestamp": "unknown"
  },
  {
    "title": "Solid Biosciences to Present at the Guggenheim Emerging Outlook: Biotech Summit",
    "link": "https://investors.solidbio.com/news-releases/news-release-details/solid-biosciences-present-guggenheim-emerging-outlook-biotech",
    "timestamp": "unknown"
  },
  {
    "title": "Read More",
    "link": "https://investors.solidbio.com/news-releases/news-release-details/solid-biosciences-present-guggenheim-emerging-outlook-biotech",
    "timestamp": "unknown"
  },
  {
    "title": "JanSolid Biosciences Provides  Outlook Underscoring Neuromuscular and Cardiac Pipeline Momentum and Expanded Access to Next-Generation Capsid AAV-SLB1",
    "link": "https://investors.solidbio.com/news-releases/news-release-details/solid-biosciences-provides--outlook-underscoring",
    "timestamp": "unknown"
  },
  {
    "title": "Solid Biosciences Provides  Outlook Underscoring Neuromuscular and Cardiac Pipeline Momentum and Expanded Access to Next-Generation Capsid AAV-SLB101-",
    "link": "https://investors.solidbio.com/news-releases/news-release-details/solid-biosciences-provides--outlook-underscoring",
    "timestamp": "unknown"
  },
  {
    "title": "Solid Biosciences Provides  Outlook Underscoring Neuromuscular and Cardiac Pipeline Momentum and Expanded Access to Next-Generation Capsid AAV-SLB101-",
    "link": "https://investors.solidbio.com/news-releases/news-release-details/solid-biosciences-provides--outlook-underscoring",
    "timestamp": "unknown"
  },
  {
    "title": "Solid Biosciences Provides  Outlook Underscoring Neuromuscular and Cardiac Pipeline Momentum and Expanded Access to Next-Generation Capsid AAV-SLB101",
    "link": "https://investors.solidbio.com/news-releases/news-release-details/solid-biosciences-provides--outlook-underscoring",
    "timestamp": "unknown"
  },
  {
    "title": "Read More",
    "link": "https://investors.solidbio.com/news-releases/news-release-details/solid-biosciences-provides--outlook-underscoring",
    "timestamp": "unknown"
  },
  {
    "title": "JanSolid Biosciences Receives FDA Orphan Drug Designation for SGT- Dual-Route Gene Therapy for the Treatment of Friedreich\u2019s Ataxia- SGT- has received",
    "link": "https://investors.solidbio.com/news-releases/news-release-details/solid-biosciences-receives-fda-orphan-drug-designation-sgt-",
    "timestamp": "unknown"
  },
  {
    "title": "Solid Biosciences Receives FDA Orphan Drug Designation for SGT- Dual-Route Gene Therapy for the Treatment of Friedreich\u2019s Ataxia- SGT- has received FD",
    "link": "https://investors.solidbio.com/news-releases/news-release-details/solid-biosciences-receives-fda-orphan-drug-designation-sgt-",
    "timestamp": "unknown"
  },
  {
    "title": "Solid Biosciences Receives FDA Orphan Drug Designation for SGT- Dual-Route Gene Therapy for the Treatment of Friedreich\u2019s Ataxia- SGT- has received FD",
    "link": "https://investors.solidbio.com/news-releases/news-release-details/solid-biosciences-receives-fda-orphan-drug-designation-sgt-",
    "timestamp": "unknown"
  },
  {
    "title": "Solid Biosciences Receives FDA Orphan Drug Designation for SGT- Dual-Route Gene Therapy for the Treatment of Friedreich\u2019s Ataxia",
    "link": "https://investors.solidbio.com/news-releases/news-release-details/solid-biosciences-receives-fda-orphan-drug-designation-sgt-",
    "timestamp": "unknown"
  },
  {
    "title": "Read More",
    "link": "https://investors.solidbio.com/news-releases/news-release-details/solid-biosciences-receives-fda-orphan-drug-designation-sgt-",
    "timestamp": "unknown"
  },
  {
    "title": "JanSolid Biosciences Doses First Participant in First-in-Class Phase 1b FALCON Trial Evaluating SGT- Dual-Route Gene Therapy for the Treatment of Frie",
    "link": "https://investors.solidbio.com/news-releases/news-release-details/solid-biosciences-doses-first-participant-first-class-phase-1b",
    "timestamp": "unknown"
  },
  {
    "title": "Solid Biosciences Doses First Participant in First-in-Class Phase 1b FALCON Trial Evaluating SGT- Dual-Route Gene Therapy for the Treatment of Friedre",
    "link": "https://investors.solidbio.com/news-releases/news-release-details/solid-biosciences-doses-first-participant-first-class-phase-1b",
    "timestamp": "unknown"
  },
  {
    "title": "Solid Biosciences Doses First Participant in First-in-Class Phase 1b FALCON Trial Evaluating SGT- Dual-Route Gene Therapy for the Treatment of Friedre",
    "link": "https://investors.solidbio.com/news-releases/news-release-details/solid-biosciences-doses-first-participant-first-class-phase-1b",
    "timestamp": "unknown"
  },
  {
    "title": "Solid Biosciences Doses First Participant in First-in-Class Phase 1b FALCON Trial Evaluating SGT- Dual-Route Gene Therapy for the Treatment of Friedre",
    "link": "https://investors.solidbio.com/news-releases/news-release-details/solid-biosciences-doses-first-participant-first-class-phase-1b",
    "timestamp": "unknown"
  },
  {
    "title": "Read More",
    "link": "https://investors.solidbio.com/news-releases/news-release-details/solid-biosciences-doses-first-participant-first-class-phase-1b",
    "timestamp": "unknown"
  },
  {
    "title": "JanSolid Biosciences to Present at the 44th Annual J.P. Morgan Healthcare ConferenceCHARLESTOWN, Mass. , Jan. ,  (GLOBE NEWSWIRE) -- Solid Biosciences",
    "link": "https://investors.solidbio.com/news-releases/news-release-details/solid-biosciences-present-44th-annual-jp-morgan-healthcare",
    "timestamp": "unknown"
  },
  {
    "title": "Solid Biosciences to Present at the 44th Annual J.P. Morgan Healthcare ConferenceCHARLESTOWN, Mass. , Jan. ,  (GLOBE NEWSWIRE) -- Solid Biosciences In",
    "link": "https://investors.solidbio.com/news-releases/news-release-details/solid-biosciences-present-44th-annual-jp-morgan-healthcare",
    "timestamp": "unknown"
  },
  {
    "title": "Solid Biosciences to Present at the 44th Annual J.P. Morgan Healthcare ConferenceCHARLESTOWN, Mass. , Jan. ,  (GLOBE NEWSWIRE) -- Solid Biosciences In",
    "link": "https://investors.solidbio.com/news-releases/news-release-details/solid-biosciences-present-44th-annual-jp-morgan-healthcare",
    "timestamp": "unknown"
  },
  {
    "title": "Solid Biosciences to Present at the 44th Annual J.P. Morgan Healthcare Conference",
    "link": "https://investors.solidbio.com/news-releases/news-release-details/solid-biosciences-present-44th-annual-jp-morgan-healthcare",
    "timestamp": "unknown"
  },
  {
    "title": "Read More",
    "link": "https://investors.solidbio.com/news-releases/news-release-details/solid-biosciences-present-44th-annual-jp-morgan-healthcare",
    "timestamp": "unknown"
  },
  {
    "title": "JanSolid Biosciences Reports Inducement Grants Under Nasdaq Listing Rule (c)()CHARLESTOWN, Mass. , Jan. ,  (GLOBE NEWSWIRE) -- Solid Biosciences Inc. ",
    "link": "https://investors.solidbio.com/news-releases/news-release-details/solid-biosciences-reports-inducement-grants-under-nasdaq-",
    "timestamp": "unknown"
  },
  {
    "title": "Solid Biosciences Reports Inducement Grants Under Nasdaq Listing Rule (c)()CHARLESTOWN, Mass. , Jan. ,  (GLOBE NEWSWIRE) -- Solid Biosciences Inc. (Na",
    "link": "https://investors.solidbio.com/news-releases/news-release-details/solid-biosciences-reports-inducement-grants-under-nasdaq-",
    "timestamp": "unknown"
  },
  {
    "title": "Solid Biosciences Reports Inducement Grants Under Nasdaq Listing Rule (c)()CHARLESTOWN, Mass. , Jan. ,  (GLOBE NEWSWIRE) -- Solid Biosciences Inc. (Na",
    "link": "https://investors.solidbio.com/news-releases/news-release-details/solid-biosciences-reports-inducement-grants-under-nasdaq-",
    "timestamp": "unknown"
  },
  {
    "title": "Solid Biosciences Reports Inducement Grants Under Nasdaq Listing Rule (c)()",
    "link": "https://investors.solidbio.com/news-releases/news-release-details/solid-biosciences-reports-inducement-grants-under-nasdaq-",
    "timestamp": "unknown"
  },
  {
    "title": "Read More",
    "link": "https://investors.solidbio.com/news-releases/news-release-details/solid-biosciences-reports-inducement-grants-under-nasdaq-",
    "timestamp": "unknown"
  },
  {
    "title": "Stay ConnectedJoin our team of experts to advance treatments for patientsLearn MoreContact UsPrivacy PolicyTerms & Conditions\u00a9  Solid Biosciences Inc.",
    "link": "https://www.linkedin.com/company/solid-biosciences",
    "timestamp": "unknown"
  },
  {
    "title": "Stay ConnectedJoin our team of experts to advance treatments for patientsLearn More",
    "link": "https://www.linkedin.com/company/solid-biosciences",
    "timestamp": "unknown"
  },
  {
    "title": "Stay Connected",
    "link": "https://www.linkedin.com/company/solid-biosciences",
    "timestamp": "unknown"
  },
  {
    "title": "Join our team of experts to advance treatments for patientsLearn More",
    "link": "https://www.solidbio.com/about/careers/open-positions",
    "timestamp": "unknown"
  },
  {
    "title": "Join our team of experts to advance treatments for patientsLearn More",
    "link": "https://www.solidbio.com/about/careers/open-positions",
    "timestamp": "unknown"
  },
  {
    "title": "Contact Us",
    "link": "https://www.solidbio.com/contact",
    "timestamp": "unknown"
  },
  {
    "title": "Privacy Policy",
    "link": "https://www.solidbio.com/privacy",
    "timestamp": "unknown"
  },
  {
    "title": "Terms & Conditions",
    "link": "https://www.solidbio.com/terms-conditions",
    "timestamp": "unknown"
  }
]