[
  {
    "title": "AboutOur SciencePatient & Caregiver ResourcesPartner With UsInvestors & MediaBackAboutMissionGuiding PrinciplesCollaborations & PartnershipsSolid Team",
    "link": "https://www.solidbio.com/",
    "timestamp": "unknown"
  },
  {
    "title": "AboutOur SciencePatient & Caregiver ResourcesPartner With UsInvestors & Media",
    "link": "https://www.solidbio.com/",
    "timestamp": "unknown"
  },
  {
    "title": "AboutOur SciencePatient & Caregiver ResourcesPartner With UsInvestors & Media",
    "link": "https://www.solidbio.com/partners/",
    "timestamp": "unknown"
  },
  {
    "title": "AboutOur SciencePatient & Caregiver ResourcesPartner With UsInvestors & Media",
    "link": "https://www.solidbio.com/partners/",
    "timestamp": "unknown"
  },
  {
    "title": "BackAboutMissionGuiding PrinciplesCollaborations & PartnershipsSolid TeamManagementBoard of DirectorsFoundersWorking at SolidCultureBenefitsOpen Posit",
    "link": "https://www.solidbio.com/about/mission/guiding-principles",
    "timestamp": "unknown"
  },
  {
    "title": "AboutMissionGuiding PrinciplesCollaborations & PartnershipsSolid TeamManagementBoard of DirectorsFoundersWorking at SolidCultureBenefitsOpen Positions",
    "link": "https://www.solidbio.com/about/mission/guiding-principles",
    "timestamp": "unknown"
  },
  {
    "title": "MissionGuiding PrinciplesCollaborations & PartnershipsSolid TeamManagementBoard of DirectorsFoundersWorking at SolidCultureBenefitsOpen Positions",
    "link": "https://www.solidbio.com/about/mission/guiding-principles",
    "timestamp": "unknown"
  },
  {
    "title": "MissionGuiding PrinciplesCollaborations & Partnerships",
    "link": "https://www.solidbio.com/about/mission/guiding-principles",
    "timestamp": "unknown"
  },
  {
    "title": "Guiding Principles",
    "link": "https://www.solidbio.com/about/mission/guiding-principles",
    "timestamp": "unknown"
  },
  {
    "title": "Collaborations & Partnerships",
    "link": "https://www.solidbio.com/about/mission/collaborations-partnerships",
    "timestamp": "unknown"
  },
  {
    "title": "Solid TeamManagementBoard of DirectorsFounders",
    "link": "https://www.solidbio.com/about/solid-team/management",
    "timestamp": "unknown"
  },
  {
    "title": "Management",
    "link": "https://www.solidbio.com/about/solid-team/management",
    "timestamp": "unknown"
  },
  {
    "title": "Board of Directors",
    "link": "https://www.solidbio.com/about/solid-team/board-of-directors",
    "timestamp": "unknown"
  },
  {
    "title": "Founders",
    "link": "https://www.solidbio.com/about/solid-team/founders",
    "timestamp": "unknown"
  },
  {
    "title": "Working at SolidCultureBenefitsOpen Positions",
    "link": "https://www.solidbio.com/about/working-at-solid/culture",
    "timestamp": "unknown"
  },
  {
    "title": "Culture",
    "link": "https://www.solidbio.com/about/working-at-solid/culture",
    "timestamp": "unknown"
  },
  {
    "title": "Benefits",
    "link": "https://www.solidbio.com/about/working-at-solid/benefits",
    "timestamp": "unknown"
  },
  {
    "title": "Open Positions",
    "link": "https://solidbio.com/about/working-at-solid/open-positions/",
    "timestamp": "unknown"
  },
  {
    "title": "Our SciencePipeline & ProgramsPipelineScientific Publications & PresentationsInfrastructureManufacturing",
    "link": "https://www.solidbio.com/our-science/pipeline-programs/pipeline",
    "timestamp": "unknown"
  },
  {
    "title": "Pipeline & ProgramsPipelineScientific Publications & PresentationsInfrastructureManufacturing",
    "link": "https://www.solidbio.com/our-science/pipeline-programs/pipeline",
    "timestamp": "unknown"
  },
  {
    "title": "Pipeline & ProgramsPipelineScientific Publications & Presentations",
    "link": "https://www.solidbio.com/our-science/pipeline-programs/pipeline",
    "timestamp": "unknown"
  },
  {
    "title": "Pipeline",
    "link": "https://www.solidbio.com/our-science/pipeline-programs/pipeline",
    "timestamp": "unknown"
  },
  {
    "title": "Scientific Publications & Presentations",
    "link": "https://www.solidbio.com/our-science/pipeline-programs/scientific-publications-presentations/",
    "timestamp": "unknown"
  },
  {
    "title": "InfrastructureManufacturing",
    "link": "https://www.solidbio.com/our-science/infrastructure/manufacturing",
    "timestamp": "unknown"
  },
  {
    "title": "Manufacturing",
    "link": "https://www.solidbio.com/our-science/infrastructure/manufacturing",
    "timestamp": "unknown"
  },
  {
    "title": "Patient & Caregiver ResourcesDuchenne Muscular DystrophyWhat is Duchenne?Why Gene Transfer?Duchenne Patient StoriesFriedreich\u2019s Ataxia ResourcesFriedr",
    "link": "https://www.solidbio.com/patient-caregiver-resources/dmd/what-is-dmd",
    "timestamp": "unknown"
  },
  {
    "title": "Duchenne Muscular DystrophyWhat is Duchenne?Why Gene Transfer?Duchenne Patient StoriesFriedreich\u2019s Ataxia ResourcesFriedreich\u2019s AtaxiaWhat is Frataxin",
    "link": "https://www.solidbio.com/patient-caregiver-resources/dmd/what-is-dmd",
    "timestamp": "unknown"
  },
  {
    "title": "Duchenne Muscular DystrophyWhat is Duchenne?Why Gene Transfer?Duchenne Patient Stories",
    "link": "https://www.solidbio.com/patient-caregiver-resources/dmd/what-is-dmd",
    "timestamp": "unknown"
  },
  {
    "title": "What is Duchenne?",
    "link": "https://www.solidbio.com/patient-caregiver-resources/dmd/what-is-dmd",
    "timestamp": "unknown"
  },
  {
    "title": "Why Gene Transfer?",
    "link": "https://www.solidbio.com/patient-caregiver-resources/dmd/why-gene-transfer",
    "timestamp": "unknown"
  },
  {
    "title": "Duchenne Patient Stories",
    "link": "https://www.solidbio.com/education/dmd/duchenne-patient-stories/patient-stories-overview-page",
    "timestamp": "unknown"
  },
  {
    "title": "Friedreich\u2019s Ataxia ResourcesFriedreich\u2019s AtaxiaWhat is Frataxin?For Patients",
    "link": "https://www.solidbio.com/patient-caregiver-resources/fa-resources/friedreichs-ataxia",
    "timestamp": "unknown"
  },
  {
    "title": "Friedreich\u2019s Ataxia",
    "link": "https://www.solidbio.com/patient-caregiver-resources/fa-resources/friedreichs-ataxia",
    "timestamp": "unknown"
  },
  {
    "title": "What is Frataxin?",
    "link": "https://www.solidbio.com/patient-caregiver-resources/fa-resources/what-is-frataxin",
    "timestamp": "unknown"
  },
  {
    "title": "For Patients",
    "link": "https://www.solidbio.com/patient-caregiver-resources/fa-resources/for-patients",
    "timestamp": "unknown"
  },
  {
    "title": "CPVTWhat is CPVT?Patient Stories",
    "link": "https://www.solidbio.com/patient-caregiver-resources/cpvt/what-is-cpvt/",
    "timestamp": "unknown"
  },
  {
    "title": "What is CPVT?",
    "link": "https://www.solidbio.com/patient-caregiver-resources/cpvt/what-is-cpvt/",
    "timestamp": "unknown"
  },
  {
    "title": "Patient Stories",
    "link": "https://www.solidbio.com/patient-caregiver-resources/cpvt/cpvt-patient-stories/",
    "timestamp": "unknown"
  },
  {
    "title": "Strength in CommunityEngaging the CommunityCharity PartnersInsights & News",
    "link": "https://www.solidbio.com/patient-caregiver-resources/strength-in-community/how-we-interact-with-patients",
    "timestamp": "unknown"
  },
  {
    "title": "Engaging the Community",
    "link": "https://www.solidbio.com/patient-caregiver-resources/strength-in-community/how-we-interact-with-patients",
    "timestamp": "unknown"
  },
  {
    "title": "Charity Partners",
    "link": "https://www.solidbio.com/patient-caregiver-resources/strength-in-community/charity-partners",
    "timestamp": "unknown"
  },
  {
    "title": "Insights & News",
    "link": "https://www.solidbio.com/patient-caregiver-resources/strength-in-community/insights-news",
    "timestamp": "unknown"
  },
  {
    "title": "Resources & PoliciesExpanded Access PolicyClinical Trials",
    "link": "https://www.solidbio.com/patient-caregiver-resources/resources-policies/expanded-access-policy",
    "timestamp": "unknown"
  },
  {
    "title": "Expanded Access Policy",
    "link": "https://www.solidbio.com/patient-caregiver-resources/resources-policies/expanded-access-policy",
    "timestamp": "unknown"
  },
  {
    "title": "Clinical Trials",
    "link": "https://www.solidbio.com/patient-caregiver-resources/resources-policies/clinical-trials",
    "timestamp": "unknown"
  },
  {
    "title": "Investors & MediaOverview & NewsOverviewPress ReleasesPresentationsEventsGovernance & FinancialsGovernance DocumentsCommittee ChartersCommittee Compos",
    "link": "https://investors.solidbio.com/investor-relations",
    "timestamp": "unknown"
  },
  {
    "title": "Overview & NewsOverviewPress ReleasesPresentationsEventsGovernance & FinancialsGovernance DocumentsCommittee ChartersCommittee CompositionSEC FilingsS",
    "link": "https://investors.solidbio.com/investor-relations",
    "timestamp": "unknown"
  },
  {
    "title": "Overview & NewsOverviewPress ReleasesPresentationsEvents",
    "link": "https://investors.solidbio.com/investor-relations",
    "timestamp": "unknown"
  },
  {
    "title": "Overview",
    "link": "https://investors.solidbio.com/investor-relations",
    "timestamp": "unknown"
  },
  {
    "title": "Press Releases",
    "link": "https://investors.solidbio.com/news-and-events/press-releases",
    "timestamp": "unknown"
  },
  {
    "title": "Presentations",
    "link": "https://investors.solidbio.com/news-and-events/presentations",
    "timestamp": "unknown"
  },
  {
    "title": "Events",
    "link": "https://investors.solidbio.com/news-and-events/events",
    "timestamp": "unknown"
  },
  {
    "title": "Governance & FinancialsGovernance DocumentsCommittee ChartersCommittee CompositionSEC Filings",
    "link": "https://investors.solidbio.com/governance/governance-documents",
    "timestamp": "unknown"
  },
  {
    "title": "Governance Documents",
    "link": "https://investors.solidbio.com/governance/governance-documents",
    "timestamp": "unknown"
  },
  {
    "title": "Committee Charters",
    "link": "https://investors.solidbio.com/governance/committee-charters",
    "timestamp": "unknown"
  },
  {
    "title": "Committee Composition",
    "link": "https://investors.solidbio.com/governance/committee-composition",
    "timestamp": "unknown"
  },
  {
    "title": "SEC Filings",
    "link": "https://investors.solidbio.com/financial-information/sec-filings",
    "timestamp": "unknown"
  },
  {
    "title": "Stock InformationStock Quote ChartHistorical Price LookupAnalyst Coverage",
    "link": "https://investors.solidbio.com/stock-information/stock-quote-chart",
    "timestamp": "unknown"
  },
  {
    "title": "Stock Quote Chart",
    "link": "https://investors.solidbio.com/stock-information/stock-quote-chart",
    "timestamp": "unknown"
  },
  {
    "title": "Historical Price Lookup",
    "link": "https://investors.solidbio.com/stock-information/historical-price-lookup",
    "timestamp": "unknown"
  },
  {
    "title": "Analyst Coverage",
    "link": "https://investors.solidbio.com/stock-information/analyst-coverage",
    "timestamp": "unknown"
  },
  {
    "title": "Investor ResourcesInvestor FAQsContact Solid BiosciencesEmail Alerts",
    "link": "https://investors.solidbio.com/investor-resources/investor-faqs",
    "timestamp": "unknown"
  },
  {
    "title": "Investor FAQs",
    "link": "https://investors.solidbio.com/investor-resources/investor-faqs",
    "timestamp": "unknown"
  },
  {
    "title": "Contact Solid Biosciences",
    "link": "https://investors.solidbio.com/investor-resources/contact-solid-biosciences",
    "timestamp": "unknown"
  },
  {
    "title": "Email Alerts",
    "link": "https://investors.solidbio.com/investor-resources/email-alerts",
    "timestamp": "unknown"
  },
  {
    "title": "YearAllOctSolid Biosciences Reports Inducement Grants Under Nasdaq Listing Rule (c)()CHARLESTOWN, Mass. , Oct. ,  (GLOBE NEWSWIRE) -- Solid Bioscience",
    "link": "https://investors.solidbio.com/news-releases/news-release-details/solid-biosciences-reports-inducement-grants-under-nasdaq-",
    "timestamp": "unknown"
  },
  {
    "title": "YearAllOctSolid Biosciences Reports Inducement Grants Under Nasdaq Listing Rule (c)()CHARLESTOWN, Mass. , Oct. ,  (GLOBE NEWSWIRE) -- Solid Bioscience",
    "link": "https://investors.solidbio.com/news-releases/news-release-details/solid-biosciences-reports-inducement-grants-under-nasdaq-",
    "timestamp": "unknown"
  },
  {
    "title": "YearAllOctSolid Biosciences Reports Inducement Grants Under Nasdaq Listing Rule (c)()CHARLESTOWN, Mass. , Oct. ,  (GLOBE NEWSWIRE) -- Solid Bioscience",
    "link": "https://investors.solidbio.com/news-releases/news-release-details/solid-biosciences-reports-inducement-grants-under-nasdaq-",
    "timestamp": "unknown"
  },
  {
    "title": "YearAllOctSolid Biosciences Reports Inducement Grants Under Nasdaq Listing Rule (c)()CHARLESTOWN, Mass. , Oct. ,  (GLOBE NEWSWIRE) -- Solid Bioscience",
    "link": "https://investors.solidbio.com/news-releases/news-release-details/solid-biosciences-reports-inducement-grants-under-nasdaq-",
    "timestamp": "unknown"
  },
  {
    "title": "YearAllOctSolid Biosciences Reports Inducement Grants Under Nasdaq Listing Rule (c)()CHARLESTOWN, Mass. , Oct. ,  (GLOBE NEWSWIRE) -- Solid Bioscience",
    "link": "https://investors.solidbio.com/news-releases/news-release-details/solid-biosciences-reports-inducement-grants-under-nasdaq-",
    "timestamp": "unknown"
  },
  {
    "title": "YearAllOctSolid Biosciences Reports Inducement Grants Under Nasdaq Listing Rule (c)()CHARLESTOWN, Mass. , Oct. ,  (GLOBE NEWSWIRE) -- Solid Bioscience",
    "link": "https://investors.solidbio.com/news-releases/news-release-details/solid-biosciences-reports-inducement-grants-under-nasdaq-",
    "timestamp": "unknown"
  },
  {
    "title": "YearAllOctSolid Biosciences Reports Inducement Grants Under Nasdaq Listing Rule (c)()CHARLESTOWN, Mass. , Oct. ,  (GLOBE NEWSWIRE) -- Solid Bioscience",
    "link": "https://investors.solidbio.com/news-releases/news-release-details/solid-biosciences-reports-inducement-grants-under-nasdaq-",
    "timestamp": "unknown"
  },
  {
    "title": "YearAllOctSolid Biosciences Reports Inducement Grants Under Nasdaq Listing Rule (c)()CHARLESTOWN, Mass. , Oct. ,  (GLOBE NEWSWIRE) -- Solid Bioscience",
    "link": "https://investors.solidbio.com/news-releases/news-release-details/solid-biosciences-reports-inducement-grants-under-nasdaq-",
    "timestamp": "unknown"
  },
  {
    "title": "YearAllOctSolid Biosciences Reports Inducement Grants Under Nasdaq Listing Rule (c)()CHARLESTOWN, Mass. , Oct. ,  (GLOBE NEWSWIRE) -- Solid Bioscience",
    "link": "https://investors.solidbio.com/news-releases/news-release-details/solid-biosciences-reports-inducement-grants-under-nasdaq-",
    "timestamp": "unknown"
  },
  {
    "title": "YearAllOctSolid Biosciences Reports Inducement Grants Under Nasdaq Listing Rule (c)()CHARLESTOWN, Mass. , Oct. ,  (GLOBE NEWSWIRE) -- Solid Bioscience",
    "link": "https://investors.solidbio.com/news-releases/news-release-details/solid-biosciences-reports-inducement-grants-under-nasdaq-",
    "timestamp": "unknown"
  },
  {
    "title": "YearAllOctSolid Biosciences Reports Inducement Grants Under Nasdaq Listing Rule (c)()CHARLESTOWN, Mass. , Oct. ,  (GLOBE NEWSWIRE) -- Solid Bioscience",
    "link": "https://investors.solidbio.com/news-releases/news-release-details/solid-biosciences-reports-inducement-grants-under-nasdaq-",
    "timestamp": "unknown"
  },
  {
    "title": "YearAllOctSolid Biosciences Reports Inducement Grants Under Nasdaq Listing Rule (c)()CHARLESTOWN, Mass. , Oct. ,  (GLOBE NEWSWIRE) -- Solid Bioscience",
    "link": "https://investors.solidbio.com/news-releases/news-release-details/solid-biosciences-reports-inducement-grants-under-nasdaq-",
    "timestamp": "unknown"
  },
  {
    "title": "YearAllOctSolid Biosciences Reports Inducement Grants Under Nasdaq Listing Rule (c)()CHARLESTOWN, Mass. , Oct. ,  (GLOBE NEWSWIRE) -- Solid Bioscience",
    "link": "https://investors.solidbio.com/news-releases/news-release-details/solid-biosciences-reports-inducement-grants-under-nasdaq-",
    "timestamp": "unknown"
  },
  {
    "title": "YearAllOctSolid Biosciences Reports Inducement Grants Under Nasdaq Listing Rule (c)()CHARLESTOWN, Mass. , Oct. ,  (GLOBE NEWSWIRE) -- Solid Bioscience",
    "link": "https://investors.solidbio.com/news-releases/news-release-details/solid-biosciences-reports-inducement-grants-under-nasdaq-",
    "timestamp": "unknown"
  },
  {
    "title": "YearAllOctSolid Biosciences Reports Inducement Grants Under Nasdaq Listing Rule (c)()CHARLESTOWN, Mass. , Oct. ,  (GLOBE NEWSWIRE) -- Solid Bioscience",
    "link": "https://investors.solidbio.com/news-releases/news-release-details/solid-biosciences-reports-inducement-grants-under-nasdaq-",
    "timestamp": "unknown"
  },
  {
    "title": "YearAllOctSolid Biosciences Reports Inducement Grants Under Nasdaq Listing Rule (c)()CHARLESTOWN, Mass. , Oct. ,  (GLOBE NEWSWIRE) -- Solid Bioscience",
    "link": "https://investors.solidbio.com/news-releases/news-release-details/solid-biosciences-reports-inducement-grants-under-nasdaq-",
    "timestamp": "unknown"
  },
  {
    "title": "YearAllOctSolid Biosciences Reports Inducement Grants Under Nasdaq Listing Rule (c)()CHARLESTOWN, Mass. , Oct. ,  (GLOBE NEWSWIRE) -- Solid Bioscience",
    "link": "https://investors.solidbio.com/news-releases/news-release-details/solid-biosciences-reports-inducement-grants-under-nasdaq-",
    "timestamp": "unknown"
  },
  {
    "title": "YearAllOctSolid Biosciences Reports Inducement Grants Under Nasdaq Listing Rule (c)()CHARLESTOWN, Mass. , Oct. ,  (GLOBE NEWSWIRE) -- Solid Bioscience",
    "link": "https://investors.solidbio.com/news-releases/news-release-details/solid-biosciences-reports-inducement-grants-under-nasdaq-",
    "timestamp": "unknown"
  },
  {
    "title": "YearAllOctSolid Biosciences Reports Inducement Grants Under Nasdaq Listing Rule (c)()CHARLESTOWN, Mass. , Oct. ,  (GLOBE NEWSWIRE) -- Solid Bioscience",
    "link": "https://investors.solidbio.com/news-releases/news-release-details/solid-biosciences-reports-inducement-grants-under-nasdaq-",
    "timestamp": "unknown"
  },
  {
    "title": "YearAllOctSolid Biosciences Reports Inducement Grants Under Nasdaq Listing Rule (c)()CHARLESTOWN, Mass. , Oct. ,  (GLOBE NEWSWIRE) -- Solid Bioscience",
    "link": "https://investors.solidbio.com/news-releases/news-release-details/solid-biosciences-reports-inducement-grants-under-nasdaq-",
    "timestamp": "unknown"
  },
  {
    "title": "OctSolid Biosciences Reports Inducement Grants Under Nasdaq Listing Rule (c)()CHARLESTOWN, Mass. , Oct. ,  (GLOBE NEWSWIRE) -- Solid Biosciences Inc. ",
    "link": "https://investors.solidbio.com/news-releases/news-release-details/solid-biosciences-reports-inducement-grants-under-nasdaq-",
    "timestamp": "unknown"
  },
  {
    "title": "OctSolid Biosciences Reports Inducement Grants Under Nasdaq Listing Rule (c)()CHARLESTOWN, Mass. , Oct. ,  (GLOBE NEWSWIRE) -- Solid Biosciences Inc. ",
    "link": "https://investors.solidbio.com/news-releases/news-release-details/solid-biosciences-reports-inducement-grants-under-nasdaq-",
    "timestamp": "unknown"
  },
  {
    "title": "Solid Biosciences Reports Inducement Grants Under Nasdaq Listing Rule (c)()CHARLESTOWN, Mass. , Oct. ,  (GLOBE NEWSWIRE) -- Solid Biosciences Inc. (Na",
    "link": "https://investors.solidbio.com/news-releases/news-release-details/solid-biosciences-reports-inducement-grants-under-nasdaq-",
    "timestamp": "unknown"
  },
  {
    "title": "Solid Biosciences Reports Inducement Grants Under Nasdaq Listing Rule (c)()CHARLESTOWN, Mass. , Oct. ,  (GLOBE NEWSWIRE) -- Solid Biosciences Inc. (Na",
    "link": "https://investors.solidbio.com/news-releases/news-release-details/solid-biosciences-reports-inducement-grants-under-nasdaq-",
    "timestamp": "unknown"
  },
  {
    "title": "Solid Biosciences Reports Inducement Grants Under Nasdaq Listing Rule (c)()",
    "link": "https://investors.solidbio.com/news-releases/news-release-details/solid-biosciences-reports-inducement-grants-under-nasdaq-",
    "timestamp": "unknown"
  },
  {
    "title": "Read More",
    "link": "https://investors.solidbio.com/news-releases/news-release-details/solid-biosciences-reports-inducement-grants-under-nasdaq-",
    "timestamp": "unknown"
  },
  {
    "title": "OctSolid Biosciences to Present at Upcoming Scientific MeetingsCHARLESTOWN, Mass. , Oct. ,  (GLOBE NEWSWIRE) -- Solid Biosciences Inc. (Nasdaq: SLDB),",
    "link": "https://investors.solidbio.com/news-releases/news-release-details/solid-biosciences-present-upcoming-scientific-meetings",
    "timestamp": "unknown"
  },
  {
    "title": "Solid Biosciences to Present at Upcoming Scientific MeetingsCHARLESTOWN, Mass. , Oct. ,  (GLOBE NEWSWIRE) -- Solid Biosciences Inc. (Nasdaq: SLDB), a ",
    "link": "https://investors.solidbio.com/news-releases/news-release-details/solid-biosciences-present-upcoming-scientific-meetings",
    "timestamp": "unknown"
  },
  {
    "title": "Solid Biosciences to Present at Upcoming Scientific MeetingsCHARLESTOWN, Mass. , Oct. ,  (GLOBE NEWSWIRE) -- Solid Biosciences Inc. (Nasdaq: SLDB), a ",
    "link": "https://investors.solidbio.com/news-releases/news-release-details/solid-biosciences-present-upcoming-scientific-meetings",
    "timestamp": "unknown"
  },
  {
    "title": "Solid Biosciences to Present at Upcoming Scientific Meetings",
    "link": "https://investors.solidbio.com/news-releases/news-release-details/solid-biosciences-present-upcoming-scientific-meetings",
    "timestamp": "unknown"
  },
  {
    "title": "Read More",
    "link": "https://investors.solidbio.com/news-releases/news-release-details/solid-biosciences-present-upcoming-scientific-meetings",
    "timestamp": "unknown"
  },
  {
    "title": "SepSolid Biosciences to Present at  Neuromuscular Study Group Annual Scientific MeetingCHARLESTOWN, Mass. , Sept. ,  (GLOBE NEWSWIRE) -- Solid Bioscie",
    "link": "https://investors.solidbio.com/news-releases/news-release-details/solid-biosciences-present--neuromuscular-study-group-annual",
    "timestamp": "unknown"
  },
  {
    "title": "Solid Biosciences to Present at  Neuromuscular Study Group Annual Scientific MeetingCHARLESTOWN, Mass. , Sept. ,  (GLOBE NEWSWIRE) -- Solid Bioscience",
    "link": "https://investors.solidbio.com/news-releases/news-release-details/solid-biosciences-present--neuromuscular-study-group-annual",
    "timestamp": "unknown"
  },
  {
    "title": "Solid Biosciences to Present at  Neuromuscular Study Group Annual Scientific MeetingCHARLESTOWN, Mass. , Sept. ,  (GLOBE NEWSWIRE) -- Solid Bioscience",
    "link": "https://investors.solidbio.com/news-releases/news-release-details/solid-biosciences-present--neuromuscular-study-group-annual",
    "timestamp": "unknown"
  },
  {
    "title": "Solid Biosciences to Present at  Neuromuscular Study Group Annual Scientific Meeting",
    "link": "https://investors.solidbio.com/news-releases/news-release-details/solid-biosciences-present--neuromuscular-study-group-annual",
    "timestamp": "unknown"
  },
  {
    "title": "Read More",
    "link": "https://investors.solidbio.com/news-releases/news-release-details/solid-biosciences-present--neuromuscular-study-group-annual",
    "timestamp": "unknown"
  },
  {
    "title": "SepSolid Biosciences Announces Licensing Agreement with Kinea Bio for the Use of Proprietary Next-Generation Capsid AAV-SLB101- Non-exclusive license ",
    "link": "https://investors.solidbio.com/news-releases/news-release-details/solid-biosciences-announces-licensing-agreement-kinea-bio-use",
    "timestamp": "unknown"
  },
  {
    "title": "Solid Biosciences Announces Licensing Agreement with Kinea Bio for the Use of Proprietary Next-Generation Capsid AAV-SLB101- Non-exclusive license for",
    "link": "https://investors.solidbio.com/news-releases/news-release-details/solid-biosciences-announces-licensing-agreement-kinea-bio-use",
    "timestamp": "unknown"
  },
  {
    "title": "Solid Biosciences Announces Licensing Agreement with Kinea Bio for the Use of Proprietary Next-Generation Capsid AAV-SLB101- Non-exclusive license for",
    "link": "https://investors.solidbio.com/news-releases/news-release-details/solid-biosciences-announces-licensing-agreement-kinea-bio-use",
    "timestamp": "unknown"
  },
  {
    "title": "Solid Biosciences Announces Licensing Agreement with Kinea Bio for the Use of Proprietary Next-Generation Capsid AAV-SLB101",
    "link": "https://investors.solidbio.com/news-releases/news-release-details/solid-biosciences-announces-licensing-agreement-kinea-bio-use",
    "timestamp": "unknown"
  },
  {
    "title": "Read More",
    "link": "https://investors.solidbio.com/news-releases/news-release-details/solid-biosciences-announces-licensing-agreement-kinea-bio-use",
    "timestamp": "unknown"
  },
  {
    "title": "AugSolid Biosciences to Participate at Upcoming Investor ConferencesCHARLESTOWN, Mass. , Aug. ,  (GLOBE NEWSWIRE) -- Solid Biosciences Inc. (Nasdaq: S",
    "link": "https://investors.solidbio.com/news-releases/news-release-details/solid-biosciences-participate-upcoming-investor-conferences-",
    "timestamp": "unknown"
  },
  {
    "title": "Solid Biosciences to Participate at Upcoming Investor ConferencesCHARLESTOWN, Mass. , Aug. ,  (GLOBE NEWSWIRE) -- Solid Biosciences Inc. (Nasdaq: SLDB",
    "link": "https://investors.solidbio.com/news-releases/news-release-details/solid-biosciences-participate-upcoming-investor-conferences-",
    "timestamp": "unknown"
  },
  {
    "title": "Solid Biosciences to Participate at Upcoming Investor ConferencesCHARLESTOWN, Mass. , Aug. ,  (GLOBE NEWSWIRE) -- Solid Biosciences Inc. (Nasdaq: SLDB",
    "link": "https://investors.solidbio.com/news-releases/news-release-details/solid-biosciences-participate-upcoming-investor-conferences-",
    "timestamp": "unknown"
  },
  {
    "title": "Solid Biosciences to Participate at Upcoming Investor Conferences",
    "link": "https://investors.solidbio.com/news-releases/news-release-details/solid-biosciences-participate-upcoming-investor-conferences-",
    "timestamp": "unknown"
  },
  {
    "title": "Read More",
    "link": "https://investors.solidbio.com/news-releases/news-release-details/solid-biosciences-participate-upcoming-investor-conferences-",
    "timestamp": "unknown"
  },
  {
    "title": "AugSolid Biosciences Reports Second Quarter  Financial Results and Provides Business Updates- Duchenne (SGT-):  participants dosed in the Phase / INSP",
    "link": "https://investors.solidbio.com/news-releases/news-release-details/solid-biosciences-reports-second-quarter--financial-results",
    "timestamp": "unknown"
  },
  {
    "title": "Solid Biosciences Reports Second Quarter  Financial Results and Provides Business Updates- Duchenne (SGT-):  participants dosed in the Phase / INSPIRE",
    "link": "https://investors.solidbio.com/news-releases/news-release-details/solid-biosciences-reports-second-quarter--financial-results",
    "timestamp": "unknown"
  },
  {
    "title": "Solid Biosciences Reports Second Quarter  Financial Results and Provides Business Updates- Duchenne (SGT-):  participants dosed in the Phase / INSPIRE",
    "link": "https://investors.solidbio.com/news-releases/news-release-details/solid-biosciences-reports-second-quarter--financial-results",
    "timestamp": "unknown"
  },
  {
    "title": "Solid Biosciences Reports Second Quarter  Financial Results and Provides Business Updates",
    "link": "https://investors.solidbio.com/news-releases/news-release-details/solid-biosciences-reports-second-quarter--financial-results",
    "timestamp": "unknown"
  },
  {
    "title": "Read More",
    "link": "https://investors.solidbio.com/news-releases/news-release-details/solid-biosciences-reports-second-quarter--financial-results",
    "timestamp": "unknown"
  },
  {
    "title": "AugSolid Biosciences Reports Inducement Grants Under Nasdaq Listing Rule (c)()CHARLESTOWN, Mass. , Aug. ,  (GLOBE NEWSWIRE) -- Solid Biosciences Inc.\u00a0",
    "link": "https://investors.solidbio.com/news-releases/news-release-details/solid-biosciences-reports-inducement-grants-under-nasdaq-",
    "timestamp": "unknown"
  },
  {
    "title": "Solid Biosciences Reports Inducement Grants Under Nasdaq Listing Rule (c)()CHARLESTOWN, Mass. , Aug. ,  (GLOBE NEWSWIRE) -- Solid Biosciences Inc.\u00a0(Na",
    "link": "https://investors.solidbio.com/news-releases/news-release-details/solid-biosciences-reports-inducement-grants-under-nasdaq-",
    "timestamp": "unknown"
  },
  {
    "title": "Solid Biosciences Reports Inducement Grants Under Nasdaq Listing Rule (c)()CHARLESTOWN, Mass. , Aug. ,  (GLOBE NEWSWIRE) -- Solid Biosciences Inc.\u00a0(Na",
    "link": "https://investors.solidbio.com/news-releases/news-release-details/solid-biosciences-reports-inducement-grants-under-nasdaq-",
    "timestamp": "unknown"
  },
  {
    "title": "Solid Biosciences Reports Inducement Grants Under Nasdaq Listing Rule (c)()",
    "link": "https://investors.solidbio.com/news-releases/news-release-details/solid-biosciences-reports-inducement-grants-under-nasdaq-",
    "timestamp": "unknown"
  },
  {
    "title": "Read More",
    "link": "https://investors.solidbio.com/news-releases/news-release-details/solid-biosciences-reports-inducement-grants-under-nasdaq-",
    "timestamp": "unknown"
  },
  {
    "title": "JulSolid Biosciences Receives FDA Fast Track Designation for SGT- First-in-Class Gene Therapy for Catecholaminergic Polymorphic Ventricular Tachycardi",
    "link": "https://investors.solidbio.com/news-releases/news-release-details/solid-biosciences-receives-fda-fast-track-designation-sgt-",
    "timestamp": "unknown"
  },
  {
    "title": "Solid Biosciences Receives FDA Fast Track Designation for SGT- First-in-Class Gene Therapy for Catecholaminergic Polymorphic Ventricular Tachycardia (",
    "link": "https://investors.solidbio.com/news-releases/news-release-details/solid-biosciences-receives-fda-fast-track-designation-sgt-",
    "timestamp": "unknown"
  },
  {
    "title": "Solid Biosciences Receives FDA Fast Track Designation for SGT- First-in-Class Gene Therapy for Catecholaminergic Polymorphic Ventricular Tachycardia (",
    "link": "https://investors.solidbio.com/news-releases/news-release-details/solid-biosciences-receives-fda-fast-track-designation-sgt-",
    "timestamp": "unknown"
  },
  {
    "title": "Solid Biosciences Receives FDA Fast Track Designation for SGT- First-in-Class Gene Therapy for Catecholaminergic Polymorphic Ventricular Tachycardia (",
    "link": "https://investors.solidbio.com/news-releases/news-release-details/solid-biosciences-receives-fda-fast-track-designation-sgt-",
    "timestamp": "unknown"
  },
  {
    "title": "Read More",
    "link": "https://investors.solidbio.com/news-releases/news-release-details/solid-biosciences-receives-fda-fast-track-designation-sgt-",
    "timestamp": "unknown"
  },
  {
    "title": "JulSolid Biosciences Announces FDA IND and Health Canada CTA Approval for First-in-Class Cardiac Gene Therapy to Treat Catecholaminergic Polymorphic V",
    "link": "https://investors.solidbio.com/news-releases/news-release-details/solid-biosciences-announces-fda-ind-and-health-canada-cta",
    "timestamp": "unknown"
  },
  {
    "title": "Solid Biosciences Announces FDA IND and Health Canada CTA Approval for First-in-Class Cardiac Gene Therapy to Treat Catecholaminergic Polymorphic Vent",
    "link": "https://investors.solidbio.com/news-releases/news-release-details/solid-biosciences-announces-fda-ind-and-health-canada-cta",
    "timestamp": "unknown"
  },
  {
    "title": "Solid Biosciences Announces FDA IND and Health Canada CTA Approval for First-in-Class Cardiac Gene Therapy to Treat Catecholaminergic Polymorphic Vent",
    "link": "https://investors.solidbio.com/news-releases/news-release-details/solid-biosciences-announces-fda-ind-and-health-canada-cta",
    "timestamp": "unknown"
  },
  {
    "title": "Solid Biosciences Announces FDA IND and Health Canada CTA Approval for First-in-Class Cardiac Gene Therapy to Treat Catecholaminergic Polymorphic Vent",
    "link": "https://investors.solidbio.com/news-releases/news-release-details/solid-biosciences-announces-fda-ind-and-health-canada-cta",
    "timestamp": "unknown"
  },
  {
    "title": "Read More",
    "link": "https://investors.solidbio.com/news-releases/news-release-details/solid-biosciences-announces-fda-ind-and-health-canada-cta",
    "timestamp": "unknown"
  },
  {
    "title": "JulSolid Biosciences Reports Inducement Grants Under Nasdaq Listing Rule (c)()CHARLESTOWN, Mass. , July ,  (GLOBE NEWSWIRE) -- Solid Biosciences Inc.\u00a0",
    "link": "https://investors.solidbio.com/news-releases/news-release-details/solid-biosciences-reports-inducement-grants-under-nasdaq-",
    "timestamp": "unknown"
  },
  {
    "title": "Solid Biosciences Reports Inducement Grants Under Nasdaq Listing Rule (c)()CHARLESTOWN, Mass. , July ,  (GLOBE NEWSWIRE) -- Solid Biosciences Inc.\u00a0(Na",
    "link": "https://investors.solidbio.com/news-releases/news-release-details/solid-biosciences-reports-inducement-grants-under-nasdaq-",
    "timestamp": "unknown"
  },
  {
    "title": "Solid Biosciences Reports Inducement Grants Under Nasdaq Listing Rule (c)()CHARLESTOWN, Mass. , July ,  (GLOBE NEWSWIRE) -- Solid Biosciences Inc.\u00a0(Na",
    "link": "https://investors.solidbio.com/news-releases/news-release-details/solid-biosciences-reports-inducement-grants-under-nasdaq-",
    "timestamp": "unknown"
  },
  {
    "title": "Solid Biosciences Reports Inducement Grants Under Nasdaq Listing Rule (c)()",
    "link": "https://investors.solidbio.com/news-releases/news-release-details/solid-biosciences-reports-inducement-grants-under-nasdaq-",
    "timestamp": "unknown"
  },
  {
    "title": "Read More",
    "link": "https://investors.solidbio.com/news-releases/news-release-details/solid-biosciences-reports-inducement-grants-under-nasdaq-",
    "timestamp": "unknown"
  },
  {
    "title": "JunSolid Biosciences Reports Inducement Grants Under Nasdaq Listing Rule (c)()CHARLESTOWN, Mass. , June ,  (GLOBE NEWSWIRE) -- Solid Biosciences Inc.\u00a0",
    "link": "https://investors.solidbio.com/news-releases/news-release-details/solid-biosciences-reports-inducement-grants-under-nasdaq-",
    "timestamp": "unknown"
  },
  {
    "title": "Solid Biosciences Reports Inducement Grants Under Nasdaq Listing Rule (c)()CHARLESTOWN, Mass. , June ,  (GLOBE NEWSWIRE) -- Solid Biosciences Inc.\u00a0(Na",
    "link": "https://investors.solidbio.com/news-releases/news-release-details/solid-biosciences-reports-inducement-grants-under-nasdaq-",
    "timestamp": "unknown"
  },
  {
    "title": "Solid Biosciences Reports Inducement Grants Under Nasdaq Listing Rule (c)()CHARLESTOWN, Mass. , June ,  (GLOBE NEWSWIRE) -- Solid Biosciences Inc.\u00a0(Na",
    "link": "https://investors.solidbio.com/news-releases/news-release-details/solid-biosciences-reports-inducement-grants-under-nasdaq-",
    "timestamp": "unknown"
  },
  {
    "title": "Solid Biosciences Reports Inducement Grants Under Nasdaq Listing Rule (c)()",
    "link": "https://investors.solidbio.com/news-releases/news-release-details/solid-biosciences-reports-inducement-grants-under-nasdaq-",
    "timestamp": "unknown"
  },
  {
    "title": "Read More",
    "link": "https://investors.solidbio.com/news-releases/news-release-details/solid-biosciences-reports-inducement-grants-under-nasdaq-",
    "timestamp": "unknown"
  },
  {
    "title": "MaySolid Biosciences to Participate at the Jefferies Global Healthcare ConferenceCHARLESTOWN, Mass. , May ,  (GLOBE NEWSWIRE) -- Solid Biosciences Inc",
    "link": "https://investors.solidbio.com/news-releases/news-release-details/solid-biosciences-participate-jefferies-global-healthcare",
    "timestamp": "unknown"
  },
  {
    "title": "Solid Biosciences to Participate at the Jefferies Global Healthcare ConferenceCHARLESTOWN, Mass. , May ,  (GLOBE NEWSWIRE) -- Solid Biosciences Inc. (",
    "link": "https://investors.solidbio.com/news-releases/news-release-details/solid-biosciences-participate-jefferies-global-healthcare",
    "timestamp": "unknown"
  },
  {
    "title": "Solid Biosciences to Participate at the Jefferies Global Healthcare ConferenceCHARLESTOWN, Mass. , May ,  (GLOBE NEWSWIRE) -- Solid Biosciences Inc. (",
    "link": "https://investors.solidbio.com/news-releases/news-release-details/solid-biosciences-participate-jefferies-global-healthcare",
    "timestamp": "unknown"
  },
  {
    "title": "Solid Biosciences to Participate at the Jefferies Global Healthcare Conference",
    "link": "https://investors.solidbio.com/news-releases/news-release-details/solid-biosciences-participate-jefferies-global-healthcare",
    "timestamp": "unknown"
  },
  {
    "title": "Read More",
    "link": "https://investors.solidbio.com/news-releases/news-release-details/solid-biosciences-participate-jefferies-global-healthcare",
    "timestamp": "unknown"
  },
  {
    "title": "MaySolid Biosciences Reports First Quarter  Financial Results and Provides Business Updates- Duchenne (SGT-) : Participant dosing ongoing in the Phase",
    "link": "https://investors.solidbio.com/news-releases/news-release-details/solid-biosciences-reports-first-quarter--financial-results",
    "timestamp": "unknown"
  },
  {
    "title": "Solid Biosciences Reports First Quarter  Financial Results and Provides Business Updates- Duchenne (SGT-) : Participant dosing ongoing in the Phase / ",
    "link": "https://investors.solidbio.com/news-releases/news-release-details/solid-biosciences-reports-first-quarter--financial-results",
    "timestamp": "unknown"
  },
  {
    "title": "Solid Biosciences Reports First Quarter  Financial Results and Provides Business Updates- Duchenne (SGT-) : Participant dosing ongoing in the Phase / ",
    "link": "https://investors.solidbio.com/news-releases/news-release-details/solid-biosciences-reports-first-quarter--financial-results",
    "timestamp": "unknown"
  },
  {
    "title": "Solid Biosciences Reports First Quarter  Financial Results and Provides Business Updates",
    "link": "https://investors.solidbio.com/news-releases/news-release-details/solid-biosciences-reports-first-quarter--financial-results",
    "timestamp": "unknown"
  },
  {
    "title": "Read More",
    "link": "https://investors.solidbio.com/news-releases/news-release-details/solid-biosciences-reports-first-quarter--financial-results",
    "timestamp": "unknown"
  },
  {
    "title": "MaySolid Biosciences Reports Inducement Grants Under Nasdaq Listing Rule (c)()CHARLESTOWN, Mass. , May ,  (GLOBE NEWSWIRE) -- Solid Biosciences Inc.\u00a0(",
    "link": "https://investors.solidbio.com/news-releases/news-release-details/solid-biosciences-reports-inducement-grants-under-nasdaq-",
    "timestamp": "unknown"
  },
  {
    "title": "Solid Biosciences Reports Inducement Grants Under Nasdaq Listing Rule (c)()CHARLESTOWN, Mass. , May ,  (GLOBE NEWSWIRE) -- Solid Biosciences Inc.\u00a0(Nas",
    "link": "https://investors.solidbio.com/news-releases/news-release-details/solid-biosciences-reports-inducement-grants-under-nasdaq-",
    "timestamp": "unknown"
  },
  {
    "title": "Solid Biosciences Reports Inducement Grants Under Nasdaq Listing Rule (c)()CHARLESTOWN, Mass. , May ,  (GLOBE NEWSWIRE) -- Solid Biosciences Inc.\u00a0(Nas",
    "link": "https://investors.solidbio.com/news-releases/news-release-details/solid-biosciences-reports-inducement-grants-under-nasdaq-",
    "timestamp": "unknown"
  },
  {
    "title": "Solid Biosciences Reports Inducement Grants Under Nasdaq Listing Rule (c)()",
    "link": "https://investors.solidbio.com/news-releases/news-release-details/solid-biosciences-reports-inducement-grants-under-nasdaq-",
    "timestamp": "unknown"
  },
  {
    "title": "Read More",
    "link": "https://investors.solidbio.com/news-releases/news-release-details/solid-biosciences-reports-inducement-grants-under-nasdaq-",
    "timestamp": "unknown"
  },
  {
    "title": "AprSolid Biosciences to Participate at The Citizens Life Sciences ConferenceCHARLESTOWN, Mass. , April ,  (GLOBE NEWSWIRE) -- Solid Biosciences Inc. (",
    "link": "https://investors.solidbio.com/news-releases/news-release-details/solid-biosciences-participate-citizens-life-sciences-conference",
    "timestamp": "unknown"
  },
  {
    "title": "Solid Biosciences to Participate at The Citizens Life Sciences ConferenceCHARLESTOWN, Mass. , April ,  (GLOBE NEWSWIRE) -- Solid Biosciences Inc. (Nas",
    "link": "https://investors.solidbio.com/news-releases/news-release-details/solid-biosciences-participate-citizens-life-sciences-conference",
    "timestamp": "unknown"
  },
  {
    "title": "Solid Biosciences to Participate at The Citizens Life Sciences ConferenceCHARLESTOWN, Mass. , April ,  (GLOBE NEWSWIRE) -- Solid Biosciences Inc. (Nas",
    "link": "https://investors.solidbio.com/news-releases/news-release-details/solid-biosciences-participate-citizens-life-sciences-conference",
    "timestamp": "unknown"
  },
  {
    "title": "Solid Biosciences to Participate at The Citizens Life Sciences Conference",
    "link": "https://investors.solidbio.com/news-releases/news-release-details/solid-biosciences-participate-citizens-life-sciences-conference",
    "timestamp": "unknown"
  },
  {
    "title": "Read More",
    "link": "https://investors.solidbio.com/news-releases/news-release-details/solid-biosciences-participate-citizens-life-sciences-conference",
    "timestamp": "unknown"
  },
  {
    "title": "AprSolid Biosciences to Present at the American Society of Gene and Cell Therapy\u2019s 28th Annual MeetingCHARLESTOWN, Mass. , April ,  (GLOBE NEWSWIRE) -",
    "link": "https://investors.solidbio.com/news-releases/news-release-details/solid-biosciences-present-american-society-gene-and-cell",
    "timestamp": "unknown"
  },
  {
    "title": "Solid Biosciences to Present at the American Society of Gene and Cell Therapy\u2019s 28th Annual MeetingCHARLESTOWN, Mass. , April ,  (GLOBE NEWSWIRE) -- S",
    "link": "https://investors.solidbio.com/news-releases/news-release-details/solid-biosciences-present-american-society-gene-and-cell",
    "timestamp": "unknown"
  },
  {
    "title": "Solid Biosciences to Present at the American Society of Gene and Cell Therapy\u2019s 28th Annual MeetingCHARLESTOWN, Mass. , April ,  (GLOBE NEWSWIRE) -- S",
    "link": "https://investors.solidbio.com/news-releases/news-release-details/solid-biosciences-present-american-society-gene-and-cell",
    "timestamp": "unknown"
  },
  {
    "title": "Solid Biosciences to Present at the American Society of Gene and Cell Therapy\u2019s 28th Annual Meeting",
    "link": "https://investors.solidbio.com/news-releases/news-release-details/solid-biosciences-present-american-society-gene-and-cell",
    "timestamp": "unknown"
  },
  {
    "title": "Read More",
    "link": "https://investors.solidbio.com/news-releases/news-release-details/solid-biosciences-present-american-society-gene-and-cell",
    "timestamp": "unknown"
  },
  {
    "title": "AprSolid Biosciences to Participate at Upcoming Investor ConferencesCHARLESTOWN, Mass. , April ,  (GLOBE NEWSWIRE) -- Solid Biosciences Inc. (Nasdaq: ",
    "link": "https://investors.solidbio.com/news-releases/news-release-details/solid-biosciences-participate-upcoming-investor-conferences-",
    "timestamp": "unknown"
  },
  {
    "title": "Solid Biosciences to Participate at Upcoming Investor ConferencesCHARLESTOWN, Mass. , April ,  (GLOBE NEWSWIRE) -- Solid Biosciences Inc. (Nasdaq: SLD",
    "link": "https://investors.solidbio.com/news-releases/news-release-details/solid-biosciences-participate-upcoming-investor-conferences-",
    "timestamp": "unknown"
  },
  {
    "title": "Solid Biosciences to Participate at Upcoming Investor ConferencesCHARLESTOWN, Mass. , April ,  (GLOBE NEWSWIRE) -- Solid Biosciences Inc. (Nasdaq: SLD",
    "link": "https://investors.solidbio.com/news-releases/news-release-details/solid-biosciences-participate-upcoming-investor-conferences-",
    "timestamp": "unknown"
  },
  {
    "title": "Solid Biosciences to Participate at Upcoming Investor Conferences",
    "link": "https://investors.solidbio.com/news-releases/news-release-details/solid-biosciences-participate-upcoming-investor-conferences-",
    "timestamp": "unknown"
  },
  {
    "title": "Read More",
    "link": "https://investors.solidbio.com/news-releases/news-release-details/solid-biosciences-participate-upcoming-investor-conferences-",
    "timestamp": "unknown"
  },
  {
    "title": "AprSolid Biosciences Reports Inducement Grants Under Nasdaq Listing Rule (c)()CHARLESTOWN, Mass. , April ,  (GLOBE NEWSWIRE) -- Solid Biosciences Inc.",
    "link": "https://investors.solidbio.com/news-releases/news-release-details/solid-biosciences-reports-inducement-grants-under-nasdaq-",
    "timestamp": "unknown"
  },
  {
    "title": "Solid Biosciences Reports Inducement Grants Under Nasdaq Listing Rule (c)()CHARLESTOWN, Mass. , April ,  (GLOBE NEWSWIRE) -- Solid Biosciences Inc.\u00a0(N",
    "link": "https://investors.solidbio.com/news-releases/news-release-details/solid-biosciences-reports-inducement-grants-under-nasdaq-",
    "timestamp": "unknown"
  },
  {
    "title": "Solid Biosciences Reports Inducement Grants Under Nasdaq Listing Rule (c)()CHARLESTOWN, Mass. , April ,  (GLOBE NEWSWIRE) -- Solid Biosciences Inc.\u00a0(N",
    "link": "https://investors.solidbio.com/news-releases/news-release-details/solid-biosciences-reports-inducement-grants-under-nasdaq-",
    "timestamp": "unknown"
  },
  {
    "title": "Solid Biosciences Reports Inducement Grants Under Nasdaq Listing Rule (c)()",
    "link": "https://investors.solidbio.com/news-releases/news-release-details/solid-biosciences-reports-inducement-grants-under-nasdaq-",
    "timestamp": "unknown"
  },
  {
    "title": "Read More",
    "link": "https://investors.solidbio.com/news-releases/news-release-details/solid-biosciences-reports-inducement-grants-under-nasdaq-",
    "timestamp": "unknown"
  },
  {
    "title": "MarSolid Biosciences to Present at the  Muscular Dystrophy Association (MDA) Clinical & Scientific ConferenceCHARLESTOWN, Mass. , March ,  (GLOBE NEWS",
    "link": "https://investors.solidbio.com/news-releases/news-release-details/solid-biosciences-present--muscular-dystrophy-association",
    "timestamp": "unknown"
  },
  {
    "title": "Solid Biosciences to Present at the  Muscular Dystrophy Association (MDA) Clinical & Scientific ConferenceCHARLESTOWN, Mass. , March ,  (GLOBE NEWSWIR",
    "link": "https://investors.solidbio.com/news-releases/news-release-details/solid-biosciences-present--muscular-dystrophy-association",
    "timestamp": "unknown"
  },
  {
    "title": "Solid Biosciences to Present at the  Muscular Dystrophy Association (MDA) Clinical & Scientific ConferenceCHARLESTOWN, Mass. , March ,  (GLOBE NEWSWIR",
    "link": "https://investors.solidbio.com/news-releases/news-release-details/solid-biosciences-present--muscular-dystrophy-association",
    "timestamp": "unknown"
  },
  {
    "title": "Solid Biosciences to Present at the  Muscular Dystrophy Association (MDA) Clinical & Scientific Conference",
    "link": "https://investors.solidbio.com/news-releases/news-release-details/solid-biosciences-present--muscular-dystrophy-association",
    "timestamp": "unknown"
  },
  {
    "title": "Read More",
    "link": "https://investors.solidbio.com/news-releases/news-release-details/solid-biosciences-present--muscular-dystrophy-association",
    "timestamp": "unknown"
  },
  {
    "title": "MarSolid Biosciences Reports Fourth Quarter and Full Year  Financial Results and Provides Business Updates- Duchenne : Reported positive initial data ",
    "link": "https://investors.solidbio.com/news-releases/news-release-details/solid-biosciences-reports-fourth-quarter-and-full-year-",
    "timestamp": "unknown"
  },
  {
    "title": "Solid Biosciences Reports Fourth Quarter and Full Year  Financial Results and Provides Business Updates- Duchenne : Reported positive initial data fro",
    "link": "https://investors.solidbio.com/news-releases/news-release-details/solid-biosciences-reports-fourth-quarter-and-full-year-",
    "timestamp": "unknown"
  },
  {
    "title": "Solid Biosciences Reports Fourth Quarter and Full Year  Financial Results and Provides Business Updates- Duchenne : Reported positive initial data fro",
    "link": "https://investors.solidbio.com/news-releases/news-release-details/solid-biosciences-reports-fourth-quarter-and-full-year-",
    "timestamp": "unknown"
  },
  {
    "title": "Solid Biosciences Reports Fourth Quarter and Full Year  Financial Results and Provides Business Updates",
    "link": "https://investors.solidbio.com/news-releases/news-release-details/solid-biosciences-reports-fourth-quarter-and-full-year-",
    "timestamp": "unknown"
  },
  {
    "title": "Read More",
    "link": "https://investors.solidbio.com/news-releases/news-release-details/solid-biosciences-reports-fourth-quarter-and-full-year-",
    "timestamp": "unknown"
  },
  {
    "title": "MarSolid Biosciences to Participate at Upcoming Investor ConferencesCHARLESTOWN, Mass. , March ,  (GLOBE NEWSWIRE) -- Solid Biosciences Inc. (Nasdaq: ",
    "link": "https://investors.solidbio.com/news-releases/news-release-details/solid-biosciences-participate-upcoming-investor-conferences-",
    "timestamp": "unknown"
  },
  {
    "title": "Solid Biosciences to Participate at Upcoming Investor ConferencesCHARLESTOWN, Mass. , March ,  (GLOBE NEWSWIRE) -- Solid Biosciences Inc. (Nasdaq: SLD",
    "link": "https://investors.solidbio.com/news-releases/news-release-details/solid-biosciences-participate-upcoming-investor-conferences-",
    "timestamp": "unknown"
  },
  {
    "title": "Solid Biosciences to Participate at Upcoming Investor ConferencesCHARLESTOWN, Mass. , March ,  (GLOBE NEWSWIRE) -- Solid Biosciences Inc. (Nasdaq: SLD",
    "link": "https://investors.solidbio.com/news-releases/news-release-details/solid-biosciences-participate-upcoming-investor-conferences-",
    "timestamp": "unknown"
  },
  {
    "title": "Solid Biosciences to Participate at Upcoming Investor Conferences",
    "link": "https://investors.solidbio.com/news-releases/news-release-details/solid-biosciences-participate-upcoming-investor-conferences-",
    "timestamp": "unknown"
  },
  {
    "title": "Read More",
    "link": "https://investors.solidbio.com/news-releases/news-release-details/solid-biosciences-participate-upcoming-investor-conferences-",
    "timestamp": "unknown"
  },
  {
    "title": "MarSolid Biosciences Reports Inducement Grants Under Nasdaq Listing Rule (c)()CHARLESTOWN, Mass. , March ,  (GLOBE NEWSWIRE) -- Solid Biosciences Inc.",
    "link": "https://investors.solidbio.com/news-releases/news-release-details/solid-biosciences-reports-inducement-grants-under-nasdaq-",
    "timestamp": "unknown"
  },
  {
    "title": "Solid Biosciences Reports Inducement Grants Under Nasdaq Listing Rule (c)()CHARLESTOWN, Mass. , March ,  (GLOBE NEWSWIRE) -- Solid Biosciences Inc.\u00a0(N",
    "link": "https://investors.solidbio.com/news-releases/news-release-details/solid-biosciences-reports-inducement-grants-under-nasdaq-",
    "timestamp": "unknown"
  },
  {
    "title": "Solid Biosciences Reports Inducement Grants Under Nasdaq Listing Rule (c)()CHARLESTOWN, Mass. , March ,  (GLOBE NEWSWIRE) -- Solid Biosciences Inc.\u00a0(N",
    "link": "https://investors.solidbio.com/news-releases/news-release-details/solid-biosciences-reports-inducement-grants-under-nasdaq-",
    "timestamp": "unknown"
  },
  {
    "title": "Solid Biosciences Reports Inducement Grants Under Nasdaq Listing Rule (c)()",
    "link": "https://investors.solidbio.com/news-releases/news-release-details/solid-biosciences-reports-inducement-grants-under-nasdaq-",
    "timestamp": "unknown"
  },
  {
    "title": "Read More",
    "link": "https://investors.solidbio.com/news-releases/news-release-details/solid-biosciences-reports-inducement-grants-under-nasdaq-",
    "timestamp": "unknown"
  },
  {
    "title": "FebSolid Biosciences Announces Pricing of Underwritten OfferingCHARLESTOWN, Mass. , Feb. ,  (GLOBE NEWSWIRE) -- Solid Biosciences Inc. (Nasdaq: SLDB) ",
    "link": "https://investors.solidbio.com/news-releases/news-release-details/solid-biosciences-announces-pricing-underwritten-offering",
    "timestamp": "unknown"
  },
  {
    "title": "Solid Biosciences Announces Pricing of Underwritten OfferingCHARLESTOWN, Mass. , Feb. ,  (GLOBE NEWSWIRE) -- Solid Biosciences Inc. (Nasdaq: SLDB) (th",
    "link": "https://investors.solidbio.com/news-releases/news-release-details/solid-biosciences-announces-pricing-underwritten-offering",
    "timestamp": "unknown"
  },
  {
    "title": "Solid Biosciences Announces Pricing of Underwritten OfferingCHARLESTOWN, Mass. , Feb. ,  (GLOBE NEWSWIRE) -- Solid Biosciences Inc. (Nasdaq: SLDB) (th",
    "link": "https://investors.solidbio.com/news-releases/news-release-details/solid-biosciences-announces-pricing-underwritten-offering",
    "timestamp": "unknown"
  },
  {
    "title": "Solid Biosciences Announces Pricing of Underwritten Offering",
    "link": "https://investors.solidbio.com/news-releases/news-release-details/solid-biosciences-announces-pricing-underwritten-offering",
    "timestamp": "unknown"
  },
  {
    "title": "Read More",
    "link": "https://investors.solidbio.com/news-releases/news-release-details/solid-biosciences-announces-pricing-underwritten-offering",
    "timestamp": "unknown"
  },
  {
    "title": "FebSolid Biosciences Reports Positive Initial Clinical Data from Next-Generation Duchenne Gene Therapy Candidate SGT-\u2014 Day  biopsy data reported from ",
    "link": "https://investors.solidbio.com/news-releases/news-release-details/solid-biosciences-reports-positive-initial-clinical-data-next",
    "timestamp": "unknown"
  },
  {
    "title": "Solid Biosciences Reports Positive Initial Clinical Data from Next-Generation Duchenne Gene Therapy Candidate SGT-\u2014 Day  biopsy data reported from fir",
    "link": "https://investors.solidbio.com/news-releases/news-release-details/solid-biosciences-reports-positive-initial-clinical-data-next",
    "timestamp": "unknown"
  },
  {
    "title": "Solid Biosciences Reports Positive Initial Clinical Data from Next-Generation Duchenne Gene Therapy Candidate SGT-\u2014 Day  biopsy data reported from fir",
    "link": "https://investors.solidbio.com/news-releases/news-release-details/solid-biosciences-reports-positive-initial-clinical-data-next",
    "timestamp": "unknown"
  },
  {
    "title": "Solid Biosciences Reports Positive Initial Clinical Data from Next-Generation Duchenne Gene Therapy Candidate SGT-",
    "link": "https://investors.solidbio.com/news-releases/news-release-details/solid-biosciences-reports-positive-initial-clinical-data-next",
    "timestamp": "unknown"
  },
  {
    "title": "Read More",
    "link": "https://investors.solidbio.com/news-releases/news-release-details/solid-biosciences-reports-positive-initial-clinical-data-next",
    "timestamp": "unknown"
  },
  {
    "title": "FebSolid Biosciences Reports Inducement Grants Under Nasdaq Listing Rule (c)()CHARLESTOWN, Mass. , Feb. ,  (GLOBE NEWSWIRE) -- Solid Biosciences Inc.\u00a0",
    "link": "https://investors.solidbio.com/news-releases/news-release-details/solid-biosciences-reports-inducement-grants-under-nasdaq-",
    "timestamp": "unknown"
  },
  {
    "title": "Solid Biosciences Reports Inducement Grants Under Nasdaq Listing Rule (c)()CHARLESTOWN, Mass. , Feb. ,  (GLOBE NEWSWIRE) -- Solid Biosciences Inc.\u00a0(Na",
    "link": "https://investors.solidbio.com/news-releases/news-release-details/solid-biosciences-reports-inducement-grants-under-nasdaq-",
    "timestamp": "unknown"
  },
  {
    "title": "Solid Biosciences Reports Inducement Grants Under Nasdaq Listing Rule (c)()CHARLESTOWN, Mass. , Feb. ,  (GLOBE NEWSWIRE) -- Solid Biosciences Inc.\u00a0(Na",
    "link": "https://investors.solidbio.com/news-releases/news-release-details/solid-biosciences-reports-inducement-grants-under-nasdaq-",
    "timestamp": "unknown"
  },
  {
    "title": "Solid Biosciences Reports Inducement Grants Under Nasdaq Listing Rule (c)()",
    "link": "https://investors.solidbio.com/news-releases/news-release-details/solid-biosciences-reports-inducement-grants-under-nasdaq-",
    "timestamp": "unknown"
  },
  {
    "title": "Read More",
    "link": "https://investors.solidbio.com/news-releases/news-release-details/solid-biosciences-reports-inducement-grants-under-nasdaq-",
    "timestamp": "unknown"
  },
  {
    "title": "JanSolid Biosciences Receives FDA Fast Track Designation for SGT- Dual Route of Administration Gene Therapy for Friedreich\u2019s Ataxia- Only dual route g",
    "link": "https://investors.solidbio.com/news-releases/news-release-details/solid-biosciences-receives-fda-fast-track-designation-sgt-",
    "timestamp": "unknown"
  },
  {
    "title": "Solid Biosciences Receives FDA Fast Track Designation for SGT- Dual Route of Administration Gene Therapy for Friedreich\u2019s Ataxia- Only dual route gene",
    "link": "https://investors.solidbio.com/news-releases/news-release-details/solid-biosciences-receives-fda-fast-track-designation-sgt-",
    "timestamp": "unknown"
  },
  {
    "title": "Solid Biosciences Receives FDA Fast Track Designation for SGT- Dual Route of Administration Gene Therapy for Friedreich\u2019s Ataxia- Only dual route gene",
    "link": "https://investors.solidbio.com/news-releases/news-release-details/solid-biosciences-receives-fda-fast-track-designation-sgt-",
    "timestamp": "unknown"
  },
  {
    "title": "Solid Biosciences Receives FDA Fast Track Designation for SGT- Dual Route of Administration Gene Therapy for Friedreich\u2019s Ataxia",
    "link": "https://investors.solidbio.com/news-releases/news-release-details/solid-biosciences-receives-fda-fast-track-designation-sgt-",
    "timestamp": "unknown"
  },
  {
    "title": "Read More",
    "link": "https://investors.solidbio.com/news-releases/news-release-details/solid-biosciences-receives-fda-fast-track-designation-sgt-",
    "timestamp": "unknown"
  },
  {
    "title": "JanSolid Biosciences Outlines Key Priorities for Advancing Diversified Neuromuscular and Cardiac Development Pipeline and Establishing Leadership in P",
    "link": "https://investors.solidbio.com/news-releases/news-release-details/solid-biosciences-outlines-key-priorities-advancing-diversified",
    "timestamp": "unknown"
  },
  {
    "title": "Solid Biosciences Outlines Key Priorities for Advancing Diversified Neuromuscular and Cardiac Development Pipeline and Establishing Leadership in Prec",
    "link": "https://investors.solidbio.com/news-releases/news-release-details/solid-biosciences-outlines-key-priorities-advancing-diversified",
    "timestamp": "unknown"
  },
  {
    "title": "Solid Biosciences Outlines Key Priorities for Advancing Diversified Neuromuscular and Cardiac Development Pipeline and Establishing Leadership in Prec",
    "link": "https://investors.solidbio.com/news-releases/news-release-details/solid-biosciences-outlines-key-priorities-advancing-diversified",
    "timestamp": "unknown"
  },
  {
    "title": "Solid Biosciences Outlines Key Priorities for Advancing Diversified Neuromuscular and Cardiac Development Pipeline and Establishing Leadership in Prec",
    "link": "https://investors.solidbio.com/news-releases/news-release-details/solid-biosciences-outlines-key-priorities-advancing-diversified",
    "timestamp": "unknown"
  },
  {
    "title": "Read More",
    "link": "https://investors.solidbio.com/news-releases/news-release-details/solid-biosciences-outlines-key-priorities-advancing-diversified",
    "timestamp": "unknown"
  },
  {
    "title": "JanSolid Biosciences to Present at the 43rd Annual J.P. Morgan Healthcare ConferenceCHARLESTOWN, Mass. , Jan. ,  (GLOBE NEWSWIRE) -- Solid Biosciences",
    "link": "https://investors.solidbio.com/news-releases/news-release-details/solid-biosciences-present-43rd-annual-jp-morgan-healthcare",
    "timestamp": "unknown"
  },
  {
    "title": "Solid Biosciences to Present at the 43rd Annual J.P. Morgan Healthcare ConferenceCHARLESTOWN, Mass. , Jan. ,  (GLOBE NEWSWIRE) -- Solid Biosciences In",
    "link": "https://investors.solidbio.com/news-releases/news-release-details/solid-biosciences-present-43rd-annual-jp-morgan-healthcare",
    "timestamp": "unknown"
  },
  {
    "title": "Solid Biosciences to Present at the 43rd Annual J.P. Morgan Healthcare ConferenceCHARLESTOWN, Mass. , Jan. ,  (GLOBE NEWSWIRE) -- Solid Biosciences In",
    "link": "https://investors.solidbio.com/news-releases/news-release-details/solid-biosciences-present-43rd-annual-jp-morgan-healthcare",
    "timestamp": "unknown"
  },
  {
    "title": "Solid Biosciences to Present at the 43rd Annual J.P. Morgan Healthcare Conference",
    "link": "https://investors.solidbio.com/news-releases/news-release-details/solid-biosciences-present-43rd-annual-jp-morgan-healthcare",
    "timestamp": "unknown"
  },
  {
    "title": "Read More",
    "link": "https://investors.solidbio.com/news-releases/news-release-details/solid-biosciences-present-43rd-annual-jp-morgan-healthcare",
    "timestamp": "unknown"
  },
  {
    "title": "JanSolid Biosciences Announces FDA IND Clearance for First-In-Industry Dual Route of Administration Gene Therapy to Treat Both Neurologic and Cardiac ",
    "link": "https://investors.solidbio.com/news-releases/news-release-details/solid-biosciences-announces-fda-ind-clearance-first-industry",
    "timestamp": "unknown"
  },
  {
    "title": "Solid Biosciences Announces FDA IND Clearance for First-In-Industry Dual Route of Administration Gene Therapy to Treat Both Neurologic and Cardiac Man",
    "link": "https://investors.solidbio.com/news-releases/news-release-details/solid-biosciences-announces-fda-ind-clearance-first-industry",
    "timestamp": "unknown"
  },
  {
    "title": "Solid Biosciences Announces FDA IND Clearance for First-In-Industry Dual Route of Administration Gene Therapy to Treat Both Neurologic and Cardiac Man",
    "link": "https://investors.solidbio.com/news-releases/news-release-details/solid-biosciences-announces-fda-ind-clearance-first-industry",
    "timestamp": "unknown"
  },
  {
    "title": "Solid Biosciences Announces FDA IND Clearance for First-In-Industry Dual Route of Administration Gene Therapy to Treat Both Neurologic and Cardiac Man",
    "link": "https://investors.solidbio.com/news-releases/news-release-details/solid-biosciences-announces-fda-ind-clearance-first-industry",
    "timestamp": "unknown"
  },
  {
    "title": "Read More",
    "link": "https://investors.solidbio.com/news-releases/news-release-details/solid-biosciences-announces-fda-ind-clearance-first-industry",
    "timestamp": "unknown"
  },
  {
    "title": "JanSolid Biosciences Reports Inducement Grants Under Nasdaq Listing Rule (c)()CHARLESTOWN, Mass. , Jan. ,  (GLOBE NEWSWIRE) -- Solid Biosciences Inc.\u00a0",
    "link": "https://investors.solidbio.com/news-releases/news-release-details/solid-biosciences-reports-inducement-grants-under-nasdaq-",
    "timestamp": "unknown"
  },
  {
    "title": "Solid Biosciences Reports Inducement Grants Under Nasdaq Listing Rule (c)()CHARLESTOWN, Mass. , Jan. ,  (GLOBE NEWSWIRE) -- Solid Biosciences Inc.\u00a0(Na",
    "link": "https://investors.solidbio.com/news-releases/news-release-details/solid-biosciences-reports-inducement-grants-under-nasdaq-",
    "timestamp": "unknown"
  },
  {
    "title": "Solid Biosciences Reports Inducement Grants Under Nasdaq Listing Rule (c)()CHARLESTOWN, Mass. , Jan. ,  (GLOBE NEWSWIRE) -- Solid Biosciences Inc.\u00a0(Na",
    "link": "https://investors.solidbio.com/news-releases/news-release-details/solid-biosciences-reports-inducement-grants-under-nasdaq-",
    "timestamp": "unknown"
  },
  {
    "title": "Solid Biosciences Reports Inducement Grants Under Nasdaq Listing Rule (c)()",
    "link": "https://investors.solidbio.com/news-releases/news-release-details/solid-biosciences-reports-inducement-grants-under-nasdaq-",
    "timestamp": "unknown"
  },
  {
    "title": "Read More",
    "link": "https://investors.solidbio.com/news-releases/news-release-details/solid-biosciences-reports-inducement-grants-under-nasdaq-",
    "timestamp": "unknown"
  },
  {
    "title": "Stay ConnectedJoin our team of experts to advance treatments for patientsLearn MoreContact UsPrivacy PolicyTerms & Conditions\u00a9  Solid Biosciences Inc.",
    "link": "https://www.linkedin.com/company/solid-biosciences",
    "timestamp": "unknown"
  },
  {
    "title": "Stay ConnectedJoin our team of experts to advance treatments for patientsLearn More",
    "link": "https://www.linkedin.com/company/solid-biosciences",
    "timestamp": "unknown"
  },
  {
    "title": "Stay Connected",
    "link": "https://www.linkedin.com/company/solid-biosciences",
    "timestamp": "unknown"
  },
  {
    "title": "Join our team of experts to advance treatments for patientsLearn More",
    "link": "https://www.solidbio.com/about/careers/open-positions",
    "timestamp": "unknown"
  },
  {
    "title": "Join our team of experts to advance treatments for patientsLearn More",
    "link": "https://www.solidbio.com/about/careers/open-positions",
    "timestamp": "unknown"
  },
  {
    "title": "Contact Us",
    "link": "https://www.solidbio.com/contact",
    "timestamp": "unknown"
  },
  {
    "title": "Privacy Policy",
    "link": "https://www.solidbio.com/privacy",
    "timestamp": "unknown"
  },
  {
    "title": "Terms & Conditions",
    "link": "https://www.solidbio.com/terms-conditions",
    "timestamp": "unknown"
  }
]