[
  {
    "title": "AboutOur SciencePatient & Caregiver ResourcesPartner With UsInvestors & MediaBackAboutMissionGuiding PrinciplesCollaborations & PartnershipsSolid Team",
    "link": "https://www.solidbio.com/",
    "timestamp": "unknown"
  },
  {
    "title": "AboutOur SciencePatient & Caregiver ResourcesPartner With UsInvestors & Media",
    "link": "https://www.solidbio.com/",
    "timestamp": "unknown"
  },
  {
    "title": "AboutOur SciencePatient & Caregiver ResourcesPartner With UsInvestors & Media",
    "link": "https://www.solidbio.com/partners/",
    "timestamp": "unknown"
  },
  {
    "title": "AboutOur SciencePatient & Caregiver ResourcesPartner With UsInvestors & Media",
    "link": "https://www.solidbio.com/partners/",
    "timestamp": "unknown"
  },
  {
    "title": "BackAboutMissionGuiding PrinciplesCollaborations & PartnershipsSolid TeamManagementBoard of DirectorsFoundersWorking at SolidCultureBenefitsOpen Posit",
    "link": "https://www.solidbio.com/about/mission/guiding-principles",
    "timestamp": "unknown"
  },
  {
    "title": "AboutMissionGuiding PrinciplesCollaborations & PartnershipsSolid TeamManagementBoard of DirectorsFoundersWorking at SolidCultureBenefitsOpen Positions",
    "link": "https://www.solidbio.com/about/mission/guiding-principles",
    "timestamp": "unknown"
  },
  {
    "title": "MissionGuiding PrinciplesCollaborations & PartnershipsSolid TeamManagementBoard of DirectorsFoundersWorking at SolidCultureBenefitsOpen Positions",
    "link": "https://www.solidbio.com/about/mission/guiding-principles",
    "timestamp": "unknown"
  },
  {
    "title": "MissionGuiding PrinciplesCollaborations & Partnerships",
    "link": "https://www.solidbio.com/about/mission/guiding-principles",
    "timestamp": "unknown"
  },
  {
    "title": "Guiding Principles",
    "link": "https://www.solidbio.com/about/mission/guiding-principles",
    "timestamp": "unknown"
  },
  {
    "title": "Collaborations & Partnerships",
    "link": "https://www.solidbio.com/about/mission/collaborations-partnerships",
    "timestamp": "unknown"
  },
  {
    "title": "Solid TeamManagementBoard of DirectorsFounders",
    "link": "https://www.solidbio.com/about/solid-team/management",
    "timestamp": "unknown"
  },
  {
    "title": "Management",
    "link": "https://www.solidbio.com/about/solid-team/management",
    "timestamp": "unknown"
  },
  {
    "title": "Board of Directors",
    "link": "https://www.solidbio.com/about/solid-team/board-of-directors",
    "timestamp": "unknown"
  },
  {
    "title": "Founders",
    "link": "https://www.solidbio.com/about/solid-team/founders",
    "timestamp": "unknown"
  },
  {
    "title": "Working at SolidCultureBenefitsOpen Positions",
    "link": "https://www.solidbio.com/about/working-at-solid/culture",
    "timestamp": "unknown"
  },
  {
    "title": "Culture",
    "link": "https://www.solidbio.com/about/working-at-solid/culture",
    "timestamp": "unknown"
  },
  {
    "title": "Benefits",
    "link": "https://www.solidbio.com/about/working-at-solid/benefits",
    "timestamp": "unknown"
  },
  {
    "title": "Open Positions",
    "link": "https://solidbio.com/about/working-at-solid/open-positions/",
    "timestamp": "unknown"
  },
  {
    "title": "Our SciencePipeline & ProgramsPipelineClinical TrialsScientific Publications & PresentationsInfrastructureManufacturing",
    "link": "https://www.solidbio.com/our-science/pipeline-programs/pipeline",
    "timestamp": "unknown"
  },
  {
    "title": "Pipeline & ProgramsPipelineClinical TrialsScientific Publications & PresentationsInfrastructureManufacturing",
    "link": "https://www.solidbio.com/our-science/pipeline-programs/pipeline",
    "timestamp": "unknown"
  },
  {
    "title": "Pipeline & ProgramsPipelineClinical TrialsScientific Publications & Presentations",
    "link": "https://www.solidbio.com/our-science/pipeline-programs/pipeline",
    "timestamp": "unknown"
  },
  {
    "title": "Pipeline",
    "link": "https://www.solidbio.com/our-science/pipeline-programs/pipeline",
    "timestamp": "unknown"
  },
  {
    "title": "Clinical Trials",
    "link": "https://www.solidbio.com/patient-caregiver-resources/resources-policies/clinical-trials/",
    "timestamp": "unknown"
  },
  {
    "title": "Scientific Publications & Presentations",
    "link": "https://www.solidbio.com/our-science/pipeline-programs/scientific-publications-presentations/",
    "timestamp": "unknown"
  },
  {
    "title": "InfrastructureManufacturing",
    "link": "https://www.solidbio.com/our-science/infrastructure/manufacturing",
    "timestamp": "unknown"
  },
  {
    "title": "Manufacturing",
    "link": "https://www.solidbio.com/our-science/infrastructure/manufacturing",
    "timestamp": "unknown"
  },
  {
    "title": "Patient & Caregiver ResourcesDuchenne Muscular DystrophyWhat is Duchenne?Why Gene Transfer?Duchenne Patient StoriesFriedreich\u2019s Ataxia ResourcesFriedr",
    "link": "https://www.solidbio.com/patient-caregiver-resources/dmd/what-is-dmd",
    "timestamp": "unknown"
  },
  {
    "title": "Duchenne Muscular DystrophyWhat is Duchenne?Why Gene Transfer?Duchenne Patient StoriesFriedreich\u2019s Ataxia ResourcesFriedreich\u2019s AtaxiaWhat is Frataxin",
    "link": "https://www.solidbio.com/patient-caregiver-resources/dmd/what-is-dmd",
    "timestamp": "unknown"
  },
  {
    "title": "Duchenne Muscular DystrophyWhat is Duchenne?Why Gene Transfer?Duchenne Patient Stories",
    "link": "https://www.solidbio.com/patient-caregiver-resources/dmd/what-is-dmd",
    "timestamp": "unknown"
  },
  {
    "title": "What is Duchenne?",
    "link": "https://www.solidbio.com/patient-caregiver-resources/dmd/what-is-dmd",
    "timestamp": "unknown"
  },
  {
    "title": "Why Gene Transfer?",
    "link": "https://www.solidbio.com/patient-caregiver-resources/dmd/why-gene-transfer",
    "timestamp": "unknown"
  },
  {
    "title": "Duchenne Patient Stories",
    "link": "https://www.solidbio.com/education/dmd/duchenne-patient-stories/patient-stories-overview-page",
    "timestamp": "unknown"
  },
  {
    "title": "Friedreich\u2019s Ataxia ResourcesFriedreich\u2019s AtaxiaWhat is Frataxin?For Patients",
    "link": "https://www.solidbio.com/patient-caregiver-resources/fa-resources/friedreichs-ataxia",
    "timestamp": "unknown"
  },
  {
    "title": "Friedreich\u2019s Ataxia",
    "link": "https://www.solidbio.com/patient-caregiver-resources/fa-resources/friedreichs-ataxia",
    "timestamp": "unknown"
  },
  {
    "title": "What is Frataxin?",
    "link": "https://www.solidbio.com/patient-caregiver-resources/fa-resources/what-is-frataxin",
    "timestamp": "unknown"
  },
  {
    "title": "For Patients",
    "link": "https://www.solidbio.com/patient-caregiver-resources/fa-resources/for-patients",
    "timestamp": "unknown"
  },
  {
    "title": "CPVTWhat is CPVT?Patient Stories",
    "link": "https://www.solidbio.com/patient-caregiver-resources/cpvt/what-is-cpvt/",
    "timestamp": "unknown"
  },
  {
    "title": "What is CPVT?",
    "link": "https://www.solidbio.com/patient-caregiver-resources/cpvt/what-is-cpvt/",
    "timestamp": "unknown"
  },
  {
    "title": "Patient Stories",
    "link": "https://www.solidbio.com/patient-caregiver-resources/cpvt/cpvt-patient-stories/",
    "timestamp": "unknown"
  },
  {
    "title": "Strength in CommunityEngaging the CommunityCharity PartnersInsights & News",
    "link": "https://www.solidbio.com/patient-caregiver-resources/strength-in-community/how-we-interact-with-patients",
    "timestamp": "unknown"
  },
  {
    "title": "Engaging the Community",
    "link": "https://www.solidbio.com/patient-caregiver-resources/strength-in-community/how-we-interact-with-patients",
    "timestamp": "unknown"
  },
  {
    "title": "Charity Partners",
    "link": "https://www.solidbio.com/patient-caregiver-resources/strength-in-community/charity-partners",
    "timestamp": "unknown"
  },
  {
    "title": "Insights & News",
    "link": "https://www.solidbio.com/patient-caregiver-resources/strength-in-community/insights-news",
    "timestamp": "unknown"
  },
  {
    "title": "Resources & PoliciesExpanded Access PolicyClinical Trials",
    "link": "https://www.solidbio.com/patient-caregiver-resources/resources-policies/expanded-access-policy",
    "timestamp": "unknown"
  },
  {
    "title": "Expanded Access Policy",
    "link": "https://www.solidbio.com/patient-caregiver-resources/resources-policies/expanded-access-policy",
    "timestamp": "unknown"
  },
  {
    "title": "Clinical Trials",
    "link": "https://www.solidbio.com/patient-caregiver-resources/resources-policies/clinical-trials",
    "timestamp": "unknown"
  },
  {
    "title": "Investors & MediaOverview & NewsOverviewPress ReleasesPresentationsEventsGovernance & FinancialsGovernance DocumentsCommittee ChartersCommittee Compos",
    "link": "https://investors.solidbio.com/investor-relations",
    "timestamp": "unknown"
  },
  {
    "title": "Overview & NewsOverviewPress ReleasesPresentationsEventsGovernance & FinancialsGovernance DocumentsCommittee ChartersCommittee CompositionSEC FilingsS",
    "link": "https://investors.solidbio.com/investor-relations",
    "timestamp": "unknown"
  },
  {
    "title": "Overview & NewsOverviewPress ReleasesPresentationsEvents",
    "link": "https://investors.solidbio.com/investor-relations",
    "timestamp": "unknown"
  },
  {
    "title": "Overview",
    "link": "https://investors.solidbio.com/investor-relations",
    "timestamp": "unknown"
  },
  {
    "title": "Press Releases",
    "link": "https://investors.solidbio.com/news-and-events/press-releases",
    "timestamp": "unknown"
  },
  {
    "title": "Presentations",
    "link": "https://investors.solidbio.com/news-and-events/presentations",
    "timestamp": "unknown"
  },
  {
    "title": "Events",
    "link": "https://investors.solidbio.com/news-and-events/events",
    "timestamp": "unknown"
  },
  {
    "title": "Governance & FinancialsGovernance DocumentsCommittee ChartersCommittee CompositionSEC Filings",
    "link": "https://investors.solidbio.com/governance/governance-documents",
    "timestamp": "unknown"
  },
  {
    "title": "Governance Documents",
    "link": "https://investors.solidbio.com/governance/governance-documents",
    "timestamp": "unknown"
  },
  {
    "title": "Committee Charters",
    "link": "https://investors.solidbio.com/governance/committee-charters",
    "timestamp": "unknown"
  },
  {
    "title": "Committee Composition",
    "link": "https://investors.solidbio.com/governance/committee-composition",
    "timestamp": "unknown"
  },
  {
    "title": "SEC Filings",
    "link": "https://investors.solidbio.com/financial-information/sec-filings",
    "timestamp": "unknown"
  },
  {
    "title": "Stock InformationStock Quote ChartHistorical Price LookupAnalyst Coverage",
    "link": "https://investors.solidbio.com/stock-information/stock-quote-chart",
    "timestamp": "unknown"
  },
  {
    "title": "Stock Quote Chart",
    "link": "https://investors.solidbio.com/stock-information/stock-quote-chart",
    "timestamp": "unknown"
  },
  {
    "title": "Historical Price Lookup",
    "link": "https://investors.solidbio.com/stock-information/historical-price-lookup",
    "timestamp": "unknown"
  },
  {
    "title": "Analyst Coverage",
    "link": "https://investors.solidbio.com/stock-information/analyst-coverage",
    "timestamp": "unknown"
  },
  {
    "title": "Investor ResourcesInvestor FAQsContact Solid BiosciencesEmail Alerts",
    "link": "https://investors.solidbio.com/investor-resources/investor-faqs",
    "timestamp": "unknown"
  },
  {
    "title": "Investor FAQs",
    "link": "https://investors.solidbio.com/investor-resources/investor-faqs",
    "timestamp": "unknown"
  },
  {
    "title": "Contact Solid Biosciences",
    "link": "https://investors.solidbio.com/investor-resources/contact-solid-biosciences",
    "timestamp": "unknown"
  },
  {
    "title": "Email Alerts",
    "link": "https://investors.solidbio.com/investor-resources/email-alerts",
    "timestamp": "unknown"
  },
  {
    "title": "GroupAll,,Annual FilingsCurrent ReportsMergers & AcquisitionsOtherProxy FilingsQuarterly FilingsRegistration StatementsFiling yearAllFiling DateDescri",
    "link": "https://investors.solidbio.com/financial-information/sec-filings?items_per_page=&order=field_nir_sec_date_filed&sort=asc",
    "timestamp": "unknown"
  },
  {
    "title": "GroupAll,,Annual FilingsCurrent ReportsMergers & AcquisitionsOtherProxy FilingsQuarterly FilingsRegistration StatementsFiling yearAllFiling DateDescri",
    "link": "https://investors.solidbio.com/financial-information/sec-filings?items_per_page=&order=field_nir_sec_date_filed&sort=asc",
    "timestamp": "unknown"
  },
  {
    "title": "GroupAll,,Annual FilingsCurrent ReportsMergers & AcquisitionsOtherProxy FilingsQuarterly FilingsRegistration StatementsFiling yearAllFiling DateDescri",
    "link": "https://investors.solidbio.com/financial-information/sec-filings?items_per_page=&order=field_nir_sec_date_filed&sort=asc",
    "timestamp": "unknown"
  },
  {
    "title": "GroupAll,,Annual FilingsCurrent ReportsMergers & AcquisitionsOtherProxy FilingsQuarterly FilingsRegistration StatementsFiling yearAllFiling DateDescri",
    "link": "https://investors.solidbio.com/financial-information/sec-filings?items_per_page=&order=field_nir_sec_date_filed&sort=asc",
    "timestamp": "unknown"
  },
  {
    "title": "GroupAll,,Annual FilingsCurrent ReportsMergers & AcquisitionsOtherProxy FilingsQuarterly FilingsRegistration StatementsFiling yearAllFiling DateDescri",
    "link": "https://investors.solidbio.com/financial-information/sec-filings?items_per_page=&order=field_nir_sec_date_filed&sort=asc",
    "timestamp": "unknown"
  },
  {
    "title": "GroupAll,,Annual FilingsCurrent ReportsMergers & AcquisitionsOtherProxy FilingsQuarterly FilingsRegistration StatementsFiling yearAllFiling DateDescri",
    "link": "https://investors.solidbio.com/financial-information/sec-filings?items_per_page=&order=field_nir_sec_date_filed&sort=asc",
    "timestamp": "unknown"
  },
  {
    "title": "GroupAll,,Annual FilingsCurrent ReportsMergers & AcquisitionsOtherProxy FilingsQuarterly FilingsRegistration StatementsFiling yearAllFiling DateDescri",
    "link": "https://investors.solidbio.com/financial-information/sec-filings?items_per_page=&order=field_nir_sec_date_filed&sort=asc",
    "timestamp": "unknown"
  },
  {
    "title": "GroupAll,,Annual FilingsCurrent ReportsMergers & AcquisitionsOtherProxy FilingsQuarterly FilingsRegistration StatementsFiling yearAllFiling DateDescri",
    "link": "https://investors.solidbio.com/financial-information/sec-filings?items_per_page=&order=field_nir_sec_date_filed&sort=asc",
    "timestamp": "unknown"
  },
  {
    "title": "GroupAll,,Annual FilingsCurrent ReportsMergers & AcquisitionsOtherProxy FilingsQuarterly FilingsRegistration StatementsFiling yearAllFiling DateDescri",
    "link": "https://investors.solidbio.com/financial-information/sec-filings?items_per_page=&order=field_nir_sec_date_filed&sort=asc",
    "timestamp": "unknown"
  },
  {
    "title": "GroupAll,,Annual FilingsCurrent ReportsMergers & AcquisitionsOtherProxy FilingsQuarterly FilingsRegistration StatementsFiling yearAllFiling DateDescri",
    "link": "https://investors.solidbio.com/financial-information/sec-filings?items_per_page=&order=field_nir_sec_date_filed&sort=asc",
    "timestamp": "unknown"
  },
  {
    "title": "GroupAll,,Annual FilingsCurrent ReportsMergers & AcquisitionsOtherProxy FilingsQuarterly FilingsRegistration StatementsFiling yearAllFiling DateDescri",
    "link": "https://investors.solidbio.com/financial-information/sec-filings?items_per_page=&order=field_nir_sec_date_filed&sort=asc",
    "timestamp": "unknown"
  },
  {
    "title": "GroupAll,,Annual FilingsCurrent ReportsMergers & AcquisitionsOtherProxy FilingsQuarterly FilingsRegistration StatementsFiling yearAllFiling DateDescri",
    "link": "https://investors.solidbio.com/financial-information/sec-filings?items_per_page=&order=field_nir_sec_date_filed&sort=asc",
    "timestamp": "unknown"
  },
  {
    "title": "GroupAll,,Annual FilingsCurrent ReportsMergers & AcquisitionsOtherProxy FilingsQuarterly FilingsRegistration StatementsFiling yearAllFiling DateDescri",
    "link": "https://investors.solidbio.com/financial-information/sec-filings?items_per_page=&order=field_nir_sec_date_filed&sort=asc",
    "timestamp": "unknown"
  },
  {
    "title": "GroupAll,,Annual FilingsCurrent ReportsMergers & AcquisitionsOtherProxy FilingsQuarterly FilingsRegistration StatementsFiling yearAllFiling DateDescri",
    "link": "https://investors.solidbio.com/financial-information/sec-filings?items_per_page=&order=field_nir_sec_date_filed&sort=asc",
    "timestamp": "unknown"
  },
  {
    "title": "GroupAll,,Annual FilingsCurrent ReportsMergers & AcquisitionsOtherProxy FilingsQuarterly FilingsRegistration StatementsFiling yearAllFiling DateDescri",
    "link": "https://investors.solidbio.com/financial-information/sec-filings?items_per_page=&order=field_nir_sec_date_filed&sort=asc",
    "timestamp": "unknown"
  },
  {
    "title": "GroupAll,,Annual FilingsCurrent ReportsMergers & AcquisitionsOtherProxy FilingsQuarterly FilingsRegistration StatementsFiling yearAllFiling DateDescri",
    "link": "https://investors.solidbio.com/financial-information/sec-filings?items_per_page=&order=field_nir_sec_date_filed&sort=asc",
    "timestamp": "unknown"
  },
  {
    "title": "GroupAll,,Annual FilingsCurrent ReportsMergers & AcquisitionsOtherProxy FilingsQuarterly FilingsRegistration StatementsFiling yearAllFiling DateDescri",
    "link": "https://investors.solidbio.com/financial-information/sec-filings?items_per_page=&order=field_nir_sec_date_filed&sort=asc",
    "timestamp": "unknown"
  },
  {
    "title": "GroupAll,,Annual FilingsCurrent ReportsMergers & AcquisitionsOtherProxy FilingsQuarterly FilingsRegistration StatementsFiling yearAllFiling DateDescri",
    "link": "https://investors.solidbio.com/financial-information/sec-filings?items_per_page=&order=field_nir_sec_date_filed&sort=asc",
    "timestamp": "unknown"
  },
  {
    "title": "Filing DateDescriptionFormViewFeb ,Filed by \"insiders\" prior intended sale of restricted stock.--.pdf--.rtfView HTMLFeb ,Filed by \"insiders\" prior int",
    "link": "https://investors.solidbio.com/financial-information/sec-filings?items_per_page=&order=field_nir_sec_date_filed&sort=asc",
    "timestamp": "unknown"
  },
  {
    "title": "Filing DateDescriptionFormView",
    "link": "https://investors.solidbio.com/financial-information/sec-filings?items_per_page=&order=field_nir_sec_date_filed&sort=asc",
    "timestamp": "unknown"
  },
  {
    "title": "Feb ,Filed by \"insiders\" prior intended sale of restricted stock.--.pdf--.rtfView HTML",
    "link": "https://investors.solidbio.com/sec-filings/sec-filing//--",
    "timestamp": "unknown"
  },
  {
    "title": "--.pdf--.rtfView HTML",
    "link": "https://investors.solidbio.com/static-files/91c977d2-b7df-4e43--a97338bfa84f",
    "timestamp": "unknown"
  },
  {
    "title": "--.pdf",
    "link": "https://investors.solidbio.com/static-files/91c977d2-b7df-4e43--a97338bfa84f",
    "timestamp": "unknown"
  },
  {
    "title": "--.rtf",
    "link": "https://investors.solidbio.com/static-files/d8a20243--47f0-943b-9c1e6dbdd3c1",
    "timestamp": "unknown"
  },
  {
    "title": "Feb ,Filed by \"insiders\" prior intended sale of restricted stock.--.pdf--.rtfView HTML",
    "link": "https://investors.solidbio.com/sec-filings/sec-filing//--",
    "timestamp": "unknown"
  },
  {
    "title": "--.pdf--.rtfView HTML",
    "link": "https://investors.solidbio.com/static-files/a474ea2d-27f9-4b20-9cd1-497ea6c22ea6",
    "timestamp": "unknown"
  },
  {
    "title": "--.pdf",
    "link": "https://investors.solidbio.com/static-files/a474ea2d-27f9-4b20-9cd1-497ea6c22ea6",
    "timestamp": "unknown"
  },
  {
    "title": "--.rtf",
    "link": "https://investors.solidbio.com/static-files/20dc2fd4-77aa-49a3--a42db310fdad",
    "timestamp": "unknown"
  },
  {
    "title": "Feb ,Filed by \"insiders\" prior intended sale of restricted stock.--.pdf--.rtfView HTML",
    "link": "https://investors.solidbio.com/sec-filings/sec-filing//--",
    "timestamp": "unknown"
  },
  {
    "title": "--.pdf--.rtfView HTML",
    "link": "https://investors.solidbio.com/static-files/06b37681-acb6-4acb-94be-3cb40e1a5f3d",
    "timestamp": "unknown"
  },
  {
    "title": "--.pdf",
    "link": "https://investors.solidbio.com/static-files/06b37681-acb6-4acb-94be-3cb40e1a5f3d",
    "timestamp": "unknown"
  },
  {
    "title": "--.rtf",
    "link": "https://investors.solidbio.com/static-files/d46fd231-35c8-443c-8e49-63db620f1abe",
    "timestamp": "unknown"
  },
  {
    "title": "Feb ,Filed by \"insiders\" prior intended sale of restricted stock.--.pdf--.rtfView HTML",
    "link": "https://investors.solidbio.com/sec-filings/sec-filing//--",
    "timestamp": "unknown"
  },
  {
    "title": "--.pdf--.rtfView HTML",
    "link": "https://investors.solidbio.com/static-files/efc0eaf8--49ee-8ea5-acca56ba5df0",
    "timestamp": "unknown"
  },
  {
    "title": "--.pdf",
    "link": "https://investors.solidbio.com/static-files/efc0eaf8--49ee-8ea5-acca56ba5df0",
    "timestamp": "unknown"
  },
  {
    "title": "--.rtf",
    "link": "https://investors.solidbio.com/static-files/c070f6eb-38cc-4f11-a3b8-f07ed28dc646",
    "timestamp": "unknown"
  },
  {
    "title": "Feb ,Filed by \"insiders\" prior intended sale of restricted stock.--.pdf--.rtfView HTML",
    "link": "https://investors.solidbio.com/sec-filings/sec-filing//--",
    "timestamp": "unknown"
  },
  {
    "title": "--.pdf--.rtfView HTML",
    "link": "https://investors.solidbio.com/static-files/--4fdc-8c43-ec6d9967bd67",
    "timestamp": "unknown"
  },
  {
    "title": "--.pdf",
    "link": "https://investors.solidbio.com/static-files/--4fdc-8c43-ec6d9967bd67",
    "timestamp": "unknown"
  },
  {
    "title": "--.rtf",
    "link": "https://investors.solidbio.com/static-files/894d12a4-f0d1-40c9-9bc3-70e9edbf875a",
    "timestamp": "unknown"
  },
  {
    "title": "Feb ,Filed by \"insiders\" prior intended sale of restricted stock.--.pdf--.rtfView HTML",
    "link": "https://investors.solidbio.com/sec-filings/sec-filing//--",
    "timestamp": "unknown"
  },
  {
    "title": "--.pdf--.rtfView HTML",
    "link": "https://investors.solidbio.com/static-files/9113a1c2-e9e8-4d7c-9f1a-01f2acca3576",
    "timestamp": "unknown"
  },
  {
    "title": "--.pdf",
    "link": "https://investors.solidbio.com/static-files/9113a1c2-e9e8-4d7c-9f1a-01f2acca3576",
    "timestamp": "unknown"
  },
  {
    "title": "--.rtf",
    "link": "https://investors.solidbio.com/static-files/3c923c12-6d4a-4dfb--4b0b0cc9f681",
    "timestamp": "unknown"
  },
  {
    "title": "Feb ,Statement of changes in beneficial ownership of securities--.pdf--.rtf--.xlsView HTML",
    "link": "https://investors.solidbio.com/sec-filings/sec-filing//--",
    "timestamp": "unknown"
  },
  {
    "title": "--.pdf--.rtf--.xlsView HTML",
    "link": "https://investors.solidbio.com/static-files/fb9ff3f4-83af-4a30-ac64-81d9d62b77c6",
    "timestamp": "unknown"
  },
  {
    "title": "--.pdf",
    "link": "https://investors.solidbio.com/static-files/fb9ff3f4-83af-4a30-ac64-81d9d62b77c6",
    "timestamp": "unknown"
  },
  {
    "title": "--.rtf",
    "link": "https://investors.solidbio.com/static-files/32a03041--40de-b723-54463ca2b91c",
    "timestamp": "unknown"
  },
  {
    "title": "--.xls",
    "link": "https://investors.solidbio.com/static-files/963ef023-76ba-43f8-82b7-ce188324c536",
    "timestamp": "unknown"
  },
  {
    "title": "Feb ,Statement of changes in beneficial ownership of securities--.pdf--.rtf--.xlsView HTML",
    "link": "https://investors.solidbio.com/sec-filings/sec-filing//--",
    "timestamp": "unknown"
  },
  {
    "title": "--.pdf--.rtf--.xlsView HTML",
    "link": "https://investors.solidbio.com/static-files/68801bbb-ef07-4a8d-ba89-1fcd57072eea",
    "timestamp": "unknown"
  },
  {
    "title": "--.pdf",
    "link": "https://investors.solidbio.com/static-files/68801bbb-ef07-4a8d-ba89-1fcd57072eea",
    "timestamp": "unknown"
  },
  {
    "title": "--.rtf",
    "link": "https://investors.solidbio.com/static-files/1a963c02---9b09-482ff1a2a969",
    "timestamp": "unknown"
  },
  {
    "title": "--.xls",
    "link": "https://investors.solidbio.com/static-files/929a5c6d-d19a-40cd-939a-27fedceb648e",
    "timestamp": "unknown"
  },
  {
    "title": "Feb ,Statement of changes in beneficial ownership of securities--.pdf--.rtf--.xlsView HTML",
    "link": "https://investors.solidbio.com/sec-filings/sec-filing//--",
    "timestamp": "unknown"
  },
  {
    "title": "--.pdf--.rtf--.xlsView HTML",
    "link": "https://investors.solidbio.com/static-files/f3d8ec0d-473a-495a-a435-0df19c33e2e2",
    "timestamp": "unknown"
  },
  {
    "title": "--.pdf",
    "link": "https://investors.solidbio.com/static-files/f3d8ec0d-473a-495a-a435-0df19c33e2e2",
    "timestamp": "unknown"
  },
  {
    "title": "--.rtf",
    "link": "https://investors.solidbio.com/static-files/1b03c422-9ae4-4bca-bd08-14676f07d402",
    "timestamp": "unknown"
  },
  {
    "title": "--.xls",
    "link": "https://investors.solidbio.com/static-files/103936b0-bfca-442c-a200-d54519b4b62f",
    "timestamp": "unknown"
  },
  {
    "title": "Feb ,Statement of changes in beneficial ownership of securities--.pdf--.rtf--.xlsView HTML",
    "link": "https://investors.solidbio.com/sec-filings/sec-filing//--",
    "timestamp": "unknown"
  },
  {
    "title": "--.pdf--.rtf--.xlsView HTML",
    "link": "https://investors.solidbio.com/static-files/1d7404b9-af8f-44eb-97e7-7f825e6dbd2a",
    "timestamp": "unknown"
  },
  {
    "title": "--.pdf",
    "link": "https://investors.solidbio.com/static-files/1d7404b9-af8f-44eb-97e7-7f825e6dbd2a",
    "timestamp": "unknown"
  },
  {
    "title": "--.rtf",
    "link": "https://investors.solidbio.com/static-files/8b996755-60a0-4eee-9d10-e185c7446975",
    "timestamp": "unknown"
  },
  {
    "title": "--.xls",
    "link": "https://investors.solidbio.com/static-files/4b749233-1ff0--ab5f-3dcfe1734408",
    "timestamp": "unknown"
  },
  {
    "title": "PaginationCurrent pagePagePage\u2026Next page\u203aLast page\u00bb",
    "link": "https://investors.solidbio.com/financial-information/sec-filings?&field_nir_sec_cik_target_id=&field_nir_sec_date_filed_value=&&&items_per_page_toggle=&page=",
    "timestamp": "unknown"
  },
  {
    "title": "PaginationCurrent pagePagePage\u2026Next page\u203aLast page\u00bb",
    "link": "https://investors.solidbio.com/financial-information/sec-filings?&field_nir_sec_cik_target_id=&field_nir_sec_date_filed_value=&&&items_per_page_toggle=&page=",
    "timestamp": "unknown"
  },
  {
    "title": "Current page",
    "link": "https://investors.solidbio.com/financial-information/sec-filings?&field_nir_sec_cik_target_id=&field_nir_sec_date_filed_value=&&&items_per_page_toggle=&page=",
    "timestamp": "unknown"
  },
  {
    "title": "Page",
    "link": "https://investors.solidbio.com/financial-information/sec-filings?&field_nir_sec_cik_target_id=&field_nir_sec_date_filed_value=&&&items_per_page_toggle=&page=",
    "timestamp": "unknown"
  },
  {
    "title": "Page",
    "link": "https://investors.solidbio.com/financial-information/sec-filings?&field_nir_sec_cik_target_id=&field_nir_sec_date_filed_value=&&&items_per_page_toggle=&page=",
    "timestamp": "unknown"
  },
  {
    "title": "Next page\u203a",
    "link": "https://investors.solidbio.com/financial-information/sec-filings?&field_nir_sec_cik_target_id=&field_nir_sec_date_filed_value=&&&items_per_page_toggle=&page=",
    "timestamp": "unknown"
  },
  {
    "title": "Last page\u00bb",
    "link": "https://investors.solidbio.com/financial-information/sec-filings?&field_nir_sec_cik_target_id=&field_nir_sec_date_filed_value=&&&items_per_page_toggle=&page=",
    "timestamp": "unknown"
  },
  {
    "title": "Data provided byKaleidoscope.",
    "link": "https://www.kscope.io",
    "timestamp": "unknown"
  },
  {
    "title": "Data provided byKaleidoscope.",
    "link": "https://www.kscope.io",
    "timestamp": "unknown"
  },
  {
    "title": "Stay ConnectedJoin our team of experts to advance treatments for patientsLearn MoreContact UsPrivacy PolicyTerms & Conditions\u00a9  Solid Biosciences Inc.",
    "link": "https://www.linkedin.com/company/solid-biosciences",
    "timestamp": "unknown"
  },
  {
    "title": "Stay ConnectedJoin our team of experts to advance treatments for patientsLearn More",
    "link": "https://www.linkedin.com/company/solid-biosciences",
    "timestamp": "unknown"
  },
  {
    "title": "Stay Connected",
    "link": "https://www.linkedin.com/company/solid-biosciences",
    "timestamp": "unknown"
  },
  {
    "title": "Join our team of experts to advance treatments for patientsLearn More",
    "link": "https://www.solidbio.com/about/careers/open-positions",
    "timestamp": "unknown"
  },
  {
    "title": "Join our team of experts to advance treatments for patientsLearn More",
    "link": "https://www.solidbio.com/about/careers/open-positions",
    "timestamp": "unknown"
  },
  {
    "title": "Contact Us",
    "link": "https://www.solidbio.com/contact",
    "timestamp": "unknown"
  },
  {
    "title": "Privacy Policy",
    "link": "https://www.solidbio.com/privacy",
    "timestamp": "unknown"
  },
  {
    "title": "Terms & Conditions",
    "link": "https://www.solidbio.com/terms-conditions",
    "timestamp": "unknown"
  }
]