[
  {
    "title": "Contact",
    "link": "https://stealthbt.com/our-company/#contact-us",
    "timestamp": "unknown"
  },
  {
    "title": "Our CompanyLeadership TeamCareersGrants &#; SponsorshipsExpanded AccessContact Us",
    "link": "https://stealthbt.com/our-company/",
    "timestamp": "unknown"
  },
  {
    "title": "Leadership Team",
    "link": "https://stealthbt.com/our-company/#leadership",
    "timestamp": "unknown"
  },
  {
    "title": "Careers",
    "link": "https://stealthbt.com/our-company/#careers",
    "timestamp": "unknown"
  },
  {
    "title": "Grants &#; Sponsorships",
    "link": "https://stealthbt.com/grants-sponsorships/",
    "timestamp": "unknown"
  },
  {
    "title": "Expanded Access",
    "link": "https://stealthbt.com/expanded-access/",
    "timestamp": "unknown"
  },
  {
    "title": "Contact Us",
    "link": "https://stealthbt.com/our-company/#contact-us",
    "timestamp": "unknown"
  }
]