[
  {
    "title": "OverviewPress ReleasesEvents & PresentationsUpcoming EventsPast EventsPresentationsCorporate GovernanceManagementBoard of DirectorsCommittee Compositi",
    "link": "http://www.crisprtx.com",
    "timestamp": "unknown"
  },
  {
    "title": "OverviewPress ReleasesEvents & PresentationsUpcoming EventsPast EventsPresentationsCorporate GovernanceManagementBoard of DirectorsCommittee Compositi",
    "link": "https://ir.crisprtx.com/",
    "timestamp": "unknown"
  },
  {
    "title": "OverviewPress ReleasesEvents & PresentationsUpcoming EventsPast EventsPresentationsCorporate GovernanceManagementBoard of DirectorsCommittee Compositi",
    "link": "https://ir.crisprtx.com/",
    "timestamp": "unknown"
  },
  {
    "title": "OverviewPress ReleasesEvents & PresentationsUpcoming EventsPast EventsPresentationsCorporate GovernanceManagementBoard of DirectorsCommittee Compositi",
    "link": "https://ir.crisprtx.com/",
    "timestamp": "unknown"
  },
  {
    "title": "OverviewPress ReleasesEvents & PresentationsUpcoming EventsPast EventsPresentationsCorporate GovernanceManagementBoard of DirectorsCommittee Compositi",
    "link": "https://ir.crisprtx.com/",
    "timestamp": "unknown"
  },
  {
    "title": "OverviewPress ReleasesEvents & PresentationsUpcoming EventsPast EventsPresentationsCorporate GovernanceManagementBoard of DirectorsCommittee Compositi",
    "link": "https://ir.crisprtx.com/",
    "timestamp": "unknown"
  },
  {
    "title": "Overview",
    "link": "https://ir.crisprtx.com/",
    "timestamp": "unknown"
  },
  {
    "title": "Press Releases",
    "link": "https://ir.crisprtx.com/news-releases",
    "timestamp": "unknown"
  },
  {
    "title": "Events & PresentationsUpcoming EventsPast EventsPresentations",
    "link": "https://ir.crisprtx.com/sec-filings",
    "timestamp": "unknown"
  },
  {
    "title": "Upcoming EventsPast EventsPresentations",
    "link": "https://ir.crisprtx.com/events",
    "timestamp": "unknown"
  },
  {
    "title": "Upcoming Events",
    "link": "https://ir.crisprtx.com/events",
    "timestamp": "unknown"
  },
  {
    "title": "Past Events",
    "link": "https://ir.crisprtx.com/past-events",
    "timestamp": "unknown"
  },
  {
    "title": "Presentations",
    "link": "https://ir.crisprtx.com/presentations",
    "timestamp": "unknown"
  },
  {
    "title": "Corporate GovernanceManagementBoard of DirectorsCommittee CompositionDocuments & Charters",
    "link": "https://ir.crisprtx.com/sec-filings",
    "timestamp": "unknown"
  },
  {
    "title": "ManagementBoard of DirectorsCommittee CompositionDocuments & Charters",
    "link": "http://www.crisprtx.com/about-us/leadership",
    "timestamp": "unknown"
  },
  {
    "title": "Management",
    "link": "http://www.crisprtx.com/about-us/leadership",
    "timestamp": "unknown"
  },
  {
    "title": "Board of Directors",
    "link": "http://www.crisprtx.com/about-us/leadership/category/board-of-directors",
    "timestamp": "unknown"
  },
  {
    "title": "Committee Composition",
    "link": "https://ir.crisprtx.com/committee-composition",
    "timestamp": "unknown"
  },
  {
    "title": "Documents & Charters",
    "link": "https://ir.crisprtx.com/gov-highlights",
    "timestamp": "unknown"
  },
  {
    "title": "Financial InformationSEC FilingsAnnual ReportsSwiss Statutory FinancialsPFIC Annual Information Statement",
    "link": "https://ir.crisprtx.com/sec-filings",
    "timestamp": "unknown"
  },
  {
    "title": "SEC FilingsAnnual ReportsSwiss Statutory FinancialsPFIC Annual Information Statement",
    "link": "https://ir.crisprtx.com/sec-filings",
    "timestamp": "unknown"
  },
  {
    "title": "SEC Filings",
    "link": "https://ir.crisprtx.com/sec-filings",
    "timestamp": "unknown"
  },
  {
    "title": "Annual Reports",
    "link": "https://ir.crisprtx.com/financial-information/annual-reports",
    "timestamp": "unknown"
  },
  {
    "title": "Swiss Statutory Financials",
    "link": "https://ir.crisprtx.com/swiss-statutory-financial-statements-and-audit-reports",
    "timestamp": "unknown"
  },
  {
    "title": "PFIC Annual Information Statement",
    "link": "https://ir.crisprtx.com/pfic-annual-information-statement",
    "timestamp": "unknown"
  },
  {
    "title": "Stock InformationStock Quote & ChartHistorical PriceInvestment Calculator",
    "link": "https://ir.crisprtx.com/sec-filings",
    "timestamp": "unknown"
  },
  {
    "title": "Stock Quote & ChartHistorical PriceInvestment Calculator",
    "link": "https://ir.crisprtx.com/stock-quote",
    "timestamp": "unknown"
  },
  {
    "title": "Stock Quote & Chart",
    "link": "https://ir.crisprtx.com/stock-quote",
    "timestamp": "unknown"
  },
  {
    "title": "Historical Price",
    "link": "https://ir.crisprtx.com/historical-price-lookup",
    "timestamp": "unknown"
  },
  {
    "title": "Investment Calculator",
    "link": "https://ir.crisprtx.com/investment-calculator",
    "timestamp": "unknown"
  },
  {
    "title": "Shareholder ServicesInvestor FAQsDocument RequestContact IR",
    "link": "https://ir.crisprtx.com/sec-filings",
    "timestamp": "unknown"
  },
  {
    "title": "Investor FAQsDocument RequestContact IR",
    "link": "https://ir.crisprtx.com/investor-faqs",
    "timestamp": "unknown"
  },
  {
    "title": "Investor FAQs",
    "link": "https://ir.crisprtx.com/investor-faqs",
    "timestamp": "unknown"
  },
  {
    "title": "Document Request",
    "link": "https://ir.crisprtx.com/information-request",
    "timestamp": "unknown"
  },
  {
    "title": "Contact IR",
    "link": "https://ir.crisprtx.com/contacts",
    "timestamp": "unknown"
  },
  {
    "title": "Back to CRISPR \u00bb",
    "link": "http://www.crisprtx.com/",
    "timestamp": "unknown"
  },
  {
    "title": "SEC FilingsSEC FilingsSEC Filing Keyword SearchGroup,,Annual FilingsCurrent ReportsMergers & AcquisitionsOtherProxy FilingsQuarterly FilingsRegistrati",
    "link": "https://ir.crisprtx.com/sec-filings/sec-filing/-k/--",
    "timestamp": "unknown"
  },
  {
    "title": "SEC FilingsSEC FilingsSEC Filing Keyword SearchGroup,,Annual FilingsCurrent ReportsMergers & AcquisitionsOtherProxy FilingsQuarterly FilingsRegistrati",
    "link": "https://ir.crisprtx.com/sec-filings/sec-filing/-k/--",
    "timestamp": "unknown"
  },
  {
    "title": "SEC FilingsSEC Filing Keyword SearchGroup,,Annual FilingsCurrent ReportsMergers & AcquisitionsOtherProxy FilingsQuarterly FilingsRegistration Statemen",
    "link": "https://ir.crisprtx.com/sec-filings/sec-filing/-k/--",
    "timestamp": "unknown"
  },
  {
    "title": "SEC FilingsSEC Filing Keyword SearchGroup,,Annual FilingsCurrent ReportsMergers & AcquisitionsOtherProxy FilingsQuarterly FilingsRegistration Statemen",
    "link": "https://ir.crisprtx.com/sec-filings/sec-filing/-k/--",
    "timestamp": "unknown"
  },
  {
    "title": "SEC FilingsSEC Filing Keyword SearchGroup,,Annual FilingsCurrent ReportsMergers & AcquisitionsOtherProxy FilingsQuarterly FilingsRegistration Statemen",
    "link": "https://ir.crisprtx.com/sec-filings/sec-filing/-k/--",
    "timestamp": "unknown"
  },
  {
    "title": "SEC FilingsSEC Filing Keyword SearchGroup,,Annual FilingsCurrent ReportsMergers & AcquisitionsOtherProxy FilingsQuarterly FilingsRegistration Statemen",
    "link": "https://ir.crisprtx.com/sec-filings/sec-filing/-k/--",
    "timestamp": "unknown"
  },
  {
    "title": "SEC FilingsSEC Filing Keyword SearchGroup,,Annual FilingsCurrent ReportsMergers & AcquisitionsOtherProxy FilingsQuarterly FilingsRegistration Statemen",
    "link": "https://ir.crisprtx.com/sec-filings/sec-filing/-k/--",
    "timestamp": "unknown"
  },
  {
    "title": "SEC FilingsSEC Filing Keyword SearchGroup,,Annual FilingsCurrent ReportsMergers & AcquisitionsOtherProxy FilingsQuarterly FilingsRegistration Statemen",
    "link": "https://ir.crisprtx.com/sec-filings/sec-filing/-k/--",
    "timestamp": "unknown"
  },
  {
    "title": "SEC FilingsSEC Filing Keyword SearchGroup,,Annual FilingsCurrent ReportsMergers & AcquisitionsOtherProxy FilingsQuarterly FilingsRegistration Statemen",
    "link": "https://ir.crisprtx.com/sec-filings/sec-filing/-k/--",
    "timestamp": "unknown"
  },
  {
    "title": "SEC FilingsSEC Filing Keyword SearchGroup,,Annual FilingsCurrent ReportsMergers & AcquisitionsOtherProxy FilingsQuarterly FilingsRegistration Statemen",
    "link": "https://ir.crisprtx.com/sec-filings/sec-filing/-k/--",
    "timestamp": "unknown"
  },
  {
    "title": "SEC Filing Keyword SearchGroup,,Annual FilingsCurrent ReportsMergers & AcquisitionsOtherProxy FilingsQuarterly FilingsRegistration StatementsFiling ye",
    "link": "https://ir.crisprtx.com/sec-filings/sec-filing/-k/--",
    "timestamp": "unknown"
  },
  {
    "title": "SEC Filing Keyword SearchGroup,,Annual FilingsCurrent ReportsMergers & AcquisitionsOtherProxy FilingsQuarterly FilingsRegistration StatementsFiling ye",
    "link": "https://ir.crisprtx.com/sec-filings/sec-filing/-k/--",
    "timestamp": "unknown"
  },
  {
    "title": "SEC Filing Keyword SearchGroup,,Annual FilingsCurrent ReportsMergers & AcquisitionsOtherProxy FilingsQuarterly FilingsRegistration StatementsFiling ye",
    "link": "https://ir.crisprtx.com/sec-filings/sec-filing/-k/--",
    "timestamp": "unknown"
  },
  {
    "title": "Group,,Annual FilingsCurrent ReportsMergers & AcquisitionsOtherProxy FilingsQuarterly FilingsRegistration StatementsFiling year- Any -Filing dateFormD",
    "link": "https://ir.crisprtx.com/sec-filings/sec-filing/-k/--",
    "timestamp": "unknown"
  },
  {
    "title": "Group,,Annual FilingsCurrent ReportsMergers & AcquisitionsOtherProxy FilingsQuarterly FilingsRegistration StatementsFiling year- Any -Filing dateFormD",
    "link": "https://ir.crisprtx.com/sec-filings/sec-filing/-k/--",
    "timestamp": "unknown"
  },
  {
    "title": "Group,,Annual FilingsCurrent ReportsMergers & AcquisitionsOtherProxy FilingsQuarterly FilingsRegistration StatementsFiling year- Any -Filing dateFormD",
    "link": "https://ir.crisprtx.com/sec-filings/sec-filing/-k/--",
    "timestamp": "unknown"
  },
  {
    "title": "Group,,Annual FilingsCurrent ReportsMergers & AcquisitionsOtherProxy FilingsQuarterly FilingsRegistration StatementsFiling year- Any -Filing dateFormD",
    "link": "https://ir.crisprtx.com/sec-filings/sec-filing/-k/--",
    "timestamp": "unknown"
  },
  {
    "title": "Group,,Annual FilingsCurrent ReportsMergers & AcquisitionsOtherProxy FilingsQuarterly FilingsRegistration StatementsFiling year- Any -Filing dateFormD",
    "link": "https://ir.crisprtx.com/sec-filings/sec-filing/-k/--",
    "timestamp": "unknown"
  },
  {
    "title": "Group,,Annual FilingsCurrent ReportsMergers & AcquisitionsOtherProxy FilingsQuarterly FilingsRegistration StatementsFiling year- Any -Filing dateFormD",
    "link": "https://ir.crisprtx.com/sec-filings/sec-filing/-k/--",
    "timestamp": "unknown"
  },
  {
    "title": "Group,,Annual FilingsCurrent ReportsMergers & AcquisitionsOtherProxy FilingsQuarterly FilingsRegistration StatementsFiling year- Any -Filing dateFormD",
    "link": "https://ir.crisprtx.com/sec-filings/sec-filing/-k/--",
    "timestamp": "unknown"
  },
  {
    "title": "Filing dateFormDescriptionFiling GroupViewFeb ,-KReport of unscheduled material events or corporate eventCurrent Reports--.rtf--.xls--.pdfEX-.SCH - XB",
    "link": "https://ir.crisprtx.com/sec-filings/sec-filing/-k/--",
    "timestamp": "unknown"
  },
  {
    "title": "Feb ,-KReport of unscheduled material events or corporate eventCurrent Reports--.rtf--.xls--.pdfEX-.SCH - XBRL TAXONOMY EXTENSION SCHEMA",
    "link": "https://ir.crisprtx.com/sec-filings/sec-filing/-k/--",
    "timestamp": "unknown"
  },
  {
    "title": "--.rtf",
    "link": "https://ir.crisprtx.com/static-files/e51de1bb-5a32--a813-f39ab67cbdbb",
    "timestamp": "unknown"
  },
  {
    "title": "--.xls",
    "link": "https://ir.crisprtx.com/static-files/e5460c54-37c0-4f95-b76e-73c7227de366",
    "timestamp": "unknown"
  },
  {
    "title": "--.pdf",
    "link": "https://ir.crisprtx.com/static-files/96e70415--4c58-914d-80289025bd7a",
    "timestamp": "unknown"
  },
  {
    "title": "Feb ,-KAnnual report which provides a comprehensive overview of the company for the past yearAnnual Filings--.rtf--.xls--.pdfEX-.SCH - XBRL TAXONOMY E",
    "link": "https://ir.crisprtx.com/sec-filings/sec-filing/-k/--",
    "timestamp": "unknown"
  },
  {
    "title": "--.rtf",
    "link": "https://ir.crisprtx.com/static-files/38b4cf0d-d36a-43fb-bd3a-fb3ba315928d",
    "timestamp": "unknown"
  },
  {
    "title": "--.xls",
    "link": "https://ir.crisprtx.com/static-files/9ce30fe1-77ac-43a3-89e0-af9704c5d17e",
    "timestamp": "unknown"
  },
  {
    "title": "--.pdf",
    "link": "https://ir.crisprtx.com/static-files/-8ebc--bb3e-07d9f2de1ce1",
    "timestamp": "unknown"
  },
  {
    "title": "Feb ,SCHEDULE 13G/ASCHEDULE 13G/A - DescriptionOther--.rtf--.xls--.pdf",
    "link": "https://ir.crisprtx.com/sec-filings/sec-filing/schedule-13ga/--",
    "timestamp": "unknown"
  },
  {
    "title": "--.rtf",
    "link": "https://ir.crisprtx.com/static-files/4a1b4e5f-e711-4a73-854d-f1ec19856230",
    "timestamp": "unknown"
  },
  {
    "title": "--.xls",
    "link": "https://ir.crisprtx.com/static-files/9bb507ab-38f0-40b9-bcce-994569f4e86c",
    "timestamp": "unknown"
  },
  {
    "title": "--.pdf",
    "link": "https://ir.crisprtx.com/static-files/67be6636-618c--bc21-c79c609a7d36",
    "timestamp": "unknown"
  },
  {
    "title": "Jan ,Statement of changes in beneficial ownership of securities,,--.rtf--.xls--.pdf",
    "link": "https://ir.crisprtx.com/sec-filings/sec-filing//--",
    "timestamp": "unknown"
  },
  {
    "title": "--.rtf",
    "link": "https://ir.crisprtx.com/static-files/27693b85-eb53-40fa-b663-0d7c5bf66471",
    "timestamp": "unknown"
  },
  {
    "title": "--.xls",
    "link": "https://ir.crisprtx.com/static-files/6d852a58-434f-4cea-b238-a1ac942fe5fc",
    "timestamp": "unknown"
  },
  {
    "title": "--.pdf",
    "link": "https://ir.crisprtx.com/static-files/7c3e776d-6f0d--8b7c-8ac9fc59d466",
    "timestamp": "unknown"
  },
  {
    "title": "Jan ,Statement of changes in beneficial ownership of securities,,--.rtf--.xls--.pdf",
    "link": "https://ir.crisprtx.com/sec-filings/sec-filing//--",
    "timestamp": "unknown"
  },
  {
    "title": "--.rtf",
    "link": "https://ir.crisprtx.com/static-files/7da94c45-ce15-4a60-a697-9379d7c36d0a",
    "timestamp": "unknown"
  },
  {
    "title": "--.xls",
    "link": "https://ir.crisprtx.com/static-files/b994da67---a9c1-ac0ed94f9942",
    "timestamp": "unknown"
  },
  {
    "title": "--.pdf",
    "link": "https://ir.crisprtx.com/static-files/d8bfe4a7---9cec-9aa9406276a5",
    "timestamp": "unknown"
  },
  {
    "title": "Jan ,Filed by \"insiders\" prior intended sale of restricted stock.Other--.rtf--.xls--.pdf",
    "link": "https://ir.crisprtx.com/sec-filings/sec-filing//--",
    "timestamp": "unknown"
  },
  {
    "title": "--.rtf",
    "link": "https://ir.crisprtx.com/static-files/5e41e92d--44a8-adad-5933edfeb136",
    "timestamp": "unknown"
  },
  {
    "title": "--.xls",
    "link": "https://ir.crisprtx.com/static-files/bf157894-ccd4-4ddd-87ef-7ea7a44e6c83",
    "timestamp": "unknown"
  },
  {
    "title": "--.pdf",
    "link": "https://ir.crisprtx.com/static-files/d4dc3223-4d46--91b9-aa2f5f914e01",
    "timestamp": "unknown"
  },
  {
    "title": "Jan ,Filed by \"insiders\" prior intended sale of restricted stock.Other--.rtf--.xls--.pdf",
    "link": "https://ir.crisprtx.com/sec-filings/sec-filing//--",
    "timestamp": "unknown"
  },
  {
    "title": "--.rtf",
    "link": "https://ir.crisprtx.com/static-files/21c7659e-294c---3b465cd57f19",
    "timestamp": "unknown"
  },
  {
    "title": "--.xls",
    "link": "https://ir.crisprtx.com/static-files/76bece8a-0ed7-4a03-b764-973e646712c4",
    "timestamp": "unknown"
  },
  {
    "title": "--.pdf",
    "link": "https://ir.crisprtx.com/static-files/62d9e0d0--42dc-a45d-8e225109aab9",
    "timestamp": "unknown"
  },
  {
    "title": "Jan ,Statement of changes in beneficial ownership of securities,,--.rtf--.xls--.pdf",
    "link": "https://ir.crisprtx.com/sec-filings/sec-filing//--",
    "timestamp": "unknown"
  },
  {
    "title": "--.rtf",
    "link": "https://ir.crisprtx.com/static-files/37ba3aaf-92a7-4a5d-83d6-6a4efe526734",
    "timestamp": "unknown"
  },
  {
    "title": "--.xls",
    "link": "https://ir.crisprtx.com/static-files/1b825b7a-94be-4b55-bfb0-0f37f91f5843",
    "timestamp": "unknown"
  },
  {
    "title": "--.pdf",
    "link": "https://ir.crisprtx.com/static-files/f096eec3-0bee-435a-b4e0-71fabee9736d",
    "timestamp": "unknown"
  },
  {
    "title": "Jan ,Filed by \"insiders\" prior intended sale of restricted stock.Other--.rtf--.xls--.pdf",
    "link": "https://ir.crisprtx.com/sec-filings/sec-filing//--",
    "timestamp": "unknown"
  },
  {
    "title": "--.rtf",
    "link": "https://ir.crisprtx.com/static-files/2712dfff-1ad1-49c1-86e1-b9be5356af11",
    "timestamp": "unknown"
  },
  {
    "title": "--.xls",
    "link": "https://ir.crisprtx.com/static-files/cfe7c59e-c60b--a5d3-ca9c9fa54140",
    "timestamp": "unknown"
  },
  {
    "title": "--.pdf",
    "link": "https://ir.crisprtx.com/static-files/3f213d16-3d7b-4a28-a2bb-5e9f3f974354",
    "timestamp": "unknown"
  },
  {
    "title": "Jan ,-KReport of unscheduled material events or corporate eventCurrent Reports--.rtf--.xls--.pdfEX-.SCH - XBRL TAXONOMY EXTENSION SCHEMA",
    "link": "https://ir.crisprtx.com/sec-filings/sec-filing/-k/--",
    "timestamp": "unknown"
  },
  {
    "title": "--.rtf",
    "link": "https://ir.crisprtx.com/static-files/f260b231---94fa-ad756acabba2",
    "timestamp": "unknown"
  },
  {
    "title": "--.xls",
    "link": "https://ir.crisprtx.com/static-files/ed1780ce-e4a2-48da-b602-d6f2b7fdd871",
    "timestamp": "unknown"
  },
  {
    "title": "--.pdf",
    "link": "https://ir.crisprtx.com/static-files/9507c401-7b56-410b-954a-d18ec68ffc1c",
    "timestamp": "unknown"
  },
  {
    "title": "Current page",
    "link": "https://ir.crisprtx.com/sec-filings?&&field_nir_sec_date_filed_value=&&&items_per_page_toggle=&page=",
    "timestamp": "unknown"
  },
  {
    "title": "Page",
    "link": "https://ir.crisprtx.com/sec-filings?&&field_nir_sec_date_filed_value=&&&items_per_page_toggle=&page=",
    "timestamp": "unknown"
  },
  {
    "title": "Page",
    "link": "https://ir.crisprtx.com/sec-filings?&&field_nir_sec_date_filed_value=&&&items_per_page_toggle=&page=",
    "timestamp": "unknown"
  },
  {
    "title": "Page",
    "link": "https://ir.crisprtx.com/sec-filings?&&field_nir_sec_date_filed_value=&&&items_per_page_toggle=&page=",
    "timestamp": "unknown"
  },
  {
    "title": "Page",
    "link": "https://ir.crisprtx.com/sec-filings?&&field_nir_sec_date_filed_value=&&&items_per_page_toggle=&page=",
    "timestamp": "unknown"
  },
  {
    "title": "Page",
    "link": "https://ir.crisprtx.com/sec-filings?&&field_nir_sec_date_filed_value=&&&items_per_page_toggle=&page=",
    "timestamp": "unknown"
  },
  {
    "title": "Page",
    "link": "https://ir.crisprtx.com/sec-filings?&&field_nir_sec_date_filed_value=&&&items_per_page_toggle=&page=",
    "timestamp": "unknown"
  },
  {
    "title": "Page",
    "link": "https://ir.crisprtx.com/sec-filings?&&field_nir_sec_date_filed_value=&&&items_per_page_toggle=&page=",
    "timestamp": "unknown"
  },
  {
    "title": "Page",
    "link": "https://ir.crisprtx.com/sec-filings?&&field_nir_sec_date_filed_value=&&&items_per_page_toggle=&page=",
    "timestamp": "unknown"
  },
  {
    "title": "Next pageNext \u203a",
    "link": "https://ir.crisprtx.com/sec-filings?&&field_nir_sec_date_filed_value=&&&items_per_page_toggle=&page=",
    "timestamp": "unknown"
  },
  {
    "title": "Last pageLast \u00bb",
    "link": "https://ir.crisprtx.com/sec-filings?&&field_nir_sec_date_filed_value=&&&items_per_page_toggle=&page=",
    "timestamp": "unknown"
  },
  {
    "title": "Shareholder ToolsPrint PageRSS FeedsEmail AlertsContact IR",
    "link": "https://ir.crisprtx.com/sec-filings#print",
    "timestamp": "unknown"
  },
  {
    "title": "Print Page",
    "link": "https://ir.crisprtx.com/sec-filings#print",
    "timestamp": "unknown"
  },
  {
    "title": "RSS Feeds",
    "link": "https://ir.crisprtx.com/rss-feeds",
    "timestamp": "unknown"
  },
  {
    "title": "Email Alerts",
    "link": "https://ir.crisprtx.com/email-alerts",
    "timestamp": "unknown"
  },
  {
    "title": "Contact IR",
    "link": "https://ir.crisprtx.com/contacts",
    "timestamp": "unknown"
  },
  {
    "title": "Interested in joining our team?Careers at CRISPR\u00a9  CRISPR Therapeutics.Contact|Privacy Policy|Terms and Conditions",
    "link": "http://www.crisprtx.com/careers",
    "timestamp": "unknown"
  },
  {
    "title": "Interested in joining our team?Careers at CRISPR\u00a9  CRISPR Therapeutics.Contact|Privacy Policy|Terms and Conditions",
    "link": "http://www.crisprtx.com/careers",
    "timestamp": "unknown"
  },
  {
    "title": "Interested in joining our team?Careers at CRISPR\u00a9  CRISPR Therapeutics.Contact|Privacy Policy|Terms and Conditions",
    "link": "http://www.crisprtx.com/careers",
    "timestamp": "unknown"
  },
  {
    "title": "Interested in joining our team?Careers at CRISPR",
    "link": "http://www.crisprtx.com/careers",
    "timestamp": "unknown"
  },
  {
    "title": "\u00a9  CRISPR Therapeutics.Contact|Privacy Policy|Terms and Conditions",
    "link": "https://crisprtx.com/about-us/contact",
    "timestamp": "unknown"
  }
]