[
  {
    "title": "\ubcf8\ubb38\uc601\uc5ed \ubc14\ub85c\uac00\uae30ABL Bio - medicine for A Better LifeAbout UsWho We AreHistoryCorporate IdentityLeadershipContact UsESGPlatform & StrategiesPlatformOncology S",
    "link": "https://www.ablbio.com/en/company/news#container",
    "timestamp": "unknown"
  },
  {
    "title": "\ubcf8\ubb38\uc601\uc5ed \ubc14\ub85c\uac00\uae30",
    "link": "https://www.ablbio.com/en/company/news#container",
    "timestamp": "unknown"
  },
  {
    "title": "ABL Bio - medicine for A Better LifeAbout UsWho We AreHistoryCorporate IdentityLeadershipContact UsESGPlatform & StrategiesPlatformOncology StrategyCN",
    "link": "https://www.ablbio.com/en/company/main",
    "timestamp": "unknown"
  },
  {
    "title": "ABL Bio - medicine for A Better LifeAbout UsWho We AreHistoryCorporate IdentityLeadershipContact UsESGPlatform & StrategiesPlatformOncology StrategyCN",
    "link": "https://www.ablbio.com/en/company/main",
    "timestamp": "unknown"
  },
  {
    "title": "About UsWho We AreHistoryCorporate IdentityLeadershipContact UsESG",
    "link": "javascript:void();",
    "timestamp": "unknown"
  },
  {
    "title": "Who We AreHistoryCorporate IdentityLeadershipContact UsESG",
    "link": "https://www.ablbio.com/en/company/intro",
    "timestamp": "unknown"
  },
  {
    "title": "Who We Are",
    "link": "https://www.ablbio.com/en/company/intro",
    "timestamp": "unknown"
  },
  {
    "title": "History",
    "link": "https://www.ablbio.com/en/company/history",
    "timestamp": "unknown"
  },
  {
    "title": "Corporate Identity",
    "link": "https://www.ablbio.com/en/company/identity",
    "timestamp": "unknown"
  },
  {
    "title": "Leadership",
    "link": "https://www.ablbio.com/en/company/leadership",
    "timestamp": "unknown"
  },
  {
    "title": "Contact Us",
    "link": "https://www.ablbio.com/en/company/contact",
    "timestamp": "unknown"
  },
  {
    "title": "ESG",
    "link": "https://www.ablbio.com/en/company/esg",
    "timestamp": "unknown"
  },
  {
    "title": "Platform & StrategiesPlatformOncology StrategyCNS Disease StrategyADC StrategyPublications",
    "link": "javascript:void();",
    "timestamp": "unknown"
  },
  {
    "title": "PlatformOncology StrategyCNS Disease StrategyADC StrategyPublications",
    "link": "https://www.ablbio.com/en/company/platform",
    "timestamp": "unknown"
  },
  {
    "title": "Platform",
    "link": "https://www.ablbio.com/en/company/platform",
    "timestamp": "unknown"
  },
  {
    "title": "Oncology Strategy",
    "link": "https://www.ablbio.com/en/company/oncology",
    "timestamp": "unknown"
  },
  {
    "title": "CNS Disease Strategy",
    "link": "https://www.ablbio.com/en/company/cns",
    "timestamp": "unknown"
  },
  {
    "title": "ADC Strategy",
    "link": "https://www.ablbio.com/en/company/adc",
    "timestamp": "unknown"
  },
  {
    "title": "Publications",
    "link": "https://www.ablbio.com/en/company/posters01",
    "timestamp": "unknown"
  },
  {
    "title": "PipelineOverviewABL301ABL503ABL111ABL102ABL103ABL104ABL105",
    "link": "javascript:void();",
    "timestamp": "unknown"
  },
  {
    "title": "OverviewABL301ABL503ABL111ABL102ABL103ABL104ABL105",
    "link": "https://www.ablbio.com/en/company/pipeline01",
    "timestamp": "unknown"
  },
  {
    "title": "Overview",
    "link": "https://www.ablbio.com/en/company/pipeline01",
    "timestamp": "unknown"
  },
  {
    "title": "ABL301",
    "link": "https://www.ablbio.com/en/company/pipeline05",
    "timestamp": "unknown"
  },
  {
    "title": "ABL503",
    "link": "https://www.ablbio.com/en/company/pipeline07",
    "timestamp": "unknown"
  },
  {
    "title": "ABL111",
    "link": "https://www.ablbio.com/en/company/pipeline04",
    "timestamp": "unknown"
  },
  {
    "title": "ABL102",
    "link": "https://www.ablbio.com/en/company/pipeline10",
    "timestamp": "unknown"
  },
  {
    "title": "ABL103",
    "link": "https://www.ablbio.com/en/company/pipeline09",
    "timestamp": "unknown"
  },
  {
    "title": "ABL104",
    "link": "https://www.ablbio.com/en/company/pipeline11",
    "timestamp": "unknown"
  },
  {
    "title": "ABL105",
    "link": "https://www.ablbio.com/en/company/pipeline03",
    "timestamp": "unknown"
  },
  {
    "title": "Investors & MediaPublic DisclosureStock InformationFinance InformationNoticeNewsDocument & Materials",
    "link": "javascript:void();",
    "timestamp": "unknown"
  },
  {
    "title": "Public DisclosureStock InformationFinance InformationNoticeNewsDocument & Materials",
    "link": "https://www.ablbio.com/en/company/disclosure",
    "timestamp": "unknown"
  },
  {
    "title": "Public Disclosure",
    "link": "https://www.ablbio.com/en/company/disclosure",
    "timestamp": "unknown"
  },
  {
    "title": "Stock Information",
    "link": "https://www.ablbio.com/en/company/stock",
    "timestamp": "unknown"
  },
  {
    "title": "Finance Information",
    "link": "https://www.ablbio.com/en/company/financials",
    "timestamp": "unknown"
  },
  {
    "title": "Notice",
    "link": "https://www.ablbio.com/en/company/notice",
    "timestamp": "unknown"
  },
  {
    "title": "News",
    "link": "https://www.ablbio.com/en/company/news",
    "timestamp": "unknown"
  },
  {
    "title": "Document & Materials",
    "link": "https://www.ablbio.com/en/company/reference",
    "timestamp": "unknown"
  },
  {
    "title": "Careers",
    "link": "https://ablbio.career.greetinghr.com/ko/home",
    "timestamp": "unknown"
  },
  {
    "title": "KOR",
    "link": "https://www.ablbio.com/kr/company/news",
    "timestamp": "unknown"
  },
  {
    "title": "ENG",
    "link": "https://www.ablbio.com/en/company/news",
    "timestamp": "unknown"
  },
  {
    "title": "Investors & MediaNewsHomeInvestors & MediaNewsNews \uac80\uc0c9 \ud3fcAllsearchrecentlyhitsABL Bio\u2013NEOK Bio Submit U.S. IND for Phase  Clinical Trial of ABL209 (NEOK",
    "link": "javascript:void()",
    "timestamp": "unknown"
  },
  {
    "title": "NewsHomeInvestors & MediaNewsNews \uac80\uc0c9 \ud3fcAllsearchrecentlyhitsABL Bio\u2013NEOK Bio Submit U.S. IND for Phase  Clinical Trial of ABL209 (NEOK002)-\u00a0Further dev",
    "link": "javascript:void()",
    "timestamp": "unknown"
  },
  {
    "title": "ABL Bio\u2013NEOK Bio Submit U.S. IND for Phase  Clinical Trial of ABL209 (NEOK002)-\u00a0Further development of ABL209 (NEOK002) to be led by NEOK Bio and Phas",
    "link": "javascript:;",
    "timestamp": "unknown"
  },
  {
    "title": "ABL Bio\u2013NEOK Bio, FDA Approves IND for Phase  Clinical Trial of ABL206 (NEOK001) in the U...-\u00a0Phase  clinical development to be\u00a0 initiated by NEOK Bio",
    "link": "javascript:;",
    "timestamp": "unknown"
  },
  {
    "title": "ABL Bio\u2019s Partner Compass to Deliver IR Presentation at JPM Healthcare Conference- On-site presentation scheduled for  a.m. on the 14th; recorded vers",
    "link": "javascript:;",
    "timestamp": "unknown"
  },
  {
    "title": "ABL Bio and NovaBridge Present Positive ABL111/Givastomig Dose Expansion Data from the Phase...- % ORR observed at  mg/kg and % ORR observed at  mg/kg",
    "link": "javascript:;",
    "timestamp": "unknown"
  },
  {
    "title": "ABL Bio Receives Upfront Payment for License, Research and Collaboration Agreement for Grabo...- Secured a total of  million in R&D funding, including",
    "link": "javascript:;",
    "timestamp": "unknown"
  },
  {
    "title": "ABL Bio and NEOK Bio submit IND application in the U.S. for ABL206 (NEOK001)-\u00a0Further development of ABL206 (NEOK001) to be led by NEOK Bio and Phase ",
    "link": "javascript:;",
    "timestamp": "unknown"
  },
  {
    "title": "ABL Bio Successfully Finished ESMO IO Poster Presentation for ABL503/Ragistomig- Significant improvement in the overall safety profile of ABL503/ragis",
    "link": "javascript:;",
    "timestamp": "unknown"
  },
  {
    "title": "ABL Bio to Present a Poster on ABL503/Ragistomig  at ESMO IO- Safety and efficacy data released on the adjustment of ABL503/ragistomig monotherapy dos",
    "link": "javascript:;",
    "timestamp": "unknown"
  },
  {
    "title": "ABL Bio Announces Equity Investment Agreement with Lilly- Under the agreement, , common shares will be issued at KRW , won per share, raising a total ",
    "link": "javascript:;",
    "timestamp": "unknown"
  },
  {
    "title": "\ub2e4\uc74c\ud398\uc774\uc9c0\ub85c\ub9c8\uc9c0\ub9c9\ud398\uc774\uc9c0\ub85c",
    "link": "https://www.ablbio.com/en/company/news/",
    "timestamp": "unknown"
  },
  {
    "title": "ABL BioAbout UsWho We AreHistoryCorporate IdentityLeadershipContact UsESGPlatform & StrategiesPlatformOncology StrategyCNS Disease StrategyADC Strateg",
    "link": "https://www.ablbio.com/en/company/main",
    "timestamp": "unknown"
  },
  {
    "title": "ABL BioAbout UsWho We AreHistoryCorporate IdentityLeadershipContact UsESGPlatform & StrategiesPlatformOncology StrategyCNS Disease StrategyADC Strateg",
    "link": "https://www.ablbio.com/en/company/main",
    "timestamp": "unknown"
  },
  {
    "title": "ABL Bio",
    "link": "https://www.ablbio.com/en/company/main",
    "timestamp": "unknown"
  },
  {
    "title": "About UsWho We AreHistoryCorporate IdentityLeadershipContact UsESGPlatform & StrategiesPlatformOncology StrategyCNS Disease StrategyADC StrategyPublic",
    "link": "javascript:void();",
    "timestamp": "unknown"
  },
  {
    "title": "About UsWho We AreHistoryCorporate IdentityLeadershipContact UsESG",
    "link": "javascript:void();",
    "timestamp": "unknown"
  },
  {
    "title": "Who We Are",
    "link": "https://www.ablbio.com/en/company/intro",
    "timestamp": "unknown"
  },
  {
    "title": "History",
    "link": "https://www.ablbio.com/en/company/history",
    "timestamp": "unknown"
  },
  {
    "title": "Corporate Identity",
    "link": "https://www.ablbio.com/en/company/identity",
    "timestamp": "unknown"
  },
  {
    "title": "Leadership",
    "link": "https://www.ablbio.com/en/company/leadership",
    "timestamp": "unknown"
  },
  {
    "title": "Contact Us",
    "link": "https://www.ablbio.com/en/company/contact",
    "timestamp": "unknown"
  },
  {
    "title": "ESG",
    "link": "https://www.ablbio.com/en/company/esg",
    "timestamp": "unknown"
  },
  {
    "title": "Platform & StrategiesPlatformOncology StrategyCNS Disease StrategyADC StrategyPublications",
    "link": "javascript:void();",
    "timestamp": "unknown"
  },
  {
    "title": "Platform",
    "link": "https://www.ablbio.com/en/company/platform",
    "timestamp": "unknown"
  },
  {
    "title": "Oncology Strategy",
    "link": "https://www.ablbio.com/en/company/oncology",
    "timestamp": "unknown"
  },
  {
    "title": "CNS Disease Strategy",
    "link": "https://www.ablbio.com/en/company/cns",
    "timestamp": "unknown"
  },
  {
    "title": "ADC Strategy",
    "link": "https://www.ablbio.com/en/company/adc",
    "timestamp": "unknown"
  },
  {
    "title": "Publications",
    "link": "https://www.ablbio.com/en/company/posters01",
    "timestamp": "unknown"
  },
  {
    "title": "PipelineOverviewABL301ABL503ABL111ABL102ABL103ABL104ABL105",
    "link": "javascript:void();",
    "timestamp": "unknown"
  },
  {
    "title": "Overview",
    "link": "https://www.ablbio.com/en/company/pipeline01",
    "timestamp": "unknown"
  },
  {
    "title": "ABL301",
    "link": "https://www.ablbio.com/en/company/pipeline05",
    "timestamp": "unknown"
  },
  {
    "title": "ABL503",
    "link": "https://www.ablbio.com/en/company/pipeline07",
    "timestamp": "unknown"
  },
  {
    "title": "ABL111",
    "link": "https://www.ablbio.com/en/company/pipeline04",
    "timestamp": "unknown"
  },
  {
    "title": "ABL102",
    "link": "https://www.ablbio.com/en/company/pipeline10",
    "timestamp": "unknown"
  },
  {
    "title": "ABL103",
    "link": "https://www.ablbio.com/en/company/pipeline09",
    "timestamp": "unknown"
  },
  {
    "title": "ABL104",
    "link": "https://www.ablbio.com/en/company/pipeline11",
    "timestamp": "unknown"
  },
  {
    "title": "ABL105",
    "link": "https://www.ablbio.com/en/company/pipeline03",
    "timestamp": "unknown"
  },
  {
    "title": "Investors & MediaPublic DisclosureStock InformationFinance InformationNoticeNewsDocument & Materials",
    "link": "javascript:void();",
    "timestamp": "unknown"
  },
  {
    "title": "Public Disclosure",
    "link": "https://www.ablbio.com/en/company/disclosure",
    "timestamp": "unknown"
  },
  {
    "title": "Stock Information",
    "link": "https://www.ablbio.com/en/company/stock",
    "timestamp": "unknown"
  },
  {
    "title": "Finance Information",
    "link": "https://www.ablbio.com/en/company/financials",
    "timestamp": "unknown"
  },
  {
    "title": "Notice",
    "link": "https://www.ablbio.com/en/company/notice",
    "timestamp": "unknown"
  },
  {
    "title": "News",
    "link": "https://www.ablbio.com/en/company/news",
    "timestamp": "unknown"
  },
  {
    "title": "Document & Materials",
    "link": "https://www.ablbio.com/en/company/reference",
    "timestamp": "unknown"
  },
  {
    "title": "CareersCore CompetenciesBenefitsRecruitmentRecruiting Process",
    "link": "javascript:void();",
    "timestamp": "unknown"
  },
  {
    "title": "Core Competencies",
    "link": "https://www.ablbio.com/en/company/talents",
    "timestamp": "unknown"
  },
  {
    "title": "Benefits",
    "link": "https://www.ablbio.com/en/company/benefits",
    "timestamp": "unknown"
  },
  {
    "title": "Recruitment",
    "link": "https://www.ablbio.com/en/company/hire_list",
    "timestamp": "unknown"
  },
  {
    "title": "Recruiting Process",
    "link": "https://www.ablbio.com/en/company/recruit",
    "timestamp": "unknown"
  }
]