[
  {
    "title": "CloseAbout UsOur MissionOur HistoryLeadershipOur SciencePublicationsPipelinePatientsFrontotemporal Dementia (FTD)Alzheimer\u2019s Disease (AD)Amyotrophic L",
    "link": "https://alector.com/about-us/",
    "timestamp": "unknown"
  },
  {
    "title": "CloseAbout UsOur MissionOur HistoryLeadershipOur SciencePublicationsPipelinePatientsFrontotemporal Dementia (FTD)Alzheimer\u2019s Disease (AD)Amyotrophic L",
    "link": "https://alector.com/about-us/",
    "timestamp": "unknown"
  },
  {
    "title": "About UsOur MissionOur HistoryLeadershipOur SciencePublicationsPipelinePatientsFrontotemporal Dementia (FTD)Alzheimer\u2019s Disease (AD)Amyotrophic Latera",
    "link": "https://alector.com/about-us/",
    "timestamp": "unknown"
  },
  {
    "title": "About UsOur MissionOur HistoryLeadershipOur SciencePublicationsPipelinePatientsFrontotemporal Dementia (FTD)Alzheimer\u2019s Disease (AD)Amyotrophic Latera",
    "link": "https://alector.com/about-us/",
    "timestamp": "unknown"
  },
  {
    "title": "About UsOur MissionOur HistoryLeadership",
    "link": "https://alector.com/about-us/",
    "timestamp": "unknown"
  },
  {
    "title": "Our Mission",
    "link": "https://alector.com/about-us/our-mission/",
    "timestamp": "unknown"
  },
  {
    "title": "Our History",
    "link": "https://alector.com/about-us/our-history/",
    "timestamp": "unknown"
  },
  {
    "title": "Leadership",
    "link": "https://alector.com/about-us/leadership/",
    "timestamp": "unknown"
  },
  {
    "title": "Our SciencePublications",
    "link": "https://alector.com/our-science/",
    "timestamp": "unknown"
  },
  {
    "title": "Publications",
    "link": "https://alector.com/our-science/publications/",
    "timestamp": "unknown"
  },
  {
    "title": "Pipeline",
    "link": "https://alector.com/pipeline/",
    "timestamp": "unknown"
  },
  {
    "title": "PatientsFrontotemporal Dementia (FTD)Alzheimer\u2019s Disease (AD)Amyotrophic Lateral Sclerosis (ALS)Expanded Access Policy",
    "link": "https://alector.com//patients/",
    "timestamp": "unknown"
  },
  {
    "title": "Frontotemporal Dementia (FTD)",
    "link": "https://alector.com//patients/frontotemporal-dementia-ftd/",
    "timestamp": "unknown"
  },
  {
    "title": "Alzheimer\u2019s Disease (AD)",
    "link": "https://alector.com//patients/alzheimers-disease-ad/",
    "timestamp": "unknown"
  },
  {
    "title": "Amyotrophic Lateral Sclerosis (ALS)",
    "link": "https://alector.com//patients/amyotrophic-lateral-sclerosis-als/",
    "timestamp": "unknown"
  },
  {
    "title": "Expanded Access Policy",
    "link": "https://alector.com//patients/expanded-access-policy/",
    "timestamp": "unknown"
  },
  {
    "title": "Investors",
    "link": "https://investors.alector.com/investor-relations",
    "timestamp": "unknown"
  },
  {
    "title": "Culture & Careers",
    "link": "https://alector.com//culture-careers/",
    "timestamp": "unknown"
  },
  {
    "title": "Contact Us",
    "link": "https://alector.com//contact/",
    "timestamp": "unknown"
  },
  {
    "title": "COVID- InformationPrivacy PolicyTerms of UseDo Not Sell My Personal Information",
    "link": "https://alector.com//covid-/",
    "timestamp": "unknown"
  },
  {
    "title": "COVID- Information",
    "link": "https://alector.com//covid-/",
    "timestamp": "unknown"
  },
  {
    "title": "Privacy Policy",
    "link": "https://alector.com//privacy-policy/",
    "timestamp": "unknown"
  },
  {
    "title": "Terms of Use",
    "link": "https://alector.com//terms-of-use-/",
    "timestamp": "unknown"
  },
  {
    "title": "Do Not Sell My Personal Information",
    "link": "https://www.requesteasy.com/5dfe-",
    "timestamp": "unknown"
  },
  {
    "title": "Follow Us",
    "link": "https://twitter.com/AlectorTx",
    "timestamp": "unknown"
  },
  {
    "title": "About UsOur MissionOur HistoryLeadershipOur SciencePublicationsPipelinePatientsFrontotemporal Dementia (FTD)Alzheimer\u2019s Disease (AD)Amyotrophic Latera",
    "link": "https://alector.com/",
    "timestamp": "unknown"
  },
  {
    "title": "About UsOur MissionOur HistoryLeadershipOur SciencePublicationsPipelinePatientsFrontotemporal Dementia (FTD)Alzheimer\u2019s Disease (AD)Amyotrophic Latera",
    "link": "https://alector.com/",
    "timestamp": "unknown"
  },
  {
    "title": "About UsOur MissionOur HistoryLeadershipOur SciencePublicationsPipelinePatientsFrontotemporal Dementia (FTD)Alzheimer\u2019s Disease (AD)Amyotrophic Latera",
    "link": "https://alector.com/about-us/",
    "timestamp": "unknown"
  },
  {
    "title": "About UsOur MissionOur HistoryLeadership",
    "link": "https://alector.com/about-us/",
    "timestamp": "unknown"
  },
  {
    "title": "Our Mission",
    "link": "https://alector.com/about-us/our-mission/",
    "timestamp": "unknown"
  },
  {
    "title": "Our History",
    "link": "https://alector.com/about-us/our-history/",
    "timestamp": "unknown"
  },
  {
    "title": "Leadership",
    "link": "https://alector.com/about-us/leadership/",
    "timestamp": "unknown"
  },
  {
    "title": "Our SciencePublications",
    "link": "https://alector.com/our-science/",
    "timestamp": "unknown"
  },
  {
    "title": "Publications",
    "link": "https://alector.com/our-science/publications/",
    "timestamp": "unknown"
  },
  {
    "title": "Pipeline",
    "link": "https://alector.com/pipeline/",
    "timestamp": "unknown"
  },
  {
    "title": "PatientsFrontotemporal Dementia (FTD)Alzheimer\u2019s Disease (AD)Amyotrophic Lateral Sclerosis (ALS)Expanded Access Policy",
    "link": "https://alector.com//patients/",
    "timestamp": "unknown"
  },
  {
    "title": "Frontotemporal Dementia (FTD)",
    "link": "https://alector.com//patients/frontotemporal-dementia-ftd/",
    "timestamp": "unknown"
  },
  {
    "title": "Alzheimer\u2019s Disease (AD)",
    "link": "https://alector.com//patients/alzheimers-disease-ad/",
    "timestamp": "unknown"
  },
  {
    "title": "Amyotrophic Lateral Sclerosis (ALS)",
    "link": "https://alector.com//patients/amyotrophic-lateral-sclerosis-als/",
    "timestamp": "unknown"
  },
  {
    "title": "Expanded Access Policy",
    "link": "https://alector.com//patients/expanded-access-policy/",
    "timestamp": "unknown"
  },
  {
    "title": "Investors",
    "link": "https://investors.alector.com/investor-relations",
    "timestamp": "unknown"
  },
  {
    "title": "Culture & Careers",
    "link": "https://alector.com//culture-careers/",
    "timestamp": "unknown"
  },
  {
    "title": "Contact Us",
    "link": "https://alector.com//contact/",
    "timestamp": "unknown"
  },
  {
    "title": "OverviewPress ReleasesEvents and PresentationsStock InformationStock Quote & ChartAnalyst CoverageSEC FilingsGovernanceGovernance OverviewLeadershipCo",
    "link": "https://investors.alector.com/",
    "timestamp": "unknown"
  },
  {
    "title": "OverviewPress ReleasesEvents and PresentationsStock InformationStock Quote & ChartAnalyst CoverageSEC FilingsGovernanceGovernance OverviewLeadershipCo",
    "link": "https://investors.alector.com/",
    "timestamp": "unknown"
  },
  {
    "title": "Overview",
    "link": "https://investors.alector.com/",
    "timestamp": "unknown"
  },
  {
    "title": "Press Releases",
    "link": "https://investors.alector.com/news-events/news-releases",
    "timestamp": "unknown"
  },
  {
    "title": "Events and Presentations",
    "link": "https://investors.alector.com/events-and-presentations/events",
    "timestamp": "unknown"
  },
  {
    "title": "Stock InformationStock Quote & ChartAnalyst Coverage",
    "link": "https://investors.alector.com/stock-information/stock-quote-chart",
    "timestamp": "unknown"
  },
  {
    "title": "Stock Quote & Chart",
    "link": "https://investors.alector.com/stock-information/stock-quote-chart",
    "timestamp": "unknown"
  },
  {
    "title": "Analyst Coverage",
    "link": "https://investors.alector.com/financial-information/analyst-coverage",
    "timestamp": "unknown"
  },
  {
    "title": "SEC Filings",
    "link": "https://investors.alector.com/financial-information/sec-filings",
    "timestamp": "unknown"
  },
  {
    "title": "GovernanceGovernance OverviewLeadershipCommittee Composition",
    "link": "https://investors.alector.com/corporate-governance/governance-overview",
    "timestamp": "unknown"
  },
  {
    "title": "Governance Overview",
    "link": "https://investors.alector.com/corporate-governance/governance-overview",
    "timestamp": "unknown"
  },
  {
    "title": "Leadership",
    "link": "https://alector.com/about-us/leadership/",
    "timestamp": "unknown"
  },
  {
    "title": "Committee Composition",
    "link": "https://investors.alector.com/corporate-governance/committee-composition",
    "timestamp": "unknown"
  },
  {
    "title": "Investor ResourcesInvestor FAQsEmail AlertsContact IR",
    "link": "https://investors.alector.com/investor-resources/investor-faqs",
    "timestamp": "unknown"
  },
  {
    "title": "Investor FAQs",
    "link": "https://investors.alector.com/investor-resources/investor-faqs",
    "timestamp": "unknown"
  },
  {
    "title": "Email Alerts",
    "link": "https://investors.alector.com/investor-resources/email-alerts",
    "timestamp": "unknown"
  },
  {
    "title": "Contact IR",
    "link": "https://investors.alector.com/investor-resources/contact-ir",
    "timestamp": "unknown"
  },
  {
    "title": "Upcoming EventsMore events are coming soon.Past EventsDec ,  atESTBank of America CNS Therapeutics ConferenceClick here for webcastSep ,  atEDTAlector",
    "link": "https://bofa.veracast.com/webcasts/bofa/cnstherapeutics2025/h059Zz.cfm",
    "timestamp": "unknown"
  },
  {
    "title": "Upcoming EventsMore events are coming soon.Past EventsDec ,  atESTBank of America CNS Therapeutics ConferenceClick here for webcastSep ,  atEDTAlector",
    "link": "https://bofa.veracast.com/webcasts/bofa/cnstherapeutics2025/h059Zz.cfm",
    "timestamp": "unknown"
  },
  {
    "title": "Upcoming EventsMore events are coming soon.Past EventsDec ,  atESTBank of America CNS Therapeutics ConferenceClick here for webcastSep ,  atEDTAlector",
    "link": "https://bofa.veracast.com/webcasts/bofa/cnstherapeutics2025/h059Zz.cfm",
    "timestamp": "unknown"
  },
  {
    "title": "Upcoming EventsMore events are coming soon.Past EventsDec ,  atESTBank of America CNS Therapeutics ConferenceClick here for webcastSep ,  atEDTAlector",
    "link": "https://bofa.veracast.com/webcasts/bofa/cnstherapeutics2025/h059Zz.cfm",
    "timestamp": "unknown"
  },
  {
    "title": "Upcoming EventsMore events are coming soon.Past EventsDec ,  atESTBank of America CNS Therapeutics ConferenceClick here for webcastSep ,  atEDTAlector",
    "link": "https://bofa.veracast.com/webcasts/bofa/cnstherapeutics2025/h059Zz.cfm",
    "timestamp": "unknown"
  },
  {
    "title": "Upcoming EventsMore events are coming soon.Past EventsDec ,  atESTBank of America CNS Therapeutics ConferenceClick here for webcastSep ,  atEDTAlector",
    "link": "https://bofa.veracast.com/webcasts/bofa/cnstherapeutics2025/h059Zz.cfm",
    "timestamp": "unknown"
  },
  {
    "title": "Upcoming EventsMore events are coming soon.Past EventsDec ,  atESTBank of America CNS Therapeutics ConferenceClick here for webcastSep ,  atEDTAlector",
    "link": "https://bofa.veracast.com/webcasts/bofa/cnstherapeutics2025/h059Zz.cfm",
    "timestamp": "unknown"
  },
  {
    "title": "Upcoming EventsMore events are coming soon.Past EventsDec ,  atESTBank of America CNS Therapeutics ConferenceClick here for webcastSep ,  atEDTAlector",
    "link": "https://bofa.veracast.com/webcasts/bofa/cnstherapeutics2025/h059Zz.cfm",
    "timestamp": "unknown"
  },
  {
    "title": "Upcoming EventsMore events are coming soon.Past EventsDec ,  atESTBank of America CNS Therapeutics ConferenceClick here for webcastSep ,  atEDTAlector",
    "link": "https://bofa.veracast.com/webcasts/bofa/cnstherapeutics2025/h059Zz.cfm",
    "timestamp": "unknown"
  },
  {
    "title": "Upcoming EventsMore events are coming soon.Past EventsDec ,  atESTBank of America CNS Therapeutics ConferenceClick here for webcastSep ,  atEDTAlector",
    "link": "https://bofa.veracast.com/webcasts/bofa/cnstherapeutics2025/h059Zz.cfm",
    "timestamp": "unknown"
  },
  {
    "title": "Upcoming EventsMore events are coming soon.Past EventsDec ,  atESTBank of America CNS Therapeutics ConferenceClick here for webcastSep ,  atEDTAlector",
    "link": "https://bofa.veracast.com/webcasts/bofa/cnstherapeutics2025/h059Zz.cfm",
    "timestamp": "unknown"
  },
  {
    "title": "Upcoming EventsMore events are coming soon.Past EventsDec ,  atESTBank of America CNS Therapeutics ConferenceClick here for webcastSep ,  atEDTAlector",
    "link": "https://bofa.veracast.com/webcasts/bofa/cnstherapeutics2025/h059Zz.cfm",
    "timestamp": "unknown"
  },
  {
    "title": "Upcoming EventsMore events are coming soon.Past EventsDec ,  atESTBank of America CNS Therapeutics ConferenceClick here for webcastSep ,  atEDTAlector",
    "link": "https://bofa.veracast.com/webcasts/bofa/cnstherapeutics2025/h059Zz.cfm",
    "timestamp": "unknown"
  },
  {
    "title": "Past EventsDec ,  atESTBank of America CNS Therapeutics ConferenceClick here for webcastSep ,  atEDTAlector R&D Briefing: A Review of Our PGRN Franchi",
    "link": "https://bofa.veracast.com/webcasts/bofa/cnstherapeutics2025/h059Zz.cfm",
    "timestamp": "unknown"
  },
  {
    "title": "Past EventsDec ,  atESTBank of America CNS Therapeutics ConferenceClick here for webcastSep ,  atEDTAlector R&D Briefing: A Review of Our PGRN Franchi",
    "link": "https://bofa.veracast.com/webcasts/bofa/cnstherapeutics2025/h059Zz.cfm",
    "timestamp": "unknown"
  },
  {
    "title": "Dec ,  atESTBank of America CNS Therapeutics ConferenceClick here for webcastSep ,  atEDTAlector R&D Briefing: A Review of Our PGRN Franchise and Brai",
    "link": "https://bofa.veracast.com/webcasts/bofa/cnstherapeutics2025/h059Zz.cfm",
    "timestamp": "unknown"
  },
  {
    "title": "Dec ,  atESTBank of America CNS Therapeutics ConferenceClick here for webcastSep ,  atEDTAlector R&D Briefing: A Review of Our PGRN Franchise and Brai",
    "link": "https://bofa.veracast.com/webcasts/bofa/cnstherapeutics2025/h059Zz.cfm",
    "timestamp": "unknown"
  },
  {
    "title": "Dec ,  atESTBank of America CNS Therapeutics ConferenceClick here for webcastSep ,  atEDTAlector R&D Briefing: A Review of Our PGRN Franchise and Brai",
    "link": "https://bofa.veracast.com/webcasts/bofa/cnstherapeutics2025/h059Zz.cfm",
    "timestamp": "unknown"
  },
  {
    "title": "Dec ,  atESTBank of America CNS Therapeutics ConferenceClick here for webcast",
    "link": "https://bofa.veracast.com/webcasts/bofa/cnstherapeutics2025/h059Zz.cfm",
    "timestamp": "unknown"
  },
  {
    "title": "Bank of America CNS Therapeutics ConferenceClick here for webcast",
    "link": "https://bofa.veracast.com/webcasts/bofa/cnstherapeutics2025/h059Zz.cfm",
    "timestamp": "unknown"
  },
  {
    "title": "Click here for webcast",
    "link": "https://bofa.veracast.com/webcasts/bofa/cnstherapeutics2025/h059Zz.cfm",
    "timestamp": "unknown"
  },
  {
    "title": "Click here for webcast",
    "link": "https://bofa.veracast.com/webcasts/bofa/cnstherapeutics2025/h059Zz.cfm",
    "timestamp": "unknown"
  },
  {
    "title": "Click here for webcast",
    "link": "https://bofa.veracast.com/webcasts/bofa/cnstherapeutics2025/h059Zz.cfm",
    "timestamp": "unknown"
  },
  {
    "title": "Sep ,  atEDTAlector R&D Briefing: A Review of Our PGRN Franchise and Brain Carrier ProgramsClick here for webcastSupporting MaterialsAlector R&D Brief",
    "link": "https://onlinexperiences.com/Launch/QReg/ShowUUID=72A1FC3F-118F-4A30-8C6B-068DC6EC3E96&GroupID=Onyx",
    "timestamp": "unknown"
  },
  {
    "title": "Alector R&D Briefing: A Review of Our PGRN Franchise and Brain Carrier ProgramsClick here for webcastSupporting MaterialsAlector R&D Briefing: A Revie",
    "link": "https://onlinexperiences.com/Launch/QReg/ShowUUID=72A1FC3F-118F-4A30-8C6B-068DC6EC3E96&GroupID=Onyx",
    "timestamp": "unknown"
  },
  {
    "title": "Click here for webcast",
    "link": "https://onlinexperiences.com/Launch/QReg/ShowUUID=72A1FC3F-118F-4A30-8C6B-068DC6EC3E96&GroupID=Onyx",
    "timestamp": "unknown"
  },
  {
    "title": "Click here for webcast",
    "link": "https://onlinexperiences.com/Launch/QReg/ShowUUID=72A1FC3F-118F-4A30-8C6B-068DC6EC3E96&GroupID=Onyx",
    "timestamp": "unknown"
  },
  {
    "title": "Click here for webcast",
    "link": "https://onlinexperiences.com/Launch/QReg/ShowUUID=72A1FC3F-118F-4A30-8C6B-068DC6EC3E96&GroupID=Onyx",
    "timestamp": "unknown"
  },
  {
    "title": "Supporting MaterialsAlector R&D Briefing: A Review of Our PGRN Franchise and Brain Carrier Programs. MB",
    "link": "https://investors.alector.com/static-files/5d715c02-3f17-4ac3-837d-56d38d3cb936",
    "timestamp": "unknown"
  },
  {
    "title": "Alector R&D Briefing: A Review of Our PGRN Franchise and Brain Carrier Programs. MB",
    "link": "https://investors.alector.com/static-files/5d715c02-3f17-4ac3-837d-56d38d3cb936",
    "timestamp": "unknown"
  },
  {
    "title": "Alector R&D Briefing: A Review of Our PGRN Franchise and Brain Carrier Programs. MB",
    "link": "https://investors.alector.com/static-files/5d715c02-3f17-4ac3-837d-56d38d3cb936",
    "timestamp": "unknown"
  },
  {
    "title": "Alector R&D Briefing: A Review of Our PGRN Franchise and Brain Carrier Programs. MB",
    "link": "https://investors.alector.com/static-files/5d715c02-3f17-4ac3-837d-56d38d3cb936",
    "timestamp": "unknown"
  },
  {
    "title": "Alector R&D Briefing: A Review of Our PGRN Franchise and Brain Carrier Programs. MB",
    "link": "https://investors.alector.com/static-files/5d715c02-3f17-4ac3-837d-56d38d3cb936",
    "timestamp": "unknown"
  },
  {
    "title": "Alector R&D Briefing: A Review of Our PGRN Franchise and Brain Carrier Programs. MB",
    "link": "https://investors.alector.com/static-files/5d715c02-3f17-4ac3-837d-56d38d3cb936",
    "timestamp": "unknown"
  },
  {
    "title": "Alector R&D Briefing: A Review of Our PGRN Franchise and Brain Carrier Programs. MB",
    "link": "https://investors.alector.com/static-files/5d715c02-3f17-4ac3-837d-56d38d3cb936",
    "timestamp": "unknown"
  },
  {
    "title": "Alector R&D Briefing: A Review of Our PGRN Franchise and Brain Carrier Programs. MB",
    "link": "https://investors.alector.com/static-files/5d715c02-3f17-4ac3-837d-56d38d3cb936",
    "timestamp": "unknown"
  },
  {
    "title": "Alector R&D Briefing: A Review of Our PGRN Franchise and Brain Carrier Programs. MB",
    "link": "https://investors.alector.com/static-files/5d715c02-3f17-4ac3-837d-56d38d3cb936",
    "timestamp": "unknown"
  },
  {
    "title": "Alector R&D Briefing: A Review of Our PGRN Franchise and Brain Carrier Programs. MB",
    "link": "https://investors.alector.com/static-files/5d715c02-3f17-4ac3-837d-56d38d3cb936",
    "timestamp": "unknown"
  },
  {
    "title": "Sep ,  atEDTMorgan Stanley 23rd Annual Global Healthcare ConferenceClick here for webcast",
    "link": "https://event.webcasts.com/starthere.jsp?ei=&tp_key=f541d008ae&tp_special=",
    "timestamp": "unknown"
  },
  {
    "title": "Morgan Stanley 23rd Annual Global Healthcare ConferenceClick here for webcast",
    "link": "https://event.webcasts.com/starthere.jsp?ei=&tp_key=f541d008ae&tp_special=",
    "timestamp": "unknown"
  },
  {
    "title": "Click here for webcast",
    "link": "https://event.webcasts.com/starthere.jsp?ei=&tp_key=f541d008ae&tp_special=",
    "timestamp": "unknown"
  },
  {
    "title": "Click here for webcast",
    "link": "https://event.webcasts.com/starthere.jsp?ei=&tp_key=f541d008ae&tp_special=",
    "timestamp": "unknown"
  },
  {
    "title": "Click here for webcast",
    "link": "https://event.webcasts.com/starthere.jsp?ei=&tp_key=f541d008ae&tp_special=",
    "timestamp": "unknown"
  },
  {
    "title": "Sep ,  atEDTCantor Global Healthcare ConferenceClick here for webcast",
    "link": "https://sqps.onstreamsecure.com/origin/enliven/players/EnlivenPlayer.html?customerId=&eventId=&checkCompany=&checkEmail=&checkName=",
    "timestamp": "unknown"
  },
  {
    "title": "Cantor Global Healthcare ConferenceClick here for webcast",
    "link": "https://sqps.onstreamsecure.com/origin/enliven/players/EnlivenPlayer.html?customerId=&eventId=&checkCompany=&checkEmail=&checkName=",
    "timestamp": "unknown"
  },
  {
    "title": "Click here for webcast",
    "link": "https://sqps.onstreamsecure.com/origin/enliven/players/EnlivenPlayer.html?customerId=&eventId=&checkCompany=&checkEmail=&checkName=",
    "timestamp": "unknown"
  },
  {
    "title": "Click here for webcast",
    "link": "https://sqps.onstreamsecure.com/origin/enliven/players/EnlivenPlayer.html?customerId=&eventId=&checkCompany=&checkEmail=&checkName=",
    "timestamp": "unknown"
  },
  {
    "title": "Click here for webcast",
    "link": "https://sqps.onstreamsecure.com/origin/enliven/players/EnlivenPlayer.html?customerId=&eventId=&checkCompany=&checkEmail=&checkName=",
    "timestamp": "unknown"
  },
  {
    "title": "Aug ,  atEDTAlector Q2  Earnings Conference CallClick here for webcast",
    "link": "https://edge.media-server.com/mmc/p/ffays85t",
    "timestamp": "unknown"
  },
  {
    "title": "Alector Q2  Earnings Conference CallClick here for webcast",
    "link": "https://edge.media-server.com/mmc/p/ffays85t",
    "timestamp": "unknown"
  },
  {
    "title": "Click here for webcast",
    "link": "https://edge.media-server.com/mmc/p/ffays85t",
    "timestamp": "unknown"
  },
  {
    "title": "Click here for webcast",
    "link": "https://edge.media-server.com/mmc/p/ffays85t",
    "timestamp": "unknown"
  },
  {
    "title": "Click here for webcast",
    "link": "https://edge.media-server.com/mmc/p/ffays85t",
    "timestamp": "unknown"
  },
  {
    "title": "May ,  atPDTBank of America Securities Health Care ConferenceClick here for webcast",
    "link": "https://bofa.veracast.com/webcasts/bofa/healthcare2025/idAF163E.cfm",
    "timestamp": "unknown"
  },
  {
    "title": "Bank of America Securities Health Care ConferenceClick here for webcast",
    "link": "https://bofa.veracast.com/webcasts/bofa/healthcare2025/idAF163E.cfm",
    "timestamp": "unknown"
  },
  {
    "title": "Click here for webcast",
    "link": "https://bofa.veracast.com/webcasts/bofa/healthcare2025/idAF163E.cfm",
    "timestamp": "unknown"
  },
  {
    "title": "Click here for webcast",
    "link": "https://bofa.veracast.com/webcasts/bofa/healthcare2025/idAF163E.cfm",
    "timestamp": "unknown"
  },
  {
    "title": "Click here for webcast",
    "link": "https://bofa.veracast.com/webcasts/bofa/healthcare2025/idAF163E.cfm",
    "timestamp": "unknown"
  },
  {
    "title": "Feb ,  atESTAlector Fourth Quarter and Full-Year  Earnings Conference CallClick here for webcast",
    "link": "https://edge.media-server.com/mmc/p/cuabukw3",
    "timestamp": "unknown"
  },
  {
    "title": "Alector Fourth Quarter and Full-Year  Earnings Conference CallClick here for webcast",
    "link": "https://edge.media-server.com/mmc/p/cuabukw3",
    "timestamp": "unknown"
  },
  {
    "title": "Click here for webcast",
    "link": "https://edge.media-server.com/mmc/p/cuabukw3",
    "timestamp": "unknown"
  },
  {
    "title": "Click here for webcast",
    "link": "https://edge.media-server.com/mmc/p/cuabukw3",
    "timestamp": "unknown"
  },
  {
    "title": "Click here for webcast",
    "link": "https://edge.media-server.com/mmc/p/cuabukw3",
    "timestamp": "unknown"
  },
  {
    "title": "PresentationsAlector November  Corporate PresentationNavigating the Diagnostic Journey: Insights from Frontotemporal Dementia CaregiversGenetic testin",
    "link": "https://investors.alector.com/static-files/af445b67-62ec-4a19-b233-6308478836dd",
    "timestamp": "unknown"
  },
  {
    "title": "PresentationsAlector November  Corporate PresentationNavigating the Diagnostic Journey: Insights from Frontotemporal Dementia CaregiversGenetic testin",
    "link": "https://investors.alector.com/static-files/af445b67-62ec-4a19-b233-6308478836dd",
    "timestamp": "unknown"
  },
  {
    "title": "Alector November  Corporate PresentationNavigating the Diagnostic Journey: Insights from Frontotemporal Dementia CaregiversGenetic testing rates of in",
    "link": "https://investors.alector.com/static-files/af445b67-62ec-4a19-b233-6308478836dd",
    "timestamp": "unknown"
  },
  {
    "title": "Alector November  Corporate PresentationNavigating the Diagnostic Journey: Insights from Frontotemporal Dementia CaregiversGenetic testing rates of in",
    "link": "https://investors.alector.com/static-files/af445b67-62ec-4a19-b233-6308478836dd",
    "timestamp": "unknown"
  },
  {
    "title": "Alector November  Corporate Presentation",
    "link": "https://investors.alector.com/static-files/af445b67-62ec-4a19-b233-6308478836dd",
    "timestamp": "unknown"
  },
  {
    "title": "Alector November  Corporate Presentation",
    "link": "https://investors.alector.com/static-files/af445b67-62ec-4a19-b233-6308478836dd",
    "timestamp": "unknown"
  },
  {
    "title": "Alector November  Corporate Presentation",
    "link": "https://investors.alector.com/static-files/af445b67-62ec-4a19-b233-6308478836dd",
    "timestamp": "unknown"
  },
  {
    "title": "Alector November  Corporate Presentation",
    "link": "https://investors.alector.com/static-files/af445b67-62ec-4a19-b233-6308478836dd",
    "timestamp": "unknown"
  },
  {
    "title": "Navigating the Diagnostic Journey: Insights from Frontotemporal Dementia Caregivers",
    "link": "https://investors.alector.com/static-files/b3823073-023e-49c0-a7b2-935807aabb11",
    "timestamp": "unknown"
  },
  {
    "title": "Navigating the Diagnostic Journey: Insights from Frontotemporal Dementia Caregivers",
    "link": "https://investors.alector.com/static-files/b3823073-023e-49c0-a7b2-935807aabb11",
    "timestamp": "unknown"
  },
  {
    "title": "Navigating the Diagnostic Journey: Insights from Frontotemporal Dementia Caregivers",
    "link": "https://investors.alector.com/static-files/b3823073-023e-49c0-a7b2-935807aabb11",
    "timestamp": "unknown"
  },
  {
    "title": "Navigating the Diagnostic Journey: Insights from Frontotemporal Dementia Caregivers",
    "link": "https://investors.alector.com/static-files/b3823073-023e-49c0-a7b2-935807aabb11",
    "timestamp": "unknown"
  },
  {
    "title": "Genetic testing rates of individuals diagnosed with FTD and close biological relatives assessed in the FTD Insights Survey",
    "link": "https://investors.alector.com/static-files/d155c3de-f080--b3f0-1544ceb034f4",
    "timestamp": "unknown"
  },
  {
    "title": "Genetic testing rates of individuals diagnosed with FTD and close biological relatives assessed in the FTD Insights Survey",
    "link": "https://investors.alector.com/static-files/d155c3de-f080--b3f0-1544ceb034f4",
    "timestamp": "unknown"
  },
  {
    "title": "Genetic testing rates of individuals diagnosed with FTD and close biological relatives assessed in the FTD Insights Survey",
    "link": "https://investors.alector.com/static-files/d155c3de-f080--b3f0-1544ceb034f4",
    "timestamp": "unknown"
  },
  {
    "title": "Genetic testing rates of individuals diagnosed with FTD and close biological relatives assessed in the FTD Insights Survey",
    "link": "https://investors.alector.com/static-files/d155c3de-f080--b3f0-1544ceb034f4",
    "timestamp": "unknown"
  },
  {
    "title": "Baseline characteristics for INFRONT-: A Phase  double-blind, placebo-controlled -week study evaluating latozinemab in FTD-GRN",
    "link": "https://investors.alector.com/static-files/b3aac9de-df7d-4ff8-93cc-43a8abcf3987",
    "timestamp": "unknown"
  },
  {
    "title": "Baseline characteristics for INFRONT-: A Phase  double-blind, placebo-controlled -week study evaluating latozinemab in FTD-GRN",
    "link": "https://investors.alector.com/static-files/b3aac9de-df7d-4ff8-93cc-43a8abcf3987",
    "timestamp": "unknown"
  },
  {
    "title": "Baseline characteristics for INFRONT-: A Phase  double-blind, placebo-controlled -week study evaluating latozinemab in FTD-GRN",
    "link": "https://investors.alector.com/static-files/b3aac9de-df7d-4ff8-93cc-43a8abcf3987",
    "timestamp": "unknown"
  },
  {
    "title": "Baseline characteristics for INFRONT-: A Phase  double-blind, placebo-controlled -week study evaluating latozinemab in FTD-GRN",
    "link": "https://investors.alector.com/static-files/b3aac9de-df7d-4ff8-93cc-43a8abcf3987",
    "timestamp": "unknown"
  },
  {
    "title": "Exploring quality of life impact reported by caregivers in the FTD Insights Survey",
    "link": "https://investors.alector.com/static-files/2c0fac4c-832a-480d-b54d-bb4a6c0f18a2",
    "timestamp": "unknown"
  },
  {
    "title": "Exploring quality of life impact reported by caregivers in the FTD Insights Survey",
    "link": "https://investors.alector.com/static-files/2c0fac4c-832a-480d-b54d-bb4a6c0f18a2",
    "timestamp": "unknown"
  },
  {
    "title": "Exploring quality of life impact reported by caregivers in the FTD Insights Survey",
    "link": "https://investors.alector.com/static-files/2c0fac4c-832a-480d-b54d-bb4a6c0f18a2",
    "timestamp": "unknown"
  },
  {
    "title": "Exploring quality of life impact reported by caregivers in the FTD Insights Survey",
    "link": "https://investors.alector.com/static-files/2c0fac4c-832a-480d-b54d-bb4a6c0f18a2",
    "timestamp": "unknown"
  },
  {
    "title": "Challenges Facing Caregivers of Individuals Diagnosed With Frontotemporal Dementia in the United States",
    "link": "https://investors.alector.com/static-files/8bc93ab7-7b54--a590-0cc41fd7d0c2",
    "timestamp": "unknown"
  },
  {
    "title": "Challenges Facing Caregivers of Individuals Diagnosed With Frontotemporal Dementia in the United States",
    "link": "https://investors.alector.com/static-files/8bc93ab7-7b54--a590-0cc41fd7d0c2",
    "timestamp": "unknown"
  },
  {
    "title": "Challenges Facing Caregivers of Individuals Diagnosed With Frontotemporal Dementia in the United States",
    "link": "https://investors.alector.com/static-files/8bc93ab7-7b54--a590-0cc41fd7d0c2",
    "timestamp": "unknown"
  },
  {
    "title": "Challenges Facing Caregivers of Individuals Diagnosed With Frontotemporal Dementia in the United States",
    "link": "https://investors.alector.com/static-files/8bc93ab7-7b54--a590-0cc41fd7d0c2",
    "timestamp": "unknown"
  },
  {
    "title": "Baseline characteristics for INVOKE-: a phase  randomized, double-blind, placebo-controlled study evaluating AL002 in early Alzheimer\u2019s disease",
    "link": "https://investors.alector.com/static-files/2f05cf85-8deb--9cb8-6e6a0f8e3d04",
    "timestamp": "unknown"
  },
  {
    "title": "Baseline characteristics for INVOKE-: a phase  randomized, double-blind, placebo-controlled study evaluating AL002 in early Alzheimer\u2019s disease",
    "link": "https://investors.alector.com/static-files/2f05cf85-8deb--9cb8-6e6a0f8e3d04",
    "timestamp": "unknown"
  },
  {
    "title": "Baseline characteristics for INVOKE-: a phase  randomized, double-blind, placebo-controlled study evaluating AL002 in early Alzheimer\u2019s disease",
    "link": "https://investors.alector.com/static-files/2f05cf85-8deb--9cb8-6e6a0f8e3d04",
    "timestamp": "unknown"
  },
  {
    "title": "Baseline characteristics for INVOKE-: a phase  randomized, double-blind, placebo-controlled study evaluating AL002 in early Alzheimer\u2019s disease",
    "link": "https://investors.alector.com/static-files/2f05cf85-8deb--9cb8-6e6a0f8e3d04",
    "timestamp": "unknown"
  },
  {
    "title": "Use of a blood-based amyloid test for screening in INVOKE-: a phase  randomized, double-blind, placebo-controlled study evaluating AL002 in early Alzh",
    "link": "https://investors.alector.com/static-files/e1dca6f5-3bb1-40b8-b09d-82d0244a343a",
    "timestamp": "unknown"
  },
  {
    "title": "Use of a blood-based amyloid test for screening in INVOKE-: a phase  randomized, double-blind, placebo-controlled study evaluating AL002 in early Alzh",
    "link": "https://investors.alector.com/static-files/e1dca6f5-3bb1-40b8-b09d-82d0244a343a",
    "timestamp": "unknown"
  },
  {
    "title": "Use of a blood-based amyloid test for screening in INVOKE-: a phase  randomized, double-blind, placebo-controlled study evaluating AL002 in early Alzh",
    "link": "https://investors.alector.com/static-files/e1dca6f5-3bb1-40b8-b09d-82d0244a343a",
    "timestamp": "unknown"
  },
  {
    "title": "Use of a blood-based amyloid test for screening in INVOKE-: a phase  randomized, double-blind, placebo-controlled study evaluating AL002 in early Alzh",
    "link": "https://investors.alector.com/static-files/e1dca6f5-3bb1-40b8-b09d-82d0244a343a",
    "timestamp": "unknown"
  },
  {
    "title": "PK/PD Modeling of Progranulin Elevation in Blood and CSF to Support AL101 Phase  Study",
    "link": "https://investors.alector.com/static-files/0054c306--45ee-bebf-4109631cd219",
    "timestamp": "unknown"
  },
  {
    "title": "PK/PD Modeling of Progranulin Elevation in Blood and CSF to Support AL101 Phase  Study",
    "link": "https://investors.alector.com/static-files/0054c306--45ee-bebf-4109631cd219",
    "timestamp": "unknown"
  },
  {
    "title": "PK/PD Modeling of Progranulin Elevation in Blood and CSF to Support AL101 Phase  Study",
    "link": "https://investors.alector.com/static-files/0054c306--45ee-bebf-4109631cd219",
    "timestamp": "unknown"
  },
  {
    "title": "PK/PD Modeling of Progranulin Elevation in Blood and CSF to Support AL101 Phase  Study",
    "link": "https://investors.alector.com/static-files/0054c306--45ee-bebf-4109631cd219",
    "timestamp": "unknown"
  },
  {
    "title": "INVOKE-: An Update on the Phase  Trial of AL002 in Early AD",
    "link": "https://investors.alector.com/static-files/7876dcd7-f1ed--a579-d2906482f941",
    "timestamp": "unknown"
  },
  {
    "title": "INVOKE-: An Update on the Phase  Trial of AL002 in Early AD",
    "link": "https://investors.alector.com/static-files/7876dcd7-f1ed--a579-d2906482f941",
    "timestamp": "unknown"
  },
  {
    "title": "INVOKE-: An Update on the Phase  Trial of AL002 in Early AD",
    "link": "https://investors.alector.com/static-files/7876dcd7-f1ed--a579-d2906482f941",
    "timestamp": "unknown"
  },
  {
    "title": "INVOKE-: An Update on the Phase  Trial of AL002 in Early AD",
    "link": "https://investors.alector.com/static-files/7876dcd7-f1ed--a579-d2906482f941",
    "timestamp": "unknown"
  },
  {
    "title": "PaginationCurrent pagePageNext pagenext \u203aLast pagelast \u00bb",
    "link": "https://investors.alector.com/events-and-presentations/events?page=%2C0%2C0",
    "timestamp": "unknown"
  },
  {
    "title": "Current page",
    "link": "https://investors.alector.com/events-and-presentations/events?page=%2C0%2C0",
    "timestamp": "unknown"
  },
  {
    "title": "Page",
    "link": "https://investors.alector.com/events-and-presentations/events?page=%2C0%2C1",
    "timestamp": "unknown"
  },
  {
    "title": "Next pagenext \u203a",
    "link": "https://investors.alector.com/events-and-presentations/events?page=%2C0%2C1",
    "timestamp": "unknown"
  },
  {
    "title": "Last pagelast \u00bb",
    "link": "https://investors.alector.com/events-and-presentations/events?page=%2C0%2C1",
    "timestamp": "unknown"
  },
  {
    "title": "About UsOur MissionOur HistoryLeadershipOur SciencePublicationsPipelinePatientsFrontotemporal Dementia (FTD)Alzheimer\u2019s Disease (AD)Amyotrophic Latera",
    "link": "https://alector.com/about-us/",
    "timestamp": "unknown"
  },
  {
    "title": "About UsOur MissionOur HistoryLeadershipOur SciencePublicationsPipelinePatientsFrontotemporal Dementia (FTD)Alzheimer\u2019s Disease (AD)Amyotrophic Latera",
    "link": "https://alector.com/about-us/",
    "timestamp": "unknown"
  },
  {
    "title": "About UsOur MissionOur HistoryLeadershipOur SciencePublicationsPipelinePatientsFrontotemporal Dementia (FTD)Alzheimer\u2019s Disease (AD)Amyotrophic Latera",
    "link": "https://alector.com/about-us/",
    "timestamp": "unknown"
  },
  {
    "title": "About UsOur MissionOur HistoryLeadership",
    "link": "https://alector.com/about-us/",
    "timestamp": "unknown"
  },
  {
    "title": "Our Mission",
    "link": "https://alector.com/about-us/our-mission/",
    "timestamp": "unknown"
  },
  {
    "title": "Our History",
    "link": "https://alector.com/about-us/our-history/",
    "timestamp": "unknown"
  },
  {
    "title": "Leadership",
    "link": "https://alector.com/about-us/leadership/",
    "timestamp": "unknown"
  },
  {
    "title": "Our SciencePublications",
    "link": "https://alector.com/our-science/",
    "timestamp": "unknown"
  },
  {
    "title": "Publications",
    "link": "https://alector.com/our-science/publications/",
    "timestamp": "unknown"
  },
  {
    "title": "Pipeline",
    "link": "https://alector.com/pipeline/",
    "timestamp": "unknown"
  },
  {
    "title": "PatientsFrontotemporal Dementia (FTD)Alzheimer\u2019s Disease (AD)Amyotrophic Lateral Sclerosis (ALS)Expanded Access Policy",
    "link": "https://alector.com//patients/",
    "timestamp": "unknown"
  },
  {
    "title": "Frontotemporal Dementia (FTD)",
    "link": "https://alector.com//patients/frontotemporal-dementia-ftd/",
    "timestamp": "unknown"
  },
  {
    "title": "Alzheimer\u2019s Disease (AD)",
    "link": "https://alector.com//patients/alzheimers-disease-ad/",
    "timestamp": "unknown"
  },
  {
    "title": "Amyotrophic Lateral Sclerosis (ALS)",
    "link": "https://alector.com//patients/amyotrophic-lateral-sclerosis-als/",
    "timestamp": "unknown"
  },
  {
    "title": "Expanded Access Policy",
    "link": "https://alector.com//patients/expanded-access-policy/",
    "timestamp": "unknown"
  },
  {
    "title": "Investors",
    "link": "https://investors.alector.com/investor-relations",
    "timestamp": "unknown"
  },
  {
    "title": "Culture & Careers",
    "link": "https://alector.com//culture-careers/",
    "timestamp": "unknown"
  },
  {
    "title": "Follow UsCOVID- InformationPrivacy PolicyTerms of UseDo Not Sell My Personal Information",
    "link": "https://twitter.com/AlectorTx",
    "timestamp": "unknown"
  },
  {
    "title": "Follow UsCOVID- InformationPrivacy PolicyTerms of UseDo Not Sell My Personal Information",
    "link": "https://twitter.com/AlectorTx",
    "timestamp": "unknown"
  },
  {
    "title": "Follow UsCOVID- InformationPrivacy PolicyTerms of UseDo Not Sell My Personal Information",
    "link": "https://twitter.com/AlectorTx",
    "timestamp": "unknown"
  },
  {
    "title": "Follow Us",
    "link": "https://twitter.com/AlectorTx",
    "timestamp": "unknown"
  },
  {
    "title": "COVID- InformationPrivacy PolicyTerms of UseDo Not Sell My Personal Information",
    "link": "https://alector.com//covid-/",
    "timestamp": "unknown"
  },
  {
    "title": "COVID- InformationPrivacy PolicyTerms of UseDo Not Sell My Personal Information",
    "link": "https://alector.com//covid-/",
    "timestamp": "unknown"
  },
  {
    "title": "COVID- Information",
    "link": "https://alector.com//covid-/",
    "timestamp": "unknown"
  },
  {
    "title": "Privacy Policy",
    "link": "https://alector.com//privacy-policy/",
    "timestamp": "unknown"
  },
  {
    "title": "Terms of Use",
    "link": "https://alector.com//terms-of-use-/",
    "timestamp": "unknown"
  },
  {
    "title": "Do Not Sell My Personal Information",
    "link": "https://www.requesteasy.com/5dfe-",
    "timestamp": "unknown"
  },
  {
    "title": "Copyright Alector, Inc. .The information regarding our therapeutic candidates and the patients they are intended to treat on this site is intended onl",
    "link": "https://alector.com/",
    "timestamp": "unknown"
  },
  {
    "title": "Copyright Alector, Inc. .The information regarding our therapeutic candidates and the patients they are intended to treat on this site is intended onl",
    "link": "https://alector.com/",
    "timestamp": "unknown"
  },
  {
    "title": "Copyright Alector, Inc. .The information regarding our therapeutic candidates and the patients they are intended to treat on this site is intended onl",
    "link": "https://alector.com/",
    "timestamp": "unknown"
  },
  {
    "title": "CloseAre you sure you want to leave?You are about to leave the Alector site. Please note our privacy policy won\u2019t apply to these third-party sites.Con",
    "link": "https://investors.alector.com/events-and-presentations/events",
    "timestamp": "unknown"
  },
  {
    "title": "CloseAre you sure you want to leave?You are about to leave the Alector site. Please note our privacy policy won\u2019t apply to these third-party sites.Con",
    "link": "https://investors.alector.com/events-and-presentations/events",
    "timestamp": "unknown"
  },
  {
    "title": "ContinueCancel",
    "link": "https://investors.alector.com/events-and-presentations/events",
    "timestamp": "unknown"
  },
  {
    "title": "Continue",
    "link": "https://investors.alector.com/events-and-presentations/events",
    "timestamp": "unknown"
  }
]