[
  {
    "title": "EnSvGovernanceBackGovernanceGovernance StructureGeneral MeetingGeneral MeetingsNomination CommitteeNomination CommitteesBoard of DirectorsWork of the ",
    "link": "https://www.bioarctic.com/en",
    "timestamp": "unknown"
  },
  {
    "title": "EnSvGovernanceBackGovernanceGovernance StructureGeneral MeetingGeneral MeetingsNomination CommitteeNomination CommitteesBoard of DirectorsWork of the ",
    "link": "https://www.bioarctic.com/en",
    "timestamp": "unknown"
  },
  {
    "title": "EnSv",
    "link": "https://www.bioarctic.com/en",
    "timestamp": "unknown"
  },
  {
    "title": "En",
    "link": "https://www.bioarctic.com/en",
    "timestamp": "unknown"
  },
  {
    "title": "Sv",
    "link": "https://www.bioarctic.com/sv/media/pressmeddelanden/",
    "timestamp": "unknown"
  },
  {
    "title": "GovernanceBackGovernanceGovernance StructureGeneral MeetingGeneral MeetingsNomination CommitteeNomination CommitteesBoard of DirectorsWork of the Boar",
    "link": "https://www.bioarctic.com/en/governance/",
    "timestamp": "unknown"
  },
  {
    "title": "BackGovernanceGovernance StructureGeneral MeetingGeneral MeetingsNomination CommitteeNomination CommitteesBoard of DirectorsWork of the Board of Direc",
    "link": "https://www.bioarctic.com/en/media/press-releases/",
    "timestamp": "unknown"
  },
  {
    "title": "Back",
    "link": "https://www.bioarctic.com/en/media/press-releases/",
    "timestamp": "unknown"
  },
  {
    "title": "Governance",
    "link": "https://www.bioarctic.com/en/governance/",
    "timestamp": "unknown"
  },
  {
    "title": "Governance StructureGeneral MeetingGeneral MeetingsNomination CommitteeNomination CommitteesBoard of DirectorsWork of the Board of DirectorsBoard Comm",
    "link": "https://www.bioarctic.com/en/governance/governance-structure/",
    "timestamp": "unknown"
  },
  {
    "title": "Governance StructureGeneral MeetingGeneral MeetingsNomination CommitteeNomination Committees",
    "link": "https://www.bioarctic.com/en/governance/governance-structure/",
    "timestamp": "unknown"
  },
  {
    "title": "Governance Structure",
    "link": "https://www.bioarctic.com/en/governance/governance-structure/",
    "timestamp": "unknown"
  },
  {
    "title": "General MeetingGeneral Meetings",
    "link": "https://www.bioarctic.com/en/governance/general-meeting/",
    "timestamp": "unknown"
  },
  {
    "title": "General Meetings",
    "link": "https://www.bioarctic.com/en/governance/general-meeting/general-meetings/",
    "timestamp": "unknown"
  },
  {
    "title": "Nomination CommitteeNomination Committees",
    "link": "https://www.bioarctic.com/en/governance/nomination-committee/",
    "timestamp": "unknown"
  },
  {
    "title": "Nomination Committees",
    "link": "https://www.bioarctic.com/en/governance/nomination-committee/nomination-committees/",
    "timestamp": "unknown"
  },
  {
    "title": "Board of DirectorsWork of the Board of DirectorsBoard CommitteesExecutive Management TeamRemuneration",
    "link": "https://www.bioarctic.com/en/governance/board-of-directors/",
    "timestamp": "unknown"
  },
  {
    "title": "Board of DirectorsWork of the Board of DirectorsBoard Committees",
    "link": "https://www.bioarctic.com/en/governance/board-of-directors/",
    "timestamp": "unknown"
  },
  {
    "title": "Work of the Board of Directors",
    "link": "https://www.bioarctic.com/en/governance/board-of-directors/work-of-the-board-of-directors/",
    "timestamp": "unknown"
  },
  {
    "title": "Board Committees",
    "link": "https://www.bioarctic.com/en/governance/board-of-directors/board-committees/",
    "timestamp": "unknown"
  },
  {
    "title": "Executive Management Team",
    "link": "https://www.bioarctic.com/en/governance/executive-management-team/",
    "timestamp": "unknown"
  },
  {
    "title": "Remuneration",
    "link": "https://www.bioarctic.com/en/governance/remuneration/",
    "timestamp": "unknown"
  },
  {
    "title": "Internal ControlAuditArticles of AssociationCorporate Governance Reports",
    "link": "https://www.bioarctic.com/en/governance/internal-control/",
    "timestamp": "unknown"
  },
  {
    "title": "Internal Control",
    "link": "https://www.bioarctic.com/en/governance/internal-control/",
    "timestamp": "unknown"
  },
  {
    "title": "Audit",
    "link": "https://www.bioarctic.com/en/governance/audit/",
    "timestamp": "unknown"
  },
  {
    "title": "Articles of Association",
    "link": "https://www.bioarctic.com/en/governance/articles-of-association/",
    "timestamp": "unknown"
  },
  {
    "title": "Corporate Governance Reports",
    "link": "https://www.bioarctic.com/en/governance/corporate-governance-reports/",
    "timestamp": "unknown"
  },
  {
    "title": "Career",
    "link": "https://careers.bioarctic.com/",
    "timestamp": "unknown"
  },
  {
    "title": "MediaBackMediaPress releasesImage bankSubscribe",
    "link": "https://www.bioarctic.com/en/media/",
    "timestamp": "unknown"
  },
  {
    "title": "BackMediaPress releasesImage bankSubscribe",
    "link": "https://www.bioarctic.com/en/media/press-releases/",
    "timestamp": "unknown"
  },
  {
    "title": "Back",
    "link": "https://www.bioarctic.com/en/media/press-releases/",
    "timestamp": "unknown"
  },
  {
    "title": "Media",
    "link": "https://www.bioarctic.com/en/media/",
    "timestamp": "unknown"
  },
  {
    "title": "Press releasesImage bankSubscribe",
    "link": "https://www.bioarctic.com/en/media/press-releases/",
    "timestamp": "unknown"
  },
  {
    "title": "Press releases",
    "link": "https://www.bioarctic.com/en/media/press-releases/",
    "timestamp": "unknown"
  },
  {
    "title": "Press releases",
    "link": "https://www.bioarctic.com/en/media/press-releases/",
    "timestamp": "unknown"
  },
  {
    "title": "Image bank",
    "link": "https://www.bioarctic.com/en/media/image-bank/",
    "timestamp": "unknown"
  },
  {
    "title": "Image bank",
    "link": "https://www.bioarctic.com/en/media/image-bank/",
    "timestamp": "unknown"
  },
  {
    "title": "Subscribe",
    "link": "https://www.bioarctic.com/en/media/subscribe/",
    "timestamp": "unknown"
  },
  {
    "title": "Subscribe",
    "link": "https://www.bioarctic.com/en/media/subscribe/",
    "timestamp": "unknown"
  },
  {
    "title": "Contact us",
    "link": "https://www.bioarctic.com/en/contact-us/",
    "timestamp": "unknown"
  },
  {
    "title": "BioArctic websitesSwedenNorwayFinlandDenmark transparancy reporting",
    "link": "https://www.bioarctic.se",
    "timestamp": "unknown"
  },
  {
    "title": "BioArctic websitesSwedenNorwayFinlandDenmark transparancy reporting",
    "link": "https://www.bioarctic.se",
    "timestamp": "unknown"
  },
  {
    "title": "Sweden",
    "link": "https://www.bioarctic.se",
    "timestamp": "unknown"
  },
  {
    "title": "Norway",
    "link": "https://www.bioarctic.no/no/",
    "timestamp": "unknown"
  },
  {
    "title": "Finland",
    "link": "https://www.bioarctic.fi/fi/",
    "timestamp": "unknown"
  },
  {
    "title": "Denmark transparancy reporting",
    "link": "https://www.bioarctic.com/en/wp-content/uploads/sites////PO-disclosure-Denmark__July--.pdf",
    "timestamp": "unknown"
  },
  {
    "title": "EnSvMenuAbout usBackAbout usOur PurposeHistoryCulture and valuesLeadershipResearch and StrategyBackResearch and StrategyOur TechnologyAlzheimer\u2019s dise",
    "link": "https://www.bioarctic.com/en/",
    "timestamp": "unknown"
  },
  {
    "title": "EnSv",
    "link": "https://www.bioarctic.com/en",
    "timestamp": "unknown"
  },
  {
    "title": "EnSv",
    "link": "https://www.bioarctic.com/en",
    "timestamp": "unknown"
  },
  {
    "title": "En",
    "link": "https://www.bioarctic.com/en",
    "timestamp": "unknown"
  },
  {
    "title": "Sv",
    "link": "https://www.bioarctic.com/sv/media/pressmeddelanden/",
    "timestamp": "unknown"
  },
  {
    "title": "About usBackAbout usOur PurposeHistoryCulture and valuesLeadershipResearch and StrategyBackResearch and StrategyOur TechnologyAlzheimer\u2019s diseaseParki",
    "link": "https://www.bioarctic.com/en/about-us/",
    "timestamp": "unknown"
  },
  {
    "title": "About usBackAbout usOur PurposeHistoryCulture and valuesLeadership",
    "link": "https://www.bioarctic.com/en/about-us/",
    "timestamp": "unknown"
  },
  {
    "title": "BackAbout usOur PurposeHistoryCulture and valuesLeadership",
    "link": "https://www.bioarctic.com/en/media/press-releases/",
    "timestamp": "unknown"
  },
  {
    "title": "Back",
    "link": "https://www.bioarctic.com/en/media/press-releases/",
    "timestamp": "unknown"
  },
  {
    "title": "About us",
    "link": "https://www.bioarctic.com/en/about-us/",
    "timestamp": "unknown"
  },
  {
    "title": "Our PurposeHistoryCulture and valuesLeadership",
    "link": "https://www.bioarctic.com/en/about-us/our-purpose/",
    "timestamp": "unknown"
  },
  {
    "title": "Our PurposeHistoryCulture and values",
    "link": "https://www.bioarctic.com/en/about-us/our-purpose/",
    "timestamp": "unknown"
  },
  {
    "title": "Our Purpose",
    "link": "https://www.bioarctic.com/en/about-us/our-purpose/",
    "timestamp": "unknown"
  },
  {
    "title": "History",
    "link": "https://www.bioarctic.com/en/about-us/history/",
    "timestamp": "unknown"
  },
  {
    "title": "Culture and values",
    "link": "https://www.bioarctic.com/en/about-us/culture-and-values/",
    "timestamp": "unknown"
  },
  {
    "title": "Leadership",
    "link": "https://www.bioarctic.com/en/about-us/leadership-life-at-bioarctic/",
    "timestamp": "unknown"
  },
  {
    "title": "Leadership",
    "link": "https://www.bioarctic.com/en/about-us/leadership-life-at-bioarctic/",
    "timestamp": "unknown"
  },
  {
    "title": "Research and StrategyBackResearch and StrategyOur TechnologyAlzheimer\u2019s diseaseParkinson\u2019s diseaseALS \u2013 Amyotrophic lateral sclerosisOther indications",
    "link": "https://www.bioarctic.com/en/research-strategy/",
    "timestamp": "unknown"
  },
  {
    "title": "BackResearch and StrategyOur TechnologyAlzheimer\u2019s diseaseParkinson\u2019s diseaseALS \u2013 Amyotrophic lateral sclerosisOther indicationsBrainTransporter\u2122Pipe",
    "link": "https://www.bioarctic.com/en/media/press-releases/",
    "timestamp": "unknown"
  },
  {
    "title": "Back",
    "link": "https://www.bioarctic.com/en/media/press-releases/",
    "timestamp": "unknown"
  },
  {
    "title": "Research and Strategy",
    "link": "https://www.bioarctic.com/en/research-strategy/",
    "timestamp": "unknown"
  },
  {
    "title": "Our TechnologyAlzheimer\u2019s diseaseParkinson\u2019s diseaseALS \u2013 Amyotrophic lateral sclerosisOther indicationsBrainTransporter\u2122Pipeline",
    "link": "https://www.bioarctic.com/en/research-strategy/our-technology/",
    "timestamp": "unknown"
  },
  {
    "title": "Our TechnologyAlzheimer\u2019s disease",
    "link": "https://www.bioarctic.com/en/research-strategy/our-technology/",
    "timestamp": "unknown"
  },
  {
    "title": "Our Technology",
    "link": "https://www.bioarctic.com/en/research-strategy/our-technology/",
    "timestamp": "unknown"
  },
  {
    "title": "Alzheimer\u2019s disease",
    "link": "https://www.bioarctic.com/en/research-strategy/our-technology/alzheimers-disease/",
    "timestamp": "unknown"
  },
  {
    "title": "Parkinson\u2019s diseaseALS \u2013 Amyotrophic lateral sclerosisOther indications",
    "link": "https://www.bioarctic.com/en/research-strategy/our-technology/parkinsons-disease/",
    "timestamp": "unknown"
  },
  {
    "title": "Parkinson\u2019s disease",
    "link": "https://www.bioarctic.com/en/research-strategy/our-technology/parkinsons-disease/",
    "timestamp": "unknown"
  },
  {
    "title": "ALS \u2013 Amyotrophic lateral sclerosis",
    "link": "https://www.bioarctic.com/en/research-strategy/als-amyotrophic-lateral-sclerosis/",
    "timestamp": "unknown"
  },
  {
    "title": "Other indications",
    "link": "https://www.bioarctic.com/en/research-strategy/other-indications/",
    "timestamp": "unknown"
  },
  {
    "title": "BrainTransporter\u2122Pipeline",
    "link": "https://www.bioarctic.com/en/research-strategy/our-technology/brain-transporter-technology/",
    "timestamp": "unknown"
  },
  {
    "title": "BrainTransporter\u2122",
    "link": "https://www.bioarctic.com/en/research-strategy/our-technology/brain-transporter-technology/",
    "timestamp": "unknown"
  },
  {
    "title": "Pipeline",
    "link": "https://www.bioarctic.com/en/research-strategy/pipeline/",
    "timestamp": "unknown"
  },
  {
    "title": "SustainabilityBackSustainabilityOur Approach to SustainabilitySustainable InnovationTransfers of value to healthcareSustainable BusinessCode of Conduc",
    "link": "https://www.bioarctic.com/en/sustainability/",
    "timestamp": "unknown"
  },
  {
    "title": "BackSustainabilityOur Approach to SustainabilitySustainable InnovationTransfers of value to healthcareSustainable BusinessCode of ConductPoliciesWhist",
    "link": "https://www.bioarctic.com/en/media/press-releases/",
    "timestamp": "unknown"
  },
  {
    "title": "Back",
    "link": "https://www.bioarctic.com/en/media/press-releases/",
    "timestamp": "unknown"
  },
  {
    "title": "Sustainability",
    "link": "https://www.bioarctic.com/en/sustainability/",
    "timestamp": "unknown"
  },
  {
    "title": "Our Approach to SustainabilitySustainable InnovationTransfers of value to healthcareSustainable BusinessCode of ConductPoliciesWhistleblower",
    "link": "https://www.bioarctic.com/en/sustainability/our-approach-to-sustainability/",
    "timestamp": "unknown"
  },
  {
    "title": "Our Approach to SustainabilitySustainable Innovation",
    "link": "https://www.bioarctic.com/en/sustainability/our-approach-to-sustainability/",
    "timestamp": "unknown"
  },
  {
    "title": "Our Approach to Sustainability",
    "link": "https://www.bioarctic.com/en/sustainability/our-approach-to-sustainability/",
    "timestamp": "unknown"
  },
  {
    "title": "Sustainable Innovation",
    "link": "https://www.bioarctic.com/en/sustainability/sustainable-innovation/",
    "timestamp": "unknown"
  },
  {
    "title": "Transfers of value to healthcareSustainable Business",
    "link": "https://www.bioarctic.com/en/sustainability/transfers-of-value-to-healthcare/",
    "timestamp": "unknown"
  },
  {
    "title": "Transfers of value to healthcare",
    "link": "https://www.bioarctic.com/en/sustainability/transfers-of-value-to-healthcare/",
    "timestamp": "unknown"
  },
  {
    "title": "Sustainable Business",
    "link": "https://www.bioarctic.com/en/sustainability/sustainable-business/",
    "timestamp": "unknown"
  },
  {
    "title": "Code of ConductPoliciesWhistleblower",
    "link": "https://www.bioarctic.com/en/sustainability/ethics/code-of-conduct/",
    "timestamp": "unknown"
  },
  {
    "title": "Code of Conduct",
    "link": "https://www.bioarctic.com/en/sustainability/ethics/code-of-conduct/",
    "timestamp": "unknown"
  },
  {
    "title": "Policies",
    "link": "https://www.bioarctic.com/en/sustainability/ethics/policy-structure/",
    "timestamp": "unknown"
  },
  {
    "title": "Whistleblower",
    "link": "https://www.bioarctic.com/en/sustainability/ethics/whistleblower/",
    "timestamp": "unknown"
  },
  {
    "title": "InvestorsBackInvestorsAnnual reportThe shareFinancial reports and presentationsConference presentationsCapital Markets DayShareholder informationShare",
    "link": "https://www.bioarctic.com/en/investors/",
    "timestamp": "unknown"
  },
  {
    "title": "BackInvestorsAnnual reportThe shareFinancial reports and presentationsConference presentationsCapital Markets DayShareholder informationShare capital ",
    "link": "https://www.bioarctic.com/en/media/press-releases/",
    "timestamp": "unknown"
  },
  {
    "title": "Back",
    "link": "https://www.bioarctic.com/en/media/press-releases/",
    "timestamp": "unknown"
  },
  {
    "title": "Investors",
    "link": "https://www.bioarctic.com/en/investors/",
    "timestamp": "unknown"
  },
  {
    "title": "Annual reportThe shareFinancial reports and presentationsConference presentationsCapital Markets DayShareholder informationShare capital developmentDi",
    "link": "https://www.bioarctic.com/en/annual-report/",
    "timestamp": "unknown"
  },
  {
    "title": "Annual reportThe shareFinancial reports and presentationsConference presentationsCapital Markets Day",
    "link": "https://www.bioarctic.com/en/annual-report/",
    "timestamp": "unknown"
  },
  {
    "title": "Annual report",
    "link": "https://www.bioarctic.com/en/annual-report/",
    "timestamp": "unknown"
  },
  {
    "title": "The share",
    "link": "https://www.bioarctic.com/en/investors/the-share/",
    "timestamp": "unknown"
  },
  {
    "title": "Financial reports and presentations",
    "link": "https://www.bioarctic.com/en/investors/financial-reports-and-presentations/",
    "timestamp": "unknown"
  },
  {
    "title": "Conference presentations",
    "link": "https://www.bioarctic.com/en/investors/conference-presentations/",
    "timestamp": "unknown"
  },
  {
    "title": "Capital Markets Day",
    "link": "https://www.bioarctic.com/en/investors/capital-markets-day-/",
    "timestamp": "unknown"
  },
  {
    "title": "Shareholder informationShare capital developmentDividendOwnership structureAnalysts and estimatesPrivacy policy Shareholders",
    "link": "https://www.bioarctic.com/en/investors/shareholder-information/",
    "timestamp": "unknown"
  },
  {
    "title": "Shareholder informationShare capital developmentDividendOwnership structureAnalysts and estimatesPrivacy policy Shareholders",
    "link": "https://www.bioarctic.com/en/investors/shareholder-information/",
    "timestamp": "unknown"
  },
  {
    "title": "Share capital development",
    "link": "https://www.bioarctic.com/en/investors/shareholder-information/share-capital-development/",
    "timestamp": "unknown"
  },
  {
    "title": "Dividend",
    "link": "https://www.bioarctic.com/en/investors/shareholder-information/dividend/",
    "timestamp": "unknown"
  },
  {
    "title": "Ownership structure",
    "link": "https://www.bioarctic.com/en/investors/shareholder-information/ownership-structure/",
    "timestamp": "unknown"
  },
  {
    "title": "Analysts and estimates",
    "link": "https://www.bioarctic.com/en/investors/shareholder-information/analysts-and-estimates/",
    "timestamp": "unknown"
  },
  {
    "title": "Privacy policy Shareholders",
    "link": "https://www.bioarctic.com/en/investors/shareholder-information/privacy-policy-shareholders/",
    "timestamp": "unknown"
  },
  {
    "title": "Press releasesProspectusCalendarIR contactsSubscribe",
    "link": "https://www.bioarctic.com/en/media/press-releases/",
    "timestamp": "unknown"
  },
  {
    "title": "Press releases",
    "link": "https://www.bioarctic.com/en/media/press-releases/",
    "timestamp": "unknown"
  },
  {
    "title": "Prospectus",
    "link": "https://www.bioarctic.com/en/investors/prospectus/",
    "timestamp": "unknown"
  },
  {
    "title": "Calendar",
    "link": "https://www.bioarctic.com/en/investors/calendar/",
    "timestamp": "unknown"
  },
  {
    "title": "IR contacts",
    "link": "https://www.bioarctic.com/en/investors/ir-contacts/",
    "timestamp": "unknown"
  },
  {
    "title": "Subscribe",
    "link": "https://www.bioarctic.com/en/media/subscribe/",
    "timestamp": "unknown"
  },
  {
    "title": "PartneringBackPartneringWhy partner with BioArcticOur partnerships",
    "link": "https://www.bioarctic.com/en/partnering/",
    "timestamp": "unknown"
  },
  {
    "title": "BackPartneringWhy partner with BioArcticOur partnerships",
    "link": "https://www.bioarctic.com/en/media/press-releases/",
    "timestamp": "unknown"
  },
  {
    "title": "Back",
    "link": "https://www.bioarctic.com/en/media/press-releases/",
    "timestamp": "unknown"
  },
  {
    "title": "Partnering",
    "link": "https://www.bioarctic.com/en/partnering/",
    "timestamp": "unknown"
  },
  {
    "title": "Why partner with BioArcticOur partnerships",
    "link": "https://www.bioarctic.com/en/about-us/partnering/why-partner-with-bioarctic/",
    "timestamp": "unknown"
  },
  {
    "title": "Why partner with BioArctic",
    "link": "https://www.bioarctic.com/en/about-us/partnering/why-partner-with-bioarctic/",
    "timestamp": "unknown"
  },
  {
    "title": "Our partnerships",
    "link": "https://www.bioarctic.com/en/about-us/partnering/our-partnerships/",
    "timestamp": "unknown"
  },
  {
    "title": "Search for:SearchLoading...The shareGovernanceBackGovernanceGovernance StructureGeneral MeetingGeneral MeetingsNomination CommitteeNomination Committe",
    "link": "https://www.bioarctic.com/en/investors/the-share/",
    "timestamp": "unknown"
  },
  {
    "title": "Search for:SearchLoading...The share",
    "link": "https://www.bioarctic.com/en/investors/the-share/",
    "timestamp": "unknown"
  },
  {
    "title": "Loading...The share",
    "link": "https://www.bioarctic.com/en/investors/the-share/",
    "timestamp": "unknown"
  },
  {
    "title": "Loading...The share",
    "link": "https://www.bioarctic.com/en/investors/the-share/",
    "timestamp": "unknown"
  },
  {
    "title": "Loading...The share",
    "link": "https://www.bioarctic.com/en/investors/the-share/",
    "timestamp": "unknown"
  },
  {
    "title": "The share",
    "link": "https://www.bioarctic.com/en/investors/the-share/",
    "timestamp": "unknown"
  },
  {
    "title": "GovernanceBackGovernanceGovernance StructureGeneral MeetingGeneral MeetingsNomination CommitteeNomination CommitteesBoard of DirectorsWork of the Boar",
    "link": "https://www.bioarctic.com/en/governance/",
    "timestamp": "unknown"
  },
  {
    "title": "BackGovernanceGovernance StructureGeneral MeetingGeneral MeetingsNomination CommitteeNomination CommitteesBoard of DirectorsWork of the Board of Direc",
    "link": "https://www.bioarctic.com/en/media/press-releases/",
    "timestamp": "unknown"
  },
  {
    "title": "Back",
    "link": "https://www.bioarctic.com/en/media/press-releases/",
    "timestamp": "unknown"
  },
  {
    "title": "Governance",
    "link": "https://www.bioarctic.com/en/governance/",
    "timestamp": "unknown"
  },
  {
    "title": "Governance StructureGeneral MeetingGeneral MeetingsNomination CommitteeNomination CommitteesBoard of DirectorsWork of the Board of DirectorsBoard Comm",
    "link": "https://www.bioarctic.com/en/governance/governance-structure/",
    "timestamp": "unknown"
  },
  {
    "title": "Governance StructureGeneral MeetingGeneral MeetingsNomination CommitteeNomination Committees",
    "link": "https://www.bioarctic.com/en/governance/governance-structure/",
    "timestamp": "unknown"
  },
  {
    "title": "Governance Structure",
    "link": "https://www.bioarctic.com/en/governance/governance-structure/",
    "timestamp": "unknown"
  },
  {
    "title": "General MeetingGeneral Meetings",
    "link": "https://www.bioarctic.com/en/governance/general-meeting/",
    "timestamp": "unknown"
  },
  {
    "title": "General Meetings",
    "link": "https://www.bioarctic.com/en/governance/general-meeting/general-meetings/",
    "timestamp": "unknown"
  },
  {
    "title": "Nomination CommitteeNomination Committees",
    "link": "https://www.bioarctic.com/en/governance/nomination-committee/",
    "timestamp": "unknown"
  },
  {
    "title": "Nomination Committees",
    "link": "https://www.bioarctic.com/en/governance/nomination-committee/nomination-committees/",
    "timestamp": "unknown"
  },
  {
    "title": "Board of DirectorsWork of the Board of DirectorsBoard CommitteesExecutive Management TeamRemuneration",
    "link": "https://www.bioarctic.com/en/governance/board-of-directors/",
    "timestamp": "unknown"
  },
  {
    "title": "Board of DirectorsWork of the Board of DirectorsBoard Committees",
    "link": "https://www.bioarctic.com/en/governance/board-of-directors/",
    "timestamp": "unknown"
  },
  {
    "title": "Work of the Board of Directors",
    "link": "https://www.bioarctic.com/en/governance/board-of-directors/work-of-the-board-of-directors/",
    "timestamp": "unknown"
  },
  {
    "title": "Board Committees",
    "link": "https://www.bioarctic.com/en/governance/board-of-directors/board-committees/",
    "timestamp": "unknown"
  },
  {
    "title": "Executive Management Team",
    "link": "https://www.bioarctic.com/en/governance/executive-management-team/",
    "timestamp": "unknown"
  },
  {
    "title": "Remuneration",
    "link": "https://www.bioarctic.com/en/governance/remuneration/",
    "timestamp": "unknown"
  },
  {
    "title": "Internal ControlAuditArticles of AssociationCorporate Governance Reports",
    "link": "https://www.bioarctic.com/en/governance/internal-control/",
    "timestamp": "unknown"
  },
  {
    "title": "Internal Control",
    "link": "https://www.bioarctic.com/en/governance/internal-control/",
    "timestamp": "unknown"
  },
  {
    "title": "Audit",
    "link": "https://www.bioarctic.com/en/governance/audit/",
    "timestamp": "unknown"
  },
  {
    "title": "Articles of Association",
    "link": "https://www.bioarctic.com/en/governance/articles-of-association/",
    "timestamp": "unknown"
  },
  {
    "title": "Corporate Governance Reports",
    "link": "https://www.bioarctic.com/en/governance/corporate-governance-reports/",
    "timestamp": "unknown"
  },
  {
    "title": "Career",
    "link": "https://careers.bioarctic.com/",
    "timestamp": "unknown"
  },
  {
    "title": "MediaBackMediaPress releasesImage bankSubscribe",
    "link": "https://www.bioarctic.com/en/media/",
    "timestamp": "unknown"
  },
  {
    "title": "BackMediaPress releasesImage bankSubscribe",
    "link": "https://www.bioarctic.com/en/media/press-releases/",
    "timestamp": "unknown"
  },
  {
    "title": "Back",
    "link": "https://www.bioarctic.com/en/media/press-releases/",
    "timestamp": "unknown"
  },
  {
    "title": "Media",
    "link": "https://www.bioarctic.com/en/media/",
    "timestamp": "unknown"
  },
  {
    "title": "Press releasesImage bankSubscribe",
    "link": "https://www.bioarctic.com/en/media/press-releases/",
    "timestamp": "unknown"
  },
  {
    "title": "Press releases",
    "link": "https://www.bioarctic.com/en/media/press-releases/",
    "timestamp": "unknown"
  },
  {
    "title": "Press releases",
    "link": "https://www.bioarctic.com/en/media/press-releases/",
    "timestamp": "unknown"
  },
  {
    "title": "Image bank",
    "link": "https://www.bioarctic.com/en/media/image-bank/",
    "timestamp": "unknown"
  },
  {
    "title": "Image bank",
    "link": "https://www.bioarctic.com/en/media/image-bank/",
    "timestamp": "unknown"
  },
  {
    "title": "Subscribe",
    "link": "https://www.bioarctic.com/en/media/subscribe/",
    "timestamp": "unknown"
  },
  {
    "title": "Subscribe",
    "link": "https://www.bioarctic.com/en/media/subscribe/",
    "timestamp": "unknown"
  },
  {
    "title": "Contact us",
    "link": "https://www.bioarctic.com/en/contact-us/",
    "timestamp": "unknown"
  },
  {
    "title": "BioArctic websitesSwedenNorwayFinlandDenmark transparancy reporting",
    "link": "https://www.bioarctic.se",
    "timestamp": "unknown"
  },
  {
    "title": "BioArctic websitesSwedenNorwayFinlandDenmark transparancy reporting",
    "link": "https://www.bioarctic.se",
    "timestamp": "unknown"
  },
  {
    "title": "Sweden",
    "link": "https://www.bioarctic.se",
    "timestamp": "unknown"
  },
  {
    "title": "Norway",
    "link": "https://www.bioarctic.no/no/",
    "timestamp": "unknown"
  },
  {
    "title": "Finland",
    "link": "https://www.bioarctic.fi/fi/",
    "timestamp": "unknown"
  },
  {
    "title": "Denmark transparancy reporting",
    "link": "https://www.bioarctic.com/en/wp-content/uploads/sites////PO-disclosure-Denmark__July--.pdf",
    "timestamp": "unknown"
  },
  {
    "title": "Loading...The share",
    "link": "https://www.bioarctic.com/en/investors/the-share/",
    "timestamp": "unknown"
  },
  {
    "title": "Loading...The share",
    "link": "https://www.bioarctic.com/en/investors/the-share/",
    "timestamp": "unknown"
  },
  {
    "title": "Loading...The share",
    "link": "https://www.bioarctic.com/en/investors/the-share/",
    "timestamp": "unknown"
  },
  {
    "title": "Loading...The share",
    "link": "https://www.bioarctic.com/en/investors/the-share/",
    "timestamp": "unknown"
  },
  {
    "title": "The share",
    "link": "https://www.bioarctic.com/en/investors/the-share/",
    "timestamp": "unknown"
  },
  {
    "title": "BioArcticMediaPress releases",
    "link": "https://www.bioarctic.com/en/",
    "timestamp": "unknown"
  },
  {
    "title": "BioArctic",
    "link": "https://www.bioarctic.com/en/",
    "timestamp": "unknown"
  },
  {
    "title": "Media",
    "link": "https://www.bioarctic.com/en/media/",
    "timestamp": "unknown"
  },
  {
    "title": "Press releases",
    "link": "https://www.bioarctic.com/en/media/press-releases/",
    "timestamp": "unknown"
  },
  {
    "title": "All releasesAll releasesRegulatoryNon-regulatoryBLA for subcutaneous formulation of Leqembi\u00ae designated for Priority Review in ChinaFebruary ,Regulato",
    "link": "https://www.bioarctic.com/en/media/press-releases/",
    "timestamp": "unknown"
  },
  {
    "title": "All releasesAll releasesRegulatoryNon-regulatoryBLA for subcutaneous formulation of Leqembi\u00ae designated for Priority Review in ChinaFebruary ,Regulato",
    "link": "https://www.bioarctic.com/en/media/press-releases/",
    "timestamp": "unknown"
  },
  {
    "title": "All releasesAll releasesRegulatoryNon-regulatoryBLA for subcutaneous formulation of Leqembi\u00ae designated for Priority Review in ChinaFebruary ,Regulato",
    "link": "https://www.bioarctic.com/en/media/press-releases/",
    "timestamp": "unknown"
  },
  {
    "title": "All releasesAll releasesRegulatoryNon-regulatory",
    "link": "https://www.bioarctic.com/en/media/press-releases/",
    "timestamp": "unknown"
  },
  {
    "title": "All releasesAll releasesRegulatoryNon-regulatory",
    "link": "https://www.bioarctic.com/en/media/press-releases/",
    "timestamp": "unknown"
  },
  {
    "title": "All releases",
    "link": "https://www.bioarctic.com/en/media/press-releases/",
    "timestamp": "unknown"
  },
  {
    "title": "Regulatory",
    "link": "https://www.bioarctic.com/en/media/press-releases/?r=true",
    "timestamp": "unknown"
  },
  {
    "title": "Non-regulatory",
    "link": "https://www.bioarctic.com/en/media/press-releases/?r=false",
    "timestamp": "unknown"
  },
  {
    "title": "BLA for subcutaneous formulation of Leqembi\u00ae designated for Priority Review in ChinaFebruary ,RegulatoryRead moreSales of Leqembi\u00ae totaled . billion y",
    "link": "https://www.bioarctic.com/en/bla-for-subcutaneous-formulation-of-leqembi-designated-for-priority-review-in-china/",
    "timestamp": "unknown"
  },
  {
    "title": "BLA for subcutaneous formulation of Leqembi\u00ae designated for Priority Review in ChinaFebruary ,RegulatoryRead more",
    "link": "https://www.bioarctic.com/en/bla-for-subcutaneous-formulation-of-leqembi-designated-for-priority-review-in-china/",
    "timestamp": "unknown"
  },
  {
    "title": "Read more",
    "link": "https://www.bioarctic.com/en/bla-for-subcutaneous-formulation-of-leqembi-designated-for-priority-review-in-china/",
    "timestamp": "unknown"
  },
  {
    "title": "Sales of Leqembi\u00ae totaled . billion yen in the fourth quarterFebruary ,RegulatoryRead more",
    "link": "https://www.bioarctic.com/en/sales-of-leqembi-totaled---billion-yen-in-the-fourth-quarter-/",
    "timestamp": "unknown"
  },
  {
    "title": "Read more",
    "link": "https://www.bioarctic.com/en/sales-of-leqembi-totaled---billion-yen-in-the-fourth-quarter-/",
    "timestamp": "unknown"
  },
  {
    "title": "Eisai submits Marketing Authorisation Variation to EMA for intravenous maintenance dosing every four weeks with Leqembi\u00ae (lecanemab)January ,Regulator",
    "link": "https://www.bioarctic.com/en/eisai-submits-marketing-authorisation-variation-to-ema-for-intravenous-maintenance-dosing-every-four-weeks-with-leqembi-lecanemab/",
    "timestamp": "unknown"
  },
  {
    "title": "Read more",
    "link": "https://www.bioarctic.com/en/eisai-submits-marketing-authorisation-variation-to-ema-for-intravenous-maintenance-dosing-every-four-weeks-with-leqembi-lecanemab/",
    "timestamp": "unknown"
  },
  {
    "title": "Leqembi\u00ae Iqlik\u2122 (lecanemab-irmb) supplemental Biologics License Application regarding subcutaneous starting dose granted Priority Review by the US FDA",
    "link": "https://www.bioarctic.com/en/leqembi-iqlik-lecanemab-irmb-supplemental-biologics-license-application-regarding-subcutaneous-starting-dose-granted-priority-review-by-the-us-fda/",
    "timestamp": "unknown"
  },
  {
    "title": "Read more",
    "link": "https://www.bioarctic.com/en/leqembi-iqlik-lecanemab-irmb-supplemental-biologics-license-application-regarding-subcutaneous-starting-dose-granted-priority-review-by-the-us-fda/",
    "timestamp": "unknown"
  },
  {
    "title": "BLA for subcutaneous formulation of Leqembi\u00ae accepted in ChinaJanuary ,RegulatoryRead more",
    "link": "https://www.bioarctic.com/en/bla-for-subcutaneous-formulation-of-leqembi-accepted-in-china/",
    "timestamp": "unknown"
  },
  {
    "title": "Read more",
    "link": "https://www.bioarctic.com/en/bla-for-subcutaneous-formulation-of-leqembi-accepted-in-china/",
    "timestamp": "unknown"
  },
  {
    "title": "Quick linksAbout usResearch and StrategySustainabilitySocialsFinancial calendarFinancial reportsShare informationContact us",
    "link": "https://www.bioarctic.com/en/about-us/",
    "timestamp": "unknown"
  },
  {
    "title": "Quick linksAbout usResearch and StrategySustainabilitySocialsFinancial calendarFinancial reportsShare informationContact us",
    "link": "https://www.bioarctic.com/en/about-us/",
    "timestamp": "unknown"
  },
  {
    "title": "Quick linksAbout usResearch and StrategySustainability",
    "link": "https://www.bioarctic.com/en/about-us/",
    "timestamp": "unknown"
  },
  {
    "title": "Quick linksAbout usResearch and StrategySustainability",
    "link": "https://www.bioarctic.com/en/about-us/",
    "timestamp": "unknown"
  },
  {
    "title": "Quick linksAbout usResearch and StrategySustainability",
    "link": "https://www.bioarctic.com/en/about-us/",
    "timestamp": "unknown"
  },
  {
    "title": "Quick linksAbout usResearch and StrategySustainability",
    "link": "https://www.bioarctic.com/en/about-us/",
    "timestamp": "unknown"
  },
  {
    "title": "About usResearch and StrategySustainability",
    "link": "https://www.bioarctic.com/en/about-us/",
    "timestamp": "unknown"
  },
  {
    "title": "About us",
    "link": "https://www.bioarctic.com/en/about-us/",
    "timestamp": "unknown"
  },
  {
    "title": "Research and Strategy",
    "link": "https://www.bioarctic.com/en/research-strategy/",
    "timestamp": "unknown"
  },
  {
    "title": "Sustainability",
    "link": "https://www.bioarctic.com/en/sustainability/our-approach-to-sustainability/",
    "timestamp": "unknown"
  },
  {
    "title": "Socials",
    "link": "https://www.facebook.com/BioArctic/",
    "timestamp": "unknown"
  },
  {
    "title": "Socials",
    "link": "https://www.facebook.com/BioArctic/",
    "timestamp": "unknown"
  },
  {
    "title": "Socials",
    "link": "https://www.facebook.com/BioArctic/",
    "timestamp": "unknown"
  },
  {
    "title": "Socials",
    "link": "https://www.facebook.com/BioArctic/",
    "timestamp": "unknown"
  },
  {
    "title": "Financial calendarFinancial reportsShare informationContact us",
    "link": "https://www.bioarctic.com/en/investors/calendar/",
    "timestamp": "unknown"
  },
  {
    "title": "Financial calendarFinancial reportsShare informationContact us",
    "link": "https://www.bioarctic.com/en/investors/calendar/",
    "timestamp": "unknown"
  },
  {
    "title": "Financial calendarFinancial reportsShare informationContact us",
    "link": "https://www.bioarctic.com/en/investors/calendar/",
    "timestamp": "unknown"
  },
  {
    "title": "Financial calendarFinancial reportsShare informationContact us",
    "link": "https://www.bioarctic.com/en/investors/calendar/",
    "timestamp": "unknown"
  },
  {
    "title": "Financial calendarFinancial reportsShare informationContact us",
    "link": "https://www.bioarctic.com/en/investors/calendar/",
    "timestamp": "unknown"
  },
  {
    "title": "Financial calendar",
    "link": "https://www.bioarctic.com/en/investors/calendar/",
    "timestamp": "unknown"
  },
  {
    "title": "Financial reports",
    "link": "https://www.bioarctic.com/en/investors/financial-reports-and-presentations/",
    "timestamp": "unknown"
  },
  {
    "title": "Share information",
    "link": "https://www.bioarctic.com/en/investors/the-share/",
    "timestamp": "unknown"
  },
  {
    "title": "Contact us",
    "link": "https://www.bioarctic.com/en/contact-us/",
    "timestamp": "unknown"
  },
  {
    "title": "Privacy Notice",
    "link": "https://www.bioarctic.com/en/privacy-notice/",
    "timestamp": "unknown"
  }
]