[
  {
    "title": "MenuCloseFollowRNA therapeutics that aim to restore healthy protein levelsScienceregRNARAP Platform\u00aePublicationsAboutLeadership TeamJoin CAMP4Pipeline",
    "link": "https://www.camp4tx.com/",
    "timestamp": "unknown"
  },
  {
    "title": "MenuCloseFollowRNA therapeutics that aim to restore healthy protein levelsScienceregRNARAP Platform\u00aePublicationsAboutLeadership TeamJoin CAMP4Pipeline",
    "link": "https://www.camp4tx.com/",
    "timestamp": "unknown"
  },
  {
    "title": "MenuCloseFollowRNA therapeutics that aim to restore healthy protein levelsScienceregRNARAP Platform\u00aePublicationsAboutLeadership TeamJoin CAMP4Pipeline",
    "link": "https://www.camp4tx.com/",
    "timestamp": "unknown"
  },
  {
    "title": "MenuCloseFollowRNA therapeutics that aim to restore healthy protein levelsScienceregRNARAP Platform\u00aePublicationsAboutLeadership TeamJoin CAMP4Pipeline",
    "link": "https://www.camp4tx.com/",
    "timestamp": "unknown"
  },
  {
    "title": "MenuCloseFollowRNA therapeutics that aim to restore healthy protein levelsScienceregRNARAP Platform\u00aePublicationsAboutLeadership TeamJoin CAMP4Pipeline",
    "link": "https://www.camp4tx.com/",
    "timestamp": "unknown"
  },
  {
    "title": "FollowRNA therapeutics that aim to restore healthy protein levelsScienceregRNARAP Platform\u00aePublicationsAboutLeadership TeamJoin CAMP4PipelinePartnersh",
    "link": "https://www.linkedin.com/company/camp4-therapeutics/",
    "timestamp": "unknown"
  },
  {
    "title": "FollowRNA therapeutics that aim to restore healthy protein levelsScienceregRNARAP Platform\u00aePublicationsAboutLeadership TeamJoin CAMP4PipelinePartnersh",
    "link": "https://www.linkedin.com/company/camp4-therapeutics/",
    "timestamp": "unknown"
  },
  {
    "title": "Follow",
    "link": "https://www.linkedin.com/company/camp4-therapeutics/",
    "timestamp": "unknown"
  },
  {
    "title": "RNA therapeutics that aim to restore healthy protein levelsScienceregRNARAP Platform\u00aePublicationsAboutLeadership TeamJoin CAMP4PipelinePartnershipsInv",
    "link": "https://www.camp4tx.com/science/",
    "timestamp": "unknown"
  },
  {
    "title": "ScienceregRNARAP Platform\u00aePublications",
    "link": "https://www.camp4tx.com/science/",
    "timestamp": "unknown"
  },
  {
    "title": "regRNA",
    "link": "https://www.camp4tx.com/science/regrna/",
    "timestamp": "unknown"
  },
  {
    "title": "RAP Platform\u00ae",
    "link": "https://www.camp4tx.com/science/rap-platform/",
    "timestamp": "unknown"
  },
  {
    "title": "Publications",
    "link": "https://www.camp4tx.com/science/publications/",
    "timestamp": "unknown"
  },
  {
    "title": "AboutLeadership TeamJoin CAMP4",
    "link": "https://www.camp4tx.com/about/",
    "timestamp": "unknown"
  },
  {
    "title": "Leadership Team",
    "link": "https://www.camp4tx.com/about/#leadership",
    "timestamp": "unknown"
  },
  {
    "title": "Join CAMP4",
    "link": "https://www.camp4tx.com/about/join-camp4/",
    "timestamp": "unknown"
  },
  {
    "title": "PipelinePartnerships",
    "link": "https://www.camp4tx.com/pipeline/",
    "timestamp": "unknown"
  },
  {
    "title": "Partnerships",
    "link": "https://www.camp4tx.com/pipeline/#partnerships",
    "timestamp": "unknown"
  },
  {
    "title": "Investors",
    "link": "https://investors.camp4tx.com/",
    "timestamp": "unknown"
  },
  {
    "title": "Disease Areas",
    "link": "https://www.camp4tx.com/disease-areas/",
    "timestamp": "unknown"
  },
  {
    "title": "Contact",
    "link": "https://www.camp4tx.com/contact/",
    "timestamp": "unknown"
  },
  {
    "title": "Investor MenuOverviewNews & EventsNews ReleasesEventsPresentationsStockStock Quote & ChartAnalyst CoverageGovernanceDocuments & ChartersBoard of Direc",
    "link": "https://investors.camp4tx.com/investor-relations",
    "timestamp": "unknown"
  },
  {
    "title": "Overview",
    "link": "https://investors.camp4tx.com/investor-relations",
    "timestamp": "unknown"
  },
  {
    "title": "News & EventsNews ReleasesEventsPresentations",
    "link": "https://investors.camp4tx.com/news-events/news-releases",
    "timestamp": "unknown"
  },
  {
    "title": "News Releases",
    "link": "https://investors.camp4tx.com/news-events/news-releases",
    "timestamp": "unknown"
  },
  {
    "title": "Events",
    "link": "https://investors.camp4tx.com/news-events/events",
    "timestamp": "unknown"
  },
  {
    "title": "Presentations",
    "link": "https://investors.camp4tx.com/news-events/presentations",
    "timestamp": "unknown"
  },
  {
    "title": "StockStock Quote & ChartAnalyst Coverage",
    "link": "https://investors.camp4tx.com/stock/stock-quote-chart",
    "timestamp": "unknown"
  },
  {
    "title": "Stock Quote & Chart",
    "link": "https://investors.camp4tx.com/stock/stock-quote-chart",
    "timestamp": "unknown"
  },
  {
    "title": "Analyst Coverage",
    "link": "https://investors.camp4tx.com/stock/analyst-coverage",
    "timestamp": "unknown"
  },
  {
    "title": "GovernanceDocuments & ChartersBoard of DirectorsManagementCommittee Composition",
    "link": "https://investors.camp4tx.com/corporate-governance/documents-charters",
    "timestamp": "unknown"
  },
  {
    "title": "Documents & Charters",
    "link": "https://investors.camp4tx.com/corporate-governance/documents-charters",
    "timestamp": "unknown"
  },
  {
    "title": "Board of Directors",
    "link": "https://www.camp4tx.com/about/#board-of-directors",
    "timestamp": "unknown"
  },
  {
    "title": "Management",
    "link": "https://www.camp4tx.com/about/#management",
    "timestamp": "unknown"
  },
  {
    "title": "Committee Composition",
    "link": "https://investors.camp4tx.com/corporate-governance/committee-composition",
    "timestamp": "unknown"
  },
  {
    "title": "FinancialsSEC Filings",
    "link": "https://investors.camp4tx.com/financial-information/sec-filings",
    "timestamp": "unknown"
  },
  {
    "title": "SEC Filings",
    "link": "https://investors.camp4tx.com/financial-information/sec-filings",
    "timestamp": "unknown"
  },
  {
    "title": "ResourcesInvestor FAQsEmail AlertsContact Us",
    "link": "https://investors.camp4tx.com/resources/investor-faqs",
    "timestamp": "unknown"
  },
  {
    "title": "Investor FAQs",
    "link": "https://investors.camp4tx.com/resources/investor-faqs",
    "timestamp": "unknown"
  },
  {
    "title": "Email Alerts",
    "link": "https://investors.camp4tx.com/resources/email-alerts",
    "timestamp": "unknown"
  },
  {
    "title": "Contact Us",
    "link": "https://investors.camp4tx.com/resources/contact-us",
    "timestamp": "unknown"
  },
  {
    "title": "Past EventsJ.P. Morgan 44th Annual J.P. Morgan Healthcare ConferenceJan ,ESTListen to webcastLearn morePiper Sandler 37th Annual Healthcare Conference",
    "link": "https://investors.camp4tx.com/events/event-details/jp-morgan-44th-annual-jp-morgan-healthcare-conference",
    "timestamp": "unknown"
  },
  {
    "title": "Past EventsJ.P. Morgan 44th Annual J.P. Morgan Healthcare ConferenceJan ,ESTListen to webcastLearn morePiper Sandler 37th Annual Healthcare Conference",
    "link": "https://investors.camp4tx.com/events/event-details/jp-morgan-44th-annual-jp-morgan-healthcare-conference",
    "timestamp": "unknown"
  },
  {
    "title": "Past EventsJ.P. Morgan 44th Annual J.P. Morgan Healthcare ConferenceJan ,ESTListen to webcastLearn morePiper Sandler 37th Annual Healthcare Conference",
    "link": "https://investors.camp4tx.com/events/event-details/jp-morgan-44th-annual-jp-morgan-healthcare-conference",
    "timestamp": "unknown"
  },
  {
    "title": "Past EventsJ.P. Morgan 44th Annual J.P. Morgan Healthcare ConferenceJan ,ESTListen to webcastLearn morePiper Sandler 37th Annual Healthcare Conference",
    "link": "https://investors.camp4tx.com/events/event-details/jp-morgan-44th-annual-jp-morgan-healthcare-conference",
    "timestamp": "unknown"
  },
  {
    "title": "Past EventsJ.P. Morgan 44th Annual J.P. Morgan Healthcare ConferenceJan ,ESTListen to webcastLearn morePiper Sandler 37th Annual Healthcare Conference",
    "link": "https://investors.camp4tx.com/events/event-details/jp-morgan-44th-annual-jp-morgan-healthcare-conference",
    "timestamp": "unknown"
  },
  {
    "title": "Past EventsJ.P. Morgan 44th Annual J.P. Morgan Healthcare ConferenceJan ,ESTListen to webcastLearn morePiper Sandler 37th Annual Healthcare Conference",
    "link": "https://investors.camp4tx.com/events/event-details/jp-morgan-44th-annual-jp-morgan-healthcare-conference",
    "timestamp": "unknown"
  },
  {
    "title": "Past EventsJ.P. Morgan 44th Annual J.P. Morgan Healthcare ConferenceJan ,ESTListen to webcastLearn morePiper Sandler 37th Annual Healthcare Conference",
    "link": "https://investors.camp4tx.com/events/event-details/jp-morgan-44th-annual-jp-morgan-healthcare-conference",
    "timestamp": "unknown"
  },
  {
    "title": "Past EventsJ.P. Morgan 44th Annual J.P. Morgan Healthcare ConferenceJan ,ESTListen to webcastLearn morePiper Sandler 37th Annual Healthcare Conference",
    "link": "https://investors.camp4tx.com/events/event-details/jp-morgan-44th-annual-jp-morgan-healthcare-conference",
    "timestamp": "unknown"
  },
  {
    "title": "Past EventsJ.P. Morgan 44th Annual J.P. Morgan Healthcare ConferenceJan ,ESTListen to webcastLearn morePiper Sandler 37th Annual Healthcare Conference",
    "link": "https://investors.camp4tx.com/events/event-details/jp-morgan-44th-annual-jp-morgan-healthcare-conference",
    "timestamp": "unknown"
  },
  {
    "title": "Past EventsJ.P. Morgan 44th Annual J.P. Morgan Healthcare ConferenceJan ,ESTListen to webcastLearn morePiper Sandler 37th Annual Healthcare Conference",
    "link": "https://investors.camp4tx.com/events/event-details/jp-morgan-44th-annual-jp-morgan-healthcare-conference",
    "timestamp": "unknown"
  },
  {
    "title": "Past EventsJ.P. Morgan 44th Annual J.P. Morgan Healthcare ConferenceJan ,ESTListen to webcastLearn morePiper Sandler 37th Annual Healthcare Conference",
    "link": "https://investors.camp4tx.com/events/event-details/jp-morgan-44th-annual-jp-morgan-healthcare-conference",
    "timestamp": "unknown"
  },
  {
    "title": "Past EventsJ.P. Morgan 44th Annual J.P. Morgan Healthcare ConferenceJan ,ESTListen to webcastLearn morePiper Sandler 37th Annual Healthcare Conference",
    "link": "https://investors.camp4tx.com/events/event-details/jp-morgan-44th-annual-jp-morgan-healthcare-conference",
    "timestamp": "unknown"
  },
  {
    "title": "Past EventsJ.P. Morgan 44th Annual J.P. Morgan Healthcare ConferenceJan ,ESTListen to webcastLearn morePiper Sandler 37th Annual Healthcare Conference",
    "link": "https://investors.camp4tx.com/events/event-details/jp-morgan-44th-annual-jp-morgan-healthcare-conference",
    "timestamp": "unknown"
  },
  {
    "title": "Past EventsJ.P. Morgan 44th Annual J.P. Morgan Healthcare ConferenceJan ,ESTListen to webcastLearn morePiper Sandler 37th Annual Healthcare Conference",
    "link": "https://investors.camp4tx.com/events/event-details/jp-morgan-44th-annual-jp-morgan-healthcare-conference",
    "timestamp": "unknown"
  },
  {
    "title": "Past EventsJ.P. Morgan 44th Annual J.P. Morgan Healthcare ConferenceJan ,ESTListen to webcastLearn morePiper Sandler 37th Annual Healthcare Conference",
    "link": "https://investors.camp4tx.com/events/event-details/jp-morgan-44th-annual-jp-morgan-healthcare-conference",
    "timestamp": "unknown"
  },
  {
    "title": "Past EventsJ.P. Morgan 44th Annual J.P. Morgan Healthcare ConferenceJan ,ESTListen to webcastLearn morePiper Sandler 37th Annual Healthcare Conference",
    "link": "https://investors.camp4tx.com/events/event-details/jp-morgan-44th-annual-jp-morgan-healthcare-conference",
    "timestamp": "unknown"
  },
  {
    "title": "J.P. Morgan 44th Annual J.P. Morgan Healthcare ConferenceJan ,ESTListen to webcastLearn morePiper Sandler 37th Annual Healthcare ConferenceDec ,ESTLis",
    "link": "https://investors.camp4tx.com/events/event-details/jp-morgan-44th-annual-jp-morgan-healthcare-conference",
    "timestamp": "unknown"
  },
  {
    "title": "J.P. Morgan 44th Annual J.P. Morgan Healthcare ConferenceJan ,ESTListen to webcastLearn morePiper Sandler 37th Annual Healthcare ConferenceDec ,ESTLis",
    "link": "https://investors.camp4tx.com/events/event-details/jp-morgan-44th-annual-jp-morgan-healthcare-conference",
    "timestamp": "unknown"
  },
  {
    "title": "J.P. Morgan 44th Annual J.P. Morgan Healthcare ConferenceJan ,ESTListen to webcastLearn more",
    "link": "https://investors.camp4tx.com/events/event-details/jp-morgan-44th-annual-jp-morgan-healthcare-conference",
    "timestamp": "unknown"
  },
  {
    "title": "J.P. Morgan 44th Annual J.P. Morgan Healthcare Conference",
    "link": "https://investors.camp4tx.com/events/event-details/jp-morgan-44th-annual-jp-morgan-healthcare-conference",
    "timestamp": "unknown"
  },
  {
    "title": "J.P. Morgan 44th Annual J.P. Morgan Healthcare Conference",
    "link": "https://investors.camp4tx.com/events/event-details/jp-morgan-44th-annual-jp-morgan-healthcare-conference",
    "timestamp": "unknown"
  },
  {
    "title": "J.P. Morgan 44th Annual J.P. Morgan Healthcare Conference",
    "link": "https://investors.camp4tx.com/events/event-details/jp-morgan-44th-annual-jp-morgan-healthcare-conference",
    "timestamp": "unknown"
  },
  {
    "title": "Listen to webcastLearn more",
    "link": "https://jpmorgan.metameetings.net/events/healthcare26/sessions/-camp4-therapeutics-corp/webcast?gpu_only=true&kiosk=true",
    "timestamp": "unknown"
  },
  {
    "title": "Listen to webcast",
    "link": "https://jpmorgan.metameetings.net/events/healthcare26/sessions/-camp4-therapeutics-corp/webcast?gpu_only=true&kiosk=true",
    "timestamp": "unknown"
  },
  {
    "title": "Listen to webcast",
    "link": "https://jpmorgan.metameetings.net/events/healthcare26/sessions/-camp4-therapeutics-corp/webcast?gpu_only=true&kiosk=true",
    "timestamp": "unknown"
  },
  {
    "title": "Listen to webcast",
    "link": "https://jpmorgan.metameetings.net/events/healthcare26/sessions/-camp4-therapeutics-corp/webcast?gpu_only=true&kiosk=true",
    "timestamp": "unknown"
  },
  {
    "title": "Learn more",
    "link": "https://investors.camp4tx.com/events/event-details/jp-morgan-44th-annual-jp-morgan-healthcare-conference",
    "timestamp": "unknown"
  },
  {
    "title": "Piper Sandler 37th Annual Healthcare ConferenceDec ,ESTListen to webcastLearn more",
    "link": "https://investors.camp4tx.com/events/event-details/piper-sandler-37th-annual-healthcare-conference",
    "timestamp": "unknown"
  },
  {
    "title": "Piper Sandler 37th Annual Healthcare Conference",
    "link": "https://investors.camp4tx.com/events/event-details/piper-sandler-37th-annual-healthcare-conference",
    "timestamp": "unknown"
  },
  {
    "title": "Piper Sandler 37th Annual Healthcare Conference",
    "link": "https://investors.camp4tx.com/events/event-details/piper-sandler-37th-annual-healthcare-conference",
    "timestamp": "unknown"
  },
  {
    "title": "Piper Sandler 37th Annual Healthcare Conference",
    "link": "https://investors.camp4tx.com/events/event-details/piper-sandler-37th-annual-healthcare-conference",
    "timestamp": "unknown"
  },
  {
    "title": "Listen to webcastLearn more",
    "link": "https://event.webcasts.com/starthere.jsp?ei=&tp_key=f60a37d698",
    "timestamp": "unknown"
  },
  {
    "title": "Listen to webcast",
    "link": "https://event.webcasts.com/starthere.jsp?ei=&tp_key=f60a37d698",
    "timestamp": "unknown"
  },
  {
    "title": "Listen to webcast",
    "link": "https://event.webcasts.com/starthere.jsp?ei=&tp_key=f60a37d698",
    "timestamp": "unknown"
  },
  {
    "title": "Listen to webcast",
    "link": "https://event.webcasts.com/starthere.jsp?ei=&tp_key=f60a37d698",
    "timestamp": "unknown"
  },
  {
    "title": "Learn more",
    "link": "https://investors.camp4tx.com/events/event-details/piper-sandler-37th-annual-healthcare-conference",
    "timestamp": "unknown"
  },
  {
    "title": "Chardan&#;s 9th Annual Genetic Medicines ConferenceOct ,Listen to webcastLearn more",
    "link": "https://investors.camp4tx.com/events/event-details/chardans-9th-annual-genetic-medicines-conference",
    "timestamp": "unknown"
  },
  {
    "title": "Chardan&#;s 9th Annual Genetic Medicines Conference",
    "link": "https://investors.camp4tx.com/events/event-details/chardans-9th-annual-genetic-medicines-conference",
    "timestamp": "unknown"
  },
  {
    "title": "Chardan&#;s 9th Annual Genetic Medicines Conference",
    "link": "https://investors.camp4tx.com/events/event-details/chardans-9th-annual-genetic-medicines-conference",
    "timestamp": "unknown"
  },
  {
    "title": "Chardan&#;s 9th Annual Genetic Medicines Conference",
    "link": "https://investors.camp4tx.com/events/event-details/chardans-9th-annual-genetic-medicines-conference",
    "timestamp": "unknown"
  },
  {
    "title": "Listen to webcastLearn more",
    "link": "https://wsw.com/webcast/chard21/panel9/",
    "timestamp": "unknown"
  },
  {
    "title": "Listen to webcast",
    "link": "https://wsw.com/webcast/chard21/panel9/",
    "timestamp": "unknown"
  },
  {
    "title": "Listen to webcast",
    "link": "https://wsw.com/webcast/chard21/panel9/",
    "timestamp": "unknown"
  },
  {
    "title": "Listen to webcast",
    "link": "https://wsw.com/webcast/chard21/panel9/",
    "timestamp": "unknown"
  },
  {
    "title": "Learn more",
    "link": "https://investors.camp4tx.com/events/event-details/chardans-9th-annual-genetic-medicines-conference",
    "timestamp": "unknown"
  },
  {
    "title": "Cantor Global Healthcare ConferenceSep ,Listen to webcastLearn more",
    "link": "https://investors.camp4tx.com/events/event-details/cantor-global-healthcare-conference-",
    "timestamp": "unknown"
  },
  {
    "title": "Cantor Global Healthcare Conference",
    "link": "https://investors.camp4tx.com/events/event-details/cantor-global-healthcare-conference-",
    "timestamp": "unknown"
  },
  {
    "title": "Cantor Global Healthcare Conference",
    "link": "https://investors.camp4tx.com/events/event-details/cantor-global-healthcare-conference-",
    "timestamp": "unknown"
  },
  {
    "title": "Cantor Global Healthcare Conference",
    "link": "https://investors.camp4tx.com/events/event-details/cantor-global-healthcare-conference-",
    "timestamp": "unknown"
  },
  {
    "title": "Listen to webcastLearn more",
    "link": "https://sqps.onstreamsecure.com/origin/enliven/players/EnlivenPlayer.html?customerId=&eventId=&checkCompany=&checkEmail=&checkName=",
    "timestamp": "unknown"
  },
  {
    "title": "Listen to webcast",
    "link": "https://sqps.onstreamsecure.com/origin/enliven/players/EnlivenPlayer.html?customerId=&eventId=&checkCompany=&checkEmail=&checkName=",
    "timestamp": "unknown"
  },
  {
    "title": "Listen to webcast",
    "link": "https://sqps.onstreamsecure.com/origin/enliven/players/EnlivenPlayer.html?customerId=&eventId=&checkCompany=&checkEmail=&checkName=",
    "timestamp": "unknown"
  },
  {
    "title": "Listen to webcast",
    "link": "https://sqps.onstreamsecure.com/origin/enliven/players/EnlivenPlayer.html?customerId=&eventId=&checkCompany=&checkEmail=&checkName=",
    "timestamp": "unknown"
  },
  {
    "title": "Learn more",
    "link": "https://investors.camp4tx.com/events/event-details/cantor-global-healthcare-conference-",
    "timestamp": "unknown"
  },
  {
    "title": "Annual Meeting of StockholdersJun ,Listen to webcastLearn more",
    "link": "https://investors.camp4tx.com/events/event-details/-annual-meeting-stockholders",
    "timestamp": "unknown"
  },
  {
    "title": "Annual Meeting of Stockholders",
    "link": "https://investors.camp4tx.com/events/event-details/-annual-meeting-stockholders",
    "timestamp": "unknown"
  },
  {
    "title": "Annual Meeting of Stockholders",
    "link": "https://investors.camp4tx.com/events/event-details/-annual-meeting-stockholders",
    "timestamp": "unknown"
  },
  {
    "title": "Annual Meeting of Stockholders",
    "link": "https://investors.camp4tx.com/events/event-details/-annual-meeting-stockholders",
    "timestamp": "unknown"
  },
  {
    "title": "Listen to webcastLearn more",
    "link": "https://www.virtualshareholdermeeting.com/CAMP2025",
    "timestamp": "unknown"
  },
  {
    "title": "Listen to webcast",
    "link": "https://www.virtualshareholdermeeting.com/CAMP2025",
    "timestamp": "unknown"
  },
  {
    "title": "Listen to webcast",
    "link": "https://www.virtualshareholdermeeting.com/CAMP2025",
    "timestamp": "unknown"
  },
  {
    "title": "Listen to webcast",
    "link": "https://www.virtualshareholdermeeting.com/CAMP2025",
    "timestamp": "unknown"
  },
  {
    "title": "Learn more",
    "link": "https://investors.camp4tx.com/events/event-details/-annual-meeting-stockholders",
    "timestamp": "unknown"
  },
  {
    "title": "28th Annual American Society of Gene and Cell Therapy (ASGCT) MeetingMay ,Learn more",
    "link": "https://investors.camp4tx.com/events/event-details/28th-annual-american-society-gene-and-cell-therapy-asgct-meeting",
    "timestamp": "unknown"
  },
  {
    "title": "28th Annual American Society of Gene and Cell Therapy (ASGCT) Meeting",
    "link": "https://investors.camp4tx.com/events/event-details/28th-annual-american-society-gene-and-cell-therapy-asgct-meeting",
    "timestamp": "unknown"
  },
  {
    "title": "28th Annual American Society of Gene and Cell Therapy (ASGCT) Meeting",
    "link": "https://investors.camp4tx.com/events/event-details/28th-annual-american-society-gene-and-cell-therapy-asgct-meeting",
    "timestamp": "unknown"
  },
  {
    "title": "28th Annual American Society of Gene and Cell Therapy (ASGCT) Meeting",
    "link": "https://investors.camp4tx.com/events/event-details/28th-annual-american-society-gene-and-cell-therapy-asgct-meeting",
    "timestamp": "unknown"
  },
  {
    "title": "Learn more",
    "link": "https://investors.camp4tx.com/events/event-details/28th-annual-american-society-gene-and-cell-therapy-asgct-meeting",
    "timestamp": "unknown"
  },
  {
    "title": "Learn more",
    "link": "https://investors.camp4tx.com/events/event-details/28th-annual-american-society-gene-and-cell-therapy-asgct-meeting",
    "timestamp": "unknown"
  },
  {
    "title": "24th Annual Needham Virtual Healthcare ConferenceApr ,EDTListen to webcastLearn more",
    "link": "https://investors.camp4tx.com/events/event-details/24th-annual-needham-virtual-healthcare-conference",
    "timestamp": "unknown"
  },
  {
    "title": "24th Annual Needham Virtual Healthcare Conference",
    "link": "https://investors.camp4tx.com/events/event-details/24th-annual-needham-virtual-healthcare-conference",
    "timestamp": "unknown"
  },
  {
    "title": "24th Annual Needham Virtual Healthcare Conference",
    "link": "https://investors.camp4tx.com/events/event-details/24th-annual-needham-virtual-healthcare-conference",
    "timestamp": "unknown"
  },
  {
    "title": "24th Annual Needham Virtual Healthcare Conference",
    "link": "https://investors.camp4tx.com/events/event-details/24th-annual-needham-virtual-healthcare-conference",
    "timestamp": "unknown"
  },
  {
    "title": "Listen to webcastLearn more",
    "link": "https://wsw.com/webcast/needham146/camp4/",
    "timestamp": "unknown"
  },
  {
    "title": "Listen to webcast",
    "link": "https://wsw.com/webcast/needham146/camp4/",
    "timestamp": "unknown"
  },
  {
    "title": "Listen to webcast",
    "link": "https://wsw.com/webcast/needham146/camp4/",
    "timestamp": "unknown"
  },
  {
    "title": "Listen to webcast",
    "link": "https://wsw.com/webcast/needham146/camp4/",
    "timestamp": "unknown"
  },
  {
    "title": "Learn more",
    "link": "https://investors.camp4tx.com/events/event-details/24th-annual-needham-virtual-healthcare-conference",
    "timestamp": "unknown"
  },
  {
    "title": "Barclays 27th Annual Global Healthcare ConferenceMar ,Learn more",
    "link": "https://investors.camp4tx.com/events/event-details/barclays-27th-annual-global-healthcare-conference",
    "timestamp": "unknown"
  },
  {
    "title": "Barclays 27th Annual Global Healthcare Conference",
    "link": "https://investors.camp4tx.com/events/event-details/barclays-27th-annual-global-healthcare-conference",
    "timestamp": "unknown"
  },
  {
    "title": "Barclays 27th Annual Global Healthcare Conference",
    "link": "https://investors.camp4tx.com/events/event-details/barclays-27th-annual-global-healthcare-conference",
    "timestamp": "unknown"
  },
  {
    "title": "Barclays 27th Annual Global Healthcare Conference",
    "link": "https://investors.camp4tx.com/events/event-details/barclays-27th-annual-global-healthcare-conference",
    "timestamp": "unknown"
  },
  {
    "title": "Learn more",
    "link": "https://investors.camp4tx.com/events/event-details/barclays-27th-annual-global-healthcare-conference",
    "timestamp": "unknown"
  },
  {
    "title": "Learn more",
    "link": "https://investors.camp4tx.com/events/event-details/barclays-27th-annual-global-healthcare-conference",
    "timestamp": "unknown"
  },
  {
    "title": "Leerink Partners Global Healthcare ConferenceMar ,EDTListen to webcastLearn more",
    "link": "https://investors.camp4tx.com/events/event-details/leerink-partners-global-healthcare-conference",
    "timestamp": "unknown"
  },
  {
    "title": "Leerink Partners Global Healthcare Conference",
    "link": "https://investors.camp4tx.com/events/event-details/leerink-partners-global-healthcare-conference",
    "timestamp": "unknown"
  },
  {
    "title": "Leerink Partners Global Healthcare Conference",
    "link": "https://investors.camp4tx.com/events/event-details/leerink-partners-global-healthcare-conference",
    "timestamp": "unknown"
  },
  {
    "title": "Leerink Partners Global Healthcare Conference",
    "link": "https://investors.camp4tx.com/events/event-details/leerink-partners-global-healthcare-conference",
    "timestamp": "unknown"
  },
  {
    "title": "Listen to webcastLearn more",
    "link": "https://wsw.com/webcast/leerink38/register.aspx?conf=leerink38&page=camp4&url=https%3A//wsw.com/webcast/leerink38/camp4/",
    "timestamp": "unknown"
  },
  {
    "title": "Listen to webcast",
    "link": "https://wsw.com/webcast/leerink38/register.aspx?conf=leerink38&page=camp4&url=https%3A//wsw.com/webcast/leerink38/camp4/",
    "timestamp": "unknown"
  },
  {
    "title": "Listen to webcast",
    "link": "https://wsw.com/webcast/leerink38/register.aspx?conf=leerink38&page=camp4&url=https%3A//wsw.com/webcast/leerink38/camp4/",
    "timestamp": "unknown"
  },
  {
    "title": "Listen to webcast",
    "link": "https://wsw.com/webcast/leerink38/register.aspx?conf=leerink38&page=camp4&url=https%3A//wsw.com/webcast/leerink38/camp4/",
    "timestamp": "unknown"
  },
  {
    "title": "Learn more",
    "link": "https://investors.camp4tx.com/events/event-details/leerink-partners-global-healthcare-conference",
    "timestamp": "unknown"
  },
  {
    "title": "Oppenheimer\u2019s 35th Annual Healthcare Life Sciences ConferenceFeb ,ESTListen to webcastLearn more",
    "link": "https://investors.camp4tx.com/events/event-details/oppenheimers-35th-annual-healthcare-life-sciences-conference",
    "timestamp": "unknown"
  },
  {
    "title": "Oppenheimer\u2019s 35th Annual Healthcare Life Sciences Conference",
    "link": "https://investors.camp4tx.com/events/event-details/oppenheimers-35th-annual-healthcare-life-sciences-conference",
    "timestamp": "unknown"
  },
  {
    "title": "Oppenheimer\u2019s 35th Annual Healthcare Life Sciences Conference",
    "link": "https://investors.camp4tx.com/events/event-details/oppenheimers-35th-annual-healthcare-life-sciences-conference",
    "timestamp": "unknown"
  },
  {
    "title": "Oppenheimer\u2019s 35th Annual Healthcare Life Sciences Conference",
    "link": "https://investors.camp4tx.com/events/event-details/oppenheimers-35th-annual-healthcare-life-sciences-conference",
    "timestamp": "unknown"
  },
  {
    "title": "Listen to webcastLearn more",
    "link": "https://wsw.com/webcast/oppenheimer39/register.aspx?conf=oppenheimer39&page=camp4&url=https%3A//wsw.com/webcast/oppenheimer39/camp4/",
    "timestamp": "unknown"
  },
  {
    "title": "Listen to webcast",
    "link": "https://wsw.com/webcast/oppenheimer39/register.aspx?conf=oppenheimer39&page=camp4&url=https%3A//wsw.com/webcast/oppenheimer39/camp4/",
    "timestamp": "unknown"
  },
  {
    "title": "Listen to webcast",
    "link": "https://wsw.com/webcast/oppenheimer39/register.aspx?conf=oppenheimer39&page=camp4&url=https%3A//wsw.com/webcast/oppenheimer39/camp4/",
    "timestamp": "unknown"
  },
  {
    "title": "Listen to webcast",
    "link": "https://wsw.com/webcast/oppenheimer39/register.aspx?conf=oppenheimer39&page=camp4&url=https%3A//wsw.com/webcast/oppenheimer39/camp4/",
    "timestamp": "unknown"
  },
  {
    "title": "Learn more",
    "link": "https://investors.camp4tx.com/events/event-details/oppenheimers-35th-annual-healthcare-life-sciences-conference",
    "timestamp": "unknown"
  },
  {
    "title": "43rd Annual J.P. Morgan Healthcare ConferenceJan ,ESTListen to webcastLearn more",
    "link": "https://investors.camp4tx.com/events/event-details/jpm-conference",
    "timestamp": "unknown"
  },
  {
    "title": "43rd Annual J.P. Morgan Healthcare Conference",
    "link": "https://investors.camp4tx.com/events/event-details/jpm-conference",
    "timestamp": "unknown"
  },
  {
    "title": "43rd Annual J.P. Morgan Healthcare Conference",
    "link": "https://investors.camp4tx.com/events/event-details/jpm-conference",
    "timestamp": "unknown"
  },
  {
    "title": "43rd Annual J.P. Morgan Healthcare Conference",
    "link": "https://investors.camp4tx.com/events/event-details/jpm-conference",
    "timestamp": "unknown"
  },
  {
    "title": "Listen to webcastLearn more",
    "link": "https://jpmorgan.metameetings.net/events/healthcare25/sessions/-camp4-therapeutics/webcast?gpu_only=true&kiosk=true",
    "timestamp": "unknown"
  },
  {
    "title": "Listen to webcast",
    "link": "https://jpmorgan.metameetings.net/events/healthcare25/sessions/-camp4-therapeutics/webcast?gpu_only=true&kiosk=true",
    "timestamp": "unknown"
  },
  {
    "title": "Listen to webcast",
    "link": "https://jpmorgan.metameetings.net/events/healthcare25/sessions/-camp4-therapeutics/webcast?gpu_only=true&kiosk=true",
    "timestamp": "unknown"
  },
  {
    "title": "Listen to webcast",
    "link": "https://jpmorgan.metameetings.net/events/healthcare25/sessions/-camp4-therapeutics/webcast?gpu_only=true&kiosk=true",
    "timestamp": "unknown"
  },
  {
    "title": "Learn more",
    "link": "https://investors.camp4tx.com/events/event-details/jpm-conference",
    "timestamp": "unknown"
  },
  {
    "title": "Piper Sandler 36th Annual Healthcare ConferenceDec ,ESTListen to webcastLearn more",
    "link": "https://investors.camp4tx.com/events/event-details/piper-sandler-36th-annual-healthcare-conference",
    "timestamp": "unknown"
  },
  {
    "title": "Piper Sandler 36th Annual Healthcare Conference",
    "link": "https://investors.camp4tx.com/events/event-details/piper-sandler-36th-annual-healthcare-conference",
    "timestamp": "unknown"
  },
  {
    "title": "Piper Sandler 36th Annual Healthcare Conference",
    "link": "https://investors.camp4tx.com/events/event-details/piper-sandler-36th-annual-healthcare-conference",
    "timestamp": "unknown"
  },
  {
    "title": "Piper Sandler 36th Annual Healthcare Conference",
    "link": "https://investors.camp4tx.com/events/event-details/piper-sandler-36th-annual-healthcare-conference",
    "timestamp": "unknown"
  },
  {
    "title": "Listen to webcastLearn more",
    "link": "https://event.webcasts.com/starthere.jsp?ei=&tp_key=cbcbffc84c",
    "timestamp": "unknown"
  },
  {
    "title": "Listen to webcast",
    "link": "https://event.webcasts.com/starthere.jsp?ei=&tp_key=cbcbffc84c",
    "timestamp": "unknown"
  },
  {
    "title": "Listen to webcast",
    "link": "https://event.webcasts.com/starthere.jsp?ei=&tp_key=cbcbffc84c",
    "timestamp": "unknown"
  },
  {
    "title": "Listen to webcast",
    "link": "https://event.webcasts.com/starthere.jsp?ei=&tp_key=cbcbffc84c",
    "timestamp": "unknown"
  },
  {
    "title": "Learn more",
    "link": "https://investors.camp4tx.com/events/event-details/piper-sandler-36th-annual-healthcare-conference",
    "timestamp": "unknown"
  },
  {
    "title": "Investor ContactSara MichelmoreIR@camp4tx.comSubscribe to our Email AlertsSubscribe",
    "link": "mailto:IR@camp4tx.com",
    "timestamp": "unknown"
  },
  {
    "title": "Investor ContactSara MichelmoreIR@camp4tx.comSubscribe to our Email AlertsSubscribe",
    "link": "mailto:IR@camp4tx.com",
    "timestamp": "unknown"
  },
  {
    "title": "Investor ContactSara MichelmoreIR@camp4tx.com",
    "link": "mailto:IR@camp4tx.com",
    "timestamp": "unknown"
  },
  {
    "title": "Investor ContactSara MichelmoreIR@camp4tx.com",
    "link": "mailto:IR@camp4tx.com",
    "timestamp": "unknown"
  },
  {
    "title": "Investor ContactSara MichelmoreIR@camp4tx.com",
    "link": "mailto:IR@camp4tx.com",
    "timestamp": "unknown"
  },
  {
    "title": "Investor ContactSara MichelmoreIR@camp4tx.com",
    "link": "mailto:IR@camp4tx.com",
    "timestamp": "unknown"
  },
  {
    "title": "Sara MichelmoreIR@camp4tx.com",
    "link": "mailto:IR@camp4tx.com",
    "timestamp": "unknown"
  },
  {
    "title": "FollowMenuCloseRNA therapeutics that aim to restore healthy protein levels\u00a9  CAMP4 Therapeutics Corp.Privacy PolicyTerms of Use",
    "link": "https://www.linkedin.com/company/camp4-therapeutics/",
    "timestamp": "unknown"
  },
  {
    "title": "FollowMenuCloseRNA therapeutics that aim to restore healthy protein levels\u00a9  CAMP4 Therapeutics Corp.Privacy PolicyTerms of Use",
    "link": "https://www.linkedin.com/company/camp4-therapeutics/",
    "timestamp": "unknown"
  },
  {
    "title": "FollowMenuCloseRNA therapeutics that aim to restore healthy protein levels\u00a9  CAMP4 Therapeutics Corp.Privacy PolicyTerms of Use",
    "link": "https://www.linkedin.com/company/camp4-therapeutics/",
    "timestamp": "unknown"
  },
  {
    "title": "FollowMenuCloseRNA therapeutics that aim to restore healthy protein levels\u00a9  CAMP4 Therapeutics Corp.Privacy PolicyTerms of Use",
    "link": "https://www.linkedin.com/company/camp4-therapeutics/",
    "timestamp": "unknown"
  },
  {
    "title": "Follow",
    "link": "https://www.linkedin.com/company/camp4-therapeutics/",
    "timestamp": "unknown"
  },
  {
    "title": "Privacy PolicyTerms of Use",
    "link": "https://www.camp4tx.com/privacy-policy/",
    "timestamp": "unknown"
  },
  {
    "title": "Privacy Policy",
    "link": "https://www.camp4tx.com/privacy-policy/",
    "timestamp": "unknown"
  },
  {
    "title": "Terms of Use",
    "link": "https://www.camp4tx.com/terms-of-use/",
    "timestamp": "unknown"
  }
]