[
  {
    "title": "MenuCloseFollowRNA therapeutics that aim to restore healthy protein levelsScienceregRNARAP Platform\u00aePublicationsAboutLeadership TeamJoin CAMP4Pipeline",
    "link": "https://www.camp4tx.com/",
    "timestamp": "unknown"
  },
  {
    "title": "MenuCloseFollowRNA therapeutics that aim to restore healthy protein levelsScienceregRNARAP Platform\u00aePublicationsAboutLeadership TeamJoin CAMP4Pipeline",
    "link": "https://www.camp4tx.com/",
    "timestamp": "unknown"
  },
  {
    "title": "MenuCloseFollowRNA therapeutics that aim to restore healthy protein levelsScienceregRNARAP Platform\u00aePublicationsAboutLeadership TeamJoin CAMP4Pipeline",
    "link": "https://www.camp4tx.com/",
    "timestamp": "unknown"
  },
  {
    "title": "MenuCloseFollowRNA therapeutics that aim to restore healthy protein levelsScienceregRNARAP Platform\u00aePublicationsAboutLeadership TeamJoin CAMP4Pipeline",
    "link": "https://www.camp4tx.com/",
    "timestamp": "unknown"
  },
  {
    "title": "MenuCloseFollowRNA therapeutics that aim to restore healthy protein levelsScienceregRNARAP Platform\u00aePublicationsAboutLeadership TeamJoin CAMP4Pipeline",
    "link": "https://www.camp4tx.com/",
    "timestamp": "unknown"
  },
  {
    "title": "FollowRNA therapeutics that aim to restore healthy protein levelsScienceregRNARAP Platform\u00aePublicationsAboutLeadership TeamJoin CAMP4PipelinePartnersh",
    "link": "https://www.linkedin.com/company/camp4-therapeutics/",
    "timestamp": "unknown"
  },
  {
    "title": "FollowRNA therapeutics that aim to restore healthy protein levelsScienceregRNARAP Platform\u00aePublicationsAboutLeadership TeamJoin CAMP4PipelinePartnersh",
    "link": "https://www.linkedin.com/company/camp4-therapeutics/",
    "timestamp": "unknown"
  },
  {
    "title": "Follow",
    "link": "https://www.linkedin.com/company/camp4-therapeutics/",
    "timestamp": "unknown"
  },
  {
    "title": "RNA therapeutics that aim to restore healthy protein levelsScienceregRNARAP Platform\u00aePublicationsAboutLeadership TeamJoin CAMP4PipelinePartnershipsInv",
    "link": "https://www.camp4tx.com/science/",
    "timestamp": "unknown"
  },
  {
    "title": "ScienceregRNARAP Platform\u00aePublications",
    "link": "https://www.camp4tx.com/science/",
    "timestamp": "unknown"
  },
  {
    "title": "regRNA",
    "link": "https://www.camp4tx.com/science/regrna/",
    "timestamp": "unknown"
  },
  {
    "title": "RAP Platform\u00ae",
    "link": "https://www.camp4tx.com/science/rap-platform/",
    "timestamp": "unknown"
  },
  {
    "title": "Publications",
    "link": "https://www.camp4tx.com/science/publications/",
    "timestamp": "unknown"
  },
  {
    "title": "AboutLeadership TeamJoin CAMP4",
    "link": "https://www.camp4tx.com/about/",
    "timestamp": "unknown"
  },
  {
    "title": "Leadership Team",
    "link": "https://www.camp4tx.com/about/#leadership",
    "timestamp": "unknown"
  },
  {
    "title": "Join CAMP4",
    "link": "https://www.camp4tx.com/about/join-camp4/",
    "timestamp": "unknown"
  },
  {
    "title": "PipelinePartnerships",
    "link": "https://www.camp4tx.com/pipeline/",
    "timestamp": "unknown"
  },
  {
    "title": "Partnerships",
    "link": "https://www.camp4tx.com/pipeline/#partnerships",
    "timestamp": "unknown"
  },
  {
    "title": "Investors",
    "link": "https://investors.camp4tx.com/",
    "timestamp": "unknown"
  },
  {
    "title": "Disease Areas",
    "link": "https://www.camp4tx.com/disease-areas/",
    "timestamp": "unknown"
  },
  {
    "title": "Contact",
    "link": "https://www.camp4tx.com/contact/",
    "timestamp": "unknown"
  },
  {
    "title": "Investor MenuOverviewNews & EventsNews ReleasesEventsPresentationsStockStock Quote & ChartAnalyst CoverageGovernanceDocuments & ChartersBoard of Direc",
    "link": "https://investors.camp4tx.com/investor-relations",
    "timestamp": "unknown"
  },
  {
    "title": "Overview",
    "link": "https://investors.camp4tx.com/investor-relations",
    "timestamp": "unknown"
  },
  {
    "title": "News & EventsNews ReleasesEventsPresentations",
    "link": "https://investors.camp4tx.com/news-events/news-releases",
    "timestamp": "unknown"
  },
  {
    "title": "News Releases",
    "link": "https://investors.camp4tx.com/news-events/news-releases",
    "timestamp": "unknown"
  },
  {
    "title": "Events",
    "link": "https://investors.camp4tx.com/news-events/events",
    "timestamp": "unknown"
  },
  {
    "title": "Presentations",
    "link": "https://investors.camp4tx.com/news-events/presentations",
    "timestamp": "unknown"
  },
  {
    "title": "StockStock Quote & ChartAnalyst Coverage",
    "link": "https://investors.camp4tx.com/stock/stock-quote-chart",
    "timestamp": "unknown"
  },
  {
    "title": "Stock Quote & Chart",
    "link": "https://investors.camp4tx.com/stock/stock-quote-chart",
    "timestamp": "unknown"
  },
  {
    "title": "Analyst Coverage",
    "link": "https://investors.camp4tx.com/stock/analyst-coverage",
    "timestamp": "unknown"
  },
  {
    "title": "GovernanceDocuments & ChartersBoard of DirectorsManagementCommittee Composition",
    "link": "https://investors.camp4tx.com/corporate-governance/documents-charters",
    "timestamp": "unknown"
  },
  {
    "title": "Documents & Charters",
    "link": "https://investors.camp4tx.com/corporate-governance/documents-charters",
    "timestamp": "unknown"
  },
  {
    "title": "Board of Directors",
    "link": "https://www.camp4tx.com/about/#board-of-directors",
    "timestamp": "unknown"
  },
  {
    "title": "Management",
    "link": "https://www.camp4tx.com/about/#management",
    "timestamp": "unknown"
  },
  {
    "title": "Committee Composition",
    "link": "https://investors.camp4tx.com/corporate-governance/committee-composition",
    "timestamp": "unknown"
  },
  {
    "title": "FinancialsSEC Filings",
    "link": "https://investors.camp4tx.com/financial-information/sec-filings",
    "timestamp": "unknown"
  },
  {
    "title": "SEC Filings",
    "link": "https://investors.camp4tx.com/financial-information/sec-filings",
    "timestamp": "unknown"
  },
  {
    "title": "ResourcesInvestor FAQsEmail AlertsContact Us",
    "link": "https://investors.camp4tx.com/resources/investor-faqs",
    "timestamp": "unknown"
  },
  {
    "title": "Investor FAQs",
    "link": "https://investors.camp4tx.com/resources/investor-faqs",
    "timestamp": "unknown"
  },
  {
    "title": "Email Alerts",
    "link": "https://investors.camp4tx.com/resources/email-alerts",
    "timestamp": "unknown"
  },
  {
    "title": "Contact Us",
    "link": "https://investors.camp4tx.com/resources/contact-us",
    "timestamp": "unknown"
  },
  {
    "title": "Featured PresentationJanuaryDownload PDFPresentationsAmerican Epilepsy Society Annual Meeting: CMP-: A Developmental Candidate Antisense Oligonucleoti",
    "link": "https://investors.camp4tx.com/static-files/4447f100-527b-47fc-a4cf-88a28bc35a65",
    "timestamp": "unknown"
  },
  {
    "title": "Featured PresentationJanuaryDownload PDFPresentationsAmerican Epilepsy Society Annual Meeting: CMP-: A Developmental Candidate Antisense Oligonucleoti",
    "link": "https://investors.camp4tx.com/static-files/4447f100-527b-47fc-a4cf-88a28bc35a65",
    "timestamp": "unknown"
  },
  {
    "title": "Featured PresentationJanuaryDownload PDFPresentationsAmerican Epilepsy Society Annual Meeting: CMP-: A Developmental Candidate Antisense Oligonucleoti",
    "link": "https://investors.camp4tx.com/static-files/4447f100-527b-47fc-a4cf-88a28bc35a65",
    "timestamp": "unknown"
  },
  {
    "title": "Featured PresentationJanuaryDownload PDFPresentationsAmerican Epilepsy Society Annual Meeting: CMP-: A Developmental Candidate Antisense Oligonucleoti",
    "link": "https://investors.camp4tx.com/static-files/4447f100-527b-47fc-a4cf-88a28bc35a65",
    "timestamp": "unknown"
  },
  {
    "title": "Featured PresentationJanuaryDownload PDFPresentationsAmerican Epilepsy Society Annual Meeting: CMP-: A Developmental Candidate Antisense Oligonucleoti",
    "link": "https://investors.camp4tx.com/static-files/4447f100-527b-47fc-a4cf-88a28bc35a65",
    "timestamp": "unknown"
  },
  {
    "title": "Featured PresentationJanuaryDownload PDFPresentationsAmerican Epilepsy Society Annual Meeting: CMP-: A Developmental Candidate Antisense Oligonucleoti",
    "link": "https://investors.camp4tx.com/static-files/4447f100-527b-47fc-a4cf-88a28bc35a65",
    "timestamp": "unknown"
  },
  {
    "title": "Featured PresentationJanuaryDownload PDFPresentationsAmerican Epilepsy Society Annual Meeting: CMP-: A Developmental Candidate Antisense Oligonucleoti",
    "link": "https://investors.camp4tx.com/static-files/4447f100-527b-47fc-a4cf-88a28bc35a65",
    "timestamp": "unknown"
  },
  {
    "title": "Featured PresentationJanuaryDownload PDFPresentationsAmerican Epilepsy Society Annual Meeting: CMP-: A Developmental Candidate Antisense Oligonucleoti",
    "link": "https://investors.camp4tx.com/static-files/4447f100-527b-47fc-a4cf-88a28bc35a65",
    "timestamp": "unknown"
  },
  {
    "title": "Featured PresentationJanuaryDownload PDFPresentationsAmerican Epilepsy Society Annual Meeting: CMP-: A Developmental Candidate Antisense Oligonucleoti",
    "link": "https://investors.camp4tx.com/static-files/4447f100-527b-47fc-a4cf-88a28bc35a65",
    "timestamp": "unknown"
  },
  {
    "title": "Featured PresentationJanuaryDownload PDF",
    "link": "https://investors.camp4tx.com/static-files/4447f100-527b-47fc-a4cf-88a28bc35a65",
    "timestamp": "unknown"
  },
  {
    "title": "Featured PresentationJanuaryDownload PDF",
    "link": "https://investors.camp4tx.com/static-files/4447f100-527b-47fc-a4cf-88a28bc35a65",
    "timestamp": "unknown"
  },
  {
    "title": "Featured PresentationJanuaryDownload PDF",
    "link": "https://investors.camp4tx.com/static-files/4447f100-527b-47fc-a4cf-88a28bc35a65",
    "timestamp": "unknown"
  },
  {
    "title": "Featured PresentationJanuaryDownload PDF",
    "link": "https://investors.camp4tx.com/static-files/4447f100-527b-47fc-a4cf-88a28bc35a65",
    "timestamp": "unknown"
  },
  {
    "title": "Featured PresentationJanuaryDownload PDF",
    "link": "https://investors.camp4tx.com/static-files/4447f100-527b-47fc-a4cf-88a28bc35a65",
    "timestamp": "unknown"
  },
  {
    "title": "Featured PresentationJanuaryDownload PDF",
    "link": "https://investors.camp4tx.com/static-files/4447f100-527b-47fc-a4cf-88a28bc35a65",
    "timestamp": "unknown"
  },
  {
    "title": "Featured PresentationJanuaryDownload PDF",
    "link": "https://investors.camp4tx.com/static-files/4447f100-527b-47fc-a4cf-88a28bc35a65",
    "timestamp": "unknown"
  },
  {
    "title": "Featured PresentationJanuaryDownload PDF",
    "link": "https://investors.camp4tx.com/static-files/4447f100-527b-47fc-a4cf-88a28bc35a65",
    "timestamp": "unknown"
  },
  {
    "title": "JanuaryDownload PDF",
    "link": "https://investors.camp4tx.com/static-files/4447f100-527b-47fc-a4cf-88a28bc35a65",
    "timestamp": "unknown"
  },
  {
    "title": "JanuaryDownload PDF",
    "link": "https://investors.camp4tx.com/static-files/4447f100-527b-47fc-a4cf-88a28bc35a65",
    "timestamp": "unknown"
  },
  {
    "title": "JanuaryDownload PDF",
    "link": "https://investors.camp4tx.com/static-files/4447f100-527b-47fc-a4cf-88a28bc35a65",
    "timestamp": "unknown"
  },
  {
    "title": "JanuaryDownload PDF",
    "link": "https://investors.camp4tx.com/static-files/4447f100-527b-47fc-a4cf-88a28bc35a65",
    "timestamp": "unknown"
  },
  {
    "title": "JanuaryDownload PDF",
    "link": "https://investors.camp4tx.com/static-files/4447f100-527b-47fc-a4cf-88a28bc35a65",
    "timestamp": "unknown"
  },
  {
    "title": "Download PDF",
    "link": "https://investors.camp4tx.com/static-files/4447f100-527b-47fc-a4cf-88a28bc35a65",
    "timestamp": "unknown"
  },
  {
    "title": "PresentationsAmerican Epilepsy Society Annual Meeting: CMP-: A Developmental Candidate Antisense Oligonucleotide Targeting a SYNGAP1 Regulatory RNA Fo",
    "link": "https://investors.camp4tx.com/static-files/34d7f573-e719-4ee3-aa78-c74e5691c600",
    "timestamp": "unknown"
  },
  {
    "title": "PresentationsAmerican Epilepsy Society Annual Meeting: CMP-: A Developmental Candidate Antisense Oligonucleotide Targeting a SYNGAP1 Regulatory RNA Fo",
    "link": "https://investors.camp4tx.com/static-files/34d7f573-e719-4ee3-aa78-c74e5691c600",
    "timestamp": "unknown"
  },
  {
    "title": "PresentationsAmerican Epilepsy Society Annual Meeting: CMP-: A Developmental Candidate Antisense Oligonucleotide Targeting a SYNGAP1 Regulatory RNA Fo",
    "link": "https://investors.camp4tx.com/static-files/34d7f573-e719-4ee3-aa78-c74e5691c600",
    "timestamp": "unknown"
  },
  {
    "title": "PresentationsAmerican Epilepsy Society Annual Meeting: CMP-: A Developmental Candidate Antisense Oligonucleotide Targeting a SYNGAP1 Regulatory RNA Fo",
    "link": "https://investors.camp4tx.com/static-files/34d7f573-e719-4ee3-aa78-c74e5691c600",
    "timestamp": "unknown"
  },
  {
    "title": "PresentationsAmerican Epilepsy Society Annual Meeting: CMP-: A Developmental Candidate Antisense Oligonucleotide Targeting a SYNGAP1 Regulatory RNA Fo",
    "link": "https://investors.camp4tx.com/static-files/34d7f573-e719-4ee3-aa78-c74e5691c600",
    "timestamp": "unknown"
  },
  {
    "title": "PresentationsAmerican Epilepsy Society Annual Meeting: CMP-: A Developmental Candidate Antisense Oligonucleotide Targeting a SYNGAP1 Regulatory RNA Fo",
    "link": "https://investors.camp4tx.com/static-files/34d7f573-e719-4ee3-aa78-c74e5691c600",
    "timestamp": "unknown"
  },
  {
    "title": "PresentationsAmerican Epilepsy Society Annual Meeting: CMP-: A Developmental Candidate Antisense Oligonucleotide Targeting a SYNGAP1 Regulatory RNA Fo",
    "link": "https://investors.camp4tx.com/static-files/34d7f573-e719-4ee3-aa78-c74e5691c600",
    "timestamp": "unknown"
  },
  {
    "title": "PresentationsAmerican Epilepsy Society Annual Meeting: CMP-: A Developmental Candidate Antisense Oligonucleotide Targeting a SYNGAP1 Regulatory RNA Fo",
    "link": "https://investors.camp4tx.com/static-files/34d7f573-e719-4ee3-aa78-c74e5691c600",
    "timestamp": "unknown"
  },
  {
    "title": "American Epilepsy Society Annual Meeting: CMP-: A Developmental Candidate Antisense Oligonucleotide Targeting a SYNGAP1 Regulatory RNA For The Potenti",
    "link": "https://investors.camp4tx.com/static-files/34d7f573-e719-4ee3-aa78-c74e5691c600",
    "timestamp": "unknown"
  },
  {
    "title": "American Epilepsy Society Annual Meeting: CMP-: A Developmental Candidate Antisense Oligonucleotide Targeting a SYNGAP1 Regulatory RNA For The Potenti",
    "link": "https://investors.camp4tx.com/static-files/34d7f573-e719-4ee3-aa78-c74e5691c600",
    "timestamp": "unknown"
  },
  {
    "title": "American Epilepsy Society Annual Meeting: CMP-: A Developmental Candidate Antisense Oligonucleotide Targeting a SYNGAP1 Regulatory RNA For The Potenti",
    "link": "https://investors.camp4tx.com/static-files/34d7f573-e719-4ee3-aa78-c74e5691c600",
    "timestamp": "unknown"
  },
  {
    "title": "American Epilepsy Society Annual Meeting: CMP-: A Developmental Candidate Antisense Oligonucleotide Targeting a SYNGAP1 Regulatory RNA For The Potenti",
    "link": "https://investors.camp4tx.com/static-files/34d7f573-e719-4ee3-aa78-c74e5691c600",
    "timestamp": "unknown"
  },
  {
    "title": "American Epilepsy Society Annual Meeting: CMP-: A Developmental Candidate Antisense Oligonucleotide Targeting a SYNGAP1 Regulatory RNA For The Potenti",
    "link": "https://investors.camp4tx.com/static-files/34d7f573-e719-4ee3-aa78-c74e5691c600",
    "timestamp": "unknown"
  },
  {
    "title": "American Epilepsy Society Annual Meeting: CMP-: A Developmental Candidate Antisense Oligonucleotide Targeting a SYNGAP1 Regulatory RNA For The Potenti",
    "link": "https://investors.camp4tx.com/static-files/34d7f573-e719-4ee3-aa78-c74e5691c600",
    "timestamp": "unknown"
  },
  {
    "title": "Download PDF",
    "link": "https://investors.camp4tx.com/static-files/34d7f573-e719-4ee3-aa78-c74e5691c600",
    "timestamp": "unknown"
  },
  {
    "title": "Developing Regulatory RNA-based Therapeutics for DEEs and an ASO to Increase SYNGAP Gene ExpressionSeptember ,Download PDF",
    "link": "https://investors.camp4tx.com/static-files/bc3990dc-c6d3--ab23-ff2c64f3d8d7",
    "timestamp": "unknown"
  },
  {
    "title": "Developing Regulatory RNA-based Therapeutics for DEEs and an ASO to Increase SYNGAP Gene Expression",
    "link": "https://investors.camp4tx.com/static-files/bc3990dc-c6d3--ab23-ff2c64f3d8d7",
    "timestamp": "unknown"
  },
  {
    "title": "Developing Regulatory RNA-based Therapeutics for DEEs and an ASO to Increase SYNGAP Gene Expression",
    "link": "https://investors.camp4tx.com/static-files/bc3990dc-c6d3--ab23-ff2c64f3d8d7",
    "timestamp": "unknown"
  },
  {
    "title": "Developing Regulatory RNA-based Therapeutics for DEEs and an ASO to Increase SYNGAP Gene Expression",
    "link": "https://investors.camp4tx.com/static-files/bc3990dc-c6d3--ab23-ff2c64f3d8d7",
    "timestamp": "unknown"
  },
  {
    "title": "Download PDF",
    "link": "https://investors.camp4tx.com/static-files/bc3990dc-c6d3--ab23-ff2c64f3d8d7",
    "timestamp": "unknown"
  },
  {
    "title": "Targeting Regulatory RNAs with Antisense Oligonucleotides for the Potential Treatment of SYNGAP1-Related DisordersMay ,Download PDF",
    "link": "https://investors.camp4tx.com/static-files/350d5f88-f407-4bfb-b7ce-7c11a196c02a",
    "timestamp": "unknown"
  },
  {
    "title": "Targeting Regulatory RNAs with Antisense Oligonucleotides for the Potential Treatment of SYNGAP1-Related Disorders",
    "link": "https://investors.camp4tx.com/static-files/350d5f88-f407-4bfb-b7ce-7c11a196c02a",
    "timestamp": "unknown"
  },
  {
    "title": "Targeting Regulatory RNAs with Antisense Oligonucleotides for the Potential Treatment of SYNGAP1-Related Disorders",
    "link": "https://investors.camp4tx.com/static-files/350d5f88-f407-4bfb-b7ce-7c11a196c02a",
    "timestamp": "unknown"
  },
  {
    "title": "Targeting Regulatory RNAs with Antisense Oligonucleotides for the Potential Treatment of SYNGAP1-Related Disorders",
    "link": "https://investors.camp4tx.com/static-files/350d5f88-f407-4bfb-b7ce-7c11a196c02a",
    "timestamp": "unknown"
  },
  {
    "title": "Download PDF",
    "link": "https://investors.camp4tx.com/static-files/350d5f88-f407-4bfb-b7ce-7c11a196c02a",
    "timestamp": "unknown"
  },
  {
    "title": "A Phase  Study to Evaluate the Safety and Tolerability of an Investigational ASO (CMP-CPS-) for the Treatment of Urea Cycle DisordersMay ,Download PDF",
    "link": "https://investors.camp4tx.com/static-files/abb1f231-e232-46af-a96b-a99bb828c0b3",
    "timestamp": "unknown"
  },
  {
    "title": "A Phase  Study to Evaluate the Safety and Tolerability of an Investigational ASO (CMP-CPS-) for the Treatment of Urea Cycle Disorders",
    "link": "https://investors.camp4tx.com/static-files/abb1f231-e232-46af-a96b-a99bb828c0b3",
    "timestamp": "unknown"
  },
  {
    "title": "A Phase  Study to Evaluate the Safety and Tolerability of an Investigational ASO (CMP-CPS-) for the Treatment of Urea Cycle Disorders",
    "link": "https://investors.camp4tx.com/static-files/abb1f231-e232-46af-a96b-a99bb828c0b3",
    "timestamp": "unknown"
  },
  {
    "title": "A Phase  Study to Evaluate the Safety and Tolerability of an Investigational ASO (CMP-CPS-) for the Treatment of Urea Cycle Disorders",
    "link": "https://investors.camp4tx.com/static-files/abb1f231-e232-46af-a96b-a99bb828c0b3",
    "timestamp": "unknown"
  },
  {
    "title": "Download PDF",
    "link": "https://investors.camp4tx.com/static-files/abb1f231-e232-46af-a96b-a99bb828c0b3",
    "timestamp": "unknown"
  },
  {
    "title": "Targeting Regulatory RNAs with Antisense Oligonucleotides for the Potential Treatment of Urea Cycle DisordersMay ,Download PDF",
    "link": "https://investors.camp4tx.com/static-files/7c3b9f2c-192d--bdb6-aa8443ec98e7",
    "timestamp": "unknown"
  },
  {
    "title": "Targeting Regulatory RNAs with Antisense Oligonucleotides for the Potential Treatment of Urea Cycle Disorders",
    "link": "https://investors.camp4tx.com/static-files/7c3b9f2c-192d--bdb6-aa8443ec98e7",
    "timestamp": "unknown"
  },
  {
    "title": "Targeting Regulatory RNAs with Antisense Oligonucleotides for the Potential Treatment of Urea Cycle Disorders",
    "link": "https://investors.camp4tx.com/static-files/7c3b9f2c-192d--bdb6-aa8443ec98e7",
    "timestamp": "unknown"
  },
  {
    "title": "Targeting Regulatory RNAs with Antisense Oligonucleotides for the Potential Treatment of Urea Cycle Disorders",
    "link": "https://investors.camp4tx.com/static-files/7c3b9f2c-192d--bdb6-aa8443ec98e7",
    "timestamp": "unknown"
  },
  {
    "title": "Download PDF",
    "link": "https://investors.camp4tx.com/static-files/7c3b9f2c-192d--bdb6-aa8443ec98e7",
    "timestamp": "unknown"
  },
  {
    "title": "Keystone Symposia: Interplay of Chromatin Architecture and Transcription RegulationMarch ,Download PDF",
    "link": "https://investors.camp4tx.com/static-files/eb465dbd-b48c--a260-47fd523304d6",
    "timestamp": "unknown"
  },
  {
    "title": "Keystone Symposia: Interplay of Chromatin Architecture and Transcription Regulation",
    "link": "https://investors.camp4tx.com/static-files/eb465dbd-b48c--a260-47fd523304d6",
    "timestamp": "unknown"
  },
  {
    "title": "Keystone Symposia: Interplay of Chromatin Architecture and Transcription Regulation",
    "link": "https://investors.camp4tx.com/static-files/eb465dbd-b48c--a260-47fd523304d6",
    "timestamp": "unknown"
  },
  {
    "title": "Keystone Symposia: Interplay of Chromatin Architecture and Transcription Regulation",
    "link": "https://investors.camp4tx.com/static-files/eb465dbd-b48c--a260-47fd523304d6",
    "timestamp": "unknown"
  },
  {
    "title": "Download PDF",
    "link": "https://investors.camp4tx.com/static-files/eb465dbd-b48c--a260-47fd523304d6",
    "timestamp": "unknown"
  },
  {
    "title": "Transcriptional Characterization of iPSC-Derived MicrogliaJanuary ,Download PDF",
    "link": "https://investors.camp4tx.com/static-files/b545bb2a-ed30-421f-b3d2-d58fc87a60ec",
    "timestamp": "unknown"
  },
  {
    "title": "Transcriptional Characterization of iPSC-Derived Microglia",
    "link": "https://investors.camp4tx.com/static-files/b545bb2a-ed30-421f-b3d2-d58fc87a60ec",
    "timestamp": "unknown"
  },
  {
    "title": "Transcriptional Characterization of iPSC-Derived Microglia",
    "link": "https://investors.camp4tx.com/static-files/b545bb2a-ed30-421f-b3d2-d58fc87a60ec",
    "timestamp": "unknown"
  },
  {
    "title": "Transcriptional Characterization of iPSC-Derived Microglia",
    "link": "https://investors.camp4tx.com/static-files/b545bb2a-ed30-421f-b3d2-d58fc87a60ec",
    "timestamp": "unknown"
  },
  {
    "title": "Download PDF",
    "link": "https://investors.camp4tx.com/static-files/b545bb2a-ed30-421f-b3d2-d58fc87a60ec",
    "timestamp": "unknown"
  },
  {
    "title": "ASO Therapeutic Candidates Targeting Regulatory RNAs to Treat UCDDecember ,Download PDF",
    "link": "https://investors.camp4tx.com/static-files/6bad2c78-c3f6-46f0-8b1f-eb11030f92d9",
    "timestamp": "unknown"
  },
  {
    "title": "ASO Therapeutic Candidates Targeting Regulatory RNAs to Treat UCD",
    "link": "https://investors.camp4tx.com/static-files/6bad2c78-c3f6-46f0-8b1f-eb11030f92d9",
    "timestamp": "unknown"
  },
  {
    "title": "ASO Therapeutic Candidates Targeting Regulatory RNAs to Treat UCD",
    "link": "https://investors.camp4tx.com/static-files/6bad2c78-c3f6-46f0-8b1f-eb11030f92d9",
    "timestamp": "unknown"
  },
  {
    "title": "ASO Therapeutic Candidates Targeting Regulatory RNAs to Treat UCD",
    "link": "https://investors.camp4tx.com/static-files/6bad2c78-c3f6-46f0-8b1f-eb11030f92d9",
    "timestamp": "unknown"
  },
  {
    "title": "Download PDF",
    "link": "https://investors.camp4tx.com/static-files/6bad2c78-c3f6-46f0-8b1f-eb11030f92d9",
    "timestamp": "unknown"
  },
  {
    "title": "JMnorm A Novel Joint Multi-Feature Normalization MethodDecember ,Download PDF",
    "link": "https://investors.camp4tx.com/static-files/d3d27f6e-66bb-44c6-91dc-4d5b4e4e8446",
    "timestamp": "unknown"
  },
  {
    "title": "JMnorm A Novel Joint Multi-Feature Normalization Method",
    "link": "https://investors.camp4tx.com/static-files/d3d27f6e-66bb-44c6-91dc-4d5b4e4e8446",
    "timestamp": "unknown"
  },
  {
    "title": "JMnorm A Novel Joint Multi-Feature Normalization Method",
    "link": "https://investors.camp4tx.com/static-files/d3d27f6e-66bb-44c6-91dc-4d5b4e4e8446",
    "timestamp": "unknown"
  },
  {
    "title": "JMnorm A Novel Joint Multi-Feature Normalization Method",
    "link": "https://investors.camp4tx.com/static-files/d3d27f6e-66bb-44c6-91dc-4d5b4e4e8446",
    "timestamp": "unknown"
  },
  {
    "title": "Download PDF",
    "link": "https://investors.camp4tx.com/static-files/d3d27f6e-66bb-44c6-91dc-4d5b4e4e8446",
    "timestamp": "unknown"
  },
  {
    "title": "ASO Therapeutic Candidates Targeting Regulatory RNAs to Treat UCDOctober ,Download PDF",
    "link": "https://investors.camp4tx.com/static-files/294a879d-974f-4cac-a860-cbb459c2dcbc",
    "timestamp": "unknown"
  },
  {
    "title": "ASO Therapeutic Candidates Targeting Regulatory RNAs to Treat UCD",
    "link": "https://investors.camp4tx.com/static-files/294a879d-974f-4cac-a860-cbb459c2dcbc",
    "timestamp": "unknown"
  },
  {
    "title": "ASO Therapeutic Candidates Targeting Regulatory RNAs to Treat UCD",
    "link": "https://investors.camp4tx.com/static-files/294a879d-974f-4cac-a860-cbb459c2dcbc",
    "timestamp": "unknown"
  },
  {
    "title": "ASO Therapeutic Candidates Targeting Regulatory RNAs to Treat UCD",
    "link": "https://investors.camp4tx.com/static-files/294a879d-974f-4cac-a860-cbb459c2dcbc",
    "timestamp": "unknown"
  },
  {
    "title": "Download PDF",
    "link": "https://investors.camp4tx.com/static-files/294a879d-974f-4cac-a860-cbb459c2dcbc",
    "timestamp": "unknown"
  },
  {
    "title": "Investor ContactSara MichelmoreIR@camp4tx.comSubscribe to our Email AlertsSubscribe",
    "link": "mailto:IR@camp4tx.com",
    "timestamp": "unknown"
  },
  {
    "title": "Investor ContactSara MichelmoreIR@camp4tx.comSubscribe to our Email AlertsSubscribe",
    "link": "mailto:IR@camp4tx.com",
    "timestamp": "unknown"
  },
  {
    "title": "Investor ContactSara MichelmoreIR@camp4tx.com",
    "link": "mailto:IR@camp4tx.com",
    "timestamp": "unknown"
  },
  {
    "title": "Investor ContactSara MichelmoreIR@camp4tx.com",
    "link": "mailto:IR@camp4tx.com",
    "timestamp": "unknown"
  },
  {
    "title": "Investor ContactSara MichelmoreIR@camp4tx.com",
    "link": "mailto:IR@camp4tx.com",
    "timestamp": "unknown"
  },
  {
    "title": "Investor ContactSara MichelmoreIR@camp4tx.com",
    "link": "mailto:IR@camp4tx.com",
    "timestamp": "unknown"
  },
  {
    "title": "Sara MichelmoreIR@camp4tx.com",
    "link": "mailto:IR@camp4tx.com",
    "timestamp": "unknown"
  },
  {
    "title": "FollowMenuCloseRNA therapeutics that aim to restore healthy protein levels\u00a9  CAMP4 Therapeutics Corp.Privacy PolicyTerms of Use",
    "link": "https://www.linkedin.com/company/camp4-therapeutics/",
    "timestamp": "unknown"
  },
  {
    "title": "FollowMenuCloseRNA therapeutics that aim to restore healthy protein levels\u00a9  CAMP4 Therapeutics Corp.Privacy PolicyTerms of Use",
    "link": "https://www.linkedin.com/company/camp4-therapeutics/",
    "timestamp": "unknown"
  },
  {
    "title": "FollowMenuCloseRNA therapeutics that aim to restore healthy protein levels\u00a9  CAMP4 Therapeutics Corp.Privacy PolicyTerms of Use",
    "link": "https://www.linkedin.com/company/camp4-therapeutics/",
    "timestamp": "unknown"
  },
  {
    "title": "FollowMenuCloseRNA therapeutics that aim to restore healthy protein levels\u00a9  CAMP4 Therapeutics Corp.Privacy PolicyTerms of Use",
    "link": "https://www.linkedin.com/company/camp4-therapeutics/",
    "timestamp": "unknown"
  },
  {
    "title": "Follow",
    "link": "https://www.linkedin.com/company/camp4-therapeutics/",
    "timestamp": "unknown"
  },
  {
    "title": "Privacy PolicyTerms of Use",
    "link": "https://www.camp4tx.com/privacy-policy/",
    "timestamp": "unknown"
  },
  {
    "title": "Privacy Policy",
    "link": "https://www.camp4tx.com/privacy-policy/",
    "timestamp": "unknown"
  },
  {
    "title": "Terms of Use",
    "link": "https://www.camp4tx.com/terms-of-use/",
    "timestamp": "unknown"
  }
]