[
  {
    "title": "OverviewNews & EventsNews ReleasesEventsPresentationsStockStock Quote & ChartAnalyst CoverageGovernanceDocuments & ChartersBoard of DirectorsManagemen",
    "link": "https://www.camp4tx.com/",
    "timestamp": "unknown"
  },
  {
    "title": "OverviewNews & EventsNews ReleasesEventsPresentationsStockStock Quote & ChartAnalyst CoverageGovernanceDocuments & ChartersBoard of DirectorsManagemen",
    "link": "https://www.camp4tx.com/",
    "timestamp": "unknown"
  },
  {
    "title": "OverviewNews & EventsNews ReleasesEventsPresentationsStockStock Quote & ChartAnalyst CoverageGovernanceDocuments & ChartersBoard of DirectorsManagemen",
    "link": "https://investors.camp4tx.com/investor-relations",
    "timestamp": "unknown"
  },
  {
    "title": "Overview",
    "link": "https://investors.camp4tx.com/investor-relations",
    "timestamp": "unknown"
  },
  {
    "title": "News & EventsNews ReleasesEventsPresentations",
    "link": "https://investors.camp4tx.com/news-events/news-releases",
    "timestamp": "unknown"
  },
  {
    "title": "News Releases",
    "link": "https://investors.camp4tx.com/news-events/news-releases",
    "timestamp": "unknown"
  },
  {
    "title": "Events",
    "link": "https://investors.camp4tx.com/news-events/events",
    "timestamp": "unknown"
  },
  {
    "title": "Presentations",
    "link": "https://investors.camp4tx.com/news-events/presentations",
    "timestamp": "unknown"
  },
  {
    "title": "StockStock Quote & ChartAnalyst Coverage",
    "link": "https://investors.camp4tx.com/stock/stock-quote-chart",
    "timestamp": "unknown"
  },
  {
    "title": "Stock Quote & Chart",
    "link": "https://investors.camp4tx.com/stock/stock-quote-chart",
    "timestamp": "unknown"
  },
  {
    "title": "Analyst Coverage",
    "link": "https://investors.camp4tx.com/stock/analyst-coverage",
    "timestamp": "unknown"
  },
  {
    "title": "GovernanceDocuments & ChartersBoard of DirectorsManagementCommittee Composition",
    "link": "https://investors.camp4tx.com/corporate-governance/documents-charters",
    "timestamp": "unknown"
  },
  {
    "title": "Documents & Charters",
    "link": "https://investors.camp4tx.com/corporate-governance/documents-charters",
    "timestamp": "unknown"
  },
  {
    "title": "Board of Directors",
    "link": "https://www.camp4tx.com/about-camp4/leadership/#board-of-directors",
    "timestamp": "unknown"
  },
  {
    "title": "Management",
    "link": "https://www.camp4tx.com/about-camp4/leadership/#management",
    "timestamp": "unknown"
  },
  {
    "title": "Committee Composition",
    "link": "https://investors.camp4tx.com/corporate-governance/committee-composition",
    "timestamp": "unknown"
  },
  {
    "title": "FinancialsSEC Filings",
    "link": "https://investors.camp4tx.com/financial-information/sec-filings",
    "timestamp": "unknown"
  },
  {
    "title": "SEC Filings",
    "link": "https://investors.camp4tx.com/financial-information/sec-filings",
    "timestamp": "unknown"
  },
  {
    "title": "ResourcesInvestor FAQsEmail AlertsContact Us",
    "link": "https://investors.camp4tx.com/shareholder-services/investor-faqs",
    "timestamp": "unknown"
  },
  {
    "title": "Investor FAQs",
    "link": "https://investors.camp4tx.com/shareholder-services/investor-faqs",
    "timestamp": "unknown"
  },
  {
    "title": "Email Alerts",
    "link": "https://investors.camp4tx.com/shareholder-services/email-alerts",
    "timestamp": "unknown"
  },
  {
    "title": "Contact Us",
    "link": "https://investors.camp4tx.com/shareholder-services/contact-us",
    "timestamp": "unknown"
  },
  {
    "title": "News & EventsNews ReleasesEventsPresentations",
    "link": "https://investors.camp4tx.com/news-events/news-releases",
    "timestamp": "unknown"
  },
  {
    "title": "News & EventsNews ReleasesEventsPresentations",
    "link": "https://investors.camp4tx.com/news-events/news-releases",
    "timestamp": "unknown"
  },
  {
    "title": "News ReleasesEventsPresentations",
    "link": "https://investors.camp4tx.com/news-events/news-releases",
    "timestamp": "unknown"
  },
  {
    "title": "News Releases",
    "link": "https://investors.camp4tx.com/news-events/news-releases",
    "timestamp": "unknown"
  },
  {
    "title": "Events",
    "link": "https://investors.camp4tx.com/news-events/events",
    "timestamp": "unknown"
  },
  {
    "title": "Presentations",
    "link": "https://investors.camp4tx.com/news-events/presentations",
    "timestamp": "unknown"
  },
  {
    "title": "Past EventsPiper Sandler 37th Annual Healthcare ConferenceDecember ,ESTListen to webcastChardan&#;s 9th Annual Genetic Medicines ConferenceOctober ,Li",
    "link": "https://investors.camp4tx.com/events/event-details/piper-sandler-37th-annual-healthcare-conference",
    "timestamp": "unknown"
  },
  {
    "title": "Past EventsPiper Sandler 37th Annual Healthcare ConferenceDecember ,ESTListen to webcastChardan&#;s 9th Annual Genetic Medicines ConferenceOctober ,Li",
    "link": "https://investors.camp4tx.com/events/event-details/piper-sandler-37th-annual-healthcare-conference",
    "timestamp": "unknown"
  },
  {
    "title": "Past EventsPiper Sandler 37th Annual Healthcare ConferenceDecember ,ESTListen to webcastChardan&#;s 9th Annual Genetic Medicines ConferenceOctober ,Li",
    "link": "https://investors.camp4tx.com/events/event-details/piper-sandler-37th-annual-healthcare-conference",
    "timestamp": "unknown"
  },
  {
    "title": "Past EventsPiper Sandler 37th Annual Healthcare ConferenceDecember ,ESTListen to webcastChardan&#;s 9th Annual Genetic Medicines ConferenceOctober ,Li",
    "link": "https://investors.camp4tx.com/events/event-details/piper-sandler-37th-annual-healthcare-conference",
    "timestamp": "unknown"
  },
  {
    "title": "Past EventsPiper Sandler 37th Annual Healthcare ConferenceDecember ,ESTListen to webcastChardan&#;s 9th Annual Genetic Medicines ConferenceOctober ,Li",
    "link": "https://investors.camp4tx.com/events/event-details/piper-sandler-37th-annual-healthcare-conference",
    "timestamp": "unknown"
  },
  {
    "title": "Past EventsPiper Sandler 37th Annual Healthcare ConferenceDecember ,ESTListen to webcastChardan&#;s 9th Annual Genetic Medicines ConferenceOctober ,Li",
    "link": "https://investors.camp4tx.com/events/event-details/piper-sandler-37th-annual-healthcare-conference",
    "timestamp": "unknown"
  },
  {
    "title": "Past EventsPiper Sandler 37th Annual Healthcare ConferenceDecember ,ESTListen to webcastChardan&#;s 9th Annual Genetic Medicines ConferenceOctober ,Li",
    "link": "https://investors.camp4tx.com/events/event-details/piper-sandler-37th-annual-healthcare-conference",
    "timestamp": "unknown"
  },
  {
    "title": "Past EventsPiper Sandler 37th Annual Healthcare ConferenceDecember ,ESTListen to webcastChardan&#;s 9th Annual Genetic Medicines ConferenceOctober ,Li",
    "link": "https://investors.camp4tx.com/events/event-details/piper-sandler-37th-annual-healthcare-conference",
    "timestamp": "unknown"
  },
  {
    "title": "Past EventsPiper Sandler 37th Annual Healthcare ConferenceDecember ,ESTListen to webcastChardan&#;s 9th Annual Genetic Medicines ConferenceOctober ,Li",
    "link": "https://investors.camp4tx.com/events/event-details/piper-sandler-37th-annual-healthcare-conference",
    "timestamp": "unknown"
  },
  {
    "title": "Past EventsPiper Sandler 37th Annual Healthcare ConferenceDecember ,ESTListen to webcastChardan&#;s 9th Annual Genetic Medicines ConferenceOctober ,Li",
    "link": "https://investors.camp4tx.com/events/event-details/piper-sandler-37th-annual-healthcare-conference",
    "timestamp": "unknown"
  },
  {
    "title": "Past EventsPiper Sandler 37th Annual Healthcare ConferenceDecember ,ESTListen to webcastChardan&#;s 9th Annual Genetic Medicines ConferenceOctober ,Li",
    "link": "https://investors.camp4tx.com/events/event-details/piper-sandler-37th-annual-healthcare-conference",
    "timestamp": "unknown"
  },
  {
    "title": "Past EventsPiper Sandler 37th Annual Healthcare ConferenceDecember ,ESTListen to webcastChardan&#;s 9th Annual Genetic Medicines ConferenceOctober ,Li",
    "link": "https://investors.camp4tx.com/events/event-details/piper-sandler-37th-annual-healthcare-conference",
    "timestamp": "unknown"
  },
  {
    "title": "Past EventsPiper Sandler 37th Annual Healthcare ConferenceDecember ,ESTListen to webcastChardan&#;s 9th Annual Genetic Medicines ConferenceOctober ,Li",
    "link": "https://investors.camp4tx.com/events/event-details/piper-sandler-37th-annual-healthcare-conference",
    "timestamp": "unknown"
  },
  {
    "title": "Past EventsPiper Sandler 37th Annual Healthcare ConferenceDecember ,ESTListen to webcastChardan&#;s 9th Annual Genetic Medicines ConferenceOctober ,Li",
    "link": "https://investors.camp4tx.com/events/event-details/piper-sandler-37th-annual-healthcare-conference",
    "timestamp": "unknown"
  },
  {
    "title": "Past EventsPiper Sandler 37th Annual Healthcare ConferenceDecember ,ESTListen to webcastChardan&#;s 9th Annual Genetic Medicines ConferenceOctober ,Li",
    "link": "https://investors.camp4tx.com/events/event-details/piper-sandler-37th-annual-healthcare-conference",
    "timestamp": "unknown"
  },
  {
    "title": "Past EventsPiper Sandler 37th Annual Healthcare ConferenceDecember ,ESTListen to webcastChardan&#;s 9th Annual Genetic Medicines ConferenceOctober ,Li",
    "link": "https://investors.camp4tx.com/events/event-details/piper-sandler-37th-annual-healthcare-conference",
    "timestamp": "unknown"
  },
  {
    "title": "Past EventsPiper Sandler 37th Annual Healthcare ConferenceDecember ,ESTListen to webcastChardan&#;s 9th Annual Genetic Medicines ConferenceOctober ,Li",
    "link": "https://investors.camp4tx.com/events/event-details/piper-sandler-37th-annual-healthcare-conference",
    "timestamp": "unknown"
  },
  {
    "title": "Piper Sandler 37th Annual Healthcare ConferenceDecember ,ESTListen to webcastChardan&#;s 9th Annual Genetic Medicines ConferenceOctober ,Listen to web",
    "link": "https://investors.camp4tx.com/events/event-details/piper-sandler-37th-annual-healthcare-conference",
    "timestamp": "unknown"
  },
  {
    "title": "Piper Sandler 37th Annual Healthcare ConferenceDecember ,ESTListen to webcastChardan&#;s 9th Annual Genetic Medicines ConferenceOctober ,Listen to web",
    "link": "https://investors.camp4tx.com/events/event-details/piper-sandler-37th-annual-healthcare-conference",
    "timestamp": "unknown"
  },
  {
    "title": "Piper Sandler 37th Annual Healthcare ConferenceDecember ,ESTListen to webcast",
    "link": "https://investors.camp4tx.com/events/event-details/piper-sandler-37th-annual-healthcare-conference",
    "timestamp": "unknown"
  },
  {
    "title": "Piper Sandler 37th Annual Healthcare ConferenceDecember ,ESTListen to webcast",
    "link": "https://investors.camp4tx.com/events/event-details/piper-sandler-37th-annual-healthcare-conference",
    "timestamp": "unknown"
  },
  {
    "title": "Piper Sandler 37th Annual Healthcare ConferenceDecember ,EST",
    "link": "https://investors.camp4tx.com/events/event-details/piper-sandler-37th-annual-healthcare-conference",
    "timestamp": "unknown"
  },
  {
    "title": "Piper Sandler 37th Annual Healthcare ConferenceDecember ,EST",
    "link": "https://investors.camp4tx.com/events/event-details/piper-sandler-37th-annual-healthcare-conference",
    "timestamp": "unknown"
  },
  {
    "title": "Piper Sandler 37th Annual Healthcare ConferenceDecember ,EST",
    "link": "https://investors.camp4tx.com/events/event-details/piper-sandler-37th-annual-healthcare-conference",
    "timestamp": "unknown"
  },
  {
    "title": "Piper Sandler 37th Annual Healthcare ConferenceDecember ,EST",
    "link": "https://investors.camp4tx.com/events/event-details/piper-sandler-37th-annual-healthcare-conference",
    "timestamp": "unknown"
  },
  {
    "title": "Piper Sandler 37th Annual Healthcare Conference",
    "link": "https://investors.camp4tx.com/events/event-details/piper-sandler-37th-annual-healthcare-conference",
    "timestamp": "unknown"
  },
  {
    "title": "Piper Sandler 37th Annual Healthcare Conference",
    "link": "https://investors.camp4tx.com/events/event-details/piper-sandler-37th-annual-healthcare-conference",
    "timestamp": "unknown"
  },
  {
    "title": "Piper Sandler 37th Annual Healthcare Conference",
    "link": "https://investors.camp4tx.com/events/event-details/piper-sandler-37th-annual-healthcare-conference",
    "timestamp": "unknown"
  },
  {
    "title": "Listen to webcast",
    "link": "https://event.webcasts.com/starthere.jsp?ei=&tp_key=f60a37d698",
    "timestamp": "unknown"
  },
  {
    "title": "Listen to webcast",
    "link": "https://event.webcasts.com/starthere.jsp?ei=&tp_key=f60a37d698",
    "timestamp": "unknown"
  },
  {
    "title": "Listen to webcast",
    "link": "https://event.webcasts.com/starthere.jsp?ei=&tp_key=f60a37d698",
    "timestamp": "unknown"
  },
  {
    "title": "Listen to webcast",
    "link": "https://event.webcasts.com/starthere.jsp?ei=&tp_key=f60a37d698",
    "timestamp": "unknown"
  },
  {
    "title": "Chardan&#;s 9th Annual Genetic Medicines ConferenceOctober ,Listen to webcast",
    "link": "https://investors.camp4tx.com/events/event-details/chardans-9th-annual-genetic-medicines-conference",
    "timestamp": "unknown"
  },
  {
    "title": "Chardan&#;s 9th Annual Genetic Medicines ConferenceOctober ,Listen to webcast",
    "link": "https://investors.camp4tx.com/events/event-details/chardans-9th-annual-genetic-medicines-conference",
    "timestamp": "unknown"
  },
  {
    "title": "Chardan&#;s 9th Annual Genetic Medicines ConferenceOctober ,",
    "link": "https://investors.camp4tx.com/events/event-details/chardans-9th-annual-genetic-medicines-conference",
    "timestamp": "unknown"
  },
  {
    "title": "Chardan&#;s 9th Annual Genetic Medicines ConferenceOctober ,",
    "link": "https://investors.camp4tx.com/events/event-details/chardans-9th-annual-genetic-medicines-conference",
    "timestamp": "unknown"
  },
  {
    "title": "Chardan&#;s 9th Annual Genetic Medicines ConferenceOctober ,",
    "link": "https://investors.camp4tx.com/events/event-details/chardans-9th-annual-genetic-medicines-conference",
    "timestamp": "unknown"
  },
  {
    "title": "Chardan&#;s 9th Annual Genetic Medicines ConferenceOctober ,",
    "link": "https://investors.camp4tx.com/events/event-details/chardans-9th-annual-genetic-medicines-conference",
    "timestamp": "unknown"
  },
  {
    "title": "Chardan&#;s 9th Annual Genetic Medicines Conference",
    "link": "https://investors.camp4tx.com/events/event-details/chardans-9th-annual-genetic-medicines-conference",
    "timestamp": "unknown"
  },
  {
    "title": "Chardan&#;s 9th Annual Genetic Medicines Conference",
    "link": "https://investors.camp4tx.com/events/event-details/chardans-9th-annual-genetic-medicines-conference",
    "timestamp": "unknown"
  },
  {
    "title": "Chardan&#;s 9th Annual Genetic Medicines Conference",
    "link": "https://investors.camp4tx.com/events/event-details/chardans-9th-annual-genetic-medicines-conference",
    "timestamp": "unknown"
  },
  {
    "title": "Listen to webcast",
    "link": "https://wsw.com/webcast/chard21/panel9/",
    "timestamp": "unknown"
  },
  {
    "title": "Listen to webcast",
    "link": "https://wsw.com/webcast/chard21/panel9/",
    "timestamp": "unknown"
  },
  {
    "title": "Listen to webcast",
    "link": "https://wsw.com/webcast/chard21/panel9/",
    "timestamp": "unknown"
  },
  {
    "title": "Listen to webcast",
    "link": "https://wsw.com/webcast/chard21/panel9/",
    "timestamp": "unknown"
  },
  {
    "title": "Cantor Global Healthcare ConferenceSeptember ,Listen to webcast",
    "link": "https://investors.camp4tx.com/events/event-details/cantor-global-healthcare-conference-",
    "timestamp": "unknown"
  },
  {
    "title": "Cantor Global Healthcare ConferenceSeptember ,Listen to webcast",
    "link": "https://investors.camp4tx.com/events/event-details/cantor-global-healthcare-conference-",
    "timestamp": "unknown"
  },
  {
    "title": "Cantor Global Healthcare ConferenceSeptember ,",
    "link": "https://investors.camp4tx.com/events/event-details/cantor-global-healthcare-conference-",
    "timestamp": "unknown"
  },
  {
    "title": "Cantor Global Healthcare ConferenceSeptember ,",
    "link": "https://investors.camp4tx.com/events/event-details/cantor-global-healthcare-conference-",
    "timestamp": "unknown"
  },
  {
    "title": "Cantor Global Healthcare ConferenceSeptember ,",
    "link": "https://investors.camp4tx.com/events/event-details/cantor-global-healthcare-conference-",
    "timestamp": "unknown"
  },
  {
    "title": "Cantor Global Healthcare ConferenceSeptember ,",
    "link": "https://investors.camp4tx.com/events/event-details/cantor-global-healthcare-conference-",
    "timestamp": "unknown"
  },
  {
    "title": "Cantor Global Healthcare Conference",
    "link": "https://investors.camp4tx.com/events/event-details/cantor-global-healthcare-conference-",
    "timestamp": "unknown"
  },
  {
    "title": "Cantor Global Healthcare Conference",
    "link": "https://investors.camp4tx.com/events/event-details/cantor-global-healthcare-conference-",
    "timestamp": "unknown"
  },
  {
    "title": "Cantor Global Healthcare Conference",
    "link": "https://investors.camp4tx.com/events/event-details/cantor-global-healthcare-conference-",
    "timestamp": "unknown"
  },
  {
    "title": "Listen to webcast",
    "link": "https://sqps.onstreamsecure.com/origin/enliven/players/EnlivenPlayer.html?customerId=&eventId=&checkCompany=&checkEmail=&checkName=",
    "timestamp": "unknown"
  },
  {
    "title": "Listen to webcast",
    "link": "https://sqps.onstreamsecure.com/origin/enliven/players/EnlivenPlayer.html?customerId=&eventId=&checkCompany=&checkEmail=&checkName=",
    "timestamp": "unknown"
  },
  {
    "title": "Listen to webcast",
    "link": "https://sqps.onstreamsecure.com/origin/enliven/players/EnlivenPlayer.html?customerId=&eventId=&checkCompany=&checkEmail=&checkName=",
    "timestamp": "unknown"
  },
  {
    "title": "Listen to webcast",
    "link": "https://sqps.onstreamsecure.com/origin/enliven/players/EnlivenPlayer.html?customerId=&eventId=&checkCompany=&checkEmail=&checkName=",
    "timestamp": "unknown"
  },
  {
    "title": "Annual Meeting of StockholdersJune ,Listen to webcast",
    "link": "https://investors.camp4tx.com/events/event-details/-annual-meeting-stockholders",
    "timestamp": "unknown"
  },
  {
    "title": "Annual Meeting of StockholdersJune ,Listen to webcast",
    "link": "https://investors.camp4tx.com/events/event-details/-annual-meeting-stockholders",
    "timestamp": "unknown"
  },
  {
    "title": "Annual Meeting of StockholdersJune ,",
    "link": "https://investors.camp4tx.com/events/event-details/-annual-meeting-stockholders",
    "timestamp": "unknown"
  },
  {
    "title": "Annual Meeting of StockholdersJune ,",
    "link": "https://investors.camp4tx.com/events/event-details/-annual-meeting-stockholders",
    "timestamp": "unknown"
  },
  {
    "title": "Annual Meeting of StockholdersJune ,",
    "link": "https://investors.camp4tx.com/events/event-details/-annual-meeting-stockholders",
    "timestamp": "unknown"
  },
  {
    "title": "Annual Meeting of StockholdersJune ,",
    "link": "https://investors.camp4tx.com/events/event-details/-annual-meeting-stockholders",
    "timestamp": "unknown"
  },
  {
    "title": "Annual Meeting of Stockholders",
    "link": "https://investors.camp4tx.com/events/event-details/-annual-meeting-stockholders",
    "timestamp": "unknown"
  },
  {
    "title": "Annual Meeting of Stockholders",
    "link": "https://investors.camp4tx.com/events/event-details/-annual-meeting-stockholders",
    "timestamp": "unknown"
  },
  {
    "title": "Annual Meeting of Stockholders",
    "link": "https://investors.camp4tx.com/events/event-details/-annual-meeting-stockholders",
    "timestamp": "unknown"
  },
  {
    "title": "Listen to webcast",
    "link": "https://www.virtualshareholdermeeting.com/CAMP2025",
    "timestamp": "unknown"
  },
  {
    "title": "Listen to webcast",
    "link": "https://www.virtualshareholdermeeting.com/CAMP2025",
    "timestamp": "unknown"
  },
  {
    "title": "Listen to webcast",
    "link": "https://www.virtualshareholdermeeting.com/CAMP2025",
    "timestamp": "unknown"
  },
  {
    "title": "Listen to webcast",
    "link": "https://www.virtualshareholdermeeting.com/CAMP2025",
    "timestamp": "unknown"
  },
  {
    "title": "28th Annual American Society of Gene and Cell Therapy (ASGCT) MeetingMay ,",
    "link": "https://investors.camp4tx.com/events/event-details/28th-annual-american-society-gene-and-cell-therapy-asgct-meeting",
    "timestamp": "unknown"
  },
  {
    "title": "28th Annual American Society of Gene and Cell Therapy (ASGCT) MeetingMay ,",
    "link": "https://investors.camp4tx.com/events/event-details/28th-annual-american-society-gene-and-cell-therapy-asgct-meeting",
    "timestamp": "unknown"
  },
  {
    "title": "28th Annual American Society of Gene and Cell Therapy (ASGCT) MeetingMay ,",
    "link": "https://investors.camp4tx.com/events/event-details/28th-annual-american-society-gene-and-cell-therapy-asgct-meeting",
    "timestamp": "unknown"
  },
  {
    "title": "28th Annual American Society of Gene and Cell Therapy (ASGCT) MeetingMay ,",
    "link": "https://investors.camp4tx.com/events/event-details/28th-annual-american-society-gene-and-cell-therapy-asgct-meeting",
    "timestamp": "unknown"
  },
  {
    "title": "28th Annual American Society of Gene and Cell Therapy (ASGCT) MeetingMay ,",
    "link": "https://investors.camp4tx.com/events/event-details/28th-annual-american-society-gene-and-cell-therapy-asgct-meeting",
    "timestamp": "unknown"
  },
  {
    "title": "28th Annual American Society of Gene and Cell Therapy (ASGCT) MeetingMay ,",
    "link": "https://investors.camp4tx.com/events/event-details/28th-annual-american-society-gene-and-cell-therapy-asgct-meeting",
    "timestamp": "unknown"
  },
  {
    "title": "28th Annual American Society of Gene and Cell Therapy (ASGCT) Meeting",
    "link": "https://investors.camp4tx.com/events/event-details/28th-annual-american-society-gene-and-cell-therapy-asgct-meeting",
    "timestamp": "unknown"
  },
  {
    "title": "28th Annual American Society of Gene and Cell Therapy (ASGCT) Meeting",
    "link": "https://investors.camp4tx.com/events/event-details/28th-annual-american-society-gene-and-cell-therapy-asgct-meeting",
    "timestamp": "unknown"
  },
  {
    "title": "28th Annual American Society of Gene and Cell Therapy (ASGCT) Meeting",
    "link": "https://investors.camp4tx.com/events/event-details/28th-annual-american-society-gene-and-cell-therapy-asgct-meeting",
    "timestamp": "unknown"
  },
  {
    "title": "24th Annual Needham Virtual Healthcare ConferenceApril ,EDTListen to webcast",
    "link": "https://investors.camp4tx.com/events/event-details/24th-annual-needham-virtual-healthcare-conference",
    "timestamp": "unknown"
  },
  {
    "title": "24th Annual Needham Virtual Healthcare ConferenceApril ,EDTListen to webcast",
    "link": "https://investors.camp4tx.com/events/event-details/24th-annual-needham-virtual-healthcare-conference",
    "timestamp": "unknown"
  },
  {
    "title": "24th Annual Needham Virtual Healthcare ConferenceApril ,EDT",
    "link": "https://investors.camp4tx.com/events/event-details/24th-annual-needham-virtual-healthcare-conference",
    "timestamp": "unknown"
  },
  {
    "title": "24th Annual Needham Virtual Healthcare ConferenceApril ,EDT",
    "link": "https://investors.camp4tx.com/events/event-details/24th-annual-needham-virtual-healthcare-conference",
    "timestamp": "unknown"
  },
  {
    "title": "24th Annual Needham Virtual Healthcare ConferenceApril ,EDT",
    "link": "https://investors.camp4tx.com/events/event-details/24th-annual-needham-virtual-healthcare-conference",
    "timestamp": "unknown"
  },
  {
    "title": "24th Annual Needham Virtual Healthcare ConferenceApril ,EDT",
    "link": "https://investors.camp4tx.com/events/event-details/24th-annual-needham-virtual-healthcare-conference",
    "timestamp": "unknown"
  },
  {
    "title": "24th Annual Needham Virtual Healthcare Conference",
    "link": "https://investors.camp4tx.com/events/event-details/24th-annual-needham-virtual-healthcare-conference",
    "timestamp": "unknown"
  },
  {
    "title": "24th Annual Needham Virtual Healthcare Conference",
    "link": "https://investors.camp4tx.com/events/event-details/24th-annual-needham-virtual-healthcare-conference",
    "timestamp": "unknown"
  },
  {
    "title": "24th Annual Needham Virtual Healthcare Conference",
    "link": "https://investors.camp4tx.com/events/event-details/24th-annual-needham-virtual-healthcare-conference",
    "timestamp": "unknown"
  },
  {
    "title": "Listen to webcast",
    "link": "https://wsw.com/webcast/needham146/camp4/",
    "timestamp": "unknown"
  },
  {
    "title": "Listen to webcast",
    "link": "https://wsw.com/webcast/needham146/camp4/",
    "timestamp": "unknown"
  },
  {
    "title": "Listen to webcast",
    "link": "https://wsw.com/webcast/needham146/camp4/",
    "timestamp": "unknown"
  },
  {
    "title": "Listen to webcast",
    "link": "https://wsw.com/webcast/needham146/camp4/",
    "timestamp": "unknown"
  },
  {
    "title": "Barclays 27th Annual Global Healthcare ConferenceMarch ,",
    "link": "https://investors.camp4tx.com/events/event-details/barclays-27th-annual-global-healthcare-conference",
    "timestamp": "unknown"
  },
  {
    "title": "Barclays 27th Annual Global Healthcare ConferenceMarch ,",
    "link": "https://investors.camp4tx.com/events/event-details/barclays-27th-annual-global-healthcare-conference",
    "timestamp": "unknown"
  },
  {
    "title": "Barclays 27th Annual Global Healthcare ConferenceMarch ,",
    "link": "https://investors.camp4tx.com/events/event-details/barclays-27th-annual-global-healthcare-conference",
    "timestamp": "unknown"
  },
  {
    "title": "Barclays 27th Annual Global Healthcare ConferenceMarch ,",
    "link": "https://investors.camp4tx.com/events/event-details/barclays-27th-annual-global-healthcare-conference",
    "timestamp": "unknown"
  },
  {
    "title": "Barclays 27th Annual Global Healthcare ConferenceMarch ,",
    "link": "https://investors.camp4tx.com/events/event-details/barclays-27th-annual-global-healthcare-conference",
    "timestamp": "unknown"
  },
  {
    "title": "Barclays 27th Annual Global Healthcare ConferenceMarch ,",
    "link": "https://investors.camp4tx.com/events/event-details/barclays-27th-annual-global-healthcare-conference",
    "timestamp": "unknown"
  },
  {
    "title": "Barclays 27th Annual Global Healthcare Conference",
    "link": "https://investors.camp4tx.com/events/event-details/barclays-27th-annual-global-healthcare-conference",
    "timestamp": "unknown"
  },
  {
    "title": "Barclays 27th Annual Global Healthcare Conference",
    "link": "https://investors.camp4tx.com/events/event-details/barclays-27th-annual-global-healthcare-conference",
    "timestamp": "unknown"
  },
  {
    "title": "Barclays 27th Annual Global Healthcare Conference",
    "link": "https://investors.camp4tx.com/events/event-details/barclays-27th-annual-global-healthcare-conference",
    "timestamp": "unknown"
  },
  {
    "title": "Leerink Partners Global Healthcare ConferenceMarch ,EDTListen to webcast",
    "link": "https://investors.camp4tx.com/events/event-details/leerink-partners-global-healthcare-conference",
    "timestamp": "unknown"
  },
  {
    "title": "Leerink Partners Global Healthcare ConferenceMarch ,EDTListen to webcast",
    "link": "https://investors.camp4tx.com/events/event-details/leerink-partners-global-healthcare-conference",
    "timestamp": "unknown"
  },
  {
    "title": "Leerink Partners Global Healthcare ConferenceMarch ,EDT",
    "link": "https://investors.camp4tx.com/events/event-details/leerink-partners-global-healthcare-conference",
    "timestamp": "unknown"
  },
  {
    "title": "Leerink Partners Global Healthcare ConferenceMarch ,EDT",
    "link": "https://investors.camp4tx.com/events/event-details/leerink-partners-global-healthcare-conference",
    "timestamp": "unknown"
  },
  {
    "title": "Leerink Partners Global Healthcare ConferenceMarch ,EDT",
    "link": "https://investors.camp4tx.com/events/event-details/leerink-partners-global-healthcare-conference",
    "timestamp": "unknown"
  },
  {
    "title": "Leerink Partners Global Healthcare ConferenceMarch ,EDT",
    "link": "https://investors.camp4tx.com/events/event-details/leerink-partners-global-healthcare-conference",
    "timestamp": "unknown"
  },
  {
    "title": "Leerink Partners Global Healthcare Conference",
    "link": "https://investors.camp4tx.com/events/event-details/leerink-partners-global-healthcare-conference",
    "timestamp": "unknown"
  },
  {
    "title": "Leerink Partners Global Healthcare Conference",
    "link": "https://investors.camp4tx.com/events/event-details/leerink-partners-global-healthcare-conference",
    "timestamp": "unknown"
  },
  {
    "title": "Leerink Partners Global Healthcare Conference",
    "link": "https://investors.camp4tx.com/events/event-details/leerink-partners-global-healthcare-conference",
    "timestamp": "unknown"
  },
  {
    "title": "Listen to webcast",
    "link": "https://wsw.com/webcast/leerink38/register.aspx?conf=leerink38&page=camp4&url=https%3A//wsw.com/webcast/leerink38/camp4/",
    "timestamp": "unknown"
  },
  {
    "title": "Listen to webcast",
    "link": "https://wsw.com/webcast/leerink38/register.aspx?conf=leerink38&page=camp4&url=https%3A//wsw.com/webcast/leerink38/camp4/",
    "timestamp": "unknown"
  },
  {
    "title": "Listen to webcast",
    "link": "https://wsw.com/webcast/leerink38/register.aspx?conf=leerink38&page=camp4&url=https%3A//wsw.com/webcast/leerink38/camp4/",
    "timestamp": "unknown"
  },
  {
    "title": "Listen to webcast",
    "link": "https://wsw.com/webcast/leerink38/register.aspx?conf=leerink38&page=camp4&url=https%3A//wsw.com/webcast/leerink38/camp4/",
    "timestamp": "unknown"
  },
  {
    "title": "Oppenheimer\u2019s 35th Annual Healthcare Life Sciences ConferenceFebruary ,ESTListen to webcast",
    "link": "https://investors.camp4tx.com/events/event-details/oppenheimers-35th-annual-healthcare-life-sciences-conference",
    "timestamp": "unknown"
  },
  {
    "title": "Oppenheimer\u2019s 35th Annual Healthcare Life Sciences ConferenceFebruary ,ESTListen to webcast",
    "link": "https://investors.camp4tx.com/events/event-details/oppenheimers-35th-annual-healthcare-life-sciences-conference",
    "timestamp": "unknown"
  },
  {
    "title": "Oppenheimer\u2019s 35th Annual Healthcare Life Sciences ConferenceFebruary ,EST",
    "link": "https://investors.camp4tx.com/events/event-details/oppenheimers-35th-annual-healthcare-life-sciences-conference",
    "timestamp": "unknown"
  },
  {
    "title": "Oppenheimer\u2019s 35th Annual Healthcare Life Sciences ConferenceFebruary ,EST",
    "link": "https://investors.camp4tx.com/events/event-details/oppenheimers-35th-annual-healthcare-life-sciences-conference",
    "timestamp": "unknown"
  },
  {
    "title": "Oppenheimer\u2019s 35th Annual Healthcare Life Sciences ConferenceFebruary ,EST",
    "link": "https://investors.camp4tx.com/events/event-details/oppenheimers-35th-annual-healthcare-life-sciences-conference",
    "timestamp": "unknown"
  },
  {
    "title": "Oppenheimer\u2019s 35th Annual Healthcare Life Sciences ConferenceFebruary ,EST",
    "link": "https://investors.camp4tx.com/events/event-details/oppenheimers-35th-annual-healthcare-life-sciences-conference",
    "timestamp": "unknown"
  },
  {
    "title": "Oppenheimer\u2019s 35th Annual Healthcare Life Sciences Conference",
    "link": "https://investors.camp4tx.com/events/event-details/oppenheimers-35th-annual-healthcare-life-sciences-conference",
    "timestamp": "unknown"
  },
  {
    "title": "Oppenheimer\u2019s 35th Annual Healthcare Life Sciences Conference",
    "link": "https://investors.camp4tx.com/events/event-details/oppenheimers-35th-annual-healthcare-life-sciences-conference",
    "timestamp": "unknown"
  },
  {
    "title": "Oppenheimer\u2019s 35th Annual Healthcare Life Sciences Conference",
    "link": "https://investors.camp4tx.com/events/event-details/oppenheimers-35th-annual-healthcare-life-sciences-conference",
    "timestamp": "unknown"
  },
  {
    "title": "Listen to webcast",
    "link": "https://wsw.com/webcast/oppenheimer39/register.aspx?conf=oppenheimer39&page=camp4&url=https%3A//wsw.com/webcast/oppenheimer39/camp4/",
    "timestamp": "unknown"
  },
  {
    "title": "Listen to webcast",
    "link": "https://wsw.com/webcast/oppenheimer39/register.aspx?conf=oppenheimer39&page=camp4&url=https%3A//wsw.com/webcast/oppenheimer39/camp4/",
    "timestamp": "unknown"
  },
  {
    "title": "Listen to webcast",
    "link": "https://wsw.com/webcast/oppenheimer39/register.aspx?conf=oppenheimer39&page=camp4&url=https%3A//wsw.com/webcast/oppenheimer39/camp4/",
    "timestamp": "unknown"
  },
  {
    "title": "Listen to webcast",
    "link": "https://wsw.com/webcast/oppenheimer39/register.aspx?conf=oppenheimer39&page=camp4&url=https%3A//wsw.com/webcast/oppenheimer39/camp4/",
    "timestamp": "unknown"
  },
  {
    "title": "43rd Annual J.P. Morgan Healthcare ConferenceJanuary ,ESTListen to webcast",
    "link": "https://investors.camp4tx.com/events/event-details/jpm-conference",
    "timestamp": "unknown"
  },
  {
    "title": "43rd Annual J.P. Morgan Healthcare ConferenceJanuary ,ESTListen to webcast",
    "link": "https://investors.camp4tx.com/events/event-details/jpm-conference",
    "timestamp": "unknown"
  },
  {
    "title": "43rd Annual J.P. Morgan Healthcare ConferenceJanuary ,EST",
    "link": "https://investors.camp4tx.com/events/event-details/jpm-conference",
    "timestamp": "unknown"
  },
  {
    "title": "43rd Annual J.P. Morgan Healthcare ConferenceJanuary ,EST",
    "link": "https://investors.camp4tx.com/events/event-details/jpm-conference",
    "timestamp": "unknown"
  },
  {
    "title": "43rd Annual J.P. Morgan Healthcare ConferenceJanuary ,EST",
    "link": "https://investors.camp4tx.com/events/event-details/jpm-conference",
    "timestamp": "unknown"
  },
  {
    "title": "43rd Annual J.P. Morgan Healthcare ConferenceJanuary ,EST",
    "link": "https://investors.camp4tx.com/events/event-details/jpm-conference",
    "timestamp": "unknown"
  },
  {
    "title": "43rd Annual J.P. Morgan Healthcare Conference",
    "link": "https://investors.camp4tx.com/events/event-details/jpm-conference",
    "timestamp": "unknown"
  },
  {
    "title": "43rd Annual J.P. Morgan Healthcare Conference",
    "link": "https://investors.camp4tx.com/events/event-details/jpm-conference",
    "timestamp": "unknown"
  },
  {
    "title": "43rd Annual J.P. Morgan Healthcare Conference",
    "link": "https://investors.camp4tx.com/events/event-details/jpm-conference",
    "timestamp": "unknown"
  },
  {
    "title": "Listen to webcast",
    "link": "https://jpmorgan.metameetings.net/events/healthcare25/sessions/-camp4-therapeutics/webcast?gpu_only=true&kiosk=true",
    "timestamp": "unknown"
  },
  {
    "title": "Listen to webcast",
    "link": "https://jpmorgan.metameetings.net/events/healthcare25/sessions/-camp4-therapeutics/webcast?gpu_only=true&kiosk=true",
    "timestamp": "unknown"
  },
  {
    "title": "Listen to webcast",
    "link": "https://jpmorgan.metameetings.net/events/healthcare25/sessions/-camp4-therapeutics/webcast?gpu_only=true&kiosk=true",
    "timestamp": "unknown"
  },
  {
    "title": "Listen to webcast",
    "link": "https://jpmorgan.metameetings.net/events/healthcare25/sessions/-camp4-therapeutics/webcast?gpu_only=true&kiosk=true",
    "timestamp": "unknown"
  },
  {
    "title": "Piper Sandler 36th Annual Healthcare ConferenceDecember ,ESTListen to webcast",
    "link": "https://investors.camp4tx.com/events/event-details/piper-sandler-36th-annual-healthcare-conference",
    "timestamp": "unknown"
  },
  {
    "title": "Piper Sandler 36th Annual Healthcare ConferenceDecember ,ESTListen to webcast",
    "link": "https://investors.camp4tx.com/events/event-details/piper-sandler-36th-annual-healthcare-conference",
    "timestamp": "unknown"
  },
  {
    "title": "Piper Sandler 36th Annual Healthcare ConferenceDecember ,EST",
    "link": "https://investors.camp4tx.com/events/event-details/piper-sandler-36th-annual-healthcare-conference",
    "timestamp": "unknown"
  },
  {
    "title": "Piper Sandler 36th Annual Healthcare ConferenceDecember ,EST",
    "link": "https://investors.camp4tx.com/events/event-details/piper-sandler-36th-annual-healthcare-conference",
    "timestamp": "unknown"
  },
  {
    "title": "Piper Sandler 36th Annual Healthcare ConferenceDecember ,EST",
    "link": "https://investors.camp4tx.com/events/event-details/piper-sandler-36th-annual-healthcare-conference",
    "timestamp": "unknown"
  },
  {
    "title": "Piper Sandler 36th Annual Healthcare ConferenceDecember ,EST",
    "link": "https://investors.camp4tx.com/events/event-details/piper-sandler-36th-annual-healthcare-conference",
    "timestamp": "unknown"
  },
  {
    "title": "Piper Sandler 36th Annual Healthcare Conference",
    "link": "https://investors.camp4tx.com/events/event-details/piper-sandler-36th-annual-healthcare-conference",
    "timestamp": "unknown"
  },
  {
    "title": "Piper Sandler 36th Annual Healthcare Conference",
    "link": "https://investors.camp4tx.com/events/event-details/piper-sandler-36th-annual-healthcare-conference",
    "timestamp": "unknown"
  },
  {
    "title": "Piper Sandler 36th Annual Healthcare Conference",
    "link": "https://investors.camp4tx.com/events/event-details/piper-sandler-36th-annual-healthcare-conference",
    "timestamp": "unknown"
  },
  {
    "title": "Listen to webcast",
    "link": "https://event.webcasts.com/starthere.jsp?ei=&tp_key=cbcbffc84c",
    "timestamp": "unknown"
  },
  {
    "title": "Listen to webcast",
    "link": "https://event.webcasts.com/starthere.jsp?ei=&tp_key=cbcbffc84c",
    "timestamp": "unknown"
  },
  {
    "title": "Listen to webcast",
    "link": "https://event.webcasts.com/starthere.jsp?ei=&tp_key=cbcbffc84c",
    "timestamp": "unknown"
  },
  {
    "title": "Listen to webcast",
    "link": "https://event.webcasts.com/starthere.jsp?ei=&tp_key=cbcbffc84c",
    "timestamp": "unknown"
  },
  {
    "title": "Investor ContactSara Michelmoredraftssara@milestone-advisorsllc.comSubscribe to our Email AlertsEmail Address*RequiredSubmit",
    "link": "mailto:sara@milestone-advisorsllc.com",
    "timestamp": "unknown"
  },
  {
    "title": "Investor ContactSara Michelmoredraftssara@milestone-advisorsllc.comSubscribe to our Email AlertsEmail Address*RequiredSubmit",
    "link": "mailto:sara@milestone-advisorsllc.com",
    "timestamp": "unknown"
  },
  {
    "title": "Investor ContactSara Michelmoredraftssara@milestone-advisorsllc.comSubscribe to our Email AlertsEmail Address*RequiredSubmit",
    "link": "mailto:sara@milestone-advisorsllc.com",
    "timestamp": "unknown"
  },
  {
    "title": "Investor ContactSara Michelmoredraftssara@milestone-advisorsllc.com",
    "link": "mailto:sara@milestone-advisorsllc.com",
    "timestamp": "unknown"
  },
  {
    "title": "Investor ContactSara Michelmoredraftssara@milestone-advisorsllc.com",
    "link": "mailto:sara@milestone-advisorsllc.com",
    "timestamp": "unknown"
  },
  {
    "title": "Investor ContactSara Michelmoredraftssara@milestone-advisorsllc.com",
    "link": "mailto:sara@milestone-advisorsllc.com",
    "timestamp": "unknown"
  },
  {
    "title": "Investor ContactSara Michelmoredraftssara@milestone-advisorsllc.com",
    "link": "mailto:sara@milestone-advisorsllc.com",
    "timestamp": "unknown"
  },
  {
    "title": "Investor ContactSara Michelmoredraftssara@milestone-advisorsllc.com",
    "link": "mailto:sara@milestone-advisorsllc.com",
    "timestamp": "unknown"
  },
  {
    "title": "draftssara@milestone-advisorsllc.com",
    "link": "mailto:sara@milestone-advisorsllc.com",
    "timestamp": "unknown"
  },
  {
    "title": "COPYRIGHT \u00a9 CAMP4 TherapeuticsPrivacy PolicyTerms of UseContact Us",
    "link": "https://www.camp4tx.com/privacy-policy/",
    "timestamp": "unknown"
  },
  {
    "title": "COPYRIGHT \u00a9 CAMP4 TherapeuticsPrivacy PolicyTerms of UseContact Us",
    "link": "https://www.camp4tx.com/privacy-policy/",
    "timestamp": "unknown"
  },
  {
    "title": "COPYRIGHT \u00a9 CAMP4 TherapeuticsPrivacy PolicyTerms of UseContact Us",
    "link": "https://www.camp4tx.com/privacy-policy/",
    "timestamp": "unknown"
  },
  {
    "title": "Privacy Policy",
    "link": "https://www.camp4tx.com/privacy-policy/",
    "timestamp": "unknown"
  },
  {
    "title": "Terms of Use",
    "link": "https://www.camp4tx.com/terms-of-use/",
    "timestamp": "unknown"
  },
  {
    "title": "Contact Us",
    "link": "https://www.camp4tx.com/contact-us/",
    "timestamp": "unknown"
  }
]