[
  {
    "title": "PipelineAbout UsPlatformNewsJoin UsContact UsEikon Therapeutics Announces the Election of David W. Meline to its Board of DirectorsMILLBRAE, Calif. \u2013 ",
    "link": "https://www.eikontx.com/",
    "timestamp": "unknown"
  },
  {
    "title": "PipelineAbout UsPlatformNewsJoin UsContact Us",
    "link": "https://www.eikontx.com/",
    "timestamp": "unknown"
  },
  {
    "title": "PipelineAbout UsPlatformNewsJoin UsContact Us",
    "link": "https://www.eikontx.com/pipeline/",
    "timestamp": "unknown"
  },
  {
    "title": "PipelineAbout UsPlatformNewsJoin UsContact Us",
    "link": "https://www.eikontx.com/pipeline/",
    "timestamp": "unknown"
  },
  {
    "title": "Pipeline",
    "link": "https://www.eikontx.com/pipeline/",
    "timestamp": "unknown"
  },
  {
    "title": "About Us",
    "link": "https://www.eikontx.com/about-us/",
    "timestamp": "unknown"
  },
  {
    "title": "Platform",
    "link": "https://www.eikontx.com/platform/",
    "timestamp": "unknown"
  },
  {
    "title": "News",
    "link": "https://www.eikontx.com/news/",
    "timestamp": "unknown"
  },
  {
    "title": "Join Us",
    "link": "https://www.eikontx.com/join-us/",
    "timestamp": "unknown"
  },
  {
    "title": "Contact Us",
    "link": "https://www.eikontx.com/contact/",
    "timestamp": "unknown"
  },
  {
    "title": "Eikon Therapeutics Announces the Election of David W. Meline to its Board of DirectorsMILLBRAE, Calif. \u2013 December ,  \u2013\u00a0Eikon Therapeutics, Inc., a lat",
    "link": "https://www.eikontx.com/news/eikon-therapeutics-announces-the-election-of-david-w-meline-to-its-board-of-directors/",
    "timestamp": "unknown"
  },
  {
    "title": "Eikon Therapeutics Announces the Election of David W. Meline to its Board of DirectorsMILLBRAE, Calif. \u2013 December ,  \u2013\u00a0Eikon Therapeutics, Inc., a lat",
    "link": "https://www.eikontx.com/news/eikon-therapeutics-announces-the-election-of-david-w-meline-to-its-board-of-directors/",
    "timestamp": "unknown"
  },
  {
    "title": "Eikon Therapeutics Announces the Election of David W. Meline to its Board of DirectorsMILLBRAE, Calif. \u2013 December ,  \u2013\u00a0Eikon Therapeutics, Inc., a lat",
    "link": "https://www.eikontx.com/news/eikon-therapeutics-announces-the-election-of-david-w-meline-to-its-board-of-directors/",
    "timestamp": "unknown"
  },
  {
    "title": "Eikon Therapeutics Announces the Election of David W. Meline to its Board of DirectorsMILLBRAE, Calif. \u2013 December ,  \u2013\u00a0Eikon Therapeutics, Inc., a lat",
    "link": "https://www.eikontx.com/news/eikon-therapeutics-announces-the-election-of-david-w-meline-to-its-board-of-directors/",
    "timestamp": "unknown"
  },
  {
    "title": "Eikon Therapeutics Announces the Election of David W. Meline to its Board of DirectorsMILLBRAE, Calif. \u2013 December ,  \u2013\u00a0Eikon Therapeutics, Inc., a lat",
    "link": "https://www.eikontx.com/news/eikon-therapeutics-announces-the-election-of-david-w-meline-to-its-board-of-directors/",
    "timestamp": "unknown"
  },
  {
    "title": "Eikon Therapeutics to Present New Phase  Data on EIK1001 in First-Line Non-Small Cell Lung Cancer at ESMOMILLBRAE, Calif. \u2013 October ,  \u2013\u00a0Eikon Therape",
    "link": "https://www.eikontx.com/news/eikon-therapeutics-to-present-new-phase--data-on-eik1001-in-first-line-non-small-cell-lung-cancer-at-esmo-/",
    "timestamp": "unknown"
  },
  {
    "title": "Eikon Therapeutics to Present New Phase  Data on EIK1001 in First-Line Non-Small Cell Lung Cancer at ESMOMILLBRAE, Calif. \u2013 October ,  \u2013\u00a0Eikon Therape",
    "link": "https://www.eikontx.com/news/eikon-therapeutics-to-present-new-phase--data-on-eik1001-in-first-line-non-small-cell-lung-cancer-at-esmo-/",
    "timestamp": "unknown"
  },
  {
    "title": "Eikon Therapeutics to Share Clinical Data and Program Updates at the  ASCO Annual meetingMILLBRAE, Calif. and CHICAGO \u2014 May ,  \u2014 Eikon Therapeutics, I",
    "link": "https://www.eikontx.com/news/eikon-therapeutics-to-share-clinical-data-and-program-updates-at-the--asco-annual-meeting/",
    "timestamp": "unknown"
  },
  {
    "title": "Eikon Therapeutics to Share Clinical Data and Program Updates at the  ASCO Annual meetingMILLBRAE, Calif. and CHICAGO \u2014 May ,  \u2014 Eikon Therapeutics, I",
    "link": "https://www.eikontx.com/news/eikon-therapeutics-to-share-clinical-data-and-program-updates-at-the--asco-annual-meeting/",
    "timestamp": "unknown"
  },
  {
    "title": "Identification of EIK1004 (IMP17307) | AACR  Poster PresentationRead More",
    "link": "https://www.eikontx.com/news/identification-of-eik1004-imp17307-aacr--poster-presentation/",
    "timestamp": "unknown"
  },
  {
    "title": "Identification of EIK1004 (IMP17307) | AACR  Poster PresentationRead More",
    "link": "https://www.eikontx.com/news/identification-of-eik1004-imp17307-aacr--poster-presentation/",
    "timestamp": "unknown"
  },
  {
    "title": "Eikon Therapeutics Secures $. Million Series D to Advance Clinical-Stage Programs and Future PipelineHAYWARD, Calif. \u2013 February ,  \u2013 Eikon Therapeutic",
    "link": "https://www.eikontx.com/news/eikon-therapeutics-secures---million-series-d-to-advance-clinical-stage-programs-and-future-pipeline/",
    "timestamp": "unknown"
  },
  {
    "title": "Eikon Therapeutics Secures $. Million Series D to Advance Clinical-Stage Programs and Future PipelineHAYWARD, Calif. \u2013 February ,  \u2013 Eikon Therapeutic",
    "link": "https://www.eikontx.com/news/eikon-therapeutics-secures---million-series-d-to-advance-clinical-stage-programs-and-future-pipeline/",
    "timestamp": "unknown"
  },
  {
    "title": "Oblique line scan illumination enables expansive, accurate and sensitive single-protein measurements in solution and in living cellsRead More",
    "link": "https://www.eikontx.com/news/oblique-line-scan-illumination-enables-expansive-accurate-and-sensitive-single-protein-measurements-in-solution-and-in-living-cells/",
    "timestamp": "unknown"
  },
  {
    "title": "Oblique line scan illumination enables expansive, accurate and sensitive single-protein measurements in solution and in living cellsRead More",
    "link": "https://www.eikontx.com/news/oblique-line-scan-illumination-enables-expansive-accurate-and-sensitive-single-protein-measurements-in-solution-and-in-living-cells/",
    "timestamp": "unknown"
  },
  {
    "title": "Eikon Therapeutics Announces Nature Methods Publication Highlighting its Pioneering Oblique Line Scan TechnologyHAYWARD, CA \u2013 February ,  \u2013 Eikon Ther",
    "link": "https://www.eikontx.com/news/eikon-therapeutics-announces-nature-methods-publication-highlighting-its-pioneering-oblique-line-scan-technology/",
    "timestamp": "unknown"
  },
  {
    "title": "Eikon Therapeutics Announces Nature Methods Publication Highlighting its Pioneering Oblique Line Scan TechnologyHAYWARD, CA \u2013 February ,  \u2013 Eikon Ther",
    "link": "https://www.eikontx.com/news/eikon-therapeutics-announces-nature-methods-publication-highlighting-its-pioneering-oblique-line-scan-technology/",
    "timestamp": "unknown"
  },
  {
    "title": "Eikon Therapeutics to Present at the 43rd Annual J.P. Morgan Healthcare ConferenceHAYWARD, Calif., January ,  \u2013 Eikon Therapeutics, Inc., a pioneering",
    "link": "https://www.eikontx.com/news/eikon-therapeutics-to-present-at-the-43rd-annual-j-p-morgan-healthcare-conference/",
    "timestamp": "unknown"
  },
  {
    "title": "Eikon Therapeutics to Present at the 43rd Annual J.P. Morgan Healthcare ConferenceHAYWARD, Calif., January ,  \u2013 Eikon Therapeutics, Inc., a pioneering",
    "link": "https://www.eikontx.com/news/eikon-therapeutics-to-present-at-the-43rd-annual-j-p-morgan-healthcare-conference/",
    "timestamp": "unknown"
  },
  {
    "title": "Eikon Therapeutics Announces Appointment of Michael Klobuchar as Chief Operating OfficerHAYWARD, CA \u2013 November ,  \u2013\u00a0Eikon Therapeutics, Inc., a pionee",
    "link": "https://www.eikontx.com/news/eikon-therapeutics-announces-appointment-of-michael-klobuchar-as-chief-operating-officer/",
    "timestamp": "unknown"
  },
  {
    "title": "Eikon Therapeutics Announces Appointment of Michael Klobuchar as Chief Operating OfficerHAYWARD, CA \u2013 November ,  \u2013\u00a0Eikon Therapeutics, Inc., a pionee",
    "link": "https://www.eikontx.com/news/eikon-therapeutics-announces-appointment-of-michael-klobuchar-as-chief-operating-officer/",
    "timestamp": "unknown"
  },
  {
    "title": "Discovery and Development of EIK1003, a Potent and Selective PARP1 Inhibitor | EORTC  Poster PresentationRead More",
    "link": "https://www.eikontx.com/news/eortc-/",
    "timestamp": "unknown"
  },
  {
    "title": "Discovery and Development of EIK1003, a Potent and Selective PARP1 Inhibitor | EORTC  Poster PresentationRead More",
    "link": "https://www.eikontx.com/news/eortc-/",
    "timestamp": "unknown"
  },
  {
    "title": "Eikon Therapeutics Management to Present at the Morgan Stanley 22nd Annual Global Healthcare ConferenceHAYWARD, Calif. \u2014 August ,  \u2014 Eikon Therapeutic",
    "link": "https://www.eikontx.com/news/eikon-therapeutics-management-to-present-at-the-morgan-stanley-22nd-annual-global-healthcare-conference/",
    "timestamp": "unknown"
  },
  {
    "title": "Eikon Therapeutics Management to Present at the Morgan Stanley 22nd Annual Global Healthcare ConferenceHAYWARD, Calif. \u2014 August ,  \u2014 Eikon Therapeutic",
    "link": "https://www.eikontx.com/news/eikon-therapeutics-management-to-present-at-the-morgan-stanley-22nd-annual-global-healthcare-conference/",
    "timestamp": "unknown"
  },
  {
    "title": "SPT-derived estrogen receptor dynamics predicts therapeutic effects in clinical compounds | CSHL Poster PresentationRead More",
    "link": "https://www.eikontx.com/news/spt-derived-estrogen-receptor-dynamics-predicts-therapeutic-effects-in-clinical-compounds-cshl-poster-presentation/",
    "timestamp": "unknown"
  },
  {
    "title": "SPT-derived estrogen receptor dynamics predicts therapeutic effects in clinical compounds | CSHL Poster PresentationRead More",
    "link": "https://www.eikontx.com/news/spt-derived-estrogen-receptor-dynamics-predicts-therapeutic-effects-in-clinical-compounds-cshl-poster-presentation/",
    "timestamp": "unknown"
  },
  {
    "title": "WRN inhibition leads to its chromatin-associated degradation via the PIAS4-RNF4-p97/VCP axisSynthetic lethality provides an attractive strategy for de",
    "link": "https://www.eikontx.com/news/wrn-inhibition-leads-to-its-chromatin-associated-degradation-via-the-pias4-rnf4-p97-vcp-axis/",
    "timestamp": "unknown"
  },
  {
    "title": "WRN inhibition leads to its chromatin-associated degradation via the PIAS4-RNF4-p97/VCP axisSynthetic lethality provides an attractive strategy for de",
    "link": "https://www.eikontx.com/news/wrn-inhibition-leads-to-its-chromatin-associated-degradation-via-the-pias4-rnf4-p97-vcp-axis/",
    "timestamp": "unknown"
  },
  {
    "title": "Eikon Therapeutics to Present at the 45th Annual Goldman Sachs Global Healthcare ConferenceHAYWARD, Calif. \u2013 June ,  &#; Eikon Therapeutics, Inc., a p",
    "link": "https://www.eikontx.com/news/eikon-therapeutics-to-present-at-the-45th-annual-goldman-sachs-global-healthcare-conference/",
    "timestamp": "unknown"
  },
  {
    "title": "Eikon Therapeutics to Present at the 45th Annual Goldman Sachs Global Healthcare ConferenceHAYWARD, Calif. \u2013 June ,  &#; Eikon Therapeutics, Inc., a p",
    "link": "https://www.eikontx.com/news/eikon-therapeutics-to-present-at-the-45th-annual-goldman-sachs-global-healthcare-conference/",
    "timestamp": "unknown"
  },
  {
    "title": "Optimized Properties and Synthesis of Photoactivatable Diazoketorhodamines Facilitate and Enhance High-Throughput Single-Molecule TrackingPhotoactivat",
    "link": "https://www.eikontx.com/news/optimized-properties-and-synthesis-of-photoactivatable-diazoketorhodamines-facilitate-and-enhance-high-throughput-single-molecule-tracking/",
    "timestamp": "unknown"
  },
  {
    "title": "Optimized Properties and Synthesis of Photoactivatable Diazoketorhodamines Facilitate and Enhance High-Throughput Single-Molecule TrackingPhotoactivat",
    "link": "https://www.eikontx.com/news/optimized-properties-and-synthesis-of-photoactivatable-diazoketorhodamines-facilitate-and-enhance-high-throughput-single-molecule-tracking/",
    "timestamp": "unknown"
  },
  {
    "title": "Eikon Therapeutics Announces Multiple Abstracts to be Presented at the American Society of Clinical Oncology (ASCO) Annual MeetingHAYWARD, Calif. \u2013 MA",
    "link": "https://www.eikontx.com/news/eikon-therapeutics-announces-multiple-abstracts-to-be-presented-at-the-american-society-of-clinical-oncology-asco-annual-meeting/",
    "timestamp": "unknown"
  },
  {
    "title": "Eikon Therapeutics Announces Multiple Abstracts to be Presented at the American Society of Clinical Oncology (ASCO) Annual MeetingHAYWARD, Calif. \u2013 MA",
    "link": "https://www.eikontx.com/news/eikon-therapeutics-announces-multiple-abstracts-to-be-presented-at-the-american-society-of-clinical-oncology-asco-annual-meeting/",
    "timestamp": "unknown"
  },
  {
    "title": "A high-throughput platform for single-molecule tracking identifies drug interaction and cellular mechanismsThe regulation of cell physiology depends l",
    "link": "https://www.eikontx.com/news/a-high-throughput-platform-for-single-molecule-tracking-identifies-drug-interaction-and-cellular-mechanisms/",
    "timestamp": "unknown"
  },
  {
    "title": "A high-throughput platform for single-molecule tracking identifies drug interaction and cellular mechanismsThe regulation of cell physiology depends l",
    "link": "https://www.eikontx.com/news/a-high-throughput-platform-for-single-molecule-tracking-identifies-drug-interaction-and-cellular-mechanisms/",
    "timestamp": "unknown"
  },
  {
    "title": "High Throughput SMT Provides Insight Across Diverse Areas of Cell Biology | CSHL  Poster PresentationRead More",
    "link": "https://www.eikontx.com/news/cshl-/",
    "timestamp": "unknown"
  },
  {
    "title": "High Throughput SMT Provides Insight Across Diverse Areas of Cell Biology | CSHL  Poster PresentationRead More",
    "link": "https://www.eikontx.com/news/cshl-/",
    "timestamp": "unknown"
  },
  {
    "title": "Eikon Therapeutics Presents Pharmacokinetic/Biomarker Analysis of the Toll-Like Receptor  and  (TLR7/) Agonist EIK1001 at the Annual Meeting of the Am",
    "link": "https://www.eikontx.com/news/eikon-therapeutics-presents-pharmacokinetic-biomarker-analysis-of-the-toll-like-receptor--and--tlr7--agonist-eik1001-at-the-annual-meeting-of-the-american-association-for-cancer-research/",
    "timestamp": "unknown"
  },
  {
    "title": "Eikon Therapeutics Presents Pharmacokinetic/Biomarker Analysis of the Toll-Like Receptor  and  (TLR7/) Agonist EIK1001 at the Annual Meeting of the Am",
    "link": "https://www.eikontx.com/news/eikon-therapeutics-presents-pharmacokinetic-biomarker-analysis-of-the-toll-like-receptor--and--tlr7--agonist-eik1001-at-the-annual-meeting-of-the-american-association-for-cancer-research/",
    "timestamp": "unknown"
  },
  {
    "title": "Eikon Therapeutics to Provide Corporate Updates at the 42nd Annual J.P. Morgan Healthcare ConferenceHAYWARD, Calif. \u2013 JANUARY ,  \u2013 Eikon Therapeutics,",
    "link": "https://www.eikontx.com/news/eikon-therapeutics-to-provide-corporate-updates-at-the-42nd-annual-j-p-morgan-healthcare-conference/",
    "timestamp": "unknown"
  },
  {
    "title": "Eikon Therapeutics to Provide Corporate Updates at the 42nd Annual J.P. Morgan Healthcare ConferenceHAYWARD, Calif. \u2013 JANUARY ,  \u2013 Eikon Therapeutics,",
    "link": "https://www.eikontx.com/news/eikon-therapeutics-to-provide-corporate-updates-at-the-42nd-annual-j-p-morgan-healthcare-conference/",
    "timestamp": "unknown"
  },
  {
    "title": "Exclusive: Roger Perlmutter on the biggest problem in Big Pharma, leaving Merck, and building EikonAfter Roger Perlmutter stepped down as Merck\u2019s head",
    "link": "https://www.eikontx.com/news/exclusive-roger-perlmutter-on-the-biggest-problem-in-big-pharma-leaving-merck-and-building-eikon/",
    "timestamp": "unknown"
  },
  {
    "title": "Exclusive: Roger Perlmutter on the biggest problem in Big Pharma, leaving Merck, and building EikonAfter Roger Perlmutter stepped down as Merck\u2019s head",
    "link": "https://www.eikontx.com/news/exclusive-roger-perlmutter-on-the-biggest-problem-in-big-pharma-leaving-merck-and-building-eikon/",
    "timestamp": "unknown"
  },
  {
    "title": "Roger Perlmutter lights up the biological dark, building a new pharma force in Eikon and its superpowered microscopesThe company\u2019s audacious goal is n",
    "link": "https://www.eikontx.com/news/roger-perlmutter-lights-up-the-biological-dark-building-a-new-pharma-force-in-eikon-and-its-superpowered-microscopes/",
    "timestamp": "unknown"
  },
  {
    "title": "Roger Perlmutter lights up the biological dark, building a new pharma force in Eikon and its superpowered microscopesThe company\u2019s audacious goal is n",
    "link": "https://www.eikontx.com/news/roger-perlmutter-lights-up-the-biological-dark-building-a-new-pharma-force-in-eikon-and-its-superpowered-microscopes/",
    "timestamp": "unknown"
  },
  {
    "title": "Eikon Therapeutics to Present at the 42nd Annual J.P. Morgan Healthcare ConferenceHAYWARD, Calif. \u2013\u00a0Eikon Therapeutics, Inc., a pioneering biotechnolo",
    "link": "https://www.eikontx.com/news/eikon-therapeutics-to-present-at-the-42nd-annual-j-p-morgan-healthcare-conference/",
    "timestamp": "unknown"
  },
  {
    "title": "Eikon Therapeutics to Present at the 42nd Annual J.P. Morgan Healthcare ConferenceHAYWARD, Calif. \u2013\u00a0Eikon Therapeutics, Inc., a pioneering biotechnolo",
    "link": "https://www.eikontx.com/news/eikon-therapeutics-to-present-at-the-42nd-annual-j-p-morgan-healthcare-conference/",
    "timestamp": "unknown"
  },
  {
    "title": "Eikon Therapeutics Announces the Election of Robert L. Huffines to its Board of DirectorsEikon Therapeutics, Inc., a pioneering biotechnology company ",
    "link": "https://www.eikontx.com/news/eikon-therapeutics-announces-the-election-of-robert-l-huffines-to-its-board-of-directors/",
    "timestamp": "unknown"
  },
  {
    "title": "Eikon Therapeutics Announces the Election of Robert L. Huffines to its Board of DirectorsEikon Therapeutics, Inc., a pioneering biotechnology company ",
    "link": "https://www.eikontx.com/news/eikon-therapeutics-announces-the-election-of-robert-l-huffines-to-its-board-of-directors/",
    "timestamp": "unknown"
  },
  {
    "title": "Eikon Therapeutics Announces Business Update Highlighting Pipeline and Clinical Development Progress\u200dHAYWARD, Calif. \u2013\u00a0Eikon Therapeutics, Inc., which",
    "link": "https://www.eikontx.com/news/eikon-therapeutics-announces-business-update-highlighting-pipeline-and-clinical-development-progress/",
    "timestamp": "unknown"
  },
  {
    "title": "Eikon Therapeutics Announces Business Update Highlighting Pipeline and Clinical Development Progress\u200dHAYWARD, Calif. \u2013\u00a0Eikon Therapeutics, Inc., which",
    "link": "https://www.eikontx.com/news/eikon-therapeutics-announces-business-update-highlighting-pipeline-and-clinical-development-progress/",
    "timestamp": "unknown"
  },
  {
    "title": "Eikon Therapeutics Acquires Global Rights to Clinical-Stage Assets and Announces Emerging Drug Development PipelineHAYWARD, Calif.\u00a0\u2013 Eikon Therapeutic",
    "link": "https://www.eikontx.com/news/eikon-therapeutics-acquires-global-rights-to-clinical-stage-assets-and-announces-emerging-drug-development-pipeline/",
    "timestamp": "unknown"
  },
  {
    "title": "Eikon Therapeutics Acquires Global Rights to Clinical-Stage Assets and Announces Emerging Drug Development PipelineHAYWARD, Calif.\u00a0\u2013 Eikon Therapeutic",
    "link": "https://www.eikontx.com/news/eikon-therapeutics-acquires-global-rights-to-clinical-stage-assets-and-announces-emerging-drug-development-pipeline/",
    "timestamp": "unknown"
  },
  {
    "title": "Eikon Therapeutics Builds Leading Clinical Development Organization with Appointment of Senior Team with Extensive Industry ExpertiseHAYWARD, Calif.\u00a0&",
    "link": "https://www.eikontx.com/news/eikon-therapeutics-builds-leading-clinical-development-organization-with-appointment-of-senior-team-with-extensive-industry-expertise/",
    "timestamp": "unknown"
  },
  {
    "title": "Eikon Therapeutics Builds Leading Clinical Development Organization with Appointment of Senior Team with Extensive Industry ExpertiseHAYWARD, Calif.\u00a0&",
    "link": "https://www.eikontx.com/news/eikon-therapeutics-builds-leading-clinical-development-organization-with-appointment-of-senior-team-with-extensive-industry-expertise/",
    "timestamp": "unknown"
  },
  {
    "title": "Nucleolar localization using Machine-Learning-based inference and segmentation for SMT | BPS Poster PresentationRead More",
    "link": "https://www.eikontx.com/news/nucleolar-localization-using-machine-learning-based-inference-and-segmentation-for-smt-bps-poster-presentation/",
    "timestamp": "unknown"
  },
  {
    "title": "Nucleolar localization using Machine-Learning-based inference and segmentation for SMT | BPS Poster PresentationRead More",
    "link": "https://www.eikontx.com/news/nucleolar-localization-using-machine-learning-based-inference-and-segmentation-for-smt-bps-poster-presentation/",
    "timestamp": "unknown"
  },
  {
    "title": "Recruitment fraud noticeJob applicants should be aware of a current job offer scam perpetrated through using the Internet. The scammers frequently mis",
    "link": "https://www.eikontx.com/news/recruitment-fraud-notice/",
    "timestamp": "unknown"
  },
  {
    "title": "Recruitment fraud noticeJob applicants should be aware of a current job offer scam perpetrated through using the Internet. The scammers frequently mis",
    "link": "https://www.eikontx.com/news/recruitment-fraud-notice/",
    "timestamp": "unknown"
  },
  {
    "title": "Eikon Therapeutics Expands its Discovery Labs with Second Location in Hayward, CaliforniaHAYWARD, Calif. &#; Today, Eikon Therapeutics officially open",
    "link": "https://www.eikontx.com/news/eikon-therapeutics-expands-its-discovery-labs-with-second-location-in-hayward-california/",
    "timestamp": "unknown"
  },
  {
    "title": "Eikon Therapeutics Expands its Discovery Labs with Second Location in Hayward, CaliforniaHAYWARD, Calif. &#; Today, Eikon Therapeutics officially open",
    "link": "https://www.eikontx.com/news/eikon-therapeutics-expands-its-discovery-labs-with-second-location-in-hayward-california/",
    "timestamp": "unknown"
  },
  {
    "title": "Harriet Tubman WayMillbrae, CAEast 29th StNew York, NY2nd St, 4th FloorJersey City, NJeikon therapeutics \u00a9Privacy Policy",
    "link": "https://www.eikontx.com/",
    "timestamp": "unknown"
  },
  {
    "title": "Harriet Tubman WayMillbrae, CAEast 29th StNew York, NY2nd St, 4th FloorJersey City, NJ",
    "link": "https://www.eikontx.com/",
    "timestamp": "unknown"
  },
  {
    "title": "Harriet Tubman WayMillbrae, CAEast 29th StNew York, NY2nd St, 4th FloorJersey City, NJ",
    "link": "https://www.google.com/maps/search/+Harriet+Tubman+Way+Millbrae,+California+/@.,-.,14z?entry=ttu&g_ep=EgoyMDI0MTEyNC4xIKXMDSoASAFQAw%3D%3D",
    "timestamp": "unknown"
  },
  {
    "title": "Harriet Tubman WayMillbrae, CA",
    "link": "https://www.google.com/maps/search/+Harriet+Tubman+Way+Millbrae,+California+/@.,-.,14z?entry=ttu&g_ep=EgoyMDI0MTEyNC4xIKXMDSoASAFQAw%3D%3D",
    "timestamp": "unknown"
  },
  {
    "title": "Harriet Tubman WayMillbrae, CA",
    "link": "https://www.google.com/maps/search/+Harriet+Tubman+Way+Millbrae,+California+/@.,-.,14z?entry=ttu&g_ep=EgoyMDI0MTEyNC4xIKXMDSoASAFQAw%3D%3D",
    "timestamp": "unknown"
  },
  {
    "title": "East 29th StNew York, NY2nd St, 4th FloorJersey City, NJ",
    "link": "https://maps.app.goo.gl/h9AAL45RJBsE4FGe6",
    "timestamp": "unknown"
  },
  {
    "title": "East 29th StNew York, NY",
    "link": "https://maps.app.goo.gl/h9AAL45RJBsE4FGe6",
    "timestamp": "unknown"
  },
  {
    "title": "2nd St, 4th FloorJersey City, NJ",
    "link": "https://www.google.com/maps/place/+Second+Street+at+Harborside/@.,-.,.99z/data=!3m1!5s0x89c250aaef2a1d93:0xb58872dd2aa39063!4m14!1m7!3m6!1s0x89c250ab1dd4c445:0xa2dc98267751fe7e!2s3+2nd+St+4th+Floor,+Jersey+City,+NJ+!3b1!8m2!3d40.!4d-.!3m5!1s0x89c251d2346d6973:0xccb917d0db721ce9!8m2!3d40.!4d-.!16s%2Fg%2F11ghft01d8?entry=ttu&g_ep=EgoyMDI1MDEyNi4wIKXMDSoASAFQAw%3D%3D",
    "timestamp": "unknown"
  },
  {
    "title": "eikon therapeutics \u00a9Privacy Policy",
    "link": "https://www.eikontx.com/privacy-policy/",
    "timestamp": "unknown"
  },
  {
    "title": "eikon therapeutics \u00a9Privacy Policy",
    "link": "https://www.eikontx.com/privacy-policy/",
    "timestamp": "unknown"
  },
  {
    "title": "Privacy Policy",
    "link": "https://www.eikontx.com/privacy-policy/",
    "timestamp": "unknown"
  },
  {
    "title": "Privacy Policy",
    "link": "https://www.eikontx.com/privacy-policy/",
    "timestamp": "unknown"
  }
]