[
  {
    "title": "Scroll TopMenuCloseAbout usOverviewLeadership TeamBoard of DirectorsClinical Advisory BoardPartnersCareersScience and TechnologyPlatform TechnologySci",
    "link": "https://gaintherapeutics.com/investors-media/sec-filings/#page",
    "timestamp": "unknown"
  },
  {
    "title": "MenuCloseAbout usOverviewLeadership TeamBoard of DirectorsClinical Advisory BoardPartnersCareersScience and TechnologyPlatform TechnologySciencePoster",
    "link": "https://gaintherapeutics.com/",
    "timestamp": "unknown"
  },
  {
    "title": "MenuCloseAbout usOverviewLeadership TeamBoard of DirectorsClinical Advisory BoardPartnersCareersScience and TechnologyPlatform TechnologySciencePoster",
    "link": "https://gaintherapeutics.com/",
    "timestamp": "unknown"
  },
  {
    "title": "MenuCloseAbout usOverviewLeadership TeamBoard of DirectorsClinical Advisory BoardPartnersCareersScience and TechnologyPlatform TechnologySciencePoster",
    "link": "https://gaintherapeutics.com/",
    "timestamp": "unknown"
  },
  {
    "title": "MenuCloseAbout usOverviewLeadership TeamBoard of DirectorsClinical Advisory BoardPartnersCareersScience and TechnologyPlatform TechnologySciencePoster",
    "link": "https://gaintherapeutics.com/",
    "timestamp": "unknown"
  },
  {
    "title": "MenuCloseAbout usOverviewLeadership TeamBoard of DirectorsClinical Advisory BoardPartnersCareersScience and TechnologyPlatform TechnologySciencePoster",
    "link": "https://gaintherapeutics.com/",
    "timestamp": "unknown"
  },
  {
    "title": "MenuCloseAbout usOverviewLeadership TeamBoard of DirectorsClinical Advisory BoardPartnersCareersScience and TechnologyPlatform TechnologySciencePoster",
    "link": "https://gaintherapeutics.com/",
    "timestamp": "unknown"
  },
  {
    "title": "MenuCloseAbout usOverviewLeadership TeamBoard of DirectorsClinical Advisory BoardPartnersCareersScience and TechnologyPlatform TechnologySciencePoster",
    "link": "https://gaintherapeutics.com/",
    "timestamp": "unknown"
  },
  {
    "title": "MenuCloseAbout usOverviewLeadership TeamBoard of DirectorsClinical Advisory BoardPartnersCareersScience and TechnologyPlatform TechnologySciencePoster",
    "link": "https://gaintherapeutics.com/",
    "timestamp": "unknown"
  },
  {
    "title": "MenuCloseAbout usOverviewLeadership TeamBoard of DirectorsClinical Advisory BoardPartnersCareersScience and TechnologyPlatform TechnologySciencePoster",
    "link": "https://gaintherapeutics.com/",
    "timestamp": "unknown"
  },
  {
    "title": "MenuCloseAbout usOverviewLeadership TeamBoard of DirectorsClinical Advisory BoardPartnersCareersScience and TechnologyPlatform TechnologySciencePoster",
    "link": "https://gaintherapeutics.com/",
    "timestamp": "unknown"
  },
  {
    "title": "MenuCloseAbout usOverviewLeadership TeamBoard of DirectorsClinical Advisory BoardPartnersCareersScience and TechnologyPlatform TechnologySciencePoster",
    "link": "https://gaintherapeutics.com/about-us/",
    "timestamp": "unknown"
  },
  {
    "title": "MenuCloseAbout usOverviewLeadership TeamBoard of DirectorsClinical Advisory BoardPartnersCareersScience and TechnologyPlatform TechnologySciencePoster",
    "link": "https://gaintherapeutics.com/about-us/",
    "timestamp": "unknown"
  },
  {
    "title": "MenuCloseAbout usOverviewLeadership TeamBoard of DirectorsClinical Advisory BoardPartnersCareersScience and TechnologyPlatform TechnologySciencePoster",
    "link": "https://gaintherapeutics.com/about-us/",
    "timestamp": "unknown"
  },
  {
    "title": "About usOverviewLeadership TeamBoard of DirectorsClinical Advisory BoardPartnersCareersScience and TechnologyPlatform TechnologySciencePostersPublicat",
    "link": "https://gaintherapeutics.com/about-us/",
    "timestamp": "unknown"
  },
  {
    "title": "About usOverviewLeadership TeamBoard of DirectorsClinical Advisory BoardPartnersCareersScience and TechnologyPlatform TechnologySciencePostersPublicat",
    "link": "https://gaintherapeutics.com/about-us/",
    "timestamp": "unknown"
  },
  {
    "title": "About usOverviewLeadership TeamBoard of DirectorsClinical Advisory BoardPartnersCareersScience and TechnologyPlatform TechnologySciencePostersPublicat",
    "link": "https://gaintherapeutics.com/about-us/",
    "timestamp": "unknown"
  },
  {
    "title": "About usOverviewLeadership TeamBoard of DirectorsClinical Advisory BoardPartnersCareersScience and TechnologyPlatform TechnologySciencePostersPublicat",
    "link": "https://gaintherapeutics.com/about-us/",
    "timestamp": "unknown"
  },
  {
    "title": "About usOverviewLeadership TeamBoard of DirectorsClinical Advisory BoardPartnersCareers",
    "link": "https://gaintherapeutics.com/about-us/",
    "timestamp": "unknown"
  },
  {
    "title": "Overview",
    "link": "https://gaintherapeutics.com/about-us#overview",
    "timestamp": "unknown"
  },
  {
    "title": "Leadership Team",
    "link": "https://gaintherapeutics.com/about-us#leadership",
    "timestamp": "unknown"
  },
  {
    "title": "Board of Directors",
    "link": "https://gaintherapeutics.com/about-us#board-of-directors",
    "timestamp": "unknown"
  },
  {
    "title": "Clinical Advisory Board",
    "link": "https://gaintherapeutics.com/about-us#scientific-advisory",
    "timestamp": "unknown"
  },
  {
    "title": "Partners",
    "link": "https://gaintherapeutics.com/about-us#partners",
    "timestamp": "unknown"
  },
  {
    "title": "Careers",
    "link": "https://gaintherapeutics.com/careers/",
    "timestamp": "unknown"
  },
  {
    "title": "Science and TechnologyPlatform TechnologySciencePostersPublications",
    "link": "https://gaintherapeutics.com/science-and-technology/platform-technology",
    "timestamp": "unknown"
  },
  {
    "title": "Platform Technology",
    "link": "https://gaintherapeutics.com/science-and-technology/platform-technology/",
    "timestamp": "unknown"
  },
  {
    "title": "Science",
    "link": "https://gaintherapeutics.com/science-and-technology/science/",
    "timestamp": "unknown"
  },
  {
    "title": "Posters",
    "link": "https://gaintherapeutics.com/science-and-technology/posters/",
    "timestamp": "unknown"
  },
  {
    "title": "Publications",
    "link": "https://gaintherapeutics.com/science-and-technology/publications/",
    "timestamp": "unknown"
  },
  {
    "title": "Pipeline",
    "link": "https://gaintherapeutics.com/pipeline/",
    "timestamp": "unknown"
  },
  {
    "title": "Investors & MediaOverviewNews & EventsStock InformationAnalyst CoverageInvestor ResourcesSEC FilingsGovernance Documents",
    "link": "https://gaintherapeutics.com/investors-media/overview/",
    "timestamp": "unknown"
  },
  {
    "title": "Overview",
    "link": "https://gaintherapeutics.com/investors-media/overview/",
    "timestamp": "unknown"
  },
  {
    "title": "News & Events",
    "link": "https://gaintherapeutics.com/investors-media/news-events/",
    "timestamp": "unknown"
  },
  {
    "title": "Stock Information",
    "link": "https://gaintherapeutics.com/investors-media/stock-information/",
    "timestamp": "unknown"
  },
  {
    "title": "Analyst Coverage",
    "link": "https://gaintherapeutics.com/investors-media/analyst-coverage/",
    "timestamp": "unknown"
  },
  {
    "title": "Investor Resources",
    "link": "https://gaintherapeutics.com/investors-media/investor-resources/",
    "timestamp": "unknown"
  },
  {
    "title": "SEC Filings",
    "link": "https://gaintherapeutics.com/investors-media/sec-filings/",
    "timestamp": "unknown"
  },
  {
    "title": "Governance Documents",
    "link": "https://gaintherapeutics.com/investors-media/governance-documents/",
    "timestamp": "unknown"
  },
  {
    "title": "Contact Us",
    "link": "https://gaintherapeutics.com/contact-us/",
    "timestamp": "unknown"
  },
  {
    "title": "PerspectivesEvents and Team InterviewsParkinsonTechnical Articles",
    "link": "https://gaintherapeutics.com/perspectives/",
    "timestamp": "unknown"
  },
  {
    "title": "Events and Team Interviews",
    "link": "https://gaintherapeutics.com/events-and-team-interviews/",
    "timestamp": "unknown"
  },
  {
    "title": "Parkinson",
    "link": "https://gaintherapeutics.com/parkinson-/",
    "timestamp": "unknown"
  },
  {
    "title": "Technical Articles",
    "link": "https://gaintherapeutics.com/technical-articles/",
    "timestamp": "unknown"
  },
  {
    "title": "MenuCloseAbout usOverviewLeadership TeamBoard of DirectorsClinical Advisory BoardPartnersCareersScience and TechnologyPlatform TechnologySciencePoster",
    "link": "https://gaintherapeutics.com/",
    "timestamp": "unknown"
  },
  {
    "title": "MenuCloseAbout usOverviewLeadership TeamBoard of DirectorsClinical Advisory BoardPartnersCareersScience and TechnologyPlatform TechnologySciencePoster",
    "link": "https://gaintherapeutics.com/",
    "timestamp": "unknown"
  },
  {
    "title": "MenuCloseAbout usOverviewLeadership TeamBoard of DirectorsClinical Advisory BoardPartnersCareersScience and TechnologyPlatform TechnologySciencePoster",
    "link": "https://gaintherapeutics.com/",
    "timestamp": "unknown"
  },
  {
    "title": "MenuCloseAbout usOverviewLeadership TeamBoard of DirectorsClinical Advisory BoardPartnersCareersScience and TechnologyPlatform TechnologySciencePoster",
    "link": "https://gaintherapeutics.com/about-us/",
    "timestamp": "unknown"
  },
  {
    "title": "MenuCloseAbout usOverviewLeadership TeamBoard of DirectorsClinical Advisory BoardPartnersCareersScience and TechnologyPlatform TechnologySciencePoster",
    "link": "https://gaintherapeutics.com/about-us/",
    "timestamp": "unknown"
  },
  {
    "title": "MenuCloseAbout usOverviewLeadership TeamBoard of DirectorsClinical Advisory BoardPartnersCareersScience and TechnologyPlatform TechnologySciencePoster",
    "link": "https://gaintherapeutics.com/about-us/",
    "timestamp": "unknown"
  },
  {
    "title": "MenuCloseAbout usOverviewLeadership TeamBoard of DirectorsClinical Advisory BoardPartnersCareersScience and TechnologyPlatform TechnologySciencePoster",
    "link": "https://gaintherapeutics.com/about-us/",
    "timestamp": "unknown"
  },
  {
    "title": "MenuCloseAbout usOverviewLeadership TeamBoard of DirectorsClinical Advisory BoardPartnersCareersScience and TechnologyPlatform TechnologySciencePoster",
    "link": "https://gaintherapeutics.com/about-us/",
    "timestamp": "unknown"
  },
  {
    "title": "About usOverviewLeadership TeamBoard of DirectorsClinical Advisory BoardPartnersCareersScience and TechnologyPlatform TechnologySciencePostersPublicat",
    "link": "https://gaintherapeutics.com/about-us/",
    "timestamp": "unknown"
  },
  {
    "title": "About usOverviewLeadership TeamBoard of DirectorsClinical Advisory BoardPartnersCareersScience and TechnologyPlatform TechnologySciencePostersPublicat",
    "link": "https://gaintherapeutics.com/about-us/",
    "timestamp": "unknown"
  },
  {
    "title": "About usOverviewLeadership TeamBoard of DirectorsClinical Advisory BoardPartnersCareersScience and TechnologyPlatform TechnologySciencePostersPublicat",
    "link": "https://gaintherapeutics.com/about-us/",
    "timestamp": "unknown"
  },
  {
    "title": "About usOverviewLeadership TeamBoard of DirectorsClinical Advisory BoardPartnersCareersScience and TechnologyPlatform TechnologySciencePostersPublicat",
    "link": "https://gaintherapeutics.com/about-us/",
    "timestamp": "unknown"
  },
  {
    "title": "About usOverviewLeadership TeamBoard of DirectorsClinical Advisory BoardPartnersCareers",
    "link": "https://gaintherapeutics.com/about-us/",
    "timestamp": "unknown"
  },
  {
    "title": "Overview",
    "link": "https://gaintherapeutics.com/about-us#overview",
    "timestamp": "unknown"
  },
  {
    "title": "Leadership Team",
    "link": "https://gaintherapeutics.com/about-us#leadership",
    "timestamp": "unknown"
  },
  {
    "title": "Board of Directors",
    "link": "https://gaintherapeutics.com/about-us#board-of-directors",
    "timestamp": "unknown"
  },
  {
    "title": "Clinical Advisory Board",
    "link": "https://gaintherapeutics.com/about-us#scientific-advisory",
    "timestamp": "unknown"
  },
  {
    "title": "Partners",
    "link": "https://gaintherapeutics.com/about-us#partners",
    "timestamp": "unknown"
  },
  {
    "title": "Careers",
    "link": "https://gaintherapeutics.com/careers/",
    "timestamp": "unknown"
  },
  {
    "title": "Science and TechnologyPlatform TechnologySciencePostersPublications",
    "link": "https://gaintherapeutics.com/science-and-technology/platform-technology",
    "timestamp": "unknown"
  },
  {
    "title": "Platform Technology",
    "link": "https://gaintherapeutics.com/science-and-technology/platform-technology/",
    "timestamp": "unknown"
  },
  {
    "title": "Science",
    "link": "https://gaintherapeutics.com/science-and-technology/science/",
    "timestamp": "unknown"
  },
  {
    "title": "Posters",
    "link": "https://gaintherapeutics.com/science-and-technology/posters/",
    "timestamp": "unknown"
  },
  {
    "title": "Publications",
    "link": "https://gaintherapeutics.com/science-and-technology/publications/",
    "timestamp": "unknown"
  },
  {
    "title": "Pipeline",
    "link": "https://gaintherapeutics.com/pipeline/",
    "timestamp": "unknown"
  },
  {
    "title": "Investors & MediaOverviewNews & EventsStock InformationAnalyst CoverageInvestor ResourcesSEC FilingsGovernance Documents",
    "link": "https://gaintherapeutics.com/investors-media/overview/",
    "timestamp": "unknown"
  },
  {
    "title": "Overview",
    "link": "https://gaintherapeutics.com/investors-media/overview/",
    "timestamp": "unknown"
  },
  {
    "title": "News & Events",
    "link": "https://gaintherapeutics.com/investors-media/news-events/",
    "timestamp": "unknown"
  },
  {
    "title": "Stock Information",
    "link": "https://gaintherapeutics.com/investors-media/stock-information/",
    "timestamp": "unknown"
  },
  {
    "title": "Analyst Coverage",
    "link": "https://gaintherapeutics.com/investors-media/analyst-coverage/",
    "timestamp": "unknown"
  },
  {
    "title": "Investor Resources",
    "link": "https://gaintherapeutics.com/investors-media/investor-resources/",
    "timestamp": "unknown"
  },
  {
    "title": "SEC Filings",
    "link": "https://gaintherapeutics.com/investors-media/sec-filings/",
    "timestamp": "unknown"
  },
  {
    "title": "Governance Documents",
    "link": "https://gaintherapeutics.com/investors-media/governance-documents/",
    "timestamp": "unknown"
  },
  {
    "title": "Contact Us",
    "link": "https://gaintherapeutics.com/contact-us/",
    "timestamp": "unknown"
  },
  {
    "title": "PerspectivesEvents and Team InterviewsParkinsonTechnical Articles",
    "link": "https://gaintherapeutics.com/perspectives/",
    "timestamp": "unknown"
  },
  {
    "title": "Events and Team Interviews",
    "link": "https://gaintherapeutics.com/events-and-team-interviews/",
    "timestamp": "unknown"
  },
  {
    "title": "Parkinson",
    "link": "https://gaintherapeutics.com/parkinson-/",
    "timestamp": "unknown"
  },
  {
    "title": "Technical Articles",
    "link": "https://gaintherapeutics.com/technical-articles/",
    "timestamp": "unknown"
  },
  {
    "title": "Home\u00bbInvestors Media\u00bbSEC Filings",
    "link": "https://gaintherapeutics.com/",
    "timestamp": "unknown"
  },
  {
    "title": "Home\u00bbInvestors Media\u00bbSEC Filings",
    "link": "https://gaintherapeutics.com/",
    "timestamp": "unknown"
  },
  {
    "title": "Home\u00bbInvestors Media\u00bbSEC Filings",
    "link": "https://gaintherapeutics.com/",
    "timestamp": "unknown"
  },
  {
    "title": "Home\u00bbInvestors Media\u00bbSEC Filings",
    "link": "https://gaintherapeutics.com/",
    "timestamp": "unknown"
  },
  {
    "title": "Home\u00bbInvestors Media\u00bbSEC Filings",
    "link": "https://gaintherapeutics.com/",
    "timestamp": "unknown"
  },
  {
    "title": "Home\u00bbInvestors Media\u00bbSEC Filings",
    "link": "https://gaintherapeutics.com/",
    "timestamp": "unknown"
  },
  {
    "title": "Home\u00bbInvestors Media\u00bbSEC Filings",
    "link": "https://gaintherapeutics.com/",
    "timestamp": "unknown"
  },
  {
    "title": "Home\u00bbInvestors Media\u00bbSEC Filings",
    "link": "https://gaintherapeutics.com/",
    "timestamp": "unknown"
  },
  {
    "title": "MenuCloseAbout usOverviewLeadership TeamBoard of DirectorsClinical Advisory BoardPartnersCareersScience and TechnologyPlatform TechnologySciencePoster",
    "link": "https://gaintherapeutics.com/",
    "timestamp": "unknown"
  },
  {
    "title": "MenuCloseAbout usOverviewLeadership TeamBoard of DirectorsClinical Advisory BoardPartnersCareersScience and TechnologyPlatform TechnologySciencePoster",
    "link": "https://gaintherapeutics.com/",
    "timestamp": "unknown"
  },
  {
    "title": "MenuCloseAbout usOverviewLeadership TeamBoard of DirectorsClinical Advisory BoardPartnersCareersScience and TechnologyPlatform TechnologySciencePoster",
    "link": "https://gaintherapeutics.com/",
    "timestamp": "unknown"
  },
  {
    "title": "MenuCloseAbout usOverviewLeadership TeamBoard of DirectorsClinical Advisory BoardPartnersCareersScience and TechnologyPlatform TechnologySciencePoster",
    "link": "https://gaintherapeutics.com/",
    "timestamp": "unknown"
  },
  {
    "title": "MenuCloseAbout usOverviewLeadership TeamBoard of DirectorsClinical Advisory BoardPartnersCareersScience and TechnologyPlatform TechnologySciencePoster",
    "link": "https://gaintherapeutics.com/",
    "timestamp": "unknown"
  },
  {
    "title": "MenuCloseAbout usOverviewLeadership TeamBoard of DirectorsClinical Advisory BoardPartnersCareersScience and TechnologyPlatform TechnologySciencePoster",
    "link": "https://gaintherapeutics.com/",
    "timestamp": "unknown"
  },
  {
    "title": "MenuCloseAbout usOverviewLeadership TeamBoard of DirectorsClinical Advisory BoardPartnersCareersScience and TechnologyPlatform TechnologySciencePoster",
    "link": "https://gaintherapeutics.com/",
    "timestamp": "unknown"
  },
  {
    "title": "MenuCloseAbout usOverviewLeadership TeamBoard of DirectorsClinical Advisory BoardPartnersCareersScience and TechnologyPlatform TechnologySciencePoster",
    "link": "https://gaintherapeutics.com/",
    "timestamp": "unknown"
  },
  {
    "title": "MenuCloseAbout usOverviewLeadership TeamBoard of DirectorsClinical Advisory BoardPartnersCareersScience and TechnologyPlatform TechnologySciencePoster",
    "link": "https://gaintherapeutics.com/",
    "timestamp": "unknown"
  },
  {
    "title": "MenuCloseAbout usOverviewLeadership TeamBoard of DirectorsClinical Advisory BoardPartnersCareersScience and TechnologyPlatform TechnologySciencePoster",
    "link": "https://gaintherapeutics.com/",
    "timestamp": "unknown"
  },
  {
    "title": "MenuCloseAbout usOverviewLeadership TeamBoard of DirectorsClinical Advisory BoardPartnersCareersScience and TechnologyPlatform TechnologySciencePoster",
    "link": "https://gaintherapeutics.com/about-us/",
    "timestamp": "unknown"
  },
  {
    "title": "MenuCloseAbout usOverviewLeadership TeamBoard of DirectorsClinical Advisory BoardPartnersCareersScience and TechnologyPlatform TechnologySciencePoster",
    "link": "https://gaintherapeutics.com/about-us/",
    "timestamp": "unknown"
  },
  {
    "title": "MenuCloseAbout usOverviewLeadership TeamBoard of DirectorsClinical Advisory BoardPartnersCareersScience and TechnologyPlatform TechnologySciencePoster",
    "link": "https://gaintherapeutics.com/about-us/",
    "timestamp": "unknown"
  },
  {
    "title": "About usOverviewLeadership TeamBoard of DirectorsClinical Advisory BoardPartnersCareersScience and TechnologyPlatform TechnologySciencePostersPublicat",
    "link": "https://gaintherapeutics.com/about-us/",
    "timestamp": "unknown"
  },
  {
    "title": "About usOverviewLeadership TeamBoard of DirectorsClinical Advisory BoardPartnersCareersScience and TechnologyPlatform TechnologySciencePostersPublicat",
    "link": "https://gaintherapeutics.com/about-us/",
    "timestamp": "unknown"
  },
  {
    "title": "About usOverviewLeadership TeamBoard of DirectorsClinical Advisory BoardPartnersCareersScience and TechnologyPlatform TechnologySciencePostersPublicat",
    "link": "https://gaintherapeutics.com/about-us/",
    "timestamp": "unknown"
  },
  {
    "title": "About usOverviewLeadership TeamBoard of DirectorsClinical Advisory BoardPartnersCareersScience and TechnologyPlatform TechnologySciencePostersPublicat",
    "link": "https://gaintherapeutics.com/about-us/",
    "timestamp": "unknown"
  },
  {
    "title": "About usOverviewLeadership TeamBoard of DirectorsClinical Advisory BoardPartnersCareers",
    "link": "https://gaintherapeutics.com/about-us/",
    "timestamp": "unknown"
  },
  {
    "title": "Overview",
    "link": "https://gaintherapeutics.com/about-us#overview",
    "timestamp": "unknown"
  },
  {
    "title": "Leadership Team",
    "link": "https://gaintherapeutics.com/about-us#leadership",
    "timestamp": "unknown"
  },
  {
    "title": "Board of Directors",
    "link": "https://gaintherapeutics.com/about-us#board-of-directors",
    "timestamp": "unknown"
  },
  {
    "title": "Clinical Advisory Board",
    "link": "https://gaintherapeutics.com/about-us#scientific-advisory",
    "timestamp": "unknown"
  },
  {
    "title": "Partners",
    "link": "https://gaintherapeutics.com/about-us#partners",
    "timestamp": "unknown"
  },
  {
    "title": "Careers",
    "link": "https://gaintherapeutics.com/careers/",
    "timestamp": "unknown"
  },
  {
    "title": "Science and TechnologyPlatform TechnologySciencePostersPublications",
    "link": "https://gaintherapeutics.com/science-and-technology/platform-technology",
    "timestamp": "unknown"
  },
  {
    "title": "Platform Technology",
    "link": "https://gaintherapeutics.com/science-and-technology/platform-technology/",
    "timestamp": "unknown"
  },
  {
    "title": "Science",
    "link": "https://gaintherapeutics.com/science-and-technology/science/",
    "timestamp": "unknown"
  },
  {
    "title": "Posters",
    "link": "https://gaintherapeutics.com/science-and-technology/posters/",
    "timestamp": "unknown"
  },
  {
    "title": "Publications",
    "link": "https://gaintherapeutics.com/science-and-technology/publications/",
    "timestamp": "unknown"
  },
  {
    "title": "Pipeline",
    "link": "https://gaintherapeutics.com/pipeline/",
    "timestamp": "unknown"
  },
  {
    "title": "Investors & MediaOverviewNews & EventsStock InformationAnalyst CoverageInvestor ResourcesSEC FilingsGovernance Documents",
    "link": "https://gaintherapeutics.com/investors-media/overview/",
    "timestamp": "unknown"
  },
  {
    "title": "Overview",
    "link": "https://gaintherapeutics.com/investors-media/overview/",
    "timestamp": "unknown"
  },
  {
    "title": "News & Events",
    "link": "https://gaintherapeutics.com/investors-media/news-events/",
    "timestamp": "unknown"
  },
  {
    "title": "Stock Information",
    "link": "https://gaintherapeutics.com/investors-media/stock-information/",
    "timestamp": "unknown"
  },
  {
    "title": "Analyst Coverage",
    "link": "https://gaintherapeutics.com/investors-media/analyst-coverage/",
    "timestamp": "unknown"
  },
  {
    "title": "Investor Resources",
    "link": "https://gaintherapeutics.com/investors-media/investor-resources/",
    "timestamp": "unknown"
  },
  {
    "title": "SEC Filings",
    "link": "https://gaintherapeutics.com/investors-media/sec-filings/",
    "timestamp": "unknown"
  },
  {
    "title": "Governance Documents",
    "link": "https://gaintherapeutics.com/investors-media/governance-documents/",
    "timestamp": "unknown"
  },
  {
    "title": "Contact Us",
    "link": "https://gaintherapeutics.com/contact-us/",
    "timestamp": "unknown"
  },
  {
    "title": "PerspectivesEvents and Team InterviewsParkinsonTechnical Articles",
    "link": "https://gaintherapeutics.com/perspectives/",
    "timestamp": "unknown"
  },
  {
    "title": "Events and Team Interviews",
    "link": "https://gaintherapeutics.com/events-and-team-interviews/",
    "timestamp": "unknown"
  },
  {
    "title": "Parkinson",
    "link": "https://gaintherapeutics.com/parkinson-/",
    "timestamp": "unknown"
  },
  {
    "title": "Technical Articles",
    "link": "https://gaintherapeutics.com/technical-articles/",
    "timestamp": "unknown"
  },
  {
    "title": "About UsOverviewLeadership TeamBoard of DirectorsScientific Advisory BoardPartnersCareersScience & TechnologyPlatform TechnologySciencePostersPublicat",
    "link": "https://gaintherapeutics.com",
    "timestamp": "unknown"
  },
  {
    "title": "About UsOverviewLeadership TeamBoard of DirectorsScientific Advisory BoardPartnersCareersScience & TechnologyPlatform TechnologySciencePostersPublicat",
    "link": "https://gaintherapeutics.com",
    "timestamp": "unknown"
  },
  {
    "title": "About UsOverviewLeadership TeamBoard of DirectorsScientific Advisory BoardPartnersCareersScience & TechnologyPlatform TechnologySciencePostersPublicat",
    "link": "https://gaintherapeutics.com",
    "timestamp": "unknown"
  },
  {
    "title": "About UsOverviewLeadership TeamBoard of DirectorsScientific Advisory BoardPartnersCareersScience & TechnologyPlatform TechnologySciencePostersPublicat",
    "link": "https://gaintherapeutics.com",
    "timestamp": "unknown"
  },
  {
    "title": "About UsOverviewLeadership TeamBoard of DirectorsScientific Advisory BoardPartnersCareersScience & TechnologyPlatform TechnologySciencePostersPublicat",
    "link": "https://gaintherapeutics.com",
    "timestamp": "unknown"
  },
  {
    "title": "About UsOverviewLeadership TeamBoard of DirectorsScientific Advisory BoardPartnersCareers",
    "link": "https://gaintherapeutics.com/about-us#overview",
    "timestamp": "unknown"
  },
  {
    "title": "About UsOverviewLeadership TeamBoard of DirectorsScientific Advisory BoardPartnersCareers",
    "link": "https://gaintherapeutics.com/about-us#overview",
    "timestamp": "unknown"
  },
  {
    "title": "About UsOverviewLeadership TeamBoard of DirectorsScientific Advisory BoardPartnersCareers",
    "link": "https://gaintherapeutics.com/about-us#overview",
    "timestamp": "unknown"
  },
  {
    "title": "About UsOverviewLeadership TeamBoard of DirectorsScientific Advisory BoardPartnersCareers",
    "link": "https://gaintherapeutics.com/about-us#overview",
    "timestamp": "unknown"
  },
  {
    "title": "About UsOverviewLeadership TeamBoard of DirectorsScientific Advisory BoardPartnersCareers",
    "link": "https://gaintherapeutics.com/about-us#overview",
    "timestamp": "unknown"
  },
  {
    "title": "Overview",
    "link": "https://gaintherapeutics.com/about-us#overview",
    "timestamp": "unknown"
  },
  {
    "title": "Leadership Team",
    "link": "https://gaintherapeutics.com/about-us#leadership",
    "timestamp": "unknown"
  },
  {
    "title": "Board of Directors",
    "link": "https://gaintherapeutics.com/about-us#board-of-directors",
    "timestamp": "unknown"
  },
  {
    "title": "Scientific Advisory Board",
    "link": "https://gaintherapeutics.com/about-us#scientific-advisory",
    "timestamp": "unknown"
  },
  {
    "title": "Partners",
    "link": "https://gaintherapeutics.com/about-us#partners",
    "timestamp": "unknown"
  },
  {
    "title": "Careers",
    "link": "https://gaintherapeutics.com/careers/",
    "timestamp": "unknown"
  },
  {
    "title": "Science & TechnologyPlatform TechnologySciencePostersPublications",
    "link": "https://gaintherapeutics.com/science-and-technology/platform-technology/",
    "timestamp": "unknown"
  },
  {
    "title": "Science & TechnologyPlatform TechnologySciencePostersPublications",
    "link": "https://gaintherapeutics.com/science-and-technology/platform-technology/",
    "timestamp": "unknown"
  },
  {
    "title": "Science & TechnologyPlatform TechnologySciencePostersPublications",
    "link": "https://gaintherapeutics.com/science-and-technology/platform-technology/",
    "timestamp": "unknown"
  },
  {
    "title": "Science & TechnologyPlatform TechnologySciencePostersPublications",
    "link": "https://gaintherapeutics.com/science-and-technology/platform-technology/",
    "timestamp": "unknown"
  },
  {
    "title": "Science & TechnologyPlatform TechnologySciencePostersPublications",
    "link": "https://gaintherapeutics.com/science-and-technology/platform-technology/",
    "timestamp": "unknown"
  },
  {
    "title": "Platform Technology",
    "link": "https://gaintherapeutics.com/science-and-technology/platform-technology/",
    "timestamp": "unknown"
  },
  {
    "title": "Science",
    "link": "https://gaintherapeutics.com/science-and-technology/science/",
    "timestamp": "unknown"
  },
  {
    "title": "Posters",
    "link": "https://gaintherapeutics.com/science-and-technology/posters/",
    "timestamp": "unknown"
  },
  {
    "title": "Publications",
    "link": "https://gaintherapeutics.com/science-and-technology/publications/",
    "timestamp": "unknown"
  },
  {
    "title": "INVESTORS & MEDIAOverviewNews & EventsStock InformationAnalyst CoverageInvestor ResourcesSEC FilingsGovernance Documents",
    "link": "https://gaintherapeutics.com/investors-media/overview/",
    "timestamp": "unknown"
  },
  {
    "title": "INVESTORS & MEDIAOverviewNews & EventsStock InformationAnalyst CoverageInvestor ResourcesSEC FilingsGovernance Documents",
    "link": "https://gaintherapeutics.com/investors-media/overview/",
    "timestamp": "unknown"
  },
  {
    "title": "INVESTORS & MEDIAOverviewNews & EventsStock InformationAnalyst CoverageInvestor ResourcesSEC FilingsGovernance Documents",
    "link": "https://gaintherapeutics.com/investors-media/overview/",
    "timestamp": "unknown"
  },
  {
    "title": "INVESTORS & MEDIAOverviewNews & EventsStock InformationAnalyst CoverageInvestor ResourcesSEC FilingsGovernance Documents",
    "link": "https://gaintherapeutics.com/investors-media/overview/",
    "timestamp": "unknown"
  },
  {
    "title": "INVESTORS & MEDIAOverviewNews & EventsStock InformationAnalyst CoverageInvestor ResourcesSEC FilingsGovernance Documents",
    "link": "https://gaintherapeutics.com/investors-media/overview/",
    "timestamp": "unknown"
  },
  {
    "title": "Overview",
    "link": "https://gaintherapeutics.com/investors-media/overview/",
    "timestamp": "unknown"
  },
  {
    "title": "News & Events",
    "link": "https://gaintherapeutics.com/investors-media/news-events/",
    "timestamp": "unknown"
  },
  {
    "title": "Stock Information",
    "link": "https://gaintherapeutics.com/investors-media/stock-information/",
    "timestamp": "unknown"
  },
  {
    "title": "Analyst Coverage",
    "link": "https://gaintherapeutics.com/investors-media/analyst-coverage/",
    "timestamp": "unknown"
  },
  {
    "title": "Investor Resources",
    "link": "https://gaintherapeutics.com/investors-media/investor-resource/",
    "timestamp": "unknown"
  },
  {
    "title": "SEC Filings",
    "link": "https://gaintherapeutics.com/investors-media/sec-filings/",
    "timestamp": "unknown"
  },
  {
    "title": "Governance Documents",
    "link": "https://gaintherapeutics.com/investors-media/governance-documents/",
    "timestamp": "unknown"
  },
  {
    "title": "Gain Therapeutics, Inc.Linkedin-inTwitterYoutube",
    "link": "https://www.linkedin.com/company/gain-therapeutics/",
    "timestamp": "unknown"
  },
  {
    "title": "Gain Therapeutics, Inc.Linkedin-inTwitterYoutube",
    "link": "https://www.linkedin.com/company/gain-therapeutics/",
    "timestamp": "unknown"
  },
  {
    "title": "Gain Therapeutics, Inc.Linkedin-inTwitterYoutube",
    "link": "https://www.linkedin.com/company/gain-therapeutics/",
    "timestamp": "unknown"
  },
  {
    "title": "Linkedin-inTwitterYoutube",
    "link": "https://www.linkedin.com/company/gain-therapeutics/",
    "timestamp": "unknown"
  },
  {
    "title": "Linkedin-inTwitterYoutube",
    "link": "https://www.linkedin.com/company/gain-therapeutics/",
    "timestamp": "unknown"
  },
  {
    "title": "Linkedin-inTwitterYoutube",
    "link": "https://www.linkedin.com/company/gain-therapeutics/",
    "timestamp": "unknown"
  },
  {
    "title": "Linkedin-inTwitterYoutube",
    "link": "https://www.linkedin.com/company/gain-therapeutics/",
    "timestamp": "unknown"
  },
  {
    "title": "Linkedin-inTwitterYoutube",
    "link": "https://www.linkedin.com/company/gain-therapeutics/",
    "timestamp": "unknown"
  },
  {
    "title": "\u00a9 Gain Therapeutics, Inc.PipelinePerspectivesContact UsSign upLinkedin-inTwitterYoutube",
    "link": "https://gaintherapeutics.com/pipeline/",
    "timestamp": "unknown"
  },
  {
    "title": "\u00a9 Gain Therapeutics, Inc.PipelinePerspectivesContact UsSign upLinkedin-inTwitterYoutube",
    "link": "https://gaintherapeutics.com/pipeline/",
    "timestamp": "unknown"
  },
  {
    "title": "\u00a9 Gain Therapeutics, Inc.PipelinePerspectivesContact UsSign upLinkedin-inTwitterYoutube",
    "link": "https://gaintherapeutics.com/pipeline/",
    "timestamp": "unknown"
  },
  {
    "title": "PipelinePerspectivesContact UsSign up",
    "link": "https://gaintherapeutics.com/pipeline/",
    "timestamp": "unknown"
  },
  {
    "title": "PipelinePerspectivesContact UsSign up",
    "link": "https://gaintherapeutics.com/pipeline/",
    "timestamp": "unknown"
  },
  {
    "title": "PipelinePerspectivesContact UsSign up",
    "link": "https://gaintherapeutics.com/pipeline/",
    "timestamp": "unknown"
  },
  {
    "title": "PipelinePerspectivesContact UsSign up",
    "link": "https://gaintherapeutics.com/pipeline/",
    "timestamp": "unknown"
  },
  {
    "title": "Pipeline",
    "link": "https://gaintherapeutics.com/pipeline/",
    "timestamp": "unknown"
  },
  {
    "title": "Perspectives",
    "link": "https://gaintherapeutics.com/perspectives/",
    "timestamp": "unknown"
  },
  {
    "title": "Contact Us",
    "link": "https://gaintherapeutics.com/contact-us/",
    "timestamp": "unknown"
  },
  {
    "title": "Sign up",
    "link": "https://gaintherapeutics.com/sign-up/",
    "timestamp": "unknown"
  },
  {
    "title": "Linkedin-inTwitterYoutube",
    "link": "https://www.linkedin.com/company/gain-therapeutics/",
    "timestamp": "unknown"
  },
  {
    "title": "Linkedin-inTwitterYoutube",
    "link": "https://www.linkedin.com/company/gain-therapeutics/",
    "timestamp": "unknown"
  },
  {
    "title": "Linkedin-inTwitterYoutube",
    "link": "https://www.linkedin.com/company/gain-therapeutics/",
    "timestamp": "unknown"
  },
  {
    "title": "Linkedin-inTwitterYoutube",
    "link": "https://www.linkedin.com/company/gain-therapeutics/",
    "timestamp": "unknown"
  },
  {
    "title": "Linkedin-inTwitterYoutube",
    "link": "https://www.linkedin.com/company/gain-therapeutics/",
    "timestamp": "unknown"
  },
  {
    "title": "CloseAbout usOverviewLeadership TeamBoard of DirectorsClinical Advisory BoardPartnersCareersScience and TechnologyPlatform TechnologySciencePostersPub",
    "link": "https://gaintherapeutics.com/about-us/",
    "timestamp": "unknown"
  },
  {
    "title": "About usOverviewLeadership TeamBoard of DirectorsClinical Advisory BoardPartnersCareersScience and TechnologyPlatform TechnologySciencePostersPublicat",
    "link": "https://gaintherapeutics.com/about-us/",
    "timestamp": "unknown"
  },
  {
    "title": "About usOverviewLeadership TeamBoard of DirectorsClinical Advisory BoardPartnersCareers",
    "link": "https://gaintherapeutics.com/about-us/",
    "timestamp": "unknown"
  },
  {
    "title": "Overview",
    "link": "https://gaintherapeutics.com/about-us#overview",
    "timestamp": "unknown"
  },
  {
    "title": "Leadership Team",
    "link": "https://gaintherapeutics.com/about-us#leadership",
    "timestamp": "unknown"
  },
  {
    "title": "Board of Directors",
    "link": "https://gaintherapeutics.com/about-us#board-of-directors",
    "timestamp": "unknown"
  },
  {
    "title": "Clinical Advisory Board",
    "link": "https://gaintherapeutics.com/about-us#scientific-advisory",
    "timestamp": "unknown"
  },
  {
    "title": "Partners",
    "link": "https://gaintherapeutics.com/about-us#partners",
    "timestamp": "unknown"
  },
  {
    "title": "Careers",
    "link": "https://gaintherapeutics.com/careers/",
    "timestamp": "unknown"
  },
  {
    "title": "Science and TechnologyPlatform TechnologySciencePostersPublications",
    "link": "https://gaintherapeutics.com/science-and-technology/platform-technology",
    "timestamp": "unknown"
  },
  {
    "title": "Platform Technology",
    "link": "https://gaintherapeutics.com/science-and-technology/platform-technology/",
    "timestamp": "unknown"
  },
  {
    "title": "Science",
    "link": "https://gaintherapeutics.com/science-and-technology/science/",
    "timestamp": "unknown"
  },
  {
    "title": "Posters",
    "link": "https://gaintherapeutics.com/science-and-technology/posters/",
    "timestamp": "unknown"
  },
  {
    "title": "Publications",
    "link": "https://gaintherapeutics.com/science-and-technology/publications/",
    "timestamp": "unknown"
  },
  {
    "title": "Pipeline",
    "link": "https://gaintherapeutics.com/pipeline/",
    "timestamp": "unknown"
  },
  {
    "title": "Investors & MediaOverviewNews & EventsStock InformationAnalyst CoverageInvestor ResourcesSEC FilingsGovernance Documents",
    "link": "https://gaintherapeutics.com/investors-media/overview/",
    "timestamp": "unknown"
  },
  {
    "title": "Overview",
    "link": "https://gaintherapeutics.com/investors-media/overview/",
    "timestamp": "unknown"
  },
  {
    "title": "News & Events",
    "link": "https://gaintherapeutics.com/investors-media/news-events/",
    "timestamp": "unknown"
  },
  {
    "title": "Stock Information",
    "link": "https://gaintherapeutics.com/investors-media/stock-information/",
    "timestamp": "unknown"
  },
  {
    "title": "Analyst Coverage",
    "link": "https://gaintherapeutics.com/investors-media/analyst-coverage/",
    "timestamp": "unknown"
  },
  {
    "title": "Investor Resources",
    "link": "https://gaintherapeutics.com/investors-media/investor-resources/",
    "timestamp": "unknown"
  },
  {
    "title": "SEC Filings",
    "link": "https://gaintherapeutics.com/investors-media/sec-filings/",
    "timestamp": "unknown"
  },
  {
    "title": "Governance Documents",
    "link": "https://gaintherapeutics.com/investors-media/governance-documents/",
    "timestamp": "unknown"
  },
  {
    "title": "Contact Us",
    "link": "https://gaintherapeutics.com/contact-us/",
    "timestamp": "unknown"
  },
  {
    "title": "PerspectivesEvents and Team InterviewsParkinsonTechnical Articles",
    "link": "https://gaintherapeutics.com/perspectives/",
    "timestamp": "unknown"
  },
  {
    "title": "Events and Team Interviews",
    "link": "https://gaintherapeutics.com/events-and-team-interviews/",
    "timestamp": "unknown"
  },
  {
    "title": "Parkinson",
    "link": "https://gaintherapeutics.com/parkinson-/",
    "timestamp": "unknown"
  },
  {
    "title": "Technical Articles",
    "link": "https://gaintherapeutics.com/technical-articles/",
    "timestamp": "unknown"
  }
]