[
  {
    "title": "Scroll TopMenuCloseAbout usOverviewLeadership TeamBoard of DirectorsClinical Advisory BoardPartnersCareersScience and TechnologyPlatform TechnologySci",
    "link": "https://gaintherapeutics.com/investors-media/news-events/#page",
    "timestamp": "unknown"
  },
  {
    "title": "MenuCloseAbout usOverviewLeadership TeamBoard of DirectorsClinical Advisory BoardPartnersCareersScience and TechnologyPlatform TechnologySciencePoster",
    "link": "https://gaintherapeutics.com/",
    "timestamp": "unknown"
  },
  {
    "title": "MenuCloseAbout usOverviewLeadership TeamBoard of DirectorsClinical Advisory BoardPartnersCareersScience and TechnologyPlatform TechnologySciencePoster",
    "link": "https://gaintherapeutics.com/",
    "timestamp": "unknown"
  },
  {
    "title": "MenuCloseAbout usOverviewLeadership TeamBoard of DirectorsClinical Advisory BoardPartnersCareersScience and TechnologyPlatform TechnologySciencePoster",
    "link": "https://gaintherapeutics.com/",
    "timestamp": "unknown"
  },
  {
    "title": "MenuCloseAbout usOverviewLeadership TeamBoard of DirectorsClinical Advisory BoardPartnersCareersScience and TechnologyPlatform TechnologySciencePoster",
    "link": "https://gaintherapeutics.com/",
    "timestamp": "unknown"
  },
  {
    "title": "MenuCloseAbout usOverviewLeadership TeamBoard of DirectorsClinical Advisory BoardPartnersCareersScience and TechnologyPlatform TechnologySciencePoster",
    "link": "https://gaintherapeutics.com/",
    "timestamp": "unknown"
  },
  {
    "title": "MenuCloseAbout usOverviewLeadership TeamBoard of DirectorsClinical Advisory BoardPartnersCareersScience and TechnologyPlatform TechnologySciencePoster",
    "link": "https://gaintherapeutics.com/",
    "timestamp": "unknown"
  },
  {
    "title": "MenuCloseAbout usOverviewLeadership TeamBoard of DirectorsClinical Advisory BoardPartnersCareersScience and TechnologyPlatform TechnologySciencePoster",
    "link": "https://gaintherapeutics.com/",
    "timestamp": "unknown"
  },
  {
    "title": "MenuCloseAbout usOverviewLeadership TeamBoard of DirectorsClinical Advisory BoardPartnersCareersScience and TechnologyPlatform TechnologySciencePoster",
    "link": "https://gaintherapeutics.com/",
    "timestamp": "unknown"
  },
  {
    "title": "MenuCloseAbout usOverviewLeadership TeamBoard of DirectorsClinical Advisory BoardPartnersCareersScience and TechnologyPlatform TechnologySciencePoster",
    "link": "https://gaintherapeutics.com/",
    "timestamp": "unknown"
  },
  {
    "title": "MenuCloseAbout usOverviewLeadership TeamBoard of DirectorsClinical Advisory BoardPartnersCareersScience and TechnologyPlatform TechnologySciencePoster",
    "link": "https://gaintherapeutics.com/",
    "timestamp": "unknown"
  },
  {
    "title": "MenuCloseAbout usOverviewLeadership TeamBoard of DirectorsClinical Advisory BoardPartnersCareersScience and TechnologyPlatform TechnologySciencePoster",
    "link": "https://gaintherapeutics.com/about-us/",
    "timestamp": "unknown"
  },
  {
    "title": "MenuCloseAbout usOverviewLeadership TeamBoard of DirectorsClinical Advisory BoardPartnersCareersScience and TechnologyPlatform TechnologySciencePoster",
    "link": "https://gaintherapeutics.com/about-us/",
    "timestamp": "unknown"
  },
  {
    "title": "MenuCloseAbout usOverviewLeadership TeamBoard of DirectorsClinical Advisory BoardPartnersCareersScience and TechnologyPlatform TechnologySciencePoster",
    "link": "https://gaintherapeutics.com/about-us/",
    "timestamp": "unknown"
  },
  {
    "title": "About usOverviewLeadership TeamBoard of DirectorsClinical Advisory BoardPartnersCareersScience and TechnologyPlatform TechnologySciencePostersPublicat",
    "link": "https://gaintherapeutics.com/about-us/",
    "timestamp": "unknown"
  },
  {
    "title": "About usOverviewLeadership TeamBoard of DirectorsClinical Advisory BoardPartnersCareersScience and TechnologyPlatform TechnologySciencePostersPublicat",
    "link": "https://gaintherapeutics.com/about-us/",
    "timestamp": "unknown"
  },
  {
    "title": "About usOverviewLeadership TeamBoard of DirectorsClinical Advisory BoardPartnersCareersScience and TechnologyPlatform TechnologySciencePostersPublicat",
    "link": "https://gaintherapeutics.com/about-us/",
    "timestamp": "unknown"
  },
  {
    "title": "About usOverviewLeadership TeamBoard of DirectorsClinical Advisory BoardPartnersCareersScience and TechnologyPlatform TechnologySciencePostersPublicat",
    "link": "https://gaintherapeutics.com/about-us/",
    "timestamp": "unknown"
  },
  {
    "title": "About usOverviewLeadership TeamBoard of DirectorsClinical Advisory BoardPartnersCareers",
    "link": "https://gaintherapeutics.com/about-us/",
    "timestamp": "unknown"
  },
  {
    "title": "Overview",
    "link": "https://gaintherapeutics.com/about-us#overview",
    "timestamp": "unknown"
  },
  {
    "title": "Leadership Team",
    "link": "https://gaintherapeutics.com/about-us#leadership",
    "timestamp": "unknown"
  },
  {
    "title": "Board of Directors",
    "link": "https://gaintherapeutics.com/about-us#board-of-directors",
    "timestamp": "unknown"
  },
  {
    "title": "Clinical Advisory Board",
    "link": "https://gaintherapeutics.com/about-us#scientific-advisory",
    "timestamp": "unknown"
  },
  {
    "title": "Partners",
    "link": "https://gaintherapeutics.com/about-us#partners",
    "timestamp": "unknown"
  },
  {
    "title": "Careers",
    "link": "https://gaintherapeutics.com/careers/",
    "timestamp": "unknown"
  },
  {
    "title": "Science and TechnologyPlatform TechnologySciencePostersPublications",
    "link": "https://gaintherapeutics.com/science-and-technology/platform-technology",
    "timestamp": "unknown"
  },
  {
    "title": "Platform Technology",
    "link": "https://gaintherapeutics.com/science-and-technology/platform-technology/",
    "timestamp": "unknown"
  },
  {
    "title": "Science",
    "link": "https://gaintherapeutics.com/science-and-technology/science/",
    "timestamp": "unknown"
  },
  {
    "title": "Posters",
    "link": "https://gaintherapeutics.com/science-and-technology/posters/",
    "timestamp": "unknown"
  },
  {
    "title": "Publications",
    "link": "https://gaintherapeutics.com/science-and-technology/publications/",
    "timestamp": "unknown"
  },
  {
    "title": "Pipeline",
    "link": "https://gaintherapeutics.com/pipeline/",
    "timestamp": "unknown"
  },
  {
    "title": "Investors & MediaOverviewNews & EventsStock InformationAnalyst CoverageInvestor ResourcesSEC FilingsGovernance Documents",
    "link": "https://gaintherapeutics.com/investors-media/overview/",
    "timestamp": "unknown"
  },
  {
    "title": "Overview",
    "link": "https://gaintherapeutics.com/investors-media/overview/",
    "timestamp": "unknown"
  },
  {
    "title": "News & Events",
    "link": "https://gaintherapeutics.com/investors-media/news-events/",
    "timestamp": "unknown"
  },
  {
    "title": "Stock Information",
    "link": "https://gaintherapeutics.com/investors-media/stock-information/",
    "timestamp": "unknown"
  },
  {
    "title": "Analyst Coverage",
    "link": "https://gaintherapeutics.com/investors-media/analyst-coverage/",
    "timestamp": "unknown"
  },
  {
    "title": "Investor Resources",
    "link": "https://gaintherapeutics.com/investors-media/investor-resources/",
    "timestamp": "unknown"
  },
  {
    "title": "SEC Filings",
    "link": "https://gaintherapeutics.com/investors-media/sec-filings/",
    "timestamp": "unknown"
  },
  {
    "title": "Governance Documents",
    "link": "https://gaintherapeutics.com/investors-media/governance-documents/",
    "timestamp": "unknown"
  },
  {
    "title": "Contact Us",
    "link": "https://gaintherapeutics.com/contact-us/",
    "timestamp": "unknown"
  },
  {
    "title": "PerspectivesEvents and Team InterviewsParkinsonTechnical Articles",
    "link": "https://gaintherapeutics.com/perspectives/",
    "timestamp": "unknown"
  },
  {
    "title": "Events and Team Interviews",
    "link": "https://gaintherapeutics.com/events-and-team-interviews/",
    "timestamp": "unknown"
  },
  {
    "title": "Parkinson",
    "link": "https://gaintherapeutics.com/parkinson-/",
    "timestamp": "unknown"
  },
  {
    "title": "Technical Articles",
    "link": "https://gaintherapeutics.com/technical-articles/",
    "timestamp": "unknown"
  },
  {
    "title": "MenuCloseAbout usOverviewLeadership TeamBoard of DirectorsClinical Advisory BoardPartnersCareersScience and TechnologyPlatform TechnologySciencePoster",
    "link": "https://gaintherapeutics.com/",
    "timestamp": "unknown"
  },
  {
    "title": "MenuCloseAbout usOverviewLeadership TeamBoard of DirectorsClinical Advisory BoardPartnersCareersScience and TechnologyPlatform TechnologySciencePoster",
    "link": "https://gaintherapeutics.com/",
    "timestamp": "unknown"
  },
  {
    "title": "MenuCloseAbout usOverviewLeadership TeamBoard of DirectorsClinical Advisory BoardPartnersCareersScience and TechnologyPlatform TechnologySciencePoster",
    "link": "https://gaintherapeutics.com/",
    "timestamp": "unknown"
  },
  {
    "title": "MenuCloseAbout usOverviewLeadership TeamBoard of DirectorsClinical Advisory BoardPartnersCareersScience and TechnologyPlatform TechnologySciencePoster",
    "link": "https://gaintherapeutics.com/about-us/",
    "timestamp": "unknown"
  },
  {
    "title": "MenuCloseAbout usOverviewLeadership TeamBoard of DirectorsClinical Advisory BoardPartnersCareersScience and TechnologyPlatform TechnologySciencePoster",
    "link": "https://gaintherapeutics.com/about-us/",
    "timestamp": "unknown"
  },
  {
    "title": "MenuCloseAbout usOverviewLeadership TeamBoard of DirectorsClinical Advisory BoardPartnersCareersScience and TechnologyPlatform TechnologySciencePoster",
    "link": "https://gaintherapeutics.com/about-us/",
    "timestamp": "unknown"
  },
  {
    "title": "MenuCloseAbout usOverviewLeadership TeamBoard of DirectorsClinical Advisory BoardPartnersCareersScience and TechnologyPlatform TechnologySciencePoster",
    "link": "https://gaintherapeutics.com/about-us/",
    "timestamp": "unknown"
  },
  {
    "title": "MenuCloseAbout usOverviewLeadership TeamBoard of DirectorsClinical Advisory BoardPartnersCareersScience and TechnologyPlatform TechnologySciencePoster",
    "link": "https://gaintherapeutics.com/about-us/",
    "timestamp": "unknown"
  },
  {
    "title": "About usOverviewLeadership TeamBoard of DirectorsClinical Advisory BoardPartnersCareersScience and TechnologyPlatform TechnologySciencePostersPublicat",
    "link": "https://gaintherapeutics.com/about-us/",
    "timestamp": "unknown"
  },
  {
    "title": "About usOverviewLeadership TeamBoard of DirectorsClinical Advisory BoardPartnersCareersScience and TechnologyPlatform TechnologySciencePostersPublicat",
    "link": "https://gaintherapeutics.com/about-us/",
    "timestamp": "unknown"
  },
  {
    "title": "About usOverviewLeadership TeamBoard of DirectorsClinical Advisory BoardPartnersCareersScience and TechnologyPlatform TechnologySciencePostersPublicat",
    "link": "https://gaintherapeutics.com/about-us/",
    "timestamp": "unknown"
  },
  {
    "title": "About usOverviewLeadership TeamBoard of DirectorsClinical Advisory BoardPartnersCareersScience and TechnologyPlatform TechnologySciencePostersPublicat",
    "link": "https://gaintherapeutics.com/about-us/",
    "timestamp": "unknown"
  },
  {
    "title": "About usOverviewLeadership TeamBoard of DirectorsClinical Advisory BoardPartnersCareers",
    "link": "https://gaintherapeutics.com/about-us/",
    "timestamp": "unknown"
  },
  {
    "title": "Overview",
    "link": "https://gaintherapeutics.com/about-us#overview",
    "timestamp": "unknown"
  },
  {
    "title": "Leadership Team",
    "link": "https://gaintherapeutics.com/about-us#leadership",
    "timestamp": "unknown"
  },
  {
    "title": "Board of Directors",
    "link": "https://gaintherapeutics.com/about-us#board-of-directors",
    "timestamp": "unknown"
  },
  {
    "title": "Clinical Advisory Board",
    "link": "https://gaintherapeutics.com/about-us#scientific-advisory",
    "timestamp": "unknown"
  },
  {
    "title": "Partners",
    "link": "https://gaintherapeutics.com/about-us#partners",
    "timestamp": "unknown"
  },
  {
    "title": "Careers",
    "link": "https://gaintherapeutics.com/careers/",
    "timestamp": "unknown"
  },
  {
    "title": "Science and TechnologyPlatform TechnologySciencePostersPublications",
    "link": "https://gaintherapeutics.com/science-and-technology/platform-technology",
    "timestamp": "unknown"
  },
  {
    "title": "Platform Technology",
    "link": "https://gaintherapeutics.com/science-and-technology/platform-technology/",
    "timestamp": "unknown"
  },
  {
    "title": "Science",
    "link": "https://gaintherapeutics.com/science-and-technology/science/",
    "timestamp": "unknown"
  },
  {
    "title": "Posters",
    "link": "https://gaintherapeutics.com/science-and-technology/posters/",
    "timestamp": "unknown"
  },
  {
    "title": "Publications",
    "link": "https://gaintherapeutics.com/science-and-technology/publications/",
    "timestamp": "unknown"
  },
  {
    "title": "Pipeline",
    "link": "https://gaintherapeutics.com/pipeline/",
    "timestamp": "unknown"
  },
  {
    "title": "Investors & MediaOverviewNews & EventsStock InformationAnalyst CoverageInvestor ResourcesSEC FilingsGovernance Documents",
    "link": "https://gaintherapeutics.com/investors-media/overview/",
    "timestamp": "unknown"
  },
  {
    "title": "Overview",
    "link": "https://gaintherapeutics.com/investors-media/overview/",
    "timestamp": "unknown"
  },
  {
    "title": "News & Events",
    "link": "https://gaintherapeutics.com/investors-media/news-events/",
    "timestamp": "unknown"
  },
  {
    "title": "Stock Information",
    "link": "https://gaintherapeutics.com/investors-media/stock-information/",
    "timestamp": "unknown"
  },
  {
    "title": "Analyst Coverage",
    "link": "https://gaintherapeutics.com/investors-media/analyst-coverage/",
    "timestamp": "unknown"
  },
  {
    "title": "Investor Resources",
    "link": "https://gaintherapeutics.com/investors-media/investor-resources/",
    "timestamp": "unknown"
  },
  {
    "title": "SEC Filings",
    "link": "https://gaintherapeutics.com/investors-media/sec-filings/",
    "timestamp": "unknown"
  },
  {
    "title": "Governance Documents",
    "link": "https://gaintherapeutics.com/investors-media/governance-documents/",
    "timestamp": "unknown"
  },
  {
    "title": "Contact Us",
    "link": "https://gaintherapeutics.com/contact-us/",
    "timestamp": "unknown"
  },
  {
    "title": "PerspectivesEvents and Team InterviewsParkinsonTechnical Articles",
    "link": "https://gaintherapeutics.com/perspectives/",
    "timestamp": "unknown"
  },
  {
    "title": "Events and Team Interviews",
    "link": "https://gaintherapeutics.com/events-and-team-interviews/",
    "timestamp": "unknown"
  },
  {
    "title": "Parkinson",
    "link": "https://gaintherapeutics.com/parkinson-/",
    "timestamp": "unknown"
  },
  {
    "title": "Technical Articles",
    "link": "https://gaintherapeutics.com/technical-articles/",
    "timestamp": "unknown"
  },
  {
    "title": "Home\u00bbInvestors Media\u00bbPRESS RELEASES",
    "link": "https://gaintherapeutics.com/",
    "timestamp": "unknown"
  },
  {
    "title": "Home\u00bbInvestors Media\u00bbPRESS RELEASES",
    "link": "https://gaintherapeutics.com/",
    "timestamp": "unknown"
  },
  {
    "title": "Home\u00bbInvestors Media\u00bbPRESS RELEASES",
    "link": "https://gaintherapeutics.com/",
    "timestamp": "unknown"
  },
  {
    "title": "Home\u00bbInvestors Media\u00bbPRESS RELEASES",
    "link": "https://gaintherapeutics.com/",
    "timestamp": "unknown"
  },
  {
    "title": "Home\u00bbInvestors Media\u00bbPRESS RELEASES",
    "link": "https://gaintherapeutics.com/",
    "timestamp": "unknown"
  },
  {
    "title": "Home\u00bbInvestors Media\u00bbPRESS RELEASES",
    "link": "https://gaintherapeutics.com/",
    "timestamp": "unknown"
  },
  {
    "title": "Home\u00bbInvestors Media\u00bbPRESS RELEASES",
    "link": "https://gaintherapeutics.com/",
    "timestamp": "unknown"
  },
  {
    "title": "Home\u00bbInvestors Media\u00bbPRESS RELEASES",
    "link": "https://gaintherapeutics.com/",
    "timestamp": "unknown"
  },
  {
    "title": "MenuCloseAbout usOverviewLeadership TeamBoard of DirectorsClinical Advisory BoardPartnersCareersScience and TechnologyPlatform TechnologySciencePoster",
    "link": "https://gaintherapeutics.com/",
    "timestamp": "unknown"
  },
  {
    "title": "MenuCloseAbout usOverviewLeadership TeamBoard of DirectorsClinical Advisory BoardPartnersCareersScience and TechnologyPlatform TechnologySciencePoster",
    "link": "https://gaintherapeutics.com/",
    "timestamp": "unknown"
  },
  {
    "title": "MenuCloseAbout usOverviewLeadership TeamBoard of DirectorsClinical Advisory BoardPartnersCareersScience and TechnologyPlatform TechnologySciencePoster",
    "link": "https://gaintherapeutics.com/",
    "timestamp": "unknown"
  },
  {
    "title": "MenuCloseAbout usOverviewLeadership TeamBoard of DirectorsClinical Advisory BoardPartnersCareersScience and TechnologyPlatform TechnologySciencePoster",
    "link": "https://gaintherapeutics.com/",
    "timestamp": "unknown"
  },
  {
    "title": "MenuCloseAbout usOverviewLeadership TeamBoard of DirectorsClinical Advisory BoardPartnersCareersScience and TechnologyPlatform TechnologySciencePoster",
    "link": "https://gaintherapeutics.com/",
    "timestamp": "unknown"
  },
  {
    "title": "MenuCloseAbout usOverviewLeadership TeamBoard of DirectorsClinical Advisory BoardPartnersCareersScience and TechnologyPlatform TechnologySciencePoster",
    "link": "https://gaintherapeutics.com/",
    "timestamp": "unknown"
  },
  {
    "title": "MenuCloseAbout usOverviewLeadership TeamBoard of DirectorsClinical Advisory BoardPartnersCareersScience and TechnologyPlatform TechnologySciencePoster",
    "link": "https://gaintherapeutics.com/",
    "timestamp": "unknown"
  },
  {
    "title": "MenuCloseAbout usOverviewLeadership TeamBoard of DirectorsClinical Advisory BoardPartnersCareersScience and TechnologyPlatform TechnologySciencePoster",
    "link": "https://gaintherapeutics.com/",
    "timestamp": "unknown"
  },
  {
    "title": "MenuCloseAbout usOverviewLeadership TeamBoard of DirectorsClinical Advisory BoardPartnersCareersScience and TechnologyPlatform TechnologySciencePoster",
    "link": "https://gaintherapeutics.com/",
    "timestamp": "unknown"
  },
  {
    "title": "MenuCloseAbout usOverviewLeadership TeamBoard of DirectorsClinical Advisory BoardPartnersCareersScience and TechnologyPlatform TechnologySciencePoster",
    "link": "https://gaintherapeutics.com/",
    "timestamp": "unknown"
  },
  {
    "title": "MenuCloseAbout usOverviewLeadership TeamBoard of DirectorsClinical Advisory BoardPartnersCareersScience and TechnologyPlatform TechnologySciencePoster",
    "link": "https://gaintherapeutics.com/about-us/",
    "timestamp": "unknown"
  },
  {
    "title": "MenuCloseAbout usOverviewLeadership TeamBoard of DirectorsClinical Advisory BoardPartnersCareersScience and TechnologyPlatform TechnologySciencePoster",
    "link": "https://gaintherapeutics.com/about-us/",
    "timestamp": "unknown"
  },
  {
    "title": "MenuCloseAbout usOverviewLeadership TeamBoard of DirectorsClinical Advisory BoardPartnersCareersScience and TechnologyPlatform TechnologySciencePoster",
    "link": "https://gaintherapeutics.com/about-us/",
    "timestamp": "unknown"
  },
  {
    "title": "About usOverviewLeadership TeamBoard of DirectorsClinical Advisory BoardPartnersCareersScience and TechnologyPlatform TechnologySciencePostersPublicat",
    "link": "https://gaintherapeutics.com/about-us/",
    "timestamp": "unknown"
  },
  {
    "title": "About usOverviewLeadership TeamBoard of DirectorsClinical Advisory BoardPartnersCareersScience and TechnologyPlatform TechnologySciencePostersPublicat",
    "link": "https://gaintherapeutics.com/about-us/",
    "timestamp": "unknown"
  },
  {
    "title": "About usOverviewLeadership TeamBoard of DirectorsClinical Advisory BoardPartnersCareersScience and TechnologyPlatform TechnologySciencePostersPublicat",
    "link": "https://gaintherapeutics.com/about-us/",
    "timestamp": "unknown"
  },
  {
    "title": "About usOverviewLeadership TeamBoard of DirectorsClinical Advisory BoardPartnersCareersScience and TechnologyPlatform TechnologySciencePostersPublicat",
    "link": "https://gaintherapeutics.com/about-us/",
    "timestamp": "unknown"
  },
  {
    "title": "About usOverviewLeadership TeamBoard of DirectorsClinical Advisory BoardPartnersCareers",
    "link": "https://gaintherapeutics.com/about-us/",
    "timestamp": "unknown"
  },
  {
    "title": "Overview",
    "link": "https://gaintherapeutics.com/about-us#overview",
    "timestamp": "unknown"
  },
  {
    "title": "Leadership Team",
    "link": "https://gaintherapeutics.com/about-us#leadership",
    "timestamp": "unknown"
  },
  {
    "title": "Board of Directors",
    "link": "https://gaintherapeutics.com/about-us#board-of-directors",
    "timestamp": "unknown"
  },
  {
    "title": "Clinical Advisory Board",
    "link": "https://gaintherapeutics.com/about-us#scientific-advisory",
    "timestamp": "unknown"
  },
  {
    "title": "Partners",
    "link": "https://gaintherapeutics.com/about-us#partners",
    "timestamp": "unknown"
  },
  {
    "title": "Careers",
    "link": "https://gaintherapeutics.com/careers/",
    "timestamp": "unknown"
  },
  {
    "title": "Science and TechnologyPlatform TechnologySciencePostersPublications",
    "link": "https://gaintherapeutics.com/science-and-technology/platform-technology",
    "timestamp": "unknown"
  },
  {
    "title": "Platform Technology",
    "link": "https://gaintherapeutics.com/science-and-technology/platform-technology/",
    "timestamp": "unknown"
  },
  {
    "title": "Science",
    "link": "https://gaintherapeutics.com/science-and-technology/science/",
    "timestamp": "unknown"
  },
  {
    "title": "Posters",
    "link": "https://gaintherapeutics.com/science-and-technology/posters/",
    "timestamp": "unknown"
  },
  {
    "title": "Publications",
    "link": "https://gaintherapeutics.com/science-and-technology/publications/",
    "timestamp": "unknown"
  },
  {
    "title": "Pipeline",
    "link": "https://gaintherapeutics.com/pipeline/",
    "timestamp": "unknown"
  },
  {
    "title": "Investors & MediaOverviewNews & EventsStock InformationAnalyst CoverageInvestor ResourcesSEC FilingsGovernance Documents",
    "link": "https://gaintherapeutics.com/investors-media/overview/",
    "timestamp": "unknown"
  },
  {
    "title": "Overview",
    "link": "https://gaintherapeutics.com/investors-media/overview/",
    "timestamp": "unknown"
  },
  {
    "title": "News & Events",
    "link": "https://gaintherapeutics.com/investors-media/news-events/",
    "timestamp": "unknown"
  },
  {
    "title": "Stock Information",
    "link": "https://gaintherapeutics.com/investors-media/stock-information/",
    "timestamp": "unknown"
  },
  {
    "title": "Analyst Coverage",
    "link": "https://gaintherapeutics.com/investors-media/analyst-coverage/",
    "timestamp": "unknown"
  },
  {
    "title": "Investor Resources",
    "link": "https://gaintherapeutics.com/investors-media/investor-resources/",
    "timestamp": "unknown"
  },
  {
    "title": "SEC Filings",
    "link": "https://gaintherapeutics.com/investors-media/sec-filings/",
    "timestamp": "unknown"
  },
  {
    "title": "Governance Documents",
    "link": "https://gaintherapeutics.com/investors-media/governance-documents/",
    "timestamp": "unknown"
  },
  {
    "title": "Contact Us",
    "link": "https://gaintherapeutics.com/contact-us/",
    "timestamp": "unknown"
  },
  {
    "title": "PerspectivesEvents and Team InterviewsParkinsonTechnical Articles",
    "link": "https://gaintherapeutics.com/perspectives/",
    "timestamp": "unknown"
  },
  {
    "title": "Events and Team Interviews",
    "link": "https://gaintherapeutics.com/events-and-team-interviews/",
    "timestamp": "unknown"
  },
  {
    "title": "Parkinson",
    "link": "https://gaintherapeutics.com/parkinson-/",
    "timestamp": "unknown"
  },
  {
    "title": "Technical Articles",
    "link": "https://gaintherapeutics.com/technical-articles/",
    "timestamp": "unknown"
  },
  {
    "title": "News &eventsPRESS RELEASESClear FiltersJanuary ,Gain Therapeutics Announces Announces Conference Participation During J.P. Morgan Healthcare Conferenc",
    "link": "https://gaintherapeutics.com/newsroom/press-releases/press-releases-/gain-therapeutics-announces-announces-conference-participation-during-j-p-morgan-healthcare-conference-week/",
    "timestamp": "unknown"
  },
  {
    "title": "News &eventsPRESS RELEASESClear FiltersJanuary ,Gain Therapeutics Announces Announces Conference Participation During J.P. Morgan Healthcare Conferenc",
    "link": "https://gaintherapeutics.com/newsroom/press-releases/press-releases-/gain-therapeutics-announces-announces-conference-participation-during-j-p-morgan-healthcare-conference-week/",
    "timestamp": "unknown"
  },
  {
    "title": "PRESS RELEASESClear FiltersJanuary ,Gain Therapeutics Announces Announces Conference Participation During J.P. Morgan Healthcare Conference WeekRead M",
    "link": "https://gaintherapeutics.com/newsroom/press-releases/press-releases-/gain-therapeutics-announces-announces-conference-participation-during-j-p-morgan-healthcare-conference-week/",
    "timestamp": "unknown"
  },
  {
    "title": "PRESS RELEASESClear FiltersJanuary ,Gain Therapeutics Announces Announces Conference Participation During J.P. Morgan Healthcare Conference WeekRead M",
    "link": "https://gaintherapeutics.com/newsroom/press-releases/press-releases-/gain-therapeutics-announces-announces-conference-participation-during-j-p-morgan-healthcare-conference-week/",
    "timestamp": "unknown"
  },
  {
    "title": "PRESS RELEASESClear FiltersJanuary ,Gain Therapeutics Announces Announces Conference Participation During J.P. Morgan Healthcare Conference WeekRead M",
    "link": "https://gaintherapeutics.com/newsroom/press-releases/press-releases-/gain-therapeutics-announces-announces-conference-participation-during-j-p-morgan-healthcare-conference-week/",
    "timestamp": "unknown"
  },
  {
    "title": "PRESS RELEASESClear FiltersJanuary ,Gain Therapeutics Announces Announces Conference Participation During J.P. Morgan Healthcare Conference WeekRead M",
    "link": "https://gaintherapeutics.com/newsroom/press-releases/press-releases-/gain-therapeutics-announces-announces-conference-participation-during-j-p-morgan-healthcare-conference-week/",
    "timestamp": "unknown"
  },
  {
    "title": "PRESS RELEASESClear FiltersJanuary ,Gain Therapeutics Announces Announces Conference Participation During J.P. Morgan Healthcare Conference WeekRead M",
    "link": "https://gaintherapeutics.com/newsroom/press-releases/press-releases-/gain-therapeutics-announces-announces-conference-participation-during-j-p-morgan-healthcare-conference-week/",
    "timestamp": "unknown"
  },
  {
    "title": "PRESS RELEASESClear FiltersJanuary ,Gain Therapeutics Announces Announces Conference Participation During J.P. Morgan Healthcare Conference WeekRead M",
    "link": "https://gaintherapeutics.com/newsroom/press-releases/press-releases-/gain-therapeutics-announces-announces-conference-participation-during-j-p-morgan-healthcare-conference-week/",
    "timestamp": "unknown"
  },
  {
    "title": "PRESS RELEASESClear FiltersJanuary ,Gain Therapeutics Announces Announces Conference Participation During J.P. Morgan Healthcare Conference WeekRead M",
    "link": "https://gaintherapeutics.com/newsroom/press-releases/press-releases-/gain-therapeutics-announces-announces-conference-participation-during-j-p-morgan-healthcare-conference-week/",
    "timestamp": "unknown"
  },
  {
    "title": "Clear FiltersJanuary ,Gain Therapeutics Announces Announces Conference Participation During J.P. Morgan Healthcare Conference WeekRead MoreJanuary ,Ga",
    "link": "https://gaintherapeutics.com/newsroom/press-releases/press-releases-/gain-therapeutics-announces-announces-conference-participation-during-j-p-morgan-healthcare-conference-week/",
    "timestamp": "unknown"
  },
  {
    "title": "Clear FiltersJanuary ,Gain Therapeutics Announces Announces Conference Participation During J.P. Morgan Healthcare Conference WeekRead MoreJanuary ,Ga",
    "link": "https://gaintherapeutics.com/newsroom/press-releases/press-releases-/gain-therapeutics-announces-announces-conference-participation-during-j-p-morgan-healthcare-conference-week/",
    "timestamp": "unknown"
  },
  {
    "title": "Clear FiltersJanuary ,Gain Therapeutics Announces Announces Conference Participation During J.P. Morgan Healthcare Conference WeekRead MoreJanuary ,Ga",
    "link": "https://gaintherapeutics.com/newsroom/press-releases/press-releases-/gain-therapeutics-announces-announces-conference-participation-during-j-p-morgan-healthcare-conference-week/",
    "timestamp": "unknown"
  },
  {
    "title": "Clear FiltersJanuary ,Gain Therapeutics Announces Announces Conference Participation During J.P. Morgan Healthcare Conference WeekRead MoreJanuary ,Ga",
    "link": "https://gaintherapeutics.com/newsroom/press-releases/press-releases-/gain-therapeutics-announces-announces-conference-participation-during-j-p-morgan-healthcare-conference-week/",
    "timestamp": "unknown"
  },
  {
    "title": "Clear FiltersJanuary ,Gain Therapeutics Announces Announces Conference Participation During J.P. Morgan Healthcare Conference WeekRead MoreJanuary ,Ga",
    "link": "https://gaintherapeutics.com/newsroom/press-releases/press-releases-/gain-therapeutics-announces-announces-conference-participation-during-j-p-morgan-healthcare-conference-week/",
    "timestamp": "unknown"
  },
  {
    "title": "Clear FiltersJanuary ,Gain Therapeutics Announces Announces Conference Participation During J.P. Morgan Healthcare Conference WeekRead MoreJanuary ,Ga",
    "link": "https://gaintherapeutics.com/newsroom/press-releases/press-releases-/gain-therapeutics-announces-announces-conference-participation-during-j-p-morgan-healthcare-conference-week/",
    "timestamp": "unknown"
  },
  {
    "title": "Clear FiltersJanuary ,Gain Therapeutics Announces Announces Conference Participation During J.P. Morgan Healthcare Conference WeekRead MoreJanuary ,Ga",
    "link": "https://gaintherapeutics.com/newsroom/press-releases/press-releases-/gain-therapeutics-announces-announces-conference-participation-during-j-p-morgan-healthcare-conference-week/",
    "timestamp": "unknown"
  },
  {
    "title": "Clear FiltersJanuary ,Gain Therapeutics Announces Announces Conference Participation During J.P. Morgan Healthcare Conference WeekRead MoreJanuary ,Ga",
    "link": "https://gaintherapeutics.com/newsroom/press-releases/press-releases-/gain-therapeutics-announces-announces-conference-participation-during-j-p-morgan-healthcare-conference-week/",
    "timestamp": "unknown"
  },
  {
    "title": "Clear FiltersJanuary ,Gain Therapeutics Announces Announces Conference Participation During J.P. Morgan Healthcare Conference WeekRead MoreJanuary ,Ga",
    "link": "https://gaintherapeutics.com/newsroom/press-releases/press-releases-/gain-therapeutics-announces-announces-conference-participation-during-j-p-morgan-healthcare-conference-week/",
    "timestamp": "unknown"
  },
  {
    "title": "Clear FiltersJanuary ,Gain Therapeutics Announces Announces Conference Participation During J.P. Morgan Healthcare Conference WeekRead MoreJanuary ,Ga",
    "link": "https://gaintherapeutics.com/newsroom/press-releases/press-releases-/gain-therapeutics-announces-announces-conference-participation-during-j-p-morgan-healthcare-conference-week/",
    "timestamp": "unknown"
  },
  {
    "title": "January ,Gain Therapeutics Announces Announces Conference Participation During J.P. Morgan Healthcare Conference WeekRead MoreJanuary ,Gain Therapeuti",
    "link": "https://gaintherapeutics.com/newsroom/press-releases/press-releases-/gain-therapeutics-announces-announces-conference-participation-during-j-p-morgan-healthcare-conference-week/",
    "timestamp": "unknown"
  },
  {
    "title": "January ,Gain Therapeutics Announces Announces Conference Participation During J.P. Morgan Healthcare Conference WeekRead MoreJanuary ,Gain Therapeuti",
    "link": "https://gaintherapeutics.com/newsroom/press-releases/press-releases-/gain-therapeutics-announces-announces-conference-participation-during-j-p-morgan-healthcare-conference-week/",
    "timestamp": "unknown"
  },
  {
    "title": "January ,Gain Therapeutics Announces Announces Conference Participation During J.P. Morgan Healthcare Conference WeekRead More",
    "link": "https://gaintherapeutics.com/newsroom/press-releases/press-releases-/gain-therapeutics-announces-announces-conference-participation-during-j-p-morgan-healthcare-conference-week/",
    "timestamp": "unknown"
  },
  {
    "title": "January ,Gain Therapeutics Announces Announces Conference Participation During J.P. Morgan Healthcare Conference WeekRead More",
    "link": "https://gaintherapeutics.com/newsroom/press-releases/press-releases-/gain-therapeutics-announces-announces-conference-participation-during-j-p-morgan-healthcare-conference-week/",
    "timestamp": "unknown"
  },
  {
    "title": "January ,Gain Therapeutics Announces Announces Conference Participation During J.P. Morgan Healthcare Conference WeekRead More",
    "link": "https://gaintherapeutics.com/newsroom/press-releases/press-releases-/gain-therapeutics-announces-announces-conference-participation-during-j-p-morgan-healthcare-conference-week/",
    "timestamp": "unknown"
  },
  {
    "title": "Gain Therapeutics Announces Announces Conference Participation During J.P. Morgan Healthcare Conference Week",
    "link": "https://gaintherapeutics.com/newsroom/press-releases/press-releases-/gain-therapeutics-announces-announces-conference-participation-during-j-p-morgan-healthcare-conference-week/",
    "timestamp": "unknown"
  },
  {
    "title": "Read More",
    "link": "https://gaintherapeutics.com/newsroom/press-releases/press-releases-/gain-therapeutics-announces-announces-conference-participation-during-j-p-morgan-healthcare-conference-week/",
    "timestamp": "unknown"
  },
  {
    "title": "Read More",
    "link": "https://gaintherapeutics.com/newsroom/press-releases/press-releases-/gain-therapeutics-announces-announces-conference-participation-during-j-p-morgan-healthcare-conference-week/",
    "timestamp": "unknown"
  },
  {
    "title": "January ,Gain Therapeutics Highlights Biomarker Evidence Supporting Disease-Modifying Potential of GT-Read More",
    "link": "https://gaintherapeutics.com/newsroom/press-releases/press-releases-/gain-therapeutics-highlights-biomarker-evidence-supporting-disease-modifying-potential-of-gt-/",
    "timestamp": "unknown"
  },
  {
    "title": "January ,Gain Therapeutics Highlights Biomarker Evidence Supporting Disease-Modifying Potential of GT-Read More",
    "link": "https://gaintherapeutics.com/newsroom/press-releases/press-releases-/gain-therapeutics-highlights-biomarker-evidence-supporting-disease-modifying-potential-of-gt-/",
    "timestamp": "unknown"
  },
  {
    "title": "January ,Gain Therapeutics Highlights Biomarker Evidence Supporting Disease-Modifying Potential of GT-Read More",
    "link": "https://gaintherapeutics.com/newsroom/press-releases/press-releases-/gain-therapeutics-highlights-biomarker-evidence-supporting-disease-modifying-potential-of-gt-/",
    "timestamp": "unknown"
  },
  {
    "title": "Gain Therapeutics Highlights Biomarker Evidence Supporting Disease-Modifying Potential of GT-",
    "link": "https://gaintherapeutics.com/newsroom/press-releases/press-releases-/gain-therapeutics-highlights-biomarker-evidence-supporting-disease-modifying-potential-of-gt-/",
    "timestamp": "unknown"
  },
  {
    "title": "Read More",
    "link": "https://gaintherapeutics.com/newsroom/press-releases/press-releases-/gain-therapeutics-highlights-biomarker-evidence-supporting-disease-modifying-potential-of-gt-/",
    "timestamp": "unknown"
  },
  {
    "title": "Read More",
    "link": "https://gaintherapeutics.com/newsroom/press-releases/press-releases-/gain-therapeutics-highlights-biomarker-evidence-supporting-disease-modifying-potential-of-gt-/",
    "timestamp": "unknown"
  },
  {
    "title": "December ,Gain Therapeutics to Host Virtual KOL Event on GT- for Parkinson\u2019s DiseaseRead More",
    "link": "https://gaintherapeutics.com/newsroom/press-releases/press-releases-/gain-therapeutics-to-host-virtual-kol-event-on-gt--for-parkinsons-disease-/",
    "timestamp": "unknown"
  },
  {
    "title": "December ,Gain Therapeutics to Host Virtual KOL Event on GT- for Parkinson\u2019s DiseaseRead More",
    "link": "https://gaintherapeutics.com/newsroom/press-releases/press-releases-/gain-therapeutics-to-host-virtual-kol-event-on-gt--for-parkinsons-disease-/",
    "timestamp": "unknown"
  },
  {
    "title": "December ,Gain Therapeutics to Host Virtual KOL Event on GT- for Parkinson\u2019s DiseaseRead More",
    "link": "https://gaintherapeutics.com/newsroom/press-releases/press-releases-/gain-therapeutics-to-host-virtual-kol-event-on-gt--for-parkinsons-disease-/",
    "timestamp": "unknown"
  },
  {
    "title": "Gain Therapeutics to Host Virtual KOL Event on GT- for Parkinson\u2019s Disease",
    "link": "https://gaintherapeutics.com/newsroom/press-releases/press-releases-/gain-therapeutics-to-host-virtual-kol-event-on-gt--for-parkinsons-disease-/",
    "timestamp": "unknown"
  },
  {
    "title": "Read More",
    "link": "https://gaintherapeutics.com/newsroom/press-releases/press-releases-/gain-therapeutics-to-host-virtual-kol-event-on-gt--for-parkinsons-disease-/",
    "timestamp": "unknown"
  },
  {
    "title": "Read More",
    "link": "https://gaintherapeutics.com/newsroom/press-releases/press-releases-/gain-therapeutics-to-host-virtual-kol-event-on-gt--for-parkinsons-disease-/",
    "timestamp": "unknown"
  },
  {
    "title": "December ,Gain Therapeutics Announces Positive Results in Key Exploratory Endpoint from its Phase 1b Clinical Study of GT- in People with Parkinson\u2019s ",
    "link": "https://gaintherapeutics.com/newsroom/press-releases/press-releases-/gain-therapeutics-announces-positive-results-in-key-exploratory-endpoint-from-its-phase-1b-clinical-study-of-gt--in-people-with-parkinsons-disease/",
    "timestamp": "unknown"
  },
  {
    "title": "December ,Gain Therapeutics Announces Positive Results in Key Exploratory Endpoint from its Phase 1b Clinical Study of GT- in People with Parkinson\u2019s ",
    "link": "https://gaintherapeutics.com/newsroom/press-releases/press-releases-/gain-therapeutics-announces-positive-results-in-key-exploratory-endpoint-from-its-phase-1b-clinical-study-of-gt--in-people-with-parkinsons-disease/",
    "timestamp": "unknown"
  },
  {
    "title": "December ,Gain Therapeutics Announces Positive Results in Key Exploratory Endpoint from its Phase 1b Clinical Study of GT- in People with Parkinson\u2019s ",
    "link": "https://gaintherapeutics.com/newsroom/press-releases/press-releases-/gain-therapeutics-announces-positive-results-in-key-exploratory-endpoint-from-its-phase-1b-clinical-study-of-gt--in-people-with-parkinsons-disease/",
    "timestamp": "unknown"
  },
  {
    "title": "Gain Therapeutics Announces Positive Results in Key Exploratory Endpoint from its Phase 1b Clinical Study of GT- in People with Parkinson\u2019s Disease",
    "link": "https://gaintherapeutics.com/newsroom/press-releases/press-releases-/gain-therapeutics-announces-positive-results-in-key-exploratory-endpoint-from-its-phase-1b-clinical-study-of-gt--in-people-with-parkinsons-disease/",
    "timestamp": "unknown"
  },
  {
    "title": "Read More",
    "link": "https://gaintherapeutics.com/newsroom/press-releases/press-releases-/gain-therapeutics-announces-positive-results-in-key-exploratory-endpoint-from-its-phase-1b-clinical-study-of-gt--in-people-with-parkinsons-disease/",
    "timestamp": "unknown"
  },
  {
    "title": "Read More",
    "link": "https://gaintherapeutics.com/newsroom/press-releases/press-releases-/gain-therapeutics-announces-positive-results-in-key-exploratory-endpoint-from-its-phase-1b-clinical-study-of-gt--in-people-with-parkinsons-disease/",
    "timestamp": "unknown"
  },
  {
    "title": "November ,Gain Therapeutics Presents Preclinical GT- Data at NeuroscienceRead More",
    "link": "https://gaintherapeutics.com/newsroom/press-releases/press-releases-/gain-therapeutics-presents-preclinical-gt--data-at-neuroscience-/",
    "timestamp": "unknown"
  },
  {
    "title": "November ,Gain Therapeutics Presents Preclinical GT- Data at NeuroscienceRead More",
    "link": "https://gaintherapeutics.com/newsroom/press-releases/press-releases-/gain-therapeutics-presents-preclinical-gt--data-at-neuroscience-/",
    "timestamp": "unknown"
  },
  {
    "title": "November ,Gain Therapeutics Presents Preclinical GT- Data at NeuroscienceRead More",
    "link": "https://gaintherapeutics.com/newsroom/press-releases/press-releases-/gain-therapeutics-presents-preclinical-gt--data-at-neuroscience-/",
    "timestamp": "unknown"
  },
  {
    "title": "Gain Therapeutics Presents Preclinical GT- Data at Neuroscience",
    "link": "https://gaintherapeutics.com/newsroom/press-releases/press-releases-/gain-therapeutics-presents-preclinical-gt--data-at-neuroscience-/",
    "timestamp": "unknown"
  },
  {
    "title": "Read More",
    "link": "https://gaintherapeutics.com/newsroom/press-releases/press-releases-/gain-therapeutics-presents-preclinical-gt--data-at-neuroscience-/",
    "timestamp": "unknown"
  },
  {
    "title": "Read More",
    "link": "https://gaintherapeutics.com/newsroom/press-releases/press-releases-/gain-therapeutics-presents-preclinical-gt--data-at-neuroscience-/",
    "timestamp": "unknown"
  },
  {
    "title": "November ,Gain Therapeutics Reports Financial Results for Third Quarter  and Provides Corporate UpdateRead More",
    "link": "https://gaintherapeutics.com/newsroom/press-releases/press-releases-/gain-therapeutics-reports-financial-results-for-third-quarter--and-provides-corporate-update/",
    "timestamp": "unknown"
  },
  {
    "title": "November ,Gain Therapeutics Reports Financial Results for Third Quarter  and Provides Corporate UpdateRead More",
    "link": "https://gaintherapeutics.com/newsroom/press-releases/press-releases-/gain-therapeutics-reports-financial-results-for-third-quarter--and-provides-corporate-update/",
    "timestamp": "unknown"
  },
  {
    "title": "November ,Gain Therapeutics Reports Financial Results for Third Quarter  and Provides Corporate UpdateRead More",
    "link": "https://gaintherapeutics.com/newsroom/press-releases/press-releases-/gain-therapeutics-reports-financial-results-for-third-quarter--and-provides-corporate-update/",
    "timestamp": "unknown"
  },
  {
    "title": "Gain Therapeutics Reports Financial Results for Third Quarter  and Provides Corporate Update",
    "link": "https://gaintherapeutics.com/newsroom/press-releases/press-releases-/gain-therapeutics-reports-financial-results-for-third-quarter--and-provides-corporate-update/",
    "timestamp": "unknown"
  },
  {
    "title": "Read More",
    "link": "https://gaintherapeutics.com/newsroom/press-releases/press-releases-/gain-therapeutics-reports-financial-results-for-third-quarter--and-provides-corporate-update/",
    "timestamp": "unknown"
  },
  {
    "title": "Read More",
    "link": "https://gaintherapeutics.com/newsroom/press-releases/press-releases-/gain-therapeutics-reports-financial-results-for-third-quarter--and-provides-corporate-update/",
    "timestamp": "unknown"
  },
  {
    "title": "View More",
    "link": "https://gaintherapeutics.com/newsroom/press-releases/press-releases-/",
    "timestamp": "unknown"
  },
  {
    "title": "View More",
    "link": "https://gaintherapeutics.com/newsroom/press-releases/press-releases-/",
    "timestamp": "unknown"
  },
  {
    "title": "View More",
    "link": "https://gaintherapeutics.com/newsroom/press-releases/press-releases-/",
    "timestamp": "unknown"
  },
  {
    "title": "Clear FiltersDecember ,Early signals stack up: Two small molecules activate GCase in Parkinson\u2019shttps://www.biocentury.com/article//early-signals-stac",
    "link": "https://gaintherapeutics.com/newsroom/in-the-news/early-signals-stack-up-two-small-molecules-activate-gcase-in-parkinsons/",
    "timestamp": "unknown"
  },
  {
    "title": "Clear FiltersDecember ,Early signals stack up: Two small molecules activate GCase in Parkinson\u2019shttps://www.biocentury.com/article//early-signals-stac",
    "link": "https://gaintherapeutics.com/newsroom/in-the-news/early-signals-stack-up-two-small-molecules-activate-gcase-in-parkinsons/",
    "timestamp": "unknown"
  },
  {
    "title": "Clear FiltersDecember ,Early signals stack up: Two small molecules activate GCase in Parkinson\u2019shttps://www.biocentury.com/article//early-signals-stac",
    "link": "https://gaintherapeutics.com/newsroom/in-the-news/early-signals-stack-up-two-small-molecules-activate-gcase-in-parkinsons/",
    "timestamp": "unknown"
  },
  {
    "title": "Clear FiltersDecember ,Early signals stack up: Two small molecules activate GCase in Parkinson\u2019shttps://www.biocentury.com/article//early-signals-stac",
    "link": "https://gaintherapeutics.com/newsroom/in-the-news/early-signals-stack-up-two-small-molecules-activate-gcase-in-parkinsons/",
    "timestamp": "unknown"
  },
  {
    "title": "Clear FiltersDecember ,Early signals stack up: Two small molecules activate GCase in Parkinson\u2019shttps://www.biocentury.com/article//early-signals-stac",
    "link": "https://gaintherapeutics.com/newsroom/in-the-news/early-signals-stack-up-two-small-molecules-activate-gcase-in-parkinsons/",
    "timestamp": "unknown"
  },
  {
    "title": "Clear FiltersDecember ,Early signals stack up: Two small molecules activate GCase in Parkinson\u2019shttps://www.biocentury.com/article//early-signals-stac",
    "link": "https://gaintherapeutics.com/newsroom/in-the-news/early-signals-stack-up-two-small-molecules-activate-gcase-in-parkinsons/",
    "timestamp": "unknown"
  },
  {
    "title": "Clear FiltersDecember ,Early signals stack up: Two small molecules activate GCase in Parkinson\u2019shttps://www.biocentury.com/article//early-signals-stac",
    "link": "https://gaintherapeutics.com/newsroom/in-the-news/early-signals-stack-up-two-small-molecules-activate-gcase-in-parkinsons/",
    "timestamp": "unknown"
  },
  {
    "title": "Clear FiltersDecember ,Early signals stack up: Two small molecules activate GCase in Parkinson\u2019shttps://www.biocentury.com/article//early-signals-stac",
    "link": "https://gaintherapeutics.com/newsroom/in-the-news/early-signals-stack-up-two-small-molecules-activate-gcase-in-parkinsons/",
    "timestamp": "unknown"
  },
  {
    "title": "Clear FiltersDecember ,Early signals stack up: Two small molecules activate GCase in Parkinson\u2019shttps://www.biocentury.com/article//early-signals-stac",
    "link": "https://gaintherapeutics.com/newsroom/in-the-news/early-signals-stack-up-two-small-molecules-activate-gcase-in-parkinsons/",
    "timestamp": "unknown"
  },
  {
    "title": "Clear FiltersDecember ,Early signals stack up: Two small molecules activate GCase in Parkinson\u2019shttps://www.biocentury.com/article//early-signals-stac",
    "link": "https://gaintherapeutics.com/newsroom/in-the-news/early-signals-stack-up-two-small-molecules-activate-gcase-in-parkinsons/",
    "timestamp": "unknown"
  },
  {
    "title": "December ,Early signals stack up: Two small molecules activate GCase in Parkinson\u2019shttps://www.biocentury.com/article//early-signals-stack-up-two-smal",
    "link": "https://gaintherapeutics.com/newsroom/in-the-news/early-signals-stack-up-two-small-molecules-activate-gcase-in-parkinsons/",
    "timestamp": "unknown"
  },
  {
    "title": "December ,Early signals stack up: Two small molecules activate GCase in Parkinson\u2019shttps://www.biocentury.com/article//early-signals-stack-up-two-smal",
    "link": "https://gaintherapeutics.com/newsroom/in-the-news/early-signals-stack-up-two-small-molecules-activate-gcase-in-parkinsons/",
    "timestamp": "unknown"
  },
  {
    "title": "December ,Early signals stack up: Two small molecules activate GCase in Parkinson\u2019shttps://www.biocentury.com/article//early-signals-stack-up-two-smal",
    "link": "https://gaintherapeutics.com/newsroom/in-the-news/early-signals-stack-up-two-small-molecules-activate-gcase-in-parkinsons/",
    "timestamp": "unknown"
  },
  {
    "title": "December ,Early signals stack up: Two small molecules activate GCase in Parkinson\u2019shttps://www.biocentury.com/article//early-signals-stack-up-two-smal",
    "link": "https://gaintherapeutics.com/newsroom/in-the-news/early-signals-stack-up-two-small-molecules-activate-gcase-in-parkinsons/",
    "timestamp": "unknown"
  },
  {
    "title": "December ,Early signals stack up: Two small molecules activate GCase in Parkinson\u2019shttps://www.biocentury.com/article//early-signals-stack-up-two-smal",
    "link": "https://gaintherapeutics.com/newsroom/in-the-news/early-signals-stack-up-two-small-molecules-activate-gcase-in-parkinsons/",
    "timestamp": "unknown"
  },
  {
    "title": "Early signals stack up: Two small molecules activate GCase in Parkinson\u2019s",
    "link": "https://gaintherapeutics.com/newsroom/in-the-news/early-signals-stack-up-two-small-molecules-activate-gcase-in-parkinsons/",
    "timestamp": "unknown"
  },
  {
    "title": "Read More",
    "link": "https://gaintherapeutics.com/investors-media/news-events/",
    "timestamp": "unknown"
  },
  {
    "title": "Read More",
    "link": "https://gaintherapeutics.com/investors-media/news-events/",
    "timestamp": "unknown"
  },
  {
    "title": "December ,Two Molecules Show Potential in Targeting GCase Activity for Parkinson\u2019s Disease Treatmenthttps://www.geneonline.com/two-molecules-show-pote",
    "link": "https://gaintherapeutics.com/newsroom/in-the-news/two-molecules-show-potential-in-targeting-gcase-activity-for-parkinsons-disease-treatment/",
    "timestamp": "unknown"
  },
  {
    "title": "December ,Two Molecules Show Potential in Targeting GCase Activity for Parkinson\u2019s Disease Treatmenthttps://www.geneonline.com/two-molecules-show-pote",
    "link": "https://gaintherapeutics.com/newsroom/in-the-news/two-molecules-show-potential-in-targeting-gcase-activity-for-parkinsons-disease-treatment/",
    "timestamp": "unknown"
  },
  {
    "title": "December ,Two Molecules Show Potential in Targeting GCase Activity for Parkinson\u2019s Disease Treatmenthttps://www.geneonline.com/two-molecules-show-pote",
    "link": "https://gaintherapeutics.com/newsroom/in-the-news/two-molecules-show-potential-in-targeting-gcase-activity-for-parkinsons-disease-treatment/",
    "timestamp": "unknown"
  },
  {
    "title": "Two Molecules Show Potential in Targeting GCase Activity for Parkinson\u2019s Disease Treatment",
    "link": "https://gaintherapeutics.com/newsroom/in-the-news/two-molecules-show-potential-in-targeting-gcase-activity-for-parkinsons-disease-treatment/",
    "timestamp": "unknown"
  },
  {
    "title": "Read More",
    "link": "https://gaintherapeutics.com/investors-media/news-events/",
    "timestamp": "unknown"
  },
  {
    "title": "Read More",
    "link": "https://gaintherapeutics.com/investors-media/news-events/",
    "timestamp": "unknown"
  },
  {
    "title": "December ,AI and Physics-Based Modeling Identifies a New Parkinson\u2019s Disease Drughttps://www.the-scientist.com/ai-and-physics-based-modeling-identifie",
    "link": "https://gaintherapeutics.com/newsroom/in-the-news/ai-and-physics-based-modeling-identifies-a-new-parkinsons-disease-drug/",
    "timestamp": "unknown"
  },
  {
    "title": "December ,AI and Physics-Based Modeling Identifies a New Parkinson\u2019s Disease Drughttps://www.the-scientist.com/ai-and-physics-based-modeling-identifie",
    "link": "https://gaintherapeutics.com/newsroom/in-the-news/ai-and-physics-based-modeling-identifies-a-new-parkinsons-disease-drug/",
    "timestamp": "unknown"
  },
  {
    "title": "December ,AI and Physics-Based Modeling Identifies a New Parkinson\u2019s Disease Drughttps://www.the-scientist.com/ai-and-physics-based-modeling-identifie",
    "link": "https://gaintherapeutics.com/newsroom/in-the-news/ai-and-physics-based-modeling-identifies-a-new-parkinsons-disease-drug/",
    "timestamp": "unknown"
  },
  {
    "title": "AI and Physics-Based Modeling Identifies a New Parkinson\u2019s Disease Drug",
    "link": "https://gaintherapeutics.com/newsroom/in-the-news/ai-and-physics-based-modeling-identifies-a-new-parkinsons-disease-drug/",
    "timestamp": "unknown"
  },
  {
    "title": "Read More",
    "link": "https://gaintherapeutics.com/investors-media/news-events/",
    "timestamp": "unknown"
  },
  {
    "title": "Read More",
    "link": "https://gaintherapeutics.com/investors-media/news-events/",
    "timestamp": "unknown"
  },
  {
    "title": "October ,In the clinic for Oct. ,https://www.bioworld.com/articles/-in-the-clinic-for-oct--Read More",
    "link": "https://gaintherapeutics.com/newsroom/in-the-news/in-the-clinic-for-oct--/",
    "timestamp": "unknown"
  },
  {
    "title": "October ,In the clinic for Oct. ,https://www.bioworld.com/articles/-in-the-clinic-for-oct--Read More",
    "link": "https://gaintherapeutics.com/newsroom/in-the-news/in-the-clinic-for-oct--/",
    "timestamp": "unknown"
  },
  {
    "title": "October ,In the clinic for Oct. ,https://www.bioworld.com/articles/-in-the-clinic-for-oct--Read More",
    "link": "https://gaintherapeutics.com/newsroom/in-the-news/in-the-clinic-for-oct--/",
    "timestamp": "unknown"
  },
  {
    "title": "In the clinic for Oct. ,",
    "link": "https://gaintherapeutics.com/newsroom/in-the-news/in-the-clinic-for-oct--/",
    "timestamp": "unknown"
  },
  {
    "title": "Read More",
    "link": "https://gaintherapeutics.com/investors-media/news-events/",
    "timestamp": "unknown"
  },
  {
    "title": "Read More",
    "link": "https://gaintherapeutics.com/investors-media/news-events/",
    "timestamp": "unknown"
  },
  {
    "title": "October ,Allosteric small molecule therapies in PD, with Gene Mackhttps://pharmaphorum.com/rd/allosteric-small-molecule-therapies-pd-gene-mackRead Mor",
    "link": "https://gaintherapeutics.com/newsroom/in-the-news/allosteric-small-molecule-therapies-in-pd-with-gene-mack/",
    "timestamp": "unknown"
  },
  {
    "title": "October ,Allosteric small molecule therapies in PD, with Gene Mackhttps://pharmaphorum.com/rd/allosteric-small-molecule-therapies-pd-gene-mackRead Mor",
    "link": "https://gaintherapeutics.com/newsroom/in-the-news/allosteric-small-molecule-therapies-in-pd-with-gene-mack/",
    "timestamp": "unknown"
  },
  {
    "title": "October ,Allosteric small molecule therapies in PD, with Gene Mackhttps://pharmaphorum.com/rd/allosteric-small-molecule-therapies-pd-gene-mackRead Mor",
    "link": "https://gaintherapeutics.com/newsroom/in-the-news/allosteric-small-molecule-therapies-in-pd-with-gene-mack/",
    "timestamp": "unknown"
  },
  {
    "title": "Allosteric small molecule therapies in PD, with Gene Mack",
    "link": "https://gaintherapeutics.com/newsroom/in-the-news/allosteric-small-molecule-therapies-in-pd-with-gene-mack/",
    "timestamp": "unknown"
  },
  {
    "title": "Read More",
    "link": "https://gaintherapeutics.com/investors-media/news-events/",
    "timestamp": "unknown"
  },
  {
    "title": "Read More",
    "link": "https://gaintherapeutics.com/investors-media/news-events/",
    "timestamp": "unknown"
  },
  {
    "title": "October ,Early data suggest GT- slows Parkinson\u2019s diseasehttps://www.ddw-online.com/early-data-suggest-gt--slows-parkinsons-disease--/Read More",
    "link": "https://gaintherapeutics.com/newsroom/in-the-news/early-data-suggest-gt--slows-parkinsons-disease/",
    "timestamp": "unknown"
  },
  {
    "title": "October ,Early data suggest GT- slows Parkinson\u2019s diseasehttps://www.ddw-online.com/early-data-suggest-gt--slows-parkinsons-disease--/Read More",
    "link": "https://gaintherapeutics.com/newsroom/in-the-news/early-data-suggest-gt--slows-parkinsons-disease/",
    "timestamp": "unknown"
  },
  {
    "title": "October ,Early data suggest GT- slows Parkinson\u2019s diseasehttps://www.ddw-online.com/early-data-suggest-gt--slows-parkinsons-disease--/Read More",
    "link": "https://gaintherapeutics.com/newsroom/in-the-news/early-data-suggest-gt--slows-parkinsons-disease/",
    "timestamp": "unknown"
  },
  {
    "title": "Early data suggest GT- slows Parkinson\u2019s disease",
    "link": "https://gaintherapeutics.com/newsroom/in-the-news/early-data-suggest-gt--slows-parkinsons-disease/",
    "timestamp": "unknown"
  },
  {
    "title": "Read More",
    "link": "https://gaintherapeutics.com/investors-media/news-events/",
    "timestamp": "unknown"
  },
  {
    "title": "Read More",
    "link": "https://gaintherapeutics.com/investors-media/news-events/",
    "timestamp": "unknown"
  },
  {
    "title": "View More",
    "link": "https://gaintherapeutics.com/newsroom/in-the-news/",
    "timestamp": "unknown"
  },
  {
    "title": "View More",
    "link": "https://gaintherapeutics.com/newsroom/in-the-news/",
    "timestamp": "unknown"
  },
  {
    "title": "View More",
    "link": "https://gaintherapeutics.com/newsroom/in-the-news/",
    "timestamp": "unknown"
  },
  {
    "title": "Clear FiltersJanuary ,Parkinson\u2019s Disease KOL Event: Understanding GCase Substrates in Parkinson\u2019s Disease \u2013 Perspectives on Biomarkers and Disease Mo",
    "link": "https://gaintherapeutics.com/newsroom/events/parkinsons-disease-kol-event-understanding-gcase-substrates-in-parkinsons-disease-perspectives-on-biomarkers-and-disease-modification/",
    "timestamp": "unknown"
  },
  {
    "title": "Clear FiltersJanuary ,Parkinson\u2019s Disease KOL Event: Understanding GCase Substrates in Parkinson\u2019s Disease \u2013 Perspectives on Biomarkers and Disease Mo",
    "link": "https://gaintherapeutics.com/newsroom/events/parkinsons-disease-kol-event-understanding-gcase-substrates-in-parkinsons-disease-perspectives-on-biomarkers-and-disease-modification/",
    "timestamp": "unknown"
  },
  {
    "title": "Clear FiltersJanuary ,Parkinson\u2019s Disease KOL Event: Understanding GCase Substrates in Parkinson\u2019s Disease \u2013 Perspectives on Biomarkers and Disease Mo",
    "link": "https://gaintherapeutics.com/newsroom/events/parkinsons-disease-kol-event-understanding-gcase-substrates-in-parkinsons-disease-perspectives-on-biomarkers-and-disease-modification/",
    "timestamp": "unknown"
  },
  {
    "title": "Clear FiltersJanuary ,Parkinson\u2019s Disease KOL Event: Understanding GCase Substrates in Parkinson\u2019s Disease \u2013 Perspectives on Biomarkers and Disease Mo",
    "link": "https://gaintherapeutics.com/newsroom/events/parkinsons-disease-kol-event-understanding-gcase-substrates-in-parkinsons-disease-perspectives-on-biomarkers-and-disease-modification/",
    "timestamp": "unknown"
  },
  {
    "title": "Clear FiltersJanuary ,Parkinson\u2019s Disease KOL Event: Understanding GCase Substrates in Parkinson\u2019s Disease \u2013 Perspectives on Biomarkers and Disease Mo",
    "link": "https://gaintherapeutics.com/newsroom/events/parkinsons-disease-kol-event-understanding-gcase-substrates-in-parkinsons-disease-perspectives-on-biomarkers-and-disease-modification/",
    "timestamp": "unknown"
  },
  {
    "title": "Clear FiltersJanuary ,Parkinson\u2019s Disease KOL Event: Understanding GCase Substrates in Parkinson\u2019s Disease \u2013 Perspectives on Biomarkers and Disease Mo",
    "link": "https://gaintherapeutics.com/newsroom/events/parkinsons-disease-kol-event-understanding-gcase-substrates-in-parkinsons-disease-perspectives-on-biomarkers-and-disease-modification/",
    "timestamp": "unknown"
  },
  {
    "title": "Clear FiltersJanuary ,Parkinson\u2019s Disease KOL Event: Understanding GCase Substrates in Parkinson\u2019s Disease \u2013 Perspectives on Biomarkers and Disease Mo",
    "link": "https://gaintherapeutics.com/newsroom/events/parkinsons-disease-kol-event-understanding-gcase-substrates-in-parkinsons-disease-perspectives-on-biomarkers-and-disease-modification/",
    "timestamp": "unknown"
  },
  {
    "title": "Clear FiltersJanuary ,Parkinson\u2019s Disease KOL Event: Understanding GCase Substrates in Parkinson\u2019s Disease \u2013 Perspectives on Biomarkers and Disease Mo",
    "link": "https://gaintherapeutics.com/newsroom/events/parkinsons-disease-kol-event-understanding-gcase-substrates-in-parkinsons-disease-perspectives-on-biomarkers-and-disease-modification/",
    "timestamp": "unknown"
  },
  {
    "title": "Clear FiltersJanuary ,Parkinson\u2019s Disease KOL Event: Understanding GCase Substrates in Parkinson\u2019s Disease \u2013 Perspectives on Biomarkers and Disease Mo",
    "link": "https://gaintherapeutics.com/newsroom/events/parkinsons-disease-kol-event-understanding-gcase-substrates-in-parkinsons-disease-perspectives-on-biomarkers-and-disease-modification/",
    "timestamp": "unknown"
  },
  {
    "title": "Clear FiltersJanuary ,Parkinson\u2019s Disease KOL Event: Understanding GCase Substrates in Parkinson\u2019s Disease \u2013 Perspectives on Biomarkers and Disease Mo",
    "link": "https://gaintherapeutics.com/newsroom/events/parkinsons-disease-kol-event-understanding-gcase-substrates-in-parkinsons-disease-perspectives-on-biomarkers-and-disease-modification/",
    "timestamp": "unknown"
  },
  {
    "title": "January ,Parkinson\u2019s Disease KOL Event: Understanding GCase Substrates in Parkinson\u2019s Disease \u2013 Perspectives on Biomarkers and Disease ModificationRea",
    "link": "https://gaintherapeutics.com/newsroom/events/parkinsons-disease-kol-event-understanding-gcase-substrates-in-parkinsons-disease-perspectives-on-biomarkers-and-disease-modification/",
    "timestamp": "unknown"
  },
  {
    "title": "January ,Parkinson\u2019s Disease KOL Event: Understanding GCase Substrates in Parkinson\u2019s Disease \u2013 Perspectives on Biomarkers and Disease ModificationRea",
    "link": "https://gaintherapeutics.com/newsroom/events/parkinsons-disease-kol-event-understanding-gcase-substrates-in-parkinsons-disease-perspectives-on-biomarkers-and-disease-modification/",
    "timestamp": "unknown"
  },
  {
    "title": "January ,Parkinson\u2019s Disease KOL Event: Understanding GCase Substrates in Parkinson\u2019s Disease \u2013 Perspectives on Biomarkers and Disease ModificationRea",
    "link": "https://gaintherapeutics.com/newsroom/events/parkinsons-disease-kol-event-understanding-gcase-substrates-in-parkinsons-disease-perspectives-on-biomarkers-and-disease-modification/",
    "timestamp": "unknown"
  },
  {
    "title": "January ,Parkinson\u2019s Disease KOL Event: Understanding GCase Substrates in Parkinson\u2019s Disease \u2013 Perspectives on Biomarkers and Disease ModificationRea",
    "link": "https://gaintherapeutics.com/newsroom/events/parkinsons-disease-kol-event-understanding-gcase-substrates-in-parkinsons-disease-perspectives-on-biomarkers-and-disease-modification/",
    "timestamp": "unknown"
  },
  {
    "title": "January ,Parkinson\u2019s Disease KOL Event: Understanding GCase Substrates in Parkinson\u2019s Disease \u2013 Perspectives on Biomarkers and Disease ModificationRea",
    "link": "https://gaintherapeutics.com/newsroom/events/parkinsons-disease-kol-event-understanding-gcase-substrates-in-parkinsons-disease-perspectives-on-biomarkers-and-disease-modification/",
    "timestamp": "unknown"
  },
  {
    "title": "Parkinson\u2019s Disease KOL Event: Understanding GCase Substrates in Parkinson\u2019s Disease \u2013 Perspectives on Biomarkers and Disease Modification",
    "link": "https://gaintherapeutics.com/newsroom/events/parkinsons-disease-kol-event-understanding-gcase-substrates-in-parkinsons-disease-perspectives-on-biomarkers-and-disease-modification/",
    "timestamp": "unknown"
  },
  {
    "title": "Read More",
    "link": "https://gaintherapeutics.com/newsroom/events/parkinsons-disease-kol-event-understanding-gcase-substrates-in-parkinsons-disease-perspectives-on-biomarkers-and-disease-modification/",
    "timestamp": "unknown"
  },
  {
    "title": "Read More",
    "link": "https://gaintherapeutics.com/newsroom/events/parkinsons-disease-kol-event-understanding-gcase-substrates-in-parkinsons-disease-perspectives-on-biomarkers-and-disease-modification/",
    "timestamp": "unknown"
  },
  {
    "title": "View More",
    "link": "https://gaintherapeutics.com/newsroom/events/",
    "timestamp": "unknown"
  },
  {
    "title": "View More",
    "link": "https://gaintherapeutics.com/newsroom/events/",
    "timestamp": "unknown"
  },
  {
    "title": "View More",
    "link": "https://gaintherapeutics.com/newsroom/events/",
    "timestamp": "unknown"
  },
  {
    "title": "About UsOverviewLeadership TeamBoard of DirectorsScientific Advisory BoardPartnersCareersScience & TechnologyPlatform TechnologySciencePostersPublicat",
    "link": "https://gaintherapeutics.com",
    "timestamp": "unknown"
  },
  {
    "title": "About UsOverviewLeadership TeamBoard of DirectorsScientific Advisory BoardPartnersCareersScience & TechnologyPlatform TechnologySciencePostersPublicat",
    "link": "https://gaintherapeutics.com",
    "timestamp": "unknown"
  },
  {
    "title": "About UsOverviewLeadership TeamBoard of DirectorsScientific Advisory BoardPartnersCareersScience & TechnologyPlatform TechnologySciencePostersPublicat",
    "link": "https://gaintherapeutics.com",
    "timestamp": "unknown"
  },
  {
    "title": "About UsOverviewLeadership TeamBoard of DirectorsScientific Advisory BoardPartnersCareersScience & TechnologyPlatform TechnologySciencePostersPublicat",
    "link": "https://gaintherapeutics.com",
    "timestamp": "unknown"
  },
  {
    "title": "About UsOverviewLeadership TeamBoard of DirectorsScientific Advisory BoardPartnersCareersScience & TechnologyPlatform TechnologySciencePostersPublicat",
    "link": "https://gaintherapeutics.com",
    "timestamp": "unknown"
  },
  {
    "title": "About UsOverviewLeadership TeamBoard of DirectorsScientific Advisory BoardPartnersCareers",
    "link": "https://gaintherapeutics.com/about-us#overview",
    "timestamp": "unknown"
  },
  {
    "title": "About UsOverviewLeadership TeamBoard of DirectorsScientific Advisory BoardPartnersCareers",
    "link": "https://gaintherapeutics.com/about-us#overview",
    "timestamp": "unknown"
  },
  {
    "title": "About UsOverviewLeadership TeamBoard of DirectorsScientific Advisory BoardPartnersCareers",
    "link": "https://gaintherapeutics.com/about-us#overview",
    "timestamp": "unknown"
  },
  {
    "title": "About UsOverviewLeadership TeamBoard of DirectorsScientific Advisory BoardPartnersCareers",
    "link": "https://gaintherapeutics.com/about-us#overview",
    "timestamp": "unknown"
  },
  {
    "title": "About UsOverviewLeadership TeamBoard of DirectorsScientific Advisory BoardPartnersCareers",
    "link": "https://gaintherapeutics.com/about-us#overview",
    "timestamp": "unknown"
  },
  {
    "title": "Overview",
    "link": "https://gaintherapeutics.com/about-us#overview",
    "timestamp": "unknown"
  },
  {
    "title": "Leadership Team",
    "link": "https://gaintherapeutics.com/about-us#leadership",
    "timestamp": "unknown"
  },
  {
    "title": "Board of Directors",
    "link": "https://gaintherapeutics.com/about-us#board-of-directors",
    "timestamp": "unknown"
  },
  {
    "title": "Scientific Advisory Board",
    "link": "https://gaintherapeutics.com/about-us#scientific-advisory",
    "timestamp": "unknown"
  },
  {
    "title": "Partners",
    "link": "https://gaintherapeutics.com/about-us#partners",
    "timestamp": "unknown"
  },
  {
    "title": "Careers",
    "link": "https://gaintherapeutics.com/careers/",
    "timestamp": "unknown"
  },
  {
    "title": "Science & TechnologyPlatform TechnologySciencePostersPublications",
    "link": "https://gaintherapeutics.com/science-and-technology/platform-technology/",
    "timestamp": "unknown"
  },
  {
    "title": "Science & TechnologyPlatform TechnologySciencePostersPublications",
    "link": "https://gaintherapeutics.com/science-and-technology/platform-technology/",
    "timestamp": "unknown"
  },
  {
    "title": "Science & TechnologyPlatform TechnologySciencePostersPublications",
    "link": "https://gaintherapeutics.com/science-and-technology/platform-technology/",
    "timestamp": "unknown"
  },
  {
    "title": "Science & TechnologyPlatform TechnologySciencePostersPublications",
    "link": "https://gaintherapeutics.com/science-and-technology/platform-technology/",
    "timestamp": "unknown"
  },
  {
    "title": "Science & TechnologyPlatform TechnologySciencePostersPublications",
    "link": "https://gaintherapeutics.com/science-and-technology/platform-technology/",
    "timestamp": "unknown"
  },
  {
    "title": "Platform Technology",
    "link": "https://gaintherapeutics.com/science-and-technology/platform-technology/",
    "timestamp": "unknown"
  },
  {
    "title": "Science",
    "link": "https://gaintherapeutics.com/science-and-technology/science/",
    "timestamp": "unknown"
  },
  {
    "title": "Posters",
    "link": "https://gaintherapeutics.com/science-and-technology/posters/",
    "timestamp": "unknown"
  },
  {
    "title": "Publications",
    "link": "https://gaintherapeutics.com/science-and-technology/publications/",
    "timestamp": "unknown"
  },
  {
    "title": "INVESTORS & MEDIAOverviewNews & EventsStock InformationAnalyst CoverageInvestor ResourcesSEC FilingsGovernance Documents",
    "link": "https://gaintherapeutics.com/investors-media/overview/",
    "timestamp": "unknown"
  },
  {
    "title": "INVESTORS & MEDIAOverviewNews & EventsStock InformationAnalyst CoverageInvestor ResourcesSEC FilingsGovernance Documents",
    "link": "https://gaintherapeutics.com/investors-media/overview/",
    "timestamp": "unknown"
  },
  {
    "title": "INVESTORS & MEDIAOverviewNews & EventsStock InformationAnalyst CoverageInvestor ResourcesSEC FilingsGovernance Documents",
    "link": "https://gaintherapeutics.com/investors-media/overview/",
    "timestamp": "unknown"
  },
  {
    "title": "INVESTORS & MEDIAOverviewNews & EventsStock InformationAnalyst CoverageInvestor ResourcesSEC FilingsGovernance Documents",
    "link": "https://gaintherapeutics.com/investors-media/overview/",
    "timestamp": "unknown"
  },
  {
    "title": "INVESTORS & MEDIAOverviewNews & EventsStock InformationAnalyst CoverageInvestor ResourcesSEC FilingsGovernance Documents",
    "link": "https://gaintherapeutics.com/investors-media/overview/",
    "timestamp": "unknown"
  },
  {
    "title": "Overview",
    "link": "https://gaintherapeutics.com/investors-media/overview/",
    "timestamp": "unknown"
  },
  {
    "title": "News & Events",
    "link": "https://gaintherapeutics.com/investors-media/news-events/",
    "timestamp": "unknown"
  },
  {
    "title": "Stock Information",
    "link": "https://gaintherapeutics.com/investors-media/stock-information/",
    "timestamp": "unknown"
  },
  {
    "title": "Analyst Coverage",
    "link": "https://gaintherapeutics.com/investors-media/analyst-coverage/",
    "timestamp": "unknown"
  },
  {
    "title": "Investor Resources",
    "link": "https://gaintherapeutics.com/investors-media/investor-resource/",
    "timestamp": "unknown"
  },
  {
    "title": "SEC Filings",
    "link": "https://gaintherapeutics.com/investors-media/sec-filings/",
    "timestamp": "unknown"
  },
  {
    "title": "Governance Documents",
    "link": "https://gaintherapeutics.com/investors-media/governance-documents/",
    "timestamp": "unknown"
  },
  {
    "title": "Gain Therapeutics, Inc.Linkedin-inTwitterYoutube",
    "link": "https://www.linkedin.com/company/gain-therapeutics/",
    "timestamp": "unknown"
  },
  {
    "title": "Gain Therapeutics, Inc.Linkedin-inTwitterYoutube",
    "link": "https://www.linkedin.com/company/gain-therapeutics/",
    "timestamp": "unknown"
  },
  {
    "title": "Gain Therapeutics, Inc.Linkedin-inTwitterYoutube",
    "link": "https://www.linkedin.com/company/gain-therapeutics/",
    "timestamp": "unknown"
  },
  {
    "title": "Linkedin-inTwitterYoutube",
    "link": "https://www.linkedin.com/company/gain-therapeutics/",
    "timestamp": "unknown"
  },
  {
    "title": "Linkedin-inTwitterYoutube",
    "link": "https://www.linkedin.com/company/gain-therapeutics/",
    "timestamp": "unknown"
  },
  {
    "title": "Linkedin-inTwitterYoutube",
    "link": "https://www.linkedin.com/company/gain-therapeutics/",
    "timestamp": "unknown"
  },
  {
    "title": "Linkedin-inTwitterYoutube",
    "link": "https://www.linkedin.com/company/gain-therapeutics/",
    "timestamp": "unknown"
  },
  {
    "title": "Linkedin-inTwitterYoutube",
    "link": "https://www.linkedin.com/company/gain-therapeutics/",
    "timestamp": "unknown"
  },
  {
    "title": "\u00a9 Gain Therapeutics, Inc.PipelinePerspectivesContact UsSign upLinkedin-inTwitterYoutube",
    "link": "https://gaintherapeutics.com/pipeline/",
    "timestamp": "unknown"
  },
  {
    "title": "\u00a9 Gain Therapeutics, Inc.PipelinePerspectivesContact UsSign upLinkedin-inTwitterYoutube",
    "link": "https://gaintherapeutics.com/pipeline/",
    "timestamp": "unknown"
  },
  {
    "title": "\u00a9 Gain Therapeutics, Inc.PipelinePerspectivesContact UsSign upLinkedin-inTwitterYoutube",
    "link": "https://gaintherapeutics.com/pipeline/",
    "timestamp": "unknown"
  },
  {
    "title": "PipelinePerspectivesContact UsSign up",
    "link": "https://gaintherapeutics.com/pipeline/",
    "timestamp": "unknown"
  },
  {
    "title": "PipelinePerspectivesContact UsSign up",
    "link": "https://gaintherapeutics.com/pipeline/",
    "timestamp": "unknown"
  },
  {
    "title": "PipelinePerspectivesContact UsSign up",
    "link": "https://gaintherapeutics.com/pipeline/",
    "timestamp": "unknown"
  },
  {
    "title": "PipelinePerspectivesContact UsSign up",
    "link": "https://gaintherapeutics.com/pipeline/",
    "timestamp": "unknown"
  },
  {
    "title": "Pipeline",
    "link": "https://gaintherapeutics.com/pipeline/",
    "timestamp": "unknown"
  },
  {
    "title": "Perspectives",
    "link": "https://gaintherapeutics.com/perspectives/",
    "timestamp": "unknown"
  },
  {
    "title": "Contact Us",
    "link": "https://gaintherapeutics.com/contact-us/",
    "timestamp": "unknown"
  },
  {
    "title": "Sign up",
    "link": "https://gaintherapeutics.com/sign-up/",
    "timestamp": "unknown"
  },
  {
    "title": "Linkedin-inTwitterYoutube",
    "link": "https://www.linkedin.com/company/gain-therapeutics/",
    "timestamp": "unknown"
  },
  {
    "title": "Linkedin-inTwitterYoutube",
    "link": "https://www.linkedin.com/company/gain-therapeutics/",
    "timestamp": "unknown"
  },
  {
    "title": "Linkedin-inTwitterYoutube",
    "link": "https://www.linkedin.com/company/gain-therapeutics/",
    "timestamp": "unknown"
  },
  {
    "title": "Linkedin-inTwitterYoutube",
    "link": "https://www.linkedin.com/company/gain-therapeutics/",
    "timestamp": "unknown"
  },
  {
    "title": "Linkedin-inTwitterYoutube",
    "link": "https://www.linkedin.com/company/gain-therapeutics/",
    "timestamp": "unknown"
  },
  {
    "title": "CloseAbout usOverviewLeadership TeamBoard of DirectorsClinical Advisory BoardPartnersCareersScience and TechnologyPlatform TechnologySciencePostersPub",
    "link": "https://gaintherapeutics.com/about-us/",
    "timestamp": "unknown"
  },
  {
    "title": "About usOverviewLeadership TeamBoard of DirectorsClinical Advisory BoardPartnersCareersScience and TechnologyPlatform TechnologySciencePostersPublicat",
    "link": "https://gaintherapeutics.com/about-us/",
    "timestamp": "unknown"
  },
  {
    "title": "About usOverviewLeadership TeamBoard of DirectorsClinical Advisory BoardPartnersCareers",
    "link": "https://gaintherapeutics.com/about-us/",
    "timestamp": "unknown"
  },
  {
    "title": "Overview",
    "link": "https://gaintherapeutics.com/about-us#overview",
    "timestamp": "unknown"
  },
  {
    "title": "Leadership Team",
    "link": "https://gaintherapeutics.com/about-us#leadership",
    "timestamp": "unknown"
  },
  {
    "title": "Board of Directors",
    "link": "https://gaintherapeutics.com/about-us#board-of-directors",
    "timestamp": "unknown"
  },
  {
    "title": "Clinical Advisory Board",
    "link": "https://gaintherapeutics.com/about-us#scientific-advisory",
    "timestamp": "unknown"
  },
  {
    "title": "Partners",
    "link": "https://gaintherapeutics.com/about-us#partners",
    "timestamp": "unknown"
  },
  {
    "title": "Careers",
    "link": "https://gaintherapeutics.com/careers/",
    "timestamp": "unknown"
  },
  {
    "title": "Science and TechnologyPlatform TechnologySciencePostersPublications",
    "link": "https://gaintherapeutics.com/science-and-technology/platform-technology",
    "timestamp": "unknown"
  },
  {
    "title": "Platform Technology",
    "link": "https://gaintherapeutics.com/science-and-technology/platform-technology/",
    "timestamp": "unknown"
  },
  {
    "title": "Science",
    "link": "https://gaintherapeutics.com/science-and-technology/science/",
    "timestamp": "unknown"
  },
  {
    "title": "Posters",
    "link": "https://gaintherapeutics.com/science-and-technology/posters/",
    "timestamp": "unknown"
  },
  {
    "title": "Publications",
    "link": "https://gaintherapeutics.com/science-and-technology/publications/",
    "timestamp": "unknown"
  },
  {
    "title": "Pipeline",
    "link": "https://gaintherapeutics.com/pipeline/",
    "timestamp": "unknown"
  },
  {
    "title": "Investors & MediaOverviewNews & EventsStock InformationAnalyst CoverageInvestor ResourcesSEC FilingsGovernance Documents",
    "link": "https://gaintherapeutics.com/investors-media/overview/",
    "timestamp": "unknown"
  },
  {
    "title": "Overview",
    "link": "https://gaintherapeutics.com/investors-media/overview/",
    "timestamp": "unknown"
  },
  {
    "title": "News & Events",
    "link": "https://gaintherapeutics.com/investors-media/news-events/",
    "timestamp": "unknown"
  },
  {
    "title": "Stock Information",
    "link": "https://gaintherapeutics.com/investors-media/stock-information/",
    "timestamp": "unknown"
  },
  {
    "title": "Analyst Coverage",
    "link": "https://gaintherapeutics.com/investors-media/analyst-coverage/",
    "timestamp": "unknown"
  },
  {
    "title": "Investor Resources",
    "link": "https://gaintherapeutics.com/investors-media/investor-resources/",
    "timestamp": "unknown"
  },
  {
    "title": "SEC Filings",
    "link": "https://gaintherapeutics.com/investors-media/sec-filings/",
    "timestamp": "unknown"
  },
  {
    "title": "Governance Documents",
    "link": "https://gaintherapeutics.com/investors-media/governance-documents/",
    "timestamp": "unknown"
  },
  {
    "title": "Contact Us",
    "link": "https://gaintherapeutics.com/contact-us/",
    "timestamp": "unknown"
  },
  {
    "title": "PerspectivesEvents and Team InterviewsParkinsonTechnical Articles",
    "link": "https://gaintherapeutics.com/perspectives/",
    "timestamp": "unknown"
  },
  {
    "title": "Events and Team Interviews",
    "link": "https://gaintherapeutics.com/events-and-team-interviews/",
    "timestamp": "unknown"
  },
  {
    "title": "Parkinson",
    "link": "https://gaintherapeutics.com/parkinson-/",
    "timestamp": "unknown"
  },
  {
    "title": "Technical Articles",
    "link": "https://gaintherapeutics.com/technical-articles/",
    "timestamp": "unknown"
  }
]