[
  {
    "title": "GlobalJapanUSAHealthcare ProfessionalsPatients & Care PartnersPartnershipsContact",
    "link": "https://ir.genmab.com/genmab-news",
    "timestamp": "unknown"
  },
  {
    "title": "GlobalJapanUSAHealthcare ProfessionalsPatients & Care PartnersPartnershipsContact",
    "link": "https://ir.genmab.com/genmab-news",
    "timestamp": "unknown"
  },
  {
    "title": "GlobalJapanUSAHealthcare ProfessionalsPatients & Care PartnersPartnershipsContact",
    "link": "https://ir.genmab.com/genmab-news",
    "timestamp": "unknown"
  },
  {
    "title": "GlobalJapanUSA",
    "link": "https://ir.genmab.com/genmab-news",
    "timestamp": "unknown"
  },
  {
    "title": "GlobalJapanUSA",
    "link": "https://ir.genmab.com/genmab-news",
    "timestamp": "unknown"
  },
  {
    "title": "JapanUSA",
    "link": "https://genmab.co.jp/",
    "timestamp": "unknown"
  },
  {
    "title": "JapanUSA",
    "link": "https://genmab.co.jp/",
    "timestamp": "unknown"
  },
  {
    "title": "USA",
    "link": "https://www.us.genmab.com/",
    "timestamp": "unknown"
  },
  {
    "title": "USA",
    "link": "https://www.us.genmab.com/",
    "timestamp": "unknown"
  },
  {
    "title": "Healthcare Professionals",
    "link": "https://www.genmab.com/healthcare-professionals/",
    "timestamp": "unknown"
  },
  {
    "title": "Patients & Care Partners",
    "link": "https://www.genmab.com/patients-care-partners/",
    "timestamp": "unknown"
  },
  {
    "title": "Partnerships",
    "link": "https://www.genmab.com/partnerships",
    "timestamp": "unknown"
  },
  {
    "title": "Contact",
    "link": "https://www.genmab.com/contact/",
    "timestamp": "unknown"
  },
  {
    "title": "AboutBackTransforming the treatment of cancer and other serious diseasesAbout GenmabOur PurposeOur HistoryExecutive CommitteeBoard of DirectorsFEATURE",
    "link": "https://www.genmab.com/",
    "timestamp": "unknown"
  },
  {
    "title": "AboutBackTransforming the treatment of cancer and other serious diseasesAbout GenmabOur PurposeOur HistoryExecutive CommitteeBoard of DirectorsFEATURE",
    "link": "https://www.genmab.com/",
    "timestamp": "unknown"
  },
  {
    "title": "AboutBackTransforming the treatment of cancer and other serious diseasesAbout GenmabOur PurposeOur HistoryExecutive CommitteeBoard of DirectorsFEATURE",
    "link": "https://www.genmab.com/about/",
    "timestamp": "unknown"
  },
  {
    "title": "AboutBackTransforming the treatment of cancer and other serious diseasesAbout GenmabOur PurposeOur HistoryExecutive CommitteeBoard of DirectorsFEATURE",
    "link": "https://www.genmab.com/about/",
    "timestamp": "unknown"
  },
  {
    "title": "AboutBackTransforming the treatment of cancer and other serious diseasesAbout GenmabOur PurposeOur HistoryExecutive CommitteeBoard of DirectorsFEATURE",
    "link": "https://www.genmab.com/about/",
    "timestamp": "unknown"
  },
  {
    "title": "AboutBackTransforming the treatment of cancer and other serious diseasesAbout GenmabOur PurposeOur HistoryExecutive CommitteeBoard of DirectorsFEATURE",
    "link": "https://www.genmab.com/about/",
    "timestamp": "unknown"
  },
  {
    "title": "BackTransforming the treatment of cancer and other serious diseasesAbout GenmabOur PurposeOur HistoryExecutive CommitteeBoard of DirectorsFEATUREDA hi",
    "link": "https://ir.genmab.com/genmab-news",
    "timestamp": "unknown"
  },
  {
    "title": "BackTransforming the treatment of cancer and other serious diseasesAbout GenmabOur PurposeOur HistoryExecutive CommitteeBoard of DirectorsFEATUREDA hi",
    "link": "https://ir.genmab.com/genmab-news",
    "timestamp": "unknown"
  },
  {
    "title": "BackTransforming the treatment of cancer and other serious diseasesAbout GenmabOur PurposeOur HistoryExecutive CommitteeBoard of Directors",
    "link": "https://ir.genmab.com/genmab-news",
    "timestamp": "unknown"
  },
  {
    "title": "Back",
    "link": "https://ir.genmab.com/genmab-news",
    "timestamp": "unknown"
  },
  {
    "title": "About Genmab",
    "link": "https://www.genmab.com/about/",
    "timestamp": "unknown"
  },
  {
    "title": "About Genmab",
    "link": "https://www.genmab.com/about/",
    "timestamp": "unknown"
  },
  {
    "title": "Our PurposeOur HistoryExecutive CommitteeBoard of Directors",
    "link": "https://www.genmab.com/about/our-purpose/",
    "timestamp": "unknown"
  },
  {
    "title": "Our PurposeOur HistoryExecutive CommitteeBoard of Directors",
    "link": "https://www.genmab.com/about/our-purpose/",
    "timestamp": "unknown"
  },
  {
    "title": "Our Purpose",
    "link": "https://www.genmab.com/about/our-purpose/",
    "timestamp": "unknown"
  },
  {
    "title": "Our History",
    "link": "https://www.genmab.com/about/our-history/",
    "timestamp": "unknown"
  },
  {
    "title": "Executive Committee",
    "link": "https://www.genmab.com/about/executive-committee",
    "timestamp": "unknown"
  },
  {
    "title": "Board of Directors",
    "link": "https://www.genmab.com/about/board-of-directors/",
    "timestamp": "unknown"
  },
  {
    "title": "FEATUREDA history of accomplishments rooted in science",
    "link": "https://www.genmab.com/about/our-history",
    "timestamp": "unknown"
  },
  {
    "title": "FEATUREDA history of accomplishments rooted in science",
    "link": "https://www.genmab.com/about/our-history",
    "timestamp": "unknown"
  },
  {
    "title": "FEATUREDA history of accomplishments rooted in science",
    "link": "https://www.genmab.com/about/our-history",
    "timestamp": "unknown"
  },
  {
    "title": "A history of accomplishments rooted in science",
    "link": "https://www.genmab.com/about/our-history",
    "timestamp": "unknown"
  },
  {
    "title": "A history of accomplishments rooted in science",
    "link": "https://www.genmab.com/about/our-history",
    "timestamp": "unknown"
  },
  {
    "title": "A history of accomplishments rooted in science",
    "link": "https://www.genmab.com/about/our-history",
    "timestamp": "unknown"
  },
  {
    "title": "Antibody ScienceBackPioneering technologies that create novel antibody therapeutics to treat cancer and other serious diseases.Antibody Science Overvi",
    "link": "https://www.genmab.com/antibody-science",
    "timestamp": "unknown"
  },
  {
    "title": "BackPioneering technologies that create novel antibody therapeutics to treat cancer and other serious diseases.Antibody Science OverviewResearchAntibo",
    "link": "https://ir.genmab.com/genmab-news",
    "timestamp": "unknown"
  },
  {
    "title": "BackPioneering technologies that create novel antibody therapeutics to treat cancer and other serious diseases.Antibody Science OverviewResearchAntibo",
    "link": "https://ir.genmab.com/genmab-news",
    "timestamp": "unknown"
  },
  {
    "title": "BackPioneering technologies that create novel antibody therapeutics to treat cancer and other serious diseases.Antibody Science OverviewResearchAntibo",
    "link": "https://ir.genmab.com/genmab-news",
    "timestamp": "unknown"
  },
  {
    "title": "Back",
    "link": "https://ir.genmab.com/genmab-news",
    "timestamp": "unknown"
  },
  {
    "title": "Antibody Science Overview",
    "link": "https://www.genmab.com/antibody-science/",
    "timestamp": "unknown"
  },
  {
    "title": "Antibody Science Overview",
    "link": "https://www.genmab.com/antibody-science/",
    "timestamp": "unknown"
  },
  {
    "title": "ResearchAntibody Research and DevelopmentAntibody Technology PlatformsArtificial IntelligenceInnovationPipelineOur Medicines",
    "link": "https://www.genmab.com/antibody-science/antibody-research-development",
    "timestamp": "unknown"
  },
  {
    "title": "ResearchAntibody Research and DevelopmentAntibody Technology PlatformsArtificial Intelligence",
    "link": "https://www.genmab.com/antibody-science/antibody-research-development",
    "timestamp": "unknown"
  },
  {
    "title": "Antibody Research and Development",
    "link": "https://www.genmab.com/antibody-science/antibody-research-development",
    "timestamp": "unknown"
  },
  {
    "title": "Antibody Technology Platforms",
    "link": "https://www.genmab.com/antibody-science/antibody-technology-platforms",
    "timestamp": "unknown"
  },
  {
    "title": "Artificial Intelligence",
    "link": "https://www.genmab.com/antibody-science/artificial-intelligence",
    "timestamp": "unknown"
  },
  {
    "title": "InnovationPipelineOur Medicines",
    "link": "https://www.genmab.com/antibody-science/pipeline",
    "timestamp": "unknown"
  },
  {
    "title": "Pipeline",
    "link": "https://www.genmab.com/antibody-science/pipeline",
    "timestamp": "unknown"
  },
  {
    "title": "Our Medicines",
    "link": "https://www.genmab.com/antibody-science/our-medicines",
    "timestamp": "unknown"
  },
  {
    "title": "FEATUREDScience that can transform lives",
    "link": "https://www.genmab.com/antibody-science",
    "timestamp": "unknown"
  },
  {
    "title": "FEATUREDScience that can transform lives",
    "link": "https://www.genmab.com/antibody-science",
    "timestamp": "unknown"
  },
  {
    "title": "FEATUREDScience that can transform lives",
    "link": "https://www.genmab.com/antibody-science",
    "timestamp": "unknown"
  },
  {
    "title": "Science that can transform lives",
    "link": "https://www.genmab.com/antibody-science",
    "timestamp": "unknown"
  },
  {
    "title": "Science that can transform lives",
    "link": "https://www.genmab.com/antibody-science",
    "timestamp": "unknown"
  },
  {
    "title": "Our ImpactBackDiscover how Genmab makes a positive impact for patients, communities and employeesOur ImpactPatient EngagementCorporate Responsibility ",
    "link": "https://www.genmab.com/our-impact",
    "timestamp": "unknown"
  },
  {
    "title": "BackDiscover how Genmab makes a positive impact for patients, communities and employeesOur ImpactPatient EngagementCorporate Responsibility & Sustaina",
    "link": "https://ir.genmab.com/genmab-news",
    "timestamp": "unknown"
  },
  {
    "title": "BackDiscover how Genmab makes a positive impact for patients, communities and employeesOur ImpactPatient EngagementCorporate Responsibility & Sustaina",
    "link": "https://ir.genmab.com/genmab-news",
    "timestamp": "unknown"
  },
  {
    "title": "BackDiscover how Genmab makes a positive impact for patients, communities and employeesOur ImpactPatient EngagementCorporate Responsibility & Sustaina",
    "link": "https://ir.genmab.com/genmab-news",
    "timestamp": "unknown"
  },
  {
    "title": "Back",
    "link": "https://ir.genmab.com/genmab-news",
    "timestamp": "unknown"
  },
  {
    "title": "Our Impact",
    "link": "https://www.genmab.com/our-impact",
    "timestamp": "unknown"
  },
  {
    "title": "Our Impact",
    "link": "https://www.genmab.com/our-impact",
    "timestamp": "unknown"
  },
  {
    "title": "Patient EngagementCorporate Responsibility & Sustainability",
    "link": "https://www.genmab.com/our-impact/patient-engagement/",
    "timestamp": "unknown"
  },
  {
    "title": "Patient EngagementCorporate Responsibility & Sustainability",
    "link": "https://www.genmab.com/our-impact/patient-engagement/",
    "timestamp": "unknown"
  },
  {
    "title": "Patient Engagement",
    "link": "https://www.genmab.com/our-impact/patient-engagement/",
    "timestamp": "unknown"
  },
  {
    "title": "Corporate Responsibility & Sustainability",
    "link": "https://www.genmab.com/our-impact/corporate-responsibility-sustainability",
    "timestamp": "unknown"
  },
  {
    "title": "FEATUREDIncorporating the patient perspective",
    "link": "https://www.genmab.com/our-impact/patient-engagement",
    "timestamp": "unknown"
  },
  {
    "title": "FEATUREDIncorporating the patient perspective",
    "link": "https://www.genmab.com/our-impact/patient-engagement",
    "timestamp": "unknown"
  },
  {
    "title": "FEATUREDIncorporating the patient perspective",
    "link": "https://www.genmab.com/our-impact/patient-engagement",
    "timestamp": "unknown"
  },
  {
    "title": "Incorporating the patient perspective",
    "link": "https://www.genmab.com/our-impact/patient-engagement",
    "timestamp": "unknown"
  },
  {
    "title": "Incorporating the patient perspective",
    "link": "https://www.genmab.com/our-impact/patient-engagement",
    "timestamp": "unknown"
  },
  {
    "title": "InvestorsBackCorporate and financial resources for Genmab investors, potential shareholders and analystsInvestor RelationsResourcesGenmab at a glanceE",
    "link": "https://www.genmab.com/investor-relations",
    "timestamp": "unknown"
  },
  {
    "title": "BackCorporate and financial resources for Genmab investors, potential shareholders and analystsInvestor RelationsResourcesGenmab at a glanceEvents & P",
    "link": "https://ir.genmab.com/genmab-news",
    "timestamp": "unknown"
  },
  {
    "title": "BackCorporate and financial resources for Genmab investors, potential shareholders and analystsInvestor RelationsResourcesGenmab at a glanceEvents & P",
    "link": "https://ir.genmab.com/genmab-news",
    "timestamp": "unknown"
  },
  {
    "title": "BackCorporate and financial resources for Genmab investors, potential shareholders and analystsInvestor RelationsResourcesGenmab at a glanceEvents & P",
    "link": "https://ir.genmab.com/genmab-news",
    "timestamp": "unknown"
  },
  {
    "title": "Back",
    "link": "https://ir.genmab.com/genmab-news",
    "timestamp": "unknown"
  },
  {
    "title": "Investor Relations",
    "link": "https://www.genmab.com/investors/",
    "timestamp": "unknown"
  },
  {
    "title": "Investor Relations",
    "link": "https://www.genmab.com/investors/",
    "timestamp": "unknown"
  },
  {
    "title": "ResourcesGenmab at a glanceEvents & PresentationsNewsDownload LibraryInvestor PortalFinancialsFinancial CalendarFinancial ReportsAnnual ReportSEC Fili",
    "link": "https://www.genmab.com/investor-relations/at-a-glance",
    "timestamp": "unknown"
  },
  {
    "title": "ResourcesGenmab at a glanceEvents & PresentationsNewsDownload LibraryInvestor Portal",
    "link": "https://www.genmab.com/investor-relations/at-a-glance",
    "timestamp": "unknown"
  },
  {
    "title": "Genmab at a glance",
    "link": "https://www.genmab.com/investor-relations/at-a-glance",
    "timestamp": "unknown"
  },
  {
    "title": "Events & Presentations",
    "link": "https://ir.genmab.com/events-presentations",
    "timestamp": "unknown"
  },
  {
    "title": "News",
    "link": "https://ir.genmab.com/genmab-news",
    "timestamp": "unknown"
  },
  {
    "title": "Download Library",
    "link": "https://ir.genmab.com/download-library",
    "timestamp": "unknown"
  },
  {
    "title": "Investor Portal",
    "link": "https://investor.vp.dk/ip/ctrl/portal/Frontpage.do?command=&asident=&language=en",
    "timestamp": "unknown"
  },
  {
    "title": "FinancialsFinancial CalendarFinancial ReportsAnnual ReportSEC FilingsConsolidated Key Figures",
    "link": "https://ir.genmab.com/financial-calendar",
    "timestamp": "unknown"
  },
  {
    "title": "Financial Calendar",
    "link": "https://ir.genmab.com/financial-calendar",
    "timestamp": "unknown"
  },
  {
    "title": "Financial Reports",
    "link": "https://ir.genmab.com/financial-reports",
    "timestamp": "unknown"
  },
  {
    "title": "Annual Report",
    "link": "https://www.genmab.com/investor-relations/annual-report/",
    "timestamp": "unknown"
  },
  {
    "title": "SEC Filings",
    "link": "https://ir.genmab.com/sec-filings",
    "timestamp": "unknown"
  },
  {
    "title": "Consolidated Key Figures",
    "link": "https://ir.genmab.com/consolidated-key-figures",
    "timestamp": "unknown"
  },
  {
    "title": "Stock InformationShare PerformanceAnalyst CoverageADR Program",
    "link": "https://ir.genmab.com/share-performance",
    "timestamp": "unknown"
  },
  {
    "title": "Share Performance",
    "link": "https://ir.genmab.com/share-performance",
    "timestamp": "unknown"
  },
  {
    "title": "Analyst Coverage",
    "link": "https://ir.genmab.com/analyst-coverage",
    "timestamp": "unknown"
  },
  {
    "title": "ADR Program",
    "link": "https://ir.genmab.com/adr-program",
    "timestamp": "unknown"
  },
  {
    "title": "GovernanceCorporate GovernanceBoard Committees & ChartersAnnual General MeetingCompensationArticles of Association",
    "link": "https://ir.genmab.com/corporate-governance",
    "timestamp": "unknown"
  },
  {
    "title": "Corporate Governance",
    "link": "https://ir.genmab.com/corporate-governance",
    "timestamp": "unknown"
  },
  {
    "title": "Board Committees & Charters",
    "link": "https://www.genmab.com/investor-relations/committees-charters",
    "timestamp": "unknown"
  },
  {
    "title": "Annual General Meeting",
    "link": "https://ir.genmab.com/annual-general-meeting",
    "timestamp": "unknown"
  },
  {
    "title": "Compensation",
    "link": "https://ir.genmab.com/compensation",
    "timestamp": "unknown"
  },
  {
    "title": "Articles of Association",
    "link": "https://ir.genmab.com/articles-association",
    "timestamp": "unknown"
  },
  {
    "title": "FEATUREDGenmab at a Glance",
    "link": "https://www.genmab.com/investor-relations/at-a-glance",
    "timestamp": "unknown"
  },
  {
    "title": "FEATUREDGenmab at a Glance",
    "link": "https://www.genmab.com/investor-relations/at-a-glance",
    "timestamp": "unknown"
  },
  {
    "title": "FEATUREDGenmab at a Glance",
    "link": "https://www.genmab.com/investor-relations/at-a-glance",
    "timestamp": "unknown"
  },
  {
    "title": "Genmab at a Glance",
    "link": "https://www.genmab.com/investor-relations/at-a-glance",
    "timestamp": "unknown"
  },
  {
    "title": "Genmab at a Glance",
    "link": "https://www.genmab.com/investor-relations/at-a-glance",
    "timestamp": "unknown"
  },
  {
    "title": "News & InsightsBackFind press releases, articles and access media from GenmabLatest UpdatesNewsStoriesMedia LibraryFEATUREDGenmab Hosts Plenary and Li",
    "link": "https://www.genmab.com/news-insights",
    "timestamp": "unknown"
  },
  {
    "title": "BackFind press releases, articles and access media from GenmabLatest UpdatesNewsStoriesMedia LibraryFEATUREDGenmab Hosts Plenary and Life Science Fair",
    "link": "https://ir.genmab.com/genmab-news",
    "timestamp": "unknown"
  },
  {
    "title": "BackFind press releases, articles and access media from GenmabLatest UpdatesNewsStoriesMedia LibraryFEATUREDGenmab Hosts Plenary and Life Science Fair",
    "link": "https://ir.genmab.com/genmab-news",
    "timestamp": "unknown"
  },
  {
    "title": "BackFind press releases, articles and access media from GenmabLatest UpdatesNewsStoriesMedia Library",
    "link": "https://ir.genmab.com/genmab-news",
    "timestamp": "unknown"
  },
  {
    "title": "Back",
    "link": "https://ir.genmab.com/genmab-news",
    "timestamp": "unknown"
  },
  {
    "title": "Latest Updates",
    "link": "https://www.genmab.com/news-insights/",
    "timestamp": "unknown"
  },
  {
    "title": "Latest Updates",
    "link": "https://www.genmab.com/news-insights/",
    "timestamp": "unknown"
  },
  {
    "title": "NewsStoriesMedia Library",
    "link": "https://ir.genmab.com/genmab-news",
    "timestamp": "unknown"
  },
  {
    "title": "NewsStoriesMedia Library",
    "link": "https://ir.genmab.com/genmab-news",
    "timestamp": "unknown"
  },
  {
    "title": "News",
    "link": "https://ir.genmab.com/genmab-news",
    "timestamp": "unknown"
  },
  {
    "title": "Stories",
    "link": "https://www.genmab.com/news-insights/stories",
    "timestamp": "unknown"
  },
  {
    "title": "Media Library",
    "link": "https://www.genmab.com/news-insights/media-library",
    "timestamp": "unknown"
  },
  {
    "title": "FEATUREDGenmab Hosts Plenary and Life Science Fair on AI\u2019s Role in the Future of Healthcare and Labs",
    "link": "https://www.genmab.com/news-insights/stories/genmab-hosts-plenary-and-life-science-fair-on-AI-role-in-the-future-of-healthcare-and-labs",
    "timestamp": "unknown"
  },
  {
    "title": "FEATUREDGenmab Hosts Plenary and Life Science Fair on AI\u2019s Role in the Future of Healthcare and Labs",
    "link": "https://www.genmab.com/news-insights/stories/genmab-hosts-plenary-and-life-science-fair-on-AI-role-in-the-future-of-healthcare-and-labs",
    "timestamp": "unknown"
  },
  {
    "title": "FEATUREDGenmab Hosts Plenary and Life Science Fair on AI\u2019s Role in the Future of Healthcare and Labs",
    "link": "https://www.genmab.com/news-insights/stories/genmab-hosts-plenary-and-life-science-fair-on-AI-role-in-the-future-of-healthcare-and-labs",
    "timestamp": "unknown"
  },
  {
    "title": "Genmab Hosts Plenary and Life Science Fair on AI\u2019s Role in the Future of Healthcare and Labs",
    "link": "https://www.genmab.com/news-insights/stories/genmab-hosts-plenary-and-life-science-fair-on-AI-role-in-the-future-of-healthcare-and-labs",
    "timestamp": "unknown"
  },
  {
    "title": "Genmab Hosts Plenary and Life Science Fair on AI\u2019s Role in the Future of Healthcare and Labs",
    "link": "https://www.genmab.com/news-insights/stories/genmab-hosts-plenary-and-life-science-fair-on-AI-role-in-the-future-of-healthcare-and-labs",
    "timestamp": "unknown"
  },
  {
    "title": "Genmab Hosts Plenary and Life Science Fair on AI\u2019s Role in the Future of Healthcare and Labs",
    "link": "https://www.genmab.com/news-insights/stories/genmab-hosts-plenary-and-life-science-fair-on-AI-role-in-the-future-of-healthcare-and-labs",
    "timestamp": "unknown"
  },
  {
    "title": "Careers",
    "link": "https://careers.genmab.com/global/en",
    "timestamp": "unknown"
  },
  {
    "title": "Healthcare ProfessionalsPatients & Care PartnersPartnershipsContact",
    "link": "https://www.genmab.com/healthcare-professionals/",
    "timestamp": "unknown"
  },
  {
    "title": "Healthcare Professionals",
    "link": "https://www.genmab.com/healthcare-professionals/",
    "timestamp": "unknown"
  },
  {
    "title": "Patients & Care Partners",
    "link": "https://www.genmab.com/patients-care-partners/",
    "timestamp": "unknown"
  },
  {
    "title": "Partnerships",
    "link": "https://www.genmab.com/partnerships",
    "timestamp": "unknown"
  },
  {
    "title": "Contact",
    "link": "https://www.genmab.com/contact/",
    "timestamp": "unknown"
  },
  {
    "title": "Genmab regional sitesJapanUSA",
    "link": "https://genmab.co.jp/",
    "timestamp": "unknown"
  },
  {
    "title": "Japan",
    "link": "https://genmab.co.jp/",
    "timestamp": "unknown"
  },
  {
    "title": "USA",
    "link": "https://www.us.genmab.com/",
    "timestamp": "unknown"
  },
  {
    "title": "NewsGenmab NewsNewsEmail Alerts",
    "link": "https://ir.genmab.com/genmab-news",
    "timestamp": "unknown"
  },
  {
    "title": "NewsEmail Alerts",
    "link": "https://ir.genmab.com/genmab-news",
    "timestamp": "unknown"
  },
  {
    "title": "News",
    "link": "https://ir.genmab.com/genmab-news",
    "timestamp": "unknown"
  },
  {
    "title": "Email Alerts",
    "link": "https://ir.genmab.com/email-alert-subscription",
    "timestamp": "unknown"
  },
  {
    "title": "EnglishDanishTo comply with applicable regulation in Denmark, product-related media releases are removed from our website within three weeks of public",
    "link": "https://ir.genmab.com/genmab-news",
    "timestamp": "unknown"
  },
  {
    "title": "EnglishDanishTo comply with applicable regulation in Denmark, product-related media releases are removed from our website within three weeks of public",
    "link": "https://ir.genmab.com/genmab-news",
    "timestamp": "unknown"
  },
  {
    "title": "EnglishDanishTo comply with applicable regulation in Denmark, product-related media releases are removed from our website within three weeks of public",
    "link": "https://ir.genmab.com/genmab-news",
    "timestamp": "unknown"
  },
  {
    "title": "EnglishDanishTo comply with applicable regulation in Denmark, product-related media releases are removed from our website within three weeks of public",
    "link": "https://ir.genmab.com/genmab-news",
    "timestamp": "unknown"
  },
  {
    "title": "EnglishDanish",
    "link": "https://ir.genmab.com/genmab-news",
    "timestamp": "unknown"
  },
  {
    "title": "English",
    "link": "https://ir.genmab.com/genmab-news",
    "timestamp": "unknown"
  },
  {
    "title": "Danish",
    "link": "https://ir.genmab.com/da/genmab-news",
    "timestamp": "unknown"
  },
  {
    "title": "To comply with applicable regulation in Denmark, product-related media releases are removed from our website within three weeks of publication. They a",
    "link": "mailto:media@genmab.com",
    "timestamp": "unknown"
  },
  {
    "title": "To comply with applicable regulation in Denmark, product-related media releases are removed from our website within three weeks of publication. They a",
    "link": "mailto:media@genmab.com",
    "timestamp": "unknown"
  },
  {
    "title": "To comply with applicable regulation in Denmark, product-related media releases are removed from our website within three weeks of publication. They a",
    "link": "mailto:media@genmab.com",
    "timestamp": "unknown"
  },
  {
    "title": "To comply with applicable regulation in Denmark, product-related media releases are removed from our website within three weeks of publication. They a",
    "link": "mailto:media@genmab.com",
    "timestamp": "unknown"
  },
  {
    "title": "To comply with applicable regulation in Denmark, product-related media releases are removed from our website within three weeks of publication. They a",
    "link": "mailto:media@genmab.com",
    "timestamp": "unknown"
  },
  {
    "title": "To comply with applicable regulation in Denmark, product-related media releases are removed from our website within three weeks of publication. They a",
    "link": "mailto:media@genmab.com",
    "timestamp": "unknown"
  },
  {
    "title": "To comply with applicable regulation in Denmark, product-related media releases are removed from our website within three weeks of publication. They a",
    "link": "mailto:media@genmab.com",
    "timestamp": "unknown"
  },
  {
    "title": "To comply with applicable regulation in Denmark, product-related media releases are removed from our website within three weeks of publication. They a",
    "link": "mailto:media@genmab.com",
    "timestamp": "unknown"
  },
  {
    "title": "To comply with applicable regulation in Denmark, product-related media releases are removed from our website within three weeks of publication. They a",
    "link": "mailto:media@genmab.com",
    "timestamp": "unknown"
  },
  {
    "title": "To comply with applicable regulation in Denmark, product-related media releases are removed from our website within three weeks of publication. They a",
    "link": "mailto:media@genmab.com",
    "timestamp": "unknown"
  },
  {
    "title": "To comply with applicable regulation in Denmark, product-related media releases are removed from our website within three weeks of publication. They a",
    "link": "mailto:media@genmab.com",
    "timestamp": "unknown"
  },
  {
    "title": "To comply with applicable regulation in Denmark, product-related media releases are removed from our website within three weeks of publication. They a",
    "link": "mailto:media@genmab.com",
    "timestamp": "unknown"
  },
  {
    "title": "To comply with applicable regulation in Denmark, product-related media releases are removed from our website within three weeks of publication. They a",
    "link": "mailto:media@genmab.com",
    "timestamp": "unknown"
  },
  {
    "title": "News CategoryAllArticles of AssociationCompany AnnouncementsMedia ReleasesYearAllFeb ,  at  CETNotice to Convene the Annual General Meeting of Genmab ",
    "link": "https://ir.genmab.com/news-releases/news-release-details/notice-convene-annual-general-meeting-genmab-",
    "timestamp": "unknown"
  },
  {
    "title": "News CategoryAllArticles of AssociationCompany AnnouncementsMedia ReleasesYearAllFeb ,  at  CETNotice to Convene the Annual General Meeting of Genmab ",
    "link": "https://ir.genmab.com/news-releases/news-release-details/notice-convene-annual-general-meeting-genmab-",
    "timestamp": "unknown"
  },
  {
    "title": "News CategoryAllArticles of AssociationCompany AnnouncementsMedia ReleasesYearAllFeb ,  at  CETNotice to Convene the Annual General Meeting of Genmab ",
    "link": "https://ir.genmab.com/news-releases/news-release-details/notice-convene-annual-general-meeting-genmab-",
    "timestamp": "unknown"
  },
  {
    "title": "News CategoryAllArticles of AssociationCompany AnnouncementsMedia ReleasesYearAllFeb ,  at  CETNotice to Convene the Annual General Meeting of Genmab ",
    "link": "https://ir.genmab.com/news-releases/news-release-details/notice-convene-annual-general-meeting-genmab-",
    "timestamp": "unknown"
  },
  {
    "title": "News CategoryAllArticles of AssociationCompany AnnouncementsMedia ReleasesYearAllFeb ,  at  CETNotice to Convene the Annual General Meeting of Genmab ",
    "link": "https://ir.genmab.com/news-releases/news-release-details/notice-convene-annual-general-meeting-genmab-",
    "timestamp": "unknown"
  },
  {
    "title": "Feb ,  at  CETNotice to Convene the Annual General Meeting of Genmab A/SDownloadFeb ,  at  CETGenmab Announces Initiation of Share Buy-Back ProgramDow",
    "link": "https://ir.genmab.com/news-releases/news-release-details/notice-convene-annual-general-meeting-genmab-",
    "timestamp": "unknown"
  },
  {
    "title": "Feb ,  at  CETNotice to Convene the Annual General Meeting of Genmab A/SDownload",
    "link": "https://ir.genmab.com/news-releases/news-release-details/notice-convene-annual-general-meeting-genmab-",
    "timestamp": "unknown"
  },
  {
    "title": "Feb ,  at  CETNotice to Convene the Annual General Meeting of Genmab A/SDownload",
    "link": "https://ir.genmab.com/news-releases/news-release-details/notice-convene-annual-general-meeting-genmab-",
    "timestamp": "unknown"
  },
  {
    "title": "Feb ,  at  CETNotice to Convene the Annual General Meeting of Genmab A/SDownload",
    "link": "https://ir.genmab.com/news-releases/news-release-details/notice-convene-annual-general-meeting-genmab-",
    "timestamp": "unknown"
  },
  {
    "title": "Feb ,  at  CETNotice to Convene the Annual General Meeting of Genmab A/SDownload",
    "link": "https://ir.genmab.com/news-releases/news-release-details/notice-convene-annual-general-meeting-genmab-",
    "timestamp": "unknown"
  },
  {
    "title": "Notice to Convene the Annual General Meeting of Genmab A/SDownload",
    "link": "https://ir.genmab.com/news-releases/news-release-details/notice-convene-annual-general-meeting-genmab-",
    "timestamp": "unknown"
  },
  {
    "title": "Notice to Convene the Annual General Meeting of Genmab A/S",
    "link": "https://ir.genmab.com/news-releases/news-release-details/notice-convene-annual-general-meeting-genmab-",
    "timestamp": "unknown"
  },
  {
    "title": "Notice to Convene the Annual General Meeting of Genmab A/S",
    "link": "https://ir.genmab.com/news-releases/news-release-details/notice-convene-annual-general-meeting-genmab-",
    "timestamp": "unknown"
  },
  {
    "title": "Notice to Convene the Annual General Meeting of Genmab A/S",
    "link": "https://ir.genmab.com/news-releases/news-release-details/notice-convene-annual-general-meeting-genmab-",
    "timestamp": "unknown"
  },
  {
    "title": "Download",
    "link": "https://ml-eu.globenewswire.com/Resource/Download/176c2f72---8c2c-4686b5eafb44",
    "timestamp": "unknown"
  },
  {
    "title": "Feb ,  at  CETGenmab Announces Initiation of Share Buy-Back ProgramDownload",
    "link": "https://ir.genmab.com/news-releases/news-release-details/genmab-announces-initiation-share-buy-back-program-",
    "timestamp": "unknown"
  },
  {
    "title": "Feb ,  at  CETGenmab Announces Initiation of Share Buy-Back ProgramDownload",
    "link": "https://ir.genmab.com/news-releases/news-release-details/genmab-announces-initiation-share-buy-back-program-",
    "timestamp": "unknown"
  },
  {
    "title": "Feb ,  at  CETGenmab Announces Initiation of Share Buy-Back ProgramDownload",
    "link": "https://ir.genmab.com/news-releases/news-release-details/genmab-announces-initiation-share-buy-back-program-",
    "timestamp": "unknown"
  },
  {
    "title": "Feb ,  at  CETGenmab Announces Initiation of Share Buy-Back ProgramDownload",
    "link": "https://ir.genmab.com/news-releases/news-release-details/genmab-announces-initiation-share-buy-back-program-",
    "timestamp": "unknown"
  },
  {
    "title": "Genmab Announces Initiation of Share Buy-Back ProgramDownload",
    "link": "https://ir.genmab.com/news-releases/news-release-details/genmab-announces-initiation-share-buy-back-program-",
    "timestamp": "unknown"
  },
  {
    "title": "Genmab Announces Initiation of Share Buy-Back Program",
    "link": "https://ir.genmab.com/news-releases/news-release-details/genmab-announces-initiation-share-buy-back-program-",
    "timestamp": "unknown"
  },
  {
    "title": "Genmab Announces Initiation of Share Buy-Back Program",
    "link": "https://ir.genmab.com/news-releases/news-release-details/genmab-announces-initiation-share-buy-back-program-",
    "timestamp": "unknown"
  },
  {
    "title": "Genmab Announces Initiation of Share Buy-Back Program",
    "link": "https://ir.genmab.com/news-releases/news-release-details/genmab-announces-initiation-share-buy-back-program-",
    "timestamp": "unknown"
  },
  {
    "title": "Download",
    "link": "https://ml-eu.globenewswire.com/Resource/Download/9b555715--4b46--00131c863e68",
    "timestamp": "unknown"
  },
  {
    "title": "Feb ,  at  CETGenmab Files Annual Report with the U.S. Securities and Exchange CommissionDownload",
    "link": "https://ir.genmab.com/news-releases/news-release-details/genmab-files-annual-report-us-securities-and-exchange-",
    "timestamp": "unknown"
  },
  {
    "title": "Feb ,  at  CETGenmab Files Annual Report with the U.S. Securities and Exchange CommissionDownload",
    "link": "https://ir.genmab.com/news-releases/news-release-details/genmab-files-annual-report-us-securities-and-exchange-",
    "timestamp": "unknown"
  },
  {
    "title": "Feb ,  at  CETGenmab Files Annual Report with the U.S. Securities and Exchange CommissionDownload",
    "link": "https://ir.genmab.com/news-releases/news-release-details/genmab-files-annual-report-us-securities-and-exchange-",
    "timestamp": "unknown"
  },
  {
    "title": "Feb ,  at  CETGenmab Files Annual Report with the U.S. Securities and Exchange CommissionDownload",
    "link": "https://ir.genmab.com/news-releases/news-release-details/genmab-files-annual-report-us-securities-and-exchange-",
    "timestamp": "unknown"
  },
  {
    "title": "Genmab Files Annual Report with the U.S. Securities and Exchange CommissionDownload",
    "link": "https://ir.genmab.com/news-releases/news-release-details/genmab-files-annual-report-us-securities-and-exchange-",
    "timestamp": "unknown"
  },
  {
    "title": "Genmab Files Annual Report with the U.S. Securities and Exchange Commission",
    "link": "https://ir.genmab.com/news-releases/news-release-details/genmab-files-annual-report-us-securities-and-exchange-",
    "timestamp": "unknown"
  },
  {
    "title": "Genmab Files Annual Report with the U.S. Securities and Exchange Commission",
    "link": "https://ir.genmab.com/news-releases/news-release-details/genmab-files-annual-report-us-securities-and-exchange-",
    "timestamp": "unknown"
  },
  {
    "title": "Genmab Files Annual Report with the U.S. Securities and Exchange Commission",
    "link": "https://ir.genmab.com/news-releases/news-release-details/genmab-files-annual-report-us-securities-and-exchange-",
    "timestamp": "unknown"
  },
  {
    "title": "Download",
    "link": "https://ml-eu.globenewswire.com/Resource/Download/ccf5bf1a-410a--8f6b-60667619afb4",
    "timestamp": "unknown"
  },
  {
    "title": "Feb ,  at  CETGenmab Publishes  Annual ReportDownloadDownload",
    "link": "https://ir.genmab.com/news-releases/news-release-details/genmab-publishes--annual-report",
    "timestamp": "unknown"
  },
  {
    "title": "Feb ,  at  CETGenmab Publishes  Annual ReportDownloadDownload",
    "link": "https://ir.genmab.com/news-releases/news-release-details/genmab-publishes--annual-report",
    "timestamp": "unknown"
  },
  {
    "title": "Feb ,  at  CETGenmab Publishes  Annual ReportDownloadDownload",
    "link": "https://ir.genmab.com/news-releases/news-release-details/genmab-publishes--annual-report",
    "timestamp": "unknown"
  },
  {
    "title": "Feb ,  at  CETGenmab Publishes  Annual ReportDownloadDownload",
    "link": "https://ir.genmab.com/news-releases/news-release-details/genmab-publishes--annual-report",
    "timestamp": "unknown"
  },
  {
    "title": "Genmab Publishes  Annual ReportDownloadDownload",
    "link": "https://ir.genmab.com/news-releases/news-release-details/genmab-publishes--annual-report",
    "timestamp": "unknown"
  },
  {
    "title": "Genmab Publishes  Annual Report",
    "link": "https://ir.genmab.com/news-releases/news-release-details/genmab-publishes--annual-report",
    "timestamp": "unknown"
  },
  {
    "title": "Genmab Publishes  Annual Report",
    "link": "https://ir.genmab.com/news-releases/news-release-details/genmab-publishes--annual-report",
    "timestamp": "unknown"
  },
  {
    "title": "Genmab Publishes  Annual Report",
    "link": "https://ir.genmab.com/news-releases/news-release-details/genmab-publishes--annual-report",
    "timestamp": "unknown"
  },
  {
    "title": "DownloadDownload",
    "link": "https://ml-eu.globenewswire.com/Resource/Download/8c027706-103c-4aaf-a4d0-286a58285fb9",
    "timestamp": "unknown"
  },
  {
    "title": "Feb ,  at  CETGenmab A/S has published its Articles of Association",
    "link": "https://ir.genmab.com/news-releases/news-release-details/genmab-has-published-its-articles-association-",
    "timestamp": "unknown"
  },
  {
    "title": "Feb ,  at  CETGenmab A/S has published its Articles of Association",
    "link": "https://ir.genmab.com/news-releases/news-release-details/genmab-has-published-its-articles-association-",
    "timestamp": "unknown"
  },
  {
    "title": "Feb ,  at  CETGenmab A/S has published its Articles of Association",
    "link": "https://ir.genmab.com/news-releases/news-release-details/genmab-has-published-its-articles-association-",
    "timestamp": "unknown"
  },
  {
    "title": "Feb ,  at  CETGenmab A/S has published its Articles of Association",
    "link": "https://ir.genmab.com/news-releases/news-release-details/genmab-has-published-its-articles-association-",
    "timestamp": "unknown"
  },
  {
    "title": "Genmab A/S has published its Articles of Association",
    "link": "https://ir.genmab.com/news-releases/news-release-details/genmab-has-published-its-articles-association-",
    "timestamp": "unknown"
  },
  {
    "title": "Genmab A/S has published its Articles of Association",
    "link": "https://ir.genmab.com/news-releases/news-release-details/genmab-has-published-its-articles-association-",
    "timestamp": "unknown"
  },
  {
    "title": "Genmab A/S has published its Articles of Association",
    "link": "https://ir.genmab.com/news-releases/news-release-details/genmab-has-published-its-articles-association-",
    "timestamp": "unknown"
  },
  {
    "title": "Genmab A/S has published its Articles of Association",
    "link": "https://ir.genmab.com/news-releases/news-release-details/genmab-has-published-its-articles-association-",
    "timestamp": "unknown"
  },
  {
    "title": "Jan ,  at  CETGrant of Restricted Stock Units and Warrants to Employees in GenmabDownload",
    "link": "https://ir.genmab.com/news-releases/news-release-details/grant-restricted-stock-units-and-warrants-employees-genmab-",
    "timestamp": "unknown"
  },
  {
    "title": "Jan ,  at  CETGrant of Restricted Stock Units and Warrants to Employees in GenmabDownload",
    "link": "https://ir.genmab.com/news-releases/news-release-details/grant-restricted-stock-units-and-warrants-employees-genmab-",
    "timestamp": "unknown"
  },
  {
    "title": "Jan ,  at  CETGrant of Restricted Stock Units and Warrants to Employees in GenmabDownload",
    "link": "https://ir.genmab.com/news-releases/news-release-details/grant-restricted-stock-units-and-warrants-employees-genmab-",
    "timestamp": "unknown"
  },
  {
    "title": "Jan ,  at  CETGrant of Restricted Stock Units and Warrants to Employees in GenmabDownload",
    "link": "https://ir.genmab.com/news-releases/news-release-details/grant-restricted-stock-units-and-warrants-employees-genmab-",
    "timestamp": "unknown"
  },
  {
    "title": "Grant of Restricted Stock Units and Warrants to Employees in GenmabDownload",
    "link": "https://ir.genmab.com/news-releases/news-release-details/grant-restricted-stock-units-and-warrants-employees-genmab-",
    "timestamp": "unknown"
  },
  {
    "title": "Grant of Restricted Stock Units and Warrants to Employees in Genmab",
    "link": "https://ir.genmab.com/news-releases/news-release-details/grant-restricted-stock-units-and-warrants-employees-genmab-",
    "timestamp": "unknown"
  },
  {
    "title": "Grant of Restricted Stock Units and Warrants to Employees in Genmab",
    "link": "https://ir.genmab.com/news-releases/news-release-details/grant-restricted-stock-units-and-warrants-employees-genmab-",
    "timestamp": "unknown"
  },
  {
    "title": "Grant of Restricted Stock Units and Warrants to Employees in Genmab",
    "link": "https://ir.genmab.com/news-releases/news-release-details/grant-restricted-stock-units-and-warrants-employees-genmab-",
    "timestamp": "unknown"
  },
  {
    "title": "Download",
    "link": "https://ml-eu.globenewswire.com/Resource/Download/cc4bb0ec-fe84-4b99-8dd0-31cfbd233e64",
    "timestamp": "unknown"
  },
  {
    "title": "Jan ,  at  CETGenmab Announces Net Sales of DARZALEX\u00ae (daratumumab) forDownload",
    "link": "https://ir.genmab.com/news-releases/news-release-details/genmab-announces-net-sales-darzalexr-daratumumab-",
    "timestamp": "unknown"
  },
  {
    "title": "Jan ,  at  CETGenmab Announces Net Sales of DARZALEX\u00ae (daratumumab) forDownload",
    "link": "https://ir.genmab.com/news-releases/news-release-details/genmab-announces-net-sales-darzalexr-daratumumab-",
    "timestamp": "unknown"
  },
  {
    "title": "Jan ,  at  CETGenmab Announces Net Sales of DARZALEX\u00ae (daratumumab) forDownload",
    "link": "https://ir.genmab.com/news-releases/news-release-details/genmab-announces-net-sales-darzalexr-daratumumab-",
    "timestamp": "unknown"
  },
  {
    "title": "Jan ,  at  CETGenmab Announces Net Sales of DARZALEX\u00ae (daratumumab) forDownload",
    "link": "https://ir.genmab.com/news-releases/news-release-details/genmab-announces-net-sales-darzalexr-daratumumab-",
    "timestamp": "unknown"
  },
  {
    "title": "Genmab Announces Net Sales of DARZALEX\u00ae (daratumumab) forDownload",
    "link": "https://ir.genmab.com/news-releases/news-release-details/genmab-announces-net-sales-darzalexr-daratumumab-",
    "timestamp": "unknown"
  },
  {
    "title": "Genmab Announces Net Sales of DARZALEX\u00ae (daratumumab) for",
    "link": "https://ir.genmab.com/news-releases/news-release-details/genmab-announces-net-sales-darzalexr-daratumumab-",
    "timestamp": "unknown"
  },
  {
    "title": "Genmab Announces Net Sales of DARZALEX\u00ae (daratumumab) for",
    "link": "https://ir.genmab.com/news-releases/news-release-details/genmab-announces-net-sales-darzalexr-daratumumab-",
    "timestamp": "unknown"
  },
  {
    "title": "Genmab Announces Net Sales of DARZALEX\u00ae (daratumumab) for",
    "link": "https://ir.genmab.com/news-releases/news-release-details/genmab-announces-net-sales-darzalexr-daratumumab-",
    "timestamp": "unknown"
  },
  {
    "title": "Download",
    "link": "https://ml-eu.globenewswire.com/Resource/Download/8e552e1d-d3fa-4dcd-ad5c-cd14145e1910",
    "timestamp": "unknown"
  },
  {
    "title": "Jan ,  at  CETGenmab Announces Topline Results for Epcoritamab (DuoBody\u00ae CD3xCD20) from Phase  EPCORE\u00ae DLBCL- Trial in Patients with Relapsed/Refracto",
    "link": "https://ir.genmab.com/news-releases/news-release-details/genmab-announces-topline-results-epcoritamab-duobodyr-cd3xcd20",
    "timestamp": "unknown"
  },
  {
    "title": "Jan ,  at  CETGenmab Announces Topline Results for Epcoritamab (DuoBody\u00ae CD3xCD20) from Phase  EPCORE\u00ae DLBCL- Trial in Patients with Relapsed/Refracto",
    "link": "https://ir.genmab.com/news-releases/news-release-details/genmab-announces-topline-results-epcoritamab-duobodyr-cd3xcd20",
    "timestamp": "unknown"
  },
  {
    "title": "Jan ,  at  CETGenmab Announces Topline Results for Epcoritamab (DuoBody\u00ae CD3xCD20) from Phase  EPCORE\u00ae DLBCL- Trial in Patients with Relapsed/Refracto",
    "link": "https://ir.genmab.com/news-releases/news-release-details/genmab-announces-topline-results-epcoritamab-duobodyr-cd3xcd20",
    "timestamp": "unknown"
  },
  {
    "title": "Jan ,  at  CETGenmab Announces Topline Results for Epcoritamab (DuoBody\u00ae CD3xCD20) from Phase  EPCORE\u00ae DLBCL- Trial in Patients with Relapsed/Refracto",
    "link": "https://ir.genmab.com/news-releases/news-release-details/genmab-announces-topline-results-epcoritamab-duobodyr-cd3xcd20",
    "timestamp": "unknown"
  },
  {
    "title": "Genmab Announces Topline Results for Epcoritamab (DuoBody\u00ae CD3xCD20) from Phase  EPCORE\u00ae DLBCL- Trial in Patients with Relapsed/Refractory Diffuse Lar",
    "link": "https://ir.genmab.com/news-releases/news-release-details/genmab-announces-topline-results-epcoritamab-duobodyr-cd3xcd20",
    "timestamp": "unknown"
  },
  {
    "title": "Genmab Announces Topline Results for Epcoritamab (DuoBody\u00ae CD3xCD20) from Phase  EPCORE\u00ae DLBCL- Trial in Patients with Relapsed/Refractory Diffuse Lar",
    "link": "https://ir.genmab.com/news-releases/news-release-details/genmab-announces-topline-results-epcoritamab-duobodyr-cd3xcd20",
    "timestamp": "unknown"
  },
  {
    "title": "Genmab Announces Topline Results for Epcoritamab (DuoBody\u00ae CD3xCD20) from Phase  EPCORE\u00ae DLBCL- Trial in Patients with Relapsed/Refractory Diffuse Lar",
    "link": "https://ir.genmab.com/news-releases/news-release-details/genmab-announces-topline-results-epcoritamab-duobodyr-cd3xcd20",
    "timestamp": "unknown"
  },
  {
    "title": "Genmab Announces Topline Results for Epcoritamab (DuoBody\u00ae CD3xCD20) from Phase  EPCORE\u00ae DLBCL- Trial in Patients with Relapsed/Refractory Diffuse Lar",
    "link": "https://ir.genmab.com/news-releases/news-release-details/genmab-announces-topline-results-epcoritamab-duobodyr-cd3xcd20",
    "timestamp": "unknown"
  },
  {
    "title": "Download",
    "link": "https://ml-eu.globenewswire.com/Resource/Download/d8da172d-ae7b--a1bf-221e4dcca728",
    "timestamp": "unknown"
  },
  {
    "title": "Jan ,  at  CETGenmab Partners with Anthropic to Accelerate Research and Development Through Agentic Artificial IntelligenceDownload",
    "link": "https://ir.genmab.com/news-releases/news-release-details/genmab-partners-anthropic-accelerate-research-and-development",
    "timestamp": "unknown"
  },
  {
    "title": "Jan ,  at  CETGenmab Partners with Anthropic to Accelerate Research and Development Through Agentic Artificial IntelligenceDownload",
    "link": "https://ir.genmab.com/news-releases/news-release-details/genmab-partners-anthropic-accelerate-research-and-development",
    "timestamp": "unknown"
  },
  {
    "title": "Jan ,  at  CETGenmab Partners with Anthropic to Accelerate Research and Development Through Agentic Artificial IntelligenceDownload",
    "link": "https://ir.genmab.com/news-releases/news-release-details/genmab-partners-anthropic-accelerate-research-and-development",
    "timestamp": "unknown"
  },
  {
    "title": "Jan ,  at  CETGenmab Partners with Anthropic to Accelerate Research and Development Through Agentic Artificial IntelligenceDownload",
    "link": "https://ir.genmab.com/news-releases/news-release-details/genmab-partners-anthropic-accelerate-research-and-development",
    "timestamp": "unknown"
  },
  {
    "title": "Genmab Partners with Anthropic to Accelerate Research and Development Through Agentic Artificial IntelligenceDownload",
    "link": "https://ir.genmab.com/news-releases/news-release-details/genmab-partners-anthropic-accelerate-research-and-development",
    "timestamp": "unknown"
  },
  {
    "title": "Genmab Partners with Anthropic to Accelerate Research and Development Through Agentic Artificial Intelligence",
    "link": "https://ir.genmab.com/news-releases/news-release-details/genmab-partners-anthropic-accelerate-research-and-development",
    "timestamp": "unknown"
  },
  {
    "title": "Genmab Partners with Anthropic to Accelerate Research and Development Through Agentic Artificial Intelligence",
    "link": "https://ir.genmab.com/news-releases/news-release-details/genmab-partners-anthropic-accelerate-research-and-development",
    "timestamp": "unknown"
  },
  {
    "title": "Genmab Partners with Anthropic to Accelerate Research and Development Through Agentic Artificial Intelligence",
    "link": "https://ir.genmab.com/news-releases/news-release-details/genmab-partners-anthropic-accelerate-research-and-development",
    "timestamp": "unknown"
  },
  {
    "title": "Download",
    "link": "https://ml-eu.globenewswire.com/Resource/Download/2f73689c-fe10-4c58--b536ebfe526c",
    "timestamp": "unknown"
  },
  {
    "title": "Jan ,  at  CETGenmab to Present at the 44th Annual J.P. Morgan Healthcare ConferenceDownload",
    "link": "https://ir.genmab.com/news-releases/news-release-details/genmab-present-44th-annual-jp-morgan-healthcare-conference",
    "timestamp": "unknown"
  },
  {
    "title": "Jan ,  at  CETGenmab to Present at the 44th Annual J.P. Morgan Healthcare ConferenceDownload",
    "link": "https://ir.genmab.com/news-releases/news-release-details/genmab-present-44th-annual-jp-morgan-healthcare-conference",
    "timestamp": "unknown"
  },
  {
    "title": "Jan ,  at  CETGenmab to Present at the 44th Annual J.P. Morgan Healthcare ConferenceDownload",
    "link": "https://ir.genmab.com/news-releases/news-release-details/genmab-present-44th-annual-jp-morgan-healthcare-conference",
    "timestamp": "unknown"
  },
  {
    "title": "Jan ,  at  CETGenmab to Present at the 44th Annual J.P. Morgan Healthcare ConferenceDownload",
    "link": "https://ir.genmab.com/news-releases/news-release-details/genmab-present-44th-annual-jp-morgan-healthcare-conference",
    "timestamp": "unknown"
  },
  {
    "title": "Genmab to Present at the 44th Annual J.P. Morgan Healthcare ConferenceDownload",
    "link": "https://ir.genmab.com/news-releases/news-release-details/genmab-present-44th-annual-jp-morgan-healthcare-conference",
    "timestamp": "unknown"
  },
  {
    "title": "Genmab to Present at the 44th Annual J.P. Morgan Healthcare Conference",
    "link": "https://ir.genmab.com/news-releases/news-release-details/genmab-present-44th-annual-jp-morgan-healthcare-conference",
    "timestamp": "unknown"
  },
  {
    "title": "Genmab to Present at the 44th Annual J.P. Morgan Healthcare Conference",
    "link": "https://ir.genmab.com/news-releases/news-release-details/genmab-present-44th-annual-jp-morgan-healthcare-conference",
    "timestamp": "unknown"
  },
  {
    "title": "Genmab to Present at the 44th Annual J.P. Morgan Healthcare Conference",
    "link": "https://ir.genmab.com/news-releases/news-release-details/genmab-present-44th-annual-jp-morgan-healthcare-conference",
    "timestamp": "unknown"
  },
  {
    "title": "Download",
    "link": "https://ml-eu.globenewswire.com/Resource/Download/ad011507-4b78-480e-b249-12b1955e4718",
    "timestamp": "unknown"
  },
  {
    "title": "Explore furtherNews & InsightsFind updates, articles and access media from Genmab.News & InsightsStoriesRead how Genmab's antibody therapeutic product",
    "link": "https://www.genmab.com/news-insights",
    "timestamp": "unknown"
  },
  {
    "title": "News & InsightsFind updates, articles and access media from Genmab.News & InsightsStoriesRead how Genmab's antibody therapeutic products, technologies",
    "link": "https://www.genmab.com/news-insights",
    "timestamp": "unknown"
  },
  {
    "title": "News & InsightsFind updates, articles and access media from Genmab.News & Insights",
    "link": "https://www.genmab.com/news-insights",
    "timestamp": "unknown"
  },
  {
    "title": "News & InsightsFind updates, articles and access media from Genmab.News & Insights",
    "link": "https://www.genmab.com/news-insights",
    "timestamp": "unknown"
  },
  {
    "title": "News & InsightsFind updates, articles and access media from Genmab.News & Insights",
    "link": "https://www.genmab.com/news-insights",
    "timestamp": "unknown"
  },
  {
    "title": "News & InsightsFind updates, articles and access media from Genmab.News & Insights",
    "link": "https://www.genmab.com/news-insights",
    "timestamp": "unknown"
  },
  {
    "title": "News & InsightsFind updates, articles and access media from Genmab.News & Insights",
    "link": "https://www.genmab.com/news-insights",
    "timestamp": "unknown"
  },
  {
    "title": "Find updates, articles and access media from Genmab.News & Insights",
    "link": "https://www.genmab.com/news-insights",
    "timestamp": "unknown"
  },
  {
    "title": "Find updates, articles and access media from Genmab.News & Insights",
    "link": "https://www.genmab.com/news-insights",
    "timestamp": "unknown"
  },
  {
    "title": "StoriesRead how Genmab's antibody therapeutic products, technologies and expertise are being developed and applied with patients and partners.Stories",
    "link": "https://www.genmab.com/news-insights/stories",
    "timestamp": "unknown"
  },
  {
    "title": "StoriesRead how Genmab's antibody therapeutic products, technologies and expertise are being developed and applied with patients and partners.Stories",
    "link": "https://www.genmab.com/news-insights/stories",
    "timestamp": "unknown"
  },
  {
    "title": "StoriesRead how Genmab's antibody therapeutic products, technologies and expertise are being developed and applied with patients and partners.Stories",
    "link": "https://www.genmab.com/news-insights/stories",
    "timestamp": "unknown"
  },
  {
    "title": "StoriesRead how Genmab's antibody therapeutic products, technologies and expertise are being developed and applied with patients and partners.Stories",
    "link": "https://www.genmab.com/news-insights/stories",
    "timestamp": "unknown"
  },
  {
    "title": "StoriesRead how Genmab's antibody therapeutic products, technologies and expertise are being developed and applied with patients and partners.Stories",
    "link": "https://www.genmab.com/news-insights/stories",
    "timestamp": "unknown"
  },
  {
    "title": "Read how Genmab's antibody therapeutic products, technologies and expertise are being developed and applied with patients and partners.Stories",
    "link": "https://www.genmab.com/news-insights/stories",
    "timestamp": "unknown"
  },
  {
    "title": "Read how Genmab's antibody therapeutic products, technologies and expertise are being developed and applied with patients and partners.Stories",
    "link": "https://www.genmab.com/news-insights/stories",
    "timestamp": "unknown"
  },
  {
    "title": "Transforming lives with pioneering antibody scienceQuick LinksNewsMedicinesPipelineStoriesExploreAboutAntibody ScienceImpactInvestorsNews & InsightsCa",
    "link": "https://www.genmab.com/",
    "timestamp": "unknown"
  },
  {
    "title": "Transforming lives with pioneering antibody scienceQuick LinksNewsMedicinesPipelineStoriesExploreAboutAntibody ScienceImpactInvestorsNews & InsightsCa",
    "link": "https://www.genmab.com/",
    "timestamp": "unknown"
  },
  {
    "title": "Transforming lives with pioneering antibody scienceQuick LinksNewsMedicinesPipelineStoriesExploreAboutAntibody ScienceImpactInvestorsNews & InsightsCa",
    "link": "https://www.genmab.com/",
    "timestamp": "unknown"
  },
  {
    "title": "Quick LinksNewsMedicinesPipelineStories",
    "link": "https://ir.genmab.com/genmab-news",
    "timestamp": "unknown"
  },
  {
    "title": "News",
    "link": "https://ir.genmab.com/genmab-news",
    "timestamp": "unknown"
  },
  {
    "title": "Medicines",
    "link": "https://www.genmab.com/antibody-science/our-medicines/",
    "timestamp": "unknown"
  },
  {
    "title": "Pipeline",
    "link": "https://www.genmab.com/antibody-science/pipeline/",
    "timestamp": "unknown"
  },
  {
    "title": "Stories",
    "link": "https://www.genmab.com/news-insights/stories/",
    "timestamp": "unknown"
  },
  {
    "title": "ExploreAboutAntibody ScienceImpactInvestorsNews & InsightsCareers",
    "link": "https://www.genmab.com/about/",
    "timestamp": "unknown"
  },
  {
    "title": "About",
    "link": "https://www.genmab.com/about/",
    "timestamp": "unknown"
  },
  {
    "title": "Antibody Science",
    "link": "https://www.genmab.com/antibody-science/",
    "timestamp": "unknown"
  },
  {
    "title": "Impact",
    "link": "https://www.genmab.com/our-impact/",
    "timestamp": "unknown"
  },
  {
    "title": "Investors",
    "link": "https://www.genmab.com/investor-relations/",
    "timestamp": "unknown"
  },
  {
    "title": "News & Insights",
    "link": "https://www.genmab.com/news-insights/",
    "timestamp": "unknown"
  },
  {
    "title": "Careers",
    "link": "https://careers.genmab.com/global/en",
    "timestamp": "unknown"
  },
  {
    "title": "ResourcesHealthcare ProfessionalsPatients & Care Partners",
    "link": "https://www.genmab.com/healthcare-professionals/",
    "timestamp": "unknown"
  },
  {
    "title": "Healthcare Professionals",
    "link": "https://www.genmab.com/healthcare-professionals/",
    "timestamp": "unknown"
  },
  {
    "title": "Patients & Care Partners",
    "link": "https://www.genmab.com/patients-care-partners/",
    "timestamp": "unknown"
  },
  {
    "title": "Genmab WebsitesJapanOpens in a new tabUSAOpens in a new tab",
    "link": "https://genmab.co.jp/",
    "timestamp": "unknown"
  },
  {
    "title": "JapanOpens in a new tab",
    "link": "https://genmab.co.jp/",
    "timestamp": "unknown"
  },
  {
    "title": "USAOpens in a new tab",
    "link": "https://www.us.genmab.com/",
    "timestamp": "unknown"
  },
  {
    "title": "Get in touchContact usFollow Genmab",
    "link": "https://www.genmab.com/contact/",
    "timestamp": "unknown"
  },
  {
    "title": "Get in touchContact us",
    "link": "https://www.genmab.com/contact/",
    "timestamp": "unknown"
  },
  {
    "title": "Contact us",
    "link": "https://www.genmab.com/contact/",
    "timestamp": "unknown"
  },
  {
    "title": "Accessibility Policy",
    "link": "https://www.genmab.com/accessibility-policy/",
    "timestamp": "unknown"
  },
  {
    "title": "Disclaimer",
    "link": "https://www.genmab.com/disclaimer/",
    "timestamp": "unknown"
  },
  {
    "title": "Privacy Policy",
    "link": "https://www.genmab.com/privacy",
    "timestamp": "unknown"
  },
  {
    "title": "Social Media Terms of Use",
    "link": "https://www.genmab.com/social-media-terms-of-use/",
    "timestamp": "unknown"
  },
  {
    "title": "ContinueCancel",
    "link": "https://ir.genmab.com/genmab-news",
    "timestamp": "unknown"
  }
]