[
  {
    "title": "InvestorsPress ReleasesEventsStock InformationFinancialsGovernanceInvestor ResourcesNewsroomMedical ProfessionalsCareersIntern ProgramPostdoctoral Pro",
    "link": "https://ir.ionis.com/",
    "timestamp": "unknown"
  },
  {
    "title": "InvestorsPress ReleasesEventsStock InformationFinancialsGovernanceInvestor ResourcesNewsroomMedical ProfessionalsCareersIntern ProgramPostdoctoral Pro",
    "link": "https://ir.ionis.com/",
    "timestamp": "unknown"
  },
  {
    "title": "InvestorsPress ReleasesEventsStock InformationFinancialsGovernanceInvestor ResourcesNewsroomMedical ProfessionalsCareersIntern ProgramPostdoctoral Pro",
    "link": "https://ir.ionis.com/",
    "timestamp": "unknown"
  },
  {
    "title": "InvestorsPress ReleasesEventsStock InformationFinancialsGovernanceInvestor Resources",
    "link": "https://ir.ionis.com/",
    "timestamp": "unknown"
  },
  {
    "title": "Press Releases",
    "link": "https://ir.ionis.com/investor-news/press-releases",
    "timestamp": "unknown"
  },
  {
    "title": "Events",
    "link": "https://ir.ionis.com/events",
    "timestamp": "unknown"
  },
  {
    "title": "Stock Information",
    "link": "https://ir.ionis.com/stock-information/stock-quote-and-chart",
    "timestamp": "unknown"
  },
  {
    "title": "Financials",
    "link": "https://ir.ionis.com/financial-information/sec-filings",
    "timestamp": "unknown"
  },
  {
    "title": "Governance",
    "link": "https://ir.ionis.com/corporate-governance/highlights",
    "timestamp": "unknown"
  },
  {
    "title": "Investor Resources",
    "link": "https://ir.ionis.com/investor-resources/investor-faqs",
    "timestamp": "unknown"
  },
  {
    "title": "Newsroom",
    "link": "https://ionis.com/newsroom",
    "timestamp": "unknown"
  },
  {
    "title": "Medical Professionals",
    "link": "https://www.ionis.com/medical-professionals",
    "timestamp": "unknown"
  },
  {
    "title": "CareersIntern ProgramPostdoctoral Program",
    "link": "https://www.ionis.com/careers",
    "timestamp": "unknown"
  },
  {
    "title": "Intern Program",
    "link": "https://www.ionis.com/careers/intern-program",
    "timestamp": "unknown"
  },
  {
    "title": "Postdoctoral Program",
    "link": "https://www.ionis.com/careers/postdoctoral-program",
    "timestamp": "unknown"
  },
  {
    "title": "Contact Us",
    "link": "https://www.ionis.com/contact-us",
    "timestamp": "unknown"
  },
  {
    "title": "Main navigationAbout UsOur LeadershipOur CultureCorporate ResponsibilityGrants & SponsorshipsAreas of FocusScience & InnovationPipelineClinical Trials",
    "link": "https://www.ionis.com/",
    "timestamp": "unknown"
  },
  {
    "title": "Main navigationAbout UsOur LeadershipOur CultureCorporate ResponsibilityGrants & SponsorshipsAreas of FocusScience & InnovationPipelineClinical Trials",
    "link": "https://www.ionis.com/",
    "timestamp": "unknown"
  },
  {
    "title": "About UsOur LeadershipOur CultureCorporate ResponsibilityGrants & Sponsorships",
    "link": "https://www.ionis.com/about-us/the-ionis-story",
    "timestamp": "unknown"
  },
  {
    "title": "Our Leadership",
    "link": "https://www.ionis.com/about-us/our-leadership",
    "timestamp": "unknown"
  },
  {
    "title": "Our Culture",
    "link": "https://ionis.com/about-us/our-culture",
    "timestamp": "unknown"
  },
  {
    "title": "Corporate Responsibility",
    "link": "https://www.ionis.com/about-us/corporate-responsibility",
    "timestamp": "unknown"
  },
  {
    "title": "Grants & Sponsorships",
    "link": "https://www.ionis.com/about-us/grants-and-sponsorships",
    "timestamp": "unknown"
  },
  {
    "title": "Areas of Focus",
    "link": "https://www.ionis.com/areas-of-focus",
    "timestamp": "unknown"
  },
  {
    "title": "Science & InnovationPipelineClinical TrialsIon-ARPA Initiative",
    "link": "https://www.ionis.com/science-and-innovation",
    "timestamp": "unknown"
  },
  {
    "title": "Pipeline",
    "link": "https://www.ionis.com/science-and-innovation/pipeline",
    "timestamp": "unknown"
  },
  {
    "title": "Clinical Trials",
    "link": "https://ionistrials.com/",
    "timestamp": "unknown"
  },
  {
    "title": "Ion-ARPA Initiative",
    "link": "https://www.ionis.com/science-and-innovation/ion-arpa-initiative",
    "timestamp": "unknown"
  },
  {
    "title": "Medicines",
    "link": "https://www.ionis.com/medicines",
    "timestamp": "unknown"
  },
  {
    "title": "Patients & AdvocacyPatient StoriesPatient ResourcesExpanded Access Policy",
    "link": "https://www.ionis.com/patients-and-advocacy",
    "timestamp": "unknown"
  },
  {
    "title": "Patient Stories",
    "link": "https://www.ionis.com/patients-and-advocacy/patient-stories",
    "timestamp": "unknown"
  },
  {
    "title": "Patient Resources",
    "link": "https://www.ionis.com/patients-and-advocacy/patient-resources",
    "timestamp": "unknown"
  },
  {
    "title": "Expanded Access Policy",
    "link": "https://www.ionis.com/patients-and-advocacy/expanded-access-policy",
    "timestamp": "unknown"
  },
  {
    "title": "Media CenterInvestor RelationsOverviewInvestor NewsPress ReleasesCompany StatementsMedia KitEventsStock InformationStock Quote & ChartAnalyst Coverage",
    "link": "https://ir.ionis.com/",
    "timestamp": "unknown"
  },
  {
    "title": "Media CenterInvestor RelationsOverviewInvestor NewsPress ReleasesCompany StatementsMedia KitEventsStock InformationStock Quote & ChartAnalyst Coverage",
    "link": "https://ir.ionis.com/",
    "timestamp": "unknown"
  },
  {
    "title": "Media CenterInvestor RelationsOverviewInvestor NewsPress ReleasesCompany StatementsMedia KitEventsStock InformationStock Quote & ChartAnalyst Coverage",
    "link": "https://ir.ionis.com/",
    "timestamp": "unknown"
  },
  {
    "title": "Media CenterInvestor RelationsOverviewInvestor NewsPress ReleasesCompany StatementsMedia KitEventsStock InformationStock Quote & ChartAnalyst Coverage",
    "link": "https://ir.ionis.com/",
    "timestamp": "unknown"
  },
  {
    "title": "Media CenterInvestor RelationsOverviewInvestor NewsPress ReleasesCompany StatementsMedia KitEventsStock InformationStock Quote & ChartAnalyst Coverage",
    "link": "https://ir.ionis.com/",
    "timestamp": "unknown"
  },
  {
    "title": "Media CenterInvestor RelationsOverviewInvestor NewsPress ReleasesCompany StatementsMedia KitEventsStock InformationStock Quote & ChartAnalyst Coverage",
    "link": "https://ir.ionis.com/",
    "timestamp": "unknown"
  },
  {
    "title": "Media CenterInvestor RelationsOverviewInvestor NewsPress ReleasesCompany StatementsMedia KitEventsStock InformationStock Quote & ChartAnalyst Coverage",
    "link": "https://ir.ionis.com/",
    "timestamp": "unknown"
  },
  {
    "title": "Media CenterInvestor RelationsOverviewInvestor NewsPress ReleasesCompany StatementsMedia KitEventsStock InformationStock Quote & ChartAnalyst Coverage",
    "link": "https://ir.ionis.com/",
    "timestamp": "unknown"
  },
  {
    "title": "Media CenterInvestor RelationsOverviewInvestor NewsPress ReleasesCompany StatementsMedia KitEventsStock InformationStock Quote & ChartAnalyst Coverage",
    "link": "https://ir.ionis.com/",
    "timestamp": "unknown"
  },
  {
    "title": "Media CenterInvestor RelationsOverviewInvestor NewsPress ReleasesCompany StatementsMedia KitEventsStock InformationStock Quote & ChartAnalyst Coverage",
    "link": "https://ir.ionis.com/",
    "timestamp": "unknown"
  },
  {
    "title": "Media CenterInvestor RelationsOverviewInvestor NewsPress ReleasesCompany StatementsMedia KitEventsStock InformationStock Quote & ChartAnalyst Coverage",
    "link": "https://ir.ionis.com/",
    "timestamp": "unknown"
  },
  {
    "title": "Media CenterInvestor RelationsOverviewInvestor NewsPress ReleasesCompany StatementsMedia KitEventsStock InformationStock Quote & ChartAnalyst Coverage",
    "link": "https://ir.ionis.com/",
    "timestamp": "unknown"
  },
  {
    "title": "Media CenterInvestor RelationsOverviewInvestor NewsPress ReleasesCompany StatementsMedia KitEventsStock InformationStock Quote & ChartAnalyst Coverage",
    "link": "https://ir.ionis.com/",
    "timestamp": "unknown"
  },
  {
    "title": "Investor RelationsOverviewInvestor NewsPress ReleasesCompany StatementsMedia KitEventsStock InformationStock Quote & ChartAnalyst CoverageOwnership Pr",
    "link": "https://ir.ionis.com/",
    "timestamp": "unknown"
  },
  {
    "title": "Investor RelationsOverviewInvestor NewsPress ReleasesCompany StatementsMedia KitEventsStock InformationStock Quote & ChartAnalyst CoverageOwnership Pr",
    "link": "https://ir.ionis.com/",
    "timestamp": "unknown"
  },
  {
    "title": "Overview",
    "link": "https://ir.ionis.com/",
    "timestamp": "unknown"
  },
  {
    "title": "Investor NewsPress ReleasesCompany StatementsMedia Kit",
    "link": "https://ir.ionis.com/news-releases",
    "timestamp": "unknown"
  },
  {
    "title": "Press Releases",
    "link": "https://ir.ionis.com/investor-news/press-releases",
    "timestamp": "unknown"
  },
  {
    "title": "Company Statements",
    "link": "https://ir.ionis.com/investor-news/company-statements",
    "timestamp": "unknown"
  },
  {
    "title": "Media Kit",
    "link": "https://ionis.com/media-kit",
    "timestamp": "unknown"
  },
  {
    "title": "Events",
    "link": "https://ir.ionis.com/events",
    "timestamp": "unknown"
  },
  {
    "title": "Stock InformationStock Quote & ChartAnalyst CoverageOwnership Profile",
    "link": "https://ir.ionis.com/stock-information/stock-quote-and-chart",
    "timestamp": "unknown"
  },
  {
    "title": "Stock Quote & Chart",
    "link": "https://ir.ionis.com/stock-information/stock-quote-and-chart",
    "timestamp": "unknown"
  },
  {
    "title": "Analyst Coverage",
    "link": "https://ir.ionis.com/stock-information/analyst-coverage",
    "timestamp": "unknown"
  },
  {
    "title": "Ownership Profile",
    "link": "https://ir.ionis.com/stock-information/ownership-profile",
    "timestamp": "unknown"
  },
  {
    "title": "FinancialsSEC FilingsAnnual Reports",
    "link": "https://ir.ionis.com/financial-information/annual-reports",
    "timestamp": "unknown"
  },
  {
    "title": "SEC Filings",
    "link": "https://ir.ionis.com/financial-information/sec-filings",
    "timestamp": "unknown"
  },
  {
    "title": "Annual Reports",
    "link": "https://ir.ionis.com/financial-information/annual-reports",
    "timestamp": "unknown"
  },
  {
    "title": "GovernanceGovernance DocumentsCommittee Composition",
    "link": "https://ir.ionis.com/corporate-governance/highlights",
    "timestamp": "unknown"
  },
  {
    "title": "Governance Documents",
    "link": "https://ir.ionis.com/corporate-governance/highlights",
    "timestamp": "unknown"
  },
  {
    "title": "Committee Composition",
    "link": "https://ir.ionis.com/corporate-governance/committee-composition",
    "timestamp": "unknown"
  },
  {
    "title": "Investor ResourcesInvestor FAQsSettlement InformationContact Us",
    "link": "https://ir.ionis.com/investor-resources/investor-faqs",
    "timestamp": "unknown"
  },
  {
    "title": "Investor FAQs",
    "link": "https://ir.ionis.com/investor-resources/investor-faqs",
    "timestamp": "unknown"
  },
  {
    "title": "Settlement Information",
    "link": "https://ir.ionis.com/investor-resources/settlement-information",
    "timestamp": "unknown"
  },
  {
    "title": "Contact Us",
    "link": "https://www.ionis.com/contact-us",
    "timestamp": "unknown"
  },
  {
    "title": "Investor Email Alerts",
    "link": "https://ir.ionis.com/email-alerts",
    "timestamp": "unknown"
  },
  {
    "title": "Investor contact--Email",
    "link": "tel:--",
    "timestamp": "unknown"
  },
  {
    "title": "Investor contact--Email",
    "link": "tel:--",
    "timestamp": "unknown"
  },
  {
    "title": "Investor contact--Email",
    "link": "tel:--",
    "timestamp": "unknown"
  },
  {
    "title": "Investor contact--Email",
    "link": "tel:--",
    "timestamp": "unknown"
  },
  {
    "title": "--",
    "link": "tel:--",
    "timestamp": "unknown"
  },
  {
    "title": "Email",
    "link": "mailto:ir@ionis.com",
    "timestamp": "unknown"
  },
  {
    "title": "Media contact--Email",
    "link": "tel:--",
    "timestamp": "unknown"
  },
  {
    "title": "Media contact--Email",
    "link": "tel:--",
    "timestamp": "unknown"
  },
  {
    "title": "Media contact--Email",
    "link": "tel:--",
    "timestamp": "unknown"
  },
  {
    "title": "Media contact--Email",
    "link": "tel:--",
    "timestamp": "unknown"
  },
  {
    "title": "--",
    "link": "tel:--",
    "timestamp": "unknown"
  },
  {
    "title": "Email",
    "link": "mailto:media@ionis.com",
    "timestamp": "unknown"
  },
  {
    "title": "Press ReleasesYearAllFeb ,Ionis to present at upcoming investor conferencesFeb ,Ionis updates time for fourth quarter and full year  financial results",
    "link": "https://ir.ionis.com/news-releases/news-release-details/ionis-present-upcoming-investor-conferences-",
    "timestamp": "unknown"
  },
  {
    "title": "Press ReleasesYearAllFeb ,Ionis to present at upcoming investor conferencesFeb ,Ionis updates time for fourth quarter and full year  financial results",
    "link": "https://ir.ionis.com/news-releases/news-release-details/ionis-present-upcoming-investor-conferences-",
    "timestamp": "unknown"
  },
  {
    "title": "Press ReleasesYearAllFeb ,Ionis to present at upcoming investor conferencesFeb ,Ionis updates time for fourth quarter and full year  financial results",
    "link": "https://ir.ionis.com/news-releases/news-release-details/ionis-present-upcoming-investor-conferences-",
    "timestamp": "unknown"
  },
  {
    "title": "Press ReleasesYearAllFeb ,Ionis to present at upcoming investor conferencesFeb ,Ionis updates time for fourth quarter and full year  financial results",
    "link": "https://ir.ionis.com/news-releases/news-release-details/ionis-present-upcoming-investor-conferences-",
    "timestamp": "unknown"
  },
  {
    "title": "YearAllFeb ,Ionis to present at upcoming investor conferencesFeb ,Ionis updates time for fourth quarter and full year  financial results webcastFeb ,I",
    "link": "https://ir.ionis.com/news-releases/news-release-details/ionis-present-upcoming-investor-conferences-",
    "timestamp": "unknown"
  },
  {
    "title": "YearAllFeb ,Ionis to present at upcoming investor conferencesFeb ,Ionis updates time for fourth quarter and full year  financial results webcastFeb ,I",
    "link": "https://ir.ionis.com/news-releases/news-release-details/ionis-present-upcoming-investor-conferences-",
    "timestamp": "unknown"
  },
  {
    "title": "YearAllFeb ,Ionis to present at upcoming investor conferencesFeb ,Ionis updates time for fourth quarter and full year  financial results webcastFeb ,I",
    "link": "https://ir.ionis.com/news-releases/news-release-details/ionis-present-upcoming-investor-conferences-",
    "timestamp": "unknown"
  },
  {
    "title": "YearAllFeb ,Ionis to present at upcoming investor conferencesFeb ,Ionis updates time for fourth quarter and full year  financial results webcastFeb ,I",
    "link": "https://ir.ionis.com/news-releases/news-release-details/ionis-present-upcoming-investor-conferences-",
    "timestamp": "unknown"
  },
  {
    "title": "YearAllFeb ,Ionis to present at upcoming investor conferencesFeb ,Ionis updates time for fourth quarter and full year  financial results webcastFeb ,I",
    "link": "https://ir.ionis.com/news-releases/news-release-details/ionis-present-upcoming-investor-conferences-",
    "timestamp": "unknown"
  },
  {
    "title": "YearAllFeb ,Ionis to present at upcoming investor conferencesFeb ,Ionis updates time for fourth quarter and full year  financial results webcastFeb ,I",
    "link": "https://ir.ionis.com/news-releases/news-release-details/ionis-present-upcoming-investor-conferences-",
    "timestamp": "unknown"
  },
  {
    "title": "YearAllFeb ,Ionis to present at upcoming investor conferencesFeb ,Ionis updates time for fourth quarter and full year  financial results webcastFeb ,I",
    "link": "https://ir.ionis.com/news-releases/news-release-details/ionis-present-upcoming-investor-conferences-",
    "timestamp": "unknown"
  },
  {
    "title": "YearAllFeb ,Ionis to present at upcoming investor conferencesFeb ,Ionis updates time for fourth quarter and full year  financial results webcastFeb ,I",
    "link": "https://ir.ionis.com/news-releases/news-release-details/ionis-present-upcoming-investor-conferences-",
    "timestamp": "unknown"
  },
  {
    "title": "YearAllFeb ,Ionis to present at upcoming investor conferencesFeb ,Ionis updates time for fourth quarter and full year  financial results webcastFeb ,I",
    "link": "https://ir.ionis.com/news-releases/news-release-details/ionis-present-upcoming-investor-conferences-",
    "timestamp": "unknown"
  },
  {
    "title": "YearAllFeb ,Ionis to present at upcoming investor conferencesFeb ,Ionis updates time for fourth quarter and full year  financial results webcastFeb ,I",
    "link": "https://ir.ionis.com/news-releases/news-release-details/ionis-present-upcoming-investor-conferences-",
    "timestamp": "unknown"
  },
  {
    "title": "YearAllFeb ,Ionis to present at upcoming investor conferencesFeb ,Ionis updates time for fourth quarter and full year  financial results webcastFeb ,I",
    "link": "https://ir.ionis.com/news-releases/news-release-details/ionis-present-upcoming-investor-conferences-",
    "timestamp": "unknown"
  },
  {
    "title": "YearAllFeb ,Ionis to present at upcoming investor conferencesFeb ,Ionis updates time for fourth quarter and full year  financial results webcastFeb ,I",
    "link": "https://ir.ionis.com/news-releases/news-release-details/ionis-present-upcoming-investor-conferences-",
    "timestamp": "unknown"
  },
  {
    "title": "YearAllFeb ,Ionis to present at upcoming investor conferencesFeb ,Ionis updates time for fourth quarter and full year  financial results webcastFeb ,I",
    "link": "https://ir.ionis.com/news-releases/news-release-details/ionis-present-upcoming-investor-conferences-",
    "timestamp": "unknown"
  },
  {
    "title": "YearAllFeb ,Ionis to present at upcoming investor conferencesFeb ,Ionis updates time for fourth quarter and full year  financial results webcastFeb ,I",
    "link": "https://ir.ionis.com/news-releases/news-release-details/ionis-present-upcoming-investor-conferences-",
    "timestamp": "unknown"
  },
  {
    "title": "YearAllFeb ,Ionis to present at upcoming investor conferencesFeb ,Ionis updates time for fourth quarter and full year  financial results webcastFeb ,I",
    "link": "https://ir.ionis.com/news-releases/news-release-details/ionis-present-upcoming-investor-conferences-",
    "timestamp": "unknown"
  },
  {
    "title": "YearAllFeb ,Ionis to present at upcoming investor conferencesFeb ,Ionis updates time for fourth quarter and full year  financial results webcastFeb ,I",
    "link": "https://ir.ionis.com/news-releases/news-release-details/ionis-present-upcoming-investor-conferences-",
    "timestamp": "unknown"
  },
  {
    "title": "YearAllFeb ,Ionis to present at upcoming investor conferencesFeb ,Ionis updates time for fourth quarter and full year  financial results webcastFeb ,I",
    "link": "https://ir.ionis.com/news-releases/news-release-details/ionis-present-upcoming-investor-conferences-",
    "timestamp": "unknown"
  },
  {
    "title": "Feb ,Ionis to present at upcoming investor conferencesFeb ,Ionis updates time for fourth quarter and full year  financial results webcastFeb ,Ionis to",
    "link": "https://ir.ionis.com/news-releases/news-release-details/ionis-present-upcoming-investor-conferences-",
    "timestamp": "unknown"
  },
  {
    "title": "Feb ,Ionis to present at upcoming investor conferences",
    "link": "https://ir.ionis.com/news-releases/news-release-details/ionis-present-upcoming-investor-conferences-",
    "timestamp": "unknown"
  },
  {
    "title": "Feb ,Ionis to present at upcoming investor conferences",
    "link": "https://ir.ionis.com/news-releases/news-release-details/ionis-present-upcoming-investor-conferences-",
    "timestamp": "unknown"
  },
  {
    "title": "Feb ,Ionis to present at upcoming investor conferences",
    "link": "https://ir.ionis.com/news-releases/news-release-details/ionis-present-upcoming-investor-conferences-",
    "timestamp": "unknown"
  },
  {
    "title": "Ionis to present at upcoming investor conferences",
    "link": "https://ir.ionis.com/news-releases/news-release-details/ionis-present-upcoming-investor-conferences-",
    "timestamp": "unknown"
  },
  {
    "title": "Ionis to present at upcoming investor conferences",
    "link": "https://ir.ionis.com/news-releases/news-release-details/ionis-present-upcoming-investor-conferences-",
    "timestamp": "unknown"
  },
  {
    "title": "Ionis to present at upcoming investor conferences",
    "link": "https://ir.ionis.com/news-releases/news-release-details/ionis-present-upcoming-investor-conferences-",
    "timestamp": "unknown"
  },
  {
    "title": "Feb ,Ionis updates time for fourth quarter and full year  financial results webcast",
    "link": "https://ir.ionis.com/news-releases/news-release-details/ionis-updates-time-fourth-quarter-and-full-year--financial",
    "timestamp": "unknown"
  },
  {
    "title": "Feb ,Ionis updates time for fourth quarter and full year  financial results webcast",
    "link": "https://ir.ionis.com/news-releases/news-release-details/ionis-updates-time-fourth-quarter-and-full-year--financial",
    "timestamp": "unknown"
  },
  {
    "title": "Feb ,Ionis updates time for fourth quarter and full year  financial results webcast",
    "link": "https://ir.ionis.com/news-releases/news-release-details/ionis-updates-time-fourth-quarter-and-full-year--financial",
    "timestamp": "unknown"
  },
  {
    "title": "Ionis updates time for fourth quarter and full year  financial results webcast",
    "link": "https://ir.ionis.com/news-releases/news-release-details/ionis-updates-time-fourth-quarter-and-full-year--financial",
    "timestamp": "unknown"
  },
  {
    "title": "Ionis updates time for fourth quarter and full year  financial results webcast",
    "link": "https://ir.ionis.com/news-releases/news-release-details/ionis-updates-time-fourth-quarter-and-full-year--financial",
    "timestamp": "unknown"
  },
  {
    "title": "Ionis updates time for fourth quarter and full year  financial results webcast",
    "link": "https://ir.ionis.com/news-releases/news-release-details/ionis-updates-time-fourth-quarter-and-full-year--financial",
    "timestamp": "unknown"
  },
  {
    "title": "Feb ,Ionis to hold fourth quarter and full year  financial results webcast",
    "link": "https://ir.ionis.com/news-releases/news-release-details/ionis-hold-fourth-quarter-and-full-year--financial-results",
    "timestamp": "unknown"
  },
  {
    "title": "Feb ,Ionis to hold fourth quarter and full year  financial results webcast",
    "link": "https://ir.ionis.com/news-releases/news-release-details/ionis-hold-fourth-quarter-and-full-year--financial-results",
    "timestamp": "unknown"
  },
  {
    "title": "Feb ,Ionis to hold fourth quarter and full year  financial results webcast",
    "link": "https://ir.ionis.com/news-releases/news-release-details/ionis-hold-fourth-quarter-and-full-year--financial-results",
    "timestamp": "unknown"
  },
  {
    "title": "Ionis to hold fourth quarter and full year  financial results webcast",
    "link": "https://ir.ionis.com/news-releases/news-release-details/ionis-hold-fourth-quarter-and-full-year--financial-results",
    "timestamp": "unknown"
  },
  {
    "title": "Ionis to hold fourth quarter and full year  financial results webcast",
    "link": "https://ir.ionis.com/news-releases/news-release-details/ionis-hold-fourth-quarter-and-full-year--financial-results",
    "timestamp": "unknown"
  },
  {
    "title": "Ionis to hold fourth quarter and full year  financial results webcast",
    "link": "https://ir.ionis.com/news-releases/news-release-details/ionis-hold-fourth-quarter-and-full-year--financial-results",
    "timestamp": "unknown"
  },
  {
    "title": "Jan ,DAWNZERA\u2122 (donidalorsen) approved in the European Union for hereditary angioedema (HAE)",
    "link": "https://ir.ionis.com/news-releases/news-release-details/dawnzeratm-donidalorsen-approved-european-union-hereditary",
    "timestamp": "unknown"
  },
  {
    "title": "Jan ,DAWNZERA\u2122 (donidalorsen) approved in the European Union for hereditary angioedema (HAE)",
    "link": "https://ir.ionis.com/news-releases/news-release-details/dawnzeratm-donidalorsen-approved-european-union-hereditary",
    "timestamp": "unknown"
  },
  {
    "title": "Jan ,DAWNZERA\u2122 (donidalorsen) approved in the European Union for hereditary angioedema (HAE)",
    "link": "https://ir.ionis.com/news-releases/news-release-details/dawnzeratm-donidalorsen-approved-european-union-hereditary",
    "timestamp": "unknown"
  },
  {
    "title": "DAWNZERA\u2122 (donidalorsen) approved in the European Union for hereditary angioedema (HAE)",
    "link": "https://ir.ionis.com/news-releases/news-release-details/dawnzeratm-donidalorsen-approved-european-union-hereditary",
    "timestamp": "unknown"
  },
  {
    "title": "DAWNZERA\u2122 (donidalorsen) approved in the European Union for hereditary angioedema (HAE)",
    "link": "https://ir.ionis.com/news-releases/news-release-details/dawnzeratm-donidalorsen-approved-european-union-hereditary",
    "timestamp": "unknown"
  },
  {
    "title": "DAWNZERA\u2122 (donidalorsen) approved in the European Union for hereditary angioedema (HAE)",
    "link": "https://ir.ionis.com/news-releases/news-release-details/dawnzeratm-donidalorsen-approved-european-union-hereditary",
    "timestamp": "unknown"
  },
  {
    "title": "Jan ,Ionis well-positioned for continued momentum and substantial value creation in  with two new independent launches and several pivotal data readou",
    "link": "https://ir.ionis.com/news-releases/news-release-details/ionis-well-positioned-continued-momentum-and-substantial-value",
    "timestamp": "unknown"
  },
  {
    "title": "Jan ,Ionis well-positioned for continued momentum and substantial value creation in  with two new independent launches and several pivotal data readou",
    "link": "https://ir.ionis.com/news-releases/news-release-details/ionis-well-positioned-continued-momentum-and-substantial-value",
    "timestamp": "unknown"
  },
  {
    "title": "Jan ,Ionis well-positioned for continued momentum and substantial value creation in  with two new independent launches and several pivotal data readou",
    "link": "https://ir.ionis.com/news-releases/news-release-details/ionis-well-positioned-continued-momentum-and-substantial-value",
    "timestamp": "unknown"
  },
  {
    "title": "Ionis well-positioned for continued momentum and substantial value creation in  with two new independent launches and several pivotal data readouts",
    "link": "https://ir.ionis.com/news-releases/news-release-details/ionis-well-positioned-continued-momentum-and-substantial-value",
    "timestamp": "unknown"
  },
  {
    "title": "Ionis well-positioned for continued momentum and substantial value creation in  with two new independent launches and several pivotal data readouts",
    "link": "https://ir.ionis.com/news-releases/news-release-details/ionis-well-positioned-continued-momentum-and-substantial-value",
    "timestamp": "unknown"
  },
  {
    "title": "Ionis well-positioned for continued momentum and substantial value creation in  with two new independent launches and several pivotal data readouts",
    "link": "https://ir.ionis.com/news-releases/news-release-details/ionis-well-positioned-continued-momentum-and-substantial-value",
    "timestamp": "unknown"
  },
  {
    "title": "Jan ,Ionis partner GSK announces positive topline results from B-Well  and B-Well  Phase  studies for bepirovirsen, a potential first-in-class medicin",
    "link": "https://ir.ionis.com/news-releases/news-release-details/ionis-partner-gsk-announces-positive-topline-results-b-well-",
    "timestamp": "unknown"
  },
  {
    "title": "Jan ,Ionis partner GSK announces positive topline results from B-Well  and B-Well  Phase  studies for bepirovirsen, a potential first-in-class medicin",
    "link": "https://ir.ionis.com/news-releases/news-release-details/ionis-partner-gsk-announces-positive-topline-results-b-well-",
    "timestamp": "unknown"
  },
  {
    "title": "Jan ,Ionis partner GSK announces positive topline results from B-Well  and B-Well  Phase  studies for bepirovirsen, a potential first-in-class medicin",
    "link": "https://ir.ionis.com/news-releases/news-release-details/ionis-partner-gsk-announces-positive-topline-results-b-well-",
    "timestamp": "unknown"
  },
  {
    "title": "Ionis partner GSK announces positive topline results from B-Well  and B-Well  Phase  studies for bepirovirsen, a potential first-in-class medicine for",
    "link": "https://ir.ionis.com/news-releases/news-release-details/ionis-partner-gsk-announces-positive-topline-results-b-well-",
    "timestamp": "unknown"
  },
  {
    "title": "Ionis partner GSK announces positive topline results from B-Well  and B-Well  Phase  studies for bepirovirsen, a potential first-in-class medicine for",
    "link": "https://ir.ionis.com/news-releases/news-release-details/ionis-partner-gsk-announces-positive-topline-results-b-well-",
    "timestamp": "unknown"
  },
  {
    "title": "Ionis partner GSK announces positive topline results from B-Well  and B-Well  Phase  studies for bepirovirsen, a potential first-in-class medicine for",
    "link": "https://ir.ionis.com/news-releases/news-release-details/ionis-partner-gsk-announces-positive-topline-results-b-well-",
    "timestamp": "unknown"
  },
  {
    "title": "Jan ,Ionis to present at 44th Annual J.P. Morgan Healthcare Conference",
    "link": "https://ir.ionis.com/news-releases/news-release-details/ionis-present-44th-annual-jp-morgan-healthcare-conference",
    "timestamp": "unknown"
  },
  {
    "title": "Jan ,Ionis to present at 44th Annual J.P. Morgan Healthcare Conference",
    "link": "https://ir.ionis.com/news-releases/news-release-details/ionis-present-44th-annual-jp-morgan-healthcare-conference",
    "timestamp": "unknown"
  },
  {
    "title": "Jan ,Ionis to present at 44th Annual J.P. Morgan Healthcare Conference",
    "link": "https://ir.ionis.com/news-releases/news-release-details/ionis-present-44th-annual-jp-morgan-healthcare-conference",
    "timestamp": "unknown"
  },
  {
    "title": "Ionis to present at 44th Annual J.P. Morgan Healthcare Conference",
    "link": "https://ir.ionis.com/news-releases/news-release-details/ionis-present-44th-annual-jp-morgan-healthcare-conference",
    "timestamp": "unknown"
  },
  {
    "title": "Ionis to present at 44th Annual J.P. Morgan Healthcare Conference",
    "link": "https://ir.ionis.com/news-releases/news-release-details/ionis-present-44th-annual-jp-morgan-healthcare-conference",
    "timestamp": "unknown"
  },
  {
    "title": "Ionis to present at 44th Annual J.P. Morgan Healthcare Conference",
    "link": "https://ir.ionis.com/news-releases/news-release-details/ionis-present-44th-annual-jp-morgan-healthcare-conference",
    "timestamp": "unknown"
  },
  {
    "title": "Legal and Compliance:Legal NoticeCode of Ethics and Business ConductPrivacy PolicyConsumer Health Data Privacy PolicyYour Privacy ChoicesAkcea Therape",
    "link": "https://www.ionis.com/legal-notice",
    "timestamp": "unknown"
  },
  {
    "title": "Legal Notice",
    "link": "https://www.ionis.com/legal-notice",
    "timestamp": "unknown"
  },
  {
    "title": "Code of Ethics and Business Conduct",
    "link": "https://ir.ionis.com/static-files/3f5d8e58-e36b-4b71-9d9b-9397317c85b5",
    "timestamp": "unknown"
  },
  {
    "title": "Privacy Policy",
    "link": "https://www.ionis.com/privacy-policy",
    "timestamp": "unknown"
  },
  {
    "title": "Consumer Health Data Privacy Policy",
    "link": "https://ionis.com/consumer-health-data-privacy-policy",
    "timestamp": "unknown"
  },
  {
    "title": "Your Privacy Choices",
    "link": "https://privacyportal.onetrust.com/ui/#/preferences/multipage/login/f37aaeb0-529a-4c60-9cd2-fd3a2479a03c",
    "timestamp": "unknown"
  },
  {
    "title": "Akcea Therapeutics",
    "link": "https://www.ionis.com/about-us/the-ionis-story#akcea",
    "timestamp": "unknown"
  },
  {
    "title": "Information For:Medical ProfessionalsInvestors & MediaJob SeekersSuppliers",
    "link": "https://www.ionis.com/medical-professionals",
    "timestamp": "unknown"
  },
  {
    "title": "Medical Professionals",
    "link": "https://www.ionis.com/medical-professionals",
    "timestamp": "unknown"
  },
  {
    "title": "Investors & Media",
    "link": "https://ir.ionis.com/",
    "timestamp": "unknown"
  },
  {
    "title": "Job Seekers",
    "link": "https://www.ionis.com/careers",
    "timestamp": "unknown"
  },
  {
    "title": "Suppliers",
    "link": "https://www.ionis.com/suppliers",
    "timestamp": "unknown"
  },
  {
    "title": "Explore:Our StoryOur ScienceOur PipelineOur CultureOur News",
    "link": "https://www.ionis.com/about-us/the-ionis-story",
    "timestamp": "unknown"
  },
  {
    "title": "Our Story",
    "link": "https://www.ionis.com/about-us/the-ionis-story",
    "timestamp": "unknown"
  },
  {
    "title": "Our Science",
    "link": "https://www.ionis.com/science-and-innovation",
    "timestamp": "unknown"
  },
  {
    "title": "Our Pipeline",
    "link": "https://www.ionis.com/science-and-innovation/pipeline",
    "timestamp": "unknown"
  },
  {
    "title": "Our Culture",
    "link": "https://www.ionis.com/careers",
    "timestamp": "unknown"
  },
  {
    "title": "Our News",
    "link": "https://ir.ionis.com/investor-news/press-releases",
    "timestamp": "unknown"
  },
  {
    "title": "Stay Connected:Contact UsLinkedInXInstagramFacebookCommunity Guidelines",
    "link": "https://www.ionis.com/contact-us",
    "timestamp": "unknown"
  },
  {
    "title": "Contact Us",
    "link": "https://www.ionis.com/contact-us",
    "timestamp": "unknown"
  },
  {
    "title": "LinkedIn",
    "link": "https://www.linkedin.com/company/ionis-pharmaceuticals",
    "timestamp": "unknown"
  },
  {
    "title": "X",
    "link": "https://x.com/ionispharma",
    "timestamp": "unknown"
  },
  {
    "title": "Instagram",
    "link": "https://www.instagram.com/ionis_pharma",
    "timestamp": "unknown"
  },
  {
    "title": "Facebook",
    "link": "https://www.facebook.com/ionispharma",
    "timestamp": "unknown"
  },
  {
    "title": "Community Guidelines",
    "link": "https://www.ionis.com/community-guidelines",
    "timestamp": "unknown"
  }
]