[
  {
    "title": "MenuCloseAbout UsLeadershipCollaborationInvestorsCorporate ResponsibilityOur FocusLysosomal Storage Disorders (LSDs)Enzyme Replacement Therapies (ERTs",
    "link": "https://m6ptherapeustg.wpengine.com/",
    "timestamp": "unknown"
  },
  {
    "title": "MenuCloseAbout UsLeadershipCollaborationInvestorsCorporate ResponsibilityOur FocusLysosomal Storage Disorders (LSDs)Enzyme Replacement Therapies (ERTs",
    "link": "https://m6ptherapeustg.wpengine.com/",
    "timestamp": "unknown"
  },
  {
    "title": "MenuCloseAbout UsLeadershipCollaborationInvestorsCorporate ResponsibilityOur FocusLysosomal Storage Disorders (LSDs)Enzyme Replacement Therapies (ERTs",
    "link": "https://m6ptherapeutics.com/about-us/",
    "timestamp": "unknown"
  },
  {
    "title": "MenuCloseAbout UsLeadershipCollaborationInvestorsCorporate ResponsibilityOur FocusLysosomal Storage Disorders (LSDs)Enzyme Replacement Therapies (ERTs",
    "link": "https://m6ptherapeutics.com/about-us/",
    "timestamp": "unknown"
  },
  {
    "title": "MenuCloseAbout UsLeadershipCollaborationInvestorsCorporate ResponsibilityOur FocusLysosomal Storage Disorders (LSDs)Enzyme Replacement Therapies (ERTs",
    "link": "https://m6ptherapeutics.com/about-us/",
    "timestamp": "unknown"
  },
  {
    "title": "MenuCloseAbout UsLeadershipCollaborationInvestorsCorporate ResponsibilityOur FocusLysosomal Storage Disorders (LSDs)Enzyme Replacement Therapies (ERTs",
    "link": "https://m6ptherapeutics.com/about-us/",
    "timestamp": "unknown"
  },
  {
    "title": "MenuCloseAbout UsLeadershipCollaborationInvestorsCorporate ResponsibilityOur FocusLysosomal Storage Disorders (LSDs)Enzyme Replacement Therapies (ERTs",
    "link": "https://m6ptherapeutics.com/about-us/",
    "timestamp": "unknown"
  },
  {
    "title": "MenuCloseAbout UsLeadershipCollaborationInvestorsCorporate ResponsibilityOur FocusLysosomal Storage Disorders (LSDs)Enzyme Replacement Therapies (ERTs",
    "link": "https://m6ptherapeutics.com/about-us/",
    "timestamp": "unknown"
  },
  {
    "title": "About UsLeadershipCollaborationInvestorsCorporate ResponsibilityOur FocusLysosomal Storage Disorders (LSDs)Enzyme Replacement Therapies (ERTs)Gene The",
    "link": "https://m6ptherapeutics.com/about-us/",
    "timestamp": "unknown"
  },
  {
    "title": "About UsLeadershipCollaborationInvestorsCorporate Responsibility",
    "link": "https://m6ptherapeutics.com/about-us/",
    "timestamp": "unknown"
  },
  {
    "title": "Leadership",
    "link": "https://m6ptherapeutics.com/about-us/leadership/",
    "timestamp": "unknown"
  },
  {
    "title": "Collaboration",
    "link": "https://m6ptherapeutics.com/about-us/collaboration/",
    "timestamp": "unknown"
  },
  {
    "title": "Investors",
    "link": "https://m6ptherapeutics.com/about-us/investors/",
    "timestamp": "unknown"
  },
  {
    "title": "Corporate Responsibility",
    "link": "https://m6ptherapeutics.com/about-us/corporate-responsibility/",
    "timestamp": "unknown"
  },
  {
    "title": "Our FocusLysosomal Storage Disorders (LSDs)Enzyme Replacement Therapies (ERTs)Gene TherapiesPipelineOur FocusM6PT is focused on developing next genera",
    "link": "https://m6ptherapeustg.wpengine.com/our-focus/",
    "timestamp": "unknown"
  },
  {
    "title": "Lysosomal Storage Disorders (LSDs)",
    "link": "https://m6ptherapeutics.com/our-focus/lysosomal-storage-disorders-lsds/",
    "timestamp": "unknown"
  },
  {
    "title": "Enzyme Replacement Therapies (ERTs)",
    "link": "https://m6ptherapeutics.com/our-focus/enzyme-replacement-therapies-erts/",
    "timestamp": "unknown"
  },
  {
    "title": "Gene Therapies",
    "link": "https://m6ptherapeutics.com/our-focus/gene-therapies/",
    "timestamp": "unknown"
  },
  {
    "title": "Pipeline",
    "link": "https://m6ptherapeutics.com/our-focus/pipeline/",
    "timestamp": "unknown"
  },
  {
    "title": "Our FocusM6PT is focused on developing next generation enzyme replacement and gene therapies for LSDs.Lysosomal Storage DisordersLysosomal Storage Dis",
    "link": "https://m6ptherapeustg.wpengine.com/our-focus/lysosomal-storage-disorders-lsds/",
    "timestamp": "unknown"
  },
  {
    "title": "Our FocusM6PT is focused on developing next generation enzyme replacement and gene therapies for LSDs.Lysosomal Storage DisordersLysosomal Storage Dis",
    "link": "https://m6ptherapeustg.wpengine.com/our-focus/lysosomal-storage-disorders-lsds/",
    "timestamp": "unknown"
  },
  {
    "title": "Our FocusM6PT is focused on developing next generation enzyme replacement and gene therapies for LSDs.Lysosomal Storage DisordersLysosomal Storage Dis",
    "link": "https://m6ptherapeustg.wpengine.com/our-focus/lysosomal-storage-disorders-lsds/",
    "timestamp": "unknown"
  },
  {
    "title": "Our FocusM6PT is focused on developing next generation enzyme replacement and gene therapies for LSDs.Lysosomal Storage DisordersLysosomal Storage Dis",
    "link": "https://m6ptherapeustg.wpengine.com/our-focus/lysosomal-storage-disorders-lsds/",
    "timestamp": "unknown"
  },
  {
    "title": "Lysosomal Storage DisordersLysosomal Storage DisordersEnzymes Replacement TherapiesEnzymes Replacement TherapiesGene TherapiesGene TherapiesPipelinePi",
    "link": "https://m6ptherapeustg.wpengine.com/our-focus/lysosomal-storage-disorders-lsds/",
    "timestamp": "unknown"
  },
  {
    "title": "Lysosomal Storage DisordersLysosomal Storage DisordersEnzymes Replacement TherapiesEnzymes Replacement TherapiesGene TherapiesGene TherapiesPipelinePi",
    "link": "https://m6ptherapeustg.wpengine.com/our-focus/lysosomal-storage-disorders-lsds/",
    "timestamp": "unknown"
  },
  {
    "title": "Lysosomal Storage DisordersLysosomal Storage DisordersEnzymes Replacement TherapiesEnzymes Replacement TherapiesGene TherapiesGene TherapiesPipelinePi",
    "link": "https://m6ptherapeustg.wpengine.com/our-focus/lysosomal-storage-disorders-lsds/",
    "timestamp": "unknown"
  },
  {
    "title": "Lysosomal Storage DisordersLysosomal Storage DisordersEnzymes Replacement TherapiesEnzymes Replacement TherapiesGene TherapiesGene TherapiesPipelinePi",
    "link": "https://m6ptherapeustg.wpengine.com/our-focus/lysosomal-storage-disorders-lsds/",
    "timestamp": "unknown"
  },
  {
    "title": "Lysosomal Storage DisordersLysosomal Storage Disorders",
    "link": "https://m6ptherapeustg.wpengine.com/our-focus/lysosomal-storage-disorders-lsds/",
    "timestamp": "unknown"
  },
  {
    "title": "Enzymes Replacement TherapiesEnzymes Replacement Therapies",
    "link": "https://m6ptherapeustg.wpengine.com/our-focus/enzyme-replacement-therapies-erts/",
    "timestamp": "unknown"
  },
  {
    "title": "Gene TherapiesGene Therapies",
    "link": "https://m6ptherapeustg.wpengine.com/our-focus/gene-therapies/",
    "timestamp": "unknown"
  },
  {
    "title": "PipelinePipeline",
    "link": "https://m6ptherapeustg.wpengine.com/our-focus/pipeline/",
    "timestamp": "unknown"
  },
  {
    "title": "Our ScienceMannose -Phosphate (M6P)Our Platform TechnologyScientific Publications",
    "link": "https://m6ptherapeutics.com/our-science/",
    "timestamp": "unknown"
  },
  {
    "title": "Mannose -Phosphate (M6P)",
    "link": "https://m6ptherapeutics.com/our-science/mannose--phosphate-m6p/",
    "timestamp": "unknown"
  },
  {
    "title": "Our Platform Technology",
    "link": "https://m6ptherapeutics.com/our-science/our-platform-technology/",
    "timestamp": "unknown"
  },
  {
    "title": "Scientific Publications",
    "link": "https://m6ptherapeutics.com/our-science/scientific-publications/",
    "timestamp": "unknown"
  },
  {
    "title": "Individuals &#; FamiliesMessage to the PatientsAdvocacy CharterSupport Resources",
    "link": "https://m6ptherapeutics.com/individuals-families/",
    "timestamp": "unknown"
  },
  {
    "title": "Message to the Patients",
    "link": "https://m6ptherapeutics.com/individuals-families/message-to-the-patients/",
    "timestamp": "unknown"
  },
  {
    "title": "Advocacy Charter",
    "link": "https://m6ptherapeutics.com/individuals-families/advocacy-charter/",
    "timestamp": "unknown"
  },
  {
    "title": "Support Resources",
    "link": "https://m6ptherapeutics.com/individuals-families/support-resources/",
    "timestamp": "unknown"
  },
  {
    "title": "About UsLeadershipCollaborationInvestorsCorporate ResponsibilityOur FocusLysosomal Storage Disorders (LSDs)Enzyme Replacement Therapies (ERTs)Gene The",
    "link": "https://m6ptherapeutics.com/about-us/",
    "timestamp": "unknown"
  },
  {
    "title": "About UsLeadershipCollaborationInvestorsCorporate Responsibility",
    "link": "https://m6ptherapeutics.com/about-us/",
    "timestamp": "unknown"
  },
  {
    "title": "Leadership",
    "link": "https://m6ptherapeutics.com/about-us/leadership/",
    "timestamp": "unknown"
  },
  {
    "title": "Collaboration",
    "link": "https://m6ptherapeutics.com/about-us/collaboration/",
    "timestamp": "unknown"
  },
  {
    "title": "Investors",
    "link": "https://m6ptherapeutics.com/about-us/investors/",
    "timestamp": "unknown"
  },
  {
    "title": "Corporate Responsibility",
    "link": "https://m6ptherapeutics.com/about-us/corporate-responsibility/",
    "timestamp": "unknown"
  },
  {
    "title": "Our FocusLysosomal Storage Disorders (LSDs)Enzyme Replacement Therapies (ERTs)Gene TherapiesPipelineOur FocusM6PT is focused on developing next genera",
    "link": "https://m6ptherapeustg.wpengine.com/our-focus/",
    "timestamp": "unknown"
  },
  {
    "title": "Lysosomal Storage Disorders (LSDs)",
    "link": "https://m6ptherapeutics.com/our-focus/lysosomal-storage-disorders-lsds/",
    "timestamp": "unknown"
  },
  {
    "title": "Enzyme Replacement Therapies (ERTs)",
    "link": "https://m6ptherapeutics.com/our-focus/enzyme-replacement-therapies-erts/",
    "timestamp": "unknown"
  },
  {
    "title": "Gene Therapies",
    "link": "https://m6ptherapeutics.com/our-focus/gene-therapies/",
    "timestamp": "unknown"
  },
  {
    "title": "Pipeline",
    "link": "https://m6ptherapeutics.com/our-focus/pipeline/",
    "timestamp": "unknown"
  },
  {
    "title": "Our FocusM6PT is focused on developing next generation enzyme replacement and gene therapies for LSDs.Lysosomal Storage DisordersLysosomal Storage Dis",
    "link": "https://m6ptherapeustg.wpengine.com/our-focus/lysosomal-storage-disorders-lsds/",
    "timestamp": "unknown"
  },
  {
    "title": "Our FocusM6PT is focused on developing next generation enzyme replacement and gene therapies for LSDs.Lysosomal Storage DisordersLysosomal Storage Dis",
    "link": "https://m6ptherapeustg.wpengine.com/our-focus/lysosomal-storage-disorders-lsds/",
    "timestamp": "unknown"
  },
  {
    "title": "Our FocusM6PT is focused on developing next generation enzyme replacement and gene therapies for LSDs.Lysosomal Storage DisordersLysosomal Storage Dis",
    "link": "https://m6ptherapeustg.wpengine.com/our-focus/lysosomal-storage-disorders-lsds/",
    "timestamp": "unknown"
  },
  {
    "title": "Our FocusM6PT is focused on developing next generation enzyme replacement and gene therapies for LSDs.Lysosomal Storage DisordersLysosomal Storage Dis",
    "link": "https://m6ptherapeustg.wpengine.com/our-focus/lysosomal-storage-disorders-lsds/",
    "timestamp": "unknown"
  },
  {
    "title": "Lysosomal Storage DisordersLysosomal Storage DisordersEnzymes Replacement TherapiesEnzymes Replacement TherapiesGene TherapiesGene TherapiesPipelinePi",
    "link": "https://m6ptherapeustg.wpengine.com/our-focus/lysosomal-storage-disorders-lsds/",
    "timestamp": "unknown"
  },
  {
    "title": "Lysosomal Storage DisordersLysosomal Storage DisordersEnzymes Replacement TherapiesEnzymes Replacement TherapiesGene TherapiesGene TherapiesPipelinePi",
    "link": "https://m6ptherapeustg.wpengine.com/our-focus/lysosomal-storage-disorders-lsds/",
    "timestamp": "unknown"
  },
  {
    "title": "Lysosomal Storage DisordersLysosomal Storage DisordersEnzymes Replacement TherapiesEnzymes Replacement TherapiesGene TherapiesGene TherapiesPipelinePi",
    "link": "https://m6ptherapeustg.wpengine.com/our-focus/lysosomal-storage-disorders-lsds/",
    "timestamp": "unknown"
  },
  {
    "title": "Lysosomal Storage DisordersLysosomal Storage DisordersEnzymes Replacement TherapiesEnzymes Replacement TherapiesGene TherapiesGene TherapiesPipelinePi",
    "link": "https://m6ptherapeustg.wpengine.com/our-focus/lysosomal-storage-disorders-lsds/",
    "timestamp": "unknown"
  },
  {
    "title": "Lysosomal Storage DisordersLysosomal Storage Disorders",
    "link": "https://m6ptherapeustg.wpengine.com/our-focus/lysosomal-storage-disorders-lsds/",
    "timestamp": "unknown"
  },
  {
    "title": "Enzymes Replacement TherapiesEnzymes Replacement Therapies",
    "link": "https://m6ptherapeustg.wpengine.com/our-focus/enzyme-replacement-therapies-erts/",
    "timestamp": "unknown"
  },
  {
    "title": "Gene TherapiesGene Therapies",
    "link": "https://m6ptherapeustg.wpengine.com/our-focus/gene-therapies/",
    "timestamp": "unknown"
  },
  {
    "title": "PipelinePipeline",
    "link": "https://m6ptherapeustg.wpengine.com/our-focus/pipeline/",
    "timestamp": "unknown"
  },
  {
    "title": "Our ScienceMannose -Phosphate (M6P)Our Platform TechnologyScientific Publications",
    "link": "https://m6ptherapeutics.com/our-science/",
    "timestamp": "unknown"
  },
  {
    "title": "Mannose -Phosphate (M6P)",
    "link": "https://m6ptherapeutics.com/our-science/mannose--phosphate-m6p/",
    "timestamp": "unknown"
  },
  {
    "title": "Our Platform Technology",
    "link": "https://m6ptherapeutics.com/our-science/our-platform-technology/",
    "timestamp": "unknown"
  },
  {
    "title": "Scientific Publications",
    "link": "https://m6ptherapeutics.com/our-science/scientific-publications/",
    "timestamp": "unknown"
  },
  {
    "title": "Individuals &#; FamiliesMessage to the PatientsAdvocacy CharterSupport Resources",
    "link": "https://m6ptherapeutics.com/individuals-families/",
    "timestamp": "unknown"
  },
  {
    "title": "Message to the Patients",
    "link": "https://m6ptherapeutics.com/individuals-families/message-to-the-patients/",
    "timestamp": "unknown"
  },
  {
    "title": "Advocacy Charter",
    "link": "https://m6ptherapeutics.com/individuals-families/advocacy-charter/",
    "timestamp": "unknown"
  },
  {
    "title": "Support Resources",
    "link": "https://m6ptherapeutics.com/individuals-families/support-resources/",
    "timestamp": "unknown"
  },
  {
    "title": "Contact Us",
    "link": "https://m6ptherapeustg.wpengine.com/contact/",
    "timestamp": "unknown"
  },
  {
    "title": "Contact Us",
    "link": "https://m6ptherapeustg.wpengine.com/contact/",
    "timestamp": "unknown"
  },
  {
    "title": "Contact Us",
    "link": "https://m6ptherapeustg.wpengine.com/contact/",
    "timestamp": "unknown"
  },
  {
    "title": "Contact Us",
    "link": "https://m6ptherapeustg.wpengine.com/contact/",
    "timestamp": "unknown"
  },
  {
    "title": "Contact Us",
    "link": "https://m6ptherapeustg.wpengine.com/contact/",
    "timestamp": "unknown"
  },
  {
    "title": "Contact Us",
    "link": "https://m6ptherapeustg.wpengine.com/contact/",
    "timestamp": "unknown"
  },
  {
    "title": "Contact Us",
    "link": "https://m6ptherapeustg.wpengine.com/contact/",
    "timestamp": "unknown"
  },
  {
    "title": "Contact Us",
    "link": "https://m6ptherapeustg.wpengine.com/contact/",
    "timestamp": "unknown"
  },
  {
    "title": "Contact Us",
    "link": "https://m6ptherapeustg.wpengine.com/contact/",
    "timestamp": "unknown"
  },
  {
    "title": "About UsLeadershipCollaborationInvestorsCorporate Responsibility",
    "link": "https://m6ptherapeutics.com/about-us/",
    "timestamp": "unknown"
  },
  {
    "title": "About Us",
    "link": "https://m6ptherapeutics.com/about-us/",
    "timestamp": "unknown"
  },
  {
    "title": "Leadership",
    "link": "https://m6ptherapeutics.com/about-us/leadership/",
    "timestamp": "unknown"
  },
  {
    "title": "Collaboration",
    "link": "https://m6ptherapeutics.com/about-us/collaboration/",
    "timestamp": "unknown"
  },
  {
    "title": "Investors",
    "link": "https://m6ptherapeutics.com/about-us/investors/",
    "timestamp": "unknown"
  },
  {
    "title": "Corporate Responsibility",
    "link": "https://m6ptherapeutics.com/about-us/corporate-responsibility/",
    "timestamp": "unknown"
  },
  {
    "title": "Our FocusLysosomal Storage Disorders (LSDs)Enzyme Replacement Therapies (ERTs)Gene TherapiesPipeline",
    "link": "https://m6ptherapeustg.wpengine.com/our-focus/",
    "timestamp": "unknown"
  },
  {
    "title": "Our Focus",
    "link": "https://m6ptherapeustg.wpengine.com/our-focus/",
    "timestamp": "unknown"
  },
  {
    "title": "Lysosomal Storage Disorders (LSDs)",
    "link": "https://m6ptherapeutics.com/our-focus/lysosomal-storage-disorders-lsds/",
    "timestamp": "unknown"
  },
  {
    "title": "Enzyme Replacement Therapies (ERTs)",
    "link": "https://m6ptherapeutics.com/our-focus/enzyme-replacement-therapies-erts/",
    "timestamp": "unknown"
  },
  {
    "title": "Gene Therapies",
    "link": "https://m6ptherapeutics.com/our-focus/gene-therapies/",
    "timestamp": "unknown"
  },
  {
    "title": "Pipeline",
    "link": "https://m6ptherapeutics.com/our-focus/pipeline/",
    "timestamp": "unknown"
  },
  {
    "title": "Our ScienceMannose -Phosphate (M6P)Our Platform TechnologyScientific Publications",
    "link": "https://m6ptherapeutics.com/our-science/",
    "timestamp": "unknown"
  },
  {
    "title": "Our Science",
    "link": "https://m6ptherapeutics.com/our-science/",
    "timestamp": "unknown"
  },
  {
    "title": "Mannose -Phosphate (M6P)",
    "link": "https://m6ptherapeutics.com/our-science/mannose--phosphate-m6p/",
    "timestamp": "unknown"
  },
  {
    "title": "Our Platform Technology",
    "link": "https://m6ptherapeutics.com/our-science/our-platform-technology/",
    "timestamp": "unknown"
  },
  {
    "title": "Scientific Publications",
    "link": "https://m6ptherapeutics.com/our-science/scientific-publications/",
    "timestamp": "unknown"
  },
  {
    "title": "Individuals &#; FamiliesMessage to the PatientsAdvocacy CharterSupport Resources",
    "link": "https://m6ptherapeutics.com/individuals-families/",
    "timestamp": "unknown"
  },
  {
    "title": "Individuals &#; Families",
    "link": "https://m6ptherapeutics.com/individuals-families/",
    "timestamp": "unknown"
  },
  {
    "title": "Message to the Patients",
    "link": "https://m6ptherapeutics.com/individuals-families/message-to-the-patients/",
    "timestamp": "unknown"
  },
  {
    "title": "Advocacy Charter",
    "link": "https://m6ptherapeutics.com/individuals-families/advocacy-charter/",
    "timestamp": "unknown"
  },
  {
    "title": "Support Resources",
    "link": "https://m6ptherapeutics.com/individuals-families/support-resources/",
    "timestamp": "unknown"
  },
  {
    "title": "About UsLeadershipCollaborationInvestorsCorporate Responsibility",
    "link": "https://m6ptherapeutics.com/about-us/",
    "timestamp": "unknown"
  },
  {
    "title": "About Us",
    "link": "https://m6ptherapeutics.com/about-us/",
    "timestamp": "unknown"
  },
  {
    "title": "Leadership",
    "link": "https://m6ptherapeutics.com/about-us/leadership/",
    "timestamp": "unknown"
  },
  {
    "title": "Collaboration",
    "link": "https://m6ptherapeutics.com/about-us/collaboration/",
    "timestamp": "unknown"
  },
  {
    "title": "Investors",
    "link": "https://m6ptherapeutics.com/about-us/investors/",
    "timestamp": "unknown"
  },
  {
    "title": "Corporate Responsibility",
    "link": "https://m6ptherapeutics.com/about-us/corporate-responsibility/",
    "timestamp": "unknown"
  },
  {
    "title": "Our FocusLysosomal Storage Disorders (LSDs)Enzyme Replacement Therapies (ERTs)Gene TherapiesPipeline",
    "link": "https://m6ptherapeustg.wpengine.com/our-focus/",
    "timestamp": "unknown"
  },
  {
    "title": "Our Focus",
    "link": "https://m6ptherapeustg.wpengine.com/our-focus/",
    "timestamp": "unknown"
  },
  {
    "title": "Lysosomal Storage Disorders (LSDs)",
    "link": "https://m6ptherapeutics.com/our-focus/lysosomal-storage-disorders-lsds/",
    "timestamp": "unknown"
  },
  {
    "title": "Enzyme Replacement Therapies (ERTs)",
    "link": "https://m6ptherapeutics.com/our-focus/enzyme-replacement-therapies-erts/",
    "timestamp": "unknown"
  },
  {
    "title": "Gene Therapies",
    "link": "https://m6ptherapeutics.com/our-focus/gene-therapies/",
    "timestamp": "unknown"
  },
  {
    "title": "Pipeline",
    "link": "https://m6ptherapeutics.com/our-focus/pipeline/",
    "timestamp": "unknown"
  },
  {
    "title": "Our ScienceMannose -Phosphate (M6P)Our Platform TechnologyScientific Publications",
    "link": "https://m6ptherapeutics.com/our-science/",
    "timestamp": "unknown"
  },
  {
    "title": "Our Science",
    "link": "https://m6ptherapeutics.com/our-science/",
    "timestamp": "unknown"
  },
  {
    "title": "Mannose -Phosphate (M6P)",
    "link": "https://m6ptherapeutics.com/our-science/mannose--phosphate-m6p/",
    "timestamp": "unknown"
  },
  {
    "title": "Our Platform Technology",
    "link": "https://m6ptherapeutics.com/our-science/our-platform-technology/",
    "timestamp": "unknown"
  },
  {
    "title": "Scientific Publications",
    "link": "https://m6ptherapeutics.com/our-science/scientific-publications/",
    "timestamp": "unknown"
  },
  {
    "title": "Individuals &#; FamiliesMessage to the PatientsAdvocacy CharterSupport Resources",
    "link": "https://m6ptherapeutics.com/individuals-families/",
    "timestamp": "unknown"
  },
  {
    "title": "Individuals &#; Families",
    "link": "https://m6ptherapeutics.com/individuals-families/",
    "timestamp": "unknown"
  },
  {
    "title": "Message to the Patients",
    "link": "https://m6ptherapeutics.com/individuals-families/message-to-the-patients/",
    "timestamp": "unknown"
  },
  {
    "title": "Advocacy Charter",
    "link": "https://m6ptherapeutics.com/individuals-families/advocacy-charter/",
    "timestamp": "unknown"
  },
  {
    "title": "Support Resources",
    "link": "https://m6ptherapeutics.com/individuals-families/support-resources/",
    "timestamp": "unknown"
  },
  {
    "title": "Contact Us",
    "link": "https://m6ptherapeustg.wpengine.com/contact/",
    "timestamp": "unknown"
  },
  {
    "title": "Contact Us",
    "link": "https://m6ptherapeustg.wpengine.com/contact/",
    "timestamp": "unknown"
  },
  {
    "title": "Contact Us",
    "link": "https://m6ptherapeustg.wpengine.com/contact/",
    "timestamp": "unknown"
  },
  {
    "title": "Contact Us",
    "link": "https://m6ptherapeustg.wpengine.com/contact/",
    "timestamp": "unknown"
  },
  {
    "title": "Contact Us",
    "link": "https://m6ptherapeustg.wpengine.com/contact/",
    "timestamp": "unknown"
  },
  {
    "title": "Contact Us",
    "link": "https://m6ptherapeustg.wpengine.com/contact/",
    "timestamp": "unknown"
  },
  {
    "title": "Contact Us",
    "link": "https://m6ptherapeustg.wpengine.com/contact/",
    "timestamp": "unknown"
  },
  {
    "title": "Contact Us",
    "link": "https://m6ptherapeustg.wpengine.com/contact/",
    "timestamp": "unknown"
  },
  {
    "title": "Contact Us",
    "link": "https://m6ptherapeustg.wpengine.com/contact/",
    "timestamp": "unknown"
  },
  {
    "title": "About UsLeadershipCollaborationInvestorsCorporate Responsibility",
    "link": "https://m6ptherapeutics.com/about-us/",
    "timestamp": "unknown"
  },
  {
    "title": "About Us",
    "link": "https://m6ptherapeutics.com/about-us/",
    "timestamp": "unknown"
  },
  {
    "title": "Leadership",
    "link": "https://m6ptherapeutics.com/about-us/leadership/",
    "timestamp": "unknown"
  },
  {
    "title": "Collaboration",
    "link": "https://m6ptherapeutics.com/about-us/collaboration/",
    "timestamp": "unknown"
  },
  {
    "title": "Investors",
    "link": "https://m6ptherapeutics.com/about-us/investors/",
    "timestamp": "unknown"
  },
  {
    "title": "Corporate Responsibility",
    "link": "https://m6ptherapeutics.com/about-us/corporate-responsibility/",
    "timestamp": "unknown"
  },
  {
    "title": "Our FocusLysosomal Storage Disorders (LSDs)Enzyme Replacement Therapies (ERTs)Gene TherapiesPipeline",
    "link": "https://m6ptherapeutics.com/our-focus/",
    "timestamp": "unknown"
  },
  {
    "title": "Our Focus",
    "link": "https://m6ptherapeutics.com/our-focus/",
    "timestamp": "unknown"
  },
  {
    "title": "Lysosomal Storage Disorders (LSDs)",
    "link": "https://m6ptherapeutics.com/our-focus/lysosomal-storage-disorders-lsds/",
    "timestamp": "unknown"
  },
  {
    "title": "Enzyme Replacement Therapies (ERTs)",
    "link": "https://m6ptherapeutics.com/our-focus/enzyme-replacement-therapies-erts/",
    "timestamp": "unknown"
  },
  {
    "title": "Gene Therapies",
    "link": "https://m6ptherapeutics.com/our-focus/gene-therapies/",
    "timestamp": "unknown"
  },
  {
    "title": "Pipeline",
    "link": "https://m6ptherapeutics.com/our-focus/pipeline/",
    "timestamp": "unknown"
  },
  {
    "title": "Our ScienceMannose -Phosphate (M6P)Our Platform TechnologyScientific Publications",
    "link": "https://m6ptherapeutics.com/our-science/",
    "timestamp": "unknown"
  },
  {
    "title": "Our Science",
    "link": "https://m6ptherapeutics.com/our-science/",
    "timestamp": "unknown"
  },
  {
    "title": "Mannose -Phosphate (M6P)",
    "link": "https://m6ptherapeutics.com/our-science/mannose--phosphate-m6p/",
    "timestamp": "unknown"
  },
  {
    "title": "Our Platform Technology",
    "link": "https://m6ptherapeutics.com/our-science/our-platform-technology/",
    "timestamp": "unknown"
  },
  {
    "title": "Scientific Publications",
    "link": "https://m6ptherapeutics.com/our-science/scientific-publications/",
    "timestamp": "unknown"
  },
  {
    "title": "Individuals &#; FamiliesMessage to the PatientsAdvocacy CharterSupport Resources",
    "link": "https://m6ptherapeutics.com/individuals-families/",
    "timestamp": "unknown"
  },
  {
    "title": "Individuals &#; Families",
    "link": "https://m6ptherapeutics.com/individuals-families/",
    "timestamp": "unknown"
  },
  {
    "title": "Message to the Patients",
    "link": "https://m6ptherapeutics.com/individuals-families/message-to-the-patients/",
    "timestamp": "unknown"
  },
  {
    "title": "Advocacy Charter",
    "link": "https://m6ptherapeutics.com/individuals-families/advocacy-charter/",
    "timestamp": "unknown"
  },
  {
    "title": "Support Resources",
    "link": "https://m6ptherapeutics.com/individuals-families/support-resources/",
    "timestamp": "unknown"
  },
  {
    "title": "Contact",
    "link": "https://m6ptherapeutics.com/contact/",
    "timestamp": "unknown"
  },
  {
    "title": "High ScienceDelivered.Developing Next Generation Therapies for Lysosomal Storage DisordersContact UsRead MoreHigh ScienceDelivered.Developing Next Gen",
    "link": "https://m6ptherapeustg.wpengine.com/contact/",
    "timestamp": "unknown"
  },
  {
    "title": "High ScienceDelivered.Developing Next Generation Therapies for Lysosomal Storage DisordersContact UsRead More",
    "link": "https://m6ptherapeustg.wpengine.com/contact/",
    "timestamp": "unknown"
  },
  {
    "title": "High ScienceDelivered.Developing Next Generation Therapies for Lysosomal Storage DisordersContact UsRead More",
    "link": "https://m6ptherapeustg.wpengine.com/contact/",
    "timestamp": "unknown"
  },
  {
    "title": "High ScienceDelivered.Developing Next Generation Therapies for Lysosomal Storage DisordersContact UsRead More",
    "link": "https://m6ptherapeustg.wpengine.com/contact/",
    "timestamp": "unknown"
  },
  {
    "title": "High ScienceDelivered.Developing Next Generation Therapies for Lysosomal Storage DisordersContact UsRead More",
    "link": "https://m6ptherapeustg.wpengine.com/contact/",
    "timestamp": "unknown"
  },
  {
    "title": "Contact UsRead More",
    "link": "https://m6ptherapeustg.wpengine.com/contact/",
    "timestamp": "unknown"
  },
  {
    "title": "Contact UsRead More",
    "link": "https://m6ptherapeustg.wpengine.com/contact/",
    "timestamp": "unknown"
  },
  {
    "title": "Contact Us",
    "link": "https://m6ptherapeustg.wpengine.com/contact/",
    "timestamp": "unknown"
  },
  {
    "title": "Contact Us",
    "link": "https://m6ptherapeustg.wpengine.com/contact/",
    "timestamp": "unknown"
  },
  {
    "title": "Contact Us",
    "link": "https://m6ptherapeustg.wpengine.com/contact/",
    "timestamp": "unknown"
  },
  {
    "title": "Contact Us",
    "link": "https://m6ptherapeustg.wpengine.com/contact/",
    "timestamp": "unknown"
  },
  {
    "title": "Contact Us",
    "link": "https://m6ptherapeustg.wpengine.com/contact/",
    "timestamp": "unknown"
  },
  {
    "title": "Contact Us",
    "link": "https://m6ptherapeustg.wpengine.com/contact/",
    "timestamp": "unknown"
  },
  {
    "title": "Contact Us",
    "link": "https://m6ptherapeustg.wpengine.com/contact/",
    "timestamp": "unknown"
  },
  {
    "title": "Contact Us",
    "link": "https://m6ptherapeustg.wpengine.com/contact/",
    "timestamp": "unknown"
  },
  {
    "title": "Contact Us",
    "link": "https://m6ptherapeustg.wpengine.com/contact/",
    "timestamp": "unknown"
  },
  {
    "title": "Read More",
    "link": "https://m6ptherapeustg.wpengine.com/our-science/",
    "timestamp": "unknown"
  },
  {
    "title": "Read More",
    "link": "https://m6ptherapeustg.wpengine.com/our-science/",
    "timestamp": "unknown"
  },
  {
    "title": "Read More",
    "link": "https://m6ptherapeustg.wpengine.com/our-science/",
    "timestamp": "unknown"
  },
  {
    "title": "Read More",
    "link": "https://m6ptherapeustg.wpengine.com/our-science/",
    "timestamp": "unknown"
  },
  {
    "title": "Read More",
    "link": "https://m6ptherapeustg.wpengine.com/our-science/",
    "timestamp": "unknown"
  },
  {
    "title": "Read More",
    "link": "https://m6ptherapeustg.wpengine.com/our-science/",
    "timestamp": "unknown"
  },
  {
    "title": "Read More",
    "link": "https://m6ptherapeustg.wpengine.com/our-science/",
    "timestamp": "unknown"
  },
  {
    "title": "Read More",
    "link": "https://m6ptherapeustg.wpengine.com/our-science/",
    "timestamp": "unknown"
  },
  {
    "title": "Read More",
    "link": "https://m6ptherapeustg.wpengine.com/our-science/",
    "timestamp": "unknown"
  },
  {
    "title": "High ScienceDelivered.Developing Next Generation Therapies for Lysosomal Storage DisordersContact UsRead More",
    "link": "https://m6ptherapeustg.wpengine.com/contact/",
    "timestamp": "unknown"
  },
  {
    "title": "High ScienceDelivered.Developing Next Generation Therapies for Lysosomal Storage DisordersContact UsRead More",
    "link": "https://m6ptherapeustg.wpengine.com/contact/",
    "timestamp": "unknown"
  },
  {
    "title": "High ScienceDelivered.Developing Next Generation Therapies for Lysosomal Storage DisordersContact UsRead More",
    "link": "https://m6ptherapeustg.wpengine.com/contact/",
    "timestamp": "unknown"
  },
  {
    "title": "High ScienceDelivered.Developing Next Generation Therapies for Lysosomal Storage DisordersContact UsRead More",
    "link": "https://m6ptherapeustg.wpengine.com/contact/",
    "timestamp": "unknown"
  },
  {
    "title": "Contact UsRead More",
    "link": "https://m6ptherapeustg.wpengine.com/contact/",
    "timestamp": "unknown"
  },
  {
    "title": "Contact UsRead More",
    "link": "https://m6ptherapeustg.wpengine.com/contact/",
    "timestamp": "unknown"
  },
  {
    "title": "Contact Us",
    "link": "https://m6ptherapeustg.wpengine.com/contact/",
    "timestamp": "unknown"
  },
  {
    "title": "Contact Us",
    "link": "https://m6ptherapeustg.wpengine.com/contact/",
    "timestamp": "unknown"
  },
  {
    "title": "Contact Us",
    "link": "https://m6ptherapeustg.wpengine.com/contact/",
    "timestamp": "unknown"
  },
  {
    "title": "Contact Us",
    "link": "https://m6ptherapeustg.wpengine.com/contact/",
    "timestamp": "unknown"
  },
  {
    "title": "Contact Us",
    "link": "https://m6ptherapeustg.wpengine.com/contact/",
    "timestamp": "unknown"
  },
  {
    "title": "Contact Us",
    "link": "https://m6ptherapeustg.wpengine.com/contact/",
    "timestamp": "unknown"
  },
  {
    "title": "Contact Us",
    "link": "https://m6ptherapeustg.wpengine.com/contact/",
    "timestamp": "unknown"
  },
  {
    "title": "Contact Us",
    "link": "https://m6ptherapeustg.wpengine.com/contact/",
    "timestamp": "unknown"
  },
  {
    "title": "Contact Us",
    "link": "https://m6ptherapeustg.wpengine.com/contact/",
    "timestamp": "unknown"
  },
  {
    "title": "Read More",
    "link": "https://m6ptherapeutics.com/#more",
    "timestamp": "unknown"
  },
  {
    "title": "Read More",
    "link": "https://m6ptherapeutics.com/#more",
    "timestamp": "unknown"
  },
  {
    "title": "Read More",
    "link": "https://m6ptherapeutics.com/#more",
    "timestamp": "unknown"
  },
  {
    "title": "Read More",
    "link": "https://m6ptherapeutics.com/#more",
    "timestamp": "unknown"
  },
  {
    "title": "Read More",
    "link": "https://m6ptherapeutics.com/#more",
    "timestamp": "unknown"
  },
  {
    "title": "Read More",
    "link": "https://m6ptherapeutics.com/#more",
    "timestamp": "unknown"
  },
  {
    "title": "Read More",
    "link": "https://m6ptherapeutics.com/#more",
    "timestamp": "unknown"
  },
  {
    "title": "Read More",
    "link": "https://m6ptherapeutics.com/#more",
    "timestamp": "unknown"
  },
  {
    "title": "Read More",
    "link": "https://m6ptherapeutics.com/#more",
    "timestamp": "unknown"
  },
  {
    "title": "A New PathUnlocking the potential ofmannose -phosphate (M6P), our breakthrough platform technology drives the development of next generationenzyme rep",
    "link": "https://m6ptherapeutics.com/glossary/mannose--phosphate-m6p/",
    "timestamp": "unknown"
  },
  {
    "title": "A New PathUnlocking the potential ofmannose -phosphate (M6P), our breakthrough platform technology drives the development of next generationenzyme rep",
    "link": "https://m6ptherapeutics.com/glossary/mannose--phosphate-m6p/",
    "timestamp": "unknown"
  },
  {
    "title": "A New PathUnlocking the potential ofmannose -phosphate (M6P), our breakthrough platform technology drives the development of next generationenzyme rep",
    "link": "https://m6ptherapeutics.com/glossary/mannose--phosphate-m6p/",
    "timestamp": "unknown"
  },
  {
    "title": "A New PathUnlocking the potential ofmannose -phosphate (M6P), our breakthrough platform technology drives the development of next generationenzyme rep",
    "link": "https://m6ptherapeutics.com/glossary/mannose--phosphate-m6p/",
    "timestamp": "unknown"
  },
  {
    "title": "Unlocking the potential ofmannose -phosphate (M6P), our breakthrough platform technology drives the development of next generationenzyme replacementan",
    "link": "https://m6ptherapeutics.com/glossary/mannose--phosphate-m6p/",
    "timestamp": "unknown"
  },
  {
    "title": "Unlocking the potential ofmannose -phosphate (M6P), our breakthrough platform technology drives the development of next generationenzyme replacementan",
    "link": "https://m6ptherapeutics.com/glossary/mannose--phosphate-m6p/",
    "timestamp": "unknown"
  },
  {
    "title": "Read More",
    "link": "https://m6ptherapeustg.wpengine.com/about-us/",
    "timestamp": "unknown"
  },
  {
    "title": "Read More",
    "link": "https://m6ptherapeustg.wpengine.com/about-us/",
    "timestamp": "unknown"
  },
  {
    "title": "Read More",
    "link": "https://m6ptherapeustg.wpengine.com/about-us/",
    "timestamp": "unknown"
  },
  {
    "title": "Read More",
    "link": "https://m6ptherapeustg.wpengine.com/about-us/",
    "timestamp": "unknown"
  },
  {
    "title": "Read More",
    "link": "https://m6ptherapeustg.wpengine.com/about-us/",
    "timestamp": "unknown"
  },
  {
    "title": "Read More",
    "link": "https://m6ptherapeustg.wpengine.com/about-us/",
    "timestamp": "unknown"
  },
  {
    "title": "Read More",
    "link": "https://m6ptherapeustg.wpengine.com/about-us/",
    "timestamp": "unknown"
  },
  {
    "title": "A New PathUnlocking the potential ofmannose -phosphate (M6P), our breakthrough platform technology drives the development of next generationenzyme rep",
    "link": "https://m6ptherapeutics.com/glossary/mannose--phosphate-m6p/",
    "timestamp": "unknown"
  },
  {
    "title": "A New PathUnlocking the potential ofmannose -phosphate (M6P), our breakthrough platform technology drives the development of next generationenzyme rep",
    "link": "https://m6ptherapeutics.com/glossary/mannose--phosphate-m6p/",
    "timestamp": "unknown"
  },
  {
    "title": "A New PathUnlocking the potential ofmannose -phosphate (M6P), our breakthrough platform technology drives the development of next generationenzyme rep",
    "link": "https://m6ptherapeutics.com/glossary/mannose--phosphate-m6p/",
    "timestamp": "unknown"
  },
  {
    "title": "A New PathUnlocking the potential ofmannose -phosphate (M6P), our breakthrough platform technology drives the development of next generationenzyme rep",
    "link": "https://m6ptherapeutics.com/glossary/mannose--phosphate-m6p/",
    "timestamp": "unknown"
  },
  {
    "title": "Unlocking the potential ofmannose -phosphate (M6P), our breakthrough platform technology drives the development of next generationenzyme replacementan",
    "link": "https://m6ptherapeutics.com/glossary/mannose--phosphate-m6p/",
    "timestamp": "unknown"
  },
  {
    "title": "Unlocking the potential ofmannose -phosphate (M6P), our breakthrough platform technology drives the development of next generationenzyme replacementan",
    "link": "https://m6ptherapeutics.com/glossary/mannose--phosphate-m6p/",
    "timestamp": "unknown"
  },
  {
    "title": "Read More",
    "link": "https://m6ptherapeustg.wpengine.com/about-us/",
    "timestamp": "unknown"
  },
  {
    "title": "Read More",
    "link": "https://m6ptherapeustg.wpengine.com/about-us/",
    "timestamp": "unknown"
  },
  {
    "title": "Read More",
    "link": "https://m6ptherapeustg.wpengine.com/about-us/",
    "timestamp": "unknown"
  },
  {
    "title": "Read More",
    "link": "https://m6ptherapeustg.wpengine.com/about-us/",
    "timestamp": "unknown"
  },
  {
    "title": "Read More",
    "link": "https://m6ptherapeustg.wpengine.com/about-us/",
    "timestamp": "unknown"
  },
  {
    "title": "Read More",
    "link": "https://m6ptherapeustg.wpengine.com/about-us/",
    "timestamp": "unknown"
  },
  {
    "title": "Read More",
    "link": "https://m6ptherapeustg.wpengine.com/about-us/",
    "timestamp": "unknown"
  },
  {
    "title": "Our Main FocusOur innovativeS1S3 co-expression platform technologyenables us to develop next generation, best-in-class, targetedenzyme replacement the",
    "link": "https://m6ptherapeutics.com/glossary/glossary-/",
    "timestamp": "unknown"
  },
  {
    "title": "Our Main FocusOur innovativeS1S3 co-expression platform technologyenables us to develop next generation, best-in-class, targetedenzyme replacement the",
    "link": "https://m6ptherapeutics.com/glossary/glossary-/",
    "timestamp": "unknown"
  },
  {
    "title": "Our Main FocusOur innovativeS1S3 co-expression platform technologyenables us to develop next generation, best-in-class, targetedenzyme replacement the",
    "link": "https://m6ptherapeutics.com/glossary/glossary-/",
    "timestamp": "unknown"
  },
  {
    "title": "Our Main FocusOur innovativeS1S3 co-expression platform technologyenables us to develop next generation, best-in-class, targetedenzyme replacement the",
    "link": "https://m6ptherapeutics.com/glossary/glossary-/",
    "timestamp": "unknown"
  },
  {
    "title": "Our innovativeS1S3 co-expression platform technologyenables us to develop next generation, best-in-class, targetedenzyme replacement therapy (ERT)orge",
    "link": "https://m6ptherapeutics.com/glossary/glossary-/",
    "timestamp": "unknown"
  },
  {
    "title": "Our innovativeS1S3 co-expression platform technologyenables us to develop next generation, best-in-class, targetedenzyme replacement therapy (ERT)orge",
    "link": "https://m6ptherapeutics.com/glossary/glossary-/",
    "timestamp": "unknown"
  },
  {
    "title": "&#;&#;&#;&#;&#;&#;\n\t\t\t\t\t\t\t\t\t\t\t\t\t\t\t\t\t\t\t&#;&#;\n\t\t\t\t\t\t\t\tWhat Are Lysosomal Storage Disorders (LSDs)?&#;\n\t\t\t\t\t\t&#;&#;&#;&#;&#;\n&#;&#;&#;&#;\n\t\t\t\t\t&#;&#;\n&#",
    "link": "https://m6ptherapeutics.com/glossary/lysosomal-storage-disorders-lsds/",
    "timestamp": "unknown"
  },
  {
    "title": "&#;&#;&#;&#;&#;&#;\n\t\t\t\t\t\t\t\t\t\t\t\t\t\t\t\t\t\t\t&#;&#;\n\t\t\t\t\t\t\t\tWhat Are Lysosomal Storage Disorders (LSDs)?&#;\n\t\t\t\t\t\t&#;&#;&#;&#;&#;\n&#;&#;&#;&#;\n\t\t\t\t\t&#;&#;\n&#",
    "link": "https://m6ptherapeutics.com/glossary/lysosomal-storage-disorders-lsds/",
    "timestamp": "unknown"
  },
  {
    "title": "&#;&#;&#;&#;&#;&#;\n\t\t\t\t\t\t\t\t\t\t\t\t\t\t\t\t\t\t\t&#;&#;\n\t\t\t\t\t\t\t\tWhat Are Lysosomal Storage Disorders (LSDs)?&#;\n\t\t\t\t\t\t&#;&#;&#;&#;&#;\n&#;&#;&#;&#;\n\t\t\t\t\t&#;&#;\n&#",
    "link": "https://m6ptherapeutics.com/glossary/lysosomal-storage-disorders-lsds/",
    "timestamp": "unknown"
  },
  {
    "title": "&#;&#;&#;&#;&#;&#;\n\t\t\t\t\t\t\t\t\t\t\t\t\t\t\t\t\t\t\t&#;&#;\n\t\t\t\t\t\t\t\tWhat Are Lysosomal Storage Disorders (LSDs)?&#;\n\t\t\t\t\t\t&#;&#;&#;&#;&#;\n&#;&#;&#;&#;\n\t\t\t\t\t&#;&#;\n&#",
    "link": "https://m6ptherapeutics.com/glossary/lysosomal-storage-disorders-lsds/",
    "timestamp": "unknown"
  },
  {
    "title": "&#;&#;&#;&#;&#;&#;\n\t\t\t\t\t\t\t\t\t\t\t\t\t\t\t\t\t\t\t&#;&#;\n\t\t\t\t\t\t\t\tWhat Are Lysosomal Storage Disorders (LSDs)?&#;\n\t\t\t\t\t\t&#;&#;&#;&#;&#;\n&#;&#;&#;&#;\n\t\t\t\t\t&#;&#;\n&#",
    "link": "https://m6ptherapeutics.com/glossary/lysosomal-storage-disorders-lsds/",
    "timestamp": "unknown"
  },
  {
    "title": "&#;&#;&#;&#;&#;&#;\n\t\t\t\t\t\t\t\t\t\t\t\t\t\t\t\t\t\t\t&#;&#;\n\t\t\t\t\t\t\t\tWhat Are Lysosomal Storage Disorders (LSDs)?&#;\n\t\t\t\t\t\t&#;&#;&#;&#;&#;\n&#;&#;&#;&#;\n\t\t\t\t\t&#;&#;\n&#",
    "link": "https://m6ptherapeutics.com/glossary/lysosomal-storage-disorders-lsds/",
    "timestamp": "unknown"
  },
  {
    "title": "&#;&#;&#;&#;&#;&#;\n\t\t\t\t\t\t\t\t\t\t\t\t\t\t\t\t\t\t\t&#;&#;\n\t\t\t\t\t\t\t\tWhat Are Lysosomal Storage Disorders (LSDs)?&#;\n\t\t\t\t\t\t&#;&#;&#;&#;&#;\n&#;&#;&#;&#;\n\t\t\t\t\t&#;&#;\n&#",
    "link": "https://m6ptherapeutics.com/glossary/lysosomal-storage-disorders-lsds/",
    "timestamp": "unknown"
  },
  {
    "title": "&#;&#;&#;&#;&#;&#;\n\t\t\t\t\t\t\t\t\t\t\t\t\t\t\t\t\t\t\t&#;&#;\n\t\t\t\t\t\t\t\tWhat Are Lysosomal Storage Disorders (LSDs)?&#;\n\t\t\t\t\t\t&#;&#;&#;&#;&#;\n&#;&#;&#;&#;\n\t\t\t\t\t&#;&#;\n&#",
    "link": "https://m6ptherapeutics.com/glossary/lysosomal-storage-disorders-lsds/",
    "timestamp": "unknown"
  },
  {
    "title": "&#;&#;&#;&#;&#;&#;\n\t\t\t\t\t\t\t\t\t\t\t\t\t\t\t\t\t\t\t&#;&#;\n\t\t\t\t\t\t\t\tWhat Are Lysosomal Storage Disorders (LSDs)?&#;\n\t\t\t\t\t\t&#;&#;&#;&#;&#;\n&#;&#;&#;&#;\n\t\t\t\t\t&#;&#;\n&#",
    "link": "https://m6ptherapeutics.com/glossary/lysosomal-storage-disorders-lsds/",
    "timestamp": "unknown"
  },
  {
    "title": "&#;&#;&#;&#;&#;&#;\n\t\t\t\t\t\t\t\t\t\t\t\t\t\t\t\t\t\t\t&#;&#;\n\t\t\t\t\t\t\t\tWhat Are Lysosomal Storage Disorders (LSDs)?&#;\n\t\t\t\t\t\t&#;&#;&#;&#;&#;\n&#;&#;&#;&#;\n\t\t\t\t\t&#;&#;\n&#",
    "link": "https://m6ptherapeutics.com/glossary/lysosomal-storage-disorders-lsds/",
    "timestamp": "unknown"
  },
  {
    "title": "&#;&#;&#;&#;&#;\n\t\t\t\t\t\t\t\t\t\t\t\t\t\t\t\t\t\t\t&#;&#;\n\t\t\t\t\t\t\t\tWhat Are Lysosomal Storage Disorders (LSDs)?&#;\n\t\t\t\t\t\t&#;&#;&#;&#;&#;\n&#;&#;&#;&#;\n\t\t\t\t\t&#;&#;\n&#;\n\t",
    "link": "https://m6ptherapeutics.com/glossary/lysosomal-storage-disorders-lsds/",
    "timestamp": "unknown"
  },
  {
    "title": "&#;&#;&#;\n\t\t\t\t\t&#;&#;\n&#;\n\t\t\t\t\t\t\t\t\t\t\t\t\t\t\t\t\t\t\t&#;&#;\n\t\t\t\t\t\t\t\tWhat Are Lysosomal Storage Disorders (LSDs)?&#;\n\t\t\t\t\t\t&#;Lysosomal storage disorders (LSDs",
    "link": "https://m6ptherapeutics.com/glossary/lysosomal-storage-disorders-lsds/",
    "timestamp": "unknown"
  },
  {
    "title": "&#;&#;\n\t\t\t\t\t&#;&#;\n&#;\n\t\t\t\t\t\t\t\t\t\t\t\t\t\t\t\t\t\t\t&#;&#;\n\t\t\t\t\t\t\t\tWhat Are Lysosomal Storage Disorders (LSDs)?&#;\n\t\t\t\t\t\t&#;Lysosomal storage disorders (LSDs)ar",
    "link": "https://m6ptherapeutics.com/glossary/lysosomal-storage-disorders-lsds/",
    "timestamp": "unknown"
  },
  {
    "title": "&#;\n\t\t\t\t\t&#;&#;\n&#;\n\t\t\t\t\t\t\t\t\t\t\t\t\t\t\t\t\t\t\t&#;&#;\n\t\t\t\t\t\t\t\tWhat Are Lysosomal Storage Disorders (LSDs)?&#;\n\t\t\t\t\t\t&#;Lysosomal storage disorders (LSDs)are a",
    "link": "https://m6ptherapeutics.com/glossary/lysosomal-storage-disorders-lsds/",
    "timestamp": "unknown"
  },
  {
    "title": "&#;\n&#;\n\t\t\t\t\t\t\t\t\t\t\t\t\t\t\t\t\t\t\t&#;&#;\n\t\t\t\t\t\t\t\tWhat Are Lysosomal Storage Disorders (LSDs)?&#;\n\t\t\t\t\t\t&#;Lysosomal storage disorders (LSDs)are a group of mo",
    "link": "https://m6ptherapeutics.com/glossary/lysosomal-storage-disorders-lsds/",
    "timestamp": "unknown"
  },
  {
    "title": "&#;&#;&#;&#;&#;&#;\n\t\t\t\t\t\t\t\t\t\t\t\t\t\t\t\t\t\t\t&#;&#;\n\t\t\t\t\t\t\t\tMannose -Phosphate (M6P)&#;\n\t\t\t\t\t\t&#;&#;&#;&#;&#;\n&#;&#;&#;&#;\n\t\t\t\t\t&#;&#;\n&#;\n\t\t\t\t\t\t\t\t\t\t\t\t\t\t\t\t\t\t",
    "link": "https://m6ptherapeutics.com/glossary/mannose--phosphate-m6p/",
    "timestamp": "unknown"
  },
  {
    "title": "&#;&#;&#;&#;&#;&#;\n\t\t\t\t\t\t\t\t\t\t\t\t\t\t\t\t\t\t\t&#;&#;\n\t\t\t\t\t\t\t\tMannose -Phosphate (M6P)&#;\n\t\t\t\t\t\t&#;&#;&#;&#;&#;\n&#;&#;&#;&#;\n\t\t\t\t\t&#;&#;\n&#;\n\t\t\t\t\t\t\t\t\t\t\t\t\t\t\t\t\t\t",
    "link": "https://m6ptherapeutics.com/glossary/mannose--phosphate-m6p/",
    "timestamp": "unknown"
  },
  {
    "title": "&#;&#;&#;&#;&#;&#;\n\t\t\t\t\t\t\t\t\t\t\t\t\t\t\t\t\t\t\t&#;&#;\n\t\t\t\t\t\t\t\tMannose -Phosphate (M6P)&#;\n\t\t\t\t\t\t&#;&#;&#;&#;&#;\n&#;&#;&#;&#;\n\t\t\t\t\t&#;&#;\n&#;\n\t\t\t\t\t\t\t\t\t\t\t\t\t\t\t\t\t\t",
    "link": "https://m6ptherapeutics.com/glossary/mannose--phosphate-m6p/",
    "timestamp": "unknown"
  },
  {
    "title": "&#;&#;&#;&#;&#;&#;\n\t\t\t\t\t\t\t\t\t\t\t\t\t\t\t\t\t\t\t&#;&#;\n\t\t\t\t\t\t\t\tMannose -Phosphate (M6P)&#;\n\t\t\t\t\t\t&#;&#;&#;&#;&#;\n&#;&#;&#;&#;\n\t\t\t\t\t&#;&#;\n&#;\n\t\t\t\t\t\t\t\t\t\t\t\t\t\t\t\t\t\t",
    "link": "https://m6ptherapeutics.com/glossary/mannose--phosphate-m6p/",
    "timestamp": "unknown"
  },
  {
    "title": "&#;&#;&#;&#;&#;\n\t\t\t\t\t\t\t\t\t\t\t\t\t\t\t\t\t\t\t&#;&#;\n\t\t\t\t\t\t\t\tMannose -Phosphate (M6P)&#;\n\t\t\t\t\t\t&#;&#;&#;&#;&#;\n&#;&#;&#;&#;\n\t\t\t\t\t&#;&#;\n&#;\n\t\t\t\t\t\t\t\t\t\t\t\t\t\t\t\t\t\t\t&#",
    "link": "https://m6ptherapeutics.com/glossary/mannose--phosphate-m6p/",
    "timestamp": "unknown"
  },
  {
    "title": "&#;&#;&#;\n\t\t\t\t\t&#;&#;\n&#;\n\t\t\t\t\t\t\t\t\t\t\t\t\t\t\t\t\t\t\t&#;&#;\n\t\t\t\t\t\t\t\tMannose -Phosphate (M6P)&#;\n\t\t\t\t\t\t&#;&#;Mannose -phosphate (M6P)is a specialized carbohydr",
    "link": "https://m6ptherapeutics.com/glossary/mannose--phosphate-m6p/",
    "timestamp": "unknown"
  },
  {
    "title": "&#;&#;\n\t\t\t\t\t&#;&#;\n&#;\n\t\t\t\t\t\t\t\t\t\t\t\t\t\t\t\t\t\t\t&#;&#;\n\t\t\t\t\t\t\t\tMannose -Phosphate (M6P)&#;\n\t\t\t\t\t\t&#;&#;Mannose -phosphate (M6P)is a specialized carbohydrate",
    "link": "https://m6ptherapeutics.com/glossary/mannose--phosphate-m6p/",
    "timestamp": "unknown"
  },
  {
    "title": "&#;\n\t\t\t\t\t&#;&#;\n&#;\n\t\t\t\t\t\t\t\t\t\t\t\t\t\t\t\t\t\t\t&#;&#;\n\t\t\t\t\t\t\t\tMannose -Phosphate (M6P)&#;\n\t\t\t\t\t\t&#;&#;Mannose -phosphate (M6P)is a specialized carbohydrate st",
    "link": "https://m6ptherapeutics.com/glossary/mannose--phosphate-m6p/",
    "timestamp": "unknown"
  },
  {
    "title": "&#;\n&#;\n\t\t\t\t\t\t\t\t\t\t\t\t\t\t\t\t\t\t\t&#;&#;\n\t\t\t\t\t\t\t\tMannose -Phosphate (M6P)&#;\n\t\t\t\t\t\t&#;&#;Mannose -phosphate (M6P)is a specialized carbohydrate structure foun",
    "link": "https://m6ptherapeutics.com/glossary/mannose--phosphate-m6p/",
    "timestamp": "unknown"
  },
  {
    "title": "Mannose -phosphate (M6P)is a specialized carbohydrate structure found onlysosomal enzymes. M6P enables newly synthesizedlysosomal enzymesto bind to M6",
    "link": "https://m6ptherapeutics.com/glossary/mannose--phosphate-m6p/",
    "timestamp": "unknown"
  },
  {
    "title": "&#;&#;&#;&#;&#;&#;\n\t\t\t\t\t\t\t\t\t\t\t\t\t\t\t\t\t\t\t&#;&#;\n\t\t\t\t\t\t\t\tS1S3 Co-expression Platform Technology&#;\n\t\t\t\t\t\t&#;&#;&#;&#;&#;\n&#;&#;&#;&#;\n\t\t\t\t\t&#;&#;\n&#;\n\t\t\t\t",
    "link": "https://m6ptherapeutics.com/glossary/glossary-/",
    "timestamp": "unknown"
  },
  {
    "title": "&#;&#;&#;&#;&#;&#;\n\t\t\t\t\t\t\t\t\t\t\t\t\t\t\t\t\t\t\t&#;&#;\n\t\t\t\t\t\t\t\tS1S3 Co-expression Platform Technology&#;\n\t\t\t\t\t\t&#;&#;&#;&#;&#;\n&#;&#;&#;&#;\n\t\t\t\t\t&#;&#;\n&#;\n\t\t\t\t",
    "link": "https://m6ptherapeutics.com/glossary/glossary-/",
    "timestamp": "unknown"
  },
  {
    "title": "&#;&#;&#;&#;&#;&#;\n\t\t\t\t\t\t\t\t\t\t\t\t\t\t\t\t\t\t\t&#;&#;\n\t\t\t\t\t\t\t\tS1S3 Co-expression Platform Technology&#;\n\t\t\t\t\t\t&#;&#;&#;&#;&#;\n&#;&#;&#;&#;\n\t\t\t\t\t&#;&#;\n&#;\n\t\t\t\t",
    "link": "https://m6ptherapeutics.com/glossary/glossary-/",
    "timestamp": "unknown"
  },
  {
    "title": "&#;&#;&#;&#;&#;&#;\n\t\t\t\t\t\t\t\t\t\t\t\t\t\t\t\t\t\t\t&#;&#;\n\t\t\t\t\t\t\t\tS1S3 Co-expression Platform Technology&#;\n\t\t\t\t\t\t&#;&#;&#;&#;&#;\n&#;&#;&#;&#;\n\t\t\t\t\t&#;&#;\n&#;\n\t\t\t\t",
    "link": "https://m6ptherapeutics.com/glossary/glossary-/",
    "timestamp": "unknown"
  },
  {
    "title": "&#;&#;&#;&#;&#;&#;\n\t\t\t\t\t\t\t\t\t\t\t\t\t\t\t\t\t\t\t&#;&#;\n\t\t\t\t\t\t\t\tS1S3 Co-expression Platform Technology&#;\n\t\t\t\t\t\t&#;&#;&#;&#;&#;\n&#;&#;&#;&#;\n\t\t\t\t\t&#;&#;\n&#;\n\t\t\t\t",
    "link": "https://m6ptherapeutics.com/glossary/glossary-/",
    "timestamp": "unknown"
  },
  {
    "title": "&#;&#;&#;&#;&#;&#;\n\t\t\t\t\t\t\t\t\t\t\t\t\t\t\t\t\t\t\t&#;&#;\n\t\t\t\t\t\t\t\tS1S3 Co-expression Platform Technology&#;\n\t\t\t\t\t\t&#;&#;&#;&#;&#;\n&#;&#;&#;&#;\n\t\t\t\t\t&#;&#;\n&#;\n\t\t\t\t",
    "link": "https://m6ptherapeutics.com/glossary/glossary-/",
    "timestamp": "unknown"
  },
  {
    "title": "&#;&#;&#;&#;&#;\n\t\t\t\t\t\t\t\t\t\t\t\t\t\t\t\t\t\t\t&#;&#;\n\t\t\t\t\t\t\t\tS1S3 Co-expression Platform Technology&#;\n\t\t\t\t\t\t&#;&#;&#;&#;&#;\n&#;&#;&#;&#;\n\t\t\t\t\t&#;&#;\n&#;\n\t\t\t\t\t\t\t",
    "link": "https://m6ptherapeutics.com/glossary/glossary-/",
    "timestamp": "unknown"
  },
  {
    "title": "&#;&#;&#;\n\t\t\t\t\t&#;&#;\n&#;\n\t\t\t\t\t\t\t\t\t\t\t\t\t\t\t\t\t\t\t&#;&#;\n\t\t\t\t\t\t\t\tS1S3 Co-expression Platform Technology&#;\n\t\t\t\t\t\t&#;Our innovativeS1S3 co-expression platfo",
    "link": "https://m6ptherapeutics.com/glossary/glossary-/",
    "timestamp": "unknown"
  },
  {
    "title": "&#;&#;\n\t\t\t\t\t&#;&#;\n&#;\n\t\t\t\t\t\t\t\t\t\t\t\t\t\t\t\t\t\t\t&#;&#;\n\t\t\t\t\t\t\t\tS1S3 Co-expression Platform Technology&#;\n\t\t\t\t\t\t&#;Our innovativeS1S3 co-expression platform ",
    "link": "https://m6ptherapeutics.com/glossary/glossary-/",
    "timestamp": "unknown"
  },
  {
    "title": "&#;\n\t\t\t\t\t&#;&#;\n&#;\n\t\t\t\t\t\t\t\t\t\t\t\t\t\t\t\t\t\t\t&#;&#;\n\t\t\t\t\t\t\t\tS1S3 Co-expression Platform Technology&#;\n\t\t\t\t\t\t&#;Our innovativeS1S3 co-expression platform tec",
    "link": "https://m6ptherapeutics.com/glossary/glossary-/",
    "timestamp": "unknown"
  },
  {
    "title": "&#;\n&#;\n\t\t\t\t\t\t\t\t\t\t\t\t\t\t\t\t\t\t\t&#;&#;\n\t\t\t\t\t\t\t\tS1S3 Co-expression Platform Technology&#;\n\t\t\t\t\t\t&#;Our innovativeS1S3 co-expression platform technologyenhan",
    "link": "https://m6ptherapeutics.com/glossary/glossary-/",
    "timestamp": "unknown"
  },
  {
    "title": "&#;&#;&#;&#;&#;&#;\n\t\t\t\t\t\t\t\t\t\t\t\t\t\t\t\t\t\t\t&#;&#;\n\t\t\t\t\t\t\t\tPipeline&#;\n\t\t\t\t\t\t&#;&#;&#;&#;&#;\n&#;&#;&#;&#;\n\t\t\t\t\t&#;&#;\n&#;\n\t\t\t\t\t\t\t\t\t\t\t\t\t\t\t\t\t\t\t&#;&#;\n\t\t\t\t\t\t\t\t",
    "link": "https://m6ptherapeutics.com/glossary/enzyme-replacement-therapies-erts/",
    "timestamp": "unknown"
  },
  {
    "title": "&#;&#;&#;&#;&#;&#;\n\t\t\t\t\t\t\t\t\t\t\t\t\t\t\t\t\t\t\t&#;&#;\n\t\t\t\t\t\t\t\tPipeline&#;\n\t\t\t\t\t\t&#;&#;&#;&#;&#;\n&#;&#;&#;&#;\n\t\t\t\t\t&#;&#;\n&#;\n\t\t\t\t\t\t\t\t\t\t\t\t\t\t\t\t\t\t\t&#;&#;\n\t\t\t\t\t\t\t\t",
    "link": "https://m6ptherapeutics.com/glossary/enzyme-replacement-therapies-erts/",
    "timestamp": "unknown"
  },
  {
    "title": "&#;&#;&#;&#;&#;&#;\n\t\t\t\t\t\t\t\t\t\t\t\t\t\t\t\t\t\t\t&#;&#;\n\t\t\t\t\t\t\t\tPipeline&#;\n\t\t\t\t\t\t&#;&#;&#;&#;&#;\n&#;&#;&#;&#;\n\t\t\t\t\t&#;&#;\n&#;\n\t\t\t\t\t\t\t\t\t\t\t\t\t\t\t\t\t\t\t&#;&#;\n\t\t\t\t\t\t\t\t",
    "link": "https://m6ptherapeutics.com/glossary/enzyme-replacement-therapies-erts/",
    "timestamp": "unknown"
  },
  {
    "title": "&#;&#;&#;&#;&#;&#;\n\t\t\t\t\t\t\t\t\t\t\t\t\t\t\t\t\t\t\t&#;&#;\n\t\t\t\t\t\t\t\tPipeline&#;\n\t\t\t\t\t\t&#;&#;&#;&#;&#;\n&#;&#;&#;&#;\n\t\t\t\t\t&#;&#;\n&#;\n\t\t\t\t\t\t\t\t\t\t\t\t\t\t\t\t\t\t\t&#;&#;\n\t\t\t\t\t\t\t\t",
    "link": "https://m6ptherapeutics.com/glossary/enzyme-replacement-therapies-erts/",
    "timestamp": "unknown"
  },
  {
    "title": "&#;&#;&#;&#;&#;\n\t\t\t\t\t\t\t\t\t\t\t\t\t\t\t\t\t\t\t&#;&#;\n\t\t\t\t\t\t\t\tPipeline&#;\n\t\t\t\t\t\t&#;&#;&#;&#;&#;\n&#;&#;&#;&#;\n\t\t\t\t\t&#;&#;\n&#;\n\t\t\t\t\t\t\t\t\t\t\t\t\t\t\t\t\t\t\t&#;&#;\n\t\t\t\t\t\t\t\tPip",
    "link": "https://m6ptherapeutics.com/glossary/enzyme-replacement-therapies-erts/",
    "timestamp": "unknown"
  },
  {
    "title": "&#;&#;&#;\n\t\t\t\t\t&#;&#;\n&#;\n\t\t\t\t\t\t\t\t\t\t\t\t\t\t\t\t\t\t\t&#;&#;\n\t\t\t\t\t\t\t\tPipeline&#;\n\t\t\t\t\t\t&#;&#;We are developing next generationenzyme replacement therapies (ERT",
    "link": "https://m6ptherapeutics.com/glossary/enzyme-replacement-therapies-erts/",
    "timestamp": "unknown"
  },
  {
    "title": "&#;&#;\n\t\t\t\t\t&#;&#;\n&#;\n\t\t\t\t\t\t\t\t\t\t\t\t\t\t\t\t\t\t\t&#;&#;\n\t\t\t\t\t\t\t\tPipeline&#;\n\t\t\t\t\t\t&#;&#;We are developing next generationenzyme replacement therapies (ERTs)a",
    "link": "https://m6ptherapeutics.com/glossary/enzyme-replacement-therapies-erts/",
    "timestamp": "unknown"
  },
  {
    "title": "&#;\n\t\t\t\t\t&#;&#;\n&#;\n\t\t\t\t\t\t\t\t\t\t\t\t\t\t\t\t\t\t\t&#;&#;\n\t\t\t\t\t\t\t\tPipeline&#;\n\t\t\t\t\t\t&#;&#;We are developing next generationenzyme replacement therapies (ERTs)andg",
    "link": "https://m6ptherapeutics.com/glossary/enzyme-replacement-therapies-erts/",
    "timestamp": "unknown"
  },
  {
    "title": "&#;\n&#;\n\t\t\t\t\t\t\t\t\t\t\t\t\t\t\t\t\t\t\t&#;&#;\n\t\t\t\t\t\t\t\tPipeline&#;\n\t\t\t\t\t\t&#;&#;We are developing next generationenzyme replacement therapies (ERTs)andgene therapie",
    "link": "https://m6ptherapeutics.com/glossary/enzyme-replacement-therapies-erts/",
    "timestamp": "unknown"
  },
  {
    "title": "We are developing next generationenzyme replacement therapies (ERTs)andgene therapiesto treat LSDs and are working as quickly and efficiently as possi",
    "link": "https://m6ptherapeutics.com/glossary/enzyme-replacement-therapies-erts/",
    "timestamp": "unknown"
  },
  {
    "title": "Individuals & familiesWe Are Dedicated to the Individuals We Serve.Learn more",
    "link": "https://m6ptherapeustg.wpengine.com/individuals-families/",
    "timestamp": "unknown"
  },
  {
    "title": "Individuals & familiesWe Are Dedicated to the Individuals We Serve.Learn more",
    "link": "https://m6ptherapeustg.wpengine.com/individuals-families/",
    "timestamp": "unknown"
  },
  {
    "title": "Individuals & familiesWe Are Dedicated to the Individuals We Serve.Learn more",
    "link": "https://m6ptherapeustg.wpengine.com/individuals-families/",
    "timestamp": "unknown"
  },
  {
    "title": "Individuals & familiesWe Are Dedicated to the Individuals We Serve.Learn more",
    "link": "https://m6ptherapeustg.wpengine.com/individuals-families/",
    "timestamp": "unknown"
  },
  {
    "title": "Learn more",
    "link": "https://m6ptherapeustg.wpengine.com/individuals-families/",
    "timestamp": "unknown"
  },
  {
    "title": "Learn more",
    "link": "https://m6ptherapeustg.wpengine.com/individuals-families/",
    "timestamp": "unknown"
  },
  {
    "title": "Learn more",
    "link": "https://m6ptherapeustg.wpengine.com/individuals-families/",
    "timestamp": "unknown"
  },
  {
    "title": "Learn more",
    "link": "https://m6ptherapeustg.wpengine.com/individuals-families/",
    "timestamp": "unknown"
  },
  {
    "title": "Learn more",
    "link": "https://m6ptherapeustg.wpengine.com/individuals-families/",
    "timestamp": "unknown"
  },
  {
    "title": "Learn more",
    "link": "https://m6ptherapeustg.wpengine.com/individuals-families/",
    "timestamp": "unknown"
  },
  {
    "title": "Learn more",
    "link": "https://m6ptherapeustg.wpengine.com/individuals-families/",
    "timestamp": "unknown"
  },
  {
    "title": "Support ResourcesView All",
    "link": "https://fabry.org/",
    "timestamp": "unknown"
  },
  {
    "title": "Support ResourcesView All",
    "link": "https://fabry.org/",
    "timestamp": "unknown"
  },
  {
    "title": "Support ResourcesView All",
    "link": "https://fabry.org/",
    "timestamp": "unknown"
  },
  {
    "title": "Support ResourcesView All",
    "link": "https://fabry.org/",
    "timestamp": "unknown"
  },
  {
    "title": "View All",
    "link": "https://m6ptherapeustg.wpengine.com/individuals-families/support-resources/",
    "timestamp": "unknown"
  },
  {
    "title": "View All",
    "link": "https://m6ptherapeustg.wpengine.com/individuals-families/support-resources/",
    "timestamp": "unknown"
  },
  {
    "title": "View All",
    "link": "https://m6ptherapeustg.wpengine.com/individuals-families/support-resources/",
    "timestamp": "unknown"
  },
  {
    "title": "View All",
    "link": "https://m6ptherapeustg.wpengine.com/individuals-families/support-resources/",
    "timestamp": "unknown"
  },
  {
    "title": "View All",
    "link": "https://m6ptherapeustg.wpengine.com/individuals-families/support-resources/",
    "timestamp": "unknown"
  },
  {
    "title": "View All",
    "link": "https://m6ptherapeustg.wpengine.com/individuals-families/support-resources/",
    "timestamp": "unknown"
  },
  {
    "title": "View All",
    "link": "https://m6ptherapeustg.wpengine.com/individuals-families/support-resources/",
    "timestamp": "unknown"
  },
  {
    "title": "About UsLeadershipCollaborationInvestorsCorporate Responsibility",
    "link": "https://m6ptherapeutics.com/about-us/",
    "timestamp": "unknown"
  },
  {
    "title": "About Us",
    "link": "https://m6ptherapeutics.com/about-us/",
    "timestamp": "unknown"
  },
  {
    "title": "Leadership",
    "link": "https://m6ptherapeutics.com/about-us/leadership/",
    "timestamp": "unknown"
  },
  {
    "title": "Collaboration",
    "link": "https://m6ptherapeutics.com/about-us/collaboration/",
    "timestamp": "unknown"
  },
  {
    "title": "Investors",
    "link": "https://m6ptherapeutics.com/about-us/investors/",
    "timestamp": "unknown"
  },
  {
    "title": "Corporate Responsibility",
    "link": "https://m6ptherapeutics.com/about-us/corporate-responsibility/",
    "timestamp": "unknown"
  },
  {
    "title": "Our FocusLysosomal Storage Disorders (LSDs)Enzyme Replacement Therapies (ERTs)Gene TherapiesPipeline",
    "link": "https://m6ptherapeutics.com/our-focus/",
    "timestamp": "unknown"
  },
  {
    "title": "Our Focus",
    "link": "https://m6ptherapeutics.com/our-focus/",
    "timestamp": "unknown"
  },
  {
    "title": "Lysosomal Storage Disorders (LSDs)",
    "link": "https://m6ptherapeutics.com/our-focus/lysosomal-storage-disorders-lsds/",
    "timestamp": "unknown"
  },
  {
    "title": "Enzyme Replacement Therapies (ERTs)",
    "link": "https://m6ptherapeutics.com/our-focus/enzyme-replacement-therapies-erts/",
    "timestamp": "unknown"
  },
  {
    "title": "Gene Therapies",
    "link": "https://m6ptherapeutics.com/our-focus/gene-therapies/",
    "timestamp": "unknown"
  },
  {
    "title": "Pipeline",
    "link": "https://m6ptherapeutics.com/our-focus/pipeline/",
    "timestamp": "unknown"
  },
  {
    "title": "Our ScienceMannose -Phosphate (M6P)Our Platform TechnologyScientific Publications",
    "link": "https://m6ptherapeutics.com/our-science/",
    "timestamp": "unknown"
  },
  {
    "title": "Our Science",
    "link": "https://m6ptherapeutics.com/our-science/",
    "timestamp": "unknown"
  },
  {
    "title": "Mannose -Phosphate (M6P)",
    "link": "https://m6ptherapeutics.com/our-science/mannose--phosphate-m6p/",
    "timestamp": "unknown"
  },
  {
    "title": "Our Platform Technology",
    "link": "https://m6ptherapeutics.com/our-science/our-platform-technology/",
    "timestamp": "unknown"
  },
  {
    "title": "Scientific Publications",
    "link": "https://m6ptherapeutics.com/our-science/scientific-publications/",
    "timestamp": "unknown"
  },
  {
    "title": "Individuals &#; FamiliesMessage to the PatientsAdvocacy CharterSupport Resources",
    "link": "https://m6ptherapeutics.com/individuals-families/",
    "timestamp": "unknown"
  },
  {
    "title": "Individuals &#; Families",
    "link": "https://m6ptherapeutics.com/individuals-families/",
    "timestamp": "unknown"
  },
  {
    "title": "Message to the Patients",
    "link": "https://m6ptherapeutics.com/individuals-families/message-to-the-patients/",
    "timestamp": "unknown"
  },
  {
    "title": "Advocacy Charter",
    "link": "https://m6ptherapeutics.com/individuals-families/advocacy-charter/",
    "timestamp": "unknown"
  },
  {
    "title": "Support Resources",
    "link": "https://m6ptherapeutics.com/individuals-families/support-resources/",
    "timestamp": "unknown"
  },
  {
    "title": "Contact",
    "link": "https://m6ptherapeutics.com/contact/",
    "timestamp": "unknown"
  },
  {
    "title": "Privacy Policy",
    "link": "https://m6ptherapeustg.wpengine.com/privacy-policy/",
    "timestamp": "unknown"
  },
  {
    "title": "Terms of Use",
    "link": "https://m6ptherapeustg.wpengine.com/terms-of-use/",
    "timestamp": "unknown"
  },
  {
    "title": "Glossary of Terms",
    "link": "https://m6ptherapeustg.wpengine.com/glossary-of-terms/",
    "timestamp": "unknown"
  },
  {
    "title": "Sitemap",
    "link": "https://m6ptherapeutics.com/sitemap/",
    "timestamp": "unknown"
  }
]