[
  {
    "title": "Investor RelationsOverviewPress ReleasesEvents & PresentationsCorporate GovernanceGovernance OverviewLeadership & BoardCommittee CompositionSEC Filing",
    "link": "https://neumoratx.com/",
    "timestamp": "unknown"
  },
  {
    "title": "Investor RelationsOverviewPress ReleasesEvents & PresentationsCorporate GovernanceGovernance OverviewLeadership & BoardCommittee CompositionSEC Filing",
    "link": "https://ir.neumoratx.com/investor-relations",
    "timestamp": "unknown"
  },
  {
    "title": "Overview",
    "link": "https://ir.neumoratx.com/investor-relations",
    "timestamp": "unknown"
  },
  {
    "title": "Press Releases",
    "link": "https://ir.neumoratx.com/news-events/press-releases",
    "timestamp": "unknown"
  },
  {
    "title": "Events & Presentations",
    "link": "https://ir.neumoratx.com/news-events/events-and-presentations",
    "timestamp": "unknown"
  },
  {
    "title": "Corporate GovernanceGovernance OverviewLeadership & BoardCommittee Composition",
    "link": "https://ir.neumoratx.com/corporate-governance/governance-overview",
    "timestamp": "unknown"
  },
  {
    "title": "Governance Overview",
    "link": "https://ir.neumoratx.com/corporate-governance/governance-overview",
    "timestamp": "unknown"
  },
  {
    "title": "Leadership & Board",
    "link": "https://neumoratx.com/about/",
    "timestamp": "unknown"
  },
  {
    "title": "Committee Composition",
    "link": "https://ir.neumoratx.com/corporate-governance/committee-composition",
    "timestamp": "unknown"
  },
  {
    "title": "SEC Filings",
    "link": "https://ir.neumoratx.com/financial-information/sec-filings",
    "timestamp": "unknown"
  },
  {
    "title": "Investor ResourcesStock Quote & ChartAnalyst CoverageInvestor FAQsEmail AlertsInvestor Contacts",
    "link": "https://ir.neumoratx.com/ir-resources/investor-faqs",
    "timestamp": "unknown"
  },
  {
    "title": "Stock Quote & Chart",
    "link": "https://ir.neumoratx.com/stock-information/stock-quote-chart",
    "timestamp": "unknown"
  },
  {
    "title": "Analyst Coverage",
    "link": "https://ir.neumoratx.com/stock-information/analyst-coverage",
    "timestamp": "unknown"
  },
  {
    "title": "Investor FAQs",
    "link": "https://ir.neumoratx.com/ir-resources/investor-faqs",
    "timestamp": "unknown"
  },
  {
    "title": "Email Alerts",
    "link": "https://ir.neumoratx.com/ir-resources/email-alerts",
    "timestamp": "unknown"
  },
  {
    "title": "Investor Contacts",
    "link": "https://ir.neumoratx.com/contact-ir",
    "timestamp": "unknown"
  },
  {
    "title": "Upcoming EventsMore events are coming soon.Past EventsGuggenheim Emerging Outlook: Biotech SummitFeb ,ESTListen to webcastGuggenheim Emerging Outlook:",
    "link": "https://ir.neumoratx.com/events/event-details/guggenheim-emerging-outlook-biotech-summit-",
    "timestamp": "unknown"
  },
  {
    "title": "Upcoming EventsMore events are coming soon.Past EventsGuggenheim Emerging Outlook: Biotech SummitFeb ,ESTListen to webcastGuggenheim Emerging Outlook:",
    "link": "https://ir.neumoratx.com/events/event-details/guggenheim-emerging-outlook-biotech-summit-",
    "timestamp": "unknown"
  },
  {
    "title": "Upcoming EventsMore events are coming soon.Past EventsGuggenheim Emerging Outlook: Biotech SummitFeb ,ESTListen to webcastGuggenheim Emerging Outlook:",
    "link": "https://ir.neumoratx.com/events/event-details/guggenheim-emerging-outlook-biotech-summit-",
    "timestamp": "unknown"
  },
  {
    "title": "Upcoming EventsMore events are coming soon.Past EventsGuggenheim Emerging Outlook: Biotech SummitFeb ,ESTListen to webcastGuggenheim Emerging Outlook:",
    "link": "https://ir.neumoratx.com/events/event-details/guggenheim-emerging-outlook-biotech-summit-",
    "timestamp": "unknown"
  },
  {
    "title": "Upcoming EventsMore events are coming soon.Past EventsGuggenheim Emerging Outlook: Biotech SummitFeb ,ESTListen to webcastGuggenheim Emerging Outlook:",
    "link": "https://ir.neumoratx.com/events/event-details/guggenheim-emerging-outlook-biotech-summit-",
    "timestamp": "unknown"
  },
  {
    "title": "Upcoming EventsMore events are coming soon.Past EventsGuggenheim Emerging Outlook: Biotech SummitFeb ,ESTListen to webcastGuggenheim Emerging Outlook:",
    "link": "https://ir.neumoratx.com/events/event-details/guggenheim-emerging-outlook-biotech-summit-",
    "timestamp": "unknown"
  },
  {
    "title": "Upcoming EventsMore events are coming soon.Past EventsGuggenheim Emerging Outlook: Biotech SummitFeb ,ESTListen to webcastGuggenheim Emerging Outlook:",
    "link": "https://ir.neumoratx.com/events/event-details/guggenheim-emerging-outlook-biotech-summit-",
    "timestamp": "unknown"
  },
  {
    "title": "Upcoming EventsMore events are coming soon.Past EventsGuggenheim Emerging Outlook: Biotech SummitFeb ,ESTListen to webcastGuggenheim Emerging Outlook:",
    "link": "https://ir.neumoratx.com/events/event-details/guggenheim-emerging-outlook-biotech-summit-",
    "timestamp": "unknown"
  },
  {
    "title": "Upcoming EventsMore events are coming soon.Past EventsGuggenheim Emerging Outlook: Biotech SummitFeb ,ESTListen to webcastGuggenheim Emerging Outlook:",
    "link": "https://ir.neumoratx.com/events/event-details/guggenheim-emerging-outlook-biotech-summit-",
    "timestamp": "unknown"
  },
  {
    "title": "Upcoming EventsMore events are coming soon.Past EventsGuggenheim Emerging Outlook: Biotech SummitFeb ,ESTListen to webcastGuggenheim Emerging Outlook:",
    "link": "https://ir.neumoratx.com/events/event-details/guggenheim-emerging-outlook-biotech-summit-",
    "timestamp": "unknown"
  },
  {
    "title": "Upcoming EventsMore events are coming soon.Past EventsGuggenheim Emerging Outlook: Biotech SummitFeb ,ESTListen to webcastGuggenheim Emerging Outlook:",
    "link": "https://ir.neumoratx.com/events/event-details/guggenheim-emerging-outlook-biotech-summit-",
    "timestamp": "unknown"
  },
  {
    "title": "Upcoming EventsMore events are coming soon.Past EventsGuggenheim Emerging Outlook: Biotech SummitFeb ,ESTListen to webcastGuggenheim Emerging Outlook:",
    "link": "https://ir.neumoratx.com/events/event-details/guggenheim-emerging-outlook-biotech-summit-",
    "timestamp": "unknown"
  },
  {
    "title": "Upcoming EventsMore events are coming soon.Past EventsGuggenheim Emerging Outlook: Biotech SummitFeb ,ESTListen to webcastGuggenheim Emerging Outlook:",
    "link": "https://ir.neumoratx.com/events/event-details/guggenheim-emerging-outlook-biotech-summit-",
    "timestamp": "unknown"
  },
  {
    "title": "Past EventsGuggenheim Emerging Outlook: Biotech SummitFeb ,ESTListen to webcastGuggenheim Emerging Outlook: Biotech Summit  Presentation. MBNeumora NM",
    "link": "https://ir.neumoratx.com/events/event-details/guggenheim-emerging-outlook-biotech-summit-",
    "timestamp": "unknown"
  },
  {
    "title": "Past EventsGuggenheim Emerging Outlook: Biotech SummitFeb ,ESTListen to webcastGuggenheim Emerging Outlook: Biotech Summit  Presentation. MBNeumora NM",
    "link": "https://ir.neumoratx.com/events/event-details/guggenheim-emerging-outlook-biotech-summit-",
    "timestamp": "unknown"
  },
  {
    "title": "Past EventsGuggenheim Emerging Outlook: Biotech SummitFeb ,ESTListen to webcastGuggenheim Emerging Outlook: Biotech Summit  Presentation. MBNeumora NM",
    "link": "https://ir.neumoratx.com/events/event-details/guggenheim-emerging-outlook-biotech-summit-",
    "timestamp": "unknown"
  },
  {
    "title": "Past EventsGuggenheim Emerging Outlook: Biotech SummitFeb ,ESTListen to webcastGuggenheim Emerging Outlook: Biotech Summit  Presentation. MBNeumora NM",
    "link": "https://ir.neumoratx.com/events/event-details/guggenheim-emerging-outlook-biotech-summit-",
    "timestamp": "unknown"
  },
  {
    "title": "Guggenheim Emerging Outlook: Biotech SummitFeb ,ESTListen to webcastGuggenheim Emerging Outlook: Biotech Summit  Presentation. MBNeumora NMRA- Update ",
    "link": "https://ir.neumoratx.com/events/event-details/guggenheim-emerging-outlook-biotech-summit-",
    "timestamp": "unknown"
  },
  {
    "title": "Guggenheim Emerging Outlook: Biotech SummitFeb ,ESTListen to webcastGuggenheim Emerging Outlook: Biotech Summit  Presentation. MBNeumora NMRA- Update ",
    "link": "https://ir.neumoratx.com/events/event-details/guggenheim-emerging-outlook-biotech-summit-",
    "timestamp": "unknown"
  },
  {
    "title": "Guggenheim Emerging Outlook: Biotech SummitFeb ,ESTListen to webcastGuggenheim Emerging Outlook: Biotech Summit  Presentation. MB",
    "link": "https://ir.neumoratx.com/events/event-details/guggenheim-emerging-outlook-biotech-summit-",
    "timestamp": "unknown"
  },
  {
    "title": "Guggenheim Emerging Outlook: Biotech SummitFeb ,ESTListen to webcastGuggenheim Emerging Outlook: Biotech Summit  Presentation. MB",
    "link": "https://ir.neumoratx.com/events/event-details/guggenheim-emerging-outlook-biotech-summit-",
    "timestamp": "unknown"
  },
  {
    "title": "Guggenheim Emerging Outlook: Biotech SummitFeb ,EST",
    "link": "https://ir.neumoratx.com/events/event-details/guggenheim-emerging-outlook-biotech-summit-",
    "timestamp": "unknown"
  },
  {
    "title": "Guggenheim Emerging Outlook: Biotech SummitFeb ,EST",
    "link": "https://ir.neumoratx.com/events/event-details/guggenheim-emerging-outlook-biotech-summit-",
    "timestamp": "unknown"
  },
  {
    "title": "Guggenheim Emerging Outlook: Biotech SummitFeb ,EST",
    "link": "https://ir.neumoratx.com/events/event-details/guggenheim-emerging-outlook-biotech-summit-",
    "timestamp": "unknown"
  },
  {
    "title": "Guggenheim Emerging Outlook: Biotech SummitFeb ,EST",
    "link": "https://ir.neumoratx.com/events/event-details/guggenheim-emerging-outlook-biotech-summit-",
    "timestamp": "unknown"
  },
  {
    "title": "Guggenheim Emerging Outlook: Biotech Summit",
    "link": "https://ir.neumoratx.com/events/event-details/guggenheim-emerging-outlook-biotech-summit-",
    "timestamp": "unknown"
  },
  {
    "title": "Guggenheim Emerging Outlook: Biotech Summit",
    "link": "https://ir.neumoratx.com/events/event-details/guggenheim-emerging-outlook-biotech-summit-",
    "timestamp": "unknown"
  },
  {
    "title": "Guggenheim Emerging Outlook: Biotech Summit",
    "link": "https://ir.neumoratx.com/events/event-details/guggenheim-emerging-outlook-biotech-summit-",
    "timestamp": "unknown"
  },
  {
    "title": "Listen to webcastGuggenheim Emerging Outlook: Biotech Summit  Presentation. MB",
    "link": "https://event.summitcast.com/view/kbtj9ZAiVkB78KPZiu5dZ9/jZBcBTUJjPbfWW9iKzRzk8",
    "timestamp": "unknown"
  },
  {
    "title": "Listen to webcast",
    "link": "https://event.summitcast.com/view/kbtj9ZAiVkB78KPZiu5dZ9/jZBcBTUJjPbfWW9iKzRzk8",
    "timestamp": "unknown"
  },
  {
    "title": "Listen to webcast",
    "link": "https://event.summitcast.com/view/kbtj9ZAiVkB78KPZiu5dZ9/jZBcBTUJjPbfWW9iKzRzk8",
    "timestamp": "unknown"
  },
  {
    "title": "Listen to webcast",
    "link": "https://event.summitcast.com/view/kbtj9ZAiVkB78KPZiu5dZ9/jZBcBTUJjPbfWW9iKzRzk8",
    "timestamp": "unknown"
  },
  {
    "title": "Guggenheim Emerging Outlook: Biotech Summit  Presentation. MB",
    "link": "https://ir.neumoratx.com/static-files/88edd0a7--4b60-b697-16b0824faef8",
    "timestamp": "unknown"
  },
  {
    "title": "Guggenheim Emerging Outlook: Biotech Summit  Presentation. MB",
    "link": "https://ir.neumoratx.com/static-files/88edd0a7--4b60-b697-16b0824faef8",
    "timestamp": "unknown"
  },
  {
    "title": "Guggenheim Emerging Outlook: Biotech Summit  Presentation. MB",
    "link": "https://ir.neumoratx.com/static-files/88edd0a7--4b60-b697-16b0824faef8",
    "timestamp": "unknown"
  },
  {
    "title": "Guggenheim Emerging Outlook: Biotech Summit  Presentation. MB",
    "link": "https://ir.neumoratx.com/static-files/88edd0a7--4b60-b697-16b0824faef8",
    "timestamp": "unknown"
  },
  {
    "title": "Guggenheim Emerging Outlook: Biotech Summit  Presentation. MB",
    "link": "https://ir.neumoratx.com/static-files/88edd0a7--4b60-b697-16b0824faef8",
    "timestamp": "unknown"
  },
  {
    "title": "Guggenheim Emerging Outlook: Biotech Summit  Presentation. MB",
    "link": "https://ir.neumoratx.com/static-files/88edd0a7--4b60-b697-16b0824faef8",
    "timestamp": "unknown"
  },
  {
    "title": "Guggenheim Emerging Outlook: Biotech Summit  Presentation. MB",
    "link": "https://ir.neumoratx.com/static-files/88edd0a7--4b60-b697-16b0824faef8",
    "timestamp": "unknown"
  },
  {
    "title": "Guggenheim Emerging Outlook: Biotech Summit  Presentation. MB",
    "link": "https://ir.neumoratx.com/static-files/88edd0a7--4b60-b697-16b0824faef8",
    "timestamp": "unknown"
  },
  {
    "title": "Guggenheim Emerging Outlook: Biotech Summit  Presentation. MB",
    "link": "https://ir.neumoratx.com/static-files/88edd0a7--4b60-b697-16b0824faef8",
    "timestamp": "unknown"
  },
  {
    "title": "Guggenheim Emerging Outlook: Biotech Summit  Presentation. MB",
    "link": "https://ir.neumoratx.com/static-files/88edd0a7--4b60-b697-16b0824faef8",
    "timestamp": "unknown"
  },
  {
    "title": "Neumora NMRA- Update Conference CallJan ,ESTListen to webcastNeumora NMRA- Update Conference Call Presentation. MB",
    "link": "https://ir.neumoratx.com/events/event-details/neumora-nmra--update-conference-call",
    "timestamp": "unknown"
  },
  {
    "title": "Neumora NMRA- Update Conference CallJan ,ESTListen to webcastNeumora NMRA- Update Conference Call Presentation. MB",
    "link": "https://ir.neumoratx.com/events/event-details/neumora-nmra--update-conference-call",
    "timestamp": "unknown"
  },
  {
    "title": "Neumora NMRA- Update Conference CallJan ,EST",
    "link": "https://ir.neumoratx.com/events/event-details/neumora-nmra--update-conference-call",
    "timestamp": "unknown"
  },
  {
    "title": "Neumora NMRA- Update Conference CallJan ,EST",
    "link": "https://ir.neumoratx.com/events/event-details/neumora-nmra--update-conference-call",
    "timestamp": "unknown"
  },
  {
    "title": "Neumora NMRA- Update Conference CallJan ,EST",
    "link": "https://ir.neumoratx.com/events/event-details/neumora-nmra--update-conference-call",
    "timestamp": "unknown"
  },
  {
    "title": "Neumora NMRA- Update Conference CallJan ,EST",
    "link": "https://ir.neumoratx.com/events/event-details/neumora-nmra--update-conference-call",
    "timestamp": "unknown"
  },
  {
    "title": "Neumora NMRA- Update Conference Call",
    "link": "https://ir.neumoratx.com/events/event-details/neumora-nmra--update-conference-call",
    "timestamp": "unknown"
  },
  {
    "title": "Neumora NMRA- Update Conference Call",
    "link": "https://ir.neumoratx.com/events/event-details/neumora-nmra--update-conference-call",
    "timestamp": "unknown"
  },
  {
    "title": "Neumora NMRA- Update Conference Call",
    "link": "https://ir.neumoratx.com/events/event-details/neumora-nmra--update-conference-call",
    "timestamp": "unknown"
  },
  {
    "title": "Listen to webcastNeumora NMRA- Update Conference Call Presentation. MB",
    "link": "https://edge.media-server.com/mmc/p/6uiuxm7r",
    "timestamp": "unknown"
  },
  {
    "title": "Listen to webcast",
    "link": "https://edge.media-server.com/mmc/p/6uiuxm7r",
    "timestamp": "unknown"
  },
  {
    "title": "Listen to webcast",
    "link": "https://edge.media-server.com/mmc/p/6uiuxm7r",
    "timestamp": "unknown"
  },
  {
    "title": "Listen to webcast",
    "link": "https://edge.media-server.com/mmc/p/6uiuxm7r",
    "timestamp": "unknown"
  },
  {
    "title": "Neumora NMRA- Update Conference Call Presentation. MB",
    "link": "https://ir.neumoratx.com/static-files/e1526219-68af-45db-9d19-0f6e1f9abbc2",
    "timestamp": "unknown"
  },
  {
    "title": "Neumora NMRA- Update Conference Call Presentation. MB",
    "link": "https://ir.neumoratx.com/static-files/e1526219-68af-45db-9d19-0f6e1f9abbc2",
    "timestamp": "unknown"
  },
  {
    "title": "Neumora NMRA- Update Conference Call Presentation. MB",
    "link": "https://ir.neumoratx.com/static-files/e1526219-68af-45db-9d19-0f6e1f9abbc2",
    "timestamp": "unknown"
  },
  {
    "title": "Neumora NMRA- Update Conference Call Presentation. MB",
    "link": "https://ir.neumoratx.com/static-files/e1526219-68af-45db-9d19-0f6e1f9abbc2",
    "timestamp": "unknown"
  },
  {
    "title": "Neumora NMRA- Update Conference Call Presentation. MB",
    "link": "https://ir.neumoratx.com/static-files/e1526219-68af-45db-9d19-0f6e1f9abbc2",
    "timestamp": "unknown"
  },
  {
    "title": "Neumora NMRA- Update Conference Call Presentation. MB",
    "link": "https://ir.neumoratx.com/static-files/e1526219-68af-45db-9d19-0f6e1f9abbc2",
    "timestamp": "unknown"
  },
  {
    "title": "Neumora NMRA- Update Conference Call Presentation. MB",
    "link": "https://ir.neumoratx.com/static-files/e1526219-68af-45db-9d19-0f6e1f9abbc2",
    "timestamp": "unknown"
  },
  {
    "title": "Neumora NMRA- Update Conference Call Presentation. MB",
    "link": "https://ir.neumoratx.com/static-files/e1526219-68af-45db-9d19-0f6e1f9abbc2",
    "timestamp": "unknown"
  },
  {
    "title": "Neumora NMRA- Update Conference Call Presentation. MB",
    "link": "https://ir.neumoratx.com/static-files/e1526219-68af-45db-9d19-0f6e1f9abbc2",
    "timestamp": "unknown"
  },
  {
    "title": "Neumora NMRA- Update Conference Call Presentation. MB",
    "link": "https://ir.neumoratx.com/static-files/e1526219-68af-45db-9d19-0f6e1f9abbc2",
    "timestamp": "unknown"
  },
  {
    "title": "Stifel  Healthcare ConferenceNov ,ESTListen to webcast",
    "link": "https://ir.neumoratx.com/events/event-details/stifel--healthcare-conference",
    "timestamp": "unknown"
  },
  {
    "title": "Stifel  Healthcare ConferenceNov ,ESTListen to webcast",
    "link": "https://ir.neumoratx.com/events/event-details/stifel--healthcare-conference",
    "timestamp": "unknown"
  },
  {
    "title": "Stifel  Healthcare ConferenceNov ,EST",
    "link": "https://ir.neumoratx.com/events/event-details/stifel--healthcare-conference",
    "timestamp": "unknown"
  },
  {
    "title": "Stifel  Healthcare ConferenceNov ,EST",
    "link": "https://ir.neumoratx.com/events/event-details/stifel--healthcare-conference",
    "timestamp": "unknown"
  },
  {
    "title": "Stifel  Healthcare ConferenceNov ,EST",
    "link": "https://ir.neumoratx.com/events/event-details/stifel--healthcare-conference",
    "timestamp": "unknown"
  },
  {
    "title": "Stifel  Healthcare ConferenceNov ,EST",
    "link": "https://ir.neumoratx.com/events/event-details/stifel--healthcare-conference",
    "timestamp": "unknown"
  },
  {
    "title": "Stifel  Healthcare Conference",
    "link": "https://ir.neumoratx.com/events/event-details/stifel--healthcare-conference",
    "timestamp": "unknown"
  },
  {
    "title": "Stifel  Healthcare Conference",
    "link": "https://ir.neumoratx.com/events/event-details/stifel--healthcare-conference",
    "timestamp": "unknown"
  },
  {
    "title": "Stifel  Healthcare Conference",
    "link": "https://ir.neumoratx.com/events/event-details/stifel--healthcare-conference",
    "timestamp": "unknown"
  },
  {
    "title": "Listen to webcast",
    "link": "https://event.summitcast.com/view/cwkmPXkC4dosg6MoG95rxb/5ht5A3cV5wXjCgSKudvoZq",
    "timestamp": "unknown"
  },
  {
    "title": "Listen to webcast",
    "link": "https://event.summitcast.com/view/cwkmPXkC4dosg6MoG95rxb/5ht5A3cV5wXjCgSKudvoZq",
    "timestamp": "unknown"
  },
  {
    "title": "Listen to webcast",
    "link": "https://event.summitcast.com/view/cwkmPXkC4dosg6MoG95rxb/5ht5A3cV5wXjCgSKudvoZq",
    "timestamp": "unknown"
  },
  {
    "title": "Listen to webcast",
    "link": "https://event.summitcast.com/view/cwkmPXkC4dosg6MoG95rxb/5ht5A3cV5wXjCgSKudvoZq",
    "timestamp": "unknown"
  },
  {
    "title": "Guggenheim Second Annual Healthcare Innovation ConferenceNov ,ESTListen to webcast",
    "link": "https://ir.neumoratx.com/events/event-details/guggenheim-second-annual-healthcare-innovation-conference",
    "timestamp": "unknown"
  },
  {
    "title": "Guggenheim Second Annual Healthcare Innovation ConferenceNov ,ESTListen to webcast",
    "link": "https://ir.neumoratx.com/events/event-details/guggenheim-second-annual-healthcare-innovation-conference",
    "timestamp": "unknown"
  },
  {
    "title": "Guggenheim Second Annual Healthcare Innovation ConferenceNov ,EST",
    "link": "https://ir.neumoratx.com/events/event-details/guggenheim-second-annual-healthcare-innovation-conference",
    "timestamp": "unknown"
  },
  {
    "title": "Guggenheim Second Annual Healthcare Innovation ConferenceNov ,EST",
    "link": "https://ir.neumoratx.com/events/event-details/guggenheim-second-annual-healthcare-innovation-conference",
    "timestamp": "unknown"
  },
  {
    "title": "Guggenheim Second Annual Healthcare Innovation ConferenceNov ,EST",
    "link": "https://ir.neumoratx.com/events/event-details/guggenheim-second-annual-healthcare-innovation-conference",
    "timestamp": "unknown"
  },
  {
    "title": "Guggenheim Second Annual Healthcare Innovation ConferenceNov ,EST",
    "link": "https://ir.neumoratx.com/events/event-details/guggenheim-second-annual-healthcare-innovation-conference",
    "timestamp": "unknown"
  },
  {
    "title": "Guggenheim Second Annual Healthcare Innovation Conference",
    "link": "https://ir.neumoratx.com/events/event-details/guggenheim-second-annual-healthcare-innovation-conference",
    "timestamp": "unknown"
  },
  {
    "title": "Guggenheim Second Annual Healthcare Innovation Conference",
    "link": "https://ir.neumoratx.com/events/event-details/guggenheim-second-annual-healthcare-innovation-conference",
    "timestamp": "unknown"
  },
  {
    "title": "Guggenheim Second Annual Healthcare Innovation Conference",
    "link": "https://ir.neumoratx.com/events/event-details/guggenheim-second-annual-healthcare-innovation-conference",
    "timestamp": "unknown"
  },
  {
    "title": "Listen to webcast",
    "link": "https://event.summitcast.com/view/6h3HS7z68WnTQE5PS7Vq8J/aKGhc2uYPdehwf6r4S4eFN",
    "timestamp": "unknown"
  },
  {
    "title": "Listen to webcast",
    "link": "https://event.summitcast.com/view/6h3HS7z68WnTQE5PS7Vq8J/aKGhc2uYPdehwf6r4S4eFN",
    "timestamp": "unknown"
  },
  {
    "title": "Listen to webcast",
    "link": "https://event.summitcast.com/view/6h3HS7z68WnTQE5PS7Vq8J/aKGhc2uYPdehwf6r4S4eFN",
    "timestamp": "unknown"
  },
  {
    "title": "Listen to webcast",
    "link": "https://event.summitcast.com/view/6h3HS7z68WnTQE5PS7Vq8J/aKGhc2uYPdehwf6r4S4eFN",
    "timestamp": "unknown"
  },
  {
    "title": "Neumora Therapeutics R&D DayOct ,EDTListen to webcastNeumora Therapeutics R&D Day Presentation. MB",
    "link": "https://ir.neumoratx.com/events/event-details/neumora-therapeutics-rd-day",
    "timestamp": "unknown"
  },
  {
    "title": "Neumora Therapeutics R&D DayOct ,EDTListen to webcastNeumora Therapeutics R&D Day Presentation. MB",
    "link": "https://ir.neumoratx.com/events/event-details/neumora-therapeutics-rd-day",
    "timestamp": "unknown"
  },
  {
    "title": "Neumora Therapeutics R&D DayOct ,EDT",
    "link": "https://ir.neumoratx.com/events/event-details/neumora-therapeutics-rd-day",
    "timestamp": "unknown"
  },
  {
    "title": "Neumora Therapeutics R&D DayOct ,EDT",
    "link": "https://ir.neumoratx.com/events/event-details/neumora-therapeutics-rd-day",
    "timestamp": "unknown"
  },
  {
    "title": "Neumora Therapeutics R&D DayOct ,EDT",
    "link": "https://ir.neumoratx.com/events/event-details/neumora-therapeutics-rd-day",
    "timestamp": "unknown"
  },
  {
    "title": "Neumora Therapeutics R&D DayOct ,EDT",
    "link": "https://ir.neumoratx.com/events/event-details/neumora-therapeutics-rd-day",
    "timestamp": "unknown"
  },
  {
    "title": "Neumora Therapeutics R&D Day",
    "link": "https://ir.neumoratx.com/events/event-details/neumora-therapeutics-rd-day",
    "timestamp": "unknown"
  },
  {
    "title": "Neumora Therapeutics R&D Day",
    "link": "https://ir.neumoratx.com/events/event-details/neumora-therapeutics-rd-day",
    "timestamp": "unknown"
  },
  {
    "title": "Neumora Therapeutics R&D Day",
    "link": "https://ir.neumoratx.com/events/event-details/neumora-therapeutics-rd-day",
    "timestamp": "unknown"
  },
  {
    "title": "Listen to webcastNeumora Therapeutics R&D Day Presentation. MB",
    "link": "https://edge.media-server.com/mmc/p/bz7ccx5q",
    "timestamp": "unknown"
  },
  {
    "title": "Listen to webcast",
    "link": "https://edge.media-server.com/mmc/p/bz7ccx5q",
    "timestamp": "unknown"
  },
  {
    "title": "Listen to webcast",
    "link": "https://edge.media-server.com/mmc/p/bz7ccx5q",
    "timestamp": "unknown"
  },
  {
    "title": "Listen to webcast",
    "link": "https://edge.media-server.com/mmc/p/bz7ccx5q",
    "timestamp": "unknown"
  },
  {
    "title": "Neumora Therapeutics R&D Day Presentation. MB",
    "link": "https://ir.neumoratx.com/static-files/c69187db-f71c-4d91-87a3-315f48b0cd77",
    "timestamp": "unknown"
  },
  {
    "title": "Neumora Therapeutics R&D Day Presentation. MB",
    "link": "https://ir.neumoratx.com/static-files/c69187db-f71c-4d91-87a3-315f48b0cd77",
    "timestamp": "unknown"
  },
  {
    "title": "Neumora Therapeutics R&D Day Presentation. MB",
    "link": "https://ir.neumoratx.com/static-files/c69187db-f71c-4d91-87a3-315f48b0cd77",
    "timestamp": "unknown"
  },
  {
    "title": "Neumora Therapeutics R&D Day Presentation. MB",
    "link": "https://ir.neumoratx.com/static-files/c69187db-f71c-4d91-87a3-315f48b0cd77",
    "timestamp": "unknown"
  },
  {
    "title": "Neumora Therapeutics R&D Day Presentation. MB",
    "link": "https://ir.neumoratx.com/static-files/c69187db-f71c-4d91-87a3-315f48b0cd77",
    "timestamp": "unknown"
  },
  {
    "title": "Neumora Therapeutics R&D Day Presentation. MB",
    "link": "https://ir.neumoratx.com/static-files/c69187db-f71c-4d91-87a3-315f48b0cd77",
    "timestamp": "unknown"
  },
  {
    "title": "Neumora Therapeutics R&D Day Presentation. MB",
    "link": "https://ir.neumoratx.com/static-files/c69187db-f71c-4d91-87a3-315f48b0cd77",
    "timestamp": "unknown"
  },
  {
    "title": "Neumora Therapeutics R&D Day Presentation. MB",
    "link": "https://ir.neumoratx.com/static-files/c69187db-f71c-4d91-87a3-315f48b0cd77",
    "timestamp": "unknown"
  },
  {
    "title": "Neumora Therapeutics R&D Day Presentation. MB",
    "link": "https://ir.neumoratx.com/static-files/c69187db-f71c-4d91-87a3-315f48b0cd77",
    "timestamp": "unknown"
  },
  {
    "title": "Neumora Therapeutics R&D Day Presentation. MB",
    "link": "https://ir.neumoratx.com/static-files/c69187db-f71c-4d91-87a3-315f48b0cd77",
    "timestamp": "unknown"
  },
  {
    "title": "H.C. Wainwright 27th Annual Global Investment ConferenceSep ,EDTListen to webcast",
    "link": "https://ir.neumoratx.com/events/event-details/hc-wainwright-27th-annual-global-investment-conference",
    "timestamp": "unknown"
  },
  {
    "title": "H.C. Wainwright 27th Annual Global Investment ConferenceSep ,EDTListen to webcast",
    "link": "https://ir.neumoratx.com/events/event-details/hc-wainwright-27th-annual-global-investment-conference",
    "timestamp": "unknown"
  },
  {
    "title": "H.C. Wainwright 27th Annual Global Investment ConferenceSep ,EDT",
    "link": "https://ir.neumoratx.com/events/event-details/hc-wainwright-27th-annual-global-investment-conference",
    "timestamp": "unknown"
  },
  {
    "title": "H.C. Wainwright 27th Annual Global Investment ConferenceSep ,EDT",
    "link": "https://ir.neumoratx.com/events/event-details/hc-wainwright-27th-annual-global-investment-conference",
    "timestamp": "unknown"
  },
  {
    "title": "H.C. Wainwright 27th Annual Global Investment ConferenceSep ,EDT",
    "link": "https://ir.neumoratx.com/events/event-details/hc-wainwright-27th-annual-global-investment-conference",
    "timestamp": "unknown"
  },
  {
    "title": "H.C. Wainwright 27th Annual Global Investment ConferenceSep ,EDT",
    "link": "https://ir.neumoratx.com/events/event-details/hc-wainwright-27th-annual-global-investment-conference",
    "timestamp": "unknown"
  },
  {
    "title": "H.C. Wainwright 27th Annual Global Investment Conference",
    "link": "https://ir.neumoratx.com/events/event-details/hc-wainwright-27th-annual-global-investment-conference",
    "timestamp": "unknown"
  },
  {
    "title": "H.C. Wainwright 27th Annual Global Investment Conference",
    "link": "https://ir.neumoratx.com/events/event-details/hc-wainwright-27th-annual-global-investment-conference",
    "timestamp": "unknown"
  },
  {
    "title": "H.C. Wainwright 27th Annual Global Investment Conference",
    "link": "https://ir.neumoratx.com/events/event-details/hc-wainwright-27th-annual-global-investment-conference",
    "timestamp": "unknown"
  },
  {
    "title": "Listen to webcast",
    "link": "https://journey.ct.events/view/1ec50cc1-b525---13154a6baf27",
    "timestamp": "unknown"
  },
  {
    "title": "Listen to webcast",
    "link": "https://journey.ct.events/view/1ec50cc1-b525---13154a6baf27",
    "timestamp": "unknown"
  },
  {
    "title": "Listen to webcast",
    "link": "https://journey.ct.events/view/1ec50cc1-b525---13154a6baf27",
    "timestamp": "unknown"
  },
  {
    "title": "Listen to webcast",
    "link": "https://journey.ct.events/view/1ec50cc1-b525---13154a6baf27",
    "timestamp": "unknown"
  },
  {
    "title": "Neumora Second Quarter  EarningsAug ,EDTListen to webcast",
    "link": "https://ir.neumoratx.com/events/event-details/neumora-second-quarter--earnings",
    "timestamp": "unknown"
  },
  {
    "title": "Neumora Second Quarter  EarningsAug ,EDTListen to webcast",
    "link": "https://ir.neumoratx.com/events/event-details/neumora-second-quarter--earnings",
    "timestamp": "unknown"
  },
  {
    "title": "Neumora Second Quarter  EarningsAug ,EDT",
    "link": "https://ir.neumoratx.com/events/event-details/neumora-second-quarter--earnings",
    "timestamp": "unknown"
  },
  {
    "title": "Neumora Second Quarter  EarningsAug ,EDT",
    "link": "https://ir.neumoratx.com/events/event-details/neumora-second-quarter--earnings",
    "timestamp": "unknown"
  },
  {
    "title": "Neumora Second Quarter  EarningsAug ,EDT",
    "link": "https://ir.neumoratx.com/events/event-details/neumora-second-quarter--earnings",
    "timestamp": "unknown"
  },
  {
    "title": "Neumora Second Quarter  EarningsAug ,EDT",
    "link": "https://ir.neumoratx.com/events/event-details/neumora-second-quarter--earnings",
    "timestamp": "unknown"
  },
  {
    "title": "Neumora Second Quarter  Earnings",
    "link": "https://ir.neumoratx.com/events/event-details/neumora-second-quarter--earnings",
    "timestamp": "unknown"
  },
  {
    "title": "Neumora Second Quarter  Earnings",
    "link": "https://ir.neumoratx.com/events/event-details/neumora-second-quarter--earnings",
    "timestamp": "unknown"
  },
  {
    "title": "Neumora Second Quarter  Earnings",
    "link": "https://ir.neumoratx.com/events/event-details/neumora-second-quarter--earnings",
    "timestamp": "unknown"
  },
  {
    "title": "Listen to webcast",
    "link": "https://edge.media-server.com/mmc/p/7f87h9pz/",
    "timestamp": "unknown"
  },
  {
    "title": "Listen to webcast",
    "link": "https://edge.media-server.com/mmc/p/7f87h9pz/",
    "timestamp": "unknown"
  },
  {
    "title": "Listen to webcast",
    "link": "https://edge.media-server.com/mmc/p/7f87h9pz/",
    "timestamp": "unknown"
  },
  {
    "title": "Listen to webcast",
    "link": "https://edge.media-server.com/mmc/p/7f87h9pz/",
    "timestamp": "unknown"
  },
  {
    "title": "Annual MeetingMay ,EDTListen to webcastNotice & Proxy Statement. KBForm -K. MB",
    "link": "https://ir.neumoratx.com/events/event-details/annual-meeting",
    "timestamp": "unknown"
  },
  {
    "title": "Annual MeetingMay ,EDTListen to webcastNotice & Proxy Statement. KBForm -K. MB",
    "link": "https://ir.neumoratx.com/events/event-details/annual-meeting",
    "timestamp": "unknown"
  },
  {
    "title": "Annual MeetingMay ,EDT",
    "link": "https://ir.neumoratx.com/events/event-details/annual-meeting",
    "timestamp": "unknown"
  },
  {
    "title": "Annual MeetingMay ,EDT",
    "link": "https://ir.neumoratx.com/events/event-details/annual-meeting",
    "timestamp": "unknown"
  },
  {
    "title": "Annual MeetingMay ,EDT",
    "link": "https://ir.neumoratx.com/events/event-details/annual-meeting",
    "timestamp": "unknown"
  },
  {
    "title": "Annual MeetingMay ,EDT",
    "link": "https://ir.neumoratx.com/events/event-details/annual-meeting",
    "timestamp": "unknown"
  },
  {
    "title": "Annual Meeting",
    "link": "https://ir.neumoratx.com/events/event-details/annual-meeting",
    "timestamp": "unknown"
  },
  {
    "title": "Annual Meeting",
    "link": "https://ir.neumoratx.com/events/event-details/annual-meeting",
    "timestamp": "unknown"
  },
  {
    "title": "Annual Meeting",
    "link": "https://ir.neumoratx.com/events/event-details/annual-meeting",
    "timestamp": "unknown"
  },
  {
    "title": "Listen to webcastNotice & Proxy Statement. KBForm -K. MB",
    "link": "https://central.virtualshareholdermeeting.com/vsm/web?pvskey=NMRA2025",
    "timestamp": "unknown"
  },
  {
    "title": "Listen to webcast",
    "link": "https://central.virtualshareholdermeeting.com/vsm/web?pvskey=NMRA2025",
    "timestamp": "unknown"
  },
  {
    "title": "Listen to webcast",
    "link": "https://central.virtualshareholdermeeting.com/vsm/web?pvskey=NMRA2025",
    "timestamp": "unknown"
  },
  {
    "title": "Listen to webcast",
    "link": "https://central.virtualshareholdermeeting.com/vsm/web?pvskey=NMRA2025",
    "timestamp": "unknown"
  },
  {
    "title": "Notice & Proxy Statement. KBForm -K. MB",
    "link": "https://ir.neumoratx.com/static-files/4430b3eb-940c-41d3-a079-b26f5a40d5bd",
    "timestamp": "unknown"
  },
  {
    "title": "Notice & Proxy Statement. KBForm -K. MB",
    "link": "https://ir.neumoratx.com/static-files/4430b3eb-940c-41d3-a079-b26f5a40d5bd",
    "timestamp": "unknown"
  },
  {
    "title": "Notice & Proxy Statement. KBForm -K. MB",
    "link": "https://ir.neumoratx.com/static-files/4430b3eb-940c-41d3-a079-b26f5a40d5bd",
    "timestamp": "unknown"
  },
  {
    "title": "Notice & Proxy Statement. KB",
    "link": "https://ir.neumoratx.com/static-files/4430b3eb-940c-41d3-a079-b26f5a40d5bd",
    "timestamp": "unknown"
  },
  {
    "title": "Notice & Proxy Statement. KB",
    "link": "https://ir.neumoratx.com/static-files/4430b3eb-940c-41d3-a079-b26f5a40d5bd",
    "timestamp": "unknown"
  },
  {
    "title": "Notice & Proxy Statement. KB",
    "link": "https://ir.neumoratx.com/static-files/4430b3eb-940c-41d3-a079-b26f5a40d5bd",
    "timestamp": "unknown"
  },
  {
    "title": "Notice & Proxy Statement. KB",
    "link": "https://ir.neumoratx.com/static-files/4430b3eb-940c-41d3-a079-b26f5a40d5bd",
    "timestamp": "unknown"
  },
  {
    "title": "Notice & Proxy Statement. KB",
    "link": "https://ir.neumoratx.com/static-files/4430b3eb-940c-41d3-a079-b26f5a40d5bd",
    "timestamp": "unknown"
  },
  {
    "title": "Notice & Proxy Statement. KB",
    "link": "https://ir.neumoratx.com/static-files/4430b3eb-940c-41d3-a079-b26f5a40d5bd",
    "timestamp": "unknown"
  },
  {
    "title": "Notice & Proxy Statement. KB",
    "link": "https://ir.neumoratx.com/static-files/4430b3eb-940c-41d3-a079-b26f5a40d5bd",
    "timestamp": "unknown"
  },
  {
    "title": "Form -K. MB",
    "link": "https://ir.neumoratx.com/static-files/ff609bc7-fab6-46ed-a0ed-d5173025eb24",
    "timestamp": "unknown"
  },
  {
    "title": "Form -K. MB",
    "link": "https://ir.neumoratx.com/static-files/ff609bc7-fab6-46ed-a0ed-d5173025eb24",
    "timestamp": "unknown"
  },
  {
    "title": "Form -K. MB",
    "link": "https://ir.neumoratx.com/static-files/ff609bc7-fab6-46ed-a0ed-d5173025eb24",
    "timestamp": "unknown"
  },
  {
    "title": "Form -K. MB",
    "link": "https://ir.neumoratx.com/static-files/ff609bc7-fab6-46ed-a0ed-d5173025eb24",
    "timestamp": "unknown"
  },
  {
    "title": "Form -K. MB",
    "link": "https://ir.neumoratx.com/static-files/ff609bc7-fab6-46ed-a0ed-d5173025eb24",
    "timestamp": "unknown"
  },
  {
    "title": "Form -K. MB",
    "link": "https://ir.neumoratx.com/static-files/ff609bc7-fab6-46ed-a0ed-d5173025eb24",
    "timestamp": "unknown"
  },
  {
    "title": "Form -K. MB",
    "link": "https://ir.neumoratx.com/static-files/ff609bc7-fab6-46ed-a0ed-d5173025eb24",
    "timestamp": "unknown"
  },
  {
    "title": "Neumora First Quarter  Earnings Conference CallMay ,EDTListen to webcast",
    "link": "https://ir.neumoratx.com/events/event-details/neumora-first-quarter--earnings-conference-call",
    "timestamp": "unknown"
  },
  {
    "title": "Neumora First Quarter  Earnings Conference CallMay ,EDTListen to webcast",
    "link": "https://ir.neumoratx.com/events/event-details/neumora-first-quarter--earnings-conference-call",
    "timestamp": "unknown"
  },
  {
    "title": "Neumora First Quarter  Earnings Conference CallMay ,EDT",
    "link": "https://ir.neumoratx.com/events/event-details/neumora-first-quarter--earnings-conference-call",
    "timestamp": "unknown"
  },
  {
    "title": "Neumora First Quarter  Earnings Conference CallMay ,EDT",
    "link": "https://ir.neumoratx.com/events/event-details/neumora-first-quarter--earnings-conference-call",
    "timestamp": "unknown"
  },
  {
    "title": "Neumora First Quarter  Earnings Conference CallMay ,EDT",
    "link": "https://ir.neumoratx.com/events/event-details/neumora-first-quarter--earnings-conference-call",
    "timestamp": "unknown"
  },
  {
    "title": "Neumora First Quarter  Earnings Conference CallMay ,EDT",
    "link": "https://ir.neumoratx.com/events/event-details/neumora-first-quarter--earnings-conference-call",
    "timestamp": "unknown"
  },
  {
    "title": "Neumora First Quarter  Earnings Conference Call",
    "link": "https://ir.neumoratx.com/events/event-details/neumora-first-quarter--earnings-conference-call",
    "timestamp": "unknown"
  },
  {
    "title": "Neumora First Quarter  Earnings Conference Call",
    "link": "https://ir.neumoratx.com/events/event-details/neumora-first-quarter--earnings-conference-call",
    "timestamp": "unknown"
  },
  {
    "title": "Neumora First Quarter  Earnings Conference Call",
    "link": "https://ir.neumoratx.com/events/event-details/neumora-first-quarter--earnings-conference-call",
    "timestamp": "unknown"
  },
  {
    "title": "Listen to webcast",
    "link": "https://edge.media-server.com/mmc/p/do2waz3p",
    "timestamp": "unknown"
  },
  {
    "title": "Listen to webcast",
    "link": "https://edge.media-server.com/mmc/p/do2waz3p",
    "timestamp": "unknown"
  },
  {
    "title": "Listen to webcast",
    "link": "https://edge.media-server.com/mmc/p/do2waz3p",
    "timestamp": "unknown"
  },
  {
    "title": "Listen to webcast",
    "link": "https://edge.media-server.com/mmc/p/do2waz3p",
    "timestamp": "unknown"
  },
  {
    "title": "Neumora Fourth Quarter  Earnings Conference CallMar ,ESTListen to webcast",
    "link": "https://ir.neumoratx.com/events/event-details/neumora-fourth-quarter--earnings-conference-call",
    "timestamp": "unknown"
  },
  {
    "title": "Neumora Fourth Quarter  Earnings Conference CallMar ,ESTListen to webcast",
    "link": "https://ir.neumoratx.com/events/event-details/neumora-fourth-quarter--earnings-conference-call",
    "timestamp": "unknown"
  },
  {
    "title": "Neumora Fourth Quarter  Earnings Conference CallMar ,EST",
    "link": "https://ir.neumoratx.com/events/event-details/neumora-fourth-quarter--earnings-conference-call",
    "timestamp": "unknown"
  },
  {
    "title": "Neumora Fourth Quarter  Earnings Conference CallMar ,EST",
    "link": "https://ir.neumoratx.com/events/event-details/neumora-fourth-quarter--earnings-conference-call",
    "timestamp": "unknown"
  },
  {
    "title": "Neumora Fourth Quarter  Earnings Conference CallMar ,EST",
    "link": "https://ir.neumoratx.com/events/event-details/neumora-fourth-quarter--earnings-conference-call",
    "timestamp": "unknown"
  },
  {
    "title": "Neumora Fourth Quarter  Earnings Conference CallMar ,EST",
    "link": "https://ir.neumoratx.com/events/event-details/neumora-fourth-quarter--earnings-conference-call",
    "timestamp": "unknown"
  },
  {
    "title": "Neumora Fourth Quarter  Earnings Conference Call",
    "link": "https://ir.neumoratx.com/events/event-details/neumora-fourth-quarter--earnings-conference-call",
    "timestamp": "unknown"
  },
  {
    "title": "Neumora Fourth Quarter  Earnings Conference Call",
    "link": "https://ir.neumoratx.com/events/event-details/neumora-fourth-quarter--earnings-conference-call",
    "timestamp": "unknown"
  },
  {
    "title": "Neumora Fourth Quarter  Earnings Conference Call",
    "link": "https://ir.neumoratx.com/events/event-details/neumora-fourth-quarter--earnings-conference-call",
    "timestamp": "unknown"
  },
  {
    "title": "Listen to webcast",
    "link": "https://edge.media-server.com/mmc/p/w8ngpa8v",
    "timestamp": "unknown"
  },
  {
    "title": "Listen to webcast",
    "link": "https://edge.media-server.com/mmc/p/w8ngpa8v",
    "timestamp": "unknown"
  },
  {
    "title": "Listen to webcast",
    "link": "https://edge.media-server.com/mmc/p/w8ngpa8v",
    "timestamp": "unknown"
  },
  {
    "title": "Listen to webcast",
    "link": "https://edge.media-server.com/mmc/p/w8ngpa8v",
    "timestamp": "unknown"
  },
  {
    "title": "J.P. Morgan Healthcare ConferenceJan ,ESTListen to webcast",
    "link": "https://ir.neumoratx.com/events/event-details/-jp-morgan-healthcare-conference",
    "timestamp": "unknown"
  },
  {
    "title": "J.P. Morgan Healthcare ConferenceJan ,ESTListen to webcast",
    "link": "https://ir.neumoratx.com/events/event-details/-jp-morgan-healthcare-conference",
    "timestamp": "unknown"
  },
  {
    "title": "J.P. Morgan Healthcare ConferenceJan ,EST",
    "link": "https://ir.neumoratx.com/events/event-details/-jp-morgan-healthcare-conference",
    "timestamp": "unknown"
  },
  {
    "title": "J.P. Morgan Healthcare ConferenceJan ,EST",
    "link": "https://ir.neumoratx.com/events/event-details/-jp-morgan-healthcare-conference",
    "timestamp": "unknown"
  },
  {
    "title": "J.P. Morgan Healthcare ConferenceJan ,EST",
    "link": "https://ir.neumoratx.com/events/event-details/-jp-morgan-healthcare-conference",
    "timestamp": "unknown"
  },
  {
    "title": "J.P. Morgan Healthcare ConferenceJan ,EST",
    "link": "https://ir.neumoratx.com/events/event-details/-jp-morgan-healthcare-conference",
    "timestamp": "unknown"
  },
  {
    "title": "J.P. Morgan Healthcare Conference",
    "link": "https://ir.neumoratx.com/events/event-details/-jp-morgan-healthcare-conference",
    "timestamp": "unknown"
  },
  {
    "title": "J.P. Morgan Healthcare Conference",
    "link": "https://ir.neumoratx.com/events/event-details/-jp-morgan-healthcare-conference",
    "timestamp": "unknown"
  },
  {
    "title": "J.P. Morgan Healthcare Conference",
    "link": "https://ir.neumoratx.com/events/event-details/-jp-morgan-healthcare-conference",
    "timestamp": "unknown"
  },
  {
    "title": "Listen to webcast",
    "link": "https://jpmorgan.metameetings.net/events/healthcare25/sessions/-neumora/webcast?gpu_only=true&kiosk=true",
    "timestamp": "unknown"
  },
  {
    "title": "Listen to webcast",
    "link": "https://jpmorgan.metameetings.net/events/healthcare25/sessions/-neumora/webcast?gpu_only=true&kiosk=true",
    "timestamp": "unknown"
  },
  {
    "title": "Listen to webcast",
    "link": "https://jpmorgan.metameetings.net/events/healthcare25/sessions/-neumora/webcast?gpu_only=true&kiosk=true",
    "timestamp": "unknown"
  },
  {
    "title": "Listen to webcast",
    "link": "https://jpmorgan.metameetings.net/events/healthcare25/sessions/-neumora/webcast?gpu_only=true&kiosk=true",
    "timestamp": "unknown"
  },
  {
    "title": "Stifel  Healthcare ConferenceNov ,ESTListen to webcast",
    "link": "https://ir.neumoratx.com/events/event-details/stifel--healthcare-conference",
    "timestamp": "unknown"
  },
  {
    "title": "Stifel  Healthcare ConferenceNov ,ESTListen to webcast",
    "link": "https://ir.neumoratx.com/events/event-details/stifel--healthcare-conference",
    "timestamp": "unknown"
  },
  {
    "title": "Stifel  Healthcare ConferenceNov ,EST",
    "link": "https://ir.neumoratx.com/events/event-details/stifel--healthcare-conference",
    "timestamp": "unknown"
  },
  {
    "title": "Stifel  Healthcare ConferenceNov ,EST",
    "link": "https://ir.neumoratx.com/events/event-details/stifel--healthcare-conference",
    "timestamp": "unknown"
  },
  {
    "title": "Stifel  Healthcare ConferenceNov ,EST",
    "link": "https://ir.neumoratx.com/events/event-details/stifel--healthcare-conference",
    "timestamp": "unknown"
  },
  {
    "title": "Stifel  Healthcare ConferenceNov ,EST",
    "link": "https://ir.neumoratx.com/events/event-details/stifel--healthcare-conference",
    "timestamp": "unknown"
  },
  {
    "title": "Stifel  Healthcare Conference",
    "link": "https://ir.neumoratx.com/events/event-details/stifel--healthcare-conference",
    "timestamp": "unknown"
  },
  {
    "title": "Stifel  Healthcare Conference",
    "link": "https://ir.neumoratx.com/events/event-details/stifel--healthcare-conference",
    "timestamp": "unknown"
  },
  {
    "title": "Stifel  Healthcare Conference",
    "link": "https://ir.neumoratx.com/events/event-details/stifel--healthcare-conference",
    "timestamp": "unknown"
  },
  {
    "title": "Listen to webcast",
    "link": "https://wsw.com/webcast/stifel96/nmra/",
    "timestamp": "unknown"
  },
  {
    "title": "Listen to webcast",
    "link": "https://wsw.com/webcast/stifel96/nmra/",
    "timestamp": "unknown"
  },
  {
    "title": "Listen to webcast",
    "link": "https://wsw.com/webcast/stifel96/nmra/",
    "timestamp": "unknown"
  },
  {
    "title": "Listen to webcast",
    "link": "https://wsw.com/webcast/stifel96/nmra/",
    "timestamp": "unknown"
  },
  {
    "title": "Guggenheim Inaugural Healthcare Innovation ConferenceNov ,Listen to webcast",
    "link": "https://ir.neumoratx.com/events/event-details/guggenheim-inaugural-healthcare-innovation-conference",
    "timestamp": "unknown"
  },
  {
    "title": "Guggenheim Inaugural Healthcare Innovation ConferenceNov ,Listen to webcast",
    "link": "https://ir.neumoratx.com/events/event-details/guggenheim-inaugural-healthcare-innovation-conference",
    "timestamp": "unknown"
  },
  {
    "title": "Guggenheim Inaugural Healthcare Innovation ConferenceNov ,",
    "link": "https://ir.neumoratx.com/events/event-details/guggenheim-inaugural-healthcare-innovation-conference",
    "timestamp": "unknown"
  },
  {
    "title": "Guggenheim Inaugural Healthcare Innovation ConferenceNov ,",
    "link": "https://ir.neumoratx.com/events/event-details/guggenheim-inaugural-healthcare-innovation-conference",
    "timestamp": "unknown"
  },
  {
    "title": "Guggenheim Inaugural Healthcare Innovation ConferenceNov ,",
    "link": "https://ir.neumoratx.com/events/event-details/guggenheim-inaugural-healthcare-innovation-conference",
    "timestamp": "unknown"
  },
  {
    "title": "Guggenheim Inaugural Healthcare Innovation ConferenceNov ,",
    "link": "https://ir.neumoratx.com/events/event-details/guggenheim-inaugural-healthcare-innovation-conference",
    "timestamp": "unknown"
  },
  {
    "title": "Guggenheim Inaugural Healthcare Innovation Conference",
    "link": "https://ir.neumoratx.com/events/event-details/guggenheim-inaugural-healthcare-innovation-conference",
    "timestamp": "unknown"
  },
  {
    "title": "Guggenheim Inaugural Healthcare Innovation Conference",
    "link": "https://ir.neumoratx.com/events/event-details/guggenheim-inaugural-healthcare-innovation-conference",
    "timestamp": "unknown"
  },
  {
    "title": "Guggenheim Inaugural Healthcare Innovation Conference",
    "link": "https://ir.neumoratx.com/events/event-details/guggenheim-inaugural-healthcare-innovation-conference",
    "timestamp": "unknown"
  },
  {
    "title": "Listen to webcast",
    "link": "https://wsw.com/webcast/guggen/nmra/",
    "timestamp": "unknown"
  },
  {
    "title": "Listen to webcast",
    "link": "https://wsw.com/webcast/guggen/nmra/",
    "timestamp": "unknown"
  },
  {
    "title": "Listen to webcast",
    "link": "https://wsw.com/webcast/guggen/nmra/",
    "timestamp": "unknown"
  },
  {
    "title": "Listen to webcast",
    "link": "https://wsw.com/webcast/guggen/nmra/",
    "timestamp": "unknown"
  },
  {
    "title": "Neumora Third Quarter  Earnings Conference CallNov ,ESTListen to webcast",
    "link": "https://ir.neumoratx.com/events/event-details/neumora-third-quarter--earnings-conference-call",
    "timestamp": "unknown"
  },
  {
    "title": "Neumora Third Quarter  Earnings Conference CallNov ,ESTListen to webcast",
    "link": "https://ir.neumoratx.com/events/event-details/neumora-third-quarter--earnings-conference-call",
    "timestamp": "unknown"
  },
  {
    "title": "Neumora Third Quarter  Earnings Conference CallNov ,EST",
    "link": "https://ir.neumoratx.com/events/event-details/neumora-third-quarter--earnings-conference-call",
    "timestamp": "unknown"
  },
  {
    "title": "Neumora Third Quarter  Earnings Conference CallNov ,EST",
    "link": "https://ir.neumoratx.com/events/event-details/neumora-third-quarter--earnings-conference-call",
    "timestamp": "unknown"
  },
  {
    "title": "Neumora Third Quarter  Earnings Conference CallNov ,EST",
    "link": "https://ir.neumoratx.com/events/event-details/neumora-third-quarter--earnings-conference-call",
    "timestamp": "unknown"
  },
  {
    "title": "Neumora Third Quarter  Earnings Conference CallNov ,EST",
    "link": "https://ir.neumoratx.com/events/event-details/neumora-third-quarter--earnings-conference-call",
    "timestamp": "unknown"
  },
  {
    "title": "Neumora Third Quarter  Earnings Conference Call",
    "link": "https://ir.neumoratx.com/events/event-details/neumora-third-quarter--earnings-conference-call",
    "timestamp": "unknown"
  },
  {
    "title": "Neumora Third Quarter  Earnings Conference Call",
    "link": "https://ir.neumoratx.com/events/event-details/neumora-third-quarter--earnings-conference-call",
    "timestamp": "unknown"
  },
  {
    "title": "Neumora Third Quarter  Earnings Conference Call",
    "link": "https://ir.neumoratx.com/events/event-details/neumora-third-quarter--earnings-conference-call",
    "timestamp": "unknown"
  },
  {
    "title": "Listen to webcast",
    "link": "https://edge.media-server.com/mmc/p/zfopc9oe/",
    "timestamp": "unknown"
  },
  {
    "title": "Listen to webcast",
    "link": "https://edge.media-server.com/mmc/p/zfopc9oe/",
    "timestamp": "unknown"
  },
  {
    "title": "Listen to webcast",
    "link": "https://edge.media-server.com/mmc/p/zfopc9oe/",
    "timestamp": "unknown"
  },
  {
    "title": "Listen to webcast",
    "link": "https://edge.media-server.com/mmc/p/zfopc9oe/",
    "timestamp": "unknown"
  },
  {
    "title": "Key Opinion Leader Roundtable to Discuss the Potential of Navacaprant in Neuropsychiatric DisordersSep ,EDTListen to webcast",
    "link": "https://ir.neumoratx.com/events/event-details/key-opinion-leader-roundtable-discuss-potential-navacaprant-neuropsychiatric",
    "timestamp": "unknown"
  },
  {
    "title": "Key Opinion Leader Roundtable to Discuss the Potential of Navacaprant in Neuropsychiatric DisordersSep ,EDTListen to webcast",
    "link": "https://ir.neumoratx.com/events/event-details/key-opinion-leader-roundtable-discuss-potential-navacaprant-neuropsychiatric",
    "timestamp": "unknown"
  },
  {
    "title": "Key Opinion Leader Roundtable to Discuss the Potential of Navacaprant in Neuropsychiatric DisordersSep ,EDT",
    "link": "https://ir.neumoratx.com/events/event-details/key-opinion-leader-roundtable-discuss-potential-navacaprant-neuropsychiatric",
    "timestamp": "unknown"
  },
  {
    "title": "Key Opinion Leader Roundtable to Discuss the Potential of Navacaprant in Neuropsychiatric DisordersSep ,EDT",
    "link": "https://ir.neumoratx.com/events/event-details/key-opinion-leader-roundtable-discuss-potential-navacaprant-neuropsychiatric",
    "timestamp": "unknown"
  },
  {
    "title": "Key Opinion Leader Roundtable to Discuss the Potential of Navacaprant in Neuropsychiatric DisordersSep ,EDT",
    "link": "https://ir.neumoratx.com/events/event-details/key-opinion-leader-roundtable-discuss-potential-navacaprant-neuropsychiatric",
    "timestamp": "unknown"
  },
  {
    "title": "Key Opinion Leader Roundtable to Discuss the Potential of Navacaprant in Neuropsychiatric DisordersSep ,EDT",
    "link": "https://ir.neumoratx.com/events/event-details/key-opinion-leader-roundtable-discuss-potential-navacaprant-neuropsychiatric",
    "timestamp": "unknown"
  },
  {
    "title": "Key Opinion Leader Roundtable to Discuss the Potential of Navacaprant in Neuropsychiatric Disorders",
    "link": "https://ir.neumoratx.com/events/event-details/key-opinion-leader-roundtable-discuss-potential-navacaprant-neuropsychiatric",
    "timestamp": "unknown"
  },
  {
    "title": "Key Opinion Leader Roundtable to Discuss the Potential of Navacaprant in Neuropsychiatric Disorders",
    "link": "https://ir.neumoratx.com/events/event-details/key-opinion-leader-roundtable-discuss-potential-navacaprant-neuropsychiatric",
    "timestamp": "unknown"
  },
  {
    "title": "Key Opinion Leader Roundtable to Discuss the Potential of Navacaprant in Neuropsychiatric Disorders",
    "link": "https://ir.neumoratx.com/events/event-details/key-opinion-leader-roundtable-discuss-potential-navacaprant-neuropsychiatric",
    "timestamp": "unknown"
  },
  {
    "title": "Listen to webcast",
    "link": "https://edge.media-server.com/mmc/p/h53ty5xa",
    "timestamp": "unknown"
  },
  {
    "title": "Listen to webcast",
    "link": "https://edge.media-server.com/mmc/p/h53ty5xa",
    "timestamp": "unknown"
  },
  {
    "title": "Listen to webcast",
    "link": "https://edge.media-server.com/mmc/p/h53ty5xa",
    "timestamp": "unknown"
  },
  {
    "title": "Listen to webcast",
    "link": "https://edge.media-server.com/mmc/p/h53ty5xa",
    "timestamp": "unknown"
  },
  {
    "title": "RBC Capital Markets Global Healthcare ConferenceMay ,EDTListen to webcast",
    "link": "https://ir.neumoratx.com/events/event-details/-rbc-capital-markets-global-healthcare-conference",
    "timestamp": "unknown"
  },
  {
    "title": "RBC Capital Markets Global Healthcare ConferenceMay ,EDTListen to webcast",
    "link": "https://ir.neumoratx.com/events/event-details/-rbc-capital-markets-global-healthcare-conference",
    "timestamp": "unknown"
  },
  {
    "title": "RBC Capital Markets Global Healthcare ConferenceMay ,EDT",
    "link": "https://ir.neumoratx.com/events/event-details/-rbc-capital-markets-global-healthcare-conference",
    "timestamp": "unknown"
  },
  {
    "title": "RBC Capital Markets Global Healthcare ConferenceMay ,EDT",
    "link": "https://ir.neumoratx.com/events/event-details/-rbc-capital-markets-global-healthcare-conference",
    "timestamp": "unknown"
  },
  {
    "title": "RBC Capital Markets Global Healthcare ConferenceMay ,EDT",
    "link": "https://ir.neumoratx.com/events/event-details/-rbc-capital-markets-global-healthcare-conference",
    "timestamp": "unknown"
  },
  {
    "title": "RBC Capital Markets Global Healthcare ConferenceMay ,EDT",
    "link": "https://ir.neumoratx.com/events/event-details/-rbc-capital-markets-global-healthcare-conference",
    "timestamp": "unknown"
  },
  {
    "title": "RBC Capital Markets Global Healthcare Conference",
    "link": "https://ir.neumoratx.com/events/event-details/-rbc-capital-markets-global-healthcare-conference",
    "timestamp": "unknown"
  },
  {
    "title": "RBC Capital Markets Global Healthcare Conference",
    "link": "https://ir.neumoratx.com/events/event-details/-rbc-capital-markets-global-healthcare-conference",
    "timestamp": "unknown"
  },
  {
    "title": "RBC Capital Markets Global Healthcare Conference",
    "link": "https://ir.neumoratx.com/events/event-details/-rbc-capital-markets-global-healthcare-conference",
    "timestamp": "unknown"
  },
  {
    "title": "Listen to webcast",
    "link": "https://www.veracast.com/webcasts/rbc/healthcare2024/Bxdp60.cfm",
    "timestamp": "unknown"
  },
  {
    "title": "Listen to webcast",
    "link": "https://www.veracast.com/webcasts/rbc/healthcare2024/Bxdp60.cfm",
    "timestamp": "unknown"
  },
  {
    "title": "Listen to webcast",
    "link": "https://www.veracast.com/webcasts/rbc/healthcare2024/Bxdp60.cfm",
    "timestamp": "unknown"
  },
  {
    "title": "Listen to webcast",
    "link": "https://www.veracast.com/webcasts/rbc/healthcare2024/Bxdp60.cfm",
    "timestamp": "unknown"
  },
  {
    "title": "BofA Securities Healthcare ConferenceMay ,EDTListen to webcast",
    "link": "https://ir.neumoratx.com/events/event-details/bofa-securities-healthcare-conference-",
    "timestamp": "unknown"
  },
  {
    "title": "BofA Securities Healthcare ConferenceMay ,EDTListen to webcast",
    "link": "https://ir.neumoratx.com/events/event-details/bofa-securities-healthcare-conference-",
    "timestamp": "unknown"
  },
  {
    "title": "BofA Securities Healthcare ConferenceMay ,EDT",
    "link": "https://ir.neumoratx.com/events/event-details/bofa-securities-healthcare-conference-",
    "timestamp": "unknown"
  },
  {
    "title": "BofA Securities Healthcare ConferenceMay ,EDT",
    "link": "https://ir.neumoratx.com/events/event-details/bofa-securities-healthcare-conference-",
    "timestamp": "unknown"
  },
  {
    "title": "BofA Securities Healthcare ConferenceMay ,EDT",
    "link": "https://ir.neumoratx.com/events/event-details/bofa-securities-healthcare-conference-",
    "timestamp": "unknown"
  },
  {
    "title": "BofA Securities Healthcare ConferenceMay ,EDT",
    "link": "https://ir.neumoratx.com/events/event-details/bofa-securities-healthcare-conference-",
    "timestamp": "unknown"
  },
  {
    "title": "BofA Securities Healthcare Conference",
    "link": "https://ir.neumoratx.com/events/event-details/bofa-securities-healthcare-conference-",
    "timestamp": "unknown"
  },
  {
    "title": "BofA Securities Healthcare Conference",
    "link": "https://ir.neumoratx.com/events/event-details/bofa-securities-healthcare-conference-",
    "timestamp": "unknown"
  },
  {
    "title": "BofA Securities Healthcare Conference",
    "link": "https://ir.neumoratx.com/events/event-details/bofa-securities-healthcare-conference-",
    "timestamp": "unknown"
  },
  {
    "title": "Listen to webcast",
    "link": "https://bofa.veracast.com/webcasts/bofa/healthcare2024/iddR6GAn.cfm",
    "timestamp": "unknown"
  },
  {
    "title": "Listen to webcast",
    "link": "https://bofa.veracast.com/webcasts/bofa/healthcare2024/iddR6GAn.cfm",
    "timestamp": "unknown"
  },
  {
    "title": "Listen to webcast",
    "link": "https://bofa.veracast.com/webcasts/bofa/healthcare2024/iddR6GAn.cfm",
    "timestamp": "unknown"
  },
  {
    "title": "Listen to webcast",
    "link": "https://bofa.veracast.com/webcasts/bofa/healthcare2024/iddR6GAn.cfm",
    "timestamp": "unknown"
  },
  {
    "title": "Stifel  Virtual CNS DaysMar ,EDTListen to webcast",
    "link": "https://ir.neumoratx.com/events/event-details/stifel--virtual-cns-days",
    "timestamp": "unknown"
  },
  {
    "title": "Stifel  Virtual CNS DaysMar ,EDTListen to webcast",
    "link": "https://ir.neumoratx.com/events/event-details/stifel--virtual-cns-days",
    "timestamp": "unknown"
  },
  {
    "title": "Stifel  Virtual CNS DaysMar ,EDT",
    "link": "https://ir.neumoratx.com/events/event-details/stifel--virtual-cns-days",
    "timestamp": "unknown"
  },
  {
    "title": "Stifel  Virtual CNS DaysMar ,EDT",
    "link": "https://ir.neumoratx.com/events/event-details/stifel--virtual-cns-days",
    "timestamp": "unknown"
  },
  {
    "title": "Stifel  Virtual CNS DaysMar ,EDT",
    "link": "https://ir.neumoratx.com/events/event-details/stifel--virtual-cns-days",
    "timestamp": "unknown"
  },
  {
    "title": "Stifel  Virtual CNS DaysMar ,EDT",
    "link": "https://ir.neumoratx.com/events/event-details/stifel--virtual-cns-days",
    "timestamp": "unknown"
  },
  {
    "title": "Stifel  Virtual CNS Days",
    "link": "https://ir.neumoratx.com/events/event-details/stifel--virtual-cns-days",
    "timestamp": "unknown"
  },
  {
    "title": "Stifel  Virtual CNS Days",
    "link": "https://ir.neumoratx.com/events/event-details/stifel--virtual-cns-days",
    "timestamp": "unknown"
  },
  {
    "title": "Stifel  Virtual CNS Days",
    "link": "https://ir.neumoratx.com/events/event-details/stifel--virtual-cns-days",
    "timestamp": "unknown"
  },
  {
    "title": "Listen to webcast",
    "link": "https://wsw.com/webcast/stifel87/nmra/",
    "timestamp": "unknown"
  },
  {
    "title": "Listen to webcast",
    "link": "https://wsw.com/webcast/stifel87/nmra/",
    "timestamp": "unknown"
  },
  {
    "title": "Listen to webcast",
    "link": "https://wsw.com/webcast/stifel87/nmra/",
    "timestamp": "unknown"
  },
  {
    "title": "Listen to webcast",
    "link": "https://wsw.com/webcast/stifel87/nmra/",
    "timestamp": "unknown"
  },
  {
    "title": "42nd Annual J.P. Morgan Healthcare ConferenceJan ,ESTListen to webcast42nd Annual J.P. Morgan Healthcare Conference Presentation. MB",
    "link": "https://ir.neumoratx.com/events/event-details/42nd-annual-jp-morgan-healthcare-conference",
    "timestamp": "unknown"
  },
  {
    "title": "42nd Annual J.P. Morgan Healthcare ConferenceJan ,ESTListen to webcast42nd Annual J.P. Morgan Healthcare Conference Presentation. MB",
    "link": "https://ir.neumoratx.com/events/event-details/42nd-annual-jp-morgan-healthcare-conference",
    "timestamp": "unknown"
  },
  {
    "title": "42nd Annual J.P. Morgan Healthcare ConferenceJan ,EST",
    "link": "https://ir.neumoratx.com/events/event-details/42nd-annual-jp-morgan-healthcare-conference",
    "timestamp": "unknown"
  },
  {
    "title": "42nd Annual J.P. Morgan Healthcare ConferenceJan ,EST",
    "link": "https://ir.neumoratx.com/events/event-details/42nd-annual-jp-morgan-healthcare-conference",
    "timestamp": "unknown"
  },
  {
    "title": "42nd Annual J.P. Morgan Healthcare ConferenceJan ,EST",
    "link": "https://ir.neumoratx.com/events/event-details/42nd-annual-jp-morgan-healthcare-conference",
    "timestamp": "unknown"
  },
  {
    "title": "42nd Annual J.P. Morgan Healthcare ConferenceJan ,EST",
    "link": "https://ir.neumoratx.com/events/event-details/42nd-annual-jp-morgan-healthcare-conference",
    "timestamp": "unknown"
  },
  {
    "title": "42nd Annual J.P. Morgan Healthcare Conference",
    "link": "https://ir.neumoratx.com/events/event-details/42nd-annual-jp-morgan-healthcare-conference",
    "timestamp": "unknown"
  },
  {
    "title": "42nd Annual J.P. Morgan Healthcare Conference",
    "link": "https://ir.neumoratx.com/events/event-details/42nd-annual-jp-morgan-healthcare-conference",
    "timestamp": "unknown"
  },
  {
    "title": "42nd Annual J.P. Morgan Healthcare Conference",
    "link": "https://ir.neumoratx.com/events/event-details/42nd-annual-jp-morgan-healthcare-conference",
    "timestamp": "unknown"
  },
  {
    "title": "Listen to webcast42nd Annual J.P. Morgan Healthcare Conference Presentation. MB",
    "link": "https://jpmorgan.metameetings.net/events/healthcare24/sessions/-neumora/webcast?gpu_only=true&kiosk=true",
    "timestamp": "unknown"
  },
  {
    "title": "Listen to webcast",
    "link": "https://jpmorgan.metameetings.net/events/healthcare24/sessions/-neumora/webcast?gpu_only=true&kiosk=true",
    "timestamp": "unknown"
  },
  {
    "title": "Listen to webcast",
    "link": "https://jpmorgan.metameetings.net/events/healthcare24/sessions/-neumora/webcast?gpu_only=true&kiosk=true",
    "timestamp": "unknown"
  },
  {
    "title": "Listen to webcast",
    "link": "https://jpmorgan.metameetings.net/events/healthcare24/sessions/-neumora/webcast?gpu_only=true&kiosk=true",
    "timestamp": "unknown"
  },
  {
    "title": "42nd Annual J.P. Morgan Healthcare Conference Presentation. MB",
    "link": "https://ir.neumoratx.com/static-files/5d91813f-b259-4e95-b704-c09bc5e72335",
    "timestamp": "unknown"
  },
  {
    "title": "42nd Annual J.P. Morgan Healthcare Conference Presentation. MB",
    "link": "https://ir.neumoratx.com/static-files/5d91813f-b259-4e95-b704-c09bc5e72335",
    "timestamp": "unknown"
  },
  {
    "title": "42nd Annual J.P. Morgan Healthcare Conference Presentation. MB",
    "link": "https://ir.neumoratx.com/static-files/5d91813f-b259-4e95-b704-c09bc5e72335",
    "timestamp": "unknown"
  },
  {
    "title": "42nd Annual J.P. Morgan Healthcare Conference Presentation. MB",
    "link": "https://ir.neumoratx.com/static-files/5d91813f-b259-4e95-b704-c09bc5e72335",
    "timestamp": "unknown"
  },
  {
    "title": "42nd Annual J.P. Morgan Healthcare Conference Presentation. MB",
    "link": "https://ir.neumoratx.com/static-files/5d91813f-b259-4e95-b704-c09bc5e72335",
    "timestamp": "unknown"
  },
  {
    "title": "42nd Annual J.P. Morgan Healthcare Conference Presentation. MB",
    "link": "https://ir.neumoratx.com/static-files/5d91813f-b259-4e95-b704-c09bc5e72335",
    "timestamp": "unknown"
  },
  {
    "title": "42nd Annual J.P. Morgan Healthcare Conference Presentation. MB",
    "link": "https://ir.neumoratx.com/static-files/5d91813f-b259-4e95-b704-c09bc5e72335",
    "timestamp": "unknown"
  },
  {
    "title": "42nd Annual J.P. Morgan Healthcare Conference Presentation. MB",
    "link": "https://ir.neumoratx.com/static-files/5d91813f-b259-4e95-b704-c09bc5e72335",
    "timestamp": "unknown"
  },
  {
    "title": "42nd Annual J.P. Morgan Healthcare Conference Presentation. MB",
    "link": "https://ir.neumoratx.com/static-files/5d91813f-b259-4e95-b704-c09bc5e72335",
    "timestamp": "unknown"
  },
  {
    "title": "42nd Annual J.P. Morgan Healthcare Conference Presentation. MB",
    "link": "https://ir.neumoratx.com/static-files/5d91813f-b259-4e95-b704-c09bc5e72335",
    "timestamp": "unknown"
  },
  {
    "title": "Stifel Healthcare ConferenceNov ,ESTListen to webcast",
    "link": "https://ir.neumoratx.com/events/event-details/stifel-healthcare-conference",
    "timestamp": "unknown"
  },
  {
    "title": "Stifel Healthcare ConferenceNov ,ESTListen to webcast",
    "link": "https://ir.neumoratx.com/events/event-details/stifel-healthcare-conference",
    "timestamp": "unknown"
  },
  {
    "title": "Stifel Healthcare ConferenceNov ,EST",
    "link": "https://ir.neumoratx.com/events/event-details/stifel-healthcare-conference",
    "timestamp": "unknown"
  },
  {
    "title": "Stifel Healthcare ConferenceNov ,EST",
    "link": "https://ir.neumoratx.com/events/event-details/stifel-healthcare-conference",
    "timestamp": "unknown"
  },
  {
    "title": "Stifel Healthcare ConferenceNov ,EST",
    "link": "https://ir.neumoratx.com/events/event-details/stifel-healthcare-conference",
    "timestamp": "unknown"
  },
  {
    "title": "Stifel Healthcare ConferenceNov ,EST",
    "link": "https://ir.neumoratx.com/events/event-details/stifel-healthcare-conference",
    "timestamp": "unknown"
  },
  {
    "title": "Stifel Healthcare Conference",
    "link": "https://ir.neumoratx.com/events/event-details/stifel-healthcare-conference",
    "timestamp": "unknown"
  },
  {
    "title": "Stifel Healthcare Conference",
    "link": "https://ir.neumoratx.com/events/event-details/stifel-healthcare-conference",
    "timestamp": "unknown"
  },
  {
    "title": "Stifel Healthcare Conference",
    "link": "https://ir.neumoratx.com/events/event-details/stifel-healthcare-conference",
    "timestamp": "unknown"
  },
  {
    "title": "Listen to webcast",
    "link": "https://wsw.com/webcast/stifel83/nmra/",
    "timestamp": "unknown"
  },
  {
    "title": "Listen to webcast",
    "link": "https://wsw.com/webcast/stifel83/nmra/",
    "timestamp": "unknown"
  },
  {
    "title": "Listen to webcast",
    "link": "https://wsw.com/webcast/stifel83/nmra/",
    "timestamp": "unknown"
  },
  {
    "title": "Listen to webcast",
    "link": "https://wsw.com/webcast/stifel83/nmra/",
    "timestamp": "unknown"
  },
  {
    "title": "5th Annual Inflammation, Neurology, & Immunology (INI) ConferenceNov ,ESTListen to webcast",
    "link": "https://ir.neumoratx.com/events/event-details/5th-annual-inflammation-neurology-immunology-ini-conference",
    "timestamp": "unknown"
  },
  {
    "title": "5th Annual Inflammation, Neurology, & Immunology (INI) ConferenceNov ,ESTListen to webcast",
    "link": "https://ir.neumoratx.com/events/event-details/5th-annual-inflammation-neurology-immunology-ini-conference",
    "timestamp": "unknown"
  },
  {
    "title": "5th Annual Inflammation, Neurology, & Immunology (INI) ConferenceNov ,EST",
    "link": "https://ir.neumoratx.com/events/event-details/5th-annual-inflammation-neurology-immunology-ini-conference",
    "timestamp": "unknown"
  },
  {
    "title": "5th Annual Inflammation, Neurology, & Immunology (INI) ConferenceNov ,EST",
    "link": "https://ir.neumoratx.com/events/event-details/5th-annual-inflammation-neurology-immunology-ini-conference",
    "timestamp": "unknown"
  },
  {
    "title": "5th Annual Inflammation, Neurology, & Immunology (INI) ConferenceNov ,EST",
    "link": "https://ir.neumoratx.com/events/event-details/5th-annual-inflammation-neurology-immunology-ini-conference",
    "timestamp": "unknown"
  },
  {
    "title": "5th Annual Inflammation, Neurology, & Immunology (INI) ConferenceNov ,EST",
    "link": "https://ir.neumoratx.com/events/event-details/5th-annual-inflammation-neurology-immunology-ini-conference",
    "timestamp": "unknown"
  },
  {
    "title": "5th Annual Inflammation, Neurology, & Immunology (INI) Conference",
    "link": "https://ir.neumoratx.com/events/event-details/5th-annual-inflammation-neurology-immunology-ini-conference",
    "timestamp": "unknown"
  },
  {
    "title": "5th Annual Inflammation, Neurology, & Immunology (INI) Conference",
    "link": "https://ir.neumoratx.com/events/event-details/5th-annual-inflammation-neurology-immunology-ini-conference",
    "timestamp": "unknown"
  },
  {
    "title": "5th Annual Inflammation, Neurology, & Immunology (INI) Conference",
    "link": "https://ir.neumoratx.com/events/event-details/5th-annual-inflammation-neurology-immunology-ini-conference",
    "timestamp": "unknown"
  },
  {
    "title": "Listen to webcast",
    "link": "https://guggenheim.metameetings.net/events/ini23/sessions/-neumora-nmra/webcast?gpu_only=true&kiosk=true",
    "timestamp": "unknown"
  },
  {
    "title": "Listen to webcast",
    "link": "https://guggenheim.metameetings.net/events/ini23/sessions/-neumora-nmra/webcast?gpu_only=true&kiosk=true",
    "timestamp": "unknown"
  },
  {
    "title": "Listen to webcast",
    "link": "https://guggenheim.metameetings.net/events/ini23/sessions/-neumora-nmra/webcast?gpu_only=true&kiosk=true",
    "timestamp": "unknown"
  },
  {
    "title": "Listen to webcast",
    "link": "https://guggenheim.metameetings.net/events/ini23/sessions/-neumora-nmra/webcast?gpu_only=true&kiosk=true",
    "timestamp": "unknown"
  },
  {
    "title": "PresentationsCorporate PresentationFebruary ,   ESTNeumora NMRA- Update Conference Call PresentationJanuary ,   ESTCorporate PresentationNovember ,   ",
    "link": "https://ir.neumoratx.com/static-files/64f10606-e2cb-42f0-863a-a95d3d289a24",
    "timestamp": "unknown"
  },
  {
    "title": "PresentationsCorporate PresentationFebruary ,   ESTNeumora NMRA- Update Conference Call PresentationJanuary ,   ESTCorporate PresentationNovember ,   ",
    "link": "https://ir.neumoratx.com/static-files/64f10606-e2cb-42f0-863a-a95d3d289a24",
    "timestamp": "unknown"
  },
  {
    "title": "PresentationsCorporate PresentationFebruary ,   ESTNeumora NMRA- Update Conference Call PresentationJanuary ,   ESTCorporate PresentationNovember ,   ",
    "link": "https://ir.neumoratx.com/static-files/64f10606-e2cb-42f0-863a-a95d3d289a24",
    "timestamp": "unknown"
  },
  {
    "title": "PresentationsCorporate PresentationFebruary ,   ESTNeumora NMRA- Update Conference Call PresentationJanuary ,   ESTCorporate PresentationNovember ,   ",
    "link": "https://ir.neumoratx.com/static-files/64f10606-e2cb-42f0-863a-a95d3d289a24",
    "timestamp": "unknown"
  },
  {
    "title": "Corporate PresentationFebruary ,   ESTNeumora NMRA- Update Conference Call PresentationJanuary ,   ESTCorporate PresentationNovember ,   ESTCorporate ",
    "link": "https://ir.neumoratx.com/static-files/64f10606-e2cb-42f0-863a-a95d3d289a24",
    "timestamp": "unknown"
  },
  {
    "title": "Corporate PresentationFebruary ,   ESTNeumora NMRA- Update Conference Call PresentationJanuary ,   ESTCorporate PresentationNovember ,   ESTCorporate ",
    "link": "https://ir.neumoratx.com/static-files/64f10606-e2cb-42f0-863a-a95d3d289a24",
    "timestamp": "unknown"
  },
  {
    "title": "Corporate PresentationFebruary ,   EST",
    "link": "https://ir.neumoratx.com/static-files/64f10606-e2cb-42f0-863a-a95d3d289a24",
    "timestamp": "unknown"
  },
  {
    "title": "Corporate PresentationFebruary ,   EST",
    "link": "https://ir.neumoratx.com/static-files/64f10606-e2cb-42f0-863a-a95d3d289a24",
    "timestamp": "unknown"
  },
  {
    "title": "Corporate PresentationFebruary ,   EST",
    "link": "https://ir.neumoratx.com/static-files/64f10606-e2cb-42f0-863a-a95d3d289a24",
    "timestamp": "unknown"
  },
  {
    "title": "Corporate PresentationFebruary ,   EST",
    "link": "https://ir.neumoratx.com/static-files/64f10606-e2cb-42f0-863a-a95d3d289a24",
    "timestamp": "unknown"
  },
  {
    "title": "Corporate Presentation",
    "link": "https://ir.neumoratx.com/static-files/64f10606-e2cb-42f0-863a-a95d3d289a24",
    "timestamp": "unknown"
  },
  {
    "title": "Corporate Presentation",
    "link": "https://ir.neumoratx.com/static-files/64f10606-e2cb-42f0-863a-a95d3d289a24",
    "timestamp": "unknown"
  },
  {
    "title": "Corporate Presentation",
    "link": "https://ir.neumoratx.com/static-files/64f10606-e2cb-42f0-863a-a95d3d289a24",
    "timestamp": "unknown"
  },
  {
    "title": "Neumora NMRA- Update Conference Call PresentationJanuary ,   EST",
    "link": "https://ir.neumoratx.com/static-files/e1526219-68af-45db-9d19-0f6e1f9abbc2",
    "timestamp": "unknown"
  },
  {
    "title": "Neumora NMRA- Update Conference Call PresentationJanuary ,   EST",
    "link": "https://ir.neumoratx.com/static-files/e1526219-68af-45db-9d19-0f6e1f9abbc2",
    "timestamp": "unknown"
  },
  {
    "title": "Neumora NMRA- Update Conference Call PresentationJanuary ,   EST",
    "link": "https://ir.neumoratx.com/static-files/e1526219-68af-45db-9d19-0f6e1f9abbc2",
    "timestamp": "unknown"
  },
  {
    "title": "Neumora NMRA- Update Conference Call PresentationJanuary ,   EST",
    "link": "https://ir.neumoratx.com/static-files/e1526219-68af-45db-9d19-0f6e1f9abbc2",
    "timestamp": "unknown"
  },
  {
    "title": "Neumora NMRA- Update Conference Call Presentation",
    "link": "https://ir.neumoratx.com/static-files/e1526219-68af-45db-9d19-0f6e1f9abbc2",
    "timestamp": "unknown"
  },
  {
    "title": "Neumora NMRA- Update Conference Call Presentation",
    "link": "https://ir.neumoratx.com/static-files/e1526219-68af-45db-9d19-0f6e1f9abbc2",
    "timestamp": "unknown"
  },
  {
    "title": "Neumora NMRA- Update Conference Call Presentation",
    "link": "https://ir.neumoratx.com/static-files/e1526219-68af-45db-9d19-0f6e1f9abbc2",
    "timestamp": "unknown"
  },
  {
    "title": "Corporate PresentationNovember ,   EST",
    "link": "https://ir.neumoratx.com/static-files/346aaaf8-b4ff--b0c2-da453cf23b5c",
    "timestamp": "unknown"
  },
  {
    "title": "Corporate PresentationNovember ,   EST",
    "link": "https://ir.neumoratx.com/static-files/346aaaf8-b4ff--b0c2-da453cf23b5c",
    "timestamp": "unknown"
  },
  {
    "title": "Corporate PresentationNovember ,   EST",
    "link": "https://ir.neumoratx.com/static-files/346aaaf8-b4ff--b0c2-da453cf23b5c",
    "timestamp": "unknown"
  },
  {
    "title": "Corporate PresentationNovember ,   EST",
    "link": "https://ir.neumoratx.com/static-files/346aaaf8-b4ff--b0c2-da453cf23b5c",
    "timestamp": "unknown"
  },
  {
    "title": "Corporate Presentation",
    "link": "https://ir.neumoratx.com/static-files/346aaaf8-b4ff--b0c2-da453cf23b5c",
    "timestamp": "unknown"
  },
  {
    "title": "Corporate Presentation",
    "link": "https://ir.neumoratx.com/static-files/346aaaf8-b4ff--b0c2-da453cf23b5c",
    "timestamp": "unknown"
  },
  {
    "title": "Corporate Presentation",
    "link": "https://ir.neumoratx.com/static-files/346aaaf8-b4ff--b0c2-da453cf23b5c",
    "timestamp": "unknown"
  },
  {
    "title": "Corporate PresentationAugust ,   EDT",
    "link": "https://ir.neumoratx.com/static-files/3f668712-9eec-4b0d-92d9-3a38e0e51b7e",
    "timestamp": "unknown"
  },
  {
    "title": "Corporate PresentationAugust ,   EDT",
    "link": "https://ir.neumoratx.com/static-files/3f668712-9eec-4b0d-92d9-3a38e0e51b7e",
    "timestamp": "unknown"
  },
  {
    "title": "Corporate PresentationAugust ,   EDT",
    "link": "https://ir.neumoratx.com/static-files/3f668712-9eec-4b0d-92d9-3a38e0e51b7e",
    "timestamp": "unknown"
  },
  {
    "title": "Corporate PresentationAugust ,   EDT",
    "link": "https://ir.neumoratx.com/static-files/3f668712-9eec-4b0d-92d9-3a38e0e51b7e",
    "timestamp": "unknown"
  },
  {
    "title": "Corporate Presentation",
    "link": "https://ir.neumoratx.com/static-files/3f668712-9eec-4b0d-92d9-3a38e0e51b7e",
    "timestamp": "unknown"
  },
  {
    "title": "Corporate Presentation",
    "link": "https://ir.neumoratx.com/static-files/3f668712-9eec-4b0d-92d9-3a38e0e51b7e",
    "timestamp": "unknown"
  },
  {
    "title": "Corporate Presentation",
    "link": "https://ir.neumoratx.com/static-files/3f668712-9eec-4b0d-92d9-3a38e0e51b7e",
    "timestamp": "unknown"
  },
  {
    "title": "Corporate PresentationJuly ,   EDT",
    "link": "https://ir.neumoratx.com/static-files/5c7215c8-ff73-4dc3-a9c7-6cf25a84ef89",
    "timestamp": "unknown"
  },
  {
    "title": "Corporate PresentationJuly ,   EDT",
    "link": "https://ir.neumoratx.com/static-files/5c7215c8-ff73-4dc3-a9c7-6cf25a84ef89",
    "timestamp": "unknown"
  },
  {
    "title": "Corporate PresentationJuly ,   EDT",
    "link": "https://ir.neumoratx.com/static-files/5c7215c8-ff73-4dc3-a9c7-6cf25a84ef89",
    "timestamp": "unknown"
  },
  {
    "title": "Corporate PresentationJuly ,   EDT",
    "link": "https://ir.neumoratx.com/static-files/5c7215c8-ff73-4dc3-a9c7-6cf25a84ef89",
    "timestamp": "unknown"
  },
  {
    "title": "Corporate Presentation",
    "link": "https://ir.neumoratx.com/static-files/5c7215c8-ff73-4dc3-a9c7-6cf25a84ef89",
    "timestamp": "unknown"
  },
  {
    "title": "Corporate Presentation",
    "link": "https://ir.neumoratx.com/static-files/5c7215c8-ff73-4dc3-a9c7-6cf25a84ef89",
    "timestamp": "unknown"
  },
  {
    "title": "Corporate Presentation",
    "link": "https://ir.neumoratx.com/static-files/5c7215c8-ff73-4dc3-a9c7-6cf25a84ef89",
    "timestamp": "unknown"
  },
  {
    "title": "Corporate PresentationMay ,   EDT",
    "link": "https://ir.neumoratx.com/static-files/442d4fca-12a5-4e80-a656-fc94fdab26aa",
    "timestamp": "unknown"
  },
  {
    "title": "Corporate PresentationMay ,   EDT",
    "link": "https://ir.neumoratx.com/static-files/442d4fca-12a5-4e80-a656-fc94fdab26aa",
    "timestamp": "unknown"
  },
  {
    "title": "Corporate PresentationMay ,   EDT",
    "link": "https://ir.neumoratx.com/static-files/442d4fca-12a5-4e80-a656-fc94fdab26aa",
    "timestamp": "unknown"
  },
  {
    "title": "Corporate PresentationMay ,   EDT",
    "link": "https://ir.neumoratx.com/static-files/442d4fca-12a5-4e80-a656-fc94fdab26aa",
    "timestamp": "unknown"
  },
  {
    "title": "Corporate Presentation",
    "link": "https://ir.neumoratx.com/static-files/442d4fca-12a5-4e80-a656-fc94fdab26aa",
    "timestamp": "unknown"
  },
  {
    "title": "Corporate Presentation",
    "link": "https://ir.neumoratx.com/static-files/442d4fca-12a5-4e80-a656-fc94fdab26aa",
    "timestamp": "unknown"
  },
  {
    "title": "Corporate Presentation",
    "link": "https://ir.neumoratx.com/static-files/442d4fca-12a5-4e80-a656-fc94fdab26aa",
    "timestamp": "unknown"
  },
  {
    "title": "42nd Annual J.P. Morgan Healthcare Conference PresentationJanuary ,   EST",
    "link": "https://ir.neumoratx.com/static-files/5d91813f-b259-4e95-b704-c09bc5e72335",
    "timestamp": "unknown"
  },
  {
    "title": "42nd Annual J.P. Morgan Healthcare Conference PresentationJanuary ,   EST",
    "link": "https://ir.neumoratx.com/static-files/5d91813f-b259-4e95-b704-c09bc5e72335",
    "timestamp": "unknown"
  },
  {
    "title": "42nd Annual J.P. Morgan Healthcare Conference PresentationJanuary ,   EST",
    "link": "https://ir.neumoratx.com/static-files/5d91813f-b259-4e95-b704-c09bc5e72335",
    "timestamp": "unknown"
  },
  {
    "title": "42nd Annual J.P. Morgan Healthcare Conference PresentationJanuary ,   EST",
    "link": "https://ir.neumoratx.com/static-files/5d91813f-b259-4e95-b704-c09bc5e72335",
    "timestamp": "unknown"
  },
  {
    "title": "42nd Annual J.P. Morgan Healthcare Conference Presentation",
    "link": "https://ir.neumoratx.com/static-files/5d91813f-b259-4e95-b704-c09bc5e72335",
    "timestamp": "unknown"
  },
  {
    "title": "42nd Annual J.P. Morgan Healthcare Conference Presentation",
    "link": "https://ir.neumoratx.com/static-files/5d91813f-b259-4e95-b704-c09bc5e72335",
    "timestamp": "unknown"
  },
  {
    "title": "42nd Annual J.P. Morgan Healthcare Conference Presentation",
    "link": "https://ir.neumoratx.com/static-files/5d91813f-b259-4e95-b704-c09bc5e72335",
    "timestamp": "unknown"
  },
  {
    "title": "Investor ContactHelen Rubinsteindraftsinvestors@neumoratx.comphone_iphoneMain Line:() -Subscribe to our Email AlertsSubmit",
    "link": "mailto:investors@neumoratx.com",
    "timestamp": "unknown"
  },
  {
    "title": "Investor ContactHelen Rubinsteindraftsinvestors@neumoratx.comphone_iphoneMain Line:() -Subscribe to our Email AlertsSubmit",
    "link": "mailto:investors@neumoratx.com",
    "timestamp": "unknown"
  },
  {
    "title": "Investor ContactHelen Rubinsteindraftsinvestors@neumoratx.comphone_iphoneMain Line:() -Subscribe to our Email AlertsSubmit",
    "link": "mailto:investors@neumoratx.com",
    "timestamp": "unknown"
  },
  {
    "title": "Investor ContactHelen Rubinsteindraftsinvestors@neumoratx.comphone_iphoneMain Line:() -",
    "link": "mailto:investors@neumoratx.com",
    "timestamp": "unknown"
  },
  {
    "title": "Investor ContactHelen Rubinsteindraftsinvestors@neumoratx.comphone_iphoneMain Line:() -",
    "link": "mailto:investors@neumoratx.com",
    "timestamp": "unknown"
  },
  {
    "title": "Investor ContactHelen Rubinsteindraftsinvestors@neumoratx.comphone_iphoneMain Line:() -",
    "link": "mailto:investors@neumoratx.com",
    "timestamp": "unknown"
  },
  {
    "title": "Investor ContactHelen Rubinsteindraftsinvestors@neumoratx.comphone_iphoneMain Line:() -",
    "link": "mailto:investors@neumoratx.com",
    "timestamp": "unknown"
  },
  {
    "title": "Investor ContactHelen Rubinsteindraftsinvestors@neumoratx.comphone_iphoneMain Line:() -",
    "link": "mailto:investors@neumoratx.com",
    "timestamp": "unknown"
  },
  {
    "title": "draftsinvestors@neumoratx.com",
    "link": "mailto:investors@neumoratx.com",
    "timestamp": "unknown"
  },
  {
    "title": "phone_iphoneMain Line:() -",
    "link": "tel:() -",
    "timestamp": "unknown"
  }
]