[
  {
    "title": "Visit Teva Global websiteSearch",
    "link": "https://www.tevapharm.com/",
    "timestamp": "unknown"
  },
  {
    "title": "Visit Teva Global websiteSearch",
    "link": "https://www.tevapharm.com/",
    "timestamp": "unknown"
  },
  {
    "title": "Visit Teva Global websiteSearch",
    "link": "https://www.tevapharm.com/",
    "timestamp": "unknown"
  },
  {
    "title": "Visit Teva Global website",
    "link": "https://www.tevapharm.com/",
    "timestamp": "unknown"
  },
  {
    "title": "Search",
    "link": "https://ir.tevapharm.com/Events-and-Presentations/events-and-presentations/default.aspx",
    "timestamp": "unknown"
  },
  {
    "title": "Investor Relations",
    "link": "https://ir.tevapharm.com/investors/default.aspx",
    "timestamp": "unknown"
  },
  {
    "title": "Investor Relations",
    "link": "https://ir.tevapharm.com/investors/default.aspx",
    "timestamp": "unknown"
  },
  {
    "title": "Investor Relations",
    "link": "https://ir.tevapharm.com/investors/default.aspx",
    "timestamp": "unknown"
  },
  {
    "title": "News",
    "link": "https://ir.tevapharm.com/news-and-events/press-releases/default.aspx",
    "timestamp": "unknown"
  },
  {
    "title": "Events and Presentations",
    "link": "https://ir.tevapharm.com/Events-and-Presentations/events-and-presentations/default.aspx",
    "timestamp": "unknown"
  },
  {
    "title": "FinancialsQuarterly ResultsInteractive FinancialsSEC FilingsDebt SecuritiesDebt FactsheetSustainability-Linked Bonds",
    "link": "https://ir.tevapharm.com/financials/quarterly-results/default.aspx",
    "timestamp": "unknown"
  },
  {
    "title": "Quarterly Results",
    "link": "https://ir.tevapharm.com/financials/quarterly-results/default.aspx",
    "timestamp": "unknown"
  },
  {
    "title": "Interactive Financials",
    "link": "https://apps.indigotools.com/IR/IAC/?Ticker=TEVA&Exchange=NYSE",
    "timestamp": "unknown"
  },
  {
    "title": "SEC Filings",
    "link": "https://ir.tevapharm.com/financials/sec-filings/default.aspx",
    "timestamp": "unknown"
  },
  {
    "title": "Debt Securities",
    "link": "https://ir.tevapharm.com/financials/debt-information/default.aspx",
    "timestamp": "unknown"
  },
  {
    "title": "Debt Factsheet",
    "link": "https://ir.tevapharm.com/financials/quarterly-debt-factsheet/default.aspx",
    "timestamp": "unknown"
  },
  {
    "title": "Sustainability-Linked Bonds",
    "link": "https://ir.tevapharm.com/financials/Sustainability-Linked-Bonds/default.aspx",
    "timestamp": "unknown"
  },
  {
    "title": "Shareholder InformationADR Depositary BankStock Quote & ChartDividends and Stock SplitsShareholder Meetings",
    "link": "https://ir.tevapharm.com/stock-info/adr-depositary-bank/default.aspx",
    "timestamp": "unknown"
  },
  {
    "title": "ADR Depositary Bank",
    "link": "https://ir.tevapharm.com/stock-info/adr-depositary-bank/default.aspx",
    "timestamp": "unknown"
  },
  {
    "title": "Stock Quote & Chart",
    "link": "https://ir.tevapharm.com/stock-info/stock-quote-and-chart/default.aspx",
    "timestamp": "unknown"
  },
  {
    "title": "Dividends and Stock Splits",
    "link": "https://ir.tevapharm.com/stock-info/dividends-and-stock-splits/default.aspx",
    "timestamp": "unknown"
  },
  {
    "title": "Shareholder Meetings",
    "link": "https://ir.tevapharm.com/stock-info/shareholder-meetings/default.aspx",
    "timestamp": "unknown"
  },
  {
    "title": "Environmental, Social and GovernanceCorporate OfficersBoard of DirectorsGovernance and Policy DocumentsESG Progress Report",
    "link": "https://www.tevapharm.com/our-impact/",
    "timestamp": "unknown"
  },
  {
    "title": "Corporate Officers",
    "link": "https://www.tevapharm.com/our-company/corporate-governance/teva-corporate-officers/",
    "timestamp": "unknown"
  },
  {
    "title": "Board of Directors",
    "link": "https://www.tevapharm.com/our-company/corporate-governance/board-of-directors/",
    "timestamp": "unknown"
  },
  {
    "title": "Governance and Policy Documents",
    "link": "https://www.tevapharm.com/our-company/corporate-governance/corporate-governance-documents/",
    "timestamp": "unknown"
  },
  {
    "title": "ESG Progress Report",
    "link": "https://www.tevapharm.com/our-impact/esg-progress-report/",
    "timestamp": "unknown"
  },
  {
    "title": "Additional ResourcesAnalyst CoverageInvestor FAQsEmail AlertsContact IRRSS FeedsEpidemiologyClinical Trial Appendix",
    "link": "https://ir.tevapharm.com/default.aspx",
    "timestamp": "unknown"
  },
  {
    "title": "Analyst Coverage",
    "link": "https://ir.tevapharm.com/investor-resources/analyst-coverage/default.aspx",
    "timestamp": "unknown"
  },
  {
    "title": "Investor FAQs",
    "link": "https://ir.tevapharm.com/investor-resources/investor-faqs/default.aspx",
    "timestamp": "unknown"
  },
  {
    "title": "Email Alerts",
    "link": "https://ir.tevapharm.com/investor-resources/email-alerts/default.aspx",
    "timestamp": "unknown"
  },
  {
    "title": "Contact IR",
    "link": "https://ir.tevapharm.com/investor-resources/contact-ir/default.aspx",
    "timestamp": "unknown"
  },
  {
    "title": "RSS Feeds",
    "link": "https://ir.tevapharm.com/investor-resources/rss-feeds/default.aspx",
    "timestamp": "unknown"
  },
  {
    "title": "Epidemiology",
    "link": "https://ir.tevapharm.com/epidemiology-summary",
    "timestamp": "unknown"
  },
  {
    "title": "Clinical Trial Appendix",
    "link": "https://ir.tevapharm.com/clinical-trial",
    "timestamp": "unknown"
  },
  {
    "title": "SearchCloseVisit Teva Global websiteNewsEvents and PresentationsFinancialsQuarterly ResultsInteractive FinancialsSEC FilingsDebt SecuritiesDebt Factsh",
    "link": "https://ir.tevapharm.com/Events-and-Presentations/events-and-presentations/default.aspx",
    "timestamp": "unknown"
  },
  {
    "title": "SearchCloseVisit Teva Global websiteNewsEvents and PresentationsFinancialsQuarterly ResultsInteractive FinancialsSEC FilingsDebt SecuritiesDebt Factsh",
    "link": "https://ir.tevapharm.com/Events-and-Presentations/events-and-presentations/default.aspx",
    "timestamp": "unknown"
  },
  {
    "title": "SearchCloseVisit Teva Global website",
    "link": "https://ir.tevapharm.com/Events-and-Presentations/events-and-presentations/default.aspx",
    "timestamp": "unknown"
  },
  {
    "title": "SearchCloseVisit Teva Global website",
    "link": "https://ir.tevapharm.com/Events-and-Presentations/events-and-presentations/default.aspx",
    "timestamp": "unknown"
  },
  {
    "title": "SearchCloseVisit Teva Global website",
    "link": "https://ir.tevapharm.com/Events-and-Presentations/events-and-presentations/default.aspx",
    "timestamp": "unknown"
  },
  {
    "title": "SearchClose",
    "link": "https://ir.tevapharm.com/Events-and-Presentations/events-and-presentations/default.aspx",
    "timestamp": "unknown"
  },
  {
    "title": "Search",
    "link": "https://ir.tevapharm.com/Events-and-Presentations/events-and-presentations/default.aspx",
    "timestamp": "unknown"
  },
  {
    "title": "Close",
    "link": "https://ir.tevapharm.com/Events-and-Presentations/events-and-presentations/default.aspx",
    "timestamp": "unknown"
  },
  {
    "title": "Visit Teva Global website",
    "link": "https://www.tevapharm.com/",
    "timestamp": "unknown"
  },
  {
    "title": "News",
    "link": "https://ir.tevapharm.com/news-and-events/press-releases/default.aspx",
    "timestamp": "unknown"
  },
  {
    "title": "Events and Presentations",
    "link": "https://ir.tevapharm.com/Events-and-Presentations/events-and-presentations/default.aspx",
    "timestamp": "unknown"
  },
  {
    "title": "FinancialsQuarterly ResultsInteractive FinancialsSEC FilingsDebt SecuritiesDebt FactsheetSustainability-Linked Bonds",
    "link": "https://ir.tevapharm.com/financials/quarterly-results/default.aspx",
    "timestamp": "unknown"
  },
  {
    "title": "Quarterly Results",
    "link": "https://ir.tevapharm.com/financials/quarterly-results/default.aspx",
    "timestamp": "unknown"
  },
  {
    "title": "Interactive Financials",
    "link": "https://apps.indigotools.com/IR/IAC/?Ticker=TEVA&Exchange=NYSE",
    "timestamp": "unknown"
  },
  {
    "title": "SEC Filings",
    "link": "https://ir.tevapharm.com/financials/sec-filings/default.aspx",
    "timestamp": "unknown"
  },
  {
    "title": "Debt Securities",
    "link": "https://ir.tevapharm.com/financials/debt-information/default.aspx",
    "timestamp": "unknown"
  },
  {
    "title": "Debt Factsheet",
    "link": "https://ir.tevapharm.com/financials/quarterly-debt-factsheet/default.aspx",
    "timestamp": "unknown"
  },
  {
    "title": "Sustainability-Linked Bonds",
    "link": "https://ir.tevapharm.com/financials/Sustainability-Linked-Bonds/default.aspx",
    "timestamp": "unknown"
  },
  {
    "title": "Shareholder InformationADR Depositary BankStock Quote & ChartDividends and Stock SplitsShareholder Meetings",
    "link": "https://ir.tevapharm.com/stock-info/adr-depositary-bank/default.aspx",
    "timestamp": "unknown"
  },
  {
    "title": "ADR Depositary Bank",
    "link": "https://ir.tevapharm.com/stock-info/adr-depositary-bank/default.aspx",
    "timestamp": "unknown"
  },
  {
    "title": "Stock Quote & Chart",
    "link": "https://ir.tevapharm.com/stock-info/stock-quote-and-chart/default.aspx",
    "timestamp": "unknown"
  },
  {
    "title": "Dividends and Stock Splits",
    "link": "https://ir.tevapharm.com/stock-info/dividends-and-stock-splits/default.aspx",
    "timestamp": "unknown"
  },
  {
    "title": "Shareholder Meetings",
    "link": "https://ir.tevapharm.com/stock-info/shareholder-meetings/default.aspx",
    "timestamp": "unknown"
  },
  {
    "title": "Environmental, Social and GovernanceCorporate OfficersBoard of DirectorsGovernance and Policy DocumentsESG Progress Report",
    "link": "https://www.tevapharm.com/our-impact/",
    "timestamp": "unknown"
  },
  {
    "title": "Corporate Officers",
    "link": "https://www.tevapharm.com/our-company/corporate-governance/teva-corporate-officers/",
    "timestamp": "unknown"
  },
  {
    "title": "Board of Directors",
    "link": "https://www.tevapharm.com/our-company/corporate-governance/board-of-directors/",
    "timestamp": "unknown"
  },
  {
    "title": "Governance and Policy Documents",
    "link": "https://www.tevapharm.com/our-company/corporate-governance/corporate-governance-documents/",
    "timestamp": "unknown"
  },
  {
    "title": "ESG Progress Report",
    "link": "https://www.tevapharm.com/our-impact/esg-progress-report/",
    "timestamp": "unknown"
  },
  {
    "title": "Additional ResourcesAnalyst CoverageInvestor FAQsEmail AlertsContact IRRSS FeedsEpidemiologyClinical Trial Appendix",
    "link": "https://ir.tevapharm.com/default.aspx",
    "timestamp": "unknown"
  },
  {
    "title": "Analyst Coverage",
    "link": "https://ir.tevapharm.com/investor-resources/analyst-coverage/default.aspx",
    "timestamp": "unknown"
  },
  {
    "title": "Investor FAQs",
    "link": "https://ir.tevapharm.com/investor-resources/investor-faqs/default.aspx",
    "timestamp": "unknown"
  },
  {
    "title": "Email Alerts",
    "link": "https://ir.tevapharm.com/investor-resources/email-alerts/default.aspx",
    "timestamp": "unknown"
  },
  {
    "title": "Contact IR",
    "link": "https://ir.tevapharm.com/investor-resources/contact-ir/default.aspx",
    "timestamp": "unknown"
  },
  {
    "title": "RSS Feeds",
    "link": "https://ir.tevapharm.com/investor-resources/rss-feeds/default.aspx",
    "timestamp": "unknown"
  },
  {
    "title": "Epidemiology",
    "link": "https://ir.tevapharm.com/epidemiology-summary",
    "timestamp": "unknown"
  },
  {
    "title": "Clinical Trial Appendix",
    "link": "https://ir.tevapharm.com/clinical-trial",
    "timestamp": "unknown"
  },
  {
    "title": "HomeInvestors>Events and Presentations>Events & PresentationsEvents & PresentationsEvent CalendarEvent RSS Feed (opens in new window)Upcoming EventsAr",
    "link": "https://www.tevapharm.com/",
    "timestamp": "unknown"
  },
  {
    "title": "HomeInvestors>Events and Presentations>Events & PresentationsEvents & Presentations",
    "link": "https://www.tevapharm.com/",
    "timestamp": "unknown"
  },
  {
    "title": "HomeInvestors>Events and Presentations>Events & PresentationsEvents & Presentations",
    "link": "https://www.tevapharm.com/",
    "timestamp": "unknown"
  },
  {
    "title": "HomeInvestors>Events and Presentations>Events & Presentations",
    "link": "https://www.tevapharm.com/",
    "timestamp": "unknown"
  },
  {
    "title": "HomeInvestors>Events and Presentations>Events & Presentations",
    "link": "https://www.tevapharm.com/",
    "timestamp": "unknown"
  },
  {
    "title": "HomeInvestors>Events and Presentations>Events & Presentations",
    "link": "https://www.tevapharm.com/",
    "timestamp": "unknown"
  },
  {
    "title": "Event CalendarEvent RSS Feed (opens in new window)Upcoming EventsArchived EventsSelect Year:",
    "link": "https://ir.tevapharm.com/rss/event.aspx",
    "timestamp": "unknown"
  },
  {
    "title": "Event CalendarEvent RSS Feed (opens in new window)Upcoming EventsArchived EventsSelect Year:",
    "link": "https://ir.tevapharm.com/rss/event.aspx",
    "timestamp": "unknown"
  },
  {
    "title": "Event CalendarEvent RSS Feed (opens in new window)Upcoming Events",
    "link": "https://ir.tevapharm.com/rss/event.aspx",
    "timestamp": "unknown"
  },
  {
    "title": "Event CalendarEvent RSS Feed (opens in new window)Upcoming Events",
    "link": "https://ir.tevapharm.com/rss/event.aspx",
    "timestamp": "unknown"
  },
  {
    "title": "Event CalendarEvent RSS Feed (opens in new window)Upcoming Events",
    "link": "https://ir.tevapharm.com/rss/event.aspx",
    "timestamp": "unknown"
  },
  {
    "title": "Event CalendarEvent RSS Feed (opens in new window)Upcoming Events",
    "link": "https://ir.tevapharm.com/rss/event.aspx",
    "timestamp": "unknown"
  },
  {
    "title": "Event RSS Feed (opens in new window)Upcoming Events",
    "link": "https://ir.tevapharm.com/rss/event.aspx",
    "timestamp": "unknown"
  },
  {
    "title": "Event RSS Feed (opens in new window)Upcoming Events",
    "link": "https://ir.tevapharm.com/rss/event.aspx",
    "timestamp": "unknown"
  },
  {
    "title": "Event RSS Feed (opens in new window)",
    "link": "https://ir.tevapharm.com/rss/event.aspx",
    "timestamp": "unknown"
  },
  {
    "title": "Quick linksQuarterly ResultsEvents and PresentationsShareholder MeetingsESGDebt SecuritiesSEC FilingsInvestor FAQEmail alertsTo opt-in for investor em",
    "link": "https://ir.tevapharm.com/financials/quarterly-results/default.aspx",
    "timestamp": "unknown"
  },
  {
    "title": "Quick linksQuarterly ResultsEvents and PresentationsShareholder MeetingsESGDebt SecuritiesSEC FilingsInvestor FAQEmail alertsTo opt-in for investor em",
    "link": "https://ir.tevapharm.com/financials/quarterly-results/default.aspx",
    "timestamp": "unknown"
  },
  {
    "title": "Quick linksQuarterly ResultsEvents and PresentationsShareholder MeetingsESGDebt SecuritiesSEC FilingsInvestor FAQ",
    "link": "https://ir.tevapharm.com/financials/quarterly-results/default.aspx",
    "timestamp": "unknown"
  },
  {
    "title": "Quick linksQuarterly ResultsEvents and PresentationsShareholder MeetingsESGDebt SecuritiesSEC FilingsInvestor FAQ",
    "link": "https://ir.tevapharm.com/financials/quarterly-results/default.aspx",
    "timestamp": "unknown"
  },
  {
    "title": "Quarterly ResultsEvents and PresentationsShareholder MeetingsESGDebt SecuritiesSEC FilingsInvestor FAQ",
    "link": "https://ir.tevapharm.com/financials/quarterly-results/default.aspx",
    "timestamp": "unknown"
  },
  {
    "title": "Quarterly Results",
    "link": "https://ir.tevapharm.com/financials/quarterly-results/default.aspx",
    "timestamp": "unknown"
  },
  {
    "title": "Events and Presentations",
    "link": "https://ir.tevapharm.com/Events-and-Presentations/events-and-presentations/default.aspx",
    "timestamp": "unknown"
  },
  {
    "title": "Shareholder Meetings",
    "link": "https://ir.tevapharm.com/stock-info/shareholder-meetings/default.aspx",
    "timestamp": "unknown"
  },
  {
    "title": "ESG",
    "link": "https://www.tevapharm.com/our-impact/",
    "timestamp": "unknown"
  },
  {
    "title": "Debt Securities",
    "link": "https://ir.tevapharm.com/financials/debt-information/default.aspx",
    "timestamp": "unknown"
  },
  {
    "title": "SEC Filings",
    "link": "https://ir.tevapharm.com/financials/sec-filings/default.aspx",
    "timestamp": "unknown"
  },
  {
    "title": "Investor FAQ",
    "link": "https://ir.tevapharm.com/investor-resources/investor-faqs/default.aspx",
    "timestamp": "unknown"
  },
  {
    "title": "IR InquiriesIR ContactsInteractive Financial Reports",
    "link": "mailto:tevair@tevapharm.com",
    "timestamp": "unknown"
  },
  {
    "title": "IR InquiriesIR ContactsInteractive Financial Reports",
    "link": "mailto:tevair@tevapharm.com",
    "timestamp": "unknown"
  },
  {
    "title": "IR InquiriesIR ContactsInteractive Financial Reports",
    "link": "mailto:tevair@tevapharm.com",
    "timestamp": "unknown"
  },
  {
    "title": "At Teva, we strive to deliver quality medicines to patients around the world with integrity and ethical business practices. What we do is important, b",
    "link": "https://s24.q4cdn.com//files/doc_footer/teva_codeofconduct_12feb2019_final.pdf",
    "timestamp": "unknown"
  },
  {
    "title": "At Teva, we strive to deliver quality medicines to patients around the world with integrity and ethical business practices. What we do is important, b",
    "link": "https://s24.q4cdn.com//files/doc_footer/teva_codeofconduct_12feb2019_final.pdf",
    "timestamp": "unknown"
  },
  {
    "title": "At Teva, we strive to deliver quality medicines to patients around the world with integrity and ethical business practices. What we do is important, b",
    "link": "https://s24.q4cdn.com//files/doc_footer/teva_codeofconduct_12feb2019_final.pdf",
    "timestamp": "unknown"
  },
  {
    "title": "Teva Code of ConductTeva Code of ConductSupplier Code of ConductSupplier Code of ConductSocial Impact Positions and PoliciesSocial Impact Positions an",
    "link": "https://s24.q4cdn.com//files/doc_footer/teva_codeofconduct_12feb2019_final.pdf",
    "timestamp": "unknown"
  },
  {
    "title": "Teva Code of ConductTeva Code of Conduct",
    "link": "https://s24.q4cdn.com//files/doc_footer/teva_codeofconduct_12feb2019_final.pdf",
    "timestamp": "unknown"
  },
  {
    "title": "Teva Code of ConductTeva Code of Conduct",
    "link": "https://s24.q4cdn.com//files/doc_footer/teva_codeofconduct_12feb2019_final.pdf",
    "timestamp": "unknown"
  },
  {
    "title": "Teva Code of ConductTeva Code of Conduct",
    "link": "https://s24.q4cdn.com//files/doc_footer/teva_codeofconduct_12feb2019_final.pdf",
    "timestamp": "unknown"
  },
  {
    "title": "Teva Code of ConductTeva Code of Conduct",
    "link": "https://s24.q4cdn.com//files/doc_footer/teva_codeofconduct_12feb2019_final.pdf",
    "timestamp": "unknown"
  },
  {
    "title": "Supplier Code of ConductSupplier Code of Conduct",
    "link": "https://www.tevapharm.com/our-company/corporate-governance/supplier-code-of-conduct/",
    "timestamp": "unknown"
  },
  {
    "title": "Supplier Code of ConductSupplier Code of Conduct",
    "link": "https://www.tevapharm.com/our-company/corporate-governance/supplier-code-of-conduct/",
    "timestamp": "unknown"
  },
  {
    "title": "Supplier Code of ConductSupplier Code of Conduct",
    "link": "https://www.tevapharm.com/our-company/corporate-governance/supplier-code-of-conduct/",
    "timestamp": "unknown"
  },
  {
    "title": "Supplier Code of ConductSupplier Code of Conduct",
    "link": "https://www.tevapharm.com/our-company/corporate-governance/supplier-code-of-conduct/",
    "timestamp": "unknown"
  },
  {
    "title": "Social Impact Positions and PoliciesSocial Impact Positions and Policies",
    "link": "https://www.tevapharm.com/our-impact/transparency-and-accountability/",
    "timestamp": "unknown"
  },
  {
    "title": "Social Impact Positions and PoliciesSocial Impact Positions and Policies",
    "link": "https://www.tevapharm.com/our-impact/transparency-and-accountability/",
    "timestamp": "unknown"
  },
  {
    "title": "Social Impact Positions and PoliciesSocial Impact Positions and Policies",
    "link": "https://www.tevapharm.com/our-impact/transparency-and-accountability/",
    "timestamp": "unknown"
  },
  {
    "title": "Social Impact Positions and PoliciesSocial Impact Positions and Policies",
    "link": "https://www.tevapharm.com/our-impact/transparency-and-accountability/",
    "timestamp": "unknown"
  },
  {
    "title": "All Corporate Governance & Policy DocumentsAll Corporate Governance & Policy Documents",
    "link": "https://www.tevapharm.com/our-company/corporate-governance/corporate-governance-documents/",
    "timestamp": "unknown"
  },
  {
    "title": "All Corporate Governance & Policy DocumentsAll Corporate Governance & Policy Documents",
    "link": "https://www.tevapharm.com/our-company/corporate-governance/corporate-governance-documents/",
    "timestamp": "unknown"
  },
  {
    "title": "All Corporate Governance & Policy DocumentsAll Corporate Governance & Policy Documents",
    "link": "https://www.tevapharm.com/our-company/corporate-governance/corporate-governance-documents/",
    "timestamp": "unknown"
  },
  {
    "title": "All Corporate Governance & Policy DocumentsAll Corporate Governance & Policy Documents",
    "link": "https://www.tevapharm.com/our-company/corporate-governance/corporate-governance-documents/",
    "timestamp": "unknown"
  },
  {
    "title": "Contact UsTerms of Use",
    "link": "https://www.tevapharm.com/contact-us/",
    "timestamp": "unknown"
  },
  {
    "title": "Contact UsTerms of Use",
    "link": "https://www.tevapharm.com/contact-us/",
    "timestamp": "unknown"
  },
  {
    "title": "Contact Us",
    "link": "https://www.tevapharm.com/contact-us/",
    "timestamp": "unknown"
  },
  {
    "title": "Terms of Use",
    "link": "https://www.tevapharm.com/our-company/corporate-governance/legal-notes/",
    "timestamp": "unknown"
  },
  {
    "title": "Data Privacy",
    "link": "https://www.tevapharm.com/our-company/corporate-governance/data-privacy/",
    "timestamp": "unknown"
  },
  {
    "title": "PhV privacy Notice",
    "link": "https://s24.q4cdn.com//files/doc_downloads/Teva_Pharmacovigilance_Privacy_\u05b9Policy2018.pdf",
    "timestamp": "unknown"
  },
  {
    "title": "Teva apiSocial Media Guidelines",
    "link": "https://www.teva-api.com/?utm_source=tevapharma&utm_medium=footer",
    "timestamp": "unknown"
  },
  {
    "title": "Teva apiSocial Media Guidelines",
    "link": "https://www.teva-api.com/?utm_source=tevapharma&utm_medium=footer",
    "timestamp": "unknown"
  },
  {
    "title": "Teva api",
    "link": "https://www.teva-api.com/?utm_source=tevapharma&utm_medium=footer",
    "timestamp": "unknown"
  },
  {
    "title": "Social Media Guidelines",
    "link": "https://www.tevapharm.com/news-and-media/teva-social-media-guidelines/",
    "timestamp": "unknown"
  },
  {
    "title": "Follow usFacebookLinkedin",
    "link": "https://www.facebook.com/tevapharm",
    "timestamp": "unknown"
  },
  {
    "title": "Follow usFacebookLinkedin",
    "link": "https://www.facebook.com/tevapharm",
    "timestamp": "unknown"
  },
  {
    "title": "Facebook",
    "link": "https://www.facebook.com/tevapharm",
    "timestamp": "unknown"
  },
  {
    "title": "Linkedin",
    "link": "https://www.linkedin.com/company/teva-pharmaceuticals/",
    "timestamp": "unknown"
  },
  {
    "title": "Powered By Q4 Inc....(opens in new window)",
    "link": "https://www.q4inc.com/Powered-by-Q4/",
    "timestamp": "unknown"
  },
  {
    "title": "Powered By Q4 Inc....(opens in new window)",
    "link": "https://www.q4inc.com/Powered-by-Q4/",
    "timestamp": "unknown"
  },
  {
    "title": "Powered By Q4 Inc....(opens in new window)",
    "link": "https://www.q4inc.com/Powered-by-Q4/",
    "timestamp": "unknown"
  }
]