[
  {
    "title": "CompanyAbout AuriniaManagement TeamBoard of DirectorsResponsibilityLUPKYNIS\u00aePatientsAurinia AllianceResourcesSciencePipelineLupus NephritisLUPKYNIS\u00aeAr",
    "link": "https://www.auriniapharma.com/",
    "timestamp": "unknown"
  },
  {
    "title": "CompanyAbout AuriniaManagement TeamBoard of DirectorsResponsibilityLUPKYNIS\u00aePatientsAurinia AllianceResourcesSciencePipelineLupus NephritisLUPKYNIS\u00aeAr",
    "link": "https://www.auriniapharma.com/",
    "timestamp": "unknown"
  },
  {
    "title": "CompanyAbout AuriniaManagement TeamBoard of DirectorsResponsibilityLUPKYNIS\u00aePatientsAurinia AllianceResourcesSciencePipelineLupus NephritisLUPKYNIS\u00aeAr",
    "link": "https://www.auriniapharma.com/company/about",
    "timestamp": "unknown"
  },
  {
    "title": "CompanyAbout AuriniaManagement TeamBoard of DirectorsResponsibility",
    "link": "https://www.auriniapharma.com/company/about",
    "timestamp": "unknown"
  },
  {
    "title": "PatientsAurinia AllianceResources",
    "link": "https://www.auriniaalliance.com/",
    "timestamp": "unknown"
  },
  {
    "title": "SciencePipelineLupus NephritisLUPKYNIS\u00aeAritinerceptScientific Publications",
    "link": "https://www.auriniapharma.com/science/pipeline",
    "timestamp": "unknown"
  },
  {
    "title": "InvestorsCareersContact",
    "link": "https://www.auriniapharma.com/investors",
    "timestamp": "unknown"
  },
  {
    "title": "Corporate OverviewAurinia Pharmaceuticals Inc. is a biopharmaceutical company focused on delivering therapies to people living with autoimmune disease",
    "link": "https://cdn.prod.website-files.com/682c6d61ab20a1eae95adbc6/688ab90c5fef1889e2eefac5_Aurinia%20Corporate%20Presentation%20July%.pdf",
    "timestamp": "unknown"
  },
  {
    "title": "Corporate OverviewAurinia Pharmaceuticals Inc. is a biopharmaceutical company focused on delivering therapies to people living with autoimmune disease",
    "link": "https://cdn.prod.website-files.com/682c6d61ab20a1eae95adbc6/688ab90c5fef1889e2eefac5_Aurinia%20Corporate%20Presentation%20July%.pdf",
    "timestamp": "unknown"
  },
  {
    "title": "Corporate OverviewAurinia Pharmaceuticals Inc. is a biopharmaceutical company focused on delivering therapies to people living with autoimmune disease",
    "link": "https://cdn.prod.website-files.com/682c6d61ab20a1eae95adbc6/688ab90c5fef1889e2eefac5_Aurinia%20Corporate%20Presentation%20July%.pdf",
    "timestamp": "unknown"
  },
  {
    "title": "Corporate OverviewAurinia Pharmaceuticals Inc. is a biopharmaceutical company focused on delivering therapies to people living with autoimmune disease",
    "link": "https://cdn.prod.website-files.com/682c6d61ab20a1eae95adbc6/688ab90c5fef1889e2eefac5_Aurinia%20Corporate%20Presentation%20July%.pdf",
    "timestamp": "unknown"
  },
  {
    "title": "Corporate OverviewAurinia Pharmaceuticals Inc. is a biopharmaceutical company focused on delivering therapies to people living with autoimmune disease",
    "link": "https://cdn.prod.website-files.com/682c6d61ab20a1eae95adbc6/688ab90c5fef1889e2eefac5_Aurinia%20Corporate%20Presentation%20July%.pdf",
    "timestamp": "unknown"
  },
  {
    "title": "Corporate OverviewAurinia Pharmaceuticals Inc. is a biopharmaceutical company focused on delivering therapies to people living with autoimmune disease",
    "link": "https://cdn.prod.website-files.com/682c6d61ab20a1eae95adbc6/688ab90c5fef1889e2eefac5_Aurinia%20Corporate%20Presentation%20July%.pdf",
    "timestamp": "unknown"
  },
  {
    "title": "Download Corporate Presentation",
    "link": "https://cdn.prod.website-files.com/682c6d61ab20a1eae95adbc6/688ab90c5fef1889e2eefac5_Aurinia%20Corporate%20Presentation%20July%.pdf",
    "timestamp": "unknown"
  },
  {
    "title": "Past EventsSelect YearSelect YearSelect OptionResetThank you! Your submission has been received!Oops! Something went wrong while submitting the form.J",
    "link": "https://www.auriniapharma.com/investors",
    "timestamp": "unknown"
  },
  {
    "title": "Past EventsSelect YearSelect YearSelect OptionResetThank you! Your submission has been received!Oops! Something went wrong while submitting the form.J",
    "link": "https://www.auriniapharma.com/investors",
    "timestamp": "unknown"
  },
  {
    "title": "Past EventsSelect YearSelect YearSelect OptionResetThank you! Your submission has been received!Oops! Something went wrong while submitting the form.J",
    "link": "https://www.auriniapharma.com/investors",
    "timestamp": "unknown"
  },
  {
    "title": "Select YearSelect YearSelect OptionResetThank you! Your submission has been received!Oops! Something went wrong while submitting the form.Jul-Jul ,Jul",
    "link": "https://www.auriniapharma.com/investors",
    "timestamp": "unknown"
  },
  {
    "title": "Select YearSelect YearSelect OptionResetThank you! Your submission has been received!Oops! Something went wrong while submitting the form.Jul-Jul ,Jul",
    "link": "https://www.auriniapharma.com/investors",
    "timestamp": "unknown"
  },
  {
    "title": "Select YearSelect YearSelect OptionResetThank you! Your submission has been received!Oops! Something went wrong while submitting the form.",
    "link": "https://www.auriniapharma.com/investors",
    "timestamp": "unknown"
  },
  {
    "title": "Select YearSelect YearSelect OptionResetThank you! Your submission has been received!Oops! Something went wrong while submitting the form.",
    "link": "https://www.auriniapharma.com/investors",
    "timestamp": "unknown"
  },
  {
    "title": "Select YearSelect YearSelect OptionReset",
    "link": "https://www.auriniapharma.com/investors",
    "timestamp": "unknown"
  },
  {
    "title": "Jul-Jul ,Jul ,EDTSecond Quarter  Financial Results Conference CallPress Release-QWebcastPresentationFinancials and MDA - IFRSFinancials - US GAAPFinan",
    "link": "https://www.auriniapharma.com/press-releases/aurinia-pharmaceuticals-reports-financial-results-for-the-three-and-six-months-ended-june--",
    "timestamp": "unknown"
  },
  {
    "title": "Jul-Jul ,Jul ,EDTSecond Quarter  Financial Results Conference CallPress Release-QWebcastPresentationFinancials and MDA - IFRSFinancials - US GAAPFinan",
    "link": "https://www.auriniapharma.com/press-releases/aurinia-pharmaceuticals-reports-financial-results-for-the-three-and-six-months-ended-june--",
    "timestamp": "unknown"
  },
  {
    "title": "Jul-Jul ,Jul ,EDTSecond Quarter  Financial Results Conference CallPress Release-QWebcastPresentationFinancials and MDA - IFRSFinancials - US GAAPFinan",
    "link": "https://www.auriniapharma.com/press-releases/aurinia-pharmaceuticals-reports-financial-results-for-the-three-and-six-months-ended-june--",
    "timestamp": "unknown"
  },
  {
    "title": "Second Quarter  Financial Results Conference CallPress Release-QWebcastPresentationFinancials and MDA - IFRSFinancials - US GAAPFinancials and MDA",
    "link": "https://www.auriniapharma.com/press-releases/aurinia-pharmaceuticals-reports-financial-results-for-the-three-and-six-months-ended-june--",
    "timestamp": "unknown"
  },
  {
    "title": "Press Release-QWebcastPresentationFinancials and MDA - IFRSFinancials - US GAAPFinancials and MDA",
    "link": "https://www.auriniapharma.com/press-releases/aurinia-pharmaceuticals-reports-financial-results-for-the-three-and-six-months-ended-june--",
    "timestamp": "unknown"
  },
  {
    "title": "Jun-Jun ,Jun ,EDTConference Call to Discuss Positive Results from Phase  Study of Aritinercept (AUR200)Press ReleaseWebcastPresentationFinancials and ",
    "link": "https://www.auriniapharma.com/press-releases/aurinia-announces-positive-results-from-phase--study-of-aritinercept-aur200",
    "timestamp": "unknown"
  },
  {
    "title": "Conference Call to Discuss Positive Results from Phase  Study of Aritinercept (AUR200)Press ReleaseWebcastPresentationFinancials and MDA - IFRSFinanci",
    "link": "https://www.auriniapharma.com/press-releases/aurinia-announces-positive-results-from-phase--study-of-aritinercept-aur200",
    "timestamp": "unknown"
  },
  {
    "title": "Press ReleaseWebcastPresentationFinancials and MDA - IFRSFinancials - US GAAPFinancials and MDA",
    "link": "https://www.auriniapharma.com/press-releases/aurinia-announces-positive-results-from-phase--study-of-aritinercept-aur200",
    "timestamp": "unknown"
  },
  {
    "title": "May-May ,May ,LUPUS , the 16th International Congress on SLEPress ReleaseWebcastPresentationFinancials and MDA - IFRSFinancials - US GAAPFinancials an",
    "link": "https://www.auriniapharma.com/press-releases/new-aurora--analysis-lupkynis-based-triple-immunosuppressive-therapy-yields-deep-proteinuria-reduction-in-lupus-nephritis",
    "timestamp": "unknown"
  },
  {
    "title": "LUPUS , the 16th International Congress on SLEPress ReleaseWebcastPresentationFinancials and MDA - IFRSFinancials - US GAAPFinancials and MDA",
    "link": "https://www.auriniapharma.com/press-releases/new-aurora--analysis-lupkynis-based-triple-immunosuppressive-therapy-yields-deep-proteinuria-reduction-in-lupus-nephritis",
    "timestamp": "unknown"
  },
  {
    "title": "Press ReleaseWebcastPresentationFinancials and MDA - IFRSFinancials - US GAAPFinancials and MDA",
    "link": "https://www.auriniapharma.com/press-releases/new-aurora--analysis-lupkynis-based-triple-immunosuppressive-therapy-yields-deep-proteinuria-reduction-in-lupus-nephritis",
    "timestamp": "unknown"
  },
  {
    "title": "May-May ,May ,EDTAnnual General MeetingPress ReleaseWebcastPresentationFinancials and MDA - IFRSFinancials - US GAAPFinancials and MDA",
    "link": "https://www.auriniapharma.com/press-releases/iss-recommends-that-aurinia-shareholders-vote-for-all-proposals-at--annual-general-meeting",
    "timestamp": "unknown"
  },
  {
    "title": "Annual General MeetingPress ReleaseWebcastPresentationFinancials and MDA - IFRSFinancials - US GAAPFinancials and MDA",
    "link": "https://www.auriniapharma.com/press-releases/iss-recommends-that-aurinia-shareholders-vote-for-all-proposals-at--annual-general-meeting",
    "timestamp": "unknown"
  },
  {
    "title": "Press ReleaseWebcastPresentationFinancials and MDA - IFRSFinancials - US GAAPFinancials and MDA",
    "link": "https://www.auriniapharma.com/press-releases/iss-recommends-that-aurinia-shareholders-vote-for-all-proposals-at--annual-general-meeting",
    "timestamp": "unknown"
  },
  {
    "title": "May-May ,May ,EDTFirst Quarter  Financial Results Conference CallPress Release-QWebcastPresentationFinancials and MDA - IFRSFinancials - US GAAPFinanc",
    "link": "https://www.auriniapharma.com/investors",
    "timestamp": "unknown"
  },
  {
    "title": "First Quarter  Financial Results Conference CallPress Release-QWebcastPresentationFinancials and MDA - IFRSFinancials - US GAAPFinancials and MDA",
    "link": "https://www.auriniapharma.com/investors",
    "timestamp": "unknown"
  },
  {
    "title": "Press Release-QWebcastPresentationFinancials and MDA - IFRSFinancials - US GAAPFinancials and MDA",
    "link": "https://www.auriniapharma.com/investors",
    "timestamp": "unknown"
  },
  {
    "title": "Load more/",
    "link": "https://www.auriniapharma.com/investors?96c0bb15_page=",
    "timestamp": "unknown"
  },
  {
    "title": "SEC FilingsSelect YearSelect YearSelect OptionResetForm TypesForm TypesAnnual FilingsQuarterly FilingsCurrent ReportsProxy FilingsSection  FilingsOthe",
    "link": "https://www.auriniapharma.com/investors",
    "timestamp": "unknown"
  },
  {
    "title": "SEC FilingsSelect YearSelect YearSelect OptionResetForm TypesForm TypesAnnual FilingsQuarterly FilingsCurrent ReportsProxy FilingsSection  FilingsOthe",
    "link": "https://www.auriniapharma.com/investors",
    "timestamp": "unknown"
  },
  {
    "title": "SEC FilingsSelect YearSelect YearSelect OptionResetForm TypesForm TypesAnnual FilingsQuarterly FilingsCurrent ReportsProxy FilingsSection  FilingsOthe",
    "link": "https://www.auriniapharma.com/investors",
    "timestamp": "unknown"
  },
  {
    "title": "SEC FilingsSelect YearSelect YearSelect OptionResetForm TypesForm TypesAnnual FilingsQuarterly FilingsCurrent ReportsProxy FilingsSection  FilingsOthe",
    "link": "https://www.auriniapharma.com/investors",
    "timestamp": "unknown"
  },
  {
    "title": "Select YearSelect YearSelect OptionResetForm TypesForm TypesAnnual FilingsQuarterly FilingsCurrent ReportsProxy FilingsSection  FilingsOtherSelect Opt",
    "link": "https://www.auriniapharma.com/investors",
    "timestamp": "unknown"
  },
  {
    "title": "Select YearSelect YearSelect OptionResetForm TypesForm TypesAnnual FilingsQuarterly FilingsCurrent ReportsProxy FilingsSection  FilingsOtherSelect Opt",
    "link": "https://www.auriniapharma.com/investors",
    "timestamp": "unknown"
  },
  {
    "title": "Select YearSelect YearSelect OptionResetForm TypesForm TypesAnnual FilingsQuarterly FilingsCurrent ReportsProxy FilingsSection  FilingsOtherSelect Opt",
    "link": "https://www.auriniapharma.com/investors",
    "timestamp": "unknown"
  },
  {
    "title": "Select YearSelect YearSelect OptionReset",
    "link": "https://www.auriniapharma.com/investors",
    "timestamp": "unknown"
  },
  {
    "title": "Form TypesForm TypesAnnual FilingsQuarterly FilingsCurrent ReportsProxy FilingsSection  FilingsOtherSelect OptionReset",
    "link": "https://www.auriniapharma.com/investors",
    "timestamp": "unknown"
  },
  {
    "title": "DateAugust ,Filing TypeSCHEDULE 13D/ADescriptionGeneral Statement of Acquisition of Beneficial OwnershipSection  FilingsDownloadDateAugust ,Filing Typ",
    "link": "https://www.sec.gov/Archives/edgar/data///xslSCHEDULE_13D_X01/primary_doc.xml",
    "timestamp": "unknown"
  },
  {
    "title": "DateAugust ,Filing TypeSCHEDULE 13D/ADescriptionGeneral Statement of Acquisition of Beneficial OwnershipSection  FilingsDownloadDateAugust ,Filing Typ",
    "link": "https://www.sec.gov/Archives/edgar/data///xslSCHEDULE_13D_X01/primary_doc.xml",
    "timestamp": "unknown"
  },
  {
    "title": "DateAugust ,Filing TypeSCHEDULE 13D/ADescriptionGeneral Statement of Acquisition of Beneficial OwnershipSection  FilingsDownload",
    "link": "https://www.sec.gov/Archives/edgar/data///xslSCHEDULE_13D_X01/primary_doc.xml",
    "timestamp": "unknown"
  },
  {
    "title": "Filing TypeSCHEDULE 13D/A",
    "link": "https://www.sec.gov/Archives/edgar/data///xslSCHEDULE_13D_X01/primary_doc.xml",
    "timestamp": "unknown"
  },
  {
    "title": "Download",
    "link": "https://www.sec.gov/Archives/edgar/data///xslSCHEDULE_13D_X01/primary_doc.xml",
    "timestamp": "unknown"
  },
  {
    "title": "DateAugust ,Filing TypeDescriptionStatement of Changes in Beneficial OwnershipSection  FilingsDownload",
    "link": "https://www.sec.gov/Archives/edgar/data///xslF345X05/form4-08052025_090800.xml",
    "timestamp": "unknown"
  },
  {
    "title": "Filing Type",
    "link": "https://www.sec.gov/Archives/edgar/data///xslF345X05/form4-08052025_090800.xml",
    "timestamp": "unknown"
  },
  {
    "title": "Download",
    "link": "https://www.sec.gov/Archives/edgar/data///xslF345X05/form4-08052025_090800.xml",
    "timestamp": "unknown"
  },
  {
    "title": "DateAugust ,Filing TypeDescriptionStatement of Changes in Beneficial OwnershipSection  FilingsDownload",
    "link": "https://www.sec.gov/Archives/edgar/data///xslF345X05/wk-form4_1754424444.xml",
    "timestamp": "unknown"
  },
  {
    "title": "Filing Type",
    "link": "https://www.sec.gov/Archives/edgar/data///xslF345X05/wk-form4_1754424444.xml",
    "timestamp": "unknown"
  },
  {
    "title": "Download",
    "link": "https://www.sec.gov/Archives/edgar/data///xslF345X05/wk-form4_1754424444.xml",
    "timestamp": "unknown"
  },
  {
    "title": "DateJuly ,Filing Type-QDescriptionQuarterly ReportQuarterly FilingsDownload",
    "link": "https://www.sec.gov/Archives/edgar/data///auph-.htm",
    "timestamp": "unknown"
  },
  {
    "title": "Filing Type-Q",
    "link": "https://www.sec.gov/Archives/edgar/data///auph-.htm",
    "timestamp": "unknown"
  },
  {
    "title": "Download",
    "link": "https://www.sec.gov/Archives/edgar/data///auph-.htm",
    "timestamp": "unknown"
  },
  {
    "title": "DateJuly ,Filing Type-KDescriptionCurrent ReportCurrent ReportsDownload",
    "link": "https://www.sec.gov/Archives/edgar/data///auph-.htm",
    "timestamp": "unknown"
  },
  {
    "title": "Filing Type-K",
    "link": "https://www.sec.gov/Archives/edgar/data///auph-.htm",
    "timestamp": "unknown"
  },
  {
    "title": "Download",
    "link": "https://www.sec.gov/Archives/edgar/data///auph-.htm",
    "timestamp": "unknown"
  },
  {
    "title": "/Next",
    "link": "https://www.auriniapharma.com/investors?ba236fc9_page=",
    "timestamp": "unknown"
  },
  {
    "title": "GovernanceCommittee Charter DocumentsAudit Committee CharterDownloadCompensation Committee CharterDownloadCorporate Governance Committee CharterDownlo",
    "link": "https://cdn.prod.website-files.com/683d3c3a0697f0f743879b7e/683d9510f77f10ff982fd774_Audit-Committee-Charter.pdf",
    "timestamp": "unknown"
  },
  {
    "title": "GovernanceCommittee Charter DocumentsAudit Committee CharterDownloadCompensation Committee CharterDownloadCorporate Governance Committee CharterDownlo",
    "link": "https://cdn.prod.website-files.com/683d3c3a0697f0f743879b7e/683d9510f77f10ff982fd774_Audit-Committee-Charter.pdf",
    "timestamp": "unknown"
  },
  {
    "title": "GovernanceCommittee Charter DocumentsAudit Committee CharterDownloadCompensation Committee CharterDownloadCorporate Governance Committee CharterDownlo",
    "link": "https://cdn.prod.website-files.com/683d3c3a0697f0f743879b7e/683d9510f77f10ff982fd774_Audit-Committee-Charter.pdf",
    "timestamp": "unknown"
  },
  {
    "title": "Committee Charter DocumentsAudit Committee CharterDownloadCompensation Committee CharterDownloadCorporate Governance Committee CharterDownloadDisclosu",
    "link": "https://cdn.prod.website-files.com/683d3c3a0697f0f743879b7e/683d9510f77f10ff982fd774_Audit-Committee-Charter.pdf",
    "timestamp": "unknown"
  },
  {
    "title": "Committee Charter DocumentsAudit Committee CharterDownloadCompensation Committee CharterDownloadCorporate Governance Committee CharterDownloadDisclosu",
    "link": "https://cdn.prod.website-files.com/683d3c3a0697f0f743879b7e/683d9510f77f10ff982fd774_Audit-Committee-Charter.pdf",
    "timestamp": "unknown"
  },
  {
    "title": "Audit Committee CharterDownloadCompensation Committee CharterDownloadCorporate Governance Committee CharterDownloadDisclosure Committee CharterDownloa",
    "link": "https://cdn.prod.website-files.com/683d3c3a0697f0f743879b7e/683d9510f77f10ff982fd774_Audit-Committee-Charter.pdf",
    "timestamp": "unknown"
  },
  {
    "title": "Audit Committee CharterDownloadCompensation Committee CharterDownloadCorporate Governance Committee CharterDownloadDisclosure Committee CharterDownloa",
    "link": "https://cdn.prod.website-files.com/683d3c3a0697f0f743879b7e/683d9510f77f10ff982fd774_Audit-Committee-Charter.pdf",
    "timestamp": "unknown"
  },
  {
    "title": "Audit Committee CharterDownloadCompensation Committee CharterDownloadCorporate Governance Committee CharterDownloadDisclosure Committee CharterDownloa",
    "link": "https://cdn.prod.website-files.com/683d3c3a0697f0f743879b7e/683d9510f77f10ff982fd774_Audit-Committee-Charter.pdf",
    "timestamp": "unknown"
  },
  {
    "title": "Audit Committee CharterDownloadCompensation Committee CharterDownloadCorporate Governance Committee CharterDownloadDisclosure Committee CharterDownloa",
    "link": "https://cdn.prod.website-files.com/683d3c3a0697f0f743879b7e/683d9510f77f10ff982fd774_Audit-Committee-Charter.pdf",
    "timestamp": "unknown"
  },
  {
    "title": "Audit Committee CharterDownload",
    "link": "https://cdn.prod.website-files.com/683d3c3a0697f0f743879b7e/683d9510f77f10ff982fd774_Audit-Committee-Charter.pdf",
    "timestamp": "unknown"
  },
  {
    "title": "Audit Committee Charter",
    "link": "https://cdn.prod.website-files.com/683d3c3a0697f0f743879b7e/683d9510f77f10ff982fd774_Audit-Committee-Charter.pdf",
    "timestamp": "unknown"
  },
  {
    "title": "Download",
    "link": "https://cdn.prod.website-files.com/683d3c3a0697f0f743879b7e/683d9510f77f10ff982fd774_Audit-Committee-Charter.pdf",
    "timestamp": "unknown"
  },
  {
    "title": "Compensation Committee CharterDownload",
    "link": "https://cdn.prod.website-files.com/683d3c3a0697f0f743879b7e/683d9579c732b30b7cbd2b1b_Compensation%20Committee%20Charter.pdf",
    "timestamp": "unknown"
  },
  {
    "title": "Compensation Committee Charter",
    "link": "https://cdn.prod.website-files.com/683d3c3a0697f0f743879b7e/683d9579c732b30b7cbd2b1b_Compensation%20Committee%20Charter.pdf",
    "timestamp": "unknown"
  },
  {
    "title": "Download",
    "link": "https://cdn.prod.website-files.com/683d3c3a0697f0f743879b7e/683d9579c732b30b7cbd2b1b_Compensation%20Committee%20Charter.pdf",
    "timestamp": "unknown"
  },
  {
    "title": "Corporate Governance Committee CharterDownload",
    "link": "https://cdn.prod.website-files.com/683d3c3a0697f0f743879b7e/683e1d31436503dd01c19c8d_Nomination%%20Governance%20Committee%20Charter.pdf",
    "timestamp": "unknown"
  },
  {
    "title": "Corporate Governance Committee Charter",
    "link": "https://cdn.prod.website-files.com/683d3c3a0697f0f743879b7e/683e1d31436503dd01c19c8d_Nomination%%20Governance%20Committee%20Charter.pdf",
    "timestamp": "unknown"
  },
  {
    "title": "Download",
    "link": "https://cdn.prod.website-files.com/683d3c3a0697f0f743879b7e/683e1d31436503dd01c19c8d_Nomination%%20Governance%20Committee%20Charter.pdf",
    "timestamp": "unknown"
  },
  {
    "title": "Disclosure Committee CharterDownload",
    "link": "https://cdn.prod.website-files.com/683d3c3a0697f0f743879b7e/683e1e664e3c0926e51858b0_Disclosure%20Committee%20Charter.pdf",
    "timestamp": "unknown"
  },
  {
    "title": "Disclosure Committee Charter",
    "link": "https://cdn.prod.website-files.com/683d3c3a0697f0f743879b7e/683e1e664e3c0926e51858b0_Disclosure%20Committee%20Charter.pdf",
    "timestamp": "unknown"
  },
  {
    "title": "Download",
    "link": "https://cdn.prod.website-files.com/683d3c3a0697f0f743879b7e/683e1e664e3c0926e51858b0_Disclosure%20Committee%20Charter.pdf",
    "timestamp": "unknown"
  },
  {
    "title": "Governance DocumentsAnti-Fraud PolicyDownloadArticlesDownloadCertificate and Articles of AmendmentDownloadCertificate of AmalgamationDownloadCode of E",
    "link": "https://cdn.prod.website-files.com/683d3c3a0697f0f743879b7e/683d94bb77d0e52431344a83_Anti-Fraud%20Policy.pdf",
    "timestamp": "unknown"
  },
  {
    "title": "Anti-Fraud PolicyDownloadArticlesDownloadCertificate and Articles of AmendmentDownloadCertificate of AmalgamationDownloadCode of Ethics and ConductDow",
    "link": "https://cdn.prod.website-files.com/683d3c3a0697f0f743879b7e/683d94bb77d0e52431344a83_Anti-Fraud%20Policy.pdf",
    "timestamp": "unknown"
  },
  {
    "title": "Anti-Fraud PolicyDownloadArticlesDownloadCertificate and Articles of AmendmentDownloadCertificate of AmalgamationDownloadCode of Ethics and ConductDow",
    "link": "https://cdn.prod.website-files.com/683d3c3a0697f0f743879b7e/683d94bb77d0e52431344a83_Anti-Fraud%20Policy.pdf",
    "timestamp": "unknown"
  },
  {
    "title": "Anti-Fraud PolicyDownloadArticlesDownloadCertificate and Articles of AmendmentDownloadCertificate of AmalgamationDownloadCode of Ethics and ConductDow",
    "link": "https://cdn.prod.website-files.com/683d3c3a0697f0f743879b7e/683d94bb77d0e52431344a83_Anti-Fraud%20Policy.pdf",
    "timestamp": "unknown"
  },
  {
    "title": "Anti-Fraud PolicyDownloadArticlesDownloadCertificate and Articles of AmendmentDownloadCertificate of AmalgamationDownloadCode of Ethics and ConductDow",
    "link": "https://cdn.prod.website-files.com/683d3c3a0697f0f743879b7e/683d94bb77d0e52431344a83_Anti-Fraud%20Policy.pdf",
    "timestamp": "unknown"
  },
  {
    "title": "Anti-Fraud PolicyDownload",
    "link": "https://cdn.prod.website-files.com/683d3c3a0697f0f743879b7e/683d94bb77d0e52431344a83_Anti-Fraud%20Policy.pdf",
    "timestamp": "unknown"
  },
  {
    "title": "Anti-Fraud Policy",
    "link": "https://cdn.prod.website-files.com/683d3c3a0697f0f743879b7e/683d94bb77d0e52431344a83_Anti-Fraud%20Policy.pdf",
    "timestamp": "unknown"
  },
  {
    "title": "Download",
    "link": "https://cdn.prod.website-files.com/683d3c3a0697f0f743879b7e/683d94bb77d0e52431344a83_Anti-Fraud%20Policy.pdf",
    "timestamp": "unknown"
  },
  {
    "title": "ArticlesDownload",
    "link": "https://cdn.prod.website-files.com/683d3c3a0697f0f743879b7e/683e20402dddbab4030b5aa8_aurinia-articles.pdf",
    "timestamp": "unknown"
  },
  {
    "title": "Articles",
    "link": "https://cdn.prod.website-files.com/683d3c3a0697f0f743879b7e/683e20402dddbab4030b5aa8_aurinia-articles.pdf",
    "timestamp": "unknown"
  },
  {
    "title": "Download",
    "link": "https://cdn.prod.website-files.com/683d3c3a0697f0f743879b7e/683e20402dddbab4030b5aa8_aurinia-articles.pdf",
    "timestamp": "unknown"
  },
  {
    "title": "Certificate and Articles of AmendmentDownload",
    "link": "https://cdn.prod.website-files.com/683d3c3a0697f0f743879b7e/683e214f743719045e465365_certificate-and-articles-of-amendment.pdf",
    "timestamp": "unknown"
  },
  {
    "title": "Certificate and Articles of Amendment",
    "link": "https://cdn.prod.website-files.com/683d3c3a0697f0f743879b7e/683e214f743719045e465365_certificate-and-articles-of-amendment.pdf",
    "timestamp": "unknown"
  },
  {
    "title": "Download",
    "link": "https://cdn.prod.website-files.com/683d3c3a0697f0f743879b7e/683e214f743719045e465365_certificate-and-articles-of-amendment.pdf",
    "timestamp": "unknown"
  },
  {
    "title": "Certificate of AmalgamationDownload",
    "link": "https://cdn.prod.website-files.com/683d3c3a0697f0f743879b7e/683e216c743719045e466465_certificate-of-amalgamation.pdf",
    "timestamp": "unknown"
  },
  {
    "title": "Certificate of Amalgamation",
    "link": "https://cdn.prod.website-files.com/683d3c3a0697f0f743879b7e/683e216c743719045e466465_certificate-of-amalgamation.pdf",
    "timestamp": "unknown"
  },
  {
    "title": "Download",
    "link": "https://cdn.prod.website-files.com/683d3c3a0697f0f743879b7e/683e216c743719045e466465_certificate-of-amalgamation.pdf",
    "timestamp": "unknown"
  },
  {
    "title": "Code of Ethics and ConductDownload",
    "link": "https://cdn.prod.website-files.com/683d3c3a0697f0f743879b7e/683d955dc70da6536c9ab69f_code-of-ethics-and-conduct.pdf",
    "timestamp": "unknown"
  },
  {
    "title": "Code of Ethics and Conduct",
    "link": "https://cdn.prod.website-files.com/683d3c3a0697f0f743879b7e/683d955dc70da6536c9ab69f_code-of-ethics-and-conduct.pdf",
    "timestamp": "unknown"
  },
  {
    "title": "Download",
    "link": "https://cdn.prod.website-files.com/683d3c3a0697f0f743879b7e/683d955dc70da6536c9ab69f_code-of-ethics-and-conduct.pdf",
    "timestamp": "unknown"
  },
  {
    "title": "Conformed By-Law No.Download",
    "link": "https://cdn.prod.website-files.com/683d3c3a0697f0f743879b7e/683e21918cd0d2350f25b321_conformed-by-law-no-.pdf",
    "timestamp": "unknown"
  },
  {
    "title": "Conformed By-Law No.",
    "link": "https://cdn.prod.website-files.com/683d3c3a0697f0f743879b7e/683e21918cd0d2350f25b321_conformed-by-law-no-.pdf",
    "timestamp": "unknown"
  },
  {
    "title": "Download",
    "link": "https://cdn.prod.website-files.com/683d3c3a0697f0f743879b7e/683e21918cd0d2350f25b321_conformed-by-law-no-.pdf",
    "timestamp": "unknown"
  },
  {
    "title": "Corporate Disclosure PolicyDownload",
    "link": "https://cdn.prod.website-files.com/683d3c3a0697f0f743879b7e/683e1d19d33bc36fc3007175_Corporate%20Disclosure%20Policy.pdf",
    "timestamp": "unknown"
  },
  {
    "title": "Corporate Disclosure Policy",
    "link": "https://cdn.prod.website-files.com/683d3c3a0697f0f743879b7e/683e1d19d33bc36fc3007175_Corporate%20Disclosure%20Policy.pdf",
    "timestamp": "unknown"
  },
  {
    "title": "Download",
    "link": "https://cdn.prod.website-files.com/683d3c3a0697f0f743879b7e/683e1d19d33bc36fc3007175_Corporate%20Disclosure%20Policy.pdf",
    "timestamp": "unknown"
  },
  {
    "title": "Forced Labour ReportDownload",
    "link": "https://cdn.prod.website-files.com/683d3c3a0697f0f743879b7e/683e1e9a0ce53b8f0c62bde9_2024-forced-and-child-labour-report.pdf",
    "timestamp": "unknown"
  },
  {
    "title": "Forced Labour Report",
    "link": "https://cdn.prod.website-files.com/683d3c3a0697f0f743879b7e/683e1e9a0ce53b8f0c62bde9_2024-forced-and-child-labour-report.pdf",
    "timestamp": "unknown"
  },
  {
    "title": "Download",
    "link": "https://cdn.prod.website-files.com/683d3c3a0697f0f743879b7e/683e1e9a0ce53b8f0c62bde9_2024-forced-and-child-labour-report.pdf",
    "timestamp": "unknown"
  },
  {
    "title": "Indemnity PolicyDownload",
    "link": "https://cdn.prod.website-files.com/683d3c3a0697f0f743879b7e/683e1eb2cd7a28570257022b_indemnity-policy.pdf",
    "timestamp": "unknown"
  },
  {
    "title": "Indemnity Policy",
    "link": "https://cdn.prod.website-files.com/683d3c3a0697f0f743879b7e/683e1eb2cd7a28570257022b_indemnity-policy.pdf",
    "timestamp": "unknown"
  },
  {
    "title": "Download",
    "link": "https://cdn.prod.website-files.com/683d3c3a0697f0f743879b7e/683e1eb2cd7a28570257022b_indemnity-policy.pdf",
    "timestamp": "unknown"
  },
  {
    "title": "Information for Vermont PrescribersDownload",
    "link": "https://cdn.prod.website-files.com/683d3c3a0697f0f743879b7e/68bb53081137924089324493_Vermont%20Prescribers%20Long-Form%(January%%2C%%20update).pdf",
    "timestamp": "unknown"
  },
  {
    "title": "Information for Vermont Prescribers",
    "link": "https://cdn.prod.website-files.com/683d3c3a0697f0f743879b7e/68bb53081137924089324493_Vermont%20Prescribers%20Long-Form%(January%%2C%%20update).pdf",
    "timestamp": "unknown"
  },
  {
    "title": "Download",
    "link": "https://cdn.prod.website-files.com/683d3c3a0697f0f743879b7e/68bb53081137924089324493_Vermont%20Prescribers%20Long-Form%(January%%2C%%20update).pdf",
    "timestamp": "unknown"
  },
  {
    "title": "Insider Trading PolicyDownload",
    "link": "https://cdn.prod.website-files.com/683d3c3a0697f0f743879b7e/683e1f76593d5c69d50a1f12_insider-trading-policy.pdf",
    "timestamp": "unknown"
  },
  {
    "title": "Insider Trading Policy",
    "link": "https://cdn.prod.website-files.com/683d3c3a0697f0f743879b7e/683e1f76593d5c69d50a1f12_insider-trading-policy.pdf",
    "timestamp": "unknown"
  },
  {
    "title": "Download",
    "link": "https://cdn.prod.website-files.com/683d3c3a0697f0f743879b7e/683e1f76593d5c69d50a1f12_insider-trading-policy.pdf",
    "timestamp": "unknown"
  },
  {
    "title": "Majority Voting PolicyDownload",
    "link": "https://cdn.prod.website-files.com/683d3c3a0697f0f743879b7e/683e1f8e1e9bde46d7d9a6cb_majority-voting-policy.pdf",
    "timestamp": "unknown"
  },
  {
    "title": "Majority Voting Policy",
    "link": "https://cdn.prod.website-files.com/683d3c3a0697f0f743879b7e/683e1f8e1e9bde46d7d9a6cb_majority-voting-policy.pdf",
    "timestamp": "unknown"
  },
  {
    "title": "Download",
    "link": "https://cdn.prod.website-files.com/683d3c3a0697f0f743879b7e/683e1f8e1e9bde46d7d9a6cb_majority-voting-policy.pdf",
    "timestamp": "unknown"
  },
  {
    "title": "Mandate of the Board of DirectorsDownload",
    "link": "https://cdn.prod.website-files.com/683d3c3a0697f0f743879b7e/683e1fab4e3c0926e518ef5e_mandate-of-the-board-of-directors.pdf",
    "timestamp": "unknown"
  },
  {
    "title": "Mandate of the Board of Directors",
    "link": "https://cdn.prod.website-files.com/683d3c3a0697f0f743879b7e/683e1fab4e3c0926e518ef5e_mandate-of-the-board-of-directors.pdf",
    "timestamp": "unknown"
  },
  {
    "title": "Download",
    "link": "https://cdn.prod.website-files.com/683d3c3a0697f0f743879b7e/683e1fab4e3c0926e518ef5e_mandate-of-the-board-of-directors.pdf",
    "timestamp": "unknown"
  },
  {
    "title": "Position Description - CFODownload",
    "link": "https://cdn.prod.website-files.com/683d3c3a0697f0f743879b7e/683e1fc717f2e92d8cbc8c87_position-description-cfo.pdf",
    "timestamp": "unknown"
  },
  {
    "title": "Position Description - CFO",
    "link": "https://cdn.prod.website-files.com/683d3c3a0697f0f743879b7e/683e1fc717f2e92d8cbc8c87_position-description-cfo.pdf",
    "timestamp": "unknown"
  },
  {
    "title": "Download",
    "link": "https://cdn.prod.website-files.com/683d3c3a0697f0f743879b7e/683e1fc717f2e92d8cbc8c87_position-description-cfo.pdf",
    "timestamp": "unknown"
  },
  {
    "title": "Position Description - President - CEODownload",
    "link": "https://cdn.prod.website-files.com/683d3c3a0697f0f743879b7e/683e1fe12b96cc6c345fc8f5_position-description-president-ceo.pdf",
    "timestamp": "unknown"
  },
  {
    "title": "Position Description - President - CEO",
    "link": "https://cdn.prod.website-files.com/683d3c3a0697f0f743879b7e/683e1fe12b96cc6c345fc8f5_position-description-president-ceo.pdf",
    "timestamp": "unknown"
  },
  {
    "title": "Download",
    "link": "https://cdn.prod.website-files.com/683d3c3a0697f0f743879b7e/683e1fe12b96cc6c345fc8f5_position-description-president-ceo.pdf",
    "timestamp": "unknown"
  },
  {
    "title": "Terms of Reference - ChairmanDownload",
    "link": "https://cdn.prod.website-files.com/683d3c3a0697f0f743879b7e/683e1ffa42407540e1f6e3ed_terms-of-reference-chairman.pdf",
    "timestamp": "unknown"
  },
  {
    "title": "Terms of Reference - Chairman",
    "link": "https://cdn.prod.website-files.com/683d3c3a0697f0f743879b7e/683e1ffa42407540e1f6e3ed_terms-of-reference-chairman.pdf",
    "timestamp": "unknown"
  },
  {
    "title": "Download",
    "link": "https://cdn.prod.website-files.com/683d3c3a0697f0f743879b7e/683e1ffa42407540e1f6e3ed_terms-of-reference-chairman.pdf",
    "timestamp": "unknown"
  },
  {
    "title": "Whistleblower PolicyDownload",
    "link": "https://cdn.prod.website-files.com/683d3c3a0697f0f743879b7e/683e201642407540e1f6ee5c_whistleblower-policy.pdf",
    "timestamp": "unknown"
  },
  {
    "title": "Whistleblower Policy",
    "link": "https://cdn.prod.website-files.com/683d3c3a0697f0f743879b7e/683e201642407540e1f6ee5c_whistleblower-policy.pdf",
    "timestamp": "unknown"
  },
  {
    "title": "Download",
    "link": "https://cdn.prod.website-files.com/683d3c3a0697f0f743879b7e/683e201642407540e1f6ee5c_whistleblower-policy.pdf",
    "timestamp": "unknown"
  },
  {
    "title": "IR ContactGeneral inquiries can be sent toir@auriniapharma.com",
    "link": "mailto:ir@auriniapharma.com",
    "timestamp": "unknown"
  },
  {
    "title": "IR ContactGeneral inquiries can be sent toir@auriniapharma.com",
    "link": "mailto:ir@auriniapharma.com",
    "timestamp": "unknown"
  },
  {
    "title": "IR ContactGeneral inquiries can be sent toir@auriniapharma.com",
    "link": "mailto:ir@auriniapharma.com",
    "timestamp": "unknown"
  },
  {
    "title": "IR ContactGeneral inquiries can be sent toir@auriniapharma.com",
    "link": "mailto:ir@auriniapharma.com",
    "timestamp": "unknown"
  },
  {
    "title": "General inquiries can be sent toir@auriniapharma.com",
    "link": "mailto:ir@auriniapharma.com",
    "timestamp": "unknown"
  },
  {
    "title": "Navigating away from AuriniaYou are about to leave the Aurinia Pharmaceuticals website. We are not responsible for the content or accuracy of informat",
    "link": "https://www.auriniapharma.com/investors",
    "timestamp": "unknown"
  },
  {
    "title": "Navigating away from AuriniaYou are about to leave the Aurinia Pharmaceuticals website. We are not responsible for the content or accuracy of informat",
    "link": "https://www.auriniapharma.com/investors",
    "timestamp": "unknown"
  },
  {
    "title": "Navigating away from AuriniaYou are about to leave the Aurinia Pharmaceuticals website. We are not responsible for the content or accuracy of informat",
    "link": "https://www.auriniapharma.com/investors",
    "timestamp": "unknown"
  },
  {
    "title": "Return to AuriniaContinue",
    "link": "https://www.auriniapharma.com/investors",
    "timestamp": "unknown"
  }
]