[
  {
    "title": "OverviewNewsEvents & PresentationsEventsPresentationsEvents & PresentationsFinancialsSEC FilingsAnnual ReportsStock InformationStock Quote & ChartInve",
    "link": "https://www.biogen.com/",
    "timestamp": "unknown"
  },
  {
    "title": "OverviewNewsEvents & PresentationsEventsPresentationsEvents & PresentationsFinancialsSEC FilingsAnnual ReportsStock InformationStock Quote & ChartInve",
    "link": "https://www.biogen.com/",
    "timestamp": "unknown"
  },
  {
    "title": "Overview",
    "link": "https://investors.biogen.com/",
    "timestamp": "unknown"
  },
  {
    "title": "News",
    "link": "https://investors.biogen.com/news/news-releases",
    "timestamp": "unknown"
  },
  {
    "title": "Events & PresentationsEventsPresentationsEvents & Presentations",
    "link": "https://investors.biogen.com/events-presentations/events",
    "timestamp": "unknown"
  },
  {
    "title": "EventsPresentationsEvents & Presentations",
    "link": "https://investors.biogen.com/events-presentations/events",
    "timestamp": "unknown"
  },
  {
    "title": "EventsPresentationsEvents & Presentations",
    "link": "https://investors.biogen.com/events-presentations/events",
    "timestamp": "unknown"
  },
  {
    "title": "EventsPresentationsEvents & Presentations",
    "link": "https://investors.biogen.com/events-presentations/events",
    "timestamp": "unknown"
  },
  {
    "title": "EventsPresentationsEvents & Presentations",
    "link": "https://investors.biogen.com/events-presentations/events",
    "timestamp": "unknown"
  },
  {
    "title": "Events",
    "link": "https://investors.biogen.com/events-presentations/events",
    "timestamp": "unknown"
  },
  {
    "title": "Presentations",
    "link": "https://investors.biogen.com/events-presentations/presentations",
    "timestamp": "unknown"
  },
  {
    "title": "FinancialsSEC FilingsAnnual Reports",
    "link": "https://investors.biogen.com/financials/sec-filings",
    "timestamp": "unknown"
  },
  {
    "title": "SEC FilingsAnnual Reports",
    "link": "https://investors.biogen.com/financials/sec-filings",
    "timestamp": "unknown"
  },
  {
    "title": "SEC FilingsAnnual Reports",
    "link": "https://investors.biogen.com/financials/sec-filings",
    "timestamp": "unknown"
  },
  {
    "title": "SEC FilingsAnnual Reports",
    "link": "https://investors.biogen.com/financials/sec-filings",
    "timestamp": "unknown"
  },
  {
    "title": "SEC FilingsAnnual Reports",
    "link": "https://investors.biogen.com/financials/sec-filings",
    "timestamp": "unknown"
  },
  {
    "title": "SEC Filings",
    "link": "https://investors.biogen.com/financials/sec-filings",
    "timestamp": "unknown"
  },
  {
    "title": "Annual Reports",
    "link": "https://investors.biogen.com/financials/annual-reports",
    "timestamp": "unknown"
  },
  {
    "title": "Stock InformationStock Quote & ChartInvestor FAQs",
    "link": "https://investors.biogen.com/stock-information/stock-chart",
    "timestamp": "unknown"
  },
  {
    "title": "Stock Quote & ChartInvestor FAQs",
    "link": "https://investors.biogen.com/stock-information/stock-chart",
    "timestamp": "unknown"
  },
  {
    "title": "Stock Quote & ChartInvestor FAQs",
    "link": "https://investors.biogen.com/stock-information/stock-chart",
    "timestamp": "unknown"
  },
  {
    "title": "Stock Quote & ChartInvestor FAQs",
    "link": "https://investors.biogen.com/stock-information/stock-chart",
    "timestamp": "unknown"
  },
  {
    "title": "Stock Quote & ChartInvestor FAQs",
    "link": "https://investors.biogen.com/stock-information/stock-chart",
    "timestamp": "unknown"
  },
  {
    "title": "Stock Quote & Chart",
    "link": "https://investors.biogen.com/stock-information/stock-chart",
    "timestamp": "unknown"
  },
  {
    "title": "Investor FAQs",
    "link": "https://investors.biogen.com/stock-information/investor-faqs",
    "timestamp": "unknown"
  },
  {
    "title": "Corporate GovernanceGovernance DocumentsCommittee CompositionLeadershipCode of Business ConductESG ReportCorporate ResponsibilityContact the Board",
    "link": "https://investors.biogen.com/governance/governance-documents",
    "timestamp": "unknown"
  },
  {
    "title": "Governance DocumentsCommittee CompositionLeadershipCode of Business ConductESG ReportCorporate ResponsibilityContact the Board",
    "link": "https://investors.biogen.com/governance/governance-documents",
    "timestamp": "unknown"
  },
  {
    "title": "Governance DocumentsCommittee CompositionLeadershipCode of Business ConductESG ReportCorporate ResponsibilityContact the Board",
    "link": "https://investors.biogen.com/governance/governance-documents",
    "timestamp": "unknown"
  },
  {
    "title": "Governance DocumentsCommittee CompositionLeadershipCode of Business ConductESG ReportCorporate ResponsibilityContact the Board",
    "link": "https://investors.biogen.com/governance/governance-documents",
    "timestamp": "unknown"
  },
  {
    "title": "Governance DocumentsCommittee CompositionLeadershipCode of Business ConductESG ReportCorporate ResponsibilityContact the Board",
    "link": "https://investors.biogen.com/governance/governance-documents",
    "timestamp": "unknown"
  },
  {
    "title": "Governance Documents",
    "link": "https://investors.biogen.com/governance/governance-documents",
    "timestamp": "unknown"
  },
  {
    "title": "Committee Composition",
    "link": "https://investors.biogen.com/governance/committee-composition",
    "timestamp": "unknown"
  },
  {
    "title": "Leadership",
    "link": "https://www.biogen.com/company/leadership.html?tag=leadership-team",
    "timestamp": "unknown"
  },
  {
    "title": "Code of Business Conduct",
    "link": "https://www.biogen.com/responsibility/reporting-and-principles/code-of-business-conduct.html",
    "timestamp": "unknown"
  },
  {
    "title": "ESG Report",
    "link": "https://www.biogen.com/responsibility/reporting-and-principles/esg-report.html",
    "timestamp": "unknown"
  },
  {
    "title": "Corporate Responsibility",
    "link": "https://www.biogen.com/responsibility.html",
    "timestamp": "unknown"
  },
  {
    "title": "Contact the Board",
    "link": "https://investors.biogen.com/governance/contact-the-board",
    "timestamp": "unknown"
  },
  {
    "title": "Sign UpInvestorsAmericasArgentinaBrazilCanada EN | FRColombiaMexicoUnited StatesUruguayAsia PacificAustraliaChinaJapanNew ZealandSouth KoreaTaiwanEuro",
    "link": "https://investors.biogen.com/sign-up-for-alerts",
    "timestamp": "unknown"
  },
  {
    "title": "Sign Up",
    "link": "https://investors.biogen.com/sign-up-for-alerts",
    "timestamp": "unknown"
  },
  {
    "title": "InvestorsAmericasArgentinaBrazilCanada EN | FRColombiaMexicoUnited StatesUruguayAsia PacificAustraliaChinaJapanNew ZealandSouth KoreaTaiwanEuropeAustr",
    "link": "https://investors.biogen.com/news/news-releases",
    "timestamp": "unknown"
  },
  {
    "title": "InvestorsAmericasArgentinaBrazilCanada EN | FRColombiaMexicoUnited StatesUruguayAsia PacificAustraliaChinaJapanNew ZealandSouth KoreaTaiwanEuropeAustr",
    "link": "https://investors.biogen.com/news/news-releases",
    "timestamp": "unknown"
  },
  {
    "title": "AmericasArgentinaBrazilCanada EN | FRColombiaMexicoUnited StatesUruguayAsia PacificAustraliaChinaJapanNew ZealandSouth KoreaTaiwanEuropeAustriaBelgium",
    "link": "https://ar.biogen.com/",
    "timestamp": "unknown"
  },
  {
    "title": "AmericasArgentinaBrazilCanada EN | FRColombiaMexicoUnited StatesUruguayAsia PacificAustraliaChinaJapanNew ZealandSouth KoreaTaiwanEuropeAustriaBelgium",
    "link": "https://ar.biogen.com/",
    "timestamp": "unknown"
  },
  {
    "title": "AmericasArgentinaBrazilCanada EN | FRColombiaMexicoUnited StatesUruguayAsia PacificAustraliaChinaJapanNew ZealandSouth KoreaTaiwanEuropeAustriaBelgium",
    "link": "https://ar.biogen.com/",
    "timestamp": "unknown"
  },
  {
    "title": "AmericasArgentinaBrazilCanada EN | FRColombiaMexicoUnited StatesUruguayAsia PacificAustraliaChinaJapanNew ZealandSouth KoreaTaiwanEuropeAustriaBelgium",
    "link": "https://ar.biogen.com/",
    "timestamp": "unknown"
  },
  {
    "title": "OverviewNewsEvents & PresentationsEventsPresentationsEvents & PresentationsFinancialsSEC FilingsAnnual ReportsStock InformationStock Quote & ChartInve",
    "link": "https://investors.biogen.com/news/news-releases",
    "timestamp": "unknown"
  },
  {
    "title": "Overview",
    "link": "https://investors.biogen.com/news/news-releases",
    "timestamp": "unknown"
  },
  {
    "title": "News",
    "link": "https://investors.biogen.com/news/news-releases",
    "timestamp": "unknown"
  },
  {
    "title": "Events & PresentationsEventsPresentationsEvents & Presentations",
    "link": "https://investors.biogen.com/news/news-releases",
    "timestamp": "unknown"
  },
  {
    "title": "EventsPresentationsEvents & Presentations",
    "link": "https://investors.biogen.com/events-presentations/events",
    "timestamp": "unknown"
  },
  {
    "title": "FinancialsSEC FilingsAnnual Reports",
    "link": "https://investors.biogen.com/news/news-releases",
    "timestamp": "unknown"
  },
  {
    "title": "SEC FilingsAnnual Reports",
    "link": "https://investors.biogen.com/financials/sec-filings",
    "timestamp": "unknown"
  },
  {
    "title": "Stock InformationStock Quote & ChartInvestor FAQs",
    "link": "https://investors.biogen.com/news/news-releases",
    "timestamp": "unknown"
  },
  {
    "title": "Stock Quote & ChartInvestor FAQs",
    "link": "https://investors.biogen.com/stock-information/stock-chart",
    "timestamp": "unknown"
  },
  {
    "title": "Corporate GovernanceGovernance DocumentsCommittee CompositionLeadershipCode of Business ConductESG ReportCorporate ResponsibilityContact the Board",
    "link": "https://investors.biogen.com/news/news-releases",
    "timestamp": "unknown"
  },
  {
    "title": "Governance DocumentsCommittee CompositionLeadershipCode of Business ConductESG ReportCorporate ResponsibilityContact the Board",
    "link": "https://investors.biogen.com/governance/governance-documents",
    "timestamp": "unknown"
  },
  {
    "title": "InvestorsAmericasArgentinaBrazilCanada EN | FRColombiaMexicoUnited StatesUruguayAsia PacificAustraliaChinaJapanNew ZealandSouth KoreaTaiwanEuropeAustr",
    "link": "https://investors.biogen.com/",
    "timestamp": "unknown"
  },
  {
    "title": "InvestorsAmericasArgentinaBrazilCanada EN | FRColombiaMexicoUnited StatesUruguayAsia PacificAustraliaChinaJapanNew ZealandSouth KoreaTaiwanEuropeAustr",
    "link": "https://investors.biogen.com/",
    "timestamp": "unknown"
  },
  {
    "title": "AmericasArgentinaBrazilCanada EN | FRColombiaMexicoUnited StatesUruguay",
    "link": "https://investors.biogen.com/news/news-releases",
    "timestamp": "unknown"
  },
  {
    "title": "Argentina",
    "link": "https://ar.biogen.com/",
    "timestamp": "unknown"
  },
  {
    "title": "Brazil",
    "link": "https://br.biogen.com/",
    "timestamp": "unknown"
  },
  {
    "title": "Canada EN | FR",
    "link": "https://www.biogen.ca/",
    "timestamp": "unknown"
  },
  {
    "title": "Colombia",
    "link": "https://www.biibcolombia.co/",
    "timestamp": "unknown"
  },
  {
    "title": "Mexico",
    "link": "https://www.biogen.com.mx/",
    "timestamp": "unknown"
  },
  {
    "title": "United States",
    "link": "https://www.biogen.com/",
    "timestamp": "unknown"
  },
  {
    "title": "Uruguay",
    "link": "https://www.biogen.uy/",
    "timestamp": "unknown"
  },
  {
    "title": "Asia PacificAustraliaChinaJapanNew ZealandSouth KoreaTaiwan",
    "link": "https://investors.biogen.com/news/news-releases",
    "timestamp": "unknown"
  },
  {
    "title": "Australia",
    "link": "https://www.biogen.com.au/",
    "timestamp": "unknown"
  },
  {
    "title": "China",
    "link": "https://www.biogen.cn/",
    "timestamp": "unknown"
  },
  {
    "title": "Japan",
    "link": "https://www.biogen.co.jp/",
    "timestamp": "unknown"
  },
  {
    "title": "New Zealand",
    "link": "https://www.biogen.co.nz/",
    "timestamp": "unknown"
  },
  {
    "title": "South Korea",
    "link": "https://kr.biogen.com/",
    "timestamp": "unknown"
  },
  {
    "title": "Taiwan",
    "link": "https://www.biogen.tw/",
    "timestamp": "unknown"
  },
  {
    "title": "EuropeAustriaBelgium NL | FRCroatiaCzech RepublicDenmarkEstoniaFinlandFranceGermanyHungaryIrelandItalyLatviaLithuaniaNetherlandsNorwayPolandPortugalSl",
    "link": "https://investors.biogen.com/news/news-releases",
    "timestamp": "unknown"
  },
  {
    "title": "Austria",
    "link": "https://www.biogen.at/",
    "timestamp": "unknown"
  },
  {
    "title": "Belgium NL | FR",
    "link": "https://www.biogen.be/",
    "timestamp": "unknown"
  },
  {
    "title": "Croatia",
    "link": "https://www.biogen.hr/",
    "timestamp": "unknown"
  },
  {
    "title": "Czech Republic",
    "link": "https://www.biogen.com.cz/",
    "timestamp": "unknown"
  },
  {
    "title": "Denmark",
    "link": "https://www.biogen.dk/",
    "timestamp": "unknown"
  },
  {
    "title": "Estonia",
    "link": "https://www.biogen.ee/",
    "timestamp": "unknown"
  },
  {
    "title": "Finland",
    "link": "https://www.biogen.fi/",
    "timestamp": "unknown"
  },
  {
    "title": "France",
    "link": "https://www.biogen.fr/",
    "timestamp": "unknown"
  },
  {
    "title": "Germany",
    "link": "https://www.biogen.de/",
    "timestamp": "unknown"
  },
  {
    "title": "Hungary",
    "link": "https://www.biogen.hu/",
    "timestamp": "unknown"
  },
  {
    "title": "Ireland",
    "link": "https://www.biogen.ie/",
    "timestamp": "unknown"
  },
  {
    "title": "Italy",
    "link": "https://www.biogenitalia.it/",
    "timestamp": "unknown"
  },
  {
    "title": "Latvia",
    "link": "https://www.biogen.lv/",
    "timestamp": "unknown"
  },
  {
    "title": "Lithuania",
    "link": "https://www.biogen.lt/",
    "timestamp": "unknown"
  },
  {
    "title": "Netherlands",
    "link": "https://www.biogen.nl/",
    "timestamp": "unknown"
  },
  {
    "title": "Norway",
    "link": "https://www.biogen.no/",
    "timestamp": "unknown"
  },
  {
    "title": "Poland",
    "link": "https://www.biogen-poland.pl/",
    "timestamp": "unknown"
  },
  {
    "title": "Portugal",
    "link": "https://www.biogen.pt/",
    "timestamp": "unknown"
  },
  {
    "title": "Slovakia",
    "link": "https://www.biogen.sk/",
    "timestamp": "unknown"
  },
  {
    "title": "Slovenia",
    "link": "https://www.biogen-pharma.si/",
    "timestamp": "unknown"
  },
  {
    "title": "Spain",
    "link": "https://www.biogen.com.es/",
    "timestamp": "unknown"
  },
  {
    "title": "Sweden",
    "link": "https://www.biogen.se/",
    "timestamp": "unknown"
  },
  {
    "title": "Switzerland DE | FR",
    "link": "https://www.biogen.ch/",
    "timestamp": "unknown"
  },
  {
    "title": "United Kingdom",
    "link": "https://www.biogen.uk.com/",
    "timestamp": "unknown"
  },
  {
    "title": "Middle EastSaudi ArabiaUnited Arab Emirates",
    "link": "https://investors.biogen.com/news/news-releases",
    "timestamp": "unknown"
  },
  {
    "title": "Saudi Arabia",
    "link": "https://www.biogen-sa.com/",
    "timestamp": "unknown"
  },
  {
    "title": "United Arab Emirates",
    "link": "https://www.biogen-gulf.com/",
    "timestamp": "unknown"
  },
  {
    "title": "InternationalGlobal websiteInternational HQ",
    "link": "https://investors.biogen.com/news/news-releases",
    "timestamp": "unknown"
  },
  {
    "title": "Global website",
    "link": "https://www.biogen.com/",
    "timestamp": "unknown"
  },
  {
    "title": "International HQ",
    "link": "https://www.biogen.com/biogen-international.html",
    "timestamp": "unknown"
  },
  {
    "title": "BreadcrumbHomeNewsHomeNews",
    "link": "https://investors.biogen.com/",
    "timestamp": "unknown"
  },
  {
    "title": "BreadcrumbHomeNewsHomeNews",
    "link": "https://investors.biogen.com/",
    "timestamp": "unknown"
  },
  {
    "title": "BreadcrumbHomeNewsHomeNews",
    "link": "https://investors.biogen.com/",
    "timestamp": "unknown"
  },
  {
    "title": "BreadcrumbHomeNewsHomeNews",
    "link": "https://investors.biogen.com/",
    "timestamp": "unknown"
  },
  {
    "title": "BreadcrumbHomeNewsHomeNews",
    "link": "https://investors.biogen.com/",
    "timestamp": "unknown"
  },
  {
    "title": "BreadcrumbHomeNewsHomeNews",
    "link": "https://investors.biogen.com/",
    "timestamp": "unknown"
  },
  {
    "title": "BreadcrumbHomeNewsHomeNews",
    "link": "https://investors.biogen.com/",
    "timestamp": "unknown"
  },
  {
    "title": "BreadcrumbHomeNewsHomeNews",
    "link": "https://investors.biogen.com/",
    "timestamp": "unknown"
  },
  {
    "title": "BreadcrumbHomeNewsHomeNews",
    "link": "https://investors.biogen.com/",
    "timestamp": "unknown"
  },
  {
    "title": "Home",
    "link": "https://investors.biogen.com/",
    "timestamp": "unknown"
  },
  {
    "title": "Home",
    "link": "https://investors.biogen.com/",
    "timestamp": "unknown"
  },
  {
    "title": "Biogen News Releases and Company StatementsMedia ContactsUS Media RelationsPublic.Affairs@biogen.comEurope Media RelationsPublicAffairs.EU@biogen.comJ",
    "link": "mailto:Public.Affairs@biogen.com",
    "timestamp": "unknown"
  },
  {
    "title": "Biogen News Releases and Company StatementsMedia ContactsUS Media RelationsPublic.Affairs@biogen.comEurope Media RelationsPublicAffairs.EU@biogen.comJ",
    "link": "mailto:Public.Affairs@biogen.com",
    "timestamp": "unknown"
  },
  {
    "title": "Biogen News Releases and Company StatementsMedia ContactsUS Media RelationsPublic.Affairs@biogen.comEurope Media RelationsPublicAffairs.EU@biogen.comJ",
    "link": "mailto:Public.Affairs@biogen.com",
    "timestamp": "unknown"
  },
  {
    "title": "Biogen News Releases and Company StatementsMedia ContactsUS Media RelationsPublic.Affairs@biogen.comEurope Media RelationsPublicAffairs.EU@biogen.comJ",
    "link": "mailto:Public.Affairs@biogen.com",
    "timestamp": "unknown"
  },
  {
    "title": "Biogen News Releases and Company StatementsMedia ContactsUS Media RelationsPublic.Affairs@biogen.comEurope Media RelationsPublicAffairs.EU@biogen.comJ",
    "link": "mailto:Public.Affairs@biogen.com",
    "timestamp": "unknown"
  },
  {
    "title": "Biogen News Releases and Company StatementsMedia ContactsUS Media RelationsPublic.Affairs@biogen.comEurope Media RelationsPublicAffairs.EU@biogen.comJ",
    "link": "mailto:Public.Affairs@biogen.com",
    "timestamp": "unknown"
  },
  {
    "title": "Biogen News Releases and Company StatementsMedia ContactsUS Media RelationsPublic.Affairs@biogen.comEurope Media RelationsPublicAffairs.EU@biogen.comJ",
    "link": "mailto:Public.Affairs@biogen.com",
    "timestamp": "unknown"
  },
  {
    "title": "Biogen News Releases and Company StatementsMedia ContactsUS Media RelationsPublic.Affairs@biogen.comEurope Media RelationsPublicAffairs.EU@biogen.comJ",
    "link": "mailto:Public.Affairs@biogen.com",
    "timestamp": "unknown"
  },
  {
    "title": "Biogen News Releases and Company StatementsMedia ContactsUS Media RelationsPublic.Affairs@biogen.comEurope Media RelationsPublicAffairs.EU@biogen.comJ",
    "link": "mailto:Public.Affairs@biogen.com",
    "timestamp": "unknown"
  },
  {
    "title": "Biogen News Releases and Company StatementsMedia ContactsUS Media RelationsPublic.Affairs@biogen.comEurope Media RelationsPublicAffairs.EU@biogen.comJ",
    "link": "mailto:Public.Affairs@biogen.com",
    "timestamp": "unknown"
  },
  {
    "title": "Biogen News Releases and Company StatementsMedia ContactsUS Media RelationsPublic.Affairs@biogen.comEurope Media RelationsPublicAffairs.EU@biogen.comJ",
    "link": "mailto:Public.Affairs@biogen.com",
    "timestamp": "unknown"
  },
  {
    "title": "Biogen News Releases and Company StatementsMedia ContactsUS Media RelationsPublic.Affairs@biogen.comEurope Media RelationsPublicAffairs.EU@biogen.comJ",
    "link": "mailto:Public.Affairs@biogen.com",
    "timestamp": "unknown"
  },
  {
    "title": "Biogen News Releases and Company StatementsMedia ContactsUS Media RelationsPublic.Affairs@biogen.comEurope Media RelationsPublicAffairs.EU@biogen.comJ",
    "link": "mailto:Public.Affairs@biogen.com",
    "timestamp": "unknown"
  },
  {
    "title": "Biogen News Releases and Company StatementsMedia ContactsUS Media RelationsPublic.Affairs@biogen.comEurope Media RelationsPublicAffairs.EU@biogen.comJ",
    "link": "mailto:Public.Affairs@biogen.com",
    "timestamp": "unknown"
  },
  {
    "title": "Biogen News Releases and Company StatementsMedia ContactsUS Media RelationsPublic.Affairs@biogen.comEurope Media RelationsPublicAffairs.EU@biogen.comJ",
    "link": "mailto:Public.Affairs@biogen.com",
    "timestamp": "unknown"
  },
  {
    "title": "Biogen News Releases and Company StatementsMedia ContactsUS Media RelationsPublic.Affairs@biogen.comEurope Media RelationsPublicAffairs.EU@biogen.comJ",
    "link": "mailto:Public.Affairs@biogen.com",
    "timestamp": "unknown"
  },
  {
    "title": "Biogen News Releases and Company StatementsMedia ContactsUS Media RelationsPublic.Affairs@biogen.comEurope Media RelationsPublicAffairs.EU@biogen.comJ",
    "link": "mailto:Public.Affairs@biogen.com",
    "timestamp": "unknown"
  },
  {
    "title": "Biogen News Releases and Company StatementsMedia ContactsUS Media RelationsPublic.Affairs@biogen.comEurope Media RelationsPublicAffairs.EU@biogen.comJ",
    "link": "mailto:Public.Affairs@biogen.com",
    "timestamp": "unknown"
  },
  {
    "title": "Biogen News Releases and Company StatementsMedia ContactsUS Media RelationsPublic.Affairs@biogen.comEurope Media RelationsPublicAffairs.EU@biogen.comJ",
    "link": "mailto:Public.Affairs@biogen.com",
    "timestamp": "unknown"
  },
  {
    "title": "Biogen News Releases and Company StatementsMedia ContactsUS Media RelationsPublic.Affairs@biogen.comEurope Media RelationsPublicAffairs.EU@biogen.comJ",
    "link": "mailto:Public.Affairs@biogen.com",
    "timestamp": "unknown"
  },
  {
    "title": "Biogen News Releases and Company StatementsMedia ContactsUS Media RelationsPublic.Affairs@biogen.comEurope Media RelationsPublicAffairs.EU@biogen.comJ",
    "link": "mailto:Public.Affairs@biogen.com",
    "timestamp": "unknown"
  },
  {
    "title": "Biogen News Releases and Company StatementsMedia ContactsUS Media RelationsPublic.Affairs@biogen.comEurope Media RelationsPublicAffairs.EU@biogen.comJ",
    "link": "mailto:Public.Affairs@biogen.com",
    "timestamp": "unknown"
  },
  {
    "title": "Biogen News Releases and Company StatementsMedia ContactsUS Media RelationsPublic.Affairs@biogen.comEurope Media RelationsPublicAffairs.EU@biogen.comJ",
    "link": "mailto:Public.Affairs@biogen.com",
    "timestamp": "unknown"
  },
  {
    "title": "Public.Affairs@biogen.com",
    "link": "mailto:Public.Affairs@biogen.com",
    "timestamp": "unknown"
  },
  {
    "title": "PublicAffairs.EU@biogen.com",
    "link": "mailto:PublicAffairs.EU@biogen.com",
    "timestamp": "unknown"
  },
  {
    "title": "Japan-PA@biogen.com",
    "link": "mailto:Japan-PA@biogen.com",
    "timestamp": "unknown"
  },
  {
    "title": "Filter by:AllSeptember ,BIOGEN TO REPORT THIRD QUARTER  FINANCIAL RESULTS OCTOBER ,September ,LEQEMBI\u00ae (Lecanemab) Approved for the Treatment of\u00a0Alzhe",
    "link": "https://investors.biogen.com/news-releases/news-release-details/biogen-report-third-quarter--financial-results-october-",
    "timestamp": "unknown"
  },
  {
    "title": "Filter by:AllSeptember ,BIOGEN TO REPORT THIRD QUARTER  FINANCIAL RESULTS OCTOBER ,September ,LEQEMBI\u00ae (Lecanemab) Approved for the Treatment of\u00a0Alzhe",
    "link": "https://investors.biogen.com/news-releases/news-release-details/biogen-report-third-quarter--financial-results-october-",
    "timestamp": "unknown"
  },
  {
    "title": "Filter by:AllSeptember ,BIOGEN TO REPORT THIRD QUARTER  FINANCIAL RESULTS OCTOBER ,September ,LEQEMBI\u00ae (Lecanemab) Approved for the Treatment of\u00a0Alzhe",
    "link": "https://investors.biogen.com/news-releases/news-release-details/biogen-report-third-quarter--financial-results-october-",
    "timestamp": "unknown"
  },
  {
    "title": "Filter by:AllSeptember ,BIOGEN TO REPORT THIRD QUARTER  FINANCIAL RESULTS OCTOBER ,September ,LEQEMBI\u00ae (Lecanemab) Approved for the Treatment of\u00a0Alzhe",
    "link": "https://investors.biogen.com/news-releases/news-release-details/biogen-report-third-quarter--financial-results-october-",
    "timestamp": "unknown"
  },
  {
    "title": "Filter by:AllSeptember ,BIOGEN TO REPORT THIRD QUARTER  FINANCIAL RESULTS OCTOBER ,September ,LEQEMBI\u00ae (Lecanemab) Approved for the Treatment of\u00a0Alzhe",
    "link": "https://investors.biogen.com/news-releases/news-release-details/biogen-report-third-quarter--financial-results-october-",
    "timestamp": "unknown"
  },
  {
    "title": "Filter by:AllSeptember ,BIOGEN TO REPORT THIRD QUARTER  FINANCIAL RESULTS OCTOBER ,September ,LEQEMBI\u00ae (Lecanemab) Approved for the Treatment of\u00a0Alzhe",
    "link": "https://investors.biogen.com/news-releases/news-release-details/biogen-report-third-quarter--financial-results-october-",
    "timestamp": "unknown"
  },
  {
    "title": "Filter by:AllSeptember ,BIOGEN TO REPORT THIRD QUARTER  FINANCIAL RESULTS OCTOBER ,September ,LEQEMBI\u00ae (Lecanemab) Approved for the Treatment of\u00a0Alzhe",
    "link": "https://investors.biogen.com/news-releases/news-release-details/biogen-report-third-quarter--financial-results-october-",
    "timestamp": "unknown"
  },
  {
    "title": "September ,BIOGEN TO REPORT THIRD QUARTER  FINANCIAL RESULTS OCTOBER ,September ,LEQEMBI\u00ae (Lecanemab) Approved for the Treatment of\u00a0Alzheimer\u2019s Diseas",
    "link": "https://investors.biogen.com/news-releases/news-release-details/biogen-report-third-quarter--financial-results-october-",
    "timestamp": "unknown"
  },
  {
    "title": "September ,BIOGEN TO REPORT THIRD QUARTER  FINANCIAL RESULTS OCTOBER ,September ,LEQEMBI\u00ae (Lecanemab) Approved for the Treatment of\u00a0Alzheimer\u2019s Diseas",
    "link": "https://investors.biogen.com/news-releases/news-release-details/biogen-report-third-quarter--financial-results-october-",
    "timestamp": "unknown"
  },
  {
    "title": "September ,BIOGEN TO REPORT THIRD QUARTER  FINANCIAL RESULTS OCTOBER ,September ,LEQEMBI\u00ae (Lecanemab) Approved for the Treatment of\u00a0Alzheimer\u2019s Diseas",
    "link": "https://investors.biogen.com/news-releases/news-release-details/biogen-report-third-quarter--financial-results-october-",
    "timestamp": "unknown"
  },
  {
    "title": "September ,BIOGEN TO REPORT THIRD QUARTER  FINANCIAL RESULTS OCTOBER ,",
    "link": "https://investors.biogen.com/news-releases/news-release-details/biogen-report-third-quarter--financial-results-october-",
    "timestamp": "unknown"
  },
  {
    "title": "September ,BIOGEN TO REPORT THIRD QUARTER  FINANCIAL RESULTS OCTOBER ,",
    "link": "https://investors.biogen.com/news-releases/news-release-details/biogen-report-third-quarter--financial-results-october-",
    "timestamp": "unknown"
  },
  {
    "title": "BIOGEN TO REPORT THIRD QUARTER  FINANCIAL RESULTS OCTOBER ,",
    "link": "https://investors.biogen.com/news-releases/news-release-details/biogen-report-third-quarter--financial-results-october-",
    "timestamp": "unknown"
  },
  {
    "title": "September ,LEQEMBI\u00ae (Lecanemab) Approved for the Treatment of\u00a0Alzheimer\u2019s Disease in Australia",
    "link": "https://investors.biogen.com/news-releases/news-release-details/leqembir-lecanemab-approved-treatment-alzheimers-disease",
    "timestamp": "unknown"
  },
  {
    "title": "September ,LEQEMBI\u00ae (Lecanemab) Approved for the Treatment of\u00a0Alzheimer\u2019s Disease in Australia",
    "link": "https://investors.biogen.com/news-releases/news-release-details/leqembir-lecanemab-approved-treatment-alzheimers-disease",
    "timestamp": "unknown"
  },
  {
    "title": "LEQEMBI\u00ae (Lecanemab) Approved for the Treatment of\u00a0Alzheimer\u2019s Disease in Australia",
    "link": "https://investors.biogen.com/news-releases/news-release-details/leqembir-lecanemab-approved-treatment-alzheimers-disease",
    "timestamp": "unknown"
  },
  {
    "title": "September ,Biogen Provides Regulatory Update on High Dose Regimen of Nusinersen",
    "link": "https://investors.biogen.com/news-releases/news-release-details/biogen-provides-regulatory-update-high-dose-regimen-nusinersen",
    "timestamp": "unknown"
  },
  {
    "title": "September ,Biogen Provides Regulatory Update on High Dose Regimen of Nusinersen",
    "link": "https://investors.biogen.com/news-releases/news-release-details/biogen-provides-regulatory-update-high-dose-regimen-nusinersen",
    "timestamp": "unknown"
  },
  {
    "title": "Biogen Provides Regulatory Update on High Dose Regimen of Nusinersen",
    "link": "https://investors.biogen.com/news-releases/news-release-details/biogen-provides-regulatory-update-high-dose-regimen-nusinersen",
    "timestamp": "unknown"
  },
  {
    "title": "September ,Biogen to Acquire Alcyone Therapeutics, Expanding Drug Delivery Solution Portfolio for Key Product and Pipeline Candidates",
    "link": "https://investors.biogen.com/news-releases/news-release-details/biogen-acquire-alcyone-therapeutics-expanding-drug-delivery",
    "timestamp": "unknown"
  },
  {
    "title": "September ,Biogen to Acquire Alcyone Therapeutics, Expanding Drug Delivery Solution Portfolio for Key Product and Pipeline Candidates",
    "link": "https://investors.biogen.com/news-releases/news-release-details/biogen-acquire-alcyone-therapeutics-expanding-drug-delivery",
    "timestamp": "unknown"
  },
  {
    "title": "Biogen to Acquire Alcyone Therapeutics, Expanding Drug Delivery Solution Portfolio for Key Product and Pipeline Candidates",
    "link": "https://investors.biogen.com/news-releases/news-release-details/biogen-acquire-alcyone-therapeutics-expanding-drug-delivery",
    "timestamp": "unknown"
  },
  {
    "title": "September ,Biogen Receives European Commission Approval for ZURZUVAE\u00ae (zuranolone), the First and Only Treatment Approved for Women with Postpartum De",
    "link": "https://investors.biogen.com/news-releases/news-release-details/biogen-receives-european-commission-approval-zurzuvaer",
    "timestamp": "unknown"
  },
  {
    "title": "September ,Biogen Receives European Commission Approval for ZURZUVAE\u00ae (zuranolone), the First and Only Treatment Approved for Women with Postpartum De",
    "link": "https://investors.biogen.com/news-releases/news-release-details/biogen-receives-european-commission-approval-zurzuvaer",
    "timestamp": "unknown"
  },
  {
    "title": "Biogen Receives European Commission Approval for ZURZUVAE\u00ae (zuranolone), the First and Only Treatment Approved for Women with Postpartum Depression in",
    "link": "https://investors.biogen.com/news-releases/news-release-details/biogen-receives-european-commission-approval-zurzuvaer",
    "timestamp": "unknown"
  },
  {
    "title": "September ,Biogen to Participate in the Bernstein 2nd Annual Healthcare Forum",
    "link": "https://investors.biogen.com/news-releases/news-release-details/biogen-participate-bernstein-2nd-annual-healthcare-forum",
    "timestamp": "unknown"
  },
  {
    "title": "September ,Biogen to Participate in the Bernstein 2nd Annual Healthcare Forum",
    "link": "https://investors.biogen.com/news-releases/news-release-details/biogen-participate-bernstein-2nd-annual-healthcare-forum",
    "timestamp": "unknown"
  },
  {
    "title": "Biogen to Participate in the Bernstein 2nd Annual Healthcare Forum",
    "link": "https://investors.biogen.com/news-releases/news-release-details/biogen-participate-bernstein-2nd-annual-healthcare-forum",
    "timestamp": "unknown"
  },
  {
    "title": "September ,Biogen Highlights Multiple Assets and Indications in Lupus",
    "link": "https://investors.biogen.com/news-releases/news-release-details/biogen-highlights-multiple-assets-and-indications-lupus",
    "timestamp": "unknown"
  },
  {
    "title": "September ,Biogen Highlights Multiple Assets and Indications in Lupus",
    "link": "https://investors.biogen.com/news-releases/news-release-details/biogen-highlights-multiple-assets-and-indications-lupus",
    "timestamp": "unknown"
  },
  {
    "title": "Biogen Highlights Multiple Assets and Indications in Lupus",
    "link": "https://investors.biogen.com/news-releases/news-release-details/biogen-highlights-multiple-assets-and-indications-lupus",
    "timestamp": "unknown"
  },
  {
    "title": "September ,Eisai Initiated Rolling Supplemental Biologics License Application to the U.S. FDA for LEQEMBI\u00ae IQLIK\u2122\u00a0(lecanemab-irmb) as a Subcutaneous S",
    "link": "https://investors.biogen.com/news-releases/news-release-details/eisai-initiated-rolling-supplemental-biologics-license",
    "timestamp": "unknown"
  },
  {
    "title": "September ,Eisai Initiated Rolling Supplemental Biologics License Application to the U.S. FDA for LEQEMBI\u00ae IQLIK\u2122\u00a0(lecanemab-irmb) as a Subcutaneous S",
    "link": "https://investors.biogen.com/news-releases/news-release-details/eisai-initiated-rolling-supplemental-biologics-license",
    "timestamp": "unknown"
  },
  {
    "title": "Eisai Initiated Rolling Supplemental Biologics License Application to the U.S. FDA for LEQEMBI\u00ae IQLIK\u2122\u00a0(lecanemab-irmb) as a Subcutaneous Starting Dos",
    "link": "https://investors.biogen.com/news-releases/news-release-details/eisai-initiated-rolling-supplemental-biologics-license",
    "timestamp": "unknown"
  },
  {
    "title": "September ,Biogen to Participate in Upcoming Healthcare Conferences",
    "link": "https://investors.biogen.com/news-releases/news-release-details/biogen-participate-upcoming-healthcare-conferences",
    "timestamp": "unknown"
  },
  {
    "title": "September ,Biogen to Participate in Upcoming Healthcare Conferences",
    "link": "https://investors.biogen.com/news-releases/news-release-details/biogen-participate-upcoming-healthcare-conferences",
    "timestamp": "unknown"
  },
  {
    "title": "Biogen to Participate in Upcoming Healthcare Conferences",
    "link": "https://investors.biogen.com/news-releases/news-release-details/biogen-participate-upcoming-healthcare-conferences",
    "timestamp": "unknown"
  },
  {
    "title": "September ,Biogen and Stoke Therapeutics Present Data at the 36th International Epilepsy Congress that Support the Potential for Zorevunersen to be th",
    "link": "https://investors.biogen.com/news-releases/news-release-details/biogen-and-stoke-therapeutics-present-data-36th-international",
    "timestamp": "unknown"
  },
  {
    "title": "September ,Biogen and Stoke Therapeutics Present Data at the 36th International Epilepsy Congress that Support the Potential for Zorevunersen to be th",
    "link": "https://investors.biogen.com/news-releases/news-release-details/biogen-and-stoke-therapeutics-present-data-36th-international",
    "timestamp": "unknown"
  },
  {
    "title": "Biogen and Stoke Therapeutics Present Data at the 36th International Epilepsy Congress that Support the Potential for Zorevunersen to be the First Dis",
    "link": "https://investors.biogen.com/news-releases/news-release-details/biogen-and-stoke-therapeutics-present-data-36th-international",
    "timestamp": "unknown"
  },
  {
    "title": "PaginationCurrent pagePagePage\u2026Next page\u203aLast page\u00bb",
    "link": "https://investors.biogen.com/news/news-releases?page=",
    "timestamp": "unknown"
  },
  {
    "title": "PaginationCurrent pagePagePage\u2026Next page\u203aLast page\u00bb",
    "link": "https://investors.biogen.com/news/news-releases?page=",
    "timestamp": "unknown"
  },
  {
    "title": "PaginationCurrent pagePagePage\u2026Next page\u203aLast page\u00bb",
    "link": "https://investors.biogen.com/news/news-releases?page=",
    "timestamp": "unknown"
  },
  {
    "title": "Current page",
    "link": "https://investors.biogen.com/news/news-releases?page=",
    "timestamp": "unknown"
  },
  {
    "title": "Page",
    "link": "https://investors.biogen.com/news/news-releases?page=",
    "timestamp": "unknown"
  },
  {
    "title": "Page",
    "link": "https://investors.biogen.com/news/news-releases?page=",
    "timestamp": "unknown"
  },
  {
    "title": "Next page\u203a",
    "link": "https://investors.biogen.com/news/news-releases?page=",
    "timestamp": "unknown"
  },
  {
    "title": "Last page\u00bb",
    "link": "https://investors.biogen.com/news/news-releases?page=",
    "timestamp": "unknown"
  },
  {
    "title": "Stockholder CommunicationsE-mail AlertsFAQs",
    "link": "https://investors.biogen.com/governance/contact-the-board",
    "timestamp": "unknown"
  },
  {
    "title": "Stockholder CommunicationsE-mail AlertsFAQs",
    "link": "https://investors.biogen.com/governance/contact-the-board",
    "timestamp": "unknown"
  },
  {
    "title": "Stockholder CommunicationsE-mail AlertsFAQs",
    "link": "https://investors.biogen.com/governance/contact-the-board",
    "timestamp": "unknown"
  },
  {
    "title": "Stockholder CommunicationsE-mail AlertsFAQs",
    "link": "https://investors.biogen.com/governance/contact-the-board",
    "timestamp": "unknown"
  },
  {
    "title": "Stockholder CommunicationsE-mail AlertsFAQs",
    "link": "https://investors.biogen.com/governance/contact-the-board",
    "timestamp": "unknown"
  },
  {
    "title": "Stockholder CommunicationsE-mail AlertsFAQs",
    "link": "https://investors.biogen.com/governance/contact-the-board",
    "timestamp": "unknown"
  },
  {
    "title": "Stockholder CommunicationsE-mail AlertsFAQs",
    "link": "https://investors.biogen.com/governance/contact-the-board",
    "timestamp": "unknown"
  },
  {
    "title": "Stockholder Communications",
    "link": "https://investors.biogen.com/governance/contact-the-board",
    "timestamp": "unknown"
  },
  {
    "title": "Stockholder Communications",
    "link": "https://investors.biogen.com/governance/contact-the-board",
    "timestamp": "unknown"
  },
  {
    "title": "E-mail Alerts",
    "link": "https://investors.biogen.com/sign-up-for-alerts",
    "timestamp": "unknown"
  },
  {
    "title": "E-mail Alerts",
    "link": "https://investors.biogen.com/sign-up-for-alerts",
    "timestamp": "unknown"
  },
  {
    "title": "FAQs",
    "link": "https://investors.biogen.com/stock-information/investor-faqs",
    "timestamp": "unknown"
  },
  {
    "title": "FAQs",
    "link": "https://investors.biogen.com/stock-information/investor-faqs",
    "timestamp": "unknown"
  },
  {
    "title": "Learn more about our Events & Presentations",
    "link": "https://investors.biogen.com/events-presentations/events",
    "timestamp": "unknown"
  },
  {
    "title": "Learn more about our Events & Presentations",
    "link": "https://investors.biogen.com/events-presentations/events",
    "timestamp": "unknown"
  },
  {
    "title": "Learn more about our Events & Presentations",
    "link": "https://investors.biogen.com/events-presentations/events",
    "timestamp": "unknown"
  },
  {
    "title": "Learn more about our Events & Presentations",
    "link": "https://investors.biogen.com/events-presentations/events",
    "timestamp": "unknown"
  },
  {
    "title": "Learn more about our Events & Presentations",
    "link": "https://investors.biogen.com/events-presentations/events",
    "timestamp": "unknown"
  },
  {
    "title": "Learn more about our Events & Presentations",
    "link": "https://investors.biogen.com/events-presentations/events",
    "timestamp": "unknown"
  },
  {
    "title": "Learn more about our Events & Presentations",
    "link": "https://investors.biogen.com/events-presentations/events",
    "timestamp": "unknown"
  },
  {
    "title": "Learn more about our Events & Presentations",
    "link": "https://investors.biogen.com/events-presentations/events",
    "timestamp": "unknown"
  },
  {
    "title": "Learn more about our Events & Presentations",
    "link": "https://investors.biogen.com/events-presentations/events",
    "timestamp": "unknown"
  },
  {
    "title": "Learn more about our Events & Presentations",
    "link": "https://investors.biogen.com/events-presentations/events",
    "timestamp": "unknown"
  },
  {
    "title": "Learn more about our Events & Presentations",
    "link": "https://investors.biogen.com/events-presentations/events",
    "timestamp": "unknown"
  },
  {
    "title": "Learn more about our Events & Presentations",
    "link": "https://investors.biogen.com/events-presentations/events",
    "timestamp": "unknown"
  },
  {
    "title": "Information forMedical ProfessionalsInvestorsMediaJob SeekersGet in touchContact usBiogen InternationalExploreStoriesDisease AreasPipelineWe recommend",
    "link": "https://www.biogen.com/",
    "timestamp": "unknown"
  },
  {
    "title": "Information forMedical ProfessionalsInvestorsMediaJob SeekersGet in touchContact usBiogen InternationalExploreStoriesDisease AreasPipelineWe recommend",
    "link": "https://www.biogen.com/",
    "timestamp": "unknown"
  },
  {
    "title": "Information forMedical ProfessionalsInvestorsMediaJob SeekersGet in touchContact usBiogen InternationalExploreStoriesDisease AreasPipelineWe recommend",
    "link": "https://www.biogen.com/",
    "timestamp": "unknown"
  },
  {
    "title": "Information forMedical ProfessionalsInvestorsMediaJob SeekersGet in touchContact usBiogen InternationalExploreStoriesDisease AreasPipelineWe recommend",
    "link": "https://www.biogen.com/medical-professionals.html",
    "timestamp": "unknown"
  },
  {
    "title": "Information forMedical ProfessionalsInvestorsMediaJob SeekersGet in touchContact usBiogen InternationalExploreStoriesDisease AreasPipelineWe recommend",
    "link": "https://www.biogen.com/medical-professionals.html",
    "timestamp": "unknown"
  },
  {
    "title": "Information forMedical ProfessionalsInvestorsMediaJob Seekers",
    "link": "https://www.biogen.com/medical-professionals.html",
    "timestamp": "unknown"
  },
  {
    "title": "Medical Professionals",
    "link": "https://www.biogen.com/medical-professionals.html",
    "timestamp": "unknown"
  },
  {
    "title": "Investors",
    "link": "https://investors.biogen.com/",
    "timestamp": "unknown"
  },
  {
    "title": "Media",
    "link": "https://investors.biogen.com/news",
    "timestamp": "unknown"
  },
  {
    "title": "Job Seekers",
    "link": "https://www.biogen.com/careers.html",
    "timestamp": "unknown"
  },
  {
    "title": "Get in touchContact usBiogen International",
    "link": "https://www.biogen.com/company/contact-us.html",
    "timestamp": "unknown"
  },
  {
    "title": "Contact us",
    "link": "https://www.biogen.com/company/contact-us.html",
    "timestamp": "unknown"
  },
  {
    "title": "Biogen International",
    "link": "https://www.biogen.com/biogen-international.html",
    "timestamp": "unknown"
  },
  {
    "title": "ExploreStoriesDisease AreasPipeline",
    "link": "https://www.biogen.com/stories.html",
    "timestamp": "unknown"
  },
  {
    "title": "Stories",
    "link": "https://www.biogen.com/stories.html",
    "timestamp": "unknown"
  },
  {
    "title": "Disease Areas",
    "link": "https://www.biogen.com/science-and-innovation/disease-areas.html",
    "timestamp": "unknown"
  },
  {
    "title": "Pipeline",
    "link": "https://www.biogen.com/science-and-innovation/pipeline.html",
    "timestamp": "unknown"
  },
  {
    "title": "We recommendBiogen FoundationESG ReportReporting and PrinciplesAccess & Health Equity",
    "link": "https://www.biogen.com/company/biogen-foundation.html",
    "timestamp": "unknown"
  },
  {
    "title": "Biogen Foundation",
    "link": "https://www.biogen.com/company/biogen-foundation.html",
    "timestamp": "unknown"
  },
  {
    "title": "ESG Report",
    "link": "https://www.biogen.com/responsibility/reporting-and-principles/esg-report.html",
    "timestamp": "unknown"
  },
  {
    "title": "Reporting and Principles",
    "link": "https://www.biogen.com/responsibility/reporting-and-principles.html",
    "timestamp": "unknown"
  },
  {
    "title": "Access & Health Equity",
    "link": "https://www.biogen.com/responsibility/access-and-health-equity.html",
    "timestamp": "unknown"
  },
  {
    "title": "Information forMedical ProfessionalsInvestorsMediaJob SeekersGet in touchContact usBiogen InternationalExploreStoriesDisease AreasPipelineWe recommend",
    "link": "https://www.biogen.com/",
    "timestamp": "unknown"
  },
  {
    "title": "Information forMedical ProfessionalsInvestorsMediaJob SeekersGet in touchContact usBiogen InternationalExploreStoriesDisease AreasPipelineWe recommend",
    "link": "https://investors.biogen.com/news/news-releases",
    "timestamp": "unknown"
  },
  {
    "title": "Information forMedical ProfessionalsInvestorsMediaJob Seekers",
    "link": "https://investors.biogen.com/news/news-releases",
    "timestamp": "unknown"
  },
  {
    "title": "Medical Professionals",
    "link": "https://www.biogen.com/medical-professionals.html",
    "timestamp": "unknown"
  },
  {
    "title": "Investors",
    "link": "https://investors.biogen.com/",
    "timestamp": "unknown"
  },
  {
    "title": "Media",
    "link": "https://investors.biogen.com/news",
    "timestamp": "unknown"
  },
  {
    "title": "Job Seekers",
    "link": "https://www.biogen.com/careers.html",
    "timestamp": "unknown"
  },
  {
    "title": "Get in touchContact usBiogen International",
    "link": "https://investors.biogen.com/news/news-releases",
    "timestamp": "unknown"
  },
  {
    "title": "Contact us",
    "link": "https://www.biogen.com/company/contact-us.html",
    "timestamp": "unknown"
  },
  {
    "title": "Biogen International",
    "link": "https://www.biogen.com/biogen-international.html",
    "timestamp": "unknown"
  },
  {
    "title": "ExploreStoriesDisease AreasPipeline",
    "link": "https://investors.biogen.com/news/news-releases",
    "timestamp": "unknown"
  },
  {
    "title": "Stories",
    "link": "https://www.biogen.com/stories.html",
    "timestamp": "unknown"
  },
  {
    "title": "Disease Areas",
    "link": "https://www.biogen.com/science-and-innovation/disease-areas.html",
    "timestamp": "unknown"
  },
  {
    "title": "Pipeline",
    "link": "https://www.biogen.com/science-and-innovation/pipeline.html",
    "timestamp": "unknown"
  },
  {
    "title": "We recommendBiogen FoundationESG ReportReporting and PrinciplesAccess & Health Equity",
    "link": "https://investors.biogen.com/news/news-releases",
    "timestamp": "unknown"
  },
  {
    "title": "Biogen Foundation",
    "link": "https://www.biogen.com/company/biogen-foundation.html",
    "timestamp": "unknown"
  },
  {
    "title": "ESG Report",
    "link": "https://www.biogen.com/responsibility/reporting-and-principles/esg-report.html",
    "timestamp": "unknown"
  },
  {
    "title": "Reporting and Principles",
    "link": "https://www.biogen.com/responsibility/reporting-and-principles.html",
    "timestamp": "unknown"
  },
  {
    "title": "Access & Health Equity",
    "link": "https://www.biogen.com/responsibility/access-and-health-equity.html",
    "timestamp": "unknown"
  },
  {
    "title": "Terms & Conditions",
    "link": "https://www.biogen.com/terms-and-conditions.html",
    "timestamp": "unknown"
  },
  {
    "title": "Privacy Center",
    "link": "https://www.biogen.com/privacy-center.html",
    "timestamp": "unknown"
  },
  {
    "title": "Notice to CA Residents",
    "link": "https://www.biogen.com/privacy-center/california-policy.html",
    "timestamp": "unknown"
  },
  {
    "title": "Forward-looking Statement",
    "link": "https://www.biogen.com/forward-looking-statements.html",
    "timestamp": "unknown"
  },
  {
    "title": "Community Guidelines",
    "link": "https://www.biogen.com/community-guidelines.html",
    "timestamp": "unknown"
  }
]