[
  {
    "title": "Our medicinesOur scienceOur stories",
    "link": "https://www.bms.com/patient-and-caregivers/our-medicines.html",
    "timestamp": "unknown"
  },
  {
    "title": "Our medicinesOur scienceOur stories",
    "link": "https://www.bms.com/patient-and-caregivers/our-medicines.html",
    "timestamp": "unknown"
  },
  {
    "title": "Contact usCareersUnited StatesClose IconAmericasArgentinaSpanishBrazilPortugueseCanadaEnglish/FrenchChileSpanishColombiaSpanishMexicoSpanishPeruSpanis",
    "link": "https://www.bms.com/about-us/contact-us.html",
    "timestamp": "unknown"
  },
  {
    "title": "Contact usCareers",
    "link": "https://www.bms.com/about-us/contact-us.html",
    "timestamp": "unknown"
  },
  {
    "title": "United States",
    "link": "https://www.bms.com/",
    "timestamp": "unknown"
  },
  {
    "title": "Close IconAmericasArgentinaSpanishBrazilPortugueseCanadaEnglish/FrenchChileSpanishColombiaSpanishMexicoSpanishPeruSpanishUnited StatesEnglishAsia Paci",
    "link": "https://www.bms.com/ar",
    "timestamp": "unknown"
  },
  {
    "title": "AmericasArgentinaSpanishBrazilPortugueseCanadaEnglish/FrenchChileSpanishColombiaSpanishMexicoSpanishPeruSpanishUnited StatesEnglishAsia PacificAustral",
    "link": "https://www.bms.com/ar",
    "timestamp": "unknown"
  },
  {
    "title": "AmericasArgentinaSpanishBrazilPortugueseCanadaEnglish/FrenchChileSpanishColombiaSpanishMexicoSpanishPeruSpanishUnited StatesEnglishAsia PacificAustral",
    "link": "https://www.bms.com/ar",
    "timestamp": "unknown"
  },
  {
    "title": "AmericasArgentinaSpanishBrazilPortugueseCanadaEnglish/FrenchChileSpanishColombiaSpanishMexicoSpanishPeruSpanishUnited StatesEnglishAsia PacificAustral",
    "link": "https://www.bms.com/ar",
    "timestamp": "unknown"
  },
  {
    "title": "AmericasArgentinaSpanishBrazilPortugueseCanadaEnglish/FrenchChileSpanishColombiaSpanishMexicoSpanishPeruSpanishUnited StatesEnglishAsia PacificAustral",
    "link": "https://www.bms.com/ar",
    "timestamp": "unknown"
  },
  {
    "title": "AmericasArgentinaSpanishBrazilPortugueseCanadaEnglish/FrenchChileSpanishColombiaSpanishMexicoSpanishPeruSpanishUnited StatesEnglish",
    "link": "https://www.bms.com/ar",
    "timestamp": "unknown"
  },
  {
    "title": "ArgentinaSpanishBrazilPortugueseCanadaEnglish/FrenchChileSpanishColombiaSpanishMexicoSpanishPeruSpanishUnited StatesEnglish",
    "link": "https://www.bms.com/ar",
    "timestamp": "unknown"
  },
  {
    "title": "ArgentinaSpanishBrazilPortugueseCanadaEnglish/FrenchChileSpanishColombiaSpanishMexicoSpanishPeruSpanishUnited StatesEnglish",
    "link": "https://www.bms.com/ar",
    "timestamp": "unknown"
  },
  {
    "title": "English/French",
    "link": "https://www.bms.com/ca/en",
    "timestamp": "unknown"
  },
  {
    "title": "Asia PacificAustraliaEnglishChinaSimplified\t\t\t\t\t\t\t\t\t\tChineseIndiaEnglishJapanJapaneseKoreaKoreanNew ZealandEnglishSingaporeEnglishTaiwanTraditional\t\t\t",
    "link": "https://www.bms.com/au",
    "timestamp": "unknown"
  },
  {
    "title": "AustraliaEnglishChinaSimplified\t\t\t\t\t\t\t\t\t\tChineseIndiaEnglishJapanJapaneseKoreaKoreanNew ZealandEnglishSingaporeEnglishTaiwanTraditional\t\t\t\t\t\t\t\t\t\tChine",
    "link": "https://www.bms.com/au",
    "timestamp": "unknown"
  },
  {
    "title": "AustraliaEnglishChinaSimplified\t\t\t\t\t\t\t\t\t\tChineseIndiaEnglishJapanJapaneseKoreaKoreanNew ZealandEnglishSingaporeEnglishTaiwanTraditional\t\t\t\t\t\t\t\t\t\tChine",
    "link": "https://www.bms.com/au",
    "timestamp": "unknown"
  },
  {
    "title": "English/Thai",
    "link": "https://www.bms.com/th/en",
    "timestamp": "unknown"
  },
  {
    "title": "EuropeAustriaGermanBelgiumEnglish/Dutch/FrenchCzech RepublicCzechDenmarkDanishFinlandFinnishFranceFrenchGermanyGermanGreeceGreekHungaryHungarianIrelan",
    "link": "https://www.bms.com/at",
    "timestamp": "unknown"
  },
  {
    "title": "AustriaGermanBelgiumEnglish/Dutch/FrenchCzech RepublicCzechDenmarkDanishFinlandFinnishFranceFrenchGermanyGermanGreeceGreekHungaryHungarianIrelandEngli",
    "link": "https://www.bms.com/at",
    "timestamp": "unknown"
  },
  {
    "title": "AustriaGermanBelgiumEnglish/Dutch/FrenchCzech RepublicCzechDenmarkDanishFinlandFinnishFranceFrenchGermanyGermanGreeceGreekHungaryHungarianIrelandEngli",
    "link": "https://www.bms.com/at",
    "timestamp": "unknown"
  },
  {
    "title": "English/Dutch/French",
    "link": "https://www.bms.com/be",
    "timestamp": "unknown"
  },
  {
    "title": "English/Dutch",
    "link": "https://www.bms.com/nl/en",
    "timestamp": "unknown"
  },
  {
    "title": "German/French",
    "link": "https://www.bms.com/ch",
    "timestamp": "unknown"
  },
  {
    "title": "Middle EastIsraelHebrewSaudi ArabiaEnglish/ArabicTurkeyTurkishUnited Arab EmiratesEnglish/Arabic",
    "link": "https://www.bms.com/il",
    "timestamp": "unknown"
  },
  {
    "title": "IsraelHebrewSaudi ArabiaEnglish/ArabicTurkeyTurkishUnited Arab EmiratesEnglish/Arabic",
    "link": "https://www.bms.com/il",
    "timestamp": "unknown"
  },
  {
    "title": "IsraelHebrewSaudi ArabiaEnglish/ArabicTurkeyTurkishUnited Arab EmiratesEnglish/Arabic",
    "link": "https://www.bms.com/il",
    "timestamp": "unknown"
  },
  {
    "title": "English/Arabic",
    "link": "https://www.bms.com/sa/en",
    "timestamp": "unknown"
  },
  {
    "title": "English/Arabic",
    "link": "https://www.bms.com/ae/en",
    "timestamp": "unknown"
  },
  {
    "title": "OtherOther MarketsDistributor\t\t\t\t\t\t\t\t\t\tMarkets",
    "link": "https://www.bms.com/other-markets.html",
    "timestamp": "unknown"
  },
  {
    "title": "Other MarketsDistributor\t\t\t\t\t\t\t\t\t\tMarkets",
    "link": "https://www.bms.com/other-markets.html",
    "timestamp": "unknown"
  },
  {
    "title": "Other MarketsDistributor\t\t\t\t\t\t\t\t\t\tMarkets",
    "link": "https://www.bms.com/other-markets.html",
    "timestamp": "unknown"
  },
  {
    "title": "SearchbmsUScqPageLuceneMedicinesCareersPress ReleasesMedical Information",
    "link": "https://www.bms.com/patient-and-caregivers/our-medicines.html",
    "timestamp": "unknown"
  },
  {
    "title": "SearchbmsUScqPageLuceneMedicinesCareersPress ReleasesMedical Information",
    "link": "https://www.bms.com/patient-and-caregivers/our-medicines.html",
    "timestamp": "unknown"
  },
  {
    "title": "SearchbmsUScqPageLuceneMedicinesCareersPress ReleasesMedical Information",
    "link": "https://www.bms.com/patient-and-caregivers/our-medicines.html",
    "timestamp": "unknown"
  },
  {
    "title": "Medicines",
    "link": "https://www.bms.com/patient-and-caregivers/our-medicines.html",
    "timestamp": "unknown"
  },
  {
    "title": "Careers",
    "link": "https://careers.bms.com/jobs",
    "timestamp": "unknown"
  },
  {
    "title": "Press Releases",
    "link": "https://news.bms.com",
    "timestamp": "unknown"
  },
  {
    "title": "Medical Information",
    "link": "https://www.bmsmedinfo.com",
    "timestamp": "unknown"
  },
  {
    "title": "Previous Page IconPrevious Page IconOur MedicinesPatients & caregiversPatients & caregiversOur medicinesSurvivorship TodayPatient resourcesGet help pa",
    "link": "https://www.bms.com/patient-and-caregivers.html",
    "timestamp": "unknown"
  },
  {
    "title": "Patients & caregiversPatients & caregiversOur medicinesSurvivorship TodayPatient resourcesGet help paying for your medicinesRisk evaluation and mitiga",
    "link": "https://www.bms.com/patient-and-caregivers.html",
    "timestamp": "unknown"
  },
  {
    "title": "Patients & caregiversPatients & caregiversOur medicinesSurvivorship TodayPatient resourcesGet help paying for your medicinesRisk evaluation and mitiga",
    "link": "https://www.bms.com/patient-and-caregivers.html",
    "timestamp": "unknown"
  },
  {
    "title": "Patients & caregiversOur medicinesSurvivorship TodayPatient resourcesGet help paying for your medicinesRisk evaluation and mitigation strategies (REMS",
    "link": "https://www.bms.com/patient-and-caregivers.html",
    "timestamp": "unknown"
  },
  {
    "title": "Our medicinesSurvivorship TodayPatient resourcesGet help paying for your medicinesRisk evaluation and mitigation strategies (REMS)Plain language summa",
    "link": "https://www.bms.com/patient-and-caregivers/our-medicines.html",
    "timestamp": "unknown"
  },
  {
    "title": "Our medicines",
    "link": "https://www.bms.com/patient-and-caregivers/our-medicines.html",
    "timestamp": "unknown"
  },
  {
    "title": "Survivorship Today",
    "link": "https://www.bms.com/patient-and-caregivers/survivorship-today.html",
    "timestamp": "unknown"
  },
  {
    "title": "Patient resources",
    "link": "https://www.bms.com/patient-and-caregivers/patient-resources-by-condition.html",
    "timestamp": "unknown"
  },
  {
    "title": "Get help paying for your medicines",
    "link": "https://www.bms.com/patient-and-caregivers/get-help-paying-for-your-medicines.html",
    "timestamp": "unknown"
  },
  {
    "title": "Risk evaluation and mitigation strategies (REMS)",
    "link": "https://www.bms.com/patient-and-caregivers/risk-evaluation-and-mitigation-strategies.html",
    "timestamp": "unknown"
  },
  {
    "title": "Plain language summaries of clinical trial results",
    "link": "https://www.bms.com/patient-and-caregivers/plain-language-summary.html",
    "timestamp": "unknown"
  },
  {
    "title": "CAR T cell therapy patient resources",
    "link": "https://www.bms.com/patient-and-caregivers/car-t-cell-therapy-patient-resources.html",
    "timestamp": "unknown"
  },
  {
    "title": "Related linksImmunology patient resourcesOur position on generic drugsOur position on drug pricingPsoriasis around the world",
    "link": "https://www.bms.com/patient-and-caregivers/patient-resources-by-condition/immunology-resources.html",
    "timestamp": "unknown"
  },
  {
    "title": "Immunology patient resourcesOur position on generic drugsOur position on drug pricingPsoriasis around the world",
    "link": "https://www.bms.com/patient-and-caregivers/patient-resources-by-condition/immunology-resources.html",
    "timestamp": "unknown"
  },
  {
    "title": "Immunology patient resources",
    "link": "https://www.bms.com/patient-and-caregivers/patient-resources-by-condition/immunology-resources.html",
    "timestamp": "unknown"
  },
  {
    "title": "Our position on generic drugs",
    "link": "https://www.bms.com/about-us/responsibility/position-on-key-issues/generics.html",
    "timestamp": "unknown"
  },
  {
    "title": "Our position on drug pricing",
    "link": "https://www.bms.com/about-us/responsibility/position-on-key-issues/pricing.html",
    "timestamp": "unknown"
  },
  {
    "title": "Psoriasis around the world",
    "link": "https://www.bms.com/patient-and-caregivers/patient-resources-by-condition/immunology-resources/psoriasis-around-the-world.html",
    "timestamp": "unknown"
  },
  {
    "title": "Healthcare providersHealthcare providersLearn about pre-approval accessLearn about post study drug access340B practice fact sheetDoctoRx UnscriptedRel",
    "link": "https://www.bms.com/healthcare-providers.html",
    "timestamp": "unknown"
  },
  {
    "title": "Healthcare providersLearn about pre-approval accessLearn about post study drug access340B practice fact sheetDoctoRx UnscriptedRelated linksU.S. medic",
    "link": "https://www.bms.com/healthcare-providers.html",
    "timestamp": "unknown"
  },
  {
    "title": "Learn about pre-approval accessLearn about post study drug access340B practice fact sheetDoctoRx Unscripted",
    "link": "https://www.bms.com/healthcare-providers/early-patient-access-to-investigational-medicine.html",
    "timestamp": "unknown"
  },
  {
    "title": "Learn about pre-approval access",
    "link": "https://www.bms.com/healthcare-providers/early-patient-access-to-investigational-medicine.html",
    "timestamp": "unknown"
  },
  {
    "title": "Learn about post study drug access",
    "link": "https://www.bms.com/healthcare-providers/post-study-drug-access.html",
    "timestamp": "unknown"
  },
  {
    "title": "340B practice fact sheet",
    "link": "https://www.bms.com/assets/bms/us/en-us/pdf/BMS-340B-Practice-Fact-Sheet.pdf",
    "timestamp": "unknown"
  },
  {
    "title": "DoctoRx Unscripted",
    "link": "https://www.bms.com/healthcare-providers/doctorx-unscripted-bold-conversations-about-patient-driven-science.html",
    "timestamp": "unknown"
  },
  {
    "title": "Related linksU.S. medical informationClinical trials",
    "link": "http://www.bmsmedinfo.com",
    "timestamp": "unknown"
  },
  {
    "title": "U.S. medical informationClinical trials",
    "link": "http://www.bmsmedinfo.com",
    "timestamp": "unknown"
  },
  {
    "title": "U.S. medical information",
    "link": "http://www.bmsmedinfo.com",
    "timestamp": "unknown"
  },
  {
    "title": "Clinical trials",
    "link": "https://www.bms.com/researchers-and-partners/clinical-trials-and-research.html",
    "timestamp": "unknown"
  },
  {
    "title": "ResearchersResearchersAreas of focusIn the pipelineR&D expert voicesClinical trials & researchIndependent researchPatient safetyRelated linksResearch ",
    "link": "https://www.bms.com/researchers-and-partners.html",
    "timestamp": "unknown"
  },
  {
    "title": "ResearchersAreas of focusIn the pipelineR&D expert voicesClinical trials & researchIndependent researchPatient safetyRelated linksResearch publication",
    "link": "https://www.bms.com/researchers-and-partners.html",
    "timestamp": "unknown"
  },
  {
    "title": "Areas of focusIn the pipelineR&D expert voicesClinical trials & researchIndependent researchPatient safety",
    "link": "https://www.bms.com/researchers-and-partners/areas-of-focus.html",
    "timestamp": "unknown"
  },
  {
    "title": "Areas of focus",
    "link": "https://www.bms.com/researchers-and-partners/areas-of-focus.html",
    "timestamp": "unknown"
  },
  {
    "title": "In the pipeline",
    "link": "https://www.bms.com/researchers-and-partners/in-the-pipeline.html",
    "timestamp": "unknown"
  },
  {
    "title": "R&D expert voices",
    "link": "https://www.bms.com/researchers-and-partners/our-r-and-d-team.html",
    "timestamp": "unknown"
  },
  {
    "title": "Clinical trials & research",
    "link": "https://www.bms.com/researchers-and-partners/clinical-trials-and-research.html",
    "timestamp": "unknown"
  },
  {
    "title": "Independent research",
    "link": "https://www.bms.com/researchers-and-partners/independent-research.html",
    "timestamp": "unknown"
  },
  {
    "title": "Patient safety",
    "link": "https://www.bms.com/researchers-and-partners/patient-safety.html",
    "timestamp": "unknown"
  },
  {
    "title": "Related linksResearch publicationsDisclosure commitmentAreas of interest & research grantsData sharing request processTranslational medicine",
    "link": "https://www.bms.com/researchers-and-partners/our-r-and-d-team/research-publications.html",
    "timestamp": "unknown"
  },
  {
    "title": "Research publicationsDisclosure commitmentAreas of interest & research grantsData sharing request processTranslational medicine",
    "link": "https://www.bms.com/researchers-and-partners/our-r-and-d-team/research-publications.html",
    "timestamp": "unknown"
  },
  {
    "title": "Research publications",
    "link": "https://www.bms.com/researchers-and-partners/our-r-and-d-team/research-publications.html",
    "timestamp": "unknown"
  },
  {
    "title": "Disclosure commitment",
    "link": "https://www.bms.com/researchers-and-partners/clinical-trials-and-research/disclosure-commitment.html",
    "timestamp": "unknown"
  },
  {
    "title": "Areas of interest & research grants",
    "link": "https://www.bms.com/researchers-and-partners/independent-research/competitive-research-grants.html",
    "timestamp": "unknown"
  },
  {
    "title": "Data sharing request process",
    "link": "https://www.bms.com/researchers-and-partners/independent-research/data-sharing-request-process.html",
    "timestamp": "unknown"
  },
  {
    "title": "Translational medicine",
    "link": "https://www.bms.com/researchers-and-partners/translational-medicine.html",
    "timestamp": "unknown"
  },
  {
    "title": "InvestorsInvestorsStock informationFinancial reportingAnalyst coverageEvents and presentationsShareholder servicesAcquisition-related information for ",
    "link": "https://www.bms.com/investors.html",
    "timestamp": "unknown"
  },
  {
    "title": "InvestorsStock informationFinancial reportingAnalyst coverageEvents and presentationsShareholder servicesAcquisition-related information for Celgene s",
    "link": "https://www.bms.com/investors.html",
    "timestamp": "unknown"
  },
  {
    "title": "Stock informationFinancial reportingAnalyst coverageEvents and presentationsShareholder servicesAcquisition-related information for Celgene shareholde",
    "link": "https://www.bms.com/investors/stock-information.html",
    "timestamp": "unknown"
  },
  {
    "title": "Stock information",
    "link": "https://www.bms.com/investors/stock-information.html",
    "timestamp": "unknown"
  },
  {
    "title": "Financial reporting",
    "link": "https://www.bms.com/investors/financial-reporting.html",
    "timestamp": "unknown"
  },
  {
    "title": "Analyst coverage",
    "link": "https://www.bms.com/investors/analyst-coverage.html",
    "timestamp": "unknown"
  },
  {
    "title": "Events and presentations",
    "link": "https://www.bms.com/investors/events-and-presentations.html",
    "timestamp": "unknown"
  },
  {
    "title": "Shareholder services",
    "link": "https://www.bms.com/investors/shareholder-services.html",
    "timestamp": "unknown"
  },
  {
    "title": "Acquisition-related information for Celgene shareholders",
    "link": "https://www.bms.com/investors/celgene-acquisition-investor-resources.html",
    "timestamp": "unknown"
  },
  {
    "title": "Investor contacts",
    "link": "https://www.bms.com/investors/investor-contacts.html",
    "timestamp": "unknown"
  },
  {
    "title": "Related linksAnnual reportsDividend historyInvestment return calculatorSEC filingsQuarterly results",
    "link": "https://www.bms.com/investors/financial-reporting/annual-reports.html",
    "timestamp": "unknown"
  },
  {
    "title": "Annual reportsDividend historyInvestment return calculatorSEC filingsQuarterly results",
    "link": "https://www.bms.com/investors/financial-reporting/annual-reports.html",
    "timestamp": "unknown"
  },
  {
    "title": "Annual reports",
    "link": "https://www.bms.com/investors/financial-reporting/annual-reports.html",
    "timestamp": "unknown"
  },
  {
    "title": "Dividend history",
    "link": "https://www.bms.com/investors/stock-information/dividend-history.html",
    "timestamp": "unknown"
  },
  {
    "title": "Investment return calculator",
    "link": "https://www.bms.com/investors/stock-information/investment-return-calculator.html",
    "timestamp": "unknown"
  },
  {
    "title": "SEC filings",
    "link": "https://www.bms.com/investors/financial-reporting/sec-filings.html",
    "timestamp": "unknown"
  },
  {
    "title": "Quarterly results",
    "link": "https://www.bms.com/investors/financial-reporting/quarterly-results.html",
    "timestamp": "unknown"
  },
  {
    "title": "Business developmentBusiness developmentOur partnershipsWhy partner with usAreas of interestBusiness development leadership teamEarly innovation at BM",
    "link": "https://www.bms.com/business-development.html",
    "timestamp": "unknown"
  },
  {
    "title": "Business developmentOur partnershipsWhy partner with usAreas of interestBusiness development leadership teamEarly innovation at BMSContact Business De",
    "link": "https://www.bms.com/business-development.html",
    "timestamp": "unknown"
  },
  {
    "title": "Our partnershipsWhy partner with usAreas of interestBusiness development leadership teamEarly innovation at BMSContact Business Development",
    "link": "https://www.bms.com/business-development/existing-partners.html",
    "timestamp": "unknown"
  },
  {
    "title": "Our partnerships",
    "link": "https://www.bms.com/business-development/existing-partners.html",
    "timestamp": "unknown"
  },
  {
    "title": "Why partner with us",
    "link": "https://www.bms.com/business-development/why-partner-with-us.html",
    "timestamp": "unknown"
  },
  {
    "title": "Areas of interest",
    "link": "https://www.bms.com/business-development/science-and-technology-areas-of-interest.html",
    "timestamp": "unknown"
  },
  {
    "title": "Business development leadership team",
    "link": "https://www.bms.com/business-development/partnering-leadership-team.html",
    "timestamp": "unknown"
  },
  {
    "title": "Early innovation at BMS",
    "link": "https://www.bms.com/business-development/early-innovation.html",
    "timestamp": "unknown"
  },
  {
    "title": "Contact Business Development",
    "link": "https://www.bms.com/business-development/begin-discussion.html",
    "timestamp": "unknown"
  },
  {
    "title": "Related linksDownload business development brochureDoing business with us as a supplier",
    "link": "https://www.bms.com/assets/bms/us/en-us/pdf/bms-business-development-brochure.pdf",
    "timestamp": "unknown"
  },
  {
    "title": "Download business development brochureDoing business with us as a supplier",
    "link": "https://www.bms.com/assets/bms/us/en-us/pdf/bms-business-development-brochure.pdf",
    "timestamp": "unknown"
  },
  {
    "title": "Download business development brochure",
    "link": "https://www.bms.com/assets/bms/us/en-us/pdf/bms-business-development-brochure.pdf",
    "timestamp": "unknown"
  },
  {
    "title": "Doing business with us as a supplier",
    "link": "https://www.bms.com/about-us/our-company/doing-business-with-us-as-a-supplier.html",
    "timestamp": "unknown"
  },
  {
    "title": "News & mediaNews & mediaPress releasesOur storiesMedia libraryMedia contactsRelated linksScientific media resourcesDisease state resourcesCorporate re",
    "link": "https://www.bms.com/media.html",
    "timestamp": "unknown"
  },
  {
    "title": "News & mediaPress releasesOur storiesMedia libraryMedia contactsRelated linksScientific media resourcesDisease state resourcesCorporate resources",
    "link": "https://www.bms.com/media.html",
    "timestamp": "unknown"
  },
  {
    "title": "Press releasesOur storiesMedia libraryMedia contacts",
    "link": "https://www.bms.com/media/press-releases.html",
    "timestamp": "unknown"
  },
  {
    "title": "Press releases",
    "link": "https://www.bms.com/media/press-releases.html",
    "timestamp": "unknown"
  },
  {
    "title": "Our stories",
    "link": "https://www.bms.com/life-and-science.html",
    "timestamp": "unknown"
  },
  {
    "title": "Media library",
    "link": "https://www.bms.com/media/media-library.html",
    "timestamp": "unknown"
  },
  {
    "title": "Media contacts",
    "link": "https://www.bms.com/media/media-contacts.html",
    "timestamp": "unknown"
  },
  {
    "title": "Related linksScientific media resourcesDisease state resourcesCorporate resources",
    "link": "https://www.bms.com/media/media-library/scientific-media-resources.html",
    "timestamp": "unknown"
  },
  {
    "title": "Scientific media resourcesDisease state resourcesCorporate resources",
    "link": "https://www.bms.com/media/media-library/scientific-media-resources.html",
    "timestamp": "unknown"
  },
  {
    "title": "Scientific media resources",
    "link": "https://www.bms.com/media/media-library/scientific-media-resources.html",
    "timestamp": "unknown"
  },
  {
    "title": "Disease state resources",
    "link": "https://www.bms.com/media/media-library/disease-state-infographics.html",
    "timestamp": "unknown"
  },
  {
    "title": "Corporate resources",
    "link": "https://www.bms.com/media/media-library/corporate-resources.html",
    "timestamp": "unknown"
  },
  {
    "title": "About usAbout usOur companyLeadershipOur scienceGlobal Inclusion & DiversityOur impactWorking at BMSContact usRelated linksGlobal Patient WeekOur tech",
    "link": "https://www.bms.com/about-us.html",
    "timestamp": "unknown"
  },
  {
    "title": "About usOur companyLeadershipOur scienceGlobal Inclusion & DiversityOur impactWorking at BMSContact usRelated linksGlobal Patient WeekOur technologies",
    "link": "https://www.bms.com/about-us.html",
    "timestamp": "unknown"
  },
  {
    "title": "Our companyLeadershipOur scienceGlobal Inclusion & DiversityOur impactWorking at BMSContact us",
    "link": "https://www.bms.com/about-us/our-company.html",
    "timestamp": "unknown"
  },
  {
    "title": "Our company",
    "link": "https://www.bms.com/about-us/our-company.html",
    "timestamp": "unknown"
  },
  {
    "title": "Leadership",
    "link": "https://www.bms.com/about-us/leadership.html",
    "timestamp": "unknown"
  },
  {
    "title": "Our science",
    "link": "https://www.bms.com/about-us/our-science.html",
    "timestamp": "unknown"
  },
  {
    "title": "Global Inclusion & Diversity",
    "link": "https://www.bms.com/about-us/global-diversity-and-inclusion.html",
    "timestamp": "unknown"
  },
  {
    "title": "Our impact",
    "link": "https://www.bms.com/about-us/our-impact.html",
    "timestamp": "unknown"
  },
  {
    "title": "Working at BMS",
    "link": "https://www.bms.com/about-us/working-at-bms.html",
    "timestamp": "unknown"
  },
  {
    "title": "Contact us",
    "link": "https://www.bms.com/about-us/contact-us.html",
    "timestamp": "unknown"
  },
  {
    "title": "Related linksGlobal Patient WeekOur technologiesOur historyOur locationsThe Bristol Myers Squibb FoundationResource groupsOur positions",
    "link": "https://www.bms.com/about-us/our-company/global-patient-week.html",
    "timestamp": "unknown"
  },
  {
    "title": "Global Patient WeekOur technologiesOur historyOur locationsThe Bristol Myers Squibb FoundationResource groupsOur positions",
    "link": "https://www.bms.com/about-us/our-company/global-patient-week.html",
    "timestamp": "unknown"
  },
  {
    "title": "Global Patient Week",
    "link": "https://www.bms.com/about-us/our-company/global-patient-week.html",
    "timestamp": "unknown"
  },
  {
    "title": "Our technologies",
    "link": "https://www.bms.com/about-us/our-company/our-technologies.html",
    "timestamp": "unknown"
  },
  {
    "title": "Our history",
    "link": "https://www.bms.com/about-us/our-company/history-timeline.html",
    "timestamp": "unknown"
  },
  {
    "title": "Our locations",
    "link": "https://www.bms.com/about-us/our-company/worldwide-facilities.html",
    "timestamp": "unknown"
  },
  {
    "title": "The Bristol Myers Squibb Foundation",
    "link": "https://www.bms.com/about-us/responsibility/bristol-myers-squibb-foundation.html",
    "timestamp": "unknown"
  },
  {
    "title": "Resource groups",
    "link": "https://www.bms.com/about-us/global-diversity-and-inclusion/people-and-business-resource-groups.html",
    "timestamp": "unknown"
  },
  {
    "title": "Our positions",
    "link": "https://www.bms.com/about-us/responsibility/position-on-key-issues.html",
    "timestamp": "unknown"
  },
  {
    "title": "HomeNews and mediaPress releases",
    "link": "https://www.bms.com/",
    "timestamp": "unknown"
  },
  {
    "title": "HomeNews and mediaPress releases",
    "link": "https://www.bms.com/",
    "timestamp": "unknown"
  },
  {
    "title": "Home",
    "link": "https://www.bms.com/",
    "timestamp": "unknown"
  },
  {
    "title": "News and media",
    "link": "https://www.bms.com/media.html",
    "timestamp": "unknown"
  },
  {
    "title": "Main navigationSitemapHomePatients & caregiversHealthcare providersResearchersInvestorsNews & mediaAbout usResourcesOur medicinesLegal noticePrivacy n",
    "link": "https://www.bms.com/site-map.html",
    "timestamp": "unknown"
  },
  {
    "title": "Main navigationSitemapHomePatients & caregiversHealthcare providersResearchersInvestorsNews & mediaAbout usResourcesOur medicinesLegal noticePrivacy n",
    "link": "https://www.bms.com/site-map.html",
    "timestamp": "unknown"
  },
  {
    "title": "Main navigationSitemapHomePatients & caregiversHealthcare providersResearchersInvestorsNews & mediaAbout usResourcesOur medicinesLegal noticePrivacy n",
    "link": "https://www.bms.com/site-map.html",
    "timestamp": "unknown"
  },
  {
    "title": "Main navigationSitemapHomePatients & caregiversHealthcare providersResearchersInvestorsNews & mediaAbout usResourcesOur medicinesLegal noticePrivacy n",
    "link": "https://www.bms.com/site-map.html",
    "timestamp": "unknown"
  },
  {
    "title": "Main navigationSitemapHomePatients & caregiversHealthcare providersResearchersInvestorsNews & mediaAbout us",
    "link": "https://www.bms.com/site-map.html",
    "timestamp": "unknown"
  },
  {
    "title": "Sitemap",
    "link": "https://www.bms.com/site-map.html",
    "timestamp": "unknown"
  },
  {
    "title": "Home",
    "link": "https://www.bms.com/",
    "timestamp": "unknown"
  },
  {
    "title": "Patients & caregivers",
    "link": "https://www.bms.com/patient-and-caregivers.html",
    "timestamp": "unknown"
  },
  {
    "title": "Healthcare providers",
    "link": "https://www.bms.com/healthcare-providers.html",
    "timestamp": "unknown"
  },
  {
    "title": "Researchers",
    "link": "https://www.bms.com/researchers-and-partners.html",
    "timestamp": "unknown"
  },
  {
    "title": "Investors",
    "link": "https://www.bms.com/investors.html",
    "timestamp": "unknown"
  },
  {
    "title": "News & media",
    "link": "https://www.bms.com/media.html",
    "timestamp": "unknown"
  },
  {
    "title": "About us",
    "link": "https://www.bms.com/about-us.html",
    "timestamp": "unknown"
  },
  {
    "title": "ResourcesOur medicinesLegal noticePrivacy notice centerTrademarksForward-looking statementBMS Modern Slavery Statement (PDF)",
    "link": "https://www.bms.com/patient-and-caregivers/our-medicines.html",
    "timestamp": "unknown"
  },
  {
    "title": "Our medicines",
    "link": "https://www.bms.com/patient-and-caregivers/our-medicines.html",
    "timestamp": "unknown"
  },
  {
    "title": "Legal notice",
    "link": "https://www.bms.com/legal-notice.html",
    "timestamp": "unknown"
  },
  {
    "title": "Privacy notice center",
    "link": "https://www.bms.com/privacy-policy.html",
    "timestamp": "unknown"
  },
  {
    "title": "Trademarks",
    "link": "https://www.bms.com/trademarks.html",
    "timestamp": "unknown"
  },
  {
    "title": "Forward-looking statement",
    "link": "https://www.bms.com/forward-looking-statement.html",
    "timestamp": "unknown"
  },
  {
    "title": "BMS Modern Slavery Statement (PDF)",
    "link": "https://www.bms.com/assets/bms/us/english-documents/our-principles/UK-CA-Slavery-Human-Trafficking-Statement.pdf",
    "timestamp": "unknown"
  },
  {
    "title": "Follow usCareersOur storiesContact usWorldwide locationsMay ,\u00a9  Bristol-Myers Squibb Company",
    "link": "http://www.facebook.com/BristolMyersSquibb",
    "timestamp": "unknown"
  },
  {
    "title": "Follow us",
    "link": "http://www.facebook.com/BristolMyersSquibb",
    "timestamp": "unknown"
  },
  {
    "title": "Careers",
    "link": "https://careers.bms.com",
    "timestamp": "unknown"
  },
  {
    "title": "Our stories",
    "link": "https://www.bms.com/life-and-science.html",
    "timestamp": "unknown"
  },
  {
    "title": "Contact us",
    "link": "https://www.bms.com/about-us/contact-us.html",
    "timestamp": "unknown"
  },
  {
    "title": "Worldwide locations",
    "link": "https://www.bms.com/about-us/our-company/worldwide-facilities.html",
    "timestamp": "unknown"
  }
]