[
  {
    "title": "ContactLinkedInTwitterHomeAboutOverviewLeadership TeamBoard of DirectorsScientific Advisory BoardOur CollaboratorsCulture & CommunityTechnologyCABA\u00ae P",
    "link": "https://www.cabalettabio.com/contact",
    "timestamp": "unknown"
  },
  {
    "title": "ContactLinkedInTwitterHomeAboutOverviewLeadership TeamBoard of DirectorsScientific Advisory BoardOur CollaboratorsCulture & CommunityTechnologyCABA\u00ae P",
    "link": "https://www.cabalettabio.com/contact",
    "timestamp": "unknown"
  },
  {
    "title": "ContactLinkedInTwitter",
    "link": "https://www.cabalettabio.com/contact",
    "timestamp": "unknown"
  },
  {
    "title": "ContactLinkedInTwitter",
    "link": "https://www.cabalettabio.com/contact",
    "timestamp": "unknown"
  },
  {
    "title": "ContactLinkedInTwitter",
    "link": "https://www.cabalettabio.com/contact",
    "timestamp": "unknown"
  },
  {
    "title": "HomeAboutOverviewLeadership TeamBoard of DirectorsScientific Advisory BoardOur CollaboratorsCulture & CommunityTechnologyCABA\u00ae PlatformPosters & Publi",
    "link": "https://www.cabalettabio.com/",
    "timestamp": "unknown"
  },
  {
    "title": "Home",
    "link": "https://www.cabalettabio.com/",
    "timestamp": "unknown"
  },
  {
    "title": "AboutOverviewLeadership TeamBoard of DirectorsScientific Advisory BoardOur CollaboratorsCulture & Community",
    "link": "https://www.cabalettabio.com/about",
    "timestamp": "unknown"
  },
  {
    "title": "Overview",
    "link": "https://www.cabalettabio.com/about",
    "timestamp": "unknown"
  },
  {
    "title": "Leadership Team",
    "link": "https://www.cabalettabio.com/about/leadership-team",
    "timestamp": "unknown"
  },
  {
    "title": "Board of Directors",
    "link": "https://www.cabalettabio.com/about/board-of-directors",
    "timestamp": "unknown"
  },
  {
    "title": "Scientific Advisory Board",
    "link": "https://www.cabalettabio.com/about/scientific-advisory-board",
    "timestamp": "unknown"
  },
  {
    "title": "Our Collaborators",
    "link": "https://www.cabalettabio.com/about/our-collaborators",
    "timestamp": "unknown"
  },
  {
    "title": "Culture & Community",
    "link": "https://www.cabalettabio.com/about/getreal",
    "timestamp": "unknown"
  },
  {
    "title": "TechnologyCABA\u00ae PlatformPosters & Publications",
    "link": "https://www.cabalettabio.com/technology/caba-platform",
    "timestamp": "unknown"
  },
  {
    "title": "CABA\u00ae Platform",
    "link": "https://www.cabalettabio.com/technology/caba-platform",
    "timestamp": "unknown"
  },
  {
    "title": "Posters & Publications",
    "link": "https://www.cabalettabio.com/technology/posters-publications",
    "timestamp": "unknown"
  },
  {
    "title": "PipelineOverviewCABA-",
    "link": "https://www.cabalettabio.com/pipeline",
    "timestamp": "unknown"
  },
  {
    "title": "Overview",
    "link": "https://www.cabalettabio.com/pipeline",
    "timestamp": "unknown"
  },
  {
    "title": "CABA-",
    "link": "https://www.cabalettabio.com/pipeline/caba-",
    "timestamp": "unknown"
  },
  {
    "title": "PatientsOverviewRESET-SLE\u2122 TrialRESET-Myositis\u2122 TrialRESET-SSc\u2122 TrialRESET-MG\u2122 TrialRESET-PV\u2122 TrialMusCAARTes\u2122 TrialExpanded Access Policy",
    "link": "https://www.cabalettabio.com/patients",
    "timestamp": "unknown"
  },
  {
    "title": "Overview",
    "link": "https://www.cabalettabio.com/patients",
    "timestamp": "unknown"
  },
  {
    "title": "RESET-SLE\u2122 Trial",
    "link": "https://www.cabalettabio.com/patients/phase--trial-in-lupus",
    "timestamp": "unknown"
  },
  {
    "title": "RESET-Myositis\u2122 Trial",
    "link": "https://www.cabalettabio.com/patients/phase--trial-in-myositis",
    "timestamp": "unknown"
  },
  {
    "title": "RESET-SSc\u2122 Trial",
    "link": "https://www.cabalettabio.com/patients/phase--trial-in-systemic-sclerosis",
    "timestamp": "unknown"
  },
  {
    "title": "RESET-MG\u2122 Trial",
    "link": "https://www.cabalettabio.com/patients/phase--trial-in-myasthenia-gravis",
    "timestamp": "unknown"
  },
  {
    "title": "RESET-PV\u2122 Trial",
    "link": "https://www.cabalettabio.com/patients/phase--trial-in-pemphigus-vulgaris",
    "timestamp": "unknown"
  },
  {
    "title": "MusCAARTes\u2122 Trial",
    "link": "https://www.cabalettabio.com/patients/muscaartes-phase--trial",
    "timestamp": "unknown"
  },
  {
    "title": "Expanded Access Policy",
    "link": "https://www.cabalettabio.com/patients/expanded-access-policy",
    "timestamp": "unknown"
  },
  {
    "title": "News & MediaPress ReleasesPresentationsEvents",
    "link": "https://www.cabalettabio.com/news-media/press-releases",
    "timestamp": "unknown"
  },
  {
    "title": "Press Releases",
    "link": "https://www.cabalettabio.com/news-media/press-releases",
    "timestamp": "unknown"
  },
  {
    "title": "Presentations",
    "link": "https://www.cabalettabio.com/news-media/presentations",
    "timestamp": "unknown"
  },
  {
    "title": "Events",
    "link": "https://www.cabalettabio.com/news-media/events",
    "timestamp": "unknown"
  },
  {
    "title": "InvestorsOverviewNews & EventsCompany InfoFinancial InfoStock DataSEC FilingsAnalyst CoverageGovernance",
    "link": "https://www.cabalettabio.com/investors",
    "timestamp": "unknown"
  },
  {
    "title": "Overview",
    "link": "https://www.cabalettabio.com/investors",
    "timestamp": "unknown"
  },
  {
    "title": "News & Events",
    "link": "https://www.cabalettabio.com/investors/news-events",
    "timestamp": "unknown"
  },
  {
    "title": "Company Info",
    "link": "https://www.cabalettabio.com/investors/company-information",
    "timestamp": "unknown"
  },
  {
    "title": "Financial Info",
    "link": "https://www.cabalettabio.com/investors/financial-information",
    "timestamp": "unknown"
  },
  {
    "title": "Stock Data",
    "link": "https://www.cabalettabio.com/investors/stock-data",
    "timestamp": "unknown"
  },
  {
    "title": "SEC Filings",
    "link": "https://www.cabalettabio.com/investors/sec-filings",
    "timestamp": "unknown"
  },
  {
    "title": "Analyst Coverage",
    "link": "https://www.cabalettabio.com/investors/analyst-coverage",
    "timestamp": "unknown"
  },
  {
    "title": "Governance",
    "link": "https://www.cabalettabio.com/investors/corporate-governance",
    "timestamp": "unknown"
  },
  {
    "title": "Join Our Crew",
    "link": "https://www.cabalettabio.com/join-our-crew",
    "timestamp": "unknown"
  },
  {
    "title": "Contact",
    "link": "https://www.cabalettabio.com/contact",
    "timestamp": "unknown"
  },
  {
    "title": "Our RESETTMclinical trials with CABA- (investigational CD19-CAR T cell therapy) inlupus,myositis,systemic sclerosis,myasthenia gravis, andpemphigus vu",
    "link": "https://www.cabalettabio.com/patients/phase--trial-in-lupus",
    "timestamp": "unknown"
  },
  {
    "title": "Our RESETTMclinical trials with CABA- (investigational CD19-CAR T cell therapy) inlupus,myositis,systemic sclerosis,myasthenia gravis, andpemphigus vu",
    "link": "https://www.cabalettabio.com/patients/phase--trial-in-lupus",
    "timestamp": "unknown"
  },
  {
    "title": "Our RESETTMclinical trials with CABA- (investigational CD19-CAR T cell therapy) inlupus,myositis,systemic sclerosis,myasthenia gravis, andpemphigus vu",
    "link": "https://www.cabalettabio.com/patients/phase--trial-in-lupus",
    "timestamp": "unknown"
  },
  {
    "title": "Our RESETTMclinical trials with CABA- (investigational CD19-CAR T cell therapy) inlupus,myositis,systemic sclerosis,myasthenia gravis, andpemphigus vu",
    "link": "https://www.cabalettabio.com/patients/phase--trial-in-lupus",
    "timestamp": "unknown"
  },
  {
    "title": "Our RESETTMclinical trials with CABA- (investigational CD19-CAR T cell therapy) inlupus,myositis,systemic sclerosis,myasthenia gravis, andpemphigus vu",
    "link": "https://www.cabalettabio.com/patients/phase--trial-in-lupus",
    "timestamp": "unknown"
  },
  {
    "title": "InvestorsOverviewNews & EventsOverviewPress ReleasesIR CalendarEmail AlertsCompany InfoOverviewManagement TeamPresentationsContactsFAQFinancial InfoOv",
    "link": "https://www.cabalettabio.com/investors/news-events/press-releases",
    "timestamp": "unknown"
  },
  {
    "title": "InvestorsOverviewNews & EventsOverviewPress ReleasesIR CalendarEmail AlertsCompany InfoOverviewManagement TeamPresentationsContactsFAQFinancial InfoOv",
    "link": "https://www.cabalettabio.com/investors/news-events/press-releases",
    "timestamp": "unknown"
  },
  {
    "title": "Overview",
    "link": "https://www.cabalettabio.com/investors",
    "timestamp": "unknown"
  },
  {
    "title": "News & EventsOverviewPress ReleasesIR CalendarEmail Alerts",
    "link": "https://www.cabalettabio.com/investors/news-events",
    "timestamp": "unknown"
  },
  {
    "title": "Overview",
    "link": "https://www.cabalettabio.com/investors/news-events",
    "timestamp": "unknown"
  },
  {
    "title": "Press Releases",
    "link": "https://www.cabalettabio.com/investors/news-events/press-releases",
    "timestamp": "unknown"
  },
  {
    "title": "IR Calendar",
    "link": "https://www.cabalettabio.com/investors/news-events/ir-calendar",
    "timestamp": "unknown"
  },
  {
    "title": "Email Alerts",
    "link": "https://www.cabalettabio.com/investors/news-events/email-alerts",
    "timestamp": "unknown"
  },
  {
    "title": "Company InfoOverviewManagement TeamPresentationsContactsFAQ",
    "link": "https://www.cabalettabio.com/investors/company-information",
    "timestamp": "unknown"
  },
  {
    "title": "Overview",
    "link": "https://www.cabalettabio.com/investors/company-information",
    "timestamp": "unknown"
  },
  {
    "title": "Management Team",
    "link": "https://www.cabalettabio.com/investors/company-information/management-team",
    "timestamp": "unknown"
  },
  {
    "title": "Presentations",
    "link": "https://www.cabalettabio.com/investors/company-information/presentations",
    "timestamp": "unknown"
  },
  {
    "title": "Contacts",
    "link": "https://www.cabalettabio.com/investors/company-information/contacts",
    "timestamp": "unknown"
  },
  {
    "title": "FAQ",
    "link": "https://www.cabalettabio.com/investors/company-information/faq",
    "timestamp": "unknown"
  },
  {
    "title": "Financial InfoOverviewFinancial ResultsIncome StatementBalance SheetCash Flow",
    "link": "https://www.cabalettabio.com/investors/financial-information",
    "timestamp": "unknown"
  },
  {
    "title": "Overview",
    "link": "https://www.cabalettabio.com/investors/financial-information",
    "timestamp": "unknown"
  },
  {
    "title": "Financial Results",
    "link": "https://www.cabalettabio.com/investors/financial-information/financial-results",
    "timestamp": "unknown"
  },
  {
    "title": "Income Statement",
    "link": "https://www.cabalettabio.com/investors/financial-information/income-statement",
    "timestamp": "unknown"
  },
  {
    "title": "Balance Sheet",
    "link": "https://www.cabalettabio.com/investors/financial-information/balance-sheet",
    "timestamp": "unknown"
  },
  {
    "title": "Cash Flow",
    "link": "https://www.cabalettabio.com/investors/financial-information/cash-flow",
    "timestamp": "unknown"
  },
  {
    "title": "Stock DataQuoteChartsHistorical Data",
    "link": "https://www.cabalettabio.com/investors/stock-data",
    "timestamp": "unknown"
  },
  {
    "title": "Quote",
    "link": "https://www.cabalettabio.com/investors/stock-data/quote",
    "timestamp": "unknown"
  },
  {
    "title": "Charts",
    "link": "https://www.cabalettabio.com/investors/stock-data/charts",
    "timestamp": "unknown"
  },
  {
    "title": "Historical Data",
    "link": "https://www.cabalettabio.com/investors/stock-data/historical-data",
    "timestamp": "unknown"
  },
  {
    "title": "SEC FilingsOverviewAll SEC FilingsAnnual ReportsQuarterly ReportsSection  Filings",
    "link": "https://www.cabalettabio.com/investors/sec-filings",
    "timestamp": "unknown"
  },
  {
    "title": "Overview",
    "link": "https://www.cabalettabio.com/investors/sec-filings",
    "timestamp": "unknown"
  },
  {
    "title": "All SEC Filings",
    "link": "https://www.cabalettabio.com/investors/sec-filings/all-sec-filings",
    "timestamp": "unknown"
  },
  {
    "title": "Annual Reports",
    "link": "https://www.cabalettabio.com/investors/sec-filings/annual-reports",
    "timestamp": "unknown"
  },
  {
    "title": "Quarterly Reports",
    "link": "https://www.cabalettabio.com/investors/sec-filings/quarterly-reports",
    "timestamp": "unknown"
  },
  {
    "title": "Section  Filings",
    "link": "https://www.cabalettabio.com/investors/sec-filings/section--filings",
    "timestamp": "unknown"
  },
  {
    "title": "Analyst Coverage",
    "link": "https://www.cabalettabio.com/investors/analyst-coverage",
    "timestamp": "unknown"
  },
  {
    "title": "GovernanceOverviewBoard of DirectorsBoard CommitteesGovernance Documents",
    "link": "https://www.cabalettabio.com/investors/corporate-governance",
    "timestamp": "unknown"
  },
  {
    "title": "Overview",
    "link": "https://www.cabalettabio.com/investors/corporate-governance",
    "timestamp": "unknown"
  },
  {
    "title": "Board of Directors",
    "link": "https://www.cabalettabio.com/investors/corporate-governance/board-of-directors",
    "timestamp": "unknown"
  },
  {
    "title": "Board Committees",
    "link": "https://www.cabalettabio.com/investors/corporate-governance/board-committees",
    "timestamp": "unknown"
  },
  {
    "title": "Governance Documents",
    "link": "https://www.cabalettabio.com/investors/corporate-governance/governance-documents",
    "timestamp": "unknown"
  },
  {
    "title": "News & EventsOverviewPress ReleasesIR CalendarEmail AlertsYearAll YearsCategoryAll ReleasesFinancial ReleasesOct ,   EDTCabaletta Bio Presents First R",
    "link": "https://www.cabalettabio.com/investors/news-events",
    "timestamp": "unknown"
  },
  {
    "title": "News & EventsOverviewPress ReleasesIR CalendarEmail AlertsYearAll YearsCategoryAll ReleasesFinancial ReleasesOct ,   EDTCabaletta Bio Presents First R",
    "link": "https://www.cabalettabio.com/investors/news-events",
    "timestamp": "unknown"
  },
  {
    "title": "News & EventsOverviewPress ReleasesIR CalendarEmail Alerts",
    "link": "https://www.cabalettabio.com/investors/news-events",
    "timestamp": "unknown"
  },
  {
    "title": "Overview",
    "link": "https://www.cabalettabio.com/investors/news-events",
    "timestamp": "unknown"
  },
  {
    "title": "Press Releases",
    "link": "https://www.cabalettabio.com/investors/news-events/press-releases",
    "timestamp": "unknown"
  },
  {
    "title": "IR Calendar",
    "link": "https://www.cabalettabio.com/investors/news-events/ir-calendar",
    "timestamp": "unknown"
  },
  {
    "title": "Email Alerts",
    "link": "https://www.cabalettabio.com/investors/news-events/email-alerts",
    "timestamp": "unknown"
  },
  {
    "title": "YearAll YearsCategoryAll ReleasesFinancial ReleasesOct ,   EDTCabaletta Bio Presents First Rese-cel Data with No Preconditioning Demonstrating Biologi",
    "link": "https://www.cabalettabio.com/investors/news-events/press-releases/detail//cabaletta-bio-presents-first-rese-cel-data-with-no",
    "timestamp": "unknown"
  },
  {
    "title": "Oct ,   EDTCabaletta Bio Presents First Rese-cel Data with No Preconditioning Demonstrating Biologic Activity and Early Clinical Responses at the  ESG",
    "link": "https://www.cabalettabio.com/investors/news-events/press-releases/detail//cabaletta-bio-presents-first-rese-cel-data-with-no",
    "timestamp": "unknown"
  },
  {
    "title": "Oct ,   EDTCabaletta Bio Presents First Rese-cel Data with No Preconditioning Demonstrating Biologic Activity and Early Clinical Responses at the  ESG",
    "link": "https://www.cabalettabio.com/investors/news-events/press-releases/detail//cabaletta-bio-presents-first-rese-cel-data-with-no",
    "timestamp": "unknown"
  },
  {
    "title": "Aug ,   EDTCabaletta Bio to Participate in Upcoming Investor Conferences in September",
    "link": "https://www.cabalettabio.com/investors/news-events/press-releases/detail//cabaletta-bio-to-participate-in-upcoming-investor",
    "timestamp": "unknown"
  },
  {
    "title": "Aug ,   EDTCabaletta Bio to Participate in Upcoming Investor Conferences in September",
    "link": "https://www.cabalettabio.com/investors/news-events/press-releases/detail//cabaletta-bio-to-participate-in-upcoming-investor",
    "timestamp": "unknown"
  },
  {
    "title": "Aug ,   EDTCabaletta Bio Reports Second Quarter  Financial Results and Provides Business Update",
    "link": "https://www.cabalettabio.com/investors/news-events/press-releases/detail//cabaletta-bio-reports-second-quarter--financial-results",
    "timestamp": "unknown"
  },
  {
    "title": "Aug ,   EDTCabaletta Bio Reports Second Quarter  Financial Results and Provides Business Update",
    "link": "https://www.cabalettabio.com/investors/news-events/press-releases/detail//cabaletta-bio-reports-second-quarter--financial-results",
    "timestamp": "unknown"
  },
  {
    "title": "Jun ,   EDTCabaletta Bio Announces Pricing of Public Offering of Securities",
    "link": "https://www.cabalettabio.com/investors/news-events/press-releases/detail//cabaletta-bio-announces-pricing-of-public-offering-of",
    "timestamp": "unknown"
  },
  {
    "title": "Jun ,   EDTCabaletta Bio Announces Pricing of Public Offering of Securities",
    "link": "https://www.cabalettabio.com/investors/news-events/press-releases/detail//cabaletta-bio-announces-pricing-of-public-offering-of",
    "timestamp": "unknown"
  },
  {
    "title": "Jun ,   EDTCabaletta Bio Announces Proposed Public Offering of Securities",
    "link": "https://www.cabalettabio.com/investors/news-events/press-releases/detail//cabaletta-bio-announces-proposed-public-offering-of",
    "timestamp": "unknown"
  },
  {
    "title": "Jun ,   EDTCabaletta Bio Announces Proposed Public Offering of Securities",
    "link": "https://www.cabalettabio.com/investors/news-events/press-releases/detail//cabaletta-bio-announces-proposed-public-offering-of",
    "timestamp": "unknown"
  },
  {
    "title": "Jun ,   EDTCabaletta Bio Announces New Rese-cel Safety and Efficacy Data in Patients with Myositis, Lupus and Scleroderma to Be Presented at the EULAR",
    "link": "https://www.cabalettabio.com/investors/news-events/press-releases/detail//cabaletta-bio-announces-new-rese-cel-safety-and-efficacy",
    "timestamp": "unknown"
  },
  {
    "title": "Jun ,   EDTCabaletta Bio Announces New Rese-cel Safety and Efficacy Data in Patients with Myositis, Lupus and Scleroderma to Be Presented at the EULAR",
    "link": "https://www.cabalettabio.com/investors/news-events/press-releases/detail//cabaletta-bio-announces-new-rese-cel-safety-and-efficacy",
    "timestamp": "unknown"
  },
  {
    "title": "May ,   EDTCabaletta Bio to Participate in the Jefferies Global Healthcare Conference",
    "link": "https://www.cabalettabio.com/investors/news-events/press-releases/detail//cabaletta-bio-to-participate-in-the-jefferies-global",
    "timestamp": "unknown"
  },
  {
    "title": "May ,   EDTCabaletta Bio to Participate in the Jefferies Global Healthcare Conference",
    "link": "https://www.cabalettabio.com/investors/news-events/press-releases/detail//cabaletta-bio-to-participate-in-the-jefferies-global",
    "timestamp": "unknown"
  },
  {
    "title": "May ,   EDTCabaletta Bio Announces  Rese-cel BLA Submission Anticipated in Myositis Following Recent FDA Alignment on Registrational Cohorts",
    "link": "https://www.cabalettabio.com/investors/news-events/press-releases/detail//cabaletta-bio-announces--rese-cel-bla-submission",
    "timestamp": "unknown"
  },
  {
    "title": "May ,   EDTCabaletta Bio Announces  Rese-cel BLA Submission Anticipated in Myositis Following Recent FDA Alignment on Registrational Cohorts",
    "link": "https://www.cabalettabio.com/investors/news-events/press-releases/detail//cabaletta-bio-announces--rese-cel-bla-submission",
    "timestamp": "unknown"
  },
  {
    "title": "Mar ,   EDTCabaletta Bio Reports Fourth Quarter and Full Year  Financial Results and Provides Business Update",
    "link": "https://www.cabalettabio.com/investors/news-events/press-releases/detail//cabaletta-bio-reports-fourth-quarter-and-full-year-",
    "timestamp": "unknown"
  },
  {
    "title": "Mar ,   EDTCabaletta Bio Reports Fourth Quarter and Full Year  Financial Results and Provides Business Update",
    "link": "https://www.cabalettabio.com/investors/news-events/press-releases/detail//cabaletta-bio-reports-fourth-quarter-and-full-year-",
    "timestamp": "unknown"
  },
  {
    "title": "Feb ,   ESTCabaletta Bio to Participate in the TD Cowen 45th Annual Health Care Conference",
    "link": "https://www.cabalettabio.com/investors/news-events/press-releases/detail//cabaletta-bio-to-participate-in-the-td-cowen-45th-annual",
    "timestamp": "unknown"
  },
  {
    "title": "Feb ,   ESTCabaletta Bio to Participate in the TD Cowen 45th Annual Health Care Conference",
    "link": "https://www.cabalettabio.com/investors/news-events/press-releases/detail//cabaletta-bio-to-participate-in-the-td-cowen-45th-annual",
    "timestamp": "unknown"
  },
  {
    "title": "\u2026Next",
    "link": "https://www.cabalettabio.com/investors/news-events/press-releases?page=",
    "timestamp": "unknown"
  },
  {
    "title": "\u2026",
    "link": "https://www.cabalettabio.com/investors/news-events/press-releases?page=",
    "timestamp": "unknown"
  },
  {
    "title": "Next",
    "link": "https://www.cabalettabio.com/investors/news-events/press-releases?page=",
    "timestamp": "unknown"
  },
  {
    "title": "Email AlertsContactsRSS News Feed",
    "link": "https://www.cabalettabio.com/investors/news-events/email-alerts",
    "timestamp": "unknown"
  },
  {
    "title": "Email Alerts",
    "link": "https://www.cabalettabio.com/investors/news-events/email-alerts",
    "timestamp": "unknown"
  },
  {
    "title": "Contacts",
    "link": "https://www.cabalettabio.com/investors/company-information/contacts",
    "timestamp": "unknown"
  },
  {
    "title": "RSS News Feed",
    "link": "https://www.cabalettabio.com/investors/news-events/press-releases/rss",
    "timestamp": "unknown"
  },
  {
    "title": "AboutTechnologyPipelinePatientsNews & MediaInvestorsJoin Our CrewArch StreetSuitePhiladelphia, PA\u00a9Cabaletta Bio, Inc.All Rights Reserved.DisclaimerTer",
    "link": "https://www.cabalettabio.com/",
    "timestamp": "unknown"
  },
  {
    "title": "AboutTechnologyPipelinePatientsNews & MediaInvestorsJoin Our CrewArch StreetSuitePhiladelphia, PA",
    "link": "https://www.cabalettabio.com/",
    "timestamp": "unknown"
  },
  {
    "title": "AboutTechnologyPipelinePatientsNews & MediaInvestorsJoin Our CrewArch StreetSuitePhiladelphia, PA",
    "link": "https://www.cabalettabio.com/",
    "timestamp": "unknown"
  },
  {
    "title": "AboutTechnologyPipelinePatientsNews & MediaInvestorsJoin Our CrewArch StreetSuitePhiladelphia, PA",
    "link": "https://www.cabalettabio.com/",
    "timestamp": "unknown"
  },
  {
    "title": "AboutTechnologyPipelinePatientsNews & MediaInvestorsJoin Our Crew",
    "link": "https://www.cabalettabio.com/about",
    "timestamp": "unknown"
  },
  {
    "title": "About",
    "link": "https://www.cabalettabio.com/about",
    "timestamp": "unknown"
  },
  {
    "title": "Technology",
    "link": "https://www.cabalettabio.com/technology/caba-platform",
    "timestamp": "unknown"
  },
  {
    "title": "Pipeline",
    "link": "https://www.cabalettabio.com/pipeline",
    "timestamp": "unknown"
  },
  {
    "title": "Patients",
    "link": "https://www.cabalettabio.com/patients",
    "timestamp": "unknown"
  },
  {
    "title": "News & Media",
    "link": "https://www.cabalettabio.com/news-media/press-releases",
    "timestamp": "unknown"
  },
  {
    "title": "Investors",
    "link": "https://www.cabalettabio.com/investors",
    "timestamp": "unknown"
  },
  {
    "title": "Join Our Crew",
    "link": "https://www.cabalettabio.com/join-our-crew",
    "timestamp": "unknown"
  },
  {
    "title": "\u00a9Cabaletta Bio, Inc.All Rights Reserved.DisclaimerTerms of UseSitemapPrivacy NoticeHR Privacy Notice (EU)",
    "link": "https://www.cabalettabio.com/",
    "timestamp": "unknown"
  },
  {
    "title": "\u00a9Cabaletta Bio, Inc.All Rights Reserved.DisclaimerTerms of UseSitemapPrivacy NoticeHR Privacy Notice (EU)",
    "link": "https://www.cabalettabio.com/",
    "timestamp": "unknown"
  },
  {
    "title": "\u00a9Cabaletta Bio, Inc.All Rights Reserved.",
    "link": "https://www.cabalettabio.com/",
    "timestamp": "unknown"
  },
  {
    "title": "DisclaimerTerms of UseSitemapPrivacy NoticeHR Privacy Notice (EU)",
    "link": "https://www.cabalettabio.com/disclaimer",
    "timestamp": "unknown"
  }
]