[
  {
    "title": "OverviewNews & EventsPress ReleasesEvents & PresentationsStock InformationStock Quote & ChartHistorical Price LookupAnalyst CoverageGovernance & Finan",
    "link": "https://climbbio.com/",
    "timestamp": "unknown"
  },
  {
    "title": "OverviewNews & EventsPress ReleasesEvents & PresentationsStock InformationStock Quote & ChartHistorical Price LookupAnalyst CoverageGovernance & Finan",
    "link": "https://climbbio.com/",
    "timestamp": "unknown"
  },
  {
    "title": "Overview",
    "link": "https://ir.climbbio.com/investor-relations",
    "timestamp": "unknown"
  },
  {
    "title": "News & EventsPress ReleasesEvents & Presentations",
    "link": "https://ir.climbbio.com/news-events/press-releases",
    "timestamp": "unknown"
  },
  {
    "title": "Press Releases",
    "link": "https://ir.climbbio.com/news-events/press-releases",
    "timestamp": "unknown"
  },
  {
    "title": "Events & Presentations",
    "link": "https://ir.climbbio.com/news-events/events-and-presentations",
    "timestamp": "unknown"
  },
  {
    "title": "Stock InformationStock Quote & ChartHistorical Price LookupAnalyst Coverage",
    "link": "https://ir.climbbio.com/stock-information/stock-quote-chart",
    "timestamp": "unknown"
  },
  {
    "title": "Stock Quote & Chart",
    "link": "https://ir.climbbio.com/stock-information/stock-quote-chart",
    "timestamp": "unknown"
  },
  {
    "title": "Historical Price Lookup",
    "link": "https://ir.climbbio.com/stock-information/historical-price-lookup",
    "timestamp": "unknown"
  },
  {
    "title": "Analyst Coverage",
    "link": "https://ir.climbbio.com/stock-information/analyst-coverage",
    "timestamp": "unknown"
  },
  {
    "title": "Governance & FinancialsDocuments & ChartersCommittee CompositionFinancials & Filings",
    "link": "https://ir.climbbio.com/governance-financials/documents-charters",
    "timestamp": "unknown"
  },
  {
    "title": "Documents & Charters",
    "link": "https://ir.climbbio.com/governance-financials/documents-charters",
    "timestamp": "unknown"
  },
  {
    "title": "Committee Composition",
    "link": "https://ir.climbbio.com/governance-financials/committee-composition",
    "timestamp": "unknown"
  },
  {
    "title": "Financials & Filings",
    "link": "https://ir.climbbio.com/governance-financials/sec-filings",
    "timestamp": "unknown"
  },
  {
    "title": "Investor ResourcesInvestor FAQsEmail AlertsContact IR",
    "link": "https://ir.climbbio.com/ir-resources/faqs",
    "timestamp": "unknown"
  },
  {
    "title": "Investor FAQs",
    "link": "https://ir.climbbio.com/ir-resources/faqs",
    "timestamp": "unknown"
  },
  {
    "title": "Email Alerts",
    "link": "https://ir.climbbio.com/ir-resources/email-alerts",
    "timestamp": "unknown"
  },
  {
    "title": "Contact IR",
    "link": "https://ir.climbbio.com/ir-resources/contact-ir",
    "timestamp": "unknown"
  },
  {
    "title": "OverviewNews & EventsInvestor MenuPress ReleasesEvents & PresentationsStock InformationInvestor MenuStock Quote & ChartHistorical Price LookupAnalyst ",
    "link": "https://ir.climbbio.com/investor-relations",
    "timestamp": "unknown"
  },
  {
    "title": "OverviewNews & EventsInvestor MenuPress ReleasesEvents & PresentationsStock InformationInvestor MenuStock Quote & ChartHistorical Price LookupAnalyst ",
    "link": "https://ir.climbbio.com/investor-relations",
    "timestamp": "unknown"
  },
  {
    "title": "OverviewNews & EventsInvestor MenuPress ReleasesEvents & PresentationsStock InformationInvestor MenuStock Quote & ChartHistorical Price LookupAnalyst ",
    "link": "https://ir.climbbio.com/investor-relations",
    "timestamp": "unknown"
  },
  {
    "title": "OverviewNews & EventsInvestor MenuPress ReleasesEvents & PresentationsStock InformationInvestor MenuStock Quote & ChartHistorical Price LookupAnalyst ",
    "link": "https://ir.climbbio.com/investor-relations",
    "timestamp": "unknown"
  },
  {
    "title": "Overview",
    "link": "https://ir.climbbio.com/investor-relations",
    "timestamp": "unknown"
  },
  {
    "title": "News & EventsInvestor MenuPress ReleasesEvents & Presentations",
    "link": "https://ir.climbbio.com/news-events/press-releases",
    "timestamp": "unknown"
  },
  {
    "title": "Press ReleasesEvents & Presentations",
    "link": "https://ir.climbbio.com/news-events/press-releases",
    "timestamp": "unknown"
  },
  {
    "title": "Press ReleasesEvents & Presentations",
    "link": "https://ir.climbbio.com/news-events/press-releases",
    "timestamp": "unknown"
  },
  {
    "title": "Press Releases",
    "link": "https://ir.climbbio.com/news-events/press-releases",
    "timestamp": "unknown"
  },
  {
    "title": "Events & Presentations",
    "link": "https://ir.climbbio.com/news-events/events-and-presentations",
    "timestamp": "unknown"
  },
  {
    "title": "Stock InformationInvestor MenuStock Quote & ChartHistorical Price LookupAnalyst Coverage",
    "link": "https://ir.climbbio.com/stock-information/stock-quote-chart",
    "timestamp": "unknown"
  },
  {
    "title": "Stock Quote & ChartHistorical Price LookupAnalyst Coverage",
    "link": "https://ir.climbbio.com/stock-information/stock-quote-chart",
    "timestamp": "unknown"
  },
  {
    "title": "Stock Quote & ChartHistorical Price LookupAnalyst Coverage",
    "link": "https://ir.climbbio.com/stock-information/stock-quote-chart",
    "timestamp": "unknown"
  },
  {
    "title": "Stock Quote & Chart",
    "link": "https://ir.climbbio.com/stock-information/stock-quote-chart",
    "timestamp": "unknown"
  },
  {
    "title": "Historical Price Lookup",
    "link": "https://ir.climbbio.com/stock-information/historical-price-lookup",
    "timestamp": "unknown"
  },
  {
    "title": "Analyst Coverage",
    "link": "https://ir.climbbio.com/stock-information/analyst-coverage",
    "timestamp": "unknown"
  },
  {
    "title": "Governance & FinancialsInvestor MenuDocuments & ChartersCommittee CompositionSEC Filings",
    "link": "https://ir.climbbio.com/governance-financials/documents-charters",
    "timestamp": "unknown"
  },
  {
    "title": "Documents & ChartersCommittee CompositionSEC Filings",
    "link": "https://ir.climbbio.com/governance-financials/documents-charters",
    "timestamp": "unknown"
  },
  {
    "title": "Documents & ChartersCommittee CompositionSEC Filings",
    "link": "https://ir.climbbio.com/governance-financials/documents-charters",
    "timestamp": "unknown"
  },
  {
    "title": "Documents & Charters",
    "link": "https://ir.climbbio.com/governance-financials/documents-charters",
    "timestamp": "unknown"
  },
  {
    "title": "Committee Composition",
    "link": "https://ir.climbbio.com/governance-financials/committee-composition",
    "timestamp": "unknown"
  },
  {
    "title": "SEC Filings",
    "link": "https://ir.climbbio.com/governance-financials/sec-filings",
    "timestamp": "unknown"
  },
  {
    "title": "Investors ResourcesInvestor MenuInvestor FAQsEmail AlertsContact IR",
    "link": "https://ir.climbbio.com/ir-resources/faqs",
    "timestamp": "unknown"
  },
  {
    "title": "Investor FAQsEmail AlertsContact IR",
    "link": "https://ir.climbbio.com/ir-resources/faqs",
    "timestamp": "unknown"
  },
  {
    "title": "Investor FAQsEmail AlertsContact IR",
    "link": "https://ir.climbbio.com/ir-resources/faqs",
    "timestamp": "unknown"
  },
  {
    "title": "Investor FAQs",
    "link": "https://ir.climbbio.com/ir-resources/faqs",
    "timestamp": "unknown"
  },
  {
    "title": "Email Alerts",
    "link": "https://ir.climbbio.com/ir-resources/email-alerts",
    "timestamp": "unknown"
  },
  {
    "title": "Contact IR",
    "link": "https://ir.climbbio.com/ir-resources/contact-ir",
    "timestamp": "unknown"
  },
  {
    "title": "PresentationsAug ,Climb Bio Investor Presentation August. KBUpcoming EventsSep ,EDTBaird Global Healthcare ConferenceAdd to OutlookAdd to Google Calen",
    "link": "https://ir.climbbio.com/static-files/d8723c9d-30fb-4b02--5be78891712c",
    "timestamp": "unknown"
  },
  {
    "title": "PresentationsAug ,Climb Bio Investor Presentation August. KBUpcoming EventsSep ,EDTBaird Global Healthcare ConferenceAdd to OutlookAdd to Google Calen",
    "link": "https://ir.climbbio.com/static-files/d8723c9d-30fb-4b02--5be78891712c",
    "timestamp": "unknown"
  },
  {
    "title": "PresentationsAug ,Climb Bio Investor Presentation August. KBUpcoming EventsSep ,EDTBaird Global Healthcare ConferenceAdd to OutlookAdd to Google Calen",
    "link": "https://ir.climbbio.com/static-files/d8723c9d-30fb-4b02--5be78891712c",
    "timestamp": "unknown"
  },
  {
    "title": "PresentationsAug ,Climb Bio Investor Presentation August. KBUpcoming EventsSep ,EDTBaird Global Healthcare ConferenceAdd to OutlookAdd to Google Calen",
    "link": "https://ir.climbbio.com/static-files/d8723c9d-30fb-4b02--5be78891712c",
    "timestamp": "unknown"
  },
  {
    "title": "PresentationsAug ,Climb Bio Investor Presentation August. KBUpcoming EventsSep ,EDTBaird Global Healthcare ConferenceAdd to OutlookAdd to Google Calen",
    "link": "https://ir.climbbio.com/static-files/d8723c9d-30fb-4b02--5be78891712c",
    "timestamp": "unknown"
  },
  {
    "title": "PresentationsAug ,Climb Bio Investor Presentation August. KBUpcoming EventsSep ,EDTBaird Global Healthcare ConferenceAdd to OutlookAdd to Google Calen",
    "link": "https://ir.climbbio.com/static-files/d8723c9d-30fb-4b02--5be78891712c",
    "timestamp": "unknown"
  },
  {
    "title": "PresentationsAug ,Climb Bio Investor Presentation August. KBUpcoming EventsSep ,EDTBaird Global Healthcare ConferenceAdd to OutlookAdd to Google Calen",
    "link": "https://ir.climbbio.com/static-files/d8723c9d-30fb-4b02--5be78891712c",
    "timestamp": "unknown"
  },
  {
    "title": "PresentationsAug ,Climb Bio Investor Presentation August. KBUpcoming EventsSep ,EDTBaird Global Healthcare ConferenceAdd to OutlookAdd to Google Calen",
    "link": "https://ir.climbbio.com/static-files/d8723c9d-30fb-4b02--5be78891712c",
    "timestamp": "unknown"
  },
  {
    "title": "PresentationsAug ,Climb Bio Investor Presentation August. KB",
    "link": "https://ir.climbbio.com/static-files/d8723c9d-30fb-4b02--5be78891712c",
    "timestamp": "unknown"
  },
  {
    "title": "PresentationsAug ,Climb Bio Investor Presentation August. KB",
    "link": "https://ir.climbbio.com/static-files/d8723c9d-30fb-4b02--5be78891712c",
    "timestamp": "unknown"
  },
  {
    "title": "PresentationsAug ,Climb Bio Investor Presentation August. KB",
    "link": "https://ir.climbbio.com/static-files/d8723c9d-30fb-4b02--5be78891712c",
    "timestamp": "unknown"
  },
  {
    "title": "PresentationsAug ,Climb Bio Investor Presentation August. KB",
    "link": "https://ir.climbbio.com/static-files/d8723c9d-30fb-4b02--5be78891712c",
    "timestamp": "unknown"
  },
  {
    "title": "PresentationsAug ,Climb Bio Investor Presentation August. KB",
    "link": "https://ir.climbbio.com/static-files/d8723c9d-30fb-4b02--5be78891712c",
    "timestamp": "unknown"
  },
  {
    "title": "PresentationsAug ,Climb Bio Investor Presentation August. KB",
    "link": "https://ir.climbbio.com/static-files/d8723c9d-30fb-4b02--5be78891712c",
    "timestamp": "unknown"
  },
  {
    "title": "Aug ,Climb Bio Investor Presentation August. KB",
    "link": "https://ir.climbbio.com/static-files/d8723c9d-30fb-4b02--5be78891712c",
    "timestamp": "unknown"
  },
  {
    "title": "Aug ,Climb Bio Investor Presentation August. KB",
    "link": "https://ir.climbbio.com/static-files/d8723c9d-30fb-4b02--5be78891712c",
    "timestamp": "unknown"
  },
  {
    "title": "Aug ,Climb Bio Investor Presentation August. KB",
    "link": "https://ir.climbbio.com/static-files/d8723c9d-30fb-4b02--5be78891712c",
    "timestamp": "unknown"
  },
  {
    "title": "Aug ,Climb Bio Investor Presentation August. KB",
    "link": "https://ir.climbbio.com/static-files/d8723c9d-30fb-4b02--5be78891712c",
    "timestamp": "unknown"
  },
  {
    "title": "Climb Bio Investor Presentation August. KB",
    "link": "https://ir.climbbio.com/static-files/d8723c9d-30fb-4b02--5be78891712c",
    "timestamp": "unknown"
  },
  {
    "title": "Climb Bio Investor Presentation August. KB",
    "link": "https://ir.climbbio.com/static-files/d8723c9d-30fb-4b02--5be78891712c",
    "timestamp": "unknown"
  },
  {
    "title": "Climb Bio Investor Presentation August. KB",
    "link": "https://ir.climbbio.com/static-files/d8723c9d-30fb-4b02--5be78891712c",
    "timestamp": "unknown"
  },
  {
    "title": "Climb Bio Investor Presentation August. KB",
    "link": "https://ir.climbbio.com/static-files/d8723c9d-30fb-4b02--5be78891712c",
    "timestamp": "unknown"
  },
  {
    "title": "Climb Bio Investor Presentation August. KB",
    "link": "https://ir.climbbio.com/static-files/d8723c9d-30fb-4b02--5be78891712c",
    "timestamp": "unknown"
  },
  {
    "title": "Climb Bio Investor Presentation August. KB",
    "link": "https://ir.climbbio.com/static-files/d8723c9d-30fb-4b02--5be78891712c",
    "timestamp": "unknown"
  },
  {
    "title": "Climb Bio Investor Presentation August. KB",
    "link": "https://ir.climbbio.com/static-files/d8723c9d-30fb-4b02--5be78891712c",
    "timestamp": "unknown"
  },
  {
    "title": "Climb Bio Investor Presentation August. KB",
    "link": "https://ir.climbbio.com/static-files/d8723c9d-30fb-4b02--5be78891712c",
    "timestamp": "unknown"
  },
  {
    "title": "Upcoming EventsSep ,EDTBaird Global Healthcare ConferenceAdd to OutlookAdd to Google CalendarSep ,Morgan Stanley Annual Global Healthcare ConferenceAd",
    "link": "https://ir.climbbio.com/events/event-details/baird-global-healthcare-conference",
    "timestamp": "unknown"
  },
  {
    "title": "Upcoming EventsSep ,EDTBaird Global Healthcare ConferenceAdd to OutlookAdd to Google CalendarSep ,Morgan Stanley Annual Global Healthcare ConferenceAd",
    "link": "https://ir.climbbio.com/events/event-details/baird-global-healthcare-conference",
    "timestamp": "unknown"
  },
  {
    "title": "Upcoming EventsSep ,EDTBaird Global Healthcare ConferenceAdd to OutlookAdd to Google CalendarSep ,Morgan Stanley Annual Global Healthcare ConferenceAd",
    "link": "https://ir.climbbio.com/events/event-details/baird-global-healthcare-conference",
    "timestamp": "unknown"
  },
  {
    "title": "Upcoming EventsSep ,EDTBaird Global Healthcare ConferenceAdd to OutlookAdd to Google CalendarSep ,Morgan Stanley Annual Global Healthcare ConferenceAd",
    "link": "https://ir.climbbio.com/events/event-details/baird-global-healthcare-conference",
    "timestamp": "unknown"
  },
  {
    "title": "Upcoming EventsSep ,EDTBaird Global Healthcare ConferenceAdd to OutlookAdd to Google CalendarSep ,Morgan Stanley Annual Global Healthcare ConferenceAd",
    "link": "https://ir.climbbio.com/events/event-details/baird-global-healthcare-conference",
    "timestamp": "unknown"
  },
  {
    "title": "Upcoming EventsSep ,EDTBaird Global Healthcare ConferenceAdd to OutlookAdd to Google CalendarSep ,Morgan Stanley Annual Global Healthcare ConferenceAd",
    "link": "https://ir.climbbio.com/events/event-details/baird-global-healthcare-conference",
    "timestamp": "unknown"
  },
  {
    "title": "Sep ,EDTBaird Global Healthcare ConferenceAdd to OutlookAdd to Google CalendarSep ,Morgan Stanley Annual Global Healthcare ConferenceAdd to OutlookAdd",
    "link": "https://ir.climbbio.com/events/event-details/baird-global-healthcare-conference",
    "timestamp": "unknown"
  },
  {
    "title": "Sep ,EDTBaird Global Healthcare ConferenceAdd to OutlookAdd to Google CalendarSep ,Morgan Stanley Annual Global Healthcare ConferenceAdd to OutlookAdd",
    "link": "https://ir.climbbio.com/events/event-details/baird-global-healthcare-conference",
    "timestamp": "unknown"
  },
  {
    "title": "Sep ,EDTBaird Global Healthcare ConferenceAdd to OutlookAdd to Google Calendar",
    "link": "https://ir.climbbio.com/events/event-details/baird-global-healthcare-conference",
    "timestamp": "unknown"
  },
  {
    "title": "Baird Global Healthcare Conference",
    "link": "https://ir.climbbio.com/events/event-details/baird-global-healthcare-conference",
    "timestamp": "unknown"
  },
  {
    "title": "Baird Global Healthcare Conference",
    "link": "https://ir.climbbio.com/events/event-details/baird-global-healthcare-conference",
    "timestamp": "unknown"
  },
  {
    "title": "Baird Global Healthcare Conference",
    "link": "https://ir.climbbio.com/events/event-details/baird-global-healthcare-conference",
    "timestamp": "unknown"
  },
  {
    "title": "Add to OutlookAdd to Google Calendar",
    "link": "https://ir.climbbio.com/node//ics",
    "timestamp": "unknown"
  },
  {
    "title": "Add to OutlookAdd to Google Calendar",
    "link": "https://ir.climbbio.com/node//ics",
    "timestamp": "unknown"
  },
  {
    "title": "Add to Outlook",
    "link": "https://ir.climbbio.com/node//ics",
    "timestamp": "unknown"
  },
  {
    "title": "Add to Outlook",
    "link": "https://ir.climbbio.com/node//ics",
    "timestamp": "unknown"
  },
  {
    "title": "Add to Outlook",
    "link": "https://ir.climbbio.com/node//ics",
    "timestamp": "unknown"
  },
  {
    "title": "Add to Google Calendar",
    "link": "https://www.google.com/calendar/render?action=TEMPLATE&text=Climb%20Bio%-%20Baird%20Global%20Healthcare%20Conference&dates=20250909T202000Z/20250909T202000Z&details=Event%20Details%3A%20https%3A//ir.climbbio.com/events/event-details/baird-global-healthcare-conference&location=&trp=false&sprop=name%3A",
    "timestamp": "unknown"
  },
  {
    "title": "Add to Google Calendar",
    "link": "https://www.google.com/calendar/render?action=TEMPLATE&text=Climb%20Bio%-%20Baird%20Global%20Healthcare%20Conference&dates=20250909T202000Z/20250909T202000Z&details=Event%20Details%3A%20https%3A//ir.climbbio.com/events/event-details/baird-global-healthcare-conference&location=&trp=false&sprop=name%3A",
    "timestamp": "unknown"
  },
  {
    "title": "Add to Google Calendar",
    "link": "https://www.google.com/calendar/render?action=TEMPLATE&text=Climb%20Bio%-%20Baird%20Global%20Healthcare%20Conference&dates=20250909T202000Z/20250909T202000Z&details=Event%20Details%3A%20https%3A//ir.climbbio.com/events/event-details/baird-global-healthcare-conference&location=&trp=false&sprop=name%3A",
    "timestamp": "unknown"
  },
  {
    "title": "Sep ,Morgan Stanley Annual Global Healthcare ConferenceAdd to OutlookAdd to Google Calendar",
    "link": "https://ir.climbbio.com/events/event-details/morgan-stanley-annual-global-healthcare-conference",
    "timestamp": "unknown"
  },
  {
    "title": "Morgan Stanley Annual Global Healthcare Conference",
    "link": "https://ir.climbbio.com/events/event-details/morgan-stanley-annual-global-healthcare-conference",
    "timestamp": "unknown"
  },
  {
    "title": "Morgan Stanley Annual Global Healthcare Conference",
    "link": "https://ir.climbbio.com/events/event-details/morgan-stanley-annual-global-healthcare-conference",
    "timestamp": "unknown"
  },
  {
    "title": "Morgan Stanley Annual Global Healthcare Conference",
    "link": "https://ir.climbbio.com/events/event-details/morgan-stanley-annual-global-healthcare-conference",
    "timestamp": "unknown"
  },
  {
    "title": "Add to OutlookAdd to Google Calendar",
    "link": "https://ir.climbbio.com/node//ics",
    "timestamp": "unknown"
  },
  {
    "title": "Add to OutlookAdd to Google Calendar",
    "link": "https://ir.climbbio.com/node//ics",
    "timestamp": "unknown"
  },
  {
    "title": "Add to Outlook",
    "link": "https://ir.climbbio.com/node//ics",
    "timestamp": "unknown"
  },
  {
    "title": "Add to Outlook",
    "link": "https://ir.climbbio.com/node//ics",
    "timestamp": "unknown"
  },
  {
    "title": "Add to Outlook",
    "link": "https://ir.climbbio.com/node//ics",
    "timestamp": "unknown"
  },
  {
    "title": "Add to Google Calendar",
    "link": "https://www.google.com/calendar/render?action=TEMPLATE&text=Climb%20Bio%-%20Morgan%20Stanley%20Annual%20Global%20Healthcare%20Conference&dates=20250910T210000Z/20250910T210000Z&details=Event%20Details%3A%20https%3A//ir.climbbio.com/events/event-details/morgan-stanley-annual-global-healthcare-conference&location=&trp=false&sprop=name%3A",
    "timestamp": "unknown"
  },
  {
    "title": "Add to Google Calendar",
    "link": "https://www.google.com/calendar/render?action=TEMPLATE&text=Climb%20Bio%-%20Morgan%20Stanley%20Annual%20Global%20Healthcare%20Conference&dates=20250910T210000Z/20250910T210000Z&details=Event%20Details%3A%20https%3A//ir.climbbio.com/events/event-details/morgan-stanley-annual-global-healthcare-conference&location=&trp=false&sprop=name%3A",
    "timestamp": "unknown"
  },
  {
    "title": "Add to Google Calendar",
    "link": "https://www.google.com/calendar/render?action=TEMPLATE&text=Climb%20Bio%-%20Morgan%20Stanley%20Annual%20Global%20Healthcare%20Conference&dates=20250910T210000Z/20250910T210000Z&details=Event%20Details%3A%20https%3A//ir.climbbio.com/events/event-details/morgan-stanley-annual-global-healthcare-conference&location=&trp=false&sprop=name%3A",
    "timestamp": "unknown"
  },
  {
    "title": "Sep ,EDTStifel Virtual Immunology and Inflammation ForumAdd to OutlookAdd to Google Calendar",
    "link": "https://ir.climbbio.com/events/event-details/stifel-virtual-immunology-and-inflammation-forum",
    "timestamp": "unknown"
  },
  {
    "title": "Stifel Virtual Immunology and Inflammation Forum",
    "link": "https://ir.climbbio.com/events/event-details/stifel-virtual-immunology-and-inflammation-forum",
    "timestamp": "unknown"
  },
  {
    "title": "Stifel Virtual Immunology and Inflammation Forum",
    "link": "https://ir.climbbio.com/events/event-details/stifel-virtual-immunology-and-inflammation-forum",
    "timestamp": "unknown"
  },
  {
    "title": "Stifel Virtual Immunology and Inflammation Forum",
    "link": "https://ir.climbbio.com/events/event-details/stifel-virtual-immunology-and-inflammation-forum",
    "timestamp": "unknown"
  },
  {
    "title": "Add to OutlookAdd to Google Calendar",
    "link": "https://ir.climbbio.com/node//ics",
    "timestamp": "unknown"
  },
  {
    "title": "Add to OutlookAdd to Google Calendar",
    "link": "https://ir.climbbio.com/node//ics",
    "timestamp": "unknown"
  },
  {
    "title": "Add to Outlook",
    "link": "https://ir.climbbio.com/node//ics",
    "timestamp": "unknown"
  },
  {
    "title": "Add to Outlook",
    "link": "https://ir.climbbio.com/node//ics",
    "timestamp": "unknown"
  },
  {
    "title": "Add to Outlook",
    "link": "https://ir.climbbio.com/node//ics",
    "timestamp": "unknown"
  },
  {
    "title": "Add to Google Calendar",
    "link": "https://www.google.com/calendar/render?action=TEMPLATE&text=Climb%20Bio%-%20Stifel%20Virtual%20Immunology%20and%20Inflammation%20Forum&dates=20250916T143000Z/20250916T143000Z&details=Event%20Details%3A%20https%3A//ir.climbbio.com/events/event-details/stifel-virtual-immunology-and-inflammation-forum%0A%0AWebcast%3A%20https%3A//wsw.com/webcast/stifel102/clym/&location=&trp=false&sprop=name%3A",
    "timestamp": "unknown"
  },
  {
    "title": "Add to Google Calendar",
    "link": "https://www.google.com/calendar/render?action=TEMPLATE&text=Climb%20Bio%-%20Stifel%20Virtual%20Immunology%20and%20Inflammation%20Forum&dates=20250916T143000Z/20250916T143000Z&details=Event%20Details%3A%20https%3A//ir.climbbio.com/events/event-details/stifel-virtual-immunology-and-inflammation-forum%0A%0AWebcast%3A%20https%3A//wsw.com/webcast/stifel102/clym/&location=&trp=false&sprop=name%3A",
    "timestamp": "unknown"
  },
  {
    "title": "Add to Google Calendar",
    "link": "https://www.google.com/calendar/render?action=TEMPLATE&text=Climb%20Bio%-%20Stifel%20Virtual%20Immunology%20and%20Inflammation%20Forum&dates=20250916T143000Z/20250916T143000Z&details=Event%20Details%3A%20https%3A//ir.climbbio.com/events/event-details/stifel-virtual-immunology-and-inflammation-forum%0A%0AWebcast%3A%20https%3A//wsw.com/webcast/stifel102/clym/&location=&trp=false&sprop=name%3A",
    "timestamp": "unknown"
  },
  {
    "title": "Sep ,EDTCLYM116 and the IgA Nephropathy (IgAN) OpportunityAdd to OutlookAdd to Google Calendar",
    "link": "https://ir.climbbio.com/events/event-details/clym116-and-iga-nephropathy-igan-opportunity",
    "timestamp": "unknown"
  },
  {
    "title": "CLYM116 and the IgA Nephropathy (IgAN) Opportunity",
    "link": "https://ir.climbbio.com/events/event-details/clym116-and-iga-nephropathy-igan-opportunity",
    "timestamp": "unknown"
  },
  {
    "title": "CLYM116 and the IgA Nephropathy (IgAN) Opportunity",
    "link": "https://ir.climbbio.com/events/event-details/clym116-and-iga-nephropathy-igan-opportunity",
    "timestamp": "unknown"
  },
  {
    "title": "CLYM116 and the IgA Nephropathy (IgAN) Opportunity",
    "link": "https://ir.climbbio.com/events/event-details/clym116-and-iga-nephropathy-igan-opportunity",
    "timestamp": "unknown"
  },
  {
    "title": "Add to OutlookAdd to Google Calendar",
    "link": "https://ir.climbbio.com/node//ics",
    "timestamp": "unknown"
  },
  {
    "title": "Add to OutlookAdd to Google Calendar",
    "link": "https://ir.climbbio.com/node//ics",
    "timestamp": "unknown"
  },
  {
    "title": "Add to Outlook",
    "link": "https://ir.climbbio.com/node//ics",
    "timestamp": "unknown"
  },
  {
    "title": "Add to Outlook",
    "link": "https://ir.climbbio.com/node//ics",
    "timestamp": "unknown"
  },
  {
    "title": "Add to Outlook",
    "link": "https://ir.climbbio.com/node//ics",
    "timestamp": "unknown"
  },
  {
    "title": "Add to Google Calendar",
    "link": "https://www.google.com/calendar/render?action=TEMPLATE&text=Climb%20Bio%-%20CLYM116%20and%20the%20IgA%20Nephropathy%%28IgAN%%20Opportunity&dates=20250929T120000Z/20250929T120000Z&details=Event%20Details%3A%20https%3A//ir.climbbio.com/events/event-details/clym116-and-iga-nephropathy-igan-opportunity%0A%0AWebcast%3A%20https%3A//edge.media-server.com/mmc/p/qp2qyynv/&location=&trp=false&sprop=name%3A",
    "timestamp": "unknown"
  },
  {
    "title": "Add to Google Calendar",
    "link": "https://www.google.com/calendar/render?action=TEMPLATE&text=Climb%20Bio%-%20CLYM116%20and%20the%20IgA%20Nephropathy%%28IgAN%%20Opportunity&dates=20250929T120000Z/20250929T120000Z&details=Event%20Details%3A%20https%3A//ir.climbbio.com/events/event-details/clym116-and-iga-nephropathy-igan-opportunity%0A%0AWebcast%3A%20https%3A//edge.media-server.com/mmc/p/qp2qyynv/&location=&trp=false&sprop=name%3A",
    "timestamp": "unknown"
  },
  {
    "title": "Add to Google Calendar",
    "link": "https://www.google.com/calendar/render?action=TEMPLATE&text=Climb%20Bio%-%20CLYM116%20and%20the%20IgA%20Nephropathy%%28IgAN%%20Opportunity&dates=20250929T120000Z/20250929T120000Z&details=Event%20Details%3A%20https%3A//ir.climbbio.com/events/event-details/clym116-and-iga-nephropathy-igan-opportunity%0A%0AWebcast%3A%20https%3A//edge.media-server.com/mmc/p/qp2qyynv/&location=&trp=false&sprop=name%3A",
    "timestamp": "unknown"
  },
  {
    "title": "Past EventsSep ,EDTCantor Global Healthcare ConferenceApr ,EDT24th Annual Needham Virtual Healthcare ConferenceMar ,EDTLeerink\u2019s Global Healthcare Con",
    "link": "https://ir.climbbio.com/events/event-details/cantor-global-healthcare-conference",
    "timestamp": "unknown"
  },
  {
    "title": "Past EventsSep ,EDTCantor Global Healthcare ConferenceApr ,EDT24th Annual Needham Virtual Healthcare ConferenceMar ,EDTLeerink\u2019s Global Healthcare Con",
    "link": "https://ir.climbbio.com/events/event-details/cantor-global-healthcare-conference",
    "timestamp": "unknown"
  },
  {
    "title": "Past EventsSep ,EDTCantor Global Healthcare ConferenceApr ,EDT24th Annual Needham Virtual Healthcare ConferenceMar ,EDTLeerink\u2019s Global Healthcare Con",
    "link": "https://ir.climbbio.com/events/event-details/cantor-global-healthcare-conference",
    "timestamp": "unknown"
  },
  {
    "title": "Past EventsSep ,EDTCantor Global Healthcare ConferenceApr ,EDT24th Annual Needham Virtual Healthcare ConferenceMar ,EDTLeerink\u2019s Global Healthcare Con",
    "link": "https://ir.climbbio.com/events/event-details/cantor-global-healthcare-conference",
    "timestamp": "unknown"
  },
  {
    "title": "Past EventsSep ,EDTCantor Global Healthcare ConferenceApr ,EDT24th Annual Needham Virtual Healthcare ConferenceMar ,EDTLeerink\u2019s Global Healthcare Con",
    "link": "https://ir.climbbio.com/events/event-details/cantor-global-healthcare-conference",
    "timestamp": "unknown"
  },
  {
    "title": "Past EventsSep ,EDTCantor Global Healthcare ConferenceApr ,EDT24th Annual Needham Virtual Healthcare ConferenceMar ,EDTLeerink\u2019s Global Healthcare Con",
    "link": "https://ir.climbbio.com/events/event-details/cantor-global-healthcare-conference",
    "timestamp": "unknown"
  },
  {
    "title": "Sep ,EDTCantor Global Healthcare ConferenceApr ,EDT24th Annual Needham Virtual Healthcare ConferenceMar ,EDTLeerink\u2019s Global Healthcare ConferenceMar ",
    "link": "https://ir.climbbio.com/events/event-details/cantor-global-healthcare-conference",
    "timestamp": "unknown"
  },
  {
    "title": "Sep ,EDTCantor Global Healthcare ConferenceApr ,EDT24th Annual Needham Virtual Healthcare ConferenceMar ,EDTLeerink\u2019s Global Healthcare ConferenceMar ",
    "link": "https://ir.climbbio.com/events/event-details/cantor-global-healthcare-conference",
    "timestamp": "unknown"
  },
  {
    "title": "Sep ,EDTCantor Global Healthcare Conference",
    "link": "https://ir.climbbio.com/events/event-details/cantor-global-healthcare-conference",
    "timestamp": "unknown"
  },
  {
    "title": "Cantor Global Healthcare Conference",
    "link": "https://ir.climbbio.com/events/event-details/cantor-global-healthcare-conference",
    "timestamp": "unknown"
  },
  {
    "title": "Cantor Global Healthcare Conference",
    "link": "https://ir.climbbio.com/events/event-details/cantor-global-healthcare-conference",
    "timestamp": "unknown"
  },
  {
    "title": "Cantor Global Healthcare Conference",
    "link": "https://ir.climbbio.com/events/event-details/cantor-global-healthcare-conference",
    "timestamp": "unknown"
  },
  {
    "title": "Apr ,EDT24th Annual Needham Virtual Healthcare Conference",
    "link": "https://ir.climbbio.com/events/event-details/24th-annual-needham-virtual-healthcare-conference",
    "timestamp": "unknown"
  },
  {
    "title": "24th Annual Needham Virtual Healthcare Conference",
    "link": "https://ir.climbbio.com/events/event-details/24th-annual-needham-virtual-healthcare-conference",
    "timestamp": "unknown"
  },
  {
    "title": "24th Annual Needham Virtual Healthcare Conference",
    "link": "https://ir.climbbio.com/events/event-details/24th-annual-needham-virtual-healthcare-conference",
    "timestamp": "unknown"
  },
  {
    "title": "24th Annual Needham Virtual Healthcare Conference",
    "link": "https://ir.climbbio.com/events/event-details/24th-annual-needham-virtual-healthcare-conference",
    "timestamp": "unknown"
  },
  {
    "title": "Mar ,EDTLeerink\u2019s Global Healthcare Conference",
    "link": "https://ir.climbbio.com/events/event-details/leerinks-global-healthcare-conference-",
    "timestamp": "unknown"
  },
  {
    "title": "Leerink\u2019s Global Healthcare Conference",
    "link": "https://ir.climbbio.com/events/event-details/leerinks-global-healthcare-conference-",
    "timestamp": "unknown"
  },
  {
    "title": "Leerink\u2019s Global Healthcare Conference",
    "link": "https://ir.climbbio.com/events/event-details/leerinks-global-healthcare-conference-",
    "timestamp": "unknown"
  },
  {
    "title": "Leerink\u2019s Global Healthcare Conference",
    "link": "https://ir.climbbio.com/events/event-details/leerinks-global-healthcare-conference-",
    "timestamp": "unknown"
  },
  {
    "title": "Mar ,ESTTD Cowen 45th Annual Health Care Conference",
    "link": "https://ir.climbbio.com/events/event-details/td-cowen-45th-annual-health-care-conference",
    "timestamp": "unknown"
  },
  {
    "title": "TD Cowen 45th Annual Health Care Conference",
    "link": "https://ir.climbbio.com/events/event-details/td-cowen-45th-annual-health-care-conference",
    "timestamp": "unknown"
  },
  {
    "title": "TD Cowen 45th Annual Health Care Conference",
    "link": "https://ir.climbbio.com/events/event-details/td-cowen-45th-annual-health-care-conference",
    "timestamp": "unknown"
  },
  {
    "title": "TD Cowen 45th Annual Health Care Conference",
    "link": "https://ir.climbbio.com/events/event-details/td-cowen-45th-annual-health-care-conference",
    "timestamp": "unknown"
  },
  {
    "title": "Feb ,ESTOppenheimer 35th Annual Healthcare Life Sciences Conference",
    "link": "https://ir.climbbio.com/events/event-details/oppenheimer-35th-annual-healthcare-life-sciences-conference",
    "timestamp": "unknown"
  },
  {
    "title": "Oppenheimer 35th Annual Healthcare Life Sciences Conference",
    "link": "https://ir.climbbio.com/events/event-details/oppenheimer-35th-annual-healthcare-life-sciences-conference",
    "timestamp": "unknown"
  },
  {
    "title": "Oppenheimer 35th Annual Healthcare Life Sciences Conference",
    "link": "https://ir.climbbio.com/events/event-details/oppenheimer-35th-annual-healthcare-life-sciences-conference",
    "timestamp": "unknown"
  },
  {
    "title": "Oppenheimer 35th Annual Healthcare Life Sciences Conference",
    "link": "https://ir.climbbio.com/events/event-details/oppenheimer-35th-annual-healthcare-life-sciences-conference",
    "timestamp": "unknown"
  },
  {
    "title": "Dec  - Dec ,36th Annual Piper Sandler Healthcare Conference",
    "link": "https://ir.climbbio.com/events/event-details/36th-annual-piper-sandler-healthcare-conference",
    "timestamp": "unknown"
  },
  {
    "title": "36th Annual Piper Sandler Healthcare Conference",
    "link": "https://ir.climbbio.com/events/event-details/36th-annual-piper-sandler-healthcare-conference",
    "timestamp": "unknown"
  },
  {
    "title": "36th Annual Piper Sandler Healthcare Conference",
    "link": "https://ir.climbbio.com/events/event-details/36th-annual-piper-sandler-healthcare-conference",
    "timestamp": "unknown"
  },
  {
    "title": "36th Annual Piper Sandler Healthcare Conference",
    "link": "https://ir.climbbio.com/events/event-details/36th-annual-piper-sandler-healthcare-conference",
    "timestamp": "unknown"
  },
  {
    "title": "Dec  - Dec ,7th Annual Evercore ISI HealthCONx Conference",
    "link": "https://ir.climbbio.com/events/event-details/7th-annual-evercore-isi-healthconx-conference",
    "timestamp": "unknown"
  },
  {
    "title": "7th Annual Evercore ISI HealthCONx Conference",
    "link": "https://ir.climbbio.com/events/event-details/7th-annual-evercore-isi-healthconx-conference",
    "timestamp": "unknown"
  },
  {
    "title": "7th Annual Evercore ISI HealthCONx Conference",
    "link": "https://ir.climbbio.com/events/event-details/7th-annual-evercore-isi-healthconx-conference",
    "timestamp": "unknown"
  },
  {
    "title": "7th Annual Evercore ISI HealthCONx Conference",
    "link": "https://ir.climbbio.com/events/event-details/7th-annual-evercore-isi-healthconx-conference",
    "timestamp": "unknown"
  },
  {
    "title": "Nov  - Nov ,Stifel  Healthcare Conference",
    "link": "https://ir.climbbio.com/events/event-details/stifel--healthcare-conference",
    "timestamp": "unknown"
  },
  {
    "title": "Stifel  Healthcare Conference",
    "link": "https://ir.climbbio.com/events/event-details/stifel--healthcare-conference",
    "timestamp": "unknown"
  },
  {
    "title": "Stifel  Healthcare Conference",
    "link": "https://ir.climbbio.com/events/event-details/stifel--healthcare-conference",
    "timestamp": "unknown"
  },
  {
    "title": "Stifel  Healthcare Conference",
    "link": "https://ir.climbbio.com/events/event-details/stifel--healthcare-conference",
    "timestamp": "unknown"
  },
  {
    "title": "Nov  - Nov ,Guggenheim Securities Healthcare Innovation Conference",
    "link": "https://ir.climbbio.com/events/event-details/guggenheim-securities-healthcare-innovation-conference",
    "timestamp": "unknown"
  },
  {
    "title": "Guggenheim Securities Healthcare Innovation Conference",
    "link": "https://ir.climbbio.com/events/event-details/guggenheim-securities-healthcare-innovation-conference",
    "timestamp": "unknown"
  },
  {
    "title": "Guggenheim Securities Healthcare Innovation Conference",
    "link": "https://ir.climbbio.com/events/event-details/guggenheim-securities-healthcare-innovation-conference",
    "timestamp": "unknown"
  },
  {
    "title": "Guggenheim Securities Healthcare Innovation Conference",
    "link": "https://ir.climbbio.com/events/event-details/guggenheim-securities-healthcare-innovation-conference",
    "timestamp": "unknown"
  },
  {
    "title": "Oct ,EDTClimb Bio Investor Day",
    "link": "https://ir.climbbio.com/events/event-details/climb-bio-investor-day",
    "timestamp": "unknown"
  },
  {
    "title": "Climb Bio Investor Day",
    "link": "https://ir.climbbio.com/events/event-details/climb-bio-investor-day",
    "timestamp": "unknown"
  },
  {
    "title": "Climb Bio Investor Day",
    "link": "https://ir.climbbio.com/events/event-details/climb-bio-investor-day",
    "timestamp": "unknown"
  },
  {
    "title": "Climb Bio Investor Day",
    "link": "https://ir.climbbio.com/events/event-details/climb-bio-investor-day",
    "timestamp": "unknown"
  },
  {
    "title": "Current pagePageNext page\u203aLast page\u00bb",
    "link": "https://ir.climbbio.com/news-events/events-and-presentations?page=%2C0%2C0",
    "timestamp": "unknown"
  },
  {
    "title": "Current pagePageNext page\u203aLast page\u00bb",
    "link": "https://ir.climbbio.com/news-events/events-and-presentations?page=%2C0%2C0",
    "timestamp": "unknown"
  },
  {
    "title": "Current pagePageNext page\u203aLast page\u00bb",
    "link": "https://ir.climbbio.com/news-events/events-and-presentations?page=%2C0%2C0",
    "timestamp": "unknown"
  },
  {
    "title": "Current page",
    "link": "https://ir.climbbio.com/news-events/events-and-presentations?page=%2C0%2C0",
    "timestamp": "unknown"
  },
  {
    "title": "Page",
    "link": "https://ir.climbbio.com/news-events/events-and-presentations?page=%2C1%2C0",
    "timestamp": "unknown"
  },
  {
    "title": "Next page\u203a",
    "link": "https://ir.climbbio.com/news-events/events-and-presentations?page=%2C1%2C0",
    "timestamp": "unknown"
  },
  {
    "title": "Last page\u00bb",
    "link": "https://ir.climbbio.com/news-events/events-and-presentations?page=%2C1%2C0",
    "timestamp": "unknown"
  },
  {
    "title": "Contact UsWilliam Street, Suite , Wellesley Hills, MA---CLYM ()media@climbbio.cominvestorrelations@climbbio.comcareers@climbbio.comPolicyPrivacy Polic",
    "link": "https://climbbio.com/",
    "timestamp": "unknown"
  },
  {
    "title": "Contact UsWilliam Street, Suite , Wellesley Hills, MA---CLYM ()media@climbbio.cominvestorrelations@climbbio.comcareers@climbbio.comPolicyPrivacy Polic",
    "link": "https://climbbio.com/",
    "timestamp": "unknown"
  },
  {
    "title": "Contact UsWilliam Street, Suite , Wellesley Hills, MA---CLYM ()media@climbbio.cominvestorrelations@climbbio.comcareers@climbbio.comPolicyPrivacy Polic",
    "link": "mailto:media@climbbio.com",
    "timestamp": "unknown"
  },
  {
    "title": "Contact UsWilliam Street, Suite , Wellesley Hills, MA---CLYM ()media@climbbio.cominvestorrelations@climbbio.comcareers@climbbio.com",
    "link": "mailto:media@climbbio.com",
    "timestamp": "unknown"
  },
  {
    "title": "Contact UsWilliam Street, Suite , Wellesley Hills, MA---CLYM ()media@climbbio.cominvestorrelations@climbbio.comcareers@climbbio.com",
    "link": "mailto:media@climbbio.com",
    "timestamp": "unknown"
  },
  {
    "title": "Contact UsWilliam Street, Suite , Wellesley Hills, MA---CLYM ()media@climbbio.cominvestorrelations@climbbio.comcareers@climbbio.com",
    "link": "mailto:media@climbbio.com",
    "timestamp": "unknown"
  },
  {
    "title": "Contact UsWilliam Street, Suite , Wellesley Hills, MA---CLYM ()media@climbbio.cominvestorrelations@climbbio.comcareers@climbbio.com",
    "link": "mailto:media@climbbio.com",
    "timestamp": "unknown"
  },
  {
    "title": "Contact UsWilliam Street, Suite , Wellesley Hills, MA---CLYM ()media@climbbio.cominvestorrelations@climbbio.comcareers@climbbio.com",
    "link": "mailto:media@climbbio.com",
    "timestamp": "unknown"
  },
  {
    "title": "media@climbbio.com",
    "link": "mailto:media@climbbio.com",
    "timestamp": "unknown"
  },
  {
    "title": "investorrelations@climbbio.com",
    "link": "mailto:investorrelations@climbbio.com",
    "timestamp": "unknown"
  },
  {
    "title": "careers@climbbio.com",
    "link": "mailto:careers@climbbio.com",
    "timestamp": "unknown"
  },
  {
    "title": "PolicyPrivacy Policy",
    "link": "https://climbbio.com/privacy-policy/",
    "timestamp": "unknown"
  },
  {
    "title": "Privacy Policy",
    "link": "https://climbbio.com/privacy-policy/",
    "timestamp": "unknown"
  },
  {
    "title": "\u00a9  Climb Bio\u00ae. All Rights Reserved.",
    "link": "https://x.com/climbbio",
    "timestamp": "unknown"
  }
]