[
  {
    "title": "OverviewNews & EventsPress ReleasesEvents & PresentationsStock InformationStock Quote & ChartHistorical Price LookupAnalyst CoverageGovernance & Finan",
    "link": "https://climbbio.com/",
    "timestamp": "unknown"
  },
  {
    "title": "OverviewNews & EventsPress ReleasesEvents & PresentationsStock InformationStock Quote & ChartHistorical Price LookupAnalyst CoverageGovernance & Finan",
    "link": "https://climbbio.com/",
    "timestamp": "unknown"
  },
  {
    "title": "Overview",
    "link": "https://ir.climbbio.com/investor-relations",
    "timestamp": "unknown"
  },
  {
    "title": "News & EventsPress ReleasesEvents & Presentations",
    "link": "https://ir.climbbio.com/news-events/press-releases",
    "timestamp": "unknown"
  },
  {
    "title": "Press Releases",
    "link": "https://ir.climbbio.com/news-events/press-releases",
    "timestamp": "unknown"
  },
  {
    "title": "Events & Presentations",
    "link": "https://ir.climbbio.com/news-events/events-and-presentations",
    "timestamp": "unknown"
  },
  {
    "title": "Stock InformationStock Quote & ChartHistorical Price LookupAnalyst Coverage",
    "link": "https://ir.climbbio.com/stock-information/stock-quote-chart",
    "timestamp": "unknown"
  },
  {
    "title": "Stock Quote & Chart",
    "link": "https://ir.climbbio.com/stock-information/stock-quote-chart",
    "timestamp": "unknown"
  },
  {
    "title": "Historical Price Lookup",
    "link": "https://ir.climbbio.com/stock-information/historical-price-lookup",
    "timestamp": "unknown"
  },
  {
    "title": "Analyst Coverage",
    "link": "https://ir.climbbio.com/stock-information/analyst-coverage",
    "timestamp": "unknown"
  },
  {
    "title": "Governance & FinancialsDocuments & ChartersCommittee CompositionFinancials & Filings",
    "link": "https://ir.climbbio.com/governance-financials/documents-charters",
    "timestamp": "unknown"
  },
  {
    "title": "Documents & Charters",
    "link": "https://ir.climbbio.com/governance-financials/documents-charters",
    "timestamp": "unknown"
  },
  {
    "title": "Committee Composition",
    "link": "https://ir.climbbio.com/governance-financials/committee-composition",
    "timestamp": "unknown"
  },
  {
    "title": "Financials & Filings",
    "link": "https://ir.climbbio.com/governance-financials/sec-filings",
    "timestamp": "unknown"
  },
  {
    "title": "Investor ResourcesInvestor FAQsEmail AlertsContact IR",
    "link": "https://ir.climbbio.com/ir-resources/faqs",
    "timestamp": "unknown"
  },
  {
    "title": "Investor FAQs",
    "link": "https://ir.climbbio.com/ir-resources/faqs",
    "timestamp": "unknown"
  },
  {
    "title": "Email Alerts",
    "link": "https://ir.climbbio.com/ir-resources/email-alerts",
    "timestamp": "unknown"
  },
  {
    "title": "Contact IR",
    "link": "https://ir.climbbio.com/ir-resources/contact-ir",
    "timestamp": "unknown"
  },
  {
    "title": "OverviewNews & EventsInvestor MenuPress ReleasesEvents & PresentationsStock InformationInvestor MenuStock Quote & ChartHistorical Price LookupAnalyst ",
    "link": "https://ir.climbbio.com/investor-relations",
    "timestamp": "unknown"
  },
  {
    "title": "OverviewNews & EventsInvestor MenuPress ReleasesEvents & PresentationsStock InformationInvestor MenuStock Quote & ChartHistorical Price LookupAnalyst ",
    "link": "https://ir.climbbio.com/investor-relations",
    "timestamp": "unknown"
  },
  {
    "title": "OverviewNews & EventsInvestor MenuPress ReleasesEvents & PresentationsStock InformationInvestor MenuStock Quote & ChartHistorical Price LookupAnalyst ",
    "link": "https://ir.climbbio.com/investor-relations",
    "timestamp": "unknown"
  },
  {
    "title": "OverviewNews & EventsInvestor MenuPress ReleasesEvents & PresentationsStock InformationInvestor MenuStock Quote & ChartHistorical Price LookupAnalyst ",
    "link": "https://ir.climbbio.com/investor-relations",
    "timestamp": "unknown"
  },
  {
    "title": "Overview",
    "link": "https://ir.climbbio.com/investor-relations",
    "timestamp": "unknown"
  },
  {
    "title": "News & EventsInvestor MenuPress ReleasesEvents & Presentations",
    "link": "https://ir.climbbio.com/news-events/press-releases",
    "timestamp": "unknown"
  },
  {
    "title": "Press ReleasesEvents & Presentations",
    "link": "https://ir.climbbio.com/news-events/press-releases",
    "timestamp": "unknown"
  },
  {
    "title": "Press ReleasesEvents & Presentations",
    "link": "https://ir.climbbio.com/news-events/press-releases",
    "timestamp": "unknown"
  },
  {
    "title": "Press Releases",
    "link": "https://ir.climbbio.com/news-events/press-releases",
    "timestamp": "unknown"
  },
  {
    "title": "Events & Presentations",
    "link": "https://ir.climbbio.com/news-events/events-and-presentations",
    "timestamp": "unknown"
  },
  {
    "title": "Stock InformationInvestor MenuStock Quote & ChartHistorical Price LookupAnalyst Coverage",
    "link": "https://ir.climbbio.com/stock-information/stock-quote-chart",
    "timestamp": "unknown"
  },
  {
    "title": "Stock Quote & ChartHistorical Price LookupAnalyst Coverage",
    "link": "https://ir.climbbio.com/stock-information/stock-quote-chart",
    "timestamp": "unknown"
  },
  {
    "title": "Stock Quote & ChartHistorical Price LookupAnalyst Coverage",
    "link": "https://ir.climbbio.com/stock-information/stock-quote-chart",
    "timestamp": "unknown"
  },
  {
    "title": "Stock Quote & Chart",
    "link": "https://ir.climbbio.com/stock-information/stock-quote-chart",
    "timestamp": "unknown"
  },
  {
    "title": "Historical Price Lookup",
    "link": "https://ir.climbbio.com/stock-information/historical-price-lookup",
    "timestamp": "unknown"
  },
  {
    "title": "Analyst Coverage",
    "link": "https://ir.climbbio.com/stock-information/analyst-coverage",
    "timestamp": "unknown"
  },
  {
    "title": "Governance & FinancialsInvestor MenuDocuments & ChartersCommittee CompositionSEC Filings",
    "link": "https://ir.climbbio.com/governance-financials/documents-charters",
    "timestamp": "unknown"
  },
  {
    "title": "Documents & ChartersCommittee CompositionSEC Filings",
    "link": "https://ir.climbbio.com/governance-financials/documents-charters",
    "timestamp": "unknown"
  },
  {
    "title": "Documents & ChartersCommittee CompositionSEC Filings",
    "link": "https://ir.climbbio.com/governance-financials/documents-charters",
    "timestamp": "unknown"
  },
  {
    "title": "Documents & Charters",
    "link": "https://ir.climbbio.com/governance-financials/documents-charters",
    "timestamp": "unknown"
  },
  {
    "title": "Committee Composition",
    "link": "https://ir.climbbio.com/governance-financials/committee-composition",
    "timestamp": "unknown"
  },
  {
    "title": "SEC Filings",
    "link": "https://ir.climbbio.com/governance-financials/sec-filings",
    "timestamp": "unknown"
  },
  {
    "title": "Investors ResourcesInvestor MenuInvestor FAQsEmail AlertsContact IR",
    "link": "https://ir.climbbio.com/ir-resources/faqs",
    "timestamp": "unknown"
  },
  {
    "title": "Investor FAQsEmail AlertsContact IR",
    "link": "https://ir.climbbio.com/ir-resources/faqs",
    "timestamp": "unknown"
  },
  {
    "title": "Investor FAQsEmail AlertsContact IR",
    "link": "https://ir.climbbio.com/ir-resources/faqs",
    "timestamp": "unknown"
  },
  {
    "title": "Investor FAQs",
    "link": "https://ir.climbbio.com/ir-resources/faqs",
    "timestamp": "unknown"
  },
  {
    "title": "Email Alerts",
    "link": "https://ir.climbbio.com/ir-resources/email-alerts",
    "timestamp": "unknown"
  },
  {
    "title": "Contact IR",
    "link": "https://ir.climbbio.com/ir-resources/contact-ir",
    "timestamp": "unknown"
  },
  {
    "title": "Financials & FilingsIRS FormFiling DateDescriptionFormViewApr ,Statement of changes in beneficial ownership of securitiesIRS Form. KBSEC FilingsGroupA",
    "link": "https://ir.climbbio.com/governance-financials/sec-filings?field_nir_sec_form_group_target_id_1%5B3991%5D=&order=field_nir_sec_date_filed&sort=asc",
    "timestamp": "unknown"
  },
  {
    "title": "Financials & FilingsIRS FormFiling DateDescriptionFormViewApr ,Statement of changes in beneficial ownership of securitiesIRS Form. KBSEC FilingsGroupA",
    "link": "https://ir.climbbio.com/governance-financials/sec-filings?field_nir_sec_form_group_target_id_1%5B3991%5D=&order=field_nir_sec_date_filed&sort=asc",
    "timestamp": "unknown"
  },
  {
    "title": "IRS FormFiling DateDescriptionFormViewApr ,Statement of changes in beneficial ownership of securitiesIRS Form. KBSEC FilingsGroupAll,,Annual FilingsCu",
    "link": "https://ir.climbbio.com/governance-financials/sec-filings?field_nir_sec_form_group_target_id_1%5B3991%5D=&order=field_nir_sec_date_filed&sort=asc",
    "timestamp": "unknown"
  },
  {
    "title": "IRS FormFiling DateDescriptionFormViewApr ,Statement of changes in beneficial ownership of securitiesIRS Form. KBSEC FilingsGroupAll,,Annual FilingsCu",
    "link": "https://ir.climbbio.com/governance-financials/sec-filings?field_nir_sec_form_group_target_id_1%5B3991%5D=&order=field_nir_sec_date_filed&sort=asc",
    "timestamp": "unknown"
  },
  {
    "title": "IRS FormFiling DateDescriptionFormViewApr ,Statement of changes in beneficial ownership of securitiesIRS Form. KBSEC FilingsGroupAll,,Annual FilingsCu",
    "link": "https://ir.climbbio.com/governance-financials/sec-filings?field_nir_sec_form_group_target_id_1%5B3991%5D=&order=field_nir_sec_date_filed&sort=asc",
    "timestamp": "unknown"
  },
  {
    "title": "IRS FormFiling DateDescriptionFormViewApr ,Statement of changes in beneficial ownership of securitiesIRS Form. KBSEC FilingsGroupAll,,Annual FilingsCu",
    "link": "https://ir.climbbio.com/governance-financials/sec-filings?field_nir_sec_form_group_target_id_1%5B3991%5D=&order=field_nir_sec_date_filed&sort=asc",
    "timestamp": "unknown"
  },
  {
    "title": "IRS FormFiling DateDescriptionFormViewApr ,Statement of changes in beneficial ownership of securitiesIRS Form. KBSEC FilingsGroupAll,,Annual FilingsCu",
    "link": "https://ir.climbbio.com/governance-financials/sec-filings?field_nir_sec_form_group_target_id_1%5B3991%5D=&order=field_nir_sec_date_filed&sort=asc",
    "timestamp": "unknown"
  },
  {
    "title": "IRS FormFiling DateDescriptionFormViewApr ,Statement of changes in beneficial ownership of securitiesIRS Form. KBSEC FilingsGroupAll,,Annual FilingsCu",
    "link": "https://ir.climbbio.com/governance-financials/sec-filings?field_nir_sec_form_group_target_id_1%5B3991%5D=&order=field_nir_sec_date_filed&sort=asc",
    "timestamp": "unknown"
  },
  {
    "title": "IRS FormFiling DateDescriptionFormViewApr ,Statement of changes in beneficial ownership of securitiesIRS Form. KBSEC FilingsGroupAll,,Annual FilingsCu",
    "link": "https://ir.climbbio.com/governance-financials/sec-filings?field_nir_sec_form_group_target_id_1%5B3991%5D=&order=field_nir_sec_date_filed&sort=asc",
    "timestamp": "unknown"
  },
  {
    "title": "IRS FormFiling DateDescriptionFormViewApr ,Statement of changes in beneficial ownership of securitiesIRS Form. KBSEC FilingsGroupAll,,Annual FilingsCu",
    "link": "https://ir.climbbio.com/governance-financials/sec-filings?field_nir_sec_form_group_target_id_1%5B3991%5D=&order=field_nir_sec_date_filed&sort=asc",
    "timestamp": "unknown"
  },
  {
    "title": "IRS FormFiling DateDescriptionFormViewApr ,Statement of changes in beneficial ownership of securitiesIRS Form. KBSEC FilingsGroupAll,,Annual FilingsCu",
    "link": "https://ir.climbbio.com/governance-financials/sec-filings?field_nir_sec_form_group_target_id_1%5B3991%5D=&order=field_nir_sec_date_filed&sort=asc",
    "timestamp": "unknown"
  },
  {
    "title": "IRS FormFiling DateDescriptionFormViewApr ,Statement of changes in beneficial ownership of securitiesIRS Form. KBSEC FilingsGroupAll,,Annual FilingsCu",
    "link": "https://ir.climbbio.com/governance-financials/sec-filings?field_nir_sec_form_group_target_id_1%5B3991%5D=&order=field_nir_sec_date_filed&sort=asc",
    "timestamp": "unknown"
  },
  {
    "title": "IRS FormFiling DateDescriptionFormViewApr ,Statement of changes in beneficial ownership of securitiesIRS Form. KB",
    "link": "https://ir.climbbio.com/governance-financials/sec-filings?field_nir_sec_form_group_target_id_1%5B3991%5D=&order=field_nir_sec_date_filed&sort=asc",
    "timestamp": "unknown"
  },
  {
    "title": "Filing DateDescriptionFormViewApr ,Statement of changes in beneficial ownership of securitiesIRS Form. KB",
    "link": "https://ir.climbbio.com/governance-financials/sec-filings?field_nir_sec_form_group_target_id_1%5B3991%5D=&order=field_nir_sec_date_filed&sort=asc",
    "timestamp": "unknown"
  },
  {
    "title": "Filing DateDescriptionFormViewApr ,Statement of changes in beneficial ownership of securitiesIRS Form. KB",
    "link": "https://ir.climbbio.com/governance-financials/sec-filings?field_nir_sec_form_group_target_id_1%5B3991%5D=&order=field_nir_sec_date_filed&sort=asc",
    "timestamp": "unknown"
  },
  {
    "title": "Filing DateDescriptionFormViewApr ,Statement of changes in beneficial ownership of securitiesIRS Form. KB",
    "link": "https://ir.climbbio.com/governance-financials/sec-filings?field_nir_sec_form_group_target_id_1%5B3991%5D=&order=field_nir_sec_date_filed&sort=asc",
    "timestamp": "unknown"
  },
  {
    "title": "Filing DateDescriptionFormView",
    "link": "https://ir.climbbio.com/governance-financials/sec-filings?field_nir_sec_form_group_target_id_1%5B3991%5D=&order=field_nir_sec_date_filed&sort=asc",
    "timestamp": "unknown"
  },
  {
    "title": "Apr ,Statement of changes in beneficial ownership of securitiesIRS Form. KB",
    "link": "https://ir.climbbio.com/sec-filings/sec-filing/irs-form-",
    "timestamp": "unknown"
  },
  {
    "title": "IRS Form. KB",
    "link": "https://ir.climbbio.com/static-files/e0ad22bb-2f48-4b2d-a346-fe30ebc666f3",
    "timestamp": "unknown"
  },
  {
    "title": "IRS Form. KB",
    "link": "https://ir.climbbio.com/static-files/e0ad22bb-2f48-4b2d-a346-fe30ebc666f3",
    "timestamp": "unknown"
  },
  {
    "title": "SEC FilingsGroupAll,,Annual FilingsCurrent ReportsIRS FormMergers & AcquisitionsOtherProxy FilingsQuarterly FilingsRegistration StatementsFiling yearA",
    "link": "https://ir.climbbio.com/governance-financials/sec-filings?items_per_page=&order=field_nir_sec_date_filed&sort=asc",
    "timestamp": "unknown"
  },
  {
    "title": "GroupAll,,Annual FilingsCurrent ReportsIRS FormMergers & AcquisitionsOtherProxy FilingsQuarterly FilingsRegistration StatementsFiling yearAllItems per",
    "link": "https://ir.climbbio.com/governance-financials/sec-filings?items_per_page=&order=field_nir_sec_date_filed&sort=asc",
    "timestamp": "unknown"
  },
  {
    "title": "GroupAll,,Annual FilingsCurrent ReportsIRS FormMergers & AcquisitionsOtherProxy FilingsQuarterly FilingsRegistration StatementsFiling yearAllItems per",
    "link": "https://ir.climbbio.com/governance-financials/sec-filings?items_per_page=&order=field_nir_sec_date_filed&sort=asc",
    "timestamp": "unknown"
  },
  {
    "title": "Filing DateDescriptionFormViewOct ,Report of unscheduled material events or corporate event-K--.pdf--.rtf--.xlsEX-.SCH - XBRL TAXONOMY EXTENSION SCHEM",
    "link": "https://ir.climbbio.com/governance-financials/sec-filings?items_per_page=&order=field_nir_sec_date_filed&sort=asc",
    "timestamp": "unknown"
  },
  {
    "title": "Filing DateDescriptionFormView",
    "link": "https://ir.climbbio.com/governance-financials/sec-filings?items_per_page=&order=field_nir_sec_date_filed&sort=asc",
    "timestamp": "unknown"
  },
  {
    "title": "Oct ,Report of unscheduled material events or corporate event-K--.pdf--.rtf--.xlsEX-.SCH - XBRL TAXONOMY EXTENSION SCHEMAView HTML",
    "link": "https://ir.climbbio.com/sec-filings/sec-filing/-k/--",
    "timestamp": "unknown"
  },
  {
    "title": "--.pdf--.rtf--.xlsEX-.SCH - XBRL TAXONOMY EXTENSION SCHEMAView HTML",
    "link": "https://ir.climbbio.com/static-files/f9c2c22e-b1f5-4ab8-a3d6-f4e476d2d2e3",
    "timestamp": "unknown"
  },
  {
    "title": "--.pdf",
    "link": "https://ir.climbbio.com/static-files/f9c2c22e-b1f5-4ab8-a3d6-f4e476d2d2e3",
    "timestamp": "unknown"
  },
  {
    "title": "--.rtf",
    "link": "https://ir.climbbio.com/static-files/eacc7c3e-1dfb-484f-a8da-b7112c795fbc",
    "timestamp": "unknown"
  },
  {
    "title": "--.xls",
    "link": "https://ir.climbbio.com/static-files/-6e5b--b150-ec7626b606bf",
    "timestamp": "unknown"
  },
  {
    "title": "Oct ,SCHEDULE 13D/A - DescriptionSCHEDULE 13D/A--.pdf--.rtf--.xlsView HTML",
    "link": "https://ir.climbbio.com/sec-filings/sec-filing/schedule-13da/--",
    "timestamp": "unknown"
  },
  {
    "title": "--.pdf--.rtf--.xlsView HTML",
    "link": "https://ir.climbbio.com/static-files/b502de4c-a92e-47b4-bc13-5e0b1c337299",
    "timestamp": "unknown"
  },
  {
    "title": "--.pdf",
    "link": "https://ir.climbbio.com/static-files/b502de4c-a92e-47b4-bc13-5e0b1c337299",
    "timestamp": "unknown"
  },
  {
    "title": "--.rtf",
    "link": "https://ir.climbbio.com/static-files/5685bdea-0d4a-4b2c-be94-17f3ed68caa8",
    "timestamp": "unknown"
  },
  {
    "title": "--.xls",
    "link": "https://ir.climbbio.com/static-files/e6128273--4c46-a178-661074a7c927",
    "timestamp": "unknown"
  },
  {
    "title": "Oct ,SCHEDULE 13D/A - DescriptionSCHEDULE 13D/A--.pdf--.rtf--.xlsView HTML",
    "link": "https://ir.climbbio.com/sec-filings/sec-filing/schedule-13da/--",
    "timestamp": "unknown"
  },
  {
    "title": "--.pdf--.rtf--.xlsView HTML",
    "link": "https://ir.climbbio.com/static-files/02bf4b6c-e244-44f0-9bb1-9836ce095f06",
    "timestamp": "unknown"
  },
  {
    "title": "--.pdf",
    "link": "https://ir.climbbio.com/static-files/02bf4b6c-e244-44f0-9bb1-9836ce095f06",
    "timestamp": "unknown"
  },
  {
    "title": "--.rtf",
    "link": "https://ir.climbbio.com/static-files/26c71867-15e8-4dc3-b504-0ea53b9ae82b",
    "timestamp": "unknown"
  },
  {
    "title": "--.xls",
    "link": "https://ir.climbbio.com/static-files/34ec8ec2-ffbc--bd5f-0c28363ee902",
    "timestamp": "unknown"
  },
  {
    "title": "Oct ,Report of unscheduled material events or corporate event-K--.pdf--.rtf--.xlsEX-.SCH - XBRL TAXONOMY EXTENSION SCHEMAView HTML",
    "link": "https://ir.climbbio.com/sec-filings/sec-filing/-k/--",
    "timestamp": "unknown"
  },
  {
    "title": "--.pdf--.rtf--.xlsEX-.SCH - XBRL TAXONOMY EXTENSION SCHEMAView HTML",
    "link": "https://ir.climbbio.com/static-files/93f679cd-d7c6--9f85-f57cda32cee3",
    "timestamp": "unknown"
  },
  {
    "title": "--.pdf",
    "link": "https://ir.climbbio.com/static-files/93f679cd-d7c6--9f85-f57cda32cee3",
    "timestamp": "unknown"
  },
  {
    "title": "--.rtf",
    "link": "https://ir.climbbio.com/static-files/dc01e5bf-a936--8af2-30accb3f7418",
    "timestamp": "unknown"
  },
  {
    "title": "--.xls",
    "link": "https://ir.climbbio.com/static-files/8601de5b-7f8b-422a-a06d-fa8e30ca6946",
    "timestamp": "unknown"
  },
  {
    "title": "Oct ,Initial filing by director officer or owner of more than ten percent--.pdf--.rtf--.xlsView HTML",
    "link": "https://ir.climbbio.com/sec-filings/sec-filing//--",
    "timestamp": "unknown"
  },
  {
    "title": "--.pdf--.rtf--.xlsView HTML",
    "link": "https://ir.climbbio.com/static-files/4e1a0fa6-568c-4bec-8a4f-71607aedd8cb",
    "timestamp": "unknown"
  },
  {
    "title": "--.pdf",
    "link": "https://ir.climbbio.com/static-files/4e1a0fa6-568c-4bec-8a4f-71607aedd8cb",
    "timestamp": "unknown"
  },
  {
    "title": "--.rtf",
    "link": "https://ir.climbbio.com/static-files/ac72f8e4-512c-49b1-a106-d5e485dc949a",
    "timestamp": "unknown"
  },
  {
    "title": "--.xls",
    "link": "https://ir.climbbio.com/static-files/71b7e3ab--4e93-99c0-e88d90c4bc3b",
    "timestamp": "unknown"
  },
  {
    "title": "Oct ,Statement of changes in beneficial ownership of securities--.pdf--.rtf--.xlsView HTML",
    "link": "https://ir.climbbio.com/sec-filings/sec-filing//--",
    "timestamp": "unknown"
  },
  {
    "title": "--.pdf--.rtf--.xlsView HTML",
    "link": "https://ir.climbbio.com/static-files/047ba042-a646-4c4d-ae71-3194377c3563",
    "timestamp": "unknown"
  },
  {
    "title": "--.pdf",
    "link": "https://ir.climbbio.com/static-files/047ba042-a646-4c4d-ae71-3194377c3563",
    "timestamp": "unknown"
  },
  {
    "title": "--.rtf",
    "link": "https://ir.climbbio.com/static-files/ed42d72b-79a5--873b-d24723dd4f03",
    "timestamp": "unknown"
  },
  {
    "title": "--.xls",
    "link": "https://ir.climbbio.com/static-files/25db172c---940f-02b2f9cd2ae1",
    "timestamp": "unknown"
  },
  {
    "title": "Sep ,Report of unscheduled material events or corporate event-K--.pdf--.rtf--.xlsEX-.SCH - XBRL TAXONOMY EXTENSION SCHEMAView HTML",
    "link": "https://ir.climbbio.com/sec-filings/sec-filing/-k/--",
    "timestamp": "unknown"
  },
  {
    "title": "--.pdf--.rtf--.xlsEX-.SCH - XBRL TAXONOMY EXTENSION SCHEMAView HTML",
    "link": "https://ir.climbbio.com/static-files/c45fa4f9-d575-4b0f-aa01-10bb41f00caa",
    "timestamp": "unknown"
  },
  {
    "title": "--.pdf",
    "link": "https://ir.climbbio.com/static-files/c45fa4f9-d575-4b0f-aa01-10bb41f00caa",
    "timestamp": "unknown"
  },
  {
    "title": "--.rtf",
    "link": "https://ir.climbbio.com/static-files/2f20efec-34fd-4a45--e9b95d6f120a",
    "timestamp": "unknown"
  },
  {
    "title": "--.xls",
    "link": "https://ir.climbbio.com/static-files/b6338c2a-5e21-41ae-8b86-86325c3ae428",
    "timestamp": "unknown"
  },
  {
    "title": "Sep ,SCHEDULE 13G - DescriptionSCHEDULE 13G--.pdf--.rtf--.xlsView HTML",
    "link": "https://ir.climbbio.com/sec-filings/sec-filing/schedule-13g/--",
    "timestamp": "unknown"
  },
  {
    "title": "--.pdf--.rtf--.xlsView HTML",
    "link": "https://ir.climbbio.com/static-files/6a8bf7c5-bf5b---e668e67a3f75",
    "timestamp": "unknown"
  },
  {
    "title": "--.pdf",
    "link": "https://ir.climbbio.com/static-files/6a8bf7c5-bf5b---e668e67a3f75",
    "timestamp": "unknown"
  },
  {
    "title": "--.rtf",
    "link": "https://ir.climbbio.com/static-files/5d39b9bd-4acb-4cad-9a42-322254bb0db0",
    "timestamp": "unknown"
  },
  {
    "title": "--.xls",
    "link": "https://ir.climbbio.com/static-files/95b42ff9-ad88-4d98-82fd-7bf691298f96",
    "timestamp": "unknown"
  },
  {
    "title": "Aug ,Report of unscheduled material events or corporate event-K--.pdf--.rtf--.xlsEX-.SCH - XBRL TAXONOMY EXTENSION SCHEMAView HTML",
    "link": "https://ir.climbbio.com/sec-filings/sec-filing/-k/--",
    "timestamp": "unknown"
  },
  {
    "title": "--.pdf--.rtf--.xlsEX-.SCH - XBRL TAXONOMY EXTENSION SCHEMAView HTML",
    "link": "https://ir.climbbio.com/static-files/1c878dd3-fcf9-4dba--fd2b46e339fe",
    "timestamp": "unknown"
  },
  {
    "title": "--.pdf",
    "link": "https://ir.climbbio.com/static-files/1c878dd3-fcf9-4dba--fd2b46e339fe",
    "timestamp": "unknown"
  },
  {
    "title": "--.rtf",
    "link": "https://ir.climbbio.com/static-files/50a0b2a6-d91c--9f0d-fade6eb1b56b",
    "timestamp": "unknown"
  },
  {
    "title": "--.xls",
    "link": "https://ir.climbbio.com/static-files/574073e2-b919-4eab-b9f8-1788a62dc92d",
    "timestamp": "unknown"
  },
  {
    "title": "Aug ,Quarterly report which provides a continuing view of a company's financial position-Q--.pdf--.rtf--.xlsEX-.SCH - XBRL TAXONOMY EXTENSION SCHEMAVi",
    "link": "https://ir.climbbio.com/sec-filings/sec-filing/-q/--",
    "timestamp": "unknown"
  },
  {
    "title": "--.pdf--.rtf--.xlsEX-.SCH - XBRL TAXONOMY EXTENSION SCHEMAView HTML",
    "link": "https://ir.climbbio.com/static-files/1f12bd79-a284-49c4-825e-5620fb7d6383",
    "timestamp": "unknown"
  },
  {
    "title": "--.pdf",
    "link": "https://ir.climbbio.com/static-files/1f12bd79-a284-49c4-825e-5620fb7d6383",
    "timestamp": "unknown"
  },
  {
    "title": "--.rtf",
    "link": "https://ir.climbbio.com/static-files/91a7fb1c---8f60-0b4513e80d8a",
    "timestamp": "unknown"
  },
  {
    "title": "--.xls",
    "link": "https://ir.climbbio.com/static-files/a1fcfcba-47fb--81bd-f47df87f9869",
    "timestamp": "unknown"
  },
  {
    "title": "Current pagePagePage\u2026Next page\u203aLast page\u00bbDisplaying  -  of  results",
    "link": "https://ir.climbbio.com/governance-financials/sec-filings?&field_nir_sec_cik_target_id=&field_nir_sec_date_filed_value=&&&items_per_page_toggle=&page=",
    "timestamp": "unknown"
  },
  {
    "title": "Current pagePagePage\u2026Next page\u203aLast page\u00bb",
    "link": "https://ir.climbbio.com/governance-financials/sec-filings?&field_nir_sec_cik_target_id=&field_nir_sec_date_filed_value=&&&items_per_page_toggle=&page=",
    "timestamp": "unknown"
  },
  {
    "title": "Current page",
    "link": "https://ir.climbbio.com/governance-financials/sec-filings?&field_nir_sec_cik_target_id=&field_nir_sec_date_filed_value=&&&items_per_page_toggle=&page=",
    "timestamp": "unknown"
  },
  {
    "title": "Page",
    "link": "https://ir.climbbio.com/governance-financials/sec-filings?&field_nir_sec_cik_target_id=&field_nir_sec_date_filed_value=&&&items_per_page_toggle=&page=",
    "timestamp": "unknown"
  },
  {
    "title": "Page",
    "link": "https://ir.climbbio.com/governance-financials/sec-filings?&field_nir_sec_cik_target_id=&field_nir_sec_date_filed_value=&&&items_per_page_toggle=&page=",
    "timestamp": "unknown"
  },
  {
    "title": "Next page\u203a",
    "link": "https://ir.climbbio.com/governance-financials/sec-filings?&field_nir_sec_cik_target_id=&field_nir_sec_date_filed_value=&&&items_per_page_toggle=&page=",
    "timestamp": "unknown"
  },
  {
    "title": "Last page\u00bb",
    "link": "https://ir.climbbio.com/governance-financials/sec-filings?&field_nir_sec_cik_target_id=&field_nir_sec_date_filed_value=&&&items_per_page_toggle=&page=",
    "timestamp": "unknown"
  },
  {
    "title": "Data provided byKaleidoscope.",
    "link": "https://www.kscope.io",
    "timestamp": "unknown"
  },
  {
    "title": "Data provided byKaleidoscope.",
    "link": "https://www.kscope.io",
    "timestamp": "unknown"
  },
  {
    "title": "Contact UsWilliam Street, Suite , Wellesley Hills, MA---CLYM ()media@climbbio.cominvestorrelations@climbbio.comcareers@climbbio.comPolicyPrivacy Polic",
    "link": "https://climbbio.com/",
    "timestamp": "unknown"
  },
  {
    "title": "Contact UsWilliam Street, Suite , Wellesley Hills, MA---CLYM ()media@climbbio.cominvestorrelations@climbbio.comcareers@climbbio.comPolicyPrivacy Polic",
    "link": "https://climbbio.com/",
    "timestamp": "unknown"
  },
  {
    "title": "Contact UsWilliam Street, Suite , Wellesley Hills, MA---CLYM ()media@climbbio.cominvestorrelations@climbbio.comcareers@climbbio.comPolicyPrivacy Polic",
    "link": "mailto:media@climbbio.com",
    "timestamp": "unknown"
  },
  {
    "title": "Contact UsWilliam Street, Suite , Wellesley Hills, MA---CLYM ()media@climbbio.cominvestorrelations@climbbio.comcareers@climbbio.com",
    "link": "mailto:media@climbbio.com",
    "timestamp": "unknown"
  },
  {
    "title": "Contact UsWilliam Street, Suite , Wellesley Hills, MA---CLYM ()media@climbbio.cominvestorrelations@climbbio.comcareers@climbbio.com",
    "link": "mailto:media@climbbio.com",
    "timestamp": "unknown"
  },
  {
    "title": "Contact UsWilliam Street, Suite , Wellesley Hills, MA---CLYM ()media@climbbio.cominvestorrelations@climbbio.comcareers@climbbio.com",
    "link": "mailto:media@climbbio.com",
    "timestamp": "unknown"
  },
  {
    "title": "Contact UsWilliam Street, Suite , Wellesley Hills, MA---CLYM ()media@climbbio.cominvestorrelations@climbbio.comcareers@climbbio.com",
    "link": "mailto:media@climbbio.com",
    "timestamp": "unknown"
  },
  {
    "title": "Contact UsWilliam Street, Suite , Wellesley Hills, MA---CLYM ()media@climbbio.cominvestorrelations@climbbio.comcareers@climbbio.com",
    "link": "mailto:media@climbbio.com",
    "timestamp": "unknown"
  },
  {
    "title": "media@climbbio.com",
    "link": "mailto:media@climbbio.com",
    "timestamp": "unknown"
  },
  {
    "title": "investorrelations@climbbio.com",
    "link": "mailto:investorrelations@climbbio.com",
    "timestamp": "unknown"
  },
  {
    "title": "careers@climbbio.com",
    "link": "mailto:careers@climbbio.com",
    "timestamp": "unknown"
  },
  {
    "title": "PolicyPrivacy Policy",
    "link": "https://climbbio.com/privacy-policy/",
    "timestamp": "unknown"
  },
  {
    "title": "Privacy Policy",
    "link": "https://climbbio.com/privacy-policy/",
    "timestamp": "unknown"
  },
  {
    "title": "\u00a9  Climb Bio\u00ae. All Rights Reserved.",
    "link": "https://x.com/climbbio",
    "timestamp": "unknown"
  }
]