[
  {
    "title": "News",
    "link": "https://investors.cullinantherapeutics.com/news-releases",
    "timestamp": "unknown"
  },
  {
    "title": "Contact Us",
    "link": "https://www.cullinanoncology.com/contact",
    "timestamp": "unknown"
  },
  {
    "title": "Overview",
    "link": "https://investors.cullinantherapeutics.com/",
    "timestamp": "unknown"
  },
  {
    "title": "Events and Presentations",
    "link": "https://investors.cullinantherapeutics.com/events",
    "timestamp": "unknown"
  },
  {
    "title": "SEC Filings",
    "link": "https://investors.cullinantherapeutics.com/sec-filings",
    "timestamp": "unknown"
  },
  {
    "title": "Stock Information",
    "link": "https://investors.cullinantherapeutics.com/stock-information",
    "timestamp": "unknown"
  },
  {
    "title": "Corporate Governance",
    "link": "https://investors.cullinantherapeutics.com/corporate-governance",
    "timestamp": "unknown"
  },
  {
    "title": "Investor FAQs",
    "link": "https://investors.cullinantherapeutics.com/faqs",
    "timestamp": "unknown"
  },
  {
    "title": "Email Alerts",
    "link": "https://investors.cullinantherapeutics.com/email-alerts",
    "timestamp": "unknown"
  },
  {
    "title": "Home",
    "link": "https://www.cullinanoncology.com/",
    "timestamp": "unknown"
  },
  {
    "title": "About Cullinan",
    "link": "https://cullinantherapeutics.com/about/",
    "timestamp": "unknown"
  },
  {
    "title": "Leadership",
    "link": "https://cullinantherapeutics.com/leadership/",
    "timestamp": "unknown"
  },
  {
    "title": "Partnerships",
    "link": "https://cullinantherapeutics.com/partnerships/",
    "timestamp": "unknown"
  },
  {
    "title": "R&D",
    "link": "https://cullinantherapeutics.com/research-development/",
    "timestamp": "unknown"
  },
  {
    "title": "Programs",
    "link": "https://cullinantherapeutics.com/programs/",
    "timestamp": "unknown"
  },
  {
    "title": "Pipeline",
    "link": "https://cullinantherapeutics.com/pipeline/",
    "timestamp": "unknown"
  },
  {
    "title": "Patient Programs",
    "link": "https://cullinantherapeutics.com/patient-programs/",
    "timestamp": "unknown"
  },
  {
    "title": "Clinical Trials",
    "link": "https://cullinantherapeutics.com/clinical-trials/",
    "timestamp": "unknown"
  },
  {
    "title": "Our People",
    "link": "https://cullinantherapeutics.com/people/",
    "timestamp": "unknown"
  },
  {
    "title": "Careers",
    "link": "https://cullinantherapeutics.com/careers/",
    "timestamp": "unknown"
  },
  {
    "title": "Corporate PresentationsCorporate PresentationExpanded Corporate PresentationUpcoming EventsCantor Global Healthcare ConferenceSeptember ,  at  EDTClic",
    "link": "https://investors.cullinantherapeutics.com/static-files/b2cd60bb-7f36-42ef-b2df-0d74d4908124",
    "timestamp": "unknown"
  },
  {
    "title": "Corporate PresentationsCorporate PresentationExpanded Corporate PresentationUpcoming EventsCantor Global Healthcare ConferenceSeptember ,  at  EDTClic",
    "link": "https://investors.cullinantherapeutics.com/static-files/b2cd60bb-7f36-42ef-b2df-0d74d4908124",
    "timestamp": "unknown"
  },
  {
    "title": "Corporate PresentationsCorporate PresentationExpanded Corporate PresentationUpcoming EventsCantor Global Healthcare ConferenceSeptember ,  at  EDTClic",
    "link": "https://investors.cullinantherapeutics.com/static-files/b2cd60bb-7f36-42ef-b2df-0d74d4908124",
    "timestamp": "unknown"
  },
  {
    "title": "Corporate PresentationsCorporate PresentationExpanded Corporate PresentationUpcoming EventsCantor Global Healthcare ConferenceSeptember ,  at  EDTClic",
    "link": "https://investors.cullinantherapeutics.com/static-files/b2cd60bb-7f36-42ef-b2df-0d74d4908124",
    "timestamp": "unknown"
  },
  {
    "title": "Corporate PresentationsCorporate PresentationExpanded Corporate PresentationUpcoming EventsCantor Global Healthcare ConferenceSeptember ,  at  EDTClic",
    "link": "https://investors.cullinantherapeutics.com/static-files/b2cd60bb-7f36-42ef-b2df-0d74d4908124",
    "timestamp": "unknown"
  },
  {
    "title": "Corporate PresentationsCorporate PresentationExpanded Corporate PresentationUpcoming EventsCantor Global Healthcare ConferenceSeptember ,  at  EDTClic",
    "link": "https://investors.cullinantherapeutics.com/static-files/b2cd60bb-7f36-42ef-b2df-0d74d4908124",
    "timestamp": "unknown"
  },
  {
    "title": "Corporate PresentationsCorporate PresentationExpanded Corporate PresentationUpcoming EventsCantor Global Healthcare ConferenceSeptember ,  at  EDTClic",
    "link": "https://investors.cullinantherapeutics.com/static-files/b2cd60bb-7f36-42ef-b2df-0d74d4908124",
    "timestamp": "unknown"
  },
  {
    "title": "Corporate PresentationsCorporate PresentationExpanded Corporate PresentationUpcoming EventsCantor Global Healthcare ConferenceSeptember ,  at  EDTClic",
    "link": "https://investors.cullinantherapeutics.com/static-files/b2cd60bb-7f36-42ef-b2df-0d74d4908124",
    "timestamp": "unknown"
  },
  {
    "title": "Corporate PresentationsCorporate PresentationExpanded Corporate PresentationUpcoming EventsCantor Global Healthcare ConferenceSeptember ,  at  EDTClic",
    "link": "https://investors.cullinantherapeutics.com/static-files/b2cd60bb-7f36-42ef-b2df-0d74d4908124",
    "timestamp": "unknown"
  },
  {
    "title": "Corporate PresentationsCorporate PresentationExpanded Corporate PresentationUpcoming EventsCantor Global Healthcare ConferenceSeptember ,  at  EDTClic",
    "link": "https://investors.cullinantherapeutics.com/static-files/b2cd60bb-7f36-42ef-b2df-0d74d4908124",
    "timestamp": "unknown"
  },
  {
    "title": "Corporate PresentationsCorporate PresentationExpanded Corporate PresentationUpcoming EventsCantor Global Healthcare ConferenceSeptember ,  at  EDTClic",
    "link": "https://investors.cullinantherapeutics.com/static-files/b2cd60bb-7f36-42ef-b2df-0d74d4908124",
    "timestamp": "unknown"
  },
  {
    "title": "Corporate PresentationsCorporate PresentationExpanded Corporate PresentationUpcoming EventsCantor Global Healthcare ConferenceSeptember ,  at  EDTClic",
    "link": "https://investors.cullinantherapeutics.com/static-files/b2cd60bb-7f36-42ef-b2df-0d74d4908124",
    "timestamp": "unknown"
  },
  {
    "title": "Corporate PresentationsCorporate PresentationExpanded Corporate PresentationUpcoming EventsCantor Global Healthcare ConferenceSeptember ,  at  EDTClic",
    "link": "https://investors.cullinantherapeutics.com/static-files/b2cd60bb-7f36-42ef-b2df-0d74d4908124",
    "timestamp": "unknown"
  },
  {
    "title": "Corporate PresentationsCorporate PresentationExpanded Corporate PresentationUpcoming EventsCantor Global Healthcare ConferenceSeptember ,  at  EDTClic",
    "link": "https://investors.cullinantherapeutics.com/static-files/b2cd60bb-7f36-42ef-b2df-0d74d4908124",
    "timestamp": "unknown"
  },
  {
    "title": "Corporate PresentationsCorporate PresentationExpanded Corporate Presentation",
    "link": "https://investors.cullinantherapeutics.com/static-files/b2cd60bb-7f36-42ef-b2df-0d74d4908124",
    "timestamp": "unknown"
  },
  {
    "title": "Corporate PresentationsCorporate PresentationExpanded Corporate Presentation",
    "link": "https://investors.cullinantherapeutics.com/static-files/b2cd60bb-7f36-42ef-b2df-0d74d4908124",
    "timestamp": "unknown"
  },
  {
    "title": "Corporate PresentationExpanded Corporate Presentation",
    "link": "https://investors.cullinantherapeutics.com/static-files/b2cd60bb-7f36-42ef-b2df-0d74d4908124",
    "timestamp": "unknown"
  },
  {
    "title": "Corporate PresentationExpanded Corporate Presentation",
    "link": "https://investors.cullinantherapeutics.com/static-files/b2cd60bb-7f36-42ef-b2df-0d74d4908124",
    "timestamp": "unknown"
  },
  {
    "title": "Corporate Presentation",
    "link": "https://investors.cullinantherapeutics.com/static-files/b2cd60bb-7f36-42ef-b2df-0d74d4908124",
    "timestamp": "unknown"
  },
  {
    "title": "Corporate Presentation",
    "link": "https://investors.cullinantherapeutics.com/static-files/b2cd60bb-7f36-42ef-b2df-0d74d4908124",
    "timestamp": "unknown"
  },
  {
    "title": "Corporate Presentation",
    "link": "https://investors.cullinantherapeutics.com/static-files/b2cd60bb-7f36-42ef-b2df-0d74d4908124",
    "timestamp": "unknown"
  },
  {
    "title": "Corporate Presentation",
    "link": "https://investors.cullinantherapeutics.com/static-files/b2cd60bb-7f36-42ef-b2df-0d74d4908124",
    "timestamp": "unknown"
  },
  {
    "title": "Expanded Corporate Presentation",
    "link": "https://investors.cullinantherapeutics.com/static-files/de0c4417-d3c6-48b7-8fca-0338e563d7a9",
    "timestamp": "unknown"
  },
  {
    "title": "Expanded Corporate Presentation",
    "link": "https://investors.cullinantherapeutics.com/static-files/de0c4417-d3c6-48b7-8fca-0338e563d7a9",
    "timestamp": "unknown"
  },
  {
    "title": "Expanded Corporate Presentation",
    "link": "https://investors.cullinantherapeutics.com/static-files/de0c4417-d3c6-48b7-8fca-0338e563d7a9",
    "timestamp": "unknown"
  },
  {
    "title": "Expanded Corporate Presentation",
    "link": "https://investors.cullinantherapeutics.com/static-files/de0c4417-d3c6-48b7-8fca-0338e563d7a9",
    "timestamp": "unknown"
  },
  {
    "title": "Upcoming EventsCantor Global Healthcare ConferenceSeptember ,  at  EDTClick Here for WebcastAdd to OutlookAdd to Google CalendarMorgan Stanley 23rd An",
    "link": "https://investors.cullinantherapeutics.com/events/event-details/cantor-global-healthcare-conference-",
    "timestamp": "unknown"
  },
  {
    "title": "Upcoming EventsCantor Global Healthcare ConferenceSeptember ,  at  EDTClick Here for WebcastAdd to OutlookAdd to Google CalendarMorgan Stanley 23rd An",
    "link": "https://investors.cullinantherapeutics.com/events/event-details/cantor-global-healthcare-conference-",
    "timestamp": "unknown"
  },
  {
    "title": "Cantor Global Healthcare ConferenceSeptember ,  at  EDTClick Here for WebcastAdd to OutlookAdd to Google CalendarMorgan Stanley 23rd Annual Global Hea",
    "link": "https://investors.cullinantherapeutics.com/events/event-details/cantor-global-healthcare-conference-",
    "timestamp": "unknown"
  },
  {
    "title": "Cantor Global Healthcare ConferenceSeptember ,  at  EDTClick Here for WebcastAdd to OutlookAdd to Google CalendarMorgan Stanley 23rd Annual Global Hea",
    "link": "https://investors.cullinantherapeutics.com/events/event-details/cantor-global-healthcare-conference-",
    "timestamp": "unknown"
  },
  {
    "title": "Cantor Global Healthcare ConferenceSeptember ,  at  EDTClick Here for WebcastAdd to OutlookAdd to Google Calendar",
    "link": "https://investors.cullinantherapeutics.com/events/event-details/cantor-global-healthcare-conference-",
    "timestamp": "unknown"
  },
  {
    "title": "Cantor Global Healthcare ConferenceSeptember ,  at  EDT",
    "link": "https://investors.cullinantherapeutics.com/events/event-details/cantor-global-healthcare-conference-",
    "timestamp": "unknown"
  },
  {
    "title": "Cantor Global Healthcare Conference",
    "link": "https://investors.cullinantherapeutics.com/events/event-details/cantor-global-healthcare-conference-",
    "timestamp": "unknown"
  },
  {
    "title": "Cantor Global Healthcare Conference",
    "link": "https://investors.cullinantherapeutics.com/events/event-details/cantor-global-healthcare-conference-",
    "timestamp": "unknown"
  },
  {
    "title": "Cantor Global Healthcare Conference",
    "link": "https://investors.cullinantherapeutics.com/events/event-details/cantor-global-healthcare-conference-",
    "timestamp": "unknown"
  },
  {
    "title": "Click Here for WebcastAdd to OutlookAdd to Google Calendar",
    "link": "https://sqps.onstreamsecure.com/origin/enliven/players/EnlivenPlayer.html?customerId=&eventId=&checkCompany=&checkEmail=&checkName=",
    "timestamp": "unknown"
  },
  {
    "title": "Click Here for Webcast",
    "link": "https://sqps.onstreamsecure.com/origin/enliven/players/EnlivenPlayer.html?customerId=&eventId=&checkCompany=&checkEmail=&checkName=",
    "timestamp": "unknown"
  },
  {
    "title": "Click Here for Webcast",
    "link": "https://sqps.onstreamsecure.com/origin/enliven/players/EnlivenPlayer.html?customerId=&eventId=&checkCompany=&checkEmail=&checkName=",
    "timestamp": "unknown"
  },
  {
    "title": "Click Here for Webcast",
    "link": "https://sqps.onstreamsecure.com/origin/enliven/players/EnlivenPlayer.html?customerId=&eventId=&checkCompany=&checkEmail=&checkName=",
    "timestamp": "unknown"
  },
  {
    "title": "Add to OutlookAdd to Google Calendar",
    "link": "https://investors.cullinantherapeutics.com/node//ics",
    "timestamp": "unknown"
  },
  {
    "title": "Add to Outlook",
    "link": "https://investors.cullinantherapeutics.com/node//ics",
    "timestamp": "unknown"
  },
  {
    "title": "Add to Outlook",
    "link": "https://investors.cullinantherapeutics.com/node//ics",
    "timestamp": "unknown"
  },
  {
    "title": "Add to Outlook",
    "link": "https://investors.cullinantherapeutics.com/node//ics",
    "timestamp": "unknown"
  },
  {
    "title": "Add to Google Calendar",
    "link": "https://www.google.com/calendar/render?action=TEMPLATE&text=Cullinan%20Therapeutics%2C%20Inc.%-%20Cantor%20Global%20Healthcare%20Conference%&dates=20250904T181000Z/20250904T181000Z&details=Event%20Details%3A%20https%3A//investors.cullinantherapeutics.com/events/event-details/cantor-global-healthcare-conference-%0A%0AWebcast%3A%20https%3A//sqps.onstreamsecure.com/origin/enliven/players/EnlivenPlayer.html%3FcustomerId%3D22&eventId=&checkCompany=&checkEmail=&checkName=&location=&trp=false&sprop=name%3A",
    "timestamp": "unknown"
  },
  {
    "title": "Add to Google Calendar",
    "link": "https://www.google.com/calendar/render?action=TEMPLATE&text=Cullinan%20Therapeutics%2C%20Inc.%-%20Cantor%20Global%20Healthcare%20Conference%&dates=20250904T181000Z/20250904T181000Z&details=Event%20Details%3A%20https%3A//investors.cullinantherapeutics.com/events/event-details/cantor-global-healthcare-conference-%0A%0AWebcast%3A%20https%3A//sqps.onstreamsecure.com/origin/enliven/players/EnlivenPlayer.html%3FcustomerId%3D22&eventId=&checkCompany=&checkEmail=&checkName=&location=&trp=false&sprop=name%3A",
    "timestamp": "unknown"
  },
  {
    "title": "Add to Google Calendar",
    "link": "https://www.google.com/calendar/render?action=TEMPLATE&text=Cullinan%20Therapeutics%2C%20Inc.%-%20Cantor%20Global%20Healthcare%20Conference%&dates=20250904T181000Z/20250904T181000Z&details=Event%20Details%3A%20https%3A//investors.cullinantherapeutics.com/events/event-details/cantor-global-healthcare-conference-%0A%0AWebcast%3A%20https%3A//sqps.onstreamsecure.com/origin/enliven/players/EnlivenPlayer.html%3FcustomerId%3D22&eventId=&checkCompany=&checkEmail=&checkName=&location=&trp=false&sprop=name%3A",
    "timestamp": "unknown"
  },
  {
    "title": "Morgan Stanley 23rd Annual Global Healthcare ConferenceSeptember ,  at  EDTClick Here for WebcastAdd to OutlookAdd to Google Calendar",
    "link": "https://investors.cullinantherapeutics.com/events/event-details/morgan-stanley-23rd-annual-global-healthcare-conference",
    "timestamp": "unknown"
  },
  {
    "title": "Morgan Stanley 23rd Annual Global Healthcare ConferenceSeptember ,  at  EDT",
    "link": "https://investors.cullinantherapeutics.com/events/event-details/morgan-stanley-23rd-annual-global-healthcare-conference",
    "timestamp": "unknown"
  },
  {
    "title": "Morgan Stanley 23rd Annual Global Healthcare Conference",
    "link": "https://investors.cullinantherapeutics.com/events/event-details/morgan-stanley-23rd-annual-global-healthcare-conference",
    "timestamp": "unknown"
  },
  {
    "title": "Morgan Stanley 23rd Annual Global Healthcare Conference",
    "link": "https://investors.cullinantherapeutics.com/events/event-details/morgan-stanley-23rd-annual-global-healthcare-conference",
    "timestamp": "unknown"
  },
  {
    "title": "Morgan Stanley 23rd Annual Global Healthcare Conference",
    "link": "https://investors.cullinantherapeutics.com/events/event-details/morgan-stanley-23rd-annual-global-healthcare-conference",
    "timestamp": "unknown"
  },
  {
    "title": "Click Here for WebcastAdd to OutlookAdd to Google Calendar",
    "link": "https://cc.webcasts.com/morg007/090825a_js/?entity=137_IE76Y6P",
    "timestamp": "unknown"
  },
  {
    "title": "Click Here for Webcast",
    "link": "https://cc.webcasts.com/morg007/090825a_js/?entity=137_IE76Y6P",
    "timestamp": "unknown"
  },
  {
    "title": "Click Here for Webcast",
    "link": "https://cc.webcasts.com/morg007/090825a_js/?entity=137_IE76Y6P",
    "timestamp": "unknown"
  },
  {
    "title": "Click Here for Webcast",
    "link": "https://cc.webcasts.com/morg007/090825a_js/?entity=137_IE76Y6P",
    "timestamp": "unknown"
  },
  {
    "title": "Add to OutlookAdd to Google Calendar",
    "link": "https://investors.cullinantherapeutics.com/node//ics",
    "timestamp": "unknown"
  },
  {
    "title": "Add to Outlook",
    "link": "https://investors.cullinantherapeutics.com/node//ics",
    "timestamp": "unknown"
  },
  {
    "title": "Add to Outlook",
    "link": "https://investors.cullinantherapeutics.com/node//ics",
    "timestamp": "unknown"
  },
  {
    "title": "Add to Outlook",
    "link": "https://investors.cullinantherapeutics.com/node//ics",
    "timestamp": "unknown"
  },
  {
    "title": "Add to Google Calendar",
    "link": "https://www.google.com/calendar/render?action=TEMPLATE&text=Cullinan%20Therapeutics%2C%20Inc.%-%20Morgan%20Stanley%2023rd%20Annual%20Global%20Healthcare%20Conference&dates=20250910T123000Z/20250910T123000Z&details=Event%20Details%3A%20https%3A//investors.cullinantherapeutics.com/events/event-details/morgan-stanley-23rd-annual-global-healthcare-conference%0A%0AWebcast%3A%20https%3A//cc.webcasts.com/morg007/090825a_js/%3Fentity%3D137_IE76Y6P&location=&trp=false&sprop=name%3A",
    "timestamp": "unknown"
  },
  {
    "title": "Add to Google Calendar",
    "link": "https://www.google.com/calendar/render?action=TEMPLATE&text=Cullinan%20Therapeutics%2C%20Inc.%-%20Morgan%20Stanley%2023rd%20Annual%20Global%20Healthcare%20Conference&dates=20250910T123000Z/20250910T123000Z&details=Event%20Details%3A%20https%3A//investors.cullinantherapeutics.com/events/event-details/morgan-stanley-23rd-annual-global-healthcare-conference%0A%0AWebcast%3A%20https%3A//cc.webcasts.com/morg007/090825a_js/%3Fentity%3D137_IE76Y6P&location=&trp=false&sprop=name%3A",
    "timestamp": "unknown"
  },
  {
    "title": "Add to Google Calendar",
    "link": "https://www.google.com/calendar/render?action=TEMPLATE&text=Cullinan%20Therapeutics%2C%20Inc.%-%20Morgan%20Stanley%2023rd%20Annual%20Global%20Healthcare%20Conference&dates=20250910T123000Z/20250910T123000Z&details=Event%20Details%3A%20https%3A//investors.cullinantherapeutics.com/events/event-details/morgan-stanley-23rd-annual-global-healthcare-conference%0A%0AWebcast%3A%20https%3A//cc.webcasts.com/morg007/090825a_js/%3Fentity%3D137_IE76Y6P&location=&trp=false&sprop=name%3A",
    "timestamp": "unknown"
  },
  {
    "title": "Past EventsJefferies Global Healthcare Conference PresentationJune ,  at  EDTClick Here for WebcastCullinan Therapeutics Corporate UpdateJune ,  at  E",
    "link": "https://investors.cullinantherapeutics.com/events/event-details/jefferies-global-healthcare-conference-presentation",
    "timestamp": "unknown"
  },
  {
    "title": "Past EventsJefferies Global Healthcare Conference PresentationJune ,  at  EDTClick Here for WebcastCullinan Therapeutics Corporate UpdateJune ,  at  E",
    "link": "https://investors.cullinantherapeutics.com/events/event-details/jefferies-global-healthcare-conference-presentation",
    "timestamp": "unknown"
  },
  {
    "title": "Jefferies Global Healthcare Conference PresentationJune ,  at  EDTClick Here for WebcastCullinan Therapeutics Corporate UpdateJune ,  at  EDTClick Her",
    "link": "https://investors.cullinantherapeutics.com/events/event-details/jefferies-global-healthcare-conference-presentation",
    "timestamp": "unknown"
  },
  {
    "title": "Jefferies Global Healthcare Conference PresentationJune ,  at  EDTClick Here for WebcastCullinan Therapeutics Corporate UpdateJune ,  at  EDTClick Her",
    "link": "https://investors.cullinantherapeutics.com/events/event-details/jefferies-global-healthcare-conference-presentation",
    "timestamp": "unknown"
  },
  {
    "title": "Jefferies Global Healthcare Conference PresentationJune ,  at  EDTClick Here for Webcast",
    "link": "https://investors.cullinantherapeutics.com/events/event-details/jefferies-global-healthcare-conference-presentation",
    "timestamp": "unknown"
  },
  {
    "title": "Jefferies Global Healthcare Conference PresentationJune ,  at  EDT",
    "link": "https://investors.cullinantherapeutics.com/events/event-details/jefferies-global-healthcare-conference-presentation",
    "timestamp": "unknown"
  },
  {
    "title": "Jefferies Global Healthcare Conference Presentation",
    "link": "https://investors.cullinantherapeutics.com/events/event-details/jefferies-global-healthcare-conference-presentation",
    "timestamp": "unknown"
  },
  {
    "title": "Jefferies Global Healthcare Conference Presentation",
    "link": "https://investors.cullinantherapeutics.com/events/event-details/jefferies-global-healthcare-conference-presentation",
    "timestamp": "unknown"
  },
  {
    "title": "Jefferies Global Healthcare Conference Presentation",
    "link": "https://investors.cullinantherapeutics.com/events/event-details/jefferies-global-healthcare-conference-presentation",
    "timestamp": "unknown"
  },
  {
    "title": "Click Here for Webcast",
    "link": "https://wsw.com/webcast/jeff319/cgem/",
    "timestamp": "unknown"
  },
  {
    "title": "Click Here for Webcast",
    "link": "https://wsw.com/webcast/jeff319/cgem/",
    "timestamp": "unknown"
  },
  {
    "title": "Click Here for Webcast",
    "link": "https://wsw.com/webcast/jeff319/cgem/",
    "timestamp": "unknown"
  },
  {
    "title": "Click Here for Webcast",
    "link": "https://wsw.com/webcast/jeff319/cgem/",
    "timestamp": "unknown"
  },
  {
    "title": "Cullinan Therapeutics Corporate UpdateJune ,  at  EDTClick Here for WebcastSupporting MaterialsSlide Presentation. MB",
    "link": "https://investors.cullinantherapeutics.com/events/event-details/cullinan-therapeutics-corporate-update-",
    "timestamp": "unknown"
  },
  {
    "title": "Cullinan Therapeutics Corporate UpdateJune ,  at  EDT",
    "link": "https://investors.cullinantherapeutics.com/events/event-details/cullinan-therapeutics-corporate-update-",
    "timestamp": "unknown"
  },
  {
    "title": "Cullinan Therapeutics Corporate Update",
    "link": "https://investors.cullinantherapeutics.com/events/event-details/cullinan-therapeutics-corporate-update-",
    "timestamp": "unknown"
  },
  {
    "title": "Cullinan Therapeutics Corporate Update",
    "link": "https://investors.cullinantherapeutics.com/events/event-details/cullinan-therapeutics-corporate-update-",
    "timestamp": "unknown"
  },
  {
    "title": "Cullinan Therapeutics Corporate Update",
    "link": "https://investors.cullinantherapeutics.com/events/event-details/cullinan-therapeutics-corporate-update-",
    "timestamp": "unknown"
  },
  {
    "title": "Click Here for WebcastSupporting MaterialsSlide Presentation. MB",
    "link": "https://edge.media-server.com/mmc/p/9jkugcyv/",
    "timestamp": "unknown"
  },
  {
    "title": "Click Here for Webcast",
    "link": "https://edge.media-server.com/mmc/p/9jkugcyv/",
    "timestamp": "unknown"
  },
  {
    "title": "Click Here for Webcast",
    "link": "https://edge.media-server.com/mmc/p/9jkugcyv/",
    "timestamp": "unknown"
  },
  {
    "title": "Click Here for Webcast",
    "link": "https://edge.media-server.com/mmc/p/9jkugcyv/",
    "timestamp": "unknown"
  },
  {
    "title": "Supporting MaterialsSlide Presentation. MB",
    "link": "https://investors.cullinantherapeutics.com/static-files/d203aa31--4a7e-aa13-552b3e020da9",
    "timestamp": "unknown"
  },
  {
    "title": "Slide Presentation. MB",
    "link": "https://investors.cullinantherapeutics.com/static-files/d203aa31--4a7e-aa13-552b3e020da9",
    "timestamp": "unknown"
  },
  {
    "title": "Slide Presentation. MB",
    "link": "https://investors.cullinantherapeutics.com/static-files/d203aa31--4a7e-aa13-552b3e020da9",
    "timestamp": "unknown"
  },
  {
    "title": "Slide Presentation. MB",
    "link": "https://investors.cullinantherapeutics.com/static-files/d203aa31--4a7e-aa13-552b3e020da9",
    "timestamp": "unknown"
  },
  {
    "title": "Slide Presentation. MB",
    "link": "https://investors.cullinantherapeutics.com/static-files/d203aa31--4a7e-aa13-552b3e020da9",
    "timestamp": "unknown"
  },
  {
    "title": "Slide Presentation. MB",
    "link": "https://investors.cullinantherapeutics.com/static-files/d203aa31--4a7e-aa13-552b3e020da9",
    "timestamp": "unknown"
  },
  {
    "title": "Slide Presentation. MB",
    "link": "https://investors.cullinantherapeutics.com/static-files/d203aa31--4a7e-aa13-552b3e020da9",
    "timestamp": "unknown"
  },
  {
    "title": "Slide Presentation. MB",
    "link": "https://investors.cullinantherapeutics.com/static-files/d203aa31--4a7e-aa13-552b3e020da9",
    "timestamp": "unknown"
  },
  {
    "title": "Slide Presentation. MB",
    "link": "https://investors.cullinantherapeutics.com/static-files/d203aa31--4a7e-aa13-552b3e020da9",
    "timestamp": "unknown"
  },
  {
    "title": "Slide Presentation. MB",
    "link": "https://investors.cullinantherapeutics.com/static-files/d203aa31--4a7e-aa13-552b3e020da9",
    "timestamp": "unknown"
  },
  {
    "title": "Jefferies Global Healthcare Conference Panel: Cell Therapy, T-cell Engager, and In Vivo CART For Treating Autoimmune DiseasesJune ,  at  EDTClick Here",
    "link": "https://investors.cullinantherapeutics.com/events/event-details/jefferies-global-healthcare-conference-panel-cell-therapy-t-cell-engager-and",
    "timestamp": "unknown"
  },
  {
    "title": "Jefferies Global Healthcare Conference Panel: Cell Therapy, T-cell Engager, and In Vivo CART For Treating Autoimmune DiseasesJune ,  at  EDT",
    "link": "https://investors.cullinantherapeutics.com/events/event-details/jefferies-global-healthcare-conference-panel-cell-therapy-t-cell-engager-and",
    "timestamp": "unknown"
  },
  {
    "title": "Jefferies Global Healthcare Conference Panel: Cell Therapy, T-cell Engager, and In Vivo CART For Treating Autoimmune Diseases",
    "link": "https://investors.cullinantherapeutics.com/events/event-details/jefferies-global-healthcare-conference-panel-cell-therapy-t-cell-engager-and",
    "timestamp": "unknown"
  },
  {
    "title": "Jefferies Global Healthcare Conference Panel: Cell Therapy, T-cell Engager, and In Vivo CART For Treating Autoimmune Diseases",
    "link": "https://investors.cullinantherapeutics.com/events/event-details/jefferies-global-healthcare-conference-panel-cell-therapy-t-cell-engager-and",
    "timestamp": "unknown"
  },
  {
    "title": "Jefferies Global Healthcare Conference Panel: Cell Therapy, T-cell Engager, and In Vivo CART For Treating Autoimmune Diseases",
    "link": "https://investors.cullinantherapeutics.com/events/event-details/jefferies-global-healthcare-conference-panel-cell-therapy-t-cell-engager-and",
    "timestamp": "unknown"
  },
  {
    "title": "Click Here for Webcast",
    "link": "https://www.wsw.com/webcast/jeff319/panel1/",
    "timestamp": "unknown"
  },
  {
    "title": "Click Here for Webcast",
    "link": "https://www.wsw.com/webcast/jeff319/panel1/",
    "timestamp": "unknown"
  },
  {
    "title": "Click Here for Webcast",
    "link": "https://www.wsw.com/webcast/jeff319/panel1/",
    "timestamp": "unknown"
  },
  {
    "title": "Click Here for Webcast",
    "link": "https://www.wsw.com/webcast/jeff319/panel1/",
    "timestamp": "unknown"
  },
  {
    "title": "ASCO  Investor EventJune ,  at  EDTClick Here for WebcastSupporting MaterialsASCO  Investor Event Presentation. MB",
    "link": "https://investors.cullinantherapeutics.com/events/event-details/asco--investor-event",
    "timestamp": "unknown"
  },
  {
    "title": "ASCO  Investor EventJune ,  at  EDT",
    "link": "https://investors.cullinantherapeutics.com/events/event-details/asco--investor-event",
    "timestamp": "unknown"
  },
  {
    "title": "ASCO  Investor Event",
    "link": "https://investors.cullinantherapeutics.com/events/event-details/asco--investor-event",
    "timestamp": "unknown"
  },
  {
    "title": "ASCO  Investor Event",
    "link": "https://investors.cullinantherapeutics.com/events/event-details/asco--investor-event",
    "timestamp": "unknown"
  },
  {
    "title": "ASCO  Investor Event",
    "link": "https://investors.cullinantherapeutics.com/events/event-details/asco--investor-event",
    "timestamp": "unknown"
  },
  {
    "title": "Click Here for WebcastSupporting MaterialsASCO  Investor Event Presentation. MB",
    "link": "https://edge.media-server.com/mmc/p/wgcqu9iz",
    "timestamp": "unknown"
  },
  {
    "title": "Click Here for Webcast",
    "link": "https://edge.media-server.com/mmc/p/wgcqu9iz",
    "timestamp": "unknown"
  },
  {
    "title": "Click Here for Webcast",
    "link": "https://edge.media-server.com/mmc/p/wgcqu9iz",
    "timestamp": "unknown"
  },
  {
    "title": "Click Here for Webcast",
    "link": "https://edge.media-server.com/mmc/p/wgcqu9iz",
    "timestamp": "unknown"
  },
  {
    "title": "Supporting MaterialsASCO  Investor Event Presentation. MB",
    "link": "https://investors.cullinantherapeutics.com/static-files/750a96ed-d607---01dcca7f8c16",
    "timestamp": "unknown"
  },
  {
    "title": "ASCO  Investor Event Presentation. MB",
    "link": "https://investors.cullinantherapeutics.com/static-files/750a96ed-d607---01dcca7f8c16",
    "timestamp": "unknown"
  },
  {
    "title": "ASCO  Investor Event Presentation. MB",
    "link": "https://investors.cullinantherapeutics.com/static-files/750a96ed-d607---01dcca7f8c16",
    "timestamp": "unknown"
  },
  {
    "title": "ASCO  Investor Event Presentation. MB",
    "link": "https://investors.cullinantherapeutics.com/static-files/750a96ed-d607---01dcca7f8c16",
    "timestamp": "unknown"
  },
  {
    "title": "ASCO  Investor Event Presentation. MB",
    "link": "https://investors.cullinantherapeutics.com/static-files/750a96ed-d607---01dcca7f8c16",
    "timestamp": "unknown"
  },
  {
    "title": "ASCO  Investor Event Presentation. MB",
    "link": "https://investors.cullinantherapeutics.com/static-files/750a96ed-d607---01dcca7f8c16",
    "timestamp": "unknown"
  },
  {
    "title": "ASCO  Investor Event Presentation. MB",
    "link": "https://investors.cullinantherapeutics.com/static-files/750a96ed-d607---01dcca7f8c16",
    "timestamp": "unknown"
  },
  {
    "title": "ASCO  Investor Event Presentation. MB",
    "link": "https://investors.cullinantherapeutics.com/static-files/750a96ed-d607---01dcca7f8c16",
    "timestamp": "unknown"
  },
  {
    "title": "ASCO  Investor Event Presentation. MB",
    "link": "https://investors.cullinantherapeutics.com/static-files/750a96ed-d607---01dcca7f8c16",
    "timestamp": "unknown"
  },
  {
    "title": "ASCO  Investor Event Presentation. MB",
    "link": "https://investors.cullinantherapeutics.com/static-files/750a96ed-d607---01dcca7f8c16",
    "timestamp": "unknown"
  },
  {
    "title": "Follow UsSite - Social",
    "link": "https://www.linkedin.com/company/CullinanTx",
    "timestamp": "unknown"
  },
  {
    "title": "Site - Social",
    "link": "https://www.linkedin.com/company/CullinanTx",
    "timestamp": "unknown"
  },
  {
    "title": "Connect With Us",
    "link": "https://cullinantherapeutics.com/contact/",
    "timestamp": "unknown"
  },
  {
    "title": "Terms of Use",
    "link": "https://cullinantherapeutics.com/terms-of-use/",
    "timestamp": "unknown"
  },
  {
    "title": "Privacy Notice",
    "link": "https://cullinantherapeutics.com/privacy-notice/",
    "timestamp": "unknown"
  },
  {
    "title": "Accessibility Policy",
    "link": "https://cullinantherapeutics.com/accessibility/",
    "timestamp": "unknown"
  }
]