[
  {
    "title": "Contact usAA\u65e5\u672c\u8a9e\u65e5\u672c\u8a9eSearchAbout Our GroupOur BusinessesInvestor RelationsSustainability",
    "link": "https://www.otsuka.com/en/",
    "timestamp": "unknown"
  },
  {
    "title": "Contact usAA\u65e5\u672c\u8a9e\u65e5\u672c\u8a9eSearchAbout Our GroupOur BusinessesInvestor RelationsSustainability",
    "link": "https://www.otsuka.com/en/contact/",
    "timestamp": "unknown"
  },
  {
    "title": "Contact usAA\u65e5\u672c\u8a9e\u65e5\u672c\u8a9eSearch",
    "link": "https://www.otsuka.com/en/contact/",
    "timestamp": "unknown"
  },
  {
    "title": "Contact us",
    "link": "https://www.otsuka.com/en/contact/",
    "timestamp": "unknown"
  },
  {
    "title": "Contact us",
    "link": "https://www.otsuka.com/en/contact/",
    "timestamp": "unknown"
  },
  {
    "title": "AA",
    "link": "javascript:void();",
    "timestamp": "unknown"
  },
  {
    "title": "A",
    "link": "javascript:void();",
    "timestamp": "unknown"
  },
  {
    "title": "A",
    "link": "javascript:void();",
    "timestamp": "unknown"
  },
  {
    "title": "\u65e5\u672c\u8a9e\u65e5\u672c\u8a9e",
    "link": "javascript:jump();",
    "timestamp": "unknown"
  },
  {
    "title": "Search",
    "link": "javascript:void();",
    "timestamp": "unknown"
  },
  {
    "title": "Search",
    "link": "javascript:void();",
    "timestamp": "unknown"
  },
  {
    "title": "About Our Group",
    "link": "https://www.otsuka.com/en/company/",
    "timestamp": "unknown"
  },
  {
    "title": "Our Businesses",
    "link": "https://www.otsuka.com/en/rd/",
    "timestamp": "unknown"
  },
  {
    "title": "Investor Relations",
    "link": "https://www.otsuka.com/en/ir/",
    "timestamp": "unknown"
  },
  {
    "title": "Sustainability",
    "link": "https://www.otsuka.com/en/sustainability/",
    "timestamp": "unknown"
  },
  {
    "title": "HOMEAbout Our GroupAbout Our GroupAbout Our GroupCorporate PhilosophyMessage from the CEOOtsuka Group Global Code of Business EthicsCorporate ProfileT",
    "link": "https://www.otsuka.com/en/",
    "timestamp": "unknown"
  },
  {
    "title": "HOMEAbout Our GroupAbout Our GroupAbout Our GroupCorporate PhilosophyMessage from the CEOOtsuka Group Global Code of Business EthicsCorporate ProfileT",
    "link": "https://www.otsuka.com/en/",
    "timestamp": "unknown"
  },
  {
    "title": "HOME",
    "link": "https://www.otsuka.com/en/",
    "timestamp": "unknown"
  },
  {
    "title": "About Our GroupAbout Our GroupAbout Our GroupCorporate PhilosophyMessage from the CEOOtsuka Group Global Code of Business EthicsCorporate ProfileThe O",
    "link": "https://www.otsuka.com/en/company/",
    "timestamp": "unknown"
  },
  {
    "title": "About Our GroupAbout Our Group",
    "link": "https://www.otsuka.com/en/company/",
    "timestamp": "unknown"
  },
  {
    "title": "About Our GroupAbout Our Group",
    "link": "https://www.otsuka.com/en/company/",
    "timestamp": "unknown"
  },
  {
    "title": "About Our GroupCorporate PhilosophyMessage from the CEOOtsuka Group Global Code of Business EthicsCorporate ProfileThe Otsuka Group at a GlanceMain Op",
    "link": "https://www.otsuka.com/en/company/",
    "timestamp": "unknown"
  },
  {
    "title": "About Our GroupCorporate PhilosophyMessage from the CEOOtsuka Group Global Code of Business EthicsCorporate ProfileThe Otsuka Group at a GlanceMain Op",
    "link": "https://www.otsuka.com/en/company/",
    "timestamp": "unknown"
  },
  {
    "title": "About Our Group",
    "link": "https://www.otsuka.com/en/company/",
    "timestamp": "unknown"
  },
  {
    "title": "Corporate Philosophy",
    "link": "https://www.otsuka.com/en/company/philosophy/",
    "timestamp": "unknown"
  },
  {
    "title": "Message from the CEO",
    "link": "https://www.otsuka.com/en/company/topmessage/",
    "timestamp": "unknown"
  },
  {
    "title": "Otsuka Group Global Code of Business Ethics",
    "link": "https://www.otsuka.com/en/company/conduct/",
    "timestamp": "unknown"
  },
  {
    "title": "Corporate Profile",
    "link": "https://www.otsuka.com/en/company/overview/",
    "timestamp": "unknown"
  },
  {
    "title": "The Otsuka Group at a Glance",
    "link": "https://www.otsuka.com/en/ir/individual/ataglance.html",
    "timestamp": "unknown"
  },
  {
    "title": "Main Operating Companies",
    "link": "https://www.otsuka.com/en/company/corebusiness/",
    "timestamp": "unknown"
  },
  {
    "title": "Group Companies",
    "link": "https://www.otsuka.com/en/company/group/",
    "timestamp": "unknown"
  },
  {
    "title": "History",
    "link": "https://www.otsuka.com/en/company/history/",
    "timestamp": "unknown"
  },
  {
    "title": "Careers",
    "link": "https://www.otsuka.com/en/company/recruit/",
    "timestamp": "unknown"
  },
  {
    "title": "Initiatives and Commitments",
    "link": "https://www.otsuka.com/en/company/commitment/",
    "timestamp": "unknown"
  },
  {
    "title": "Message from the CEOHistory",
    "link": "https://www.otsuka.com/en/company/topmessage/",
    "timestamp": "unknown"
  },
  {
    "title": "Message from the CEO",
    "link": "https://www.otsuka.com/en/company/topmessage/",
    "timestamp": "unknown"
  },
  {
    "title": "History",
    "link": "https://www.otsuka.com/en/company/history/",
    "timestamp": "unknown"
  },
  {
    "title": "Our BusinessesOur BusinessesOur BusinessesOtsuka's StrengthsMedium-Term Management PlanOtsuka's GrowthOur Four Businesses and R&DOtsuka's StrengthsOur",
    "link": "https://www.otsuka.com/en/rd/",
    "timestamp": "unknown"
  },
  {
    "title": "Our BusinessesOur Businesses",
    "link": "https://www.otsuka.com/en/rd/",
    "timestamp": "unknown"
  },
  {
    "title": "Our BusinessesOur Businesses",
    "link": "https://www.otsuka.com/en/rd/",
    "timestamp": "unknown"
  },
  {
    "title": "Our BusinessesOtsuka's StrengthsMedium-Term Management PlanOtsuka's GrowthOur Four Businesses and R&DOtsuka's StrengthsOur Four Businesses and R&D",
    "link": "https://www.otsuka.com/en/rd/",
    "timestamp": "unknown"
  },
  {
    "title": "Our BusinessesOtsuka's StrengthsMedium-Term Management PlanOtsuka's GrowthOur Four Businesses and R&D",
    "link": "https://www.otsuka.com/en/rd/",
    "timestamp": "unknown"
  },
  {
    "title": "Our Businesses",
    "link": "https://www.otsuka.com/en/rd/",
    "timestamp": "unknown"
  },
  {
    "title": "Otsuka's Strengths",
    "link": "https://www.otsuka.com/en/rd/strength/",
    "timestamp": "unknown"
  },
  {
    "title": "Medium-Term Management Plan",
    "link": "https://www.otsuka.com/en/ir/management/plan.html",
    "timestamp": "unknown"
  },
  {
    "title": "Otsuka's Growth",
    "link": "https://www.otsuka.com/en/rd/growth/",
    "timestamp": "unknown"
  },
  {
    "title": "Our Four Businesses and R&D",
    "link": "https://www.otsuka.com/en/rd/business/",
    "timestamp": "unknown"
  },
  {
    "title": "Otsuka's StrengthsOur Four Businesses and R&D",
    "link": "https://www.otsuka.com/en/rd/strength/",
    "timestamp": "unknown"
  },
  {
    "title": "Otsuka's Strengths",
    "link": "https://www.otsuka.com/en/rd/strength/",
    "timestamp": "unknown"
  },
  {
    "title": "Our Four Businesses and R&D",
    "link": "https://www.otsuka.com/en/rd/business/",
    "timestamp": "unknown"
  },
  {
    "title": "Investor RelationsInvestor RelationsInvestor RelationsIR NewsManagement Policies and StrategiesGovernanceGet to Know the Otsuka GroupIR CalendarBusine",
    "link": "https://www.otsuka.com/en/ir/",
    "timestamp": "unknown"
  },
  {
    "title": "Investor RelationsInvestor Relations",
    "link": "https://www.otsuka.com/en/ir/",
    "timestamp": "unknown"
  },
  {
    "title": "Investor RelationsInvestor Relations",
    "link": "https://www.otsuka.com/en/ir/",
    "timestamp": "unknown"
  },
  {
    "title": "Investor RelationsIR NewsManagement Policies and StrategiesGovernanceGet to Know the Otsuka GroupIR CalendarBusiness Performance and Financial DataIR ",
    "link": "https://www.otsuka.com/en/ir/",
    "timestamp": "unknown"
  },
  {
    "title": "Investor RelationsIR NewsManagement Policies and StrategiesGovernanceGet to Know the Otsuka GroupIR CalendarBusiness Performance and Financial DataIR ",
    "link": "https://www.otsuka.com/en/ir/",
    "timestamp": "unknown"
  },
  {
    "title": "Investor Relations",
    "link": "https://www.otsuka.com/en/ir/",
    "timestamp": "unknown"
  },
  {
    "title": "IR News",
    "link": "https://www.otsuka.com/en/ir/news/",
    "timestamp": "unknown"
  },
  {
    "title": "Management Policies and Strategies",
    "link": "https://www.otsuka.com/en/ir/management/",
    "timestamp": "unknown"
  },
  {
    "title": "Governance",
    "link": "https://www.otsuka.com/en/sustainability/governance/",
    "timestamp": "unknown"
  },
  {
    "title": "Get to Know the Otsuka Group",
    "link": "https://www.otsuka.com/en/ir/individual/",
    "timestamp": "unknown"
  },
  {
    "title": "IR Calendar",
    "link": "https://www.otsuka.com/en/ir/calendar/",
    "timestamp": "unknown"
  },
  {
    "title": "Business Performance and Financial Data",
    "link": "https://www.otsuka.com/en/ir/finance/",
    "timestamp": "unknown"
  },
  {
    "title": "IR Materials",
    "link": "https://www.otsuka.com/en/ir/library/",
    "timestamp": "unknown"
  },
  {
    "title": "Stock Information",
    "link": "https://www.otsuka.com/en/ir/stock/",
    "timestamp": "unknown"
  },
  {
    "title": "Disclaimer",
    "link": "https://www.otsuka.com/en/ir/disclaimer/",
    "timestamp": "unknown"
  },
  {
    "title": "IR Site Map",
    "link": "https://www.otsuka.com/en/ir/sitemap/",
    "timestamp": "unknown"
  },
  {
    "title": "Management MessageIntegrated Report",
    "link": "https://www.otsuka.com/en/ir/management/message/",
    "timestamp": "unknown"
  },
  {
    "title": "Management Message",
    "link": "https://www.otsuka.com/en/ir/management/message/",
    "timestamp": "unknown"
  },
  {
    "title": "Integrated Report",
    "link": "https://www.otsuka.com/en/ir/library/annual.html",
    "timestamp": "unknown"
  },
  {
    "title": "SustainabilitySustainabilitySustainabilitySustainability ManagementSocietyEnvironmentGovernanceEnvironmental ReportLibrarySustainability DataGRI Stand",
    "link": "https://www.otsuka.com/en/sustainability/",
    "timestamp": "unknown"
  },
  {
    "title": "SustainabilitySustainability",
    "link": "https://www.otsuka.com/en/sustainability/",
    "timestamp": "unknown"
  },
  {
    "title": "SustainabilitySustainability",
    "link": "https://www.otsuka.com/en/sustainability/",
    "timestamp": "unknown"
  },
  {
    "title": "SustainabilitySustainability ManagementSocietyEnvironmentGovernanceEnvironmental ReportLibrarySustainability DataGRI Standards Content IndexManagement",
    "link": "https://www.otsuka.com/en/sustainability/",
    "timestamp": "unknown"
  },
  {
    "title": "SustainabilitySustainability ManagementSocietyEnvironmentGovernanceEnvironmental ReportLibrarySustainability DataGRI Standards Content Index",
    "link": "https://www.otsuka.com/en/sustainability/",
    "timestamp": "unknown"
  },
  {
    "title": "Sustainability",
    "link": "https://www.otsuka.com/en/sustainability/",
    "timestamp": "unknown"
  },
  {
    "title": "Sustainability Management",
    "link": "https://www.otsuka.com/en/sustainability/hd_activity/",
    "timestamp": "unknown"
  },
  {
    "title": "Society",
    "link": "https://www.otsuka.com/en/sustainability/society/",
    "timestamp": "unknown"
  },
  {
    "title": "Environment",
    "link": "https://www.otsuka.com/en/sustainability/environment/",
    "timestamp": "unknown"
  },
  {
    "title": "Governance",
    "link": "https://www.otsuka.com/en/sustainability/governance/",
    "timestamp": "unknown"
  },
  {
    "title": "Environmental Report",
    "link": "https://www.otsuka.com/en/sustainability/environmental_report.html",
    "timestamp": "unknown"
  },
  {
    "title": "Library",
    "link": "https://www.otsuka.com/en/sustainability/library/",
    "timestamp": "unknown"
  },
  {
    "title": "Sustainability Data",
    "link": "https://www.otsuka.com/en/sustainability/data/",
    "timestamp": "unknown"
  },
  {
    "title": "GRI Standards Content Index",
    "link": "https://www.otsuka.com/en/sustainability/gri_content_index.html",
    "timestamp": "unknown"
  },
  {
    "title": "Management and Sustainability of Otsuka GroupMateriality",
    "link": "https://www.otsuka.com/en/sustainability/hd_activity/sustainability.html",
    "timestamp": "unknown"
  },
  {
    "title": "Management and Sustainability of Otsuka Group",
    "link": "https://www.otsuka.com/en/sustainability/hd_activity/sustainability.html",
    "timestamp": "unknown"
  },
  {
    "title": "Materiality",
    "link": "https://www.otsuka.com/en/sustainability/hd_activity/materiality.html",
    "timestamp": "unknown"
  },
  {
    "title": "\u65e5\u672c\u8a9eContact Us",
    "link": "https://www.otsuka.com/jp/",
    "timestamp": "unknown"
  },
  {
    "title": "\u65e5\u672c\u8a9e",
    "link": "https://www.otsuka.com/jp/",
    "timestamp": "unknown"
  },
  {
    "title": "Contact Us",
    "link": "https://www.otsuka.com/en/contact/",
    "timestamp": "unknown"
  },
  {
    "title": "CLOSE",
    "link": "javascript:void();",
    "timestamp": "unknown"
  },
  {
    "title": "HOMEInvestor RelationsIR Materials",
    "link": "https://www.otsuka.com/en/",
    "timestamp": "unknown"
  },
  {
    "title": "HOMEInvestor RelationsIR Materials",
    "link": "https://www.otsuka.com/en/",
    "timestamp": "unknown"
  },
  {
    "title": "HOME",
    "link": "https://www.otsuka.com/en/",
    "timestamp": "unknown"
  },
  {
    "title": "Investor Relations",
    "link": "https://www.otsuka.com/en/ir/",
    "timestamp": "unknown"
  },
  {
    "title": "PRINT",
    "link": "javascript:window.print();",
    "timestamp": "unknown"
  },
  {
    "title": "Latest IR MaterialsDownload all (ZIP format)Business Results and Related InformationFinancial results, supplementary materials, financial results pres",
    "link": "https://www.otsuka.com/en/ir/library/",
    "timestamp": "unknown"
  },
  {
    "title": "Latest IR MaterialsDownload all (ZIP format)Business Results and Related InformationFinancial results, supplementary materials, financial results pres",
    "link": "https://www.otsuka.com/en/ir/library/",
    "timestamp": "unknown"
  },
  {
    "title": "Latest IR MaterialsDownload all (ZIP format)Business Results and Related InformationFinancial results, supplementary materials, financial results pres",
    "link": "https://www.otsuka.com/en/ir/library/",
    "timestamp": "unknown"
  },
  {
    "title": "Latest IR MaterialsDownload all (ZIP format)",
    "link": "https://www.otsuka.com/en/ir/library/",
    "timestamp": "unknown"
  },
  {
    "title": "Latest IR MaterialsDownload all (ZIP format)",
    "link": "https://www.otsuka.com/en/ir/library/",
    "timestamp": "unknown"
  },
  {
    "title": "Download all (ZIP format)",
    "link": "https://www.otsuka.com/en/ir/library/",
    "timestamp": "unknown"
  },
  {
    "title": "Download all (ZIP format)",
    "link": "https://www.otsuka.com/en/ir/library/",
    "timestamp": "unknown"
  },
  {
    "title": "Business Results and Related InformationFinancial results, supplementary materials, financial results presentations, transcripts of financial results ",
    "link": "https://www.otsuka.com/en/ir/library/materials.html",
    "timestamp": "unknown"
  },
  {
    "title": "IR PresentationsMaterials for various IR presentations, including R&D meetings and the medium-term business plan",
    "link": "https://www.otsuka.com/en/ir/library/briefing.html",
    "timestamp": "unknown"
  },
  {
    "title": "Consolidated Financial StatementsOtsuka's annual securities reports",
    "link": "https://www.otsuka.com/en/ir/library/securities.html",
    "timestamp": "unknown"
  },
  {
    "title": "Integrated ReportOtsuka\u2019s integrated report issued annually",
    "link": "https://www.otsuka.com/en/ir/library/annual.html",
    "timestamp": "unknown"
  },
  {
    "title": "Sustainability InformationEnvironmental Report, Sustainability Handbook, Sustainability Report, etc.",
    "link": "https://www.otsuka.com/en/csr/library/",
    "timestamp": "unknown"
  },
  {
    "title": "R&D PipelineThe Otsuka group's R&D pipeline",
    "link": "https://www.otsuka.com/en/ir/library/pipeline.html",
    "timestamp": "unknown"
  },
  {
    "title": "Investor RelationsIR NewsManagement Policies and StrategiesManagement MessageMessage from the CEOMessage from the CFOMessage from the Outside Director",
    "link": "https://www.otsuka.com/en/ir/",
    "timestamp": "unknown"
  },
  {
    "title": "Investor Relations",
    "link": "https://www.otsuka.com/en/ir/",
    "timestamp": "unknown"
  },
  {
    "title": "IR News",
    "link": "https://www.otsuka.com/en/ir/news/",
    "timestamp": "unknown"
  },
  {
    "title": "Management Policies and StrategiesManagement MessageMessage from the CEOMessage from the CFOMessage from the Outside Directors and Board MembersMedium",
    "link": "https://www.otsuka.com/en/ir/management/",
    "timestamp": "unknown"
  },
  {
    "title": "Management MessageMessage from the CEOMessage from the CFOMessage from the Outside Directors and Board Members",
    "link": "https://www.otsuka.com/en/ir/management/message/",
    "timestamp": "unknown"
  },
  {
    "title": "Message from the CEO",
    "link": "https://www.otsuka.com/en/company/topmessage/",
    "timestamp": "unknown"
  },
  {
    "title": "Message from the CFO",
    "link": "https://www.otsuka.com/en/ir/management/message/cfo_message.html",
    "timestamp": "unknown"
  },
  {
    "title": "Message from the Outside Directors and Board Members",
    "link": "https://www.otsuka.com/en/ir/management/message/outside_message.html",
    "timestamp": "unknown"
  },
  {
    "title": "Medium-Term Management Plan",
    "link": "https://www.otsuka.com/en/ir/management/plan.html",
    "timestamp": "unknown"
  },
  {
    "title": "Issues to be Addressed",
    "link": "https://www.otsuka.com/en/ir/management/issue.html",
    "timestamp": "unknown"
  },
  {
    "title": "Business Risks",
    "link": "https://www.otsuka.com/en/ir/management/risk.html",
    "timestamp": "unknown"
  },
  {
    "title": "Disclosure Policies",
    "link": "https://www.otsuka.com/en/ir/management/disclosure.html",
    "timestamp": "unknown"
  },
  {
    "title": "Get to Know the Otsuka GroupThe Otsuka Group at a Glance",
    "link": "https://www.otsuka.com/en/ir/individual/",
    "timestamp": "unknown"
  },
  {
    "title": "The Otsuka Group at a Glance",
    "link": "https://www.otsuka.com/en/ir/individual/ataglance.html",
    "timestamp": "unknown"
  },
  {
    "title": "IR Calendar",
    "link": "https://www.otsuka.com/en/ir/calendar/",
    "timestamp": "unknown"
  },
  {
    "title": "Business Performance and Financial DataFinancial HighlightsSegment InformationNon-Financial Data",
    "link": "https://www.otsuka.com/en/ir/finance/",
    "timestamp": "unknown"
  },
  {
    "title": "Financial Highlights",
    "link": "https://www.otsuka.com/en/ir/finance/highlight.html",
    "timestamp": "unknown"
  },
  {
    "title": "Segment Information",
    "link": "https://www.otsuka.com/en/ir/finance/segment.html",
    "timestamp": "unknown"
  },
  {
    "title": "Non-Financial Data",
    "link": "https://www.otsuka.com/en/sustainability/data/",
    "timestamp": "unknown"
  },
  {
    "title": "IR MaterialsBusiness Results and Related InformationIR PresentationsConsolidated Financial StatementsIntegrated ReportSustainability InformationR&D Pi",
    "link": "https://www.otsuka.com/en/ir/library/",
    "timestamp": "unknown"
  },
  {
    "title": "Business Results and Related Information",
    "link": "https://www.otsuka.com/en/ir/library/materials.html",
    "timestamp": "unknown"
  },
  {
    "title": "IR Presentations",
    "link": "https://www.otsuka.com/en/ir/library/briefing.html",
    "timestamp": "unknown"
  },
  {
    "title": "Consolidated Financial Statements",
    "link": "https://www.otsuka.com/en/ir/library/securities.html",
    "timestamp": "unknown"
  },
  {
    "title": "Integrated Report",
    "link": "https://www.otsuka.com/en/ir/library/annual.html",
    "timestamp": "unknown"
  },
  {
    "title": "Sustainability Information",
    "link": "https://www.otsuka.com/en/sustainability/library/",
    "timestamp": "unknown"
  },
  {
    "title": "R&D Pipeline",
    "link": "https://www.otsuka.com/en/ir/library/pipeline.html",
    "timestamp": "unknown"
  },
  {
    "title": "Stock InformationBasic Stock InformationOwnership ProfileRatingsShareholders' MeetingStock Price InformationDividends and Payout RatioArticles of Inco",
    "link": "https://www.otsuka.com/en/ir/stock/",
    "timestamp": "unknown"
  },
  {
    "title": "Basic Stock Information",
    "link": "https://www.otsuka.com/en/ir/stock/information.html",
    "timestamp": "unknown"
  },
  {
    "title": "Ownership Profile",
    "link": "https://www.otsuka.com/en/ir/stock/state.html",
    "timestamp": "unknown"
  },
  {
    "title": "Ratings",
    "link": "https://www.otsuka.com/en/ir/stock/ratings.html",
    "timestamp": "unknown"
  },
  {
    "title": "Shareholders' Meeting",
    "link": "https://www.otsuka.com/en/ir/stock/meeting.html",
    "timestamp": "unknown"
  },
  {
    "title": "Stock Price Information",
    "link": "https://www.otsuka.com/en/ir/stock/price.html",
    "timestamp": "unknown"
  },
  {
    "title": "Dividends and Payout RatioArticles of Incorporation",
    "link": "https://www.otsuka.com/en/ir/stock/dividends.html",
    "timestamp": "unknown"
  },
  {
    "title": "Articles of Incorporation",
    "link": "https://www.otsuka.com/en/ir/stock/articles.html",
    "timestamp": "unknown"
  },
  {
    "title": "Disclaimer",
    "link": "https://www.otsuka.com/en/ir/disclaimer/",
    "timestamp": "unknown"
  },
  {
    "title": "IR Site Map",
    "link": "https://www.otsuka.com/en/ir/sitemap/",
    "timestamp": "unknown"
  },
  {
    "title": "HOMEInvestor RelationsIR Materials",
    "link": "https://www.otsuka.com/en/",
    "timestamp": "unknown"
  },
  {
    "title": "HOMEInvestor RelationsIR Materials",
    "link": "https://www.otsuka.com/en/",
    "timestamp": "unknown"
  },
  {
    "title": "HOME",
    "link": "https://www.otsuka.com/en/",
    "timestamp": "unknown"
  },
  {
    "title": "Investor Relations",
    "link": "https://www.otsuka.com/en/ir/",
    "timestamp": "unknown"
  },
  {
    "title": "HOMEAbout Our GroupOur BusinessesInvestor RelationsSustainability",
    "link": "https://www.otsuka.com/en/",
    "timestamp": "unknown"
  },
  {
    "title": "HOME",
    "link": "https://www.otsuka.com/en/",
    "timestamp": "unknown"
  },
  {
    "title": "About Our Group",
    "link": "https://www.otsuka.com/en/company/",
    "timestamp": "unknown"
  },
  {
    "title": "Our Businesses",
    "link": "https://www.otsuka.com/en/rd/",
    "timestamp": "unknown"
  },
  {
    "title": "Investor Relations",
    "link": "https://www.otsuka.com/en/ir/",
    "timestamp": "unknown"
  },
  {
    "title": "Sustainability",
    "link": "https://www.otsuka.com/en/sustainability/",
    "timestamp": "unknown"
  },
  {
    "title": "Contact Us",
    "link": "https://www.otsuka.com/en/contact/",
    "timestamp": "unknown"
  },
  {
    "title": "Contact Us",
    "link": "https://www.otsuka.com/en/contact/",
    "timestamp": "unknown"
  },
  {
    "title": "Privacy Policy",
    "link": "https://www.otsuka.com/en/privacy/",
    "timestamp": "unknown"
  },
  {
    "title": "Terms of Use",
    "link": "https://www.otsuka.com/en/assist/",
    "timestamp": "unknown"
  },
  {
    "title": "Site Map",
    "link": "https://www.otsuka.com/en/sitemap/",
    "timestamp": "unknown"
  },
  {
    "title": "Otsuka PharmaceuticalOtsuka Pharmaceutical FactoryTaiho PharmaceuticalOtsuka WarehouseOtsuka ChemicalOtsuka FoodsOtsuka Medical Devices\u00a9 Otsuka Holdin",
    "link": "https://www.otsuka.co.jp/en/",
    "timestamp": "unknown"
  },
  {
    "title": "Otsuka Pharmaceutical",
    "link": "https://www.otsuka.co.jp/en/",
    "timestamp": "unknown"
  },
  {
    "title": "Otsuka Pharmaceutical Factory",
    "link": "https://www.otsukakj.jp/en/",
    "timestamp": "unknown"
  },
  {
    "title": "Taiho Pharmaceutical",
    "link": "https://www.taiho.co.jp/en/",
    "timestamp": "unknown"
  },
  {
    "title": "Otsuka Warehouse",
    "link": "https://www.otsukawh.co.jp/english/",
    "timestamp": "unknown"
  },
  {
    "title": "Otsuka Chemical",
    "link": "https://www.otsukac.co.jp/en/",
    "timestamp": "unknown"
  },
  {
    "title": "Otsuka Foods",
    "link": "http://www.otsukafoods.co.jp/",
    "timestamp": "unknown"
  },
  {
    "title": "Otsuka Medical Devices",
    "link": "https://www.omd.otsuka.com/en/",
    "timestamp": "unknown"
  },
  {
    "title": "TOP",
    "link": "javascript:void();",
    "timestamp": "unknown"
  }
]