[
  {
    "title": "\u9996\u9875\u5173\u4e8e\u6211\u4eec\u516c\u53f8\u6982\u51b5\u516c\u53f8\u613f\u666f\u8463\u4e8b\u4f1a\u7ba1\u7406\u56e2\u961f\u79d1\u5b66\u987e\u95ee\u59d4\u5458\u4f1a\u4ea7\u54c1\u4ecb\u7ecd\u6cf0\u5b83\u897f\u666e\u7ef4\u8fea\u897f\u59a5\u5355\u6297\u4ea7\u54c1\u7ba1\u7ebf\u751f\u4ea7\u5236\u9020\u8d28\u91cf\u4fdd\u8bc1\u7814\u53d1\u5b9e\u529b\u521b\u65b0\u80fd\u529b\u6280\u672f\u5e73\u53f0\u4eba\u624d\u961f\u4f0d\u6295\u8d44\u8005\u5173\u7cfb\u4fe1\u606f\u62ab\u9732\u516c\u53f8\u6cbb\u7406\u8054\u7cfb\u65b9\u5f0f\u65b0\u95fb\u4e2d\u5fc3\u516c\u53f8\u52a8\u6001\u5a92\u4f53\u62a5\u9053\u52a0\u5165\u6211\u4eec\u62db\u8058\u5c97\u4f4d\u85aa\u8d44\u798f\u5229\u5de5\u4f5c\u73af\u5883\u5458\u5de5\u5fc3\u58f0\u8363\u660c\u5f71\u50cf\u8054\u7cfb\u6211\u4eec\u516c\u53f8\u5730\u5740\u4e34\u5e8a\u8bd5\u9a8c\u4ea7\u54c1\u54a8\u8be2\u4eba\u529b\u8d44\u6e90\u4e0d\u826f\u53cd\u5e94\u62a5\u544a\u8bed",
    "link": "https://www.remegen.cn/",
    "timestamp": "unknown"
  },
  {
    "title": "\u9996\u9875\u5173\u4e8e\u6211\u4eec\u516c\u53f8\u6982\u51b5\u516c\u53f8\u613f\u666f\u8463\u4e8b\u4f1a\u7ba1\u7406\u56e2\u961f\u79d1\u5b66\u987e\u95ee\u59d4\u5458\u4f1a\u4ea7\u54c1\u4ecb\u7ecd\u6cf0\u5b83\u897f\u666e\u7ef4\u8fea\u897f\u59a5\u5355\u6297\u4ea7\u54c1\u7ba1\u7ebf\u751f\u4ea7\u5236\u9020\u8d28\u91cf\u4fdd\u8bc1\u7814\u53d1\u5b9e\u529b\u521b\u65b0\u80fd\u529b\u6280\u672f\u5e73\u53f0\u4eba\u624d\u961f\u4f0d\u6295\u8d44\u8005\u5173\u7cfb\u4fe1\u606f\u62ab\u9732\u516c\u53f8\u6cbb\u7406\u8054\u7cfb\u65b9\u5f0f\u65b0\u95fb\u4e2d\u5fc3\u516c\u53f8\u52a8\u6001\u5a92\u4f53\u62a5\u9053\u52a0\u5165\u6211\u4eec\u62db\u8058\u5c97\u4f4d\u85aa\u8d44\u798f\u5229\u5de5\u4f5c\u73af\u5883\u5458\u5de5\u5fc3\u58f0\u8363\u660c\u5f71\u50cf\u8054\u7cfb\u6211\u4eec\u516c\u53f8\u5730\u5740\u4e34\u5e8a\u8bd5\u9a8c\u4ea7\u54c1\u54a8\u8be2\u4eba\u529b\u8d44\u6e90\u4e0d\u826f\u53cd\u5e94\u62a5\u544a\u8bed",
    "link": "https://www.remegen.cn/",
    "timestamp": "unknown"
  },
  {
    "title": "\u9996\u9875\u5173\u4e8e\u6211\u4eec\u516c\u53f8\u6982\u51b5\u516c\u53f8\u613f\u666f\u8463\u4e8b\u4f1a\u7ba1\u7406\u56e2\u961f\u79d1\u5b66\u987e\u95ee\u59d4\u5458\u4f1a\u4ea7\u54c1\u4ecb\u7ecd\u6cf0\u5b83\u897f\u666e\u7ef4\u8fea\u897f\u59a5\u5355\u6297\u4ea7\u54c1\u7ba1\u7ebf\u751f\u4ea7\u5236\u9020\u8d28\u91cf\u4fdd\u8bc1\u7814\u53d1\u5b9e\u529b\u521b\u65b0\u80fd\u529b\u6280\u672f\u5e73\u53f0\u4eba\u624d\u961f\u4f0d\u6295\u8d44\u8005\u5173\u7cfb\u4fe1\u606f\u62ab\u9732\u516c\u53f8\u6cbb\u7406\u8054\u7cfb\u65b9\u5f0f\u65b0\u95fb\u4e2d\u5fc3\u516c\u53f8\u52a8\u6001\u5a92\u4f53\u62a5\u9053\u52a0\u5165\u6211\u4eec\u62db\u8058\u5c97\u4f4d\u85aa\u8d44\u798f\u5229\u5de5\u4f5c\u73af\u5883\u5458\u5de5\u5fc3\u58f0\u8363\u660c\u5f71\u50cf\u8054\u7cfb\u6211\u4eec\u516c\u53f8\u5730\u5740\u4e34\u5e8a\u8bd5\u9a8c\u4ea7\u54c1\u54a8\u8be2\u4eba\u529b\u8d44\u6e90\u4e0d\u826f\u53cd\u5e94\u62a5\u544a",
    "link": "https://www.remegen.cn//index.php",
    "timestamp": "unknown"
  },
  {
    "title": "\u9996\u9875",
    "link": "https://www.remegen.cn//index.php",
    "timestamp": "unknown"
  },
  {
    "title": "\u5173\u4e8e\u6211\u4eec\u516c\u53f8\u6982\u51b5\u516c\u53f8\u613f\u666f\u8463\u4e8b\u4f1a\u7ba1\u7406\u56e2\u961f\u79d1\u5b66\u987e\u95ee\u59d4\u5458\u4f1a",
    "link": "https://www.remegen.cn/index.php?v=listing&cid=",
    "timestamp": "unknown"
  },
  {
    "title": "\u516c\u53f8\u6982\u51b5",
    "link": "https://www.remegen.cn/index.php?v=listing&cid=#gsgk",
    "timestamp": "unknown"
  },
  {
    "title": "\u516c\u53f8\u613f\u666f",
    "link": "https://www.remegen.cn/index.php?v=listing&cid=#gsyj",
    "timestamp": "unknown"
  },
  {
    "title": "\u8463\u4e8b\u4f1a",
    "link": "https://www.remegen.cn/index.php?v=listing&cid=#dsh",
    "timestamp": "unknown"
  },
  {
    "title": "\u7ba1\u7406\u56e2\u961f",
    "link": "https://www.remegen.cn/index.php?v=listing&cid=#gltd",
    "timestamp": "unknown"
  },
  {
    "title": "\u79d1\u5b66\u987e\u95ee\u59d4\u5458\u4f1a",
    "link": "https://www.remegen.cn/index.php?v=listing&cid=#kxgw",
    "timestamp": "unknown"
  },
  {
    "title": "\u4ea7\u54c1\u4ecb\u7ecd\u6cf0\u5b83\u897f\u666e\u7ef4\u8fea\u897f\u59a5\u5355\u6297\u4ea7\u54c1\u7ba1\u7ebf\u751f\u4ea7\u5236\u9020\u8d28\u91cf\u4fdd\u8bc1",
    "link": "https://www.remegen.cn/index.php?v=listing&cid=",
    "timestamp": "unknown"
  },
  {
    "title": "\u6cf0\u5b83\u897f\u666e",
    "link": "https://www.remegen.cn/index.php?v=listing&cid=#ttxp",
    "timestamp": "unknown"
  },
  {
    "title": "\u7ef4\u8fea\u897f\u59a5\u5355\u6297",
    "link": "https://www.remegen.cn/index.php?v=listing&cid=#wdxtdk",
    "timestamp": "unknown"
  },
  {
    "title": "\u4ea7\u54c1\u7ba1\u7ebf",
    "link": "https://www.remegen.cn/index.php?v=listing&cid=#cpgx",
    "timestamp": "unknown"
  },
  {
    "title": "\u751f\u4ea7\u5236\u9020",
    "link": "https://www.remegen.cn/index.php?v=listing&cid=#sczz",
    "timestamp": "unknown"
  },
  {
    "title": "\u8d28\u91cf\u4fdd\u8bc1",
    "link": "https://www.remegen.cn/index.php?v=listing&cid=#zlbz",
    "timestamp": "unknown"
  },
  {
    "title": "\u7814\u53d1\u5b9e\u529b\u521b\u65b0\u80fd\u529b\u6280\u672f\u5e73\u53f0\u4eba\u624d\u961f\u4f0d",
    "link": "https://www.remegen.cn/index.php?v=listing&cid=",
    "timestamp": "unknown"
  },
  {
    "title": "\u521b\u65b0\u80fd\u529b",
    "link": "https://www.remegen.cn/index.php?v=listing&cid=#cxnl",
    "timestamp": "unknown"
  },
  {
    "title": "\u6280\u672f\u5e73\u53f0",
    "link": "https://www.remegen.cn/index.php?v=listing&cid=#jspt",
    "timestamp": "unknown"
  },
  {
    "title": "\u4eba\u624d\u961f\u4f0d",
    "link": "https://www.remegen.cn/index.php?v=listing&cid=#rcdw",
    "timestamp": "unknown"
  },
  {
    "title": "\u6295\u8d44\u8005\u5173\u7cfb\u4fe1\u606f\u62ab\u9732\u516c\u53f8\u6cbb\u7406\u8054\u7cfb\u65b9\u5f0f",
    "link": "https://www.remegen.cn/index.php?v=listing&cid=",
    "timestamp": "unknown"
  },
  {
    "title": "\u4fe1\u606f\u62ab\u9732",
    "link": "https://www.remegen.cn/index.php?v=listing&cid=#xxpl",
    "timestamp": "unknown"
  },
  {
    "title": "\u516c\u53f8\u6cbb\u7406",
    "link": "https://www.remegen.cn/index.php?v=listing&cid=#gszl",
    "timestamp": "unknown"
  },
  {
    "title": "\u8054\u7cfb\u65b9\u5f0f",
    "link": "https://www.remegen.cn/index.php?v=listing&cid=#lxfs",
    "timestamp": "unknown"
  },
  {
    "title": "\u65b0\u95fb\u4e2d\u5fc3\u516c\u53f8\u52a8\u6001\u5a92\u4f53\u62a5\u9053",
    "link": "https://www.remegen.cn/index.php?v=listing&cid=",
    "timestamp": "unknown"
  },
  {
    "title": "\u516c\u53f8\u52a8\u6001",
    "link": "https://www.remegen.cn/index.php?v=listing&cid=#gsdt",
    "timestamp": "unknown"
  },
  {
    "title": "\u5a92\u4f53\u62a5\u9053",
    "link": "https://www.remegen.cn/index.php?v=listing&cid=#mtbd",
    "timestamp": "unknown"
  },
  {
    "title": "\u52a0\u5165\u6211\u4eec\u62db\u8058\u5c97\u4f4d\u85aa\u8d44\u798f\u5229\u5de5\u4f5c\u73af\u5883\u5458\u5de5\u5fc3\u58f0\u8363\u660c\u5f71\u50cf",
    "link": "https://www.remegen.cn/index.php?v=listing&cid=",
    "timestamp": "unknown"
  },
  {
    "title": "\u62db\u8058\u5c97\u4f4d",
    "link": "https://www.remegen.cn/index.php?v=listing&cid=#zpgw",
    "timestamp": "unknown"
  },
  {
    "title": "\u85aa\u8d44\u798f\u5229",
    "link": "https://www.remegen.cn/index.php?v=listing&cid=#xzfl",
    "timestamp": "unknown"
  },
  {
    "title": "\u5de5\u4f5c\u73af\u5883",
    "link": "https://www.remegen.cn/index.php?v=listing&cid=#gzhj",
    "timestamp": "unknown"
  },
  {
    "title": "\u5458\u5de5\u5fc3\u58f0",
    "link": "https://www.remegen.cn/index.php?v=listing&cid=#ygxs",
    "timestamp": "unknown"
  },
  {
    "title": "\u8363\u660c\u5f71\u50cf",
    "link": "https://www.remegen.cn/index.php?v=listing&cid=",
    "timestamp": "unknown"
  },
  {
    "title": "\u8054\u7cfb\u6211\u4eec\u516c\u53f8\u5730\u5740\u4e34\u5e8a\u8bd5\u9a8c\u4ea7\u54c1\u54a8\u8be2\u4eba\u529b\u8d44\u6e90\u4e0d\u826f\u53cd\u5e94\u62a5\u544a",
    "link": "https://www.remegen.cn/index.php?v=listing&cid=",
    "timestamp": "unknown"
  },
  {
    "title": "\u516c\u53f8\u5730\u5740",
    "link": "https://www.remegen.cn/index.php?v=listing&cid=#gsdz",
    "timestamp": "unknown"
  },
  {
    "title": "\u4e34\u5e8a\u8bd5\u9a8c",
    "link": "https://www.remegen.cn/index.php?v=listing&cid=#lcsy",
    "timestamp": "unknown"
  },
  {
    "title": "\u4ea7\u54c1\u54a8\u8be2",
    "link": "https://www.remegen.cn/index.php?v=listing&cid=#cpzx",
    "timestamp": "unknown"
  },
  {
    "title": "\u4eba\u529b\u8d44\u6e90",
    "link": "https://www.remegen.cn/index.php?v=listing&cid=#rlzy",
    "timestamp": "unknown"
  },
  {
    "title": "\u4e0d\u826f\u53cd\u5e94\u62a5\u544a",
    "link": "https://www.remegen.cn/index.php?v=listing&cid=#blfy",
    "timestamp": "unknown"
  },
  {
    "title": "\u8bed\u8a00\u4e2d\u6587\u7b80\u4f53\u4e2d\u6587\u7e41\u4f53English",
    "link": "javascript:void()",
    "timestamp": "unknown"
  },
  {
    "title": "\u8bed\u8a00\u4e2d\u6587\u7b80\u4f53\u4e2d\u6587\u7e41\u4f53English",
    "link": "http://www.remegen.cn/?lang=",
    "timestamp": "unknown"
  },
  {
    "title": "\u4e2d\u6587\u7b80\u4f53",
    "link": "http://www.remegen.cn/?lang=",
    "timestamp": "unknown"
  },
  {
    "title": "\u4e2d\u6587\u7e41\u4f53",
    "link": "http://www.remegen.cn/?lang=",
    "timestamp": "unknown"
  },
  {
    "title": "English",
    "link": "http://www.remegen.com/",
    "timestamp": "unknown"
  },
  {
    "title": "\u6e2f\u4ea4\u6240\u516c\u544a\u516c\u544a\u53ca\u901a\u544a\u4e1a\u7ee9\u62a5\u544a\u4e0a\u5e02\u6587\u4ef6.\u6d77\u5916\u76e3\u7ba1\u516c\u544a - \u95dc\u65bc\u516c\u53f82025\u5e74\u5ea6\u201c\u63d0\u8cea\u589e\u6548\u91cd\u56de\u5831\u201d\u884c\u52d5\u65b9\u6848\u7684\u534a\u5e74\u5ea6\u8a55\u4f30\u5831\u544a.\u6d77\u5916\u76e3\u7ba1\u516c\u544a - 2025\u5e74\u534a\u5e74\u5ea6\u52df\u96c6\u8cc7\u91d1\u5b58\u653e\u8207\u5be6\u969b\u4f7f\u7528\u60c5\u6cc1\u7684\u5c08\u9805\u5831\u544a.\u6d77\u5916\u76e3\u7ba1\u516c\u544a - 2025\u5e74\u534a\u5e74\u5ea6\u5831\u544a.\u6d77\u5916\u76e3\u7ba1\u516c\u544a - 2025\u5e74\u534a\u5e74\u5ea6\u5831\u544a\u6458\u8981.\u7ae0\u7a0b.\u6d77\u5916\u76e3\u7ba1\u516c\u544a - ",
    "link": "https://www.remegen.cn/index.php?v=listing&cid=&page=",
    "timestamp": "unknown"
  },
  {
    "title": "\u6e2f\u4ea4\u6240\u516c\u544a\u516c\u544a\u53ca\u901a\u544a\u4e1a\u7ee9\u62a5\u544a\u4e0a\u5e02\u6587\u4ef6.\u6d77\u5916\u76e3\u7ba1\u516c\u544a - \u95dc\u65bc\u516c\u53f82025\u5e74\u5ea6\u201c\u63d0\u8cea\u589e\u6548\u91cd\u56de\u5831\u201d\u884c\u52d5\u65b9\u6848\u7684\u534a\u5e74\u5ea6\u8a55\u4f30\u5831\u544a.\u6d77\u5916\u76e3\u7ba1\u516c\u544a - 2025\u5e74\u534a\u5e74\u5ea6\u52df\u96c6\u8cc7\u91d1\u5b58\u653e\u8207\u5be6\u969b\u4f7f\u7528\u60c5\u6cc1\u7684\u5c08\u9805\u5831\u544a.\u6d77\u5916\u76e3\u7ba1\u516c\u544a - 2025\u5e74\u534a\u5e74\u5ea6\u5831\u544a.\u6d77\u5916\u76e3\u7ba1\u516c\u544a - 2025\u5e74\u534a\u5e74\u5ea6\u5831\u544a\u6458\u8981.\u7ae0\u7a0b.\u6d77\u5916\u76e3\u7ba1\u516c\u544a - ",
    "link": "https://www.remegen.cn/index.php?v=listing&cid=&page=",
    "timestamp": "unknown"
  },
  {
    "title": "\u516c\u544a\u53ca\u901a\u544a\u4e1a\u7ee9\u62a5\u544a\u4e0a\u5e02\u6587\u4ef6.\u6d77\u5916\u76e3\u7ba1\u516c\u544a - \u95dc\u65bc\u516c\u53f82025\u5e74\u5ea6\u201c\u63d0\u8cea\u589e\u6548\u91cd\u56de\u5831\u201d\u884c\u52d5\u65b9\u6848\u7684\u534a\u5e74\u5ea6\u8a55\u4f30\u5831\u544a.\u6d77\u5916\u76e3\u7ba1\u516c\u544a - 2025\u5e74\u534a\u5e74\u5ea6\u52df\u96c6\u8cc7\u91d1\u5b58\u653e\u8207\u5be6\u969b\u4f7f\u7528\u60c5\u6cc1\u7684\u5c08\u9805\u5831\u544a.\u6d77\u5916\u76e3\u7ba1\u516c\u544a - 2025\u5e74\u534a\u5e74\u5ea6\u5831\u544a.\u6d77\u5916\u76e3\u7ba1\u516c\u544a - 2025\u5e74\u534a\u5e74\u5ea6\u5831\u544a\u6458\u8981.\u7ae0\u7a0b.\u6d77\u5916\u76e3\u7ba1\u516c\u544a - \u7b2c\u4e8c\u5c46\u8463\u4e8b",
    "link": "https://www.remegen.cn/index.php?v=listing&cid=&page=",
    "timestamp": "unknown"
  },
  {
    "title": "\u516c\u544a\u53ca\u901a\u544a\u4e1a\u7ee9\u62a5\u544a\u4e0a\u5e02\u6587\u4ef6.\u6d77\u5916\u76e3\u7ba1\u516c\u544a - \u95dc\u65bc\u516c\u53f82025\u5e74\u5ea6\u201c\u63d0\u8cea\u589e\u6548\u91cd\u56de\u5831\u201d\u884c\u52d5\u65b9\u6848\u7684\u534a\u5e74\u5ea6\u8a55\u4f30\u5831\u544a.\u6d77\u5916\u76e3\u7ba1\u516c\u544a - 2025\u5e74\u534a\u5e74\u5ea6\u52df\u96c6\u8cc7\u91d1\u5b58\u653e\u8207\u5be6\u969b\u4f7f\u7528\u60c5\u6cc1\u7684\u5c08\u9805\u5831\u544a.\u6d77\u5916\u76e3\u7ba1\u516c\u544a - 2025\u5e74\u534a\u5e74\u5ea6\u5831\u544a.\u6d77\u5916\u76e3\u7ba1\u516c\u544a - 2025\u5e74\u534a\u5e74\u5ea6\u5831\u544a\u6458\u8981.\u7ae0\u7a0b.\u6d77\u5916\u76e3\u7ba1\u516c\u544a - \u7b2c\u4e8c\u5c46\u8463\u4e8b",
    "link": "https://www.remegen.cn/index.php?v=listing&cid=&page=",
    "timestamp": "unknown"
  },
  {
    "title": "\u516c\u544a\u53ca\u901a\u544a",
    "link": "https://www.remegen.cn/index.php?v=listing&cid=&page=",
    "timestamp": "unknown"
  },
  {
    "title": "\u4e1a\u7ee9\u62a5\u544a",
    "link": "https://www.remegen.cn/index.php?v=listing&cid=&page=",
    "timestamp": "unknown"
  },
  {
    "title": "\u4e0a\u5e02\u6587\u4ef6",
    "link": "https://www.remegen.cn/index.php?v=listing&cid=&page=",
    "timestamp": "unknown"
  },
  {
    "title": ".\u6d77\u5916\u76e3\u7ba1\u516c\u544a - \u95dc\u65bc\u516c\u53f82025\u5e74\u5ea6\u201c\u63d0\u8cea\u589e\u6548\u91cd\u56de\u5831\u201d\u884c\u52d5\u65b9\u6848\u7684\u534a\u5e74\u5ea6\u8a55\u4f30\u5831\u544a.\u6d77\u5916\u76e3\u7ba1\u516c\u544a - 2025\u5e74\u534a\u5e74\u5ea6\u52df\u96c6\u8cc7\u91d1\u5b58\u653e\u8207\u5be6\u969b\u4f7f\u7528\u60c5\u6cc1\u7684\u5c08\u9805\u5831\u544a.\u6d77\u5916\u76e3\u7ba1\u516c\u544a - 2025\u5e74\u534a\u5e74\u5ea6\u5831\u544a.\u6d77\u5916\u76e3\u7ba1\u516c\u544a - 2025\u5e74\u534a\u5e74\u5ea6\u5831\u544a\u6458\u8981.\u7ae0\u7a0b.\u6d77\u5916\u76e3\u7ba1\u516c\u544a - \u7b2c\u4e8c\u5c46\u8463\u4e8b\u6703\u7b2c\u4e8c\u5341\u516b\u6b21\u6703\u8b70\u6c7a\u8b70\u516c\u544a.",
    "link": "https://www.remegen.cn/index.php?v=show&cid=&id=",
    "timestamp": "unknown"
  },
  {
    "title": ".\u6d77\u5916\u76e3\u7ba1\u516c\u544a - \u95dc\u65bc\u516c\u53f82025\u5e74\u5ea6\u201c\u63d0\u8cea\u589e\u6548\u91cd\u56de\u5831\u201d\u884c\u52d5\u65b9\u6848\u7684\u534a\u5e74\u5ea6\u8a55\u4f30\u5831\u544a",
    "link": "https://www.remegen.cn/index.php?v=show&cid=&id=",
    "timestamp": "unknown"
  },
  {
    "title": ".\u6d77\u5916\u76e3\u7ba1\u516c\u544a - 2025\u5e74\u534a\u5e74\u5ea6\u52df\u96c6\u8cc7\u91d1\u5b58\u653e\u8207\u5be6\u969b\u4f7f\u7528\u60c5\u6cc1\u7684\u5c08\u9805\u5831\u544a",
    "link": "https://www.remegen.cn/index.php?v=show&cid=&id=",
    "timestamp": "unknown"
  },
  {
    "title": ".\u6d77\u5916\u76e3\u7ba1\u516c\u544a - 2025\u5e74\u534a\u5e74\u5ea6\u5831\u544a",
    "link": "https://www.remegen.cn/index.php?v=show&cid=&id=",
    "timestamp": "unknown"
  },
  {
    "title": ".\u6d77\u5916\u76e3\u7ba1\u516c\u544a - 2025\u5e74\u534a\u5e74\u5ea6\u5831\u544a\u6458\u8981",
    "link": "https://www.remegen.cn/index.php?v=show&cid=&id=",
    "timestamp": "unknown"
  },
  {
    "title": ".\u7ae0\u7a0b",
    "link": "https://www.remegen.cn/index.php?v=show&cid=&id=",
    "timestamp": "unknown"
  },
  {
    "title": ".\u6d77\u5916\u76e3\u7ba1\u516c\u544a - \u7b2c\u4e8c\u5c46\u8463\u4e8b\u6703\u7b2c\u4e8c\u5341\u516b\u6b21\u6703\u8b70\u6c7a\u8b70\u516c\u544a",
    "link": "https://www.remegen.cn/index.php?v=show&cid=&id=",
    "timestamp": "unknown"
  },
  {
    "title": ".\u4fee\u8a02\u300a\u516c\u53f8\u7ae0\u7a0b\u300b",
    "link": "https://www.remegen.cn/index.php?v=show&cid=&id=",
    "timestamp": "unknown"
  },
  {
    "title": ".\u622a\u81f32025\u5e746\u670830\u65e5\u6b62\u516d\u500b\u6708\u4e2d\u671f\u696d\u7e3e\u516c\u544a",
    "link": "https://www.remegen.cn/index.php?v=show&cid=&id=",
    "timestamp": "unknown"
  },
  {
    "title": ".\u5167\u5e55\u6d88\u606f",
    "link": "https://www.remegen.cn/index.php?v=show&cid=&id=",
    "timestamp": "unknown"
  },
  {
    "title": ".\u81ea\u9858\u516c\u544a - \u4e2d\u570b\u570b\u5bb6\u85e5\u54c1\u76e3\u7763\u7ba1\u7406\u5c40\u85e5\u54c1\u5be9\u8a55\u4e2d\u5fc3(CDE)\u6388\u4e88RC148\u7a81\u7834\u6027\u6cbb\u7642\u85e5\u7269\u8a8d\u5b9a\u7528\u65bc\u6cbb\u7642\u975e\u5c0f\u7d30\u80de\u80ba\u764c(NSCLC)",
    "link": "https://www.remegen.cn/index.php?v=show&cid=&id=",
    "timestamp": "unknown"
  },
  {
    "title": "/\u8df3\u8f6c",
    "link": "javascript:void()",
    "timestamp": "unknown"
  },
  {
    "title": "/",
    "link": "javascript:void()",
    "timestamp": "unknown"
  },
  {
    "title": ".\u622a\u81f3\u4e8c\u96f6\u4e8c\u4e94\u5e74\u56db\u6708\u4e09\u5341\u65e5\u6b62\u6708\u4efd\u4e4b\u80a1\u4efd\u767c\u884c\u4eba\u7684\u8b49\u5238\u8b8a\u52d5\u6708\u5831\u8868.2025\u5e74\u7b2c\u4e00\u5b63\u5ea6\u5831\u544a.\u622a\u81f3\u4e8c\u96f6\u4e8c\u4e94\u5e74\u4e09\u6708\u4e09\u5341\u4e00\u65e5\u6b62\u6708\u4efd\u4e4b\u80a1\u4efd\u767c\u884c\u4eba\u7684\u8b49\u5238\u8b8a\u52d5\u6708\u5831\u8868.\u622a\u81f32024\u5e7412\u670831\u65e5\u6b62\u5e74\u5ea6\u5e74\u5ea6\u696d\u7e3e\u516c\u544a.\u622a\u81f3\u4e8c\u96f6\u4e8c\u4e94\u5e74\u4e8c\u6708\u4e8c\u5341\u516b\u65e5\u6b62\u6708\u4efd\u4e4b\u80a1\u4efd\u767c\u884c\u4eba\u7684\u8b49\u5238\u8b8a\u52d5\u6708\u5831\u8868.\u5167\u5e55\u6d88\u606f-2024\u5e74\u5ea6\u696d\u7e3e\u5feb\u5831\u516c\u544a.\u622a\u81f3\u4e8c\u96f6",
    "link": "https://www.remegen.cn/index.php?v=show&cid=&id=",
    "timestamp": "unknown"
  },
  {
    "title": ".\u622a\u81f3\u4e8c\u96f6\u4e8c\u4e94\u5e74\u56db\u6708\u4e09\u5341\u65e5\u6b62\u6708\u4efd\u4e4b\u80a1\u4efd\u767c\u884c\u4eba\u7684\u8b49\u5238\u8b8a\u52d5\u6708\u5831\u8868",
    "link": "https://www.remegen.cn/index.php?v=show&cid=&id=",
    "timestamp": "unknown"
  },
  {
    "title": ".2025\u5e74\u7b2c\u4e00\u5b63\u5ea6\u5831\u544a",
    "link": "https://www.remegen.cn/index.php?v=show&cid=&id=",
    "timestamp": "unknown"
  },
  {
    "title": ".\u622a\u81f3\u4e8c\u96f6\u4e8c\u4e94\u5e74\u4e09\u6708\u4e09\u5341\u4e00\u65e5\u6b62\u6708\u4efd\u4e4b\u80a1\u4efd\u767c\u884c\u4eba\u7684\u8b49\u5238\u8b8a\u52d5\u6708\u5831\u8868",
    "link": "https://www.remegen.cn/index.php?v=show&cid=&id=",
    "timestamp": "unknown"
  },
  {
    "title": ".\u622a\u81f32024\u5e7412\u670831\u65e5\u6b62\u5e74\u5ea6\u5e74\u5ea6\u696d\u7e3e\u516c\u544a",
    "link": "https://www.remegen.cn/index.php?v=show&cid=&id=",
    "timestamp": "unknown"
  },
  {
    "title": ".\u622a\u81f3\u4e8c\u96f6\u4e8c\u4e94\u5e74\u4e8c\u6708\u4e8c\u5341\u516b\u65e5\u6b62\u6708\u4efd\u4e4b\u80a1\u4efd\u767c\u884c\u4eba\u7684\u8b49\u5238\u8b8a\u52d5\u6708\u5831\u8868",
    "link": "https://www.remegen.cn/index.php?v=show&cid=&id=",
    "timestamp": "unknown"
  },
  {
    "title": ".\u5167\u5e55\u6d88\u606f-2024\u5e74\u5ea6\u696d\u7e3e\u5feb\u5831\u516c\u544a",
    "link": "https://www.remegen.cn/index.php?v=show&cid=&id=",
    "timestamp": "unknown"
  },
  {
    "title": ".\u622a\u81f3\u4e8c\u96f6\u4e8c\u4e94\u5e74\u4e00\u6708\u4e09\u5341\u4e00\u65e5\u6b62\u6708\u4efd\u4e4b\u80a1\u4efd\u767c\u884c\u4eba\u7684\u8b49\u5238\u8b8a\u52d5\u6708\u5831\u8868",
    "link": "https://www.remegen.cn/index.php?v=show&cid=&id=",
    "timestamp": "unknown"
  },
  {
    "title": ".\u622a\u81f3\u4e8c\u96f6\u4e8c\u56db\u5e74\u5341\u4e8c\u6708\u4e09\u5341\u4e00\u65e5\u6b62\u6708\u4efd\u4e4b\u80a1\u4efd\u767c\u884c\u4eba\u7684\u8b49\u5238\u8b8a\u52d5\u6708\u5831\u8868",
    "link": "https://www.remegen.cn/index.php?v=show&cid=&id=",
    "timestamp": "unknown"
  },
  {
    "title": ".\u622a\u81f3\u4e8c\u96f6\u4e8c\u56db\u5e74\u5341\u4e00\u6708\u4e09\u5341\u65e5\u6b62\u6708\u4efd\u4e4b\u80a1\u4efd\u767c\u884c\u4eba\u7684\u8b49\u5238\u8b8a\u52d5\u6708\u5831\u8868",
    "link": "https://www.remegen.cn/index.php?v=show&cid=&id=",
    "timestamp": "unknown"
  },
  {
    "title": ".\u622a\u81f3\u4e8c\u96f6\u4e8c\u56db\u5e74\u5341\u6708\u4e09\u5341\u4e00\u65e5\u6b62\u6708\u4efd\u4e4b\u80a1\u4efd\u767c\u884c\u4eba\u7684\u8b49\u5238\u8b8a\u52d5\u6708\u5831\u8868",
    "link": "https://www.remegen.cn/index.php?v=show&cid=&id=",
    "timestamp": "unknown"
  },
  {
    "title": "/\u8df3\u8f6c",
    "link": "javascript:void()",
    "timestamp": "unknown"
  },
  {
    "title": "/",
    "link": "javascript:void()",
    "timestamp": "unknown"
  },
  {
    "title": ".[\u53d1\u552e\u4ee5\u4f9b\u8ba4\u8d2d] \u5168\u7403\u53d1\u552e.[\u53d1\u552e\u4ee5\u4f9b\u8ba4\u8d2d] \u7eff\u8272\u7533\u8bf7\u8868\u683c/\u8df3\u8f6c",
    "link": "https://www.remegen.cn/index.php?v=show&cid=&id=",
    "timestamp": "unknown"
  },
  {
    "title": ".[\u53d1\u552e\u4ee5\u4f9b\u8ba4\u8d2d] \u5168\u7403\u53d1\u552e",
    "link": "https://www.remegen.cn/index.php?v=show&cid=&id=",
    "timestamp": "unknown"
  },
  {
    "title": ".[\u53d1\u552e\u4ee5\u4f9b\u8ba4\u8d2d] \u7eff\u8272\u7533\u8bf7\u8868\u683c",
    "link": "https://www.remegen.cn/index.php?v=show&cid=&id=",
    "timestamp": "unknown"
  },
  {
    "title": "/\u8df3\u8f6c",
    "link": "javascript:void()",
    "timestamp": "unknown"
  },
  {
    "title": "/",
    "link": "javascript:void()",
    "timestamp": "unknown"
  },
  {
    "title": "\u79d1\u521b\u677f\u516c\u544a.\u8363\u660c\u751f\u72692025\u5e74\u534a\u5e74\u5ea6\u52df\u96c6\u8d44\u91d1\u5b58\u653e\u4e0e\u5b9e\u9645\u4f7f\u7528\u60c5\u51b5\u7684\u4e13\u9879\u62a5\u544a.\u8363\u660c\u751f\u7269\u7b2c\u4e8c\u5c4a\u8463\u4e8b\u4f1a\u7b2c\u4e8c\u5341\u516b\u6b21\u4f1a\u8bae\u51b3\u8bae\u516c\u544a.\u8363\u660c\u751f\u7269\u5173\u4e8e\u53d8\u66f4\u6ce8\u518c\u8d44\u672c\u3001\u4fee\u8ba2\u300a\u516c\u53f8\u7ae0\u7a0b\u300b\u5e76\u529e\u7406\u5de5\u5546\u53d8\u66f4\u767b\u8bb0\u7684\u516c\u544a.\u8363\u660c\u751f\u72692025\u5e74\u534a\u5e74\u5ea6\u62a5\u544a.\u8363\u660c\u751f\u72692025\u5e74\u534a\u5e74\u5ea6\u62a5\u544a\u6458\u8981.\u8363\u660c\u751f\u7269\u516c\u53f8\u7ae0\u7a0b.\u8363\u660c\u751f\u7269\u5173\u4e8e\u516c\u53f82025\u5e74\u5ea6\u201c\u63d0",
    "link": "https://www.remegen.cn/index.php?v=show&cid=&id=",
    "timestamp": "unknown"
  },
  {
    "title": "\u79d1\u521b\u677f\u516c\u544a.\u8363\u660c\u751f\u72692025\u5e74\u534a\u5e74\u5ea6\u52df\u96c6\u8d44\u91d1\u5b58\u653e\u4e0e\u5b9e\u9645\u4f7f\u7528\u60c5\u51b5\u7684\u4e13\u9879\u62a5\u544a.\u8363\u660c\u751f\u7269\u7b2c\u4e8c\u5c4a\u8463\u4e8b\u4f1a\u7b2c\u4e8c\u5341\u516b\u6b21\u4f1a\u8bae\u51b3\u8bae\u516c\u544a.\u8363\u660c\u751f\u7269\u5173\u4e8e\u53d8\u66f4\u6ce8\u518c\u8d44\u672c\u3001\u4fee\u8ba2\u300a\u516c\u53f8\u7ae0\u7a0b\u300b\u5e76\u529e\u7406\u5de5\u5546\u53d8\u66f4\u767b\u8bb0\u7684\u516c\u544a.\u8363\u660c\u751f\u72692025\u5e74\u534a\u5e74\u5ea6\u62a5\u544a.\u8363\u660c\u751f\u72692025\u5e74\u534a\u5e74\u5ea6\u62a5\u544a\u6458\u8981.\u8363\u660c\u751f\u7269\u516c\u53f8\u7ae0\u7a0b.\u8363\u660c\u751f\u7269\u5173\u4e8e\u516c\u53f82025\u5e74\u5ea6\u201c\u63d0",
    "link": "https://www.remegen.cn/index.php?v=show&cid=&id=",
    "timestamp": "unknown"
  },
  {
    "title": ".\u8363\u660c\u751f\u72692025\u5e74\u534a\u5e74\u5ea6\u52df\u96c6\u8d44\u91d1\u5b58\u653e\u4e0e\u5b9e\u9645\u4f7f\u7528\u60c5\u51b5\u7684\u4e13\u9879\u62a5\u544a.\u8363\u660c\u751f\u7269\u7b2c\u4e8c\u5c4a\u8463\u4e8b\u4f1a\u7b2c\u4e8c\u5341\u516b\u6b21\u4f1a\u8bae\u51b3\u8bae\u516c\u544a.\u8363\u660c\u751f\u7269\u5173\u4e8e\u53d8\u66f4\u6ce8\u518c\u8d44\u672c\u3001\u4fee\u8ba2\u300a\u516c\u53f8\u7ae0\u7a0b\u300b\u5e76\u529e\u7406\u5de5\u5546\u53d8\u66f4\u767b\u8bb0\u7684\u516c\u544a.\u8363\u660c\u751f\u72692025\u5e74\u534a\u5e74\u5ea6\u62a5\u544a.\u8363\u660c\u751f\u72692025\u5e74\u534a\u5e74\u5ea6\u62a5\u544a\u6458\u8981.\u8363\u660c\u751f\u7269\u516c\u53f8\u7ae0\u7a0b.\u8363\u660c\u751f\u7269\u5173\u4e8e\u516c\u53f82025\u5e74\u5ea6\u201c\u63d0\u8d28\u589e\u6548\u91cd\u56de",
    "link": "https://www.remegen.cn/index.php?v=show&cid=&id=",
    "timestamp": "unknown"
  },
  {
    "title": ".\u8363\u660c\u751f\u72692025\u5e74\u534a\u5e74\u5ea6\u52df\u96c6\u8d44\u91d1\u5b58\u653e\u4e0e\u5b9e\u9645\u4f7f\u7528\u60c5\u51b5\u7684\u4e13\u9879\u62a5\u544a.\u8363\u660c\u751f\u7269\u7b2c\u4e8c\u5c4a\u8463\u4e8b\u4f1a\u7b2c\u4e8c\u5341\u516b\u6b21\u4f1a\u8bae\u51b3\u8bae\u516c\u544a.\u8363\u660c\u751f\u7269\u5173\u4e8e\u53d8\u66f4\u6ce8\u518c\u8d44\u672c\u3001\u4fee\u8ba2\u300a\u516c\u53f8\u7ae0\u7a0b\u300b\u5e76\u529e\u7406\u5de5\u5546\u53d8\u66f4\u767b\u8bb0\u7684\u516c\u544a.\u8363\u660c\u751f\u72692025\u5e74\u534a\u5e74\u5ea6\u62a5\u544a.\u8363\u660c\u751f\u72692025\u5e74\u534a\u5e74\u5ea6\u62a5\u544a\u6458\u8981.\u8363\u660c\u751f\u7269\u516c\u53f8\u7ae0\u7a0b.\u8363\u660c\u751f\u7269\u5173\u4e8e\u516c\u53f82025\u5e74\u5ea6\u201c\u63d0\u8d28\u589e\u6548\u91cd\u56de",
    "link": "https://www.remegen.cn/index.php?v=show&cid=&id=",
    "timestamp": "unknown"
  },
  {
    "title": ".\u8363\u660c\u751f\u72692025\u5e74\u534a\u5e74\u5ea6\u52df\u96c6\u8d44\u91d1\u5b58\u653e\u4e0e\u5b9e\u9645\u4f7f\u7528\u60c5\u51b5\u7684\u4e13\u9879\u62a5\u544a.\u8363\u660c\u751f\u7269\u7b2c\u4e8c\u5c4a\u8463\u4e8b\u4f1a\u7b2c\u4e8c\u5341\u516b\u6b21\u4f1a\u8bae\u51b3\u8bae\u516c\u544a.\u8363\u660c\u751f\u7269\u5173\u4e8e\u53d8\u66f4\u6ce8\u518c\u8d44\u672c\u3001\u4fee\u8ba2\u300a\u516c\u53f8\u7ae0\u7a0b\u300b\u5e76\u529e\u7406\u5de5\u5546\u53d8\u66f4\u767b\u8bb0\u7684\u516c\u544a.\u8363\u660c\u751f\u72692025\u5e74\u534a\u5e74\u5ea6\u62a5\u544a.\u8363\u660c\u751f\u72692025\u5e74\u534a\u5e74\u5ea6\u62a5\u544a\u6458\u8981.\u8363\u660c\u751f\u7269\u516c\u53f8\u7ae0\u7a0b.\u8363\u660c\u751f\u7269\u5173\u4e8e\u516c\u53f82025\u5e74\u5ea6\u201c\u63d0\u8d28\u589e\u6548\u91cd\u56de",
    "link": "https://www.remegen.cn/index.php?v=show&cid=&id=",
    "timestamp": "unknown"
  },
  {
    "title": ".\u8363\u660c\u751f\u72692025\u5e74\u534a\u5e74\u5ea6\u52df\u96c6\u8d44\u91d1\u5b58\u653e\u4e0e\u5b9e\u9645\u4f7f\u7528\u60c5\u51b5\u7684\u4e13\u9879\u62a5\u544a",
    "link": "https://www.remegen.cn/index.php?v=show&cid=&id=",
    "timestamp": "unknown"
  },
  {
    "title": ".\u8363\u660c\u751f\u7269\u7b2c\u4e8c\u5c4a\u8463\u4e8b\u4f1a\u7b2c\u4e8c\u5341\u516b\u6b21\u4f1a\u8bae\u51b3\u8bae\u516c\u544a",
    "link": "https://www.remegen.cn/index.php?v=show&cid=&id=",
    "timestamp": "unknown"
  },
  {
    "title": ".\u8363\u660c\u751f\u7269\u5173\u4e8e\u53d8\u66f4\u6ce8\u518c\u8d44\u672c\u3001\u4fee\u8ba2\u300a\u516c\u53f8\u7ae0\u7a0b\u300b\u5e76\u529e\u7406\u5de5\u5546\u53d8\u66f4\u767b\u8bb0\u7684\u516c\u544a",
    "link": "https://www.remegen.cn/index.php?v=show&cid=&id=",
    "timestamp": "unknown"
  },
  {
    "title": ".\u8363\u660c\u751f\u72692025\u5e74\u534a\u5e74\u5ea6\u62a5\u544a",
    "link": "https://www.remegen.cn/index.php?v=show&cid=&id=",
    "timestamp": "unknown"
  },
  {
    "title": ".\u8363\u660c\u751f\u72692025\u5e74\u534a\u5e74\u5ea6\u62a5\u544a\u6458\u8981",
    "link": "https://www.remegen.cn/index.php?v=show&cid=&id=",
    "timestamp": "unknown"
  },
  {
    "title": ".\u8363\u660c\u751f\u7269\u516c\u53f8\u7ae0\u7a0b",
    "link": "https://www.remegen.cn/index.php?v=show&cid=&id=",
    "timestamp": "unknown"
  },
  {
    "title": ".\u8363\u660c\u751f\u7269\u5173\u4e8e\u516c\u53f82025\u5e74\u5ea6\u201c\u63d0\u8d28\u589e\u6548\u91cd\u56de\u62a5\u201d\u884c\u52a8\u65b9\u6848\u7684\u534a\u5e74\u5ea6\u8bc4\u4f30\u62a5\u544a",
    "link": "https://www.remegen.cn/index.php?v=show&cid=&id=",
    "timestamp": "unknown"
  },
  {
    "title": ".\u8363\u660c\u751f\u7269\u5173\u4e8e\u7b7e\u7f72\u6388\u6743\u8bb8\u53ef\u534f\u8bae\u7684\u516c\u544a",
    "link": "https://www.remegen.cn/index.php?v=show&cid=&id=",
    "timestamp": "unknown"
  },
  {
    "title": ".H\u80a1\u516c\u544a(\u81ea\u613f\u516c\u544a\u4e2d\u56fd\u56fd\u5bb6\u836f\u54c1\u76d1\u7763\u7ba1\u7406\u5c40\u836f\u54c1\u5ba1\u8bc4\u4e2d\u5fc3(CDE)\u6388\u4e88RC148\u7a81\u7834\u6027\u6cbb\u7597\u836f\u7269\u8ba4\u5b9a\u7528\u4e8e\u6cbb\u7597\u975e\u5c0f\u7ec6\u80de\u80ba\u764c(NSCLC))",
    "link": "https://www.remegen.cn/index.php?v=show&cid=&id=",
    "timestamp": "unknown"
  },
  {
    "title": ".\u8363\u660c\u751f\u7269\u81ea\u613f\u62ab\u9732\u5173\u4e8e\u6cf0\u5b83\u897f\u666e\u6cbb\u7597\u539f\u53d1\u6027\u5e72\u71e5\u7efc\u5408\u5f81\u2162\u671f\u4e34\u5e8a\u7814\u7a76\u8fbe\u5230\u4e3b\u8981\u7814\u7a76\u7ec8\u70b9\u7684\u516c\u544a",
    "link": "https://www.remegen.cn/index.php?v=show&cid=&id=",
    "timestamp": "unknown"
  },
  {
    "title": "/\u8df3\u8f6c",
    "link": "javascript:void()",
    "timestamp": "unknown"
  },
  {
    "title": "/",
    "link": "javascript:void()",
    "timestamp": "unknown"
  },
  {
    "title": "\u516c\u53f8\u6cbb\u7406.\u7ae0\u7a0b.\u8363\u660c\u751f\u7269\u5236\u836f\uff08\u70df\u53f0\uff09\u80a1\u4efd\u6709\u9650\u516c\u53f8\u7ae0\u7a0b.\u8363\u660c\u751f\u7269\u5236\u836f\uff08\u70df\u53f0\uff09\u80a1\u4efd\u6709\u9650\u516c\u53f8\u7ae0\u7a0b.\u5baa\u7ae0\u6587\u4ef6 \u7ae0\u7a0b.\u5baa\u7ae0\u6587\u4ef6 - \u7ae0\u7a0b.\u5baa\u7ae0\u6587\u4ef6 - \u7ae0\u7a0b.\u80a1\u4e1c\u63d0\u540d\u4e2a\u522b\u4eba\u58eb\u4e3a\u516c\u53f8\u8463\u4e8b\u6216\u76d1\u4e8b\u4e4b\u7a0b\u5e8f.\u80a1\u4e1c\u901a\u8baf\u653f\u7b56.\u8463\u4e8b\u4f1a\u6210\u5458\u591a\u5143\u5316\u653f\u7b56/\u8df3\u8f6c",
    "link": "https://www.remegen.cn/index.php?v=show&cid=&id=",
    "timestamp": "unknown"
  },
  {
    "title": "\u516c\u53f8\u6cbb\u7406.\u7ae0\u7a0b.\u8363\u660c\u751f\u7269\u5236\u836f\uff08\u70df\u53f0\uff09\u80a1\u4efd\u6709\u9650\u516c\u53f8\u7ae0\u7a0b.\u8363\u660c\u751f\u7269\u5236\u836f\uff08\u70df\u53f0\uff09\u80a1\u4efd\u6709\u9650\u516c\u53f8\u7ae0\u7a0b.\u5baa\u7ae0\u6587\u4ef6 \u7ae0\u7a0b.\u5baa\u7ae0\u6587\u4ef6 - \u7ae0\u7a0b.\u5baa\u7ae0\u6587\u4ef6 - \u7ae0\u7a0b.\u80a1\u4e1c\u63d0\u540d\u4e2a\u522b\u4eba\u58eb\u4e3a\u516c\u53f8\u8463\u4e8b\u6216\u76d1\u4e8b\u4e4b\u7a0b\u5e8f.\u80a1\u4e1c\u901a\u8baf\u653f\u7b56.\u8463\u4e8b\u4f1a\u6210\u5458\u591a\u5143\u5316\u653f\u7b56/\u8df3\u8f6c",
    "link": "https://www.remegen.cn/index.php?v=show&cid=&id=",
    "timestamp": "unknown"
  },
  {
    "title": ".\u7ae0\u7a0b.\u8363\u660c\u751f\u7269\u5236\u836f\uff08\u70df\u53f0\uff09\u80a1\u4efd\u6709\u9650\u516c\u53f8\u7ae0\u7a0b.\u8363\u660c\u751f\u7269\u5236\u836f\uff08\u70df\u53f0\uff09\u80a1\u4efd\u6709\u9650\u516c\u53f8\u7ae0\u7a0b.\u5baa\u7ae0\u6587\u4ef6 \u7ae0\u7a0b.\u5baa\u7ae0\u6587\u4ef6 - \u7ae0\u7a0b.\u5baa\u7ae0\u6587\u4ef6 - \u7ae0\u7a0b.\u80a1\u4e1c\u63d0\u540d\u4e2a\u522b\u4eba\u58eb\u4e3a\u516c\u53f8\u8463\u4e8b\u6216\u76d1\u4e8b\u4e4b\u7a0b\u5e8f.\u80a1\u4e1c\u901a\u8baf\u653f\u7b56.\u8463\u4e8b\u4f1a\u6210\u5458\u591a\u5143\u5316\u653f\u7b56/\u8df3\u8f6c",
    "link": "https://www.remegen.cn/index.php?v=show&cid=&id=",
    "timestamp": "unknown"
  },
  {
    "title": ".\u7ae0\u7a0b.\u8363\u660c\u751f\u7269\u5236\u836f\uff08\u70df\u53f0\uff09\u80a1\u4efd\u6709\u9650\u516c\u53f8\u7ae0\u7a0b.\u8363\u660c\u751f\u7269\u5236\u836f\uff08\u70df\u53f0\uff09\u80a1\u4efd\u6709\u9650\u516c\u53f8\u7ae0\u7a0b.\u5baa\u7ae0\u6587\u4ef6 \u7ae0\u7a0b.\u5baa\u7ae0\u6587\u4ef6 - \u7ae0\u7a0b.\u5baa\u7ae0\u6587\u4ef6 - \u7ae0\u7a0b.\u80a1\u4e1c\u63d0\u540d\u4e2a\u522b\u4eba\u58eb\u4e3a\u516c\u53f8\u8463\u4e8b\u6216\u76d1\u4e8b\u4e4b\u7a0b\u5e8f.\u80a1\u4e1c\u901a\u8baf\u653f\u7b56.\u8463\u4e8b\u4f1a\u6210\u5458\u591a\u5143\u5316\u653f\u7b56/\u8df3\u8f6c",
    "link": "https://www.remegen.cn/index.php?v=show&cid=&id=",
    "timestamp": "unknown"
  },
  {
    "title": ".\u7ae0\u7a0b",
    "link": "https://www.remegen.cn/index.php?v=show&cid=&id=",
    "timestamp": "unknown"
  },
  {
    "title": ".\u8363\u660c\u751f\u7269\u5236\u836f\uff08\u70df\u53f0\uff09\u80a1\u4efd\u6709\u9650\u516c\u53f8\u7ae0\u7a0b",
    "link": "https://www.remegen.cn/index.php?v=show&cid=&id=",
    "timestamp": "unknown"
  },
  {
    "title": ".\u8363\u660c\u751f\u7269\u5236\u836f\uff08\u70df\u53f0\uff09\u80a1\u4efd\u6709\u9650\u516c\u53f8\u7ae0\u7a0b",
    "link": "https://www.remegen.cn/index.php?v=show&cid=&id=",
    "timestamp": "unknown"
  },
  {
    "title": ".\u5baa\u7ae0\u6587\u4ef6 \u7ae0\u7a0b",
    "link": "https://www.remegen.cn/index.php?v=show&cid=&id=",
    "timestamp": "unknown"
  },
  {
    "title": ".\u5baa\u7ae0\u6587\u4ef6 - \u7ae0\u7a0b",
    "link": "https://www.remegen.cn/index.php?v=show&cid=&id=",
    "timestamp": "unknown"
  },
  {
    "title": ".\u5baa\u7ae0\u6587\u4ef6 - \u7ae0\u7a0b",
    "link": "https://www.remegen.cn/index.php?v=show&cid=&id=",
    "timestamp": "unknown"
  },
  {
    "title": ".\u80a1\u4e1c\u63d0\u540d\u4e2a\u522b\u4eba\u58eb\u4e3a\u516c\u53f8\u8463\u4e8b\u6216\u76d1\u4e8b\u4e4b\u7a0b\u5e8f",
    "link": "https://www.remegen.cn/index.php?v=show&cid=&id=",
    "timestamp": "unknown"
  },
  {
    "title": ".\u80a1\u4e1c\u901a\u8baf\u653f\u7b56",
    "link": "https://www.remegen.cn/index.php?v=show&cid=&id=",
    "timestamp": "unknown"
  },
  {
    "title": ".\u8463\u4e8b\u4f1a\u6210\u5458\u591a\u5143\u5316\u653f\u7b56",
    "link": "https://www.remegen.cn/index.php?v=show&cid=&id=",
    "timestamp": "unknown"
  },
  {
    "title": "/\u8df3\u8f6c",
    "link": "javascript:void()",
    "timestamp": "unknown"
  },
  {
    "title": "/",
    "link": "javascript:void()",
    "timestamp": "unknown"
  },
  {
    "title": "\u8054\u7cfb\u65b9\u5f0f\u7535\u8bdd\uff1a-\u90ae\u7bb1\uff1aIR@REMEGEN.COM",
    "link": "tel: -",
    "timestamp": "unknown"
  },
  {
    "title": "\u8054\u7cfb\u65b9\u5f0f\u7535\u8bdd\uff1a-\u90ae\u7bb1\uff1aIR@REMEGEN.COM",
    "link": "tel: -",
    "timestamp": "unknown"
  },
  {
    "title": "\u7535\u8bdd\uff1a-\u90ae\u7bb1\uff1aIR@REMEGEN.COM",
    "link": "tel: -",
    "timestamp": "unknown"
  },
  {
    "title": "\u7535\u8bdd\uff1a-\u90ae\u7bb1\uff1aIR@REMEGEN.COM",
    "link": "tel: -",
    "timestamp": "unknown"
  },
  {
    "title": "\u7535\u8bdd\uff1a-",
    "link": "tel: -",
    "timestamp": "unknown"
  },
  {
    "title": "\u90ae\u7bb1\uff1aIR@REMEGEN.COM",
    "link": "mailto:IR@REMEGEN.CN",
    "timestamp": "unknown"
  },
  {
    "title": "\u5173\u4e8e\u6211\u4eec\u516c\u53f8\u6982\u51b5\u516c\u53f8\u613f\u666f\u8463\u4e8b\u4f1a\u7ba1\u7406\u56e2\u961f\u79d1\u5b66\u987e\u95ee\u59d4\u5458\u4f1a\u4ea7\u54c1\u4ecb\u7ecd\u6cf0\u5b83\u897f\u666e\u7ef4\u8fea\u897f\u59a5\u5355\u6297\u4ea7\u54c1\u7ba1\u7ebf\u751f\u4ea7\u5236\u9020\u8d28\u91cf\u4fdd\u8bc1\u7814\u53d1\u5b9e\u529b\u521b\u65b0\u80fd\u529b\u6280\u672f\u5e73\u53f0\u4eba\u624d\u961f\u4f0d\u6295\u8d44\u8005\u5173\u7cfb\u4fe1\u606f\u62ab\u9732\u516c\u53f8\u6cbb\u7406\u8054\u7cfb\u65b9\u5f0f\u65b0\u95fb\u4e2d\u5fc3\u516c\u53f8\u52a8\u6001\u5a92\u4f53\u62a5\u9053\u52a0\u5165\u6211\u4eec\u62db\u8058\u5c97\u4f4d\u85aa\u8d44\u798f\u5229\u5de5\u4f5c\u73af\u5883\u5458\u5de5\u5fc3\u58f0\u8363\u660c\u5f71\u50cf\u8054\u7cfb\u6211\u4eec\u516c\u53f8\u5730\u5740\u4e34\u5e8a\u8bd5\u9a8c\u4ea7\u54c1\u54a8\u8be2\u4eba\u529b\u8d44\u6e90\u4e0d\u826f\u53cd\u5e94\u62a5\u544a\u4e2d\u56fd\uff08",
    "link": "https://www.remegen.cn/index.php?v=listing&cid=",
    "timestamp": "unknown"
  },
  {
    "title": "\u5173\u4e8e\u6211\u4eec\u516c\u53f8\u6982\u51b5\u516c\u53f8\u613f\u666f\u8463\u4e8b\u4f1a\u7ba1\u7406\u56e2\u961f\u79d1\u5b66\u987e\u95ee\u59d4\u5458\u4f1a\u4ea7\u54c1\u4ecb\u7ecd\u6cf0\u5b83\u897f\u666e\u7ef4\u8fea\u897f\u59a5\u5355\u6297\u4ea7\u54c1\u7ba1\u7ebf\u751f\u4ea7\u5236\u9020\u8d28\u91cf\u4fdd\u8bc1\u7814\u53d1\u5b9e\u529b\u521b\u65b0\u80fd\u529b\u6280\u672f\u5e73\u53f0\u4eba\u624d\u961f\u4f0d\u6295\u8d44\u8005\u5173\u7cfb\u4fe1\u606f\u62ab\u9732\u516c\u53f8\u6cbb\u7406\u8054\u7cfb\u65b9\u5f0f\u65b0\u95fb\u4e2d\u5fc3\u516c\u53f8\u52a8\u6001\u5a92\u4f53\u62a5\u9053\u52a0\u5165\u6211\u4eec\u62db\u8058\u5c97\u4f4d\u85aa\u8d44\u798f\u5229\u5de5\u4f5c\u73af\u5883\u5458\u5de5\u5fc3\u58f0\u8363\u660c\u5f71\u50cf\u8054\u7cfb\u6211\u4eec\u516c\u53f8\u5730\u5740\u4e34\u5e8a\u8bd5\u9a8c\u4ea7\u54c1\u54a8\u8be2\u4eba\u529b\u8d44\u6e90\u4e0d\u826f\u53cd\u5e94\u62a5\u544a\u4e2d\u56fd\uff08",
    "link": "https://www.remegen.cn/index.php?v=listing&cid=",
    "timestamp": "unknown"
  },
  {
    "title": "\u5173\u4e8e\u6211\u4eec\u516c\u53f8\u6982\u51b5\u516c\u53f8\u613f\u666f\u8463\u4e8b\u4f1a\u7ba1\u7406\u56e2\u961f\u79d1\u5b66\u987e\u95ee\u59d4\u5458\u4f1a\u4ea7\u54c1\u4ecb\u7ecd\u6cf0\u5b83\u897f\u666e\u7ef4\u8fea\u897f\u59a5\u5355\u6297\u4ea7\u54c1\u7ba1\u7ebf\u751f\u4ea7\u5236\u9020\u8d28\u91cf\u4fdd\u8bc1\u7814\u53d1\u5b9e\u529b\u521b\u65b0\u80fd\u529b\u6280\u672f\u5e73\u53f0\u4eba\u624d\u961f\u4f0d\u6295\u8d44\u8005\u5173\u7cfb\u4fe1\u606f\u62ab\u9732\u516c\u53f8\u6cbb\u7406\u8054\u7cfb\u65b9\u5f0f\u65b0\u95fb\u4e2d\u5fc3\u516c\u53f8\u52a8\u6001\u5a92\u4f53\u62a5\u9053\u52a0\u5165\u6211\u4eec\u62db\u8058\u5c97\u4f4d\u85aa\u8d44\u798f\u5229\u5de5\u4f5c\u73af\u5883\u5458\u5de5\u5fc3\u58f0\u8363\u660c\u5f71\u50cf\u8054\u7cfb\u6211\u4eec\u516c\u53f8\u5730\u5740\u4e34\u5e8a\u8bd5\u9a8c\u4ea7\u54c1\u54a8\u8be2\u4eba\u529b\u8d44\u6e90\u4e0d\u826f\u53cd\u5e94\u62a5\u544a",
    "link": "https://www.remegen.cn/index.php?v=listing&cid=",
    "timestamp": "unknown"
  },
  {
    "title": "\u5173\u4e8e\u6211\u4eec\u516c\u53f8\u6982\u51b5\u516c\u53f8\u613f\u666f\u8463\u4e8b\u4f1a\u7ba1\u7406\u56e2\u961f\u79d1\u5b66\u987e\u95ee\u59d4\u5458\u4f1a",
    "link": "https://www.remegen.cn/index.php?v=listing&cid=",
    "timestamp": "unknown"
  },
  {
    "title": "\u516c\u53f8\u6982\u51b5",
    "link": "https://www.remegen.cn/index.php?v=listing&cid=#gsgk",
    "timestamp": "unknown"
  },
  {
    "title": "\u516c\u53f8\u613f\u666f",
    "link": "https://www.remegen.cn/index.php?v=listing&cid=#gsyj",
    "timestamp": "unknown"
  },
  {
    "title": "\u8463\u4e8b\u4f1a",
    "link": "https://www.remegen.cn/index.php?v=listing&cid=#dsh",
    "timestamp": "unknown"
  },
  {
    "title": "\u7ba1\u7406\u56e2\u961f",
    "link": "https://www.remegen.cn/index.php?v=listing&cid=#gltd",
    "timestamp": "unknown"
  },
  {
    "title": "\u79d1\u5b66\u987e\u95ee\u59d4\u5458\u4f1a",
    "link": "https://www.remegen.cn/index.php?v=listing&cid=#kxgw",
    "timestamp": "unknown"
  },
  {
    "title": "\u4ea7\u54c1\u4ecb\u7ecd\u6cf0\u5b83\u897f\u666e\u7ef4\u8fea\u897f\u59a5\u5355\u6297\u4ea7\u54c1\u7ba1\u7ebf\u751f\u4ea7\u5236\u9020\u8d28\u91cf\u4fdd\u8bc1",
    "link": "https://www.remegen.cn/index.php?v=listing&cid=",
    "timestamp": "unknown"
  },
  {
    "title": "\u6cf0\u5b83\u897f\u666e",
    "link": "https://www.remegen.cn/index.php?v=listing&cid=#ttxp",
    "timestamp": "unknown"
  },
  {
    "title": "\u7ef4\u8fea\u897f\u59a5\u5355\u6297",
    "link": "https://www.remegen.cn/index.php?v=listing&cid=#wdxtdk",
    "timestamp": "unknown"
  },
  {
    "title": "\u4ea7\u54c1\u7ba1\u7ebf",
    "link": "https://www.remegen.cn/index.php?v=listing&cid=#cpgx",
    "timestamp": "unknown"
  },
  {
    "title": "\u751f\u4ea7\u5236\u9020",
    "link": "https://www.remegen.cn/index.php?v=listing&cid=#sczz",
    "timestamp": "unknown"
  },
  {
    "title": "\u8d28\u91cf\u4fdd\u8bc1",
    "link": "https://www.remegen.cn/index.php?v=listing&cid=#zlbz",
    "timestamp": "unknown"
  },
  {
    "title": "\u7814\u53d1\u5b9e\u529b\u521b\u65b0\u80fd\u529b\u6280\u672f\u5e73\u53f0\u4eba\u624d\u961f\u4f0d",
    "link": "https://www.remegen.cn/index.php?v=listing&cid=",
    "timestamp": "unknown"
  },
  {
    "title": "\u521b\u65b0\u80fd\u529b",
    "link": "https://www.remegen.cn/index.php?v=listing&cid=#cxnl",
    "timestamp": "unknown"
  },
  {
    "title": "\u6280\u672f\u5e73\u53f0",
    "link": "https://www.remegen.cn/index.php?v=listing&cid=#jspt",
    "timestamp": "unknown"
  },
  {
    "title": "\u4eba\u624d\u961f\u4f0d",
    "link": "https://www.remegen.cn/index.php?v=listing&cid=#rcdw",
    "timestamp": "unknown"
  },
  {
    "title": "\u6295\u8d44\u8005\u5173\u7cfb\u4fe1\u606f\u62ab\u9732\u516c\u53f8\u6cbb\u7406\u8054\u7cfb\u65b9\u5f0f",
    "link": "https://www.remegen.cn/index.php?v=listing&cid=",
    "timestamp": "unknown"
  },
  {
    "title": "\u4fe1\u606f\u62ab\u9732",
    "link": "https://www.remegen.cn/index.php?v=listing&cid=#xxpl",
    "timestamp": "unknown"
  },
  {
    "title": "\u516c\u53f8\u6cbb\u7406",
    "link": "https://www.remegen.cn/index.php?v=listing&cid=#gszl",
    "timestamp": "unknown"
  },
  {
    "title": "\u8054\u7cfb\u65b9\u5f0f",
    "link": "https://www.remegen.cn/index.php?v=listing&cid=#lxfs",
    "timestamp": "unknown"
  },
  {
    "title": "\u65b0\u95fb\u4e2d\u5fc3\u516c\u53f8\u52a8\u6001\u5a92\u4f53\u62a5\u9053",
    "link": "https://www.remegen.cn/index.php?v=listing&cid=",
    "timestamp": "unknown"
  },
  {
    "title": "\u516c\u53f8\u52a8\u6001",
    "link": "https://www.remegen.cn/index.php?v=listing&cid=#gsdt",
    "timestamp": "unknown"
  },
  {
    "title": "\u5a92\u4f53\u62a5\u9053",
    "link": "https://www.remegen.cn/index.php?v=listing&cid=#mtbd",
    "timestamp": "unknown"
  },
  {
    "title": "\u52a0\u5165\u6211\u4eec\u62db\u8058\u5c97\u4f4d\u85aa\u8d44\u798f\u5229\u5de5\u4f5c\u73af\u5883\u5458\u5de5\u5fc3\u58f0\u8363\u660c\u5f71\u50cf",
    "link": "https://www.remegen.cn/index.php?v=listing&cid=",
    "timestamp": "unknown"
  },
  {
    "title": "\u62db\u8058\u5c97\u4f4d",
    "link": "https://www.remegen.cn/index.php?v=listing&cid=#zpgw",
    "timestamp": "unknown"
  },
  {
    "title": "\u85aa\u8d44\u798f\u5229",
    "link": "https://www.remegen.cn/index.php?v=listing&cid=#xzfl",
    "timestamp": "unknown"
  },
  {
    "title": "\u5de5\u4f5c\u73af\u5883",
    "link": "https://www.remegen.cn/index.php?v=listing&cid=#gzhj",
    "timestamp": "unknown"
  },
  {
    "title": "\u5458\u5de5\u5fc3\u58f0",
    "link": "https://www.remegen.cn/index.php?v=listing&cid=#ygxs",
    "timestamp": "unknown"
  },
  {
    "title": "\u8363\u660c\u5f71\u50cf",
    "link": "https://www.remegen.cn/index.php?v=listing&cid=",
    "timestamp": "unknown"
  },
  {
    "title": "\u8054\u7cfb\u6211\u4eec\u516c\u53f8\u5730\u5740\u4e34\u5e8a\u8bd5\u9a8c\u4ea7\u54c1\u54a8\u8be2\u4eba\u529b\u8d44\u6e90\u4e0d\u826f\u53cd\u5e94\u62a5\u544a",
    "link": "https://www.remegen.cn/index.php?v=listing&cid=",
    "timestamp": "unknown"
  },
  {
    "title": "\u516c\u53f8\u5730\u5740",
    "link": "https://www.remegen.cn/index.php?v=listing&cid=#gsdz",
    "timestamp": "unknown"
  },
  {
    "title": "\u4e34\u5e8a\u8bd5\u9a8c",
    "link": "https://www.remegen.cn/index.php?v=listing&cid=#lcsy",
    "timestamp": "unknown"
  },
  {
    "title": "\u4ea7\u54c1\u54a8\u8be2",
    "link": "https://www.remegen.cn/index.php?v=listing&cid=#cpzx",
    "timestamp": "unknown"
  },
  {
    "title": "\u4eba\u529b\u8d44\u6e90",
    "link": "https://www.remegen.cn/index.php?v=listing&cid=#rlzy",
    "timestamp": "unknown"
  },
  {
    "title": "\u4e0d\u826f\u53cd\u5e94\u62a5\u544a",
    "link": "https://www.remegen.cn/index.php?v=listing&cid=#blfy",
    "timestamp": "unknown"
  },
  {
    "title": "\u4e2d\u56fd\uff08\u5c71\u4e1c\uff09\u81ea\u7531\u8d38\u6613\u8bd5\u9a8c\u533a\u70df\u53f0\u7247\u533a\u70df\u53f0\u5f00\u53d1\u533a\u5317\u4eac\u4e2d\u8def58\u53f7\uff08+\uff09-\u5de5\u4f5c\u65e59\uff1a-\uff1a\u5b98\u65b9\u5fae\u4fe1",
    "link": "tel:\uff08+\uff09-",
    "timestamp": "unknown"
  },
  {
    "title": "\u4e2d\u56fd\uff08\u5c71\u4e1c\uff09\u81ea\u7531\u8d38\u6613\u8bd5\u9a8c\u533a\u70df\u53f0\u7247\u533a\u70df\u53f0\u5f00\u53d1\u533a\u5317\u4eac\u4e2d\u8def58\u53f7\uff08+\uff09-\u5de5\u4f5c\u65e59\uff1a-\uff1a",
    "link": "tel:\uff08+\uff09-",
    "timestamp": "unknown"
  },
  {
    "title": "\uff08+\uff09-\u5de5\u4f5c\u65e59\uff1a-\uff1a",
    "link": "tel:\uff08+\uff09-",
    "timestamp": "unknown"
  },
  {
    "title": "\u9c81\u516c\u7f51\u5b89\u590737069302889100\u5de5\u4fe1\u90e8\u7f51\u7ad9\u5907\u6848\u53f7\uff1a\u9c81ICP\u590711031710\u53f7-",
    "link": "https://beian.mps.gov.cn/#/query/webSearch?code=",
    "timestamp": "unknown"
  },
  {
    "title": "\u9c81\u516c\u7f51\u5b89\u590737069302889100\u5de5\u4fe1\u90e8\u7f51\u7ad9\u5907\u6848\u53f7\uff1a\u9c81ICP\u590711031710\u53f7-",
    "link": "https://beian.mps.gov.cn/#/query/webSearch?code=",
    "timestamp": "unknown"
  }
]