[
  {
    "title": "AboutOverviewLeadershipBoard of DirectorsSustainabilityScienceAtacicept in IgANPhase 2b Clinical DataPhase  Clinical TrialAtacicept in LNMAU868Publica",
    "link": "https://veratx.com/",
    "timestamp": "unknown"
  },
  {
    "title": "AboutOverviewLeadershipBoard of DirectorsSustainability",
    "link": "https://veratx.com/about/",
    "timestamp": "unknown"
  },
  {
    "title": "Overview",
    "link": "https://veratx.com/about/",
    "timestamp": "unknown"
  },
  {
    "title": "Leadership",
    "link": "https://veratx.com/about/#leadership",
    "timestamp": "unknown"
  },
  {
    "title": "Board of Directors",
    "link": "https://veratx.com/about#board",
    "timestamp": "unknown"
  },
  {
    "title": "Sustainability",
    "link": "https://veratx.com/sustainability/",
    "timestamp": "unknown"
  },
  {
    "title": "ScienceAtacicept in IgANPhase 2b Clinical DataPhase  Clinical TrialAtacicept in LNMAU868Publications",
    "link": "https://veratx.com/science/",
    "timestamp": "unknown"
  },
  {
    "title": "Atacicept in IgANPhase 2b Clinical DataPhase  Clinical Trial",
    "link": "https://veratx.com/science/atacicept-in-igan/",
    "timestamp": "unknown"
  },
  {
    "title": "Phase 2b Clinical Data",
    "link": "https://veratx.com/science/atacicept-in-igan/#clinical-data-2b",
    "timestamp": "unknown"
  },
  {
    "title": "Phase  Clinical Trial",
    "link": "https://veratx.com/science/atacicept-in-igan/#phase-",
    "timestamp": "unknown"
  },
  {
    "title": "Atacicept in LN",
    "link": "https://veratx.com/science/atacicept-in-ln/",
    "timestamp": "unknown"
  },
  {
    "title": "MAU868",
    "link": "https://veratx.com/mau868/",
    "timestamp": "unknown"
  },
  {
    "title": "Publications",
    "link": "https://veratx.com/publications/",
    "timestamp": "unknown"
  },
  {
    "title": "PatientsIgANBKV",
    "link": "https://veratx.com/patients/",
    "timestamp": "unknown"
  },
  {
    "title": "IgAN",
    "link": "https://veratx.com/patients/#igan",
    "timestamp": "unknown"
  },
  {
    "title": "BKV",
    "link": "https://veratx.com/patients/#bkv",
    "timestamp": "unknown"
  },
  {
    "title": "CareersOpen PositionsBenefitsValuesEmployee Spotlights",
    "link": "https://veratx.com/careers/",
    "timestamp": "unknown"
  },
  {
    "title": "Open Positions",
    "link": "https://veratx.com/careers/#open-positions",
    "timestamp": "unknown"
  },
  {
    "title": "Benefits",
    "link": "https://veratx.com/careers/#benefits",
    "timestamp": "unknown"
  },
  {
    "title": "Values",
    "link": "https://veratx.com/careers/#values",
    "timestamp": "unknown"
  },
  {
    "title": "Employee Spotlights",
    "link": "https://veratx.com/careers/#spotlights",
    "timestamp": "unknown"
  },
  {
    "title": "Investors",
    "link": "https://ir.veratx.com/",
    "timestamp": "unknown"
  },
  {
    "title": "Contact",
    "link": "https://veratx.com/contact/",
    "timestamp": "unknown"
  },
  {
    "title": "AboutOverviewLeadershipBoard of DirectorsSustainability",
    "link": "https://veratx.com/about/",
    "timestamp": "unknown"
  },
  {
    "title": "Overview",
    "link": "https://veratx.com/about/",
    "timestamp": "unknown"
  },
  {
    "title": "Leadership",
    "link": "https://veratx.com/about/#leadership",
    "timestamp": "unknown"
  },
  {
    "title": "Board of Directors",
    "link": "https://veratx.com/about#board",
    "timestamp": "unknown"
  },
  {
    "title": "Sustainability",
    "link": "https://veratx.com/sustainability/",
    "timestamp": "unknown"
  },
  {
    "title": "ScienceAtacicept in IgANPhase 2b Clinical DataPhase  Clinical TrialAtacicept in LNMAU868Publications",
    "link": "https://veratx.com/science/",
    "timestamp": "unknown"
  },
  {
    "title": "Atacicept in IgANPhase 2b Clinical DataPhase  Clinical Trial",
    "link": "https://veratx.com/science/atacicept-in-igan/",
    "timestamp": "unknown"
  },
  {
    "title": "Phase 2b Clinical Data",
    "link": "https://veratx.com/science/atacicept-in-igan/#clinical-data-2b",
    "timestamp": "unknown"
  },
  {
    "title": "Phase  Clinical Trial",
    "link": "https://veratx.com/science/atacicept-in-igan/#phase-",
    "timestamp": "unknown"
  },
  {
    "title": "Atacicept in LN",
    "link": "https://veratx.com/science/atacicept-in-ln/",
    "timestamp": "unknown"
  },
  {
    "title": "MAU868",
    "link": "https://veratx.com/mau868/",
    "timestamp": "unknown"
  },
  {
    "title": "Publications",
    "link": "https://veratx.com/publications/",
    "timestamp": "unknown"
  },
  {
    "title": "PatientsIgANBKV",
    "link": "https://veratx.com/patients/",
    "timestamp": "unknown"
  },
  {
    "title": "IgAN",
    "link": "https://veratx.com/patients/#igan",
    "timestamp": "unknown"
  },
  {
    "title": "BKV",
    "link": "https://veratx.com/patients/#bkv",
    "timestamp": "unknown"
  },
  {
    "title": "CareersOpen PositionsBenefitsValuesEmployee Spotlights",
    "link": "https://veratx.com/careers/",
    "timestamp": "unknown"
  },
  {
    "title": "Open Positions",
    "link": "https://veratx.com/careers/#open-positions",
    "timestamp": "unknown"
  },
  {
    "title": "Benefits",
    "link": "https://veratx.com/careers/#benefits",
    "timestamp": "unknown"
  },
  {
    "title": "Values",
    "link": "https://veratx.com/careers/#values",
    "timestamp": "unknown"
  },
  {
    "title": "Employee Spotlights",
    "link": "https://veratx.com/careers/#spotlights",
    "timestamp": "unknown"
  },
  {
    "title": "Investors",
    "link": "https://ir.veratx.com/",
    "timestamp": "unknown"
  },
  {
    "title": "Contact",
    "link": "https://veratx.com/contact/",
    "timestamp": "unknown"
  },
  {
    "title": "InvestorsOverviewStock InformationNewsInvestor CalendarPresentationsFinancial InformationAnalyst CoverageCorporate GovernanceGovernance OverviewManage",
    "link": "https://ir.veratx.com/",
    "timestamp": "unknown"
  },
  {
    "title": "InvestorsOverviewStock InformationNewsInvestor CalendarPresentationsFinancial InformationAnalyst CoverageCorporate GovernanceGovernance OverviewManage",
    "link": "https://ir.veratx.com/",
    "timestamp": "unknown"
  },
  {
    "title": "Overview",
    "link": "https://ir.veratx.com/",
    "timestamp": "unknown"
  },
  {
    "title": "Stock Information",
    "link": "https://ir.veratx.com/stock-information/stock-quote-chart",
    "timestamp": "unknown"
  },
  {
    "title": "News",
    "link": "https://ir.veratx.com/news-events/news-releases",
    "timestamp": "unknown"
  },
  {
    "title": "Investor Calendar",
    "link": "https://ir.veratx.com/news-events/investor-calendar",
    "timestamp": "unknown"
  },
  {
    "title": "Presentations",
    "link": "https://ir.veratx.com/news-events/presentations",
    "timestamp": "unknown"
  },
  {
    "title": "Financial Information",
    "link": "https://ir.veratx.com/financial-information/sec-filings",
    "timestamp": "unknown"
  },
  {
    "title": "Analyst Coverage",
    "link": "https://ir.veratx.com/stock-information/analyst-coverage",
    "timestamp": "unknown"
  },
  {
    "title": "Corporate GovernanceGovernance OverviewManagementBoard of DirectorsCommittee Composition",
    "link": "https://ir.veratx.com/corporate-governance/governance-highlights",
    "timestamp": "unknown"
  },
  {
    "title": "Governance Overview",
    "link": "https://ir.veratx.com/corporate-governance/governance-highlights",
    "timestamp": "unknown"
  },
  {
    "title": "Management",
    "link": "https://veratx.com/about/#management",
    "timestamp": "unknown"
  },
  {
    "title": "Board of Directors",
    "link": "https://veratx.com/about#board",
    "timestamp": "unknown"
  },
  {
    "title": "Committee Composition",
    "link": "https://ir.veratx.com/corporate-governance/committee-composition",
    "timestamp": "unknown"
  },
  {
    "title": "Investor ResourcesInvestor FAQsEmail AlertsContact IR",
    "link": "https://ir.veratx.com/investor-resources/investor-faq",
    "timestamp": "unknown"
  },
  {
    "title": "Investor FAQs",
    "link": "https://ir.veratx.com/investor-resources/investor-faq",
    "timestamp": "unknown"
  },
  {
    "title": "Email Alerts",
    "link": "https://ir.veratx.com/investor-resources/email-alerts",
    "timestamp": "unknown"
  },
  {
    "title": "Contact IR",
    "link": "https://ir.veratx.com/investor-resources/contact-ir",
    "timestamp": "unknown"
  },
  {
    "title": "Past EventsJune ,  at  EDTVirtual Investor Event: ORIGIN Phase  Topline ResultsListen to webcastMarch ,  at  ESTTD Cowen 45th Annual Health Care Confe",
    "link": "https://ir.veratx.com/events/event-details/virtual-investor-event-origin-phase--topline-results",
    "timestamp": "unknown"
  },
  {
    "title": "Past EventsJune ,  at  EDTVirtual Investor Event: ORIGIN Phase  Topline ResultsListen to webcastMarch ,  at  ESTTD Cowen 45th Annual Health Care Confe",
    "link": "https://ir.veratx.com/events/event-details/virtual-investor-event-origin-phase--topline-results",
    "timestamp": "unknown"
  },
  {
    "title": "Past EventsJune ,  at  EDTVirtual Investor Event: ORIGIN Phase  Topline ResultsListen to webcastMarch ,  at  ESTTD Cowen 45th Annual Health Care Confe",
    "link": "https://ir.veratx.com/events/event-details/virtual-investor-event-origin-phase--topline-results",
    "timestamp": "unknown"
  },
  {
    "title": "Past EventsJune ,  at  EDTVirtual Investor Event: ORIGIN Phase  Topline ResultsListen to webcastMarch ,  at  ESTTD Cowen 45th Annual Health Care Confe",
    "link": "https://ir.veratx.com/events/event-details/virtual-investor-event-origin-phase--topline-results",
    "timestamp": "unknown"
  },
  {
    "title": "Past EventsJune ,  at  EDTVirtual Investor Event: ORIGIN Phase  Topline ResultsListen to webcastMarch ,  at  ESTTD Cowen 45th Annual Health Care Confe",
    "link": "https://ir.veratx.com/events/event-details/virtual-investor-event-origin-phase--topline-results",
    "timestamp": "unknown"
  },
  {
    "title": "Past EventsJune ,  at  EDTVirtual Investor Event: ORIGIN Phase  Topline ResultsListen to webcastMarch ,  at  ESTTD Cowen 45th Annual Health Care Confe",
    "link": "https://ir.veratx.com/events/event-details/virtual-investor-event-origin-phase--topline-results",
    "timestamp": "unknown"
  },
  {
    "title": "Past EventsJune ,  at  EDTVirtual Investor Event: ORIGIN Phase  Topline ResultsListen to webcastMarch ,  at  ESTTD Cowen 45th Annual Health Care Confe",
    "link": "https://ir.veratx.com/events/event-details/virtual-investor-event-origin-phase--topline-results",
    "timestamp": "unknown"
  },
  {
    "title": "Past EventsJune ,  at  EDTVirtual Investor Event: ORIGIN Phase  Topline ResultsListen to webcastMarch ,  at  ESTTD Cowen 45th Annual Health Care Confe",
    "link": "https://ir.veratx.com/events/event-details/virtual-investor-event-origin-phase--topline-results",
    "timestamp": "unknown"
  },
  {
    "title": "Past EventsJune ,  at  EDTVirtual Investor Event: ORIGIN Phase  Topline ResultsListen to webcastMarch ,  at  ESTTD Cowen 45th Annual Health Care Confe",
    "link": "https://ir.veratx.com/events/event-details/virtual-investor-event-origin-phase--topline-results",
    "timestamp": "unknown"
  },
  {
    "title": "Past EventsJune ,  at  EDTVirtual Investor Event: ORIGIN Phase  Topline ResultsListen to webcastMarch ,  at  ESTTD Cowen 45th Annual Health Care Confe",
    "link": "https://ir.veratx.com/events/event-details/virtual-investor-event-origin-phase--topline-results",
    "timestamp": "unknown"
  },
  {
    "title": "Past EventsJune ,  at  EDTVirtual Investor Event: ORIGIN Phase  Topline ResultsListen to webcastMarch ,  at  ESTTD Cowen 45th Annual Health Care Confe",
    "link": "https://ir.veratx.com/events/event-details/virtual-investor-event-origin-phase--topline-results",
    "timestamp": "unknown"
  },
  {
    "title": "Past EventsJune ,  at  EDTVirtual Investor Event: ORIGIN Phase  Topline ResultsListen to webcastMarch ,  at  ESTTD Cowen 45th Annual Health Care Confe",
    "link": "https://ir.veratx.com/events/event-details/virtual-investor-event-origin-phase--topline-results",
    "timestamp": "unknown"
  },
  {
    "title": "Past EventsJune ,  at  EDTVirtual Investor Event: ORIGIN Phase  Topline ResultsListen to webcastMarch ,  at  ESTTD Cowen 45th Annual Health Care Confe",
    "link": "https://ir.veratx.com/events/event-details/virtual-investor-event-origin-phase--topline-results",
    "timestamp": "unknown"
  },
  {
    "title": "Past EventsJune ,  at  EDTVirtual Investor Event: ORIGIN Phase  Topline ResultsListen to webcastMarch ,  at  ESTTD Cowen 45th Annual Health Care Confe",
    "link": "https://ir.veratx.com/events/event-details/virtual-investor-event-origin-phase--topline-results",
    "timestamp": "unknown"
  },
  {
    "title": "June ,  at  EDTVirtual Investor Event: ORIGIN Phase  Topline ResultsListen to webcastMarch ,  at  ESTTD Cowen 45th Annual Health Care ConferenceListen",
    "link": "https://ir.veratx.com/events/event-details/virtual-investor-event-origin-phase--topline-results",
    "timestamp": "unknown"
  },
  {
    "title": "June ,  at  EDTVirtual Investor Event: ORIGIN Phase  Topline ResultsListen to webcastMarch ,  at  ESTTD Cowen 45th Annual Health Care ConferenceListen",
    "link": "https://ir.veratx.com/events/event-details/virtual-investor-event-origin-phase--topline-results",
    "timestamp": "unknown"
  },
  {
    "title": "June ,  at  EDTVirtual Investor Event: ORIGIN Phase  Topline ResultsListen to webcast",
    "link": "https://ir.veratx.com/events/event-details/virtual-investor-event-origin-phase--topline-results",
    "timestamp": "unknown"
  },
  {
    "title": "Virtual Investor Event: ORIGIN Phase  Topline Results",
    "link": "https://ir.veratx.com/events/event-details/virtual-investor-event-origin-phase--topline-results",
    "timestamp": "unknown"
  },
  {
    "title": "Virtual Investor Event: ORIGIN Phase  Topline Results",
    "link": "https://ir.veratx.com/events/event-details/virtual-investor-event-origin-phase--topline-results",
    "timestamp": "unknown"
  },
  {
    "title": "Virtual Investor Event: ORIGIN Phase  Topline Results",
    "link": "https://ir.veratx.com/events/event-details/virtual-investor-event-origin-phase--topline-results",
    "timestamp": "unknown"
  },
  {
    "title": "Listen to webcast",
    "link": "https://viavid.webcasts.com/starthere.jsp?ei=&tp_key=818ddad936",
    "timestamp": "unknown"
  },
  {
    "title": "Listen to webcast",
    "link": "https://viavid.webcasts.com/starthere.jsp?ei=&tp_key=818ddad936",
    "timestamp": "unknown"
  },
  {
    "title": "Listen to webcast",
    "link": "https://viavid.webcasts.com/starthere.jsp?ei=&tp_key=818ddad936",
    "timestamp": "unknown"
  },
  {
    "title": "March ,  at  ESTTD Cowen 45th Annual Health Care ConferenceListen to webcast",
    "link": "https://ir.veratx.com/events/event-details/td-cowen-45th-annual-health-care-conference",
    "timestamp": "unknown"
  },
  {
    "title": "TD Cowen 45th Annual Health Care Conference",
    "link": "https://ir.veratx.com/events/event-details/td-cowen-45th-annual-health-care-conference",
    "timestamp": "unknown"
  },
  {
    "title": "TD Cowen 45th Annual Health Care Conference",
    "link": "https://ir.veratx.com/events/event-details/td-cowen-45th-annual-health-care-conference",
    "timestamp": "unknown"
  },
  {
    "title": "TD Cowen 45th Annual Health Care Conference",
    "link": "https://ir.veratx.com/events/event-details/td-cowen-45th-annual-health-care-conference",
    "timestamp": "unknown"
  },
  {
    "title": "Listen to webcast",
    "link": "https://wsw.com/webcast/cowen177/vera/",
    "timestamp": "unknown"
  },
  {
    "title": "Listen to webcast",
    "link": "https://wsw.com/webcast/cowen177/vera/",
    "timestamp": "unknown"
  },
  {
    "title": "Listen to webcast",
    "link": "https://wsw.com/webcast/cowen177/vera/",
    "timestamp": "unknown"
  },
  {
    "title": "January ,  at  EST43rd Annual J.P. Morgan Healthcare ConferenceListen to webcast",
    "link": "https://ir.veratx.com/events/event-details/43rd-annual-jp-morgan-healthcare-conference",
    "timestamp": "unknown"
  },
  {
    "title": "43rd Annual J.P. Morgan Healthcare Conference",
    "link": "https://ir.veratx.com/events/event-details/43rd-annual-jp-morgan-healthcare-conference",
    "timestamp": "unknown"
  },
  {
    "title": "43rd Annual J.P. Morgan Healthcare Conference",
    "link": "https://ir.veratx.com/events/event-details/43rd-annual-jp-morgan-healthcare-conference",
    "timestamp": "unknown"
  },
  {
    "title": "43rd Annual J.P. Morgan Healthcare Conference",
    "link": "https://ir.veratx.com/events/event-details/43rd-annual-jp-morgan-healthcare-conference",
    "timestamp": "unknown"
  },
  {
    "title": "Listen to webcast",
    "link": "https://jpmorgan.metameetings.net/events/healthcare25/sessions/-vera-therapeutics/webcast/general_signin?gpu_only=true&kiosk=true",
    "timestamp": "unknown"
  },
  {
    "title": "Listen to webcast",
    "link": "https://jpmorgan.metameetings.net/events/healthcare25/sessions/-vera-therapeutics/webcast/general_signin?gpu_only=true&kiosk=true",
    "timestamp": "unknown"
  },
  {
    "title": "Listen to webcast",
    "link": "https://jpmorgan.metameetings.net/events/healthcare25/sessions/-vera-therapeutics/webcast/general_signin?gpu_only=true&kiosk=true",
    "timestamp": "unknown"
  },
  {
    "title": "December ,  at  EST7th Annual Evercore ISI HealthCONx ConferenceListen to webcast",
    "link": "https://ir.veratx.com/events/event-details/7th-annual-evercore-isi-healthconx-conference",
    "timestamp": "unknown"
  },
  {
    "title": "7th Annual Evercore ISI HealthCONx Conference",
    "link": "https://ir.veratx.com/events/event-details/7th-annual-evercore-isi-healthconx-conference",
    "timestamp": "unknown"
  },
  {
    "title": "7th Annual Evercore ISI HealthCONx Conference",
    "link": "https://ir.veratx.com/events/event-details/7th-annual-evercore-isi-healthconx-conference",
    "timestamp": "unknown"
  },
  {
    "title": "7th Annual Evercore ISI HealthCONx Conference",
    "link": "https://ir.veratx.com/events/event-details/7th-annual-evercore-isi-healthconx-conference",
    "timestamp": "unknown"
  },
  {
    "title": "Listen to webcast",
    "link": "https://wsw.com/webcast/evercore44/vera/",
    "timestamp": "unknown"
  },
  {
    "title": "Listen to webcast",
    "link": "https://wsw.com/webcast/evercore44/vera/",
    "timestamp": "unknown"
  },
  {
    "title": "Listen to webcast",
    "link": "https://wsw.com/webcast/evercore44/vera/",
    "timestamp": "unknown"
  },
  {
    "title": "November ,  at  ESTGuggenheim Securities Healthcare Innovation ConferenceListen to webcast",
    "link": "https://ir.veratx.com/events/event-details/guggenheim-securities-healthcare-innovation-conference",
    "timestamp": "unknown"
  },
  {
    "title": "Guggenheim Securities Healthcare Innovation Conference",
    "link": "https://ir.veratx.com/events/event-details/guggenheim-securities-healthcare-innovation-conference",
    "timestamp": "unknown"
  },
  {
    "title": "Guggenheim Securities Healthcare Innovation Conference",
    "link": "https://ir.veratx.com/events/event-details/guggenheim-securities-healthcare-innovation-conference",
    "timestamp": "unknown"
  },
  {
    "title": "Guggenheim Securities Healthcare Innovation Conference",
    "link": "https://ir.veratx.com/events/event-details/guggenheim-securities-healthcare-innovation-conference",
    "timestamp": "unknown"
  },
  {
    "title": "Listen to webcast",
    "link": "https://wsw.com/webcast/guggen/vera/",
    "timestamp": "unknown"
  },
  {
    "title": "Listen to webcast",
    "link": "https://wsw.com/webcast/guggen/vera/",
    "timestamp": "unknown"
  },
  {
    "title": "Listen to webcast",
    "link": "https://wsw.com/webcast/guggen/vera/",
    "timestamp": "unknown"
  },
  {
    "title": "October ,  at  EDTVirtual Investor Event: Long-Term Results from Phase 2b ORIGIN Study of Atacicept in IgAN Presented at ASN Kidney Week",
    "link": "https://ir.veratx.com/events/event-details/virtual-investor-event-long-term-results-phase-2b-origin-study-atacicept-igan",
    "timestamp": "unknown"
  },
  {
    "title": "Virtual Investor Event: Long-Term Results from Phase 2b ORIGIN Study of Atacicept in IgAN Presented at ASN Kidney Week",
    "link": "https://ir.veratx.com/events/event-details/virtual-investor-event-long-term-results-phase-2b-origin-study-atacicept-igan",
    "timestamp": "unknown"
  },
  {
    "title": "Virtual Investor Event: Long-Term Results from Phase 2b ORIGIN Study of Atacicept in IgAN Presented at ASN Kidney Week",
    "link": "https://ir.veratx.com/events/event-details/virtual-investor-event-long-term-results-phase-2b-origin-study-atacicept-igan",
    "timestamp": "unknown"
  },
  {
    "title": "Virtual Investor Event: Long-Term Results from Phase 2b ORIGIN Study of Atacicept in IgAN Presented at ASN Kidney Week",
    "link": "https://ir.veratx.com/events/event-details/virtual-investor-event-long-term-results-phase-2b-origin-study-atacicept-igan",
    "timestamp": "unknown"
  },
  {
    "title": "October ,  at  EDTR&D Day",
    "link": "https://ir.veratx.com/events/event-details/rd-day-",
    "timestamp": "unknown"
  },
  {
    "title": "R&D Day",
    "link": "https://ir.veratx.com/events/event-details/rd-day-",
    "timestamp": "unknown"
  },
  {
    "title": "R&D Day",
    "link": "https://ir.veratx.com/events/event-details/rd-day-",
    "timestamp": "unknown"
  },
  {
    "title": "R&D Day",
    "link": "https://ir.veratx.com/events/event-details/rd-day-",
    "timestamp": "unknown"
  },
  {
    "title": "September ,  at  EDTCantor Global Healthcare ConferenceListen to webcast",
    "link": "https://ir.veratx.com/events/event-details/cantor-global-healthcare-conference",
    "timestamp": "unknown"
  },
  {
    "title": "Cantor Global Healthcare Conference",
    "link": "https://ir.veratx.com/events/event-details/cantor-global-healthcare-conference",
    "timestamp": "unknown"
  },
  {
    "title": "Cantor Global Healthcare Conference",
    "link": "https://ir.veratx.com/events/event-details/cantor-global-healthcare-conference",
    "timestamp": "unknown"
  },
  {
    "title": "Cantor Global Healthcare Conference",
    "link": "https://ir.veratx.com/events/event-details/cantor-global-healthcare-conference",
    "timestamp": "unknown"
  },
  {
    "title": "Listen to webcast",
    "link": "https://wsw.com/webcast/cantor22/vera/",
    "timestamp": "unknown"
  },
  {
    "title": "Listen to webcast",
    "link": "https://wsw.com/webcast/cantor22/vera/",
    "timestamp": "unknown"
  },
  {
    "title": "Listen to webcast",
    "link": "https://wsw.com/webcast/cantor22/vera/",
    "timestamp": "unknown"
  },
  {
    "title": "March ,  at  EST44th Annual TD Cowen Health Care ConferenceListen to webcast",
    "link": "https://ir.veratx.com/events/event-details/44th-annual-td-cowen-health-care-conference",
    "timestamp": "unknown"
  },
  {
    "title": "44th Annual TD Cowen Health Care Conference",
    "link": "https://ir.veratx.com/events/event-details/44th-annual-td-cowen-health-care-conference",
    "timestamp": "unknown"
  },
  {
    "title": "44th Annual TD Cowen Health Care Conference",
    "link": "https://ir.veratx.com/events/event-details/44th-annual-td-cowen-health-care-conference",
    "timestamp": "unknown"
  },
  {
    "title": "44th Annual TD Cowen Health Care Conference",
    "link": "https://ir.veratx.com/events/event-details/44th-annual-td-cowen-health-care-conference",
    "timestamp": "unknown"
  },
  {
    "title": "Listen to webcast",
    "link": "https://wsw.com/webcast/cowen154/vera/",
    "timestamp": "unknown"
  },
  {
    "title": "Listen to webcast",
    "link": "https://wsw.com/webcast/cowen154/vera/",
    "timestamp": "unknown"
  },
  {
    "title": "Listen to webcast",
    "link": "https://wsw.com/webcast/cowen154/vera/",
    "timestamp": "unknown"
  },
  {
    "title": "January ,  at  ESTR&D Day",
    "link": "https://ir.veratx.com/events/event-details/rd-day",
    "timestamp": "unknown"
  },
  {
    "title": "R&D Day",
    "link": "https://ir.veratx.com/events/event-details/rd-day",
    "timestamp": "unknown"
  },
  {
    "title": "R&D Day",
    "link": "https://ir.veratx.com/events/event-details/rd-day",
    "timestamp": "unknown"
  },
  {
    "title": "R&D Day",
    "link": "https://ir.veratx.com/events/event-details/rd-day",
    "timestamp": "unknown"
  },
  {
    "title": "PaginationCurrent pagePagePageNext pagenext \u203aLast pagelast \u00bb",
    "link": "https://ir.veratx.com/news-events/investor-calendar?page=%2C0%2C0",
    "timestamp": "unknown"
  },
  {
    "title": "Current page",
    "link": "https://ir.veratx.com/news-events/investor-calendar?page=%2C0%2C0",
    "timestamp": "unknown"
  },
  {
    "title": "Page",
    "link": "https://ir.veratx.com/news-events/investor-calendar?page=%2C1%2C0",
    "timestamp": "unknown"
  },
  {
    "title": "Page",
    "link": "https://ir.veratx.com/news-events/investor-calendar?page=%2C2%2C0",
    "timestamp": "unknown"
  },
  {
    "title": "Next pagenext \u203a",
    "link": "https://ir.veratx.com/news-events/investor-calendar?page=%2C1%2C0",
    "timestamp": "unknown"
  },
  {
    "title": "Last pagelast \u00bb",
    "link": "https://ir.veratx.com/news-events/investor-calendar?page=%2C2%2C0",
    "timestamp": "unknown"
  },
  {
    "title": "info@veratx.com() -Sierra Point Parkway,SuiteBrisbane, CACopyright \u00a9Vera Therapeutics.All Rights Reserved.Privacy Policy\u2013Terms of Use",
    "link": "https://veratx.com/",
    "timestamp": "unknown"
  },
  {
    "title": "info@veratx.com() -Sierra Point Parkway,SuiteBrisbane, CA",
    "link": "https://veratx.com/",
    "timestamp": "unknown"
  },
  {
    "title": "info@veratx.com() -",
    "link": "mailto:info@veratx.com",
    "timestamp": "unknown"
  },
  {
    "title": "info@veratx.com() -",
    "link": "mailto:info@veratx.com",
    "timestamp": "unknown"
  },
  {
    "title": "Copyright \u00a9Vera Therapeutics.All Rights Reserved.Privacy Policy\u2013Terms of Use",
    "link": "http://veratx.com/privacy-policy/",
    "timestamp": "unknown"
  },
  {
    "title": "All Rights Reserved.Privacy Policy\u2013Terms of Use",
    "link": "http://veratx.com/privacy-policy/",
    "timestamp": "unknown"
  },
  {
    "title": "All Rights Reserved.Privacy Policy\u2013Terms of Use",
    "link": "http://veratx.com/privacy-policy/",
    "timestamp": "unknown"
  },
  {
    "title": "All Rights Reserved.Privacy Policy\u2013Terms of Use",
    "link": "http://veratx.com/privacy-policy/",
    "timestamp": "unknown"
  }
]