[
  {
    "title": "About UsScience & InnovationOverviewOur PipelinePatientsCareersInvestorsOverviewNews ReleasesEvents & PresentationsAnalyst CoverageCorporate Governanc",
    "link": "https://www.vorbio.com/",
    "timestamp": "unknown"
  },
  {
    "title": "About UsScience & InnovationOverviewOur PipelinePatientsCareersInvestorsOverviewNews ReleasesEvents & PresentationsAnalyst CoverageCorporate Governanc",
    "link": "https://www.vorbio.com/about/",
    "timestamp": "unknown"
  },
  {
    "title": "About Us",
    "link": "https://www.vorbio.com/about/",
    "timestamp": "unknown"
  },
  {
    "title": "Science & InnovationOverviewOur Pipeline",
    "link": "https://ir.vorbio.com/news-releases/",
    "timestamp": "unknown"
  },
  {
    "title": "Overview",
    "link": "https://www.vorbio.com/science-innovation/",
    "timestamp": "unknown"
  },
  {
    "title": "Our Pipeline",
    "link": "https://www.vorbio.com/our-pipeline/",
    "timestamp": "unknown"
  },
  {
    "title": "Patients",
    "link": "https://www.vorbio.com/patients/",
    "timestamp": "unknown"
  },
  {
    "title": "Careers",
    "link": "https://www.vorbio.com/careers/",
    "timestamp": "unknown"
  },
  {
    "title": "InvestorsOverviewNews ReleasesEvents & PresentationsAnalyst CoverageCorporate GovernanceSEC FilingsContact IREmail Alerts",
    "link": "https://ir.vorbio.com/news-releases/",
    "timestamp": "unknown"
  },
  {
    "title": "Overview",
    "link": "https://ir.vorbio.com/",
    "timestamp": "unknown"
  },
  {
    "title": "News Releases",
    "link": "https://ir.vorbio.com/news-releases/",
    "timestamp": "unknown"
  },
  {
    "title": "Events & Presentations",
    "link": "https://ir.vorbio.com/events-presentations/",
    "timestamp": "unknown"
  },
  {
    "title": "Analyst Coverage",
    "link": "https://ir.vorbio.com/analyst-coverage/",
    "timestamp": "unknown"
  },
  {
    "title": "Corporate Governance",
    "link": "https://ir.vorbio.com/corporate-governance/",
    "timestamp": "unknown"
  },
  {
    "title": "SEC Filings",
    "link": "https://ir.vorbio.com/sec-filings/",
    "timestamp": "unknown"
  },
  {
    "title": "Contact IR",
    "link": "https://ir.vorbio.com/contact-ir/",
    "timestamp": "unknown"
  },
  {
    "title": "Email Alerts",
    "link": "https://ir.vorbio.com/email-alerts/",
    "timestamp": "unknown"
  },
  {
    "title": "Contact",
    "link": "https://www.vorbio.com/contact/",
    "timestamp": "unknown"
  },
  {
    "title": "News ReleasesYearNoneSeptember ,Vor Bio Announces Late-Breaking Poster Presentation of Phase  Primary Sj\u00f6gren\u2019s Disease Clinical Study at ACR Converge",
    "link": "https://ir.vorbio.com/news-releases/news-release-details/vor-bio-announces-late-breaking-poster-presentation-phase-",
    "timestamp": "unknown"
  },
  {
    "title": "YearNoneSeptember ,Vor Bio Announces Late-Breaking Poster Presentation of Phase  Primary Sj\u00f6gren\u2019s Disease Clinical Study at ACR ConvergenceRead MoreS",
    "link": "https://ir.vorbio.com/news-releases/news-release-details/vor-bio-announces-late-breaking-poster-presentation-phase-",
    "timestamp": "unknown"
  },
  {
    "title": "YearNoneSeptember ,Vor Bio Announces Late-Breaking Poster Presentation of Phase  Primary Sj\u00f6gren\u2019s Disease Clinical Study at ACR ConvergenceRead MoreS",
    "link": "https://ir.vorbio.com/news-releases/news-release-details/vor-bio-announces-late-breaking-poster-presentation-phase-",
    "timestamp": "unknown"
  },
  {
    "title": "YearNoneSeptember ,Vor Bio Announces Late-Breaking Poster Presentation of Phase  Primary Sj\u00f6gren\u2019s Disease Clinical Study at ACR ConvergenceRead MoreS",
    "link": "https://ir.vorbio.com/news-releases/news-release-details/vor-bio-announces-late-breaking-poster-presentation-phase-",
    "timestamp": "unknown"
  },
  {
    "title": "YearNoneSeptember ,Vor Bio Announces Late-Breaking Poster Presentation of Phase  Primary Sj\u00f6gren\u2019s Disease Clinical Study at ACR ConvergenceRead MoreS",
    "link": "https://ir.vorbio.com/news-releases/news-release-details/vor-bio-announces-late-breaking-poster-presentation-phase-",
    "timestamp": "unknown"
  },
  {
    "title": "YearNoneSeptember ,Vor Bio Announces Late-Breaking Poster Presentation of Phase  Primary Sj\u00f6gren\u2019s Disease Clinical Study at ACR ConvergenceRead MoreS",
    "link": "https://ir.vorbio.com/news-releases/news-release-details/vor-bio-announces-late-breaking-poster-presentation-phase-",
    "timestamp": "unknown"
  },
  {
    "title": "YearNoneSeptember ,Vor Bio Announces Late-Breaking Poster Presentation of Phase  Primary Sj\u00f6gren\u2019s Disease Clinical Study at ACR ConvergenceRead MoreS",
    "link": "https://ir.vorbio.com/news-releases/news-release-details/vor-bio-announces-late-breaking-poster-presentation-phase-",
    "timestamp": "unknown"
  },
  {
    "title": "YearNoneSeptember ,Vor Bio Announces Late-Breaking Poster Presentation of Phase  Primary Sj\u00f6gren\u2019s Disease Clinical Study at ACR ConvergenceRead MoreS",
    "link": "https://ir.vorbio.com/news-releases/news-release-details/vor-bio-announces-late-breaking-poster-presentation-phase-",
    "timestamp": "unknown"
  },
  {
    "title": "YearNoneSeptember ,Vor Bio Announces Late-Breaking Poster Presentation of Phase  Primary Sj\u00f6gren\u2019s Disease Clinical Study at ACR ConvergenceRead MoreS",
    "link": "https://ir.vorbio.com/news-releases/news-release-details/vor-bio-announces-late-breaking-poster-presentation-phase-",
    "timestamp": "unknown"
  },
  {
    "title": "YearNoneSeptember ,Vor Bio Announces Late-Breaking Poster Presentation of Phase  Primary Sj\u00f6gren\u2019s Disease Clinical Study at ACR ConvergenceRead MoreS",
    "link": "https://ir.vorbio.com/news-releases/news-release-details/vor-bio-announces-late-breaking-poster-presentation-phase-",
    "timestamp": "unknown"
  },
  {
    "title": "YearNoneSeptember ,Vor Bio Announces Late-Breaking Poster Presentation of Phase  Primary Sj\u00f6gren\u2019s Disease Clinical Study at ACR ConvergenceRead MoreS",
    "link": "https://ir.vorbio.com/news-releases/news-release-details/vor-bio-announces-late-breaking-poster-presentation-phase-",
    "timestamp": "unknown"
  },
  {
    "title": "YearNoneSeptember ,Vor Bio Announces Late-Breaking Poster Presentation of Phase  Primary Sj\u00f6gren\u2019s Disease Clinical Study at ACR ConvergenceRead MoreS",
    "link": "https://ir.vorbio.com/news-releases/news-release-details/vor-bio-announces-late-breaking-poster-presentation-phase-",
    "timestamp": "unknown"
  },
  {
    "title": "YearNoneSeptember ,Vor Bio Announces Late-Breaking Poster Presentation of Phase  Primary Sj\u00f6gren\u2019s Disease Clinical Study at ACR ConvergenceRead MoreS",
    "link": "https://ir.vorbio.com/news-releases/news-release-details/vor-bio-announces-late-breaking-poster-presentation-phase-",
    "timestamp": "unknown"
  },
  {
    "title": "YearNoneSeptember ,Vor Bio Announces Late-Breaking Poster Presentation of Phase  Primary Sj\u00f6gren\u2019s Disease Clinical Study at ACR ConvergenceRead MoreS",
    "link": "https://ir.vorbio.com/news-releases/news-release-details/vor-bio-announces-late-breaking-poster-presentation-phase-",
    "timestamp": "unknown"
  },
  {
    "title": "YearNoneSeptember ,Vor Bio Announces Late-Breaking Poster Presentation of Phase  Primary Sj\u00f6gren\u2019s Disease Clinical Study at ACR ConvergenceRead MoreS",
    "link": "https://ir.vorbio.com/news-releases/news-release-details/vor-bio-announces-late-breaking-poster-presentation-phase-",
    "timestamp": "unknown"
  },
  {
    "title": "September ,Vor Bio Announces Late-Breaking Poster Presentation of Phase  Primary Sj\u00f6gren\u2019s Disease Clinical Study at ACR ConvergenceRead MoreSeptember",
    "link": "https://ir.vorbio.com/news-releases/news-release-details/vor-bio-announces-late-breaking-poster-presentation-phase-",
    "timestamp": "unknown"
  },
  {
    "title": "September ,Vor Bio Announces Late-Breaking Poster Presentation of Phase  Primary Sj\u00f6gren\u2019s Disease Clinical Study at ACR ConvergenceRead More",
    "link": "https://ir.vorbio.com/news-releases/news-release-details/vor-bio-announces-late-breaking-poster-presentation-phase-",
    "timestamp": "unknown"
  },
  {
    "title": "Vor Bio Announces Late-Breaking Poster Presentation of Phase  Primary Sj\u00f6gren\u2019s Disease Clinical Study at ACR Convergence",
    "link": "https://ir.vorbio.com/news-releases/news-release-details/vor-bio-announces-late-breaking-poster-presentation-phase-",
    "timestamp": "unknown"
  },
  {
    "title": "Read More",
    "link": "https://ir.vorbio.com/news-releases/news-release-details/vor-bio-announces-late-breaking-poster-presentation-phase-",
    "timestamp": "unknown"
  },
  {
    "title": "September ,Vor Bio Appoints Navid Z. Khan, Ph.D., as Chief Medical Affairs OfficerRead More",
    "link": "https://ir.vorbio.com/news-releases/news-release-details/vor-bio-appoints-navid-z-khan-phd-chief-medical-affairs-officer",
    "timestamp": "unknown"
  },
  {
    "title": "Vor Bio Appoints Navid Z. Khan, Ph.D., as Chief Medical Affairs Officer",
    "link": "https://ir.vorbio.com/news-releases/news-release-details/vor-bio-appoints-navid-z-khan-phd-chief-medical-affairs-officer",
    "timestamp": "unknown"
  },
  {
    "title": "Read More",
    "link": "https://ir.vorbio.com/news-releases/news-release-details/vor-bio-appoints-navid-z-khan-phd-chief-medical-affairs-officer",
    "timestamp": "unknown"
  },
  {
    "title": "September ,Vor Bio Announces Oral Presentation of -Week China Phase  Generalized Myasthenia Gravis Clinical Study at AANEMRead More",
    "link": "https://ir.vorbio.com/news-releases/news-release-details/vor-bio-announces-oral-presentation--week-china-phase-",
    "timestamp": "unknown"
  },
  {
    "title": "Vor Bio Announces Oral Presentation of -Week China Phase  Generalized Myasthenia Gravis Clinical Study at AANEM",
    "link": "https://ir.vorbio.com/news-releases/news-release-details/vor-bio-announces-oral-presentation--week-china-phase-",
    "timestamp": "unknown"
  },
  {
    "title": "Read More",
    "link": "https://ir.vorbio.com/news-releases/news-release-details/vor-bio-announces-oral-presentation--week-china-phase-",
    "timestamp": "unknown"
  },
  {
    "title": "September ,Vor Bio to Participate in the Stifel\u00a0 Virtual Immunology and Inflammation ForumRead More",
    "link": "https://ir.vorbio.com/news-releases/news-release-details/vor-bio-participate-stifel--virtual-immunology-and",
    "timestamp": "unknown"
  },
  {
    "title": "Vor Bio to Participate in the Stifel\u00a0 Virtual Immunology and Inflammation Forum",
    "link": "https://ir.vorbio.com/news-releases/news-release-details/vor-bio-participate-stifel--virtual-immunology-and",
    "timestamp": "unknown"
  },
  {
    "title": "Read More",
    "link": "https://ir.vorbio.com/news-releases/news-release-details/vor-bio-participate-stifel--virtual-immunology-and",
    "timestamp": "unknown"
  },
  {
    "title": "September ,Vor Bio Appoints Adi Osovsky, S.J.D. as General CounselRead More",
    "link": "https://ir.vorbio.com/news-releases/news-release-details/vor-bio-appoints-adi-osovsky-sjd-general-counsel",
    "timestamp": "unknown"
  },
  {
    "title": "Vor Bio Appoints Adi Osovsky, S.J.D. as General Counsel",
    "link": "https://ir.vorbio.com/news-releases/news-release-details/vor-bio-appoints-adi-osovsky-sjd-general-counsel",
    "timestamp": "unknown"
  },
  {
    "title": "Read More",
    "link": "https://ir.vorbio.com/news-releases/news-release-details/vor-bio-appoints-adi-osovsky-sjd-general-counsel",
    "timestamp": "unknown"
  },
  {
    "title": "August ,Telitacicept Achieved Primary Endpoint in Phase  Clinical Study for IgA NephropathyRead More",
    "link": "https://ir.vorbio.com/news-releases/news-release-details/telitacicept-achieved-primary-endpoint-phase--clinical-study-",
    "timestamp": "unknown"
  },
  {
    "title": "Telitacicept Achieved Primary Endpoint in Phase  Clinical Study for IgA Nephropathy",
    "link": "https://ir.vorbio.com/news-releases/news-release-details/telitacicept-achieved-primary-endpoint-phase--clinical-study-",
    "timestamp": "unknown"
  },
  {
    "title": "Read More",
    "link": "https://ir.vorbio.com/news-releases/news-release-details/telitacicept-achieved-primary-endpoint-phase--clinical-study-",
    "timestamp": "unknown"
  },
  {
    "title": "August ,Vor Bio to Participate in Upcoming Investor ConferencesRead More",
    "link": "https://ir.vorbio.com/news-releases/news-release-details/vor-bio-participate-upcoming-investor-conferences-",
    "timestamp": "unknown"
  },
  {
    "title": "Vor Bio to Participate in Upcoming Investor Conferences",
    "link": "https://ir.vorbio.com/news-releases/news-release-details/vor-bio-participate-upcoming-investor-conferences-",
    "timestamp": "unknown"
  },
  {
    "title": "Read More",
    "link": "https://ir.vorbio.com/news-releases/news-release-details/vor-bio-participate-upcoming-investor-conferences-",
    "timestamp": "unknown"
  },
  {
    "title": "August ,Vor Bio Reports Inducement Grants Under Nasdaq Listing Rule (c)()Read More",
    "link": "https://ir.vorbio.com/news-releases/news-release-details/vor-bio-reports-inducement-grants-under-nasdaq-listing-rule",
    "timestamp": "unknown"
  },
  {
    "title": "Vor Bio Reports Inducement Grants Under Nasdaq Listing Rule (c)()",
    "link": "https://ir.vorbio.com/news-releases/news-release-details/vor-bio-reports-inducement-grants-under-nasdaq-listing-rule",
    "timestamp": "unknown"
  },
  {
    "title": "Read More",
    "link": "https://ir.vorbio.com/news-releases/news-release-details/vor-bio-reports-inducement-grants-under-nasdaq-listing-rule",
    "timestamp": "unknown"
  },
  {
    "title": "August ,Telitacicept Achieved Primary Endpoint in Phase  Clinical Study for Primary Sj\u00f6gren&#;s DiseaseRead More",
    "link": "https://ir.vorbio.com/news-releases/news-release-details/telitacicept-achieved-primary-endpoint-phase--clinical-study",
    "timestamp": "unknown"
  },
  {
    "title": "Telitacicept Achieved Primary Endpoint in Phase  Clinical Study for Primary Sj\u00f6gren&#;s Disease",
    "link": "https://ir.vorbio.com/news-releases/news-release-details/telitacicept-achieved-primary-endpoint-phase--clinical-study",
    "timestamp": "unknown"
  },
  {
    "title": "Read More",
    "link": "https://ir.vorbio.com/news-releases/news-release-details/telitacicept-achieved-primary-endpoint-phase--clinical-study",
    "timestamp": "unknown"
  },
  {
    "title": "August ,Vor Bio Appoints Seasoned Biotech Executive Dallan Murray as Chief Commercial OfficerRead More",
    "link": "https://ir.vorbio.com/news-releases/news-release-details/vor-bio-appoints-seasoned-biotech-executive-dallan-murray-chief",
    "timestamp": "unknown"
  },
  {
    "title": "Vor Bio Appoints Seasoned Biotech Executive Dallan Murray as Chief Commercial Officer",
    "link": "https://ir.vorbio.com/news-releases/news-release-details/vor-bio-appoints-seasoned-biotech-executive-dallan-murray-chief",
    "timestamp": "unknown"
  },
  {
    "title": "Read More",
    "link": "https://ir.vorbio.com/news-releases/news-release-details/vor-bio-appoints-seasoned-biotech-executive-dallan-murray-chief",
    "timestamp": "unknown"
  },
  {
    "title": "PaginationCurrent pagePageNext pagenext \u203aLast pagelast \u00bb",
    "link": "https://ir.vorbio.com/news-releases/?page=",
    "timestamp": "unknown"
  },
  {
    "title": "Current page",
    "link": "https://ir.vorbio.com/news-releases/?page=",
    "timestamp": "unknown"
  },
  {
    "title": "Page",
    "link": "https://ir.vorbio.com/news-releases/?page=",
    "timestamp": "unknown"
  },
  {
    "title": "Next pagenext \u203a",
    "link": "https://ir.vorbio.com/news-releases/?page=",
    "timestamp": "unknown"
  },
  {
    "title": "Last pagelast \u00bb",
    "link": "https://ir.vorbio.com/news-releases/?page=",
    "timestamp": "unknown"
  },
  {
    "title": "Shareholder ToolsPrint PageRSSEmail AlertsContact IRSearch",
    "link": "https://ir.vorbio.com/news-releases/",
    "timestamp": "unknown"
  },
  {
    "title": "Shareholder ToolsPrint PageRSSEmail AlertsContact IRSearch",
    "link": "https://ir.vorbio.com/news-releases/",
    "timestamp": "unknown"
  },
  {
    "title": "Shareholder ToolsPrint PageRSSEmail AlertsContact IRSearch",
    "link": "https://ir.vorbio.com/news-releases/",
    "timestamp": "unknown"
  },
  {
    "title": "Shareholder ToolsPrint PageRSSEmail AlertsContact IRSearch",
    "link": "https://ir.vorbio.com/news-releases/",
    "timestamp": "unknown"
  },
  {
    "title": "Print PageRSSEmail AlertsContact IRSearch",
    "link": "https://ir.vorbio.com/news-releases/",
    "timestamp": "unknown"
  },
  {
    "title": "Print Page",
    "link": "https://ir.vorbio.com/news-releases/",
    "timestamp": "unknown"
  },
  {
    "title": "RSS",
    "link": "https://ir.vorbio.com/rss",
    "timestamp": "unknown"
  },
  {
    "title": "Email Alerts",
    "link": "https://ir.vorbio.com/email-alerts",
    "timestamp": "unknown"
  },
  {
    "title": "Contact IR",
    "link": "https://ir.vorbio.com/contact-ir",
    "timestamp": "unknown"
  },
  {
    "title": "Search",
    "link": "https://ir.vorbio.com/search",
    "timestamp": "unknown"
  },
  {
    "title": "About UsScience & InnovationOur PipelinePatientsCareersInvestorsNews ReleasesEvents & PresentationsAnalyst CoverageCorporate GovernanceSEC FilingsCont",
    "link": "https://ir.vorbio.com/news-releases/",
    "timestamp": "unknown"
  },
  {
    "title": "About UsScience & InnovationOur PipelinePatientsCareersInvestorsNews ReleasesEvents & PresentationsAnalyst CoverageCorporate GovernanceSEC FilingsCont",
    "link": "https://ir.vorbio.com/news-releases/",
    "timestamp": "unknown"
  },
  {
    "title": "About UsScience & InnovationOur PipelinePatientsCareersInvestorsNews ReleasesEvents & PresentationsAnalyst CoverageCorporate GovernanceSEC FilingsCont",
    "link": "https://ir.vorbio.com/news-releases/",
    "timestamp": "unknown"
  },
  {
    "title": "About UsScience & InnovationOur PipelinePatientsCareersInvestorsNews ReleasesEvents & PresentationsAnalyst CoverageCorporate GovernanceSEC FilingsCont",
    "link": "https://ir.vorbio.com/news-releases/",
    "timestamp": "unknown"
  },
  {
    "title": "About UsScience & InnovationOur PipelinePatientsCareersInvestorsNews ReleasesEvents & PresentationsAnalyst CoverageCorporate GovernanceSEC FilingsCont",
    "link": "https://ir.vorbio.com/news-releases/",
    "timestamp": "unknown"
  },
  {
    "title": "About UsScience & InnovationOur PipelinePatientsCareersInvestorsNews ReleasesEvents & PresentationsAnalyst CoverageCorporate GovernanceSEC FilingsCont",
    "link": "https://www.vorbio.com/about/",
    "timestamp": "unknown"
  },
  {
    "title": "About UsScience & InnovationOur PipelinePatientsCareersInvestorsNews ReleasesEvents & PresentationsAnalyst CoverageCorporate GovernanceSEC FilingsCont",
    "link": "https://www.vorbio.com/about/",
    "timestamp": "unknown"
  },
  {
    "title": "About Us",
    "link": "https://www.vorbio.com/about/",
    "timestamp": "unknown"
  },
  {
    "title": "Science & Innovation",
    "link": "https://www.vorbio.com/science-innovation/",
    "timestamp": "unknown"
  },
  {
    "title": "Our Pipeline",
    "link": "https://www.vorbio.com/our-pipeline/",
    "timestamp": "unknown"
  },
  {
    "title": "Patients",
    "link": "https://www.vorbio.com/patients/",
    "timestamp": "unknown"
  },
  {
    "title": "Careers",
    "link": "https://www.vorbio.com/careers/",
    "timestamp": "unknown"
  },
  {
    "title": "InvestorsNews ReleasesEvents & PresentationsAnalyst CoverageCorporate GovernanceSEC FilingsContact IREmail Alerts",
    "link": "https://ir.vorbio.com/",
    "timestamp": "unknown"
  },
  {
    "title": "News Releases",
    "link": "https://ir.vorbio.com/news-releases/",
    "timestamp": "unknown"
  },
  {
    "title": "Events & Presentations",
    "link": "https://ir.vorbio.com/events-presentations/",
    "timestamp": "unknown"
  },
  {
    "title": "Analyst Coverage",
    "link": "https://ir.vorbio.com/analyst-coverage/",
    "timestamp": "unknown"
  },
  {
    "title": "Corporate Governance",
    "link": "https://ir.vorbio.com/corporate-governance/",
    "timestamp": "unknown"
  },
  {
    "title": "SEC Filings",
    "link": "https://ir.vorbio.com/sec-filings/",
    "timestamp": "unknown"
  },
  {
    "title": "Contact IR",
    "link": "https://ir.vorbio.com/contact-ir/",
    "timestamp": "unknown"
  },
  {
    "title": "Email Alerts",
    "link": "https://ir.vorbio.com/email-alerts/",
    "timestamp": "unknown"
  },
  {
    "title": "Contact",
    "link": "https://www.vorbio.com/contact/",
    "timestamp": "unknown"
  },
  {
    "title": "\u00a9  Vor BioPrivacy PolicyTerms of Use",
    "link": "https://www.vorbio.com/privacy-policy/",
    "timestamp": "unknown"
  },
  {
    "title": "Privacy PolicyTerms of Use",
    "link": "https://www.vorbio.com/privacy-policy/",
    "timestamp": "unknown"
  },
  {
    "title": "Privacy PolicyTerms of Use",
    "link": "https://www.vorbio.com/privacy-policy/",
    "timestamp": "unknown"
  },
  {
    "title": "Privacy Policy",
    "link": "https://www.vorbio.com/privacy-policy/",
    "timestamp": "unknown"
  },
  {
    "title": "Terms of Use",
    "link": "https://www.vorbio.com/terms-of-use/",
    "timestamp": "unknown"
  }
]