[
  {
    "title": "OverviewWhy InvestPress Releases & NewsEvents & PresentationsStock InfoStock QuoteStock ChartHistorical Stock QuoteAnalyst CoverageFinancialsQuarterly",
    "link": "https://investors.evolus.com/overview/default.aspx",
    "timestamp": "unknown"
  },
  {
    "title": "Why Invest",
    "link": "https://investors.evolus.com/why-invest/default.aspx",
    "timestamp": "unknown"
  },
  {
    "title": "Press Releases & News",
    "link": "https://investors.evolus.com/press-releases-and-news/press-releases/default.aspx",
    "timestamp": "unknown"
  },
  {
    "title": "Events & Presentations",
    "link": "https://investors.evolus.com/events-and-presentations/default.aspx",
    "timestamp": "unknown"
  },
  {
    "title": "Stock InfoStock QuoteStock ChartHistorical Stock QuoteAnalyst Coverage",
    "link": "https://investors.evolus.com/stock-info/default.aspx",
    "timestamp": "unknown"
  },
  {
    "title": "Stock Quote",
    "link": "https://investors.evolus.com/stock-info/stock-quote/default.aspx",
    "timestamp": "unknown"
  },
  {
    "title": "Stock Chart",
    "link": "https://investors.evolus.com/stock-info/stock-chart/default.aspx",
    "timestamp": "unknown"
  },
  {
    "title": "Historical Stock Quote",
    "link": "https://investors.evolus.com/stock-info/historical-stock-quote/default.aspx",
    "timestamp": "unknown"
  },
  {
    "title": "Analyst Coverage",
    "link": "https://investors.evolus.com/stock-info/analyst-coverage/default.aspx",
    "timestamp": "unknown"
  },
  {
    "title": "FinancialsQuarterly ResultsSEC FilingsHistorical Financial Tables",
    "link": "https://investors.evolus.com/financials/quarterly-results/default.aspx",
    "timestamp": "unknown"
  },
  {
    "title": "Quarterly Results",
    "link": "https://investors.evolus.com/financials/quarterly-results/default.aspx",
    "timestamp": "unknown"
  },
  {
    "title": "SEC Filings",
    "link": "https://investors.evolus.com/financials/sec-filings/default.aspx",
    "timestamp": "unknown"
  },
  {
    "title": "Historical Financial Tables",
    "link": "https://investors.evolus.com/financials/Historical-Financial-Tables/default.aspx",
    "timestamp": "unknown"
  },
  {
    "title": "GovernanceExecutive Leadership TeamBoard of DirectorsCommittee CompositionGovernance DocumentsContact the Board",
    "link": "https://investors.evolus.com/governance/governance-documents/default.aspx",
    "timestamp": "unknown"
  },
  {
    "title": "Executive Leadership Team",
    "link": "https://investors.evolus.com/governance/executive-management/default.aspx",
    "timestamp": "unknown"
  },
  {
    "title": "Board of Directors",
    "link": "https://investors.evolus.com/governance/board-of-directors/default.aspx",
    "timestamp": "unknown"
  },
  {
    "title": "Committee Composition",
    "link": "https://investors.evolus.com/governance/committee-composition/default.aspx",
    "timestamp": "unknown"
  },
  {
    "title": "Governance Documents",
    "link": "https://investors.evolus.com/governance/governance-documents/default.aspx",
    "timestamp": "unknown"
  },
  {
    "title": "Contact the Board",
    "link": "https://investors.evolus.com/governance/contact-the-board/default.aspx",
    "timestamp": "unknown"
  },
  {
    "title": "ResourcesSupplemental InformationInvestor FAQsInformation Request FormInvestor Email AlertsInvestor Contacts",
    "link": "https://investors.evolus.com/resources/investor-faqs/default.aspx",
    "timestamp": "unknown"
  },
  {
    "title": "Supplemental Information",
    "link": "https://investors.evolus.com/resources/Supplemental-Information/default.aspx",
    "timestamp": "unknown"
  },
  {
    "title": "Investor FAQs",
    "link": "https://investors.evolus.com/resources/investor-faqs/default.aspx",
    "timestamp": "unknown"
  },
  {
    "title": "Information Request Form",
    "link": "https://investors.evolus.com/resources/information-request-form/default.aspx",
    "timestamp": "unknown"
  },
  {
    "title": "Investor Email Alerts",
    "link": "https://investors.evolus.com/resources/investor-email-alerts/default.aspx",
    "timestamp": "unknown"
  },
  {
    "title": "Investor Contacts",
    "link": "https://investors.evolus.com/resources/investor-contacts/default.aspx",
    "timestamp": "unknown"
  },
  {
    "title": "OverviewWhy InvestPress Releases & NewsEvents & PresentationsStock InfoStock QuoteStock ChartHistorical Stock QuoteAnalyst CoverageFinancialsQuarterly",
    "link": "https://investors.evolus.com/overview/default.aspx",
    "timestamp": "unknown"
  },
  {
    "title": "OverviewWhy InvestPress Releases & NewsEvents & PresentationsStock InfoStock QuoteStock ChartHistorical Stock QuoteAnalyst CoverageFinancialsQuarterly",
    "link": "https://investors.evolus.com/overview/default.aspx",
    "timestamp": "unknown"
  },
  {
    "title": "OverviewWhy InvestPress Releases & NewsEvents & PresentationsStock InfoStock QuoteStock ChartHistorical Stock QuoteAnalyst CoverageFinancialsQuarterly",
    "link": "https://investors.evolus.com/overview/default.aspx",
    "timestamp": "unknown"
  },
  {
    "title": "OverviewWhy InvestPress Releases & NewsEvents & PresentationsStock InfoStock QuoteStock ChartHistorical Stock QuoteAnalyst CoverageFinancialsQuarterly",
    "link": "https://investors.evolus.com/overview/default.aspx",
    "timestamp": "unknown"
  },
  {
    "title": "Why Invest",
    "link": "https://investors.evolus.com/why-invest/default.aspx",
    "timestamp": "unknown"
  },
  {
    "title": "Press Releases & News",
    "link": "https://investors.evolus.com/press-releases-and-news/press-releases/default.aspx",
    "timestamp": "unknown"
  },
  {
    "title": "Events & Presentations",
    "link": "https://investors.evolus.com/events-and-presentations/default.aspx",
    "timestamp": "unknown"
  },
  {
    "title": "Stock InfoStock QuoteStock ChartHistorical Stock QuoteAnalyst Coverage",
    "link": "https://investors.evolus.com/stock-info/default.aspx",
    "timestamp": "unknown"
  },
  {
    "title": "Stock Quote",
    "link": "https://investors.evolus.com/stock-info/stock-quote/default.aspx",
    "timestamp": "unknown"
  },
  {
    "title": "Stock Chart",
    "link": "https://investors.evolus.com/stock-info/stock-chart/default.aspx",
    "timestamp": "unknown"
  },
  {
    "title": "Historical Stock Quote",
    "link": "https://investors.evolus.com/stock-info/historical-stock-quote/default.aspx",
    "timestamp": "unknown"
  },
  {
    "title": "Analyst Coverage",
    "link": "https://investors.evolus.com/stock-info/analyst-coverage/default.aspx",
    "timestamp": "unknown"
  },
  {
    "title": "FinancialsQuarterly ResultsSEC FilingsHistorical Financial Tables",
    "link": "https://investors.evolus.com/financials/quarterly-results/default.aspx",
    "timestamp": "unknown"
  },
  {
    "title": "Quarterly Results",
    "link": "https://investors.evolus.com/financials/quarterly-results/default.aspx",
    "timestamp": "unknown"
  },
  {
    "title": "SEC Filings",
    "link": "https://investors.evolus.com/financials/sec-filings/default.aspx",
    "timestamp": "unknown"
  },
  {
    "title": "Historical Financial Tables",
    "link": "https://investors.evolus.com/financials/Historical-Financial-Tables/default.aspx",
    "timestamp": "unknown"
  },
  {
    "title": "GovernanceExecutive Leadership TeamBoard of DirectorsCommittee CompositionGovernance DocumentsContact the Board",
    "link": "https://investors.evolus.com/governance/governance-documents/default.aspx",
    "timestamp": "unknown"
  },
  {
    "title": "Executive Leadership Team",
    "link": "https://investors.evolus.com/governance/executive-management/default.aspx",
    "timestamp": "unknown"
  },
  {
    "title": "Board of Directors",
    "link": "https://investors.evolus.com/governance/board-of-directors/default.aspx",
    "timestamp": "unknown"
  },
  {
    "title": "Committee Composition",
    "link": "https://investors.evolus.com/governance/committee-composition/default.aspx",
    "timestamp": "unknown"
  },
  {
    "title": "Governance Documents",
    "link": "https://investors.evolus.com/governance/governance-documents/default.aspx",
    "timestamp": "unknown"
  },
  {
    "title": "Contact the Board",
    "link": "https://investors.evolus.com/governance/contact-the-board/default.aspx",
    "timestamp": "unknown"
  },
  {
    "title": "ResourcesSupplemental InformationInvestor FAQsInformation Request FormInvestor Email AlertsInvestor Contacts",
    "link": "https://investors.evolus.com/resources/investor-faqs/default.aspx",
    "timestamp": "unknown"
  },
  {
    "title": "Supplemental Information",
    "link": "https://investors.evolus.com/resources/Supplemental-Information/default.aspx",
    "timestamp": "unknown"
  },
  {
    "title": "Investor FAQs",
    "link": "https://investors.evolus.com/resources/investor-faqs/default.aspx",
    "timestamp": "unknown"
  },
  {
    "title": "Information Request Form",
    "link": "https://investors.evolus.com/resources/information-request-form/default.aspx",
    "timestamp": "unknown"
  },
  {
    "title": "Investor Email Alerts",
    "link": "https://investors.evolus.com/resources/investor-email-alerts/default.aspx",
    "timestamp": "unknown"
  },
  {
    "title": "Investor Contacts",
    "link": "https://investors.evolus.com/resources/investor-contacts/default.aspx",
    "timestamp": "unknown"
  },
  {
    "title": "Selecting a year value will change the news contentSelect Year:LoadingSelecting a category value will change the news contentSelect Category:AllEarnin",
    "link": "https://investors.evolus.com/press-releases-and-news/press-releases/default.aspx",
    "timestamp": "unknown"
  },
  {
    "title": "Selecting a year value will change the news contentSelect Year:LoadingSelecting a category value will change the news contentSelect Category:AllEarnin",
    "link": "https://investors.evolus.com/press-releases-and-news/press-releases/default.aspx",
    "timestamp": "unknown"
  },
  {
    "title": "Selecting a year value will change the news contentSelect Year:LoadingSelecting a category value will change the news contentSelect Category:AllEarnin",
    "link": "https://investors.evolus.com/press-releases-and-news/press-releases/default.aspx",
    "timestamp": "unknown"
  },
  {
    "title": "Selecting a year value will change the news contentSelect Year:LoadingSelecting a category value will change the news contentSelect Category:AllEarnin",
    "link": "https://investors.evolus.com/press-releases-and-news/press-releases/default.aspx",
    "timestamp": "unknown"
  },
  {
    "title": "Selecting a year value will change the news contentSelect Year:LoadingSelecting a category value will change the news contentSelect Category:AllEarnin",
    "link": "https://investors.evolus.com/press-releases-and-news/press-releases/default.aspx",
    "timestamp": "unknown"
  },
  {
    "title": "Selecting a year value will change the news contentSelect Year:LoadingSelecting a category value will change the news contentSelect Category:AllEarnin",
    "link": "https://investors.evolus.com/press-releases-and-news/press-releases/default.aspx",
    "timestamp": "unknown"
  },
  {
    "title": "View All News",
    "link": "https://investors.evolus.com/press-releases-and-news/press-releases/default.aspx",
    "timestamp": "unknown"
  },
  {
    "title": "Contact UsNareg Sagherian..IR@evolus.comQuick LinksSEC FilingsInvestor FAQsInformation Request FormInvestor Email AlertsTo opt-in for investor email a",
    "link": "tel:..",
    "timestamp": "unknown"
  },
  {
    "title": "Contact UsNareg Sagherian..IR@evolus.comQuick LinksSEC FilingsInvestor FAQsInformation Request FormInvestor Email AlertsTo opt-in for investor email a",
    "link": "tel:..",
    "timestamp": "unknown"
  },
  {
    "title": "Contact UsNareg Sagherian..IR@evolus.comQuick LinksSEC FilingsInvestor FAQsInformation Request FormInvestor Email AlertsTo opt-in for investor email a",
    "link": "tel:..",
    "timestamp": "unknown"
  },
  {
    "title": "Contact UsNareg Sagherian..IR@evolus.com",
    "link": "tel:..",
    "timestamp": "unknown"
  },
  {
    "title": "Contact UsNareg Sagherian..IR@evolus.com",
    "link": "tel:..",
    "timestamp": "unknown"
  },
  {
    "title": "Contact UsNareg Sagherian..IR@evolus.com",
    "link": "tel:..",
    "timestamp": "unknown"
  },
  {
    "title": "..IR@evolus.com",
    "link": "tel:..",
    "timestamp": "unknown"
  },
  {
    "title": "Quick LinksSEC FilingsInvestor FAQsInformation Request Form",
    "link": "https://investors.evolus.com/financials/sec-filings/default.aspx",
    "timestamp": "unknown"
  },
  {
    "title": "Quick LinksSEC FilingsInvestor FAQsInformation Request Form",
    "link": "https://investors.evolus.com/financials/sec-filings/default.aspx",
    "timestamp": "unknown"
  },
  {
    "title": "SEC FilingsInvestor FAQsInformation Request Form",
    "link": "https://investors.evolus.com/financials/sec-filings/default.aspx",
    "timestamp": "unknown"
  },
  {
    "title": "SEC Filings",
    "link": "https://investors.evolus.com/financials/sec-filings/default.aspx",
    "timestamp": "unknown"
  },
  {
    "title": "Investor FAQs",
    "link": "https://investors.evolus.com/resources/investor-faqs/default.aspx",
    "timestamp": "unknown"
  },
  {
    "title": "Information Request Form",
    "link": "https://investors.evolus.com/resources/information-request-form/default.aspx",
    "timestamp": "unknown"
  },
  {
    "title": "Investor Email AlertsTo opt-in for investor email alerts, please enter your email address in the field below and select at least one alert option. Aft",
    "link": "https://investors.evolus.com/resources/investor-email-alerts/default.aspx#unsubscribe",
    "timestamp": "unknown"
  },
  {
    "title": "Investor Email AlertsTo opt-in for investor email alerts, please enter your email address in the field below and select at least one alert option. Aft",
    "link": "https://investors.evolus.com/resources/investor-email-alerts/default.aspx#unsubscribe",
    "timestamp": "unknown"
  },
  {
    "title": "To opt-in for investor email alerts, please enter your email address in the field below and select at least one alert option. After submitting your re",
    "link": "https://investors.evolus.com/resources/investor-email-alerts/default.aspx#unsubscribe",
    "timestamp": "unknown"
  },
  {
    "title": "Email Address*Investor Alert OptionsInvestor Alert Options*Press Releases & NewsSEC FilingsEnd of Day Stock QuoteEvents & PresentationsUnsubscribe",
    "link": "https://investors.evolus.com/resources/investor-email-alerts/default.aspx#unsubscribe",
    "timestamp": "unknown"
  },
  {
    "title": "Unsubscribe",
    "link": "https://investors.evolus.com/resources/investor-email-alerts/default.aspx#unsubscribe",
    "timestamp": "unknown"
  },
  {
    "title": "REQUEST A MEETING WITH MANAGEMENT >Privacy PolicyTerms of Use\u00a9Evolus, Inc. - All rights reservedPowered By Q4 Inc....(opens in new window)",
    "link": "javascript:;",
    "timestamp": "unknown"
  },
  {
    "title": "REQUEST A MEETING WITH MANAGEMENT >Privacy PolicyTerms of Use\u00a9Evolus, Inc. - All rights reservedPowered By Q4 Inc....(opens in new window)",
    "link": "javascript:;",
    "timestamp": "unknown"
  },
  {
    "title": "REQUEST A MEETING WITH MANAGEMENT >",
    "link": "javascript:;",
    "timestamp": "unknown"
  },
  {
    "title": "REQUEST A MEETING WITH MANAGEMENT >",
    "link": "javascript:;",
    "timestamp": "unknown"
  },
  {
    "title": "REQUEST A MEETING WITH MANAGEMENT >",
    "link": "javascript:;",
    "timestamp": "unknown"
  },
  {
    "title": "Privacy PolicyTerms of Use",
    "link": "https://www.evolus.com/privacy-policy/",
    "timestamp": "unknown"
  },
  {
    "title": "Privacy PolicyTerms of Use",
    "link": "https://www.evolus.com/privacy-policy/",
    "timestamp": "unknown"
  },
  {
    "title": "Privacy PolicyTerms of Use",
    "link": "https://www.evolus.com/privacy-policy/",
    "timestamp": "unknown"
  },
  {
    "title": "Privacy Policy",
    "link": "https://www.evolus.com/privacy-policy/",
    "timestamp": "unknown"
  },
  {
    "title": "Terms of Use",
    "link": "https://www.evolus.com/terms-and-conditions/",
    "timestamp": "unknown"
  },
  {
    "title": "Powered By Q4 Inc....(opens in new window)",
    "link": "https://www.q4inc.com/Powered-by-Q4/",
    "timestamp": "unknown"
  },
  {
    "title": "Powered By Q4 Inc....(opens in new window)",
    "link": "https://www.q4inc.com/Powered-by-Q4/",
    "timestamp": "unknown"
  },
  {
    "title": "Powered By Q4 Inc....(opens in new window)",
    "link": "https://www.q4inc.com/Powered-by-Q4/",
    "timestamp": "unknown"
  }
]