[
  {
    "title": "logo\uba54\ub274About UsOverviewOur Vision & MissionGlobal NetworkPartneringProductsHA FillerSkin BoosterMeso SerumR&DLaboratoryTechnologyCertificationsPRNewsNo",
    "link": "https://fhlaesthetics.com/",
    "timestamp": "unknown"
  },
  {
    "title": "About UsOverviewOur Vision & MissionGlobal NetworkPartnering",
    "link": "https://fhlaesthetics.com/m11.php",
    "timestamp": "unknown"
  },
  {
    "title": "OverviewOur Vision & MissionGlobal NetworkPartnering",
    "link": "https://fhlaesthetics.com/m11.php",
    "timestamp": "unknown"
  },
  {
    "title": "Overview",
    "link": "https://fhlaesthetics.com/m11.php",
    "timestamp": "unknown"
  },
  {
    "title": "Our Vision & Mission",
    "link": "https://fhlaesthetics.com/m12.php",
    "timestamp": "unknown"
  },
  {
    "title": "Global Network",
    "link": "https://fhlaesthetics.com/m13.php",
    "timestamp": "unknown"
  },
  {
    "title": "Partnering",
    "link": "https://fhlaesthetics.com/m14.php",
    "timestamp": "unknown"
  },
  {
    "title": "ProductsHA FillerSkin BoosterMeso Serum",
    "link": "https://fhlaesthetics.com/m211.php",
    "timestamp": "unknown"
  },
  {
    "title": "HA FillerSkin BoosterMeso Serum",
    "link": "https://fhlaesthetics.com/m211.php",
    "timestamp": "unknown"
  },
  {
    "title": "HA Filler",
    "link": "https://fhlaesthetics.com/m211.php",
    "timestamp": "unknown"
  },
  {
    "title": "Skin Booster",
    "link": "https://fhlaesthetics.com/m221.php",
    "timestamp": "unknown"
  },
  {
    "title": "Meso Serum",
    "link": "https://fhlaesthetics.com/m23.php",
    "timestamp": "unknown"
  },
  {
    "title": "R&DLaboratoryTechnologyCertifications",
    "link": "https://fhlaesthetics.com/m31.php",
    "timestamp": "unknown"
  },
  {
    "title": "LaboratoryTechnologyCertifications",
    "link": "https://fhlaesthetics.com/m31.php",
    "timestamp": "unknown"
  },
  {
    "title": "Laboratory",
    "link": "https://fhlaesthetics.com/m31.php",
    "timestamp": "unknown"
  },
  {
    "title": "Technology",
    "link": "https://fhlaesthetics.com/m32.php",
    "timestamp": "unknown"
  },
  {
    "title": "Certifications",
    "link": "https://fhlaesthetics.com/m33.php",
    "timestamp": "unknown"
  },
  {
    "title": "PRNewsNotices",
    "link": "https://fhlaesthetics.com/board/board.php?bo_table=press",
    "timestamp": "unknown"
  },
  {
    "title": "NewsNotices",
    "link": "https://fhlaesthetics.com/board/board.php?bo_table=press",
    "timestamp": "unknown"
  },
  {
    "title": "News",
    "link": "https://fhlaesthetics.com/board/board.php?bo_table=press",
    "timestamp": "unknown"
  },
  {
    "title": "Notices",
    "link": "https://fhlaesthetics.com/board/board.php?bo_table=notice",
    "timestamp": "unknown"
  },
  {
    "title": "EventsSeminarsExhibitions",
    "link": "https://fhlaesthetics.com/board/board.php?bo_table=seminars",
    "timestamp": "unknown"
  },
  {
    "title": "SeminarsExhibitions",
    "link": "https://fhlaesthetics.com/board/board.php?bo_table=seminars",
    "timestamp": "unknown"
  },
  {
    "title": "Seminars",
    "link": "https://fhlaesthetics.com/board/board.php?bo_table=seminars",
    "timestamp": "unknown"
  },
  {
    "title": "Exhibitions",
    "link": "https://fhlaesthetics.com/board/board.php?bo_table=exhibitions",
    "timestamp": "unknown"
  },
  {
    "title": "External LinksForest Hills LabFHL TherapeuticsMstone Healthcare Partners",
    "link": "https://fhlaesthetics.com/board/board.php?bo_table=seminars",
    "timestamp": "unknown"
  },
  {
    "title": "Forest Hills LabFHL TherapeuticsMstone Healthcare Partners",
    "link": "https://www.foresthillslab.com/",
    "timestamp": "unknown"
  },
  {
    "title": "Forest Hills Lab",
    "link": "https://www.foresthillslab.com/",
    "timestamp": "unknown"
  },
  {
    "title": "FHL Therapeutics",
    "link": "https://fhltherapeutics.com/",
    "timestamp": "unknown"
  },
  {
    "title": "Mstone Healthcare Partners",
    "link": "https://mstonepartners.com/",
    "timestamp": "unknown"
  },
  {
    "title": "About UsOverviewOur Vision & MissionGlobal NetworkPartneringProductsHA FillerRejeunesseXspurtSkin BoosterJuvfons+FulloriaAttranaieMeso serumR&DLaborat",
    "link": "https://fhlaesthetics.com/board/board.php?bo_table=press",
    "timestamp": "unknown"
  },
  {
    "title": "About UsOverviewOur Vision & MissionGlobal NetworkPartneringProductsHA FillerRejeunesseXspurtSkin BoosterJuvfons+FulloriaAttranaieMeso serumR&DLaborat",
    "link": "https://fhlaesthetics.com/board/board.php?bo_table=press",
    "timestamp": "unknown"
  },
  {
    "title": "About UsOverviewOur Vision & MissionGlobal NetworkPartneringProductsHA FillerRejeunesseXspurtSkin BoosterJuvfons+FulloriaAttranaieMeso serumR&DLaborat",
    "link": "https://fhlaesthetics.com/board/board.php?bo_table=press",
    "timestamp": "unknown"
  },
  {
    "title": "About UsOverviewOur Vision & MissionGlobal NetworkPartnering",
    "link": "https://fhlaesthetics.com/board/board.php?bo_table=press",
    "timestamp": "unknown"
  },
  {
    "title": "OverviewOur Vision & MissionGlobal NetworkPartnering",
    "link": "https://fhlaesthetics.com/m11.php",
    "timestamp": "unknown"
  },
  {
    "title": "Overview",
    "link": "https://fhlaesthetics.com/m11.php",
    "timestamp": "unknown"
  },
  {
    "title": "Our Vision & Mission",
    "link": "https://fhlaesthetics.com/m12.php",
    "timestamp": "unknown"
  },
  {
    "title": "Global Network",
    "link": "https://fhlaesthetics.com/m13.php",
    "timestamp": "unknown"
  },
  {
    "title": "Partnering",
    "link": "https://fhlaesthetics.com/m14.php",
    "timestamp": "unknown"
  },
  {
    "title": "ProductsHA FillerRejeunesseXspurtSkin BoosterJuvfons+FulloriaAttranaieMeso serum",
    "link": "https://fhlaesthetics.com/board/board.php?bo_table=press",
    "timestamp": "unknown"
  },
  {
    "title": "HA FillerRejeunesseXspurtSkin BoosterJuvfons+FulloriaAttranaieMeso serum",
    "link": "https://fhlaesthetics.com/m211.php",
    "timestamp": "unknown"
  },
  {
    "title": "HA FillerRejeunesseXspurt",
    "link": "https://fhlaesthetics.com/m211.php",
    "timestamp": "unknown"
  },
  {
    "title": "Rejeunesse",
    "link": "https://fhlaesthetics.com/m211.php#section",
    "timestamp": "unknown"
  },
  {
    "title": "Xspurt",
    "link": "https://fhlaesthetics.com/m212.php#section",
    "timestamp": "unknown"
  },
  {
    "title": "Skin BoosterJuvfons+FulloriaAttranaie",
    "link": "https://fhlaesthetics.com/m221.php",
    "timestamp": "unknown"
  },
  {
    "title": "Juvfons+",
    "link": "https://fhlaesthetics.com/m221.php#section",
    "timestamp": "unknown"
  },
  {
    "title": "Fulloria",
    "link": "https://fhlaesthetics.com/m222.php#section",
    "timestamp": "unknown"
  },
  {
    "title": "Attranaie",
    "link": "https://fhlaesthetics.com/m223.php#section",
    "timestamp": "unknown"
  },
  {
    "title": "Meso serum",
    "link": "https://fhlaesthetics.com/m23.php",
    "timestamp": "unknown"
  },
  {
    "title": "R&DLaboratoryTechnologyDIAMOLDHYLOCertifications",
    "link": "https://fhlaesthetics.com/board/board.php?bo_table=press",
    "timestamp": "unknown"
  },
  {
    "title": "LaboratoryTechnologyDIAMOLDHYLOCertifications",
    "link": "https://fhlaesthetics.com/m31.php",
    "timestamp": "unknown"
  },
  {
    "title": "Laboratory",
    "link": "https://fhlaesthetics.com/m31.php",
    "timestamp": "unknown"
  },
  {
    "title": "TechnologyDIAMOLDHYLO",
    "link": "https://fhlaesthetics.com/m32.php",
    "timestamp": "unknown"
  },
  {
    "title": "DIAMOLD",
    "link": "https://fhlaesthetics.com/m32.php#section1",
    "timestamp": "unknown"
  },
  {
    "title": "HYLO",
    "link": "https://fhlaesthetics.com/m32.php#section2",
    "timestamp": "unknown"
  },
  {
    "title": "Certifications",
    "link": "https://fhlaesthetics.com/m33.php",
    "timestamp": "unknown"
  },
  {
    "title": "PRNewsNotices",
    "link": "https://fhlaesthetics.com/board/board.php?bo_table=press",
    "timestamp": "unknown"
  },
  {
    "title": "NewsNotices",
    "link": "https://fhlaesthetics.com/board/board.php?bo_table=press",
    "timestamp": "unknown"
  },
  {
    "title": "News",
    "link": "https://fhlaesthetics.com/board/board.php?bo_table=press",
    "timestamp": "unknown"
  },
  {
    "title": "Notices",
    "link": "https://fhlaesthetics.com/board/board.php?bo_table=notice",
    "timestamp": "unknown"
  },
  {
    "title": "EventsSeminarsExhibitions",
    "link": "https://fhlaesthetics.com/board/board.php?bo_table=press",
    "timestamp": "unknown"
  },
  {
    "title": "SeminarsExhibitions",
    "link": "https://fhlaesthetics.com/board/board.php?bo_table=seminars",
    "timestamp": "unknown"
  },
  {
    "title": "Seminars",
    "link": "https://fhlaesthetics.com/board/board.php?bo_table=seminars",
    "timestamp": "unknown"
  },
  {
    "title": "Exhibitions",
    "link": "https://fhlaesthetics.com/board/board.php?bo_table=exhibitions",
    "timestamp": "unknown"
  },
  {
    "title": "External LinksForest Hills LabFHL TherapeuticsMstone Healthcare Partners",
    "link": "https://fhlaesthetics.com/board/board.php?bo_table=press",
    "timestamp": "unknown"
  },
  {
    "title": "Forest Hills LabFHL TherapeuticsMstone Healthcare Partners",
    "link": "https://www.foresthillslab.com/",
    "timestamp": "unknown"
  },
  {
    "title": "Forest Hills Lab",
    "link": "https://www.foresthillslab.com/",
    "timestamp": "unknown"
  },
  {
    "title": "FHL Therapeutics",
    "link": "https://fhltherapeutics.com/",
    "timestamp": "unknown"
  },
  {
    "title": "Mstone Healthcare Partners",
    "link": "https://mstonepartners.com/",
    "timestamp": "unknown"
  },
  {
    "title": "NewsStay abreast of the latest developmentsat FHL and our evolving aesthetics portfolioNewsAMWC Dubai Workshop Invitation..Xspurt Grand Debut in Thail",
    "link": "https://fhlaesthetics.com/board/board.php?bo_table=press&idx=#section",
    "timestamp": "unknown"
  },
  {
    "title": "NewsStay abreast of the latest developmentsat FHL and our evolving aesthetics portfolioNewsAMWC Dubai Workshop Invitation..Xspurt Grand Debut in Thail",
    "link": "https://fhlaesthetics.com/board/board.php?bo_table=press&idx=#section",
    "timestamp": "unknown"
  },
  {
    "title": "NewsAMWC Dubai Workshop Invitation..Xspurt Grand Debut in ThailandFHL Aesthetics Partner with Ke Medical as the Official Supplier of Xspurt in Thailan",
    "link": "https://fhlaesthetics.com/board/board.php?bo_table=press&idx=#section",
    "timestamp": "unknown"
  },
  {
    "title": "NewsAMWC Dubai Workshop Invitation..Xspurt Grand Debut in ThailandFHL Aesthetics Partner with Ke Medical as the Official Supplier of Xspurt in Thailan",
    "link": "https://fhlaesthetics.com/board/board.php?bo_table=press&idx=#section",
    "timestamp": "unknown"
  },
  {
    "title": "AMWC Dubai Workshop Invitation..Xspurt Grand Debut in ThailandFHL Aesthetics Partner with Ke Medical as the Official Supplier of Xspurt in ThailandFHL",
    "link": "https://fhlaesthetics.com/board/board.php?bo_table=press&idx=#section",
    "timestamp": "unknown"
  },
  {
    "title": "AMWC Dubai Workshop Invitation..",
    "link": "https://fhlaesthetics.com/board/board.php?bo_table=press&idx=#section",
    "timestamp": "unknown"
  },
  {
    "title": "Xspurt Grand Debut in ThailandFHL Aesthetics Partner with Ke Medical as the Official Supplier of Xspurt in ThailandFHL Aesthetics is excited to announ",
    "link": "https://fhlaesthetics.com/board/board.php?bo_table=press&idx=#section",
    "timestamp": "unknown"
  },
  {
    "title": "The Path to Regenerative Medicine: Exclusive Interview with  Alex Yang..In this exclusive interview, Alex Yang, CEO of Forest Hills Lab, reveals the i",
    "link": "https://fhlaesthetics.com/board/board.php?bo_table=press&idx=#section",
    "timestamp": "unknown"
  },
  {
    "title": "Reinforcing Product AuthenticityAt FHL, we are steadfastly committed to safeguarding the quality and integrity of our products. That is why we are ple",
    "link": "https://fhlaesthetics.com/board/board.php?bo_table=press&idx=#section",
    "timestamp": "unknown"
  },
  {
    "title": "Our Mobile Website is Up and RunningThank you for your patience - we're happy to inform you that the FHL Aesthetics website is now also optimized for ",
    "link": "https://fhlaesthetics.com/board/board.php?bo_table=press&idx=#section",
    "timestamp": "unknown"
  },
  {
    "title": "FHL's Strong Presence at Dubai DermaFHL pleased to participate in the 22nd Dubai Derma exhibition from March -, .Over , international brandsfrom ....",
    "link": "https://fhlaesthetics.com/board/board.php?bo_table=press&idx=#section",
    "timestamp": "unknown"
  },
  {
    "title": "See you at IMCAS Asia and Americas!SAVE THE DATE - FHL is pleased to announce that we will be participating at IMCAS Asia & AmericasThe IMCAS events w",
    "link": "https://fhlaesthetics.com/board/board.php?bo_table=press&idx=#section",
    "timestamp": "unknown"
  },
  {
    "title": "FHL Opens New Home PageWelcome to FHL Aesthetics' new website! Please note that the mobile version of our site is currently in development so v....",
    "link": "https://fhlaesthetics.com/board/board.php?bo_table=press&idx=#section",
    "timestamp": "unknown"
  },
  {
    "title": "Address[HQ] /F,  Gloucester Road, Wanchai, Hong Kong[Korea] #, O\u2019BIZ TOWER, , Beolmal-ro, Dongan-gu, Anyang-si, Gyeonggi-do, Republic of KoreaE-mailin",
    "link": "https://www.foresthillslab.com/",
    "timestamp": "unknown"
  },
  {
    "title": "Copyright \u24d2  Forest Hills Partners Hong Kong Ltd.  ALL RIGHTS RESERVEDForest Hills LabFHL TherapeuticsMstone Healthcare PartnersContact UsPrivacy Poli",
    "link": "https://www.foresthillslab.com/",
    "timestamp": "unknown"
  },
  {
    "title": "Forest Hills Lab",
    "link": "https://www.foresthillslab.com/",
    "timestamp": "unknown"
  },
  {
    "title": "FHL Therapeutics",
    "link": "https://fhltherapeutics.com/",
    "timestamp": "unknown"
  },
  {
    "title": "Mstone Healthcare Partners",
    "link": "http://mstonepartners.com/",
    "timestamp": "unknown"
  },
  {
    "title": "Contact Us",
    "link": "mailto:info@fhlaesthetics.com",
    "timestamp": "unknown"
  },
  {
    "title": "Privacy Policy",
    "link": "https://fhlaesthetics.com/board/board.php?bo_table=press",
    "timestamp": "unknown"
  },
  {
    "title": "Terms & Conditions",
    "link": "https://fhlaesthetics.com/board/board.php?bo_table=press",
    "timestamp": "unknown"
  },
  {
    "title": "FHL Therapeutics Website Privacy PolicyForest Hills Partners (\u201cus\u201d, \u201cwe\u201d, or \u201cour\u201d) operateshttps://fhlaesthetics.com/(the \u201cWebsite\u201d).\n               ",
    "link": "https://fhlaesthetics.com/",
    "timestamp": "unknown"
  },
  {
    "title": "Forest Hills Partners (\u201cus\u201d, \u201cwe\u201d, or \u201cour\u201d) operateshttps://fhlaesthetics.com/(the \u201cWebsite\u201d).\n                        We are committed to ensuring t",
    "link": "https://fhlaesthetics.com/",
    "timestamp": "unknown"
  },
  {
    "title": "Contact UsIf you have any questions about this Privacy Policy, please contact us at+or email us atinfo@fhlaesthetics.com.",
    "link": "tel:+",
    "timestamp": "unknown"
  },
  {
    "title": "If you have any questions about this Privacy Policy, please contact us at+or email us atinfo@fhlaesthetics.com.",
    "link": "tel:+",
    "timestamp": "unknown"
  },
  {
    "title": "FHL Therapeutics Website Privacy PolicyForest Hills Partners (\u201cFHP\u201d) owns and operates this websitehttps://fhlaesthetics.com/. (This document governs ",
    "link": "https://fhlaesthetics.com",
    "timestamp": "unknown"
  },
  {
    "title": "Forest Hills Partners (\u201cFHP\u201d) owns and operates this websitehttps://fhlaesthetics.com/. (This document governs your relationship with our website. The",
    "link": "https://fhlaesthetics.com",
    "timestamp": "unknown"
  },
  {
    "title": "ComplaintsWe operate a complaint handling procedure which we will use to try to resolve disputes when they first arise, please let us know if you have",
    "link": "tel:+",
    "timestamp": "unknown"
  },
  {
    "title": "We operate a complaint handling procedure which we will use to try to resolve disputes when they first arise, please let us know if you have any compl",
    "link": "tel:+",
    "timestamp": "unknown"
  }
]