[
  {
    "title": "Huons GlobalHumedixHuM&CHuons BiopharmaHuons meditechHuonslabFood AssembleHuons USAHuons JAPANHuons LifeSciencesHuons NPangen Biotech",
    "link": "https://huonsglobal.com/web/home_.php",
    "timestamp": "unknown"
  },
  {
    "title": "Huons GlobalHumedixHuM&CHuons BiopharmaHuons meditechHuonslabFood AssembleHuons USAHuons JAPANHuons LifeSciencesHuons NPangen Biotech",
    "link": "https://huonsglobal.com/web/home_.php",
    "timestamp": "unknown"
  },
  {
    "title": "Huons Global",
    "link": "https://huonsglobal.com/web/home_.php",
    "timestamp": "unknown"
  },
  {
    "title": "Humedix",
    "link": "https://humedix.com/web/home.php",
    "timestamp": "unknown"
  },
  {
    "title": "HuM&C",
    "link": "https://humnc.com/layout/kor/home.php?go=main",
    "timestamp": "unknown"
  },
  {
    "title": "Huons Biopharma",
    "link": "https://huonsbiopharma.com/web/home.php",
    "timestamp": "unknown"
  },
  {
    "title": "Huons meditech",
    "link": "https://huonsmeditech.com/layout/kor/home.php?go=main",
    "timestamp": "unknown"
  },
  {
    "title": "Huonslab",
    "link": "https://huonslab.com/layout/eng/home.php?go=main&",
    "timestamp": "unknown"
  },
  {
    "title": "Food Assemble",
    "link": "https://foodasb.co.kr/",
    "timestamp": "unknown"
  },
  {
    "title": "Huons USA",
    "link": "https://huonsusa.com/web/home.php",
    "timestamp": "unknown"
  },
  {
    "title": "Huons JAPAN",
    "link": "https://huonsjapan.com/web/home.php",
    "timestamp": "unknown"
  },
  {
    "title": "Huons LifeSciences",
    "link": "https://huonslifesciences.com/layout/kor/home.php?go=main",
    "timestamp": "unknown"
  },
  {
    "title": "Huons N",
    "link": "https://huons-n.com/layout/eng/home.php?go=main",
    "timestamp": "unknown"
  },
  {
    "title": "Pangen Biotech",
    "link": "https://pangen.com/layout/eng/home.php",
    "timestamp": "unknown"
  },
  {
    "title": "HuonsCEO GreetingsVision & MissionHUONS HistoryCIContact HuonsHUONS in the WorldProductsInjectable ProductEye DropOral Solid FormQ&AGlobal R&DR&D Head",
    "link": "https://huons.com/en",
    "timestamp": "unknown"
  },
  {
    "title": "HuonsCEO GreetingsVision & MissionHUONS HistoryCIContact HuonsHUONS in the WorldProductsInjectable ProductEye DropOral Solid FormQ&AGlobal R&DR&D Head",
    "link": "https://huons.com/en",
    "timestamp": "unknown"
  },
  {
    "title": "HuonsCEO GreetingsVision & MissionHUONS HistoryCIContact HuonsHUONS in the World",
    "link": "https://huons.com/en/about/greetings",
    "timestamp": "unknown"
  },
  {
    "title": "CEO Greetings",
    "link": "https://huons.com/en/about/greetings",
    "timestamp": "unknown"
  },
  {
    "title": "Vision & Mission",
    "link": "https://huons.com/en/about/vision",
    "timestamp": "unknown"
  },
  {
    "title": "HUONS History",
    "link": "https://huons.com/en/about/history",
    "timestamp": "unknown"
  },
  {
    "title": "CI",
    "link": "https://huons.com/en/about/ci",
    "timestamp": "unknown"
  },
  {
    "title": "Contact Huons",
    "link": "https://huons.com/en/about/location",
    "timestamp": "unknown"
  },
  {
    "title": "HUONS in the World",
    "link": "https://huons.com/en/about/global",
    "timestamp": "unknown"
  },
  {
    "title": "ProductsInjectable ProductEye DropOral Solid FormQ&A",
    "link": "https://huons.com/en/product/product_list?s_subj=",
    "timestamp": "unknown"
  },
  {
    "title": "Injectable Product",
    "link": "https://huons.com/en/product/product_list?s_subj=",
    "timestamp": "unknown"
  },
  {
    "title": "Eye Drop",
    "link": "https://huons.com/en/product/product_list?s_subj=",
    "timestamp": "unknown"
  },
  {
    "title": "Oral Solid Form",
    "link": "https://huons.com/en/product/product_list?s_subj=",
    "timestamp": "unknown"
  },
  {
    "title": "Q&A",
    "link": "https://huons.com/en/product/qna",
    "timestamp": "unknown"
  },
  {
    "title": "Global R&DR&D HeadquarterR&D AchievementWorld Class",
    "link": "https://huons.com/en/rnd/headquarter",
    "timestamp": "unknown"
  },
  {
    "title": "R&D Headquarter",
    "link": "https://huons.com/en/rnd/headquarter",
    "timestamp": "unknown"
  },
  {
    "title": "R&D Achievement",
    "link": "https://huons.com/en/rnd/achievement",
    "timestamp": "unknown"
  },
  {
    "title": "World Class",
    "link": "https://huons.com/en/rnd/world300",
    "timestamp": "unknown"
  },
  {
    "title": "Press ReleaseNEWSPR Video",
    "link": "https://huons.com/en/promotion/news_list",
    "timestamp": "unknown"
  },
  {
    "title": "NEWS",
    "link": "https://huons.com/en/promotion/news_list",
    "timestamp": "unknown"
  },
  {
    "title": "PR Video",
    "link": "https://huons.com/en/promotion/video",
    "timestamp": "unknown"
  },
  {
    "title": "InvestorsInvestor RelationsDisclosure InformationFinancial InformationIR NEWS",
    "link": "https://huons.com/en/investment/stock_info",
    "timestamp": "unknown"
  },
  {
    "title": "Investor Relations",
    "link": "https://huons.com/en/investment/stock_info",
    "timestamp": "unknown"
  },
  {
    "title": "Disclosure Information",
    "link": "https://huons.com/en/investment/notice_info",
    "timestamp": "unknown"
  },
  {
    "title": "Financial Information",
    "link": "https://huons.com/en/investment/finance_info",
    "timestamp": "unknown"
  },
  {
    "title": "IR NEWS",
    "link": "https://huons.com/en/investment/ir_list",
    "timestamp": "unknown"
  },
  {
    "title": "Recruitment",
    "link": "https://huonsgroup.recruiter.co.kr/appsite/company/index",
    "timestamp": "unknown"
  },
  {
    "title": "A wholesale web orderLanguageKORENG",
    "link": "http://crm.logisales.kr:/ws-huons/",
    "timestamp": "unknown"
  },
  {
    "title": "A wholesale web order",
    "link": "http://crm.logisales.kr:/ws-huons/",
    "timestamp": "unknown"
  },
  {
    "title": "LanguageKORENG",
    "link": "https://huons.com/",
    "timestamp": "unknown"
  },
  {
    "title": "Press ReleaseHuonsProductsGlobal R&DPress ReleaseInvestorsRecruitmentNEWSNEWSPR Video",
    "link": "https://huons.com/en",
    "timestamp": "unknown"
  },
  {
    "title": "Press ReleaseHuonsProductsGlobal R&DPress ReleaseInvestorsRecruitmentNEWSNEWSPR Video",
    "link": "https://huons.com/en",
    "timestamp": "unknown"
  },
  {
    "title": "Huons",
    "link": "https://huons.com/en/about/greetings",
    "timestamp": "unknown"
  },
  {
    "title": "Products",
    "link": "https://huons.com/en/product/oral_solid_form",
    "timestamp": "unknown"
  },
  {
    "title": "Global R&D",
    "link": "https://huons.com/en/rnd/research",
    "timestamp": "unknown"
  },
  {
    "title": "Press Release",
    "link": "https://huons.com/en/promotion/news_list",
    "timestamp": "unknown"
  },
  {
    "title": "Investors",
    "link": "https://huons.com/en/investment/stock_info",
    "timestamp": "unknown"
  },
  {
    "title": "Recruitment",
    "link": "https://huonsgroup.recruiter.co.kr/appsite/company/index",
    "timestamp": "unknown"
  },
  {
    "title": "NEWS",
    "link": "https://huons.com/en/promotion/news_list",
    "timestamp": "unknown"
  },
  {
    "title": "PR Video",
    "link": "https://huons.com/en/promotion/video",
    "timestamp": "unknown"
  },
  {
    "title": "Huons Selected for National Project for the Stabilizing of the Supply of Orphan Drugs & National Essential Drugs\ud734\uc628\uc2a4 \u00b7 ..",
    "link": "https://huons.com/en/promotion/news_view/",
    "timestamp": "unknown"
  },
  {
    "title": "Huons Selected for National Project for the Stabilizing of the Supply of Orphan Drugs & National Essential Drugs\ud734\uc628\uc2a4 \u00b7 ..",
    "link": "https://huons.com/en/promotion/news_view/",
    "timestamp": "unknown"
  },
  {
    "title": "Huons' Smart Insulin Pen DIA:CONN P8 Confirmed to Improve Glycemic Control in Clinical Study\ud734\uc628\uc2a4 \u00b7 ..",
    "link": "https://huons.com/en/promotion/news_view/",
    "timestamp": "unknown"
  },
  {
    "title": "Huons' Smart Insulin Pen DIA:CONN P8 Confirmed to Improve Glycemic Control in Clinical Study\ud734\uc628\uc2a4 \u00b7 ..",
    "link": "https://huons.com/en/promotion/news_view/",
    "timestamp": "unknown"
  },
  {
    "title": "PanGen Biotech Reports Q2  Financial Results with . Billion won in Revenue and  million won in Profit\ud734\uc628\uc2a4 \u00b7 ..",
    "link": "https://huons.com/en/promotion/news_view/",
    "timestamp": "unknown"
  },
  {
    "title": "PanGen Biotech Reports Q2  Financial Results with . Billion won in Revenue and  million won in Profit\ud734\uc628\uc2a4 \u00b7 ..",
    "link": "https://huons.com/en/promotion/news_view/",
    "timestamp": "unknown"
  },
  {
    "title": "Huons posts record high Q2 sales of  billion KRW\ud734\uc628\uc2a4 \u00b7 ..",
    "link": "https://huons.com/en/promotion/news_view/",
    "timestamp": "unknown"
  },
  {
    "title": "Huons posts record high Q2 sales of  billion KRW\ud734\uc628\uc2a4 \u00b7 ..",
    "link": "https://huons.com/en/promotion/news_view/",
    "timestamp": "unknown"
  },
  {
    "title": "Huons N makes Japanese debut, launching vitamins on Qoo10\ud734\uc628\uc2a4 \u00b7 ..",
    "link": "https://huons.com/en/promotion/news_view/",
    "timestamp": "unknown"
  },
  {
    "title": "Huons N makes Japanese debut, launching vitamins on Qoo10\ud734\uc628\uc2a4 \u00b7 ..",
    "link": "https://huons.com/en/promotion/news_view/",
    "timestamp": "unknown"
  },
  {
    "title": "PanGen posts Q1 sales of . billion won and operating profit of  million won\ud734\uc628\uc2a4 \u00b7 ..",
    "link": "https://huons.com/en/promotion/news_view/",
    "timestamp": "unknown"
  },
  {
    "title": "PanGen posts Q1 sales of . billion won and operating profit of  million won\ud734\uc628\uc2a4 \u00b7 ..",
    "link": "https://huons.com/en/promotion/news_view/",
    "timestamp": "unknown"
  },
  {
    "title": "Huons sees limited impact on its exports from Trump\u2019s executive order aiming at lowering drug prices\ud734\uc628\uc2a4 \u00b7 ..",
    "link": "https://huons.com/en/promotion/news_view/",
    "timestamp": "unknown"
  },
  {
    "title": "Huons sees limited impact on its exports from Trump\u2019s executive order aiming at lowering drug prices\ud734\uc628\uc2a4 \u00b7 ..",
    "link": "https://huons.com/en/promotion/news_view/",
    "timestamp": "unknown"
  },
  {
    "title": "Huons Announces Two US FDA Approvals for Multiple-dose Lidocaine Anesthetics\ud734\uc628\uc2a4 \u00b7 ..",
    "link": "https://huons.com/en/promotion/news_view/",
    "timestamp": "unknown"
  },
  {
    "title": "Huons Announces Two US FDA Approvals for Multiple-dose Lidocaine Anesthetics\ud734\uc628\uc2a4 \u00b7 ..",
    "link": "https://huons.com/en/promotion/news_view/",
    "timestamp": "unknown"
  },
  {
    "title": "Huons records Q1 sales of . billion KRW, operating profit of . billion KRW\ud734\uc628\uc2a4 \u00b7 ..",
    "link": "https://huons.com/en/promotion/news_view/",
    "timestamp": "unknown"
  },
  {
    "title": "Huons records Q1 sales of . billion KRW, operating profit of . billion KRW\ud734\uc628\uc2a4 \u00b7 ..",
    "link": "https://huons.com/en/promotion/news_view/",
    "timestamp": "unknown"
  },
  {
    "title": "Huons Group to Launch Specialized Health Functional Food Company \u2018Huons N\u2019\ud734\uc628\uc2a4 \u00b7 ..",
    "link": "https://huons.com/en/promotion/news_view/",
    "timestamp": "unknown"
  },
  {
    "title": "Huons Group to Launch Specialized Health Functional Food Company \u2018Huons N\u2019\ud734\uc628\uc2a4 \u00b7 ..",
    "link": "https://huons.com/en/promotion/news_view/",
    "timestamp": "unknown"
  },
  {
    "title": "Huons acquires Authorized Economic Operator (AEO) status from Korea Customs Service\ud734\uc628\uc2a4 \u00b7 ..",
    "link": "https://huons.com/en/promotion/news_view/",
    "timestamp": "unknown"
  },
  {
    "title": "Huons acquires Authorized Economic Operator (AEO) status from Korea Customs Service\ud734\uc628\uc2a4 \u00b7 ..",
    "link": "https://huons.com/en/promotion/news_view/",
    "timestamp": "unknown"
  },
  {
    "title": "Huons Group's three listed companies hold general shareholders' meetings\u2026 \u201cAll agenda items were approved\u201d\ud734\uc628\uc2a4 \u00b7 ..",
    "link": "https://huons.com/en/promotion/news_view/",
    "timestamp": "unknown"
  },
  {
    "title": "Huons Group's three listed companies hold general shareholders' meetings\u2026 \u201cAll agenda items were approved\u201d\ud734\uc628\uc2a4 \u00b7 ..",
    "link": "https://huons.com/en/promotion/news_view/",
    "timestamp": "unknown"
  },
  {
    "title": "PanGen contracts with Huonslab for biopharmaceutical process characterization study\ud734\uc628\uc2a4 \u00b7 ..",
    "link": "https://huons.com/en/promotion/news_view/",
    "timestamp": "unknown"
  },
  {
    "title": "PanGen contracts with Huonslab for biopharmaceutical process characterization study\ud734\uc628\uc2a4 \u00b7 ..",
    "link": "https://huons.com/en/promotion/news_view/",
    "timestamp": "unknown"
  },
  {
    "title": "Huons Celebrates 60th Anniversary with Website Redesign\ud734\uc628\uc2a4 \u00b7 ..",
    "link": "https://huons.com/en/promotion/news_view/",
    "timestamp": "unknown"
  },
  {
    "title": "Huons Celebrates 60th Anniversary with Website Redesign\ud734\uc628\uc2a4 \u00b7 ..",
    "link": "https://huons.com/en/promotion/news_view/",
    "timestamp": "unknown"
  },
  {
    "title": "Huons Foodience Receives Individually Approved health Functional Food Ingredient Approval for Dendropanax Morbifera Extract\uc6b4\uc601\uc790 \u00b7 ..",
    "link": "https://huons.com/en/promotion/news_view/",
    "timestamp": "unknown"
  },
  {
    "title": "Huons Foodience Receives Individually Approved health Functional Food Ingredient Approval for Dendropanax Morbifera Extract\uc6b4\uc601\uc790 \u00b7 ..",
    "link": "https://huons.com/en/promotion/news_view/",
    "timestamp": "unknown"
  }
]