[
  {
    "title": "\ucee8\ud150\uce20 \ubc14\ub85c\uac00\uae30",
    "link": "https://www.lgchem.com/company/information-center/press-release#content",
    "timestamp": "unknown"
  },
  {
    "title": "LG Chem",
    "link": "https://www.lgchem.com/main/index",
    "timestamp": "unknown"
  },
  {
    "title": "COMPANYCompany IntroductionAbout UsVisionLG WayCIBrand IdentityBusiness AreasGlobal NetworkHistoryInvestor RelationsManagement InformationFinancial In",
    "link": "https://www.lgchem.com/company/company-information/about",
    "timestamp": "unknown"
  },
  {
    "title": "COMPANYCompany IntroductionAbout UsVisionLG WayCIBrand IdentityBusiness AreasGlobal NetworkHistoryInvestor RelationsManagement InformationFinancial In",
    "link": "https://www.lgchem.com/company/company-information/about",
    "timestamp": "unknown"
  },
  {
    "title": "Company IntroductionAbout UsVisionLG WayCIBrand IdentityBusiness AreasGlobal NetworkHistoryInvestor RelationsManagement InformationFinancial Informati",
    "link": "https://www.lgchem.com/company/company-information/about",
    "timestamp": "unknown"
  },
  {
    "title": "Company IntroductionAbout UsVisionLG WayCIBrand IdentityBusiness AreasGlobal NetworkHistory",
    "link": "https://www.lgchem.com/company/company-information/about",
    "timestamp": "unknown"
  },
  {
    "title": "About Us",
    "link": "https://www.lgchem.com/company/company-information/about",
    "timestamp": "unknown"
  },
  {
    "title": "Vision",
    "link": "https://www.lgchem.com/company/company-information/our-visions",
    "timestamp": "unknown"
  },
  {
    "title": "LG Way",
    "link": "https://www.lgchem.com/company/company-information/lgway",
    "timestamp": "unknown"
  },
  {
    "title": "CI",
    "link": "https://www.lgchem.com/company/company-information/ci",
    "timestamp": "unknown"
  },
  {
    "title": "Brand Identity",
    "link": "https://www.lgchem.com/company/company-information/brand-identity",
    "timestamp": "unknown"
  },
  {
    "title": "Business Areas",
    "link": "https://www.lgchem.com/company/company-information/business-domain/petrochemical",
    "timestamp": "unknown"
  },
  {
    "title": "Global Network",
    "link": "https://www.lgchem.com/company/global-network",
    "timestamp": "unknown"
  },
  {
    "title": "History",
    "link": "https://www.lgchem.com/company/company-information/company-history",
    "timestamp": "unknown"
  },
  {
    "title": "Investor RelationsManagement InformationFinancial InformationStock InformationIR ActivitiesIR Archive",
    "link": "https://www.lgchem.com/company/investment-information/management-information/board-of-directors",
    "timestamp": "unknown"
  },
  {
    "title": "Management Information",
    "link": "https://www.lgchem.com/company/investment-information/management-information/board-of-directors",
    "timestamp": "unknown"
  },
  {
    "title": "Financial Information",
    "link": "https://www.lgchem.com/company/investment-information/financial-information/financial-summary",
    "timestamp": "unknown"
  },
  {
    "title": "Stock Information",
    "link": "https://www.lgchem.com/company/investment-information/stock-information/stock-shareholder",
    "timestamp": "unknown"
  },
  {
    "title": "IR Activities",
    "link": "https://www.lgchem.com/company/investment-information/ir-events",
    "timestamp": "unknown"
  },
  {
    "title": "IR Archive",
    "link": "https://www.lgchem.com/company/investment-information/ir-report/audit-report/consolidated-financial-statements",
    "timestamp": "unknown"
  },
  {
    "title": "R&DR&D StatusR&D FieldR&D AchievementsOpen Innovation",
    "link": "https://www.lgchem.com/company/research-and-development/research-status",
    "timestamp": "unknown"
  },
  {
    "title": "R&D Status",
    "link": "https://www.lgchem.com/company/research-and-development/research-status",
    "timestamp": "unknown"
  },
  {
    "title": "R&D Field",
    "link": "https://www.lgchem.com/company/research-and-development/research-field",
    "timestamp": "unknown"
  },
  {
    "title": "R&D Achievements",
    "link": "https://www.lgchem.com/company/research-and-development/research-result",
    "timestamp": "unknown"
  },
  {
    "title": "Open Innovation",
    "link": "https://www.lgchem.com/company/research-and-development/open-innovation",
    "timestamp": "unknown"
  },
  {
    "title": "Social PartnershipVision and Strategic TasksOperation Status",
    "link": "https://www.lgchem.com/company/social-contribution/vision-and-strategy",
    "timestamp": "unknown"
  },
  {
    "title": "Vision and Strategic Tasks",
    "link": "https://www.lgchem.com/company/social-contribution/vision-and-strategy",
    "timestamp": "unknown"
  },
  {
    "title": "Operation Status",
    "link": "https://www.lgchem.com/company/social-contribution/operation-status",
    "timestamp": "unknown"
  },
  {
    "title": "MediaNewsroomNoticeAdvertisementsLG Chem in Everyday Life",
    "link": "https://www.lgchem.com/company/information-center/press-release",
    "timestamp": "unknown"
  },
  {
    "title": "Newsroom",
    "link": "https://www.lgchem.com/company/information-center/press-release",
    "timestamp": "unknown"
  },
  {
    "title": "Notice",
    "link": "https://www.lgchem.com/company/general-notice/notice",
    "timestamp": "unknown"
  },
  {
    "title": "Advertisements",
    "link": "https://www.lgchem.com/company/information-center/advertising-media",
    "timestamp": "unknown"
  },
  {
    "title": "LG Chem in Everyday Life",
    "link": "https://www.lgchem.com/company/information-center/life-in-lgchem",
    "timestamp": "unknown"
  },
  {
    "title": "PRODUCTPetrochemicalsAllBy MaterialBy Applicable IndustryBy DivisionAdvanced MaterialsAllBy MaterialBy Applicable IndustryBy DivisionLife SciencesAllB",
    "link": "https://www.lgchem.com/product/petrochemicals",
    "timestamp": "unknown"
  },
  {
    "title": "PetrochemicalsAllBy MaterialBy Applicable IndustryBy DivisionAdvanced MaterialsAllBy MaterialBy Applicable IndustryBy DivisionLife SciencesAllBy Medic",
    "link": "https://www.lgchem.com/product/petrochemicals",
    "timestamp": "unknown"
  },
  {
    "title": "PetrochemicalsAllBy MaterialBy Applicable IndustryBy Division",
    "link": "https://www.lgchem.com/product/petrochemicals",
    "timestamp": "unknown"
  },
  {
    "title": "All",
    "link": "https://www.lgchem.com/product/petrochemicals",
    "timestamp": "unknown"
  },
  {
    "title": "By Material",
    "link": "https://www.lgchem.com/product/petrochemicals/material",
    "timestamp": "unknown"
  },
  {
    "title": "By Applicable Industry",
    "link": "https://www.lgchem.com/product/petrochemicals/applicable-industry",
    "timestamp": "unknown"
  },
  {
    "title": "By Division",
    "link": "https://www.lgchem.com/product/petrochemicals/division",
    "timestamp": "unknown"
  },
  {
    "title": "Advanced MaterialsAllBy MaterialBy Applicable IndustryBy Division",
    "link": "https://www.lgchem.com/product/advanced-materials",
    "timestamp": "unknown"
  },
  {
    "title": "All",
    "link": "https://www.lgchem.com/product/advanced-materials",
    "timestamp": "unknown"
  },
  {
    "title": "By Material",
    "link": "https://www.lgchem.com/product/advanced-materials/material",
    "timestamp": "unknown"
  },
  {
    "title": "By Applicable Industry",
    "link": "https://www.lgchem.com/product/advanced-materials/applicable-industry",
    "timestamp": "unknown"
  },
  {
    "title": "By Division",
    "link": "https://www.lgchem.com/product/advanced-materials/division",
    "timestamp": "unknown"
  },
  {
    "title": "Life SciencesAllBy Medical ConditionBy Product TypeBy Division",
    "link": "https://www.lgchem.com/product/life-sciences",
    "timestamp": "unknown"
  },
  {
    "title": "All",
    "link": "https://www.lgchem.com/product/life-sciences",
    "timestamp": "unknown"
  },
  {
    "title": "By Medical Condition",
    "link": "https://www.lgchem.com/product/life-sciences/medical-condition",
    "timestamp": "unknown"
  },
  {
    "title": "By Product Type",
    "link": "https://www.lgchem.com/product/life-sciences/product-type",
    "timestamp": "unknown"
  },
  {
    "title": "By Division",
    "link": "https://www.lgchem.com/product/life-sciences/division",
    "timestamp": "unknown"
  },
  {
    "title": "SUSTAINABILITYSustainability StrategySustainability StrategySustainability Report andESG Performance DataESG BondsEco-Friendly Materials BrandLETZeroC",
    "link": "https://www.lgchem.com/sustainability/sustainability-strategy",
    "timestamp": "unknown"
  },
  {
    "title": "Sustainability StrategySustainability StrategySustainability Report andESG Performance DataESG BondsEco-Friendly Materials BrandLETZeroClimate ChangeC",
    "link": "https://www.lgchem.com/sustainability/sustainability-strategy",
    "timestamp": "unknown"
  },
  {
    "title": "Sustainability StrategySustainability StrategySustainability Report andESG Performance DataESG BondsEco-Friendly Materials BrandLETZero",
    "link": "https://www.lgchem.com/sustainability/sustainability-strategy",
    "timestamp": "unknown"
  },
  {
    "title": "Sustainability Strategy",
    "link": "https://www.lgchem.com/sustainability/sustainability-strategy",
    "timestamp": "unknown"
  },
  {
    "title": "Sustainability Report andESG Performance Data",
    "link": "https://www.lgchem.com/sustainability/sustainability-strategy/esg-data",
    "timestamp": "unknown"
  },
  {
    "title": "ESG Bonds",
    "link": "https://www.lgchem.com/sustainability/sustainability-strategy/esg-bond",
    "timestamp": "unknown"
  },
  {
    "title": "Eco-Friendly Materials BrandLETZero",
    "link": "https://www.lgchem.com/sustainability/sustainability-strategy/eco-product_letzero",
    "timestamp": "unknown"
  },
  {
    "title": "Climate ChangeClimate Action",
    "link": "https://www.lgchem.com/sustainability/climate-change",
    "timestamp": "unknown"
  },
  {
    "title": "Climate Action",
    "link": "https://www.lgchem.com/sustainability/climate-change",
    "timestamp": "unknown"
  },
  {
    "title": "CircularityCircular Economy",
    "link": "https://www.lgchem.com/sustainability/circular-economy",
    "timestamp": "unknown"
  },
  {
    "title": "Circular Economy",
    "link": "https://www.lgchem.com/sustainability/circular-economy",
    "timestamp": "unknown"
  },
  {
    "title": "Supply ChainResponsible Supply Chain",
    "link": "https://www.lgchem.com/sustainability/responsible-supply-chain",
    "timestamp": "unknown"
  },
  {
    "title": "Responsible Supply Chain",
    "link": "https://www.lgchem.com/sustainability/responsible-supply-chain",
    "timestamp": "unknown"
  },
  {
    "title": "ComplianceEH&SCompliance Management",
    "link": "https://www.lgchem.com/sustainability/environment-health-safety",
    "timestamp": "unknown"
  },
  {
    "title": "EH&S",
    "link": "https://www.lgchem.com/sustainability/environment-health-safety",
    "timestamp": "unknown"
  },
  {
    "title": "Compliance Management",
    "link": "https://www.lgchem.com/sustainability/compliance-management",
    "timestamp": "unknown"
  },
  {
    "title": "Human RightsHuman Rights",
    "link": "https://www.lgchem.com/sustainability/human-rights",
    "timestamp": "unknown"
  },
  {
    "title": "Human Rights",
    "link": "https://www.lgchem.com/sustainability/human-rights",
    "timestamp": "unknown"
  },
  {
    "title": "CAREERSWorkplace VisionPeopleLifeApply",
    "link": "https://www.lgchem.com/career/index",
    "timestamp": "unknown"
  },
  {
    "title": "Workplace VisionPeopleLifeApply",
    "link": "https://www.lgchem.com/career/index#section-",
    "timestamp": "unknown"
  },
  {
    "title": "Workplace Vision",
    "link": "https://www.lgchem.com/career/index#section-",
    "timestamp": "unknown"
  },
  {
    "title": "People",
    "link": "https://www.lgchem.com/career/index#section-",
    "timestamp": "unknown"
  },
  {
    "title": "Life",
    "link": "https://www.lgchem.com/career/index#section-",
    "timestamp": "unknown"
  },
  {
    "title": "Apply",
    "link": "https://www.lgchem.com/career/index#Apply",
    "timestamp": "unknown"
  },
  {
    "title": "History of LG Chem",
    "link": "https://www.lgchem.com/global/lg-chem-history",
    "timestamp": "unknown"
  },
  {
    "title": "KORENGCHNGER\uc804\uccb4 \uba54\ub274 \uc5f4\uae30",
    "link": "javascript:localeChange('ko_KR');",
    "timestamp": "unknown"
  },
  {
    "title": "KORENGCHNGER",
    "link": "javascript:localeChange('ko_KR');",
    "timestamp": "unknown"
  },
  {
    "title": "KOR",
    "link": "javascript:localeChange('ko_KR');",
    "timestamp": "unknown"
  },
  {
    "title": "ENG",
    "link": "javascript:localeChange('en_GLOBAL');",
    "timestamp": "unknown"
  },
  {
    "title": "CHN",
    "link": "javascript:localeChange('zh_CN');",
    "timestamp": "unknown"
  },
  {
    "title": "GER",
    "link": "javascript:localeChange('de_GER');",
    "timestamp": "unknown"
  },
  {
    "title": "Investor RelationsNew Drug PipelineLG Chem OnView All ProductsESG performance dataEco-friendly Materials BrandLETZeroMoreSustainable TodayMoreLatest N",
    "link": "https://www.lgchem.com/company/information-center/press-release",
    "timestamp": "unknown"
  },
  {
    "title": "Investor RelationsNew Drug PipelineLG Chem OnView All ProductsESG performance dataEco-friendly Materials BrandLETZeroMoreSustainable TodayMoreLatest N",
    "link": "https://www.lgchem.com/company/information-center/press-release",
    "timestamp": "unknown"
  },
  {
    "title": "Investor RelationsNew Drug PipelineLG Chem OnView All ProductsESG performance data",
    "link": "https://www.lgchem.com/company/information-center/press-release",
    "timestamp": "unknown"
  },
  {
    "title": "Investor Relations",
    "link": "https://www.lgchem.com/company/investment-information/ir-events/ir-events",
    "timestamp": "unknown"
  },
  {
    "title": "New Drug Pipeline",
    "link": "https://www.lgchem.com/company/company-information/business-domain/biology#pipeline",
    "timestamp": "unknown"
  },
  {
    "title": "LG Chem On",
    "link": "https://www.lgchemon.com/s/?language=en_US",
    "timestamp": "unknown"
  },
  {
    "title": "View All Products",
    "link": "https://www.lgchem.com/product/product-list/petrochemicals",
    "timestamp": "unknown"
  },
  {
    "title": "ESG performance data",
    "link": "https://www.lgchem.com/sustainability/esg-data",
    "timestamp": "unknown"
  },
  {
    "title": "Eco-friendly Materials BrandLETZeroMoreSustainable TodayMoreLatest NewsMorearchives100Moreplay",
    "link": "https://www.lgchem.com/sustainability/eco-product_letzero",
    "timestamp": "unknown"
  },
  {
    "title": "Eco-friendly Materials BrandLETZeroMoreSustainable TodayMoreLatest NewsMorearchives100Moreplay",
    "link": "https://www.lgchem.com/sustainability/eco-product_letzero",
    "timestamp": "unknown"
  },
  {
    "title": "Eco-friendly Materials BrandLETZeroMoreSustainable TodayMoreLatest NewsMorearchives100More",
    "link": "https://www.lgchem.com/sustainability/eco-product_letzero",
    "timestamp": "unknown"
  },
  {
    "title": "Eco-friendly Materials BrandLETZeroMoreSustainable TodayMoreLatest NewsMorearchives100More",
    "link": "https://www.lgchem.com/sustainability/eco-product_letzero",
    "timestamp": "unknown"
  },
  {
    "title": "Eco-friendly Materials BrandLETZeroMore",
    "link": "https://www.lgchem.com/sustainability/eco-product_letzero",
    "timestamp": "unknown"
  },
  {
    "title": "Eco-friendly Materials BrandLETZeroMore",
    "link": "https://www.lgchem.com/sustainability/eco-product_letzero",
    "timestamp": "unknown"
  },
  {
    "title": "Sustainable TodayMore",
    "link": "https://www.lgchem.com/sustainability/sustainability-strategy",
    "timestamp": "unknown"
  },
  {
    "title": "Sustainable TodayMore",
    "link": "https://www.lgchem.com/sustainability/sustainability-strategy",
    "timestamp": "unknown"
  },
  {
    "title": "Latest NewsMore",
    "link": "https://www.lgchem.com/company/information-center/press-release",
    "timestamp": "unknown"
  },
  {
    "title": "Latest NewsMore",
    "link": "https://www.lgchem.com/company/information-center/press-release",
    "timestamp": "unknown"
  },
  {
    "title": "archives100More",
    "link": "https://www.lgchem.com/lg-chem-history/archives100/index?langCd=eng",
    "timestamp": "unknown"
  },
  {
    "title": "archives100More",
    "link": "https://www.lgchem.com/lg-chem-history/archives100/index?langCd=eng",
    "timestamp": "unknown"
  },
  {
    "title": "play",
    "link": "https://www.lgchem.com/company/information-center/press-release",
    "timestamp": "unknown"
  },
  {
    "title": "Company ProfileSustainability ReportEco-friendly Materials LETZeroCI Logo",
    "link": "https://www.lgchem.com/upload/file/introduce/2025_Introduction_of_LGChem_EN[].pdf",
    "timestamp": "unknown"
  },
  {
    "title": "Company ProfileSustainability ReportEco-friendly Materials LETZeroCI Logo",
    "link": "https://www.lgchem.com/upload/file/introduce/2025_Introduction_of_LGChem_EN[].pdf",
    "timestamp": "unknown"
  },
  {
    "title": "Company ProfileSustainability ReportEco-friendly Materials LETZeroCI Logo",
    "link": "https://www.lgchem.com/upload/file/introduce/2025_Introduction_of_LGChem_EN[].pdf",
    "timestamp": "unknown"
  },
  {
    "title": "Company Profile",
    "link": "https://www.lgchem.com/upload/file/introduce/2025_Introduction_of_LGChem_EN[].pdf",
    "timestamp": "unknown"
  },
  {
    "title": "Sustainability Report",
    "link": "https://www.lgchem.com/upload/file/sustainability/2024_LGChem_Sustainability_Report_ENG.pdf",
    "timestamp": "unknown"
  },
  {
    "title": "Eco-friendly Materials LETZero",
    "link": "https://www.lgchem.com/upload/file/sustainability/2023_LETZero_Productbook_en.pdf",
    "timestamp": "unknown"
  },
  {
    "title": "CI Logo",
    "link": "https://www.lgchem.com/upload/logo_jpg.zip",
    "timestamp": "unknown"
  },
  {
    "title": "History of LG ChemKORENGCHNGERClose global navigationCOMPANY\ud655\uc7a5\ub428Company IntroductionAbout UsVisionLG WayCIBrand IdentityBusiness AreasGlobal NetworkHis",
    "link": "https://www.lgchem.com/global/lg-chem-history",
    "timestamp": "unknown"
  },
  {
    "title": "History of LG ChemKORENGCHNGERClose global navigation",
    "link": "https://www.lgchem.com/global/lg-chem-history",
    "timestamp": "unknown"
  },
  {
    "title": "History of LG Chem",
    "link": "https://www.lgchem.com/global/lg-chem-history",
    "timestamp": "unknown"
  },
  {
    "title": "KORENGCHNGER",
    "link": "javascript:void();",
    "timestamp": "unknown"
  },
  {
    "title": "KOR",
    "link": "javascript:void();",
    "timestamp": "unknown"
  },
  {
    "title": "ENG",
    "link": "javascript:void();",
    "timestamp": "unknown"
  },
  {
    "title": "CHN",
    "link": "javascript:void();",
    "timestamp": "unknown"
  },
  {
    "title": "GER",
    "link": "javascript:void();",
    "timestamp": "unknown"
  },
  {
    "title": "COMPANY\ud655\uc7a5\ub428Company IntroductionAbout UsVisionLG WayCIBrand IdentityBusiness AreasGlobal NetworkHistoryInvestor RelationsManagement InformationBoard of ",
    "link": "https://www.lgchem.com/company/company-information/about",
    "timestamp": "unknown"
  },
  {
    "title": "COMPANY\ud655\uc7a5\ub428Company IntroductionAbout UsVisionLG WayCIBrand IdentityBusiness AreasGlobal NetworkHistoryInvestor RelationsManagement InformationBoard of ",
    "link": "https://www.lgchem.com/company/company-information/about",
    "timestamp": "unknown"
  },
  {
    "title": "Company IntroductionAbout UsVisionLG WayCIBrand IdentityBusiness AreasGlobal NetworkHistoryInvestor RelationsManagement InformationBoard of DirectorsC",
    "link": "https://www.lgchem.com/company/company-information/about",
    "timestamp": "unknown"
  },
  {
    "title": "Company IntroductionAbout UsVisionLG WayCIBrand IdentityBusiness AreasGlobal NetworkHistory",
    "link": "https://www.lgchem.com/company/company-information/about",
    "timestamp": "unknown"
  },
  {
    "title": "About Us",
    "link": "https://www.lgchem.com/company/company-information/about",
    "timestamp": "unknown"
  },
  {
    "title": "Vision",
    "link": "https://www.lgchem.com/company/company-information/our-visions",
    "timestamp": "unknown"
  },
  {
    "title": "LG Way",
    "link": "https://www.lgchem.com/company/company-information/lgway",
    "timestamp": "unknown"
  },
  {
    "title": "CI",
    "link": "https://www.lgchem.com/company/company-information/ci",
    "timestamp": "unknown"
  },
  {
    "title": "Brand Identity",
    "link": "https://www.lgchem.com/company/company-information/brand-identity",
    "timestamp": "unknown"
  },
  {
    "title": "Business Areas",
    "link": "https://www.lgchem.com/company/company-information/business-domain/petrochemical",
    "timestamp": "unknown"
  },
  {
    "title": "Global NetworkHistory",
    "link": "https://www.lgchem.com/company/global-network",
    "timestamp": "unknown"
  },
  {
    "title": "History",
    "link": "https://www.lgchem.com/company/company-information/company-history",
    "timestamp": "unknown"
  },
  {
    "title": "Investor RelationsManagement InformationBoard of DirectorsCommitteesCorporate GovernanceFinancial InformationFinancial HighlightsFinancial RatiosStock",
    "link": "https://www.lgchem.com/company/investment-information/management-information/board-of-directors",
    "timestamp": "unknown"
  },
  {
    "title": "Management InformationBoard of DirectorsCommitteesCorporate Governance",
    "link": "https://www.lgchem.com/company/investment-information/management-information/board-of-directors",
    "timestamp": "unknown"
  },
  {
    "title": "Board of Directors",
    "link": "https://www.lgchem.com/company/investment-information/management-information/board-of-directors",
    "timestamp": "unknown"
  },
  {
    "title": "Committees",
    "link": "https://www.lgchem.com/company/investment-information/management-information/committee",
    "timestamp": "unknown"
  },
  {
    "title": "Corporate Governance",
    "link": "https://www.lgchem.com/company/investment-information/management-information/corporate-governance",
    "timestamp": "unknown"
  },
  {
    "title": "Financial InformationFinancial HighlightsFinancial Ratios",
    "link": "https://www.lgchem.com/company/investment-information/financial-information/financial-summary",
    "timestamp": "unknown"
  },
  {
    "title": "Financial Highlights",
    "link": "https://www.lgchem.com/company/investment-information/financial-information/financial-summary",
    "timestamp": "unknown"
  },
  {
    "title": "Financial Ratios",
    "link": "https://www.lgchem.com/company/investment-information/financial-information/stock-valuations",
    "timestamp": "unknown"
  },
  {
    "title": "Stock InformationStocks/ShareholdersDividends",
    "link": "https://www.lgchem.com/company/investment-information/stock-information/stock-shareholder",
    "timestamp": "unknown"
  },
  {
    "title": "Stocks/Shareholders",
    "link": "https://www.lgchem.com/company/investment-information/stock-information/stock-shareholder",
    "timestamp": "unknown"
  },
  {
    "title": "Dividends",
    "link": "https://www.lgchem.com/company/investment-information/stock-information/dividends",
    "timestamp": "unknown"
  },
  {
    "title": "IR ActivitiesIR ArchiveAudit Report",
    "link": "https://www.lgchem.com/company/investment-information/ir-events",
    "timestamp": "unknown"
  },
  {
    "title": "IR ArchiveAudit Report",
    "link": "https://www.lgchem.com/company/investment-information/ir-report/audit-report/consolidated-financial-statements",
    "timestamp": "unknown"
  },
  {
    "title": "Audit Report",
    "link": "https://www.lgchem.com/company/investment-information/ir-report/audit-report/consolidated-financial-statements",
    "timestamp": "unknown"
  },
  {
    "title": "R&DR&D StatusR&D FieldR&D AchievementsOpen Innovation",
    "link": "https://www.lgchem.com/company/research-and-development/research-status",
    "timestamp": "unknown"
  },
  {
    "title": "R&D Status",
    "link": "https://www.lgchem.com/company/research-and-development/research-status",
    "timestamp": "unknown"
  },
  {
    "title": "R&D Field",
    "link": "https://www.lgchem.com/company/research-and-development/research-field",
    "timestamp": "unknown"
  },
  {
    "title": "R&D Achievements",
    "link": "https://www.lgchem.com/company/research-and-development/research-result",
    "timestamp": "unknown"
  },
  {
    "title": "Open Innovation",
    "link": "https://www.lgchem.com/company/research-and-development/open-innovation",
    "timestamp": "unknown"
  },
  {
    "title": "Social PartnershipVision and Strategic TasksOperation Status",
    "link": "https://www.lgchem.com/company/social-contribution/vision-and-strategy",
    "timestamp": "unknown"
  },
  {
    "title": "Vision and Strategic Tasks",
    "link": "https://www.lgchem.com/company/social-contribution/vision-and-strategy",
    "timestamp": "unknown"
  },
  {
    "title": "Operation Status",
    "link": "https://www.lgchem.com/company/social-contribution/operation-status",
    "timestamp": "unknown"
  },
  {
    "title": "MediaNewsroomNoticeAdvertisementsLG Chem in Everyday Life",
    "link": "https://www.lgchem.com/company/information-center/press-release",
    "timestamp": "unknown"
  },
  {
    "title": "Newsroom",
    "link": "https://www.lgchem.com/company/information-center/press-release",
    "timestamp": "unknown"
  },
  {
    "title": "Notice",
    "link": "https://www.lgchem.com/company/general-notice/notice",
    "timestamp": "unknown"
  },
  {
    "title": "Advertisements",
    "link": "https://www.lgchem.com/company/information-center/advertising-media",
    "timestamp": "unknown"
  },
  {
    "title": "LG Chem in Everyday Life",
    "link": "https://www.lgchem.com/company/information-center/life-in-lgchem",
    "timestamp": "unknown"
  },
  {
    "title": "PRODUCT\ud655\uc7a5\ub428PetrochemicalsAllBy MaterialBy Applicable IndustryBy DivisionAdvanced MaterialsAllBy MaterialBy Applicable IndustryBy DivisionLife SciencesA",
    "link": "https://www.lgchem.com/product/petrochemicals",
    "timestamp": "unknown"
  },
  {
    "title": "PetrochemicalsAllBy MaterialBy Applicable IndustryBy DivisionAdvanced MaterialsAllBy MaterialBy Applicable IndustryBy DivisionLife SciencesAllBy Medic",
    "link": "https://www.lgchem.com/product/petrochemicals",
    "timestamp": "unknown"
  },
  {
    "title": "PetrochemicalsAllBy MaterialBy Applicable IndustryBy Division",
    "link": "https://www.lgchem.com/product/petrochemicals",
    "timestamp": "unknown"
  },
  {
    "title": "All",
    "link": "https://www.lgchem.com/product/petrochemicals",
    "timestamp": "unknown"
  },
  {
    "title": "By Material",
    "link": "https://www.lgchem.com/product/petrochemicals/material",
    "timestamp": "unknown"
  },
  {
    "title": "By Applicable Industry",
    "link": "https://www.lgchem.com/product/petrochemicals/applicable-industry",
    "timestamp": "unknown"
  },
  {
    "title": "By Division",
    "link": "https://www.lgchem.com/product/petrochemicals/division",
    "timestamp": "unknown"
  },
  {
    "title": "Advanced MaterialsAllBy MaterialBy Applicable IndustryBy Division",
    "link": "https://www.lgchem.com/product/advanced-materials",
    "timestamp": "unknown"
  },
  {
    "title": "All",
    "link": "https://www.lgchem.com/product/advanced-materials",
    "timestamp": "unknown"
  },
  {
    "title": "By Material",
    "link": "https://www.lgchem.com/product/advanced-materials/material",
    "timestamp": "unknown"
  },
  {
    "title": "By Applicable Industry",
    "link": "https://www.lgchem.com/product/advanced-materials/applicable-industry",
    "timestamp": "unknown"
  },
  {
    "title": "By Division",
    "link": "https://www.lgchem.com/product/advanced-materials/division",
    "timestamp": "unknown"
  },
  {
    "title": "Life SciencesAllBy Medical ConditionBy Product TypeBy Division",
    "link": "https://www.lgchem.com/product/life-sciences",
    "timestamp": "unknown"
  },
  {
    "title": "All",
    "link": "https://www.lgchem.com/product/life-sciences",
    "timestamp": "unknown"
  },
  {
    "title": "By Medical Condition",
    "link": "https://www.lgchem.com/product/life-sciences/medical-condition",
    "timestamp": "unknown"
  },
  {
    "title": "By Product Type",
    "link": "https://www.lgchem.com/product/life-sciences/product-type",
    "timestamp": "unknown"
  },
  {
    "title": "By Division",
    "link": "https://www.lgchem.com/product/life-sciences/division",
    "timestamp": "unknown"
  },
  {
    "title": "SUSTAINABILITY\ud655\uc7a5\ub428Sustainability StrategySustainability StrategySustainability Report and ESG Performance DataESG BondsEco-friendly Materials Brand LET",
    "link": "https://www.lgchem.com/sustainability/sustainability-strategy",
    "timestamp": "unknown"
  },
  {
    "title": "Sustainability StrategySustainability StrategySustainability Report and ESG Performance DataESG BondsEco-friendly Materials Brand LETZeroClimate Chang",
    "link": "https://www.lgchem.com/sustainability/sustainability-strategy",
    "timestamp": "unknown"
  },
  {
    "title": "Sustainability StrategySustainability StrategySustainability Report and ESG Performance DataESG BondsEco-friendly Materials Brand LETZero",
    "link": "https://www.lgchem.com/sustainability/sustainability-strategy",
    "timestamp": "unknown"
  },
  {
    "title": "Sustainability Strategy",
    "link": "https://www.lgchem.com/sustainability/sustainability-strategy",
    "timestamp": "unknown"
  },
  {
    "title": "Sustainability Report and ESG Performance Data",
    "link": "https://www.lgchem.com/sustainability/sustainability-strategy/esg-data",
    "timestamp": "unknown"
  },
  {
    "title": "ESG Bonds",
    "link": "https://www.lgchem.com/sustainability/sustainability-strategy/esg-bond",
    "timestamp": "unknown"
  },
  {
    "title": "Eco-friendly Materials Brand LETZero",
    "link": "https://www.lgchem.com/sustainability/sustainability-strategy/eco-product_letzero",
    "timestamp": "unknown"
  },
  {
    "title": "Climate ChangeClimate Action",
    "link": "https://www.lgchem.com/sustainability/climate-change",
    "timestamp": "unknown"
  },
  {
    "title": "Climate Action",
    "link": "https://www.lgchem.com/sustainability/climate-change",
    "timestamp": "unknown"
  },
  {
    "title": "CircularityCircular Economy",
    "link": "https://www.lgchem.com/sustainability/circular-economy",
    "timestamp": "unknown"
  },
  {
    "title": "Circular Economy",
    "link": "https://www.lgchem.com/sustainability/circular-economy",
    "timestamp": "unknown"
  },
  {
    "title": "Supply ChainResponsible Supply Chain",
    "link": "https://www.lgchem.com/sustainability/supply-chain/responsible-supply-chain",
    "timestamp": "unknown"
  },
  {
    "title": "Responsible Supply Chain",
    "link": "https://www.lgchem.com/sustainability/supply-chain/responsible-supply-chain",
    "timestamp": "unknown"
  },
  {
    "title": "ComplianceEnvironment, Health & SafetyCompliance Management",
    "link": "https://www.lgchem.com/sustainability/compliance/environment-health-safety",
    "timestamp": "unknown"
  },
  {
    "title": "Environment, Health & Safety",
    "link": "https://www.lgchem.com/sustainability/compliance/environment-health-safety",
    "timestamp": "unknown"
  },
  {
    "title": "Compliance Management",
    "link": "https://www.lgchem.com/sustainability/compliance/compliance-management",
    "timestamp": "unknown"
  },
  {
    "title": "Human RightsHuman Rights",
    "link": "https://www.lgchem.com/sustainability/human-rights",
    "timestamp": "unknown"
  },
  {
    "title": "Human Rights",
    "link": "https://www.lgchem.com/sustainability/human-rights",
    "timestamp": "unknown"
  },
  {
    "title": "CAREERS\ud655\uc7a5\ub428Workplace VisionPeopleLifeApply",
    "link": "https://www.lgchem.com/career/index#section-",
    "timestamp": "unknown"
  },
  {
    "title": "Workplace VisionPeopleLifeApply",
    "link": "https://www.lgchem.com/career/index#section-",
    "timestamp": "unknown"
  },
  {
    "title": "Workplace Vision",
    "link": "https://www.lgchem.com/career/index#section-",
    "timestamp": "unknown"
  },
  {
    "title": "Workplace Vision",
    "link": "https://www.lgchem.com/career/index#section-",
    "timestamp": "unknown"
  },
  {
    "title": "People",
    "link": "https://www.lgchem.com/career/index#section-",
    "timestamp": "unknown"
  },
  {
    "title": "People",
    "link": "https://www.lgchem.com/career/index#section-",
    "timestamp": "unknown"
  },
  {
    "title": "Life",
    "link": "https://www.lgchem.com/career/index#section-",
    "timestamp": "unknown"
  },
  {
    "title": "Life",
    "link": "https://www.lgchem.com/career/index#section-",
    "timestamp": "unknown"
  },
  {
    "title": "Apply",
    "link": "https://www.lgchem.com/career/index#Apply",
    "timestamp": "unknown"
  },
  {
    "title": "Apply",
    "link": "https://www.lgchem.com/career/index#Apply",
    "timestamp": "unknown"
  },
  {
    "title": "Company ProfileSustainability ReportEco-friendly Materials LETZeroCI Logo",
    "link": "https://www.lgchem.com/upload/file/introduce/2025_Introduction_of_LGChem_ENG.pdf",
    "timestamp": "unknown"
  },
  {
    "title": "Company ProfileSustainability ReportEco-friendly Materials LETZeroCI Logo",
    "link": "https://www.lgchem.com/upload/file/introduce/2025_Introduction_of_LGChem_ENG.pdf",
    "timestamp": "unknown"
  },
  {
    "title": "Company ProfileSustainability ReportEco-friendly Materials LETZeroCI Logo",
    "link": "https://www.lgchem.com/upload/file/introduce/2025_Introduction_of_LGChem_ENG.pdf",
    "timestamp": "unknown"
  },
  {
    "title": "Company Profile",
    "link": "https://www.lgchem.com/upload/file/introduce/2025_Introduction_of_LGChem_ENG.pdf",
    "timestamp": "unknown"
  },
  {
    "title": "Sustainability Report",
    "link": "javascript:void();",
    "timestamp": "unknown"
  },
  {
    "title": "Eco-friendly Materials LETZero",
    "link": "https://www.lgchem.com/upload/file/sustainability/2023_LETZero_Productbook_en.pdf",
    "timestamp": "unknown"
  },
  {
    "title": "CI Logo",
    "link": "https://www.lgchem.com/upload/logo_jpg.zip",
    "timestamp": "unknown"
  },
  {
    "title": "OpenFacebookTwitterCopy LinkNewsroomNewsroomallPress ReleasesLG Chem Poised to Target Global Customers at K  with Innovative, Tailored Materials..Pres",
    "link": "javascript:void();",
    "timestamp": "unknown"
  },
  {
    "title": "OpenFacebookTwitterCopy LinkNewsroomNewsroomallPress ReleasesLG Chem Poised to Target Global Customers at K  with Innovative, Tailored Materials..Pres",
    "link": "javascript:void();",
    "timestamp": "unknown"
  },
  {
    "title": "OpenFacebookTwitterCopy Link",
    "link": "javascript:void();",
    "timestamp": "unknown"
  },
  {
    "title": "Facebook",
    "link": "javascript:void();",
    "timestamp": "unknown"
  },
  {
    "title": "Twitter",
    "link": "javascript:void();",
    "timestamp": "unknown"
  },
  {
    "title": "Copy Link",
    "link": "javascript:;",
    "timestamp": "unknown"
  },
  {
    "title": "Press ReleasesLG Chem Poised to Target Global Customers at K  with Innovative, Tailored Materials..Press ReleasesLG Chem Targets Next-Generation Semic",
    "link": "javascript:;",
    "timestamp": "unknown"
  },
  {
    "title": "Press ReleasesLG Chem Poised to Target Global Customers at K  with Innovative, Tailored Materials..Press ReleasesLG Chem Targets Next-Generation Semic",
    "link": "javascript:;",
    "timestamp": "unknown"
  },
  {
    "title": "Press ReleasesLG Chem Poised to Target Global Customers at K  with Innovative, Tailored Materials..",
    "link": "javascript:;",
    "timestamp": "unknown"
  },
  {
    "title": "Press ReleasesLG Chem Targets Next-Generation Semiconductor Packaging with High-Resolution PID..",
    "link": "javascript:;",
    "timestamp": "unknown"
  },
  {
    "title": "Press ReleasesLG Chem and Toyota Group Partner to Accelerate Cathode Materials Market Entry..",
    "link": "javascript:;",
    "timestamp": "unknown"
  },
  {
    "title": "Press ReleasesLG Chem Announces Q2 Financial Results..",
    "link": "javascript:;",
    "timestamp": "unknown"
  },
  {
    "title": "Press ReleasesLG Chem and Enilive Breaks Ground on Korea\u2019s First HVO/SAF Plant..",
    "link": "javascript:;",
    "timestamp": "unknown"
  },
  {
    "title": "Press ReleasesLG Chem and Noritake Co-Develop High-Performance Paste for Automotive Power Semiconductors..",
    "link": "javascript:;",
    "timestamp": "unknown"
  },
  {
    "title": "\uccab \ud398\uc774\uc9c0\uc774\uc804  \ud398\uc774\uc9c0\ub85c\ub2e4\uc74c  \ud398\uc774\uc9c0\ub85c\ub9c8\uc9c0\ub9c9 \ud398\uc774\uc9c0\ub85c",
    "link": "javascript:void();",
    "timestamp": "unknown"
  },
  {
    "title": "\uccab \ud398\uc774\uc9c0\uc774\uc804  \ud398\uc774\uc9c0\ub85c\ub2e4\uc74c  \ud398\uc774\uc9c0\ub85c\ub9c8\uc9c0\ub9c9 \ud398\uc774\uc9c0\ub85c",
    "link": "javascript:void();",
    "timestamp": "unknown"
  },
  {
    "title": "\uccab \ud398\uc774\uc9c0\uc774\uc804  \ud398\uc774\uc9c0\ub85c\ub2e4\uc74c  \ud398\uc774\uc9c0\ub85c\ub9c8\uc9c0\ub9c9 \ud398\uc774\uc9c0\ub85c",
    "link": "javascript:void();",
    "timestamp": "unknown"
  },
  {
    "title": "\uccab \ud398\uc774\uc9c0\uc774\uc804  \ud398\uc774\uc9c0\ub85c\ub2e4\uc74c  \ud398\uc774\uc9c0\ub85c\ub9c8\uc9c0\ub9c9 \ud398\uc774\uc9c0\ub85c",
    "link": "javascript:void();",
    "timestamp": "unknown"
  },
  {
    "title": "Privacy Policy",
    "link": "https://www.lgchem.com/privacy/privacy",
    "timestamp": "unknown"
  },
  {
    "title": "Ethics Hotline",
    "link": "javascript:void();",
    "timestamp": "unknown"
  },
  {
    "title": "Site Map",
    "link": "https://www.lgchem.com/main/sitemap",
    "timestamp": "unknown"
  },
  {
    "title": ": Inquiries",
    "link": "https://www.lgchem.com/customerService/faq",
    "timestamp": "unknown"
  },
  {
    "title": "SurveyLG Chem History Highlights",
    "link": "https://www.lgchem.com/global/lg-chem-history",
    "timestamp": "unknown"
  },
  {
    "title": "Rejection of Unauthorized E-mail Collection",
    "link": "javascript:void();",
    "timestamp": "unknown"
  },
  {
    "title": "Related SitesLG Corp.LGLG DisplayLG ElectronicsLG U+LG Household&Health CareFamily SiteLG Chem BlogLG Energy SolutionInnovation CenterRO membraneFarmh",
    "link": "http://www.lgcorp.com/",
    "timestamp": "unknown"
  },
  {
    "title": "LG Corp.LGLG DisplayLG ElectronicsLG U+LG Household&Health CareFamily SiteLG Chem BlogLG Energy SolutionInnovation CenterRO membraneFarmhannongAVEO Ph",
    "link": "http://www.lgcorp.com/",
    "timestamp": "unknown"
  },
  {
    "title": "LG Corp.LGLG DisplayLG ElectronicsLG U+LG Household&Health Care",
    "link": "http://www.lgcorp.com/",
    "timestamp": "unknown"
  },
  {
    "title": "LG",
    "link": "http://www.lgcorp.com/",
    "timestamp": "unknown"
  },
  {
    "title": "LG Display",
    "link": "https://www.lgdisplay.com/kor",
    "timestamp": "unknown"
  },
  {
    "title": "LG Electronics",
    "link": "https://www.lg.com/global",
    "timestamp": "unknown"
  },
  {
    "title": "LG U+",
    "link": "http://www.uplus.co.kr/com/main/pemain/PeMain.hpi",
    "timestamp": "unknown"
  },
  {
    "title": "LG Household&Health Care",
    "link": "http://www.lghnh.com/global/",
    "timestamp": "unknown"
  },
  {
    "title": "Family SiteLG Chem BlogLG Energy SolutionInnovation CenterRO membraneFarmhannongAVEO PharmaceuticalsVirtual e-Mobility Solution Site",
    "link": "https://blog.lgchem.com/en/",
    "timestamp": "unknown"
  },
  {
    "title": "LG Chem Blog",
    "link": "https://blog.lgchem.com/en/",
    "timestamp": "unknown"
  },
  {
    "title": "LG Energy Solution",
    "link": "https://www.lgensol.com/en/index",
    "timestamp": "unknown"
  },
  {
    "title": "Innovation Center",
    "link": "https://innovation.lgchem.com/",
    "timestamp": "unknown"
  },
  {
    "title": "RO membrane",
    "link": "http://www.lgwatersolutions.com",
    "timestamp": "unknown"
  },
  {
    "title": "Farmhannong",
    "link": "http://www.farmhannong.com/",
    "timestamp": "unknown"
  },
  {
    "title": "AVEO Pharmaceuticals",
    "link": "https://www.aveooncology.com/",
    "timestamp": "unknown"
  },
  {
    "title": "Virtual e-Mobility Solution Site",
    "link": "https://www.lgchem-emobility.com?lang=en",
    "timestamp": "unknown"
  },
  {
    "title": "BusinessLG Chem OnProcurement Portal SystemSINGLEX Supplier Portal",
    "link": "https://www.lgchemon.com/s/?language=ko",
    "timestamp": "unknown"
  },
  {
    "title": "LG Chem On",
    "link": "https://www.lgchemon.com/s/?language=ko",
    "timestamp": "unknown"
  },
  {
    "title": "Procurement Portal System",
    "link": "http://procurement.lgchem.com/",
    "timestamp": "unknown"
  },
  {
    "title": "SINGLEX Supplier Portal",
    "link": "https://procurement-lgc.singlex.com/supplierWelcome/index.html",
    "timestamp": "unknown"
  },
  {
    "title": "Accept allMore options\ub2eb\uae30",
    "link": "javascript:acceptAllCookies();",
    "timestamp": "unknown"
  },
  {
    "title": "closeRejection of e-mail collection withoutWe reject any automatic collection of e-mail addresses on this website. Please note that anyone violating t",
    "link": "http://www.spamcop.or.kr",
    "timestamp": "unknown"
  },
  {
    "title": "closeRejection of e-mail collection withoutWe reject any automatic collection of e-mail addresses on this website. Please note that anyone violating t",
    "link": "http://www.spamcop.or.kr",
    "timestamp": "unknown"
  },
  {
    "title": "Crime Response Centerhttp://www.spamcop.or.kr",
    "link": "http://www.spamcop.or.kr",
    "timestamp": "unknown"
  },
  {
    "title": "Crime Response Centerhttp://www.spamcop.or.kr",
    "link": "http://www.spamcop.or.kr",
    "timestamp": "unknown"
  },
  {
    "title": "Survey: InquiriesTop",
    "link": "https://www.lgchem.com/customerService/faq",
    "timestamp": "unknown"
  },
  {
    "title": "The LG Ethics Hotline Website is operated and personal data is processed according to applicable Korean Data Protection Laws by LG Corp. and LG Chem L",
    "link": "http://ethics.lg.co.kr/main/en.do",
    "timestamp": "unknown"
  },
  {
    "title": "The LG Ethics Hotline Website is operated and personal data is processed according to applicable Korean Data Protection Laws by LG Corp. and LG Chem L",
    "link": "http://ethics.lg.co.kr/main/en.do",
    "timestamp": "unknown"
  },
  {
    "title": "Go to Ethics Hotline",
    "link": "http://ethics.lg.co.kr/main/en.do",
    "timestamp": "unknown"
  },
  {
    "title": "Go to Ethics Hotline",
    "link": "http://ethics.lg.co.kr/main/en.do",
    "timestamp": "unknown"
  },
  {
    "title": "- Amazon Web Service",
    "link": "https://www.lgchem.com/company/information-center/press-release",
    "timestamp": "unknown"
  },
  {
    "title": "- Web Application Server",
    "link": "https://www.lgchem.com/company/information-center/press-release",
    "timestamp": "unknown"
  },
  {
    "title": "- Application Performance Monitoring",
    "link": "https://www.lgchem.com/company/information-center/press-release",
    "timestamp": "unknown"
  },
  {
    "title": "- Identifies whether the user checked \"Do not see again today\" in the pop-up window on the main page of the site",
    "link": "https://www.lgchem.com/company/information-center/press-release",
    "timestamp": "unknown"
  },
  {
    "title": "- Identifies whether the user participated in customer surveys",
    "link": "https://www.lgchem.com/company/information-center/press-release",
    "timestamp": "unknown"
  },
  {
    "title": "- Google Analytics (GA4)",
    "link": "https://www.lgchem.com/company/information-center/press-release",
    "timestamp": "unknown"
  },
  {
    "title": "- Salesforce Marketing Cloud Account Engagement (MC AE)",
    "link": "https://www.lgchem.com/company/information-center/press-release",
    "timestamp": "unknown"
  },
  {
    "title": "Data Processing Company\u2019s Privacy Policyhttps://aws.amazon.com/privacy/?nc1=f_pr",
    "link": "https://aws.amazon.com/privacy/?nc1=f_pr",
    "timestamp": "unknown"
  },
  {
    "title": "Data Processing Company\u2019s Privacy Policyhttps://policies.google.com/privacy?hl=en",
    "link": "https://policies.google.com/privacy?hl=en",
    "timestamp": "unknown"
  },
  {
    "title": "You can completely disable Google Analytics in your browser by visitinghttps://tools.google.com/dlpage/gaoptout?hl=en",
    "link": "https://tools.google.com/dlpage/gaoptout?hl=en",
    "timestamp": "unknown"
  },
  {
    "title": "Data Processing Company\u2019s Privacy Policyhttps://www.salesforce.com/company/legal/privacy/",
    "link": "https://www.salesforce.com/company/legal/privacy/",
    "timestamp": "unknown"
  }
]