[
  {
    "title": "marketing@singclean.net--HomeMeet SingcleanCompany HistoryMission & VisionExhibition MomentsCorporate CitizenshipOur ProductsInnovation On Development",
    "link": "mailto:marketing@singclean.net",
    "timestamp": "unknown"
  },
  {
    "title": "marketing@singclean.net--",
    "link": "mailto:marketing@singclean.net",
    "timestamp": "unknown"
  },
  {
    "title": "marketing@singclean.net--",
    "link": "mailto:marketing@singclean.net",
    "timestamp": "unknown"
  },
  {
    "title": "marketing@singclean.net",
    "link": "mailto:marketing@singclean.net",
    "timestamp": "unknown"
  },
  {
    "title": "--",
    "link": "tel:--",
    "timestamp": "unknown"
  },
  {
    "title": "HomeMeet SingcleanCompany HistoryMission & VisionExhibition MomentsCorporate CitizenshipOur ProductsInnovation On DevelopmentNew Medical AestheticsCos",
    "link": "https://www.singclean.net/",
    "timestamp": "unknown"
  },
  {
    "title": "HomeMeet SingcleanCompany HistoryMission & VisionExhibition MomentsCorporate CitizenshipOur ProductsInnovation On DevelopmentNew Medical AestheticsCos",
    "link": "https://www.singclean.net/",
    "timestamp": "unknown"
  },
  {
    "title": "Home",
    "link": "https://www.singclean.net/",
    "timestamp": "unknown"
  },
  {
    "title": "Meet SingcleanCompany HistoryMission & VisionExhibition MomentsCorporate Citizenship",
    "link": "https://www.singclean.net/meet/",
    "timestamp": "unknown"
  },
  {
    "title": "Our ProductsInnovation On DevelopmentNew Medical AestheticsCosmetics ProductsMedical AestheticsHyaluronic Acid Dermal FillerSodium Hyaluronate Complex",
    "link": "https://www.singclean.net/product/",
    "timestamp": "unknown"
  },
  {
    "title": "New Medical AestheticsCosmetics Products",
    "link": "https://www.singclean.net/product/category/cid/#cate39",
    "timestamp": "unknown"
  },
  {
    "title": "New Medical Aesthetics",
    "link": "https://www.singclean.net/product/category/cid/#cate39",
    "timestamp": "unknown"
  },
  {
    "title": "Cosmetics Products",
    "link": "https://www.singclean.net/product/category/cid/#cate41",
    "timestamp": "unknown"
  },
  {
    "title": "Hyaluronic Acid Dermal FillerSodium Hyaluronate Complex SolutionComplex Solution for InjectionDual CaHA Hybrid FillerPoly-L-Lactic Acid Filler For inj",
    "link": "https://www.singclean.net/product/category/cid/#cate12",
    "timestamp": "unknown"
  },
  {
    "title": "Hyaluronic Acid Dermal Filler",
    "link": "https://www.singclean.net/product/category/cid/#cate12",
    "timestamp": "unknown"
  },
  {
    "title": "Sodium Hyaluronate Complex Solution",
    "link": "https://www.singclean.net/product/category/cid/#cate49",
    "timestamp": "unknown"
  },
  {
    "title": "Complex Solution for Injection",
    "link": "https://www.singclean.net/product/category/cid/#cate45",
    "timestamp": "unknown"
  },
  {
    "title": "Dual CaHA Hybrid Filler",
    "link": "https://www.singclean.net/product/category/cid/#cate52",
    "timestamp": "unknown"
  },
  {
    "title": "Poly-L-Lactic Acid Filler For injection",
    "link": "https://www.singclean.net/product/category/cid/#cate54",
    "timestamp": "unknown"
  },
  {
    "title": "OphthalmologyAnti-adhesionOrthopedicsCross-linked Sodium Hyaluronate For Intra-Articular Single lnjectionSterile Sodium Hyaluronate Solution For GAG L",
    "link": "https://www.singclean.net/product/category/cid/#cate11",
    "timestamp": "unknown"
  },
  {
    "title": "Ophthalmology",
    "link": "https://www.singclean.net/product/category/cid/#cate11",
    "timestamp": "unknown"
  },
  {
    "title": "Anti-adhesion",
    "link": "https://www.singclean.net/product/category/cid/#cate35",
    "timestamp": "unknown"
  },
  {
    "title": "Orthopedics",
    "link": "https://www.singclean.net/product/category/cid/#cate34",
    "timestamp": "unknown"
  },
  {
    "title": "Cross-linked Sodium Hyaluronate For Intra-Articular Single lnjection",
    "link": "https://www.singclean.net/product/category/cid/#cate48",
    "timestamp": "unknown"
  },
  {
    "title": "Sterile Sodium Hyaluronate Solution For GAG Layer Replacement",
    "link": "https://www.singclean.net/product/category/cid/#cate44",
    "timestamp": "unknown"
  },
  {
    "title": "Absorbable Collagen Hemostatic SpongeFibril Absorbable Hemostat Oxidized Regenerated CelluloseAbsorbable Hemostatic ParticlesAbsorbable Hemostatic Gau",
    "link": "https://www.singclean.net/product/category/cid/#cate47",
    "timestamp": "unknown"
  },
  {
    "title": "Absorbable Collagen Hemostatic Sponge",
    "link": "https://www.singclean.net/product/category/cid/#cate47",
    "timestamp": "unknown"
  },
  {
    "title": "Fibril Absorbable Hemostat Oxidized Regenerated Cellulose",
    "link": "https://www.singclean.net/product/category/cid/#cate46",
    "timestamp": "unknown"
  },
  {
    "title": "Absorbable Hemostatic Particles",
    "link": "https://www.singclean.net/product/category/cid/#cate13",
    "timestamp": "unknown"
  },
  {
    "title": "Absorbable Hemostatic Gauze",
    "link": "https://www.singclean.net/product/category/cid/#cate14",
    "timestamp": "unknown"
  },
  {
    "title": "Post-Treatment MaskHyaluronic Acid SeriesCollagen SeriesChitosan Series",
    "link": "https://www.singclean.net/product/category/cid/#cate51",
    "timestamp": "unknown"
  },
  {
    "title": "Post-Treatment Mask",
    "link": "https://www.singclean.net/product/category/cid/#cate51",
    "timestamp": "unknown"
  },
  {
    "title": "Hyaluronic Acid Series",
    "link": "https://www.singclean.net/product/category/cid/#cate28",
    "timestamp": "unknown"
  },
  {
    "title": "Collagen Series",
    "link": "https://www.singclean.net/product/category/cid/#cate27",
    "timestamp": "unknown"
  },
  {
    "title": "Chitosan Series",
    "link": "https://www.singclean.net/product/category/cid/#cate26",
    "timestamp": "unknown"
  },
  {
    "title": "lnfectious Disease TestDrug of Abuse TestFertility TestKidney Function Rapid TestOthers",
    "link": "https://www.singclean.net/product/category/cid/#cate15",
    "timestamp": "unknown"
  },
  {
    "title": "lnfectious Disease Test",
    "link": "https://www.singclean.net/product/category/cid/#cate15",
    "timestamp": "unknown"
  },
  {
    "title": "Drug of Abuse Test",
    "link": "https://www.singclean.net/product/category/cid/#cate29",
    "timestamp": "unknown"
  },
  {
    "title": "Fertility Test",
    "link": "https://www.singclean.net/product/category/cid/#cate30",
    "timestamp": "unknown"
  },
  {
    "title": "Kidney Function Rapid Test",
    "link": "https://www.singclean.net/product/category/cid/#cate31",
    "timestamp": "unknown"
  },
  {
    "title": "Others",
    "link": "https://www.singclean.net/product/category/cid/#cate33",
    "timestamp": "unknown"
  },
  {
    "title": "COVID- Antigen Test KitCOVID- Antibody Test Kit",
    "link": "https://www.singclean.net/product/category/cid/#cate20",
    "timestamp": "unknown"
  },
  {
    "title": "COVID- Antigen Test Kit",
    "link": "https://www.singclean.net/product/category/cid/#cate20",
    "timestamp": "unknown"
  },
  {
    "title": "COVID- Antibody Test Kit",
    "link": "https://www.singclean.net/product/category/cid/#cate19",
    "timestamp": "unknown"
  },
  {
    "title": "AboutOur InnovationsQuality ControlManufacturing FacilityOur Service",
    "link": "https://www.singclean.net/about/",
    "timestamp": "unknown"
  },
  {
    "title": "NewsCompany newsIndustry news",
    "link": "https://www.singclean.net/news/",
    "timestamp": "unknown"
  },
  {
    "title": "Contact",
    "link": "https://www.singclean.net/contact/",
    "timestamp": "unknown"
  },
  {
    "title": "HomeMeet SingcleanCompany HistoryMission & VisionExhibition MomentsCorporate CitizenshipOur ProductsInnovation On DevelopmentMedical AestheticsMedical",
    "link": "https://www.singclean.net/",
    "timestamp": "unknown"
  },
  {
    "title": "Home",
    "link": "https://www.singclean.net/",
    "timestamp": "unknown"
  },
  {
    "title": "Meet SingcleanCompany HistoryMission & VisionExhibition MomentsCorporate Citizenship",
    "link": "javascript:;",
    "timestamp": "unknown"
  },
  {
    "title": "Our ProductsInnovation On DevelopmentMedical AestheticsMedical Sodium Hyaluronate GelAbsorbable HemostatSkincare ProductsIn Vitro Diagnostic Reagents ",
    "link": "javascript:;",
    "timestamp": "unknown"
  },
  {
    "title": "AboutOur InnovationsQuality ControlManufacturing FacilityOur Service",
    "link": "javascript:;",
    "timestamp": "unknown"
  },
  {
    "title": "NewsCompany newsIndustry news",
    "link": "javascript:;",
    "timestamp": "unknown"
  },
  {
    "title": "Contact",
    "link": "https://www.singclean.net/contact/",
    "timestamp": "unknown"
  },
  {
    "title": "E-mailWhatsApp",
    "link": "mailto:marketing@singclean.net",
    "timestamp": "unknown"
  },
  {
    "title": "E-mail",
    "link": "mailto:marketing@singclean.net",
    "timestamp": "unknown"
  },
  {
    "title": "WhatsApp",
    "link": "https://api.whatsapp.com/send?l=en&phone=",
    "timestamp": "unknown"
  },
  {
    "title": "NewsKnow More About Singcleansingclean\u00a0|Singclean Medical to Showcase Innovative Biomaterial Solutions at MEDICA , D\u00fcsseldorf, GermanyRead moresingcle",
    "link": "https://www.singclean.net/news/show/id/",
    "timestamp": "unknown"
  },
  {
    "title": "NewsKnow More About Singcleansingclean\u00a0|Singclean Medical to Showcase Innovative Biomaterial Solutions at MEDICA , D\u00fcsseldorf, GermanyRead moresingcle",
    "link": "https://www.singclean.net/news/show/id/",
    "timestamp": "unknown"
  },
  {
    "title": "singclean\u00a0|Singclean Medical to Showcase Innovative Biomaterial Solutions at MEDICA , D\u00fcsseldorf, GermanyRead moresingclean\u00a0|Singclean Medical to Show",
    "link": "https://www.singclean.net/news/show/id/",
    "timestamp": "unknown"
  },
  {
    "title": "singclean\u00a0|Singclean Medical to Showcase Innovative Biomaterial Solutions at MEDICA , D\u00fcsseldorf, GermanyRead moresingclean\u00a0|Singclean Medical to Show",
    "link": "https://www.singclean.net/news/show/id/",
    "timestamp": "unknown"
  },
  {
    "title": "singclean\u00a0|Singclean Medical to Showcase Innovative Biomaterial Solutions at MEDICA , D\u00fcsseldorf, GermanyRead more",
    "link": "https://www.singclean.net/news/show/id/",
    "timestamp": "unknown"
  },
  {
    "title": "singclean\u00a0|Singclean Medical to Showcase Innovative Biomaterial Solutions at the 138th Canton FairRead more",
    "link": "https://www.singclean.net/news/show/id/",
    "timestamp": "unknown"
  },
  {
    "title": "singclean\u00a0|Warm Hearts, Caring Hands: Singclean\u2019s Double Ninth CelebrationRead more",
    "link": "https://www.singclean.net/news/show/id/",
    "timestamp": "unknown"
  },
  {
    "title": "singclean\u00a0|Headlining FIGO : A Can\u2019t-Miss Keynote by Prof. Osama Shawki, Presented by Singclean & KSMRead more",
    "link": "https://www.singclean.net/news/show/id/",
    "timestamp": "unknown"
  },
  {
    "title": "singclean\u00a0|Singclean Draws Major Attention at ESCRS  with Advanced Viscoelastic Solution for Ophthalmic SurgeryRead more",
    "link": "https://www.singclean.net/news/show/id/",
    "timestamp": "unknown"
  },
  {
    "title": "singclean\u00a0|Singderm Filler Achieves .% Efficacy at  Months in Global Clinical Trial, Validated by Landmark Thailand MasterclassRead more",
    "link": "https://www.singclean.net/news/show/id/",
    "timestamp": "unknown"
  },
  {
    "title": "\u00ab...\u00bb",
    "link": "https://www.singclean.net/news/index/cid/?page=",
    "timestamp": "unknown"
  },
  {
    "title": "\u00ab...\u00bb",
    "link": "https://www.singclean.net/news/index/cid/?page=",
    "timestamp": "unknown"
  },
  {
    "title": "\u00ab...\u00bb",
    "link": "https://www.singclean.net/news/index/cid/?page=",
    "timestamp": "unknown"
  },
  {
    "title": "\u00bb",
    "link": "https://www.singclean.net/news/index/cid/?page=",
    "timestamp": "unknown"
  },
  {
    "title": "Meet SingcleanCompany HistoryMission & VisionExhibition MomentsCorporate Citizenshipour productsInnovation On DevelopmentMedical AestheticsMedical Sod",
    "link": "https://api.whatsapp.com/send?l=en&phone=",
    "timestamp": "unknown"
  },
  {
    "title": "Meet SingcleanCompany HistoryMission & VisionExhibition MomentsCorporate Citizenshipour productsInnovation On DevelopmentMedical AestheticsMedical Sod",
    "link": "https://api.whatsapp.com/send?l=en&phone=",
    "timestamp": "unknown"
  },
  {
    "title": "Meet SingcleanCompany HistoryMission & VisionExhibition MomentsCorporate Citizenshipour productsInnovation On DevelopmentMedical AestheticsMedical Sod",
    "link": "https://www.singclean.net/meet/",
    "timestamp": "unknown"
  },
  {
    "title": "Meet SingcleanCompany HistoryMission & VisionExhibition MomentsCorporate Citizenshipour productsInnovation On DevelopmentMedical AestheticsMedical Sod",
    "link": "https://www.singclean.net/meet/",
    "timestamp": "unknown"
  },
  {
    "title": "Meet SingcleanCompany HistoryMission & VisionExhibition MomentsCorporate Citizenshipour productsInnovation On DevelopmentMedical AestheticsMedical Sod",
    "link": "https://www.singclean.net/meet/",
    "timestamp": "unknown"
  },
  {
    "title": "Meet SingcleanCompany HistoryMission & VisionExhibition MomentsCorporate Citizenship",
    "link": "https://www.singclean.net/meet/",
    "timestamp": "unknown"
  },
  {
    "title": "Meet SingcleanCompany HistoryMission & VisionExhibition MomentsCorporate Citizenship",
    "link": "https://www.singclean.net/meet/",
    "timestamp": "unknown"
  },
  {
    "title": "our productsInnovation On DevelopmentMedical AestheticsMedical Sodium Hyaluronate GelAbsorbable HemostatSkincare ProductsIn Vitro Diagnostic Reagents ",
    "link": "https://www.singclean.net/product/category/cid/",
    "timestamp": "unknown"
  },
  {
    "title": "our productsInnovation On DevelopmentMedical AestheticsMedical Sodium Hyaluronate GelAbsorbable HemostatSkincare ProductsIn Vitro Diagnostic Reagents ",
    "link": "https://www.singclean.net/product/category/cid/",
    "timestamp": "unknown"
  },
  {
    "title": "aboutOur InnovationsQuality ControlManufacturing FacilityOur Service",
    "link": "https://www.singclean.net/about/",
    "timestamp": "unknown"
  },
  {
    "title": "aboutOur InnovationsQuality ControlManufacturing FacilityOur Service",
    "link": "https://www.singclean.net/about/",
    "timestamp": "unknown"
  },
  {
    "title": "newsCompany newsIndustry news",
    "link": "https://www.singclean.net/news/index/cid/",
    "timestamp": "unknown"
  },
  {
    "title": "newsCompany newsIndustry news",
    "link": "https://www.singclean.net/news/index/cid/",
    "timestamp": "unknown"
  },
  {
    "title": "Copyright \u00a9 Hangzhou Singclean Medical Products Co.,LtdTechnical support:BALING",
    "link": "http://www.80com.net",
    "timestamp": "unknown"
  },
  {
    "title": "Copyright \u00a9 Hangzhou Singclean Medical Products Co.,LtdTechnical support:BALING",
    "link": "http://www.80com.net",
    "timestamp": "unknown"
  },
  {
    "title": "Technical support:BALING",
    "link": "http://www.80com.net",
    "timestamp": "unknown"
  }
]