[
  {
    "title": "FollowFollowFollowPurposeTeamManagement TeamScientific Advisory BoardStrategic Advisory GroupCollaboratorsCareersTechnologyiTOL-Scientific Publication",
    "link": "https://www.facebook.com/iTolerance",
    "timestamp": "unknown"
  },
  {
    "title": "FollowFollowFollowPurposeTeamManagement TeamScientific Advisory BoardStrategic Advisory GroupCollaboratorsCareersTechnologyiTOL-Scientific Publication",
    "link": "https://www.facebook.com/iTolerance",
    "timestamp": "unknown"
  },
  {
    "title": "FollowFollowFollowPurposeTeamManagement TeamScientific Advisory BoardStrategic Advisory GroupCollaboratorsCareersTechnologyiTOL-Scientific Publication",
    "link": "https://www.facebook.com/iTolerance",
    "timestamp": "unknown"
  },
  {
    "title": "FollowFollowFollowPurposeTeamManagement TeamScientific Advisory BoardStrategic Advisory GroupCollaboratorsCareersTechnologyiTOL-Scientific Publication",
    "link": "https://www.facebook.com/iTolerance",
    "timestamp": "unknown"
  },
  {
    "title": "FollowFollowFollow",
    "link": "https://www.facebook.com/iTolerance",
    "timestamp": "unknown"
  },
  {
    "title": "FollowFollowFollow",
    "link": "https://www.facebook.com/iTolerance",
    "timestamp": "unknown"
  },
  {
    "title": "Follow",
    "link": "https://www.facebook.com/iTolerance",
    "timestamp": "unknown"
  },
  {
    "title": "Follow",
    "link": "https://twitter.com/iTolerance_inc",
    "timestamp": "unknown"
  },
  {
    "title": "Follow",
    "link": "https://www.linkedin.com/company/itolerance/",
    "timestamp": "unknown"
  },
  {
    "title": "PurposeTeamManagement TeamScientific Advisory BoardStrategic Advisory GroupCollaboratorsCareersTechnologyiTOL-Scientific PublicationsPipelineOverviewi",
    "link": "https://itolerance.com/",
    "timestamp": "unknown"
  },
  {
    "title": "PurposeTeamManagement TeamScientific Advisory BoardStrategic Advisory GroupCollaboratorsCareersTechnologyiTOL-Scientific PublicationsPipelineOverviewi",
    "link": "https://itolerance.com/purpose/",
    "timestamp": "unknown"
  },
  {
    "title": "PurposeTeamManagement TeamScientific Advisory BoardStrategic Advisory GroupCollaboratorsCareersTechnologyiTOL-Scientific PublicationsPipelineOverviewi",
    "link": "https://itolerance.com/purpose/",
    "timestamp": "unknown"
  },
  {
    "title": "PurposeTeamManagement TeamScientific Advisory BoardStrategic Advisory GroupCollaboratorsCareersTechnologyiTOL-Scientific PublicationsPipelineOverviewi",
    "link": "https://itolerance.com/purpose/",
    "timestamp": "unknown"
  },
  {
    "title": "PurposeTeamManagement TeamScientific Advisory BoardStrategic Advisory GroupCollaboratorsCareersTechnologyiTOL-Scientific PublicationsPipelineOverviewi",
    "link": "https://itolerance.com/purpose/",
    "timestamp": "unknown"
  },
  {
    "title": "PurposeTeamManagement TeamScientific Advisory BoardStrategic Advisory GroupCollaboratorsCareersTechnologyiTOL-Scientific PublicationsPipelineOverviewi",
    "link": "https://itolerance.com/purpose/",
    "timestamp": "unknown"
  },
  {
    "title": "Purpose",
    "link": "https://itolerance.com/purpose/",
    "timestamp": "unknown"
  },
  {
    "title": "TeamManagement TeamScientific Advisory BoardStrategic Advisory GroupCollaboratorsCareers",
    "link": "https://itolerance.com/management-team",
    "timestamp": "unknown"
  },
  {
    "title": "Management Team",
    "link": "https://itolerance.com/management-team/",
    "timestamp": "unknown"
  },
  {
    "title": "Scientific Advisory Board",
    "link": "https://itolerance.com/scientific-advisory-board/",
    "timestamp": "unknown"
  },
  {
    "title": "Strategic Advisory Group",
    "link": "https://itolerance.com/strategic-advisory-group/",
    "timestamp": "unknown"
  },
  {
    "title": "Collaborators",
    "link": "https://itolerance.com/collaborators/",
    "timestamp": "unknown"
  },
  {
    "title": "Careers",
    "link": "https://itolerance.com/careers/",
    "timestamp": "unknown"
  },
  {
    "title": "TechnologyiTOL-Scientific Publications",
    "link": "https://itolerance.com/itol-",
    "timestamp": "unknown"
  },
  {
    "title": "iTOL-",
    "link": "https://itolerance.com/itol-/",
    "timestamp": "unknown"
  },
  {
    "title": "Scientific Publications",
    "link": "https://itolerance.com/scientific-publications/",
    "timestamp": "unknown"
  },
  {
    "title": "PipelineOverviewiTOL-: Type  DiabetesiTOL-: Type  DiabetesiTOL-: Liver Function RegenerationiTOL-: Large Organ Transplantation",
    "link": "https://itolerance.com/pipeline/",
    "timestamp": "unknown"
  },
  {
    "title": "Overview",
    "link": "https://itolerance.com/pipeline/",
    "timestamp": "unknown"
  },
  {
    "title": "iTOL-: Type  Diabetes",
    "link": "https://itolerance.com/itol--type--diabetes/",
    "timestamp": "unknown"
  },
  {
    "title": "iTOL-: Type  Diabetes",
    "link": "https://itolerance.com/itol--type--diabetes/",
    "timestamp": "unknown"
  },
  {
    "title": "iTOL-: Liver Function Regeneration",
    "link": "https://itolerance.com/itol--liver-function-regeneration/",
    "timestamp": "unknown"
  },
  {
    "title": "iTOL-: Large Organ Transplantation",
    "link": "https://itolerance.com/itol--large-organ-transplantation/",
    "timestamp": "unknown"
  },
  {
    "title": "Patient Journeys",
    "link": "https://itolerance.com/patient-journey/",
    "timestamp": "unknown"
  },
  {
    "title": "NewsPress ReleasesEventsMediaEmail Alerts",
    "link": "https://itolerance.com/news",
    "timestamp": "unknown"
  },
  {
    "title": "Press Releases",
    "link": "https://itolerance.com/news/",
    "timestamp": "unknown"
  },
  {
    "title": "Events",
    "link": "https://itolerance.com/events/",
    "timestamp": "unknown"
  },
  {
    "title": "Media",
    "link": "https://itolerance.com/media/",
    "timestamp": "unknown"
  },
  {
    "title": "Email Alerts",
    "link": "https://itolerance.com/email-alerts/",
    "timestamp": "unknown"
  },
  {
    "title": "Contact Us",
    "link": "https://itolerance.com/contact-us/",
    "timestamp": "unknown"
  },
  {
    "title": "FollowFollowFollowPurposeTeamManagement TeamScientific Advisory BoardStrategic Advisory GroupCollaboratorsCareersTechnologyiTOL-Scientific Publication",
    "link": "https://www.facebook.com/iTolerance",
    "timestamp": "unknown"
  },
  {
    "title": "FollowFollowFollow",
    "link": "https://www.facebook.com/iTolerance",
    "timestamp": "unknown"
  },
  {
    "title": "FollowFollowFollow",
    "link": "https://www.facebook.com/iTolerance",
    "timestamp": "unknown"
  },
  {
    "title": "Follow",
    "link": "https://www.facebook.com/iTolerance",
    "timestamp": "unknown"
  },
  {
    "title": "Follow",
    "link": "https://twitter.com/iTolerance_inc",
    "timestamp": "unknown"
  },
  {
    "title": "Follow",
    "link": "https://www.linkedin.com/company/itolerance/",
    "timestamp": "unknown"
  },
  {
    "title": "PurposeTeamManagement TeamScientific Advisory BoardStrategic Advisory GroupCollaboratorsCareersTechnologyiTOL-Scientific PublicationsPipelineOverviewi",
    "link": "https://itolerance.com/purpose/",
    "timestamp": "unknown"
  },
  {
    "title": "PurposeTeamManagement TeamScientific Advisory BoardStrategic Advisory GroupCollaboratorsCareersTechnologyiTOL-Scientific PublicationsPipelineOverviewi",
    "link": "https://itolerance.com/purpose/",
    "timestamp": "unknown"
  },
  {
    "title": "PurposeTeamManagement TeamScientific Advisory BoardStrategic Advisory GroupCollaboratorsCareersTechnologyiTOL-Scientific PublicationsPipelineOverviewi",
    "link": "https://itolerance.com/purpose/",
    "timestamp": "unknown"
  },
  {
    "title": "PurposeTeamManagement TeamScientific Advisory BoardStrategic Advisory GroupCollaboratorsCareersTechnologyiTOL-Scientific PublicationsPipelineOverviewi",
    "link": "https://itolerance.com/purpose/",
    "timestamp": "unknown"
  },
  {
    "title": "PurposeTeamManagement TeamScientific Advisory BoardStrategic Advisory GroupCollaboratorsCareersTechnologyiTOL-Scientific PublicationsPipelineOverviewi",
    "link": "https://itolerance.com/purpose/",
    "timestamp": "unknown"
  },
  {
    "title": "PurposeTeamManagement TeamScientific Advisory BoardStrategic Advisory GroupCollaboratorsCareersTechnologyiTOL-Scientific PublicationsPipelineOverviewi",
    "link": "https://itolerance.com/purpose/",
    "timestamp": "unknown"
  },
  {
    "title": "Purpose",
    "link": "https://itolerance.com/purpose/",
    "timestamp": "unknown"
  },
  {
    "title": "TeamManagement TeamScientific Advisory BoardStrategic Advisory GroupCollaboratorsCareers",
    "link": "https://itolerance.com/management-team",
    "timestamp": "unknown"
  },
  {
    "title": "Management Team",
    "link": "https://itolerance.com/management-team/",
    "timestamp": "unknown"
  },
  {
    "title": "Scientific Advisory Board",
    "link": "https://itolerance.com/scientific-advisory-board/",
    "timestamp": "unknown"
  },
  {
    "title": "Strategic Advisory Group",
    "link": "https://itolerance.com/strategic-advisory-group/",
    "timestamp": "unknown"
  },
  {
    "title": "Collaborators",
    "link": "https://itolerance.com/collaborators/",
    "timestamp": "unknown"
  },
  {
    "title": "Careers",
    "link": "https://itolerance.com/careers/",
    "timestamp": "unknown"
  },
  {
    "title": "TechnologyiTOL-Scientific Publications",
    "link": "https://itolerance.com/itol-",
    "timestamp": "unknown"
  },
  {
    "title": "iTOL-",
    "link": "https://itolerance.com/itol-/",
    "timestamp": "unknown"
  },
  {
    "title": "Scientific Publications",
    "link": "https://itolerance.com/scientific-publications/",
    "timestamp": "unknown"
  },
  {
    "title": "PipelineOverviewiTOL-: Type  DiabetesiTOL-: Type  DiabetesiTOL-: Liver Function RegenerationiTOL-: Large Organ Transplantation",
    "link": "https://itolerance.com/pipeline/",
    "timestamp": "unknown"
  },
  {
    "title": "Overview",
    "link": "https://itolerance.com/pipeline/",
    "timestamp": "unknown"
  },
  {
    "title": "iTOL-: Type  Diabetes",
    "link": "https://itolerance.com/itol--type--diabetes/",
    "timestamp": "unknown"
  },
  {
    "title": "iTOL-: Type  Diabetes",
    "link": "https://itolerance.com/itol--type--diabetes/",
    "timestamp": "unknown"
  },
  {
    "title": "iTOL-: Liver Function Regeneration",
    "link": "https://itolerance.com/itol--liver-function-regeneration/",
    "timestamp": "unknown"
  },
  {
    "title": "iTOL-: Large Organ Transplantation",
    "link": "https://itolerance.com/itol--large-organ-transplantation/",
    "timestamp": "unknown"
  },
  {
    "title": "Patient Journeys",
    "link": "https://itolerance.com/patient-journey/",
    "timestamp": "unknown"
  },
  {
    "title": "NewsPress ReleasesEventsMediaEmail Alerts",
    "link": "https://itolerance.com/news",
    "timestamp": "unknown"
  },
  {
    "title": "Press Releases",
    "link": "https://itolerance.com/news/",
    "timestamp": "unknown"
  },
  {
    "title": "Events",
    "link": "https://itolerance.com/events/",
    "timestamp": "unknown"
  },
  {
    "title": "Media",
    "link": "https://itolerance.com/media/",
    "timestamp": "unknown"
  },
  {
    "title": "Email Alerts",
    "link": "https://itolerance.com/email-alerts/",
    "timestamp": "unknown"
  },
  {
    "title": "Contact Us",
    "link": "https://itolerance.com/contact-us/",
    "timestamp": "unknown"
  },
  {
    "title": "Press ReleasesEventsMediaEmail AlertsMediaOctober ,BoB In South Florida: Anthony Japour, M.D., iToleranceJanuary ,Type  Diabetes:A Potential CureNovem",
    "link": "https://itolerance.com/news/",
    "timestamp": "unknown"
  },
  {
    "title": "Press ReleasesEventsMediaEmail AlertsMediaOctober ,BoB In South Florida: Anthony Japour, M.D., iToleranceJanuary ,Type  Diabetes:A Potential CureNovem",
    "link": "https://itolerance.com/news/",
    "timestamp": "unknown"
  },
  {
    "title": "Press ReleasesEventsMediaEmail AlertsMediaOctober ,BoB In South Florida: Anthony Japour, M.D., iToleranceJanuary ,Type  Diabetes:A Potential CureNovem",
    "link": "https://itolerance.com/news/",
    "timestamp": "unknown"
  },
  {
    "title": "Press ReleasesEventsMediaEmail AlertsMediaOctober ,BoB In South Florida: Anthony Japour, M.D., iToleranceJanuary ,Type  Diabetes:A Potential CureNovem",
    "link": "https://itolerance.com/news/",
    "timestamp": "unknown"
  },
  {
    "title": "Press ReleasesEventsMediaEmail AlertsMediaOctober ,BoB In South Florida: Anthony Japour, M.D., iToleranceJanuary ,Type  Diabetes:A Potential CureNovem",
    "link": "https://itolerance.com/news/",
    "timestamp": "unknown"
  },
  {
    "title": "Press ReleasesEventsMediaEmail AlertsMediaOctober ,BoB In South Florida: Anthony Japour, M.D., iToleranceJanuary ,Type  Diabetes:A Potential CureNovem",
    "link": "https://itolerance.com/news/",
    "timestamp": "unknown"
  },
  {
    "title": "Press ReleasesEventsMediaEmail Alerts",
    "link": "https://itolerance.com/news/",
    "timestamp": "unknown"
  },
  {
    "title": "Press ReleasesEventsMediaEmail Alerts",
    "link": "https://itolerance.com/news/",
    "timestamp": "unknown"
  },
  {
    "title": "Press ReleasesEventsMediaEmail Alerts",
    "link": "https://itolerance.com/news/",
    "timestamp": "unknown"
  },
  {
    "title": "Press ReleasesEventsMediaEmail Alerts",
    "link": "https://itolerance.com/news/",
    "timestamp": "unknown"
  },
  {
    "title": "Press ReleasesEventsMediaEmail Alerts",
    "link": "https://itolerance.com/news/",
    "timestamp": "unknown"
  },
  {
    "title": "Press ReleasesEventsMediaEmail Alerts",
    "link": "https://itolerance.com/news/",
    "timestamp": "unknown"
  },
  {
    "title": "Press ReleasesEventsMediaEmail Alerts",
    "link": "https://itolerance.com/news/",
    "timestamp": "unknown"
  },
  {
    "title": "Press Releases",
    "link": "https://itolerance.com/news/",
    "timestamp": "unknown"
  },
  {
    "title": "Events",
    "link": "https://itolerance.com/events/",
    "timestamp": "unknown"
  },
  {
    "title": "Media",
    "link": "https://itolerance.com/media/",
    "timestamp": "unknown"
  },
  {
    "title": "Email Alerts",
    "link": "https://itolerance.com/email-alerts/",
    "timestamp": "unknown"
  },
  {
    "title": "MediaOctober ,BoB In South Florida: Anthony Japour, M.D., iToleranceJanuary ,Type  Diabetes:A Potential CureNovember ,New Startup Develops Potential C",
    "link": "https://www.lifescienceleader.com/doc/bob-in-south-florida-anthony-japour-m-d-itolerance-",
    "timestamp": "unknown"
  },
  {
    "title": "October ,BoB In South Florida: Anthony Japour, M.D., iTolerance",
    "link": "https://www.lifescienceleader.com/doc/bob-in-south-florida-anthony-japour-m-d-itolerance-",
    "timestamp": "unknown"
  },
  {
    "title": "October ,BoB In South Florida: Anthony Japour, M.D., iTolerance",
    "link": "https://www.lifescienceleader.com/doc/bob-in-south-florida-anthony-japour-m-d-itolerance-",
    "timestamp": "unknown"
  },
  {
    "title": "October ,BoB In South Florida: Anthony Japour, M.D., iTolerance",
    "link": "https://www.lifescienceleader.com/doc/bob-in-south-florida-anthony-japour-m-d-itolerance-",
    "timestamp": "unknown"
  },
  {
    "title": "October ,BoB In South Florida: Anthony Japour, M.D., iTolerance",
    "link": "https://www.lifescienceleader.com/doc/bob-in-south-florida-anthony-japour-m-d-itolerance-",
    "timestamp": "unknown"
  },
  {
    "title": "January ,Type  Diabetes:A Potential Cure",
    "link": "https://www.pharmexec.com/view/type--diabetes-potential-cure",
    "timestamp": "unknown"
  },
  {
    "title": "January ,Type  Diabetes:A Potential Cure",
    "link": "https://www.pharmexec.com/view/type--diabetes-potential-cure",
    "timestamp": "unknown"
  },
  {
    "title": "January ,Type  Diabetes:A Potential Cure",
    "link": "https://www.pharmexec.com/view/type--diabetes-potential-cure",
    "timestamp": "unknown"
  },
  {
    "title": "January ,Type  Diabetes:A Potential Cure",
    "link": "https://www.pharmexec.com/view/type--diabetes-potential-cure",
    "timestamp": "unknown"
  },
  {
    "title": "November ,New Startup Develops Potential Cure for Type  Diabetes",
    "link": "https://research.gatech.edu/new-startup-develops-potential-cure-type--diabetes",
    "timestamp": "unknown"
  },
  {
    "title": "November ,New Startup Develops Potential Cure for Type  Diabetes",
    "link": "https://research.gatech.edu/new-startup-develops-potential-cure-type--diabetes",
    "timestamp": "unknown"
  },
  {
    "title": "November ,New Startup Develops Potential Cure for Type  Diabetes",
    "link": "https://research.gatech.edu/new-startup-develops-potential-cure-type--diabetes",
    "timestamp": "unknown"
  },
  {
    "title": "November ,New Startup Develops Potential Cure for Type  Diabetes",
    "link": "https://research.gatech.edu/new-startup-develops-potential-cure-type--diabetes",
    "timestamp": "unknown"
  },
  {
    "title": "November ,Companies To Watch: iTolerance",
    "link": "https://itolerance.com/wp-content/uploads///Companies-To-Watch-iTolerance.pdf",
    "timestamp": "unknown"
  },
  {
    "title": "November ,Companies To Watch: iTolerance",
    "link": "https://itolerance.com/wp-content/uploads///Companies-To-Watch-iTolerance.pdf",
    "timestamp": "unknown"
  },
  {
    "title": "November ,Companies To Watch: iTolerance",
    "link": "https://itolerance.com/wp-content/uploads///Companies-To-Watch-iTolerance.pdf",
    "timestamp": "unknown"
  },
  {
    "title": "November ,Companies To Watch: iTolerance",
    "link": "https://itolerance.com/wp-content/uploads///Companies-To-Watch-iTolerance.pdf",
    "timestamp": "unknown"
  },
  {
    "title": "May ,A New Option For Type  Diabetes Treatment Shows Promising Pre-Clinical Results.",
    "link": "https://www.sciencealert.com/new-biomaterial-for-type--diabetes-transplant-shows-exciting-results-in-small-preclinical-trial",
    "timestamp": "unknown"
  },
  {
    "title": "May ,A New Option For Type  Diabetes Treatment Shows Promising Pre-Clinical Results.",
    "link": "https://www.sciencealert.com/new-biomaterial-for-type--diabetes-transplant-shows-exciting-results-in-small-preclinical-trial",
    "timestamp": "unknown"
  },
  {
    "title": "May ,A New Option For Type  Diabetes Treatment Shows Promising Pre-Clinical Results.",
    "link": "https://www.sciencealert.com/new-biomaterial-for-type--diabetes-transplant-shows-exciting-results-in-small-preclinical-trial",
    "timestamp": "unknown"
  },
  {
    "title": "May ,A New Option For Type  Diabetes Treatment Shows Promising Pre-Clinical Results.",
    "link": "https://www.sciencealert.com/new-biomaterial-for-type--diabetes-transplant-shows-exciting-results-in-small-preclinical-trial",
    "timestamp": "unknown"
  },
  {
    "title": "May ,Research Roundup: New Hope for T1 Diabetes Pancreatic Cell Transplant.",
    "link": "https://www.biospace.com/article/research-roundup-promising-tech-for-type--diabetes-pancreatic-cell-transplants/",
    "timestamp": "unknown"
  },
  {
    "title": "May ,Research Roundup: New Hope for T1 Diabetes Pancreatic Cell Transplant.",
    "link": "https://www.biospace.com/article/research-roundup-promising-tech-for-type--diabetes-pancreatic-cell-transplants/",
    "timestamp": "unknown"
  },
  {
    "title": "May ,Research Roundup: New Hope for T1 Diabetes Pancreatic Cell Transplant.",
    "link": "https://www.biospace.com/article/research-roundup-promising-tech-for-type--diabetes-pancreatic-cell-transplants/",
    "timestamp": "unknown"
  },
  {
    "title": "May ,Research Roundup: New Hope for T1 Diabetes Pancreatic Cell Transplant.",
    "link": "https://www.biospace.com/article/research-roundup-promising-tech-for-type--diabetes-pancreatic-cell-transplants/",
    "timestamp": "unknown"
  },
  {
    "title": "May ,A New Technique Can Revolutionize the Treatment of Type  Diabetes.",
    "link": "https://monplaneta.cat/medicina/nova-tecnica-revolucionar-tractament-diabetis-/",
    "timestamp": "unknown"
  },
  {
    "title": "May ,A New Technique Can Revolutionize the Treatment of Type  Diabetes.",
    "link": "https://monplaneta.cat/medicina/nova-tecnica-revolucionar-tractament-diabetis-/",
    "timestamp": "unknown"
  },
  {
    "title": "May ,A New Technique Can Revolutionize the Treatment of Type  Diabetes.",
    "link": "https://monplaneta.cat/medicina/nova-tecnica-revolucionar-tractament-diabetis-/",
    "timestamp": "unknown"
  },
  {
    "title": "May ,A New Technique Can Revolutionize the Treatment of Type  Diabetes.",
    "link": "https://monplaneta.cat/medicina/nova-tecnica-revolucionar-tractament-diabetis-/",
    "timestamp": "unknown"
  },
  {
    "title": "May ,Preclinical Study Demonstrates Long-term Success of Allogeneic Islet Implantation for Diabetes.",
    "link": "https://longevity.technology/preclinical-study-demonstrates-long-term-success-of-allogeneic-islet-implantation-for-diabetes/",
    "timestamp": "unknown"
  },
  {
    "title": "May ,Preclinical Study Demonstrates Long-term Success of Allogeneic Islet Implantation for Diabetes.",
    "link": "https://longevity.technology/preclinical-study-demonstrates-long-term-success-of-allogeneic-islet-implantation-for-diabetes/",
    "timestamp": "unknown"
  },
  {
    "title": "May ,Preclinical Study Demonstrates Long-term Success of Allogeneic Islet Implantation for Diabetes.",
    "link": "https://longevity.technology/preclinical-study-demonstrates-long-term-success-of-allogeneic-islet-implantation-for-diabetes/",
    "timestamp": "unknown"
  },
  {
    "title": "May ,Preclinical Study Demonstrates Long-term Success of Allogeneic Islet Implantation for Diabetes.",
    "link": "https://longevity.technology/preclinical-study-demonstrates-long-term-success-of-allogeneic-islet-implantation-for-diabetes/",
    "timestamp": "unknown"
  },
  {
    "title": "May ,Altering the Body\u2019s Immune System to Treat Type  Diabetes.",
    "link": "https://www.drugtargetreview.com/news//altering-the-bodys-immune-system-to-treat-type--diabetes/",
    "timestamp": "unknown"
  },
  {
    "title": "May ,Altering the Body\u2019s Immune System to Treat Type  Diabetes.",
    "link": "https://www.drugtargetreview.com/news//altering-the-bodys-immune-system-to-treat-type--diabetes/",
    "timestamp": "unknown"
  },
  {
    "title": "May ,Altering the Body\u2019s Immune System to Treat Type  Diabetes.",
    "link": "https://www.drugtargetreview.com/news//altering-the-bodys-immune-system-to-treat-type--diabetes/",
    "timestamp": "unknown"
  },
  {
    "title": "May ,Altering the Body\u2019s Immune System to Treat Type  Diabetes.",
    "link": "https://www.drugtargetreview.com/news//altering-the-bodys-immune-system-to-treat-type--diabetes/",
    "timestamp": "unknown"
  },
  {
    "title": "May ,iTolerance, Inc. Pre-Clinical Non-Human Primate Study Demonstrates Long-Term Success of Allogeneic Islet Implantation Without Chronic Immunosuppr",
    "link": "https://www.digitaljournal.com/pr/itolerance-inc-pre-clinical-non-human-primate-study-demonstrates-long-term-success-of-allogeneic-islet-implantation-without-chronic-immunosuppression-for-the-treatment-of-diabetes",
    "timestamp": "unknown"
  },
  {
    "title": "May ,iTolerance, Inc. Pre-Clinical Non-Human Primate Study Demonstrates Long-Term Success of Allogeneic Islet Implantation Without Chronic Immunosuppr",
    "link": "https://www.digitaljournal.com/pr/itolerance-inc-pre-clinical-non-human-primate-study-demonstrates-long-term-success-of-allogeneic-islet-implantation-without-chronic-immunosuppression-for-the-treatment-of-diabetes",
    "timestamp": "unknown"
  },
  {
    "title": "May ,iTolerance, Inc. Pre-Clinical Non-Human Primate Study Demonstrates Long-Term Success of Allogeneic Islet Implantation Without Chronic Immunosuppr",
    "link": "https://www.digitaljournal.com/pr/itolerance-inc-pre-clinical-non-human-primate-study-demonstrates-long-term-success-of-allogeneic-islet-implantation-without-chronic-immunosuppression-for-the-treatment-of-diabetes",
    "timestamp": "unknown"
  },
  {
    "title": "May ,iTolerance, Inc. Pre-Clinical Non-Human Primate Study Demonstrates Long-Term Success of Allogeneic Islet Implantation Without Chronic Immunosuppr",
    "link": "https://www.digitaljournal.com/pr/itolerance-inc-pre-clinical-non-human-primate-study-demonstrates-long-term-success-of-allogeneic-islet-implantation-without-chronic-immunosuppression-for-the-treatment-of-diabetes",
    "timestamp": "unknown"
  },
  {
    "title": "May ,Biomaterial Prevents Rejection of Islet Grafts for Diabetes Therapy.",
    "link": "https://www.genengnews.com/metabolic-disorders/diabetes/bbiomaterial-prevents-rejection-of-islet-grafts-for-diabetes-therapy/",
    "timestamp": "unknown"
  },
  {
    "title": "May ,Biomaterial Prevents Rejection of Islet Grafts for Diabetes Therapy.",
    "link": "https://www.genengnews.com/metabolic-disorders/diabetes/bbiomaterial-prevents-rejection-of-islet-grafts-for-diabetes-therapy/",
    "timestamp": "unknown"
  },
  {
    "title": "May ,Biomaterial Prevents Rejection of Islet Grafts for Diabetes Therapy.",
    "link": "https://www.genengnews.com/metabolic-disorders/diabetes/bbiomaterial-prevents-rejection-of-islet-grafts-for-diabetes-therapy/",
    "timestamp": "unknown"
  },
  {
    "title": "May ,Biomaterial Prevents Rejection of Islet Grafts for Diabetes Therapy.",
    "link": "https://www.genengnews.com/metabolic-disorders/diabetes/bbiomaterial-prevents-rejection-of-islet-grafts-for-diabetes-therapy/",
    "timestamp": "unknown"
  },
  {
    "title": "May ,New Trial Brings Hopeful Treatment One Step Closer To The Clinic.",
    "link": "https://vervetimes.com/new-trial-brings-hopeful-treatment-one-step-closer-to-the-clinic-sciencedaily/",
    "timestamp": "unknown"
  },
  {
    "title": "May ,New Trial Brings Hopeful Treatment One Step Closer To The Clinic.",
    "link": "https://vervetimes.com/new-trial-brings-hopeful-treatment-one-step-closer-to-the-clinic-sciencedaily/",
    "timestamp": "unknown"
  },
  {
    "title": "May ,New Trial Brings Hopeful Treatment One Step Closer To The Clinic.",
    "link": "https://vervetimes.com/new-trial-brings-hopeful-treatment-one-step-closer-to-the-clinic-sciencedaily/",
    "timestamp": "unknown"
  },
  {
    "title": "May ,New Trial Brings Hopeful Treatment One Step Closer To The Clinic.",
    "link": "https://vervetimes.com/new-trial-brings-hopeful-treatment-one-step-closer-to-the-clinic-sciencedaily/",
    "timestamp": "unknown"
  },
  {
    "title": "May ,Novel Biomaterial Prevents Rejection Of Transplants For Type  Diabetes: Clinical Trial Is Planned Based On Results From Preclinical Study.",
    "link": "https://newsazi.com/novel-biomaterial-prevents-rejection-of-transplants-for-type--diabetes-clinical-trial-is-planned-based-on-results-from-preclinical-study/",
    "timestamp": "unknown"
  },
  {
    "title": "May ,Novel Biomaterial Prevents Rejection Of Transplants For Type  Diabetes: Clinical Trial Is Planned Based On Results From Preclinical Study.",
    "link": "https://newsazi.com/novel-biomaterial-prevents-rejection-of-transplants-for-type--diabetes-clinical-trial-is-planned-based-on-results-from-preclinical-study/",
    "timestamp": "unknown"
  },
  {
    "title": "May ,Novel Biomaterial Prevents Rejection Of Transplants For Type  Diabetes: Clinical Trial Is Planned Based On Results From Preclinical Study.",
    "link": "https://newsazi.com/novel-biomaterial-prevents-rejection-of-transplants-for-type--diabetes-clinical-trial-is-planned-based-on-results-from-preclinical-study/",
    "timestamp": "unknown"
  },
  {
    "title": "May ,Novel Biomaterial Prevents Rejection Of Transplants For Type  Diabetes: Clinical Trial Is Planned Based On Results From Preclinical Study.",
    "link": "https://newsazi.com/novel-biomaterial-prevents-rejection-of-transplants-for-type--diabetes-clinical-trial-is-planned-based-on-results-from-preclinical-study/",
    "timestamp": "unknown"
  },
  {
    "title": "May ,Microgel Beads Offer Safer Path for Cell Transplants to Treat Diabetes.",
    "link": "https://newatlas.com/medical/microgel-beads-safer-path-cell-transplants-treat-diabetes/",
    "timestamp": "unknown"
  },
  {
    "title": "May ,Microgel Beads Offer Safer Path for Cell Transplants to Treat Diabetes.",
    "link": "https://newatlas.com/medical/microgel-beads-safer-path-cell-transplants-treat-diabetes/",
    "timestamp": "unknown"
  },
  {
    "title": "May ,Microgel Beads Offer Safer Path for Cell Transplants to Treat Diabetes.",
    "link": "https://newatlas.com/medical/microgel-beads-safer-path-cell-transplants-treat-diabetes/",
    "timestamp": "unknown"
  },
  {
    "title": "May ,Microgel Beads Offer Safer Path for Cell Transplants to Treat Diabetes.",
    "link": "https://newatlas.com/medical/microgel-beads-safer-path-cell-transplants-treat-diabetes/",
    "timestamp": "unknown"
  },
  {
    "title": "May ,Researchers Closing in on Possible Diabetes Breakthrough.",
    "link": "https://www.local10.com/news//researchers-closing-in-on-possible-diabetes-breakthrough/",
    "timestamp": "unknown"
  },
  {
    "title": "May ,Researchers Closing in on Possible Diabetes Breakthrough.",
    "link": "https://www.local10.com/news//researchers-closing-in-on-possible-diabetes-breakthrough/",
    "timestamp": "unknown"
  },
  {
    "title": "May ,Researchers Closing in on Possible Diabetes Breakthrough.",
    "link": "https://www.local10.com/news//researchers-closing-in-on-possible-diabetes-breakthrough/",
    "timestamp": "unknown"
  },
  {
    "title": "May ,Researchers Closing in on Possible Diabetes Breakthrough.",
    "link": "https://www.local10.com/news//researchers-closing-in-on-possible-diabetes-breakthrough/",
    "timestamp": "unknown"
  },
  {
    "title": "May ,Biomaterial Improves Islet Transplants for Treatment of Type  Diabetes.",
    "link": "https://research.gatech.edu/biomaterial-improves-islet-transplants-treatment-type--diabetes",
    "timestamp": "unknown"
  },
  {
    "title": "May ,Biomaterial Improves Islet Transplants for Treatment of Type  Diabetes.",
    "link": "https://research.gatech.edu/biomaterial-improves-islet-transplants-treatment-type--diabetes",
    "timestamp": "unknown"
  },
  {
    "title": "May ,Biomaterial Improves Islet Transplants for Treatment of Type  Diabetes.",
    "link": "https://research.gatech.edu/biomaterial-improves-islet-transplants-treatment-type--diabetes",
    "timestamp": "unknown"
  },
  {
    "title": "May ,Biomaterial Improves Islet Transplants for Treatment of Type  Diabetes.",
    "link": "https://research.gatech.edu/biomaterial-improves-islet-transplants-treatment-type--diabetes",
    "timestamp": "unknown"
  },
  {
    "title": "May ,Modifying the Body\u2019s Immune System to Help Treat Type  Diabetes.",
    "link": "https://www.eurekalert.org/news-releases/",
    "timestamp": "unknown"
  },
  {
    "title": "May ,Modifying the Body\u2019s Immune System to Help Treat Type  Diabetes.",
    "link": "https://www.eurekalert.org/news-releases/",
    "timestamp": "unknown"
  },
  {
    "title": "May ,Modifying the Body\u2019s Immune System to Help Treat Type  Diabetes.",
    "link": "https://www.eurekalert.org/news-releases/",
    "timestamp": "unknown"
  },
  {
    "title": "May ,Modifying the Body\u2019s Immune System to Help Treat Type  Diabetes.",
    "link": "https://www.eurekalert.org/news-releases/",
    "timestamp": "unknown"
  },
  {
    "title": "May ,Novel Approach Allows Islet Transplants to Survive and Control Diabetes.May ,MU, Harvard and Georgia Tech Develop Novel Type  Diabetes Treatment.",
    "link": "https://www.news-medical.net/news//Novel-approach-allows-islet-transplants-to-survive-and-control-diabetes.aspx",
    "timestamp": "unknown"
  },
  {
    "title": "May ,Novel Approach Allows Islet Transplants to Survive and Control Diabetes.",
    "link": "https://www.news-medical.net/news//Novel-approach-allows-islet-transplants-to-survive-and-control-diabetes.aspx",
    "timestamp": "unknown"
  },
  {
    "title": "May ,Novel Approach Allows Islet Transplants to Survive and Control Diabetes.",
    "link": "https://www.news-medical.net/news//Novel-approach-allows-islet-transplants-to-survive-and-control-diabetes.aspx",
    "timestamp": "unknown"
  },
  {
    "title": "May ,Novel Approach Allows Islet Transplants to Survive and Control Diabetes.",
    "link": "https://www.news-medical.net/news//Novel-approach-allows-islet-transplants-to-survive-and-control-diabetes.aspx",
    "timestamp": "unknown"
  },
  {
    "title": "May ,Novel Approach Allows Islet Transplants to Survive and Control Diabetes.",
    "link": "https://www.news-medical.net/news//Novel-approach-allows-islet-transplants-to-survive-and-control-diabetes.aspx",
    "timestamp": "unknown"
  },
  {
    "title": "May ,MU, Harvard and Georgia Tech Develop Novel Type  Diabetes Treatment.",
    "link": "https://www.komu.com/news/midmissourinews/mu-harvard-and-georgia-tech-develop-novel-type--diabetes-treatment/article_305be99c-d2fa-11ec-b477-3f535ee8ad89.html",
    "timestamp": "unknown"
  },
  {
    "title": "May ,MU, Harvard and Georgia Tech Develop Novel Type  Diabetes Treatment.",
    "link": "https://www.komu.com/news/midmissourinews/mu-harvard-and-georgia-tech-develop-novel-type--diabetes-treatment/article_305be99c-d2fa-11ec-b477-3f535ee8ad89.html",
    "timestamp": "unknown"
  },
  {
    "title": "May ,MU, Harvard and Georgia Tech Develop Novel Type  Diabetes Treatment.",
    "link": "https://www.komu.com/news/midmissourinews/mu-harvard-and-georgia-tech-develop-novel-type--diabetes-treatment/article_305be99c-d2fa-11ec-b477-3f535ee8ad89.html",
    "timestamp": "unknown"
  },
  {
    "title": "May ,MU, Harvard and Georgia Tech Develop Novel Type  Diabetes Treatment.",
    "link": "https://www.komu.com/news/midmissourinews/mu-harvard-and-georgia-tech-develop-novel-type--diabetes-treatment/article_305be99c-d2fa-11ec-b477-3f535ee8ad89.html",
    "timestamp": "unknown"
  },
  {
    "title": "May ,Protein Gel Could Help Treat Type  Diabetes.",
    "link": "https://www.newscientist.com/article/-protein-gel-could-help-treat-type--diabetes/",
    "timestamp": "unknown"
  },
  {
    "title": "May ,Protein Gel Could Help Treat Type  Diabetes.",
    "link": "https://www.newscientist.com/article/-protein-gel-could-help-treat-type--diabetes/",
    "timestamp": "unknown"
  },
  {
    "title": "May ,Protein Gel Could Help Treat Type  Diabetes.",
    "link": "https://www.newscientist.com/article/-protein-gel-could-help-treat-type--diabetes/",
    "timestamp": "unknown"
  },
  {
    "title": "May ,Protein Gel Could Help Treat Type  Diabetes.",
    "link": "https://www.newscientist.com/article/-protein-gel-could-help-treat-type--diabetes/",
    "timestamp": "unknown"
  },
  {
    "title": "May ,Biomaterial Improves Islet Transplants for Treatment of Type  Diabetes.",
    "link": "https://www.sciencedaily.com/releases/.htm",
    "timestamp": "unknown"
  },
  {
    "title": "May ,Biomaterial Improves Islet Transplants for Treatment of Type  Diabetes.",
    "link": "https://www.sciencedaily.com/releases/.htm",
    "timestamp": "unknown"
  },
  {
    "title": "May ,Biomaterial Improves Islet Transplants for Treatment of Type  Diabetes.",
    "link": "https://www.sciencedaily.com/releases/.htm",
    "timestamp": "unknown"
  },
  {
    "title": "May ,Biomaterial Improves Islet Transplants for Treatment of Type  Diabetes.",
    "link": "https://www.sciencedaily.com/releases/.htm",
    "timestamp": "unknown"
  },
  {
    "title": "Sign Up For Alerts\u00a9iTolerance, Inc.  All Rights Reserved.DisclaimersContact Us",
    "link": "https://itolerance.com/disclaimer/",
    "timestamp": "unknown"
  },
  {
    "title": "\u00a9iTolerance, Inc.  All Rights Reserved.DisclaimersContact Us",
    "link": "https://itolerance.com/disclaimer/",
    "timestamp": "unknown"
  },
  {
    "title": "\u00a9iTolerance, Inc.  All Rights Reserved.DisclaimersContact Us",
    "link": "https://itolerance.com/disclaimer/",
    "timestamp": "unknown"
  },
  {
    "title": "DisclaimersContact Us",
    "link": "https://itolerance.com/disclaimer/",
    "timestamp": "unknown"
  },
  {
    "title": "DisclaimersContact Us",
    "link": "https://itolerance.com/disclaimer/",
    "timestamp": "unknown"
  },
  {
    "title": "DisclaimersContact Us",
    "link": "https://itolerance.com/disclaimer/",
    "timestamp": "unknown"
  },
  {
    "title": "DisclaimersContact Us",
    "link": "https://itolerance.com/disclaimer/",
    "timestamp": "unknown"
  },
  {
    "title": "DisclaimersContact Us",
    "link": "https://itolerance.com/disclaimer/",
    "timestamp": "unknown"
  },
  {
    "title": "Disclaimers",
    "link": "https://itolerance.com/disclaimer/",
    "timestamp": "unknown"
  },
  {
    "title": "Contact Us",
    "link": "https://itolerance.com/contact-us/",
    "timestamp": "unknown"
  },
  {
    "title": "NecessaryNecessaryAlways Enabled",
    "link": "https://itolerance.com/media/",
    "timestamp": "unknown"
  },
  {
    "title": "FunctionalFunctional",
    "link": "https://itolerance.com/media/",
    "timestamp": "unknown"
  },
  {
    "title": "PerformancePerformance",
    "link": "https://itolerance.com/media/",
    "timestamp": "unknown"
  },
  {
    "title": "AnalyticsAnalytics",
    "link": "https://itolerance.com/media/",
    "timestamp": "unknown"
  },
  {
    "title": "AdvertisementAdvertisement",
    "link": "https://itolerance.com/media/",
    "timestamp": "unknown"
  },
  {
    "title": "OthersOthers",
    "link": "https://itolerance.com/media/",
    "timestamp": "unknown"
  },
  {
    "title": "SAVE & ACCEPT",
    "link": "https://itolerance.com/media/",
    "timestamp": "unknown"
  },
  {
    "title": "SAVE & ACCEPT",
    "link": "https://itolerance.com/media/",
    "timestamp": "unknown"
  },
  {
    "title": "SAVE & ACCEPT",
    "link": "https://itolerance.com/media/",
    "timestamp": "unknown"
  },
  {
    "title": "SAVE & ACCEPT",
    "link": "https://itolerance.com/media/",
    "timestamp": "unknown"
  },
  {
    "title": "SAVE & ACCEPT",
    "link": "https://itolerance.com/media/",
    "timestamp": "unknown"
  }
]