[
  {
    "title": "Back to AbbVie.com",
    "link": "http://www.abbvie.com/index.html",
    "timestamp": "unknown"
  },
  {
    "title": "Back to AbbVie.com",
    "link": "http://www.abbvie.com/index.html",
    "timestamp": "unknown"
  },
  {
    "title": "|InvestorsMenu|InvestorsInvestor RelationsFinancialsFinancial ReleasesSEC FilingsAnnual Reports & ProxyResourcesShareholder InformationTax Information",
    "link": "https://investors.abbvie.com/",
    "timestamp": "unknown"
  },
  {
    "title": "|InvestorsMenu|InvestorsInvestor RelationsFinancialsFinancial ReleasesSEC FilingsAnnual Reports & ProxyResourcesShareholder InformationTax Information",
    "link": "https://investors.abbvie.com/",
    "timestamp": "unknown"
  },
  {
    "title": "|Investors",
    "link": "https://investors.abbvie.com/",
    "timestamp": "unknown"
  },
  {
    "title": "Menu|InvestorsInvestor RelationsFinancialsFinancial ReleasesSEC FilingsAnnual Reports & ProxyResourcesShareholder InformationTax InformationStock Info",
    "link": "https://investors.abbvie.com/financial-reports",
    "timestamp": "unknown"
  },
  {
    "title": "Investor RelationsFinancialsFinancial ReleasesSEC FilingsAnnual Reports & ProxyResourcesShareholder InformationTax InformationStock InformationEventsE",
    "link": "https://investors.abbvie.com/financial-reports",
    "timestamp": "unknown"
  },
  {
    "title": "Investor RelationsFinancialsFinancial ReleasesSEC FilingsAnnual Reports & ProxyResourcesShareholder InformationTax InformationStock InformationEventsE",
    "link": "https://investors.abbvie.com/financial-reports",
    "timestamp": "unknown"
  },
  {
    "title": "FinancialsFinancial ReleasesSEC FilingsAnnual Reports & Proxy",
    "link": "https://investors.abbvie.com/financial-reports",
    "timestamp": "unknown"
  },
  {
    "title": "Financial Releases",
    "link": "https://investors.abbvie.com/financial-releases",
    "timestamp": "unknown"
  },
  {
    "title": "SEC Filings",
    "link": "https://investors.abbvie.com/sec-filings",
    "timestamp": "unknown"
  },
  {
    "title": "Annual Reports & Proxy",
    "link": "https://investors.abbvie.com/annual-report-proxy",
    "timestamp": "unknown"
  },
  {
    "title": "ResourcesShareholder InformationTax InformationStock Information",
    "link": "https://investors.abbvie.com/investor-resources",
    "timestamp": "unknown"
  },
  {
    "title": "Shareholder Information",
    "link": "https://investors.abbvie.com/shareholder-information",
    "timestamp": "unknown"
  },
  {
    "title": "Tax Information",
    "link": "https://investors.abbvie.com/tax-information",
    "timestamp": "unknown"
  },
  {
    "title": "Stock Information",
    "link": "https://investors.abbvie.com/stock-information/stock-quote",
    "timestamp": "unknown"
  },
  {
    "title": "EventsEventsPresentationsEmail Alerts",
    "link": "https://investors.abbvie.com/events-and-presentations/upcoming-events",
    "timestamp": "unknown"
  },
  {
    "title": "Events",
    "link": "https://investors.abbvie.com/events-and-presentations/upcoming-events",
    "timestamp": "unknown"
  },
  {
    "title": "Presentations",
    "link": "https://investors.abbvie.com/presentations",
    "timestamp": "unknown"
  },
  {
    "title": "Email Alerts",
    "link": "https://investors.abbvie.com/shareholder-services/email-alerts",
    "timestamp": "unknown"
  },
  {
    "title": "GovernanceLeadership Team",
    "link": "https://investors.abbvie.com/governance",
    "timestamp": "unknown"
  },
  {
    "title": "Leadership Team",
    "link": "https://www.abbvie.com/who-we-are/our-leaders.html",
    "timestamp": "unknown"
  },
  {
    "title": "Financial releasesKeyword SearchYear:- Any -DateTitleToggle Summary//AbbVie Reports Third-Quarter  Financial ResultsReports Third-Quarter Diluted EPS ",
    "link": "https://investors.abbvie.com/financial-releases",
    "timestamp": "unknown"
  },
  {
    "title": "Financial releasesKeyword SearchYear:- Any -DateTitleToggle Summary//AbbVie Reports Third-Quarter  Financial ResultsReports Third-Quarter Diluted EPS ",
    "link": "https://investors.abbvie.com/financial-releases",
    "timestamp": "unknown"
  },
  {
    "title": "Financial releasesKeyword SearchYear:- Any -DateTitleToggle Summary//AbbVie Reports Third-Quarter  Financial ResultsReports Third-Quarter Diluted EPS ",
    "link": "https://investors.abbvie.com/financial-releases",
    "timestamp": "unknown"
  },
  {
    "title": "Financial releasesKeyword SearchYear:- Any -DateTitleToggle Summary//AbbVie Reports Third-Quarter  Financial ResultsReports Third-Quarter Diluted EPS ",
    "link": "https://investors.abbvie.com/financial-releases",
    "timestamp": "unknown"
  },
  {
    "title": "Financial releasesKeyword SearchYear:- Any -DateTitleToggle Summary//AbbVie Reports Third-Quarter  Financial ResultsReports Third-Quarter Diluted EPS ",
    "link": "https://investors.abbvie.com/financial-releases",
    "timestamp": "unknown"
  },
  {
    "title": "Keyword SearchYear:- Any -DateTitleToggle Summary//AbbVie Reports Third-Quarter  Financial ResultsReports Third-Quarter Diluted EPS of $. on a GAAP Ba",
    "link": "https://investors.abbvie.com/financial-releases",
    "timestamp": "unknown"
  },
  {
    "title": "Keyword SearchYear:- Any -DateTitleToggle Summary//AbbVie Reports Third-Quarter  Financial ResultsReports Third-Quarter Diluted EPS of $. on a GAAP Ba",
    "link": "https://investors.abbvie.com/financial-releases",
    "timestamp": "unknown"
  },
  {
    "title": "Keyword SearchYear:- Any -DateTitleToggle Summary//AbbVie Reports Third-Quarter  Financial ResultsReports Third-Quarter Diluted EPS of $. on a GAAP Ba",
    "link": "https://investors.abbvie.com/financial-releases",
    "timestamp": "unknown"
  },
  {
    "title": "Keyword SearchYear:- Any -DateTitleToggle Summary//AbbVie Reports Third-Quarter  Financial ResultsReports Third-Quarter Diluted EPS of $. on a GAAP Ba",
    "link": "https://investors.abbvie.com/financial-releases",
    "timestamp": "unknown"
  },
  {
    "title": "Keyword SearchYear:- Any -DateTitleToggle Summary//AbbVie Reports Third-Quarter  Financial ResultsReports Third-Quarter Diluted EPS of $. on a GAAP Ba",
    "link": "https://investors.abbvie.com/financial-releases",
    "timestamp": "unknown"
  },
  {
    "title": "Keyword SearchYear:- Any -DateTitleToggle Summary//AbbVie Reports Third-Quarter  Financial ResultsReports Third-Quarter Diluted EPS of $. on a GAAP Ba",
    "link": "https://investors.abbvie.com/financial-releases",
    "timestamp": "unknown"
  },
  {
    "title": "Keyword SearchYear:- Any -DateTitleToggle Summary//AbbVie Reports Third-Quarter  Financial ResultsReports Third-Quarter Diluted EPS of $. on a GAAP Ba",
    "link": "https://investors.abbvie.com/financial-releases",
    "timestamp": "unknown"
  },
  {
    "title": "Year:- Any -DateTitleToggle Summary//AbbVie Reports Third-Quarter  Financial ResultsReports Third-Quarter Diluted EPS of $. on a GAAP Basis, a Decreas",
    "link": "https://investors.abbvie.com/financial-releases",
    "timestamp": "unknown"
  },
  {
    "title": "Year:- Any -DateTitleToggle Summary//AbbVie Reports Third-Quarter  Financial ResultsReports Third-Quarter Diluted EPS of $. on a GAAP Basis, a Decreas",
    "link": "https://investors.abbvie.com/financial-releases",
    "timestamp": "unknown"
  },
  {
    "title": "Year:- Any -DateTitleToggle Summary//AbbVie Reports Third-Quarter  Financial ResultsReports Third-Quarter Diluted EPS of $. on a GAAP Basis, a Decreas",
    "link": "https://investors.abbvie.com/financial-releases",
    "timestamp": "unknown"
  },
  {
    "title": "DateTitleToggle Summary//AbbVie Reports Third-Quarter  Financial ResultsReports Third-Quarter Diluted EPS of $. on a GAAP Basis, a Decrease of . Perce",
    "link": "https://investors.abbvie.com/financial-releases",
    "timestamp": "unknown"
  },
  {
    "title": "Toggle Summary//AbbVie Reports Third-Quarter  Financial ResultsReports Third-Quarter Diluted EPS of $. on a GAAP Basis, a Decrease of . Percent; Adjus",
    "link": "https://investors.abbvie.com/financial-releases",
    "timestamp": "unknown"
  },
  {
    "title": "Toggle Summary//AbbVie to Host Third-Quarter  Earnings Conference CallNORTH CHICAGO, Ill. , Oct. ,  /PRNewswire/ -- AbbVie (NYSE: ABBV) will announce ",
    "link": "https://investors.abbvie.com/financial-releases",
    "timestamp": "unknown"
  },
  {
    "title": "Toggle Summary//AbbVie to Present at the Morgan Stanley 23rd Annual Global Healthcare ConferenceNORTH CHICAGO, Ill. , Sept. ,  /PRNewswire/ --&nbsp;Ab",
    "link": "https://investors.abbvie.com/financial-releases",
    "timestamp": "unknown"
  },
  {
    "title": "Toggle Summary//AbbVie Reports Second-Quarter  Financial ResultsReports Second-Quarter Diluted EPS of $. on a GAAP Basis, a Decrease of . Percent; Adj",
    "link": "https://investors.abbvie.com/financial-releases",
    "timestamp": "unknown"
  },
  {
    "title": "Toggle Summary//AbbVie to Host Second-Quarter  Earnings Conference CallNORTH CHICAGO, Ill. , June ,  /PRNewswire/ --&nbsp;AbbVie (NYSE: ABBV) will ann",
    "link": "https://investors.abbvie.com/financial-releases",
    "timestamp": "unknown"
  },
  {
    "title": "Toggle Summary//AbbVie to Present at the Goldman Sachs 46th Annual Global Healthcare ConferenceNORTH CHICAGO, Ill. , June ,  /PRNewswire/ -- AbbVie (N",
    "link": "https://investors.abbvie.com/financial-releases",
    "timestamp": "unknown"
  },
  {
    "title": "Toggle Summary//AbbVie to Present at the Bank of America Securities Healthcare ConferenceNORTH CHICAGO, Ill. , May ,  /PRNewswire/ -- AbbVie (NYSE: AB",
    "link": "https://investors.abbvie.com/financial-releases",
    "timestamp": "unknown"
  },
  {
    "title": "Toggle Summary//AbbVie Reports First-Quarter  Financial ResultsReports First-Quarter Diluted EPS of $. on a GAAP Basis, a Decrease of . Percent; Adjus",
    "link": "https://investors.abbvie.com/financial-releases",
    "timestamp": "unknown"
  },
  {
    "title": "Toggle Summary//AbbVie to Host First-Quarter  Earnings Conference CallNORTH CHICAGO, Ill. , March ,  /PRNewswire/ -- AbbVie (NYSE: ABBV) will announce",
    "link": "https://investors.abbvie.com/financial-releases",
    "timestamp": "unknown"
  },
  {
    "title": "Toggle Summary//AbbVie to Present at the Leerink Partners Global Healthcare ConferenceNORTH CHICAGO, Ill. , March ,  /PRNewswire/ --&nbsp;AbbVie (NYSE",
    "link": "https://investors.abbvie.com/financial-releases",
    "timestamp": "unknown"
  },
  {
    "title": "Current page",
    "link": "https://investors.abbvie.com/financial-releases?mobile=&field_nir_news_date_value%5Bmin%5D=&field_nir_news_date_value%5Bmax%5D=&items_per_page_toggle=&page=",
    "timestamp": "unknown"
  },
  {
    "title": "Page",
    "link": "https://investors.abbvie.com/financial-releases?mobile=&field_nir_news_date_value%5Bmin%5D=&field_nir_news_date_value%5Bmax%5D=&items_per_page_toggle=&page=",
    "timestamp": "unknown"
  },
  {
    "title": "Page",
    "link": "https://investors.abbvie.com/financial-releases?mobile=&field_nir_news_date_value%5Bmin%5D=&field_nir_news_date_value%5Bmax%5D=&items_per_page_toggle=&page=",
    "timestamp": "unknown"
  },
  {
    "title": "Page",
    "link": "https://investors.abbvie.com/financial-releases?mobile=&field_nir_news_date_value%5Bmin%5D=&field_nir_news_date_value%5Bmax%5D=&items_per_page_toggle=&page=",
    "timestamp": "unknown"
  },
  {
    "title": "Next pageNext",
    "link": "https://investors.abbvie.com/financial-releases?mobile=&field_nir_news_date_value%5Bmin%5D=&field_nir_news_date_value%5Bmax%5D=&items_per_page_toggle=&page=",
    "timestamp": "unknown"
  },
  {
    "title": "Last pageLast",
    "link": "https://investors.abbvie.com/financial-releases?mobile=&field_nir_news_date_value%5Bmin%5D=&field_nir_news_date_value%5Bmax%5D=&items_per_page_toggle=&page=",
    "timestamp": "unknown"
  },
  {
    "title": "Print",
    "link": "https://investors.abbvie.com/financial-releases",
    "timestamp": "unknown"
  },
  {
    "title": "RSS",
    "link": "https://investors.abbvie.com/rss-feeds",
    "timestamp": "unknown"
  },
  {
    "title": "Email Alerts",
    "link": "https://investors.abbvie.com/shareholder-services/email-alerts",
    "timestamp": "unknown"
  },
  {
    "title": "Contact",
    "link": "https://investors.abbvie.com/shareholder-services/contact-ir",
    "timestamp": "unknown"
  },
  {
    "title": "Tear Sheet",
    "link": "https://investors.abbvie.com/company-tear-sheet",
    "timestamp": "unknown"
  },
  {
    "title": "Contact",
    "link": "https://www.abbvie.com/contactus.html",
    "timestamp": "unknown"
  },
  {
    "title": "Contact",
    "link": "https://www.abbvie.com/contactus.html",
    "timestamp": "unknown"
  },
  {
    "title": "Medical Information",
    "link": "https://www.abbviemedinfo.com/",
    "timestamp": "unknown"
  },
  {
    "title": "Site Map",
    "link": "https://www.abbvie.com/site-map.html",
    "timestamp": "unknown"
  },
  {
    "title": "Terms of Use",
    "link": "https://www.abbvie.com/termsofuse.html",
    "timestamp": "unknown"
  },
  {
    "title": "Privacy Notice",
    "link": "https://privacy.abbvie/privacy-policies/us-privacy-policy.html",
    "timestamp": "unknown"
  },
  {
    "title": "Consumer Health Data Privacy Notice",
    "link": "https://abbv.ie/PrivacyConsumerHealth",
    "timestamp": "unknown"
  },
  {
    "title": "Your Privacy Choices",
    "link": "https://abbviemetadata.my.site.com/AbbvieDSRM/s/?language=en_US",
    "timestamp": "unknown"
  }
]