[
  {
    "title": "HomeAbout UsScienceTherapeutic AreasPipelineResources & PublicationsFor PatientsPatient ResourcesClinical TrialJoin CullinanNewsContact UsInvestorsOve",
    "link": "https://cullinantherapeutics.com/",
    "timestamp": "unknown"
  },
  {
    "title": "HomeAbout UsScienceTherapeutic AreasPipelineResources & PublicationsFor PatientsPatient ResourcesClinical TrialJoin CullinanNewsContact UsInvestorsOve",
    "link": "https://cullinantherapeutics.com/",
    "timestamp": "unknown"
  },
  {
    "title": "HomeAbout UsScienceTherapeutic AreasPipelineResources & PublicationsFor PatientsPatient ResourcesClinical TrialJoin CullinanNewsContact UsInvestorsOve",
    "link": "https://investors.cullinantherapeutics.com/sec-filings",
    "timestamp": "unknown"
  },
  {
    "title": "HomeAbout UsScienceTherapeutic AreasPipelineResources & PublicationsFor PatientsPatient ResourcesClinical TrialJoin CullinanNewsContact UsInvestorsOve",
    "link": "https://www.cullinanoncology.com/",
    "timestamp": "unknown"
  },
  {
    "title": "HomeAbout UsScienceTherapeutic AreasPipelineResources & PublicationsFor PatientsPatient ResourcesClinical TrialJoin CullinanNewsContact UsInvestorsOve",
    "link": "https://www.cullinanoncology.com/",
    "timestamp": "unknown"
  },
  {
    "title": "Home",
    "link": "https://www.cullinanoncology.com/",
    "timestamp": "unknown"
  },
  {
    "title": "About Us",
    "link": "https://cullinantherapeutics.com/about/",
    "timestamp": "unknown"
  },
  {
    "title": "ScienceTherapeutic AreasPipelineResources & Publications",
    "link": "https://investors.cullinantherapeutics.com/sec-filings",
    "timestamp": "unknown"
  },
  {
    "title": "Therapeutic Areas",
    "link": "https://cullinantherapeutics.com/science/therapeutic-areas/",
    "timestamp": "unknown"
  },
  {
    "title": "Pipeline",
    "link": "https://cullinantherapeutics.com/science/pipeline/",
    "timestamp": "unknown"
  },
  {
    "title": "Resources & Publications",
    "link": "https://cullinantherapeutics.com/science/publications/",
    "timestamp": "unknown"
  },
  {
    "title": "For PatientsPatient ResourcesClinical Trial",
    "link": "https://cullinantherapeutics.com/patients/resources/",
    "timestamp": "unknown"
  },
  {
    "title": "Patient Resources",
    "link": "https://cullinantherapeutics.com/patients/resources/",
    "timestamp": "unknown"
  },
  {
    "title": "Clinical Trial",
    "link": "https://cullinantherapeutics.com/patients/clinical-trials/",
    "timestamp": "unknown"
  },
  {
    "title": "Join Cullinan",
    "link": "https://cullinantherapeutics.com/join-cullinan/",
    "timestamp": "unknown"
  },
  {
    "title": "News",
    "link": "https://investors.cullinantherapeutics.com/news-releases",
    "timestamp": "unknown"
  },
  {
    "title": "Contact Us",
    "link": "https://cullinantherapeutics.com/contact/",
    "timestamp": "unknown"
  },
  {
    "title": "InvestorsOverviewEvents & PresentationsSEC FilingsStock InformationCorporate GovernanceInvestor FAQsEmail Alerts",
    "link": "https://investors.cullinantherapeutics.com/",
    "timestamp": "unknown"
  },
  {
    "title": "Overview",
    "link": "https://investors.cullinantherapeutics.com/",
    "timestamp": "unknown"
  },
  {
    "title": "Events & Presentations",
    "link": "https://investors.cullinantherapeutics.com/events",
    "timestamp": "unknown"
  },
  {
    "title": "SEC Filings",
    "link": "https://investors.cullinantherapeutics.com/sec-filings",
    "timestamp": "unknown"
  },
  {
    "title": "Stock Information",
    "link": "https://investors.cullinantherapeutics.com/stock-information",
    "timestamp": "unknown"
  },
  {
    "title": "Corporate Governance",
    "link": "https://investors.cullinantherapeutics.com/corporate-governance",
    "timestamp": "unknown"
  },
  {
    "title": "Investor FAQs",
    "link": "https://investors.cullinantherapeutics.com/faqs",
    "timestamp": "unknown"
  },
  {
    "title": "Email Alerts",
    "link": "https://investors.cullinantherapeutics.com/email-alerts",
    "timestamp": "unknown"
  },
  {
    "title": "BackHomeAbout UsScienceTherapeutic AreasPipelineResources & PublicationsFor PatientsPatient ResourcesClinical TrialJoin CullinanNewsContact UsInvestor",
    "link": "https://www.cullinanoncology.com/",
    "timestamp": "unknown"
  },
  {
    "title": "HomeAbout UsScienceTherapeutic AreasPipelineResources & PublicationsFor PatientsPatient ResourcesClinical TrialJoin CullinanNewsContact UsInvestorsOve",
    "link": "https://www.cullinanoncology.com/",
    "timestamp": "unknown"
  },
  {
    "title": "HomeAbout UsScienceTherapeutic AreasPipelineResources & PublicationsFor PatientsPatient ResourcesClinical TrialJoin CullinanNewsContact UsInvestorsOve",
    "link": "https://www.cullinanoncology.com/",
    "timestamp": "unknown"
  },
  {
    "title": "Home",
    "link": "https://www.cullinanoncology.com/",
    "timestamp": "unknown"
  },
  {
    "title": "About Us",
    "link": "https://cullinantherapeutics.com/about/",
    "timestamp": "unknown"
  },
  {
    "title": "ScienceTherapeutic AreasPipelineResources & Publications",
    "link": "https://investors.cullinantherapeutics.com/sec-filings",
    "timestamp": "unknown"
  },
  {
    "title": "Therapeutic Areas",
    "link": "https://cullinantherapeutics.com/science/therapeutic-areas/",
    "timestamp": "unknown"
  },
  {
    "title": "Pipeline",
    "link": "https://cullinantherapeutics.com/science/pipeline/",
    "timestamp": "unknown"
  },
  {
    "title": "Resources & Publications",
    "link": "https://cullinantherapeutics.com/science/publications/",
    "timestamp": "unknown"
  },
  {
    "title": "For PatientsPatient ResourcesClinical Trial",
    "link": "https://cullinantherapeutics.com/patients/resources/",
    "timestamp": "unknown"
  },
  {
    "title": "Patient Resources",
    "link": "https://cullinantherapeutics.com/patients/resources/",
    "timestamp": "unknown"
  },
  {
    "title": "Clinical Trial",
    "link": "https://cullinantherapeutics.com/patients/clinical-trials/",
    "timestamp": "unknown"
  },
  {
    "title": "Join Cullinan",
    "link": "https://cullinantherapeutics.com/join-cullinan/",
    "timestamp": "unknown"
  },
  {
    "title": "News",
    "link": "https://investors.cullinantherapeutics.com/news-releases",
    "timestamp": "unknown"
  },
  {
    "title": "Contact Us",
    "link": "https://cullinantherapeutics.com/contact/",
    "timestamp": "unknown"
  },
  {
    "title": "InvestorsOverviewEvents & PresentationsSEC FilingsStock InformationCorporate GovernanceInvestor FAQsEmail Alerts",
    "link": "https://investors.cullinantherapeutics.com/",
    "timestamp": "unknown"
  },
  {
    "title": "Overview",
    "link": "https://investors.cullinantherapeutics.com/",
    "timestamp": "unknown"
  },
  {
    "title": "Events & Presentations",
    "link": "https://investors.cullinantherapeutics.com/events",
    "timestamp": "unknown"
  },
  {
    "title": "SEC Filings",
    "link": "https://investors.cullinantherapeutics.com/sec-filings",
    "timestamp": "unknown"
  },
  {
    "title": "Stock Information",
    "link": "https://investors.cullinantherapeutics.com/stock-information",
    "timestamp": "unknown"
  },
  {
    "title": "Corporate Governance",
    "link": "https://investors.cullinantherapeutics.com/corporate-governance",
    "timestamp": "unknown"
  },
  {
    "title": "Investor FAQs",
    "link": "https://investors.cullinantherapeutics.com/faqs",
    "timestamp": "unknown"
  },
  {
    "title": "Email Alerts",
    "link": "https://investors.cullinantherapeutics.com/email-alerts",
    "timestamp": "unknown"
  },
  {
    "title": "HomeAbout UsScienceTherapeutic AreasPipelineResources & PublicationsFor PatientsPatient ResourcesClinical TrialJoin CullinanNewsContact UsInvestorsOve",
    "link": "https://cullinantherapeutics.com/",
    "timestamp": "unknown"
  },
  {
    "title": "HomeAbout UsScienceTherapeutic AreasPipelineResources & PublicationsFor PatientsPatient ResourcesClinical TrialJoin CullinanNewsContact UsInvestorsOve",
    "link": "https://cullinantherapeutics.com/",
    "timestamp": "unknown"
  },
  {
    "title": "HomeAbout UsScienceTherapeutic AreasPipelineResources & PublicationsFor PatientsPatient ResourcesClinical TrialJoin CullinanNewsContact UsInvestorsOve",
    "link": "https://cullinantherapeutics.com/",
    "timestamp": "unknown"
  },
  {
    "title": "HomeAbout UsScienceTherapeutic AreasPipelineResources & PublicationsFor PatientsPatient ResourcesClinical TrialJoin CullinanNewsContact UsInvestorsOve",
    "link": "https://investors.cullinantherapeutics.com/sec-filings",
    "timestamp": "unknown"
  },
  {
    "title": "HomeAbout UsScienceTherapeutic AreasPipelineResources & PublicationsFor PatientsPatient ResourcesClinical TrialJoin CullinanNewsContact UsInvestorsOve",
    "link": "https://www.cullinanoncology.com/",
    "timestamp": "unknown"
  },
  {
    "title": "HomeAbout UsScienceTherapeutic AreasPipelineResources & PublicationsFor PatientsPatient ResourcesClinical TrialJoin CullinanNewsContact UsInvestorsOve",
    "link": "https://www.cullinanoncology.com/",
    "timestamp": "unknown"
  },
  {
    "title": "Home",
    "link": "https://www.cullinanoncology.com/",
    "timestamp": "unknown"
  },
  {
    "title": "About Us",
    "link": "https://cullinantherapeutics.com/about/",
    "timestamp": "unknown"
  },
  {
    "title": "ScienceTherapeutic AreasPipelineResources & Publications",
    "link": "https://investors.cullinantherapeutics.com/sec-filings",
    "timestamp": "unknown"
  },
  {
    "title": "Therapeutic Areas",
    "link": "https://cullinantherapeutics.com/science/therapeutic-areas/",
    "timestamp": "unknown"
  },
  {
    "title": "Pipeline",
    "link": "https://cullinantherapeutics.com/science/pipeline/",
    "timestamp": "unknown"
  },
  {
    "title": "Resources & Publications",
    "link": "https://cullinantherapeutics.com/science/publications/",
    "timestamp": "unknown"
  },
  {
    "title": "For PatientsPatient ResourcesClinical Trial",
    "link": "https://cullinantherapeutics.com/patients/resources/",
    "timestamp": "unknown"
  },
  {
    "title": "Patient Resources",
    "link": "https://cullinantherapeutics.com/patients/resources/",
    "timestamp": "unknown"
  },
  {
    "title": "Clinical Trial",
    "link": "https://cullinantherapeutics.com/patients/clinical-trials/",
    "timestamp": "unknown"
  },
  {
    "title": "Join Cullinan",
    "link": "https://cullinantherapeutics.com/join-cullinan/",
    "timestamp": "unknown"
  },
  {
    "title": "News",
    "link": "https://investors.cullinantherapeutics.com/news-releases",
    "timestamp": "unknown"
  },
  {
    "title": "Contact Us",
    "link": "https://cullinantherapeutics.com/contact/",
    "timestamp": "unknown"
  },
  {
    "title": "InvestorsOverviewEvents & PresentationsSEC FilingsStock InformationCorporate GovernanceInvestor FAQsEmail Alerts",
    "link": "https://investors.cullinantherapeutics.com/",
    "timestamp": "unknown"
  },
  {
    "title": "Overview",
    "link": "https://investors.cullinantherapeutics.com/",
    "timestamp": "unknown"
  },
  {
    "title": "Events & Presentations",
    "link": "https://investors.cullinantherapeutics.com/events",
    "timestamp": "unknown"
  },
  {
    "title": "SEC Filings",
    "link": "https://investors.cullinantherapeutics.com/sec-filings",
    "timestamp": "unknown"
  },
  {
    "title": "Stock Information",
    "link": "https://investors.cullinantherapeutics.com/stock-information",
    "timestamp": "unknown"
  },
  {
    "title": "Corporate Governance",
    "link": "https://investors.cullinantherapeutics.com/corporate-governance",
    "timestamp": "unknown"
  },
  {
    "title": "Investor FAQs",
    "link": "https://investors.cullinantherapeutics.com/faqs",
    "timestamp": "unknown"
  },
  {
    "title": "Email Alerts",
    "link": "https://investors.cullinantherapeutics.com/email-alerts",
    "timestamp": "unknown"
  },
  {
    "title": "BackHomeAbout UsScienceTherapeutic AreasPipelineResources & PublicationsFor PatientsPatient ResourcesClinical TrialJoin CullinanNewsContact UsInvestor",
    "link": "https://www.cullinanoncology.com/",
    "timestamp": "unknown"
  },
  {
    "title": "HomeAbout UsScienceTherapeutic AreasPipelineResources & PublicationsFor PatientsPatient ResourcesClinical TrialJoin CullinanNewsContact UsInvestorsOve",
    "link": "https://www.cullinanoncology.com/",
    "timestamp": "unknown"
  },
  {
    "title": "HomeAbout UsScienceTherapeutic AreasPipelineResources & PublicationsFor PatientsPatient ResourcesClinical TrialJoin CullinanNewsContact UsInvestorsOve",
    "link": "https://www.cullinanoncology.com/",
    "timestamp": "unknown"
  },
  {
    "title": "Home",
    "link": "https://www.cullinanoncology.com/",
    "timestamp": "unknown"
  },
  {
    "title": "About Us",
    "link": "https://cullinantherapeutics.com/about/",
    "timestamp": "unknown"
  },
  {
    "title": "ScienceTherapeutic AreasPipelineResources & Publications",
    "link": "https://investors.cullinantherapeutics.com/sec-filings",
    "timestamp": "unknown"
  },
  {
    "title": "Therapeutic Areas",
    "link": "https://cullinantherapeutics.com/science/therapeutic-areas/",
    "timestamp": "unknown"
  },
  {
    "title": "Pipeline",
    "link": "https://cullinantherapeutics.com/science/pipeline/",
    "timestamp": "unknown"
  },
  {
    "title": "Resources & Publications",
    "link": "https://cullinantherapeutics.com/science/publications/",
    "timestamp": "unknown"
  },
  {
    "title": "For PatientsPatient ResourcesClinical Trial",
    "link": "https://cullinantherapeutics.com/patients/resources/",
    "timestamp": "unknown"
  },
  {
    "title": "Patient Resources",
    "link": "https://cullinantherapeutics.com/patients/resources/",
    "timestamp": "unknown"
  },
  {
    "title": "Clinical Trial",
    "link": "https://cullinantherapeutics.com/patients/clinical-trials/",
    "timestamp": "unknown"
  },
  {
    "title": "Join Cullinan",
    "link": "https://cullinantherapeutics.com/join-cullinan/",
    "timestamp": "unknown"
  },
  {
    "title": "News",
    "link": "https://investors.cullinantherapeutics.com/news-releases",
    "timestamp": "unknown"
  },
  {
    "title": "Contact Us",
    "link": "https://cullinantherapeutics.com/contact/",
    "timestamp": "unknown"
  },
  {
    "title": "InvestorsOverviewEvents & PresentationsSEC FilingsStock InformationCorporate GovernanceInvestor FAQsEmail Alerts",
    "link": "https://investors.cullinantherapeutics.com/",
    "timestamp": "unknown"
  },
  {
    "title": "Overview",
    "link": "https://investors.cullinantherapeutics.com/",
    "timestamp": "unknown"
  },
  {
    "title": "Events & Presentations",
    "link": "https://investors.cullinantherapeutics.com/events",
    "timestamp": "unknown"
  },
  {
    "title": "SEC Filings",
    "link": "https://investors.cullinantherapeutics.com/sec-filings",
    "timestamp": "unknown"
  },
  {
    "title": "Stock Information",
    "link": "https://investors.cullinantherapeutics.com/stock-information",
    "timestamp": "unknown"
  },
  {
    "title": "Corporate Governance",
    "link": "https://investors.cullinantherapeutics.com/corporate-governance",
    "timestamp": "unknown"
  },
  {
    "title": "Investor FAQs",
    "link": "https://investors.cullinantherapeutics.com/faqs",
    "timestamp": "unknown"
  },
  {
    "title": "Email Alerts",
    "link": "https://investors.cullinantherapeutics.com/email-alerts",
    "timestamp": "unknown"
  },
  {
    "title": "SEC FilingsGroupAll,,Annual FilingsCurrent ReportsMergers & AcquisitionsOtherProxy FilingsQuarterly FilingsRegistration StatementsFiling yearAllDetail",
    "link": "https://investors.cullinantherapeutics.com/sec-filings?filter_type=limit_year&items_per_page=&order=field_nir_sec_date_filed&sort=asc",
    "timestamp": "unknown"
  },
  {
    "title": "SEC FilingsGroupAll,,Annual FilingsCurrent ReportsMergers & AcquisitionsOtherProxy FilingsQuarterly FilingsRegistration StatementsFiling yearAllDetail",
    "link": "https://investors.cullinantherapeutics.com/sec-filings?filter_type=limit_year&items_per_page=&order=field_nir_sec_date_filed&sort=asc",
    "timestamp": "unknown"
  },
  {
    "title": "SEC FilingsGroupAll,,Annual FilingsCurrent ReportsMergers & AcquisitionsOtherProxy FilingsQuarterly FilingsRegistration StatementsFiling yearAllDetail",
    "link": "https://investors.cullinantherapeutics.com/sec-filings?filter_type=limit_year&items_per_page=&order=field_nir_sec_date_filed&sort=asc",
    "timestamp": "unknown"
  },
  {
    "title": "GroupAll,,Annual FilingsCurrent ReportsMergers & AcquisitionsOtherProxy FilingsQuarterly FilingsRegistration StatementsFiling yearAllDetailed SEC Fili",
    "link": "https://investors.cullinantherapeutics.com/sec-filings?filter_type=limit_year&items_per_page=&order=field_nir_sec_date_filed&sort=asc",
    "timestamp": "unknown"
  },
  {
    "title": "GroupAll,,Annual FilingsCurrent ReportsMergers & AcquisitionsOtherProxy FilingsQuarterly FilingsRegistration StatementsFiling yearAllDetailed SEC Fili",
    "link": "https://investors.cullinantherapeutics.com/sec-filings?filter_type=limit_year&items_per_page=&order=field_nir_sec_date_filed&sort=asc",
    "timestamp": "unknown"
  },
  {
    "title": "GroupAll,,Annual FilingsCurrent ReportsMergers & AcquisitionsOtherProxy FilingsQuarterly FilingsRegistration StatementsFiling yearAllDetailed SEC Fili",
    "link": "https://investors.cullinantherapeutics.com/sec-filings?filter_type=limit_year&items_per_page=&order=field_nir_sec_date_filed&sort=asc",
    "timestamp": "unknown"
  },
  {
    "title": "GroupAll,,Annual FilingsCurrent ReportsMergers & AcquisitionsOtherProxy FilingsQuarterly FilingsRegistration StatementsFiling yearAllDetailed SEC Fili",
    "link": "https://investors.cullinantherapeutics.com/sec-filings?filter_type=limit_year&items_per_page=&order=field_nir_sec_date_filed&sort=asc",
    "timestamp": "unknown"
  },
  {
    "title": "GroupAll,,Annual FilingsCurrent ReportsMergers & AcquisitionsOtherProxy FilingsQuarterly FilingsRegistration StatementsFiling yearAllDetailed SEC Fili",
    "link": "https://investors.cullinantherapeutics.com/sec-filings?filter_type=limit_year&items_per_page=&order=field_nir_sec_date_filed&sort=asc",
    "timestamp": "unknown"
  },
  {
    "title": "GroupAll,,Annual FilingsCurrent ReportsMergers & AcquisitionsOtherProxy FilingsQuarterly FilingsRegistration StatementsFiling yearAllDetailed SEC Fili",
    "link": "https://investors.cullinantherapeutics.com/sec-filings?filter_type=limit_year&items_per_page=&order=field_nir_sec_date_filed&sort=asc",
    "timestamp": "unknown"
  },
  {
    "title": "GroupAll,,Annual FilingsCurrent ReportsMergers & AcquisitionsOtherProxy FilingsQuarterly FilingsRegistration StatementsFiling yearAllDetailed SEC Fili",
    "link": "https://investors.cullinantherapeutics.com/sec-filings?filter_type=limit_year&items_per_page=&order=field_nir_sec_date_filed&sort=asc",
    "timestamp": "unknown"
  },
  {
    "title": "GroupAll,,Annual FilingsCurrent ReportsMergers & AcquisitionsOtherProxy FilingsQuarterly FilingsRegistration StatementsFiling yearAllDetailed SEC Fili",
    "link": "https://investors.cullinantherapeutics.com/sec-filings?filter_type=limit_year&items_per_page=&order=field_nir_sec_date_filed&sort=asc",
    "timestamp": "unknown"
  },
  {
    "title": "GroupAll,,Annual FilingsCurrent ReportsMergers & AcquisitionsOtherProxy FilingsQuarterly FilingsRegistration StatementsFiling yearAllDetailed SEC Fili",
    "link": "https://investors.cullinantherapeutics.com/sec-filings?filter_type=limit_year&items_per_page=&order=field_nir_sec_date_filed&sort=asc",
    "timestamp": "unknown"
  },
  {
    "title": "GroupAll,,Annual FilingsCurrent ReportsMergers & AcquisitionsOtherProxy FilingsQuarterly FilingsRegistration StatementsFiling yearAllDetailed SEC Fili",
    "link": "https://investors.cullinantherapeutics.com/sec-filings?filter_type=limit_year&items_per_page=&order=field_nir_sec_date_filed&sort=asc",
    "timestamp": "unknown"
  },
  {
    "title": "GroupAll,,Annual FilingsCurrent ReportsMergers & AcquisitionsOtherProxy FilingsQuarterly FilingsRegistration StatementsFiling yearAllDetailed SEC Fili",
    "link": "https://investors.cullinantherapeutics.com/sec-filings?filter_type=limit_year&items_per_page=&order=field_nir_sec_date_filed&sort=asc",
    "timestamp": "unknown"
  },
  {
    "title": "GroupAll,,Annual FilingsCurrent ReportsMergers & AcquisitionsOtherProxy FilingsQuarterly FilingsRegistration StatementsFiling yearAllDetailed SEC Fili",
    "link": "https://investors.cullinantherapeutics.com/sec-filings?filter_type=limit_year&items_per_page=&order=field_nir_sec_date_filed&sort=asc",
    "timestamp": "unknown"
  },
  {
    "title": "GroupAll,,Annual FilingsCurrent ReportsMergers & AcquisitionsOtherProxy FilingsQuarterly FilingsRegistration StatementsFiling yearAllDetailed SEC Fili",
    "link": "https://investors.cullinantherapeutics.com/sec-filings?filter_type=limit_year&items_per_page=&order=field_nir_sec_date_filed&sort=asc",
    "timestamp": "unknown"
  },
  {
    "title": "GroupAll,,Annual FilingsCurrent ReportsMergers & AcquisitionsOtherProxy FilingsQuarterly FilingsRegistration StatementsFiling yearAllDetailed SEC Fili",
    "link": "https://investors.cullinantherapeutics.com/sec-filings?filter_type=limit_year&items_per_page=&order=field_nir_sec_date_filed&sort=asc",
    "timestamp": "unknown"
  },
  {
    "title": "GroupAll,,Annual FilingsCurrent ReportsMergers & AcquisitionsOtherProxy FilingsQuarterly FilingsRegistration StatementsFiling yearAllDetailed SEC Fili",
    "link": "https://investors.cullinantherapeutics.com/sec-filings?filter_type=limit_year&items_per_page=&order=field_nir_sec_date_filed&sort=asc",
    "timestamp": "unknown"
  },
  {
    "title": "Detailed SEC Filings TableFiling DateFormDescriptionViewOctober ,SCHEDULE 13G/ASCHEDULE 13G/A - Description--.pdf--.rtf--.xlsView HTMLOctober ,Stateme",
    "link": "https://investors.cullinantherapeutics.com/sec-filings?filter_type=limit_year&items_per_page=&order=field_nir_sec_date_filed&sort=asc",
    "timestamp": "unknown"
  },
  {
    "title": "Filing DateFormDescriptionView",
    "link": "https://investors.cullinantherapeutics.com/sec-filings?filter_type=limit_year&items_per_page=&order=field_nir_sec_date_filed&sort=asc",
    "timestamp": "unknown"
  },
  {
    "title": "October ,SCHEDULE 13G/ASCHEDULE 13G/A - Description--.pdf--.rtf--.xlsView HTML",
    "link": "https://investors.cullinantherapeutics.com/sec-filings/sec-filing/schedule-13ga/--",
    "timestamp": "unknown"
  },
  {
    "title": "--.pdf--.rtf--.xlsView HTML",
    "link": "https://investors.cullinantherapeutics.com/static-files/b4aa6cd5-f7dd-4ded-b6a6-696d1944b4ed",
    "timestamp": "unknown"
  },
  {
    "title": "--.pdf",
    "link": "https://investors.cullinantherapeutics.com/static-files/b4aa6cd5-f7dd-4ded-b6a6-696d1944b4ed",
    "timestamp": "unknown"
  },
  {
    "title": "--.rtf",
    "link": "https://investors.cullinantherapeutics.com/static-files/e6352da0-ca5d-417a-89c2-347c520c421c",
    "timestamp": "unknown"
  },
  {
    "title": "--.xls",
    "link": "https://investors.cullinantherapeutics.com/static-files/4d70ff86-ef35--9c13-7d9f6e6ff09b",
    "timestamp": "unknown"
  },
  {
    "title": "October ,Statement of changes in beneficial ownership of securities--.pdf--.rtf--.xlsView HTML",
    "link": "https://investors.cullinantherapeutics.com/sec-filings/sec-filing//--",
    "timestamp": "unknown"
  },
  {
    "title": "--.pdf--.rtf--.xlsView HTML",
    "link": "https://investors.cullinantherapeutics.com/static-files/f32a8979-d531-442d-98c6-0c52935b2ee3",
    "timestamp": "unknown"
  },
  {
    "title": "--.pdf",
    "link": "https://investors.cullinantherapeutics.com/static-files/f32a8979-d531-442d-98c6-0c52935b2ee3",
    "timestamp": "unknown"
  },
  {
    "title": "--.rtf",
    "link": "https://investors.cullinantherapeutics.com/static-files/a48a7461-ea83-403f-9b61-30c0d3ee5366",
    "timestamp": "unknown"
  },
  {
    "title": "--.xls",
    "link": "https://investors.cullinantherapeutics.com/static-files/deef6a20-0df4--a598-246f26c0d7ba",
    "timestamp": "unknown"
  },
  {
    "title": "October ,SCHEDULE 13G/ASCHEDULE 13G/A - Description--.pdf--.rtf--.xlsView HTML",
    "link": "https://investors.cullinantherapeutics.com/sec-filings/sec-filing/schedule-13ga/--",
    "timestamp": "unknown"
  },
  {
    "title": "--.pdf--.rtf--.xlsView HTML",
    "link": "https://investors.cullinantherapeutics.com/static-files/a94c125a-73ed-45f6-a4a5-70c9ce306710",
    "timestamp": "unknown"
  },
  {
    "title": "--.pdf",
    "link": "https://investors.cullinantherapeutics.com/static-files/a94c125a-73ed-45f6-a4a5-70c9ce306710",
    "timestamp": "unknown"
  },
  {
    "title": "--.rtf",
    "link": "https://investors.cullinantherapeutics.com/static-files/b1e48f7f-33f9-4b7a-9ea5-12c8a5e4e09f",
    "timestamp": "unknown"
  },
  {
    "title": "--.xls",
    "link": "https://investors.cullinantherapeutics.com/static-files/a6bdedc8-4ed3-4a38-9eaf-61781fc70126",
    "timestamp": "unknown"
  },
  {
    "title": "October ,Initial filing by director officer or owner of more than ten percent--.pdf--.rtf--.xlsView HTML",
    "link": "https://investors.cullinantherapeutics.com/sec-filings/sec-filing//--",
    "timestamp": "unknown"
  },
  {
    "title": "--.pdf--.rtf--.xlsView HTML",
    "link": "https://investors.cullinantherapeutics.com/static-files/0bc95a0b--488e-87e4-0e0245f81dbc",
    "timestamp": "unknown"
  },
  {
    "title": "--.pdf",
    "link": "https://investors.cullinantherapeutics.com/static-files/0bc95a0b--488e-87e4-0e0245f81dbc",
    "timestamp": "unknown"
  },
  {
    "title": "--.rtf",
    "link": "https://investors.cullinantherapeutics.com/static-files/ecf026b0-6e50-441a-87dd-e4baccac7525",
    "timestamp": "unknown"
  },
  {
    "title": "--.xls",
    "link": "https://investors.cullinantherapeutics.com/static-files/99ce6056-a648-40d7-ab8c-b79608e39711",
    "timestamp": "unknown"
  },
  {
    "title": "October ,Statement of changes in beneficial ownership of securities--.pdf--.rtf--.xlsView HTML",
    "link": "https://investors.cullinantherapeutics.com/sec-filings/sec-filing//--",
    "timestamp": "unknown"
  },
  {
    "title": "--.pdf--.rtf--.xlsView HTML",
    "link": "https://investors.cullinantherapeutics.com/static-files/c99e6fe2-a061-46d5-9f52-5746aca1943b",
    "timestamp": "unknown"
  },
  {
    "title": "--.pdf",
    "link": "https://investors.cullinantherapeutics.com/static-files/c99e6fe2-a061-46d5-9f52-5746aca1943b",
    "timestamp": "unknown"
  },
  {
    "title": "--.rtf",
    "link": "https://investors.cullinantherapeutics.com/static-files/e27a4d19-8f1a-4f1a-9df4-324897767f1f",
    "timestamp": "unknown"
  },
  {
    "title": "--.xls",
    "link": "https://investors.cullinantherapeutics.com/static-files/aa02dc7b-baf7-4b21-ae5d-c1ce20eaea5a",
    "timestamp": "unknown"
  },
  {
    "title": "September ,-KReport of unscheduled material events or corporate event--.pdf--.rtf--.xlsEX-.SCH - XBRL TAXONOMY EXTENSION SCHEMAView HTML",
    "link": "https://investors.cullinantherapeutics.com/sec-filings/sec-filing/-k/--",
    "timestamp": "unknown"
  },
  {
    "title": "--.pdf--.rtf--.xlsEX-.SCH - XBRL TAXONOMY EXTENSION SCHEMAView HTML",
    "link": "https://investors.cullinantherapeutics.com/static-files/b5af0fd0-8db4--a036-dda375a07c8f",
    "timestamp": "unknown"
  },
  {
    "title": "--.pdf",
    "link": "https://investors.cullinantherapeutics.com/static-files/b5af0fd0-8db4--a036-dda375a07c8f",
    "timestamp": "unknown"
  },
  {
    "title": "--.rtf",
    "link": "https://investors.cullinantherapeutics.com/static-files/4c368896-a92c-423e-a3fd-3573e831b958",
    "timestamp": "unknown"
  },
  {
    "title": "--.xls",
    "link": "https://investors.cullinantherapeutics.com/static-files/bb52a9de-c5c0-4e85-8c2c-7e65ab9888d7",
    "timestamp": "unknown"
  },
  {
    "title": "August ,SCHEDULE 13GSCHEDULE 13G - Description--.pdf--.rtf--.xlsView HTML",
    "link": "https://investors.cullinantherapeutics.com/sec-filings/sec-filing/schedule-13g/--",
    "timestamp": "unknown"
  },
  {
    "title": "--.pdf--.rtf--.xlsView HTML",
    "link": "https://investors.cullinantherapeutics.com/static-files/-bda4--ac8c-79d45b13c054",
    "timestamp": "unknown"
  },
  {
    "title": "--.pdf",
    "link": "https://investors.cullinantherapeutics.com/static-files/-bda4--ac8c-79d45b13c054",
    "timestamp": "unknown"
  },
  {
    "title": "--.rtf",
    "link": "https://investors.cullinantherapeutics.com/static-files/00280c52-d99f-4d86-aa24-19543153a2ae",
    "timestamp": "unknown"
  },
  {
    "title": "--.xls",
    "link": "https://investors.cullinantherapeutics.com/static-files/97792e77-34e6-4eb7-a277-21e1ec17f554",
    "timestamp": "unknown"
  },
  {
    "title": "August ,Initial filing by director officer or owner of more than ten percent--.pdf--.rtf--.xlsView HTML",
    "link": "https://investors.cullinantherapeutics.com/sec-filings/sec-filing//--",
    "timestamp": "unknown"
  },
  {
    "title": "--.pdf--.rtf--.xlsView HTML",
    "link": "https://investors.cullinantherapeutics.com/static-files/8e554879-0e4b-499b-9dc6-ecc1220b8256",
    "timestamp": "unknown"
  },
  {
    "title": "--.pdf",
    "link": "https://investors.cullinantherapeutics.com/static-files/8e554879-0e4b-499b-9dc6-ecc1220b8256",
    "timestamp": "unknown"
  },
  {
    "title": "--.rtf",
    "link": "https://investors.cullinantherapeutics.com/static-files/aa4cb82c-e25c-473b-9b4e-8fe429e06083",
    "timestamp": "unknown"
  },
  {
    "title": "--.xls",
    "link": "https://investors.cullinantherapeutics.com/static-files/ca59f56f-8bce-4a64--378812a23b3b",
    "timestamp": "unknown"
  },
  {
    "title": "August ,Initial filing by director officer or owner of more than ten percent--.pdf--.rtf--.xlsView HTML",
    "link": "https://investors.cullinantherapeutics.com/sec-filings/sec-filing//--",
    "timestamp": "unknown"
  },
  {
    "title": "--.pdf--.rtf--.xlsView HTML",
    "link": "https://investors.cullinantherapeutics.com/static-files/15f1a929-fa1d-4e29-badc-6471f85958fd",
    "timestamp": "unknown"
  },
  {
    "title": "--.pdf",
    "link": "https://investors.cullinantherapeutics.com/static-files/15f1a929-fa1d-4e29-badc-6471f85958fd",
    "timestamp": "unknown"
  },
  {
    "title": "--.rtf",
    "link": "https://investors.cullinantherapeutics.com/static-files/41437f29-719d-4c87--97adb76c66cf",
    "timestamp": "unknown"
  },
  {
    "title": "--.xls",
    "link": "https://investors.cullinantherapeutics.com/static-files/7df3f0f7-0a6a-4a53-ace9-2c222542c3af",
    "timestamp": "unknown"
  },
  {
    "title": "August ,Statement of changes in beneficial ownership of securities--.pdf--.rtf--.xlsView HTML",
    "link": "https://investors.cullinantherapeutics.com/sec-filings/sec-filing//--",
    "timestamp": "unknown"
  },
  {
    "title": "--.pdf--.rtf--.xlsView HTML",
    "link": "https://investors.cullinantherapeutics.com/static-files/d77bd10e-b502--b9ad-823a21242f7f",
    "timestamp": "unknown"
  },
  {
    "title": "--.pdf",
    "link": "https://investors.cullinantherapeutics.com/static-files/d77bd10e-b502--b9ad-823a21242f7f",
    "timestamp": "unknown"
  },
  {
    "title": "--.rtf",
    "link": "https://investors.cullinantherapeutics.com/static-files/fc3a7ff7--4a21--95bc22738082",
    "timestamp": "unknown"
  },
  {
    "title": "--.xls",
    "link": "https://investors.cullinantherapeutics.com/static-files/95b5d00b-cff1-426c-91d7-11d3c954223e",
    "timestamp": "unknown"
  },
  {
    "title": "October ,Form:SCHEDULE 13G/ADescription:SCHEDULE 13G/A - Description--.pdf--.rtf--.xlsView HTMLOctober ,Form:Description:Statement of changes in benef",
    "link": "https://investors.cullinantherapeutics.com/sec-filings/sec-filing/schedule-13ga/--",
    "timestamp": "unknown"
  },
  {
    "title": "October ,Form:SCHEDULE 13G/ADescription:SCHEDULE 13G/A - Description--.pdf--.rtf--.xlsView HTMLOctober ,Form:Description:Statement of changes in benef",
    "link": "https://investors.cullinantherapeutics.com/sec-filings/sec-filing/schedule-13ga/--",
    "timestamp": "unknown"
  },
  {
    "title": "October ,Form:SCHEDULE 13G/ADescription:SCHEDULE 13G/A - Description--.pdf--.rtf--.xlsView HTMLOctober ,Form:Description:Statement of changes in benef",
    "link": "https://investors.cullinantherapeutics.com/sec-filings/sec-filing/schedule-13ga/--",
    "timestamp": "unknown"
  },
  {
    "title": "October ,Form:SCHEDULE 13G/ADescription:SCHEDULE 13G/A - Description--.pdf--.rtf--.xlsView HTML",
    "link": "https://investors.cullinantherapeutics.com/sec-filings/sec-filing/schedule-13ga/--",
    "timestamp": "unknown"
  },
  {
    "title": "Form:SCHEDULE 13G/A",
    "link": "https://investors.cullinantherapeutics.com/sec-filings/sec-filing/schedule-13ga/--",
    "timestamp": "unknown"
  },
  {
    "title": "--.pdf--.rtf--.xlsView HTML",
    "link": "https://investors.cullinantherapeutics.com/static-files/b4aa6cd5-f7dd-4ded-b6a6-696d1944b4ed",
    "timestamp": "unknown"
  },
  {
    "title": "--.pdf--.rtf--.xlsView HTML",
    "link": "https://investors.cullinantherapeutics.com/static-files/b4aa6cd5-f7dd-4ded-b6a6-696d1944b4ed",
    "timestamp": "unknown"
  },
  {
    "title": "--.pdf",
    "link": "https://investors.cullinantherapeutics.com/static-files/b4aa6cd5-f7dd-4ded-b6a6-696d1944b4ed",
    "timestamp": "unknown"
  },
  {
    "title": "--.rtf",
    "link": "https://investors.cullinantherapeutics.com/static-files/e6352da0-ca5d-417a-89c2-347c520c421c",
    "timestamp": "unknown"
  },
  {
    "title": "--.xls",
    "link": "https://investors.cullinantherapeutics.com/static-files/4d70ff86-ef35--9c13-7d9f6e6ff09b",
    "timestamp": "unknown"
  },
  {
    "title": "October ,Form:Description:Statement of changes in beneficial ownership of securities--.pdf--.rtf--.xlsView HTML",
    "link": "https://investors.cullinantherapeutics.com/sec-filings/sec-filing//--",
    "timestamp": "unknown"
  },
  {
    "title": "Form:",
    "link": "https://investors.cullinantherapeutics.com/sec-filings/sec-filing//--",
    "timestamp": "unknown"
  },
  {
    "title": "--.pdf--.rtf--.xlsView HTML",
    "link": "https://investors.cullinantherapeutics.com/static-files/f32a8979-d531-442d-98c6-0c52935b2ee3",
    "timestamp": "unknown"
  },
  {
    "title": "--.pdf--.rtf--.xlsView HTML",
    "link": "https://investors.cullinantherapeutics.com/static-files/f32a8979-d531-442d-98c6-0c52935b2ee3",
    "timestamp": "unknown"
  },
  {
    "title": "--.pdf",
    "link": "https://investors.cullinantherapeutics.com/static-files/f32a8979-d531-442d-98c6-0c52935b2ee3",
    "timestamp": "unknown"
  },
  {
    "title": "--.rtf",
    "link": "https://investors.cullinantherapeutics.com/static-files/a48a7461-ea83-403f-9b61-30c0d3ee5366",
    "timestamp": "unknown"
  },
  {
    "title": "--.xls",
    "link": "https://investors.cullinantherapeutics.com/static-files/deef6a20-0df4--a598-246f26c0d7ba",
    "timestamp": "unknown"
  },
  {
    "title": "October ,Form:SCHEDULE 13G/ADescription:SCHEDULE 13G/A - Description--.pdf--.rtf--.xlsView HTML",
    "link": "https://investors.cullinantherapeutics.com/sec-filings/sec-filing/schedule-13ga/--",
    "timestamp": "unknown"
  },
  {
    "title": "Form:SCHEDULE 13G/A",
    "link": "https://investors.cullinantherapeutics.com/sec-filings/sec-filing/schedule-13ga/--",
    "timestamp": "unknown"
  },
  {
    "title": "--.pdf--.rtf--.xlsView HTML",
    "link": "https://investors.cullinantherapeutics.com/static-files/a94c125a-73ed-45f6-a4a5-70c9ce306710",
    "timestamp": "unknown"
  },
  {
    "title": "--.pdf--.rtf--.xlsView HTML",
    "link": "https://investors.cullinantherapeutics.com/static-files/a94c125a-73ed-45f6-a4a5-70c9ce306710",
    "timestamp": "unknown"
  },
  {
    "title": "--.pdf",
    "link": "https://investors.cullinantherapeutics.com/static-files/a94c125a-73ed-45f6-a4a5-70c9ce306710",
    "timestamp": "unknown"
  },
  {
    "title": "--.rtf",
    "link": "https://investors.cullinantherapeutics.com/static-files/b1e48f7f-33f9-4b7a-9ea5-12c8a5e4e09f",
    "timestamp": "unknown"
  },
  {
    "title": "--.xls",
    "link": "https://investors.cullinantherapeutics.com/static-files/a6bdedc8-4ed3-4a38-9eaf-61781fc70126",
    "timestamp": "unknown"
  },
  {
    "title": "October ,Form:Description:Initial filing by director officer or owner of more than ten percent--.pdf--.rtf--.xlsView HTML",
    "link": "https://investors.cullinantherapeutics.com/sec-filings/sec-filing//--",
    "timestamp": "unknown"
  },
  {
    "title": "Form:",
    "link": "https://investors.cullinantherapeutics.com/sec-filings/sec-filing//--",
    "timestamp": "unknown"
  },
  {
    "title": "--.pdf--.rtf--.xlsView HTML",
    "link": "https://investors.cullinantherapeutics.com/static-files/0bc95a0b--488e-87e4-0e0245f81dbc",
    "timestamp": "unknown"
  },
  {
    "title": "--.pdf--.rtf--.xlsView HTML",
    "link": "https://investors.cullinantherapeutics.com/static-files/0bc95a0b--488e-87e4-0e0245f81dbc",
    "timestamp": "unknown"
  },
  {
    "title": "--.pdf",
    "link": "https://investors.cullinantherapeutics.com/static-files/0bc95a0b--488e-87e4-0e0245f81dbc",
    "timestamp": "unknown"
  },
  {
    "title": "--.rtf",
    "link": "https://investors.cullinantherapeutics.com/static-files/ecf026b0-6e50-441a-87dd-e4baccac7525",
    "timestamp": "unknown"
  },
  {
    "title": "--.xls",
    "link": "https://investors.cullinantherapeutics.com/static-files/99ce6056-a648-40d7-ab8c-b79608e39711",
    "timestamp": "unknown"
  },
  {
    "title": "October ,Form:Description:Statement of changes in beneficial ownership of securities--.pdf--.rtf--.xlsView HTML",
    "link": "https://investors.cullinantherapeutics.com/sec-filings/sec-filing//--",
    "timestamp": "unknown"
  },
  {
    "title": "Form:",
    "link": "https://investors.cullinantherapeutics.com/sec-filings/sec-filing//--",
    "timestamp": "unknown"
  },
  {
    "title": "--.pdf--.rtf--.xlsView HTML",
    "link": "https://investors.cullinantherapeutics.com/static-files/c99e6fe2-a061-46d5-9f52-5746aca1943b",
    "timestamp": "unknown"
  },
  {
    "title": "--.pdf--.rtf--.xlsView HTML",
    "link": "https://investors.cullinantherapeutics.com/static-files/c99e6fe2-a061-46d5-9f52-5746aca1943b",
    "timestamp": "unknown"
  },
  {
    "title": "--.pdf",
    "link": "https://investors.cullinantherapeutics.com/static-files/c99e6fe2-a061-46d5-9f52-5746aca1943b",
    "timestamp": "unknown"
  },
  {
    "title": "--.rtf",
    "link": "https://investors.cullinantherapeutics.com/static-files/e27a4d19-8f1a-4f1a-9df4-324897767f1f",
    "timestamp": "unknown"
  },
  {
    "title": "--.xls",
    "link": "https://investors.cullinantherapeutics.com/static-files/aa02dc7b-baf7-4b21-ae5d-c1ce20eaea5a",
    "timestamp": "unknown"
  },
  {
    "title": "September ,Form:-KDescription:Report of unscheduled material events or corporate event--.pdf--.rtf--.xlsEX-.SCH - XBRL TAXONOMY EXTENSION SCHEMAView H",
    "link": "https://investors.cullinantherapeutics.com/sec-filings/sec-filing/-k/--",
    "timestamp": "unknown"
  },
  {
    "title": "Form:-K",
    "link": "https://investors.cullinantherapeutics.com/sec-filings/sec-filing/-k/--",
    "timestamp": "unknown"
  },
  {
    "title": "--.pdf--.rtf--.xlsEX-.SCH - XBRL TAXONOMY EXTENSION SCHEMAView HTML",
    "link": "https://investors.cullinantherapeutics.com/static-files/b5af0fd0-8db4--a036-dda375a07c8f",
    "timestamp": "unknown"
  },
  {
    "title": "--.pdf--.rtf--.xlsEX-.SCH - XBRL TAXONOMY EXTENSION SCHEMAView HTML",
    "link": "https://investors.cullinantherapeutics.com/static-files/b5af0fd0-8db4--a036-dda375a07c8f",
    "timestamp": "unknown"
  },
  {
    "title": "--.pdf",
    "link": "https://investors.cullinantherapeutics.com/static-files/b5af0fd0-8db4--a036-dda375a07c8f",
    "timestamp": "unknown"
  },
  {
    "title": "--.rtf",
    "link": "https://investors.cullinantherapeutics.com/static-files/4c368896-a92c-423e-a3fd-3573e831b958",
    "timestamp": "unknown"
  },
  {
    "title": "--.xls",
    "link": "https://investors.cullinantherapeutics.com/static-files/bb52a9de-c5c0-4e85-8c2c-7e65ab9888d7",
    "timestamp": "unknown"
  },
  {
    "title": "August ,Form:SCHEDULE 13GDescription:SCHEDULE 13G - Description--.pdf--.rtf--.xlsView HTML",
    "link": "https://investors.cullinantherapeutics.com/sec-filings/sec-filing/schedule-13g/--",
    "timestamp": "unknown"
  },
  {
    "title": "Form:SCHEDULE 13G",
    "link": "https://investors.cullinantherapeutics.com/sec-filings/sec-filing/schedule-13g/--",
    "timestamp": "unknown"
  },
  {
    "title": "--.pdf--.rtf--.xlsView HTML",
    "link": "https://investors.cullinantherapeutics.com/static-files/-bda4--ac8c-79d45b13c054",
    "timestamp": "unknown"
  },
  {
    "title": "--.pdf--.rtf--.xlsView HTML",
    "link": "https://investors.cullinantherapeutics.com/static-files/-bda4--ac8c-79d45b13c054",
    "timestamp": "unknown"
  },
  {
    "title": "--.pdf",
    "link": "https://investors.cullinantherapeutics.com/static-files/-bda4--ac8c-79d45b13c054",
    "timestamp": "unknown"
  },
  {
    "title": "--.rtf",
    "link": "https://investors.cullinantherapeutics.com/static-files/00280c52-d99f-4d86-aa24-19543153a2ae",
    "timestamp": "unknown"
  },
  {
    "title": "--.xls",
    "link": "https://investors.cullinantherapeutics.com/static-files/97792e77-34e6-4eb7-a277-21e1ec17f554",
    "timestamp": "unknown"
  },
  {
    "title": "August ,Form:Description:Initial filing by director officer or owner of more than ten percent--.pdf--.rtf--.xlsView HTML",
    "link": "https://investors.cullinantherapeutics.com/sec-filings/sec-filing//--",
    "timestamp": "unknown"
  },
  {
    "title": "Form:",
    "link": "https://investors.cullinantherapeutics.com/sec-filings/sec-filing//--",
    "timestamp": "unknown"
  },
  {
    "title": "--.pdf--.rtf--.xlsView HTML",
    "link": "https://investors.cullinantherapeutics.com/static-files/8e554879-0e4b-499b-9dc6-ecc1220b8256",
    "timestamp": "unknown"
  },
  {
    "title": "--.pdf--.rtf--.xlsView HTML",
    "link": "https://investors.cullinantherapeutics.com/static-files/8e554879-0e4b-499b-9dc6-ecc1220b8256",
    "timestamp": "unknown"
  },
  {
    "title": "--.pdf",
    "link": "https://investors.cullinantherapeutics.com/static-files/8e554879-0e4b-499b-9dc6-ecc1220b8256",
    "timestamp": "unknown"
  },
  {
    "title": "--.rtf",
    "link": "https://investors.cullinantherapeutics.com/static-files/aa4cb82c-e25c-473b-9b4e-8fe429e06083",
    "timestamp": "unknown"
  },
  {
    "title": "--.xls",
    "link": "https://investors.cullinantherapeutics.com/static-files/ca59f56f-8bce-4a64--378812a23b3b",
    "timestamp": "unknown"
  },
  {
    "title": "August ,Form:Description:Initial filing by director officer or owner of more than ten percent--.pdf--.rtf--.xlsView HTML",
    "link": "https://investors.cullinantherapeutics.com/sec-filings/sec-filing//--",
    "timestamp": "unknown"
  },
  {
    "title": "Form:",
    "link": "https://investors.cullinantherapeutics.com/sec-filings/sec-filing//--",
    "timestamp": "unknown"
  },
  {
    "title": "--.pdf--.rtf--.xlsView HTML",
    "link": "https://investors.cullinantherapeutics.com/static-files/15f1a929-fa1d-4e29-badc-6471f85958fd",
    "timestamp": "unknown"
  },
  {
    "title": "--.pdf--.rtf--.xlsView HTML",
    "link": "https://investors.cullinantherapeutics.com/static-files/15f1a929-fa1d-4e29-badc-6471f85958fd",
    "timestamp": "unknown"
  },
  {
    "title": "--.pdf",
    "link": "https://investors.cullinantherapeutics.com/static-files/15f1a929-fa1d-4e29-badc-6471f85958fd",
    "timestamp": "unknown"
  },
  {
    "title": "--.rtf",
    "link": "https://investors.cullinantherapeutics.com/static-files/41437f29-719d-4c87--97adb76c66cf",
    "timestamp": "unknown"
  },
  {
    "title": "--.xls",
    "link": "https://investors.cullinantherapeutics.com/static-files/7df3f0f7-0a6a-4a53-ace9-2c222542c3af",
    "timestamp": "unknown"
  },
  {
    "title": "August ,Form:Description:Statement of changes in beneficial ownership of securities--.pdf--.rtf--.xlsView HTML",
    "link": "https://investors.cullinantherapeutics.com/sec-filings/sec-filing//--",
    "timestamp": "unknown"
  },
  {
    "title": "Form:",
    "link": "https://investors.cullinantherapeutics.com/sec-filings/sec-filing//--",
    "timestamp": "unknown"
  },
  {
    "title": "--.pdf--.rtf--.xlsView HTML",
    "link": "https://investors.cullinantherapeutics.com/static-files/d77bd10e-b502--b9ad-823a21242f7f",
    "timestamp": "unknown"
  },
  {
    "title": "--.pdf--.rtf--.xlsView HTML",
    "link": "https://investors.cullinantherapeutics.com/static-files/d77bd10e-b502--b9ad-823a21242f7f",
    "timestamp": "unknown"
  },
  {
    "title": "--.pdf",
    "link": "https://investors.cullinantherapeutics.com/static-files/d77bd10e-b502--b9ad-823a21242f7f",
    "timestamp": "unknown"
  },
  {
    "title": "--.rtf",
    "link": "https://investors.cullinantherapeutics.com/static-files/fc3a7ff7--4a21--95bc22738082",
    "timestamp": "unknown"
  },
  {
    "title": "--.xls",
    "link": "https://investors.cullinantherapeutics.com/static-files/95b5d00b-cff1-426c-91d7-11d3c954223e",
    "timestamp": "unknown"
  },
  {
    "title": "Current pagePagePage\u2026Next page\u203aLast page\u00bb",
    "link": "https://investors.cullinantherapeutics.com/sec-filings?&field_nir_sec_cik_target_id=&field_nir_sec_date_filed_value=&&&items_per_page_toggle=&page=",
    "timestamp": "unknown"
  },
  {
    "title": "Current pagePagePage\u2026Next page\u203aLast page\u00bb",
    "link": "https://investors.cullinantherapeutics.com/sec-filings?&field_nir_sec_cik_target_id=&field_nir_sec_date_filed_value=&&&items_per_page_toggle=&page=",
    "timestamp": "unknown"
  },
  {
    "title": "Current page",
    "link": "https://investors.cullinantherapeutics.com/sec-filings?&field_nir_sec_cik_target_id=&field_nir_sec_date_filed_value=&&&items_per_page_toggle=&page=",
    "timestamp": "unknown"
  },
  {
    "title": "Page",
    "link": "https://investors.cullinantherapeutics.com/sec-filings?&field_nir_sec_cik_target_id=&field_nir_sec_date_filed_value=&&&items_per_page_toggle=&page=",
    "timestamp": "unknown"
  },
  {
    "title": "Page",
    "link": "https://investors.cullinantherapeutics.com/sec-filings?&field_nir_sec_cik_target_id=&field_nir_sec_date_filed_value=&&&items_per_page_toggle=&page=",
    "timestamp": "unknown"
  },
  {
    "title": "Next page\u203a",
    "link": "https://investors.cullinantherapeutics.com/sec-filings?&field_nir_sec_cik_target_id=&field_nir_sec_date_filed_value=&&&items_per_page_toggle=&page=",
    "timestamp": "unknown"
  },
  {
    "title": "Last page\u00bb",
    "link": "https://investors.cullinantherapeutics.com/sec-filings?&field_nir_sec_cik_target_id=&field_nir_sec_date_filed_value=&&&items_per_page_toggle=&page=",
    "timestamp": "unknown"
  },
  {
    "title": "Data provided byKaleidoscope.",
    "link": "https://www.kscope.io",
    "timestamp": "unknown"
  },
  {
    "title": "Data provided byKaleidoscope.",
    "link": "https://www.kscope.io",
    "timestamp": "unknown"
  },
  {
    "title": "Follow Us",
    "link": "https://www.linkedin.com/company/cullinantx/",
    "timestamp": "unknown"
  },
  {
    "title": "Follow Us",
    "link": "https://www.linkedin.com/company/cullinantx/",
    "timestamp": "unknown"
  },
  {
    "title": "Privacy Notice",
    "link": "https://cullinantherapeutics.com/privacy-notice/",
    "timestamp": "unknown"
  },
  {
    "title": "Terms of Use",
    "link": "https://cullinantherapeutics.com/terms-of-use/",
    "timestamp": "unknown"
  },
  {
    "title": "Accessibility Policy",
    "link": "https://cullinantherapeutics.com/accessibility/",
    "timestamp": "unknown"
  },
  {
    "title": "Consumer Health Data Notice",
    "link": "https://cullinantherapeutics.com/consumer-health-data-notice/",
    "timestamp": "unknown"
  },
  {
    "title": "Do not sell or share my personal informationLimit the use of my sensitive personal information\u00a9 CopyrightCullinan Therapeutics, Inc.|All Rights Reserv",
    "link": "mailto:privacy@cullinantx.com?subject=Limit%20the%20Use%20of%20My%20Sensitive%20Information",
    "timestamp": "unknown"
  },
  {
    "title": "Do not sell or share my personal informationLimit the use of my sensitive personal information",
    "link": "mailto:privacy@cullinantx.com?subject=Limit%20the%20Use%20of%20My%20Sensitive%20Information",
    "timestamp": "unknown"
  },
  {
    "title": "YOU ARE NOW LEAVING CULLINAN THERAPEUTICS\u2019 WEBSITECullinan Therapeutics does not control or influence the content on the page to\n        which you are",
    "link": "https://investors.cullinantherapeutics.com/sec-filings",
    "timestamp": "unknown"
  },
  {
    "title": "ContinueCancel",
    "link": "https://investors.cullinantherapeutics.com/sec-filings",
    "timestamp": "unknown"
  }
]