[
  {
    "title": "HomeAbout UsScienceTherapeutic AreasPipelineResources & PublicationsFor PatientsPatient ResourcesClinical TrialJoin CullinanNewsContact UsInvestorsOve",
    "link": "https://cullinantherapeutics.com/",
    "timestamp": "unknown"
  },
  {
    "title": "HomeAbout UsScienceTherapeutic AreasPipelineResources & PublicationsFor PatientsPatient ResourcesClinical TrialJoin CullinanNewsContact UsInvestorsOve",
    "link": "https://cullinantherapeutics.com/",
    "timestamp": "unknown"
  },
  {
    "title": "HomeAbout UsScienceTherapeutic AreasPipelineResources & PublicationsFor PatientsPatient ResourcesClinical TrialJoin CullinanNewsContact UsInvestorsOve",
    "link": "https://investors.cullinantherapeutics.com/events",
    "timestamp": "unknown"
  },
  {
    "title": "HomeAbout UsScienceTherapeutic AreasPipelineResources & PublicationsFor PatientsPatient ResourcesClinical TrialJoin CullinanNewsContact UsInvestorsOve",
    "link": "https://www.cullinanoncology.com/",
    "timestamp": "unknown"
  },
  {
    "title": "HomeAbout UsScienceTherapeutic AreasPipelineResources & PublicationsFor PatientsPatient ResourcesClinical TrialJoin CullinanNewsContact UsInvestorsOve",
    "link": "https://www.cullinanoncology.com/",
    "timestamp": "unknown"
  },
  {
    "title": "Home",
    "link": "https://www.cullinanoncology.com/",
    "timestamp": "unknown"
  },
  {
    "title": "About Us",
    "link": "https://cullinantherapeutics.com/about/",
    "timestamp": "unknown"
  },
  {
    "title": "ScienceTherapeutic AreasPipelineResources & Publications",
    "link": "https://investors.cullinantherapeutics.com/events#top",
    "timestamp": "unknown"
  },
  {
    "title": "Therapeutic Areas",
    "link": "https://cullinantherapeutics.com/science/therapeutic-areas/",
    "timestamp": "unknown"
  },
  {
    "title": "Pipeline",
    "link": "https://cullinantherapeutics.com/science/pipeline/",
    "timestamp": "unknown"
  },
  {
    "title": "Resources & Publications",
    "link": "https://cullinantherapeutics.com/science/publications/",
    "timestamp": "unknown"
  },
  {
    "title": "For PatientsPatient ResourcesClinical Trial",
    "link": "https://investors.cullinantherapeutics.com/events#top",
    "timestamp": "unknown"
  },
  {
    "title": "Patient Resources",
    "link": "https://cullinantherapeutics.com/patients/resources/",
    "timestamp": "unknown"
  },
  {
    "title": "Clinical Trial",
    "link": "https://cullinantherapeutics.com/patients/clinical-trials/",
    "timestamp": "unknown"
  },
  {
    "title": "Join Cullinan",
    "link": "https://cullinantherapeutics.com/join-cullinan/",
    "timestamp": "unknown"
  },
  {
    "title": "News",
    "link": "https://investors.cullinantherapeutics.com/news-releases",
    "timestamp": "unknown"
  },
  {
    "title": "Contact Us",
    "link": "https://cullinantherapeutics.com/contact/",
    "timestamp": "unknown"
  },
  {
    "title": "InvestorsOverviewEvents & PresentationsSEC FilingsStock InformationCorporate GovernanceInvestor FAQsEmail Alerts",
    "link": "https://investors.cullinantherapeutics.com/events#top",
    "timestamp": "unknown"
  },
  {
    "title": "Overview",
    "link": "https://investors.cullinantherapeutics.com/",
    "timestamp": "unknown"
  },
  {
    "title": "Events & Presentations",
    "link": "https://investors.cullinantherapeutics.com/events",
    "timestamp": "unknown"
  },
  {
    "title": "SEC Filings",
    "link": "https://investors.cullinantherapeutics.com/sec-filings",
    "timestamp": "unknown"
  },
  {
    "title": "Stock Information",
    "link": "https://investors.cullinantherapeutics.com/stock-information",
    "timestamp": "unknown"
  },
  {
    "title": "Corporate Governance",
    "link": "https://investors.cullinantherapeutics.com/corporate-governance",
    "timestamp": "unknown"
  },
  {
    "title": "Investor FAQs",
    "link": "https://investors.cullinantherapeutics.com/faqs",
    "timestamp": "unknown"
  },
  {
    "title": "Email Alerts",
    "link": "https://investors.cullinantherapeutics.com/email-alerts",
    "timestamp": "unknown"
  },
  {
    "title": "BackHomeAbout UsScienceTherapeutic AreasPipelineResources & PublicationsFor PatientsPatient ResourcesClinical TrialJoin CullinanNewsContact UsInvestor",
    "link": "https://www.cullinanoncology.com/",
    "timestamp": "unknown"
  },
  {
    "title": "HomeAbout UsScienceTherapeutic AreasPipelineResources & PublicationsFor PatientsPatient ResourcesClinical TrialJoin CullinanNewsContact UsInvestorsOve",
    "link": "https://www.cullinanoncology.com/",
    "timestamp": "unknown"
  },
  {
    "title": "HomeAbout UsScienceTherapeutic AreasPipelineResources & PublicationsFor PatientsPatient ResourcesClinical TrialJoin CullinanNewsContact UsInvestorsOve",
    "link": "https://www.cullinanoncology.com/",
    "timestamp": "unknown"
  },
  {
    "title": "Home",
    "link": "https://www.cullinanoncology.com/",
    "timestamp": "unknown"
  },
  {
    "title": "About Us",
    "link": "https://cullinantherapeutics.com/about/",
    "timestamp": "unknown"
  },
  {
    "title": "ScienceTherapeutic AreasPipelineResources & Publications",
    "link": "https://investors.cullinantherapeutics.com/events#top",
    "timestamp": "unknown"
  },
  {
    "title": "Therapeutic Areas",
    "link": "https://cullinantherapeutics.com/science/therapeutic-areas/",
    "timestamp": "unknown"
  },
  {
    "title": "Pipeline",
    "link": "https://cullinantherapeutics.com/science/pipeline/",
    "timestamp": "unknown"
  },
  {
    "title": "Resources & Publications",
    "link": "https://cullinantherapeutics.com/science/publications/",
    "timestamp": "unknown"
  },
  {
    "title": "For PatientsPatient ResourcesClinical Trial",
    "link": "https://investors.cullinantherapeutics.com/events#top",
    "timestamp": "unknown"
  },
  {
    "title": "Patient Resources",
    "link": "https://cullinantherapeutics.com/patients/resources/",
    "timestamp": "unknown"
  },
  {
    "title": "Clinical Trial",
    "link": "https://cullinantherapeutics.com/patients/clinical-trials/",
    "timestamp": "unknown"
  },
  {
    "title": "Join Cullinan",
    "link": "https://cullinantherapeutics.com/join-cullinan/",
    "timestamp": "unknown"
  },
  {
    "title": "News",
    "link": "https://investors.cullinantherapeutics.com/news-releases",
    "timestamp": "unknown"
  },
  {
    "title": "Contact Us",
    "link": "https://cullinantherapeutics.com/contact/",
    "timestamp": "unknown"
  },
  {
    "title": "InvestorsOverviewEvents & PresentationsSEC FilingsStock InformationCorporate GovernanceInvestor FAQsEmail Alerts",
    "link": "https://investors.cullinantherapeutics.com/events#top",
    "timestamp": "unknown"
  },
  {
    "title": "Overview",
    "link": "https://investors.cullinantherapeutics.com/",
    "timestamp": "unknown"
  },
  {
    "title": "Events & Presentations",
    "link": "https://investors.cullinantherapeutics.com/events",
    "timestamp": "unknown"
  },
  {
    "title": "SEC Filings",
    "link": "https://investors.cullinantherapeutics.com/sec-filings",
    "timestamp": "unknown"
  },
  {
    "title": "Stock Information",
    "link": "https://investors.cullinantherapeutics.com/stock-information",
    "timestamp": "unknown"
  },
  {
    "title": "Corporate Governance",
    "link": "https://investors.cullinantherapeutics.com/corporate-governance",
    "timestamp": "unknown"
  },
  {
    "title": "Investor FAQs",
    "link": "https://investors.cullinantherapeutics.com/faqs",
    "timestamp": "unknown"
  },
  {
    "title": "Email Alerts",
    "link": "https://investors.cullinantherapeutics.com/email-alerts",
    "timestamp": "unknown"
  },
  {
    "title": "HomeAbout UsScienceTherapeutic AreasPipelineResources & PublicationsFor PatientsPatient ResourcesClinical TrialJoin CullinanNewsContact UsInvestorsOve",
    "link": "https://cullinantherapeutics.com/",
    "timestamp": "unknown"
  },
  {
    "title": "HomeAbout UsScienceTherapeutic AreasPipelineResources & PublicationsFor PatientsPatient ResourcesClinical TrialJoin CullinanNewsContact UsInvestorsOve",
    "link": "https://cullinantherapeutics.com/",
    "timestamp": "unknown"
  },
  {
    "title": "HomeAbout UsScienceTherapeutic AreasPipelineResources & PublicationsFor PatientsPatient ResourcesClinical TrialJoin CullinanNewsContact UsInvestorsOve",
    "link": "https://cullinantherapeutics.com/",
    "timestamp": "unknown"
  },
  {
    "title": "HomeAbout UsScienceTherapeutic AreasPipelineResources & PublicationsFor PatientsPatient ResourcesClinical TrialJoin CullinanNewsContact UsInvestorsOve",
    "link": "https://investors.cullinantherapeutics.com/events",
    "timestamp": "unknown"
  },
  {
    "title": "HomeAbout UsScienceTherapeutic AreasPipelineResources & PublicationsFor PatientsPatient ResourcesClinical TrialJoin CullinanNewsContact UsInvestorsOve",
    "link": "https://www.cullinanoncology.com/",
    "timestamp": "unknown"
  },
  {
    "title": "HomeAbout UsScienceTherapeutic AreasPipelineResources & PublicationsFor PatientsPatient ResourcesClinical TrialJoin CullinanNewsContact UsInvestorsOve",
    "link": "https://www.cullinanoncology.com/",
    "timestamp": "unknown"
  },
  {
    "title": "Home",
    "link": "https://www.cullinanoncology.com/",
    "timestamp": "unknown"
  },
  {
    "title": "About Us",
    "link": "https://cullinantherapeutics.com/about/",
    "timestamp": "unknown"
  },
  {
    "title": "ScienceTherapeutic AreasPipelineResources & Publications",
    "link": "https://investors.cullinantherapeutics.com/events#top",
    "timestamp": "unknown"
  },
  {
    "title": "Therapeutic Areas",
    "link": "https://cullinantherapeutics.com/science/therapeutic-areas/",
    "timestamp": "unknown"
  },
  {
    "title": "Pipeline",
    "link": "https://cullinantherapeutics.com/science/pipeline/",
    "timestamp": "unknown"
  },
  {
    "title": "Resources & Publications",
    "link": "https://cullinantherapeutics.com/science/publications/",
    "timestamp": "unknown"
  },
  {
    "title": "For PatientsPatient ResourcesClinical Trial",
    "link": "https://investors.cullinantherapeutics.com/events#top",
    "timestamp": "unknown"
  },
  {
    "title": "Patient Resources",
    "link": "https://cullinantherapeutics.com/patients/resources/",
    "timestamp": "unknown"
  },
  {
    "title": "Clinical Trial",
    "link": "https://cullinantherapeutics.com/patients/clinical-trials/",
    "timestamp": "unknown"
  },
  {
    "title": "Join Cullinan",
    "link": "https://cullinantherapeutics.com/join-cullinan/",
    "timestamp": "unknown"
  },
  {
    "title": "News",
    "link": "https://investors.cullinantherapeutics.com/news-releases",
    "timestamp": "unknown"
  },
  {
    "title": "Contact Us",
    "link": "https://cullinantherapeutics.com/contact/",
    "timestamp": "unknown"
  },
  {
    "title": "InvestorsOverviewEvents & PresentationsSEC FilingsStock InformationCorporate GovernanceInvestor FAQsEmail Alerts",
    "link": "https://investors.cullinantherapeutics.com/events#top",
    "timestamp": "unknown"
  },
  {
    "title": "Overview",
    "link": "https://investors.cullinantherapeutics.com/",
    "timestamp": "unknown"
  },
  {
    "title": "Events & Presentations",
    "link": "https://investors.cullinantherapeutics.com/events",
    "timestamp": "unknown"
  },
  {
    "title": "SEC Filings",
    "link": "https://investors.cullinantherapeutics.com/sec-filings",
    "timestamp": "unknown"
  },
  {
    "title": "Stock Information",
    "link": "https://investors.cullinantherapeutics.com/stock-information",
    "timestamp": "unknown"
  },
  {
    "title": "Corporate Governance",
    "link": "https://investors.cullinantherapeutics.com/corporate-governance",
    "timestamp": "unknown"
  },
  {
    "title": "Investor FAQs",
    "link": "https://investors.cullinantherapeutics.com/faqs",
    "timestamp": "unknown"
  },
  {
    "title": "Email Alerts",
    "link": "https://investors.cullinantherapeutics.com/email-alerts",
    "timestamp": "unknown"
  },
  {
    "title": "BackHomeAbout UsScienceTherapeutic AreasPipelineResources & PublicationsFor PatientsPatient ResourcesClinical TrialJoin CullinanNewsContact UsInvestor",
    "link": "https://www.cullinanoncology.com/",
    "timestamp": "unknown"
  },
  {
    "title": "HomeAbout UsScienceTherapeutic AreasPipelineResources & PublicationsFor PatientsPatient ResourcesClinical TrialJoin CullinanNewsContact UsInvestorsOve",
    "link": "https://www.cullinanoncology.com/",
    "timestamp": "unknown"
  },
  {
    "title": "HomeAbout UsScienceTherapeutic AreasPipelineResources & PublicationsFor PatientsPatient ResourcesClinical TrialJoin CullinanNewsContact UsInvestorsOve",
    "link": "https://www.cullinanoncology.com/",
    "timestamp": "unknown"
  },
  {
    "title": "Home",
    "link": "https://www.cullinanoncology.com/",
    "timestamp": "unknown"
  },
  {
    "title": "About Us",
    "link": "https://cullinantherapeutics.com/about/",
    "timestamp": "unknown"
  },
  {
    "title": "ScienceTherapeutic AreasPipelineResources & Publications",
    "link": "https://investors.cullinantherapeutics.com/events#top",
    "timestamp": "unknown"
  },
  {
    "title": "Therapeutic Areas",
    "link": "https://cullinantherapeutics.com/science/therapeutic-areas/",
    "timestamp": "unknown"
  },
  {
    "title": "Pipeline",
    "link": "https://cullinantherapeutics.com/science/pipeline/",
    "timestamp": "unknown"
  },
  {
    "title": "Resources & Publications",
    "link": "https://cullinantherapeutics.com/science/publications/",
    "timestamp": "unknown"
  },
  {
    "title": "For PatientsPatient ResourcesClinical Trial",
    "link": "https://investors.cullinantherapeutics.com/events#top",
    "timestamp": "unknown"
  },
  {
    "title": "Patient Resources",
    "link": "https://cullinantherapeutics.com/patients/resources/",
    "timestamp": "unknown"
  },
  {
    "title": "Clinical Trial",
    "link": "https://cullinantherapeutics.com/patients/clinical-trials/",
    "timestamp": "unknown"
  },
  {
    "title": "Join Cullinan",
    "link": "https://cullinantherapeutics.com/join-cullinan/",
    "timestamp": "unknown"
  },
  {
    "title": "News",
    "link": "https://investors.cullinantherapeutics.com/news-releases",
    "timestamp": "unknown"
  },
  {
    "title": "Contact Us",
    "link": "https://cullinantherapeutics.com/contact/",
    "timestamp": "unknown"
  },
  {
    "title": "InvestorsOverviewEvents & PresentationsSEC FilingsStock InformationCorporate GovernanceInvestor FAQsEmail Alerts",
    "link": "https://investors.cullinantherapeutics.com/events#top",
    "timestamp": "unknown"
  },
  {
    "title": "Overview",
    "link": "https://investors.cullinantherapeutics.com/",
    "timestamp": "unknown"
  },
  {
    "title": "Events & Presentations",
    "link": "https://investors.cullinantherapeutics.com/events",
    "timestamp": "unknown"
  },
  {
    "title": "SEC Filings",
    "link": "https://investors.cullinantherapeutics.com/sec-filings",
    "timestamp": "unknown"
  },
  {
    "title": "Stock Information",
    "link": "https://investors.cullinantherapeutics.com/stock-information",
    "timestamp": "unknown"
  },
  {
    "title": "Corporate Governance",
    "link": "https://investors.cullinantherapeutics.com/corporate-governance",
    "timestamp": "unknown"
  },
  {
    "title": "Investor FAQs",
    "link": "https://investors.cullinantherapeutics.com/faqs",
    "timestamp": "unknown"
  },
  {
    "title": "Email Alerts",
    "link": "https://investors.cullinantherapeutics.com/email-alerts",
    "timestamp": "unknown"
  },
  {
    "title": "Events & PresentationsCorporate PresentationsCorporate PresentationUpcoming EventsStifel  Healthcare ConferenceNovember ,ESTClick Here for WebcastAdd ",
    "link": "https://investors.cullinantherapeutics.com/static-files/b2cd60bb-7f36-42ef-b2df-0d74d4908124",
    "timestamp": "unknown"
  },
  {
    "title": "Events & PresentationsCorporate PresentationsCorporate PresentationUpcoming EventsStifel  Healthcare ConferenceNovember ,ESTClick Here for WebcastAdd ",
    "link": "https://investors.cullinantherapeutics.com/static-files/b2cd60bb-7f36-42ef-b2df-0d74d4908124",
    "timestamp": "unknown"
  },
  {
    "title": "Events & PresentationsCorporate PresentationsCorporate PresentationUpcoming EventsStifel  Healthcare ConferenceNovember ,ESTClick Here for WebcastAdd ",
    "link": "https://investors.cullinantherapeutics.com/static-files/b2cd60bb-7f36-42ef-b2df-0d74d4908124",
    "timestamp": "unknown"
  },
  {
    "title": "Corporate PresentationsCorporate PresentationUpcoming EventsStifel  Healthcare ConferenceNovember ,ESTClick Here for WebcastAdd to OutlookAdd to Googl",
    "link": "https://investors.cullinantherapeutics.com/static-files/b2cd60bb-7f36-42ef-b2df-0d74d4908124",
    "timestamp": "unknown"
  },
  {
    "title": "Corporate PresentationsCorporate PresentationUpcoming EventsStifel  Healthcare ConferenceNovember ,ESTClick Here for WebcastAdd to OutlookAdd to Googl",
    "link": "https://investors.cullinantherapeutics.com/static-files/b2cd60bb-7f36-42ef-b2df-0d74d4908124",
    "timestamp": "unknown"
  },
  {
    "title": "Corporate PresentationsCorporate PresentationUpcoming EventsStifel  Healthcare ConferenceNovember ,ESTClick Here for WebcastAdd to OutlookAdd to Googl",
    "link": "https://investors.cullinantherapeutics.com/static-files/b2cd60bb-7f36-42ef-b2df-0d74d4908124",
    "timestamp": "unknown"
  },
  {
    "title": "Corporate PresentationsCorporate PresentationUpcoming EventsStifel  Healthcare ConferenceNovember ,ESTClick Here for WebcastAdd to OutlookAdd to Googl",
    "link": "https://investors.cullinantherapeutics.com/static-files/b2cd60bb-7f36-42ef-b2df-0d74d4908124",
    "timestamp": "unknown"
  },
  {
    "title": "Corporate PresentationsCorporate PresentationUpcoming EventsStifel  Healthcare ConferenceNovember ,ESTClick Here for WebcastAdd to OutlookAdd to Googl",
    "link": "https://investors.cullinantherapeutics.com/static-files/b2cd60bb-7f36-42ef-b2df-0d74d4908124",
    "timestamp": "unknown"
  },
  {
    "title": "Corporate PresentationsCorporate PresentationUpcoming EventsStifel  Healthcare ConferenceNovember ,ESTClick Here for WebcastAdd to OutlookAdd to Googl",
    "link": "https://investors.cullinantherapeutics.com/static-files/b2cd60bb-7f36-42ef-b2df-0d74d4908124",
    "timestamp": "unknown"
  },
  {
    "title": "Corporate PresentationsCorporate PresentationUpcoming EventsStifel  Healthcare ConferenceNovember ,ESTClick Here for WebcastAdd to OutlookAdd to Googl",
    "link": "https://investors.cullinantherapeutics.com/static-files/b2cd60bb-7f36-42ef-b2df-0d74d4908124",
    "timestamp": "unknown"
  },
  {
    "title": "Corporate PresentationsCorporate PresentationUpcoming EventsStifel  Healthcare ConferenceNovember ,ESTClick Here for WebcastAdd to OutlookAdd to Googl",
    "link": "https://investors.cullinantherapeutics.com/static-files/b2cd60bb-7f36-42ef-b2df-0d74d4908124",
    "timestamp": "unknown"
  },
  {
    "title": "Corporate PresentationsCorporate PresentationUpcoming EventsStifel  Healthcare ConferenceNovember ,ESTClick Here for WebcastAdd to OutlookAdd to Googl",
    "link": "https://investors.cullinantherapeutics.com/static-files/b2cd60bb-7f36-42ef-b2df-0d74d4908124",
    "timestamp": "unknown"
  },
  {
    "title": "Corporate PresentationsCorporate PresentationUpcoming EventsStifel  Healthcare ConferenceNovember ,ESTClick Here for WebcastAdd to OutlookAdd to Googl",
    "link": "https://investors.cullinantherapeutics.com/static-files/b2cd60bb-7f36-42ef-b2df-0d74d4908124",
    "timestamp": "unknown"
  },
  {
    "title": "Corporate PresentationsCorporate PresentationUpcoming EventsStifel  Healthcare ConferenceNovember ,ESTClick Here for WebcastAdd to OutlookAdd to Googl",
    "link": "https://investors.cullinantherapeutics.com/static-files/b2cd60bb-7f36-42ef-b2df-0d74d4908124",
    "timestamp": "unknown"
  },
  {
    "title": "Corporate PresentationsCorporate PresentationUpcoming EventsStifel  Healthcare ConferenceNovember ,ESTClick Here for WebcastAdd to OutlookAdd to Googl",
    "link": "https://investors.cullinantherapeutics.com/static-files/b2cd60bb-7f36-42ef-b2df-0d74d4908124",
    "timestamp": "unknown"
  },
  {
    "title": "Corporate PresentationsCorporate Presentation",
    "link": "https://investors.cullinantherapeutics.com/static-files/b2cd60bb-7f36-42ef-b2df-0d74d4908124",
    "timestamp": "unknown"
  },
  {
    "title": "Corporate PresentationsCorporate Presentation",
    "link": "https://investors.cullinantherapeutics.com/static-files/b2cd60bb-7f36-42ef-b2df-0d74d4908124",
    "timestamp": "unknown"
  },
  {
    "title": "Corporate PresentationsCorporate Presentation",
    "link": "https://investors.cullinantherapeutics.com/static-files/b2cd60bb-7f36-42ef-b2df-0d74d4908124",
    "timestamp": "unknown"
  },
  {
    "title": "Corporate PresentationsCorporate Presentation",
    "link": "https://investors.cullinantherapeutics.com/static-files/b2cd60bb-7f36-42ef-b2df-0d74d4908124",
    "timestamp": "unknown"
  },
  {
    "title": "Corporate Presentation",
    "link": "https://investors.cullinantherapeutics.com/static-files/b2cd60bb-7f36-42ef-b2df-0d74d4908124",
    "timestamp": "unknown"
  },
  {
    "title": "Corporate Presentation",
    "link": "https://investors.cullinantherapeutics.com/static-files/b2cd60bb-7f36-42ef-b2df-0d74d4908124",
    "timestamp": "unknown"
  },
  {
    "title": "Corporate Presentation",
    "link": "https://investors.cullinantherapeutics.com/static-files/b2cd60bb-7f36-42ef-b2df-0d74d4908124",
    "timestamp": "unknown"
  },
  {
    "title": "Corporate Presentation",
    "link": "https://investors.cullinantherapeutics.com/static-files/b2cd60bb-7f36-42ef-b2df-0d74d4908124",
    "timestamp": "unknown"
  },
  {
    "title": "Corporate Presentation",
    "link": "https://investors.cullinantherapeutics.com/static-files/b2cd60bb-7f36-42ef-b2df-0d74d4908124",
    "timestamp": "unknown"
  },
  {
    "title": "Corporate Presentation",
    "link": "https://investors.cullinantherapeutics.com/static-files/b2cd60bb-7f36-42ef-b2df-0d74d4908124",
    "timestamp": "unknown"
  },
  {
    "title": "Corporate Presentation",
    "link": "https://investors.cullinantherapeutics.com/static-files/b2cd60bb-7f36-42ef-b2df-0d74d4908124",
    "timestamp": "unknown"
  },
  {
    "title": "Corporate Presentation",
    "link": "https://investors.cullinantherapeutics.com/static-files/b2cd60bb-7f36-42ef-b2df-0d74d4908124",
    "timestamp": "unknown"
  },
  {
    "title": "Corporate Presentation",
    "link": "https://investors.cullinantherapeutics.com/static-files/b2cd60bb-7f36-42ef-b2df-0d74d4908124",
    "timestamp": "unknown"
  },
  {
    "title": "Upcoming EventsStifel  Healthcare ConferenceNovember ,ESTClick Here for WebcastAdd to OutlookAdd to Google CalendarGuggenheim 2nd Annual Healthcare In",
    "link": "https://investors.cullinantherapeutics.com/events/event-details/stifel--healthcare-conference",
    "timestamp": "unknown"
  },
  {
    "title": "Upcoming EventsStifel  Healthcare ConferenceNovember ,ESTClick Here for WebcastAdd to OutlookAdd to Google CalendarGuggenheim 2nd Annual Healthcare In",
    "link": "https://investors.cullinantherapeutics.com/events/event-details/stifel--healthcare-conference",
    "timestamp": "unknown"
  },
  {
    "title": "Upcoming EventsStifel  Healthcare ConferenceNovember ,ESTClick Here for WebcastAdd to OutlookAdd to Google CalendarGuggenheim 2nd Annual Healthcare In",
    "link": "https://investors.cullinantherapeutics.com/events/event-details/stifel--healthcare-conference",
    "timestamp": "unknown"
  },
  {
    "title": "Upcoming EventsStifel  Healthcare ConferenceNovember ,ESTClick Here for WebcastAdd to OutlookAdd to Google CalendarGuggenheim 2nd Annual Healthcare In",
    "link": "https://investors.cullinantherapeutics.com/events/event-details/stifel--healthcare-conference",
    "timestamp": "unknown"
  },
  {
    "title": "Stifel  Healthcare ConferenceNovember ,ESTClick Here for WebcastAdd to OutlookAdd to Google CalendarGuggenheim 2nd Annual Healthcare Innovation Confer",
    "link": "https://investors.cullinantherapeutics.com/events/event-details/stifel--healthcare-conference",
    "timestamp": "unknown"
  },
  {
    "title": "Stifel  Healthcare ConferenceNovember ,ESTClick Here for WebcastAdd to OutlookAdd to Google CalendarGuggenheim 2nd Annual Healthcare Innovation Confer",
    "link": "https://investors.cullinantherapeutics.com/events/event-details/stifel--healthcare-conference",
    "timestamp": "unknown"
  },
  {
    "title": "Stifel  Healthcare ConferenceNovember ,ESTClick Here for WebcastAdd to OutlookAdd to Google Calendar",
    "link": "https://investors.cullinantherapeutics.com/events/event-details/stifel--healthcare-conference",
    "timestamp": "unknown"
  },
  {
    "title": "Stifel  Healthcare ConferenceNovember ,EST",
    "link": "https://investors.cullinantherapeutics.com/events/event-details/stifel--healthcare-conference",
    "timestamp": "unknown"
  },
  {
    "title": "Click Here for WebcastAdd to OutlookAdd to Google Calendar",
    "link": "https://event.summitcast.com/view/cwkmPXkC4dosg6MoG95rxb/daYR2HFMHmaduMLCvWAAXT",
    "timestamp": "unknown"
  },
  {
    "title": "Click Here for Webcast",
    "link": "https://event.summitcast.com/view/cwkmPXkC4dosg6MoG95rxb/daYR2HFMHmaduMLCvWAAXT",
    "timestamp": "unknown"
  },
  {
    "title": "Click Here for Webcast",
    "link": "https://event.summitcast.com/view/cwkmPXkC4dosg6MoG95rxb/daYR2HFMHmaduMLCvWAAXT",
    "timestamp": "unknown"
  },
  {
    "title": "Click Here for Webcast",
    "link": "https://event.summitcast.com/view/cwkmPXkC4dosg6MoG95rxb/daYR2HFMHmaduMLCvWAAXT",
    "timestamp": "unknown"
  },
  {
    "title": "Add to OutlookAdd to Google Calendar",
    "link": "https://investors.cullinantherapeutics.com/node//ics",
    "timestamp": "unknown"
  },
  {
    "title": "Add to Outlook",
    "link": "https://investors.cullinantherapeutics.com/node//ics",
    "timestamp": "unknown"
  },
  {
    "title": "Add to Outlook",
    "link": "https://investors.cullinantherapeutics.com/node//ics",
    "timestamp": "unknown"
  },
  {
    "title": "Add to Outlook",
    "link": "https://investors.cullinantherapeutics.com/node//ics",
    "timestamp": "unknown"
  },
  {
    "title": "Add to Google Calendar",
    "link": "https://www.google.com/calendar/render?action=TEMPLATE&text=Cullinan%20Therapeutics%2C%20Inc.%-%20Stifel%%20Healthcare%20Conference&dates=20251111T202000Z/20251111T202000Z&details=Event%20Details%3A%20https%3A//investors.cullinantherapeutics.com/events/event-details/stifel--healthcare-conference%0A%0AWebcast%3A%20https%3A//event.summitcast.com/view/cwkmPXkC4dosg6MoG95rxb/daYR2HFMHmaduMLCvWAAXT&location=&trp=false&sprop=name%3A",
    "timestamp": "unknown"
  },
  {
    "title": "Add to Google Calendar",
    "link": "https://www.google.com/calendar/render?action=TEMPLATE&text=Cullinan%20Therapeutics%2C%20Inc.%-%20Stifel%%20Healthcare%20Conference&dates=20251111T202000Z/20251111T202000Z&details=Event%20Details%3A%20https%3A//investors.cullinantherapeutics.com/events/event-details/stifel--healthcare-conference%0A%0AWebcast%3A%20https%3A//event.summitcast.com/view/cwkmPXkC4dosg6MoG95rxb/daYR2HFMHmaduMLCvWAAXT&location=&trp=false&sprop=name%3A",
    "timestamp": "unknown"
  },
  {
    "title": "Add to Google Calendar",
    "link": "https://www.google.com/calendar/render?action=TEMPLATE&text=Cullinan%20Therapeutics%2C%20Inc.%-%20Stifel%%20Healthcare%20Conference&dates=20251111T202000Z/20251111T202000Z&details=Event%20Details%3A%20https%3A//investors.cullinantherapeutics.com/events/event-details/stifel--healthcare-conference%0A%0AWebcast%3A%20https%3A//event.summitcast.com/view/cwkmPXkC4dosg6MoG95rxb/daYR2HFMHmaduMLCvWAAXT&location=&trp=false&sprop=name%3A",
    "timestamp": "unknown"
  },
  {
    "title": "Guggenheim 2nd Annual Healthcare Innovation ConferenceNovember ,ESTClick Here for WebcastAdd to OutlookAdd to Google Calendar",
    "link": "https://investors.cullinantherapeutics.com/events/event-details/guggenheim-2nd-annual-healthcare-innovation-conference",
    "timestamp": "unknown"
  },
  {
    "title": "Guggenheim 2nd Annual Healthcare Innovation ConferenceNovember ,EST",
    "link": "https://investors.cullinantherapeutics.com/events/event-details/guggenheim-2nd-annual-healthcare-innovation-conference",
    "timestamp": "unknown"
  },
  {
    "title": "Click Here for WebcastAdd to OutlookAdd to Google Calendar",
    "link": "https://event.summitcast.com/view/6h3HS7z68WnTQE5PS7Vq8J/kFkSz5hNmtKooMaaMsUG5a",
    "timestamp": "unknown"
  },
  {
    "title": "Click Here for Webcast",
    "link": "https://event.summitcast.com/view/6h3HS7z68WnTQE5PS7Vq8J/kFkSz5hNmtKooMaaMsUG5a",
    "timestamp": "unknown"
  },
  {
    "title": "Click Here for Webcast",
    "link": "https://event.summitcast.com/view/6h3HS7z68WnTQE5PS7Vq8J/kFkSz5hNmtKooMaaMsUG5a",
    "timestamp": "unknown"
  },
  {
    "title": "Click Here for Webcast",
    "link": "https://event.summitcast.com/view/6h3HS7z68WnTQE5PS7Vq8J/kFkSz5hNmtKooMaaMsUG5a",
    "timestamp": "unknown"
  },
  {
    "title": "Add to OutlookAdd to Google Calendar",
    "link": "https://investors.cullinantherapeutics.com/node//ics",
    "timestamp": "unknown"
  },
  {
    "title": "Add to Outlook",
    "link": "https://investors.cullinantherapeutics.com/node//ics",
    "timestamp": "unknown"
  },
  {
    "title": "Add to Outlook",
    "link": "https://investors.cullinantherapeutics.com/node//ics",
    "timestamp": "unknown"
  },
  {
    "title": "Add to Outlook",
    "link": "https://investors.cullinantherapeutics.com/node//ics",
    "timestamp": "unknown"
  },
  {
    "title": "Add to Google Calendar",
    "link": "https://www.google.com/calendar/render?action=TEMPLATE&text=Cullinan%20Therapeutics%2C%20Inc.%-%20Guggenheim%202nd%20Annual%20Healthcare%20Innovation%20Conference&dates=20251112T130000Z/20251112T130000Z&details=Event%20Details%3A%20https%3A//investors.cullinantherapeutics.com/events/event-details/guggenheim-2nd-annual-healthcare-innovation-conference%0A%0AWebcast%3A%20https%3A//event.summitcast.com/view/6h3HS7z68WnTQE5PS7Vq8J/kFkSz5hNmtKooMaaMsUG5a&location=&trp=false&sprop=name%3A",
    "timestamp": "unknown"
  },
  {
    "title": "Add to Google Calendar",
    "link": "https://www.google.com/calendar/render?action=TEMPLATE&text=Cullinan%20Therapeutics%2C%20Inc.%-%20Guggenheim%202nd%20Annual%20Healthcare%20Innovation%20Conference&dates=20251112T130000Z/20251112T130000Z&details=Event%20Details%3A%20https%3A//investors.cullinantherapeutics.com/events/event-details/guggenheim-2nd-annual-healthcare-innovation-conference%0A%0AWebcast%3A%20https%3A//event.summitcast.com/view/6h3HS7z68WnTQE5PS7Vq8J/kFkSz5hNmtKooMaaMsUG5a&location=&trp=false&sprop=name%3A",
    "timestamp": "unknown"
  },
  {
    "title": "Add to Google Calendar",
    "link": "https://www.google.com/calendar/render?action=TEMPLATE&text=Cullinan%20Therapeutics%2C%20Inc.%-%20Guggenheim%202nd%20Annual%20Healthcare%20Innovation%20Conference&dates=20251112T130000Z/20251112T130000Z&details=Event%20Details%3A%20https%3A//investors.cullinantherapeutics.com/events/event-details/guggenheim-2nd-annual-healthcare-innovation-conference%0A%0AWebcast%3A%20https%3A//event.summitcast.com/view/6h3HS7z68WnTQE5PS7Vq8J/kFkSz5hNmtKooMaaMsUG5a&location=&trp=false&sprop=name%3A",
    "timestamp": "unknown"
  },
  {
    "title": "ASH  Analyst and Investor EventDecember ,ESTClick Here for WebcastAdd to OutlookAdd to Google CalendarLocationOrlando, Florida",
    "link": "https://investors.cullinantherapeutics.com/events/event-details/ash--analyst-and-investor-event",
    "timestamp": "unknown"
  },
  {
    "title": "ASH  Analyst and Investor EventDecember ,EST",
    "link": "https://investors.cullinantherapeutics.com/events/event-details/ash--analyst-and-investor-event",
    "timestamp": "unknown"
  },
  {
    "title": "Click Here for WebcastAdd to OutlookAdd to Google CalendarLocationOrlando, Florida",
    "link": "https://edge.media-server.com/mmc/p/ukpwd3wf",
    "timestamp": "unknown"
  },
  {
    "title": "Click Here for Webcast",
    "link": "https://edge.media-server.com/mmc/p/ukpwd3wf",
    "timestamp": "unknown"
  },
  {
    "title": "Click Here for Webcast",
    "link": "https://edge.media-server.com/mmc/p/ukpwd3wf",
    "timestamp": "unknown"
  },
  {
    "title": "Click Here for Webcast",
    "link": "https://edge.media-server.com/mmc/p/ukpwd3wf",
    "timestamp": "unknown"
  },
  {
    "title": "Add to OutlookAdd to Google Calendar",
    "link": "https://investors.cullinantherapeutics.com/node//ics",
    "timestamp": "unknown"
  },
  {
    "title": "Add to Outlook",
    "link": "https://investors.cullinantherapeutics.com/node//ics",
    "timestamp": "unknown"
  },
  {
    "title": "Add to Outlook",
    "link": "https://investors.cullinantherapeutics.com/node//ics",
    "timestamp": "unknown"
  },
  {
    "title": "Add to Outlook",
    "link": "https://investors.cullinantherapeutics.com/node//ics",
    "timestamp": "unknown"
  },
  {
    "title": "Add to Google Calendar",
    "link": "https://www.google.com/calendar/render?action=TEMPLATE&text=Cullinan%20Therapeutics%2C%20Inc.%-%20ASH%%20Analyst%20and%20Investor%20Event&dates=20251209T010000Z/20251209T010000Z&details=Event%20Details%3A%20https%3A//investors.cullinantherapeutics.com/events/event-details/ash--analyst-and-investor-event%0A%0AWebcast%3A%20https%3A//edge.media-server.com/mmc/p/ukpwd3wf&location=Orlando%2C%20Florida&trp=false&sprop=name%3A",
    "timestamp": "unknown"
  },
  {
    "title": "Add to Google Calendar",
    "link": "https://www.google.com/calendar/render?action=TEMPLATE&text=Cullinan%20Therapeutics%2C%20Inc.%-%20ASH%%20Analyst%20and%20Investor%20Event&dates=20251209T010000Z/20251209T010000Z&details=Event%20Details%3A%20https%3A//investors.cullinantherapeutics.com/events/event-details/ash--analyst-and-investor-event%0A%0AWebcast%3A%20https%3A//edge.media-server.com/mmc/p/ukpwd3wf&location=Orlando%2C%20Florida&trp=false&sprop=name%3A",
    "timestamp": "unknown"
  },
  {
    "title": "Add to Google Calendar",
    "link": "https://www.google.com/calendar/render?action=TEMPLATE&text=Cullinan%20Therapeutics%2C%20Inc.%-%20ASH%%20Analyst%20and%20Investor%20Event&dates=20251209T010000Z/20251209T010000Z&details=Event%20Details%3A%20https%3A//investors.cullinantherapeutics.com/events/event-details/ash--analyst-and-investor-event%0A%0AWebcast%3A%20https%3A//edge.media-server.com/mmc/p/ukpwd3wf&location=Orlando%2C%20Florida&trp=false&sprop=name%3A",
    "timestamp": "unknown"
  },
  {
    "title": "Past EventsStifel  Virtual Immunology and Inflammation ForumSeptember ,EDTClick Here for WebcastMorgan Stanley 23rd Annual Global Healthcare Conferenc",
    "link": "https://investors.cullinantherapeutics.com/events/event-details/stifel--virtual-immunology-and-inflammation-forum",
    "timestamp": "unknown"
  },
  {
    "title": "Past EventsStifel  Virtual Immunology and Inflammation ForumSeptember ,EDTClick Here for WebcastMorgan Stanley 23rd Annual Global Healthcare Conferenc",
    "link": "https://investors.cullinantherapeutics.com/events/event-details/stifel--virtual-immunology-and-inflammation-forum",
    "timestamp": "unknown"
  },
  {
    "title": "Past EventsStifel  Virtual Immunology and Inflammation ForumSeptember ,EDTClick Here for WebcastMorgan Stanley 23rd Annual Global Healthcare Conferenc",
    "link": "https://investors.cullinantherapeutics.com/events/event-details/stifel--virtual-immunology-and-inflammation-forum",
    "timestamp": "unknown"
  },
  {
    "title": "Past EventsStifel  Virtual Immunology and Inflammation ForumSeptember ,EDTClick Here for WebcastMorgan Stanley 23rd Annual Global Healthcare Conferenc",
    "link": "https://investors.cullinantherapeutics.com/events/event-details/stifel--virtual-immunology-and-inflammation-forum",
    "timestamp": "unknown"
  },
  {
    "title": "Stifel  Virtual Immunology and Inflammation ForumSeptember ,EDTClick Here for WebcastMorgan Stanley 23rd Annual Global Healthcare ConferenceSeptember ",
    "link": "https://investors.cullinantherapeutics.com/events/event-details/stifel--virtual-immunology-and-inflammation-forum",
    "timestamp": "unknown"
  },
  {
    "title": "Stifel  Virtual Immunology and Inflammation ForumSeptember ,EDTClick Here for WebcastMorgan Stanley 23rd Annual Global Healthcare ConferenceSeptember ",
    "link": "https://investors.cullinantherapeutics.com/events/event-details/stifel--virtual-immunology-and-inflammation-forum",
    "timestamp": "unknown"
  },
  {
    "title": "Stifel  Virtual Immunology and Inflammation ForumSeptember ,EDTClick Here for Webcast",
    "link": "https://investors.cullinantherapeutics.com/events/event-details/stifel--virtual-immunology-and-inflammation-forum",
    "timestamp": "unknown"
  },
  {
    "title": "Stifel  Virtual Immunology and Inflammation ForumSeptember ,EDT",
    "link": "https://investors.cullinantherapeutics.com/events/event-details/stifel--virtual-immunology-and-inflammation-forum",
    "timestamp": "unknown"
  },
  {
    "title": "Click Here for Webcast",
    "link": "https://wsw.com/webcast/stifel102/cgem/",
    "timestamp": "unknown"
  },
  {
    "title": "Click Here for Webcast",
    "link": "https://wsw.com/webcast/stifel102/cgem/",
    "timestamp": "unknown"
  },
  {
    "title": "Click Here for Webcast",
    "link": "https://wsw.com/webcast/stifel102/cgem/",
    "timestamp": "unknown"
  },
  {
    "title": "Click Here for Webcast",
    "link": "https://wsw.com/webcast/stifel102/cgem/",
    "timestamp": "unknown"
  },
  {
    "title": "Morgan Stanley 23rd Annual Global Healthcare ConferenceSeptember ,EDTClick Here for Webcast",
    "link": "https://investors.cullinantherapeutics.com/events/event-details/morgan-stanley-23rd-annual-global-healthcare-conference",
    "timestamp": "unknown"
  },
  {
    "title": "Morgan Stanley 23rd Annual Global Healthcare ConferenceSeptember ,EDT",
    "link": "https://investors.cullinantherapeutics.com/events/event-details/morgan-stanley-23rd-annual-global-healthcare-conference",
    "timestamp": "unknown"
  },
  {
    "title": "Click Here for Webcast",
    "link": "https://cc.webcasts.com/morg007/090825a_js/?entity=137_IE76Y6P",
    "timestamp": "unknown"
  },
  {
    "title": "Click Here for Webcast",
    "link": "https://cc.webcasts.com/morg007/090825a_js/?entity=137_IE76Y6P",
    "timestamp": "unknown"
  },
  {
    "title": "Click Here for Webcast",
    "link": "https://cc.webcasts.com/morg007/090825a_js/?entity=137_IE76Y6P",
    "timestamp": "unknown"
  },
  {
    "title": "Click Here for Webcast",
    "link": "https://cc.webcasts.com/morg007/090825a_js/?entity=137_IE76Y6P",
    "timestamp": "unknown"
  },
  {
    "title": "Cantor Global Healthcare ConferenceSeptember ,EDTClick Here for Webcast",
    "link": "https://investors.cullinantherapeutics.com/events/event-details/cantor-global-healthcare-conference-",
    "timestamp": "unknown"
  },
  {
    "title": "Cantor Global Healthcare ConferenceSeptember ,EDT",
    "link": "https://investors.cullinantherapeutics.com/events/event-details/cantor-global-healthcare-conference-",
    "timestamp": "unknown"
  },
  {
    "title": "Click Here for Webcast",
    "link": "https://sqps.onstreamsecure.com/origin/enliven/players/EnlivenPlayer.html?customerId=&eventId=&checkCompany=&checkEmail=&checkName=",
    "timestamp": "unknown"
  },
  {
    "title": "Click Here for Webcast",
    "link": "https://sqps.onstreamsecure.com/origin/enliven/players/EnlivenPlayer.html?customerId=&eventId=&checkCompany=&checkEmail=&checkName=",
    "timestamp": "unknown"
  },
  {
    "title": "Click Here for Webcast",
    "link": "https://sqps.onstreamsecure.com/origin/enliven/players/EnlivenPlayer.html?customerId=&eventId=&checkCompany=&checkEmail=&checkName=",
    "timestamp": "unknown"
  },
  {
    "title": "Click Here for Webcast",
    "link": "https://sqps.onstreamsecure.com/origin/enliven/players/EnlivenPlayer.html?customerId=&eventId=&checkCompany=&checkEmail=&checkName=",
    "timestamp": "unknown"
  },
  {
    "title": "Follow Us",
    "link": "https://www.linkedin.com/company/cullinantx/",
    "timestamp": "unknown"
  },
  {
    "title": "Follow Us",
    "link": "https://www.linkedin.com/company/cullinantx/",
    "timestamp": "unknown"
  },
  {
    "title": "Privacy Notice",
    "link": "https://cullinantherapeutics.com/privacy-notice/",
    "timestamp": "unknown"
  },
  {
    "title": "Terms of Use",
    "link": "https://cullinantherapeutics.com/terms-of-use/",
    "timestamp": "unknown"
  },
  {
    "title": "Accessibility Policy",
    "link": "https://cullinantherapeutics.com/accessibility/",
    "timestamp": "unknown"
  },
  {
    "title": "Consumer Health Data Notice",
    "link": "https://cullinantherapeutics.com/consumer-health-data-notice/",
    "timestamp": "unknown"
  },
  {
    "title": "Do not sell or share my personal informationLimit the use of my sensitive personal information\u00a9 CopyrightCullinan Therapeutics, Inc.|All Rights Reserv",
    "link": "mailto:privacy@cullinantx.com?subject=Limit%20the%20Use%20of%20My%20Sensitive%20Information",
    "timestamp": "unknown"
  },
  {
    "title": "Do not sell or share my personal informationLimit the use of my sensitive personal information",
    "link": "mailto:privacy@cullinantx.com?subject=Limit%20the%20Use%20of%20My%20Sensitive%20Information",
    "timestamp": "unknown"
  },
  {
    "title": "YOU ARE NOW LEAVING CULLINAN THERAPEUTICS\u2019 WEBSITECullinan Therapeutics does not control or influence the content on the page to\n        which you are",
    "link": "https://investors.cullinantherapeutics.com/events",
    "timestamp": "unknown"
  },
  {
    "title": "ContinueCancel",
    "link": "https://investors.cullinantherapeutics.com/events",
    "timestamp": "unknown"
  }
]