[
  {
    "title": "News",
    "link": "https://investors.cullinantherapeutics.com/news-releases",
    "timestamp": "unknown"
  },
  {
    "title": "Contact Us",
    "link": "https://www.cullinanoncology.com/contact",
    "timestamp": "unknown"
  },
  {
    "title": "Overview",
    "link": "https://investors.cullinantherapeutics.com/",
    "timestamp": "unknown"
  },
  {
    "title": "Events and Presentations",
    "link": "https://investors.cullinantherapeutics.com/events",
    "timestamp": "unknown"
  },
  {
    "title": "SEC Filings",
    "link": "https://investors.cullinantherapeutics.com/sec-filings",
    "timestamp": "unknown"
  },
  {
    "title": "Stock Information",
    "link": "https://investors.cullinantherapeutics.com/stock-information",
    "timestamp": "unknown"
  },
  {
    "title": "Corporate Governance",
    "link": "https://investors.cullinantherapeutics.com/corporate-governance",
    "timestamp": "unknown"
  },
  {
    "title": "Investor FAQs",
    "link": "https://investors.cullinantherapeutics.com/faqs",
    "timestamp": "unknown"
  },
  {
    "title": "Email Alerts",
    "link": "https://investors.cullinantherapeutics.com/email-alerts",
    "timestamp": "unknown"
  },
  {
    "title": "Home",
    "link": "https://www.cullinanoncology.com/",
    "timestamp": "unknown"
  },
  {
    "title": "About Cullinan",
    "link": "https://cullinantherapeutics.com/about/",
    "timestamp": "unknown"
  },
  {
    "title": "Leadership",
    "link": "https://cullinantherapeutics.com/leadership/",
    "timestamp": "unknown"
  },
  {
    "title": "Partnerships",
    "link": "https://cullinantherapeutics.com/partnerships/",
    "timestamp": "unknown"
  },
  {
    "title": "R&D",
    "link": "https://cullinantherapeutics.com/research-development/",
    "timestamp": "unknown"
  },
  {
    "title": "Programs",
    "link": "https://cullinantherapeutics.com/programs/",
    "timestamp": "unknown"
  },
  {
    "title": "Pipeline",
    "link": "https://cullinantherapeutics.com/pipeline/",
    "timestamp": "unknown"
  },
  {
    "title": "Patient Programs",
    "link": "https://cullinantherapeutics.com/patient-programs/",
    "timestamp": "unknown"
  },
  {
    "title": "Clinical Trials",
    "link": "https://cullinantherapeutics.com/clinical-trials/",
    "timestamp": "unknown"
  },
  {
    "title": "Our People",
    "link": "https://cullinantherapeutics.com/people/",
    "timestamp": "unknown"
  },
  {
    "title": "Careers",
    "link": "https://cullinantherapeutics.com/careers/",
    "timestamp": "unknown"
  },
  {
    "title": "Corporate PresentationsCorporate PresentationExpanded Corporate PresentationUpcoming EventsThere are no upcoming events available at this time.Past Ev",
    "link": "https://investors.cullinantherapeutics.com/static-files/b2cd60bb-7f36-42ef-b2df-0d74d4908124",
    "timestamp": "unknown"
  },
  {
    "title": "Corporate PresentationsCorporate PresentationExpanded Corporate PresentationUpcoming EventsThere are no upcoming events available at this time.Past Ev",
    "link": "https://investors.cullinantherapeutics.com/static-files/b2cd60bb-7f36-42ef-b2df-0d74d4908124",
    "timestamp": "unknown"
  },
  {
    "title": "Corporate PresentationsCorporate PresentationExpanded Corporate PresentationUpcoming EventsThere are no upcoming events available at this time.Past Ev",
    "link": "https://investors.cullinantherapeutics.com/static-files/b2cd60bb-7f36-42ef-b2df-0d74d4908124",
    "timestamp": "unknown"
  },
  {
    "title": "Corporate PresentationsCorporate PresentationExpanded Corporate PresentationUpcoming EventsThere are no upcoming events available at this time.Past Ev",
    "link": "https://investors.cullinantherapeutics.com/static-files/b2cd60bb-7f36-42ef-b2df-0d74d4908124",
    "timestamp": "unknown"
  },
  {
    "title": "Corporate PresentationsCorporate PresentationExpanded Corporate PresentationUpcoming EventsThere are no upcoming events available at this time.Past Ev",
    "link": "https://investors.cullinantherapeutics.com/static-files/b2cd60bb-7f36-42ef-b2df-0d74d4908124",
    "timestamp": "unknown"
  },
  {
    "title": "Corporate PresentationsCorporate PresentationExpanded Corporate PresentationUpcoming EventsThere are no upcoming events available at this time.Past Ev",
    "link": "https://investors.cullinantherapeutics.com/static-files/b2cd60bb-7f36-42ef-b2df-0d74d4908124",
    "timestamp": "unknown"
  },
  {
    "title": "Corporate PresentationsCorporate PresentationExpanded Corporate PresentationUpcoming EventsThere are no upcoming events available at this time.Past Ev",
    "link": "https://investors.cullinantherapeutics.com/static-files/b2cd60bb-7f36-42ef-b2df-0d74d4908124",
    "timestamp": "unknown"
  },
  {
    "title": "Corporate PresentationsCorporate PresentationExpanded Corporate PresentationUpcoming EventsThere are no upcoming events available at this time.Past Ev",
    "link": "https://investors.cullinantherapeutics.com/static-files/b2cd60bb-7f36-42ef-b2df-0d74d4908124",
    "timestamp": "unknown"
  },
  {
    "title": "Corporate PresentationsCorporate PresentationExpanded Corporate PresentationUpcoming EventsThere are no upcoming events available at this time.Past Ev",
    "link": "https://investors.cullinantherapeutics.com/static-files/b2cd60bb-7f36-42ef-b2df-0d74d4908124",
    "timestamp": "unknown"
  },
  {
    "title": "Corporate PresentationsCorporate PresentationExpanded Corporate PresentationUpcoming EventsThere are no upcoming events available at this time.Past Ev",
    "link": "https://investors.cullinantherapeutics.com/static-files/b2cd60bb-7f36-42ef-b2df-0d74d4908124",
    "timestamp": "unknown"
  },
  {
    "title": "Corporate PresentationsCorporate PresentationExpanded Corporate PresentationUpcoming EventsThere are no upcoming events available at this time.Past Ev",
    "link": "https://investors.cullinantherapeutics.com/static-files/b2cd60bb-7f36-42ef-b2df-0d74d4908124",
    "timestamp": "unknown"
  },
  {
    "title": "Corporate PresentationsCorporate PresentationExpanded Corporate PresentationUpcoming EventsThere are no upcoming events available at this time.Past Ev",
    "link": "https://investors.cullinantherapeutics.com/static-files/b2cd60bb-7f36-42ef-b2df-0d74d4908124",
    "timestamp": "unknown"
  },
  {
    "title": "Corporate PresentationsCorporate PresentationExpanded Corporate PresentationUpcoming EventsThere are no upcoming events available at this time.Past Ev",
    "link": "https://investors.cullinantherapeutics.com/static-files/b2cd60bb-7f36-42ef-b2df-0d74d4908124",
    "timestamp": "unknown"
  },
  {
    "title": "Corporate PresentationsCorporate PresentationExpanded Corporate PresentationUpcoming EventsThere are no upcoming events available at this time.Past Ev",
    "link": "https://investors.cullinantherapeutics.com/static-files/b2cd60bb-7f36-42ef-b2df-0d74d4908124",
    "timestamp": "unknown"
  },
  {
    "title": "Corporate PresentationsCorporate PresentationExpanded Corporate Presentation",
    "link": "https://investors.cullinantherapeutics.com/static-files/b2cd60bb-7f36-42ef-b2df-0d74d4908124",
    "timestamp": "unknown"
  },
  {
    "title": "Corporate PresentationsCorporate PresentationExpanded Corporate Presentation",
    "link": "https://investors.cullinantherapeutics.com/static-files/b2cd60bb-7f36-42ef-b2df-0d74d4908124",
    "timestamp": "unknown"
  },
  {
    "title": "Corporate PresentationExpanded Corporate Presentation",
    "link": "https://investors.cullinantherapeutics.com/static-files/b2cd60bb-7f36-42ef-b2df-0d74d4908124",
    "timestamp": "unknown"
  },
  {
    "title": "Corporate PresentationExpanded Corporate Presentation",
    "link": "https://investors.cullinantherapeutics.com/static-files/b2cd60bb-7f36-42ef-b2df-0d74d4908124",
    "timestamp": "unknown"
  },
  {
    "title": "Corporate Presentation",
    "link": "https://investors.cullinantherapeutics.com/static-files/b2cd60bb-7f36-42ef-b2df-0d74d4908124",
    "timestamp": "unknown"
  },
  {
    "title": "Corporate Presentation",
    "link": "https://investors.cullinantherapeutics.com/static-files/b2cd60bb-7f36-42ef-b2df-0d74d4908124",
    "timestamp": "unknown"
  },
  {
    "title": "Corporate Presentation",
    "link": "https://investors.cullinantherapeutics.com/static-files/b2cd60bb-7f36-42ef-b2df-0d74d4908124",
    "timestamp": "unknown"
  },
  {
    "title": "Corporate Presentation",
    "link": "https://investors.cullinantherapeutics.com/static-files/b2cd60bb-7f36-42ef-b2df-0d74d4908124",
    "timestamp": "unknown"
  },
  {
    "title": "Expanded Corporate Presentation",
    "link": "https://investors.cullinantherapeutics.com/static-files/de0c4417-d3c6-48b7-8fca-0338e563d7a9",
    "timestamp": "unknown"
  },
  {
    "title": "Expanded Corporate Presentation",
    "link": "https://investors.cullinantherapeutics.com/static-files/de0c4417-d3c6-48b7-8fca-0338e563d7a9",
    "timestamp": "unknown"
  },
  {
    "title": "Expanded Corporate Presentation",
    "link": "https://investors.cullinantherapeutics.com/static-files/de0c4417-d3c6-48b7-8fca-0338e563d7a9",
    "timestamp": "unknown"
  },
  {
    "title": "Expanded Corporate Presentation",
    "link": "https://investors.cullinantherapeutics.com/static-files/de0c4417-d3c6-48b7-8fca-0338e563d7a9",
    "timestamp": "unknown"
  },
  {
    "title": "Past EventsStifel  Virtual Immunology and Inflammation ForumSeptember ,  at  EDTClick Here for WebcastMorgan Stanley 23rd Annual Global Healthcare Con",
    "link": "https://investors.cullinantherapeutics.com/events/event-details/stifel--virtual-immunology-and-inflammation-forum",
    "timestamp": "unknown"
  },
  {
    "title": "Past EventsStifel  Virtual Immunology and Inflammation ForumSeptember ,  at  EDTClick Here for WebcastMorgan Stanley 23rd Annual Global Healthcare Con",
    "link": "https://investors.cullinantherapeutics.com/events/event-details/stifel--virtual-immunology-and-inflammation-forum",
    "timestamp": "unknown"
  },
  {
    "title": "Stifel  Virtual Immunology and Inflammation ForumSeptember ,  at  EDTClick Here for WebcastMorgan Stanley 23rd Annual Global Healthcare ConferenceSept",
    "link": "https://investors.cullinantherapeutics.com/events/event-details/stifel--virtual-immunology-and-inflammation-forum",
    "timestamp": "unknown"
  },
  {
    "title": "Stifel  Virtual Immunology and Inflammation ForumSeptember ,  at  EDTClick Here for WebcastMorgan Stanley 23rd Annual Global Healthcare ConferenceSept",
    "link": "https://investors.cullinantherapeutics.com/events/event-details/stifel--virtual-immunology-and-inflammation-forum",
    "timestamp": "unknown"
  },
  {
    "title": "Stifel  Virtual Immunology and Inflammation ForumSeptember ,  at  EDTClick Here for Webcast",
    "link": "https://investors.cullinantherapeutics.com/events/event-details/stifel--virtual-immunology-and-inflammation-forum",
    "timestamp": "unknown"
  },
  {
    "title": "Stifel  Virtual Immunology and Inflammation ForumSeptember ,  at  EDT",
    "link": "https://investors.cullinantherapeutics.com/events/event-details/stifel--virtual-immunology-and-inflammation-forum",
    "timestamp": "unknown"
  },
  {
    "title": "Stifel  Virtual Immunology and Inflammation Forum",
    "link": "https://investors.cullinantherapeutics.com/events/event-details/stifel--virtual-immunology-and-inflammation-forum",
    "timestamp": "unknown"
  },
  {
    "title": "Stifel  Virtual Immunology and Inflammation Forum",
    "link": "https://investors.cullinantherapeutics.com/events/event-details/stifel--virtual-immunology-and-inflammation-forum",
    "timestamp": "unknown"
  },
  {
    "title": "Stifel  Virtual Immunology and Inflammation Forum",
    "link": "https://investors.cullinantherapeutics.com/events/event-details/stifel--virtual-immunology-and-inflammation-forum",
    "timestamp": "unknown"
  },
  {
    "title": "Click Here for Webcast",
    "link": "https://wsw.com/webcast/stifel102/cgem/",
    "timestamp": "unknown"
  },
  {
    "title": "Click Here for Webcast",
    "link": "https://wsw.com/webcast/stifel102/cgem/",
    "timestamp": "unknown"
  },
  {
    "title": "Click Here for Webcast",
    "link": "https://wsw.com/webcast/stifel102/cgem/",
    "timestamp": "unknown"
  },
  {
    "title": "Click Here for Webcast",
    "link": "https://wsw.com/webcast/stifel102/cgem/",
    "timestamp": "unknown"
  },
  {
    "title": "Morgan Stanley 23rd Annual Global Healthcare ConferenceSeptember ,  at  EDTClick Here for Webcast",
    "link": "https://investors.cullinantherapeutics.com/events/event-details/morgan-stanley-23rd-annual-global-healthcare-conference",
    "timestamp": "unknown"
  },
  {
    "title": "Morgan Stanley 23rd Annual Global Healthcare ConferenceSeptember ,  at  EDT",
    "link": "https://investors.cullinantherapeutics.com/events/event-details/morgan-stanley-23rd-annual-global-healthcare-conference",
    "timestamp": "unknown"
  },
  {
    "title": "Morgan Stanley 23rd Annual Global Healthcare Conference",
    "link": "https://investors.cullinantherapeutics.com/events/event-details/morgan-stanley-23rd-annual-global-healthcare-conference",
    "timestamp": "unknown"
  },
  {
    "title": "Morgan Stanley 23rd Annual Global Healthcare Conference",
    "link": "https://investors.cullinantherapeutics.com/events/event-details/morgan-stanley-23rd-annual-global-healthcare-conference",
    "timestamp": "unknown"
  },
  {
    "title": "Morgan Stanley 23rd Annual Global Healthcare Conference",
    "link": "https://investors.cullinantherapeutics.com/events/event-details/morgan-stanley-23rd-annual-global-healthcare-conference",
    "timestamp": "unknown"
  },
  {
    "title": "Click Here for Webcast",
    "link": "https://cc.webcasts.com/morg007/090825a_js/?entity=137_IE76Y6P",
    "timestamp": "unknown"
  },
  {
    "title": "Click Here for Webcast",
    "link": "https://cc.webcasts.com/morg007/090825a_js/?entity=137_IE76Y6P",
    "timestamp": "unknown"
  },
  {
    "title": "Click Here for Webcast",
    "link": "https://cc.webcasts.com/morg007/090825a_js/?entity=137_IE76Y6P",
    "timestamp": "unknown"
  },
  {
    "title": "Click Here for Webcast",
    "link": "https://cc.webcasts.com/morg007/090825a_js/?entity=137_IE76Y6P",
    "timestamp": "unknown"
  },
  {
    "title": "Cantor Global Healthcare ConferenceSeptember ,  at  EDTClick Here for Webcast",
    "link": "https://investors.cullinantherapeutics.com/events/event-details/cantor-global-healthcare-conference-",
    "timestamp": "unknown"
  },
  {
    "title": "Cantor Global Healthcare ConferenceSeptember ,  at  EDT",
    "link": "https://investors.cullinantherapeutics.com/events/event-details/cantor-global-healthcare-conference-",
    "timestamp": "unknown"
  },
  {
    "title": "Cantor Global Healthcare Conference",
    "link": "https://investors.cullinantherapeutics.com/events/event-details/cantor-global-healthcare-conference-",
    "timestamp": "unknown"
  },
  {
    "title": "Cantor Global Healthcare Conference",
    "link": "https://investors.cullinantherapeutics.com/events/event-details/cantor-global-healthcare-conference-",
    "timestamp": "unknown"
  },
  {
    "title": "Cantor Global Healthcare Conference",
    "link": "https://investors.cullinantherapeutics.com/events/event-details/cantor-global-healthcare-conference-",
    "timestamp": "unknown"
  },
  {
    "title": "Click Here for Webcast",
    "link": "https://sqps.onstreamsecure.com/origin/enliven/players/EnlivenPlayer.html?customerId=&eventId=&checkCompany=&checkEmail=&checkName=",
    "timestamp": "unknown"
  },
  {
    "title": "Click Here for Webcast",
    "link": "https://sqps.onstreamsecure.com/origin/enliven/players/EnlivenPlayer.html?customerId=&eventId=&checkCompany=&checkEmail=&checkName=",
    "timestamp": "unknown"
  },
  {
    "title": "Click Here for Webcast",
    "link": "https://sqps.onstreamsecure.com/origin/enliven/players/EnlivenPlayer.html?customerId=&eventId=&checkCompany=&checkEmail=&checkName=",
    "timestamp": "unknown"
  },
  {
    "title": "Click Here for Webcast",
    "link": "https://sqps.onstreamsecure.com/origin/enliven/players/EnlivenPlayer.html?customerId=&eventId=&checkCompany=&checkEmail=&checkName=",
    "timestamp": "unknown"
  },
  {
    "title": "Follow UsSite - Social",
    "link": "https://www.linkedin.com/company/CullinanTx",
    "timestamp": "unknown"
  },
  {
    "title": "Site - Social",
    "link": "https://www.linkedin.com/company/CullinanTx",
    "timestamp": "unknown"
  },
  {
    "title": "Connect With Us",
    "link": "https://cullinantherapeutics.com/contact/",
    "timestamp": "unknown"
  },
  {
    "title": "Terms of Use",
    "link": "https://cullinantherapeutics.com/terms-of-use/",
    "timestamp": "unknown"
  },
  {
    "title": "Privacy Notice",
    "link": "https://cullinantherapeutics.com/privacy-notice/",
    "timestamp": "unknown"
  },
  {
    "title": "Accessibility Policy",
    "link": "https://cullinantherapeutics.com/accessibility/",
    "timestamp": "unknown"
  }
]