[
  {
    "title": "Investor RelationsOverviewNews & EventsPress ReleasesEvents & PresentationsScientific PublicationsFinancials & FilingsSEC FilingsAnnual MeetingStockSt",
    "link": "https://dianthustx.com/",
    "timestamp": "unknown"
  },
  {
    "title": "Investor RelationsOverviewNews & EventsPress ReleasesEvents & PresentationsScientific PublicationsFinancials & FilingsSEC FilingsAnnual MeetingStockSt",
    "link": "https://investor.dianthustx.com/investors-media",
    "timestamp": "unknown"
  },
  {
    "title": "Overview",
    "link": "https://investor.dianthustx.com/investors-media",
    "timestamp": "unknown"
  },
  {
    "title": "News & EventsPress ReleasesEvents & PresentationsScientific Publications",
    "link": "https://investor.dianthustx.com/news-events/press-releases",
    "timestamp": "unknown"
  },
  {
    "title": "Press Releases",
    "link": "https://investor.dianthustx.com/news-events/press-releases",
    "timestamp": "unknown"
  },
  {
    "title": "Events & Presentations",
    "link": "https://investor.dianthustx.com/news-events/events-presentations",
    "timestamp": "unknown"
  },
  {
    "title": "Scientific Publications",
    "link": "https://investor.dianthustx.com/scientific-publications",
    "timestamp": "unknown"
  },
  {
    "title": "Financials & FilingsSEC FilingsAnnual Meeting",
    "link": "https://investor.dianthustx.com/financials-filings/sec-filings",
    "timestamp": "unknown"
  },
  {
    "title": "SEC Filings",
    "link": "https://investor.dianthustx.com/financials-filings/sec-filings",
    "timestamp": "unknown"
  },
  {
    "title": "Annual Meeting",
    "link": "https://investor.dianthustx.com/ir-resources/annual-meeting",
    "timestamp": "unknown"
  },
  {
    "title": "StockStock Quote & ChartAnalyst Coverage",
    "link": "https://investor.dianthustx.com/stock-information/stock-quote-chart",
    "timestamp": "unknown"
  },
  {
    "title": "Stock Quote & Chart",
    "link": "https://investor.dianthustx.com/stock-information/stock-quote-chart",
    "timestamp": "unknown"
  },
  {
    "title": "Analyst Coverage",
    "link": "https://investor.dianthustx.com/stock-information/analyst-coverage",
    "timestamp": "unknown"
  },
  {
    "title": "GovernanceDocuments & ChartersManagement TeamBoard of DirectorsCommittee Composition",
    "link": "https://investor.dianthustx.com/corporate-governance/documents-charters",
    "timestamp": "unknown"
  },
  {
    "title": "Documents & Charters",
    "link": "https://investor.dianthustx.com/corporate-governance/documents-charters",
    "timestamp": "unknown"
  },
  {
    "title": "Management Team",
    "link": "https://investor.dianthustx.com/corporate-governance/management-team",
    "timestamp": "unknown"
  },
  {
    "title": "Board of Directors",
    "link": "https://investor.dianthustx.com/corporate-governance/board-of-directors",
    "timestamp": "unknown"
  },
  {
    "title": "Committee Composition",
    "link": "https://investor.dianthustx.com/corporate-governance/committee-composition",
    "timestamp": "unknown"
  },
  {
    "title": "IR ResourcesFAQsEmail AlertsContact",
    "link": "https://investor.dianthustx.com/ir-resources/faqs",
    "timestamp": "unknown"
  },
  {
    "title": "FAQs",
    "link": "https://investor.dianthustx.com/ir-resources/faqs",
    "timestamp": "unknown"
  },
  {
    "title": "Email Alerts",
    "link": "https://investor.dianthustx.com/ir-resources/email-alerts",
    "timestamp": "unknown"
  },
  {
    "title": "Contact",
    "link": "https://investor.dianthustx.com/ir-resources/contact",
    "timestamp": "unknown"
  },
  {
    "title": "Events & PresentationsDianthus Therapeutics Announces Exclusive License Agreement with Leads Biolabs for DNTH212, a First and Potentially Best-In-Clas",
    "link": "https://investor.dianthustx.com/news-releases/news-release-details/dianthus-therapeutics-announces-exclusive-license-agreement",
    "timestamp": "unknown"
  },
  {
    "title": "Events & PresentationsDianthus Therapeutics Announces Exclusive License Agreement with Leads Biolabs for DNTH212, a First and Potentially Best-In-Clas",
    "link": "https://investor.dianthustx.com/news-releases/news-release-details/dianthus-therapeutics-announces-exclusive-license-agreement",
    "timestamp": "unknown"
  },
  {
    "title": "Events & PresentationsDianthus Therapeutics Announces Exclusive License Agreement with Leads Biolabs for DNTH212, a First and Potentially Best-In-Clas",
    "link": "https://investor.dianthustx.com/news-releases/news-release-details/dianthus-therapeutics-announces-exclusive-license-agreement",
    "timestamp": "unknown"
  },
  {
    "title": "Events & PresentationsDianthus Therapeutics Announces Exclusive License Agreement with Leads Biolabs for DNTH212, a First and Potentially Best-In-Clas",
    "link": "https://investor.dianthustx.com/news-releases/news-release-details/dianthus-therapeutics-announces-exclusive-license-agreement",
    "timestamp": "unknown"
  },
  {
    "title": "Dianthus Therapeutics Announces Exclusive License Agreement with Leads Biolabs for DNTH212, a First and Potentially Best-In-Class, Phase  Ready Bifunc",
    "link": "https://investor.dianthustx.com/news-releases/news-release-details/dianthus-therapeutics-announces-exclusive-license-agreement",
    "timestamp": "unknown"
  },
  {
    "title": "Dianthus Therapeutics Announces Exclusive License Agreement with Leads Biolabs for DNTH212, a First and Potentially Best-In-Class, Phase  Ready Bifunc",
    "link": "https://investor.dianthustx.com/news-releases/news-release-details/dianthus-therapeutics-announces-exclusive-license-agreement",
    "timestamp": "unknown"
  },
  {
    "title": "Dianthus Therapeutics Announces Exclusive License Agreement with Leads Biolabs for DNTH212, a First and Potentially Best-In-Class, Phase  Ready Bifunc",
    "link": "https://investor.dianthustx.com/news-releases/news-release-details/dianthus-therapeutics-announces-exclusive-license-agreement",
    "timestamp": "unknown"
  },
  {
    "title": "Dianthus Therapeutics Announces Exclusive License Agreement with Leads Biolabs for DNTH212, a First and Potentially Best-In-Class, Phase  Ready Bifunc",
    "link": "https://investor.dianthustx.com/news-releases/news-release-details/dianthus-therapeutics-announces-exclusive-license-agreement",
    "timestamp": "unknown"
  },
  {
    "title": "Dianthus Therapeutics Announces Exclusive License Agreement with Leads Biolabs for DNTH212, a First and Potentially Best-In-Class, Phase  Ready Bifunc",
    "link": "https://investor.dianthustx.com/news-releases/news-release-details/dianthus-therapeutics-announces-exclusive-license-agreement",
    "timestamp": "unknown"
  },
  {
    "title": "Dianthus Therapeutics Announces Exclusive License Agreement with Leads Biolabs for DNTH212, a First and Potentially Best-In-Class, Phase  Ready Bifunc",
    "link": "https://investor.dianthustx.com/news-releases/news-release-details/dianthus-therapeutics-announces-exclusive-license-agreement",
    "timestamp": "unknown"
  },
  {
    "title": "Dianthus Therapeutics Announces Exclusive License Agreement with Leads Biolabs for DNTH212, a First and Potentially Best-In-Class, Phase  Ready Bifunc",
    "link": "https://investor.dianthustx.com/news-releases/news-release-details/dianthus-therapeutics-announces-exclusive-license-agreement",
    "timestamp": "unknown"
  },
  {
    "title": "Dianthus Therapeutics Announces Exclusive License Agreement with Leads Biolabs for DNTH212, a First and Potentially Best-In-Class, Phase  Ready Bifunc",
    "link": "https://investor.dianthustx.com/news-releases/news-release-details/dianthus-therapeutics-announces-exclusive-license-agreement",
    "timestamp": "unknown"
  },
  {
    "title": "Press Release",
    "link": "https://investor.dianthustx.com/news-releases/news-release-details/dianthus-therapeutics-announces-exclusive-license-agreement",
    "timestamp": "unknown"
  },
  {
    "title": "Featured PresentationOctober  Corporate Presentation. MBClaseprubart Phase  MaGic Data Presentation. MBLicensing of DNTH212 (BDCA2 and BAFF/APRIL) fro",
    "link": "https://investor.dianthustx.com/static-files/2e9602fe-7cec-4c5c-b7f0-4dee6c883edf",
    "timestamp": "unknown"
  },
  {
    "title": "Featured PresentationOctober  Corporate Presentation. MBClaseprubart Phase  MaGic Data Presentation. MBLicensing of DNTH212 (BDCA2 and BAFF/APRIL) fro",
    "link": "https://investor.dianthustx.com/static-files/2e9602fe-7cec-4c5c-b7f0-4dee6c883edf",
    "timestamp": "unknown"
  },
  {
    "title": "Featured PresentationOctober  Corporate Presentation. MBClaseprubart Phase  MaGic Data Presentation. MBLicensing of DNTH212 (BDCA2 and BAFF/APRIL) fro",
    "link": "https://investor.dianthustx.com/static-files/2e9602fe-7cec-4c5c-b7f0-4dee6c883edf",
    "timestamp": "unknown"
  },
  {
    "title": "Featured PresentationOctober  Corporate Presentation. MBClaseprubart Phase  MaGic Data Presentation. MBLicensing of DNTH212 (BDCA2 and BAFF/APRIL) fro",
    "link": "https://investor.dianthustx.com/static-files/2e9602fe-7cec-4c5c-b7f0-4dee6c883edf",
    "timestamp": "unknown"
  },
  {
    "title": "Featured PresentationOctober  Corporate Presentation. MBClaseprubart Phase  MaGic Data Presentation. MBLicensing of DNTH212 (BDCA2 and BAFF/APRIL) fro",
    "link": "https://investor.dianthustx.com/static-files/2e9602fe-7cec-4c5c-b7f0-4dee6c883edf",
    "timestamp": "unknown"
  },
  {
    "title": "Featured PresentationOctober  Corporate Presentation. MBClaseprubart Phase  MaGic Data Presentation. MBLicensing of DNTH212 (BDCA2 and BAFF/APRIL) fro",
    "link": "https://investor.dianthustx.com/static-files/2e9602fe-7cec-4c5c-b7f0-4dee6c883edf",
    "timestamp": "unknown"
  },
  {
    "title": "Featured PresentationOctober  Corporate Presentation. MBClaseprubart Phase  MaGic Data Presentation. MBLicensing of DNTH212 (BDCA2 and BAFF/APRIL) fro",
    "link": "https://investor.dianthustx.com/static-files/2e9602fe-7cec-4c5c-b7f0-4dee6c883edf",
    "timestamp": "unknown"
  },
  {
    "title": "Featured PresentationOctober  Corporate Presentation. MBClaseprubart Phase  MaGic Data Presentation. MBLicensing of DNTH212 (BDCA2 and BAFF/APRIL) fro",
    "link": "https://investor.dianthustx.com/static-files/2e9602fe-7cec-4c5c-b7f0-4dee6c883edf",
    "timestamp": "unknown"
  },
  {
    "title": "Featured PresentationOctober  Corporate Presentation. MBClaseprubart Phase  MaGic Data Presentation. MBLicensing of DNTH212 (BDCA2 and BAFF/APRIL) fro",
    "link": "https://investor.dianthustx.com/static-files/2e9602fe-7cec-4c5c-b7f0-4dee6c883edf",
    "timestamp": "unknown"
  },
  {
    "title": "Featured PresentationOctober  Corporate Presentation. MBClaseprubart Phase  MaGic Data Presentation. MBLicensing of DNTH212 (BDCA2 and BAFF/APRIL) fro",
    "link": "https://investor.dianthustx.com/static-files/2e9602fe-7cec-4c5c-b7f0-4dee6c883edf",
    "timestamp": "unknown"
  },
  {
    "title": "Featured PresentationOctober  Corporate Presentation. MBClaseprubart Phase  MaGic Data Presentation. MBLicensing of DNTH212 (BDCA2 and BAFF/APRIL) fro",
    "link": "https://investor.dianthustx.com/static-files/2e9602fe-7cec-4c5c-b7f0-4dee6c883edf",
    "timestamp": "unknown"
  },
  {
    "title": "Featured PresentationOctober  Corporate Presentation. MBClaseprubart Phase  MaGic Data Presentation. MBLicensing of DNTH212 (BDCA2 and BAFF/APRIL) fro",
    "link": "https://investor.dianthustx.com/static-files/2e9602fe-7cec-4c5c-b7f0-4dee6c883edf",
    "timestamp": "unknown"
  },
  {
    "title": "Featured PresentationOctober  Corporate Presentation. MBClaseprubart Phase  MaGic Data Presentation. MBLicensing of DNTH212 (BDCA2 and BAFF/APRIL) fro",
    "link": "https://investor.dianthustx.com/static-files/2e9602fe-7cec-4c5c-b7f0-4dee6c883edf",
    "timestamp": "unknown"
  },
  {
    "title": "Featured PresentationOctober  Corporate Presentation. MBClaseprubart Phase  MaGic Data Presentation. MBLicensing of DNTH212 (BDCA2 and BAFF/APRIL) fro",
    "link": "https://investor.dianthustx.com/static-files/2e9602fe-7cec-4c5c-b7f0-4dee6c883edf",
    "timestamp": "unknown"
  },
  {
    "title": "Featured PresentationOctober  Corporate Presentation. MBClaseprubart Phase  MaGic Data Presentation. MBLicensing of DNTH212 (BDCA2 and BAFF/APRIL) fro",
    "link": "https://investor.dianthustx.com/static-files/2e9602fe-7cec-4c5c-b7f0-4dee6c883edf",
    "timestamp": "unknown"
  },
  {
    "title": "Featured PresentationOctober  Corporate Presentation. MBClaseprubart Phase  MaGic Data Presentation. MBLicensing of DNTH212 (BDCA2 and BAFF/APRIL) fro",
    "link": "https://investor.dianthustx.com/static-files/2e9602fe-7cec-4c5c-b7f0-4dee6c883edf",
    "timestamp": "unknown"
  },
  {
    "title": "Featured PresentationOctober  Corporate Presentation. MBClaseprubart Phase  MaGic Data Presentation. MBLicensing of DNTH212 (BDCA2 and BAFF/APRIL) fro",
    "link": "https://investor.dianthustx.com/static-files/2e9602fe-7cec-4c5c-b7f0-4dee6c883edf",
    "timestamp": "unknown"
  },
  {
    "title": "Featured PresentationOctober  Corporate Presentation. MBClaseprubart Phase  MaGic Data Presentation. MBLicensing of DNTH212 (BDCA2 and BAFF/APRIL) fro",
    "link": "https://investor.dianthustx.com/static-files/2e9602fe-7cec-4c5c-b7f0-4dee6c883edf",
    "timestamp": "unknown"
  },
  {
    "title": "October  Corporate Presentation. MBClaseprubart Phase  MaGic Data Presentation. MBLicensing of DNTH212 (BDCA2 and BAFF/APRIL) from Leads Biolabs. MB",
    "link": "https://investor.dianthustx.com/static-files/2e9602fe-7cec-4c5c-b7f0-4dee6c883edf",
    "timestamp": "unknown"
  },
  {
    "title": "October  Corporate Presentation. MBClaseprubart Phase  MaGic Data Presentation. MBLicensing of DNTH212 (BDCA2 and BAFF/APRIL) from Leads Biolabs. MB",
    "link": "https://investor.dianthustx.com/static-files/2e9602fe-7cec-4c5c-b7f0-4dee6c883edf",
    "timestamp": "unknown"
  },
  {
    "title": "October  Corporate Presentation. MB",
    "link": "https://investor.dianthustx.com/static-files/2e9602fe-7cec-4c5c-b7f0-4dee6c883edf",
    "timestamp": "unknown"
  },
  {
    "title": "October  Corporate Presentation. MB",
    "link": "https://investor.dianthustx.com/static-files/2e9602fe-7cec-4c5c-b7f0-4dee6c883edf",
    "timestamp": "unknown"
  },
  {
    "title": "October  Corporate Presentation. MB",
    "link": "https://investor.dianthustx.com/static-files/2e9602fe-7cec-4c5c-b7f0-4dee6c883edf",
    "timestamp": "unknown"
  },
  {
    "title": "October  Corporate Presentation. MB",
    "link": "https://investor.dianthustx.com/static-files/2e9602fe-7cec-4c5c-b7f0-4dee6c883edf",
    "timestamp": "unknown"
  },
  {
    "title": "October  Corporate Presentation. MB",
    "link": "https://investor.dianthustx.com/static-files/2e9602fe-7cec-4c5c-b7f0-4dee6c883edf",
    "timestamp": "unknown"
  },
  {
    "title": "October  Corporate Presentation. MB",
    "link": "https://investor.dianthustx.com/static-files/2e9602fe-7cec-4c5c-b7f0-4dee6c883edf",
    "timestamp": "unknown"
  },
  {
    "title": "October  Corporate Presentation. MB",
    "link": "https://investor.dianthustx.com/static-files/2e9602fe-7cec-4c5c-b7f0-4dee6c883edf",
    "timestamp": "unknown"
  },
  {
    "title": "October  Corporate Presentation. MB",
    "link": "https://investor.dianthustx.com/static-files/2e9602fe-7cec-4c5c-b7f0-4dee6c883edf",
    "timestamp": "unknown"
  },
  {
    "title": "October  Corporate Presentation. MB",
    "link": "https://investor.dianthustx.com/static-files/2e9602fe-7cec-4c5c-b7f0-4dee6c883edf",
    "timestamp": "unknown"
  },
  {
    "title": "October  Corporate Presentation. MB",
    "link": "https://investor.dianthustx.com/static-files/2e9602fe-7cec-4c5c-b7f0-4dee6c883edf",
    "timestamp": "unknown"
  },
  {
    "title": "October  Corporate Presentation. MB",
    "link": "https://investor.dianthustx.com/static-files/2e9602fe-7cec-4c5c-b7f0-4dee6c883edf",
    "timestamp": "unknown"
  },
  {
    "title": "October  Corporate Presentation. MB",
    "link": "https://investor.dianthustx.com/static-files/2e9602fe-7cec-4c5c-b7f0-4dee6c883edf",
    "timestamp": "unknown"
  },
  {
    "title": "Claseprubart Phase  MaGic Data Presentation. MB",
    "link": "https://investor.dianthustx.com/static-files/d4b3f9b0-291e-4c2f-851e-a8eae24f918c",
    "timestamp": "unknown"
  },
  {
    "title": "Claseprubart Phase  MaGic Data Presentation. MB",
    "link": "https://investor.dianthustx.com/static-files/d4b3f9b0-291e-4c2f-851e-a8eae24f918c",
    "timestamp": "unknown"
  },
  {
    "title": "Claseprubart Phase  MaGic Data Presentation. MB",
    "link": "https://investor.dianthustx.com/static-files/d4b3f9b0-291e-4c2f-851e-a8eae24f918c",
    "timestamp": "unknown"
  },
  {
    "title": "Claseprubart Phase  MaGic Data Presentation. MB",
    "link": "https://investor.dianthustx.com/static-files/d4b3f9b0-291e-4c2f-851e-a8eae24f918c",
    "timestamp": "unknown"
  },
  {
    "title": "Claseprubart Phase  MaGic Data Presentation. MB",
    "link": "https://investor.dianthustx.com/static-files/d4b3f9b0-291e-4c2f-851e-a8eae24f918c",
    "timestamp": "unknown"
  },
  {
    "title": "Claseprubart Phase  MaGic Data Presentation. MB",
    "link": "https://investor.dianthustx.com/static-files/d4b3f9b0-291e-4c2f-851e-a8eae24f918c",
    "timestamp": "unknown"
  },
  {
    "title": "Claseprubart Phase  MaGic Data Presentation. MB",
    "link": "https://investor.dianthustx.com/static-files/d4b3f9b0-291e-4c2f-851e-a8eae24f918c",
    "timestamp": "unknown"
  },
  {
    "title": "Claseprubart Phase  MaGic Data Presentation. MB",
    "link": "https://investor.dianthustx.com/static-files/d4b3f9b0-291e-4c2f-851e-a8eae24f918c",
    "timestamp": "unknown"
  },
  {
    "title": "Claseprubart Phase  MaGic Data Presentation. MB",
    "link": "https://investor.dianthustx.com/static-files/d4b3f9b0-291e-4c2f-851e-a8eae24f918c",
    "timestamp": "unknown"
  },
  {
    "title": "Claseprubart Phase  MaGic Data Presentation. MB",
    "link": "https://investor.dianthustx.com/static-files/d4b3f9b0-291e-4c2f-851e-a8eae24f918c",
    "timestamp": "unknown"
  },
  {
    "title": "Claseprubart Phase  MaGic Data Presentation. MB",
    "link": "https://investor.dianthustx.com/static-files/d4b3f9b0-291e-4c2f-851e-a8eae24f918c",
    "timestamp": "unknown"
  },
  {
    "title": "Claseprubart Phase  MaGic Data Presentation. MB",
    "link": "https://investor.dianthustx.com/static-files/d4b3f9b0-291e-4c2f-851e-a8eae24f918c",
    "timestamp": "unknown"
  },
  {
    "title": "Licensing of DNTH212 (BDCA2 and BAFF/APRIL) from Leads Biolabs. MB",
    "link": "https://investor.dianthustx.com/static-files/b4086cd5-3f17-4f1a-8e72-f912d88d98e2",
    "timestamp": "unknown"
  },
  {
    "title": "Licensing of DNTH212 (BDCA2 and BAFF/APRIL) from Leads Biolabs. MB",
    "link": "https://investor.dianthustx.com/static-files/b4086cd5-3f17-4f1a-8e72-f912d88d98e2",
    "timestamp": "unknown"
  },
  {
    "title": "Licensing of DNTH212 (BDCA2 and BAFF/APRIL) from Leads Biolabs. MB",
    "link": "https://investor.dianthustx.com/static-files/b4086cd5-3f17-4f1a-8e72-f912d88d98e2",
    "timestamp": "unknown"
  },
  {
    "title": "Licensing of DNTH212 (BDCA2 and BAFF/APRIL) from Leads Biolabs. MB",
    "link": "https://investor.dianthustx.com/static-files/b4086cd5-3f17-4f1a-8e72-f912d88d98e2",
    "timestamp": "unknown"
  },
  {
    "title": "Licensing of DNTH212 (BDCA2 and BAFF/APRIL) from Leads Biolabs. MB",
    "link": "https://investor.dianthustx.com/static-files/b4086cd5-3f17-4f1a-8e72-f912d88d98e2",
    "timestamp": "unknown"
  },
  {
    "title": "Licensing of DNTH212 (BDCA2 and BAFF/APRIL) from Leads Biolabs. MB",
    "link": "https://investor.dianthustx.com/static-files/b4086cd5-3f17-4f1a-8e72-f912d88d98e2",
    "timestamp": "unknown"
  },
  {
    "title": "Licensing of DNTH212 (BDCA2 and BAFF/APRIL) from Leads Biolabs. MB",
    "link": "https://investor.dianthustx.com/static-files/b4086cd5-3f17-4f1a-8e72-f912d88d98e2",
    "timestamp": "unknown"
  },
  {
    "title": "Licensing of DNTH212 (BDCA2 and BAFF/APRIL) from Leads Biolabs. MB",
    "link": "https://investor.dianthustx.com/static-files/b4086cd5-3f17-4f1a-8e72-f912d88d98e2",
    "timestamp": "unknown"
  },
  {
    "title": "Licensing of DNTH212 (BDCA2 and BAFF/APRIL) from Leads Biolabs. MB",
    "link": "https://investor.dianthustx.com/static-files/b4086cd5-3f17-4f1a-8e72-f912d88d98e2",
    "timestamp": "unknown"
  },
  {
    "title": "Licensing of DNTH212 (BDCA2 and BAFF/APRIL) from Leads Biolabs. MB",
    "link": "https://investor.dianthustx.com/static-files/b4086cd5-3f17-4f1a-8e72-f912d88d98e2",
    "timestamp": "unknown"
  },
  {
    "title": "Licensing of DNTH212 (BDCA2 and BAFF/APRIL) from Leads Biolabs. MB",
    "link": "https://investor.dianthustx.com/static-files/b4086cd5-3f17-4f1a-8e72-f912d88d98e2",
    "timestamp": "unknown"
  },
  {
    "title": "Licensing of DNTH212 (BDCA2 and BAFF/APRIL) from Leads Biolabs. MB",
    "link": "https://investor.dianthustx.com/static-files/b4086cd5-3f17-4f1a-8e72-f912d88d98e2",
    "timestamp": "unknown"
  },
  {
    "title": "Past EventsDNTH212 (BDCA2 and BAFF/APRIL) Licensing WebcastOct ,EDTWebcastLicensing of DNTH212 (BDCA2 and BAFF/APRIL) from Leads Biolabs. MBDianthus T",
    "link": "https://investor.dianthustx.com/events/event-details/dnth212-bdca2-and-baffapril-licensing-webcast",
    "timestamp": "unknown"
  },
  {
    "title": "Past EventsDNTH212 (BDCA2 and BAFF/APRIL) Licensing WebcastOct ,EDTWebcastLicensing of DNTH212 (BDCA2 and BAFF/APRIL) from Leads Biolabs. MBDianthus T",
    "link": "https://investor.dianthustx.com/events/event-details/dnth212-bdca2-and-baffapril-licensing-webcast",
    "timestamp": "unknown"
  },
  {
    "title": "Past EventsDNTH212 (BDCA2 and BAFF/APRIL) Licensing WebcastOct ,EDTWebcastLicensing of DNTH212 (BDCA2 and BAFF/APRIL) from Leads Biolabs. MBDianthus T",
    "link": "https://investor.dianthustx.com/events/event-details/dnth212-bdca2-and-baffapril-licensing-webcast",
    "timestamp": "unknown"
  },
  {
    "title": "Past EventsDNTH212 (BDCA2 and BAFF/APRIL) Licensing WebcastOct ,EDTWebcastLicensing of DNTH212 (BDCA2 and BAFF/APRIL) from Leads Biolabs. MBDianthus T",
    "link": "https://investor.dianthustx.com/events/event-details/dnth212-bdca2-and-baffapril-licensing-webcast",
    "timestamp": "unknown"
  },
  {
    "title": "DNTH212 (BDCA2 and BAFF/APRIL) Licensing WebcastOct ,EDTWebcastLicensing of DNTH212 (BDCA2 and BAFF/APRIL) from Leads Biolabs. MBDianthus Therapeutics",
    "link": "https://investor.dianthustx.com/events/event-details/dnth212-bdca2-and-baffapril-licensing-webcast",
    "timestamp": "unknown"
  },
  {
    "title": "DNTH212 (BDCA2 and BAFF/APRIL) Licensing WebcastOct ,EDTWebcastLicensing of DNTH212 (BDCA2 and BAFF/APRIL) from Leads Biolabs. MBDianthus Therapeutics",
    "link": "https://investor.dianthustx.com/events/event-details/dnth212-bdca2-and-baffapril-licensing-webcast",
    "timestamp": "unknown"
  },
  {
    "title": "DNTH212 (BDCA2 and BAFF/APRIL) Licensing WebcastOct ,EDTWebcastLicensing of DNTH212 (BDCA2 and BAFF/APRIL) from Leads Biolabs. MB",
    "link": "https://investor.dianthustx.com/events/event-details/dnth212-bdca2-and-baffapril-licensing-webcast",
    "timestamp": "unknown"
  },
  {
    "title": "DNTH212 (BDCA2 and BAFF/APRIL) Licensing WebcastOct ,EDTWebcastLicensing of DNTH212 (BDCA2 and BAFF/APRIL) from Leads Biolabs. MB",
    "link": "https://investor.dianthustx.com/events/event-details/dnth212-bdca2-and-baffapril-licensing-webcast",
    "timestamp": "unknown"
  },
  {
    "title": "DNTH212 (BDCA2 and BAFF/APRIL) Licensing WebcastOct ,EDT",
    "link": "https://investor.dianthustx.com/events/event-details/dnth212-bdca2-and-baffapril-licensing-webcast",
    "timestamp": "unknown"
  },
  {
    "title": "DNTH212 (BDCA2 and BAFF/APRIL) Licensing WebcastOct ,EDT",
    "link": "https://investor.dianthustx.com/events/event-details/dnth212-bdca2-and-baffapril-licensing-webcast",
    "timestamp": "unknown"
  },
  {
    "title": "DNTH212 (BDCA2 and BAFF/APRIL) Licensing WebcastOct ,EDT",
    "link": "https://investor.dianthustx.com/events/event-details/dnth212-bdca2-and-baffapril-licensing-webcast",
    "timestamp": "unknown"
  },
  {
    "title": "DNTH212 (BDCA2 and BAFF/APRIL) Licensing WebcastOct ,EDT",
    "link": "https://investor.dianthustx.com/events/event-details/dnth212-bdca2-and-baffapril-licensing-webcast",
    "timestamp": "unknown"
  },
  {
    "title": "DNTH212 (BDCA2 and BAFF/APRIL) Licensing Webcast",
    "link": "https://investor.dianthustx.com/events/event-details/dnth212-bdca2-and-baffapril-licensing-webcast",
    "timestamp": "unknown"
  },
  {
    "title": "DNTH212 (BDCA2 and BAFF/APRIL) Licensing Webcast",
    "link": "https://investor.dianthustx.com/events/event-details/dnth212-bdca2-and-baffapril-licensing-webcast",
    "timestamp": "unknown"
  },
  {
    "title": "DNTH212 (BDCA2 and BAFF/APRIL) Licensing Webcast",
    "link": "https://investor.dianthustx.com/events/event-details/dnth212-bdca2-and-baffapril-licensing-webcast",
    "timestamp": "unknown"
  },
  {
    "title": "WebcastLicensing of DNTH212 (BDCA2 and BAFF/APRIL) from Leads Biolabs. MB",
    "link": "https://edge.media-server.com/mmc/p/q78p8nki/",
    "timestamp": "unknown"
  },
  {
    "title": "Webcast",
    "link": "https://edge.media-server.com/mmc/p/q78p8nki/",
    "timestamp": "unknown"
  },
  {
    "title": "Webcast",
    "link": "https://edge.media-server.com/mmc/p/q78p8nki/",
    "timestamp": "unknown"
  },
  {
    "title": "Webcast",
    "link": "https://edge.media-server.com/mmc/p/q78p8nki/",
    "timestamp": "unknown"
  },
  {
    "title": "Licensing of DNTH212 (BDCA2 and BAFF/APRIL) from Leads Biolabs. MB",
    "link": "https://investor.dianthustx.com/static-files/b4086cd5-3f17-4f1a-8e72-f912d88d98e2",
    "timestamp": "unknown"
  },
  {
    "title": "Licensing of DNTH212 (BDCA2 and BAFF/APRIL) from Leads Biolabs. MB",
    "link": "https://investor.dianthustx.com/static-files/b4086cd5-3f17-4f1a-8e72-f912d88d98e2",
    "timestamp": "unknown"
  },
  {
    "title": "Licensing of DNTH212 (BDCA2 and BAFF/APRIL) from Leads Biolabs. MB",
    "link": "https://investor.dianthustx.com/static-files/b4086cd5-3f17-4f1a-8e72-f912d88d98e2",
    "timestamp": "unknown"
  },
  {
    "title": "Licensing of DNTH212 (BDCA2 and BAFF/APRIL) from Leads Biolabs. MB",
    "link": "https://investor.dianthustx.com/static-files/b4086cd5-3f17-4f1a-8e72-f912d88d98e2",
    "timestamp": "unknown"
  },
  {
    "title": "Licensing of DNTH212 (BDCA2 and BAFF/APRIL) from Leads Biolabs. MB",
    "link": "https://investor.dianthustx.com/static-files/b4086cd5-3f17-4f1a-8e72-f912d88d98e2",
    "timestamp": "unknown"
  },
  {
    "title": "Licensing of DNTH212 (BDCA2 and BAFF/APRIL) from Leads Biolabs. MB",
    "link": "https://investor.dianthustx.com/static-files/b4086cd5-3f17-4f1a-8e72-f912d88d98e2",
    "timestamp": "unknown"
  },
  {
    "title": "Licensing of DNTH212 (BDCA2 and BAFF/APRIL) from Leads Biolabs. MB",
    "link": "https://investor.dianthustx.com/static-files/b4086cd5-3f17-4f1a-8e72-f912d88d98e2",
    "timestamp": "unknown"
  },
  {
    "title": "Licensing of DNTH212 (BDCA2 and BAFF/APRIL) from Leads Biolabs. MB",
    "link": "https://investor.dianthustx.com/static-files/b4086cd5-3f17-4f1a-8e72-f912d88d98e2",
    "timestamp": "unknown"
  },
  {
    "title": "Licensing of DNTH212 (BDCA2 and BAFF/APRIL) from Leads Biolabs. MB",
    "link": "https://investor.dianthustx.com/static-files/b4086cd5-3f17-4f1a-8e72-f912d88d98e2",
    "timestamp": "unknown"
  },
  {
    "title": "Licensing of DNTH212 (BDCA2 and BAFF/APRIL) from Leads Biolabs. MB",
    "link": "https://investor.dianthustx.com/static-files/b4086cd5-3f17-4f1a-8e72-f912d88d98e2",
    "timestamp": "unknown"
  },
  {
    "title": "Dianthus Therapeutics Ph.  MaGic Data Investor WebcastSep ,EDTWebcastClaseprubart Phase  MaGic Data Presentation. MB",
    "link": "https://investor.dianthustx.com/events/event-details/dianthus-therapeutics-ph--magic-data-investor-webcast",
    "timestamp": "unknown"
  },
  {
    "title": "Dianthus Therapeutics Ph.  MaGic Data Investor WebcastSep ,EDTWebcastClaseprubart Phase  MaGic Data Presentation. MB",
    "link": "https://investor.dianthustx.com/events/event-details/dianthus-therapeutics-ph--magic-data-investor-webcast",
    "timestamp": "unknown"
  },
  {
    "title": "Dianthus Therapeutics Ph.  MaGic Data Investor WebcastSep ,EDT",
    "link": "https://investor.dianthustx.com/events/event-details/dianthus-therapeutics-ph--magic-data-investor-webcast",
    "timestamp": "unknown"
  },
  {
    "title": "Dianthus Therapeutics Ph.  MaGic Data Investor WebcastSep ,EDT",
    "link": "https://investor.dianthustx.com/events/event-details/dianthus-therapeutics-ph--magic-data-investor-webcast",
    "timestamp": "unknown"
  },
  {
    "title": "Dianthus Therapeutics Ph.  MaGic Data Investor WebcastSep ,EDT",
    "link": "https://investor.dianthustx.com/events/event-details/dianthus-therapeutics-ph--magic-data-investor-webcast",
    "timestamp": "unknown"
  },
  {
    "title": "Dianthus Therapeutics Ph.  MaGic Data Investor WebcastSep ,EDT",
    "link": "https://investor.dianthustx.com/events/event-details/dianthus-therapeutics-ph--magic-data-investor-webcast",
    "timestamp": "unknown"
  },
  {
    "title": "Dianthus Therapeutics Ph.  MaGic Data Investor Webcast",
    "link": "https://investor.dianthustx.com/events/event-details/dianthus-therapeutics-ph--magic-data-investor-webcast",
    "timestamp": "unknown"
  },
  {
    "title": "Dianthus Therapeutics Ph.  MaGic Data Investor Webcast",
    "link": "https://investor.dianthustx.com/events/event-details/dianthus-therapeutics-ph--magic-data-investor-webcast",
    "timestamp": "unknown"
  },
  {
    "title": "Dianthus Therapeutics Ph.  MaGic Data Investor Webcast",
    "link": "https://investor.dianthustx.com/events/event-details/dianthus-therapeutics-ph--magic-data-investor-webcast",
    "timestamp": "unknown"
  },
  {
    "title": "WebcastClaseprubart Phase  MaGic Data Presentation. MB",
    "link": "https://edge.media-server.com/mmc/p/dpx72e7u",
    "timestamp": "unknown"
  },
  {
    "title": "Webcast",
    "link": "https://edge.media-server.com/mmc/p/dpx72e7u",
    "timestamp": "unknown"
  },
  {
    "title": "Webcast",
    "link": "https://edge.media-server.com/mmc/p/dpx72e7u",
    "timestamp": "unknown"
  },
  {
    "title": "Webcast",
    "link": "https://edge.media-server.com/mmc/p/dpx72e7u",
    "timestamp": "unknown"
  },
  {
    "title": "Claseprubart Phase  MaGic Data Presentation. MB",
    "link": "https://investor.dianthustx.com/static-files/d4b3f9b0-291e-4c2f-851e-a8eae24f918c",
    "timestamp": "unknown"
  },
  {
    "title": "Claseprubart Phase  MaGic Data Presentation. MB",
    "link": "https://investor.dianthustx.com/static-files/d4b3f9b0-291e-4c2f-851e-a8eae24f918c",
    "timestamp": "unknown"
  },
  {
    "title": "Claseprubart Phase  MaGic Data Presentation. MB",
    "link": "https://investor.dianthustx.com/static-files/d4b3f9b0-291e-4c2f-851e-a8eae24f918c",
    "timestamp": "unknown"
  },
  {
    "title": "Claseprubart Phase  MaGic Data Presentation. MB",
    "link": "https://investor.dianthustx.com/static-files/d4b3f9b0-291e-4c2f-851e-a8eae24f918c",
    "timestamp": "unknown"
  },
  {
    "title": "Claseprubart Phase  MaGic Data Presentation. MB",
    "link": "https://investor.dianthustx.com/static-files/d4b3f9b0-291e-4c2f-851e-a8eae24f918c",
    "timestamp": "unknown"
  },
  {
    "title": "Claseprubart Phase  MaGic Data Presentation. MB",
    "link": "https://investor.dianthustx.com/static-files/d4b3f9b0-291e-4c2f-851e-a8eae24f918c",
    "timestamp": "unknown"
  },
  {
    "title": "Claseprubart Phase  MaGic Data Presentation. MB",
    "link": "https://investor.dianthustx.com/static-files/d4b3f9b0-291e-4c2f-851e-a8eae24f918c",
    "timestamp": "unknown"
  },
  {
    "title": "Claseprubart Phase  MaGic Data Presentation. MB",
    "link": "https://investor.dianthustx.com/static-files/d4b3f9b0-291e-4c2f-851e-a8eae24f918c",
    "timestamp": "unknown"
  },
  {
    "title": "Claseprubart Phase  MaGic Data Presentation. MB",
    "link": "https://investor.dianthustx.com/static-files/d4b3f9b0-291e-4c2f-851e-a8eae24f918c",
    "timestamp": "unknown"
  },
  {
    "title": "Claseprubart Phase  MaGic Data Presentation. MB",
    "link": "https://investor.dianthustx.com/static-files/d4b3f9b0-291e-4c2f-851e-a8eae24f918c",
    "timestamp": "unknown"
  },
  {
    "title": "Jefferies Global Healthcare ConferenceJun ,EDTWebcast",
    "link": "https://investor.dianthustx.com/events/event-details/jefferies-global-healthcare-conference-",
    "timestamp": "unknown"
  },
  {
    "title": "Jefferies Global Healthcare ConferenceJun ,EDTWebcast",
    "link": "https://investor.dianthustx.com/events/event-details/jefferies-global-healthcare-conference-",
    "timestamp": "unknown"
  },
  {
    "title": "Jefferies Global Healthcare ConferenceJun ,EDT",
    "link": "https://investor.dianthustx.com/events/event-details/jefferies-global-healthcare-conference-",
    "timestamp": "unknown"
  },
  {
    "title": "Jefferies Global Healthcare ConferenceJun ,EDT",
    "link": "https://investor.dianthustx.com/events/event-details/jefferies-global-healthcare-conference-",
    "timestamp": "unknown"
  },
  {
    "title": "Jefferies Global Healthcare ConferenceJun ,EDT",
    "link": "https://investor.dianthustx.com/events/event-details/jefferies-global-healthcare-conference-",
    "timestamp": "unknown"
  },
  {
    "title": "Jefferies Global Healthcare ConferenceJun ,EDT",
    "link": "https://investor.dianthustx.com/events/event-details/jefferies-global-healthcare-conference-",
    "timestamp": "unknown"
  },
  {
    "title": "Jefferies Global Healthcare Conference",
    "link": "https://investor.dianthustx.com/events/event-details/jefferies-global-healthcare-conference-",
    "timestamp": "unknown"
  },
  {
    "title": "Jefferies Global Healthcare Conference",
    "link": "https://investor.dianthustx.com/events/event-details/jefferies-global-healthcare-conference-",
    "timestamp": "unknown"
  },
  {
    "title": "Jefferies Global Healthcare Conference",
    "link": "https://investor.dianthustx.com/events/event-details/jefferies-global-healthcare-conference-",
    "timestamp": "unknown"
  },
  {
    "title": "Webcast",
    "link": "https://wsw.com/webcast/jeff319/register.aspx?conf=jeff319&page=dnth&url=https%3A//wsw.com/webcast/jeff319/dnth/",
    "timestamp": "unknown"
  },
  {
    "title": "Webcast",
    "link": "https://wsw.com/webcast/jeff319/register.aspx?conf=jeff319&page=dnth&url=https%3A//wsw.com/webcast/jeff319/dnth/",
    "timestamp": "unknown"
  },
  {
    "title": "Webcast",
    "link": "https://wsw.com/webcast/jeff319/register.aspx?conf=jeff319&page=dnth&url=https%3A//wsw.com/webcast/jeff319/dnth/",
    "timestamp": "unknown"
  },
  {
    "title": "Webcast",
    "link": "https://wsw.com/webcast/jeff319/register.aspx?conf=jeff319&page=dnth&url=https%3A//wsw.com/webcast/jeff319/dnth/",
    "timestamp": "unknown"
  },
  {
    "title": "Bank of America  Health Care ConferenceMay ,EDTWebcast",
    "link": "https://investor.dianthustx.com/events/event-details/bank-america--health-care-conference",
    "timestamp": "unknown"
  },
  {
    "title": "Bank of America  Health Care ConferenceMay ,EDTWebcast",
    "link": "https://investor.dianthustx.com/events/event-details/bank-america--health-care-conference",
    "timestamp": "unknown"
  },
  {
    "title": "Bank of America  Health Care ConferenceMay ,EDT",
    "link": "https://investor.dianthustx.com/events/event-details/bank-america--health-care-conference",
    "timestamp": "unknown"
  },
  {
    "title": "Bank of America  Health Care ConferenceMay ,EDT",
    "link": "https://investor.dianthustx.com/events/event-details/bank-america--health-care-conference",
    "timestamp": "unknown"
  },
  {
    "title": "Bank of America  Health Care ConferenceMay ,EDT",
    "link": "https://investor.dianthustx.com/events/event-details/bank-america--health-care-conference",
    "timestamp": "unknown"
  },
  {
    "title": "Bank of America  Health Care ConferenceMay ,EDT",
    "link": "https://investor.dianthustx.com/events/event-details/bank-america--health-care-conference",
    "timestamp": "unknown"
  },
  {
    "title": "Bank of America  Health Care Conference",
    "link": "https://investor.dianthustx.com/events/event-details/bank-america--health-care-conference",
    "timestamp": "unknown"
  },
  {
    "title": "Bank of America  Health Care Conference",
    "link": "https://investor.dianthustx.com/events/event-details/bank-america--health-care-conference",
    "timestamp": "unknown"
  },
  {
    "title": "Bank of America  Health Care Conference",
    "link": "https://investor.dianthustx.com/events/event-details/bank-america--health-care-conference",
    "timestamp": "unknown"
  },
  {
    "title": "Webcast",
    "link": "https://bofa.veracast.com/webcasts/bofa/healthcare2025/id6oe5kF.cfm",
    "timestamp": "unknown"
  },
  {
    "title": "Webcast",
    "link": "https://bofa.veracast.com/webcasts/bofa/healthcare2025/id6oe5kF.cfm",
    "timestamp": "unknown"
  },
  {
    "title": "Webcast",
    "link": "https://bofa.veracast.com/webcasts/bofa/healthcare2025/id6oe5kF.cfm",
    "timestamp": "unknown"
  },
  {
    "title": "Webcast",
    "link": "https://bofa.veracast.com/webcasts/bofa/healthcare2025/id6oe5kF.cfm",
    "timestamp": "unknown"
  },
  {
    "title": "Baird Biotech Discovery SeriesMay ,EDTWebcast",
    "link": "https://investor.dianthustx.com/events/event-details/baird-biotech-discovery-series",
    "timestamp": "unknown"
  },
  {
    "title": "Baird Biotech Discovery SeriesMay ,EDTWebcast",
    "link": "https://investor.dianthustx.com/events/event-details/baird-biotech-discovery-series",
    "timestamp": "unknown"
  },
  {
    "title": "Baird Biotech Discovery SeriesMay ,EDT",
    "link": "https://investor.dianthustx.com/events/event-details/baird-biotech-discovery-series",
    "timestamp": "unknown"
  },
  {
    "title": "Baird Biotech Discovery SeriesMay ,EDT",
    "link": "https://investor.dianthustx.com/events/event-details/baird-biotech-discovery-series",
    "timestamp": "unknown"
  },
  {
    "title": "Baird Biotech Discovery SeriesMay ,EDT",
    "link": "https://investor.dianthustx.com/events/event-details/baird-biotech-discovery-series",
    "timestamp": "unknown"
  },
  {
    "title": "Baird Biotech Discovery SeriesMay ,EDT",
    "link": "https://investor.dianthustx.com/events/event-details/baird-biotech-discovery-series",
    "timestamp": "unknown"
  },
  {
    "title": "Baird Biotech Discovery Series",
    "link": "https://investor.dianthustx.com/events/event-details/baird-biotech-discovery-series",
    "timestamp": "unknown"
  },
  {
    "title": "Baird Biotech Discovery Series",
    "link": "https://investor.dianthustx.com/events/event-details/baird-biotech-discovery-series",
    "timestamp": "unknown"
  },
  {
    "title": "Baird Biotech Discovery Series",
    "link": "https://investor.dianthustx.com/events/event-details/baird-biotech-discovery-series",
    "timestamp": "unknown"
  },
  {
    "title": "Webcast",
    "link": "https://goto.webcasts.com/starthere.jsp?ei=&tp_key=fdc59e5a32",
    "timestamp": "unknown"
  },
  {
    "title": "Webcast",
    "link": "https://goto.webcasts.com/starthere.jsp?ei=&tp_key=fdc59e5a32",
    "timestamp": "unknown"
  },
  {
    "title": "Webcast",
    "link": "https://goto.webcasts.com/starthere.jsp?ei=&tp_key=fdc59e5a32",
    "timestamp": "unknown"
  },
  {
    "title": "Webcast",
    "link": "https://goto.webcasts.com/starthere.jsp?ei=&tp_key=fdc59e5a32",
    "timestamp": "unknown"
  },
  {
    "title": "TD Cowen 45th Annual Health Care ConferenceMar ,ESTWebcast",
    "link": "https://investor.dianthustx.com/events/event-details/td-cowen-45th-annual-health-care-conference",
    "timestamp": "unknown"
  },
  {
    "title": "TD Cowen 45th Annual Health Care ConferenceMar ,ESTWebcast",
    "link": "https://investor.dianthustx.com/events/event-details/td-cowen-45th-annual-health-care-conference",
    "timestamp": "unknown"
  },
  {
    "title": "TD Cowen 45th Annual Health Care ConferenceMar ,EST",
    "link": "https://investor.dianthustx.com/events/event-details/td-cowen-45th-annual-health-care-conference",
    "timestamp": "unknown"
  },
  {
    "title": "TD Cowen 45th Annual Health Care ConferenceMar ,EST",
    "link": "https://investor.dianthustx.com/events/event-details/td-cowen-45th-annual-health-care-conference",
    "timestamp": "unknown"
  },
  {
    "title": "TD Cowen 45th Annual Health Care ConferenceMar ,EST",
    "link": "https://investor.dianthustx.com/events/event-details/td-cowen-45th-annual-health-care-conference",
    "timestamp": "unknown"
  },
  {
    "title": "TD Cowen 45th Annual Health Care ConferenceMar ,EST",
    "link": "https://investor.dianthustx.com/events/event-details/td-cowen-45th-annual-health-care-conference",
    "timestamp": "unknown"
  },
  {
    "title": "TD Cowen 45th Annual Health Care Conference",
    "link": "https://investor.dianthustx.com/events/event-details/td-cowen-45th-annual-health-care-conference",
    "timestamp": "unknown"
  },
  {
    "title": "TD Cowen 45th Annual Health Care Conference",
    "link": "https://investor.dianthustx.com/events/event-details/td-cowen-45th-annual-health-care-conference",
    "timestamp": "unknown"
  },
  {
    "title": "TD Cowen 45th Annual Health Care Conference",
    "link": "https://investor.dianthustx.com/events/event-details/td-cowen-45th-annual-health-care-conference",
    "timestamp": "unknown"
  },
  {
    "title": "Webcast",
    "link": "https://wsw.com/webcast/cowen177/dnth/",
    "timestamp": "unknown"
  },
  {
    "title": "Webcast",
    "link": "https://wsw.com/webcast/cowen177/dnth/",
    "timestamp": "unknown"
  },
  {
    "title": "Webcast",
    "link": "https://wsw.com/webcast/cowen177/dnth/",
    "timestamp": "unknown"
  },
  {
    "title": "Webcast",
    "link": "https://wsw.com/webcast/cowen177/dnth/",
    "timestamp": "unknown"
  },
  {
    "title": "Oppenheimer 35th Annual Healthcare Life Sciences ConferenceFeb ,ESTWebcast",
    "link": "https://investor.dianthustx.com/events/event-details/oppenheimer-35th-annual-healthcare-life-sciences-conference",
    "timestamp": "unknown"
  },
  {
    "title": "Oppenheimer 35th Annual Healthcare Life Sciences ConferenceFeb ,ESTWebcast",
    "link": "https://investor.dianthustx.com/events/event-details/oppenheimer-35th-annual-healthcare-life-sciences-conference",
    "timestamp": "unknown"
  },
  {
    "title": "Oppenheimer 35th Annual Healthcare Life Sciences ConferenceFeb ,EST",
    "link": "https://investor.dianthustx.com/events/event-details/oppenheimer-35th-annual-healthcare-life-sciences-conference",
    "timestamp": "unknown"
  },
  {
    "title": "Oppenheimer 35th Annual Healthcare Life Sciences ConferenceFeb ,EST",
    "link": "https://investor.dianthustx.com/events/event-details/oppenheimer-35th-annual-healthcare-life-sciences-conference",
    "timestamp": "unknown"
  },
  {
    "title": "Oppenheimer 35th Annual Healthcare Life Sciences ConferenceFeb ,EST",
    "link": "https://investor.dianthustx.com/events/event-details/oppenheimer-35th-annual-healthcare-life-sciences-conference",
    "timestamp": "unknown"
  },
  {
    "title": "Oppenheimer 35th Annual Healthcare Life Sciences ConferenceFeb ,EST",
    "link": "https://investor.dianthustx.com/events/event-details/oppenheimer-35th-annual-healthcare-life-sciences-conference",
    "timestamp": "unknown"
  },
  {
    "title": "Oppenheimer 35th Annual Healthcare Life Sciences Conference",
    "link": "https://investor.dianthustx.com/events/event-details/oppenheimer-35th-annual-healthcare-life-sciences-conference",
    "timestamp": "unknown"
  },
  {
    "title": "Oppenheimer 35th Annual Healthcare Life Sciences Conference",
    "link": "https://investor.dianthustx.com/events/event-details/oppenheimer-35th-annual-healthcare-life-sciences-conference",
    "timestamp": "unknown"
  },
  {
    "title": "Oppenheimer 35th Annual Healthcare Life Sciences Conference",
    "link": "https://investor.dianthustx.com/events/event-details/oppenheimer-35th-annual-healthcare-life-sciences-conference",
    "timestamp": "unknown"
  },
  {
    "title": "Webcast",
    "link": "https://wsw.com/webcast/oppenheimer39/dnth/",
    "timestamp": "unknown"
  },
  {
    "title": "Webcast",
    "link": "https://wsw.com/webcast/oppenheimer39/dnth/",
    "timestamp": "unknown"
  },
  {
    "title": "Webcast",
    "link": "https://wsw.com/webcast/oppenheimer39/dnth/",
    "timestamp": "unknown"
  },
  {
    "title": "Webcast",
    "link": "https://wsw.com/webcast/oppenheimer39/dnth/",
    "timestamp": "unknown"
  },
  {
    "title": "Guggenheim SMID Cap Biotech ConferenceFeb ,ESTWebcast",
    "link": "https://investor.dianthustx.com/events/event-details/guggenheim-smid-cap-biotech-conference",
    "timestamp": "unknown"
  },
  {
    "title": "Guggenheim SMID Cap Biotech ConferenceFeb ,ESTWebcast",
    "link": "https://investor.dianthustx.com/events/event-details/guggenheim-smid-cap-biotech-conference",
    "timestamp": "unknown"
  },
  {
    "title": "Guggenheim SMID Cap Biotech ConferenceFeb ,EST",
    "link": "https://investor.dianthustx.com/events/event-details/guggenheim-smid-cap-biotech-conference",
    "timestamp": "unknown"
  },
  {
    "title": "Guggenheim SMID Cap Biotech ConferenceFeb ,EST",
    "link": "https://investor.dianthustx.com/events/event-details/guggenheim-smid-cap-biotech-conference",
    "timestamp": "unknown"
  },
  {
    "title": "Guggenheim SMID Cap Biotech ConferenceFeb ,EST",
    "link": "https://investor.dianthustx.com/events/event-details/guggenheim-smid-cap-biotech-conference",
    "timestamp": "unknown"
  },
  {
    "title": "Guggenheim SMID Cap Biotech ConferenceFeb ,EST",
    "link": "https://investor.dianthustx.com/events/event-details/guggenheim-smid-cap-biotech-conference",
    "timestamp": "unknown"
  },
  {
    "title": "Guggenheim SMID Cap Biotech Conference",
    "link": "https://investor.dianthustx.com/events/event-details/guggenheim-smid-cap-biotech-conference",
    "timestamp": "unknown"
  },
  {
    "title": "Guggenheim SMID Cap Biotech Conference",
    "link": "https://investor.dianthustx.com/events/event-details/guggenheim-smid-cap-biotech-conference",
    "timestamp": "unknown"
  },
  {
    "title": "Guggenheim SMID Cap Biotech Conference",
    "link": "https://investor.dianthustx.com/events/event-details/guggenheim-smid-cap-biotech-conference",
    "timestamp": "unknown"
  },
  {
    "title": "Webcast",
    "link": "https://wsw.com/webcast/guggen2/dnth/",
    "timestamp": "unknown"
  },
  {
    "title": "Webcast",
    "link": "https://wsw.com/webcast/guggen2/dnth/",
    "timestamp": "unknown"
  },
  {
    "title": "Webcast",
    "link": "https://wsw.com/webcast/guggen2/dnth/",
    "timestamp": "unknown"
  },
  {
    "title": "Webcast",
    "link": "https://wsw.com/webcast/guggen2/dnth/",
    "timestamp": "unknown"
  },
  {
    "title": "43rd Annual J.P. Morgan Healthcare ConferenceJan ,ESTWebcast",
    "link": "https://investor.dianthustx.com/events/event-details/43rd-annual-jp-morgan-healthcare-conference",
    "timestamp": "unknown"
  },
  {
    "title": "43rd Annual J.P. Morgan Healthcare ConferenceJan ,ESTWebcast",
    "link": "https://investor.dianthustx.com/events/event-details/43rd-annual-jp-morgan-healthcare-conference",
    "timestamp": "unknown"
  },
  {
    "title": "43rd Annual J.P. Morgan Healthcare ConferenceJan ,EST",
    "link": "https://investor.dianthustx.com/events/event-details/43rd-annual-jp-morgan-healthcare-conference",
    "timestamp": "unknown"
  },
  {
    "title": "43rd Annual J.P. Morgan Healthcare ConferenceJan ,EST",
    "link": "https://investor.dianthustx.com/events/event-details/43rd-annual-jp-morgan-healthcare-conference",
    "timestamp": "unknown"
  },
  {
    "title": "43rd Annual J.P. Morgan Healthcare ConferenceJan ,EST",
    "link": "https://investor.dianthustx.com/events/event-details/43rd-annual-jp-morgan-healthcare-conference",
    "timestamp": "unknown"
  },
  {
    "title": "43rd Annual J.P. Morgan Healthcare ConferenceJan ,EST",
    "link": "https://investor.dianthustx.com/events/event-details/43rd-annual-jp-morgan-healthcare-conference",
    "timestamp": "unknown"
  },
  {
    "title": "43rd Annual J.P. Morgan Healthcare Conference",
    "link": "https://investor.dianthustx.com/events/event-details/43rd-annual-jp-morgan-healthcare-conference",
    "timestamp": "unknown"
  },
  {
    "title": "43rd Annual J.P. Morgan Healthcare Conference",
    "link": "https://investor.dianthustx.com/events/event-details/43rd-annual-jp-morgan-healthcare-conference",
    "timestamp": "unknown"
  },
  {
    "title": "43rd Annual J.P. Morgan Healthcare Conference",
    "link": "https://investor.dianthustx.com/events/event-details/43rd-annual-jp-morgan-healthcare-conference",
    "timestamp": "unknown"
  },
  {
    "title": "Webcast",
    "link": "https://jpmorgan.metameetings.net/events/healthcare25/sessions/-dianthus-therapeutics-inc/webcast?gpu_only=true&kiosk=true",
    "timestamp": "unknown"
  },
  {
    "title": "Webcast",
    "link": "https://jpmorgan.metameetings.net/events/healthcare25/sessions/-dianthus-therapeutics-inc/webcast?gpu_only=true&kiosk=true",
    "timestamp": "unknown"
  },
  {
    "title": "Webcast",
    "link": "https://jpmorgan.metameetings.net/events/healthcare25/sessions/-dianthus-therapeutics-inc/webcast?gpu_only=true&kiosk=true",
    "timestamp": "unknown"
  },
  {
    "title": "Webcast",
    "link": "https://jpmorgan.metameetings.net/events/healthcare25/sessions/-dianthus-therapeutics-inc/webcast?gpu_only=true&kiosk=true",
    "timestamp": "unknown"
  },
  {
    "title": "7th Annual Evercore HealthCONx ConferenceDec ,ESTWebcast",
    "link": "https://investor.dianthustx.com/events/event-details/7th-annual-evercore-healthconx-conference",
    "timestamp": "unknown"
  },
  {
    "title": "7th Annual Evercore HealthCONx ConferenceDec ,ESTWebcast",
    "link": "https://investor.dianthustx.com/events/event-details/7th-annual-evercore-healthconx-conference",
    "timestamp": "unknown"
  },
  {
    "title": "7th Annual Evercore HealthCONx ConferenceDec ,EST",
    "link": "https://investor.dianthustx.com/events/event-details/7th-annual-evercore-healthconx-conference",
    "timestamp": "unknown"
  },
  {
    "title": "7th Annual Evercore HealthCONx ConferenceDec ,EST",
    "link": "https://investor.dianthustx.com/events/event-details/7th-annual-evercore-healthconx-conference",
    "timestamp": "unknown"
  },
  {
    "title": "7th Annual Evercore HealthCONx ConferenceDec ,EST",
    "link": "https://investor.dianthustx.com/events/event-details/7th-annual-evercore-healthconx-conference",
    "timestamp": "unknown"
  },
  {
    "title": "7th Annual Evercore HealthCONx ConferenceDec ,EST",
    "link": "https://investor.dianthustx.com/events/event-details/7th-annual-evercore-healthconx-conference",
    "timestamp": "unknown"
  },
  {
    "title": "7th Annual Evercore HealthCONx Conference",
    "link": "https://investor.dianthustx.com/events/event-details/7th-annual-evercore-healthconx-conference",
    "timestamp": "unknown"
  },
  {
    "title": "7th Annual Evercore HealthCONx Conference",
    "link": "https://investor.dianthustx.com/events/event-details/7th-annual-evercore-healthconx-conference",
    "timestamp": "unknown"
  },
  {
    "title": "7th Annual Evercore HealthCONx Conference",
    "link": "https://investor.dianthustx.com/events/event-details/7th-annual-evercore-healthconx-conference",
    "timestamp": "unknown"
  },
  {
    "title": "Webcast",
    "link": "https://wsw.com/webcast/evercore44/dnth/",
    "timestamp": "unknown"
  },
  {
    "title": "Webcast",
    "link": "https://wsw.com/webcast/evercore44/dnth/",
    "timestamp": "unknown"
  },
  {
    "title": "Webcast",
    "link": "https://wsw.com/webcast/evercore44/dnth/",
    "timestamp": "unknown"
  },
  {
    "title": "Webcast",
    "link": "https://wsw.com/webcast/evercore44/dnth/",
    "timestamp": "unknown"
  },
  {
    "title": "Jefferies Global Healthcare ConferenceNov ,GMTWebcast",
    "link": "https://investor.dianthustx.com/events/event-details/jefferies-global-healthcare-conference-",
    "timestamp": "unknown"
  },
  {
    "title": "Jefferies Global Healthcare ConferenceNov ,GMTWebcast",
    "link": "https://investor.dianthustx.com/events/event-details/jefferies-global-healthcare-conference-",
    "timestamp": "unknown"
  },
  {
    "title": "Jefferies Global Healthcare ConferenceNov ,GMT",
    "link": "https://investor.dianthustx.com/events/event-details/jefferies-global-healthcare-conference-",
    "timestamp": "unknown"
  },
  {
    "title": "Jefferies Global Healthcare ConferenceNov ,GMT",
    "link": "https://investor.dianthustx.com/events/event-details/jefferies-global-healthcare-conference-",
    "timestamp": "unknown"
  },
  {
    "title": "Jefferies Global Healthcare ConferenceNov ,GMT",
    "link": "https://investor.dianthustx.com/events/event-details/jefferies-global-healthcare-conference-",
    "timestamp": "unknown"
  },
  {
    "title": "Jefferies Global Healthcare ConferenceNov ,GMT",
    "link": "https://investor.dianthustx.com/events/event-details/jefferies-global-healthcare-conference-",
    "timestamp": "unknown"
  },
  {
    "title": "Jefferies Global Healthcare Conference",
    "link": "https://investor.dianthustx.com/events/event-details/jefferies-global-healthcare-conference-",
    "timestamp": "unknown"
  },
  {
    "title": "Jefferies Global Healthcare Conference",
    "link": "https://investor.dianthustx.com/events/event-details/jefferies-global-healthcare-conference-",
    "timestamp": "unknown"
  },
  {
    "title": "Jefferies Global Healthcare Conference",
    "link": "https://investor.dianthustx.com/events/event-details/jefferies-global-healthcare-conference-",
    "timestamp": "unknown"
  },
  {
    "title": "Webcast",
    "link": "https://wsw.com/webcast/jeff315/dnth/",
    "timestamp": "unknown"
  },
  {
    "title": "Webcast",
    "link": "https://wsw.com/webcast/jeff315/dnth/",
    "timestamp": "unknown"
  },
  {
    "title": "Webcast",
    "link": "https://wsw.com/webcast/jeff315/dnth/",
    "timestamp": "unknown"
  },
  {
    "title": "Webcast",
    "link": "https://wsw.com/webcast/jeff315/dnth/",
    "timestamp": "unknown"
  },
  {
    "title": "Guggenheim Healthcare Innovation ConferenceNov ,ESTWebcast",
    "link": "https://investor.dianthustx.com/events/event-details/guggenheim-healthcare-innovation-conference",
    "timestamp": "unknown"
  },
  {
    "title": "Guggenheim Healthcare Innovation ConferenceNov ,ESTWebcast",
    "link": "https://investor.dianthustx.com/events/event-details/guggenheim-healthcare-innovation-conference",
    "timestamp": "unknown"
  },
  {
    "title": "Guggenheim Healthcare Innovation ConferenceNov ,EST",
    "link": "https://investor.dianthustx.com/events/event-details/guggenheim-healthcare-innovation-conference",
    "timestamp": "unknown"
  },
  {
    "title": "Guggenheim Healthcare Innovation ConferenceNov ,EST",
    "link": "https://investor.dianthustx.com/events/event-details/guggenheim-healthcare-innovation-conference",
    "timestamp": "unknown"
  },
  {
    "title": "Guggenheim Healthcare Innovation ConferenceNov ,EST",
    "link": "https://investor.dianthustx.com/events/event-details/guggenheim-healthcare-innovation-conference",
    "timestamp": "unknown"
  },
  {
    "title": "Guggenheim Healthcare Innovation ConferenceNov ,EST",
    "link": "https://investor.dianthustx.com/events/event-details/guggenheim-healthcare-innovation-conference",
    "timestamp": "unknown"
  },
  {
    "title": "Guggenheim Healthcare Innovation Conference",
    "link": "https://investor.dianthustx.com/events/event-details/guggenheim-healthcare-innovation-conference",
    "timestamp": "unknown"
  },
  {
    "title": "Guggenheim Healthcare Innovation Conference",
    "link": "https://investor.dianthustx.com/events/event-details/guggenheim-healthcare-innovation-conference",
    "timestamp": "unknown"
  },
  {
    "title": "Guggenheim Healthcare Innovation Conference",
    "link": "https://investor.dianthustx.com/events/event-details/guggenheim-healthcare-innovation-conference",
    "timestamp": "unknown"
  },
  {
    "title": "Webcast",
    "link": "https://wsw.com/webcast/guggen/dnth/",
    "timestamp": "unknown"
  },
  {
    "title": "Webcast",
    "link": "https://wsw.com/webcast/guggen/dnth/",
    "timestamp": "unknown"
  },
  {
    "title": "Webcast",
    "link": "https://wsw.com/webcast/guggen/dnth/",
    "timestamp": "unknown"
  },
  {
    "title": "Webcast",
    "link": "https://wsw.com/webcast/guggen/dnth/",
    "timestamp": "unknown"
  },
  {
    "title": "Stifel  Virtual Immunology and Inflammation SummitSep ,EDTWebcast",
    "link": "https://investor.dianthustx.com/events/event-details/stifel--virtual-immunology-and-inflammation-summit",
    "timestamp": "unknown"
  },
  {
    "title": "Stifel  Virtual Immunology and Inflammation SummitSep ,EDTWebcast",
    "link": "https://investor.dianthustx.com/events/event-details/stifel--virtual-immunology-and-inflammation-summit",
    "timestamp": "unknown"
  },
  {
    "title": "Stifel  Virtual Immunology and Inflammation SummitSep ,EDT",
    "link": "https://investor.dianthustx.com/events/event-details/stifel--virtual-immunology-and-inflammation-summit",
    "timestamp": "unknown"
  },
  {
    "title": "Stifel  Virtual Immunology and Inflammation SummitSep ,EDT",
    "link": "https://investor.dianthustx.com/events/event-details/stifel--virtual-immunology-and-inflammation-summit",
    "timestamp": "unknown"
  },
  {
    "title": "Stifel  Virtual Immunology and Inflammation SummitSep ,EDT",
    "link": "https://investor.dianthustx.com/events/event-details/stifel--virtual-immunology-and-inflammation-summit",
    "timestamp": "unknown"
  },
  {
    "title": "Stifel  Virtual Immunology and Inflammation SummitSep ,EDT",
    "link": "https://investor.dianthustx.com/events/event-details/stifel--virtual-immunology-and-inflammation-summit",
    "timestamp": "unknown"
  },
  {
    "title": "Stifel  Virtual Immunology and Inflammation Summit",
    "link": "https://investor.dianthustx.com/events/event-details/stifel--virtual-immunology-and-inflammation-summit",
    "timestamp": "unknown"
  },
  {
    "title": "Stifel  Virtual Immunology and Inflammation Summit",
    "link": "https://investor.dianthustx.com/events/event-details/stifel--virtual-immunology-and-inflammation-summit",
    "timestamp": "unknown"
  },
  {
    "title": "Stifel  Virtual Immunology and Inflammation Summit",
    "link": "https://investor.dianthustx.com/events/event-details/stifel--virtual-immunology-and-inflammation-summit",
    "timestamp": "unknown"
  },
  {
    "title": "Webcast",
    "link": "https://wsw.com/webcast/stifel95/dnth/",
    "timestamp": "unknown"
  },
  {
    "title": "Webcast",
    "link": "https://wsw.com/webcast/stifel95/dnth/",
    "timestamp": "unknown"
  },
  {
    "title": "Webcast",
    "link": "https://wsw.com/webcast/stifel95/dnth/",
    "timestamp": "unknown"
  },
  {
    "title": "Webcast",
    "link": "https://wsw.com/webcast/stifel95/dnth/",
    "timestamp": "unknown"
  },
  {
    "title": "Cantor  Global Healthcare ConferenceSep ,EDTWebcast",
    "link": "https://investor.dianthustx.com/events/event-details/cantor--global-healthcare-conference",
    "timestamp": "unknown"
  },
  {
    "title": "Cantor  Global Healthcare ConferenceSep ,EDTWebcast",
    "link": "https://investor.dianthustx.com/events/event-details/cantor--global-healthcare-conference",
    "timestamp": "unknown"
  },
  {
    "title": "Cantor  Global Healthcare ConferenceSep ,EDT",
    "link": "https://investor.dianthustx.com/events/event-details/cantor--global-healthcare-conference",
    "timestamp": "unknown"
  },
  {
    "title": "Cantor  Global Healthcare ConferenceSep ,EDT",
    "link": "https://investor.dianthustx.com/events/event-details/cantor--global-healthcare-conference",
    "timestamp": "unknown"
  },
  {
    "title": "Cantor  Global Healthcare ConferenceSep ,EDT",
    "link": "https://investor.dianthustx.com/events/event-details/cantor--global-healthcare-conference",
    "timestamp": "unknown"
  },
  {
    "title": "Cantor  Global Healthcare ConferenceSep ,EDT",
    "link": "https://investor.dianthustx.com/events/event-details/cantor--global-healthcare-conference",
    "timestamp": "unknown"
  },
  {
    "title": "Cantor  Global Healthcare Conference",
    "link": "https://investor.dianthustx.com/events/event-details/cantor--global-healthcare-conference",
    "timestamp": "unknown"
  },
  {
    "title": "Cantor  Global Healthcare Conference",
    "link": "https://investor.dianthustx.com/events/event-details/cantor--global-healthcare-conference",
    "timestamp": "unknown"
  },
  {
    "title": "Cantor  Global Healthcare Conference",
    "link": "https://investor.dianthustx.com/events/event-details/cantor--global-healthcare-conference",
    "timestamp": "unknown"
  },
  {
    "title": "Webcast",
    "link": "https://wsw.com/webcast/cantor22/dnth/",
    "timestamp": "unknown"
  },
  {
    "title": "Webcast",
    "link": "https://wsw.com/webcast/cantor22/dnth/",
    "timestamp": "unknown"
  },
  {
    "title": "Webcast",
    "link": "https://wsw.com/webcast/cantor22/dnth/",
    "timestamp": "unknown"
  },
  {
    "title": "Webcast",
    "link": "https://wsw.com/webcast/cantor22/dnth/",
    "timestamp": "unknown"
  },
  {
    "title": "Jefferies Global Healthcare ConferenceJun ,EDTWebcast",
    "link": "https://investor.dianthustx.com/events/event-details/jefferies-global-healthcare-conference",
    "timestamp": "unknown"
  },
  {
    "title": "Jefferies Global Healthcare ConferenceJun ,EDTWebcast",
    "link": "https://investor.dianthustx.com/events/event-details/jefferies-global-healthcare-conference",
    "timestamp": "unknown"
  },
  {
    "title": "Jefferies Global Healthcare ConferenceJun ,EDT",
    "link": "https://investor.dianthustx.com/events/event-details/jefferies-global-healthcare-conference",
    "timestamp": "unknown"
  },
  {
    "title": "Jefferies Global Healthcare ConferenceJun ,EDT",
    "link": "https://investor.dianthustx.com/events/event-details/jefferies-global-healthcare-conference",
    "timestamp": "unknown"
  },
  {
    "title": "Jefferies Global Healthcare ConferenceJun ,EDT",
    "link": "https://investor.dianthustx.com/events/event-details/jefferies-global-healthcare-conference",
    "timestamp": "unknown"
  },
  {
    "title": "Jefferies Global Healthcare ConferenceJun ,EDT",
    "link": "https://investor.dianthustx.com/events/event-details/jefferies-global-healthcare-conference",
    "timestamp": "unknown"
  },
  {
    "title": "Jefferies Global Healthcare Conference",
    "link": "https://investor.dianthustx.com/events/event-details/jefferies-global-healthcare-conference",
    "timestamp": "unknown"
  },
  {
    "title": "Jefferies Global Healthcare Conference",
    "link": "https://investor.dianthustx.com/events/event-details/jefferies-global-healthcare-conference",
    "timestamp": "unknown"
  },
  {
    "title": "Jefferies Global Healthcare Conference",
    "link": "https://investor.dianthustx.com/events/event-details/jefferies-global-healthcare-conference",
    "timestamp": "unknown"
  },
  {
    "title": "Webcast",
    "link": "https://wsw.com/webcast/jeff302/dnth/",
    "timestamp": "unknown"
  },
  {
    "title": "Webcast",
    "link": "https://wsw.com/webcast/jeff302/dnth/",
    "timestamp": "unknown"
  },
  {
    "title": "Webcast",
    "link": "https://wsw.com/webcast/jeff302/dnth/",
    "timestamp": "unknown"
  },
  {
    "title": "Webcast",
    "link": "https://wsw.com/webcast/jeff302/dnth/",
    "timestamp": "unknown"
  },
  {
    "title": "Bank of America Securities  Health Care ConferenceMay ,PDTWebcast",
    "link": "https://investor.dianthustx.com/events/event-details/bank-america-securities--health-care-conference",
    "timestamp": "unknown"
  },
  {
    "title": "Bank of America Securities  Health Care ConferenceMay ,PDTWebcast",
    "link": "https://investor.dianthustx.com/events/event-details/bank-america-securities--health-care-conference",
    "timestamp": "unknown"
  },
  {
    "title": "Bank of America Securities  Health Care ConferenceMay ,PDT",
    "link": "https://investor.dianthustx.com/events/event-details/bank-america-securities--health-care-conference",
    "timestamp": "unknown"
  },
  {
    "title": "Bank of America Securities  Health Care ConferenceMay ,PDT",
    "link": "https://investor.dianthustx.com/events/event-details/bank-america-securities--health-care-conference",
    "timestamp": "unknown"
  },
  {
    "title": "Bank of America Securities  Health Care ConferenceMay ,PDT",
    "link": "https://investor.dianthustx.com/events/event-details/bank-america-securities--health-care-conference",
    "timestamp": "unknown"
  },
  {
    "title": "Bank of America Securities  Health Care ConferenceMay ,PDT",
    "link": "https://investor.dianthustx.com/events/event-details/bank-america-securities--health-care-conference",
    "timestamp": "unknown"
  },
  {
    "title": "Bank of America Securities  Health Care Conference",
    "link": "https://investor.dianthustx.com/events/event-details/bank-america-securities--health-care-conference",
    "timestamp": "unknown"
  },
  {
    "title": "Bank of America Securities  Health Care Conference",
    "link": "https://investor.dianthustx.com/events/event-details/bank-america-securities--health-care-conference",
    "timestamp": "unknown"
  },
  {
    "title": "Bank of America Securities  Health Care Conference",
    "link": "https://investor.dianthustx.com/events/event-details/bank-america-securities--health-care-conference",
    "timestamp": "unknown"
  },
  {
    "title": "Webcast",
    "link": "https://bofa.veracast.com/webcasts/bofa/healthcare2024/id7tZm0h.cfm",
    "timestamp": "unknown"
  },
  {
    "title": "Webcast",
    "link": "https://bofa.veracast.com/webcasts/bofa/healthcare2024/id7tZm0h.cfm",
    "timestamp": "unknown"
  },
  {
    "title": "Webcast",
    "link": "https://bofa.veracast.com/webcasts/bofa/healthcare2024/id7tZm0h.cfm",
    "timestamp": "unknown"
  },
  {
    "title": "Webcast",
    "link": "https://bofa.veracast.com/webcasts/bofa/healthcare2024/id7tZm0h.cfm",
    "timestamp": "unknown"
  },
  {
    "title": "TD Cowen 44th Annual Health Care ConferenceMar ,ESTWebcast",
    "link": "https://investor.dianthustx.com/events/event-details/td-cowen-44th-annual-health-care-conference",
    "timestamp": "unknown"
  },
  {
    "title": "TD Cowen 44th Annual Health Care ConferenceMar ,ESTWebcast",
    "link": "https://investor.dianthustx.com/events/event-details/td-cowen-44th-annual-health-care-conference",
    "timestamp": "unknown"
  },
  {
    "title": "TD Cowen 44th Annual Health Care ConferenceMar ,EST",
    "link": "https://investor.dianthustx.com/events/event-details/td-cowen-44th-annual-health-care-conference",
    "timestamp": "unknown"
  },
  {
    "title": "TD Cowen 44th Annual Health Care ConferenceMar ,EST",
    "link": "https://investor.dianthustx.com/events/event-details/td-cowen-44th-annual-health-care-conference",
    "timestamp": "unknown"
  },
  {
    "title": "TD Cowen 44th Annual Health Care ConferenceMar ,EST",
    "link": "https://investor.dianthustx.com/events/event-details/td-cowen-44th-annual-health-care-conference",
    "timestamp": "unknown"
  },
  {
    "title": "TD Cowen 44th Annual Health Care ConferenceMar ,EST",
    "link": "https://investor.dianthustx.com/events/event-details/td-cowen-44th-annual-health-care-conference",
    "timestamp": "unknown"
  },
  {
    "title": "TD Cowen 44th Annual Health Care Conference",
    "link": "https://investor.dianthustx.com/events/event-details/td-cowen-44th-annual-health-care-conference",
    "timestamp": "unknown"
  },
  {
    "title": "TD Cowen 44th Annual Health Care Conference",
    "link": "https://investor.dianthustx.com/events/event-details/td-cowen-44th-annual-health-care-conference",
    "timestamp": "unknown"
  },
  {
    "title": "TD Cowen 44th Annual Health Care Conference",
    "link": "https://investor.dianthustx.com/events/event-details/td-cowen-44th-annual-health-care-conference",
    "timestamp": "unknown"
  },
  {
    "title": "Webcast",
    "link": "https://wsw.com/webcast/cowen154/dnth/",
    "timestamp": "unknown"
  },
  {
    "title": "Webcast",
    "link": "https://wsw.com/webcast/cowen154/dnth/",
    "timestamp": "unknown"
  },
  {
    "title": "Webcast",
    "link": "https://wsw.com/webcast/cowen154/dnth/",
    "timestamp": "unknown"
  },
  {
    "title": "Webcast",
    "link": "https://wsw.com/webcast/cowen154/dnth/",
    "timestamp": "unknown"
  },
  {
    "title": "Guggenheim 6th Annual Biotechnology ConferenceFeb ,ESTWebcast",
    "link": "https://investor.dianthustx.com/events/event-details/guggenheim-6th-annual-biotechnology-conference",
    "timestamp": "unknown"
  },
  {
    "title": "Guggenheim 6th Annual Biotechnology ConferenceFeb ,ESTWebcast",
    "link": "https://investor.dianthustx.com/events/event-details/guggenheim-6th-annual-biotechnology-conference",
    "timestamp": "unknown"
  },
  {
    "title": "Guggenheim 6th Annual Biotechnology ConferenceFeb ,EST",
    "link": "https://investor.dianthustx.com/events/event-details/guggenheim-6th-annual-biotechnology-conference",
    "timestamp": "unknown"
  },
  {
    "title": "Guggenheim 6th Annual Biotechnology ConferenceFeb ,EST",
    "link": "https://investor.dianthustx.com/events/event-details/guggenheim-6th-annual-biotechnology-conference",
    "timestamp": "unknown"
  },
  {
    "title": "Guggenheim 6th Annual Biotechnology ConferenceFeb ,EST",
    "link": "https://investor.dianthustx.com/events/event-details/guggenheim-6th-annual-biotechnology-conference",
    "timestamp": "unknown"
  },
  {
    "title": "Guggenheim 6th Annual Biotechnology ConferenceFeb ,EST",
    "link": "https://investor.dianthustx.com/events/event-details/guggenheim-6th-annual-biotechnology-conference",
    "timestamp": "unknown"
  },
  {
    "title": "Guggenheim 6th Annual Biotechnology Conference",
    "link": "https://investor.dianthustx.com/events/event-details/guggenheim-6th-annual-biotechnology-conference",
    "timestamp": "unknown"
  },
  {
    "title": "Guggenheim 6th Annual Biotechnology Conference",
    "link": "https://investor.dianthustx.com/events/event-details/guggenheim-6th-annual-biotechnology-conference",
    "timestamp": "unknown"
  },
  {
    "title": "Guggenheim 6th Annual Biotechnology Conference",
    "link": "https://investor.dianthustx.com/events/event-details/guggenheim-6th-annual-biotechnology-conference",
    "timestamp": "unknown"
  },
  {
    "title": "Webcast",
    "link": "https://guggenheim.metameetings.net/events/guggenheimbiotech24/sessions/-dianthus-therapeutics-inc/webcast",
    "timestamp": "unknown"
  },
  {
    "title": "Webcast",
    "link": "https://guggenheim.metameetings.net/events/guggenheimbiotech24/sessions/-dianthus-therapeutics-inc/webcast",
    "timestamp": "unknown"
  },
  {
    "title": "Webcast",
    "link": "https://guggenheim.metameetings.net/events/guggenheimbiotech24/sessions/-dianthus-therapeutics-inc/webcast",
    "timestamp": "unknown"
  },
  {
    "title": "Webcast",
    "link": "https://guggenheim.metameetings.net/events/guggenheimbiotech24/sessions/-dianthus-therapeutics-inc/webcast",
    "timestamp": "unknown"
  },
  {
    "title": "42nd Annual J.P. Morgan Healthcare ConferenceJan ,EST",
    "link": "https://investor.dianthustx.com/events/event-details/42nd-annual-jp-morgan-healthcare-conference",
    "timestamp": "unknown"
  },
  {
    "title": "42nd Annual J.P. Morgan Healthcare ConferenceJan ,EST",
    "link": "https://investor.dianthustx.com/events/event-details/42nd-annual-jp-morgan-healthcare-conference",
    "timestamp": "unknown"
  },
  {
    "title": "42nd Annual J.P. Morgan Healthcare ConferenceJan ,EST",
    "link": "https://investor.dianthustx.com/events/event-details/42nd-annual-jp-morgan-healthcare-conference",
    "timestamp": "unknown"
  },
  {
    "title": "42nd Annual J.P. Morgan Healthcare ConferenceJan ,EST",
    "link": "https://investor.dianthustx.com/events/event-details/42nd-annual-jp-morgan-healthcare-conference",
    "timestamp": "unknown"
  },
  {
    "title": "42nd Annual J.P. Morgan Healthcare ConferenceJan ,EST",
    "link": "https://investor.dianthustx.com/events/event-details/42nd-annual-jp-morgan-healthcare-conference",
    "timestamp": "unknown"
  },
  {
    "title": "42nd Annual J.P. Morgan Healthcare ConferenceJan ,EST",
    "link": "https://investor.dianthustx.com/events/event-details/42nd-annual-jp-morgan-healthcare-conference",
    "timestamp": "unknown"
  },
  {
    "title": "42nd Annual J.P. Morgan Healthcare Conference",
    "link": "https://investor.dianthustx.com/events/event-details/42nd-annual-jp-morgan-healthcare-conference",
    "timestamp": "unknown"
  },
  {
    "title": "42nd Annual J.P. Morgan Healthcare Conference",
    "link": "https://investor.dianthustx.com/events/event-details/42nd-annual-jp-morgan-healthcare-conference",
    "timestamp": "unknown"
  },
  {
    "title": "42nd Annual J.P. Morgan Healthcare Conference",
    "link": "https://investor.dianthustx.com/events/event-details/42nd-annual-jp-morgan-healthcare-conference",
    "timestamp": "unknown"
  },
  {
    "title": "Dianthus TherapeuticsdraftsContact Usphone_iphone() -Subscribe to Our Email AlertsGet new updates directly to your inboxSubmit",
    "link": "mailto:ir@dianthustx.com",
    "timestamp": "unknown"
  },
  {
    "title": "Dianthus TherapeuticsdraftsContact Usphone_iphone() -Subscribe to Our Email AlertsGet new updates directly to your inboxSubmit",
    "link": "mailto:ir@dianthustx.com",
    "timestamp": "unknown"
  },
  {
    "title": "Dianthus TherapeuticsdraftsContact Usphone_iphone() -Subscribe to Our Email AlertsGet new updates directly to your inboxSubmit",
    "link": "mailto:ir@dianthustx.com",
    "timestamp": "unknown"
  },
  {
    "title": "Dianthus TherapeuticsdraftsContact Usphone_iphone() -",
    "link": "mailto:ir@dianthustx.com",
    "timestamp": "unknown"
  },
  {
    "title": "Dianthus TherapeuticsdraftsContact Usphone_iphone() -",
    "link": "mailto:ir@dianthustx.com",
    "timestamp": "unknown"
  },
  {
    "title": "Dianthus TherapeuticsdraftsContact Usphone_iphone() -",
    "link": "mailto:ir@dianthustx.com",
    "timestamp": "unknown"
  },
  {
    "title": "Dianthus TherapeuticsdraftsContact Usphone_iphone() -",
    "link": "mailto:ir@dianthustx.com",
    "timestamp": "unknown"
  },
  {
    "title": "Dianthus TherapeuticsdraftsContact Usphone_iphone() -",
    "link": "mailto:ir@dianthustx.com",
    "timestamp": "unknown"
  },
  {
    "title": "draftsContact Us",
    "link": "mailto:ir@dianthustx.com",
    "timestamp": "unknown"
  }
]