[
  {
    "title": "Investor RelationsOverviewNews & EventsPress ReleasesEvents & PresentationsScientific PublicationsFinancials & FilingsSEC FilingsAnnual MeetingStockSt",
    "link": "https://dianthustx.com/",
    "timestamp": "unknown"
  },
  {
    "title": "Investor RelationsOverviewNews & EventsPress ReleasesEvents & PresentationsScientific PublicationsFinancials & FilingsSEC FilingsAnnual MeetingStockSt",
    "link": "https://investor.dianthustx.com/investors-media",
    "timestamp": "unknown"
  },
  {
    "title": "Overview",
    "link": "https://investor.dianthustx.com/investors-media",
    "timestamp": "unknown"
  },
  {
    "title": "News & EventsPress ReleasesEvents & PresentationsScientific Publications",
    "link": "https://investor.dianthustx.com/news-events/press-releases",
    "timestamp": "unknown"
  },
  {
    "title": "Press Releases",
    "link": "https://investor.dianthustx.com/news-events/press-releases",
    "timestamp": "unknown"
  },
  {
    "title": "Events & Presentations",
    "link": "https://investor.dianthustx.com/news-events/events-presentations",
    "timestamp": "unknown"
  },
  {
    "title": "Scientific Publications",
    "link": "https://investor.dianthustx.com/scientific-publications",
    "timestamp": "unknown"
  },
  {
    "title": "Financials & FilingsSEC FilingsAnnual Meeting",
    "link": "https://investor.dianthustx.com/financials-filings/sec-filings",
    "timestamp": "unknown"
  },
  {
    "title": "SEC Filings",
    "link": "https://investor.dianthustx.com/financials-filings/sec-filings",
    "timestamp": "unknown"
  },
  {
    "title": "Annual Meeting",
    "link": "https://investor.dianthustx.com/ir-resources/annual-meeting",
    "timestamp": "unknown"
  },
  {
    "title": "StockStock Quote & ChartAnalyst Coverage",
    "link": "https://investor.dianthustx.com/stock-information/stock-quote-chart",
    "timestamp": "unknown"
  },
  {
    "title": "Stock Quote & Chart",
    "link": "https://investor.dianthustx.com/stock-information/stock-quote-chart",
    "timestamp": "unknown"
  },
  {
    "title": "Analyst Coverage",
    "link": "https://investor.dianthustx.com/stock-information/analyst-coverage",
    "timestamp": "unknown"
  },
  {
    "title": "GovernanceDocuments & ChartersManagement TeamBoard of DirectorsCommittee Composition",
    "link": "https://investor.dianthustx.com/corporate-governance/documents-charters",
    "timestamp": "unknown"
  },
  {
    "title": "Documents & Charters",
    "link": "https://investor.dianthustx.com/corporate-governance/documents-charters",
    "timestamp": "unknown"
  },
  {
    "title": "Management Team",
    "link": "https://investor.dianthustx.com/corporate-governance/management-team",
    "timestamp": "unknown"
  },
  {
    "title": "Board of Directors",
    "link": "https://investor.dianthustx.com/corporate-governance/board-of-directors",
    "timestamp": "unknown"
  },
  {
    "title": "Committee Composition",
    "link": "https://investor.dianthustx.com/corporate-governance/committee-composition",
    "timestamp": "unknown"
  },
  {
    "title": "IR ResourcesFAQsEmail AlertsContact",
    "link": "https://investor.dianthustx.com/ir-resources/faqs",
    "timestamp": "unknown"
  },
  {
    "title": "FAQs",
    "link": "https://investor.dianthustx.com/ir-resources/faqs",
    "timestamp": "unknown"
  },
  {
    "title": "Email Alerts",
    "link": "https://investor.dianthustx.com/ir-resources/email-alerts",
    "timestamp": "unknown"
  },
  {
    "title": "Contact",
    "link": "https://investor.dianthustx.com/ir-resources/contact",
    "timestamp": "unknown"
  },
  {
    "title": "SEC FilingsDianthus Therapeutics To Participate in the 8th Annual Evercore Healthcare ConferencePress Release",
    "link": "https://investor.dianthustx.com/news-releases/news-release-details/dianthus-therapeutics-participate-8th-annual-evercore-healthcare",
    "timestamp": "unknown"
  },
  {
    "title": "SEC FilingsDianthus Therapeutics To Participate in the 8th Annual Evercore Healthcare ConferencePress Release",
    "link": "https://investor.dianthustx.com/news-releases/news-release-details/dianthus-therapeutics-participate-8th-annual-evercore-healthcare",
    "timestamp": "unknown"
  },
  {
    "title": "SEC FilingsDianthus Therapeutics To Participate in the 8th Annual Evercore Healthcare ConferencePress Release",
    "link": "https://investor.dianthustx.com/news-releases/news-release-details/dianthus-therapeutics-participate-8th-annual-evercore-healthcare",
    "timestamp": "unknown"
  },
  {
    "title": "SEC FilingsDianthus Therapeutics To Participate in the 8th Annual Evercore Healthcare ConferencePress Release",
    "link": "https://investor.dianthustx.com/news-releases/news-release-details/dianthus-therapeutics-participate-8th-annual-evercore-healthcare",
    "timestamp": "unknown"
  },
  {
    "title": "Dianthus Therapeutics To Participate in the 8th Annual Evercore Healthcare ConferencePress Release",
    "link": "https://investor.dianthustx.com/news-releases/news-release-details/dianthus-therapeutics-participate-8th-annual-evercore-healthcare",
    "timestamp": "unknown"
  },
  {
    "title": "Dianthus Therapeutics To Participate in the 8th Annual Evercore Healthcare ConferencePress Release",
    "link": "https://investor.dianthustx.com/news-releases/news-release-details/dianthus-therapeutics-participate-8th-annual-evercore-healthcare",
    "timestamp": "unknown"
  },
  {
    "title": "Dianthus Therapeutics To Participate in the 8th Annual Evercore Healthcare ConferencePress Release",
    "link": "https://investor.dianthustx.com/news-releases/news-release-details/dianthus-therapeutics-participate-8th-annual-evercore-healthcare",
    "timestamp": "unknown"
  },
  {
    "title": "Dianthus Therapeutics To Participate in the 8th Annual Evercore Healthcare ConferencePress Release",
    "link": "https://investor.dianthustx.com/news-releases/news-release-details/dianthus-therapeutics-participate-8th-annual-evercore-healthcare",
    "timestamp": "unknown"
  },
  {
    "title": "Dianthus Therapeutics To Participate in the 8th Annual Evercore Healthcare ConferencePress Release",
    "link": "https://investor.dianthustx.com/news-releases/news-release-details/dianthus-therapeutics-participate-8th-annual-evercore-healthcare",
    "timestamp": "unknown"
  },
  {
    "title": "Dianthus Therapeutics To Participate in the 8th Annual Evercore Healthcare ConferencePress Release",
    "link": "https://investor.dianthustx.com/news-releases/news-release-details/dianthus-therapeutics-participate-8th-annual-evercore-healthcare",
    "timestamp": "unknown"
  },
  {
    "title": "Dianthus Therapeutics To Participate in the 8th Annual Evercore Healthcare ConferencePress Release",
    "link": "https://investor.dianthustx.com/news-releases/news-release-details/dianthus-therapeutics-participate-8th-annual-evercore-healthcare",
    "timestamp": "unknown"
  },
  {
    "title": "Dianthus Therapeutics To Participate in the 8th Annual Evercore Healthcare ConferencePress Release",
    "link": "https://investor.dianthustx.com/news-releases/news-release-details/dianthus-therapeutics-participate-8th-annual-evercore-healthcare",
    "timestamp": "unknown"
  },
  {
    "title": "Press Release",
    "link": "https://investor.dianthustx.com/news-releases/news-release-details/dianthus-therapeutics-participate-8th-annual-evercore-healthcare",
    "timestamp": "unknown"
  },
  {
    "title": "Group,,Annual FilingsCurrent ReportsMergers & AcquisitionsOtherProxy FilingsQuarterly FilingsRegistration StatementsFiling yearAllFiling dateFormDescr",
    "link": "https://investor.dianthustx.com/financials-filings/sec-filings?items_per_page=&order=field_nir_sec_date_filed&sort=asc",
    "timestamp": "unknown"
  },
  {
    "title": "Group,,Annual FilingsCurrent ReportsMergers & AcquisitionsOtherProxy FilingsQuarterly FilingsRegistration StatementsFiling yearAllFiling dateFormDescr",
    "link": "https://investor.dianthustx.com/financials-filings/sec-filings?items_per_page=&order=field_nir_sec_date_filed&sort=asc",
    "timestamp": "unknown"
  },
  {
    "title": "Group,,Annual FilingsCurrent ReportsMergers & AcquisitionsOtherProxy FilingsQuarterly FilingsRegistration StatementsFiling yearAllFiling dateFormDescr",
    "link": "https://investor.dianthustx.com/financials-filings/sec-filings?items_per_page=&order=field_nir_sec_date_filed&sort=asc",
    "timestamp": "unknown"
  },
  {
    "title": "Group,,Annual FilingsCurrent ReportsMergers & AcquisitionsOtherProxy FilingsQuarterly FilingsRegistration StatementsFiling yearAllFiling dateFormDescr",
    "link": "https://investor.dianthustx.com/financials-filings/sec-filings?items_per_page=&order=field_nir_sec_date_filed&sort=asc",
    "timestamp": "unknown"
  },
  {
    "title": "Group,,Annual FilingsCurrent ReportsMergers & AcquisitionsOtherProxy FilingsQuarterly FilingsRegistration StatementsFiling yearAllFiling dateFormDescr",
    "link": "https://investor.dianthustx.com/financials-filings/sec-filings?items_per_page=&order=field_nir_sec_date_filed&sort=asc",
    "timestamp": "unknown"
  },
  {
    "title": "Group,,Annual FilingsCurrent ReportsMergers & AcquisitionsOtherProxy FilingsQuarterly FilingsRegistration StatementsFiling yearAllFiling dateFormDescr",
    "link": "https://investor.dianthustx.com/financials-filings/sec-filings?items_per_page=&order=field_nir_sec_date_filed&sort=asc",
    "timestamp": "unknown"
  },
  {
    "title": "Group,,Annual FilingsCurrent ReportsMergers & AcquisitionsOtherProxy FilingsQuarterly FilingsRegistration StatementsFiling yearAllFiling dateFormDescr",
    "link": "https://investor.dianthustx.com/financials-filings/sec-filings?items_per_page=&order=field_nir_sec_date_filed&sort=asc",
    "timestamp": "unknown"
  },
  {
    "title": "Group,,Annual FilingsCurrent ReportsMergers & AcquisitionsOtherProxy FilingsQuarterly FilingsRegistration StatementsFiling yearAllFiling dateFormDescr",
    "link": "https://investor.dianthustx.com/financials-filings/sec-filings?items_per_page=&order=field_nir_sec_date_filed&sort=asc",
    "timestamp": "unknown"
  },
  {
    "title": "Group,,Annual FilingsCurrent ReportsMergers & AcquisitionsOtherProxy FilingsQuarterly FilingsRegistration StatementsFiling yearAllFiling dateFormDescr",
    "link": "https://investor.dianthustx.com/financials-filings/sec-filings?items_per_page=&order=field_nir_sec_date_filed&sort=asc",
    "timestamp": "unknown"
  },
  {
    "title": "Group,,Annual FilingsCurrent ReportsMergers & AcquisitionsOtherProxy FilingsQuarterly FilingsRegistration StatementsFiling yearAllFiling dateFormDescr",
    "link": "https://investor.dianthustx.com/financials-filings/sec-filings?items_per_page=&order=field_nir_sec_date_filed&sort=asc",
    "timestamp": "unknown"
  },
  {
    "title": "Group,,Annual FilingsCurrent ReportsMergers & AcquisitionsOtherProxy FilingsQuarterly FilingsRegistration StatementsFiling yearAllFiling dateFormDescr",
    "link": "https://investor.dianthustx.com/financials-filings/sec-filings?items_per_page=&order=field_nir_sec_date_filed&sort=asc",
    "timestamp": "unknown"
  },
  {
    "title": "Group,,Annual FilingsCurrent ReportsMergers & AcquisitionsOtherProxy FilingsQuarterly FilingsRegistration StatementsFiling yearAllFiling dateFormDescr",
    "link": "https://investor.dianthustx.com/financials-filings/sec-filings?items_per_page=&order=field_nir_sec_date_filed&sort=asc",
    "timestamp": "unknown"
  },
  {
    "title": "Group,,Annual FilingsCurrent ReportsMergers & AcquisitionsOtherProxy FilingsQuarterly FilingsRegistration StatementsFiling yearAllFiling dateFormDescr",
    "link": "https://investor.dianthustx.com/financials-filings/sec-filings?items_per_page=&order=field_nir_sec_date_filed&sort=asc",
    "timestamp": "unknown"
  },
  {
    "title": "Group,,Annual FilingsCurrent ReportsMergers & AcquisitionsOtherProxy FilingsQuarterly FilingsRegistration StatementsFiling yearAllFiling dateFormDescr",
    "link": "https://investor.dianthustx.com/financials-filings/sec-filings?items_per_page=&order=field_nir_sec_date_filed&sort=asc",
    "timestamp": "unknown"
  },
  {
    "title": "Group,,Annual FilingsCurrent ReportsMergers & AcquisitionsOtherProxy FilingsQuarterly FilingsRegistration StatementsFiling yearAllFiling dateFormDescr",
    "link": "https://investor.dianthustx.com/financials-filings/sec-filings?items_per_page=&order=field_nir_sec_date_filed&sort=asc",
    "timestamp": "unknown"
  },
  {
    "title": "Group,,Annual FilingsCurrent ReportsMergers & AcquisitionsOtherProxy FilingsQuarterly FilingsRegistration StatementsFiling yearAllFiling dateFormDescr",
    "link": "https://investor.dianthustx.com/financials-filings/sec-filings?items_per_page=&order=field_nir_sec_date_filed&sort=asc",
    "timestamp": "unknown"
  },
  {
    "title": "Group,,Annual FilingsCurrent ReportsMergers & AcquisitionsOtherProxy FilingsQuarterly FilingsRegistration StatementsFiling yearAllFiling dateFormDescr",
    "link": "https://investor.dianthustx.com/financials-filings/sec-filings?items_per_page=&order=field_nir_sec_date_filed&sort=asc",
    "timestamp": "unknown"
  },
  {
    "title": "Filing dateFormDescriptionFiling GroupViewDec ,Statement of changes in beneficial ownership of securities,,View HTML--.pdf--.rtf--.xlsDec ,Filed by \"i",
    "link": "https://investor.dianthustx.com/financials-filings/sec-filings?items_per_page=&order=field_nir_sec_date_filed&sort=asc",
    "timestamp": "unknown"
  },
  {
    "title": "Filing dateFormDescriptionFiling GroupView",
    "link": "https://investor.dianthustx.com/financials-filings/sec-filings?items_per_page=&order=field_nir_sec_date_filed&sort=asc",
    "timestamp": "unknown"
  },
  {
    "title": "Dec ,Statement of changes in beneficial ownership of securities,,View HTML--.pdf--.rtf--.xls",
    "link": "https://investor.dianthustx.com/sec-filings/sec-filing//--",
    "timestamp": "unknown"
  },
  {
    "title": "View HTML--.pdf--.rtf--.xls",
    "link": "https://investor.dianthustx.com/node//html",
    "timestamp": "unknown"
  },
  {
    "title": "--.pdf",
    "link": "https://investor.dianthustx.com/static-files/208bac27---95b0-74de75cc2fc9",
    "timestamp": "unknown"
  },
  {
    "title": "--.rtf",
    "link": "https://investor.dianthustx.com/static-files/ddbddf8c-a443-4c08-80e3-23f1b9891dcc",
    "timestamp": "unknown"
  },
  {
    "title": "--.xls",
    "link": "https://investor.dianthustx.com/static-files/579af20b---b0a2-b179544fee14",
    "timestamp": "unknown"
  },
  {
    "title": "Dec ,Filed by \"insiders\" prior intended sale of restricted stock.OtherView HTML--.pdf--.rtf",
    "link": "https://investor.dianthustx.com/sec-filings/sec-filing//--",
    "timestamp": "unknown"
  },
  {
    "title": "View HTML--.pdf--.rtf",
    "link": "https://investor.dianthustx.com/node//html",
    "timestamp": "unknown"
  },
  {
    "title": "--.pdf",
    "link": "https://investor.dianthustx.com/static-files/0eb551ed-a81e-4de5-90e4-0d0f54745cec",
    "timestamp": "unknown"
  },
  {
    "title": "--.rtf",
    "link": "https://investor.dianthustx.com/static-files/0eec2fe3-ce3c--92e9-bca52e03fd4d",
    "timestamp": "unknown"
  },
  {
    "title": "Nov ,SCHEDULE 13D/ASCHEDULE 13D/A - DescriptionOtherView HTML--.pdf--.rtf--.xls",
    "link": "https://investor.dianthustx.com/sec-filings/sec-filing/schedule-13da/--",
    "timestamp": "unknown"
  },
  {
    "title": "View HTML--.pdf--.rtf--.xls",
    "link": "https://investor.dianthustx.com/node//html",
    "timestamp": "unknown"
  },
  {
    "title": "--.pdf",
    "link": "https://investor.dianthustx.com/static-files/5bc2d7ed--42b6-bcf8-3ba1cbb64fe2",
    "timestamp": "unknown"
  },
  {
    "title": "--.rtf",
    "link": "https://investor.dianthustx.com/static-files/ac126a5d-d643-498f-aefd-896b04f7c1d7",
    "timestamp": "unknown"
  },
  {
    "title": "--.xls",
    "link": "https://investor.dianthustx.com/static-files/466d111c-43d6-4b0a-b3d7-c82e546f7148",
    "timestamp": "unknown"
  },
  {
    "title": "Nov ,SCHEDULE 13D/ASCHEDULE 13D/A - DescriptionOtherView HTML--.pdf--.rtf--.xls",
    "link": "https://investor.dianthustx.com/sec-filings/sec-filing/schedule-13da/--",
    "timestamp": "unknown"
  },
  {
    "title": "View HTML--.pdf--.rtf--.xls",
    "link": "https://investor.dianthustx.com/node//html",
    "timestamp": "unknown"
  },
  {
    "title": "--.pdf",
    "link": "https://investor.dianthustx.com/static-files/136bd9b5-2b4f--98f3-",
    "timestamp": "unknown"
  },
  {
    "title": "--.rtf",
    "link": "https://investor.dianthustx.com/static-files/b8e0b89c-5ae9-43a6-b3fd-821f0e1034c2",
    "timestamp": "unknown"
  },
  {
    "title": "--.xls",
    "link": "https://investor.dianthustx.com/static-files/f55a397e---97af-2e3f3ed9ab37",
    "timestamp": "unknown"
  },
  {
    "title": "Nov ,SCHEDULE 13G/ASCHEDULE 13G/A - DescriptionOtherView HTML--.pdf--.rtf--.xls",
    "link": "https://investor.dianthustx.com/sec-filings/sec-filing/schedule-13ga/--",
    "timestamp": "unknown"
  },
  {
    "title": "View HTML--.pdf--.rtf--.xls",
    "link": "https://investor.dianthustx.com/node//html",
    "timestamp": "unknown"
  },
  {
    "title": "--.pdf",
    "link": "https://investor.dianthustx.com/static-files/7c821221-ddba---f60c457450ac",
    "timestamp": "unknown"
  },
  {
    "title": "--.rtf",
    "link": "https://investor.dianthustx.com/static-files/a226efc7-abf7-4e38-b010-b724b39167c2",
    "timestamp": "unknown"
  },
  {
    "title": "--.xls",
    "link": "https://investor.dianthustx.com/static-files/27f27e85-3e74-4c59-8db8-9c643de907e7",
    "timestamp": "unknown"
  },
  {
    "title": "Nov ,SCHEDULE 13G/ASCHEDULE 13G/A - DescriptionOtherView HTML--.pdf--.rtf--.xls",
    "link": "https://investor.dianthustx.com/sec-filings/sec-filing/schedule-13ga/--",
    "timestamp": "unknown"
  },
  {
    "title": "View HTML--.pdf--.rtf--.xls",
    "link": "https://investor.dianthustx.com/node//html",
    "timestamp": "unknown"
  },
  {
    "title": "--.pdf",
    "link": "https://investor.dianthustx.com/static-files/98de0b05-614c--af7a-9b069bd75a22",
    "timestamp": "unknown"
  },
  {
    "title": "--.rtf",
    "link": "https://investor.dianthustx.com/static-files/6857b892---aa93-441cd73d59b8",
    "timestamp": "unknown"
  },
  {
    "title": "--.xls",
    "link": "https://investor.dianthustx.com/static-files/-5e69--8cb1-de703e49a429",
    "timestamp": "unknown"
  },
  {
    "title": "Nov ,SCHEDULE 13G/ASCHEDULE 13G/A - DescriptionOtherView HTML--.pdf--.rtf--.xls",
    "link": "https://investor.dianthustx.com/sec-filings/sec-filing/schedule-13ga/--",
    "timestamp": "unknown"
  },
  {
    "title": "View HTML--.pdf--.rtf--.xls",
    "link": "https://investor.dianthustx.com/node//html",
    "timestamp": "unknown"
  },
  {
    "title": "--.pdf",
    "link": "https://investor.dianthustx.com/static-files/a3d2cd1b-4b8c-492d-b994-34e345b208c2",
    "timestamp": "unknown"
  },
  {
    "title": "--.rtf",
    "link": "https://investor.dianthustx.com/static-files/e372e371-d47b-434f-85af-619a605e243f",
    "timestamp": "unknown"
  },
  {
    "title": "--.xls",
    "link": "https://investor.dianthustx.com/static-files/ddb6be8c-fd2e-4a64--cbe619a63b97",
    "timestamp": "unknown"
  },
  {
    "title": "Nov ,SCHEDULE 13G/ASCHEDULE 13G/A - DescriptionOtherView HTML--.pdf--.rtf--.xls",
    "link": "https://investor.dianthustx.com/sec-filings/sec-filing/schedule-13ga/--",
    "timestamp": "unknown"
  },
  {
    "title": "View HTML--.pdf--.rtf--.xls",
    "link": "https://investor.dianthustx.com/node//html",
    "timestamp": "unknown"
  },
  {
    "title": "--.pdf",
    "link": "https://investor.dianthustx.com/static-files/ebc87ce3-5e0f-4c47-acc1-4f0c6f790752",
    "timestamp": "unknown"
  },
  {
    "title": "--.rtf",
    "link": "https://investor.dianthustx.com/static-files/4cd834c9-021e-40e0-ab66-9a3588584ef3",
    "timestamp": "unknown"
  },
  {
    "title": "--.xls",
    "link": "https://investor.dianthustx.com/static-files/2c30d1bb-c29d-440e--76291bfc63e5",
    "timestamp": "unknown"
  },
  {
    "title": "Nov ,SCHEDULE 13G/ASCHEDULE 13G/A - DescriptionOtherView HTML--.pdf--.rtf--.xls",
    "link": "https://investor.dianthustx.com/sec-filings/sec-filing/schedule-13ga/--",
    "timestamp": "unknown"
  },
  {
    "title": "View HTML--.pdf--.rtf--.xls",
    "link": "https://investor.dianthustx.com/node//html",
    "timestamp": "unknown"
  },
  {
    "title": "--.pdf",
    "link": "https://investor.dianthustx.com/static-files/e6dd01b1-b5d9--b4dc-950494873a74",
    "timestamp": "unknown"
  },
  {
    "title": "--.rtf",
    "link": "https://investor.dianthustx.com/static-files/4ef98bb2-00c5-410b-a2b3-919a69822f8e",
    "timestamp": "unknown"
  },
  {
    "title": "--.xls",
    "link": "https://investor.dianthustx.com/static-files/b3e75d4b-8d47-473c-ad6f-323aaa4f32d3",
    "timestamp": "unknown"
  },
  {
    "title": "Nov ,Statement of changes in beneficial ownership of securities,,View HTML--.pdf--.rtf--.xls",
    "link": "https://investor.dianthustx.com/sec-filings/sec-filing//--",
    "timestamp": "unknown"
  },
  {
    "title": "View HTML--.pdf--.rtf--.xls",
    "link": "https://investor.dianthustx.com/node//html",
    "timestamp": "unknown"
  },
  {
    "title": "--.pdf",
    "link": "https://investor.dianthustx.com/static-files/0bd8fb58-1b5b-4cb2-a580-23b48e2adf42",
    "timestamp": "unknown"
  },
  {
    "title": "--.rtf",
    "link": "https://investor.dianthustx.com/static-files/a41785ae-5d7d-482a--6d189b2167bf",
    "timestamp": "unknown"
  },
  {
    "title": "--.xls",
    "link": "https://investor.dianthustx.com/static-files/8d63c680---a901-9070cd05525e",
    "timestamp": "unknown"
  },
  {
    "title": "PaginationCurrent pagePagePage\u2026Next page\u203aLast page\u00bbDisplaying  -  of  results",
    "link": "https://investor.dianthustx.com/financials-filings/sec-filings?&field_nir_sec_cik_target_id=&field_nir_sec_date_filed_value=&&&items_per_page_toggle=&page=",
    "timestamp": "unknown"
  },
  {
    "title": "PaginationCurrent pagePagePage\u2026Next page\u203aLast page\u00bb",
    "link": "https://investor.dianthustx.com/financials-filings/sec-filings?&field_nir_sec_cik_target_id=&field_nir_sec_date_filed_value=&&&items_per_page_toggle=&page=",
    "timestamp": "unknown"
  },
  {
    "title": "Current page",
    "link": "https://investor.dianthustx.com/financials-filings/sec-filings?&field_nir_sec_cik_target_id=&field_nir_sec_date_filed_value=&&&items_per_page_toggle=&page=",
    "timestamp": "unknown"
  },
  {
    "title": "Page",
    "link": "https://investor.dianthustx.com/financials-filings/sec-filings?&field_nir_sec_cik_target_id=&field_nir_sec_date_filed_value=&&&items_per_page_toggle=&page=",
    "timestamp": "unknown"
  },
  {
    "title": "Page",
    "link": "https://investor.dianthustx.com/financials-filings/sec-filings?&field_nir_sec_cik_target_id=&field_nir_sec_date_filed_value=&&&items_per_page_toggle=&page=",
    "timestamp": "unknown"
  },
  {
    "title": "Next page\u203a",
    "link": "https://investor.dianthustx.com/financials-filings/sec-filings?&field_nir_sec_cik_target_id=&field_nir_sec_date_filed_value=&&&items_per_page_toggle=&page=",
    "timestamp": "unknown"
  },
  {
    "title": "Last page\u00bb",
    "link": "https://investor.dianthustx.com/financials-filings/sec-filings?&field_nir_sec_cik_target_id=&field_nir_sec_date_filed_value=&&&items_per_page_toggle=&page=",
    "timestamp": "unknown"
  },
  {
    "title": "Data provided byKaleidoscope.",
    "link": "https://www.kscope.io",
    "timestamp": "unknown"
  },
  {
    "title": "Data provided byKaleidoscope.",
    "link": "https://www.kscope.io",
    "timestamp": "unknown"
  },
  {
    "title": "Dianthus TherapeuticsdraftsContact Usphone_iphone() -Subscribe to Our Email AlertsGet new updates directly to your inboxSubmit",
    "link": "mailto:ir@dianthustx.com",
    "timestamp": "unknown"
  },
  {
    "title": "Dianthus TherapeuticsdraftsContact Usphone_iphone() -Subscribe to Our Email AlertsGet new updates directly to your inboxSubmit",
    "link": "mailto:ir@dianthustx.com",
    "timestamp": "unknown"
  },
  {
    "title": "Dianthus TherapeuticsdraftsContact Usphone_iphone() -Subscribe to Our Email AlertsGet new updates directly to your inboxSubmit",
    "link": "mailto:ir@dianthustx.com",
    "timestamp": "unknown"
  },
  {
    "title": "Dianthus TherapeuticsdraftsContact Usphone_iphone() -",
    "link": "mailto:ir@dianthustx.com",
    "timestamp": "unknown"
  },
  {
    "title": "Dianthus TherapeuticsdraftsContact Usphone_iphone() -",
    "link": "mailto:ir@dianthustx.com",
    "timestamp": "unknown"
  },
  {
    "title": "Dianthus TherapeuticsdraftsContact Usphone_iphone() -",
    "link": "mailto:ir@dianthustx.com",
    "timestamp": "unknown"
  },
  {
    "title": "Dianthus TherapeuticsdraftsContact Usphone_iphone() -",
    "link": "mailto:ir@dianthustx.com",
    "timestamp": "unknown"
  },
  {
    "title": "Dianthus TherapeuticsdraftsContact Usphone_iphone() -",
    "link": "mailto:ir@dianthustx.com",
    "timestamp": "unknown"
  },
  {
    "title": "draftsContact Us",
    "link": "mailto:ir@dianthustx.com",
    "timestamp": "unknown"
  }
]