[
  {
    "title": "HomeAbout UsOur LeadershipOur ScienceIntroduction toFcRnPipeline & Therapeutic AreasPatients & CaregiversOur CommitmentTherapeutic Areas & Clinical Tr",
    "link": "https://www.immunovant.com/",
    "timestamp": "unknown"
  },
  {
    "title": "HomeAbout UsOur LeadershipOur ScienceIntroduction toFcRnPipeline & Therapeutic AreasPatients & CaregiversOur CommitmentTherapeutic Areas & Clinical Tr",
    "link": "https://www.immunovant.com/",
    "timestamp": "unknown"
  },
  {
    "title": "HomeAbout UsOur LeadershipOur ScienceIntroduction toFcRnPipeline & Therapeutic AreasPatients & CaregiversOur CommitmentTherapeutic Areas & Clinical Tr",
    "link": "https://www.immunovant.com/",
    "timestamp": "unknown"
  },
  {
    "title": "Home",
    "link": "https://www.immunovant.com/",
    "timestamp": "unknown"
  },
  {
    "title": "About UsOur Leadership",
    "link": "https://www.immunovant.com/about-us",
    "timestamp": "unknown"
  },
  {
    "title": "Our Leadership",
    "link": "https://www.immunovant.com/about-us/our-leadership",
    "timestamp": "unknown"
  },
  {
    "title": "Our ScienceIntroduction toFcRnPipeline & Therapeutic Areas",
    "link": "https://www.immunovant.com/our-science",
    "timestamp": "unknown"
  },
  {
    "title": "Introduction toFcRn",
    "link": "https://www.immunovant.com/our-science/introduction-to-fcrn",
    "timestamp": "unknown"
  },
  {
    "title": "Pipeline & Therapeutic Areas",
    "link": "https://www.immunovant.com/our-science/pipeline-and-therapeutic-areas",
    "timestamp": "unknown"
  },
  {
    "title": "Patients & CaregiversOur CommitmentTherapeutic Areas & Clinical Trials",
    "link": "https://www.immunovant.com/patients-caregivers",
    "timestamp": "unknown"
  },
  {
    "title": "Our Commitment",
    "link": "https://www.immunovant.com/patients-caregivers/our-commitment",
    "timestamp": "unknown"
  },
  {
    "title": "Therapeutic Areas & Clinical Trials",
    "link": "https://www.immunovant.com/patients-caregivers/therapeutic-areas-clinical-trials",
    "timestamp": "unknown"
  },
  {
    "title": "For InvestorsOverviewNews & EventsCompany InfoFinancialsStock DataSEC FilingsGovernance",
    "link": "https://www.immunovant.com/investors",
    "timestamp": "unknown"
  },
  {
    "title": "Overview",
    "link": "https://www.immunovant.com/investors",
    "timestamp": "unknown"
  },
  {
    "title": "News & Events",
    "link": "https://www.immunovant.com/investors/news-events",
    "timestamp": "unknown"
  },
  {
    "title": "Company Info",
    "link": "https://www.immunovant.com/investors/company-information",
    "timestamp": "unknown"
  },
  {
    "title": "Financials",
    "link": "https://www.immunovant.com/investors/financials",
    "timestamp": "unknown"
  },
  {
    "title": "Stock Data",
    "link": "https://www.immunovant.com/investors/stock-data",
    "timestamp": "unknown"
  },
  {
    "title": "SEC Filings",
    "link": "https://www.immunovant.com/investors/sec-filings",
    "timestamp": "unknown"
  },
  {
    "title": "Governance",
    "link": "https://www.immunovant.com/investors/corporate-governance",
    "timestamp": "unknown"
  },
  {
    "title": "Join UsValues & CultureExplore Careers",
    "link": "https://www.immunovant.com/join-us",
    "timestamp": "unknown"
  },
  {
    "title": "Values & Culture",
    "link": "https://www.immunovant.com/join-us/values-culture",
    "timestamp": "unknown"
  },
  {
    "title": "Explore Careers",
    "link": "https://www.immunovant.com/join-us/explore-careers",
    "timestamp": "unknown"
  },
  {
    "title": "Contact Us",
    "link": "https://www.immunovant.com/contact-us",
    "timestamp": "unknown"
  },
  {
    "title": "For InvestorsFor InvestorsOverviewNews & EventsOverviewPress ReleasesIR CalendarPresentationsEmail AlertsCompany InfoOverviewExecutive Leadership Team",
    "link": "https://www.immunovant.com/investors/news-events/ir-calendar",
    "timestamp": "unknown"
  },
  {
    "title": "For InvestorsFor InvestorsOverviewNews & EventsOverviewPress ReleasesIR CalendarPresentationsEmail AlertsCompany InfoOverviewExecutive Leadership Team",
    "link": "https://www.immunovant.com/investors/news-events/ir-calendar",
    "timestamp": "unknown"
  },
  {
    "title": "For InvestorsOverviewNews & EventsOverviewPress ReleasesIR CalendarPresentationsEmail AlertsCompany InfoOverviewExecutive Leadership TeamContactsFAQFi",
    "link": "https://www.immunovant.com/investors",
    "timestamp": "unknown"
  },
  {
    "title": "Overview",
    "link": "https://www.immunovant.com/investors",
    "timestamp": "unknown"
  },
  {
    "title": "News & EventsOverviewPress ReleasesIR CalendarPresentationsEmail Alerts",
    "link": "https://www.immunovant.com/investors/news-events",
    "timestamp": "unknown"
  },
  {
    "title": "Overview",
    "link": "https://www.immunovant.com/investors/news-events",
    "timestamp": "unknown"
  },
  {
    "title": "Press Releases",
    "link": "https://www.immunovant.com/investors/news-events/press-releases",
    "timestamp": "unknown"
  },
  {
    "title": "IR Calendar",
    "link": "https://www.immunovant.com/investors/news-events/ir-calendar",
    "timestamp": "unknown"
  },
  {
    "title": "Presentations",
    "link": "https://www.immunovant.com/investors/news-events/presentations",
    "timestamp": "unknown"
  },
  {
    "title": "Email Alerts",
    "link": "https://www.immunovant.com/investors/news-events/email-alerts",
    "timestamp": "unknown"
  },
  {
    "title": "Company InfoOverviewExecutive Leadership TeamContactsFAQ",
    "link": "https://www.immunovant.com/investors/company-information",
    "timestamp": "unknown"
  },
  {
    "title": "Overview",
    "link": "https://www.immunovant.com/investors/company-information",
    "timestamp": "unknown"
  },
  {
    "title": "Executive Leadership Team",
    "link": "https://www.immunovant.com/investors/company-information/executive-leadership-team",
    "timestamp": "unknown"
  },
  {
    "title": "Contacts",
    "link": "https://www.immunovant.com/investors/company-information/contacts",
    "timestamp": "unknown"
  },
  {
    "title": "FAQ",
    "link": "https://www.immunovant.com/investors/company-information/faq",
    "timestamp": "unknown"
  },
  {
    "title": "FinancialsOverviewFinancial ResultsIncome StatementBalance SheetCash Flow",
    "link": "https://www.immunovant.com/investors/financials",
    "timestamp": "unknown"
  },
  {
    "title": "Overview",
    "link": "https://www.immunovant.com/investors/financials",
    "timestamp": "unknown"
  },
  {
    "title": "Financial Results",
    "link": "https://www.immunovant.com/investors/financials/financial-results",
    "timestamp": "unknown"
  },
  {
    "title": "Income Statement",
    "link": "https://www.immunovant.com/investors/financials/income-statement",
    "timestamp": "unknown"
  },
  {
    "title": "Balance Sheet",
    "link": "https://www.immunovant.com/investors/financials/balance-sheet",
    "timestamp": "unknown"
  },
  {
    "title": "Cash Flow",
    "link": "https://www.immunovant.com/investors/financials/cash-flow",
    "timestamp": "unknown"
  },
  {
    "title": "Stock DataQuoteChartsHistorical DataAnalyst Coverage",
    "link": "https://www.immunovant.com/investors/stock-data",
    "timestamp": "unknown"
  },
  {
    "title": "Quote",
    "link": "https://www.immunovant.com/investors/stock-data/quote",
    "timestamp": "unknown"
  },
  {
    "title": "Charts",
    "link": "https://www.immunovant.com/investors/stock-data/charts",
    "timestamp": "unknown"
  },
  {
    "title": "Historical Data",
    "link": "https://www.immunovant.com/investors/stock-data/historical-data",
    "timestamp": "unknown"
  },
  {
    "title": "Analyst Coverage",
    "link": "https://www.immunovant.com/investors/stock-data/analyst-coverage",
    "timestamp": "unknown"
  },
  {
    "title": "SEC FilingsOverviewAll SEC Filings",
    "link": "https://www.immunovant.com/investors/sec-filings",
    "timestamp": "unknown"
  },
  {
    "title": "Overview",
    "link": "https://www.immunovant.com/investors/sec-filings",
    "timestamp": "unknown"
  },
  {
    "title": "All SEC Filings",
    "link": "https://www.immunovant.com/investors/sec-filings/all-sec-filings",
    "timestamp": "unknown"
  },
  {
    "title": "GovernanceOverviewBoard of DirectorsBoard CommitteesGovernance DocumentsWhistleblower Policy",
    "link": "https://www.immunovant.com/investors/corporate-governance",
    "timestamp": "unknown"
  },
  {
    "title": "Overview",
    "link": "https://www.immunovant.com/investors/corporate-governance",
    "timestamp": "unknown"
  },
  {
    "title": "Board of Directors",
    "link": "https://www.immunovant.com/investors/corporate-governance/board-of-directors",
    "timestamp": "unknown"
  },
  {
    "title": "Board Committees",
    "link": "https://www.immunovant.com/investors/corporate-governance/board-committees",
    "timestamp": "unknown"
  },
  {
    "title": "Governance Documents",
    "link": "https://www.immunovant.com/investors/corporate-governance/governance-documents",
    "timestamp": "unknown"
  },
  {
    "title": "Whistleblower Policy",
    "link": "https://www.immunovant.com/investors/corporate-governance/whistleblower-policy",
    "timestamp": "unknown"
  },
  {
    "title": "News & EventsOverviewPress ReleasesIR CalendarPresentationsEmail AlertsUpcoming eventsPast eventsSeptember ,   EDTRoivant Investor CallAugust ,   EDTA",
    "link": "https://www.immunovant.com/investors/news-events",
    "timestamp": "unknown"
  },
  {
    "title": "News & EventsOverviewPress ReleasesIR CalendarPresentationsEmail AlertsUpcoming eventsPast eventsSeptember ,   EDTRoivant Investor CallAugust ,   EDTA",
    "link": "https://www.immunovant.com/investors/news-events",
    "timestamp": "unknown"
  },
  {
    "title": "News & EventsOverviewPress ReleasesIR CalendarPresentationsEmail AlertsUpcoming eventsPast eventsSeptember ,   EDTRoivant Investor CallAugust ,   EDTA",
    "link": "https://www.immunovant.com/investors/news-events",
    "timestamp": "unknown"
  },
  {
    "title": "Overview",
    "link": "https://www.immunovant.com/investors/news-events",
    "timestamp": "unknown"
  },
  {
    "title": "Press Releases",
    "link": "https://www.immunovant.com/investors/news-events/press-releases",
    "timestamp": "unknown"
  },
  {
    "title": "IR Calendar",
    "link": "https://www.immunovant.com/investors/news-events/ir-calendar",
    "timestamp": "unknown"
  },
  {
    "title": "Presentations",
    "link": "https://www.immunovant.com/investors/news-events/presentations",
    "timestamp": "unknown"
  },
  {
    "title": "Email Alerts",
    "link": "https://www.immunovant.com/investors/news-events/email-alerts",
    "timestamp": "unknown"
  },
  {
    "title": "September ,   EDTRoivant Investor Call",
    "link": "https://www.immunovant.com/investors/news-events/ir-calendar/detail/-roivant-investor-call",
    "timestamp": "unknown"
  },
  {
    "title": "September ,   EDTRoivant Investor Call",
    "link": "https://www.immunovant.com/investors/news-events/ir-calendar/detail/-roivant-investor-call",
    "timestamp": "unknown"
  },
  {
    "title": "August ,   EDTAnnual Meeting of Stockholders",
    "link": "https://www.immunovant.com/investors/news-events/ir-calendar/detail/--annual-meeting-of-stockholders",
    "timestamp": "unknown"
  },
  {
    "title": "August ,   EDTAnnual Meeting of Stockholders",
    "link": "https://www.immunovant.com/investors/news-events/ir-calendar/detail/--annual-meeting-of-stockholders",
    "timestamp": "unknown"
  },
  {
    "title": "August ,   EDTRoivant 1Q  Earnings Call",
    "link": "https://www.immunovant.com/investors/news-events/ir-calendar/detail/-roivant-1q--earnings-call",
    "timestamp": "unknown"
  },
  {
    "title": "August ,   EDTRoivant 1Q  Earnings Call",
    "link": "https://www.immunovant.com/investors/news-events/ir-calendar/detail/-roivant-1q--earnings-call",
    "timestamp": "unknown"
  },
  {
    "title": "May ,   EDTRoivant 4Q  Earnings Call",
    "link": "https://www.immunovant.com/investors/news-events/ir-calendar/detail/-roivant-4q--earnings-call",
    "timestamp": "unknown"
  },
  {
    "title": "May ,   EDTRoivant 4Q  Earnings Call",
    "link": "https://www.immunovant.com/investors/news-events/ir-calendar/detail/-roivant-4q--earnings-call",
    "timestamp": "unknown"
  },
  {
    "title": "May ,   PDTBofA Securities  HC Conference Fireside Chat",
    "link": "https://www.immunovant.com/investors/news-events/ir-calendar/detail/-bofa-securities--hc-conference-fireside-chat",
    "timestamp": "unknown"
  },
  {
    "title": "May ,   PDTBofA Securities  HC Conference Fireside Chat",
    "link": "https://www.immunovant.com/investors/news-events/ir-calendar/detail/-bofa-securities--hc-conference-fireside-chat",
    "timestamp": "unknown"
  },
  {
    "title": "View all past events",
    "link": "https://www.immunovant.com/investors/news-events/ir-calendar/past",
    "timestamp": "unknown"
  },
  {
    "title": "Email AlertsContactsRSS News Feed",
    "link": "https://www.immunovant.com/investors/news-events/email-alerts",
    "timestamp": "unknown"
  },
  {
    "title": "Email Alerts",
    "link": "https://www.immunovant.com/investors/news-events/email-alerts",
    "timestamp": "unknown"
  },
  {
    "title": "Contacts",
    "link": "https://www.immunovant.com/investors/company-information/contacts",
    "timestamp": "unknown"
  },
  {
    "title": "RSS News Feed",
    "link": "https://www.immunovant.com/investors/news-events/press-releases/rss",
    "timestamp": "unknown"
  },
  {
    "title": "\u00a9Immunovant, Inc.All rights reserved.",
    "link": "https://www.immunovant.com/",
    "timestamp": "unknown"
  },
  {
    "title": "\u00a9Immunovant, Inc.All rights reserved.",
    "link": "https://www.immunovant.com/",
    "timestamp": "unknown"
  }
]