[
  {
    "title": "HomeAbout UsOur LeadershipOur ScienceIntroduction toFcRnPipeline & Therapeutic AreasPatients & CaregiversOur CommitmentTherapeutic Areas & Clinical Tr",
    "link": "https://www.immunovant.com/",
    "timestamp": "unknown"
  },
  {
    "title": "HomeAbout UsOur LeadershipOur ScienceIntroduction toFcRnPipeline & Therapeutic AreasPatients & CaregiversOur CommitmentTherapeutic Areas & Clinical Tr",
    "link": "https://www.immunovant.com/",
    "timestamp": "unknown"
  },
  {
    "title": "HomeAbout UsOur LeadershipOur ScienceIntroduction toFcRnPipeline & Therapeutic AreasPatients & CaregiversOur CommitmentTherapeutic Areas & Clinical Tr",
    "link": "https://www.immunovant.com/",
    "timestamp": "unknown"
  },
  {
    "title": "Home",
    "link": "https://www.immunovant.com/",
    "timestamp": "unknown"
  },
  {
    "title": "About UsOur Leadership",
    "link": "https://www.immunovant.com/about-us",
    "timestamp": "unknown"
  },
  {
    "title": "Our Leadership",
    "link": "https://www.immunovant.com/about-us/our-leadership",
    "timestamp": "unknown"
  },
  {
    "title": "Our ScienceIntroduction toFcRnPipeline & Therapeutic Areas",
    "link": "https://www.immunovant.com/our-science",
    "timestamp": "unknown"
  },
  {
    "title": "Introduction toFcRn",
    "link": "https://www.immunovant.com/our-science/introduction-to-fcrn",
    "timestamp": "unknown"
  },
  {
    "title": "Pipeline & Therapeutic Areas",
    "link": "https://www.immunovant.com/our-science/pipeline-and-therapeutic-areas",
    "timestamp": "unknown"
  },
  {
    "title": "Patients & CaregiversOur CommitmentTherapeutic Areas & Clinical Trials",
    "link": "https://www.immunovant.com/patients-caregivers",
    "timestamp": "unknown"
  },
  {
    "title": "Our Commitment",
    "link": "https://www.immunovant.com/patients-caregivers/our-commitment",
    "timestamp": "unknown"
  },
  {
    "title": "Therapeutic Areas & Clinical Trials",
    "link": "https://www.immunovant.com/patients-caregivers/therapeutic-areas-clinical-trials",
    "timestamp": "unknown"
  },
  {
    "title": "For InvestorsOverviewNews & EventsCompany InfoFinancialsStock DataSEC FilingsGovernance",
    "link": "https://www.immunovant.com/investors",
    "timestamp": "unknown"
  },
  {
    "title": "Overview",
    "link": "https://www.immunovant.com/investors",
    "timestamp": "unknown"
  },
  {
    "title": "News & Events",
    "link": "https://www.immunovant.com/investors/news-events",
    "timestamp": "unknown"
  },
  {
    "title": "Company Info",
    "link": "https://www.immunovant.com/investors/company-information",
    "timestamp": "unknown"
  },
  {
    "title": "Financials",
    "link": "https://www.immunovant.com/investors/financials",
    "timestamp": "unknown"
  },
  {
    "title": "Stock Data",
    "link": "https://www.immunovant.com/investors/stock-data",
    "timestamp": "unknown"
  },
  {
    "title": "SEC Filings",
    "link": "https://www.immunovant.com/investors/sec-filings",
    "timestamp": "unknown"
  },
  {
    "title": "Governance",
    "link": "https://www.immunovant.com/investors/corporate-governance",
    "timestamp": "unknown"
  },
  {
    "title": "Join UsValues & CultureExplore Careers",
    "link": "https://www.immunovant.com/join-us",
    "timestamp": "unknown"
  },
  {
    "title": "Values & Culture",
    "link": "https://www.immunovant.com/join-us/values-culture",
    "timestamp": "unknown"
  },
  {
    "title": "Explore Careers",
    "link": "https://www.immunovant.com/join-us/explore-careers",
    "timestamp": "unknown"
  },
  {
    "title": "Contact Us",
    "link": "https://www.immunovant.com/contact-us",
    "timestamp": "unknown"
  },
  {
    "title": "For InvestorsFor InvestorsOverviewNews & EventsOverviewPress ReleasesIR CalendarPresentationsEmail AlertsCompany InfoOverviewExecutive Leadership Team",
    "link": "https://www.immunovant.com/investors/news-events/press-releases",
    "timestamp": "unknown"
  },
  {
    "title": "For InvestorsFor InvestorsOverviewNews & EventsOverviewPress ReleasesIR CalendarPresentationsEmail AlertsCompany InfoOverviewExecutive Leadership Team",
    "link": "https://www.immunovant.com/investors/news-events/press-releases",
    "timestamp": "unknown"
  },
  {
    "title": "For InvestorsOverviewNews & EventsOverviewPress ReleasesIR CalendarPresentationsEmail AlertsCompany InfoOverviewExecutive Leadership TeamContactsFAQFi",
    "link": "https://www.immunovant.com/investors",
    "timestamp": "unknown"
  },
  {
    "title": "Overview",
    "link": "https://www.immunovant.com/investors",
    "timestamp": "unknown"
  },
  {
    "title": "News & EventsOverviewPress ReleasesIR CalendarPresentationsEmail Alerts",
    "link": "https://www.immunovant.com/investors/news-events",
    "timestamp": "unknown"
  },
  {
    "title": "Overview",
    "link": "https://www.immunovant.com/investors/news-events",
    "timestamp": "unknown"
  },
  {
    "title": "Press Releases",
    "link": "https://www.immunovant.com/investors/news-events/press-releases",
    "timestamp": "unknown"
  },
  {
    "title": "IR Calendar",
    "link": "https://www.immunovant.com/investors/news-events/ir-calendar",
    "timestamp": "unknown"
  },
  {
    "title": "Presentations",
    "link": "https://www.immunovant.com/investors/news-events/presentations",
    "timestamp": "unknown"
  },
  {
    "title": "Email Alerts",
    "link": "https://www.immunovant.com/investors/news-events/email-alerts",
    "timestamp": "unknown"
  },
  {
    "title": "Company InfoOverviewExecutive Leadership TeamContactsFAQ",
    "link": "https://www.immunovant.com/investors/company-information",
    "timestamp": "unknown"
  },
  {
    "title": "Overview",
    "link": "https://www.immunovant.com/investors/company-information",
    "timestamp": "unknown"
  },
  {
    "title": "Executive Leadership Team",
    "link": "https://www.immunovant.com/investors/company-information/executive-leadership-team",
    "timestamp": "unknown"
  },
  {
    "title": "Contacts",
    "link": "https://www.immunovant.com/investors/company-information/contacts",
    "timestamp": "unknown"
  },
  {
    "title": "FAQ",
    "link": "https://www.immunovant.com/investors/company-information/faq",
    "timestamp": "unknown"
  },
  {
    "title": "FinancialsOverviewFinancial ResultsIncome StatementBalance SheetCash Flow",
    "link": "https://www.immunovant.com/investors/financials",
    "timestamp": "unknown"
  },
  {
    "title": "Overview",
    "link": "https://www.immunovant.com/investors/financials",
    "timestamp": "unknown"
  },
  {
    "title": "Financial Results",
    "link": "https://www.immunovant.com/investors/financials/financial-results",
    "timestamp": "unknown"
  },
  {
    "title": "Income Statement",
    "link": "https://www.immunovant.com/investors/financials/income-statement",
    "timestamp": "unknown"
  },
  {
    "title": "Balance Sheet",
    "link": "https://www.immunovant.com/investors/financials/balance-sheet",
    "timestamp": "unknown"
  },
  {
    "title": "Cash Flow",
    "link": "https://www.immunovant.com/investors/financials/cash-flow",
    "timestamp": "unknown"
  },
  {
    "title": "Stock DataQuoteChartsHistorical DataAnalyst Coverage",
    "link": "https://www.immunovant.com/investors/stock-data",
    "timestamp": "unknown"
  },
  {
    "title": "Quote",
    "link": "https://www.immunovant.com/investors/stock-data/quote",
    "timestamp": "unknown"
  },
  {
    "title": "Charts",
    "link": "https://www.immunovant.com/investors/stock-data/charts",
    "timestamp": "unknown"
  },
  {
    "title": "Historical Data",
    "link": "https://www.immunovant.com/investors/stock-data/historical-data",
    "timestamp": "unknown"
  },
  {
    "title": "Analyst Coverage",
    "link": "https://www.immunovant.com/investors/stock-data/analyst-coverage",
    "timestamp": "unknown"
  },
  {
    "title": "SEC FilingsOverviewAll SEC Filings",
    "link": "https://www.immunovant.com/investors/sec-filings",
    "timestamp": "unknown"
  },
  {
    "title": "Overview",
    "link": "https://www.immunovant.com/investors/sec-filings",
    "timestamp": "unknown"
  },
  {
    "title": "All SEC Filings",
    "link": "https://www.immunovant.com/investors/sec-filings/all-sec-filings",
    "timestamp": "unknown"
  },
  {
    "title": "GovernanceOverviewBoard of DirectorsBoard CommitteesGovernance DocumentsWhistleblower Policy",
    "link": "https://www.immunovant.com/investors/corporate-governance",
    "timestamp": "unknown"
  },
  {
    "title": "Overview",
    "link": "https://www.immunovant.com/investors/corporate-governance",
    "timestamp": "unknown"
  },
  {
    "title": "Board of Directors",
    "link": "https://www.immunovant.com/investors/corporate-governance/board-of-directors",
    "timestamp": "unknown"
  },
  {
    "title": "Board Committees",
    "link": "https://www.immunovant.com/investors/corporate-governance/board-committees",
    "timestamp": "unknown"
  },
  {
    "title": "Governance Documents",
    "link": "https://www.immunovant.com/investors/corporate-governance/governance-documents",
    "timestamp": "unknown"
  },
  {
    "title": "Whistleblower Policy",
    "link": "https://www.immunovant.com/investors/corporate-governance/whistleblower-policy",
    "timestamp": "unknown"
  },
  {
    "title": "News & EventsOverviewPress ReleasesIR CalendarPresentationsEmail AlertsYearAll yearsCategoryAll releasesFinancial releasesSep ,   EDTImmunovant Unveil",
    "link": "https://www.immunovant.com/investors/news-events",
    "timestamp": "unknown"
  },
  {
    "title": "News & EventsOverviewPress ReleasesIR CalendarPresentationsEmail AlertsYearAll yearsCategoryAll releasesFinancial releasesSep ,   EDTImmunovant Unveil",
    "link": "https://www.immunovant.com/investors/news-events",
    "timestamp": "unknown"
  },
  {
    "title": "News & EventsOverviewPress ReleasesIR CalendarPresentationsEmail AlertsYearAll yearsCategoryAll releasesFinancial releasesSep ,   EDTImmunovant Unveil",
    "link": "https://www.immunovant.com/investors/news-events",
    "timestamp": "unknown"
  },
  {
    "title": "Overview",
    "link": "https://www.immunovant.com/investors/news-events",
    "timestamp": "unknown"
  },
  {
    "title": "Press Releases",
    "link": "https://www.immunovant.com/investors/news-events/press-releases",
    "timestamp": "unknown"
  },
  {
    "title": "IR Calendar",
    "link": "https://www.immunovant.com/investors/news-events/ir-calendar",
    "timestamp": "unknown"
  },
  {
    "title": "Presentations",
    "link": "https://www.immunovant.com/investors/news-events/presentations",
    "timestamp": "unknown"
  },
  {
    "title": "Email Alerts",
    "link": "https://www.immunovant.com/investors/news-events/email-alerts",
    "timestamp": "unknown"
  },
  {
    "title": "Sep ,   EDTImmunovant Unveils Durability and Treatment-Free Six-month Remission Data with Potential to Change Treatment Paradigm for Uncontrolled Grav",
    "link": "https://www.immunovant.com/investors/news-events/press-releases/detail//immunovant-unveils-durability-and-treatment-free-six-month",
    "timestamp": "unknown"
  },
  {
    "title": "Sep ,   EDTImmunovant Unveils Durability and Treatment-Free Six-month Remission Data with Potential to Change Treatment Paradigm for Uncontrolled Grav",
    "link": "https://www.immunovant.com/investors/news-events/press-releases/detail//immunovant-unveils-durability-and-treatment-free-six-month",
    "timestamp": "unknown"
  },
  {
    "title": "Sep ,   EDTImmunovant Unveils Durability and Treatment-Free Six-month Remission Data with Potential to Change Treatment Paradigm for Uncontrolled Grav",
    "link": "https://www.immunovant.com/investors/news-events/press-releases/detail//immunovant-unveils-durability-and-treatment-free-six-month",
    "timestamp": "unknown"
  },
  {
    "title": "Aug ,   EDTImmunovant Provides Corporate Updates and Reports Financial Results for the Quarter Ended June ,",
    "link": "https://www.immunovant.com/investors/news-events/press-releases/detail//immunovant-provides-corporate-updates-and-reports-financial",
    "timestamp": "unknown"
  },
  {
    "title": "Aug ,   EDTImmunovant Provides Corporate Updates and Reports Financial Results for the Quarter Ended June ,",
    "link": "https://www.immunovant.com/investors/news-events/press-releases/detail//immunovant-provides-corporate-updates-and-reports-financial",
    "timestamp": "unknown"
  },
  {
    "title": "Aug ,   EDTImmunovant Provides Corporate Updates and Reports Financial Results for the Quarter Ended June ,",
    "link": "https://www.immunovant.com/investors/news-events/press-releases/detail//immunovant-provides-corporate-updates-and-reports-financial",
    "timestamp": "unknown"
  },
  {
    "title": "May ,   EDTImmunovant Provides Corporate Updates and Reports Financial Results for the Fourth Quarter and Fiscal Year Ended March ,",
    "link": "https://www.immunovant.com/investors/news-events/press-releases/detail//immunovant-provides-corporate-updates-and-reports-financial",
    "timestamp": "unknown"
  },
  {
    "title": "May ,   EDTImmunovant Provides Corporate Updates and Reports Financial Results for the Fourth Quarter and Fiscal Year Ended March ,",
    "link": "https://www.immunovant.com/investors/news-events/press-releases/detail//immunovant-provides-corporate-updates-and-reports-financial",
    "timestamp": "unknown"
  },
  {
    "title": "May ,   EDTImmunovant Provides Corporate Updates and Reports Financial Results for the Fourth Quarter and Fiscal Year Ended March ,",
    "link": "https://www.immunovant.com/investors/news-events/press-releases/detail//immunovant-provides-corporate-updates-and-reports-financial",
    "timestamp": "unknown"
  },
  {
    "title": "Apr ,   EDTImmunovant Announces Next Phase of Growth with Roivant Including Changes to its Leadership Team and Additional Indications Sj\u00f6gren\u2019s Diseas",
    "link": "https://www.immunovant.com/investors/news-events/press-releases/detail//immunovant-announces-next-phase-of-growth-with-roivant",
    "timestamp": "unknown"
  },
  {
    "title": "Apr ,   EDTImmunovant Announces Next Phase of Growth with Roivant Including Changes to its Leadership Team and Additional Indications Sj\u00f6gren\u2019s Diseas",
    "link": "https://www.immunovant.com/investors/news-events/press-releases/detail//immunovant-announces-next-phase-of-growth-with-roivant",
    "timestamp": "unknown"
  },
  {
    "title": "Apr ,   EDTImmunovant Announces Next Phase of Growth with Roivant Including Changes to its Leadership Team and Additional Indications Sj\u00f6gren\u2019s Diseas",
    "link": "https://www.immunovant.com/investors/news-events/press-releases/detail//immunovant-announces-next-phase-of-growth-with-roivant",
    "timestamp": "unknown"
  },
  {
    "title": "Mar ,   EDTImmunovant Announces Positive Results for Batoclimab Myasthenia Gravis (MG) and Chronic Inflammatory Demyelinating Polyneuropathy (CIDP) St",
    "link": "https://www.immunovant.com/investors/news-events/press-releases/detail//immunovant-announces-positive-results-for-batoclimab",
    "timestamp": "unknown"
  },
  {
    "title": "Mar ,   EDTImmunovant Announces Positive Results for Batoclimab Myasthenia Gravis (MG) and Chronic Inflammatory Demyelinating Polyneuropathy (CIDP) St",
    "link": "https://www.immunovant.com/investors/news-events/press-releases/detail//immunovant-announces-positive-results-for-batoclimab",
    "timestamp": "unknown"
  },
  {
    "title": "Mar ,   EDTImmunovant Announces Positive Results for Batoclimab Myasthenia Gravis (MG) and Chronic Inflammatory Demyelinating Polyneuropathy (CIDP) St",
    "link": "https://www.immunovant.com/investors/news-events/press-releases/detail//immunovant-announces-positive-results-for-batoclimab",
    "timestamp": "unknown"
  },
  {
    "title": "Mar ,   EDTImmunovant to Host Investor Webcast at  ET on Wednesday, March  to Review Results from Batoclimab Myasthenia Gravis (MG) and Chronic Inflam",
    "link": "https://www.immunovant.com/investors/news-events/press-releases/detail//immunovant-to-host-investor-webcast-at---am-et-on",
    "timestamp": "unknown"
  },
  {
    "title": "Mar ,   EDTImmunovant to Host Investor Webcast at  ET on Wednesday, March  to Review Results from Batoclimab Myasthenia Gravis (MG) and Chronic Inflam",
    "link": "https://www.immunovant.com/investors/news-events/press-releases/detail//immunovant-to-host-investor-webcast-at---am-et-on",
    "timestamp": "unknown"
  },
  {
    "title": "Mar ,   EDTImmunovant to Host Investor Webcast at  ET on Wednesday, March  to Review Results from Batoclimab Myasthenia Gravis (MG) and Chronic Inflam",
    "link": "https://www.immunovant.com/investors/news-events/press-releases/detail//immunovant-to-host-investor-webcast-at---am-et-on",
    "timestamp": "unknown"
  },
  {
    "title": "Feb ,   ESTImmunovant Reports Financial Results for the Quarter Ended December ,",
    "link": "https://www.immunovant.com/investors/news-events/press-releases/detail//immunovant-reports-financial-results-for-the-quarter-ended",
    "timestamp": "unknown"
  },
  {
    "title": "Feb ,   ESTImmunovant Reports Financial Results for the Quarter Ended December ,",
    "link": "https://www.immunovant.com/investors/news-events/press-releases/detail//immunovant-reports-financial-results-for-the-quarter-ended",
    "timestamp": "unknown"
  },
  {
    "title": "Feb ,   ESTImmunovant Reports Financial Results for the Quarter Ended December ,",
    "link": "https://www.immunovant.com/investors/news-events/press-releases/detail//immunovant-reports-financial-results-for-the-quarter-ended",
    "timestamp": "unknown"
  },
  {
    "title": "Jan ,   ESTImmunovant Announces $ Million Private Placement",
    "link": "https://www.immunovant.com/investors/news-events/press-releases/detail//immunovant-announces--million-private-placement",
    "timestamp": "unknown"
  },
  {
    "title": "Jan ,   ESTImmunovant Announces $ Million Private Placement",
    "link": "https://www.immunovant.com/investors/news-events/press-releases/detail//immunovant-announces--million-private-placement",
    "timestamp": "unknown"
  },
  {
    "title": "Jan ,   ESTImmunovant Announces $ Million Private Placement",
    "link": "https://www.immunovant.com/investors/news-events/press-releases/detail//immunovant-announces--million-private-placement",
    "timestamp": "unknown"
  },
  {
    "title": "Nov ,   ESTImmunovant Provides Development Updates and Reports Financial Results for the Quarter Ended September ,",
    "link": "https://www.immunovant.com/investors/news-events/press-releases/detail//immunovant-provides-development-updates-and-reports",
    "timestamp": "unknown"
  },
  {
    "title": "Nov ,   ESTImmunovant Provides Development Updates and Reports Financial Results for the Quarter Ended September ,",
    "link": "https://www.immunovant.com/investors/news-events/press-releases/detail//immunovant-provides-development-updates-and-reports",
    "timestamp": "unknown"
  },
  {
    "title": "Nov ,   ESTImmunovant Provides Development Updates and Reports Financial Results for the Quarter Ended September ,",
    "link": "https://www.immunovant.com/investors/news-events/press-releases/detail//immunovant-provides-development-updates-and-reports",
    "timestamp": "unknown"
  },
  {
    "title": "Oct ,   EDTImmunovant Announces Oral Presentation of Late Breaking Abstract for Phase  Graves\u2019 Disease Clinical Data at the  American Thyroid Associat",
    "link": "https://www.immunovant.com/investors/news-events/press-releases/detail//immunovant-announces-oral-presentation-of-late-breaking",
    "timestamp": "unknown"
  },
  {
    "title": "Oct ,   EDTImmunovant Announces Oral Presentation of Late Breaking Abstract for Phase  Graves\u2019 Disease Clinical Data at the  American Thyroid Associat",
    "link": "https://www.immunovant.com/investors/news-events/press-releases/detail//immunovant-announces-oral-presentation-of-late-breaking",
    "timestamp": "unknown"
  },
  {
    "title": "Oct ,   EDTImmunovant Announces Oral Presentation of Late Breaking Abstract for Phase  Graves\u2019 Disease Clinical Data at the  American Thyroid Associat",
    "link": "https://www.immunovant.com/investors/news-events/press-releases/detail//immunovant-announces-oral-presentation-of-late-breaking",
    "timestamp": "unknown"
  },
  {
    "title": "PagePagePagePagePagePagePagePageNext Pagearrow_forwardSelect a page:PagePagePagePagePagePagePagePage",
    "link": "https://www.immunovant.com/investors/news-events/press-releases?page=",
    "timestamp": "unknown"
  },
  {
    "title": "Page",
    "link": "https://www.immunovant.com/investors/news-events/press-releases?page=",
    "timestamp": "unknown"
  },
  {
    "title": "Page",
    "link": "https://www.immunovant.com/investors/news-events/press-releases?page=",
    "timestamp": "unknown"
  },
  {
    "title": "Page",
    "link": "https://www.immunovant.com/investors/news-events/press-releases?page=",
    "timestamp": "unknown"
  },
  {
    "title": "Page",
    "link": "https://www.immunovant.com/investors/news-events/press-releases?page=",
    "timestamp": "unknown"
  },
  {
    "title": "Page",
    "link": "https://www.immunovant.com/investors/news-events/press-releases?page=",
    "timestamp": "unknown"
  },
  {
    "title": "Page",
    "link": "https://www.immunovant.com/investors/news-events/press-releases?page=",
    "timestamp": "unknown"
  },
  {
    "title": "Page",
    "link": "https://www.immunovant.com/investors/news-events/press-releases?page=",
    "timestamp": "unknown"
  },
  {
    "title": "Page",
    "link": "https://www.immunovant.com/investors/news-events/press-releases?page=",
    "timestamp": "unknown"
  },
  {
    "title": "Next Pagearrow_forward",
    "link": "https://www.immunovant.com/investors/news-events/press-releases?page=",
    "timestamp": "unknown"
  },
  {
    "title": "rss_feedNews RSS",
    "link": "https://www.immunovant.com/investors/news-events/press-releases/rss",
    "timestamp": "unknown"
  },
  {
    "title": "Email AlertsContactsRSS News Feed",
    "link": "https://www.immunovant.com/investors/news-events/email-alerts",
    "timestamp": "unknown"
  },
  {
    "title": "Email Alerts",
    "link": "https://www.immunovant.com/investors/news-events/email-alerts",
    "timestamp": "unknown"
  },
  {
    "title": "Contacts",
    "link": "https://www.immunovant.com/investors/company-information/contacts",
    "timestamp": "unknown"
  },
  {
    "title": "RSS News Feed",
    "link": "https://www.immunovant.com/investors/news-events/press-releases/rss",
    "timestamp": "unknown"
  },
  {
    "title": "\u00a9Immunovant, Inc.All rights reserved.",
    "link": "https://www.immunovant.com/",
    "timestamp": "unknown"
  },
  {
    "title": "\u00a9Immunovant, Inc.All rights reserved.",
    "link": "https://www.immunovant.com/",
    "timestamp": "unknown"
  }
]