[
  {
    "title": "Close MenuSearchReinventing MedicineRedefining Treatment ParadigmsAbout UsOur CompanyLeadershipKymera CaresScience & InnovationOur ApproachPipelineRes",
    "link": "https://www.kymeratx.com",
    "timestamp": "unknown"
  },
  {
    "title": "Close MenuSearchReinventing MedicineRedefining Treatment ParadigmsAbout UsOur CompanyLeadershipKymera CaresScience & InnovationOur ApproachPipelineRes",
    "link": "https://www.kymeratx.com",
    "timestamp": "unknown"
  },
  {
    "title": "Close Menu",
    "link": "https://www.kymeratx.com",
    "timestamp": "unknown"
  },
  {
    "title": "Close Menu",
    "link": "https://investors.kymeratx.com/news-events/events",
    "timestamp": "unknown"
  },
  {
    "title": "Reinventing MedicineRedefining Treatment Paradigms",
    "link": "https://investors.kymeratx.com/news-events/events",
    "timestamp": "unknown"
  },
  {
    "title": "Redefining Treatment Paradigms",
    "link": "https://www.kymeratx.com/reinventing-medicine/redefining-treatment-paradigms/",
    "timestamp": "unknown"
  },
  {
    "title": "About UsOur CompanyLeadershipKymera Cares",
    "link": "https://www.kymeratx.com/about-us/",
    "timestamp": "unknown"
  },
  {
    "title": "Our Company",
    "link": "https://www.kymeratx.com/about-us/our-company/",
    "timestamp": "unknown"
  },
  {
    "title": "Leadership",
    "link": "https://www.kymeratx.com/about-us/leadership/",
    "timestamp": "unknown"
  },
  {
    "title": "Kymera Cares",
    "link": "https://www.kymeratx.com/about-us/kymera-cares/",
    "timestamp": "unknown"
  },
  {
    "title": "Science & InnovationOur ApproachPipelineResource Library",
    "link": "https://www.kymeratx.com/science-innovation/",
    "timestamp": "unknown"
  },
  {
    "title": "Our Approach",
    "link": "https://www.kymeratx.com/science-innovation/our-approach/",
    "timestamp": "unknown"
  },
  {
    "title": "Pipeline",
    "link": "https://www.kymeratx.com/science-innovation/pipeline/",
    "timestamp": "unknown"
  },
  {
    "title": "Resource Library",
    "link": "https://www.kymeratx.com/science-innovation/resource-library/",
    "timestamp": "unknown"
  },
  {
    "title": "Careers & CultureWorking at KymeraOpen Positions",
    "link": "https://www.kymeratx.com/careers-culture/",
    "timestamp": "unknown"
  },
  {
    "title": "Working at Kymera",
    "link": "https://www.kymeratx.com/careers-culture/working-at-kymera/",
    "timestamp": "unknown"
  },
  {
    "title": "Open Positions",
    "link": "https://www.kymeratx.com/working-at-kymera/#open-positions",
    "timestamp": "unknown"
  },
  {
    "title": "Search",
    "link": "https://investors.kymeratx.com/news-events/events#search",
    "timestamp": "unknown"
  },
  {
    "title": "Patients",
    "link": "https://www.kymeratx.com/patients/",
    "timestamp": "unknown"
  },
  {
    "title": "Media",
    "link": "https://www.kymeratx.com/media/",
    "timestamp": "unknown"
  },
  {
    "title": "Investors",
    "link": "https://investors.kymeratx.com/",
    "timestamp": "unknown"
  },
  {
    "title": "PatientsMediaInvestorsReinventing MedicineRedefining Treatment ParadigmsAbout UsOur CompanyLeadershipKymera CaresScience & InnovationOur ApproachPipel",
    "link": "https://www.kymeratx.com/patients/",
    "timestamp": "unknown"
  },
  {
    "title": "PatientsMediaInvestorsReinventing MedicineRedefining Treatment ParadigmsAbout UsOur CompanyLeadershipKymera CaresScience & InnovationOur ApproachPipel",
    "link": "https://www.kymeratx.com/patients/",
    "timestamp": "unknown"
  },
  {
    "title": "PatientsMediaInvestors",
    "link": "https://www.kymeratx.com/patients/",
    "timestamp": "unknown"
  },
  {
    "title": "PatientsMediaInvestors",
    "link": "https://www.kymeratx.com/patients/",
    "timestamp": "unknown"
  },
  {
    "title": "Patients",
    "link": "https://www.kymeratx.com/patients/",
    "timestamp": "unknown"
  },
  {
    "title": "Media",
    "link": "https://www.kymeratx.com/media/",
    "timestamp": "unknown"
  },
  {
    "title": "Investors",
    "link": "https://investors.kymeratx.com/",
    "timestamp": "unknown"
  },
  {
    "title": "Reinventing MedicineRedefining Treatment ParadigmsAbout UsOur CompanyLeadershipKymera CaresScience & InnovationOur ApproachPipelineResource LibraryCar",
    "link": "https://investors.kymeratx.com/news-events/events",
    "timestamp": "unknown"
  },
  {
    "title": "Reinventing MedicineRedefining Treatment ParadigmsAbout UsOur CompanyLeadershipKymera CaresScience & InnovationOur ApproachPipelineResource LibraryCar",
    "link": "https://investors.kymeratx.com/news-events/events",
    "timestamp": "unknown"
  },
  {
    "title": "Reinventing MedicineRedefining Treatment ParadigmsAbout UsOur CompanyLeadershipKymera CaresScience & InnovationOur ApproachPipelineResource LibraryCar",
    "link": "https://investors.kymeratx.com/news-events/events",
    "timestamp": "unknown"
  },
  {
    "title": "Reinventing MedicineRedefining Treatment ParadigmsAbout UsOur CompanyLeadershipKymera CaresScience & InnovationOur ApproachPipelineResource LibraryCar",
    "link": "https://investors.kymeratx.com/news-events/events",
    "timestamp": "unknown"
  },
  {
    "title": "Reinventing MedicineRedefining Treatment ParadigmsAbout UsOur CompanyLeadershipKymera CaresScience & InnovationOur ApproachPipelineResource LibraryCar",
    "link": "https://investors.kymeratx.com/news-events/events",
    "timestamp": "unknown"
  },
  {
    "title": "Reinventing MedicineRedefining Treatment ParadigmsAbout UsOur CompanyLeadershipKymera CaresScience & InnovationOur ApproachPipelineResource LibraryCar",
    "link": "https://investors.kymeratx.com/news-events/events",
    "timestamp": "unknown"
  },
  {
    "title": "Reinventing MedicineRedefining Treatment Paradigms",
    "link": "https://investors.kymeratx.com/news-events/events",
    "timestamp": "unknown"
  },
  {
    "title": "Redefining Treatment Paradigms",
    "link": "https://www.kymeratx.com/reinventing-medicine/redefining-treatment-paradigms/",
    "timestamp": "unknown"
  },
  {
    "title": "About UsOur CompanyLeadershipKymera Cares",
    "link": "https://www.kymeratx.com/about-us/",
    "timestamp": "unknown"
  },
  {
    "title": "Our Company",
    "link": "https://www.kymeratx.com/about-us/our-company/",
    "timestamp": "unknown"
  },
  {
    "title": "Leadership",
    "link": "https://www.kymeratx.com/about-us/leadership/",
    "timestamp": "unknown"
  },
  {
    "title": "Kymera Cares",
    "link": "https://www.kymeratx.com/about-us/kymera-cares/",
    "timestamp": "unknown"
  },
  {
    "title": "Science & InnovationOur ApproachPipelineResource Library",
    "link": "https://www.kymeratx.com/science-innovation/",
    "timestamp": "unknown"
  },
  {
    "title": "Our Approach",
    "link": "https://www.kymeratx.com/science-innovation/our-approach/",
    "timestamp": "unknown"
  },
  {
    "title": "Pipeline",
    "link": "https://www.kymeratx.com/science-innovation/pipeline/",
    "timestamp": "unknown"
  },
  {
    "title": "Resource Library",
    "link": "https://www.kymeratx.com/science-innovation/resource-library/",
    "timestamp": "unknown"
  },
  {
    "title": "Careers & CultureWorking at KymeraOpen Positions",
    "link": "https://www.kymeratx.com/careers-culture/",
    "timestamp": "unknown"
  },
  {
    "title": "Working at Kymera",
    "link": "https://www.kymeratx.com/careers-culture/working-at-kymera/",
    "timestamp": "unknown"
  },
  {
    "title": "Open Positions",
    "link": "https://www.kymeratx.com/working-at-kymera/#open-positions",
    "timestamp": "unknown"
  },
  {
    "title": "Search",
    "link": "https://investors.kymeratx.com/news-events/events#search",
    "timestamp": "unknown"
  },
  {
    "title": "EventsOverviewNews & EventsPress ReleasesEventsPresentationsSEC FilingsStockStock Quote & ChartHistoric Price LookupAnalyst CoverageCorporate Governan",
    "link": "https://investors.kymeratx.com/",
    "timestamp": "unknown"
  },
  {
    "title": "OverviewNews & EventsPress ReleasesEventsPresentationsSEC FilingsStockStock Quote & ChartHistoric Price LookupAnalyst CoverageCorporate GovernanceDocu",
    "link": "https://investors.kymeratx.com/",
    "timestamp": "unknown"
  },
  {
    "title": "OverviewNews & EventsPress ReleasesEventsPresentationsSEC FilingsStockStock Quote & ChartHistoric Price LookupAnalyst CoverageCorporate GovernanceDocu",
    "link": "https://investors.kymeratx.com/",
    "timestamp": "unknown"
  },
  {
    "title": "OverviewNews & EventsPress ReleasesEventsPresentationsSEC FilingsStockStock Quote & ChartHistoric Price LookupAnalyst CoverageCorporate GovernanceDocu",
    "link": "https://investors.kymeratx.com/",
    "timestamp": "unknown"
  },
  {
    "title": "Overview",
    "link": "https://investors.kymeratx.com/",
    "timestamp": "unknown"
  },
  {
    "title": "News & EventsPress ReleasesEventsPresentations",
    "link": "https://investors.kymeratx.com/news-events/press-releases",
    "timestamp": "unknown"
  },
  {
    "title": "Press Releases",
    "link": "https://investors.kymeratx.com/news-events/press-releases",
    "timestamp": "unknown"
  },
  {
    "title": "Events",
    "link": "https://investors.kymeratx.com/news-events/events",
    "timestamp": "unknown"
  },
  {
    "title": "Presentations",
    "link": "https://investors.kymeratx.com/news-events/presentations",
    "timestamp": "unknown"
  },
  {
    "title": "SEC Filings",
    "link": "https://investors.kymeratx.com/sec-filings",
    "timestamp": "unknown"
  },
  {
    "title": "StockStock Quote & ChartHistoric Price LookupAnalyst Coverage",
    "link": "https://investors.kymeratx.com/stock-information/stock-quote-chart",
    "timestamp": "unknown"
  },
  {
    "title": "Stock Quote & Chart",
    "link": "https://investors.kymeratx.com/stock-information/stock-quote-chart",
    "timestamp": "unknown"
  },
  {
    "title": "Historic Price Lookup",
    "link": "https://investors.kymeratx.com/stock-information/historic-price-lookup",
    "timestamp": "unknown"
  },
  {
    "title": "Analyst Coverage",
    "link": "https://investors.kymeratx.com/stock-information/analyst-coverage",
    "timestamp": "unknown"
  },
  {
    "title": "Corporate GovernanceDocuments & ChartersBoard of DirectorsCommittee Composition",
    "link": "https://investors.kymeratx.com/corporate-governance/documents-charters",
    "timestamp": "unknown"
  },
  {
    "title": "Documents & Charters",
    "link": "https://investors.kymeratx.com/corporate-governance/documents-charters",
    "timestamp": "unknown"
  },
  {
    "title": "Board of Directors",
    "link": "https://www.kymeratx.com/about-us/leadership/",
    "timestamp": "unknown"
  },
  {
    "title": "Committee Composition",
    "link": "https://investors.kymeratx.com/corporate-governance/committee-composition",
    "timestamp": "unknown"
  },
  {
    "title": "Shareholder ResourcesInvestor FAQsEmail AlertsContacts",
    "link": "https://investors.kymeratx.com/shareholder-resources/investor-faqs",
    "timestamp": "unknown"
  },
  {
    "title": "Investor FAQs",
    "link": "https://investors.kymeratx.com/shareholder-resources/investor-faqs",
    "timestamp": "unknown"
  },
  {
    "title": "Email Alerts",
    "link": "https://investors.kymeratx.com/shareholder-resources/email-alerts",
    "timestamp": "unknown"
  },
  {
    "title": "Contacts",
    "link": "https://investors.kymeratx.com/shareholder-resources/contacts",
    "timestamp": "unknown"
  },
  {
    "title": "Upcoming EventsDateEvent DetailsRemind MeDecember ,ESTKymera Therapeutics KT- BroADen Phase 1b Atopic Dermatitis Trial ResultsClick here for WebcastAd",
    "link": "https://investors.kymeratx.com/events/event-details/kymera-therapeutics-kt--broaden-phase-1b-atopic-dermatitis-trial-results",
    "timestamp": "unknown"
  },
  {
    "title": "Upcoming EventsDateEvent DetailsRemind MeDecember ,ESTKymera Therapeutics KT- BroADen Phase 1b Atopic Dermatitis Trial ResultsClick here for WebcastAd",
    "link": "https://investors.kymeratx.com/events/event-details/kymera-therapeutics-kt--broaden-phase-1b-atopic-dermatitis-trial-results",
    "timestamp": "unknown"
  },
  {
    "title": "Upcoming EventsDateEvent DetailsRemind MeDecember ,ESTKymera Therapeutics KT- BroADen Phase 1b Atopic Dermatitis Trial ResultsClick here for WebcastAd",
    "link": "https://investors.kymeratx.com/events/event-details/kymera-therapeutics-kt--broaden-phase-1b-atopic-dermatitis-trial-results",
    "timestamp": "unknown"
  },
  {
    "title": "Upcoming EventsDateEvent DetailsRemind MeDecember ,ESTKymera Therapeutics KT- BroADen Phase 1b Atopic Dermatitis Trial ResultsClick here for WebcastAd",
    "link": "https://investors.kymeratx.com/events/event-details/kymera-therapeutics-kt--broaden-phase-1b-atopic-dermatitis-trial-results",
    "timestamp": "unknown"
  },
  {
    "title": "Upcoming EventsDateEvent DetailsRemind MeDecember ,ESTKymera Therapeutics KT- BroADen Phase 1b Atopic Dermatitis Trial ResultsClick here for WebcastAd",
    "link": "https://investors.kymeratx.com/events/event-details/kymera-therapeutics-kt--broaden-phase-1b-atopic-dermatitis-trial-results",
    "timestamp": "unknown"
  },
  {
    "title": "Upcoming EventsDateEvent DetailsRemind MeDecember ,ESTKymera Therapeutics KT- BroADen Phase 1b Atopic Dermatitis Trial ResultsClick here for WebcastAd",
    "link": "https://investors.kymeratx.com/events/event-details/kymera-therapeutics-kt--broaden-phase-1b-atopic-dermatitis-trial-results",
    "timestamp": "unknown"
  },
  {
    "title": "Upcoming EventsDateEvent DetailsRemind MeDecember ,ESTKymera Therapeutics KT- BroADen Phase 1b Atopic Dermatitis Trial ResultsClick here for WebcastAd",
    "link": "https://investors.kymeratx.com/events/event-details/kymera-therapeutics-kt--broaden-phase-1b-atopic-dermatitis-trial-results",
    "timestamp": "unknown"
  },
  {
    "title": "Upcoming EventsDateEvent DetailsRemind MeDecember ,ESTKymera Therapeutics KT- BroADen Phase 1b Atopic Dermatitis Trial ResultsClick here for WebcastAd",
    "link": "https://investors.kymeratx.com/events/event-details/kymera-therapeutics-kt--broaden-phase-1b-atopic-dermatitis-trial-results",
    "timestamp": "unknown"
  },
  {
    "title": "Upcoming EventsDateEvent DetailsRemind MeDecember ,ESTKymera Therapeutics KT- BroADen Phase 1b Atopic Dermatitis Trial ResultsClick here for WebcastAd",
    "link": "https://investors.kymeratx.com/events/event-details/kymera-therapeutics-kt--broaden-phase-1b-atopic-dermatitis-trial-results",
    "timestamp": "unknown"
  },
  {
    "title": "Upcoming EventsDateEvent DetailsRemind MeDecember ,ESTKymera Therapeutics KT- BroADen Phase 1b Atopic Dermatitis Trial ResultsClick here for WebcastAd",
    "link": "https://investors.kymeratx.com/events/event-details/kymera-therapeutics-kt--broaden-phase-1b-atopic-dermatitis-trial-results",
    "timestamp": "unknown"
  },
  {
    "title": "Upcoming EventsDateEvent DetailsRemind MeDecember ,ESTKymera Therapeutics KT- BroADen Phase 1b Atopic Dermatitis Trial ResultsClick here for WebcastAd",
    "link": "https://investors.kymeratx.com/events/event-details/kymera-therapeutics-kt--broaden-phase-1b-atopic-dermatitis-trial-results",
    "timestamp": "unknown"
  },
  {
    "title": "Upcoming EventsDateEvent DetailsRemind MeDecember ,ESTKymera Therapeutics KT- BroADen Phase 1b Atopic Dermatitis Trial ResultsClick here for WebcastAd",
    "link": "https://investors.kymeratx.com/events/event-details/kymera-therapeutics-kt--broaden-phase-1b-atopic-dermatitis-trial-results",
    "timestamp": "unknown"
  },
  {
    "title": "Upcoming EventsDateEvent DetailsRemind MeDecember ,ESTKymera Therapeutics KT- BroADen Phase 1b Atopic Dermatitis Trial ResultsClick here for WebcastAd",
    "link": "https://investors.kymeratx.com/events/event-details/kymera-therapeutics-kt--broaden-phase-1b-atopic-dermatitis-trial-results",
    "timestamp": "unknown"
  },
  {
    "title": "Upcoming EventsDateEvent DetailsRemind MeDecember ,ESTKymera Therapeutics KT- BroADen Phase 1b Atopic Dermatitis Trial ResultsClick here for WebcastAd",
    "link": "https://investors.kymeratx.com/events/event-details/kymera-therapeutics-kt--broaden-phase-1b-atopic-dermatitis-trial-results",
    "timestamp": "unknown"
  },
  {
    "title": "Upcoming EventsDateEvent DetailsRemind MeDecember ,ESTKymera Therapeutics KT- BroADen Phase 1b Atopic Dermatitis Trial ResultsClick here for WebcastAd",
    "link": "https://investors.kymeratx.com/events/event-details/kymera-therapeutics-kt--broaden-phase-1b-atopic-dermatitis-trial-results",
    "timestamp": "unknown"
  },
  {
    "title": "Upcoming EventsDateEvent DetailsRemind MeDecember ,ESTKymera Therapeutics KT- BroADen Phase 1b Atopic Dermatitis Trial ResultsClick here for WebcastAd",
    "link": "https://investors.kymeratx.com/events/event-details/kymera-therapeutics-kt--broaden-phase-1b-atopic-dermatitis-trial-results",
    "timestamp": "unknown"
  },
  {
    "title": "Upcoming EventsDateEvent DetailsRemind MeDecember ,ESTKymera Therapeutics KT- BroADen Phase 1b Atopic Dermatitis Trial ResultsClick here for WebcastAd",
    "link": "https://investors.kymeratx.com/events/event-details/kymera-therapeutics-kt--broaden-phase-1b-atopic-dermatitis-trial-results",
    "timestamp": "unknown"
  },
  {
    "title": "Upcoming EventsDateEvent DetailsRemind MeDecember ,ESTKymera Therapeutics KT- BroADen Phase 1b Atopic Dermatitis Trial ResultsClick here for WebcastAd",
    "link": "https://investors.kymeratx.com/events/event-details/kymera-therapeutics-kt--broaden-phase-1b-atopic-dermatitis-trial-results",
    "timestamp": "unknown"
  },
  {
    "title": "Upcoming EventsDateEvent DetailsRemind MeDecember ,ESTKymera Therapeutics KT- BroADen Phase 1b Atopic Dermatitis Trial ResultsClick here for WebcastAd",
    "link": "https://investors.kymeratx.com/events/event-details/kymera-therapeutics-kt--broaden-phase-1b-atopic-dermatitis-trial-results",
    "timestamp": "unknown"
  },
  {
    "title": "DateEvent DetailsRemind MeDecember ,ESTKymera Therapeutics KT- BroADen Phase 1b Atopic Dermatitis Trial ResultsClick here for WebcastAdd to OutlookAdd",
    "link": "https://investors.kymeratx.com/events/event-details/kymera-therapeutics-kt--broaden-phase-1b-atopic-dermatitis-trial-results",
    "timestamp": "unknown"
  },
  {
    "title": "DateEvent DetailsRemind MeDecember ,ESTKymera Therapeutics KT- BroADen Phase 1b Atopic Dermatitis Trial ResultsClick here for WebcastAdd to OutlookAdd",
    "link": "https://investors.kymeratx.com/events/event-details/kymera-therapeutics-kt--broaden-phase-1b-atopic-dermatitis-trial-results",
    "timestamp": "unknown"
  },
  {
    "title": "December ,ESTKymera Therapeutics KT- BroADen Phase 1b Atopic Dermatitis Trial ResultsClick here for WebcastAdd to OutlookAdd to Google Calendar",
    "link": "https://investors.kymeratx.com/events/event-details/kymera-therapeutics-kt--broaden-phase-1b-atopic-dermatitis-trial-results",
    "timestamp": "unknown"
  },
  {
    "title": "Kymera Therapeutics KT- BroADen Phase 1b Atopic Dermatitis Trial ResultsClick here for Webcast",
    "link": "https://investors.kymeratx.com/events/event-details/kymera-therapeutics-kt--broaden-phase-1b-atopic-dermatitis-trial-results",
    "timestamp": "unknown"
  },
  {
    "title": "Kymera Therapeutics KT- BroADen Phase 1b Atopic Dermatitis Trial Results",
    "link": "https://investors.kymeratx.com/events/event-details/kymera-therapeutics-kt--broaden-phase-1b-atopic-dermatitis-trial-results",
    "timestamp": "unknown"
  },
  {
    "title": "Kymera Therapeutics KT- BroADen Phase 1b Atopic Dermatitis Trial Results",
    "link": "https://investors.kymeratx.com/events/event-details/kymera-therapeutics-kt--broaden-phase-1b-atopic-dermatitis-trial-results",
    "timestamp": "unknown"
  },
  {
    "title": "Kymera Therapeutics KT- BroADen Phase 1b Atopic Dermatitis Trial Results",
    "link": "https://investors.kymeratx.com/events/event-details/kymera-therapeutics-kt--broaden-phase-1b-atopic-dermatitis-trial-results",
    "timestamp": "unknown"
  },
  {
    "title": "Click here for Webcast",
    "link": "https://kymera-therapeutics-kt--broaden-phase-1b-trial-results.open-exchange.net/",
    "timestamp": "unknown"
  },
  {
    "title": "Click here for Webcast",
    "link": "https://kymera-therapeutics-kt--broaden-phase-1b-trial-results.open-exchange.net/",
    "timestamp": "unknown"
  },
  {
    "title": "Click here for Webcast",
    "link": "https://kymera-therapeutics-kt--broaden-phase-1b-trial-results.open-exchange.net/",
    "timestamp": "unknown"
  },
  {
    "title": "Add to OutlookAdd to Google Calendar",
    "link": "https://investors.kymeratx.com/node//ics",
    "timestamp": "unknown"
  },
  {
    "title": "Add to Outlook",
    "link": "https://investors.kymeratx.com/node//ics",
    "timestamp": "unknown"
  },
  {
    "title": "Add to Outlook",
    "link": "https://investors.kymeratx.com/node//ics",
    "timestamp": "unknown"
  },
  {
    "title": "Add to Outlook",
    "link": "https://investors.kymeratx.com/node//ics",
    "timestamp": "unknown"
  },
  {
    "title": "Add to Google Calendar",
    "link": "https://www.google.com/calendar/render?action=TEMPLATE&text=Kymera%20Therapeutics%2C%20Inc.%-%20Kymera%20Therapeutics%20KT-%20BroADen%20Phase%201b%20Atopic%20Dermatitis%20Trial%20Results&dates=20251208T130000Z/20251208T130000Z&details=Event%20Details%3A%20https%3A//investors.kymeratx.com/events/event-details/kymera-therapeutics-kt--broaden-phase-1b-atopic-dermatitis-trial-results%0A%0AWebcast%3A%20https%3A//kymera-therapeutics-kt--broaden-phase-1b-trial-results.open-exchange.net/&location=&trp=false&sprop=name%3A",
    "timestamp": "unknown"
  },
  {
    "title": "Add to Google Calendar",
    "link": "https://www.google.com/calendar/render?action=TEMPLATE&text=Kymera%20Therapeutics%2C%20Inc.%-%20Kymera%20Therapeutics%20KT-%20BroADen%20Phase%201b%20Atopic%20Dermatitis%20Trial%20Results&dates=20251208T130000Z/20251208T130000Z&details=Event%20Details%3A%20https%3A//investors.kymeratx.com/events/event-details/kymera-therapeutics-kt--broaden-phase-1b-atopic-dermatitis-trial-results%0A%0AWebcast%3A%20https%3A//kymera-therapeutics-kt--broaden-phase-1b-trial-results.open-exchange.net/&location=&trp=false&sprop=name%3A",
    "timestamp": "unknown"
  },
  {
    "title": "Add to Google Calendar",
    "link": "https://www.google.com/calendar/render?action=TEMPLATE&text=Kymera%20Therapeutics%2C%20Inc.%-%20Kymera%20Therapeutics%20KT-%20BroADen%20Phase%201b%20Atopic%20Dermatitis%20Trial%20Results&dates=20251208T130000Z/20251208T130000Z&details=Event%20Details%3A%20https%3A//investors.kymeratx.com/events/event-details/kymera-therapeutics-kt--broaden-phase-1b-atopic-dermatitis-trial-results%0A%0AWebcast%3A%20https%3A//kymera-therapeutics-kt--broaden-phase-1b-trial-results.open-exchange.net/&location=&trp=false&sprop=name%3A",
    "timestamp": "unknown"
  },
  {
    "title": "Archived EventsDateEvent DetailsDecember ,ESTEvercore 8th Annual Healthcare ConferenceClick here for WebcastLocationCoral Gables, FLDecember ,ESTCiti ",
    "link": "https://investors.kymeratx.com/events/event-details/evercore-8th-annual-healthcare-conference",
    "timestamp": "unknown"
  },
  {
    "title": "Archived EventsDateEvent DetailsDecember ,ESTEvercore 8th Annual Healthcare ConferenceClick here for WebcastLocationCoral Gables, FLDecember ,ESTCiti ",
    "link": "https://investors.kymeratx.com/events/event-details/evercore-8th-annual-healthcare-conference",
    "timestamp": "unknown"
  },
  {
    "title": "Archived EventsDateEvent DetailsDecember ,ESTEvercore 8th Annual Healthcare ConferenceClick here for WebcastLocationCoral Gables, FLDecember ,ESTCiti ",
    "link": "https://investors.kymeratx.com/events/event-details/evercore-8th-annual-healthcare-conference",
    "timestamp": "unknown"
  },
  {
    "title": "Archived EventsDateEvent DetailsDecember ,ESTEvercore 8th Annual Healthcare ConferenceClick here for WebcastLocationCoral Gables, FLDecember ,ESTCiti ",
    "link": "https://investors.kymeratx.com/events/event-details/evercore-8th-annual-healthcare-conference",
    "timestamp": "unknown"
  },
  {
    "title": "DateEvent DetailsDecember ,ESTEvercore 8th Annual Healthcare ConferenceClick here for WebcastLocationCoral Gables, FLDecember ,ESTCiti  Global Healthc",
    "link": "https://investors.kymeratx.com/events/event-details/evercore-8th-annual-healthcare-conference",
    "timestamp": "unknown"
  },
  {
    "title": "DateEvent DetailsDecember ,ESTEvercore 8th Annual Healthcare ConferenceClick here for WebcastLocationCoral Gables, FLDecember ,ESTCiti  Global Healthc",
    "link": "https://investors.kymeratx.com/events/event-details/evercore-8th-annual-healthcare-conference",
    "timestamp": "unknown"
  },
  {
    "title": "December ,ESTEvercore 8th Annual Healthcare ConferenceClick here for WebcastLocationCoral Gables, FL",
    "link": "https://investors.kymeratx.com/events/event-details/evercore-8th-annual-healthcare-conference",
    "timestamp": "unknown"
  },
  {
    "title": "Evercore 8th Annual Healthcare ConferenceClick here for WebcastLocationCoral Gables, FL",
    "link": "https://investors.kymeratx.com/events/event-details/evercore-8th-annual-healthcare-conference",
    "timestamp": "unknown"
  },
  {
    "title": "Evercore 8th Annual Healthcare Conference",
    "link": "https://investors.kymeratx.com/events/event-details/evercore-8th-annual-healthcare-conference",
    "timestamp": "unknown"
  },
  {
    "title": "Evercore 8th Annual Healthcare Conference",
    "link": "https://investors.kymeratx.com/events/event-details/evercore-8th-annual-healthcare-conference",
    "timestamp": "unknown"
  },
  {
    "title": "Evercore 8th Annual Healthcare Conference",
    "link": "https://investors.kymeratx.com/events/event-details/evercore-8th-annual-healthcare-conference",
    "timestamp": "unknown"
  },
  {
    "title": "Click here for Webcast",
    "link": "https://wsw.com/webcast/evercore52/kymr/",
    "timestamp": "unknown"
  },
  {
    "title": "Click here for Webcast",
    "link": "https://wsw.com/webcast/evercore52/kymr/",
    "timestamp": "unknown"
  },
  {
    "title": "Click here for Webcast",
    "link": "https://wsw.com/webcast/evercore52/kymr/",
    "timestamp": "unknown"
  },
  {
    "title": "December ,ESTCiti  Global Healthcare ConferenceClick here for WebcastLocationMiami, FL",
    "link": "https://investors.kymeratx.com/events/event-details/citi--global-healthcare-conference",
    "timestamp": "unknown"
  },
  {
    "title": "Citi  Global Healthcare ConferenceClick here for WebcastLocationMiami, FL",
    "link": "https://investors.kymeratx.com/events/event-details/citi--global-healthcare-conference",
    "timestamp": "unknown"
  },
  {
    "title": "Citi  Global Healthcare Conference",
    "link": "https://investors.kymeratx.com/events/event-details/citi--global-healthcare-conference",
    "timestamp": "unknown"
  },
  {
    "title": "Citi  Global Healthcare Conference",
    "link": "https://investors.kymeratx.com/events/event-details/citi--global-healthcare-conference",
    "timestamp": "unknown"
  },
  {
    "title": "Citi  Global Healthcare Conference",
    "link": "https://investors.kymeratx.com/events/event-details/citi--global-healthcare-conference",
    "timestamp": "unknown"
  },
  {
    "title": "Click here for Webcast",
    "link": "https://kvgo.com/global-healthcare-conference-/kymera-therapeutics-inc-december-",
    "timestamp": "unknown"
  },
  {
    "title": "Click here for Webcast",
    "link": "https://kvgo.com/global-healthcare-conference-/kymera-therapeutics-inc-december-",
    "timestamp": "unknown"
  },
  {
    "title": "Click here for Webcast",
    "link": "https://kvgo.com/global-healthcare-conference-/kymera-therapeutics-inc-december-",
    "timestamp": "unknown"
  },
  {
    "title": "December ,ESTPiper Sandler 37th Annual Healthcare ConferenceClick here for WebcastLocationNew York, NY",
    "link": "https://investors.kymeratx.com/events/event-details/piper-sandler-37th-annual-healthcare-conference",
    "timestamp": "unknown"
  },
  {
    "title": "Piper Sandler 37th Annual Healthcare ConferenceClick here for WebcastLocationNew York, NY",
    "link": "https://investors.kymeratx.com/events/event-details/piper-sandler-37th-annual-healthcare-conference",
    "timestamp": "unknown"
  },
  {
    "title": "Piper Sandler 37th Annual Healthcare Conference",
    "link": "https://investors.kymeratx.com/events/event-details/piper-sandler-37th-annual-healthcare-conference",
    "timestamp": "unknown"
  },
  {
    "title": "Piper Sandler 37th Annual Healthcare Conference",
    "link": "https://investors.kymeratx.com/events/event-details/piper-sandler-37th-annual-healthcare-conference",
    "timestamp": "unknown"
  },
  {
    "title": "Piper Sandler 37th Annual Healthcare Conference",
    "link": "https://investors.kymeratx.com/events/event-details/piper-sandler-37th-annual-healthcare-conference",
    "timestamp": "unknown"
  },
  {
    "title": "Click here for Webcast",
    "link": "https://event.webcasts.com/starthere.jsp?ei=&tp_key=1a6c71da1e",
    "timestamp": "unknown"
  },
  {
    "title": "Click here for Webcast",
    "link": "https://event.webcasts.com/starthere.jsp?ei=&tp_key=1a6c71da1e",
    "timestamp": "unknown"
  },
  {
    "title": "Click here for Webcast",
    "link": "https://event.webcasts.com/starthere.jsp?ei=&tp_key=1a6c71da1e",
    "timestamp": "unknown"
  },
  {
    "title": "November ,GMTJefferies Global Healthcare ConferenceClick here for Webcast",
    "link": "https://investors.kymeratx.com/events/event-details/jefferies-global-healthcare-conference-",
    "timestamp": "unknown"
  },
  {
    "title": "Jefferies Global Healthcare ConferenceClick here for Webcast",
    "link": "https://investors.kymeratx.com/events/event-details/jefferies-global-healthcare-conference-",
    "timestamp": "unknown"
  },
  {
    "title": "Jefferies Global Healthcare Conference",
    "link": "https://investors.kymeratx.com/events/event-details/jefferies-global-healthcare-conference-",
    "timestamp": "unknown"
  },
  {
    "title": "Jefferies Global Healthcare Conference",
    "link": "https://investors.kymeratx.com/events/event-details/jefferies-global-healthcare-conference-",
    "timestamp": "unknown"
  },
  {
    "title": "Jefferies Global Healthcare Conference",
    "link": "https://investors.kymeratx.com/events/event-details/jefferies-global-healthcare-conference-",
    "timestamp": "unknown"
  },
  {
    "title": "Click here for Webcast",
    "link": "https://wsw.com/webcast/jeff332/kymr/",
    "timestamp": "unknown"
  },
  {
    "title": "Click here for Webcast",
    "link": "https://wsw.com/webcast/jeff332/kymr/",
    "timestamp": "unknown"
  },
  {
    "title": "Click here for Webcast",
    "link": "https://wsw.com/webcast/jeff332/kymr/",
    "timestamp": "unknown"
  },
  {
    "title": "November ,ESTTD Cowen Virtual Immunology & Inflammation SummitClick here for Webcast",
    "link": "https://investors.kymeratx.com/events/event-details/td-cowen-virtual-immunology-inflammation-summit",
    "timestamp": "unknown"
  },
  {
    "title": "TD Cowen Virtual Immunology & Inflammation SummitClick here for Webcast",
    "link": "https://investors.kymeratx.com/events/event-details/td-cowen-virtual-immunology-inflammation-summit",
    "timestamp": "unknown"
  },
  {
    "title": "TD Cowen Virtual Immunology & Inflammation Summit",
    "link": "https://investors.kymeratx.com/events/event-details/td-cowen-virtual-immunology-inflammation-summit",
    "timestamp": "unknown"
  },
  {
    "title": "TD Cowen Virtual Immunology & Inflammation Summit",
    "link": "https://investors.kymeratx.com/events/event-details/td-cowen-virtual-immunology-inflammation-summit",
    "timestamp": "unknown"
  },
  {
    "title": "TD Cowen Virtual Immunology & Inflammation Summit",
    "link": "https://investors.kymeratx.com/events/event-details/td-cowen-virtual-immunology-inflammation-summit",
    "timestamp": "unknown"
  },
  {
    "title": "Click here for Webcast",
    "link": "https://wsw.com/webcast/cowen185/kymr/",
    "timestamp": "unknown"
  },
  {
    "title": "Click here for Webcast",
    "link": "https://wsw.com/webcast/cowen185/kymr/",
    "timestamp": "unknown"
  },
  {
    "title": "Click here for Webcast",
    "link": "https://wsw.com/webcast/cowen185/kymr/",
    "timestamp": "unknown"
  },
  {
    "title": "November ,ESTStifel  Healthcare ConferenceClick here for WebcastLocationNew York, NY",
    "link": "https://investors.kymeratx.com/events/event-details/stifel--healthcare-conference",
    "timestamp": "unknown"
  },
  {
    "title": "Stifel  Healthcare ConferenceClick here for WebcastLocationNew York, NY",
    "link": "https://investors.kymeratx.com/events/event-details/stifel--healthcare-conference",
    "timestamp": "unknown"
  },
  {
    "title": "Stifel  Healthcare Conference",
    "link": "https://investors.kymeratx.com/events/event-details/stifel--healthcare-conference",
    "timestamp": "unknown"
  },
  {
    "title": "Stifel  Healthcare Conference",
    "link": "https://investors.kymeratx.com/events/event-details/stifel--healthcare-conference",
    "timestamp": "unknown"
  },
  {
    "title": "Stifel  Healthcare Conference",
    "link": "https://investors.kymeratx.com/events/event-details/stifel--healthcare-conference",
    "timestamp": "unknown"
  },
  {
    "title": "Click here for Webcast",
    "link": "https://event.summitcast.com/view/cwkmPXkC4dosg6MoG95rxb/Jtc46aGiMU7VobLVe5vx54",
    "timestamp": "unknown"
  },
  {
    "title": "Click here for Webcast",
    "link": "https://event.summitcast.com/view/cwkmPXkC4dosg6MoG95rxb/Jtc46aGiMU7VobLVe5vx54",
    "timestamp": "unknown"
  },
  {
    "title": "Click here for Webcast",
    "link": "https://event.summitcast.com/view/cwkmPXkC4dosg6MoG95rxb/Jtc46aGiMU7VobLVe5vx54",
    "timestamp": "unknown"
  },
  {
    "title": "November ,ESTUBS  Global Healthcare ConferenceClick here for WebcastLocationPalm Beach, FL",
    "link": "https://investors.kymeratx.com/events/event-details/ubs--global-healthcare-conference",
    "timestamp": "unknown"
  },
  {
    "title": "UBS  Global Healthcare ConferenceClick here for WebcastLocationPalm Beach, FL",
    "link": "https://investors.kymeratx.com/events/event-details/ubs--global-healthcare-conference",
    "timestamp": "unknown"
  },
  {
    "title": "UBS  Global Healthcare Conference",
    "link": "https://investors.kymeratx.com/events/event-details/ubs--global-healthcare-conference",
    "timestamp": "unknown"
  },
  {
    "title": "UBS  Global Healthcare Conference",
    "link": "https://investors.kymeratx.com/events/event-details/ubs--global-healthcare-conference",
    "timestamp": "unknown"
  },
  {
    "title": "UBS  Global Healthcare Conference",
    "link": "https://investors.kymeratx.com/events/event-details/ubs--global-healthcare-conference",
    "timestamp": "unknown"
  },
  {
    "title": "Click here for Webcast",
    "link": "https://cc.webcasts.com/ubsx001/111025a_js/?entity=14_GJN7667",
    "timestamp": "unknown"
  },
  {
    "title": "Click here for Webcast",
    "link": "https://cc.webcasts.com/ubsx001/111025a_js/?entity=14_GJN7667",
    "timestamp": "unknown"
  },
  {
    "title": "Click here for Webcast",
    "link": "https://cc.webcasts.com/ubsx001/111025a_js/?entity=14_GJN7667",
    "timestamp": "unknown"
  },
  {
    "title": "November ,ESTGuggenheim 2nd Annual Healthcare Innovation ConferenceClick here for WebcastLocationBoston, MA",
    "link": "https://investors.kymeratx.com/events/event-details/guggenheim-2nd-annual-healthcare-innovation-conference",
    "timestamp": "unknown"
  },
  {
    "title": "Guggenheim 2nd Annual Healthcare Innovation ConferenceClick here for WebcastLocationBoston, MA",
    "link": "https://investors.kymeratx.com/events/event-details/guggenheim-2nd-annual-healthcare-innovation-conference",
    "timestamp": "unknown"
  },
  {
    "title": "Guggenheim 2nd Annual Healthcare Innovation Conference",
    "link": "https://investors.kymeratx.com/events/event-details/guggenheim-2nd-annual-healthcare-innovation-conference",
    "timestamp": "unknown"
  },
  {
    "title": "Guggenheim 2nd Annual Healthcare Innovation Conference",
    "link": "https://investors.kymeratx.com/events/event-details/guggenheim-2nd-annual-healthcare-innovation-conference",
    "timestamp": "unknown"
  },
  {
    "title": "Guggenheim 2nd Annual Healthcare Innovation Conference",
    "link": "https://investors.kymeratx.com/events/event-details/guggenheim-2nd-annual-healthcare-innovation-conference",
    "timestamp": "unknown"
  },
  {
    "title": "Click here for Webcast",
    "link": "https://event.summitcast.com/view/6h3HS7z68WnTQE5PS7Vq8J/CwmgLGUPYCaF5vQn6gvxiJ",
    "timestamp": "unknown"
  },
  {
    "title": "Click here for Webcast",
    "link": "https://event.summitcast.com/view/6h3HS7z68WnTQE5PS7Vq8J/CwmgLGUPYCaF5vQn6gvxiJ",
    "timestamp": "unknown"
  },
  {
    "title": "Click here for Webcast",
    "link": "https://event.summitcast.com/view/6h3HS7z68WnTQE5PS7Vq8J/CwmgLGUPYCaF5vQn6gvxiJ",
    "timestamp": "unknown"
  },
  {
    "title": "November ,ESTKymera Therapeutics Third Quarter  Results CallClick here for WebcastSupporting MaterialsKymera Therapeutics Third Quarter  Results Prese",
    "link": "https://investors.kymeratx.com/events/event-details/kymera-therapeutics-third-quarter--results-call",
    "timestamp": "unknown"
  },
  {
    "title": "Kymera Therapeutics Third Quarter  Results CallClick here for WebcastSupporting MaterialsKymera Therapeutics Third Quarter  Results Presentation. MB",
    "link": "https://investors.kymeratx.com/events/event-details/kymera-therapeutics-third-quarter--results-call",
    "timestamp": "unknown"
  },
  {
    "title": "Kymera Therapeutics Third Quarter  Results Call",
    "link": "https://investors.kymeratx.com/events/event-details/kymera-therapeutics-third-quarter--results-call",
    "timestamp": "unknown"
  },
  {
    "title": "Kymera Therapeutics Third Quarter  Results Call",
    "link": "https://investors.kymeratx.com/events/event-details/kymera-therapeutics-third-quarter--results-call",
    "timestamp": "unknown"
  },
  {
    "title": "Kymera Therapeutics Third Quarter  Results Call",
    "link": "https://investors.kymeratx.com/events/event-details/kymera-therapeutics-third-quarter--results-call",
    "timestamp": "unknown"
  },
  {
    "title": "Click here for Webcast",
    "link": "https://kymera-therapeutics-3rd-quarter--results-call.open-exchange.net/",
    "timestamp": "unknown"
  },
  {
    "title": "Click here for Webcast",
    "link": "https://kymera-therapeutics-3rd-quarter--results-call.open-exchange.net/",
    "timestamp": "unknown"
  },
  {
    "title": "Click here for Webcast",
    "link": "https://kymera-therapeutics-3rd-quarter--results-call.open-exchange.net/",
    "timestamp": "unknown"
  },
  {
    "title": "Supporting MaterialsKymera Therapeutics Third Quarter  Results Presentation. MB",
    "link": "https://investors.kymeratx.com/static-files/ae611929-f10e-4e8b-a7de-437a4ff3bbb0",
    "timestamp": "unknown"
  },
  {
    "title": "Kymera Therapeutics Third Quarter  Results Presentation. MB",
    "link": "https://investors.kymeratx.com/static-files/ae611929-f10e-4e8b-a7de-437a4ff3bbb0",
    "timestamp": "unknown"
  },
  {
    "title": "Kymera Therapeutics Third Quarter  Results Presentation. MB",
    "link": "https://investors.kymeratx.com/static-files/ae611929-f10e-4e8b-a7de-437a4ff3bbb0",
    "timestamp": "unknown"
  },
  {
    "title": "Kymera Therapeutics Third Quarter  Results Presentation. MB",
    "link": "https://investors.kymeratx.com/static-files/ae611929-f10e-4e8b-a7de-437a4ff3bbb0",
    "timestamp": "unknown"
  },
  {
    "title": "Kymera Therapeutics Third Quarter  Results Presentation. MB",
    "link": "https://investors.kymeratx.com/static-files/ae611929-f10e-4e8b-a7de-437a4ff3bbb0",
    "timestamp": "unknown"
  },
  {
    "title": "Kymera Therapeutics Third Quarter  Results Presentation. MB",
    "link": "https://investors.kymeratx.com/static-files/ae611929-f10e-4e8b-a7de-437a4ff3bbb0",
    "timestamp": "unknown"
  },
  {
    "title": "Kymera Therapeutics Third Quarter  Results Presentation. MB",
    "link": "https://investors.kymeratx.com/static-files/ae611929-f10e-4e8b-a7de-437a4ff3bbb0",
    "timestamp": "unknown"
  },
  {
    "title": "Kymera Therapeutics Third Quarter  Results Presentation. MB",
    "link": "https://investors.kymeratx.com/static-files/ae611929-f10e-4e8b-a7de-437a4ff3bbb0",
    "timestamp": "unknown"
  },
  {
    "title": "Kymera Therapeutics Third Quarter  Results Presentation. MB",
    "link": "https://investors.kymeratx.com/static-files/ae611929-f10e-4e8b-a7de-437a4ff3bbb0",
    "timestamp": "unknown"
  },
  {
    "title": "Kymera Therapeutics Third Quarter  Results Presentation. MB",
    "link": "https://investors.kymeratx.com/static-files/ae611929-f10e-4e8b-a7de-437a4ff3bbb0",
    "timestamp": "unknown"
  },
  {
    "title": "September ,EDTStifel  Virtual Immunology and Inflammation ForumClick here for Webcast",
    "link": "https://investors.kymeratx.com/events/event-details/stifel--virtual-immunology-and-inflammation-forum",
    "timestamp": "unknown"
  },
  {
    "title": "Stifel  Virtual Immunology and Inflammation ForumClick here for Webcast",
    "link": "https://investors.kymeratx.com/events/event-details/stifel--virtual-immunology-and-inflammation-forum",
    "timestamp": "unknown"
  },
  {
    "title": "Stifel  Virtual Immunology and Inflammation Forum",
    "link": "https://investors.kymeratx.com/events/event-details/stifel--virtual-immunology-and-inflammation-forum",
    "timestamp": "unknown"
  },
  {
    "title": "Stifel  Virtual Immunology and Inflammation Forum",
    "link": "https://investors.kymeratx.com/events/event-details/stifel--virtual-immunology-and-inflammation-forum",
    "timestamp": "unknown"
  },
  {
    "title": "Stifel  Virtual Immunology and Inflammation Forum",
    "link": "https://investors.kymeratx.com/events/event-details/stifel--virtual-immunology-and-inflammation-forum",
    "timestamp": "unknown"
  },
  {
    "title": "Click here for Webcast",
    "link": "https://wsw.com/webcast/stifel102/kymr/",
    "timestamp": "unknown"
  },
  {
    "title": "Click here for Webcast",
    "link": "https://wsw.com/webcast/stifel102/kymr/",
    "timestamp": "unknown"
  },
  {
    "title": "Click here for Webcast",
    "link": "https://wsw.com/webcast/stifel102/kymr/",
    "timestamp": "unknown"
  },
  {
    "title": "PaginationCurrent pagePagePage\u2026Next page\u203aLast page\u00bb",
    "link": "https://investors.kymeratx.com/news-events/events?page=%2C0%2C0",
    "timestamp": "unknown"
  },
  {
    "title": "PaginationCurrent pagePagePage\u2026Next page\u203aLast page\u00bb",
    "link": "https://investors.kymeratx.com/news-events/events?page=%2C0%2C0",
    "timestamp": "unknown"
  },
  {
    "title": "PaginationCurrent pagePagePage\u2026Next page\u203aLast page\u00bb",
    "link": "https://investors.kymeratx.com/news-events/events?page=%2C0%2C0",
    "timestamp": "unknown"
  },
  {
    "title": "Current page",
    "link": "https://investors.kymeratx.com/news-events/events?page=%2C0%2C0",
    "timestamp": "unknown"
  },
  {
    "title": "Page",
    "link": "https://investors.kymeratx.com/news-events/events?page=%2C1%2C0",
    "timestamp": "unknown"
  },
  {
    "title": "Page",
    "link": "https://investors.kymeratx.com/news-events/events?page=%2C2%2C0",
    "timestamp": "unknown"
  },
  {
    "title": "Next page\u203a",
    "link": "https://investors.kymeratx.com/news-events/events?page=%2C1%2C0",
    "timestamp": "unknown"
  },
  {
    "title": "Last page\u00bb",
    "link": "https://investors.kymeratx.com/news-events/events?page=%2C3%2C0",
    "timestamp": "unknown"
  },
  {
    "title": "Reinventing the Treatment ofHuman DiseaseNorth Beacon Street, 4th Floor, Watertown, MA\u00a9  Kymera Therapeutics, Inc. All Rights Reserved.Helpful LinksCo",
    "link": "https://www.kymeratx.com/contact-us/",
    "timestamp": "unknown"
  },
  {
    "title": "Reinventing the Treatment ofHuman DiseaseNorth Beacon Street, 4th Floor, Watertown, MA\u00a9  Kymera Therapeutics, Inc. All Rights Reserved.Helpful LinksCo",
    "link": "https://www.kymeratx.com/contact-us/",
    "timestamp": "unknown"
  },
  {
    "title": "Helpful LinksContact UsCareers & CulturePolicy LinksTerms of UsePrivacy PolicyCompany LinksMain SiteMedia",
    "link": "https://www.kymeratx.com/contact-us/",
    "timestamp": "unknown"
  },
  {
    "title": "Helpful LinksContact UsCareers & CulturePolicy LinksTerms of UsePrivacy PolicyCompany LinksMain SiteMedia",
    "link": "https://www.kymeratx.com/contact-us/",
    "timestamp": "unknown"
  },
  {
    "title": "Helpful LinksContact UsCareers & Culture",
    "link": "https://www.kymeratx.com/contact-us/",
    "timestamp": "unknown"
  },
  {
    "title": "Contact Us",
    "link": "https://www.kymeratx.com/contact-us/",
    "timestamp": "unknown"
  },
  {
    "title": "Careers & Culture",
    "link": "https://www.kymeratx.com/careers-culture/working-at-kymera/",
    "timestamp": "unknown"
  },
  {
    "title": "Policy LinksTerms of UsePrivacy Policy",
    "link": "https://www.kymeratx.com/terms-of-use/",
    "timestamp": "unknown"
  },
  {
    "title": "Terms of Use",
    "link": "https://www.kymeratx.com/terms-of-use/",
    "timestamp": "unknown"
  },
  {
    "title": "Privacy Policy",
    "link": "https://www.kymeratx.com/privacy-policy/",
    "timestamp": "unknown"
  },
  {
    "title": "Company LinksMain SiteMedia",
    "link": "https://www.kymeratx.com/",
    "timestamp": "unknown"
  },
  {
    "title": "Main Site",
    "link": "https://www.kymeratx.com/",
    "timestamp": "unknown"
  },
  {
    "title": "Media",
    "link": "https://www.kymeratx.com/media/",
    "timestamp": "unknown"
  }
]