[
  {
    "title": "Close MenuSearchReinventing MedicineRedefining Treatment ParadigmsAbout UsOur CompanyLeadershipKymera CaresScience & InnovationOur ApproachPipelineRes",
    "link": "https://www.kymeratx.com",
    "timestamp": "unknown"
  },
  {
    "title": "Close MenuSearchReinventing MedicineRedefining Treatment ParadigmsAbout UsOur CompanyLeadershipKymera CaresScience & InnovationOur ApproachPipelineRes",
    "link": "https://www.kymeratx.com",
    "timestamp": "unknown"
  },
  {
    "title": "Close Menu",
    "link": "https://www.kymeratx.com",
    "timestamp": "unknown"
  },
  {
    "title": "Close Menu",
    "link": "https://investors.kymeratx.com/news-events/presentations",
    "timestamp": "unknown"
  },
  {
    "title": "Reinventing MedicineRedefining Treatment Paradigms",
    "link": "https://investors.kymeratx.com/news-events/presentations",
    "timestamp": "unknown"
  },
  {
    "title": "Redefining Treatment Paradigms",
    "link": "https://www.kymeratx.com/reinventing-medicine/redefining-treatment-paradigms/",
    "timestamp": "unknown"
  },
  {
    "title": "About UsOur CompanyLeadershipKymera Cares",
    "link": "https://www.kymeratx.com/about-us/",
    "timestamp": "unknown"
  },
  {
    "title": "Our Company",
    "link": "https://www.kymeratx.com/about-us/our-company/",
    "timestamp": "unknown"
  },
  {
    "title": "Leadership",
    "link": "https://www.kymeratx.com/about-us/leadership/",
    "timestamp": "unknown"
  },
  {
    "title": "Kymera Cares",
    "link": "https://www.kymeratx.com/about-us/kymera-cares/",
    "timestamp": "unknown"
  },
  {
    "title": "Science & InnovationOur ApproachPipelineResource Library",
    "link": "https://www.kymeratx.com/science-innovation/",
    "timestamp": "unknown"
  },
  {
    "title": "Our Approach",
    "link": "https://www.kymeratx.com/science-innovation/our-approach/",
    "timestamp": "unknown"
  },
  {
    "title": "Pipeline",
    "link": "https://www.kymeratx.com/science-innovation/pipeline/",
    "timestamp": "unknown"
  },
  {
    "title": "Resource Library",
    "link": "https://www.kymeratx.com/science-innovation/resource-library/",
    "timestamp": "unknown"
  },
  {
    "title": "Careers & CultureWorking at KymeraOpen Positions",
    "link": "https://www.kymeratx.com/careers-culture/",
    "timestamp": "unknown"
  },
  {
    "title": "Working at Kymera",
    "link": "https://www.kymeratx.com/careers-culture/working-at-kymera/",
    "timestamp": "unknown"
  },
  {
    "title": "Open Positions",
    "link": "https://www.kymeratx.com/working-at-kymera/#open-positions",
    "timestamp": "unknown"
  },
  {
    "title": "Search",
    "link": "https://investors.kymeratx.com/news-events/presentations#search",
    "timestamp": "unknown"
  },
  {
    "title": "Patients",
    "link": "https://www.kymeratx.com/patients/",
    "timestamp": "unknown"
  },
  {
    "title": "Media",
    "link": "https://www.kymeratx.com/media/",
    "timestamp": "unknown"
  },
  {
    "title": "Investors",
    "link": "https://investors.kymeratx.com/",
    "timestamp": "unknown"
  },
  {
    "title": "PatientsMediaInvestorsReinventing MedicineRedefining Treatment ParadigmsAbout UsOur CompanyLeadershipKymera CaresScience & InnovationOur ApproachPipel",
    "link": "https://www.kymeratx.com/patients/",
    "timestamp": "unknown"
  },
  {
    "title": "PatientsMediaInvestorsReinventing MedicineRedefining Treatment ParadigmsAbout UsOur CompanyLeadershipKymera CaresScience & InnovationOur ApproachPipel",
    "link": "https://www.kymeratx.com/patients/",
    "timestamp": "unknown"
  },
  {
    "title": "PatientsMediaInvestors",
    "link": "https://www.kymeratx.com/patients/",
    "timestamp": "unknown"
  },
  {
    "title": "PatientsMediaInvestors",
    "link": "https://www.kymeratx.com/patients/",
    "timestamp": "unknown"
  },
  {
    "title": "Patients",
    "link": "https://www.kymeratx.com/patients/",
    "timestamp": "unknown"
  },
  {
    "title": "Media",
    "link": "https://www.kymeratx.com/media/",
    "timestamp": "unknown"
  },
  {
    "title": "Investors",
    "link": "https://investors.kymeratx.com/",
    "timestamp": "unknown"
  },
  {
    "title": "Reinventing MedicineRedefining Treatment ParadigmsAbout UsOur CompanyLeadershipKymera CaresScience & InnovationOur ApproachPipelineResource LibraryCar",
    "link": "https://investors.kymeratx.com/news-events/presentations",
    "timestamp": "unknown"
  },
  {
    "title": "Reinventing MedicineRedefining Treatment ParadigmsAbout UsOur CompanyLeadershipKymera CaresScience & InnovationOur ApproachPipelineResource LibraryCar",
    "link": "https://investors.kymeratx.com/news-events/presentations",
    "timestamp": "unknown"
  },
  {
    "title": "Reinventing MedicineRedefining Treatment ParadigmsAbout UsOur CompanyLeadershipKymera CaresScience & InnovationOur ApproachPipelineResource LibraryCar",
    "link": "https://investors.kymeratx.com/news-events/presentations",
    "timestamp": "unknown"
  },
  {
    "title": "Reinventing MedicineRedefining Treatment ParadigmsAbout UsOur CompanyLeadershipKymera CaresScience & InnovationOur ApproachPipelineResource LibraryCar",
    "link": "https://investors.kymeratx.com/news-events/presentations",
    "timestamp": "unknown"
  },
  {
    "title": "Reinventing MedicineRedefining Treatment ParadigmsAbout UsOur CompanyLeadershipKymera CaresScience & InnovationOur ApproachPipelineResource LibraryCar",
    "link": "https://investors.kymeratx.com/news-events/presentations",
    "timestamp": "unknown"
  },
  {
    "title": "Reinventing MedicineRedefining Treatment ParadigmsAbout UsOur CompanyLeadershipKymera CaresScience & InnovationOur ApproachPipelineResource LibraryCar",
    "link": "https://investors.kymeratx.com/news-events/presentations",
    "timestamp": "unknown"
  },
  {
    "title": "Reinventing MedicineRedefining Treatment Paradigms",
    "link": "https://investors.kymeratx.com/news-events/presentations",
    "timestamp": "unknown"
  },
  {
    "title": "Redefining Treatment Paradigms",
    "link": "https://www.kymeratx.com/reinventing-medicine/redefining-treatment-paradigms/",
    "timestamp": "unknown"
  },
  {
    "title": "About UsOur CompanyLeadershipKymera Cares",
    "link": "https://www.kymeratx.com/about-us/",
    "timestamp": "unknown"
  },
  {
    "title": "Our Company",
    "link": "https://www.kymeratx.com/about-us/our-company/",
    "timestamp": "unknown"
  },
  {
    "title": "Leadership",
    "link": "https://www.kymeratx.com/about-us/leadership/",
    "timestamp": "unknown"
  },
  {
    "title": "Kymera Cares",
    "link": "https://www.kymeratx.com/about-us/kymera-cares/",
    "timestamp": "unknown"
  },
  {
    "title": "Science & InnovationOur ApproachPipelineResource Library",
    "link": "https://www.kymeratx.com/science-innovation/",
    "timestamp": "unknown"
  },
  {
    "title": "Our Approach",
    "link": "https://www.kymeratx.com/science-innovation/our-approach/",
    "timestamp": "unknown"
  },
  {
    "title": "Pipeline",
    "link": "https://www.kymeratx.com/science-innovation/pipeline/",
    "timestamp": "unknown"
  },
  {
    "title": "Resource Library",
    "link": "https://www.kymeratx.com/science-innovation/resource-library/",
    "timestamp": "unknown"
  },
  {
    "title": "Careers & CultureWorking at KymeraOpen Positions",
    "link": "https://www.kymeratx.com/careers-culture/",
    "timestamp": "unknown"
  },
  {
    "title": "Working at Kymera",
    "link": "https://www.kymeratx.com/careers-culture/working-at-kymera/",
    "timestamp": "unknown"
  },
  {
    "title": "Open Positions",
    "link": "https://www.kymeratx.com/working-at-kymera/#open-positions",
    "timestamp": "unknown"
  },
  {
    "title": "Search",
    "link": "https://investors.kymeratx.com/news-events/presentations#search",
    "timestamp": "unknown"
  },
  {
    "title": "PresentationsOverviewNews & EventsPress ReleasesEventsPresentationsSEC FilingsStockStock Quote & ChartHistoric Price LookupAnalyst CoverageCorporate G",
    "link": "https://investors.kymeratx.com/",
    "timestamp": "unknown"
  },
  {
    "title": "OverviewNews & EventsPress ReleasesEventsPresentationsSEC FilingsStockStock Quote & ChartHistoric Price LookupAnalyst CoverageCorporate GovernanceDocu",
    "link": "https://investors.kymeratx.com/",
    "timestamp": "unknown"
  },
  {
    "title": "OverviewNews & EventsPress ReleasesEventsPresentationsSEC FilingsStockStock Quote & ChartHistoric Price LookupAnalyst CoverageCorporate GovernanceDocu",
    "link": "https://investors.kymeratx.com/",
    "timestamp": "unknown"
  },
  {
    "title": "OverviewNews & EventsPress ReleasesEventsPresentationsSEC FilingsStockStock Quote & ChartHistoric Price LookupAnalyst CoverageCorporate GovernanceDocu",
    "link": "https://investors.kymeratx.com/",
    "timestamp": "unknown"
  },
  {
    "title": "Overview",
    "link": "https://investors.kymeratx.com/",
    "timestamp": "unknown"
  },
  {
    "title": "News & EventsPress ReleasesEventsPresentations",
    "link": "https://investors.kymeratx.com/news-events/press-releases",
    "timestamp": "unknown"
  },
  {
    "title": "Press Releases",
    "link": "https://investors.kymeratx.com/news-events/press-releases",
    "timestamp": "unknown"
  },
  {
    "title": "Events",
    "link": "https://investors.kymeratx.com/news-events/events",
    "timestamp": "unknown"
  },
  {
    "title": "Presentations",
    "link": "https://investors.kymeratx.com/news-events/presentations",
    "timestamp": "unknown"
  },
  {
    "title": "SEC Filings",
    "link": "https://investors.kymeratx.com/sec-filings",
    "timestamp": "unknown"
  },
  {
    "title": "StockStock Quote & ChartHistoric Price LookupAnalyst Coverage",
    "link": "https://investors.kymeratx.com/stock-information/stock-quote-chart",
    "timestamp": "unknown"
  },
  {
    "title": "Stock Quote & Chart",
    "link": "https://investors.kymeratx.com/stock-information/stock-quote-chart",
    "timestamp": "unknown"
  },
  {
    "title": "Historic Price Lookup",
    "link": "https://investors.kymeratx.com/stock-information/historic-price-lookup",
    "timestamp": "unknown"
  },
  {
    "title": "Analyst Coverage",
    "link": "https://investors.kymeratx.com/stock-information/analyst-coverage",
    "timestamp": "unknown"
  },
  {
    "title": "Corporate GovernanceDocuments & ChartersBoard of DirectorsCommittee Composition",
    "link": "https://investors.kymeratx.com/corporate-governance/documents-charters",
    "timestamp": "unknown"
  },
  {
    "title": "Documents & Charters",
    "link": "https://investors.kymeratx.com/corporate-governance/documents-charters",
    "timestamp": "unknown"
  },
  {
    "title": "Board of Directors",
    "link": "https://www.kymeratx.com/about-us/leadership/",
    "timestamp": "unknown"
  },
  {
    "title": "Committee Composition",
    "link": "https://investors.kymeratx.com/corporate-governance/committee-composition",
    "timestamp": "unknown"
  },
  {
    "title": "Shareholder ResourcesInvestor FAQsEmail AlertsContacts",
    "link": "https://investors.kymeratx.com/shareholder-resources/investor-faqs",
    "timestamp": "unknown"
  },
  {
    "title": "Investor FAQs",
    "link": "https://investors.kymeratx.com/shareholder-resources/investor-faqs",
    "timestamp": "unknown"
  },
  {
    "title": "Email Alerts",
    "link": "https://investors.kymeratx.com/shareholder-resources/email-alerts",
    "timestamp": "unknown"
  },
  {
    "title": "Contacts",
    "link": "https://investors.kymeratx.com/shareholder-resources/contacts",
    "timestamp": "unknown"
  },
  {
    "title": "Corporate PresentationsDateTitleDecemberKymera Therapeutics Corporate Presentation, DecemberCompany EventsDateTitleDecemberKT- BroADen Phase 1b Atopic",
    "link": "https://investors.kymeratx.com/static-files/a59b0509-1e5b-423d-b38a-90d12f98e0c6",
    "timestamp": "unknown"
  },
  {
    "title": "Corporate PresentationsDateTitleDecemberKymera Therapeutics Corporate Presentation, DecemberCompany EventsDateTitleDecemberKT- BroADen Phase 1b Atopic",
    "link": "https://investors.kymeratx.com/static-files/a59b0509-1e5b-423d-b38a-90d12f98e0c6",
    "timestamp": "unknown"
  },
  {
    "title": "Corporate PresentationsDateTitleDecemberKymera Therapeutics Corporate Presentation, DecemberCompany EventsDateTitleDecemberKT- BroADen Phase 1b Atopic",
    "link": "https://investors.kymeratx.com/static-files/a59b0509-1e5b-423d-b38a-90d12f98e0c6",
    "timestamp": "unknown"
  },
  {
    "title": "Corporate PresentationsDateTitleDecemberKymera Therapeutics Corporate Presentation, DecemberCompany EventsDateTitleDecemberKT- BroADen Phase 1b Atopic",
    "link": "https://investors.kymeratx.com/static-files/a59b0509-1e5b-423d-b38a-90d12f98e0c6",
    "timestamp": "unknown"
  },
  {
    "title": "Corporate PresentationsDateTitleDecemberKymera Therapeutics Corporate Presentation, DecemberCompany EventsDateTitleDecemberKT- BroADen Phase 1b Atopic",
    "link": "https://investors.kymeratx.com/static-files/a59b0509-1e5b-423d-b38a-90d12f98e0c6",
    "timestamp": "unknown"
  },
  {
    "title": "Corporate PresentationsDateTitleDecemberKymera Therapeutics Corporate Presentation, DecemberCompany EventsDateTitleDecemberKT- BroADen Phase 1b Atopic",
    "link": "https://investors.kymeratx.com/static-files/a59b0509-1e5b-423d-b38a-90d12f98e0c6",
    "timestamp": "unknown"
  },
  {
    "title": "Corporate PresentationsDateTitleDecemberKymera Therapeutics Corporate Presentation, DecemberCompany EventsDateTitleDecemberKT- BroADen Phase 1b Atopic",
    "link": "https://investors.kymeratx.com/static-files/a59b0509-1e5b-423d-b38a-90d12f98e0c6",
    "timestamp": "unknown"
  },
  {
    "title": "Corporate PresentationsDateTitleDecemberKymera Therapeutics Corporate Presentation, DecemberCompany EventsDateTitleDecemberKT- BroADen Phase 1b Atopic",
    "link": "https://investors.kymeratx.com/static-files/a59b0509-1e5b-423d-b38a-90d12f98e0c6",
    "timestamp": "unknown"
  },
  {
    "title": "Corporate PresentationsDateTitleDecemberKymera Therapeutics Corporate Presentation, DecemberCompany EventsDateTitleDecemberKT- BroADen Phase 1b Atopic",
    "link": "https://investors.kymeratx.com/static-files/a59b0509-1e5b-423d-b38a-90d12f98e0c6",
    "timestamp": "unknown"
  },
  {
    "title": "Corporate PresentationsDateTitleDecemberKymera Therapeutics Corporate Presentation, DecemberCompany EventsDateTitleDecemberKT- BroADen Phase 1b Atopic",
    "link": "https://investors.kymeratx.com/static-files/a59b0509-1e5b-423d-b38a-90d12f98e0c6",
    "timestamp": "unknown"
  },
  {
    "title": "Corporate PresentationsDateTitleDecemberKymera Therapeutics Corporate Presentation, DecemberCompany EventsDateTitleDecemberKT- BroADen Phase 1b Atopic",
    "link": "https://investors.kymeratx.com/static-files/a59b0509-1e5b-423d-b38a-90d12f98e0c6",
    "timestamp": "unknown"
  },
  {
    "title": "Corporate PresentationsDateTitleDecemberKymera Therapeutics Corporate Presentation, DecemberCompany EventsDateTitleDecemberKT- BroADen Phase 1b Atopic",
    "link": "https://investors.kymeratx.com/static-files/a59b0509-1e5b-423d-b38a-90d12f98e0c6",
    "timestamp": "unknown"
  },
  {
    "title": "Corporate PresentationsDateTitleDecemberKymera Therapeutics Corporate Presentation, DecemberCompany EventsDateTitleDecemberKT- BroADen Phase 1b Atopic",
    "link": "https://investors.kymeratx.com/static-files/a59b0509-1e5b-423d-b38a-90d12f98e0c6",
    "timestamp": "unknown"
  },
  {
    "title": "Corporate PresentationsDateTitleDecemberKymera Therapeutics Corporate Presentation, DecemberCompany EventsDateTitleDecemberKT- BroADen Phase 1b Atopic",
    "link": "https://investors.kymeratx.com/static-files/a59b0509-1e5b-423d-b38a-90d12f98e0c6",
    "timestamp": "unknown"
  },
  {
    "title": "Corporate PresentationsDateTitleDecemberKymera Therapeutics Corporate Presentation, DecemberCompany EventsDateTitleDecemberKT- BroADen Phase 1b Atopic",
    "link": "https://investors.kymeratx.com/static-files/a59b0509-1e5b-423d-b38a-90d12f98e0c6",
    "timestamp": "unknown"
  },
  {
    "title": "Corporate PresentationsDateTitleDecemberKymera Therapeutics Corporate Presentation, December",
    "link": "https://investors.kymeratx.com/static-files/a59b0509-1e5b-423d-b38a-90d12f98e0c6",
    "timestamp": "unknown"
  },
  {
    "title": "Corporate PresentationsDateTitleDecemberKymera Therapeutics Corporate Presentation, December",
    "link": "https://investors.kymeratx.com/static-files/a59b0509-1e5b-423d-b38a-90d12f98e0c6",
    "timestamp": "unknown"
  },
  {
    "title": "Corporate PresentationsDateTitleDecemberKymera Therapeutics Corporate Presentation, December",
    "link": "https://investors.kymeratx.com/static-files/a59b0509-1e5b-423d-b38a-90d12f98e0c6",
    "timestamp": "unknown"
  },
  {
    "title": "Corporate PresentationsDateTitleDecemberKymera Therapeutics Corporate Presentation, December",
    "link": "https://investors.kymeratx.com/static-files/a59b0509-1e5b-423d-b38a-90d12f98e0c6",
    "timestamp": "unknown"
  },
  {
    "title": "DateTitleDecemberKymera Therapeutics Corporate Presentation, December",
    "link": "https://investors.kymeratx.com/static-files/a59b0509-1e5b-423d-b38a-90d12f98e0c6",
    "timestamp": "unknown"
  },
  {
    "title": "DateTitleDecemberKymera Therapeutics Corporate Presentation, December",
    "link": "https://investors.kymeratx.com/static-files/a59b0509-1e5b-423d-b38a-90d12f98e0c6",
    "timestamp": "unknown"
  },
  {
    "title": "DecemberKymera Therapeutics Corporate Presentation, December",
    "link": "https://investors.kymeratx.com/static-files/a59b0509-1e5b-423d-b38a-90d12f98e0c6",
    "timestamp": "unknown"
  },
  {
    "title": "Kymera Therapeutics Corporate Presentation, December",
    "link": "https://investors.kymeratx.com/static-files/a59b0509-1e5b-423d-b38a-90d12f98e0c6",
    "timestamp": "unknown"
  },
  {
    "title": "Kymera Therapeutics Corporate Presentation, December",
    "link": "https://investors.kymeratx.com/static-files/a59b0509-1e5b-423d-b38a-90d12f98e0c6",
    "timestamp": "unknown"
  },
  {
    "title": "Kymera Therapeutics Corporate Presentation, December",
    "link": "https://investors.kymeratx.com/static-files/a59b0509-1e5b-423d-b38a-90d12f98e0c6",
    "timestamp": "unknown"
  },
  {
    "title": "Company EventsDateTitleDecemberKT- BroADen Phase 1b Atopic Dermatitis Trial Results Presentation, DecemberJuneKT- Phase  Healthy Volunteer Trial Resul",
    "link": "https://investors.kymeratx.com/static-files/48169a2f-04d9-4ac5-bb8a-a840ee451553",
    "timestamp": "unknown"
  },
  {
    "title": "Company EventsDateTitleDecemberKT- BroADen Phase 1b Atopic Dermatitis Trial Results Presentation, DecemberJuneKT- Phase  Healthy Volunteer Trial Resul",
    "link": "https://investors.kymeratx.com/static-files/48169a2f-04d9-4ac5-bb8a-a840ee451553",
    "timestamp": "unknown"
  },
  {
    "title": "Company EventsDateTitleDecemberKT- BroADen Phase 1b Atopic Dermatitis Trial Results Presentation, DecemberJuneKT- Phase  Healthy Volunteer Trial Resul",
    "link": "https://investors.kymeratx.com/static-files/48169a2f-04d9-4ac5-bb8a-a840ee451553",
    "timestamp": "unknown"
  },
  {
    "title": "Company EventsDateTitleDecemberKT- BroADen Phase 1b Atopic Dermatitis Trial Results Presentation, DecemberJuneKT- Phase  Healthy Volunteer Trial Resul",
    "link": "https://investors.kymeratx.com/static-files/48169a2f-04d9-4ac5-bb8a-a840ee451553",
    "timestamp": "unknown"
  },
  {
    "title": "DateTitleDecemberKT- BroADen Phase 1b Atopic Dermatitis Trial Results Presentation, DecemberJuneKT- Phase  Healthy Volunteer Trial Results Presentatio",
    "link": "https://investors.kymeratx.com/static-files/48169a2f-04d9-4ac5-bb8a-a840ee451553",
    "timestamp": "unknown"
  },
  {
    "title": "DateTitleDecemberKT- BroADen Phase 1b Atopic Dermatitis Trial Results Presentation, DecemberJuneKT- Phase  Healthy Volunteer Trial Results Presentatio",
    "link": "https://investors.kymeratx.com/static-files/48169a2f-04d9-4ac5-bb8a-a840ee451553",
    "timestamp": "unknown"
  },
  {
    "title": "DecemberKT- BroADen Phase 1b Atopic Dermatitis Trial Results Presentation, December",
    "link": "https://investors.kymeratx.com/static-files/48169a2f-04d9-4ac5-bb8a-a840ee451553",
    "timestamp": "unknown"
  },
  {
    "title": "KT- BroADen Phase 1b Atopic Dermatitis Trial Results Presentation, December",
    "link": "https://investors.kymeratx.com/static-files/48169a2f-04d9-4ac5-bb8a-a840ee451553",
    "timestamp": "unknown"
  },
  {
    "title": "KT- BroADen Phase 1b Atopic Dermatitis Trial Results Presentation, December",
    "link": "https://investors.kymeratx.com/static-files/48169a2f-04d9-4ac5-bb8a-a840ee451553",
    "timestamp": "unknown"
  },
  {
    "title": "KT- BroADen Phase 1b Atopic Dermatitis Trial Results Presentation, December",
    "link": "https://investors.kymeratx.com/static-files/48169a2f-04d9-4ac5-bb8a-a840ee451553",
    "timestamp": "unknown"
  },
  {
    "title": "JuneKT- Phase  Healthy Volunteer Trial Results Presentation, June",
    "link": "https://investors.kymeratx.com/static-files/055ab751-48c3-47e2-a5de-d7cdd31fb257",
    "timestamp": "unknown"
  },
  {
    "title": "KT- Phase  Healthy Volunteer Trial Results Presentation, June",
    "link": "https://investors.kymeratx.com/static-files/055ab751-48c3-47e2-a5de-d7cdd31fb257",
    "timestamp": "unknown"
  },
  {
    "title": "KT- Phase  Healthy Volunteer Trial Results Presentation, June",
    "link": "https://investors.kymeratx.com/static-files/055ab751-48c3-47e2-a5de-d7cdd31fb257",
    "timestamp": "unknown"
  },
  {
    "title": "KT- Phase  Healthy Volunteer Trial Results Presentation, June",
    "link": "https://investors.kymeratx.com/static-files/055ab751-48c3-47e2-a5de-d7cdd31fb257",
    "timestamp": "unknown"
  },
  {
    "title": "MayImmunology Innovation Day Presentation",
    "link": "https://investors.kymeratx.com/static-files/cc2aa763-2e1d-443d-9d3f-3c293ad7188a",
    "timestamp": "unknown"
  },
  {
    "title": "Immunology Innovation Day Presentation",
    "link": "https://investors.kymeratx.com/static-files/cc2aa763-2e1d-443d-9d3f-3c293ad7188a",
    "timestamp": "unknown"
  },
  {
    "title": "Immunology Innovation Day Presentation",
    "link": "https://investors.kymeratx.com/static-files/cc2aa763-2e1d-443d-9d3f-3c293ad7188a",
    "timestamp": "unknown"
  },
  {
    "title": "Immunology Innovation Day Presentation",
    "link": "https://investors.kymeratx.com/static-files/cc2aa763-2e1d-443d-9d3f-3c293ad7188a",
    "timestamp": "unknown"
  },
  {
    "title": "JanuaryKymera Immunology R&D Day Presentation, January",
    "link": "https://investors.kymeratx.com/static-files/-2ae6-4d80-b3a2-4a85d51e8f8d",
    "timestamp": "unknown"
  },
  {
    "title": "Kymera Immunology R&D Day Presentation, January",
    "link": "https://investors.kymeratx.com/static-files/-2ae6-4d80-b3a2-4a85d51e8f8d",
    "timestamp": "unknown"
  },
  {
    "title": "Kymera Immunology R&D Day Presentation, January",
    "link": "https://investors.kymeratx.com/static-files/-2ae6-4d80-b3a2-4a85d51e8f8d",
    "timestamp": "unknown"
  },
  {
    "title": "Kymera Immunology R&D Day Presentation, January",
    "link": "https://investors.kymeratx.com/static-files/-2ae6-4d80-b3a2-4a85d51e8f8d",
    "timestamp": "unknown"
  },
  {
    "title": "DecemberKymera  KT- and Oncology Pipeline Update",
    "link": "https://investors.kymeratx.com/static-files/22d3633b-9f54-4c9e-a9e9-545044d31968",
    "timestamp": "unknown"
  },
  {
    "title": "Kymera  KT- and Oncology Pipeline Update",
    "link": "https://investors.kymeratx.com/static-files/22d3633b-9f54-4c9e-a9e9-545044d31968",
    "timestamp": "unknown"
  },
  {
    "title": "Kymera  KT- and Oncology Pipeline Update",
    "link": "https://investors.kymeratx.com/static-files/22d3633b-9f54-4c9e-a9e9-545044d31968",
    "timestamp": "unknown"
  },
  {
    "title": "Kymera  KT- and Oncology Pipeline Update",
    "link": "https://investors.kymeratx.com/static-files/22d3633b-9f54-4c9e-a9e9-545044d31968",
    "timestamp": "unknown"
  },
  {
    "title": "DecemberR&D Day Presentation",
    "link": "https://investors.kymeratx.com/static-files/6432c27c-8dea--b8e8-96cd58df4b84",
    "timestamp": "unknown"
  },
  {
    "title": "R&D Day Presentation",
    "link": "https://investors.kymeratx.com/static-files/6432c27c-8dea--b8e8-96cd58df4b84",
    "timestamp": "unknown"
  },
  {
    "title": "R&D Day Presentation",
    "link": "https://investors.kymeratx.com/static-files/6432c27c-8dea--b8e8-96cd58df4b84",
    "timestamp": "unknown"
  },
  {
    "title": "R&D Day Presentation",
    "link": "https://investors.kymeratx.com/static-files/6432c27c-8dea--b8e8-96cd58df4b84",
    "timestamp": "unknown"
  },
  {
    "title": "View our Scientific Resource Library",
    "link": "https://www.kymeratx.com/science-innovation/resource-library/",
    "timestamp": "unknown"
  },
  {
    "title": "Reinventing the Treatment ofHuman DiseaseNorth Beacon Street, 4th Floor, Watertown, MA\u00a9  Kymera Therapeutics, Inc. All Rights Reserved.Helpful LinksCo",
    "link": "https://www.kymeratx.com/contact-us/",
    "timestamp": "unknown"
  },
  {
    "title": "Reinventing the Treatment ofHuman DiseaseNorth Beacon Street, 4th Floor, Watertown, MA\u00a9  Kymera Therapeutics, Inc. All Rights Reserved.Helpful LinksCo",
    "link": "https://www.kymeratx.com/contact-us/",
    "timestamp": "unknown"
  },
  {
    "title": "Helpful LinksContact UsCareers & CulturePolicy LinksTerms of UsePrivacy PolicyCompany LinksMain SiteMedia",
    "link": "https://www.kymeratx.com/contact-us/",
    "timestamp": "unknown"
  },
  {
    "title": "Helpful LinksContact UsCareers & CulturePolicy LinksTerms of UsePrivacy PolicyCompany LinksMain SiteMedia",
    "link": "https://www.kymeratx.com/contact-us/",
    "timestamp": "unknown"
  },
  {
    "title": "Helpful LinksContact UsCareers & Culture",
    "link": "https://www.kymeratx.com/contact-us/",
    "timestamp": "unknown"
  },
  {
    "title": "Contact Us",
    "link": "https://www.kymeratx.com/contact-us/",
    "timestamp": "unknown"
  },
  {
    "title": "Careers & Culture",
    "link": "https://www.kymeratx.com/careers-culture/working-at-kymera/",
    "timestamp": "unknown"
  },
  {
    "title": "Policy LinksTerms of UsePrivacy Policy",
    "link": "https://www.kymeratx.com/terms-of-use/",
    "timestamp": "unknown"
  },
  {
    "title": "Terms of Use",
    "link": "https://www.kymeratx.com/terms-of-use/",
    "timestamp": "unknown"
  },
  {
    "title": "Privacy Policy",
    "link": "https://www.kymeratx.com/privacy-policy/",
    "timestamp": "unknown"
  },
  {
    "title": "Company LinksMain SiteMedia",
    "link": "https://www.kymeratx.com/",
    "timestamp": "unknown"
  },
  {
    "title": "Main Site",
    "link": "https://www.kymeratx.com/",
    "timestamp": "unknown"
  },
  {
    "title": "Media",
    "link": "https://www.kymeratx.com/media/",
    "timestamp": "unknown"
  }
]