[
  {
    "title": "Close MenuSearchReinventing MedicineRedefining Treatment ParadigmsAbout UsOur CompanyLeadershipKymera CaresScience & InnovationOur ApproachPipelineRes",
    "link": "https://www.kymeratx.com",
    "timestamp": "unknown"
  },
  {
    "title": "Close MenuSearchReinventing MedicineRedefining Treatment ParadigmsAbout UsOur CompanyLeadershipKymera CaresScience & InnovationOur ApproachPipelineRes",
    "link": "https://www.kymeratx.com",
    "timestamp": "unknown"
  },
  {
    "title": "Close Menu",
    "link": "https://www.kymeratx.com",
    "timestamp": "unknown"
  },
  {
    "title": "Close Menu",
    "link": "https://investors.kymeratx.com/news-events/press-releases",
    "timestamp": "unknown"
  },
  {
    "title": "Reinventing MedicineRedefining Treatment Paradigms",
    "link": "https://investors.kymeratx.com/news-events/press-releases",
    "timestamp": "unknown"
  },
  {
    "title": "Redefining Treatment Paradigms",
    "link": "https://www.kymeratx.com/reinventing-medicine/redefining-treatment-paradigms/",
    "timestamp": "unknown"
  },
  {
    "title": "About UsOur CompanyLeadershipKymera Cares",
    "link": "https://www.kymeratx.com/about-us/",
    "timestamp": "unknown"
  },
  {
    "title": "Our Company",
    "link": "https://www.kymeratx.com/about-us/our-company/",
    "timestamp": "unknown"
  },
  {
    "title": "Leadership",
    "link": "https://www.kymeratx.com/about-us/leadership/",
    "timestamp": "unknown"
  },
  {
    "title": "Kymera Cares",
    "link": "https://www.kymeratx.com/about-us/kymera-cares/",
    "timestamp": "unknown"
  },
  {
    "title": "Science & InnovationOur ApproachPipelineResource Library",
    "link": "https://www.kymeratx.com/science-innovation/",
    "timestamp": "unknown"
  },
  {
    "title": "Our Approach",
    "link": "https://www.kymeratx.com/science-innovation/our-approach/",
    "timestamp": "unknown"
  },
  {
    "title": "Pipeline",
    "link": "https://www.kymeratx.com/science-innovation/pipeline/",
    "timestamp": "unknown"
  },
  {
    "title": "Resource Library",
    "link": "https://www.kymeratx.com/science-innovation/resource-library/",
    "timestamp": "unknown"
  },
  {
    "title": "Careers & CultureWorking at KymeraOpen Positions",
    "link": "https://www.kymeratx.com/careers-culture/",
    "timestamp": "unknown"
  },
  {
    "title": "Working at Kymera",
    "link": "https://www.kymeratx.com/careers-culture/working-at-kymera/",
    "timestamp": "unknown"
  },
  {
    "title": "Open Positions",
    "link": "https://www.kymeratx.com/working-at-kymera/#open-positions",
    "timestamp": "unknown"
  },
  {
    "title": "Search",
    "link": "https://investors.kymeratx.com/news-events/press-releases#search",
    "timestamp": "unknown"
  },
  {
    "title": "Patients",
    "link": "https://www.kymeratx.com/patients/",
    "timestamp": "unknown"
  },
  {
    "title": "Media",
    "link": "https://www.kymeratx.com/media/",
    "timestamp": "unknown"
  },
  {
    "title": "Investors",
    "link": "https://investors.kymeratx.com/",
    "timestamp": "unknown"
  },
  {
    "title": "PatientsMediaInvestorsReinventing MedicineRedefining Treatment ParadigmsAbout UsOur CompanyLeadershipKymera CaresScience & InnovationOur ApproachPipel",
    "link": "https://www.kymeratx.com/patients/",
    "timestamp": "unknown"
  },
  {
    "title": "PatientsMediaInvestorsReinventing MedicineRedefining Treatment ParadigmsAbout UsOur CompanyLeadershipKymera CaresScience & InnovationOur ApproachPipel",
    "link": "https://www.kymeratx.com/patients/",
    "timestamp": "unknown"
  },
  {
    "title": "PatientsMediaInvestors",
    "link": "https://www.kymeratx.com/patients/",
    "timestamp": "unknown"
  },
  {
    "title": "PatientsMediaInvestors",
    "link": "https://www.kymeratx.com/patients/",
    "timestamp": "unknown"
  },
  {
    "title": "Patients",
    "link": "https://www.kymeratx.com/patients/",
    "timestamp": "unknown"
  },
  {
    "title": "Media",
    "link": "https://www.kymeratx.com/media/",
    "timestamp": "unknown"
  },
  {
    "title": "Investors",
    "link": "https://investors.kymeratx.com/",
    "timestamp": "unknown"
  },
  {
    "title": "Reinventing MedicineRedefining Treatment ParadigmsAbout UsOur CompanyLeadershipKymera CaresScience & InnovationOur ApproachPipelineResource LibraryCar",
    "link": "https://investors.kymeratx.com/news-events/press-releases",
    "timestamp": "unknown"
  },
  {
    "title": "Reinventing MedicineRedefining Treatment ParadigmsAbout UsOur CompanyLeadershipKymera CaresScience & InnovationOur ApproachPipelineResource LibraryCar",
    "link": "https://investors.kymeratx.com/news-events/press-releases",
    "timestamp": "unknown"
  },
  {
    "title": "Reinventing MedicineRedefining Treatment ParadigmsAbout UsOur CompanyLeadershipKymera CaresScience & InnovationOur ApproachPipelineResource LibraryCar",
    "link": "https://investors.kymeratx.com/news-events/press-releases",
    "timestamp": "unknown"
  },
  {
    "title": "Reinventing MedicineRedefining Treatment ParadigmsAbout UsOur CompanyLeadershipKymera CaresScience & InnovationOur ApproachPipelineResource LibraryCar",
    "link": "https://investors.kymeratx.com/news-events/press-releases",
    "timestamp": "unknown"
  },
  {
    "title": "Reinventing MedicineRedefining Treatment ParadigmsAbout UsOur CompanyLeadershipKymera CaresScience & InnovationOur ApproachPipelineResource LibraryCar",
    "link": "https://investors.kymeratx.com/news-events/press-releases",
    "timestamp": "unknown"
  },
  {
    "title": "Reinventing MedicineRedefining Treatment ParadigmsAbout UsOur CompanyLeadershipKymera CaresScience & InnovationOur ApproachPipelineResource LibraryCar",
    "link": "https://investors.kymeratx.com/news-events/press-releases",
    "timestamp": "unknown"
  },
  {
    "title": "Reinventing MedicineRedefining Treatment Paradigms",
    "link": "https://investors.kymeratx.com/news-events/press-releases",
    "timestamp": "unknown"
  },
  {
    "title": "Redefining Treatment Paradigms",
    "link": "https://www.kymeratx.com/reinventing-medicine/redefining-treatment-paradigms/",
    "timestamp": "unknown"
  },
  {
    "title": "About UsOur CompanyLeadershipKymera Cares",
    "link": "https://www.kymeratx.com/about-us/",
    "timestamp": "unknown"
  },
  {
    "title": "Our Company",
    "link": "https://www.kymeratx.com/about-us/our-company/",
    "timestamp": "unknown"
  },
  {
    "title": "Leadership",
    "link": "https://www.kymeratx.com/about-us/leadership/",
    "timestamp": "unknown"
  },
  {
    "title": "Kymera Cares",
    "link": "https://www.kymeratx.com/about-us/kymera-cares/",
    "timestamp": "unknown"
  },
  {
    "title": "Science & InnovationOur ApproachPipelineResource Library",
    "link": "https://www.kymeratx.com/science-innovation/",
    "timestamp": "unknown"
  },
  {
    "title": "Our Approach",
    "link": "https://www.kymeratx.com/science-innovation/our-approach/",
    "timestamp": "unknown"
  },
  {
    "title": "Pipeline",
    "link": "https://www.kymeratx.com/science-innovation/pipeline/",
    "timestamp": "unknown"
  },
  {
    "title": "Resource Library",
    "link": "https://www.kymeratx.com/science-innovation/resource-library/",
    "timestamp": "unknown"
  },
  {
    "title": "Careers & CultureWorking at KymeraOpen Positions",
    "link": "https://www.kymeratx.com/careers-culture/",
    "timestamp": "unknown"
  },
  {
    "title": "Working at Kymera",
    "link": "https://www.kymeratx.com/careers-culture/working-at-kymera/",
    "timestamp": "unknown"
  },
  {
    "title": "Open Positions",
    "link": "https://www.kymeratx.com/working-at-kymera/#open-positions",
    "timestamp": "unknown"
  },
  {
    "title": "Search",
    "link": "https://investors.kymeratx.com/news-events/press-releases#search",
    "timestamp": "unknown"
  },
  {
    "title": "Press ReleasesOverviewNews & EventsPress ReleasesEventsPresentationsSEC FilingsStockStock Quote & ChartHistoric Price LookupAnalyst CoverageCorporate ",
    "link": "https://investors.kymeratx.com/",
    "timestamp": "unknown"
  },
  {
    "title": "OverviewNews & EventsPress ReleasesEventsPresentationsSEC FilingsStockStock Quote & ChartHistoric Price LookupAnalyst CoverageCorporate GovernanceDocu",
    "link": "https://investors.kymeratx.com/",
    "timestamp": "unknown"
  },
  {
    "title": "OverviewNews & EventsPress ReleasesEventsPresentationsSEC FilingsStockStock Quote & ChartHistoric Price LookupAnalyst CoverageCorporate GovernanceDocu",
    "link": "https://investors.kymeratx.com/",
    "timestamp": "unknown"
  },
  {
    "title": "OverviewNews & EventsPress ReleasesEventsPresentationsSEC FilingsStockStock Quote & ChartHistoric Price LookupAnalyst CoverageCorporate GovernanceDocu",
    "link": "https://investors.kymeratx.com/",
    "timestamp": "unknown"
  },
  {
    "title": "Overview",
    "link": "https://investors.kymeratx.com/",
    "timestamp": "unknown"
  },
  {
    "title": "News & EventsPress ReleasesEventsPresentations",
    "link": "https://investors.kymeratx.com/news-events/press-releases",
    "timestamp": "unknown"
  },
  {
    "title": "Press Releases",
    "link": "https://investors.kymeratx.com/news-events/press-releases",
    "timestamp": "unknown"
  },
  {
    "title": "Events",
    "link": "https://investors.kymeratx.com/news-events/events",
    "timestamp": "unknown"
  },
  {
    "title": "Presentations",
    "link": "https://investors.kymeratx.com/news-events/presentations",
    "timestamp": "unknown"
  },
  {
    "title": "SEC Filings",
    "link": "https://investors.kymeratx.com/sec-filings",
    "timestamp": "unknown"
  },
  {
    "title": "StockStock Quote & ChartHistoric Price LookupAnalyst Coverage",
    "link": "https://investors.kymeratx.com/stock-information/stock-quote-chart",
    "timestamp": "unknown"
  },
  {
    "title": "Stock Quote & Chart",
    "link": "https://investors.kymeratx.com/stock-information/stock-quote-chart",
    "timestamp": "unknown"
  },
  {
    "title": "Historic Price Lookup",
    "link": "https://investors.kymeratx.com/stock-information/historic-price-lookup",
    "timestamp": "unknown"
  },
  {
    "title": "Analyst Coverage",
    "link": "https://investors.kymeratx.com/stock-information/analyst-coverage",
    "timestamp": "unknown"
  },
  {
    "title": "Corporate GovernanceDocuments & ChartersBoard of DirectorsCommittee Composition",
    "link": "https://investors.kymeratx.com/corporate-governance/documents-charters",
    "timestamp": "unknown"
  },
  {
    "title": "Documents & Charters",
    "link": "https://investors.kymeratx.com/corporate-governance/documents-charters",
    "timestamp": "unknown"
  },
  {
    "title": "Board of Directors",
    "link": "https://www.kymeratx.com/about-us/leadership/",
    "timestamp": "unknown"
  },
  {
    "title": "Committee Composition",
    "link": "https://investors.kymeratx.com/corporate-governance/committee-composition",
    "timestamp": "unknown"
  },
  {
    "title": "Shareholder ResourcesInvestor FAQsEmail AlertsContacts",
    "link": "https://investors.kymeratx.com/shareholder-resources/investor-faqs",
    "timestamp": "unknown"
  },
  {
    "title": "Investor FAQs",
    "link": "https://investors.kymeratx.com/shareholder-resources/investor-faqs",
    "timestamp": "unknown"
  },
  {
    "title": "Email Alerts",
    "link": "https://investors.kymeratx.com/shareholder-resources/email-alerts",
    "timestamp": "unknown"
  },
  {
    "title": "Contacts",
    "link": "https://investors.kymeratx.com/shareholder-resources/contacts",
    "timestamp": "unknown"
  },
  {
    "title": "YearAllDisplaying  -  ofNovember ,Kymera Therapeutics Announces First Patient Dosed in BROADEN2 Phase 2b Atopic Dermatitis Clinical Trial of KT-, a Fi",
    "link": "https://investors.kymeratx.com/news-releases/news-release-details/kymera-therapeutics-announces-first-patient-dosed-broaden2-phase",
    "timestamp": "unknown"
  },
  {
    "title": "YearAllDisplaying  -  ofNovember ,Kymera Therapeutics Announces First Patient Dosed in BROADEN2 Phase 2b Atopic Dermatitis Clinical Trial of KT-, a Fi",
    "link": "https://investors.kymeratx.com/news-releases/news-release-details/kymera-therapeutics-announces-first-patient-dosed-broaden2-phase",
    "timestamp": "unknown"
  },
  {
    "title": "YearAllDisplaying  -  ofNovember ,Kymera Therapeutics Announces First Patient Dosed in BROADEN2 Phase 2b Atopic Dermatitis Clinical Trial of KT-, a Fi",
    "link": "https://investors.kymeratx.com/news-releases/news-release-details/kymera-therapeutics-announces-first-patient-dosed-broaden2-phase",
    "timestamp": "unknown"
  },
  {
    "title": "YearAllDisplaying  -  ofNovember ,Kymera Therapeutics Announces First Patient Dosed in BROADEN2 Phase 2b Atopic Dermatitis Clinical Trial of KT-, a Fi",
    "link": "https://investors.kymeratx.com/news-releases/news-release-details/kymera-therapeutics-announces-first-patient-dosed-broaden2-phase",
    "timestamp": "unknown"
  },
  {
    "title": "YearAllDisplaying  -  ofNovember ,Kymera Therapeutics Announces First Patient Dosed in BROADEN2 Phase 2b Atopic Dermatitis Clinical Trial of KT-, a Fi",
    "link": "https://investors.kymeratx.com/news-releases/news-release-details/kymera-therapeutics-announces-first-patient-dosed-broaden2-phase",
    "timestamp": "unknown"
  },
  {
    "title": "YearAllDisplaying  -  ofNovember ,Kymera Therapeutics Announces First Patient Dosed in BROADEN2 Phase 2b Atopic Dermatitis Clinical Trial of KT-, a Fi",
    "link": "https://investors.kymeratx.com/news-releases/news-release-details/kymera-therapeutics-announces-first-patient-dosed-broaden2-phase",
    "timestamp": "unknown"
  },
  {
    "title": "YearAllDisplaying  -  ofNovember ,Kymera Therapeutics Announces First Patient Dosed in BROADEN2 Phase 2b Atopic Dermatitis Clinical Trial of KT-, a Fi",
    "link": "https://investors.kymeratx.com/news-releases/news-release-details/kymera-therapeutics-announces-first-patient-dosed-broaden2-phase",
    "timestamp": "unknown"
  },
  {
    "title": "YearAllDisplaying  -  ofNovember ,Kymera Therapeutics Announces First Patient Dosed in BROADEN2 Phase 2b Atopic Dermatitis Clinical Trial of KT-, a Fi",
    "link": "https://investors.kymeratx.com/news-releases/news-release-details/kymera-therapeutics-announces-first-patient-dosed-broaden2-phase",
    "timestamp": "unknown"
  },
  {
    "title": "YearAllDisplaying  -  ofNovember ,Kymera Therapeutics Announces First Patient Dosed in BROADEN2 Phase 2b Atopic Dermatitis Clinical Trial of KT-, a Fi",
    "link": "https://investors.kymeratx.com/news-releases/news-release-details/kymera-therapeutics-announces-first-patient-dosed-broaden2-phase",
    "timestamp": "unknown"
  },
  {
    "title": "YearAllDisplaying  -  ofNovember ,Kymera Therapeutics Announces First Patient Dosed in BROADEN2 Phase 2b Atopic Dermatitis Clinical Trial of KT-, a Fi",
    "link": "https://investors.kymeratx.com/news-releases/news-release-details/kymera-therapeutics-announces-first-patient-dosed-broaden2-phase",
    "timestamp": "unknown"
  },
  {
    "title": "YearAllDisplaying  -  ofNovember ,Kymera Therapeutics Announces First Patient Dosed in BROADEN2 Phase 2b Atopic Dermatitis Clinical Trial of KT-, a Fi",
    "link": "https://investors.kymeratx.com/news-releases/news-release-details/kymera-therapeutics-announces-first-patient-dosed-broaden2-phase",
    "timestamp": "unknown"
  },
  {
    "title": "YearAllDisplaying  -  ofNovember ,Kymera Therapeutics Announces First Patient Dosed in BROADEN2 Phase 2b Atopic Dermatitis Clinical Trial of KT-, a Fi",
    "link": "https://investors.kymeratx.com/news-releases/news-release-details/kymera-therapeutics-announces-first-patient-dosed-broaden2-phase",
    "timestamp": "unknown"
  },
  {
    "title": "YearAllDisplaying  -  ofNovember ,Kymera Therapeutics Announces First Patient Dosed in BROADEN2 Phase 2b Atopic Dermatitis Clinical Trial of KT-, a Fi",
    "link": "https://investors.kymeratx.com/news-releases/news-release-details/kymera-therapeutics-announces-first-patient-dosed-broaden2-phase",
    "timestamp": "unknown"
  },
  {
    "title": "YearAllDisplaying  -  ofNovember ,Kymera Therapeutics Announces First Patient Dosed in BROADEN2 Phase 2b Atopic Dermatitis Clinical Trial of KT-, a Fi",
    "link": "https://investors.kymeratx.com/news-releases/news-release-details/kymera-therapeutics-announces-first-patient-dosed-broaden2-phase",
    "timestamp": "unknown"
  },
  {
    "title": "YearAllDisplaying  -  ofNovember ,Kymera Therapeutics Announces First Patient Dosed in BROADEN2 Phase 2b Atopic Dermatitis Clinical Trial of KT-, a Fi",
    "link": "https://investors.kymeratx.com/news-releases/news-release-details/kymera-therapeutics-announces-first-patient-dosed-broaden2-phase",
    "timestamp": "unknown"
  },
  {
    "title": "YearAllDisplaying  -  ofNovember ,Kymera Therapeutics Announces First Patient Dosed in BROADEN2 Phase 2b Atopic Dermatitis Clinical Trial of KT-, a Fi",
    "link": "https://investors.kymeratx.com/news-releases/news-release-details/kymera-therapeutics-announces-first-patient-dosed-broaden2-phase",
    "timestamp": "unknown"
  },
  {
    "title": "YearAllDisplaying  -  ofNovember ,Kymera Therapeutics Announces First Patient Dosed in BROADEN2 Phase 2b Atopic Dermatitis Clinical Trial of KT-, a Fi",
    "link": "https://investors.kymeratx.com/news-releases/news-release-details/kymera-therapeutics-announces-first-patient-dosed-broaden2-phase",
    "timestamp": "unknown"
  },
  {
    "title": "YearAllDisplaying  -  ofNovember ,Kymera Therapeutics Announces First Patient Dosed in BROADEN2 Phase 2b Atopic Dermatitis Clinical Trial of KT-, a Fi",
    "link": "https://investors.kymeratx.com/news-releases/news-release-details/kymera-therapeutics-announces-first-patient-dosed-broaden2-phase",
    "timestamp": "unknown"
  },
  {
    "title": "YearAllDisplaying  -  ofNovember ,Kymera Therapeutics Announces First Patient Dosed in BROADEN2 Phase 2b Atopic Dermatitis Clinical Trial of KT-, a Fi",
    "link": "https://investors.kymeratx.com/news-releases/news-release-details/kymera-therapeutics-announces-first-patient-dosed-broaden2-phase",
    "timestamp": "unknown"
  },
  {
    "title": "YearAllDisplaying  -  ofNovember ,Kymera Therapeutics Announces First Patient Dosed in BROADEN2 Phase 2b Atopic Dermatitis Clinical Trial of KT-, a Fi",
    "link": "https://investors.kymeratx.com/news-releases/news-release-details/kymera-therapeutics-announces-first-patient-dosed-broaden2-phase",
    "timestamp": "unknown"
  },
  {
    "title": "November ,Kymera Therapeutics Announces First Patient Dosed in BROADEN2 Phase 2b Atopic Dermatitis Clinical Trial of KT-, a First-in-Class, Oral STAT6",
    "link": "https://investors.kymeratx.com/news-releases/news-release-details/kymera-therapeutics-announces-first-patient-dosed-broaden2-phase",
    "timestamp": "unknown"
  },
  {
    "title": "November ,Kymera Therapeutics Announces First Patient Dosed in BROADEN2 Phase 2b Atopic Dermatitis Clinical Trial of KT-, a First-in-Class, Oral STAT6",
    "link": "https://investors.kymeratx.com/news-releases/news-release-details/kymera-therapeutics-announces-first-patient-dosed-broaden2-phase",
    "timestamp": "unknown"
  },
  {
    "title": "November ,Kymera Therapeutics Announces First Patient Dosed in BROADEN2 Phase 2b Atopic Dermatitis Clinical Trial of KT-, a First-in-Class, Oral STAT6",
    "link": "https://investors.kymeratx.com/news-releases/news-release-details/kymera-therapeutics-announces-first-patient-dosed-broaden2-phase",
    "timestamp": "unknown"
  },
  {
    "title": "November ,Kymera Therapeutics Announces First Patient Dosed in BROADEN2 Phase 2b Atopic Dermatitis Clinical Trial of KT-, a First-in-Class, Oral STAT6",
    "link": "https://investors.kymeratx.com/news-releases/news-release-details/kymera-therapeutics-announces-first-patient-dosed-broaden2-phase",
    "timestamp": "unknown"
  },
  {
    "title": "Read More",
    "link": "https://investors.kymeratx.com/news-releases/news-release-details/kymera-therapeutics-announces-first-patient-dosed-broaden2-phase",
    "timestamp": "unknown"
  },
  {
    "title": "November ,Kymera Therapeutics to Participate in Upcoming December Investor ConferencesWATERTOWN, Mass., Nov. ,  (GLOBE NEWSWIRE) -- Kymera Therapeutic",
    "link": "https://investors.kymeratx.com/news-releases/news-release-details/kymera-therapeutics-participate-upcoming-december-investor-",
    "timestamp": "unknown"
  },
  {
    "title": "November ,Kymera Therapeutics to Participate in Upcoming December Investor ConferencesWATERTOWN, Mass., Nov. ,  (GLOBE NEWSWIRE) -- Kymera Therapeutic",
    "link": "https://investors.kymeratx.com/news-releases/news-release-details/kymera-therapeutics-participate-upcoming-december-investor-",
    "timestamp": "unknown"
  },
  {
    "title": "November ,Kymera Therapeutics to Participate in Upcoming December Investor ConferencesWATERTOWN, Mass., Nov. ,  (GLOBE NEWSWIRE) -- Kymera Therapeutic",
    "link": "https://investors.kymeratx.com/news-releases/news-release-details/kymera-therapeutics-participate-upcoming-december-investor-",
    "timestamp": "unknown"
  },
  {
    "title": "Read More",
    "link": "https://investors.kymeratx.com/news-releases/news-release-details/kymera-therapeutics-participate-upcoming-december-investor-",
    "timestamp": "unknown"
  },
  {
    "title": "November ,Kymera Therapeutics Announces Third Quarter  Financial Results and Provides a Business UpdateEnrollment and dosing completed in KT- (STAT6) ",
    "link": "https://investors.kymeratx.com/news-releases/news-release-details/kymera-therapeutics-announces-third-quarter--financial",
    "timestamp": "unknown"
  },
  {
    "title": "November ,Kymera Therapeutics Announces Third Quarter  Financial Results and Provides a Business UpdateEnrollment and dosing completed in KT- (STAT6) ",
    "link": "https://investors.kymeratx.com/news-releases/news-release-details/kymera-therapeutics-announces-third-quarter--financial",
    "timestamp": "unknown"
  },
  {
    "title": "November ,Kymera Therapeutics Announces Third Quarter  Financial Results and Provides a Business UpdateEnrollment and dosing completed in KT- (STAT6) ",
    "link": "https://investors.kymeratx.com/news-releases/news-release-details/kymera-therapeutics-announces-third-quarter--financial",
    "timestamp": "unknown"
  },
  {
    "title": "Read More",
    "link": "https://investors.kymeratx.com/news-releases/news-release-details/kymera-therapeutics-announces-third-quarter--financial",
    "timestamp": "unknown"
  },
  {
    "title": "November ,Kymera Therapeutics to Participate in Upcoming November Investor ConferencesWATERTOWN, Mass., Nov. ,  (GLOBE NEWSWIRE) -- Kymera Therapeutic",
    "link": "https://investors.kymeratx.com/news-releases/news-release-details/kymera-therapeutics-participate-upcoming-november-investor-",
    "timestamp": "unknown"
  },
  {
    "title": "November ,Kymera Therapeutics to Participate in Upcoming November Investor ConferencesWATERTOWN, Mass., Nov. ,  (GLOBE NEWSWIRE) -- Kymera Therapeutic",
    "link": "https://investors.kymeratx.com/news-releases/news-release-details/kymera-therapeutics-participate-upcoming-november-investor-",
    "timestamp": "unknown"
  },
  {
    "title": "November ,Kymera Therapeutics to Participate in Upcoming November Investor ConferencesWATERTOWN, Mass., Nov. ,  (GLOBE NEWSWIRE) -- Kymera Therapeutic",
    "link": "https://investors.kymeratx.com/news-releases/news-release-details/kymera-therapeutics-participate-upcoming-november-investor-",
    "timestamp": "unknown"
  },
  {
    "title": "Read More",
    "link": "https://investors.kymeratx.com/news-releases/news-release-details/kymera-therapeutics-participate-upcoming-november-investor-",
    "timestamp": "unknown"
  },
  {
    "title": "October ,Kymera Therapeutics to Report Third Quarter  Financial Results on November ,WATERTOWN, Mass., Oct. ,  (GLOBE NEWSWIRE) -- Kymera Therapeutics",
    "link": "https://investors.kymeratx.com/news-releases/news-release-details/kymera-therapeutics-report-third-quarter--financial-results",
    "timestamp": "unknown"
  },
  {
    "title": "October ,Kymera Therapeutics to Report Third Quarter  Financial Results on November ,WATERTOWN, Mass., Oct. ,  (GLOBE NEWSWIRE) -- Kymera Therapeutics",
    "link": "https://investors.kymeratx.com/news-releases/news-release-details/kymera-therapeutics-report-third-quarter--financial-results",
    "timestamp": "unknown"
  },
  {
    "title": "October ,Kymera Therapeutics to Report Third Quarter  Financial Results on November ,WATERTOWN, Mass., Oct. ,  (GLOBE NEWSWIRE) -- Kymera Therapeutics",
    "link": "https://investors.kymeratx.com/news-releases/news-release-details/kymera-therapeutics-report-third-quarter--financial-results",
    "timestamp": "unknown"
  },
  {
    "title": "Read More",
    "link": "https://investors.kymeratx.com/news-releases/news-release-details/kymera-therapeutics-report-third-quarter--financial-results",
    "timestamp": "unknown"
  },
  {
    "title": "October ,Kymera Therapeutics Presents New Preclinical Data for KT-, a First-in-Class, Oral IRF5 Degrader, at the American College of Rheumatology Annu",
    "link": "https://investors.kymeratx.com/news-releases/news-release-details/kymera-therapeutics-presents-new-preclinical-data-kt--first",
    "timestamp": "unknown"
  },
  {
    "title": "October ,Kymera Therapeutics Presents New Preclinical Data for KT-, a First-in-Class, Oral IRF5 Degrader, at the American College of Rheumatology Annu",
    "link": "https://investors.kymeratx.com/news-releases/news-release-details/kymera-therapeutics-presents-new-preclinical-data-kt--first",
    "timestamp": "unknown"
  },
  {
    "title": "October ,Kymera Therapeutics Presents New Preclinical Data for KT-, a First-in-Class, Oral IRF5 Degrader, at the American College of Rheumatology Annu",
    "link": "https://investors.kymeratx.com/news-releases/news-release-details/kymera-therapeutics-presents-new-preclinical-data-kt--first",
    "timestamp": "unknown"
  },
  {
    "title": "Read More",
    "link": "https://investors.kymeratx.com/news-releases/news-release-details/kymera-therapeutics-presents-new-preclinical-data-kt--first",
    "timestamp": "unknown"
  },
  {
    "title": "September ,Kymera Therapeutics Announces Late-Breaking Oral Presentations on KT-, a First-In-Class, Oral STAT6 Degrader, at the European Academy of De",
    "link": "https://investors.kymeratx.com/news-releases/news-release-details/kymera-therapeutics-announces-late-breaking-oral-presentations",
    "timestamp": "unknown"
  },
  {
    "title": "September ,Kymera Therapeutics Announces Late-Breaking Oral Presentations on KT-, a First-In-Class, Oral STAT6 Degrader, at the European Academy of De",
    "link": "https://investors.kymeratx.com/news-releases/news-release-details/kymera-therapeutics-announces-late-breaking-oral-presentations",
    "timestamp": "unknown"
  },
  {
    "title": "September ,Kymera Therapeutics Announces Late-Breaking Oral Presentations on KT-, a First-In-Class, Oral STAT6 Degrader, at the European Academy of De",
    "link": "https://investors.kymeratx.com/news-releases/news-release-details/kymera-therapeutics-announces-late-breaking-oral-presentations",
    "timestamp": "unknown"
  },
  {
    "title": "Read More",
    "link": "https://investors.kymeratx.com/news-releases/news-release-details/kymera-therapeutics-announces-late-breaking-oral-presentations",
    "timestamp": "unknown"
  },
  {
    "title": "September ,Kymera Therapeutics Appoints Brian Adams as Chief Legal Officer and Corporate SecretaryWATERTOWN, Mass., Sept. ,  (GLOBE NEWSWIRE) -- Kymer",
    "link": "https://investors.kymeratx.com/news-releases/news-release-details/kymera-therapeutics-appoints-brian-adams-chief-legal-officer-and",
    "timestamp": "unknown"
  },
  {
    "title": "September ,Kymera Therapeutics Appoints Brian Adams as Chief Legal Officer and Corporate SecretaryWATERTOWN, Mass., Sept. ,  (GLOBE NEWSWIRE) -- Kymer",
    "link": "https://investors.kymeratx.com/news-releases/news-release-details/kymera-therapeutics-appoints-brian-adams-chief-legal-officer-and",
    "timestamp": "unknown"
  },
  {
    "title": "September ,Kymera Therapeutics Appoints Brian Adams as Chief Legal Officer and Corporate SecretaryWATERTOWN, Mass., Sept. ,  (GLOBE NEWSWIRE) -- Kymer",
    "link": "https://investors.kymeratx.com/news-releases/news-release-details/kymera-therapeutics-appoints-brian-adams-chief-legal-officer-and",
    "timestamp": "unknown"
  },
  {
    "title": "Read More",
    "link": "https://investors.kymeratx.com/news-releases/news-release-details/kymera-therapeutics-appoints-brian-adams-chief-legal-officer-and",
    "timestamp": "unknown"
  },
  {
    "title": "August ,Kymera Therapeutics to Participate in Upcoming September Investor ConferencesWATERTOWN, Mass., Aug. ,  (GLOBE NEWSWIRE) -- Kymera Therapeutics",
    "link": "https://investors.kymeratx.com/news-releases/news-release-details/kymera-therapeutics-participate-upcoming-september-investor-",
    "timestamp": "unknown"
  },
  {
    "title": "August ,Kymera Therapeutics to Participate in Upcoming September Investor ConferencesWATERTOWN, Mass., Aug. ,  (GLOBE NEWSWIRE) -- Kymera Therapeutics",
    "link": "https://investors.kymeratx.com/news-releases/news-release-details/kymera-therapeutics-participate-upcoming-september-investor-",
    "timestamp": "unknown"
  },
  {
    "title": "August ,Kymera Therapeutics to Participate in Upcoming September Investor ConferencesWATERTOWN, Mass., Aug. ,  (GLOBE NEWSWIRE) -- Kymera Therapeutics",
    "link": "https://investors.kymeratx.com/news-releases/news-release-details/kymera-therapeutics-participate-upcoming-september-investor-",
    "timestamp": "unknown"
  },
  {
    "title": "Read More",
    "link": "https://investors.kymeratx.com/news-releases/news-release-details/kymera-therapeutics-participate-upcoming-september-investor-",
    "timestamp": "unknown"
  },
  {
    "title": "August ,Kymera Therapeutics Announces Second Quarter  Financial Results and Provides a Business UpdateReported positive KT- (STAT6) Phase  healthy vol",
    "link": "https://investors.kymeratx.com/news-releases/news-release-details/kymera-therapeutics-announces-second-quarter--financial",
    "timestamp": "unknown"
  },
  {
    "title": "August ,Kymera Therapeutics Announces Second Quarter  Financial Results and Provides a Business UpdateReported positive KT- (STAT6) Phase  healthy vol",
    "link": "https://investors.kymeratx.com/news-releases/news-release-details/kymera-therapeutics-announces-second-quarter--financial",
    "timestamp": "unknown"
  },
  {
    "title": "August ,Kymera Therapeutics Announces Second Quarter  Financial Results and Provides a Business UpdateReported positive KT- (STAT6) Phase  healthy vol",
    "link": "https://investors.kymeratx.com/news-releases/news-release-details/kymera-therapeutics-announces-second-quarter--financial",
    "timestamp": "unknown"
  },
  {
    "title": "Read More",
    "link": "https://investors.kymeratx.com/news-releases/news-release-details/kymera-therapeutics-announces-second-quarter--financial",
    "timestamp": "unknown"
  },
  {
    "title": "PaginationCurrent pagePagePage\u2026Next page\u203aLast page\u00bb",
    "link": "https://investors.kymeratx.com/news-events/press-releases?page=",
    "timestamp": "unknown"
  },
  {
    "title": "PaginationCurrent pagePagePage\u2026Next page\u203aLast page\u00bb",
    "link": "https://investors.kymeratx.com/news-events/press-releases?page=",
    "timestamp": "unknown"
  },
  {
    "title": "PaginationCurrent pagePagePage\u2026Next page\u203aLast page\u00bb",
    "link": "https://investors.kymeratx.com/news-events/press-releases?page=",
    "timestamp": "unknown"
  },
  {
    "title": "Current page",
    "link": "https://investors.kymeratx.com/news-events/press-releases?page=",
    "timestamp": "unknown"
  },
  {
    "title": "Page",
    "link": "https://investors.kymeratx.com/news-events/press-releases?page=",
    "timestamp": "unknown"
  },
  {
    "title": "Page",
    "link": "https://investors.kymeratx.com/news-events/press-releases?page=",
    "timestamp": "unknown"
  },
  {
    "title": "Next page\u203a",
    "link": "https://investors.kymeratx.com/news-events/press-releases?page=",
    "timestamp": "unknown"
  },
  {
    "title": "Last page\u00bb",
    "link": "https://investors.kymeratx.com/news-events/press-releases?page=",
    "timestamp": "unknown"
  },
  {
    "title": "Reinventing the Treatment ofHuman DiseaseNorth Beacon Street, 4th Floor, Watertown, MA\u00a9  Kymera Therapeutics, Inc. All Rights Reserved.Helpful LinksCo",
    "link": "https://www.kymeratx.com/contact-us/",
    "timestamp": "unknown"
  },
  {
    "title": "Reinventing the Treatment ofHuman DiseaseNorth Beacon Street, 4th Floor, Watertown, MA\u00a9  Kymera Therapeutics, Inc. All Rights Reserved.Helpful LinksCo",
    "link": "https://www.kymeratx.com/contact-us/",
    "timestamp": "unknown"
  },
  {
    "title": "Helpful LinksContact UsCareers & CulturePolicy LinksTerms of UsePrivacy PolicyCompany LinksMain SiteMedia",
    "link": "https://www.kymeratx.com/contact-us/",
    "timestamp": "unknown"
  },
  {
    "title": "Helpful LinksContact UsCareers & CulturePolicy LinksTerms of UsePrivacy PolicyCompany LinksMain SiteMedia",
    "link": "https://www.kymeratx.com/contact-us/",
    "timestamp": "unknown"
  },
  {
    "title": "Helpful LinksContact UsCareers & Culture",
    "link": "https://www.kymeratx.com/contact-us/",
    "timestamp": "unknown"
  },
  {
    "title": "Contact Us",
    "link": "https://www.kymeratx.com/contact-us/",
    "timestamp": "unknown"
  },
  {
    "title": "Careers & Culture",
    "link": "https://www.kymeratx.com/careers-culture/working-at-kymera/",
    "timestamp": "unknown"
  },
  {
    "title": "Policy LinksTerms of UsePrivacy Policy",
    "link": "https://www.kymeratx.com/terms-of-use/",
    "timestamp": "unknown"
  },
  {
    "title": "Terms of Use",
    "link": "https://www.kymeratx.com/terms-of-use/",
    "timestamp": "unknown"
  },
  {
    "title": "Privacy Policy",
    "link": "https://www.kymeratx.com/privacy-policy/",
    "timestamp": "unknown"
  },
  {
    "title": "Company LinksMain SiteMedia",
    "link": "https://www.kymeratx.com/",
    "timestamp": "unknown"
  },
  {
    "title": "Main Site",
    "link": "https://www.kymeratx.com/",
    "timestamp": "unknown"
  },
  {
    "title": "Media",
    "link": "https://www.kymeratx.com/media/",
    "timestamp": "unknown"
  }
]