[
  {
    "title": "Monte Rosa TherapeuticsNewsPresentationsContactSearchSciencePipelineAboutCareersInvestorsOverviewNews & EventsPress ReleasesEventsPresentationsStock I",
    "link": "https://www.monterosatx.com/",
    "timestamp": "unknown"
  },
  {
    "title": "Monte Rosa TherapeuticsNewsPresentationsContactSearchSciencePipelineAboutCareersInvestorsOverviewNews & EventsPress ReleasesEventsPresentationsStock I",
    "link": "https://www.monterosatx.com/",
    "timestamp": "unknown"
  },
  {
    "title": "Monte Rosa TherapeuticsNewsPresentationsContactSearchSciencePipelineAboutCareersInvestorsOverviewNews & EventsPress ReleasesEventsPresentationsStock I",
    "link": "https://www.monterosatx.com/",
    "timestamp": "unknown"
  },
  {
    "title": "Monte Rosa TherapeuticsNewsPresentationsContactSearchSciencePipelineAboutCareersInvestorsOverviewNews & EventsPress ReleasesEventsPresentationsStock I",
    "link": "https://www.monterosatx.com/",
    "timestamp": "unknown"
  },
  {
    "title": "Monte Rosa Therapeutics",
    "link": "https://www.monterosatx.com/",
    "timestamp": "unknown"
  },
  {
    "title": "NewsPresentationsContactSearchSciencePipelineAboutCareersInvestorsOverviewNews & EventsPress ReleasesEventsPresentationsStock InformationStock Quote &",
    "link": "https://www.monterosatx.com/news",
    "timestamp": "unknown"
  },
  {
    "title": "News",
    "link": "https://www.monterosatx.com/news",
    "timestamp": "unknown"
  },
  {
    "title": "Presentations",
    "link": "https://www.monterosatx.com/presentations",
    "timestamp": "unknown"
  },
  {
    "title": "Contact",
    "link": "https://www.monterosatx.com/contact",
    "timestamp": "unknown"
  },
  {
    "title": "Search",
    "link": "https://www.monterosatx.com/search",
    "timestamp": "unknown"
  },
  {
    "title": "Science",
    "link": "https://www.monterosatx.com/science",
    "timestamp": "unknown"
  },
  {
    "title": "Pipeline",
    "link": "https://www.monterosatx.com/pipeline",
    "timestamp": "unknown"
  },
  {
    "title": "About",
    "link": "https://www.monterosatx.com/about",
    "timestamp": "unknown"
  },
  {
    "title": "Careers",
    "link": "https://www.monterosatx.com/careers",
    "timestamp": "unknown"
  },
  {
    "title": "InvestorsOverviewNews & EventsPress ReleasesEventsPresentationsStock InformationStock Quote & ChartAnalyst CoverageCorporate GovernanceDocuments & Cha",
    "link": "https://ir.monterosatx.com/",
    "timestamp": "unknown"
  },
  {
    "title": "OverviewNews & EventsPress ReleasesEventsPresentationsStock InformationStock Quote & ChartAnalyst CoverageCorporate GovernanceDocuments & ChartersOur ",
    "link": "https://ir.monterosatx.com/investor-relations",
    "timestamp": "unknown"
  },
  {
    "title": "OverviewNews & EventsPress ReleasesEventsPresentationsStock InformationStock Quote & ChartAnalyst CoverageCorporate GovernanceDocuments & ChartersOur ",
    "link": "https://ir.monterosatx.com/investor-relations",
    "timestamp": "unknown"
  },
  {
    "title": "Overview",
    "link": "https://ir.monterosatx.com/investor-relations",
    "timestamp": "unknown"
  },
  {
    "title": "News & EventsPress ReleasesEventsPresentations",
    "link": "https://ir.monterosatx.com/news-and-events/events",
    "timestamp": "unknown"
  },
  {
    "title": "Press ReleasesEventsPresentations",
    "link": "https://ir.monterosatx.com/news-and-events/press-releases",
    "timestamp": "unknown"
  },
  {
    "title": "Press ReleasesEventsPresentations",
    "link": "https://ir.monterosatx.com/news-and-events/press-releases",
    "timestamp": "unknown"
  },
  {
    "title": "Press Releases",
    "link": "https://ir.monterosatx.com/news-and-events/press-releases",
    "timestamp": "unknown"
  },
  {
    "title": "Events",
    "link": "https://ir.monterosatx.com/news-and-events/events",
    "timestamp": "unknown"
  },
  {
    "title": "Presentations",
    "link": "https://ir.monterosatx.com/news-and-events/presentations",
    "timestamp": "unknown"
  },
  {
    "title": "Stock InformationStock Quote & ChartAnalyst Coverage",
    "link": "https://ir.monterosatx.com/news-and-events/events",
    "timestamp": "unknown"
  },
  {
    "title": "Stock Quote & ChartAnalyst Coverage",
    "link": "https://ir.monterosatx.com/stock-information/stock-quote-chart",
    "timestamp": "unknown"
  },
  {
    "title": "Stock Quote & ChartAnalyst Coverage",
    "link": "https://ir.monterosatx.com/stock-information/stock-quote-chart",
    "timestamp": "unknown"
  },
  {
    "title": "Stock Quote & Chart",
    "link": "https://ir.monterosatx.com/stock-information/stock-quote-chart",
    "timestamp": "unknown"
  },
  {
    "title": "Analyst Coverage",
    "link": "https://ir.monterosatx.com/stock-information/analyst-coverage",
    "timestamp": "unknown"
  },
  {
    "title": "Corporate GovernanceDocuments & ChartersOur TeamCommittee Composition",
    "link": "https://ir.monterosatx.com/news-and-events/events",
    "timestamp": "unknown"
  },
  {
    "title": "Documents & ChartersOur TeamCommittee Composition",
    "link": "https://ir.monterosatx.com/corporate-governance/documents-and-charters",
    "timestamp": "unknown"
  },
  {
    "title": "Documents & ChartersOur TeamCommittee Composition",
    "link": "https://ir.monterosatx.com/corporate-governance/documents-and-charters",
    "timestamp": "unknown"
  },
  {
    "title": "Documents & Charters",
    "link": "https://ir.monterosatx.com/corporate-governance/documents-and-charters",
    "timestamp": "unknown"
  },
  {
    "title": "Our Team",
    "link": "https://www.monterosatx.com/about#our-team",
    "timestamp": "unknown"
  },
  {
    "title": "Committee Composition",
    "link": "https://ir.monterosatx.com/corporate-governance/committee-composition",
    "timestamp": "unknown"
  },
  {
    "title": "Financials & FilingsSEC Filings",
    "link": "https://ir.monterosatx.com/news-and-events/events",
    "timestamp": "unknown"
  },
  {
    "title": "SEC Filings",
    "link": "https://ir.monterosatx.com/financials-and-filings/sec-filings",
    "timestamp": "unknown"
  },
  {
    "title": "SEC Filings",
    "link": "https://ir.monterosatx.com/financials-and-filings/sec-filings",
    "timestamp": "unknown"
  },
  {
    "title": "SEC Filings",
    "link": "https://ir.monterosatx.com/financials-and-filings/sec-filings",
    "timestamp": "unknown"
  },
  {
    "title": "IR ResourcesFAQsContact IREmail Alerts",
    "link": "https://ir.monterosatx.com/news-and-events/events",
    "timestamp": "unknown"
  },
  {
    "title": "FAQsContact IREmail Alerts",
    "link": "https://ir.monterosatx.com/ir-resources/investor-faqs",
    "timestamp": "unknown"
  },
  {
    "title": "FAQsContact IREmail Alerts",
    "link": "https://ir.monterosatx.com/ir-resources/investor-faqs",
    "timestamp": "unknown"
  },
  {
    "title": "FAQs",
    "link": "https://ir.monterosatx.com/ir-resources/investor-faqs",
    "timestamp": "unknown"
  },
  {
    "title": "Contact IR",
    "link": "https://ir.monterosatx.com/ir-resources/contact-ir",
    "timestamp": "unknown"
  },
  {
    "title": "Email Alerts",
    "link": "https://ir.monterosatx.com/ir-resources/email-alerts",
    "timestamp": "unknown"
  },
  {
    "title": "SciencePipelineAboutCareersInvestorsOverviewNews & EventsPress ReleasesEventsPresentationsStock InformationStock Quote & ChartAnalyst CoverageCorporat",
    "link": "https://www.monterosatx.com/science",
    "timestamp": "unknown"
  },
  {
    "title": "Science",
    "link": "https://www.monterosatx.com/science",
    "timestamp": "unknown"
  },
  {
    "title": "Pipeline",
    "link": "https://www.monterosatx.com/pipeline",
    "timestamp": "unknown"
  },
  {
    "title": "About",
    "link": "https://www.monterosatx.com/about",
    "timestamp": "unknown"
  },
  {
    "title": "Careers",
    "link": "https://www.monterosatx.com/careers",
    "timestamp": "unknown"
  },
  {
    "title": "InvestorsOverviewNews & EventsPress ReleasesEventsPresentationsStock InformationStock Quote & ChartAnalyst CoverageCorporate GovernanceDocuments & Cha",
    "link": "https://ir.monterosatx.com/",
    "timestamp": "unknown"
  },
  {
    "title": "OverviewNews & EventsPress ReleasesEventsPresentationsStock InformationStock Quote & ChartAnalyst CoverageCorporate GovernanceDocuments & ChartersOur ",
    "link": "https://ir.monterosatx.com/investor-relations",
    "timestamp": "unknown"
  },
  {
    "title": "OverviewNews & EventsPress ReleasesEventsPresentationsStock InformationStock Quote & ChartAnalyst CoverageCorporate GovernanceDocuments & ChartersOur ",
    "link": "https://ir.monterosatx.com/investor-relations",
    "timestamp": "unknown"
  },
  {
    "title": "Overview",
    "link": "https://ir.monterosatx.com/investor-relations",
    "timestamp": "unknown"
  },
  {
    "title": "News & EventsPress ReleasesEventsPresentations",
    "link": "https://ir.monterosatx.com/news-and-events/events",
    "timestamp": "unknown"
  },
  {
    "title": "Press Releases",
    "link": "https://ir.monterosatx.com/news-and-events/press-releases",
    "timestamp": "unknown"
  },
  {
    "title": "Events",
    "link": "https://ir.monterosatx.com/news-and-events/events",
    "timestamp": "unknown"
  },
  {
    "title": "Presentations",
    "link": "https://ir.monterosatx.com/news-and-events/presentations",
    "timestamp": "unknown"
  },
  {
    "title": "Stock InformationStock Quote & ChartAnalyst Coverage",
    "link": "https://ir.monterosatx.com/news-and-events/events",
    "timestamp": "unknown"
  },
  {
    "title": "Stock Quote & Chart",
    "link": "https://ir.monterosatx.com/stock-information/stock-quote-chart",
    "timestamp": "unknown"
  },
  {
    "title": "Analyst Coverage",
    "link": "https://ir.monterosatx.com/stock-information/analyst-coverage",
    "timestamp": "unknown"
  },
  {
    "title": "Corporate GovernanceDocuments & ChartersOur TeamCommittee Composition",
    "link": "https://ir.monterosatx.com/news-and-events/events",
    "timestamp": "unknown"
  },
  {
    "title": "Documents & Charters",
    "link": "https://ir.monterosatx.com/corporate-governance/documents-and-charters",
    "timestamp": "unknown"
  },
  {
    "title": "Our Team",
    "link": "https://www.monterosatx.com/about#our-team",
    "timestamp": "unknown"
  },
  {
    "title": "Committee Composition",
    "link": "https://ir.monterosatx.com/corporate-governance/committee-composition",
    "timestamp": "unknown"
  },
  {
    "title": "Financials & FilingsSEC Filings",
    "link": "https://ir.monterosatx.com/news-and-events/events",
    "timestamp": "unknown"
  },
  {
    "title": "SEC Filings",
    "link": "https://ir.monterosatx.com/financials-and-filings/sec-filings",
    "timestamp": "unknown"
  },
  {
    "title": "IR ResourcesFAQsContact IREmail Alerts",
    "link": "https://ir.monterosatx.com/news-and-events/events",
    "timestamp": "unknown"
  },
  {
    "title": "FAQs",
    "link": "https://ir.monterosatx.com/ir-resources/investor-faqs",
    "timestamp": "unknown"
  },
  {
    "title": "Contact IR",
    "link": "https://ir.monterosatx.com/ir-resources/contact-ir",
    "timestamp": "unknown"
  },
  {
    "title": "Email Alerts",
    "link": "https://ir.monterosatx.com/ir-resources/email-alerts",
    "timestamp": "unknown"
  },
  {
    "title": "News",
    "link": "https://www.monterosatx.com/news",
    "timestamp": "unknown"
  },
  {
    "title": "Presentations",
    "link": "https://www.monterosatx.com/presentations",
    "timestamp": "unknown"
  },
  {
    "title": "Contact",
    "link": "https://www.monterosatx.com/contact",
    "timestamp": "unknown"
  },
  {
    "title": "Search",
    "link": "https://www.monterosatx.com/search",
    "timestamp": "unknown"
  },
  {
    "title": "EventsUpcoming EventsThere are no upcoming events available at this time.Recent Events..GMTJefferies Global Healthcare Conference in LondonRead More..",
    "link": "https://ir.monterosatx.com/events/event-details/jefferies-global-healthcare-conference-london",
    "timestamp": "unknown"
  },
  {
    "title": "EventsUpcoming EventsThere are no upcoming events available at this time.Recent Events..GMTJefferies Global Healthcare Conference in LondonRead More..",
    "link": "https://ir.monterosatx.com/events/event-details/jefferies-global-healthcare-conference-london",
    "timestamp": "unknown"
  },
  {
    "title": "EventsUpcoming EventsThere are no upcoming events available at this time.Recent Events..GMTJefferies Global Healthcare Conference in LondonRead More..",
    "link": "https://ir.monterosatx.com/events/event-details/jefferies-global-healthcare-conference-london",
    "timestamp": "unknown"
  },
  {
    "title": "EventsUpcoming EventsThere are no upcoming events available at this time.Recent Events..GMTJefferies Global Healthcare Conference in LondonRead More..",
    "link": "https://ir.monterosatx.com/events/event-details/jefferies-global-healthcare-conference-london",
    "timestamp": "unknown"
  },
  {
    "title": "EventsUpcoming EventsThere are no upcoming events available at this time.Recent Events..GMTJefferies Global Healthcare Conference in LondonRead More..",
    "link": "https://ir.monterosatx.com/events/event-details/jefferies-global-healthcare-conference-london",
    "timestamp": "unknown"
  },
  {
    "title": "EventsUpcoming EventsThere are no upcoming events available at this time.Recent Events..GMTJefferies Global Healthcare Conference in LondonRead More..",
    "link": "https://ir.monterosatx.com/events/event-details/jefferies-global-healthcare-conference-london",
    "timestamp": "unknown"
  },
  {
    "title": "Upcoming EventsThere are no upcoming events available at this time.Recent Events..GMTJefferies Global Healthcare Conference in LondonRead More..ESTTD ",
    "link": "https://ir.monterosatx.com/events/event-details/jefferies-global-healthcare-conference-london",
    "timestamp": "unknown"
  },
  {
    "title": "Upcoming EventsThere are no upcoming events available at this time.Recent Events..GMTJefferies Global Healthcare Conference in LondonRead More..ESTTD ",
    "link": "https://ir.monterosatx.com/events/event-details/jefferies-global-healthcare-conference-london",
    "timestamp": "unknown"
  },
  {
    "title": "Upcoming EventsThere are no upcoming events available at this time.Recent Events..GMTJefferies Global Healthcare Conference in LondonRead More..ESTTD ",
    "link": "https://ir.monterosatx.com/events/event-details/jefferies-global-healthcare-conference-london",
    "timestamp": "unknown"
  },
  {
    "title": "Upcoming EventsThere are no upcoming events available at this time.Recent Events..GMTJefferies Global Healthcare Conference in LondonRead More..ESTTD ",
    "link": "https://ir.monterosatx.com/events/event-details/jefferies-global-healthcare-conference-london",
    "timestamp": "unknown"
  },
  {
    "title": "Upcoming EventsThere are no upcoming events available at this time.Recent Events..GMTJefferies Global Healthcare Conference in LondonRead More..ESTTD ",
    "link": "https://ir.monterosatx.com/events/event-details/jefferies-global-healthcare-conference-london",
    "timestamp": "unknown"
  },
  {
    "title": "Upcoming EventsThere are no upcoming events available at this time.Recent Events..GMTJefferies Global Healthcare Conference in LondonRead More..ESTTD ",
    "link": "https://ir.monterosatx.com/events/event-details/jefferies-global-healthcare-conference-london",
    "timestamp": "unknown"
  },
  {
    "title": "Upcoming EventsThere are no upcoming events available at this time.Recent Events..GMTJefferies Global Healthcare Conference in LondonRead More..ESTTD ",
    "link": "https://ir.monterosatx.com/events/event-details/jefferies-global-healthcare-conference-london",
    "timestamp": "unknown"
  },
  {
    "title": "Upcoming EventsThere are no upcoming events available at this time.Recent Events..GMTJefferies Global Healthcare Conference in LondonRead More..ESTTD ",
    "link": "https://ir.monterosatx.com/events/event-details/jefferies-global-healthcare-conference-london",
    "timestamp": "unknown"
  },
  {
    "title": "Upcoming EventsThere are no upcoming events available at this time.Recent Events..GMTJefferies Global Healthcare Conference in LondonRead More..ESTTD ",
    "link": "https://ir.monterosatx.com/events/event-details/jefferies-global-healthcare-conference-london",
    "timestamp": "unknown"
  },
  {
    "title": "Upcoming EventsThere are no upcoming events available at this time.Recent Events..GMTJefferies Global Healthcare Conference in LondonRead More..ESTTD ",
    "link": "https://ir.monterosatx.com/events/event-details/jefferies-global-healthcare-conference-london",
    "timestamp": "unknown"
  },
  {
    "title": "Upcoming EventsThere are no upcoming events available at this time.Recent Events..GMTJefferies Global Healthcare Conference in LondonRead More..ESTTD ",
    "link": "https://ir.monterosatx.com/events/event-details/jefferies-global-healthcare-conference-london",
    "timestamp": "unknown"
  },
  {
    "title": "Upcoming EventsThere are no upcoming events available at this time.Recent Events..GMTJefferies Global Healthcare Conference in LondonRead More..ESTTD ",
    "link": "https://ir.monterosatx.com/events/event-details/jefferies-global-healthcare-conference-london",
    "timestamp": "unknown"
  },
  {
    "title": "Recent Events..GMTJefferies Global Healthcare Conference in LondonRead More..ESTTD Cowen Immunology & Inflammation SummitRead More..ESTGuggenheim 2nd ",
    "link": "https://ir.monterosatx.com/events/event-details/jefferies-global-healthcare-conference-london",
    "timestamp": "unknown"
  },
  {
    "title": "Recent Events..GMTJefferies Global Healthcare Conference in LondonRead More..ESTTD Cowen Immunology & Inflammation SummitRead More..ESTGuggenheim 2nd ",
    "link": "https://ir.monterosatx.com/events/event-details/jefferies-global-healthcare-conference-london",
    "timestamp": "unknown"
  },
  {
    "title": "Recent Events..GMTJefferies Global Healthcare Conference in LondonRead More..ESTTD Cowen Immunology & Inflammation SummitRead More..ESTGuggenheim 2nd ",
    "link": "https://ir.monterosatx.com/events/event-details/jefferies-global-healthcare-conference-london",
    "timestamp": "unknown"
  },
  {
    "title": "Recent Events..GMTJefferies Global Healthcare Conference in LondonRead More..ESTTD Cowen Immunology & Inflammation SummitRead More..ESTGuggenheim 2nd ",
    "link": "https://ir.monterosatx.com/events/event-details/jefferies-global-healthcare-conference-london",
    "timestamp": "unknown"
  },
  {
    "title": "..GMTJefferies Global Healthcare Conference in LondonRead More..ESTTD Cowen Immunology & Inflammation SummitRead More..ESTGuggenheim 2nd Annual Health",
    "link": "https://ir.monterosatx.com/events/event-details/jefferies-global-healthcare-conference-london",
    "timestamp": "unknown"
  },
  {
    "title": "..GMTJefferies Global Healthcare Conference in LondonRead More..ESTTD Cowen Immunology & Inflammation SummitRead More..ESTGuggenheim 2nd Annual Health",
    "link": "https://ir.monterosatx.com/events/event-details/jefferies-global-healthcare-conference-london",
    "timestamp": "unknown"
  },
  {
    "title": "..GMTJefferies Global Healthcare Conference in LondonRead More",
    "link": "https://ir.monterosatx.com/events/event-details/jefferies-global-healthcare-conference-london",
    "timestamp": "unknown"
  },
  {
    "title": "..GMTJefferies Global Healthcare Conference in LondonRead More",
    "link": "https://ir.monterosatx.com/events/event-details/jefferies-global-healthcare-conference-london",
    "timestamp": "unknown"
  },
  {
    "title": "..GMTJefferies Global Healthcare Conference in LondonRead More",
    "link": "https://ir.monterosatx.com/events/event-details/jefferies-global-healthcare-conference-london",
    "timestamp": "unknown"
  },
  {
    "title": "..GMTJefferies Global Healthcare Conference in LondonRead More",
    "link": "https://ir.monterosatx.com/events/event-details/jefferies-global-healthcare-conference-london",
    "timestamp": "unknown"
  },
  {
    "title": "..GMTJefferies Global Healthcare Conference in LondonRead More",
    "link": "https://ir.monterosatx.com/events/event-details/jefferies-global-healthcare-conference-london",
    "timestamp": "unknown"
  },
  {
    "title": "..GMTJefferies Global Healthcare Conference in LondonRead More",
    "link": "https://ir.monterosatx.com/events/event-details/jefferies-global-healthcare-conference-london",
    "timestamp": "unknown"
  },
  {
    "title": "..ESTTD Cowen Immunology & Inflammation SummitRead More",
    "link": "https://ir.monterosatx.com/events/event-details/td-cowen-immunology-inflammation-summit",
    "timestamp": "unknown"
  },
  {
    "title": "..ESTTD Cowen Immunology & Inflammation SummitRead More",
    "link": "https://ir.monterosatx.com/events/event-details/td-cowen-immunology-inflammation-summit",
    "timestamp": "unknown"
  },
  {
    "title": "..ESTTD Cowen Immunology & Inflammation SummitRead More",
    "link": "https://ir.monterosatx.com/events/event-details/td-cowen-immunology-inflammation-summit",
    "timestamp": "unknown"
  },
  {
    "title": "..ESTTD Cowen Immunology & Inflammation SummitRead More",
    "link": "https://ir.monterosatx.com/events/event-details/td-cowen-immunology-inflammation-summit",
    "timestamp": "unknown"
  },
  {
    "title": "..ESTTD Cowen Immunology & Inflammation SummitRead More",
    "link": "https://ir.monterosatx.com/events/event-details/td-cowen-immunology-inflammation-summit",
    "timestamp": "unknown"
  },
  {
    "title": "..ESTTD Cowen Immunology & Inflammation SummitRead More",
    "link": "https://ir.monterosatx.com/events/event-details/td-cowen-immunology-inflammation-summit",
    "timestamp": "unknown"
  },
  {
    "title": "..ESTGuggenheim 2nd Annual Healthcare Innovation ConferenceRead More",
    "link": "https://ir.monterosatx.com/events/event-details/guggenheim-2nd-annual-healthcare-innovation-conference",
    "timestamp": "unknown"
  },
  {
    "title": "..ESTGuggenheim 2nd Annual Healthcare Innovation ConferenceRead More",
    "link": "https://ir.monterosatx.com/events/event-details/guggenheim-2nd-annual-healthcare-innovation-conference",
    "timestamp": "unknown"
  },
  {
    "title": "..ESTGuggenheim 2nd Annual Healthcare Innovation ConferenceRead More",
    "link": "https://ir.monterosatx.com/events/event-details/guggenheim-2nd-annual-healthcare-innovation-conference",
    "timestamp": "unknown"
  },
  {
    "title": "..ESTGuggenheim 2nd Annual Healthcare Innovation ConferenceRead More",
    "link": "https://ir.monterosatx.com/events/event-details/guggenheim-2nd-annual-healthcare-innovation-conference",
    "timestamp": "unknown"
  },
  {
    "title": "..ESTGuggenheim 2nd Annual Healthcare Innovation ConferenceRead More",
    "link": "https://ir.monterosatx.com/events/event-details/guggenheim-2nd-annual-healthcare-innovation-conference",
    "timestamp": "unknown"
  },
  {
    "title": "..ESTGuggenheim 2nd Annual Healthcare Innovation ConferenceRead More",
    "link": "https://ir.monterosatx.com/events/event-details/guggenheim-2nd-annual-healthcare-innovation-conference",
    "timestamp": "unknown"
  },
  {
    "title": "Past Events..EDTStifel  Virtual Immunology and Inflammation ForumRead More..EDTJefferies Global Healthcare ConferenceRead More..EDTMonte Rosa Pipeline",
    "link": "https://ir.monterosatx.com/events/event-details/stifel--virtual-immunology-and-inflammation-forum",
    "timestamp": "unknown"
  },
  {
    "title": "Past Events..EDTStifel  Virtual Immunology and Inflammation ForumRead More..EDTJefferies Global Healthcare ConferenceRead More..EDTMonte Rosa Pipeline",
    "link": "https://ir.monterosatx.com/events/event-details/stifel--virtual-immunology-and-inflammation-forum",
    "timestamp": "unknown"
  },
  {
    "title": "Past Events..EDTStifel  Virtual Immunology and Inflammation ForumRead More..EDTJefferies Global Healthcare ConferenceRead More..EDTMonte Rosa Pipeline",
    "link": "https://ir.monterosatx.com/events/event-details/stifel--virtual-immunology-and-inflammation-forum",
    "timestamp": "unknown"
  },
  {
    "title": "Past Events..EDTStifel  Virtual Immunology and Inflammation ForumRead More..EDTJefferies Global Healthcare ConferenceRead More..EDTMonte Rosa Pipeline",
    "link": "https://ir.monterosatx.com/events/event-details/stifel--virtual-immunology-and-inflammation-forum",
    "timestamp": "unknown"
  },
  {
    "title": "..EDTStifel  Virtual Immunology and Inflammation ForumRead More..EDTJefferies Global Healthcare ConferenceRead More..EDTMonte Rosa Pipeline Update and",
    "link": "https://ir.monterosatx.com/events/event-details/stifel--virtual-immunology-and-inflammation-forum",
    "timestamp": "unknown"
  },
  {
    "title": "..EDTStifel  Virtual Immunology and Inflammation ForumRead More..EDTJefferies Global Healthcare ConferenceRead More..EDTMonte Rosa Pipeline Update and",
    "link": "https://ir.monterosatx.com/events/event-details/stifel--virtual-immunology-and-inflammation-forum",
    "timestamp": "unknown"
  },
  {
    "title": "..EDTStifel  Virtual Immunology and Inflammation ForumRead More",
    "link": "https://ir.monterosatx.com/events/event-details/stifel--virtual-immunology-and-inflammation-forum",
    "timestamp": "unknown"
  },
  {
    "title": "..EDTStifel  Virtual Immunology and Inflammation ForumRead More",
    "link": "https://ir.monterosatx.com/events/event-details/stifel--virtual-immunology-and-inflammation-forum",
    "timestamp": "unknown"
  },
  {
    "title": "..EDTStifel  Virtual Immunology and Inflammation ForumRead More",
    "link": "https://ir.monterosatx.com/events/event-details/stifel--virtual-immunology-and-inflammation-forum",
    "timestamp": "unknown"
  },
  {
    "title": "..EDTStifel  Virtual Immunology and Inflammation ForumRead More",
    "link": "https://ir.monterosatx.com/events/event-details/stifel--virtual-immunology-and-inflammation-forum",
    "timestamp": "unknown"
  },
  {
    "title": "..EDTStifel  Virtual Immunology and Inflammation ForumRead More",
    "link": "https://ir.monterosatx.com/events/event-details/stifel--virtual-immunology-and-inflammation-forum",
    "timestamp": "unknown"
  },
  {
    "title": "..EDTStifel  Virtual Immunology and Inflammation ForumRead More",
    "link": "https://ir.monterosatx.com/events/event-details/stifel--virtual-immunology-and-inflammation-forum",
    "timestamp": "unknown"
  },
  {
    "title": "..EDTJefferies Global Healthcare ConferenceRead More",
    "link": "https://ir.monterosatx.com/events/event-details/jefferies-global-healthcare-conference-",
    "timestamp": "unknown"
  },
  {
    "title": "..EDTJefferies Global Healthcare ConferenceRead More",
    "link": "https://ir.monterosatx.com/events/event-details/jefferies-global-healthcare-conference-",
    "timestamp": "unknown"
  },
  {
    "title": "..EDTJefferies Global Healthcare ConferenceRead More",
    "link": "https://ir.monterosatx.com/events/event-details/jefferies-global-healthcare-conference-",
    "timestamp": "unknown"
  },
  {
    "title": "..EDTJefferies Global Healthcare ConferenceRead More",
    "link": "https://ir.monterosatx.com/events/event-details/jefferies-global-healthcare-conference-",
    "timestamp": "unknown"
  },
  {
    "title": "..EDTJefferies Global Healthcare ConferenceRead More",
    "link": "https://ir.monterosatx.com/events/event-details/jefferies-global-healthcare-conference-",
    "timestamp": "unknown"
  },
  {
    "title": "..EDTJefferies Global Healthcare ConferenceRead More",
    "link": "https://ir.monterosatx.com/events/event-details/jefferies-global-healthcare-conference-",
    "timestamp": "unknown"
  },
  {
    "title": "..EDTMonte Rosa Pipeline Update and Clinical Results PresentationRead More",
    "link": "https://ir.monterosatx.com/events/event-details/monte-rosa-pipeline-update-and-clinical-results-presentation",
    "timestamp": "unknown"
  },
  {
    "title": "..EDTMonte Rosa Pipeline Update and Clinical Results PresentationRead More",
    "link": "https://ir.monterosatx.com/events/event-details/monte-rosa-pipeline-update-and-clinical-results-presentation",
    "timestamp": "unknown"
  },
  {
    "title": "..EDTMonte Rosa Pipeline Update and Clinical Results PresentationRead More",
    "link": "https://ir.monterosatx.com/events/event-details/monte-rosa-pipeline-update-and-clinical-results-presentation",
    "timestamp": "unknown"
  },
  {
    "title": "..EDTMonte Rosa Pipeline Update and Clinical Results PresentationRead More",
    "link": "https://ir.monterosatx.com/events/event-details/monte-rosa-pipeline-update-and-clinical-results-presentation",
    "timestamp": "unknown"
  },
  {
    "title": "..EDTMonte Rosa Pipeline Update and Clinical Results PresentationRead More",
    "link": "https://ir.monterosatx.com/events/event-details/monte-rosa-pipeline-update-and-clinical-results-presentation",
    "timestamp": "unknown"
  },
  {
    "title": "..EDTMonte Rosa Pipeline Update and Clinical Results PresentationRead More",
    "link": "https://ir.monterosatx.com/events/event-details/monte-rosa-pipeline-update-and-clinical-results-presentation",
    "timestamp": "unknown"
  },
  {
    "title": "..ESTTD Cowen 45th Annual Health Care ConferenceRead More",
    "link": "https://ir.monterosatx.com/events/event-details/td-cowen-45th-annual-health-care-conference",
    "timestamp": "unknown"
  },
  {
    "title": "..ESTTD Cowen 45th Annual Health Care ConferenceRead More",
    "link": "https://ir.monterosatx.com/events/event-details/td-cowen-45th-annual-health-care-conference",
    "timestamp": "unknown"
  },
  {
    "title": "..ESTTD Cowen 45th Annual Health Care ConferenceRead More",
    "link": "https://ir.monterosatx.com/events/event-details/td-cowen-45th-annual-health-care-conference",
    "timestamp": "unknown"
  },
  {
    "title": "..ESTTD Cowen 45th Annual Health Care ConferenceRead More",
    "link": "https://ir.monterosatx.com/events/event-details/td-cowen-45th-annual-health-care-conference",
    "timestamp": "unknown"
  },
  {
    "title": "..ESTTD Cowen 45th Annual Health Care ConferenceRead More",
    "link": "https://ir.monterosatx.com/events/event-details/td-cowen-45th-annual-health-care-conference",
    "timestamp": "unknown"
  },
  {
    "title": "..ESTTD Cowen 45th Annual Health Care ConferenceRead More",
    "link": "https://ir.monterosatx.com/events/event-details/td-cowen-45th-annual-health-care-conference",
    "timestamp": "unknown"
  },
  {
    "title": "..PST43rd Annual J.P. Morgan Healthcare ConferenceRead More",
    "link": "https://ir.monterosatx.com/events/event-details/43rd-annual-jp-morgan-healthcare-conference",
    "timestamp": "unknown"
  },
  {
    "title": "..PST43rd Annual J.P. Morgan Healthcare ConferenceRead More",
    "link": "https://ir.monterosatx.com/events/event-details/43rd-annual-jp-morgan-healthcare-conference",
    "timestamp": "unknown"
  },
  {
    "title": "..PST43rd Annual J.P. Morgan Healthcare ConferenceRead More",
    "link": "https://ir.monterosatx.com/events/event-details/43rd-annual-jp-morgan-healthcare-conference",
    "timestamp": "unknown"
  },
  {
    "title": "..PST43rd Annual J.P. Morgan Healthcare ConferenceRead More",
    "link": "https://ir.monterosatx.com/events/event-details/43rd-annual-jp-morgan-healthcare-conference",
    "timestamp": "unknown"
  },
  {
    "title": "..PST43rd Annual J.P. Morgan Healthcare ConferenceRead More",
    "link": "https://ir.monterosatx.com/events/event-details/43rd-annual-jp-morgan-healthcare-conference",
    "timestamp": "unknown"
  },
  {
    "title": "..PST43rd Annual J.P. Morgan Healthcare ConferenceRead More",
    "link": "https://ir.monterosatx.com/events/event-details/43rd-annual-jp-morgan-healthcare-conference",
    "timestamp": "unknown"
  },
  {
    "title": "..ESTPiper Sandler 36th Annual Healthcare ConferenceRead More",
    "link": "https://ir.monterosatx.com/events/event-details/piper-sandler-36th-annual-healthcare-conference",
    "timestamp": "unknown"
  },
  {
    "title": "..ESTPiper Sandler 36th Annual Healthcare ConferenceRead More",
    "link": "https://ir.monterosatx.com/events/event-details/piper-sandler-36th-annual-healthcare-conference",
    "timestamp": "unknown"
  },
  {
    "title": "..ESTPiper Sandler 36th Annual Healthcare ConferenceRead More",
    "link": "https://ir.monterosatx.com/events/event-details/piper-sandler-36th-annual-healthcare-conference",
    "timestamp": "unknown"
  },
  {
    "title": "..ESTPiper Sandler 36th Annual Healthcare ConferenceRead More",
    "link": "https://ir.monterosatx.com/events/event-details/piper-sandler-36th-annual-healthcare-conference",
    "timestamp": "unknown"
  },
  {
    "title": "..ESTPiper Sandler 36th Annual Healthcare ConferenceRead More",
    "link": "https://ir.monterosatx.com/events/event-details/piper-sandler-36th-annual-healthcare-conference",
    "timestamp": "unknown"
  },
  {
    "title": "..ESTPiper Sandler 36th Annual Healthcare ConferenceRead More",
    "link": "https://ir.monterosatx.com/events/event-details/piper-sandler-36th-annual-healthcare-conference",
    "timestamp": "unknown"
  },
  {
    "title": "..ESTJefferies London Healthcare ConferenceRead More",
    "link": "https://ir.monterosatx.com/events/event-details/jefferies-london-healthcare-conference-",
    "timestamp": "unknown"
  },
  {
    "title": "..ESTJefferies London Healthcare ConferenceRead More",
    "link": "https://ir.monterosatx.com/events/event-details/jefferies-london-healthcare-conference-",
    "timestamp": "unknown"
  },
  {
    "title": "..ESTJefferies London Healthcare ConferenceRead More",
    "link": "https://ir.monterosatx.com/events/event-details/jefferies-london-healthcare-conference-",
    "timestamp": "unknown"
  },
  {
    "title": "..ESTJefferies London Healthcare ConferenceRead More",
    "link": "https://ir.monterosatx.com/events/event-details/jefferies-london-healthcare-conference-",
    "timestamp": "unknown"
  },
  {
    "title": "..ESTJefferies London Healthcare ConferenceRead More",
    "link": "https://ir.monterosatx.com/events/event-details/jefferies-london-healthcare-conference-",
    "timestamp": "unknown"
  },
  {
    "title": "..ESTJefferies London Healthcare ConferenceRead More",
    "link": "https://ir.monterosatx.com/events/event-details/jefferies-london-healthcare-conference-",
    "timestamp": "unknown"
  },
  {
    "title": "Monte Rosa TherapeuticsNewsPresentationsContactSearchSciencePipelineAboutCareersInvestors\u00a9  Monte Rosa Therapeutics All Rights Reservedprivacy policyt",
    "link": "https://www.monterosatx.com/",
    "timestamp": "unknown"
  },
  {
    "title": "Monte Rosa TherapeuticsNewsPresentationsContactSearchSciencePipelineAboutCareersInvestors\u00a9  Monte Rosa Therapeutics All Rights Reservedprivacy policyt",
    "link": "https://www.monterosatx.com/",
    "timestamp": "unknown"
  },
  {
    "title": "Monte Rosa TherapeuticsNewsPresentationsContactSearchSciencePipelineAboutCareersInvestors",
    "link": "https://www.monterosatx.com/",
    "timestamp": "unknown"
  },
  {
    "title": "Monte Rosa Therapeutics",
    "link": "https://www.monterosatx.com/",
    "timestamp": "unknown"
  },
  {
    "title": "NewsPresentationsContactSearchSciencePipelineAboutCareersInvestors",
    "link": "https://www.monterosatx.com/news",
    "timestamp": "unknown"
  },
  {
    "title": "News",
    "link": "https://www.monterosatx.com/news",
    "timestamp": "unknown"
  },
  {
    "title": "Presentations",
    "link": "https://www.monterosatx.com/presentations",
    "timestamp": "unknown"
  },
  {
    "title": "Contact",
    "link": "https://www.monterosatx.com/contact",
    "timestamp": "unknown"
  },
  {
    "title": "Search",
    "link": "https://www.monterosatx.com/search",
    "timestamp": "unknown"
  },
  {
    "title": "Science",
    "link": "https://www.monterosatx.com/science",
    "timestamp": "unknown"
  },
  {
    "title": "Pipeline",
    "link": "https://www.monterosatx.com/pipeline",
    "timestamp": "unknown"
  },
  {
    "title": "About",
    "link": "https://www.monterosatx.com/about",
    "timestamp": "unknown"
  },
  {
    "title": "Careers",
    "link": "https://www.monterosatx.com/careers",
    "timestamp": "unknown"
  },
  {
    "title": "Investors",
    "link": "https://ir.monterosatx.com/",
    "timestamp": "unknown"
  },
  {
    "title": "\u00a9  Monte Rosa Therapeutics All Rights Reservedprivacy policyterms of use",
    "link": "https://x.com/MonteRosaTx",
    "timestamp": "unknown"
  },
  {
    "title": "privacy policyterms of use",
    "link": "https://x.com/MonteRosaTx",
    "timestamp": "unknown"
  },
  {
    "title": "privacy policyterms of use",
    "link": "https://www.monterosatx.com/privacy-policy",
    "timestamp": "unknown"
  },
  {
    "title": "privacy policy",
    "link": "https://www.monterosatx.com/privacy-policy",
    "timestamp": "unknown"
  },
  {
    "title": "terms of use",
    "link": "https://www.monterosatx.com/terms-of-use",
    "timestamp": "unknown"
  }
]