[
  {
    "title": "Contact usAA\u65e5\u672c\u8a9e\u65e5\u672c\u8a9eSearchAbout Our GroupOur BusinessesInvestor RelationsSustainability",
    "link": "https://www.otsuka.com/en/",
    "timestamp": "unknown"
  },
  {
    "title": "Contact usAA\u65e5\u672c\u8a9e\u65e5\u672c\u8a9eSearchAbout Our GroupOur BusinessesInvestor RelationsSustainability",
    "link": "https://www.otsuka.com/en/contact/",
    "timestamp": "unknown"
  },
  {
    "title": "Contact usAA\u65e5\u672c\u8a9e\u65e5\u672c\u8a9eSearch",
    "link": "https://www.otsuka.com/en/contact/",
    "timestamp": "unknown"
  },
  {
    "title": "Contact us",
    "link": "https://www.otsuka.com/en/contact/",
    "timestamp": "unknown"
  },
  {
    "title": "Contact us",
    "link": "https://www.otsuka.com/en/contact/",
    "timestamp": "unknown"
  },
  {
    "title": "AA",
    "link": "javascript:void();",
    "timestamp": "unknown"
  },
  {
    "title": "A",
    "link": "javascript:void();",
    "timestamp": "unknown"
  },
  {
    "title": "A",
    "link": "javascript:void();",
    "timestamp": "unknown"
  },
  {
    "title": "\u65e5\u672c\u8a9e\u65e5\u672c\u8a9e",
    "link": "javascript:jump();",
    "timestamp": "unknown"
  },
  {
    "title": "Search",
    "link": "javascript:void();",
    "timestamp": "unknown"
  },
  {
    "title": "Search",
    "link": "javascript:void();",
    "timestamp": "unknown"
  },
  {
    "title": "About Our Group",
    "link": "https://www.otsuka.com/en/company/",
    "timestamp": "unknown"
  },
  {
    "title": "Our Businesses",
    "link": "https://www.otsuka.com/en/rd/",
    "timestamp": "unknown"
  },
  {
    "title": "Investor Relations",
    "link": "https://www.otsuka.com/en/ir/",
    "timestamp": "unknown"
  },
  {
    "title": "Sustainability",
    "link": "https://www.otsuka.com/en/sustainability/",
    "timestamp": "unknown"
  },
  {
    "title": "HOMEAbout Our GroupAbout Our GroupAbout Our GroupCorporate PhilosophyMessage from the CEOOtsuka Group Global Code of Business EthicsCorporate ProfileT",
    "link": "https://www.otsuka.com/en/",
    "timestamp": "unknown"
  },
  {
    "title": "HOMEAbout Our GroupAbout Our GroupAbout Our GroupCorporate PhilosophyMessage from the CEOOtsuka Group Global Code of Business EthicsCorporate ProfileT",
    "link": "https://www.otsuka.com/en/",
    "timestamp": "unknown"
  },
  {
    "title": "HOME",
    "link": "https://www.otsuka.com/en/",
    "timestamp": "unknown"
  },
  {
    "title": "About Our GroupAbout Our GroupAbout Our GroupCorporate PhilosophyMessage from the CEOOtsuka Group Global Code of Business EthicsCorporate ProfileThe O",
    "link": "https://www.otsuka.com/en/company/",
    "timestamp": "unknown"
  },
  {
    "title": "About Our GroupAbout Our Group",
    "link": "https://www.otsuka.com/en/company/",
    "timestamp": "unknown"
  },
  {
    "title": "About Our GroupAbout Our Group",
    "link": "https://www.otsuka.com/en/company/",
    "timestamp": "unknown"
  },
  {
    "title": "About Our GroupCorporate PhilosophyMessage from the CEOOtsuka Group Global Code of Business EthicsCorporate ProfileThe Otsuka Group at a GlanceMain Op",
    "link": "https://www.otsuka.com/en/company/",
    "timestamp": "unknown"
  },
  {
    "title": "About Our GroupCorporate PhilosophyMessage from the CEOOtsuka Group Global Code of Business EthicsCorporate ProfileThe Otsuka Group at a GlanceMain Op",
    "link": "https://www.otsuka.com/en/company/",
    "timestamp": "unknown"
  },
  {
    "title": "About Our Group",
    "link": "https://www.otsuka.com/en/company/",
    "timestamp": "unknown"
  },
  {
    "title": "Corporate Philosophy",
    "link": "https://www.otsuka.com/en/company/philosophy/",
    "timestamp": "unknown"
  },
  {
    "title": "Message from the CEO",
    "link": "https://www.otsuka.com/en/company/topmessage/",
    "timestamp": "unknown"
  },
  {
    "title": "Otsuka Group Global Code of Business Ethics",
    "link": "https://www.otsuka.com/en/company/conduct/",
    "timestamp": "unknown"
  },
  {
    "title": "Corporate Profile",
    "link": "https://www.otsuka.com/en/company/overview/",
    "timestamp": "unknown"
  },
  {
    "title": "The Otsuka Group at a Glance",
    "link": "https://www.otsuka.com/en/ir/individual/ataglance.html",
    "timestamp": "unknown"
  },
  {
    "title": "Main Operating Companies",
    "link": "https://www.otsuka.com/en/company/corebusiness/",
    "timestamp": "unknown"
  },
  {
    "title": "Group Companies",
    "link": "https://www.otsuka.com/en/company/group/",
    "timestamp": "unknown"
  },
  {
    "title": "History",
    "link": "https://www.otsuka.com/en/company/history/",
    "timestamp": "unknown"
  },
  {
    "title": "Careers",
    "link": "https://www.otsuka.com/en/company/recruit/",
    "timestamp": "unknown"
  },
  {
    "title": "Policies, Guidelines,and Initiatives",
    "link": "https://www.otsuka.com/en/company/policies/",
    "timestamp": "unknown"
  },
  {
    "title": "Message from the CEOHistory",
    "link": "https://www.otsuka.com/en/company/topmessage/",
    "timestamp": "unknown"
  },
  {
    "title": "Message from the CEO",
    "link": "https://www.otsuka.com/en/company/topmessage/",
    "timestamp": "unknown"
  },
  {
    "title": "History",
    "link": "https://www.otsuka.com/en/company/history/",
    "timestamp": "unknown"
  },
  {
    "title": "Our BusinessesOur BusinessesOur BusinessesOtsuka's StrengthsMedium-Term Management PlanOtsuka's GrowthOur Four Businesses and R&DOtsuka's StrengthsOur",
    "link": "https://www.otsuka.com/en/rd/",
    "timestamp": "unknown"
  },
  {
    "title": "Our BusinessesOur Businesses",
    "link": "https://www.otsuka.com/en/rd/",
    "timestamp": "unknown"
  },
  {
    "title": "Our BusinessesOur Businesses",
    "link": "https://www.otsuka.com/en/rd/",
    "timestamp": "unknown"
  },
  {
    "title": "Our BusinessesOtsuka's StrengthsMedium-Term Management PlanOtsuka's GrowthOur Four Businesses and R&DOtsuka's StrengthsOur Four Businesses and R&D",
    "link": "https://www.otsuka.com/en/rd/",
    "timestamp": "unknown"
  },
  {
    "title": "Our BusinessesOtsuka's StrengthsMedium-Term Management PlanOtsuka's GrowthOur Four Businesses and R&D",
    "link": "https://www.otsuka.com/en/rd/",
    "timestamp": "unknown"
  },
  {
    "title": "Our Businesses",
    "link": "https://www.otsuka.com/en/rd/",
    "timestamp": "unknown"
  },
  {
    "title": "Otsuka's Strengths",
    "link": "https://www.otsuka.com/en/rd/strength/",
    "timestamp": "unknown"
  },
  {
    "title": "Medium-Term Management Plan",
    "link": "https://www.otsuka.com/en/ir/management/plan.html",
    "timestamp": "unknown"
  },
  {
    "title": "Otsuka's Growth",
    "link": "https://www.otsuka.com/en/rd/growth/",
    "timestamp": "unknown"
  },
  {
    "title": "Our Four Businesses and R&D",
    "link": "https://www.otsuka.com/en/rd/business/",
    "timestamp": "unknown"
  },
  {
    "title": "Otsuka's StrengthsOur Four Businesses and R&D",
    "link": "https://www.otsuka.com/en/rd/strength/",
    "timestamp": "unknown"
  },
  {
    "title": "Otsuka's Strengths",
    "link": "https://www.otsuka.com/en/rd/strength/",
    "timestamp": "unknown"
  },
  {
    "title": "Our Four Businesses and R&D",
    "link": "https://www.otsuka.com/en/rd/business/",
    "timestamp": "unknown"
  },
  {
    "title": "Investor RelationsInvestor RelationsInvestor RelationsIR NewsManagement Policies and StrategiesGovernanceGet to Know the Otsuka GroupIR CalendarBusine",
    "link": "https://www.otsuka.com/en/ir/",
    "timestamp": "unknown"
  },
  {
    "title": "Investor RelationsInvestor Relations",
    "link": "https://www.otsuka.com/en/ir/",
    "timestamp": "unknown"
  },
  {
    "title": "Investor RelationsInvestor Relations",
    "link": "https://www.otsuka.com/en/ir/",
    "timestamp": "unknown"
  },
  {
    "title": "Investor RelationsIR NewsManagement Policies and StrategiesGovernanceGet to Know the Otsuka GroupIR CalendarBusiness Performance and Financial DataIR ",
    "link": "https://www.otsuka.com/en/ir/",
    "timestamp": "unknown"
  },
  {
    "title": "Investor RelationsIR NewsManagement Policies and StrategiesGovernanceGet to Know the Otsuka GroupIR CalendarBusiness Performance and Financial DataIR ",
    "link": "https://www.otsuka.com/en/ir/",
    "timestamp": "unknown"
  },
  {
    "title": "Investor Relations",
    "link": "https://www.otsuka.com/en/ir/",
    "timestamp": "unknown"
  },
  {
    "title": "IR News",
    "link": "https://www.otsuka.com/en/ir/news/",
    "timestamp": "unknown"
  },
  {
    "title": "Management Policies and Strategies",
    "link": "https://www.otsuka.com/en/ir/management/",
    "timestamp": "unknown"
  },
  {
    "title": "Governance",
    "link": "https://www.otsuka.com/en/sustainability/governance/",
    "timestamp": "unknown"
  },
  {
    "title": "Get to Know the Otsuka Group",
    "link": "https://www.otsuka.com/en/ir/individual/",
    "timestamp": "unknown"
  },
  {
    "title": "IR Calendar",
    "link": "https://www.otsuka.com/en/ir/calendar/",
    "timestamp": "unknown"
  },
  {
    "title": "Business Performance and Financial Data",
    "link": "https://www.otsuka.com/en/ir/finance/",
    "timestamp": "unknown"
  },
  {
    "title": "IR Materials",
    "link": "https://www.otsuka.com/en/ir/library/",
    "timestamp": "unknown"
  },
  {
    "title": "Stock Information",
    "link": "https://www.otsuka.com/en/ir/stock/",
    "timestamp": "unknown"
  },
  {
    "title": "Disclaimer",
    "link": "https://www.otsuka.com/en/ir/disclaimer/",
    "timestamp": "unknown"
  },
  {
    "title": "IR Site Map",
    "link": "https://www.otsuka.com/en/ir/sitemap/",
    "timestamp": "unknown"
  },
  {
    "title": "Management MessageIntegrated Report",
    "link": "https://www.otsuka.com/en/ir/management/message/",
    "timestamp": "unknown"
  },
  {
    "title": "Management Message",
    "link": "https://www.otsuka.com/en/ir/management/message/",
    "timestamp": "unknown"
  },
  {
    "title": "Integrated Report",
    "link": "https://www.otsuka.com/en/ir/library/annual.html",
    "timestamp": "unknown"
  },
  {
    "title": "SustainabilitySustainabilitySustainabilitySustainability ManagementRespect for Human RightsMaterialityEnvironmentSocietyGovernanceSustainability DataE",
    "link": "https://www.otsuka.com/en/sustainability/",
    "timestamp": "unknown"
  },
  {
    "title": "SustainabilitySustainability",
    "link": "https://www.otsuka.com/en/sustainability/",
    "timestamp": "unknown"
  },
  {
    "title": "SustainabilitySustainability",
    "link": "https://www.otsuka.com/en/sustainability/",
    "timestamp": "unknown"
  },
  {
    "title": "SustainabilitySustainability ManagementRespect for Human RightsMaterialityEnvironmentSocietyGovernanceSustainability DataESG Ratings and Certification",
    "link": "https://www.otsuka.com/en/sustainability/",
    "timestamp": "unknown"
  },
  {
    "title": "SustainabilitySustainability ManagementRespect for Human RightsMaterialityEnvironmentSocietyGovernanceSustainability DataESG Ratings and Certification",
    "link": "https://www.otsuka.com/en/sustainability/",
    "timestamp": "unknown"
  },
  {
    "title": "Sustainability",
    "link": "https://www.otsuka.com/en/sustainability/",
    "timestamp": "unknown"
  },
  {
    "title": "Sustainability Management",
    "link": "https://www.otsuka.com/en/sustainability/hd_activity/",
    "timestamp": "unknown"
  },
  {
    "title": "Respect for Human Rights",
    "link": "https://www.otsuka.com/en/sustainability/society/human_rights.html",
    "timestamp": "unknown"
  },
  {
    "title": "Materiality",
    "link": "https://www.otsuka.com/en/sustainability/hd_activity/materiality.html",
    "timestamp": "unknown"
  },
  {
    "title": "Environment",
    "link": "https://www.otsuka.com/en/sustainability/environment/",
    "timestamp": "unknown"
  },
  {
    "title": "Society",
    "link": "https://www.otsuka.com/en/sustainability/society/",
    "timestamp": "unknown"
  },
  {
    "title": "Governance",
    "link": "https://www.otsuka.com/en/sustainability/governance/",
    "timestamp": "unknown"
  },
  {
    "title": "Sustainability Data",
    "link": "https://www.otsuka.com/en/sustainability/data/",
    "timestamp": "unknown"
  },
  {
    "title": "ESG Ratings and Certification",
    "link": "https://www.otsuka.com/jp/sustainability/hd_activity/evaluation.html",
    "timestamp": "unknown"
  },
  {
    "title": "LibraryEnvironmental Report",
    "link": "https://www.otsuka.com/en/sustainability/library/",
    "timestamp": "unknown"
  },
  {
    "title": "Library",
    "link": "https://www.otsuka.com/en/sustainability/library/",
    "timestamp": "unknown"
  },
  {
    "title": "Environmental Report",
    "link": "https://www.otsuka.com/en/sustainability/environmental_report.html",
    "timestamp": "unknown"
  },
  {
    "title": "\u65e5\u672c\u8a9eContact Us",
    "link": "https://www.otsuka.com/jp/",
    "timestamp": "unknown"
  },
  {
    "title": "\u65e5\u672c\u8a9e",
    "link": "https://www.otsuka.com/jp/",
    "timestamp": "unknown"
  },
  {
    "title": "Contact Us",
    "link": "https://www.otsuka.com/en/contact/",
    "timestamp": "unknown"
  },
  {
    "title": "CLOSE",
    "link": "javascript:void();",
    "timestamp": "unknown"
  },
  {
    "title": "HOMEOtsuka Group News",
    "link": "https://www.otsuka.com/en/",
    "timestamp": "unknown"
  },
  {
    "title": "HOMEOtsuka Group News",
    "link": "https://www.otsuka.com/en/",
    "timestamp": "unknown"
  },
  {
    "title": "HOME",
    "link": "https://www.otsuka.com/en/",
    "timestamp": "unknown"
  },
  {
    "title": "PRINT",
    "link": "javascript:window.print();",
    "timestamp": "unknown"
  },
  {
    "title": "Keyword searchAdd search criteriaSearch by companyOtsuka HoldingsOtsuka PharmaceuticalOtsuka Pharmaceutical FactoryTaiho PharmaceuticalOtsuka Warehous",
    "link": "javascript:void();",
    "timestamp": "unknown"
  },
  {
    "title": "Keyword searchAdd search criteriaSearch by companyOtsuka HoldingsOtsuka PharmaceuticalOtsuka Pharmaceutical FactoryTaiho PharmaceuticalOtsuka Warehous",
    "link": "javascript:void();",
    "timestamp": "unknown"
  },
  {
    "title": "Keyword searchAdd search criteriaSearch by companyOtsuka HoldingsOtsuka PharmaceuticalOtsuka Pharmaceutical FactoryTaiho PharmaceuticalOtsuka Warehous",
    "link": "javascript:void();",
    "timestamp": "unknown"
  },
  {
    "title": "Keyword searchAdd search criteriaSearch by companyOtsuka HoldingsOtsuka PharmaceuticalOtsuka Pharmaceutical FactoryTaiho PharmaceuticalOtsuka Warehous",
    "link": "javascript:void();",
    "timestamp": "unknown"
  },
  {
    "title": "Add search criteria",
    "link": "javascript:void();",
    "timestamp": "unknown"
  },
  {
    "title": "Add search criteria",
    "link": "javascript:void();",
    "timestamp": "unknown"
  },
  {
    "title": "December ,Taiho PharmaceuticalResults of the Phase  STAR- Study of Anti-TIGIT Antibody Domvanalimab and Anti-PD- Antibody ZimberelimabDecember ,Otsuka",
    "link": "https://www.taiho.co.jp/en/release//.html",
    "timestamp": "unknown"
  },
  {
    "title": "December ,Taiho PharmaceuticalResults of the Phase  STAR- Study of Anti-TIGIT Antibody Domvanalimab and Anti-PD- Antibody Zimberelimab",
    "link": "https://www.taiho.co.jp/en/release//.html",
    "timestamp": "unknown"
  },
  {
    "title": "Results of the Phase  STAR- Study of Anti-TIGIT Antibody Domvanalimab and Anti-PD- Antibody Zimberelimab",
    "link": "https://www.taiho.co.jp/en/release//.html",
    "timestamp": "unknown"
  },
  {
    "title": "December ,Otsuka PharmaceuticalOtsuka Launches Frailty Prevention Support VR as Newest Content in FACEDUO VR Program Portfolio -Enables earlier detect",
    "link": "https://www.otsuka.co.jp/en/company/newsreleases//20251202_1.html",
    "timestamp": "unknown"
  },
  {
    "title": "Otsuka Launches Frailty Prevention Support VR as Newest Content in FACEDUO VR Program Portfolio -Enables earlier detection of frailty to support healt",
    "link": "https://www.otsuka.co.jp/en/company/newsreleases//20251202_1.html",
    "timestamp": "unknown"
  },
  {
    "title": "November ,Taiho PharmaceuticalJFCR, NEC, and Taiho to Develop Cancer Vaccines Utilizing Whole-Genome Information ~Development of Shared Neoantigen Can",
    "link": "https://www.taiho.co.jp/en/release//.html",
    "timestamp": "unknown"
  },
  {
    "title": "JFCR, NEC, and Taiho to Develop Cancer Vaccines Utilizing Whole-Genome Information ~Development of Shared Neoantigen Cancer Vaccines~",
    "link": "https://www.taiho.co.jp/en/release//.html",
    "timestamp": "unknown"
  },
  {
    "title": "November ,Otsuka PharmaceuticalOtsuka Receives FDA Accelerated Approval for VOYXACT\u00ae (sibeprenlimab-szsi) for the Reduction of  Proteinuria in Adults ",
    "link": "https://www.otsuka.co.jp/en/company/newsreleases//20251126_1.html",
    "timestamp": "unknown"
  },
  {
    "title": "Otsuka Receives FDA Accelerated Approval for VOYXACT\u00ae (sibeprenlimab-szsi) for the Reduction of  Proteinuria in Adults with Primary Immunoglobulin A N",
    "link": "https://www.otsuka.co.jp/en/company/newsreleases//20251126_1.html",
    "timestamp": "unknown"
  },
  {
    "title": "November ,Otsuka PharmaceuticalOtsuka Pharmaceutical Submits New Drug Application to U.S. FDA for Centanafadine for the Treatment of ADHD in Children,",
    "link": "https://www.otsuka.co.jp/en/company/newsreleases//20251125_1.html",
    "timestamp": "unknown"
  },
  {
    "title": "Otsuka Pharmaceutical Submits New Drug Application to U.S. FDA for Centanafadine for the Treatment of ADHD in Children, Adolescents, and Adults",
    "link": "https://www.otsuka.co.jp/en/company/newsreleases//20251125_1.html",
    "timestamp": "unknown"
  },
  {
    "title": "November ,Otsuka PharmaceuticalOtsuka launches NEXLETOL in Japan",
    "link": "https://www.otsuka.co.jp/en/company/newsreleases//20251121_1.html",
    "timestamp": "unknown"
  },
  {
    "title": "Otsuka launches NEXLETOL in Japan",
    "link": "https://www.otsuka.co.jp/en/company/newsreleases//20251121_1.html",
    "timestamp": "unknown"
  },
  {
    "title": "November ,Taiho PharmaceuticalTaiho Oncology, Taiho Pharmaceutical and Cullinan Therapeutics Initiate Rolling Submission of NDA to U.S. Food and Drug ",
    "link": "https://www.taiho.co.jp/en/release//.html",
    "timestamp": "unknown"
  },
  {
    "title": "Taiho Oncology, Taiho Pharmaceutical and Cullinan Therapeutics Initiate Rolling Submission of NDA to U.S. Food and Drug Administration for Zipalertini",
    "link": "https://www.taiho.co.jp/en/release//.html",
    "timestamp": "unknown"
  },
  {
    "title": "November ,Otsuka FoodsOtsuka Foods Receives \u201cSpecial Award\u201d in the Food and Culture Awards,a First for a Food Manufacturer Recognized for Development ",
    "link": "https://www.otsukafoods.co.jp/en/news/.html",
    "timestamp": "unknown"
  },
  {
    "title": "Otsuka Foods Receives \u201cSpecial Award\u201d in the Food and Culture Awards,a First for a Food Manufacturer Recognized for Development Capabilities and Contr",
    "link": "https://www.otsukafoods.co.jp/en/news/.html",
    "timestamp": "unknown"
  },
  {
    "title": "November ,Otsuka PharmaceuticalDonidalorsen Receives Positive CHMP Opinion for the Prevention of Hereditary Angioedema Attacks",
    "link": "https://www.otsuka.co.jp/en/company/newsreleases//20251117_1.html",
    "timestamp": "unknown"
  },
  {
    "title": "Donidalorsen Receives Positive CHMP Opinion for the Prevention of Hereditary Angioedema Attacks",
    "link": "https://www.otsuka.co.jp/en/company/newsreleases//20251117_1.html",
    "timestamp": "unknown"
  },
  {
    "title": "November ,Otsuka HoldingsOtsuka Group Establishes Solar Power Generation Facility in Donari, Tokushima as Its First Off-Site PPA Project to Promote Ca",
    "link": "https://www.otsuka.com/en/group_news/detail.php?id=",
    "timestamp": "unknown"
  },
  {
    "title": "Otsuka Group Establishes Solar Power Generation Facility in Donari, Tokushima as Its First Off-Site PPA Project to Promote Carbon Neutrality Initiativ",
    "link": "https://www.otsuka.com/en/group_news/detail.php?id=",
    "timestamp": "unknown"
  },
  {
    "title": "November ,Otsuka PharmaceuticalSibeprenlimab Phase  Data Presented at American Society of Nephrology  Kidney Week  Showed Proteinuria Reduction throug",
    "link": "https://www.otsuka.co.jp/en/company/newsreleases//20251110_1.html",
    "timestamp": "unknown"
  },
  {
    "title": "Sibeprenlimab Phase  Data Presented at American Society of Nephrology  Kidney Week  Showed Proteinuria Reduction through  Months  for the Treatment of",
    "link": "https://www.otsuka.co.jp/en/company/newsreleases//20251110_1.html",
    "timestamp": "unknown"
  },
  {
    "title": "November ,Otsuka PharmaceuticalOtsuka Announces First Participants Enrolled in Phase  Clinical Trial Evaluating Investigational Compound Quabodepistat",
    "link": "https://www.otsuka.co.jp/en/company/newsreleases//20251106_1.html",
    "timestamp": "unknown"
  },
  {
    "title": "Otsuka Announces First Participants Enrolled in Phase  Clinical Trial Evaluating Investigational Compound Quabodepistat for Drug-resistant Pulmonary T",
    "link": "https://www.otsuka.co.jp/en/company/newsreleases//20251106_1.html",
    "timestamp": "unknown"
  },
  {
    "title": "November ,Otsuka PharmaceuticalOtsuka Signs Joint Research Agreement in Japan with National Cerebral and Cardiovascular Center \u2014Purpose Is to Evaluate",
    "link": "https://www.otsuka.co.jp/en/company/newsreleases//20251105_1.html",
    "timestamp": "unknown"
  },
  {
    "title": "Otsuka Signs Joint Research Agreement in Japan with National Cerebral and Cardiovascular Center \u2014Purpose Is to Evaluate Salt Reduction Behavior Change",
    "link": "https://www.otsuka.co.jp/en/company/newsreleases//20251105_1.html",
    "timestamp": "unknown"
  },
  {
    "title": "October ,Otsuka PharmaceuticalOtsuka Enters into Licensing Agreement for Ophthalmic Gene Therapy Drug Candidate 4D- (Anti-VEGF agent) \u2010 Acquires Exclu",
    "link": "https://www.otsuka.co.jp/en/company/newsreleases//20251031_1.html",
    "timestamp": "unknown"
  },
  {
    "title": "Otsuka Enters into Licensing Agreement for Ophthalmic Gene Therapy Drug Candidate 4D- (Anti-VEGF agent) \u2010 Acquires Exclusive Development and Commercia",
    "link": "https://www.otsuka.co.jp/en/company/newsreleases//20251031_1.html",
    "timestamp": "unknown"
  },
  {
    "title": "October ,Otsuka Medical DevicesLatest Real-World Clinical Data Demonstrate a . mmHg Reduction in Blood Pressure at  Months with Recor Medical\u2019s Paradi",
    "link": "https://www.recormedical.com/latest-real-world-clinical-data-demonstrate-a---mmhg-reduction-in-blood-pressure-at--months-with-recor-medicals-paradise-ultrasound-renal-denervation-system/",
    "timestamp": "unknown"
  },
  {
    "title": "Latest Real-World Clinical Data Demonstrate a . mmHg Reduction in Blood Pressure at  Months with Recor Medical\u2019s Paradise Ultrasound Renal Denervation",
    "link": "https://www.recormedical.com/latest-real-world-clinical-data-demonstrate-a---mmhg-reduction-in-blood-pressure-at--months-with-recor-medicals-paradise-ultrasound-renal-denervation-system/",
    "timestamp": "unknown"
  },
  {
    "title": "October ,Otsuka Medical DevicesCMS Issues National Coverage Determination for Recor Medical\u2019s Paradise Ultrasound Renal Denervation System for the Tre",
    "link": "https://www.recormedical.com/cms-issues-national-coverage-determination-for-recor-medicals-paradise-ultrasound-renal-denervation-system-for-the-treatment-of-hypertension/",
    "timestamp": "unknown"
  },
  {
    "title": "CMS Issues National Coverage Determination for Recor Medical\u2019s Paradise Ultrasound Renal Denervation System for the Treatment of Hypertension",
    "link": "https://www.recormedical.com/cms-issues-national-coverage-determination-for-recor-medicals-paradise-ultrasound-renal-denervation-system-for-the-treatment-of-hypertension/",
    "timestamp": "unknown"
  },
  {
    "title": "October ,Taiho PharmaceuticalTaiho Pharmaceutical Exercises Option for an Exclusive License to Casdatifan in Japan and Certain Territories in Asia",
    "link": "https://www.taiho.co.jp/en/release//.html",
    "timestamp": "unknown"
  },
  {
    "title": "Taiho Pharmaceutical Exercises Option for an Exclusive License to Casdatifan in Japan and Certain Territories in Asia",
    "link": "https://www.taiho.co.jp/en/release//.html",
    "timestamp": "unknown"
  },
  {
    "title": "October ,Taiho PharmaceuticalTaiho Pharma Enters Into Exclusive License Agreement with Haihe Biopharma for PI3K\u03b1 Inhibitor Risovalisib (CYH33)",
    "link": "https://www.taiho.co.jp/en/release//.html",
    "timestamp": "unknown"
  },
  {
    "title": "Taiho Pharma Enters Into Exclusive License Agreement with Haihe Biopharma for PI3K\u03b1 Inhibitor Risovalisib (CYH33)",
    "link": "https://www.taiho.co.jp/en/release//.html",
    "timestamp": "unknown"
  },
  {
    "title": "October ,Otsuka HoldingsOtsuka Holdings Publishes \u201cIntegrated Report \u201d",
    "link": "https://www.otsuka.com/en/group_news/detail.php?id=",
    "timestamp": "unknown"
  },
  {
    "title": "Otsuka Holdings Publishes \u201cIntegrated Report \u201d",
    "link": "https://www.otsuka.com/en/group_news/detail.php?id=",
    "timestamp": "unknown"
  },
  {
    "title": "October ,Otsuka PharmaceuticalResearch on Work Productivity Among Japanese Workers Published in the Journal of Occupational Health",
    "link": "https://www.otsuka.co.jp/en/company/newsreleases//20251007_1.html",
    "timestamp": "unknown"
  },
  {
    "title": "Research on Work Productivity Among Japanese Workers Published in the Journal of Occupational Health",
    "link": "https://www.otsuka.co.jp/en/company/newsreleases//20251007_1.html",
    "timestamp": "unknown"
  },
  {
    "title": "September ,Taiho PharmaceuticalTaiho Pharmaceutical Enters Into Exploratory Collaboration with Guardant Health to Accelerate the Development of Therap",
    "link": "https://www.taiho.co.jp/en/release//.html",
    "timestamp": "unknown"
  },
  {
    "title": "Taiho Pharmaceutical Enters Into Exploratory Collaboration with Guardant Health to Accelerate the Development of Therapies for Early-Stage, Recurrent ",
    "link": "https://www.taiho.co.jp/en/release//.html",
    "timestamp": "unknown"
  },
  {
    "title": "September ,Otsuka PharmaceuticalOtsuka and Lundbeck Receive Complete Response Letter from U.S. FDA for sNDA of REXULTI (brexpiprazole)  in Combination",
    "link": "https://www.otsuka.co.jp/en/company/newsreleases//20250920_1.html",
    "timestamp": "unknown"
  },
  {
    "title": "Otsuka and Lundbeck Receive Complete Response Letter from U.S. FDA for sNDA of REXULTI (brexpiprazole)  in Combination with Sertraline for the Treatme",
    "link": "https://www.otsuka.co.jp/en/company/newsreleases//20250920_1.html",
    "timestamp": "unknown"
  },
  {
    "title": "September ,Otsuka PharmaceuticalOtsuka Receives Approval in Japan for NEXLETOL\u00ae as a Treatment for Hypercholesterolemia",
    "link": "https://www.otsuka.co.jp/en/company/newsreleases//20250919_1.html",
    "timestamp": "unknown"
  },
  {
    "title": "Otsuka Receives Approval in Japan for NEXLETOL\u00ae as a Treatment for Hypercholesterolemia",
    "link": "https://www.otsuka.co.jp/en/company/newsreleases//20250919_1.html",
    "timestamp": "unknown"
  },
  {
    "title": "September ,Otsuka PharmaceuticalPOCARI SWEAT \u00d7 TOKUSHIMA VORTIS Football Dream Project Phase  Welcomed Junior Soccer Players from the Middle East to T",
    "link": "https://www.otsuka.co.jp/en/company/newsreleases//20250916_1.html",
    "timestamp": "unknown"
  },
  {
    "title": "POCARI SWEAT \u00d7 TOKUSHIMA VORTIS Football Dream Project Phase  Welcomed Junior Soccer Players from the Middle East to Tokushima for International Excha",
    "link": "https://www.otsuka.co.jp/en/company/newsreleases//20250916_1.html",
    "timestamp": "unknown"
  },
  {
    "title": "September ,Otsuka PharmaceuticalJoint Research on Athletes\u2019 Heat Acclimatization and Fluid/Nutrition Strategies at the World Athletics Championships T",
    "link": "https://www.otsuka.co.jp/en/company/newsreleases//20250910_1.html",
    "timestamp": "unknown"
  },
  {
    "title": "Joint Research on Athletes\u2019 Heat Acclimatization and Fluid/Nutrition Strategies at the World Athletics Championships Tokyo  Provide New Insights for P",
    "link": "https://www.otsuka.co.jp/en/company/newsreleases//20250910_1.html",
    "timestamp": "unknown"
  },
  {
    "title": "September ,Otsuka PharmaceuticalOtsuka Pharmaceutical Supports World Athletics Championships Tokyo  with POCARI SWEAT \"Believe In Your Potential.\" is ",
    "link": "https://www.otsuka.co.jp/en/company/newsreleases//20250903_1.html",
    "timestamp": "unknown"
  },
  {
    "title": "Otsuka Pharmaceutical Supports World Athletics Championships Tokyo  with POCARI SWEAT \"Believe In Your Potential.\" is the Key Message We are Spreading",
    "link": "https://www.otsuka.co.jp/en/company/newsreleases//20250903_1.html",
    "timestamp": "unknown"
  },
  {
    "title": "September ,Otsuka HoldingsTaiho PharmaceuticalOtherObituary: Notice Regarding the Passing of Yukio Kobayashi, Executive Advisor of Taiho Pharmaceutica",
    "link": "https://www.otsuka.com/en/group_news/filedownload.php?name=957d75d339a4d96b75644540e49feddd.pdf",
    "timestamp": "unknown"
  },
  {
    "title": "Obituary: Notice Regarding the Passing of Yukio Kobayashi, Executive Advisor of Taiho Pharmaceutical",
    "link": "https://www.otsuka.com/en/group_news/filedownload.php?name=957d75d339a4d96b75644540e49feddd.pdf",
    "timestamp": "unknown"
  },
  {
    "title": "September ,Otsuka PharmaceuticalOtsuka Pharmaceutical Diagnostic Division Opens a New Laboratory in Tokyo to Advance Development of Next-Generation Me",
    "link": "https://www.otsuka.co.jp/en/company/newsreleases//20250901_1.html",
    "timestamp": "unknown"
  },
  {
    "title": "Otsuka Pharmaceutical Diagnostic Division Opens a New Laboratory in Tokyo to Advance Development of Next-Generation Medical Devices",
    "link": "https://www.otsuka.co.jp/en/company/newsreleases//20250901_1.html",
    "timestamp": "unknown"
  },
  {
    "title": "August ,Otsuka Pharmaceutical FactoryOtsuka Pharmaceutical Factory launches the \"Povidone Iodine Solution/Olanedine Solution Antiseptic Cartridges,\" a",
    "link": "https://www.otsukakj.jp/en/news_release/.html",
    "timestamp": "unknown"
  },
  {
    "title": "Otsuka Pharmaceutical Factory launches the \"Povidone Iodine Solution/Olanedine Solution Antiseptic Cartridges,\" antiseptics for external use",
    "link": "https://www.otsukakj.jp/en/news_release/.html",
    "timestamp": "unknown"
  },
  {
    "title": "August ,Otsuka Medical DevicesOtsuka Medical Devices Receives Manufacturing and Marketing Approval for Paradise Ultrasound Renal Denervation System fo",
    "link": "https://www.omd.otsuka.com/en/news/newsreleases/.php",
    "timestamp": "unknown"
  },
  {
    "title": "Otsuka Medical Devices Receives Manufacturing and Marketing Approval for Paradise Ultrasound Renal Denervation System for the Treatment of Resistant H",
    "link": "https://www.omd.otsuka.com/en/news/newsreleases/.php",
    "timestamp": "unknown"
  },
  {
    "title": "Otsuka Group NewsFirst  results",
    "link": "https://www.otsuka.com/en/group_news/",
    "timestamp": "unknown"
  },
  {
    "title": "Otsuka Group News",
    "link": "https://www.otsuka.com/en/group_news/",
    "timestamp": "unknown"
  },
  {
    "title": "First  results",
    "link": "https://www.otsuka.com/en/group_news/index.php",
    "timestamp": "unknown"
  },
  {
    "title": "HOMEOtsuka Group News",
    "link": "https://www.otsuka.com/en/",
    "timestamp": "unknown"
  },
  {
    "title": "HOMEOtsuka Group News",
    "link": "https://www.otsuka.com/en/",
    "timestamp": "unknown"
  },
  {
    "title": "HOME",
    "link": "https://www.otsuka.com/en/",
    "timestamp": "unknown"
  },
  {
    "title": "HOMEAbout Our GroupOur BusinessesInvestor RelationsSustainability",
    "link": "https://www.otsuka.com/en/",
    "timestamp": "unknown"
  },
  {
    "title": "HOME",
    "link": "https://www.otsuka.com/en/",
    "timestamp": "unknown"
  },
  {
    "title": "About Our Group",
    "link": "https://www.otsuka.com/en/company/",
    "timestamp": "unknown"
  },
  {
    "title": "Our Businesses",
    "link": "https://www.otsuka.com/en/rd/",
    "timestamp": "unknown"
  },
  {
    "title": "Investor Relations",
    "link": "https://www.otsuka.com/en/ir/",
    "timestamp": "unknown"
  },
  {
    "title": "Sustainability",
    "link": "https://www.otsuka.com/en/sustainability/",
    "timestamp": "unknown"
  },
  {
    "title": "Contact Us",
    "link": "https://www.otsuka.com/en/contact/",
    "timestamp": "unknown"
  },
  {
    "title": "Contact Us",
    "link": "https://www.otsuka.com/en/contact/",
    "timestamp": "unknown"
  },
  {
    "title": "Privacy Policy",
    "link": "https://www.otsuka.com/en/privacy/",
    "timestamp": "unknown"
  },
  {
    "title": "Terms of Use",
    "link": "https://www.otsuka.com/en/assist/",
    "timestamp": "unknown"
  },
  {
    "title": "Site Map",
    "link": "https://www.otsuka.com/en/sitemap/",
    "timestamp": "unknown"
  },
  {
    "title": "Otsuka PharmaceuticalOtsuka Pharmaceutical FactoryTaiho PharmaceuticalOtsuka WarehouseOtsuka ChemicalOtsuka FoodsOtsuka Medical Devices\u00a9 Otsuka Holdin",
    "link": "https://www.otsuka.co.jp/en/",
    "timestamp": "unknown"
  },
  {
    "title": "Otsuka Pharmaceutical",
    "link": "https://www.otsuka.co.jp/en/",
    "timestamp": "unknown"
  },
  {
    "title": "Otsuka Pharmaceutical Factory",
    "link": "https://www.otsukakj.jp/en/",
    "timestamp": "unknown"
  },
  {
    "title": "Taiho Pharmaceutical",
    "link": "https://www.taiho.co.jp/en/",
    "timestamp": "unknown"
  },
  {
    "title": "Otsuka Warehouse",
    "link": "https://www.otsukawh.co.jp/english/",
    "timestamp": "unknown"
  },
  {
    "title": "Otsuka Chemical",
    "link": "https://www.otsukac.co.jp/en/",
    "timestamp": "unknown"
  },
  {
    "title": "Otsuka Foods",
    "link": "http://www.otsukafoods.co.jp/",
    "timestamp": "unknown"
  },
  {
    "title": "Otsuka Medical Devices",
    "link": "https://www.omd.otsuka.com/en/",
    "timestamp": "unknown"
  },
  {
    "title": "TOP",
    "link": "javascript:void();",
    "timestamp": "unknown"
  }
]