[
  {
    "title": "\u9996\u9875\u5173\u4e8e\u6211\u4eec\u516c\u53f8\u6982\u51b5\u4f7f\u547d\u4e0e\u613f\u666f\u8463\u4e8b\u4f1a\u7ba1\u7406\u56e2\u961f\u79d1\u5b66\u987e\u95ee\u59d4\u5458\u4f1a\u8363\u660c\u751f\u7269\u5236\u836f\uff08\u70df\u53f0\uff09\u80a1\u4efd\u6709\u9650\u516c\u53f8\u7531\u738b\u5a01\u4e1c\u5148\u751f\u9886\u5bfc\u7684\u70df\u53f0\u8363\u660c\u5236\u836f\u80a1\u4efd\u6709\u9650\u516c\u53f8\u548c\u7559\u7f8e\u79d1\u5b66\u5bb6\u623f\u5065\u6c11\u535a\u58eb\u4e8e2008\u5e74\u5171\u540c\u521b\u7acb\u3002\u8363\u660c\u751f\u7269\u603b\u90e8\u4f4d\u4e8e\u4e2d\u56fd\u5c71\u4e1c\u7701\u70df\u53f0\u5e02\uff0c\u5728\u4e2d\u56fd\u548c\u7f8e\u56fd\u8bbe\u6709\u7814\u53d1\u4e2d\u5fc3\u548c\u529e\u4e8b\u673a\u6784\u3002\u25a0\u516c\u53f8\u6982\u51b5\u25a0\u4f7f\u547d\u4e0e\u613f\u666f\u25a0\u8463\u4e8b\u4f1a\u25a0\u7ba1\u7406\u56e2\u961f\u5df2\u4e0a\u5e02\u53ca\u5728\u7814\u4ea7",
    "link": "javascript:void()",
    "timestamp": "unknown"
  },
  {
    "title": "\u9996\u9875\u5173\u4e8e\u6211\u4eec\u516c\u53f8\u6982\u51b5\u4f7f\u547d\u4e0e\u613f\u666f\u8463\u4e8b\u4f1a\u7ba1\u7406\u56e2\u961f\u79d1\u5b66\u987e\u95ee\u59d4\u5458\u4f1a\u8363\u660c\u751f\u7269\u5236\u836f\uff08\u70df\u53f0\uff09\u80a1\u4efd\u6709\u9650\u516c\u53f8\u7531\u738b\u5a01\u4e1c\u5148\u751f\u9886\u5bfc\u7684\u70df\u53f0\u8363\u660c\u5236\u836f\u80a1\u4efd\u6709\u9650\u516c\u53f8\u548c\u7559\u7f8e\u79d1\u5b66\u5bb6\u623f\u5065\u6c11\u535a\u58eb\u4e8e2008\u5e74\u5171\u540c\u521b\u7acb\u3002\u8363\u660c\u751f\u7269\u603b\u90e8\u4f4d\u4e8e\u4e2d\u56fd\u5c71\u4e1c\u7701\u70df\u53f0\u5e02\uff0c\u5728\u4e2d\u56fd\u548c\u7f8e\u56fd\u8bbe\u6709\u7814\u53d1\u4e2d\u5fc3\u548c\u529e\u4e8b\u673a\u6784\u3002\u25a0\u516c\u53f8\u6982\u51b5\u25a0\u4f7f\u547d\u4e0e\u613f\u666f\u25a0\u8463\u4e8b\u4f1a\u25a0\u7ba1\u7406\u56e2\u961f\u5df2\u4e0a\u5e02\u53ca\u5728\u7814\u4ea7",
    "link": "javascript:void()",
    "timestamp": "unknown"
  },
  {
    "title": "\u9996\u9875",
    "link": "https://www.remegen.cn/",
    "timestamp": "unknown"
  },
  {
    "title": "\u5173\u4e8e\u6211\u4eec\u516c\u53f8\u6982\u51b5\u4f7f\u547d\u4e0e\u613f\u666f\u8463\u4e8b\u4f1a\u7ba1\u7406\u56e2\u961f\u79d1\u5b66\u987e\u95ee\u59d4\u5458\u4f1a\u8363\u660c\u751f\u7269\u5236\u836f\uff08\u70df\u53f0\uff09\u80a1\u4efd\u6709\u9650\u516c\u53f8\u7531\u738b\u5a01\u4e1c\u5148\u751f\u9886\u5bfc\u7684\u70df\u53f0\u8363\u660c\u5236\u836f\u80a1\u4efd\u6709\u9650\u516c\u53f8\u548c\u7559\u7f8e\u79d1\u5b66\u5bb6\u623f\u5065\u6c11\u535a\u58eb\u4e8e2008\u5e74\u5171\u540c\u521b\u7acb\u3002\u8363\u660c\u751f\u7269\u603b\u90e8\u4f4d\u4e8e\u4e2d\u56fd\u5c71\u4e1c\u7701\u70df\u53f0\u5e02\uff0c\u5728\u4e2d\u56fd\u548c\u7f8e\u56fd\u8bbe\u6709\u7814\u53d1\u4e2d\u5fc3\u548c\u529e\u4e8b\u673a\u6784\u3002\u25a0\u516c\u53f8\u6982\u51b5\u25a0\u4f7f\u547d\u4e0e\u613f\u666f\u25a0\u8463\u4e8b\u4f1a\u25a0\u7ba1\u7406\u56e2\u961f",
    "link": "https://www.remegen.cn/index.php?v=listing&cid=",
    "timestamp": "unknown"
  },
  {
    "title": "\u516c\u53f8\u6982\u51b5",
    "link": "https://www.remegen.cn/index.php?v=listing&cid=#gsgk",
    "timestamp": "unknown"
  },
  {
    "title": "\u4f7f\u547d\u4e0e\u613f\u666f",
    "link": "https://www.remegen.cn/index.php?v=listing&cid=#smyyj",
    "timestamp": "unknown"
  },
  {
    "title": "\u8463\u4e8b\u4f1a",
    "link": "https://www.remegen.cn/index.php?v=listing&cid=#dsh",
    "timestamp": "unknown"
  },
  {
    "title": "\u7ba1\u7406\u56e2\u961f",
    "link": "https://www.remegen.cn/index.php?v=listing&cid=#gltd",
    "timestamp": "unknown"
  },
  {
    "title": "\u79d1\u5b66\u987e\u95ee\u59d4\u5458\u4f1a",
    "link": "https://www.remegen.cn/index.php?v=listing&cid=#kxgwwyh",
    "timestamp": "unknown"
  },
  {
    "title": "\u8363\u660c\u751f\u7269\u5236\u836f\uff08\u70df\u53f0\uff09\u80a1\u4efd\u6709\u9650\u516c\u53f8\u7531\u738b\u5a01\u4e1c\u5148\u751f\u9886\u5bfc\u7684\u70df\u53f0\u8363\u660c\u5236\u836f\u80a1\u4efd\u6709\u9650\u516c\u53f8\u548c\u7559\u7f8e\u79d1\u5b66\u5bb6\u623f\u5065\u6c11\u535a\u58eb\u4e8e2008\u5e74\u5171\u540c\u521b\u7acb\u3002\u8363\u660c\u751f\u7269\u603b\u90e8\u4f4d\u4e8e\u4e2d\u56fd\u5c71\u4e1c\u7701\u70df\u53f0\u5e02\uff0c\u5728\u4e2d\u56fd\u548c\u7f8e\u56fd\u8bbe\u6709\u7814\u53d1\u4e2d\u5fc3\u548c\u529e\u4e8b\u673a\u6784\u3002\u25a0\u516c\u53f8\u6982\u51b5\u25a0\u4f7f\u547d\u4e0e\u613f\u666f\u25a0\u8463\u4e8b\u4f1a\u25a0\u7ba1\u7406\u56e2\u961f",
    "link": "https://www.remegen.cn/index.php?v=listing&cid=#gsgk",
    "timestamp": "unknown"
  },
  {
    "title": "\u25a0\u516c\u53f8\u6982\u51b5\u25a0\u4f7f\u547d\u4e0e\u613f\u666f\u25a0\u8463\u4e8b\u4f1a\u25a0\u7ba1\u7406\u56e2\u961f",
    "link": "https://www.remegen.cn/index.php?v=listing&cid=#gsgk",
    "timestamp": "unknown"
  },
  {
    "title": "\u25a0\u516c\u53f8\u6982\u51b5\u25a0\u4f7f\u547d\u4e0e\u613f\u666f\u25a0\u8463\u4e8b\u4f1a\u25a0\u7ba1\u7406\u56e2\u961f",
    "link": "https://www.remegen.cn/index.php?v=listing&cid=#gsgk",
    "timestamp": "unknown"
  },
  {
    "title": "\u25a0\u516c\u53f8\u6982\u51b5\u25a0\u4f7f\u547d\u4e0e\u613f\u666f\u25a0\u8463\u4e8b\u4f1a\u25a0\u7ba1\u7406\u56e2\u961f",
    "link": "https://www.remegen.cn/index.php?v=listing&cid=#gsgk",
    "timestamp": "unknown"
  },
  {
    "title": "\u5df2\u4e0a\u5e02\u53ca\u5728\u7814\u4ea7\u54c1\u4e0a\u5e02\u4ea7\u54c1\u8425\u9500\u56e2\u961f\u4ea7\u54c1\u7ba1\u7ebf\u6cf0\u5b83\u897f\u666e\u5168\u7403\u9996\u4e2a\u53cc\u9776\u70b9\u6cbb\u7597\u7cfb\u7edf\u6027\u7ea2\u6591\u72fc\u75ae\u7684\u751f\u7269\u65b0\u836f\u7ef4\u8fea\u897f\u59a5\u5355\u6297\u4e2d\u56fd\u9996\u6b3e\u81ea\u4e3b\u7814\u53d1\u7684ADC\u521b\u65b0\u836f\u25a0\u4e0a\u5e02\u4ea7\u54c1\u25a0\u8425\u9500\u56e2\u961f\u25a0\u4ea7\u54c1\u7ba1\u7ebf",
    "link": "https://www.remegen.cn/index.php?v=listing&cid=",
    "timestamp": "unknown"
  },
  {
    "title": "\u4e0a\u5e02\u4ea7\u54c1",
    "link": "https://www.remegen.cn/index.php?v=listing&cid=#sscp",
    "timestamp": "unknown"
  },
  {
    "title": "\u8425\u9500\u56e2\u961f",
    "link": "https://www.remegen.cn/index.php?v=listing&cid=#yxtd",
    "timestamp": "unknown"
  },
  {
    "title": "\u4ea7\u54c1\u7ba1\u7ebf",
    "link": "https://www.remegen.cn/index.php?v=listing&cid=#cpgx",
    "timestamp": "unknown"
  },
  {
    "title": "\u6cf0\u5b83\u897f\u666e\u5168\u7403\u9996\u4e2a\u53cc\u9776\u70b9\u6cbb\u7597\u7cfb\u7edf\u6027\u7ea2\u6591\u72fc\u75ae\u7684\u751f\u7269\u65b0\u836f\u7ef4\u8fea\u897f\u59a5\u5355\u6297\u4e2d\u56fd\u9996\u6b3e\u81ea\u4e3b\u7814\u53d1\u7684ADC\u521b\u65b0\u836f\u25a0\u4e0a\u5e02\u4ea7\u54c1\u25a0\u8425\u9500\u56e2\u961f\u25a0\u4ea7\u54c1\u7ba1\u7ebf",
    "link": "https://www.remegen.cn/index.php?v=listing&cid=",
    "timestamp": "unknown"
  },
  {
    "title": "\u6cf0\u5b83\u897f\u666e\u5168\u7403\u9996\u4e2a\u53cc\u9776\u70b9\u6cbb\u7597\u7cfb\u7edf\u6027\u7ea2\u6591\u72fc\u75ae\u7684\u751f\u7269\u65b0\u836f\u7ef4\u8fea\u897f\u59a5\u5355\u6297\u4e2d\u56fd\u9996\u6b3e\u81ea\u4e3b\u7814\u53d1\u7684ADC\u521b\u65b0\u836f",
    "link": "https://www.remegen.cn/index.php?v=listing&cid=",
    "timestamp": "unknown"
  },
  {
    "title": "\u6cf0\u5b83\u897f\u666e\u5168\u7403\u9996\u4e2a\u53cc\u9776\u70b9\u6cbb\u7597\u7cfb\u7edf\u6027\u7ea2\u6591\u72fc\u75ae\u7684\u751f\u7269\u65b0\u836f",
    "link": "https://www.remegen.cn/index.php?v=listing&cid=",
    "timestamp": "unknown"
  },
  {
    "title": "\u6cf0\u5b83\u897f\u666e\u5168\u7403\u9996\u4e2a\u53cc\u9776\u70b9\u6cbb\u7597\u7cfb\u7edf\u6027\u7ea2\u6591\u72fc\u75ae\u7684\u751f\u7269\u65b0\u836f",
    "link": "https://www.remegen.cn/index.php?v=listing&cid=",
    "timestamp": "unknown"
  },
  {
    "title": "\u7ef4\u8fea\u897f\u59a5\u5355\u6297\u4e2d\u56fd\u9996\u6b3e\u81ea\u4e3b\u7814\u53d1\u7684ADC\u521b\u65b0\u836f",
    "link": "https://www.remegen.cn/index.php?v=listing&cid=",
    "timestamp": "unknown"
  },
  {
    "title": "\u7ef4\u8fea\u897f\u59a5\u5355\u6297\u4e2d\u56fd\u9996\u6b3e\u81ea\u4e3b\u7814\u53d1\u7684ADC\u521b\u65b0\u836f",
    "link": "https://www.remegen.cn/index.php?v=listing&cid=",
    "timestamp": "unknown"
  },
  {
    "title": "\u25a0\u4e0a\u5e02\u4ea7\u54c1\u25a0\u8425\u9500\u56e2\u961f\u25a0\u4ea7\u54c1\u7ba1\u7ebf",
    "link": "https://www.remegen.cn/index.php?v=listing&cid=#sscp",
    "timestamp": "unknown"
  },
  {
    "title": "\u25a0\u4e0a\u5e02\u4ea7\u54c1\u25a0\u8425\u9500\u56e2\u961f\u25a0\u4ea7\u54c1\u7ba1\u7ebf",
    "link": "https://www.remegen.cn/index.php?v=listing&cid=#sscp",
    "timestamp": "unknown"
  },
  {
    "title": "\u25a0\u4e0a\u5e02\u4ea7\u54c1\u25a0\u8425\u9500\u56e2\u961f\u25a0\u4ea7\u54c1\u7ba1\u7ebf",
    "link": "https://www.remegen.cn/index.php?v=listing&cid=#sscp",
    "timestamp": "unknown"
  },
  {
    "title": "\u7814\u53d1\u53ca\u751f\u4ea7\u521b\u65b0\u80fd\u529b\u6280\u672f\u5e73\u53f0\u4eba\u624d\u961f\u4f0d\u751f\u4ea7\u5236\u9020\u8d28\u91cf\u4f53\u7cfb\u25a0\u521b\u65b0\u80fd\u529b\u25a0\u6280\u672f\u5e73\u53f0\u25a0\u4eba\u624d\u961f\u4f0d\u25a0\u751f\u4ea7\u5236\u9020\u25a0\u8d28\u91cf\u4f53\u7cfb",
    "link": "https://www.remegen.cn/index.php?v=listing&cid=",
    "timestamp": "unknown"
  },
  {
    "title": "\u521b\u65b0\u80fd\u529b",
    "link": "https://www.remegen.cn/index.php?v=listing&cid=#cxnl",
    "timestamp": "unknown"
  },
  {
    "title": "\u6280\u672f\u5e73\u53f0",
    "link": "https://www.remegen.cn/index.php?v=listing&cid=#jspt",
    "timestamp": "unknown"
  },
  {
    "title": "\u4eba\u624d\u961f\u4f0d",
    "link": "https://www.remegen.cn/index.php?v=listing&cid=#rcdw",
    "timestamp": "unknown"
  },
  {
    "title": "\u751f\u4ea7\u5236\u9020",
    "link": "https://www.remegen.cn/index.php?v=listing&cid=#sczz",
    "timestamp": "unknown"
  },
  {
    "title": "\u8d28\u91cf\u4f53\u7cfb",
    "link": "https://www.remegen.cn/index.php?v=listing&cid=#zlbz",
    "timestamp": "unknown"
  },
  {
    "title": "\u25a0\u521b\u65b0\u80fd\u529b\u25a0\u6280\u672f\u5e73\u53f0\u25a0\u4eba\u624d\u961f\u4f0d\u25a0\u751f\u4ea7\u5236\u9020\u25a0\u8d28\u91cf\u4f53\u7cfb",
    "link": "https://www.remegen.cn/index.php?v=listing&cid=#cxnl",
    "timestamp": "unknown"
  },
  {
    "title": "\u25a0\u521b\u65b0\u80fd\u529b\u25a0\u6280\u672f\u5e73\u53f0\u25a0\u4eba\u624d\u961f\u4f0d\u25a0\u751f\u4ea7\u5236\u9020\u25a0\u8d28\u91cf\u4f53\u7cfb",
    "link": "https://www.remegen.cn/index.php?v=listing&cid=#cxnl",
    "timestamp": "unknown"
  },
  {
    "title": "\u25a0\u521b\u65b0\u80fd\u529b\u25a0\u6280\u672f\u5e73\u53f0\u25a0\u4eba\u624d\u961f\u4f0d\u25a0\u751f\u4ea7\u5236\u9020\u25a0\u8d28\u91cf\u4f53\u7cfb",
    "link": "https://www.remegen.cn/index.php?v=listing&cid=#cxnl",
    "timestamp": "unknown"
  },
  {
    "title": "\u25a0\u521b\u65b0\u80fd\u529b\u25a0\u6280\u672f\u5e73\u53f0\u25a0\u4eba\u624d\u961f\u4f0d\u25a0\u751f\u4ea7\u5236\u9020\u25a0\u8d28\u91cf\u4f53\u7cfb",
    "link": "https://www.remegen.cn/index.php?v=listing&cid=#cxnl",
    "timestamp": "unknown"
  },
  {
    "title": "\u6295\u8d44\u8005\u5173\u7cfb\u79d1\u521b\u677f\u80a1\u7968\u4ee3\u7801 \u8363\u660c\u751f\u7269\uff1a.SH\u3010..\u3011\u8363\u660c\u751f\u7269\u7b2c\u4e8c\u5c4a\u8463\u4e8b\u4f1a\u7b2c\u4e09\u5341\u4e00\u6b21\u4f1a\u8bae\u51b3\u8bae\u516c\u544a\u6e2f\u4ea4\u6240\u80a1\u7968\u4ee3\u7801 \u8363\u660c\u751f\u7269\uff1a.HK\u3010..\u3011\u6d77\u5916\u76e3\u7ba1\u516c\u544a - 2022\u5e74A\u80a1\u9650\u5236\u6027\u80a1\u7968\u6fc0\u52f5\u8a08\u5283\u4e4bB\u985e\u6b0a\u76ca\u9810\u7559\u6388\u4e88\u7b2c\u4e00\u500b\u6b78\u5c6c\u671f\u7b2c\u4e00\u6b21\u6b78\u5c6c\u7d50\u679c\u66a8\u80a1\u4efd\u4e0a\u5e02\u516c\u544a\u25a0\u5b9a\u671f\u62a5\u544a\u25a0\u516c\u544a\u4e0e\u901a\u51fd\u25a0\u6d3b\u52a8\u4e0e\u6f14\u793a\u6587\u7a3f\u25a0\u6295\u8d44\u8005\u4ea4\u6d41\u65e5\u5386\u25a0\u516c\u53f8",
    "link": "https://www.remegen.cn/index.php?v=listing&cid=",
    "timestamp": "unknown"
  },
  {
    "title": "\u79d1\u521b\u677f\u80a1\u7968\u4ee3\u7801 \u8363\u660c\u751f\u7269\uff1a.SH\u3010..\u3011\u8363\u660c\u751f\u7269\u7b2c\u4e8c\u5c4a\u8463\u4e8b\u4f1a\u7b2c\u4e09\u5341\u4e00\u6b21\u4f1a\u8bae\u51b3\u8bae\u516c\u544a\u6e2f\u4ea4\u6240\u80a1\u7968\u4ee3\u7801 \u8363\u660c\u751f\u7269\uff1a.HK\u3010..\u3011\u6d77\u5916\u76e3\u7ba1\u516c\u544a - 2022\u5e74A\u80a1\u9650\u5236\u6027\u80a1\u7968\u6fc0\u52f5\u8a08\u5283\u4e4bB\u985e\u6b0a\u76ca\u9810\u7559\u6388\u4e88\u7b2c\u4e00\u500b\u6b78\u5c6c\u671f\u7b2c\u4e00\u6b21\u6b78\u5c6c\u7d50\u679c\u66a8\u80a1\u4efd\u4e0a\u5e02\u516c\u544a\u25a0\u5b9a\u671f\u62a5\u544a\u25a0\u516c\u544a\u4e0e\u901a\u51fd\u25a0\u6d3b\u52a8\u4e0e\u6f14\u793a\u6587\u7a3f\u25a0\u6295\u8d44\u8005\u4ea4\u6d41\u65e5\u5386\u25a0\u516c\u53f8\u6cbb\u7406\u25a0\u6295\u8d44",
    "link": "https://www.remegen.cn/index.php?v=listing&cid=",
    "timestamp": "unknown"
  },
  {
    "title": "\u25a0\u5b9a\u671f\u62a5\u544a\u25a0\u516c\u544a\u4e0e\u901a\u51fd\u25a0\u6d3b\u52a8\u4e0e\u6f14\u793a\u6587\u7a3f\u25a0\u6295\u8d44\u8005\u4ea4\u6d41\u65e5\u5386\u25a0\u516c\u53f8\u6cbb\u7406\u25a0\u6295\u8d44\u8005\u5173\u7cfb\u8054\u7edc",
    "link": "https://www.remegen.cn/index.php?v=listing&cid=",
    "timestamp": "unknown"
  },
  {
    "title": "\u25a0\u5b9a\u671f\u62a5\u544a\u25a0\u516c\u544a\u4e0e\u901a\u51fd\u25a0\u6d3b\u52a8\u4e0e\u6f14\u793a\u6587\u7a3f\u25a0\u6295\u8d44\u8005\u4ea4\u6d41\u65e5\u5386\u25a0\u516c\u53f8\u6cbb\u7406\u25a0\u6295\u8d44\u8005\u5173\u7cfb\u8054\u7edc",
    "link": "https://www.remegen.cn/index.php?v=listing&cid=",
    "timestamp": "unknown"
  },
  {
    "title": "\u25a0\u5b9a\u671f\u62a5\u544a\u25a0\u516c\u544a\u4e0e\u901a\u51fd\u25a0\u6d3b\u52a8\u4e0e\u6f14\u793a\u6587\u7a3f",
    "link": "https://www.remegen.cn/index.php?v=listing&cid=",
    "timestamp": "unknown"
  },
  {
    "title": "\u25a0\u6295\u8d44\u8005\u4ea4\u6d41\u65e5\u5386\u25a0\u516c\u53f8\u6cbb\u7406\u25a0\u6295\u8d44\u8005\u5173\u7cfb\u8054\u7edc",
    "link": "https://www.remegen.cn/index.php?v=listing&cid=",
    "timestamp": "unknown"
  },
  {
    "title": "\u65b0\u95fb\u4e2d\u5fc3\u516c\u53f8\u52a8\u6001\u5a92\u4f53\u62a5\u9053ASN | \u663e\u8457\u964d\u4f4e\u86cb\u767d\u5c3f\u3001\u7ef4\u6301\u80be\u529f\u80fd\u7a33\u5b9a\uff01\u6cf0\u5b83\u897f\u666e\u6cbb\u7597IgA\u80be\u75c5\u4e2d\u56fd\u2162\u671f\u4e34\u5e8a\u7814\u7a76A\u9636\u6bb5\u7ed3\u679c\u91cd\u78c5\u53d1\u5e03\u00b7\u00a0\u6cf0\u5b83\u897f\u666e\u7ec4\u60a3\u8005\u5728\u6cbb\u7597\u7b2c39\u5468\u65f624\u5c0f\u65f6\u5c3f\u86cb\u767d\u808c\u9150\u6bd4\uff08UPCR\uff09\u8f83\u57fa\u7ebf\u7684\u6bd4\u503c\u4e0e\u5b89\u6170\u5242\u7ec4\u76f8\u6bd4\u964d\u4f4e\u4e8655%\uff1b\r\n\r\n\u00b7\u00a0\u5728A\u9636\u6bb5\u6240\u6709\u6b21\u8981\u7ec8\u70b9\u663e\u793a\u51fa\u7edf\u8ba1\u5b66\u663e\u8457\u83b7\u76ca\uff1b\r\n\r\n\u00b7\u00a0\u5728\u964d",
    "link": "https://www.remegen.cn/index.php?v=listing&cid=",
    "timestamp": "unknown"
  },
  {
    "title": "\u516c\u53f8\u52a8\u6001",
    "link": "https://www.remegen.cn/index.php?v=listing&cid=#gsdt",
    "timestamp": "unknown"
  },
  {
    "title": "\u5a92\u4f53\u62a5\u9053",
    "link": "https://www.remegen.cn/index.php?v=listing&cid=#mtbd",
    "timestamp": "unknown"
  },
  {
    "title": "ASN | \u663e\u8457\u964d\u4f4e\u86cb\u767d\u5c3f\u3001\u7ef4\u6301\u80be\u529f\u80fd\u7a33\u5b9a\uff01\u6cf0\u5b83\u897f\u666e\u6cbb\u7597IgA\u80be\u75c5\u4e2d\u56fd\u2162\u671f\u4e34\u5e8a\u7814\u7a76A\u9636\u6bb5\u7ed3\u679c\u91cd\u78c5\u53d1\u5e03\u00b7\u00a0\u6cf0\u5b83\u897f\u666e\u7ec4\u60a3\u8005\u5728\u6cbb\u7597\u7b2c39\u5468\u65f624\u5c0f\u65f6\u5c3f\u86cb\u767d\u808c\u9150\u6bd4\uff08UPCR\uff09\u8f83\u57fa\u7ebf\u7684\u6bd4\u503c\u4e0e\u5b89\u6170\u5242\u7ec4\u76f8\u6bd4\u964d\u4f4e\u4e8655%\uff1b\r\n\r\n\u00b7\u00a0\u5728A\u9636\u6bb5\u6240\u6709\u6b21\u8981\u7ec8\u70b9\u663e\u793a\u51fa\u7edf\u8ba1\u5b66\u663e\u8457\u83b7\u76ca\uff1b\r\n\r\n\u00b7\u00a0\u5728\u964d\u4f4e\u86cb\u25a0\u516c\u53f8\u52a8\u6001\u25a0\u5a92\u4f53\u62a5\u9053",
    "link": "https://www.remegen.cn/index.php?v=listing&cid=#gsdt",
    "timestamp": "unknown"
  },
  {
    "title": "\u25a0\u516c\u53f8\u52a8\u6001\u25a0\u5a92\u4f53\u62a5\u9053",
    "link": "https://www.remegen.cn/index.php?v=listing&cid=#gsdt",
    "timestamp": "unknown"
  },
  {
    "title": "\u25a0\u516c\u53f8\u52a8\u6001\u25a0\u5a92\u4f53\u62a5\u9053",
    "link": "https://www.remegen.cn/index.php?v=listing&cid=#gsdt",
    "timestamp": "unknown"
  },
  {
    "title": "\u25a0\u516c\u53f8\u52a8\u6001\u25a0\u5a92\u4f53\u62a5\u9053",
    "link": "https://www.remegen.cn/index.php?v=listing&cid=#gsdt",
    "timestamp": "unknown"
  },
  {
    "title": "\u52a0\u5165\u6211\u4eec\u62db\u8058\u5c97\u4f4d\u85aa\u916c\u798f\u5229\u5de5\u4f5c\u73af\u5883\u8363\u660c\u5f71\u50cf\u25a0\u62db\u8058\u5c97\u4f4d\u25a0\u85aa\u916c\u798f\u5229\u25a0\u5de5\u4f5c\u73af\u5883\u25a0\u8363\u660c\u5f71\u50cf",
    "link": "https://www.remegen.cn/index.php?v=listing&cid=",
    "timestamp": "unknown"
  },
  {
    "title": "\u62db\u8058\u5c97\u4f4d",
    "link": "https://www.remegen.cn/index.php?v=listing&cid=#zpgw",
    "timestamp": "unknown"
  },
  {
    "title": "\u85aa\u916c\u798f\u5229",
    "link": "https://www.remegen.cn/index.php?v=listing&cid=#xzfl",
    "timestamp": "unknown"
  },
  {
    "title": "\u5de5\u4f5c\u73af\u5883",
    "link": "https://www.remegen.cn/index.php?v=listing&cid=#gzhj",
    "timestamp": "unknown"
  },
  {
    "title": "\u8363\u660c\u5f71\u50cf",
    "link": "https://www.remegen.cn/index.php?v=listing&cid=#rcyx",
    "timestamp": "unknown"
  },
  {
    "title": "\u25a0\u62db\u8058\u5c97\u4f4d\u25a0\u85aa\u916c\u798f\u5229\u25a0\u5de5\u4f5c\u73af\u5883\u25a0\u8363\u660c\u5f71\u50cf",
    "link": "https://www.remegen.cn/index.php?v=listing&cid=#zpgw",
    "timestamp": "unknown"
  },
  {
    "title": "\u25a0\u62db\u8058\u5c97\u4f4d\u25a0\u85aa\u916c\u798f\u5229\u25a0\u5de5\u4f5c\u73af\u5883\u25a0\u8363\u660c\u5f71\u50cf",
    "link": "https://www.remegen.cn/index.php?v=listing&cid=#zpgw",
    "timestamp": "unknown"
  },
  {
    "title": "\u25a0\u62db\u8058\u5c97\u4f4d\u25a0\u85aa\u916c\u798f\u5229\u25a0\u5de5\u4f5c\u73af\u5883\u25a0\u8363\u660c\u5f71\u50cf",
    "link": "https://www.remegen.cn/index.php?v=listing&cid=#zpgw",
    "timestamp": "unknown"
  },
  {
    "title": "\u25a0\u62db\u8058\u5c97\u4f4d\u25a0\u85aa\u916c\u798f\u5229\u25a0\u5de5\u4f5c\u73af\u5883\u25a0\u8363\u660c\u5f71\u50cf",
    "link": "https://www.remegen.cn/index.php?v=listing&cid=#zpgw",
    "timestamp": "unknown"
  },
  {
    "title": "\u8054\u7cfb\u6211\u4eec\u516c\u53f8\u5730\u5740\u4e34\u5e8a\u8bd5\u9a8c\u4eba\u529b\u8d44\u6e90\u4e0d\u826f\u53cd\u5e94\u62a5\u544a\u25a0\u4e2d\u56fd\u00b7\u70df\u53f0\u5730\u5740\uff1a\u4e2d\u56fd\uff08\u5c71\u4e1c\uff09\u81ea\u7531\u8d38\u6613\u8bd5\u9a8c\u533a\u70df\u53f0\u7247\u533a\u70df\u53f0\u5f00\u53d1\u533a\u5317\u4eac\u4e2d\u8def58\u53f7\u7535\u8bdd\uff1a(+)-\u90ae\u653f\u7f16\u7801\uff1a\u25a0\u516c\u53f8\u5730\u5740\u25a0\u4e34\u5e8a\u8bd5\u9a8c\u25a0\u4eba\u529b\u8d44\u6e90\u25a0\u4e0d\u826f\u53cd\u5e94\u62a5\u544a",
    "link": "https://www.remegen.cn/index.php?v=listing&cid=",
    "timestamp": "unknown"
  },
  {
    "title": "\u516c\u53f8\u5730\u5740",
    "link": "https://www.remegen.cn/index.php?v=listing&cid=#gsdz",
    "timestamp": "unknown"
  },
  {
    "title": "\u4e34\u5e8a\u8bd5\u9a8c",
    "link": "https://www.remegen.cn/index.php?v=listing&cid=#lcsy",
    "timestamp": "unknown"
  },
  {
    "title": "\u4eba\u529b\u8d44\u6e90",
    "link": "https://www.remegen.cn/index.php?v=listing&cid=#rlzy",
    "timestamp": "unknown"
  },
  {
    "title": "\u4e0d\u826f\u53cd\u5e94\u62a5\u544a",
    "link": "https://www.remegen.cn/index.php?v=listing&cid=#blfy",
    "timestamp": "unknown"
  },
  {
    "title": "\u25a0\u4e2d\u56fd\u00b7\u70df\u53f0\u5730\u5740\uff1a\u4e2d\u56fd\uff08\u5c71\u4e1c\uff09\u81ea\u7531\u8d38\u6613\u8bd5\u9a8c\u533a\u70df\u53f0\u7247\u533a\u70df\u53f0\u5f00\u53d1\u533a\u5317\u4eac\u4e2d\u8def58\u53f7\u7535\u8bdd\uff1a(+)-\u90ae\u653f\u7f16\u7801\uff1a\u25a0\u516c\u53f8\u5730\u5740\u25a0\u4e34\u5e8a\u8bd5\u9a8c\u25a0\u4eba\u529b\u8d44\u6e90\u25a0\u4e0d\u826f\u53cd\u5e94\u62a5\u544a",
    "link": "https://www.remegen.cn/index.php?v=listing&cid=#gsdz",
    "timestamp": "unknown"
  },
  {
    "title": "\u25a0\u516c\u53f8\u5730\u5740\u25a0\u4e34\u5e8a\u8bd5\u9a8c\u25a0\u4eba\u529b\u8d44\u6e90\u25a0\u4e0d\u826f\u53cd\u5e94\u62a5\u544a",
    "link": "https://www.remegen.cn/index.php?v=listing&cid=#gsdz",
    "timestamp": "unknown"
  },
  {
    "title": "\u25a0\u516c\u53f8\u5730\u5740\u25a0\u4e34\u5e8a\u8bd5\u9a8c\u25a0\u4eba\u529b\u8d44\u6e90\u25a0\u4e0d\u826f\u53cd\u5e94\u62a5\u544a",
    "link": "https://www.remegen.cn/index.php?v=listing&cid=#gsdz",
    "timestamp": "unknown"
  },
  {
    "title": "\u25a0\u516c\u53f8\u5730\u5740\u25a0\u4e34\u5e8a\u8bd5\u9a8c\u25a0\u4eba\u529b\u8d44\u6e90\u25a0\u4e0d\u826f\u53cd\u5e94\u62a5\u544a",
    "link": "https://www.remegen.cn/index.php?v=listing&cid=#gsdz",
    "timestamp": "unknown"
  },
  {
    "title": "\u7b80\u4f53\u4e2d\u6587English",
    "link": "https://www.remegen.cn/?lang=",
    "timestamp": "unknown"
  },
  {
    "title": "\u7b80\u4f53\u4e2d\u6587English",
    "link": "https://www.remegen.cn/?lang=",
    "timestamp": "unknown"
  },
  {
    "title": "\u516c\u53f8\u52a8\u6001ASN | \u663e\u8457\u964d\u4f4e\u86cb\u767d\u5c3f\u3001\u7ef4\u6301\u80be\u529f\u80fd\u7a33\u5b9a\uff01\u6cf0\u5b83\u897f\u666e\u6cbb\u7597IgA\u80be\u75c5\u4e2d\u56fd\u2162\u671f\u4e34\u5e8a\u7814\u7a76A\u9636\u6bb5\u7ed3\u679c\u91cd\u78c5\u53d1\u5e03\u00b7\u00a0\u6cf0\u5b83\u897f\u666e\u7ec4\u60a3\u8005\u5728\u6cbb\u7597\u7b2c39\u5468\u65f624\u5c0f\u65f6\u5c3f\u86cb\u767d\u808c\u9150\u6bd4\uff08UPCR\uff09\u8f83\u57fa\u7ebf\u7684\u6bd4\u503c\u4e0e\u5b89\u6170\u5242\u7ec4\u76f8\u6bd4\u964d\u4f4e\u4e8655%\uff1b\r\n\r\n\u00b7\u00a0\u5728A\u9636\u6bb5\u6240\u6709\u6b21\u8981\u7ec8\u70b9\u663e\u793a\u51fa\u7edf\u8ba1\u5b66\u663e\u8457\u83b7\u76ca\uff1b\r\n\r\n\u00b7\u00a0\u5728\u964d\u4f4e\u86cb.\u6cf0\u5b83\u897f\u666e ",
    "link": "https://www.remegen.cn/index.php?v=show&cid=&id=",
    "timestamp": "unknown"
  },
  {
    "title": "\u516c\u53f8\u52a8\u6001ASN | \u663e\u8457\u964d\u4f4e\u86cb\u767d\u5c3f\u3001\u7ef4\u6301\u80be\u529f\u80fd\u7a33\u5b9a\uff01\u6cf0\u5b83\u897f\u666e\u6cbb\u7597IgA\u80be\u75c5\u4e2d\u56fd\u2162\u671f\u4e34\u5e8a\u7814\u7a76A\u9636\u6bb5\u7ed3\u679c\u91cd\u78c5\u53d1\u5e03\u00b7\u00a0\u6cf0\u5b83\u897f\u666e\u7ec4\u60a3\u8005\u5728\u6cbb\u7597\u7b2c39\u5468\u65f624\u5c0f\u65f6\u5c3f\u86cb\u767d\u808c\u9150\u6bd4\uff08UPCR\uff09\u8f83\u57fa\u7ebf\u7684\u6bd4\u503c\u4e0e\u5b89\u6170\u5242\u7ec4\u76f8\u6bd4\u964d\u4f4e\u4e8655%\uff1b\r\n\r\n\u00b7\u00a0\u5728A\u9636\u6bb5\u6240\u6709\u6b21\u8981\u7ec8\u70b9\u663e\u793a\u51fa\u7edf\u8ba1\u5b66\u663e\u8457\u83b7\u76ca\uff1b\r\n\r\n\u00b7\u00a0\u5728\u964d\u4f4e\u86cb.\u6cf0\u5b83\u897f\u666e ",
    "link": "https://www.remegen.cn/index.php?v=show&cid=&id=",
    "timestamp": "unknown"
  },
  {
    "title": "ASN | \u663e\u8457\u964d\u4f4e\u86cb\u767d\u5c3f\u3001\u7ef4\u6301\u80be\u529f\u80fd\u7a33\u5b9a\uff01\u6cf0\u5b83\u897f\u666e\u6cbb\u7597IgA\u80be\u75c5\u4e2d\u56fd\u2162\u671f\u4e34\u5e8a\u7814\u7a76A\u9636\u6bb5\u7ed3\u679c\u91cd\u78c5\u53d1\u5e03\u00b7\u00a0\u6cf0\u5b83\u897f\u666e\u7ec4\u60a3\u8005\u5728\u6cbb\u7597\u7b2c39\u5468\u65f624\u5c0f\u65f6\u5c3f\u86cb\u767d\u808c\u9150\u6bd4\uff08UPCR\uff09\u8f83\u57fa\u7ebf\u7684\u6bd4\u503c\u4e0e\u5b89\u6170\u5242\u7ec4\u76f8\u6bd4\u964d\u4f4e\u4e8655%\uff1b\r\n\r\n\u00b7\u00a0\u5728A\u9636\u6bb5\u6240\u6709\u6b21\u8981\u7ec8\u70b9\u663e\u793a\u51fa\u7edf\u8ba1\u5b66\u663e\u8457\u83b7\u76ca\uff1b\r\n\r\n\u00b7\u00a0\u5728\u964d\u4f4e\u86cb.\u6cf0\u5b83\u897f\u666e MG \u5168",
    "link": "https://www.remegen.cn/index.php?v=show&cid=&id=",
    "timestamp": "unknown"
  },
  {
    "title": "ASN | \u663e\u8457\u964d\u4f4e\u86cb\u767d\u5c3f\u3001\u7ef4\u6301\u80be\u529f\u80fd\u7a33\u5b9a\uff01\u6cf0\u5b83\u897f\u666e\u6cbb\u7597IgA\u80be\u75c5\u4e2d\u56fd\u2162\u671f\u4e34\u5e8a\u7814\u7a76A\u9636\u6bb5\u7ed3\u679c\u91cd\u78c5\u53d1\u5e03\u00b7\u00a0\u6cf0\u5b83\u897f\u666e\u7ec4\u60a3\u8005\u5728\u6cbb\u7597\u7b2c39\u5468\u65f624\u5c0f\u65f6\u5c3f\u86cb\u767d\u808c\u9150\u6bd4\uff08UPCR\uff09\u8f83\u57fa\u7ebf\u7684\u6bd4\u503c\u4e0e\u5b89\u6170\u5242\u7ec4\u76f8\u6bd4\u964d\u4f4e\u4e8655%\uff1b\r\n\r\n\u00b7\u00a0\u5728A\u9636\u6bb5\u6240\u6709\u6b21\u8981\u7ec8\u70b9\u663e\u793a\u51fa\u7edf\u8ba1\u5b66\u663e\u8457\u83b7\u76ca\uff1b\r\n\r\n\u00b7\u00a0\u5728\u964d\u4f4e\u86cb.",
    "link": "https://www.remegen.cn/index.php?v=show&cid=&id=",
    "timestamp": "unknown"
  },
  {
    "title": "\u6cf0\u5b83\u897f\u666e MG \u5168\u56fd\u591a\u4e2d\u5fc3\u771f\u5b9e\u4e16\u754c\u7814\u7a76\uff08RWS\uff09\u542f\u52a8\u4f1a\u5706\u6ee1\u4e3e\u884c\uff1a\u542f\u5e55\u65b0\u7bc7\uff0c\u5171\u7ed8\u6cbb\u7597\u84dd\u56fe\u5e74  \u6708  \u65e5\uff0c\u6cf0\u5b83\u897f\u666e\u6cbb\u7597\u91cd\u75c7\u808c\u65e0\u529b\uff08MG\uff09\u5168\u56fd\u591a\u4e2d\u5fc3\u771f\u5b9e\u4e16\u754c\u7814\u7a76\uff08RWS\uff09\u5373 TAMP \u7814\u7a76\u542f\u52a8\u4f1a\u5728\u5317\u4eac\u56fd\u9645\u996d\u5e97\u987a\u5229\u4e3e\u884c\uff0c\u672c\u6b21\u4f1a\u8bae\u7531\u9996\u90fd\u533b\u79d1\u5927\u5b66\u5ba3\u6b66\u533b\u9662\u90dd\u5cfb\u5dcd\u6559\u6388\u62c5\u4efb\u4e3b\u5e2d\uff0c\u5e76\u7531\u5317\u4eac.",
    "link": "https://www.remegen.cn/index.php?v=show&cid=&id=",
    "timestamp": "unknown"
  },
  {
    "title": "\u6301\u7eed\u6709\u6548\u3001\u957f\u671f\u83b7\u76ca\uff1a\u6cf0\u5b83\u897f\u666e\u6cbb\u7597\u91cd\u75c7\u808c\u65e0\u529b\u4e2d\u56fd\u2162\u671f\u4e34\u5e8a\u7814\u7a7648\u5468\u7ed3\u679c\u5728AANEM\u91cd\u78c5\u53d1\u5e03\u00b7\u00a0\u6cf0\u5b83\u897f\u666e\u6cbb\u7597\u7ec4\u548c\u5b89\u6170\u5242\u8f6c\u6cf0\u5b83\u897f\u666e\u7ec4\u5747\u5b9e\u73b0\u4e34\u5e8a\u75c7\u72b6\u548c\u751f\u6d3b\u8d28\u91cf\u7684\u4e00\u81f4\u6539\u5584\r\n\r\n\r\n\u00b7\u00a0\u63a5\u53d7\u6cf0\u5b83\u897f\u666e\u6cbb\u759748\u5468\u540e\uff0c\u91cd\u75c7\u808c\u65e0\u529b\u65e5\u5e38\u751f\u6d3b\u6d3b\u52a8\u8bc4\u5206\uff08MG-ADL\uff09\u6539\u5584\u22652\u5206\u7684\u60a3\u8005\u6bd4\u4f8b.",
    "link": "https://www.remegen.cn/index.php?v=show&cid=&id=",
    "timestamp": "unknown"
  },
  {
    "title": ".ASN | \u663e\u8457\u964d\u4f4e\u86cb\u767d\u5c3f\u3001\u7ef4\u6301\u80be\u529f\u80fd\u7a33\u5b9a\uff01\u6cf0\u5b83\u897f\u666e\u6cbb\u7597IgA\u80be\u75c5\u4e2d\u56fd\u2162\u671f\u4e34\u5e8a\u7814\u7a76A\u9636\u6bb5\u7ed3\u679c\u91cd\u78c5\u53d1\u5e03\u00b7\u00a0\u6cf0\u5b83\u897f\u666e\u7ec4\u60a3\u8005\u5728\u6cbb\u7597\u7b2c39\u5468\u65f624\u5c0f\u65f6\u5c3f\u86cb\u767d\u808c\u9150\u6bd4\uff08UPCR\uff09\u8f83\u57fa\u7ebf\u7684\u6bd4\u503c\u4e0e\u5b89\u6170\u5242\u7ec4\u76f8\u6bd4\u964d\u4f4e\u4e8655%\uff1b\r\n\r\n\u00b7\u00a0\u5728A\u9636\u6bb5\u6240\u6709\u6b21\u8981\u7ec8\u70b9\u663e\u793a\u51fa\u7edf\u8ba1\u5b66\u663e\u8457\u83b7\u76ca\uff1b\r\n\r\n\u00b7\u00a0\u5728\u964d\u4f4e\u86cb.\u6cf0\u5b83\u897f\u666e MG ",
    "link": "https://www.remegen.cn/index.php?v=show&cid=&id=",
    "timestamp": "unknown"
  },
  {
    "title": ".ASN | \u663e\u8457\u964d\u4f4e\u86cb\u767d\u5c3f\u3001\u7ef4\u6301\u80be\u529f\u80fd\u7a33\u5b9a\uff01\u6cf0\u5b83\u897f\u666e\u6cbb\u7597IgA\u80be\u75c5\u4e2d\u56fd\u2162\u671f\u4e34\u5e8a\u7814\u7a76A\u9636\u6bb5\u7ed3\u679c\u91cd\u78c5\u53d1\u5e03\u00b7\u00a0\u6cf0\u5b83\u897f\u666e\u7ec4\u60a3\u8005\u5728\u6cbb\u7597\u7b2c39\u5468\u65f624\u5c0f\u65f6\u5c3f\u86cb\u767d\u808c\u9150\u6bd4\uff08UPCR\uff09\u8f83\u57fa\u7ebf\u7684\u6bd4\u503c\u4e0e\u5b89\u6170\u5242\u7ec4\u76f8\u6bd4\u964d\u4f4e\u4e8655%\uff1b\r\n\r\n\u00b7\u00a0\u5728A\u9636\u6bb5\u6240\u6709\u6b21\u8981\u7ec8\u70b9\u663e\u793a\u51fa\u7edf\u8ba1\u5b66\u663e\u8457\u83b7\u76ca\uff1b\r\n\r\n\u00b7\u00a0\u5728\u964d\u4f4e\u86cb",
    "link": "https://www.remegen.cn/index.php?v=show&cid=&id=",
    "timestamp": "unknown"
  },
  {
    "title": ".\u6cf0\u5b83\u897f\u666e MG \u5168\u56fd\u591a\u4e2d\u5fc3\u771f\u5b9e\u4e16\u754c\u7814\u7a76\uff08RWS\uff09\u542f\u52a8\u4f1a\u5706\u6ee1\u4e3e\u884c\uff1a\u542f\u5e55\u65b0\u7bc7\uff0c\u5171\u7ed8\u6cbb\u7597\u84dd\u56fe\u5e74  \u6708  \u65e5\uff0c\u6cf0\u5b83\u897f\u666e\u6cbb\u7597\u91cd\u75c7\u808c\u65e0\u529b\uff08MG\uff09\u5168\u56fd\u591a\u4e2d\u5fc3\u771f\u5b9e\u4e16\u754c\u7814\u7a76\uff08RWS\uff09\u5373 TAMP \u7814\u7a76\u542f\u52a8\u4f1a\u5728\u5317\u4eac\u56fd\u9645\u996d\u5e97\u987a\u5229\u4e3e\u884c\uff0c\u672c\u6b21\u4f1a\u8bae\u7531\u9996\u90fd\u533b\u79d1\u5927\u5b66\u5ba3\u6b66\u533b\u9662\u90dd\u5cfb\u5dcd\u6559\u6388\u62c5\u4efb\u4e3b\u5e2d\uff0c\u5e76\u7531\u5317\u4eac",
    "link": "https://www.remegen.cn/index.php?v=show&cid=&id=",
    "timestamp": "unknown"
  },
  {
    "title": ".\u6301\u7eed\u6709\u6548\u3001\u957f\u671f\u83b7\u76ca\uff1a\u6cf0\u5b83\u897f\u666e\u6cbb\u7597\u91cd\u75c7\u808c\u65e0\u529b\u4e2d\u56fd\u2162\u671f\u4e34\u5e8a\u7814\u7a7648\u5468\u7ed3\u679c\u5728AANEM\u91cd\u78c5\u53d1\u5e03\u00b7\u00a0\u6cf0\u5b83\u897f\u666e\u6cbb\u7597\u7ec4\u548c\u5b89\u6170\u5242\u8f6c\u6cf0\u5b83\u897f\u666e\u7ec4\u5747\u5b9e\u73b0\u4e34\u5e8a\u75c7\u72b6\u548c\u751f\u6d3b\u8d28\u91cf\u7684\u4e00\u81f4\u6539\u5584\r\n\r\n\r\n\u00b7\u00a0\u63a5\u53d7\u6cf0\u5b83\u897f\u666e\u6cbb\u759748\u5468\u540e\uff0c\u91cd\u75c7\u808c\u65e0\u529b\u65e5\u5e38\u751f\u6d3b\u6d3b\u52a8\u8bc4\u5206\uff08MG-ADL\uff09\u6539\u5584\u22652\u5206\u7684\u60a3\u8005\u6bd4\u4f8b",
    "link": "https://www.remegen.cn/index.php?v=show&cid=&id=",
    "timestamp": "unknown"
  },
  {
    "title": ".ESMO | \u8363\u660c\u751f\u726910\u9879\u539f\u521b\u7814\u7a76\u6210\u679c\u91cd\u78c5\u53d1\u5e03\u5f53\u5730\u65f6\u95f410\u670817\u65e5\u81f321\u65e5\uff0c2025\u5e74\u6b27\u6d32\u80bf\u7624\u5185\u79d1\u5b66\u4f1a\uff08ESMO\uff09\u5e74\u4f1a\u5728\u5fb7\u56fd\u67cf\u6797\u53ec\u5f00\uff0c\u8fd9\u662f\u5168\u7403\u89c4\u6a21\u6700\u5927\u3001\u7ea7\u522b\u6700\u9ad8\u3001\u5b66\u754c\u6700\u6743\u5a01\u7684\u80bf\u7624\u5b66\u672f\u4f1a\u8bae\u4e4b\u4e00\u3002\u672c\u5c4a\u5e74\u4f1a\u4e0a\uff0c\u8363\u660c\u751f\u726910\u9879\u7814\u7a76\u91cd\u78c5\u4eae\u76f8\u3002",
    "link": "https://www.remegen.cn/index.php?v=show&cid=&id=",
    "timestamp": "unknown"
  },
  {
    "title": "\u5a92\u4f53\u62a5\u9053\u627f\u8bfa\u5151\u73b0\uff01\u8363\u660c\u751f\u7269\u524d\u4e09\u5b63\u8425\u6536\u589e42%\uff0c\u76c8\u4e8f\u5e73\u8861\u5728\u671b\u5065\u8bc6\u5c40\r\n\r\n\u8363\u660c\u751f\u7269\uff0c\u8bf4\u5230\u505a\u5230\u3002\r\n\r\n\u4eca\u5e74\u5e74\u521d\uff0c\u8363\u660c\u751f\u7269\u7ba1\u7406\u5c42\u66fe\u7ecf\u5411\u5e02\u573a\u505a\u51fa\u8fc7\u627f\u8bfa\uff1a\u4eca\u5e74\u9500\u552e\u6536\u5165\u8981\u589e\u957f30%\u4ee5\u4e0a\u300210\u670830\u65e5\u4e09\u5b63\u62a5\u53d1\u5e03\u540e\uff0c\u8363\u660c\u751f\u7269\u8fbe\u6210\u5168\u5e74\u627f\u8bfa\u51e0\u65e0\u60ac\u5ff5\uff1a\u524d\u4e09\u5b63\u5ea6\u8425\u653617.\u5907\u53d7\u5173\u6ce8\u7684\u8363\u660c\u751f\u7269\u7b2c\u4e8c\u7b14BD\uff0c\u80cc\u540e\u8574\u542b\u4f55\u79cd\u6218\u7565\u6df1\u610f",
    "link": "https://www.remegen.cn/index.php?v=show&cid=&id=",
    "timestamp": "unknown"
  },
  {
    "title": "\u5a92\u4f53\u62a5\u9053\u627f\u8bfa\u5151\u73b0\uff01\u8363\u660c\u751f\u7269\u524d\u4e09\u5b63\u8425\u6536\u589e42%\uff0c\u76c8\u4e8f\u5e73\u8861\u5728\u671b\u5065\u8bc6\u5c40\r\n\r\n\u8363\u660c\u751f\u7269\uff0c\u8bf4\u5230\u505a\u5230\u3002\r\n\r\n\u4eca\u5e74\u5e74\u521d\uff0c\u8363\u660c\u751f\u7269\u7ba1\u7406\u5c42\u66fe\u7ecf\u5411\u5e02\u573a\u505a\u51fa\u8fc7\u627f\u8bfa\uff1a\u4eca\u5e74\u9500\u552e\u6536\u5165\u8981\u589e\u957f30%\u4ee5\u4e0a\u300210\u670830\u65e5\u4e09\u5b63\u62a5\u53d1\u5e03\u540e\uff0c\u8363\u660c\u751f\u7269\u8fbe\u6210\u5168\u5e74\u627f\u8bfa\u51e0\u65e0\u60ac\u5ff5\uff1a\u524d\u4e09\u5b63\u5ea6\u8425\u653617.\u5907\u53d7\u5173\u6ce8\u7684\u8363\u660c\u751f\u7269\u7b2c\u4e8c\u7b14BD\uff0c\u80cc\u540e\u8574\u542b\u4f55\u79cd\u6218\u7565\u6df1\u610f",
    "link": "https://www.remegen.cn/index.php?v=show&cid=&id=",
    "timestamp": "unknown"
  },
  {
    "title": "\u627f\u8bfa\u5151\u73b0\uff01\u8363\u660c\u751f\u7269\u524d\u4e09\u5b63\u8425\u6536\u589e42%\uff0c\u76c8\u4e8f\u5e73\u8861\u5728\u671b\u5065\u8bc6\u5c40\r\n\r\n\u8363\u660c\u751f\u7269\uff0c\u8bf4\u5230\u505a\u5230\u3002\r\n\r\n\u4eca\u5e74\u5e74\u521d\uff0c\u8363\u660c\u751f\u7269\u7ba1\u7406\u5c42\u66fe\u7ecf\u5411\u5e02\u573a\u505a\u51fa\u8fc7\u627f\u8bfa\uff1a\u4eca\u5e74\u9500\u552e\u6536\u5165\u8981\u589e\u957f30%\u4ee5\u4e0a\u300210\u670830\u65e5\u4e09\u5b63\u62a5\u53d1\u5e03\u540e\uff0c\u8363\u660c\u751f\u7269\u8fbe\u6210\u5168\u5e74\u627f\u8bfa\u51e0\u65e0\u60ac\u5ff5\uff1a\u524d\u4e09\u5b63\u5ea6\u8425\u653617.\u5907\u53d7\u5173\u6ce8\u7684\u8363\u660c\u751f\u7269\u7b2c\u4e8c\u7b14BD\uff0c\u80cc\u540e\u8574\u542b\u4f55\u79cd\u6218\u7565\u6df1\u610f\uff1f\u6765\u6e90\uff1a",
    "link": "https://www.remegen.cn/index.php?v=show&cid=&id=",
    "timestamp": "unknown"
  },
  {
    "title": "\u627f\u8bfa\u5151\u73b0\uff01\u8363\u660c\u751f\u7269\u524d\u4e09\u5b63\u8425\u6536\u589e42%\uff0c\u76c8\u4e8f\u5e73\u8861\u5728\u671b\u5065\u8bc6\u5c40\r\n\r\n\u8363\u660c\u751f\u7269\uff0c\u8bf4\u5230\u505a\u5230\u3002\r\n\r\n\u4eca\u5e74\u5e74\u521d\uff0c\u8363\u660c\u751f\u7269\u7ba1\u7406\u5c42\u66fe\u7ecf\u5411\u5e02\u573a\u505a\u51fa\u8fc7\u627f\u8bfa\uff1a\u4eca\u5e74\u9500\u552e\u6536\u5165\u8981\u589e\u957f30%\u4ee5\u4e0a\u300210\u670830\u65e5\u4e09\u5b63\u62a5\u53d1\u5e03\u540e\uff0c\u8363\u660c\u751f\u7269\u8fbe\u6210\u5168\u5e74\u627f\u8bfa\u51e0\u65e0\u60ac\u5ff5\uff1a\u524d\u4e09\u5b63\u5ea6\u8425\u653617.\u5907\u53d7\u5173\u6ce8\u7684\u8363\u660c\u751f\u7269\u7b2c\u4e8c\u7b14BD\uff0c\u80cc\u540e\u8574\u542b\u4f55\u79cd\u6218\u7565\u6df1\u610f\uff1f\u6765\u6e90\uff1a",
    "link": "https://www.remegen.cn/index.php?v=show&cid=&id=",
    "timestamp": "unknown"
  },
  {
    "title": "\u627f\u8bfa\u5151\u73b0\uff01\u8363\u660c\u751f\u7269\u524d\u4e09\u5b63\u8425\u6536\u589e42%\uff0c\u76c8\u4e8f\u5e73\u8861\u5728\u671b\u5065\u8bc6\u5c40\r\n\r\n\u8363\u660c\u751f\u7269\uff0c\u8bf4\u5230\u505a\u5230\u3002\r\n\r\n\u4eca\u5e74\u5e74\u521d\uff0c\u8363\u660c\u751f\u7269\u7ba1\u7406\u5c42\u66fe\u7ecf\u5411\u5e02\u573a\u505a\u51fa\u8fc7\u627f\u8bfa\uff1a\u4eca\u5e74\u9500\u552e\u6536\u5165\u8981\u589e\u957f30%\u4ee5\u4e0a\u300210\u670830\u65e5\u4e09\u5b63\u62a5\u53d1\u5e03\u540e\uff0c\u8363\u660c\u751f\u7269\u8fbe\u6210\u5168\u5e74\u627f\u8bfa\u51e0\u65e0\u60ac\u5ff5\uff1a\u524d\u4e09\u5b63\u5ea6\u8425\u653617.",
    "link": "https://www.remegen.cn/index.php?v=show&cid=&id=",
    "timestamp": "unknown"
  },
  {
    "title": "\u627f\u8bfa\u5151\u73b0\uff01\u8363\u660c\u751f\u7269\u524d\u4e09\u5b63\u8425\u6536\u589e42%\uff0c\u76c8\u4e8f\u5e73\u8861\u5728\u671b\u5065\u8bc6\u5c40\r\n\r\n\u8363\u660c\u751f\u7269\uff0c\u8bf4\u5230\u505a\u5230\u3002\r\n\r\n\u4eca\u5e74\u5e74\u521d\uff0c\u8363\u660c\u751f\u7269\u7ba1\u7406\u5c42\u66fe\u7ecf\u5411\u5e02\u573a\u505a\u51fa\u8fc7\u627f\u8bfa\uff1a\u4eca\u5e74\u9500\u552e\u6536\u5165\u8981\u589e\u957f30%\u4ee5\u4e0a\u300210\u670830\u65e5\u4e09\u5b63\u62a5\u53d1\u5e03\u540e\uff0c\u8363\u660c\u751f\u7269\u8fbe\u6210\u5168\u5e74\u627f\u8bfa\u51e0\u65e0\u60ac\u5ff5\uff1a\u524d\u4e09\u5b63\u5ea6\u8425\u653617.",
    "link": "https://www.remegen.cn/index.php?v=show&cid=&id=",
    "timestamp": "unknown"
  },
  {
    "title": "\u627f\u8bfa\u5151\u73b0\uff01\u8363\u660c\u751f\u7269\u524d\u4e09\u5b63\u8425\u6536\u589e42%\uff0c\u76c8\u4e8f\u5e73\u8861\u5728\u671b\u5065\u8bc6\u5c40\r\n\r\n\u8363\u660c\u751f\u7269\uff0c\u8bf4\u5230\u505a\u5230\u3002\r\n\r\n\u4eca\u5e74\u5e74\u521d\uff0c\u8363\u660c\u751f\u7269\u7ba1\u7406\u5c42\u66fe\u7ecf\u5411\u5e02\u573a\u505a\u51fa\u8fc7\u627f\u8bfa\uff1a\u4eca\u5e74\u9500\u552e\u6536\u5165\u8981\u589e\u957f30%\u4ee5\u4e0a\u300210\u670830\u65e5\u4e09\u5b63\u62a5\u53d1\u5e03\u540e\uff0c\u8363\u660c\u751f\u7269\u8fbe\u6210\u5168\u5e74\u627f\u8bfa\u51e0\u65e0\u60ac\u5ff5\uff1a\u524d\u4e09\u5b63\u5ea6\u8425\u653617.",
    "link": "https://www.remegen.cn/index.php?v=show&cid=&id=",
    "timestamp": "unknown"
  },
  {
    "title": "\u5907\u53d7\u5173\u6ce8\u7684\u8363\u660c\u751f\u7269\u7b2c\u4e8c\u7b14BD\uff0c\u80cc\u540e\u8574\u542b\u4f55\u79cd\u6218\u7565\u6df1\u610f\uff1f\u6765\u6e90\uff1a\u6bcf\u65e5\u7ecf\u6d4e\u65b0\u95fb\r\n\r\n6\u670826\u65e5\uff0c\u8363\u660c\u751f\u7269\u516c\u5e03\u4e86\u7b2c\u4e8c\u7b14\u91cd\u8981BD\u4ea4\u6613\uff0c\u8fd9\u6b21\u7684\u4e3b\u89d2\u662f\u5168\u7403\u9996\u6b3e\u3001\u540c\u7c7b\u9996\u521b\u7684\u53cc\u9776\u70b9\u878d\u5408\u86cb\u767d\u836f\u7269\u2014\u2014\u6cf0\u5b83\u897f\u666e\u3002\r\n\r\n\u6839\u636e\u516c\u544a\uff0c\u8363\u660c\u751f\u7269\u5c06\u6cf0\u5b83\u897f\u666e\u6709\u507f\u8bb8\u53ef\u7ed9",
    "link": "https://www.remegen.cn/index.php?v=show&cid=&id=",
    "timestamp": "unknown"
  },
  {
    "title": "\u5907\u53d7\u5173\u6ce8\u7684\u8363\u660c\u751f\u7269\u7b2c\u4e8c\u7b14BD\uff0c\u80cc\u540e\u8574\u542b\u4f55\u79cd\u6218\u7565\u6df1\u610f\uff1f\u6765\u6e90\uff1a\u6bcf\u65e5\u7ecf\u6d4e\u65b0\u95fb\r\n\r\n6\u670826\u65e5\uff0c\u8363\u660c\u751f\u7269\u516c\u5e03\u4e86\u7b2c\u4e8c\u7b14\u91cd\u8981BD\u4ea4\u6613\uff0c\u8fd9\u6b21\u7684\u4e3b\u89d2\u662f\u5168\u7403\u9996\u6b3e\u3001\u540c\u7c7b\u9996\u521b\u7684\u53cc\u9776\u70b9\u878d\u5408\u86cb\u767d\u836f\u7269\u2014\u2014\u6cf0\u5b83\u897f\u666e\u3002\r\n\r\n\u6839\u636e\u516c\u544a\uff0c\u8363\u660c\u751f\u7269\u5c06\u6cf0\u5b83\u897f\u666e\u6709\u507f\u8bb8\u53ef\u7ed9",
    "link": "https://www.remegen.cn/index.php?v=show&cid=&id=",
    "timestamp": "unknown"
  },
  {
    "title": "\u5907\u53d7\u5173\u6ce8\u7684\u8363\u660c\u751f\u7269\u7b2c\u4e8c\u7b14BD\uff0c\u80cc\u540e\u8574\u542b\u4f55\u79cd\u6218\u7565\u6df1\u610f\uff1f\u6765\u6e90\uff1a\u6bcf\u65e5\u7ecf\u6d4e\u65b0\u95fb\r\n\r\n6\u670826\u65e5\uff0c\u8363\u660c\u751f\u7269\u516c\u5e03\u4e86\u7b2c\u4e8c\u7b14\u91cd\u8981BD\u4ea4\u6613\uff0c\u8fd9\u6b21\u7684\u4e3b\u89d2\u662f\u5168\u7403\u9996\u6b3e\u3001\u540c\u7c7b\u9996\u521b\u7684\u53cc\u9776\u70b9\u878d\u5408\u86cb\u767d\u836f\u7269\u2014\u2014\u6cf0\u5b83\u897f\u666e\u3002\r\n\r\n\u6839\u636e\u516c\u544a\uff0c\u8363\u660c\u751f\u7269\u5c06\u6cf0\u5b83\u897f\u666e\u6709\u507f\u8bb8\u53ef\u7ed9",
    "link": "https://www.remegen.cn/index.php?v=show&cid=&id=",
    "timestamp": "unknown"
  },
  {
    "title": "\u8363\u660c\u751f\u7269\u6cf0\u5b83\u897f\u666eBD\u4e09\u95ee\u6765\u6e90\uff1a\u6c28\u57fa\u89c2\u5bdf\r\n\r\n\r\n\r\n\r\n\r\n\r\n\r\n\r\n\u6cf0\u5b83\u897f\u666e\u6210\u529f\u51fa\u6d77\uff0c\u6210\u4e3a\u521b\u65b0\u836f\u4ea7\u4e1a\u7126\u70b9\uff0c\u591a\u91cd\u58f0\u97f3\u4ea4\u7ec7\u3002\u80af\u5b9a\u4e4b\u5916\uff0c\u4e5f\u6709\u7591\u8651\uff0c\u6838\u5fc3\u805a\u7126\u5728\u4e09\u4e2a\u5173\u952e\u95ee\u9898\u4e0a\uff1a\r\n\r\n\r\n\u7b2c\u4e00\uff0c\u4e3a\u4ec0\u4e48\u9009\u62e9\u7684\u4e0d\u662fMNC\uff1f\r\n\r\n\u7b2c\u4e8c\uff0c\u5982\u4f55\u770b",
    "link": "https://www.remegen.cn/index.php?v=show&cid=&id=",
    "timestamp": "unknown"
  },
  {
    "title": "\u8363\u660c\u751f\u7269\u6cf0\u5b83\u897f\u666eBD\u4e09\u95ee\u6765\u6e90\uff1a\u6c28\u57fa\u89c2\u5bdf\r\n\r\n\r\n\r\n\r\n\r\n\r\n\r\n\r\n\u6cf0\u5b83\u897f\u666e\u6210\u529f\u51fa\u6d77\uff0c\u6210\u4e3a\u521b\u65b0\u836f\u4ea7\u4e1a\u7126\u70b9\uff0c\u591a\u91cd\u58f0\u97f3\u4ea4\u7ec7\u3002\u80af\u5b9a\u4e4b\u5916\uff0c\u4e5f\u6709\u7591\u8651\uff0c\u6838\u5fc3\u805a\u7126\u5728\u4e09\u4e2a\u5173\u952e\u95ee\u9898\u4e0a\uff1a\r\n\r\n\r\n\u7b2c\u4e00\uff0c\u4e3a\u4ec0\u4e48\u9009\u62e9\u7684\u4e0d\u662fMNC\uff1f\r\n\r\n\u7b2c\u4e8c\uff0c\u5982\u4f55\u770b",
    "link": "https://www.remegen.cn/index.php?v=show&cid=&id=",
    "timestamp": "unknown"
  },
  {
    "title": "\u8363\u660c\u751f\u7269\u6cf0\u5b83\u897f\u666eBD\u4e09\u95ee\u6765\u6e90\uff1a\u6c28\u57fa\u89c2\u5bdf\r\n\r\n\r\n\r\n\r\n\r\n\r\n\r\n\r\n\u6cf0\u5b83\u897f\u666e\u6210\u529f\u51fa\u6d77\uff0c\u6210\u4e3a\u521b\u65b0\u836f\u4ea7\u4e1a\u7126\u70b9\uff0c\u591a\u91cd\u58f0\u97f3\u4ea4\u7ec7\u3002\u80af\u5b9a\u4e4b\u5916\uff0c\u4e5f\u6709\u7591\u8651\uff0c\u6838\u5fc3\u805a\u7126\u5728\u4e09\u4e2a\u5173\u952e\u95ee\u9898\u4e0a\uff1a\r\n\r\n\r\n\u7b2c\u4e00\uff0c\u4e3a\u4ec0\u4e48\u9009\u62e9\u7684\u4e0d\u662fMNC\uff1f\r\n\r\n\u7b2c\u4e8c\uff0c\u5982\u4f55\u770b",
    "link": "https://www.remegen.cn/index.php?v=show&cid=&id=",
    "timestamp": "unknown"
  },
  {
    "title": ".\u8363\u660c\u751f\u7269\u7684\u201c\u7a33\u4e0e\u8fdb\u201d\uff1a\u76c8\u5229\u80fd\u529b\u672c\u8d28\u6027\u63d0\u5347\uff0c\u521b\u65b0\u836f\u4ef7\u503c\u52a0\u901f\u91ca\u653e\u6765\u6e90\uff1a\u533b\u836f\u6295\u8d44\u90e8\u843d\r\n\r\n\u65e0\u8bba\u8fd9\u8f6e\u521b\u65b0\u836f\u725b\u5e02\u7ed9\u5e02\u573a\u5e26\u6765\u4e86\u591a\u5927\u7684\u60c5\u7eea\u4ef7\u503c\u548c\u60f3\u8c61\u7a7a\u95f4\uff0c\u6700\u7ec8\u80fd\u591f\u7a7f\u8d8a\u884c\u4e1a\u5468\u671f\u7684\u90a3\u4e9b\u521b\u65b0\u836f\u4f01\u4e1a\uff0c\u5f52\u6839\u7ed3\u5e95\u8fd8\u662f\u8981\u4ee5\u624e\u5b9e\u7684\u9500\u552e\u4e1a\u7ee9\u6765\u8bc1\u660e\u81ea\u5df1\u7684\u5546\u4e1a\u5316\u4ef7\u503c\u3002.\u627f\u8bfa\u5151\u73b0\uff01\u8363\u660c\u751f\u7269\u524d\u4e09\u5b63\u8425\u6536\u589e42%\uff0c\u76c8\u4e8f\u5e73\u8861\u5728\u671b\u5065\u8bc6\u5c40\r\n\r",
    "link": "https://www.remegen.cn/index.php?v=show&cid=&id=",
    "timestamp": "unknown"
  },
  {
    "title": ".\u8363\u660c\u751f\u7269\u7684\u201c\u7a33\u4e0e\u8fdb\u201d\uff1a\u76c8\u5229\u80fd\u529b\u672c\u8d28\u6027\u63d0\u5347\uff0c\u521b\u65b0\u836f\u4ef7\u503c\u52a0\u901f\u91ca\u653e\u6765\u6e90\uff1a\u533b\u836f\u6295\u8d44\u90e8\u843d\r\n\r\n\u65e0\u8bba\u8fd9\u8f6e\u521b\u65b0\u836f\u725b\u5e02\u7ed9\u5e02\u573a\u5e26\u6765\u4e86\u591a\u5927\u7684\u60c5\u7eea\u4ef7\u503c\u548c\u60f3\u8c61\u7a7a\u95f4\uff0c\u6700\u7ec8\u80fd\u591f\u7a7f\u8d8a\u884c\u4e1a\u5468\u671f\u7684\u90a3\u4e9b\u521b\u65b0\u836f\u4f01\u4e1a\uff0c\u5f52\u6839\u7ed3\u5e95\u8fd8\u662f\u8981\u4ee5\u624e\u5b9e\u7684\u9500\u552e\u4e1a\u7ee9\u6765\u8bc1\u660e\u81ea\u5df1\u7684\u5546\u4e1a\u5316\u4ef7\u503c\u3002",
    "link": "https://www.remegen.cn/index.php?v=show&cid=&id=",
    "timestamp": "unknown"
  },
  {
    "title": ".\u627f\u8bfa\u5151\u73b0\uff01\u8363\u660c\u751f\u7269\u524d\u4e09\u5b63\u8425\u6536\u589e42%\uff0c\u76c8\u4e8f\u5e73\u8861\u5728\u671b\u5065\u8bc6\u5c40\r\n\r\n\u8363\u660c\u751f\u7269\uff0c\u8bf4\u5230\u505a\u5230\u3002\r\n\r\n\u4eca\u5e74\u5e74\u521d\uff0c\u8363\u660c\u751f\u7269\u7ba1\u7406\u5c42\u66fe\u7ecf\u5411\u5e02\u573a\u505a\u51fa\u8fc7\u627f\u8bfa\uff1a\u4eca\u5e74\u9500\u552e\u6536\u5165\u8981\u589e\u957f30%\u4ee5\u4e0a\u300210\u670830\u65e5\u4e09\u5b63\u62a5\u53d1\u5e03\u540e\uff0c\u8363\u660c\u751f\u7269\u8fbe\u6210\u5168\u5e74\u627f\u8bfa\u51e0\u65e0\u60ac\u5ff5\uff1a\u524d\u4e09\u5b63\u5ea6\u8425\u653617.",
    "link": "https://www.remegen.cn/index.php?v=show&cid=&id=",
    "timestamp": "unknown"
  },
  {
    "title": ".\u5907\u53d7\u5173\u6ce8\u7684\u8363\u660c\u751f\u7269\u7b2c\u4e8c\u7b14BD\uff0c\u80cc\u540e\u8574\u542b\u4f55\u79cd\u6218\u7565\u6df1\u610f\uff1f\u6765\u6e90\uff1a\u6bcf\u65e5\u7ecf\u6d4e\u65b0\u95fb\r\n\r\n6\u670826\u65e5\uff0c\u8363\u660c\u751f\u7269\u516c\u5e03\u4e86\u7b2c\u4e8c\u7b14\u91cd\u8981BD\u4ea4\u6613\uff0c\u8fd9\u6b21\u7684\u4e3b\u89d2\u662f\u5168\u7403\u9996\u6b3e\u3001\u540c\u7c7b\u9996\u521b\u7684\u53cc\u9776\u70b9\u878d\u5408\u86cb\u767d\u836f\u7269\u2014\u2014\u6cf0\u5b83\u897f\u666e\u3002\r\n\r\n\u6839\u636e\u516c\u544a\uff0c\u8363\u660c\u751f\u7269\u5c06\u6cf0\u5b83\u897f\u666e\u6709\u507f\u8bb8\u53ef\u7ed9",
    "link": "https://www.remegen.cn/index.php?v=show&cid=&id=",
    "timestamp": "unknown"
  },
  {
    "title": ".\u8363\u660c\u751f\u7269\u6cf0\u5b83\u897f\u666eBD\u4e09\u95ee\u6765\u6e90\uff1a\u6c28\u57fa\u89c2\u5bdf\r\n\r\n\r\n\r\n\r\n\r\n\r\n\r\n\r\n\u6cf0\u5b83\u897f\u666e\u6210\u529f\u51fa\u6d77\uff0c\u6210\u4e3a\u521b\u65b0\u836f\u4ea7\u4e1a\u7126\u70b9\uff0c\u591a\u91cd\u58f0\u97f3\u4ea4\u7ec7\u3002\u80af\u5b9a\u4e4b\u5916\uff0c\u4e5f\u6709\u7591\u8651\uff0c\u6838\u5fc3\u805a\u7126\u5728\u4e09\u4e2a\u5173\u952e\u95ee\u9898\u4e0a\uff1a\r\n\r\n\r\n\u7b2c\u4e00\uff0c\u4e3a\u4ec0\u4e48\u9009\u62e9\u7684\u4e0d\u662fMNC\uff1f\r\n\r\n\u7b2c\u4e8c\uff0c\u5982\u4f55\u770b",
    "link": "https://www.remegen.cn/index.php?v=show&cid=&id=",
    "timestamp": "unknown"
  },
  {
    "title": "\u5173\u4e8e\u6211\u4eec\u516c\u53f8\u6982\u51b5\u4f7f\u547d\u4e0e\u613f\u666f\u8463\u4e8b\u4f1a\u7ba1\u7406\u56e2\u961f\u5df2\u4e0a\u5e02\u53ca\u5728\u7814\u4ea7\u54c1\u4e0a\u5e02\u4ea7\u54c1\u8425\u9500\u56e2\u961f\u4ea7\u54c1\u7ba1\u7ebf\u7814\u53d1\u53ca\u751f\u4ea7\u521b\u65b0\u80fd\u529b\u6280\u672f\u5e73\u53f0\u4eba\u624d\u961f\u4f0d\u751f\u4ea7\u5236\u9020\u8d28\u91cf\u4f53\u7cfb\u6295\u8d44\u8005\u5173\u7cfb\u5b9a\u671f\u62a5\u544a\u516c\u544a\u4e0e\u901a\u51fd\u6d3b\u52a8\u4e0e\u6f14\u793a\u6587\u7a3f\u6295\u8d44\u8005\u4ea4\u6d41\u65e5\u5386\u516c\u53f8\u6cbb\u7406\u6295\u8d44\u8005\u5173\u7cfb\u8054\u7edc\u65b0\u95fb\u4e2d\u5fc3\u516c\u53f8\u52a8\u6001\u5a92\u4f53\u62a5\u9053\u52a0\u5165\u6211\u4eec\u62db\u8058\u5c97\u4f4d\u85aa\u916c\u798f\u5229\u5de5\u4f5c\u73af\u5883\u8363\u660c\u5f71\u50cf\u8054\u7cfb\u6211\u4eec\u516c\u53f8\u5730\u5740\u4e34\u5e8a\u8bd5\u9a8c\u4eba\u529b",
    "link": "https://www.remegen.cn/index.php?v=listing&cid=",
    "timestamp": "unknown"
  },
  {
    "title": "\u5173\u4e8e\u6211\u4eec\u516c\u53f8\u6982\u51b5\u4f7f\u547d\u4e0e\u613f\u666f\u8463\u4e8b\u4f1a\u7ba1\u7406\u56e2\u961f\u5df2\u4e0a\u5e02\u53ca\u5728\u7814\u4ea7\u54c1\u4e0a\u5e02\u4ea7\u54c1\u8425\u9500\u56e2\u961f\u4ea7\u54c1\u7ba1\u7ebf\u7814\u53d1\u53ca\u751f\u4ea7\u521b\u65b0\u80fd\u529b\u6280\u672f\u5e73\u53f0\u4eba\u624d\u961f\u4f0d\u751f\u4ea7\u5236\u9020\u8d28\u91cf\u4f53\u7cfb\u6295\u8d44\u8005\u5173\u7cfb\u5b9a\u671f\u62a5\u544a\u516c\u544a\u4e0e\u901a\u51fd\u6d3b\u52a8\u4e0e\u6f14\u793a\u6587\u7a3f\u6295\u8d44\u8005\u4ea4\u6d41\u65e5\u5386\u516c\u53f8\u6cbb\u7406\u6295\u8d44\u8005\u5173\u7cfb\u8054\u7edc\u65b0\u95fb\u4e2d\u5fc3\u516c\u53f8\u52a8\u6001\u5a92\u4f53\u62a5\u9053\u52a0\u5165\u6211\u4eec\u62db\u8058\u5c97\u4f4d\u85aa\u916c\u798f\u5229\u5de5\u4f5c\u73af\u5883\u8363\u660c\u5f71\u50cf\u8054\u7cfb\u6211\u4eec\u516c\u53f8\u5730\u5740\u4e34\u5e8a\u8bd5\u9a8c\u4eba\u529b",
    "link": "https://www.remegen.cn/index.php?v=listing&cid=",
    "timestamp": "unknown"
  },
  {
    "title": "\u5173\u4e8e\u6211\u4eec\u516c\u53f8\u6982\u51b5\u4f7f\u547d\u4e0e\u613f\u666f\u8463\u4e8b\u4f1a\u7ba1\u7406\u56e2\u961f\u5df2\u4e0a\u5e02\u53ca\u5728\u7814\u4ea7\u54c1\u4e0a\u5e02\u4ea7\u54c1\u8425\u9500\u56e2\u961f\u4ea7\u54c1\u7ba1\u7ebf\u7814\u53d1\u53ca\u751f\u4ea7\u521b\u65b0\u80fd\u529b\u6280\u672f\u5e73\u53f0\u4eba\u624d\u961f\u4f0d\u751f\u4ea7\u5236\u9020\u8d28\u91cf\u4f53\u7cfb\u6295\u8d44\u8005\u5173\u7cfb\u5b9a\u671f\u62a5\u544a\u516c\u544a\u4e0e\u901a\u51fd\u6d3b\u52a8\u4e0e\u6f14\u793a\u6587\u7a3f\u6295\u8d44\u8005\u4ea4\u6d41\u65e5\u5386\u516c\u53f8\u6cbb\u7406\u6295\u8d44\u8005\u5173\u7cfb\u8054\u7edc\u65b0\u95fb\u4e2d\u5fc3\u516c\u53f8\u52a8\u6001\u5a92\u4f53\u62a5\u9053\u52a0\u5165\u6211\u4eec\u62db\u8058\u5c97\u4f4d\u85aa\u916c\u798f\u5229\u5de5\u4f5c\u73af\u5883\u8363\u660c\u5f71\u50cf\u8054\u7cfb\u6211\u4eec\u516c\u53f8\u5730\u5740\u4e34\u5e8a\u8bd5\u9a8c\u4eba\u529b",
    "link": "https://www.remegen.cn/index.php?v=listing&cid=",
    "timestamp": "unknown"
  },
  {
    "title": "\u5173\u4e8e\u6211\u4eec\u516c\u53f8\u6982\u51b5\u4f7f\u547d\u4e0e\u613f\u666f\u8463\u4e8b\u4f1a\u7ba1\u7406\u56e2\u961f\u5df2\u4e0a\u5e02\u53ca\u5728\u7814\u4ea7\u54c1\u4e0a\u5e02\u4ea7\u54c1\u8425\u9500\u56e2\u961f\u4ea7\u54c1\u7ba1\u7ebf\u7814\u53d1\u53ca\u751f\u4ea7\u521b\u65b0\u80fd\u529b\u6280\u672f\u5e73\u53f0\u4eba\u624d\u961f\u4f0d\u751f\u4ea7\u5236\u9020\u8d28\u91cf\u4f53\u7cfb\u6295\u8d44\u8005\u5173\u7cfb\u5b9a\u671f\u62a5\u544a\u516c\u544a\u4e0e\u901a\u51fd\u6d3b\u52a8\u4e0e\u6f14\u793a\u6587\u7a3f\u6295\u8d44\u8005\u4ea4\u6d41\u65e5\u5386\u516c\u53f8\u6cbb\u7406\u6295\u8d44\u8005\u5173\u7cfb\u8054\u7edc\u65b0\u95fb\u4e2d\u5fc3\u516c\u53f8\u52a8\u6001\u5a92\u4f53\u62a5\u9053\u52a0\u5165\u6211\u4eec\u62db\u8058\u5c97\u4f4d\u85aa\u916c\u798f\u5229\u5de5\u4f5c\u73af\u5883\u8363\u660c\u5f71\u50cf\u8054\u7cfb\u6211\u4eec\u516c\u53f8\u5730\u5740\u4e34\u5e8a\u8bd5\u9a8c\u4eba\u529b",
    "link": "https://www.remegen.cn/index.php?v=listing&cid=",
    "timestamp": "unknown"
  },
  {
    "title": "\u5173\u4e8e\u6211\u4eec\u516c\u53f8\u6982\u51b5\u4f7f\u547d\u4e0e\u613f\u666f\u8463\u4e8b\u4f1a\u7ba1\u7406\u56e2\u961f",
    "link": "https://www.remegen.cn/index.php?v=listing&cid=",
    "timestamp": "unknown"
  },
  {
    "title": "\u516c\u53f8\u6982\u51b5\u4f7f\u547d\u4e0e\u613f\u666f\u8463\u4e8b\u4f1a\u7ba1\u7406\u56e2\u961f",
    "link": "https://www.remegen.cn/index.php?v=listing&cid=#gsgk",
    "timestamp": "unknown"
  },
  {
    "title": "\u5df2\u4e0a\u5e02\u53ca\u5728\u7814\u4ea7\u54c1\u4e0a\u5e02\u4ea7\u54c1\u8425\u9500\u56e2\u961f\u4ea7\u54c1\u7ba1\u7ebf",
    "link": "https://www.remegen.cn/index.php?v=listing&cid=",
    "timestamp": "unknown"
  },
  {
    "title": "\u4e0a\u5e02\u4ea7\u54c1\u8425\u9500\u56e2\u961f\u4ea7\u54c1\u7ba1\u7ebf",
    "link": "https://www.remegen.cn/index.php?v=listing&cid=#sscp",
    "timestamp": "unknown"
  },
  {
    "title": "\u7814\u53d1\u53ca\u751f\u4ea7\u521b\u65b0\u80fd\u529b\u6280\u672f\u5e73\u53f0\u4eba\u624d\u961f\u4f0d\u751f\u4ea7\u5236\u9020\u8d28\u91cf\u4f53\u7cfb",
    "link": "https://www.remegen.cn/index.php?v=listing&cid=",
    "timestamp": "unknown"
  },
  {
    "title": "\u521b\u65b0\u80fd\u529b\u6280\u672f\u5e73\u53f0\u4eba\u624d\u961f\u4f0d\u751f\u4ea7\u5236\u9020\u8d28\u91cf\u4f53\u7cfb",
    "link": "https://www.remegen.cn/index.php?v=listing&cid=#cxnl",
    "timestamp": "unknown"
  },
  {
    "title": "\u6295\u8d44\u8005\u5173\u7cfb\u5b9a\u671f\u62a5\u544a\u516c\u544a\u4e0e\u901a\u51fd\u6d3b\u52a8\u4e0e\u6f14\u793a\u6587\u7a3f\u6295\u8d44\u8005\u4ea4\u6d41\u65e5\u5386\u516c\u53f8\u6cbb\u7406\u6295\u8d44\u8005\u5173\u7cfb\u8054\u7edc",
    "link": "https://www.remegen.cn/index.php?v=listing&cid=",
    "timestamp": "unknown"
  },
  {
    "title": "\u5b9a\u671f\u62a5\u544a\u516c\u544a\u4e0e\u901a\u51fd\u6d3b\u52a8\u4e0e\u6f14\u793a\u6587\u7a3f\u6295\u8d44\u8005\u4ea4\u6d41\u65e5\u5386\u516c\u53f8\u6cbb\u7406\u6295\u8d44\u8005\u5173\u7cfb\u8054\u7edc",
    "link": "https://www.remegen.cn/index.php?v=listing&cid=",
    "timestamp": "unknown"
  },
  {
    "title": "\u65b0\u95fb\u4e2d\u5fc3\u516c\u53f8\u52a8\u6001\u5a92\u4f53\u62a5\u9053",
    "link": "https://www.remegen.cn/index.php?v=listing&cid=",
    "timestamp": "unknown"
  },
  {
    "title": "\u516c\u53f8\u52a8\u6001\u5a92\u4f53\u62a5\u9053",
    "link": "https://www.remegen.cn/index.php?v=listing&cid=#gsdt",
    "timestamp": "unknown"
  },
  {
    "title": "\u52a0\u5165\u6211\u4eec\u62db\u8058\u5c97\u4f4d\u85aa\u916c\u798f\u5229\u5de5\u4f5c\u73af\u5883\u8363\u660c\u5f71\u50cf",
    "link": "https://www.remegen.cn/index.php?v=listing&cid=",
    "timestamp": "unknown"
  },
  {
    "title": "\u62db\u8058\u5c97\u4f4d\u85aa\u916c\u798f\u5229\u5de5\u4f5c\u73af\u5883\u8363\u660c\u5f71\u50cf",
    "link": "https://www.remegen.cn/index.php?v=listing&cid=#zpgw",
    "timestamp": "unknown"
  },
  {
    "title": "\u8054\u7cfb\u6211\u4eec\u516c\u53f8\u5730\u5740\u4e34\u5e8a\u8bd5\u9a8c\u4eba\u529b\u8d44\u6e90\u4e0d\u826f\u53cd\u5e94\u62a5\u544a",
    "link": "https://www.remegen.cn/index.php?v=listing&cid=",
    "timestamp": "unknown"
  },
  {
    "title": "\u516c\u53f8\u5730\u5740\u4e34\u5e8a\u8bd5\u9a8c\u4eba\u529b\u8d44\u6e90\u4e0d\u826f\u53cd\u5e94\u62a5\u544a",
    "link": "https://www.remegen.cn/index.php?v=listing&cid=#gsdz",
    "timestamp": "unknown"
  },
  {
    "title": "\u9c81\u516c\u7f51\u5b89\u590737069302889100\u5de5\u4fe1\u90e8\u7f51\u7ad9\u5907\u6848\u53f7\uff1a\u9c81ICP\u590711031710\u53f7-",
    "link": "https://beian.mps.gov.cn/#/query/webSearch?code=",
    "timestamp": "unknown"
  }
]