[
  {
    "title": "Vivek RamaswamyFounder & CEOCloseRoivant SciencesAbout UsPipelineOur CompaniesFor Investors+Stock InformationEvents & PresentationsPress ReleasesSEC F",
    "link": "https://roivant.com/",
    "timestamp": "unknown"
  },
  {
    "title": "Vivek RamaswamyFounder & CEOCloseRoivant SciencesAbout UsPipelineOur CompaniesFor Investors+Stock InformationEvents & PresentationsPress ReleasesSEC F",
    "link": "https://roivant.com/",
    "timestamp": "unknown"
  },
  {
    "title": "Vivek RamaswamyFounder & CEOCloseRoivant SciencesAbout UsPipelineOur CompaniesFor Investors+Stock InformationEvents & PresentationsPress ReleasesSEC F",
    "link": "https://roivant.com/",
    "timestamp": "unknown"
  },
  {
    "title": "Roivant SciencesAbout UsPipelineOur CompaniesFor Investors+Stock InformationEvents & PresentationsPress ReleasesSEC FilingsAnnual ReportsCorporate Gov",
    "link": "https://roivant.com/",
    "timestamp": "unknown"
  },
  {
    "title": "About Us",
    "link": "https://roivant.com/about",
    "timestamp": "unknown"
  },
  {
    "title": "Pipeline",
    "link": "https://roivant.com/pipeline",
    "timestamp": "unknown"
  },
  {
    "title": "Our Companies",
    "link": "https://roivant.com/companies",
    "timestamp": "unknown"
  },
  {
    "title": "For Investors+Stock InformationEvents & PresentationsPress ReleasesSEC FilingsAnnual ReportsCorporate GovernanceAnalyst CoverageEmail Alerts",
    "link": "https://investor.roivant.com/",
    "timestamp": "unknown"
  },
  {
    "title": "Stock Information",
    "link": "https://investor.roivant.com/stock-information/stock-quote-chart",
    "timestamp": "unknown"
  },
  {
    "title": "Events & Presentations",
    "link": "https://investor.roivant.com/news-events/events",
    "timestamp": "unknown"
  },
  {
    "title": "Press Releases",
    "link": "https://investor.roivant.com/news-events/press-releases",
    "timestamp": "unknown"
  },
  {
    "title": "SEC Filings",
    "link": "https://investor.roivant.com/financial-information/sec-filings",
    "timestamp": "unknown"
  },
  {
    "title": "Annual Reports",
    "link": "https://investor.roivant.com/financial-information/annual-reports",
    "timestamp": "unknown"
  },
  {
    "title": "Corporate Governance",
    "link": "https://investor.roivant.com/corporate-governance",
    "timestamp": "unknown"
  },
  {
    "title": "Analyst Coverage",
    "link": "https://investor.roivant.com/stock-information/analyst-coverage",
    "timestamp": "unknown"
  },
  {
    "title": "Email Alerts",
    "link": "https://investor.roivant.com/email-alerts",
    "timestamp": "unknown"
  },
  {
    "title": "Join Us",
    "link": "https://roivant.com/careers",
    "timestamp": "unknown"
  },
  {
    "title": "YearNoneDecember ,Roivant Highlights Continued Pipeline Progress and Outlook for Company\u2019s Next Phase of Growth at  Investor DayNovember ,Roivant Repo",
    "link": "https://investor.roivant.com/news-releases/news-release-details/roivant-highlights-continued-pipeline-progress-and-outlook",
    "timestamp": "unknown"
  },
  {
    "title": "YearNoneDecember ,Roivant Highlights Continued Pipeline Progress and Outlook for Company\u2019s Next Phase of Growth at  Investor DayNovember ,Roivant Repo",
    "link": "https://investor.roivant.com/news-releases/news-release-details/roivant-highlights-continued-pipeline-progress-and-outlook",
    "timestamp": "unknown"
  },
  {
    "title": "YearNoneDecember ,Roivant Highlights Continued Pipeline Progress and Outlook for Company\u2019s Next Phase of Growth at  Investor DayNovember ,Roivant Repo",
    "link": "https://investor.roivant.com/news-releases/news-release-details/roivant-highlights-continued-pipeline-progress-and-outlook",
    "timestamp": "unknown"
  },
  {
    "title": "YearNoneDecember ,Roivant Highlights Continued Pipeline Progress and Outlook for Company\u2019s Next Phase of Growth at  Investor DayNovember ,Roivant Repo",
    "link": "https://investor.roivant.com/news-releases/news-release-details/roivant-highlights-continued-pipeline-progress-and-outlook",
    "timestamp": "unknown"
  },
  {
    "title": "YearNoneDecember ,Roivant Highlights Continued Pipeline Progress and Outlook for Company\u2019s Next Phase of Growth at  Investor DayNovember ,Roivant Repo",
    "link": "https://investor.roivant.com/news-releases/news-release-details/roivant-highlights-continued-pipeline-progress-and-outlook",
    "timestamp": "unknown"
  },
  {
    "title": "YearNoneDecember ,Roivant Highlights Continued Pipeline Progress and Outlook for Company\u2019s Next Phase of Growth at  Investor DayNovember ,Roivant Repo",
    "link": "https://investor.roivant.com/news-releases/news-release-details/roivant-highlights-continued-pipeline-progress-and-outlook",
    "timestamp": "unknown"
  },
  {
    "title": "YearNoneDecember ,Roivant Highlights Continued Pipeline Progress and Outlook for Company\u2019s Next Phase of Growth at  Investor DayNovember ,Roivant Repo",
    "link": "https://investor.roivant.com/news-releases/news-release-details/roivant-highlights-continued-pipeline-progress-and-outlook",
    "timestamp": "unknown"
  },
  {
    "title": "YearNoneDecember ,Roivant Highlights Continued Pipeline Progress and Outlook for Company\u2019s Next Phase of Growth at  Investor DayNovember ,Roivant Repo",
    "link": "https://investor.roivant.com/news-releases/news-release-details/roivant-highlights-continued-pipeline-progress-and-outlook",
    "timestamp": "unknown"
  },
  {
    "title": "YearNoneDecember ,Roivant Highlights Continued Pipeline Progress and Outlook for Company\u2019s Next Phase of Growth at  Investor DayNovember ,Roivant Repo",
    "link": "https://investor.roivant.com/news-releases/news-release-details/roivant-highlights-continued-pipeline-progress-and-outlook",
    "timestamp": "unknown"
  },
  {
    "title": "YearNoneDecember ,Roivant Highlights Continued Pipeline Progress and Outlook for Company\u2019s Next Phase of Growth at  Investor DayNovember ,Roivant Repo",
    "link": "https://investor.roivant.com/news-releases/news-release-details/roivant-highlights-continued-pipeline-progress-and-outlook",
    "timestamp": "unknown"
  },
  {
    "title": "YearNoneDecember ,Roivant Highlights Continued Pipeline Progress and Outlook for Company\u2019s Next Phase of Growth at  Investor DayNovember ,Roivant Repo",
    "link": "https://investor.roivant.com/news-releases/news-release-details/roivant-highlights-continued-pipeline-progress-and-outlook",
    "timestamp": "unknown"
  },
  {
    "title": "YearNoneDecember ,Roivant Highlights Continued Pipeline Progress and Outlook for Company\u2019s Next Phase of Growth at  Investor DayNovember ,Roivant Repo",
    "link": "https://investor.roivant.com/news-releases/news-release-details/roivant-highlights-continued-pipeline-progress-and-outlook",
    "timestamp": "unknown"
  },
  {
    "title": "YearNoneDecember ,Roivant Highlights Continued Pipeline Progress and Outlook for Company\u2019s Next Phase of Growth at  Investor DayNovember ,Roivant Repo",
    "link": "https://investor.roivant.com/news-releases/news-release-details/roivant-highlights-continued-pipeline-progress-and-outlook",
    "timestamp": "unknown"
  },
  {
    "title": "YearNoneDecember ,Roivant Highlights Continued Pipeline Progress and Outlook for Company\u2019s Next Phase of Growth at  Investor DayNovember ,Roivant Repo",
    "link": "https://investor.roivant.com/news-releases/news-release-details/roivant-highlights-continued-pipeline-progress-and-outlook",
    "timestamp": "unknown"
  },
  {
    "title": "December ,Roivant Highlights Continued Pipeline Progress and Outlook for Company\u2019s Next Phase of Growth at  Investor DayNovember ,Roivant Reports Fina",
    "link": "https://investor.roivant.com/news-releases/news-release-details/roivant-highlights-continued-pipeline-progress-and-outlook",
    "timestamp": "unknown"
  },
  {
    "title": "December ,Roivant Highlights Continued Pipeline Progress and Outlook for Company\u2019s Next Phase of Growth at  Investor Day",
    "link": "https://investor.roivant.com/news-releases/news-release-details/roivant-highlights-continued-pipeline-progress-and-outlook",
    "timestamp": "unknown"
  },
  {
    "title": "Roivant Highlights Continued Pipeline Progress and Outlook for Company\u2019s Next Phase of Growth at  Investor Day",
    "link": "https://investor.roivant.com/news-releases/news-release-details/roivant-highlights-continued-pipeline-progress-and-outlook",
    "timestamp": "unknown"
  },
  {
    "title": "November ,Roivant Reports Financial Results for the Second Quarter Ended September , , and Provides Business Update",
    "link": "https://investor.roivant.com/news-releases/news-release-details/roivant-reports-financial-results-second-quarter-ended-",
    "timestamp": "unknown"
  },
  {
    "title": "Roivant Reports Financial Results for the Second Quarter Ended September , , and Provides Business Update",
    "link": "https://investor.roivant.com/news-releases/news-release-details/roivant-reports-financial-results-second-quarter-ended-",
    "timestamp": "unknown"
  },
  {
    "title": "October ,Roivant to Report Financial Results for the Second Quarter Ended September , , and Provide Business Update on Monday, November ,",
    "link": "https://investor.roivant.com/news-releases/news-release-details/roivant-report-financial-results-second-quarter-ended-",
    "timestamp": "unknown"
  },
  {
    "title": "Roivant to Report Financial Results for the Second Quarter Ended September , , and Provide Business Update on Monday, November ,",
    "link": "https://investor.roivant.com/news-releases/news-release-details/roivant-report-financial-results-second-quarter-ended-",
    "timestamp": "unknown"
  },
  {
    "title": "September ,Roivant and Priovant Announce Positive Phase  VALOR Study Results for Brepocitinib in -Week Placebo-Controlled Trial in Dermatomyositis (DM",
    "link": "https://investor.roivant.com/news-releases/news-release-details/roivant-and-priovant-announce-positive-phase--valor-study",
    "timestamp": "unknown"
  },
  {
    "title": "Roivant and Priovant Announce Positive Phase  VALOR Study Results for Brepocitinib in -Week Placebo-Controlled Trial in Dermatomyositis (DM)",
    "link": "https://investor.roivant.com/news-releases/news-release-details/roivant-and-priovant-announce-positive-phase--valor-study",
    "timestamp": "unknown"
  },
  {
    "title": "September ,Roivant Named on Fortune Media and Great Place To Work\u2019s  Best Workplaces in BioPharma List",
    "link": "https://investor.roivant.com/news-releases/news-release-details/roivant-named-fortune-media-and-great-place-works--best",
    "timestamp": "unknown"
  },
  {
    "title": "Roivant Named on Fortune Media and Great Place To Work\u2019s  Best Workplaces in BioPharma List",
    "link": "https://investor.roivant.com/news-releases/news-release-details/roivant-named-fortune-media-and-great-place-works--best",
    "timestamp": "unknown"
  },
  {
    "title": "September ,Roivant Unveils Durability and Treatment-Free Six-month Remission Data with Potential to Change Treatment Paradigm for Uncontrolled Graves&",
    "link": "https://investor.roivant.com/news-releases/news-release-details/roivant-unveils-durability-and-treatment-free-six-month",
    "timestamp": "unknown"
  },
  {
    "title": "Roivant Unveils Durability and Treatment-Free Six-month Remission Data with Potential to Change Treatment Paradigm for Uncontrolled Graves&#; Disease ",
    "link": "https://investor.roivant.com/news-releases/news-release-details/roivant-unveils-durability-and-treatment-free-six-month",
    "timestamp": "unknown"
  },
  {
    "title": "August ,Roivant Reports Financial Results for the First Quarter Ended June , , and Provides Business Update",
    "link": "https://investor.roivant.com/news-releases/news-release-details/roivant-reports-financial-results-first-quarter-ended-june--",
    "timestamp": "unknown"
  },
  {
    "title": "Roivant Reports Financial Results for the First Quarter Ended June , , and Provides Business Update",
    "link": "https://investor.roivant.com/news-releases/news-release-details/roivant-reports-financial-results-first-quarter-ended-june--",
    "timestamp": "unknown"
  },
  {
    "title": "July ,Roivant to Report Financial Results for the First Quarter Ended June , , and Provide Business Update on Monday, August ,",
    "link": "https://investor.roivant.com/news-releases/news-release-details/roivant-report-financial-results-first-quarter-ended-june--",
    "timestamp": "unknown"
  },
  {
    "title": "Roivant to Report Financial Results for the First Quarter Ended June , , and Provide Business Update on Monday, August ,",
    "link": "https://investor.roivant.com/news-releases/news-release-details/roivant-report-financial-results-first-quarter-ended-june--",
    "timestamp": "unknown"
  },
  {
    "title": "June ,Roivant and Priovant to Host Investor Video Conference at  ET on Tuesday, June  on Brepocitinib and the Unmet Medical Need in Dermatomyositis",
    "link": "https://investor.roivant.com/news-releases/news-release-details/roivant-and-priovant-host-investor-video-conference--pm-et",
    "timestamp": "unknown"
  },
  {
    "title": "Roivant and Priovant to Host Investor Video Conference at  ET on Tuesday, June  on Brepocitinib and the Unmet Medical Need in Dermatomyositis",
    "link": "https://investor.roivant.com/news-releases/news-release-details/roivant-and-priovant-host-investor-video-conference--pm-et",
    "timestamp": "unknown"
  },
  {
    "title": "May ,Roivant Reports Financial Results for the Fourth Quarter and Fiscal Year Ended March , , and Provides Business Update",
    "link": "https://investor.roivant.com/news-releases/news-release-details/roivant-reports-financial-results-fourth-quarter-and-fiscal-",
    "timestamp": "unknown"
  },
  {
    "title": "Roivant Reports Financial Results for the Fourth Quarter and Fiscal Year Ended March , , and Provides Business Update",
    "link": "https://investor.roivant.com/news-releases/news-release-details/roivant-reports-financial-results-fourth-quarter-and-fiscal-",
    "timestamp": "unknown"
  },
  {
    "title": "PaginationCurrent pagePageNext pagenext \u203aLast pagelast \u00bb",
    "link": "https://investor.roivant.com/news-events/press-releases?page=",
    "timestamp": "unknown"
  },
  {
    "title": "Current page",
    "link": "https://investor.roivant.com/news-events/press-releases?page=",
    "timestamp": "unknown"
  },
  {
    "title": "Page",
    "link": "https://investor.roivant.com/news-events/press-releases?page=",
    "timestamp": "unknown"
  },
  {
    "title": "Next pagenext \u203a",
    "link": "https://investor.roivant.com/news-events/press-releases?page=",
    "timestamp": "unknown"
  },
  {
    "title": "Last pagelast \u00bb",
    "link": "https://investor.roivant.com/news-events/press-releases?page=",
    "timestamp": "unknown"
  },
  {
    "title": "Print PageEmail AlertsRSS FeedsIR Contacts",
    "link": "https://investor.roivant.com/news-events/press-releases",
    "timestamp": "unknown"
  },
  {
    "title": "Print Page",
    "link": "https://investor.roivant.com/news-events/press-releases",
    "timestamp": "unknown"
  },
  {
    "title": "Email Alerts",
    "link": "https://investor.roivant.com/email-alerts",
    "timestamp": "unknown"
  },
  {
    "title": "RSS Feeds",
    "link": "https://investor.roivant.com/shareholder-services/rss-feeds",
    "timestamp": "unknown"
  },
  {
    "title": "IR Contacts",
    "link": "https://investor.roivant.com/contact-ir",
    "timestamp": "unknown"
  },
  {
    "title": "\u00a9  Roivant Sciences Ltd.CareersPrivacy PolicyFollow us on LinkedIn",
    "link": "https://www.roivantcareers.com/",
    "timestamp": "unknown"
  },
  {
    "title": "\u00a9  Roivant Sciences Ltd.CareersPrivacy PolicyFollow us on LinkedIn",
    "link": "https://www.roivantcareers.com/",
    "timestamp": "unknown"
  },
  {
    "title": "CareersPrivacy Policy",
    "link": "https://www.roivantcareers.com/",
    "timestamp": "unknown"
  },
  {
    "title": "Follow us on LinkedIn",
    "link": "https://www.linkedin.com/company/roivant-sciences-inc-",
    "timestamp": "unknown"
  }
]