[
  {
    "title": "Vivek RamaswamyFounder & CEOCloseRoivant SciencesAbout UsPipelineOur CompaniesFor Investors+Stock InformationEvents & PresentationsPress ReleasesSEC F",
    "link": "https://roivant.com/",
    "timestamp": "unknown"
  },
  {
    "title": "Vivek RamaswamyFounder & CEOCloseRoivant SciencesAbout UsPipelineOur CompaniesFor Investors+Stock InformationEvents & PresentationsPress ReleasesSEC F",
    "link": "https://roivant.com/",
    "timestamp": "unknown"
  },
  {
    "title": "Vivek RamaswamyFounder & CEOCloseRoivant SciencesAbout UsPipelineOur CompaniesFor Investors+Stock InformationEvents & PresentationsPress ReleasesSEC F",
    "link": "https://roivant.com/",
    "timestamp": "unknown"
  },
  {
    "title": "Roivant SciencesAbout UsPipelineOur CompaniesFor Investors+Stock InformationEvents & PresentationsPress ReleasesSEC FilingsAnnual ReportsCorporate Gov",
    "link": "https://roivant.com/",
    "timestamp": "unknown"
  },
  {
    "title": "About Us",
    "link": "https://roivant.com/about",
    "timestamp": "unknown"
  },
  {
    "title": "Pipeline",
    "link": "https://roivant.com/pipeline",
    "timestamp": "unknown"
  },
  {
    "title": "Our Companies",
    "link": "https://roivant.com/companies",
    "timestamp": "unknown"
  },
  {
    "title": "For Investors+Stock InformationEvents & PresentationsPress ReleasesSEC FilingsAnnual ReportsCorporate GovernanceAnalyst CoverageEmail Alerts",
    "link": "https://investor.roivant.com/",
    "timestamp": "unknown"
  },
  {
    "title": "Stock Information",
    "link": "https://investor.roivant.com/stock-information/stock-quote-chart",
    "timestamp": "unknown"
  },
  {
    "title": "Events & Presentations",
    "link": "https://investor.roivant.com/news-events/events",
    "timestamp": "unknown"
  },
  {
    "title": "Press Releases",
    "link": "https://investor.roivant.com/news-events/press-releases",
    "timestamp": "unknown"
  },
  {
    "title": "SEC Filings",
    "link": "https://investor.roivant.com/financial-information/sec-filings",
    "timestamp": "unknown"
  },
  {
    "title": "Annual Reports",
    "link": "https://investor.roivant.com/financial-information/annual-reports",
    "timestamp": "unknown"
  },
  {
    "title": "Corporate Governance",
    "link": "https://investor.roivant.com/corporate-governance",
    "timestamp": "unknown"
  },
  {
    "title": "Analyst Coverage",
    "link": "https://investor.roivant.com/stock-information/analyst-coverage",
    "timestamp": "unknown"
  },
  {
    "title": "Email Alerts",
    "link": "https://investor.roivant.com/email-alerts",
    "timestamp": "unknown"
  },
  {
    "title": "Join Us",
    "link": "https://roivant.com/careers",
    "timestamp": "unknown"
  },
  {
    "title": "Group,,Annual FilingsCurrent ReportsMergers & AcquisitionsOtherProxy FilingsQuarterly FilingsRegistration StatementsFiling year- Any -Items per pageFi",
    "link": "https://investor.roivant.com/financial-information/sec-filings?items_per_page=&order=field_nir_sec_date_filed&sort=asc",
    "timestamp": "unknown"
  },
  {
    "title": "Group,,Annual FilingsCurrent ReportsMergers & AcquisitionsOtherProxy FilingsQuarterly FilingsRegistration StatementsFiling year- Any -Items per pageFi",
    "link": "https://investor.roivant.com/financial-information/sec-filings?items_per_page=&order=field_nir_sec_date_filed&sort=asc",
    "timestamp": "unknown"
  },
  {
    "title": "Group,,Annual FilingsCurrent ReportsMergers & AcquisitionsOtherProxy FilingsQuarterly FilingsRegistration StatementsFiling year- Any -Items per pageFi",
    "link": "https://investor.roivant.com/financial-information/sec-filings?items_per_page=&order=field_nir_sec_date_filed&sort=asc",
    "timestamp": "unknown"
  },
  {
    "title": "Group,,Annual FilingsCurrent ReportsMergers & AcquisitionsOtherProxy FilingsQuarterly FilingsRegistration StatementsFiling year- Any -Items per pageFi",
    "link": "https://investor.roivant.com/financial-information/sec-filings?items_per_page=&order=field_nir_sec_date_filed&sort=asc",
    "timestamp": "unknown"
  },
  {
    "title": "Group,,Annual FilingsCurrent ReportsMergers & AcquisitionsOtherProxy FilingsQuarterly FilingsRegistration StatementsFiling year- Any -Items per pageFi",
    "link": "https://investor.roivant.com/financial-information/sec-filings?items_per_page=&order=field_nir_sec_date_filed&sort=asc",
    "timestamp": "unknown"
  },
  {
    "title": "Group,,Annual FilingsCurrent ReportsMergers & AcquisitionsOtherProxy FilingsQuarterly FilingsRegistration StatementsFiling year- Any -Items per pageFi",
    "link": "https://investor.roivant.com/financial-information/sec-filings?items_per_page=&order=field_nir_sec_date_filed&sort=asc",
    "timestamp": "unknown"
  },
  {
    "title": "Group,,Annual FilingsCurrent ReportsMergers & AcquisitionsOtherProxy FilingsQuarterly FilingsRegistration StatementsFiling year- Any -Items per pageFi",
    "link": "https://investor.roivant.com/financial-information/sec-filings?items_per_page=&order=field_nir_sec_date_filed&sort=asc",
    "timestamp": "unknown"
  },
  {
    "title": "Group,,Annual FilingsCurrent ReportsMergers & AcquisitionsOtherProxy FilingsQuarterly FilingsRegistration StatementsFiling year- Any -Items per pageFi",
    "link": "https://investor.roivant.com/financial-information/sec-filings?items_per_page=&order=field_nir_sec_date_filed&sort=asc",
    "timestamp": "unknown"
  },
  {
    "title": "Group,,Annual FilingsCurrent ReportsMergers & AcquisitionsOtherProxy FilingsQuarterly FilingsRegistration StatementsFiling year- Any -Items per pageFi",
    "link": "https://investor.roivant.com/financial-information/sec-filings?items_per_page=&order=field_nir_sec_date_filed&sort=asc",
    "timestamp": "unknown"
  },
  {
    "title": "Group,,Annual FilingsCurrent ReportsMergers & AcquisitionsOtherProxy FilingsQuarterly FilingsRegistration StatementsFiling year- Any -Items per pageFi",
    "link": "https://investor.roivant.com/financial-information/sec-filings?items_per_page=&order=field_nir_sec_date_filed&sort=asc",
    "timestamp": "unknown"
  },
  {
    "title": "Group,,Annual FilingsCurrent ReportsMergers & AcquisitionsOtherProxy FilingsQuarterly FilingsRegistration StatementsFiling year- Any -Items per pageFi",
    "link": "https://investor.roivant.com/financial-information/sec-filings?items_per_page=&order=field_nir_sec_date_filed&sort=asc",
    "timestamp": "unknown"
  },
  {
    "title": "Group,,Annual FilingsCurrent ReportsMergers & AcquisitionsOtherProxy FilingsQuarterly FilingsRegistration StatementsFiling year- Any -Items per pageFi",
    "link": "https://investor.roivant.com/financial-information/sec-filings?items_per_page=&order=field_nir_sec_date_filed&sort=asc",
    "timestamp": "unknown"
  },
  {
    "title": "Group,,Annual FilingsCurrent ReportsMergers & AcquisitionsOtherProxy FilingsQuarterly FilingsRegistration StatementsFiling year- Any -Items per pageFi",
    "link": "https://investor.roivant.com/financial-information/sec-filings?items_per_page=&order=field_nir_sec_date_filed&sort=asc",
    "timestamp": "unknown"
  },
  {
    "title": "Group,,Annual FilingsCurrent ReportsMergers & AcquisitionsOtherProxy FilingsQuarterly FilingsRegistration StatementsFiling year- Any -Items per pageFi",
    "link": "https://investor.roivant.com/financial-information/sec-filings?items_per_page=&order=field_nir_sec_date_filed&sort=asc",
    "timestamp": "unknown"
  },
  {
    "title": "Filing dateFormDescriptionFiling GroupViewOctober ,Statement of changes in beneficial ownership of securities,,--.pdf--.rtf--.xlsView HTMLOctober ,Sta",
    "link": "https://investor.roivant.com/financial-information/sec-filings?items_per_page=&order=field_nir_sec_date_filed&sort=asc",
    "timestamp": "unknown"
  },
  {
    "title": "Filing dateFormDescriptionFiling GroupView",
    "link": "https://investor.roivant.com/financial-information/sec-filings?items_per_page=&order=field_nir_sec_date_filed&sort=asc",
    "timestamp": "unknown"
  },
  {
    "title": "October ,Statement of changes in beneficial ownership of securities,,--.pdf--.rtf--.xlsView HTML",
    "link": "https://investor.roivant.com/sec-filings/sec-filing//--",
    "timestamp": "unknown"
  },
  {
    "title": "--.pdf",
    "link": "https://investor.roivant.com/static-files/7ec30fb6---b384-c1c2bf6a8028",
    "timestamp": "unknown"
  },
  {
    "title": "--.rtf",
    "link": "https://investor.roivant.com/static-files/3f2cb4ea-9d9e-4e42-a6b9-813ecdd19869",
    "timestamp": "unknown"
  },
  {
    "title": "--.xls",
    "link": "https://investor.roivant.com/static-files/0ed38632-8c49-41e7-b82f-718f63a2cfc2",
    "timestamp": "unknown"
  },
  {
    "title": "October ,Statement of changes in beneficial ownership of securities,,--.pdf--.rtf--.xlsView HTML",
    "link": "https://investor.roivant.com/sec-filings/sec-filing//--",
    "timestamp": "unknown"
  },
  {
    "title": "--.pdf",
    "link": "https://investor.roivant.com/static-files/1e54624d-32d2-4d50-8dda-2bc62abbb562",
    "timestamp": "unknown"
  },
  {
    "title": "--.rtf",
    "link": "https://investor.roivant.com/static-files/a95ef064-ee01--a1af-6afc00ebbba8",
    "timestamp": "unknown"
  },
  {
    "title": "--.xls",
    "link": "https://investor.roivant.com/static-files/0d7b364e-3eea--b8be-752627b6320a",
    "timestamp": "unknown"
  },
  {
    "title": "October ,Statement of changes in beneficial ownership of securities,,--.pdf--.rtf--.xlsView HTML",
    "link": "https://investor.roivant.com/sec-filings/sec-filing//--",
    "timestamp": "unknown"
  },
  {
    "title": "--.pdf",
    "link": "https://investor.roivant.com/static-files/713862ac-b39c-44de-b009-668e91786ab2",
    "timestamp": "unknown"
  },
  {
    "title": "--.rtf",
    "link": "https://investor.roivant.com/static-files/2f5fda76-1d58---f42ed923f7be",
    "timestamp": "unknown"
  },
  {
    "title": "--.xls",
    "link": "https://investor.roivant.com/static-files/5c01666c-f525-4b3b-bb28-0799fbef33a7",
    "timestamp": "unknown"
  },
  {
    "title": "October ,Filed by \"insiders\" prior intended sale of restricted stock.Other--.pdf--.rtf--.xlsView HTML",
    "link": "https://investor.roivant.com/sec-filings/sec-filing//--",
    "timestamp": "unknown"
  },
  {
    "title": "--.pdf",
    "link": "https://investor.roivant.com/static-files/dd5e20ea-c45c--9ed1-365c1c0cd4e7",
    "timestamp": "unknown"
  },
  {
    "title": "--.rtf",
    "link": "https://investor.roivant.com/static-files/1bda4a92-2b31--98e9-88c094378d27",
    "timestamp": "unknown"
  },
  {
    "title": "--.xls",
    "link": "https://investor.roivant.com/static-files/4eff20aa-3fd6-451c-981a-e2ce554a316e",
    "timestamp": "unknown"
  },
  {
    "title": "October ,Statement of changes in beneficial ownership of securities,,--.pdf--.rtf--.xlsView HTML",
    "link": "https://investor.roivant.com/sec-filings/sec-filing//--",
    "timestamp": "unknown"
  },
  {
    "title": "--.pdf",
    "link": "https://investor.roivant.com/static-files/8abf8b65---b40f-2b740d1ca307",
    "timestamp": "unknown"
  },
  {
    "title": "--.rtf",
    "link": "https://investor.roivant.com/static-files/ccbe8495-6b82-49f9-bde1-35ef4865b7ad",
    "timestamp": "unknown"
  },
  {
    "title": "--.xls",
    "link": "https://investor.roivant.com/static-files/-ec47--a520-2247e74c7b0d",
    "timestamp": "unknown"
  },
  {
    "title": "October ,Filed by \"insiders\" prior intended sale of restricted stock.Other--.pdf--.rtf--.xlsView HTML",
    "link": "https://investor.roivant.com/sec-filings/sec-filing//--",
    "timestamp": "unknown"
  },
  {
    "title": "--.pdf",
    "link": "https://investor.roivant.com/static-files/16e671ba-4ef8-45ea-b8f8-c87d1c634c13",
    "timestamp": "unknown"
  },
  {
    "title": "--.rtf",
    "link": "https://investor.roivant.com/static-files/7b09f820-142a-40fa-92af-28612c6edbbe",
    "timestamp": "unknown"
  },
  {
    "title": "--.xls",
    "link": "https://investor.roivant.com/static-files/35a2b5b7-935e-41fe-910a-f4ef6f2d22c5",
    "timestamp": "unknown"
  },
  {
    "title": "October ,Filed by \"insiders\" prior intended sale of restricted stock.Other--.pdf--.rtf--.xlsView HTML",
    "link": "https://investor.roivant.com/sec-filings/sec-filing//--",
    "timestamp": "unknown"
  },
  {
    "title": "--.pdf",
    "link": "https://investor.roivant.com/static-files/39fbc65a-13b1-4adb-a9f4-dd2b396dda6b",
    "timestamp": "unknown"
  },
  {
    "title": "--.rtf",
    "link": "https://investor.roivant.com/static-files/ad306a0f-b600-4a15-ab18-2c0b1527f1a7",
    "timestamp": "unknown"
  },
  {
    "title": "--.xls",
    "link": "https://investor.roivant.com/static-files/5e73d7ad-c263-457b-96c7-35e0bf7df09c",
    "timestamp": "unknown"
  },
  {
    "title": "October ,Filed by \"insiders\" prior intended sale of restricted stock.Other--.pdf--.rtf--.xlsView HTML",
    "link": "https://investor.roivant.com/sec-filings/sec-filing//--",
    "timestamp": "unknown"
  },
  {
    "title": "--.pdf",
    "link": "https://investor.roivant.com/static-files/0523e9fb-fc83-401f-8efb-b9d59202865d",
    "timestamp": "unknown"
  },
  {
    "title": "--.rtf",
    "link": "https://investor.roivant.com/static-files/763a12af---a3e7-f3fe7bdef250",
    "timestamp": "unknown"
  },
  {
    "title": "--.xls",
    "link": "https://investor.roivant.com/static-files/1bc09def-e93b-46bb-94a3-a0645beb1efb",
    "timestamp": "unknown"
  },
  {
    "title": "October ,Statement of changes in beneficial ownership of securities,,--.pdf--.rtf--.xlsView HTML",
    "link": "https://investor.roivant.com/sec-filings/sec-filing//--",
    "timestamp": "unknown"
  },
  {
    "title": "--.pdf",
    "link": "https://investor.roivant.com/static-files/f08eaeea-ccf9--bd12-8292474529d2",
    "timestamp": "unknown"
  },
  {
    "title": "--.rtf",
    "link": "https://investor.roivant.com/static-files/e679c8bf-5fbd-47d6-933f-1247fd0e642e",
    "timestamp": "unknown"
  },
  {
    "title": "--.xls",
    "link": "https://investor.roivant.com/static-files/e77fc90f-f2d9-428a-9b6c-d6401bc92c1a",
    "timestamp": "unknown"
  },
  {
    "title": "October ,Filed by \"insiders\" prior intended sale of restricted stock.Other--.pdf--.rtf--.xlsView HTML",
    "link": "https://investor.roivant.com/sec-filings/sec-filing//--",
    "timestamp": "unknown"
  },
  {
    "title": "--.pdf",
    "link": "https://investor.roivant.com/static-files/dee64f35-02fd-4a68-aaa7-463e972989f4",
    "timestamp": "unknown"
  },
  {
    "title": "--.rtf",
    "link": "https://investor.roivant.com/static-files/7acb3e2e-9d82-49ad-b735-1558366c04cb",
    "timestamp": "unknown"
  },
  {
    "title": "--.xls",
    "link": "https://investor.roivant.com/static-files/de8b9ee9-a003-4a41--a3afac7217c3",
    "timestamp": "unknown"
  },
  {
    "title": "Current page",
    "link": "https://investor.roivant.com/financial-information/sec-filings?&field_nir_sec_cik_target_id=&field_nir_sec_date_filed_value=&&&items_per_page_toggle=&page=",
    "timestamp": "unknown"
  },
  {
    "title": "Page",
    "link": "https://investor.roivant.com/financial-information/sec-filings?&field_nir_sec_cik_target_id=&field_nir_sec_date_filed_value=&&&items_per_page_toggle=&page=",
    "timestamp": "unknown"
  },
  {
    "title": "Page",
    "link": "https://investor.roivant.com/financial-information/sec-filings?&field_nir_sec_cik_target_id=&field_nir_sec_date_filed_value=&&&items_per_page_toggle=&page=",
    "timestamp": "unknown"
  },
  {
    "title": "Page",
    "link": "https://investor.roivant.com/financial-information/sec-filings?&field_nir_sec_cik_target_id=&field_nir_sec_date_filed_value=&&&items_per_page_toggle=&page=",
    "timestamp": "unknown"
  },
  {
    "title": "Page",
    "link": "https://investor.roivant.com/financial-information/sec-filings?&field_nir_sec_cik_target_id=&field_nir_sec_date_filed_value=&&&items_per_page_toggle=&page=",
    "timestamp": "unknown"
  },
  {
    "title": "Page",
    "link": "https://investor.roivant.com/financial-information/sec-filings?&field_nir_sec_cik_target_id=&field_nir_sec_date_filed_value=&&&items_per_page_toggle=&page=",
    "timestamp": "unknown"
  },
  {
    "title": "Page",
    "link": "https://investor.roivant.com/financial-information/sec-filings?&field_nir_sec_cik_target_id=&field_nir_sec_date_filed_value=&&&items_per_page_toggle=&page=",
    "timestamp": "unknown"
  },
  {
    "title": "Page",
    "link": "https://investor.roivant.com/financial-information/sec-filings?&field_nir_sec_cik_target_id=&field_nir_sec_date_filed_value=&&&items_per_page_toggle=&page=",
    "timestamp": "unknown"
  },
  {
    "title": "Page",
    "link": "https://investor.roivant.com/financial-information/sec-filings?&field_nir_sec_cik_target_id=&field_nir_sec_date_filed_value=&&&items_per_page_toggle=&page=",
    "timestamp": "unknown"
  },
  {
    "title": "Next pageNext \u203a",
    "link": "https://investor.roivant.com/financial-information/sec-filings?&field_nir_sec_cik_target_id=&field_nir_sec_date_filed_value=&&&items_per_page_toggle=&page=",
    "timestamp": "unknown"
  },
  {
    "title": "Last pageLast \u00bb",
    "link": "https://investor.roivant.com/financial-information/sec-filings?&field_nir_sec_cik_target_id=&field_nir_sec_date_filed_value=&&&items_per_page_toggle=&page=",
    "timestamp": "unknown"
  },
  {
    "title": "Data provided byKaleidoscope.",
    "link": "https://www.kscope.io",
    "timestamp": "unknown"
  },
  {
    "title": "Data provided byKaleidoscope.",
    "link": "https://www.kscope.io",
    "timestamp": "unknown"
  },
  {
    "title": "Print PageEmail AlertsRSS FeedsIR Contacts",
    "link": "https://investor.roivant.com/financial-information/sec-filings",
    "timestamp": "unknown"
  },
  {
    "title": "Print Page",
    "link": "https://investor.roivant.com/financial-information/sec-filings",
    "timestamp": "unknown"
  },
  {
    "title": "Email Alerts",
    "link": "https://investor.roivant.com/email-alerts",
    "timestamp": "unknown"
  },
  {
    "title": "RSS Feeds",
    "link": "https://investor.roivant.com/shareholder-services/rss-feeds",
    "timestamp": "unknown"
  },
  {
    "title": "IR Contacts",
    "link": "https://investor.roivant.com/contact-ir",
    "timestamp": "unknown"
  },
  {
    "title": "\u00a9  Roivant Sciences Ltd.CareersPrivacy PolicyFollow us on LinkedIn",
    "link": "https://www.roivantcareers.com/",
    "timestamp": "unknown"
  },
  {
    "title": "\u00a9  Roivant Sciences Ltd.CareersPrivacy PolicyFollow us on LinkedIn",
    "link": "https://www.roivantcareers.com/",
    "timestamp": "unknown"
  },
  {
    "title": "CareersPrivacy Policy",
    "link": "https://www.roivantcareers.com/",
    "timestamp": "unknown"
  },
  {
    "title": "Follow us on LinkedIn",
    "link": "https://www.linkedin.com/company/roivant-sciences-inc-",
    "timestamp": "unknown"
  }
]