[
  {
    "title": "AboutOverviewLeadershipBoard of DirectorsSustainabilityScienceAtacicept in IgANPhase 2b Clinical DataPhase  Clinical TrialAtacicept in LNMAU868Publica",
    "link": "https://veratx.com/",
    "timestamp": "unknown"
  },
  {
    "title": "AboutOverviewLeadershipBoard of DirectorsSustainability",
    "link": "https://veratx.com/about/",
    "timestamp": "unknown"
  },
  {
    "title": "Overview",
    "link": "https://veratx.com/about/",
    "timestamp": "unknown"
  },
  {
    "title": "Leadership",
    "link": "https://veratx.com/about/#leadership",
    "timestamp": "unknown"
  },
  {
    "title": "Board of Directors",
    "link": "https://veratx.com/about#board",
    "timestamp": "unknown"
  },
  {
    "title": "Sustainability",
    "link": "https://veratx.com/sustainability/",
    "timestamp": "unknown"
  },
  {
    "title": "ScienceAtacicept in IgANPhase 2b Clinical DataPhase  Clinical TrialAtacicept in LNMAU868Publications",
    "link": "https://veratx.com/science/",
    "timestamp": "unknown"
  },
  {
    "title": "Atacicept in IgANPhase 2b Clinical DataPhase  Clinical Trial",
    "link": "https://veratx.com/science/atacicept-in-igan/",
    "timestamp": "unknown"
  },
  {
    "title": "Phase 2b Clinical Data",
    "link": "https://veratx.com/science/atacicept-in-igan/#clinical-data-2b",
    "timestamp": "unknown"
  },
  {
    "title": "Phase  Clinical Trial",
    "link": "https://veratx.com/science/atacicept-in-igan/#phase-",
    "timestamp": "unknown"
  },
  {
    "title": "Atacicept in LN",
    "link": "https://veratx.com/science/atacicept-in-ln/",
    "timestamp": "unknown"
  },
  {
    "title": "MAU868",
    "link": "https://veratx.com/mau868/",
    "timestamp": "unknown"
  },
  {
    "title": "Publications",
    "link": "https://veratx.com/publications/",
    "timestamp": "unknown"
  },
  {
    "title": "PatientsIgANBKV",
    "link": "https://veratx.com/patients/",
    "timestamp": "unknown"
  },
  {
    "title": "IgAN",
    "link": "https://veratx.com/patients/#igan",
    "timestamp": "unknown"
  },
  {
    "title": "BKV",
    "link": "https://veratx.com/patients/#bkv",
    "timestamp": "unknown"
  },
  {
    "title": "CareersOpen PositionsBenefitsValuesEmployee Spotlights",
    "link": "https://veratx.com/careers/",
    "timestamp": "unknown"
  },
  {
    "title": "Open Positions",
    "link": "https://veratx.com/careers/#open-positions",
    "timestamp": "unknown"
  },
  {
    "title": "Benefits",
    "link": "https://veratx.com/careers/#benefits",
    "timestamp": "unknown"
  },
  {
    "title": "Values",
    "link": "https://veratx.com/careers/#values",
    "timestamp": "unknown"
  },
  {
    "title": "Employee Spotlights",
    "link": "https://veratx.com/careers/#spotlights",
    "timestamp": "unknown"
  },
  {
    "title": "Investors",
    "link": "https://ir.veratx.com/",
    "timestamp": "unknown"
  },
  {
    "title": "Contact",
    "link": "https://veratx.com/contact/",
    "timestamp": "unknown"
  },
  {
    "title": "AboutOverviewLeadershipBoard of DirectorsSustainability",
    "link": "https://veratx.com/about/",
    "timestamp": "unknown"
  },
  {
    "title": "Overview",
    "link": "https://veratx.com/about/",
    "timestamp": "unknown"
  },
  {
    "title": "Leadership",
    "link": "https://veratx.com/about/#leadership",
    "timestamp": "unknown"
  },
  {
    "title": "Board of Directors",
    "link": "https://veratx.com/about#board",
    "timestamp": "unknown"
  },
  {
    "title": "Sustainability",
    "link": "https://veratx.com/sustainability/",
    "timestamp": "unknown"
  },
  {
    "title": "ScienceAtacicept in IgANPhase 2b Clinical DataPhase  Clinical TrialAtacicept in LNMAU868Publications",
    "link": "https://veratx.com/science/",
    "timestamp": "unknown"
  },
  {
    "title": "Atacicept in IgANPhase 2b Clinical DataPhase  Clinical Trial",
    "link": "https://veratx.com/science/atacicept-in-igan/",
    "timestamp": "unknown"
  },
  {
    "title": "Phase 2b Clinical Data",
    "link": "https://veratx.com/science/atacicept-in-igan/#clinical-data-2b",
    "timestamp": "unknown"
  },
  {
    "title": "Phase  Clinical Trial",
    "link": "https://veratx.com/science/atacicept-in-igan/#phase-",
    "timestamp": "unknown"
  },
  {
    "title": "Atacicept in LN",
    "link": "https://veratx.com/science/atacicept-in-ln/",
    "timestamp": "unknown"
  },
  {
    "title": "MAU868",
    "link": "https://veratx.com/mau868/",
    "timestamp": "unknown"
  },
  {
    "title": "Publications",
    "link": "https://veratx.com/publications/",
    "timestamp": "unknown"
  },
  {
    "title": "PatientsIgANBKV",
    "link": "https://veratx.com/patients/",
    "timestamp": "unknown"
  },
  {
    "title": "IgAN",
    "link": "https://veratx.com/patients/#igan",
    "timestamp": "unknown"
  },
  {
    "title": "BKV",
    "link": "https://veratx.com/patients/#bkv",
    "timestamp": "unknown"
  },
  {
    "title": "CareersOpen PositionsBenefitsValuesEmployee Spotlights",
    "link": "https://veratx.com/careers/",
    "timestamp": "unknown"
  },
  {
    "title": "Open Positions",
    "link": "https://veratx.com/careers/#open-positions",
    "timestamp": "unknown"
  },
  {
    "title": "Benefits",
    "link": "https://veratx.com/careers/#benefits",
    "timestamp": "unknown"
  },
  {
    "title": "Values",
    "link": "https://veratx.com/careers/#values",
    "timestamp": "unknown"
  },
  {
    "title": "Employee Spotlights",
    "link": "https://veratx.com/careers/#spotlights",
    "timestamp": "unknown"
  },
  {
    "title": "Investors",
    "link": "https://ir.veratx.com/",
    "timestamp": "unknown"
  },
  {
    "title": "Contact",
    "link": "https://veratx.com/contact/",
    "timestamp": "unknown"
  },
  {
    "title": "InvestorsOverviewStock InformationNewsInvestor CalendarPresentationsFinancial InformationAnalyst CoverageCorporate GovernanceGovernance OverviewManage",
    "link": "https://ir.veratx.com/",
    "timestamp": "unknown"
  },
  {
    "title": "InvestorsOverviewStock InformationNewsInvestor CalendarPresentationsFinancial InformationAnalyst CoverageCorporate GovernanceGovernance OverviewManage",
    "link": "https://ir.veratx.com/",
    "timestamp": "unknown"
  },
  {
    "title": "Overview",
    "link": "https://ir.veratx.com/",
    "timestamp": "unknown"
  },
  {
    "title": "Stock Information",
    "link": "https://ir.veratx.com/stock-information/stock-quote-chart",
    "timestamp": "unknown"
  },
  {
    "title": "News",
    "link": "https://ir.veratx.com/news-events/news-releases",
    "timestamp": "unknown"
  },
  {
    "title": "Investor Calendar",
    "link": "https://ir.veratx.com/news-events/investor-calendar",
    "timestamp": "unknown"
  },
  {
    "title": "Presentations",
    "link": "https://ir.veratx.com/news-events/presentations",
    "timestamp": "unknown"
  },
  {
    "title": "Financial Information",
    "link": "https://ir.veratx.com/financial-information/sec-filings",
    "timestamp": "unknown"
  },
  {
    "title": "Analyst Coverage",
    "link": "https://ir.veratx.com/stock-information/analyst-coverage",
    "timestamp": "unknown"
  },
  {
    "title": "Corporate GovernanceGovernance OverviewManagementBoard of DirectorsCommittee Composition",
    "link": "https://ir.veratx.com/corporate-governance/governance-highlights",
    "timestamp": "unknown"
  },
  {
    "title": "Governance Overview",
    "link": "https://ir.veratx.com/corporate-governance/governance-highlights",
    "timestamp": "unknown"
  },
  {
    "title": "Management",
    "link": "https://veratx.com/about/#management",
    "timestamp": "unknown"
  },
  {
    "title": "Board of Directors",
    "link": "https://veratx.com/about#board",
    "timestamp": "unknown"
  },
  {
    "title": "Committee Composition",
    "link": "https://ir.veratx.com/corporate-governance/committee-composition",
    "timestamp": "unknown"
  },
  {
    "title": "Investor ResourcesInvestor FAQsEmail AlertsContact IR",
    "link": "https://ir.veratx.com/investor-resources/investor-faq",
    "timestamp": "unknown"
  },
  {
    "title": "Investor FAQs",
    "link": "https://ir.veratx.com/investor-resources/investor-faq",
    "timestamp": "unknown"
  },
  {
    "title": "Email Alerts",
    "link": "https://ir.veratx.com/investor-resources/email-alerts",
    "timestamp": "unknown"
  },
  {
    "title": "Contact IR",
    "link": "https://ir.veratx.com/investor-resources/contact-ir",
    "timestamp": "unknown"
  },
  {
    "title": "YearNoneNovember ,Vera Therapeutics Announces Inducement Grants Under Nasdaq Listing Rule (c)()BRISBANE, Calif., Nov. ,  (GLOBE NEWSWIRE) -- Vera Ther",
    "link": "https://ir.veratx.com/news-releases/news-release-details/vera-therapeutics-announces-inducement-grants-under-nasdaq-",
    "timestamp": "unknown"
  },
  {
    "title": "YearNoneNovember ,Vera Therapeutics Announces Inducement Grants Under Nasdaq Listing Rule (c)()BRISBANE, Calif., Nov. ,  (GLOBE NEWSWIRE) -- Vera Ther",
    "link": "https://ir.veratx.com/news-releases/news-release-details/vera-therapeutics-announces-inducement-grants-under-nasdaq-",
    "timestamp": "unknown"
  },
  {
    "title": "YearNoneNovember ,Vera Therapeutics Announces Inducement Grants Under Nasdaq Listing Rule (c)()BRISBANE, Calif., Nov. ,  (GLOBE NEWSWIRE) -- Vera Ther",
    "link": "https://ir.veratx.com/news-releases/news-release-details/vera-therapeutics-announces-inducement-grants-under-nasdaq-",
    "timestamp": "unknown"
  },
  {
    "title": "YearNoneNovember ,Vera Therapeutics Announces Inducement Grants Under Nasdaq Listing Rule (c)()BRISBANE, Calif., Nov. ,  (GLOBE NEWSWIRE) -- Vera Ther",
    "link": "https://ir.veratx.com/news-releases/news-release-details/vera-therapeutics-announces-inducement-grants-under-nasdaq-",
    "timestamp": "unknown"
  },
  {
    "title": "YearNoneNovember ,Vera Therapeutics Announces Inducement Grants Under Nasdaq Listing Rule (c)()BRISBANE, Calif., Nov. ,  (GLOBE NEWSWIRE) -- Vera Ther",
    "link": "https://ir.veratx.com/news-releases/news-release-details/vera-therapeutics-announces-inducement-grants-under-nasdaq-",
    "timestamp": "unknown"
  },
  {
    "title": "YearNoneNovember ,Vera Therapeutics Announces Inducement Grants Under Nasdaq Listing Rule (c)()BRISBANE, Calif., Nov. ,  (GLOBE NEWSWIRE) -- Vera Ther",
    "link": "https://ir.veratx.com/news-releases/news-release-details/vera-therapeutics-announces-inducement-grants-under-nasdaq-",
    "timestamp": "unknown"
  },
  {
    "title": "YearNoneNovember ,Vera Therapeutics Announces Inducement Grants Under Nasdaq Listing Rule (c)()BRISBANE, Calif., Nov. ,  (GLOBE NEWSWIRE) -- Vera Ther",
    "link": "https://ir.veratx.com/news-releases/news-release-details/vera-therapeutics-announces-inducement-grants-under-nasdaq-",
    "timestamp": "unknown"
  },
  {
    "title": "YearNoneNovember ,Vera Therapeutics Announces Inducement Grants Under Nasdaq Listing Rule (c)()BRISBANE, Calif., Nov. ,  (GLOBE NEWSWIRE) -- Vera Ther",
    "link": "https://ir.veratx.com/news-releases/news-release-details/vera-therapeutics-announces-inducement-grants-under-nasdaq-",
    "timestamp": "unknown"
  },
  {
    "title": "YearNoneNovember ,Vera Therapeutics Announces Inducement Grants Under Nasdaq Listing Rule (c)()BRISBANE, Calif., Nov. ,  (GLOBE NEWSWIRE) -- Vera Ther",
    "link": "https://ir.veratx.com/news-releases/news-release-details/vera-therapeutics-announces-inducement-grants-under-nasdaq-",
    "timestamp": "unknown"
  },
  {
    "title": "YearNoneNovember ,Vera Therapeutics Announces Inducement Grants Under Nasdaq Listing Rule (c)()BRISBANE, Calif., Nov. ,  (GLOBE NEWSWIRE) -- Vera Ther",
    "link": "https://ir.veratx.com/news-releases/news-release-details/vera-therapeutics-announces-inducement-grants-under-nasdaq-",
    "timestamp": "unknown"
  },
  {
    "title": "YearNoneNovember ,Vera Therapeutics Announces Inducement Grants Under Nasdaq Listing Rule (c)()BRISBANE, Calif., Nov. ,  (GLOBE NEWSWIRE) -- Vera Ther",
    "link": "https://ir.veratx.com/news-releases/news-release-details/vera-therapeutics-announces-inducement-grants-under-nasdaq-",
    "timestamp": "unknown"
  },
  {
    "title": "YearNoneNovember ,Vera Therapeutics Announces Inducement Grants Under Nasdaq Listing Rule (c)()BRISBANE, Calif., Nov. ,  (GLOBE NEWSWIRE) -- Vera Ther",
    "link": "https://ir.veratx.com/news-releases/news-release-details/vera-therapeutics-announces-inducement-grants-under-nasdaq-",
    "timestamp": "unknown"
  },
  {
    "title": "YearNoneNovember ,Vera Therapeutics Announces Inducement Grants Under Nasdaq Listing Rule (c)()BRISBANE, Calif., Nov. ,  (GLOBE NEWSWIRE) -- Vera Ther",
    "link": "https://ir.veratx.com/news-releases/news-release-details/vera-therapeutics-announces-inducement-grants-under-nasdaq-",
    "timestamp": "unknown"
  },
  {
    "title": "YearNoneNovember ,Vera Therapeutics Announces Inducement Grants Under Nasdaq Listing Rule (c)()BRISBANE, Calif., Nov. ,  (GLOBE NEWSWIRE) -- Vera Ther",
    "link": "https://ir.veratx.com/news-releases/news-release-details/vera-therapeutics-announces-inducement-grants-under-nasdaq-",
    "timestamp": "unknown"
  },
  {
    "title": "YearNoneNovember ,Vera Therapeutics Announces Inducement Grants Under Nasdaq Listing Rule (c)()BRISBANE, Calif., Nov. ,  (GLOBE NEWSWIRE) -- Vera Ther",
    "link": "https://ir.veratx.com/news-releases/news-release-details/vera-therapeutics-announces-inducement-grants-under-nasdaq-",
    "timestamp": "unknown"
  },
  {
    "title": "November ,Vera Therapeutics Announces Inducement Grants Under Nasdaq Listing Rule (c)()BRISBANE, Calif., Nov. ,  (GLOBE NEWSWIRE) -- Vera Therapeutics",
    "link": "https://ir.veratx.com/news-releases/news-release-details/vera-therapeutics-announces-inducement-grants-under-nasdaq-",
    "timestamp": "unknown"
  },
  {
    "title": "November ,Vera Therapeutics Announces Inducement Grants Under Nasdaq Listing Rule (c)()BRISBANE, Calif., Nov. ,  (GLOBE NEWSWIRE) -- Vera Therapeutics",
    "link": "https://ir.veratx.com/news-releases/news-release-details/vera-therapeutics-announces-inducement-grants-under-nasdaq-",
    "timestamp": "unknown"
  },
  {
    "title": "BRISBANE, Calif., Nov. ,  (GLOBE NEWSWIRE) -- Vera Therapeutics, Inc. (Nasdaq: VERA) today announced that, on November , , the Compensation Committee ",
    "link": "https://ir.veratx.com/news-releases/news-release-details/vera-therapeutics-announces-inducement-grants-under-nasdaq-",
    "timestamp": "unknown"
  },
  {
    "title": "November ,Vera Therapeutics Announces Positive ORIGIN Phase  Data for Atacicept in IgA Nephropathy Presented at ASN Kidney Week  and Published in the ",
    "link": "https://ir.veratx.com/news-releases/news-release-details/vera-therapeutics-announces-positive-origin-phase--data",
    "timestamp": "unknown"
  },
  {
    "title": "Atacicept met the primary endpoint of reduction in proteinuria (UPCR) at week ; participants receiving atacicept achieved a % reduction from baseline ",
    "link": "https://ir.veratx.com/news-releases/news-release-details/vera-therapeutics-announces-positive-origin-phase--data",
    "timestamp": "unknown"
  },
  {
    "title": "November ,Vera Therapeutics Provides Business Update and Reports Third Quarter  Financial ResultsORIGIN  trial primary endpoint results for Atacicept ",
    "link": "https://ir.veratx.com/news-releases/news-release-details/vera-therapeutics-provides-business-update-and-reports-third-",
    "timestamp": "unknown"
  },
  {
    "title": "ORIGIN  trial primary endpoint results for Atacicept in IgA nephropathy (IgAN) selected as a featured late-breaking oral presentation during opening p",
    "link": "https://ir.veratx.com/news-releases/news-release-details/vera-therapeutics-provides-business-update-and-reports-third-",
    "timestamp": "unknown"
  },
  {
    "title": "October ,Vera Therapeutics to Host an Investor Call and Webcast to Provide an ORIGIN  Update on November ,  at  ETBRISBANE, Calif., Oct. ,  (GLOBE NEW",
    "link": "https://ir.veratx.com/news-releases/news-release-details/vera-therapeutics-host-investor-call-and-webcast-provide-origin",
    "timestamp": "unknown"
  },
  {
    "title": "BRISBANE, Calif., Oct. ,  (GLOBE NEWSWIRE) -- Vera Therapeutics, Inc. (Nasdaq: VERA), a late clinical-stage biotechnology company focused on developin",
    "link": "https://ir.veratx.com/news-releases/news-release-details/vera-therapeutics-host-investor-call-and-webcast-provide-origin",
    "timestamp": "unknown"
  },
  {
    "title": "October ,Vera Therapeutics Announces ORIGIN  Late-Breaking Abstract Selected as Featured Oral Presentation at Opening Plenary Session of ASN Kidney We",
    "link": "https://ir.veratx.com/news-releases/news-release-details/vera-therapeutics-announces-origin--late-breaking-abstract",
    "timestamp": "unknown"
  },
  {
    "title": "BRISBANE, Calif., Oct. ,  (GLOBE NEWSWIRE) -- Vera Therapeutics, Inc. (Nasdaq: VERA), a late clinical-stage biotechnology company focused on developin",
    "link": "https://ir.veratx.com/news-releases/news-release-details/vera-therapeutics-announces-origin--late-breaking-abstract",
    "timestamp": "unknown"
  },
  {
    "title": "October ,Vera Therapeutics Announces Inducement Grants Under Nasdaq Listing Rule (c)()BRISBANE, Calif., Oct. ,  (GLOBE NEWSWIRE) -- Vera Therapeutics,",
    "link": "https://ir.veratx.com/news-releases/news-release-details/vera-therapeutics-announces-inducement-grants-under-nasdaq-",
    "timestamp": "unknown"
  },
  {
    "title": "BRISBANE, Calif., Oct. ,  (GLOBE NEWSWIRE) -- Vera Therapeutics, Inc. (Nasdaq: VERA) today announced that, on October , , the Compensation Committee o",
    "link": "https://ir.veratx.com/news-releases/news-release-details/vera-therapeutics-announces-inducement-grants-under-nasdaq-",
    "timestamp": "unknown"
  },
  {
    "title": "September ,Vera Therapeutics Announces Inducement Grants Under Nasdaq Listing Rule (c)()BRISBANE, Calif., Sept. ,  (GLOBE NEWSWIRE) -- Vera Therapeuti",
    "link": "https://ir.veratx.com/news-releases/news-release-details/vera-therapeutics-announces-inducement-grants-under-nasdaq-",
    "timestamp": "unknown"
  },
  {
    "title": "BRISBANE, Calif., Sept. ,  (GLOBE NEWSWIRE) -- Vera Therapeutics, Inc. (Nasdaq: VERA) today announced that, on September , , the Compensation Committe",
    "link": "https://ir.veratx.com/news-releases/news-release-details/vera-therapeutics-announces-inducement-grants-under-nasdaq-",
    "timestamp": "unknown"
  },
  {
    "title": "August ,Vera Therapeutics to Participate at Upcoming Investor ConferencesBRISBANE, Calif., Aug. ,  (GLOBE NEWSWIRE) -- Vera Therapeutics, Inc. (Nasdaq",
    "link": "https://ir.veratx.com/news-releases/news-release-details/vera-therapeutics-participate-upcoming-investor-conferences-",
    "timestamp": "unknown"
  },
  {
    "title": "BRISBANE, Calif., Aug. ,  (GLOBE NEWSWIRE) -- Vera Therapeutics, Inc. (Nasdaq: VERA), a late clinical-stage biotechnology company focused on developin",
    "link": "https://ir.veratx.com/news-releases/news-release-details/vera-therapeutics-participate-upcoming-investor-conferences-",
    "timestamp": "unknown"
  },
  {
    "title": "August ,Vera Therapeutics Announces Inducement Grants Under Nasdaq Listing Rule (c)()BRISBANE, Calif., Aug. ,  (GLOBE NEWSWIRE) -- Vera Therapeutics, ",
    "link": "https://ir.veratx.com/news-releases/news-release-details/vera-therapeutics-announces-inducement-grants-under-nasdaq",
    "timestamp": "unknown"
  },
  {
    "title": "BRISBANE, Calif., Aug. ,  (GLOBE NEWSWIRE) -- Vera Therapeutics, Inc. (Nasdaq: VERA) today announced that, on August , , the Compensation Committee of",
    "link": "https://ir.veratx.com/news-releases/news-release-details/vera-therapeutics-announces-inducement-grants-under-nasdaq",
    "timestamp": "unknown"
  },
  {
    "title": "August ,Vera Therapeutics Provides Business Update and Reports Second Quarter  Financial ResultsOn track to submit a Biologics License Application (BL",
    "link": "https://ir.veratx.com/news-releases/news-release-details/vera-therapeutics-provides-business-update-and-reports-second-",
    "timestamp": "unknown"
  },
  {
    "title": "On track to submit a Biologics License Application (BLA) for accelerated approval of atacicept to U.S. FDA in Q4 ; potential commercial launch in  Ann",
    "link": "https://ir.veratx.com/news-releases/news-release-details/vera-therapeutics-provides-business-update-and-reports-second-",
    "timestamp": "unknown"
  },
  {
    "title": "PaginationCurrent pagePagePageNext pagenext \u203aLast pagelast \u00bb",
    "link": "https://ir.veratx.com/news-events/news-releases?page=",
    "timestamp": "unknown"
  },
  {
    "title": "Current page",
    "link": "https://ir.veratx.com/news-events/news-releases?page=",
    "timestamp": "unknown"
  },
  {
    "title": "Page",
    "link": "https://ir.veratx.com/news-events/news-releases?page=",
    "timestamp": "unknown"
  },
  {
    "title": "Page",
    "link": "https://ir.veratx.com/news-events/news-releases?page=",
    "timestamp": "unknown"
  },
  {
    "title": "Next pagenext \u203a",
    "link": "https://ir.veratx.com/news-events/news-releases?page=",
    "timestamp": "unknown"
  },
  {
    "title": "Last pagelast \u00bb",
    "link": "https://ir.veratx.com/news-events/news-releases?page=",
    "timestamp": "unknown"
  },
  {
    "title": "info@veratx.com() -Sierra Point Parkway,SuiteBrisbane, CACopyright \u00a9Vera Therapeutics.All Rights Reserved.Privacy Policy\u2013Terms of Use",
    "link": "https://veratx.com/",
    "timestamp": "unknown"
  },
  {
    "title": "info@veratx.com() -Sierra Point Parkway,SuiteBrisbane, CA",
    "link": "https://veratx.com/",
    "timestamp": "unknown"
  },
  {
    "title": "info@veratx.com() -",
    "link": "mailto:info@veratx.com",
    "timestamp": "unknown"
  },
  {
    "title": "info@veratx.com() -",
    "link": "mailto:info@veratx.com",
    "timestamp": "unknown"
  },
  {
    "title": "Copyright \u00a9Vera Therapeutics.All Rights Reserved.Privacy Policy\u2013Terms of Use",
    "link": "http://veratx.com/privacy-policy/",
    "timestamp": "unknown"
  },
  {
    "title": "All Rights Reserved.Privacy Policy\u2013Terms of Use",
    "link": "http://veratx.com/privacy-policy/",
    "timestamp": "unknown"
  },
  {
    "title": "All Rights Reserved.Privacy Policy\u2013Terms of Use",
    "link": "http://veratx.com/privacy-policy/",
    "timestamp": "unknown"
  },
  {
    "title": "All Rights Reserved.Privacy Policy\u2013Terms of Use",
    "link": "http://veratx.com/privacy-policy/",
    "timestamp": "unknown"
  }
]