[
  {
    "title": "AboutOverviewLeadershipBoard of DirectorsSustainabilityScienceAtacicept in IgANPhase 2b Clinical DataPhase  Clinical TrialAtacicept in LNMAU868Publica",
    "link": "https://veratx.com/",
    "timestamp": "unknown"
  },
  {
    "title": "AboutOverviewLeadershipBoard of DirectorsSustainability",
    "link": "https://veratx.com/about/",
    "timestamp": "unknown"
  },
  {
    "title": "Overview",
    "link": "https://veratx.com/about/",
    "timestamp": "unknown"
  },
  {
    "title": "Leadership",
    "link": "https://veratx.com/about/#leadership",
    "timestamp": "unknown"
  },
  {
    "title": "Board of Directors",
    "link": "https://veratx.com/about#board",
    "timestamp": "unknown"
  },
  {
    "title": "Sustainability",
    "link": "https://veratx.com/sustainability/",
    "timestamp": "unknown"
  },
  {
    "title": "ScienceAtacicept in IgANPhase 2b Clinical DataPhase  Clinical TrialAtacicept in LNMAU868Publications",
    "link": "https://veratx.com/science/",
    "timestamp": "unknown"
  },
  {
    "title": "Atacicept in IgANPhase 2b Clinical DataPhase  Clinical Trial",
    "link": "https://veratx.com/science/atacicept-in-igan/",
    "timestamp": "unknown"
  },
  {
    "title": "Phase 2b Clinical Data",
    "link": "https://veratx.com/science/atacicept-in-igan/#clinical-data-2b",
    "timestamp": "unknown"
  },
  {
    "title": "Phase  Clinical Trial",
    "link": "https://veratx.com/science/atacicept-in-igan/#phase-",
    "timestamp": "unknown"
  },
  {
    "title": "Atacicept in LN",
    "link": "https://veratx.com/science/atacicept-in-ln/",
    "timestamp": "unknown"
  },
  {
    "title": "MAU868",
    "link": "https://veratx.com/mau868/",
    "timestamp": "unknown"
  },
  {
    "title": "Publications",
    "link": "https://veratx.com/publications/",
    "timestamp": "unknown"
  },
  {
    "title": "PatientsIgANBKV",
    "link": "https://veratx.com/patients/",
    "timestamp": "unknown"
  },
  {
    "title": "IgAN",
    "link": "https://veratx.com/patients/#igan",
    "timestamp": "unknown"
  },
  {
    "title": "BKV",
    "link": "https://veratx.com/patients/#bkv",
    "timestamp": "unknown"
  },
  {
    "title": "CareersOpen PositionsBenefitsValuesEmployee Spotlights",
    "link": "https://veratx.com/careers/",
    "timestamp": "unknown"
  },
  {
    "title": "Open Positions",
    "link": "https://veratx.com/careers/#open-positions",
    "timestamp": "unknown"
  },
  {
    "title": "Benefits",
    "link": "https://veratx.com/careers/#benefits",
    "timestamp": "unknown"
  },
  {
    "title": "Values",
    "link": "https://veratx.com/careers/#values",
    "timestamp": "unknown"
  },
  {
    "title": "Employee Spotlights",
    "link": "https://veratx.com/careers/#spotlights",
    "timestamp": "unknown"
  },
  {
    "title": "Investors",
    "link": "https://ir.veratx.com/",
    "timestamp": "unknown"
  },
  {
    "title": "Contact",
    "link": "https://veratx.com/contact/",
    "timestamp": "unknown"
  },
  {
    "title": "AboutOverviewLeadershipBoard of DirectorsSustainability",
    "link": "https://veratx.com/about/",
    "timestamp": "unknown"
  },
  {
    "title": "Overview",
    "link": "https://veratx.com/about/",
    "timestamp": "unknown"
  },
  {
    "title": "Leadership",
    "link": "https://veratx.com/about/#leadership",
    "timestamp": "unknown"
  },
  {
    "title": "Board of Directors",
    "link": "https://veratx.com/about#board",
    "timestamp": "unknown"
  },
  {
    "title": "Sustainability",
    "link": "https://veratx.com/sustainability/",
    "timestamp": "unknown"
  },
  {
    "title": "ScienceAtacicept in IgANPhase 2b Clinical DataPhase  Clinical TrialAtacicept in LNMAU868Publications",
    "link": "https://veratx.com/science/",
    "timestamp": "unknown"
  },
  {
    "title": "Atacicept in IgANPhase 2b Clinical DataPhase  Clinical Trial",
    "link": "https://veratx.com/science/atacicept-in-igan/",
    "timestamp": "unknown"
  },
  {
    "title": "Phase 2b Clinical Data",
    "link": "https://veratx.com/science/atacicept-in-igan/#clinical-data-2b",
    "timestamp": "unknown"
  },
  {
    "title": "Phase  Clinical Trial",
    "link": "https://veratx.com/science/atacicept-in-igan/#phase-",
    "timestamp": "unknown"
  },
  {
    "title": "Atacicept in LN",
    "link": "https://veratx.com/science/atacicept-in-ln/",
    "timestamp": "unknown"
  },
  {
    "title": "MAU868",
    "link": "https://veratx.com/mau868/",
    "timestamp": "unknown"
  },
  {
    "title": "Publications",
    "link": "https://veratx.com/publications/",
    "timestamp": "unknown"
  },
  {
    "title": "PatientsIgANBKV",
    "link": "https://veratx.com/patients/",
    "timestamp": "unknown"
  },
  {
    "title": "IgAN",
    "link": "https://veratx.com/patients/#igan",
    "timestamp": "unknown"
  },
  {
    "title": "BKV",
    "link": "https://veratx.com/patients/#bkv",
    "timestamp": "unknown"
  },
  {
    "title": "CareersOpen PositionsBenefitsValuesEmployee Spotlights",
    "link": "https://veratx.com/careers/",
    "timestamp": "unknown"
  },
  {
    "title": "Open Positions",
    "link": "https://veratx.com/careers/#open-positions",
    "timestamp": "unknown"
  },
  {
    "title": "Benefits",
    "link": "https://veratx.com/careers/#benefits",
    "timestamp": "unknown"
  },
  {
    "title": "Values",
    "link": "https://veratx.com/careers/#values",
    "timestamp": "unknown"
  },
  {
    "title": "Employee Spotlights",
    "link": "https://veratx.com/careers/#spotlights",
    "timestamp": "unknown"
  },
  {
    "title": "Investors",
    "link": "https://ir.veratx.com/",
    "timestamp": "unknown"
  },
  {
    "title": "Contact",
    "link": "https://veratx.com/contact/",
    "timestamp": "unknown"
  },
  {
    "title": "InvestorsOverviewStock InformationNewsInvestor CalendarPresentationsFinancial InformationAnalyst CoverageCorporate GovernanceGovernance OverviewManage",
    "link": "https://ir.veratx.com/",
    "timestamp": "unknown"
  },
  {
    "title": "InvestorsOverviewStock InformationNewsInvestor CalendarPresentationsFinancial InformationAnalyst CoverageCorporate GovernanceGovernance OverviewManage",
    "link": "https://ir.veratx.com/",
    "timestamp": "unknown"
  },
  {
    "title": "Overview",
    "link": "https://ir.veratx.com/",
    "timestamp": "unknown"
  },
  {
    "title": "Stock Information",
    "link": "https://ir.veratx.com/stock-information/stock-quote-chart",
    "timestamp": "unknown"
  },
  {
    "title": "News",
    "link": "https://ir.veratx.com/news-events/news-releases",
    "timestamp": "unknown"
  },
  {
    "title": "Investor Calendar",
    "link": "https://ir.veratx.com/news-events/investor-calendar",
    "timestamp": "unknown"
  },
  {
    "title": "Presentations",
    "link": "https://ir.veratx.com/news-events/presentations",
    "timestamp": "unknown"
  },
  {
    "title": "Financial Information",
    "link": "https://ir.veratx.com/financial-information/sec-filings",
    "timestamp": "unknown"
  },
  {
    "title": "Analyst Coverage",
    "link": "https://ir.veratx.com/stock-information/analyst-coverage",
    "timestamp": "unknown"
  },
  {
    "title": "Corporate GovernanceGovernance OverviewManagementBoard of DirectorsCommittee Composition",
    "link": "https://ir.veratx.com/corporate-governance/governance-highlights",
    "timestamp": "unknown"
  },
  {
    "title": "Governance Overview",
    "link": "https://ir.veratx.com/corporate-governance/governance-highlights",
    "timestamp": "unknown"
  },
  {
    "title": "Management",
    "link": "https://veratx.com/about/#management",
    "timestamp": "unknown"
  },
  {
    "title": "Board of Directors",
    "link": "https://veratx.com/about#board",
    "timestamp": "unknown"
  },
  {
    "title": "Committee Composition",
    "link": "https://ir.veratx.com/corporate-governance/committee-composition",
    "timestamp": "unknown"
  },
  {
    "title": "Investor ResourcesInvestor FAQsEmail AlertsContact IR",
    "link": "https://ir.veratx.com/investor-resources/investor-faq",
    "timestamp": "unknown"
  },
  {
    "title": "Investor FAQs",
    "link": "https://ir.veratx.com/investor-resources/investor-faq",
    "timestamp": "unknown"
  },
  {
    "title": "Email Alerts",
    "link": "https://ir.veratx.com/investor-resources/email-alerts",
    "timestamp": "unknown"
  },
  {
    "title": "Contact IR",
    "link": "https://ir.veratx.com/investor-resources/contact-ir",
    "timestamp": "unknown"
  },
  {
    "title": "Group,,Annual FilingsCurrent ReportsMergers & AcquisitionsOtherProxy FilingsQuarterly FilingsRegistration StatementsFiling year- Any -Filing dateFormD",
    "link": "https://ir.veratx.com/financial-information/sec-filings?items_per_page=&order=field_nir_sec_date_filed&sort=asc",
    "timestamp": "unknown"
  },
  {
    "title": "Group,,Annual FilingsCurrent ReportsMergers & AcquisitionsOtherProxy FilingsQuarterly FilingsRegistration StatementsFiling year- Any -Filing dateFormD",
    "link": "https://ir.veratx.com/financial-information/sec-filings?items_per_page=&order=field_nir_sec_date_filed&sort=asc",
    "timestamp": "unknown"
  },
  {
    "title": "Group,,Annual FilingsCurrent ReportsMergers & AcquisitionsOtherProxy FilingsQuarterly FilingsRegistration StatementsFiling year- Any -Filing dateFormD",
    "link": "https://ir.veratx.com/financial-information/sec-filings?items_per_page=&order=field_nir_sec_date_filed&sort=asc",
    "timestamp": "unknown"
  },
  {
    "title": "Group,,Annual FilingsCurrent ReportsMergers & AcquisitionsOtherProxy FilingsQuarterly FilingsRegistration StatementsFiling year- Any -Filing dateFormD",
    "link": "https://ir.veratx.com/financial-information/sec-filings?items_per_page=&order=field_nir_sec_date_filed&sort=asc",
    "timestamp": "unknown"
  },
  {
    "title": "Group,,Annual FilingsCurrent ReportsMergers & AcquisitionsOtherProxy FilingsQuarterly FilingsRegistration StatementsFiling year- Any -Filing dateFormD",
    "link": "https://ir.veratx.com/financial-information/sec-filings?items_per_page=&order=field_nir_sec_date_filed&sort=asc",
    "timestamp": "unknown"
  },
  {
    "title": "Group,,Annual FilingsCurrent ReportsMergers & AcquisitionsOtherProxy FilingsQuarterly FilingsRegistration StatementsFiling year- Any -Filing dateFormD",
    "link": "https://ir.veratx.com/financial-information/sec-filings?items_per_page=&order=field_nir_sec_date_filed&sort=asc",
    "timestamp": "unknown"
  },
  {
    "title": "Group,,Annual FilingsCurrent ReportsMergers & AcquisitionsOtherProxy FilingsQuarterly FilingsRegistration StatementsFiling year- Any -Filing dateFormD",
    "link": "https://ir.veratx.com/financial-information/sec-filings?items_per_page=&order=field_nir_sec_date_filed&sort=asc",
    "timestamp": "unknown"
  },
  {
    "title": "Group,,Annual FilingsCurrent ReportsMergers & AcquisitionsOtherProxy FilingsQuarterly FilingsRegistration StatementsFiling year- Any -Filing dateFormD",
    "link": "https://ir.veratx.com/financial-information/sec-filings?items_per_page=&order=field_nir_sec_date_filed&sort=asc",
    "timestamp": "unknown"
  },
  {
    "title": "Group,,Annual FilingsCurrent ReportsMergers & AcquisitionsOtherProxy FilingsQuarterly FilingsRegistration StatementsFiling year- Any -Filing dateFormD",
    "link": "https://ir.veratx.com/financial-information/sec-filings?items_per_page=&order=field_nir_sec_date_filed&sort=asc",
    "timestamp": "unknown"
  },
  {
    "title": "Group,,Annual FilingsCurrent ReportsMergers & AcquisitionsOtherProxy FilingsQuarterly FilingsRegistration StatementsFiling year- Any -Filing dateFormD",
    "link": "https://ir.veratx.com/financial-information/sec-filings?items_per_page=&order=field_nir_sec_date_filed&sort=asc",
    "timestamp": "unknown"
  },
  {
    "title": "Group,,Annual FilingsCurrent ReportsMergers & AcquisitionsOtherProxy FilingsQuarterly FilingsRegistration StatementsFiling year- Any -Filing dateFormD",
    "link": "https://ir.veratx.com/financial-information/sec-filings?items_per_page=&order=field_nir_sec_date_filed&sort=asc",
    "timestamp": "unknown"
  },
  {
    "title": "Group,,Annual FilingsCurrent ReportsMergers & AcquisitionsOtherProxy FilingsQuarterly FilingsRegistration StatementsFiling year- Any -Filing dateFormD",
    "link": "https://ir.veratx.com/financial-information/sec-filings?items_per_page=&order=field_nir_sec_date_filed&sort=asc",
    "timestamp": "unknown"
  },
  {
    "title": "Group,,Annual FilingsCurrent ReportsMergers & AcquisitionsOtherProxy FilingsQuarterly FilingsRegistration StatementsFiling year- Any -Filing dateFormD",
    "link": "https://ir.veratx.com/financial-information/sec-filings?items_per_page=&order=field_nir_sec_date_filed&sort=asc",
    "timestamp": "unknown"
  },
  {
    "title": "Group,,Annual FilingsCurrent ReportsMergers & AcquisitionsOtherProxy FilingsQuarterly FilingsRegistration StatementsFiling year- Any -Filing dateFormD",
    "link": "https://ir.veratx.com/financial-information/sec-filings?items_per_page=&order=field_nir_sec_date_filed&sort=asc",
    "timestamp": "unknown"
  },
  {
    "title": "Group,,Annual FilingsCurrent ReportsMergers & AcquisitionsOtherProxy FilingsQuarterly FilingsRegistration StatementsFiling year- Any -Filing dateFormD",
    "link": "https://ir.veratx.com/financial-information/sec-filings?items_per_page=&order=field_nir_sec_date_filed&sort=asc",
    "timestamp": "unknown"
  },
  {
    "title": "Filing dateFormDescriptionViewDecember ,424B5Form of prospectus disclosing information, facts, events covered in both forms 424B2, 424B3--.pdf--.rtfVi",
    "link": "https://ir.veratx.com/financial-information/sec-filings?items_per_page=&order=field_nir_sec_date_filed&sort=asc",
    "timestamp": "unknown"
  },
  {
    "title": "Filing dateFormDescriptionView",
    "link": "https://ir.veratx.com/financial-information/sec-filings?items_per_page=&order=field_nir_sec_date_filed&sort=asc",
    "timestamp": "unknown"
  },
  {
    "title": "December ,424B5Form of prospectus disclosing information, facts, events covered in both forms 424B2, 424B3--.pdf--.rtfView HTML",
    "link": "https://ir.veratx.com/sec-filings/sec-filing/424b5/--",
    "timestamp": "unknown"
  },
  {
    "title": "--.pdf",
    "link": "https://ir.veratx.com/static-files/d61cd3dd--4e66-8dcd-ae69939bef34",
    "timestamp": "unknown"
  },
  {
    "title": "--.rtf",
    "link": "https://ir.veratx.com/static-files/db5f4543-c947-42b1-ab77-2ffcd513b792",
    "timestamp": "unknown"
  },
  {
    "title": "December ,Statement of changes in beneficial ownership of securities--.pdf--.rtf--.xlsView HTML",
    "link": "https://ir.veratx.com/sec-filings/sec-filing//--",
    "timestamp": "unknown"
  },
  {
    "title": "--.pdf",
    "link": "https://ir.veratx.com/static-files/31e4e1ba-ce6e-4c7f-a6a6-44b99591136a",
    "timestamp": "unknown"
  },
  {
    "title": "--.rtf",
    "link": "https://ir.veratx.com/static-files/e5122502-fc87-48ac-8a42-f8db977b8c1e",
    "timestamp": "unknown"
  },
  {
    "title": "--.xls",
    "link": "https://ir.veratx.com/static-files/86da4c8c-b5c8--b545-6134a40f4a65",
    "timestamp": "unknown"
  },
  {
    "title": "December ,Filed by \"insiders\" prior intended sale of restricted stock.--.pdf--.rtfView HTML",
    "link": "https://ir.veratx.com/sec-filings/sec-filing//--",
    "timestamp": "unknown"
  },
  {
    "title": "--.pdf",
    "link": "https://ir.veratx.com/static-files/7dce9bd0--448b-8d62-10df5824c4b4",
    "timestamp": "unknown"
  },
  {
    "title": "--.rtf",
    "link": "https://ir.veratx.com/static-files/092e7832-28ba-48d0-a763-b2f3ef85c636",
    "timestamp": "unknown"
  },
  {
    "title": "November ,-KReport of unscheduled material events or corporate event--.pdf--.rtf--.xlsEX-.SCH - XBRL TAXONOMY EXTENSION SCHEMAView HTML",
    "link": "https://ir.veratx.com/sec-filings/sec-filing/-k/--",
    "timestamp": "unknown"
  },
  {
    "title": "--.pdf",
    "link": "https://ir.veratx.com/static-files/af0e2796-22fa-4a4b-baf6-a8a90e16819e",
    "timestamp": "unknown"
  },
  {
    "title": "--.rtf",
    "link": "https://ir.veratx.com/static-files/9b5901f1-656f-424f-944a-263ee1116393",
    "timestamp": "unknown"
  },
  {
    "title": "--.xls",
    "link": "https://ir.veratx.com/static-files/4381ce4f--4c2b-ac08-06fad0e9aafc",
    "timestamp": "unknown"
  },
  {
    "title": "November ,Initial filing by director officer or owner of more than ten percent--.pdf--.rtf--.xlsView HTML",
    "link": "https://ir.veratx.com/sec-filings/sec-filing//--",
    "timestamp": "unknown"
  },
  {
    "title": "--.pdf",
    "link": "https://ir.veratx.com/static-files/a3b015a3-a1fa-4b60-a4b2-7a3eb18a0112",
    "timestamp": "unknown"
  },
  {
    "title": "--.rtf",
    "link": "https://ir.veratx.com/static-files/76853a02-b9b5-4c73-9e51-76253050f567",
    "timestamp": "unknown"
  },
  {
    "title": "--.xls",
    "link": "https://ir.veratx.com/static-files/2ee81a0f-ffb3-440a-a0c2-7f652076b7ad",
    "timestamp": "unknown"
  },
  {
    "title": "November ,Statement of changes in beneficial ownership of securities--.pdf--.rtf--.xlsView HTML",
    "link": "https://ir.veratx.com/sec-filings/sec-filing//--",
    "timestamp": "unknown"
  },
  {
    "title": "--.pdf",
    "link": "https://ir.veratx.com/static-files/2d7f13f3-62f6-4fc1-b725-87597b214f5c",
    "timestamp": "unknown"
  },
  {
    "title": "--.rtf",
    "link": "https://ir.veratx.com/static-files/57ef5ead-ac1c--a89e-731c1cae7226",
    "timestamp": "unknown"
  },
  {
    "title": "--.xls",
    "link": "https://ir.veratx.com/static-files/50b39816-eb5d-4adc-b41f-444b8a65ac5d",
    "timestamp": "unknown"
  },
  {
    "title": "November ,Statement of changes in beneficial ownership of securities--.pdf--.rtf--.xlsView HTML",
    "link": "https://ir.veratx.com/sec-filings/sec-filing//--",
    "timestamp": "unknown"
  },
  {
    "title": "--.pdf",
    "link": "https://ir.veratx.com/static-files/38ad8e46-4f9c-412f-865d-56cc266ed431",
    "timestamp": "unknown"
  },
  {
    "title": "--.rtf",
    "link": "https://ir.veratx.com/static-files/d527f57b-1b93-4b32-98af-b442fdc8c549",
    "timestamp": "unknown"
  },
  {
    "title": "--.xls",
    "link": "https://ir.veratx.com/static-files/97da9a52-1d72-4f7a-a921-99b3053495d0",
    "timestamp": "unknown"
  },
  {
    "title": "November ,Filed by \"insiders\" prior intended sale of restricted stock.--.pdf--.rtfView HTML",
    "link": "https://ir.veratx.com/sec-filings/sec-filing//--",
    "timestamp": "unknown"
  },
  {
    "title": "--.pdf",
    "link": "https://ir.veratx.com/static-files/7904ec0f-d3fb--8b39-e25f96bcd614",
    "timestamp": "unknown"
  },
  {
    "title": "--.rtf",
    "link": "https://ir.veratx.com/static-files/314db0c3--4f3f-80cd-cd440ac6fdb7",
    "timestamp": "unknown"
  },
  {
    "title": "November ,SCHEDULE 13G/ASCHEDULE 13G/A - Description--.pdf--.rtf--.xlsView HTML",
    "link": "https://ir.veratx.com/sec-filings/sec-filing/schedule-13ga/--",
    "timestamp": "unknown"
  },
  {
    "title": "--.pdf",
    "link": "https://ir.veratx.com/static-files/bd3ce8cf-de53--909e-d0a0ad8ed18e",
    "timestamp": "unknown"
  },
  {
    "title": "--.rtf",
    "link": "https://ir.veratx.com/static-files/59fbfb1a-f227-41a5--fda6ea08b525",
    "timestamp": "unknown"
  },
  {
    "title": "--.xls",
    "link": "https://ir.veratx.com/static-files/7186e1fb-418e--88d1-35c5038388d4",
    "timestamp": "unknown"
  },
  {
    "title": "November ,Statement of changes in beneficial ownership of securities--.pdf--.rtf--.xlsView HTML",
    "link": "https://ir.veratx.com/sec-filings/sec-filing//--",
    "timestamp": "unknown"
  },
  {
    "title": "--.pdf",
    "link": "https://ir.veratx.com/static-files/c20b7fd9-146a--a65e-a4fe03068315",
    "timestamp": "unknown"
  },
  {
    "title": "--.rtf",
    "link": "https://ir.veratx.com/static-files/a62cb1da-5abf-4c34-97c3-0f77b81936d3",
    "timestamp": "unknown"
  },
  {
    "title": "--.xls",
    "link": "https://ir.veratx.com/static-files/5d9a2d49-d29c-4c34-b639-64893475ec35",
    "timestamp": "unknown"
  },
  {
    "title": "Current page",
    "link": "https://ir.veratx.com/financial-information/sec-filings?&field_nir_sec_cik_target_id=&field_nir_sec_date_filed_value=&&&items_per_page_toggle=&page=",
    "timestamp": "unknown"
  },
  {
    "title": "Page",
    "link": "https://ir.veratx.com/financial-information/sec-filings?&field_nir_sec_cik_target_id=&field_nir_sec_date_filed_value=&&&items_per_page_toggle=&page=",
    "timestamp": "unknown"
  },
  {
    "title": "Page",
    "link": "https://ir.veratx.com/financial-information/sec-filings?&field_nir_sec_cik_target_id=&field_nir_sec_date_filed_value=&&&items_per_page_toggle=&page=",
    "timestamp": "unknown"
  },
  {
    "title": "Page",
    "link": "https://ir.veratx.com/financial-information/sec-filings?&field_nir_sec_cik_target_id=&field_nir_sec_date_filed_value=&&&items_per_page_toggle=&page=",
    "timestamp": "unknown"
  },
  {
    "title": "Page",
    "link": "https://ir.veratx.com/financial-information/sec-filings?&field_nir_sec_cik_target_id=&field_nir_sec_date_filed_value=&&&items_per_page_toggle=&page=",
    "timestamp": "unknown"
  },
  {
    "title": "Page",
    "link": "https://ir.veratx.com/financial-information/sec-filings?&field_nir_sec_cik_target_id=&field_nir_sec_date_filed_value=&&&items_per_page_toggle=&page=",
    "timestamp": "unknown"
  },
  {
    "title": "Page",
    "link": "https://ir.veratx.com/financial-information/sec-filings?&field_nir_sec_cik_target_id=&field_nir_sec_date_filed_value=&&&items_per_page_toggle=&page=",
    "timestamp": "unknown"
  },
  {
    "title": "Page",
    "link": "https://ir.veratx.com/financial-information/sec-filings?&field_nir_sec_cik_target_id=&field_nir_sec_date_filed_value=&&&items_per_page_toggle=&page=",
    "timestamp": "unknown"
  },
  {
    "title": "Page",
    "link": "https://ir.veratx.com/financial-information/sec-filings?&field_nir_sec_cik_target_id=&field_nir_sec_date_filed_value=&&&items_per_page_toggle=&page=",
    "timestamp": "unknown"
  },
  {
    "title": "Next pageNext \u203a",
    "link": "https://ir.veratx.com/financial-information/sec-filings?&field_nir_sec_cik_target_id=&field_nir_sec_date_filed_value=&&&items_per_page_toggle=&page=",
    "timestamp": "unknown"
  },
  {
    "title": "Last pageLast \u00bb",
    "link": "https://ir.veratx.com/financial-information/sec-filings?&field_nir_sec_cik_target_id=&field_nir_sec_date_filed_value=&&&items_per_page_toggle=&page=",
    "timestamp": "unknown"
  },
  {
    "title": "Data provided byKaleidoscope.",
    "link": "https://www.kscope.io",
    "timestamp": "unknown"
  },
  {
    "title": "Data provided byKaleidoscope.",
    "link": "https://www.kscope.io",
    "timestamp": "unknown"
  },
  {
    "title": "info@veratx.com() -Sierra Point Parkway,SuiteBrisbane, CACopyright \u00a9Vera Therapeutics.All Rights Reserved.Privacy Policy\u2013Terms of Use",
    "link": "https://veratx.com/",
    "timestamp": "unknown"
  },
  {
    "title": "info@veratx.com() -Sierra Point Parkway,SuiteBrisbane, CA",
    "link": "https://veratx.com/",
    "timestamp": "unknown"
  },
  {
    "title": "info@veratx.com() -",
    "link": "mailto:info@veratx.com",
    "timestamp": "unknown"
  },
  {
    "title": "info@veratx.com() -",
    "link": "mailto:info@veratx.com",
    "timestamp": "unknown"
  },
  {
    "title": "Copyright \u00a9Vera Therapeutics.All Rights Reserved.Privacy Policy\u2013Terms of Use",
    "link": "http://veratx.com/privacy-policy/",
    "timestamp": "unknown"
  },
  {
    "title": "All Rights Reserved.Privacy Policy\u2013Terms of Use",
    "link": "http://veratx.com/privacy-policy/",
    "timestamp": "unknown"
  },
  {
    "title": "All Rights Reserved.Privacy Policy\u2013Terms of Use",
    "link": "http://veratx.com/privacy-policy/",
    "timestamp": "unknown"
  },
  {
    "title": "All Rights Reserved.Privacy Policy\u2013Terms of Use",
    "link": "http://veratx.com/privacy-policy/",
    "timestamp": "unknown"
  }
]