[
  {
    "title": "About UsScience & InnovationOverviewOur PipelinePatientsCareersInvestorsOverviewNews ReleasesEvents & PresentationsAnalyst CoverageCorporate Governanc",
    "link": "https://www.vorbio.com/",
    "timestamp": "unknown"
  },
  {
    "title": "About UsScience & InnovationOverviewOur PipelinePatientsCareersInvestorsOverviewNews ReleasesEvents & PresentationsAnalyst CoverageCorporate Governanc",
    "link": "https://www.vorbio.com/about/",
    "timestamp": "unknown"
  },
  {
    "title": "About Us",
    "link": "https://www.vorbio.com/about/",
    "timestamp": "unknown"
  },
  {
    "title": "Science & InnovationOverviewOur Pipeline",
    "link": "https://ir.vorbio.com/news-releases/",
    "timestamp": "unknown"
  },
  {
    "title": "Overview",
    "link": "https://www.vorbio.com/science-innovation/",
    "timestamp": "unknown"
  },
  {
    "title": "Our Pipeline",
    "link": "https://www.vorbio.com/our-pipeline/",
    "timestamp": "unknown"
  },
  {
    "title": "Patients",
    "link": "https://www.vorbio.com/patients/",
    "timestamp": "unknown"
  },
  {
    "title": "Careers",
    "link": "https://www.vorbio.com/careers/",
    "timestamp": "unknown"
  },
  {
    "title": "InvestorsOverviewNews ReleasesEvents & PresentationsAnalyst CoverageCorporate GovernanceSEC FilingsTax InformationContact IREmail Alerts",
    "link": "https://ir.vorbio.com/news-releases/",
    "timestamp": "unknown"
  },
  {
    "title": "Overview",
    "link": "https://ir.vorbio.com/",
    "timestamp": "unknown"
  },
  {
    "title": "News Releases",
    "link": "https://ir.vorbio.com/news-releases/",
    "timestamp": "unknown"
  },
  {
    "title": "Events & Presentations",
    "link": "https://ir.vorbio.com/events-presentations/",
    "timestamp": "unknown"
  },
  {
    "title": "Analyst Coverage",
    "link": "https://ir.vorbio.com/analyst-coverage/",
    "timestamp": "unknown"
  },
  {
    "title": "Corporate Governance",
    "link": "https://ir.vorbio.com/corporate-governance/",
    "timestamp": "unknown"
  },
  {
    "title": "SEC Filings",
    "link": "https://ir.vorbio.com/sec-filings/",
    "timestamp": "unknown"
  },
  {
    "title": "Tax Information",
    "link": "https://ir.vorbio.com/tax-information",
    "timestamp": "unknown"
  },
  {
    "title": "Contact IR",
    "link": "https://ir.vorbio.com/contact-ir/",
    "timestamp": "unknown"
  },
  {
    "title": "Email Alerts",
    "link": "https://ir.vorbio.com/email-alerts/",
    "timestamp": "unknown"
  },
  {
    "title": "Contact",
    "link": "https://www.vorbio.com/contact/",
    "timestamp": "unknown"
  },
  {
    "title": "News ReleasesYearNoneNovember ,Vor Bio Announces Pricing of Public Offering of $ Million of Common StockRead MoreNovember ,Vor Bio Announces Proposed ",
    "link": "https://ir.vorbio.com/news-releases/news-release-details/vor-bio-announces-pricing-public-offering--million-common",
    "timestamp": "unknown"
  },
  {
    "title": "YearNoneNovember ,Vor Bio Announces Pricing of Public Offering of $ Million of Common StockRead MoreNovember ,Vor Bio Announces Proposed Public Offeri",
    "link": "https://ir.vorbio.com/news-releases/news-release-details/vor-bio-announces-pricing-public-offering--million-common",
    "timestamp": "unknown"
  },
  {
    "title": "YearNoneNovember ,Vor Bio Announces Pricing of Public Offering of $ Million of Common StockRead MoreNovember ,Vor Bio Announces Proposed Public Offeri",
    "link": "https://ir.vorbio.com/news-releases/news-release-details/vor-bio-announces-pricing-public-offering--million-common",
    "timestamp": "unknown"
  },
  {
    "title": "YearNoneNovember ,Vor Bio Announces Pricing of Public Offering of $ Million of Common StockRead MoreNovember ,Vor Bio Announces Proposed Public Offeri",
    "link": "https://ir.vorbio.com/news-releases/news-release-details/vor-bio-announces-pricing-public-offering--million-common",
    "timestamp": "unknown"
  },
  {
    "title": "YearNoneNovember ,Vor Bio Announces Pricing of Public Offering of $ Million of Common StockRead MoreNovember ,Vor Bio Announces Proposed Public Offeri",
    "link": "https://ir.vorbio.com/news-releases/news-release-details/vor-bio-announces-pricing-public-offering--million-common",
    "timestamp": "unknown"
  },
  {
    "title": "YearNoneNovember ,Vor Bio Announces Pricing of Public Offering of $ Million of Common StockRead MoreNovember ,Vor Bio Announces Proposed Public Offeri",
    "link": "https://ir.vorbio.com/news-releases/news-release-details/vor-bio-announces-pricing-public-offering--million-common",
    "timestamp": "unknown"
  },
  {
    "title": "YearNoneNovember ,Vor Bio Announces Pricing of Public Offering of $ Million of Common StockRead MoreNovember ,Vor Bio Announces Proposed Public Offeri",
    "link": "https://ir.vorbio.com/news-releases/news-release-details/vor-bio-announces-pricing-public-offering--million-common",
    "timestamp": "unknown"
  },
  {
    "title": "YearNoneNovember ,Vor Bio Announces Pricing of Public Offering of $ Million of Common StockRead MoreNovember ,Vor Bio Announces Proposed Public Offeri",
    "link": "https://ir.vorbio.com/news-releases/news-release-details/vor-bio-announces-pricing-public-offering--million-common",
    "timestamp": "unknown"
  },
  {
    "title": "YearNoneNovember ,Vor Bio Announces Pricing of Public Offering of $ Million of Common StockRead MoreNovember ,Vor Bio Announces Proposed Public Offeri",
    "link": "https://ir.vorbio.com/news-releases/news-release-details/vor-bio-announces-pricing-public-offering--million-common",
    "timestamp": "unknown"
  },
  {
    "title": "YearNoneNovember ,Vor Bio Announces Pricing of Public Offering of $ Million of Common StockRead MoreNovember ,Vor Bio Announces Proposed Public Offeri",
    "link": "https://ir.vorbio.com/news-releases/news-release-details/vor-bio-announces-pricing-public-offering--million-common",
    "timestamp": "unknown"
  },
  {
    "title": "YearNoneNovember ,Vor Bio Announces Pricing of Public Offering of $ Million of Common StockRead MoreNovember ,Vor Bio Announces Proposed Public Offeri",
    "link": "https://ir.vorbio.com/news-releases/news-release-details/vor-bio-announces-pricing-public-offering--million-common",
    "timestamp": "unknown"
  },
  {
    "title": "YearNoneNovember ,Vor Bio Announces Pricing of Public Offering of $ Million of Common StockRead MoreNovember ,Vor Bio Announces Proposed Public Offeri",
    "link": "https://ir.vorbio.com/news-releases/news-release-details/vor-bio-announces-pricing-public-offering--million-common",
    "timestamp": "unknown"
  },
  {
    "title": "YearNoneNovember ,Vor Bio Announces Pricing of Public Offering of $ Million of Common StockRead MoreNovember ,Vor Bio Announces Proposed Public Offeri",
    "link": "https://ir.vorbio.com/news-releases/news-release-details/vor-bio-announces-pricing-public-offering--million-common",
    "timestamp": "unknown"
  },
  {
    "title": "YearNoneNovember ,Vor Bio Announces Pricing of Public Offering of $ Million of Common StockRead MoreNovember ,Vor Bio Announces Proposed Public Offeri",
    "link": "https://ir.vorbio.com/news-releases/news-release-details/vor-bio-announces-pricing-public-offering--million-common",
    "timestamp": "unknown"
  },
  {
    "title": "YearNoneNovember ,Vor Bio Announces Pricing of Public Offering of $ Million of Common StockRead MoreNovember ,Vor Bio Announces Proposed Public Offeri",
    "link": "https://ir.vorbio.com/news-releases/news-release-details/vor-bio-announces-pricing-public-offering--million-common",
    "timestamp": "unknown"
  },
  {
    "title": "November ,Vor Bio Announces Pricing of Public Offering of $ Million of Common StockRead MoreNovember ,Vor Bio Announces Proposed Public Offering of $ ",
    "link": "https://ir.vorbio.com/news-releases/news-release-details/vor-bio-announces-pricing-public-offering--million-common",
    "timestamp": "unknown"
  },
  {
    "title": "November ,Vor Bio Announces Pricing of Public Offering of $ Million of Common StockRead More",
    "link": "https://ir.vorbio.com/news-releases/news-release-details/vor-bio-announces-pricing-public-offering--million-common",
    "timestamp": "unknown"
  },
  {
    "title": "Vor Bio Announces Pricing of Public Offering of $ Million of Common Stock",
    "link": "https://ir.vorbio.com/news-releases/news-release-details/vor-bio-announces-pricing-public-offering--million-common",
    "timestamp": "unknown"
  },
  {
    "title": "Read More",
    "link": "https://ir.vorbio.com/news-releases/news-release-details/vor-bio-announces-pricing-public-offering--million-common",
    "timestamp": "unknown"
  },
  {
    "title": "November ,Vor Bio Announces Proposed Public Offering of $ Million of Common StockRead More",
    "link": "https://ir.vorbio.com/news-releases/news-release-details/vor-bio-announces-proposed-public-offering--million-common",
    "timestamp": "unknown"
  },
  {
    "title": "Vor Bio Announces Proposed Public Offering of $ Million of Common Stock",
    "link": "https://ir.vorbio.com/news-releases/news-release-details/vor-bio-announces-proposed-public-offering--million-common",
    "timestamp": "unknown"
  },
  {
    "title": "Read More",
    "link": "https://ir.vorbio.com/news-releases/news-release-details/vor-bio-announces-proposed-public-offering--million-common",
    "timestamp": "unknown"
  },
  {
    "title": "November ,Telitacicept Achieved Primary Endpoint of Reducing Proteinuria in Stage A of a Phase  Clinical Study for IgA Nephropathy in ChinaRead More",
    "link": "https://ir.vorbio.com/news-releases/news-release-details/telitacicept-achieved-primary-endpoint-reducing-proteinuria",
    "timestamp": "unknown"
  },
  {
    "title": "Telitacicept Achieved Primary Endpoint of Reducing Proteinuria in Stage A of a Phase  Clinical Study for IgA Nephropathy in China",
    "link": "https://ir.vorbio.com/news-releases/news-release-details/telitacicept-achieved-primary-endpoint-reducing-proteinuria",
    "timestamp": "unknown"
  },
  {
    "title": "Read More",
    "link": "https://ir.vorbio.com/news-releases/news-release-details/telitacicept-achieved-primary-endpoint-reducing-proteinuria",
    "timestamp": "unknown"
  },
  {
    "title": "November ,Vor Bio to Participate in Upcoming Investor ConferencesRead More",
    "link": "https://ir.vorbio.com/news-releases/news-release-details/vor-bio-participate-upcoming-investor-conferences-",
    "timestamp": "unknown"
  },
  {
    "title": "Vor Bio to Participate in Upcoming Investor Conferences",
    "link": "https://ir.vorbio.com/news-releases/news-release-details/vor-bio-participate-upcoming-investor-conferences-",
    "timestamp": "unknown"
  },
  {
    "title": "Read More",
    "link": "https://ir.vorbio.com/news-releases/news-release-details/vor-bio-participate-upcoming-investor-conferences-",
    "timestamp": "unknown"
  },
  {
    "title": "November ,Vor Bio Appoints Jeremy Sokolove, M.D. as Chief Medical OfficerRead More",
    "link": "https://ir.vorbio.com/news-releases/news-release-details/vor-bio-appoints-jeremy-sokolove-md-chief-medical-officer",
    "timestamp": "unknown"
  },
  {
    "title": "Vor Bio Appoints Jeremy Sokolove, M.D. as Chief Medical Officer",
    "link": "https://ir.vorbio.com/news-releases/news-release-details/vor-bio-appoints-jeremy-sokolove-md-chief-medical-officer",
    "timestamp": "unknown"
  },
  {
    "title": "Read More",
    "link": "https://ir.vorbio.com/news-releases/news-release-details/vor-bio-appoints-jeremy-sokolove-md-chief-medical-officer",
    "timestamp": "unknown"
  },
  {
    "title": "October ,Vor Bio Reports Inducement Grants Under Nasdaq Listing Rule (c)()Read More",
    "link": "https://ir.vorbio.com/news-releases/news-release-details/vor-bio-reports-inducement-grants-under-nasdaq-listing-rule-",
    "timestamp": "unknown"
  },
  {
    "title": "Vor Bio Reports Inducement Grants Under Nasdaq Listing Rule (c)()",
    "link": "https://ir.vorbio.com/news-releases/news-release-details/vor-bio-reports-inducement-grants-under-nasdaq-listing-rule-",
    "timestamp": "unknown"
  },
  {
    "title": "Read More",
    "link": "https://ir.vorbio.com/news-releases/news-release-details/vor-bio-reports-inducement-grants-under-nasdaq-listing-rule-",
    "timestamp": "unknown"
  },
  {
    "title": "October ,Telitacicept Demonstrates Sustained Efficacy and Favorable Safety Profile in -Week China Phase  Open-Label Extension Generalized Myasthenia G",
    "link": "https://ir.vorbio.com/news-releases/news-release-details/telitacicept-demonstrates-sustained-efficacy-and-favorable",
    "timestamp": "unknown"
  },
  {
    "title": "Telitacicept Demonstrates Sustained Efficacy and Favorable Safety Profile in -Week China Phase  Open-Label Extension Generalized Myasthenia Gravis Dat",
    "link": "https://ir.vorbio.com/news-releases/news-release-details/telitacicept-demonstrates-sustained-efficacy-and-favorable",
    "timestamp": "unknown"
  },
  {
    "title": "Read More",
    "link": "https://ir.vorbio.com/news-releases/news-release-details/telitacicept-demonstrates-sustained-efficacy-and-favorable",
    "timestamp": "unknown"
  },
  {
    "title": "October ,Vor Bio to Host Webcast on Late-Breaking China Phase  Telitacicept Data in Primary Sj\u00f6gren\u2019s DiseaseRead More",
    "link": "https://ir.vorbio.com/news-releases/news-release-details/vor-bio-host-webcast-late-breaking-china-phase--telitacicept",
    "timestamp": "unknown"
  },
  {
    "title": "Vor Bio to Host Webcast on Late-Breaking China Phase  Telitacicept Data in Primary Sj\u00f6gren\u2019s Disease",
    "link": "https://ir.vorbio.com/news-releases/news-release-details/vor-bio-host-webcast-late-breaking-china-phase--telitacicept",
    "timestamp": "unknown"
  },
  {
    "title": "Read More",
    "link": "https://ir.vorbio.com/news-releases/news-release-details/vor-bio-host-webcast-late-breaking-china-phase--telitacicept",
    "timestamp": "unknown"
  },
  {
    "title": "October ,Vor Bio Announces Late-Breaking Oral Presentation of China Phase  IgA Nephropathy Clinical Study at American Society of Nephrology\u2019s Kidney W",
    "link": "https://ir.vorbio.com/news-releases/news-release-details/vor-bio-announces-late-breaking-oral-presentation-china-phase-",
    "timestamp": "unknown"
  },
  {
    "title": "Vor Bio Announces Late-Breaking Oral Presentation of China Phase  IgA Nephropathy Clinical Study at American Society of Nephrology\u2019s Kidney Week",
    "link": "https://ir.vorbio.com/news-releases/news-release-details/vor-bio-announces-late-breaking-oral-presentation-china-phase-",
    "timestamp": "unknown"
  },
  {
    "title": "Read More",
    "link": "https://ir.vorbio.com/news-releases/news-release-details/vor-bio-announces-late-breaking-oral-presentation-china-phase-",
    "timestamp": "unknown"
  },
  {
    "title": "October ,Vor Bio Announces Publication of China Phase  Study of Telitacicept in Systemic Lupus Erythematosus in\u00a0The New England Journal of MedicineRea",
    "link": "https://ir.vorbio.com/news-releases/news-release-details/vor-bio-announces-publication-china-phase--study-telitacicept",
    "timestamp": "unknown"
  },
  {
    "title": "Vor Bio Announces Publication of China Phase  Study of Telitacicept in Systemic Lupus Erythematosus in\u00a0The New England Journal of Medicine",
    "link": "https://ir.vorbio.com/news-releases/news-release-details/vor-bio-announces-publication-china-phase--study-telitacicept",
    "timestamp": "unknown"
  },
  {
    "title": "Read More",
    "link": "https://ir.vorbio.com/news-releases/news-release-details/vor-bio-announces-publication-china-phase--study-telitacicept",
    "timestamp": "unknown"
  },
  {
    "title": "PaginationCurrent pagePagePageNext pagenext \u203aLast pagelast \u00bb",
    "link": "https://ir.vorbio.com/news-releases/?page=",
    "timestamp": "unknown"
  },
  {
    "title": "Current page",
    "link": "https://ir.vorbio.com/news-releases/?page=",
    "timestamp": "unknown"
  },
  {
    "title": "Page",
    "link": "https://ir.vorbio.com/news-releases/?page=",
    "timestamp": "unknown"
  },
  {
    "title": "Page",
    "link": "https://ir.vorbio.com/news-releases/?page=",
    "timestamp": "unknown"
  },
  {
    "title": "Next pagenext \u203a",
    "link": "https://ir.vorbio.com/news-releases/?page=",
    "timestamp": "unknown"
  },
  {
    "title": "Last pagelast \u00bb",
    "link": "https://ir.vorbio.com/news-releases/?page=",
    "timestamp": "unknown"
  },
  {
    "title": "Shareholder ToolsPrint PageRSSEmail AlertsContact IR",
    "link": "https://ir.vorbio.com/news-releases/",
    "timestamp": "unknown"
  },
  {
    "title": "Shareholder ToolsPrint PageRSSEmail AlertsContact IR",
    "link": "https://ir.vorbio.com/news-releases/",
    "timestamp": "unknown"
  },
  {
    "title": "Shareholder ToolsPrint PageRSSEmail AlertsContact IR",
    "link": "https://ir.vorbio.com/news-releases/",
    "timestamp": "unknown"
  },
  {
    "title": "Shareholder ToolsPrint PageRSSEmail AlertsContact IR",
    "link": "https://ir.vorbio.com/news-releases/",
    "timestamp": "unknown"
  },
  {
    "title": "Print PageRSSEmail AlertsContact IR",
    "link": "https://ir.vorbio.com/news-releases/",
    "timestamp": "unknown"
  },
  {
    "title": "Print Page",
    "link": "https://ir.vorbio.com/news-releases/",
    "timestamp": "unknown"
  },
  {
    "title": "RSS",
    "link": "https://ir.vorbio.com/rss",
    "timestamp": "unknown"
  },
  {
    "title": "Email Alerts",
    "link": "https://ir.vorbio.com/email-alerts",
    "timestamp": "unknown"
  },
  {
    "title": "Contact IR",
    "link": "https://ir.vorbio.com/contact-ir",
    "timestamp": "unknown"
  },
  {
    "title": "About UsScience & InnovationOur PipelinePatientsCareersInvestorsNews ReleasesEvents & PresentationsAnalyst CoverageCorporate GovernanceSEC FilingsTax ",
    "link": "https://ir.vorbio.com/news-releases/",
    "timestamp": "unknown"
  },
  {
    "title": "About UsScience & InnovationOur PipelinePatientsCareersInvestorsNews ReleasesEvents & PresentationsAnalyst CoverageCorporate GovernanceSEC FilingsTax ",
    "link": "https://ir.vorbio.com/news-releases/",
    "timestamp": "unknown"
  },
  {
    "title": "About UsScience & InnovationOur PipelinePatientsCareersInvestorsNews ReleasesEvents & PresentationsAnalyst CoverageCorporate GovernanceSEC FilingsTax ",
    "link": "https://ir.vorbio.com/news-releases/",
    "timestamp": "unknown"
  },
  {
    "title": "About UsScience & InnovationOur PipelinePatientsCareersInvestorsNews ReleasesEvents & PresentationsAnalyst CoverageCorporate GovernanceSEC FilingsTax ",
    "link": "https://ir.vorbio.com/news-releases/",
    "timestamp": "unknown"
  },
  {
    "title": "About UsScience & InnovationOur PipelinePatientsCareersInvestorsNews ReleasesEvents & PresentationsAnalyst CoverageCorporate GovernanceSEC FilingsTax ",
    "link": "https://ir.vorbio.com/news-releases/",
    "timestamp": "unknown"
  },
  {
    "title": "About UsScience & InnovationOur PipelinePatientsCareersInvestorsNews ReleasesEvents & PresentationsAnalyst CoverageCorporate GovernanceSEC FilingsTax ",
    "link": "https://www.vorbio.com/about/",
    "timestamp": "unknown"
  },
  {
    "title": "About UsScience & InnovationOur PipelinePatientsCareersInvestorsNews ReleasesEvents & PresentationsAnalyst CoverageCorporate GovernanceSEC FilingsTax ",
    "link": "https://www.vorbio.com/about/",
    "timestamp": "unknown"
  },
  {
    "title": "About Us",
    "link": "https://www.vorbio.com/about/",
    "timestamp": "unknown"
  },
  {
    "title": "Science & Innovation",
    "link": "https://www.vorbio.com/science-innovation/",
    "timestamp": "unknown"
  },
  {
    "title": "Our Pipeline",
    "link": "https://www.vorbio.com/our-pipeline/",
    "timestamp": "unknown"
  },
  {
    "title": "Patients",
    "link": "https://www.vorbio.com/patients/",
    "timestamp": "unknown"
  },
  {
    "title": "Careers",
    "link": "https://www.vorbio.com/careers/",
    "timestamp": "unknown"
  },
  {
    "title": "InvestorsNews ReleasesEvents & PresentationsAnalyst CoverageCorporate GovernanceSEC FilingsTax InformationContact IREmail Alerts",
    "link": "https://ir.vorbio.com/",
    "timestamp": "unknown"
  },
  {
    "title": "News Releases",
    "link": "https://ir.vorbio.com/news-releases/",
    "timestamp": "unknown"
  },
  {
    "title": "Events & Presentations",
    "link": "https://ir.vorbio.com/events-presentations/",
    "timestamp": "unknown"
  },
  {
    "title": "Analyst Coverage",
    "link": "https://ir.vorbio.com/analyst-coverage/",
    "timestamp": "unknown"
  },
  {
    "title": "Corporate Governance",
    "link": "https://ir.vorbio.com/corporate-governance/",
    "timestamp": "unknown"
  },
  {
    "title": "SEC Filings",
    "link": "https://ir.vorbio.com/sec-filings/",
    "timestamp": "unknown"
  },
  {
    "title": "Tax Information",
    "link": "https://ir.vorbio.com/tax-information",
    "timestamp": "unknown"
  },
  {
    "title": "Contact IR",
    "link": "https://ir.vorbio.com/contact-ir/",
    "timestamp": "unknown"
  },
  {
    "title": "Email Alerts",
    "link": "https://ir.vorbio.com/email-alerts/",
    "timestamp": "unknown"
  },
  {
    "title": "Contact",
    "link": "https://www.vorbio.com/contact/",
    "timestamp": "unknown"
  },
  {
    "title": "\u00a9  Vor BioPrivacy PolicyTerms of Use",
    "link": "https://www.vorbio.com/privacy-policy/",
    "timestamp": "unknown"
  },
  {
    "title": "Privacy PolicyTerms of Use",
    "link": "https://www.vorbio.com/privacy-policy/",
    "timestamp": "unknown"
  },
  {
    "title": "Privacy PolicyTerms of Use",
    "link": "https://www.vorbio.com/privacy-policy/",
    "timestamp": "unknown"
  },
  {
    "title": "Privacy Policy",
    "link": "https://www.vorbio.com/privacy-policy/",
    "timestamp": "unknown"
  },
  {
    "title": "Terms of Use",
    "link": "https://www.vorbio.com/terms-of-use/",
    "timestamp": "unknown"
  }
]