[
  {
    "title": "About UsScience & InnovationOverviewOur PipelinePatientsCareersInvestorsOverviewNews ReleasesEvents & PresentationsAnalyst CoverageCorporate Governanc",
    "link": "https://www.vorbio.com/",
    "timestamp": "unknown"
  },
  {
    "title": "About UsScience & InnovationOverviewOur PipelinePatientsCareersInvestorsOverviewNews ReleasesEvents & PresentationsAnalyst CoverageCorporate Governanc",
    "link": "https://www.vorbio.com/about/",
    "timestamp": "unknown"
  },
  {
    "title": "About Us",
    "link": "https://www.vorbio.com/about/",
    "timestamp": "unknown"
  },
  {
    "title": "Science & InnovationOverviewOur Pipeline",
    "link": "https://ir.vorbio.com/events-presentations/",
    "timestamp": "unknown"
  },
  {
    "title": "Overview",
    "link": "https://www.vorbio.com/science-innovation/",
    "timestamp": "unknown"
  },
  {
    "title": "Our Pipeline",
    "link": "https://www.vorbio.com/our-pipeline/",
    "timestamp": "unknown"
  },
  {
    "title": "Patients",
    "link": "https://www.vorbio.com/patients/",
    "timestamp": "unknown"
  },
  {
    "title": "Careers",
    "link": "https://www.vorbio.com/careers/",
    "timestamp": "unknown"
  },
  {
    "title": "InvestorsOverviewNews ReleasesEvents & PresentationsAnalyst CoverageCorporate GovernanceSEC FilingsTax InformationContact IREmail Alerts",
    "link": "https://ir.vorbio.com/events-presentations/",
    "timestamp": "unknown"
  },
  {
    "title": "Overview",
    "link": "https://ir.vorbio.com/",
    "timestamp": "unknown"
  },
  {
    "title": "News Releases",
    "link": "https://ir.vorbio.com/news-releases/",
    "timestamp": "unknown"
  },
  {
    "title": "Events & Presentations",
    "link": "https://ir.vorbio.com/events-presentations/",
    "timestamp": "unknown"
  },
  {
    "title": "Analyst Coverage",
    "link": "https://ir.vorbio.com/analyst-coverage/",
    "timestamp": "unknown"
  },
  {
    "title": "Corporate Governance",
    "link": "https://ir.vorbio.com/corporate-governance/",
    "timestamp": "unknown"
  },
  {
    "title": "SEC Filings",
    "link": "https://ir.vorbio.com/sec-filings/",
    "timestamp": "unknown"
  },
  {
    "title": "Tax Information",
    "link": "https://ir.vorbio.com/tax-information",
    "timestamp": "unknown"
  },
  {
    "title": "Contact IR",
    "link": "https://ir.vorbio.com/contact-ir/",
    "timestamp": "unknown"
  },
  {
    "title": "Email Alerts",
    "link": "https://ir.vorbio.com/email-alerts/",
    "timestamp": "unknown"
  },
  {
    "title": "Contact",
    "link": "https://www.vorbio.com/contact/",
    "timestamp": "unknown"
  },
  {
    "title": "Events & PresentationsUpcoming EventsNo Upcoming Events to displayArchived EventsDecember ,  at  EST8th Annual Evercore Healthcare ConferenceClick Her",
    "link": "https://ir.vorbio.com/events/event-details/8th-annual-evercore-healthcare-conference",
    "timestamp": "unknown"
  },
  {
    "title": "Upcoming EventsNo Upcoming Events to displayArchived EventsDecember ,  at  EST8th Annual Evercore Healthcare ConferenceClick Here for WebcastNovember ",
    "link": "https://ir.vorbio.com/events/event-details/8th-annual-evercore-healthcare-conference",
    "timestamp": "unknown"
  },
  {
    "title": "Upcoming EventsNo Upcoming Events to displayArchived EventsDecember ,  at  EST8th Annual Evercore Healthcare ConferenceClick Here for WebcastNovember ",
    "link": "https://ir.vorbio.com/events/event-details/8th-annual-evercore-healthcare-conference",
    "timestamp": "unknown"
  },
  {
    "title": "Upcoming EventsNo Upcoming Events to displayArchived EventsDecember ,  at  EST8th Annual Evercore Healthcare ConferenceClick Here for WebcastNovember ",
    "link": "https://ir.vorbio.com/events/event-details/8th-annual-evercore-healthcare-conference",
    "timestamp": "unknown"
  },
  {
    "title": "Upcoming EventsNo Upcoming Events to displayArchived EventsDecember ,  at  EST8th Annual Evercore Healthcare ConferenceClick Here for WebcastNovember ",
    "link": "https://ir.vorbio.com/events/event-details/8th-annual-evercore-healthcare-conference",
    "timestamp": "unknown"
  },
  {
    "title": "Upcoming EventsNo Upcoming Events to displayArchived EventsDecember ,  at  EST8th Annual Evercore Healthcare ConferenceClick Here for WebcastNovember ",
    "link": "https://ir.vorbio.com/events/event-details/8th-annual-evercore-healthcare-conference",
    "timestamp": "unknown"
  },
  {
    "title": "Upcoming EventsNo Upcoming Events to displayArchived EventsDecember ,  at  EST8th Annual Evercore Healthcare ConferenceClick Here for WebcastNovember ",
    "link": "https://ir.vorbio.com/events/event-details/8th-annual-evercore-healthcare-conference",
    "timestamp": "unknown"
  },
  {
    "title": "Archived EventsDecember ,  at  EST8th Annual Evercore Healthcare ConferenceClick Here for WebcastNovember ,  at  ESTTD Cowen Immunology & Inflammation",
    "link": "https://ir.vorbio.com/events/event-details/8th-annual-evercore-healthcare-conference",
    "timestamp": "unknown"
  },
  {
    "title": "Archived EventsDecember ,  at  EST8th Annual Evercore Healthcare ConferenceClick Here for WebcastNovember ,  at  ESTTD Cowen Immunology & Inflammation",
    "link": "https://ir.vorbio.com/events/event-details/8th-annual-evercore-healthcare-conference",
    "timestamp": "unknown"
  },
  {
    "title": "Archived EventsDecember ,  at  EST8th Annual Evercore Healthcare ConferenceClick Here for WebcastNovember ,  at  ESTTD Cowen Immunology & Inflammation",
    "link": "https://ir.vorbio.com/events/event-details/8th-annual-evercore-healthcare-conference",
    "timestamp": "unknown"
  },
  {
    "title": "Archived EventsDecember ,  at  EST8th Annual Evercore Healthcare ConferenceClick Here for WebcastNovember ,  at  ESTTD Cowen Immunology & Inflammation",
    "link": "https://ir.vorbio.com/events/event-details/8th-annual-evercore-healthcare-conference",
    "timestamp": "unknown"
  },
  {
    "title": "Archived EventsDecember ,  at  EST8th Annual Evercore Healthcare ConferenceClick Here for WebcastNovember ,  at  ESTTD Cowen Immunology & Inflammation",
    "link": "https://ir.vorbio.com/events/event-details/8th-annual-evercore-healthcare-conference",
    "timestamp": "unknown"
  },
  {
    "title": "Archived EventsDecember ,  at  EST8th Annual Evercore Healthcare ConferenceClick Here for WebcastNovember ,  at  ESTTD Cowen Immunology & Inflammation",
    "link": "https://ir.vorbio.com/events/event-details/8th-annual-evercore-healthcare-conference",
    "timestamp": "unknown"
  },
  {
    "title": "Archived EventsDecember ,  at  EST8th Annual Evercore Healthcare ConferenceClick Here for WebcastNovember ,  at  ESTTD Cowen Immunology & Inflammation",
    "link": "https://ir.vorbio.com/events/event-details/8th-annual-evercore-healthcare-conference",
    "timestamp": "unknown"
  },
  {
    "title": "Archived EventsDecember ,  at  EST8th Annual Evercore Healthcare ConferenceClick Here for WebcastNovember ,  at  ESTTD Cowen Immunology & Inflammation",
    "link": "https://ir.vorbio.com/events/event-details/8th-annual-evercore-healthcare-conference",
    "timestamp": "unknown"
  },
  {
    "title": "December ,  at  EST8th Annual Evercore Healthcare ConferenceClick Here for WebcastNovember ,  at  ESTTD Cowen Immunology & Inflammation SummitClick He",
    "link": "https://ir.vorbio.com/events/event-details/8th-annual-evercore-healthcare-conference",
    "timestamp": "unknown"
  },
  {
    "title": "December ,  at  EST8th Annual Evercore Healthcare ConferenceClick Here for WebcastNovember ,  at  ESTTD Cowen Immunology & Inflammation SummitClick He",
    "link": "https://ir.vorbio.com/events/event-details/8th-annual-evercore-healthcare-conference",
    "timestamp": "unknown"
  },
  {
    "title": "December ,  at  EST8th Annual Evercore Healthcare ConferenceClick Here for WebcastNovember ,  at  ESTTD Cowen Immunology & Inflammation SummitClick He",
    "link": "https://ir.vorbio.com/events/event-details/8th-annual-evercore-healthcare-conference",
    "timestamp": "unknown"
  },
  {
    "title": "December ,  at  EST8th Annual Evercore Healthcare ConferenceClick Here for Webcast",
    "link": "https://ir.vorbio.com/events/event-details/8th-annual-evercore-healthcare-conference",
    "timestamp": "unknown"
  },
  {
    "title": "8th Annual Evercore Healthcare Conference",
    "link": "https://ir.vorbio.com/events/event-details/8th-annual-evercore-healthcare-conference",
    "timestamp": "unknown"
  },
  {
    "title": "8th Annual Evercore Healthcare Conference",
    "link": "https://ir.vorbio.com/events/event-details/8th-annual-evercore-healthcare-conference",
    "timestamp": "unknown"
  },
  {
    "title": "8th Annual Evercore Healthcare Conference",
    "link": "https://ir.vorbio.com/events/event-details/8th-annual-evercore-healthcare-conference",
    "timestamp": "unknown"
  },
  {
    "title": "Click Here for Webcast",
    "link": "https://wsw.com/webcast/evercore52/vor/",
    "timestamp": "unknown"
  },
  {
    "title": "Click Here for Webcast",
    "link": "https://wsw.com/webcast/evercore52/vor/",
    "timestamp": "unknown"
  },
  {
    "title": "Click Here for Webcast",
    "link": "https://wsw.com/webcast/evercore52/vor/",
    "timestamp": "unknown"
  },
  {
    "title": "November ,  at  ESTTD Cowen Immunology & Inflammation SummitClick Here for Webcast",
    "link": "https://ir.vorbio.com/events/event-details/td-cowen-immunology-inflammation-summit",
    "timestamp": "unknown"
  },
  {
    "title": "TD Cowen Immunology & Inflammation Summit",
    "link": "https://ir.vorbio.com/events/event-details/td-cowen-immunology-inflammation-summit",
    "timestamp": "unknown"
  },
  {
    "title": "TD Cowen Immunology & Inflammation Summit",
    "link": "https://ir.vorbio.com/events/event-details/td-cowen-immunology-inflammation-summit",
    "timestamp": "unknown"
  },
  {
    "title": "TD Cowen Immunology & Inflammation Summit",
    "link": "https://ir.vorbio.com/events/event-details/td-cowen-immunology-inflammation-summit",
    "timestamp": "unknown"
  },
  {
    "title": "Click Here for Webcast",
    "link": "https://wsw.com/webcast/cowen185/vor/",
    "timestamp": "unknown"
  },
  {
    "title": "Click Here for Webcast",
    "link": "https://wsw.com/webcast/cowen185/vor/",
    "timestamp": "unknown"
  },
  {
    "title": "Click Here for Webcast",
    "link": "https://wsw.com/webcast/cowen185/vor/",
    "timestamp": "unknown"
  },
  {
    "title": "Investor PresentationsVor Bio Corporate Presentation November",
    "link": "https://ir.vorbio.com/static-files/cd8093d1-fc39-45f3-ac8d-621c296b1a46",
    "timestamp": "unknown"
  },
  {
    "title": "Investor PresentationsVor Bio Corporate Presentation November",
    "link": "https://ir.vorbio.com/static-files/cd8093d1-fc39-45f3-ac8d-621c296b1a46",
    "timestamp": "unknown"
  },
  {
    "title": "Investor PresentationsVor Bio Corporate Presentation November",
    "link": "https://ir.vorbio.com/static-files/cd8093d1-fc39-45f3-ac8d-621c296b1a46",
    "timestamp": "unknown"
  },
  {
    "title": "Investor PresentationsVor Bio Corporate Presentation November",
    "link": "https://ir.vorbio.com/static-files/cd8093d1-fc39-45f3-ac8d-621c296b1a46",
    "timestamp": "unknown"
  },
  {
    "title": "Investor PresentationsVor Bio Corporate Presentation November",
    "link": "https://ir.vorbio.com/static-files/cd8093d1-fc39-45f3-ac8d-621c296b1a46",
    "timestamp": "unknown"
  },
  {
    "title": "Investor PresentationsVor Bio Corporate Presentation November",
    "link": "https://ir.vorbio.com/static-files/cd8093d1-fc39-45f3-ac8d-621c296b1a46",
    "timestamp": "unknown"
  },
  {
    "title": "Investor PresentationsVor Bio Corporate Presentation November",
    "link": "https://ir.vorbio.com/static-files/cd8093d1-fc39-45f3-ac8d-621c296b1a46",
    "timestamp": "unknown"
  },
  {
    "title": "Investor PresentationsVor Bio Corporate Presentation November",
    "link": "https://ir.vorbio.com/static-files/cd8093d1-fc39-45f3-ac8d-621c296b1a46",
    "timestamp": "unknown"
  },
  {
    "title": "Vor Bio Corporate Presentation November",
    "link": "https://ir.vorbio.com/static-files/cd8093d1-fc39-45f3-ac8d-621c296b1a46",
    "timestamp": "unknown"
  },
  {
    "title": "Vor Bio Corporate Presentation November",
    "link": "https://ir.vorbio.com/static-files/cd8093d1-fc39-45f3-ac8d-621c296b1a46",
    "timestamp": "unknown"
  },
  {
    "title": "Vor Bio Corporate Presentation November",
    "link": "https://ir.vorbio.com/static-files/cd8093d1-fc39-45f3-ac8d-621c296b1a46",
    "timestamp": "unknown"
  },
  {
    "title": "Vor Bio Corporate Presentation November",
    "link": "https://ir.vorbio.com/static-files/cd8093d1-fc39-45f3-ac8d-621c296b1a46",
    "timestamp": "unknown"
  },
  {
    "title": "Vor Bio Corporate Presentation November",
    "link": "https://ir.vorbio.com/static-files/cd8093d1-fc39-45f3-ac8d-621c296b1a46",
    "timestamp": "unknown"
  },
  {
    "title": "Vor Bio Corporate Presentation November",
    "link": "https://ir.vorbio.com/static-files/cd8093d1-fc39-45f3-ac8d-621c296b1a46",
    "timestamp": "unknown"
  },
  {
    "title": "Vor Bio Corporate Presentation November",
    "link": "https://ir.vorbio.com/static-files/cd8093d1-fc39-45f3-ac8d-621c296b1a46",
    "timestamp": "unknown"
  },
  {
    "title": "Shareholder ToolsPrint PageRSSEmail AlertsContact IR",
    "link": "https://ir.vorbio.com/events-presentations/",
    "timestamp": "unknown"
  },
  {
    "title": "Shareholder ToolsPrint PageRSSEmail AlertsContact IR",
    "link": "https://ir.vorbio.com/events-presentations/",
    "timestamp": "unknown"
  },
  {
    "title": "Shareholder ToolsPrint PageRSSEmail AlertsContact IR",
    "link": "https://ir.vorbio.com/events-presentations/",
    "timestamp": "unknown"
  },
  {
    "title": "Shareholder ToolsPrint PageRSSEmail AlertsContact IR",
    "link": "https://ir.vorbio.com/events-presentations/",
    "timestamp": "unknown"
  },
  {
    "title": "Print PageRSSEmail AlertsContact IR",
    "link": "https://ir.vorbio.com/events-presentations/",
    "timestamp": "unknown"
  },
  {
    "title": "Print Page",
    "link": "https://ir.vorbio.com/events-presentations/",
    "timestamp": "unknown"
  },
  {
    "title": "RSS",
    "link": "https://ir.vorbio.com/rss",
    "timestamp": "unknown"
  },
  {
    "title": "Email Alerts",
    "link": "https://ir.vorbio.com/email-alerts",
    "timestamp": "unknown"
  },
  {
    "title": "Contact IR",
    "link": "https://ir.vorbio.com/contact-ir",
    "timestamp": "unknown"
  },
  {
    "title": "About UsScience & InnovationOur PipelinePatientsCareersInvestorsNews ReleasesEvents & PresentationsAnalyst CoverageCorporate GovernanceSEC FilingsTax ",
    "link": "https://ir.vorbio.com/events-presentations/",
    "timestamp": "unknown"
  },
  {
    "title": "About UsScience & InnovationOur PipelinePatientsCareersInvestorsNews ReleasesEvents & PresentationsAnalyst CoverageCorporate GovernanceSEC FilingsTax ",
    "link": "https://ir.vorbio.com/events-presentations/",
    "timestamp": "unknown"
  },
  {
    "title": "About UsScience & InnovationOur PipelinePatientsCareersInvestorsNews ReleasesEvents & PresentationsAnalyst CoverageCorporate GovernanceSEC FilingsTax ",
    "link": "https://ir.vorbio.com/events-presentations/",
    "timestamp": "unknown"
  },
  {
    "title": "About UsScience & InnovationOur PipelinePatientsCareersInvestorsNews ReleasesEvents & PresentationsAnalyst CoverageCorporate GovernanceSEC FilingsTax ",
    "link": "https://ir.vorbio.com/events-presentations/",
    "timestamp": "unknown"
  },
  {
    "title": "About UsScience & InnovationOur PipelinePatientsCareersInvestorsNews ReleasesEvents & PresentationsAnalyst CoverageCorporate GovernanceSEC FilingsTax ",
    "link": "https://ir.vorbio.com/events-presentations/",
    "timestamp": "unknown"
  },
  {
    "title": "About UsScience & InnovationOur PipelinePatientsCareersInvestorsNews ReleasesEvents & PresentationsAnalyst CoverageCorporate GovernanceSEC FilingsTax ",
    "link": "https://www.vorbio.com/about/",
    "timestamp": "unknown"
  },
  {
    "title": "About UsScience & InnovationOur PipelinePatientsCareersInvestorsNews ReleasesEvents & PresentationsAnalyst CoverageCorporate GovernanceSEC FilingsTax ",
    "link": "https://www.vorbio.com/about/",
    "timestamp": "unknown"
  },
  {
    "title": "About Us",
    "link": "https://www.vorbio.com/about/",
    "timestamp": "unknown"
  },
  {
    "title": "Science & Innovation",
    "link": "https://www.vorbio.com/science-innovation/",
    "timestamp": "unknown"
  },
  {
    "title": "Our Pipeline",
    "link": "https://www.vorbio.com/our-pipeline/",
    "timestamp": "unknown"
  },
  {
    "title": "Patients",
    "link": "https://www.vorbio.com/patients/",
    "timestamp": "unknown"
  },
  {
    "title": "Careers",
    "link": "https://www.vorbio.com/careers/",
    "timestamp": "unknown"
  },
  {
    "title": "InvestorsNews ReleasesEvents & PresentationsAnalyst CoverageCorporate GovernanceSEC FilingsTax InformationContact IREmail Alerts",
    "link": "https://ir.vorbio.com/",
    "timestamp": "unknown"
  },
  {
    "title": "News Releases",
    "link": "https://ir.vorbio.com/news-releases/",
    "timestamp": "unknown"
  },
  {
    "title": "Events & Presentations",
    "link": "https://ir.vorbio.com/events-presentations/",
    "timestamp": "unknown"
  },
  {
    "title": "Analyst Coverage",
    "link": "https://ir.vorbio.com/analyst-coverage/",
    "timestamp": "unknown"
  },
  {
    "title": "Corporate Governance",
    "link": "https://ir.vorbio.com/corporate-governance/",
    "timestamp": "unknown"
  },
  {
    "title": "SEC Filings",
    "link": "https://ir.vorbio.com/sec-filings/",
    "timestamp": "unknown"
  },
  {
    "title": "Tax Information",
    "link": "https://ir.vorbio.com/tax-information",
    "timestamp": "unknown"
  },
  {
    "title": "Contact IR",
    "link": "https://ir.vorbio.com/contact-ir/",
    "timestamp": "unknown"
  },
  {
    "title": "Email Alerts",
    "link": "https://ir.vorbio.com/email-alerts/",
    "timestamp": "unknown"
  },
  {
    "title": "Contact",
    "link": "https://www.vorbio.com/contact/",
    "timestamp": "unknown"
  },
  {
    "title": "\u00a9  Vor BioPrivacy PolicyTerms of Use",
    "link": "https://www.vorbio.com/privacy-policy/",
    "timestamp": "unknown"
  },
  {
    "title": "Privacy PolicyTerms of Use",
    "link": "https://www.vorbio.com/privacy-policy/",
    "timestamp": "unknown"
  },
  {
    "title": "Privacy PolicyTerms of Use",
    "link": "https://www.vorbio.com/privacy-policy/",
    "timestamp": "unknown"
  },
  {
    "title": "Privacy Policy",
    "link": "https://www.vorbio.com/privacy-policy/",
    "timestamp": "unknown"
  },
  {
    "title": "Terms of Use",
    "link": "https://www.vorbio.com/terms-of-use/",
    "timestamp": "unknown"
  }
]