[
  {
    "title": "About UsScience & InnovationOverviewOur PipelinePatientsCareersInvestorsOverviewNews ReleasesEvents & PresentationsAnalyst CoverageCorporate Governanc",
    "link": "https://www.vorbio.com/",
    "timestamp": "unknown"
  },
  {
    "title": "About UsScience & InnovationOverviewOur PipelinePatientsCareersInvestorsOverviewNews ReleasesEvents & PresentationsAnalyst CoverageCorporate Governanc",
    "link": "https://www.vorbio.com/about/",
    "timestamp": "unknown"
  },
  {
    "title": "About Us",
    "link": "https://www.vorbio.com/about/",
    "timestamp": "unknown"
  },
  {
    "title": "Science & InnovationOverviewOur Pipeline",
    "link": "https://ir.vorbio.com/sec-filings/",
    "timestamp": "unknown"
  },
  {
    "title": "Overview",
    "link": "https://www.vorbio.com/science-innovation/",
    "timestamp": "unknown"
  },
  {
    "title": "Our Pipeline",
    "link": "https://www.vorbio.com/our-pipeline/",
    "timestamp": "unknown"
  },
  {
    "title": "Patients",
    "link": "https://www.vorbio.com/patients/",
    "timestamp": "unknown"
  },
  {
    "title": "Careers",
    "link": "https://www.vorbio.com/careers/",
    "timestamp": "unknown"
  },
  {
    "title": "InvestorsOverviewNews ReleasesEvents & PresentationsAnalyst CoverageCorporate GovernanceSEC FilingsContact IREmail Alerts",
    "link": "https://ir.vorbio.com/sec-filings/",
    "timestamp": "unknown"
  },
  {
    "title": "Overview",
    "link": "https://ir.vorbio.com/",
    "timestamp": "unknown"
  },
  {
    "title": "News Releases",
    "link": "https://ir.vorbio.com/news-releases/",
    "timestamp": "unknown"
  },
  {
    "title": "Events & Presentations",
    "link": "https://ir.vorbio.com/events-presentations/",
    "timestamp": "unknown"
  },
  {
    "title": "Analyst Coverage",
    "link": "https://ir.vorbio.com/analyst-coverage/",
    "timestamp": "unknown"
  },
  {
    "title": "Corporate Governance",
    "link": "https://ir.vorbio.com/corporate-governance/",
    "timestamp": "unknown"
  },
  {
    "title": "SEC Filings",
    "link": "https://ir.vorbio.com/sec-filings/",
    "timestamp": "unknown"
  },
  {
    "title": "Contact IR",
    "link": "https://ir.vorbio.com/contact-ir/",
    "timestamp": "unknown"
  },
  {
    "title": "Email Alerts",
    "link": "https://ir.vorbio.com/email-alerts/",
    "timestamp": "unknown"
  },
  {
    "title": "Contact",
    "link": "https://www.vorbio.com/contact/",
    "timestamp": "unknown"
  },
  {
    "title": "SEC FilingsGroup,,Annual FilingsCurrent ReportsMergers & AcquisitionsOtherProxy FilingsQuarterly FilingsRegistration StatementsFiling year- Any -Items",
    "link": "https://ir.vorbio.com/sec-filings/?items_per_page=&order=field_nir_sec_date_filed&sort=asc",
    "timestamp": "unknown"
  },
  {
    "title": "Group,,Annual FilingsCurrent ReportsMergers & AcquisitionsOtherProxy FilingsQuarterly FilingsRegistration StatementsFiling year- Any -Items per pageFi",
    "link": "https://ir.vorbio.com/sec-filings/?items_per_page=&order=field_nir_sec_date_filed&sort=asc",
    "timestamp": "unknown"
  },
  {
    "title": "Group,,Annual FilingsCurrent ReportsMergers & AcquisitionsOtherProxy FilingsQuarterly FilingsRegistration StatementsFiling year- Any -Items per pageFi",
    "link": "https://ir.vorbio.com/sec-filings/?items_per_page=&order=field_nir_sec_date_filed&sort=asc",
    "timestamp": "unknown"
  },
  {
    "title": "Group,,Annual FilingsCurrent ReportsMergers & AcquisitionsOtherProxy FilingsQuarterly FilingsRegistration StatementsFiling year- Any -Items per pageFi",
    "link": "https://ir.vorbio.com/sec-filings/?items_per_page=&order=field_nir_sec_date_filed&sort=asc",
    "timestamp": "unknown"
  },
  {
    "title": "Group,,Annual FilingsCurrent ReportsMergers & AcquisitionsOtherProxy FilingsQuarterly FilingsRegistration StatementsFiling year- Any -Items per pageFi",
    "link": "https://ir.vorbio.com/sec-filings/?items_per_page=&order=field_nir_sec_date_filed&sort=asc",
    "timestamp": "unknown"
  },
  {
    "title": "Group,,Annual FilingsCurrent ReportsMergers & AcquisitionsOtherProxy FilingsQuarterly FilingsRegistration StatementsFiling year- Any -Items per pageFi",
    "link": "https://ir.vorbio.com/sec-filings/?items_per_page=&order=field_nir_sec_date_filed&sort=asc",
    "timestamp": "unknown"
  },
  {
    "title": "Group,,Annual FilingsCurrent ReportsMergers & AcquisitionsOtherProxy FilingsQuarterly FilingsRegistration StatementsFiling year- Any -Items per pageFi",
    "link": "https://ir.vorbio.com/sec-filings/?items_per_page=&order=field_nir_sec_date_filed&sort=asc",
    "timestamp": "unknown"
  },
  {
    "title": "Group,,Annual FilingsCurrent ReportsMergers & AcquisitionsOtherProxy FilingsQuarterly FilingsRegistration StatementsFiling year- Any -Items per pageFi",
    "link": "https://ir.vorbio.com/sec-filings/?items_per_page=&order=field_nir_sec_date_filed&sort=asc",
    "timestamp": "unknown"
  },
  {
    "title": "Group,,Annual FilingsCurrent ReportsMergers & AcquisitionsOtherProxy FilingsQuarterly FilingsRegistration StatementsFiling year- Any -Items per pageFi",
    "link": "https://ir.vorbio.com/sec-filings/?items_per_page=&order=field_nir_sec_date_filed&sort=asc",
    "timestamp": "unknown"
  },
  {
    "title": "Group,,Annual FilingsCurrent ReportsMergers & AcquisitionsOtherProxy FilingsQuarterly FilingsRegistration StatementsFiling year- Any -Items per pageFi",
    "link": "https://ir.vorbio.com/sec-filings/?items_per_page=&order=field_nir_sec_date_filed&sort=asc",
    "timestamp": "unknown"
  },
  {
    "title": "Group,,Annual FilingsCurrent ReportsMergers & AcquisitionsOtherProxy FilingsQuarterly FilingsRegistration StatementsFiling year- Any -Items per pageFi",
    "link": "https://ir.vorbio.com/sec-filings/?items_per_page=&order=field_nir_sec_date_filed&sort=asc",
    "timestamp": "unknown"
  },
  {
    "title": "Group,,Annual FilingsCurrent ReportsMergers & AcquisitionsOtherProxy FilingsQuarterly FilingsRegistration StatementsFiling year- Any -Items per pageFi",
    "link": "https://ir.vorbio.com/sec-filings/?items_per_page=&order=field_nir_sec_date_filed&sort=asc",
    "timestamp": "unknown"
  },
  {
    "title": "Group,,Annual FilingsCurrent ReportsMergers & AcquisitionsOtherProxy FilingsQuarterly FilingsRegistration StatementsFiling year- Any -Items per pageFi",
    "link": "https://ir.vorbio.com/sec-filings/?items_per_page=&order=field_nir_sec_date_filed&sort=asc",
    "timestamp": "unknown"
  },
  {
    "title": "Group,,Annual FilingsCurrent ReportsMergers & AcquisitionsOtherProxy FilingsQuarterly FilingsRegistration StatementsFiling year- Any -Items per pageFi",
    "link": "https://ir.vorbio.com/sec-filings/?items_per_page=&order=field_nir_sec_date_filed&sort=asc",
    "timestamp": "unknown"
  },
  {
    "title": "Group,,Annual FilingsCurrent ReportsMergers & AcquisitionsOtherProxy FilingsQuarterly FilingsRegistration StatementsFiling year- Any -Items per pageFi",
    "link": "https://ir.vorbio.com/sec-filings/?items_per_page=&order=field_nir_sec_date_filed&sort=asc",
    "timestamp": "unknown"
  },
  {
    "title": "Filing dateDescriptionFormFiling GroupViewOctober ,Filed by \"insiders\" prior intended sale of restricted stock.Other--.pdf--.rtf--.xlsView HTMLOctober",
    "link": "https://ir.vorbio.com/sec-filings/?items_per_page=&order=field_nir_sec_date_filed&sort=asc",
    "timestamp": "unknown"
  },
  {
    "title": "Filing dateDescriptionFormFiling GroupView",
    "link": "https://ir.vorbio.com/sec-filings/?items_per_page=&order=field_nir_sec_date_filed&sort=asc",
    "timestamp": "unknown"
  },
  {
    "title": "October ,Filed by \"insiders\" prior intended sale of restricted stock.Other--.pdf--.rtf--.xlsView HTML",
    "link": "https://ir.vorbio.com/sec-filings/sec-filing//--",
    "timestamp": "unknown"
  },
  {
    "title": "--.pdf",
    "link": "https://ir.vorbio.com/static-files/5fc3424f-9bc6--b03e-6eab232657bc",
    "timestamp": "unknown"
  },
  {
    "title": "--.rtf",
    "link": "https://ir.vorbio.com/static-files/d3e93788-829d-444a-b18d-37bdb6ee8702",
    "timestamp": "unknown"
  },
  {
    "title": "--.xls",
    "link": "https://ir.vorbio.com/static-files/1e1874b5-9f35--8c50-29cd0f73df3c",
    "timestamp": "unknown"
  },
  {
    "title": "October ,Filed by \"insiders\" prior intended sale of restricted stock.Other--.pdf--.rtf--.xlsView HTML",
    "link": "https://ir.vorbio.com/sec-filings/sec-filing//--",
    "timestamp": "unknown"
  },
  {
    "title": "--.pdf",
    "link": "https://ir.vorbio.com/static-files/0ee241c9-042d--83a5-b27a88bbbe00",
    "timestamp": "unknown"
  },
  {
    "title": "--.rtf",
    "link": "https://ir.vorbio.com/static-files/2191d64d--45c9--02e1a4ddc841",
    "timestamp": "unknown"
  },
  {
    "title": "--.xls",
    "link": "https://ir.vorbio.com/static-files/04e80fe1-b89d--918d-57b258f47a67",
    "timestamp": "unknown"
  },
  {
    "title": "October ,SCHEDULE 13D/A - DescriptionSCHEDULE 13D/AOther--.pdf--.rtf--.xlsView HTML",
    "link": "https://ir.vorbio.com/sec-filings/sec-filing/schedule-13da/--",
    "timestamp": "unknown"
  },
  {
    "title": "--.pdf",
    "link": "https://ir.vorbio.com/static-files/0f1606c0-9c32-4c90-9c13-71bd21f34412",
    "timestamp": "unknown"
  },
  {
    "title": "--.rtf",
    "link": "https://ir.vorbio.com/static-files/946f1029--48a1-b105-a386ff5d81b6",
    "timestamp": "unknown"
  },
  {
    "title": "--.xls",
    "link": "https://ir.vorbio.com/static-files/caaa3189-0b91-415d-b6ad-9d4fb22174a4",
    "timestamp": "unknown"
  },
  {
    "title": "October ,Filed by \"insiders\" prior intended sale of restricted stock.Other--.pdf--.rtf--.xlsView HTML",
    "link": "https://ir.vorbio.com/sec-filings/sec-filing//--",
    "timestamp": "unknown"
  },
  {
    "title": "--.pdf",
    "link": "https://ir.vorbio.com/static-files/1ccb00df-9a53-4b5b-b4c2-6e0fa1374ed3",
    "timestamp": "unknown"
  },
  {
    "title": "--.rtf",
    "link": "https://ir.vorbio.com/static-files/9ec5b921-2cc1-40a0-9d45-a17d41dd8ba1",
    "timestamp": "unknown"
  },
  {
    "title": "--.xls",
    "link": "https://ir.vorbio.com/static-files/d13dfca6-fd08--ba59-502c88b6d836",
    "timestamp": "unknown"
  },
  {
    "title": "October ,Filed by \"insiders\" prior intended sale of restricted stock.Other--.pdf--.rtf--.xlsView HTML",
    "link": "https://ir.vorbio.com/sec-filings/sec-filing//--",
    "timestamp": "unknown"
  },
  {
    "title": "--.pdf",
    "link": "https://ir.vorbio.com/static-files/eb06fc73-016d-4df8-9a28-6e13ce626d2f",
    "timestamp": "unknown"
  },
  {
    "title": "--.rtf",
    "link": "https://ir.vorbio.com/static-files/49cec3e7-1f08--b9bf-18ae398066a9",
    "timestamp": "unknown"
  },
  {
    "title": "--.xls",
    "link": "https://ir.vorbio.com/static-files/725c98f8-0acc-46b3-8f31-163a59e47b0a",
    "timestamp": "unknown"
  },
  {
    "title": "October ,Statement of changes in beneficial ownership of securities,,--.pdf--.rtf--.xlsView HTML",
    "link": "https://ir.vorbio.com/sec-filings/sec-filing//--",
    "timestamp": "unknown"
  },
  {
    "title": "--.pdf",
    "link": "https://ir.vorbio.com/static-files/d1c7a81b-f300--9df1-21ff0e712aaa",
    "timestamp": "unknown"
  },
  {
    "title": "--.rtf",
    "link": "https://ir.vorbio.com/static-files/4a6e0eae-3c78-4f98-be77-a9264db2ac24",
    "timestamp": "unknown"
  },
  {
    "title": "--.xls",
    "link": "https://ir.vorbio.com/static-files/063f0eb0-0cc8-471b-a941-70141b935d69",
    "timestamp": "unknown"
  },
  {
    "title": "October ,Statement of changes in beneficial ownership of securities,,--.pdf--.rtf--.xlsView HTML",
    "link": "https://ir.vorbio.com/sec-filings/sec-filing//--",
    "timestamp": "unknown"
  },
  {
    "title": "--.pdf",
    "link": "https://ir.vorbio.com/static-files/165f1aee-bd30--8cff-2c3d15321530",
    "timestamp": "unknown"
  },
  {
    "title": "--.rtf",
    "link": "https://ir.vorbio.com/static-files/a127c7df--411b-aae7-ac97d2ffb0f3",
    "timestamp": "unknown"
  },
  {
    "title": "--.xls",
    "link": "https://ir.vorbio.com/static-files/08ceed7d-136d-4e29-9c6d-8836ebf357eb",
    "timestamp": "unknown"
  },
  {
    "title": "October ,SCHEDULE 13D/A - DescriptionSCHEDULE 13D/AOther--.pdf--.rtf--.xlsView HTML",
    "link": "https://ir.vorbio.com/sec-filings/sec-filing/schedule-13da/--",
    "timestamp": "unknown"
  },
  {
    "title": "--.pdf",
    "link": "https://ir.vorbio.com/static-files/c24e7898-a1d2-48e1-a3d7-729cc93ca01d",
    "timestamp": "unknown"
  },
  {
    "title": "--.rtf",
    "link": "https://ir.vorbio.com/static-files/8a617633-7ae3-4a9f-acf3-d7b9a8cb289f",
    "timestamp": "unknown"
  },
  {
    "title": "--.xls",
    "link": "https://ir.vorbio.com/static-files/6d51990a-8df7-4abd-b9d6-f259e4c41fdf",
    "timestamp": "unknown"
  },
  {
    "title": "October ,SCHEDULE 13D/A - DescriptionSCHEDULE 13D/AOther--.pdf--.rtf--.xlsView HTML",
    "link": "https://ir.vorbio.com/sec-filings/sec-filing/schedule-13da/--",
    "timestamp": "unknown"
  },
  {
    "title": "--.pdf",
    "link": "https://ir.vorbio.com/static-files/-2fa5-41a4-abbb-c3fc5e925d0f",
    "timestamp": "unknown"
  },
  {
    "title": "--.rtf",
    "link": "https://ir.vorbio.com/static-files/fa400dc8-917d-4cf8-8def-64dc76309bc8",
    "timestamp": "unknown"
  },
  {
    "title": "--.xls",
    "link": "https://ir.vorbio.com/static-files/72556ac4--4f7d--b75e3c61ac05",
    "timestamp": "unknown"
  },
  {
    "title": "October ,Filed by \"insiders\" prior intended sale of restricted stock.Other--.pdf--.rtf--.xlsView HTML",
    "link": "https://ir.vorbio.com/sec-filings/sec-filing//--",
    "timestamp": "unknown"
  },
  {
    "title": "--.pdf",
    "link": "https://ir.vorbio.com/static-files/01fa5ea9-c312-4bd7--02d030e1f519",
    "timestamp": "unknown"
  },
  {
    "title": "--.rtf",
    "link": "https://ir.vorbio.com/static-files/e26c08eb-6cfb-4f67-9e06-ab0eeb437934",
    "timestamp": "unknown"
  },
  {
    "title": "--.xls",
    "link": "https://ir.vorbio.com/static-files/a7b59b82--4fdf-b4a5-27f471b4a707",
    "timestamp": "unknown"
  },
  {
    "title": "Current page",
    "link": "https://ir.vorbio.com/sec-filings/?&field_nir_sec_cik_target_id=&field_nir_sec_date_filed_value=&&&items_per_page_toggle=&page=",
    "timestamp": "unknown"
  },
  {
    "title": "Page",
    "link": "https://ir.vorbio.com/sec-filings/?&field_nir_sec_cik_target_id=&field_nir_sec_date_filed_value=&&&items_per_page_toggle=&page=",
    "timestamp": "unknown"
  },
  {
    "title": "Page",
    "link": "https://ir.vorbio.com/sec-filings/?&field_nir_sec_cik_target_id=&field_nir_sec_date_filed_value=&&&items_per_page_toggle=&page=",
    "timestamp": "unknown"
  },
  {
    "title": "Page",
    "link": "https://ir.vorbio.com/sec-filings/?&field_nir_sec_cik_target_id=&field_nir_sec_date_filed_value=&&&items_per_page_toggle=&page=",
    "timestamp": "unknown"
  },
  {
    "title": "Page",
    "link": "https://ir.vorbio.com/sec-filings/?&field_nir_sec_cik_target_id=&field_nir_sec_date_filed_value=&&&items_per_page_toggle=&page=",
    "timestamp": "unknown"
  },
  {
    "title": "Page",
    "link": "https://ir.vorbio.com/sec-filings/?&field_nir_sec_cik_target_id=&field_nir_sec_date_filed_value=&&&items_per_page_toggle=&page=",
    "timestamp": "unknown"
  },
  {
    "title": "Page",
    "link": "https://ir.vorbio.com/sec-filings/?&field_nir_sec_cik_target_id=&field_nir_sec_date_filed_value=&&&items_per_page_toggle=&page=",
    "timestamp": "unknown"
  },
  {
    "title": "Page",
    "link": "https://ir.vorbio.com/sec-filings/?&field_nir_sec_cik_target_id=&field_nir_sec_date_filed_value=&&&items_per_page_toggle=&page=",
    "timestamp": "unknown"
  },
  {
    "title": "Page",
    "link": "https://ir.vorbio.com/sec-filings/?&field_nir_sec_cik_target_id=&field_nir_sec_date_filed_value=&&&items_per_page_toggle=&page=",
    "timestamp": "unknown"
  },
  {
    "title": "Next pageNext \u203a",
    "link": "https://ir.vorbio.com/sec-filings/?&field_nir_sec_cik_target_id=&field_nir_sec_date_filed_value=&&&items_per_page_toggle=&page=",
    "timestamp": "unknown"
  },
  {
    "title": "Last pageLast \u00bb",
    "link": "https://ir.vorbio.com/sec-filings/?&field_nir_sec_cik_target_id=&field_nir_sec_date_filed_value=&&&items_per_page_toggle=&page=",
    "timestamp": "unknown"
  },
  {
    "title": "Data provided byKaleidoscope.",
    "link": "https://www.kscope.io",
    "timestamp": "unknown"
  },
  {
    "title": "Data provided byKaleidoscope.",
    "link": "https://www.kscope.io",
    "timestamp": "unknown"
  },
  {
    "title": "Shareholder ToolsPrint PageRSSEmail AlertsContact IR",
    "link": "https://ir.vorbio.com/sec-filings/",
    "timestamp": "unknown"
  },
  {
    "title": "Shareholder ToolsPrint PageRSSEmail AlertsContact IR",
    "link": "https://ir.vorbio.com/sec-filings/",
    "timestamp": "unknown"
  },
  {
    "title": "Shareholder ToolsPrint PageRSSEmail AlertsContact IR",
    "link": "https://ir.vorbio.com/sec-filings/",
    "timestamp": "unknown"
  },
  {
    "title": "Shareholder ToolsPrint PageRSSEmail AlertsContact IR",
    "link": "https://ir.vorbio.com/sec-filings/",
    "timestamp": "unknown"
  },
  {
    "title": "Print PageRSSEmail AlertsContact IR",
    "link": "https://ir.vorbio.com/sec-filings/",
    "timestamp": "unknown"
  },
  {
    "title": "Print Page",
    "link": "https://ir.vorbio.com/sec-filings/",
    "timestamp": "unknown"
  },
  {
    "title": "RSS",
    "link": "https://ir.vorbio.com/rss",
    "timestamp": "unknown"
  },
  {
    "title": "Email Alerts",
    "link": "https://ir.vorbio.com/email-alerts",
    "timestamp": "unknown"
  },
  {
    "title": "Contact IR",
    "link": "https://ir.vorbio.com/contact-ir",
    "timestamp": "unknown"
  },
  {
    "title": "About UsScience & InnovationOur PipelinePatientsCareersInvestorsNews ReleasesEvents & PresentationsAnalyst CoverageCorporate GovernanceSEC FilingsCont",
    "link": "https://ir.vorbio.com/sec-filings/",
    "timestamp": "unknown"
  },
  {
    "title": "About UsScience & InnovationOur PipelinePatientsCareersInvestorsNews ReleasesEvents & PresentationsAnalyst CoverageCorporate GovernanceSEC FilingsCont",
    "link": "https://ir.vorbio.com/sec-filings/",
    "timestamp": "unknown"
  },
  {
    "title": "About UsScience & InnovationOur PipelinePatientsCareersInvestorsNews ReleasesEvents & PresentationsAnalyst CoverageCorporate GovernanceSEC FilingsCont",
    "link": "https://ir.vorbio.com/sec-filings/",
    "timestamp": "unknown"
  },
  {
    "title": "About UsScience & InnovationOur PipelinePatientsCareersInvestorsNews ReleasesEvents & PresentationsAnalyst CoverageCorporate GovernanceSEC FilingsCont",
    "link": "https://ir.vorbio.com/sec-filings/",
    "timestamp": "unknown"
  },
  {
    "title": "About UsScience & InnovationOur PipelinePatientsCareersInvestorsNews ReleasesEvents & PresentationsAnalyst CoverageCorporate GovernanceSEC FilingsCont",
    "link": "https://ir.vorbio.com/sec-filings/",
    "timestamp": "unknown"
  },
  {
    "title": "About UsScience & InnovationOur PipelinePatientsCareersInvestorsNews ReleasesEvents & PresentationsAnalyst CoverageCorporate GovernanceSEC FilingsCont",
    "link": "https://www.vorbio.com/about/",
    "timestamp": "unknown"
  },
  {
    "title": "About UsScience & InnovationOur PipelinePatientsCareersInvestorsNews ReleasesEvents & PresentationsAnalyst CoverageCorporate GovernanceSEC FilingsCont",
    "link": "https://www.vorbio.com/about/",
    "timestamp": "unknown"
  },
  {
    "title": "About Us",
    "link": "https://www.vorbio.com/about/",
    "timestamp": "unknown"
  },
  {
    "title": "Science & Innovation",
    "link": "https://www.vorbio.com/science-innovation/",
    "timestamp": "unknown"
  },
  {
    "title": "Our Pipeline",
    "link": "https://www.vorbio.com/our-pipeline/",
    "timestamp": "unknown"
  },
  {
    "title": "Patients",
    "link": "https://www.vorbio.com/patients/",
    "timestamp": "unknown"
  },
  {
    "title": "Careers",
    "link": "https://www.vorbio.com/careers/",
    "timestamp": "unknown"
  },
  {
    "title": "InvestorsNews ReleasesEvents & PresentationsAnalyst CoverageCorporate GovernanceSEC FilingsContact IREmail Alerts",
    "link": "https://ir.vorbio.com/",
    "timestamp": "unknown"
  },
  {
    "title": "News Releases",
    "link": "https://ir.vorbio.com/news-releases/",
    "timestamp": "unknown"
  },
  {
    "title": "Events & Presentations",
    "link": "https://ir.vorbio.com/events-presentations/",
    "timestamp": "unknown"
  },
  {
    "title": "Analyst Coverage",
    "link": "https://ir.vorbio.com/analyst-coverage/",
    "timestamp": "unknown"
  },
  {
    "title": "Corporate Governance",
    "link": "https://ir.vorbio.com/corporate-governance/",
    "timestamp": "unknown"
  },
  {
    "title": "SEC Filings",
    "link": "https://ir.vorbio.com/sec-filings/",
    "timestamp": "unknown"
  },
  {
    "title": "Contact IR",
    "link": "https://ir.vorbio.com/contact-ir/",
    "timestamp": "unknown"
  },
  {
    "title": "Email Alerts",
    "link": "https://ir.vorbio.com/email-alerts/",
    "timestamp": "unknown"
  },
  {
    "title": "Contact",
    "link": "https://www.vorbio.com/contact/",
    "timestamp": "unknown"
  },
  {
    "title": "\u00a9  Vor BioPrivacy PolicyTerms of Use",
    "link": "https://www.vorbio.com/privacy-policy/",
    "timestamp": "unknown"
  },
  {
    "title": "Privacy PolicyTerms of Use",
    "link": "https://www.vorbio.com/privacy-policy/",
    "timestamp": "unknown"
  },
  {
    "title": "Privacy PolicyTerms of Use",
    "link": "https://www.vorbio.com/privacy-policy/",
    "timestamp": "unknown"
  },
  {
    "title": "Privacy Policy",
    "link": "https://www.vorbio.com/privacy-policy/",
    "timestamp": "unknown"
  },
  {
    "title": "Terms of Use",
    "link": "https://www.vorbio.com/terms-of-use/",
    "timestamp": "unknown"
  }
]