[
  {
    "title": "About UsScience & InnovationOverviewOur PipelinePatientsCareersInvestorsOverviewNews ReleasesEvents & PresentationsAnalyst CoverageCorporate Governanc",
    "link": "https://www.vorbio.com/",
    "timestamp": "unknown"
  },
  {
    "title": "About UsScience & InnovationOverviewOur PipelinePatientsCareersInvestorsOverviewNews ReleasesEvents & PresentationsAnalyst CoverageCorporate Governanc",
    "link": "https://www.vorbio.com/about/",
    "timestamp": "unknown"
  },
  {
    "title": "About Us",
    "link": "https://www.vorbio.com/about/",
    "timestamp": "unknown"
  },
  {
    "title": "Science & InnovationOverviewOur Pipeline",
    "link": "https://ir.vorbio.com/sec-filings/",
    "timestamp": "unknown"
  },
  {
    "title": "Overview",
    "link": "https://www.vorbio.com/science-innovation/",
    "timestamp": "unknown"
  },
  {
    "title": "Our Pipeline",
    "link": "https://www.vorbio.com/our-pipeline/",
    "timestamp": "unknown"
  },
  {
    "title": "Patients",
    "link": "https://www.vorbio.com/patients/",
    "timestamp": "unknown"
  },
  {
    "title": "Careers",
    "link": "https://www.vorbio.com/careers/",
    "timestamp": "unknown"
  },
  {
    "title": "InvestorsOverviewNews ReleasesEvents & PresentationsAnalyst CoverageCorporate GovernanceSEC FilingsTax InformationContact IREmail Alerts",
    "link": "https://ir.vorbio.com/sec-filings/",
    "timestamp": "unknown"
  },
  {
    "title": "Overview",
    "link": "https://ir.vorbio.com/",
    "timestamp": "unknown"
  },
  {
    "title": "News Releases",
    "link": "https://ir.vorbio.com/news-releases/",
    "timestamp": "unknown"
  },
  {
    "title": "Events & Presentations",
    "link": "https://ir.vorbio.com/events-presentations/",
    "timestamp": "unknown"
  },
  {
    "title": "Analyst Coverage",
    "link": "https://ir.vorbio.com/analyst-coverage/",
    "timestamp": "unknown"
  },
  {
    "title": "Corporate Governance",
    "link": "https://ir.vorbio.com/corporate-governance/",
    "timestamp": "unknown"
  },
  {
    "title": "SEC Filings",
    "link": "https://ir.vorbio.com/sec-filings/",
    "timestamp": "unknown"
  },
  {
    "title": "Tax Information",
    "link": "https://ir.vorbio.com/tax-information",
    "timestamp": "unknown"
  },
  {
    "title": "Contact IR",
    "link": "https://ir.vorbio.com/contact-ir/",
    "timestamp": "unknown"
  },
  {
    "title": "Email Alerts",
    "link": "https://ir.vorbio.com/email-alerts/",
    "timestamp": "unknown"
  },
  {
    "title": "Contact",
    "link": "https://www.vorbio.com/contact/",
    "timestamp": "unknown"
  },
  {
    "title": "SEC FilingsGroup,,Annual FilingsCurrent ReportsMergers & AcquisitionsOtherProxy FilingsQuarterly FilingsRegistration StatementsFiling year- Any -Items",
    "link": "https://ir.vorbio.com/sec-filings/?items_per_page=&order=field_nir_sec_date_filed&sort=asc",
    "timestamp": "unknown"
  },
  {
    "title": "Group,,Annual FilingsCurrent ReportsMergers & AcquisitionsOtherProxy FilingsQuarterly FilingsRegistration StatementsFiling year- Any -Items per pageFi",
    "link": "https://ir.vorbio.com/sec-filings/?items_per_page=&order=field_nir_sec_date_filed&sort=asc",
    "timestamp": "unknown"
  },
  {
    "title": "Group,,Annual FilingsCurrent ReportsMergers & AcquisitionsOtherProxy FilingsQuarterly FilingsRegistration StatementsFiling year- Any -Items per pageFi",
    "link": "https://ir.vorbio.com/sec-filings/?items_per_page=&order=field_nir_sec_date_filed&sort=asc",
    "timestamp": "unknown"
  },
  {
    "title": "Group,,Annual FilingsCurrent ReportsMergers & AcquisitionsOtherProxy FilingsQuarterly FilingsRegistration StatementsFiling year- Any -Items per pageFi",
    "link": "https://ir.vorbio.com/sec-filings/?items_per_page=&order=field_nir_sec_date_filed&sort=asc",
    "timestamp": "unknown"
  },
  {
    "title": "Group,,Annual FilingsCurrent ReportsMergers & AcquisitionsOtherProxy FilingsQuarterly FilingsRegistration StatementsFiling year- Any -Items per pageFi",
    "link": "https://ir.vorbio.com/sec-filings/?items_per_page=&order=field_nir_sec_date_filed&sort=asc",
    "timestamp": "unknown"
  },
  {
    "title": "Group,,Annual FilingsCurrent ReportsMergers & AcquisitionsOtherProxy FilingsQuarterly FilingsRegistration StatementsFiling year- Any -Items per pageFi",
    "link": "https://ir.vorbio.com/sec-filings/?items_per_page=&order=field_nir_sec_date_filed&sort=asc",
    "timestamp": "unknown"
  },
  {
    "title": "Group,,Annual FilingsCurrent ReportsMergers & AcquisitionsOtherProxy FilingsQuarterly FilingsRegistration StatementsFiling year- Any -Items per pageFi",
    "link": "https://ir.vorbio.com/sec-filings/?items_per_page=&order=field_nir_sec_date_filed&sort=asc",
    "timestamp": "unknown"
  },
  {
    "title": "Group,,Annual FilingsCurrent ReportsMergers & AcquisitionsOtherProxy FilingsQuarterly FilingsRegistration StatementsFiling year- Any -Items per pageFi",
    "link": "https://ir.vorbio.com/sec-filings/?items_per_page=&order=field_nir_sec_date_filed&sort=asc",
    "timestamp": "unknown"
  },
  {
    "title": "Group,,Annual FilingsCurrent ReportsMergers & AcquisitionsOtherProxy FilingsQuarterly FilingsRegistration StatementsFiling year- Any -Items per pageFi",
    "link": "https://ir.vorbio.com/sec-filings/?items_per_page=&order=field_nir_sec_date_filed&sort=asc",
    "timestamp": "unknown"
  },
  {
    "title": "Group,,Annual FilingsCurrent ReportsMergers & AcquisitionsOtherProxy FilingsQuarterly FilingsRegistration StatementsFiling year- Any -Items per pageFi",
    "link": "https://ir.vorbio.com/sec-filings/?items_per_page=&order=field_nir_sec_date_filed&sort=asc",
    "timestamp": "unknown"
  },
  {
    "title": "Group,,Annual FilingsCurrent ReportsMergers & AcquisitionsOtherProxy FilingsQuarterly FilingsRegistration StatementsFiling year- Any -Items per pageFi",
    "link": "https://ir.vorbio.com/sec-filings/?items_per_page=&order=field_nir_sec_date_filed&sort=asc",
    "timestamp": "unknown"
  },
  {
    "title": "Group,,Annual FilingsCurrent ReportsMergers & AcquisitionsOtherProxy FilingsQuarterly FilingsRegistration StatementsFiling year- Any -Items per pageFi",
    "link": "https://ir.vorbio.com/sec-filings/?items_per_page=&order=field_nir_sec_date_filed&sort=asc",
    "timestamp": "unknown"
  },
  {
    "title": "Group,,Annual FilingsCurrent ReportsMergers & AcquisitionsOtherProxy FilingsQuarterly FilingsRegistration StatementsFiling year- Any -Items per pageFi",
    "link": "https://ir.vorbio.com/sec-filings/?items_per_page=&order=field_nir_sec_date_filed&sort=asc",
    "timestamp": "unknown"
  },
  {
    "title": "Group,,Annual FilingsCurrent ReportsMergers & AcquisitionsOtherProxy FilingsQuarterly FilingsRegistration StatementsFiling year- Any -Items per pageFi",
    "link": "https://ir.vorbio.com/sec-filings/?items_per_page=&order=field_nir_sec_date_filed&sort=asc",
    "timestamp": "unknown"
  },
  {
    "title": "Group,,Annual FilingsCurrent ReportsMergers & AcquisitionsOtherProxy FilingsQuarterly FilingsRegistration StatementsFiling year- Any -Items per pageFi",
    "link": "https://ir.vorbio.com/sec-filings/?items_per_page=&order=field_nir_sec_date_filed&sort=asc",
    "timestamp": "unknown"
  },
  {
    "title": "Filing dateDescriptionFormFiling GroupViewOctober ,Report of unscheduled material events or corporate event-KCurrent Reports--.pdf--.rtf--.xlsEX-.SCH ",
    "link": "https://ir.vorbio.com/sec-filings/?items_per_page=&order=field_nir_sec_date_filed&sort=asc",
    "timestamp": "unknown"
  },
  {
    "title": "Filing dateDescriptionFormFiling GroupView",
    "link": "https://ir.vorbio.com/sec-filings/?items_per_page=&order=field_nir_sec_date_filed&sort=asc",
    "timestamp": "unknown"
  },
  {
    "title": "October ,Report of unscheduled material events or corporate event-KCurrent Reports--.pdf--.rtf--.xlsEX-.SCH - XBRL TAXONOMY EXTENSION SCHEMAView HTML",
    "link": "https://ir.vorbio.com/sec-filings/sec-filing/-k/--",
    "timestamp": "unknown"
  },
  {
    "title": "--.pdf",
    "link": "https://ir.vorbio.com/static-files/7f991c4a-870c-4a95-b158-21d407bcc436",
    "timestamp": "unknown"
  },
  {
    "title": "--.rtf",
    "link": "https://ir.vorbio.com/static-files/8b87f059-9b8c-4b31-900a-a95538219720",
    "timestamp": "unknown"
  },
  {
    "title": "--.xls",
    "link": "https://ir.vorbio.com/static-files/d8dbba81---a11c-6ca8485ab1ba",
    "timestamp": "unknown"
  },
  {
    "title": "October ,Statement of changes in beneficial ownership of securities,,--.pdf--.rtf--.xlsView HTML",
    "link": "https://ir.vorbio.com/sec-filings/sec-filing//--",
    "timestamp": "unknown"
  },
  {
    "title": "--.pdf",
    "link": "https://ir.vorbio.com/static-files/5665b9be-01ae-437f-bab8-c4e59d0181d6",
    "timestamp": "unknown"
  },
  {
    "title": "--.rtf",
    "link": "https://ir.vorbio.com/static-files/5e2b7302-33e0--8e63-dd8bc18333cd",
    "timestamp": "unknown"
  },
  {
    "title": "--.xls",
    "link": "https://ir.vorbio.com/static-files/3eb1c6b2-f5de-404e-af49-2048e413e5b5",
    "timestamp": "unknown"
  },
  {
    "title": "October ,SCHEDULE 13D/A - DescriptionSCHEDULE 13D/AOther--.pdf--.rtf--.xlsView HTML",
    "link": "https://ir.vorbio.com/sec-filings/sec-filing/schedule-13da/--",
    "timestamp": "unknown"
  },
  {
    "title": "--.pdf",
    "link": "https://ir.vorbio.com/static-files/0ad33aeb-f00e--b8f4-870346f7d63e",
    "timestamp": "unknown"
  },
  {
    "title": "--.rtf",
    "link": "https://ir.vorbio.com/static-files/f28e9cbe--4a9a-9bb2-923c10b594e3",
    "timestamp": "unknown"
  },
  {
    "title": "--.xls",
    "link": "https://ir.vorbio.com/static-files/b8591f6e-c18c-4cf0-a14a-82d3bc0be7db",
    "timestamp": "unknown"
  },
  {
    "title": "October ,Statement of changes in beneficial ownership of securities,,--.pdf--.rtf--.xlsView HTML",
    "link": "https://ir.vorbio.com/sec-filings/sec-filing//--",
    "timestamp": "unknown"
  },
  {
    "title": "--.pdf",
    "link": "https://ir.vorbio.com/static-files/0c92047b-7c3f--bc4c-24ce2a196ff7",
    "timestamp": "unknown"
  },
  {
    "title": "--.rtf",
    "link": "https://ir.vorbio.com/static-files/8ba9c523-66d8--bbf3-b0ae97f78433",
    "timestamp": "unknown"
  },
  {
    "title": "--.xls",
    "link": "https://ir.vorbio.com/static-files/0540fac4-3f06-4d30-b22c-c799b91942c8",
    "timestamp": "unknown"
  },
  {
    "title": "October ,Statement of changes in beneficial ownership of securities,,--.pdf--.rtf--.xlsView HTML",
    "link": "https://ir.vorbio.com/sec-filings/sec-filing//--",
    "timestamp": "unknown"
  },
  {
    "title": "--.pdf",
    "link": "https://ir.vorbio.com/static-files/b6500e5d-46d2-437f-b11b-cfbb95bfaced",
    "timestamp": "unknown"
  },
  {
    "title": "--.rtf",
    "link": "https://ir.vorbio.com/static-files/b229ff0d-83cb-402a-a96b-ededd5ead7c6",
    "timestamp": "unknown"
  },
  {
    "title": "--.xls",
    "link": "https://ir.vorbio.com/static-files/de59fbef-b85c--881d-35caca2862da",
    "timestamp": "unknown"
  },
  {
    "title": "October ,Filed by \"insiders\" prior intended sale of restricted stock.Other--.pdf--.rtf--.xlsView HTML",
    "link": "https://ir.vorbio.com/sec-filings/sec-filing//--",
    "timestamp": "unknown"
  },
  {
    "title": "--.pdf",
    "link": "https://ir.vorbio.com/static-files/5fc3424f-9bc6--b03e-6eab232657bc",
    "timestamp": "unknown"
  },
  {
    "title": "--.rtf",
    "link": "https://ir.vorbio.com/static-files/d3e93788-829d-444a-b18d-37bdb6ee8702",
    "timestamp": "unknown"
  },
  {
    "title": "--.xls",
    "link": "https://ir.vorbio.com/static-files/1e1874b5-9f35--8c50-29cd0f73df3c",
    "timestamp": "unknown"
  },
  {
    "title": "October ,Filed by \"insiders\" prior intended sale of restricted stock.Other--.pdf--.rtf--.xlsView HTML",
    "link": "https://ir.vorbio.com/sec-filings/sec-filing//--",
    "timestamp": "unknown"
  },
  {
    "title": "--.pdf",
    "link": "https://ir.vorbio.com/static-files/0ee241c9-042d--83a5-b27a88bbbe00",
    "timestamp": "unknown"
  },
  {
    "title": "--.rtf",
    "link": "https://ir.vorbio.com/static-files/2191d64d--45c9--02e1a4ddc841",
    "timestamp": "unknown"
  },
  {
    "title": "--.xls",
    "link": "https://ir.vorbio.com/static-files/04e80fe1-b89d--918d-57b258f47a67",
    "timestamp": "unknown"
  },
  {
    "title": "October ,SCHEDULE 13D/A - DescriptionSCHEDULE 13D/AOther--.pdf--.rtf--.xlsView HTML",
    "link": "https://ir.vorbio.com/sec-filings/sec-filing/schedule-13da/--",
    "timestamp": "unknown"
  },
  {
    "title": "--.pdf",
    "link": "https://ir.vorbio.com/static-files/0f1606c0-9c32-4c90-9c13-71bd21f34412",
    "timestamp": "unknown"
  },
  {
    "title": "--.rtf",
    "link": "https://ir.vorbio.com/static-files/946f1029--48a1-b105-a386ff5d81b6",
    "timestamp": "unknown"
  },
  {
    "title": "--.xls",
    "link": "https://ir.vorbio.com/static-files/caaa3189-0b91-415d-b6ad-9d4fb22174a4",
    "timestamp": "unknown"
  },
  {
    "title": "October ,Filed by \"insiders\" prior intended sale of restricted stock.Other--.pdf--.rtf--.xlsView HTML",
    "link": "https://ir.vorbio.com/sec-filings/sec-filing//--",
    "timestamp": "unknown"
  },
  {
    "title": "--.pdf",
    "link": "https://ir.vorbio.com/static-files/1ccb00df-9a53-4b5b-b4c2-6e0fa1374ed3",
    "timestamp": "unknown"
  },
  {
    "title": "--.rtf",
    "link": "https://ir.vorbio.com/static-files/9ec5b921-2cc1-40a0-9d45-a17d41dd8ba1",
    "timestamp": "unknown"
  },
  {
    "title": "--.xls",
    "link": "https://ir.vorbio.com/static-files/d13dfca6-fd08--ba59-502c88b6d836",
    "timestamp": "unknown"
  },
  {
    "title": "October ,Filed by \"insiders\" prior intended sale of restricted stock.Other--.pdf--.rtf--.xlsView HTML",
    "link": "https://ir.vorbio.com/sec-filings/sec-filing//--",
    "timestamp": "unknown"
  },
  {
    "title": "--.pdf",
    "link": "https://ir.vorbio.com/static-files/eb06fc73-016d-4df8-9a28-6e13ce626d2f",
    "timestamp": "unknown"
  },
  {
    "title": "--.rtf",
    "link": "https://ir.vorbio.com/static-files/49cec3e7-1f08--b9bf-18ae398066a9",
    "timestamp": "unknown"
  },
  {
    "title": "--.xls",
    "link": "https://ir.vorbio.com/static-files/725c98f8-0acc-46b3-8f31-163a59e47b0a",
    "timestamp": "unknown"
  },
  {
    "title": "Current page",
    "link": "https://ir.vorbio.com/sec-filings/?&field_nir_sec_cik_target_id=&field_nir_sec_date_filed_value=&&&items_per_page_toggle=&page=",
    "timestamp": "unknown"
  },
  {
    "title": "Page",
    "link": "https://ir.vorbio.com/sec-filings/?&field_nir_sec_cik_target_id=&field_nir_sec_date_filed_value=&&&items_per_page_toggle=&page=",
    "timestamp": "unknown"
  },
  {
    "title": "Page",
    "link": "https://ir.vorbio.com/sec-filings/?&field_nir_sec_cik_target_id=&field_nir_sec_date_filed_value=&&&items_per_page_toggle=&page=",
    "timestamp": "unknown"
  },
  {
    "title": "Page",
    "link": "https://ir.vorbio.com/sec-filings/?&field_nir_sec_cik_target_id=&field_nir_sec_date_filed_value=&&&items_per_page_toggle=&page=",
    "timestamp": "unknown"
  },
  {
    "title": "Page",
    "link": "https://ir.vorbio.com/sec-filings/?&field_nir_sec_cik_target_id=&field_nir_sec_date_filed_value=&&&items_per_page_toggle=&page=",
    "timestamp": "unknown"
  },
  {
    "title": "Page",
    "link": "https://ir.vorbio.com/sec-filings/?&field_nir_sec_cik_target_id=&field_nir_sec_date_filed_value=&&&items_per_page_toggle=&page=",
    "timestamp": "unknown"
  },
  {
    "title": "Page",
    "link": "https://ir.vorbio.com/sec-filings/?&field_nir_sec_cik_target_id=&field_nir_sec_date_filed_value=&&&items_per_page_toggle=&page=",
    "timestamp": "unknown"
  },
  {
    "title": "Page",
    "link": "https://ir.vorbio.com/sec-filings/?&field_nir_sec_cik_target_id=&field_nir_sec_date_filed_value=&&&items_per_page_toggle=&page=",
    "timestamp": "unknown"
  },
  {
    "title": "Page",
    "link": "https://ir.vorbio.com/sec-filings/?&field_nir_sec_cik_target_id=&field_nir_sec_date_filed_value=&&&items_per_page_toggle=&page=",
    "timestamp": "unknown"
  },
  {
    "title": "Next pageNext \u203a",
    "link": "https://ir.vorbio.com/sec-filings/?&field_nir_sec_cik_target_id=&field_nir_sec_date_filed_value=&&&items_per_page_toggle=&page=",
    "timestamp": "unknown"
  },
  {
    "title": "Last pageLast \u00bb",
    "link": "https://ir.vorbio.com/sec-filings/?&field_nir_sec_cik_target_id=&field_nir_sec_date_filed_value=&&&items_per_page_toggle=&page=",
    "timestamp": "unknown"
  },
  {
    "title": "Data provided byKaleidoscope.",
    "link": "https://www.kscope.io",
    "timestamp": "unknown"
  },
  {
    "title": "Data provided byKaleidoscope.",
    "link": "https://www.kscope.io",
    "timestamp": "unknown"
  },
  {
    "title": "Shareholder ToolsPrint PageRSSEmail AlertsContact IR",
    "link": "https://ir.vorbio.com/sec-filings/",
    "timestamp": "unknown"
  },
  {
    "title": "Shareholder ToolsPrint PageRSSEmail AlertsContact IR",
    "link": "https://ir.vorbio.com/sec-filings/",
    "timestamp": "unknown"
  },
  {
    "title": "Shareholder ToolsPrint PageRSSEmail AlertsContact IR",
    "link": "https://ir.vorbio.com/sec-filings/",
    "timestamp": "unknown"
  },
  {
    "title": "Shareholder ToolsPrint PageRSSEmail AlertsContact IR",
    "link": "https://ir.vorbio.com/sec-filings/",
    "timestamp": "unknown"
  },
  {
    "title": "Print PageRSSEmail AlertsContact IR",
    "link": "https://ir.vorbio.com/sec-filings/",
    "timestamp": "unknown"
  },
  {
    "title": "Print Page",
    "link": "https://ir.vorbio.com/sec-filings/",
    "timestamp": "unknown"
  },
  {
    "title": "RSS",
    "link": "https://ir.vorbio.com/rss",
    "timestamp": "unknown"
  },
  {
    "title": "Email Alerts",
    "link": "https://ir.vorbio.com/email-alerts",
    "timestamp": "unknown"
  },
  {
    "title": "Contact IR",
    "link": "https://ir.vorbio.com/contact-ir",
    "timestamp": "unknown"
  },
  {
    "title": "About UsScience & InnovationOur PipelinePatientsCareersInvestorsNews ReleasesEvents & PresentationsAnalyst CoverageCorporate GovernanceSEC FilingsTax ",
    "link": "https://ir.vorbio.com/sec-filings/",
    "timestamp": "unknown"
  },
  {
    "title": "About UsScience & InnovationOur PipelinePatientsCareersInvestorsNews ReleasesEvents & PresentationsAnalyst CoverageCorporate GovernanceSEC FilingsTax ",
    "link": "https://ir.vorbio.com/sec-filings/",
    "timestamp": "unknown"
  },
  {
    "title": "About UsScience & InnovationOur PipelinePatientsCareersInvestorsNews ReleasesEvents & PresentationsAnalyst CoverageCorporate GovernanceSEC FilingsTax ",
    "link": "https://ir.vorbio.com/sec-filings/",
    "timestamp": "unknown"
  },
  {
    "title": "About UsScience & InnovationOur PipelinePatientsCareersInvestorsNews ReleasesEvents & PresentationsAnalyst CoverageCorporate GovernanceSEC FilingsTax ",
    "link": "https://ir.vorbio.com/sec-filings/",
    "timestamp": "unknown"
  },
  {
    "title": "About UsScience & InnovationOur PipelinePatientsCareersInvestorsNews ReleasesEvents & PresentationsAnalyst CoverageCorporate GovernanceSEC FilingsTax ",
    "link": "https://ir.vorbio.com/sec-filings/",
    "timestamp": "unknown"
  },
  {
    "title": "About UsScience & InnovationOur PipelinePatientsCareersInvestorsNews ReleasesEvents & PresentationsAnalyst CoverageCorporate GovernanceSEC FilingsTax ",
    "link": "https://www.vorbio.com/about/",
    "timestamp": "unknown"
  },
  {
    "title": "About UsScience & InnovationOur PipelinePatientsCareersInvestorsNews ReleasesEvents & PresentationsAnalyst CoverageCorporate GovernanceSEC FilingsTax ",
    "link": "https://www.vorbio.com/about/",
    "timestamp": "unknown"
  },
  {
    "title": "About Us",
    "link": "https://www.vorbio.com/about/",
    "timestamp": "unknown"
  },
  {
    "title": "Science & Innovation",
    "link": "https://www.vorbio.com/science-innovation/",
    "timestamp": "unknown"
  },
  {
    "title": "Our Pipeline",
    "link": "https://www.vorbio.com/our-pipeline/",
    "timestamp": "unknown"
  },
  {
    "title": "Patients",
    "link": "https://www.vorbio.com/patients/",
    "timestamp": "unknown"
  },
  {
    "title": "Careers",
    "link": "https://www.vorbio.com/careers/",
    "timestamp": "unknown"
  },
  {
    "title": "InvestorsNews ReleasesEvents & PresentationsAnalyst CoverageCorporate GovernanceSEC FilingsTax InformationContact IREmail Alerts",
    "link": "https://ir.vorbio.com/",
    "timestamp": "unknown"
  },
  {
    "title": "News Releases",
    "link": "https://ir.vorbio.com/news-releases/",
    "timestamp": "unknown"
  },
  {
    "title": "Events & Presentations",
    "link": "https://ir.vorbio.com/events-presentations/",
    "timestamp": "unknown"
  },
  {
    "title": "Analyst Coverage",
    "link": "https://ir.vorbio.com/analyst-coverage/",
    "timestamp": "unknown"
  },
  {
    "title": "Corporate Governance",
    "link": "https://ir.vorbio.com/corporate-governance/",
    "timestamp": "unknown"
  },
  {
    "title": "SEC Filings",
    "link": "https://ir.vorbio.com/sec-filings/",
    "timestamp": "unknown"
  },
  {
    "title": "Tax Information",
    "link": "https://ir.vorbio.com/tax-information",
    "timestamp": "unknown"
  },
  {
    "title": "Contact IR",
    "link": "https://ir.vorbio.com/contact-ir/",
    "timestamp": "unknown"
  },
  {
    "title": "Email Alerts",
    "link": "https://ir.vorbio.com/email-alerts/",
    "timestamp": "unknown"
  },
  {
    "title": "Contact",
    "link": "https://www.vorbio.com/contact/",
    "timestamp": "unknown"
  },
  {
    "title": "\u00a9  Vor BioPrivacy PolicyTerms of Use",
    "link": "https://www.vorbio.com/privacy-policy/",
    "timestamp": "unknown"
  },
  {
    "title": "Privacy PolicyTerms of Use",
    "link": "https://www.vorbio.com/privacy-policy/",
    "timestamp": "unknown"
  },
  {
    "title": "Privacy PolicyTerms of Use",
    "link": "https://www.vorbio.com/privacy-policy/",
    "timestamp": "unknown"
  },
  {
    "title": "Privacy Policy",
    "link": "https://www.vorbio.com/privacy-policy/",
    "timestamp": "unknown"
  },
  {
    "title": "Terms of Use",
    "link": "https://www.vorbio.com/terms-of-use/",
    "timestamp": "unknown"
  }
]