[
  {
    "title": "Investor RelationsHomeNews ReleasesEvents and PresentationsCorporate GovernanceDocuments & ChartersOur TeamCommittee CompositionStockStock Quote & Cha",
    "link": "https://sana.com/",
    "timestamp": "unknown"
  },
  {
    "title": "Investor RelationsHomeNews ReleasesEvents and PresentationsCorporate GovernanceDocuments & ChartersOur TeamCommittee CompositionStockStock Quote & Cha",
    "link": "https://sana.com/",
    "timestamp": "unknown"
  },
  {
    "title": "Investor RelationsHomeNews ReleasesEvents and PresentationsCorporate GovernanceDocuments & ChartersOur TeamCommittee CompositionStockStock Quote & Cha",
    "link": "https://sana.com/",
    "timestamp": "unknown"
  },
  {
    "title": "Investor RelationsHomeNews ReleasesEvents and PresentationsCorporate GovernanceDocuments & ChartersOur TeamCommittee CompositionStockStock Quote & Cha",
    "link": "https://ir.sana.com/",
    "timestamp": "unknown"
  },
  {
    "title": "Home",
    "link": "https://ir.sana.com/",
    "timestamp": "unknown"
  },
  {
    "title": "News Releases",
    "link": "https://ir.sana.com/news-releases",
    "timestamp": "unknown"
  },
  {
    "title": "Events and Presentations",
    "link": "https://ir.sana.com/events-and-presentations",
    "timestamp": "unknown"
  },
  {
    "title": "Corporate GovernanceDocuments & ChartersOur TeamCommittee Composition",
    "link": "https://ir.sana.com/corporate-governance/governance-overview",
    "timestamp": "unknown"
  },
  {
    "title": "Documents & ChartersOur TeamCommittee Composition",
    "link": "https://ir.sana.com/corporate-governance/governance-overview",
    "timestamp": "unknown"
  },
  {
    "title": "StockStock Quote & ChartHistoric Price Lookup",
    "link": "https://ir.sana.com/stock-information/stock-quote-chart",
    "timestamp": "unknown"
  },
  {
    "title": "Stock Quote & ChartHistoric Price Lookup",
    "link": "https://ir.sana.com/stock-information/stock-quote-chart",
    "timestamp": "unknown"
  },
  {
    "title": "Financial InformationSEC Filings",
    "link": "https://ir.sana.com/financial-information/sec-filings",
    "timestamp": "unknown"
  },
  {
    "title": "SEC Filings",
    "link": "https://ir.sana.com/financial-information/sec-filings",
    "timestamp": "unknown"
  },
  {
    "title": "ResourcesEmail AlertsContact IR",
    "link": "https://ir.sana.com/resources/email-alerts",
    "timestamp": "unknown"
  },
  {
    "title": "Email AlertsContact IR",
    "link": "https://ir.sana.com/resources/email-alerts",
    "timestamp": "unknown"
  },
  {
    "title": "Group,,Annual FilingsCurrent ReportsMergers & AcquisitionsOtherProxy FilingsQuarterly FilingsRegistration StatementsFiling year- Any -Items per pageFi",
    "link": "https://ir.sana.com/financial-information/sec-filings?items_per_page=&order=field_nir_sec_date_filed&sort=asc",
    "timestamp": "unknown"
  },
  {
    "title": "Group,,Annual FilingsCurrent ReportsMergers & AcquisitionsOtherProxy FilingsQuarterly FilingsRegistration StatementsFiling year- Any -Items per pageFi",
    "link": "https://ir.sana.com/financial-information/sec-filings?items_per_page=&order=field_nir_sec_date_filed&sort=asc",
    "timestamp": "unknown"
  },
  {
    "title": "Group,,Annual FilingsCurrent ReportsMergers & AcquisitionsOtherProxy FilingsQuarterly FilingsRegistration StatementsFiling year- Any -Items per pageFi",
    "link": "https://ir.sana.com/financial-information/sec-filings?items_per_page=&order=field_nir_sec_date_filed&sort=asc",
    "timestamp": "unknown"
  },
  {
    "title": "Group,,Annual FilingsCurrent ReportsMergers & AcquisitionsOtherProxy FilingsQuarterly FilingsRegistration StatementsFiling year- Any -Items per pageFi",
    "link": "https://ir.sana.com/financial-information/sec-filings?items_per_page=&order=field_nir_sec_date_filed&sort=asc",
    "timestamp": "unknown"
  },
  {
    "title": "Group,,Annual FilingsCurrent ReportsMergers & AcquisitionsOtherProxy FilingsQuarterly FilingsRegistration StatementsFiling year- Any -Items per pageFi",
    "link": "https://ir.sana.com/financial-information/sec-filings?items_per_page=&order=field_nir_sec_date_filed&sort=asc",
    "timestamp": "unknown"
  },
  {
    "title": "Group,,Annual FilingsCurrent ReportsMergers & AcquisitionsOtherProxy FilingsQuarterly FilingsRegistration StatementsFiling year- Any -Items per pageFi",
    "link": "https://ir.sana.com/financial-information/sec-filings?items_per_page=&order=field_nir_sec_date_filed&sort=asc",
    "timestamp": "unknown"
  },
  {
    "title": "Group,,Annual FilingsCurrent ReportsMergers & AcquisitionsOtherProxy FilingsQuarterly FilingsRegistration StatementsFiling year- Any -Items per pageFi",
    "link": "https://ir.sana.com/financial-information/sec-filings?items_per_page=&order=field_nir_sec_date_filed&sort=asc",
    "timestamp": "unknown"
  },
  {
    "title": "Group,,Annual FilingsCurrent ReportsMergers & AcquisitionsOtherProxy FilingsQuarterly FilingsRegistration StatementsFiling year- Any -Items per pageFi",
    "link": "https://ir.sana.com/financial-information/sec-filings?items_per_page=&order=field_nir_sec_date_filed&sort=asc",
    "timestamp": "unknown"
  },
  {
    "title": "Group,,Annual FilingsCurrent ReportsMergers & AcquisitionsOtherProxy FilingsQuarterly FilingsRegistration StatementsFiling year- Any -Items per pageFi",
    "link": "https://ir.sana.com/financial-information/sec-filings?items_per_page=&order=field_nir_sec_date_filed&sort=asc",
    "timestamp": "unknown"
  },
  {
    "title": "Group,,Annual FilingsCurrent ReportsMergers & AcquisitionsOtherProxy FilingsQuarterly FilingsRegistration StatementsFiling year- Any -Items per pageFi",
    "link": "https://ir.sana.com/financial-information/sec-filings?items_per_page=&order=field_nir_sec_date_filed&sort=asc",
    "timestamp": "unknown"
  },
  {
    "title": "Group,,Annual FilingsCurrent ReportsMergers & AcquisitionsOtherProxy FilingsQuarterly FilingsRegistration StatementsFiling year- Any -Items per pageFi",
    "link": "https://ir.sana.com/financial-information/sec-filings?items_per_page=&order=field_nir_sec_date_filed&sort=asc",
    "timestamp": "unknown"
  },
  {
    "title": "Group,,Annual FilingsCurrent ReportsMergers & AcquisitionsOtherProxy FilingsQuarterly FilingsRegistration StatementsFiling year- Any -Items per pageFi",
    "link": "https://ir.sana.com/financial-information/sec-filings?items_per_page=&order=field_nir_sec_date_filed&sort=asc",
    "timestamp": "unknown"
  },
  {
    "title": "Group,,Annual FilingsCurrent ReportsMergers & AcquisitionsOtherProxy FilingsQuarterly FilingsRegistration StatementsFiling year- Any -Items per pageFi",
    "link": "https://ir.sana.com/financial-information/sec-filings?items_per_page=&order=field_nir_sec_date_filed&sort=asc",
    "timestamp": "unknown"
  },
  {
    "title": "Group,,Annual FilingsCurrent ReportsMergers & AcquisitionsOtherProxy FilingsQuarterly FilingsRegistration StatementsFiling year- Any -Items per pageFi",
    "link": "https://ir.sana.com/financial-information/sec-filings?items_per_page=&order=field_nir_sec_date_filed&sort=asc",
    "timestamp": "unknown"
  },
  {
    "title": "Group,,Annual FilingsCurrent ReportsMergers & AcquisitionsOtherProxy FilingsQuarterly FilingsRegistration StatementsFiling year- Any -Items per pageFi",
    "link": "https://ir.sana.com/financial-information/sec-filings?items_per_page=&order=field_nir_sec_date_filed&sort=asc",
    "timestamp": "unknown"
  },
  {
    "title": "Group,,Annual FilingsCurrent ReportsMergers & AcquisitionsOtherProxy FilingsQuarterly FilingsRegistration StatementsFiling year- Any -Items per pageFi",
    "link": "https://ir.sana.com/financial-information/sec-filings?items_per_page=&order=field_nir_sec_date_filed&sort=asc",
    "timestamp": "unknown"
  },
  {
    "title": "Group,,Annual FilingsCurrent ReportsMergers & AcquisitionsOtherProxy FilingsQuarterly FilingsRegistration StatementsFiling year- Any -Items per pageFi",
    "link": "https://ir.sana.com/financial-information/sec-filings?items_per_page=&order=field_nir_sec_date_filed&sort=asc",
    "timestamp": "unknown"
  },
  {
    "title": "Group,,Annual FilingsCurrent ReportsMergers & AcquisitionsOtherProxy FilingsQuarterly FilingsRegistration StatementsFiling year- Any -Items per pageFi",
    "link": "https://ir.sana.com/financial-information/sec-filings?items_per_page=&order=field_nir_sec_date_filed&sort=asc",
    "timestamp": "unknown"
  },
  {
    "title": "Filing dateDescriptionFormViewJan ,SCHEDULE 13G - DescriptionSCHEDULE 13G--.pdf--.rtf--.xlsView HTMLJan ,Report of unscheduled material events or corp",
    "link": "https://ir.sana.com/financial-information/sec-filings?items_per_page=&order=field_nir_sec_date_filed&sort=asc",
    "timestamp": "unknown"
  },
  {
    "title": "Filing dateDescriptionFormView",
    "link": "https://ir.sana.com/financial-information/sec-filings?items_per_page=&order=field_nir_sec_date_filed&sort=asc",
    "timestamp": "unknown"
  },
  {
    "title": "Jan ,SCHEDULE 13G - DescriptionSCHEDULE 13G--.pdf--.rtf--.xlsView HTML",
    "link": "https://ir.sana.com/sec-filings/sec-filing/schedule-13g/--",
    "timestamp": "unknown"
  },
  {
    "title": "--.pdf",
    "link": "https://ir.sana.com/static-files/5b86d095-b6c5-4c01-8e1f-c92b0d2fa4dc",
    "timestamp": "unknown"
  },
  {
    "title": "--.rtf",
    "link": "https://ir.sana.com/static-files/672c5e0c-84b4-48a1--1eb48729db6d",
    "timestamp": "unknown"
  },
  {
    "title": "--.xls",
    "link": "https://ir.sana.com/static-files/7d6dbeef--4b10-b39e-8876981ff66c",
    "timestamp": "unknown"
  },
  {
    "title": "Jan ,Report of unscheduled material events or corporate event-K--.pdf--.rtf--.xlsEX-.SCH - XBRL TAXONOMY EXTENSION SCHEMAView HTML",
    "link": "https://ir.sana.com/sec-filings/sec-filing/-k/--",
    "timestamp": "unknown"
  },
  {
    "title": "--.pdf",
    "link": "https://ir.sana.com/static-files/12a5ba5c-bc21--bc23-db77c2dd02b5",
    "timestamp": "unknown"
  },
  {
    "title": "--.rtf",
    "link": "https://ir.sana.com/static-files/bd0cd2ff-6fcd-44b7-981c-8e15ea14a9b3",
    "timestamp": "unknown"
  },
  {
    "title": "--.xls",
    "link": "https://ir.sana.com/static-files/f8559fc6-6f78-49bb-8a71-5d558e114925",
    "timestamp": "unknown"
  },
  {
    "title": "Jan ,Statement of changes in beneficial ownership of securities--.pdf--.rtf--.xlsView HTML",
    "link": "https://ir.sana.com/sec-filings/sec-filing//--",
    "timestamp": "unknown"
  },
  {
    "title": "--.pdf",
    "link": "https://ir.sana.com/static-files/cb5d5db6-d9a5-4be3-942c-e3494d73cdde",
    "timestamp": "unknown"
  },
  {
    "title": "--.rtf",
    "link": "https://ir.sana.com/static-files/6f0455b7-6ec5--a33c-f3e6c6b141a2",
    "timestamp": "unknown"
  },
  {
    "title": "--.xls",
    "link": "https://ir.sana.com/static-files/fa58ed27--460b--",
    "timestamp": "unknown"
  },
  {
    "title": "Jan ,Statement of changes in beneficial ownership of securities--.pdf--.rtf--.xlsView HTML",
    "link": "https://ir.sana.com/sec-filings/sec-filing//--",
    "timestamp": "unknown"
  },
  {
    "title": "--.pdf",
    "link": "https://ir.sana.com/static-files/3e111771-062f-4c11-bce0-1d07eddfc7c5",
    "timestamp": "unknown"
  },
  {
    "title": "--.rtf",
    "link": "https://ir.sana.com/static-files/0d8b7c11-7f72--940e-279ee8d4b08e",
    "timestamp": "unknown"
  },
  {
    "title": "--.xls",
    "link": "https://ir.sana.com/static-files/8aa01ca3---a4a6-61f09da0be22",
    "timestamp": "unknown"
  },
  {
    "title": "Dec ,Statement of changes in beneficial ownership of securities--.pdf--.rtf--.xlsView HTML",
    "link": "https://ir.sana.com/sec-filings/sec-filing//--",
    "timestamp": "unknown"
  },
  {
    "title": "--.pdf",
    "link": "https://ir.sana.com/static-files/fa6bccb1-5c45-439f-8f52-8fd4861ec851",
    "timestamp": "unknown"
  },
  {
    "title": "--.rtf",
    "link": "https://ir.sana.com/static-files/654b88cf-9d83-4b9b--4139b2625a51",
    "timestamp": "unknown"
  },
  {
    "title": "--.xls",
    "link": "https://ir.sana.com/static-files/ec4b2445-bf17--a1aa-d42faeb5fa2e",
    "timestamp": "unknown"
  },
  {
    "title": "Dec ,Statement of changes in beneficial ownership of securities--.pdf--.rtf--.xlsView HTML",
    "link": "https://ir.sana.com/sec-filings/sec-filing//--",
    "timestamp": "unknown"
  },
  {
    "title": "--.pdf",
    "link": "https://ir.sana.com/static-files/a0a4226f-4f04-4e07-b65e-c353239d73df",
    "timestamp": "unknown"
  },
  {
    "title": "--.rtf",
    "link": "https://ir.sana.com/static-files/066281b9--4c96--1e753bd68e76",
    "timestamp": "unknown"
  },
  {
    "title": "--.xls",
    "link": "https://ir.sana.com/static-files/87cea295--4fd2-9a1f-30422aca6619",
    "timestamp": "unknown"
  },
  {
    "title": "Nov ,SCHEDULE 13G/A - DescriptionSCHEDULE 13G/A--.pdf--.rtf--.xlsView HTML",
    "link": "https://ir.sana.com/sec-filings/sec-filing/schedule-13ga/--",
    "timestamp": "unknown"
  },
  {
    "title": "--.pdf",
    "link": "https://ir.sana.com/static-files/88173df4-45c8--a3ff-9fc16aad052a",
    "timestamp": "unknown"
  },
  {
    "title": "--.rtf",
    "link": "https://ir.sana.com/static-files/2686dbe8--43e2--18c8fa156dc9",
    "timestamp": "unknown"
  },
  {
    "title": "--.xls",
    "link": "https://ir.sana.com/static-files/89d1755a-a0e1-4a1b-b0e0-6f31a6e692c8",
    "timestamp": "unknown"
  },
  {
    "title": "Nov ,Report of unscheduled material events or corporate event-K--.pdf--.rtf--.xlsEX-.SCH - XBRL TAXONOMY EXTENSION SCHEMAView HTML",
    "link": "https://ir.sana.com/sec-filings/sec-filing/-k/--",
    "timestamp": "unknown"
  },
  {
    "title": "--.pdf",
    "link": "https://ir.sana.com/static-files/b0e437d2--4b80-b127-fdbeca53d3c3",
    "timestamp": "unknown"
  },
  {
    "title": "--.rtf",
    "link": "https://ir.sana.com/static-files/6c722ec6-a1a8-4a41-8cac-e7362dc9541c",
    "timestamp": "unknown"
  },
  {
    "title": "--.xls",
    "link": "https://ir.sana.com/static-files/da70e178-887d-42d2-b039-f6fc451c5258",
    "timestamp": "unknown"
  },
  {
    "title": "Nov ,Quarterly report which provides a continuing view of a company's financial position-Q--.pdf--.rtf--.xlsEX-.SCH - XBRL TAXONOMY EXTENSION SCHEMAVi",
    "link": "https://ir.sana.com/sec-filings/sec-filing/-q/--",
    "timestamp": "unknown"
  },
  {
    "title": "--.pdf",
    "link": "https://ir.sana.com/static-files/792824d9-abc9--aee1-7465e3a07be1",
    "timestamp": "unknown"
  },
  {
    "title": "--.rtf",
    "link": "https://ir.sana.com/static-files/9b27a4bd--493e-9ae9-da127fac67fa",
    "timestamp": "unknown"
  },
  {
    "title": "--.xls",
    "link": "https://ir.sana.com/static-files/c32d8f4b-57aa-44d3-a916-27fe5014ce88",
    "timestamp": "unknown"
  },
  {
    "title": "Oct ,Statement of changes in beneficial ownership of securities--.pdf--.rtf--.xlsView HTML",
    "link": "https://ir.sana.com/sec-filings/sec-filing//--",
    "timestamp": "unknown"
  },
  {
    "title": "--.pdf",
    "link": "https://ir.sana.com/static-files/1da989ba---a823-2a234549c32e",
    "timestamp": "unknown"
  },
  {
    "title": "--.rtf",
    "link": "https://ir.sana.com/static-files/5218f23f-e1e1--b07a-03594b65070c",
    "timestamp": "unknown"
  },
  {
    "title": "--.xls",
    "link": "https://ir.sana.com/static-files/f2a0e719-e717-43f4--114db484d558",
    "timestamp": "unknown"
  },
  {
    "title": "Current page",
    "link": "https://ir.sana.com/financial-information/sec-filings?&field_nir_sec_cik_target_id=&field_nir_sec_date_filed_value=&&&items_per_page_toggle=&page=",
    "timestamp": "unknown"
  },
  {
    "title": "Page",
    "link": "https://ir.sana.com/financial-information/sec-filings?&field_nir_sec_cik_target_id=&field_nir_sec_date_filed_value=&&&items_per_page_toggle=&page=",
    "timestamp": "unknown"
  },
  {
    "title": "Page",
    "link": "https://ir.sana.com/financial-information/sec-filings?&field_nir_sec_cik_target_id=&field_nir_sec_date_filed_value=&&&items_per_page_toggle=&page=",
    "timestamp": "unknown"
  },
  {
    "title": "Page",
    "link": "https://ir.sana.com/financial-information/sec-filings?&field_nir_sec_cik_target_id=&field_nir_sec_date_filed_value=&&&items_per_page_toggle=&page=",
    "timestamp": "unknown"
  },
  {
    "title": "Page",
    "link": "https://ir.sana.com/financial-information/sec-filings?&field_nir_sec_cik_target_id=&field_nir_sec_date_filed_value=&&&items_per_page_toggle=&page=",
    "timestamp": "unknown"
  },
  {
    "title": "Page",
    "link": "https://ir.sana.com/financial-information/sec-filings?&field_nir_sec_cik_target_id=&field_nir_sec_date_filed_value=&&&items_per_page_toggle=&page=",
    "timestamp": "unknown"
  },
  {
    "title": "Page",
    "link": "https://ir.sana.com/financial-information/sec-filings?&field_nir_sec_cik_target_id=&field_nir_sec_date_filed_value=&&&items_per_page_toggle=&page=",
    "timestamp": "unknown"
  },
  {
    "title": "Page",
    "link": "https://ir.sana.com/financial-information/sec-filings?&field_nir_sec_cik_target_id=&field_nir_sec_date_filed_value=&&&items_per_page_toggle=&page=",
    "timestamp": "unknown"
  },
  {
    "title": "Page",
    "link": "https://ir.sana.com/financial-information/sec-filings?&field_nir_sec_cik_target_id=&field_nir_sec_date_filed_value=&&&items_per_page_toggle=&page=",
    "timestamp": "unknown"
  },
  {
    "title": "Next pageNext \u203a",
    "link": "https://ir.sana.com/financial-information/sec-filings?&field_nir_sec_cik_target_id=&field_nir_sec_date_filed_value=&&&items_per_page_toggle=&page=",
    "timestamp": "unknown"
  },
  {
    "title": "Last pageLast \u00bb",
    "link": "https://ir.sana.com/financial-information/sec-filings?&field_nir_sec_cik_target_id=&field_nir_sec_date_filed_value=&&&items_per_page_toggle=&page=",
    "timestamp": "unknown"
  },
  {
    "title": "Data provided byKaleidoscope.",
    "link": "https://www.kscope.io",
    "timestamp": "unknown"
  },
  {
    "title": "Data provided byKaleidoscope.",
    "link": "https://www.kscope.io",
    "timestamp": "unknown"
  },
  {
    "title": "Shareholder ToolsPrint PageEmail AlertsRSS",
    "link": "https://ir.sana.com/financial-information/sec-filings#print-page",
    "timestamp": "unknown"
  },
  {
    "title": "Shareholder ToolsPrint PageEmail AlertsRSS",
    "link": "https://ir.sana.com/financial-information/sec-filings#print-page",
    "timestamp": "unknown"
  },
  {
    "title": "Print Page",
    "link": "https://ir.sana.com/financial-information/sec-filings#print-page",
    "timestamp": "unknown"
  },
  {
    "title": "Email Alerts",
    "link": "https://ir.sana.com/resources/email-alerts",
    "timestamp": "unknown"
  },
  {
    "title": "RSS",
    "link": "https://ir.sana.com/rss-feeds",
    "timestamp": "unknown"
  },
  {
    "title": "Privacy Policy |",
    "link": "https://sana.com/privacy-policy/",
    "timestamp": "unknown"
  },
  {
    "title": "Terms of Use",
    "link": "https://sana.com/terms-of-use/",
    "timestamp": "unknown"
  }
]