[
  {
    "title": "Investor RelationsHomeNews ReleasesEvents and PresentationsCorporate GovernanceDocuments & ChartersOur TeamCommittee CompositionStockStock Quote & Cha",
    "link": "https://sana.com/",
    "timestamp": "unknown"
  },
  {
    "title": "Investor RelationsHomeNews ReleasesEvents and PresentationsCorporate GovernanceDocuments & ChartersOur TeamCommittee CompositionStockStock Quote & Cha",
    "link": "https://sana.com/",
    "timestamp": "unknown"
  },
  {
    "title": "Investor RelationsHomeNews ReleasesEvents and PresentationsCorporate GovernanceDocuments & ChartersOur TeamCommittee CompositionStockStock Quote & Cha",
    "link": "https://sana.com/",
    "timestamp": "unknown"
  },
  {
    "title": "Investor RelationsHomeNews ReleasesEvents and PresentationsCorporate GovernanceDocuments & ChartersOur TeamCommittee CompositionStockStock Quote & Cha",
    "link": "https://ir.sana.com/",
    "timestamp": "unknown"
  },
  {
    "title": "Home",
    "link": "https://ir.sana.com/",
    "timestamp": "unknown"
  },
  {
    "title": "News Releases",
    "link": "https://ir.sana.com/news-releases",
    "timestamp": "unknown"
  },
  {
    "title": "Events and Presentations",
    "link": "https://ir.sana.com/events-and-presentations",
    "timestamp": "unknown"
  },
  {
    "title": "Corporate GovernanceDocuments & ChartersOur TeamCommittee Composition",
    "link": "https://ir.sana.com/corporate-governance/governance-overview",
    "timestamp": "unknown"
  },
  {
    "title": "Documents & ChartersOur TeamCommittee Composition",
    "link": "https://ir.sana.com/corporate-governance/governance-overview",
    "timestamp": "unknown"
  },
  {
    "title": "StockStock Quote & ChartHistoric Price Lookup",
    "link": "https://ir.sana.com/stock-information/stock-quote-chart",
    "timestamp": "unknown"
  },
  {
    "title": "Stock Quote & ChartHistoric Price Lookup",
    "link": "https://ir.sana.com/stock-information/stock-quote-chart",
    "timestamp": "unknown"
  },
  {
    "title": "Financial InformationSEC Filings",
    "link": "https://ir.sana.com/financial-information/sec-filings",
    "timestamp": "unknown"
  },
  {
    "title": "SEC Filings",
    "link": "https://ir.sana.com/financial-information/sec-filings",
    "timestamp": "unknown"
  },
  {
    "title": "ResourcesEmail AlertsContact IR",
    "link": "https://ir.sana.com/resources/email-alerts",
    "timestamp": "unknown"
  },
  {
    "title": "Email AlertsContact IR",
    "link": "https://ir.sana.com/resources/email-alerts",
    "timestamp": "unknown"
  },
  {
    "title": "Group,,Annual FilingsCurrent ReportsMergers & AcquisitionsOtherProxy FilingsQuarterly FilingsRegistration StatementsFiling year- Any -Items per pageFi",
    "link": "https://ir.sana.com/financial-information/sec-filings?items_per_page=&order=field_nir_sec_date_filed&sort=asc",
    "timestamp": "unknown"
  },
  {
    "title": "Group,,Annual FilingsCurrent ReportsMergers & AcquisitionsOtherProxy FilingsQuarterly FilingsRegistration StatementsFiling year- Any -Items per pageFi",
    "link": "https://ir.sana.com/financial-information/sec-filings?items_per_page=&order=field_nir_sec_date_filed&sort=asc",
    "timestamp": "unknown"
  },
  {
    "title": "Group,,Annual FilingsCurrent ReportsMergers & AcquisitionsOtherProxy FilingsQuarterly FilingsRegistration StatementsFiling year- Any -Items per pageFi",
    "link": "https://ir.sana.com/financial-information/sec-filings?items_per_page=&order=field_nir_sec_date_filed&sort=asc",
    "timestamp": "unknown"
  },
  {
    "title": "Group,,Annual FilingsCurrent ReportsMergers & AcquisitionsOtherProxy FilingsQuarterly FilingsRegistration StatementsFiling year- Any -Items per pageFi",
    "link": "https://ir.sana.com/financial-information/sec-filings?items_per_page=&order=field_nir_sec_date_filed&sort=asc",
    "timestamp": "unknown"
  },
  {
    "title": "Group,,Annual FilingsCurrent ReportsMergers & AcquisitionsOtherProxy FilingsQuarterly FilingsRegistration StatementsFiling year- Any -Items per pageFi",
    "link": "https://ir.sana.com/financial-information/sec-filings?items_per_page=&order=field_nir_sec_date_filed&sort=asc",
    "timestamp": "unknown"
  },
  {
    "title": "Group,,Annual FilingsCurrent ReportsMergers & AcquisitionsOtherProxy FilingsQuarterly FilingsRegistration StatementsFiling year- Any -Items per pageFi",
    "link": "https://ir.sana.com/financial-information/sec-filings?items_per_page=&order=field_nir_sec_date_filed&sort=asc",
    "timestamp": "unknown"
  },
  {
    "title": "Group,,Annual FilingsCurrent ReportsMergers & AcquisitionsOtherProxy FilingsQuarterly FilingsRegistration StatementsFiling year- Any -Items per pageFi",
    "link": "https://ir.sana.com/financial-information/sec-filings?items_per_page=&order=field_nir_sec_date_filed&sort=asc",
    "timestamp": "unknown"
  },
  {
    "title": "Group,,Annual FilingsCurrent ReportsMergers & AcquisitionsOtherProxy FilingsQuarterly FilingsRegistration StatementsFiling year- Any -Items per pageFi",
    "link": "https://ir.sana.com/financial-information/sec-filings?items_per_page=&order=field_nir_sec_date_filed&sort=asc",
    "timestamp": "unknown"
  },
  {
    "title": "Group,,Annual FilingsCurrent ReportsMergers & AcquisitionsOtherProxy FilingsQuarterly FilingsRegistration StatementsFiling year- Any -Items per pageFi",
    "link": "https://ir.sana.com/financial-information/sec-filings?items_per_page=&order=field_nir_sec_date_filed&sort=asc",
    "timestamp": "unknown"
  },
  {
    "title": "Group,,Annual FilingsCurrent ReportsMergers & AcquisitionsOtherProxy FilingsQuarterly FilingsRegistration StatementsFiling year- Any -Items per pageFi",
    "link": "https://ir.sana.com/financial-information/sec-filings?items_per_page=&order=field_nir_sec_date_filed&sort=asc",
    "timestamp": "unknown"
  },
  {
    "title": "Group,,Annual FilingsCurrent ReportsMergers & AcquisitionsOtherProxy FilingsQuarterly FilingsRegistration StatementsFiling year- Any -Items per pageFi",
    "link": "https://ir.sana.com/financial-information/sec-filings?items_per_page=&order=field_nir_sec_date_filed&sort=asc",
    "timestamp": "unknown"
  },
  {
    "title": "Group,,Annual FilingsCurrent ReportsMergers & AcquisitionsOtherProxy FilingsQuarterly FilingsRegistration StatementsFiling year- Any -Items per pageFi",
    "link": "https://ir.sana.com/financial-information/sec-filings?items_per_page=&order=field_nir_sec_date_filed&sort=asc",
    "timestamp": "unknown"
  },
  {
    "title": "Group,,Annual FilingsCurrent ReportsMergers & AcquisitionsOtherProxy FilingsQuarterly FilingsRegistration StatementsFiling year- Any -Items per pageFi",
    "link": "https://ir.sana.com/financial-information/sec-filings?items_per_page=&order=field_nir_sec_date_filed&sort=asc",
    "timestamp": "unknown"
  },
  {
    "title": "Group,,Annual FilingsCurrent ReportsMergers & AcquisitionsOtherProxy FilingsQuarterly FilingsRegistration StatementsFiling year- Any -Items per pageFi",
    "link": "https://ir.sana.com/financial-information/sec-filings?items_per_page=&order=field_nir_sec_date_filed&sort=asc",
    "timestamp": "unknown"
  },
  {
    "title": "Group,,Annual FilingsCurrent ReportsMergers & AcquisitionsOtherProxy FilingsQuarterly FilingsRegistration StatementsFiling year- Any -Items per pageFi",
    "link": "https://ir.sana.com/financial-information/sec-filings?items_per_page=&order=field_nir_sec_date_filed&sort=asc",
    "timestamp": "unknown"
  },
  {
    "title": "Group,,Annual FilingsCurrent ReportsMergers & AcquisitionsOtherProxy FilingsQuarterly FilingsRegistration StatementsFiling year- Any -Items per pageFi",
    "link": "https://ir.sana.com/financial-information/sec-filings?items_per_page=&order=field_nir_sec_date_filed&sort=asc",
    "timestamp": "unknown"
  },
  {
    "title": "Group,,Annual FilingsCurrent ReportsMergers & AcquisitionsOtherProxy FilingsQuarterly FilingsRegistration StatementsFiling year- Any -Items per pageFi",
    "link": "https://ir.sana.com/financial-information/sec-filings?items_per_page=&order=field_nir_sec_date_filed&sort=asc",
    "timestamp": "unknown"
  },
  {
    "title": "Group,,Annual FilingsCurrent ReportsMergers & AcquisitionsOtherProxy FilingsQuarterly FilingsRegistration StatementsFiling year- Any -Items per pageFi",
    "link": "https://ir.sana.com/financial-information/sec-filings?items_per_page=&order=field_nir_sec_date_filed&sort=asc",
    "timestamp": "unknown"
  },
  {
    "title": "Filing dateDescriptionFormViewFeb ,Statement of changes in beneficial ownership of securities--.pdf--.rtf--.xlsView HTMLFeb ,Initial filing by directo",
    "link": "https://ir.sana.com/financial-information/sec-filings?items_per_page=&order=field_nir_sec_date_filed&sort=asc",
    "timestamp": "unknown"
  },
  {
    "title": "Filing dateDescriptionFormView",
    "link": "https://ir.sana.com/financial-information/sec-filings?items_per_page=&order=field_nir_sec_date_filed&sort=asc",
    "timestamp": "unknown"
  },
  {
    "title": "Feb ,Statement of changes in beneficial ownership of securities--.pdf--.rtf--.xlsView HTML",
    "link": "https://ir.sana.com/sec-filings/sec-filing//--",
    "timestamp": "unknown"
  },
  {
    "title": "--.pdf",
    "link": "https://ir.sana.com/static-files/5b918177-5c50-49a5-b4eb-4eda153f9da7",
    "timestamp": "unknown"
  },
  {
    "title": "--.rtf",
    "link": "https://ir.sana.com/static-files/e2442ccf-040a-43b0-b79f-f55a0ac81973",
    "timestamp": "unknown"
  },
  {
    "title": "--.xls",
    "link": "https://ir.sana.com/static-files/89f1c6da-e39a-49ef--c7fdd685e017",
    "timestamp": "unknown"
  },
  {
    "title": "Feb ,Initial filing by director officer or owner of more than ten percent--.pdf--.rtf--.xlsView HTML",
    "link": "https://ir.sana.com/sec-filings/sec-filing//--",
    "timestamp": "unknown"
  },
  {
    "title": "--.pdf",
    "link": "https://ir.sana.com/static-files/c82f1f39-007c-471a-87d4-aeff2d6d71bf",
    "timestamp": "unknown"
  },
  {
    "title": "--.rtf",
    "link": "https://ir.sana.com/static-files/ce6207c9--439e-9cd9-29d91c4901f9",
    "timestamp": "unknown"
  },
  {
    "title": "--.xls",
    "link": "https://ir.sana.com/static-files/6cabea30-eab3-4d22-b991-ce7cf4e6f0cd",
    "timestamp": "unknown"
  },
  {
    "title": "Feb ,Report of unscheduled material events or corporate event-K--.pdf--.rtf--.xlsEX-.SCH - XBRL TAXONOMY EXTENSION SCHEMAView HTML",
    "link": "https://ir.sana.com/sec-filings/sec-filing/-k/--",
    "timestamp": "unknown"
  },
  {
    "title": "--.pdf",
    "link": "https://ir.sana.com/static-files/844bdf9e-3cc2-4a52-b2b9-29433110825f",
    "timestamp": "unknown"
  },
  {
    "title": "--.rtf",
    "link": "https://ir.sana.com/static-files/a8f67ed6-90dc-4da1-8b6b-99c4b9331301",
    "timestamp": "unknown"
  },
  {
    "title": "--.xls",
    "link": "https://ir.sana.com/static-files/f7befd30-fbe2-438e-b1d9-edf6781bf4e7",
    "timestamp": "unknown"
  },
  {
    "title": "Jan ,SCHEDULE 13G - DescriptionSCHEDULE 13G--.pdf--.rtf--.xlsView HTML",
    "link": "https://ir.sana.com/sec-filings/sec-filing/schedule-13g/--",
    "timestamp": "unknown"
  },
  {
    "title": "--.pdf",
    "link": "https://ir.sana.com/static-files/5b86d095-b6c5-4c01-8e1f-c92b0d2fa4dc",
    "timestamp": "unknown"
  },
  {
    "title": "--.rtf",
    "link": "https://ir.sana.com/static-files/672c5e0c-84b4-48a1--1eb48729db6d",
    "timestamp": "unknown"
  },
  {
    "title": "--.xls",
    "link": "https://ir.sana.com/static-files/7d6dbeef--4b10-b39e-8876981ff66c",
    "timestamp": "unknown"
  },
  {
    "title": "Jan ,Report of unscheduled material events or corporate event-K--.pdf--.rtf--.xlsEX-.SCH - XBRL TAXONOMY EXTENSION SCHEMAView HTML",
    "link": "https://ir.sana.com/sec-filings/sec-filing/-k/--",
    "timestamp": "unknown"
  },
  {
    "title": "--.pdf",
    "link": "https://ir.sana.com/static-files/12a5ba5c-bc21--bc23-db77c2dd02b5",
    "timestamp": "unknown"
  },
  {
    "title": "--.rtf",
    "link": "https://ir.sana.com/static-files/bd0cd2ff-6fcd-44b7-981c-8e15ea14a9b3",
    "timestamp": "unknown"
  },
  {
    "title": "--.xls",
    "link": "https://ir.sana.com/static-files/f8559fc6-6f78-49bb-8a71-5d558e114925",
    "timestamp": "unknown"
  },
  {
    "title": "Jan ,Statement of changes in beneficial ownership of securities--.pdf--.rtf--.xlsView HTML",
    "link": "https://ir.sana.com/sec-filings/sec-filing//--",
    "timestamp": "unknown"
  },
  {
    "title": "--.pdf",
    "link": "https://ir.sana.com/static-files/cb5d5db6-d9a5-4be3-942c-e3494d73cdde",
    "timestamp": "unknown"
  },
  {
    "title": "--.rtf",
    "link": "https://ir.sana.com/static-files/6f0455b7-6ec5--a33c-f3e6c6b141a2",
    "timestamp": "unknown"
  },
  {
    "title": "--.xls",
    "link": "https://ir.sana.com/static-files/fa58ed27--460b--",
    "timestamp": "unknown"
  },
  {
    "title": "Jan ,Statement of changes in beneficial ownership of securities--.pdf--.rtf--.xlsView HTML",
    "link": "https://ir.sana.com/sec-filings/sec-filing//--",
    "timestamp": "unknown"
  },
  {
    "title": "--.pdf",
    "link": "https://ir.sana.com/static-files/3e111771-062f-4c11-bce0-1d07eddfc7c5",
    "timestamp": "unknown"
  },
  {
    "title": "--.rtf",
    "link": "https://ir.sana.com/static-files/0d8b7c11-7f72--940e-279ee8d4b08e",
    "timestamp": "unknown"
  },
  {
    "title": "--.xls",
    "link": "https://ir.sana.com/static-files/8aa01ca3---a4a6-61f09da0be22",
    "timestamp": "unknown"
  },
  {
    "title": "Dec ,Statement of changes in beneficial ownership of securities--.pdf--.rtf--.xlsView HTML",
    "link": "https://ir.sana.com/sec-filings/sec-filing//--",
    "timestamp": "unknown"
  },
  {
    "title": "--.pdf",
    "link": "https://ir.sana.com/static-files/fa6bccb1-5c45-439f-8f52-8fd4861ec851",
    "timestamp": "unknown"
  },
  {
    "title": "--.rtf",
    "link": "https://ir.sana.com/static-files/654b88cf-9d83-4b9b--4139b2625a51",
    "timestamp": "unknown"
  },
  {
    "title": "--.xls",
    "link": "https://ir.sana.com/static-files/ec4b2445-bf17--a1aa-d42faeb5fa2e",
    "timestamp": "unknown"
  },
  {
    "title": "Dec ,Statement of changes in beneficial ownership of securities--.pdf--.rtf--.xlsView HTML",
    "link": "https://ir.sana.com/sec-filings/sec-filing//--",
    "timestamp": "unknown"
  },
  {
    "title": "--.pdf",
    "link": "https://ir.sana.com/static-files/a0a4226f-4f04-4e07-b65e-c353239d73df",
    "timestamp": "unknown"
  },
  {
    "title": "--.rtf",
    "link": "https://ir.sana.com/static-files/066281b9--4c96--1e753bd68e76",
    "timestamp": "unknown"
  },
  {
    "title": "--.xls",
    "link": "https://ir.sana.com/static-files/87cea295--4fd2-9a1f-30422aca6619",
    "timestamp": "unknown"
  },
  {
    "title": "Nov ,SCHEDULE 13G/A - DescriptionSCHEDULE 13G/A--.pdf--.rtf--.xlsView HTML",
    "link": "https://ir.sana.com/sec-filings/sec-filing/schedule-13ga/--",
    "timestamp": "unknown"
  },
  {
    "title": "--.pdf",
    "link": "https://ir.sana.com/static-files/88173df4-45c8--a3ff-9fc16aad052a",
    "timestamp": "unknown"
  },
  {
    "title": "--.rtf",
    "link": "https://ir.sana.com/static-files/2686dbe8--43e2--18c8fa156dc9",
    "timestamp": "unknown"
  },
  {
    "title": "--.xls",
    "link": "https://ir.sana.com/static-files/89d1755a-a0e1-4a1b-b0e0-6f31a6e692c8",
    "timestamp": "unknown"
  },
  {
    "title": "Current page",
    "link": "https://ir.sana.com/financial-information/sec-filings?&field_nir_sec_cik_target_id=&field_nir_sec_date_filed_value=&&&items_per_page_toggle=&page=",
    "timestamp": "unknown"
  },
  {
    "title": "Page",
    "link": "https://ir.sana.com/financial-information/sec-filings?&field_nir_sec_cik_target_id=&field_nir_sec_date_filed_value=&&&items_per_page_toggle=&page=",
    "timestamp": "unknown"
  },
  {
    "title": "Page",
    "link": "https://ir.sana.com/financial-information/sec-filings?&field_nir_sec_cik_target_id=&field_nir_sec_date_filed_value=&&&items_per_page_toggle=&page=",
    "timestamp": "unknown"
  },
  {
    "title": "Page",
    "link": "https://ir.sana.com/financial-information/sec-filings?&field_nir_sec_cik_target_id=&field_nir_sec_date_filed_value=&&&items_per_page_toggle=&page=",
    "timestamp": "unknown"
  },
  {
    "title": "Page",
    "link": "https://ir.sana.com/financial-information/sec-filings?&field_nir_sec_cik_target_id=&field_nir_sec_date_filed_value=&&&items_per_page_toggle=&page=",
    "timestamp": "unknown"
  },
  {
    "title": "Page",
    "link": "https://ir.sana.com/financial-information/sec-filings?&field_nir_sec_cik_target_id=&field_nir_sec_date_filed_value=&&&items_per_page_toggle=&page=",
    "timestamp": "unknown"
  },
  {
    "title": "Page",
    "link": "https://ir.sana.com/financial-information/sec-filings?&field_nir_sec_cik_target_id=&field_nir_sec_date_filed_value=&&&items_per_page_toggle=&page=",
    "timestamp": "unknown"
  },
  {
    "title": "Page",
    "link": "https://ir.sana.com/financial-information/sec-filings?&field_nir_sec_cik_target_id=&field_nir_sec_date_filed_value=&&&items_per_page_toggle=&page=",
    "timestamp": "unknown"
  },
  {
    "title": "Page",
    "link": "https://ir.sana.com/financial-information/sec-filings?&field_nir_sec_cik_target_id=&field_nir_sec_date_filed_value=&&&items_per_page_toggle=&page=",
    "timestamp": "unknown"
  },
  {
    "title": "Next pageNext \u203a",
    "link": "https://ir.sana.com/financial-information/sec-filings?&field_nir_sec_cik_target_id=&field_nir_sec_date_filed_value=&&&items_per_page_toggle=&page=",
    "timestamp": "unknown"
  },
  {
    "title": "Last pageLast \u00bb",
    "link": "https://ir.sana.com/financial-information/sec-filings?&field_nir_sec_cik_target_id=&field_nir_sec_date_filed_value=&&&items_per_page_toggle=&page=",
    "timestamp": "unknown"
  },
  {
    "title": "Data provided byKaleidoscope.",
    "link": "https://www.kscope.io",
    "timestamp": "unknown"
  },
  {
    "title": "Data provided byKaleidoscope.",
    "link": "https://www.kscope.io",
    "timestamp": "unknown"
  },
  {
    "title": "Shareholder ToolsPrint PageEmail AlertsRSS",
    "link": "https://ir.sana.com/financial-information/sec-filings#print-page",
    "timestamp": "unknown"
  },
  {
    "title": "Shareholder ToolsPrint PageEmail AlertsRSS",
    "link": "https://ir.sana.com/financial-information/sec-filings#print-page",
    "timestamp": "unknown"
  },
  {
    "title": "Print Page",
    "link": "https://ir.sana.com/financial-information/sec-filings#print-page",
    "timestamp": "unknown"
  },
  {
    "title": "Email Alerts",
    "link": "https://ir.sana.com/resources/email-alerts",
    "timestamp": "unknown"
  },
  {
    "title": "RSS",
    "link": "https://ir.sana.com/rss-feeds",
    "timestamp": "unknown"
  },
  {
    "title": "Privacy Policy |",
    "link": "https://sana.com/privacy-policy/",
    "timestamp": "unknown"
  },
  {
    "title": "Terms of Use",
    "link": "https://sana.com/terms-of-use/",
    "timestamp": "unknown"
  }
]