[
  {
    "title": "Back to AbbVie.com",
    "link": "http://www.abbvie.com/index.html",
    "timestamp": "unknown"
  },
  {
    "title": "Back to AbbVie.com",
    "link": "http://www.abbvie.com/index.html",
    "timestamp": "unknown"
  },
  {
    "title": "|InvestorsMenu|InvestorsInvestor RelationsFinancialsFinancial ReleasesSEC FilingsAnnual Reports & ProxyResourcesShareholder InformationTax Information",
    "link": "https://investors.abbvie.com/",
    "timestamp": "unknown"
  },
  {
    "title": "|InvestorsMenu|InvestorsInvestor RelationsFinancialsFinancial ReleasesSEC FilingsAnnual Reports & ProxyResourcesShareholder InformationTax Information",
    "link": "https://investors.abbvie.com/",
    "timestamp": "unknown"
  },
  {
    "title": "|Investors",
    "link": "https://investors.abbvie.com/",
    "timestamp": "unknown"
  },
  {
    "title": "Menu|InvestorsInvestor RelationsFinancialsFinancial ReleasesSEC FilingsAnnual Reports & ProxyResourcesShareholder InformationTax InformationStock Info",
    "link": "https://investors.abbvie.com/financial-reports",
    "timestamp": "unknown"
  },
  {
    "title": "Investor RelationsFinancialsFinancial ReleasesSEC FilingsAnnual Reports & ProxyResourcesShareholder InformationTax InformationStock InformationEventsE",
    "link": "https://investors.abbvie.com/financial-reports",
    "timestamp": "unknown"
  },
  {
    "title": "Investor RelationsFinancialsFinancial ReleasesSEC FilingsAnnual Reports & ProxyResourcesShareholder InformationTax InformationStock InformationEventsE",
    "link": "https://investors.abbvie.com/financial-reports",
    "timestamp": "unknown"
  },
  {
    "title": "FinancialsFinancial ReleasesSEC FilingsAnnual Reports & Proxy",
    "link": "https://investors.abbvie.com/financial-reports",
    "timestamp": "unknown"
  },
  {
    "title": "Financial Releases",
    "link": "https://investors.abbvie.com/financial-releases",
    "timestamp": "unknown"
  },
  {
    "title": "SEC Filings",
    "link": "https://investors.abbvie.com/sec-filings",
    "timestamp": "unknown"
  },
  {
    "title": "Annual Reports & Proxy",
    "link": "https://investors.abbvie.com/annual-report-proxy",
    "timestamp": "unknown"
  },
  {
    "title": "ResourcesShareholder InformationTax InformationStock Information",
    "link": "https://investors.abbvie.com/investor-resources",
    "timestamp": "unknown"
  },
  {
    "title": "Shareholder Information",
    "link": "https://investors.abbvie.com/shareholder-information",
    "timestamp": "unknown"
  },
  {
    "title": "Tax Information",
    "link": "https://investors.abbvie.com/tax-information",
    "timestamp": "unknown"
  },
  {
    "title": "Stock Information",
    "link": "https://investors.abbvie.com/stock-information/stock-quote",
    "timestamp": "unknown"
  },
  {
    "title": "EventsEventsPresentationsEmail Alerts",
    "link": "https://investors.abbvie.com/events-and-presentations/upcoming-events",
    "timestamp": "unknown"
  },
  {
    "title": "Events",
    "link": "https://investors.abbvie.com/events-and-presentations/upcoming-events",
    "timestamp": "unknown"
  },
  {
    "title": "Presentations",
    "link": "https://investors.abbvie.com/presentations",
    "timestamp": "unknown"
  },
  {
    "title": "Email Alerts",
    "link": "https://investors.abbvie.com/shareholder-services/email-alerts",
    "timestamp": "unknown"
  },
  {
    "title": "GovernanceLeadership Team",
    "link": "https://investors.abbvie.com/governance",
    "timestamp": "unknown"
  },
  {
    "title": "Leadership Team",
    "link": "https://www.abbvie.com/who-we-are/our-leaders.html",
    "timestamp": "unknown"
  },
  {
    "title": "PresentationsDateDocuments//AbbVie Pipeline Update//AbbVie Long-Term Guidance and Pipeline Update//AbbVie Cerevel Acquisition - Slides//AbbVie ImmunoG",
    "link": "https://investors.abbvie.com/static-files/-a852--af07-d45e2d6590ef",
    "timestamp": "unknown"
  },
  {
    "title": "PresentationsDateDocuments//AbbVie Pipeline Update//AbbVie Long-Term Guidance and Pipeline Update//AbbVie Cerevel Acquisition - Slides//AbbVie ImmunoG",
    "link": "https://investors.abbvie.com/static-files/-a852--af07-d45e2d6590ef",
    "timestamp": "unknown"
  },
  {
    "title": "PresentationsDateDocuments//AbbVie Pipeline Update//AbbVie Long-Term Guidance and Pipeline Update//AbbVie Cerevel Acquisition - Slides//AbbVie ImmunoG",
    "link": "https://investors.abbvie.com/static-files/-a852--af07-d45e2d6590ef",
    "timestamp": "unknown"
  },
  {
    "title": "PresentationsDateDocuments//AbbVie Pipeline Update//AbbVie Long-Term Guidance and Pipeline Update//AbbVie Cerevel Acquisition - Slides//AbbVie ImmunoG",
    "link": "https://investors.abbvie.com/static-files/-a852--af07-d45e2d6590ef",
    "timestamp": "unknown"
  },
  {
    "title": "PresentationsDateDocuments//AbbVie Pipeline Update//AbbVie Long-Term Guidance and Pipeline Update//AbbVie Cerevel Acquisition - Slides//AbbVie ImmunoG",
    "link": "https://investors.abbvie.com/static-files/-a852--af07-d45e2d6590ef",
    "timestamp": "unknown"
  },
  {
    "title": "DateDocuments//AbbVie Pipeline Update//AbbVie Long-Term Guidance and Pipeline Update//AbbVie Cerevel Acquisition - Slides//AbbVie ImmunoGen Acquisitio",
    "link": "https://investors.abbvie.com/static-files/-a852--af07-d45e2d6590ef",
    "timestamp": "unknown"
  },
  {
    "title": "DateDocuments//AbbVie Pipeline Update//AbbVie Long-Term Guidance and Pipeline Update//AbbVie Cerevel Acquisition - Slides//AbbVie ImmunoGen Acquisitio",
    "link": "https://investors.abbvie.com/static-files/-a852--af07-d45e2d6590ef",
    "timestamp": "unknown"
  },
  {
    "title": "DateDocuments//AbbVie Pipeline Update//AbbVie Long-Term Guidance and Pipeline Update//AbbVie Cerevel Acquisition - Slides//AbbVie ImmunoGen Acquisitio",
    "link": "https://investors.abbvie.com/static-files/-a852--af07-d45e2d6590ef",
    "timestamp": "unknown"
  },
  {
    "title": "DateDocuments//AbbVie Pipeline Update//AbbVie Long-Term Guidance and Pipeline Update//AbbVie Cerevel Acquisition - Slides//AbbVie ImmunoGen Acquisitio",
    "link": "https://investors.abbvie.com/static-files/-a852--af07-d45e2d6590ef",
    "timestamp": "unknown"
  },
  {
    "title": "DateDocuments//AbbVie Pipeline Update//AbbVie Long-Term Guidance and Pipeline Update//AbbVie Cerevel Acquisition - Slides//AbbVie ImmunoGen Acquisitio",
    "link": "https://investors.abbvie.com/static-files/-a852--af07-d45e2d6590ef",
    "timestamp": "unknown"
  },
  {
    "title": "DateDocuments//AbbVie Pipeline Update//AbbVie Long-Term Guidance and Pipeline Update//AbbVie Cerevel Acquisition - Slides//AbbVie ImmunoGen Acquisitio",
    "link": "https://investors.abbvie.com/static-files/-a852--af07-d45e2d6590ef",
    "timestamp": "unknown"
  },
  {
    "title": "DateDocuments//AbbVie Pipeline Update//AbbVie Long-Term Guidance and Pipeline Update//AbbVie Cerevel Acquisition - Slides//AbbVie ImmunoGen Acquisitio",
    "link": "https://investors.abbvie.com/static-files/-a852--af07-d45e2d6590ef",
    "timestamp": "unknown"
  },
  {
    "title": "DateDocuments//AbbVie Pipeline Update//AbbVie Long-Term Guidance and Pipeline Update//AbbVie Cerevel Acquisition - Slides//AbbVie ImmunoGen Acquisitio",
    "link": "https://investors.abbvie.com/static-files/-a852--af07-d45e2d6590ef",
    "timestamp": "unknown"
  },
  {
    "title": "DateDocuments//AbbVie Pipeline Update//AbbVie Long-Term Guidance and Pipeline Update//AbbVie Cerevel Acquisition - Slides//AbbVie ImmunoGen Acquisitio",
    "link": "https://investors.abbvie.com/static-files/-a852--af07-d45e2d6590ef",
    "timestamp": "unknown"
  },
  {
    "title": "DateDocuments//AbbVie Pipeline Update//AbbVie Long-Term Guidance and Pipeline Update//AbbVie Cerevel Acquisition - Slides//AbbVie ImmunoGen Acquisitio",
    "link": "https://investors.abbvie.com/static-files/-a852--af07-d45e2d6590ef",
    "timestamp": "unknown"
  },
  {
    "title": "DateDocuments//AbbVie Pipeline Update//AbbVie Long-Term Guidance and Pipeline Update//AbbVie Cerevel Acquisition - Slides//AbbVie ImmunoGen Acquisitio",
    "link": "https://investors.abbvie.com/static-files/-a852--af07-d45e2d6590ef",
    "timestamp": "unknown"
  },
  {
    "title": "//AbbVie Pipeline Update",
    "link": "https://investors.abbvie.com/static-files/-a852--af07-d45e2d6590ef",
    "timestamp": "unknown"
  },
  {
    "title": "AbbVie Pipeline Update",
    "link": "https://investors.abbvie.com/static-files/-a852--af07-d45e2d6590ef",
    "timestamp": "unknown"
  },
  {
    "title": "AbbVie Pipeline Update",
    "link": "https://investors.abbvie.com/static-files/-a852--af07-d45e2d6590ef",
    "timestamp": "unknown"
  },
  {
    "title": "AbbVie Pipeline Update",
    "link": "https://investors.abbvie.com/static-files/-a852--af07-d45e2d6590ef",
    "timestamp": "unknown"
  },
  {
    "title": "//AbbVie Long-Term Guidance and Pipeline Update",
    "link": "https://investors.abbvie.com/static-files/aefa6da8-17b6--906f-bebc7aab2d5d",
    "timestamp": "unknown"
  },
  {
    "title": "AbbVie Long-Term Guidance and Pipeline Update",
    "link": "https://investors.abbvie.com/static-files/aefa6da8-17b6--906f-bebc7aab2d5d",
    "timestamp": "unknown"
  },
  {
    "title": "AbbVie Long-Term Guidance and Pipeline Update",
    "link": "https://investors.abbvie.com/static-files/aefa6da8-17b6--906f-bebc7aab2d5d",
    "timestamp": "unknown"
  },
  {
    "title": "AbbVie Long-Term Guidance and Pipeline Update",
    "link": "https://investors.abbvie.com/static-files/aefa6da8-17b6--906f-bebc7aab2d5d",
    "timestamp": "unknown"
  },
  {
    "title": "//AbbVie Cerevel Acquisition - Slides",
    "link": "https://investors.abbvie.com/static-files/118e1985-88fc-4bc8-885a-93267ed8bf5e",
    "timestamp": "unknown"
  },
  {
    "title": "AbbVie Cerevel Acquisition - Slides",
    "link": "https://investors.abbvie.com/static-files/118e1985-88fc-4bc8-885a-93267ed8bf5e",
    "timestamp": "unknown"
  },
  {
    "title": "AbbVie Cerevel Acquisition - Slides",
    "link": "https://investors.abbvie.com/static-files/118e1985-88fc-4bc8-885a-93267ed8bf5e",
    "timestamp": "unknown"
  },
  {
    "title": "AbbVie Cerevel Acquisition - Slides",
    "link": "https://investors.abbvie.com/static-files/118e1985-88fc-4bc8-885a-93267ed8bf5e",
    "timestamp": "unknown"
  },
  {
    "title": "//AbbVie ImmunoGen Acquisition - Slides",
    "link": "https://investors.abbvie.com/static-files/a82f2f5d-2c9c--aad0-ac2061cada8f",
    "timestamp": "unknown"
  },
  {
    "title": "AbbVie ImmunoGen Acquisition - Slides",
    "link": "https://investors.abbvie.com/static-files/a82f2f5d-2c9c--aad0-ac2061cada8f",
    "timestamp": "unknown"
  },
  {
    "title": "AbbVie ImmunoGen Acquisition - Slides",
    "link": "https://investors.abbvie.com/static-files/a82f2f5d-2c9c--aad0-ac2061cada8f",
    "timestamp": "unknown"
  },
  {
    "title": "AbbVie ImmunoGen Acquisition - Slides",
    "link": "https://investors.abbvie.com/static-files/a82f2f5d-2c9c--aad0-ac2061cada8f",
    "timestamp": "unknown"
  },
  {
    "title": "//AbbVie Pipeline Update",
    "link": "https://investors.abbvie.com/static-files/9200a822-5d4b-4a1d-a4f3-720cb7b76723",
    "timestamp": "unknown"
  },
  {
    "title": "AbbVie Pipeline Update",
    "link": "https://investors.abbvie.com/static-files/9200a822-5d4b-4a1d-a4f3-720cb7b76723",
    "timestamp": "unknown"
  },
  {
    "title": "AbbVie Pipeline Update",
    "link": "https://investors.abbvie.com/static-files/9200a822-5d4b-4a1d-a4f3-720cb7b76723",
    "timestamp": "unknown"
  },
  {
    "title": "AbbVie Pipeline Update",
    "link": "https://investors.abbvie.com/static-files/9200a822-5d4b-4a1d-a4f3-720cb7b76723",
    "timestamp": "unknown"
  },
  {
    "title": "//J.P. Morgan Healthcare Conference Presentation",
    "link": "https://investors.abbvie.com/static-files/4d7aae8a-65ca-45f9-bc0f-a169b5a7dc9d",
    "timestamp": "unknown"
  },
  {
    "title": "J.P. Morgan Healthcare Conference Presentation",
    "link": "https://investors.abbvie.com/static-files/4d7aae8a-65ca-45f9-bc0f-a169b5a7dc9d",
    "timestamp": "unknown"
  },
  {
    "title": "J.P. Morgan Healthcare Conference Presentation",
    "link": "https://investors.abbvie.com/static-files/4d7aae8a-65ca-45f9-bc0f-a169b5a7dc9d",
    "timestamp": "unknown"
  },
  {
    "title": "J.P. Morgan Healthcare Conference Presentation",
    "link": "https://investors.abbvie.com/static-files/4d7aae8a-65ca-45f9-bc0f-a169b5a7dc9d",
    "timestamp": "unknown"
  },
  {
    "title": "//AbbVie Pipeline Update",
    "link": "https://investors.abbvie.com/static-files/886648b5-06d7-4c66-aaa3-7c01a0fd4cbe",
    "timestamp": "unknown"
  },
  {
    "title": "AbbVie Pipeline Update",
    "link": "https://investors.abbvie.com/static-files/886648b5-06d7-4c66-aaa3-7c01a0fd4cbe",
    "timestamp": "unknown"
  },
  {
    "title": "AbbVie Pipeline Update",
    "link": "https://investors.abbvie.com/static-files/886648b5-06d7-4c66-aaa3-7c01a0fd4cbe",
    "timestamp": "unknown"
  },
  {
    "title": "AbbVie Pipeline Update",
    "link": "https://investors.abbvie.com/static-files/886648b5-06d7-4c66-aaa3-7c01a0fd4cbe",
    "timestamp": "unknown"
  },
  {
    "title": "//J.P. Morgan Healthcare Conference Presentation",
    "link": "https://investors.abbvie.com/static-files/6eaf137c-4bee-4a5d--33b9f299382d",
    "timestamp": "unknown"
  },
  {
    "title": "J.P. Morgan Healthcare Conference Presentation",
    "link": "https://investors.abbvie.com/static-files/6eaf137c-4bee-4a5d--33b9f299382d",
    "timestamp": "unknown"
  },
  {
    "title": "J.P. Morgan Healthcare Conference Presentation",
    "link": "https://investors.abbvie.com/static-files/6eaf137c-4bee-4a5d--33b9f299382d",
    "timestamp": "unknown"
  },
  {
    "title": "J.P. Morgan Healthcare Conference Presentation",
    "link": "https://investors.abbvie.com/static-files/6eaf137c-4bee-4a5d--33b9f299382d",
    "timestamp": "unknown"
  },
  {
    "title": "//AbbVie Pipeline Update",
    "link": "https://investors.abbvie.com/static-files/9c3dba8e--4e55-a78f-d167a91b1e99",
    "timestamp": "unknown"
  },
  {
    "title": "AbbVie Pipeline Update",
    "link": "https://investors.abbvie.com/static-files/9c3dba8e--4e55-a78f-d167a91b1e99",
    "timestamp": "unknown"
  },
  {
    "title": "AbbVie Pipeline Update",
    "link": "https://investors.abbvie.com/static-files/9c3dba8e--4e55-a78f-d167a91b1e99",
    "timestamp": "unknown"
  },
  {
    "title": "AbbVie Pipeline Update",
    "link": "https://investors.abbvie.com/static-files/9c3dba8e--4e55-a78f-d167a91b1e99",
    "timestamp": "unknown"
  },
  {
    "title": "//J.P. Morgan Healthcare Conference Presentation",
    "link": "https://investors.abbvie.com/static-files/74ba7e9d-c848--b659-a6ccd8649170",
    "timestamp": "unknown"
  },
  {
    "title": "J.P. Morgan Healthcare Conference Presentation",
    "link": "https://investors.abbvie.com/static-files/74ba7e9d-c848--b659-a6ccd8649170",
    "timestamp": "unknown"
  },
  {
    "title": "J.P. Morgan Healthcare Conference Presentation",
    "link": "https://investors.abbvie.com/static-files/74ba7e9d-c848--b659-a6ccd8649170",
    "timestamp": "unknown"
  },
  {
    "title": "J.P. Morgan Healthcare Conference Presentation",
    "link": "https://investors.abbvie.com/static-files/74ba7e9d-c848--b659-a6ccd8649170",
    "timestamp": "unknown"
  },
  {
    "title": "//AbbVie Immunology Strategy Update and Long Term Outlook",
    "link": "https://investors.abbvie.com/static-files/af90f072-f816-4dd3--dd3389145545",
    "timestamp": "unknown"
  },
  {
    "title": "AbbVie Immunology Strategy Update and Long Term Outlook",
    "link": "https://investors.abbvie.com/static-files/af90f072-f816-4dd3--dd3389145545",
    "timestamp": "unknown"
  },
  {
    "title": "AbbVie Immunology Strategy Update and Long Term Outlook",
    "link": "https://investors.abbvie.com/static-files/af90f072-f816-4dd3--dd3389145545",
    "timestamp": "unknown"
  },
  {
    "title": "AbbVie Immunology Strategy Update and Long Term Outlook",
    "link": "https://investors.abbvie.com/static-files/af90f072-f816-4dd3--dd3389145545",
    "timestamp": "unknown"
  },
  {
    "title": "//AbbVie R&D Deep Dive",
    "link": "https://investors.abbvie.com/static-files/b898880e--40c4-9f5b-e4b999461414",
    "timestamp": "unknown"
  },
  {
    "title": "AbbVie R&D Deep Dive",
    "link": "https://investors.abbvie.com/static-files/b898880e--40c4-9f5b-e4b999461414",
    "timestamp": "unknown"
  },
  {
    "title": "AbbVie R&D Deep Dive",
    "link": "https://investors.abbvie.com/static-files/b898880e--40c4-9f5b-e4b999461414",
    "timestamp": "unknown"
  },
  {
    "title": "AbbVie R&D Deep Dive",
    "link": "https://investors.abbvie.com/static-files/b898880e--40c4-9f5b-e4b999461414",
    "timestamp": "unknown"
  },
  {
    "title": "//AbbVie Pipeline Update",
    "link": "https://investors.abbvie.com/static-files/0f2e0201-ef33-432c-904e-8cf78d2d0929",
    "timestamp": "unknown"
  },
  {
    "title": "AbbVie Pipeline Update",
    "link": "https://investors.abbvie.com/static-files/0f2e0201-ef33-432c-904e-8cf78d2d0929",
    "timestamp": "unknown"
  },
  {
    "title": "AbbVie Pipeline Update",
    "link": "https://investors.abbvie.com/static-files/0f2e0201-ef33-432c-904e-8cf78d2d0929",
    "timestamp": "unknown"
  },
  {
    "title": "AbbVie Pipeline Update",
    "link": "https://investors.abbvie.com/static-files/0f2e0201-ef33-432c-904e-8cf78d2d0929",
    "timestamp": "unknown"
  },
  {
    "title": "//AbbVie 37th Annual J.P. Morgan Healthcare Conference",
    "link": "https://investors.abbvie.com/static-files/63833f8e-738b-4ffa-b1ad-1e956816f9d1",
    "timestamp": "unknown"
  },
  {
    "title": "AbbVie 37th Annual J.P. Morgan Healthcare Conference",
    "link": "https://investors.abbvie.com/static-files/63833f8e-738b-4ffa-b1ad-1e956816f9d1",
    "timestamp": "unknown"
  },
  {
    "title": "AbbVie 37th Annual J.P. Morgan Healthcare Conference",
    "link": "https://investors.abbvie.com/static-files/63833f8e-738b-4ffa-b1ad-1e956816f9d1",
    "timestamp": "unknown"
  },
  {
    "title": "AbbVie 37th Annual J.P. Morgan Healthcare Conference",
    "link": "https://investors.abbvie.com/static-files/63833f8e-738b-4ffa-b1ad-1e956816f9d1",
    "timestamp": "unknown"
  },
  {
    "title": "//AbbVie Inc Jefferies  Healthcare Conference Presentation",
    "link": "https://investors.abbvie.com/static-files/6ca2dfad-7aeb--9f88-cf798e12ddda",
    "timestamp": "unknown"
  },
  {
    "title": "AbbVie Inc Jefferies  Healthcare Conference Presentation",
    "link": "https://investors.abbvie.com/static-files/6ca2dfad-7aeb--9f88-cf798e12ddda",
    "timestamp": "unknown"
  },
  {
    "title": "AbbVie Inc Jefferies  Healthcare Conference Presentation",
    "link": "https://investors.abbvie.com/static-files/6ca2dfad-7aeb--9f88-cf798e12ddda",
    "timestamp": "unknown"
  },
  {
    "title": "AbbVie Inc Jefferies  Healthcare Conference Presentation",
    "link": "https://investors.abbvie.com/static-files/6ca2dfad-7aeb--9f88-cf798e12ddda",
    "timestamp": "unknown"
  },
  {
    "title": "//J.P. Morgan Healthcare Conference Presentation",
    "link": "https://investors.abbvie.com/static-files/e5c97b29-5a3d--a04f-92ded98ea046",
    "timestamp": "unknown"
  },
  {
    "title": "J.P. Morgan Healthcare Conference Presentation",
    "link": "https://investors.abbvie.com/static-files/e5c97b29-5a3d--a04f-92ded98ea046",
    "timestamp": "unknown"
  },
  {
    "title": "J.P. Morgan Healthcare Conference Presentation",
    "link": "https://investors.abbvie.com/static-files/e5c97b29-5a3d--a04f-92ded98ea046",
    "timestamp": "unknown"
  },
  {
    "title": "J.P. Morgan Healthcare Conference Presentation",
    "link": "https://investors.abbvie.com/static-files/e5c97b29-5a3d--a04f-92ded98ea046",
    "timestamp": "unknown"
  },
  {
    "title": "//AbbVie Strategic Update",
    "link": "https://investors.abbvie.com/static-files/2c73be22-1aac-436e-bcae-80124537a5ff",
    "timestamp": "unknown"
  },
  {
    "title": "AbbVie Strategic Update",
    "link": "https://investors.abbvie.com/static-files/2c73be22-1aac-436e-bcae-80124537a5ff",
    "timestamp": "unknown"
  },
  {
    "title": "AbbVie Strategic Update",
    "link": "https://investors.abbvie.com/static-files/2c73be22-1aac-436e-bcae-80124537a5ff",
    "timestamp": "unknown"
  },
  {
    "title": "AbbVie Strategic Update",
    "link": "https://investors.abbvie.com/static-files/2c73be22-1aac-436e-bcae-80124537a5ff",
    "timestamp": "unknown"
  },
  {
    "title": "//Jefferies  Global Healthcare Conference Presentation",
    "link": "https://investors.abbvie.com/static-files/7e9bcf5c-a6ed--bba3-3a3cf1a6509b",
    "timestamp": "unknown"
  },
  {
    "title": "Jefferies  Global Healthcare Conference Presentation",
    "link": "https://investors.abbvie.com/static-files/7e9bcf5c-a6ed--bba3-3a3cf1a6509b",
    "timestamp": "unknown"
  },
  {
    "title": "Jefferies  Global Healthcare Conference Presentation",
    "link": "https://investors.abbvie.com/static-files/7e9bcf5c-a6ed--bba3-3a3cf1a6509b",
    "timestamp": "unknown"
  },
  {
    "title": "Jefferies  Global Healthcare Conference Presentation",
    "link": "https://investors.abbvie.com/static-files/7e9bcf5c-a6ed--bba3-3a3cf1a6509b",
    "timestamp": "unknown"
  },
  {
    "title": "//J.P. Morgan Healthcare Conference Presentation",
    "link": "https://investors.abbvie.com/static-files/c45de746-f89d-42ab-b4c9-180da879d07e",
    "timestamp": "unknown"
  },
  {
    "title": "J.P. Morgan Healthcare Conference Presentation",
    "link": "https://investors.abbvie.com/static-files/c45de746-f89d-42ab-b4c9-180da879d07e",
    "timestamp": "unknown"
  },
  {
    "title": "J.P. Morgan Healthcare Conference Presentation",
    "link": "https://investors.abbvie.com/static-files/c45de746-f89d-42ab-b4c9-180da879d07e",
    "timestamp": "unknown"
  },
  {
    "title": "J.P. Morgan Healthcare Conference Presentation",
    "link": "https://investors.abbvie.com/static-files/c45de746-f89d-42ab-b4c9-180da879d07e",
    "timestamp": "unknown"
  },
  {
    "title": "//AbbVie Inc Jefferies  Healthcare Conference Presentation",
    "link": "https://investors.abbvie.com/static-files/a17fa07e-9e18-442c-a685-49e78f4ac1f7",
    "timestamp": "unknown"
  },
  {
    "title": "AbbVie Inc Jefferies  Healthcare Conference Presentation",
    "link": "https://investors.abbvie.com/static-files/a17fa07e-9e18-442c-a685-49e78f4ac1f7",
    "timestamp": "unknown"
  },
  {
    "title": "AbbVie Inc Jefferies  Healthcare Conference Presentation",
    "link": "https://investors.abbvie.com/static-files/a17fa07e-9e18-442c-a685-49e78f4ac1f7",
    "timestamp": "unknown"
  },
  {
    "title": "AbbVie Inc Jefferies  Healthcare Conference Presentation",
    "link": "https://investors.abbvie.com/static-files/a17fa07e-9e18-442c-a685-49e78f4ac1f7",
    "timestamp": "unknown"
  },
  {
    "title": "//AbbVie  R&D Day Presentation",
    "link": "https://investors.abbvie.com/static-files/4c774749-25a8-4c8d-939d-3a3cdc45c8d6",
    "timestamp": "unknown"
  },
  {
    "title": "AbbVie  R&D Day Presentation",
    "link": "https://investors.abbvie.com/static-files/4c774749-25a8-4c8d-939d-3a3cdc45c8d6",
    "timestamp": "unknown"
  },
  {
    "title": "AbbVie  R&D Day Presentation",
    "link": "https://investors.abbvie.com/static-files/4c774749-25a8-4c8d-939d-3a3cdc45c8d6",
    "timestamp": "unknown"
  },
  {
    "title": "AbbVie  R&D Day Presentation",
    "link": "https://investors.abbvie.com/static-files/4c774749-25a8-4c8d-939d-3a3cdc45c8d6",
    "timestamp": "unknown"
  },
  {
    "title": "//AbbVie Stemcentrx Acquisition",
    "link": "https://investors.abbvie.com/static-files/66f6aa41-bf3e--9ba9-d727e38e92b7",
    "timestamp": "unknown"
  },
  {
    "title": "AbbVie Stemcentrx Acquisition",
    "link": "https://investors.abbvie.com/static-files/66f6aa41-bf3e--9ba9-d727e38e92b7",
    "timestamp": "unknown"
  },
  {
    "title": "AbbVie Stemcentrx Acquisition",
    "link": "https://investors.abbvie.com/static-files/66f6aa41-bf3e--9ba9-d727e38e92b7",
    "timestamp": "unknown"
  },
  {
    "title": "AbbVie Stemcentrx Acquisition",
    "link": "https://investors.abbvie.com/static-files/66f6aa41-bf3e--9ba9-d727e38e92b7",
    "timestamp": "unknown"
  },
  {
    "title": "//AbbVie J.P. Morgan Healthcare Conference Presentation",
    "link": "https://investors.abbvie.com/static-files/5e7c3834-c78b-49f2-a751-0ab2a0516530",
    "timestamp": "unknown"
  },
  {
    "title": "AbbVie J.P. Morgan Healthcare Conference Presentation",
    "link": "https://investors.abbvie.com/static-files/5e7c3834-c78b-49f2-a751-0ab2a0516530",
    "timestamp": "unknown"
  },
  {
    "title": "AbbVie J.P. Morgan Healthcare Conference Presentation",
    "link": "https://investors.abbvie.com/static-files/5e7c3834-c78b-49f2-a751-0ab2a0516530",
    "timestamp": "unknown"
  },
  {
    "title": "AbbVie J.P. Morgan Healthcare Conference Presentation",
    "link": "https://investors.abbvie.com/static-files/5e7c3834-c78b-49f2-a751-0ab2a0516530",
    "timestamp": "unknown"
  },
  {
    "title": "//AbbVie Strategy Presentation",
    "link": "https://investors.abbvie.com/static-files/af79eef2--4b62--982d2d95404e",
    "timestamp": "unknown"
  },
  {
    "title": "AbbVie Strategy Presentation",
    "link": "https://investors.abbvie.com/static-files/af79eef2--4b62--982d2d95404e",
    "timestamp": "unknown"
  },
  {
    "title": "AbbVie Strategy Presentation",
    "link": "https://investors.abbvie.com/static-files/af79eef2--4b62--982d2d95404e",
    "timestamp": "unknown"
  },
  {
    "title": "AbbVie Strategy Presentation",
    "link": "https://investors.abbvie.com/static-files/af79eef2--4b62--982d2d95404e",
    "timestamp": "unknown"
  },
  {
    "title": "//Pharmacyclics Acquisition",
    "link": "https://investors.abbvie.com/static-files/34389e63-947d-40be-899d-83f2b129c1de",
    "timestamp": "unknown"
  },
  {
    "title": "Pharmacyclics Acquisition",
    "link": "https://investors.abbvie.com/static-files/34389e63-947d-40be-899d-83f2b129c1de",
    "timestamp": "unknown"
  },
  {
    "title": "Pharmacyclics Acquisition",
    "link": "https://investors.abbvie.com/static-files/34389e63-947d-40be-899d-83f2b129c1de",
    "timestamp": "unknown"
  },
  {
    "title": "Pharmacyclics Acquisition",
    "link": "https://investors.abbvie.com/static-files/34389e63-947d-40be-899d-83f2b129c1de",
    "timestamp": "unknown"
  },
  {
    "title": "//AbbVie Inc at 33rd Annual J.P. Morgan Healthcare Conference",
    "link": "https://investors.abbvie.com/static-files/a1c2fd5b-7b80-45fb--9ef78c531728",
    "timestamp": "unknown"
  },
  {
    "title": "AbbVie Inc at 33rd Annual J.P. Morgan Healthcare Conference",
    "link": "https://investors.abbvie.com/static-files/a1c2fd5b-7b80-45fb--9ef78c531728",
    "timestamp": "unknown"
  },
  {
    "title": "AbbVie Inc at 33rd Annual J.P. Morgan Healthcare Conference",
    "link": "https://investors.abbvie.com/static-files/a1c2fd5b-7b80-45fb--9ef78c531728",
    "timestamp": "unknown"
  },
  {
    "title": "AbbVie Inc at 33rd Annual J.P. Morgan Healthcare Conference",
    "link": "https://investors.abbvie.com/static-files/a1c2fd5b-7b80-45fb--9ef78c531728",
    "timestamp": "unknown"
  },
  {
    "title": "//AbbVie Inc at Jefferies  Global Healthcare Conference",
    "link": "https://investors.abbvie.com/static-files/db125bb5--4e2a-84b4-876d32a7ac71",
    "timestamp": "unknown"
  },
  {
    "title": "AbbVie Inc at Jefferies  Global Healthcare Conference",
    "link": "https://investors.abbvie.com/static-files/db125bb5--4e2a-84b4-876d32a7ac71",
    "timestamp": "unknown"
  },
  {
    "title": "AbbVie Inc at Jefferies  Global Healthcare Conference",
    "link": "https://investors.abbvie.com/static-files/db125bb5--4e2a-84b4-876d32a7ac71",
    "timestamp": "unknown"
  },
  {
    "title": "AbbVie Inc at Jefferies  Global Healthcare Conference",
    "link": "https://investors.abbvie.com/static-files/db125bb5--4e2a-84b4-876d32a7ac71",
    "timestamp": "unknown"
  },
  {
    "title": "//AbbVie Inc at Credit Suisse  Healthcare Conference",
    "link": "https://investors.abbvie.com/static-files/86ba1247-a597-4ed4-9b1f-543ece1e70f3",
    "timestamp": "unknown"
  },
  {
    "title": "AbbVie Inc at Credit Suisse  Healthcare Conference",
    "link": "https://investors.abbvie.com/static-files/86ba1247-a597-4ed4-9b1f-543ece1e70f3",
    "timestamp": "unknown"
  },
  {
    "title": "AbbVie Inc at Credit Suisse  Healthcare Conference",
    "link": "https://investors.abbvie.com/static-files/86ba1247-a597-4ed4-9b1f-543ece1e70f3",
    "timestamp": "unknown"
  },
  {
    "title": "AbbVie Inc at Credit Suisse  Healthcare Conference",
    "link": "https://investors.abbvie.com/static-files/86ba1247-a597-4ed4-9b1f-543ece1e70f3",
    "timestamp": "unknown"
  },
  {
    "title": "//AbbVie Inc at Morgan Stanley Global Healthcare Conference",
    "link": "https://investors.abbvie.com/static-files/7f4c34ee-652e-48f9-a1bb-3db07cdbcd5d",
    "timestamp": "unknown"
  },
  {
    "title": "AbbVie Inc at Morgan Stanley Global Healthcare Conference",
    "link": "https://investors.abbvie.com/static-files/7f4c34ee-652e-48f9-a1bb-3db07cdbcd5d",
    "timestamp": "unknown"
  },
  {
    "title": "AbbVie Inc at Morgan Stanley Global Healthcare Conference",
    "link": "https://investors.abbvie.com/static-files/7f4c34ee-652e-48f9-a1bb-3db07cdbcd5d",
    "timestamp": "unknown"
  },
  {
    "title": "AbbVie Inc at Morgan Stanley Global Healthcare Conference",
    "link": "https://investors.abbvie.com/static-files/7f4c34ee-652e-48f9-a1bb-3db07cdbcd5d",
    "timestamp": "unknown"
  },
  {
    "title": "Print",
    "link": "https://investors.abbvie.com/presentations",
    "timestamp": "unknown"
  },
  {
    "title": "RSS",
    "link": "https://investors.abbvie.com/rss-feeds",
    "timestamp": "unknown"
  },
  {
    "title": "Email Alerts",
    "link": "https://investors.abbvie.com/shareholder-services/email-alerts",
    "timestamp": "unknown"
  },
  {
    "title": "Contact",
    "link": "https://investors.abbvie.com/shareholder-services/contact-ir",
    "timestamp": "unknown"
  },
  {
    "title": "Tear Sheet",
    "link": "https://investors.abbvie.com/company-tear-sheet",
    "timestamp": "unknown"
  },
  {
    "title": "Contact",
    "link": "https://www.abbvie.com/contactus.html",
    "timestamp": "unknown"
  },
  {
    "title": "Contact",
    "link": "https://www.abbvie.com/contactus.html",
    "timestamp": "unknown"
  },
  {
    "title": "Medical Information",
    "link": "https://www.abbviemedinfo.com/",
    "timestamp": "unknown"
  },
  {
    "title": "Site Map",
    "link": "https://www.abbvie.com/site-map.html",
    "timestamp": "unknown"
  },
  {
    "title": "Terms of Use",
    "link": "https://www.abbvie.com/termsofuse.html",
    "timestamp": "unknown"
  },
  {
    "title": "Privacy Notice",
    "link": "https://privacy.abbvie/privacy-policies/us-privacy-policy.html",
    "timestamp": "unknown"
  },
  {
    "title": "Consumer Health Data Privacy Notice",
    "link": "https://abbv.ie/PrivacyConsumerHealth",
    "timestamp": "unknown"
  },
  {
    "title": "Your Privacy Choices",
    "link": "https://abbviemetadata.my.site.com/AbbvieDSRM/s/?language=en_US",
    "timestamp": "unknown"
  }
]