[
  {
    "title": "ContentSearchNavigationSitemap",
    "link": "https://www.autolus.com/investor-relations-media/news-media/#content",
    "timestamp": "unknown"
  },
  {
    "title": "Content",
    "link": "https://www.autolus.com/investor-relations-media/news-media/#content",
    "timestamp": "unknown"
  },
  {
    "title": "Search",
    "link": "https://www.autolus.com/search",
    "timestamp": "unknown"
  },
  {
    "title": "Navigation",
    "link": "https://www.autolus.com/investor-relations-media/news-media/#n",
    "timestamp": "unknown"
  },
  {
    "title": "Sitemap",
    "link": "https://www.autolus.com/sitemap",
    "timestamp": "unknown"
  },
  {
    "title": "Autolus Logo_White \u2013 RGBMenu",
    "link": "https://www.autolus.com/",
    "timestamp": "unknown"
  },
  {
    "title": "Autolus Logo_White \u2013 RGB",
    "link": "https://www.autolus.com/",
    "timestamp": "unknown"
  },
  {
    "title": "Menu",
    "link": "https://www.autolus.com/investor-relations-media/news-media/?show=oc-navigation",
    "timestamp": "unknown"
  },
  {
    "title": "HomeAbout usOverviewOur purposeOur partnersLeadershipOur historyCulture and valuesCompliance ProgramOur CAR T FocusInnovationOverviewChimeric Antigen ",
    "link": "https://www.autolus.com/",
    "timestamp": "unknown"
  },
  {
    "title": "HomeAbout usOverviewOur purposeOur partnersLeadershipOur historyCulture and valuesCompliance ProgramOur CAR T FocusInnovationOverviewChimeric Antigen ",
    "link": "https://www.autolus.com/",
    "timestamp": "unknown"
  },
  {
    "title": "HomeAbout usOverviewOur purposeOur partnersLeadershipOur historyCulture and valuesCompliance ProgramOur CAR T FocusInnovationOverviewChimeric Antigen ",
    "link": "https://www.autolus.com/",
    "timestamp": "unknown"
  },
  {
    "title": "HomeAbout usOverviewOur purposeOur partnersLeadershipOur historyCulture and valuesCompliance ProgramOur CAR T FocusInnovationOverviewChimeric Antigen ",
    "link": "https://www.autolus.com/",
    "timestamp": "unknown"
  },
  {
    "title": "HomeAbout usOverviewOur purposeOur partnersLeadershipOur historyCulture and valuesCompliance ProgramOur CAR T FocusInnovationOverviewChimeric Antigen ",
    "link": "https://www.autolus.com/",
    "timestamp": "unknown"
  },
  {
    "title": "HomeAbout usOverviewOur purposeOur partnersLeadershipOur historyCulture and valuesCompliance ProgramOur CAR T FocusInnovationOverviewChimeric Antigen ",
    "link": "https://www.autolus.com/",
    "timestamp": "unknown"
  },
  {
    "title": "HomeAbout usOverviewOur purposeOur partnersLeadershipOur historyCulture and valuesCompliance ProgramOur CAR T FocusInnovationOverviewChimeric Antigen ",
    "link": "https://www.autolus.com/",
    "timestamp": "unknown"
  },
  {
    "title": "Home",
    "link": "https://www.autolus.com/",
    "timestamp": "unknown"
  },
  {
    "title": "About usOverviewOur purposeOur partnersLeadershipOur historyCulture and valuesCompliance Program",
    "link": "https://www.autolus.com/about-us/",
    "timestamp": "unknown"
  },
  {
    "title": "Overview",
    "link": "https://www.autolus.com/about-us/",
    "timestamp": "unknown"
  },
  {
    "title": "Our purpose",
    "link": "https://www.autolus.com/about-us/our-purpose/",
    "timestamp": "unknown"
  },
  {
    "title": "Our partners",
    "link": "https://www.autolus.com/about-us/our-partners/",
    "timestamp": "unknown"
  },
  {
    "title": "Leadership",
    "link": "https://www.autolus.com/about-us/leadership/",
    "timestamp": "unknown"
  },
  {
    "title": "Our history",
    "link": "https://www.autolus.com/about-us/our-history/",
    "timestamp": "unknown"
  },
  {
    "title": "Culture and values",
    "link": "https://www.autolus.com/about-us/culture-and-values/",
    "timestamp": "unknown"
  },
  {
    "title": "Compliance Program",
    "link": "https://www.autolus.com/about-us/compliance-program/",
    "timestamp": "unknown"
  },
  {
    "title": "Our CAR T Focus",
    "link": "https://www.autolus.com/our-car-t-focus/",
    "timestamp": "unknown"
  },
  {
    "title": "InnovationOverviewChimeric Antigen Receptor T Cell therapyPipeline productsAdvanced cell programmingManufacturingAbstracts & publications",
    "link": "https://www.autolus.com/innovation/",
    "timestamp": "unknown"
  },
  {
    "title": "Overview",
    "link": "https://www.autolus.com/innovation/",
    "timestamp": "unknown"
  },
  {
    "title": "Chimeric Antigen Receptor T Cell therapy",
    "link": "https://www.autolus.com/innovation/chimeric-antigen-receptor-t-cell-therapy/",
    "timestamp": "unknown"
  },
  {
    "title": "Pipeline products",
    "link": "https://www.autolus.com/innovation/pipeline-products/",
    "timestamp": "unknown"
  },
  {
    "title": "Advanced cell programming",
    "link": "https://www.autolus.com/innovation/advanced-cell-programming/",
    "timestamp": "unknown"
  },
  {
    "title": "Manufacturing",
    "link": "https://www.autolus.com/innovation/manufacturing/",
    "timestamp": "unknown"
  },
  {
    "title": "Abstracts & publications",
    "link": "https://www.autolus.com/innovation/abstracts-publications/",
    "timestamp": "unknown"
  },
  {
    "title": "Clinical trials",
    "link": "https://www.autolus.com/clinical-trials/",
    "timestamp": "unknown"
  },
  {
    "title": "Healthcare ProfessionalsOverviewInformation for US Healthcare ProfessionalsExpanded Access - Compassionate Use",
    "link": "https://www.autolus.com/healthcare-professionals/",
    "timestamp": "unknown"
  },
  {
    "title": "Overview",
    "link": "https://www.autolus.com/healthcare-professionals/",
    "timestamp": "unknown"
  },
  {
    "title": "Information for US Healthcare Professionals",
    "link": "https://www.autolus.com/healthcare-professionals/information-for-us-healthcare-professionals/",
    "timestamp": "unknown"
  },
  {
    "title": "Expanded Access - Compassionate Use",
    "link": "https://www.autolus.com/healthcare-professionals/expanded-access-compassionate-use/",
    "timestamp": "unknown"
  },
  {
    "title": "Information for patientsOverviewUS patient informationPatient Care Guides",
    "link": "https://www.autolus.com/information-for-patients/",
    "timestamp": "unknown"
  },
  {
    "title": "Overview",
    "link": "https://www.autolus.com/information-for-patients/",
    "timestamp": "unknown"
  },
  {
    "title": "US patient information",
    "link": "https://www.autolus.com/information-for-patients/us-patient-information/",
    "timestamp": "unknown"
  },
  {
    "title": "Patient Care Guides",
    "link": "https://www.autolus.com/information-for-patients/patient-care-guides/",
    "timestamp": "unknown"
  },
  {
    "title": "Careers",
    "link": "https://www.autolus.com/careers/",
    "timestamp": "unknown"
  },
  {
    "title": "Investor relations & MediaOverviewNews & MediaEventsSEC filingsQuarterly earningsStock & quote chartHistorical price lookupInvestment calculatorAnalys",
    "link": "https://www.autolus.com/investor-relations-media/",
    "timestamp": "unknown"
  },
  {
    "title": "Overview",
    "link": "https://www.autolus.com/investor-relations-media/",
    "timestamp": "unknown"
  },
  {
    "title": "News & Media",
    "link": "https://www.autolus.com/investor-relations-media/news-media/",
    "timestamp": "unknown"
  },
  {
    "title": "Events",
    "link": "https://www.autolus.com/investor-relations-media/events/",
    "timestamp": "unknown"
  },
  {
    "title": "SEC filings",
    "link": "https://www.autolus.com/investor-relations-media/sec-filings/",
    "timestamp": "unknown"
  },
  {
    "title": "Quarterly earnings",
    "link": "https://www.autolus.com/investor-relations-media/quarterly-earnings/",
    "timestamp": "unknown"
  },
  {
    "title": "Stock & quote chart",
    "link": "https://www.autolus.com/investor-relations-media/stock-quote-chart/",
    "timestamp": "unknown"
  },
  {
    "title": "Historical price lookup",
    "link": "https://www.autolus.com/investor-relations-media/historical-price-lookup/",
    "timestamp": "unknown"
  },
  {
    "title": "Investment calculator",
    "link": "https://www.autolus.com/investor-relations-media/investment-calculator/",
    "timestamp": "unknown"
  },
  {
    "title": "Analyst coverage",
    "link": "https://www.autolus.com/investor-relations-media/analyst-coverage/",
    "timestamp": "unknown"
  },
  {
    "title": "Corporate governance",
    "link": "https://www.autolus.com/investor-relations-media/corporate-governance/",
    "timestamp": "unknown"
  },
  {
    "title": "Corporate presentations",
    "link": "https://www.autolus.com/investor-relations-media/corporate-presentations/",
    "timestamp": "unknown"
  },
  {
    "title": "AGM",
    "link": "https://www.autolus.com/investor-relations-media/agm/",
    "timestamp": "unknown"
  },
  {
    "title": "Investor FAQs",
    "link": "https://www.autolus.com/investor-relations-media/investor-faqs/",
    "timestamp": "unknown"
  },
  {
    "title": "Investor contacts",
    "link": "https://www.autolus.com/investor-relations-media/investor-contacts/",
    "timestamp": "unknown"
  },
  {
    "title": "Email alerts",
    "link": "https://www.autolus.com/investor-relations-media/email-alerts/",
    "timestamp": "unknown"
  },
  {
    "title": "Contact us",
    "link": "https://www.autolus.com/contact-us/",
    "timestamp": "unknown"
  },
  {
    "title": "HomeInvestor relations & MediaNews & MediaLatest news and assets for media",
    "link": "https://www.autolus.com/",
    "timestamp": "unknown"
  },
  {
    "title": "HomeInvestor relations & MediaNews & MediaLatest news and assets for media",
    "link": "https://www.autolus.com/",
    "timestamp": "unknown"
  },
  {
    "title": "HomeInvestor relations & MediaNews & MediaLatest news and assets for media",
    "link": "https://www.autolus.com/",
    "timestamp": "unknown"
  },
  {
    "title": "HomeInvestor relations & MediaNews & Media",
    "link": "https://www.autolus.com/",
    "timestamp": "unknown"
  },
  {
    "title": "Home",
    "link": "https://www.autolus.com/",
    "timestamp": "unknown"
  },
  {
    "title": "Investor relations & Media",
    "link": "https://www.autolus.com/investor-relations-media/",
    "timestamp": "unknown"
  },
  {
    "title": "NewsMediaJump to sectionLinksPDFsLinksApproved Product SiteRead morePDFsAbout AutolusPDF (.03MB)About Autolus.pdfAutolusAssistPDF (.04MB)AutolusAssist",
    "link": "https://www.autolus.com/investor-relations-media/news-media/?type=News",
    "timestamp": "unknown"
  },
  {
    "title": "NewsMedia",
    "link": "https://www.autolus.com/investor-relations-media/news-media/?type=News",
    "timestamp": "unknown"
  },
  {
    "title": "NewsMedia",
    "link": "https://www.autolus.com/investor-relations-media/news-media/?type=News",
    "timestamp": "unknown"
  },
  {
    "title": "News",
    "link": "https://www.autolus.com/investor-relations-media/news-media/?type=News",
    "timestamp": "unknown"
  },
  {
    "title": "Media",
    "link": "https://www.autolus.com/investor-relations-media/news-media/?type=Media",
    "timestamp": "unknown"
  },
  {
    "title": "Jump to sectionLinksPDFsLinksApproved Product SiteRead morePDFsAbout AutolusPDF (.03MB)About Autolus.pdfAutolusAssistPDF (.04MB)AutolusAssist.pdfProdu",
    "link": "https://www.autolus.com/investor-relations-media/news-media/#links",
    "timestamp": "unknown"
  },
  {
    "title": "Jump to sectionLinksPDFsLinksApproved Product SiteRead morePDFsAbout AutolusPDF (.03MB)About Autolus.pdfAutolusAssistPDF (.04MB)AutolusAssist.pdfProdu",
    "link": "https://www.autolus.com/investor-relations-media/news-media/#links",
    "timestamp": "unknown"
  },
  {
    "title": "Jump to sectionLinksPDFs",
    "link": "https://www.autolus.com/investor-relations-media/news-media/#links",
    "timestamp": "unknown"
  },
  {
    "title": "Jump to sectionLinksPDFs",
    "link": "https://www.autolus.com/investor-relations-media/news-media/#links",
    "timestamp": "unknown"
  },
  {
    "title": "Jump to sectionLinksPDFs",
    "link": "https://www.autolus.com/investor-relations-media/news-media/#links",
    "timestamp": "unknown"
  },
  {
    "title": "Links",
    "link": "https://www.autolus.com/investor-relations-media/news-media/#links",
    "timestamp": "unknown"
  },
  {
    "title": "PDFs",
    "link": "https://www.autolus.com/investor-relations-media/news-media/#pdfs",
    "timestamp": "unknown"
  },
  {
    "title": "LinksApproved Product SiteRead more",
    "link": "https://www.aucatzyl.com/",
    "timestamp": "unknown"
  },
  {
    "title": "LinksApproved Product SiteRead more",
    "link": "https://www.aucatzyl.com/",
    "timestamp": "unknown"
  },
  {
    "title": "LinksApproved Product SiteRead more",
    "link": "https://www.aucatzyl.com/",
    "timestamp": "unknown"
  },
  {
    "title": "Approved Product SiteRead more",
    "link": "https://www.aucatzyl.com/",
    "timestamp": "unknown"
  },
  {
    "title": "PDFsAbout AutolusPDF (.03MB)About Autolus.pdfAutolusAssistPDF (.04MB)AutolusAssist.pdfProduct OverviewPDF (.11MB)Product Overview.pdf",
    "link": "https://www.autolus.com/media/dwxplng1/autolus-overview-afd.pdf",
    "timestamp": "unknown"
  },
  {
    "title": "PDFsAbout AutolusPDF (.03MB)About Autolus.pdfAutolusAssistPDF (.04MB)AutolusAssist.pdfProduct OverviewPDF (.11MB)Product Overview.pdf",
    "link": "https://www.autolus.com/media/dwxplng1/autolus-overview-afd.pdf",
    "timestamp": "unknown"
  },
  {
    "title": "PDFsAbout AutolusPDF (.03MB)About Autolus.pdfAutolusAssistPDF (.04MB)AutolusAssist.pdfProduct OverviewPDF (.11MB)Product Overview.pdf",
    "link": "https://www.autolus.com/media/dwxplng1/autolus-overview-afd.pdf",
    "timestamp": "unknown"
  },
  {
    "title": "About AutolusPDF (.03MB)About Autolus.pdf",
    "link": "https://www.autolus.com/media/dwxplng1/autolus-overview-afd.pdf",
    "timestamp": "unknown"
  },
  {
    "title": "AutolusAssistPDF (.04MB)AutolusAssist.pdf",
    "link": "https://www.autolus.com/media/pbkp4yqx/autolusassist-overview-afd.pdf",
    "timestamp": "unknown"
  },
  {
    "title": "Product OverviewPDF (.11MB)Product Overview.pdf",
    "link": "https://www.autolus.com/media/u3cbpf1t/aucatzyl-product-overview-afd.pdf",
    "timestamp": "unknown"
  },
  {
    "title": "Autolus' logos and trademarks are the exclusive property of Autolus. Please consult[email&#;protected]for further information on usage of our logos an",
    "link": "https://www.autolus.com/cdn-cgi/l/email-protection#fa9995948e9b998eba9b8f8e95968f89d4999597",
    "timestamp": "unknown"
  },
  {
    "title": "Autolus' logos and trademarks are the exclusive property of Autolus. Please consult[email&#;protected]for further information on usage of our logos an",
    "link": "https://www.autolus.com/cdn-cgi/l/email-protection#fa9995948e9b998eba9b8f8e95968f89d4999597",
    "timestamp": "unknown"
  },
  {
    "title": "Autolus' logos and trademarks are the exclusive property of Autolus. Please consult[email&#;protected]for further information on usage of our logos an",
    "link": "https://www.autolus.com/cdn-cgi/l/email-protection#fa9995948e9b998eba9b8f8e95968f89d4999597",
    "timestamp": "unknown"
  },
  {
    "title": "Autolus' logos and trademarks are the exclusive property of Autolus. Please consult[email&#;protected]for further information on usage of our logos an",
    "link": "https://www.autolus.com/cdn-cgi/l/email-protection#fa9995948e9b998eba9b8f8e95968f89d4999597",
    "timestamp": "unknown"
  },
  {
    "title": "Autolus' logos and trademarks are the exclusive property of Autolus. Please consult[email&#;protected]for further information on usage of our logos an",
    "link": "https://www.autolus.com/cdn-cgi/l/email-protection#fa9995948e9b998eba9b8f8e95968f89d4999597",
    "timestamp": "unknown"
  },
  {
    "title": "Autolus' logos and trademarks are the exclusive property of Autolus. Please consult[email&#;protected]for further information on usage of our logos an",
    "link": "https://www.autolus.com/cdn-cgi/l/email-protection#fa9995948e9b998eba9b8f8e95968f89d4999597",
    "timestamp": "unknown"
  },
  {
    "title": "EventsSEC filings",
    "link": "https://www.autolus.com/investor-relations-media/events/",
    "timestamp": "unknown"
  },
  {
    "title": "EventsSEC filings",
    "link": "https://www.autolus.com/investor-relations-media/events/",
    "timestamp": "unknown"
  },
  {
    "title": "EventsSEC filings",
    "link": "https://www.autolus.com/investor-relations-media/events/",
    "timestamp": "unknown"
  },
  {
    "title": "EventsSEC filings",
    "link": "https://www.autolus.com/investor-relations-media/events/",
    "timestamp": "unknown"
  },
  {
    "title": "Events",
    "link": "https://www.autolus.com/investor-relations-media/events/",
    "timestamp": "unknown"
  },
  {
    "title": "SEC filings",
    "link": "https://www.autolus.com/investor-relations-media/sec-filings/",
    "timestamp": "unknown"
  },
  {
    "title": "About usOur CAR T FocusInnovationClinical trialsHealthcare ProfessionalsInformation for patientsCareersInvestor relations & MediaContact usLinkedIn",
    "link": "https://www.autolus.com/",
    "timestamp": "unknown"
  },
  {
    "title": "About usOur CAR T FocusInnovationClinical trialsHealthcare ProfessionalsInformation for patientsCareersInvestor relations & MediaContact usLinkedIn",
    "link": "https://www.autolus.com/",
    "timestamp": "unknown"
  },
  {
    "title": "About usOur CAR T FocusInnovationClinical trialsHealthcare ProfessionalsInformation for patientsCareersInvestor relations & MediaContact us",
    "link": "https://www.autolus.com/about-us/",
    "timestamp": "unknown"
  },
  {
    "title": "About us",
    "link": "https://www.autolus.com/about-us/",
    "timestamp": "unknown"
  },
  {
    "title": "Our CAR T Focus",
    "link": "https://www.autolus.com/our-car-t-focus/",
    "timestamp": "unknown"
  },
  {
    "title": "Innovation",
    "link": "https://www.autolus.com/innovation/",
    "timestamp": "unknown"
  },
  {
    "title": "Clinical trials",
    "link": "https://www.autolus.com/clinical-trials/",
    "timestamp": "unknown"
  },
  {
    "title": "Healthcare Professionals",
    "link": "https://www.autolus.com/healthcare-professionals/",
    "timestamp": "unknown"
  },
  {
    "title": "Information for patients",
    "link": "https://www.autolus.com/information-for-patients/",
    "timestamp": "unknown"
  },
  {
    "title": "Careers",
    "link": "https://www.autolus.com/careers/",
    "timestamp": "unknown"
  },
  {
    "title": "Investor relations & Media",
    "link": "https://www.autolus.com/investor-relations-media/",
    "timestamp": "unknown"
  },
  {
    "title": "Contact us",
    "link": "https://www.autolus.com/contact-us/",
    "timestamp": "unknown"
  },
  {
    "title": "LinkedIn",
    "link": "https://www.linkedin.com/company/autolus-ltd-",
    "timestamp": "unknown"
  },
  {
    "title": "LinkedIn",
    "link": "https://www.linkedin.com/company/autolus-ltd-",
    "timestamp": "unknown"
  },
  {
    "title": "LinkedIn",
    "link": "https://www.linkedin.com/company/autolus-ltd-",
    "timestamp": "unknown"
  },
  {
    "title": "Terms of use",
    "link": "https://www.autolus.com/terms-of-use/",
    "timestamp": "unknown"
  },
  {
    "title": "Accessibility",
    "link": "https://www.autolus.com/accessibility/",
    "timestamp": "unknown"
  },
  {
    "title": "Designed & built bySampsonMay",
    "link": "https://www.sampsonmay.com",
    "timestamp": "unknown"
  }
]