[
  {
    "title": "Global | English\u7b80\u4f53\u4e2d\u6587EnglishSearchHomeGene TherapyGene Editing Technology Innovation PlatformHematopoietic Stem Cell PlatformCell TherapyUniversal Cell",
    "link": "https://www.brlmed.com/index.html",
    "timestamp": "unknown"
  },
  {
    "title": "Global | English\u7b80\u4f53\u4e2d\u6587EnglishSearchHomeGene TherapyGene Editing Technology Innovation PlatformHematopoietic Stem Cell PlatformCell TherapyUniversal Cell",
    "link": "https://www.brlmed.com/index.html",
    "timestamp": "unknown"
  },
  {
    "title": "Global | English\u7b80\u4f53\u4e2d\u6587EnglishSearchHomeGene TherapyGene Editing Technology Innovation PlatformHematopoietic Stem Cell PlatformCell TherapyUniversal Cell",
    "link": "https://www.brlmed.com/index.html",
    "timestamp": "unknown"
  },
  {
    "title": "Global | English\u7b80\u4f53\u4e2d\u6587EnglishSearchHomeGene TherapyGene Editing Technology Innovation PlatformHematopoietic Stem Cell PlatformCell TherapyUniversal Cell",
    "link": "https://www.brlmed.com/index.html",
    "timestamp": "unknown"
  },
  {
    "title": "Global | English\u7b80\u4f53\u4e2d\u6587English",
    "link": "https://www.brlmed.com/index.html",
    "timestamp": "unknown"
  },
  {
    "title": "\u7b80\u4f53\u4e2d\u6587",
    "link": "https://www.brlmed.com/index.html",
    "timestamp": "unknown"
  },
  {
    "title": "English",
    "link": "https://www.brlmed.com/en",
    "timestamp": "unknown"
  },
  {
    "title": "Home",
    "link": "https://www.brlmed.com/en/index.html",
    "timestamp": "unknown"
  },
  {
    "title": "Gene TherapyGene Editing Technology Innovation PlatformHematopoietic Stem Cell Platform",
    "link": "https://www.brlmed.com/en/jybianji.html",
    "timestamp": "unknown"
  },
  {
    "title": "Gene Editing Technology Innovation PlatformHematopoietic Stem Cell Platform",
    "link": "https://www.brlmed.com/en/jybianji.html",
    "timestamp": "unknown"
  },
  {
    "title": "Cell TherapyUniversal Cell PlatformQuikin CAR-T PlatformEnhanced T Cell Platform",
    "link": "https://www.brlmed.com/en/carts.html",
    "timestamp": "unknown"
  },
  {
    "title": "Universal Cell PlatformQuikin CAR-T PlatformEnhanced T Cell Platform",
    "link": "https://www.brlmed.com/en/carts/.html",
    "timestamp": "unknown"
  },
  {
    "title": "NewsCompany NewsMedia ReportsPublished Paper",
    "link": "https://www.brlmed.com/en/qiyenew.html",
    "timestamp": "unknown"
  },
  {
    "title": "Company NewsMedia ReportsPublished Paper",
    "link": "https://www.brlmed.com/en/qiyenew.html",
    "timestamp": "unknown"
  },
  {
    "title": "About UsAbout UsLeadershipOur Culture",
    "link": "https://www.brlmed.com/en/about.html",
    "timestamp": "unknown"
  },
  {
    "title": "About UsLeadershipOur Culture",
    "link": "https://www.brlmed.com/en/about.html",
    "timestamp": "unknown"
  },
  {
    "title": "Contact UsContact InformationJoin Us",
    "link": "https://www.brlmed.com/en/contact.html",
    "timestamp": "unknown"
  },
  {
    "title": "Contact InformationJoin Us",
    "link": "https://www.brlmed.com/en/contact.html",
    "timestamp": "unknown"
  },
  {
    "title": "NewsCompany NewsMedia ReportsPublished Paper",
    "link": "https://www.brlmed.com/en/qiyenew.html",
    "timestamp": "unknown"
  },
  {
    "title": "Company NewsBRL Medicine Non viral Targeted Integration PD1-CAR-T Therapy for Lupus Erythematosus Approved by China INDBRL Medicine Non viral Targeted",
    "link": "https://www.brlmed.com/en/newsinfo/.html",
    "timestamp": "unknown"
  },
  {
    "title": "Company NewsBRL Medicine Non viral Targeted Integration PD1-CAR-T Therapy for Lupus Erythematosus Approved by China INDBRL Medicine Non viral Targeted",
    "link": "https://www.brlmed.com/en/newsinfo/.html",
    "timestamp": "unknown"
  },
  {
    "title": "Company NewsBRL Medicine Non viral Targeted Integration PD1-CAR-T Therapy for Lupus Erythematosus Approved by China INDBRL Medicine Non viral Targeted",
    "link": "https://www.brlmed.com/en/newsinfo/.html",
    "timestamp": "unknown"
  },
  {
    "title": "BRL Medicine Non viral Targeted Integration PD1-CAR-T Therapy for Lupus Erythematosus Approved by China INDBRL Medicine Non viral Targeted Integration",
    "link": "https://www.brlmed.com/en/newsinfo/.html",
    "timestamp": "unknown"
  },
  {
    "title": "About UsAbout UsLeadershipOur CultureNewsJoin UsContact UsGene TherapyGene Editing Technology Innovation PlatformHematopoietic Stem Cell PlatformCell ",
    "link": "https://www.brlmed.com/en/about.html",
    "timestamp": "unknown"
  },
  {
    "title": "About UsAbout UsLeadershipOur CultureNewsJoin UsContact UsGene TherapyGene Editing Technology Innovation PlatformHematopoietic Stem Cell PlatformCell ",
    "link": "https://www.brlmed.com/en/about.html",
    "timestamp": "unknown"
  },
  {
    "title": "About UsAbout UsLeadershipOur CultureNewsJoin UsContact UsGene TherapyGene Editing Technology Innovation PlatformHematopoietic Stem Cell PlatformCell ",
    "link": "https://www.brlmed.com/en/about.html",
    "timestamp": "unknown"
  },
  {
    "title": "About UsAbout UsLeadershipOur CultureNewsJoin UsContact UsGene TherapyGene Editing Technology Innovation PlatformHematopoietic Stem Cell PlatformCell ",
    "link": "https://www.brlmed.com/en/about.html",
    "timestamp": "unknown"
  },
  {
    "title": "Copyright \u00a9  BRL MEDICINE\u3000All Rights Reserved.\u6caaICP\u590716011549\u53f7Powered by VTHINK",
    "link": "https://beian.miit.gov.cn/",
    "timestamp": "unknown"
  },
  {
    "title": "Copyright \u00a9  BRL MEDICINE\u3000All Rights Reserved.\u6caaICP\u590716011549\u53f7Powered by VTHINK",
    "link": "https://beian.miit.gov.cn/",
    "timestamp": "unknown"
  },
  {
    "title": "Copyright \u00a9  BRL MEDICINE\u3000All Rights Reserved.\u6caaICP\u590716011549\u53f7Powered by VTHINK",
    "link": "https://beian.miit.gov.cn/",
    "timestamp": "unknown"
  },
  {
    "title": "\u7b80\u4f53\u4e2d\u6587English",
    "link": "https://www.brlmed.com/index.html",
    "timestamp": "unknown"
  },
  {
    "title": "\u7b80\u4f53\u4e2d\u6587English",
    "link": "https://www.brlmed.com/index.html",
    "timestamp": "unknown"
  },
  {
    "title": "\u7b80\u4f53\u4e2d\u6587English",
    "link": "https://www.brlmed.com/index.html",
    "timestamp": "unknown"
  },
  {
    "title": "\u7b80\u4f53\u4e2d\u6587",
    "link": "https://www.brlmed.com/index.html",
    "timestamp": "unknown"
  },
  {
    "title": "English",
    "link": "https://www.brlmed.com/en/index.html",
    "timestamp": "unknown"
  },
  {
    "title": "HomeGene TherapyGene Editing Technology Innovation PlatformHematopoietic Stem Cell PlatformCell TherapyUniversal Cell PlatformQuikin CAR-T PlatformEnh",
    "link": "https://www.brlmed.com/en/index.html",
    "timestamp": "unknown"
  },
  {
    "title": "HomeGene TherapyGene Editing Technology Innovation PlatformHematopoietic Stem Cell PlatformCell TherapyUniversal Cell PlatformQuikin CAR-T PlatformEnh",
    "link": "https://www.brlmed.com/en/index.html",
    "timestamp": "unknown"
  },
  {
    "title": "HomeGene TherapyGene Editing Technology Innovation PlatformHematopoietic Stem Cell PlatformCell TherapyUniversal Cell PlatformQuikin CAR-T PlatformEnh",
    "link": "https://www.brlmed.com/en/index.html",
    "timestamp": "unknown"
  },
  {
    "title": "Home",
    "link": "https://www.brlmed.com/en/index.html",
    "timestamp": "unknown"
  },
  {
    "title": "Gene TherapyGene Editing Technology Innovation PlatformHematopoietic Stem Cell Platform",
    "link": "javascript:;",
    "timestamp": "unknown"
  },
  {
    "title": "Gene Editing Technology Innovation PlatformHematopoietic Stem Cell Platform",
    "link": "https://www.brlmed.com/en/jybianji.html",
    "timestamp": "unknown"
  },
  {
    "title": "Cell TherapyUniversal Cell PlatformQuikin CAR-T PlatformEnhanced T Cell Platform",
    "link": "javascript:;",
    "timestamp": "unknown"
  },
  {
    "title": "Universal Cell PlatformQuikin CAR-T PlatformEnhanced T Cell Platform",
    "link": "https://www.brlmed.com/en/carts/.html",
    "timestamp": "unknown"
  },
  {
    "title": "NewsCompany NewsMedia ReportsPublished Paper",
    "link": "javascript:;",
    "timestamp": "unknown"
  },
  {
    "title": "Company NewsMedia ReportsPublished Paper",
    "link": "https://www.brlmed.com/en/qiyenew.html",
    "timestamp": "unknown"
  },
  {
    "title": "About UsAbout UsLeadershipOur Culture",
    "link": "javascript:;",
    "timestamp": "unknown"
  },
  {
    "title": "About UsLeadershipOur Culture",
    "link": "https://www.brlmed.com/en/about.html",
    "timestamp": "unknown"
  },
  {
    "title": "Contact UsContact InformationJoin Us",
    "link": "javascript:;",
    "timestamp": "unknown"
  },
  {
    "title": "Contact InformationJoin Us",
    "link": "https://www.brlmed.com/en/contact.html",
    "timestamp": "unknown"
  },
  {
    "title": "HomeGene TherapyGene Editing Technology Innovation PlatformHematopoietic Stem Cell PlatformCell TherapyUniversal Cell PlatformQuikin CAR-T PlatformEnh",
    "link": "https://www.brlmed.com/en/index.html",
    "timestamp": "unknown"
  },
  {
    "title": "Home",
    "link": "https://www.brlmed.com/en/index.html",
    "timestamp": "unknown"
  },
  {
    "title": "Gene TherapyGene Editing Technology Innovation PlatformHematopoietic Stem Cell Platform",
    "link": "javascript:;",
    "timestamp": "unknown"
  },
  {
    "title": "Gene Editing Technology Innovation PlatformHematopoietic Stem Cell Platform",
    "link": "https://www.brlmed.com/en/jybianji.html",
    "timestamp": "unknown"
  },
  {
    "title": "Cell TherapyUniversal Cell PlatformQuikin CAR-T PlatformEnhanced T Cell Platform",
    "link": "javascript:;",
    "timestamp": "unknown"
  },
  {
    "title": "Universal Cell PlatformQuikin CAR-T PlatformEnhanced T Cell Platform",
    "link": "https://www.brlmed.com/en/carts/.html",
    "timestamp": "unknown"
  },
  {
    "title": "NewsCompany NewsMedia ReportsPublished Paper",
    "link": "javascript:;",
    "timestamp": "unknown"
  },
  {
    "title": "Company NewsMedia ReportsPublished Paper",
    "link": "https://www.brlmed.com/en/qiyenew.html",
    "timestamp": "unknown"
  },
  {
    "title": "About UsAbout UsLeadershipOur Culture",
    "link": "javascript:;",
    "timestamp": "unknown"
  },
  {
    "title": "About UsLeadershipOur Culture",
    "link": "https://www.brlmed.com/en/about.html",
    "timestamp": "unknown"
  },
  {
    "title": "Contact UsContact InformationJoin Us",
    "link": "javascript:;",
    "timestamp": "unknown"
  },
  {
    "title": "Contact InformationJoin Us",
    "link": "https://www.brlmed.com/en/contact.html",
    "timestamp": "unknown"
  },
  {
    "title": "Copyright \u00a9  BRL MEDICINE\u3000All Rights Reserved.Powered by VTHINK",
    "link": "https://www.vthinks.net/",
    "timestamp": "unknown"
  },
  {
    "title": "\u6caaICP\u590716011549\u53f7",
    "link": "https://beian.miit.gov.cn/",
    "timestamp": "unknown"
  }
]