[
  {
    "title": "OverviewNews ReleasesEvents & PresentationsGovernanceGovernance OverviewBoard of DirectorsLeadership TeamCommittee CompositionFinancialsSEC FilingsSto",
    "link": "https://kyvernatx.com/",
    "timestamp": "unknown"
  },
  {
    "title": "OverviewNews ReleasesEvents & PresentationsGovernanceGovernance OverviewBoard of DirectorsLeadership TeamCommittee CompositionFinancialsSEC FilingsSto",
    "link": "https://kyvernatx.com/",
    "timestamp": "unknown"
  },
  {
    "title": "OverviewNews ReleasesEvents & PresentationsGovernanceGovernance OverviewBoard of DirectorsLeadership TeamCommittee CompositionFinancialsSEC FilingsSto",
    "link": "https://ir.kyvernatx.com/",
    "timestamp": "unknown"
  },
  {
    "title": "Overview",
    "link": "https://ir.kyvernatx.com/",
    "timestamp": "unknown"
  },
  {
    "title": "News Releases",
    "link": "https://ir.kyvernatx.com/news-releases",
    "timestamp": "unknown"
  },
  {
    "title": "Events & Presentations",
    "link": "https://ir.kyvernatx.com/presentations",
    "timestamp": "unknown"
  },
  {
    "title": "GovernanceGovernance OverviewBoard of DirectorsLeadership TeamCommittee Composition",
    "link": "https://ir.kyvernatx.com/corporate-governance/governance-overview",
    "timestamp": "unknown"
  },
  {
    "title": "Governance Overview",
    "link": "https://ir.kyvernatx.com/corporate-governance/governance-overview",
    "timestamp": "unknown"
  },
  {
    "title": "Board of Directors",
    "link": "https://kyvernatx.com/inside-kyverna/",
    "timestamp": "unknown"
  },
  {
    "title": "Leadership Team",
    "link": "https://kyvernatx.com/inside-kyverna/",
    "timestamp": "unknown"
  },
  {
    "title": "Committee Composition",
    "link": "https://ir.kyvernatx.com/corporate-governance/committee-composition",
    "timestamp": "unknown"
  },
  {
    "title": "FinancialsSEC Filings",
    "link": "https://ir.kyvernatx.com/financial-information/sec-filings",
    "timestamp": "unknown"
  },
  {
    "title": "SEC Filings",
    "link": "https://ir.kyvernatx.com/financial-information/sec-filings",
    "timestamp": "unknown"
  },
  {
    "title": "StockStock Quote & ChartAnalyst Coverage",
    "link": "https://ir.kyvernatx.com/stock-information/stock-quote-chart",
    "timestamp": "unknown"
  },
  {
    "title": "Stock Quote & Chart",
    "link": "https://ir.kyvernatx.com/stock-information/stock-quote-chart",
    "timestamp": "unknown"
  },
  {
    "title": "Analyst Coverage",
    "link": "https://ir.kyvernatx.com/stock-information/analyst-coverage",
    "timestamp": "unknown"
  },
  {
    "title": "IR ResourcesInvestor FAQsEmail AlertsContact IR",
    "link": "https://ir.kyvernatx.com/ir-resources/investor-faqs",
    "timestamp": "unknown"
  },
  {
    "title": "Investor FAQs",
    "link": "https://ir.kyvernatx.com/ir-resources/investor-faqs",
    "timestamp": "unknown"
  },
  {
    "title": "Email Alerts",
    "link": "https://ir.kyvernatx.com/ir-resources/email-alerts",
    "timestamp": "unknown"
  },
  {
    "title": "Contact IR",
    "link": "https://ir.kyvernatx.com/ir-resources/contact-ir",
    "timestamp": "unknown"
  },
  {
    "title": "YearAllKyverna Therapeutics Highlights Neuroimmunology CAR T Franchise and Registrational Phase  Trial Design in Myasthenia Gravis at Virtual KOL Even",
    "link": "https://ir.kyvernatx.com/news-releases/news-release-details/kyverna-therapeutics-highlights-neuroimmunology-car-t-franchise",
    "timestamp": "unknown"
  },
  {
    "title": "YearAllKyverna Therapeutics Highlights Neuroimmunology CAR T Franchise and Registrational Phase  Trial Design in Myasthenia Gravis at Virtual KOL Even",
    "link": "https://ir.kyvernatx.com/news-releases/news-release-details/kyverna-therapeutics-highlights-neuroimmunology-car-t-franchise",
    "timestamp": "unknown"
  },
  {
    "title": "YearAllKyverna Therapeutics Highlights Neuroimmunology CAR T Franchise and Registrational Phase  Trial Design in Myasthenia Gravis at Virtual KOL Even",
    "link": "https://ir.kyvernatx.com/news-releases/news-release-details/kyverna-therapeutics-highlights-neuroimmunology-car-t-franchise",
    "timestamp": "unknown"
  },
  {
    "title": "YearAllKyverna Therapeutics Highlights Neuroimmunology CAR T Franchise and Registrational Phase  Trial Design in Myasthenia Gravis at Virtual KOL Even",
    "link": "https://ir.kyvernatx.com/news-releases/news-release-details/kyverna-therapeutics-highlights-neuroimmunology-car-t-franchise",
    "timestamp": "unknown"
  },
  {
    "title": "YearAllKyverna Therapeutics Highlights Neuroimmunology CAR T Franchise and Registrational Phase  Trial Design in Myasthenia Gravis at Virtual KOL Even",
    "link": "https://ir.kyvernatx.com/news-releases/news-release-details/kyverna-therapeutics-highlights-neuroimmunology-car-t-franchise",
    "timestamp": "unknown"
  },
  {
    "title": "YearAllKyverna Therapeutics Highlights Neuroimmunology CAR T Franchise and Registrational Phase  Trial Design in Myasthenia Gravis at Virtual KOL Even",
    "link": "https://ir.kyvernatx.com/news-releases/news-release-details/kyverna-therapeutics-highlights-neuroimmunology-car-t-franchise",
    "timestamp": "unknown"
  },
  {
    "title": "YearAllKyverna Therapeutics Highlights Neuroimmunology CAR T Franchise and Registrational Phase  Trial Design in Myasthenia Gravis at Virtual KOL Even",
    "link": "https://ir.kyvernatx.com/news-releases/news-release-details/kyverna-therapeutics-highlights-neuroimmunology-car-t-franchise",
    "timestamp": "unknown"
  },
  {
    "title": "YearAllKyverna Therapeutics Highlights Neuroimmunology CAR T Franchise and Registrational Phase  Trial Design in Myasthenia Gravis at Virtual KOL Even",
    "link": "https://ir.kyvernatx.com/news-releases/news-release-details/kyverna-therapeutics-highlights-neuroimmunology-car-t-franchise",
    "timestamp": "unknown"
  },
  {
    "title": "YearAllKyverna Therapeutics Highlights Neuroimmunology CAR T Franchise and Registrational Phase  Trial Design in Myasthenia Gravis at Virtual KOL Even",
    "link": "https://ir.kyvernatx.com/news-releases/news-release-details/kyverna-therapeutics-highlights-neuroimmunology-car-t-franchise",
    "timestamp": "unknown"
  },
  {
    "title": "YearAllKyverna Therapeutics Highlights Neuroimmunology CAR T Franchise and Registrational Phase  Trial Design in Myasthenia Gravis at Virtual KOL Even",
    "link": "https://ir.kyvernatx.com/news-releases/news-release-details/kyverna-therapeutics-highlights-neuroimmunology-car-t-franchise",
    "timestamp": "unknown"
  },
  {
    "title": "YearAllKyverna Therapeutics Highlights Neuroimmunology CAR T Franchise and Registrational Phase  Trial Design in Myasthenia Gravis at Virtual KOL Even",
    "link": "https://ir.kyvernatx.com/news-releases/news-release-details/kyverna-therapeutics-highlights-neuroimmunology-car-t-franchise",
    "timestamp": "unknown"
  },
  {
    "title": "YearAllKyverna Therapeutics Highlights Neuroimmunology CAR T Franchise and Registrational Phase  Trial Design in Myasthenia Gravis at Virtual KOL Even",
    "link": "https://ir.kyvernatx.com/news-releases/news-release-details/kyverna-therapeutics-highlights-neuroimmunology-car-t-franchise",
    "timestamp": "unknown"
  },
  {
    "title": "YearAllKyverna Therapeutics Highlights Neuroimmunology CAR T Franchise and Registrational Phase  Trial Design in Myasthenia Gravis at Virtual KOL Even",
    "link": "https://ir.kyvernatx.com/news-releases/news-release-details/kyverna-therapeutics-highlights-neuroimmunology-car-t-franchise",
    "timestamp": "unknown"
  },
  {
    "title": "YearAllKyverna Therapeutics Highlights Neuroimmunology CAR T Franchise and Registrational Phase  Trial Design in Myasthenia Gravis at Virtual KOL Even",
    "link": "https://ir.kyvernatx.com/news-releases/news-release-details/kyverna-therapeutics-highlights-neuroimmunology-car-t-franchise",
    "timestamp": "unknown"
  },
  {
    "title": "YearAllKyverna Therapeutics Highlights Neuroimmunology CAR T Franchise and Registrational Phase  Trial Design in Myasthenia Gravis at Virtual KOL Even",
    "link": "https://ir.kyvernatx.com/news-releases/news-release-details/kyverna-therapeutics-highlights-neuroimmunology-car-t-franchise",
    "timestamp": "unknown"
  },
  {
    "title": "YearAllKyverna Therapeutics Highlights Neuroimmunology CAR T Franchise and Registrational Phase  Trial Design in Myasthenia Gravis at Virtual KOL Even",
    "link": "https://ir.kyvernatx.com/news-releases/news-release-details/kyverna-therapeutics-highlights-neuroimmunology-car-t-franchise",
    "timestamp": "unknown"
  },
  {
    "title": "YearAllKyverna Therapeutics Highlights Neuroimmunology CAR T Franchise and Registrational Phase  Trial Design in Myasthenia Gravis at Virtual KOL Even",
    "link": "https://ir.kyvernatx.com/news-releases/news-release-details/kyverna-therapeutics-highlights-neuroimmunology-car-t-franchise",
    "timestamp": "unknown"
  },
  {
    "title": "YearAllKyverna Therapeutics Highlights Neuroimmunology CAR T Franchise and Registrational Phase  Trial Design in Myasthenia Gravis at Virtual KOL Even",
    "link": "https://ir.kyvernatx.com/news-releases/news-release-details/kyverna-therapeutics-highlights-neuroimmunology-car-t-franchise",
    "timestamp": "unknown"
  },
  {
    "title": "Kyverna Therapeutics Highlights Neuroimmunology CAR T Franchise and Registrational Phase  Trial Design in Myasthenia Gravis at Virtual KOL EventKYV- h",
    "link": "https://ir.kyvernatx.com/news-releases/news-release-details/kyverna-therapeutics-highlights-neuroimmunology-car-t-franchise",
    "timestamp": "unknown"
  },
  {
    "title": "Kyverna Therapeutics Highlights Neuroimmunology CAR T Franchise and Registrational Phase  Trial Design in Myasthenia Gravis at Virtual KOL EventKYV- h",
    "link": "https://ir.kyvernatx.com/news-releases/news-release-details/kyverna-therapeutics-highlights-neuroimmunology-car-t-franchise",
    "timestamp": "unknown"
  },
  {
    "title": "Kyverna Therapeutics Highlights Neuroimmunology CAR T Franchise and Registrational Phase  Trial Design in Myasthenia Gravis at Virtual KOL EventKYV- h",
    "link": "https://ir.kyvernatx.com/news-releases/news-release-details/kyverna-therapeutics-highlights-neuroimmunology-car-t-franchise",
    "timestamp": "unknown"
  },
  {
    "title": "Kyverna Therapeutics Highlights Neuroimmunology CAR T Franchise and Registrational Phase  Trial Design in Myasthenia Gravis at Virtual KOL EventKYV- h",
    "link": "https://ir.kyvernatx.com/news-releases/news-release-details/kyverna-therapeutics-highlights-neuroimmunology-car-t-franchise",
    "timestamp": "unknown"
  },
  {
    "title": "Kyverna Therapeutics Highlights Neuroimmunology CAR T Franchise and Registrational Phase  Trial Design in Myasthenia Gravis at Virtual KOL EventKYV- h",
    "link": "https://ir.kyvernatx.com/news-releases/news-release-details/kyverna-therapeutics-highlights-neuroimmunology-car-t-franchise",
    "timestamp": "unknown"
  },
  {
    "title": "Kyverna Therapeutics Highlights Neuroimmunology CAR T Franchise and Registrational Phase  Trial Design in Myasthenia Gravis at Virtual KOL EventKYV- h",
    "link": "https://ir.kyvernatx.com/news-releases/news-release-details/kyverna-therapeutics-highlights-neuroimmunology-car-t-franchise",
    "timestamp": "unknown"
  },
  {
    "title": "Kyverna Therapeutics Highlights Neuroimmunology CAR T Franchise and Registrational Phase  Trial Design in Myasthenia Gravis at Virtual KOL Event",
    "link": "https://ir.kyvernatx.com/news-releases/news-release-details/kyverna-therapeutics-highlights-neuroimmunology-car-t-franchise",
    "timestamp": "unknown"
  },
  {
    "title": "August ,PDF VersionRead More",
    "link": "https://ir.kyvernatx.com/node//pdf",
    "timestamp": "unknown"
  },
  {
    "title": "August ,PDF Version",
    "link": "https://ir.kyvernatx.com/node//pdf",
    "timestamp": "unknown"
  },
  {
    "title": "PDF Version",
    "link": "https://ir.kyvernatx.com/node//pdf",
    "timestamp": "unknown"
  },
  {
    "title": "PDF Version",
    "link": "https://ir.kyvernatx.com/node//pdf",
    "timestamp": "unknown"
  },
  {
    "title": "Read More",
    "link": "https://ir.kyvernatx.com/news-releases/news-release-details/kyverna-therapeutics-highlights-neuroimmunology-car-t-franchise",
    "timestamp": "unknown"
  },
  {
    "title": "Read More",
    "link": "https://ir.kyvernatx.com/news-releases/news-release-details/kyverna-therapeutics-highlights-neuroimmunology-car-t-franchise",
    "timestamp": "unknown"
  },
  {
    "title": "Kyverna Therapeutics to Present at Upcoming Investor Conferences in SeptemberEMERYVILLE, Calif., Aug. ,  (GLOBE NEWSWIRE) -- Kyverna Therapeutics, Inc",
    "link": "https://ir.kyvernatx.com/news-releases/news-release-details/kyverna-therapeutics-present-upcoming-investor-conferences",
    "timestamp": "unknown"
  },
  {
    "title": "Kyverna Therapeutics to Present at Upcoming Investor Conferences in SeptemberEMERYVILLE, Calif., Aug. ,  (GLOBE NEWSWIRE) -- Kyverna Therapeutics, Inc",
    "link": "https://ir.kyvernatx.com/news-releases/news-release-details/kyverna-therapeutics-present-upcoming-investor-conferences",
    "timestamp": "unknown"
  },
  {
    "title": "Kyverna Therapeutics to Present at Upcoming Investor Conferences in SeptemberEMERYVILLE, Calif., Aug. ,  (GLOBE NEWSWIRE) -- Kyverna Therapeutics, Inc",
    "link": "https://ir.kyvernatx.com/news-releases/news-release-details/kyverna-therapeutics-present-upcoming-investor-conferences",
    "timestamp": "unknown"
  },
  {
    "title": "Kyverna Therapeutics to Present at Upcoming Investor Conferences in SeptemberEMERYVILLE, Calif., Aug. ,  (GLOBE NEWSWIRE) -- Kyverna Therapeutics, Inc",
    "link": "https://ir.kyvernatx.com/news-releases/news-release-details/kyverna-therapeutics-present-upcoming-investor-conferences",
    "timestamp": "unknown"
  },
  {
    "title": "Kyverna Therapeutics to Present at Upcoming Investor Conferences in SeptemberEMERYVILLE, Calif., Aug. ,  (GLOBE NEWSWIRE) -- Kyverna Therapeutics, Inc",
    "link": "https://ir.kyvernatx.com/news-releases/news-release-details/kyverna-therapeutics-present-upcoming-investor-conferences",
    "timestamp": "unknown"
  },
  {
    "title": "Kyverna Therapeutics to Present at Upcoming Investor Conferences in September",
    "link": "https://ir.kyvernatx.com/news-releases/news-release-details/kyverna-therapeutics-present-upcoming-investor-conferences",
    "timestamp": "unknown"
  },
  {
    "title": "August ,PDF VersionRead More",
    "link": "https://ir.kyvernatx.com/node//pdf",
    "timestamp": "unknown"
  },
  {
    "title": "August ,PDF Version",
    "link": "https://ir.kyvernatx.com/node//pdf",
    "timestamp": "unknown"
  },
  {
    "title": "PDF Version",
    "link": "https://ir.kyvernatx.com/node//pdf",
    "timestamp": "unknown"
  },
  {
    "title": "PDF Version",
    "link": "https://ir.kyvernatx.com/node//pdf",
    "timestamp": "unknown"
  },
  {
    "title": "Read More",
    "link": "https://ir.kyvernatx.com/news-releases/news-release-details/kyverna-therapeutics-present-upcoming-investor-conferences",
    "timestamp": "unknown"
  },
  {
    "title": "Read More",
    "link": "https://ir.kyvernatx.com/news-releases/news-release-details/kyverna-therapeutics-present-upcoming-investor-conferences",
    "timestamp": "unknown"
  },
  {
    "title": "Kyverna Therapeutics Provides Business Update and Reports Second Quarter  Financial ResultsTopline data for registrational Phase  trial of KYV- in sti",
    "link": "https://ir.kyvernatx.com/news-releases/news-release-details/kyverna-therapeutics-provides-business-update-and-reports-",
    "timestamp": "unknown"
  },
  {
    "title": "Kyverna Therapeutics Provides Business Update and Reports Second Quarter  Financial ResultsTopline data for registrational Phase  trial of KYV- in sti",
    "link": "https://ir.kyvernatx.com/news-releases/news-release-details/kyverna-therapeutics-provides-business-update-and-reports-",
    "timestamp": "unknown"
  },
  {
    "title": "Kyverna Therapeutics Provides Business Update and Reports Second Quarter  Financial ResultsTopline data for registrational Phase  trial of KYV- in sti",
    "link": "https://ir.kyvernatx.com/news-releases/news-release-details/kyverna-therapeutics-provides-business-update-and-reports-",
    "timestamp": "unknown"
  },
  {
    "title": "Kyverna Therapeutics Provides Business Update and Reports Second Quarter  Financial ResultsTopline data for registrational Phase  trial of KYV- in sti",
    "link": "https://ir.kyvernatx.com/news-releases/news-release-details/kyverna-therapeutics-provides-business-update-and-reports-",
    "timestamp": "unknown"
  },
  {
    "title": "Kyverna Therapeutics Provides Business Update and Reports Second Quarter  Financial ResultsTopline data for registrational Phase  trial of KYV- in sti",
    "link": "https://ir.kyvernatx.com/news-releases/news-release-details/kyverna-therapeutics-provides-business-update-and-reports-",
    "timestamp": "unknown"
  },
  {
    "title": "Kyverna Therapeutics Provides Business Update and Reports Second Quarter  Financial Results",
    "link": "https://ir.kyvernatx.com/news-releases/news-release-details/kyverna-therapeutics-provides-business-update-and-reports-",
    "timestamp": "unknown"
  },
  {
    "title": "August ,PDF VersionRead More",
    "link": "https://ir.kyvernatx.com/node//pdf",
    "timestamp": "unknown"
  },
  {
    "title": "August ,PDF Version",
    "link": "https://ir.kyvernatx.com/node//pdf",
    "timestamp": "unknown"
  },
  {
    "title": "PDF Version",
    "link": "https://ir.kyvernatx.com/node//pdf",
    "timestamp": "unknown"
  },
  {
    "title": "PDF Version",
    "link": "https://ir.kyvernatx.com/node//pdf",
    "timestamp": "unknown"
  },
  {
    "title": "Read More",
    "link": "https://ir.kyvernatx.com/news-releases/news-release-details/kyverna-therapeutics-provides-business-update-and-reports-",
    "timestamp": "unknown"
  },
  {
    "title": "Read More",
    "link": "https://ir.kyvernatx.com/news-releases/news-release-details/kyverna-therapeutics-provides-business-update-and-reports-",
    "timestamp": "unknown"
  },
  {
    "title": "Kyverna Therapeutics to Host Virtual KOL Event to Highlight Neuroimmunology CAR T FranchiseWebcast to be held August ,  ,  ET EMERYVILLE, Calif. , Jul",
    "link": "https://ir.kyvernatx.com/news-releases/news-release-details/kyverna-therapeutics-host-virtual-kol-event-highlight",
    "timestamp": "unknown"
  },
  {
    "title": "Kyverna Therapeutics to Host Virtual KOL Event to Highlight Neuroimmunology CAR T FranchiseWebcast to be held August ,  ,  ET EMERYVILLE, Calif. , Jul",
    "link": "https://ir.kyvernatx.com/news-releases/news-release-details/kyverna-therapeutics-host-virtual-kol-event-highlight",
    "timestamp": "unknown"
  },
  {
    "title": "Kyverna Therapeutics to Host Virtual KOL Event to Highlight Neuroimmunology CAR T FranchiseWebcast to be held August ,  ,  ET EMERYVILLE, Calif. , Jul",
    "link": "https://ir.kyvernatx.com/news-releases/news-release-details/kyverna-therapeutics-host-virtual-kol-event-highlight",
    "timestamp": "unknown"
  },
  {
    "title": "Kyverna Therapeutics to Host Virtual KOL Event to Highlight Neuroimmunology CAR T FranchiseWebcast to be held August ,  ,  ET EMERYVILLE, Calif. , Jul",
    "link": "https://ir.kyvernatx.com/news-releases/news-release-details/kyverna-therapeutics-host-virtual-kol-event-highlight",
    "timestamp": "unknown"
  },
  {
    "title": "Kyverna Therapeutics to Host Virtual KOL Event to Highlight Neuroimmunology CAR T FranchiseWebcast to be held August ,  ,  ET EMERYVILLE, Calif. , Jul",
    "link": "https://ir.kyvernatx.com/news-releases/news-release-details/kyverna-therapeutics-host-virtual-kol-event-highlight",
    "timestamp": "unknown"
  },
  {
    "title": "Kyverna Therapeutics to Host Virtual KOL Event to Highlight Neuroimmunology CAR T Franchise",
    "link": "https://ir.kyvernatx.com/news-releases/news-release-details/kyverna-therapeutics-host-virtual-kol-event-highlight",
    "timestamp": "unknown"
  },
  {
    "title": "July ,PDF VersionRead More",
    "link": "https://ir.kyvernatx.com/node//pdf",
    "timestamp": "unknown"
  },
  {
    "title": "July ,PDF Version",
    "link": "https://ir.kyvernatx.com/node//pdf",
    "timestamp": "unknown"
  },
  {
    "title": "PDF Version",
    "link": "https://ir.kyvernatx.com/node//pdf",
    "timestamp": "unknown"
  },
  {
    "title": "PDF Version",
    "link": "https://ir.kyvernatx.com/node//pdf",
    "timestamp": "unknown"
  },
  {
    "title": "Read More",
    "link": "https://ir.kyvernatx.com/news-releases/news-release-details/kyverna-therapeutics-host-virtual-kol-event-highlight",
    "timestamp": "unknown"
  },
  {
    "title": "Read More",
    "link": "https://ir.kyvernatx.com/news-releases/news-release-details/kyverna-therapeutics-host-virtual-kol-event-highlight",
    "timestamp": "unknown"
  },
  {
    "title": "Kyverna Therapeutics Announces Appointment of New Chief Financial OfficerDr. Marc Grasso brings more than  years of public company, capital markets an",
    "link": "https://ir.kyvernatx.com/news-releases/news-release-details/kyverna-therapeutics-announces-appointment-new-chief-financial",
    "timestamp": "unknown"
  },
  {
    "title": "Kyverna Therapeutics Announces Appointment of New Chief Financial OfficerDr. Marc Grasso brings more than  years of public company, capital markets an",
    "link": "https://ir.kyvernatx.com/news-releases/news-release-details/kyverna-therapeutics-announces-appointment-new-chief-financial",
    "timestamp": "unknown"
  },
  {
    "title": "Kyverna Therapeutics Announces Appointment of New Chief Financial OfficerDr. Marc Grasso brings more than  years of public company, capital markets an",
    "link": "https://ir.kyvernatx.com/news-releases/news-release-details/kyverna-therapeutics-announces-appointment-new-chief-financial",
    "timestamp": "unknown"
  },
  {
    "title": "Kyverna Therapeutics Announces Appointment of New Chief Financial OfficerDr. Marc Grasso brings more than  years of public company, capital markets an",
    "link": "https://ir.kyvernatx.com/news-releases/news-release-details/kyverna-therapeutics-announces-appointment-new-chief-financial",
    "timestamp": "unknown"
  },
  {
    "title": "Kyverna Therapeutics Announces Appointment of New Chief Financial OfficerDr. Marc Grasso brings more than  years of public company, capital markets an",
    "link": "https://ir.kyvernatx.com/news-releases/news-release-details/kyverna-therapeutics-announces-appointment-new-chief-financial",
    "timestamp": "unknown"
  },
  {
    "title": "Kyverna Therapeutics Announces Appointment of New Chief Financial Officer",
    "link": "https://ir.kyvernatx.com/news-releases/news-release-details/kyverna-therapeutics-announces-appointment-new-chief-financial",
    "timestamp": "unknown"
  },
  {
    "title": "June ,PDF VersionRead More",
    "link": "https://ir.kyvernatx.com/node//pdf",
    "timestamp": "unknown"
  },
  {
    "title": "June ,PDF Version",
    "link": "https://ir.kyvernatx.com/node//pdf",
    "timestamp": "unknown"
  },
  {
    "title": "PDF Version",
    "link": "https://ir.kyvernatx.com/node//pdf",
    "timestamp": "unknown"
  },
  {
    "title": "PDF Version",
    "link": "https://ir.kyvernatx.com/node//pdf",
    "timestamp": "unknown"
  },
  {
    "title": "Read More",
    "link": "https://ir.kyvernatx.com/news-releases/news-release-details/kyverna-therapeutics-announces-appointment-new-chief-financial",
    "timestamp": "unknown"
  },
  {
    "title": "Read More",
    "link": "https://ir.kyvernatx.com/news-releases/news-release-details/kyverna-therapeutics-announces-appointment-new-chief-financial",
    "timestamp": "unknown"
  },
  {
    "title": "Kyverna Therapeutics to Present at the Jefferies Global Healthcare ConferenceEMERYVILLE, Calif. , May ,  /PRNewswire/ -- Kyverna Therapeutics, Inc. (K",
    "link": "https://ir.kyvernatx.com/news-releases/news-release-details/kyverna-therapeutics-present-jefferies-global-healthcare",
    "timestamp": "unknown"
  },
  {
    "title": "Kyverna Therapeutics to Present at the Jefferies Global Healthcare ConferenceEMERYVILLE, Calif. , May ,  /PRNewswire/ -- Kyverna Therapeutics, Inc. (K",
    "link": "https://ir.kyvernatx.com/news-releases/news-release-details/kyverna-therapeutics-present-jefferies-global-healthcare",
    "timestamp": "unknown"
  },
  {
    "title": "Kyverna Therapeutics to Present at the Jefferies Global Healthcare ConferenceEMERYVILLE, Calif. , May ,  /PRNewswire/ -- Kyverna Therapeutics, Inc. (K",
    "link": "https://ir.kyvernatx.com/news-releases/news-release-details/kyverna-therapeutics-present-jefferies-global-healthcare",
    "timestamp": "unknown"
  },
  {
    "title": "Kyverna Therapeutics to Present at the Jefferies Global Healthcare ConferenceEMERYVILLE, Calif. , May ,  /PRNewswire/ -- Kyverna Therapeutics, Inc. (K",
    "link": "https://ir.kyvernatx.com/news-releases/news-release-details/kyverna-therapeutics-present-jefferies-global-healthcare",
    "timestamp": "unknown"
  },
  {
    "title": "Kyverna Therapeutics to Present at the Jefferies Global Healthcare ConferenceEMERYVILLE, Calif. , May ,  /PRNewswire/ -- Kyverna Therapeutics, Inc. (K",
    "link": "https://ir.kyvernatx.com/news-releases/news-release-details/kyverna-therapeutics-present-jefferies-global-healthcare",
    "timestamp": "unknown"
  },
  {
    "title": "Kyverna Therapeutics to Present at the Jefferies Global Healthcare Conference",
    "link": "https://ir.kyvernatx.com/news-releases/news-release-details/kyverna-therapeutics-present-jefferies-global-healthcare",
    "timestamp": "unknown"
  },
  {
    "title": "May ,PDF VersionRead More",
    "link": "https://ir.kyvernatx.com/node//pdf",
    "timestamp": "unknown"
  },
  {
    "title": "May ,PDF Version",
    "link": "https://ir.kyvernatx.com/node//pdf",
    "timestamp": "unknown"
  },
  {
    "title": "PDF Version",
    "link": "https://ir.kyvernatx.com/node//pdf",
    "timestamp": "unknown"
  },
  {
    "title": "PDF Version",
    "link": "https://ir.kyvernatx.com/node//pdf",
    "timestamp": "unknown"
  },
  {
    "title": "Read More",
    "link": "https://ir.kyvernatx.com/news-releases/news-release-details/kyverna-therapeutics-present-jefferies-global-healthcare",
    "timestamp": "unknown"
  },
  {
    "title": "Read More",
    "link": "https://ir.kyvernatx.com/news-releases/news-release-details/kyverna-therapeutics-present-jefferies-global-healthcare",
    "timestamp": "unknown"
  },
  {
    "title": "Kyverna Therapeutics Provides Business Update and Reports First Quarter  Financial ResultsEnrollment complete in registrational Phase  KYV- trial in s",
    "link": "https://ir.kyvernatx.com/news-releases/news-release-details/kyverna-therapeutics-provides-business-update-and-reports-",
    "timestamp": "unknown"
  },
  {
    "title": "Kyverna Therapeutics Provides Business Update and Reports First Quarter  Financial ResultsEnrollment complete in registrational Phase  KYV- trial in s",
    "link": "https://ir.kyvernatx.com/news-releases/news-release-details/kyverna-therapeutics-provides-business-update-and-reports-",
    "timestamp": "unknown"
  },
  {
    "title": "Kyverna Therapeutics Provides Business Update and Reports First Quarter  Financial ResultsEnrollment complete in registrational Phase  KYV- trial in s",
    "link": "https://ir.kyvernatx.com/news-releases/news-release-details/kyverna-therapeutics-provides-business-update-and-reports-",
    "timestamp": "unknown"
  },
  {
    "title": "Kyverna Therapeutics Provides Business Update and Reports First Quarter  Financial ResultsEnrollment complete in registrational Phase  KYV- trial in s",
    "link": "https://ir.kyvernatx.com/news-releases/news-release-details/kyverna-therapeutics-provides-business-update-and-reports-",
    "timestamp": "unknown"
  },
  {
    "title": "Kyverna Therapeutics Provides Business Update and Reports First Quarter  Financial ResultsEnrollment complete in registrational Phase  KYV- trial in s",
    "link": "https://ir.kyvernatx.com/news-releases/news-release-details/kyverna-therapeutics-provides-business-update-and-reports-",
    "timestamp": "unknown"
  },
  {
    "title": "Kyverna Therapeutics Provides Business Update and Reports First Quarter  Financial Results",
    "link": "https://ir.kyvernatx.com/news-releases/news-release-details/kyverna-therapeutics-provides-business-update-and-reports-",
    "timestamp": "unknown"
  },
  {
    "title": "May ,PDF VersionRead More",
    "link": "https://ir.kyvernatx.com/node//pdf",
    "timestamp": "unknown"
  },
  {
    "title": "May ,PDF Version",
    "link": "https://ir.kyvernatx.com/node//pdf",
    "timestamp": "unknown"
  },
  {
    "title": "PDF Version",
    "link": "https://ir.kyvernatx.com/node//pdf",
    "timestamp": "unknown"
  },
  {
    "title": "PDF Version",
    "link": "https://ir.kyvernatx.com/node//pdf",
    "timestamp": "unknown"
  },
  {
    "title": "Read More",
    "link": "https://ir.kyvernatx.com/news-releases/news-release-details/kyverna-therapeutics-provides-business-update-and-reports-",
    "timestamp": "unknown"
  },
  {
    "title": "Read More",
    "link": "https://ir.kyvernatx.com/news-releases/news-release-details/kyverna-therapeutics-provides-business-update-and-reports-",
    "timestamp": "unknown"
  },
  {
    "title": "Kyverna Therapeutics Provides Business Update and Reports Fourth Quarter and Full Year  Financial ResultsAccelerating clinical path to commercializati",
    "link": "https://ir.kyvernatx.com/news-releases/news-release-details/kyverna-therapeutics-provides-business-update-and-reports-fourth",
    "timestamp": "unknown"
  },
  {
    "title": "Kyverna Therapeutics Provides Business Update and Reports Fourth Quarter and Full Year  Financial ResultsAccelerating clinical path to commercializati",
    "link": "https://ir.kyvernatx.com/news-releases/news-release-details/kyverna-therapeutics-provides-business-update-and-reports-fourth",
    "timestamp": "unknown"
  },
  {
    "title": "Kyverna Therapeutics Provides Business Update and Reports Fourth Quarter and Full Year  Financial ResultsAccelerating clinical path to commercializati",
    "link": "https://ir.kyvernatx.com/news-releases/news-release-details/kyverna-therapeutics-provides-business-update-and-reports-fourth",
    "timestamp": "unknown"
  },
  {
    "title": "Kyverna Therapeutics Provides Business Update and Reports Fourth Quarter and Full Year  Financial ResultsAccelerating clinical path to commercializati",
    "link": "https://ir.kyvernatx.com/news-releases/news-release-details/kyverna-therapeutics-provides-business-update-and-reports-fourth",
    "timestamp": "unknown"
  },
  {
    "title": "Kyverna Therapeutics Provides Business Update and Reports Fourth Quarter and Full Year  Financial ResultsAccelerating clinical path to commercializati",
    "link": "https://ir.kyvernatx.com/news-releases/news-release-details/kyverna-therapeutics-provides-business-update-and-reports-fourth",
    "timestamp": "unknown"
  },
  {
    "title": "Kyverna Therapeutics Provides Business Update and Reports Fourth Quarter and Full Year  Financial Results",
    "link": "https://ir.kyvernatx.com/news-releases/news-release-details/kyverna-therapeutics-provides-business-update-and-reports-fourth",
    "timestamp": "unknown"
  },
  {
    "title": "March ,PDF VersionRead More",
    "link": "https://ir.kyvernatx.com/node//pdf",
    "timestamp": "unknown"
  },
  {
    "title": "March ,PDF Version",
    "link": "https://ir.kyvernatx.com/node//pdf",
    "timestamp": "unknown"
  },
  {
    "title": "PDF Version",
    "link": "https://ir.kyvernatx.com/node//pdf",
    "timestamp": "unknown"
  },
  {
    "title": "PDF Version",
    "link": "https://ir.kyvernatx.com/node//pdf",
    "timestamp": "unknown"
  },
  {
    "title": "Read More",
    "link": "https://ir.kyvernatx.com/news-releases/news-release-details/kyverna-therapeutics-provides-business-update-and-reports-fourth",
    "timestamp": "unknown"
  },
  {
    "title": "Read More",
    "link": "https://ir.kyvernatx.com/news-releases/news-release-details/kyverna-therapeutics-provides-business-update-and-reports-fourth",
    "timestamp": "unknown"
  },
  {
    "title": "Kyverna Therapeutics to Present at the Leerink Partners Global Biopharma ConferenceEMERYVILLE, Calif. , March ,  /PRNewswire/ -- Kyverna Therapeutics,",
    "link": "https://ir.kyvernatx.com/news-releases/news-release-details/kyverna-therapeutics-present-leerink-partners-global-biopharma",
    "timestamp": "unknown"
  },
  {
    "title": "Kyverna Therapeutics to Present at the Leerink Partners Global Biopharma ConferenceEMERYVILLE, Calif. , March ,  /PRNewswire/ -- Kyverna Therapeutics,",
    "link": "https://ir.kyvernatx.com/news-releases/news-release-details/kyverna-therapeutics-present-leerink-partners-global-biopharma",
    "timestamp": "unknown"
  },
  {
    "title": "Kyverna Therapeutics to Present at the Leerink Partners Global Biopharma ConferenceEMERYVILLE, Calif. , March ,  /PRNewswire/ -- Kyverna Therapeutics,",
    "link": "https://ir.kyvernatx.com/news-releases/news-release-details/kyverna-therapeutics-present-leerink-partners-global-biopharma",
    "timestamp": "unknown"
  },
  {
    "title": "Kyverna Therapeutics to Present at the Leerink Partners Global Biopharma ConferenceEMERYVILLE, Calif. , March ,  /PRNewswire/ -- Kyverna Therapeutics,",
    "link": "https://ir.kyvernatx.com/news-releases/news-release-details/kyverna-therapeutics-present-leerink-partners-global-biopharma",
    "timestamp": "unknown"
  },
  {
    "title": "Kyverna Therapeutics to Present at the Leerink Partners Global Biopharma ConferenceEMERYVILLE, Calif. , March ,  /PRNewswire/ -- Kyverna Therapeutics,",
    "link": "https://ir.kyvernatx.com/news-releases/news-release-details/kyverna-therapeutics-present-leerink-partners-global-biopharma",
    "timestamp": "unknown"
  },
  {
    "title": "Kyverna Therapeutics to Present at the Leerink Partners Global Biopharma Conference",
    "link": "https://ir.kyvernatx.com/news-releases/news-release-details/kyverna-therapeutics-present-leerink-partners-global-biopharma",
    "timestamp": "unknown"
  },
  {
    "title": "March ,PDF VersionRead More",
    "link": "https://ir.kyvernatx.com/node//pdf",
    "timestamp": "unknown"
  },
  {
    "title": "March ,PDF Version",
    "link": "https://ir.kyvernatx.com/node//pdf",
    "timestamp": "unknown"
  },
  {
    "title": "PDF Version",
    "link": "https://ir.kyvernatx.com/node//pdf",
    "timestamp": "unknown"
  },
  {
    "title": "PDF Version",
    "link": "https://ir.kyvernatx.com/node//pdf",
    "timestamp": "unknown"
  },
  {
    "title": "Read More",
    "link": "https://ir.kyvernatx.com/news-releases/news-release-details/kyverna-therapeutics-present-leerink-partners-global-biopharma",
    "timestamp": "unknown"
  },
  {
    "title": "Read More",
    "link": "https://ir.kyvernatx.com/news-releases/news-release-details/kyverna-therapeutics-present-leerink-partners-global-biopharma",
    "timestamp": "unknown"
  },
  {
    "title": "Kyverna Therapeutics Appoints Naji Gehchan, MD, MBA, as Chief Medical and Development OfficerDr. Gehchan brings decades of successful late-stage clini",
    "link": "https://ir.kyvernatx.com/news-releases/news-release-details/kyverna-therapeutics-appoints-naji-gehchan-md-mba-chief-medical",
    "timestamp": "unknown"
  },
  {
    "title": "Kyverna Therapeutics Appoints Naji Gehchan, MD, MBA, as Chief Medical and Development OfficerDr. Gehchan brings decades of successful late-stage clini",
    "link": "https://ir.kyvernatx.com/news-releases/news-release-details/kyverna-therapeutics-appoints-naji-gehchan-md-mba-chief-medical",
    "timestamp": "unknown"
  },
  {
    "title": "Kyverna Therapeutics Appoints Naji Gehchan, MD, MBA, as Chief Medical and Development OfficerDr. Gehchan brings decades of successful late-stage clini",
    "link": "https://ir.kyvernatx.com/news-releases/news-release-details/kyverna-therapeutics-appoints-naji-gehchan-md-mba-chief-medical",
    "timestamp": "unknown"
  },
  {
    "title": "Kyverna Therapeutics Appoints Naji Gehchan, MD, MBA, as Chief Medical and Development OfficerDr. Gehchan brings decades of successful late-stage clini",
    "link": "https://ir.kyvernatx.com/news-releases/news-release-details/kyverna-therapeutics-appoints-naji-gehchan-md-mba-chief-medical",
    "timestamp": "unknown"
  },
  {
    "title": "Kyverna Therapeutics Appoints Naji Gehchan, MD, MBA, as Chief Medical and Development OfficerDr. Gehchan brings decades of successful late-stage clini",
    "link": "https://ir.kyvernatx.com/news-releases/news-release-details/kyverna-therapeutics-appoints-naji-gehchan-md-mba-chief-medical",
    "timestamp": "unknown"
  },
  {
    "title": "Kyverna Therapeutics Appoints Naji Gehchan, MD, MBA, as Chief Medical and Development Officer",
    "link": "https://ir.kyvernatx.com/news-releases/news-release-details/kyverna-therapeutics-appoints-naji-gehchan-md-mba-chief-medical",
    "timestamp": "unknown"
  },
  {
    "title": "January ,PDF VersionRead More",
    "link": "https://ir.kyvernatx.com/node//pdf",
    "timestamp": "unknown"
  },
  {
    "title": "January ,PDF Version",
    "link": "https://ir.kyvernatx.com/node//pdf",
    "timestamp": "unknown"
  },
  {
    "title": "PDF Version",
    "link": "https://ir.kyvernatx.com/node//pdf",
    "timestamp": "unknown"
  },
  {
    "title": "PDF Version",
    "link": "https://ir.kyvernatx.com/node//pdf",
    "timestamp": "unknown"
  },
  {
    "title": "Read More",
    "link": "https://ir.kyvernatx.com/news-releases/news-release-details/kyverna-therapeutics-appoints-naji-gehchan-md-mba-chief-medical",
    "timestamp": "unknown"
  },
  {
    "title": "Read More",
    "link": "https://ir.kyvernatx.com/news-releases/news-release-details/kyverna-therapeutics-appoints-naji-gehchan-md-mba-chief-medical",
    "timestamp": "unknown"
  },
  {
    "title": "PaginationCurrent pagePageNext page\u203aLast page\u00bbDisplaying  -  of",
    "link": "https://ir.kyvernatx.com/news-releases?mobile=&page=",
    "timestamp": "unknown"
  },
  {
    "title": "PaginationCurrent pagePageNext page\u203aLast page\u00bb",
    "link": "https://ir.kyvernatx.com/news-releases?mobile=&page=",
    "timestamp": "unknown"
  },
  {
    "title": "PaginationCurrent pagePageNext page\u203aLast page\u00bb",
    "link": "https://ir.kyvernatx.com/news-releases?mobile=&page=",
    "timestamp": "unknown"
  },
  {
    "title": "Current page",
    "link": "https://ir.kyvernatx.com/news-releases?mobile=&page=",
    "timestamp": "unknown"
  },
  {
    "title": "Page",
    "link": "https://ir.kyvernatx.com/news-releases?mobile=&page=",
    "timestamp": "unknown"
  },
  {
    "title": "Next page\u203a",
    "link": "https://ir.kyvernatx.com/news-releases?mobile=&page=",
    "timestamp": "unknown"
  },
  {
    "title": "Last page\u00bb",
    "link": "https://ir.kyvernatx.com/news-releases?mobile=&page=",
    "timestamp": "unknown"
  },
  {
    "title": "Investor ContactdraftsInvestorRelations@kyvernatx.comdraftsMedia@kyvernatx.comphone_iphone+ ..Subscribe to our Email AlertsSubscribe",
    "link": "mailto:InvestorRelations@kyvernatx.com",
    "timestamp": "unknown"
  },
  {
    "title": "Investor ContactdraftsInvestorRelations@kyvernatx.comdraftsMedia@kyvernatx.comphone_iphone+ ..Subscribe to our Email AlertsSubscribe",
    "link": "mailto:InvestorRelations@kyvernatx.com",
    "timestamp": "unknown"
  },
  {
    "title": "Investor ContactdraftsInvestorRelations@kyvernatx.comdraftsMedia@kyvernatx.comphone_iphone+ ..Subscribe to our Email AlertsSubscribe",
    "link": "mailto:InvestorRelations@kyvernatx.com",
    "timestamp": "unknown"
  },
  {
    "title": "Investor ContactdraftsInvestorRelations@kyvernatx.comdraftsMedia@kyvernatx.comphone_iphone+ ..Subscribe to our Email AlertsSubscribe",
    "link": "mailto:InvestorRelations@kyvernatx.com",
    "timestamp": "unknown"
  },
  {
    "title": "Investor ContactdraftsInvestorRelations@kyvernatx.comdraftsMedia@kyvernatx.comphone_iphone+ ..",
    "link": "mailto:InvestorRelations@kyvernatx.com",
    "timestamp": "unknown"
  },
  {
    "title": "Investor ContactdraftsInvestorRelations@kyvernatx.comdraftsMedia@kyvernatx.comphone_iphone+ ..",
    "link": "mailto:InvestorRelations@kyvernatx.com",
    "timestamp": "unknown"
  },
  {
    "title": "Investor ContactdraftsInvestorRelations@kyvernatx.comdraftsMedia@kyvernatx.comphone_iphone+ ..",
    "link": "mailto:InvestorRelations@kyvernatx.com",
    "timestamp": "unknown"
  },
  {
    "title": "Investor ContactdraftsInvestorRelations@kyvernatx.comdraftsMedia@kyvernatx.comphone_iphone+ ..",
    "link": "mailto:InvestorRelations@kyvernatx.com",
    "timestamp": "unknown"
  },
  {
    "title": "Investor ContactdraftsInvestorRelations@kyvernatx.comdraftsMedia@kyvernatx.comphone_iphone+ ..",
    "link": "mailto:InvestorRelations@kyvernatx.com",
    "timestamp": "unknown"
  },
  {
    "title": "draftsInvestorRelations@kyvernatx.com",
    "link": "mailto:InvestorRelations@kyvernatx.com",
    "timestamp": "unknown"
  },
  {
    "title": "draftsMedia@kyvernatx.com",
    "link": "mailto:media@kyvernatx.com",
    "timestamp": "unknown"
  },
  {
    "title": "\u00a9  Kyverna TherapeuticsSocial MediaLinkedIn opens in new windowGlassdoor opens in new window",
    "link": "https://www.linkedin.com/company/kyverna/",
    "timestamp": "unknown"
  },
  {
    "title": "\u00a9  Kyverna TherapeuticsSocial MediaLinkedIn opens in new windowGlassdoor opens in new window",
    "link": "https://www.linkedin.com/company/kyverna/",
    "timestamp": "unknown"
  },
  {
    "title": "\u00a9  Kyverna TherapeuticsSocial MediaLinkedIn opens in new windowGlassdoor opens in new window",
    "link": "https://www.linkedin.com/company/kyverna/",
    "timestamp": "unknown"
  },
  {
    "title": "Social MediaLinkedIn opens in new windowGlassdoor opens in new window",
    "link": "https://www.linkedin.com/company/kyverna/",
    "timestamp": "unknown"
  },
  {
    "title": "Social MediaLinkedIn opens in new windowGlassdoor opens in new window",
    "link": "https://www.linkedin.com/company/kyverna/",
    "timestamp": "unknown"
  },
  {
    "title": "LinkedIn opens in new window",
    "link": "https://www.linkedin.com/company/kyverna/",
    "timestamp": "unknown"
  },
  {
    "title": "Glassdoor opens in new window",
    "link": "https://www.glassdoor.com/Overview/Working-at-Kyverna-Therapeutics-EI_IE6483224.,.htm",
    "timestamp": "unknown"
  }
]