[
  {
    "title": "CareersContactEnglish\u7b80\u4f53\u7e41\u4f53English\u7b80\u4f53\u7e41\u4f53About UsCompany ProfileMissionLeadershipSenior ManagementBoard of DirectorsScientific Advisory BoardsMilestonesSus",
    "link": "https://www.transcenta.com/join.html",
    "timestamp": "unknown"
  },
  {
    "title": "CareersContactEnglish\u7b80\u4f53\u7e41\u4f53English\u7b80\u4f53\u7e41\u4f53About UsCompany ProfileMissionLeadershipSenior ManagementBoard of DirectorsScientific Advisory BoardsMilestonesSus",
    "link": "https://www.transcenta.com/join.html",
    "timestamp": "unknown"
  },
  {
    "title": "CareersContactEnglish\u7b80\u4f53\u7e41\u4f53English\u7b80\u4f53\u7e41\u4f53",
    "link": "https://www.transcenta.com/join.html",
    "timestamp": "unknown"
  },
  {
    "title": "English\u7b80\u4f53\u7e41\u4f53English\u7b80\u4f53\u7e41\u4f53",
    "link": "https://ir.transcenta.com/en/investors/announcements/",
    "timestamp": "unknown"
  },
  {
    "title": "English\u7b80\u4f53\u7e41\u4f53",
    "link": "https://ir.transcenta.com/en/investors/announcements/",
    "timestamp": "unknown"
  },
  {
    "title": "About UsCompany ProfileMissionLeadershipSenior ManagementBoard of DirectorsScientific Advisory BoardsMilestonesSustainabilityInnovationDiscoveryTransl",
    "link": "http://www.transcenta.com/",
    "timestamp": "unknown"
  },
  {
    "title": "About UsCompany ProfileMissionLeadershipSenior ManagementBoard of DirectorsScientific Advisory BoardsMilestonesSustainability",
    "link": "https://www.transcenta.com/About_Us.html",
    "timestamp": "unknown"
  },
  {
    "title": "Company ProfileMissionLeadershipSenior ManagementBoard of DirectorsScientific Advisory BoardsMilestonesSustainability",
    "link": "https://www.transcenta.com/About_Us.html#Company%20Profile",
    "timestamp": "unknown"
  },
  {
    "title": "Company Profile",
    "link": "https://www.transcenta.com/About_Us.html#Company%20Profile",
    "timestamp": "unknown"
  },
  {
    "title": "Mission",
    "link": "https://www.transcenta.com/About_Us.html#Company%20Vision",
    "timestamp": "unknown"
  },
  {
    "title": "LeadershipSenior ManagementBoard of DirectorsScientific Advisory Boards",
    "link": "https://ir.transcenta.com/en/about-us/leadership/",
    "timestamp": "unknown"
  },
  {
    "title": "Senior ManagementBoard of DirectorsScientific Advisory Boards",
    "link": "https://www.transcenta.com/About_Us/id-.html#OUR%20TEAM",
    "timestamp": "unknown"
  },
  {
    "title": "Milestones",
    "link": "https://www.transcenta.com/About_Us.html#MILESTONES",
    "timestamp": "unknown"
  },
  {
    "title": "Sustainability",
    "link": "https://www.transcenta.com/About_Us.html#ESG",
    "timestamp": "unknown"
  },
  {
    "title": "InnovationDiscoveryTranslational ResearchProcess DevelopmentClinical DevelopmentManufacturing",
    "link": "https://www.transcenta.com/Innovation.html",
    "timestamp": "unknown"
  },
  {
    "title": "DiscoveryTranslational ResearchProcess DevelopmentClinical DevelopmentManufacturing",
    "link": "https://www.transcenta.com/Innovation.html#Discovery",
    "timestamp": "unknown"
  },
  {
    "title": "Discovery",
    "link": "https://www.transcenta.com/Innovation.html#Discovery",
    "timestamp": "unknown"
  },
  {
    "title": "Translational Research",
    "link": "https://www.transcenta.com/Innovation.html#Translational%20Research",
    "timestamp": "unknown"
  },
  {
    "title": "Process Development",
    "link": "https://www.transcenta.com/Innovation.html#Process%20Development",
    "timestamp": "unknown"
  },
  {
    "title": "Clinical Development",
    "link": "https://www.transcenta.com/Innovation.html#Clinical%20Development",
    "timestamp": "unknown"
  },
  {
    "title": "Manufacturing",
    "link": "https://www.transcenta.com/Innovation.html#Manufacturing",
    "timestamp": "unknown"
  },
  {
    "title": "ProductsPipelineCore productsOsemitamabTST002TST003Scientific Publications",
    "link": "https://www.transcenta.com/pipeline.html",
    "timestamp": "unknown"
  },
  {
    "title": "PipelineCore productsOsemitamabTST002TST003Scientific Publications",
    "link": "https://www.transcenta.com/pipeline.html",
    "timestamp": "unknown"
  },
  {
    "title": "Pipeline",
    "link": "https://www.transcenta.com/pipeline.html",
    "timestamp": "unknown"
  },
  {
    "title": "Core productsOsemitamabTST002TST003",
    "link": "https://ir.transcenta.com/en/products/core-products/",
    "timestamp": "unknown"
  },
  {
    "title": "OsemitamabTST002TST003",
    "link": "https://www.transcenta.com/pipelineDet/id-.html",
    "timestamp": "unknown"
  },
  {
    "title": "Scientific Publications",
    "link": "http://chuangsheng.hzyswl.com:/Scientific_Publications.html",
    "timestamp": "unknown"
  },
  {
    "title": "Partnering",
    "link": "https://www.transcenta.com/Partnering.html",
    "timestamp": "unknown"
  },
  {
    "title": "InvestorsNews & EventsPress ReleaseIn The NewsEvents",
    "link": "https://ir.transcenta.com/en/investors/",
    "timestamp": "unknown"
  },
  {
    "title": "News & EventsPress ReleaseIn The NewsEvents",
    "link": "https://www.transcenta.com/Press_Release.html",
    "timestamp": "unknown"
  },
  {
    "title": "Press ReleaseIn The NewsEvents",
    "link": "https://www.transcenta.com/Press_Release.html",
    "timestamp": "unknown"
  },
  {
    "title": "Press Release",
    "link": "https://www.transcenta.com/Press_Release.html",
    "timestamp": "unknown"
  },
  {
    "title": "In The News",
    "link": "https://www.transcenta.com/In_The_News.html",
    "timestamp": "unknown"
  },
  {
    "title": "Events",
    "link": "https://www.transcenta.com/Events.html",
    "timestamp": "unknown"
  },
  {
    "title": "About UsCompany ProfileMissionLeadershipSenior ManagementBoard of DirectorsScientific Advisory BoardsMilestonesSustainabilityInnovationDiscoveryTransl",
    "link": "https://ir.transcenta.com/en/about-us/",
    "timestamp": "unknown"
  },
  {
    "title": "About UsCompany ProfileMissionLeadershipSenior ManagementBoard of DirectorsScientific Advisory BoardsMilestonesSustainabilityInnovationDiscoveryTransl",
    "link": "https://ir.transcenta.com/en/about-us/",
    "timestamp": "unknown"
  },
  {
    "title": "About UsCompany ProfileMissionLeadershipSenior ManagementBoard of DirectorsScientific Advisory BoardsMilestonesSustainability",
    "link": "https://ir.transcenta.com/en/about-us/",
    "timestamp": "unknown"
  },
  {
    "title": "Company ProfileMissionLeadershipSenior ManagementBoard of DirectorsScientific Advisory BoardsMilestonesSustainability",
    "link": "https://ir.transcenta.com/en/about-us/company-profile/",
    "timestamp": "unknown"
  },
  {
    "title": "Senior ManagementBoard of DirectorsScientific Advisory Boards",
    "link": "https://ir.transcenta.com/en/about-us/leadership/senior-management/",
    "timestamp": "unknown"
  },
  {
    "title": "InnovationDiscoveryTranslational ResearchProcess DevelopmentClinical DevelopmentManufacturing",
    "link": "https://ir.transcenta.com/en/innovation/",
    "timestamp": "unknown"
  },
  {
    "title": "DiscoveryTranslational ResearchProcess DevelopmentClinical DevelopmentManufacturing",
    "link": "https://ir.transcenta.com/en/innovation/discovery/",
    "timestamp": "unknown"
  },
  {
    "title": "ProductsPipelineCore productsOsemitamabTST002TST003Scientific Publications",
    "link": "https://ir.transcenta.com/en/products/",
    "timestamp": "unknown"
  },
  {
    "title": "PipelineCore productsOsemitamabTST002TST003Scientific Publications",
    "link": "https://ir.transcenta.com/en/products/pipeline/",
    "timestamp": "unknown"
  },
  {
    "title": "OsemitamabTST002TST003",
    "link": "https://ir.transcenta.com/en/products/core-products/osemitamab/",
    "timestamp": "unknown"
  },
  {
    "title": "Partnering",
    "link": "https://ir.transcenta.com/en/partnering/",
    "timestamp": "unknown"
  },
  {
    "title": "InvestorsCorporate GovernanceAnnouncementsStock InformationFinancial ReportsListing DocumentsIR CalendarWebcasts & PresentationsEmail AlertIR Contact",
    "link": "https://ir.transcenta.com/en/investors/",
    "timestamp": "unknown"
  },
  {
    "title": "Corporate GovernanceAnnouncementsStock InformationFinancial ReportsListing DocumentsIR CalendarWebcasts & PresentationsEmail AlertIR Contact",
    "link": "https://ir.transcenta.com/en/investors/corporate-governance/",
    "timestamp": "unknown"
  },
  {
    "title": "News & EventsPress ReleaseIn The NewsEvents",
    "link": "https://ir.transcenta.com/en/news-events/",
    "timestamp": "unknown"
  },
  {
    "title": "Press ReleaseIn The NewsEvents",
    "link": "https://ir.transcenta.com/en/news-events/press-release/",
    "timestamp": "unknown"
  },
  {
    "title": "Contact",
    "link": "https://www.transcenta.com/contact",
    "timestamp": "unknown"
  },
  {
    "title": "English",
    "link": "https://ir.transcenta.com/en/investors/announcements/",
    "timestamp": "unknown"
  },
  {
    "title": "\u7b80\u4f53",
    "link": "https://ir.transcenta.com/cn/investors/announcements/",
    "timestamp": "unknown"
  },
  {
    "title": "\u7e41\u4f53",
    "link": "https://ir.transcenta.com/hk/investors/announcements/",
    "timestamp": "unknown"
  },
  {
    "title": "Investors RelationsInvestorsCorporate GovernanceAnnouncementsStock InformationFinancial ReportsListing DocumentsIR CalendarWebcasts & PresentationsEma",
    "link": "https://ir.transcenta.com/en/investors/",
    "timestamp": "unknown"
  },
  {
    "title": "Investors RelationsInvestorsCorporate GovernanceAnnouncementsStock InformationFinancial ReportsListing DocumentsIR CalendarWebcasts & PresentationsEma",
    "link": "https://ir.transcenta.com/en/investors/",
    "timestamp": "unknown"
  },
  {
    "title": "Investors RelationsInvestorsCorporate GovernanceAnnouncementsStock InformationFinancial ReportsListing DocumentsIR CalendarWebcasts & PresentationsEma",
    "link": "https://ir.transcenta.com/en/investors/",
    "timestamp": "unknown"
  },
  {
    "title": "Investors RelationsInvestorsCorporate GovernanceAnnouncementsStock InformationFinancial ReportsListing DocumentsIR CalendarWebcasts & PresentationsEma",
    "link": "https://ir.transcenta.com/en/investors/",
    "timestamp": "unknown"
  },
  {
    "title": "Investors RelationsInvestorsCorporate GovernanceAnnouncementsStock InformationFinancial ReportsListing DocumentsIR CalendarWebcasts & PresentationsEma",
    "link": "https://ir.transcenta.com/en/investors/",
    "timestamp": "unknown"
  },
  {
    "title": "Investors RelationsInvestorsCorporate GovernanceAnnouncementsStock InformationFinancial ReportsListing DocumentsIR CalendarWebcasts & PresentationsEma",
    "link": "https://ir.transcenta.com/en/investors/",
    "timestamp": "unknown"
  },
  {
    "title": "Investors RelationsInvestorsCorporate GovernanceAnnouncementsStock InformationFinancial ReportsListing DocumentsIR CalendarWebcasts & PresentationsEma",
    "link": "https://ir.transcenta.com/en/investors/",
    "timestamp": "unknown"
  },
  {
    "title": "Investors RelationsInvestorsCorporate GovernanceAnnouncementsStock InformationFinancial ReportsListing DocumentsIR CalendarWebcasts & PresentationsEma",
    "link": "https://ir.transcenta.com/en/investors/",
    "timestamp": "unknown"
  },
  {
    "title": "Investors RelationsInvestorsCorporate GovernanceAnnouncementsStock InformationFinancial ReportsListing DocumentsIR CalendarWebcasts & PresentationsEma",
    "link": "https://ir.transcenta.com/en/investors/",
    "timestamp": "unknown"
  },
  {
    "title": "InvestorsCorporate GovernanceAnnouncementsStock InformationFinancial ReportsListing DocumentsIR CalendarWebcasts & PresentationsEmail AlertIR Contact",
    "link": "https://ir.transcenta.com/en/investors/",
    "timestamp": "unknown"
  },
  {
    "title": "InvestorsCorporate GovernanceAnnouncementsStock InformationFinancial ReportsListing DocumentsIR CalendarWebcasts & PresentationsEmail AlertIR Contact",
    "link": "https://ir.transcenta.com/en/investors/",
    "timestamp": "unknown"
  },
  {
    "title": "InvestorsCorporate GovernanceAnnouncementsStock InformationFinancial ReportsListing DocumentsIR CalendarWebcasts & PresentationsEmail AlertIR Contact",
    "link": "https://ir.transcenta.com/en/investors/",
    "timestamp": "unknown"
  },
  {
    "title": "Corporate Governance",
    "link": "https://ir.transcenta.com/en/investors/corporate-governance/",
    "timestamp": "unknown"
  },
  {
    "title": "Announcements",
    "link": "https://ir.transcenta.com/en/investors/announcements/",
    "timestamp": "unknown"
  },
  {
    "title": "Stock Information",
    "link": "https://ir.transcenta.com/en/investors/stock-information/",
    "timestamp": "unknown"
  },
  {
    "title": "Financial Reports",
    "link": "https://ir.transcenta.com/en/investors/financial-reports/",
    "timestamp": "unknown"
  },
  {
    "title": "Listing Documents",
    "link": "https://ir.transcenta.com/en/investors/listing-documents/",
    "timestamp": "unknown"
  },
  {
    "title": "IR Calendar",
    "link": "https://ir.transcenta.com/en/investors/ir-calendar/",
    "timestamp": "unknown"
  },
  {
    "title": "Webcasts & Presentations",
    "link": "https://ir.transcenta.com/en/investors/webcasts-presentations/",
    "timestamp": "unknown"
  },
  {
    "title": "Email Alert",
    "link": "https://ir.transcenta.com/en/investors/email-alert/",
    "timestamp": "unknown"
  },
  {
    "title": "IR Contact",
    "link": "https://ir.transcenta.com/en/investors/ir-contact/",
    "timestamp": "unknown"
  },
  {
    "title": "&#;  TRANSCENTA HOLDING ALL RIGHTS RESERVED.\u6d59ICP\u590716042385\u53f7-Copyright Declaration|Privacy NoticeAbout UsInnovationProductsPartneringInvestorsNews & Eve",
    "link": "http://www.transcenta.com/",
    "timestamp": "unknown"
  },
  {
    "title": "&#;  TRANSCENTA HOLDING ALL RIGHTS RESERVED.\u6d59ICP\u590716042385\u53f7-Copyright Declaration|Privacy NoticeAbout UsInnovationProductsPartneringInvestorsNews & Eve",
    "link": "http://www.transcenta.com/",
    "timestamp": "unknown"
  },
  {
    "title": "&#;  TRANSCENTA HOLDING ALL RIGHTS RESERVED.\u6d59ICP\u590716042385\u53f7-Copyright Declaration|Privacy NoticeAbout UsInnovationProductsPartneringInvestorsNews & Eve",
    "link": "http://www.transcenta.com/",
    "timestamp": "unknown"
  },
  {
    "title": "&#;  TRANSCENTA HOLDING ALL RIGHTS RESERVED.\u6d59ICP\u590716042385\u53f7-Copyright Declaration|Privacy Notice",
    "link": "http://www.transcenta.com/",
    "timestamp": "unknown"
  },
  {
    "title": "Copyright Declaration|Privacy Notice",
    "link": "https://www.transcenta.com/explain/id-.html",
    "timestamp": "unknown"
  },
  {
    "title": "About Us",
    "link": "https://www.transcenta.com/About_Us.html",
    "timestamp": "unknown"
  },
  {
    "title": "Innovation",
    "link": "https://www.transcenta.com/Innovation.html",
    "timestamp": "unknown"
  },
  {
    "title": "Products",
    "link": "https://www.transcenta.com/pipeline.html",
    "timestamp": "unknown"
  },
  {
    "title": "Partnering",
    "link": "https://www.transcenta.com/Partnering.html",
    "timestamp": "unknown"
  },
  {
    "title": "Investors",
    "link": "https://ir.transcenta.com/en/investors/",
    "timestamp": "unknown"
  },
  {
    "title": "News & Events",
    "link": "https://www.transcenta.com/Press_Release.html",
    "timestamp": "unknown"
  },
  {
    "title": "Careers",
    "link": "https://www.transcenta.com/join.html",
    "timestamp": "unknown"
  },
  {
    "title": "Contact",
    "link": "https://www.transcenta.com/contact.html",
    "timestamp": "unknown"
  }
]