[
  {
    "title": "About UsOur StoryOur CultureExecutive Leadership TeamBoard of DirectorsCorporate GovernanceGlobal SustainabilityPublic PolicyGlobal Healthcare Gateway",
    "link": "https://www.viatris.com/en",
    "timestamp": "unknown"
  },
  {
    "title": "About UsOur StoryOur CultureExecutive Leadership TeamBoard of DirectorsCorporate GovernanceGlobal SustainabilityPublic PolicyGlobal Healthcare Gateway",
    "link": "https://www.viatris.com/en",
    "timestamp": "unknown"
  },
  {
    "title": "About UsOur StoryOur CultureExecutive Leadership TeamBoard of DirectorsCorporate GovernanceGlobal SustainabilityPublic PolicyGlobal Healthcare Gateway",
    "link": "https://www.viatris.com/en",
    "timestamp": "unknown"
  },
  {
    "title": "About UsOur StoryOur CultureExecutive Leadership TeamBoard of DirectorsCorporate GovernanceGlobal SustainabilityPublic PolicyGlobal Healthcare Gateway",
    "link": "https://www.viatris.com/en",
    "timestamp": "unknown"
  },
  {
    "title": "About UsOur StoryOur CultureExecutive Leadership TeamBoard of DirectorsCorporate GovernanceGlobal SustainabilityPublic PolicyGlobal Healthcare Gateway",
    "link": "https://www.viatris.com/en",
    "timestamp": "unknown"
  },
  {
    "title": "About UsOur StoryOur CultureExecutive Leadership TeamBoard of DirectorsCorporate GovernanceGlobal SustainabilityPublic PolicyGlobal Healthcare Gateway",
    "link": "https://www.viatris.com/en/About-Us",
    "timestamp": "unknown"
  },
  {
    "title": "About UsOur StoryOur CultureExecutive Leadership TeamBoard of DirectorsCorporate GovernanceGlobal SustainabilityPublic PolicyGlobal Healthcare Gateway",
    "link": "https://www.viatris.com/en/About-Us",
    "timestamp": "unknown"
  },
  {
    "title": "About Us",
    "link": "https://www.viatris.com/en/About-Us",
    "timestamp": "unknown"
  },
  {
    "title": "About Us",
    "link": "https://www.viatris.com/en/About-Us",
    "timestamp": "unknown"
  },
  {
    "title": "Our Story",
    "link": "https://www.viatris.com/en/about-us/our-story",
    "timestamp": "unknown"
  },
  {
    "title": "Our Culture",
    "link": "https://www.viatris.com/en/about-us/our-culture",
    "timestamp": "unknown"
  },
  {
    "title": "Executive Leadership Team",
    "link": "https://www.viatris.com/en/about-us/executive-leadership-team",
    "timestamp": "unknown"
  },
  {
    "title": "Board of Directors",
    "link": "https://www.viatris.com/en/about-us/board-of-directors",
    "timestamp": "unknown"
  },
  {
    "title": "Corporate Governance",
    "link": "https://www.viatris.com/en/about-us/corporate-governance",
    "timestamp": "unknown"
  },
  {
    "title": "Global Sustainability",
    "link": "https://www.viatris.com/en/about-us/global-sustainability",
    "timestamp": "unknown"
  },
  {
    "title": "Public Policy",
    "link": "https://www.viatris.com/en/about-us/public-policy",
    "timestamp": "unknown"
  },
  {
    "title": "Global Healthcare Gateway",
    "link": "https://www.viatris.com/en/about-us/global-healthcare-gateway",
    "timestamp": "unknown"
  },
  {
    "title": "ProductsTherapeutic AreasBrandsGenerics",
    "link": "https://www.viatris.com/en/Products",
    "timestamp": "unknown"
  },
  {
    "title": "Products",
    "link": "https://www.viatris.com/en/Products",
    "timestamp": "unknown"
  },
  {
    "title": "Products",
    "link": "https://www.viatris.com/en/Products",
    "timestamp": "unknown"
  },
  {
    "title": "Therapeutic Areas",
    "link": "https://www.viatris.com/en/Products/Therapeutic-Areas",
    "timestamp": "unknown"
  },
  {
    "title": "Brands",
    "link": "https://www.viatris.com/en/Products/Brands",
    "timestamp": "unknown"
  },
  {
    "title": "Generics",
    "link": "https://www.viatris.com/en/Products/Generics",
    "timestamp": "unknown"
  },
  {
    "title": "NewsroomPress ReleasesStories and ViewpointsResearch and ReportsMedia ResourcesContact Us",
    "link": "https://newsroom.viatris.com",
    "timestamp": "unknown"
  },
  {
    "title": "Newsroom",
    "link": "https://newsroom.viatris.com",
    "timestamp": "unknown"
  },
  {
    "title": "Newsroom",
    "link": "https://newsroom.viatris.com",
    "timestamp": "unknown"
  },
  {
    "title": "Press Releases",
    "link": "https://newsroom.viatris.com/press-releases",
    "timestamp": "unknown"
  },
  {
    "title": "Stories and Viewpoints",
    "link": "https://newsroom.viatris.com/stories-and-viewpoints",
    "timestamp": "unknown"
  },
  {
    "title": "Research and Reports",
    "link": "https://newsroom.viatris.com/research-and-reports",
    "timestamp": "unknown"
  },
  {
    "title": "Media Resources",
    "link": "https://newsroom.viatris.com/media",
    "timestamp": "unknown"
  },
  {
    "title": "Contact Us",
    "link": "https://www.viatris.com/en/newsroom/contact-us",
    "timestamp": "unknown"
  },
  {
    "title": "CareersWorking at ViatrisDiversity and InclusionOur LocationsSearch CareersCareers FAQs",
    "link": "https://www.viatris.com/en/Careers",
    "timestamp": "unknown"
  },
  {
    "title": "Careers",
    "link": "https://www.viatris.com/en/Careers",
    "timestamp": "unknown"
  },
  {
    "title": "Careers",
    "link": "https://www.viatris.com/en/Careers",
    "timestamp": "unknown"
  },
  {
    "title": "Working at Viatris",
    "link": "https://www.viatris.com/en/Careers/Working-at-Viatris",
    "timestamp": "unknown"
  },
  {
    "title": "Diversity and Inclusion",
    "link": "https://www.viatris.com/en/Careers/Diversity-and-Inclusion",
    "timestamp": "unknown"
  },
  {
    "title": "Our Locations",
    "link": "https://www.viatris.com/en/careers/locations-near-you",
    "timestamp": "unknown"
  },
  {
    "title": "Search Careers",
    "link": "https://viatris.wd5.myworkdayjobs.com/External",
    "timestamp": "unknown"
  },
  {
    "title": "Careers FAQs",
    "link": "https://www.viatris.com/en/Careers/Careers-FAQs",
    "timestamp": "unknown"
  },
  {
    "title": "InvestorsEvents and PresentationsFinancials and FilingsStock InformationShareholder ToolkitInvestor FAQs",
    "link": "https://investor.viatris.com/",
    "timestamp": "unknown"
  },
  {
    "title": "Investors",
    "link": "https://investor.viatris.com/",
    "timestamp": "unknown"
  },
  {
    "title": "Investors",
    "link": "https://investor.viatris.com/",
    "timestamp": "unknown"
  },
  {
    "title": "Events and Presentations",
    "link": "https://investor.viatris.com/events-and-presentations",
    "timestamp": "unknown"
  },
  {
    "title": "Financials and Filings",
    "link": "https://investor.viatris.com/financial-and-filings/sec-filings",
    "timestamp": "unknown"
  },
  {
    "title": "Stock Information",
    "link": "https://investor.viatris.com/stock-information/stock-performance",
    "timestamp": "unknown"
  },
  {
    "title": "Shareholder Toolkit",
    "link": "https://investor.viatris.com/shareholder-services/email-alerts",
    "timestamp": "unknown"
  },
  {
    "title": "Investor FAQs",
    "link": "https://investor.viatris.com/investor-faqs",
    "timestamp": "unknown"
  },
  {
    "title": "Change LocationEn",
    "link": "https://investor.viatris.com/financial-and-filings/sec-filings",
    "timestamp": "unknown"
  },
  {
    "title": "Change LocationEn",
    "link": "https://investor.viatris.com/financial-and-filings/sec-filings",
    "timestamp": "unknown"
  },
  {
    "title": "Choose Your LocationAustraliaAustriaBelgiumDutchFrenchBrazilBulgariaCanadaEnglishFrenchChinaCroatiaCzech RepublicDenmarkFranceGermanyGreeceHong KongEn",
    "link": "https://www.viatris.com/en-au/lm/Australia",
    "timestamp": "unknown"
  },
  {
    "title": "Choose Your LocationAustraliaAustriaBelgiumDutchFrenchBrazilBulgariaCanadaEnglishFrenchChinaCroatiaCzech RepublicDenmarkFranceGermanyGreeceHong KongEn",
    "link": "https://www.viatris.com/en-au/lm/Australia",
    "timestamp": "unknown"
  },
  {
    "title": "AustraliaAustriaBelgiumDutchFrenchBrazilBulgariaCanadaEnglishFrenchChinaCroatiaCzech RepublicDenmarkFranceGermanyGreeceHong KongEnglishChineseHungaryI",
    "link": "https://www.viatris.com/en-au/lm/Australia",
    "timestamp": "unknown"
  },
  {
    "title": "AustraliaAustriaBelgiumDutchFrenchBrazilBulgariaCanadaEnglishFrenchChinaCroatiaCzech RepublicDenmark",
    "link": "https://www.viatris.com/en-au/lm/Australia",
    "timestamp": "unknown"
  },
  {
    "title": "Australia",
    "link": "https://www.viatris.com/en-au/lm/Australia",
    "timestamp": "unknown"
  },
  {
    "title": "Austria",
    "link": "https://www.viatris.com/de-at/lm/Austria",
    "timestamp": "unknown"
  },
  {
    "title": "BelgiumDutchFrench",
    "link": "https://www.viatris.com/",
    "timestamp": "unknown"
  },
  {
    "title": "Dutch",
    "link": "https://www.viatris.com/nl-be/lm/Belgium",
    "timestamp": "unknown"
  },
  {
    "title": "French",
    "link": "https://www.viatris.com/fr-be/lm/Belgium",
    "timestamp": "unknown"
  },
  {
    "title": "Brazil",
    "link": "https://www.viatris.com/pt-br/lm/brazil",
    "timestamp": "unknown"
  },
  {
    "title": "Bulgaria",
    "link": "https://www.viatris.com/bg-bg/lm/Bulgaria",
    "timestamp": "unknown"
  },
  {
    "title": "CanadaEnglishFrench",
    "link": "https://www.viatris.com/",
    "timestamp": "unknown"
  },
  {
    "title": "English",
    "link": "https://www.viatris.com/en-ca/lm/Canada",
    "timestamp": "unknown"
  },
  {
    "title": "French",
    "link": "https://www.viatris.com/fr-ca/lm/Canada",
    "timestamp": "unknown"
  },
  {
    "title": "China",
    "link": "https://www.viatris.com/zh-cn/lm/China",
    "timestamp": "unknown"
  },
  {
    "title": "Croatia",
    "link": "https://www.viatris.com/hr-hr/lm/Croatia",
    "timestamp": "unknown"
  },
  {
    "title": "Czech Republic",
    "link": "https://www.viatris.com/cs-cz/lm/Czech-Republic",
    "timestamp": "unknown"
  },
  {
    "title": "Denmark",
    "link": "https://www.viatris.com/da/lm/Denmark",
    "timestamp": "unknown"
  },
  {
    "title": "FranceGermanyGreeceHong KongEnglishChineseHungaryIndiaIrelandItalyJapanKorea",
    "link": "https://www.viatris.com/fr-fr/lm/France",
    "timestamp": "unknown"
  },
  {
    "title": "France",
    "link": "https://www.viatris.com/fr-fr/lm/France",
    "timestamp": "unknown"
  },
  {
    "title": "Germany",
    "link": "https://www.viatris.com/de-DE/lm/Germany",
    "timestamp": "unknown"
  },
  {
    "title": "Greece",
    "link": "https://www.viatris.com/el-gr/lm/Greece",
    "timestamp": "unknown"
  },
  {
    "title": "Hong KongEnglishChinese",
    "link": "https://www.viatris.com/",
    "timestamp": "unknown"
  },
  {
    "title": "English",
    "link": "https://www.viatris.com/en-hk/lm/Hong-Kong",
    "timestamp": "unknown"
  },
  {
    "title": "Chinese",
    "link": "https://www.viatris.com/zh-hk/lm/Hong-Kong",
    "timestamp": "unknown"
  },
  {
    "title": "Hungary",
    "link": "https://www.viatris.com/hu-hu/lm/Hungary",
    "timestamp": "unknown"
  },
  {
    "title": "India",
    "link": "https://www.viatris.com/en-in/lm/India",
    "timestamp": "unknown"
  },
  {
    "title": "Ireland",
    "link": "https://www.viatris.com/en-ie/lm/Ireland",
    "timestamp": "unknown"
  },
  {
    "title": "Italy",
    "link": "https://www.viatris.com/it-it/lm/Italy",
    "timestamp": "unknown"
  },
  {
    "title": "Japan",
    "link": "https://www.viatris.com/ja-jp/lm/Japan",
    "timestamp": "unknown"
  },
  {
    "title": "Korea",
    "link": "https://www.viatris.com/ko-kr/lm/korea",
    "timestamp": "unknown"
  },
  {
    "title": "MalaysiaNetherlandsNew ZealandPolandPortugalRomaniaRussiaSerbiaSlovakiaSlovenia",
    "link": "https://www.viatris.com/en-my/lm/Malaysia",
    "timestamp": "unknown"
  },
  {
    "title": "Malaysia",
    "link": "https://www.viatris.com/en-my/lm/Malaysia",
    "timestamp": "unknown"
  },
  {
    "title": "Netherlands",
    "link": "https://www.viatris.com/nl-nl/lm/Netherlands",
    "timestamp": "unknown"
  },
  {
    "title": "New Zealand",
    "link": "https://www.viatris.com/en-nz/lm/New-Zealand",
    "timestamp": "unknown"
  },
  {
    "title": "Poland",
    "link": "https://www.viatris.com/pl-pl/lm/Poland",
    "timestamp": "unknown"
  },
  {
    "title": "Portugal",
    "link": "https://www.viatris.com/pt-pt/lm/Portugal",
    "timestamp": "unknown"
  },
  {
    "title": "Romania",
    "link": "https://www.viatris.com/ro-ro/lm/Romania",
    "timestamp": "unknown"
  },
  {
    "title": "Russia",
    "link": "https://www.viatris.com/ru-ru/lm/Russia",
    "timestamp": "unknown"
  },
  {
    "title": "Serbia",
    "link": "https://www.viatris.com/sr-latn-rs/lm/Servia",
    "timestamp": "unknown"
  },
  {
    "title": "Slovakia",
    "link": "https://www.viatris.com/sk-sk/lm/Slovakia",
    "timestamp": "unknown"
  },
  {
    "title": "Slovenia",
    "link": "https://www.viatris.com/sl-SI/lm/Slovenia",
    "timestamp": "unknown"
  },
  {
    "title": "SpainSwedenSwitzerlandGermanFrenchTaiwanThailandTurkeyUnited KingdomUnited States",
    "link": "https://www.viatris.com/es-es/lm/spain",
    "timestamp": "unknown"
  },
  {
    "title": "Spain",
    "link": "https://www.viatris.com/es-es/lm/spain",
    "timestamp": "unknown"
  },
  {
    "title": "Sweden",
    "link": "https://www.viatris.com/sv-se/lm/Sweden",
    "timestamp": "unknown"
  },
  {
    "title": "SwitzerlandGermanFrench",
    "link": "https://www.viatris.com/",
    "timestamp": "unknown"
  },
  {
    "title": "German",
    "link": "https://www.viatris.com/de-ch/lm/Switzerland",
    "timestamp": "unknown"
  },
  {
    "title": "French",
    "link": "https://www.viatris.com/fr-ch/lm/Switzerland",
    "timestamp": "unknown"
  },
  {
    "title": "Taiwan",
    "link": "https://www.viatris.com/zh-tw/lm/Taiwan",
    "timestamp": "unknown"
  },
  {
    "title": "Thailand",
    "link": "https://www.viatris.com/th-th/lm/Thailand",
    "timestamp": "unknown"
  },
  {
    "title": "Turkey",
    "link": "https://www.viatris.com/tr-tr/lm/Turkey",
    "timestamp": "unknown"
  },
  {
    "title": "United Kingdom",
    "link": "https://www.viatris.com/en-gb/lm/United-Kingdom",
    "timestamp": "unknown"
  },
  {
    "title": "United States",
    "link": "https://www.viatris.com/en-us/lm/United-States",
    "timestamp": "unknown"
  },
  {
    "title": "Localized information forThe page you are about to visit contains information about Viatris that is specific toSpain. Regulatory requirements, data pr",
    "link": "https://investor.viatris.com/financial-and-filings/sec-filings",
    "timestamp": "unknown"
  },
  {
    "title": "Localized information forThe page you are about to visit contains information about Viatris that is specific toSpain. Regulatory requirements, data pr",
    "link": "https://investor.viatris.com/financial-and-filings/sec-filings",
    "timestamp": "unknown"
  },
  {
    "title": "Localized information forThe page you are about to visit contains information about Viatris that is specific toSpain. Regulatory requirements, data pr",
    "link": "https://investor.viatris.com/financial-and-filings/sec-filings",
    "timestamp": "unknown"
  },
  {
    "title": "Localized information forThe page you are about to visit contains information about Viatris that is specific toSpain. Regulatory requirements, data pr",
    "link": "https://investor.viatris.com/financial-and-filings/sec-filings",
    "timestamp": "unknown"
  },
  {
    "title": "Localized information forThe page you are about to visit contains information about Viatris that is specific toSpain. Regulatory requirements, data pr",
    "link": "https://investor.viatris.com/financial-and-filings/sec-filings",
    "timestamp": "unknown"
  },
  {
    "title": "Localized information forThe page you are about to visit contains information about Viatris that is specific toSpain. Regulatory requirements, data pr",
    "link": "https://investor.viatris.com/financial-and-filings/sec-filings",
    "timestamp": "unknown"
  },
  {
    "title": "Localized information forThe page you are about to visit contains information about Viatris that is specific toSpain. Regulatory requirements, data pr",
    "link": "https://investor.viatris.com/financial-and-filings/sec-filings",
    "timestamp": "unknown"
  },
  {
    "title": "Localized information forThe page you are about to visit contains information about Viatris that is specific toSpain. Regulatory requirements, data pr",
    "link": "https://investor.viatris.com/financial-and-filings/sec-filings",
    "timestamp": "unknown"
  },
  {
    "title": "Localized information forThe page you are about to visit contains information about Viatris that is specific toSpain. Regulatory requirements, data pr",
    "link": "https://investor.viatris.com/financial-and-filings/sec-filings",
    "timestamp": "unknown"
  },
  {
    "title": "Cancel",
    "link": "https://investor.viatris.com/financial-and-filings/sec-filings",
    "timestamp": "unknown"
  },
  {
    "title": "Continue to country page",
    "link": "https://investor.viatris.com/financial-and-filings/sec-filings",
    "timestamp": "unknown"
  },
  {
    "title": "Localized information forThe page you are about to visit contains information about Viatris that is specific to. Regulatory requirements, data protect",
    "link": "https://investor.viatris.com/financial-and-filings/sec-filings",
    "timestamp": "unknown"
  },
  {
    "title": "Localized information forThe page you are about to visit contains information about Viatris that is specific to. Regulatory requirements, data protect",
    "link": "https://investor.viatris.com/financial-and-filings/sec-filings",
    "timestamp": "unknown"
  },
  {
    "title": "Localized information forThe page you are about to visit contains information about Viatris that is specific to. Regulatory requirements, data protect",
    "link": "https://investor.viatris.com/financial-and-filings/sec-filings",
    "timestamp": "unknown"
  },
  {
    "title": "Localized information forThe page you are about to visit contains information about Viatris that is specific to. Regulatory requirements, data protect",
    "link": "https://investor.viatris.com/financial-and-filings/sec-filings",
    "timestamp": "unknown"
  },
  {
    "title": "Localized information forThe page you are about to visit contains information about Viatris that is specific to. Regulatory requirements, data protect",
    "link": "https://investor.viatris.com/financial-and-filings/sec-filings",
    "timestamp": "unknown"
  },
  {
    "title": "Localized information forThe page you are about to visit contains information about Viatris that is specific to. Regulatory requirements, data protect",
    "link": "https://investor.viatris.com/financial-and-filings/sec-filings",
    "timestamp": "unknown"
  },
  {
    "title": "Localized information forThe page you are about to visit contains information about Viatris that is specific to. Regulatory requirements, data protect",
    "link": "https://investor.viatris.com/financial-and-filings/sec-filings",
    "timestamp": "unknown"
  },
  {
    "title": "Cancel",
    "link": "https://investor.viatris.com/financial-and-filings/sec-filings",
    "timestamp": "unknown"
  },
  {
    "title": "Continue to country page",
    "link": "https://investor.viatris.com/financial-and-filings/sec-filings",
    "timestamp": "unknown"
  },
  {
    "title": "Welcome toMylan is now part of Viatris, a new global pharmaceutical company committed to empowering people to live healthier at every stage of life. W",
    "link": "https://investor.viatris.com/financial-and-filings/sec-filings",
    "timestamp": "unknown"
  },
  {
    "title": "Welcome toMylan is now part of Viatris, a new global pharmaceutical company committed to empowering people to live healthier at every stage of life. W",
    "link": "https://investor.viatris.com/financial-and-filings/sec-filings",
    "timestamp": "unknown"
  },
  {
    "title": "Welcome toMylan is now part of Viatris, a new global pharmaceutical company committed to empowering people to live healthier at every stage of life. W",
    "link": "https://investor.viatris.com/financial-and-filings/sec-filings",
    "timestamp": "unknown"
  },
  {
    "title": "Welcome toMylan is now part of Viatris, a new global pharmaceutical company committed to empowering people to live healthier at every stage of life. W",
    "link": "https://investor.viatris.com/financial-and-filings/sec-filings",
    "timestamp": "unknown"
  },
  {
    "title": "Welcome toMylan is now part of Viatris, a new global pharmaceutical company committed to empowering people to live healthier at every stage of life. W",
    "link": "https://investor.viatris.com/financial-and-filings/sec-filings",
    "timestamp": "unknown"
  },
  {
    "title": "Welcome toMylan is now part of Viatris, a new global pharmaceutical company committed to empowering people to live healthier at every stage of life. W",
    "link": "https://investor.viatris.com/financial-and-filings/sec-filings",
    "timestamp": "unknown"
  },
  {
    "title": "Welcome toMylan is now part of Viatris, a new global pharmaceutical company committed to empowering people to live healthier at every stage of life. W",
    "link": "https://investor.viatris.com/financial-and-filings/sec-filings",
    "timestamp": "unknown"
  },
  {
    "title": "Explore Viatris",
    "link": "https://investor.viatris.com/financial-and-filings/sec-filings",
    "timestamp": "unknown"
  },
  {
    "title": "Leaving the Viatris siteYou are now leaving the Viatris page for a Viatris affiliate site or third party site that is solely responsible for its conte",
    "link": "https://investor.viatris.com/financial-and-filings/sec-filings",
    "timestamp": "unknown"
  },
  {
    "title": "Leaving the Viatris siteYou are now leaving the Viatris page for a Viatris affiliate site or third party site that is solely responsible for its conte",
    "link": "https://investor.viatris.com/financial-and-filings/sec-filings",
    "timestamp": "unknown"
  },
  {
    "title": "Leaving the Viatris siteYou are now leaving the Viatris page for a Viatris affiliate site or third party site that is solely responsible for its conte",
    "link": "https://investor.viatris.com/financial-and-filings/sec-filings",
    "timestamp": "unknown"
  },
  {
    "title": "Leaving the Viatris siteYou are now leaving the Viatris page for a Viatris affiliate site or third party site that is solely responsible for its conte",
    "link": "https://investor.viatris.com/financial-and-filings/sec-filings",
    "timestamp": "unknown"
  },
  {
    "title": "Leaving the Viatris siteYou are now leaving the Viatris page for a Viatris affiliate site or third party site that is solely responsible for its conte",
    "link": "https://investor.viatris.com/financial-and-filings/sec-filings",
    "timestamp": "unknown"
  },
  {
    "title": "Leaving the Viatris siteYou are now leaving the Viatris page for a Viatris affiliate site or third party site that is solely responsible for its conte",
    "link": "https://investor.viatris.com/financial-and-filings/sec-filings",
    "timestamp": "unknown"
  },
  {
    "title": "Continue",
    "link": "https://investor.viatris.com/financial-and-filings/sec-filings",
    "timestamp": "unknown"
  },
  {
    "title": "Cancel",
    "link": "https://investor.viatris.com/financial-and-filings/sec-filings",
    "timestamp": "unknown"
  },
  {
    "title": "BreadcrumbInvestorsfinancial and filings",
    "link": "https://investor.viatris.com/",
    "timestamp": "unknown"
  },
  {
    "title": "BreadcrumbInvestorsfinancial and filings",
    "link": "https://investor.viatris.com/",
    "timestamp": "unknown"
  },
  {
    "title": "BreadcrumbInvestorsfinancial and filings",
    "link": "https://investor.viatris.com/",
    "timestamp": "unknown"
  },
  {
    "title": "BreadcrumbInvestorsfinancial and filings",
    "link": "https://investor.viatris.com/",
    "timestamp": "unknown"
  },
  {
    "title": "BreadcrumbInvestorsfinancial and filings",
    "link": "https://investor.viatris.com/",
    "timestamp": "unknown"
  },
  {
    "title": "Investors",
    "link": "https://investor.viatris.com/",
    "timestamp": "unknown"
  },
  {
    "title": "financial and filings",
    "link": "https://investor.viatris.com/financial-and-filings",
    "timestamp": "unknown"
  },
  {
    "title": "Financials and FilingsFinancials and FilingsFinancials and Filings MenuSEC FilingsQuarterly ResultsNon-GAAP reconciliationsViatris releases financial ",
    "link": "https://investor.viatris.com/financial-and-filings/sec-filings",
    "timestamp": "unknown"
  },
  {
    "title": "Financials and FilingsFinancials and FilingsFinancials and Filings MenuSEC FilingsQuarterly ResultsNon-GAAP reconciliationsViatris releases financial ",
    "link": "https://investor.viatris.com/financial-and-filings/sec-filings",
    "timestamp": "unknown"
  },
  {
    "title": "Financials and FilingsFinancials and FilingsFinancials and Filings MenuSEC FilingsQuarterly ResultsNon-GAAP reconciliationsViatris releases financial ",
    "link": "https://investor.viatris.com/financial-and-filings/sec-filings",
    "timestamp": "unknown"
  },
  {
    "title": "Financials and FilingsFinancials and FilingsFinancials and Filings MenuSEC FilingsQuarterly ResultsNon-GAAP reconciliationsViatris releases financial ",
    "link": "https://investor.viatris.com/financial-and-filings/sec-filings",
    "timestamp": "unknown"
  },
  {
    "title": "Financials and FilingsFinancials and Filings MenuSEC FilingsQuarterly ResultsNon-GAAP reconciliationsViatris releases financial and regulatory documen",
    "link": "https://investor.viatris.com/financial-and-filings/sec-filings",
    "timestamp": "unknown"
  },
  {
    "title": "Financials and FilingsFinancials and Filings MenuSEC FilingsQuarterly ResultsNon-GAAP reconciliationsViatris releases financial and regulatory documen",
    "link": "https://investor.viatris.com/financial-and-filings/sec-filings",
    "timestamp": "unknown"
  },
  {
    "title": "Financials and FilingsFinancials and Filings MenuSEC FilingsQuarterly ResultsNon-GAAP reconciliationsViatris releases financial and regulatory documen",
    "link": "https://investor.viatris.com/financial-and-filings/sec-filings",
    "timestamp": "unknown"
  },
  {
    "title": "Financials and FilingsFinancials and Filings MenuSEC FilingsQuarterly ResultsNon-GAAP reconciliationsViatris releases financial and regulatory documen",
    "link": "https://investor.viatris.com/financial-and-filings/sec-filings",
    "timestamp": "unknown"
  },
  {
    "title": "Financials and FilingsFinancials and Filings MenuSEC FilingsQuarterly ResultsNon-GAAP reconciliationsViatris releases financial and regulatory documen",
    "link": "https://investor.viatris.com/financial-and-filings/sec-filings",
    "timestamp": "unknown"
  },
  {
    "title": "Financials and Filings MenuSEC FilingsQuarterly ResultsNon-GAAP reconciliationsViatris releases financial and regulatory documents to the public, incl",
    "link": "https://investor.viatris.com/financial-and-filings/sec-filings",
    "timestamp": "unknown"
  },
  {
    "title": "Financials and Filings MenuSEC FilingsQuarterly ResultsNon-GAAP reconciliationsViatris releases financial and regulatory documents to the public, incl",
    "link": "https://investor.viatris.com/financial-and-filings/sec-filings",
    "timestamp": "unknown"
  },
  {
    "title": "Financials and Filings MenuSEC FilingsQuarterly ResultsNon-GAAP reconciliationsViatris releases financial and regulatory documents to the public, incl",
    "link": "https://investor.viatris.com/financial-and-filings/sec-filings",
    "timestamp": "unknown"
  },
  {
    "title": "Financials and Filings MenuSEC FilingsQuarterly ResultsNon-GAAP reconciliationsViatris releases financial and regulatory documents to the public, incl",
    "link": "https://investor.viatris.com/financial-and-filings/sec-filings",
    "timestamp": "unknown"
  },
  {
    "title": "Financials and Filings MenuSEC FilingsQuarterly ResultsNon-GAAP reconciliationsViatris releases financial and regulatory documents to the public, incl",
    "link": "https://investor.viatris.com/financial-and-filings/sec-filings",
    "timestamp": "unknown"
  },
  {
    "title": "SEC Filings",
    "link": "https://investor.viatris.com/financial-and-filings/sec-filings",
    "timestamp": "unknown"
  },
  {
    "title": "Quarterly Results",
    "link": "https://investor.viatris.com/financial-and-filings/quarterly-results",
    "timestamp": "unknown"
  },
  {
    "title": "Non-GAAP reconciliations",
    "link": "https://investor.viatris.com/financial-information/non-gaap-reconciliations",
    "timestamp": "unknown"
  },
  {
    "title": "Group,,Annual FilingsCurrent ReportsMergers & AcquisitionsOtherProxy FilingsQuarterly FilingsRegistration StatementsFiling year- Any -Items per pageFi",
    "link": "https://investor.viatris.com/financial-and-filings/sec-filings?items_per_page=&order=field_nir_sec_date_filed&sort=asc",
    "timestamp": "unknown"
  },
  {
    "title": "Group,,Annual FilingsCurrent ReportsMergers & AcquisitionsOtherProxy FilingsQuarterly FilingsRegistration StatementsFiling year- Any -Items per pageFi",
    "link": "https://investor.viatris.com/financial-and-filings/sec-filings?items_per_page=&order=field_nir_sec_date_filed&sort=asc",
    "timestamp": "unknown"
  },
  {
    "title": "Group,,Annual FilingsCurrent ReportsMergers & AcquisitionsOtherProxy FilingsQuarterly FilingsRegistration StatementsFiling year- Any -Items per pageFi",
    "link": "https://investor.viatris.com/financial-and-filings/sec-filings?items_per_page=&order=field_nir_sec_date_filed&sort=asc",
    "timestamp": "unknown"
  },
  {
    "title": "Filing dateDescriptionFormViewSep ,Filed by \"insiders\" prior intended sale of restricted stock. Non-EDGAR filing--.pdf--.rtfView HTMLAug ,Initial fili",
    "link": "https://investor.viatris.com/financial-and-filings/sec-filings?items_per_page=&order=field_nir_sec_date_filed&sort=asc",
    "timestamp": "unknown"
  },
  {
    "title": "Filing dateDescriptionFormView",
    "link": "https://investor.viatris.com/financial-and-filings/sec-filings?items_per_page=&order=field_nir_sec_date_filed&sort=asc",
    "timestamp": "unknown"
  },
  {
    "title": "Sep ,Filed by \"insiders\" prior intended sale of restricted stock. Non-EDGAR filing--.pdf--.rtfView HTML",
    "link": "https://investor.viatris.com/sec-filings/sec-filing//--",
    "timestamp": "unknown"
  },
  {
    "title": "--.pdf",
    "link": "https://investor.viatris.com/static-files/fdcd3ce7-effd-435f-bf76-da6ab5c3c6fa",
    "timestamp": "unknown"
  },
  {
    "title": "--.rtf",
    "link": "https://investor.viatris.com/static-files/cd8da72f-6dbc--8ee5-97bd4942c6d5",
    "timestamp": "unknown"
  },
  {
    "title": "Aug ,Initial filing by director officer or owner of more than ten percent--.pdf--.rtf--.xlsView HTML",
    "link": "https://investor.viatris.com/sec-filings/sec-filing//--",
    "timestamp": "unknown"
  },
  {
    "title": "--.pdf",
    "link": "https://investor.viatris.com/static-files/ebd4d5c8-d973-43c2-a9c6-85d9bca88880",
    "timestamp": "unknown"
  },
  {
    "title": "--.rtf",
    "link": "https://investor.viatris.com/static-files/4d925aab-76c6-4dd0--e3b5d1daeb83",
    "timestamp": "unknown"
  },
  {
    "title": "--.xls",
    "link": "https://investor.viatris.com/static-files/71b98b28-1b3e-49ae-b683-0318dff2c83d",
    "timestamp": "unknown"
  },
  {
    "title": "Aug ,Statement of changes in beneficial ownership of securities--.pdf--.rtf--.xlsView HTML",
    "link": "https://investor.viatris.com/sec-filings/sec-filing//--",
    "timestamp": "unknown"
  },
  {
    "title": "--.pdf",
    "link": "https://investor.viatris.com/static-files/e129620b-89f6-41c4-8aeb-0b4ed7fa598c",
    "timestamp": "unknown"
  },
  {
    "title": "--.rtf",
    "link": "https://investor.viatris.com/static-files/-725f-45ee-aa00-464c1f56f1f2",
    "timestamp": "unknown"
  },
  {
    "title": "--.xls",
    "link": "https://investor.viatris.com/static-files/27d0be35-87e1-4bfd-b87b-9e51cccce25c",
    "timestamp": "unknown"
  },
  {
    "title": "Aug ,Initial filing by director officer or owner of more than ten percent--.pdf--.rtf--.xlsView HTML",
    "link": "https://investor.viatris.com/sec-filings/sec-filing//--",
    "timestamp": "unknown"
  },
  {
    "title": "--.pdf",
    "link": "https://investor.viatris.com/static-files/9fd6ef77-8b50-4d84-9ee9-ce7609ba51b0",
    "timestamp": "unknown"
  },
  {
    "title": "--.rtf",
    "link": "https://investor.viatris.com/static-files/7fbbefe1--4c38-9d32-f54a0d682029",
    "timestamp": "unknown"
  },
  {
    "title": "--.xls",
    "link": "https://investor.viatris.com/static-files/a1e4e034--44f4-b1f3-f09e35301832",
    "timestamp": "unknown"
  },
  {
    "title": "Aug ,Statement of changes in beneficial ownership of securities--.pdf--.rtf--.xlsView HTML",
    "link": "https://investor.viatris.com/sec-filings/sec-filing//--",
    "timestamp": "unknown"
  },
  {
    "title": "--.pdf",
    "link": "https://investor.viatris.com/static-files/fa93f377-d133-4c39-b1e9-42739b496f08",
    "timestamp": "unknown"
  },
  {
    "title": "--.rtf",
    "link": "https://investor.viatris.com/static-files/710ccff8-6d66-4b5f-b88b-96b16ff396ed",
    "timestamp": "unknown"
  },
  {
    "title": "--.xls",
    "link": "https://investor.viatris.com/static-files/6ffde11d-b250--a542-52a27a9eac2e",
    "timestamp": "unknown"
  },
  {
    "title": "Aug ,Statement of changes in beneficial ownership of securities--.pdf--.rtf--.xlsView HTML",
    "link": "https://investor.viatris.com/sec-filings/sec-filing//--",
    "timestamp": "unknown"
  },
  {
    "title": "--.pdf",
    "link": "https://investor.viatris.com/static-files/2e6920cf-bff8--8d73-e65f2b2779e4",
    "timestamp": "unknown"
  },
  {
    "title": "--.rtf",
    "link": "https://investor.viatris.com/static-files/99a59bb5-bb5a-466a-93a1-cda9ae286fae",
    "timestamp": "unknown"
  },
  {
    "title": "--.xls",
    "link": "https://investor.viatris.com/static-files/8c8a212f--4b0b-bfda-20966a9339e4",
    "timestamp": "unknown"
  },
  {
    "title": "Aug ,SCHEDULE 13G - DescriptionSCHEDULE 13G--.pdf--.rtf--.xlsView HTML",
    "link": "https://investor.viatris.com/sec-filings/sec-filing/schedule-13g/--",
    "timestamp": "unknown"
  },
  {
    "title": "--.pdf",
    "link": "https://investor.viatris.com/static-files/624845c7-b9a7-496e-80ca-f83a1c648995",
    "timestamp": "unknown"
  },
  {
    "title": "--.rtf",
    "link": "https://investor.viatris.com/static-files/8a64a20a-6bce-4c74-a137-ad14039e99e7",
    "timestamp": "unknown"
  },
  {
    "title": "--.xls",
    "link": "https://investor.viatris.com/static-files/3ca7447f-2ae3--9b0d-4be26195e2a1",
    "timestamp": "unknown"
  },
  {
    "title": "Aug ,Report of unscheduled material events or corporate event-K--.pdf--.rtf--.xlsEX-.SCH - XBRL TAXONOMY EXTENSION SCHEMAView HTML",
    "link": "https://investor.viatris.com/sec-filings/sec-filing/-k/--",
    "timestamp": "unknown"
  },
  {
    "title": "--.pdf",
    "link": "https://investor.viatris.com/static-files/09e53b13-a1d8-4e4f--326eafa4ac17",
    "timestamp": "unknown"
  },
  {
    "title": "--.rtf",
    "link": "https://investor.viatris.com/static-files/5d99bb9c-9c57--886b-808cf10e7509",
    "timestamp": "unknown"
  },
  {
    "title": "--.xls",
    "link": "https://investor.viatris.com/static-files/feb647c8-6cb3-41ea-a55e-079214e11d9d",
    "timestamp": "unknown"
  },
  {
    "title": "Aug ,SCHEDULE 13G/A - DescriptionSCHEDULE 13G/A--.pdf--.rtf--.xlsView HTML",
    "link": "https://investor.viatris.com/sec-filings/sec-filing/schedule-13ga/--",
    "timestamp": "unknown"
  },
  {
    "title": "--.pdf",
    "link": "https://investor.viatris.com/static-files/b46559d1-1a9d-4a4c--26ac499bab16",
    "timestamp": "unknown"
  },
  {
    "title": "--.rtf",
    "link": "https://investor.viatris.com/static-files/1d824ff6-c402-474b--313c811830fb",
    "timestamp": "unknown"
  },
  {
    "title": "--.xls",
    "link": "https://investor.viatris.com/static-files/23d77d26-b616-4cda-b376-ca4fb0986b1c",
    "timestamp": "unknown"
  },
  {
    "title": "Aug ,Quarterly report which provides a continuing view of a company's financial position-Q--.pdf--.rtf--.xlsEX-.SCH - XBRL TAXONOMY EXTENSION SCHEMAVi",
    "link": "https://investor.viatris.com/sec-filings/sec-filing/-q/--",
    "timestamp": "unknown"
  },
  {
    "title": "--.pdf",
    "link": "https://investor.viatris.com/static-files/10231c32-73e2-4b7a-b37d-1102b4567234",
    "timestamp": "unknown"
  },
  {
    "title": "--.rtf",
    "link": "https://investor.viatris.com/static-files/fc2d373d-94a3-467f-ba3a-463284fdad7f",
    "timestamp": "unknown"
  },
  {
    "title": "--.xls",
    "link": "https://investor.viatris.com/static-files/e045c74c-401e-4cec-8ac8-1209610eb6ff",
    "timestamp": "unknown"
  },
  {
    "title": "Current page",
    "link": "https://investor.viatris.com/financial-and-filings/sec-filings?&field_nir_sec_cik_target_id=&field_nir_sec_date_filed_value=&&&items_per_page_toggle=&page=",
    "timestamp": "unknown"
  },
  {
    "title": "Page",
    "link": "https://investor.viatris.com/financial-and-filings/sec-filings?&field_nir_sec_cik_target_id=&field_nir_sec_date_filed_value=&&&items_per_page_toggle=&page=",
    "timestamp": "unknown"
  },
  {
    "title": "Page",
    "link": "https://investor.viatris.com/financial-and-filings/sec-filings?&field_nir_sec_cik_target_id=&field_nir_sec_date_filed_value=&&&items_per_page_toggle=&page=",
    "timestamp": "unknown"
  },
  {
    "title": "Page",
    "link": "https://investor.viatris.com/financial-and-filings/sec-filings?&field_nir_sec_cik_target_id=&field_nir_sec_date_filed_value=&&&items_per_page_toggle=&page=",
    "timestamp": "unknown"
  },
  {
    "title": "Page",
    "link": "https://investor.viatris.com/financial-and-filings/sec-filings?&field_nir_sec_cik_target_id=&field_nir_sec_date_filed_value=&&&items_per_page_toggle=&page=",
    "timestamp": "unknown"
  },
  {
    "title": "Page",
    "link": "https://investor.viatris.com/financial-and-filings/sec-filings?&field_nir_sec_cik_target_id=&field_nir_sec_date_filed_value=&&&items_per_page_toggle=&page=",
    "timestamp": "unknown"
  },
  {
    "title": "Page",
    "link": "https://investor.viatris.com/financial-and-filings/sec-filings?&field_nir_sec_cik_target_id=&field_nir_sec_date_filed_value=&&&items_per_page_toggle=&page=",
    "timestamp": "unknown"
  },
  {
    "title": "Page",
    "link": "https://investor.viatris.com/financial-and-filings/sec-filings?&field_nir_sec_cik_target_id=&field_nir_sec_date_filed_value=&&&items_per_page_toggle=&page=",
    "timestamp": "unknown"
  },
  {
    "title": "Page",
    "link": "https://investor.viatris.com/financial-and-filings/sec-filings?&field_nir_sec_cik_target_id=&field_nir_sec_date_filed_value=&&&items_per_page_toggle=&page=",
    "timestamp": "unknown"
  },
  {
    "title": "Next pageNext \u203a",
    "link": "https://investor.viatris.com/financial-and-filings/sec-filings?&field_nir_sec_cik_target_id=&field_nir_sec_date_filed_value=&&&items_per_page_toggle=&page=",
    "timestamp": "unknown"
  },
  {
    "title": "Last pageLast \u00bb",
    "link": "https://investor.viatris.com/financial-and-filings/sec-filings?&field_nir_sec_cik_target_id=&field_nir_sec_date_filed_value=&&&items_per_page_toggle=&page=",
    "timestamp": "unknown"
  },
  {
    "title": "Data provided byKaleidoscope.",
    "link": "https://www.kscope.io",
    "timestamp": "unknown"
  },
  {
    "title": "Data provided byKaleidoscope.",
    "link": "https://www.kscope.io",
    "timestamp": "unknown"
  },
  {
    "title": "Viatris Privacy Notice",
    "link": "https://www.viatris.com/en/viatris-privacy-notice",
    "timestamp": "unknown"
  },
  {
    "title": "Viatris Privacy Notice",
    "link": "https://www.viatris.com/en/viatris-privacy-notice",
    "timestamp": "unknown"
  },
  {
    "title": "Viatris Compliance Line",
    "link": "https://viatris.integrityline.com/",
    "timestamp": "unknown"
  },
  {
    "title": "Viatris Compliance Line",
    "link": "https://viatris.integrityline.com/",
    "timestamp": "unknown"
  },
  {
    "title": "Contact Us",
    "link": "https://www.viatris.com/en/newsroom/contact-us",
    "timestamp": "unknown"
  },
  {
    "title": "Contact Us",
    "link": "https://www.viatris.com/en/newsroom/contact-us",
    "timestamp": "unknown"
  },
  {
    "title": "Terms of Use",
    "link": "https://www.viatris.com/en/terms-of-use",
    "timestamp": "unknown"
  },
  {
    "title": "Terms of Use",
    "link": "https://www.viatris.com/en/terms-of-use",
    "timestamp": "unknown"
  },
  {
    "title": "California Supplemental Disclosure",
    "link": "https://www.viatris.com/en/supplemental-disclosure-for-california-residents",
    "timestamp": "unknown"
  },
  {
    "title": "California Supplemental Disclosure",
    "link": "https://www.viatris.com/en/supplemental-disclosure-for-california-residents",
    "timestamp": "unknown"
  },
  {
    "title": "California Supply Chain Transparency, UK and Australia Modern Slavery Statement",
    "link": "https://www.viatris.com/-/media/project/common/viatris/pdf/viatris-human-trafficking-statementapproved--final--signed.pdf",
    "timestamp": "unknown"
  },
  {
    "title": "California Supply Chain Transparency, UK and Australia Modern Slavery Statement",
    "link": "https://www.viatris.com/-/media/project/common/viatris/pdf/viatris-human-trafficking-statementapproved--final--signed.pdf",
    "timestamp": "unknown"
  },
  {
    "title": "Sitemap",
    "link": "https://www.viatris.com/en/sitemap",
    "timestamp": "unknown"
  },
  {
    "title": "Sitemap",
    "link": "https://www.viatris.com/en/sitemap",
    "timestamp": "unknown"
  }
]