[
  {
    "title": "OverviewNewsEvents & PresentationsStock InformationStock QuoteAnalyst CoverageFinancials & FilingsGovernanceDocuments & ChartersExecutive LeadershipBo",
    "link": "https://zenasbio.com/",
    "timestamp": "unknown"
  },
  {
    "title": "OverviewNewsEvents & PresentationsStock InformationStock QuoteAnalyst CoverageFinancials & FilingsGovernanceDocuments & ChartersExecutive LeadershipBo",
    "link": "https://zenasbio.com/",
    "timestamp": "unknown"
  },
  {
    "title": "OverviewNewsEvents & PresentationsStock InformationStock QuoteAnalyst CoverageFinancials & FilingsGovernanceDocuments & ChartersExecutive LeadershipBo",
    "link": "https://investors.zenasbio.com/investor-relations",
    "timestamp": "unknown"
  },
  {
    "title": "Overview",
    "link": "https://investors.zenasbio.com/investor-relations",
    "timestamp": "unknown"
  },
  {
    "title": "News",
    "link": "https://investors.zenasbio.com/news-releases",
    "timestamp": "unknown"
  },
  {
    "title": "Events & Presentations",
    "link": "https://investors.zenasbio.com/events-and-presentations",
    "timestamp": "unknown"
  },
  {
    "title": "Stock InformationStock QuoteAnalyst Coverage",
    "link": "https://investors.zenasbio.com/stock-information/stock-quote",
    "timestamp": "unknown"
  },
  {
    "title": "Stock Quote",
    "link": "https://investors.zenasbio.com/stock-information/stock-quote",
    "timestamp": "unknown"
  },
  {
    "title": "Analyst Coverage",
    "link": "https://investors.zenasbio.com/stock-information/analyst-coverage",
    "timestamp": "unknown"
  },
  {
    "title": "Financials & Filings",
    "link": "https://investors.zenasbio.com/financial-information/sec-filings",
    "timestamp": "unknown"
  },
  {
    "title": "GovernanceDocuments & ChartersExecutive LeadershipBoard of DirectorsCommittee Composition",
    "link": "https://investors.zenasbio.com/corporate-governance/documents-charters",
    "timestamp": "unknown"
  },
  {
    "title": "Documents & Charters",
    "link": "https://investors.zenasbio.com/corporate-governance/documents-charters",
    "timestamp": "unknown"
  },
  {
    "title": "Executive Leadership",
    "link": "https://zenasbio.com/who-we-are/#leadership",
    "timestamp": "unknown"
  },
  {
    "title": "Board of Directors",
    "link": "https://zenasbio.com/who-we-are/#board",
    "timestamp": "unknown"
  },
  {
    "title": "Committee Composition",
    "link": "https://investors.zenasbio.com/corporate-governance/committee-composition",
    "timestamp": "unknown"
  },
  {
    "title": "ResourcesInvestor FAQsInvestor Email AlertsContact IR",
    "link": "https://investors.zenasbio.com/ir-resources/investor-faqs",
    "timestamp": "unknown"
  },
  {
    "title": "Investor FAQs",
    "link": "https://investors.zenasbio.com/ir-resources/investor-faqs",
    "timestamp": "unknown"
  },
  {
    "title": "Investor Email Alerts",
    "link": "https://investors.zenasbio.com/ir-resources/email-alerts",
    "timestamp": "unknown"
  },
  {
    "title": "Contact IR",
    "link": "https://investors.zenasbio.com/ir-resources/contact-ir",
    "timestamp": "unknown"
  },
  {
    "title": "NewsNews Releases",
    "link": "https://investors.zenasbio.com/news-releases",
    "timestamp": "unknown"
  },
  {
    "title": "NewsNews Releases",
    "link": "https://investors.zenasbio.com/news-releases",
    "timestamp": "unknown"
  },
  {
    "title": "News Releases",
    "link": "https://investors.zenasbio.com/news-releases",
    "timestamp": "unknown"
  },
  {
    "title": "News Releases",
    "link": "https://investors.zenasbio.com/news-releases",
    "timestamp": "unknown"
  },
  {
    "title": "YearAllZenas BioPharma and InnoCare Pharma Announce License Agreement Granting Zenas Rights for Three Autoimmune Product Candidates, Including Orelabr",
    "link": "https://investors.zenasbio.com/news-releases/news-release-details/zenas-biopharma-and-innocare-pharma-announce-license-agreement",
    "timestamp": "unknown"
  },
  {
    "title": "YearAllZenas BioPharma and InnoCare Pharma Announce License Agreement Granting Zenas Rights for Three Autoimmune Product Candidates, Including Orelabr",
    "link": "https://investors.zenasbio.com/news-releases/news-release-details/zenas-biopharma-and-innocare-pharma-announce-license-agreement",
    "timestamp": "unknown"
  },
  {
    "title": "YearAllZenas BioPharma and InnoCare Pharma Announce License Agreement Granting Zenas Rights for Three Autoimmune Product Candidates, Including Orelabr",
    "link": "https://investors.zenasbio.com/news-releases/news-release-details/zenas-biopharma-and-innocare-pharma-announce-license-agreement",
    "timestamp": "unknown"
  },
  {
    "title": "YearAllZenas BioPharma and InnoCare Pharma Announce License Agreement Granting Zenas Rights for Three Autoimmune Product Candidates, Including Orelabr",
    "link": "https://investors.zenasbio.com/news-releases/news-release-details/zenas-biopharma-and-innocare-pharma-announce-license-agreement",
    "timestamp": "unknown"
  },
  {
    "title": "YearAllZenas BioPharma and InnoCare Pharma Announce License Agreement Granting Zenas Rights for Three Autoimmune Product Candidates, Including Orelabr",
    "link": "https://investors.zenasbio.com/news-releases/news-release-details/zenas-biopharma-and-innocare-pharma-announce-license-agreement",
    "timestamp": "unknown"
  },
  {
    "title": "YearAllZenas BioPharma and InnoCare Pharma Announce License Agreement Granting Zenas Rights for Three Autoimmune Product Candidates, Including Orelabr",
    "link": "https://investors.zenasbio.com/news-releases/news-release-details/zenas-biopharma-and-innocare-pharma-announce-license-agreement",
    "timestamp": "unknown"
  },
  {
    "title": "YearAllZenas BioPharma and InnoCare Pharma Announce License Agreement Granting Zenas Rights for Three Autoimmune Product Candidates, Including Orelabr",
    "link": "https://investors.zenasbio.com/news-releases/news-release-details/zenas-biopharma-and-innocare-pharma-announce-license-agreement",
    "timestamp": "unknown"
  },
  {
    "title": "YearAllZenas BioPharma and InnoCare Pharma Announce License Agreement Granting Zenas Rights for Three Autoimmune Product Candidates, Including Orelabr",
    "link": "https://investors.zenasbio.com/news-releases/news-release-details/zenas-biopharma-and-innocare-pharma-announce-license-agreement",
    "timestamp": "unknown"
  },
  {
    "title": "YearAllZenas BioPharma and InnoCare Pharma Announce License Agreement Granting Zenas Rights for Three Autoimmune Product Candidates, Including Orelabr",
    "link": "https://investors.zenasbio.com/news-releases/news-release-details/zenas-biopharma-and-innocare-pharma-announce-license-agreement",
    "timestamp": "unknown"
  },
  {
    "title": "YearAllZenas BioPharma and InnoCare Pharma Announce License Agreement Granting Zenas Rights for Three Autoimmune Product Candidates, Including Orelabr",
    "link": "https://investors.zenasbio.com/news-releases/news-release-details/zenas-biopharma-and-innocare-pharma-announce-license-agreement",
    "timestamp": "unknown"
  },
  {
    "title": "YearAllZenas BioPharma and InnoCare Pharma Announce License Agreement Granting Zenas Rights for Three Autoimmune Product Candidates, Including Orelabr",
    "link": "https://investors.zenasbio.com/news-releases/news-release-details/zenas-biopharma-and-innocare-pharma-announce-license-agreement",
    "timestamp": "unknown"
  },
  {
    "title": "YearAllZenas BioPharma and InnoCare Pharma Announce License Agreement Granting Zenas Rights for Three Autoimmune Product Candidates, Including Orelabr",
    "link": "https://investors.zenasbio.com/news-releases/news-release-details/zenas-biopharma-and-innocare-pharma-announce-license-agreement",
    "timestamp": "unknown"
  },
  {
    "title": "YearAllZenas BioPharma and InnoCare Pharma Announce License Agreement Granting Zenas Rights for Three Autoimmune Product Candidates, Including Orelabr",
    "link": "https://investors.zenasbio.com/news-releases/news-release-details/zenas-biopharma-and-innocare-pharma-announce-license-agreement",
    "timestamp": "unknown"
  },
  {
    "title": "YearAllZenas BioPharma and InnoCare Pharma Announce License Agreement Granting Zenas Rights for Three Autoimmune Product Candidates, Including Orelabr",
    "link": "https://investors.zenasbio.com/news-releases/news-release-details/zenas-biopharma-and-innocare-pharma-announce-license-agreement",
    "timestamp": "unknown"
  },
  {
    "title": "YearAllZenas BioPharma and InnoCare Pharma Announce License Agreement Granting Zenas Rights for Three Autoimmune Product Candidates, Including Orelabr",
    "link": "https://investors.zenasbio.com/news-releases/news-release-details/zenas-biopharma-and-innocare-pharma-announce-license-agreement",
    "timestamp": "unknown"
  },
  {
    "title": "YearAllZenas BioPharma and InnoCare Pharma Announce License Agreement Granting Zenas Rights for Three Autoimmune Product Candidates, Including Orelabr",
    "link": "https://investors.zenasbio.com/news-releases/news-release-details/zenas-biopharma-and-innocare-pharma-announce-license-agreement",
    "timestamp": "unknown"
  },
  {
    "title": "YearAllZenas BioPharma and InnoCare Pharma Announce License Agreement Granting Zenas Rights for Three Autoimmune Product Candidates, Including Orelabr",
    "link": "https://investors.zenasbio.com/news-releases/news-release-details/zenas-biopharma-and-innocare-pharma-announce-license-agreement",
    "timestamp": "unknown"
  },
  {
    "title": "YearAllZenas BioPharma and InnoCare Pharma Announce License Agreement Granting Zenas Rights for Three Autoimmune Product Candidates, Including Orelabr",
    "link": "https://investors.zenasbio.com/news-releases/news-release-details/zenas-biopharma-and-innocare-pharma-announce-license-agreement",
    "timestamp": "unknown"
  },
  {
    "title": "Zenas BioPharma and InnoCare Pharma Announce License Agreement Granting Zenas Rights for Three Autoimmune Product Candidates, Including Orelabrutinib,",
    "link": "https://investors.zenasbio.com/news-releases/news-release-details/zenas-biopharma-and-innocare-pharma-announce-license-agreement",
    "timestamp": "unknown"
  },
  {
    "title": "Zenas BioPharma and InnoCare Pharma Announce License Agreement Granting Zenas Rights for Three Autoimmune Product Candidates, Including Orelabrutinib,",
    "link": "https://investors.zenasbio.com/news-releases/news-release-details/zenas-biopharma-and-innocare-pharma-announce-license-agreement",
    "timestamp": "unknown"
  },
  {
    "title": "Zenas BioPharma and InnoCare Pharma Announce License Agreement Granting Zenas Rights for Three Autoimmune Product Candidates, Including Orelabrutinib,",
    "link": "https://investors.zenasbio.com/news-releases/news-release-details/zenas-biopharma-and-innocare-pharma-announce-license-agreement",
    "timestamp": "unknown"
  },
  {
    "title": "Zenas BioPharma and InnoCare Pharma Announce License Agreement Granting Zenas Rights for Three Autoimmune Product Candidates, Including Orelabrutinib,",
    "link": "https://investors.zenasbio.com/news-releases/news-release-details/zenas-biopharma-and-innocare-pharma-announce-license-agreement",
    "timestamp": "unknown"
  },
  {
    "title": "Zenas BioPharma and InnoCare Pharma Announce License Agreement Granting Zenas Rights for Three Autoimmune Product Candidates, Including Orelabrutinib,",
    "link": "https://investors.zenasbio.com/news-releases/news-release-details/zenas-biopharma-and-innocare-pharma-announce-license-agreement",
    "timestamp": "unknown"
  },
  {
    "title": "Zenas BioPharma and InnoCare Pharma Announce License Agreement Granting Zenas Rights for Three Autoimmune Product Candidates, Including Orelabrutinib,",
    "link": "https://investors.zenasbio.com/news-releases/news-release-details/zenas-biopharma-and-innocare-pharma-announce-license-agreement",
    "timestamp": "unknown"
  },
  {
    "title": "Zenas BioPharma and InnoCare Pharma Announce License Agreement Granting Zenas Rights for Three Autoimmune Product Candidates, Including Orelabrutinib,",
    "link": "https://investors.zenasbio.com/news-releases/news-release-details/zenas-biopharma-and-innocare-pharma-announce-license-agreement",
    "timestamp": "unknown"
  },
  {
    "title": "October ,PDF VersionRead More",
    "link": "https://investors.zenasbio.com/node//pdf",
    "timestamp": "unknown"
  },
  {
    "title": "October ,PDF Version",
    "link": "https://investors.zenasbio.com/node//pdf",
    "timestamp": "unknown"
  },
  {
    "title": "PDF Version",
    "link": "https://investors.zenasbio.com/node//pdf",
    "timestamp": "unknown"
  },
  {
    "title": "PDF Version",
    "link": "https://investors.zenasbio.com/node//pdf",
    "timestamp": "unknown"
  },
  {
    "title": "Read More",
    "link": "https://investors.zenasbio.com/news-releases/news-release-details/zenas-biopharma-and-innocare-pharma-announce-license-agreement",
    "timestamp": "unknown"
  },
  {
    "title": "Read More",
    "link": "https://investors.zenasbio.com/news-releases/news-release-details/zenas-biopharma-and-innocare-pharma-announce-license-agreement",
    "timestamp": "unknown"
  },
  {
    "title": "Zenas BioPharma and Royalty Pharma Enter into Obexelimab Funding Agreement for up to $ Million- Initial $ million to fund the potential U.S. commercia",
    "link": "https://investors.zenasbio.com/news-releases/news-release-details/zenas-biopharma-and-royalty-pharma-enter-obexelimab-funding",
    "timestamp": "unknown"
  },
  {
    "title": "Zenas BioPharma and Royalty Pharma Enter into Obexelimab Funding Agreement for up to $ Million- Initial $ million to fund the potential U.S. commercia",
    "link": "https://investors.zenasbio.com/news-releases/news-release-details/zenas-biopharma-and-royalty-pharma-enter-obexelimab-funding",
    "timestamp": "unknown"
  },
  {
    "title": "Zenas BioPharma and Royalty Pharma Enter into Obexelimab Funding Agreement for up to $ Million- Initial $ million to fund the potential U.S. commercia",
    "link": "https://investors.zenasbio.com/news-releases/news-release-details/zenas-biopharma-and-royalty-pharma-enter-obexelimab-funding",
    "timestamp": "unknown"
  },
  {
    "title": "Zenas BioPharma and Royalty Pharma Enter into Obexelimab Funding Agreement for up to $ Million- Initial $ million to fund the potential U.S. commercia",
    "link": "https://investors.zenasbio.com/news-releases/news-release-details/zenas-biopharma-and-royalty-pharma-enter-obexelimab-funding",
    "timestamp": "unknown"
  },
  {
    "title": "Zenas BioPharma and Royalty Pharma Enter into Obexelimab Funding Agreement for up to $ Million- Initial $ million to fund the potential U.S. commercia",
    "link": "https://investors.zenasbio.com/news-releases/news-release-details/zenas-biopharma-and-royalty-pharma-enter-obexelimab-funding",
    "timestamp": "unknown"
  },
  {
    "title": "Zenas BioPharma and Royalty Pharma Enter into Obexelimab Funding Agreement for up to $ Million",
    "link": "https://investors.zenasbio.com/news-releases/news-release-details/zenas-biopharma-and-royalty-pharma-enter-obexelimab-funding",
    "timestamp": "unknown"
  },
  {
    "title": "September ,PDF VersionRead More",
    "link": "https://investors.zenasbio.com/node//pdf",
    "timestamp": "unknown"
  },
  {
    "title": "September ,PDF Version",
    "link": "https://investors.zenasbio.com/node//pdf",
    "timestamp": "unknown"
  },
  {
    "title": "PDF Version",
    "link": "https://investors.zenasbio.com/node//pdf",
    "timestamp": "unknown"
  },
  {
    "title": "PDF Version",
    "link": "https://investors.zenasbio.com/node//pdf",
    "timestamp": "unknown"
  },
  {
    "title": "Read More",
    "link": "https://investors.zenasbio.com/news-releases/news-release-details/zenas-biopharma-and-royalty-pharma-enter-obexelimab-funding",
    "timestamp": "unknown"
  },
  {
    "title": "Read More",
    "link": "https://investors.zenasbio.com/news-releases/news-release-details/zenas-biopharma-and-royalty-pharma-enter-obexelimab-funding",
    "timestamp": "unknown"
  },
  {
    "title": "Zenas BioPharma to Present at Upcoming Healthcare Investor ConferencesWALTHAM, Mass., Aug. ,  (GLOBE NEWSWIRE) -- Zenas BioPharma, Inc. (\u201cZenas\u201d or th",
    "link": "https://investors.zenasbio.com/news-releases/news-release-details/zenas-biopharma-present-upcoming-healthcare-investor-conferences",
    "timestamp": "unknown"
  },
  {
    "title": "Zenas BioPharma to Present at Upcoming Healthcare Investor ConferencesWALTHAM, Mass., Aug. ,  (GLOBE NEWSWIRE) -- Zenas BioPharma, Inc. (\u201cZenas\u201d or th",
    "link": "https://investors.zenasbio.com/news-releases/news-release-details/zenas-biopharma-present-upcoming-healthcare-investor-conferences",
    "timestamp": "unknown"
  },
  {
    "title": "Zenas BioPharma to Present at Upcoming Healthcare Investor ConferencesWALTHAM, Mass., Aug. ,  (GLOBE NEWSWIRE) -- Zenas BioPharma, Inc. (\u201cZenas\u201d or th",
    "link": "https://investors.zenasbio.com/news-releases/news-release-details/zenas-biopharma-present-upcoming-healthcare-investor-conferences",
    "timestamp": "unknown"
  },
  {
    "title": "Zenas BioPharma to Present at Upcoming Healthcare Investor ConferencesWALTHAM, Mass., Aug. ,  (GLOBE NEWSWIRE) -- Zenas BioPharma, Inc. (\u201cZenas\u201d or th",
    "link": "https://investors.zenasbio.com/news-releases/news-release-details/zenas-biopharma-present-upcoming-healthcare-investor-conferences",
    "timestamp": "unknown"
  },
  {
    "title": "Zenas BioPharma to Present at Upcoming Healthcare Investor ConferencesWALTHAM, Mass., Aug. ,  (GLOBE NEWSWIRE) -- Zenas BioPharma, Inc. (\u201cZenas\u201d or th",
    "link": "https://investors.zenasbio.com/news-releases/news-release-details/zenas-biopharma-present-upcoming-healthcare-investor-conferences",
    "timestamp": "unknown"
  },
  {
    "title": "Zenas BioPharma to Present at Upcoming Healthcare Investor Conferences",
    "link": "https://investors.zenasbio.com/news-releases/news-release-details/zenas-biopharma-present-upcoming-healthcare-investor-conferences",
    "timestamp": "unknown"
  },
  {
    "title": "August ,PDF VersionRead More",
    "link": "https://investors.zenasbio.com/node//pdf",
    "timestamp": "unknown"
  },
  {
    "title": "August ,PDF Version",
    "link": "https://investors.zenasbio.com/node//pdf",
    "timestamp": "unknown"
  },
  {
    "title": "PDF Version",
    "link": "https://investors.zenasbio.com/node//pdf",
    "timestamp": "unknown"
  },
  {
    "title": "PDF Version",
    "link": "https://investors.zenasbio.com/node//pdf",
    "timestamp": "unknown"
  },
  {
    "title": "Read More",
    "link": "https://investors.zenasbio.com/news-releases/news-release-details/zenas-biopharma-present-upcoming-healthcare-investor-conferences",
    "timestamp": "unknown"
  },
  {
    "title": "Read More",
    "link": "https://investors.zenasbio.com/news-releases/news-release-details/zenas-biopharma-present-upcoming-healthcare-investor-conferences",
    "timestamp": "unknown"
  },
  {
    "title": "Zenas BioPharma Reports Second Quarter  Financial Results and Provides Corporate Updates- Topline results from pivotal Phase  INDIGO trial in Immunogl",
    "link": "https://investors.zenasbio.com/news-releases/news-release-details/zenas-biopharma-reports-second-quarter--financial-results",
    "timestamp": "unknown"
  },
  {
    "title": "Zenas BioPharma Reports Second Quarter  Financial Results and Provides Corporate Updates- Topline results from pivotal Phase  INDIGO trial in Immunogl",
    "link": "https://investors.zenasbio.com/news-releases/news-release-details/zenas-biopharma-reports-second-quarter--financial-results",
    "timestamp": "unknown"
  },
  {
    "title": "Zenas BioPharma Reports Second Quarter  Financial Results and Provides Corporate Updates- Topline results from pivotal Phase  INDIGO trial in Immunogl",
    "link": "https://investors.zenasbio.com/news-releases/news-release-details/zenas-biopharma-reports-second-quarter--financial-results",
    "timestamp": "unknown"
  },
  {
    "title": "Zenas BioPharma Reports Second Quarter  Financial Results and Provides Corporate Updates- Topline results from pivotal Phase  INDIGO trial in Immunogl",
    "link": "https://investors.zenasbio.com/news-releases/news-release-details/zenas-biopharma-reports-second-quarter--financial-results",
    "timestamp": "unknown"
  },
  {
    "title": "Zenas BioPharma Reports Second Quarter  Financial Results and Provides Corporate Updates- Topline results from pivotal Phase  INDIGO trial in Immunogl",
    "link": "https://investors.zenasbio.com/news-releases/news-release-details/zenas-biopharma-reports-second-quarter--financial-results",
    "timestamp": "unknown"
  },
  {
    "title": "Zenas BioPharma Reports Second Quarter  Financial Results and Provides Corporate Updates",
    "link": "https://investors.zenasbio.com/news-releases/news-release-details/zenas-biopharma-reports-second-quarter--financial-results",
    "timestamp": "unknown"
  },
  {
    "title": "August ,PDF VersionRead More",
    "link": "https://investors.zenasbio.com/node//pdf",
    "timestamp": "unknown"
  },
  {
    "title": "August ,PDF Version",
    "link": "https://investors.zenasbio.com/node//pdf",
    "timestamp": "unknown"
  },
  {
    "title": "PDF Version",
    "link": "https://investors.zenasbio.com/node//pdf",
    "timestamp": "unknown"
  },
  {
    "title": "PDF Version",
    "link": "https://investors.zenasbio.com/node//pdf",
    "timestamp": "unknown"
  },
  {
    "title": "Read More",
    "link": "https://investors.zenasbio.com/news-releases/news-release-details/zenas-biopharma-reports-second-quarter--financial-results",
    "timestamp": "unknown"
  },
  {
    "title": "Read More",
    "link": "https://investors.zenasbio.com/news-releases/news-release-details/zenas-biopharma-reports-second-quarter--financial-results",
    "timestamp": "unknown"
  },
  {
    "title": "Zenas BioPharma Announces Inducement Grant Under Nasdaq Listing Rule (c)()WALTHAM, Mass., June ,  (GLOBE NEWSWIRE) -- Zenas BioPharma, Inc. (\u201cZenas\u201d o",
    "link": "https://investors.zenasbio.com/news-releases/news-release-details/zenas-biopharma-announces-inducement-grant-under-nasdaq-listing",
    "timestamp": "unknown"
  },
  {
    "title": "Zenas BioPharma Announces Inducement Grant Under Nasdaq Listing Rule (c)()WALTHAM, Mass., June ,  (GLOBE NEWSWIRE) -- Zenas BioPharma, Inc. (\u201cZenas\u201d o",
    "link": "https://investors.zenasbio.com/news-releases/news-release-details/zenas-biopharma-announces-inducement-grant-under-nasdaq-listing",
    "timestamp": "unknown"
  },
  {
    "title": "Zenas BioPharma Announces Inducement Grant Under Nasdaq Listing Rule (c)()WALTHAM, Mass., June ,  (GLOBE NEWSWIRE) -- Zenas BioPharma, Inc. (\u201cZenas\u201d o",
    "link": "https://investors.zenasbio.com/news-releases/news-release-details/zenas-biopharma-announces-inducement-grant-under-nasdaq-listing",
    "timestamp": "unknown"
  },
  {
    "title": "Zenas BioPharma Announces Inducement Grant Under Nasdaq Listing Rule (c)()WALTHAM, Mass., June ,  (GLOBE NEWSWIRE) -- Zenas BioPharma, Inc. (\u201cZenas\u201d o",
    "link": "https://investors.zenasbio.com/news-releases/news-release-details/zenas-biopharma-announces-inducement-grant-under-nasdaq-listing",
    "timestamp": "unknown"
  },
  {
    "title": "Zenas BioPharma Announces Inducement Grant Under Nasdaq Listing Rule (c)()WALTHAM, Mass., June ,  (GLOBE NEWSWIRE) -- Zenas BioPharma, Inc. (\u201cZenas\u201d o",
    "link": "https://investors.zenasbio.com/news-releases/news-release-details/zenas-biopharma-announces-inducement-grant-under-nasdaq-listing",
    "timestamp": "unknown"
  },
  {
    "title": "Zenas BioPharma Announces Inducement Grant Under Nasdaq Listing Rule (c)()",
    "link": "https://investors.zenasbio.com/news-releases/news-release-details/zenas-biopharma-announces-inducement-grant-under-nasdaq-listing",
    "timestamp": "unknown"
  },
  {
    "title": "June ,PDF VersionRead More",
    "link": "https://investors.zenasbio.com/node//pdf",
    "timestamp": "unknown"
  },
  {
    "title": "June ,PDF Version",
    "link": "https://investors.zenasbio.com/node//pdf",
    "timestamp": "unknown"
  },
  {
    "title": "PDF Version",
    "link": "https://investors.zenasbio.com/node//pdf",
    "timestamp": "unknown"
  },
  {
    "title": "PDF Version",
    "link": "https://investors.zenasbio.com/node//pdf",
    "timestamp": "unknown"
  },
  {
    "title": "Read More",
    "link": "https://investors.zenasbio.com/news-releases/news-release-details/zenas-biopharma-announces-inducement-grant-under-nasdaq-listing",
    "timestamp": "unknown"
  },
  {
    "title": "Read More",
    "link": "https://investors.zenasbio.com/news-releases/news-release-details/zenas-biopharma-announces-inducement-grant-under-nasdaq-listing",
    "timestamp": "unknown"
  },
  {
    "title": "Zenas BioPharma to Present at the Jefferies Global Healthcare ConferenceWALTHAM, Mass., May ,  (GLOBE NEWSWIRE) -- Zenas BioPharma, Inc. (\u201cZenas\u201d or t",
    "link": "https://investors.zenasbio.com/news-releases/news-release-details/zenas-biopharma-present-jefferies-global-healthcare-conference",
    "timestamp": "unknown"
  },
  {
    "title": "Zenas BioPharma to Present at the Jefferies Global Healthcare ConferenceWALTHAM, Mass., May ,  (GLOBE NEWSWIRE) -- Zenas BioPharma, Inc. (\u201cZenas\u201d or t",
    "link": "https://investors.zenasbio.com/news-releases/news-release-details/zenas-biopharma-present-jefferies-global-healthcare-conference",
    "timestamp": "unknown"
  },
  {
    "title": "Zenas BioPharma to Present at the Jefferies Global Healthcare ConferenceWALTHAM, Mass., May ,  (GLOBE NEWSWIRE) -- Zenas BioPharma, Inc. (\u201cZenas\u201d or t",
    "link": "https://investors.zenasbio.com/news-releases/news-release-details/zenas-biopharma-present-jefferies-global-healthcare-conference",
    "timestamp": "unknown"
  },
  {
    "title": "Zenas BioPharma to Present at the Jefferies Global Healthcare ConferenceWALTHAM, Mass., May ,  (GLOBE NEWSWIRE) -- Zenas BioPharma, Inc. (\u201cZenas\u201d or t",
    "link": "https://investors.zenasbio.com/news-releases/news-release-details/zenas-biopharma-present-jefferies-global-healthcare-conference",
    "timestamp": "unknown"
  },
  {
    "title": "Zenas BioPharma to Present at the Jefferies Global Healthcare ConferenceWALTHAM, Mass., May ,  (GLOBE NEWSWIRE) -- Zenas BioPharma, Inc. (\u201cZenas\u201d or t",
    "link": "https://investors.zenasbio.com/news-releases/news-release-details/zenas-biopharma-present-jefferies-global-healthcare-conference",
    "timestamp": "unknown"
  },
  {
    "title": "Zenas BioPharma to Present at the Jefferies Global Healthcare Conference",
    "link": "https://investors.zenasbio.com/news-releases/news-release-details/zenas-biopharma-present-jefferies-global-healthcare-conference",
    "timestamp": "unknown"
  },
  {
    "title": "May ,PDF VersionRead More",
    "link": "https://investors.zenasbio.com/node//pdf",
    "timestamp": "unknown"
  },
  {
    "title": "May ,PDF Version",
    "link": "https://investors.zenasbio.com/node//pdf",
    "timestamp": "unknown"
  },
  {
    "title": "PDF Version",
    "link": "https://investors.zenasbio.com/node//pdf",
    "timestamp": "unknown"
  },
  {
    "title": "PDF Version",
    "link": "https://investors.zenasbio.com/node//pdf",
    "timestamp": "unknown"
  },
  {
    "title": "Read More",
    "link": "https://investors.zenasbio.com/news-releases/news-release-details/zenas-biopharma-present-jefferies-global-healthcare-conference",
    "timestamp": "unknown"
  },
  {
    "title": "Read More",
    "link": "https://investors.zenasbio.com/news-releases/news-release-details/zenas-biopharma-present-jefferies-global-healthcare-conference",
    "timestamp": "unknown"
  },
  {
    "title": "Zenas BioPharma Reports First Quarter  Financial Results and Provides Corporate Updates- Topline results from pivotal Phase  INDIGO trial in Immunoglo",
    "link": "https://investors.zenasbio.com/news-releases/news-release-details/zenas-biopharma-reports-first-quarter--financial-results-and",
    "timestamp": "unknown"
  },
  {
    "title": "Zenas BioPharma Reports First Quarter  Financial Results and Provides Corporate Updates- Topline results from pivotal Phase  INDIGO trial in Immunoglo",
    "link": "https://investors.zenasbio.com/news-releases/news-release-details/zenas-biopharma-reports-first-quarter--financial-results-and",
    "timestamp": "unknown"
  },
  {
    "title": "Zenas BioPharma Reports First Quarter  Financial Results and Provides Corporate Updates- Topline results from pivotal Phase  INDIGO trial in Immunoglo",
    "link": "https://investors.zenasbio.com/news-releases/news-release-details/zenas-biopharma-reports-first-quarter--financial-results-and",
    "timestamp": "unknown"
  },
  {
    "title": "Zenas BioPharma Reports First Quarter  Financial Results and Provides Corporate Updates- Topline results from pivotal Phase  INDIGO trial in Immunoglo",
    "link": "https://investors.zenasbio.com/news-releases/news-release-details/zenas-biopharma-reports-first-quarter--financial-results-and",
    "timestamp": "unknown"
  },
  {
    "title": "Zenas BioPharma Reports First Quarter  Financial Results and Provides Corporate Updates- Topline results from pivotal Phase  INDIGO trial in Immunoglo",
    "link": "https://investors.zenasbio.com/news-releases/news-release-details/zenas-biopharma-reports-first-quarter--financial-results-and",
    "timestamp": "unknown"
  },
  {
    "title": "Zenas BioPharma Reports First Quarter  Financial Results and Provides Corporate Updates",
    "link": "https://investors.zenasbio.com/news-releases/news-release-details/zenas-biopharma-reports-first-quarter--financial-results-and",
    "timestamp": "unknown"
  },
  {
    "title": "May ,PDF VersionRead More",
    "link": "https://investors.zenasbio.com/node//pdf",
    "timestamp": "unknown"
  },
  {
    "title": "May ,PDF Version",
    "link": "https://investors.zenasbio.com/node//pdf",
    "timestamp": "unknown"
  },
  {
    "title": "PDF Version",
    "link": "https://investors.zenasbio.com/node//pdf",
    "timestamp": "unknown"
  },
  {
    "title": "PDF Version",
    "link": "https://investors.zenasbio.com/node//pdf",
    "timestamp": "unknown"
  },
  {
    "title": "Read More",
    "link": "https://investors.zenasbio.com/news-releases/news-release-details/zenas-biopharma-reports-first-quarter--financial-results-and",
    "timestamp": "unknown"
  },
  {
    "title": "Read More",
    "link": "https://investors.zenasbio.com/news-releases/news-release-details/zenas-biopharma-reports-first-quarter--financial-results-and",
    "timestamp": "unknown"
  },
  {
    "title": "Zenas BioPharma Announces Inducement Grants Under Nasdaq Listing Rule (c)()WALTHAM, Mass., April ,  (GLOBE NEWSWIRE) -- Zenas BioPharma, Inc. (\u201cZenas\u201d",
    "link": "https://investors.zenasbio.com/news-releases/news-release-details/zenas-biopharma-announces-inducement-grants-under-nasdaq-listing",
    "timestamp": "unknown"
  },
  {
    "title": "Zenas BioPharma Announces Inducement Grants Under Nasdaq Listing Rule (c)()WALTHAM, Mass., April ,  (GLOBE NEWSWIRE) -- Zenas BioPharma, Inc. (\u201cZenas\u201d",
    "link": "https://investors.zenasbio.com/news-releases/news-release-details/zenas-biopharma-announces-inducement-grants-under-nasdaq-listing",
    "timestamp": "unknown"
  },
  {
    "title": "Zenas BioPharma Announces Inducement Grants Under Nasdaq Listing Rule (c)()WALTHAM, Mass., April ,  (GLOBE NEWSWIRE) -- Zenas BioPharma, Inc. (\u201cZenas\u201d",
    "link": "https://investors.zenasbio.com/news-releases/news-release-details/zenas-biopharma-announces-inducement-grants-under-nasdaq-listing",
    "timestamp": "unknown"
  },
  {
    "title": "Zenas BioPharma Announces Inducement Grants Under Nasdaq Listing Rule (c)()WALTHAM, Mass., April ,  (GLOBE NEWSWIRE) -- Zenas BioPharma, Inc. (\u201cZenas\u201d",
    "link": "https://investors.zenasbio.com/news-releases/news-release-details/zenas-biopharma-announces-inducement-grants-under-nasdaq-listing",
    "timestamp": "unknown"
  },
  {
    "title": "Zenas BioPharma Announces Inducement Grants Under Nasdaq Listing Rule (c)()WALTHAM, Mass., April ,  (GLOBE NEWSWIRE) -- Zenas BioPharma, Inc. (\u201cZenas\u201d",
    "link": "https://investors.zenasbio.com/news-releases/news-release-details/zenas-biopharma-announces-inducement-grants-under-nasdaq-listing",
    "timestamp": "unknown"
  },
  {
    "title": "Zenas BioPharma Announces Inducement Grants Under Nasdaq Listing Rule (c)()",
    "link": "https://investors.zenasbio.com/news-releases/news-release-details/zenas-biopharma-announces-inducement-grants-under-nasdaq-listing",
    "timestamp": "unknown"
  },
  {
    "title": "April ,PDF VersionRead More",
    "link": "https://investors.zenasbio.com/node//pdf",
    "timestamp": "unknown"
  },
  {
    "title": "April ,PDF Version",
    "link": "https://investors.zenasbio.com/node//pdf",
    "timestamp": "unknown"
  },
  {
    "title": "PDF Version",
    "link": "https://investors.zenasbio.com/node//pdf",
    "timestamp": "unknown"
  },
  {
    "title": "PDF Version",
    "link": "https://investors.zenasbio.com/node//pdf",
    "timestamp": "unknown"
  },
  {
    "title": "Read More",
    "link": "https://investors.zenasbio.com/news-releases/news-release-details/zenas-biopharma-announces-inducement-grants-under-nasdaq-listing",
    "timestamp": "unknown"
  },
  {
    "title": "Read More",
    "link": "https://investors.zenasbio.com/news-releases/news-release-details/zenas-biopharma-announces-inducement-grants-under-nasdaq-listing",
    "timestamp": "unknown"
  },
  {
    "title": "Zenas BioPharma Appoints Haley Laken, Ph.D., as Chief Scientific OfficerDr. Laken brings over  years of leadership experience in research, development",
    "link": "https://investors.zenasbio.com/news-releases/news-release-details/zenas-biopharma-appoints-haley-laken-phd-chief-scientific",
    "timestamp": "unknown"
  },
  {
    "title": "Zenas BioPharma Appoints Haley Laken, Ph.D., as Chief Scientific OfficerDr. Laken brings over  years of leadership experience in research, development",
    "link": "https://investors.zenasbio.com/news-releases/news-release-details/zenas-biopharma-appoints-haley-laken-phd-chief-scientific",
    "timestamp": "unknown"
  },
  {
    "title": "Zenas BioPharma Appoints Haley Laken, Ph.D., as Chief Scientific OfficerDr. Laken brings over  years of leadership experience in research, development",
    "link": "https://investors.zenasbio.com/news-releases/news-release-details/zenas-biopharma-appoints-haley-laken-phd-chief-scientific",
    "timestamp": "unknown"
  },
  {
    "title": "Zenas BioPharma Appoints Haley Laken, Ph.D., as Chief Scientific OfficerDr. Laken brings over  years of leadership experience in research, development",
    "link": "https://investors.zenasbio.com/news-releases/news-release-details/zenas-biopharma-appoints-haley-laken-phd-chief-scientific",
    "timestamp": "unknown"
  },
  {
    "title": "Zenas BioPharma Appoints Haley Laken, Ph.D., as Chief Scientific OfficerDr. Laken brings over  years of leadership experience in research, development",
    "link": "https://investors.zenasbio.com/news-releases/news-release-details/zenas-biopharma-appoints-haley-laken-phd-chief-scientific",
    "timestamp": "unknown"
  },
  {
    "title": "Zenas BioPharma Appoints Haley Laken, Ph.D., as Chief Scientific Officer",
    "link": "https://investors.zenasbio.com/news-releases/news-release-details/zenas-biopharma-appoints-haley-laken-phd-chief-scientific",
    "timestamp": "unknown"
  },
  {
    "title": "April ,PDF VersionRead More",
    "link": "https://investors.zenasbio.com/node//pdf",
    "timestamp": "unknown"
  },
  {
    "title": "April ,PDF Version",
    "link": "https://investors.zenasbio.com/node//pdf",
    "timestamp": "unknown"
  },
  {
    "title": "PDF Version",
    "link": "https://investors.zenasbio.com/node//pdf",
    "timestamp": "unknown"
  },
  {
    "title": "PDF Version",
    "link": "https://investors.zenasbio.com/node//pdf",
    "timestamp": "unknown"
  },
  {
    "title": "Read More",
    "link": "https://investors.zenasbio.com/news-releases/news-release-details/zenas-biopharma-appoints-haley-laken-phd-chief-scientific",
    "timestamp": "unknown"
  },
  {
    "title": "Read More",
    "link": "https://investors.zenasbio.com/news-releases/news-release-details/zenas-biopharma-appoints-haley-laken-phd-chief-scientific",
    "timestamp": "unknown"
  },
  {
    "title": "Zenas BioPharma Appoints Lisa von Moltke, M.D., as Head of Research and Development and Chief Medical Officer\u2013Dr. von Moltke brings over  years of dee",
    "link": "https://investors.zenasbio.com/news-releases/news-release-details/zenas-biopharma-appoints-lisa-von-moltke-md-head-research-and",
    "timestamp": "unknown"
  },
  {
    "title": "Zenas BioPharma Appoints Lisa von Moltke, M.D., as Head of Research and Development and Chief Medical Officer\u2013Dr. von Moltke brings over  years of dee",
    "link": "https://investors.zenasbio.com/news-releases/news-release-details/zenas-biopharma-appoints-lisa-von-moltke-md-head-research-and",
    "timestamp": "unknown"
  },
  {
    "title": "Zenas BioPharma Appoints Lisa von Moltke, M.D., as Head of Research and Development and Chief Medical Officer\u2013Dr. von Moltke brings over  years of dee",
    "link": "https://investors.zenasbio.com/news-releases/news-release-details/zenas-biopharma-appoints-lisa-von-moltke-md-head-research-and",
    "timestamp": "unknown"
  },
  {
    "title": "Zenas BioPharma Appoints Lisa von Moltke, M.D., as Head of Research and Development and Chief Medical Officer\u2013Dr. von Moltke brings over  years of dee",
    "link": "https://investors.zenasbio.com/news-releases/news-release-details/zenas-biopharma-appoints-lisa-von-moltke-md-head-research-and",
    "timestamp": "unknown"
  },
  {
    "title": "Zenas BioPharma Appoints Lisa von Moltke, M.D., as Head of Research and Development and Chief Medical Officer\u2013Dr. von Moltke brings over  years of dee",
    "link": "https://investors.zenasbio.com/news-releases/news-release-details/zenas-biopharma-appoints-lisa-von-moltke-md-head-research-and",
    "timestamp": "unknown"
  },
  {
    "title": "Zenas BioPharma Appoints Lisa von Moltke, M.D., as Head of Research and Development and Chief Medical Officer",
    "link": "https://investors.zenasbio.com/news-releases/news-release-details/zenas-biopharma-appoints-lisa-von-moltke-md-head-research-and",
    "timestamp": "unknown"
  },
  {
    "title": "March ,PDF VersionRead More",
    "link": "https://investors.zenasbio.com/node//pdf",
    "timestamp": "unknown"
  },
  {
    "title": "March ,PDF Version",
    "link": "https://investors.zenasbio.com/node//pdf",
    "timestamp": "unknown"
  },
  {
    "title": "PDF Version",
    "link": "https://investors.zenasbio.com/node//pdf",
    "timestamp": "unknown"
  },
  {
    "title": "PDF Version",
    "link": "https://investors.zenasbio.com/node//pdf",
    "timestamp": "unknown"
  },
  {
    "title": "Read More",
    "link": "https://investors.zenasbio.com/news-releases/news-release-details/zenas-biopharma-appoints-lisa-von-moltke-md-head-research-and",
    "timestamp": "unknown"
  },
  {
    "title": "Read More",
    "link": "https://investors.zenasbio.com/news-releases/news-release-details/zenas-biopharma-appoints-lisa-von-moltke-md-head-research-and",
    "timestamp": "unknown"
  },
  {
    "title": "Current pagePageNext page\u203aLast page\u00bbDisplaying  -  of",
    "link": "https://investors.zenasbio.com/news-releases?page=",
    "timestamp": "unknown"
  },
  {
    "title": "Current pagePageNext page\u203aLast page\u00bb",
    "link": "https://investors.zenasbio.com/news-releases?page=",
    "timestamp": "unknown"
  },
  {
    "title": "Current pagePageNext page\u203aLast page\u00bb",
    "link": "https://investors.zenasbio.com/news-releases?page=",
    "timestamp": "unknown"
  },
  {
    "title": "Current page",
    "link": "https://investors.zenasbio.com/news-releases?page=",
    "timestamp": "unknown"
  },
  {
    "title": "Page",
    "link": "https://investors.zenasbio.com/news-releases?page=",
    "timestamp": "unknown"
  },
  {
    "title": "Next page\u203a",
    "link": "https://investors.zenasbio.com/news-releases?page=",
    "timestamp": "unknown"
  },
  {
    "title": "Last page\u00bb",
    "link": "https://investors.zenasbio.com/news-releases?page=",
    "timestamp": "unknown"
  },
  {
    "title": "Who We AreOur SciencePatients & CaregiversInvestors & MediaZenas Experience",
    "link": "https://zenasbio.com/who-we-are/",
    "timestamp": "unknown"
  },
  {
    "title": "Who We AreOur SciencePatients & CaregiversInvestors & MediaZenas Experience",
    "link": "https://zenasbio.com/who-we-are/",
    "timestamp": "unknown"
  },
  {
    "title": "Who We AreOur SciencePatients & CaregiversInvestors & MediaZenas Experience",
    "link": "https://zenasbio.com/who-we-are/",
    "timestamp": "unknown"
  },
  {
    "title": "Who We AreOur SciencePatients & CaregiversInvestors & MediaZenas Experience",
    "link": "https://zenasbio.com/who-we-are/",
    "timestamp": "unknown"
  },
  {
    "title": "Who We Are",
    "link": "https://zenasbio.com/who-we-are/",
    "timestamp": "unknown"
  },
  {
    "title": "Our Science",
    "link": "https://zenasbio.com/our-science/",
    "timestamp": "unknown"
  },
  {
    "title": "Patients & Caregivers",
    "link": "https://zenasbio.com/patients-caregivers/",
    "timestamp": "unknown"
  },
  {
    "title": "Investors & Media",
    "link": "https://investors.zenasbio.com/investor-relations",
    "timestamp": "unknown"
  },
  {
    "title": "Zenas Experience",
    "link": "https://zenasbio.com/zenas-experience/",
    "timestamp": "unknown"
  },
  {
    "title": "Terms of ServicePrivacy PolicyEU-US Data Privacy Framework PolicyContact Us\u00a9 Zenas BioPharma, Inc. . The Zenas BioPharma word mark and logos are trade",
    "link": "https://zenasbio.com/terms-of-service/",
    "timestamp": "unknown"
  },
  {
    "title": "Terms of ServicePrivacy PolicyEU-US Data Privacy Framework PolicyContact Us\u00a9 Zenas BioPharma, Inc. . The Zenas BioPharma word mark and logos are trade",
    "link": "https://zenasbio.com/terms-of-service/",
    "timestamp": "unknown"
  },
  {
    "title": "Terms of ServicePrivacy PolicyEU-US Data Privacy Framework PolicyContact Us",
    "link": "https://zenasbio.com/terms-of-service/",
    "timestamp": "unknown"
  },
  {
    "title": "Terms of ServicePrivacy PolicyEU-US Data Privacy Framework PolicyContact Us",
    "link": "https://zenasbio.com/terms-of-service/",
    "timestamp": "unknown"
  },
  {
    "title": "Terms of ServicePrivacy PolicyEU-US Data Privacy Framework PolicyContact Us",
    "link": "https://zenasbio.com/terms-of-service/",
    "timestamp": "unknown"
  },
  {
    "title": "Terms of Service",
    "link": "https://zenasbio.com/terms-of-service/",
    "timestamp": "unknown"
  },
  {
    "title": "Privacy Policy",
    "link": "https://zenasbio.com/privacy-policy/",
    "timestamp": "unknown"
  },
  {
    "title": "EU-US Data Privacy Framework Policy",
    "link": "https://zenasbio.com/eu-us-data-privacy-framework-policy/",
    "timestamp": "unknown"
  },
  {
    "title": "Contact Us",
    "link": "https://zenasbio.com/contact-us/",
    "timestamp": "unknown"
  }
]