[
  {
    "title": "OverviewNewsEvents & PresentationsStock InformationStock QuoteAnalyst CoverageFinancials & FilingsGovernanceDocuments & ChartersExecutive LeadershipBo",
    "link": "https://zenasbio.com/",
    "timestamp": "unknown"
  },
  {
    "title": "OverviewNewsEvents & PresentationsStock InformationStock QuoteAnalyst CoverageFinancials & FilingsGovernanceDocuments & ChartersExecutive LeadershipBo",
    "link": "https://zenasbio.com/",
    "timestamp": "unknown"
  },
  {
    "title": "OverviewNewsEvents & PresentationsStock InformationStock QuoteAnalyst CoverageFinancials & FilingsGovernanceDocuments & ChartersExecutive LeadershipBo",
    "link": "https://investors.zenasbio.com/investor-relations",
    "timestamp": "unknown"
  },
  {
    "title": "Overview",
    "link": "https://investors.zenasbio.com/investor-relations",
    "timestamp": "unknown"
  },
  {
    "title": "News",
    "link": "https://investors.zenasbio.com/news-releases",
    "timestamp": "unknown"
  },
  {
    "title": "Events & Presentations",
    "link": "https://investors.zenasbio.com/events-and-presentations",
    "timestamp": "unknown"
  },
  {
    "title": "Stock InformationStock QuoteAnalyst Coverage",
    "link": "https://investors.zenasbio.com/stock-information/stock-quote",
    "timestamp": "unknown"
  },
  {
    "title": "Stock Quote",
    "link": "https://investors.zenasbio.com/stock-information/stock-quote",
    "timestamp": "unknown"
  },
  {
    "title": "Analyst Coverage",
    "link": "https://investors.zenasbio.com/stock-information/analyst-coverage",
    "timestamp": "unknown"
  },
  {
    "title": "Financials & Filings",
    "link": "https://investors.zenasbio.com/financial-information/sec-filings",
    "timestamp": "unknown"
  },
  {
    "title": "GovernanceDocuments & ChartersExecutive LeadershipBoard of DirectorsCommittee Composition",
    "link": "https://investors.zenasbio.com/corporate-governance/documents-charters",
    "timestamp": "unknown"
  },
  {
    "title": "Documents & Charters",
    "link": "https://investors.zenasbio.com/corporate-governance/documents-charters",
    "timestamp": "unknown"
  },
  {
    "title": "Executive Leadership",
    "link": "https://zenasbio.com/who-we-are/#leadership",
    "timestamp": "unknown"
  },
  {
    "title": "Board of Directors",
    "link": "https://zenasbio.com/who-we-are/#board",
    "timestamp": "unknown"
  },
  {
    "title": "Committee Composition",
    "link": "https://investors.zenasbio.com/corporate-governance/committee-composition",
    "timestamp": "unknown"
  },
  {
    "title": "ResourcesInvestor FAQsInvestor Email AlertsContact IR",
    "link": "https://investors.zenasbio.com/ir-resources/investor-faqs",
    "timestamp": "unknown"
  },
  {
    "title": "Investor FAQs",
    "link": "https://investors.zenasbio.com/ir-resources/investor-faqs",
    "timestamp": "unknown"
  },
  {
    "title": "Investor Email Alerts",
    "link": "https://investors.zenasbio.com/ir-resources/email-alerts",
    "timestamp": "unknown"
  },
  {
    "title": "Contact IR",
    "link": "https://investors.zenasbio.com/ir-resources/contact-ir",
    "timestamp": "unknown"
  },
  {
    "title": "Financials & FilingsSEC Filings",
    "link": "https://investors.zenasbio.com/financial-information/sec-filings",
    "timestamp": "unknown"
  },
  {
    "title": "Financials & FilingsSEC Filings",
    "link": "https://investors.zenasbio.com/financial-information/sec-filings",
    "timestamp": "unknown"
  },
  {
    "title": "SEC Filings",
    "link": "https://investors.zenasbio.com/financial-information/sec-filings",
    "timestamp": "unknown"
  },
  {
    "title": "SEC Filings",
    "link": "https://investors.zenasbio.com/financial-information/sec-filings",
    "timestamp": "unknown"
  },
  {
    "title": "GroupAll,,Annual FilingsCurrent ReportsMergers & AcquisitionsOtherProxy FilingsQuarterly FilingsRegistration StatementsFiling yearAllFiling DateFormDe",
    "link": "https://investors.zenasbio.com/financial-information/sec-filings?items_per_page=&order=field_nir_sec_date_filed&sort=asc",
    "timestamp": "unknown"
  },
  {
    "title": "GroupAll,,Annual FilingsCurrent ReportsMergers & AcquisitionsOtherProxy FilingsQuarterly FilingsRegistration StatementsFiling yearAllFiling DateFormDe",
    "link": "https://investors.zenasbio.com/financial-information/sec-filings?items_per_page=&order=field_nir_sec_date_filed&sort=asc",
    "timestamp": "unknown"
  },
  {
    "title": "GroupAll,,Annual FilingsCurrent ReportsMergers & AcquisitionsOtherProxy FilingsQuarterly FilingsRegistration StatementsFiling yearAllFiling DateFormDe",
    "link": "https://investors.zenasbio.com/financial-information/sec-filings?items_per_page=&order=field_nir_sec_date_filed&sort=asc",
    "timestamp": "unknown"
  },
  {
    "title": "GroupAll,,Annual FilingsCurrent ReportsMergers & AcquisitionsOtherProxy FilingsQuarterly FilingsRegistration StatementsFiling yearAllFiling DateFormDe",
    "link": "https://investors.zenasbio.com/financial-information/sec-filings?items_per_page=&order=field_nir_sec_date_filed&sort=asc",
    "timestamp": "unknown"
  },
  {
    "title": "GroupAll,,Annual FilingsCurrent ReportsMergers & AcquisitionsOtherProxy FilingsQuarterly FilingsRegistration StatementsFiling yearAllFiling DateFormDe",
    "link": "https://investors.zenasbio.com/financial-information/sec-filings?items_per_page=&order=field_nir_sec_date_filed&sort=asc",
    "timestamp": "unknown"
  },
  {
    "title": "GroupAll,,Annual FilingsCurrent ReportsMergers & AcquisitionsOtherProxy FilingsQuarterly FilingsRegistration StatementsFiling yearAllFiling DateFormDe",
    "link": "https://investors.zenasbio.com/financial-information/sec-filings?items_per_page=&order=field_nir_sec_date_filed&sort=asc",
    "timestamp": "unknown"
  },
  {
    "title": "GroupAll,,Annual FilingsCurrent ReportsMergers & AcquisitionsOtherProxy FilingsQuarterly FilingsRegistration StatementsFiling yearAllFiling DateFormDe",
    "link": "https://investors.zenasbio.com/financial-information/sec-filings?items_per_page=&order=field_nir_sec_date_filed&sort=asc",
    "timestamp": "unknown"
  },
  {
    "title": "GroupAll,,Annual FilingsCurrent ReportsMergers & AcquisitionsOtherProxy FilingsQuarterly FilingsRegistration StatementsFiling yearAllFiling DateFormDe",
    "link": "https://investors.zenasbio.com/financial-information/sec-filings?items_per_page=&order=field_nir_sec_date_filed&sort=asc",
    "timestamp": "unknown"
  },
  {
    "title": "GroupAll,,Annual FilingsCurrent ReportsMergers & AcquisitionsOtherProxy FilingsQuarterly FilingsRegistration StatementsFiling yearAllFiling DateFormDe",
    "link": "https://investors.zenasbio.com/financial-information/sec-filings?items_per_page=&order=field_nir_sec_date_filed&sort=asc",
    "timestamp": "unknown"
  },
  {
    "title": "GroupAll,,Annual FilingsCurrent ReportsMergers & AcquisitionsOtherProxy FilingsQuarterly FilingsRegistration StatementsFiling yearAllFiling DateFormDe",
    "link": "https://investors.zenasbio.com/financial-information/sec-filings?items_per_page=&order=field_nir_sec_date_filed&sort=asc",
    "timestamp": "unknown"
  },
  {
    "title": "GroupAll,,Annual FilingsCurrent ReportsMergers & AcquisitionsOtherProxy FilingsQuarterly FilingsRegistration StatementsFiling yearAllFiling DateFormDe",
    "link": "https://investors.zenasbio.com/financial-information/sec-filings?items_per_page=&order=field_nir_sec_date_filed&sort=asc",
    "timestamp": "unknown"
  },
  {
    "title": "GroupAll,,Annual FilingsCurrent ReportsMergers & AcquisitionsOtherProxy FilingsQuarterly FilingsRegistration StatementsFiling yearAllFiling DateFormDe",
    "link": "https://investors.zenasbio.com/financial-information/sec-filings?items_per_page=&order=field_nir_sec_date_filed&sort=asc",
    "timestamp": "unknown"
  },
  {
    "title": "GroupAll,,Annual FilingsCurrent ReportsMergers & AcquisitionsOtherProxy FilingsQuarterly FilingsRegistration StatementsFiling yearAllFiling DateFormDe",
    "link": "https://investors.zenasbio.com/financial-information/sec-filings?items_per_page=&order=field_nir_sec_date_filed&sort=asc",
    "timestamp": "unknown"
  },
  {
    "title": "GroupAll,,Annual FilingsCurrent ReportsMergers & AcquisitionsOtherProxy FilingsQuarterly FilingsRegistration StatementsFiling yearAllFiling DateFormDe",
    "link": "https://investors.zenasbio.com/financial-information/sec-filings?items_per_page=&order=field_nir_sec_date_filed&sort=asc",
    "timestamp": "unknown"
  },
  {
    "title": "GroupAll,,Annual FilingsCurrent ReportsMergers & AcquisitionsOtherProxy FilingsQuarterly FilingsRegistration StatementsFiling yearAllFiling DateFormDe",
    "link": "https://investors.zenasbio.com/financial-information/sec-filings?items_per_page=&order=field_nir_sec_date_filed&sort=asc",
    "timestamp": "unknown"
  },
  {
    "title": "GroupAll,,Annual FilingsCurrent ReportsMergers & AcquisitionsOtherProxy FilingsQuarterly FilingsRegistration StatementsFiling yearAllFiling DateFormDe",
    "link": "https://investors.zenasbio.com/financial-information/sec-filings?items_per_page=&order=field_nir_sec_date_filed&sort=asc",
    "timestamp": "unknown"
  },
  {
    "title": "Filing DateFormDescriptionFiling GroupViewOct ,Statement of changes in beneficial ownership of securities,,View HTML--.pdf--.rtf--.xlsOct ,Statement o",
    "link": "https://investors.zenasbio.com/financial-information/sec-filings?items_per_page=&order=field_nir_sec_date_filed&sort=asc",
    "timestamp": "unknown"
  },
  {
    "title": "Filing DateFormDescriptionFiling GroupView",
    "link": "https://investors.zenasbio.com/financial-information/sec-filings?items_per_page=&order=field_nir_sec_date_filed&sort=asc",
    "timestamp": "unknown"
  },
  {
    "title": "Oct ,Statement of changes in beneficial ownership of securities,,View HTML--.pdf--.rtf--.xls",
    "link": "https://investors.zenasbio.com/sec-filings/sec-filing//--",
    "timestamp": "unknown"
  },
  {
    "title": "View HTML--.pdf--.rtf--.xls",
    "link": "https://investors.zenasbio.com/node//html",
    "timestamp": "unknown"
  },
  {
    "title": "--.pdf",
    "link": "https://investors.zenasbio.com/static-files/7cb4b40c-8ba1-4d16-88cd-01c61ae9b351",
    "timestamp": "unknown"
  },
  {
    "title": "--.rtf",
    "link": "https://investors.zenasbio.com/static-files/--45b9-ae89-213c14e7fa60",
    "timestamp": "unknown"
  },
  {
    "title": "--.xls",
    "link": "https://investors.zenasbio.com/static-files/0998c3a6---bb35-c1bfe911b5f9",
    "timestamp": "unknown"
  },
  {
    "title": "Oct ,Statement of changes in beneficial ownership of securities,,View HTML--.pdf--.rtf--.xls",
    "link": "https://investors.zenasbio.com/sec-filings/sec-filing//--",
    "timestamp": "unknown"
  },
  {
    "title": "View HTML--.pdf--.rtf--.xls",
    "link": "https://investors.zenasbio.com/node//html",
    "timestamp": "unknown"
  },
  {
    "title": "--.pdf",
    "link": "https://investors.zenasbio.com/static-files/1a5d83cd-d6c8-46d0-bea1-6b54b7f1de54",
    "timestamp": "unknown"
  },
  {
    "title": "--.rtf",
    "link": "https://investors.zenasbio.com/static-files/943288ed-a59c-4b1e-a33e-5137a9ccd638",
    "timestamp": "unknown"
  },
  {
    "title": "--.xls",
    "link": "https://investors.zenasbio.com/static-files/146616dc-c705-4f4d-b1f9-ebae2333b064",
    "timestamp": "unknown"
  },
  {
    "title": "Oct ,SCHEDULE 13D/ASCHEDULE 13D/A - DescriptionOtherView HTML--.pdf--.rtf--.xls",
    "link": "https://investors.zenasbio.com/sec-filings/sec-filing/schedule-13da/--",
    "timestamp": "unknown"
  },
  {
    "title": "View HTML--.pdf--.rtf--.xls",
    "link": "https://investors.zenasbio.com/node//html",
    "timestamp": "unknown"
  },
  {
    "title": "--.pdf",
    "link": "https://investors.zenasbio.com/static-files/80d45f7d-a6b4---e9f925e5520c",
    "timestamp": "unknown"
  },
  {
    "title": "--.rtf",
    "link": "https://investors.zenasbio.com/static-files/47501b84-9df3---ea4b9e6f4de3",
    "timestamp": "unknown"
  },
  {
    "title": "--.xls",
    "link": "https://investors.zenasbio.com/static-files/e1cd69e3-badb---a94aeb5aa72b",
    "timestamp": "unknown"
  },
  {
    "title": "Oct ,Statement of changes in beneficial ownership of securities,,View HTML--.pdf--.rtf--.xls",
    "link": "https://investors.zenasbio.com/sec-filings/sec-filing//--",
    "timestamp": "unknown"
  },
  {
    "title": "View HTML--.pdf--.rtf--.xls",
    "link": "https://investors.zenasbio.com/node//html",
    "timestamp": "unknown"
  },
  {
    "title": "--.pdf",
    "link": "https://investors.zenasbio.com/static-files/da53504c-47be-44a7-ac5f-c4a0b6517cac",
    "timestamp": "unknown"
  },
  {
    "title": "--.rtf",
    "link": "https://investors.zenasbio.com/static-files/18c81e21-d8df-4ee3--0279936eeb0b",
    "timestamp": "unknown"
  },
  {
    "title": "--.xls",
    "link": "https://investors.zenasbio.com/static-files/828f38be-c7ad-4d55-96a5-07080a374e9e",
    "timestamp": "unknown"
  },
  {
    "title": "Oct ,-KReport of unscheduled material events or corporate eventCurrent ReportsView HTML--.pdf--.rtf--.xlsEX-.SCH - XBRL TAXONOMY EXTENSION SCHEMA",
    "link": "https://investors.zenasbio.com/sec-filings/sec-filing/-k/--",
    "timestamp": "unknown"
  },
  {
    "title": "View HTML--.pdf--.rtf--.xlsEX-.SCH - XBRL TAXONOMY EXTENSION SCHEMA",
    "link": "https://investors.zenasbio.com/node//html",
    "timestamp": "unknown"
  },
  {
    "title": "--.pdf",
    "link": "https://investors.zenasbio.com/static-files/56f97bb2-2f30-4d54-a47b-2a226cadee31",
    "timestamp": "unknown"
  },
  {
    "title": "--.rtf",
    "link": "https://investors.zenasbio.com/static-files/a4bd0892-62a0--9ad3-a5b5be6fcb55",
    "timestamp": "unknown"
  },
  {
    "title": "--.xls",
    "link": "https://investors.zenasbio.com/static-files/a9df6e04-90fd--9cec-cbb66048fc43",
    "timestamp": "unknown"
  },
  {
    "title": "Oct ,S-3ASRS-3ASRRegistration StatementsView HTML--.pdf--.rtf--.xls",
    "link": "https://investors.zenasbio.com/sec-filings/sec-filing/s-3asr/--",
    "timestamp": "unknown"
  },
  {
    "title": "View HTML--.pdf--.rtf--.xls",
    "link": "https://investors.zenasbio.com/node//html",
    "timestamp": "unknown"
  },
  {
    "title": "--.pdf",
    "link": "https://investors.zenasbio.com/static-files/29275bc7-8be3--b4cc-8104ffbb7b60",
    "timestamp": "unknown"
  },
  {
    "title": "--.rtf",
    "link": "https://investors.zenasbio.com/static-files/5c5cb315--48e9-b867-c104f5347610",
    "timestamp": "unknown"
  },
  {
    "title": "--.xls",
    "link": "https://investors.zenasbio.com/static-files/6ae5a6e8-d214-4a5b-ae52-bc8d23a67a89",
    "timestamp": "unknown"
  },
  {
    "title": "Sep ,SCHEDULE 13G/ASCHEDULE 13G/A - DescriptionOtherView HTML--.pdf--.rtf--.xls",
    "link": "https://investors.zenasbio.com/sec-filings/sec-filing/schedule-13ga/--",
    "timestamp": "unknown"
  },
  {
    "title": "View HTML--.pdf--.rtf--.xls",
    "link": "https://investors.zenasbio.com/node//html",
    "timestamp": "unknown"
  },
  {
    "title": "--.pdf",
    "link": "https://investors.zenasbio.com/static-files/03d6ae92--4b16-83fb-9054a368d357",
    "timestamp": "unknown"
  },
  {
    "title": "--.rtf",
    "link": "https://investors.zenasbio.com/static-files/a0605d87-e8ed-4f79-8afd-1b08c3101f9a",
    "timestamp": "unknown"
  },
  {
    "title": "--.xls",
    "link": "https://investors.zenasbio.com/static-files/6cd4a8f9-d614-45c6-8e4e-571472673c44",
    "timestamp": "unknown"
  },
  {
    "title": "Sep ,-KReport of unscheduled material events or corporate eventCurrent ReportsView HTML--.pdf--.rtf--.xlsEX-.SCH - XBRL TAXONOMY EXTENSION SCHEMA",
    "link": "https://investors.zenasbio.com/sec-filings/sec-filing/-k/--",
    "timestamp": "unknown"
  },
  {
    "title": "View HTML--.pdf--.rtf--.xlsEX-.SCH - XBRL TAXONOMY EXTENSION SCHEMA",
    "link": "https://investors.zenasbio.com/node//html",
    "timestamp": "unknown"
  },
  {
    "title": "--.pdf",
    "link": "https://investors.zenasbio.com/static-files/880bc7ac-17ee--85a4-8282110c716d",
    "timestamp": "unknown"
  },
  {
    "title": "--.rtf",
    "link": "https://investors.zenasbio.com/static-files/d7ca7125-c561--af0b-56fbb098ee6f",
    "timestamp": "unknown"
  },
  {
    "title": "--.xls",
    "link": "https://investors.zenasbio.com/static-files/f90e4e50-c3ef-4c85-ac35-7cca009c8c0e",
    "timestamp": "unknown"
  },
  {
    "title": "Aug ,-KReport of unscheduled material events or corporate eventCurrent ReportsView HTML--.pdf--.rtf--.xlsEX-.SCH - XBRL TAXONOMY EXTENSION SCHEMA",
    "link": "https://investors.zenasbio.com/sec-filings/sec-filing/-k/--",
    "timestamp": "unknown"
  },
  {
    "title": "View HTML--.pdf--.rtf--.xlsEX-.SCH - XBRL TAXONOMY EXTENSION SCHEMA",
    "link": "https://investors.zenasbio.com/node//html",
    "timestamp": "unknown"
  },
  {
    "title": "--.pdf",
    "link": "https://investors.zenasbio.com/static-files/45b1bb8f-4ab5--be00-94058a864838",
    "timestamp": "unknown"
  },
  {
    "title": "--.rtf",
    "link": "https://investors.zenasbio.com/static-files/8ff210ce-bc53-408c-a056-b5558723b88f",
    "timestamp": "unknown"
  },
  {
    "title": "--.xls",
    "link": "https://investors.zenasbio.com/static-files/ad17e100-e0e0-47d2-b566-a7079e4376d2",
    "timestamp": "unknown"
  },
  {
    "title": "Aug ,-QQuarterly report which provides a continuing view of a company's financial positionQuarterly FilingsView HTML--.pdf--.rtf--.xlsEX-.SCH - XBRL T",
    "link": "https://investors.zenasbio.com/sec-filings/sec-filing/-q/--",
    "timestamp": "unknown"
  },
  {
    "title": "View HTML--.pdf--.rtf--.xlsEX-.SCH - XBRL TAXONOMY EXTENSION SCHEMA",
    "link": "https://investors.zenasbio.com/node//html",
    "timestamp": "unknown"
  },
  {
    "title": "--.pdf",
    "link": "https://investors.zenasbio.com/static-files/6ccc2ccd-4f15-40ac--21c93c005234",
    "timestamp": "unknown"
  },
  {
    "title": "--.rtf",
    "link": "https://investors.zenasbio.com/static-files/6cd79028-aaf4-43da-a605-219f505cdd70",
    "timestamp": "unknown"
  },
  {
    "title": "--.xls",
    "link": "https://investors.zenasbio.com/static-files/91d9e43f--4f18-b5d4-1379450c2046",
    "timestamp": "unknown"
  },
  {
    "title": "Current pagePagePage\u2026Next page\u203aLast page\u00bbDisplaying  -  of  results",
    "link": "https://investors.zenasbio.com/financial-information/sec-filings?&field_nir_sec_cik_target_id=&field_nir_sec_date_filed_value=&&&items_per_page_toggle=&page=",
    "timestamp": "unknown"
  },
  {
    "title": "Current pagePagePage\u2026Next page\u203aLast page\u00bb",
    "link": "https://investors.zenasbio.com/financial-information/sec-filings?&field_nir_sec_cik_target_id=&field_nir_sec_date_filed_value=&&&items_per_page_toggle=&page=",
    "timestamp": "unknown"
  },
  {
    "title": "Current page",
    "link": "https://investors.zenasbio.com/financial-information/sec-filings?&field_nir_sec_cik_target_id=&field_nir_sec_date_filed_value=&&&items_per_page_toggle=&page=",
    "timestamp": "unknown"
  },
  {
    "title": "Page",
    "link": "https://investors.zenasbio.com/financial-information/sec-filings?&field_nir_sec_cik_target_id=&field_nir_sec_date_filed_value=&&&items_per_page_toggle=&page=",
    "timestamp": "unknown"
  },
  {
    "title": "Page",
    "link": "https://investors.zenasbio.com/financial-information/sec-filings?&field_nir_sec_cik_target_id=&field_nir_sec_date_filed_value=&&&items_per_page_toggle=&page=",
    "timestamp": "unknown"
  },
  {
    "title": "Next page\u203a",
    "link": "https://investors.zenasbio.com/financial-information/sec-filings?&field_nir_sec_cik_target_id=&field_nir_sec_date_filed_value=&&&items_per_page_toggle=&page=",
    "timestamp": "unknown"
  },
  {
    "title": "Last page\u00bb",
    "link": "https://investors.zenasbio.com/financial-information/sec-filings?&field_nir_sec_cik_target_id=&field_nir_sec_date_filed_value=&&&items_per_page_toggle=&page=",
    "timestamp": "unknown"
  },
  {
    "title": "Data provided byKaleidoscope.",
    "link": "https://www.kscope.io",
    "timestamp": "unknown"
  },
  {
    "title": "Data provided byKaleidoscope.",
    "link": "https://www.kscope.io",
    "timestamp": "unknown"
  },
  {
    "title": "Who We AreOur SciencePatients & CaregiversInvestors & MediaZenas Experience",
    "link": "https://zenasbio.com/who-we-are/",
    "timestamp": "unknown"
  },
  {
    "title": "Who We AreOur SciencePatients & CaregiversInvestors & MediaZenas Experience",
    "link": "https://zenasbio.com/who-we-are/",
    "timestamp": "unknown"
  },
  {
    "title": "Who We AreOur SciencePatients & CaregiversInvestors & MediaZenas Experience",
    "link": "https://zenasbio.com/who-we-are/",
    "timestamp": "unknown"
  },
  {
    "title": "Who We AreOur SciencePatients & CaregiversInvestors & MediaZenas Experience",
    "link": "https://zenasbio.com/who-we-are/",
    "timestamp": "unknown"
  },
  {
    "title": "Who We Are",
    "link": "https://zenasbio.com/who-we-are/",
    "timestamp": "unknown"
  },
  {
    "title": "Our Science",
    "link": "https://zenasbio.com/our-science/",
    "timestamp": "unknown"
  },
  {
    "title": "Patients & Caregivers",
    "link": "https://zenasbio.com/patients-caregivers/",
    "timestamp": "unknown"
  },
  {
    "title": "Investors & Media",
    "link": "https://investors.zenasbio.com/investor-relations",
    "timestamp": "unknown"
  },
  {
    "title": "Zenas Experience",
    "link": "https://zenasbio.com/zenas-experience/",
    "timestamp": "unknown"
  },
  {
    "title": "Terms of ServicePrivacy PolicyEU-US Data Privacy Framework PolicyContact Us\u00a9 Zenas BioPharma, Inc. . The Zenas BioPharma word mark and logos are trade",
    "link": "https://zenasbio.com/terms-of-service/",
    "timestamp": "unknown"
  },
  {
    "title": "Terms of ServicePrivacy PolicyEU-US Data Privacy Framework PolicyContact Us\u00a9 Zenas BioPharma, Inc. . The Zenas BioPharma word mark and logos are trade",
    "link": "https://zenasbio.com/terms-of-service/",
    "timestamp": "unknown"
  },
  {
    "title": "Terms of ServicePrivacy PolicyEU-US Data Privacy Framework PolicyContact Us",
    "link": "https://zenasbio.com/terms-of-service/",
    "timestamp": "unknown"
  },
  {
    "title": "Terms of ServicePrivacy PolicyEU-US Data Privacy Framework PolicyContact Us",
    "link": "https://zenasbio.com/terms-of-service/",
    "timestamp": "unknown"
  },
  {
    "title": "Terms of ServicePrivacy PolicyEU-US Data Privacy Framework PolicyContact Us",
    "link": "https://zenasbio.com/terms-of-service/",
    "timestamp": "unknown"
  },
  {
    "title": "Terms of Service",
    "link": "https://zenasbio.com/terms-of-service/",
    "timestamp": "unknown"
  },
  {
    "title": "Privacy Policy",
    "link": "https://zenasbio.com/privacy-policy/",
    "timestamp": "unknown"
  },
  {
    "title": "EU-US Data Privacy Framework Policy",
    "link": "https://zenasbio.com/eu-us-data-privacy-framework-policy/",
    "timestamp": "unknown"
  },
  {
    "title": "Contact Us",
    "link": "https://zenasbio.com/contact-us/",
    "timestamp": "unknown"
  }
]