[
  {
    "title": "Mobile Main navigationExpandOur CompanyAbout AlnylamLeadershipDiversity, Equity & InclusionPatient Access PhilosophyCorporate ResponsibilityAlnylam Ch",
    "link": "https://investors.alnylam.com/financial-information?sec=",
    "timestamp": "unknown"
  },
  {
    "title": "Mobile Main navigationExpandOur CompanyAbout AlnylamLeadershipDiversity, Equity & InclusionPatient Access PhilosophyCorporate ResponsibilityAlnylam Ch",
    "link": "https://investors.alnylam.com/financial-information?sec=",
    "timestamp": "unknown"
  },
  {
    "title": "Mobile Main navigationExpandOur CompanyAbout AlnylamLeadershipDiversity, Equity & InclusionPatient Access PhilosophyCorporate ResponsibilityAlnylam Ch",
    "link": "https://investors.alnylam.com/financial-information?sec=",
    "timestamp": "unknown"
  },
  {
    "title": "Mobile Main navigationExpandOur CompanyAbout AlnylamLeadershipDiversity, Equity & InclusionPatient Access PhilosophyCorporate ResponsibilityAlnylam Ch",
    "link": "https://investors.alnylam.com/financial-information?sec=",
    "timestamp": "unknown"
  },
  {
    "title": "Mobile Main navigationExpandOur CompanyAbout AlnylamLeadershipDiversity, Equity & InclusionPatient Access PhilosophyCorporate ResponsibilityAlnylam Ch",
    "link": "https://investors.alnylam.com/financial-information?sec=",
    "timestamp": "unknown"
  },
  {
    "title": "Mobile Main navigationExpandOur CompanyAbout AlnylamLeadershipDiversity, Equity & InclusionPatient Access PhilosophyCorporate ResponsibilityAlnylam Ch",
    "link": "https://investors.alnylam.com/financial-information?sec=",
    "timestamp": "unknown"
  },
  {
    "title": "Mobile Main navigationExpandOur CompanyAbout AlnylamLeadershipDiversity, Equity & InclusionPatient Access PhilosophyCorporate ResponsibilityAlnylam Ch",
    "link": "https://investors.alnylam.com/financial-information?sec=",
    "timestamp": "unknown"
  },
  {
    "title": "Mobile Main navigationExpandOur CompanyAbout AlnylamLeadershipDiversity, Equity & InclusionPatient Access PhilosophyCorporate ResponsibilityAlnylam Ch",
    "link": "https://investors.alnylam.com/financial-information?sec=",
    "timestamp": "unknown"
  },
  {
    "title": "Mobile Main navigationExpandOur CompanyAbout AlnylamLeadershipDiversity, Equity & InclusionPatient Access PhilosophyCorporate ResponsibilityAlnylam Ch",
    "link": "https://investors.alnylam.com/financial-information?sec=",
    "timestamp": "unknown"
  },
  {
    "title": "Mobile Main navigation",
    "link": "https://investors.alnylam.com/financial-information?sec=",
    "timestamp": "unknown"
  },
  {
    "title": "ExpandOur CompanyAbout AlnylamLeadershipDiversity, Equity & InclusionPatient Access PhilosophyCorporate ResponsibilityAlnylam ChallengersTransparencyG",
    "link": "https://investors.alnylam.com/financial-information?sec=",
    "timestamp": "unknown"
  },
  {
    "title": "About Alnylam",
    "link": "https://www.alnylam.com/about-alnylam",
    "timestamp": "unknown"
  },
  {
    "title": "Leadership",
    "link": "https://www.alnylam.com/about-alnylam/alnylam-leadership",
    "timestamp": "unknown"
  },
  {
    "title": "Diversity, Equity & Inclusion",
    "link": "https://www.alnylam.com/about-alnylam/diversity-inclusion",
    "timestamp": "unknown"
  },
  {
    "title": "Patient Access Philosophy",
    "link": "https://www.alnylam.com/about-alnylam/patient-access-philosophy",
    "timestamp": "unknown"
  },
  {
    "title": "Corporate Responsibility",
    "link": "https://www.alnylam.com/about-alnylam/corporate-responsibility",
    "timestamp": "unknown"
  },
  {
    "title": "Alnylam Challengers",
    "link": "https://www.alnylam.com/about-alnylam/alnylam-challengers",
    "timestamp": "unknown"
  },
  {
    "title": "Transparency",
    "link": "https://www.alnylam.com/about-alnylam/transparency",
    "timestamp": "unknown"
  },
  {
    "title": "Grants & Giving",
    "link": "https://www.alnylam.com/about-alnylam/grants-and-giving",
    "timestamp": "unknown"
  },
  {
    "title": "Investigator Initiated Studies (IIS)",
    "link": "https://www.alnylam.com/about-alnylam/investigator-initiated-studies",
    "timestamp": "unknown"
  },
  {
    "title": "ExpandOur ScienceThe Science of RNAiDelivery PlatformsMaking Our MedicinesTherapeutic AreasPipelineClinical TrialsScientific Advisory BoardIntellectua",
    "link": "https://investors.alnylam.com/financial-information?sec=",
    "timestamp": "unknown"
  },
  {
    "title": "The Science of RNAi",
    "link": "https://www.alnylam.com/our-science/the-science-of-rnai",
    "timestamp": "unknown"
  },
  {
    "title": "Delivery Platforms",
    "link": "https://www.alnylam.com/our-science/sirna-delivery-platforms",
    "timestamp": "unknown"
  },
  {
    "title": "Making Our Medicines",
    "link": "https://www.alnylam.com/our-science/making-our-medicines",
    "timestamp": "unknown"
  },
  {
    "title": "Therapeutic Areas",
    "link": "https://www.alnylam.com/alnylam-rnai-pipeline",
    "timestamp": "unknown"
  },
  {
    "title": "Pipeline",
    "link": "https://www.alnylam.com/alnylam-rnai-pipeline",
    "timestamp": "unknown"
  },
  {
    "title": "Clinical Trials",
    "link": "https://www.alnylam.com/alnylam-rnai-pipeline/clinical-trials",
    "timestamp": "unknown"
  },
  {
    "title": "Scientific Advisory Board",
    "link": "https://www.alnylam.com/our-science/alnylam-scientific-advisory-board",
    "timestamp": "unknown"
  },
  {
    "title": "Intellectual Property",
    "link": "https://www.alnylam.com/our-science/intellectual-property",
    "timestamp": "unknown"
  },
  {
    "title": "Capella (Scientific\u00a0Presentations)",
    "link": "https://www.alnylam.com/our-science/capella-rnai-innovation",
    "timestamp": "unknown"
  },
  {
    "title": "ExpandOur ProductsProduct Listing",
    "link": "https://investors.alnylam.com/financial-information?sec=",
    "timestamp": "unknown"
  },
  {
    "title": "Product Listing",
    "link": "https://www.alnylam.com/our-products",
    "timestamp": "unknown"
  },
  {
    "title": "ExpandOur NewsNewsroomPress ReleasesCapella (Scientific\u00a0Presentations)Media Kit",
    "link": "https://investors.alnylam.com/financial-information?sec=",
    "timestamp": "unknown"
  },
  {
    "title": "Newsroom",
    "link": "https://news.alnylam.com/",
    "timestamp": "unknown"
  },
  {
    "title": "Press Releases",
    "link": "https://investors.alnylam.com/press-releases",
    "timestamp": "unknown"
  },
  {
    "title": "Capella (Scientific\u00a0Presentations)",
    "link": "https://capella.alnylam.com/our-science/capella-rnai-innovation/",
    "timestamp": "unknown"
  },
  {
    "title": "Media Kit",
    "link": "https://www.alnylam.com/media-kit",
    "timestamp": "unknown"
  },
  {
    "title": "ExpandInvestorsFor InvestorsStock InformationInvestors ToolkitEvents & PresentationsFinancial InformationSEC FilingsCorporate GovernanceAnalyst Covera",
    "link": "https://investors.alnylam.com/financial-information?sec=",
    "timestamp": "unknown"
  },
  {
    "title": "For Investors",
    "link": "https://investors.alnylam.com/",
    "timestamp": "unknown"
  },
  {
    "title": "Stock Information",
    "link": "https://investors.alnylam.com/alny-stock-information",
    "timestamp": "unknown"
  },
  {
    "title": "Investors Toolkit",
    "link": "https://investors.alnylam.com/investor-toolkit",
    "timestamp": "unknown"
  },
  {
    "title": "Events & Presentations",
    "link": "https://investors.alnylam.com/events",
    "timestamp": "unknown"
  },
  {
    "title": "Financial Information",
    "link": "https://investors.alnylam.com/financial-information",
    "timestamp": "unknown"
  },
  {
    "title": "SEC Filings",
    "link": "https://investors.alnylam.com/financial-information?sec=#sec_filings",
    "timestamp": "unknown"
  },
  {
    "title": "Corporate Governance",
    "link": "https://investors.alnylam.com/corporate-governance",
    "timestamp": "unknown"
  },
  {
    "title": "Analyst Coverage",
    "link": "https://investors.alnylam.com/analyst-coverage",
    "timestamp": "unknown"
  },
  {
    "title": "Fundamentals",
    "link": "https://investors.alnylam.com/financial-statements",
    "timestamp": "unknown"
  },
  {
    "title": "Ownership Profile",
    "link": "https://investors.alnylam.com/ownership-profile",
    "timestamp": "unknown"
  },
  {
    "title": "Annual Meetings",
    "link": "https://investors.alnylam.com/annual-meetings",
    "timestamp": "unknown"
  },
  {
    "title": "Press Releases",
    "link": "https://investors.alnylam.com/press-releases",
    "timestamp": "unknown"
  },
  {
    "title": "Capella (Scientific\u00a0Presentations)",
    "link": "https://capella.alnylam.com/our-science/capella-rnai-innovation/",
    "timestamp": "unknown"
  },
  {
    "title": "FAQs",
    "link": "https://investors.alnylam.com/faq",
    "timestamp": "unknown"
  },
  {
    "title": "ExpandMedical ProfessionalsFor Medical ProfessionalsGenetic Testing & CounselingEarly Access ProgramMedical Publication SupportInvestigator Initiated ",
    "link": "https://investors.alnylam.com/financial-information?sec=",
    "timestamp": "unknown"
  },
  {
    "title": "For Medical Professionals",
    "link": "https://www.alnylam.com/medical-professional-resources",
    "timestamp": "unknown"
  },
  {
    "title": "Genetic Testing & Counseling",
    "link": "https://www.alnylam.com/medical-professional-resources/genetic-testing-counseling",
    "timestamp": "unknown"
  },
  {
    "title": "Early Access Program",
    "link": "https://www.alnylam.com/medical-professional-resources/early-access-program",
    "timestamp": "unknown"
  },
  {
    "title": "Medical Publication Support",
    "link": "https://www.alnylam.com/medical-publication-support",
    "timestamp": "unknown"
  },
  {
    "title": "Investigator Initiated Studies (IIS)",
    "link": "https://www.alnylam.com/about-alnylam/investigator-initiated-studies",
    "timestamp": "unknown"
  },
  {
    "title": "ExpandPatientsFor PatientsAmyloidosisAcute Hepatic PorphyriaPrimary HyperoxaluriaPatient ServicesGenetic Testing and CounselingPatient Advocacy",
    "link": "https://investors.alnylam.com/financial-information?sec=",
    "timestamp": "unknown"
  },
  {
    "title": "For Patients",
    "link": "https://www.alnylam.com/patients",
    "timestamp": "unknown"
  },
  {
    "title": "Amyloidosis",
    "link": "https://www.alnylam.com/patients/amyloidosis",
    "timestamp": "unknown"
  },
  {
    "title": "Acute Hepatic Porphyria",
    "link": "https://www.alnylam.com/patients/porphyria",
    "timestamp": "unknown"
  },
  {
    "title": "Primary Hyperoxaluria",
    "link": "https://www.alnylam.com/patients/primary-hyperoxaluria",
    "timestamp": "unknown"
  },
  {
    "title": "Patient Services",
    "link": "https://www.alnylam.com/patients/patient-services",
    "timestamp": "unknown"
  },
  {
    "title": "Genetic Testing and Counseling",
    "link": "https://www.alnylam.com/patients/genetic-testing-and-counseling-program",
    "timestamp": "unknown"
  },
  {
    "title": "Patient Advocacy",
    "link": "https://www.alnylam.com/patients/patient-advocacy",
    "timestamp": "unknown"
  },
  {
    "title": "ExpandCareersAbout CareersWorking at AlnylamSearch JobsDiversity, Equity & Inclusion",
    "link": "https://investors.alnylam.com/financial-information?sec=",
    "timestamp": "unknown"
  },
  {
    "title": "About Careers",
    "link": "https://www.alnylam.com/careers",
    "timestamp": "unknown"
  },
  {
    "title": "Working at Alnylam",
    "link": "https://www.alnylam.com/careers/working-at-alnylam",
    "timestamp": "unknown"
  },
  {
    "title": "Search Jobs",
    "link": "https://jobs.alnylam.com/careers",
    "timestamp": "unknown"
  },
  {
    "title": "Diversity, Equity & Inclusion",
    "link": "https://www.alnylam.com/about-alnylam/diversity-inclusion",
    "timestamp": "unknown"
  },
  {
    "title": "ExpandQuick LinksClinical TrialsCorporate ResponsibilityDiversity, Equity & InclusionPress ReleasesCapella (Scientific\u00a0Presentations)Medical Resources",
    "link": "https://investors.alnylam.com/financial-information?sec=",
    "timestamp": "unknown"
  },
  {
    "title": "Clinical Trials",
    "link": "https://www.alnylam.com/alnylam-rnai-pipeline/clinical-trials",
    "timestamp": "unknown"
  },
  {
    "title": "Corporate Responsibility",
    "link": "https://www.alnylam.com/about-alnylam/corporate-responsibility",
    "timestamp": "unknown"
  },
  {
    "title": "Diversity, Equity & Inclusion",
    "link": "https://www.alnylam.com/about-alnylam/diversity-inclusion",
    "timestamp": "unknown"
  },
  {
    "title": "Press Releases",
    "link": "https://investors.alnylam.com/press-releases",
    "timestamp": "unknown"
  },
  {
    "title": "Capella (Scientific\u00a0Presentations)",
    "link": "https://capella.alnylam.com/our-science/capella-rnai-innovation/",
    "timestamp": "unknown"
  },
  {
    "title": "Medical Resources (RNAi Science)",
    "link": "https://www.rnaiscience.com/",
    "timestamp": "unknown"
  },
  {
    "title": "Contact Us",
    "link": "https://www.alnylam.com/contact-us",
    "timestamp": "unknown"
  },
  {
    "title": "Follow Us:youtubefacebookXlinkedininstagram",
    "link": "https://www.youtube.com/channel/UCUZReY0GSAJ1w-MULQb9_Rw",
    "timestamp": "unknown"
  },
  {
    "title": "youtube",
    "link": "https://www.youtube.com/channel/UCUZReY0GSAJ1w-MULQb9_Rw",
    "timestamp": "unknown"
  },
  {
    "title": "facebook",
    "link": "https://facebook.com/alnylampharma",
    "timestamp": "unknown"
  },
  {
    "title": "X",
    "link": "https://twitter.com/alnylam",
    "timestamp": "unknown"
  },
  {
    "title": "linkedin",
    "link": "https://www.linkedin.com/company/alnylam-pharmaceuticals/",
    "timestamp": "unknown"
  },
  {
    "title": "instagram",
    "link": "https://www.instagram.com/alnylampharma/",
    "timestamp": "unknown"
  },
  {
    "title": "Our Company\u00bbAbout AlnylamLeadershipDiversity, Equity & InclusionPatient Access PhilosophyCorporate ResponsibilityAlnylam ChallengersTransparencyGrants",
    "link": "https://www.alnylam.com/about-alnylam",
    "timestamp": "unknown"
  },
  {
    "title": "About Alnylam",
    "link": "https://www.alnylam.com/about-alnylam",
    "timestamp": "unknown"
  },
  {
    "title": "Leadership",
    "link": "https://www.alnylam.com/about-alnylam/alnylam-leadership",
    "timestamp": "unknown"
  },
  {
    "title": "Diversity, Equity & Inclusion",
    "link": "https://www.alnylam.com/about-alnylam/diversity-inclusion",
    "timestamp": "unknown"
  },
  {
    "title": "Patient Access Philosophy",
    "link": "https://www.alnylam.com/about-alnylam/patient-access-philosophy",
    "timestamp": "unknown"
  },
  {
    "title": "Corporate Responsibility",
    "link": "https://www.alnylam.com/about-alnylam/corporate-responsibility",
    "timestamp": "unknown"
  },
  {
    "title": "Alnylam Challengers",
    "link": "https://www.alnylam.com/about-alnylam/about-alnylam/alnylam-challengers",
    "timestamp": "unknown"
  },
  {
    "title": "Transparency",
    "link": "https://www.alnylam.com/about-alnylam/transparency",
    "timestamp": "unknown"
  },
  {
    "title": "Grants & Giving",
    "link": "https://www.alnylam.com/about-alnylam/grants-and-giving",
    "timestamp": "unknown"
  },
  {
    "title": "Investigator Initiated Studies (IIS)",
    "link": "https://www.alnylam.com/about-alnylam/investigator-initiated-studies",
    "timestamp": "unknown"
  },
  {
    "title": "Our Science\u00bbThe Science of RNAiDelivery PlatformsMaking Our MedicinesTherapeutic AreasPipelineClinical TrialsScientific Advisory BoardIntellectual Pro",
    "link": "https://www.alnylam.com/our-science/the-science-of-rnai",
    "timestamp": "unknown"
  },
  {
    "title": "The Science of RNAi",
    "link": "https://www.alnylam.com/our-science/the-science-of-rnai",
    "timestamp": "unknown"
  },
  {
    "title": "Delivery Platforms",
    "link": "https://www.alnylam.com/our-science/sirna-delivery-platforms",
    "timestamp": "unknown"
  },
  {
    "title": "Making Our Medicines",
    "link": "https://www.alnylam.com/our-science/making-our-medicines",
    "timestamp": "unknown"
  },
  {
    "title": "Therapeutic Areas",
    "link": "https://www.alnylam.com/alnylam-rnai-pipeline",
    "timestamp": "unknown"
  },
  {
    "title": "Pipeline",
    "link": "https://www.alnylam.com/alnylam-rnai-pipeline",
    "timestamp": "unknown"
  },
  {
    "title": "Clinical Trials",
    "link": "https://www.alnylam.com/alnylam-rnai-pipeline/clinical-trials",
    "timestamp": "unknown"
  },
  {
    "title": "Scientific Advisory Board",
    "link": "https://www.alnylam.com/our-science/alnylam-scientific-advisory-board",
    "timestamp": "unknown"
  },
  {
    "title": "Intellectual Property",
    "link": "https://www.alnylam.com/our-science/intellectual-property",
    "timestamp": "unknown"
  },
  {
    "title": "Capella (Scientific\u00a0Presentations)",
    "link": "https://www.alnylam.com/our-science/capella-rnai-innovation",
    "timestamp": "unknown"
  },
  {
    "title": "Our Products\u00bbProduct Listing",
    "link": "https://www.alnylam.com/our-products",
    "timestamp": "unknown"
  },
  {
    "title": "Product Listing",
    "link": "https://www.alnylam.com/our-products",
    "timestamp": "unknown"
  },
  {
    "title": "Our News\u00bbNewsroomPress ReleasesCapella (Scientific\u00a0Presentations)Media Kit",
    "link": "https://news.alnylam.com/",
    "timestamp": "unknown"
  },
  {
    "title": "Newsroom",
    "link": "https://news.alnylam.com/",
    "timestamp": "unknown"
  },
  {
    "title": "Press Releases",
    "link": "https://investors.alnylam.com/press-releases",
    "timestamp": "unknown"
  },
  {
    "title": "Capella (Scientific\u00a0Presentations)",
    "link": "https://capella.alnylam.com/our-science/capella-rnai-innovation/",
    "timestamp": "unknown"
  },
  {
    "title": "Media Kit",
    "link": "https://www.alnylam.com/media-kit",
    "timestamp": "unknown"
  },
  {
    "title": "Investors\u00bbFor InvestorsStock InformationInvestors ToolkitEvents & PresentationsFinancial InformationSEC FilingsCorporate GovernanceAnalyst CoverageFun",
    "link": "https://investors.alnylam.com/",
    "timestamp": "unknown"
  },
  {
    "title": "For Investors",
    "link": "https://investors.alnylam.com/",
    "timestamp": "unknown"
  },
  {
    "title": "Stock Information",
    "link": "https://investors.alnylam.com/alny-stock-information",
    "timestamp": "unknown"
  },
  {
    "title": "Investors Toolkit",
    "link": "https://investors.alnylam.com/investor-toolkit",
    "timestamp": "unknown"
  },
  {
    "title": "Events & Presentations",
    "link": "https://investors.alnylam.com/events",
    "timestamp": "unknown"
  },
  {
    "title": "Financial Information",
    "link": "https://investors.alnylam.com/financial-information",
    "timestamp": "unknown"
  },
  {
    "title": "SEC Filings",
    "link": "https://investors.alnylam.com/financial-information?sec=#sec_filings",
    "timestamp": "unknown"
  },
  {
    "title": "Corporate Governance",
    "link": "https://investors.alnylam.com/corporate-governance",
    "timestamp": "unknown"
  },
  {
    "title": "Analyst Coverage",
    "link": "https://investors.alnylam.com/analyst-coverage",
    "timestamp": "unknown"
  },
  {
    "title": "Fundamentals",
    "link": "https://investors.alnylam.com/financial-statements",
    "timestamp": "unknown"
  },
  {
    "title": "Ownership Profile",
    "link": "https://investors.alnylam.com/ownership-profile",
    "timestamp": "unknown"
  },
  {
    "title": "Annual Meetings",
    "link": "https://investors.alnylam.com/annual-meetings",
    "timestamp": "unknown"
  },
  {
    "title": "Press Releases",
    "link": "https://investors.alnylam.com/press-releases",
    "timestamp": "unknown"
  },
  {
    "title": "Capella (Scientific\u00a0Presentations)",
    "link": "https://capella.alnylam.com/our-science/capella-rnai-innovation/",
    "timestamp": "unknown"
  },
  {
    "title": "FAQs",
    "link": "https://investors.alnylam.com/faq",
    "timestamp": "unknown"
  },
  {
    "title": "Medical Professionals\u00bbFor Medical ProfessionalsGenetic Testing & CounselingEarly Access ProgramMedical Publication SupportInvestigator Initiated Studi",
    "link": "https://www.alnylam.com/medical-professional-resources",
    "timestamp": "unknown"
  },
  {
    "title": "For Medical Professionals",
    "link": "https://www.alnylam.com/medical-professional-resources",
    "timestamp": "unknown"
  },
  {
    "title": "Genetic Testing & Counseling",
    "link": "https://www.alnylam.com/medical-professional-resources/genetic-testing-counseling",
    "timestamp": "unknown"
  },
  {
    "title": "Early Access Program",
    "link": "https://www.alnylam.com/medical-professional-resources/early-access-program",
    "timestamp": "unknown"
  },
  {
    "title": "Medical Publication Support",
    "link": "https://www.alnylam.com/medical-publication-support",
    "timestamp": "unknown"
  },
  {
    "title": "Investigator Initiated Studies (IIS)",
    "link": "https://www.alnylam.com/about-alnylam/investigator-initiated-studies",
    "timestamp": "unknown"
  },
  {
    "title": "Patients\u00bbFor PatientsAmyloidosisAcute Hepatic PorphyriaPrimary HyperoxaluriaPatient ServicesGenetic Testing and CounselingPatient Advocacy",
    "link": "https://www.alnylam.com/patients",
    "timestamp": "unknown"
  },
  {
    "title": "For Patients",
    "link": "https://www.alnylam.com/patients",
    "timestamp": "unknown"
  },
  {
    "title": "Amyloidosis",
    "link": "https://www.alnylam.com/patients/amyloidosis",
    "timestamp": "unknown"
  },
  {
    "title": "Acute Hepatic Porphyria",
    "link": "https://www.alnylam.com/patients/porphyria",
    "timestamp": "unknown"
  },
  {
    "title": "Primary Hyperoxaluria",
    "link": "https://www.alnylam.com/patients/primary-hyperoxaluria",
    "timestamp": "unknown"
  },
  {
    "title": "Patient Services",
    "link": "https://www.alnylam.com/patients/patient-services",
    "timestamp": "unknown"
  },
  {
    "title": "Genetic Testing and Counseling",
    "link": "https://www.alnylam.com/patients/genetic-testing-and-counseling-program",
    "timestamp": "unknown"
  },
  {
    "title": "Patient Advocacy",
    "link": "https://www.alnylam.com/patients/patient-advocacy",
    "timestamp": "unknown"
  },
  {
    "title": "Careers\u00bbAbout CareersWorking at AlnylamSearch JobsDiversity, Equity & Inclusion",
    "link": "https://www.alnylam.com/careers",
    "timestamp": "unknown"
  },
  {
    "title": "About Careers",
    "link": "https://www.alnylam.com/careers",
    "timestamp": "unknown"
  },
  {
    "title": "Working at Alnylam",
    "link": "https://www.alnylam.com/careers/working-at-alnylam",
    "timestamp": "unknown"
  },
  {
    "title": "Search Jobs",
    "link": "https://jobs.alnylam.com/careers",
    "timestamp": "unknown"
  },
  {
    "title": "Diversity, Equity & Inclusion",
    "link": "https://www.alnylam.com/about-alnylam/diversity-inclusion",
    "timestamp": "unknown"
  },
  {
    "title": "Quick Links\u00bbClinical TrialsCorporate ResponsibilityDiversity, Equity & InclusionPress ReleasesCapella (Scientific\u00a0Presentations)Medical Resources (RNA",
    "link": "https://www.alnylam.com/alnylam-rnai-pipeline/clinical-trials",
    "timestamp": "unknown"
  },
  {
    "title": "Clinical Trials",
    "link": "https://www.alnylam.com/alnylam-rnai-pipeline/clinical-trials",
    "timestamp": "unknown"
  },
  {
    "title": "Corporate Responsibility",
    "link": "https://www.alnylam.com/about-alnylam/corporate-responsibility",
    "timestamp": "unknown"
  },
  {
    "title": "Diversity, Equity & Inclusion",
    "link": "https://www.alnylam.com/about-alnylam/diversity-inclusion",
    "timestamp": "unknown"
  },
  {
    "title": "Press Releases",
    "link": "https://investors.alnylam.com/press-releases",
    "timestamp": "unknown"
  },
  {
    "title": "Capella (Scientific\u00a0Presentations)",
    "link": "https://investors.alnylam.com/financial-information?sec=#sec_filings",
    "timestamp": "unknown"
  },
  {
    "title": "Medical Resources (RNAi Science)",
    "link": "https://www.rnaiscience.com/",
    "timestamp": "unknown"
  },
  {
    "title": "Contact Us",
    "link": "https://www.alnylam.com/contact-us",
    "timestamp": "unknown"
  },
  {
    "title": "Follow Us:youtubefacebookXlinkedininstagram",
    "link": "https://www.youtube.com/channel/UCUZReY0GSAJ1w-MULQb9_Rw",
    "timestamp": "unknown"
  },
  {
    "title": "youtube",
    "link": "https://www.youtube.com/channel/UCUZReY0GSAJ1w-MULQb9_Rw",
    "timestamp": "unknown"
  },
  {
    "title": "facebook",
    "link": "https://facebook.com/alnylampharma",
    "timestamp": "unknown"
  },
  {
    "title": "X",
    "link": "https://twitter.com/alnylam",
    "timestamp": "unknown"
  },
  {
    "title": "linkedin",
    "link": "https://www.linkedin.com/company/alnylam-pharmaceuticals/",
    "timestamp": "unknown"
  },
  {
    "title": "instagram",
    "link": "https://www.instagram.com/alnylampharma/",
    "timestamp": "unknown"
  },
  {
    "title": "searchSort bySort By:OrderSort by: Most RecentSort by: OldestSearchlanguageGlobalEnglishAustriaDeutschBelgiumNederlandsFran\u00e7aisBrazilPortugu\u00easCanadaFr",
    "link": "https://www.alnylam.com/",
    "timestamp": "unknown"
  },
  {
    "title": "searchSort bySort By:OrderSort by: Most RecentSort by: OldestSearchlanguageGlobalEnglishAustriaDeutschBelgiumNederlandsFran\u00e7aisBrazilPortugu\u00easCanadaFr",
    "link": "https://www.alnylam.com/",
    "timestamp": "unknown"
  },
  {
    "title": "GlobalEnglishAustriaDeutschBelgiumNederlandsFran\u00e7aisBrazilPortugu\u00easCanadaFran\u00e7aisEnglishDenmarkDanskFranceFran\u00e7aisGermanyDeutschIrelandEnglishItalyIta",
    "link": "https://www.alnylam.com/",
    "timestamp": "unknown"
  },
  {
    "title": "GlobalEnglishAustriaDeutschBelgiumNederlandsFran\u00e7aisBrazilPortugu\u00easCanadaFran\u00e7aisEnglishDenmarkDanskFranceFran\u00e7aisGermanyDeutschIrelandEnglishItalyIta",
    "link": "https://www.alnylam.com/",
    "timestamp": "unknown"
  },
  {
    "title": "GlobalEnglish",
    "link": "https://www.alnylam.com/",
    "timestamp": "unknown"
  },
  {
    "title": "GlobalEnglish",
    "link": "https://www.alnylam.com/",
    "timestamp": "unknown"
  },
  {
    "title": "GlobalEnglish",
    "link": "https://www.alnylam.com/",
    "timestamp": "unknown"
  },
  {
    "title": "English",
    "link": "https://www.alnylam.com/",
    "timestamp": "unknown"
  },
  {
    "title": "English",
    "link": "https://www.alnylam.com/",
    "timestamp": "unknown"
  },
  {
    "title": "AustriaDeutsch",
    "link": "https://www.alnylam.com/alnylam-austria",
    "timestamp": "unknown"
  },
  {
    "title": "AustriaDeutsch",
    "link": "https://www.alnylam.com/alnylam-austria",
    "timestamp": "unknown"
  },
  {
    "title": "AustriaDeutsch",
    "link": "https://www.alnylam.com/alnylam-austria",
    "timestamp": "unknown"
  },
  {
    "title": "Deutsch",
    "link": "https://www.alnylam.com/alnylam-austria",
    "timestamp": "unknown"
  },
  {
    "title": "Deutsch",
    "link": "https://www.alnylam.com/alnylam-austria",
    "timestamp": "unknown"
  },
  {
    "title": "BelgiumNederlandsFran\u00e7ais",
    "link": "https://www.alnylam.com/alnylam-belgium-dutch",
    "timestamp": "unknown"
  },
  {
    "title": "BelgiumNederlandsFran\u00e7ais",
    "link": "https://www.alnylam.com/alnylam-belgium-dutch",
    "timestamp": "unknown"
  },
  {
    "title": "BelgiumNederlandsFran\u00e7ais",
    "link": "https://www.alnylam.com/alnylam-belgium-dutch",
    "timestamp": "unknown"
  },
  {
    "title": "NederlandsFran\u00e7ais",
    "link": "https://www.alnylam.com/alnylam-belgium-dutch",
    "timestamp": "unknown"
  },
  {
    "title": "Nederlands",
    "link": "https://www.alnylam.com/alnylam-belgium-dutch",
    "timestamp": "unknown"
  },
  {
    "title": "Fran\u00e7ais",
    "link": "https://www.alnylam.com/alnylam-belgium-french",
    "timestamp": "unknown"
  },
  {
    "title": "BrazilPortugu\u00eas",
    "link": "https://www.alnylam.com.br/",
    "timestamp": "unknown"
  },
  {
    "title": "BrazilPortugu\u00eas",
    "link": "https://www.alnylam.com.br/",
    "timestamp": "unknown"
  },
  {
    "title": "BrazilPortugu\u00eas",
    "link": "https://www.alnylam.com.br/",
    "timestamp": "unknown"
  },
  {
    "title": "Portugu\u00eas",
    "link": "https://www.alnylam.com.br/",
    "timestamp": "unknown"
  },
  {
    "title": "Portugu\u00eas",
    "link": "https://www.alnylam.com.br/",
    "timestamp": "unknown"
  },
  {
    "title": "CanadaFran\u00e7aisEnglish",
    "link": "https://www.alnylam.ca/fr",
    "timestamp": "unknown"
  },
  {
    "title": "CanadaFran\u00e7aisEnglish",
    "link": "https://www.alnylam.ca/fr",
    "timestamp": "unknown"
  },
  {
    "title": "CanadaFran\u00e7aisEnglish",
    "link": "https://www.alnylam.ca/fr",
    "timestamp": "unknown"
  },
  {
    "title": "Fran\u00e7aisEnglish",
    "link": "https://www.alnylam.ca/fr",
    "timestamp": "unknown"
  },
  {
    "title": "Fran\u00e7ais",
    "link": "https://www.alnylam.ca/fr",
    "timestamp": "unknown"
  },
  {
    "title": "English",
    "link": "https://www.alnylam.ca/",
    "timestamp": "unknown"
  },
  {
    "title": "DenmarkDansk",
    "link": "https://www.alnylam.com/alnylam-denmark",
    "timestamp": "unknown"
  },
  {
    "title": "DenmarkDansk",
    "link": "https://www.alnylam.com/alnylam-denmark",
    "timestamp": "unknown"
  },
  {
    "title": "DenmarkDansk",
    "link": "https://www.alnylam.com/alnylam-denmark",
    "timestamp": "unknown"
  },
  {
    "title": "Dansk",
    "link": "https://www.alnylam.com/alnylam-denmark",
    "timestamp": "unknown"
  },
  {
    "title": "Dansk",
    "link": "https://www.alnylam.com/alnylam-denmark",
    "timestamp": "unknown"
  },
  {
    "title": "FranceFran\u00e7ais",
    "link": "https://www.alnylam.fr/",
    "timestamp": "unknown"
  },
  {
    "title": "FranceFran\u00e7ais",
    "link": "https://www.alnylam.fr/",
    "timestamp": "unknown"
  },
  {
    "title": "FranceFran\u00e7ais",
    "link": "https://www.alnylam.fr/",
    "timestamp": "unknown"
  },
  {
    "title": "Fran\u00e7ais",
    "link": "https://www.alnylam.fr/",
    "timestamp": "unknown"
  },
  {
    "title": "Fran\u00e7ais",
    "link": "https://www.alnylam.fr/",
    "timestamp": "unknown"
  },
  {
    "title": "GermanyDeutsch",
    "link": "https://www.alnylam.de/",
    "timestamp": "unknown"
  },
  {
    "title": "GermanyDeutsch",
    "link": "https://www.alnylam.de/",
    "timestamp": "unknown"
  },
  {
    "title": "GermanyDeutsch",
    "link": "https://www.alnylam.de/",
    "timestamp": "unknown"
  },
  {
    "title": "Deutsch",
    "link": "https://www.alnylam.de/",
    "timestamp": "unknown"
  },
  {
    "title": "Deutsch",
    "link": "https://www.alnylam.de/",
    "timestamp": "unknown"
  },
  {
    "title": "IrelandEnglish",
    "link": "https://www.alnylam.com/alnylam-ireland",
    "timestamp": "unknown"
  },
  {
    "title": "IrelandEnglish",
    "link": "https://www.alnylam.com/alnylam-ireland",
    "timestamp": "unknown"
  },
  {
    "title": "IrelandEnglish",
    "link": "https://www.alnylam.com/alnylam-ireland",
    "timestamp": "unknown"
  },
  {
    "title": "English",
    "link": "https://www.alnylam.com/alnylam-ireland",
    "timestamp": "unknown"
  },
  {
    "title": "English",
    "link": "https://www.alnylam.com/alnylam-ireland",
    "timestamp": "unknown"
  },
  {
    "title": "ItalyItaliano",
    "link": "https://www.alnylam.it/",
    "timestamp": "unknown"
  },
  {
    "title": "ItalyItaliano",
    "link": "https://www.alnylam.it/",
    "timestamp": "unknown"
  },
  {
    "title": "ItalyItaliano",
    "link": "https://www.alnylam.it/",
    "timestamp": "unknown"
  },
  {
    "title": "Italiano",
    "link": "https://www.alnylam.it/",
    "timestamp": "unknown"
  },
  {
    "title": "Italiano",
    "link": "https://www.alnylam.it/",
    "timestamp": "unknown"
  },
  {
    "title": "Japan\u65e5\u672c\u8a9e",
    "link": "https://www.alnylam.jp/",
    "timestamp": "unknown"
  },
  {
    "title": "Japan\u65e5\u672c\u8a9e",
    "link": "https://www.alnylam.jp/",
    "timestamp": "unknown"
  },
  {
    "title": "Japan\u65e5\u672c\u8a9e",
    "link": "https://www.alnylam.jp/",
    "timestamp": "unknown"
  },
  {
    "title": "\u65e5\u672c\u8a9e",
    "link": "https://www.alnylam.jp/",
    "timestamp": "unknown"
  },
  {
    "title": "\u65e5\u672c\u8a9e",
    "link": "https://www.alnylam.jp/",
    "timestamp": "unknown"
  },
  {
    "title": "LuxembourgFran\u00e7aisDeutsch",
    "link": "https://www.alnylam.com/alnylam-luxembourg-french",
    "timestamp": "unknown"
  },
  {
    "title": "LuxembourgFran\u00e7aisDeutsch",
    "link": "https://www.alnylam.com/alnylam-luxembourg-french",
    "timestamp": "unknown"
  },
  {
    "title": "LuxembourgFran\u00e7aisDeutsch",
    "link": "https://www.alnylam.com/alnylam-luxembourg-french",
    "timestamp": "unknown"
  },
  {
    "title": "Fran\u00e7aisDeutsch",
    "link": "https://www.alnylam.com/alnylam-luxembourg-french",
    "timestamp": "unknown"
  },
  {
    "title": "Fran\u00e7ais",
    "link": "https://www.alnylam.com/alnylam-luxembourg-french",
    "timestamp": "unknown"
  },
  {
    "title": "Deutsch",
    "link": "https://www.alnylam.com/alnylam-luxembourg-german",
    "timestamp": "unknown"
  },
  {
    "title": "NetherlandsNederlands",
    "link": "https://www.alnylam.com/alnylam-netherlands",
    "timestamp": "unknown"
  },
  {
    "title": "NetherlandsNederlands",
    "link": "https://www.alnylam.com/alnylam-netherlands",
    "timestamp": "unknown"
  },
  {
    "title": "NetherlandsNederlands",
    "link": "https://www.alnylam.com/alnylam-netherlands",
    "timestamp": "unknown"
  },
  {
    "title": "Nederlands",
    "link": "https://www.alnylam.com/alnylam-netherlands",
    "timestamp": "unknown"
  },
  {
    "title": "Nederlands",
    "link": "https://www.alnylam.com/alnylam-netherlands",
    "timestamp": "unknown"
  },
  {
    "title": "PortugalPortugu\u00eas",
    "link": "https://www.alnylam.com/alnylam-portugal",
    "timestamp": "unknown"
  },
  {
    "title": "PortugalPortugu\u00eas",
    "link": "https://www.alnylam.com/alnylam-portugal",
    "timestamp": "unknown"
  },
  {
    "title": "PortugalPortugu\u00eas",
    "link": "https://www.alnylam.com/alnylam-portugal",
    "timestamp": "unknown"
  },
  {
    "title": "Portugu\u00eas",
    "link": "https://www.alnylam.com/alnylam-portugal",
    "timestamp": "unknown"
  },
  {
    "title": "Portugu\u00eas",
    "link": "https://www.alnylam.com/alnylam-portugal",
    "timestamp": "unknown"
  },
  {
    "title": "SpainEspa\u00f1ol",
    "link": "https://www.alnylam.com/alnylam-espana",
    "timestamp": "unknown"
  },
  {
    "title": "SpainEspa\u00f1ol",
    "link": "https://www.alnylam.com/alnylam-espana",
    "timestamp": "unknown"
  },
  {
    "title": "SpainEspa\u00f1ol",
    "link": "https://www.alnylam.com/alnylam-espana",
    "timestamp": "unknown"
  },
  {
    "title": "Espa\u00f1ol",
    "link": "https://www.alnylam.com/alnylam-espana",
    "timestamp": "unknown"
  },
  {
    "title": "Espa\u00f1ol",
    "link": "https://www.alnylam.com/alnylam-espana",
    "timestamp": "unknown"
  },
  {
    "title": "SwedenSvenska",
    "link": "https://www.alnylam.com/alnylam-sverige",
    "timestamp": "unknown"
  },
  {
    "title": "SwedenSvenska",
    "link": "https://www.alnylam.com/alnylam-sverige",
    "timestamp": "unknown"
  },
  {
    "title": "SwedenSvenska",
    "link": "https://www.alnylam.com/alnylam-sverige",
    "timestamp": "unknown"
  },
  {
    "title": "Svenska",
    "link": "https://www.alnylam.com/alnylam-sverige",
    "timestamp": "unknown"
  },
  {
    "title": "Svenska",
    "link": "https://www.alnylam.com/alnylam-sverige",
    "timestamp": "unknown"
  },
  {
    "title": "SwitzerlandFran\u00e7aisDeutschItaliano",
    "link": "https://www.alnylam.com/alnylam-switzerland-french",
    "timestamp": "unknown"
  },
  {
    "title": "SwitzerlandFran\u00e7aisDeutschItaliano",
    "link": "https://www.alnylam.com/alnylam-switzerland-french",
    "timestamp": "unknown"
  },
  {
    "title": "SwitzerlandFran\u00e7aisDeutschItaliano",
    "link": "https://www.alnylam.com/alnylam-switzerland-french",
    "timestamp": "unknown"
  },
  {
    "title": "Fran\u00e7aisDeutschItaliano",
    "link": "https://www.alnylam.com/alnylam-switzerland-french",
    "timestamp": "unknown"
  },
  {
    "title": "Fran\u00e7ais",
    "link": "https://www.alnylam.com/alnylam-switzerland-french",
    "timestamp": "unknown"
  },
  {
    "title": "Deutsch",
    "link": "https://www.alnylam.com/alnylam-switzerland-german",
    "timestamp": "unknown"
  },
  {
    "title": "Italiano",
    "link": "https://www.alnylam.com/alnylam-switzerland-italian",
    "timestamp": "unknown"
  },
  {
    "title": "Taiwan\u7e41\u9ad4\u4e2d\u6587",
    "link": "https://www.alnylam.com/alnylam-taiwan",
    "timestamp": "unknown"
  },
  {
    "title": "Taiwan\u7e41\u9ad4\u4e2d\u6587",
    "link": "https://www.alnylam.com/alnylam-taiwan",
    "timestamp": "unknown"
  },
  {
    "title": "Taiwan\u7e41\u9ad4\u4e2d\u6587",
    "link": "https://www.alnylam.com/alnylam-taiwan",
    "timestamp": "unknown"
  },
  {
    "title": "\u7e41\u9ad4\u4e2d\u6587",
    "link": "https://www.alnylam.com/alnylam-taiwan",
    "timestamp": "unknown"
  },
  {
    "title": "\u7e41\u9ad4\u4e2d\u6587",
    "link": "https://www.alnylam.com/alnylam-taiwan",
    "timestamp": "unknown"
  },
  {
    "title": "United KingdomEnglish",
    "link": "https://alnylam.co.uk/",
    "timestamp": "unknown"
  },
  {
    "title": "United KingdomEnglish",
    "link": "https://alnylam.co.uk/",
    "timestamp": "unknown"
  },
  {
    "title": "United KingdomEnglish",
    "link": "https://alnylam.co.uk/",
    "timestamp": "unknown"
  },
  {
    "title": "English",
    "link": "https://alnylam.co.uk/",
    "timestamp": "unknown"
  },
  {
    "title": "English",
    "link": "https://alnylam.co.uk/",
    "timestamp": "unknown"
  },
  {
    "title": "InvestorsFor InvestorsStock InformationInvestors ToolkitEvents & PresentationsFinancial InformationSEC FilingsCorporate GovernanceAnalyst CoverageFund",
    "link": "https://www.alnylam.com/",
    "timestamp": "unknown"
  },
  {
    "title": "InvestorsFor InvestorsStock InformationInvestors ToolkitEvents & PresentationsFinancial InformationSEC FilingsCorporate GovernanceAnalyst CoverageFund",
    "link": "https://investors.alnylam.com/",
    "timestamp": "unknown"
  },
  {
    "title": "InvestorsFor InvestorsStock InformationInvestors ToolkitEvents & PresentationsFinancial InformationSEC FilingsCorporate GovernanceAnalyst CoverageFund",
    "link": "https://investors.alnylam.com/",
    "timestamp": "unknown"
  },
  {
    "title": "InvestorsFor InvestorsStock InformationInvestors ToolkitEvents & PresentationsFinancial InformationSEC FilingsCorporate GovernanceAnalyst CoverageFund",
    "link": "https://investors.alnylam.com/",
    "timestamp": "unknown"
  },
  {
    "title": "InvestorsFor InvestorsStock InformationInvestors ToolkitEvents & PresentationsFinancial InformationSEC FilingsCorporate GovernanceAnalyst CoverageFund",
    "link": "https://investors.alnylam.com/",
    "timestamp": "unknown"
  },
  {
    "title": "For Investors",
    "link": "https://investors.alnylam.com/",
    "timestamp": "unknown"
  },
  {
    "title": "Stock Information",
    "link": "https://investors.alnylam.com/alny-stock-information",
    "timestamp": "unknown"
  },
  {
    "title": "Investors Toolkit",
    "link": "https://investors.alnylam.com/investor-toolkit",
    "timestamp": "unknown"
  },
  {
    "title": "Events & Presentations",
    "link": "https://investors.alnylam.com/events",
    "timestamp": "unknown"
  },
  {
    "title": "Financial Information",
    "link": "https://investors.alnylam.com/financial-information",
    "timestamp": "unknown"
  },
  {
    "title": "SEC Filings",
    "link": "https://investors.alnylam.com/financial-information?sec=#sec_filings",
    "timestamp": "unknown"
  },
  {
    "title": "Corporate Governance",
    "link": "https://investors.alnylam.com/corporate-governance",
    "timestamp": "unknown"
  },
  {
    "title": "Analyst Coverage",
    "link": "https://investors.alnylam.com/analyst-coverage",
    "timestamp": "unknown"
  },
  {
    "title": "Fundamentals",
    "link": "https://investors.alnylam.com/financial-statements",
    "timestamp": "unknown"
  },
  {
    "title": "Ownership Profile",
    "link": "https://investors.alnylam.com/ownership-profile",
    "timestamp": "unknown"
  },
  {
    "title": "Annual Meetings",
    "link": "https://investors.alnylam.com/annual-meetings",
    "timestamp": "unknown"
  },
  {
    "title": "Press Releases",
    "link": "https://investors.alnylam.com/press-releases",
    "timestamp": "unknown"
  },
  {
    "title": "Capella (Scientific\u00a0Presentations)",
    "link": "https://www.alnylam.com/our-science/capella-rnai-innovation/",
    "timestamp": "unknown"
  },
  {
    "title": "FAQs",
    "link": "https://investors.alnylam.com/faq",
    "timestamp": "unknown"
  },
  {
    "title": "Medical ProfessionalsFor Medical ProfessionalsGenetic Testing & CounselingEarly Access ProgramMedical Publication SupportInvestigator Initiated Studie",
    "link": "https://www.alnylam.com/medical-professional-resources",
    "timestamp": "unknown"
  },
  {
    "title": "For Medical Professionals",
    "link": "https://www.alnylam.com/medical-professional-resources",
    "timestamp": "unknown"
  },
  {
    "title": "Genetic Testing & Counseling",
    "link": "https://www.alnylam.com/medical-professional-resources/genetic-testing-counseling",
    "timestamp": "unknown"
  },
  {
    "title": "Early Access Program",
    "link": "https://www.alnylam.com/medical-professional-resources/early-access-program",
    "timestamp": "unknown"
  },
  {
    "title": "Medical Publication Support",
    "link": "https://www.alnylam.com/medical-publication-support",
    "timestamp": "unknown"
  },
  {
    "title": "Investigator Initiated Studies (IIS)",
    "link": "https://www.alnylam.com/about-alnylam/investigator-initiated-studies",
    "timestamp": "unknown"
  },
  {
    "title": "PatientsFor PatientsAmyloidosisAcute Hepatic PorphyriaPrimary HyperoxaluriaPatient ServicesGenetic Testing and CounselingPatient Advocacy",
    "link": "https://www.alnylam.com/patients",
    "timestamp": "unknown"
  },
  {
    "title": "For Patients",
    "link": "https://www.alnylam.com/patients",
    "timestamp": "unknown"
  },
  {
    "title": "Amyloidosis",
    "link": "https://www.alnylam.com/patients/amyloidosis",
    "timestamp": "unknown"
  },
  {
    "title": "Acute Hepatic Porphyria",
    "link": "https://www.alnylam.com/patients/porphyria",
    "timestamp": "unknown"
  },
  {
    "title": "Primary Hyperoxaluria",
    "link": "https://www.alnylam.com/patients/primary-hyperoxaluria",
    "timestamp": "unknown"
  },
  {
    "title": "Patient Services",
    "link": "https://www.alnylam.com/patients/patient-services",
    "timestamp": "unknown"
  },
  {
    "title": "Genetic Testing and Counseling",
    "link": "https://www.alnylam.com/patients/genetic-testing-and-counseling-program",
    "timestamp": "unknown"
  },
  {
    "title": "Patient Advocacy",
    "link": "https://www.alnylam.com/patients/patient-advocacy",
    "timestamp": "unknown"
  },
  {
    "title": "CareersAbout CareersWorking at AlnylamSearch JobsDiversity, Equity & Inclusion",
    "link": "https://www.alnylam.com/careers",
    "timestamp": "unknown"
  },
  {
    "title": "About Careers",
    "link": "https://www.alnylam.com/careers",
    "timestamp": "unknown"
  },
  {
    "title": "Working at Alnylam",
    "link": "https://www.alnylam.com/careers/working-at-alnylam",
    "timestamp": "unknown"
  },
  {
    "title": "Search Jobs",
    "link": "https://jobs.alnylam.com/careers",
    "timestamp": "unknown"
  },
  {
    "title": "Diversity, Equity & Inclusion",
    "link": "https://www.alnylam.com/about-alnylam/diversity-inclusion",
    "timestamp": "unknown"
  },
  {
    "title": "Quick LinksClinical TrialsCorporate ResponsibilityDiversity, Equity & InclusionPress ReleasesCapella (Scientific\u00a0Presentations)Medical Resources (RNAi",
    "link": "https://www.alnylam.com/alnylam-rnai-pipeline/clinical-trials",
    "timestamp": "unknown"
  },
  {
    "title": "Clinical Trials",
    "link": "https://www.alnylam.com/alnylam-rnai-pipeline/clinical-trials",
    "timestamp": "unknown"
  },
  {
    "title": "Corporate Responsibility",
    "link": "https://www.alnylam.com/about-alnylam/corporate-responsibility",
    "timestamp": "unknown"
  },
  {
    "title": "Diversity, Equity & Inclusion",
    "link": "https://www.alnylam.com/about-alnylam/diversity-inclusion",
    "timestamp": "unknown"
  },
  {
    "title": "Press Releases",
    "link": "https://investors.alnylam.com/press-releases",
    "timestamp": "unknown"
  },
  {
    "title": "Capella (Scientific\u00a0Presentations)",
    "link": "https://www.alnylam.com/our-science/capella-rnai-innovation/",
    "timestamp": "unknown"
  },
  {
    "title": "Medical Resources (RNAi Science)",
    "link": "https://www.rnaiscience.com/",
    "timestamp": "unknown"
  },
  {
    "title": "Contact Us",
    "link": "https://www.alnylam.com/contact-us",
    "timestamp": "unknown"
  },
  {
    "title": "Follow UsYoutubeFacebookXLinkedInInstagramSign Up",
    "link": "https://www.youtube.com/channel/UCUZReY0GSAJ1w-MULQb9_Rw",
    "timestamp": "unknown"
  },
  {
    "title": "Youtube",
    "link": "https://www.youtube.com/channel/UCUZReY0GSAJ1w-MULQb9_Rw",
    "timestamp": "unknown"
  },
  {
    "title": "Facebook",
    "link": "https://facebook.com/alnylampharma",
    "timestamp": "unknown"
  },
  {
    "title": "X",
    "link": "https://twitter.com/alnylam",
    "timestamp": "unknown"
  },
  {
    "title": "LinkedIn",
    "link": "https://www.linkedin.com/company/alnylam-pharmaceuticals/",
    "timestamp": "unknown"
  },
  {
    "title": "Instagram",
    "link": "https://www.instagram.com/alnylampharma/",
    "timestamp": "unknown"
  },
  {
    "title": "Sign Up",
    "link": "https://www.alnylam.com/signup-for-updates",
    "timestamp": "unknown"
  },
  {
    "title": "Our CompanyAbout AlnylamLeadershipDiversity, Equity & InclusionPatient Access PhilosophyCorporate ResponsibilityAlnylam ChallengersTransparencyGrants ",
    "link": "https://www.alnylam.com/about-alnylam",
    "timestamp": "unknown"
  },
  {
    "title": "Our CompanyAbout AlnylamLeadershipDiversity, Equity & InclusionPatient Access PhilosophyCorporate ResponsibilityAlnylam ChallengersTransparencyGrants ",
    "link": "https://www.alnylam.com/about-alnylam",
    "timestamp": "unknown"
  },
  {
    "title": "Our CompanyAbout AlnylamLeadershipDiversity, Equity & InclusionPatient Access PhilosophyCorporate ResponsibilityAlnylam ChallengersTransparencyGrants ",
    "link": "https://www.alnylam.com/about-alnylam",
    "timestamp": "unknown"
  },
  {
    "title": "Our CompanyAbout AlnylamLeadershipDiversity, Equity & InclusionPatient Access PhilosophyCorporate ResponsibilityAlnylam ChallengersTransparencyGrants ",
    "link": "https://www.alnylam.com/about-alnylam",
    "timestamp": "unknown"
  },
  {
    "title": "Our CompanyAbout AlnylamLeadershipDiversity, Equity & InclusionPatient Access PhilosophyCorporate ResponsibilityAlnylam ChallengersTransparencyGrants ",
    "link": "https://www.alnylam.com/about-alnylam",
    "timestamp": "unknown"
  },
  {
    "title": "About Alnylam",
    "link": "https://www.alnylam.com/about-alnylam",
    "timestamp": "unknown"
  },
  {
    "title": "Leadership",
    "link": "https://www.alnylam.com/about-alnylam/alnylam-leadership",
    "timestamp": "unknown"
  },
  {
    "title": "Diversity, Equity & Inclusion",
    "link": "https://www.alnylam.com/about-alnylam/diversity-inclusion",
    "timestamp": "unknown"
  },
  {
    "title": "Patient Access Philosophy",
    "link": "https://www.alnylam.com/about-alnylam/patient-access-philosophy",
    "timestamp": "unknown"
  },
  {
    "title": "Corporate Responsibility",
    "link": "https://www.alnylam.com/about-alnylam/corporate-responsibility",
    "timestamp": "unknown"
  },
  {
    "title": "Alnylam Challengers",
    "link": "https://www.alnylam.com/about-alnylam/alnylam-challengers",
    "timestamp": "unknown"
  },
  {
    "title": "Transparency",
    "link": "https://www.alnylam.com/about-alnylam/transparency",
    "timestamp": "unknown"
  },
  {
    "title": "Grants & Giving",
    "link": "https://www.alnylam.com/about-alnylam/grants-and-giving",
    "timestamp": "unknown"
  },
  {
    "title": "Investigator Initiated Studies (IIS)",
    "link": "https://www.alnylam.com/about-alnylam/investigator-initiated-studies",
    "timestamp": "unknown"
  },
  {
    "title": "Our ScienceThe Science of RNAiDelivery PlatformsMaking Our MedicinesTherapeutic AreasPipelineClinical TrialsScientific Advisory BoardIntellectual Prop",
    "link": "https://www.alnylam.com/our-science/the-science-of-rnai",
    "timestamp": "unknown"
  },
  {
    "title": "The Science of RNAi",
    "link": "https://www.alnylam.com/our-science/the-science-of-rnai",
    "timestamp": "unknown"
  },
  {
    "title": "Delivery Platforms",
    "link": "https://www.alnylam.com/our-science/sirna-delivery-platforms",
    "timestamp": "unknown"
  },
  {
    "title": "Making Our Medicines",
    "link": "https://www.alnylam.com/our-science/making-our-medicines",
    "timestamp": "unknown"
  },
  {
    "title": "Therapeutic Areas",
    "link": "https://www.alnylam.com/alnylam-rnai-pipeline",
    "timestamp": "unknown"
  },
  {
    "title": "Pipeline",
    "link": "https://www.alnylam.com/alnylam-rnai-pipeline",
    "timestamp": "unknown"
  },
  {
    "title": "Clinical Trials",
    "link": "https://www.alnylam.com/alnylam-rnai-pipeline/clinical-trials",
    "timestamp": "unknown"
  },
  {
    "title": "Scientific Advisory Board",
    "link": "https://www.alnylam.com/our-science/alnylam-scientific-advisory-board",
    "timestamp": "unknown"
  },
  {
    "title": "Intellectual Property",
    "link": "https://www.alnylam.com/our-science/intellectual-property",
    "timestamp": "unknown"
  },
  {
    "title": "Capella (Scientific\u00a0Presentations)",
    "link": "https://capella.alnylam.com/our-science/capella-rnai-innovation/",
    "timestamp": "unknown"
  },
  {
    "title": "Our ProductsProduct Listing",
    "link": "https://www.alnylam.com/our-products",
    "timestamp": "unknown"
  },
  {
    "title": "Product Listing",
    "link": "https://www.alnylam.com/our-products",
    "timestamp": "unknown"
  },
  {
    "title": "Our NewsNewsroomPress ReleasesCapella (Scientific\u00a0Presentations)Media Kit",
    "link": "https://news.alnylam.com",
    "timestamp": "unknown"
  },
  {
    "title": "Newsroom",
    "link": "https://news.alnylam.com",
    "timestamp": "unknown"
  },
  {
    "title": "Press Releases",
    "link": "https://investors.alnylam.com/press-releases",
    "timestamp": "unknown"
  },
  {
    "title": "Capella (Scientific\u00a0Presentations)",
    "link": "https://www.alnylam.com/our-science/capella-rnai-innovation/",
    "timestamp": "unknown"
  },
  {
    "title": "Media Kit",
    "link": "https://www.alnylam.com/media-kit",
    "timestamp": "unknown"
  },
  {
    "title": "searchSort bySort By:OrderSort by: Most RecentSort by: OldestSearchGlobalEnglishAustriaDeutschJapan\u65e5\u672c\u8a9eBelgiumNederlandsFran\u00e7aisLuxembourgFran\u00e7aisDeuts",
    "link": "https://www.alnylam.com",
    "timestamp": "unknown"
  },
  {
    "title": "searchSort bySort By:OrderSort by: Most RecentSort by: OldestSearchGlobalEnglishAustriaDeutschJapan\u65e5\u672c\u8a9eBelgiumNederlandsFran\u00e7aisLuxembourgFran\u00e7aisDeuts",
    "link": "https://www.alnylam.com",
    "timestamp": "unknown"
  },
  {
    "title": "GlobalEnglishAustriaDeutschJapan\u65e5\u672c\u8a9eBelgiumNederlandsFran\u00e7aisLuxembourgFran\u00e7aisDeutschBrazilPortugu\u00easNetherlandsNederlandsCanadaFran\u00e7aisEnglishPortugal",
    "link": "https://www.alnylam.com",
    "timestamp": "unknown"
  },
  {
    "title": "GlobalEnglishAustriaDeutschJapan\u65e5\u672c\u8a9eBelgiumNederlandsFran\u00e7aisLuxembourgFran\u00e7aisDeutschBrazilPortugu\u00easNetherlandsNederlandsCanadaFran\u00e7aisEnglishPortugal",
    "link": "https://www.alnylam.com",
    "timestamp": "unknown"
  },
  {
    "title": "GlobalEnglish",
    "link": "https://www.alnylam.com",
    "timestamp": "unknown"
  },
  {
    "title": "GlobalEnglish",
    "link": "https://www.alnylam.com",
    "timestamp": "unknown"
  },
  {
    "title": "GlobalEnglish",
    "link": "https://www.alnylam.com",
    "timestamp": "unknown"
  },
  {
    "title": "English",
    "link": "https://www.alnylam.com",
    "timestamp": "unknown"
  },
  {
    "title": "English",
    "link": "https://www.alnylam.com",
    "timestamp": "unknown"
  },
  {
    "title": "AustriaDeutsch",
    "link": "https://www.alnylam.com/alnylam-austria",
    "timestamp": "unknown"
  },
  {
    "title": "AustriaDeutsch",
    "link": "https://www.alnylam.com/alnylam-austria",
    "timestamp": "unknown"
  },
  {
    "title": "AustriaDeutsch",
    "link": "https://www.alnylam.com/alnylam-austria",
    "timestamp": "unknown"
  },
  {
    "title": "Deutsch",
    "link": "https://www.alnylam.com/alnylam-austria",
    "timestamp": "unknown"
  },
  {
    "title": "Deutsch",
    "link": "https://www.alnylam.com/alnylam-austria",
    "timestamp": "unknown"
  },
  {
    "title": "Japan\u65e5\u672c\u8a9e",
    "link": "https://www.alnylam.jp/",
    "timestamp": "unknown"
  },
  {
    "title": "Japan\u65e5\u672c\u8a9e",
    "link": "https://www.alnylam.jp/",
    "timestamp": "unknown"
  },
  {
    "title": "Japan\u65e5\u672c\u8a9e",
    "link": "https://www.alnylam.jp/",
    "timestamp": "unknown"
  },
  {
    "title": "\u65e5\u672c\u8a9e",
    "link": "https://www.alnylam.jp/",
    "timestamp": "unknown"
  },
  {
    "title": "\u65e5\u672c\u8a9e",
    "link": "https://www.alnylam.jp/",
    "timestamp": "unknown"
  },
  {
    "title": "BelgiumNederlandsFran\u00e7ais",
    "link": "https://www.alnylam.com/alnylam-belgium-dutch",
    "timestamp": "unknown"
  },
  {
    "title": "BelgiumNederlandsFran\u00e7ais",
    "link": "https://www.alnylam.com/alnylam-belgium-dutch",
    "timestamp": "unknown"
  },
  {
    "title": "BelgiumNederlandsFran\u00e7ais",
    "link": "https://www.alnylam.com/alnylam-belgium-dutch",
    "timestamp": "unknown"
  },
  {
    "title": "NederlandsFran\u00e7ais",
    "link": "https://www.alnylam.com/alnylam-belgium-dutch",
    "timestamp": "unknown"
  },
  {
    "title": "Nederlands",
    "link": "https://www.alnylam.com/alnylam-belgium-dutch",
    "timestamp": "unknown"
  },
  {
    "title": "Fran\u00e7ais",
    "link": "https://www.alnylam.com/alnylam-belgium-french",
    "timestamp": "unknown"
  },
  {
    "title": "LuxembourgFran\u00e7aisDeutsch",
    "link": "https://www.alnylam.com/alnylam-luxembourg-french",
    "timestamp": "unknown"
  },
  {
    "title": "LuxembourgFran\u00e7aisDeutsch",
    "link": "https://www.alnylam.com/alnylam-luxembourg-french",
    "timestamp": "unknown"
  },
  {
    "title": "LuxembourgFran\u00e7aisDeutsch",
    "link": "https://www.alnylam.com/alnylam-luxembourg-french",
    "timestamp": "unknown"
  },
  {
    "title": "Fran\u00e7aisDeutsch",
    "link": "https://www.alnylam.com/alnylam-luxembourg-french",
    "timestamp": "unknown"
  },
  {
    "title": "Fran\u00e7ais",
    "link": "https://www.alnylam.com/alnylam-luxembourg-french",
    "timestamp": "unknown"
  },
  {
    "title": "Deutsch",
    "link": "https://www.alnylam.com/alnylam-luxembourg-german",
    "timestamp": "unknown"
  },
  {
    "title": "BrazilPortugu\u00eas",
    "link": "https://www.alnylam.com.br/",
    "timestamp": "unknown"
  },
  {
    "title": "BrazilPortugu\u00eas",
    "link": "https://www.alnylam.com.br/",
    "timestamp": "unknown"
  },
  {
    "title": "BrazilPortugu\u00eas",
    "link": "https://www.alnylam.com.br/",
    "timestamp": "unknown"
  },
  {
    "title": "Portugu\u00eas",
    "link": "https://www.alnylam.com.br/",
    "timestamp": "unknown"
  },
  {
    "title": "Portugu\u00eas",
    "link": "https://www.alnylam.com.br/",
    "timestamp": "unknown"
  },
  {
    "title": "NetherlandsNederlands",
    "link": "https://www.alnylam.com/alnylam-netherlands",
    "timestamp": "unknown"
  },
  {
    "title": "NetherlandsNederlands",
    "link": "https://www.alnylam.com/alnylam-netherlands",
    "timestamp": "unknown"
  },
  {
    "title": "NetherlandsNederlands",
    "link": "https://www.alnylam.com/alnylam-netherlands",
    "timestamp": "unknown"
  },
  {
    "title": "Nederlands",
    "link": "https://www.alnylam.com/alnylam-netherlands",
    "timestamp": "unknown"
  },
  {
    "title": "Nederlands",
    "link": "https://www.alnylam.com/alnylam-netherlands",
    "timestamp": "unknown"
  },
  {
    "title": "CanadaFran\u00e7aisEnglish",
    "link": "https://www.alnylam.ca/fr",
    "timestamp": "unknown"
  },
  {
    "title": "CanadaFran\u00e7aisEnglish",
    "link": "https://www.alnylam.ca/fr",
    "timestamp": "unknown"
  },
  {
    "title": "CanadaFran\u00e7aisEnglish",
    "link": "https://www.alnylam.ca/fr",
    "timestamp": "unknown"
  },
  {
    "title": "Fran\u00e7aisEnglish",
    "link": "https://www.alnylam.ca/fr",
    "timestamp": "unknown"
  },
  {
    "title": "Fran\u00e7ais",
    "link": "https://www.alnylam.ca/fr",
    "timestamp": "unknown"
  },
  {
    "title": "English",
    "link": "https://www.alnylam.ca/",
    "timestamp": "unknown"
  },
  {
    "title": "PortugalPortugu\u00eas",
    "link": "https://www.alnylam.com/alnylam-portugal",
    "timestamp": "unknown"
  },
  {
    "title": "PortugalPortugu\u00eas",
    "link": "https://www.alnylam.com/alnylam-portugal",
    "timestamp": "unknown"
  },
  {
    "title": "PortugalPortugu\u00eas",
    "link": "https://www.alnylam.com/alnylam-portugal",
    "timestamp": "unknown"
  },
  {
    "title": "Portugu\u00eas",
    "link": "https://www.alnylam.com/alnylam-portugal",
    "timestamp": "unknown"
  },
  {
    "title": "Portugu\u00eas",
    "link": "https://www.alnylam.com/alnylam-portugal",
    "timestamp": "unknown"
  },
  {
    "title": "SpainEspa\u00f1ol",
    "link": "https://www.alnylam.com/alnylam-espana",
    "timestamp": "unknown"
  },
  {
    "title": "SpainEspa\u00f1ol",
    "link": "https://www.alnylam.com/alnylam-espana",
    "timestamp": "unknown"
  },
  {
    "title": "SpainEspa\u00f1ol",
    "link": "https://www.alnylam.com/alnylam-espana",
    "timestamp": "unknown"
  },
  {
    "title": "Espa\u00f1ol",
    "link": "https://www.alnylam.com/alnylam-espana",
    "timestamp": "unknown"
  },
  {
    "title": "Espa\u00f1ol",
    "link": "https://www.alnylam.com/alnylam-espana",
    "timestamp": "unknown"
  },
  {
    "title": "DenmarkDansk",
    "link": "https://www.alnylam.com/alnylam-denmark",
    "timestamp": "unknown"
  },
  {
    "title": "DenmarkDansk",
    "link": "https://www.alnylam.com/alnylam-denmark",
    "timestamp": "unknown"
  },
  {
    "title": "DenmarkDansk",
    "link": "https://www.alnylam.com/alnylam-denmark",
    "timestamp": "unknown"
  },
  {
    "title": "Dansk",
    "link": "https://www.alnylam.com/alnylam-denmark",
    "timestamp": "unknown"
  },
  {
    "title": "Dansk",
    "link": "https://www.alnylam.com/alnylam-denmark",
    "timestamp": "unknown"
  },
  {
    "title": "SwedenSvenska",
    "link": "https://www.alnylam.com/alnylam-sverige",
    "timestamp": "unknown"
  },
  {
    "title": "SwedenSvenska",
    "link": "https://www.alnylam.com/alnylam-sverige",
    "timestamp": "unknown"
  },
  {
    "title": "SwedenSvenska",
    "link": "https://www.alnylam.com/alnylam-sverige",
    "timestamp": "unknown"
  },
  {
    "title": "Svenska",
    "link": "https://www.alnylam.com/alnylam-sverige",
    "timestamp": "unknown"
  },
  {
    "title": "Svenska",
    "link": "https://www.alnylam.com/alnylam-sverige",
    "timestamp": "unknown"
  },
  {
    "title": "FranceFran\u00e7ais",
    "link": "https://www.alnylam.fr/",
    "timestamp": "unknown"
  },
  {
    "title": "FranceFran\u00e7ais",
    "link": "https://www.alnylam.fr/",
    "timestamp": "unknown"
  },
  {
    "title": "FranceFran\u00e7ais",
    "link": "https://www.alnylam.fr/",
    "timestamp": "unknown"
  },
  {
    "title": "Fran\u00e7ais",
    "link": "https://www.alnylam.fr/",
    "timestamp": "unknown"
  },
  {
    "title": "Fran\u00e7ais",
    "link": "https://www.alnylam.fr/",
    "timestamp": "unknown"
  },
  {
    "title": "SwitzerlandFran\u00e7aisDeutschItaliano",
    "link": "https://www.alnylam.com/alnylam-switzerland-french",
    "timestamp": "unknown"
  },
  {
    "title": "SwitzerlandFran\u00e7aisDeutschItaliano",
    "link": "https://www.alnylam.com/alnylam-switzerland-french",
    "timestamp": "unknown"
  },
  {
    "title": "SwitzerlandFran\u00e7aisDeutschItaliano",
    "link": "https://www.alnylam.com/alnylam-switzerland-french",
    "timestamp": "unknown"
  },
  {
    "title": "Fran\u00e7aisDeutschItaliano",
    "link": "https://www.alnylam.com/alnylam-switzerland-french",
    "timestamp": "unknown"
  },
  {
    "title": "Fran\u00e7ais",
    "link": "https://www.alnylam.com/alnylam-switzerland-french",
    "timestamp": "unknown"
  },
  {
    "title": "Deutsch",
    "link": "https://www.alnylam.com/alnylam-switzerland-german",
    "timestamp": "unknown"
  },
  {
    "title": "Italiano",
    "link": "https://www.alnylam.com/alnylam-switzerland-italian",
    "timestamp": "unknown"
  },
  {
    "title": "GermanyDeutsch",
    "link": "https://www.alnylam.de/",
    "timestamp": "unknown"
  },
  {
    "title": "GermanyDeutsch",
    "link": "https://www.alnylam.de/",
    "timestamp": "unknown"
  },
  {
    "title": "GermanyDeutsch",
    "link": "https://www.alnylam.de/",
    "timestamp": "unknown"
  },
  {
    "title": "Deutsch",
    "link": "https://www.alnylam.de/",
    "timestamp": "unknown"
  },
  {
    "title": "Deutsch",
    "link": "https://www.alnylam.de/",
    "timestamp": "unknown"
  },
  {
    "title": "Taiwan\u7e41\u9ad4\u4e2d\u6587",
    "link": "https://www.alnylam.com/alnylam-taiwan",
    "timestamp": "unknown"
  },
  {
    "title": "Taiwan\u7e41\u9ad4\u4e2d\u6587",
    "link": "https://www.alnylam.com/alnylam-taiwan",
    "timestamp": "unknown"
  },
  {
    "title": "Taiwan\u7e41\u9ad4\u4e2d\u6587",
    "link": "https://www.alnylam.com/alnylam-taiwan",
    "timestamp": "unknown"
  },
  {
    "title": "\u7e41\u9ad4\u4e2d\u6587",
    "link": "https://www.alnylam.com/alnylam-taiwan",
    "timestamp": "unknown"
  },
  {
    "title": "\u7e41\u9ad4\u4e2d\u6587",
    "link": "https://www.alnylam.com/alnylam-taiwan",
    "timestamp": "unknown"
  },
  {
    "title": "IrelandEnglish",
    "link": "https://www.alnylam.com/alnylam-ireland",
    "timestamp": "unknown"
  },
  {
    "title": "IrelandEnglish",
    "link": "https://www.alnylam.com/alnylam-ireland",
    "timestamp": "unknown"
  },
  {
    "title": "IrelandEnglish",
    "link": "https://www.alnylam.com/alnylam-ireland",
    "timestamp": "unknown"
  },
  {
    "title": "English",
    "link": "https://www.alnylam.com/alnylam-ireland",
    "timestamp": "unknown"
  },
  {
    "title": "English",
    "link": "https://www.alnylam.com/alnylam-ireland",
    "timestamp": "unknown"
  },
  {
    "title": "United KingdomEnglish",
    "link": "https://alnylam.co.uk/",
    "timestamp": "unknown"
  },
  {
    "title": "United KingdomEnglish",
    "link": "https://alnylam.co.uk/",
    "timestamp": "unknown"
  },
  {
    "title": "United KingdomEnglish",
    "link": "https://alnylam.co.uk/",
    "timestamp": "unknown"
  },
  {
    "title": "English",
    "link": "https://alnylam.co.uk/",
    "timestamp": "unknown"
  },
  {
    "title": "English",
    "link": "https://alnylam.co.uk/",
    "timestamp": "unknown"
  },
  {
    "title": "ItalyItaliano",
    "link": "https://www.alnylam.it/",
    "timestamp": "unknown"
  },
  {
    "title": "ItalyItaliano",
    "link": "https://www.alnylam.it/",
    "timestamp": "unknown"
  },
  {
    "title": "ItalyItaliano",
    "link": "https://www.alnylam.it/",
    "timestamp": "unknown"
  },
  {
    "title": "Italiano",
    "link": "https://www.alnylam.it/",
    "timestamp": "unknown"
  },
  {
    "title": "Italiano",
    "link": "https://www.alnylam.it/",
    "timestamp": "unknown"
  },
  {
    "title": "Financial InformationFINANCIAL INFORMATIONSee reports, filings, and documents that include details of our financial\n                performance.Annual",
    "link": "https://investors.alnylam.com/financial-information?sec=#sec_filings",
    "timestamp": "unknown"
  },
  {
    "title": "Financial InformationFINANCIAL INFORMATIONSee reports, filings, and documents that include details of our financial\n                performance.Annual",
    "link": "https://investors.alnylam.com/financial-information?sec=#sec_filings",
    "timestamp": "unknown"
  },
  {
    "title": "Financial InformationFINANCIAL INFORMATIONSee reports, filings, and documents that include details of our financial\n                performance.Annual",
    "link": "https://investors.alnylam.com/financial-information?sec=#sec_filings",
    "timestamp": "unknown"
  },
  {
    "title": "Annual ReportDownload \u203aAnnual ReportDownload \u203aAnnual ReportDownload \u203a",
    "link": "https://alnylampharmaceuticalsinc.gcs-web.com/static-files/e2f5e559-648c-48ee-84d3-6f950d3c01a7",
    "timestamp": "unknown"
  },
  {
    "title": "Annual ReportDownload \u203aAnnual ReportDownload \u203aAnnual ReportDownload \u203a",
    "link": "https://alnylampharmaceuticalsinc.gcs-web.com/static-files/e2f5e559-648c-48ee-84d3-6f950d3c01a7",
    "timestamp": "unknown"
  },
  {
    "title": "Annual ReportDownload \u203aAnnual ReportDownload \u203aAnnual ReportDownload \u203a",
    "link": "https://alnylampharmaceuticalsinc.gcs-web.com/static-files/e2f5e559-648c-48ee-84d3-6f950d3c01a7",
    "timestamp": "unknown"
  },
  {
    "title": "Annual ReportDownload \u203aAnnual ReportDownload \u203aAnnual ReportDownload \u203a",
    "link": "https://alnylampharmaceuticalsinc.gcs-web.com/static-files/e2f5e559-648c-48ee-84d3-6f950d3c01a7",
    "timestamp": "unknown"
  },
  {
    "title": "Annual ReportDownload \u203aAnnual ReportDownload \u203aAnnual ReportDownload \u203a",
    "link": "https://alnylampharmaceuticalsinc.gcs-web.com/static-files/e2f5e559-648c-48ee-84d3-6f950d3c01a7",
    "timestamp": "unknown"
  },
  {
    "title": "Annual ReportDownload \u203a",
    "link": "https://alnylampharmaceuticalsinc.gcs-web.com/static-files/e2f5e559-648c-48ee-84d3-6f950d3c01a7",
    "timestamp": "unknown"
  },
  {
    "title": "Annual ReportDownload \u203a",
    "link": "https://alnylampharmaceuticalsinc.gcs-web.com/static-files/e2f5e559-648c-48ee-84d3-6f950d3c01a7",
    "timestamp": "unknown"
  },
  {
    "title": "Download \u203a",
    "link": "https://alnylampharmaceuticalsinc.gcs-web.com/static-files/e2f5e559-648c-48ee-84d3-6f950d3c01a7",
    "timestamp": "unknown"
  },
  {
    "title": "Annual ReportDownload \u203a",
    "link": "https://alnylampharmaceuticalsinc.gcs-web.com/static-files/2683b66f-2d89-43ce-b143-24835e93b37a",
    "timestamp": "unknown"
  },
  {
    "title": "Annual ReportDownload \u203a",
    "link": "https://alnylampharmaceuticalsinc.gcs-web.com/static-files/2683b66f-2d89-43ce-b143-24835e93b37a",
    "timestamp": "unknown"
  },
  {
    "title": "Download \u203a",
    "link": "https://alnylampharmaceuticalsinc.gcs-web.com/static-files/2683b66f-2d89-43ce-b143-24835e93b37a",
    "timestamp": "unknown"
  },
  {
    "title": "Annual ReportDownload \u203a",
    "link": "https://alnylampharmaceuticalsinc.gcs-web.com/static-files/c3edcfc9-ca0b-4e85-a803-0759150aad9c",
    "timestamp": "unknown"
  },
  {
    "title": "Annual ReportDownload \u203a",
    "link": "https://alnylampharmaceuticalsinc.gcs-web.com/static-files/c3edcfc9-ca0b-4e85-a803-0759150aad9c",
    "timestamp": "unknown"
  },
  {
    "title": "Download \u203a",
    "link": "https://alnylampharmaceuticalsinc.gcs-web.com/static-files/c3edcfc9-ca0b-4e85-a803-0759150aad9c",
    "timestamp": "unknown"
  },
  {
    "title": "SEC FilingsFilter by ReportAll,,Annual Report on Form -KForm -KLatest Earning Release and -QMergers & AcquisitionsProxy FilingsForm -QRegistration Sta",
    "link": "https://investors.alnylam.com/financial-information?sec=",
    "timestamp": "unknown"
  },
  {
    "title": "SEC FilingsFilter by ReportAll,,Annual Report on Form -KForm -KLatest Earning Release and -QMergers & AcquisitionsProxy FilingsForm -QRegistration Sta",
    "link": "https://investors.alnylam.com/financial-information?sec=",
    "timestamp": "unknown"
  },
  {
    "title": "Filter by ReportAll,,Annual Report on Form -KForm -KLatest Earning Release and -QMergers & AcquisitionsProxy FilingsForm -QRegistration StatementsOthe",
    "link": "https://investors.alnylam.com/financial-information?sec=",
    "timestamp": "unknown"
  },
  {
    "title": "Apply FiltersClear All",
    "link": "https://investors.alnylam.com/financial-information?sec=",
    "timestamp": "unknown"
  },
  {
    "title": "Filter by ReportAll,,Annual Report on Form -KForm -KLatest Earning Release and -QMergers & AcquisitionsProxy FilingsForm -QRegistration StatementsOthe",
    "link": "https://investors.alnylam.com/financial-information?sec=",
    "timestamp": "unknown"
  },
  {
    "title": "All,,Annual Report on Form -KForm -KLatest Earning Release and -QMergers & AcquisitionsProxy FilingsForm -QRegistration StatementsOtherApply FiltersCl",
    "link": "https://investors.alnylam.com/financial-information?sec=",
    "timestamp": "unknown"
  },
  {
    "title": "Filing DateFiling GroupDescriptionView/DownloadThere are currently no reports available that match your selection. Try using different or fewer filter",
    "link": "mailto:investors@alnylam.com",
    "timestamp": "unknown"
  },
  {
    "title": "There are currently no reports available that match your selection. Try using different or fewer filters.If you\u2019re having trouble finding something sp",
    "link": "mailto:investors@alnylam.com",
    "timestamp": "unknown"
  },
  {
    "title": "Dec ,Form -KReport of unscheduled material events or corporate eventrtfxlspdf",
    "link": "https://alnylampharmaceuticalsinc.gcs-web.com/static-files/-b975-466c-81e7-398908bf1cb8",
    "timestamp": "unknown"
  },
  {
    "title": "Dec ,Form -KReport of unscheduled material events or corporate eventrtfxlspdf",
    "link": "https://alnylampharmaceuticalsinc.gcs-web.com/static-files/6f11a7ea-733e-47ac-9dd7-8fb90c3f62f1",
    "timestamp": "unknown"
  },
  {
    "title": "Dec ,,,Statement of changes in beneficial ownership of securitiesrtfxlspdf",
    "link": "https://alnylampharmaceuticalsinc.gcs-web.com/static-files/bb8b5723-a41b-4d8a-9f83-b99e268485bb",
    "timestamp": "unknown"
  },
  {
    "title": "Nov ,,,Statement of changes in beneficial ownership of securitiesrtfxlspdf",
    "link": "https://alnylampharmaceuticalsinc.gcs-web.com/static-files/89a15f4d-01c3-4dee-8f00-118a5db402af",
    "timestamp": "unknown"
  },
  {
    "title": "Nov ,OtherFiled by \"insiders\" prior intended sale of restricted stock.rtfxlspdf",
    "link": "https://alnylampharmaceuticalsinc.gcs-web.com/static-files/a21a1f41-160c-413d-8afc-36aa8003fafb",
    "timestamp": "unknown"
  },
  {
    "title": "Nov ,,,Statement of changes in beneficial ownership of securitiesrtfxlspdf",
    "link": "https://alnylampharmaceuticalsinc.gcs-web.com/static-files/d58a19e1-04f4-4cda-a089-e6cac503c02a",
    "timestamp": "unknown"
  },
  {
    "title": "Nov ,OtherFiled by \"insiders\" prior intended sale of restricted stock.rtfpdf",
    "link": "https://alnylampharmaceuticalsinc.gcs-web.com/static-files/48b981ab-b54d-4df5-8cbc-2859aa51d6a2",
    "timestamp": "unknown"
  },
  {
    "title": "Nov ,OtherSCHEDULE 13G/A - Descriptionrtfxlspdf",
    "link": "https://alnylampharmaceuticalsinc.gcs-web.com/static-files/610387b1-157c-44f0-99d3-3d08d96dd6fd",
    "timestamp": "unknown"
  },
  {
    "title": "Oct ,Form -QQuarterly report which provides a continuing view of a company&#;s financial positionrtfxlspdf",
    "link": "https://alnylampharmaceuticalsinc.gcs-web.com/static-files/fe9fcf46--4d7f-abe5-1eb33b97bb49",
    "timestamp": "unknown"
  },
  {
    "title": "Oct ,Form -KReport of unscheduled material events or corporate eventrtfxlspdf",
    "link": "https://alnylampharmaceuticalsinc.gcs-web.com/static-files/a0f69ace-26d2-4abd-97de-40add20fd2e7",
    "timestamp": "unknown"
  },
  {
    "title": "First page\u00ab First",
    "link": "https://investors.alnylam.com/financial-information?sec=#sec_filings",
    "timestamp": "unknown"
  },
  {
    "title": "Previous page\u2039 Previous",
    "link": "https://investors.alnylam.com/financial-information?sec=#sec_filings",
    "timestamp": "unknown"
  },
  {
    "title": "Page",
    "link": "https://investors.alnylam.com/financial-information?sec=#sec_filings",
    "timestamp": "unknown"
  },
  {
    "title": "Page",
    "link": "https://investors.alnylam.com/financial-information?sec=#sec_filings",
    "timestamp": "unknown"
  },
  {
    "title": "Page",
    "link": "https://investors.alnylam.com/financial-information?sec=#sec_filings",
    "timestamp": "unknown"
  },
  {
    "title": "Page",
    "link": "https://investors.alnylam.com/financial-information?sec=#sec_filings",
    "timestamp": "unknown"
  },
  {
    "title": "Page",
    "link": "https://investors.alnylam.com/financial-information?sec=#sec_filings",
    "timestamp": "unknown"
  },
  {
    "title": "....",
    "link": "https://investors.alnylam.com/financial-information?sec=",
    "timestamp": "unknown"
  },
  {
    "title": "Page",
    "link": "https://investors.alnylam.com/financial-information?sec=#sec_filings",
    "timestamp": "unknown"
  },
  {
    "title": "Next pageNext \u203a",
    "link": "https://investors.alnylam.com/financial-information?sec=#sec_filings",
    "timestamp": "unknown"
  },
  {
    "title": "Last pageLast \u00bb",
    "link": "https://investors.alnylam.com/financial-information?sec=#sec_filings",
    "timestamp": "unknown"
  },
  {
    "title": "Quarterly ResultsQ3Press Release \u203aPresentation \u203aGAAP/Non-GAAP Reconciliation \u203aWebcast \u203aQ2Press Release \u203aPresentation \u203aGAAP/Non-GAAP Reconciliation \u203aWe",
    "link": "https://investors.alnylam.com/press-release?id=",
    "timestamp": "unknown"
  },
  {
    "title": "Quarterly ResultsQ3Press Release \u203aPresentation \u203aGAAP/Non-GAAP Reconciliation \u203aWebcast \u203aQ2Press Release \u203aPresentation \u203aGAAP/Non-GAAP Reconciliation \u203aWe",
    "link": "https://investors.alnylam.com/press-release?id=",
    "timestamp": "unknown"
  },
  {
    "title": "Quarterly ResultsQ3Press Release \u203aPresentation \u203aGAAP/Non-GAAP Reconciliation \u203aWebcast \u203aQ2Press Release \u203aPresentation \u203aGAAP/Non-GAAP Reconciliation \u203aWe",
    "link": "https://investors.alnylam.com/press-release?id=",
    "timestamp": "unknown"
  },
  {
    "title": "Quarterly ResultsQ3Press Release \u203aPresentation \u203aGAAP/Non-GAAP Reconciliation \u203aWebcast \u203aQ2Press Release \u203aPresentation \u203aGAAP/Non-GAAP Reconciliation \u203aWe",
    "link": "https://investors.alnylam.com/press-release?id=",
    "timestamp": "unknown"
  },
  {
    "title": "Q3Press Release \u203aPresentation \u203aGAAP/Non-GAAP Reconciliation \u203aWebcast \u203aQ2Press Release \u203aPresentation \u203aGAAP/Non-GAAP Reconciliation \u203aWebcast \u203aQ1Press Re",
    "link": "https://investors.alnylam.com/press-release?id=",
    "timestamp": "unknown"
  },
  {
    "title": "Q3Press Release \u203aPresentation \u203aGAAP/Non-GAAP Reconciliation \u203aWebcast \u203a",
    "link": "https://investors.alnylam.com/press-release?id=",
    "timestamp": "unknown"
  },
  {
    "title": "Press Release \u203a",
    "link": "https://investors.alnylam.com/press-release?id=",
    "timestamp": "unknown"
  },
  {
    "title": "Presentation \u203a",
    "link": "https://investors.alnylam.com/sites/default/files/pdfs/alnylam-q3--earnings-presentation.pdf",
    "timestamp": "unknown"
  },
  {
    "title": "GAAP/Non-GAAP Reconciliation \u203a",
    "link": "https://investors.alnylam.com/sites/default/files/pdfs/alnylam-q3--earnings-appendix.pdf",
    "timestamp": "unknown"
  },
  {
    "title": "Webcast \u203a",
    "link": "https://events.q4inc.com/attendee/",
    "timestamp": "unknown"
  },
  {
    "title": "Q2Press Release \u203aPresentation \u203aGAAP/Non-GAAP Reconciliation \u203aWebcast \u203a",
    "link": "https://investors.alnylam.com/press-release?id=",
    "timestamp": "unknown"
  },
  {
    "title": "Press Release \u203a",
    "link": "https://investors.alnylam.com/press-release?id=",
    "timestamp": "unknown"
  },
  {
    "title": "Presentation \u203a",
    "link": "https://investors.alnylam.com/sites/default/files/pdfs/alnylam-q2--earnings-presentation.pdf",
    "timestamp": "unknown"
  },
  {
    "title": "GAAP/Non-GAAP Reconciliation \u203a",
    "link": "https://investors.alnylam.com/sites/default/files/pdfs/alnylam-q2--earnings-appendix.pdf",
    "timestamp": "unknown"
  },
  {
    "title": "Webcast \u203a",
    "link": "https://events.q4inc.com/attendee/",
    "timestamp": "unknown"
  },
  {
    "title": "Q1Press Release \u203aPresentation \u203aGAAP/Non-GAAP Reconciliation \u203aWebcast \u203a",
    "link": "https://investors.alnylam.com/press-release?id=",
    "timestamp": "unknown"
  },
  {
    "title": "Press Release \u203a",
    "link": "https://investors.alnylam.com/press-release?id=",
    "timestamp": "unknown"
  },
  {
    "title": "Presentation \u203a",
    "link": "https://investors.alnylam.com/sites/default/files/pdfs/alnylam-q1--earnings-presentation.pdf",
    "timestamp": "unknown"
  },
  {
    "title": "GAAP/Non-GAAP Reconciliation \u203a",
    "link": "https://investors.alnylam.com/sites/default/files/pdfs/alnylam-q1--earnings-appendix.pdf",
    "timestamp": "unknown"
  },
  {
    "title": "Webcast \u203a",
    "link": "https://events.q4inc.com/attendee/",
    "timestamp": "unknown"
  },
  {
    "title": "Q4Press Release \u203aPresentation \u203aGAAP/Non-GAAP Reconciliation \u203aWebcast \u203a",
    "link": "https://investors.alnylam.com/press-release?id=",
    "timestamp": "unknown"
  },
  {
    "title": "Press Release \u203a",
    "link": "https://investors.alnylam.com/press-release?id=",
    "timestamp": "unknown"
  },
  {
    "title": "Presentation \u203a",
    "link": "https://investors.alnylam.com/sites/default/files/pdfs/alnylam-q4--earnings-presentation.pdf",
    "timestamp": "unknown"
  },
  {
    "title": "GAAP/Non-GAAP Reconciliation \u203a",
    "link": "https://investors.alnylam.com/sites/default/files/pdfs/alnylam-q4--earnings-appendix.pdf",
    "timestamp": "unknown"
  },
  {
    "title": "Webcast \u203a",
    "link": "https://events.q4inc.com/attendee/",
    "timestamp": "unknown"
  },
  {
    "title": "Proxy MaterialsDateDescriptionView/DownloadThere are currently no reports available that match your selection. Try using different or fewer filters.If",
    "link": "mailto:investors@alnylam.com",
    "timestamp": "unknown"
  },
  {
    "title": "DateDescriptionView/DownloadThere are currently no reports available that match your selection. Try using different or fewer filters.If you\u2019re having ",
    "link": "mailto:investors@alnylam.com",
    "timestamp": "unknown"
  },
  {
    "title": "There are currently no reports available that match your selection. Try using different or fewer filters.If you\u2019re having trouble finding something sp",
    "link": "mailto:investors@alnylam.com",
    "timestamp": "unknown"
  },
  {
    "title": "Apr ,Additional proxy soliciting materials - definitivertfxlspdf",
    "link": "https://alnylampharmaceuticalsinc.gcs-web.com/static-files/ca4f2274-b6f6-48cc-9a02-2ea199c375ae",
    "timestamp": "unknown"
  },
  {
    "title": "Mar ,Additional proxy soliciting materials - definitivertfpdf",
    "link": "https://alnylampharmaceuticalsinc.gcs-web.com/static-files/57cfaa15-6d6f-4d49-ad9e-ebf8559b37c4",
    "timestamp": "unknown"
  },
  {
    "title": "Mar ,Official notification to shareholders of matters to be brought to a vote (\"Proxy\")rtfxlspdf",
    "link": "https://alnylampharmaceuticalsinc.gcs-web.com/static-files/0e83fac6-31db---5134731a25d1",
    "timestamp": "unknown"
  },
  {
    "title": "Mar ,A preliminary proxy statement providing notification matters to be brought to a votertfxlspdf",
    "link": "https://alnylampharmaceuticalsinc.gcs-web.com/static-files/562b4ca4--4d79-9aaa-a973da80130c",
    "timestamp": "unknown"
  },
  {
    "title": "Apr ,Additional proxy soliciting materials - definitivertfpdf",
    "link": "https://alnylampharmaceuticalsinc.gcs-web.com/static-files/50d211da-220f-424b-a9f8-49f140a296c5",
    "timestamp": "unknown"
  },
  {
    "title": "Apr ,Official notification to shareholders of matters to be brought to a vote (\"Proxy\")rtfxlspdf",
    "link": "https://alnylampharmaceuticalsinc.gcs-web.com/static-files/f693e4e5-49fa-48c3-9d8b-d120cb1e390f",
    "timestamp": "unknown"
  },
  {
    "title": "Apr ,Additional proxy soliciting materials - definitivertfxlspdf",
    "link": "https://alnylampharmaceuticalsinc.gcs-web.com/static-files/102d31fa-8b1e-45c4--67d4ef122186",
    "timestamp": "unknown"
  },
  {
    "title": "Apr ,Official notification to shareholders of matters to be brought to a vote (\"Proxy\")rtfxlspdf",
    "link": "https://alnylampharmaceuticalsinc.gcs-web.com/static-files/1e3ec454-1c80-4b87-98bc-2ea0a87ae75c",
    "timestamp": "unknown"
  },
  {
    "title": "Apr ,Additional proxy soliciting materials - definitivertfpdf",
    "link": "https://alnylampharmaceuticalsinc.gcs-web.com/static-files/ea662f19-92b5-4cc5-b85f-a49933ebdff1",
    "timestamp": "unknown"
  },
  {
    "title": "Apr ,Official notification to shareholders of matters to be brought to a vote (\"Proxy\")rtfxlspdf",
    "link": "https://alnylampharmaceuticalsinc.gcs-web.com/static-files/c3ed32fd-0f18-487f-a6b0-4a779d44865b",
    "timestamp": "unknown"
  },
  {
    "title": "First page\u00ab First",
    "link": "https://investors.alnylam.com/financial-information?sec=#sec_filings",
    "timestamp": "unknown"
  },
  {
    "title": "Previous page\u2039 Previous",
    "link": "https://investors.alnylam.com/financial-information?sec=#sec_filings",
    "timestamp": "unknown"
  },
  {
    "title": "Page",
    "link": "https://investors.alnylam.com/financial-information?sec=#sec_filings",
    "timestamp": "unknown"
  },
  {
    "title": "Page",
    "link": "https://investors.alnylam.com/financial-information?sec=#sec_filings",
    "timestamp": "unknown"
  },
  {
    "title": "Page",
    "link": "https://investors.alnylam.com/financial-information?sec=#sec_filings",
    "timestamp": "unknown"
  },
  {
    "title": "Page",
    "link": "https://investors.alnylam.com/financial-information?sec=#sec_filings",
    "timestamp": "unknown"
  },
  {
    "title": "Next pageNext \u203a",
    "link": "https://investors.alnylam.com/financial-information?sec=#sec_filings",
    "timestamp": "unknown"
  },
  {
    "title": "Last pageLast \u00bb",
    "link": "https://investors.alnylam.com/financial-information?sec=#sec_filings",
    "timestamp": "unknown"
  },
  {
    "title": "Looking for specific information that isn't listed above?Contact:investors@alnylam.com",
    "link": "mailto: investors@alnylam.com",
    "timestamp": "unknown"
  },
  {
    "title": "Contact:investors@alnylam.com",
    "link": "mailto: investors@alnylam.com",
    "timestamp": "unknown"
  },
  {
    "title": "FOLLOW USVisit our social channels to learn more about the innovative work\n              we are doing at Alnylam.",
    "link": "https://www.youtube.com/channel/UCUZReY0GSAJ1w-MULQb9_Rw",
    "timestamp": "unknown"
  },
  {
    "title": "FOLLOW USVisit our social channels to learn more about the innovative work\n              we are doing at Alnylam.",
    "link": "https://www.youtube.com/channel/UCUZReY0GSAJ1w-MULQb9_Rw",
    "timestamp": "unknown"
  },
  {
    "title": "FOLLOW USVisit our social channels to learn more about the innovative work\n              we are doing at Alnylam.",
    "link": "https://www.youtube.com/channel/UCUZReY0GSAJ1w-MULQb9_Rw",
    "timestamp": "unknown"
  },
  {
    "title": "FOLLOW USVisit our social channels to learn more about the innovative work\n              we are doing at Alnylam.",
    "link": "https://www.youtube.com/channel/UCUZReY0GSAJ1w-MULQb9_Rw",
    "timestamp": "unknown"
  },
  {
    "title": "FOLLOW USVisit our social channels to learn more about the innovative work\n              we are doing at Alnylam.",
    "link": "https://www.youtube.com/channel/UCUZReY0GSAJ1w-MULQb9_Rw",
    "timestamp": "unknown"
  },
  {
    "title": "FOLLOW USVisit our social channels to learn more about the innovative work\n              we are doing at Alnylam.",
    "link": "https://www.youtube.com/channel/UCUZReY0GSAJ1w-MULQb9_Rw",
    "timestamp": "unknown"
  },
  {
    "title": "FOLLOW USVisit our social channels to learn more about the innovative work\n              we are doing at Alnylam.",
    "link": "https://www.youtube.com/channel/UCUZReY0GSAJ1w-MULQb9_Rw",
    "timestamp": "unknown"
  },
  {
    "title": "Our Company",
    "link": "https://www.alnylam.com/about-alnylam/",
    "timestamp": "unknown"
  },
  {
    "title": "Our Science",
    "link": "https://www.alnylam.com/our-science/the-science-of-rnai",
    "timestamp": "unknown"
  },
  {
    "title": "Our Products",
    "link": "https://www.alnylam.com/our-products",
    "timestamp": "unknown"
  },
  {
    "title": "Our News",
    "link": "https://news.alnylam.com/",
    "timestamp": "unknown"
  },
  {
    "title": "Privacy Policy",
    "link": "https://alnylampolicies.com/privacy",
    "timestamp": "unknown"
  },
  {
    "title": "Site Map",
    "link": "https://www.alnylam.com/sitemap",
    "timestamp": "unknown"
  },
  {
    "title": "Legal Notice",
    "link": "https://alnylampolicies.com/legal",
    "timestamp": "unknown"
  },
  {
    "title": "Sign Up For Updates",
    "link": "https://www.alnylam.com/signup-for-updates/",
    "timestamp": "unknown"
  },
  {
    "title": "Investors",
    "link": "https://investors.alnylam.com/",
    "timestamp": "unknown"
  },
  {
    "title": "Medical Professionals",
    "link": "https://www.alnylam.com/medical-professional-resources/",
    "timestamp": "unknown"
  },
  {
    "title": "Patients",
    "link": "https://www.alnylam.com/patients/",
    "timestamp": "unknown"
  },
  {
    "title": "Job Seekers",
    "link": "https://www.alnylam.com/careers/",
    "timestamp": "unknown"
  },
  {
    "title": "Clinical Trials",
    "link": "https://www.alnylam.com/alnylam-rnai-pipeline/clinical-trials/",
    "timestamp": "unknown"
  },
  {
    "title": "Corporate Responsibility",
    "link": "https://www.alnylam.com/about-alnylam/corporate-responsibility/",
    "timestamp": "unknown"
  },
  {
    "title": "Diversity, Equity & Inclusion",
    "link": "https://www.alnylam.com/about-alnylam/diversity-inclusion/",
    "timestamp": "unknown"
  },
  {
    "title": "Press Releases",
    "link": "https://investors.alnylam.com/press-releases/",
    "timestamp": "unknown"
  },
  {
    "title": "Capella",
    "link": "https://capella.alnylam.com/our-science/capella-rnai-innovation/",
    "timestamp": "unknown"
  },
  {
    "title": "Medical Resources (RNAi Science)",
    "link": "https://www.rnaiscience.com/",
    "timestamp": "unknown"
  },
  {
    "title": "Contact Us",
    "link": "https://www.alnylam.com/contact-us",
    "timestamp": "unknown"
  },
  {
    "title": "Sign Up For Updates",
    "link": "https://www.alnylam.com/signup-for-updates/",
    "timestamp": "unknown"
  },
  {
    "title": "Privacy Policy",
    "link": "https://alnylampolicies.com/privacy",
    "timestamp": "unknown"
  },
  {
    "title": "Media Kit",
    "link": "https://www.alnylam.com/media-kit/",
    "timestamp": "unknown"
  },
  {
    "title": "Legal Notice",
    "link": "https://alnylampolicies.com/legal",
    "timestamp": "unknown"
  },
  {
    "title": "Site Map",
    "link": "https://www.alnylam.com/sitemap/",
    "timestamp": "unknown"
  }
]