[
  {
    "title": "Our CompanyAbout AlnylamLeadershipDiversity, Equity & InclusionPatient Access PhilosophyCorporate ResponsibilityAlnylam ChallengersTransparencyGrants ",
    "link": "https://www.alnylam.com/about-alnylam",
    "timestamp": "unknown"
  },
  {
    "title": "Our CompanyAbout AlnylamLeadershipDiversity, Equity & InclusionPatient Access PhilosophyCorporate ResponsibilityAlnylam ChallengersTransparencyGrants ",
    "link": "https://www.alnylam.com/about-alnylam",
    "timestamp": "unknown"
  },
  {
    "title": "Our CompanyAbout AlnylamLeadershipDiversity, Equity & InclusionPatient Access PhilosophyCorporate ResponsibilityAlnylam ChallengersTransparencyGrants ",
    "link": "https://www.alnylam.com/about-alnylam",
    "timestamp": "unknown"
  },
  {
    "title": "Our CompanyAbout AlnylamLeadershipDiversity, Equity & InclusionPatient Access PhilosophyCorporate ResponsibilityAlnylam ChallengersTransparencyGrants ",
    "link": "https://www.alnylam.com/about-alnylam",
    "timestamp": "unknown"
  },
  {
    "title": "Our CompanyAbout AlnylamLeadershipDiversity, Equity & InclusionPatient Access PhilosophyCorporate ResponsibilityAlnylam ChallengersTransparencyGrants ",
    "link": "https://www.alnylam.com/about-alnylam",
    "timestamp": "unknown"
  },
  {
    "title": "Our CompanyAbout AlnylamLeadershipDiversity, Equity & InclusionPatient Access PhilosophyCorporate ResponsibilityAlnylam ChallengersTransparencyGrants ",
    "link": "https://www.alnylam.com/about-alnylam",
    "timestamp": "unknown"
  },
  {
    "title": "Our CompanyAbout AlnylamLeadershipDiversity, Equity & InclusionPatient Access PhilosophyCorporate ResponsibilityAlnylam ChallengersTransparencyGrants ",
    "link": "https://www.alnylam.com/about-alnylam",
    "timestamp": "unknown"
  },
  {
    "title": "About Alnylam",
    "link": "https://www.alnylam.com/about-alnylam",
    "timestamp": "unknown"
  },
  {
    "title": "Leadership",
    "link": "https://www.alnylam.com/about-alnylam/alnylam-leadership",
    "timestamp": "unknown"
  },
  {
    "title": "Diversity, Equity & Inclusion",
    "link": "https://www.alnylam.com/about-alnylam/diversity-inclusion",
    "timestamp": "unknown"
  },
  {
    "title": "Patient Access Philosophy",
    "link": "https://www.alnylam.com/about-alnylam/patient-access-philosophy",
    "timestamp": "unknown"
  },
  {
    "title": "Corporate Responsibility",
    "link": "https://www.alnylam.com/about-alnylam/corporate-responsibility",
    "timestamp": "unknown"
  },
  {
    "title": "Alnylam Challengers",
    "link": "https://www.alnylam.com/about-alnylam/alnylam-challengers",
    "timestamp": "unknown"
  },
  {
    "title": "Transparency",
    "link": "https://www.alnylam.com/about-alnylam/transparency",
    "timestamp": "unknown"
  },
  {
    "title": "Grants & Giving",
    "link": "https://www.alnylam.com/about-alnylam/grants-and-giving",
    "timestamp": "unknown"
  },
  {
    "title": "Investigator Initiated Studies (IIS)",
    "link": "https://www.alnylam.com/about-alnylam/investigator-initiated-studies",
    "timestamp": "unknown"
  },
  {
    "title": "Our ScienceThe Science of RNAiDelivery PlatformsMaking Our MedicinesTherapeutic AreasPipelineClinical TrialsScientific Advisory BoardIntellectual Prop",
    "link": "https://www.alnylam.com/our-science/the-science-of-rnai",
    "timestamp": "unknown"
  },
  {
    "title": "The Science of RNAi",
    "link": "https://www.alnylam.com/our-science/the-science-of-rnai",
    "timestamp": "unknown"
  },
  {
    "title": "Delivery Platforms",
    "link": "https://www.alnylam.com/our-science/sirna-delivery-platforms",
    "timestamp": "unknown"
  },
  {
    "title": "Making Our Medicines",
    "link": "https://www.alnylam.com/our-science/making-our-medicines",
    "timestamp": "unknown"
  },
  {
    "title": "Therapeutic Areas",
    "link": "https://www.alnylam.com/alnylam-rnai-pipeline",
    "timestamp": "unknown"
  },
  {
    "title": "Pipeline",
    "link": "https://www.alnylam.com/alnylam-rnai-pipeline",
    "timestamp": "unknown"
  },
  {
    "title": "Clinical Trials",
    "link": "https://www.alnylam.com/alnylam-rnai-pipeline/clinical-trials",
    "timestamp": "unknown"
  },
  {
    "title": "Scientific Advisory Board",
    "link": "https://www.alnylam.com/our-science/alnylam-scientific-advisory-board",
    "timestamp": "unknown"
  },
  {
    "title": "Intellectual Property",
    "link": "https://www.alnylam.com/our-science/intellectual-property",
    "timestamp": "unknown"
  },
  {
    "title": "Capella (Scientific\u00a0Presentations)",
    "link": "https://www.alnylam.com/our-science/capella-rnai-innovation",
    "timestamp": "unknown"
  },
  {
    "title": "Our ProductsProduct Listing",
    "link": "https://www.alnylam.com/our-products",
    "timestamp": "unknown"
  },
  {
    "title": "Product Listing",
    "link": "https://www.alnylam.com/our-products",
    "timestamp": "unknown"
  },
  {
    "title": "Our NewsNewsroomPress ReleasesCapella (Scientific\u00a0Presentations)Media Kit",
    "link": "https://news.alnylam.com/",
    "timestamp": "unknown"
  },
  {
    "title": "Newsroom",
    "link": "https://news.alnylam.com/",
    "timestamp": "unknown"
  },
  {
    "title": "Press Releases",
    "link": "https://investors.alnylam.com/press-releases",
    "timestamp": "unknown"
  },
  {
    "title": "Capella (Scientific\u00a0Presentations)",
    "link": "https://capella.alnylam.com/our-science/capella-rnai-innovation/",
    "timestamp": "unknown"
  },
  {
    "title": "Media Kit",
    "link": "https://www.alnylam.com/media-kit",
    "timestamp": "unknown"
  },
  {
    "title": "InvestorsFor InvestorsStock InformationInvestors ToolkitEvents & PresentationsFinancial InformationSEC FilingsCorporate GovernanceAnalyst CoverageFund",
    "link": "https://investors.alnylam.com/",
    "timestamp": "unknown"
  },
  {
    "title": "For Investors",
    "link": "https://investors.alnylam.com/",
    "timestamp": "unknown"
  },
  {
    "title": "Stock Information",
    "link": "https://investors.alnylam.com/alny-stock-information",
    "timestamp": "unknown"
  },
  {
    "title": "Investors Toolkit",
    "link": "https://investors.alnylam.com/investor-toolkit",
    "timestamp": "unknown"
  },
  {
    "title": "Events & Presentations",
    "link": "https://investors.alnylam.com/events",
    "timestamp": "unknown"
  },
  {
    "title": "Financial Information",
    "link": "https://investors.alnylam.com/financial-information",
    "timestamp": "unknown"
  },
  {
    "title": "SEC Filings",
    "link": "https://investors.alnylam.com/financial-information?sec=#sec_filings",
    "timestamp": "unknown"
  },
  {
    "title": "Corporate Governance",
    "link": "https://investors.alnylam.com/corporate-governance",
    "timestamp": "unknown"
  },
  {
    "title": "Analyst Coverage",
    "link": "https://investors.alnylam.com/analyst-coverage",
    "timestamp": "unknown"
  },
  {
    "title": "Fundamentals",
    "link": "https://investors.alnylam.com/financial-statements",
    "timestamp": "unknown"
  },
  {
    "title": "Ownership Profile",
    "link": "https://investors.alnylam.com/ownership-profile",
    "timestamp": "unknown"
  },
  {
    "title": "Annual Meetings",
    "link": "https://investors.alnylam.com/annual-meetings",
    "timestamp": "unknown"
  },
  {
    "title": "Press Releases",
    "link": "https://investors.alnylam.com/press-releases",
    "timestamp": "unknown"
  },
  {
    "title": "Capella (Scientific\u00a0Presentations)",
    "link": "https://capella.alnylam.com/our-science/capella-rnai-innovation/",
    "timestamp": "unknown"
  },
  {
    "title": "FAQs",
    "link": "https://investors.alnylam.com/faq",
    "timestamp": "unknown"
  },
  {
    "title": "Medical ProfessionalsFor Medical ProfessionalsGenetic Testing & CounselingEarly Access ProgramMedical Publication SupportInvestigator Initiated Studie",
    "link": "https://www.alnylam.com/medical-professional-resources",
    "timestamp": "unknown"
  },
  {
    "title": "For Medical Professionals",
    "link": "https://www.alnylam.com/medical-professional-resources",
    "timestamp": "unknown"
  },
  {
    "title": "Genetic Testing & Counseling",
    "link": "https://www.alnylam.com/medical-professional-resources/genetic-testing-counseling",
    "timestamp": "unknown"
  },
  {
    "title": "Early Access Program",
    "link": "https://www.alnylam.com/medical-professional-resources/early-access-program",
    "timestamp": "unknown"
  },
  {
    "title": "Medical Publication Support",
    "link": "https://www.alnylam.com/medical-publication-support",
    "timestamp": "unknown"
  },
  {
    "title": "Investigator Initiated Studies (IIS)",
    "link": "https://www.alnylam.com/about-alnylam/investigator-initiated-studies",
    "timestamp": "unknown"
  },
  {
    "title": "PatientsFor PatientsAmyloidosisAcute Hepatic PorphyriaPrimary HyperoxaluriaPatient ServicesGenetic Testing and CounselingPatient Advocacy",
    "link": "https://www.alnylam.com/patients",
    "timestamp": "unknown"
  },
  {
    "title": "For Patients",
    "link": "https://www.alnylam.com/patients",
    "timestamp": "unknown"
  },
  {
    "title": "Amyloidosis",
    "link": "https://www.alnylam.com/patients/amyloidosis",
    "timestamp": "unknown"
  },
  {
    "title": "Acute Hepatic Porphyria",
    "link": "https://www.alnylam.com/patients/porphyria",
    "timestamp": "unknown"
  },
  {
    "title": "Primary Hyperoxaluria",
    "link": "https://www.alnylam.com/patients/primary-hyperoxaluria",
    "timestamp": "unknown"
  },
  {
    "title": "Patient Services",
    "link": "https://www.alnylam.com/patients/patient-services",
    "timestamp": "unknown"
  },
  {
    "title": "Genetic Testing and Counseling",
    "link": "https://www.alnylam.com/patients/genetic-testing-and-counseling-program",
    "timestamp": "unknown"
  },
  {
    "title": "Patient Advocacy",
    "link": "https://www.alnylam.com/patients/patient-advocacy",
    "timestamp": "unknown"
  },
  {
    "title": "Job SeekersAbout CareersWorking at AlnylamSearch JobsDiversity, Equity & Inclusion",
    "link": "https://www.alnylam.com/careers",
    "timestamp": "unknown"
  },
  {
    "title": "About Careers",
    "link": "https://www.alnylam.com/careers",
    "timestamp": "unknown"
  },
  {
    "title": "Working at Alnylam",
    "link": "https://www.alnylam.com/careers/working-at-alnylam",
    "timestamp": "unknown"
  },
  {
    "title": "Search Jobs",
    "link": "https://jobs.alnylam.com/careers",
    "timestamp": "unknown"
  },
  {
    "title": "Diversity, Equity & Inclusion",
    "link": "https://www.alnylam.com/about-alnylam/diversity-inclusion",
    "timestamp": "unknown"
  },
  {
    "title": "Quick LinksClinical TrialsCorporate ResponsibilityDiversity, Equity & InclusionPress ReleasesCapella (Scientific\u00a0Presentations)Medical Resources (RNAi",
    "link": "https://www.alnylam.com/alnylam-rnai-pipeline/clinical-trials",
    "timestamp": "unknown"
  },
  {
    "title": "Clinical Trials",
    "link": "https://www.alnylam.com/alnylam-rnai-pipeline/clinical-trials",
    "timestamp": "unknown"
  },
  {
    "title": "Corporate Responsibility",
    "link": "https://www.alnylam.com/about-alnylam/corporate-responsibility",
    "timestamp": "unknown"
  },
  {
    "title": "Diversity, Equity & Inclusion",
    "link": "https://www.alnylam.com/about-alnylam/diversity-inclusion",
    "timestamp": "unknown"
  },
  {
    "title": "Press Releases",
    "link": "https://investors.alnylam.com/press-releases",
    "timestamp": "unknown"
  },
  {
    "title": "Capella (Scientific\u00a0Presentations)",
    "link": "https://capella.alnylam.com/our-science/capella-rnai-innovation/",
    "timestamp": "unknown"
  },
  {
    "title": "Medical Resources (RNAi Science)",
    "link": "https://www.rnaiscience.com/",
    "timestamp": "unknown"
  },
  {
    "title": "Contact Us",
    "link": "https://www.alnylam.com/contact-us",
    "timestamp": "unknown"
  },
  {
    "title": "searchSort bySort By:OrderSort by: Most RecentSort by: OldestSearchlanguageGlobalEnglishAustriaDeutschJapan\u65e5\u672c\u8a9eBelgiumNederlandsFran\u00e7aisLuxembourgFran\u00e7",
    "link": "https://www.alnylam.com/",
    "timestamp": "unknown"
  },
  {
    "title": "searchSort bySort By:OrderSort by: Most RecentSort by: OldestSearchlanguageGlobalEnglishAustriaDeutschJapan\u65e5\u672c\u8a9eBelgiumNederlandsFran\u00e7aisLuxembourgFran\u00e7",
    "link": "https://www.alnylam.com/",
    "timestamp": "unknown"
  },
  {
    "title": "GlobalEnglishAustriaDeutschJapan\u65e5\u672c\u8a9eBelgiumNederlandsFran\u00e7aisLuxembourgFran\u00e7aisDeutschBrazilPortugu\u00easNetherlandsNederlandsCanadaFran\u00e7aisEnglishPortugal",
    "link": "https://www.alnylam.com/",
    "timestamp": "unknown"
  },
  {
    "title": "GlobalEnglishAustriaDeutschJapan\u65e5\u672c\u8a9eBelgiumNederlandsFran\u00e7aisLuxembourgFran\u00e7aisDeutschBrazilPortugu\u00easNetherlandsNederlandsCanadaFran\u00e7aisEnglishPortugal",
    "link": "https://www.alnylam.com/",
    "timestamp": "unknown"
  },
  {
    "title": "GlobalEnglish",
    "link": "https://www.alnylam.com/",
    "timestamp": "unknown"
  },
  {
    "title": "GlobalEnglish",
    "link": "https://www.alnylam.com/",
    "timestamp": "unknown"
  },
  {
    "title": "GlobalEnglish",
    "link": "https://www.alnylam.com/",
    "timestamp": "unknown"
  },
  {
    "title": "English",
    "link": "https://www.alnylam.com/",
    "timestamp": "unknown"
  },
  {
    "title": "English",
    "link": "https://www.alnylam.com/",
    "timestamp": "unknown"
  },
  {
    "title": "AustriaDeutsch",
    "link": "https://www.alnylam.com/alnylam-austria",
    "timestamp": "unknown"
  },
  {
    "title": "AustriaDeutsch",
    "link": "https://www.alnylam.com/alnylam-austria",
    "timestamp": "unknown"
  },
  {
    "title": "AustriaDeutsch",
    "link": "https://www.alnylam.com/alnylam-austria",
    "timestamp": "unknown"
  },
  {
    "title": "Deutsch",
    "link": "https://www.alnylam.com/alnylam-austria",
    "timestamp": "unknown"
  },
  {
    "title": "Deutsch",
    "link": "https://www.alnylam.com/alnylam-austria",
    "timestamp": "unknown"
  },
  {
    "title": "Japan\u65e5\u672c\u8a9e",
    "link": "https://www.alnylam.jp/",
    "timestamp": "unknown"
  },
  {
    "title": "Japan\u65e5\u672c\u8a9e",
    "link": "https://www.alnylam.jp/",
    "timestamp": "unknown"
  },
  {
    "title": "Japan\u65e5\u672c\u8a9e",
    "link": "https://www.alnylam.jp/",
    "timestamp": "unknown"
  },
  {
    "title": "\u65e5\u672c\u8a9e",
    "link": "https://www.alnylam.jp/",
    "timestamp": "unknown"
  },
  {
    "title": "\u65e5\u672c\u8a9e",
    "link": "https://www.alnylam.jp/",
    "timestamp": "unknown"
  },
  {
    "title": "BelgiumNederlandsFran\u00e7ais",
    "link": "https://www.alnylam.com/alnylam-belgium-dutch",
    "timestamp": "unknown"
  },
  {
    "title": "BelgiumNederlandsFran\u00e7ais",
    "link": "https://www.alnylam.com/alnylam-belgium-dutch",
    "timestamp": "unknown"
  },
  {
    "title": "BelgiumNederlandsFran\u00e7ais",
    "link": "https://www.alnylam.com/alnylam-belgium-dutch",
    "timestamp": "unknown"
  },
  {
    "title": "NederlandsFran\u00e7ais",
    "link": "https://www.alnylam.com/alnylam-belgium-dutch",
    "timestamp": "unknown"
  },
  {
    "title": "Nederlands",
    "link": "https://www.alnylam.com/alnylam-belgium-dutch",
    "timestamp": "unknown"
  },
  {
    "title": "Fran\u00e7ais",
    "link": "https://www.alnylam.com/alnylam-belgium-french",
    "timestamp": "unknown"
  },
  {
    "title": "LuxembourgFran\u00e7aisDeutsch",
    "link": "https://www.alnylam.com/alnylam-luxembourg-french",
    "timestamp": "unknown"
  },
  {
    "title": "LuxembourgFran\u00e7aisDeutsch",
    "link": "https://www.alnylam.com/alnylam-luxembourg-french",
    "timestamp": "unknown"
  },
  {
    "title": "LuxembourgFran\u00e7aisDeutsch",
    "link": "https://www.alnylam.com/alnylam-luxembourg-french",
    "timestamp": "unknown"
  },
  {
    "title": "Fran\u00e7aisDeutsch",
    "link": "https://www.alnylam.com/alnylam-luxembourg-french",
    "timestamp": "unknown"
  },
  {
    "title": "Fran\u00e7ais",
    "link": "https://www.alnylam.com/alnylam-luxembourg-french",
    "timestamp": "unknown"
  },
  {
    "title": "Deutsch",
    "link": "https://www.alnylam.com/alnylam-luxembourg-german",
    "timestamp": "unknown"
  },
  {
    "title": "BrazilPortugu\u00eas",
    "link": "https://www.alnylam.com.br/",
    "timestamp": "unknown"
  },
  {
    "title": "BrazilPortugu\u00eas",
    "link": "https://www.alnylam.com.br/",
    "timestamp": "unknown"
  },
  {
    "title": "BrazilPortugu\u00eas",
    "link": "https://www.alnylam.com.br/",
    "timestamp": "unknown"
  },
  {
    "title": "Portugu\u00eas",
    "link": "https://www.alnylam.com.br/",
    "timestamp": "unknown"
  },
  {
    "title": "Portugu\u00eas",
    "link": "https://www.alnylam.com.br/",
    "timestamp": "unknown"
  },
  {
    "title": "NetherlandsNederlands",
    "link": "https://www.alnylam.com/alnylam-netherlands",
    "timestamp": "unknown"
  },
  {
    "title": "NetherlandsNederlands",
    "link": "https://www.alnylam.com/alnylam-netherlands",
    "timestamp": "unknown"
  },
  {
    "title": "NetherlandsNederlands",
    "link": "https://www.alnylam.com/alnylam-netherlands",
    "timestamp": "unknown"
  },
  {
    "title": "Nederlands",
    "link": "https://www.alnylam.com/alnylam-netherlands",
    "timestamp": "unknown"
  },
  {
    "title": "Nederlands",
    "link": "https://www.alnylam.com/alnylam-netherlands",
    "timestamp": "unknown"
  },
  {
    "title": "CanadaFran\u00e7aisEnglish",
    "link": "https://www.alnylam.ca/fr",
    "timestamp": "unknown"
  },
  {
    "title": "CanadaFran\u00e7aisEnglish",
    "link": "https://www.alnylam.ca/fr",
    "timestamp": "unknown"
  },
  {
    "title": "CanadaFran\u00e7aisEnglish",
    "link": "https://www.alnylam.ca/fr",
    "timestamp": "unknown"
  },
  {
    "title": "Fran\u00e7aisEnglish",
    "link": "https://www.alnylam.ca/fr",
    "timestamp": "unknown"
  },
  {
    "title": "Fran\u00e7ais",
    "link": "https://www.alnylam.ca/fr",
    "timestamp": "unknown"
  },
  {
    "title": "English",
    "link": "https://www.alnylam.ca/",
    "timestamp": "unknown"
  },
  {
    "title": "PortugalPortugu\u00eas",
    "link": "https://www.alnylam.com/alnylam-portugal",
    "timestamp": "unknown"
  },
  {
    "title": "PortugalPortugu\u00eas",
    "link": "https://www.alnylam.com/alnylam-portugal",
    "timestamp": "unknown"
  },
  {
    "title": "PortugalPortugu\u00eas",
    "link": "https://www.alnylam.com/alnylam-portugal",
    "timestamp": "unknown"
  },
  {
    "title": "Portugu\u00eas",
    "link": "https://www.alnylam.com/alnylam-portugal",
    "timestamp": "unknown"
  },
  {
    "title": "Portugu\u00eas",
    "link": "https://www.alnylam.com/alnylam-portugal",
    "timestamp": "unknown"
  },
  {
    "title": "SpainEspa\u00f1ol",
    "link": "https://www.alnylam.com/alnylam-espana",
    "timestamp": "unknown"
  },
  {
    "title": "SpainEspa\u00f1ol",
    "link": "https://www.alnylam.com/alnylam-espana",
    "timestamp": "unknown"
  },
  {
    "title": "SpainEspa\u00f1ol",
    "link": "https://www.alnylam.com/alnylam-espana",
    "timestamp": "unknown"
  },
  {
    "title": "Espa\u00f1ol",
    "link": "https://www.alnylam.com/alnylam-espana",
    "timestamp": "unknown"
  },
  {
    "title": "Espa\u00f1ol",
    "link": "https://www.alnylam.com/alnylam-espana",
    "timestamp": "unknown"
  },
  {
    "title": "DenmarkDansk",
    "link": "https://www.alnylam.com/alnylam-denmark",
    "timestamp": "unknown"
  },
  {
    "title": "DenmarkDansk",
    "link": "https://www.alnylam.com/alnylam-denmark",
    "timestamp": "unknown"
  },
  {
    "title": "DenmarkDansk",
    "link": "https://www.alnylam.com/alnylam-denmark",
    "timestamp": "unknown"
  },
  {
    "title": "Dansk",
    "link": "https://www.alnylam.com/alnylam-denmark",
    "timestamp": "unknown"
  },
  {
    "title": "Dansk",
    "link": "https://www.alnylam.com/alnylam-denmark",
    "timestamp": "unknown"
  },
  {
    "title": "SwedenSvenska",
    "link": "https://www.alnylam.com/alnylam-sverige",
    "timestamp": "unknown"
  },
  {
    "title": "SwedenSvenska",
    "link": "https://www.alnylam.com/alnylam-sverige",
    "timestamp": "unknown"
  },
  {
    "title": "SwedenSvenska",
    "link": "https://www.alnylam.com/alnylam-sverige",
    "timestamp": "unknown"
  },
  {
    "title": "Svenska",
    "link": "https://www.alnylam.com/alnylam-sverige",
    "timestamp": "unknown"
  },
  {
    "title": "Svenska",
    "link": "https://www.alnylam.com/alnylam-sverige",
    "timestamp": "unknown"
  },
  {
    "title": "FranceFran\u00e7ais",
    "link": "https://www.alnylam.fr/",
    "timestamp": "unknown"
  },
  {
    "title": "FranceFran\u00e7ais",
    "link": "https://www.alnylam.fr/",
    "timestamp": "unknown"
  },
  {
    "title": "FranceFran\u00e7ais",
    "link": "https://www.alnylam.fr/",
    "timestamp": "unknown"
  },
  {
    "title": "Fran\u00e7ais",
    "link": "https://www.alnylam.fr/",
    "timestamp": "unknown"
  },
  {
    "title": "Fran\u00e7ais",
    "link": "https://www.alnylam.fr/",
    "timestamp": "unknown"
  },
  {
    "title": "SwitzerlandFran\u00e7aisDeutschItaliano",
    "link": "https://www.alnylam.com/alnylam-switzerland-french",
    "timestamp": "unknown"
  },
  {
    "title": "SwitzerlandFran\u00e7aisDeutschItaliano",
    "link": "https://www.alnylam.com/alnylam-switzerland-french",
    "timestamp": "unknown"
  },
  {
    "title": "SwitzerlandFran\u00e7aisDeutschItaliano",
    "link": "https://www.alnylam.com/alnylam-switzerland-french",
    "timestamp": "unknown"
  },
  {
    "title": "Fran\u00e7aisDeutschItaliano",
    "link": "https://www.alnylam.com/alnylam-switzerland-french",
    "timestamp": "unknown"
  },
  {
    "title": "Fran\u00e7ais",
    "link": "https://www.alnylam.com/alnylam-switzerland-french",
    "timestamp": "unknown"
  },
  {
    "title": "Deutsch",
    "link": "https://www.alnylam.com/alnylam-switzerland-german",
    "timestamp": "unknown"
  },
  {
    "title": "Italiano",
    "link": "https://www.alnylam.com/alnylam-switzerland-italian",
    "timestamp": "unknown"
  },
  {
    "title": "GermanyDeutsch",
    "link": "https://www.alnylam.de/",
    "timestamp": "unknown"
  },
  {
    "title": "GermanyDeutsch",
    "link": "https://www.alnylam.de/",
    "timestamp": "unknown"
  },
  {
    "title": "GermanyDeutsch",
    "link": "https://www.alnylam.de/",
    "timestamp": "unknown"
  },
  {
    "title": "Deutsch",
    "link": "https://www.alnylam.de/",
    "timestamp": "unknown"
  },
  {
    "title": "Deutsch",
    "link": "https://www.alnylam.de/",
    "timestamp": "unknown"
  },
  {
    "title": "Taiwan\u7e41\u9ad4\u4e2d\u6587",
    "link": "https://www.alnylam.com/alnylam-taiwan",
    "timestamp": "unknown"
  },
  {
    "title": "Taiwan\u7e41\u9ad4\u4e2d\u6587",
    "link": "https://www.alnylam.com/alnylam-taiwan",
    "timestamp": "unknown"
  },
  {
    "title": "Taiwan\u7e41\u9ad4\u4e2d\u6587",
    "link": "https://www.alnylam.com/alnylam-taiwan",
    "timestamp": "unknown"
  },
  {
    "title": "\u7e41\u9ad4\u4e2d\u6587",
    "link": "https://www.alnylam.com/alnylam-taiwan",
    "timestamp": "unknown"
  },
  {
    "title": "\u7e41\u9ad4\u4e2d\u6587",
    "link": "https://www.alnylam.com/alnylam-taiwan",
    "timestamp": "unknown"
  },
  {
    "title": "IrelandEnglish",
    "link": "https://www.alnylam.com/alnylam-ireland",
    "timestamp": "unknown"
  },
  {
    "title": "IrelandEnglish",
    "link": "https://www.alnylam.com/alnylam-ireland",
    "timestamp": "unknown"
  },
  {
    "title": "IrelandEnglish",
    "link": "https://www.alnylam.com/alnylam-ireland",
    "timestamp": "unknown"
  },
  {
    "title": "English",
    "link": "https://www.alnylam.com/alnylam-ireland",
    "timestamp": "unknown"
  },
  {
    "title": "English",
    "link": "https://www.alnylam.com/alnylam-ireland",
    "timestamp": "unknown"
  },
  {
    "title": "United KingdomEnglish",
    "link": "https://alnylam.co.uk/",
    "timestamp": "unknown"
  },
  {
    "title": "United KingdomEnglish",
    "link": "https://alnylam.co.uk/",
    "timestamp": "unknown"
  },
  {
    "title": "United KingdomEnglish",
    "link": "https://alnylam.co.uk/",
    "timestamp": "unknown"
  },
  {
    "title": "English",
    "link": "https://alnylam.co.uk/",
    "timestamp": "unknown"
  },
  {
    "title": "English",
    "link": "https://alnylam.co.uk/",
    "timestamp": "unknown"
  },
  {
    "title": "ItalyItaliano",
    "link": "https://www.alnylam.it/",
    "timestamp": "unknown"
  },
  {
    "title": "ItalyItaliano",
    "link": "https://www.alnylam.it/",
    "timestamp": "unknown"
  },
  {
    "title": "ItalyItaliano",
    "link": "https://www.alnylam.it/",
    "timestamp": "unknown"
  },
  {
    "title": "Italiano",
    "link": "https://www.alnylam.it/",
    "timestamp": "unknown"
  },
  {
    "title": "Italiano",
    "link": "https://www.alnylam.it/",
    "timestamp": "unknown"
  },
  {
    "title": "InvestorsFor InvestorsStock InformationInvestors ToolkitEvents & PresentationsFinancial InformationSEC FilingsCorporate GovernanceAnalyst CoverageFund",
    "link": "https://www.alnylam.com/",
    "timestamp": "unknown"
  },
  {
    "title": "InvestorsFor InvestorsStock InformationInvestors ToolkitEvents & PresentationsFinancial InformationSEC FilingsCorporate GovernanceAnalyst CoverageFund",
    "link": "https://investors.alnylam.com/",
    "timestamp": "unknown"
  },
  {
    "title": "InvestorsFor InvestorsStock InformationInvestors ToolkitEvents & PresentationsFinancial InformationSEC FilingsCorporate GovernanceAnalyst CoverageFund",
    "link": "https://investors.alnylam.com/",
    "timestamp": "unknown"
  },
  {
    "title": "InvestorsFor InvestorsStock InformationInvestors ToolkitEvents & PresentationsFinancial InformationSEC FilingsCorporate GovernanceAnalyst CoverageFund",
    "link": "https://investors.alnylam.com/",
    "timestamp": "unknown"
  },
  {
    "title": "InvestorsFor InvestorsStock InformationInvestors ToolkitEvents & PresentationsFinancial InformationSEC FilingsCorporate GovernanceAnalyst CoverageFund",
    "link": "https://investors.alnylam.com/",
    "timestamp": "unknown"
  },
  {
    "title": "For Investors",
    "link": "https://investors.alnylam.com/",
    "timestamp": "unknown"
  },
  {
    "title": "Stock Information",
    "link": "https://investors.alnylam.com/alny-stock-information",
    "timestamp": "unknown"
  },
  {
    "title": "Investors Toolkit",
    "link": "https://investors.alnylam.com/investor-toolkit",
    "timestamp": "unknown"
  },
  {
    "title": "Events & Presentations",
    "link": "https://investors.alnylam.com/events",
    "timestamp": "unknown"
  },
  {
    "title": "Financial Information",
    "link": "https://investors.alnylam.com/financial-information",
    "timestamp": "unknown"
  },
  {
    "title": "SEC Filings",
    "link": "https://investors.alnylam.com/financial-information?sec=#sec_filings",
    "timestamp": "unknown"
  },
  {
    "title": "Corporate Governance",
    "link": "https://investors.alnylam.com/corporate-governance",
    "timestamp": "unknown"
  },
  {
    "title": "Analyst Coverage",
    "link": "https://investors.alnylam.com/analyst-coverage",
    "timestamp": "unknown"
  },
  {
    "title": "Fundamentals",
    "link": "https://investors.alnylam.com/financial-statements",
    "timestamp": "unknown"
  },
  {
    "title": "Ownership Profile",
    "link": "https://investors.alnylam.com/ownership-profile",
    "timestamp": "unknown"
  },
  {
    "title": "Annual Meetings",
    "link": "https://investors.alnylam.com/annual-meetings",
    "timestamp": "unknown"
  },
  {
    "title": "Press Releases",
    "link": "https://investors.alnylam.com/press-releases",
    "timestamp": "unknown"
  },
  {
    "title": "Capella (Scientific\u00a0Presentations)",
    "link": "https://www.alnylam.com/our-science/capella-rnai-innovation/",
    "timestamp": "unknown"
  },
  {
    "title": "FAQs",
    "link": "https://investors.alnylam.com/faq",
    "timestamp": "unknown"
  },
  {
    "title": "Medical ProfessionalsFor Medical ProfessionalsGenetic Testing & CounselingEarly Access ProgramMedical Publication SupportInvestigator Initiated Studie",
    "link": "https://www.alnylam.com/medical-professional-resources",
    "timestamp": "unknown"
  },
  {
    "title": "For Medical Professionals",
    "link": "https://www.alnylam.com/medical-professional-resources",
    "timestamp": "unknown"
  },
  {
    "title": "Genetic Testing & Counseling",
    "link": "https://www.alnylam.com/medical-professional-resources/genetic-testing-counseling",
    "timestamp": "unknown"
  },
  {
    "title": "Early Access Program",
    "link": "https://www.alnylam.com/medical-professional-resources/early-access-program",
    "timestamp": "unknown"
  },
  {
    "title": "Medical Publication Support",
    "link": "https://www.alnylam.com/medical-publication-support",
    "timestamp": "unknown"
  },
  {
    "title": "Investigator Initiated Studies (IIS)",
    "link": "https://www.alnylam.com/about-alnylam/investigator-initiated-studies",
    "timestamp": "unknown"
  },
  {
    "title": "PatientsFor PatientsAmyloidosisAcute Hepatic PorphyriaPrimary HyperoxaluriaPatient ServicesGenetic Testing and CounselingPatient Advocacy",
    "link": "https://www.alnylam.com/patients",
    "timestamp": "unknown"
  },
  {
    "title": "For Patients",
    "link": "https://www.alnylam.com/patients",
    "timestamp": "unknown"
  },
  {
    "title": "Amyloidosis",
    "link": "https://www.alnylam.com/patients/amyloidosis",
    "timestamp": "unknown"
  },
  {
    "title": "Acute Hepatic Porphyria",
    "link": "https://www.alnylam.com/patients/porphyria",
    "timestamp": "unknown"
  },
  {
    "title": "Primary Hyperoxaluria",
    "link": "https://www.alnylam.com/patients/primary-hyperoxaluria",
    "timestamp": "unknown"
  },
  {
    "title": "Patient Services",
    "link": "https://www.alnylam.com/patients/patient-services",
    "timestamp": "unknown"
  },
  {
    "title": "Genetic Testing and Counseling",
    "link": "https://www.alnylam.com/patients/genetic-testing-and-counseling-program",
    "timestamp": "unknown"
  },
  {
    "title": "Patient Advocacy",
    "link": "https://www.alnylam.com/patients/patient-advocacy",
    "timestamp": "unknown"
  },
  {
    "title": "CareersAbout CareersWorking at AlnylamSearch JobsDiversity, Equity & Inclusion",
    "link": "https://www.alnylam.com/careers",
    "timestamp": "unknown"
  },
  {
    "title": "About Careers",
    "link": "https://www.alnylam.com/careers",
    "timestamp": "unknown"
  },
  {
    "title": "Working at Alnylam",
    "link": "https://www.alnylam.com/careers/working-at-alnylam",
    "timestamp": "unknown"
  },
  {
    "title": "Search Jobs",
    "link": "https://jobs.alnylam.com/careers",
    "timestamp": "unknown"
  },
  {
    "title": "Diversity, Equity & Inclusion",
    "link": "https://www.alnylam.com/about-alnylam/diversity-inclusion",
    "timestamp": "unknown"
  },
  {
    "title": "Quick LinksClinical TrialsCorporate ResponsibilityDiversity, Equity & InclusionPress ReleasesCapella (Scientific\u00a0Presentations)Medical Resources (RNAi",
    "link": "https://www.alnylam.com/alnylam-rnai-pipeline/clinical-trials",
    "timestamp": "unknown"
  },
  {
    "title": "Clinical Trials",
    "link": "https://www.alnylam.com/alnylam-rnai-pipeline/clinical-trials",
    "timestamp": "unknown"
  },
  {
    "title": "Corporate Responsibility",
    "link": "https://www.alnylam.com/about-alnylam/corporate-responsibility",
    "timestamp": "unknown"
  },
  {
    "title": "Diversity, Equity & Inclusion",
    "link": "https://www.alnylam.com/about-alnylam/diversity-inclusion",
    "timestamp": "unknown"
  },
  {
    "title": "Press Releases",
    "link": "https://investors.alnylam.com/press-releases",
    "timestamp": "unknown"
  },
  {
    "title": "Capella (Scientific\u00a0Presentations)",
    "link": "https://www.alnylam.com/our-science/capella-rnai-innovation/",
    "timestamp": "unknown"
  },
  {
    "title": "Medical Resources (RNAi Science)",
    "link": "https://www.rnaiscience.com/",
    "timestamp": "unknown"
  },
  {
    "title": "Contact Us",
    "link": "https://www.alnylam.com/contact-us",
    "timestamp": "unknown"
  },
  {
    "title": "Follow UsYoutubeFacebookXLinkedInInstagramSign Up",
    "link": "https://www.youtube.com/channel/UCUZReY0GSAJ1w-MULQb9_Rw",
    "timestamp": "unknown"
  },
  {
    "title": "Youtube",
    "link": "https://www.youtube.com/channel/UCUZReY0GSAJ1w-MULQb9_Rw",
    "timestamp": "unknown"
  },
  {
    "title": "Facebook",
    "link": "https://facebook.com/alnylampharma",
    "timestamp": "unknown"
  },
  {
    "title": "X",
    "link": "https://twitter.com/alnylam",
    "timestamp": "unknown"
  },
  {
    "title": "LinkedIn",
    "link": "https://www.linkedin.com/company/alnylam-pharmaceuticals/",
    "timestamp": "unknown"
  },
  {
    "title": "Instagram",
    "link": "https://www.instagram.com/alnylampharma/",
    "timestamp": "unknown"
  },
  {
    "title": "Sign Up",
    "link": "https://www.alnylam.com/signup-for-updates",
    "timestamp": "unknown"
  },
  {
    "title": "Our CompanyAbout AlnylamLeadershipDiversity, Equity & InclusionPatient Access PhilosophyCorporate ResponsibilityAlnylam ChallengersTransparencyGrants ",
    "link": "https://www.alnylam.com/about-alnylam",
    "timestamp": "unknown"
  },
  {
    "title": "Our CompanyAbout AlnylamLeadershipDiversity, Equity & InclusionPatient Access PhilosophyCorporate ResponsibilityAlnylam ChallengersTransparencyGrants ",
    "link": "https://www.alnylam.com/about-alnylam",
    "timestamp": "unknown"
  },
  {
    "title": "Our CompanyAbout AlnylamLeadershipDiversity, Equity & InclusionPatient Access PhilosophyCorporate ResponsibilityAlnylam ChallengersTransparencyGrants ",
    "link": "https://www.alnylam.com/about-alnylam",
    "timestamp": "unknown"
  },
  {
    "title": "Our CompanyAbout AlnylamLeadershipDiversity, Equity & InclusionPatient Access PhilosophyCorporate ResponsibilityAlnylam ChallengersTransparencyGrants ",
    "link": "https://www.alnylam.com/about-alnylam",
    "timestamp": "unknown"
  },
  {
    "title": "Our CompanyAbout AlnylamLeadershipDiversity, Equity & InclusionPatient Access PhilosophyCorporate ResponsibilityAlnylam ChallengersTransparencyGrants ",
    "link": "https://www.alnylam.com/about-alnylam",
    "timestamp": "unknown"
  },
  {
    "title": "About Alnylam",
    "link": "https://www.alnylam.com/about-alnylam",
    "timestamp": "unknown"
  },
  {
    "title": "Leadership",
    "link": "https://www.alnylam.com/about-alnylam/alnylam-leadership",
    "timestamp": "unknown"
  },
  {
    "title": "Diversity, Equity & Inclusion",
    "link": "https://www.alnylam.com/about-alnylam/diversity-inclusion",
    "timestamp": "unknown"
  },
  {
    "title": "Patient Access Philosophy",
    "link": "https://www.alnylam.com/about-alnylam/patient-access-philosophy",
    "timestamp": "unknown"
  },
  {
    "title": "Corporate Responsibility",
    "link": "https://www.alnylam.com/about-alnylam/corporate-responsibility",
    "timestamp": "unknown"
  },
  {
    "title": "Alnylam Challengers",
    "link": "https://www.alnylam.com/about-alnylam/alnylam-challengers",
    "timestamp": "unknown"
  },
  {
    "title": "Transparency",
    "link": "https://www.alnylam.com/about-alnylam/transparency",
    "timestamp": "unknown"
  },
  {
    "title": "Grants & Giving",
    "link": "https://www.alnylam.com/about-alnylam/grants-and-giving",
    "timestamp": "unknown"
  },
  {
    "title": "Investigator Initiated Studies (IIS)",
    "link": "https://www.alnylam.com/about-alnylam/investigator-initiated-studies",
    "timestamp": "unknown"
  },
  {
    "title": "Our ScienceThe Science of RNAiDelivery PlatformsMaking Our MedicinesTherapeutic AreasPipelineClinical TrialsScientific Advisory BoardIntellectual Prop",
    "link": "https://www.alnylam.com/our-science/the-science-of-rnai",
    "timestamp": "unknown"
  },
  {
    "title": "The Science of RNAi",
    "link": "https://www.alnylam.com/our-science/the-science-of-rnai",
    "timestamp": "unknown"
  },
  {
    "title": "Delivery Platforms",
    "link": "https://www.alnylam.com/our-science/sirna-delivery-platforms",
    "timestamp": "unknown"
  },
  {
    "title": "Making Our Medicines",
    "link": "https://www.alnylam.com/our-science/making-our-medicines",
    "timestamp": "unknown"
  },
  {
    "title": "Therapeutic Areas",
    "link": "https://www.alnylam.com/alnylam-rnai-pipeline",
    "timestamp": "unknown"
  },
  {
    "title": "Pipeline",
    "link": "https://www.alnylam.com/alnylam-rnai-pipeline",
    "timestamp": "unknown"
  },
  {
    "title": "Clinical Trials",
    "link": "https://www.alnylam.com/alnylam-rnai-pipeline/clinical-trials",
    "timestamp": "unknown"
  },
  {
    "title": "Scientific Advisory Board",
    "link": "https://www.alnylam.com/our-science/alnylam-scientific-advisory-board",
    "timestamp": "unknown"
  },
  {
    "title": "Intellectual Property",
    "link": "https://www.alnylam.com/our-science/intellectual-property",
    "timestamp": "unknown"
  },
  {
    "title": "Capella (Scientific\u00a0Presentations)",
    "link": "https://capella.alnylam.com/our-science/capella-rnai-innovation/",
    "timestamp": "unknown"
  },
  {
    "title": "Our ProductsProduct Listing",
    "link": "https://www.alnylam.com/our-products",
    "timestamp": "unknown"
  },
  {
    "title": "Product Listing",
    "link": "https://www.alnylam.com/our-products",
    "timestamp": "unknown"
  },
  {
    "title": "Our NewsNewsroomPress ReleasesCapella (Scientific\u00a0Presentations)Media Kit",
    "link": "https://news.alnylam.com",
    "timestamp": "unknown"
  },
  {
    "title": "Newsroom",
    "link": "https://news.alnylam.com",
    "timestamp": "unknown"
  },
  {
    "title": "Press Releases",
    "link": "https://investors.alnylam.com/press-releases",
    "timestamp": "unknown"
  },
  {
    "title": "Capella (Scientific\u00a0Presentations)",
    "link": "https://www.alnylam.com/our-science/capella-rnai-innovation/",
    "timestamp": "unknown"
  },
  {
    "title": "Media Kit",
    "link": "https://www.alnylam.com/media-kit",
    "timestamp": "unknown"
  },
  {
    "title": "searchSort bySort By:OrderSort by: Most RecentSort by: OldestSearchGlobalEnglishAustriaDeutschJapan\u65e5\u672c\u8a9eBelgiumNederlandsFran\u00e7aisLuxembourgFran\u00e7aisDeuts",
    "link": "https://www.alnylam.com/",
    "timestamp": "unknown"
  },
  {
    "title": "searchSort bySort By:OrderSort by: Most RecentSort by: OldestSearchGlobalEnglishAustriaDeutschJapan\u65e5\u672c\u8a9eBelgiumNederlandsFran\u00e7aisLuxembourgFran\u00e7aisDeuts",
    "link": "https://www.alnylam.com/",
    "timestamp": "unknown"
  },
  {
    "title": "GlobalEnglishAustriaDeutschJapan\u65e5\u672c\u8a9eBelgiumNederlandsFran\u00e7aisLuxembourgFran\u00e7aisDeutschBrazilPortugu\u00easNetherlandsNederlandsCanadaFran\u00e7aisEnglishPortugal",
    "link": "https://www.alnylam.com/",
    "timestamp": "unknown"
  },
  {
    "title": "GlobalEnglishAustriaDeutschJapan\u65e5\u672c\u8a9eBelgiumNederlandsFran\u00e7aisLuxembourgFran\u00e7aisDeutschBrazilPortugu\u00easNetherlandsNederlandsCanadaFran\u00e7aisEnglishPortugal",
    "link": "https://www.alnylam.com/",
    "timestamp": "unknown"
  },
  {
    "title": "GlobalEnglish",
    "link": "https://www.alnylam.com/",
    "timestamp": "unknown"
  },
  {
    "title": "GlobalEnglish",
    "link": "https://www.alnylam.com/",
    "timestamp": "unknown"
  },
  {
    "title": "GlobalEnglish",
    "link": "https://www.alnylam.com/",
    "timestamp": "unknown"
  },
  {
    "title": "English",
    "link": "https://www.alnylam.com/",
    "timestamp": "unknown"
  },
  {
    "title": "English",
    "link": "https://www.alnylam.com/",
    "timestamp": "unknown"
  },
  {
    "title": "AustriaDeutsch",
    "link": "https://www.alnylam.com/alnylam-austria",
    "timestamp": "unknown"
  },
  {
    "title": "AustriaDeutsch",
    "link": "https://www.alnylam.com/alnylam-austria",
    "timestamp": "unknown"
  },
  {
    "title": "AustriaDeutsch",
    "link": "https://www.alnylam.com/alnylam-austria",
    "timestamp": "unknown"
  },
  {
    "title": "Deutsch",
    "link": "https://www.alnylam.com/alnylam-austria",
    "timestamp": "unknown"
  },
  {
    "title": "Deutsch",
    "link": "https://www.alnylam.com/alnylam-austria",
    "timestamp": "unknown"
  },
  {
    "title": "Japan\u65e5\u672c\u8a9e",
    "link": "https://www.alnylam.jp/",
    "timestamp": "unknown"
  },
  {
    "title": "Japan\u65e5\u672c\u8a9e",
    "link": "https://www.alnylam.jp/",
    "timestamp": "unknown"
  },
  {
    "title": "Japan\u65e5\u672c\u8a9e",
    "link": "https://www.alnylam.jp/",
    "timestamp": "unknown"
  },
  {
    "title": "\u65e5\u672c\u8a9e",
    "link": "https://www.alnylam.jp/",
    "timestamp": "unknown"
  },
  {
    "title": "\u65e5\u672c\u8a9e",
    "link": "https://www.alnylam.jp/",
    "timestamp": "unknown"
  },
  {
    "title": "BelgiumNederlandsFran\u00e7ais",
    "link": "https://www.alnylam.com/alnylam-belgium-dutch",
    "timestamp": "unknown"
  },
  {
    "title": "BelgiumNederlandsFran\u00e7ais",
    "link": "https://www.alnylam.com/alnylam-belgium-dutch",
    "timestamp": "unknown"
  },
  {
    "title": "BelgiumNederlandsFran\u00e7ais",
    "link": "https://www.alnylam.com/alnylam-belgium-dutch",
    "timestamp": "unknown"
  },
  {
    "title": "NederlandsFran\u00e7ais",
    "link": "https://www.alnylam.com/alnylam-belgium-dutch",
    "timestamp": "unknown"
  },
  {
    "title": "Nederlands",
    "link": "https://www.alnylam.com/alnylam-belgium-dutch",
    "timestamp": "unknown"
  },
  {
    "title": "Fran\u00e7ais",
    "link": "https://www.alnylam.com/alnylam-belgium-french",
    "timestamp": "unknown"
  },
  {
    "title": "LuxembourgFran\u00e7aisDeutsch",
    "link": "https://www.alnylam.com/alnylam-luxembourg-french",
    "timestamp": "unknown"
  },
  {
    "title": "LuxembourgFran\u00e7aisDeutsch",
    "link": "https://www.alnylam.com/alnylam-luxembourg-french",
    "timestamp": "unknown"
  },
  {
    "title": "LuxembourgFran\u00e7aisDeutsch",
    "link": "https://www.alnylam.com/alnylam-luxembourg-french",
    "timestamp": "unknown"
  },
  {
    "title": "Fran\u00e7aisDeutsch",
    "link": "https://www.alnylam.com/alnylam-luxembourg-french",
    "timestamp": "unknown"
  },
  {
    "title": "Fran\u00e7ais",
    "link": "https://www.alnylam.com/alnylam-luxembourg-french",
    "timestamp": "unknown"
  },
  {
    "title": "Deutsch",
    "link": "https://www.alnylam.com/alnylam-luxembourg-german",
    "timestamp": "unknown"
  },
  {
    "title": "BrazilPortugu\u00eas",
    "link": "https://www.alnylam.com.br/",
    "timestamp": "unknown"
  },
  {
    "title": "BrazilPortugu\u00eas",
    "link": "https://www.alnylam.com.br/",
    "timestamp": "unknown"
  },
  {
    "title": "BrazilPortugu\u00eas",
    "link": "https://www.alnylam.com.br/",
    "timestamp": "unknown"
  },
  {
    "title": "Portugu\u00eas",
    "link": "https://www.alnylam.com.br/",
    "timestamp": "unknown"
  },
  {
    "title": "Portugu\u00eas",
    "link": "https://www.alnylam.com.br/",
    "timestamp": "unknown"
  },
  {
    "title": "NetherlandsNederlands",
    "link": "https://www.alnylam.com/alnylam-netherlands",
    "timestamp": "unknown"
  },
  {
    "title": "NetherlandsNederlands",
    "link": "https://www.alnylam.com/alnylam-netherlands",
    "timestamp": "unknown"
  },
  {
    "title": "NetherlandsNederlands",
    "link": "https://www.alnylam.com/alnylam-netherlands",
    "timestamp": "unknown"
  },
  {
    "title": "Nederlands",
    "link": "https://www.alnylam.com/alnylam-netherlands",
    "timestamp": "unknown"
  },
  {
    "title": "Nederlands",
    "link": "https://www.alnylam.com/alnylam-netherlands",
    "timestamp": "unknown"
  },
  {
    "title": "CanadaFran\u00e7aisEnglish",
    "link": "https://www.alnylam.ca/fr",
    "timestamp": "unknown"
  },
  {
    "title": "CanadaFran\u00e7aisEnglish",
    "link": "https://www.alnylam.ca/fr",
    "timestamp": "unknown"
  },
  {
    "title": "CanadaFran\u00e7aisEnglish",
    "link": "https://www.alnylam.ca/fr",
    "timestamp": "unknown"
  },
  {
    "title": "Fran\u00e7aisEnglish",
    "link": "https://www.alnylam.ca/fr",
    "timestamp": "unknown"
  },
  {
    "title": "Fran\u00e7ais",
    "link": "https://www.alnylam.ca/fr",
    "timestamp": "unknown"
  },
  {
    "title": "English",
    "link": "https://www.alnylam.ca/",
    "timestamp": "unknown"
  },
  {
    "title": "PortugalPortugu\u00eas",
    "link": "https://www.alnylam.com/alnylam-portugal",
    "timestamp": "unknown"
  },
  {
    "title": "PortugalPortugu\u00eas",
    "link": "https://www.alnylam.com/alnylam-portugal",
    "timestamp": "unknown"
  },
  {
    "title": "PortugalPortugu\u00eas",
    "link": "https://www.alnylam.com/alnylam-portugal",
    "timestamp": "unknown"
  },
  {
    "title": "Portugu\u00eas",
    "link": "https://www.alnylam.com/alnylam-portugal",
    "timestamp": "unknown"
  },
  {
    "title": "Portugu\u00eas",
    "link": "https://www.alnylam.com/alnylam-portugal",
    "timestamp": "unknown"
  },
  {
    "title": "SpainEspa\u00f1ol",
    "link": "https://www.alnylam.com/alnylam-espana",
    "timestamp": "unknown"
  },
  {
    "title": "SpainEspa\u00f1ol",
    "link": "https://www.alnylam.com/alnylam-espana",
    "timestamp": "unknown"
  },
  {
    "title": "SpainEspa\u00f1ol",
    "link": "https://www.alnylam.com/alnylam-espana",
    "timestamp": "unknown"
  },
  {
    "title": "Espa\u00f1ol",
    "link": "https://www.alnylam.com/alnylam-espana",
    "timestamp": "unknown"
  },
  {
    "title": "Espa\u00f1ol",
    "link": "https://www.alnylam.com/alnylam-espana",
    "timestamp": "unknown"
  },
  {
    "title": "DenmarkDansk",
    "link": "https://www.alnylam.com/alnylam-denmark",
    "timestamp": "unknown"
  },
  {
    "title": "DenmarkDansk",
    "link": "https://www.alnylam.com/alnylam-denmark",
    "timestamp": "unknown"
  },
  {
    "title": "DenmarkDansk",
    "link": "https://www.alnylam.com/alnylam-denmark",
    "timestamp": "unknown"
  },
  {
    "title": "Dansk",
    "link": "https://www.alnylam.com/alnylam-denmark",
    "timestamp": "unknown"
  },
  {
    "title": "Dansk",
    "link": "https://www.alnylam.com/alnylam-denmark",
    "timestamp": "unknown"
  },
  {
    "title": "SwedenSvenska",
    "link": "https://www.alnylam.com/alnylam-sverige",
    "timestamp": "unknown"
  },
  {
    "title": "SwedenSvenska",
    "link": "https://www.alnylam.com/alnylam-sverige",
    "timestamp": "unknown"
  },
  {
    "title": "SwedenSvenska",
    "link": "https://www.alnylam.com/alnylam-sverige",
    "timestamp": "unknown"
  },
  {
    "title": "Svenska",
    "link": "https://www.alnylam.com/alnylam-sverige",
    "timestamp": "unknown"
  },
  {
    "title": "Svenska",
    "link": "https://www.alnylam.com/alnylam-sverige",
    "timestamp": "unknown"
  },
  {
    "title": "FranceFran\u00e7ais",
    "link": "https://www.alnylam.fr/",
    "timestamp": "unknown"
  },
  {
    "title": "FranceFran\u00e7ais",
    "link": "https://www.alnylam.fr/",
    "timestamp": "unknown"
  },
  {
    "title": "FranceFran\u00e7ais",
    "link": "https://www.alnylam.fr/",
    "timestamp": "unknown"
  },
  {
    "title": "Fran\u00e7ais",
    "link": "https://www.alnylam.fr/",
    "timestamp": "unknown"
  },
  {
    "title": "Fran\u00e7ais",
    "link": "https://www.alnylam.fr/",
    "timestamp": "unknown"
  },
  {
    "title": "SwitzerlandFran\u00e7aisDeutschItaliano",
    "link": "https://www.alnylam.com/alnylam-switzerland-french",
    "timestamp": "unknown"
  },
  {
    "title": "SwitzerlandFran\u00e7aisDeutschItaliano",
    "link": "https://www.alnylam.com/alnylam-switzerland-french",
    "timestamp": "unknown"
  },
  {
    "title": "SwitzerlandFran\u00e7aisDeutschItaliano",
    "link": "https://www.alnylam.com/alnylam-switzerland-french",
    "timestamp": "unknown"
  },
  {
    "title": "Fran\u00e7aisDeutschItaliano",
    "link": "https://www.alnylam.com/alnylam-switzerland-french",
    "timestamp": "unknown"
  },
  {
    "title": "Fran\u00e7ais",
    "link": "https://www.alnylam.com/alnylam-switzerland-french",
    "timestamp": "unknown"
  },
  {
    "title": "Deutsch",
    "link": "https://www.alnylam.com/alnylam-switzerland-german",
    "timestamp": "unknown"
  },
  {
    "title": "Italiano",
    "link": "https://www.alnylam.com/alnylam-switzerland-italian",
    "timestamp": "unknown"
  },
  {
    "title": "GermanyDeutsch",
    "link": "https://www.alnylam.de/",
    "timestamp": "unknown"
  },
  {
    "title": "GermanyDeutsch",
    "link": "https://www.alnylam.de/",
    "timestamp": "unknown"
  },
  {
    "title": "GermanyDeutsch",
    "link": "https://www.alnylam.de/",
    "timestamp": "unknown"
  },
  {
    "title": "Deutsch",
    "link": "https://www.alnylam.de/",
    "timestamp": "unknown"
  },
  {
    "title": "Deutsch",
    "link": "https://www.alnylam.de/",
    "timestamp": "unknown"
  },
  {
    "title": "Taiwan\u7e41\u9ad4\u4e2d\u6587",
    "link": "https://www.alnylam.com/alnylam-taiwan",
    "timestamp": "unknown"
  },
  {
    "title": "Taiwan\u7e41\u9ad4\u4e2d\u6587",
    "link": "https://www.alnylam.com/alnylam-taiwan",
    "timestamp": "unknown"
  },
  {
    "title": "Taiwan\u7e41\u9ad4\u4e2d\u6587",
    "link": "https://www.alnylam.com/alnylam-taiwan",
    "timestamp": "unknown"
  },
  {
    "title": "\u7e41\u9ad4\u4e2d\u6587",
    "link": "https://www.alnylam.com/alnylam-taiwan",
    "timestamp": "unknown"
  },
  {
    "title": "\u7e41\u9ad4\u4e2d\u6587",
    "link": "https://www.alnylam.com/alnylam-taiwan",
    "timestamp": "unknown"
  },
  {
    "title": "IrelandEnglish",
    "link": "https://www.alnylam.com/alnylam-ireland",
    "timestamp": "unknown"
  },
  {
    "title": "IrelandEnglish",
    "link": "https://www.alnylam.com/alnylam-ireland",
    "timestamp": "unknown"
  },
  {
    "title": "IrelandEnglish",
    "link": "https://www.alnylam.com/alnylam-ireland",
    "timestamp": "unknown"
  },
  {
    "title": "English",
    "link": "https://www.alnylam.com/alnylam-ireland",
    "timestamp": "unknown"
  },
  {
    "title": "English",
    "link": "https://www.alnylam.com/alnylam-ireland",
    "timestamp": "unknown"
  },
  {
    "title": "United KingdomEnglish",
    "link": "https://alnylam.co.uk/",
    "timestamp": "unknown"
  },
  {
    "title": "United KingdomEnglish",
    "link": "https://alnylam.co.uk/",
    "timestamp": "unknown"
  },
  {
    "title": "United KingdomEnglish",
    "link": "https://alnylam.co.uk/",
    "timestamp": "unknown"
  },
  {
    "title": "English",
    "link": "https://alnylam.co.uk/",
    "timestamp": "unknown"
  },
  {
    "title": "English",
    "link": "https://alnylam.co.uk/",
    "timestamp": "unknown"
  },
  {
    "title": "ItalyItaliano",
    "link": "https://www.alnylam.it/",
    "timestamp": "unknown"
  },
  {
    "title": "ItalyItaliano",
    "link": "https://www.alnylam.it/",
    "timestamp": "unknown"
  },
  {
    "title": "ItalyItaliano",
    "link": "https://www.alnylam.it/",
    "timestamp": "unknown"
  },
  {
    "title": "Italiano",
    "link": "https://www.alnylam.it/",
    "timestamp": "unknown"
  },
  {
    "title": "Italiano",
    "link": "https://www.alnylam.it/",
    "timestamp": "unknown"
  },
  {
    "title": "Our ScienceOUR PIPELINEThrough pioneering science and an unwavering commitment to patients, Alnylam has led the translation of the breakthrough discov",
    "link": "https://www.alnylam.com/our-science/the-science-of-rnai",
    "timestamp": "unknown"
  },
  {
    "title": "Our ScienceOUR PIPELINEThrough pioneering science and an unwavering commitment to patients, Alnylam has led the translation of the breakthrough discov",
    "link": "https://www.alnylam.com/our-science/the-science-of-rnai",
    "timestamp": "unknown"
  },
  {
    "title": "Our ScienceOUR PIPELINEThrough pioneering science and an unwavering commitment to patients, Alnylam has led the translation of the breakthrough discov",
    "link": "https://www.alnylam.com/our-science/the-science-of-rnai",
    "timestamp": "unknown"
  },
  {
    "title": "Our ScienceOUR PIPELINEThrough pioneering science and an unwavering commitment to patients, Alnylam has led the translation of the breakthrough discov",
    "link": "https://www.alnylam.com/our-science/the-science-of-rnai",
    "timestamp": "unknown"
  },
  {
    "title": "Our ScienceOUR PIPELINEThrough pioneering science and an unwavering commitment to patients, Alnylam has led the translation of the breakthrough discov",
    "link": "https://www.alnylam.com/our-science/the-science-of-rnai",
    "timestamp": "unknown"
  },
  {
    "title": "Our ScienceOUR PIPELINEThrough pioneering science and an unwavering commitment to patients, Alnylam has led the translation of the breakthrough discov",
    "link": "https://www.alnylam.com/our-science/the-science-of-rnai",
    "timestamp": "unknown"
  },
  {
    "title": "Our ScienceOUR PIPELINEThrough pioneering science and an unwavering commitment to patients, Alnylam has led the translation of the breakthrough discov",
    "link": "https://www.alnylam.com/our-science/the-science-of-rnai",
    "timestamp": "unknown"
  },
  {
    "title": "Our ScienceOUR PIPELINEThrough pioneering science and an unwavering commitment to patients, Alnylam has led the translation of the breakthrough discov",
    "link": "https://www.alnylam.com/our-science/the-science-of-rnai",
    "timestamp": "unknown"
  },
  {
    "title": "Our ScienceOUR PIPELINEThrough pioneering science and an unwavering commitment to patients, Alnylam has led the translation of the breakthrough discov",
    "link": "https://www.alnylam.com/our-science/the-science-of-rnai",
    "timestamp": "unknown"
  },
  {
    "title": "Our ScienceOUR PIPELINEThrough pioneering science and an unwavering commitment to patients, Alnylam has led the translation of the breakthrough discov",
    "link": "https://www.alnylam.com/our-science/the-science-of-rnai",
    "timestamp": "unknown"
  },
  {
    "title": "Learn more about RNAi and our science \u203a",
    "link": "https://www.alnylam.com/our-science/the-science-of-rnai",
    "timestamp": "unknown"
  },
  {
    "title": "Alnylam Clinical Development PipelineTRANSTHYRETIN AMYLOIDOSIS (TTR)PRODUCTDISEASEPHASEPHASEPHASECOMMERCIALONPATTRO\u00ae(patisiran)hATTR Amyloidosis with ",
    "link": "https://www.alnylam.com/sites/default/files/pdfs/alny-pipeline--portrait-productnames.pdf",
    "timestamp": "unknown"
  },
  {
    "title": "Alnylam Clinical Development PipelineTRANSTHYRETIN AMYLOIDOSIS (TTR)PRODUCTDISEASEPHASEPHASEPHASECOMMERCIALONPATTRO\u00ae(patisiran)hATTR Amyloidosis with ",
    "link": "https://www.alnylam.com/sites/default/files/pdfs/alny-pipeline--portrait-productnames.pdf",
    "timestamp": "unknown"
  },
  {
    "title": "Alnylam Clinical Development PipelineTRANSTHYRETIN AMYLOIDOSIS (TTR)PRODUCTDISEASEPHASEPHASEPHASECOMMERCIALONPATTRO\u00ae(patisiran)hATTR Amyloidosis with ",
    "link": "https://www.alnylam.com/sites/default/files/pdfs/alny-pipeline--portrait-productnames.pdf",
    "timestamp": "unknown"
  },
  {
    "title": "Alnylam Clinical Development PipelineTRANSTHYRETIN AMYLOIDOSIS (TTR)PRODUCTDISEASEPHASEPHASEPHASECOMMERCIALONPATTRO\u00ae(patisiran)hATTR Amyloidosis with ",
    "link": "https://www.alnylam.com/sites/default/files/pdfs/alny-pipeline--portrait-productnames.pdf",
    "timestamp": "unknown"
  },
  {
    "title": "Alnylam Clinical Development PipelineTRANSTHYRETIN AMYLOIDOSIS (TTR)PRODUCTDISEASEPHASEPHASEPHASECOMMERCIALONPATTRO\u00ae(patisiran)hATTR Amyloidosis with ",
    "link": "https://www.alnylam.com/sites/default/files/pdfs/alny-pipeline--portrait-productnames.pdf",
    "timestamp": "unknown"
  },
  {
    "title": "Alnylam Clinical Development PipelineTRANSTHYRETIN AMYLOIDOSIS (TTR)PRODUCTDISEASEPHASEPHASEPHASECOMMERCIALONPATTRO\u00ae(patisiran)hATTR Amyloidosis with ",
    "link": "https://www.alnylam.com/sites/default/files/pdfs/alny-pipeline--portrait-productnames.pdf",
    "timestamp": "unknown"
  },
  {
    "title": "Alnylam Clinical Development PipelineTRANSTHYRETIN AMYLOIDOSIS (TTR)PRODUCTDISEASEPHASEPHASEPHASECOMMERCIALONPATTRO\u00ae(patisiran)hATTR Amyloidosis with ",
    "link": "https://www.alnylam.com/sites/default/files/pdfs/alny-pipeline--portrait-productnames.pdf",
    "timestamp": "unknown"
  },
  {
    "title": "Alnylam Clinical Development PipelineTRANSTHYRETIN AMYLOIDOSIS (TTR)PRODUCTDISEASEPHASEPHASEPHASECOMMERCIALONPATTRO\u00ae(patisiran)hATTR Amyloidosis with ",
    "link": "https://www.alnylam.com/sites/default/files/pdfs/alny-pipeline--portrait-productnames.pdf",
    "timestamp": "unknown"
  },
  {
    "title": "Alnylam Clinical Development PipelineTRANSTHYRETIN AMYLOIDOSIS (TTR)PRODUCTDISEASEPHASEPHASEPHASECOMMERCIALONPATTRO\u00ae(patisiran)hATTR Amyloidosis with ",
    "link": "https://www.alnylam.com/sites/default/files/pdfs/alny-pipeline--portrait-productnames.pdf",
    "timestamp": "unknown"
  },
  {
    "title": "TRANSTHYRETIN AMYLOIDOSIS (TTR)PRODUCTDISEASEPHASEPHASEPHASECOMMERCIALONPATTRO\u00ae(patisiran)hATTR Amyloidosis with PolyneuropathyCOMMERCIALAMVUTTRA\u00ae(vut",
    "link": "https://www.alnylam.com/sites/default/files/pdfs/alny-pipeline--portrait-productnames.pdf",
    "timestamp": "unknown"
  },
  {
    "title": "Download Pipeline",
    "link": "https://www.alnylam.com/sites/default/files/pdfs/alny-pipeline--portrait-productnames.pdf",
    "timestamp": "unknown"
  },
  {
    "title": "Additional InformationClinical TrialsPatients are at the center of everything we do and we work tirelessly to bring new medicines to those with unmet ",
    "link": "https://www.alnylam.com/alnylam-rnai-pipeline/clinical-trials",
    "timestamp": "unknown"
  },
  {
    "title": "Additional InformationClinical TrialsPatients are at the center of everything we do and we work tirelessly to bring new medicines to those with unmet ",
    "link": "https://www.alnylam.com/alnylam-rnai-pipeline/clinical-trials",
    "timestamp": "unknown"
  },
  {
    "title": "Additional InformationClinical TrialsPatients are at the center of everything we do and we work tirelessly to bring new medicines to those with unmet ",
    "link": "https://www.alnylam.com/alnylam-rnai-pipeline/clinical-trials",
    "timestamp": "unknown"
  },
  {
    "title": "Clinical TrialsPatients are at the center of everything we do and we work tirelessly to bring new medicines to those with unmet needs. Learn more abou",
    "link": "https://www.alnylam.com/alnylam-rnai-pipeline/clinical-trials",
    "timestamp": "unknown"
  },
  {
    "title": "Clinical TrialsPatients are at the center of everything we do and we work tirelessly to bring new medicines to those with unmet needs. Learn more abou",
    "link": "https://www.alnylam.com/alnylam-rnai-pipeline/clinical-trials",
    "timestamp": "unknown"
  },
  {
    "title": "Clinical TrialsPatients are at the center of everything we do and we work tirelessly to bring new medicines to those with unmet needs. Learn more abou",
    "link": "https://www.alnylam.com/alnylam-rnai-pipeline/clinical-trials",
    "timestamp": "unknown"
  },
  {
    "title": "Clinical TrialsPatients are at the center of everything we do and we work tirelessly to bring new medicines to those with unmet needs. Learn more abou",
    "link": "https://www.alnylam.com/alnylam-rnai-pipeline/clinical-trials",
    "timestamp": "unknown"
  },
  {
    "title": "Clinical TrialsPatients are at the center of everything we do and we work tirelessly to bring new medicines to those with unmet needs. Learn more abou",
    "link": "https://www.alnylam.com/alnylam-rnai-pipeline/clinical-trials",
    "timestamp": "unknown"
  },
  {
    "title": "Patients are at the center of everything we do and we work tirelessly to bring new medicines to those with unmet needs. Learn more about Alnylam-spons",
    "link": "https://www.alnylam.com/alnylam-rnai-pipeline/clinical-trials",
    "timestamp": "unknown"
  },
  {
    "title": "LEARN MORE \u203a",
    "link": "https://www.alnylam.com/alnylam-rnai-pipeline/clinical-trials",
    "timestamp": "unknown"
  },
  {
    "title": "CapellaLearn more about the latest in Alnylam news from Capella\u2014the destination for updates on our progress in translating the science of RNAi to inno",
    "link": "https://www.alnylam.com/our-science/capella-rnai-innovation/",
    "timestamp": "unknown"
  },
  {
    "title": "CapellaLearn more about the latest in Alnylam news from Capella\u2014the destination for updates on our progress in translating the science of RNAi to inno",
    "link": "https://www.alnylam.com/our-science/capella-rnai-innovation/",
    "timestamp": "unknown"
  },
  {
    "title": "CapellaLearn more about the latest in Alnylam news from Capella\u2014the destination for updates on our progress in translating the science of RNAi to inno",
    "link": "https://www.alnylam.com/our-science/capella-rnai-innovation/",
    "timestamp": "unknown"
  },
  {
    "title": "Learn more about the latest in Alnylam news from Capella\u2014the destination for updates on our progress in translating the science of RNAi to innovative ",
    "link": "https://www.alnylam.com/our-science/capella-rnai-innovation/",
    "timestamp": "unknown"
  },
  {
    "title": "LEARN MORE \u203a",
    "link": "https://www.alnylam.com/our-science/capella-rnai-innovation/",
    "timestamp": "unknown"
  },
  {
    "title": "InvestorsAlnylam has led the RNAi Revolution and continues to deliver on a bold vision to turn scientific possibility into reality. Discover more info",
    "link": "https://investors.alnylam.com/",
    "timestamp": "unknown"
  },
  {
    "title": "InvestorsAlnylam has led the RNAi Revolution and continues to deliver on a bold vision to turn scientific possibility into reality. Discover more info",
    "link": "https://investors.alnylam.com/",
    "timestamp": "unknown"
  },
  {
    "title": "InvestorsAlnylam has led the RNAi Revolution and continues to deliver on a bold vision to turn scientific possibility into reality. Discover more info",
    "link": "https://investors.alnylam.com/",
    "timestamp": "unknown"
  },
  {
    "title": "Alnylam has led the RNAi Revolution and continues to deliver on a bold vision to turn scientific possibility into reality. Discover more information f",
    "link": "https://investors.alnylam.com/",
    "timestamp": "unknown"
  },
  {
    "title": "LEARN MORE \u203a",
    "link": "https://investors.alnylam.com/",
    "timestamp": "unknown"
  },
  {
    "title": "You are now leaving Alnylam.comThe following content may not be associated with Alnylam Pharmaceuticals.Links to all outside sites are provided as a r",
    "link": "https://www.alnylam.com/alnylam-rnai-pipeline",
    "timestamp": "unknown"
  },
  {
    "title": "You are now leaving Alnylam.comThe following content may not be associated with Alnylam Pharmaceuticals.Links to all outside sites are provided as a r",
    "link": "https://www.alnylam.com/alnylam-rnai-pipeline",
    "timestamp": "unknown"
  },
  {
    "title": "You are now leaving Alnylam.comThe following content may not be associated with Alnylam Pharmaceuticals.Links to all outside sites are provided as a r",
    "link": "https://www.alnylam.com/alnylam-rnai-pipeline",
    "timestamp": "unknown"
  },
  {
    "title": "You are now leaving Alnylam.comThe following content may not be associated with Alnylam Pharmaceuticals.Links to all outside sites are provided as a r",
    "link": "https://www.alnylam.com/alnylam-rnai-pipeline",
    "timestamp": "unknown"
  },
  {
    "title": "You are now leaving Alnylam.comThe following content may not be associated with Alnylam Pharmaceuticals.Links to all outside sites are provided as a r",
    "link": "https://www.alnylam.com/alnylam-rnai-pipeline",
    "timestamp": "unknown"
  },
  {
    "title": "FOLLOW USVisit our social channels to learn more about the innovative work we are doing at Alnylam.",
    "link": "https://www.youtube.com/channel/UCUZReY0GSAJ1w-MULQb9_Rw",
    "timestamp": "unknown"
  },
  {
    "title": "FOLLOW USVisit our social channels to learn more about the innovative work we are doing at Alnylam.",
    "link": "https://www.youtube.com/channel/UCUZReY0GSAJ1w-MULQb9_Rw",
    "timestamp": "unknown"
  },
  {
    "title": "FOLLOW USVisit our social channels to learn more about the innovative work we are doing at Alnylam.",
    "link": "https://www.youtube.com/channel/UCUZReY0GSAJ1w-MULQb9_Rw",
    "timestamp": "unknown"
  },
  {
    "title": "FOLLOW USVisit our social channels to learn more about the innovative work we are doing at Alnylam.",
    "link": "https://www.youtube.com/channel/UCUZReY0GSAJ1w-MULQb9_Rw",
    "timestamp": "unknown"
  },
  {
    "title": "FOLLOW USVisit our social channels to learn more about the innovative work we are doing at Alnylam.",
    "link": "https://www.youtube.com/channel/UCUZReY0GSAJ1w-MULQb9_Rw",
    "timestamp": "unknown"
  },
  {
    "title": "FOLLOW USVisit our social channels to learn more about the innovative work we are doing at Alnylam.",
    "link": "https://www.youtube.com/channel/UCUZReY0GSAJ1w-MULQb9_Rw",
    "timestamp": "unknown"
  },
  {
    "title": "FOLLOW USVisit our social channels to learn more about the innovative work we are doing at Alnylam.",
    "link": "https://www.youtube.com/channel/UCUZReY0GSAJ1w-MULQb9_Rw",
    "timestamp": "unknown"
  },
  {
    "title": "You are now leaving Alnylam.comYou will be directed to another Alnylam website that may contain information about specific treatment(s), news and more",
    "link": "https://www.alnylam.com/alnylam-rnai-pipeline",
    "timestamp": "unknown"
  },
  {
    "title": "You are now leaving Alnylam.comYou will be directed to another Alnylam website that may contain information about specific treatment(s), news and more",
    "link": "https://www.alnylam.com/alnylam-rnai-pipeline",
    "timestamp": "unknown"
  },
  {
    "title": "You are now leaving Alnylam.comYou will be directed to another Alnylam website that may contain information about specific treatment(s), news and more",
    "link": "https://www.alnylam.com/alnylam-rnai-pipeline",
    "timestamp": "unknown"
  },
  {
    "title": "You are now leaving Alnylam.comYou will be directed to another Alnylam website that may contain information about specific treatment(s), news and more",
    "link": "https://www.alnylam.com/alnylam-rnai-pipeline",
    "timestamp": "unknown"
  },
  {
    "title": "You are now leaving Alnylam.comYou will be directed to another Alnylam website that may contain information about specific treatment(s), news and more",
    "link": "https://www.alnylam.com/alnylam-rnai-pipeline",
    "timestamp": "unknown"
  },
  {
    "title": "You are now leaving Alnylam.comYou will be redirected to an external site that may include social media, event registration, or other third-party cont",
    "link": "https://www.alnylam.com/alnylam-rnai-pipeline",
    "timestamp": "unknown"
  },
  {
    "title": "You are now leaving Alnylam.comYou will be redirected to an external site that may include social media, event registration, or other third-party cont",
    "link": "https://www.alnylam.com/alnylam-rnai-pipeline",
    "timestamp": "unknown"
  },
  {
    "title": "You are now leaving Alnylam.comYou will be redirected to an external site that may include social media, event registration, or other third-party cont",
    "link": "https://www.alnylam.com/alnylam-rnai-pipeline",
    "timestamp": "unknown"
  },
  {
    "title": "You are now leaving Alnylam.comYou will be redirected to an external site that may include social media, event registration, or other third-party cont",
    "link": "https://www.alnylam.com/alnylam-rnai-pipeline",
    "timestamp": "unknown"
  },
  {
    "title": "You are now leaving Alnylam.comYou will be redirected to an external site that may include social media, event registration, or other third-party cont",
    "link": "https://www.alnylam.com/alnylam-rnai-pipeline",
    "timestamp": "unknown"
  },
  {
    "title": "Our Company",
    "link": "https://www.alnylam.com/about-alnylam",
    "timestamp": "unknown"
  },
  {
    "title": "Our Science",
    "link": "https://www.alnylam.com/our-science/the-science-of-rnai",
    "timestamp": "unknown"
  },
  {
    "title": "Our Products",
    "link": "https://www.alnylam.com/our-products",
    "timestamp": "unknown"
  },
  {
    "title": "Our News",
    "link": "https://news.alnylam.com/",
    "timestamp": "unknown"
  },
  {
    "title": "Privacy Policy",
    "link": "https://alnylampolicies.com/privacy",
    "timestamp": "unknown"
  },
  {
    "title": "Site Map",
    "link": "https://www.alnylam.com/sitemap",
    "timestamp": "unknown"
  },
  {
    "title": "Legal Notice",
    "link": "https://alnylampolicies.com/legal",
    "timestamp": "unknown"
  },
  {
    "title": "Sign Up For Updates",
    "link": "https://www.alnylam.com/signup-for-updates",
    "timestamp": "unknown"
  },
  {
    "title": "Investors",
    "link": "https://investors.alnylam.com/",
    "timestamp": "unknown"
  },
  {
    "title": "Medical Professionals",
    "link": "https://www.alnylam.com/medical-professional-resources",
    "timestamp": "unknown"
  },
  {
    "title": "Patients",
    "link": "https://www.alnylam.com/patients",
    "timestamp": "unknown"
  },
  {
    "title": "Job Seekers",
    "link": "https://www.alnylam.com/careers",
    "timestamp": "unknown"
  },
  {
    "title": "Clinical Trials",
    "link": "https://www.alnylam.com/alnylam-rnai-pipeline/clinical-trials",
    "timestamp": "unknown"
  },
  {
    "title": "Corporate Responsibility",
    "link": "https://www.alnylam.com/about-alnylam/corporate-responsibility",
    "timestamp": "unknown"
  },
  {
    "title": "Diversity, Equity & Inclusion",
    "link": "https://www.alnylam.com/about-alnylam/diversity-inclusion",
    "timestamp": "unknown"
  },
  {
    "title": "Press Releases",
    "link": "https://investors.alnylam.com/press-releases",
    "timestamp": "unknown"
  },
  {
    "title": "Capella",
    "link": "https://capella.alnylam.com/our-science/capella-rnai-innovation/",
    "timestamp": "unknown"
  },
  {
    "title": "Medical Resources (RNAi Science)",
    "link": "https://www.rnaiscience.com/",
    "timestamp": "unknown"
  },
  {
    "title": "Contact Us",
    "link": "https://www.alnylam.com/contact-us",
    "timestamp": "unknown"
  },
  {
    "title": "Sign Up For Updates",
    "link": "https://www.alnylam.com/signup-for-updates",
    "timestamp": "unknown"
  },
  {
    "title": "Privacy Policy",
    "link": "https://alnylampolicies.com/privacy",
    "timestamp": "unknown"
  },
  {
    "title": "Media Kit",
    "link": "https://www.alnylam.com/media-kit",
    "timestamp": "unknown"
  },
  {
    "title": "Legal Notice",
    "link": "https://alnylampolicies.com/legal",
    "timestamp": "unknown"
  },
  {
    "title": "Site Map",
    "link": "https://www.alnylam.com/sitemap",
    "timestamp": "unknown"
  }
]