[
  {
    "title": "InvestorsEvents & PresentationsFinancials & FilingsStock InformationInvestor FAQsContact UsNewsroomCareersJob OpeningsAreas of FocusCardiometabolicHyp",
    "link": "https://ir.arrowheadpharma.com/",
    "timestamp": "unknown"
  },
  {
    "title": "InvestorsEvents & PresentationsFinancials & FilingsStock InformationInvestor FAQsContact UsNewsroomCareersJob OpeningsAreas of FocusCardiometabolicHyp",
    "link": "https://ir.arrowheadpharma.com/",
    "timestamp": "unknown"
  },
  {
    "title": "InvestorsEvents & PresentationsFinancials & FilingsStock InformationInvestor FAQsContact UsNewsroomCareersJob Openings",
    "link": "https://ir.arrowheadpharma.com/",
    "timestamp": "unknown"
  },
  {
    "title": "InvestorsEvents & PresentationsFinancials & FilingsStock InformationInvestor FAQsContact UsNewsroomCareersJob Openings",
    "link": "https://ir.arrowheadpharma.com/",
    "timestamp": "unknown"
  },
  {
    "title": "InvestorsEvents & PresentationsFinancials & FilingsStock InformationInvestor FAQsContact Us",
    "link": "https://ir.arrowheadpharma.com/",
    "timestamp": "unknown"
  },
  {
    "title": "Events & Presentations",
    "link": "https://ir.arrowheadpharma.com/events-and-presentations",
    "timestamp": "unknown"
  },
  {
    "title": "Financials & Filings",
    "link": "https://ir.arrowheadpharma.com/financials-filings",
    "timestamp": "unknown"
  },
  {
    "title": "Stock Information",
    "link": "https://ir.arrowheadpharma.com/stock-information/stock-quote-chart",
    "timestamp": "unknown"
  },
  {
    "title": "Investor FAQs",
    "link": "https://ir.arrowheadpharma.com/investor-faqs",
    "timestamp": "unknown"
  },
  {
    "title": "Contact Us",
    "link": "https://ir.arrowheadpharma.com/contact-us",
    "timestamp": "unknown"
  },
  {
    "title": "Newsroom",
    "link": "https://arrowheadpharma.com/newsroom/",
    "timestamp": "unknown"
  },
  {
    "title": "CareersJob Openings",
    "link": "https://arrowheadpharma.com/careers/",
    "timestamp": "unknown"
  },
  {
    "title": "Job Openings",
    "link": "https://arrowheadpharma.com/careers/job-openings/",
    "timestamp": "unknown"
  },
  {
    "title": "Areas of FocusCardiometabolicHypertriglyceridemiaDyslipidemiaCardiovascular DiseasePulmonaryInflammatory Pulmonary DiseasesMuco-obstructiveIdiopathic ",
    "link": "https://arrowheadpharma.com/areas-of-focus/",
    "timestamp": "unknown"
  },
  {
    "title": "Cardiometabolic",
    "link": "https://ir.arrowheadpharma.com/events-and-presentations",
    "timestamp": "unknown"
  },
  {
    "title": "Hypertriglyceridemia",
    "link": "https://arrowheadpharma.com/areas-of-focus/hypertriglyceridemia/",
    "timestamp": "unknown"
  },
  {
    "title": "Dyslipidemia",
    "link": "https://arrowheadpharma.com/areas-of-focus/dyslipidemia/",
    "timestamp": "unknown"
  },
  {
    "title": "Cardiovascular Disease",
    "link": "https://arrowheadpharma.com/areas-of-focus/cardiovascular-disease/",
    "timestamp": "unknown"
  },
  {
    "title": "Pulmonary",
    "link": "https://ir.arrowheadpharma.com/events-and-presentations",
    "timestamp": "unknown"
  },
  {
    "title": "Inflammatory Pulmonary Diseases",
    "link": "https://arrowheadpharma.com/areas-of-focus/inflammatory/",
    "timestamp": "unknown"
  },
  {
    "title": "Muco-obstructive",
    "link": "https://arrowheadpharma.com/areas-of-focus/muco-obstructive/",
    "timestamp": "unknown"
  },
  {
    "title": "Idiopathic Pulmonary Fibrosis",
    "link": "https://arrowheadpharma.com/areas-of-focus/idiopathic-pulmonary-fibrosis/",
    "timestamp": "unknown"
  },
  {
    "title": "Our Medicines",
    "link": "https://arrowheadpharma.com/our-medicines/",
    "timestamp": "unknown"
  },
  {
    "title": "Pipeline",
    "link": "https://arrowheadpharma.com/pipeline/",
    "timestamp": "unknown"
  },
  {
    "title": "Science & InnovationPartnershipsPublicationsClinical Trials",
    "link": "https://arrowheadpharma.com/science-and-innovation/",
    "timestamp": "unknown"
  },
  {
    "title": "Partnerships",
    "link": "https://arrowheadpharma.com/science-innovation/partnerships/",
    "timestamp": "unknown"
  },
  {
    "title": "Publications",
    "link": "https://arrowheadpharma.com/science-innovation/publications/",
    "timestamp": "unknown"
  },
  {
    "title": "Clinical Trials",
    "link": "https://arrowheadpharma.com/science-innovation/clinical-trials/",
    "timestamp": "unknown"
  },
  {
    "title": "Patients & CaregiversWhat is RNAi?Patient Centricity & AdvocacyPatient StoriesFCS Patient InsightsExpanded Access Programs",
    "link": "https://arrowheadpharma.com/patients-caregivers/",
    "timestamp": "unknown"
  },
  {
    "title": "What is RNAi?",
    "link": "https://arrowheadpharma.com/patients-caregivers/what-is-rnai/",
    "timestamp": "unknown"
  },
  {
    "title": "Patient Centricity & Advocacy",
    "link": "https://arrowheadpharma.com/patients-caregivers/patient-centricity-advocacy/",
    "timestamp": "unknown"
  },
  {
    "title": "Patient Stories",
    "link": "https://arrowheadpharma.com/patients-caregivers/patient-stories/",
    "timestamp": "unknown"
  },
  {
    "title": "FCS Patient Insights",
    "link": "https://arrowheadpharma.com/wp-content/uploads///Spotlight-on-FCS.pdf",
    "timestamp": "unknown"
  },
  {
    "title": "Expanded Access Programs",
    "link": "https://arrowheadpharma.com/patients-caregivers/expanded-access-programs/",
    "timestamp": "unknown"
  },
  {
    "title": "AboutLeadership TeamCorporate Governance",
    "link": "https://arrowheadpharma.com/about/",
    "timestamp": "unknown"
  },
  {
    "title": "Leadership Team",
    "link": "https://arrowheadpharma.com/about/leadership-team/",
    "timestamp": "unknown"
  },
  {
    "title": "Corporate Governance",
    "link": "https://arrowheadpharma.com/about/corporate-governance/",
    "timestamp": "unknown"
  },
  {
    "title": "InvestorsEvents & PresentationsFinancials & FilingsStock InformationInvestor FAQsContact UsNewsroomCareersJob Openings",
    "link": "https://ir.arrowheadpharma.com/",
    "timestamp": "unknown"
  },
  {
    "title": "InvestorsEvents & PresentationsFinancials & FilingsStock InformationInvestor FAQsContact UsNewsroomCareersJob Openings",
    "link": "https://ir.arrowheadpharma.com/",
    "timestamp": "unknown"
  },
  {
    "title": "InvestorsEvents & PresentationsFinancials & FilingsStock InformationInvestor FAQsContact Us",
    "link": "https://ir.arrowheadpharma.com/",
    "timestamp": "unknown"
  },
  {
    "title": "Events & Presentations",
    "link": "https://ir.arrowheadpharma.com/events-and-presentations",
    "timestamp": "unknown"
  },
  {
    "title": "Financials & Filings",
    "link": "https://ir.arrowheadpharma.com/financials-filings",
    "timestamp": "unknown"
  },
  {
    "title": "Stock Information",
    "link": "https://ir.arrowheadpharma.com/stock-information/stock-quote-chart",
    "timestamp": "unknown"
  },
  {
    "title": "Investor FAQs",
    "link": "https://ir.arrowheadpharma.com/investor-faqs",
    "timestamp": "unknown"
  },
  {
    "title": "Contact Us",
    "link": "https://ir.arrowheadpharma.com/contact-us",
    "timestamp": "unknown"
  },
  {
    "title": "Newsroom",
    "link": "https://arrowheadpharma.com/newsroom/",
    "timestamp": "unknown"
  },
  {
    "title": "CareersJob Openings",
    "link": "https://arrowheadpharma.com/careers/",
    "timestamp": "unknown"
  },
  {
    "title": "Job Openings",
    "link": "https://arrowheadpharma.com/careers/job-openings/",
    "timestamp": "unknown"
  },
  {
    "title": "Events & PresentationsHome/Investors/Events & PresentationsCorporate Presentation - December. MBUpcoming EventsMore events are coming soon.Archived Ev",
    "link": "https://arrowheadpharma.com/",
    "timestamp": "unknown"
  },
  {
    "title": "Events & PresentationsHome/Investors/Events & PresentationsCorporate Presentation - December. MBUpcoming EventsMore events are coming soon.Archived Ev",
    "link": "https://arrowheadpharma.com/",
    "timestamp": "unknown"
  },
  {
    "title": "Home/Investors/Events & Presentations",
    "link": "https://arrowheadpharma.com/",
    "timestamp": "unknown"
  },
  {
    "title": "Corporate Presentation - December. MBUpcoming EventsMore events are coming soon.Archived EventsYearAllDateEvent DetailsFeb ,ESTArrowhead Pharmaceutica",
    "link": "https://ir.arrowheadpharma.com/static-files/30b2fbe8-e8b9-4e03-ac03-bd276293430c",
    "timestamp": "unknown"
  },
  {
    "title": "Corporate Presentation - December. MBUpcoming EventsMore events are coming soon.Archived EventsYearAllDateEvent DetailsFeb ,ESTArrowhead Pharmaceutica",
    "link": "https://ir.arrowheadpharma.com/static-files/30b2fbe8-e8b9-4e03-ac03-bd276293430c",
    "timestamp": "unknown"
  },
  {
    "title": "Corporate Presentation - December. MBUpcoming EventsMore events are coming soon.Archived EventsYearAllDateEvent DetailsFeb ,ESTArrowhead Pharmaceutica",
    "link": "https://ir.arrowheadpharma.com/static-files/30b2fbe8-e8b9-4e03-ac03-bd276293430c",
    "timestamp": "unknown"
  },
  {
    "title": "Corporate Presentation - December. MBUpcoming EventsMore events are coming soon.Archived EventsYearAllDateEvent DetailsFeb ,ESTArrowhead Pharmaceutica",
    "link": "https://ir.arrowheadpharma.com/static-files/30b2fbe8-e8b9-4e03-ac03-bd276293430c",
    "timestamp": "unknown"
  },
  {
    "title": "Corporate Presentation - December. MBUpcoming EventsMore events are coming soon.Archived EventsYearAllDateEvent DetailsFeb ,ESTArrowhead Pharmaceutica",
    "link": "https://ir.arrowheadpharma.com/static-files/30b2fbe8-e8b9-4e03-ac03-bd276293430c",
    "timestamp": "unknown"
  },
  {
    "title": "Corporate Presentation - December. MBUpcoming EventsMore events are coming soon.Archived EventsYearAllDateEvent DetailsFeb ,ESTArrowhead Pharmaceutica",
    "link": "https://ir.arrowheadpharma.com/static-files/30b2fbe8-e8b9-4e03-ac03-bd276293430c",
    "timestamp": "unknown"
  },
  {
    "title": "Corporate Presentation - December. MBUpcoming EventsMore events are coming soon.Archived EventsYearAllDateEvent DetailsFeb ,ESTArrowhead Pharmaceutica",
    "link": "https://ir.arrowheadpharma.com/static-files/30b2fbe8-e8b9-4e03-ac03-bd276293430c",
    "timestamp": "unknown"
  },
  {
    "title": "Corporate Presentation - December. MBUpcoming EventsMore events are coming soon.Archived EventsYearAllDateEvent DetailsFeb ,ESTArrowhead Pharmaceutica",
    "link": "https://ir.arrowheadpharma.com/static-files/30b2fbe8-e8b9-4e03-ac03-bd276293430c",
    "timestamp": "unknown"
  },
  {
    "title": "Corporate Presentation - December. MBUpcoming EventsMore events are coming soon.Archived EventsYearAllDateEvent DetailsFeb ,ESTArrowhead Pharmaceutica",
    "link": "https://ir.arrowheadpharma.com/static-files/30b2fbe8-e8b9-4e03-ac03-bd276293430c",
    "timestamp": "unknown"
  },
  {
    "title": "Corporate Presentation - December. MBUpcoming EventsMore events are coming soon.Archived EventsYearAllDateEvent DetailsFeb ,ESTArrowhead Pharmaceutica",
    "link": "https://ir.arrowheadpharma.com/static-files/30b2fbe8-e8b9-4e03-ac03-bd276293430c",
    "timestamp": "unknown"
  },
  {
    "title": "Corporate Presentation - December. MBUpcoming EventsMore events are coming soon.Archived EventsYearAllDateEvent DetailsFeb ,ESTArrowhead Pharmaceutica",
    "link": "https://ir.arrowheadpharma.com/static-files/30b2fbe8-e8b9-4e03-ac03-bd276293430c",
    "timestamp": "unknown"
  },
  {
    "title": "Corporate Presentation - December. MBUpcoming EventsMore events are coming soon.Archived EventsYearAllDateEvent DetailsFeb ,ESTArrowhead Pharmaceutica",
    "link": "https://ir.arrowheadpharma.com/static-files/30b2fbe8-e8b9-4e03-ac03-bd276293430c",
    "timestamp": "unknown"
  },
  {
    "title": "Corporate Presentation - December. MBUpcoming EventsMore events are coming soon.Archived EventsYearAllDateEvent DetailsFeb ,ESTArrowhead Pharmaceutica",
    "link": "https://ir.arrowheadpharma.com/static-files/30b2fbe8-e8b9-4e03-ac03-bd276293430c",
    "timestamp": "unknown"
  },
  {
    "title": "Corporate Presentation - December. MB",
    "link": "https://ir.arrowheadpharma.com/static-files/30b2fbe8-e8b9-4e03-ac03-bd276293430c",
    "timestamp": "unknown"
  },
  {
    "title": "Corporate Presentation - December. MB",
    "link": "https://ir.arrowheadpharma.com/static-files/30b2fbe8-e8b9-4e03-ac03-bd276293430c",
    "timestamp": "unknown"
  },
  {
    "title": "Corporate Presentation - December. MB",
    "link": "https://ir.arrowheadpharma.com/static-files/30b2fbe8-e8b9-4e03-ac03-bd276293430c",
    "timestamp": "unknown"
  },
  {
    "title": "Corporate Presentation - December. MB",
    "link": "https://ir.arrowheadpharma.com/static-files/30b2fbe8-e8b9-4e03-ac03-bd276293430c",
    "timestamp": "unknown"
  },
  {
    "title": "Corporate Presentation - December. MB",
    "link": "https://ir.arrowheadpharma.com/static-files/30b2fbe8-e8b9-4e03-ac03-bd276293430c",
    "timestamp": "unknown"
  },
  {
    "title": "Corporate Presentation - December. MB",
    "link": "https://ir.arrowheadpharma.com/static-files/30b2fbe8-e8b9-4e03-ac03-bd276293430c",
    "timestamp": "unknown"
  },
  {
    "title": "Corporate Presentation - December. MB",
    "link": "https://ir.arrowheadpharma.com/static-files/30b2fbe8-e8b9-4e03-ac03-bd276293430c",
    "timestamp": "unknown"
  },
  {
    "title": "Archived EventsYearAllDateEvent DetailsFeb ,ESTArrowhead Pharmaceuticals  First Quarter ResultsListen to webcastQ1  Prepared Remarks. KBJan ,ESTJ.P. M",
    "link": "https://ir.arrowheadpharma.com/events/event-details/arrowhead-pharmaceuticals--first-quarter-results",
    "timestamp": "unknown"
  },
  {
    "title": "Archived EventsYearAllDateEvent DetailsFeb ,ESTArrowhead Pharmaceuticals  First Quarter ResultsListen to webcastQ1  Prepared Remarks. KBJan ,ESTJ.P. M",
    "link": "https://ir.arrowheadpharma.com/events/event-details/arrowhead-pharmaceuticals--first-quarter-results",
    "timestamp": "unknown"
  },
  {
    "title": "Archived EventsYearAllDateEvent DetailsFeb ,ESTArrowhead Pharmaceuticals  First Quarter ResultsListen to webcastQ1  Prepared Remarks. KBJan ,ESTJ.P. M",
    "link": "https://ir.arrowheadpharma.com/events/event-details/arrowhead-pharmaceuticals--first-quarter-results",
    "timestamp": "unknown"
  },
  {
    "title": "Archived EventsYearAllDateEvent DetailsFeb ,ESTArrowhead Pharmaceuticals  First Quarter ResultsListen to webcastQ1  Prepared Remarks. KBJan ,ESTJ.P. M",
    "link": "https://ir.arrowheadpharma.com/events/event-details/arrowhead-pharmaceuticals--first-quarter-results",
    "timestamp": "unknown"
  },
  {
    "title": "YearAllDateEvent DetailsFeb ,ESTArrowhead Pharmaceuticals  First Quarter ResultsListen to webcastQ1  Prepared Remarks. KBJan ,ESTJ.P. Morgan  Healthca",
    "link": "https://ir.arrowheadpharma.com/events/event-details/arrowhead-pharmaceuticals--first-quarter-results",
    "timestamp": "unknown"
  },
  {
    "title": "DateEvent DetailsFeb ,ESTArrowhead Pharmaceuticals  First Quarter ResultsListen to webcastQ1  Prepared Remarks. KBJan ,ESTJ.P. Morgan  Healthcare Conf",
    "link": "https://ir.arrowheadpharma.com/events/event-details/arrowhead-pharmaceuticals--first-quarter-results",
    "timestamp": "unknown"
  },
  {
    "title": "Feb ,ESTArrowhead Pharmaceuticals  First Quarter ResultsListen to webcastQ1  Prepared Remarks. KB",
    "link": "https://ir.arrowheadpharma.com/events/event-details/arrowhead-pharmaceuticals--first-quarter-results",
    "timestamp": "unknown"
  },
  {
    "title": "Arrowhead Pharmaceuticals  First Quarter Results",
    "link": "https://ir.arrowheadpharma.com/events/event-details/arrowhead-pharmaceuticals--first-quarter-results",
    "timestamp": "unknown"
  },
  {
    "title": "Arrowhead Pharmaceuticals  First Quarter Results",
    "link": "https://ir.arrowheadpharma.com/events/event-details/arrowhead-pharmaceuticals--first-quarter-results",
    "timestamp": "unknown"
  },
  {
    "title": "Arrowhead Pharmaceuticals  First Quarter Results",
    "link": "https://ir.arrowheadpharma.com/events/event-details/arrowhead-pharmaceuticals--first-quarter-results",
    "timestamp": "unknown"
  },
  {
    "title": "Listen to webcast",
    "link": "https://edge.media-server.com/mmc/p/h5ek9g4s/",
    "timestamp": "unknown"
  },
  {
    "title": "Listen to webcast",
    "link": "https://edge.media-server.com/mmc/p/h5ek9g4s/",
    "timestamp": "unknown"
  },
  {
    "title": "Listen to webcast",
    "link": "https://edge.media-server.com/mmc/p/h5ek9g4s/",
    "timestamp": "unknown"
  },
  {
    "title": "Q1  Prepared Remarks. KB",
    "link": "https://ir.arrowheadpharma.com/static-files/ebcd6079--402f-95fc-643a718909a4",
    "timestamp": "unknown"
  },
  {
    "title": "Q1  Prepared Remarks. KB",
    "link": "https://ir.arrowheadpharma.com/static-files/ebcd6079--402f-95fc-643a718909a4",
    "timestamp": "unknown"
  },
  {
    "title": "Q1  Prepared Remarks. KB",
    "link": "https://ir.arrowheadpharma.com/static-files/ebcd6079--402f-95fc-643a718909a4",
    "timestamp": "unknown"
  },
  {
    "title": "Q1  Prepared Remarks. KB",
    "link": "https://ir.arrowheadpharma.com/static-files/ebcd6079--402f-95fc-643a718909a4",
    "timestamp": "unknown"
  },
  {
    "title": "Q1  Prepared Remarks. KB",
    "link": "https://ir.arrowheadpharma.com/static-files/ebcd6079--402f-95fc-643a718909a4",
    "timestamp": "unknown"
  },
  {
    "title": "Q1  Prepared Remarks. KB",
    "link": "https://ir.arrowheadpharma.com/static-files/ebcd6079--402f-95fc-643a718909a4",
    "timestamp": "unknown"
  },
  {
    "title": "Q1  Prepared Remarks. KB",
    "link": "https://ir.arrowheadpharma.com/static-files/ebcd6079--402f-95fc-643a718909a4",
    "timestamp": "unknown"
  },
  {
    "title": "Q1  Prepared Remarks. KB",
    "link": "https://ir.arrowheadpharma.com/static-files/ebcd6079--402f-95fc-643a718909a4",
    "timestamp": "unknown"
  },
  {
    "title": "Q1  Prepared Remarks. KB",
    "link": "https://ir.arrowheadpharma.com/static-files/ebcd6079--402f-95fc-643a718909a4",
    "timestamp": "unknown"
  },
  {
    "title": "Q1  Prepared Remarks. KB",
    "link": "https://ir.arrowheadpharma.com/static-files/ebcd6079--402f-95fc-643a718909a4",
    "timestamp": "unknown"
  },
  {
    "title": "Jan ,ESTJ.P. Morgan  Healthcare ConferenceListen to webcast",
    "link": "https://ir.arrowheadpharma.com/events/event-details/jp-morgan--healthcare-conference",
    "timestamp": "unknown"
  },
  {
    "title": "J.P. Morgan  Healthcare Conference",
    "link": "https://ir.arrowheadpharma.com/events/event-details/jp-morgan--healthcare-conference",
    "timestamp": "unknown"
  },
  {
    "title": "J.P. Morgan  Healthcare Conference",
    "link": "https://ir.arrowheadpharma.com/events/event-details/jp-morgan--healthcare-conference",
    "timestamp": "unknown"
  },
  {
    "title": "J.P. Morgan  Healthcare Conference",
    "link": "https://ir.arrowheadpharma.com/events/event-details/jp-morgan--healthcare-conference",
    "timestamp": "unknown"
  },
  {
    "title": "Listen to webcast",
    "link": "https://jpmorgan.metameetings.net/events/healthcare26/sessions/-arrowhead-pharmaceuticals-inc/webcast?gpu_only=true&kiosk=true",
    "timestamp": "unknown"
  },
  {
    "title": "Listen to webcast",
    "link": "https://jpmorgan.metameetings.net/events/healthcare26/sessions/-arrowhead-pharmaceuticals-inc/webcast?gpu_only=true&kiosk=true",
    "timestamp": "unknown"
  },
  {
    "title": "Listen to webcast",
    "link": "https://jpmorgan.metameetings.net/events/healthcare26/sessions/-arrowhead-pharmaceuticals-inc/webcast?gpu_only=true&kiosk=true",
    "timestamp": "unknown"
  },
  {
    "title": "Jan ,ESTObesity KOL Webinar - ARO-INHBE and ARO-ALK7 Interim Clinical DataListen to webcastView Presentation. MB",
    "link": "https://ir.arrowheadpharma.com/events/event-details/obesity-kol-webinar-aro-inhbe-and-aro-alk7-interim-clinical-data",
    "timestamp": "unknown"
  },
  {
    "title": "Obesity KOL Webinar - ARO-INHBE and ARO-ALK7 Interim Clinical Data",
    "link": "https://ir.arrowheadpharma.com/events/event-details/obesity-kol-webinar-aro-inhbe-and-aro-alk7-interim-clinical-data",
    "timestamp": "unknown"
  },
  {
    "title": "Obesity KOL Webinar - ARO-INHBE and ARO-ALK7 Interim Clinical Data",
    "link": "https://ir.arrowheadpharma.com/events/event-details/obesity-kol-webinar-aro-inhbe-and-aro-alk7-interim-clinical-data",
    "timestamp": "unknown"
  },
  {
    "title": "Obesity KOL Webinar - ARO-INHBE and ARO-ALK7 Interim Clinical Data",
    "link": "https://ir.arrowheadpharma.com/events/event-details/obesity-kol-webinar-aro-inhbe-and-aro-alk7-interim-clinical-data",
    "timestamp": "unknown"
  },
  {
    "title": "Listen to webcast",
    "link": "https://lifescievents.com/event/sa2ymsnv7/",
    "timestamp": "unknown"
  },
  {
    "title": "Listen to webcast",
    "link": "https://lifescievents.com/event/sa2ymsnv7/",
    "timestamp": "unknown"
  },
  {
    "title": "Listen to webcast",
    "link": "https://lifescievents.com/event/sa2ymsnv7/",
    "timestamp": "unknown"
  },
  {
    "title": "View Presentation. MB",
    "link": "https://ir.arrowheadpharma.com/static-files/8933943d-370c--a752-4f73cc77c863",
    "timestamp": "unknown"
  },
  {
    "title": "View Presentation. MB",
    "link": "https://ir.arrowheadpharma.com/static-files/8933943d-370c--a752-4f73cc77c863",
    "timestamp": "unknown"
  },
  {
    "title": "View Presentation. MB",
    "link": "https://ir.arrowheadpharma.com/static-files/8933943d-370c--a752-4f73cc77c863",
    "timestamp": "unknown"
  },
  {
    "title": "View Presentation. MB",
    "link": "https://ir.arrowheadpharma.com/static-files/8933943d-370c--a752-4f73cc77c863",
    "timestamp": "unknown"
  },
  {
    "title": "View Presentation. MB",
    "link": "https://ir.arrowheadpharma.com/static-files/8933943d-370c--a752-4f73cc77c863",
    "timestamp": "unknown"
  },
  {
    "title": "View Presentation. MB",
    "link": "https://ir.arrowheadpharma.com/static-files/8933943d-370c--a752-4f73cc77c863",
    "timestamp": "unknown"
  },
  {
    "title": "View Presentation. MB",
    "link": "https://ir.arrowheadpharma.com/static-files/8933943d-370c--a752-4f73cc77c863",
    "timestamp": "unknown"
  },
  {
    "title": "View Presentation. MB",
    "link": "https://ir.arrowheadpharma.com/static-files/8933943d-370c--a752-4f73cc77c863",
    "timestamp": "unknown"
  },
  {
    "title": "View Presentation. MB",
    "link": "https://ir.arrowheadpharma.com/static-files/8933943d-370c--a752-4f73cc77c863",
    "timestamp": "unknown"
  },
  {
    "title": "View Presentation. MB",
    "link": "https://ir.arrowheadpharma.com/static-files/8933943d-370c--a752-4f73cc77c863",
    "timestamp": "unknown"
  },
  {
    "title": "Email AlertsDownload LibraryRSS FeedsPrint PageSearch Investors",
    "link": "https://ir.arrowheadpharma.com/email-alerts",
    "timestamp": "unknown"
  },
  {
    "title": "Email Alerts",
    "link": "https://ir.arrowheadpharma.com/email-alerts",
    "timestamp": "unknown"
  },
  {
    "title": "Download Library",
    "link": "https://ir.arrowheadpharma.com/download-library",
    "timestamp": "unknown"
  },
  {
    "title": "RSS Feeds",
    "link": "https://ir.arrowheadpharma.com/rss-feeds",
    "timestamp": "unknown"
  },
  {
    "title": "Print Page",
    "link": "https://ir.arrowheadpharma.com/events-and-presentations",
    "timestamp": "unknown"
  },
  {
    "title": "Search Investors",
    "link": "https://ir.arrowheadpharma.com/search",
    "timestamp": "unknown"
  },
  {
    "title": "Areas of FocusOur MedicinesPipelineScience & InnovationPatients & CaregiversAbout",
    "link": "https://arrowheadpharma.com/areas-of-focus/",
    "timestamp": "unknown"
  },
  {
    "title": "Areas of Focus",
    "link": "https://arrowheadpharma.com/areas-of-focus/",
    "timestamp": "unknown"
  },
  {
    "title": "Our Medicines",
    "link": "https://arrowheadpharma.com/our-medicines/",
    "timestamp": "unknown"
  },
  {
    "title": "Pipeline",
    "link": "https://arrowheadpharma.com/pipeline/",
    "timestamp": "unknown"
  },
  {
    "title": "Science & Innovation",
    "link": "https://arrowheadpharma.com/science-and-innovation/",
    "timestamp": "unknown"
  },
  {
    "title": "Patients & Caregivers",
    "link": "https://arrowheadpharma.com/patients-caregivers/",
    "timestamp": "unknown"
  },
  {
    "title": "About",
    "link": "https://arrowheadpharma.com/about/",
    "timestamp": "unknown"
  },
  {
    "title": "TwitterLinkedIn",
    "link": "https://twitter.com/ArrowheadPharma",
    "timestamp": "unknown"
  },
  {
    "title": "Twitter",
    "link": "https://twitter.com/ArrowheadPharma",
    "timestamp": "unknown"
  },
  {
    "title": "LinkedIn",
    "link": "https://www.linkedin.com/company/arrowhead-pharmaceuticals/",
    "timestamp": "unknown"
  },
  {
    "title": "Privacy Policy",
    "link": "https://arrowheadpharma.com/privacy-policy/",
    "timestamp": "unknown"
  },
  {
    "title": "Terms of Use",
    "link": "https://arrowheadpharma.com/terms-of-use/",
    "timestamp": "unknown"
  },
  {
    "title": "Sitemap",
    "link": "https://arrowheadpharma.com/sitemap_index.xml",
    "timestamp": "unknown"
  },
  {
    "title": "Contact Us",
    "link": "https://arrowheadpharma.com/contact-us/",
    "timestamp": "unknown"
  },
  {
    "title": "Safety Reporting",
    "link": "https://arrowheadpharma.com/safety-reporting/",
    "timestamp": "unknown"
  }
]