[
  {
    "title": "InvestorsEvents & PresentationsFinancials & FilingsStock InformationInvestor FAQsContact UsNewsroomAreas of FocusCardiometabolicHypertriglyceridemiaDy",
    "link": "https://ir.arrowheadpharma.com/",
    "timestamp": "unknown"
  },
  {
    "title": "InvestorsEvents & PresentationsFinancials & FilingsStock InformationInvestor FAQsContact UsNewsroomAreas of FocusCardiometabolicHypertriglyceridemiaDy",
    "link": "https://ir.arrowheadpharma.com/",
    "timestamp": "unknown"
  },
  {
    "title": "InvestorsEvents & PresentationsFinancials & FilingsStock InformationInvestor FAQsContact UsNewsroom",
    "link": "https://ir.arrowheadpharma.com/",
    "timestamp": "unknown"
  },
  {
    "title": "InvestorsEvents & PresentationsFinancials & FilingsStock InformationInvestor FAQsContact UsNewsroom",
    "link": "https://ir.arrowheadpharma.com/",
    "timestamp": "unknown"
  },
  {
    "title": "InvestorsEvents & PresentationsFinancials & FilingsStock InformationInvestor FAQsContact Us",
    "link": "https://ir.arrowheadpharma.com/",
    "timestamp": "unknown"
  },
  {
    "title": "Events & Presentations",
    "link": "https://ir.arrowheadpharma.com/events-and-presentations",
    "timestamp": "unknown"
  },
  {
    "title": "Financials & Filings",
    "link": "https://ir.arrowheadpharma.com/financials-filings",
    "timestamp": "unknown"
  },
  {
    "title": "Stock Information",
    "link": "https://ir.arrowheadpharma.com/stock-information/stock-quote-chart",
    "timestamp": "unknown"
  },
  {
    "title": "Investor FAQs",
    "link": "https://ir.arrowheadpharma.com/investor-faqs",
    "timestamp": "unknown"
  },
  {
    "title": "Contact Us",
    "link": "https://ir.arrowheadpharma.com/contact-us",
    "timestamp": "unknown"
  },
  {
    "title": "Newsroom",
    "link": "https://arrowheadpharma.com/newsroom/",
    "timestamp": "unknown"
  },
  {
    "title": "Areas of FocusCardiometabolicHypertriglyceridemiaDyslipidemiaCardiovascular DiseasePulmonaryInflammatory Pulmonary DiseasesMuco-obstructiveIdiopathic ",
    "link": "https://arrowheadpharma.com/areas-of-focus/",
    "timestamp": "unknown"
  },
  {
    "title": "Cardiometabolic",
    "link": "https://ir.arrowheadpharma.com/events-and-presentations",
    "timestamp": "unknown"
  },
  {
    "title": "Hypertriglyceridemia",
    "link": "https://arrowheadpharma.com/areas-of-focus/hypertriglyceridemia/",
    "timestamp": "unknown"
  },
  {
    "title": "Dyslipidemia",
    "link": "https://arrowheadpharma.com/areas-of-focus/dyslipidemia/",
    "timestamp": "unknown"
  },
  {
    "title": "Cardiovascular Disease",
    "link": "https://arrowheadpharma.com/areas-of-focus/cardiovascular-disease/",
    "timestamp": "unknown"
  },
  {
    "title": "Pulmonary",
    "link": "https://ir.arrowheadpharma.com/events-and-presentations",
    "timestamp": "unknown"
  },
  {
    "title": "Inflammatory Pulmonary Diseases",
    "link": "https://arrowheadpharma.com/areas-of-focus/inflammatory/",
    "timestamp": "unknown"
  },
  {
    "title": "Muco-obstructive",
    "link": "https://arrowheadpharma.com/areas-of-focus/muco-obstructive/",
    "timestamp": "unknown"
  },
  {
    "title": "Idiopathic Pulmonary Fibrosis",
    "link": "https://arrowheadpharma.com/areas-of-focus/idiopathic-pulmonary-fibrosis/",
    "timestamp": "unknown"
  },
  {
    "title": "Pipeline",
    "link": "https://arrowheadpharma.com/pipeline/",
    "timestamp": "unknown"
  },
  {
    "title": "Science & InnovationPartnershipsPublicationsClinical Trials",
    "link": "https://arrowheadpharma.com/science-and-innovation/",
    "timestamp": "unknown"
  },
  {
    "title": "Partnerships",
    "link": "https://arrowheadpharma.com/science-innovation/partnerships/",
    "timestamp": "unknown"
  },
  {
    "title": "Publications",
    "link": "https://arrowheadpharma.com/science-innovation/publications/",
    "timestamp": "unknown"
  },
  {
    "title": "Clinical Trials",
    "link": "https://arrowheadpharma.com/science-innovation/clinical-trials/",
    "timestamp": "unknown"
  },
  {
    "title": "Patients & CaregiversWhat is RNAi?Expanded Access ProgramsFCS Patient Insights",
    "link": "https://arrowheadpharma.com/patients-caregivers/",
    "timestamp": "unknown"
  },
  {
    "title": "What is RNAi?",
    "link": "https://arrowheadpharma.com/patients-caregivers/what-is-rnai/",
    "timestamp": "unknown"
  },
  {
    "title": "Expanded Access Programs",
    "link": "https://arrowheadpharma.com/patients-caregivers/expanded-access-programs/",
    "timestamp": "unknown"
  },
  {
    "title": "FCS Patient Insights",
    "link": "https://arrowheadpharma.com/wp-content/uploads///Spotlight-on-FCS.pdf",
    "timestamp": "unknown"
  },
  {
    "title": "AboutLeadership TeamCorporate Governance",
    "link": "https://arrowheadpharma.com/about/",
    "timestamp": "unknown"
  },
  {
    "title": "Leadership Team",
    "link": "https://arrowheadpharma.com/about/leadership-team/",
    "timestamp": "unknown"
  },
  {
    "title": "Corporate Governance",
    "link": "https://arrowheadpharma.com/about/corporate-governance/",
    "timestamp": "unknown"
  },
  {
    "title": "CareersJob Openings",
    "link": "https://arrowheadpharma.com/careers/",
    "timestamp": "unknown"
  },
  {
    "title": "Job Openings",
    "link": "https://arrowheadpharma.com/careers/job-openings/",
    "timestamp": "unknown"
  },
  {
    "title": "InvestorsEvents & PresentationsFinancials & FilingsStock InformationInvestor FAQsContact UsNewsroom",
    "link": "https://ir.arrowheadpharma.com/",
    "timestamp": "unknown"
  },
  {
    "title": "InvestorsEvents & PresentationsFinancials & FilingsStock InformationInvestor FAQsContact UsNewsroom",
    "link": "https://ir.arrowheadpharma.com/",
    "timestamp": "unknown"
  },
  {
    "title": "InvestorsEvents & PresentationsFinancials & FilingsStock InformationInvestor FAQsContact Us",
    "link": "https://ir.arrowheadpharma.com/",
    "timestamp": "unknown"
  },
  {
    "title": "Events & Presentations",
    "link": "https://ir.arrowheadpharma.com/events-and-presentations",
    "timestamp": "unknown"
  },
  {
    "title": "Financials & Filings",
    "link": "https://ir.arrowheadpharma.com/financials-filings",
    "timestamp": "unknown"
  },
  {
    "title": "Stock Information",
    "link": "https://ir.arrowheadpharma.com/stock-information/stock-quote-chart",
    "timestamp": "unknown"
  },
  {
    "title": "Investor FAQs",
    "link": "https://ir.arrowheadpharma.com/investor-faqs",
    "timestamp": "unknown"
  },
  {
    "title": "Contact Us",
    "link": "https://ir.arrowheadpharma.com/contact-us",
    "timestamp": "unknown"
  },
  {
    "title": "Newsroom",
    "link": "https://arrowheadpharma.com/newsroom/",
    "timestamp": "unknown"
  },
  {
    "title": "Events & PresentationsHome/Investors/Events & PresentationsCorporate Presentation - April. MBUpcoming EventsDateEvent DetailsRemind MeSep ,EDTH.C. Wai",
    "link": "https://arrowheadpharma.com/",
    "timestamp": "unknown"
  },
  {
    "title": "Events & PresentationsHome/Investors/Events & PresentationsCorporate Presentation - April. MBUpcoming EventsDateEvent DetailsRemind MeSep ,EDTH.C. Wai",
    "link": "https://arrowheadpharma.com/",
    "timestamp": "unknown"
  },
  {
    "title": "Home/Investors/Events & Presentations",
    "link": "https://arrowheadpharma.com/",
    "timestamp": "unknown"
  },
  {
    "title": "Corporate Presentation - April. MBUpcoming EventsDateEvent DetailsRemind MeSep ,EDTH.C. Wainwright 27th Annual Global Investment ConferenceListen to w",
    "link": "https://ir.arrowheadpharma.com/static-files/-232f-400a-bc0e-0fd4e2906fe8",
    "timestamp": "unknown"
  },
  {
    "title": "Corporate Presentation - April. MBUpcoming EventsDateEvent DetailsRemind MeSep ,EDTH.C. Wainwright 27th Annual Global Investment ConferenceListen to w",
    "link": "https://ir.arrowheadpharma.com/static-files/-232f-400a-bc0e-0fd4e2906fe8",
    "timestamp": "unknown"
  },
  {
    "title": "Corporate Presentation - April. MBUpcoming EventsDateEvent DetailsRemind MeSep ,EDTH.C. Wainwright 27th Annual Global Investment ConferenceListen to w",
    "link": "https://ir.arrowheadpharma.com/static-files/-232f-400a-bc0e-0fd4e2906fe8",
    "timestamp": "unknown"
  },
  {
    "title": "Corporate Presentation - April. MBUpcoming EventsDateEvent DetailsRemind MeSep ,EDTH.C. Wainwright 27th Annual Global Investment ConferenceListen to w",
    "link": "https://ir.arrowheadpharma.com/static-files/-232f-400a-bc0e-0fd4e2906fe8",
    "timestamp": "unknown"
  },
  {
    "title": "Corporate Presentation - April. MBUpcoming EventsDateEvent DetailsRemind MeSep ,EDTH.C. Wainwright 27th Annual Global Investment ConferenceListen to w",
    "link": "https://ir.arrowheadpharma.com/static-files/-232f-400a-bc0e-0fd4e2906fe8",
    "timestamp": "unknown"
  },
  {
    "title": "Corporate Presentation - April. MBUpcoming EventsDateEvent DetailsRemind MeSep ,EDTH.C. Wainwright 27th Annual Global Investment ConferenceListen to w",
    "link": "https://ir.arrowheadpharma.com/static-files/-232f-400a-bc0e-0fd4e2906fe8",
    "timestamp": "unknown"
  },
  {
    "title": "Corporate Presentation - April. MBUpcoming EventsDateEvent DetailsRemind MeSep ,EDTH.C. Wainwright 27th Annual Global Investment ConferenceListen to w",
    "link": "https://ir.arrowheadpharma.com/static-files/-232f-400a-bc0e-0fd4e2906fe8",
    "timestamp": "unknown"
  },
  {
    "title": "Corporate Presentation - April. MBUpcoming EventsDateEvent DetailsRemind MeSep ,EDTH.C. Wainwright 27th Annual Global Investment ConferenceListen to w",
    "link": "https://ir.arrowheadpharma.com/static-files/-232f-400a-bc0e-0fd4e2906fe8",
    "timestamp": "unknown"
  },
  {
    "title": "Corporate Presentation - April. MBUpcoming EventsDateEvent DetailsRemind MeSep ,EDTH.C. Wainwright 27th Annual Global Investment ConferenceListen to w",
    "link": "https://ir.arrowheadpharma.com/static-files/-232f-400a-bc0e-0fd4e2906fe8",
    "timestamp": "unknown"
  },
  {
    "title": "Corporate Presentation - April. MBUpcoming EventsDateEvent DetailsRemind MeSep ,EDTH.C. Wainwright 27th Annual Global Investment ConferenceListen to w",
    "link": "https://ir.arrowheadpharma.com/static-files/-232f-400a-bc0e-0fd4e2906fe8",
    "timestamp": "unknown"
  },
  {
    "title": "Corporate Presentation - April. MBUpcoming EventsDateEvent DetailsRemind MeSep ,EDTH.C. Wainwright 27th Annual Global Investment ConferenceListen to w",
    "link": "https://ir.arrowheadpharma.com/static-files/-232f-400a-bc0e-0fd4e2906fe8",
    "timestamp": "unknown"
  },
  {
    "title": "Corporate Presentation - April. MBUpcoming EventsDateEvent DetailsRemind MeSep ,EDTH.C. Wainwright 27th Annual Global Investment ConferenceListen to w",
    "link": "https://ir.arrowheadpharma.com/static-files/-232f-400a-bc0e-0fd4e2906fe8",
    "timestamp": "unknown"
  },
  {
    "title": "Corporate Presentation - April. MBUpcoming EventsDateEvent DetailsRemind MeSep ,EDTH.C. Wainwright 27th Annual Global Investment ConferenceListen to w",
    "link": "https://ir.arrowheadpharma.com/static-files/-232f-400a-bc0e-0fd4e2906fe8",
    "timestamp": "unknown"
  },
  {
    "title": "Corporate Presentation - April. MB",
    "link": "https://ir.arrowheadpharma.com/static-files/-232f-400a-bc0e-0fd4e2906fe8",
    "timestamp": "unknown"
  },
  {
    "title": "Corporate Presentation - April. MB",
    "link": "https://ir.arrowheadpharma.com/static-files/-232f-400a-bc0e-0fd4e2906fe8",
    "timestamp": "unknown"
  },
  {
    "title": "Corporate Presentation - April. MB",
    "link": "https://ir.arrowheadpharma.com/static-files/-232f-400a-bc0e-0fd4e2906fe8",
    "timestamp": "unknown"
  },
  {
    "title": "Corporate Presentation - April. MB",
    "link": "https://ir.arrowheadpharma.com/static-files/-232f-400a-bc0e-0fd4e2906fe8",
    "timestamp": "unknown"
  },
  {
    "title": "Corporate Presentation - April. MB",
    "link": "https://ir.arrowheadpharma.com/static-files/-232f-400a-bc0e-0fd4e2906fe8",
    "timestamp": "unknown"
  },
  {
    "title": "Corporate Presentation - April. MB",
    "link": "https://ir.arrowheadpharma.com/static-files/-232f-400a-bc0e-0fd4e2906fe8",
    "timestamp": "unknown"
  },
  {
    "title": "Corporate Presentation - April. MB",
    "link": "https://ir.arrowheadpharma.com/static-files/-232f-400a-bc0e-0fd4e2906fe8",
    "timestamp": "unknown"
  },
  {
    "title": "Upcoming EventsDateEvent DetailsRemind MeSep ,EDTH.C. Wainwright 27th Annual Global Investment ConferenceListen to webcastSep ,EDTMorgan Stanley 23rd ",
    "link": "https://ir.arrowheadpharma.com/events/event-details/hc-wainwright-27th-annual-global-investment-conference",
    "timestamp": "unknown"
  },
  {
    "title": "Upcoming EventsDateEvent DetailsRemind MeSep ,EDTH.C. Wainwright 27th Annual Global Investment ConferenceListen to webcastSep ,EDTMorgan Stanley 23rd ",
    "link": "https://ir.arrowheadpharma.com/events/event-details/hc-wainwright-27th-annual-global-investment-conference",
    "timestamp": "unknown"
  },
  {
    "title": "Upcoming EventsDateEvent DetailsRemind MeSep ,EDTH.C. Wainwright 27th Annual Global Investment ConferenceListen to webcastSep ,EDTMorgan Stanley 23rd ",
    "link": "https://ir.arrowheadpharma.com/events/event-details/hc-wainwright-27th-annual-global-investment-conference",
    "timestamp": "unknown"
  },
  {
    "title": "Upcoming EventsDateEvent DetailsRemind MeSep ,EDTH.C. Wainwright 27th Annual Global Investment ConferenceListen to webcastSep ,EDTMorgan Stanley 23rd ",
    "link": "https://ir.arrowheadpharma.com/events/event-details/hc-wainwright-27th-annual-global-investment-conference",
    "timestamp": "unknown"
  },
  {
    "title": "DateEvent DetailsRemind MeSep ,EDTH.C. Wainwright 27th Annual Global Investment ConferenceListen to webcastSep ,EDTMorgan Stanley 23rd Annual Global H",
    "link": "https://ir.arrowheadpharma.com/events/event-details/hc-wainwright-27th-annual-global-investment-conference",
    "timestamp": "unknown"
  },
  {
    "title": "DateEvent DetailsRemind MeSep ,EDTH.C. Wainwright 27th Annual Global Investment ConferenceListen to webcastSep ,EDTMorgan Stanley 23rd Annual Global H",
    "link": "https://ir.arrowheadpharma.com/events/event-details/hc-wainwright-27th-annual-global-investment-conference",
    "timestamp": "unknown"
  },
  {
    "title": "Sep ,EDTH.C. Wainwright 27th Annual Global Investment ConferenceListen to webcast",
    "link": "https://ir.arrowheadpharma.com/events/event-details/hc-wainwright-27th-annual-global-investment-conference",
    "timestamp": "unknown"
  },
  {
    "title": "H.C. Wainwright 27th Annual Global Investment Conference",
    "link": "https://ir.arrowheadpharma.com/events/event-details/hc-wainwright-27th-annual-global-investment-conference",
    "timestamp": "unknown"
  },
  {
    "title": "H.C. Wainwright 27th Annual Global Investment Conference",
    "link": "https://ir.arrowheadpharma.com/events/event-details/hc-wainwright-27th-annual-global-investment-conference",
    "timestamp": "unknown"
  },
  {
    "title": "H.C. Wainwright 27th Annual Global Investment Conference",
    "link": "https://ir.arrowheadpharma.com/events/event-details/hc-wainwright-27th-annual-global-investment-conference",
    "timestamp": "unknown"
  },
  {
    "title": "Listen to webcast",
    "link": "https://journey.ct.events/view/d8293fde-344e-4a04-a800-0ae2006596c1",
    "timestamp": "unknown"
  },
  {
    "title": "Listen to webcast",
    "link": "https://journey.ct.events/view/d8293fde-344e-4a04-a800-0ae2006596c1",
    "timestamp": "unknown"
  },
  {
    "title": "Listen to webcast",
    "link": "https://journey.ct.events/view/d8293fde-344e-4a04-a800-0ae2006596c1",
    "timestamp": "unknown"
  },
  {
    "title": "Sep ,EDTMorgan Stanley 23rd Annual Global Healthcare ConferenceListen to webcastAdd to OutlookAdd to Google Calendar",
    "link": "https://ir.arrowheadpharma.com/events/event-details/morgan-stanley-23rd-annual-global-healthcare-conference",
    "timestamp": "unknown"
  },
  {
    "title": "Morgan Stanley 23rd Annual Global Healthcare Conference",
    "link": "https://ir.arrowheadpharma.com/events/event-details/morgan-stanley-23rd-annual-global-healthcare-conference",
    "timestamp": "unknown"
  },
  {
    "title": "Morgan Stanley 23rd Annual Global Healthcare Conference",
    "link": "https://ir.arrowheadpharma.com/events/event-details/morgan-stanley-23rd-annual-global-healthcare-conference",
    "timestamp": "unknown"
  },
  {
    "title": "Morgan Stanley 23rd Annual Global Healthcare Conference",
    "link": "https://ir.arrowheadpharma.com/events/event-details/morgan-stanley-23rd-annual-global-healthcare-conference",
    "timestamp": "unknown"
  },
  {
    "title": "Listen to webcast",
    "link": "https://event.webcasts.com/starthere.jsp?ei=&tp_key=30f0f66163&tp_special=",
    "timestamp": "unknown"
  },
  {
    "title": "Listen to webcast",
    "link": "https://event.webcasts.com/starthere.jsp?ei=&tp_key=30f0f66163&tp_special=",
    "timestamp": "unknown"
  },
  {
    "title": "Listen to webcast",
    "link": "https://event.webcasts.com/starthere.jsp?ei=&tp_key=30f0f66163&tp_special=",
    "timestamp": "unknown"
  },
  {
    "title": "Add to OutlookAdd to Google Calendar",
    "link": "https://ir.arrowheadpharma.com/node//ics",
    "timestamp": "unknown"
  },
  {
    "title": "Add to Outlook",
    "link": "https://ir.arrowheadpharma.com/node//ics",
    "timestamp": "unknown"
  },
  {
    "title": "Add to Outlook",
    "link": "https://ir.arrowheadpharma.com/node//ics",
    "timestamp": "unknown"
  },
  {
    "title": "Add to Outlook",
    "link": "https://ir.arrowheadpharma.com/node//ics",
    "timestamp": "unknown"
  },
  {
    "title": "Add to Google Calendar",
    "link": "https://www.google.com/calendar/render?action=TEMPLATE&text=Arrowhead%20Pharmaceuticals%20Inc.%-%20Morgan%20Stanley%2023rd%20Annual%20Global%20Healthcare%20Conference%&dates=20250910T153000Z/20250910T153000Z&details=Event%20Details%3A%20https%3A//ir.arrowheadpharma.com/events/event-details/morgan-stanley-23rd-annual-global-healthcare-conference%0A%0AWebcast%3A%20https%3A//event.webcasts.com/starthere.jsp%3Fei%3D1731666&tp_key=30f0f66163&tp_special=&location=&trp=false&sprop=name%3A",
    "timestamp": "unknown"
  },
  {
    "title": "Add to Google Calendar",
    "link": "https://www.google.com/calendar/render?action=TEMPLATE&text=Arrowhead%20Pharmaceuticals%20Inc.%-%20Morgan%20Stanley%2023rd%20Annual%20Global%20Healthcare%20Conference%&dates=20250910T153000Z/20250910T153000Z&details=Event%20Details%3A%20https%3A//ir.arrowheadpharma.com/events/event-details/morgan-stanley-23rd-annual-global-healthcare-conference%0A%0AWebcast%3A%20https%3A//event.webcasts.com/starthere.jsp%3Fei%3D1731666&tp_key=30f0f66163&tp_special=&location=&trp=false&sprop=name%3A",
    "timestamp": "unknown"
  },
  {
    "title": "Add to Google Calendar",
    "link": "https://www.google.com/calendar/render?action=TEMPLATE&text=Arrowhead%20Pharmaceuticals%20Inc.%-%20Morgan%20Stanley%2023rd%20Annual%20Global%20Healthcare%20Conference%&dates=20250910T153000Z/20250910T153000Z&details=Event%20Details%3A%20https%3A//ir.arrowheadpharma.com/events/event-details/morgan-stanley-23rd-annual-global-healthcare-conference%0A%0AWebcast%3A%20https%3A//event.webcasts.com/starthere.jsp%3Fei%3D1731666&tp_key=30f0f66163&tp_special=&location=&trp=false&sprop=name%3A",
    "timestamp": "unknown"
  },
  {
    "title": "Sep ,EDTRNA Leaders USA CongressAdd to OutlookAdd to Google Calendar",
    "link": "https://ir.arrowheadpharma.com/events/event-details/rna-leaders-usa-congress-",
    "timestamp": "unknown"
  },
  {
    "title": "RNA Leaders USA Congress",
    "link": "https://ir.arrowheadpharma.com/events/event-details/rna-leaders-usa-congress-",
    "timestamp": "unknown"
  },
  {
    "title": "RNA Leaders USA Congress",
    "link": "https://ir.arrowheadpharma.com/events/event-details/rna-leaders-usa-congress-",
    "timestamp": "unknown"
  },
  {
    "title": "RNA Leaders USA Congress",
    "link": "https://ir.arrowheadpharma.com/events/event-details/rna-leaders-usa-congress-",
    "timestamp": "unknown"
  },
  {
    "title": "Add to OutlookAdd to Google Calendar",
    "link": "https://ir.arrowheadpharma.com/node//ics",
    "timestamp": "unknown"
  },
  {
    "title": "Add to Outlook",
    "link": "https://ir.arrowheadpharma.com/node//ics",
    "timestamp": "unknown"
  },
  {
    "title": "Add to Outlook",
    "link": "https://ir.arrowheadpharma.com/node//ics",
    "timestamp": "unknown"
  },
  {
    "title": "Add to Outlook",
    "link": "https://ir.arrowheadpharma.com/node//ics",
    "timestamp": "unknown"
  },
  {
    "title": "Add to Google Calendar",
    "link": "https://www.google.com/calendar/render?action=TEMPLATE&text=Arrowhead%20Pharmaceuticals%20Inc.%-%20RNA%20Leaders%20USA%20Congress%%&dates=20250910T205000Z/20250910T205000Z&details=Event%20Details%3A%20https%3A//ir.arrowheadpharma.com/events/event-details/rna-leaders-usa-congress-&location=&trp=false&sprop=name%3A",
    "timestamp": "unknown"
  },
  {
    "title": "Add to Google Calendar",
    "link": "https://www.google.com/calendar/render?action=TEMPLATE&text=Arrowhead%20Pharmaceuticals%20Inc.%-%20RNA%20Leaders%20USA%20Congress%%&dates=20250910T205000Z/20250910T205000Z&details=Event%20Details%3A%20https%3A//ir.arrowheadpharma.com/events/event-details/rna-leaders-usa-congress-&location=&trp=false&sprop=name%3A",
    "timestamp": "unknown"
  },
  {
    "title": "Add to Google Calendar",
    "link": "https://www.google.com/calendar/render?action=TEMPLATE&text=Arrowhead%20Pharmaceuticals%20Inc.%-%20RNA%20Leaders%20USA%20Congress%%&dates=20250910T205000Z/20250910T205000Z&details=Event%20Details%3A%20https%3A//ir.arrowheadpharma.com/events/event-details/rna-leaders-usa-congress-&location=&trp=false&sprop=name%3A",
    "timestamp": "unknown"
  },
  {
    "title": "Archived EventsYearAllDateEvent DetailsSep ,EDTCantor Global Healthcare ConferenceListen to webcastSep ,EDTCiti&#;s  Biopharma Back to School Conferen",
    "link": "https://ir.arrowheadpharma.com/events/event-details/cantor-global-healthcare-conference-",
    "timestamp": "unknown"
  },
  {
    "title": "Archived EventsYearAllDateEvent DetailsSep ,EDTCantor Global Healthcare ConferenceListen to webcastSep ,EDTCiti&#;s  Biopharma Back to School Conferen",
    "link": "https://ir.arrowheadpharma.com/events/event-details/cantor-global-healthcare-conference-",
    "timestamp": "unknown"
  },
  {
    "title": "Archived EventsYearAllDateEvent DetailsSep ,EDTCantor Global Healthcare ConferenceListen to webcastSep ,EDTCiti&#;s  Biopharma Back to School Conferen",
    "link": "https://ir.arrowheadpharma.com/events/event-details/cantor-global-healthcare-conference-",
    "timestamp": "unknown"
  },
  {
    "title": "Archived EventsYearAllDateEvent DetailsSep ,EDTCantor Global Healthcare ConferenceListen to webcastSep ,EDTCiti&#;s  Biopharma Back to School Conferen",
    "link": "https://ir.arrowheadpharma.com/events/event-details/cantor-global-healthcare-conference-",
    "timestamp": "unknown"
  },
  {
    "title": "YearAllDateEvent DetailsSep ,EDTCantor Global Healthcare ConferenceListen to webcastSep ,EDTCiti&#;s  Biopharma Back to School ConferenceListen to web",
    "link": "https://ir.arrowheadpharma.com/events/event-details/cantor-global-healthcare-conference-",
    "timestamp": "unknown"
  },
  {
    "title": "DateEvent DetailsSep ,EDTCantor Global Healthcare ConferenceListen to webcastSep ,EDTCiti&#;s  Biopharma Back to School ConferenceListen to webcastAug",
    "link": "https://ir.arrowheadpharma.com/events/event-details/cantor-global-healthcare-conference-",
    "timestamp": "unknown"
  },
  {
    "title": "Sep ,EDTCantor Global Healthcare ConferenceListen to webcast",
    "link": "https://ir.arrowheadpharma.com/events/event-details/cantor-global-healthcare-conference-",
    "timestamp": "unknown"
  },
  {
    "title": "Cantor Global Healthcare Conference",
    "link": "https://ir.arrowheadpharma.com/events/event-details/cantor-global-healthcare-conference-",
    "timestamp": "unknown"
  },
  {
    "title": "Cantor Global Healthcare Conference",
    "link": "https://ir.arrowheadpharma.com/events/event-details/cantor-global-healthcare-conference-",
    "timestamp": "unknown"
  },
  {
    "title": "Cantor Global Healthcare Conference",
    "link": "https://ir.arrowheadpharma.com/events/event-details/cantor-global-healthcare-conference-",
    "timestamp": "unknown"
  },
  {
    "title": "Listen to webcast",
    "link": "https://sqps.onstreamsecure.com/origin/enliven/players/EnlivenPlayer.html?customerId=&eventId=&checkCompany=&checkEmail=&checkName=",
    "timestamp": "unknown"
  },
  {
    "title": "Listen to webcast",
    "link": "https://sqps.onstreamsecure.com/origin/enliven/players/EnlivenPlayer.html?customerId=&eventId=&checkCompany=&checkEmail=&checkName=",
    "timestamp": "unknown"
  },
  {
    "title": "Listen to webcast",
    "link": "https://sqps.onstreamsecure.com/origin/enliven/players/EnlivenPlayer.html?customerId=&eventId=&checkCompany=&checkEmail=&checkName=",
    "timestamp": "unknown"
  },
  {
    "title": "Sep ,EDTCiti&#;s  Biopharma Back to School ConferenceListen to webcast",
    "link": "https://ir.arrowheadpharma.com/events/event-details/citis--biopharma-back-school-conference",
    "timestamp": "unknown"
  },
  {
    "title": "Citi&#;s  Biopharma Back to School Conference",
    "link": "https://ir.arrowheadpharma.com/events/event-details/citis--biopharma-back-school-conference",
    "timestamp": "unknown"
  },
  {
    "title": "Citi&#;s  Biopharma Back to School Conference",
    "link": "https://ir.arrowheadpharma.com/events/event-details/citis--biopharma-back-school-conference",
    "timestamp": "unknown"
  },
  {
    "title": "Citi&#;s  Biopharma Back to School Conference",
    "link": "https://ir.arrowheadpharma.com/events/event-details/citis--biopharma-back-school-conference",
    "timestamp": "unknown"
  },
  {
    "title": "Listen to webcast",
    "link": "https://kvgo.com/-biopharma-back-to-school-conference/arrowhead-pharmaceuticals-sep-",
    "timestamp": "unknown"
  },
  {
    "title": "Listen to webcast",
    "link": "https://kvgo.com/-biopharma-back-to-school-conference/arrowhead-pharmaceuticals-sep-",
    "timestamp": "unknown"
  },
  {
    "title": "Listen to webcast",
    "link": "https://kvgo.com/-biopharma-back-to-school-conference/arrowhead-pharmaceuticals-sep-",
    "timestamp": "unknown"
  },
  {
    "title": "Aug  - Sep ,European Society of Cardiology (ESC) CongressTitle:A Randomized, Placebo-controlled Phase  Study of Plozasiran in Patients With FCS: Inter",
    "link": "https://ir.arrowheadpharma.com/events/event-details/european-society-cardiology-esc-congress-",
    "timestamp": "unknown"
  },
  {
    "title": "European Society of Cardiology (ESC) Congress",
    "link": "https://ir.arrowheadpharma.com/events/event-details/european-society-cardiology-esc-congress-",
    "timestamp": "unknown"
  },
  {
    "title": "European Society of Cardiology (ESC) Congress",
    "link": "https://ir.arrowheadpharma.com/events/event-details/european-society-cardiology-esc-congress-",
    "timestamp": "unknown"
  },
  {
    "title": "European Society of Cardiology (ESC) Congress",
    "link": "https://ir.arrowheadpharma.com/events/event-details/european-society-cardiology-esc-congress-",
    "timestamp": "unknown"
  },
  {
    "title": "ESC  PALISADE. KBESC  ARCHES. KB",
    "link": "https://ir.arrowheadpharma.com/static-files/-9cf1-4b2d-902a-0b766eb133e0",
    "timestamp": "unknown"
  },
  {
    "title": "ESC  PALISADE. KBESC  ARCHES. KB",
    "link": "https://ir.arrowheadpharma.com/static-files/-9cf1-4b2d-902a-0b766eb133e0",
    "timestamp": "unknown"
  },
  {
    "title": "ESC  PALISADE. KBESC  ARCHES. KB",
    "link": "https://ir.arrowheadpharma.com/static-files/-9cf1-4b2d-902a-0b766eb133e0",
    "timestamp": "unknown"
  },
  {
    "title": "ESC  PALISADE. KB",
    "link": "https://ir.arrowheadpharma.com/static-files/-9cf1-4b2d-902a-0b766eb133e0",
    "timestamp": "unknown"
  },
  {
    "title": "ESC  PALISADE. KB",
    "link": "https://ir.arrowheadpharma.com/static-files/-9cf1-4b2d-902a-0b766eb133e0",
    "timestamp": "unknown"
  },
  {
    "title": "ESC  PALISADE. KB",
    "link": "https://ir.arrowheadpharma.com/static-files/-9cf1-4b2d-902a-0b766eb133e0",
    "timestamp": "unknown"
  },
  {
    "title": "ESC  PALISADE. KB",
    "link": "https://ir.arrowheadpharma.com/static-files/-9cf1-4b2d-902a-0b766eb133e0",
    "timestamp": "unknown"
  },
  {
    "title": "ESC  PALISADE. KB",
    "link": "https://ir.arrowheadpharma.com/static-files/-9cf1-4b2d-902a-0b766eb133e0",
    "timestamp": "unknown"
  },
  {
    "title": "ESC  PALISADE. KB",
    "link": "https://ir.arrowheadpharma.com/static-files/-9cf1-4b2d-902a-0b766eb133e0",
    "timestamp": "unknown"
  },
  {
    "title": "ESC  PALISADE. KB",
    "link": "https://ir.arrowheadpharma.com/static-files/-9cf1-4b2d-902a-0b766eb133e0",
    "timestamp": "unknown"
  },
  {
    "title": "ESC  ARCHES. KB",
    "link": "https://ir.arrowheadpharma.com/static-files/d9630706-0c91-4c68--2e767d022399",
    "timestamp": "unknown"
  },
  {
    "title": "ESC  ARCHES. KB",
    "link": "https://ir.arrowheadpharma.com/static-files/d9630706-0c91-4c68--2e767d022399",
    "timestamp": "unknown"
  },
  {
    "title": "ESC  ARCHES. KB",
    "link": "https://ir.arrowheadpharma.com/static-files/d9630706-0c91-4c68--2e767d022399",
    "timestamp": "unknown"
  },
  {
    "title": "ESC  ARCHES. KB",
    "link": "https://ir.arrowheadpharma.com/static-files/d9630706-0c91-4c68--2e767d022399",
    "timestamp": "unknown"
  },
  {
    "title": "ESC  ARCHES. KB",
    "link": "https://ir.arrowheadpharma.com/static-files/d9630706-0c91-4c68--2e767d022399",
    "timestamp": "unknown"
  },
  {
    "title": "ESC  ARCHES. KB",
    "link": "https://ir.arrowheadpharma.com/static-files/d9630706-0c91-4c68--2e767d022399",
    "timestamp": "unknown"
  },
  {
    "title": "ESC  ARCHES. KB",
    "link": "https://ir.arrowheadpharma.com/static-files/d9630706-0c91-4c68--2e767d022399",
    "timestamp": "unknown"
  },
  {
    "title": "Aug ,EDTArrowhead Pharmaceuticals  Third Quarter ResultsListen to webcastQ3  Prepared RemarksKB",
    "link": "https://ir.arrowheadpharma.com/events/event-details/arrowhead-pharmaceuticals--third-quarter-results",
    "timestamp": "unknown"
  },
  {
    "title": "Arrowhead Pharmaceuticals  Third Quarter Results",
    "link": "https://ir.arrowheadpharma.com/events/event-details/arrowhead-pharmaceuticals--third-quarter-results",
    "timestamp": "unknown"
  },
  {
    "title": "Arrowhead Pharmaceuticals  Third Quarter Results",
    "link": "https://ir.arrowheadpharma.com/events/event-details/arrowhead-pharmaceuticals--third-quarter-results",
    "timestamp": "unknown"
  },
  {
    "title": "Arrowhead Pharmaceuticals  Third Quarter Results",
    "link": "https://ir.arrowheadpharma.com/events/event-details/arrowhead-pharmaceuticals--third-quarter-results",
    "timestamp": "unknown"
  },
  {
    "title": "Listen to webcast",
    "link": "https://edge.media-server.com/mmc/p/nbpnpka8",
    "timestamp": "unknown"
  },
  {
    "title": "Listen to webcast",
    "link": "https://edge.media-server.com/mmc/p/nbpnpka8",
    "timestamp": "unknown"
  },
  {
    "title": "Listen to webcast",
    "link": "https://edge.media-server.com/mmc/p/nbpnpka8",
    "timestamp": "unknown"
  },
  {
    "title": "Q3  Prepared RemarksKB",
    "link": "https://ir.arrowheadpharma.com/static-files/--4e72--41a85d47f80b",
    "timestamp": "unknown"
  },
  {
    "title": "Q3  Prepared RemarksKB",
    "link": "https://ir.arrowheadpharma.com/static-files/--4e72--41a85d47f80b",
    "timestamp": "unknown"
  },
  {
    "title": "Q3  Prepared RemarksKB",
    "link": "https://ir.arrowheadpharma.com/static-files/--4e72--41a85d47f80b",
    "timestamp": "unknown"
  },
  {
    "title": "Q3  Prepared RemarksKB",
    "link": "https://ir.arrowheadpharma.com/static-files/--4e72--41a85d47f80b",
    "timestamp": "unknown"
  },
  {
    "title": "Q3  Prepared RemarksKB",
    "link": "https://ir.arrowheadpharma.com/static-files/--4e72--41a85d47f80b",
    "timestamp": "unknown"
  },
  {
    "title": "Q3  Prepared RemarksKB",
    "link": "https://ir.arrowheadpharma.com/static-files/--4e72--41a85d47f80b",
    "timestamp": "unknown"
  },
  {
    "title": "Q3  Prepared RemarksKB",
    "link": "https://ir.arrowheadpharma.com/static-files/--4e72--41a85d47f80b",
    "timestamp": "unknown"
  },
  {
    "title": "Q3  Prepared RemarksKB",
    "link": "https://ir.arrowheadpharma.com/static-files/--4e72--41a85d47f80b",
    "timestamp": "unknown"
  },
  {
    "title": "Q3  Prepared RemarksKB",
    "link": "https://ir.arrowheadpharma.com/static-files/--4e72--41a85d47f80b",
    "timestamp": "unknown"
  },
  {
    "title": "Q3  Prepared RemarksKB",
    "link": "https://ir.arrowheadpharma.com/static-files/--4e72--41a85d47f80b",
    "timestamp": "unknown"
  },
  {
    "title": "Jun ,EDT46th Annual Goldman Sachs Global Healthcare ConferenceListen to webcast",
    "link": "https://ir.arrowheadpharma.com/events/event-details/46th-annual-goldman-sachs-global-healthcare-conference",
    "timestamp": "unknown"
  },
  {
    "title": "46th Annual Goldman Sachs Global Healthcare Conference",
    "link": "https://ir.arrowheadpharma.com/events/event-details/46th-annual-goldman-sachs-global-healthcare-conference",
    "timestamp": "unknown"
  },
  {
    "title": "46th Annual Goldman Sachs Global Healthcare Conference",
    "link": "https://ir.arrowheadpharma.com/events/event-details/46th-annual-goldman-sachs-global-healthcare-conference",
    "timestamp": "unknown"
  },
  {
    "title": "46th Annual Goldman Sachs Global Healthcare Conference",
    "link": "https://ir.arrowheadpharma.com/events/event-details/46th-annual-goldman-sachs-global-healthcare-conference",
    "timestamp": "unknown"
  },
  {
    "title": "Listen to webcast",
    "link": "https://event.webcasts.com/starthere.jsp?ei=&tp_key=685b6a188e&tp_special=",
    "timestamp": "unknown"
  },
  {
    "title": "Listen to webcast",
    "link": "https://event.webcasts.com/starthere.jsp?ei=&tp_key=685b6a188e&tp_special=",
    "timestamp": "unknown"
  },
  {
    "title": "Listen to webcast",
    "link": "https://event.webcasts.com/starthere.jsp?ei=&tp_key=685b6a188e&tp_special=",
    "timestamp": "unknown"
  },
  {
    "title": "Jun ,62nd European Renal Association (ERA) CongressTitle: ARO-C3, an investigational RNAi Therapeutic Targeting Complement C3, Reduces Proteinuria, He",
    "link": "https://ir.arrowheadpharma.com/events/event-details/62nd-european-renal-association-era-congress",
    "timestamp": "unknown"
  },
  {
    "title": "62nd European Renal Association (ERA) Congress",
    "link": "https://ir.arrowheadpharma.com/events/event-details/62nd-european-renal-association-era-congress",
    "timestamp": "unknown"
  },
  {
    "title": "62nd European Renal Association (ERA) Congress",
    "link": "https://ir.arrowheadpharma.com/events/event-details/62nd-european-renal-association-era-congress",
    "timestamp": "unknown"
  },
  {
    "title": "62nd European Renal Association (ERA) Congress",
    "link": "https://ir.arrowheadpharma.com/events/event-details/62nd-european-renal-association-era-congress",
    "timestamp": "unknown"
  },
  {
    "title": "ARO-C3. MB",
    "link": "https://ir.arrowheadpharma.com/static-files/71ace783-f6cd-47ac-b9a5-5809c13b70f1",
    "timestamp": "unknown"
  },
  {
    "title": "ARO-C3. MB",
    "link": "https://ir.arrowheadpharma.com/static-files/71ace783-f6cd-47ac-b9a5-5809c13b70f1",
    "timestamp": "unknown"
  },
  {
    "title": "ARO-C3. MB",
    "link": "https://ir.arrowheadpharma.com/static-files/71ace783-f6cd-47ac-b9a5-5809c13b70f1",
    "timestamp": "unknown"
  },
  {
    "title": "ARO-C3. MB",
    "link": "https://ir.arrowheadpharma.com/static-files/71ace783-f6cd-47ac-b9a5-5809c13b70f1",
    "timestamp": "unknown"
  },
  {
    "title": "ARO-C3. MB",
    "link": "https://ir.arrowheadpharma.com/static-files/71ace783-f6cd-47ac-b9a5-5809c13b70f1",
    "timestamp": "unknown"
  },
  {
    "title": "ARO-C3. MB",
    "link": "https://ir.arrowheadpharma.com/static-files/71ace783-f6cd-47ac-b9a5-5809c13b70f1",
    "timestamp": "unknown"
  },
  {
    "title": "ARO-C3. MB",
    "link": "https://ir.arrowheadpharma.com/static-files/71ace783-f6cd-47ac-b9a5-5809c13b70f1",
    "timestamp": "unknown"
  },
  {
    "title": "ARO-C3. MB",
    "link": "https://ir.arrowheadpharma.com/static-files/71ace783-f6cd-47ac-b9a5-5809c13b70f1",
    "timestamp": "unknown"
  },
  {
    "title": "ARO-C3. MB",
    "link": "https://ir.arrowheadpharma.com/static-files/71ace783-f6cd-47ac-b9a5-5809c13b70f1",
    "timestamp": "unknown"
  },
  {
    "title": "ARO-C3. MB",
    "link": "https://ir.arrowheadpharma.com/static-files/71ace783-f6cd-47ac-b9a5-5809c13b70f1",
    "timestamp": "unknown"
  },
  {
    "title": "Jun ,EDTJefferies Global Healthcare ConferenceListen to webcast",
    "link": "https://ir.arrowheadpharma.com/events/event-details/jefferies-global-healthcare-conference-",
    "timestamp": "unknown"
  },
  {
    "title": "Jefferies Global Healthcare Conference",
    "link": "https://ir.arrowheadpharma.com/events/event-details/jefferies-global-healthcare-conference-",
    "timestamp": "unknown"
  },
  {
    "title": "Jefferies Global Healthcare Conference",
    "link": "https://ir.arrowheadpharma.com/events/event-details/jefferies-global-healthcare-conference-",
    "timestamp": "unknown"
  },
  {
    "title": "Jefferies Global Healthcare Conference",
    "link": "https://ir.arrowheadpharma.com/events/event-details/jefferies-global-healthcare-conference-",
    "timestamp": "unknown"
  },
  {
    "title": "Listen to webcast",
    "link": "https://wsw.com/webcast/jeff319/register.aspx?conf=jeff319&page=arwr&url=https%3A//wsw.com/webcast/jeff319/arwr/",
    "timestamp": "unknown"
  },
  {
    "title": "Listen to webcast",
    "link": "https://wsw.com/webcast/jeff319/register.aspx?conf=jeff319&page=arwr&url=https%3A//wsw.com/webcast/jeff319/arwr/",
    "timestamp": "unknown"
  },
  {
    "title": "Listen to webcast",
    "link": "https://wsw.com/webcast/jeff319/register.aspx?conf=jeff319&page=arwr&url=https%3A//wsw.com/webcast/jeff319/arwr/",
    "timestamp": "unknown"
  },
  {
    "title": "May  - Jun ,National Lipid Association (NLA)  Annual Scientific SessionsTitle:Development of a Dual Functional RNAi Therapeutic, ARO-DIMER-PA, for Mix",
    "link": "https://ir.arrowheadpharma.com/events/event-details/national-lipid-association-nla--annual-scientific-sessions",
    "timestamp": "unknown"
  },
  {
    "title": "National Lipid Association (NLA)  Annual Scientific Sessions",
    "link": "https://ir.arrowheadpharma.com/events/event-details/national-lipid-association-nla--annual-scientific-sessions",
    "timestamp": "unknown"
  },
  {
    "title": "National Lipid Association (NLA)  Annual Scientific Sessions",
    "link": "https://ir.arrowheadpharma.com/events/event-details/national-lipid-association-nla--annual-scientific-sessions",
    "timestamp": "unknown"
  },
  {
    "title": "National Lipid Association (NLA)  Annual Scientific Sessions",
    "link": "https://ir.arrowheadpharma.com/events/event-details/national-lipid-association-nla--annual-scientific-sessions",
    "timestamp": "unknown"
  },
  {
    "title": "NLA  ARO-DIMER-PA. MBNLA  SHASTA- AP Study Design. KBNLA  PALISADE AP QOL FCS. KBNLA  SHASTA MUIR NMR. KB",
    "link": "https://ir.arrowheadpharma.com/static-files/c15dcdf5----5fb4b5e9eab9",
    "timestamp": "unknown"
  },
  {
    "title": "NLA  ARO-DIMER-PA. MBNLA  SHASTA- AP Study Design. KBNLA  PALISADE AP QOL FCS. KBNLA  SHASTA MUIR NMR. KB",
    "link": "https://ir.arrowheadpharma.com/static-files/c15dcdf5----5fb4b5e9eab9",
    "timestamp": "unknown"
  },
  {
    "title": "NLA  ARO-DIMER-PA. MBNLA  SHASTA- AP Study Design. KBNLA  PALISADE AP QOL FCS. KBNLA  SHASTA MUIR NMR. KB",
    "link": "https://ir.arrowheadpharma.com/static-files/c15dcdf5----5fb4b5e9eab9",
    "timestamp": "unknown"
  },
  {
    "title": "NLA  ARO-DIMER-PA. MB",
    "link": "https://ir.arrowheadpharma.com/static-files/c15dcdf5----5fb4b5e9eab9",
    "timestamp": "unknown"
  },
  {
    "title": "NLA  ARO-DIMER-PA. MB",
    "link": "https://ir.arrowheadpharma.com/static-files/c15dcdf5----5fb4b5e9eab9",
    "timestamp": "unknown"
  },
  {
    "title": "NLA  ARO-DIMER-PA. MB",
    "link": "https://ir.arrowheadpharma.com/static-files/c15dcdf5----5fb4b5e9eab9",
    "timestamp": "unknown"
  },
  {
    "title": "NLA  ARO-DIMER-PA. MB",
    "link": "https://ir.arrowheadpharma.com/static-files/c15dcdf5----5fb4b5e9eab9",
    "timestamp": "unknown"
  },
  {
    "title": "NLA  ARO-DIMER-PA. MB",
    "link": "https://ir.arrowheadpharma.com/static-files/c15dcdf5----5fb4b5e9eab9",
    "timestamp": "unknown"
  },
  {
    "title": "NLA  ARO-DIMER-PA. MB",
    "link": "https://ir.arrowheadpharma.com/static-files/c15dcdf5----5fb4b5e9eab9",
    "timestamp": "unknown"
  },
  {
    "title": "NLA  ARO-DIMER-PA. MB",
    "link": "https://ir.arrowheadpharma.com/static-files/c15dcdf5----5fb4b5e9eab9",
    "timestamp": "unknown"
  },
  {
    "title": "NLA  SHASTA- AP Study Design. KB",
    "link": "https://ir.arrowheadpharma.com/static-files/4191ab91-54dd-440b-9d7d-008ad3161e7d",
    "timestamp": "unknown"
  },
  {
    "title": "NLA  SHASTA- AP Study Design. KB",
    "link": "https://ir.arrowheadpharma.com/static-files/4191ab91-54dd-440b-9d7d-008ad3161e7d",
    "timestamp": "unknown"
  },
  {
    "title": "NLA  SHASTA- AP Study Design. KB",
    "link": "https://ir.arrowheadpharma.com/static-files/4191ab91-54dd-440b-9d7d-008ad3161e7d",
    "timestamp": "unknown"
  },
  {
    "title": "NLA  SHASTA- AP Study Design. KB",
    "link": "https://ir.arrowheadpharma.com/static-files/4191ab91-54dd-440b-9d7d-008ad3161e7d",
    "timestamp": "unknown"
  },
  {
    "title": "NLA  SHASTA- AP Study Design. KB",
    "link": "https://ir.arrowheadpharma.com/static-files/4191ab91-54dd-440b-9d7d-008ad3161e7d",
    "timestamp": "unknown"
  },
  {
    "title": "NLA  SHASTA- AP Study Design. KB",
    "link": "https://ir.arrowheadpharma.com/static-files/4191ab91-54dd-440b-9d7d-008ad3161e7d",
    "timestamp": "unknown"
  },
  {
    "title": "NLA  SHASTA- AP Study Design. KB",
    "link": "https://ir.arrowheadpharma.com/static-files/4191ab91-54dd-440b-9d7d-008ad3161e7d",
    "timestamp": "unknown"
  },
  {
    "title": "NLA  PALISADE AP QOL FCS. KB",
    "link": "https://ir.arrowheadpharma.com/static-files/8beb2ef0--47e3-ac41-0154d385bfd5",
    "timestamp": "unknown"
  },
  {
    "title": "NLA  PALISADE AP QOL FCS. KB",
    "link": "https://ir.arrowheadpharma.com/static-files/8beb2ef0--47e3-ac41-0154d385bfd5",
    "timestamp": "unknown"
  },
  {
    "title": "NLA  PALISADE AP QOL FCS. KB",
    "link": "https://ir.arrowheadpharma.com/static-files/8beb2ef0--47e3-ac41-0154d385bfd5",
    "timestamp": "unknown"
  },
  {
    "title": "NLA  PALISADE AP QOL FCS. KB",
    "link": "https://ir.arrowheadpharma.com/static-files/8beb2ef0--47e3-ac41-0154d385bfd5",
    "timestamp": "unknown"
  },
  {
    "title": "NLA  PALISADE AP QOL FCS. KB",
    "link": "https://ir.arrowheadpharma.com/static-files/8beb2ef0--47e3-ac41-0154d385bfd5",
    "timestamp": "unknown"
  },
  {
    "title": "NLA  PALISADE AP QOL FCS. KB",
    "link": "https://ir.arrowheadpharma.com/static-files/8beb2ef0--47e3-ac41-0154d385bfd5",
    "timestamp": "unknown"
  },
  {
    "title": "NLA  PALISADE AP QOL FCS. KB",
    "link": "https://ir.arrowheadpharma.com/static-files/8beb2ef0--47e3-ac41-0154d385bfd5",
    "timestamp": "unknown"
  },
  {
    "title": "NLA  SHASTA MUIR NMR. KB",
    "link": "https://ir.arrowheadpharma.com/static-files/dc69e946--48b1-8da3-122598aedb64",
    "timestamp": "unknown"
  },
  {
    "title": "NLA  SHASTA MUIR NMR. KB",
    "link": "https://ir.arrowheadpharma.com/static-files/dc69e946--48b1-8da3-122598aedb64",
    "timestamp": "unknown"
  },
  {
    "title": "NLA  SHASTA MUIR NMR. KB",
    "link": "https://ir.arrowheadpharma.com/static-files/dc69e946--48b1-8da3-122598aedb64",
    "timestamp": "unknown"
  },
  {
    "title": "NLA  SHASTA MUIR NMR. KB",
    "link": "https://ir.arrowheadpharma.com/static-files/dc69e946--48b1-8da3-122598aedb64",
    "timestamp": "unknown"
  },
  {
    "title": "NLA  SHASTA MUIR NMR. KB",
    "link": "https://ir.arrowheadpharma.com/static-files/dc69e946--48b1-8da3-122598aedb64",
    "timestamp": "unknown"
  },
  {
    "title": "NLA  SHASTA MUIR NMR. KB",
    "link": "https://ir.arrowheadpharma.com/static-files/dc69e946--48b1-8da3-122598aedb64",
    "timestamp": "unknown"
  },
  {
    "title": "NLA  SHASTA MUIR NMR. KB",
    "link": "https://ir.arrowheadpharma.com/static-files/dc69e946--48b1-8da3-122598aedb64",
    "timestamp": "unknown"
  },
  {
    "title": "May ,EDTRBC Capital Markets Global HealthcareListen to webcast",
    "link": "https://ir.arrowheadpharma.com/events/event-details/-rbc-capital-markets-global-healthcare",
    "timestamp": "unknown"
  },
  {
    "title": "RBC Capital Markets Global Healthcare",
    "link": "https://ir.arrowheadpharma.com/events/event-details/-rbc-capital-markets-global-healthcare",
    "timestamp": "unknown"
  },
  {
    "title": "RBC Capital Markets Global Healthcare",
    "link": "https://ir.arrowheadpharma.com/events/event-details/-rbc-capital-markets-global-healthcare",
    "timestamp": "unknown"
  },
  {
    "title": "RBC Capital Markets Global Healthcare",
    "link": "https://ir.arrowheadpharma.com/events/event-details/-rbc-capital-markets-global-healthcare",
    "timestamp": "unknown"
  },
  {
    "title": "Listen to webcast",
    "link": "https://kvgo.com/rbc/arrowhead-pharmaceuticals-inc-may-",
    "timestamp": "unknown"
  },
  {
    "title": "Listen to webcast",
    "link": "https://kvgo.com/rbc/arrowhead-pharmaceuticals-inc-may-",
    "timestamp": "unknown"
  },
  {
    "title": "Listen to webcast",
    "link": "https://kvgo.com/rbc/arrowhead-pharmaceuticals-inc-may-",
    "timestamp": "unknown"
  },
  {
    "title": "May  - May ,TIDES USA: Bridging Research to RealityTitle:TRiM\u2122 Platform for Delivery of RNAi Therapeutics to the Central Nervous System via Subcutaneo",
    "link": "https://ir.arrowheadpharma.com/events/event-details/tides-usa-bridging-research-reality",
    "timestamp": "unknown"
  },
  {
    "title": "TIDES USA: Bridging Research to Reality",
    "link": "https://ir.arrowheadpharma.com/events/event-details/tides-usa-bridging-research-reality",
    "timestamp": "unknown"
  },
  {
    "title": "TIDES USA: Bridging Research to Reality",
    "link": "https://ir.arrowheadpharma.com/events/event-details/tides-usa-bridging-research-reality",
    "timestamp": "unknown"
  },
  {
    "title": "TIDES USA: Bridging Research to Reality",
    "link": "https://ir.arrowheadpharma.com/events/event-details/tides-usa-bridging-research-reality",
    "timestamp": "unknown"
  },
  {
    "title": "TIDES USA  CNS. MB",
    "link": "https://ir.arrowheadpharma.com/static-files/c24adf87-2bec--9d55-38da5058c5c9",
    "timestamp": "unknown"
  },
  {
    "title": "TIDES USA  CNS. MB",
    "link": "https://ir.arrowheadpharma.com/static-files/c24adf87-2bec--9d55-38da5058c5c9",
    "timestamp": "unknown"
  },
  {
    "title": "TIDES USA  CNS. MB",
    "link": "https://ir.arrowheadpharma.com/static-files/c24adf87-2bec--9d55-38da5058c5c9",
    "timestamp": "unknown"
  },
  {
    "title": "TIDES USA  CNS. MB",
    "link": "https://ir.arrowheadpharma.com/static-files/c24adf87-2bec--9d55-38da5058c5c9",
    "timestamp": "unknown"
  },
  {
    "title": "TIDES USA  CNS. MB",
    "link": "https://ir.arrowheadpharma.com/static-files/c24adf87-2bec--9d55-38da5058c5c9",
    "timestamp": "unknown"
  },
  {
    "title": "TIDES USA  CNS. MB",
    "link": "https://ir.arrowheadpharma.com/static-files/c24adf87-2bec--9d55-38da5058c5c9",
    "timestamp": "unknown"
  },
  {
    "title": "TIDES USA  CNS. MB",
    "link": "https://ir.arrowheadpharma.com/static-files/c24adf87-2bec--9d55-38da5058c5c9",
    "timestamp": "unknown"
  },
  {
    "title": "TIDES USA  CNS. MB",
    "link": "https://ir.arrowheadpharma.com/static-files/c24adf87-2bec--9d55-38da5058c5c9",
    "timestamp": "unknown"
  },
  {
    "title": "TIDES USA  CNS. MB",
    "link": "https://ir.arrowheadpharma.com/static-files/c24adf87-2bec--9d55-38da5058c5c9",
    "timestamp": "unknown"
  },
  {
    "title": "TIDES USA  CNS. MB",
    "link": "https://ir.arrowheadpharma.com/static-files/c24adf87-2bec--9d55-38da5058c5c9",
    "timestamp": "unknown"
  },
  {
    "title": "May  - May ,American Thoracic Society International Conference (ATS )Title:Dual Silencing of Interleukin  (IL33) And Thymic Stromal Lymphopoietin Prot",
    "link": "https://ir.arrowheadpharma.com/events/event-details/american-thoracic-society-international-conference-ats-",
    "timestamp": "unknown"
  },
  {
    "title": "American Thoracic Society International Conference (ATS )",
    "link": "https://ir.arrowheadpharma.com/events/event-details/american-thoracic-society-international-conference-ats-",
    "timestamp": "unknown"
  },
  {
    "title": "American Thoracic Society International Conference (ATS )",
    "link": "https://ir.arrowheadpharma.com/events/event-details/american-thoracic-society-international-conference-ats-",
    "timestamp": "unknown"
  },
  {
    "title": "American Thoracic Society International Conference (ATS )",
    "link": "https://ir.arrowheadpharma.com/events/event-details/american-thoracic-society-international-conference-ats-",
    "timestamp": "unknown"
  },
  {
    "title": "ATS  IL33-TSLP. MBATS  RAGE Preclinical. KBATS  RAGE Preclinical. MB",
    "link": "https://ir.arrowheadpharma.com/static-files/279e69dc--47bb-8a3e-46e51dabdf8f",
    "timestamp": "unknown"
  },
  {
    "title": "ATS  IL33-TSLP. MBATS  RAGE Preclinical. KBATS  RAGE Preclinical. MB",
    "link": "https://ir.arrowheadpharma.com/static-files/279e69dc--47bb-8a3e-46e51dabdf8f",
    "timestamp": "unknown"
  },
  {
    "title": "ATS  IL33-TSLP. MBATS  RAGE Preclinical. KBATS  RAGE Preclinical. MB",
    "link": "https://ir.arrowheadpharma.com/static-files/279e69dc--47bb-8a3e-46e51dabdf8f",
    "timestamp": "unknown"
  },
  {
    "title": "ATS  IL33-TSLP. MB",
    "link": "https://ir.arrowheadpharma.com/static-files/279e69dc--47bb-8a3e-46e51dabdf8f",
    "timestamp": "unknown"
  },
  {
    "title": "ATS  IL33-TSLP. MB",
    "link": "https://ir.arrowheadpharma.com/static-files/279e69dc--47bb-8a3e-46e51dabdf8f",
    "timestamp": "unknown"
  },
  {
    "title": "ATS  IL33-TSLP. MB",
    "link": "https://ir.arrowheadpharma.com/static-files/279e69dc--47bb-8a3e-46e51dabdf8f",
    "timestamp": "unknown"
  },
  {
    "title": "ATS  IL33-TSLP. MB",
    "link": "https://ir.arrowheadpharma.com/static-files/279e69dc--47bb-8a3e-46e51dabdf8f",
    "timestamp": "unknown"
  },
  {
    "title": "ATS  IL33-TSLP. MB",
    "link": "https://ir.arrowheadpharma.com/static-files/279e69dc--47bb-8a3e-46e51dabdf8f",
    "timestamp": "unknown"
  },
  {
    "title": "ATS  IL33-TSLP. MB",
    "link": "https://ir.arrowheadpharma.com/static-files/279e69dc--47bb-8a3e-46e51dabdf8f",
    "timestamp": "unknown"
  },
  {
    "title": "ATS  IL33-TSLP. MB",
    "link": "https://ir.arrowheadpharma.com/static-files/279e69dc--47bb-8a3e-46e51dabdf8f",
    "timestamp": "unknown"
  },
  {
    "title": "ATS  RAGE Preclinical. KB",
    "link": "https://ir.arrowheadpharma.com/static-files/8f0e1aed-6fce-4e31-9bc3-02b7a1733fbe",
    "timestamp": "unknown"
  },
  {
    "title": "ATS  RAGE Preclinical. KB",
    "link": "https://ir.arrowheadpharma.com/static-files/8f0e1aed-6fce-4e31-9bc3-02b7a1733fbe",
    "timestamp": "unknown"
  },
  {
    "title": "ATS  RAGE Preclinical. KB",
    "link": "https://ir.arrowheadpharma.com/static-files/8f0e1aed-6fce-4e31-9bc3-02b7a1733fbe",
    "timestamp": "unknown"
  },
  {
    "title": "ATS  RAGE Preclinical. KB",
    "link": "https://ir.arrowheadpharma.com/static-files/8f0e1aed-6fce-4e31-9bc3-02b7a1733fbe",
    "timestamp": "unknown"
  },
  {
    "title": "ATS  RAGE Preclinical. KB",
    "link": "https://ir.arrowheadpharma.com/static-files/8f0e1aed-6fce-4e31-9bc3-02b7a1733fbe",
    "timestamp": "unknown"
  },
  {
    "title": "ATS  RAGE Preclinical. KB",
    "link": "https://ir.arrowheadpharma.com/static-files/8f0e1aed-6fce-4e31-9bc3-02b7a1733fbe",
    "timestamp": "unknown"
  },
  {
    "title": "ATS  RAGE Preclinical. KB",
    "link": "https://ir.arrowheadpharma.com/static-files/8f0e1aed-6fce-4e31-9bc3-02b7a1733fbe",
    "timestamp": "unknown"
  },
  {
    "title": "ATS  RAGE Preclinical. MB",
    "link": "https://ir.arrowheadpharma.com/static-files/8ff4d964-3e68-4be1-b554-475193e1a734",
    "timestamp": "unknown"
  },
  {
    "title": "ATS  RAGE Preclinical. MB",
    "link": "https://ir.arrowheadpharma.com/static-files/8ff4d964-3e68-4be1-b554-475193e1a734",
    "timestamp": "unknown"
  },
  {
    "title": "ATS  RAGE Preclinical. MB",
    "link": "https://ir.arrowheadpharma.com/static-files/8ff4d964-3e68-4be1-b554-475193e1a734",
    "timestamp": "unknown"
  },
  {
    "title": "ATS  RAGE Preclinical. MB",
    "link": "https://ir.arrowheadpharma.com/static-files/8ff4d964-3e68-4be1-b554-475193e1a734",
    "timestamp": "unknown"
  },
  {
    "title": "ATS  RAGE Preclinical. MB",
    "link": "https://ir.arrowheadpharma.com/static-files/8ff4d964-3e68-4be1-b554-475193e1a734",
    "timestamp": "unknown"
  },
  {
    "title": "ATS  RAGE Preclinical. MB",
    "link": "https://ir.arrowheadpharma.com/static-files/8ff4d964-3e68-4be1-b554-475193e1a734",
    "timestamp": "unknown"
  },
  {
    "title": "ATS  RAGE Preclinical. MB",
    "link": "https://ir.arrowheadpharma.com/static-files/8ff4d964-3e68-4be1-b554-475193e1a734",
    "timestamp": "unknown"
  },
  {
    "title": "May ,PDTBofA Securities  Health Care ConferenceListen to webcast",
    "link": "https://ir.arrowheadpharma.com/events/event-details/bofa-securities--health-care-conference",
    "timestamp": "unknown"
  },
  {
    "title": "BofA Securities  Health Care Conference",
    "link": "https://ir.arrowheadpharma.com/events/event-details/bofa-securities--health-care-conference",
    "timestamp": "unknown"
  },
  {
    "title": "BofA Securities  Health Care Conference",
    "link": "https://ir.arrowheadpharma.com/events/event-details/bofa-securities--health-care-conference",
    "timestamp": "unknown"
  },
  {
    "title": "BofA Securities  Health Care Conference",
    "link": "https://ir.arrowheadpharma.com/events/event-details/bofa-securities--health-care-conference",
    "timestamp": "unknown"
  },
  {
    "title": "Listen to webcast",
    "link": "https://bofa.veracast.com/webcasts/bofa/healthcare2025/idd0RIta.cfm",
    "timestamp": "unknown"
  },
  {
    "title": "Listen to webcast",
    "link": "https://bofa.veracast.com/webcasts/bofa/healthcare2025/idd0RIta.cfm",
    "timestamp": "unknown"
  },
  {
    "title": "Listen to webcast",
    "link": "https://bofa.veracast.com/webcasts/bofa/healthcare2025/idd0RIta.cfm",
    "timestamp": "unknown"
  },
  {
    "title": "May ,EDTArrowhead Pharmaceuticals  Second Quarter ResultsListen to webcastPrepared Remarks. KB",
    "link": "https://ir.arrowheadpharma.com/events/event-details/arrowhead-pharmaceuticals--second-quarter-results",
    "timestamp": "unknown"
  },
  {
    "title": "Arrowhead Pharmaceuticals  Second Quarter Results",
    "link": "https://ir.arrowheadpharma.com/events/event-details/arrowhead-pharmaceuticals--second-quarter-results",
    "timestamp": "unknown"
  },
  {
    "title": "Arrowhead Pharmaceuticals  Second Quarter Results",
    "link": "https://ir.arrowheadpharma.com/events/event-details/arrowhead-pharmaceuticals--second-quarter-results",
    "timestamp": "unknown"
  },
  {
    "title": "Arrowhead Pharmaceuticals  Second Quarter Results",
    "link": "https://ir.arrowheadpharma.com/events/event-details/arrowhead-pharmaceuticals--second-quarter-results",
    "timestamp": "unknown"
  },
  {
    "title": "Listen to webcast",
    "link": "https://edge.media-server.com/mmc/p/6cq4g5rf/",
    "timestamp": "unknown"
  },
  {
    "title": "Listen to webcast",
    "link": "https://edge.media-server.com/mmc/p/6cq4g5rf/",
    "timestamp": "unknown"
  },
  {
    "title": "Listen to webcast",
    "link": "https://edge.media-server.com/mmc/p/6cq4g5rf/",
    "timestamp": "unknown"
  },
  {
    "title": "Prepared Remarks. KB",
    "link": "https://ir.arrowheadpharma.com/static-files/c3d2a261-859e-42c9--4a44042bf555",
    "timestamp": "unknown"
  },
  {
    "title": "Prepared Remarks. KB",
    "link": "https://ir.arrowheadpharma.com/static-files/c3d2a261-859e-42c9--4a44042bf555",
    "timestamp": "unknown"
  },
  {
    "title": "Prepared Remarks. KB",
    "link": "https://ir.arrowheadpharma.com/static-files/c3d2a261-859e-42c9--4a44042bf555",
    "timestamp": "unknown"
  },
  {
    "title": "Prepared Remarks. KB",
    "link": "https://ir.arrowheadpharma.com/static-files/c3d2a261-859e-42c9--4a44042bf555",
    "timestamp": "unknown"
  },
  {
    "title": "Prepared Remarks. KB",
    "link": "https://ir.arrowheadpharma.com/static-files/c3d2a261-859e-42c9--4a44042bf555",
    "timestamp": "unknown"
  },
  {
    "title": "Prepared Remarks. KB",
    "link": "https://ir.arrowheadpharma.com/static-files/c3d2a261-859e-42c9--4a44042bf555",
    "timestamp": "unknown"
  },
  {
    "title": "Prepared Remarks. KB",
    "link": "https://ir.arrowheadpharma.com/static-files/c3d2a261-859e-42c9--4a44042bf555",
    "timestamp": "unknown"
  },
  {
    "title": "Prepared Remarks. KB",
    "link": "https://ir.arrowheadpharma.com/static-files/c3d2a261-859e-42c9--4a44042bf555",
    "timestamp": "unknown"
  },
  {
    "title": "Prepared Remarks. KB",
    "link": "https://ir.arrowheadpharma.com/static-files/c3d2a261-859e-42c9--4a44042bf555",
    "timestamp": "unknown"
  },
  {
    "title": "Prepared Remarks. KB",
    "link": "https://ir.arrowheadpharma.com/static-files/c3d2a261-859e-42c9--4a44042bf555",
    "timestamp": "unknown"
  },
  {
    "title": "May  - May ,32nd European Congress on Obesity (ECO2025)Title:ARO-ALK7, a RNAi Therapeutic Targeting Adipose ALK7 Expression for ObesityECO2025 ALK7. M",
    "link": "https://ir.arrowheadpharma.com/events/event-details/32nd-european-congress-obesity-eco2025",
    "timestamp": "unknown"
  },
  {
    "title": "32nd European Congress on Obesity (ECO2025)",
    "link": "https://ir.arrowheadpharma.com/events/event-details/32nd-european-congress-obesity-eco2025",
    "timestamp": "unknown"
  },
  {
    "title": "32nd European Congress on Obesity (ECO2025)",
    "link": "https://ir.arrowheadpharma.com/events/event-details/32nd-european-congress-obesity-eco2025",
    "timestamp": "unknown"
  },
  {
    "title": "32nd European Congress on Obesity (ECO2025)",
    "link": "https://ir.arrowheadpharma.com/events/event-details/32nd-european-congress-obesity-eco2025",
    "timestamp": "unknown"
  },
  {
    "title": "ECO2025 ALK7. MB",
    "link": "https://ir.arrowheadpharma.com/static-files/4bd5dfda-7baa-4b13-8d37-ec794e750bff",
    "timestamp": "unknown"
  },
  {
    "title": "ECO2025 ALK7. MB",
    "link": "https://ir.arrowheadpharma.com/static-files/4bd5dfda-7baa-4b13-8d37-ec794e750bff",
    "timestamp": "unknown"
  },
  {
    "title": "ECO2025 ALK7. MB",
    "link": "https://ir.arrowheadpharma.com/static-files/4bd5dfda-7baa-4b13-8d37-ec794e750bff",
    "timestamp": "unknown"
  },
  {
    "title": "ECO2025 ALK7. MB",
    "link": "https://ir.arrowheadpharma.com/static-files/4bd5dfda-7baa-4b13-8d37-ec794e750bff",
    "timestamp": "unknown"
  },
  {
    "title": "ECO2025 ALK7. MB",
    "link": "https://ir.arrowheadpharma.com/static-files/4bd5dfda-7baa-4b13-8d37-ec794e750bff",
    "timestamp": "unknown"
  },
  {
    "title": "ECO2025 ALK7. MB",
    "link": "https://ir.arrowheadpharma.com/static-files/4bd5dfda-7baa-4b13-8d37-ec794e750bff",
    "timestamp": "unknown"
  },
  {
    "title": "ECO2025 ALK7. MB",
    "link": "https://ir.arrowheadpharma.com/static-files/4bd5dfda-7baa-4b13-8d37-ec794e750bff",
    "timestamp": "unknown"
  },
  {
    "title": "ECO2025 ALK7. MB",
    "link": "https://ir.arrowheadpharma.com/static-files/4bd5dfda-7baa-4b13-8d37-ec794e750bff",
    "timestamp": "unknown"
  },
  {
    "title": "ECO2025 ALK7. MB",
    "link": "https://ir.arrowheadpharma.com/static-files/4bd5dfda-7baa-4b13-8d37-ec794e750bff",
    "timestamp": "unknown"
  },
  {
    "title": "ECO2025 ALK7. MB",
    "link": "https://ir.arrowheadpharma.com/static-files/4bd5dfda-7baa-4b13-8d37-ec794e750bff",
    "timestamp": "unknown"
  },
  {
    "title": "May  - May ,European Atherosclerosis Society 93rd Congress (EAS )Title:PALISADE: Plozasiran decreases the risk of acute pancreatitis (AP) and may impr",
    "link": "https://ir.arrowheadpharma.com/events/event-details/european-atherosclerosis-society-93rd-congress-eas-",
    "timestamp": "unknown"
  },
  {
    "title": "European Atherosclerosis Society 93rd Congress (EAS )",
    "link": "https://ir.arrowheadpharma.com/events/event-details/european-atherosclerosis-society-93rd-congress-eas-",
    "timestamp": "unknown"
  },
  {
    "title": "European Atherosclerosis Society 93rd Congress (EAS )",
    "link": "https://ir.arrowheadpharma.com/events/event-details/european-atherosclerosis-society-93rd-congress-eas-",
    "timestamp": "unknown"
  },
  {
    "title": "European Atherosclerosis Society 93rd Congress (EAS )",
    "link": "https://ir.arrowheadpharma.com/events/event-details/european-atherosclerosis-society-93rd-congress-eas-",
    "timestamp": "unknown"
  },
  {
    "title": "EAS  PALISADE. KBEAS  GATEWAYKB",
    "link": "https://ir.arrowheadpharma.com/static-files/b10230d6-8c79-44b3-bbef-3f10becf9683",
    "timestamp": "unknown"
  },
  {
    "title": "EAS  PALISADE. KBEAS  GATEWAYKB",
    "link": "https://ir.arrowheadpharma.com/static-files/b10230d6-8c79-44b3-bbef-3f10becf9683",
    "timestamp": "unknown"
  },
  {
    "title": "EAS  PALISADE. KBEAS  GATEWAYKB",
    "link": "https://ir.arrowheadpharma.com/static-files/b10230d6-8c79-44b3-bbef-3f10becf9683",
    "timestamp": "unknown"
  },
  {
    "title": "EAS  PALISADE. KB",
    "link": "https://ir.arrowheadpharma.com/static-files/b10230d6-8c79-44b3-bbef-3f10becf9683",
    "timestamp": "unknown"
  },
  {
    "title": "EAS  PALISADE. KB",
    "link": "https://ir.arrowheadpharma.com/static-files/b10230d6-8c79-44b3-bbef-3f10becf9683",
    "timestamp": "unknown"
  },
  {
    "title": "EAS  PALISADE. KB",
    "link": "https://ir.arrowheadpharma.com/static-files/b10230d6-8c79-44b3-bbef-3f10becf9683",
    "timestamp": "unknown"
  },
  {
    "title": "EAS  PALISADE. KB",
    "link": "https://ir.arrowheadpharma.com/static-files/b10230d6-8c79-44b3-bbef-3f10becf9683",
    "timestamp": "unknown"
  },
  {
    "title": "EAS  PALISADE. KB",
    "link": "https://ir.arrowheadpharma.com/static-files/b10230d6-8c79-44b3-bbef-3f10becf9683",
    "timestamp": "unknown"
  },
  {
    "title": "EAS  PALISADE. KB",
    "link": "https://ir.arrowheadpharma.com/static-files/b10230d6-8c79-44b3-bbef-3f10becf9683",
    "timestamp": "unknown"
  },
  {
    "title": "EAS  PALISADE. KB",
    "link": "https://ir.arrowheadpharma.com/static-files/b10230d6-8c79-44b3-bbef-3f10becf9683",
    "timestamp": "unknown"
  },
  {
    "title": "EAS  GATEWAYKB",
    "link": "https://ir.arrowheadpharma.com/static-files/82cdcdd1-eb04--94f0-3c6265ed76d8",
    "timestamp": "unknown"
  },
  {
    "title": "EAS  GATEWAYKB",
    "link": "https://ir.arrowheadpharma.com/static-files/82cdcdd1-eb04--94f0-3c6265ed76d8",
    "timestamp": "unknown"
  },
  {
    "title": "EAS  GATEWAYKB",
    "link": "https://ir.arrowheadpharma.com/static-files/82cdcdd1-eb04--94f0-3c6265ed76d8",
    "timestamp": "unknown"
  },
  {
    "title": "EAS  GATEWAYKB",
    "link": "https://ir.arrowheadpharma.com/static-files/82cdcdd1-eb04--94f0-3c6265ed76d8",
    "timestamp": "unknown"
  },
  {
    "title": "EAS  GATEWAYKB",
    "link": "https://ir.arrowheadpharma.com/static-files/82cdcdd1-eb04--94f0-3c6265ed76d8",
    "timestamp": "unknown"
  },
  {
    "title": "EAS  GATEWAYKB",
    "link": "https://ir.arrowheadpharma.com/static-files/82cdcdd1-eb04--94f0-3c6265ed76d8",
    "timestamp": "unknown"
  },
  {
    "title": "EAS  GATEWAYKB",
    "link": "https://ir.arrowheadpharma.com/static-files/82cdcdd1-eb04--94f0-3c6265ed76d8",
    "timestamp": "unknown"
  },
  {
    "title": "Mar ,CDTEffect of Plozasiran Targeting APOC3 on Lipoprotein Particle Number and Size Measured by NMR in Patients with HypertriglyceridemiaPresenter: C",
    "link": "https://ir.arrowheadpharma.com/events/event-details/effect-plozasiran-targeting-apoc3-lipoprotein-particle-number-and-size",
    "timestamp": "unknown"
  },
  {
    "title": "Effect of Plozasiran Targeting APOC3 on Lipoprotein Particle Number and Size Measured by NMR in Patients with Hypertriglyceridemia",
    "link": "https://ir.arrowheadpharma.com/events/event-details/effect-plozasiran-targeting-apoc3-lipoprotein-particle-number-and-size",
    "timestamp": "unknown"
  },
  {
    "title": "Effect of Plozasiran Targeting APOC3 on Lipoprotein Particle Number and Size Measured by NMR in Patients with Hypertriglyceridemia",
    "link": "https://ir.arrowheadpharma.com/events/event-details/effect-plozasiran-targeting-apoc3-lipoprotein-particle-number-and-size",
    "timestamp": "unknown"
  },
  {
    "title": "Effect of Plozasiran Targeting APOC3 on Lipoprotein Particle Number and Size Measured by NMR in Patients with Hypertriglyceridemia",
    "link": "https://ir.arrowheadpharma.com/events/event-details/effect-plozasiran-targeting-apoc3-lipoprotein-particle-number-and-size",
    "timestamp": "unknown"
  },
  {
    "title": "View Presentation. KB",
    "link": "https://ir.arrowheadpharma.com/static-files/714a40a6--408c-aab9-e230c9cc814a",
    "timestamp": "unknown"
  },
  {
    "title": "View Presentation. KB",
    "link": "https://ir.arrowheadpharma.com/static-files/714a40a6--408c-aab9-e230c9cc814a",
    "timestamp": "unknown"
  },
  {
    "title": "View Presentation. KB",
    "link": "https://ir.arrowheadpharma.com/static-files/714a40a6--408c-aab9-e230c9cc814a",
    "timestamp": "unknown"
  },
  {
    "title": "View Presentation. KB",
    "link": "https://ir.arrowheadpharma.com/static-files/714a40a6--408c-aab9-e230c9cc814a",
    "timestamp": "unknown"
  },
  {
    "title": "View Presentation. KB",
    "link": "https://ir.arrowheadpharma.com/static-files/714a40a6--408c-aab9-e230c9cc814a",
    "timestamp": "unknown"
  },
  {
    "title": "View Presentation. KB",
    "link": "https://ir.arrowheadpharma.com/static-files/714a40a6--408c-aab9-e230c9cc814a",
    "timestamp": "unknown"
  },
  {
    "title": "View Presentation. KB",
    "link": "https://ir.arrowheadpharma.com/static-files/714a40a6--408c-aab9-e230c9cc814a",
    "timestamp": "unknown"
  },
  {
    "title": "View Presentation. KB",
    "link": "https://ir.arrowheadpharma.com/static-files/714a40a6--408c-aab9-e230c9cc814a",
    "timestamp": "unknown"
  },
  {
    "title": "View Presentation. KB",
    "link": "https://ir.arrowheadpharma.com/static-files/714a40a6--408c-aab9-e230c9cc814a",
    "timestamp": "unknown"
  },
  {
    "title": "View Presentation. KB",
    "link": "https://ir.arrowheadpharma.com/static-files/714a40a6--408c-aab9-e230c9cc814a",
    "timestamp": "unknown"
  },
  {
    "title": "Mar ,RNA Leaders Europe  ObesityView Presentation. MB",
    "link": "https://ir.arrowheadpharma.com/events/event-details/rna-leaders-europe--obesity",
    "timestamp": "unknown"
  },
  {
    "title": "RNA Leaders Europe  Obesity",
    "link": "https://ir.arrowheadpharma.com/events/event-details/rna-leaders-europe--obesity",
    "timestamp": "unknown"
  },
  {
    "title": "RNA Leaders Europe  Obesity",
    "link": "https://ir.arrowheadpharma.com/events/event-details/rna-leaders-europe--obesity",
    "timestamp": "unknown"
  },
  {
    "title": "RNA Leaders Europe  Obesity",
    "link": "https://ir.arrowheadpharma.com/events/event-details/rna-leaders-europe--obesity",
    "timestamp": "unknown"
  },
  {
    "title": "View Presentation. MB",
    "link": "https://ir.arrowheadpharma.com/static-files/950d4e43-c177-49eb-8b44-1cfb66deef10",
    "timestamp": "unknown"
  },
  {
    "title": "View Presentation. MB",
    "link": "https://ir.arrowheadpharma.com/static-files/950d4e43-c177-49eb-8b44-1cfb66deef10",
    "timestamp": "unknown"
  },
  {
    "title": "View Presentation. MB",
    "link": "https://ir.arrowheadpharma.com/static-files/950d4e43-c177-49eb-8b44-1cfb66deef10",
    "timestamp": "unknown"
  },
  {
    "title": "View Presentation. MB",
    "link": "https://ir.arrowheadpharma.com/static-files/950d4e43-c177-49eb-8b44-1cfb66deef10",
    "timestamp": "unknown"
  },
  {
    "title": "View Presentation. MB",
    "link": "https://ir.arrowheadpharma.com/static-files/950d4e43-c177-49eb-8b44-1cfb66deef10",
    "timestamp": "unknown"
  },
  {
    "title": "View Presentation. MB",
    "link": "https://ir.arrowheadpharma.com/static-files/950d4e43-c177-49eb-8b44-1cfb66deef10",
    "timestamp": "unknown"
  },
  {
    "title": "View Presentation. MB",
    "link": "https://ir.arrowheadpharma.com/static-files/950d4e43-c177-49eb-8b44-1cfb66deef10",
    "timestamp": "unknown"
  },
  {
    "title": "View Presentation. MB",
    "link": "https://ir.arrowheadpharma.com/static-files/950d4e43-c177-49eb-8b44-1cfb66deef10",
    "timestamp": "unknown"
  },
  {
    "title": "View Presentation. MB",
    "link": "https://ir.arrowheadpharma.com/static-files/950d4e43-c177-49eb-8b44-1cfb66deef10",
    "timestamp": "unknown"
  },
  {
    "title": "View Presentation. MB",
    "link": "https://ir.arrowheadpharma.com/static-files/950d4e43-c177-49eb-8b44-1cfb66deef10",
    "timestamp": "unknown"
  },
  {
    "title": "Mar ,ESTTD Cowen 45th Annual Health Care ConferenceListen to webcast",
    "link": "https://ir.arrowheadpharma.com/events/event-details/td-cowen-45th-annual-health-care-conference",
    "timestamp": "unknown"
  },
  {
    "title": "TD Cowen 45th Annual Health Care Conference",
    "link": "https://ir.arrowheadpharma.com/events/event-details/td-cowen-45th-annual-health-care-conference",
    "timestamp": "unknown"
  },
  {
    "title": "TD Cowen 45th Annual Health Care Conference",
    "link": "https://ir.arrowheadpharma.com/events/event-details/td-cowen-45th-annual-health-care-conference",
    "timestamp": "unknown"
  },
  {
    "title": "TD Cowen 45th Annual Health Care Conference",
    "link": "https://ir.arrowheadpharma.com/events/event-details/td-cowen-45th-annual-health-care-conference",
    "timestamp": "unknown"
  },
  {
    "title": "Listen to webcast",
    "link": "https://wsw.com/webcast/cowen177/register.aspx?conf=cowen177&page=arwr&url=https%3A//wsw.com/webcast/cowen177/arwr/",
    "timestamp": "unknown"
  },
  {
    "title": "Listen to webcast",
    "link": "https://wsw.com/webcast/cowen177/register.aspx?conf=cowen177&page=arwr&url=https%3A//wsw.com/webcast/cowen177/arwr/",
    "timestamp": "unknown"
  },
  {
    "title": "Listen to webcast",
    "link": "https://wsw.com/webcast/cowen177/register.aspx?conf=cowen177&page=arwr&url=https%3A//wsw.com/webcast/cowen177/arwr/",
    "timestamp": "unknown"
  },
  {
    "title": "Feb ,Keystone Symposia on Obesity and AdiposeView Presentation. MB",
    "link": "https://ir.arrowheadpharma.com/events/event-details/keystone-symposia-obesity-and-adipose",
    "timestamp": "unknown"
  },
  {
    "title": "Keystone Symposia on Obesity and Adipose",
    "link": "https://ir.arrowheadpharma.com/events/event-details/keystone-symposia-obesity-and-adipose",
    "timestamp": "unknown"
  },
  {
    "title": "Keystone Symposia on Obesity and Adipose",
    "link": "https://ir.arrowheadpharma.com/events/event-details/keystone-symposia-obesity-and-adipose",
    "timestamp": "unknown"
  },
  {
    "title": "Keystone Symposia on Obesity and Adipose",
    "link": "https://ir.arrowheadpharma.com/events/event-details/keystone-symposia-obesity-and-adipose",
    "timestamp": "unknown"
  },
  {
    "title": "View Presentation. MB",
    "link": "https://ir.arrowheadpharma.com/static-files/d7d59a83-a60b--b71c-99ee1f169b35",
    "timestamp": "unknown"
  },
  {
    "title": "View Presentation. MB",
    "link": "https://ir.arrowheadpharma.com/static-files/d7d59a83-a60b--b71c-99ee1f169b35",
    "timestamp": "unknown"
  },
  {
    "title": "View Presentation. MB",
    "link": "https://ir.arrowheadpharma.com/static-files/d7d59a83-a60b--b71c-99ee1f169b35",
    "timestamp": "unknown"
  },
  {
    "title": "View Presentation. MB",
    "link": "https://ir.arrowheadpharma.com/static-files/d7d59a83-a60b--b71c-99ee1f169b35",
    "timestamp": "unknown"
  },
  {
    "title": "View Presentation. MB",
    "link": "https://ir.arrowheadpharma.com/static-files/d7d59a83-a60b--b71c-99ee1f169b35",
    "timestamp": "unknown"
  },
  {
    "title": "View Presentation. MB",
    "link": "https://ir.arrowheadpharma.com/static-files/d7d59a83-a60b--b71c-99ee1f169b35",
    "timestamp": "unknown"
  },
  {
    "title": "View Presentation. MB",
    "link": "https://ir.arrowheadpharma.com/static-files/d7d59a83-a60b--b71c-99ee1f169b35",
    "timestamp": "unknown"
  },
  {
    "title": "View Presentation. MB",
    "link": "https://ir.arrowheadpharma.com/static-files/d7d59a83-a60b--b71c-99ee1f169b35",
    "timestamp": "unknown"
  },
  {
    "title": "View Presentation. MB",
    "link": "https://ir.arrowheadpharma.com/static-files/d7d59a83-a60b--b71c-99ee1f169b35",
    "timestamp": "unknown"
  },
  {
    "title": "View Presentation. MB",
    "link": "https://ir.arrowheadpharma.com/static-files/d7d59a83-a60b--b71c-99ee1f169b35",
    "timestamp": "unknown"
  },
  {
    "title": "Feb ,ESTArrowhead Pharmaceuticals  First Quarter ResultsListen to webcastPrepared RemarksKB",
    "link": "https://ir.arrowheadpharma.com/events/event-details/arrowhead-pharmaceuticals--first-quarter-results",
    "timestamp": "unknown"
  },
  {
    "title": "Arrowhead Pharmaceuticals  First Quarter Results",
    "link": "https://ir.arrowheadpharma.com/events/event-details/arrowhead-pharmaceuticals--first-quarter-results",
    "timestamp": "unknown"
  },
  {
    "title": "Arrowhead Pharmaceuticals  First Quarter Results",
    "link": "https://ir.arrowheadpharma.com/events/event-details/arrowhead-pharmaceuticals--first-quarter-results",
    "timestamp": "unknown"
  },
  {
    "title": "Arrowhead Pharmaceuticals  First Quarter Results",
    "link": "https://ir.arrowheadpharma.com/events/event-details/arrowhead-pharmaceuticals--first-quarter-results",
    "timestamp": "unknown"
  },
  {
    "title": "Listen to webcast",
    "link": "https://edge.media-server.com/mmc/p/3cn7hmma",
    "timestamp": "unknown"
  },
  {
    "title": "Listen to webcast",
    "link": "https://edge.media-server.com/mmc/p/3cn7hmma",
    "timestamp": "unknown"
  },
  {
    "title": "Listen to webcast",
    "link": "https://edge.media-server.com/mmc/p/3cn7hmma",
    "timestamp": "unknown"
  },
  {
    "title": "Prepared RemarksKB",
    "link": "https://ir.arrowheadpharma.com/static-files/258822d0-90e5-4f57-aeab-d82e14e108cc",
    "timestamp": "unknown"
  },
  {
    "title": "Prepared RemarksKB",
    "link": "https://ir.arrowheadpharma.com/static-files/258822d0-90e5-4f57-aeab-d82e14e108cc",
    "timestamp": "unknown"
  },
  {
    "title": "Prepared RemarksKB",
    "link": "https://ir.arrowheadpharma.com/static-files/258822d0-90e5-4f57-aeab-d82e14e108cc",
    "timestamp": "unknown"
  },
  {
    "title": "Prepared RemarksKB",
    "link": "https://ir.arrowheadpharma.com/static-files/258822d0-90e5-4f57-aeab-d82e14e108cc",
    "timestamp": "unknown"
  },
  {
    "title": "Prepared RemarksKB",
    "link": "https://ir.arrowheadpharma.com/static-files/258822d0-90e5-4f57-aeab-d82e14e108cc",
    "timestamp": "unknown"
  },
  {
    "title": "Prepared RemarksKB",
    "link": "https://ir.arrowheadpharma.com/static-files/258822d0-90e5-4f57-aeab-d82e14e108cc",
    "timestamp": "unknown"
  },
  {
    "title": "Prepared RemarksKB",
    "link": "https://ir.arrowheadpharma.com/static-files/258822d0-90e5-4f57-aeab-d82e14e108cc",
    "timestamp": "unknown"
  },
  {
    "title": "Prepared RemarksKB",
    "link": "https://ir.arrowheadpharma.com/static-files/258822d0-90e5-4f57-aeab-d82e14e108cc",
    "timestamp": "unknown"
  },
  {
    "title": "Prepared RemarksKB",
    "link": "https://ir.arrowheadpharma.com/static-files/258822d0-90e5-4f57-aeab-d82e14e108cc",
    "timestamp": "unknown"
  },
  {
    "title": "Prepared RemarksKB",
    "link": "https://ir.arrowheadpharma.com/static-files/258822d0-90e5-4f57-aeab-d82e14e108cc",
    "timestamp": "unknown"
  },
  {
    "title": "Email AlertsDownload LibraryRSS FeedsPrint PageSearch Investors",
    "link": "https://ir.arrowheadpharma.com/email-alerts",
    "timestamp": "unknown"
  },
  {
    "title": "Email Alerts",
    "link": "https://ir.arrowheadpharma.com/email-alerts",
    "timestamp": "unknown"
  },
  {
    "title": "Download Library",
    "link": "https://ir.arrowheadpharma.com/download-library",
    "timestamp": "unknown"
  },
  {
    "title": "RSS Feeds",
    "link": "https://ir.arrowheadpharma.com/rss-feeds",
    "timestamp": "unknown"
  },
  {
    "title": "Print Page",
    "link": "https://ir.arrowheadpharma.com/events-and-presentations",
    "timestamp": "unknown"
  },
  {
    "title": "Search Investors",
    "link": "https://ir.arrowheadpharma.com/search",
    "timestamp": "unknown"
  },
  {
    "title": "Areas of FocusPipelineScience & InnovationPatients & CaregiversAboutCareers",
    "link": "https://arrowheadpharma.com/areas-of-focus/",
    "timestamp": "unknown"
  },
  {
    "title": "Areas of Focus",
    "link": "https://arrowheadpharma.com/areas-of-focus/",
    "timestamp": "unknown"
  },
  {
    "title": "Pipeline",
    "link": "https://arrowheadpharma.com/pipeline/",
    "timestamp": "unknown"
  },
  {
    "title": "Science & Innovation",
    "link": "https://arrowheadpharma.com/science-and-innovation/",
    "timestamp": "unknown"
  },
  {
    "title": "Patients & Caregivers",
    "link": "https://arrowheadpharma.com/patients-caregivers/",
    "timestamp": "unknown"
  },
  {
    "title": "About",
    "link": "https://arrowheadpharma.com/about/",
    "timestamp": "unknown"
  },
  {
    "title": "Careers",
    "link": "https://arrowheadpharma.com/careers/",
    "timestamp": "unknown"
  },
  {
    "title": "TwitterLinkedIn",
    "link": "https://twitter.com/ArrowheadPharma",
    "timestamp": "unknown"
  },
  {
    "title": "Twitter",
    "link": "https://twitter.com/ArrowheadPharma",
    "timestamp": "unknown"
  },
  {
    "title": "LinkedIn",
    "link": "https://www.linkedin.com/company/arrowhead-pharmaceuticals/",
    "timestamp": "unknown"
  },
  {
    "title": "Privacy Policy",
    "link": "https://arrowheadpharma.com/privacy-policy/",
    "timestamp": "unknown"
  },
  {
    "title": "Terms of Use",
    "link": "https://arrowheadpharma.com/terms-of-use/",
    "timestamp": "unknown"
  },
  {
    "title": "Sitemap",
    "link": "https://arrowheadpharma.com/sitemap_index.xml",
    "timestamp": "unknown"
  },
  {
    "title": "Contact Us",
    "link": "https://arrowheadpharma.com/contact-us/",
    "timestamp": "unknown"
  }
]