[
  {
    "title": "InvestorsEvents & PresentationsFinancials & FilingsStock InformationInvestor FAQsContact UsNewsroomCareersJob OpeningsAreas of FocusCardiometabolicHyp",
    "link": "https://ir.arrowheadpharma.com/",
    "timestamp": "unknown"
  },
  {
    "title": "InvestorsEvents & PresentationsFinancials & FilingsStock InformationInvestor FAQsContact UsNewsroomCareersJob OpeningsAreas of FocusCardiometabolicHyp",
    "link": "https://ir.arrowheadpharma.com/",
    "timestamp": "unknown"
  },
  {
    "title": "InvestorsEvents & PresentationsFinancials & FilingsStock InformationInvestor FAQsContact UsNewsroomCareersJob Openings",
    "link": "https://ir.arrowheadpharma.com/",
    "timestamp": "unknown"
  },
  {
    "title": "InvestorsEvents & PresentationsFinancials & FilingsStock InformationInvestor FAQsContact UsNewsroomCareersJob Openings",
    "link": "https://ir.arrowheadpharma.com/",
    "timestamp": "unknown"
  },
  {
    "title": "InvestorsEvents & PresentationsFinancials & FilingsStock InformationInvestor FAQsContact Us",
    "link": "https://ir.arrowheadpharma.com/",
    "timestamp": "unknown"
  },
  {
    "title": "Events & Presentations",
    "link": "https://ir.arrowheadpharma.com/events-and-presentations",
    "timestamp": "unknown"
  },
  {
    "title": "Financials & Filings",
    "link": "https://ir.arrowheadpharma.com/financials-filings",
    "timestamp": "unknown"
  },
  {
    "title": "Stock Information",
    "link": "https://ir.arrowheadpharma.com/stock-information/stock-quote-chart",
    "timestamp": "unknown"
  },
  {
    "title": "Investor FAQs",
    "link": "https://ir.arrowheadpharma.com/investor-faqs",
    "timestamp": "unknown"
  },
  {
    "title": "Contact Us",
    "link": "https://ir.arrowheadpharma.com/contact-us",
    "timestamp": "unknown"
  },
  {
    "title": "Newsroom",
    "link": "https://arrowheadpharma.com/newsroom/",
    "timestamp": "unknown"
  },
  {
    "title": "CareersJob Openings",
    "link": "https://arrowheadpharma.com/careers/",
    "timestamp": "unknown"
  },
  {
    "title": "Job Openings",
    "link": "https://arrowheadpharma.com/careers/job-openings/",
    "timestamp": "unknown"
  },
  {
    "title": "Areas of FocusCardiometabolicHypertriglyceridemiaDyslipidemiaCardiovascular DiseasePulmonaryInflammatory Pulmonary DiseasesMuco-obstructiveIdiopathic ",
    "link": "https://arrowheadpharma.com/areas-of-focus/",
    "timestamp": "unknown"
  },
  {
    "title": "Cardiometabolic",
    "link": "https://ir.arrowheadpharma.com/events-and-presentations",
    "timestamp": "unknown"
  },
  {
    "title": "Hypertriglyceridemia",
    "link": "https://arrowheadpharma.com/areas-of-focus/hypertriglyceridemia/",
    "timestamp": "unknown"
  },
  {
    "title": "Dyslipidemia",
    "link": "https://arrowheadpharma.com/areas-of-focus/dyslipidemia/",
    "timestamp": "unknown"
  },
  {
    "title": "Cardiovascular Disease",
    "link": "https://arrowheadpharma.com/areas-of-focus/cardiovascular-disease/",
    "timestamp": "unknown"
  },
  {
    "title": "Pulmonary",
    "link": "https://ir.arrowheadpharma.com/events-and-presentations",
    "timestamp": "unknown"
  },
  {
    "title": "Inflammatory Pulmonary Diseases",
    "link": "https://arrowheadpharma.com/areas-of-focus/inflammatory/",
    "timestamp": "unknown"
  },
  {
    "title": "Muco-obstructive",
    "link": "https://arrowheadpharma.com/areas-of-focus/muco-obstructive/",
    "timestamp": "unknown"
  },
  {
    "title": "Idiopathic Pulmonary Fibrosis",
    "link": "https://arrowheadpharma.com/areas-of-focus/idiopathic-pulmonary-fibrosis/",
    "timestamp": "unknown"
  },
  {
    "title": "Our Medicines",
    "link": "https://arrowheadpharma.com/our-medicines/",
    "timestamp": "unknown"
  },
  {
    "title": "Pipeline",
    "link": "https://arrowheadpharma.com/pipeline/",
    "timestamp": "unknown"
  },
  {
    "title": "Science & InnovationPartnershipsPublicationsClinical Trials",
    "link": "https://arrowheadpharma.com/science-and-innovation/",
    "timestamp": "unknown"
  },
  {
    "title": "Partnerships",
    "link": "https://arrowheadpharma.com/science-innovation/partnerships/",
    "timestamp": "unknown"
  },
  {
    "title": "Publications",
    "link": "https://arrowheadpharma.com/science-innovation/publications/",
    "timestamp": "unknown"
  },
  {
    "title": "Clinical Trials",
    "link": "https://arrowheadpharma.com/science-innovation/clinical-trials/",
    "timestamp": "unknown"
  },
  {
    "title": "Patients & CaregiversWhat is RNAi?Patient Centricity & AdvocacyPatient StoriesFCS Patient InsightsExpanded Access Programs",
    "link": "https://arrowheadpharma.com/patients-caregivers/",
    "timestamp": "unknown"
  },
  {
    "title": "What is RNAi?",
    "link": "https://arrowheadpharma.com/patients-caregivers/what-is-rnai/",
    "timestamp": "unknown"
  },
  {
    "title": "Patient Centricity & Advocacy",
    "link": "https://arrowheadpharma.com/patients-caregivers/patient-centricity-advocacy/",
    "timestamp": "unknown"
  },
  {
    "title": "Patient Stories",
    "link": "https://arrowheadpharma.com/patients-caregivers/patient-stories/",
    "timestamp": "unknown"
  },
  {
    "title": "FCS Patient Insights",
    "link": "https://arrowheadpharma.com/wp-content/uploads///Spotlight-on-FCS.pdf",
    "timestamp": "unknown"
  },
  {
    "title": "Expanded Access Programs",
    "link": "https://arrowheadpharma.com/patients-caregivers/expanded-access-programs/",
    "timestamp": "unknown"
  },
  {
    "title": "AboutLeadership TeamCorporate Governance",
    "link": "https://arrowheadpharma.com/about/",
    "timestamp": "unknown"
  },
  {
    "title": "Leadership Team",
    "link": "https://arrowheadpharma.com/about/leadership-team/",
    "timestamp": "unknown"
  },
  {
    "title": "Corporate Governance",
    "link": "https://arrowheadpharma.com/about/corporate-governance/",
    "timestamp": "unknown"
  },
  {
    "title": "InvestorsEvents & PresentationsFinancials & FilingsStock InformationInvestor FAQsContact UsNewsroomCareersJob Openings",
    "link": "https://ir.arrowheadpharma.com/",
    "timestamp": "unknown"
  },
  {
    "title": "InvestorsEvents & PresentationsFinancials & FilingsStock InformationInvestor FAQsContact UsNewsroomCareersJob Openings",
    "link": "https://ir.arrowheadpharma.com/",
    "timestamp": "unknown"
  },
  {
    "title": "InvestorsEvents & PresentationsFinancials & FilingsStock InformationInvestor FAQsContact Us",
    "link": "https://ir.arrowheadpharma.com/",
    "timestamp": "unknown"
  },
  {
    "title": "Events & Presentations",
    "link": "https://ir.arrowheadpharma.com/events-and-presentations",
    "timestamp": "unknown"
  },
  {
    "title": "Financials & Filings",
    "link": "https://ir.arrowheadpharma.com/financials-filings",
    "timestamp": "unknown"
  },
  {
    "title": "Stock Information",
    "link": "https://ir.arrowheadpharma.com/stock-information/stock-quote-chart",
    "timestamp": "unknown"
  },
  {
    "title": "Investor FAQs",
    "link": "https://ir.arrowheadpharma.com/investor-faqs",
    "timestamp": "unknown"
  },
  {
    "title": "Contact Us",
    "link": "https://ir.arrowheadpharma.com/contact-us",
    "timestamp": "unknown"
  },
  {
    "title": "Newsroom",
    "link": "https://arrowheadpharma.com/newsroom/",
    "timestamp": "unknown"
  },
  {
    "title": "CareersJob Openings",
    "link": "https://arrowheadpharma.com/careers/",
    "timestamp": "unknown"
  },
  {
    "title": "Job Openings",
    "link": "https://arrowheadpharma.com/careers/job-openings/",
    "timestamp": "unknown"
  },
  {
    "title": "Home/Investors/Events & Presentations",
    "link": "https://arrowheadpharma.com/",
    "timestamp": "unknown"
  },
  {
    "title": "Corporate Presentation - April. MB",
    "link": "https://ir.arrowheadpharma.com/static-files/-232f-400a-bc0e-0fd4e2906fe8",
    "timestamp": "unknown"
  },
  {
    "title": "Corporate Presentation - April. MB",
    "link": "https://ir.arrowheadpharma.com/static-files/-232f-400a-bc0e-0fd4e2906fe8",
    "timestamp": "unknown"
  },
  {
    "title": "Corporate Presentation - April. MB",
    "link": "https://ir.arrowheadpharma.com/static-files/-232f-400a-bc0e-0fd4e2906fe8",
    "timestamp": "unknown"
  },
  {
    "title": "Corporate Presentation - April. MB",
    "link": "https://ir.arrowheadpharma.com/static-files/-232f-400a-bc0e-0fd4e2906fe8",
    "timestamp": "unknown"
  },
  {
    "title": "Corporate Presentation - April. MB",
    "link": "https://ir.arrowheadpharma.com/static-files/-232f-400a-bc0e-0fd4e2906fe8",
    "timestamp": "unknown"
  },
  {
    "title": "Corporate Presentation - April. MB",
    "link": "https://ir.arrowheadpharma.com/static-files/-232f-400a-bc0e-0fd4e2906fe8",
    "timestamp": "unknown"
  },
  {
    "title": "Corporate Presentation - April. MB",
    "link": "https://ir.arrowheadpharma.com/static-files/-232f-400a-bc0e-0fd4e2906fe8",
    "timestamp": "unknown"
  },
  {
    "title": "Upcoming EventsDateEvent DetailsRemind MeDec ,EST8th Annual Evercore Healthcare ConferenceListen to webcastAdd to OutlookAdd to Google CalendarDec  - ",
    "link": "https://ir.arrowheadpharma.com/events/event-details/8th-annual-evercore-healthcare-conference",
    "timestamp": "unknown"
  },
  {
    "title": "Upcoming EventsDateEvent DetailsRemind MeDec ,EST8th Annual Evercore Healthcare ConferenceListen to webcastAdd to OutlookAdd to Google CalendarDec  - ",
    "link": "https://ir.arrowheadpharma.com/events/event-details/8th-annual-evercore-healthcare-conference",
    "timestamp": "unknown"
  },
  {
    "title": "Upcoming EventsDateEvent DetailsRemind MeDec ,EST8th Annual Evercore Healthcare ConferenceListen to webcastAdd to OutlookAdd to Google CalendarDec  - ",
    "link": "https://ir.arrowheadpharma.com/events/event-details/8th-annual-evercore-healthcare-conference",
    "timestamp": "unknown"
  },
  {
    "title": "Upcoming EventsDateEvent DetailsRemind MeDec ,EST8th Annual Evercore Healthcare ConferenceListen to webcastAdd to OutlookAdd to Google CalendarDec  - ",
    "link": "https://ir.arrowheadpharma.com/events/event-details/8th-annual-evercore-healthcare-conference",
    "timestamp": "unknown"
  },
  {
    "title": "DateEvent DetailsRemind MeDec ,EST8th Annual Evercore Healthcare ConferenceListen to webcastAdd to OutlookAdd to Google CalendarDec  - Dec ,World Cong",
    "link": "https://ir.arrowheadpharma.com/events/event-details/8th-annual-evercore-healthcare-conference",
    "timestamp": "unknown"
  },
  {
    "title": "DateEvent DetailsRemind MeDec ,EST8th Annual Evercore Healthcare ConferenceListen to webcastAdd to OutlookAdd to Google CalendarDec  - Dec ,World Cong",
    "link": "https://ir.arrowheadpharma.com/events/event-details/8th-annual-evercore-healthcare-conference",
    "timestamp": "unknown"
  },
  {
    "title": "Dec ,EST8th Annual Evercore Healthcare ConferenceListen to webcastAdd to OutlookAdd to Google Calendar",
    "link": "https://ir.arrowheadpharma.com/events/event-details/8th-annual-evercore-healthcare-conference",
    "timestamp": "unknown"
  },
  {
    "title": "8th Annual Evercore Healthcare Conference",
    "link": "https://ir.arrowheadpharma.com/events/event-details/8th-annual-evercore-healthcare-conference",
    "timestamp": "unknown"
  },
  {
    "title": "8th Annual Evercore Healthcare Conference",
    "link": "https://ir.arrowheadpharma.com/events/event-details/8th-annual-evercore-healthcare-conference",
    "timestamp": "unknown"
  },
  {
    "title": "8th Annual Evercore Healthcare Conference",
    "link": "https://ir.arrowheadpharma.com/events/event-details/8th-annual-evercore-healthcare-conference",
    "timestamp": "unknown"
  },
  {
    "title": "Listen to webcast",
    "link": "https://wsw.com/webcast/evercore52/register.aspx?conf=evercore52&page=arwr&url=https%3A//wsw.com/webcast/evercore52/arwr/",
    "timestamp": "unknown"
  },
  {
    "title": "Listen to webcast",
    "link": "https://wsw.com/webcast/evercore52/register.aspx?conf=evercore52&page=arwr&url=https%3A//wsw.com/webcast/evercore52/arwr/",
    "timestamp": "unknown"
  },
  {
    "title": "Listen to webcast",
    "link": "https://wsw.com/webcast/evercore52/register.aspx?conf=evercore52&page=arwr&url=https%3A//wsw.com/webcast/evercore52/arwr/",
    "timestamp": "unknown"
  },
  {
    "title": "Add to OutlookAdd to Google Calendar",
    "link": "https://ir.arrowheadpharma.com/node//ics",
    "timestamp": "unknown"
  },
  {
    "title": "Add to Outlook",
    "link": "https://ir.arrowheadpharma.com/node//ics",
    "timestamp": "unknown"
  },
  {
    "title": "Add to Outlook",
    "link": "https://ir.arrowheadpharma.com/node//ics",
    "timestamp": "unknown"
  },
  {
    "title": "Add to Outlook",
    "link": "https://ir.arrowheadpharma.com/node//ics",
    "timestamp": "unknown"
  },
  {
    "title": "Add to Google Calendar",
    "link": "https://www.google.com/calendar/render?action=TEMPLATE&text=Arrowhead%20Pharmaceuticals%20Inc.%-%208th%20Annual%20Evercore%20Healthcare%20Conference%&dates=20251204T150000Z/20251204T150000Z&details=Event%20Details%3A%20https%3A//ir.arrowheadpharma.com/events/event-details/8th-annual-evercore-healthcare-conference%0A%0AWebcast%3A%20https%3A//wsw.com/webcast/evercore52/register.aspx%3Fconf%3Devercore52&page=arwr&url=https%3A//wsw.com/webcast/evercore52/arwr/&location=&trp=false&sprop=name%3A",
    "timestamp": "unknown"
  },
  {
    "title": "Add to Google Calendar",
    "link": "https://www.google.com/calendar/render?action=TEMPLATE&text=Arrowhead%20Pharmaceuticals%20Inc.%-%208th%20Annual%20Evercore%20Healthcare%20Conference%&dates=20251204T150000Z/20251204T150000Z&details=Event%20Details%3A%20https%3A//ir.arrowheadpharma.com/events/event-details/8th-annual-evercore-healthcare-conference%0A%0AWebcast%3A%20https%3A//wsw.com/webcast/evercore52/register.aspx%3Fconf%3Devercore52&page=arwr&url=https%3A//wsw.com/webcast/evercore52/arwr/&location=&trp=false&sprop=name%3A",
    "timestamp": "unknown"
  },
  {
    "title": "Add to Google Calendar",
    "link": "https://www.google.com/calendar/render?action=TEMPLATE&text=Arrowhead%20Pharmaceuticals%20Inc.%-%208th%20Annual%20Evercore%20Healthcare%20Conference%&dates=20251204T150000Z/20251204T150000Z&details=Event%20Details%3A%20https%3A//ir.arrowheadpharma.com/events/event-details/8th-annual-evercore-healthcare-conference%0A%0AWebcast%3A%20https%3A//wsw.com/webcast/evercore52/register.aspx%3Fconf%3Devercore52&page=arwr&url=https%3A//wsw.com/webcast/evercore52/arwr/&location=&trp=false&sprop=name%3A",
    "timestamp": "unknown"
  },
  {
    "title": "Dec  - Dec ,World Congress of Insulin Resistance, Diabetes and Cardiovascular Disease (WCIRDC)Title:Baseline Characteristics and Rationale of the SHAS",
    "link": "https://ir.arrowheadpharma.com/events/event-details/world-congress-insulin-resistance-diabetes-and-cardiovascular-disease-wcirdc",
    "timestamp": "unknown"
  },
  {
    "title": "World Congress of Insulin Resistance, Diabetes and Cardiovascular Disease (WCIRDC)",
    "link": "https://ir.arrowheadpharma.com/events/event-details/world-congress-insulin-resistance-diabetes-and-cardiovascular-disease-wcirdc",
    "timestamp": "unknown"
  },
  {
    "title": "World Congress of Insulin Resistance, Diabetes and Cardiovascular Disease (WCIRDC)",
    "link": "https://ir.arrowheadpharma.com/events/event-details/world-congress-insulin-resistance-diabetes-and-cardiovascular-disease-wcirdc",
    "timestamp": "unknown"
  },
  {
    "title": "World Congress of Insulin Resistance, Diabetes and Cardiovascular Disease (WCIRDC)",
    "link": "https://ir.arrowheadpharma.com/events/event-details/world-congress-insulin-resistance-diabetes-and-cardiovascular-disease-wcirdc",
    "timestamp": "unknown"
  },
  {
    "title": "WCIRDC  SHASTA  and  Baseline. KBWCIRDC  Recurrent AP. KBWCIRDC  Monte Carlo Simulation. KBWCIRDC  Plozasiran QOL. KBWCIRDC  PALISADE OLE. KB",
    "link": "https://ir.arrowheadpharma.com/static-files/e6a39635-1abf-49ad-85dd-956bf5ae41ad",
    "timestamp": "unknown"
  },
  {
    "title": "WCIRDC  SHASTA  and  Baseline. KBWCIRDC  Recurrent AP. KBWCIRDC  Monte Carlo Simulation. KBWCIRDC  Plozasiran QOL. KBWCIRDC  PALISADE OLE. KB",
    "link": "https://ir.arrowheadpharma.com/static-files/e6a39635-1abf-49ad-85dd-956bf5ae41ad",
    "timestamp": "unknown"
  },
  {
    "title": "WCIRDC  SHASTA  and  Baseline. KBWCIRDC  Recurrent AP. KBWCIRDC  Monte Carlo Simulation. KBWCIRDC  Plozasiran QOL. KBWCIRDC  PALISADE OLE. KB",
    "link": "https://ir.arrowheadpharma.com/static-files/e6a39635-1abf-49ad-85dd-956bf5ae41ad",
    "timestamp": "unknown"
  },
  {
    "title": "WCIRDC  SHASTA  and  Baseline. KB",
    "link": "https://ir.arrowheadpharma.com/static-files/e6a39635-1abf-49ad-85dd-956bf5ae41ad",
    "timestamp": "unknown"
  },
  {
    "title": "WCIRDC  SHASTA  and  Baseline. KB",
    "link": "https://ir.arrowheadpharma.com/static-files/e6a39635-1abf-49ad-85dd-956bf5ae41ad",
    "timestamp": "unknown"
  },
  {
    "title": "WCIRDC  SHASTA  and  Baseline. KB",
    "link": "https://ir.arrowheadpharma.com/static-files/e6a39635-1abf-49ad-85dd-956bf5ae41ad",
    "timestamp": "unknown"
  },
  {
    "title": "WCIRDC  SHASTA  and  Baseline. KB",
    "link": "https://ir.arrowheadpharma.com/static-files/e6a39635-1abf-49ad-85dd-956bf5ae41ad",
    "timestamp": "unknown"
  },
  {
    "title": "WCIRDC  SHASTA  and  Baseline. KB",
    "link": "https://ir.arrowheadpharma.com/static-files/e6a39635-1abf-49ad-85dd-956bf5ae41ad",
    "timestamp": "unknown"
  },
  {
    "title": "WCIRDC  SHASTA  and  Baseline. KB",
    "link": "https://ir.arrowheadpharma.com/static-files/e6a39635-1abf-49ad-85dd-956bf5ae41ad",
    "timestamp": "unknown"
  },
  {
    "title": "WCIRDC  SHASTA  and  Baseline. KB",
    "link": "https://ir.arrowheadpharma.com/static-files/e6a39635-1abf-49ad-85dd-956bf5ae41ad",
    "timestamp": "unknown"
  },
  {
    "title": "WCIRDC  Recurrent AP. KB",
    "link": "https://ir.arrowheadpharma.com/static-files/a63ba463-a867-452c-b5f3-64cf71b0a168",
    "timestamp": "unknown"
  },
  {
    "title": "WCIRDC  Recurrent AP. KB",
    "link": "https://ir.arrowheadpharma.com/static-files/a63ba463-a867-452c-b5f3-64cf71b0a168",
    "timestamp": "unknown"
  },
  {
    "title": "WCIRDC  Recurrent AP. KB",
    "link": "https://ir.arrowheadpharma.com/static-files/a63ba463-a867-452c-b5f3-64cf71b0a168",
    "timestamp": "unknown"
  },
  {
    "title": "WCIRDC  Recurrent AP. KB",
    "link": "https://ir.arrowheadpharma.com/static-files/a63ba463-a867-452c-b5f3-64cf71b0a168",
    "timestamp": "unknown"
  },
  {
    "title": "WCIRDC  Recurrent AP. KB",
    "link": "https://ir.arrowheadpharma.com/static-files/a63ba463-a867-452c-b5f3-64cf71b0a168",
    "timestamp": "unknown"
  },
  {
    "title": "WCIRDC  Recurrent AP. KB",
    "link": "https://ir.arrowheadpharma.com/static-files/a63ba463-a867-452c-b5f3-64cf71b0a168",
    "timestamp": "unknown"
  },
  {
    "title": "WCIRDC  Recurrent AP. KB",
    "link": "https://ir.arrowheadpharma.com/static-files/a63ba463-a867-452c-b5f3-64cf71b0a168",
    "timestamp": "unknown"
  },
  {
    "title": "WCIRDC  Monte Carlo Simulation. KB",
    "link": "https://ir.arrowheadpharma.com/static-files/a0dcc705--4fae-bdf2-03cc588c08da",
    "timestamp": "unknown"
  },
  {
    "title": "WCIRDC  Monte Carlo Simulation. KB",
    "link": "https://ir.arrowheadpharma.com/static-files/a0dcc705--4fae-bdf2-03cc588c08da",
    "timestamp": "unknown"
  },
  {
    "title": "WCIRDC  Monte Carlo Simulation. KB",
    "link": "https://ir.arrowheadpharma.com/static-files/a0dcc705--4fae-bdf2-03cc588c08da",
    "timestamp": "unknown"
  },
  {
    "title": "WCIRDC  Monte Carlo Simulation. KB",
    "link": "https://ir.arrowheadpharma.com/static-files/a0dcc705--4fae-bdf2-03cc588c08da",
    "timestamp": "unknown"
  },
  {
    "title": "WCIRDC  Monte Carlo Simulation. KB",
    "link": "https://ir.arrowheadpharma.com/static-files/a0dcc705--4fae-bdf2-03cc588c08da",
    "timestamp": "unknown"
  },
  {
    "title": "WCIRDC  Monte Carlo Simulation. KB",
    "link": "https://ir.arrowheadpharma.com/static-files/a0dcc705--4fae-bdf2-03cc588c08da",
    "timestamp": "unknown"
  },
  {
    "title": "WCIRDC  Monte Carlo Simulation. KB",
    "link": "https://ir.arrowheadpharma.com/static-files/a0dcc705--4fae-bdf2-03cc588c08da",
    "timestamp": "unknown"
  },
  {
    "title": "WCIRDC  Plozasiran QOL. KB",
    "link": "https://ir.arrowheadpharma.com/static-files/3247efb4-a04f-49bd--6932d359c182",
    "timestamp": "unknown"
  },
  {
    "title": "WCIRDC  Plozasiran QOL. KB",
    "link": "https://ir.arrowheadpharma.com/static-files/3247efb4-a04f-49bd--6932d359c182",
    "timestamp": "unknown"
  },
  {
    "title": "WCIRDC  Plozasiran QOL. KB",
    "link": "https://ir.arrowheadpharma.com/static-files/3247efb4-a04f-49bd--6932d359c182",
    "timestamp": "unknown"
  },
  {
    "title": "WCIRDC  Plozasiran QOL. KB",
    "link": "https://ir.arrowheadpharma.com/static-files/3247efb4-a04f-49bd--6932d359c182",
    "timestamp": "unknown"
  },
  {
    "title": "WCIRDC  Plozasiran QOL. KB",
    "link": "https://ir.arrowheadpharma.com/static-files/3247efb4-a04f-49bd--6932d359c182",
    "timestamp": "unknown"
  },
  {
    "title": "WCIRDC  Plozasiran QOL. KB",
    "link": "https://ir.arrowheadpharma.com/static-files/3247efb4-a04f-49bd--6932d359c182",
    "timestamp": "unknown"
  },
  {
    "title": "WCIRDC  Plozasiran QOL. KB",
    "link": "https://ir.arrowheadpharma.com/static-files/3247efb4-a04f-49bd--6932d359c182",
    "timestamp": "unknown"
  },
  {
    "title": "WCIRDC  PALISADE OLE. KB",
    "link": "https://ir.arrowheadpharma.com/static-files/27854fa4-1b06-4ecb--4abc26ca4891",
    "timestamp": "unknown"
  },
  {
    "title": "WCIRDC  PALISADE OLE. KB",
    "link": "https://ir.arrowheadpharma.com/static-files/27854fa4-1b06-4ecb--4abc26ca4891",
    "timestamp": "unknown"
  },
  {
    "title": "WCIRDC  PALISADE OLE. KB",
    "link": "https://ir.arrowheadpharma.com/static-files/27854fa4-1b06-4ecb--4abc26ca4891",
    "timestamp": "unknown"
  },
  {
    "title": "WCIRDC  PALISADE OLE. KB",
    "link": "https://ir.arrowheadpharma.com/static-files/27854fa4-1b06-4ecb--4abc26ca4891",
    "timestamp": "unknown"
  },
  {
    "title": "WCIRDC  PALISADE OLE. KB",
    "link": "https://ir.arrowheadpharma.com/static-files/27854fa4-1b06-4ecb--4abc26ca4891",
    "timestamp": "unknown"
  },
  {
    "title": "WCIRDC  PALISADE OLE. KB",
    "link": "https://ir.arrowheadpharma.com/static-files/27854fa4-1b06-4ecb--4abc26ca4891",
    "timestamp": "unknown"
  },
  {
    "title": "WCIRDC  PALISADE OLE. KB",
    "link": "https://ir.arrowheadpharma.com/static-files/27854fa4-1b06-4ecb--4abc26ca4891",
    "timestamp": "unknown"
  },
  {
    "title": "Add to OutlookAdd to Google Calendar",
    "link": "https://ir.arrowheadpharma.com/node//ics",
    "timestamp": "unknown"
  },
  {
    "title": "Add to Outlook",
    "link": "https://ir.arrowheadpharma.com/node//ics",
    "timestamp": "unknown"
  },
  {
    "title": "Add to Outlook",
    "link": "https://ir.arrowheadpharma.com/node//ics",
    "timestamp": "unknown"
  },
  {
    "title": "Add to Outlook",
    "link": "https://ir.arrowheadpharma.com/node//ics",
    "timestamp": "unknown"
  },
  {
    "title": "Add to Google Calendar",
    "link": "https://www.google.com/calendar/render?action=TEMPLATE&text=Arrowhead%20Pharmaceuticals%20Inc.%-%20World%20Congress%20of%20Insulin%20Resistance%2C%20Diabetes%20and%20Cardiovascular%20Disease%%28WCIRDC%%&dates=20251204T170000Z/20251206T050000Z&details=Event%20Details%3A%20https%3A//ir.arrowheadpharma.com/events/event-details/world-congress-insulin-resistance-diabetes-and-cardiovascular-disease-wcirdc&location=&trp=false&sprop=name%3A",
    "timestamp": "unknown"
  },
  {
    "title": "Add to Google Calendar",
    "link": "https://www.google.com/calendar/render?action=TEMPLATE&text=Arrowhead%20Pharmaceuticals%20Inc.%-%20World%20Congress%20of%20Insulin%20Resistance%2C%20Diabetes%20and%20Cardiovascular%20Disease%%28WCIRDC%%&dates=20251204T170000Z/20251206T050000Z&details=Event%20Details%3A%20https%3A//ir.arrowheadpharma.com/events/event-details/world-congress-insulin-resistance-diabetes-and-cardiovascular-disease-wcirdc&location=&trp=false&sprop=name%3A",
    "timestamp": "unknown"
  },
  {
    "title": "Add to Google Calendar",
    "link": "https://www.google.com/calendar/render?action=TEMPLATE&text=Arrowhead%20Pharmaceuticals%20Inc.%-%20World%20Congress%20of%20Insulin%20Resistance%2C%20Diabetes%20and%20Cardiovascular%20Disease%%28WCIRDC%%&dates=20251204T170000Z/20251206T050000Z&details=Event%20Details%3A%20https%3A//ir.arrowheadpharma.com/events/event-details/world-congress-insulin-resistance-diabetes-and-cardiovascular-disease-wcirdc&location=&trp=false&sprop=name%3A",
    "timestamp": "unknown"
  },
  {
    "title": "Dec  - Dec ,7th Annual CNS Delivery SummitTitle:TRiMTMplatform for subcutaneous delivery of siRNA to Central Nervous SystemDate/Time: December , ,  ES",
    "link": "https://ir.arrowheadpharma.com/events/event-details/7th-annual-cns-delivery-summit",
    "timestamp": "unknown"
  },
  {
    "title": "7th Annual CNS Delivery Summit",
    "link": "https://ir.arrowheadpharma.com/events/event-details/7th-annual-cns-delivery-summit",
    "timestamp": "unknown"
  },
  {
    "title": "7th Annual CNS Delivery Summit",
    "link": "https://ir.arrowheadpharma.com/events/event-details/7th-annual-cns-delivery-summit",
    "timestamp": "unknown"
  },
  {
    "title": "7th Annual CNS Delivery Summit",
    "link": "https://ir.arrowheadpharma.com/events/event-details/7th-annual-cns-delivery-summit",
    "timestamp": "unknown"
  },
  {
    "title": "Add to OutlookAdd to Google Calendar",
    "link": "https://ir.arrowheadpharma.com/node//ics",
    "timestamp": "unknown"
  },
  {
    "title": "Add to Outlook",
    "link": "https://ir.arrowheadpharma.com/node//ics",
    "timestamp": "unknown"
  },
  {
    "title": "Add to Outlook",
    "link": "https://ir.arrowheadpharma.com/node//ics",
    "timestamp": "unknown"
  },
  {
    "title": "Add to Outlook",
    "link": "https://ir.arrowheadpharma.com/node//ics",
    "timestamp": "unknown"
  },
  {
    "title": "Add to Google Calendar",
    "link": "https://www.google.com/calendar/render?action=TEMPLATE&text=Arrowhead%20Pharmaceuticals%20Inc.%-%207th%20Annual%20CNS%20Delivery%20Summit%&dates=20251209T050000Z/20251211T050000Z&details=Event%20Details%3A%20https%3A//ir.arrowheadpharma.com/events/event-details/7th-annual-cns-delivery-summit&location=&trp=false&sprop=name%3A",
    "timestamp": "unknown"
  },
  {
    "title": "Add to Google Calendar",
    "link": "https://www.google.com/calendar/render?action=TEMPLATE&text=Arrowhead%20Pharmaceuticals%20Inc.%-%207th%20Annual%20CNS%20Delivery%20Summit%&dates=20251209T050000Z/20251211T050000Z&details=Event%20Details%3A%20https%3A//ir.arrowheadpharma.com/events/event-details/7th-annual-cns-delivery-summit&location=&trp=false&sprop=name%3A",
    "timestamp": "unknown"
  },
  {
    "title": "Add to Google Calendar",
    "link": "https://www.google.com/calendar/render?action=TEMPLATE&text=Arrowhead%20Pharmaceuticals%20Inc.%-%207th%20Annual%20CNS%20Delivery%20Summit%&dates=20251209T050000Z/20251211T050000Z&details=Event%20Details%3A%20https%3A//ir.arrowheadpharma.com/events/event-details/7th-annual-cns-delivery-summit&location=&trp=false&sprop=name%3A",
    "timestamp": "unknown"
  },
  {
    "title": "Dec ,ESTPiper Sandler 37th Annual Healthcare ConferenceListen to webcast",
    "link": "https://ir.arrowheadpharma.com/events/event-details/piper-sandler-37th-annual-healthcare-conference",
    "timestamp": "unknown"
  },
  {
    "title": "Piper Sandler 37th Annual Healthcare Conference",
    "link": "https://ir.arrowheadpharma.com/events/event-details/piper-sandler-37th-annual-healthcare-conference",
    "timestamp": "unknown"
  },
  {
    "title": "Piper Sandler 37th Annual Healthcare Conference",
    "link": "https://ir.arrowheadpharma.com/events/event-details/piper-sandler-37th-annual-healthcare-conference",
    "timestamp": "unknown"
  },
  {
    "title": "Piper Sandler 37th Annual Healthcare Conference",
    "link": "https://ir.arrowheadpharma.com/events/event-details/piper-sandler-37th-annual-healthcare-conference",
    "timestamp": "unknown"
  },
  {
    "title": "Listen to webcast",
    "link": "https://event.webcasts.com/starthere.jsp?ei=&tp_key=742b79bc3d",
    "timestamp": "unknown"
  },
  {
    "title": "Listen to webcast",
    "link": "https://event.webcasts.com/starthere.jsp?ei=&tp_key=742b79bc3d",
    "timestamp": "unknown"
  },
  {
    "title": "Listen to webcast",
    "link": "https://event.webcasts.com/starthere.jsp?ei=&tp_key=742b79bc3d",
    "timestamp": "unknown"
  },
  {
    "title": "Nov ,ESTArrowhead Pharmaceuticals  Fourth Quarter ResultsListen to webcastQ4  Prepared Remarks. KB",
    "link": "https://ir.arrowheadpharma.com/events/event-details/arrowhead-pharmaceuticals--fourth-quarter-results",
    "timestamp": "unknown"
  },
  {
    "title": "Arrowhead Pharmaceuticals  Fourth Quarter Results",
    "link": "https://ir.arrowheadpharma.com/events/event-details/arrowhead-pharmaceuticals--fourth-quarter-results",
    "timestamp": "unknown"
  },
  {
    "title": "Arrowhead Pharmaceuticals  Fourth Quarter Results",
    "link": "https://ir.arrowheadpharma.com/events/event-details/arrowhead-pharmaceuticals--fourth-quarter-results",
    "timestamp": "unknown"
  },
  {
    "title": "Arrowhead Pharmaceuticals  Fourth Quarter Results",
    "link": "https://ir.arrowheadpharma.com/events/event-details/arrowhead-pharmaceuticals--fourth-quarter-results",
    "timestamp": "unknown"
  },
  {
    "title": "Listen to webcast",
    "link": "https://edge.media-server.com/mmc/p/umpt3aqc/",
    "timestamp": "unknown"
  },
  {
    "title": "Listen to webcast",
    "link": "https://edge.media-server.com/mmc/p/umpt3aqc/",
    "timestamp": "unknown"
  },
  {
    "title": "Listen to webcast",
    "link": "https://edge.media-server.com/mmc/p/umpt3aqc/",
    "timestamp": "unknown"
  },
  {
    "title": "Q4  Prepared Remarks. KB",
    "link": "https://ir.arrowheadpharma.com/static-files/e4f430c9-d2ab-4b37-b188-bc036bdd86b3",
    "timestamp": "unknown"
  },
  {
    "title": "Q4  Prepared Remarks. KB",
    "link": "https://ir.arrowheadpharma.com/static-files/e4f430c9-d2ab-4b37-b188-bc036bdd86b3",
    "timestamp": "unknown"
  },
  {
    "title": "Q4  Prepared Remarks. KB",
    "link": "https://ir.arrowheadpharma.com/static-files/e4f430c9-d2ab-4b37-b188-bc036bdd86b3",
    "timestamp": "unknown"
  },
  {
    "title": "Q4  Prepared Remarks. KB",
    "link": "https://ir.arrowheadpharma.com/static-files/e4f430c9-d2ab-4b37-b188-bc036bdd86b3",
    "timestamp": "unknown"
  },
  {
    "title": "Q4  Prepared Remarks. KB",
    "link": "https://ir.arrowheadpharma.com/static-files/e4f430c9-d2ab-4b37-b188-bc036bdd86b3",
    "timestamp": "unknown"
  },
  {
    "title": "Q4  Prepared Remarks. KB",
    "link": "https://ir.arrowheadpharma.com/static-files/e4f430c9-d2ab-4b37-b188-bc036bdd86b3",
    "timestamp": "unknown"
  },
  {
    "title": "Q4  Prepared Remarks. KB",
    "link": "https://ir.arrowheadpharma.com/static-files/e4f430c9-d2ab-4b37-b188-bc036bdd86b3",
    "timestamp": "unknown"
  },
  {
    "title": "Q4  Prepared Remarks. KB",
    "link": "https://ir.arrowheadpharma.com/static-files/e4f430c9-d2ab-4b37-b188-bc036bdd86b3",
    "timestamp": "unknown"
  },
  {
    "title": "Q4  Prepared Remarks. KB",
    "link": "https://ir.arrowheadpharma.com/static-files/e4f430c9-d2ab-4b37-b188-bc036bdd86b3",
    "timestamp": "unknown"
  },
  {
    "title": "Q4  Prepared Remarks. KB",
    "link": "https://ir.arrowheadpharma.com/static-files/e4f430c9-d2ab-4b37-b188-bc036bdd86b3",
    "timestamp": "unknown"
  },
  {
    "title": "Nov ,ESTTD Cowen&#;s Virtual Treatment Advancements in Obesity & Related DisordersListen to webcast",
    "link": "https://ir.arrowheadpharma.com/events/event-details/td-cowens-virtual-treatment-advancements-obesity-related-disorders",
    "timestamp": "unknown"
  },
  {
    "title": "TD Cowen&#;s Virtual Treatment Advancements in Obesity & Related Disorders",
    "link": "https://ir.arrowheadpharma.com/events/event-details/td-cowens-virtual-treatment-advancements-obesity-related-disorders",
    "timestamp": "unknown"
  },
  {
    "title": "TD Cowen&#;s Virtual Treatment Advancements in Obesity & Related Disorders",
    "link": "https://ir.arrowheadpharma.com/events/event-details/td-cowens-virtual-treatment-advancements-obesity-related-disorders",
    "timestamp": "unknown"
  },
  {
    "title": "TD Cowen&#;s Virtual Treatment Advancements in Obesity & Related Disorders",
    "link": "https://ir.arrowheadpharma.com/events/event-details/td-cowens-virtual-treatment-advancements-obesity-related-disorders",
    "timestamp": "unknown"
  },
  {
    "title": "Listen to webcast",
    "link": "https://wsw.com/webcast/cowen186/register.aspx?conf=cowen186&page=arwr&url=https%3A//wsw.com/webcast/cowen186/arwr/",
    "timestamp": "unknown"
  },
  {
    "title": "Listen to webcast",
    "link": "https://wsw.com/webcast/cowen186/register.aspx?conf=cowen186&page=arwr&url=https%3A//wsw.com/webcast/cowen186/arwr/",
    "timestamp": "unknown"
  },
  {
    "title": "Listen to webcast",
    "link": "https://wsw.com/webcast/cowen186/register.aspx?conf=cowen186&page=arwr&url=https%3A//wsw.com/webcast/cowen186/arwr/",
    "timestamp": "unknown"
  },
  {
    "title": "Nov ,ESTJefferies Global Healthcare ConferenceListen to webcast",
    "link": "https://ir.arrowheadpharma.com/events/event-details/jefferies-global-healthcare-conference-",
    "timestamp": "unknown"
  },
  {
    "title": "Jefferies Global Healthcare Conference",
    "link": "https://ir.arrowheadpharma.com/events/event-details/jefferies-global-healthcare-conference-",
    "timestamp": "unknown"
  },
  {
    "title": "Jefferies Global Healthcare Conference",
    "link": "https://ir.arrowheadpharma.com/events/event-details/jefferies-global-healthcare-conference-",
    "timestamp": "unknown"
  },
  {
    "title": "Jefferies Global Healthcare Conference",
    "link": "https://ir.arrowheadpharma.com/events/event-details/jefferies-global-healthcare-conference-",
    "timestamp": "unknown"
  },
  {
    "title": "Listen to webcast",
    "link": "https://wsw.com/webcast/jeff332/register.aspx?conf=jeff332&page=arwr&url=https%3A//wsw.com/webcast/jeff332/arwr/",
    "timestamp": "unknown"
  },
  {
    "title": "Listen to webcast",
    "link": "https://wsw.com/webcast/jeff332/register.aspx?conf=jeff332&page=arwr&url=https%3A//wsw.com/webcast/jeff332/arwr/",
    "timestamp": "unknown"
  },
  {
    "title": "Listen to webcast",
    "link": "https://wsw.com/webcast/jeff332/register.aspx?conf=jeff332&page=arwr&url=https%3A//wsw.com/webcast/jeff332/arwr/",
    "timestamp": "unknown"
  },
  {
    "title": "Nov ,ESTREDEMPLO\u00ae (plozasiran) FDA Approval Conference CallListen to webcastView Presentation. MB",
    "link": "https://ir.arrowheadpharma.com/events/event-details/redemplor-plozasiran-fda-approval-conference-call",
    "timestamp": "unknown"
  },
  {
    "title": "REDEMPLO\u00ae (plozasiran) FDA Approval Conference Call",
    "link": "https://ir.arrowheadpharma.com/events/event-details/redemplor-plozasiran-fda-approval-conference-call",
    "timestamp": "unknown"
  },
  {
    "title": "REDEMPLO\u00ae (plozasiran) FDA Approval Conference Call",
    "link": "https://ir.arrowheadpharma.com/events/event-details/redemplor-plozasiran-fda-approval-conference-call",
    "timestamp": "unknown"
  },
  {
    "title": "REDEMPLO\u00ae (plozasiran) FDA Approval Conference Call",
    "link": "https://ir.arrowheadpharma.com/events/event-details/redemplor-plozasiran-fda-approval-conference-call",
    "timestamp": "unknown"
  },
  {
    "title": "Listen to webcast",
    "link": "https://lifescievents.com/event/pqcw0g5u/",
    "timestamp": "unknown"
  },
  {
    "title": "Listen to webcast",
    "link": "https://lifescievents.com/event/pqcw0g5u/",
    "timestamp": "unknown"
  },
  {
    "title": "Listen to webcast",
    "link": "https://lifescievents.com/event/pqcw0g5u/",
    "timestamp": "unknown"
  },
  {
    "title": "View Presentation. MB",
    "link": "https://ir.arrowheadpharma.com/static-files/281fb439-ad42-4e18-a87f-75be0b91fce6",
    "timestamp": "unknown"
  },
  {
    "title": "View Presentation. MB",
    "link": "https://ir.arrowheadpharma.com/static-files/281fb439-ad42-4e18-a87f-75be0b91fce6",
    "timestamp": "unknown"
  },
  {
    "title": "View Presentation. MB",
    "link": "https://ir.arrowheadpharma.com/static-files/281fb439-ad42-4e18-a87f-75be0b91fce6",
    "timestamp": "unknown"
  },
  {
    "title": "View Presentation. MB",
    "link": "https://ir.arrowheadpharma.com/static-files/281fb439-ad42-4e18-a87f-75be0b91fce6",
    "timestamp": "unknown"
  },
  {
    "title": "View Presentation. MB",
    "link": "https://ir.arrowheadpharma.com/static-files/281fb439-ad42-4e18-a87f-75be0b91fce6",
    "timestamp": "unknown"
  },
  {
    "title": "View Presentation. MB",
    "link": "https://ir.arrowheadpharma.com/static-files/281fb439-ad42-4e18-a87f-75be0b91fce6",
    "timestamp": "unknown"
  },
  {
    "title": "View Presentation. MB",
    "link": "https://ir.arrowheadpharma.com/static-files/281fb439-ad42-4e18-a87f-75be0b91fce6",
    "timestamp": "unknown"
  },
  {
    "title": "View Presentation. MB",
    "link": "https://ir.arrowheadpharma.com/static-files/281fb439-ad42-4e18-a87f-75be0b91fce6",
    "timestamp": "unknown"
  },
  {
    "title": "View Presentation. MB",
    "link": "https://ir.arrowheadpharma.com/static-files/281fb439-ad42-4e18-a87f-75be0b91fce6",
    "timestamp": "unknown"
  },
  {
    "title": "View Presentation. MB",
    "link": "https://ir.arrowheadpharma.com/static-files/281fb439-ad42-4e18-a87f-75be0b91fce6",
    "timestamp": "unknown"
  },
  {
    "title": "Sep ,AEST30th International Complement Workshop (ICW )Title:Safety, Tolerability, Pharmacokinetics and Pharmacodynamics of ARO-CFB, an Investigational",
    "link": "https://ir.arrowheadpharma.com/events/event-details/30th-international-complement-workshop-icw-",
    "timestamp": "unknown"
  },
  {
    "title": "30th International Complement Workshop (ICW )",
    "link": "https://ir.arrowheadpharma.com/events/event-details/30th-international-complement-workshop-icw-",
    "timestamp": "unknown"
  },
  {
    "title": "30th International Complement Workshop (ICW )",
    "link": "https://ir.arrowheadpharma.com/events/event-details/30th-international-complement-workshop-icw-",
    "timestamp": "unknown"
  },
  {
    "title": "30th International Complement Workshop (ICW )",
    "link": "https://ir.arrowheadpharma.com/events/event-details/30th-international-complement-workshop-icw-",
    "timestamp": "unknown"
  },
  {
    "title": "View PresentationKB",
    "link": "https://ir.arrowheadpharma.com/static-files/0223c92a-daaa-42c5--af23658a15fe",
    "timestamp": "unknown"
  },
  {
    "title": "View PresentationKB",
    "link": "https://ir.arrowheadpharma.com/static-files/0223c92a-daaa-42c5--af23658a15fe",
    "timestamp": "unknown"
  },
  {
    "title": "View PresentationKB",
    "link": "https://ir.arrowheadpharma.com/static-files/0223c92a-daaa-42c5--af23658a15fe",
    "timestamp": "unknown"
  },
  {
    "title": "View PresentationKB",
    "link": "https://ir.arrowheadpharma.com/static-files/0223c92a-daaa-42c5--af23658a15fe",
    "timestamp": "unknown"
  },
  {
    "title": "View PresentationKB",
    "link": "https://ir.arrowheadpharma.com/static-files/0223c92a-daaa-42c5--af23658a15fe",
    "timestamp": "unknown"
  },
  {
    "title": "View PresentationKB",
    "link": "https://ir.arrowheadpharma.com/static-files/0223c92a-daaa-42c5--af23658a15fe",
    "timestamp": "unknown"
  },
  {
    "title": "View PresentationKB",
    "link": "https://ir.arrowheadpharma.com/static-files/0223c92a-daaa-42c5--af23658a15fe",
    "timestamp": "unknown"
  },
  {
    "title": "View PresentationKB",
    "link": "https://ir.arrowheadpharma.com/static-files/0223c92a-daaa-42c5--af23658a15fe",
    "timestamp": "unknown"
  },
  {
    "title": "View PresentationKB",
    "link": "https://ir.arrowheadpharma.com/static-files/0223c92a-daaa-42c5--af23658a15fe",
    "timestamp": "unknown"
  },
  {
    "title": "View PresentationKB",
    "link": "https://ir.arrowheadpharma.com/static-files/0223c92a-daaa-42c5--af23658a15fe",
    "timestamp": "unknown"
  },
  {
    "title": "Sep ,EDTObesity Science & InnovationTitle:Exploring siRNA Combinations for Enhanced Therapeutic Benefits in ObesityPresenter name: Michelle Ngai\nSessi",
    "link": "https://ir.arrowheadpharma.com/events/event-details/obesity-science-innovation",
    "timestamp": "unknown"
  },
  {
    "title": "Obesity Science & Innovation",
    "link": "https://ir.arrowheadpharma.com/events/event-details/obesity-science-innovation",
    "timestamp": "unknown"
  },
  {
    "title": "Obesity Science & Innovation",
    "link": "https://ir.arrowheadpharma.com/events/event-details/obesity-science-innovation",
    "timestamp": "unknown"
  },
  {
    "title": "Obesity Science & Innovation",
    "link": "https://ir.arrowheadpharma.com/events/event-details/obesity-science-innovation",
    "timestamp": "unknown"
  },
  {
    "title": "View Presentation. MB",
    "link": "https://ir.arrowheadpharma.com/static-files/838240d1-2d11-4c51-ba84-f92d3de24fdf",
    "timestamp": "unknown"
  },
  {
    "title": "View Presentation. MB",
    "link": "https://ir.arrowheadpharma.com/static-files/838240d1-2d11-4c51-ba84-f92d3de24fdf",
    "timestamp": "unknown"
  },
  {
    "title": "View Presentation. MB",
    "link": "https://ir.arrowheadpharma.com/static-files/838240d1-2d11-4c51-ba84-f92d3de24fdf",
    "timestamp": "unknown"
  },
  {
    "title": "View Presentation. MB",
    "link": "https://ir.arrowheadpharma.com/static-files/838240d1-2d11-4c51-ba84-f92d3de24fdf",
    "timestamp": "unknown"
  },
  {
    "title": "View Presentation. MB",
    "link": "https://ir.arrowheadpharma.com/static-files/838240d1-2d11-4c51-ba84-f92d3de24fdf",
    "timestamp": "unknown"
  },
  {
    "title": "View Presentation. MB",
    "link": "https://ir.arrowheadpharma.com/static-files/838240d1-2d11-4c51-ba84-f92d3de24fdf",
    "timestamp": "unknown"
  },
  {
    "title": "View Presentation. MB",
    "link": "https://ir.arrowheadpharma.com/static-files/838240d1-2d11-4c51-ba84-f92d3de24fdf",
    "timestamp": "unknown"
  },
  {
    "title": "View Presentation. MB",
    "link": "https://ir.arrowheadpharma.com/static-files/838240d1-2d11-4c51-ba84-f92d3de24fdf",
    "timestamp": "unknown"
  },
  {
    "title": "View Presentation. MB",
    "link": "https://ir.arrowheadpharma.com/static-files/838240d1-2d11-4c51-ba84-f92d3de24fdf",
    "timestamp": "unknown"
  },
  {
    "title": "View Presentation. MB",
    "link": "https://ir.arrowheadpharma.com/static-files/838240d1-2d11-4c51-ba84-f92d3de24fdf",
    "timestamp": "unknown"
  },
  {
    "title": "Sep ,EDTRNA Leaders USA CongressView PresentationMB",
    "link": "https://ir.arrowheadpharma.com/events/event-details/rna-leaders-usa-congress-",
    "timestamp": "unknown"
  },
  {
    "title": "RNA Leaders USA Congress",
    "link": "https://ir.arrowheadpharma.com/events/event-details/rna-leaders-usa-congress-",
    "timestamp": "unknown"
  },
  {
    "title": "RNA Leaders USA Congress",
    "link": "https://ir.arrowheadpharma.com/events/event-details/rna-leaders-usa-congress-",
    "timestamp": "unknown"
  },
  {
    "title": "RNA Leaders USA Congress",
    "link": "https://ir.arrowheadpharma.com/events/event-details/rna-leaders-usa-congress-",
    "timestamp": "unknown"
  },
  {
    "title": "View PresentationMB",
    "link": "https://ir.arrowheadpharma.com/static-files/16629e9f-4cbf-4c34-a39d-f64a88f4a6d5",
    "timestamp": "unknown"
  },
  {
    "title": "View PresentationMB",
    "link": "https://ir.arrowheadpharma.com/static-files/16629e9f-4cbf-4c34-a39d-f64a88f4a6d5",
    "timestamp": "unknown"
  },
  {
    "title": "View PresentationMB",
    "link": "https://ir.arrowheadpharma.com/static-files/16629e9f-4cbf-4c34-a39d-f64a88f4a6d5",
    "timestamp": "unknown"
  },
  {
    "title": "View PresentationMB",
    "link": "https://ir.arrowheadpharma.com/static-files/16629e9f-4cbf-4c34-a39d-f64a88f4a6d5",
    "timestamp": "unknown"
  },
  {
    "title": "View PresentationMB",
    "link": "https://ir.arrowheadpharma.com/static-files/16629e9f-4cbf-4c34-a39d-f64a88f4a6d5",
    "timestamp": "unknown"
  },
  {
    "title": "View PresentationMB",
    "link": "https://ir.arrowheadpharma.com/static-files/16629e9f-4cbf-4c34-a39d-f64a88f4a6d5",
    "timestamp": "unknown"
  },
  {
    "title": "View PresentationMB",
    "link": "https://ir.arrowheadpharma.com/static-files/16629e9f-4cbf-4c34-a39d-f64a88f4a6d5",
    "timestamp": "unknown"
  },
  {
    "title": "View PresentationMB",
    "link": "https://ir.arrowheadpharma.com/static-files/16629e9f-4cbf-4c34-a39d-f64a88f4a6d5",
    "timestamp": "unknown"
  },
  {
    "title": "View PresentationMB",
    "link": "https://ir.arrowheadpharma.com/static-files/16629e9f-4cbf-4c34-a39d-f64a88f4a6d5",
    "timestamp": "unknown"
  },
  {
    "title": "View PresentationMB",
    "link": "https://ir.arrowheadpharma.com/static-files/16629e9f-4cbf-4c34-a39d-f64a88f4a6d5",
    "timestamp": "unknown"
  },
  {
    "title": "Sep ,EDTMorgan Stanley 23rd Annual Global Healthcare ConferenceListen to webcast",
    "link": "https://ir.arrowheadpharma.com/events/event-details/morgan-stanley-23rd-annual-global-healthcare-conference",
    "timestamp": "unknown"
  },
  {
    "title": "Morgan Stanley 23rd Annual Global Healthcare Conference",
    "link": "https://ir.arrowheadpharma.com/events/event-details/morgan-stanley-23rd-annual-global-healthcare-conference",
    "timestamp": "unknown"
  },
  {
    "title": "Morgan Stanley 23rd Annual Global Healthcare Conference",
    "link": "https://ir.arrowheadpharma.com/events/event-details/morgan-stanley-23rd-annual-global-healthcare-conference",
    "timestamp": "unknown"
  },
  {
    "title": "Morgan Stanley 23rd Annual Global Healthcare Conference",
    "link": "https://ir.arrowheadpharma.com/events/event-details/morgan-stanley-23rd-annual-global-healthcare-conference",
    "timestamp": "unknown"
  },
  {
    "title": "Listen to webcast",
    "link": "https://event.webcasts.com/starthere.jsp?ei=&tp_key=30f0f66163&tp_special=",
    "timestamp": "unknown"
  },
  {
    "title": "Listen to webcast",
    "link": "https://event.webcasts.com/starthere.jsp?ei=&tp_key=30f0f66163&tp_special=",
    "timestamp": "unknown"
  },
  {
    "title": "Listen to webcast",
    "link": "https://event.webcasts.com/starthere.jsp?ei=&tp_key=30f0f66163&tp_special=",
    "timestamp": "unknown"
  },
  {
    "title": "Sep ,EDTH.C. Wainwright 27th Annual Global Investment ConferenceListen to webcast",
    "link": "https://ir.arrowheadpharma.com/events/event-details/hc-wainwright-27th-annual-global-investment-conference",
    "timestamp": "unknown"
  },
  {
    "title": "H.C. Wainwright 27th Annual Global Investment Conference",
    "link": "https://ir.arrowheadpharma.com/events/event-details/hc-wainwright-27th-annual-global-investment-conference",
    "timestamp": "unknown"
  },
  {
    "title": "H.C. Wainwright 27th Annual Global Investment Conference",
    "link": "https://ir.arrowheadpharma.com/events/event-details/hc-wainwright-27th-annual-global-investment-conference",
    "timestamp": "unknown"
  },
  {
    "title": "H.C. Wainwright 27th Annual Global Investment Conference",
    "link": "https://ir.arrowheadpharma.com/events/event-details/hc-wainwright-27th-annual-global-investment-conference",
    "timestamp": "unknown"
  },
  {
    "title": "Listen to webcast",
    "link": "https://journey.ct.events/view/d8293fde-344e-4a04-a800-0ae2006596c1",
    "timestamp": "unknown"
  },
  {
    "title": "Listen to webcast",
    "link": "https://journey.ct.events/view/d8293fde-344e-4a04-a800-0ae2006596c1",
    "timestamp": "unknown"
  },
  {
    "title": "Listen to webcast",
    "link": "https://journey.ct.events/view/d8293fde-344e-4a04-a800-0ae2006596c1",
    "timestamp": "unknown"
  },
  {
    "title": "Sep ,EDTCantor Global Healthcare ConferenceListen to webcast",
    "link": "https://ir.arrowheadpharma.com/events/event-details/cantor-global-healthcare-conference-",
    "timestamp": "unknown"
  },
  {
    "title": "Cantor Global Healthcare Conference",
    "link": "https://ir.arrowheadpharma.com/events/event-details/cantor-global-healthcare-conference-",
    "timestamp": "unknown"
  },
  {
    "title": "Cantor Global Healthcare Conference",
    "link": "https://ir.arrowheadpharma.com/events/event-details/cantor-global-healthcare-conference-",
    "timestamp": "unknown"
  },
  {
    "title": "Cantor Global Healthcare Conference",
    "link": "https://ir.arrowheadpharma.com/events/event-details/cantor-global-healthcare-conference-",
    "timestamp": "unknown"
  },
  {
    "title": "Listen to webcast",
    "link": "https://sqps.onstreamsecure.com/origin/enliven/players/EnlivenPlayer.html?customerId=&eventId=&checkCompany=&checkEmail=&checkName=",
    "timestamp": "unknown"
  },
  {
    "title": "Listen to webcast",
    "link": "https://sqps.onstreamsecure.com/origin/enliven/players/EnlivenPlayer.html?customerId=&eventId=&checkCompany=&checkEmail=&checkName=",
    "timestamp": "unknown"
  },
  {
    "title": "Listen to webcast",
    "link": "https://sqps.onstreamsecure.com/origin/enliven/players/EnlivenPlayer.html?customerId=&eventId=&checkCompany=&checkEmail=&checkName=",
    "timestamp": "unknown"
  }
]