[
  {
    "title": "HomeScientific R&DResearch AbilityPipelineNews ActivityNews CenterAbout UsAbout CreaternaOur CultureContact UsPvJoin UsCareersRecruitmentCNCNHomeScien",
    "link": "https://www.createrna.com/en",
    "timestamp": "unknown"
  },
  {
    "title": "HomeScientific R&DResearch AbilityPipelineNews ActivityNews CenterAbout UsAbout CreaternaOur CultureContact UsPvJoin UsCareersRecruitmentCN",
    "link": "https://www.createrna.com/en",
    "timestamp": "unknown"
  },
  {
    "title": "HomeScientific R&DResearch AbilityPipelineNews ActivityNews CenterAbout UsAbout CreaternaOur CultureContact UsPvJoin UsCareersRecruitmentCN",
    "link": "https://www.createrna.com/en",
    "timestamp": "unknown"
  },
  {
    "title": "HomeScientific R&DResearch AbilityPipelineNews ActivityNews CenterAbout UsAbout CreaternaOur CultureContact UsPvJoin UsCareersRecruitmentCN",
    "link": "https://www.createrna.com/en",
    "timestamp": "unknown"
  },
  {
    "title": "HomeScientific R&DResearch AbilityPipelineNews ActivityNews CenterAbout UsAbout CreaternaOur CultureContact UsPvJoin UsCareersRecruitment",
    "link": "https://www.createrna.com/en",
    "timestamp": "unknown"
  },
  {
    "title": "Home",
    "link": "https://www.createrna.com/en",
    "timestamp": "unknown"
  },
  {
    "title": "Scientific R&DResearch AbilityPipeline",
    "link": "https://www.createrna.com/en/research-and-development/research-capabilities",
    "timestamp": "unknown"
  },
  {
    "title": "Research AbilityPipeline",
    "link": "https://www.createrna.com/en/research-and-development/research-capabilities",
    "timestamp": "unknown"
  },
  {
    "title": "Research Ability",
    "link": "https://www.createrna.com/en/research-and-development/research-capabilities",
    "timestamp": "unknown"
  },
  {
    "title": "Pipeline",
    "link": "https://www.createrna.com/en/research-and-development/pipeline",
    "timestamp": "unknown"
  },
  {
    "title": "News ActivityNews Center",
    "link": "https://www.createrna.com/en/news-activity/news-center/news",
    "timestamp": "unknown"
  },
  {
    "title": "News Center",
    "link": "https://www.createrna.com/en/news-activity/news-center/news",
    "timestamp": "unknown"
  },
  {
    "title": "News Center",
    "link": "https://www.createrna.com/en/news-activity/news-center/news",
    "timestamp": "unknown"
  },
  {
    "title": "About UsAbout CreaternaOur CultureContact UsPv",
    "link": "https://www.createrna.com/en/about-us/about-lang-lai",
    "timestamp": "unknown"
  },
  {
    "title": "About CreaternaOur CultureContact UsPv",
    "link": "https://www.createrna.com/en/about-us/about-lang-lai",
    "timestamp": "unknown"
  },
  {
    "title": "About Createrna",
    "link": "https://www.createrna.com/en/about-us/about-lang-lai",
    "timestamp": "unknown"
  },
  {
    "title": "Our Culture",
    "link": "https://www.createrna.com/en/about-us/our-culture",
    "timestamp": "unknown"
  },
  {
    "title": "Contact Us",
    "link": "https://www.createrna.com/en/about-us/contact-us",
    "timestamp": "unknown"
  },
  {
    "title": "Pv",
    "link": "https://www.createrna.com/en/about-us/pv",
    "timestamp": "unknown"
  },
  {
    "title": "Join UsCareersRecruitment",
    "link": "https://www.createrna.com/en/join-us/careers",
    "timestamp": "unknown"
  },
  {
    "title": "CareersRecruitment",
    "link": "https://www.createrna.com/en/join-us/careers",
    "timestamp": "unknown"
  },
  {
    "title": "Careers",
    "link": "https://www.createrna.com/en/join-us/careers",
    "timestamp": "unknown"
  },
  {
    "title": "Recruitment",
    "link": "https://www.createrna.com/en/join-us/recruitment",
    "timestamp": "unknown"
  },
  {
    "title": "CN",
    "link": "https://www.createrna.com/",
    "timestamp": "unknown"
  },
  {
    "title": "CN",
    "link": "https://www.createrna.com/",
    "timestamp": "unknown"
  },
  {
    "title": "CNHomeScientific R&DResearch AbilityPipelineNews ActivityNews CenterNewsAbout UsAbout CreaternaCompany IntroductionDevelopment courseManagement TeamHo",
    "link": "https://www.createrna.com/en",
    "timestamp": "unknown"
  },
  {
    "title": "CN",
    "link": "https://www.createrna.com/en",
    "timestamp": "unknown"
  },
  {
    "title": "CN",
    "link": "https://www.createrna.com/",
    "timestamp": "unknown"
  },
  {
    "title": "CN",
    "link": "https://www.createrna.com/",
    "timestamp": "unknown"
  },
  {
    "title": "HomeScientific R&DResearch AbilityPipelineNews ActivityNews CenterNewsAbout UsAbout CreaternaCompany IntroductionDevelopment courseManagement TeamHono",
    "link": "https://www.createrna.com/en",
    "timestamp": "unknown"
  },
  {
    "title": "HomeScientific R&DResearch AbilityPipelineNews ActivityNews CenterNewsAbout UsAbout CreaternaCompany IntroductionDevelopment courseManagement TeamHono",
    "link": "https://www.createrna.com/en",
    "timestamp": "unknown"
  },
  {
    "title": "Home",
    "link": "https://www.createrna.com/en",
    "timestamp": "unknown"
  },
  {
    "title": "Home",
    "link": "https://www.createrna.com/en",
    "timestamp": "unknown"
  },
  {
    "title": "Scientific R&DResearch AbilityPipeline",
    "link": "https://www.createrna.com/en/research-and-development/research-capabilities",
    "timestamp": "unknown"
  },
  {
    "title": "Scientific R&D",
    "link": "https://www.createrna.com/en/research-and-development/research-capabilities",
    "timestamp": "unknown"
  },
  {
    "title": "Research Ability",
    "link": "https://www.createrna.com/en/research-and-development/research-capabilities",
    "timestamp": "unknown"
  },
  {
    "title": "Research Ability",
    "link": "https://www.createrna.com/en/research-and-development/research-capabilities",
    "timestamp": "unknown"
  },
  {
    "title": "Pipeline",
    "link": "https://www.createrna.com/en/research-and-development/pipeline",
    "timestamp": "unknown"
  },
  {
    "title": "Pipeline",
    "link": "https://www.createrna.com/en/research-and-development/pipeline",
    "timestamp": "unknown"
  },
  {
    "title": "News ActivityNews CenterNews",
    "link": "https://www.createrna.com/en/news-activity/news-center/news",
    "timestamp": "unknown"
  },
  {
    "title": "News Activity",
    "link": "https://www.createrna.com/en/news-activity/news-center/news",
    "timestamp": "unknown"
  },
  {
    "title": "News CenterNews",
    "link": "https://www.createrna.com/en/news-activity/news-center/news",
    "timestamp": "unknown"
  },
  {
    "title": "News Center",
    "link": "https://www.createrna.com/en/news-activity/news-center/news",
    "timestamp": "unknown"
  },
  {
    "title": "News",
    "link": "https://www.createrna.com/en/news-activity/news-center/news",
    "timestamp": "unknown"
  },
  {
    "title": "News",
    "link": "https://www.createrna.com/en/news-activity/news-center/news",
    "timestamp": "unknown"
  },
  {
    "title": "About UsAbout CreaternaCompany IntroductionDevelopment courseManagement TeamHonor and QualificationPartnerOur CultureContact UsPv",
    "link": "https://www.createrna.com/en/about-us/about-lang-lai",
    "timestamp": "unknown"
  },
  {
    "title": "About Us",
    "link": "https://www.createrna.com/en/about-us/about-lang-lai",
    "timestamp": "unknown"
  },
  {
    "title": "About CreaternaCompany IntroductionDevelopment courseManagement TeamHonor and QualificationPartner",
    "link": "https://www.createrna.com/en/about-us/about-lang-lai",
    "timestamp": "unknown"
  },
  {
    "title": "About Createrna",
    "link": "https://www.createrna.com/en/about-us/about-lang-lai",
    "timestamp": "unknown"
  },
  {
    "title": "Company Introduction",
    "link": "https://www.createrna.com/en/about-us/about-lang-lai?tp=",
    "timestamp": "unknown"
  },
  {
    "title": "Company Introduction",
    "link": "https://www.createrna.com/en/about-us/about-lang-lai?tp=",
    "timestamp": "unknown"
  },
  {
    "title": "Development course",
    "link": "https://www.createrna.com/en/about-us/about-lang-lai?tp=",
    "timestamp": "unknown"
  },
  {
    "title": "Development course",
    "link": "https://www.createrna.com/en/about-us/about-lang-lai?tp=",
    "timestamp": "unknown"
  },
  {
    "title": "Management Team",
    "link": "https://www.createrna.com/en/about-us/about-lang-lai?tp=",
    "timestamp": "unknown"
  },
  {
    "title": "Management Team",
    "link": "https://www.createrna.com/en/about-us/about-lang-lai?tp=",
    "timestamp": "unknown"
  },
  {
    "title": "Honor and Qualification",
    "link": "https://www.createrna.com/en/about-us/about-lang-lai?tp=",
    "timestamp": "unknown"
  },
  {
    "title": "Honor and Qualification",
    "link": "https://www.createrna.com/en/about-us/about-lang-lai?tp=",
    "timestamp": "unknown"
  },
  {
    "title": "Partner",
    "link": "https://www.createrna.com/en/about-us/about-lang-lai?tp=",
    "timestamp": "unknown"
  },
  {
    "title": "Partner",
    "link": "https://www.createrna.com/en/about-us/about-lang-lai?tp=",
    "timestamp": "unknown"
  },
  {
    "title": "Our Culture",
    "link": "https://www.createrna.com/en/about-us/our-culture",
    "timestamp": "unknown"
  },
  {
    "title": "Our Culture",
    "link": "https://www.createrna.com/en/about-us/our-culture",
    "timestamp": "unknown"
  },
  {
    "title": "Contact Us",
    "link": "https://www.createrna.com/en/about-us/contact-us",
    "timestamp": "unknown"
  },
  {
    "title": "Contact Us",
    "link": "https://www.createrna.com/en/about-us/contact-us",
    "timestamp": "unknown"
  },
  {
    "title": "Pv",
    "link": "https://www.createrna.com/en/about-us/pv",
    "timestamp": "unknown"
  },
  {
    "title": "Pv",
    "link": "https://www.createrna.com/en/about-us/pv",
    "timestamp": "unknown"
  },
  {
    "title": "Join UsCareersRecruitment",
    "link": "https://www.createrna.com/en/join-us/careers",
    "timestamp": "unknown"
  },
  {
    "title": "Join Us",
    "link": "https://www.createrna.com/en/join-us/careers",
    "timestamp": "unknown"
  },
  {
    "title": "Careers",
    "link": "https://www.createrna.com/en/join-us/careers",
    "timestamp": "unknown"
  },
  {
    "title": "Careers",
    "link": "https://www.createrna.com/en/join-us/careers",
    "timestamp": "unknown"
  },
  {
    "title": "Recruitment",
    "link": "https://www.createrna.com/en/join-us/recruitment",
    "timestamp": "unknown"
  },
  {
    "title": "Recruitment",
    "link": "https://www.createrna.com/en/join-us/recruitment",
    "timestamp": "unknown"
  },
  {
    "title": "News ActivityNews CenterNewsNews Center",
    "link": "https://www.createrna.com/en",
    "timestamp": "unknown"
  },
  {
    "title": "News ActivityNews CenterNewsNews Center",
    "link": "https://www.createrna.com/en",
    "timestamp": "unknown"
  },
  {
    "title": "News ActivityNews CenterNewsNews Center",
    "link": "https://www.createrna.com/en",
    "timestamp": "unknown"
  },
  {
    "title": "News Activity",
    "link": "https://www.createrna.com/en/news-activity/news-center/news",
    "timestamp": "unknown"
  },
  {
    "title": "News Center",
    "link": "https://www.createrna.com/en/news-activity/news-center/news",
    "timestamp": "unknown"
  },
  {
    "title": "News",
    "link": "https://www.createrna.com/en/news-activity/news-center/news",
    "timestamp": "unknown"
  },
  {
    "title": "NewsCreaterna Receives Capital Injection from Well-known Investment InstitutionsCreaterna Announces Completion of Series A Financing at Its Strategic ",
    "link": "https://www.createrna.com/en/news-activity/news-center/news",
    "timestamp": "unknown"
  },
  {
    "title": "NewsCreaterna Receives Capital Injection from Well-known Investment InstitutionsCreaterna Announces Completion of Series A Financing at Its Strategic ",
    "link": "https://www.createrna.com/en/news-activity/news-center/news",
    "timestamp": "unknown"
  },
  {
    "title": "NewsCreaterna Receives Capital Injection from Well-known Investment InstitutionsCreaterna Announces Completion of Series A Financing at Its Strategic ",
    "link": "https://www.createrna.com/en/news-activity/news-center/news",
    "timestamp": "unknown"
  },
  {
    "title": "News",
    "link": "https://www.createrna.com/en/news-activity/news-center/news",
    "timestamp": "unknown"
  },
  {
    "title": "Createrna Receives Capital Injection from Well-known Investment InstitutionsCreaterna Announces Completion of Series A Financing at Its Strategic Inve",
    "link": "https://www.createrna.com/en/news-activity/news-center/news/",
    "timestamp": "unknown"
  },
  {
    "title": "Createrna Receives Capital Injection from Well-known Investment Institutions",
    "link": "https://www.createrna.com/en/news-activity/news-center/news/",
    "timestamp": "unknown"
  },
  {
    "title": "Createrna Announces Completion of Series A Financing at Its Strategic Investment Press Conference in Wuhan",
    "link": "https://www.createrna.com/en/news-activity/news-center/news/",
    "timestamp": "unknown"
  },
  {
    "title": "MY004567 tablets was approved by the FDA US. for clinical trials implied",
    "link": "https://www.createrna.com/en/news-activity/news-center/news/",
    "timestamp": "unknown"
  },
  {
    "title": "The application for clinical trial of MY008211A tablet was officially accepted by the State Food and Drug Administration",
    "link": "https://www.createrna.com/en/news-activity/news-center/news/",
    "timestamp": "unknown"
  },
  {
    "title": "MY004567 tablets was clinically approved by FDS",
    "link": "https://www.createrna.com/en/news-activity/news-center/news/",
    "timestamp": "unknown"
  },
  {
    "title": "Createrna was invited to participate in the Chinese Pharmaceutical Innovation Investment Forum",
    "link": "https://www.createrna.com/en/news-activity/news-center/news/",
    "timestamp": "unknown"
  },
  {
    "title": "Scientific R&DResearch AbilityPipelineNews ActivityNews CenterAbout UsAbout CreaternaOur CultureContact UsPvJoin UsCareersRecruitmentCopyright \u00a9  Wuha",
    "link": "https://www.createrna.com/en",
    "timestamp": "unknown"
  },
  {
    "title": "Scientific R&DResearch AbilityPipelineNews ActivityNews CenterAbout UsAbout CreaternaOur CultureContact UsPvJoin UsCareersRecruitment",
    "link": "https://www.createrna.com/en",
    "timestamp": "unknown"
  },
  {
    "title": "Scientific R&DResearch AbilityPipelineNews ActivityNews CenterAbout UsAbout CreaternaOur CultureContact UsPvJoin UsCareersRecruitment",
    "link": "https://www.createrna.com/en",
    "timestamp": "unknown"
  },
  {
    "title": "Scientific R&DResearch AbilityPipelineNews ActivityNews CenterAbout UsAbout CreaternaOur CultureContact UsPvJoin UsCareersRecruitment",
    "link": "https://www.createrna.com/en",
    "timestamp": "unknown"
  },
  {
    "title": "Scientific R&DResearch AbilityPipelineNews ActivityNews CenterAbout UsAbout CreaternaOur CultureContact UsPvJoin UsCareersRecruitment",
    "link": "https://www.createrna.com/research-and-development/research-capabilities",
    "timestamp": "unknown"
  },
  {
    "title": "Scientific R&DResearch AbilityPipeline",
    "link": "https://www.createrna.com/research-and-development/research-capabilities",
    "timestamp": "unknown"
  },
  {
    "title": "Scientific R&D",
    "link": "https://www.createrna.com/research-and-development/research-capabilities",
    "timestamp": "unknown"
  },
  {
    "title": "Research AbilityPipeline",
    "link": "https://www.createrna.com/research-and-development/research-capabilities",
    "timestamp": "unknown"
  },
  {
    "title": "Research Ability",
    "link": "https://www.createrna.com/research-and-development/research-capabilities",
    "timestamp": "unknown"
  },
  {
    "title": "Pipeline",
    "link": "https://www.createrna.com/research-and-development/pipeline",
    "timestamp": "unknown"
  },
  {
    "title": "News ActivityNews Center",
    "link": "https://www.createrna.com/news-activity/news-center/news",
    "timestamp": "unknown"
  },
  {
    "title": "News Activity",
    "link": "https://www.createrna.com/news-activity/news-center/news",
    "timestamp": "unknown"
  },
  {
    "title": "News Center",
    "link": "https://www.createrna.com/news-activity/news-center/news",
    "timestamp": "unknown"
  },
  {
    "title": "News Center",
    "link": "https://www.createrna.com/news-activity/news-center/news",
    "timestamp": "unknown"
  },
  {
    "title": "About UsAbout CreaternaOur CultureContact UsPv",
    "link": "https://www.createrna.com/about-us/about-lang-lai",
    "timestamp": "unknown"
  },
  {
    "title": "About Us",
    "link": "https://www.createrna.com/about-us/about-lang-lai",
    "timestamp": "unknown"
  },
  {
    "title": "About CreaternaOur CultureContact UsPv",
    "link": "https://www.createrna.com/about-us/about-lang-lai",
    "timestamp": "unknown"
  },
  {
    "title": "About Createrna",
    "link": "https://www.createrna.com/about-us/about-lang-lai",
    "timestamp": "unknown"
  },
  {
    "title": "Our Culture",
    "link": "https://www.createrna.com/about-us/our-culture",
    "timestamp": "unknown"
  },
  {
    "title": "Contact Us",
    "link": "https://www.createrna.com/about-us/contact-us",
    "timestamp": "unknown"
  },
  {
    "title": "Pv",
    "link": "https://www.createrna.com/about-us/pv",
    "timestamp": "unknown"
  },
  {
    "title": "Join UsCareersRecruitment",
    "link": "https://www.createrna.com/join-us/careers",
    "timestamp": "unknown"
  },
  {
    "title": "Join Us",
    "link": "https://www.createrna.com/join-us/careers",
    "timestamp": "unknown"
  },
  {
    "title": "CareersRecruitment",
    "link": "https://www.createrna.com/join-us/careers",
    "timestamp": "unknown"
  },
  {
    "title": "Careers",
    "link": "https://www.createrna.com/join-us/careers",
    "timestamp": "unknown"
  },
  {
    "title": "Recruitment",
    "link": "https://www.createrna.com/join-us/recruitment",
    "timestamp": "unknown"
  },
  {
    "title": "Copyright \u00a9  Wuhan Createrna Science and Technology Co.,Ltd. \uff5cICP:-Powered by YongsyPrivacy ClauseWebsite Map",
    "link": "https://beian.miit.gov.cn/",
    "timestamp": "unknown"
  },
  {
    "title": "Copyright \u00a9  Wuhan Createrna Science and Technology Co.,Ltd. \uff5cICP:-Powered by YongsyPrivacy ClauseWebsite Map",
    "link": "https://beian.miit.gov.cn/",
    "timestamp": "unknown"
  },
  {
    "title": "Copyright \u00a9  Wuhan Createrna Science and Technology Co.,Ltd. \uff5cICP:-Powered by Yongsy",
    "link": "https://beian.miit.gov.cn/",
    "timestamp": "unknown"
  },
  {
    "title": "Copyright \u00a9  Wuhan Createrna Science and Technology Co.,Ltd. \uff5cICP:-Powered by Yongsy",
    "link": "https://beian.miit.gov.cn/",
    "timestamp": "unknown"
  },
  {
    "title": "Privacy ClauseWebsite Map",
    "link": "https://www.createrna.com/en/privacy",
    "timestamp": "unknown"
  }
]