[
  {
    "title": "About UsProfile & MissionOur StrategyBoard of DirectorsManagement TeamCompany HistoryOur ProductsCommercial ProductsPipeline ProductsInternational Par",
    "link": "https://www.cumberlandpharma.com/",
    "timestamp": "unknown"
  },
  {
    "title": "About UsProfile & MissionOur StrategyBoard of DirectorsManagement TeamCompany HistoryOur ProductsCommercial ProductsPipeline ProductsInternational Par",
    "link": "https://www.cumberlandpharma.com/",
    "timestamp": "unknown"
  },
  {
    "title": "About UsProfile & MissionOur StrategyBoard of DirectorsManagement TeamCompany HistoryOur ProductsCommercial ProductsPipeline ProductsInternational Par",
    "link": "https://www.cumberlandpharma.com/",
    "timestamp": "unknown"
  },
  {
    "title": "About UsProfile & MissionOur StrategyBoard of DirectorsManagement TeamCompany HistoryOur ProductsCommercial ProductsPipeline ProductsInternational Par",
    "link": "https://www.cumberlandpharma.com/",
    "timestamp": "unknown"
  },
  {
    "title": "About UsProfile & MissionOur StrategyBoard of DirectorsManagement TeamCompany HistoryOur ProductsCommercial ProductsPipeline ProductsInternational Par",
    "link": "https://www.cumberlandpharma.com/profile-mission/",
    "timestamp": "unknown"
  },
  {
    "title": "About UsProfile & MissionOur StrategyBoard of DirectorsManagement TeamCompany HistoryOur ProductsCommercial ProductsPipeline ProductsInternational Par",
    "link": "https://www.cumberlandpharma.com/profile-mission/",
    "timestamp": "unknown"
  },
  {
    "title": "About UsProfile & MissionOur StrategyBoard of DirectorsManagement TeamCompany HistoryOur ProductsCommercial ProductsPipeline ProductsInternational Par",
    "link": "https://www.cumberlandpharma.com/profile-mission/",
    "timestamp": "unknown"
  },
  {
    "title": "About UsProfile & MissionOur StrategyBoard of DirectorsManagement TeamCompany History",
    "link": "https://www.cumberlandpharma.com/profile-mission/",
    "timestamp": "unknown"
  },
  {
    "title": "Profile & Mission",
    "link": "https://www.cumberlandpharma.com/profile-mission/",
    "timestamp": "unknown"
  },
  {
    "title": "Our Strategy",
    "link": "https://www.cumberlandpharma.com/our-strategy/",
    "timestamp": "unknown"
  },
  {
    "title": "Board of Directors",
    "link": "https://www.cumberlandpharma.com/board-of-directors/",
    "timestamp": "unknown"
  },
  {
    "title": "Management Team",
    "link": "https://www.cumberlandpharma.com/managment-team/",
    "timestamp": "unknown"
  },
  {
    "title": "Company History",
    "link": "https://www.cumberlandpharma.com/history/",
    "timestamp": "unknown"
  },
  {
    "title": "Our ProductsCommercial ProductsPipeline ProductsInternational Partners",
    "link": "https://www.cumberlandpharma.com/our-products",
    "timestamp": "unknown"
  },
  {
    "title": "Commercial Products",
    "link": "https://www.cumberlandpharma.com/commercial-products",
    "timestamp": "unknown"
  },
  {
    "title": "Pipeline Products",
    "link": "https://www.cumberlandpharma.com/pipeline-products",
    "timestamp": "unknown"
  },
  {
    "title": "International Partners",
    "link": "https://www.cumberlandpharma.com/international-partners",
    "timestamp": "unknown"
  },
  {
    "title": "Investor RelationsOverviewCorporate UpdateCorporate GovernanceCommittee CompositionContact the BoardStock InformationHistoric Price LookupOwnership Pr",
    "link": "https://investor.cumberlandpharma.com/investor-relations",
    "timestamp": "unknown"
  },
  {
    "title": "Overview",
    "link": "https://investor.cumberlandpharma.com/investor-relations",
    "timestamp": "unknown"
  },
  {
    "title": "Corporate Update",
    "link": "https://investor.cumberlandpharma.com/corporate-update",
    "timestamp": "unknown"
  },
  {
    "title": "Corporate GovernanceCommittee CompositionContact the Board",
    "link": "https://investor.cumberlandpharma.com/corporate-governance/governance-overview",
    "timestamp": "unknown"
  },
  {
    "title": "Committee Composition",
    "link": "https://investor.cumberlandpharma.com/corporate-governance/committee-composition",
    "timestamp": "unknown"
  },
  {
    "title": "Contact the Board",
    "link": "https://investor.cumberlandpharma.com/corporate-governance/contact-the-board",
    "timestamp": "unknown"
  },
  {
    "title": "Stock InformationHistoric Price LookupOwnership Profile",
    "link": "https://investor.cumberlandpharma.com/stock/stock-information",
    "timestamp": "unknown"
  },
  {
    "title": "Historic Price Lookup",
    "link": "https://investor.cumberlandpharma.com/stock/historic-price-lookup",
    "timestamp": "unknown"
  },
  {
    "title": "Ownership Profile",
    "link": "https://investor.cumberlandpharma.com/stock/ownership-profile",
    "timestamp": "unknown"
  },
  {
    "title": "Financial InformationSEC FilingsAnnual ReportsQuarterly ResultsKey Ratios",
    "link": "https://investor.cumberlandpharma.com/financials/financial-information",
    "timestamp": "unknown"
  },
  {
    "title": "SEC Filings",
    "link": "https://investor.cumberlandpharma.com/financials/sec-filings",
    "timestamp": "unknown"
  },
  {
    "title": "Annual Reports",
    "link": "https://investor.cumberlandpharma.com/financials/annual-reports",
    "timestamp": "unknown"
  },
  {
    "title": "Quarterly Results",
    "link": "https://investor.cumberlandpharma.com/financials/quarterly-results",
    "timestamp": "unknown"
  },
  {
    "title": "Key Ratios",
    "link": "https://investor.cumberlandpharma.com/financials/key-ratios",
    "timestamp": "unknown"
  },
  {
    "title": "Earnings Calls & Presentations",
    "link": "https://investor.cumberlandpharma.com/events-presentations",
    "timestamp": "unknown"
  },
  {
    "title": "Investor FAQs",
    "link": "https://investor.cumberlandpharma.com/investor-faqs",
    "timestamp": "unknown"
  },
  {
    "title": "Press Releases",
    "link": "https://investor.cumberlandpharma.com/press-releases",
    "timestamp": "unknown"
  },
  {
    "title": "Contact Investor Relations",
    "link": "https://investor.cumberlandpharma.com/contact-us",
    "timestamp": "unknown"
  },
  {
    "title": "News",
    "link": "https://www.cumberlandpharma.com/news/",
    "timestamp": "unknown"
  },
  {
    "title": "Cumberland Emerging Technologies",
    "link": "https://www.cumberlandpharma.com/cumberland-emerging-technologies",
    "timestamp": "unknown"
  },
  {
    "title": "Blog",
    "link": "https://www.cumberlandpharma.com/blog",
    "timestamp": "unknown"
  },
  {
    "title": "About UsProfile & MissionOur StrategyBoard of DirectorsManagement TeamCompany History",
    "link": "https://www.cumberlandpharma.com/profile-mission/",
    "timestamp": "unknown"
  },
  {
    "title": "Profile & Mission",
    "link": "https://www.cumberlandpharma.com/profile-mission/",
    "timestamp": "unknown"
  },
  {
    "title": "Our Strategy",
    "link": "https://www.cumberlandpharma.com/our-strategy/",
    "timestamp": "unknown"
  },
  {
    "title": "Board of Directors",
    "link": "https://www.cumberlandpharma.com/board-of-directors/",
    "timestamp": "unknown"
  },
  {
    "title": "Management Team",
    "link": "https://www.cumberlandpharma.com/managment-team/",
    "timestamp": "unknown"
  },
  {
    "title": "Company History",
    "link": "https://www.cumberlandpharma.com/history/",
    "timestamp": "unknown"
  },
  {
    "title": "Our ProductsCommercial ProductsPipeline ProductsInternational Partners",
    "link": "https://www.cumberlandpharma.com/our-products",
    "timestamp": "unknown"
  },
  {
    "title": "Commercial Products",
    "link": "https://www.cumberlandpharma.com/commercial-products",
    "timestamp": "unknown"
  },
  {
    "title": "Pipeline Products",
    "link": "https://www.cumberlandpharma.com/pipeline-products",
    "timestamp": "unknown"
  },
  {
    "title": "International Partners",
    "link": "https://www.cumberlandpharma.com/international-partners",
    "timestamp": "unknown"
  },
  {
    "title": "Investor RelationsOverviewCorporate UpdateCorporate GovernanceCommittee CompositionContact the BoardStock InformationHistoric Price LookupOwnership Pr",
    "link": "https://investor.cumberlandpharma.com/investor-relations",
    "timestamp": "unknown"
  },
  {
    "title": "Overview",
    "link": "https://investor.cumberlandpharma.com/investor-relations",
    "timestamp": "unknown"
  },
  {
    "title": "Corporate Update",
    "link": "https://investor.cumberlandpharma.com/corporate-update",
    "timestamp": "unknown"
  },
  {
    "title": "Corporate GovernanceCommittee CompositionContact the Board",
    "link": "https://investor.cumberlandpharma.com/corporate-governance/governance-overview",
    "timestamp": "unknown"
  },
  {
    "title": "Committee Composition",
    "link": "https://investor.cumberlandpharma.com/corporate-governance/committee-composition",
    "timestamp": "unknown"
  },
  {
    "title": "Contact the Board",
    "link": "https://investor.cumberlandpharma.com/corporate-governance/contact-the-board",
    "timestamp": "unknown"
  },
  {
    "title": "Stock InformationHistoric Price LookupOwnership Profile",
    "link": "https://investor.cumberlandpharma.com/stock/stock-information",
    "timestamp": "unknown"
  },
  {
    "title": "Historic Price Lookup",
    "link": "https://investor.cumberlandpharma.com/stock/historic-price-lookup",
    "timestamp": "unknown"
  },
  {
    "title": "Ownership Profile",
    "link": "https://investor.cumberlandpharma.com/stock/ownership-profile",
    "timestamp": "unknown"
  },
  {
    "title": "Financial InformationSEC FilingsAnnual ReportsQuarterly ResultsKey Ratios",
    "link": "https://investor.cumberlandpharma.com/financials/financial-information",
    "timestamp": "unknown"
  },
  {
    "title": "SEC Filings",
    "link": "https://investor.cumberlandpharma.com/financials/sec-filings",
    "timestamp": "unknown"
  },
  {
    "title": "Annual Reports",
    "link": "https://investor.cumberlandpharma.com/financials/annual-reports",
    "timestamp": "unknown"
  },
  {
    "title": "Quarterly Results",
    "link": "https://investor.cumberlandpharma.com/financials/quarterly-results",
    "timestamp": "unknown"
  },
  {
    "title": "Key Ratios",
    "link": "https://investor.cumberlandpharma.com/financials/key-ratios",
    "timestamp": "unknown"
  },
  {
    "title": "Earnings Calls & Presentations",
    "link": "https://investor.cumberlandpharma.com/events-presentations",
    "timestamp": "unknown"
  },
  {
    "title": "Investor FAQs",
    "link": "https://investor.cumberlandpharma.com/investor-faqs",
    "timestamp": "unknown"
  },
  {
    "title": "Press Releases",
    "link": "https://investor.cumberlandpharma.com/press-releases",
    "timestamp": "unknown"
  },
  {
    "title": "Contact Investor Relations",
    "link": "https://investor.cumberlandpharma.com/contact-us",
    "timestamp": "unknown"
  },
  {
    "title": "News",
    "link": "https://www.cumberlandpharma.com/news/",
    "timestamp": "unknown"
  },
  {
    "title": "Cumberland Emerging Technologies",
    "link": "https://www.cumberlandpharma.com/cumberland-emerging-technologies",
    "timestamp": "unknown"
  },
  {
    "title": "Blog",
    "link": "https://www.cumberlandpharma.com/blog",
    "timestamp": "unknown"
  },
  {
    "title": "Contact",
    "link": "https://investor.cumberlandpharma.com/search",
    "timestamp": "unknown"
  },
  {
    "title": "Contact",
    "link": "https://www.cumberlandpharma.com/contact/",
    "timestamp": "unknown"
  },
  {
    "title": "Contact",
    "link": "https://www.cumberlandpharma.com/contact/",
    "timestamp": "unknown"
  },
  {
    "title": "Contact",
    "link": "https://www.cumberlandpharma.com/contact/",
    "timestamp": "unknown"
  },
  {
    "title": "Contact",
    "link": "https://investor.cumberlandpharma.com/search",
    "timestamp": "unknown"
  },
  {
    "title": "Contact",
    "link": "https://www.cumberlandpharma.com/contact/",
    "timestamp": "unknown"
  },
  {
    "title": "Contact",
    "link": "https://www.cumberlandpharma.com/contact/",
    "timestamp": "unknown"
  },
  {
    "title": "Contact",
    "link": "https://www.cumberlandpharma.com/contact/",
    "timestamp": "unknown"
  },
  {
    "title": "Earnings Calls & PresentationsPresentationsCumberland Overview Presentation-Q3. MBParent Project Muscular Dystrophy Annual Conference Presentation. KB",
    "link": "https://investor.cumberlandpharma.com/static-files/8a9bcf9b--478d-83de-f15325f8c982",
    "timestamp": "unknown"
  },
  {
    "title": "Earnings Calls & PresentationsPresentationsCumberland Overview Presentation-Q3. MBParent Project Muscular Dystrophy Annual Conference Presentation. KB",
    "link": "https://investor.cumberlandpharma.com/static-files/8a9bcf9b--478d-83de-f15325f8c982",
    "timestamp": "unknown"
  },
  {
    "title": "PresentationsCumberland Overview Presentation-Q3. MBParent Project Muscular Dystrophy Annual Conference Presentation. KBCumberland MDA  Conference Pre",
    "link": "https://investor.cumberlandpharma.com/static-files/8a9bcf9b--478d-83de-f15325f8c982",
    "timestamp": "unknown"
  },
  {
    "title": "PresentationsCumberland Overview Presentation-Q3. MBParent Project Muscular Dystrophy Annual Conference Presentation. KBCumberland MDA  Conference Pre",
    "link": "https://investor.cumberlandpharma.com/static-files/8a9bcf9b--478d-83de-f15325f8c982",
    "timestamp": "unknown"
  },
  {
    "title": "PresentationsCumberland Overview Presentation-Q3. MBParent Project Muscular Dystrophy Annual Conference Presentation. KBCumberland MDA  Conference Pre",
    "link": "https://investor.cumberlandpharma.com/static-files/8a9bcf9b--478d-83de-f15325f8c982",
    "timestamp": "unknown"
  },
  {
    "title": "PresentationsCumberland Overview Presentation-Q3. MBParent Project Muscular Dystrophy Annual Conference Presentation. KBCumberland MDA  Conference Pre",
    "link": "https://investor.cumberlandpharma.com/static-files/8a9bcf9b--478d-83de-f15325f8c982",
    "timestamp": "unknown"
  },
  {
    "title": "PresentationsCumberland Overview Presentation-Q3. MBParent Project Muscular Dystrophy Annual Conference Presentation. KBCumberland MDA  Conference Pre",
    "link": "https://investor.cumberlandpharma.com/static-files/8a9bcf9b--478d-83de-f15325f8c982",
    "timestamp": "unknown"
  },
  {
    "title": "PresentationsCumberland Overview Presentation-Q3. MBParent Project Muscular Dystrophy Annual Conference Presentation. KBCumberland MDA  Conference Pre",
    "link": "https://investor.cumberlandpharma.com/static-files/8a9bcf9b--478d-83de-f15325f8c982",
    "timestamp": "unknown"
  },
  {
    "title": "PresentationsCumberland Overview Presentation-Q3. MBParent Project Muscular Dystrophy Annual Conference Presentation. KBCumberland MDA  Conference Pre",
    "link": "https://investor.cumberlandpharma.com/static-files/8a9bcf9b--478d-83de-f15325f8c982",
    "timestamp": "unknown"
  },
  {
    "title": "PresentationsCumberland Overview Presentation-Q3. MBParent Project Muscular Dystrophy Annual Conference Presentation. KBCumberland MDA  Conference Pre",
    "link": "https://investor.cumberlandpharma.com/static-files/8a9bcf9b--478d-83de-f15325f8c982",
    "timestamp": "unknown"
  },
  {
    "title": "PresentationsCumberland Overview Presentation-Q3. MBParent Project Muscular Dystrophy Annual Conference Presentation. KBCumberland MDA  Conference Pre",
    "link": "https://investor.cumberlandpharma.com/static-files/8a9bcf9b--478d-83de-f15325f8c982",
    "timestamp": "unknown"
  },
  {
    "title": "PresentationsCumberland Overview Presentation-Q3. MBParent Project Muscular Dystrophy Annual Conference Presentation. KBCumberland MDA  Conference Pre",
    "link": "https://investor.cumberlandpharma.com/static-files/8a9bcf9b--478d-83de-f15325f8c982",
    "timestamp": "unknown"
  },
  {
    "title": "PresentationsCumberland Overview Presentation-Q3. MBParent Project Muscular Dystrophy Annual Conference Presentation. KBCumberland MDA  Conference Pre",
    "link": "https://investor.cumberlandpharma.com/static-files/8a9bcf9b--478d-83de-f15325f8c982",
    "timestamp": "unknown"
  },
  {
    "title": "PresentationsCumberland Overview Presentation-Q3. MBParent Project Muscular Dystrophy Annual Conference Presentation. KBCumberland MDA  Conference Pre",
    "link": "https://investor.cumberlandpharma.com/static-files/8a9bcf9b--478d-83de-f15325f8c982",
    "timestamp": "unknown"
  },
  {
    "title": "PresentationsCumberland Overview Presentation-Q3. MBParent Project Muscular Dystrophy Annual Conference Presentation. KBCumberland MDA  Conference Pre",
    "link": "https://investor.cumberlandpharma.com/static-files/8a9bcf9b--478d-83de-f15325f8c982",
    "timestamp": "unknown"
  },
  {
    "title": "PresentationsCumberland Overview Presentation-Q3. MBParent Project Muscular Dystrophy Annual Conference Presentation. KBCumberland MDA  Conference Pre",
    "link": "https://investor.cumberlandpharma.com/static-files/8a9bcf9b--478d-83de-f15325f8c982",
    "timestamp": "unknown"
  },
  {
    "title": "PresentationsCumberland Overview Presentation-Q3. MBParent Project Muscular Dystrophy Annual Conference Presentation. KBCumberland MDA  Conference Pre",
    "link": "https://investor.cumberlandpharma.com/static-files/8a9bcf9b--478d-83de-f15325f8c982",
    "timestamp": "unknown"
  },
  {
    "title": "PresentationsCumberland Overview Presentation-Q3. MBParent Project Muscular Dystrophy Annual Conference Presentation. KBCumberland MDA  Conference Pre",
    "link": "https://investor.cumberlandpharma.com/static-files/8a9bcf9b--478d-83de-f15325f8c982",
    "timestamp": "unknown"
  },
  {
    "title": "PresentationsCumberland Overview Presentation-Q3. MBParent Project Muscular Dystrophy Annual Conference Presentation. KBCumberland MDA  Conference Pre",
    "link": "https://investor.cumberlandpharma.com/static-files/8a9bcf9b--478d-83de-f15325f8c982",
    "timestamp": "unknown"
  },
  {
    "title": "PresentationsCumberland Overview Presentation-Q3. MBParent Project Muscular Dystrophy Annual Conference Presentation. KBCumberland MDA  Conference Pre",
    "link": "https://investor.cumberlandpharma.com/static-files/8a9bcf9b--478d-83de-f15325f8c982",
    "timestamp": "unknown"
  },
  {
    "title": "PresentationsCumberland Overview Presentation-Q3. MBParent Project Muscular Dystrophy Annual Conference Presentation. KBCumberland MDA  Conference Pre",
    "link": "https://investor.cumberlandpharma.com/static-files/8a9bcf9b--478d-83de-f15325f8c982",
    "timestamp": "unknown"
  },
  {
    "title": "PresentationsCumberland Overview Presentation-Q3. MBParent Project Muscular Dystrophy Annual Conference Presentation. KBCumberland MDA  Conference Pre",
    "link": "https://investor.cumberlandpharma.com/static-files/8a9bcf9b--478d-83de-f15325f8c982",
    "timestamp": "unknown"
  },
  {
    "title": "PresentationsCumberland Overview Presentation-Q3. MBParent Project Muscular Dystrophy Annual Conference Presentation. KBCumberland MDA  Conference Pre",
    "link": "https://investor.cumberlandpharma.com/static-files/8a9bcf9b--478d-83de-f15325f8c982",
    "timestamp": "unknown"
  },
  {
    "title": "PresentationsCumberland Overview Presentation-Q3. MBParent Project Muscular Dystrophy Annual Conference Presentation. KBCumberland MDA  Conference Pre",
    "link": "https://investor.cumberlandpharma.com/static-files/8a9bcf9b--478d-83de-f15325f8c982",
    "timestamp": "unknown"
  },
  {
    "title": "Cumberland Overview Presentation-Q3. MBParent Project Muscular Dystrophy Annual Conference Presentation. KBCumberland MDA  Conference Presentation. MB",
    "link": "https://investor.cumberlandpharma.com/static-files/8a9bcf9b--478d-83de-f15325f8c982",
    "timestamp": "unknown"
  },
  {
    "title": "Cumberland Overview Presentation-Q3. MBParent Project Muscular Dystrophy Annual Conference Presentation. KBCumberland MDA  Conference Presentation. MB",
    "link": "https://investor.cumberlandpharma.com/static-files/8a9bcf9b--478d-83de-f15325f8c982",
    "timestamp": "unknown"
  },
  {
    "title": "Cumberland Overview Presentation-Q3. MB",
    "link": "https://investor.cumberlandpharma.com/static-files/8a9bcf9b--478d-83de-f15325f8c982",
    "timestamp": "unknown"
  },
  {
    "title": "Cumberland Overview Presentation-Q3. MB",
    "link": "https://investor.cumberlandpharma.com/static-files/8a9bcf9b--478d-83de-f15325f8c982",
    "timestamp": "unknown"
  },
  {
    "title": "Cumberland Overview Presentation-Q3. MB",
    "link": "https://investor.cumberlandpharma.com/static-files/8a9bcf9b--478d-83de-f15325f8c982",
    "timestamp": "unknown"
  },
  {
    "title": "Cumberland Overview Presentation-Q3. MB",
    "link": "https://investor.cumberlandpharma.com/static-files/8a9bcf9b--478d-83de-f15325f8c982",
    "timestamp": "unknown"
  },
  {
    "title": "Cumberland Overview Presentation-Q3. MB",
    "link": "https://investor.cumberlandpharma.com/static-files/8a9bcf9b--478d-83de-f15325f8c982",
    "timestamp": "unknown"
  },
  {
    "title": "Cumberland Overview Presentation-Q3. MB",
    "link": "https://investor.cumberlandpharma.com/static-files/8a9bcf9b--478d-83de-f15325f8c982",
    "timestamp": "unknown"
  },
  {
    "title": "Cumberland Overview Presentation-Q3. MB",
    "link": "https://investor.cumberlandpharma.com/static-files/8a9bcf9b--478d-83de-f15325f8c982",
    "timestamp": "unknown"
  },
  {
    "title": "Cumberland Overview Presentation-Q3. MB",
    "link": "https://investor.cumberlandpharma.com/static-files/8a9bcf9b--478d-83de-f15325f8c982",
    "timestamp": "unknown"
  },
  {
    "title": "Cumberland Overview Presentation-Q3. MB",
    "link": "https://investor.cumberlandpharma.com/static-files/8a9bcf9b--478d-83de-f15325f8c982",
    "timestamp": "unknown"
  },
  {
    "title": "Cumberland Overview Presentation-Q3. MB",
    "link": "https://investor.cumberlandpharma.com/static-files/8a9bcf9b--478d-83de-f15325f8c982",
    "timestamp": "unknown"
  },
  {
    "title": "Cumberland Overview Presentation-Q3. MB",
    "link": "https://investor.cumberlandpharma.com/static-files/8a9bcf9b--478d-83de-f15325f8c982",
    "timestamp": "unknown"
  },
  {
    "title": "Cumberland Overview Presentation-Q3. MB",
    "link": "https://investor.cumberlandpharma.com/static-files/8a9bcf9b--478d-83de-f15325f8c982",
    "timestamp": "unknown"
  },
  {
    "title": "Parent Project Muscular Dystrophy Annual Conference Presentation. KB",
    "link": "https://investor.cumberlandpharma.com/static-files/a6d1791b-12c2-411d-891a-0fd074dd02d2",
    "timestamp": "unknown"
  },
  {
    "title": "Parent Project Muscular Dystrophy Annual Conference Presentation. KB",
    "link": "https://investor.cumberlandpharma.com/static-files/a6d1791b-12c2-411d-891a-0fd074dd02d2",
    "timestamp": "unknown"
  },
  {
    "title": "Parent Project Muscular Dystrophy Annual Conference Presentation. KB",
    "link": "https://investor.cumberlandpharma.com/static-files/a6d1791b-12c2-411d-891a-0fd074dd02d2",
    "timestamp": "unknown"
  },
  {
    "title": "Parent Project Muscular Dystrophy Annual Conference Presentation. KB",
    "link": "https://investor.cumberlandpharma.com/static-files/a6d1791b-12c2-411d-891a-0fd074dd02d2",
    "timestamp": "unknown"
  },
  {
    "title": "Parent Project Muscular Dystrophy Annual Conference Presentation. KB",
    "link": "https://investor.cumberlandpharma.com/static-files/a6d1791b-12c2-411d-891a-0fd074dd02d2",
    "timestamp": "unknown"
  },
  {
    "title": "Parent Project Muscular Dystrophy Annual Conference Presentation. KB",
    "link": "https://investor.cumberlandpharma.com/static-files/a6d1791b-12c2-411d-891a-0fd074dd02d2",
    "timestamp": "unknown"
  },
  {
    "title": "Parent Project Muscular Dystrophy Annual Conference Presentation. KB",
    "link": "https://investor.cumberlandpharma.com/static-files/a6d1791b-12c2-411d-891a-0fd074dd02d2",
    "timestamp": "unknown"
  },
  {
    "title": "Parent Project Muscular Dystrophy Annual Conference Presentation. KB",
    "link": "https://investor.cumberlandpharma.com/static-files/a6d1791b-12c2-411d-891a-0fd074dd02d2",
    "timestamp": "unknown"
  },
  {
    "title": "Parent Project Muscular Dystrophy Annual Conference Presentation. KB",
    "link": "https://investor.cumberlandpharma.com/static-files/a6d1791b-12c2-411d-891a-0fd074dd02d2",
    "timestamp": "unknown"
  },
  {
    "title": "Parent Project Muscular Dystrophy Annual Conference Presentation. KB",
    "link": "https://investor.cumberlandpharma.com/static-files/a6d1791b-12c2-411d-891a-0fd074dd02d2",
    "timestamp": "unknown"
  },
  {
    "title": "Parent Project Muscular Dystrophy Annual Conference Presentation. KB",
    "link": "https://investor.cumberlandpharma.com/static-files/a6d1791b-12c2-411d-891a-0fd074dd02d2",
    "timestamp": "unknown"
  },
  {
    "title": "Parent Project Muscular Dystrophy Annual Conference Presentation. KB",
    "link": "https://investor.cumberlandpharma.com/static-files/a6d1791b-12c2-411d-891a-0fd074dd02d2",
    "timestamp": "unknown"
  },
  {
    "title": "Cumberland MDA  Conference Presentation. MB",
    "link": "https://investor.cumberlandpharma.com/static-files/bf84c3cb-f2fd-480a-b01a-93df1d93b92a",
    "timestamp": "unknown"
  },
  {
    "title": "Cumberland MDA  Conference Presentation. MB",
    "link": "https://investor.cumberlandpharma.com/static-files/bf84c3cb-f2fd-480a-b01a-93df1d93b92a",
    "timestamp": "unknown"
  },
  {
    "title": "Cumberland MDA  Conference Presentation. MB",
    "link": "https://investor.cumberlandpharma.com/static-files/bf84c3cb-f2fd-480a-b01a-93df1d93b92a",
    "timestamp": "unknown"
  },
  {
    "title": "Cumberland MDA  Conference Presentation. MB",
    "link": "https://investor.cumberlandpharma.com/static-files/bf84c3cb-f2fd-480a-b01a-93df1d93b92a",
    "timestamp": "unknown"
  },
  {
    "title": "Cumberland MDA  Conference Presentation. MB",
    "link": "https://investor.cumberlandpharma.com/static-files/bf84c3cb-f2fd-480a-b01a-93df1d93b92a",
    "timestamp": "unknown"
  },
  {
    "title": "Cumberland MDA  Conference Presentation. MB",
    "link": "https://investor.cumberlandpharma.com/static-files/bf84c3cb-f2fd-480a-b01a-93df1d93b92a",
    "timestamp": "unknown"
  },
  {
    "title": "Cumberland MDA  Conference Presentation. MB",
    "link": "https://investor.cumberlandpharma.com/static-files/bf84c3cb-f2fd-480a-b01a-93df1d93b92a",
    "timestamp": "unknown"
  },
  {
    "title": "Cumberland MDA  Conference Presentation. MB",
    "link": "https://investor.cumberlandpharma.com/static-files/bf84c3cb-f2fd-480a-b01a-93df1d93b92a",
    "timestamp": "unknown"
  },
  {
    "title": "Cumberland MDA  Conference Presentation. MB",
    "link": "https://investor.cumberlandpharma.com/static-files/bf84c3cb-f2fd-480a-b01a-93df1d93b92a",
    "timestamp": "unknown"
  },
  {
    "title": "Cumberland MDA  Conference Presentation. MB",
    "link": "https://investor.cumberlandpharma.com/static-files/bf84c3cb-f2fd-480a-b01a-93df1d93b92a",
    "timestamp": "unknown"
  },
  {
    "title": "Cumberland MDA  Conference Presentation. MB",
    "link": "https://investor.cumberlandpharma.com/static-files/bf84c3cb-f2fd-480a-b01a-93df1d93b92a",
    "timestamp": "unknown"
  },
  {
    "title": "Cumberland MDA  Conference Presentation. MB",
    "link": "https://investor.cumberlandpharma.com/static-files/bf84c3cb-f2fd-480a-b01a-93df1d93b92a",
    "timestamp": "unknown"
  },
  {
    "title": "Earnings CallsCumberland Pharmaceuticals  Q3 earnings callNov ,ESTListen to webcast",
    "link": "https://investor.cumberlandpharma.com/events/event-details/cumberland-pharmaceuticals--q3-earnings-call",
    "timestamp": "unknown"
  },
  {
    "title": "Earnings CallsCumberland Pharmaceuticals  Q3 earnings callNov ,ESTListen to webcast",
    "link": "https://investor.cumberlandpharma.com/events/event-details/cumberland-pharmaceuticals--q3-earnings-call",
    "timestamp": "unknown"
  },
  {
    "title": "Earnings CallsCumberland Pharmaceuticals  Q3 earnings callNov ,ESTListen to webcast",
    "link": "https://investor.cumberlandpharma.com/events/event-details/cumberland-pharmaceuticals--q3-earnings-call",
    "timestamp": "unknown"
  },
  {
    "title": "Earnings CallsCumberland Pharmaceuticals  Q3 earnings callNov ,ESTListen to webcast",
    "link": "https://investor.cumberlandpharma.com/events/event-details/cumberland-pharmaceuticals--q3-earnings-call",
    "timestamp": "unknown"
  },
  {
    "title": "Cumberland Pharmaceuticals  Q3 earnings callNov ,ESTListen to webcast",
    "link": "https://investor.cumberlandpharma.com/events/event-details/cumberland-pharmaceuticals--q3-earnings-call",
    "timestamp": "unknown"
  },
  {
    "title": "Cumberland Pharmaceuticals  Q3 earnings callNov ,ESTListen to webcast",
    "link": "https://investor.cumberlandpharma.com/events/event-details/cumberland-pharmaceuticals--q3-earnings-call",
    "timestamp": "unknown"
  },
  {
    "title": "Cumberland Pharmaceuticals  Q3 earnings callNov ,ESTListen to webcast",
    "link": "https://investor.cumberlandpharma.com/events/event-details/cumberland-pharmaceuticals--q3-earnings-call",
    "timestamp": "unknown"
  },
  {
    "title": "Cumberland Pharmaceuticals  Q3 earnings callNov ,ESTListen to webcast",
    "link": "https://investor.cumberlandpharma.com/events/event-details/cumberland-pharmaceuticals--q3-earnings-call",
    "timestamp": "unknown"
  },
  {
    "title": "Cumberland Pharmaceuticals  Q3 earnings callNov ,EST",
    "link": "https://investor.cumberlandpharma.com/events/event-details/cumberland-pharmaceuticals--q3-earnings-call",
    "timestamp": "unknown"
  },
  {
    "title": "Cumberland Pharmaceuticals  Q3 earnings callNov ,EST",
    "link": "https://investor.cumberlandpharma.com/events/event-details/cumberland-pharmaceuticals--q3-earnings-call",
    "timestamp": "unknown"
  },
  {
    "title": "Cumberland Pharmaceuticals  Q3 earnings callNov ,EST",
    "link": "https://investor.cumberlandpharma.com/events/event-details/cumberland-pharmaceuticals--q3-earnings-call",
    "timestamp": "unknown"
  },
  {
    "title": "Cumberland Pharmaceuticals  Q3 earnings callNov ,EST",
    "link": "https://investor.cumberlandpharma.com/events/event-details/cumberland-pharmaceuticals--q3-earnings-call",
    "timestamp": "unknown"
  },
  {
    "title": "Cumberland Pharmaceuticals  Q3 earnings call",
    "link": "https://investor.cumberlandpharma.com/events/event-details/cumberland-pharmaceuticals--q3-earnings-call",
    "timestamp": "unknown"
  },
  {
    "title": "Cumberland Pharmaceuticals  Q3 earnings call",
    "link": "https://investor.cumberlandpharma.com/events/event-details/cumberland-pharmaceuticals--q3-earnings-call",
    "timestamp": "unknown"
  },
  {
    "title": "Cumberland Pharmaceuticals  Q3 earnings call",
    "link": "https://investor.cumberlandpharma.com/events/event-details/cumberland-pharmaceuticals--q3-earnings-call",
    "timestamp": "unknown"
  },
  {
    "title": "Listen to webcast",
    "link": "https://edge.media-server.com/mmc/p/irx2ggkf",
    "timestamp": "unknown"
  },
  {
    "title": "Listen to webcast",
    "link": "https://edge.media-server.com/mmc/p/irx2ggkf",
    "timestamp": "unknown"
  },
  {
    "title": "Listen to webcast",
    "link": "https://edge.media-server.com/mmc/p/irx2ggkf",
    "timestamp": "unknown"
  },
  {
    "title": "Listen to webcast",
    "link": "https://edge.media-server.com/mmc/p/irx2ggkf",
    "timestamp": "unknown"
  },
  {
    "title": "Archived Earnings CallsCumberland Pharmaceuticals  Q2 earnings callAug ,EDTListen to webcastCumberland Pharmaceuticals  Q1 earnings callMay ,EDTListen",
    "link": "https://investor.cumberlandpharma.com/events/event-details/cumberland-pharmaceuticals--q2-earnings-call-",
    "timestamp": "unknown"
  },
  {
    "title": "Archived Earnings CallsCumberland Pharmaceuticals  Q2 earnings callAug ,EDTListen to webcastCumberland Pharmaceuticals  Q1 earnings callMay ,EDTListen",
    "link": "https://investor.cumberlandpharma.com/events/event-details/cumberland-pharmaceuticals--q2-earnings-call-",
    "timestamp": "unknown"
  },
  {
    "title": "Archived Earnings CallsCumberland Pharmaceuticals  Q2 earnings callAug ,EDTListen to webcastCumberland Pharmaceuticals  Q1 earnings callMay ,EDTListen",
    "link": "https://investor.cumberlandpharma.com/events/event-details/cumberland-pharmaceuticals--q2-earnings-call-",
    "timestamp": "unknown"
  },
  {
    "title": "Archived Earnings CallsCumberland Pharmaceuticals  Q2 earnings callAug ,EDTListen to webcastCumberland Pharmaceuticals  Q1 earnings callMay ,EDTListen",
    "link": "https://investor.cumberlandpharma.com/events/event-details/cumberland-pharmaceuticals--q2-earnings-call-",
    "timestamp": "unknown"
  },
  {
    "title": "Cumberland Pharmaceuticals  Q2 earnings callAug ,EDTListen to webcastCumberland Pharmaceuticals  Q1 earnings callMay ,EDTListen to webcastCumberland P",
    "link": "https://investor.cumberlandpharma.com/events/event-details/cumberland-pharmaceuticals--q2-earnings-call-",
    "timestamp": "unknown"
  },
  {
    "title": "Cumberland Pharmaceuticals  Q2 earnings callAug ,EDTListen to webcastCumberland Pharmaceuticals  Q1 earnings callMay ,EDTListen to webcastCumberland P",
    "link": "https://investor.cumberlandpharma.com/events/event-details/cumberland-pharmaceuticals--q2-earnings-call-",
    "timestamp": "unknown"
  },
  {
    "title": "Cumberland Pharmaceuticals  Q2 earnings callAug ,EDTListen to webcast",
    "link": "https://investor.cumberlandpharma.com/events/event-details/cumberland-pharmaceuticals--q2-earnings-call-",
    "timestamp": "unknown"
  },
  {
    "title": "Cumberland Pharmaceuticals  Q2 earnings callAug ,EDTListen to webcast",
    "link": "https://investor.cumberlandpharma.com/events/event-details/cumberland-pharmaceuticals--q2-earnings-call-",
    "timestamp": "unknown"
  },
  {
    "title": "Cumberland Pharmaceuticals  Q2 earnings callAug ,EDT",
    "link": "https://investor.cumberlandpharma.com/events/event-details/cumberland-pharmaceuticals--q2-earnings-call-",
    "timestamp": "unknown"
  },
  {
    "title": "Cumberland Pharmaceuticals  Q2 earnings callAug ,EDT",
    "link": "https://investor.cumberlandpharma.com/events/event-details/cumberland-pharmaceuticals--q2-earnings-call-",
    "timestamp": "unknown"
  },
  {
    "title": "Cumberland Pharmaceuticals  Q2 earnings callAug ,EDT",
    "link": "https://investor.cumberlandpharma.com/events/event-details/cumberland-pharmaceuticals--q2-earnings-call-",
    "timestamp": "unknown"
  },
  {
    "title": "Cumberland Pharmaceuticals  Q2 earnings callAug ,EDT",
    "link": "https://investor.cumberlandpharma.com/events/event-details/cumberland-pharmaceuticals--q2-earnings-call-",
    "timestamp": "unknown"
  },
  {
    "title": "Cumberland Pharmaceuticals  Q2 earnings call",
    "link": "https://investor.cumberlandpharma.com/events/event-details/cumberland-pharmaceuticals--q2-earnings-call-",
    "timestamp": "unknown"
  },
  {
    "title": "Cumberland Pharmaceuticals  Q2 earnings call",
    "link": "https://investor.cumberlandpharma.com/events/event-details/cumberland-pharmaceuticals--q2-earnings-call-",
    "timestamp": "unknown"
  },
  {
    "title": "Cumberland Pharmaceuticals  Q2 earnings call",
    "link": "https://investor.cumberlandpharma.com/events/event-details/cumberland-pharmaceuticals--q2-earnings-call-",
    "timestamp": "unknown"
  },
  {
    "title": "Listen to webcast",
    "link": "https://edge.media-server.com/mmc/p/zpxz72fn",
    "timestamp": "unknown"
  },
  {
    "title": "Listen to webcast",
    "link": "https://edge.media-server.com/mmc/p/zpxz72fn",
    "timestamp": "unknown"
  },
  {
    "title": "Listen to webcast",
    "link": "https://edge.media-server.com/mmc/p/zpxz72fn",
    "timestamp": "unknown"
  },
  {
    "title": "Listen to webcast",
    "link": "https://edge.media-server.com/mmc/p/zpxz72fn",
    "timestamp": "unknown"
  },
  {
    "title": "Cumberland Pharmaceuticals  Q1 earnings callMay ,EDTListen to webcast",
    "link": "https://investor.cumberlandpharma.com/events/event-details/cumberland-pharmaceuticals--q1-earnings-call",
    "timestamp": "unknown"
  },
  {
    "title": "Cumberland Pharmaceuticals  Q1 earnings callMay ,EDTListen to webcast",
    "link": "https://investor.cumberlandpharma.com/events/event-details/cumberland-pharmaceuticals--q1-earnings-call",
    "timestamp": "unknown"
  },
  {
    "title": "Cumberland Pharmaceuticals  Q1 earnings callMay ,EDT",
    "link": "https://investor.cumberlandpharma.com/events/event-details/cumberland-pharmaceuticals--q1-earnings-call",
    "timestamp": "unknown"
  },
  {
    "title": "Cumberland Pharmaceuticals  Q1 earnings callMay ,EDT",
    "link": "https://investor.cumberlandpharma.com/events/event-details/cumberland-pharmaceuticals--q1-earnings-call",
    "timestamp": "unknown"
  },
  {
    "title": "Cumberland Pharmaceuticals  Q1 earnings callMay ,EDT",
    "link": "https://investor.cumberlandpharma.com/events/event-details/cumberland-pharmaceuticals--q1-earnings-call",
    "timestamp": "unknown"
  },
  {
    "title": "Cumberland Pharmaceuticals  Q1 earnings callMay ,EDT",
    "link": "https://investor.cumberlandpharma.com/events/event-details/cumberland-pharmaceuticals--q1-earnings-call",
    "timestamp": "unknown"
  },
  {
    "title": "Cumberland Pharmaceuticals  Q1 earnings call",
    "link": "https://investor.cumberlandpharma.com/events/event-details/cumberland-pharmaceuticals--q1-earnings-call",
    "timestamp": "unknown"
  },
  {
    "title": "Cumberland Pharmaceuticals  Q1 earnings call",
    "link": "https://investor.cumberlandpharma.com/events/event-details/cumberland-pharmaceuticals--q1-earnings-call",
    "timestamp": "unknown"
  },
  {
    "title": "Cumberland Pharmaceuticals  Q1 earnings call",
    "link": "https://investor.cumberlandpharma.com/events/event-details/cumberland-pharmaceuticals--q1-earnings-call",
    "timestamp": "unknown"
  },
  {
    "title": "Listen to webcast",
    "link": "https://edge.media-server.com/mmc/p/wost2na9/",
    "timestamp": "unknown"
  },
  {
    "title": "Listen to webcast",
    "link": "https://edge.media-server.com/mmc/p/wost2na9/",
    "timestamp": "unknown"
  },
  {
    "title": "Listen to webcast",
    "link": "https://edge.media-server.com/mmc/p/wost2na9/",
    "timestamp": "unknown"
  },
  {
    "title": "Listen to webcast",
    "link": "https://edge.media-server.com/mmc/p/wost2na9/",
    "timestamp": "unknown"
  },
  {
    "title": "Cumberland Pharmaceuticals  Q4 earnings callMar ,ESTListen to webcast",
    "link": "https://investor.cumberlandpharma.com/events/event-details/cumberland-pharmaceuticals--q4-earnings-call",
    "timestamp": "unknown"
  },
  {
    "title": "Cumberland Pharmaceuticals  Q4 earnings callMar ,ESTListen to webcast",
    "link": "https://investor.cumberlandpharma.com/events/event-details/cumberland-pharmaceuticals--q4-earnings-call",
    "timestamp": "unknown"
  },
  {
    "title": "Cumberland Pharmaceuticals  Q4 earnings callMar ,EST",
    "link": "https://investor.cumberlandpharma.com/events/event-details/cumberland-pharmaceuticals--q4-earnings-call",
    "timestamp": "unknown"
  },
  {
    "title": "Cumberland Pharmaceuticals  Q4 earnings callMar ,EST",
    "link": "https://investor.cumberlandpharma.com/events/event-details/cumberland-pharmaceuticals--q4-earnings-call",
    "timestamp": "unknown"
  },
  {
    "title": "Cumberland Pharmaceuticals  Q4 earnings callMar ,EST",
    "link": "https://investor.cumberlandpharma.com/events/event-details/cumberland-pharmaceuticals--q4-earnings-call",
    "timestamp": "unknown"
  },
  {
    "title": "Cumberland Pharmaceuticals  Q4 earnings callMar ,EST",
    "link": "https://investor.cumberlandpharma.com/events/event-details/cumberland-pharmaceuticals--q4-earnings-call",
    "timestamp": "unknown"
  },
  {
    "title": "Cumberland Pharmaceuticals  Q4 earnings call",
    "link": "https://investor.cumberlandpharma.com/events/event-details/cumberland-pharmaceuticals--q4-earnings-call",
    "timestamp": "unknown"
  },
  {
    "title": "Cumberland Pharmaceuticals  Q4 earnings call",
    "link": "https://investor.cumberlandpharma.com/events/event-details/cumberland-pharmaceuticals--q4-earnings-call",
    "timestamp": "unknown"
  },
  {
    "title": "Cumberland Pharmaceuticals  Q4 earnings call",
    "link": "https://investor.cumberlandpharma.com/events/event-details/cumberland-pharmaceuticals--q4-earnings-call",
    "timestamp": "unknown"
  },
  {
    "title": "Listen to webcast",
    "link": "https://edge.media-server.com/mmc/p/r4puvzy9",
    "timestamp": "unknown"
  },
  {
    "title": "Listen to webcast",
    "link": "https://edge.media-server.com/mmc/p/r4puvzy9",
    "timestamp": "unknown"
  },
  {
    "title": "Listen to webcast",
    "link": "https://edge.media-server.com/mmc/p/r4puvzy9",
    "timestamp": "unknown"
  },
  {
    "title": "Listen to webcast",
    "link": "https://edge.media-server.com/mmc/p/r4puvzy9",
    "timestamp": "unknown"
  },
  {
    "title": "Cumberland Pharmaceuticals  Q3 earnings callNov ,ESTListen to webcast",
    "link": "https://investor.cumberlandpharma.com/events/event-details/cumberland-pharmaceuticals--q3-earnings-call",
    "timestamp": "unknown"
  },
  {
    "title": "Cumberland Pharmaceuticals  Q3 earnings callNov ,ESTListen to webcast",
    "link": "https://investor.cumberlandpharma.com/events/event-details/cumberland-pharmaceuticals--q3-earnings-call",
    "timestamp": "unknown"
  },
  {
    "title": "Cumberland Pharmaceuticals  Q3 earnings callNov ,EST",
    "link": "https://investor.cumberlandpharma.com/events/event-details/cumberland-pharmaceuticals--q3-earnings-call",
    "timestamp": "unknown"
  },
  {
    "title": "Cumberland Pharmaceuticals  Q3 earnings callNov ,EST",
    "link": "https://investor.cumberlandpharma.com/events/event-details/cumberland-pharmaceuticals--q3-earnings-call",
    "timestamp": "unknown"
  },
  {
    "title": "Cumberland Pharmaceuticals  Q3 earnings callNov ,EST",
    "link": "https://investor.cumberlandpharma.com/events/event-details/cumberland-pharmaceuticals--q3-earnings-call",
    "timestamp": "unknown"
  },
  {
    "title": "Cumberland Pharmaceuticals  Q3 earnings callNov ,EST",
    "link": "https://investor.cumberlandpharma.com/events/event-details/cumberland-pharmaceuticals--q3-earnings-call",
    "timestamp": "unknown"
  },
  {
    "title": "Cumberland Pharmaceuticals  Q3 earnings call",
    "link": "https://investor.cumberlandpharma.com/events/event-details/cumberland-pharmaceuticals--q3-earnings-call",
    "timestamp": "unknown"
  },
  {
    "title": "Cumberland Pharmaceuticals  Q3 earnings call",
    "link": "https://investor.cumberlandpharma.com/events/event-details/cumberland-pharmaceuticals--q3-earnings-call",
    "timestamp": "unknown"
  },
  {
    "title": "Cumberland Pharmaceuticals  Q3 earnings call",
    "link": "https://investor.cumberlandpharma.com/events/event-details/cumberland-pharmaceuticals--q3-earnings-call",
    "timestamp": "unknown"
  },
  {
    "title": "Listen to webcast",
    "link": "https://edge.media-server.com/mmc/p/cm7m7ea3",
    "timestamp": "unknown"
  },
  {
    "title": "Listen to webcast",
    "link": "https://edge.media-server.com/mmc/p/cm7m7ea3",
    "timestamp": "unknown"
  },
  {
    "title": "Listen to webcast",
    "link": "https://edge.media-server.com/mmc/p/cm7m7ea3",
    "timestamp": "unknown"
  },
  {
    "title": "Listen to webcast",
    "link": "https://edge.media-server.com/mmc/p/cm7m7ea3",
    "timestamp": "unknown"
  },
  {
    "title": "\u00a9  Cumberland Pharmaceuticals, Inc. All Rights Reserved.Privacy PolicyAccessibility StatementTerms of Use",
    "link": "https://investor.cumberlandpharma.com/static-files/f819b758-9f74-45a4-b924-f96b331ad7ad",
    "timestamp": "unknown"
  },
  {
    "title": "\u00a9  Cumberland Pharmaceuticals, Inc. All Rights Reserved.Privacy PolicyAccessibility StatementTerms of Use",
    "link": "https://investor.cumberlandpharma.com/static-files/f819b758-9f74-45a4-b924-f96b331ad7ad",
    "timestamp": "unknown"
  },
  {
    "title": "\u00a9  Cumberland Pharmaceuticals, Inc. All Rights Reserved.Privacy PolicyAccessibility StatementTerms of Use",
    "link": "https://investor.cumberlandpharma.com/static-files/f819b758-9f74-45a4-b924-f96b331ad7ad",
    "timestamp": "unknown"
  },
  {
    "title": "Privacy Policy",
    "link": "https://investor.cumberlandpharma.com/static-files/f819b758-9f74-45a4-b924-f96b331ad7ad",
    "timestamp": "unknown"
  },
  {
    "title": "Accessibility Statement",
    "link": "https://investor.cumberlandpharma.com/static-files/67dcb0f6--4b8a-858d-927bae729a93",
    "timestamp": "unknown"
  },
  {
    "title": "Terms of Use",
    "link": "https://investor.cumberlandpharma.com/static-files/c3916723--4fd9-b267-80f2ecc17ec1",
    "timestamp": "unknown"
  }
]