[
  {
    "title": "About UsProfile & MissionOur StrategyBoard of DirectorsManagement TeamCompany HistoryOur ProductsCommercial ProductsPipeline ProductsInternational Par",
    "link": "https://www.cumberlandpharma.com/",
    "timestamp": "unknown"
  },
  {
    "title": "About UsProfile & MissionOur StrategyBoard of DirectorsManagement TeamCompany HistoryOur ProductsCommercial ProductsPipeline ProductsInternational Par",
    "link": "https://www.cumberlandpharma.com/",
    "timestamp": "unknown"
  },
  {
    "title": "About UsProfile & MissionOur StrategyBoard of DirectorsManagement TeamCompany HistoryOur ProductsCommercial ProductsPipeline ProductsInternational Par",
    "link": "https://www.cumberlandpharma.com/",
    "timestamp": "unknown"
  },
  {
    "title": "About UsProfile & MissionOur StrategyBoard of DirectorsManagement TeamCompany HistoryOur ProductsCommercial ProductsPipeline ProductsInternational Par",
    "link": "https://www.cumberlandpharma.com/",
    "timestamp": "unknown"
  },
  {
    "title": "About UsProfile & MissionOur StrategyBoard of DirectorsManagement TeamCompany HistoryOur ProductsCommercial ProductsPipeline ProductsInternational Par",
    "link": "https://www.cumberlandpharma.com/profile-mission/",
    "timestamp": "unknown"
  },
  {
    "title": "About UsProfile & MissionOur StrategyBoard of DirectorsManagement TeamCompany HistoryOur ProductsCommercial ProductsPipeline ProductsInternational Par",
    "link": "https://www.cumberlandpharma.com/profile-mission/",
    "timestamp": "unknown"
  },
  {
    "title": "About UsProfile & MissionOur StrategyBoard of DirectorsManagement TeamCompany HistoryOur ProductsCommercial ProductsPipeline ProductsInternational Par",
    "link": "https://www.cumberlandpharma.com/profile-mission/",
    "timestamp": "unknown"
  },
  {
    "title": "About UsProfile & MissionOur StrategyBoard of DirectorsManagement TeamCompany History",
    "link": "https://www.cumberlandpharma.com/profile-mission/",
    "timestamp": "unknown"
  },
  {
    "title": "Profile & Mission",
    "link": "https://www.cumberlandpharma.com/profile-mission/",
    "timestamp": "unknown"
  },
  {
    "title": "Our Strategy",
    "link": "https://www.cumberlandpharma.com/our-strategy/",
    "timestamp": "unknown"
  },
  {
    "title": "Board of Directors",
    "link": "https://www.cumberlandpharma.com/board-of-directors/",
    "timestamp": "unknown"
  },
  {
    "title": "Management Team",
    "link": "https://www.cumberlandpharma.com/managment-team/",
    "timestamp": "unknown"
  },
  {
    "title": "Company History",
    "link": "https://www.cumberlandpharma.com/history/",
    "timestamp": "unknown"
  },
  {
    "title": "Our ProductsCommercial ProductsPipeline ProductsInternational Partners",
    "link": "https://www.cumberlandpharma.com/our-products",
    "timestamp": "unknown"
  },
  {
    "title": "Commercial Products",
    "link": "https://www.cumberlandpharma.com/commercial-products",
    "timestamp": "unknown"
  },
  {
    "title": "Pipeline Products",
    "link": "https://www.cumberlandpharma.com/pipeline-products",
    "timestamp": "unknown"
  },
  {
    "title": "International Partners",
    "link": "https://www.cumberlandpharma.com/international-partners",
    "timestamp": "unknown"
  },
  {
    "title": "Investor RelationsOverviewCorporate UpdateCorporate GovernanceCommittee CompositionContact the BoardStock InformationHistoric Price LookupOwnership Pr",
    "link": "https://investor.cumberlandpharma.com/investor-relations",
    "timestamp": "unknown"
  },
  {
    "title": "Overview",
    "link": "https://investor.cumberlandpharma.com/investor-relations",
    "timestamp": "unknown"
  },
  {
    "title": "Corporate Update",
    "link": "https://investor.cumberlandpharma.com/corporate-update",
    "timestamp": "unknown"
  },
  {
    "title": "Corporate GovernanceCommittee CompositionContact the Board",
    "link": "https://investor.cumberlandpharma.com/corporate-governance/governance-overview",
    "timestamp": "unknown"
  },
  {
    "title": "Committee Composition",
    "link": "https://investor.cumberlandpharma.com/corporate-governance/committee-composition",
    "timestamp": "unknown"
  },
  {
    "title": "Contact the Board",
    "link": "https://investor.cumberlandpharma.com/corporate-governance/contact-the-board",
    "timestamp": "unknown"
  },
  {
    "title": "Stock InformationHistoric Price LookupOwnership Profile",
    "link": "https://investor.cumberlandpharma.com/stock/stock-information",
    "timestamp": "unknown"
  },
  {
    "title": "Historic Price Lookup",
    "link": "https://investor.cumberlandpharma.com/stock/historic-price-lookup",
    "timestamp": "unknown"
  },
  {
    "title": "Ownership Profile",
    "link": "https://investor.cumberlandpharma.com/stock/ownership-profile",
    "timestamp": "unknown"
  },
  {
    "title": "Financial InformationSEC FilingsAnnual ReportsQuarterly ResultsKey Ratios",
    "link": "https://investor.cumberlandpharma.com/financials/financial-information",
    "timestamp": "unknown"
  },
  {
    "title": "SEC Filings",
    "link": "https://investor.cumberlandpharma.com/financials/sec-filings",
    "timestamp": "unknown"
  },
  {
    "title": "Annual Reports",
    "link": "https://investor.cumberlandpharma.com/financials/annual-reports",
    "timestamp": "unknown"
  },
  {
    "title": "Quarterly Results",
    "link": "https://investor.cumberlandpharma.com/financials/quarterly-results",
    "timestamp": "unknown"
  },
  {
    "title": "Key Ratios",
    "link": "https://investor.cumberlandpharma.com/financials/key-ratios",
    "timestamp": "unknown"
  },
  {
    "title": "Earnings Calls & Presentations",
    "link": "https://investor.cumberlandpharma.com/events-presentations",
    "timestamp": "unknown"
  },
  {
    "title": "Investor FAQs",
    "link": "https://investor.cumberlandpharma.com/investor-faqs",
    "timestamp": "unknown"
  },
  {
    "title": "Press Releases",
    "link": "https://investor.cumberlandpharma.com/press-releases",
    "timestamp": "unknown"
  },
  {
    "title": "Contact Investor Relations",
    "link": "https://investor.cumberlandpharma.com/contact-us",
    "timestamp": "unknown"
  },
  {
    "title": "News",
    "link": "https://www.cumberlandpharma.com/news/",
    "timestamp": "unknown"
  },
  {
    "title": "Cumberland Emerging Technologies",
    "link": "https://www.cumberlandpharma.com/cumberland-emerging-technologies",
    "timestamp": "unknown"
  },
  {
    "title": "Blog",
    "link": "https://www.cumberlandpharma.com/blog",
    "timestamp": "unknown"
  },
  {
    "title": "About UsProfile & MissionOur StrategyBoard of DirectorsManagement TeamCompany History",
    "link": "https://www.cumberlandpharma.com/profile-mission/",
    "timestamp": "unknown"
  },
  {
    "title": "Profile & Mission",
    "link": "https://www.cumberlandpharma.com/profile-mission/",
    "timestamp": "unknown"
  },
  {
    "title": "Our Strategy",
    "link": "https://www.cumberlandpharma.com/our-strategy/",
    "timestamp": "unknown"
  },
  {
    "title": "Board of Directors",
    "link": "https://www.cumberlandpharma.com/board-of-directors/",
    "timestamp": "unknown"
  },
  {
    "title": "Management Team",
    "link": "https://www.cumberlandpharma.com/managment-team/",
    "timestamp": "unknown"
  },
  {
    "title": "Company History",
    "link": "https://www.cumberlandpharma.com/history/",
    "timestamp": "unknown"
  },
  {
    "title": "Our ProductsCommercial ProductsPipeline ProductsInternational Partners",
    "link": "https://www.cumberlandpharma.com/our-products",
    "timestamp": "unknown"
  },
  {
    "title": "Commercial Products",
    "link": "https://www.cumberlandpharma.com/commercial-products",
    "timestamp": "unknown"
  },
  {
    "title": "Pipeline Products",
    "link": "https://www.cumberlandpharma.com/pipeline-products",
    "timestamp": "unknown"
  },
  {
    "title": "International Partners",
    "link": "https://www.cumberlandpharma.com/international-partners",
    "timestamp": "unknown"
  },
  {
    "title": "Investor RelationsOverviewCorporate UpdateCorporate GovernanceCommittee CompositionContact the BoardStock InformationHistoric Price LookupOwnership Pr",
    "link": "https://investor.cumberlandpharma.com/investor-relations",
    "timestamp": "unknown"
  },
  {
    "title": "Overview",
    "link": "https://investor.cumberlandpharma.com/investor-relations",
    "timestamp": "unknown"
  },
  {
    "title": "Corporate Update",
    "link": "https://investor.cumberlandpharma.com/corporate-update",
    "timestamp": "unknown"
  },
  {
    "title": "Corporate GovernanceCommittee CompositionContact the Board",
    "link": "https://investor.cumberlandpharma.com/corporate-governance/governance-overview",
    "timestamp": "unknown"
  },
  {
    "title": "Committee Composition",
    "link": "https://investor.cumberlandpharma.com/corporate-governance/committee-composition",
    "timestamp": "unknown"
  },
  {
    "title": "Contact the Board",
    "link": "https://investor.cumberlandpharma.com/corporate-governance/contact-the-board",
    "timestamp": "unknown"
  },
  {
    "title": "Stock InformationHistoric Price LookupOwnership Profile",
    "link": "https://investor.cumberlandpharma.com/stock/stock-information",
    "timestamp": "unknown"
  },
  {
    "title": "Historic Price Lookup",
    "link": "https://investor.cumberlandpharma.com/stock/historic-price-lookup",
    "timestamp": "unknown"
  },
  {
    "title": "Ownership Profile",
    "link": "https://investor.cumberlandpharma.com/stock/ownership-profile",
    "timestamp": "unknown"
  },
  {
    "title": "Financial InformationSEC FilingsAnnual ReportsQuarterly ResultsKey Ratios",
    "link": "https://investor.cumberlandpharma.com/financials/financial-information",
    "timestamp": "unknown"
  },
  {
    "title": "SEC Filings",
    "link": "https://investor.cumberlandpharma.com/financials/sec-filings",
    "timestamp": "unknown"
  },
  {
    "title": "Annual Reports",
    "link": "https://investor.cumberlandpharma.com/financials/annual-reports",
    "timestamp": "unknown"
  },
  {
    "title": "Quarterly Results",
    "link": "https://investor.cumberlandpharma.com/financials/quarterly-results",
    "timestamp": "unknown"
  },
  {
    "title": "Key Ratios",
    "link": "https://investor.cumberlandpharma.com/financials/key-ratios",
    "timestamp": "unknown"
  },
  {
    "title": "Earnings Calls & Presentations",
    "link": "https://investor.cumberlandpharma.com/events-presentations",
    "timestamp": "unknown"
  },
  {
    "title": "Investor FAQs",
    "link": "https://investor.cumberlandpharma.com/investor-faqs",
    "timestamp": "unknown"
  },
  {
    "title": "Press Releases",
    "link": "https://investor.cumberlandpharma.com/press-releases",
    "timestamp": "unknown"
  },
  {
    "title": "Contact Investor Relations",
    "link": "https://investor.cumberlandpharma.com/contact-us",
    "timestamp": "unknown"
  },
  {
    "title": "News",
    "link": "https://www.cumberlandpharma.com/news/",
    "timestamp": "unknown"
  },
  {
    "title": "Cumberland Emerging Technologies",
    "link": "https://www.cumberlandpharma.com/cumberland-emerging-technologies",
    "timestamp": "unknown"
  },
  {
    "title": "Blog",
    "link": "https://www.cumberlandpharma.com/blog",
    "timestamp": "unknown"
  },
  {
    "title": "Contact",
    "link": "https://investor.cumberlandpharma.com/search",
    "timestamp": "unknown"
  },
  {
    "title": "Contact",
    "link": "https://www.cumberlandpharma.com/contact/",
    "timestamp": "unknown"
  },
  {
    "title": "Contact",
    "link": "https://www.cumberlandpharma.com/contact/",
    "timestamp": "unknown"
  },
  {
    "title": "Contact",
    "link": "https://www.cumberlandpharma.com/contact/",
    "timestamp": "unknown"
  },
  {
    "title": "Contact",
    "link": "https://investor.cumberlandpharma.com/search",
    "timestamp": "unknown"
  },
  {
    "title": "Contact",
    "link": "https://www.cumberlandpharma.com/contact/",
    "timestamp": "unknown"
  },
  {
    "title": "Contact",
    "link": "https://www.cumberlandpharma.com/contact/",
    "timestamp": "unknown"
  },
  {
    "title": "Contact",
    "link": "https://www.cumberlandpharma.com/contact/",
    "timestamp": "unknown"
  },
  {
    "title": "Press ReleasesYearAllCALDOLOR\u00ae (IBUPROFEN) INJECTION CMS ISSUED J-CODE NOW ASSOCIATED WITH REIMBURSEMENT PRICE SUPPORTING NON-OPIOID PAIN MANAGEMENTDe",
    "link": "https://investor.cumberlandpharma.com/news-releases/news-release-details/caldolorr-ibuprofen-injection-cms-issued-j-code-now-associated",
    "timestamp": "unknown"
  },
  {
    "title": "Press ReleasesYearAllCALDOLOR\u00ae (IBUPROFEN) INJECTION CMS ISSUED J-CODE NOW ASSOCIATED WITH REIMBURSEMENT PRICE SUPPORTING NON-OPIOID PAIN MANAGEMENTDe",
    "link": "https://investor.cumberlandpharma.com/news-releases/news-release-details/caldolorr-ibuprofen-injection-cms-issued-j-code-now-associated",
    "timestamp": "unknown"
  },
  {
    "title": "YearAllCALDOLOR\u00ae (IBUPROFEN) INJECTION CMS ISSUED J-CODE NOW ASSOCIATED WITH REIMBURSEMENT PRICE SUPPORTING NON-OPIOID PAIN MANAGEMENTDec ,PDF Version",
    "link": "https://investor.cumberlandpharma.com/news-releases/news-release-details/caldolorr-ibuprofen-injection-cms-issued-j-code-now-associated",
    "timestamp": "unknown"
  },
  {
    "title": "YearAllCALDOLOR\u00ae (IBUPROFEN) INJECTION CMS ISSUED J-CODE NOW ASSOCIATED WITH REIMBURSEMENT PRICE SUPPORTING NON-OPIOID PAIN MANAGEMENTDec ,PDF Version",
    "link": "https://investor.cumberlandpharma.com/news-releases/news-release-details/caldolorr-ibuprofen-injection-cms-issued-j-code-now-associated",
    "timestamp": "unknown"
  },
  {
    "title": "YearAllCALDOLOR\u00ae (IBUPROFEN) INJECTION CMS ISSUED J-CODE NOW ASSOCIATED WITH REIMBURSEMENT PRICE SUPPORTING NON-OPIOID PAIN MANAGEMENTDec ,PDF Version",
    "link": "https://investor.cumberlandpharma.com/news-releases/news-release-details/caldolorr-ibuprofen-injection-cms-issued-j-code-now-associated",
    "timestamp": "unknown"
  },
  {
    "title": "YearAllCALDOLOR\u00ae (IBUPROFEN) INJECTION CMS ISSUED J-CODE NOW ASSOCIATED WITH REIMBURSEMENT PRICE SUPPORTING NON-OPIOID PAIN MANAGEMENTDec ,PDF Version",
    "link": "https://investor.cumberlandpharma.com/news-releases/news-release-details/caldolorr-ibuprofen-injection-cms-issued-j-code-now-associated",
    "timestamp": "unknown"
  },
  {
    "title": "YearAllCALDOLOR\u00ae (IBUPROFEN) INJECTION CMS ISSUED J-CODE NOW ASSOCIATED WITH REIMBURSEMENT PRICE SUPPORTING NON-OPIOID PAIN MANAGEMENTDec ,PDF Version",
    "link": "https://investor.cumberlandpharma.com/news-releases/news-release-details/caldolorr-ibuprofen-injection-cms-issued-j-code-now-associated",
    "timestamp": "unknown"
  },
  {
    "title": "YearAllCALDOLOR\u00ae (IBUPROFEN) INJECTION CMS ISSUED J-CODE NOW ASSOCIATED WITH REIMBURSEMENT PRICE SUPPORTING NON-OPIOID PAIN MANAGEMENTDec ,PDF Version",
    "link": "https://investor.cumberlandpharma.com/news-releases/news-release-details/caldolorr-ibuprofen-injection-cms-issued-j-code-now-associated",
    "timestamp": "unknown"
  },
  {
    "title": "YearAllCALDOLOR\u00ae (IBUPROFEN) INJECTION CMS ISSUED J-CODE NOW ASSOCIATED WITH REIMBURSEMENT PRICE SUPPORTING NON-OPIOID PAIN MANAGEMENTDec ,PDF Version",
    "link": "https://investor.cumberlandpharma.com/news-releases/news-release-details/caldolorr-ibuprofen-injection-cms-issued-j-code-now-associated",
    "timestamp": "unknown"
  },
  {
    "title": "YearAllCALDOLOR\u00ae (IBUPROFEN) INJECTION CMS ISSUED J-CODE NOW ASSOCIATED WITH REIMBURSEMENT PRICE SUPPORTING NON-OPIOID PAIN MANAGEMENTDec ,PDF Version",
    "link": "https://investor.cumberlandpharma.com/news-releases/news-release-details/caldolorr-ibuprofen-injection-cms-issued-j-code-now-associated",
    "timestamp": "unknown"
  },
  {
    "title": "YearAllCALDOLOR\u00ae (IBUPROFEN) INJECTION CMS ISSUED J-CODE NOW ASSOCIATED WITH REIMBURSEMENT PRICE SUPPORTING NON-OPIOID PAIN MANAGEMENTDec ,PDF Version",
    "link": "https://investor.cumberlandpharma.com/news-releases/news-release-details/caldolorr-ibuprofen-injection-cms-issued-j-code-now-associated",
    "timestamp": "unknown"
  },
  {
    "title": "YearAllCALDOLOR\u00ae (IBUPROFEN) INJECTION CMS ISSUED J-CODE NOW ASSOCIATED WITH REIMBURSEMENT PRICE SUPPORTING NON-OPIOID PAIN MANAGEMENTDec ,PDF Version",
    "link": "https://investor.cumberlandpharma.com/news-releases/news-release-details/caldolorr-ibuprofen-injection-cms-issued-j-code-now-associated",
    "timestamp": "unknown"
  },
  {
    "title": "YearAllCALDOLOR\u00ae (IBUPROFEN) INJECTION CMS ISSUED J-CODE NOW ASSOCIATED WITH REIMBURSEMENT PRICE SUPPORTING NON-OPIOID PAIN MANAGEMENTDec ,PDF Version",
    "link": "https://investor.cumberlandpharma.com/news-releases/news-release-details/caldolorr-ibuprofen-injection-cms-issued-j-code-now-associated",
    "timestamp": "unknown"
  },
  {
    "title": "YearAllCALDOLOR\u00ae (IBUPROFEN) INJECTION CMS ISSUED J-CODE NOW ASSOCIATED WITH REIMBURSEMENT PRICE SUPPORTING NON-OPIOID PAIN MANAGEMENTDec ,PDF Version",
    "link": "https://investor.cumberlandpharma.com/news-releases/news-release-details/caldolorr-ibuprofen-injection-cms-issued-j-code-now-associated",
    "timestamp": "unknown"
  },
  {
    "title": "YearAllCALDOLOR\u00ae (IBUPROFEN) INJECTION CMS ISSUED J-CODE NOW ASSOCIATED WITH REIMBURSEMENT PRICE SUPPORTING NON-OPIOID PAIN MANAGEMENTDec ,PDF Version",
    "link": "https://investor.cumberlandpharma.com/news-releases/news-release-details/caldolorr-ibuprofen-injection-cms-issued-j-code-now-associated",
    "timestamp": "unknown"
  },
  {
    "title": "YearAllCALDOLOR\u00ae (IBUPROFEN) INJECTION CMS ISSUED J-CODE NOW ASSOCIATED WITH REIMBURSEMENT PRICE SUPPORTING NON-OPIOID PAIN MANAGEMENTDec ,PDF Version",
    "link": "https://investor.cumberlandpharma.com/news-releases/news-release-details/caldolorr-ibuprofen-injection-cms-issued-j-code-now-associated",
    "timestamp": "unknown"
  },
  {
    "title": "YearAllCALDOLOR\u00ae (IBUPROFEN) INJECTION CMS ISSUED J-CODE NOW ASSOCIATED WITH REIMBURSEMENT PRICE SUPPORTING NON-OPIOID PAIN MANAGEMENTDec ,PDF Version",
    "link": "https://investor.cumberlandpharma.com/news-releases/news-release-details/caldolorr-ibuprofen-injection-cms-issued-j-code-now-associated",
    "timestamp": "unknown"
  },
  {
    "title": "YearAllCALDOLOR\u00ae (IBUPROFEN) INJECTION CMS ISSUED J-CODE NOW ASSOCIATED WITH REIMBURSEMENT PRICE SUPPORTING NON-OPIOID PAIN MANAGEMENTDec ,PDF Version",
    "link": "https://investor.cumberlandpharma.com/news-releases/news-release-details/caldolorr-ibuprofen-injection-cms-issued-j-code-now-associated",
    "timestamp": "unknown"
  },
  {
    "title": "YearAllCALDOLOR\u00ae (IBUPROFEN) INJECTION CMS ISSUED J-CODE NOW ASSOCIATED WITH REIMBURSEMENT PRICE SUPPORTING NON-OPIOID PAIN MANAGEMENTDec ,PDF Version",
    "link": "https://investor.cumberlandpharma.com/news-releases/news-release-details/caldolorr-ibuprofen-injection-cms-issued-j-code-now-associated",
    "timestamp": "unknown"
  },
  {
    "title": "YearAllCALDOLOR\u00ae (IBUPROFEN) INJECTION CMS ISSUED J-CODE NOW ASSOCIATED WITH REIMBURSEMENT PRICE SUPPORTING NON-OPIOID PAIN MANAGEMENTDec ,PDF Version",
    "link": "https://investor.cumberlandpharma.com/news-releases/news-release-details/caldolorr-ibuprofen-injection-cms-issued-j-code-now-associated",
    "timestamp": "unknown"
  },
  {
    "title": "YearAllCALDOLOR\u00ae (IBUPROFEN) INJECTION CMS ISSUED J-CODE NOW ASSOCIATED WITH REIMBURSEMENT PRICE SUPPORTING NON-OPIOID PAIN MANAGEMENTDec ,PDF Version",
    "link": "https://investor.cumberlandpharma.com/news-releases/news-release-details/caldolorr-ibuprofen-injection-cms-issued-j-code-now-associated",
    "timestamp": "unknown"
  },
  {
    "title": "YearAllCALDOLOR\u00ae (IBUPROFEN) INJECTION CMS ISSUED J-CODE NOW ASSOCIATED WITH REIMBURSEMENT PRICE SUPPORTING NON-OPIOID PAIN MANAGEMENTDec ,PDF Version",
    "link": "https://investor.cumberlandpharma.com/news-releases/news-release-details/caldolorr-ibuprofen-injection-cms-issued-j-code-now-associated",
    "timestamp": "unknown"
  },
  {
    "title": "YearAllCALDOLOR\u00ae (IBUPROFEN) INJECTION CMS ISSUED J-CODE NOW ASSOCIATED WITH REIMBURSEMENT PRICE SUPPORTING NON-OPIOID PAIN MANAGEMENTDec ,PDF Version",
    "link": "https://investor.cumberlandpharma.com/news-releases/news-release-details/caldolorr-ibuprofen-injection-cms-issued-j-code-now-associated",
    "timestamp": "unknown"
  },
  {
    "title": "YearAllCALDOLOR\u00ae (IBUPROFEN) INJECTION CMS ISSUED J-CODE NOW ASSOCIATED WITH REIMBURSEMENT PRICE SUPPORTING NON-OPIOID PAIN MANAGEMENTDec ,PDF Version",
    "link": "https://investor.cumberlandpharma.com/news-releases/news-release-details/caldolorr-ibuprofen-injection-cms-issued-j-code-now-associated",
    "timestamp": "unknown"
  },
  {
    "title": "YearAllCALDOLOR\u00ae (IBUPROFEN) INJECTION CMS ISSUED J-CODE NOW ASSOCIATED WITH REIMBURSEMENT PRICE SUPPORTING NON-OPIOID PAIN MANAGEMENTDec ,PDF Version",
    "link": "https://investor.cumberlandpharma.com/news-releases/news-release-details/caldolorr-ibuprofen-injection-cms-issued-j-code-now-associated",
    "timestamp": "unknown"
  },
  {
    "title": "CALDOLOR\u00ae (IBUPROFEN) INJECTION CMS ISSUED J-CODE NOW ASSOCIATED WITH REIMBURSEMENT PRICE SUPPORTING NON-OPIOID PAIN MANAGEMENTDec ,PDF VersionRead Mo",
    "link": "https://investor.cumberlandpharma.com/news-releases/news-release-details/caldolorr-ibuprofen-injection-cms-issued-j-code-now-associated",
    "timestamp": "unknown"
  },
  {
    "title": "CALDOLOR\u00ae (IBUPROFEN) INJECTION CMS ISSUED J-CODE NOW ASSOCIATED WITH REIMBURSEMENT PRICE SUPPORTING NON-OPIOID PAIN MANAGEMENTDec ,PDF VersionRead Mo",
    "link": "https://investor.cumberlandpharma.com/news-releases/news-release-details/caldolorr-ibuprofen-injection-cms-issued-j-code-now-associated",
    "timestamp": "unknown"
  },
  {
    "title": "CALDOLOR\u00ae (IBUPROFEN) INJECTION CMS ISSUED J-CODE NOW ASSOCIATED WITH REIMBURSEMENT PRICE SUPPORTING NON-OPIOID PAIN MANAGEMENTDec ,PDF VersionRead Mo",
    "link": "https://investor.cumberlandpharma.com/news-releases/news-release-details/caldolorr-ibuprofen-injection-cms-issued-j-code-now-associated",
    "timestamp": "unknown"
  },
  {
    "title": "CALDOLOR\u00ae (IBUPROFEN) INJECTION CMS ISSUED J-CODE NOW ASSOCIATED WITH REIMBURSEMENT PRICE SUPPORTING NON-OPIOID PAIN MANAGEMENTDec ,PDF VersionRead Mo",
    "link": "https://investor.cumberlandpharma.com/news-releases/news-release-details/caldolorr-ibuprofen-injection-cms-issued-j-code-now-associated",
    "timestamp": "unknown"
  },
  {
    "title": "CALDOLOR\u00ae (IBUPROFEN) INJECTION CMS ISSUED J-CODE NOW ASSOCIATED WITH REIMBURSEMENT PRICE SUPPORTING NON-OPIOID PAIN MANAGEMENTDec ,PDF VersionRead Mo",
    "link": "https://investor.cumberlandpharma.com/news-releases/news-release-details/caldolorr-ibuprofen-injection-cms-issued-j-code-now-associated",
    "timestamp": "unknown"
  },
  {
    "title": "CALDOLOR\u00ae (IBUPROFEN) INJECTION CMS ISSUED J-CODE NOW ASSOCIATED WITH REIMBURSEMENT PRICE SUPPORTING NON-OPIOID PAIN MANAGEMENT",
    "link": "https://investor.cumberlandpharma.com/news-releases/news-release-details/caldolorr-ibuprofen-injection-cms-issued-j-code-now-associated",
    "timestamp": "unknown"
  },
  {
    "title": "CALDOLOR\u00ae (IBUPROFEN) INJECTION CMS ISSUED J-CODE NOW ASSOCIATED WITH REIMBURSEMENT PRICE SUPPORTING NON-OPIOID PAIN MANAGEMENT",
    "link": "https://investor.cumberlandpharma.com/news-releases/news-release-details/caldolorr-ibuprofen-injection-cms-issued-j-code-now-associated",
    "timestamp": "unknown"
  },
  {
    "title": "Dec ,PDF VersionRead More",
    "link": "https://investor.cumberlandpharma.com/node//pdf",
    "timestamp": "unknown"
  },
  {
    "title": "Dec ,PDF Version",
    "link": "https://investor.cumberlandpharma.com/node//pdf",
    "timestamp": "unknown"
  },
  {
    "title": "PDF Version",
    "link": "https://investor.cumberlandpharma.com/node//pdf",
    "timestamp": "unknown"
  },
  {
    "title": "PDF Version",
    "link": "https://investor.cumberlandpharma.com/node//pdf",
    "timestamp": "unknown"
  },
  {
    "title": "Read More",
    "link": "https://investor.cumberlandpharma.com/news-releases/news-release-details/caldolorr-ibuprofen-injection-cms-issued-j-code-now-associated",
    "timestamp": "unknown"
  },
  {
    "title": "Read More",
    "link": "https://investor.cumberlandpharma.com/news-releases/news-release-details/caldolorr-ibuprofen-injection-cms-issued-j-code-now-associated",
    "timestamp": "unknown"
  },
  {
    "title": "Cumberland Pharmaceuticals Reports % Year-to-Date Revenue GrowthNov ,PDF VersionRead More",
    "link": "https://investor.cumberlandpharma.com/news-releases/news-release-details/cumberland-pharmaceuticals-reports--year-date-revenue-growth",
    "timestamp": "unknown"
  },
  {
    "title": "Cumberland Pharmaceuticals Reports % Year-to-Date Revenue GrowthNov ,PDF VersionRead More",
    "link": "https://investor.cumberlandpharma.com/news-releases/news-release-details/cumberland-pharmaceuticals-reports--year-date-revenue-growth",
    "timestamp": "unknown"
  },
  {
    "title": "Cumberland Pharmaceuticals Reports % Year-to-Date Revenue GrowthNov ,PDF VersionRead More",
    "link": "https://investor.cumberlandpharma.com/news-releases/news-release-details/cumberland-pharmaceuticals-reports--year-date-revenue-growth",
    "timestamp": "unknown"
  },
  {
    "title": "Cumberland Pharmaceuticals Reports % Year-to-Date Revenue GrowthNov ,PDF VersionRead More",
    "link": "https://investor.cumberlandpharma.com/news-releases/news-release-details/cumberland-pharmaceuticals-reports--year-date-revenue-growth",
    "timestamp": "unknown"
  },
  {
    "title": "Cumberland Pharmaceuticals Reports % Year-to-Date Revenue Growth",
    "link": "https://investor.cumberlandpharma.com/news-releases/news-release-details/cumberland-pharmaceuticals-reports--year-date-revenue-growth",
    "timestamp": "unknown"
  },
  {
    "title": "Cumberland Pharmaceuticals Reports % Year-to-Date Revenue Growth",
    "link": "https://investor.cumberlandpharma.com/news-releases/news-release-details/cumberland-pharmaceuticals-reports--year-date-revenue-growth",
    "timestamp": "unknown"
  },
  {
    "title": "Nov ,PDF VersionRead More",
    "link": "https://investor.cumberlandpharma.com/static-files/d56d992b--4efb-ada0-3d04db1d37e4",
    "timestamp": "unknown"
  },
  {
    "title": "Nov ,PDF Version",
    "link": "https://investor.cumberlandpharma.com/static-files/d56d992b--4efb-ada0-3d04db1d37e4",
    "timestamp": "unknown"
  },
  {
    "title": "PDF Version",
    "link": "https://investor.cumberlandpharma.com/static-files/d56d992b--4efb-ada0-3d04db1d37e4",
    "timestamp": "unknown"
  },
  {
    "title": "PDF Version",
    "link": "https://investor.cumberlandpharma.com/static-files/d56d992b--4efb-ada0-3d04db1d37e4",
    "timestamp": "unknown"
  },
  {
    "title": "Read More",
    "link": "https://investor.cumberlandpharma.com/news-releases/news-release-details/cumberland-pharmaceuticals-reports--year-date-revenue-growth",
    "timestamp": "unknown"
  },
  {
    "title": "Read More",
    "link": "https://investor.cumberlandpharma.com/news-releases/news-release-details/cumberland-pharmaceuticals-reports--year-date-revenue-growth",
    "timestamp": "unknown"
  },
  {
    "title": "Cumberland Pharmaceuticals to Announce Q3  Financial Results & Company UpdateOct ,PDF VersionRead More",
    "link": "https://investor.cumberlandpharma.com/news-releases/news-release-details/cumberland-pharmaceuticals-announce-q3--financial-results",
    "timestamp": "unknown"
  },
  {
    "title": "Cumberland Pharmaceuticals to Announce Q3  Financial Results & Company UpdateOct ,PDF VersionRead More",
    "link": "https://investor.cumberlandpharma.com/news-releases/news-release-details/cumberland-pharmaceuticals-announce-q3--financial-results",
    "timestamp": "unknown"
  },
  {
    "title": "Cumberland Pharmaceuticals to Announce Q3  Financial Results & Company UpdateOct ,PDF VersionRead More",
    "link": "https://investor.cumberlandpharma.com/news-releases/news-release-details/cumberland-pharmaceuticals-announce-q3--financial-results",
    "timestamp": "unknown"
  },
  {
    "title": "Cumberland Pharmaceuticals to Announce Q3  Financial Results & Company UpdateOct ,PDF VersionRead More",
    "link": "https://investor.cumberlandpharma.com/news-releases/news-release-details/cumberland-pharmaceuticals-announce-q3--financial-results",
    "timestamp": "unknown"
  },
  {
    "title": "Cumberland Pharmaceuticals to Announce Q3  Financial Results & Company Update",
    "link": "https://investor.cumberlandpharma.com/news-releases/news-release-details/cumberland-pharmaceuticals-announce-q3--financial-results",
    "timestamp": "unknown"
  },
  {
    "title": "Cumberland Pharmaceuticals to Announce Q3  Financial Results & Company Update",
    "link": "https://investor.cumberlandpharma.com/news-releases/news-release-details/cumberland-pharmaceuticals-announce-q3--financial-results",
    "timestamp": "unknown"
  },
  {
    "title": "Oct ,PDF VersionRead More",
    "link": "https://investor.cumberlandpharma.com/static-files/444bca93-63ca-4cb5-bcb5-7955c2eaf753",
    "timestamp": "unknown"
  },
  {
    "title": "Oct ,PDF Version",
    "link": "https://investor.cumberlandpharma.com/static-files/444bca93-63ca-4cb5-bcb5-7955c2eaf753",
    "timestamp": "unknown"
  },
  {
    "title": "PDF Version",
    "link": "https://investor.cumberlandpharma.com/static-files/444bca93-63ca-4cb5-bcb5-7955c2eaf753",
    "timestamp": "unknown"
  },
  {
    "title": "PDF Version",
    "link": "https://investor.cumberlandpharma.com/static-files/444bca93-63ca-4cb5-bcb5-7955c2eaf753",
    "timestamp": "unknown"
  },
  {
    "title": "Read More",
    "link": "https://investor.cumberlandpharma.com/news-releases/news-release-details/cumberland-pharmaceuticals-announce-q3--financial-results",
    "timestamp": "unknown"
  },
  {
    "title": "Read More",
    "link": "https://investor.cumberlandpharma.com/news-releases/news-release-details/cumberland-pharmaceuticals-announce-q3--financial-results",
    "timestamp": "unknown"
  },
  {
    "title": "Cumberland Pharmaceuticals Announces the Addition of an Established FDA-Approved Product to Its Commercial PortfolioOct ,PDF VersionRead More",
    "link": "https://investor.cumberlandpharma.com/news-releases/news-release-details/cumberland-phamaceuticals-announces-addition-established-fda",
    "timestamp": "unknown"
  },
  {
    "title": "Cumberland Pharmaceuticals Announces the Addition of an Established FDA-Approved Product to Its Commercial PortfolioOct ,PDF VersionRead More",
    "link": "https://investor.cumberlandpharma.com/news-releases/news-release-details/cumberland-phamaceuticals-announces-addition-established-fda",
    "timestamp": "unknown"
  },
  {
    "title": "Cumberland Pharmaceuticals Announces the Addition of an Established FDA-Approved Product to Its Commercial PortfolioOct ,PDF VersionRead More",
    "link": "https://investor.cumberlandpharma.com/news-releases/news-release-details/cumberland-phamaceuticals-announces-addition-established-fda",
    "timestamp": "unknown"
  },
  {
    "title": "Cumberland Pharmaceuticals Announces the Addition of an Established FDA-Approved Product to Its Commercial PortfolioOct ,PDF VersionRead More",
    "link": "https://investor.cumberlandpharma.com/news-releases/news-release-details/cumberland-phamaceuticals-announces-addition-established-fda",
    "timestamp": "unknown"
  },
  {
    "title": "Cumberland Pharmaceuticals Announces the Addition of an Established FDA-Approved Product to Its Commercial Portfolio",
    "link": "https://investor.cumberlandpharma.com/news-releases/news-release-details/cumberland-phamaceuticals-announces-addition-established-fda",
    "timestamp": "unknown"
  },
  {
    "title": "Cumberland Pharmaceuticals Announces the Addition of an Established FDA-Approved Product to Its Commercial Portfolio",
    "link": "https://investor.cumberlandpharma.com/news-releases/news-release-details/cumberland-phamaceuticals-announces-addition-established-fda",
    "timestamp": "unknown"
  },
  {
    "title": "Oct ,PDF VersionRead More",
    "link": "https://investor.cumberlandpharma.com/static-files/34cc1ee7-6c64-4fd8-b71f-e02cd86b88fa",
    "timestamp": "unknown"
  },
  {
    "title": "Oct ,PDF Version",
    "link": "https://investor.cumberlandpharma.com/static-files/34cc1ee7-6c64-4fd8-b71f-e02cd86b88fa",
    "timestamp": "unknown"
  },
  {
    "title": "PDF Version",
    "link": "https://investor.cumberlandpharma.com/static-files/34cc1ee7-6c64-4fd8-b71f-e02cd86b88fa",
    "timestamp": "unknown"
  },
  {
    "title": "PDF Version",
    "link": "https://investor.cumberlandpharma.com/static-files/34cc1ee7-6c64-4fd8-b71f-e02cd86b88fa",
    "timestamp": "unknown"
  },
  {
    "title": "Read More",
    "link": "https://investor.cumberlandpharma.com/news-releases/news-release-details/cumberland-phamaceuticals-announces-addition-established-fda",
    "timestamp": "unknown"
  },
  {
    "title": "Read More",
    "link": "https://investor.cumberlandpharma.com/news-releases/news-release-details/cumberland-phamaceuticals-announces-addition-established-fda",
    "timestamp": "unknown"
  },
  {
    "title": "Cumberland Pharmaceuticals&#; Vibativ\u00ae Added to National Group Purchasing Agreement with Premier, Inc.Oct ,PDF VersionRead More",
    "link": "https://investor.cumberlandpharma.com/news-releases/news-release-details/cumberland-pharmaceuticals-vibativr-added-national-group",
    "timestamp": "unknown"
  },
  {
    "title": "Cumberland Pharmaceuticals&#; Vibativ\u00ae Added to National Group Purchasing Agreement with Premier, Inc.Oct ,PDF VersionRead More",
    "link": "https://investor.cumberlandpharma.com/news-releases/news-release-details/cumberland-pharmaceuticals-vibativr-added-national-group",
    "timestamp": "unknown"
  },
  {
    "title": "Cumberland Pharmaceuticals&#; Vibativ\u00ae Added to National Group Purchasing Agreement with Premier, Inc.Oct ,PDF VersionRead More",
    "link": "https://investor.cumberlandpharma.com/news-releases/news-release-details/cumberland-pharmaceuticals-vibativr-added-national-group",
    "timestamp": "unknown"
  },
  {
    "title": "Cumberland Pharmaceuticals&#; Vibativ\u00ae Added to National Group Purchasing Agreement with Premier, Inc.Oct ,PDF VersionRead More",
    "link": "https://investor.cumberlandpharma.com/news-releases/news-release-details/cumberland-pharmaceuticals-vibativr-added-national-group",
    "timestamp": "unknown"
  },
  {
    "title": "Cumberland Pharmaceuticals&#; Vibativ\u00ae Added to National Group Purchasing Agreement with Premier, Inc.",
    "link": "https://investor.cumberlandpharma.com/news-releases/news-release-details/cumberland-pharmaceuticals-vibativr-added-national-group",
    "timestamp": "unknown"
  },
  {
    "title": "Cumberland Pharmaceuticals&#; Vibativ\u00ae Added to National Group Purchasing Agreement with Premier, Inc.",
    "link": "https://investor.cumberlandpharma.com/news-releases/news-release-details/cumberland-pharmaceuticals-vibativr-added-national-group",
    "timestamp": "unknown"
  },
  {
    "title": "Oct ,PDF VersionRead More",
    "link": "https://investor.cumberlandpharma.com/static-files/8d6f37e7-cb05-4abc-8c6b-e0a2512714ac",
    "timestamp": "unknown"
  },
  {
    "title": "Oct ,PDF Version",
    "link": "https://investor.cumberlandpharma.com/static-files/8d6f37e7-cb05-4abc-8c6b-e0a2512714ac",
    "timestamp": "unknown"
  },
  {
    "title": "PDF Version",
    "link": "https://investor.cumberlandpharma.com/static-files/8d6f37e7-cb05-4abc-8c6b-e0a2512714ac",
    "timestamp": "unknown"
  },
  {
    "title": "PDF Version",
    "link": "https://investor.cumberlandpharma.com/static-files/8d6f37e7-cb05-4abc-8c6b-e0a2512714ac",
    "timestamp": "unknown"
  },
  {
    "title": "Read More",
    "link": "https://investor.cumberlandpharma.com/news-releases/news-release-details/cumberland-pharmaceuticals-vibativr-added-national-group",
    "timestamp": "unknown"
  },
  {
    "title": "Read More",
    "link": "https://investor.cumberlandpharma.com/news-releases/news-release-details/cumberland-pharmaceuticals-vibativr-added-national-group",
    "timestamp": "unknown"
  },
  {
    "title": "Cumberland Pharmaceuticals Announces Product Approval in MexicoOct ,PDF VersionRead More",
    "link": "https://investor.cumberlandpharma.com/news-releases/news-release-details/cumberland-pharmaceuticals-announces-product-approval-mexico",
    "timestamp": "unknown"
  },
  {
    "title": "Cumberland Pharmaceuticals Announces Product Approval in MexicoOct ,PDF VersionRead More",
    "link": "https://investor.cumberlandpharma.com/news-releases/news-release-details/cumberland-pharmaceuticals-announces-product-approval-mexico",
    "timestamp": "unknown"
  },
  {
    "title": "Cumberland Pharmaceuticals Announces Product Approval in MexicoOct ,PDF VersionRead More",
    "link": "https://investor.cumberlandpharma.com/news-releases/news-release-details/cumberland-pharmaceuticals-announces-product-approval-mexico",
    "timestamp": "unknown"
  },
  {
    "title": "Cumberland Pharmaceuticals Announces Product Approval in MexicoOct ,PDF VersionRead More",
    "link": "https://investor.cumberlandpharma.com/news-releases/news-release-details/cumberland-pharmaceuticals-announces-product-approval-mexico",
    "timestamp": "unknown"
  },
  {
    "title": "Cumberland Pharmaceuticals Announces Product Approval in Mexico",
    "link": "https://investor.cumberlandpharma.com/news-releases/news-release-details/cumberland-pharmaceuticals-announces-product-approval-mexico",
    "timestamp": "unknown"
  },
  {
    "title": "Cumberland Pharmaceuticals Announces Product Approval in Mexico",
    "link": "https://investor.cumberlandpharma.com/news-releases/news-release-details/cumberland-pharmaceuticals-announces-product-approval-mexico",
    "timestamp": "unknown"
  },
  {
    "title": "Oct ,PDF VersionRead More",
    "link": "https://investor.cumberlandpharma.com/static-files/2a491f1d-ba67-4f26-98f3-e6be304f721f",
    "timestamp": "unknown"
  },
  {
    "title": "Oct ,PDF Version",
    "link": "https://investor.cumberlandpharma.com/static-files/2a491f1d-ba67-4f26-98f3-e6be304f721f",
    "timestamp": "unknown"
  },
  {
    "title": "PDF Version",
    "link": "https://investor.cumberlandpharma.com/static-files/2a491f1d-ba67-4f26-98f3-e6be304f721f",
    "timestamp": "unknown"
  },
  {
    "title": "PDF Version",
    "link": "https://investor.cumberlandpharma.com/static-files/2a491f1d-ba67-4f26-98f3-e6be304f721f",
    "timestamp": "unknown"
  },
  {
    "title": "Read More",
    "link": "https://investor.cumberlandpharma.com/news-releases/news-release-details/cumberland-pharmaceuticals-announces-product-approval-mexico",
    "timestamp": "unknown"
  },
  {
    "title": "Read More",
    "link": "https://investor.cumberlandpharma.com/news-releases/news-release-details/cumberland-pharmaceuticals-announces-product-approval-mexico",
    "timestamp": "unknown"
  },
  {
    "title": "Tabuk Launches Vibativ\u00ae FDA-approved Antibiotic with Life-Saving Potential in Saudi ArabiaSep ,PDF VersionRead More",
    "link": "https://investor.cumberlandpharma.com/news-releases/news-release-details/tabuk-launches-vibativr-fda-approved-antibiotic-life-saving",
    "timestamp": "unknown"
  },
  {
    "title": "Tabuk Launches Vibativ\u00ae FDA-approved Antibiotic with Life-Saving Potential in Saudi ArabiaSep ,PDF VersionRead More",
    "link": "https://investor.cumberlandpharma.com/news-releases/news-release-details/tabuk-launches-vibativr-fda-approved-antibiotic-life-saving",
    "timestamp": "unknown"
  },
  {
    "title": "Tabuk Launches Vibativ\u00ae FDA-approved Antibiotic with Life-Saving Potential in Saudi ArabiaSep ,PDF VersionRead More",
    "link": "https://investor.cumberlandpharma.com/news-releases/news-release-details/tabuk-launches-vibativr-fda-approved-antibiotic-life-saving",
    "timestamp": "unknown"
  },
  {
    "title": "Tabuk Launches Vibativ\u00ae FDA-approved Antibiotic with Life-Saving Potential in Saudi ArabiaSep ,PDF VersionRead More",
    "link": "https://investor.cumberlandpharma.com/news-releases/news-release-details/tabuk-launches-vibativr-fda-approved-antibiotic-life-saving",
    "timestamp": "unknown"
  },
  {
    "title": "Tabuk Launches Vibativ\u00ae FDA-approved Antibiotic with Life-Saving Potential in Saudi Arabia",
    "link": "https://investor.cumberlandpharma.com/news-releases/news-release-details/tabuk-launches-vibativr-fda-approved-antibiotic-life-saving",
    "timestamp": "unknown"
  },
  {
    "title": "Tabuk Launches Vibativ\u00ae FDA-approved Antibiotic with Life-Saving Potential in Saudi Arabia",
    "link": "https://investor.cumberlandpharma.com/news-releases/news-release-details/tabuk-launches-vibativr-fda-approved-antibiotic-life-saving",
    "timestamp": "unknown"
  },
  {
    "title": "Sep ,PDF VersionRead More",
    "link": "https://investor.cumberlandpharma.com/static-files/7bcd5ca9--43fa-970f-8eb92dfb44ad",
    "timestamp": "unknown"
  },
  {
    "title": "Sep ,PDF Version",
    "link": "https://investor.cumberlandpharma.com/static-files/7bcd5ca9--43fa-970f-8eb92dfb44ad",
    "timestamp": "unknown"
  },
  {
    "title": "PDF Version",
    "link": "https://investor.cumberlandpharma.com/static-files/7bcd5ca9--43fa-970f-8eb92dfb44ad",
    "timestamp": "unknown"
  },
  {
    "title": "PDF Version",
    "link": "https://investor.cumberlandpharma.com/static-files/7bcd5ca9--43fa-970f-8eb92dfb44ad",
    "timestamp": "unknown"
  },
  {
    "title": "Read More",
    "link": "https://investor.cumberlandpharma.com/news-releases/news-release-details/tabuk-launches-vibativr-fda-approved-antibiotic-life-saving",
    "timestamp": "unknown"
  },
  {
    "title": "Read More",
    "link": "https://investor.cumberlandpharma.com/news-releases/news-release-details/tabuk-launches-vibativr-fda-approved-antibiotic-life-saving",
    "timestamp": "unknown"
  },
  {
    "title": "Cumberland Pharmaceuticals Reports % Revenue Growth Year-to-DateAug ,Cumberland Pharmaceuticals Reports % Revenue Growth Year-to-DateRead More",
    "link": "https://investor.cumberlandpharma.com/news-releases/news-release-details/cumberland-pharmaceuticals-reports--revenue-growth-year-date",
    "timestamp": "unknown"
  },
  {
    "title": "Cumberland Pharmaceuticals Reports % Revenue Growth Year-to-DateAug ,Cumberland Pharmaceuticals Reports % Revenue Growth Year-to-DateRead More",
    "link": "https://investor.cumberlandpharma.com/news-releases/news-release-details/cumberland-pharmaceuticals-reports--revenue-growth-year-date",
    "timestamp": "unknown"
  },
  {
    "title": "Cumberland Pharmaceuticals Reports % Revenue Growth Year-to-DateAug ,Cumberland Pharmaceuticals Reports % Revenue Growth Year-to-DateRead More",
    "link": "https://investor.cumberlandpharma.com/news-releases/news-release-details/cumberland-pharmaceuticals-reports--revenue-growth-year-date",
    "timestamp": "unknown"
  },
  {
    "title": "Cumberland Pharmaceuticals Reports % Revenue Growth Year-to-DateAug ,Cumberland Pharmaceuticals Reports % Revenue Growth Year-to-DateRead More",
    "link": "https://investor.cumberlandpharma.com/news-releases/news-release-details/cumberland-pharmaceuticals-reports--revenue-growth-year-date",
    "timestamp": "unknown"
  },
  {
    "title": "Cumberland Pharmaceuticals Reports % Revenue Growth Year-to-Date",
    "link": "https://investor.cumberlandpharma.com/news-releases/news-release-details/cumberland-pharmaceuticals-reports--revenue-growth-year-date",
    "timestamp": "unknown"
  },
  {
    "title": "Cumberland Pharmaceuticals Reports % Revenue Growth Year-to-Date",
    "link": "https://investor.cumberlandpharma.com/news-releases/news-release-details/cumberland-pharmaceuticals-reports--revenue-growth-year-date",
    "timestamp": "unknown"
  },
  {
    "title": "Aug ,Cumberland Pharmaceuticals Reports % Revenue Growth Year-to-DateRead More",
    "link": "https://investor.cumberlandpharma.com/static-files/5db4b253-fa9c-42fb-825f-fe49acfe8872",
    "timestamp": "unknown"
  },
  {
    "title": "Aug ,Cumberland Pharmaceuticals Reports % Revenue Growth Year-to-Date",
    "link": "https://investor.cumberlandpharma.com/static-files/5db4b253-fa9c-42fb-825f-fe49acfe8872",
    "timestamp": "unknown"
  },
  {
    "title": "Cumberland Pharmaceuticals Reports % Revenue Growth Year-to-Date",
    "link": "https://investor.cumberlandpharma.com/static-files/5db4b253-fa9c-42fb-825f-fe49acfe8872",
    "timestamp": "unknown"
  },
  {
    "title": "Cumberland Pharmaceuticals Reports % Revenue Growth Year-to-Date",
    "link": "https://investor.cumberlandpharma.com/static-files/5db4b253-fa9c-42fb-825f-fe49acfe8872",
    "timestamp": "unknown"
  },
  {
    "title": "Read More",
    "link": "https://investor.cumberlandpharma.com/news-releases/news-release-details/cumberland-pharmaceuticals-reports--revenue-growth-year-date",
    "timestamp": "unknown"
  },
  {
    "title": "Read More",
    "link": "https://investor.cumberlandpharma.com/news-releases/news-release-details/cumberland-pharmaceuticals-reports--revenue-growth-year-date",
    "timestamp": "unknown"
  },
  {
    "title": "Cumberland Pharmaceuticals Receives Vizient Contract For New Vibativ\u00ae -Vial Starter PakAug ,CUMBERLANDPHARMACEUTICALS RECEIVES VIZIENT CONTRACT FOR NE",
    "link": "https://investor.cumberlandpharma.com/news-releases/news-release-details/cumberland-pharmaceuticals-receives-vizient-contract-new",
    "timestamp": "unknown"
  },
  {
    "title": "Cumberland Pharmaceuticals Receives Vizient Contract For New Vibativ\u00ae -Vial Starter PakAug ,CUMBERLANDPHARMACEUTICALS RECEIVES VIZIENT CONTRACT FOR NE",
    "link": "https://investor.cumberlandpharma.com/news-releases/news-release-details/cumberland-pharmaceuticals-receives-vizient-contract-new",
    "timestamp": "unknown"
  },
  {
    "title": "Cumberland Pharmaceuticals Receives Vizient Contract For New Vibativ\u00ae -Vial Starter PakAug ,CUMBERLANDPHARMACEUTICALS RECEIVES VIZIENT CONTRACT FOR NE",
    "link": "https://investor.cumberlandpharma.com/news-releases/news-release-details/cumberland-pharmaceuticals-receives-vizient-contract-new",
    "timestamp": "unknown"
  },
  {
    "title": "Cumberland Pharmaceuticals Receives Vizient Contract For New Vibativ\u00ae -Vial Starter PakAug ,CUMBERLANDPHARMACEUTICALS RECEIVES VIZIENT CONTRACT FOR NE",
    "link": "https://investor.cumberlandpharma.com/news-releases/news-release-details/cumberland-pharmaceuticals-receives-vizient-contract-new",
    "timestamp": "unknown"
  },
  {
    "title": "Cumberland Pharmaceuticals Receives Vizient Contract For New Vibativ\u00ae -Vial Starter Pak",
    "link": "https://investor.cumberlandpharma.com/news-releases/news-release-details/cumberland-pharmaceuticals-receives-vizient-contract-new",
    "timestamp": "unknown"
  },
  {
    "title": "Cumberland Pharmaceuticals Receives Vizient Contract For New Vibativ\u00ae -Vial Starter Pak",
    "link": "https://investor.cumberlandpharma.com/news-releases/news-release-details/cumberland-pharmaceuticals-receives-vizient-contract-new",
    "timestamp": "unknown"
  },
  {
    "title": "Aug ,CUMBERLANDPHARMACEUTICALS RECEIVES VIZIENT CONTRACT FOR NEW VIBATIV\u00ae -VIAL STARTER PAKRead More",
    "link": "https://investor.cumberlandpharma.com/static-files/6fbacf2f-ec75-4bd6-af46-d8409ad233ce",
    "timestamp": "unknown"
  },
  {
    "title": "Aug ,CUMBERLANDPHARMACEUTICALS RECEIVES VIZIENT CONTRACT FOR NEW VIBATIV\u00ae -VIAL STARTER PAK",
    "link": "https://investor.cumberlandpharma.com/static-files/6fbacf2f-ec75-4bd6-af46-d8409ad233ce",
    "timestamp": "unknown"
  },
  {
    "title": "CUMBERLANDPHARMACEUTICALS RECEIVES VIZIENT CONTRACT FOR NEW VIBATIV\u00ae -VIAL STARTER PAK",
    "link": "https://investor.cumberlandpharma.com/static-files/6fbacf2f-ec75-4bd6-af46-d8409ad233ce",
    "timestamp": "unknown"
  },
  {
    "title": "CUMBERLANDPHARMACEUTICALS RECEIVES VIZIENT CONTRACT FOR NEW VIBATIV\u00ae -VIAL STARTER PAK",
    "link": "https://investor.cumberlandpharma.com/static-files/6fbacf2f-ec75-4bd6-af46-d8409ad233ce",
    "timestamp": "unknown"
  },
  {
    "title": "Read More",
    "link": "https://investor.cumberlandpharma.com/news-releases/news-release-details/cumberland-pharmaceuticals-receives-vizient-contract-new",
    "timestamp": "unknown"
  },
  {
    "title": "Read More",
    "link": "https://investor.cumberlandpharma.com/news-releases/news-release-details/cumberland-pharmaceuticals-receives-vizient-contract-new",
    "timestamp": "unknown"
  },
  {
    "title": "Cumberland Pharmaceuticals To Announce Q2  Financial Results & Company UpdateJul ,CUMBERLAND PHARMACEUTICALS TO ANNOUNCE Q2  FINANCIAL RESULTS & COMPA",
    "link": "https://investor.cumberlandpharma.com/news-releases/news-release-details/cumberland-pharmaceuticals-announce-q2--financial-results",
    "timestamp": "unknown"
  },
  {
    "title": "Cumberland Pharmaceuticals To Announce Q2  Financial Results & Company UpdateJul ,CUMBERLAND PHARMACEUTICALS TO ANNOUNCE Q2  FINANCIAL RESULTS & COMPA",
    "link": "https://investor.cumberlandpharma.com/news-releases/news-release-details/cumberland-pharmaceuticals-announce-q2--financial-results",
    "timestamp": "unknown"
  },
  {
    "title": "Cumberland Pharmaceuticals To Announce Q2  Financial Results & Company UpdateJul ,CUMBERLAND PHARMACEUTICALS TO ANNOUNCE Q2  FINANCIAL RESULTS & COMPA",
    "link": "https://investor.cumberlandpharma.com/news-releases/news-release-details/cumberland-pharmaceuticals-announce-q2--financial-results",
    "timestamp": "unknown"
  },
  {
    "title": "Cumberland Pharmaceuticals To Announce Q2  Financial Results & Company UpdateJul ,CUMBERLAND PHARMACEUTICALS TO ANNOUNCE Q2  FINANCIAL RESULTS & COMPA",
    "link": "https://investor.cumberlandpharma.com/news-releases/news-release-details/cumberland-pharmaceuticals-announce-q2--financial-results",
    "timestamp": "unknown"
  },
  {
    "title": "Cumberland Pharmaceuticals To Announce Q2  Financial Results & Company Update",
    "link": "https://investor.cumberlandpharma.com/news-releases/news-release-details/cumberland-pharmaceuticals-announce-q2--financial-results",
    "timestamp": "unknown"
  },
  {
    "title": "Cumberland Pharmaceuticals To Announce Q2  Financial Results & Company Update",
    "link": "https://investor.cumberlandpharma.com/news-releases/news-release-details/cumberland-pharmaceuticals-announce-q2--financial-results",
    "timestamp": "unknown"
  },
  {
    "title": "Jul ,CUMBERLAND PHARMACEUTICALS TO ANNOUNCE Q2  FINANCIAL RESULTS & COMPANY UPDATERead More",
    "link": "https://investor.cumberlandpharma.com/static-files/91b9c73f---86d2-958246ba7666",
    "timestamp": "unknown"
  },
  {
    "title": "Jul ,CUMBERLAND PHARMACEUTICALS TO ANNOUNCE Q2  FINANCIAL RESULTS & COMPANY UPDATE",
    "link": "https://investor.cumberlandpharma.com/static-files/91b9c73f---86d2-958246ba7666",
    "timestamp": "unknown"
  },
  {
    "title": "CUMBERLAND PHARMACEUTICALS TO ANNOUNCE Q2  FINANCIAL RESULTS & COMPANY UPDATE",
    "link": "https://investor.cumberlandpharma.com/static-files/91b9c73f---86d2-958246ba7666",
    "timestamp": "unknown"
  },
  {
    "title": "CUMBERLAND PHARMACEUTICALS TO ANNOUNCE Q2  FINANCIAL RESULTS & COMPANY UPDATE",
    "link": "https://investor.cumberlandpharma.com/static-files/91b9c73f---86d2-958246ba7666",
    "timestamp": "unknown"
  },
  {
    "title": "Read More",
    "link": "https://investor.cumberlandpharma.com/news-releases/news-release-details/cumberland-pharmaceuticals-announce-q2--financial-results",
    "timestamp": "unknown"
  },
  {
    "title": "Read More",
    "link": "https://investor.cumberlandpharma.com/news-releases/news-release-details/cumberland-pharmaceuticals-announce-q2--financial-results",
    "timestamp": "unknown"
  },
  {
    "title": "Current pagePageNext page\u203aLast page\u00bbDisplaying  -  of",
    "link": "https://investor.cumberlandpharma.com/press-releases?mobile=&page=%2C0",
    "timestamp": "unknown"
  },
  {
    "title": "Current pagePageNext page\u203aLast page\u00bb",
    "link": "https://investor.cumberlandpharma.com/press-releases?mobile=&page=%2C0",
    "timestamp": "unknown"
  },
  {
    "title": "Current pagePageNext page\u203aLast page\u00bb",
    "link": "https://investor.cumberlandpharma.com/press-releases?mobile=&page=%2C0",
    "timestamp": "unknown"
  },
  {
    "title": "Current page",
    "link": "https://investor.cumberlandpharma.com/press-releases?mobile=&page=%2C0",
    "timestamp": "unknown"
  },
  {
    "title": "Page",
    "link": "https://investor.cumberlandpharma.com/press-releases?mobile=&page=%2C0",
    "timestamp": "unknown"
  },
  {
    "title": "Next page\u203a",
    "link": "https://investor.cumberlandpharma.com/press-releases?mobile=&page=%2C0",
    "timestamp": "unknown"
  },
  {
    "title": "Last page\u00bb",
    "link": "https://investor.cumberlandpharma.com/press-releases?mobile=&page=%2C0",
    "timestamp": "unknown"
  },
  {
    "title": "\u00a9  Cumberland Pharmaceuticals, Inc. All Rights Reserved.Privacy PolicyAccessibility StatementTerms of Use",
    "link": "https://investor.cumberlandpharma.com/static-files/f819b758-9f74-45a4-b924-f96b331ad7ad",
    "timestamp": "unknown"
  },
  {
    "title": "\u00a9  Cumberland Pharmaceuticals, Inc. All Rights Reserved.Privacy PolicyAccessibility StatementTerms of Use",
    "link": "https://investor.cumberlandpharma.com/static-files/f819b758-9f74-45a4-b924-f96b331ad7ad",
    "timestamp": "unknown"
  },
  {
    "title": "\u00a9  Cumberland Pharmaceuticals, Inc. All Rights Reserved.Privacy PolicyAccessibility StatementTerms of Use",
    "link": "https://investor.cumberlandpharma.com/static-files/f819b758-9f74-45a4-b924-f96b331ad7ad",
    "timestamp": "unknown"
  },
  {
    "title": "Privacy Policy",
    "link": "https://investor.cumberlandpharma.com/static-files/f819b758-9f74-45a4-b924-f96b331ad7ad",
    "timestamp": "unknown"
  },
  {
    "title": "Accessibility Statement",
    "link": "https://investor.cumberlandpharma.com/static-files/67dcb0f6--4b8a-858d-927bae729a93",
    "timestamp": "unknown"
  },
  {
    "title": "Terms of Use",
    "link": "https://investor.cumberlandpharma.com/static-files/c3916723--4fd9-b267-80f2ecc17ec1",
    "timestamp": "unknown"
  }
]