[
  {
    "title": "InvestorsPress ReleasesEventsStock InformationFinancialsGovernanceInvestor ResourcesNewsroomMedical ProfessionalsCareersIntern ProgramPostdoctoral Pro",
    "link": "https://ir.ionis.com/",
    "timestamp": "unknown"
  },
  {
    "title": "InvestorsPress ReleasesEventsStock InformationFinancialsGovernanceInvestor ResourcesNewsroomMedical ProfessionalsCareersIntern ProgramPostdoctoral Pro",
    "link": "https://ir.ionis.com/",
    "timestamp": "unknown"
  },
  {
    "title": "InvestorsPress ReleasesEventsStock InformationFinancialsGovernanceInvestor ResourcesNewsroomMedical ProfessionalsCareersIntern ProgramPostdoctoral Pro",
    "link": "https://ir.ionis.com/",
    "timestamp": "unknown"
  },
  {
    "title": "InvestorsPress ReleasesEventsStock InformationFinancialsGovernanceInvestor Resources",
    "link": "https://ir.ionis.com/",
    "timestamp": "unknown"
  },
  {
    "title": "Press Releases",
    "link": "https://ir.ionis.com/investor-news/press-releases",
    "timestamp": "unknown"
  },
  {
    "title": "Events",
    "link": "https://ir.ionis.com/events-and-presentations/upcoming-events",
    "timestamp": "unknown"
  },
  {
    "title": "Stock Information",
    "link": "https://ir.ionis.com/stock-information/stock-quote",
    "timestamp": "unknown"
  },
  {
    "title": "Financials",
    "link": "https://ir.ionis.com/financial-information/sec-filings",
    "timestamp": "unknown"
  },
  {
    "title": "Governance",
    "link": "https://ir.ionis.com/corporate-governance/highlights",
    "timestamp": "unknown"
  },
  {
    "title": "Investor Resources",
    "link": "https://ir.ionis.com/shareholder-services/investor-faqs",
    "timestamp": "unknown"
  },
  {
    "title": "Newsroom",
    "link": "https://ionis.com/newsroom",
    "timestamp": "unknown"
  },
  {
    "title": "Medical Professionals",
    "link": "https://ionis.com/medical-professionals",
    "timestamp": "unknown"
  },
  {
    "title": "CareersIntern ProgramPostdoctoral Program",
    "link": "https://ionis.com/careers",
    "timestamp": "unknown"
  },
  {
    "title": "Intern Program",
    "link": "https://ionis.com/careers/intern-program",
    "timestamp": "unknown"
  },
  {
    "title": "Postdoctoral Program",
    "link": "https://ionis.com/careers/postdoctoral-program",
    "timestamp": "unknown"
  },
  {
    "title": "Contact Us",
    "link": "https://ionis.com/contact-us",
    "timestamp": "unknown"
  },
  {
    "title": "Main navigationAbout UsOur LeadershipOur CultureCorporate ResponsibilityGrants & SponsorshipsAreas of FocusScience & InnovationPipelineClinical Trials",
    "link": "https://ionis.com/",
    "timestamp": "unknown"
  },
  {
    "title": "Main navigationAbout UsOur LeadershipOur CultureCorporate ResponsibilityGrants & SponsorshipsAreas of FocusScience & InnovationPipelineClinical Trials",
    "link": "https://ionis.com/",
    "timestamp": "unknown"
  },
  {
    "title": "About UsOur LeadershipOur CultureCorporate ResponsibilityGrants & Sponsorships",
    "link": "https://ionis.com/about-us/the-ionis-story",
    "timestamp": "unknown"
  },
  {
    "title": "Our Leadership",
    "link": "https://ionis.com/about-us/our-leadership",
    "timestamp": "unknown"
  },
  {
    "title": "Our Culture",
    "link": "https://ionis.com/about-us/our-culture",
    "timestamp": "unknown"
  },
  {
    "title": "Corporate Responsibility",
    "link": "https://ionis.com/about-us/corporate-responsibility",
    "timestamp": "unknown"
  },
  {
    "title": "Grants & Sponsorships",
    "link": "https://ionis.com/about-us/grants-and-sponsorships",
    "timestamp": "unknown"
  },
  {
    "title": "Areas of Focus",
    "link": "https://ionis.com/areas-of-focus",
    "timestamp": "unknown"
  },
  {
    "title": "Science & InnovationPipelineClinical TrialsIon-ARPA Initiative",
    "link": "https://ionis.com/science-and-innovation",
    "timestamp": "unknown"
  },
  {
    "title": "Pipeline",
    "link": "https://ionis.com/science-and-innovation/pipeline",
    "timestamp": "unknown"
  },
  {
    "title": "Clinical Trials",
    "link": "https://ionistrials.com/",
    "timestamp": "unknown"
  },
  {
    "title": "Ion-ARPA Initiative",
    "link": "https://ionis.com/science-and-innovation/ion-arpa-initiative",
    "timestamp": "unknown"
  },
  {
    "title": "Medicines",
    "link": "https://ionis.com/medicines",
    "timestamp": "unknown"
  },
  {
    "title": "Patients & AdvocacyPatient StoriesPatient ResourcesExpanded Access Policy",
    "link": "https://ionis.com/patients-and-advocacy",
    "timestamp": "unknown"
  },
  {
    "title": "Patient Stories",
    "link": "https://ionis.com/patients-and-advocacy/patient-stories",
    "timestamp": "unknown"
  },
  {
    "title": "Patient Resources",
    "link": "https://ionis.com/patients-and-advocacy/patient-resources",
    "timestamp": "unknown"
  },
  {
    "title": "Expanded Access Policy",
    "link": "https://ionis.com/patients-and-advocacy/expanded-access-policy",
    "timestamp": "unknown"
  },
  {
    "title": "Pipeline of RNA-Targeted TherapiesPIPELINEAn Unprecedented Opportunity to Change the Course of Human HealthWe are relentlessly pursuing the innovation",
    "link": "https://ionis.com/science-and-innovation",
    "timestamp": "unknown"
  },
  {
    "title": "Pipeline of RNA-Targeted TherapiesPIPELINEAn Unprecedented Opportunity to Change the Course of Human HealthWe are relentlessly pursuing the innovation",
    "link": "https://ionis.com/science-and-innovation",
    "timestamp": "unknown"
  },
  {
    "title": "Pipeline of RNA-Targeted TherapiesPIPELINEAn Unprecedented Opportunity to Change the Course of Human HealthWe are relentlessly pursuing the innovation",
    "link": "https://ionis.com/science-and-innovation",
    "timestamp": "unknown"
  },
  {
    "title": "Pipeline of RNA-Targeted TherapiesPIPELINEAn Unprecedented Opportunity to Change the Course of Human HealthWe are relentlessly pursuing the innovation",
    "link": "https://ionis.com/science-and-innovation",
    "timestamp": "unknown"
  },
  {
    "title": "Pipeline of RNA-Targeted TherapiesPIPELINEAn Unprecedented Opportunity to Change the Course of Human HealthWe are relentlessly pursuing the innovation",
    "link": "https://ionis.com/science-and-innovation",
    "timestamp": "unknown"
  },
  {
    "title": "Science and Technology Rooted in a Deep Understanding of GeneticsWe are determined to leave the world a better place through the pursuit of science an",
    "link": "https://ionis.com/science-and-innovation",
    "timestamp": "unknown"
  },
  {
    "title": "Science and Technology Rooted in a Deep Understanding of GeneticsWe are determined to leave the world a better place through the pursuit of science an",
    "link": "https://ionis.com/science-and-innovation",
    "timestamp": "unknown"
  },
  {
    "title": "Science and Technology Rooted in a Deep Understanding of GeneticsWe are determined to leave the world a better place through the pursuit of science an",
    "link": "https://ionis.com/science-and-innovation",
    "timestamp": "unknown"
  },
  {
    "title": "Science and Technology Rooted in a Deep Understanding of GeneticsWe are determined to leave the world a better place through the pursuit of science an",
    "link": "https://ionis.com/science-and-innovation",
    "timestamp": "unknown"
  },
  {
    "title": "Science and Technology Rooted in a Deep Understanding of GeneticsWe are determined to leave the world a better place through the pursuit of science an",
    "link": "https://ionis.com/science-and-innovation",
    "timestamp": "unknown"
  },
  {
    "title": "Science and Technology Rooted in a Deep Understanding of GeneticsWe are determined to leave the world a better place through the pursuit of science an",
    "link": "https://ionis.com/science-and-innovation",
    "timestamp": "unknown"
  },
  {
    "title": "Science and Technology Rooted in a Deep Understanding of GeneticsWe are determined to leave the world a better place through the pursuit of science an",
    "link": "https://ionis.com/science-and-innovation",
    "timestamp": "unknown"
  },
  {
    "title": "Science and Technology Rooted in a Deep Understanding of GeneticsWe are determined to leave the world a better place through the pursuit of science an",
    "link": "https://ionis.com/science-and-innovation",
    "timestamp": "unknown"
  },
  {
    "title": "Learn About Our Science and InnovationIonis\u2019 science is inspired by a deep understanding of the genetic foundations of disease and a commitment to adv",
    "link": "https://ionis.com/science-and-innovation",
    "timestamp": "unknown"
  },
  {
    "title": "Learn About Our Science and InnovationIonis\u2019 science is inspired by a deep understanding of the genetic foundations of disease and a commitment to adv",
    "link": "https://ionis.com/science-and-innovation",
    "timestamp": "unknown"
  },
  {
    "title": "Learn About Our Science and InnovationIonis\u2019 science is inspired by a deep understanding of the genetic foundations of disease and a commitment to adv",
    "link": "https://ionis.com/science-and-innovation",
    "timestamp": "unknown"
  },
  {
    "title": "Learn About Our Science and Innovation",
    "link": "https://ionis.com/science-and-innovation",
    "timestamp": "unknown"
  },
  {
    "title": "Learn About Our Science and Innovation",
    "link": "https://ionis.com/science-and-innovation",
    "timestamp": "unknown"
  },
  {
    "title": "Legal and Compliance:Legal NoticeCode of Ethics and Business ConductPrivacy PolicyConsumer Health Data Privacy PolicyYour Privacy ChoicesAkcea Therape",
    "link": "https://ionis.com/legal-notice",
    "timestamp": "unknown"
  },
  {
    "title": "Legal Notice",
    "link": "https://ionis.com/legal-notice",
    "timestamp": "unknown"
  },
  {
    "title": "Code of Ethics and Business Conduct",
    "link": "https://ir.ionis.com/static-files/3f5d8e58-e36b-4b71-9d9b-9397317c85b5",
    "timestamp": "unknown"
  },
  {
    "title": "Privacy Policy",
    "link": "https://ionis.com/privacy-policy",
    "timestamp": "unknown"
  },
  {
    "title": "Consumer Health Data Privacy Policy",
    "link": "https://ionis.com/consumer-health-data-privacy-policy",
    "timestamp": "unknown"
  },
  {
    "title": "Your Privacy Choices",
    "link": "https://preferences.ionis.com",
    "timestamp": "unknown"
  },
  {
    "title": "Your Privacy Choices",
    "link": "https://preferences.ionis.com",
    "timestamp": "unknown"
  },
  {
    "title": "Akcea Therapeutics",
    "link": "https://ionis.com/about-us/the-ionis-story#akcea",
    "timestamp": "unknown"
  },
  {
    "title": "Information For:Medical ProfessionalsInvestors & MediaSuppliers",
    "link": "https://ionis.com/medical-professionals",
    "timestamp": "unknown"
  },
  {
    "title": "Medical Professionals",
    "link": "https://ionis.com/medical-professionals",
    "timestamp": "unknown"
  },
  {
    "title": "Investors & Media",
    "link": "https://ir.ionis.com",
    "timestamp": "unknown"
  },
  {
    "title": "Suppliers",
    "link": "https://ionis.com/suppliers",
    "timestamp": "unknown"
  },
  {
    "title": "Explore:Our StoryOur ScienceOur PipelineOur News",
    "link": "https://ionis.com/about-us/the-ionis-story",
    "timestamp": "unknown"
  },
  {
    "title": "Our Story",
    "link": "https://ionis.com/about-us/the-ionis-story",
    "timestamp": "unknown"
  },
  {
    "title": "Our Science",
    "link": "https://ionis.com/science-and-innovation",
    "timestamp": "unknown"
  },
  {
    "title": "Our Pipeline",
    "link": "https://ionis.com/science-and-innovation/pipeline",
    "timestamp": "unknown"
  },
  {
    "title": "Our News",
    "link": "https://ir.ionis.com/news-releases",
    "timestamp": "unknown"
  },
  {
    "title": "Stay Connected:Contact UsLinkedInXInstagramFacebookCommunity Guidelines",
    "link": "https://ionis.com/contact-us",
    "timestamp": "unknown"
  },
  {
    "title": "Contact Us",
    "link": "https://ionis.com/contact-us",
    "timestamp": "unknown"
  },
  {
    "title": "LinkedIn",
    "link": "https://www.linkedin.com/company/ionis-pharmaceuticals",
    "timestamp": "unknown"
  },
  {
    "title": "X",
    "link": "https://x.com/ionispharma",
    "timestamp": "unknown"
  },
  {
    "title": "Instagram",
    "link": "https://www.instagram.com/ionis_pharma",
    "timestamp": "unknown"
  },
  {
    "title": "Facebook",
    "link": "https://www.facebook.com/ionispharma",
    "timestamp": "unknown"
  },
  {
    "title": "Community Guidelines",
    "link": "https://ionis.com/community-guidelines",
    "timestamp": "unknown"
  },
  {
    "title": "You are now leavinghttps://www.ionis.comto visitContinue to siteCancel",
    "link": "https://ionis.com/science-and-innovation/pipeline",
    "timestamp": "unknown"
  },
  {
    "title": "You are now leavinghttps://www.ionis.comto visitContinue to siteCancel",
    "link": "https://ionis.com/science-and-innovation/pipeline",
    "timestamp": "unknown"
  },
  {
    "title": "You are now leavinghttps://www.ionis.comto visitContinue to siteCancel",
    "link": "https://ionis.com/science-and-innovation/pipeline",
    "timestamp": "unknown"
  },
  {
    "title": "You are now leavinghttps://www.ionis.comto visitContinue to siteCancel",
    "link": "https://ionis.com/science-and-innovation/pipeline",
    "timestamp": "unknown"
  },
  {
    "title": "You are now leavinghttps://www.ionis.comto visitContinue to siteCancel",
    "link": "https://ionis.com/science-and-innovation/pipeline",
    "timestamp": "unknown"
  },
  {
    "title": "You are now leavinghttps://www.ionis.comto visitContinue to siteCancel",
    "link": "https://ionis.com/science-and-innovation/pipeline",
    "timestamp": "unknown"
  },
  {
    "title": "You are now leavinghttps://www.ionis.comto visitContinue to siteCancel",
    "link": "https://ionis.com/science-and-innovation/pipeline",
    "timestamp": "unknown"
  },
  {
    "title": "Continue to siteCancel",
    "link": "https://ionis.com/science-and-innovation/pipeline",
    "timestamp": "unknown"
  },
  {
    "title": "Continue to site",
    "link": "https://ionis.com/science-and-innovation/pipeline",
    "timestamp": "unknown"
  },
  {
    "title": "Cancel",
    "link": "https://ionis.com/science-and-innovation/pipeline",
    "timestamp": "unknown"
  }
]