[
  {
    "title": "AboutBoard of DirectorsLeadershipScientific FoundersScientific Advisory BoardContactOur SciencePublicationsPipelineOverviewBexotegrast (PLN-): IPFPLN-",
    "link": "https://pliantrx.com/about/",
    "timestamp": "unknown"
  },
  {
    "title": "AboutBoard of DirectorsLeadershipScientific FoundersScientific Advisory BoardContactOur SciencePublicationsPipelineOverviewBexotegrast (PLN-): IPFPLN-",
    "link": "https://pliantrx.com/about/",
    "timestamp": "unknown"
  },
  {
    "title": "AboutBoard of DirectorsLeadershipScientific FoundersScientific Advisory BoardContact",
    "link": "https://pliantrx.com/about/",
    "timestamp": "unknown"
  },
  {
    "title": "Board of Directors",
    "link": "https://pliantrx.com/board-of-directors/",
    "timestamp": "unknown"
  },
  {
    "title": "Leadership",
    "link": "https://pliantrx.com/leadership/",
    "timestamp": "unknown"
  },
  {
    "title": "Scientific Founders",
    "link": "https://pliantrx.com/scientific-founders/",
    "timestamp": "unknown"
  },
  {
    "title": "Scientific Advisory Board",
    "link": "https://pliantrx.com/scientific-advisory-board/",
    "timestamp": "unknown"
  },
  {
    "title": "Contact",
    "link": "https://pliantrx.com/about/#contact",
    "timestamp": "unknown"
  },
  {
    "title": "Our SciencePublications",
    "link": "https://pliantrx.com/our-science/",
    "timestamp": "unknown"
  },
  {
    "title": "Publications",
    "link": "https://pliantrx.com/publications/",
    "timestamp": "unknown"
  },
  {
    "title": "PipelineOverviewBexotegrast (PLN-): IPFPLN-: OncologyPLN-: Muscular Dystrophy",
    "link": "https://pliantrx.com/pipeline/",
    "timestamp": "unknown"
  },
  {
    "title": "Overview",
    "link": "https://pliantrx.com/overview/?_gl=%2Al01cb%2A_up%2AMQ..%2A_ga%2AMTE2NTAxMzgwMS4xNzQyMjI2NzM2%2A_ga_3CQPNT84CS%2AMTc0MjIyNjczNC4xLjAuMTc0MjIyNjczNC4wLjAuMA..",
    "timestamp": "unknown"
  },
  {
    "title": "Bexotegrast (PLN-): IPF",
    "link": "https://pliantrx.com/pln--ipf/?_gl=%2A7mb63a%2A_up%2AMQ..%2A_ga%2AMTE2NTAxMzgwMS4xNzQyMjI2NzM2%2A_ga_3CQPNT84CS%2AMTc0MjIyNjczNC4xLjAuMTc0MjIyNjczNC4wLjAuMA..",
    "timestamp": "unknown"
  },
  {
    "title": "PLN-: Oncology",
    "link": "https://pliantrx.com/oncology/",
    "timestamp": "unknown"
  },
  {
    "title": "PLN-: Muscular Dystrophy",
    "link": "https://pliantrx.com/muscular-dystrophy/",
    "timestamp": "unknown"
  },
  {
    "title": "PatientsCommitment & ResourcesFrequently Asked QuestionsExpanded Access Policy",
    "link": "https://pliantrx.com/patients/",
    "timestamp": "unknown"
  },
  {
    "title": "Commitment & Resources",
    "link": "https://pliantrx.com/commitment-resources/?_gl=%2A41qe9b%2A_up%2AMQ..%2A_ga%2AMTE2NTAxMzgwMS4xNzQyMjI2NzM2%2A_ga_3CQPNT84CS%2AMTc0MjIyNjczNC4xLjAuMTc0MjIyNjczNC4wLjAuMA..",
    "timestamp": "unknown"
  },
  {
    "title": "Frequently Asked Questions",
    "link": "https://pliantrx.com/faqs-about-clinical-trials/?_gl=%2A1qxz6s%2A_up%2AMQ..%2A_ga%2AMTE2NTAxMzgwMS4xNzQyMjI2NzM2%2A_ga_3CQPNT84CS%2AMTc0MjIyNjczNC4xLjAuMTc0MjIyNjczNC4wLjAuMA..",
    "timestamp": "unknown"
  },
  {
    "title": "Expanded Access Policy",
    "link": "https://pliantrx.com/expanded-access-policy/?_gl=%2A1qxz6s%2A_up%2AMQ..%2A_ga%2AMTE2NTAxMzgwMS4xNzQyMjI2NzM2%2A_ga_3CQPNT84CS%2AMTc0MjIyNjczNC4xLjAuMTc0MjIyNjczNC4wLjAuMA..",
    "timestamp": "unknown"
  },
  {
    "title": "Investors & MediaInvestors OverviewPress ReleasesEvents & PresentationsStock InformationCorporate GovernanceFinancials & FilingsIR Resources",
    "link": "https://ir.pliantrx.com/",
    "timestamp": "unknown"
  },
  {
    "title": "Investors Overview",
    "link": "https://ir.pliantrx.com/investor-relations",
    "timestamp": "unknown"
  },
  {
    "title": "Press Releases",
    "link": "https://ir.pliantrx.com/press-releases",
    "timestamp": "unknown"
  },
  {
    "title": "Events & Presentations",
    "link": "https://ir.pliantrx.com/events-and-presentations",
    "timestamp": "unknown"
  },
  {
    "title": "Stock Information",
    "link": "https://ir.pliantrx.com/stock-information/stock-quote-chart",
    "timestamp": "unknown"
  },
  {
    "title": "Corporate Governance",
    "link": "https://ir.pliantrx.com/corporate-governance",
    "timestamp": "unknown"
  },
  {
    "title": "Financials & Filings",
    "link": "https://ir.pliantrx.com/financials-and-filings/sec-filings",
    "timestamp": "unknown"
  },
  {
    "title": "IR Resources",
    "link": "https://ir.pliantrx.com/ir-resources/investor-faqs",
    "timestamp": "unknown"
  },
  {
    "title": "CareersOverviewCultureBenefitsJob Opportunities",
    "link": "https://pliantrx.com/careers/",
    "timestamp": "unknown"
  },
  {
    "title": "Overview",
    "link": "https://pliantrx.com/careers/#overview",
    "timestamp": "unknown"
  },
  {
    "title": "Culture",
    "link": "https://pliantrx.com/careers/#culture",
    "timestamp": "unknown"
  },
  {
    "title": "Benefits",
    "link": "https://pliantrx.com/careers/#benefits",
    "timestamp": "unknown"
  },
  {
    "title": "Job Opportunities",
    "link": "https://pliantrx.com/careers/#job-opportunities",
    "timestamp": "unknown"
  },
  {
    "title": "SEC FilingsInvestors OverviewPress ReleasesEvents & PresentationsStock InformationStock Quote & ChartHistorical Price LookupAnalyst CoverageCorporate ",
    "link": "https://ir.pliantrx.com/investor-relations",
    "timestamp": "unknown"
  },
  {
    "title": "Investors OverviewPress ReleasesEvents & PresentationsStock InformationStock Quote & ChartHistorical Price LookupAnalyst CoverageCorporate GovernanceD",
    "link": "https://ir.pliantrx.com/investor-relations",
    "timestamp": "unknown"
  },
  {
    "title": "Investors OverviewPress ReleasesEvents & PresentationsStock InformationStock Quote & ChartHistorical Price LookupAnalyst CoverageCorporate GovernanceD",
    "link": "https://ir.pliantrx.com/investor-relations",
    "timestamp": "unknown"
  },
  {
    "title": "Investors OverviewPress ReleasesEvents & PresentationsStock InformationStock Quote & ChartHistorical Price LookupAnalyst CoverageCorporate GovernanceD",
    "link": "https://ir.pliantrx.com/investor-relations",
    "timestamp": "unknown"
  },
  {
    "title": "Investors OverviewPress ReleasesEvents & PresentationsStock InformationStock Quote & ChartHistorical Price LookupAnalyst CoverageCorporate GovernanceD",
    "link": "https://ir.pliantrx.com/investor-relations",
    "timestamp": "unknown"
  },
  {
    "title": "Investors OverviewPress ReleasesEvents & PresentationsStock InformationStock Quote & ChartHistorical Price LookupAnalyst CoverageCorporate GovernanceD",
    "link": "https://ir.pliantrx.com/investor-relations",
    "timestamp": "unknown"
  },
  {
    "title": "Investors OverviewPress ReleasesEvents & PresentationsStock InformationStock Quote & ChartHistorical Price LookupAnalyst CoverageCorporate GovernanceD",
    "link": "https://ir.pliantrx.com/investor-relations",
    "timestamp": "unknown"
  },
  {
    "title": "Investors Overview",
    "link": "https://ir.pliantrx.com/investor-relations",
    "timestamp": "unknown"
  },
  {
    "title": "Press Releases",
    "link": "https://ir.pliantrx.com/press-releases",
    "timestamp": "unknown"
  },
  {
    "title": "Events & Presentations",
    "link": "https://ir.pliantrx.com/events-and-presentations",
    "timestamp": "unknown"
  },
  {
    "title": "Stock InformationStock Quote & ChartHistorical Price LookupAnalyst Coverage",
    "link": "https://ir.pliantrx.com/financials-and-filings/sec-filings",
    "timestamp": "unknown"
  },
  {
    "title": "Stock Quote & ChartHistorical Price LookupAnalyst Coverage",
    "link": "https://ir.pliantrx.com/stock-information/stock-quote-chart",
    "timestamp": "unknown"
  },
  {
    "title": "Stock Quote & ChartHistorical Price LookupAnalyst Coverage",
    "link": "https://ir.pliantrx.com/stock-information/stock-quote-chart",
    "timestamp": "unknown"
  },
  {
    "title": "Stock Quote & Chart",
    "link": "https://ir.pliantrx.com/stock-information/stock-quote-chart",
    "timestamp": "unknown"
  },
  {
    "title": "Historical Price Lookup",
    "link": "https://ir.pliantrx.com/stock-information/historic-price-lookup",
    "timestamp": "unknown"
  },
  {
    "title": "Analyst Coverage",
    "link": "https://ir.pliantrx.com/stock-information/analyst-coverage",
    "timestamp": "unknown"
  },
  {
    "title": "Corporate GovernanceDocuments & ChartersBoard of DirectorsManagement",
    "link": "https://ir.pliantrx.com/financials-and-filings/sec-filings",
    "timestamp": "unknown"
  },
  {
    "title": "Documents & ChartersBoard of DirectorsManagement",
    "link": "https://ir.pliantrx.com/corporate-governance",
    "timestamp": "unknown"
  },
  {
    "title": "Documents & ChartersBoard of DirectorsManagement",
    "link": "https://ir.pliantrx.com/corporate-governance",
    "timestamp": "unknown"
  },
  {
    "title": "Documents & Charters",
    "link": "https://ir.pliantrx.com/corporate-governance",
    "timestamp": "unknown"
  },
  {
    "title": "Board of Directors",
    "link": "https://pliantrx.com/board-of-directors/",
    "timestamp": "unknown"
  },
  {
    "title": "Management",
    "link": "https://pliantrx.com/leadership/",
    "timestamp": "unknown"
  },
  {
    "title": "Financials & FilingsSEC FilingsQuarterly Earnings",
    "link": "https://ir.pliantrx.com/financials-and-filings/sec-filings",
    "timestamp": "unknown"
  },
  {
    "title": "SEC FilingsQuarterly Earnings",
    "link": "https://ir.pliantrx.com/financials-and-filings/sec-filings",
    "timestamp": "unknown"
  },
  {
    "title": "SEC FilingsQuarterly Earnings",
    "link": "https://ir.pliantrx.com/financials-and-filings/sec-filings",
    "timestamp": "unknown"
  },
  {
    "title": "SEC Filings",
    "link": "https://ir.pliantrx.com/financials-and-filings/sec-filings",
    "timestamp": "unknown"
  },
  {
    "title": "Quarterly Earnings",
    "link": "https://ir.pliantrx.com/financials-and-filings/quarterly-earnings",
    "timestamp": "unknown"
  },
  {
    "title": "IR ResourcesFAQsContact IREmail AlertsAnnual Meeting",
    "link": "https://ir.pliantrx.com/financials-and-filings/sec-filings",
    "timestamp": "unknown"
  },
  {
    "title": "FAQsContact IREmail AlertsAnnual Meeting",
    "link": "https://ir.pliantrx.com/ir-resources/investor-faqs",
    "timestamp": "unknown"
  },
  {
    "title": "FAQsContact IREmail AlertsAnnual Meeting",
    "link": "https://ir.pliantrx.com/ir-resources/investor-faqs",
    "timestamp": "unknown"
  },
  {
    "title": "FAQs",
    "link": "https://ir.pliantrx.com/ir-resources/investor-faqs",
    "timestamp": "unknown"
  },
  {
    "title": "Contact IR",
    "link": "https://ir.pliantrx.com/ir-resources/contact-ir",
    "timestamp": "unknown"
  },
  {
    "title": "Email Alerts",
    "link": "https://ir.pliantrx.com/ir-resources/email-alerts",
    "timestamp": "unknown"
  },
  {
    "title": "Annual Meeting",
    "link": "https://ir.pliantrx.com/shareholder-services/annual-meeting",
    "timestamp": "unknown"
  },
  {
    "title": "Group,,Annual FilingsCurrent ReportsMergers & AcquisitionsOtherProxy FilingsQuarterly FilingsRegistration StatementsFiling year- Any -Filing dateFormD",
    "link": "https://ir.pliantrx.com/financials-and-filings/sec-filings?items_per_page=&order=field_nir_sec_date_filed&sort=asc",
    "timestamp": "unknown"
  },
  {
    "title": "Group,,Annual FilingsCurrent ReportsMergers & AcquisitionsOtherProxy FilingsQuarterly FilingsRegistration StatementsFiling year- Any -Filing dateFormD",
    "link": "https://ir.pliantrx.com/financials-and-filings/sec-filings?items_per_page=&order=field_nir_sec_date_filed&sort=asc",
    "timestamp": "unknown"
  },
  {
    "title": "Group,,Annual FilingsCurrent ReportsMergers & AcquisitionsOtherProxy FilingsQuarterly FilingsRegistration StatementsFiling year- Any -Filing dateFormD",
    "link": "https://ir.pliantrx.com/financials-and-filings/sec-filings?items_per_page=&order=field_nir_sec_date_filed&sort=asc",
    "timestamp": "unknown"
  },
  {
    "title": "Group,,Annual FilingsCurrent ReportsMergers & AcquisitionsOtherProxy FilingsQuarterly FilingsRegistration StatementsFiling year- Any -Filing dateFormD",
    "link": "https://ir.pliantrx.com/financials-and-filings/sec-filings?items_per_page=&order=field_nir_sec_date_filed&sort=asc",
    "timestamp": "unknown"
  },
  {
    "title": "Group,,Annual FilingsCurrent ReportsMergers & AcquisitionsOtherProxy FilingsQuarterly FilingsRegistration StatementsFiling year- Any -Filing dateFormD",
    "link": "https://ir.pliantrx.com/financials-and-filings/sec-filings?items_per_page=&order=field_nir_sec_date_filed&sort=asc",
    "timestamp": "unknown"
  },
  {
    "title": "Group,,Annual FilingsCurrent ReportsMergers & AcquisitionsOtherProxy FilingsQuarterly FilingsRegistration StatementsFiling year- Any -Filing dateFormD",
    "link": "https://ir.pliantrx.com/financials-and-filings/sec-filings?items_per_page=&order=field_nir_sec_date_filed&sort=asc",
    "timestamp": "unknown"
  },
  {
    "title": "Group,,Annual FilingsCurrent ReportsMergers & AcquisitionsOtherProxy FilingsQuarterly FilingsRegistration StatementsFiling year- Any -Filing dateFormD",
    "link": "https://ir.pliantrx.com/financials-and-filings/sec-filings?items_per_page=&order=field_nir_sec_date_filed&sort=asc",
    "timestamp": "unknown"
  },
  {
    "title": "Group,,Annual FilingsCurrent ReportsMergers & AcquisitionsOtherProxy FilingsQuarterly FilingsRegistration StatementsFiling year- Any -Filing dateFormD",
    "link": "https://ir.pliantrx.com/financials-and-filings/sec-filings?items_per_page=&order=field_nir_sec_date_filed&sort=asc",
    "timestamp": "unknown"
  },
  {
    "title": "Group,,Annual FilingsCurrent ReportsMergers & AcquisitionsOtherProxy FilingsQuarterly FilingsRegistration StatementsFiling year- Any -Filing dateFormD",
    "link": "https://ir.pliantrx.com/financials-and-filings/sec-filings?items_per_page=&order=field_nir_sec_date_filed&sort=asc",
    "timestamp": "unknown"
  },
  {
    "title": "Group,,Annual FilingsCurrent ReportsMergers & AcquisitionsOtherProxy FilingsQuarterly FilingsRegistration StatementsFiling year- Any -Filing dateFormD",
    "link": "https://ir.pliantrx.com/financials-and-filings/sec-filings?items_per_page=&order=field_nir_sec_date_filed&sort=asc",
    "timestamp": "unknown"
  },
  {
    "title": "Group,,Annual FilingsCurrent ReportsMergers & AcquisitionsOtherProxy FilingsQuarterly FilingsRegistration StatementsFiling year- Any -Filing dateFormD",
    "link": "https://ir.pliantrx.com/financials-and-filings/sec-filings?items_per_page=&order=field_nir_sec_date_filed&sort=asc",
    "timestamp": "unknown"
  },
  {
    "title": "Filing dateFormDescriptionView//SCHEDULE 13G/ASCHEDULE 13G/A - Description--.pdf--.rtf--.xlsView HTML//-KReport of unscheduled material events or corp",
    "link": "https://ir.pliantrx.com/financials-and-filings/sec-filings?items_per_page=&order=field_nir_sec_date_filed&sort=asc",
    "timestamp": "unknown"
  },
  {
    "title": "Filing dateFormDescriptionView",
    "link": "https://ir.pliantrx.com/financials-and-filings/sec-filings?items_per_page=&order=field_nir_sec_date_filed&sort=asc",
    "timestamp": "unknown"
  },
  {
    "title": "//SCHEDULE 13G/ASCHEDULE 13G/A - Description--.pdf--.rtf--.xlsView HTML",
    "link": "https://ir.pliantrx.com/sec-filings/sec-filing/schedule-13ga/--",
    "timestamp": "unknown"
  },
  {
    "title": "--.pdf",
    "link": "https://ir.pliantrx.com/static-files/045ef9a3-8b5f-4f44-86f6-e0093f08e8e0",
    "timestamp": "unknown"
  },
  {
    "title": "--.rtf",
    "link": "https://ir.pliantrx.com/static-files/ba096d12-50c3-492f-b4cb-7d7f7538a009",
    "timestamp": "unknown"
  },
  {
    "title": "--.xls",
    "link": "https://ir.pliantrx.com/static-files/65d25443-255c-43dc-b8dc-3641994c5e3f",
    "timestamp": "unknown"
  },
  {
    "title": "//-KReport of unscheduled material events or corporate event--.pdf--.rtf--.xlsEX-.SCH - XBRL TAXONOMY EXTENSION SCHEMAView HTML",
    "link": "https://ir.pliantrx.com/sec-filings/sec-filing/-k/--",
    "timestamp": "unknown"
  },
  {
    "title": "--.pdf",
    "link": "https://ir.pliantrx.com/static-files/23e284aa-74e4-4a57-880c-075e8748e46b",
    "timestamp": "unknown"
  },
  {
    "title": "--.rtf",
    "link": "https://ir.pliantrx.com/static-files/82a2bfda-d431-4ede-84d9-6ef774275851",
    "timestamp": "unknown"
  },
  {
    "title": "--.xls",
    "link": "https://ir.pliantrx.com/static-files/94335b49-1d7d-474f-a458-8272581ada31",
    "timestamp": "unknown"
  },
  {
    "title": "//-QQuarterly report which provides a continuing view of a company's financial position--.pdf--.rtf--.xlsEX-.SCH - XBRL TAXONOMY EXTENSION SCHEMAView ",
    "link": "https://ir.pliantrx.com/sec-filings/sec-filing/-q/--",
    "timestamp": "unknown"
  },
  {
    "title": "--.pdf",
    "link": "https://ir.pliantrx.com/static-files/2a76ba97-b86c-481d-a300-ecdad19d54db",
    "timestamp": "unknown"
  },
  {
    "title": "--.rtf",
    "link": "https://ir.pliantrx.com/static-files/ccfbfff5--4dcc-9b1e-48295492d87a",
    "timestamp": "unknown"
  },
  {
    "title": "--.xls",
    "link": "https://ir.pliantrx.com/static-files/7281cbc8-6f44-4b11-bc6e-70ac5c7256a4",
    "timestamp": "unknown"
  },
  {
    "title": "//SCHEDULE 13GSCHEDULE 13G - Description--.pdf--.rtf--.xlsView HTML",
    "link": "https://ir.pliantrx.com/sec-filings/sec-filing/schedule-13g/--",
    "timestamp": "unknown"
  },
  {
    "title": "--.pdf",
    "link": "https://ir.pliantrx.com/static-files/278452f0-b7af--a134-570c33dbc7d7",
    "timestamp": "unknown"
  },
  {
    "title": "--.rtf",
    "link": "https://ir.pliantrx.com/static-files/c39376e4-487e-424a-b73b-3cc82f4c1d9f",
    "timestamp": "unknown"
  },
  {
    "title": "--.xls",
    "link": "https://ir.pliantrx.com/static-files/5b3d7854-39f3-4af4-a7ba-59a1fa11888b",
    "timestamp": "unknown"
  },
  {
    "title": "//SCHEDULE 13G/ASCHEDULE 13G/A - Description--.pdf--.rtf--.xlsView HTML",
    "link": "https://ir.pliantrx.com/sec-filings/sec-filing/schedule-13ga/--",
    "timestamp": "unknown"
  },
  {
    "title": "--.pdf",
    "link": "https://ir.pliantrx.com/static-files/ae04aeb3-78b8--be53-ab164276408b",
    "timestamp": "unknown"
  },
  {
    "title": "--.rtf",
    "link": "https://ir.pliantrx.com/static-files/bcec91aa-fcf0-4d2d-9e56-d04db25eb84f",
    "timestamp": "unknown"
  },
  {
    "title": "--.xls",
    "link": "https://ir.pliantrx.com/static-files/8bf3c24d-0aea-494d-a781-3055ad33b463",
    "timestamp": "unknown"
  },
  {
    "title": "//SCHEDULE 13G/ASCHEDULE 13G/A - Description--.pdf--.rtf--.xlsView HTML",
    "link": "https://ir.pliantrx.com/sec-filings/sec-filing/schedule-13ga/--",
    "timestamp": "unknown"
  },
  {
    "title": "--.pdf",
    "link": "https://ir.pliantrx.com/static-files/76a22981-3d2d-473b-b7b4-ee2c2e2851c0",
    "timestamp": "unknown"
  },
  {
    "title": "--.rtf",
    "link": "https://ir.pliantrx.com/static-files/d6eb4c28-4fbb-4da8-ad54-9a7140bf93d8",
    "timestamp": "unknown"
  },
  {
    "title": "--.xls",
    "link": "https://ir.pliantrx.com/static-files/0856b659-e145-4e58--cad8b5fd4170",
    "timestamp": "unknown"
  },
  {
    "title": "//-KReport of unscheduled material events or corporate event--.pdf--.rtf--.xlsEX-.SCH - XBRL TAXONOMY EXTENSION SCHEMAView HTML",
    "link": "https://ir.pliantrx.com/sec-filings/sec-filing/-k/--",
    "timestamp": "unknown"
  },
  {
    "title": "--.pdf",
    "link": "https://ir.pliantrx.com/static-files/c418e4c8-23ec--b9bb-5bd6431fdd8e",
    "timestamp": "unknown"
  },
  {
    "title": "--.rtf",
    "link": "https://ir.pliantrx.com/static-files/d2a8278a-a83f--9c55-d4f4ca0f9c23",
    "timestamp": "unknown"
  },
  {
    "title": "--.xls",
    "link": "https://ir.pliantrx.com/static-files/45ffadd0-91fb-48f2-87ec-5d45f7d1b966",
    "timestamp": "unknown"
  },
  {
    "title": "//Statement of changes in beneficial ownership of securities--.pdf--.rtf--.xlsView HTML",
    "link": "https://ir.pliantrx.com/sec-filings/sec-filing//--",
    "timestamp": "unknown"
  },
  {
    "title": "--.pdf",
    "link": "https://ir.pliantrx.com/static-files/4f1a099c-f556-4d38--31c36674e758",
    "timestamp": "unknown"
  },
  {
    "title": "--.rtf",
    "link": "https://ir.pliantrx.com/static-files/9659bfc7-abe0-4eec-b15f-c63b0c9f9042",
    "timestamp": "unknown"
  },
  {
    "title": "--.xls",
    "link": "https://ir.pliantrx.com/static-files/b7d836f6--4bf5-b615-c8ad17984c75",
    "timestamp": "unknown"
  },
  {
    "title": "//Statement of changes in beneficial ownership of securities--.pdf--.rtf--.xlsView HTML",
    "link": "https://ir.pliantrx.com/sec-filings/sec-filing//--",
    "timestamp": "unknown"
  },
  {
    "title": "--.pdf",
    "link": "https://ir.pliantrx.com/static-files/dd09fe2a---856a-b1b922ab7179",
    "timestamp": "unknown"
  },
  {
    "title": "--.rtf",
    "link": "https://ir.pliantrx.com/static-files/372591c3-7c1b--a45d-23918c90da49",
    "timestamp": "unknown"
  },
  {
    "title": "--.xls",
    "link": "https://ir.pliantrx.com/static-files/fa82cefe-ea3d--880d-06cf1b322097",
    "timestamp": "unknown"
  },
  {
    "title": "//Statement of changes in beneficial ownership of securities--.pdf--.rtf--.xlsView HTML",
    "link": "https://ir.pliantrx.com/sec-filings/sec-filing//--",
    "timestamp": "unknown"
  },
  {
    "title": "--.pdf",
    "link": "https://ir.pliantrx.com/static-files/b05dbc5d-d485-428f-add6-86838dc1ef0a",
    "timestamp": "unknown"
  },
  {
    "title": "--.rtf",
    "link": "https://ir.pliantrx.com/static-files/b075e19b--4cc8-af83-94d02f70b033",
    "timestamp": "unknown"
  },
  {
    "title": "--.xls",
    "link": "https://ir.pliantrx.com/static-files/83a85d99-45c1-40f3-9ed6-f54f6df9da1b",
    "timestamp": "unknown"
  },
  {
    "title": "Current page",
    "link": "https://ir.pliantrx.com/financials-and-filings/sec-filings?&&field_nir_sec_date_filed_value=&&&items_per_page_toggle=&page=",
    "timestamp": "unknown"
  },
  {
    "title": "Page",
    "link": "https://ir.pliantrx.com/financials-and-filings/sec-filings?&&field_nir_sec_date_filed_value=&&&items_per_page_toggle=&page=",
    "timestamp": "unknown"
  },
  {
    "title": "Page",
    "link": "https://ir.pliantrx.com/financials-and-filings/sec-filings?&&field_nir_sec_date_filed_value=&&&items_per_page_toggle=&page=",
    "timestamp": "unknown"
  },
  {
    "title": "Page",
    "link": "https://ir.pliantrx.com/financials-and-filings/sec-filings?&&field_nir_sec_date_filed_value=&&&items_per_page_toggle=&page=",
    "timestamp": "unknown"
  },
  {
    "title": "Page",
    "link": "https://ir.pliantrx.com/financials-and-filings/sec-filings?&&field_nir_sec_date_filed_value=&&&items_per_page_toggle=&page=",
    "timestamp": "unknown"
  },
  {
    "title": "Page",
    "link": "https://ir.pliantrx.com/financials-and-filings/sec-filings?&&field_nir_sec_date_filed_value=&&&items_per_page_toggle=&page=",
    "timestamp": "unknown"
  },
  {
    "title": "Page",
    "link": "https://ir.pliantrx.com/financials-and-filings/sec-filings?&&field_nir_sec_date_filed_value=&&&items_per_page_toggle=&page=",
    "timestamp": "unknown"
  },
  {
    "title": "Page",
    "link": "https://ir.pliantrx.com/financials-and-filings/sec-filings?&&field_nir_sec_date_filed_value=&&&items_per_page_toggle=&page=",
    "timestamp": "unknown"
  },
  {
    "title": "Page",
    "link": "https://ir.pliantrx.com/financials-and-filings/sec-filings?&&field_nir_sec_date_filed_value=&&&items_per_page_toggle=&page=",
    "timestamp": "unknown"
  },
  {
    "title": "Next pageNext \u203a",
    "link": "https://ir.pliantrx.com/financials-and-filings/sec-filings?&&field_nir_sec_date_filed_value=&&&items_per_page_toggle=&page=",
    "timestamp": "unknown"
  },
  {
    "title": "Last pageLast \u00bb",
    "link": "https://ir.pliantrx.com/financials-and-filings/sec-filings?&&field_nir_sec_date_filed_value=&&&items_per_page_toggle=&page=",
    "timestamp": "unknown"
  },
  {
    "title": "Data provided byKaleidoscope.",
    "link": "https://www.kscope.io",
    "timestamp": "unknown"
  },
  {
    "title": "Data provided byKaleidoscope.",
    "link": "https://www.kscope.io",
    "timestamp": "unknown"
  },
  {
    "title": "Print PageRSS FeedsEmail AlertsContact IR",
    "link": "https://ir.pliantrx.com/financials-and-filings/sec-filings",
    "timestamp": "unknown"
  },
  {
    "title": "Print PageRSS FeedsEmail AlertsContact IR",
    "link": "https://ir.pliantrx.com/financials-and-filings/sec-filings",
    "timestamp": "unknown"
  },
  {
    "title": "Print PageRSS FeedsEmail AlertsContact IR",
    "link": "https://ir.pliantrx.com/financials-and-filings/sec-filings",
    "timestamp": "unknown"
  },
  {
    "title": "Print PageRSS FeedsEmail AlertsContact IR",
    "link": "https://ir.pliantrx.com/financials-and-filings/sec-filings",
    "timestamp": "unknown"
  },
  {
    "title": "Print Page",
    "link": "https://ir.pliantrx.com/financials-and-filings/sec-filings",
    "timestamp": "unknown"
  },
  {
    "title": "Print Page",
    "link": "https://ir.pliantrx.com/financials-and-filings/sec-filings",
    "timestamp": "unknown"
  },
  {
    "title": "RSS Feeds",
    "link": "https://ir.pliantrx.com/rss-feeds",
    "timestamp": "unknown"
  },
  {
    "title": "RSS Feeds",
    "link": "https://ir.pliantrx.com/rss-feeds",
    "timestamp": "unknown"
  },
  {
    "title": "Email Alerts",
    "link": "https://ir.pliantrx.com/ir-resources/email-alerts",
    "timestamp": "unknown"
  },
  {
    "title": "Email Alerts",
    "link": "https://ir.pliantrx.com/ir-resources/email-alerts",
    "timestamp": "unknown"
  },
  {
    "title": "Contact IR",
    "link": "https://ir.pliantrx.com/ir-resources/contact-ir",
    "timestamp": "unknown"
  },
  {
    "title": "Contact IR",
    "link": "https://ir.pliantrx.com/ir-resources/contact-ir",
    "timestamp": "unknown"
  },
  {
    "title": "Pliant logoLinkedInFacebookTwitterYoutubeAboutOur SciencePipelinePatientsInvestors & MediaCareersContactTerms of UsePrivacy NoticeCCPA Applicant and S",
    "link": "https://pliantrx.com/",
    "timestamp": "unknown"
  },
  {
    "title": "Pliant logoLinkedInFacebookTwitterYoutubeAboutOur SciencePipelinePatientsInvestors & MediaCareersContactTerms of UsePrivacy NoticeCCPA Applicant and S",
    "link": "https://pliantrx.com/",
    "timestamp": "unknown"
  },
  {
    "title": "Pliant logoLinkedInFacebookTwitterYoutubeAboutOur SciencePipelinePatientsInvestors & MediaCareersContactTerms of UsePrivacy NoticeCCPA Applicant and S",
    "link": "https://pliantrx.com/",
    "timestamp": "unknown"
  },
  {
    "title": "Pliant logoLinkedInFacebookTwitterYoutube",
    "link": "https://pliantrx.com/",
    "timestamp": "unknown"
  },
  {
    "title": "Pliant logo",
    "link": "https://pliantrx.com/",
    "timestamp": "unknown"
  },
  {
    "title": "LinkedInFacebookTwitterYoutube",
    "link": "https://www.linkedin.com/company/pliant-therapeutics/",
    "timestamp": "unknown"
  },
  {
    "title": "AboutOur SciencePipelinePatientsInvestors & MediaCareersContact",
    "link": "https://pliantrx.com/about/",
    "timestamp": "unknown"
  },
  {
    "title": "AboutOur SciencePipelinePatientsInvestors & MediaCareersContact",
    "link": "https://pliantrx.com/about/",
    "timestamp": "unknown"
  },
  {
    "title": "AboutOur SciencePipelinePatientsInvestors & MediaCareersContact",
    "link": "https://pliantrx.com/about/",
    "timestamp": "unknown"
  },
  {
    "title": "About",
    "link": "https://pliantrx.com/about/",
    "timestamp": "unknown"
  },
  {
    "title": "Our Science",
    "link": "https://pliantrx.com/our-science/",
    "timestamp": "unknown"
  },
  {
    "title": "Pipeline",
    "link": "https://pliantrx.com/pipeline/",
    "timestamp": "unknown"
  },
  {
    "title": "Patients",
    "link": "https://pliantrx.com/patients/",
    "timestamp": "unknown"
  },
  {
    "title": "Investors & Media",
    "link": "https://ir.pliantrx.com/investor-relations",
    "timestamp": "unknown"
  },
  {
    "title": "Careers",
    "link": "https://pliantrx.com/careers/",
    "timestamp": "unknown"
  },
  {
    "title": "Contact",
    "link": "https://pliantrx.com/about/#contact",
    "timestamp": "unknown"
  },
  {
    "title": "Terms of UsePrivacy NoticeCCPA Applicant and Staff Privacy NoticeCopyright \u00a9  Pliant Therapeutics, Inc.|All Rights Reserved",
    "link": "https://pliantrx.com/terms-of-use/",
    "timestamp": "unknown"
  },
  {
    "title": "Terms of UsePrivacy NoticeCCPA Applicant and Staff Privacy Notice",
    "link": "https://pliantrx.com/terms-of-use/",
    "timestamp": "unknown"
  },
  {
    "title": "Terms of Use",
    "link": "https://pliantrx.com/terms-of-use/",
    "timestamp": "unknown"
  },
  {
    "title": "Privacy Notice",
    "link": "https://pliantrx.com/privacy-notice/",
    "timestamp": "unknown"
  },
  {
    "title": "CCPA Applicant and Staff Privacy Notice",
    "link": "https://pliantrx.com/ccpa-applicant-and-staff-privacy-notice/",
    "timestamp": "unknown"
  }
]