[
  {
    "title": "AboutBoard of DirectorsLeadershipScientific FoundersScientific Advisory BoardContactOur SciencePublicationsPipelineOverviewPLN-: OncologyInvestors & M",
    "link": "https://pliantrx.com/about/",
    "timestamp": "unknown"
  },
  {
    "title": "AboutBoard of DirectorsLeadershipScientific FoundersScientific Advisory BoardContactOur SciencePublicationsPipelineOverviewPLN-: OncologyInvestors & M",
    "link": "https://pliantrx.com/about/",
    "timestamp": "unknown"
  },
  {
    "title": "AboutBoard of DirectorsLeadershipScientific FoundersScientific Advisory BoardContact",
    "link": "https://pliantrx.com/about/",
    "timestamp": "unknown"
  },
  {
    "title": "Board of Directors",
    "link": "https://pliantrx.com/board-of-directors/",
    "timestamp": "unknown"
  },
  {
    "title": "Leadership",
    "link": "https://pliantrx.com/leadership/",
    "timestamp": "unknown"
  },
  {
    "title": "Scientific Founders",
    "link": "https://pliantrx.com/scientific-founders/",
    "timestamp": "unknown"
  },
  {
    "title": "Scientific Advisory Board",
    "link": "https://pliantrx.com/scientific-advisory-board/",
    "timestamp": "unknown"
  },
  {
    "title": "Contact",
    "link": "https://pliantrx.com/about/#contact",
    "timestamp": "unknown"
  },
  {
    "title": "Our SciencePublications",
    "link": "https://pliantrx.com/our-science/",
    "timestamp": "unknown"
  },
  {
    "title": "Publications",
    "link": "https://pliantrx.com/publications/",
    "timestamp": "unknown"
  },
  {
    "title": "PipelineOverviewPLN-: Oncology",
    "link": "https://pliantrx.com/pipeline/",
    "timestamp": "unknown"
  },
  {
    "title": "Overview",
    "link": "https://pliantrx.com/overview/?_gl=%2Al01cb%2A_up%2AMQ..%2A_ga%2AMTE2NTAxMzgwMS4xNzQyMjI2NzM2%2A_ga_3CQPNT84CS%2AMTc0MjIyNjczNC4xLjAuMTc0MjIyNjczNC4wLjAuMA..",
    "timestamp": "unknown"
  },
  {
    "title": "PLN-: Oncology",
    "link": "https://pliantrx.com/oncology/",
    "timestamp": "unknown"
  },
  {
    "title": "Investors & MediaInvestors OverviewPress ReleasesEvents & PresentationsStock InformationCorporate GovernanceFinancials & FilingsIR Resources",
    "link": "https://ir.pliantrx.com/",
    "timestamp": "unknown"
  },
  {
    "title": "Investors Overview",
    "link": "https://ir.pliantrx.com/investor-relations",
    "timestamp": "unknown"
  },
  {
    "title": "Press Releases",
    "link": "https://ir.pliantrx.com/press-releases",
    "timestamp": "unknown"
  },
  {
    "title": "Events & Presentations",
    "link": "https://ir.pliantrx.com/events-and-presentations",
    "timestamp": "unknown"
  },
  {
    "title": "Stock Information",
    "link": "https://ir.pliantrx.com/stock-information/stock-quote-chart",
    "timestamp": "unknown"
  },
  {
    "title": "Corporate Governance",
    "link": "https://ir.pliantrx.com/corporate-governance",
    "timestamp": "unknown"
  },
  {
    "title": "Financials & Filings",
    "link": "https://ir.pliantrx.com/financials-and-filings/sec-filings",
    "timestamp": "unknown"
  },
  {
    "title": "IR Resources",
    "link": "https://ir.pliantrx.com/ir-resources/investor-faqs",
    "timestamp": "unknown"
  },
  {
    "title": "CareersOverviewCultureBenefitsJob Opportunities",
    "link": "https://pliantrx.com/careers/",
    "timestamp": "unknown"
  },
  {
    "title": "Overview",
    "link": "https://pliantrx.com/careers/#overview",
    "timestamp": "unknown"
  },
  {
    "title": "Culture",
    "link": "https://pliantrx.com/careers/#culture",
    "timestamp": "unknown"
  },
  {
    "title": "Benefits",
    "link": "https://pliantrx.com/careers/#benefits",
    "timestamp": "unknown"
  },
  {
    "title": "Job Opportunities",
    "link": "https://pliantrx.com/careers/#job-opportunities",
    "timestamp": "unknown"
  },
  {
    "title": "SEC FilingsInvestors OverviewPress ReleasesEvents & PresentationsStock InformationStock Quote & ChartHistorical Price LookupAnalyst CoverageCorporate ",
    "link": "https://ir.pliantrx.com/investor-relations",
    "timestamp": "unknown"
  },
  {
    "title": "Investors OverviewPress ReleasesEvents & PresentationsStock InformationStock Quote & ChartHistorical Price LookupAnalyst CoverageCorporate GovernanceD",
    "link": "https://ir.pliantrx.com/investor-relations",
    "timestamp": "unknown"
  },
  {
    "title": "Investors OverviewPress ReleasesEvents & PresentationsStock InformationStock Quote & ChartHistorical Price LookupAnalyst CoverageCorporate GovernanceD",
    "link": "https://ir.pliantrx.com/investor-relations",
    "timestamp": "unknown"
  },
  {
    "title": "Investors OverviewPress ReleasesEvents & PresentationsStock InformationStock Quote & ChartHistorical Price LookupAnalyst CoverageCorporate GovernanceD",
    "link": "https://ir.pliantrx.com/investor-relations",
    "timestamp": "unknown"
  },
  {
    "title": "Investors OverviewPress ReleasesEvents & PresentationsStock InformationStock Quote & ChartHistorical Price LookupAnalyst CoverageCorporate GovernanceD",
    "link": "https://ir.pliantrx.com/investor-relations",
    "timestamp": "unknown"
  },
  {
    "title": "Investors OverviewPress ReleasesEvents & PresentationsStock InformationStock Quote & ChartHistorical Price LookupAnalyst CoverageCorporate GovernanceD",
    "link": "https://ir.pliantrx.com/investor-relations",
    "timestamp": "unknown"
  },
  {
    "title": "Investors OverviewPress ReleasesEvents & PresentationsStock InformationStock Quote & ChartHistorical Price LookupAnalyst CoverageCorporate GovernanceD",
    "link": "https://ir.pliantrx.com/investor-relations",
    "timestamp": "unknown"
  },
  {
    "title": "Investors Overview",
    "link": "https://ir.pliantrx.com/investor-relations",
    "timestamp": "unknown"
  },
  {
    "title": "Press Releases",
    "link": "https://ir.pliantrx.com/press-releases",
    "timestamp": "unknown"
  },
  {
    "title": "Events & Presentations",
    "link": "https://ir.pliantrx.com/events-and-presentations",
    "timestamp": "unknown"
  },
  {
    "title": "Stock InformationStock Quote & ChartHistorical Price LookupAnalyst Coverage",
    "link": "https://ir.pliantrx.com/financials-and-filings/sec-filings",
    "timestamp": "unknown"
  },
  {
    "title": "Stock Quote & ChartHistorical Price LookupAnalyst Coverage",
    "link": "https://ir.pliantrx.com/stock-information/stock-quote-chart",
    "timestamp": "unknown"
  },
  {
    "title": "Stock Quote & ChartHistorical Price LookupAnalyst Coverage",
    "link": "https://ir.pliantrx.com/stock-information/stock-quote-chart",
    "timestamp": "unknown"
  },
  {
    "title": "Stock Quote & Chart",
    "link": "https://ir.pliantrx.com/stock-information/stock-quote-chart",
    "timestamp": "unknown"
  },
  {
    "title": "Historical Price Lookup",
    "link": "https://ir.pliantrx.com/stock-information/historic-price-lookup",
    "timestamp": "unknown"
  },
  {
    "title": "Analyst Coverage",
    "link": "https://ir.pliantrx.com/stock-information/analyst-coverage",
    "timestamp": "unknown"
  },
  {
    "title": "Corporate GovernanceDocuments & ChartersBoard of DirectorsManagement",
    "link": "https://ir.pliantrx.com/financials-and-filings/sec-filings",
    "timestamp": "unknown"
  },
  {
    "title": "Documents & ChartersBoard of DirectorsManagement",
    "link": "https://ir.pliantrx.com/corporate-governance",
    "timestamp": "unknown"
  },
  {
    "title": "Documents & ChartersBoard of DirectorsManagement",
    "link": "https://ir.pliantrx.com/corporate-governance",
    "timestamp": "unknown"
  },
  {
    "title": "Documents & Charters",
    "link": "https://ir.pliantrx.com/corporate-governance",
    "timestamp": "unknown"
  },
  {
    "title": "Board of Directors",
    "link": "https://pliantrx.com/board-of-directors/",
    "timestamp": "unknown"
  },
  {
    "title": "Management",
    "link": "https://pliantrx.com/leadership/",
    "timestamp": "unknown"
  },
  {
    "title": "Financials & FilingsSEC FilingsQuarterly Earnings",
    "link": "https://ir.pliantrx.com/financials-and-filings/sec-filings",
    "timestamp": "unknown"
  },
  {
    "title": "SEC FilingsQuarterly Earnings",
    "link": "https://ir.pliantrx.com/financials-and-filings/sec-filings",
    "timestamp": "unknown"
  },
  {
    "title": "SEC FilingsQuarterly Earnings",
    "link": "https://ir.pliantrx.com/financials-and-filings/sec-filings",
    "timestamp": "unknown"
  },
  {
    "title": "SEC Filings",
    "link": "https://ir.pliantrx.com/financials-and-filings/sec-filings",
    "timestamp": "unknown"
  },
  {
    "title": "Quarterly Earnings",
    "link": "https://ir.pliantrx.com/financials-and-filings/quarterly-earnings",
    "timestamp": "unknown"
  },
  {
    "title": "IR ResourcesFAQsContact IREmail AlertsAnnual Meeting",
    "link": "https://ir.pliantrx.com/financials-and-filings/sec-filings",
    "timestamp": "unknown"
  },
  {
    "title": "FAQsContact IREmail AlertsAnnual Meeting",
    "link": "https://ir.pliantrx.com/ir-resources/investor-faqs",
    "timestamp": "unknown"
  },
  {
    "title": "FAQsContact IREmail AlertsAnnual Meeting",
    "link": "https://ir.pliantrx.com/ir-resources/investor-faqs",
    "timestamp": "unknown"
  },
  {
    "title": "FAQs",
    "link": "https://ir.pliantrx.com/ir-resources/investor-faqs",
    "timestamp": "unknown"
  },
  {
    "title": "Contact IR",
    "link": "https://ir.pliantrx.com/ir-resources/contact-ir",
    "timestamp": "unknown"
  },
  {
    "title": "Email Alerts",
    "link": "https://ir.pliantrx.com/ir-resources/email-alerts",
    "timestamp": "unknown"
  },
  {
    "title": "Annual Meeting",
    "link": "https://ir.pliantrx.com/shareholder-services/annual-meeting",
    "timestamp": "unknown"
  },
  {
    "title": "Group,,Annual FilingsCurrent ReportsMergers & AcquisitionsOtherProxy FilingsQuarterly FilingsRegistration StatementsFiling year- Any -Filing dateFormD",
    "link": "https://ir.pliantrx.com/financials-and-filings/sec-filings?items_per_page=&order=field_nir_sec_date_filed&sort=asc",
    "timestamp": "unknown"
  },
  {
    "title": "Group,,Annual FilingsCurrent ReportsMergers & AcquisitionsOtherProxy FilingsQuarterly FilingsRegistration StatementsFiling year- Any -Filing dateFormD",
    "link": "https://ir.pliantrx.com/financials-and-filings/sec-filings?items_per_page=&order=field_nir_sec_date_filed&sort=asc",
    "timestamp": "unknown"
  },
  {
    "title": "Group,,Annual FilingsCurrent ReportsMergers & AcquisitionsOtherProxy FilingsQuarterly FilingsRegistration StatementsFiling year- Any -Filing dateFormD",
    "link": "https://ir.pliantrx.com/financials-and-filings/sec-filings?items_per_page=&order=field_nir_sec_date_filed&sort=asc",
    "timestamp": "unknown"
  },
  {
    "title": "Group,,Annual FilingsCurrent ReportsMergers & AcquisitionsOtherProxy FilingsQuarterly FilingsRegistration StatementsFiling year- Any -Filing dateFormD",
    "link": "https://ir.pliantrx.com/financials-and-filings/sec-filings?items_per_page=&order=field_nir_sec_date_filed&sort=asc",
    "timestamp": "unknown"
  },
  {
    "title": "Group,,Annual FilingsCurrent ReportsMergers & AcquisitionsOtherProxy FilingsQuarterly FilingsRegistration StatementsFiling year- Any -Filing dateFormD",
    "link": "https://ir.pliantrx.com/financials-and-filings/sec-filings?items_per_page=&order=field_nir_sec_date_filed&sort=asc",
    "timestamp": "unknown"
  },
  {
    "title": "Group,,Annual FilingsCurrent ReportsMergers & AcquisitionsOtherProxy FilingsQuarterly FilingsRegistration StatementsFiling year- Any -Filing dateFormD",
    "link": "https://ir.pliantrx.com/financials-and-filings/sec-filings?items_per_page=&order=field_nir_sec_date_filed&sort=asc",
    "timestamp": "unknown"
  },
  {
    "title": "Group,,Annual FilingsCurrent ReportsMergers & AcquisitionsOtherProxy FilingsQuarterly FilingsRegistration StatementsFiling year- Any -Filing dateFormD",
    "link": "https://ir.pliantrx.com/financials-and-filings/sec-filings?items_per_page=&order=field_nir_sec_date_filed&sort=asc",
    "timestamp": "unknown"
  },
  {
    "title": "Group,,Annual FilingsCurrent ReportsMergers & AcquisitionsOtherProxy FilingsQuarterly FilingsRegistration StatementsFiling year- Any -Filing dateFormD",
    "link": "https://ir.pliantrx.com/financials-and-filings/sec-filings?items_per_page=&order=field_nir_sec_date_filed&sort=asc",
    "timestamp": "unknown"
  },
  {
    "title": "Group,,Annual FilingsCurrent ReportsMergers & AcquisitionsOtherProxy FilingsQuarterly FilingsRegistration StatementsFiling year- Any -Filing dateFormD",
    "link": "https://ir.pliantrx.com/financials-and-filings/sec-filings?items_per_page=&order=field_nir_sec_date_filed&sort=asc",
    "timestamp": "unknown"
  },
  {
    "title": "Group,,Annual FilingsCurrent ReportsMergers & AcquisitionsOtherProxy FilingsQuarterly FilingsRegistration StatementsFiling year- Any -Filing dateFormD",
    "link": "https://ir.pliantrx.com/financials-and-filings/sec-filings?items_per_page=&order=field_nir_sec_date_filed&sort=asc",
    "timestamp": "unknown"
  },
  {
    "title": "Group,,Annual FilingsCurrent ReportsMergers & AcquisitionsOtherProxy FilingsQuarterly FilingsRegistration StatementsFiling year- Any -Filing dateFormD",
    "link": "https://ir.pliantrx.com/financials-and-filings/sec-filings?items_per_page=&order=field_nir_sec_date_filed&sort=asc",
    "timestamp": "unknown"
  },
  {
    "title": "Filing dateFormDescriptionView//SCHEDULE 13GSCHEDULE 13G - Description--.pdf--.rtf--.xlsView HTML//SCHEDULE 13GSCHEDULE 13G - Description--.pdf--.rtf-",
    "link": "https://ir.pliantrx.com/financials-and-filings/sec-filings?items_per_page=&order=field_nir_sec_date_filed&sort=asc",
    "timestamp": "unknown"
  },
  {
    "title": "Filing dateFormDescriptionView",
    "link": "https://ir.pliantrx.com/financials-and-filings/sec-filings?items_per_page=&order=field_nir_sec_date_filed&sort=asc",
    "timestamp": "unknown"
  },
  {
    "title": "//SCHEDULE 13GSCHEDULE 13G - Description--.pdf--.rtf--.xlsView HTML",
    "link": "https://ir.pliantrx.com/sec-filings/sec-filing/schedule-13g/--",
    "timestamp": "unknown"
  },
  {
    "title": "--.pdf",
    "link": "https://ir.pliantrx.com/static-files/f0ff1e86-51b6--ba19-5004176b1675",
    "timestamp": "unknown"
  },
  {
    "title": "--.rtf",
    "link": "https://ir.pliantrx.com/static-files/3109a7a3-14bd-46a6-b638-180447814cf4",
    "timestamp": "unknown"
  },
  {
    "title": "--.xls",
    "link": "https://ir.pliantrx.com/static-files/64f1d215-823e-4ae5-aad4-287bffecd065",
    "timestamp": "unknown"
  },
  {
    "title": "//SCHEDULE 13GSCHEDULE 13G - Description--.pdf--.rtf--.xlsView HTML",
    "link": "https://ir.pliantrx.com/sec-filings/sec-filing/schedule-13g/--",
    "timestamp": "unknown"
  },
  {
    "title": "--.pdf",
    "link": "https://ir.pliantrx.com/static-files/6f0b816e-d105-4a82--cd69d8222bfe",
    "timestamp": "unknown"
  },
  {
    "title": "--.rtf",
    "link": "https://ir.pliantrx.com/static-files/eec783f0-455e-4b11-b120-d748f6b76903",
    "timestamp": "unknown"
  },
  {
    "title": "--.xls",
    "link": "https://ir.pliantrx.com/static-files/13e61caa-54f9-470d-8c44-4cc3ccc49cda",
    "timestamp": "unknown"
  },
  {
    "title": "//Statement of changes in beneficial ownership of securities--.pdf--.rtf--.xlsView HTML",
    "link": "https://ir.pliantrx.com/sec-filings/sec-filing//--",
    "timestamp": "unknown"
  },
  {
    "title": "--.pdf",
    "link": "https://ir.pliantrx.com/static-files/5e9a4143-100d-4a96-83ca-f8f3aba86ea3",
    "timestamp": "unknown"
  },
  {
    "title": "--.rtf",
    "link": "https://ir.pliantrx.com/static-files/13aa1f97-013a--8c37-82ac68d09740",
    "timestamp": "unknown"
  },
  {
    "title": "--.xls",
    "link": "https://ir.pliantrx.com/static-files/88e3ece5-0c08---b6d3dc81a9ac",
    "timestamp": "unknown"
  },
  {
    "title": "//Statement of changes in beneficial ownership of securities--.pdf--.rtf--.xlsView HTML",
    "link": "https://ir.pliantrx.com/sec-filings/sec-filing//--",
    "timestamp": "unknown"
  },
  {
    "title": "--.pdf",
    "link": "https://ir.pliantrx.com/static-files/4c1e0fd0-e77d---04e6b9b2c77b",
    "timestamp": "unknown"
  },
  {
    "title": "--.rtf",
    "link": "https://ir.pliantrx.com/static-files/-f142-488f-a03e-007804e2b19c",
    "timestamp": "unknown"
  },
  {
    "title": "--.xls",
    "link": "https://ir.pliantrx.com/static-files/5740fcd1-504a---",
    "timestamp": "unknown"
  },
  {
    "title": "//Statement of changes in beneficial ownership of securities--.pdf--.rtf--.xlsView HTML",
    "link": "https://ir.pliantrx.com/sec-filings/sec-filing//--",
    "timestamp": "unknown"
  },
  {
    "title": "--.pdf",
    "link": "https://ir.pliantrx.com/static-files/b1d7d3a8-a078--aac6-1b614db34698",
    "timestamp": "unknown"
  },
  {
    "title": "--.rtf",
    "link": "https://ir.pliantrx.com/static-files/-d82d-475f--863f4ac0d398",
    "timestamp": "unknown"
  },
  {
    "title": "--.xls",
    "link": "https://ir.pliantrx.com/static-files/731a2d6f-2e82-406e--9759ee9a331b",
    "timestamp": "unknown"
  },
  {
    "title": "//Statement of changes in beneficial ownership of securities--.pdf--.rtf--.xlsView HTML",
    "link": "https://ir.pliantrx.com/sec-filings/sec-filing//--",
    "timestamp": "unknown"
  },
  {
    "title": "--.pdf",
    "link": "https://ir.pliantrx.com/static-files/61095ee9-3ca0-47b0-a97d-43b2c1413d42",
    "timestamp": "unknown"
  },
  {
    "title": "--.rtf",
    "link": "https://ir.pliantrx.com/static-files/969f00b8--4a1c-ae2f-602b7602ac49",
    "timestamp": "unknown"
  },
  {
    "title": "--.xls",
    "link": "https://ir.pliantrx.com/static-files/d3c06152-aaea-44e8--62ce2465aca5",
    "timestamp": "unknown"
  },
  {
    "title": "//SCHEDULE 13GSCHEDULE 13G - Description--.pdf--.rtf--.xlsView HTML",
    "link": "https://ir.pliantrx.com/sec-filings/sec-filing/schedule-13g/--",
    "timestamp": "unknown"
  },
  {
    "title": "--.pdf",
    "link": "https://ir.pliantrx.com/static-files/1d5948ab-2ca7--9d9a-b0669dffe1b8",
    "timestamp": "unknown"
  },
  {
    "title": "--.rtf",
    "link": "https://ir.pliantrx.com/static-files/b4e148dc-4b10-46fc-beba-ad5c0d4086f6",
    "timestamp": "unknown"
  },
  {
    "title": "--.xls",
    "link": "https://ir.pliantrx.com/static-files/500cf973--476b-adb3-eeb1e026136d",
    "timestamp": "unknown"
  },
  {
    "title": "//Statement of changes in beneficial ownership of securities--.pdf--.rtf--.xlsView HTML",
    "link": "https://ir.pliantrx.com/sec-filings/sec-filing//--",
    "timestamp": "unknown"
  },
  {
    "title": "--.pdf",
    "link": "https://ir.pliantrx.com/static-files/ef4fee72-58e3-41f9-984f-ec033fba8258",
    "timestamp": "unknown"
  },
  {
    "title": "--.rtf",
    "link": "https://ir.pliantrx.com/static-files/b597b07c-49ac-477b-aa60-db9e8d046c2f",
    "timestamp": "unknown"
  },
  {
    "title": "--.xls",
    "link": "https://ir.pliantrx.com/static-files/cfdafae2-522b-4d28-ba84-df6939c4cde0",
    "timestamp": "unknown"
  },
  {
    "title": "//Statement of changes in beneficial ownership of securities--.pdf--.rtf--.xlsView HTML",
    "link": "https://ir.pliantrx.com/sec-filings/sec-filing//--",
    "timestamp": "unknown"
  },
  {
    "title": "--.pdf",
    "link": "https://ir.pliantrx.com/static-files/923498ec-ebd4-4d2a-84f0-c7ef9f22cef7",
    "timestamp": "unknown"
  },
  {
    "title": "--.rtf",
    "link": "https://ir.pliantrx.com/static-files/a2bec589-9df3-45aa-b0ce-cb6aa43b78a5",
    "timestamp": "unknown"
  },
  {
    "title": "--.xls",
    "link": "https://ir.pliantrx.com/static-files/4cf3ab4f--4e7e-b56a-d81da82dbe8f",
    "timestamp": "unknown"
  },
  {
    "title": "//Statement of changes in beneficial ownership of securities--.pdf--.rtf--.xlsView HTML",
    "link": "https://ir.pliantrx.com/sec-filings/sec-filing//--",
    "timestamp": "unknown"
  },
  {
    "title": "--.pdf",
    "link": "https://ir.pliantrx.com/static-files/f3b5b2cf-77c1-4ec0-b2df-3a6d4b2652a8",
    "timestamp": "unknown"
  },
  {
    "title": "--.rtf",
    "link": "https://ir.pliantrx.com/static-files/616886a8-eb87--8bbe-f189b23839e3",
    "timestamp": "unknown"
  },
  {
    "title": "--.xls",
    "link": "https://ir.pliantrx.com/static-files/e5378a37-1d20-4bad-827f-cb03bf809259",
    "timestamp": "unknown"
  },
  {
    "title": "Current page",
    "link": "https://ir.pliantrx.com/financials-and-filings/sec-filings?&&field_nir_sec_date_filed_value=&&&items_per_page_toggle=&page=",
    "timestamp": "unknown"
  },
  {
    "title": "Page",
    "link": "https://ir.pliantrx.com/financials-and-filings/sec-filings?&&field_nir_sec_date_filed_value=&&&items_per_page_toggle=&page=",
    "timestamp": "unknown"
  },
  {
    "title": "Page",
    "link": "https://ir.pliantrx.com/financials-and-filings/sec-filings?&&field_nir_sec_date_filed_value=&&&items_per_page_toggle=&page=",
    "timestamp": "unknown"
  },
  {
    "title": "Page",
    "link": "https://ir.pliantrx.com/financials-and-filings/sec-filings?&&field_nir_sec_date_filed_value=&&&items_per_page_toggle=&page=",
    "timestamp": "unknown"
  },
  {
    "title": "Page",
    "link": "https://ir.pliantrx.com/financials-and-filings/sec-filings?&&field_nir_sec_date_filed_value=&&&items_per_page_toggle=&page=",
    "timestamp": "unknown"
  },
  {
    "title": "Page",
    "link": "https://ir.pliantrx.com/financials-and-filings/sec-filings?&&field_nir_sec_date_filed_value=&&&items_per_page_toggle=&page=",
    "timestamp": "unknown"
  },
  {
    "title": "Page",
    "link": "https://ir.pliantrx.com/financials-and-filings/sec-filings?&&field_nir_sec_date_filed_value=&&&items_per_page_toggle=&page=",
    "timestamp": "unknown"
  },
  {
    "title": "Page",
    "link": "https://ir.pliantrx.com/financials-and-filings/sec-filings?&&field_nir_sec_date_filed_value=&&&items_per_page_toggle=&page=",
    "timestamp": "unknown"
  },
  {
    "title": "Page",
    "link": "https://ir.pliantrx.com/financials-and-filings/sec-filings?&&field_nir_sec_date_filed_value=&&&items_per_page_toggle=&page=",
    "timestamp": "unknown"
  },
  {
    "title": "Next pageNext \u203a",
    "link": "https://ir.pliantrx.com/financials-and-filings/sec-filings?&&field_nir_sec_date_filed_value=&&&items_per_page_toggle=&page=",
    "timestamp": "unknown"
  },
  {
    "title": "Last pageLast \u00bb",
    "link": "https://ir.pliantrx.com/financials-and-filings/sec-filings?&&field_nir_sec_date_filed_value=&&&items_per_page_toggle=&page=",
    "timestamp": "unknown"
  },
  {
    "title": "Data provided byKaleidoscope.",
    "link": "https://www.kscope.io",
    "timestamp": "unknown"
  },
  {
    "title": "Data provided byKaleidoscope.",
    "link": "https://www.kscope.io",
    "timestamp": "unknown"
  },
  {
    "title": "Print PageRSS FeedsEmail AlertsContact IR",
    "link": "https://ir.pliantrx.com/financials-and-filings/sec-filings",
    "timestamp": "unknown"
  },
  {
    "title": "Print PageRSS FeedsEmail AlertsContact IR",
    "link": "https://ir.pliantrx.com/financials-and-filings/sec-filings",
    "timestamp": "unknown"
  },
  {
    "title": "Print PageRSS FeedsEmail AlertsContact IR",
    "link": "https://ir.pliantrx.com/financials-and-filings/sec-filings",
    "timestamp": "unknown"
  },
  {
    "title": "Print PageRSS FeedsEmail AlertsContact IR",
    "link": "https://ir.pliantrx.com/financials-and-filings/sec-filings",
    "timestamp": "unknown"
  },
  {
    "title": "Print Page",
    "link": "https://ir.pliantrx.com/financials-and-filings/sec-filings",
    "timestamp": "unknown"
  },
  {
    "title": "Print Page",
    "link": "https://ir.pliantrx.com/financials-and-filings/sec-filings",
    "timestamp": "unknown"
  },
  {
    "title": "RSS Feeds",
    "link": "https://ir.pliantrx.com/rss-feeds",
    "timestamp": "unknown"
  },
  {
    "title": "RSS Feeds",
    "link": "https://ir.pliantrx.com/rss-feeds",
    "timestamp": "unknown"
  },
  {
    "title": "Email Alerts",
    "link": "https://ir.pliantrx.com/ir-resources/email-alerts",
    "timestamp": "unknown"
  },
  {
    "title": "Email Alerts",
    "link": "https://ir.pliantrx.com/ir-resources/email-alerts",
    "timestamp": "unknown"
  },
  {
    "title": "Contact IR",
    "link": "https://ir.pliantrx.com/ir-resources/contact-ir",
    "timestamp": "unknown"
  },
  {
    "title": "Contact IR",
    "link": "https://ir.pliantrx.com/ir-resources/contact-ir",
    "timestamp": "unknown"
  },
  {
    "title": "Pliant logoLinkedInFacebookTwitterYoutubeAboutOur SciencePipelinePatientsInvestors & MediaCareersContactTerms of UsePrivacy NoticeCCPA Applicant and S",
    "link": "https://pliantrx.com/",
    "timestamp": "unknown"
  },
  {
    "title": "Pliant logoLinkedInFacebookTwitterYoutubeAboutOur SciencePipelinePatientsInvestors & MediaCareersContactTerms of UsePrivacy NoticeCCPA Applicant and S",
    "link": "https://pliantrx.com/",
    "timestamp": "unknown"
  },
  {
    "title": "Pliant logoLinkedInFacebookTwitterYoutubeAboutOur SciencePipelinePatientsInvestors & MediaCareersContactTerms of UsePrivacy NoticeCCPA Applicant and S",
    "link": "https://pliantrx.com/",
    "timestamp": "unknown"
  },
  {
    "title": "Pliant logoLinkedInFacebookTwitterYoutube",
    "link": "https://pliantrx.com/",
    "timestamp": "unknown"
  },
  {
    "title": "Pliant logo",
    "link": "https://pliantrx.com/",
    "timestamp": "unknown"
  },
  {
    "title": "LinkedInFacebookTwitterYoutube",
    "link": "https://www.linkedin.com/company/pliant-therapeutics/",
    "timestamp": "unknown"
  },
  {
    "title": "AboutOur SciencePipelinePatientsInvestors & MediaCareersContact",
    "link": "https://pliantrx.com/about/",
    "timestamp": "unknown"
  },
  {
    "title": "AboutOur SciencePipelinePatientsInvestors & MediaCareersContact",
    "link": "https://pliantrx.com/about/",
    "timestamp": "unknown"
  },
  {
    "title": "AboutOur SciencePipelinePatientsInvestors & MediaCareersContact",
    "link": "https://pliantrx.com/about/",
    "timestamp": "unknown"
  },
  {
    "title": "About",
    "link": "https://pliantrx.com/about/",
    "timestamp": "unknown"
  },
  {
    "title": "Our Science",
    "link": "https://pliantrx.com/our-science/",
    "timestamp": "unknown"
  },
  {
    "title": "Pipeline",
    "link": "https://pliantrx.com/pipeline/",
    "timestamp": "unknown"
  },
  {
    "title": "Patients",
    "link": "https://pliantrx.com/patients/",
    "timestamp": "unknown"
  },
  {
    "title": "Investors & Media",
    "link": "https://ir.pliantrx.com/investor-relations",
    "timestamp": "unknown"
  },
  {
    "title": "Careers",
    "link": "https://pliantrx.com/careers/",
    "timestamp": "unknown"
  },
  {
    "title": "Contact",
    "link": "https://pliantrx.com/about/#contact",
    "timestamp": "unknown"
  },
  {
    "title": "Terms of UsePrivacy NoticeCCPA Applicant and Staff Privacy NoticeCopyright \u00a9  Pliant Therapeutics, Inc.|All Rights Reserved",
    "link": "https://pliantrx.com/terms-of-use/",
    "timestamp": "unknown"
  },
  {
    "title": "Terms of UsePrivacy NoticeCCPA Applicant and Staff Privacy Notice",
    "link": "https://pliantrx.com/terms-of-use/",
    "timestamp": "unknown"
  },
  {
    "title": "Terms of Use",
    "link": "https://pliantrx.com/terms-of-use/",
    "timestamp": "unknown"
  },
  {
    "title": "Privacy Notice",
    "link": "https://pliantrx.com/privacy-notice/",
    "timestamp": "unknown"
  },
  {
    "title": "CCPA Applicant and Staff Privacy Notice",
    "link": "https://pliantrx.com/ccpa-applicant-and-staff-privacy-notice/",
    "timestamp": "unknown"
  }
]