[
  {
    "title": "AboutBoard of DirectorsLeadershipScientific FoundersScientific Advisory BoardContactOur SciencePublicationsPipelineOverviewBexotegrast (PLN-): IPFPLN-",
    "link": "https://pliantrx.com/about/",
    "timestamp": "unknown"
  },
  {
    "title": "AboutBoard of DirectorsLeadershipScientific FoundersScientific Advisory BoardContactOur SciencePublicationsPipelineOverviewBexotegrast (PLN-): IPFPLN-",
    "link": "https://pliantrx.com/about/",
    "timestamp": "unknown"
  },
  {
    "title": "AboutBoard of DirectorsLeadershipScientific FoundersScientific Advisory BoardContact",
    "link": "https://pliantrx.com/about/",
    "timestamp": "unknown"
  },
  {
    "title": "Board of Directors",
    "link": "https://pliantrx.com/board-of-directors/",
    "timestamp": "unknown"
  },
  {
    "title": "Leadership",
    "link": "https://pliantrx.com/leadership/",
    "timestamp": "unknown"
  },
  {
    "title": "Scientific Founders",
    "link": "https://pliantrx.com/scientific-founders/",
    "timestamp": "unknown"
  },
  {
    "title": "Scientific Advisory Board",
    "link": "https://pliantrx.com/scientific-advisory-board/",
    "timestamp": "unknown"
  },
  {
    "title": "Contact",
    "link": "https://pliantrx.com/about/#contact",
    "timestamp": "unknown"
  },
  {
    "title": "Our SciencePublications",
    "link": "https://pliantrx.com/our-science/",
    "timestamp": "unknown"
  },
  {
    "title": "Publications",
    "link": "https://pliantrx.com/publications/",
    "timestamp": "unknown"
  },
  {
    "title": "PipelineOverviewBexotegrast (PLN-): IPFPLN-: OncologyPLN-: Muscular Dystrophy",
    "link": "https://pliantrx.com/pipeline/",
    "timestamp": "unknown"
  },
  {
    "title": "Overview",
    "link": "https://pliantrx.com/overview/?_gl=%2Al01cb%2A_up%2AMQ..%2A_ga%2AMTE2NTAxMzgwMS4xNzQyMjI2NzM2%2A_ga_3CQPNT84CS%2AMTc0MjIyNjczNC4xLjAuMTc0MjIyNjczNC4wLjAuMA..",
    "timestamp": "unknown"
  },
  {
    "title": "Bexotegrast (PLN-): IPF",
    "link": "https://pliantrx.com/pln--ipf/?_gl=%2A7mb63a%2A_up%2AMQ..%2A_ga%2AMTE2NTAxMzgwMS4xNzQyMjI2NzM2%2A_ga_3CQPNT84CS%2AMTc0MjIyNjczNC4xLjAuMTc0MjIyNjczNC4wLjAuMA..",
    "timestamp": "unknown"
  },
  {
    "title": "PLN-: Oncology",
    "link": "https://pliantrx.com/oncology/",
    "timestamp": "unknown"
  },
  {
    "title": "PLN-: Muscular Dystrophy",
    "link": "https://pliantrx.com/muscular-dystrophy/",
    "timestamp": "unknown"
  },
  {
    "title": "PatientsCommitment & ResourcesFrequently Asked QuestionsExpanded Access Policy",
    "link": "https://pliantrx.com/patients/",
    "timestamp": "unknown"
  },
  {
    "title": "Commitment & Resources",
    "link": "https://pliantrx.com/commitment-resources/?_gl=%2A41qe9b%2A_up%2AMQ..%2A_ga%2AMTE2NTAxMzgwMS4xNzQyMjI2NzM2%2A_ga_3CQPNT84CS%2AMTc0MjIyNjczNC4xLjAuMTc0MjIyNjczNC4wLjAuMA..",
    "timestamp": "unknown"
  },
  {
    "title": "Frequently Asked Questions",
    "link": "https://pliantrx.com/faqs-about-clinical-trials/?_gl=%2A1qxz6s%2A_up%2AMQ..%2A_ga%2AMTE2NTAxMzgwMS4xNzQyMjI2NzM2%2A_ga_3CQPNT84CS%2AMTc0MjIyNjczNC4xLjAuMTc0MjIyNjczNC4wLjAuMA..",
    "timestamp": "unknown"
  },
  {
    "title": "Expanded Access Policy",
    "link": "https://pliantrx.com/expanded-access-policy/?_gl=%2A1qxz6s%2A_up%2AMQ..%2A_ga%2AMTE2NTAxMzgwMS4xNzQyMjI2NzM2%2A_ga_3CQPNT84CS%2AMTc0MjIyNjczNC4xLjAuMTc0MjIyNjczNC4wLjAuMA..",
    "timestamp": "unknown"
  },
  {
    "title": "Investors & MediaInvestors OverviewPress ReleasesEvents & PresentationsStock InformationCorporate GovernanceFinancials & FilingsIR Resources",
    "link": "https://ir.pliantrx.com/",
    "timestamp": "unknown"
  },
  {
    "title": "Investors Overview",
    "link": "https://ir.pliantrx.com/investor-relations",
    "timestamp": "unknown"
  },
  {
    "title": "Press Releases",
    "link": "https://ir.pliantrx.com/press-releases",
    "timestamp": "unknown"
  },
  {
    "title": "Events & Presentations",
    "link": "https://ir.pliantrx.com/events-and-presentations",
    "timestamp": "unknown"
  },
  {
    "title": "Stock Information",
    "link": "https://ir.pliantrx.com/stock-information/stock-quote-chart",
    "timestamp": "unknown"
  },
  {
    "title": "Corporate Governance",
    "link": "https://ir.pliantrx.com/corporate-governance",
    "timestamp": "unknown"
  },
  {
    "title": "Financials & Filings",
    "link": "https://ir.pliantrx.com/financials-and-filings/sec-filings",
    "timestamp": "unknown"
  },
  {
    "title": "IR Resources",
    "link": "https://ir.pliantrx.com/ir-resources/investor-faqs",
    "timestamp": "unknown"
  },
  {
    "title": "CareersOverviewCultureBenefitsJob Opportunities",
    "link": "https://pliantrx.com/careers/",
    "timestamp": "unknown"
  },
  {
    "title": "Overview",
    "link": "https://pliantrx.com/careers/#overview",
    "timestamp": "unknown"
  },
  {
    "title": "Culture",
    "link": "https://pliantrx.com/careers/#culture",
    "timestamp": "unknown"
  },
  {
    "title": "Benefits",
    "link": "https://pliantrx.com/careers/#benefits",
    "timestamp": "unknown"
  },
  {
    "title": "Job Opportunities",
    "link": "https://pliantrx.com/careers/#job-opportunities",
    "timestamp": "unknown"
  },
  {
    "title": "Press ReleasesInvestors OverviewPress ReleasesEvents & PresentationsStock InformationStock Quote & ChartHistorical Price LookupAnalyst CoverageCorpora",
    "link": "https://ir.pliantrx.com/investor-relations",
    "timestamp": "unknown"
  },
  {
    "title": "Investors OverviewPress ReleasesEvents & PresentationsStock InformationStock Quote & ChartHistorical Price LookupAnalyst CoverageCorporate GovernanceD",
    "link": "https://ir.pliantrx.com/investor-relations",
    "timestamp": "unknown"
  },
  {
    "title": "Investors OverviewPress ReleasesEvents & PresentationsStock InformationStock Quote & ChartHistorical Price LookupAnalyst CoverageCorporate GovernanceD",
    "link": "https://ir.pliantrx.com/investor-relations",
    "timestamp": "unknown"
  },
  {
    "title": "Investors OverviewPress ReleasesEvents & PresentationsStock InformationStock Quote & ChartHistorical Price LookupAnalyst CoverageCorporate GovernanceD",
    "link": "https://ir.pliantrx.com/investor-relations",
    "timestamp": "unknown"
  },
  {
    "title": "Investors OverviewPress ReleasesEvents & PresentationsStock InformationStock Quote & ChartHistorical Price LookupAnalyst CoverageCorporate GovernanceD",
    "link": "https://ir.pliantrx.com/investor-relations",
    "timestamp": "unknown"
  },
  {
    "title": "Investors OverviewPress ReleasesEvents & PresentationsStock InformationStock Quote & ChartHistorical Price LookupAnalyst CoverageCorporate GovernanceD",
    "link": "https://ir.pliantrx.com/investor-relations",
    "timestamp": "unknown"
  },
  {
    "title": "Investors OverviewPress ReleasesEvents & PresentationsStock InformationStock Quote & ChartHistorical Price LookupAnalyst CoverageCorporate GovernanceD",
    "link": "https://ir.pliantrx.com/investor-relations",
    "timestamp": "unknown"
  },
  {
    "title": "Investors Overview",
    "link": "https://ir.pliantrx.com/investor-relations",
    "timestamp": "unknown"
  },
  {
    "title": "Press Releases",
    "link": "https://ir.pliantrx.com/press-releases",
    "timestamp": "unknown"
  },
  {
    "title": "Events & Presentations",
    "link": "https://ir.pliantrx.com/events-and-presentations",
    "timestamp": "unknown"
  },
  {
    "title": "Stock InformationStock Quote & ChartHistorical Price LookupAnalyst Coverage",
    "link": "https://ir.pliantrx.com/press-releases",
    "timestamp": "unknown"
  },
  {
    "title": "Stock Quote & ChartHistorical Price LookupAnalyst Coverage",
    "link": "https://ir.pliantrx.com/stock-information/stock-quote-chart",
    "timestamp": "unknown"
  },
  {
    "title": "Stock Quote & ChartHistorical Price LookupAnalyst Coverage",
    "link": "https://ir.pliantrx.com/stock-information/stock-quote-chart",
    "timestamp": "unknown"
  },
  {
    "title": "Stock Quote & Chart",
    "link": "https://ir.pliantrx.com/stock-information/stock-quote-chart",
    "timestamp": "unknown"
  },
  {
    "title": "Historical Price Lookup",
    "link": "https://ir.pliantrx.com/stock-information/historic-price-lookup",
    "timestamp": "unknown"
  },
  {
    "title": "Analyst Coverage",
    "link": "https://ir.pliantrx.com/stock-information/analyst-coverage",
    "timestamp": "unknown"
  },
  {
    "title": "Corporate GovernanceDocuments & ChartersBoard of DirectorsManagement",
    "link": "https://ir.pliantrx.com/press-releases",
    "timestamp": "unknown"
  },
  {
    "title": "Documents & ChartersBoard of DirectorsManagement",
    "link": "https://ir.pliantrx.com/corporate-governance",
    "timestamp": "unknown"
  },
  {
    "title": "Documents & ChartersBoard of DirectorsManagement",
    "link": "https://ir.pliantrx.com/corporate-governance",
    "timestamp": "unknown"
  },
  {
    "title": "Documents & Charters",
    "link": "https://ir.pliantrx.com/corporate-governance",
    "timestamp": "unknown"
  },
  {
    "title": "Board of Directors",
    "link": "https://pliantrx.com/board-of-directors/",
    "timestamp": "unknown"
  },
  {
    "title": "Management",
    "link": "https://pliantrx.com/leadership/",
    "timestamp": "unknown"
  },
  {
    "title": "Financials & FilingsSEC FilingsQuarterly Earnings",
    "link": "https://ir.pliantrx.com/press-releases",
    "timestamp": "unknown"
  },
  {
    "title": "SEC FilingsQuarterly Earnings",
    "link": "https://ir.pliantrx.com/financials-and-filings/sec-filings",
    "timestamp": "unknown"
  },
  {
    "title": "SEC FilingsQuarterly Earnings",
    "link": "https://ir.pliantrx.com/financials-and-filings/sec-filings",
    "timestamp": "unknown"
  },
  {
    "title": "SEC Filings",
    "link": "https://ir.pliantrx.com/financials-and-filings/sec-filings",
    "timestamp": "unknown"
  },
  {
    "title": "Quarterly Earnings",
    "link": "https://ir.pliantrx.com/financials-and-filings/quarterly-earnings",
    "timestamp": "unknown"
  },
  {
    "title": "IR ResourcesFAQsContact IREmail AlertsAnnual Meeting",
    "link": "https://ir.pliantrx.com/press-releases",
    "timestamp": "unknown"
  },
  {
    "title": "FAQsContact IREmail AlertsAnnual Meeting",
    "link": "https://ir.pliantrx.com/ir-resources/investor-faqs",
    "timestamp": "unknown"
  },
  {
    "title": "FAQsContact IREmail AlertsAnnual Meeting",
    "link": "https://ir.pliantrx.com/ir-resources/investor-faqs",
    "timestamp": "unknown"
  },
  {
    "title": "FAQs",
    "link": "https://ir.pliantrx.com/ir-resources/investor-faqs",
    "timestamp": "unknown"
  },
  {
    "title": "Contact IR",
    "link": "https://ir.pliantrx.com/ir-resources/contact-ir",
    "timestamp": "unknown"
  },
  {
    "title": "Email Alerts",
    "link": "https://ir.pliantrx.com/ir-resources/email-alerts",
    "timestamp": "unknown"
  },
  {
    "title": "Annual Meeting",
    "link": "https://ir.pliantrx.com/shareholder-services/annual-meeting",
    "timestamp": "unknown"
  },
  {
    "title": "YearNone--Pliant Therapeutics Provides Corporate Update and Reports Second Quarter  Financial Results--Pliant Therapeutics Provides Update on BEACON-I",
    "link": "https://ir.pliantrx.com/news-releases/news-release-details/pliant-therapeutics-provides-corporate-update-and-reports-",
    "timestamp": "unknown"
  },
  {
    "title": "YearNone--Pliant Therapeutics Provides Corporate Update and Reports Second Quarter  Financial Results--Pliant Therapeutics Provides Update on BEACON-I",
    "link": "https://ir.pliantrx.com/news-releases/news-release-details/pliant-therapeutics-provides-corporate-update-and-reports-",
    "timestamp": "unknown"
  },
  {
    "title": "YearNone--Pliant Therapeutics Provides Corporate Update and Reports Second Quarter  Financial Results--Pliant Therapeutics Provides Update on BEACON-I",
    "link": "https://ir.pliantrx.com/news-releases/news-release-details/pliant-therapeutics-provides-corporate-update-and-reports-",
    "timestamp": "unknown"
  },
  {
    "title": "YearNone--Pliant Therapeutics Provides Corporate Update and Reports Second Quarter  Financial Results--Pliant Therapeutics Provides Update on BEACON-I",
    "link": "https://ir.pliantrx.com/news-releases/news-release-details/pliant-therapeutics-provides-corporate-update-and-reports-",
    "timestamp": "unknown"
  },
  {
    "title": "YearNone--Pliant Therapeutics Provides Corporate Update and Reports Second Quarter  Financial Results--Pliant Therapeutics Provides Update on BEACON-I",
    "link": "https://ir.pliantrx.com/news-releases/news-release-details/pliant-therapeutics-provides-corporate-update-and-reports-",
    "timestamp": "unknown"
  },
  {
    "title": "YearNone--Pliant Therapeutics Provides Corporate Update and Reports Second Quarter  Financial Results--Pliant Therapeutics Provides Update on BEACON-I",
    "link": "https://ir.pliantrx.com/news-releases/news-release-details/pliant-therapeutics-provides-corporate-update-and-reports-",
    "timestamp": "unknown"
  },
  {
    "title": "YearNone--Pliant Therapeutics Provides Corporate Update and Reports Second Quarter  Financial Results--Pliant Therapeutics Provides Update on BEACON-I",
    "link": "https://ir.pliantrx.com/news-releases/news-release-details/pliant-therapeutics-provides-corporate-update-and-reports-",
    "timestamp": "unknown"
  },
  {
    "title": "YearNone--Pliant Therapeutics Provides Corporate Update and Reports Second Quarter  Financial Results--Pliant Therapeutics Provides Update on BEACON-I",
    "link": "https://ir.pliantrx.com/news-releases/news-release-details/pliant-therapeutics-provides-corporate-update-and-reports-",
    "timestamp": "unknown"
  },
  {
    "title": "YearNone--Pliant Therapeutics Provides Corporate Update and Reports Second Quarter  Financial Results--Pliant Therapeutics Provides Update on BEACON-I",
    "link": "https://ir.pliantrx.com/news-releases/news-release-details/pliant-therapeutics-provides-corporate-update-and-reports-",
    "timestamp": "unknown"
  },
  {
    "title": "YearNone--Pliant Therapeutics Provides Corporate Update and Reports Second Quarter  Financial Results--Pliant Therapeutics Provides Update on BEACON-I",
    "link": "https://ir.pliantrx.com/news-releases/news-release-details/pliant-therapeutics-provides-corporate-update-and-reports-",
    "timestamp": "unknown"
  },
  {
    "title": "YearNone--Pliant Therapeutics Provides Corporate Update and Reports Second Quarter  Financial Results--Pliant Therapeutics Provides Update on BEACON-I",
    "link": "https://ir.pliantrx.com/news-releases/news-release-details/pliant-therapeutics-provides-corporate-update-and-reports-",
    "timestamp": "unknown"
  },
  {
    "title": "--Pliant Therapeutics Provides Corporate Update and Reports Second Quarter  Financial Results",
    "link": "https://ir.pliantrx.com/news-releases/news-release-details/pliant-therapeutics-provides-corporate-update-and-reports-",
    "timestamp": "unknown"
  },
  {
    "title": "Pliant Therapeutics Provides Corporate Update and Reports Second Quarter  Financial Results",
    "link": "https://ir.pliantrx.com/news-releases/news-release-details/pliant-therapeutics-provides-corporate-update-and-reports-",
    "timestamp": "unknown"
  },
  {
    "title": "--Pliant Therapeutics Provides Update on BEACON-IPF",
    "link": "https://ir.pliantrx.com/news-releases/news-release-details/pliant-therapeutics-provides-update-beacon-ipf",
    "timestamp": "unknown"
  },
  {
    "title": "Pliant Therapeutics Provides Update on BEACON-IPF",
    "link": "https://ir.pliantrx.com/news-releases/news-release-details/pliant-therapeutics-provides-update-beacon-ipf",
    "timestamp": "unknown"
  },
  {
    "title": "--Pliant Therapeutics Presents Clinical and Preclinical Data\u00a0at the American Thoracic Society International Conference",
    "link": "https://ir.pliantrx.com/news-releases/news-release-details/pliant-therapeutics-presents-clinical-and-preclinical-data",
    "timestamp": "unknown"
  },
  {
    "title": "Pliant Therapeutics Presents Clinical and Preclinical Data\u00a0at the American Thoracic Society International Conference",
    "link": "https://ir.pliantrx.com/news-releases/news-release-details/pliant-therapeutics-presents-clinical-and-preclinical-data",
    "timestamp": "unknown"
  },
  {
    "title": "--Pliant Therapeutics Provides Corporate Update and Reports First Quarter  Financial Results",
    "link": "https://ir.pliantrx.com/news-releases/news-release-details/pliant-therapeutics-provides-corporate-update-and-reports-",
    "timestamp": "unknown"
  },
  {
    "title": "Pliant Therapeutics Provides Corporate Update and Reports First Quarter  Financial Results",
    "link": "https://ir.pliantrx.com/news-releases/news-release-details/pliant-therapeutics-provides-corporate-update-and-reports-",
    "timestamp": "unknown"
  },
  {
    "title": "--Pliant Therapeutics Announces Strategic Realignment of Workforce and Operations",
    "link": "https://ir.pliantrx.com/news-releases/news-release-details/pliant-therapeutics-announces-strategic-realignment-workforce",
    "timestamp": "unknown"
  },
  {
    "title": "Pliant Therapeutics Announces Strategic Realignment of Workforce and Operations",
    "link": "https://ir.pliantrx.com/news-releases/news-release-details/pliant-therapeutics-announces-strategic-realignment-workforce",
    "timestamp": "unknown"
  },
  {
    "title": "--Pliant Therapeutics Announces Upcoming Presentations at the  American Thoracic Society International Conference",
    "link": "https://ir.pliantrx.com/news-releases/news-release-details/pliant-therapeutics-announces-upcoming-presentations-",
    "timestamp": "unknown"
  },
  {
    "title": "Pliant Therapeutics Announces Upcoming Presentations at the  American Thoracic Society International Conference",
    "link": "https://ir.pliantrx.com/news-releases/news-release-details/pliant-therapeutics-announces-upcoming-presentations-",
    "timestamp": "unknown"
  },
  {
    "title": "--Pliant Therapeutics Announces Interim Phase  Data for PLN- in Patients with Immune Checkpoint Inhibitor-Refractory Advanced Solid Tumors",
    "link": "https://ir.pliantrx.com/news-releases/news-release-details/pliant-therapeutics-announces-interim-phase--data-pln-",
    "timestamp": "unknown"
  },
  {
    "title": "Pliant Therapeutics Announces Interim Phase  Data for PLN- in Patients with Immune Checkpoint Inhibitor-Refractory Advanced Solid Tumors",
    "link": "https://ir.pliantrx.com/news-releases/news-release-details/pliant-therapeutics-announces-interim-phase--data-pln-",
    "timestamp": "unknown"
  },
  {
    "title": "--Pliant Therapeutics Adopts Limited Duration Stockholder Rights Agreement",
    "link": "https://ir.pliantrx.com/news-releases/news-release-details/pliant-therapeutics-adopts-limited-duration-stockholder-rights",
    "timestamp": "unknown"
  },
  {
    "title": "Pliant Therapeutics Adopts Limited Duration Stockholder Rights Agreement",
    "link": "https://ir.pliantrx.com/news-releases/news-release-details/pliant-therapeutics-adopts-limited-duration-stockholder-rights",
    "timestamp": "unknown"
  },
  {
    "title": "--Pliant Therapeutics Provides Corporate Update and Reports Fourth Quarter  Financial Results",
    "link": "https://ir.pliantrx.com/news-releases/news-release-details/pliant-therapeutics-provides-corporate-update-and-reports-",
    "timestamp": "unknown"
  },
  {
    "title": "Pliant Therapeutics Provides Corporate Update and Reports Fourth Quarter  Financial Results",
    "link": "https://ir.pliantrx.com/news-releases/news-release-details/pliant-therapeutics-provides-corporate-update-and-reports-",
    "timestamp": "unknown"
  },
  {
    "title": "--Pliant Therapeutics Provides Update on BEACON-IPF, a Phase 2b/ Trial in Patients with Idiopathic Pulmonary Fibrosis",
    "link": "https://ir.pliantrx.com/news-releases/news-release-details/pliant-therapeutics-provides-update-beacon-ipf-phase-2b3-trial-",
    "timestamp": "unknown"
  },
  {
    "title": "Pliant Therapeutics Provides Update on BEACON-IPF, a Phase 2b/ Trial in Patients with Idiopathic Pulmonary Fibrosis",
    "link": "https://ir.pliantrx.com/news-releases/news-release-details/pliant-therapeutics-provides-update-beacon-ipf-phase-2b3-trial-",
    "timestamp": "unknown"
  },
  {
    "title": "PaginationCurrent pagePageNext pagenext \u203aLast pagelast \u00bb",
    "link": "https://ir.pliantrx.com/press-releases?page=",
    "timestamp": "unknown"
  },
  {
    "title": "Current page",
    "link": "https://ir.pliantrx.com/press-releases?page=",
    "timestamp": "unknown"
  },
  {
    "title": "Page",
    "link": "https://ir.pliantrx.com/press-releases?page=",
    "timestamp": "unknown"
  },
  {
    "title": "Next pagenext \u203a",
    "link": "https://ir.pliantrx.com/press-releases?page=",
    "timestamp": "unknown"
  },
  {
    "title": "Last pagelast \u00bb",
    "link": "https://ir.pliantrx.com/press-releases?page=",
    "timestamp": "unknown"
  },
  {
    "title": "Print PageRSS FeedsEmail AlertsContact IR",
    "link": "https://ir.pliantrx.com/press-releases",
    "timestamp": "unknown"
  },
  {
    "title": "Print PageRSS FeedsEmail AlertsContact IR",
    "link": "https://ir.pliantrx.com/press-releases",
    "timestamp": "unknown"
  },
  {
    "title": "Print PageRSS FeedsEmail AlertsContact IR",
    "link": "https://ir.pliantrx.com/press-releases",
    "timestamp": "unknown"
  },
  {
    "title": "Print PageRSS FeedsEmail AlertsContact IR",
    "link": "https://ir.pliantrx.com/press-releases",
    "timestamp": "unknown"
  },
  {
    "title": "Print Page",
    "link": "https://ir.pliantrx.com/press-releases",
    "timestamp": "unknown"
  },
  {
    "title": "Print Page",
    "link": "https://ir.pliantrx.com/press-releases",
    "timestamp": "unknown"
  },
  {
    "title": "RSS Feeds",
    "link": "https://ir.pliantrx.com/rss-feeds",
    "timestamp": "unknown"
  },
  {
    "title": "RSS Feeds",
    "link": "https://ir.pliantrx.com/rss-feeds",
    "timestamp": "unknown"
  },
  {
    "title": "Email Alerts",
    "link": "https://ir.pliantrx.com/ir-resources/email-alerts",
    "timestamp": "unknown"
  },
  {
    "title": "Email Alerts",
    "link": "https://ir.pliantrx.com/ir-resources/email-alerts",
    "timestamp": "unknown"
  },
  {
    "title": "Contact IR",
    "link": "https://ir.pliantrx.com/ir-resources/contact-ir",
    "timestamp": "unknown"
  },
  {
    "title": "Contact IR",
    "link": "https://ir.pliantrx.com/ir-resources/contact-ir",
    "timestamp": "unknown"
  },
  {
    "title": "Pliant logoLinkedInFacebookTwitterYoutubeAboutOur SciencePipelinePatientsInvestors & MediaCareersContactTerms of UsePrivacy NoticeCCPA Applicant and S",
    "link": "https://pliantrx.com/",
    "timestamp": "unknown"
  },
  {
    "title": "Pliant logoLinkedInFacebookTwitterYoutubeAboutOur SciencePipelinePatientsInvestors & MediaCareersContactTerms of UsePrivacy NoticeCCPA Applicant and S",
    "link": "https://pliantrx.com/",
    "timestamp": "unknown"
  },
  {
    "title": "Pliant logoLinkedInFacebookTwitterYoutubeAboutOur SciencePipelinePatientsInvestors & MediaCareersContactTerms of UsePrivacy NoticeCCPA Applicant and S",
    "link": "https://pliantrx.com/",
    "timestamp": "unknown"
  },
  {
    "title": "Pliant logoLinkedInFacebookTwitterYoutube",
    "link": "https://pliantrx.com/",
    "timestamp": "unknown"
  },
  {
    "title": "Pliant logo",
    "link": "https://pliantrx.com/",
    "timestamp": "unknown"
  },
  {
    "title": "LinkedInFacebookTwitterYoutube",
    "link": "https://www.linkedin.com/company/pliant-therapeutics/",
    "timestamp": "unknown"
  },
  {
    "title": "AboutOur SciencePipelinePatientsInvestors & MediaCareersContact",
    "link": "https://pliantrx.com/about/",
    "timestamp": "unknown"
  },
  {
    "title": "AboutOur SciencePipelinePatientsInvestors & MediaCareersContact",
    "link": "https://pliantrx.com/about/",
    "timestamp": "unknown"
  },
  {
    "title": "AboutOur SciencePipelinePatientsInvestors & MediaCareersContact",
    "link": "https://pliantrx.com/about/",
    "timestamp": "unknown"
  },
  {
    "title": "About",
    "link": "https://pliantrx.com/about/",
    "timestamp": "unknown"
  },
  {
    "title": "Our Science",
    "link": "https://pliantrx.com/our-science/",
    "timestamp": "unknown"
  },
  {
    "title": "Pipeline",
    "link": "https://pliantrx.com/pipeline/",
    "timestamp": "unknown"
  },
  {
    "title": "Patients",
    "link": "https://pliantrx.com/patients/",
    "timestamp": "unknown"
  },
  {
    "title": "Investors & Media",
    "link": "https://ir.pliantrx.com/investor-relations",
    "timestamp": "unknown"
  },
  {
    "title": "Careers",
    "link": "https://pliantrx.com/careers/",
    "timestamp": "unknown"
  },
  {
    "title": "Contact",
    "link": "https://pliantrx.com/about/#contact",
    "timestamp": "unknown"
  },
  {
    "title": "Terms of UsePrivacy NoticeCCPA Applicant and Staff Privacy NoticeCopyright \u00a9  Pliant Therapeutics, Inc.|All Rights Reserved",
    "link": "https://pliantrx.com/terms-of-use/",
    "timestamp": "unknown"
  },
  {
    "title": "Terms of UsePrivacy NoticeCCPA Applicant and Staff Privacy Notice",
    "link": "https://pliantrx.com/terms-of-use/",
    "timestamp": "unknown"
  },
  {
    "title": "Terms of Use",
    "link": "https://pliantrx.com/terms-of-use/",
    "timestamp": "unknown"
  },
  {
    "title": "Privacy Notice",
    "link": "https://pliantrx.com/privacy-notice/",
    "timestamp": "unknown"
  },
  {
    "title": "CCPA Applicant and Staff Privacy Notice",
    "link": "https://pliantrx.com/ccpa-applicant-and-staff-privacy-notice/",
    "timestamp": "unknown"
  }
]