[
  {
    "title": "AboutBoard of DirectorsLeadershipScientific FoundersScientific Advisory BoardContactOur SciencePublicationsPipelineOverviewPLN-: OncologyInvestors & M",
    "link": "https://pliantrx.com/about/",
    "timestamp": "unknown"
  },
  {
    "title": "AboutBoard of DirectorsLeadershipScientific FoundersScientific Advisory BoardContactOur SciencePublicationsPipelineOverviewPLN-: OncologyInvestors & M",
    "link": "https://pliantrx.com/about/",
    "timestamp": "unknown"
  },
  {
    "title": "AboutBoard of DirectorsLeadershipScientific FoundersScientific Advisory BoardContact",
    "link": "https://pliantrx.com/about/",
    "timestamp": "unknown"
  },
  {
    "title": "Board of Directors",
    "link": "https://pliantrx.com/board-of-directors/",
    "timestamp": "unknown"
  },
  {
    "title": "Leadership",
    "link": "https://pliantrx.com/leadership/",
    "timestamp": "unknown"
  },
  {
    "title": "Scientific Founders",
    "link": "https://pliantrx.com/scientific-founders/",
    "timestamp": "unknown"
  },
  {
    "title": "Scientific Advisory Board",
    "link": "https://pliantrx.com/scientific-advisory-board/",
    "timestamp": "unknown"
  },
  {
    "title": "Contact",
    "link": "https://pliantrx.com/about/#contact",
    "timestamp": "unknown"
  },
  {
    "title": "Our SciencePublications",
    "link": "https://pliantrx.com/our-science/",
    "timestamp": "unknown"
  },
  {
    "title": "Publications",
    "link": "https://pliantrx.com/publications/",
    "timestamp": "unknown"
  },
  {
    "title": "PipelineOverviewPLN-: Oncology",
    "link": "https://pliantrx.com/pipeline/",
    "timestamp": "unknown"
  },
  {
    "title": "Overview",
    "link": "https://pliantrx.com/overview/?_gl=%2Al01cb%2A_up%2AMQ..%2A_ga%2AMTE2NTAxMzgwMS4xNzQyMjI2NzM2%2A_ga_3CQPNT84CS%2AMTc0MjIyNjczNC4xLjAuMTc0MjIyNjczNC4wLjAuMA..",
    "timestamp": "unknown"
  },
  {
    "title": "PLN-: Oncology",
    "link": "https://pliantrx.com/oncology/",
    "timestamp": "unknown"
  },
  {
    "title": "Investors & MediaInvestors OverviewPress ReleasesEvents & PresentationsStock InformationCorporate GovernanceFinancials & FilingsIR Resources",
    "link": "https://ir.pliantrx.com/",
    "timestamp": "unknown"
  },
  {
    "title": "Investors Overview",
    "link": "https://ir.pliantrx.com/investor-relations",
    "timestamp": "unknown"
  },
  {
    "title": "Press Releases",
    "link": "https://ir.pliantrx.com/press-releases",
    "timestamp": "unknown"
  },
  {
    "title": "Events & Presentations",
    "link": "https://ir.pliantrx.com/events-and-presentations",
    "timestamp": "unknown"
  },
  {
    "title": "Stock Information",
    "link": "https://ir.pliantrx.com/stock-information/stock-quote-chart",
    "timestamp": "unknown"
  },
  {
    "title": "Corporate Governance",
    "link": "https://ir.pliantrx.com/corporate-governance",
    "timestamp": "unknown"
  },
  {
    "title": "Financials & Filings",
    "link": "https://ir.pliantrx.com/financials-and-filings/sec-filings",
    "timestamp": "unknown"
  },
  {
    "title": "IR Resources",
    "link": "https://ir.pliantrx.com/ir-resources/investor-faqs",
    "timestamp": "unknown"
  },
  {
    "title": "CareersOverviewCultureBenefitsJob Opportunities",
    "link": "https://pliantrx.com/careers/",
    "timestamp": "unknown"
  },
  {
    "title": "Overview",
    "link": "https://pliantrx.com/careers/#overview",
    "timestamp": "unknown"
  },
  {
    "title": "Culture",
    "link": "https://pliantrx.com/careers/#culture",
    "timestamp": "unknown"
  },
  {
    "title": "Benefits",
    "link": "https://pliantrx.com/careers/#benefits",
    "timestamp": "unknown"
  },
  {
    "title": "Job Opportunities",
    "link": "https://pliantrx.com/careers/#job-opportunities",
    "timestamp": "unknown"
  },
  {
    "title": "Events & PresentationsInvestors OverviewPress ReleasesEvents & PresentationsStock InformationStock Quote & ChartHistorical Price LookupAnalyst Coverag",
    "link": "https://ir.pliantrx.com/investor-relations",
    "timestamp": "unknown"
  },
  {
    "title": "Investors OverviewPress ReleasesEvents & PresentationsStock InformationStock Quote & ChartHistorical Price LookupAnalyst CoverageCorporate GovernanceD",
    "link": "https://ir.pliantrx.com/investor-relations",
    "timestamp": "unknown"
  },
  {
    "title": "Investors OverviewPress ReleasesEvents & PresentationsStock InformationStock Quote & ChartHistorical Price LookupAnalyst CoverageCorporate GovernanceD",
    "link": "https://ir.pliantrx.com/investor-relations",
    "timestamp": "unknown"
  },
  {
    "title": "Investors OverviewPress ReleasesEvents & PresentationsStock InformationStock Quote & ChartHistorical Price LookupAnalyst CoverageCorporate GovernanceD",
    "link": "https://ir.pliantrx.com/investor-relations",
    "timestamp": "unknown"
  },
  {
    "title": "Investors OverviewPress ReleasesEvents & PresentationsStock InformationStock Quote & ChartHistorical Price LookupAnalyst CoverageCorporate GovernanceD",
    "link": "https://ir.pliantrx.com/investor-relations",
    "timestamp": "unknown"
  },
  {
    "title": "Investors OverviewPress ReleasesEvents & PresentationsStock InformationStock Quote & ChartHistorical Price LookupAnalyst CoverageCorporate GovernanceD",
    "link": "https://ir.pliantrx.com/investor-relations",
    "timestamp": "unknown"
  },
  {
    "title": "Investors OverviewPress ReleasesEvents & PresentationsStock InformationStock Quote & ChartHistorical Price LookupAnalyst CoverageCorporate GovernanceD",
    "link": "https://ir.pliantrx.com/investor-relations",
    "timestamp": "unknown"
  },
  {
    "title": "Investors Overview",
    "link": "https://ir.pliantrx.com/investor-relations",
    "timestamp": "unknown"
  },
  {
    "title": "Press Releases",
    "link": "https://ir.pliantrx.com/press-releases",
    "timestamp": "unknown"
  },
  {
    "title": "Events & Presentations",
    "link": "https://ir.pliantrx.com/events-and-presentations",
    "timestamp": "unknown"
  },
  {
    "title": "Stock InformationStock Quote & ChartHistorical Price LookupAnalyst Coverage",
    "link": "https://ir.pliantrx.com/events-and-presentations",
    "timestamp": "unknown"
  },
  {
    "title": "Stock Quote & ChartHistorical Price LookupAnalyst Coverage",
    "link": "https://ir.pliantrx.com/stock-information/stock-quote-chart",
    "timestamp": "unknown"
  },
  {
    "title": "Stock Quote & ChartHistorical Price LookupAnalyst Coverage",
    "link": "https://ir.pliantrx.com/stock-information/stock-quote-chart",
    "timestamp": "unknown"
  },
  {
    "title": "Stock Quote & Chart",
    "link": "https://ir.pliantrx.com/stock-information/stock-quote-chart",
    "timestamp": "unknown"
  },
  {
    "title": "Historical Price Lookup",
    "link": "https://ir.pliantrx.com/stock-information/historic-price-lookup",
    "timestamp": "unknown"
  },
  {
    "title": "Analyst Coverage",
    "link": "https://ir.pliantrx.com/stock-information/analyst-coverage",
    "timestamp": "unknown"
  },
  {
    "title": "Corporate GovernanceDocuments & ChartersBoard of DirectorsManagement",
    "link": "https://ir.pliantrx.com/events-and-presentations",
    "timestamp": "unknown"
  },
  {
    "title": "Documents & ChartersBoard of DirectorsManagement",
    "link": "https://ir.pliantrx.com/corporate-governance",
    "timestamp": "unknown"
  },
  {
    "title": "Documents & ChartersBoard of DirectorsManagement",
    "link": "https://ir.pliantrx.com/corporate-governance",
    "timestamp": "unknown"
  },
  {
    "title": "Documents & Charters",
    "link": "https://ir.pliantrx.com/corporate-governance",
    "timestamp": "unknown"
  },
  {
    "title": "Board of Directors",
    "link": "https://pliantrx.com/board-of-directors/",
    "timestamp": "unknown"
  },
  {
    "title": "Management",
    "link": "https://pliantrx.com/leadership/",
    "timestamp": "unknown"
  },
  {
    "title": "Financials & FilingsSEC FilingsQuarterly Earnings",
    "link": "https://ir.pliantrx.com/events-and-presentations",
    "timestamp": "unknown"
  },
  {
    "title": "SEC FilingsQuarterly Earnings",
    "link": "https://ir.pliantrx.com/financials-and-filings/sec-filings",
    "timestamp": "unknown"
  },
  {
    "title": "SEC FilingsQuarterly Earnings",
    "link": "https://ir.pliantrx.com/financials-and-filings/sec-filings",
    "timestamp": "unknown"
  },
  {
    "title": "SEC Filings",
    "link": "https://ir.pliantrx.com/financials-and-filings/sec-filings",
    "timestamp": "unknown"
  },
  {
    "title": "Quarterly Earnings",
    "link": "https://ir.pliantrx.com/financials-and-filings/quarterly-earnings",
    "timestamp": "unknown"
  },
  {
    "title": "IR ResourcesFAQsContact IREmail AlertsAnnual Meeting",
    "link": "https://ir.pliantrx.com/events-and-presentations",
    "timestamp": "unknown"
  },
  {
    "title": "FAQsContact IREmail AlertsAnnual Meeting",
    "link": "https://ir.pliantrx.com/ir-resources/investor-faqs",
    "timestamp": "unknown"
  },
  {
    "title": "FAQsContact IREmail AlertsAnnual Meeting",
    "link": "https://ir.pliantrx.com/ir-resources/investor-faqs",
    "timestamp": "unknown"
  },
  {
    "title": "FAQs",
    "link": "https://ir.pliantrx.com/ir-resources/investor-faqs",
    "timestamp": "unknown"
  },
  {
    "title": "Contact IR",
    "link": "https://ir.pliantrx.com/ir-resources/contact-ir",
    "timestamp": "unknown"
  },
  {
    "title": "Email Alerts",
    "link": "https://ir.pliantrx.com/ir-resources/email-alerts",
    "timestamp": "unknown"
  },
  {
    "title": "Annual Meeting",
    "link": "https://ir.pliantrx.com/shareholder-services/annual-meeting",
    "timestamp": "unknown"
  },
  {
    "title": "Presentations--PLN-: Interim Phase  ResultsPLN-: Interim Phase  ResultsMBUpcoming EventsThere are no upcoming events available at this time.Past Event",
    "link": "https://ir.pliantrx.com/static-files/536089b3-aa8a-453f-b096-",
    "timestamp": "unknown"
  },
  {
    "title": "Presentations--PLN-: Interim Phase  ResultsPLN-: Interim Phase  ResultsMBUpcoming EventsThere are no upcoming events available at this time.Past Event",
    "link": "https://ir.pliantrx.com/static-files/536089b3-aa8a-453f-b096-",
    "timestamp": "unknown"
  },
  {
    "title": "Presentations--PLN-: Interim Phase  ResultsPLN-: Interim Phase  ResultsMBUpcoming EventsThere are no upcoming events available at this time.Past Event",
    "link": "https://ir.pliantrx.com/static-files/536089b3-aa8a-453f-b096-",
    "timestamp": "unknown"
  },
  {
    "title": "Presentations--PLN-: Interim Phase  ResultsPLN-: Interim Phase  ResultsMBUpcoming EventsThere are no upcoming events available at this time.Past Event",
    "link": "https://ir.pliantrx.com/static-files/536089b3-aa8a-453f-b096-",
    "timestamp": "unknown"
  },
  {
    "title": "Presentations--PLN-: Interim Phase  ResultsPLN-: Interim Phase  ResultsMBUpcoming EventsThere are no upcoming events available at this time.Past Event",
    "link": "https://ir.pliantrx.com/static-files/536089b3-aa8a-453f-b096-",
    "timestamp": "unknown"
  },
  {
    "title": "Presentations--PLN-: Interim Phase  ResultsPLN-: Interim Phase  ResultsMBUpcoming EventsThere are no upcoming events available at this time.Past Event",
    "link": "https://ir.pliantrx.com/static-files/536089b3-aa8a-453f-b096-",
    "timestamp": "unknown"
  },
  {
    "title": "Presentations--PLN-: Interim Phase  ResultsPLN-: Interim Phase  ResultsMBUpcoming EventsThere are no upcoming events available at this time.Past Event",
    "link": "https://ir.pliantrx.com/static-files/536089b3-aa8a-453f-b096-",
    "timestamp": "unknown"
  },
  {
    "title": "Presentations--PLN-: Interim Phase  ResultsPLN-: Interim Phase  ResultsMBUpcoming EventsThere are no upcoming events available at this time.Past Event",
    "link": "https://ir.pliantrx.com/static-files/536089b3-aa8a-453f-b096-",
    "timestamp": "unknown"
  },
  {
    "title": "Presentations--PLN-: Interim Phase  ResultsPLN-: Interim Phase  ResultsMB",
    "link": "https://ir.pliantrx.com/static-files/536089b3-aa8a-453f-b096-",
    "timestamp": "unknown"
  },
  {
    "title": "Presentations--PLN-: Interim Phase  ResultsPLN-: Interim Phase  ResultsMB",
    "link": "https://ir.pliantrx.com/static-files/536089b3-aa8a-453f-b096-",
    "timestamp": "unknown"
  },
  {
    "title": "--PLN-: Interim Phase  ResultsPLN-: Interim Phase  ResultsMB",
    "link": "https://ir.pliantrx.com/static-files/536089b3-aa8a-453f-b096-",
    "timestamp": "unknown"
  },
  {
    "title": "--PLN-: Interim Phase  ResultsPLN-: Interim Phase  ResultsMB",
    "link": "https://ir.pliantrx.com/static-files/536089b3-aa8a-453f-b096-",
    "timestamp": "unknown"
  },
  {
    "title": "PLN-: Interim Phase  ResultsMB",
    "link": "https://ir.pliantrx.com/static-files/536089b3-aa8a-453f-b096-",
    "timestamp": "unknown"
  },
  {
    "title": "PLN-: Interim Phase  ResultsMB",
    "link": "https://ir.pliantrx.com/static-files/536089b3-aa8a-453f-b096-",
    "timestamp": "unknown"
  },
  {
    "title": "PLN-: Interim Phase  ResultsMB",
    "link": "https://ir.pliantrx.com/static-files/536089b3-aa8a-453f-b096-",
    "timestamp": "unknown"
  },
  {
    "title": "PLN-: Interim Phase  ResultsMB",
    "link": "https://ir.pliantrx.com/static-files/536089b3-aa8a-453f-b096-",
    "timestamp": "unknown"
  },
  {
    "title": "PLN-: Interim Phase  ResultsMB",
    "link": "https://ir.pliantrx.com/static-files/536089b3-aa8a-453f-b096-",
    "timestamp": "unknown"
  },
  {
    "title": "PLN-: Interim Phase  ResultsMB",
    "link": "https://ir.pliantrx.com/static-files/536089b3-aa8a-453f-b096-",
    "timestamp": "unknown"
  },
  {
    "title": "PLN-: Interim Phase  ResultsMB",
    "link": "https://ir.pliantrx.com/static-files/536089b3-aa8a-453f-b096-",
    "timestamp": "unknown"
  },
  {
    "title": "PLN-: Interim Phase  ResultsMB",
    "link": "https://ir.pliantrx.com/static-files/536089b3-aa8a-453f-b096-",
    "timestamp": "unknown"
  },
  {
    "title": "Print PageRSS FeedsEmail AlertsContact IR",
    "link": "https://ir.pliantrx.com/events-and-presentations",
    "timestamp": "unknown"
  },
  {
    "title": "Print PageRSS FeedsEmail AlertsContact IR",
    "link": "https://ir.pliantrx.com/events-and-presentations",
    "timestamp": "unknown"
  },
  {
    "title": "Print PageRSS FeedsEmail AlertsContact IR",
    "link": "https://ir.pliantrx.com/events-and-presentations",
    "timestamp": "unknown"
  },
  {
    "title": "Print PageRSS FeedsEmail AlertsContact IR",
    "link": "https://ir.pliantrx.com/events-and-presentations",
    "timestamp": "unknown"
  },
  {
    "title": "Print Page",
    "link": "https://ir.pliantrx.com/events-and-presentations",
    "timestamp": "unknown"
  },
  {
    "title": "Print Page",
    "link": "https://ir.pliantrx.com/events-and-presentations",
    "timestamp": "unknown"
  },
  {
    "title": "RSS Feeds",
    "link": "https://ir.pliantrx.com/rss-feeds",
    "timestamp": "unknown"
  },
  {
    "title": "RSS Feeds",
    "link": "https://ir.pliantrx.com/rss-feeds",
    "timestamp": "unknown"
  },
  {
    "title": "Email Alerts",
    "link": "https://ir.pliantrx.com/ir-resources/email-alerts",
    "timestamp": "unknown"
  },
  {
    "title": "Email Alerts",
    "link": "https://ir.pliantrx.com/ir-resources/email-alerts",
    "timestamp": "unknown"
  },
  {
    "title": "Contact IR",
    "link": "https://ir.pliantrx.com/ir-resources/contact-ir",
    "timestamp": "unknown"
  },
  {
    "title": "Contact IR",
    "link": "https://ir.pliantrx.com/ir-resources/contact-ir",
    "timestamp": "unknown"
  },
  {
    "title": "Pliant logoLinkedInFacebookTwitterYoutubeAboutOur SciencePipelinePatientsInvestors & MediaCareersContactTerms of UsePrivacy NoticeCCPA Applicant and S",
    "link": "https://pliantrx.com/",
    "timestamp": "unknown"
  },
  {
    "title": "Pliant logoLinkedInFacebookTwitterYoutubeAboutOur SciencePipelinePatientsInvestors & MediaCareersContactTerms of UsePrivacy NoticeCCPA Applicant and S",
    "link": "https://pliantrx.com/",
    "timestamp": "unknown"
  },
  {
    "title": "Pliant logoLinkedInFacebookTwitterYoutubeAboutOur SciencePipelinePatientsInvestors & MediaCareersContactTerms of UsePrivacy NoticeCCPA Applicant and S",
    "link": "https://pliantrx.com/",
    "timestamp": "unknown"
  },
  {
    "title": "Pliant logoLinkedInFacebookTwitterYoutube",
    "link": "https://pliantrx.com/",
    "timestamp": "unknown"
  },
  {
    "title": "Pliant logo",
    "link": "https://pliantrx.com/",
    "timestamp": "unknown"
  },
  {
    "title": "LinkedInFacebookTwitterYoutube",
    "link": "https://www.linkedin.com/company/pliant-therapeutics/",
    "timestamp": "unknown"
  },
  {
    "title": "AboutOur SciencePipelinePatientsInvestors & MediaCareersContact",
    "link": "https://pliantrx.com/about/",
    "timestamp": "unknown"
  },
  {
    "title": "AboutOur SciencePipelinePatientsInvestors & MediaCareersContact",
    "link": "https://pliantrx.com/about/",
    "timestamp": "unknown"
  },
  {
    "title": "AboutOur SciencePipelinePatientsInvestors & MediaCareersContact",
    "link": "https://pliantrx.com/about/",
    "timestamp": "unknown"
  },
  {
    "title": "About",
    "link": "https://pliantrx.com/about/",
    "timestamp": "unknown"
  },
  {
    "title": "Our Science",
    "link": "https://pliantrx.com/our-science/",
    "timestamp": "unknown"
  },
  {
    "title": "Pipeline",
    "link": "https://pliantrx.com/pipeline/",
    "timestamp": "unknown"
  },
  {
    "title": "Patients",
    "link": "https://pliantrx.com/patients/",
    "timestamp": "unknown"
  },
  {
    "title": "Investors & Media",
    "link": "https://ir.pliantrx.com/investor-relations",
    "timestamp": "unknown"
  },
  {
    "title": "Careers",
    "link": "https://pliantrx.com/careers/",
    "timestamp": "unknown"
  },
  {
    "title": "Contact",
    "link": "https://pliantrx.com/about/#contact",
    "timestamp": "unknown"
  },
  {
    "title": "Terms of UsePrivacy NoticeCCPA Applicant and Staff Privacy NoticeCopyright \u00a9  Pliant Therapeutics, Inc.|All Rights Reserved",
    "link": "https://pliantrx.com/terms-of-use/",
    "timestamp": "unknown"
  },
  {
    "title": "Terms of UsePrivacy NoticeCCPA Applicant and Staff Privacy Notice",
    "link": "https://pliantrx.com/terms-of-use/",
    "timestamp": "unknown"
  },
  {
    "title": "Terms of Use",
    "link": "https://pliantrx.com/terms-of-use/",
    "timestamp": "unknown"
  },
  {
    "title": "Privacy Notice",
    "link": "https://pliantrx.com/privacy-notice/",
    "timestamp": "unknown"
  },
  {
    "title": "CCPA Applicant and Staff Privacy Notice",
    "link": "https://pliantrx.com/ccpa-applicant-and-staff-privacy-notice/",
    "timestamp": "unknown"
  }
]