[
  {
    "title": "Sanofi",
    "link": "https://www.sanofi.com/en",
    "timestamp": "unknown"
  },
  {
    "title": "Our CompanyOur CompanyOur StrategyGovernanceGovernanceBoard of DirectorsExecutive CommitteeSpecialist CommitteesSustainabilitySustainabilitySustainabl",
    "link": "https://www.sanofi.com/en/media-room/press-releases",
    "timestamp": "unknown"
  },
  {
    "title": "Our CompanyOur CompanyOur StrategyGovernanceGovernanceBoard of DirectorsExecutive CommitteeSpecialist CommitteesSustainabilitySustainabilitySustainabl",
    "link": "https://www.sanofi.com/en/media-room/press-releases",
    "timestamp": "unknown"
  },
  {
    "title": "Our Company",
    "link": "https://www.sanofi.com/en/our-company",
    "timestamp": "unknown"
  },
  {
    "title": "Our Strategy",
    "link": "https://www.sanofi.com/en/our-company/our-strategy",
    "timestamp": "unknown"
  },
  {
    "title": "GovernanceGovernanceBoard of DirectorsExecutive CommitteeSpecialist Committees",
    "link": "https://www.sanofi.com/en/media-room/press-releases",
    "timestamp": "unknown"
  },
  {
    "title": "Governance",
    "link": "https://www.sanofi.com/en/our-company/governance",
    "timestamp": "unknown"
  },
  {
    "title": "Board of Directors",
    "link": "https://www.sanofi.com/en/our-company/governance/board-of-directors",
    "timestamp": "unknown"
  },
  {
    "title": "Executive Committee",
    "link": "https://www.sanofi.com/en/our-company/governance/executive-committee",
    "timestamp": "unknown"
  },
  {
    "title": "Specialist Committees",
    "link": "https://www.sanofi.com/en/our-company/governance/specialist-committees",
    "timestamp": "unknown"
  },
  {
    "title": "SustainabilitySustainabilitySustainable and Equitable Access to HealthcareEnvironmental Impact and Healthcare Systems\u2019 ResilienceCode of Conduct and R",
    "link": "https://www.sanofi.com/en/media-room/press-releases",
    "timestamp": "unknown"
  },
  {
    "title": "Sustainability",
    "link": "https://www.sanofi.com/en/our-company/sustainability",
    "timestamp": "unknown"
  },
  {
    "title": "Sustainable and Equitable Access to Healthcare",
    "link": "https://www.sanofi.com/en/our-company/sustainability/sustainable-and-equitable-access-to-healthcare",
    "timestamp": "unknown"
  },
  {
    "title": "Environmental Impact and Healthcare Systems\u2019 Resilience",
    "link": "https://www.sanofi.com/en/our-company/sustainability/environmental-impact-and-healthcare-systems-resilience",
    "timestamp": "unknown"
  },
  {
    "title": "Code of Conduct and Responsible Business",
    "link": "https://www.sanofi.com/en/our-company/sustainability/responsible-business-values",
    "timestamp": "unknown"
  },
  {
    "title": "Diversity, Equity, and Inclusion In and Beyond the Workplace",
    "link": "https://www.sanofi.com/en/our-company/sustainability/diversity-equity-and-inclusion-in-and-beyond-the-workplace",
    "timestamp": "unknown"
  },
  {
    "title": "Global Health Unit",
    "link": "https://www.sanofi.com/en/our-company/sustainability/global-health-unit",
    "timestamp": "unknown"
  },
  {
    "title": "Our Legacy",
    "link": "https://www.sanofi.com/en/our-company/our-legacy",
    "timestamp": "unknown"
  },
  {
    "title": "Our ScienceOur ScienceOur PipelineTherapeutic AreasTherapeutic AreasImmunologyVaccinesNeurologyOncologyRare DiseasesTechnology PlatformsClinical Trial",
    "link": "https://www.sanofi.com/en/media-room/press-releases",
    "timestamp": "unknown"
  },
  {
    "title": "Our Science",
    "link": "https://www.sanofi.com/en/our-science",
    "timestamp": "unknown"
  },
  {
    "title": "Our Pipeline",
    "link": "https://www.sanofi.com/en/our-science/our-pipeline",
    "timestamp": "unknown"
  },
  {
    "title": "Therapeutic AreasTherapeutic AreasImmunologyVaccinesNeurologyOncologyRare Diseases",
    "link": "https://www.sanofi.com/en/media-room/press-releases",
    "timestamp": "unknown"
  },
  {
    "title": "Therapeutic Areas",
    "link": "https://www.sanofi.com/en/our-science/therapeutic-areas",
    "timestamp": "unknown"
  },
  {
    "title": "Immunology",
    "link": "https://www.sanofi.com/en/our-science/therapeutic-areas/immunology-research-development",
    "timestamp": "unknown"
  },
  {
    "title": "Vaccines",
    "link": "https://www.sanofi.com/en/our-science/therapeutic-areas/vaccines-research-development",
    "timestamp": "unknown"
  },
  {
    "title": "Neurology",
    "link": "https://www.sanofi.com/en/our-science/therapeutic-areas/neurology-research-development",
    "timestamp": "unknown"
  },
  {
    "title": "Oncology",
    "link": "https://www.sanofi.com/en/our-science/therapeutic-areas/oncology-research-development",
    "timestamp": "unknown"
  },
  {
    "title": "Rare Diseases",
    "link": "https://www.sanofi.com/en/our-science/therapeutic-areas/rare-diseases-research-development",
    "timestamp": "unknown"
  },
  {
    "title": "Technology Platforms",
    "link": "https://www.sanofi.com/en/our-science/technology-platforms",
    "timestamp": "unknown"
  },
  {
    "title": "Clinical Trials & ResultsClinical Trials & ResultsFind a Clinical TrialClinical Study ResultsInvestigator Sponsored StudiesDiversity in Clinical Trial",
    "link": "https://www.sanofi.com/en/media-room/press-releases",
    "timestamp": "unknown"
  },
  {
    "title": "Clinical Trials & Results",
    "link": "https://www.sanofi.com/en/our-science/clinical-trials-and-results",
    "timestamp": "unknown"
  },
  {
    "title": "Find a Clinical Trial",
    "link": "https://www.sanofi.com/en/clinical-trials",
    "timestamp": "unknown"
  },
  {
    "title": "Clinical Study Results",
    "link": "https://www.sanofi.com/en/our-science/clinical-trials-and-results/clinical-study-results",
    "timestamp": "unknown"
  },
  {
    "title": "Investigator Sponsored Studies",
    "link": "https://www.sanofi.com/en/our-science/clinical-trials-and-results/investigator-sponsored-studies",
    "timestamp": "unknown"
  },
  {
    "title": "Diversity in Clinical Trials",
    "link": "https://www.sanofi.com/en/our-science/clinical-trials-and-results/diversity-in-clinical-trials",
    "timestamp": "unknown"
  },
  {
    "title": "External InnovationExternal InnovationExternal Innovation in North AmericaExternal Innovation in EuropeExternal Innovation in China",
    "link": "https://www.sanofi.com/en/media-room/press-releases",
    "timestamp": "unknown"
  },
  {
    "title": "External Innovation",
    "link": "https://www.sanofi.com/en/our-science/external-innovation",
    "timestamp": "unknown"
  },
  {
    "title": "External Innovation in North America",
    "link": "https://www.sanofi.com/en/our-science/external-innovation/north-america",
    "timestamp": "unknown"
  },
  {
    "title": "External Innovation in Europe",
    "link": "https://www.sanofi.com/en/our-science/external-innovation/europe",
    "timestamp": "unknown"
  },
  {
    "title": "External Innovation in China",
    "link": "https://www.sanofi.com/en/our-science/external-innovation/china",
    "timestamp": "unknown"
  },
  {
    "title": "Digital & AIDigital & AIArtificial Intelligence in R&D",
    "link": "https://www.sanofi.com/en/media-room/press-releases",
    "timestamp": "unknown"
  },
  {
    "title": "Digital & AI",
    "link": "https://www.sanofi.com/en/our-science/digital-artificial-intelligence",
    "timestamp": "unknown"
  },
  {
    "title": "Artificial Intelligence in R&D",
    "link": "https://www.sanofi.com/en/our-science/digital-artificial-intelligence/artificial-intelligence-rd",
    "timestamp": "unknown"
  },
  {
    "title": "Manufacturing and SupplyManufacturing and SupplyVaccines Manufacturing and Supply",
    "link": "https://www.sanofi.com/en/media-room/press-releases",
    "timestamp": "unknown"
  },
  {
    "title": "Manufacturing and Supply",
    "link": "https://www.sanofi.com/en/our-science/manufacturing-and-supply",
    "timestamp": "unknown"
  },
  {
    "title": "Vaccines Manufacturing and Supply",
    "link": "https://www.sanofi.com/en/our-science/manufacturing-and-supply/vaccines-manufacturing-and-supply",
    "timestamp": "unknown"
  },
  {
    "title": "PatientsPatientsUnderstanding Diseases & ConditionsPatient EngagementTaking Medicines SafelyConsumer Healthcare (Opella)",
    "link": "https://www.sanofi.com/en/media-room/press-releases",
    "timestamp": "unknown"
  },
  {
    "title": "Patients",
    "link": "https://www.sanofi.com/en/patients",
    "timestamp": "unknown"
  },
  {
    "title": "Understanding Diseases & Conditions",
    "link": "https://www.sanofi.com/en/patients/understanding-diseases-conditions",
    "timestamp": "unknown"
  },
  {
    "title": "Patient Engagement",
    "link": "https://www.sanofi.com/en/patients/patient-engagement",
    "timestamp": "unknown"
  },
  {
    "title": "Taking Medicines Safely",
    "link": "https://www.sanofi.com/en/patients/taking-medicines-safely",
    "timestamp": "unknown"
  },
  {
    "title": "Consumer Healthcare (Opella)",
    "link": "https://www.opella.com/en",
    "timestamp": "unknown"
  },
  {
    "title": "PartneringPartneringPartnering Focus AreasPartnering Focus AreasChinaDigitalGeneral MedicinesImmunologyNeuroscienceOncologyOut-LicensingRare DiseaseTe",
    "link": "https://www.sanofi.com/en/media-room/press-releases",
    "timestamp": "unknown"
  },
  {
    "title": "Partnering",
    "link": "https://www.sanofi.com/en/partnering",
    "timestamp": "unknown"
  },
  {
    "title": "Partnering Focus AreasPartnering Focus AreasChinaDigitalGeneral MedicinesImmunologyNeuroscienceOncologyOut-LicensingRare DiseaseTechnology PlatformsVa",
    "link": "https://www.sanofi.com/en/media-room/press-releases",
    "timestamp": "unknown"
  },
  {
    "title": "Partnering Focus Areas",
    "link": "https://www.sanofi.com/en/partnering/partnering-focus-areas",
    "timestamp": "unknown"
  },
  {
    "title": "China",
    "link": "https://www.sanofi.com/en/partnering/partnering-focus-areas/china",
    "timestamp": "unknown"
  },
  {
    "title": "Digital",
    "link": "https://www.sanofi.com/en/partnering/partnering-focus-areas/digital",
    "timestamp": "unknown"
  },
  {
    "title": "General Medicines",
    "link": "https://www.sanofi.com/en/partnering/partnering-focus-areas/general-medicines",
    "timestamp": "unknown"
  },
  {
    "title": "Immunology",
    "link": "https://www.sanofi.com/en/partnering/partnering-focus-areas/immunology",
    "timestamp": "unknown"
  },
  {
    "title": "Neuroscience",
    "link": "https://www.sanofi.com/en/partnering/partnering-focus-areas/neuroscience",
    "timestamp": "unknown"
  },
  {
    "title": "Oncology",
    "link": "https://www.sanofi.com/en/partnering/partnering-focus-areas/oncology",
    "timestamp": "unknown"
  },
  {
    "title": "Out-Licensing",
    "link": "https://www.sanofi.com/en/partnering/partnering-focus-areas/out-licensing",
    "timestamp": "unknown"
  },
  {
    "title": "Rare Disease",
    "link": "https://www.sanofi.com/en/partnering/partnering-focus-areas/rare-disease",
    "timestamp": "unknown"
  },
  {
    "title": "Technology Platforms",
    "link": "https://www.sanofi.com/en/partnering/partnering-focus-areas/technology-platforms",
    "timestamp": "unknown"
  },
  {
    "title": "Vaccines",
    "link": "https://www.sanofi.com/en/partnering/partnering-focus-areas/vaccines",
    "timestamp": "unknown"
  },
  {
    "title": "Meet the Partnering Team",
    "link": "https://www.sanofi.com/en/partnering/meet-the-partnering-team",
    "timestamp": "unknown"
  },
  {
    "title": "Contact Business Development Team",
    "link": "https://www.sanofi.com/en/partnering/contact-business-development-team",
    "timestamp": "unknown"
  },
  {
    "title": "MediaMediaStoriesPress ReleasesContacts",
    "link": "https://www.sanofi.com/en/media-room/press-releases",
    "timestamp": "unknown"
  },
  {
    "title": "Media",
    "link": "https://www.sanofi.com/en/media-room",
    "timestamp": "unknown"
  },
  {
    "title": "Stories",
    "link": "https://www.sanofi.com/en/magazine",
    "timestamp": "unknown"
  },
  {
    "title": "Press Releases",
    "link": "https://www.sanofi.com/en/media-room/press-releases",
    "timestamp": "unknown"
  },
  {
    "title": "Contacts",
    "link": "https://www.sanofi.com/en/media-room/contact",
    "timestamp": "unknown"
  },
  {
    "title": "InvestorsInvestorsNews and EventsNews and EventsNewsUpcoming EventsPast EventsShares, ADRs and BondsShares, ADRs and BondsShare PriceDividendShares, S",
    "link": "https://www.sanofi.com/en/media-room/press-releases",
    "timestamp": "unknown"
  },
  {
    "title": "Investors",
    "link": "https://www.sanofi.com/en/investors",
    "timestamp": "unknown"
  },
  {
    "title": "News and EventsNews and EventsNewsUpcoming EventsPast Events",
    "link": "https://www.sanofi.com/en/media-room/press-releases",
    "timestamp": "unknown"
  },
  {
    "title": "News and Events",
    "link": "https://www.sanofi.com/en/investors/news-events",
    "timestamp": "unknown"
  },
  {
    "title": "News",
    "link": "https://www.sanofi.com/en/media-room/press-releases",
    "timestamp": "unknown"
  },
  {
    "title": "Upcoming Events",
    "link": "https://www.sanofi.com/en/investors/news-events/upcoming-events",
    "timestamp": "unknown"
  },
  {
    "title": "Past Events",
    "link": "https://www.sanofi.com/en/investors/news-events/past-events",
    "timestamp": "unknown"
  },
  {
    "title": "Shares, ADRs and BondsShares, ADRs and BondsShare PriceDividendShares, Structure and VoteBondsAnalyst Coverage and Vara ConsensusShare RepurchasesAmer",
    "link": "https://www.sanofi.com/en/media-room/press-releases",
    "timestamp": "unknown"
  },
  {
    "title": "Shares, ADRs and Bonds",
    "link": "https://www.sanofi.com/en/investors/sanofi-share-and-adrs",
    "timestamp": "unknown"
  },
  {
    "title": "Share Price",
    "link": "https://www.sanofi.com/en/investors/sanofi-share-and-adrs/stock-chart",
    "timestamp": "unknown"
  },
  {
    "title": "Dividend",
    "link": "https://www.sanofi.com/en/investors/sanofi-share-and-adrs/dividend",
    "timestamp": "unknown"
  },
  {
    "title": "Shares, Structure and Vote",
    "link": "https://www.sanofi.com/en/investors/sanofi-share-and-adrs/shares-structure-vote",
    "timestamp": "unknown"
  },
  {
    "title": "Bonds",
    "link": "https://www.sanofi.com/en/investors/sanofi-share-and-adrs/bonds",
    "timestamp": "unknown"
  },
  {
    "title": "Analyst Coverage and Vara Consensus",
    "link": "https://www.sanofi.com/en/investors/sanofi-share-and-adrs/analyst-coverage",
    "timestamp": "unknown"
  },
  {
    "title": "Share Repurchases",
    "link": "https://www.sanofi.com/en/investors/sanofi-share-and-adrs/share-repurchases",
    "timestamp": "unknown"
  },
  {
    "title": "American Depositary Receipts",
    "link": "https://www.sanofi.com/en/investors/sanofi-share-and-adrs/adrs",
    "timestamp": "unknown"
  },
  {
    "title": "Financial Reports and Other Publications",
    "link": "https://www.sanofi.com/en/investors/financial-reports-and-regulated-information",
    "timestamp": "unknown"
  },
  {
    "title": "Environment, Social, Governance",
    "link": "https://www.sanofi.com/en/investors/environment-social-governance",
    "timestamp": "unknown"
  },
  {
    "title": "Private Shareholders",
    "link": "https://www.sanofi.com/en/investors/individual-shareholders",
    "timestamp": "unknown"
  },
  {
    "title": "Contacts and Subscription",
    "link": "https://www.sanofi.com/en/investors/contacts",
    "timestamp": "unknown"
  },
  {
    "title": "Careers",
    "link": "https://jobs.sanofi.com",
    "timestamp": "unknown"
  },
  {
    "title": "HomepageMediaPress Releases",
    "link": "https://www.sanofi.com/en",
    "timestamp": "unknown"
  },
  {
    "title": "Homepage",
    "link": "https://www.sanofi.com/en",
    "timestamp": "unknown"
  },
  {
    "title": "Media",
    "link": "https://www.sanofi.com/en/media-room",
    "timestamp": "unknown"
  },
  {
    "title": "Filter per yearFilter per categoryOctober ,Press Release: AlphaMedixTM (212Pb-DOTAMTATE) achieved all primary efficacy endpoints in phase  study, demo",
    "link": "https://www.sanofi.com/en/media-room/press-releases//----",
    "timestamp": "unknown"
  },
  {
    "title": "Filter per yearFilter per categoryOctober ,Press Release: AlphaMedixTM (212Pb-DOTAMTATE) achieved all primary efficacy endpoints in phase  study, demo",
    "link": "https://www.sanofi.com/en/media-room/press-releases//----",
    "timestamp": "unknown"
  },
  {
    "title": "Filter per yearFilter per categoryOctober ,Press Release: AlphaMedixTM (212Pb-DOTAMTATE) achieved all primary efficacy endpoints in phase  study, demo",
    "link": "https://www.sanofi.com/en/media-room/press-releases//----",
    "timestamp": "unknown"
  },
  {
    "title": "Filter per yearFilter per categoryOctober ,Press Release: AlphaMedixTM (212Pb-DOTAMTATE) achieved all primary efficacy endpoints in phase  study, demo",
    "link": "https://www.sanofi.com/en/media-room/press-releases//----",
    "timestamp": "unknown"
  },
  {
    "title": "October ,Press Release: AlphaMedixTM (212Pb-DOTAMTATE) achieved all primary efficacy endpoints in phase  study, demonstrating clinically meaningful be",
    "link": "https://www.sanofi.com/en/media-room/press-releases//----",
    "timestamp": "unknown"
  },
  {
    "title": "October ,Press Release: AlphaMedixTM (212Pb-DOTAMTATE) achieved all primary efficacy endpoints in phase  study, demonstrating clinically meaningful be",
    "link": "https://www.sanofi.com/en/media-room/press-releases//----",
    "timestamp": "unknown"
  },
  {
    "title": "October ,Press Release: AlphaMedixTM (212Pb-DOTAMTATE) achieved all primary efficacy endpoints in phase  study, demonstrating clinically meaningful be",
    "link": "https://www.sanofi.com/en/media-room/press-releases//----",
    "timestamp": "unknown"
  },
  {
    "title": "October ,Press Release: AlphaMedixTM (212Pb-DOTAMTATE) achieved all primary efficacy endpoints in phase  study, demonstrating clinically meaningful be",
    "link": "https://www.sanofi.com/en/media-room/press-releases//----",
    "timestamp": "unknown"
  },
  {
    "title": "Read the Press Release",
    "link": "https://www.sanofi.com/en/media-room/press-releases//----",
    "timestamp": "unknown"
  },
  {
    "title": "Read the Press Release",
    "link": "https://www.sanofi.com/en/media-room/press-releases//----",
    "timestamp": "unknown"
  },
  {
    "title": "September ,Press Release: Sanofi commits an additional $ million to Sanofi Ventures to accelerate investment in biotech and digital health innovationR",
    "link": "https://www.sanofi.com/en/media-room/press-releases//----",
    "timestamp": "unknown"
  },
  {
    "title": "September ,Press Release: Sanofi commits an additional $ million to Sanofi Ventures to accelerate investment in biotech and digital health innovationR",
    "link": "https://www.sanofi.com/en/media-room/press-releases//----",
    "timestamp": "unknown"
  },
  {
    "title": "September ,Press Release: Sanofi commits an additional $ million to Sanofi Ventures to accelerate investment in biotech and digital health innovationR",
    "link": "https://www.sanofi.com/en/media-room/press-releases//----",
    "timestamp": "unknown"
  },
  {
    "title": "Read the Press Release",
    "link": "https://www.sanofi.com/en/media-room/press-releases//----",
    "timestamp": "unknown"
  },
  {
    "title": "Read the Press Release",
    "link": "https://www.sanofi.com/en/media-room/press-releases//----",
    "timestamp": "unknown"
  },
  {
    "title": "September ,Press release: Availability of the Q3  Aide m\u00e9moireRead the Press Release",
    "link": "https://www.sanofi.com/en/media-room/press-releases//----",
    "timestamp": "unknown"
  },
  {
    "title": "September ,Press release: Availability of the Q3  Aide m\u00e9moireRead the Press Release",
    "link": "https://www.sanofi.com/en/media-room/press-releases//----",
    "timestamp": "unknown"
  },
  {
    "title": "September ,Press release: Availability of the Q3  Aide m\u00e9moireRead the Press Release",
    "link": "https://www.sanofi.com/en/media-room/press-releases//----",
    "timestamp": "unknown"
  },
  {
    "title": "Read the Press Release",
    "link": "https://www.sanofi.com/en/media-room/press-releases//----",
    "timestamp": "unknown"
  },
  {
    "title": "Read the Press Release",
    "link": "https://www.sanofi.com/en/media-room/press-releases//----",
    "timestamp": "unknown"
  },
  {
    "title": "September ,Press Release: Sanofi\u2019s SAR446268 earns US fast track designation for the treatment of non-congenital myotonic dystrophy typeRead the Press",
    "link": "https://www.sanofi.com/en/media-room/press-releases//----",
    "timestamp": "unknown"
  },
  {
    "title": "September ,Press Release: Sanofi\u2019s SAR446268 earns US fast track designation for the treatment of non-congenital myotonic dystrophy typeRead the Press",
    "link": "https://www.sanofi.com/en/media-room/press-releases//----",
    "timestamp": "unknown"
  },
  {
    "title": "September ,Press Release: Sanofi\u2019s SAR446268 earns US fast track designation for the treatment of non-congenital myotonic dystrophy typeRead the Press",
    "link": "https://www.sanofi.com/en/media-room/press-releases//----",
    "timestamp": "unknown"
  },
  {
    "title": "Read the Press Release",
    "link": "https://www.sanofi.com/en/media-room/press-releases//----",
    "timestamp": "unknown"
  },
  {
    "title": "Read the Press Release",
    "link": "https://www.sanofi.com/en/media-room/press-releases//----",
    "timestamp": "unknown"
  },
  {
    "title": "September ,Press Release: Update on the US regulatory review of tolebrutinib in non-relapsing, secondary progressive multiple sclerosisRead the Press ",
    "link": "https://www.sanofi.com/en/media-room/press-releases//----",
    "timestamp": "unknown"
  },
  {
    "title": "September ,Press Release: Update on the US regulatory review of tolebrutinib in non-relapsing, secondary progressive multiple sclerosisRead the Press ",
    "link": "https://www.sanofi.com/en/media-room/press-releases//----",
    "timestamp": "unknown"
  },
  {
    "title": "September ,Press Release: Update on the US regulatory review of tolebrutinib in non-relapsing, secondary progressive multiple sclerosisRead the Press ",
    "link": "https://www.sanofi.com/en/media-room/press-releases//----",
    "timestamp": "unknown"
  },
  {
    "title": "Read the Press Release",
    "link": "https://www.sanofi.com/en/media-room/press-releases//----",
    "timestamp": "unknown"
  },
  {
    "title": "Read the Press Release",
    "link": "https://www.sanofi.com/en/media-room/press-releases//----",
    "timestamp": "unknown"
  },
  {
    "title": "September ,Press Release: Sanofi and Regeneron\u2019s Dupixent to treat chronic spontaneous urticaria advances in EU with positive CHMP opinionRead the Pre",
    "link": "https://www.sanofi.com/en/media-room/press-releases//----",
    "timestamp": "unknown"
  },
  {
    "title": "September ,Press Release: Sanofi and Regeneron\u2019s Dupixent to treat chronic spontaneous urticaria advances in EU with positive CHMP opinionRead the Pre",
    "link": "https://www.sanofi.com/en/media-room/press-releases//----",
    "timestamp": "unknown"
  },
  {
    "title": "September ,Press Release: Sanofi and Regeneron\u2019s Dupixent to treat chronic spontaneous urticaria advances in EU with positive CHMP opinionRead the Pre",
    "link": "https://www.sanofi.com/en/media-room/press-releases//----",
    "timestamp": "unknown"
  },
  {
    "title": "Read the Press Release",
    "link": "https://www.sanofi.com/en/media-room/press-releases//----",
    "timestamp": "unknown"
  },
  {
    "title": "Read the Press Release",
    "link": "https://www.sanofi.com/en/media-room/press-releases//----",
    "timestamp": "unknown"
  },
  {
    "title": "September ,Press Release: EADV: Sanofi\u2019s brivekimig achieved positive results in hidradenitis suppurativa in phase 2a studyRead the Press Release",
    "link": "https://www.sanofi.com/en/media-room/press-releases//----",
    "timestamp": "unknown"
  },
  {
    "title": "September ,Press Release: EADV: Sanofi\u2019s brivekimig achieved positive results in hidradenitis suppurativa in phase 2a studyRead the Press Release",
    "link": "https://www.sanofi.com/en/media-room/press-releases//----",
    "timestamp": "unknown"
  },
  {
    "title": "September ,Press Release: EADV: Sanofi\u2019s brivekimig achieved positive results in hidradenitis suppurativa in phase 2a studyRead the Press Release",
    "link": "https://www.sanofi.com/en/media-room/press-releases//----",
    "timestamp": "unknown"
  },
  {
    "title": "Read the Press Release",
    "link": "https://www.sanofi.com/en/media-room/press-releases//----",
    "timestamp": "unknown"
  },
  {
    "title": "Read the Press Release",
    "link": "https://www.sanofi.com/en/media-room/press-releases//----",
    "timestamp": "unknown"
  },
  {
    "title": "September ,Press Release: Sanofi\u2019s SAR402663 earns fast track designation in the US for neovascular age-related macular degenerationRead the Press Rel",
    "link": "https://www.sanofi.com/en/media-room/press-releases//----",
    "timestamp": "unknown"
  },
  {
    "title": "September ,Press Release: Sanofi\u2019s SAR402663 earns fast track designation in the US for neovascular age-related macular degenerationRead the Press Rel",
    "link": "https://www.sanofi.com/en/media-room/press-releases//----",
    "timestamp": "unknown"
  },
  {
    "title": "September ,Press Release: Sanofi\u2019s SAR402663 earns fast track designation in the US for neovascular age-related macular degenerationRead the Press Rel",
    "link": "https://www.sanofi.com/en/media-room/press-releases//----",
    "timestamp": "unknown"
  },
  {
    "title": "Read the Press Release",
    "link": "https://www.sanofi.com/en/media-room/press-releases//----",
    "timestamp": "unknown"
  },
  {
    "title": "Read the Press Release",
    "link": "https://www.sanofi.com/en/media-room/press-releases//----",
    "timestamp": "unknown"
  },
  {
    "title": "September ,Media Update: ECTRIMS: Sanofi showcases patient focus across multiple sclerosisRead the Media Update",
    "link": "https://www.sanofi.com/en/media-room/press-releases//----",
    "timestamp": "unknown"
  },
  {
    "title": "September ,Media Update: ECTRIMS: Sanofi showcases patient focus across multiple sclerosisRead the Media Update",
    "link": "https://www.sanofi.com/en/media-room/press-releases//----",
    "timestamp": "unknown"
  },
  {
    "title": "September ,Media Update: ECTRIMS: Sanofi showcases patient focus across multiple sclerosisRead the Media Update",
    "link": "https://www.sanofi.com/en/media-room/press-releases//----",
    "timestamp": "unknown"
  },
  {
    "title": "Read the Media Update",
    "link": "https://www.sanofi.com/en/media-room/press-releases//----",
    "timestamp": "unknown"
  },
  {
    "title": "Read the Media Update",
    "link": "https://www.sanofi.com/en/media-room/press-releases//----",
    "timestamp": "unknown"
  },
  {
    "title": "September ,Press Release: Tzield approved in China as first disease-modifying therapy for adult and pediatric patients with stage  type  diabetesRead ",
    "link": "https://www.sanofi.com/en/media-room/press-releases//----",
    "timestamp": "unknown"
  },
  {
    "title": "September ,Press Release: Tzield approved in China as first disease-modifying therapy for adult and pediatric patients with stage  type  diabetesRead ",
    "link": "https://www.sanofi.com/en/media-room/press-releases//----",
    "timestamp": "unknown"
  },
  {
    "title": "September ,Press Release: Tzield approved in China as first disease-modifying therapy for adult and pediatric patients with stage  type  diabetesRead ",
    "link": "https://www.sanofi.com/en/media-room/press-releases//----",
    "timestamp": "unknown"
  },
  {
    "title": "Read the Press Release",
    "link": "https://www.sanofi.com/en/media-room/press-releases//----",
    "timestamp": "unknown"
  },
  {
    "title": "Read the Press Release",
    "link": "https://www.sanofi.com/en/media-room/press-releases//----",
    "timestamp": "unknown"
  },
  {
    "title": "September ,Media Update: ERS: new data across Sanofi\u2019s immunology pipeline reinforce leadership in respiratory diseasesRead the Media Update",
    "link": "https://www.sanofi.com/en/media-room/press-releases//----",
    "timestamp": "unknown"
  },
  {
    "title": "September ,Media Update: ERS: new data across Sanofi\u2019s immunology pipeline reinforce leadership in respiratory diseasesRead the Media Update",
    "link": "https://www.sanofi.com/en/media-room/press-releases//----",
    "timestamp": "unknown"
  },
  {
    "title": "September ,Media Update: ERS: new data across Sanofi\u2019s immunology pipeline reinforce leadership in respiratory diseasesRead the Media Update",
    "link": "https://www.sanofi.com/en/media-room/press-releases//----",
    "timestamp": "unknown"
  },
  {
    "title": "Read the Media Update",
    "link": "https://www.sanofi.com/en/media-room/press-releases//----",
    "timestamp": "unknown"
  },
  {
    "title": "Read the Media Update",
    "link": "https://www.sanofi.com/en/media-room/press-releases//----",
    "timestamp": "unknown"
  },
  {
    "title": "September ,Press Release: Sanofi\u2019s amlitelimab met all primary and key secondary endpoints in the COAST  phase  study in adults and adolescents with a",
    "link": "https://www.sanofi.com/en/media-room/press-releases//----",
    "timestamp": "unknown"
  },
  {
    "title": "September ,Press Release: Sanofi\u2019s amlitelimab met all primary and key secondary endpoints in the COAST  phase  study in adults and adolescents with a",
    "link": "https://www.sanofi.com/en/media-room/press-releases//----",
    "timestamp": "unknown"
  },
  {
    "title": "September ,Press Release: Sanofi\u2019s amlitelimab met all primary and key secondary endpoints in the COAST  phase  study in adults and adolescents with a",
    "link": "https://www.sanofi.com/en/media-room/press-releases//----",
    "timestamp": "unknown"
  },
  {
    "title": "Read the Press Release",
    "link": "https://www.sanofi.com/en/media-room/press-releases//----",
    "timestamp": "unknown"
  },
  {
    "title": "Read the Press Release",
    "link": "https://www.sanofi.com/en/media-room/press-releases//----",
    "timestamp": "unknown"
  },
  {
    "title": "September ,Media Update: EADV: Sanofi builds on legacy in immunology with new data highlighting advances in treatment of chronic inflammatory skin dis",
    "link": "https://www.sanofi.com/en/media-room/press-releases//----",
    "timestamp": "unknown"
  },
  {
    "title": "September ,Media Update: EADV: Sanofi builds on legacy in immunology with new data highlighting advances in treatment of chronic inflammatory skin dis",
    "link": "https://www.sanofi.com/en/media-room/press-releases//----",
    "timestamp": "unknown"
  },
  {
    "title": "September ,Media Update: EADV: Sanofi builds on legacy in immunology with new data highlighting advances in treatment of chronic inflammatory skin dis",
    "link": "https://www.sanofi.com/en/media-room/press-releases//----",
    "timestamp": "unknown"
  },
  {
    "title": "Read the Media Update",
    "link": "https://www.sanofi.com/en/media-room/press-releases//----",
    "timestamp": "unknown"
  },
  {
    "title": "Read the Media Update",
    "link": "https://www.sanofi.com/en/media-room/press-releases//----",
    "timestamp": "unknown"
  },
  {
    "title": "August ,Press Release: Sanofi\u2019s Wayrilz approved in US as first BTK inhibitor for immune thrombocytopeniaRead the Press Release",
    "link": "https://www.sanofi.com/en/media-room/press-releases//----",
    "timestamp": "unknown"
  },
  {
    "title": "August ,Press Release: Sanofi\u2019s Wayrilz approved in US as first BTK inhibitor for immune thrombocytopeniaRead the Press Release",
    "link": "https://www.sanofi.com/en/media-room/press-releases//----",
    "timestamp": "unknown"
  },
  {
    "title": "August ,Press Release: Sanofi\u2019s Wayrilz approved in US as first BTK inhibitor for immune thrombocytopeniaRead the Press Release",
    "link": "https://www.sanofi.com/en/media-room/press-releases//----",
    "timestamp": "unknown"
  },
  {
    "title": "Read the Press Release",
    "link": "https://www.sanofi.com/en/media-room/press-releases//----",
    "timestamp": "unknown"
  },
  {
    "title": "Read the Press Release",
    "link": "https://www.sanofi.com/en/media-room/press-releases//----",
    "timestamp": "unknown"
  },
  {
    "title": "August ,Press Release: Sanofi\u2019s rilzabrutinib earns orphan designation in the EU for IgG4-related diseaseRead the Press Release",
    "link": "https://www.sanofi.com/en/media-room/press-releases//----",
    "timestamp": "unknown"
  },
  {
    "title": "August ,Press Release: Sanofi\u2019s rilzabrutinib earns orphan designation in the EU for IgG4-related diseaseRead the Press Release",
    "link": "https://www.sanofi.com/en/media-room/press-releases//----",
    "timestamp": "unknown"
  },
  {
    "title": "August ,Press Release: Sanofi\u2019s rilzabrutinib earns orphan designation in the EU for IgG4-related diseaseRead the Press Release",
    "link": "https://www.sanofi.com/en/media-room/press-releases//----",
    "timestamp": "unknown"
  },
  {
    "title": "Read the Press Release",
    "link": "https://www.sanofi.com/en/media-room/press-releases//----",
    "timestamp": "unknown"
  },
  {
    "title": "Read the Press Release",
    "link": "https://www.sanofi.com/en/media-room/press-releases//----",
    "timestamp": "unknown"
  },
  {
    "title": "August ,Press Release: Sanofi completes the acquisition of Vigil Neuroscience, Inc.Read the Press Release",
    "link": "https://www.sanofi.com/en/media-room/press-releases//----",
    "timestamp": "unknown"
  },
  {
    "title": "August ,Press Release: Sanofi completes the acquisition of Vigil Neuroscience, Inc.Read the Press Release",
    "link": "https://www.sanofi.com/en/media-room/press-releases//----",
    "timestamp": "unknown"
  },
  {
    "title": "August ,Press Release: Sanofi completes the acquisition of Vigil Neuroscience, Inc.Read the Press Release",
    "link": "https://www.sanofi.com/en/media-room/press-releases//----",
    "timestamp": "unknown"
  },
  {
    "title": "Read the Press Release",
    "link": "https://www.sanofi.com/en/media-room/press-releases//----",
    "timestamp": "unknown"
  },
  {
    "title": "Read the Press Release",
    "link": "https://www.sanofi.com/en/media-room/press-releases//----",
    "timestamp": "unknown"
  },
  {
    "title": "July ,Press release: Online availability of Sanofi\u2019s half-year financial report forRead the Press Release",
    "link": "https://www.sanofi.com/en/media-room/press-releases//----",
    "timestamp": "unknown"
  },
  {
    "title": "July ,Press release: Online availability of Sanofi\u2019s half-year financial report forRead the Press Release",
    "link": "https://www.sanofi.com/en/media-room/press-releases//----",
    "timestamp": "unknown"
  },
  {
    "title": "July ,Press release: Online availability of Sanofi\u2019s half-year financial report forRead the Press Release",
    "link": "https://www.sanofi.com/en/media-room/press-releases//----",
    "timestamp": "unknown"
  },
  {
    "title": "Read the Press Release",
    "link": "https://www.sanofi.com/en/media-room/press-releases//----",
    "timestamp": "unknown"
  },
  {
    "title": "Read the Press Release",
    "link": "https://www.sanofi.com/en/media-room/press-releases//----",
    "timestamp": "unknown"
  },
  {
    "title": "July ,Press Release: Q2: double-digit sales and solid business EPS growth.  sales guidance is now high single-digit growth, at upper end of rangeRead ",
    "link": "https://www.sanofi.com/en/media-room/press-releases//----",
    "timestamp": "unknown"
  },
  {
    "title": "July ,Press Release: Q2: double-digit sales and solid business EPS growth.  sales guidance is now high single-digit growth, at upper end of rangeRead ",
    "link": "https://www.sanofi.com/en/media-room/press-releases//----",
    "timestamp": "unknown"
  },
  {
    "title": "July ,Press Release: Q2: double-digit sales and solid business EPS growth.  sales guidance is now high single-digit growth, at upper end of rangeRead ",
    "link": "https://www.sanofi.com/en/media-room/press-releases//----",
    "timestamp": "unknown"
  },
  {
    "title": "Read the Press Release",
    "link": "https://www.sanofi.com/en/media-room/press-releases//----",
    "timestamp": "unknown"
  },
  {
    "title": "Read the Press Release",
    "link": "https://www.sanofi.com/en/media-room/press-releases//----",
    "timestamp": "unknown"
  },
  {
    "title": "July ,Press Release: Sanofi\u2019s SAR446523, a GPRC5D monoclonal antibody, earns orphan drug designation in the US for multiple myelomaRead the Press Rele",
    "link": "https://www.sanofi.com/en/media-room/press-releases//----",
    "timestamp": "unknown"
  },
  {
    "title": "July ,Press Release: Sanofi\u2019s SAR446523, a GPRC5D monoclonal antibody, earns orphan drug designation in the US for multiple myelomaRead the Press Rele",
    "link": "https://www.sanofi.com/en/media-room/press-releases//----",
    "timestamp": "unknown"
  },
  {
    "title": "July ,Press Release: Sanofi\u2019s SAR446523, a GPRC5D monoclonal antibody, earns orphan drug designation in the US for multiple myelomaRead the Press Rele",
    "link": "https://www.sanofi.com/en/media-room/press-releases//----",
    "timestamp": "unknown"
  },
  {
    "title": "Read the Press Release",
    "link": "https://www.sanofi.com/en/media-room/press-releases//----",
    "timestamp": "unknown"
  },
  {
    "title": "Read the Press Release",
    "link": "https://www.sanofi.com/en/media-room/press-releases//----",
    "timestamp": "unknown"
  },
  {
    "title": "July ,Press Release: Sanofi\u2019s Sarclisa approved in the EU for the treatment of transplant-eligible newly diagnosed multiple myelomaRead the Press Rele",
    "link": "https://www.sanofi.com/en/media-room/press-releases//----",
    "timestamp": "unknown"
  },
  {
    "title": "July ,Press Release: Sanofi\u2019s Sarclisa approved in the EU for the treatment of transplant-eligible newly diagnosed multiple myelomaRead the Press Rele",
    "link": "https://www.sanofi.com/en/media-room/press-releases//----",
    "timestamp": "unknown"
  },
  {
    "title": "July ,Press Release: Sanofi\u2019s Sarclisa approved in the EU for the treatment of transplant-eligible newly diagnosed multiple myelomaRead the Press Rele",
    "link": "https://www.sanofi.com/en/media-room/press-releases//----",
    "timestamp": "unknown"
  },
  {
    "title": "Read the Press Release",
    "link": "https://www.sanofi.com/en/media-room/press-releases//----",
    "timestamp": "unknown"
  },
  {
    "title": "Read the Press Release",
    "link": "https://www.sanofi.com/en/media-room/press-releases//----",
    "timestamp": "unknown"
  },
  {
    "title": "Press StatementsSee more",
    "link": "https://www.sanofi.com/en/media-room/press-statements",
    "timestamp": "unknown"
  },
  {
    "title": "Press StatementsSee more",
    "link": "https://www.sanofi.com/en/media-room/press-statements",
    "timestamp": "unknown"
  },
  {
    "title": "See more",
    "link": "https://www.sanofi.com/en/media-room/press-statements",
    "timestamp": "unknown"
  },
  {
    "title": "SanofiFollow usBack to top",
    "link": "https://www.linkedin.com/company/sanofi",
    "timestamp": "unknown"
  },
  {
    "title": "Follow us",
    "link": "https://www.linkedin.com/company/sanofi",
    "timestamp": "unknown"
  },
  {
    "title": "Stories",
    "link": "https://www.sanofi.com/en/magazine",
    "timestamp": "unknown"
  },
  {
    "title": "Contact",
    "link": "https://www.sanofi.com/en/contact",
    "timestamp": "unknown"
  },
  {
    "title": "Legal notice",
    "link": "https://www.sanofi.com/en/legal-notice",
    "timestamp": "unknown"
  },
  {
    "title": "Privacy & data protection",
    "link": "https://www.sanofi.com/en/privacy-and-data-protection",
    "timestamp": "unknown"
  },
  {
    "title": "Our publications",
    "link": "https://www.sanofi.com/en/publications",
    "timestamp": "unknown"
  },
  {
    "title": "Directory",
    "link": "https://www.sanofi.com/en/directory",
    "timestamp": "unknown"
  },
  {
    "title": "Sitemap",
    "link": "https://www.sanofi.com/en/sitemap",
    "timestamp": "unknown"
  },
  {
    "title": "Accessibility: partial compliance",
    "link": "https://www.sanofi.com/en/accessibility-partial-compliance",
    "timestamp": "unknown"
  },
  {
    "title": "Code of Conduct",
    "link": "https://www.codeofconduct.sanofi/",
    "timestamp": "unknown"
  }
]