[
  {
    "title": "Jump to Global menu",
    "link": "https://www.toray.com/ir/#globalNav",
    "timestamp": "unknown"
  },
  {
    "title": "Jump to Local menu",
    "link": "https://www.toray.com/ir/#anchorLocalNav",
    "timestamp": "unknown"
  },
  {
    "title": "Jump to main content",
    "link": "https://www.toray.com/ir/#contents",
    "timestamp": "unknown"
  },
  {
    "title": "HOMEInvestor RelationsInvestor RelationsMessage from the PresidentAnnual ReportFinancial DataLong-term Corporate Vision, Medium-term Management Progra",
    "link": "https://www.toray.com/",
    "timestamp": "unknown"
  },
  {
    "title": "HOMEInvestor RelationsInvestor RelationsMessage from the PresidentAnnual ReportFinancial DataLong-term Corporate Vision, Medium-term Management Progra",
    "link": "https://www.toray.com/",
    "timestamp": "unknown"
  },
  {
    "title": "HOMEInvestor Relations",
    "link": "https://www.toray.com/",
    "timestamp": "unknown"
  },
  {
    "title": "HOME",
    "link": "https://www.toray.com/",
    "timestamp": "unknown"
  },
  {
    "title": "Message from the President",
    "link": "https://www.toray.com/ir/management/man_001.html",
    "timestamp": "unknown"
  },
  {
    "title": "Annual Report",
    "link": "https://www.toray.com/ir/annual_reports/",
    "timestamp": "unknown"
  },
  {
    "title": "Financial Data",
    "link": "https://www.toray.com/ir/achievement/",
    "timestamp": "unknown"
  },
  {
    "title": "Long-term Corporate Vision, Medium-term Management Program, Management Briefing, Business Outline and Strategy",
    "link": "https://www.toray.com/ir/library/lib_007.html",
    "timestamp": "unknown"
  },
  {
    "title": "Presentation MaterialsAnnouncement of Business Results for the 2Q and Six Months Ended September ,Presentation Material (.6MB)Financial Results (444KB",
    "link": "https://www.toray.com/ir/pdf/lib/lib_a550.pdf",
    "timestamp": "unknown"
  },
  {
    "title": "Presentation MaterialsAnnouncement of Business Results for the 2Q and Six Months Ended September ,Presentation Material (.6MB)Financial Results (444KB",
    "link": "https://www.toray.com/ir/pdf/lib/lib_a550.pdf",
    "timestamp": "unknown"
  },
  {
    "title": "Presentation MaterialsAnnouncement of Business Results for the 2Q and Six Months Ended September ,Presentation Material (.6MB)Financial Results (444KB",
    "link": "https://www.toray.com/ir/pdf/lib/lib_a550.pdf",
    "timestamp": "unknown"
  },
  {
    "title": "Presentation MaterialsAnnouncement of Business Results for the 2Q and Six Months Ended September ,Presentation Material (.6MB)Financial Results (444KB",
    "link": "https://www.toray.com/ir/pdf/lib/lib_a550.pdf",
    "timestamp": "unknown"
  },
  {
    "title": "Presentation Material (.6MB)",
    "link": "https://www.toray.com/ir/pdf/lib/lib_a550.pdf",
    "timestamp": "unknown"
  },
  {
    "title": "Financial Results (444KB)",
    "link": "https://www.toray.com/ir/pdf/fin/fin_a118.pdf",
    "timestamp": "unknown"
  },
  {
    "title": "Streaming Video",
    "link": "https://www.irwebmeeting.com/toray/vod//vQvpsxbg/202603_2q_02_en/index.html",
    "timestamp": "unknown"
  },
  {
    "title": "Presentation Material (.5MB)",
    "link": "https://www.toray.com/ir/pdf/lib/lib_a549.pdf",
    "timestamp": "unknown"
  },
  {
    "title": "Presentation Material (.3MB)",
    "link": "https://www.toray.com/ir/pdf/lib/lib_a546.pdf",
    "timestamp": "unknown"
  },
  {
    "title": "Streaming Video",
    "link": "https://www.irwebmeeting.com/toray/vod//Zh5t8fUg/meeting_02_en/index.html",
    "timestamp": "unknown"
  },
  {
    "title": "Latest IR DocumentsDownload Pack [zip:.1MB]",
    "link": "https://www.toray.com/ir/pdf/DownloadPackEN.zip",
    "timestamp": "unknown"
  },
  {
    "title": "Download Pack [zip:.1MB]",
    "link": "https://www.toray.com/ir/pdf/DownloadPackEN.zip",
    "timestamp": "unknown"
  },
  {
    "title": "Business Results Presentation (.6MB)",
    "link": "https://www.toray.com/ir/pdf/lib/lib_a550.pdf",
    "timestamp": "unknown"
  },
  {
    "title": "Financial Results (444KB)",
    "link": "https://www.toray.com/ir/pdf/fin/fin_a118.pdf",
    "timestamp": "unknown"
  },
  {
    "title": "Audited Financial Statements (.6MB)",
    "link": "https://www.toray.com/ir/pdf/lib/lib_a547.pdf",
    "timestamp": "unknown"
  },
  {
    "title": "Medium-term Management Program (.5MB)",
    "link": "https://www.toray.com/ir/pdf/lib/lib_a512.pdf",
    "timestamp": "unknown"
  },
  {
    "title": "Annual Report  (.6MB)",
    "link": "https://www.toray.com/ir/pdf/lib/lib_a541.pdf",
    "timestamp": "unknown"
  },
  {
    "title": "See more IR News",
    "link": "https://www.toray.com/news/?language=EN&region=GLOBAL&q=&page=&newsCategory=ir_news",
    "timestamp": "unknown"
  },
  {
    "title": "IR EventsSchedule and EventsInvestor E-mail AlertsStock PriceDetailsCorporate Introduction VideosToray at a Glance",
    "link": "https://www.toray.com/ir/stocks/sto_009.html",
    "timestamp": "unknown"
  },
  {
    "title": "IR EventsSchedule and Events",
    "link": "https://www.toray.com/ir/stocks/sto_009.html",
    "timestamp": "unknown"
  },
  {
    "title": "Schedule and Events",
    "link": "https://www.toray.com/ir/stocks/sto_009.html",
    "timestamp": "unknown"
  },
  {
    "title": "Investor E-mail Alerts",
    "link": "https://www.toray.com/ir/mail/",
    "timestamp": "unknown"
  },
  {
    "title": "Stock PriceDetails",
    "link": "https://www.toray.com/ir/stocks/sto_006.html",
    "timestamp": "unknown"
  },
  {
    "title": "Details",
    "link": "https://www.toray.com/ir/stocks/sto_006.html",
    "timestamp": "unknown"
  },
  {
    "title": "Corporate Introduction Videos",
    "link": "https://www.toray.com/aboutus/visual/vis_001.html",
    "timestamp": "unknown"
  },
  {
    "title": "Toray at a Glance",
    "link": "https://www.toray.com/ir/individual/ind_001.html",
    "timestamp": "unknown"
  },
  {
    "title": "Management PolicyMessage from the PresidentLong-term Corporate VisionMedium-term Management ProgramCorporate GovernanceCSRBusiness RisksShareholders R",
    "link": "https://www.toray.com/ir/management/",
    "timestamp": "unknown"
  },
  {
    "title": "Management PolicyMessage from the PresidentLong-term Corporate VisionMedium-term Management ProgramCorporate GovernanceCSRBusiness RisksShareholders R",
    "link": "https://www.toray.com/ir/management/",
    "timestamp": "unknown"
  },
  {
    "title": "Message from the President",
    "link": "https://www.toray.com/ir/management/man_001.html",
    "timestamp": "unknown"
  },
  {
    "title": "Long-term Corporate Vision",
    "link": "https://www.toray.com/aboutus/vision/",
    "timestamp": "unknown"
  },
  {
    "title": "Medium-term Management Program",
    "link": "https://www.toray.com/ir/individual/managementplan/",
    "timestamp": "unknown"
  },
  {
    "title": "Corporate Governance",
    "link": "https://www.toray.com/ir/management/man_007.html",
    "timestamp": "unknown"
  },
  {
    "title": "CSR",
    "link": "https://www.toray.com/ir/management/man_006.html",
    "timestamp": "unknown"
  },
  {
    "title": "Business Risks",
    "link": "https://www.toray.com/ir/management/man_008.html",
    "timestamp": "unknown"
  },
  {
    "title": "Shareholders Return",
    "link": "https://www.toray.com/ir/individual/ind_004.html",
    "timestamp": "unknown"
  },
  {
    "title": "To Our InvestorsToray at a GlanceToray\u2019s StrengthsBusiness and Brand WebsitesSpecial Feature / TopicsTo Learn More about Toray Group",
    "link": "https://www.toray.com/ir/individual/",
    "timestamp": "unknown"
  },
  {
    "title": "Toray at a Glance",
    "link": "https://www.toray.com/ir/individual/ind_001.html",
    "timestamp": "unknown"
  },
  {
    "title": "Toray\u2019s Strengths",
    "link": "https://www.toray.com/ir/individual/ind_003.html",
    "timestamp": "unknown"
  },
  {
    "title": "Business and Brand Websites",
    "link": "https://www.toray.com/products/link/",
    "timestamp": "unknown"
  },
  {
    "title": "Special Feature / Topics",
    "link": "https://www.toray.com/news/topics/",
    "timestamp": "unknown"
  },
  {
    "title": "To Learn More about Toray Group",
    "link": "https://www.toray.com/ir/individual/ind_006.html",
    "timestamp": "unknown"
  },
  {
    "title": "Financial DataPerformance TrendBalance SheetCash FlowsPer Share DataManagement IndicesOther Data",
    "link": "https://www.toray.com/ir/achievement/",
    "timestamp": "unknown"
  },
  {
    "title": "Performance Trend",
    "link": "https://www.toray.com/ir/achievement/#-newest.-gyouseki.-graph",
    "timestamp": "unknown"
  },
  {
    "title": "Balance Sheet",
    "link": "https://www.toray.com/ir/achievement/#-anzen.-gyouseki.-graph",
    "timestamp": "unknown"
  },
  {
    "title": "Cash Flows",
    "link": "https://www.toray.com/ir/achievement/#-cf.-gyouseki.-graph",
    "timestamp": "unknown"
  },
  {
    "title": "Per Share Data",
    "link": "https://www.toray.com/ir/achievement/#-koritsu.-gyouseki.-graph",
    "timestamp": "unknown"
  },
  {
    "title": "Management Indices",
    "link": "https://www.toray.com/ir/achievement/#-hitokabu.-gyouseki.-graph",
    "timestamp": "unknown"
  },
  {
    "title": "Other Data",
    "link": "https://www.toray.com/ir/achievement/#-other.-gyouseki.-graph",
    "timestamp": "unknown"
  },
  {
    "title": "Stock and Rating InformationBasic InformationStock FactsDividendsArticles of IncorporationOrdinary General Meeting of StockholdersSchedule and EventsA",
    "link": "https://www.toray.com/ir/stocks/",
    "timestamp": "unknown"
  },
  {
    "title": "Basic Information",
    "link": "https://www.toray.com/ir/stocks/sto_007.html",
    "timestamp": "unknown"
  },
  {
    "title": "Stock Facts",
    "link": "https://www.toray.com/ir/stocks/sto_001.html",
    "timestamp": "unknown"
  },
  {
    "title": "Dividends",
    "link": "https://www.toray.com/ir/stocks/sto_003.html",
    "timestamp": "unknown"
  },
  {
    "title": "Articles of Incorporation",
    "link": "https://www.toray.com/ir/stocks/sto_011.html",
    "timestamp": "unknown"
  },
  {
    "title": "Ordinary General Meeting of Stockholders",
    "link": "https://www.toray.com/ir/stocks/sto_008.html",
    "timestamp": "unknown"
  },
  {
    "title": "Schedule and Events",
    "link": "https://www.toray.com/ir/stocks/sto_009.html",
    "timestamp": "unknown"
  },
  {
    "title": "Analyst Coverage",
    "link": "https://www.toray.com/ir/stocks/sto_004.html",
    "timestamp": "unknown"
  },
  {
    "title": "Rating",
    "link": "https://www.toray.com/ir/stocks/sto_005.html",
    "timestamp": "unknown"
  },
  {
    "title": "Stock Price",
    "link": "https://www.toray.com/ir/stocks/sto_006.html",
    "timestamp": "unknown"
  },
  {
    "title": "ArchivesFinancial ResultsBusiness Results PresentationsAudited Financial StatementsLong-term Corporate Vision, Medium-term Management Program, Managem",
    "link": "https://www.toray.com/ir/library/",
    "timestamp": "unknown"
  },
  {
    "title": "Financial Results",
    "link": "https://www.toray.com/ir/library/lib_001.html",
    "timestamp": "unknown"
  },
  {
    "title": "Business Results Presentations",
    "link": "https://www.toray.com/ir/library/data/",
    "timestamp": "unknown"
  },
  {
    "title": "Audited Financial Statements",
    "link": "https://www.toray.com/ir/library/lib_008.html",
    "timestamp": "unknown"
  },
  {
    "title": "Long-term Corporate Vision, Medium-term Management Program, Management Briefing, Business Outline and Strategy",
    "link": "https://www.toray.com/ir/library/lib_007.html",
    "timestamp": "unknown"
  },
  {
    "title": "CSR Reports, TCFD Reports, TNFD Reports",
    "link": "https://www.toray.com/sustainability/download/",
    "timestamp": "unknown"
  },
  {
    "title": "Annual Reports",
    "link": "https://www.toray.com/ir/annual_reports/",
    "timestamp": "unknown"
  },
  {
    "title": "Intellectual Property Reports",
    "link": "https://www.toray.com/ir/library/lib_005.html",
    "timestamp": "unknown"
  },
  {
    "title": "Production Capacity",
    "link": "https://www.toray.com/ir/management/man_010.html",
    "timestamp": "unknown"
  },
  {
    "title": "Number of Employees and Subsidiaries/Affiliates",
    "link": "https://www.toray.com/ir/management/man_011.html",
    "timestamp": "unknown"
  },
  {
    "title": "IR SupportInvestor E-mail AlertsFAQsDisclosure PolicyIR Sitemap",
    "link": "https://www.toray.com/ir/mail/",
    "timestamp": "unknown"
  },
  {
    "title": "Investor E-mail Alerts",
    "link": "https://www.toray.com/ir/mail/",
    "timestamp": "unknown"
  },
  {
    "title": "FAQs",
    "link": "https://www.toray.com/ir/faq/",
    "timestamp": "unknown"
  },
  {
    "title": "Disclosure Policy",
    "link": "https://www.toray.com/ir/policy/",
    "timestamp": "unknown"
  },
  {
    "title": "IR Sitemap",
    "link": "https://www.toray.com/ir/sitemap/",
    "timestamp": "unknown"
  },
  {
    "title": "Related InformationManagement PolicyResearch and DevelopmentSustainability",
    "link": "https://www.toray.com/aboutus/philosophy.html",
    "timestamp": "unknown"
  },
  {
    "title": "Management PolicyResearch and DevelopmentSustainability",
    "link": "https://www.toray.com/aboutus/philosophy.html",
    "timestamp": "unknown"
  },
  {
    "title": "NOTETHE INCLUSION OF TORAY INDUSTRIES, INC. IN ANY MSCI INDEX, AND THE USE OF MSCI LOGOS, TRADEMARKS, SERVICE MARKS OR INDEX NAMES HEREIN, DO NOT CONS",
    "link": "https://www.msci.com/our-solutions/indexes/esg-indexes",
    "timestamp": "unknown"
  },
  {
    "title": "NOTETHE INCLUSION OF TORAY INDUSTRIES, INC. IN ANY MSCI INDEX, AND THE USE OF MSCI LOGOS, TRADEMARKS, SERVICE MARKS OR INDEX NAMES HEREIN, DO NOT CONS",
    "link": "https://www.msci.com/our-solutions/indexes/esg-indexes",
    "timestamp": "unknown"
  }
]