[
  {
    "title": "AboutCompany OverviewLeadership TeamBoard of DirectorsScientific Advisory BoardScienceOur SciencePipelineScientific PublicationsClinical TrialsClinica",
    "link": "https://tvarditherapeutics.com/",
    "timestamp": "unknown"
  },
  {
    "title": "AboutCompany OverviewLeadership TeamBoard of DirectorsScientific Advisory BoardScienceOur SciencePipelineScientific PublicationsClinical TrialsClinica",
    "link": "https://tvarditherapeutics.com/",
    "timestamp": "unknown"
  },
  {
    "title": "AboutCompany OverviewLeadership TeamBoard of DirectorsScientific Advisory BoardScienceOur SciencePipelineScientific PublicationsClinical TrialsClinica",
    "link": "https://tvarditherapeutics.com/",
    "timestamp": "unknown"
  },
  {
    "title": "AboutCompany OverviewLeadership TeamBoard of DirectorsScientific Advisory BoardScienceOur SciencePipelineScientific PublicationsClinical TrialsClinica",
    "link": "https://tvarditherapeutics.com/",
    "timestamp": "unknown"
  },
  {
    "title": "AboutCompany OverviewLeadership TeamBoard of DirectorsScientific Advisory BoardScienceOur SciencePipelineScientific PublicationsClinical TrialsClinica",
    "link": "https://tvarditherapeutics.com/company-overview/",
    "timestamp": "unknown"
  },
  {
    "title": "AboutCompany OverviewLeadership TeamBoard of DirectorsScientific Advisory BoardScienceOur SciencePipelineScientific PublicationsClinical TrialsClinica",
    "link": "https://tvarditherapeutics.com/company-overview/",
    "timestamp": "unknown"
  },
  {
    "title": "AboutCompany OverviewLeadership TeamBoard of DirectorsScientific Advisory Board",
    "link": "https://tvarditherapeutics.com/company-overview/",
    "timestamp": "unknown"
  },
  {
    "title": "Company Overview",
    "link": "https://tvarditherapeutics.com/company-overview/",
    "timestamp": "unknown"
  },
  {
    "title": "Leadership Team",
    "link": "https://tvarditherapeutics.com/leadership-team/",
    "timestamp": "unknown"
  },
  {
    "title": "Board of Directors",
    "link": "https://tvarditherapeutics.com/company-overview/board-of-directors/",
    "timestamp": "unknown"
  },
  {
    "title": "Scientific Advisory Board",
    "link": "https://tvarditherapeutics.com/scientific-advisory-board/",
    "timestamp": "unknown"
  },
  {
    "title": "ScienceOur SciencePipelineScientific Publications",
    "link": "https://tvarditherapeutics.com/science/",
    "timestamp": "unknown"
  },
  {
    "title": "Our Science",
    "link": "https://tvarditherapeutics.com/science/",
    "timestamp": "unknown"
  },
  {
    "title": "Pipeline",
    "link": "https://tvarditherapeutics.com/pipeline/",
    "timestamp": "unknown"
  },
  {
    "title": "Scientific Publications",
    "link": "https://tvarditherapeutics.com/scientific-publications/",
    "timestamp": "unknown"
  },
  {
    "title": "Clinical TrialsClinical Trials OverviewIPF Clinical TrialIPF Clinical Trial LocationsLiver Cancer Clinical TrialAdvanced Cancer",
    "link": "https://tvarditherapeutics.com/Clinical-Trials-Overview/",
    "timestamp": "unknown"
  },
  {
    "title": "Clinical Trials Overview",
    "link": "https://tvarditherapeutics.com/clinical-trials-overview/",
    "timestamp": "unknown"
  },
  {
    "title": "IPF Clinical Trial",
    "link": "https://tvarditherapeutics.com/ipf-clinical-trial/",
    "timestamp": "unknown"
  },
  {
    "title": "IPF Clinical Trial Locations",
    "link": "https://tvarditherapeutics.com/ipf-clinical-trial-locations/",
    "timestamp": "unknown"
  },
  {
    "title": "Liver Cancer Clinical Trial",
    "link": "https://tvarditherapeutics.com/liver-cancer-clinical-trial/",
    "timestamp": "unknown"
  },
  {
    "title": "Advanced Cancer",
    "link": "https://tvarditherapeutics.com/clinical-trials-overview/#advanced_cancer",
    "timestamp": "unknown"
  },
  {
    "title": "InvestorsOverviewPress ReleasesEvents and PresentationsCorporate GovernanceCommittee CompositionFinancials & FilingsStock InformationHistoric Stock Lo",
    "link": "https://ir.tvarditherapeutics.com/investor-relations",
    "timestamp": "unknown"
  },
  {
    "title": "Overview",
    "link": "https://ir.tvarditherapeutics.com/investor-relations",
    "timestamp": "unknown"
  },
  {
    "title": "Press Releases",
    "link": "https://ir.tvarditherapeutics.com/press-releases",
    "timestamp": "unknown"
  },
  {
    "title": "Events and Presentations",
    "link": "https://ir.tvarditherapeutics.com/events-presentations",
    "timestamp": "unknown"
  },
  {
    "title": "Corporate GovernanceCommittee Composition",
    "link": "https://ir.tvarditherapeutics.com/corporate-governance",
    "timestamp": "unknown"
  },
  {
    "title": "Committee Composition",
    "link": "https://ir.tvarditherapeutics.com/corporate-governance/committee-composition",
    "timestamp": "unknown"
  },
  {
    "title": "Financials & Filings",
    "link": "https://ir.tvarditherapeutics.com/financial-filings",
    "timestamp": "unknown"
  },
  {
    "title": "Stock InformationHistoric Stock Lookup",
    "link": "https://ir.tvarditherapeutics.com/stock-information",
    "timestamp": "unknown"
  },
  {
    "title": "Historic Stock Lookup",
    "link": "https://ir.tvarditherapeutics.com/stock-information/historic-stock-lookup",
    "timestamp": "unknown"
  },
  {
    "title": "Investor FAQs",
    "link": "https://ir.tvarditherapeutics.com/investor-faqs",
    "timestamp": "unknown"
  },
  {
    "title": "ContactContactCareers",
    "link": "https://tvarditherapeutics.com/contact/",
    "timestamp": "unknown"
  },
  {
    "title": "Contact",
    "link": "https://tvarditherapeutics.com/contact/",
    "timestamp": "unknown"
  },
  {
    "title": "Careers",
    "link": "https://www.applicantpro.com/openings/tvarditherapeutics/jobs",
    "timestamp": "unknown"
  },
  {
    "title": "AboutCompany OverviewLeadership TeamBoard of DirectorsScientific Advisory Board",
    "link": "https://tvarditherapeutics.com/company-overview/",
    "timestamp": "unknown"
  },
  {
    "title": "Company Overview",
    "link": "https://tvarditherapeutics.com/company-overview/",
    "timestamp": "unknown"
  },
  {
    "title": "Leadership Team",
    "link": "https://tvarditherapeutics.com/leadership-team/",
    "timestamp": "unknown"
  },
  {
    "title": "Board of Directors",
    "link": "https://tvarditherapeutics.com/company-overview/board-of-directors/",
    "timestamp": "unknown"
  },
  {
    "title": "Scientific Advisory Board",
    "link": "https://tvarditherapeutics.com/scientific-advisory-board/",
    "timestamp": "unknown"
  },
  {
    "title": "ScienceOur SciencePipelineScientific Publications",
    "link": "https://tvarditherapeutics.com/science/",
    "timestamp": "unknown"
  },
  {
    "title": "Our Science",
    "link": "https://tvarditherapeutics.com/science/",
    "timestamp": "unknown"
  },
  {
    "title": "Pipeline",
    "link": "https://tvarditherapeutics.com/pipeline/",
    "timestamp": "unknown"
  },
  {
    "title": "Scientific Publications",
    "link": "https://tvarditherapeutics.com/scientific-publications/",
    "timestamp": "unknown"
  },
  {
    "title": "Clinical TrialsClinical Trials OverviewIPF Clinical TrialIPF Clinical Trial LocationsLiver Cancer Clinical TrialAdvanced Cancer",
    "link": "https://tvarditherapeutics.com/Clinical-Trials-Overview/",
    "timestamp": "unknown"
  },
  {
    "title": "Clinical Trials Overview",
    "link": "https://tvarditherapeutics.com/clinical-trials-overview/",
    "timestamp": "unknown"
  },
  {
    "title": "IPF Clinical Trial",
    "link": "https://tvarditherapeutics.com/ipf-clinical-trial/",
    "timestamp": "unknown"
  },
  {
    "title": "IPF Clinical Trial Locations",
    "link": "https://tvarditherapeutics.com/ipf-clinical-trial-locations/",
    "timestamp": "unknown"
  },
  {
    "title": "Liver Cancer Clinical Trial",
    "link": "https://tvarditherapeutics.com/liver-cancer-clinical-trial/",
    "timestamp": "unknown"
  },
  {
    "title": "Advanced Cancer",
    "link": "https://tvarditherapeutics.com/clinical-trials-overview/#advanced_cancer",
    "timestamp": "unknown"
  },
  {
    "title": "InvestorsOverviewPress ReleasesEvents and PresentationsCorporate GovernanceCommittee CompositionFinancials & FilingsStock InformationHistoric Stock Lo",
    "link": "https://ir.tvarditherapeutics.com/investor-relations",
    "timestamp": "unknown"
  },
  {
    "title": "Overview",
    "link": "https://ir.tvarditherapeutics.com/investor-relations",
    "timestamp": "unknown"
  },
  {
    "title": "Press Releases",
    "link": "https://ir.tvarditherapeutics.com/press-releases",
    "timestamp": "unknown"
  },
  {
    "title": "Events and Presentations",
    "link": "https://ir.tvarditherapeutics.com/events-presentations",
    "timestamp": "unknown"
  },
  {
    "title": "Corporate GovernanceCommittee Composition",
    "link": "https://ir.tvarditherapeutics.com/corporate-governance",
    "timestamp": "unknown"
  },
  {
    "title": "Committee Composition",
    "link": "https://ir.tvarditherapeutics.com/corporate-governance/committee-composition",
    "timestamp": "unknown"
  },
  {
    "title": "Financials & Filings",
    "link": "https://ir.tvarditherapeutics.com/financial-filings",
    "timestamp": "unknown"
  },
  {
    "title": "Stock InformationHistoric Stock Lookup",
    "link": "https://ir.tvarditherapeutics.com/stock-information",
    "timestamp": "unknown"
  },
  {
    "title": "Historic Stock Lookup",
    "link": "https://ir.tvarditherapeutics.com/stock-information/historic-stock-lookup",
    "timestamp": "unknown"
  },
  {
    "title": "Investor FAQs",
    "link": "https://ir.tvarditherapeutics.com/investor-faqs",
    "timestamp": "unknown"
  },
  {
    "title": "ContactContactCareers",
    "link": "https://tvarditherapeutics.com/contact/",
    "timestamp": "unknown"
  },
  {
    "title": "Contact",
    "link": "https://tvarditherapeutics.com/contact/",
    "timestamp": "unknown"
  },
  {
    "title": "Careers",
    "link": "https://www.applicantpro.com/openings/tvarditherapeutics/jobs",
    "timestamp": "unknown"
  },
  {
    "title": "Events & PresentationsPresentationsCorporate Presentation. MBUpcoming EventsJan ,EST44th Annual J.P. Morgan Healthcare ConferenceListen to webcastAdd ",
    "link": "https://ir.tvarditherapeutics.com/static-files/59382a0d-c49b--9e4c-a6870dba5caf",
    "timestamp": "unknown"
  },
  {
    "title": "Events & PresentationsPresentationsCorporate Presentation. MBUpcoming EventsJan ,EST44th Annual J.P. Morgan Healthcare ConferenceListen to webcastAdd ",
    "link": "https://ir.tvarditherapeutics.com/static-files/59382a0d-c49b--9e4c-a6870dba5caf",
    "timestamp": "unknown"
  },
  {
    "title": "PresentationsCorporate Presentation. MBUpcoming EventsJan ,EST44th Annual J.P. Morgan Healthcare ConferenceListen to webcastAdd to OutlookAdd to Googl",
    "link": "https://ir.tvarditherapeutics.com/static-files/59382a0d-c49b--9e4c-a6870dba5caf",
    "timestamp": "unknown"
  },
  {
    "title": "PresentationsCorporate Presentation. MBUpcoming EventsJan ,EST44th Annual J.P. Morgan Healthcare ConferenceListen to webcastAdd to OutlookAdd to Googl",
    "link": "https://ir.tvarditherapeutics.com/static-files/59382a0d-c49b--9e4c-a6870dba5caf",
    "timestamp": "unknown"
  },
  {
    "title": "PresentationsCorporate Presentation. MBUpcoming EventsJan ,EST44th Annual J.P. Morgan Healthcare ConferenceListen to webcastAdd to OutlookAdd to Googl",
    "link": "https://ir.tvarditherapeutics.com/static-files/59382a0d-c49b--9e4c-a6870dba5caf",
    "timestamp": "unknown"
  },
  {
    "title": "PresentationsCorporate Presentation. MBUpcoming EventsJan ,EST44th Annual J.P. Morgan Healthcare ConferenceListen to webcastAdd to OutlookAdd to Googl",
    "link": "https://ir.tvarditherapeutics.com/static-files/59382a0d-c49b--9e4c-a6870dba5caf",
    "timestamp": "unknown"
  },
  {
    "title": "PresentationsCorporate Presentation. MBUpcoming EventsJan ,EST44th Annual J.P. Morgan Healthcare ConferenceListen to webcastAdd to OutlookAdd to Googl",
    "link": "https://ir.tvarditherapeutics.com/static-files/59382a0d-c49b--9e4c-a6870dba5caf",
    "timestamp": "unknown"
  },
  {
    "title": "PresentationsCorporate Presentation. MBUpcoming EventsJan ,EST44th Annual J.P. Morgan Healthcare ConferenceListen to webcastAdd to OutlookAdd to Googl",
    "link": "https://ir.tvarditherapeutics.com/static-files/59382a0d-c49b--9e4c-a6870dba5caf",
    "timestamp": "unknown"
  },
  {
    "title": "PresentationsCorporate Presentation. MBUpcoming EventsJan ,EST44th Annual J.P. Morgan Healthcare ConferenceListen to webcastAdd to OutlookAdd to Googl",
    "link": "https://ir.tvarditherapeutics.com/static-files/59382a0d-c49b--9e4c-a6870dba5caf",
    "timestamp": "unknown"
  },
  {
    "title": "PresentationsCorporate Presentation. MBUpcoming EventsJan ,EST44th Annual J.P. Morgan Healthcare ConferenceListen to webcastAdd to OutlookAdd to Googl",
    "link": "https://ir.tvarditherapeutics.com/static-files/59382a0d-c49b--9e4c-a6870dba5caf",
    "timestamp": "unknown"
  },
  {
    "title": "PresentationsCorporate Presentation. MBUpcoming EventsJan ,EST44th Annual J.P. Morgan Healthcare ConferenceListen to webcastAdd to OutlookAdd to Googl",
    "link": "https://ir.tvarditherapeutics.com/static-files/59382a0d-c49b--9e4c-a6870dba5caf",
    "timestamp": "unknown"
  },
  {
    "title": "PresentationsCorporate Presentation. MBUpcoming EventsJan ,EST44th Annual J.P. Morgan Healthcare ConferenceListen to webcastAdd to OutlookAdd to Googl",
    "link": "https://ir.tvarditherapeutics.com/static-files/59382a0d-c49b--9e4c-a6870dba5caf",
    "timestamp": "unknown"
  },
  {
    "title": "PresentationsCorporate Presentation. MBUpcoming EventsJan ,EST44th Annual J.P. Morgan Healthcare ConferenceListen to webcastAdd to OutlookAdd to Googl",
    "link": "https://ir.tvarditherapeutics.com/static-files/59382a0d-c49b--9e4c-a6870dba5caf",
    "timestamp": "unknown"
  },
  {
    "title": "PresentationsCorporate Presentation. MBUpcoming EventsJan ,EST44th Annual J.P. Morgan Healthcare ConferenceListen to webcastAdd to OutlookAdd to Googl",
    "link": "https://ir.tvarditherapeutics.com/static-files/59382a0d-c49b--9e4c-a6870dba5caf",
    "timestamp": "unknown"
  },
  {
    "title": "PresentationsCorporate Presentation. MBUpcoming EventsJan ,EST44th Annual J.P. Morgan Healthcare ConferenceListen to webcastAdd to OutlookAdd to Googl",
    "link": "https://ir.tvarditherapeutics.com/static-files/59382a0d-c49b--9e4c-a6870dba5caf",
    "timestamp": "unknown"
  },
  {
    "title": "PresentationsCorporate Presentation. MBUpcoming EventsJan ,EST44th Annual J.P. Morgan Healthcare ConferenceListen to webcastAdd to OutlookAdd to Googl",
    "link": "https://ir.tvarditherapeutics.com/static-files/59382a0d-c49b--9e4c-a6870dba5caf",
    "timestamp": "unknown"
  },
  {
    "title": "PresentationsCorporate Presentation. MB",
    "link": "https://ir.tvarditherapeutics.com/static-files/59382a0d-c49b--9e4c-a6870dba5caf",
    "timestamp": "unknown"
  },
  {
    "title": "PresentationsCorporate Presentation. MB",
    "link": "https://ir.tvarditherapeutics.com/static-files/59382a0d-c49b--9e4c-a6870dba5caf",
    "timestamp": "unknown"
  },
  {
    "title": "PresentationsCorporate Presentation. MB",
    "link": "https://ir.tvarditherapeutics.com/static-files/59382a0d-c49b--9e4c-a6870dba5caf",
    "timestamp": "unknown"
  },
  {
    "title": "PresentationsCorporate Presentation. MB",
    "link": "https://ir.tvarditherapeutics.com/static-files/59382a0d-c49b--9e4c-a6870dba5caf",
    "timestamp": "unknown"
  },
  {
    "title": "Corporate Presentation. MB",
    "link": "https://ir.tvarditherapeutics.com/static-files/59382a0d-c49b--9e4c-a6870dba5caf",
    "timestamp": "unknown"
  },
  {
    "title": "Corporate Presentation. MB",
    "link": "https://ir.tvarditherapeutics.com/static-files/59382a0d-c49b--9e4c-a6870dba5caf",
    "timestamp": "unknown"
  },
  {
    "title": "Corporate Presentation. MB",
    "link": "https://ir.tvarditherapeutics.com/static-files/59382a0d-c49b--9e4c-a6870dba5caf",
    "timestamp": "unknown"
  },
  {
    "title": "Corporate Presentation. MB",
    "link": "https://ir.tvarditherapeutics.com/static-files/59382a0d-c49b--9e4c-a6870dba5caf",
    "timestamp": "unknown"
  },
  {
    "title": "Corporate Presentation. MB",
    "link": "https://ir.tvarditherapeutics.com/static-files/59382a0d-c49b--9e4c-a6870dba5caf",
    "timestamp": "unknown"
  },
  {
    "title": "Corporate Presentation. MB",
    "link": "https://ir.tvarditherapeutics.com/static-files/59382a0d-c49b--9e4c-a6870dba5caf",
    "timestamp": "unknown"
  },
  {
    "title": "Corporate Presentation. MB",
    "link": "https://ir.tvarditherapeutics.com/static-files/59382a0d-c49b--9e4c-a6870dba5caf",
    "timestamp": "unknown"
  },
  {
    "title": "Corporate Presentation",
    "link": "https://ir.tvarditherapeutics.com/static-files/59382a0d-c49b--9e4c-a6870dba5caf",
    "timestamp": "unknown"
  },
  {
    "title": "Corporate Presentation",
    "link": "https://ir.tvarditherapeutics.com/static-files/59382a0d-c49b--9e4c-a6870dba5caf",
    "timestamp": "unknown"
  },
  {
    "title": "Upcoming EventsJan ,EST44th Annual J.P. Morgan Healthcare ConferenceListen to webcastAdd to OutlookAdd to Google Calendar",
    "link": "https://ir.tvarditherapeutics.com/events/event-details/44th-annual-jp-morgan-healthcare-conference",
    "timestamp": "unknown"
  },
  {
    "title": "Upcoming EventsJan ,EST44th Annual J.P. Morgan Healthcare ConferenceListen to webcastAdd to OutlookAdd to Google Calendar",
    "link": "https://ir.tvarditherapeutics.com/events/event-details/44th-annual-jp-morgan-healthcare-conference",
    "timestamp": "unknown"
  },
  {
    "title": "Upcoming EventsJan ,EST44th Annual J.P. Morgan Healthcare ConferenceListen to webcastAdd to OutlookAdd to Google Calendar",
    "link": "https://ir.tvarditherapeutics.com/events/event-details/44th-annual-jp-morgan-healthcare-conference",
    "timestamp": "unknown"
  },
  {
    "title": "Upcoming EventsJan ,EST44th Annual J.P. Morgan Healthcare ConferenceListen to webcastAdd to OutlookAdd to Google Calendar",
    "link": "https://ir.tvarditherapeutics.com/events/event-details/44th-annual-jp-morgan-healthcare-conference",
    "timestamp": "unknown"
  },
  {
    "title": "Jan ,EST44th Annual J.P. Morgan Healthcare ConferenceListen to webcastAdd to OutlookAdd to Google Calendar",
    "link": "https://ir.tvarditherapeutics.com/events/event-details/44th-annual-jp-morgan-healthcare-conference",
    "timestamp": "unknown"
  },
  {
    "title": "Jan ,EST44th Annual J.P. Morgan Healthcare ConferenceListen to webcastAdd to OutlookAdd to Google Calendar",
    "link": "https://ir.tvarditherapeutics.com/events/event-details/44th-annual-jp-morgan-healthcare-conference",
    "timestamp": "unknown"
  },
  {
    "title": "Jan ,EST44th Annual J.P. Morgan Healthcare ConferenceListen to webcastAdd to OutlookAdd to Google Calendar",
    "link": "https://ir.tvarditherapeutics.com/events/event-details/44th-annual-jp-morgan-healthcare-conference",
    "timestamp": "unknown"
  },
  {
    "title": "Jan ,EST44th Annual J.P. Morgan Healthcare ConferenceListen to webcastAdd to OutlookAdd to Google Calendar",
    "link": "https://ir.tvarditherapeutics.com/events/event-details/44th-annual-jp-morgan-healthcare-conference",
    "timestamp": "unknown"
  },
  {
    "title": "Jan ,EST44th Annual J.P. Morgan Healthcare ConferenceListen to webcastAdd to OutlookAdd to Google Calendar",
    "link": "https://ir.tvarditherapeutics.com/events/event-details/44th-annual-jp-morgan-healthcare-conference",
    "timestamp": "unknown"
  },
  {
    "title": "Jan ,EST44th Annual J.P. Morgan Healthcare ConferenceListen to webcastAdd to OutlookAdd to Google Calendar",
    "link": "https://ir.tvarditherapeutics.com/events/event-details/44th-annual-jp-morgan-healthcare-conference",
    "timestamp": "unknown"
  },
  {
    "title": "44th Annual J.P. Morgan Healthcare Conference",
    "link": "https://ir.tvarditherapeutics.com/events/event-details/44th-annual-jp-morgan-healthcare-conference",
    "timestamp": "unknown"
  },
  {
    "title": "44th Annual J.P. Morgan Healthcare Conference",
    "link": "https://ir.tvarditherapeutics.com/events/event-details/44th-annual-jp-morgan-healthcare-conference",
    "timestamp": "unknown"
  },
  {
    "title": "44th Annual J.P. Morgan Healthcare Conference",
    "link": "https://ir.tvarditherapeutics.com/events/event-details/44th-annual-jp-morgan-healthcare-conference",
    "timestamp": "unknown"
  },
  {
    "title": "Listen to webcast",
    "link": "https://jpmorgan.metameetings.net/events/healthcare26/sessions/-tvardi-therapeutics-inc/webcast?gpu_only=true&kiosk=true",
    "timestamp": "unknown"
  },
  {
    "title": "Listen to webcast",
    "link": "https://jpmorgan.metameetings.net/events/healthcare26/sessions/-tvardi-therapeutics-inc/webcast?gpu_only=true&kiosk=true",
    "timestamp": "unknown"
  },
  {
    "title": "Listen to webcast",
    "link": "https://jpmorgan.metameetings.net/events/healthcare26/sessions/-tvardi-therapeutics-inc/webcast?gpu_only=true&kiosk=true",
    "timestamp": "unknown"
  },
  {
    "title": "Add to OutlookAdd to Google Calendar",
    "link": "https://ir.tvarditherapeutics.com/node//ics",
    "timestamp": "unknown"
  },
  {
    "title": "Add to Outlook",
    "link": "https://ir.tvarditherapeutics.com/node//ics",
    "timestamp": "unknown"
  },
  {
    "title": "Add to Outlook",
    "link": "https://ir.tvarditherapeutics.com/node//ics",
    "timestamp": "unknown"
  },
  {
    "title": "Add to Outlook",
    "link": "https://ir.tvarditherapeutics.com/node//ics",
    "timestamp": "unknown"
  },
  {
    "title": "Add to Google Calendar",
    "link": "https://www.google.com/calendar/render?action=TEMPLATE&text=Tvardi%20Therapeutics%-%2044th%20Annual%20J.P.%20Morgan%20Healthcare%20Conference&dates=20260115T200000Z/20260115T200000Z&details=Event%20Details%3A%20https%3A//ir.tvarditherapeutics.com/events/event-details/44th-annual-jp-morgan-healthcare-conference%0A%0AWebcast%3A%20https%3A//jpmorgan.metameetings.net/events/healthcare26/sessions/-tvardi-therapeutics-inc/webcast%3Fgpu_only%3Dtrue&kiosk=true&location=&trp=false&sprop=name%3A",
    "timestamp": "unknown"
  },
  {
    "title": "Add to Google Calendar",
    "link": "https://www.google.com/calendar/render?action=TEMPLATE&text=Tvardi%20Therapeutics%-%2044th%20Annual%20J.P.%20Morgan%20Healthcare%20Conference&dates=20260115T200000Z/20260115T200000Z&details=Event%20Details%3A%20https%3A//ir.tvarditherapeutics.com/events/event-details/44th-annual-jp-morgan-healthcare-conference%0A%0AWebcast%3A%20https%3A//jpmorgan.metameetings.net/events/healthcare26/sessions/-tvardi-therapeutics-inc/webcast%3Fgpu_only%3Dtrue&kiosk=true&location=&trp=false&sprop=name%3A",
    "timestamp": "unknown"
  },
  {
    "title": "Add to Google Calendar",
    "link": "https://www.google.com/calendar/render?action=TEMPLATE&text=Tvardi%20Therapeutics%-%2044th%20Annual%20J.P.%20Morgan%20Healthcare%20Conference&dates=20260115T200000Z/20260115T200000Z&details=Event%20Details%3A%20https%3A//ir.tvarditherapeutics.com/events/event-details/44th-annual-jp-morgan-healthcare-conference%0A%0AWebcast%3A%20https%3A//jpmorgan.metameetings.net/events/healthcare26/sessions/-tvardi-therapeutics-inc/webcast%3Fgpu_only%3Dtrue&kiosk=true&location=&trp=false&sprop=name%3A",
    "timestamp": "unknown"
  },
  {
    "title": "Archived EventsDec ,ESTPiper Sandler 37th Annual Healthcare ConferenceListen to webcastNov ,ESTJefferies Global Healthcare Conference in LondonListen ",
    "link": "https://ir.tvarditherapeutics.com/events/event-details/piper-sandler-37th-annual-healthcare-conference",
    "timestamp": "unknown"
  },
  {
    "title": "Archived EventsDec ,ESTPiper Sandler 37th Annual Healthcare ConferenceListen to webcastNov ,ESTJefferies Global Healthcare Conference in LondonListen ",
    "link": "https://ir.tvarditherapeutics.com/events/event-details/piper-sandler-37th-annual-healthcare-conference",
    "timestamp": "unknown"
  },
  {
    "title": "Archived EventsDec ,ESTPiper Sandler 37th Annual Healthcare ConferenceListen to webcastNov ,ESTJefferies Global Healthcare Conference in LondonListen ",
    "link": "https://ir.tvarditherapeutics.com/events/event-details/piper-sandler-37th-annual-healthcare-conference",
    "timestamp": "unknown"
  },
  {
    "title": "Archived EventsDec ,ESTPiper Sandler 37th Annual Healthcare ConferenceListen to webcastNov ,ESTJefferies Global Healthcare Conference in LondonListen ",
    "link": "https://ir.tvarditherapeutics.com/events/event-details/piper-sandler-37th-annual-healthcare-conference",
    "timestamp": "unknown"
  },
  {
    "title": "Dec ,ESTPiper Sandler 37th Annual Healthcare ConferenceListen to webcastNov ,ESTJefferies Global Healthcare Conference in LondonListen to webcastOct ,",
    "link": "https://ir.tvarditherapeutics.com/events/event-details/piper-sandler-37th-annual-healthcare-conference",
    "timestamp": "unknown"
  },
  {
    "title": "Dec ,ESTPiper Sandler 37th Annual Healthcare ConferenceListen to webcastNov ,ESTJefferies Global Healthcare Conference in LondonListen to webcastOct ,",
    "link": "https://ir.tvarditherapeutics.com/events/event-details/piper-sandler-37th-annual-healthcare-conference",
    "timestamp": "unknown"
  },
  {
    "title": "Dec ,ESTPiper Sandler 37th Annual Healthcare ConferenceListen to webcast",
    "link": "https://ir.tvarditherapeutics.com/events/event-details/piper-sandler-37th-annual-healthcare-conference",
    "timestamp": "unknown"
  },
  {
    "title": "Dec ,ESTPiper Sandler 37th Annual Healthcare ConferenceListen to webcast",
    "link": "https://ir.tvarditherapeutics.com/events/event-details/piper-sandler-37th-annual-healthcare-conference",
    "timestamp": "unknown"
  },
  {
    "title": "Dec ,ESTPiper Sandler 37th Annual Healthcare ConferenceListen to webcast",
    "link": "https://ir.tvarditherapeutics.com/events/event-details/piper-sandler-37th-annual-healthcare-conference",
    "timestamp": "unknown"
  },
  {
    "title": "Dec ,ESTPiper Sandler 37th Annual Healthcare ConferenceListen to webcast",
    "link": "https://ir.tvarditherapeutics.com/events/event-details/piper-sandler-37th-annual-healthcare-conference",
    "timestamp": "unknown"
  },
  {
    "title": "Piper Sandler 37th Annual Healthcare Conference",
    "link": "https://ir.tvarditherapeutics.com/events/event-details/piper-sandler-37th-annual-healthcare-conference",
    "timestamp": "unknown"
  },
  {
    "title": "Piper Sandler 37th Annual Healthcare Conference",
    "link": "https://ir.tvarditherapeutics.com/events/event-details/piper-sandler-37th-annual-healthcare-conference",
    "timestamp": "unknown"
  },
  {
    "title": "Piper Sandler 37th Annual Healthcare Conference",
    "link": "https://ir.tvarditherapeutics.com/events/event-details/piper-sandler-37th-annual-healthcare-conference",
    "timestamp": "unknown"
  },
  {
    "title": "Listen to webcast",
    "link": "https://event.webcasts.com/starthere.jsp?ei=&tp_key=5270f6bde1",
    "timestamp": "unknown"
  },
  {
    "title": "Listen to webcast",
    "link": "https://event.webcasts.com/starthere.jsp?ei=&tp_key=5270f6bde1",
    "timestamp": "unknown"
  },
  {
    "title": "Listen to webcast",
    "link": "https://event.webcasts.com/starthere.jsp?ei=&tp_key=5270f6bde1",
    "timestamp": "unknown"
  },
  {
    "title": "Nov ,ESTJefferies Global Healthcare Conference in LondonListen to webcast",
    "link": "https://ir.tvarditherapeutics.com/events/event-details/jefferies-global-healthcare-conference-london",
    "timestamp": "unknown"
  },
  {
    "title": "Nov ,ESTJefferies Global Healthcare Conference in LondonListen to webcast",
    "link": "https://ir.tvarditherapeutics.com/events/event-details/jefferies-global-healthcare-conference-london",
    "timestamp": "unknown"
  },
  {
    "title": "Nov ,ESTJefferies Global Healthcare Conference in LondonListen to webcast",
    "link": "https://ir.tvarditherapeutics.com/events/event-details/jefferies-global-healthcare-conference-london",
    "timestamp": "unknown"
  },
  {
    "title": "Nov ,ESTJefferies Global Healthcare Conference in LondonListen to webcast",
    "link": "https://ir.tvarditherapeutics.com/events/event-details/jefferies-global-healthcare-conference-london",
    "timestamp": "unknown"
  },
  {
    "title": "Jefferies Global Healthcare Conference in London",
    "link": "https://ir.tvarditherapeutics.com/events/event-details/jefferies-global-healthcare-conference-london",
    "timestamp": "unknown"
  },
  {
    "title": "Jefferies Global Healthcare Conference in London",
    "link": "https://ir.tvarditherapeutics.com/events/event-details/jefferies-global-healthcare-conference-london",
    "timestamp": "unknown"
  },
  {
    "title": "Jefferies Global Healthcare Conference in London",
    "link": "https://ir.tvarditherapeutics.com/events/event-details/jefferies-global-healthcare-conference-london",
    "timestamp": "unknown"
  },
  {
    "title": "Listen to webcast",
    "link": "https://wsw.com/webcast/jeff332/tvrd/",
    "timestamp": "unknown"
  },
  {
    "title": "Listen to webcast",
    "link": "https://wsw.com/webcast/jeff332/tvrd/",
    "timestamp": "unknown"
  },
  {
    "title": "Listen to webcast",
    "link": "https://wsw.com/webcast/jeff332/tvrd/",
    "timestamp": "unknown"
  },
  {
    "title": "Oct ,EDTTvardi Phase  IPF Data CallListen to webcast",
    "link": "https://ir.tvarditherapeutics.com/events/event-details/tvardi-phase--ipf-data-call",
    "timestamp": "unknown"
  },
  {
    "title": "Oct ,EDTTvardi Phase  IPF Data CallListen to webcast",
    "link": "https://ir.tvarditherapeutics.com/events/event-details/tvardi-phase--ipf-data-call",
    "timestamp": "unknown"
  },
  {
    "title": "Oct ,EDTTvardi Phase  IPF Data CallListen to webcast",
    "link": "https://ir.tvarditherapeutics.com/events/event-details/tvardi-phase--ipf-data-call",
    "timestamp": "unknown"
  },
  {
    "title": "Oct ,EDTTvardi Phase  IPF Data CallListen to webcast",
    "link": "https://ir.tvarditherapeutics.com/events/event-details/tvardi-phase--ipf-data-call",
    "timestamp": "unknown"
  },
  {
    "title": "Tvardi Phase  IPF Data Call",
    "link": "https://ir.tvarditherapeutics.com/events/event-details/tvardi-phase--ipf-data-call",
    "timestamp": "unknown"
  },
  {
    "title": "Tvardi Phase  IPF Data Call",
    "link": "https://ir.tvarditherapeutics.com/events/event-details/tvardi-phase--ipf-data-call",
    "timestamp": "unknown"
  },
  {
    "title": "Tvardi Phase  IPF Data Call",
    "link": "https://ir.tvarditherapeutics.com/events/event-details/tvardi-phase--ipf-data-call",
    "timestamp": "unknown"
  },
  {
    "title": "Listen to webcast",
    "link": "https://viavid.webcasts.com/starthere.jsp?ei=&tp_key=8b92c90e42",
    "timestamp": "unknown"
  },
  {
    "title": "Listen to webcast",
    "link": "https://viavid.webcasts.com/starthere.jsp?ei=&tp_key=8b92c90e42",
    "timestamp": "unknown"
  },
  {
    "title": "Listen to webcast",
    "link": "https://viavid.webcasts.com/starthere.jsp?ei=&tp_key=8b92c90e42",
    "timestamp": "unknown"
  },
  {
    "title": "Sep ,EDTCantor Global Healthcare ConferenceListen to webcast",
    "link": "https://ir.tvarditherapeutics.com/events/event-details/cantor-global-healthcare-conference",
    "timestamp": "unknown"
  },
  {
    "title": "Sep ,EDTCantor Global Healthcare ConferenceListen to webcast",
    "link": "https://ir.tvarditherapeutics.com/events/event-details/cantor-global-healthcare-conference",
    "timestamp": "unknown"
  },
  {
    "title": "Sep ,EDTCantor Global Healthcare ConferenceListen to webcast",
    "link": "https://ir.tvarditherapeutics.com/events/event-details/cantor-global-healthcare-conference",
    "timestamp": "unknown"
  },
  {
    "title": "Sep ,EDTCantor Global Healthcare ConferenceListen to webcast",
    "link": "https://ir.tvarditherapeutics.com/events/event-details/cantor-global-healthcare-conference",
    "timestamp": "unknown"
  },
  {
    "title": "Cantor Global Healthcare Conference",
    "link": "https://ir.tvarditherapeutics.com/events/event-details/cantor-global-healthcare-conference",
    "timestamp": "unknown"
  },
  {
    "title": "Cantor Global Healthcare Conference",
    "link": "https://ir.tvarditherapeutics.com/events/event-details/cantor-global-healthcare-conference",
    "timestamp": "unknown"
  },
  {
    "title": "Cantor Global Healthcare Conference",
    "link": "https://ir.tvarditherapeutics.com/events/event-details/cantor-global-healthcare-conference",
    "timestamp": "unknown"
  },
  {
    "title": "Listen to webcast",
    "link": "https://sqps.onstreamsecure.com/origin/enliven/players/EnlivenPlayer.html?customerId=&eventId=&checkCompany=&checkEmail=&checkName=",
    "timestamp": "unknown"
  },
  {
    "title": "Listen to webcast",
    "link": "https://sqps.onstreamsecure.com/origin/enliven/players/EnlivenPlayer.html?customerId=&eventId=&checkCompany=&checkEmail=&checkName=",
    "timestamp": "unknown"
  },
  {
    "title": "Listen to webcast",
    "link": "https://sqps.onstreamsecure.com/origin/enliven/players/EnlivenPlayer.html?customerId=&eventId=&checkCompany=&checkEmail=&checkName=",
    "timestamp": "unknown"
  },
  {
    "title": "Jul ,EDTBTIG Virtual Biotechnology Conference",
    "link": "https://ir.tvarditherapeutics.com/events/event-details/btig-virtual-biotechnology-conferencev",
    "timestamp": "unknown"
  },
  {
    "title": "Jul ,EDTBTIG Virtual Biotechnology Conference",
    "link": "https://ir.tvarditherapeutics.com/events/event-details/btig-virtual-biotechnology-conferencev",
    "timestamp": "unknown"
  },
  {
    "title": "Jul ,EDTBTIG Virtual Biotechnology Conference",
    "link": "https://ir.tvarditherapeutics.com/events/event-details/btig-virtual-biotechnology-conferencev",
    "timestamp": "unknown"
  },
  {
    "title": "Jul ,EDTBTIG Virtual Biotechnology Conference",
    "link": "https://ir.tvarditherapeutics.com/events/event-details/btig-virtual-biotechnology-conferencev",
    "timestamp": "unknown"
  },
  {
    "title": "BTIG Virtual Biotechnology Conference",
    "link": "https://ir.tvarditherapeutics.com/events/event-details/btig-virtual-biotechnology-conferencev",
    "timestamp": "unknown"
  },
  {
    "title": "BTIG Virtual Biotechnology Conference",
    "link": "https://ir.tvarditherapeutics.com/events/event-details/btig-virtual-biotechnology-conferencev",
    "timestamp": "unknown"
  },
  {
    "title": "BTIG Virtual Biotechnology Conference",
    "link": "https://ir.tvarditherapeutics.com/events/event-details/btig-virtual-biotechnology-conferencev",
    "timestamp": "unknown"
  },
  {
    "title": "Current pagePageNext page\u203aLast page\u00bb",
    "link": "https://ir.tvarditherapeutics.com/events-presentations?page=%2C0%2C0%2C0",
    "timestamp": "unknown"
  },
  {
    "title": "Current pagePageNext page\u203aLast page\u00bb",
    "link": "https://ir.tvarditherapeutics.com/events-presentations?page=%2C0%2C0%2C0",
    "timestamp": "unknown"
  },
  {
    "title": "Current pagePageNext page\u203aLast page\u00bb",
    "link": "https://ir.tvarditherapeutics.com/events-presentations?page=%2C0%2C0%2C0",
    "timestamp": "unknown"
  },
  {
    "title": "Current page",
    "link": "https://ir.tvarditherapeutics.com/events-presentations?page=%2C0%2C0%2C0",
    "timestamp": "unknown"
  },
  {
    "title": "Page",
    "link": "https://ir.tvarditherapeutics.com/events-presentations?page=%2C0%2C1%2C0",
    "timestamp": "unknown"
  },
  {
    "title": "Next page\u203a",
    "link": "https://ir.tvarditherapeutics.com/events-presentations?page=%2C0%2C1%2C0",
    "timestamp": "unknown"
  },
  {
    "title": "Last page\u00bb",
    "link": "https://ir.tvarditherapeutics.com/events-presentations?page=%2C0%2C1%2C0",
    "timestamp": "unknown"
  },
  {
    "title": "Email Alerts",
    "link": "https://ir.tvarditherapeutics.com/email-alerts",
    "timestamp": "unknown"
  },
  {
    "title": "Email Alerts",
    "link": "https://ir.tvarditherapeutics.com/email-alerts",
    "timestamp": "unknown"
  },
  {
    "title": "AboutScienceClinical TrialsInvestorsContactFCOIPrivacy PolicyTerms of UseLinkedInTwitterTvardi Therapeutics \u00a9Scroll to Top",
    "link": "https://tvarditherapeutics.com/",
    "timestamp": "unknown"
  },
  {
    "title": "AboutScienceClinical TrialsInvestorsContactFCOIPrivacy PolicyTerms of UseLinkedInTwitterTvardi Therapeutics \u00a9",
    "link": "https://tvarditherapeutics.com/",
    "timestamp": "unknown"
  },
  {
    "title": "AboutScienceClinical TrialsInvestorsContactFCOIPrivacy PolicyTerms of Use",
    "link": "https://tvarditherapeutics.com/company-overview/",
    "timestamp": "unknown"
  },
  {
    "title": "AboutScienceClinical TrialsInvestorsContactFCOIPrivacy PolicyTerms of Use",
    "link": "https://tvarditherapeutics.com/company-overview/",
    "timestamp": "unknown"
  },
  {
    "title": "About",
    "link": "https://tvarditherapeutics.com/company-overview/",
    "timestamp": "unknown"
  },
  {
    "title": "Science",
    "link": "https://tvarditherapeutics.com/science/",
    "timestamp": "unknown"
  },
  {
    "title": "Clinical Trials",
    "link": "https://tvarditherapeutics.com/clinical-trials-overview/",
    "timestamp": "unknown"
  },
  {
    "title": "Investors",
    "link": "https://ir.tvarditherapeutics.com/investor-relations",
    "timestamp": "unknown"
  },
  {
    "title": "Contact",
    "link": "https://tvarditherapeutics.com/contact/",
    "timestamp": "unknown"
  },
  {
    "title": "FCOI",
    "link": "https://tvarditherapeutics.com/fcio/",
    "timestamp": "unknown"
  },
  {
    "title": "Privacy Policy",
    "link": "https://tvarditherapeutics.com/privacy-policy/",
    "timestamp": "unknown"
  },
  {
    "title": "Terms of Use",
    "link": "https://tvarditherapeutics.com/terms-of-use/",
    "timestamp": "unknown"
  },
  {
    "title": "LinkedInTwitter",
    "link": "https://www.linkedin.com/company/tvardi/about",
    "timestamp": "unknown"
  },
  {
    "title": "LinkedInTwitter",
    "link": "https://www.linkedin.com/company/tvardi/about",
    "timestamp": "unknown"
  },
  {
    "title": "LinkedInTwitter",
    "link": "https://www.linkedin.com/company/tvardi/about",
    "timestamp": "unknown"
  },
  {
    "title": "LinkedInTwitter",
    "link": "https://www.linkedin.com/company/tvardi/about",
    "timestamp": "unknown"
  },
  {
    "title": "Accept & Close",
    "link": "https://ir.tvarditherapeutics.com/events-presentations#elementor-action%3Aaction%3Dpopup%3Aclose%26settings%3DeyJkb19ub3Rfc2hvd19hZ2FpbiI6InllcyJ9",
    "timestamp": "unknown"
  },
  {
    "title": "Accept & Close",
    "link": "https://ir.tvarditherapeutics.com/events-presentations#elementor-action%3Aaction%3Dpopup%3Aclose%26settings%3DeyJkb19ub3Rfc2hvd19hZ2FpbiI6InllcyJ9",
    "timestamp": "unknown"
  },
  {
    "title": "Accept & Close",
    "link": "https://ir.tvarditherapeutics.com/events-presentations#elementor-action%3Aaction%3Dpopup%3Aclose%26settings%3DeyJkb19ub3Rfc2hvd19hZ2FpbiI6InllcyJ9",
    "timestamp": "unknown"
  },
  {
    "title": "Accept & Close",
    "link": "https://ir.tvarditherapeutics.com/events-presentations#elementor-action%3Aaction%3Dpopup%3Aclose%26settings%3DeyJkb19ub3Rfc2hvd19hZ2FpbiI6InllcyJ9",
    "timestamp": "unknown"
  },
  {
    "title": "Accept & Close",
    "link": "https://ir.tvarditherapeutics.com/events-presentations#elementor-action%3Aaction%3Dpopup%3Aclose%26settings%3DeyJkb19ub3Rfc2hvd19hZ2FpbiI6InllcyJ9",
    "timestamp": "unknown"
  }
]