[
  {
    "title": "AboutCompany OverviewLeadership TeamBoard of DirectorsScientific Advisory BoardScienceOur SciencePipelineScientific PublicationsClinical TrialsClinica",
    "link": "https://tvarditherapeutics.com/",
    "timestamp": "unknown"
  },
  {
    "title": "AboutCompany OverviewLeadership TeamBoard of DirectorsScientific Advisory BoardScienceOur SciencePipelineScientific PublicationsClinical TrialsClinica",
    "link": "https://tvarditherapeutics.com/",
    "timestamp": "unknown"
  },
  {
    "title": "AboutCompany OverviewLeadership TeamBoard of DirectorsScientific Advisory BoardScienceOur SciencePipelineScientific PublicationsClinical TrialsClinica",
    "link": "https://tvarditherapeutics.com/",
    "timestamp": "unknown"
  },
  {
    "title": "AboutCompany OverviewLeadership TeamBoard of DirectorsScientific Advisory BoardScienceOur SciencePipelineScientific PublicationsClinical TrialsClinica",
    "link": "https://tvarditherapeutics.com/",
    "timestamp": "unknown"
  },
  {
    "title": "AboutCompany OverviewLeadership TeamBoard of DirectorsScientific Advisory BoardScienceOur SciencePipelineScientific PublicationsClinical TrialsClinica",
    "link": "https://tvarditherapeutics.com/company-overview/",
    "timestamp": "unknown"
  },
  {
    "title": "AboutCompany OverviewLeadership TeamBoard of DirectorsScientific Advisory BoardScienceOur SciencePipelineScientific PublicationsClinical TrialsClinica",
    "link": "https://tvarditherapeutics.com/company-overview/",
    "timestamp": "unknown"
  },
  {
    "title": "AboutCompany OverviewLeadership TeamBoard of DirectorsScientific Advisory Board",
    "link": "https://tvarditherapeutics.com/company-overview/",
    "timestamp": "unknown"
  },
  {
    "title": "Company Overview",
    "link": "https://tvarditherapeutics.com/company-overview/",
    "timestamp": "unknown"
  },
  {
    "title": "Leadership Team",
    "link": "https://tvarditherapeutics.com/leadership-team/",
    "timestamp": "unknown"
  },
  {
    "title": "Board of Directors",
    "link": "https://tvarditherapeutics.com/company-overview/board-of-directors/",
    "timestamp": "unknown"
  },
  {
    "title": "Scientific Advisory Board",
    "link": "https://tvarditherapeutics.com/scientific-advisory-board/",
    "timestamp": "unknown"
  },
  {
    "title": "ScienceOur SciencePipelineScientific Publications",
    "link": "https://tvarditherapeutics.com/science/",
    "timestamp": "unknown"
  },
  {
    "title": "Our Science",
    "link": "https://tvarditherapeutics.com/science/",
    "timestamp": "unknown"
  },
  {
    "title": "Pipeline",
    "link": "https://tvarditherapeutics.com/pipeline/",
    "timestamp": "unknown"
  },
  {
    "title": "Scientific Publications",
    "link": "https://tvarditherapeutics.com/scientific-publications/",
    "timestamp": "unknown"
  },
  {
    "title": "Clinical TrialsClinical Trials OverviewIPF Clinical TrialIPF Clinical Trial LocationsLiver Cancer Clinical TrialAdvanced Cancer",
    "link": "https://tvarditherapeutics.com/Clinical-Trials-Overview/",
    "timestamp": "unknown"
  },
  {
    "title": "Clinical Trials Overview",
    "link": "https://tvarditherapeutics.com/clinical-trials-overview/",
    "timestamp": "unknown"
  },
  {
    "title": "IPF Clinical Trial",
    "link": "https://tvarditherapeutics.com/ipf-clinical-trial/",
    "timestamp": "unknown"
  },
  {
    "title": "IPF Clinical Trial Locations",
    "link": "https://tvarditherapeutics.com/ipf-clinical-trial-locations/",
    "timestamp": "unknown"
  },
  {
    "title": "Liver Cancer Clinical Trial",
    "link": "https://tvarditherapeutics.com/liver-cancer-clinical-trial/",
    "timestamp": "unknown"
  },
  {
    "title": "Advanced Cancer",
    "link": "https://tvarditherapeutics.com/clinical-trials-overview/#advanced_cancer",
    "timestamp": "unknown"
  },
  {
    "title": "InvestorsOverviewPress ReleasesEvents and PresentationsCorporate GovernanceCommittee CompositionFinancials & FilingsStock InformationHistoric Stock Lo",
    "link": "https://ir.tvarditherapeutics.com/investor-relations",
    "timestamp": "unknown"
  },
  {
    "title": "Overview",
    "link": "https://ir.tvarditherapeutics.com/investor-relations",
    "timestamp": "unknown"
  },
  {
    "title": "Press Releases",
    "link": "https://ir.tvarditherapeutics.com/press-releases",
    "timestamp": "unknown"
  },
  {
    "title": "Events and Presentations",
    "link": "https://ir.tvarditherapeutics.com/events-presentations",
    "timestamp": "unknown"
  },
  {
    "title": "Corporate GovernanceCommittee Composition",
    "link": "https://ir.tvarditherapeutics.com/corporate-governance",
    "timestamp": "unknown"
  },
  {
    "title": "Committee Composition",
    "link": "https://ir.tvarditherapeutics.com/corporate-governance/committee-composition",
    "timestamp": "unknown"
  },
  {
    "title": "Financials & Filings",
    "link": "https://ir.tvarditherapeutics.com/financial-filings",
    "timestamp": "unknown"
  },
  {
    "title": "Stock InformationHistoric Stock Lookup",
    "link": "https://ir.tvarditherapeutics.com/stock-information",
    "timestamp": "unknown"
  },
  {
    "title": "Historic Stock Lookup",
    "link": "https://ir.tvarditherapeutics.com/stock-information/historic-stock-lookup",
    "timestamp": "unknown"
  },
  {
    "title": "Investor FAQs",
    "link": "https://ir.tvarditherapeutics.com/investor-faqs",
    "timestamp": "unknown"
  },
  {
    "title": "ContactContactCareers",
    "link": "https://tvarditherapeutics.com/contact/",
    "timestamp": "unknown"
  },
  {
    "title": "Contact",
    "link": "https://tvarditherapeutics.com/contact/",
    "timestamp": "unknown"
  },
  {
    "title": "Careers",
    "link": "https://www.applicantpro.com/openings/tvarditherapeutics/jobs",
    "timestamp": "unknown"
  },
  {
    "title": "AboutCompany OverviewLeadership TeamBoard of DirectorsScientific Advisory Board",
    "link": "https://tvarditherapeutics.com/company-overview/",
    "timestamp": "unknown"
  },
  {
    "title": "Company Overview",
    "link": "https://tvarditherapeutics.com/company-overview/",
    "timestamp": "unknown"
  },
  {
    "title": "Leadership Team",
    "link": "https://tvarditherapeutics.com/leadership-team/",
    "timestamp": "unknown"
  },
  {
    "title": "Board of Directors",
    "link": "https://tvarditherapeutics.com/company-overview/board-of-directors/",
    "timestamp": "unknown"
  },
  {
    "title": "Scientific Advisory Board",
    "link": "https://tvarditherapeutics.com/scientific-advisory-board/",
    "timestamp": "unknown"
  },
  {
    "title": "ScienceOur SciencePipelineScientific Publications",
    "link": "https://tvarditherapeutics.com/science/",
    "timestamp": "unknown"
  },
  {
    "title": "Our Science",
    "link": "https://tvarditherapeutics.com/science/",
    "timestamp": "unknown"
  },
  {
    "title": "Pipeline",
    "link": "https://tvarditherapeutics.com/pipeline/",
    "timestamp": "unknown"
  },
  {
    "title": "Scientific Publications",
    "link": "https://tvarditherapeutics.com/scientific-publications/",
    "timestamp": "unknown"
  },
  {
    "title": "Clinical TrialsClinical Trials OverviewIPF Clinical TrialIPF Clinical Trial LocationsLiver Cancer Clinical TrialAdvanced Cancer",
    "link": "https://tvarditherapeutics.com/Clinical-Trials-Overview/",
    "timestamp": "unknown"
  },
  {
    "title": "Clinical Trials Overview",
    "link": "https://tvarditherapeutics.com/clinical-trials-overview/",
    "timestamp": "unknown"
  },
  {
    "title": "IPF Clinical Trial",
    "link": "https://tvarditherapeutics.com/ipf-clinical-trial/",
    "timestamp": "unknown"
  },
  {
    "title": "IPF Clinical Trial Locations",
    "link": "https://tvarditherapeutics.com/ipf-clinical-trial-locations/",
    "timestamp": "unknown"
  },
  {
    "title": "Liver Cancer Clinical Trial",
    "link": "https://tvarditherapeutics.com/liver-cancer-clinical-trial/",
    "timestamp": "unknown"
  },
  {
    "title": "Advanced Cancer",
    "link": "https://tvarditherapeutics.com/clinical-trials-overview/#advanced_cancer",
    "timestamp": "unknown"
  },
  {
    "title": "InvestorsOverviewPress ReleasesEvents and PresentationsCorporate GovernanceCommittee CompositionFinancials & FilingsStock InformationHistoric Stock Lo",
    "link": "https://ir.tvarditherapeutics.com/investor-relations",
    "timestamp": "unknown"
  },
  {
    "title": "Overview",
    "link": "https://ir.tvarditherapeutics.com/investor-relations",
    "timestamp": "unknown"
  },
  {
    "title": "Press Releases",
    "link": "https://ir.tvarditherapeutics.com/press-releases",
    "timestamp": "unknown"
  },
  {
    "title": "Events and Presentations",
    "link": "https://ir.tvarditherapeutics.com/events-presentations",
    "timestamp": "unknown"
  },
  {
    "title": "Corporate GovernanceCommittee Composition",
    "link": "https://ir.tvarditherapeutics.com/corporate-governance",
    "timestamp": "unknown"
  },
  {
    "title": "Committee Composition",
    "link": "https://ir.tvarditherapeutics.com/corporate-governance/committee-composition",
    "timestamp": "unknown"
  },
  {
    "title": "Financials & Filings",
    "link": "https://ir.tvarditherapeutics.com/financial-filings",
    "timestamp": "unknown"
  },
  {
    "title": "Stock InformationHistoric Stock Lookup",
    "link": "https://ir.tvarditherapeutics.com/stock-information",
    "timestamp": "unknown"
  },
  {
    "title": "Historic Stock Lookup",
    "link": "https://ir.tvarditherapeutics.com/stock-information/historic-stock-lookup",
    "timestamp": "unknown"
  },
  {
    "title": "Investor FAQs",
    "link": "https://ir.tvarditherapeutics.com/investor-faqs",
    "timestamp": "unknown"
  },
  {
    "title": "ContactContactCareers",
    "link": "https://tvarditherapeutics.com/contact/",
    "timestamp": "unknown"
  },
  {
    "title": "Contact",
    "link": "https://tvarditherapeutics.com/contact/",
    "timestamp": "unknown"
  },
  {
    "title": "Careers",
    "link": "https://www.applicantpro.com/openings/tvarditherapeutics/jobs",
    "timestamp": "unknown"
  },
  {
    "title": "Press ReleasesYearAllNov ,Tvardi Therapeutics to Participate in the Piper Sandler 37th Annual Healthcare ConferenceHOUSTON --(BUSINESS WIRE)--Nov. , -",
    "link": "https://ir.tvarditherapeutics.com/news-releases/news-release-details/tvardi-therapeutics-participate-piper-sandler-37th-annual",
    "timestamp": "unknown"
  },
  {
    "title": "Press ReleasesYearAllNov ,Tvardi Therapeutics to Participate in the Piper Sandler 37th Annual Healthcare ConferenceHOUSTON --(BUSINESS WIRE)--Nov. , -",
    "link": "https://ir.tvarditherapeutics.com/news-releases/news-release-details/tvardi-therapeutics-participate-piper-sandler-37th-annual",
    "timestamp": "unknown"
  },
  {
    "title": "YearAllNov ,Tvardi Therapeutics to Participate in the Piper Sandler 37th Annual Healthcare ConferenceHOUSTON --(BUSINESS WIRE)--Nov. , -- Tvardi Thera",
    "link": "https://ir.tvarditherapeutics.com/news-releases/news-release-details/tvardi-therapeutics-participate-piper-sandler-37th-annual",
    "timestamp": "unknown"
  },
  {
    "title": "YearAllNov ,Tvardi Therapeutics to Participate in the Piper Sandler 37th Annual Healthcare ConferenceHOUSTON --(BUSINESS WIRE)--Nov. , -- Tvardi Thera",
    "link": "https://ir.tvarditherapeutics.com/news-releases/news-release-details/tvardi-therapeutics-participate-piper-sandler-37th-annual",
    "timestamp": "unknown"
  },
  {
    "title": "YearAllNov ,Tvardi Therapeutics to Participate in the Piper Sandler 37th Annual Healthcare ConferenceHOUSTON --(BUSINESS WIRE)--Nov. , -- Tvardi Thera",
    "link": "https://ir.tvarditherapeutics.com/news-releases/news-release-details/tvardi-therapeutics-participate-piper-sandler-37th-annual",
    "timestamp": "unknown"
  },
  {
    "title": "YearAllNov ,Tvardi Therapeutics to Participate in the Piper Sandler 37th Annual Healthcare ConferenceHOUSTON --(BUSINESS WIRE)--Nov. , -- Tvardi Thera",
    "link": "https://ir.tvarditherapeutics.com/news-releases/news-release-details/tvardi-therapeutics-participate-piper-sandler-37th-annual",
    "timestamp": "unknown"
  },
  {
    "title": "YearAllNov ,Tvardi Therapeutics to Participate in the Piper Sandler 37th Annual Healthcare ConferenceHOUSTON --(BUSINESS WIRE)--Nov. , -- Tvardi Thera",
    "link": "https://ir.tvarditherapeutics.com/news-releases/news-release-details/tvardi-therapeutics-participate-piper-sandler-37th-annual",
    "timestamp": "unknown"
  },
  {
    "title": "YearAllNov ,Tvardi Therapeutics to Participate in the Piper Sandler 37th Annual Healthcare ConferenceHOUSTON --(BUSINESS WIRE)--Nov. , -- Tvardi Thera",
    "link": "https://ir.tvarditherapeutics.com/news-releases/news-release-details/tvardi-therapeutics-participate-piper-sandler-37th-annual",
    "timestamp": "unknown"
  },
  {
    "title": "YearAllNov ,Tvardi Therapeutics to Participate in the Piper Sandler 37th Annual Healthcare ConferenceHOUSTON --(BUSINESS WIRE)--Nov. , -- Tvardi Thera",
    "link": "https://ir.tvarditherapeutics.com/news-releases/news-release-details/tvardi-therapeutics-participate-piper-sandler-37th-annual",
    "timestamp": "unknown"
  },
  {
    "title": "YearAllNov ,Tvardi Therapeutics to Participate in the Piper Sandler 37th Annual Healthcare ConferenceHOUSTON --(BUSINESS WIRE)--Nov. , -- Tvardi Thera",
    "link": "https://ir.tvarditherapeutics.com/news-releases/news-release-details/tvardi-therapeutics-participate-piper-sandler-37th-annual",
    "timestamp": "unknown"
  },
  {
    "title": "YearAllNov ,Tvardi Therapeutics to Participate in the Piper Sandler 37th Annual Healthcare ConferenceHOUSTON --(BUSINESS WIRE)--Nov. , -- Tvardi Thera",
    "link": "https://ir.tvarditherapeutics.com/news-releases/news-release-details/tvardi-therapeutics-participate-piper-sandler-37th-annual",
    "timestamp": "unknown"
  },
  {
    "title": "YearAllNov ,Tvardi Therapeutics to Participate in the Piper Sandler 37th Annual Healthcare ConferenceHOUSTON --(BUSINESS WIRE)--Nov. , -- Tvardi Thera",
    "link": "https://ir.tvarditherapeutics.com/news-releases/news-release-details/tvardi-therapeutics-participate-piper-sandler-37th-annual",
    "timestamp": "unknown"
  },
  {
    "title": "YearAllNov ,Tvardi Therapeutics to Participate in the Piper Sandler 37th Annual Healthcare ConferenceHOUSTON --(BUSINESS WIRE)--Nov. , -- Tvardi Thera",
    "link": "https://ir.tvarditherapeutics.com/news-releases/news-release-details/tvardi-therapeutics-participate-piper-sandler-37th-annual",
    "timestamp": "unknown"
  },
  {
    "title": "YearAllNov ,Tvardi Therapeutics to Participate in the Piper Sandler 37th Annual Healthcare ConferenceHOUSTON --(BUSINESS WIRE)--Nov. , -- Tvardi Thera",
    "link": "https://ir.tvarditherapeutics.com/news-releases/news-release-details/tvardi-therapeutics-participate-piper-sandler-37th-annual",
    "timestamp": "unknown"
  },
  {
    "title": "YearAllNov ,Tvardi Therapeutics to Participate in the Piper Sandler 37th Annual Healthcare ConferenceHOUSTON --(BUSINESS WIRE)--Nov. , -- Tvardi Thera",
    "link": "https://ir.tvarditherapeutics.com/news-releases/news-release-details/tvardi-therapeutics-participate-piper-sandler-37th-annual",
    "timestamp": "unknown"
  },
  {
    "title": "YearAllNov ,Tvardi Therapeutics to Participate in the Piper Sandler 37th Annual Healthcare ConferenceHOUSTON --(BUSINESS WIRE)--Nov. , -- Tvardi Thera",
    "link": "https://ir.tvarditherapeutics.com/news-releases/news-release-details/tvardi-therapeutics-participate-piper-sandler-37th-annual",
    "timestamp": "unknown"
  },
  {
    "title": "YearAllNov ,Tvardi Therapeutics to Participate in the Piper Sandler 37th Annual Healthcare ConferenceHOUSTON --(BUSINESS WIRE)--Nov. , -- Tvardi Thera",
    "link": "https://ir.tvarditherapeutics.com/news-releases/news-release-details/tvardi-therapeutics-participate-piper-sandler-37th-annual",
    "timestamp": "unknown"
  },
  {
    "title": "YearAllNov ,Tvardi Therapeutics to Participate in the Piper Sandler 37th Annual Healthcare ConferenceHOUSTON --(BUSINESS WIRE)--Nov. , -- Tvardi Thera",
    "link": "https://ir.tvarditherapeutics.com/news-releases/news-release-details/tvardi-therapeutics-participate-piper-sandler-37th-annual",
    "timestamp": "unknown"
  },
  {
    "title": "YearAllNov ,Tvardi Therapeutics to Participate in the Piper Sandler 37th Annual Healthcare ConferenceHOUSTON --(BUSINESS WIRE)--Nov. , -- Tvardi Thera",
    "link": "https://ir.tvarditherapeutics.com/news-releases/news-release-details/tvardi-therapeutics-participate-piper-sandler-37th-annual",
    "timestamp": "unknown"
  },
  {
    "title": "YearAllNov ,Tvardi Therapeutics to Participate in the Piper Sandler 37th Annual Healthcare ConferenceHOUSTON --(BUSINESS WIRE)--Nov. , -- Tvardi Thera",
    "link": "https://ir.tvarditherapeutics.com/news-releases/news-release-details/tvardi-therapeutics-participate-piper-sandler-37th-annual",
    "timestamp": "unknown"
  },
  {
    "title": "YearAllNov ,Tvardi Therapeutics to Participate in the Piper Sandler 37th Annual Healthcare ConferenceHOUSTON --(BUSINESS WIRE)--Nov. , -- Tvardi Thera",
    "link": "https://ir.tvarditherapeutics.com/news-releases/news-release-details/tvardi-therapeutics-participate-piper-sandler-37th-annual",
    "timestamp": "unknown"
  },
  {
    "title": "Nov ,Tvardi Therapeutics to Participate in the Piper Sandler 37th Annual Healthcare ConferenceHOUSTON --(BUSINESS WIRE)--Nov. , -- Tvardi Therapeutics",
    "link": "https://ir.tvarditherapeutics.com/news-releases/news-release-details/tvardi-therapeutics-participate-piper-sandler-37th-annual",
    "timestamp": "unknown"
  },
  {
    "title": "Nov ,Tvardi Therapeutics to Participate in the Piper Sandler 37th Annual Healthcare ConferenceHOUSTON --(BUSINESS WIRE)--Nov. , -- Tvardi Therapeutics",
    "link": "https://ir.tvarditherapeutics.com/news-releases/news-release-details/tvardi-therapeutics-participate-piper-sandler-37th-annual",
    "timestamp": "unknown"
  },
  {
    "title": "Nov ,Tvardi Therapeutics to Participate in the Piper Sandler 37th Annual Healthcare ConferenceHOUSTON --(BUSINESS WIRE)--Nov. , -- Tvardi Therapeutics",
    "link": "https://ir.tvarditherapeutics.com/news-releases/news-release-details/tvardi-therapeutics-participate-piper-sandler-37th-annual",
    "timestamp": "unknown"
  },
  {
    "title": "Nov ,Tvardi Therapeutics to Participate in the Piper Sandler 37th Annual Healthcare ConferenceHOUSTON --(BUSINESS WIRE)--Nov. , -- Tvardi Therapeutics",
    "link": "https://ir.tvarditherapeutics.com/news-releases/news-release-details/tvardi-therapeutics-participate-piper-sandler-37th-annual",
    "timestamp": "unknown"
  },
  {
    "title": "Nov ,Tvardi Therapeutics to Participate in the Piper Sandler 37th Annual Healthcare ConferenceHOUSTON --(BUSINESS WIRE)--Nov. , -- Tvardi Therapeutics",
    "link": "https://ir.tvarditherapeutics.com/news-releases/news-release-details/tvardi-therapeutics-participate-piper-sandler-37th-annual",
    "timestamp": "unknown"
  },
  {
    "title": "Nov ,Tvardi Therapeutics to Participate in the Piper Sandler 37th Annual Healthcare ConferenceHOUSTON --(BUSINESS WIRE)--Nov. , -- Tvardi Therapeutics",
    "link": "https://ir.tvarditherapeutics.com/news-releases/news-release-details/tvardi-therapeutics-participate-piper-sandler-37th-annual",
    "timestamp": "unknown"
  },
  {
    "title": "Tvardi Therapeutics to Participate in the Piper Sandler 37th Annual Healthcare Conference",
    "link": "https://ir.tvarditherapeutics.com/news-releases/news-release-details/tvardi-therapeutics-participate-piper-sandler-37th-annual",
    "timestamp": "unknown"
  },
  {
    "title": "PDF VersionRead More",
    "link": "https://ir.tvarditherapeutics.com/node//pdf",
    "timestamp": "unknown"
  },
  {
    "title": "PDF Version",
    "link": "https://ir.tvarditherapeutics.com/node//pdf",
    "timestamp": "unknown"
  },
  {
    "title": "PDF Version",
    "link": "https://ir.tvarditherapeutics.com/node//pdf",
    "timestamp": "unknown"
  },
  {
    "title": "PDF Version",
    "link": "https://ir.tvarditherapeutics.com/node//pdf",
    "timestamp": "unknown"
  },
  {
    "title": "Read More",
    "link": "https://ir.tvarditherapeutics.com/news-releases/news-release-details/tvardi-therapeutics-participate-piper-sandler-37th-annual",
    "timestamp": "unknown"
  },
  {
    "title": "Read More",
    "link": "https://ir.tvarditherapeutics.com/news-releases/news-release-details/tvardi-therapeutics-participate-piper-sandler-37th-annual",
    "timestamp": "unknown"
  },
  {
    "title": "Nov ,Tvardi Therapeutics Announces Third Quarter  Results and Provides Business UpdateOn track for topline data from Phase  trial of TTI- in hepatocel",
    "link": "https://ir.tvarditherapeutics.com/news-releases/news-release-details/tvardi-therapeutics-announces-third-quarter--results-and",
    "timestamp": "unknown"
  },
  {
    "title": "Nov ,Tvardi Therapeutics Announces Third Quarter  Results and Provides Business UpdateOn track for topline data from Phase  trial of TTI- in hepatocel",
    "link": "https://ir.tvarditherapeutics.com/news-releases/news-release-details/tvardi-therapeutics-announces-third-quarter--results-and",
    "timestamp": "unknown"
  },
  {
    "title": "Nov ,Tvardi Therapeutics Announces Third Quarter  Results and Provides Business UpdateOn track for topline data from Phase  trial of TTI- in hepatocel",
    "link": "https://ir.tvarditherapeutics.com/news-releases/news-release-details/tvardi-therapeutics-announces-third-quarter--results-and",
    "timestamp": "unknown"
  },
  {
    "title": "Nov ,Tvardi Therapeutics Announces Third Quarter  Results and Provides Business UpdateOn track for topline data from Phase  trial of TTI- in hepatocel",
    "link": "https://ir.tvarditherapeutics.com/news-releases/news-release-details/tvardi-therapeutics-announces-third-quarter--results-and",
    "timestamp": "unknown"
  },
  {
    "title": "Nov ,Tvardi Therapeutics Announces Third Quarter  Results and Provides Business UpdateOn track for topline data from Phase  trial of TTI- in hepatocel",
    "link": "https://ir.tvarditherapeutics.com/news-releases/news-release-details/tvardi-therapeutics-announces-third-quarter--results-and",
    "timestamp": "unknown"
  },
  {
    "title": "Tvardi Therapeutics Announces Third Quarter  Results and Provides Business Update",
    "link": "https://ir.tvarditherapeutics.com/news-releases/news-release-details/tvardi-therapeutics-announces-third-quarter--results-and",
    "timestamp": "unknown"
  },
  {
    "title": "PDF VersionRead More",
    "link": "https://ir.tvarditherapeutics.com/node//pdf",
    "timestamp": "unknown"
  },
  {
    "title": "PDF Version",
    "link": "https://ir.tvarditherapeutics.com/node//pdf",
    "timestamp": "unknown"
  },
  {
    "title": "PDF Version",
    "link": "https://ir.tvarditherapeutics.com/node//pdf",
    "timestamp": "unknown"
  },
  {
    "title": "PDF Version",
    "link": "https://ir.tvarditherapeutics.com/node//pdf",
    "timestamp": "unknown"
  },
  {
    "title": "Read More",
    "link": "https://ir.tvarditherapeutics.com/news-releases/news-release-details/tvardi-therapeutics-announces-third-quarter--results-and",
    "timestamp": "unknown"
  },
  {
    "title": "Read More",
    "link": "https://ir.tvarditherapeutics.com/news-releases/news-release-details/tvardi-therapeutics-announces-third-quarter--results-and",
    "timestamp": "unknown"
  },
  {
    "title": "Nov ,Tvardi Therapeutics to Participate in the Jefferies Global Healthcare Conference in LondonHOUSTON --(BUSINESS WIRE)--Nov. , -- Tvardi Therapeutic",
    "link": "https://ir.tvarditherapeutics.com/news-releases/news-release-details/tvardi-therapeutics-participate-jefferies-global-healthcare",
    "timestamp": "unknown"
  },
  {
    "title": "Nov ,Tvardi Therapeutics to Participate in the Jefferies Global Healthcare Conference in LondonHOUSTON --(BUSINESS WIRE)--Nov. , -- Tvardi Therapeutic",
    "link": "https://ir.tvarditherapeutics.com/news-releases/news-release-details/tvardi-therapeutics-participate-jefferies-global-healthcare",
    "timestamp": "unknown"
  },
  {
    "title": "Nov ,Tvardi Therapeutics to Participate in the Jefferies Global Healthcare Conference in LondonHOUSTON --(BUSINESS WIRE)--Nov. , -- Tvardi Therapeutic",
    "link": "https://ir.tvarditherapeutics.com/news-releases/news-release-details/tvardi-therapeutics-participate-jefferies-global-healthcare",
    "timestamp": "unknown"
  },
  {
    "title": "Nov ,Tvardi Therapeutics to Participate in the Jefferies Global Healthcare Conference in LondonHOUSTON --(BUSINESS WIRE)--Nov. , -- Tvardi Therapeutic",
    "link": "https://ir.tvarditherapeutics.com/news-releases/news-release-details/tvardi-therapeutics-participate-jefferies-global-healthcare",
    "timestamp": "unknown"
  },
  {
    "title": "Nov ,Tvardi Therapeutics to Participate in the Jefferies Global Healthcare Conference in LondonHOUSTON --(BUSINESS WIRE)--Nov. , -- Tvardi Therapeutic",
    "link": "https://ir.tvarditherapeutics.com/news-releases/news-release-details/tvardi-therapeutics-participate-jefferies-global-healthcare",
    "timestamp": "unknown"
  },
  {
    "title": "Tvardi Therapeutics to Participate in the Jefferies Global Healthcare Conference in London",
    "link": "https://ir.tvarditherapeutics.com/news-releases/news-release-details/tvardi-therapeutics-participate-jefferies-global-healthcare",
    "timestamp": "unknown"
  },
  {
    "title": "PDF VersionRead More",
    "link": "https://ir.tvarditherapeutics.com/node//pdf",
    "timestamp": "unknown"
  },
  {
    "title": "PDF Version",
    "link": "https://ir.tvarditherapeutics.com/node//pdf",
    "timestamp": "unknown"
  },
  {
    "title": "PDF Version",
    "link": "https://ir.tvarditherapeutics.com/node//pdf",
    "timestamp": "unknown"
  },
  {
    "title": "PDF Version",
    "link": "https://ir.tvarditherapeutics.com/node//pdf",
    "timestamp": "unknown"
  },
  {
    "title": "Read More",
    "link": "https://ir.tvarditherapeutics.com/news-releases/news-release-details/tvardi-therapeutics-participate-jefferies-global-healthcare",
    "timestamp": "unknown"
  },
  {
    "title": "Read More",
    "link": "https://ir.tvarditherapeutics.com/news-releases/news-release-details/tvardi-therapeutics-participate-jefferies-global-healthcare",
    "timestamp": "unknown"
  },
  {
    "title": "Oct ,Tvardi Therapeutics Provides Update on Preliminary Data from Phase  REVERT Trial in Idiopathic Pulmonary FibrosisHOUSTON --(BUSINESS WIRE)--Oct. ",
    "link": "https://ir.tvarditherapeutics.com/news-releases/news-release-details/tvardi-therapeutics-provides-update-preliminary-data-phase-",
    "timestamp": "unknown"
  },
  {
    "title": "Oct ,Tvardi Therapeutics Provides Update on Preliminary Data from Phase  REVERT Trial in Idiopathic Pulmonary FibrosisHOUSTON --(BUSINESS WIRE)--Oct. ",
    "link": "https://ir.tvarditherapeutics.com/news-releases/news-release-details/tvardi-therapeutics-provides-update-preliminary-data-phase-",
    "timestamp": "unknown"
  },
  {
    "title": "Oct ,Tvardi Therapeutics Provides Update on Preliminary Data from Phase  REVERT Trial in Idiopathic Pulmonary FibrosisHOUSTON --(BUSINESS WIRE)--Oct. ",
    "link": "https://ir.tvarditherapeutics.com/news-releases/news-release-details/tvardi-therapeutics-provides-update-preliminary-data-phase-",
    "timestamp": "unknown"
  },
  {
    "title": "Oct ,Tvardi Therapeutics Provides Update on Preliminary Data from Phase  REVERT Trial in Idiopathic Pulmonary FibrosisHOUSTON --(BUSINESS WIRE)--Oct. ",
    "link": "https://ir.tvarditherapeutics.com/news-releases/news-release-details/tvardi-therapeutics-provides-update-preliminary-data-phase-",
    "timestamp": "unknown"
  },
  {
    "title": "Oct ,Tvardi Therapeutics Provides Update on Preliminary Data from Phase  REVERT Trial in Idiopathic Pulmonary FibrosisHOUSTON --(BUSINESS WIRE)--Oct. ",
    "link": "https://ir.tvarditherapeutics.com/news-releases/news-release-details/tvardi-therapeutics-provides-update-preliminary-data-phase-",
    "timestamp": "unknown"
  },
  {
    "title": "Tvardi Therapeutics Provides Update on Preliminary Data from Phase  REVERT Trial in Idiopathic Pulmonary Fibrosis",
    "link": "https://ir.tvarditherapeutics.com/news-releases/news-release-details/tvardi-therapeutics-provides-update-preliminary-data-phase-",
    "timestamp": "unknown"
  },
  {
    "title": "PDF VersionRead More",
    "link": "https://ir.tvarditherapeutics.com/node//pdf",
    "timestamp": "unknown"
  },
  {
    "title": "PDF Version",
    "link": "https://ir.tvarditherapeutics.com/node//pdf",
    "timestamp": "unknown"
  },
  {
    "title": "PDF Version",
    "link": "https://ir.tvarditherapeutics.com/node//pdf",
    "timestamp": "unknown"
  },
  {
    "title": "PDF Version",
    "link": "https://ir.tvarditherapeutics.com/node//pdf",
    "timestamp": "unknown"
  },
  {
    "title": "Read More",
    "link": "https://ir.tvarditherapeutics.com/news-releases/news-release-details/tvardi-therapeutics-provides-update-preliminary-data-phase-",
    "timestamp": "unknown"
  },
  {
    "title": "Read More",
    "link": "https://ir.tvarditherapeutics.com/news-releases/news-release-details/tvardi-therapeutics-provides-update-preliminary-data-phase-",
    "timestamp": "unknown"
  },
  {
    "title": "Aug ,Tvardi Therapeutics to Participate in the Cantor Global Healthcare ConferenceHOUSTON --(BUSINESS WIRE)--Aug. , -- Tvardi Therapeutics, Inc. (\u201cTva",
    "link": "https://ir.tvarditherapeutics.com/news-releases/news-release-details/tvardi-therapeutics-participate-cantor-global-healthcare",
    "timestamp": "unknown"
  },
  {
    "title": "Aug ,Tvardi Therapeutics to Participate in the Cantor Global Healthcare ConferenceHOUSTON --(BUSINESS WIRE)--Aug. , -- Tvardi Therapeutics, Inc. (\u201cTva",
    "link": "https://ir.tvarditherapeutics.com/news-releases/news-release-details/tvardi-therapeutics-participate-cantor-global-healthcare",
    "timestamp": "unknown"
  },
  {
    "title": "Aug ,Tvardi Therapeutics to Participate in the Cantor Global Healthcare ConferenceHOUSTON --(BUSINESS WIRE)--Aug. , -- Tvardi Therapeutics, Inc. (\u201cTva",
    "link": "https://ir.tvarditherapeutics.com/news-releases/news-release-details/tvardi-therapeutics-participate-cantor-global-healthcare",
    "timestamp": "unknown"
  },
  {
    "title": "Aug ,Tvardi Therapeutics to Participate in the Cantor Global Healthcare ConferenceHOUSTON --(BUSINESS WIRE)--Aug. , -- Tvardi Therapeutics, Inc. (\u201cTva",
    "link": "https://ir.tvarditherapeutics.com/news-releases/news-release-details/tvardi-therapeutics-participate-cantor-global-healthcare",
    "timestamp": "unknown"
  },
  {
    "title": "Aug ,Tvardi Therapeutics to Participate in the Cantor Global Healthcare ConferenceHOUSTON --(BUSINESS WIRE)--Aug. , -- Tvardi Therapeutics, Inc. (\u201cTva",
    "link": "https://ir.tvarditherapeutics.com/news-releases/news-release-details/tvardi-therapeutics-participate-cantor-global-healthcare",
    "timestamp": "unknown"
  },
  {
    "title": "Tvardi Therapeutics to Participate in the Cantor Global Healthcare Conference",
    "link": "https://ir.tvarditherapeutics.com/news-releases/news-release-details/tvardi-therapeutics-participate-cantor-global-healthcare",
    "timestamp": "unknown"
  },
  {
    "title": "PDF VersionRead More",
    "link": "https://ir.tvarditherapeutics.com/node//pdf",
    "timestamp": "unknown"
  },
  {
    "title": "PDF Version",
    "link": "https://ir.tvarditherapeutics.com/node//pdf",
    "timestamp": "unknown"
  },
  {
    "title": "PDF Version",
    "link": "https://ir.tvarditherapeutics.com/node//pdf",
    "timestamp": "unknown"
  },
  {
    "title": "PDF Version",
    "link": "https://ir.tvarditherapeutics.com/node//pdf",
    "timestamp": "unknown"
  },
  {
    "title": "Read More",
    "link": "https://ir.tvarditherapeutics.com/news-releases/news-release-details/tvardi-therapeutics-participate-cantor-global-healthcare",
    "timestamp": "unknown"
  },
  {
    "title": "Read More",
    "link": "https://ir.tvarditherapeutics.com/news-releases/news-release-details/tvardi-therapeutics-participate-cantor-global-healthcare",
    "timestamp": "unknown"
  },
  {
    "title": "Aug ,Tvardi Therapeutics Announces Second Quarter  Results and Provides Business UpdateOn track for multiple Phase  data readouts with STAT3 inhibitor",
    "link": "https://ir.tvarditherapeutics.com/news-releases/news-release-details/tvardi-therapeutics-announces-second-quarter--results-and",
    "timestamp": "unknown"
  },
  {
    "title": "Aug ,Tvardi Therapeutics Announces Second Quarter  Results and Provides Business UpdateOn track for multiple Phase  data readouts with STAT3 inhibitor",
    "link": "https://ir.tvarditherapeutics.com/news-releases/news-release-details/tvardi-therapeutics-announces-second-quarter--results-and",
    "timestamp": "unknown"
  },
  {
    "title": "Aug ,Tvardi Therapeutics Announces Second Quarter  Results and Provides Business UpdateOn track for multiple Phase  data readouts with STAT3 inhibitor",
    "link": "https://ir.tvarditherapeutics.com/news-releases/news-release-details/tvardi-therapeutics-announces-second-quarter--results-and",
    "timestamp": "unknown"
  },
  {
    "title": "Aug ,Tvardi Therapeutics Announces Second Quarter  Results and Provides Business UpdateOn track for multiple Phase  data readouts with STAT3 inhibitor",
    "link": "https://ir.tvarditherapeutics.com/news-releases/news-release-details/tvardi-therapeutics-announces-second-quarter--results-and",
    "timestamp": "unknown"
  },
  {
    "title": "Aug ,Tvardi Therapeutics Announces Second Quarter  Results and Provides Business UpdateOn track for multiple Phase  data readouts with STAT3 inhibitor",
    "link": "https://ir.tvarditherapeutics.com/news-releases/news-release-details/tvardi-therapeutics-announces-second-quarter--results-and",
    "timestamp": "unknown"
  },
  {
    "title": "Tvardi Therapeutics Announces Second Quarter  Results and Provides Business Update",
    "link": "https://ir.tvarditherapeutics.com/news-releases/news-release-details/tvardi-therapeutics-announces-second-quarter--results-and",
    "timestamp": "unknown"
  },
  {
    "title": "PDF VersionRead More",
    "link": "https://ir.tvarditherapeutics.com/node//pdf",
    "timestamp": "unknown"
  },
  {
    "title": "PDF Version",
    "link": "https://ir.tvarditherapeutics.com/node//pdf",
    "timestamp": "unknown"
  },
  {
    "title": "PDF Version",
    "link": "https://ir.tvarditherapeutics.com/node//pdf",
    "timestamp": "unknown"
  },
  {
    "title": "PDF Version",
    "link": "https://ir.tvarditherapeutics.com/node//pdf",
    "timestamp": "unknown"
  },
  {
    "title": "Read More",
    "link": "https://ir.tvarditherapeutics.com/news-releases/news-release-details/tvardi-therapeutics-announces-second-quarter--results-and",
    "timestamp": "unknown"
  },
  {
    "title": "Read More",
    "link": "https://ir.tvarditherapeutics.com/news-releases/news-release-details/tvardi-therapeutics-announces-second-quarter--results-and",
    "timestamp": "unknown"
  },
  {
    "title": "Jul ,Tvardi Therapeutics to Participate in the BTIG Virtual Biotechnology ConferenceHOUSTON --(BUSINESS WIRE)--Jul. , -- Tvardi Therapeutics, Inc. (\u201cT",
    "link": "https://ir.tvarditherapeutics.com/news-releases/news-release-details/tvardi-therapeutics-participate-btig-virtual-biotechnology",
    "timestamp": "unknown"
  },
  {
    "title": "Jul ,Tvardi Therapeutics to Participate in the BTIG Virtual Biotechnology ConferenceHOUSTON --(BUSINESS WIRE)--Jul. , -- Tvardi Therapeutics, Inc. (\u201cT",
    "link": "https://ir.tvarditherapeutics.com/news-releases/news-release-details/tvardi-therapeutics-participate-btig-virtual-biotechnology",
    "timestamp": "unknown"
  },
  {
    "title": "Jul ,Tvardi Therapeutics to Participate in the BTIG Virtual Biotechnology ConferenceHOUSTON --(BUSINESS WIRE)--Jul. , -- Tvardi Therapeutics, Inc. (\u201cT",
    "link": "https://ir.tvarditherapeutics.com/news-releases/news-release-details/tvardi-therapeutics-participate-btig-virtual-biotechnology",
    "timestamp": "unknown"
  },
  {
    "title": "Jul ,Tvardi Therapeutics to Participate in the BTIG Virtual Biotechnology ConferenceHOUSTON --(BUSINESS WIRE)--Jul. , -- Tvardi Therapeutics, Inc. (\u201cT",
    "link": "https://ir.tvarditherapeutics.com/news-releases/news-release-details/tvardi-therapeutics-participate-btig-virtual-biotechnology",
    "timestamp": "unknown"
  },
  {
    "title": "Jul ,Tvardi Therapeutics to Participate in the BTIG Virtual Biotechnology ConferenceHOUSTON --(BUSINESS WIRE)--Jul. , -- Tvardi Therapeutics, Inc. (\u201cT",
    "link": "https://ir.tvarditherapeutics.com/news-releases/news-release-details/tvardi-therapeutics-participate-btig-virtual-biotechnology",
    "timestamp": "unknown"
  },
  {
    "title": "Tvardi Therapeutics to Participate in the BTIG Virtual Biotechnology Conference",
    "link": "https://ir.tvarditherapeutics.com/news-releases/news-release-details/tvardi-therapeutics-participate-btig-virtual-biotechnology",
    "timestamp": "unknown"
  },
  {
    "title": "PDF VersionRead More",
    "link": "https://ir.tvarditherapeutics.com/node//pdf",
    "timestamp": "unknown"
  },
  {
    "title": "PDF Version",
    "link": "https://ir.tvarditherapeutics.com/node//pdf",
    "timestamp": "unknown"
  },
  {
    "title": "PDF Version",
    "link": "https://ir.tvarditherapeutics.com/node//pdf",
    "timestamp": "unknown"
  },
  {
    "title": "PDF Version",
    "link": "https://ir.tvarditherapeutics.com/node//pdf",
    "timestamp": "unknown"
  },
  {
    "title": "Read More",
    "link": "https://ir.tvarditherapeutics.com/news-releases/news-release-details/tvardi-therapeutics-participate-btig-virtual-biotechnology",
    "timestamp": "unknown"
  },
  {
    "title": "Read More",
    "link": "https://ir.tvarditherapeutics.com/news-releases/news-release-details/tvardi-therapeutics-participate-btig-virtual-biotechnology",
    "timestamp": "unknown"
  },
  {
    "title": "May ,Tvardi Therapeutics Announces Completion of Enrollment in Phase  Clinical Trial of TTI- in Idiopathic Pulmonary FibrosisTopline data from the REV",
    "link": "https://ir.tvarditherapeutics.com/news-releases/news-release-details/tvardi-therapeutics-announces-completion-enrollment-phase-",
    "timestamp": "unknown"
  },
  {
    "title": "May ,Tvardi Therapeutics Announces Completion of Enrollment in Phase  Clinical Trial of TTI- in Idiopathic Pulmonary FibrosisTopline data from the REV",
    "link": "https://ir.tvarditherapeutics.com/news-releases/news-release-details/tvardi-therapeutics-announces-completion-enrollment-phase-",
    "timestamp": "unknown"
  },
  {
    "title": "May ,Tvardi Therapeutics Announces Completion of Enrollment in Phase  Clinical Trial of TTI- in Idiopathic Pulmonary FibrosisTopline data from the REV",
    "link": "https://ir.tvarditherapeutics.com/news-releases/news-release-details/tvardi-therapeutics-announces-completion-enrollment-phase-",
    "timestamp": "unknown"
  },
  {
    "title": "May ,Tvardi Therapeutics Announces Completion of Enrollment in Phase  Clinical Trial of TTI- in Idiopathic Pulmonary FibrosisTopline data from the REV",
    "link": "https://ir.tvarditherapeutics.com/news-releases/news-release-details/tvardi-therapeutics-announces-completion-enrollment-phase-",
    "timestamp": "unknown"
  },
  {
    "title": "May ,Tvardi Therapeutics Announces Completion of Enrollment in Phase  Clinical Trial of TTI- in Idiopathic Pulmonary FibrosisTopline data from the REV",
    "link": "https://ir.tvarditherapeutics.com/news-releases/news-release-details/tvardi-therapeutics-announces-completion-enrollment-phase-",
    "timestamp": "unknown"
  },
  {
    "title": "Tvardi Therapeutics Announces Completion of Enrollment in Phase  Clinical Trial of TTI- in Idiopathic Pulmonary Fibrosis",
    "link": "https://ir.tvarditherapeutics.com/news-releases/news-release-details/tvardi-therapeutics-announces-completion-enrollment-phase-",
    "timestamp": "unknown"
  },
  {
    "title": "PDF VersionRead More",
    "link": "https://ir.tvarditherapeutics.com/node//pdf",
    "timestamp": "unknown"
  },
  {
    "title": "PDF Version",
    "link": "https://ir.tvarditherapeutics.com/node//pdf",
    "timestamp": "unknown"
  },
  {
    "title": "PDF Version",
    "link": "https://ir.tvarditherapeutics.com/node//pdf",
    "timestamp": "unknown"
  },
  {
    "title": "PDF Version",
    "link": "https://ir.tvarditherapeutics.com/node//pdf",
    "timestamp": "unknown"
  },
  {
    "title": "Read More",
    "link": "https://ir.tvarditherapeutics.com/news-releases/news-release-details/tvardi-therapeutics-announces-completion-enrollment-phase-",
    "timestamp": "unknown"
  },
  {
    "title": "Read More",
    "link": "https://ir.tvarditherapeutics.com/news-releases/news-release-details/tvardi-therapeutics-announces-completion-enrollment-phase-",
    "timestamp": "unknown"
  },
  {
    "title": "May ,Tvardi Therapeutics to Participate in Upcoming Investor ConferencesHOUSTON --(BUSINESS WIRE)--May , -- Tvardi Therapeutics, Inc. (\u201cTvardi\u201d) (NASD",
    "link": "https://ir.tvarditherapeutics.com/news-releases/news-release-details/tvardi-therapeutics-participate-upcoming-investor-conferences",
    "timestamp": "unknown"
  },
  {
    "title": "May ,Tvardi Therapeutics to Participate in Upcoming Investor ConferencesHOUSTON --(BUSINESS WIRE)--May , -- Tvardi Therapeutics, Inc. (\u201cTvardi\u201d) (NASD",
    "link": "https://ir.tvarditherapeutics.com/news-releases/news-release-details/tvardi-therapeutics-participate-upcoming-investor-conferences",
    "timestamp": "unknown"
  },
  {
    "title": "May ,Tvardi Therapeutics to Participate in Upcoming Investor ConferencesHOUSTON --(BUSINESS WIRE)--May , -- Tvardi Therapeutics, Inc. (\u201cTvardi\u201d) (NASD",
    "link": "https://ir.tvarditherapeutics.com/news-releases/news-release-details/tvardi-therapeutics-participate-upcoming-investor-conferences",
    "timestamp": "unknown"
  },
  {
    "title": "May ,Tvardi Therapeutics to Participate in Upcoming Investor ConferencesHOUSTON --(BUSINESS WIRE)--May , -- Tvardi Therapeutics, Inc. (\u201cTvardi\u201d) (NASD",
    "link": "https://ir.tvarditherapeutics.com/news-releases/news-release-details/tvardi-therapeutics-participate-upcoming-investor-conferences",
    "timestamp": "unknown"
  },
  {
    "title": "May ,Tvardi Therapeutics to Participate in Upcoming Investor ConferencesHOUSTON --(BUSINESS WIRE)--May , -- Tvardi Therapeutics, Inc. (\u201cTvardi\u201d) (NASD",
    "link": "https://ir.tvarditherapeutics.com/news-releases/news-release-details/tvardi-therapeutics-participate-upcoming-investor-conferences",
    "timestamp": "unknown"
  },
  {
    "title": "Tvardi Therapeutics to Participate in Upcoming Investor Conferences",
    "link": "https://ir.tvarditherapeutics.com/news-releases/news-release-details/tvardi-therapeutics-participate-upcoming-investor-conferences",
    "timestamp": "unknown"
  },
  {
    "title": "PDF VersionRead More",
    "link": "https://ir.tvarditherapeutics.com/node//pdf",
    "timestamp": "unknown"
  },
  {
    "title": "PDF Version",
    "link": "https://ir.tvarditherapeutics.com/node//pdf",
    "timestamp": "unknown"
  },
  {
    "title": "PDF Version",
    "link": "https://ir.tvarditherapeutics.com/node//pdf",
    "timestamp": "unknown"
  },
  {
    "title": "PDF Version",
    "link": "https://ir.tvarditherapeutics.com/node//pdf",
    "timestamp": "unknown"
  },
  {
    "title": "Read More",
    "link": "https://ir.tvarditherapeutics.com/news-releases/news-release-details/tvardi-therapeutics-participate-upcoming-investor-conferences",
    "timestamp": "unknown"
  },
  {
    "title": "Read More",
    "link": "https://ir.tvarditherapeutics.com/news-releases/news-release-details/tvardi-therapeutics-participate-upcoming-investor-conferences",
    "timestamp": "unknown"
  },
  {
    "title": "May ,Tvardi Therapeutics Announces First Quarter  Results and Provides Business UpdateCompleted merger with Cara Therapeutics ; cash, cash equivalents",
    "link": "https://ir.tvarditherapeutics.com/news-releases/news-release-details/tvardi-therapeutics-announces-first-quarter--results-and",
    "timestamp": "unknown"
  },
  {
    "title": "May ,Tvardi Therapeutics Announces First Quarter  Results and Provides Business UpdateCompleted merger with Cara Therapeutics ; cash, cash equivalents",
    "link": "https://ir.tvarditherapeutics.com/news-releases/news-release-details/tvardi-therapeutics-announces-first-quarter--results-and",
    "timestamp": "unknown"
  },
  {
    "title": "May ,Tvardi Therapeutics Announces First Quarter  Results and Provides Business UpdateCompleted merger with Cara Therapeutics ; cash, cash equivalents",
    "link": "https://ir.tvarditherapeutics.com/news-releases/news-release-details/tvardi-therapeutics-announces-first-quarter--results-and",
    "timestamp": "unknown"
  },
  {
    "title": "May ,Tvardi Therapeutics Announces First Quarter  Results and Provides Business UpdateCompleted merger with Cara Therapeutics ; cash, cash equivalents",
    "link": "https://ir.tvarditherapeutics.com/news-releases/news-release-details/tvardi-therapeutics-announces-first-quarter--results-and",
    "timestamp": "unknown"
  },
  {
    "title": "May ,Tvardi Therapeutics Announces First Quarter  Results and Provides Business UpdateCompleted merger with Cara Therapeutics ; cash, cash equivalents",
    "link": "https://ir.tvarditherapeutics.com/news-releases/news-release-details/tvardi-therapeutics-announces-first-quarter--results-and",
    "timestamp": "unknown"
  },
  {
    "title": "Tvardi Therapeutics Announces First Quarter  Results and Provides Business Update",
    "link": "https://ir.tvarditherapeutics.com/news-releases/news-release-details/tvardi-therapeutics-announces-first-quarter--results-and",
    "timestamp": "unknown"
  },
  {
    "title": "PDF VersionRead More",
    "link": "https://ir.tvarditherapeutics.com/node//pdf",
    "timestamp": "unknown"
  },
  {
    "title": "PDF Version",
    "link": "https://ir.tvarditherapeutics.com/node//pdf",
    "timestamp": "unknown"
  },
  {
    "title": "PDF Version",
    "link": "https://ir.tvarditherapeutics.com/node//pdf",
    "timestamp": "unknown"
  },
  {
    "title": "PDF Version",
    "link": "https://ir.tvarditherapeutics.com/node//pdf",
    "timestamp": "unknown"
  },
  {
    "title": "Read More",
    "link": "https://ir.tvarditherapeutics.com/news-releases/news-release-details/tvardi-therapeutics-announces-first-quarter--results-and",
    "timestamp": "unknown"
  },
  {
    "title": "Read More",
    "link": "https://ir.tvarditherapeutics.com/news-releases/news-release-details/tvardi-therapeutics-announces-first-quarter--results-and",
    "timestamp": "unknown"
  },
  {
    "title": "Current pagePageNext page\u203aLast page\u00bbDisplaying  -  of",
    "link": "https://ir.tvarditherapeutics.com/press-releases?page=",
    "timestamp": "unknown"
  },
  {
    "title": "Current pagePageNext page\u203aLast page\u00bb",
    "link": "https://ir.tvarditherapeutics.com/press-releases?page=",
    "timestamp": "unknown"
  },
  {
    "title": "Current pagePageNext page\u203aLast page\u00bb",
    "link": "https://ir.tvarditherapeutics.com/press-releases?page=",
    "timestamp": "unknown"
  },
  {
    "title": "Current page",
    "link": "https://ir.tvarditherapeutics.com/press-releases?page=",
    "timestamp": "unknown"
  },
  {
    "title": "Page",
    "link": "https://ir.tvarditherapeutics.com/press-releases?page=",
    "timestamp": "unknown"
  },
  {
    "title": "Next page\u203a",
    "link": "https://ir.tvarditherapeutics.com/press-releases?page=",
    "timestamp": "unknown"
  },
  {
    "title": "Last page\u00bb",
    "link": "https://ir.tvarditherapeutics.com/press-releases?page=",
    "timestamp": "unknown"
  },
  {
    "title": "Email Alerts",
    "link": "https://ir.tvarditherapeutics.com/email-alerts",
    "timestamp": "unknown"
  },
  {
    "title": "Email Alerts",
    "link": "https://ir.tvarditherapeutics.com/email-alerts",
    "timestamp": "unknown"
  },
  {
    "title": "AboutScienceClinical TrialsInvestorsContactFCOIPrivacy PolicyTerms of UseLinkedInTwitterTvardi Therapeutics \u00a9Scroll to Top",
    "link": "https://tvarditherapeutics.com/",
    "timestamp": "unknown"
  },
  {
    "title": "AboutScienceClinical TrialsInvestorsContactFCOIPrivacy PolicyTerms of UseLinkedInTwitterTvardi Therapeutics \u00a9",
    "link": "https://tvarditherapeutics.com/",
    "timestamp": "unknown"
  },
  {
    "title": "AboutScienceClinical TrialsInvestorsContactFCOIPrivacy PolicyTerms of Use",
    "link": "https://tvarditherapeutics.com/company-overview/",
    "timestamp": "unknown"
  },
  {
    "title": "AboutScienceClinical TrialsInvestorsContactFCOIPrivacy PolicyTerms of Use",
    "link": "https://tvarditherapeutics.com/company-overview/",
    "timestamp": "unknown"
  },
  {
    "title": "About",
    "link": "https://tvarditherapeutics.com/company-overview/",
    "timestamp": "unknown"
  },
  {
    "title": "Science",
    "link": "https://tvarditherapeutics.com/science/",
    "timestamp": "unknown"
  },
  {
    "title": "Clinical Trials",
    "link": "https://tvarditherapeutics.com/clinical-trials-overview/",
    "timestamp": "unknown"
  },
  {
    "title": "Investors",
    "link": "https://ir.tvarditherapeutics.com/investor-relations",
    "timestamp": "unknown"
  },
  {
    "title": "Contact",
    "link": "https://tvarditherapeutics.com/contact/",
    "timestamp": "unknown"
  },
  {
    "title": "FCOI",
    "link": "https://tvarditherapeutics.com/fcio/",
    "timestamp": "unknown"
  },
  {
    "title": "Privacy Policy",
    "link": "https://tvarditherapeutics.com/privacy-policy/",
    "timestamp": "unknown"
  },
  {
    "title": "Terms of Use",
    "link": "https://tvarditherapeutics.com/terms-of-use/",
    "timestamp": "unknown"
  },
  {
    "title": "LinkedInTwitter",
    "link": "https://www.linkedin.com/company/tvardi/about",
    "timestamp": "unknown"
  },
  {
    "title": "LinkedInTwitter",
    "link": "https://www.linkedin.com/company/tvardi/about",
    "timestamp": "unknown"
  },
  {
    "title": "LinkedInTwitter",
    "link": "https://www.linkedin.com/company/tvardi/about",
    "timestamp": "unknown"
  },
  {
    "title": "LinkedInTwitter",
    "link": "https://www.linkedin.com/company/tvardi/about",
    "timestamp": "unknown"
  },
  {
    "title": "Accept & Close",
    "link": "https://ir.tvarditherapeutics.com/press-releases#elementor-action%3Aaction%3Dpopup%3Aclose%26settings%3DeyJkb19ub3Rfc2hvd19hZ2FpbiI6InllcyJ9",
    "timestamp": "unknown"
  },
  {
    "title": "Accept & Close",
    "link": "https://ir.tvarditherapeutics.com/press-releases#elementor-action%3Aaction%3Dpopup%3Aclose%26settings%3DeyJkb19ub3Rfc2hvd19hZ2FpbiI6InllcyJ9",
    "timestamp": "unknown"
  },
  {
    "title": "Accept & Close",
    "link": "https://ir.tvarditherapeutics.com/press-releases#elementor-action%3Aaction%3Dpopup%3Aclose%26settings%3DeyJkb19ub3Rfc2hvd19hZ2FpbiI6InllcyJ9",
    "timestamp": "unknown"
  },
  {
    "title": "Accept & Close",
    "link": "https://ir.tvarditherapeutics.com/press-releases#elementor-action%3Aaction%3Dpopup%3Aclose%26settings%3DeyJkb19ub3Rfc2hvd19hZ2FpbiI6InllcyJ9",
    "timestamp": "unknown"
  },
  {
    "title": "Accept & Close",
    "link": "https://ir.tvarditherapeutics.com/press-releases#elementor-action%3Aaction%3Dpopup%3Aclose%26settings%3DeyJkb19ub3Rfc2hvd19hZ2FpbiI6InllcyJ9",
    "timestamp": "unknown"
  }
]