[
  {
    "title": "About usAbout United TherapeuticsLeadershipHistoryPioneersLocations & SubsidiariesEventsContact UsCorporateCorporate ResponsibilityPublic Benefit Corp",
    "link": "https://ir.unither.com/",
    "timestamp": "unknown"
  },
  {
    "title": "About usAbout United TherapeuticsLeadershipHistoryPioneersLocations & SubsidiariesEventsContact UsCorporateCorporate ResponsibilityPublic Benefit Corp",
    "link": "https://ir.unither.com/",
    "timestamp": "unknown"
  },
  {
    "title": "About usAbout United TherapeuticsLeadershipHistoryPioneersLocations & SubsidiariesEventsContact UsCorporateCorporate ResponsibilityPublic Benefit Corp",
    "link": "https://ir.unither.com/",
    "timestamp": "unknown"
  },
  {
    "title": "About usAbout United TherapeuticsLeadershipHistoryPioneersLocations & SubsidiariesEventsContact UsCorporateCorporate ResponsibilityPublic Benefit Corp",
    "link": "https://www.unither.com/about-us/leadership/",
    "timestamp": "unknown"
  },
  {
    "title": "About usAbout United TherapeuticsLeadershipHistoryPioneersLocations & SubsidiariesEventsContact UsCorporateCorporate ResponsibilityPublic Benefit Corp",
    "link": "https://www.unither.com/about-us/leadership/",
    "timestamp": "unknown"
  },
  {
    "title": "About United TherapeuticsLeadershipHistoryPioneersLocations & SubsidiariesEventsContact UsCorporateCorporate ResponsibilityPublic Benefit CorporationC",
    "link": "https://www.unither.com/about-us/leadership/",
    "timestamp": "unknown"
  },
  {
    "title": "About United TherapeuticsLeadershipHistoryPioneersLocations & SubsidiariesEventsContact UsCorporateCorporate ResponsibilityPublic Benefit CorporationC",
    "link": "https://www.unither.com/about-us/leadership/",
    "timestamp": "unknown"
  },
  {
    "title": "About United TherapeuticsLeadershipHistoryPioneersLocations & SubsidiariesEventsContact Us",
    "link": "https://www.unither.com/about-us/leadership/",
    "timestamp": "unknown"
  },
  {
    "title": "Leadership",
    "link": "https://www.unither.com/about-us/leadership/",
    "timestamp": "unknown"
  },
  {
    "title": "History",
    "link": "https://www.unither.com/about-us/history/",
    "timestamp": "unknown"
  },
  {
    "title": "Pioneers",
    "link": "https://www.unither.com/about-us/pioneers/",
    "timestamp": "unknown"
  },
  {
    "title": "Locations & Subsidiaries",
    "link": "https://www.unither.com/about-us/locations-and-subsidiaries/",
    "timestamp": "unknown"
  },
  {
    "title": "Events",
    "link": "https://www.unither.com/about-us/events/",
    "timestamp": "unknown"
  },
  {
    "title": "Contact Us",
    "link": "https://www.unither.com/about-us/contact-us/",
    "timestamp": "unknown"
  },
  {
    "title": "CorporateCorporate ResponsibilityPublic Benefit CorporationCorporate Giving",
    "link": "https://corporateresponsibility.unither.com",
    "timestamp": "unknown"
  },
  {
    "title": "Corporate Responsibility",
    "link": "https://corporateresponsibility.unither.com",
    "timestamp": "unknown"
  },
  {
    "title": "Public Benefit Corporation",
    "link": "https://www.unither.com/about-us/public-benefit-corporation",
    "timestamp": "unknown"
  },
  {
    "title": "Corporate Giving",
    "link": "https://www.unither.com/about-us/corporate-giving",
    "timestamp": "unknown"
  },
  {
    "title": "Research & MedicineOur MedicinesRemodulin\u00aeTyvaso\u00ae| Tyvaso DPI\u00aeOrenitram\u00aeAdcirca\u00aeUnituxin\u00aeEnd-Stage Lung DiseaseLBE \u00b0 Transplant Support ServiceScience",
    "link": "https://www.unither.com/research-and-medicine/remodulin/",
    "timestamp": "unknown"
  },
  {
    "title": "Our MedicinesRemodulin\u00aeTyvaso\u00ae| Tyvaso DPI\u00aeOrenitram\u00aeAdcirca\u00aeUnituxin\u00aeEnd-Stage Lung DiseaseLBE \u00b0 Transplant Support ServiceScienceTherapeutics AreasC",
    "link": "https://www.unither.com/research-and-medicine/remodulin/",
    "timestamp": "unknown"
  },
  {
    "title": "Our MedicinesRemodulin\u00aeTyvaso\u00ae| Tyvaso DPI\u00aeOrenitram\u00aeAdcirca\u00aeUnituxin\u00aeEnd-Stage Lung DiseaseLBE \u00b0 Transplant Support ServiceScienceTherapeutics AreasC",
    "link": "https://www.unither.com/research-and-medicine/remodulin/",
    "timestamp": "unknown"
  },
  {
    "title": "Our MedicinesRemodulin\u00aeTyvaso\u00ae| Tyvaso DPI\u00aeOrenitram\u00aeAdcirca\u00aeUnituxin\u00aeEnd-Stage Lung DiseaseLBE \u00b0 Transplant Support Service",
    "link": "https://www.unither.com/research-and-medicine/remodulin/",
    "timestamp": "unknown"
  },
  {
    "title": "Remodulin\u00ae",
    "link": "https://www.unither.com/research-and-medicine/remodulin/",
    "timestamp": "unknown"
  },
  {
    "title": "Tyvaso\u00ae| Tyvaso DPI\u00ae",
    "link": "https://www.unither.com/research-and-medicine/tyvaso/",
    "timestamp": "unknown"
  },
  {
    "title": "Orenitram\u00ae",
    "link": "https://www.unither.com/research-and-medicine/orenitram/",
    "timestamp": "unknown"
  },
  {
    "title": "Adcirca\u00ae",
    "link": "https://www.unither.com/research-and-medicine/adcirca",
    "timestamp": "unknown"
  },
  {
    "title": "Unituxin\u00ae",
    "link": "https://www.unither.com/research-and-medicine/unituxin",
    "timestamp": "unknown"
  },
  {
    "title": "LBE \u00b0 Transplant Support Service",
    "link": "https://www.unither.com/research-and-medicine/lung-bioengineering",
    "timestamp": "unknown"
  },
  {
    "title": "ScienceTherapeutics AreasClinical TrialsPipeline",
    "link": "https://www.unither.com/research-and-medicine/therapeutic-areas",
    "timestamp": "unknown"
  },
  {
    "title": "Therapeutics Areas",
    "link": "https://www.unither.com/research-and-medicine/therapeutic-areas",
    "timestamp": "unknown"
  },
  {
    "title": "Clinical Trials",
    "link": "https://www.unither.com/research-and-medicine/clinical-trials",
    "timestamp": "unknown"
  },
  {
    "title": "Pipeline",
    "link": "https://pipeline.unither.com/",
    "timestamp": "unknown"
  },
  {
    "title": "Medical ProfessionalsScience and Medical AffairsAbout Science and Medical AffairsScientific LibrarySponsorships and GrantsInvestigator Sponsored Studi",
    "link": "https://www.unither.com/medical-professionals/science-medical-affairs/about-science-and-medical-affairs/",
    "timestamp": "unknown"
  },
  {
    "title": "Science and Medical AffairsAbout Science and Medical AffairsScientific LibrarySponsorships and GrantsInvestigator Sponsored StudiesJenesis Awards Prog",
    "link": "https://www.unither.com/medical-professionals/science-medical-affairs/about-science-and-medical-affairs/",
    "timestamp": "unknown"
  },
  {
    "title": "Science and Medical AffairsAbout Science and Medical AffairsScientific LibrarySponsorships and GrantsInvestigator Sponsored StudiesJenesis Awards Prog",
    "link": "https://www.unither.com/medical-professionals/science-medical-affairs/about-science-and-medical-affairs/",
    "timestamp": "unknown"
  },
  {
    "title": "Science and Medical AffairsAbout Science and Medical AffairsScientific LibrarySponsorships and GrantsInvestigator Sponsored StudiesJenesis Awards Prog",
    "link": "https://www.unither.com/medical-professionals/science-medical-affairs/about-science-and-medical-affairs/",
    "timestamp": "unknown"
  },
  {
    "title": "About Science and Medical Affairs",
    "link": "https://www.unither.com/medical-professionals/science-medical-affairs/about-science-and-medical-affairs/",
    "timestamp": "unknown"
  },
  {
    "title": "Scientific Library",
    "link": "https://www.unither.com/medical-professionals/science-medical-affairs/scientific-library",
    "timestamp": "unknown"
  },
  {
    "title": "Investigator Sponsored Studies",
    "link": "https://www.unither.com/medical-professionals/sponsorships-and-grants/investigator-sponsored-studies",
    "timestamp": "unknown"
  },
  {
    "title": "Jenesis Awards Program\u2122",
    "link": "https://www.unither.com/medical-professionals/sponsorships-and-grants/jenesis-awards-program",
    "timestamp": "unknown"
  },
  {
    "title": "Medical Education Grants and Scientific Sponsorships",
    "link": "https://www.unither.com/medical-professionals/sponsorships-and-grants/medical-education-grants-and-scientific-sponsorships",
    "timestamp": "unknown"
  },
  {
    "title": "Commercial Product - Resources and SupportUnited Therapeutics Cares\u2122United for your patientsiAssistSpecialty Therapy Initiation PlatformPAH Initiative",
    "link": "https://www.unither.com/medical-professionals/commercial-product-resources-support/united-therapeutics-cares",
    "timestamp": "unknown"
  },
  {
    "title": "United Therapeutics Cares\u2122United for your patients",
    "link": "https://www.unither.com/medical-professionals/commercial-product-resources-support/united-therapeutics-cares",
    "timestamp": "unknown"
  },
  {
    "title": "iAssistSpecialty Therapy Initiation Platform",
    "link": "https://www.unither.com/medical-professionals/commercial-product-resources-support/iassist",
    "timestamp": "unknown"
  },
  {
    "title": "PAH Initiative",
    "link": "https://www.unither.com/medical-professionals/commercial-product-resources-support/pah-initiative",
    "timestamp": "unknown"
  },
  {
    "title": "Regional Nurse Specialist Team",
    "link": "https://www.unither.com/medical-professionals/commercial-product-resources-support/regional-nurse-specialist-team",
    "timestamp": "unknown"
  },
  {
    "title": "PatientsSupport & ResourcesSupport ProgramsEducationPAH Support Group Meeting RequestsSafety InitiativesPatient OrganizationsGlobal Product Safety and",
    "link": "https://www.unither.com/patients/support-programs",
    "timestamp": "unknown"
  },
  {
    "title": "Support & ResourcesSupport ProgramsEducationPAH Support Group Meeting RequestsSafety InitiativesPatient OrganizationsGlobal Product Safety and Pharmac",
    "link": "https://www.unither.com/patients/support-programs",
    "timestamp": "unknown"
  },
  {
    "title": "Support & ResourcesSupport ProgramsEducationPAH Support Group Meeting RequestsSafety InitiativesPatient OrganizationsGlobal Product Safety and Pharmac",
    "link": "https://www.unither.com/patients/support-programs",
    "timestamp": "unknown"
  },
  {
    "title": "Support & ResourcesSupport ProgramsEducationPAH Support Group Meeting Requests",
    "link": "https://www.unither.com/patients/support-programs",
    "timestamp": "unknown"
  },
  {
    "title": "Support Programs",
    "link": "https://www.unither.com/patients/support-programs",
    "timestamp": "unknown"
  },
  {
    "title": "Education",
    "link": "https://www.unither.com/patients/education",
    "timestamp": "unknown"
  },
  {
    "title": "PAH Support Group Meeting Requests",
    "link": "https://www.unither.com/patients/pah-support-group-meeting-requests",
    "timestamp": "unknown"
  },
  {
    "title": "Safety InitiativesPatient OrganizationsGlobal Product Safety and Pharmacovigilance",
    "link": "https://www.unither.com/patients/patient-organizations",
    "timestamp": "unknown"
  },
  {
    "title": "Patient Organizations",
    "link": "https://www.unither.com/patients/patient-organizations",
    "timestamp": "unknown"
  },
  {
    "title": "Global Product Safety and Pharmacovigilance",
    "link": "https://www.unither.com/patients/global-product-safety",
    "timestamp": "unknown"
  },
  {
    "title": "CareersCareers at UnitherTo be a UnitherianSearch For JobBenefits & AmentiesDiversity & InclusionCompany Values and PoliciesEqual Opportunity Employer",
    "link": "https://www.unither.com/careers/to-be-a-unitherian",
    "timestamp": "unknown"
  },
  {
    "title": "Careers at UnitherTo be a UnitherianSearch For JobBenefits & AmentiesDiversity & InclusionCompany Values and PoliciesEqual Opportunity EmployerRecruit",
    "link": "https://www.unither.com/careers/to-be-a-unitherian",
    "timestamp": "unknown"
  },
  {
    "title": "Careers at UnitherTo be a UnitherianSearch For JobBenefits & AmentiesDiversity & InclusionCompany Values and PoliciesEqual Opportunity EmployerRecruit",
    "link": "https://www.unither.com/careers/to-be-a-unitherian",
    "timestamp": "unknown"
  },
  {
    "title": "Careers at UnitherTo be a UnitherianSearch For JobBenefits & AmentiesDiversity & Inclusion",
    "link": "https://www.unither.com/careers/to-be-a-unitherian",
    "timestamp": "unknown"
  },
  {
    "title": "To be a Unitherian",
    "link": "https://www.unither.com/careers/to-be-a-unitherian",
    "timestamp": "unknown"
  },
  {
    "title": "Search For Job",
    "link": "https://vhr-unither.wd5.myworkdayjobs.com/External",
    "timestamp": "unknown"
  },
  {
    "title": "Benefits & Amenties",
    "link": "https://www.unither.com/careers/benefits-and-amenities",
    "timestamp": "unknown"
  },
  {
    "title": "Diversity & Inclusion",
    "link": "https://www.unither.com/careers/diversity-and-inclusion",
    "timestamp": "unknown"
  },
  {
    "title": "Company Values and PoliciesEqual Opportunity EmployerRecruitment Fraud WarningAwards & Recognitions",
    "link": "https://www.unither.com/careers/equal-opportunity-employer",
    "timestamp": "unknown"
  },
  {
    "title": "Equal Opportunity Employer",
    "link": "https://www.unither.com/careers/equal-opportunity-employer",
    "timestamp": "unknown"
  },
  {
    "title": "Recruitment Fraud Warning",
    "link": "https://www.unither.com/careers/recruitment-fraud-warning",
    "timestamp": "unknown"
  },
  {
    "title": "Awards & Recognitions",
    "link": "https://www.unither.com/careers/awards-and-recognitions",
    "timestamp": "unknown"
  },
  {
    "title": "Corporate Site",
    "link": "https://www.unither.com/home",
    "timestamp": "unknown"
  },
  {
    "title": "InvestorsInvestorsAbout UsInvestor ResourcesCorporate GovernanceContact IRFAQ",
    "link": "https://ir.unither.com/",
    "timestamp": "unknown"
  },
  {
    "title": "Investors",
    "link": "https://ir.unither.com/",
    "timestamp": "unknown"
  },
  {
    "title": "About Us",
    "link": "https://ir.unither.com/about-us",
    "timestamp": "unknown"
  },
  {
    "title": "Investor Resources",
    "link": "https://ir.unither.com/investor-resources",
    "timestamp": "unknown"
  },
  {
    "title": "Corporate Governance",
    "link": "https://ir.unither.com/corporate-governance",
    "timestamp": "unknown"
  },
  {
    "title": "Contact IR",
    "link": "https://ir.unither.com/contact-ir",
    "timestamp": "unknown"
  },
  {
    "title": "FAQ",
    "link": "https://ir.unither.com/faq",
    "timestamp": "unknown"
  },
  {
    "title": "InvestorsAbout UsInvestor ResourcesCorporate GovernanceContact IRFAQ",
    "link": "https://ir.unither.com/",
    "timestamp": "unknown"
  },
  {
    "title": "InvestorsAbout UsInvestor ResourcesCorporate GovernanceContact IRFAQ",
    "link": "https://ir.unither.com/",
    "timestamp": "unknown"
  },
  {
    "title": "InvestorsAbout UsInvestor ResourcesCorporate GovernanceContact IRFAQ",
    "link": "https://ir.unither.com/",
    "timestamp": "unknown"
  },
  {
    "title": "Investors",
    "link": "https://ir.unither.com/",
    "timestamp": "unknown"
  },
  {
    "title": "About Us",
    "link": "https://ir.unither.com/about-us",
    "timestamp": "unknown"
  },
  {
    "title": "Investor Resources",
    "link": "https://ir.unither.com/investor-resources",
    "timestamp": "unknown"
  },
  {
    "title": "Corporate Governance",
    "link": "https://ir.unither.com/corporate-governance",
    "timestamp": "unknown"
  },
  {
    "title": "Contact IR",
    "link": "https://ir.unither.com/contact-ir",
    "timestamp": "unknown"
  },
  {
    "title": "FAQ",
    "link": "https://ir.unither.com/faq",
    "timestamp": "unknown"
  },
  {
    "title": "Quick LinksSEC FilingsEvents and PresentationsCORPORATE PRESENTATIONPress ReleasesCorporate ResponsibilityContact IR",
    "link": "https://ir.unither.com/investor-resources/module-holder/sec-filings",
    "timestamp": "unknown"
  },
  {
    "title": "Quick LinksSEC FilingsEvents and PresentationsCORPORATE PRESENTATIONPress ReleasesCorporate ResponsibilityContact IR",
    "link": "https://ir.unither.com/investor-resources/module-holder/sec-filings",
    "timestamp": "unknown"
  },
  {
    "title": "Quick LinksSEC FilingsEvents and PresentationsCORPORATE PRESENTATIONPress ReleasesCorporate ResponsibilityContact IR",
    "link": "https://ir.unither.com/investor-resources/module-holder/sec-filings",
    "timestamp": "unknown"
  },
  {
    "title": "Quick LinksSEC FilingsEvents and PresentationsCORPORATE PRESENTATIONPress ReleasesCorporate ResponsibilityContact IR",
    "link": "https://ir.unither.com/investor-resources/module-holder/sec-filings",
    "timestamp": "unknown"
  },
  {
    "title": "Quick LinksSEC FilingsEvents and PresentationsCORPORATE PRESENTATIONPress ReleasesCorporate ResponsibilityContact IR",
    "link": "https://ir.unither.com/investor-resources/module-holder/sec-filings",
    "timestamp": "unknown"
  },
  {
    "title": "SEC Filings",
    "link": "https://ir.unither.com/investor-resources/module-holder/sec-filings",
    "timestamp": "unknown"
  },
  {
    "title": "Events and Presentations",
    "link": "https://ir.unither.com/events-and-presentations",
    "timestamp": "unknown"
  },
  {
    "title": "CORPORATE PRESENTATION",
    "link": "https://ir.unither.com/investor-resources/module-holder/corporate-presentation",
    "timestamp": "unknown"
  },
  {
    "title": "Press Releases",
    "link": "https://ir.unither.com/press-releases",
    "timestamp": "unknown"
  },
  {
    "title": "Corporate Responsibility",
    "link": "https://ir.unither.com/corporate-governance/module-holder/corporate-responsibility",
    "timestamp": "unknown"
  },
  {
    "title": "Contact IR",
    "link": "https://ir.unither.com/contact-ir",
    "timestamp": "unknown"
  },
  {
    "title": "backEvents and PresentationsUpcoming eventsSepBernstein 2nd Annual Healthcare ForumETAdd to CalendarListen to webcastSepPhase  TETON- Results Conferen",
    "link": "https://ir.unither.com/investor-resources",
    "timestamp": "unknown"
  },
  {
    "title": "backEvents and PresentationsUpcoming eventsSepBernstein 2nd Annual Healthcare ForumETAdd to CalendarListen to webcastSepPhase  TETON- Results Conferen",
    "link": "https://ir.unither.com/investor-resources",
    "timestamp": "unknown"
  },
  {
    "title": "backEvents and PresentationsUpcoming eventsSepBernstein 2nd Annual Healthcare ForumETAdd to CalendarListen to webcastSepPhase  TETON- Results Conferen",
    "link": "https://ir.unither.com/investor-resources",
    "timestamp": "unknown"
  },
  {
    "title": "back",
    "link": "https://ir.unither.com/investor-resources",
    "timestamp": "unknown"
  },
  {
    "title": "back",
    "link": "https://ir.unither.com/investor-resources",
    "timestamp": "unknown"
  },
  {
    "title": "Upcoming eventsSepBernstein 2nd Annual Healthcare ForumETAdd to CalendarListen to webcastSepPhase  TETON- Results Conference CallETAdd to CalendarList",
    "link": "https://ir.unither.com/events-and-presentations//--.ics?Companyname=united-therapeutics",
    "timestamp": "unknown"
  },
  {
    "title": "Upcoming eventsSepBernstein 2nd Annual Healthcare ForumETAdd to CalendarListen to webcastSepPhase  TETON- Results Conference CallETAdd to CalendarList",
    "link": "https://ir.unither.com/events-and-presentations//--.ics?Companyname=united-therapeutics",
    "timestamp": "unknown"
  },
  {
    "title": "SepBernstein 2nd Annual Healthcare ForumETAdd to CalendarListen to webcastSepPhase  TETON- Results Conference CallETAdd to CalendarListen to webcast",
    "link": "https://ir.unither.com/events-and-presentations//--.ics?Companyname=united-therapeutics",
    "timestamp": "unknown"
  },
  {
    "title": "SepBernstein 2nd Annual Healthcare ForumETAdd to CalendarListen to webcastSepPhase  TETON- Results Conference CallETAdd to CalendarListen to webcast",
    "link": "https://ir.unither.com/events-and-presentations//--.ics?Companyname=united-therapeutics",
    "timestamp": "unknown"
  },
  {
    "title": "SepBernstein 2nd Annual Healthcare ForumETAdd to CalendarListen to webcast",
    "link": "https://ir.unither.com/events-and-presentations//--.ics?Companyname=united-therapeutics",
    "timestamp": "unknown"
  },
  {
    "title": "SepBernstein 2nd Annual Healthcare ForumETAdd to CalendarListen to webcast",
    "link": "https://ir.unither.com/events-and-presentations//--.ics?Companyname=united-therapeutics",
    "timestamp": "unknown"
  },
  {
    "title": "Add to CalendarListen to webcast",
    "link": "https://ir.unither.com/events-and-presentations//--.ics?Companyname=united-therapeutics",
    "timestamp": "unknown"
  },
  {
    "title": "SepPhase  TETON- Results Conference CallETAdd to CalendarListen to webcast",
    "link": "https://ir.unither.com/events-and-presentations//--.ics?Companyname=united-therapeutics",
    "timestamp": "unknown"
  },
  {
    "title": "SepPhase  TETON- Results Conference CallETAdd to CalendarListen to webcast",
    "link": "https://ir.unither.com/events-and-presentations//--.ics?Companyname=united-therapeutics",
    "timestamp": "unknown"
  },
  {
    "title": "Add to CalendarListen to webcast",
    "link": "https://ir.unither.com/events-and-presentations//--.ics?Companyname=united-therapeutics",
    "timestamp": "unknown"
  },
  {
    "title": "Past eventsSepMorgan Stanley 23rd Annual Global Healthcare ConferenceETListen to webcastJulUnited Therapeutics Second Quarter  Financial ResultsETList",
    "link": "https://ir.unither.com/events-and-presentations//--/webcast",
    "timestamp": "unknown"
  },
  {
    "title": "SepMorgan Stanley 23rd Annual Global Healthcare ConferenceETListen to webcastJulUnited Therapeutics Second Quarter  Financial ResultsETListen to webca",
    "link": "https://ir.unither.com/events-and-presentations//--/webcast",
    "timestamp": "unknown"
  },
  {
    "title": "SepMorgan Stanley 23rd Annual Global Healthcare ConferenceETListen to webcastJulUnited Therapeutics Second Quarter  Financial ResultsETListen to webca",
    "link": "https://ir.unither.com/events-and-presentations//--/webcast",
    "timestamp": "unknown"
  },
  {
    "title": "SepMorgan Stanley 23rd Annual Global Healthcare ConferenceETListen to webcast",
    "link": "https://ir.unither.com/events-and-presentations//--/webcast",
    "timestamp": "unknown"
  },
  {
    "title": "SepMorgan Stanley 23rd Annual Global Healthcare ConferenceETListen to webcast",
    "link": "https://ir.unither.com/events-and-presentations//--/webcast",
    "timestamp": "unknown"
  },
  {
    "title": "Listen to webcast",
    "link": "https://ir.unither.com/events-and-presentations//--/webcast",
    "timestamp": "unknown"
  },
  {
    "title": "JulUnited Therapeutics Second Quarter  Financial ResultsETListen to webcastDownload Presentation PDFDownload Fact Sheet PDF",
    "link": "https://ir.unither.com/events-and-presentations//--/webcast",
    "timestamp": "unknown"
  },
  {
    "title": "JulUnited Therapeutics Second Quarter  Financial ResultsETListen to webcastDownload Presentation PDFDownload Fact Sheet PDF",
    "link": "https://ir.unither.com/events-and-presentations//--/webcast",
    "timestamp": "unknown"
  },
  {
    "title": "Listen to webcastDownload Presentation PDFDownload Fact Sheet PDF",
    "link": "https://ir.unither.com/events-and-presentations//--/webcast",
    "timestamp": "unknown"
  },
  {
    "title": "AprUnited Therapeutics First Quarter  Financial ResultsETListen to webcastDownload Presentation PDFDownload Fact Sheet PDF",
    "link": "https://ir.unither.com/events-and-presentations//--/webcast",
    "timestamp": "unknown"
  },
  {
    "title": "AprUnited Therapeutics First Quarter  Financial ResultsETListen to webcastDownload Presentation PDFDownload Fact Sheet PDF",
    "link": "https://ir.unither.com/events-and-presentations//--/webcast",
    "timestamp": "unknown"
  },
  {
    "title": "Listen to webcastDownload Presentation PDFDownload Fact Sheet PDF",
    "link": "https://ir.unither.com/events-and-presentations//--/webcast",
    "timestamp": "unknown"
  },
  {
    "title": "MarLeerink Partners Global Healthcare ConferenceETListen to webcast",
    "link": "https://ir.unither.com/events-and-presentations//--/webcast",
    "timestamp": "unknown"
  },
  {
    "title": "MarLeerink Partners Global Healthcare ConferenceETListen to webcast",
    "link": "https://ir.unither.com/events-and-presentations//--/webcast",
    "timestamp": "unknown"
  },
  {
    "title": "Listen to webcast",
    "link": "https://ir.unither.com/events-and-presentations//--/webcast",
    "timestamp": "unknown"
  },
  {
    "title": "MarTD Cowen Health Care ConferenceETListen to webcast",
    "link": "https://ir.unither.com/events-and-presentations//--/webcast",
    "timestamp": "unknown"
  },
  {
    "title": "MarTD Cowen Health Care ConferenceETListen to webcast",
    "link": "https://ir.unither.com/events-and-presentations//--/webcast",
    "timestamp": "unknown"
  },
  {
    "title": "Listen to webcast",
    "link": "https://ir.unither.com/events-and-presentations//--/webcast",
    "timestamp": "unknown"
  },
  {
    "title": "FebUnited Therapeutics Fourth Quarter and Full Year  Financial ResultsETListen to webcastDownload Presentation PDFDownload Fact Sheet PDF",
    "link": "https://ir.unither.com/events-and-presentations//--/webcast",
    "timestamp": "unknown"
  },
  {
    "title": "FebUnited Therapeutics Fourth Quarter and Full Year  Financial ResultsETListen to webcastDownload Presentation PDFDownload Fact Sheet PDF",
    "link": "https://ir.unither.com/events-and-presentations//--/webcast",
    "timestamp": "unknown"
  },
  {
    "title": "Listen to webcastDownload Presentation PDFDownload Fact Sheet PDF",
    "link": "https://ir.unither.com/events-and-presentations//--/webcast",
    "timestamp": "unknown"
  },
  {
    "title": "JanJ.P. Morgan Healthcare ConferenceETListen to webcastDownload Presentation PDF",
    "link": "https://ir.unither.com/events-and-presentations//--/webcast",
    "timestamp": "unknown"
  },
  {
    "title": "JanJ.P. Morgan Healthcare ConferenceETListen to webcastDownload Presentation PDF",
    "link": "https://ir.unither.com/events-and-presentations//--/webcast",
    "timestamp": "unknown"
  },
  {
    "title": "Listen to webcastDownload Presentation PDF",
    "link": "https://ir.unither.com/events-and-presentations//--/webcast",
    "timestamp": "unknown"
  },
  {
    "title": "OctUnited Therapeutics Third Quarter  Financial ResultsETListen to webcastDownload Presentation PDFDownload Fact Sheet PDF",
    "link": "https://ir.unither.com/events-and-presentations//--/webcast",
    "timestamp": "unknown"
  },
  {
    "title": "OctUnited Therapeutics Third Quarter  Financial ResultsETListen to webcastDownload Presentation PDFDownload Fact Sheet PDF",
    "link": "https://ir.unither.com/events-and-presentations//--/webcast",
    "timestamp": "unknown"
  },
  {
    "title": "Listen to webcastDownload Presentation PDFDownload Fact Sheet PDF",
    "link": "https://ir.unither.com/events-and-presentations//--/webcast",
    "timestamp": "unknown"
  },
  {
    "title": "JulUnited Therapeutics Second Quarter  Financial ResultsETListen to webcastDownload pdf",
    "link": "https://ir.unither.com/events-and-presentations//--/webcast",
    "timestamp": "unknown"
  },
  {
    "title": "JulUnited Therapeutics Second Quarter  Financial ResultsETListen to webcastDownload pdf",
    "link": "https://ir.unither.com/events-and-presentations//--/webcast",
    "timestamp": "unknown"
  },
  {
    "title": "Listen to webcastDownload pdf",
    "link": "https://ir.unither.com/events-and-presentations//--/webcast",
    "timestamp": "unknown"
  },
  {
    "title": "MayUnited Therapeutics First Quarter  Financial ResultsETListen to webcastDownload pdf",
    "link": "https://ir.unither.com/events-and-presentations//--/audio",
    "timestamp": "unknown"
  },
  {
    "title": "MayUnited Therapeutics First Quarter  Financial ResultsETListen to webcastDownload pdf",
    "link": "https://ir.unither.com/events-and-presentations//--/audio",
    "timestamp": "unknown"
  },
  {
    "title": "Listen to webcastDownload pdf",
    "link": "https://ir.unither.com/events-and-presentations//--/audio",
    "timestamp": "unknown"
  },
  {
    "title": "FebUnited Therapeutics Fourth Quarter  Financial ResultsETListen to webcastDownload pdf",
    "link": "https://ir.unither.com/events-and-presentations//--/audio",
    "timestamp": "unknown"
  },
  {
    "title": "FebUnited Therapeutics Fourth Quarter  Financial ResultsETListen to webcastDownload pdf",
    "link": "https://ir.unither.com/events-and-presentations//--/audio",
    "timestamp": "unknown"
  },
  {
    "title": "Listen to webcastDownload pdf",
    "link": "https://ir.unither.com/events-and-presentations//--/audio",
    "timestamp": "unknown"
  },
  {
    "title": "NovUnited Therapeutics Third Quarter  Financial ResultsETListen to webcastDownload pdf",
    "link": "https://ir.unither.com/events-and-presentations//--/event-video-link",
    "timestamp": "unknown"
  },
  {
    "title": "NovUnited Therapeutics Third Quarter  Financial ResultsETListen to webcastDownload pdf",
    "link": "https://ir.unither.com/events-and-presentations//--/event-video-link",
    "timestamp": "unknown"
  },
  {
    "title": "Listen to webcastDownload pdf",
    "link": "https://ir.unither.com/events-and-presentations//--/event-video-link",
    "timestamp": "unknown"
  },
  {
    "title": "AugAugust  Corporate PresentationETDownload pdf",
    "link": "https://ir.unither.com/~/media/Files/U/United-Therapeutics-IR/documents/events-and-presentations/--UTHR-corporate-presentation.pdf",
    "timestamp": "unknown"
  },
  {
    "title": "AugAugust  Corporate PresentationETDownload pdf",
    "link": "https://ir.unither.com/~/media/Files/U/United-Therapeutics-IR/documents/events-and-presentations/--UTHR-corporate-presentation.pdf",
    "timestamp": "unknown"
  },
  {
    "title": "Download pdf",
    "link": "https://ir.unither.com/~/media/Files/U/United-Therapeutics-IR/documents/events-and-presentations/--UTHR-corporate-presentation.pdf",
    "timestamp": "unknown"
  },
  {
    "title": "AugUnited Therapeutics Second Quarter  Financial ResultsETListen to webcast",
    "link": "https://ir.unither.com/events-and-presentations//---a/event-video-link",
    "timestamp": "unknown"
  },
  {
    "title": "AugUnited Therapeutics Second Quarter  Financial ResultsETListen to webcast",
    "link": "https://ir.unither.com/events-and-presentations//---a/event-video-link",
    "timestamp": "unknown"
  },
  {
    "title": "Listen to webcast",
    "link": "https://ir.unither.com/events-and-presentations//---a/event-video-link",
    "timestamp": "unknown"
  },
  {
    "title": "MayUnited Therapeutics First Quarter  Financial ResultsETListen to webcast",
    "link": "https://ir.unither.com/events-and-presentations//--/event-video-link",
    "timestamp": "unknown"
  },
  {
    "title": "MayUnited Therapeutics First Quarter  Financial ResultsETListen to webcast",
    "link": "https://ir.unither.com/events-and-presentations//--/event-video-link",
    "timestamp": "unknown"
  },
  {
    "title": "Listen to webcast",
    "link": "https://ir.unither.com/events-and-presentations//--/event-video-link",
    "timestamp": "unknown"
  },
  {
    "title": "FebUnited Therapeutics Fourth Quarter  Financial ResultsETListen to webcast",
    "link": "https://ir.unither.com/events-and-presentations//--/event-video-link",
    "timestamp": "unknown"
  },
  {
    "title": "FebUnited Therapeutics Fourth Quarter  Financial ResultsETListen to webcast",
    "link": "https://ir.unither.com/events-and-presentations//--/event-video-link",
    "timestamp": "unknown"
  },
  {
    "title": "Listen to webcast",
    "link": "https://ir.unither.com/events-and-presentations//--/event-video-link",
    "timestamp": "unknown"
  },
  {
    "title": "JanScience Session Series - A Deeper Dive into the INCREASE ResultsETDownload pdf",
    "link": "https://ir.unither.com/~/media/Files/U/United-Therapeutics-IR/documents/events-and-presentations/uthr-increase-combined-deck---final.pdf",
    "timestamp": "unknown"
  },
  {
    "title": "JanScience Session Series - A Deeper Dive into the INCREASE ResultsETDownload pdf",
    "link": "https://ir.unither.com/~/media/Files/U/United-Therapeutics-IR/documents/events-and-presentations/uthr-increase-combined-deck---final.pdf",
    "timestamp": "unknown"
  },
  {
    "title": "Download pdf",
    "link": "https://ir.unither.com/~/media/Files/U/United-Therapeutics-IR/documents/events-and-presentations/uthr-increase-combined-deck---final.pdf",
    "timestamp": "unknown"
  },
  {
    "title": "OctAmerican College of Chest Physicians CHESTETDownload pdf",
    "link": "https://ir.unither.com/events-and-presentations",
    "timestamp": "unknown"
  },
  {
    "title": "OctAmerican College of Chest Physicians CHESTETDownload pdf",
    "link": "https://ir.unither.com/events-and-presentations",
    "timestamp": "unknown"
  },
  {
    "title": "Download pdf",
    "link": "https://ir.unither.com/events-and-presentations",
    "timestamp": "unknown"
  },
  {
    "title": "ProductsPipelinePatientsCareersInvestorsCorporate ResponsibilityOur CompanyFollow Us",
    "link": "https://www.unither.com/products",
    "timestamp": "unknown"
  },
  {
    "title": "ProductsPipelinePatientsCareersInvestorsCorporate ResponsibilityOur CompanyFollow Us",
    "link": "https://www.unither.com/products",
    "timestamp": "unknown"
  },
  {
    "title": "ProductsPipelinePatientsCareersInvestorsCorporate ResponsibilityOur Company",
    "link": "https://www.unither.com/products",
    "timestamp": "unknown"
  },
  {
    "title": "ProductsPipelinePatientsCareersInvestorsCorporate ResponsibilityOur Company",
    "link": "https://www.unither.com/products",
    "timestamp": "unknown"
  },
  {
    "title": "ProductsPipelinePatientsCareersInvestorsCorporate ResponsibilityOur Company",
    "link": "https://www.unither.com/products",
    "timestamp": "unknown"
  },
  {
    "title": "Products",
    "link": "https://www.unither.com/products",
    "timestamp": "unknown"
  },
  {
    "title": "Pipeline",
    "link": "https://pipeline.unither.com/",
    "timestamp": "unknown"
  },
  {
    "title": "Patients",
    "link": "https://www.unither.com/patients",
    "timestamp": "unknown"
  },
  {
    "title": "Careers",
    "link": "https://www.unither.com/careers",
    "timestamp": "unknown"
  },
  {
    "title": "Investors",
    "link": "https://ir.unither.com/",
    "timestamp": "unknown"
  },
  {
    "title": "Corporate Responsibility",
    "link": "https://corporateresponsibility.unither.com/",
    "timestamp": "unknown"
  },
  {
    "title": "Our Company",
    "link": "https://www.unither.com/index",
    "timestamp": "unknown"
  },
  {
    "title": "Follow Us",
    "link": "https://ir.unither.com/",
    "timestamp": "unknown"
  },
  {
    "title": "Follow Us",
    "link": "https://ir.unither.com/",
    "timestamp": "unknown"
  },
  {
    "title": "Follow Us",
    "link": "https://ir.unither.com/",
    "timestamp": "unknown"
  },
  {
    "title": "Follow Us",
    "link": "https://www.linkedin.com/company/unitedtherapeutics/",
    "timestamp": "unknown"
  },
  {
    "title": "Terms and Conditions",
    "link": "https://www.unither.com/terms",
    "timestamp": "unknown"
  },
  {
    "title": "Privacy Policy",
    "link": "https://www.unither.com/privacy",
    "timestamp": "unknown"
  },
  {
    "title": "Back to top",
    "link": "https://ir.unither.com/events-and-presentations#MainWrapper",
    "timestamp": "unknown"
  }
]