[
  {
    "title": "This is VicoreOur storyOur ambition and strategic prioritiesCollaborations and partnershipsScientific AdvisorsSenior Leadership TeamBoard of Directors",
    "link": "https://vicorepharma.com/this-is-vicore/",
    "timestamp": "unknown"
  },
  {
    "title": "This is VicoreOur storyOur ambition and strategic prioritiesCollaborations and partnershipsScientific AdvisorsSenior Leadership TeamBoard of Directors",
    "link": "https://vicorepharma.com/this-is-vicore/",
    "timestamp": "unknown"
  },
  {
    "title": "This is VicoreOur storyOur ambition and strategic prioritiesCollaborations and partnershipsScientific AdvisorsSenior Leadership TeamBoard of Directors",
    "link": "https://vicorepharma.com/this-is-vicore/",
    "timestamp": "unknown"
  },
  {
    "title": "Our story",
    "link": "https://vicorepharma.com/this-is-vicore/our-story/",
    "timestamp": "unknown"
  },
  {
    "title": "Our ambition and strategic priorities",
    "link": "https://vicorepharma.com/this-is-vicore/our-ambition-and-strategic-priorities/",
    "timestamp": "unknown"
  },
  {
    "title": "Collaborations and partnerships",
    "link": "https://vicorepharma.com/this-is-vicore/collaborations-and-partnerships/",
    "timestamp": "unknown"
  },
  {
    "title": "Scientific Advisors",
    "link": "https://vicorepharma.com/this-is-vicore/scientific-advisors/",
    "timestamp": "unknown"
  },
  {
    "title": "Senior Leadership Team",
    "link": "https://vicorepharma.com/this-is-vicore/senior-leadership-team/",
    "timestamp": "unknown"
  },
  {
    "title": "Board of Directors",
    "link": "https://vicorepharma.com/this-is-vicore/board/",
    "timestamp": "unknown"
  },
  {
    "title": "ScienceScientific rationaleATRAG MoA in IPFIntellectual property and orphan drug designationPublicationsKey publicationsPosters",
    "link": "https://vicorepharma.com/atrags/",
    "timestamp": "unknown"
  },
  {
    "title": "Scientific rationale",
    "link": "https://vicorepharma.com/atrags/scientific-rationale/",
    "timestamp": "unknown"
  },
  {
    "title": "ATRAG MoA in IPF",
    "link": "https://vicorepharma.com/atrags/atrag-moa-in-ipf/",
    "timestamp": "unknown"
  },
  {
    "title": "Intellectual property and orphan drug designation",
    "link": "https://vicorepharma.com/atrags/intellectual-property-and-orphan-drug-designation/",
    "timestamp": "unknown"
  },
  {
    "title": "PublicationsKey publicationsPosters",
    "link": "https://vicorepharma.com/atrags/publications/",
    "timestamp": "unknown"
  },
  {
    "title": "Key publications",
    "link": "https://vicorepharma.com/atrags/key-publications/",
    "timestamp": "unknown"
  },
  {
    "title": "Posters",
    "link": "https://vicorepharma.com/atrags/posters/",
    "timestamp": "unknown"
  },
  {
    "title": "Our programsPipelineASPIRE IPF Ph2b trialRare lung diseasesBuloxibutid (C21) \u2013 IPFFuture ATRAG indicationsOur drug discovery engine",
    "link": "https://vicorepharma.com/our-programs/",
    "timestamp": "unknown"
  },
  {
    "title": "Pipeline",
    "link": "https://vicorepharma.com/our-programs/pipeline/",
    "timestamp": "unknown"
  },
  {
    "title": "ASPIRE IPF Ph2b trial",
    "link": "https://vicorepharma.com/our-programs/pipeline/aspire-ph2b-trial/",
    "timestamp": "unknown"
  },
  {
    "title": "Rare lung diseasesBuloxibutid (C21) \u2013 IPF",
    "link": "https://vicorepharma.com/our-programs/rare-lung-diseases/",
    "timestamp": "unknown"
  },
  {
    "title": "Buloxibutid (C21) \u2013 IPF",
    "link": "https://vicorepharma.com/our-programs/rare-lung-diseases/c21-ipf-fibrosis/",
    "timestamp": "unknown"
  },
  {
    "title": "Future ATRAG indications",
    "link": "https://vicorepharma.com/our-programs/future-atrag-indications/",
    "timestamp": "unknown"
  },
  {
    "title": "Our drug discovery engine",
    "link": "https://vicorepharma.com/atrags/our-drug-discovery-engine/",
    "timestamp": "unknown"
  },
  {
    "title": "CareersOur collaborative business modelOpen positionsContact",
    "link": "https://vicorepharma.com/career/",
    "timestamp": "unknown"
  },
  {
    "title": "Our collaborative business model",
    "link": "https://vicorepharma.com/career/our-ways-of-working/",
    "timestamp": "unknown"
  },
  {
    "title": "Open positions",
    "link": "https://vicorepharma.com/career/open-positions/",
    "timestamp": "unknown"
  },
  {
    "title": "Contact",
    "link": "https://vicorepharma.com/career/contact/",
    "timestamp": "unknown"
  },
  {
    "title": "MediaPress releases (ENG)Pressmeddelanden (SE)Image bank",
    "link": "https://vicorepharma.com/investors/press-releases/",
    "timestamp": "unknown"
  },
  {
    "title": "Press releases (ENG)",
    "link": "https://vicorepharma.com/press-releases-media/",
    "timestamp": "unknown"
  },
  {
    "title": "Pressmeddelanden (SE)",
    "link": "https://vicorepharma.com/pressmeddelanden-media/",
    "timestamp": "unknown"
  },
  {
    "title": "Image bank",
    "link": "https://vicorepharma.com/image-bank-media/",
    "timestamp": "unknown"
  },
  {
    "title": "InvestorsInvestorsOverviewPress releasesRights Issue, SeptemberThe shareFinancial reportsFinancial calendarEvents &#; PresentationsCorporate governanc",
    "link": "https://vicorepharma.com/investors/",
    "timestamp": "unknown"
  },
  {
    "title": "InvestorsOverviewPress releasesRights Issue, SeptemberThe shareFinancial reportsFinancial calendarEvents &#; PresentationsCorporate governanceInvestor",
    "link": "https://vicorepharma.com/investors/",
    "timestamp": "unknown"
  },
  {
    "title": "Overview",
    "link": "https://vicorepharma.com/investors/overview/",
    "timestamp": "unknown"
  },
  {
    "title": "Press releases",
    "link": "https://vicorepharma.com/investors/press-releases/",
    "timestamp": "unknown"
  },
  {
    "title": "Rights Issue, September",
    "link": "https://vicorepharma.com/investors/rights-issue-september-/",
    "timestamp": "unknown"
  },
  {
    "title": "The share",
    "link": "https://vicorepharma.com/investors/shareholder-and-stock-information/",
    "timestamp": "unknown"
  },
  {
    "title": "Financial reports",
    "link": "https://vicorepharma.com/investors/financial-reports/",
    "timestamp": "unknown"
  },
  {
    "title": "Financial calendar",
    "link": "https://vicorepharma.com/investors/financial-calendar/",
    "timestamp": "unknown"
  },
  {
    "title": "Events &#; Presentations",
    "link": "https://vicorepharma.com/investors/events-presentations/",
    "timestamp": "unknown"
  },
  {
    "title": "Corporate governance",
    "link": "https://vicorepharma.com/investors/corporate-governance/",
    "timestamp": "unknown"
  },
  {
    "title": "Investor Relations contact",
    "link": "https://vicorepharma.com/investors/investor-relations-contact/",
    "timestamp": "unknown"
  },
  {
    "title": "Investerare (SE)\u00d6versiktPressmeddelandenF\u00f6retr\u00e4desemission SeptemberAktienFinansiella rapporterFinansiell kalenderEvents &#; PresentationerBolagsstyrn",
    "link": "https://vicorepharma.com/investerare/",
    "timestamp": "unknown"
  },
  {
    "title": "\u00d6versikt",
    "link": "https://vicorepharma.com/investerare/oversikt/",
    "timestamp": "unknown"
  },
  {
    "title": "Pressmeddelanden",
    "link": "https://vicorepharma.com/investerare/pressmeddelanden/",
    "timestamp": "unknown"
  },
  {
    "title": "F\u00f6retr\u00e4desemission September",
    "link": "https://vicorepharma.com/investerare/foretradesemission-september-/",
    "timestamp": "unknown"
  },
  {
    "title": "Aktien",
    "link": "https://vicorepharma.com/investerare/aktieinformation-/aktiekursgraf/",
    "timestamp": "unknown"
  },
  {
    "title": "Finansiella rapporter",
    "link": "https://vicorepharma.com/investerare/finansiella-rapporter/",
    "timestamp": "unknown"
  },
  {
    "title": "Finansiell kalender",
    "link": "https://vicorepharma.com/investerare/finansiell-kalender/",
    "timestamp": "unknown"
  },
  {
    "title": "Events &#; Presentationer",
    "link": "https://vicorepharma.com/investerare/events-presentationer/",
    "timestamp": "unknown"
  },
  {
    "title": "Bolagsstyrning",
    "link": "https://vicorepharma.com/investerare/bolagsstyrning/",
    "timestamp": "unknown"
  },
  {
    "title": "Bolagsst\u00e4mma",
    "link": "https://vicorepharma.com/investerare/bolagsstyrning/bolagsstamma/",
    "timestamp": "unknown"
  },
  {
    "title": "Investerarkontakt",
    "link": "https://vicorepharma.com/investerare/investerarkontakt/",
    "timestamp": "unknown"
  },
  {
    "title": "Patients and caregiversIPFBackgroundPatient storiesPatient advocacy organizationsTransparencyExpanded Access Policy",
    "link": "https://vicorepharma.com/patients-and-caregivers/",
    "timestamp": "unknown"
  },
  {
    "title": "IPFBackgroundPatient storiesPatient advocacy organizations",
    "link": "https://vicorepharma.com/patients-and-caregivers/ipf/",
    "timestamp": "unknown"
  },
  {
    "title": "Background",
    "link": "https://vicorepharma.com/patients-and-caregivers/ipf/background/",
    "timestamp": "unknown"
  },
  {
    "title": "Patient stories",
    "link": "http://vicorepharma.com/patients-and-caregivers/ipf/patient-stories/",
    "timestamp": "unknown"
  },
  {
    "title": "Patient advocacy organizations",
    "link": "http://vicorepharma.com/patients-and-caregivers/ipf/patient-advocacy-organizations/",
    "timestamp": "unknown"
  },
  {
    "title": "Transparency",
    "link": "https://vicorepharma.com/patients-and-caregivers/transparency/",
    "timestamp": "unknown"
  },
  {
    "title": "Expanded Access Policy",
    "link": "https://vicorepharma.com/patients-and-caregivers/access-policy/",
    "timestamp": "unknown"
  },
  {
    "title": "This is VicoreOur storyOur ambition and strategic prioritiesCollaborations and partnershipsScientific AdvisorsSenior Leadership TeamBoard of Directors",
    "link": "https://vicorepharma.com",
    "timestamp": "unknown"
  },
  {
    "title": "This is VicoreOur storyOur ambition and strategic prioritiesCollaborations and partnershipsScientific AdvisorsSenior Leadership TeamBoard of Directors",
    "link": "https://vicorepharma.com",
    "timestamp": "unknown"
  },
  {
    "title": "This is VicoreOur storyOur ambition and strategic prioritiesCollaborations and partnershipsScientific AdvisorsSenior Leadership TeamBoard of Directors",
    "link": "https://vicorepharma.com",
    "timestamp": "unknown"
  },
  {
    "title": "This is VicoreOur storyOur ambition and strategic prioritiesCollaborations and partnershipsScientific AdvisorsSenior Leadership TeamBoard of Directors",
    "link": "https://vicorepharma.com/this-is-vicore/our-story/",
    "timestamp": "unknown"
  },
  {
    "title": "This is VicoreOur storyOur ambition and strategic prioritiesCollaborations and partnershipsScientific AdvisorsSenior Leadership TeamBoard of Directors",
    "link": "https://vicorepharma.com/this-is-vicore/our-story/",
    "timestamp": "unknown"
  },
  {
    "title": "This is VicoreOur storyOur ambition and strategic prioritiesCollaborations and partnershipsScientific AdvisorsSenior Leadership TeamBoard of Directors",
    "link": "https://vicorepharma.com/this-is-vicore/our-story/",
    "timestamp": "unknown"
  },
  {
    "title": "Our storyOur ambition and strategic prioritiesCollaborations and partnershipsScientific AdvisorsSenior Leadership TeamBoard of Directors",
    "link": "https://vicorepharma.com/this-is-vicore/our-story/",
    "timestamp": "unknown"
  },
  {
    "title": "Our story",
    "link": "https://vicorepharma.com/this-is-vicore/our-story/",
    "timestamp": "unknown"
  },
  {
    "title": "Our ambition and strategic priorities",
    "link": "https://vicorepharma.com/this-is-vicore/our-ambition-and-strategic-priorities/",
    "timestamp": "unknown"
  },
  {
    "title": "Collaborations and partnerships",
    "link": "https://vicorepharma.com/this-is-vicore/collaborations-and-partnerships/",
    "timestamp": "unknown"
  },
  {
    "title": "Scientific Advisors",
    "link": "https://vicorepharma.com/this-is-vicore/scientific-advisors/",
    "timestamp": "unknown"
  },
  {
    "title": "Senior Leadership Team",
    "link": "https://vicorepharma.com/this-is-vicore/senior-leadership-team/",
    "timestamp": "unknown"
  },
  {
    "title": "Board of Directors",
    "link": "https://vicorepharma.com/this-is-vicore/board/",
    "timestamp": "unknown"
  },
  {
    "title": "ScienceScientific rationaleATRAG MoA in IPFIntellectual property and orphan drug designationPublicationsKey publicationsPosters",
    "link": "https://vicorepharma.com/atrags/scientific-rationale/",
    "timestamp": "unknown"
  },
  {
    "title": "Scientific rationaleATRAG MoA in IPFIntellectual property and orphan drug designationPublicationsKey publicationsPosters",
    "link": "https://vicorepharma.com/atrags/scientific-rationale/",
    "timestamp": "unknown"
  },
  {
    "title": "Scientific rationale",
    "link": "https://vicorepharma.com/atrags/scientific-rationale/",
    "timestamp": "unknown"
  },
  {
    "title": "ATRAG MoA in IPF",
    "link": "https://vicorepharma.com/atrags/atrag-moa-in-ipf/",
    "timestamp": "unknown"
  },
  {
    "title": "Intellectual property and orphan drug designation",
    "link": "https://vicorepharma.com/atrags/intellectual-property-and-orphan-drug-designation/",
    "timestamp": "unknown"
  },
  {
    "title": "PublicationsKey publicationsPosters",
    "link": "https://vicorepharma.com/atrags/key-publications/",
    "timestamp": "unknown"
  },
  {
    "title": "Key publications",
    "link": "https://vicorepharma.com/atrags/key-publications/",
    "timestamp": "unknown"
  },
  {
    "title": "Posters",
    "link": "https://vicorepharma.com/atrags/posters/",
    "timestamp": "unknown"
  },
  {
    "title": "Our programsPipelineASPIRE IPF Ph2b trialRare lung diseasesBuloxibutid (C21) \u2013 IPFFuture ATRAG indicationsOur drug discovery engine",
    "link": "https://vicorepharma.com/our-programs/pipeline/",
    "timestamp": "unknown"
  },
  {
    "title": "PipelineASPIRE IPF Ph2b trialRare lung diseasesBuloxibutid (C21) \u2013 IPFFuture ATRAG indicationsOur drug discovery engine",
    "link": "https://vicorepharma.com/our-programs/pipeline/",
    "timestamp": "unknown"
  },
  {
    "title": "Pipeline",
    "link": "https://vicorepharma.com/our-programs/pipeline/",
    "timestamp": "unknown"
  },
  {
    "title": "ASPIRE IPF Ph2b trial",
    "link": "https://vicorepharma.com/our-programs/pipeline/aspire-ph2b-trial/",
    "timestamp": "unknown"
  },
  {
    "title": "Rare lung diseasesBuloxibutid (C21) \u2013 IPF",
    "link": "https://vicorepharma.com/our-programs/rare-lung-diseases/c21-ipf-fibrosis/",
    "timestamp": "unknown"
  },
  {
    "title": "Buloxibutid (C21) \u2013 IPF",
    "link": "https://vicorepharma.com/our-programs/rare-lung-diseases/c21-ipf-fibrosis/",
    "timestamp": "unknown"
  },
  {
    "title": "Future ATRAG indications",
    "link": "https://vicorepharma.com/our-programs/future-atrag-indications/",
    "timestamp": "unknown"
  },
  {
    "title": "Our drug discovery engine",
    "link": "https://vicorepharma.com/atrags/our-drug-discovery-engine/",
    "timestamp": "unknown"
  },
  {
    "title": "CareersOur collaborative business modelOpen positionsContact",
    "link": "https://vicorepharma.com/career/our-ways-of-working/",
    "timestamp": "unknown"
  },
  {
    "title": "Our collaborative business modelOpen positionsContact",
    "link": "https://vicorepharma.com/career/our-ways-of-working/",
    "timestamp": "unknown"
  },
  {
    "title": "Our collaborative business model",
    "link": "https://vicorepharma.com/career/our-ways-of-working/",
    "timestamp": "unknown"
  },
  {
    "title": "Open positions",
    "link": "https://vicorepharma.com/career/open-positions/",
    "timestamp": "unknown"
  },
  {
    "title": "Contact",
    "link": "https://vicorepharma.com/career/contact/",
    "timestamp": "unknown"
  },
  {
    "title": "MediaPress releases (ENG)Pressmeddelanden (SE)Image bank",
    "link": "https://vicorepharma.com/press-releases-media/",
    "timestamp": "unknown"
  },
  {
    "title": "Press releases (ENG)Pressmeddelanden (SE)Image bank",
    "link": "https://vicorepharma.com/press-releases-media/",
    "timestamp": "unknown"
  },
  {
    "title": "Press releases (ENG)",
    "link": "https://vicorepharma.com/press-releases-media/",
    "timestamp": "unknown"
  },
  {
    "title": "Pressmeddelanden (SE)",
    "link": "https://vicorepharma.com/pressmeddelanden-media/",
    "timestamp": "unknown"
  },
  {
    "title": "Image bank",
    "link": "https://vicorepharma.com/image-bank-media/",
    "timestamp": "unknown"
  },
  {
    "title": "InvestorsInvestorsOverviewPress releasesRights Issue, SeptemberThe shareFinancial reportsFinancial calendarEvents &#; PresentationsCorporate governanc",
    "link": "https://vicorepharma.com/investors/overview/",
    "timestamp": "unknown"
  },
  {
    "title": "InvestorsOverviewPress releasesRights Issue, SeptemberThe shareFinancial reportsFinancial calendarEvents &#; PresentationsCorporate governanceInvestor",
    "link": "https://vicorepharma.com/investors/overview/",
    "timestamp": "unknown"
  },
  {
    "title": "InvestorsOverviewPress releasesRights Issue, SeptemberThe shareFinancial reportsFinancial calendarEvents &#; PresentationsCorporate governanceInvestor",
    "link": "https://vicorepharma.com/investors/overview/",
    "timestamp": "unknown"
  },
  {
    "title": "Overview",
    "link": "https://vicorepharma.com/investors/overview/",
    "timestamp": "unknown"
  },
  {
    "title": "Press releases",
    "link": "https://vicorepharma.com/investors/press-releases/",
    "timestamp": "unknown"
  },
  {
    "title": "Rights Issue, September",
    "link": "https://vicorepharma.com/investors/rights-issue-september-/",
    "timestamp": "unknown"
  },
  {
    "title": "The share",
    "link": "https://vicorepharma.com/investors/shareholder-and-stock-information/",
    "timestamp": "unknown"
  },
  {
    "title": "Financial reports",
    "link": "https://vicorepharma.com/investors/financial-reports/",
    "timestamp": "unknown"
  },
  {
    "title": "Financial calendar",
    "link": "https://vicorepharma.com/investors/financial-calendar/",
    "timestamp": "unknown"
  },
  {
    "title": "Events &#; Presentations",
    "link": "https://vicorepharma.com/investors/events-presentations/",
    "timestamp": "unknown"
  },
  {
    "title": "Corporate governance",
    "link": "https://vicorepharma.com/investors/corporate-governance/",
    "timestamp": "unknown"
  },
  {
    "title": "Investor Relations contact",
    "link": "https://vicorepharma.com/investors/investor-relations-contact/",
    "timestamp": "unknown"
  },
  {
    "title": "Investerare (SE)\u00d6versiktPressmeddelandenF\u00f6retr\u00e4desemission SeptemberAktienFinansiella rapporterFinansiell kalenderEvents &#; PresentationerBolagsstyrn",
    "link": "https://vicorepharma.com/investerare/oversikt/",
    "timestamp": "unknown"
  },
  {
    "title": "\u00d6versikt",
    "link": "https://vicorepharma.com/investerare/oversikt/",
    "timestamp": "unknown"
  },
  {
    "title": "Pressmeddelanden",
    "link": "https://vicorepharma.com/investerare/pressmeddelanden/",
    "timestamp": "unknown"
  },
  {
    "title": "F\u00f6retr\u00e4desemission September",
    "link": "https://vicorepharma.com/investerare/foretradesemission-september-/",
    "timestamp": "unknown"
  },
  {
    "title": "Aktien",
    "link": "https://vicorepharma.com/investerare/aktieinformation-/aktiekursgraf/",
    "timestamp": "unknown"
  },
  {
    "title": "Finansiella rapporter",
    "link": "https://vicorepharma.com/investerare/finansiella-rapporter/",
    "timestamp": "unknown"
  },
  {
    "title": "Finansiell kalender",
    "link": "https://vicorepharma.com/investerare/finansiell-kalender/",
    "timestamp": "unknown"
  },
  {
    "title": "Events &#; Presentationer",
    "link": "https://vicorepharma.com/investerare/events-presentationer/",
    "timestamp": "unknown"
  },
  {
    "title": "Bolagsstyrning",
    "link": "https://vicorepharma.com/investerare/bolagsstyrning/",
    "timestamp": "unknown"
  },
  {
    "title": "Bolagsst\u00e4mma",
    "link": "https://vicorepharma.com/investerare/bolagsstyrning/bolagsstamma/",
    "timestamp": "unknown"
  },
  {
    "title": "Investerarkontakt",
    "link": "https://vicorepharma.com/investerare/investerarkontakt/",
    "timestamp": "unknown"
  },
  {
    "title": "Patients and caregiversIPFBackgroundPatient storiesPatient advocacy organizationsTransparencyExpanded Access Policy",
    "link": "https://vicorepharma.com/patients-and-caregivers/ipf/background/",
    "timestamp": "unknown"
  },
  {
    "title": "IPFBackgroundPatient storiesPatient advocacy organizationsTransparencyExpanded Access Policy",
    "link": "https://vicorepharma.com/patients-and-caregivers/ipf/background/",
    "timestamp": "unknown"
  },
  {
    "title": "IPFBackgroundPatient storiesPatient advocacy organizations",
    "link": "https://vicorepharma.com/patients-and-caregivers/ipf/background/",
    "timestamp": "unknown"
  },
  {
    "title": "Background",
    "link": "https://vicorepharma.com/patients-and-caregivers/ipf/background/",
    "timestamp": "unknown"
  },
  {
    "title": "Patient stories",
    "link": "http://vicorepharma.com/patients-and-caregivers/ipf/patient-stories/",
    "timestamp": "unknown"
  },
  {
    "title": "Patient advocacy organizations",
    "link": "http://vicorepharma.com/patients-and-caregivers/ipf/patient-advocacy-organizations/",
    "timestamp": "unknown"
  },
  {
    "title": "Transparency",
    "link": "https://vicorepharma.com/patients-and-caregivers/transparency/",
    "timestamp": "unknown"
  },
  {
    "title": "Expanded Access Policy",
    "link": "https://vicorepharma.com/patients-and-caregivers/access-policy/",
    "timestamp": "unknown"
  },
  {
    "title": "Home/Investors/Press releases",
    "link": "https://vicorepharma.com/",
    "timestamp": "unknown"
  },
  {
    "title": "Home/Investors/Press releases",
    "link": "https://vicorepharma.com/",
    "timestamp": "unknown"
  },
  {
    "title": "Home/Investors/Press releases",
    "link": "https://vicorepharma.com/",
    "timestamp": "unknown"
  },
  {
    "title": "OverviewPress releasesRights Issue, SeptemberThe shareShare monitorShareholdersOwnership board and managementShare issuesShare capital developmentAnal",
    "link": "https://vicorepharma.com/investors/overview/",
    "timestamp": "unknown"
  },
  {
    "title": "OverviewPress releasesRights Issue, SeptemberThe shareShare monitorShareholdersOwnership board and managementShare issuesShare capital developmentAnal",
    "link": "https://vicorepharma.com/investors/overview/",
    "timestamp": "unknown"
  },
  {
    "title": "OverviewPress releasesRights Issue, SeptemberThe shareShare monitorShareholdersOwnership board and managementShare issuesShare capital developmentAnal",
    "link": "https://vicorepharma.com/investors/overview/",
    "timestamp": "unknown"
  },
  {
    "title": "OverviewPress releasesRights Issue, SeptemberThe shareShare monitorShareholdersOwnership board and managementShare issuesShare capital developmentAnal",
    "link": "https://vicorepharma.com/investors/overview/",
    "timestamp": "unknown"
  },
  {
    "title": "OverviewPress releasesRights Issue, SeptemberThe shareShare monitorShareholdersOwnership board and managementShare issuesShare capital developmentAnal",
    "link": "https://vicorepharma.com/investors/overview/",
    "timestamp": "unknown"
  },
  {
    "title": "OverviewPress releasesRights Issue, SeptemberThe shareShare monitorShareholdersOwnership board and managementShare issuesShare capital developmentAnal",
    "link": "https://vicorepharma.com/investors/overview/",
    "timestamp": "unknown"
  },
  {
    "title": "The shareShare monitorShareholdersOwnership board and managementShare issuesShare capital developmentAnalyst coverageListing prospectus",
    "link": "https://vicorepharma.com/investors/shareholder-and-stock-information/",
    "timestamp": "unknown"
  },
  {
    "title": "Share monitor",
    "link": "https://vicorepharma.com/investors/shareholder-and-stock-information/share-monitor/",
    "timestamp": "unknown"
  },
  {
    "title": "Shareholders",
    "link": "https://vicorepharma.com/investors/shareholder-and-stock-information/shareholders/",
    "timestamp": "unknown"
  },
  {
    "title": "Ownership board and management",
    "link": "https://vicorepharma.com/investors/shareholder-and-stock-information/ownership-board-and-management/",
    "timestamp": "unknown"
  },
  {
    "title": "Share issues",
    "link": "https://vicorepharma.com/investors/shareholder-and-stock-information/share-issues/",
    "timestamp": "unknown"
  },
  {
    "title": "Share capital development",
    "link": "https://vicorepharma.com/investors/shareholder-and-stock-information/sharecapital-development/",
    "timestamp": "unknown"
  },
  {
    "title": "Analyst coverage",
    "link": "https://vicorepharma.com/investors/shareholder-and-stock-information/analyst-coverage/",
    "timestamp": "unknown"
  },
  {
    "title": "Listing prospectus",
    "link": "https://vicorepharma.com/investors/prospectus/",
    "timestamp": "unknown"
  },
  {
    "title": "Corporate governanceCorporate governance reportsGeneral meetingNomination CommitteeBoard of DirectorsAudit CommitteeRemuneration CommitteeScience Comm",
    "link": "https://vicorepharma.com/investors/corporate-governance/",
    "timestamp": "unknown"
  },
  {
    "title": "Corporate governance reports",
    "link": "https://vicorepharma.com/investors/corporate-governance/corporate-governance-reports/",
    "timestamp": "unknown"
  },
  {
    "title": "General meeting",
    "link": "https://vicorepharma.com/investors/corporate-governance/general-meeting/",
    "timestamp": "unknown"
  },
  {
    "title": "Nomination Committee",
    "link": "https://vicorepharma.com/investors/corporate-governance/nomination-committee/",
    "timestamp": "unknown"
  },
  {
    "title": "Board of Directors",
    "link": "https://vicorepharma.com/investors/corporate-governance/board-of-directors/",
    "timestamp": "unknown"
  },
  {
    "title": "Audit Committee",
    "link": "https://vicorepharma.com/investors/corporate-governance/audit-committee/",
    "timestamp": "unknown"
  },
  {
    "title": "Remuneration Committee",
    "link": "https://vicorepharma.com/investors/corporate-governance/remuneration-committee/",
    "timestamp": "unknown"
  },
  {
    "title": "Science Committee",
    "link": "https://vicorepharma.com/investors/corporate-governance/scientific-committee/",
    "timestamp": "unknown"
  },
  {
    "title": "Management",
    "link": "https://vicorepharma.com/investors/corporate-governance/management/",
    "timestamp": "unknown"
  },
  {
    "title": "Remuneration and incentives",
    "link": "https://vicorepharma.com/investors/corporate-governance/remuneration-and-incentives/",
    "timestamp": "unknown"
  },
  {
    "title": "Auditors",
    "link": "https://vicorepharma.com/investors/corporate-governance/auditors/",
    "timestamp": "unknown"
  },
  {
    "title": "Articles of association",
    "link": "https://vicorepharma.com/investors/corporate-governance/articles-of-association/",
    "timestamp": "unknown"
  },
  {
    "title": "Press releasesSubscribeAllRegulatoryVicore Pharma to present at the 44th Annual J.P. Morgan Healthcare ConferenceRead moreVicore Pharma to move to the",
    "link": "http://vicorepharma.com/investors/subscribe-for-press-releases/",
    "timestamp": "unknown"
  },
  {
    "title": "Press releasesSubscribeAllRegulatoryVicore Pharma to present at the 44th Annual J.P. Morgan Healthcare ConferenceRead moreVicore Pharma to move to the",
    "link": "http://vicorepharma.com/investors/subscribe-for-press-releases/",
    "timestamp": "unknown"
  },
  {
    "title": "Press releasesSubscribeAllRegulatoryVicore Pharma to present at the 44th Annual J.P. Morgan Healthcare ConferenceRead moreVicore Pharma to move to the",
    "link": "http://vicorepharma.com/investors/subscribe-for-press-releases/",
    "timestamp": "unknown"
  },
  {
    "title": "Press releasesSubscribeAllRegulatoryVicore Pharma to present at the 44th Annual J.P. Morgan Healthcare ConferenceRead moreVicore Pharma to move to the",
    "link": "http://vicorepharma.com/investors/subscribe-for-press-releases/",
    "timestamp": "unknown"
  },
  {
    "title": "Subscribe",
    "link": "http://vicorepharma.com/investors/subscribe-for-press-releases/",
    "timestamp": "unknown"
  },
  {
    "title": "AllRegulatoryVicore Pharma to present at the 44th Annual J.P. Morgan Healthcare ConferenceRead moreVicore Pharma to move to the Nasdaq Stockholm Mid C",
    "link": "https://vicorepharma.com/mfn_news/vicore-pharma-to-present-at-the-44th-annual-j-p-morgan-healthcare-conference/",
    "timestamp": "unknown"
  },
  {
    "title": "AllRegulatoryVicore Pharma to present at the 44th Annual J.P. Morgan Healthcare ConferenceRead moreVicore Pharma to move to the Nasdaq Stockholm Mid C",
    "link": "https://vicorepharma.com/mfn_news/vicore-pharma-to-present-at-the-44th-annual-j-p-morgan-healthcare-conference/",
    "timestamp": "unknown"
  },
  {
    "title": "Vicore Pharma to present at the 44th Annual J.P. Morgan Healthcare ConferenceRead moreVicore Pharma to move to the Nasdaq Stockholm Mid Cap segmentRea",
    "link": "https://vicorepharma.com/mfn_news/vicore-pharma-to-present-at-the-44th-annual-j-p-morgan-healthcare-conference/",
    "timestamp": "unknown"
  },
  {
    "title": "Vicore Pharma to present at the 44th Annual J.P. Morgan Healthcare ConferenceRead more",
    "link": "https://vicorepharma.com/mfn_news/vicore-pharma-to-present-at-the-44th-annual-j-p-morgan-healthcare-conference/",
    "timestamp": "unknown"
  },
  {
    "title": "Vicore Pharma to move to the Nasdaq Stockholm Mid Cap segmentRead more",
    "link": "https://vicorepharma.com/mfn_news/vicore-pharma-to-move-to-the-nasdaq-stockholm-mid-cap-segment/",
    "timestamp": "unknown"
  },
  {
    "title": "Vicore to present at the Oppenheimer Movers in Rare Disease SummitRead more",
    "link": "https://vicorepharma.com/mfn_news/vicore-to-present-at-the-oppenheimer-movers-in-rare-disease-summit/",
    "timestamp": "unknown"
  },
  {
    "title": "| RegulatoryIncrease in number of shares and votes in Vicore PharmaRead more",
    "link": "https://vicorepharma.com/mfn_news/increase-in-number-of-shares-and-votes-in-vicore-pharma-/",
    "timestamp": "unknown"
  },
  {
    "title": "Vicore to present at the DNB Carnegie Nordic Healthcare ConferenceRead more",
    "link": "https://vicorepharma.com/mfn_news/vicore-to-present-at-the-dnb-carnegie-nordic-healthcare-conference/",
    "timestamp": "unknown"
  },
  {
    "title": "Vicore to present at the Jefferies Global Healthcare Conference in LondonRead more",
    "link": "https://vicorepharma.com/mfn_news/vicore-to-present-at-the-jefferies-global-healthcare-conference-in-london/",
    "timestamp": "unknown"
  },
  {
    "title": "| RegulatoryVicore Pharma announces successful execution of a directed share issue of approximately USD  million (approximately SEK  million)Read more",
    "link": "https://vicorepharma.com/mfn_news/vicore-pharma-announces-successful-execution-of-a-directed-share-issue-of-approximately-usd--million-approximately-sek--million/",
    "timestamp": "unknown"
  },
  {
    "title": "| RegulatoryVicore Pharma intends to carry out a directed share issueRead more",
    "link": "https://vicorepharma.com/mfn_news/vicore-pharma-intends-to-carry-out-a-directed-share-issue-/",
    "timestamp": "unknown"
  },
  {
    "title": "Vicore to Present at Upcoming Investor ConferencesRead more",
    "link": "https://vicorepharma.com/mfn_news/vicore-to-present-at-upcoming-investor-conferences-/",
    "timestamp": "unknown"
  },
  {
    "title": "| RegulatoryInterim Report July \u2013 SeptemberRead more",
    "link": "https://vicorepharma.com/mfn_news/interim-report-july-september-/",
    "timestamp": "unknown"
  },
  {
    "title": "| RegulatoryVicore announces the Nomination Committee for the  Annual General MeetingRead more",
    "link": "https://vicorepharma.com/mfn_news/vicore-announces-the-nomination-committee-for-the--annual-general-meeting/",
    "timestamp": "unknown"
  },
  {
    "title": "Buloxibutid Receives Orphan Drug Designation in Japan for the Treatment of Idiopathic Pulmonary FibrosisRead more",
    "link": "https://vicorepharma.com/mfn_news/buloxibutid-receives-orphan-drug-designation-in-japan-for-the-treatment-of-idiopathic-pulmonary-fibrosis/",
    "timestamp": "unknown"
  },
  {
    "title": "Vicore Announces Presentations at the European Respiratory Society CongressRead more",
    "link": "https://vicorepharma.com/mfn_news/vicore-announces-presentations-at-the-european-respiratory-society-congress-/",
    "timestamp": "unknown"
  },
  {
    "title": "Vicore to Present at Pareto Securities&#; 16th Annual Healthcare ConferenceRead more",
    "link": "https://vicorepharma.com/mfn_news/vicore-to-present-at-pareto-securities-16th-annual-healthcare-conference/",
    "timestamp": "unknown"
  },
  {
    "title": "Vicore to Present at Upcoming Investor ConferencesRead more",
    "link": "https://vicorepharma.com/mfn_news/vicore-to-present-at-upcoming-investor-conferences-/",
    "timestamp": "unknown"
  },
  {
    "title": "| RegulatoryInterim Report April \u2013 JuneRead more",
    "link": "https://vicorepharma.com/mfn_news/interim-report-april-june-/",
    "timestamp": "unknown"
  },
  {
    "title": "| RegulatoryIncrease in number of shares and votes in Vicore PharmaRead more",
    "link": "https://vicorepharma.com/mfn_news/increase-in-number-of-shares-and-votes-in-vicore-pharma-/",
    "timestamp": "unknown"
  },
  {
    "title": "Vicore to Present at the Jefferies Global Healthcare ConferenceRead more",
    "link": "https://vicorepharma.com/mfn_news/vicore-to-present-at-the-jefferies-global-healthcare-conference/",
    "timestamp": "unknown"
  },
  {
    "title": "Vicore Presents New Data at the  American Thoracic Society International ConferenceRead more",
    "link": "https://vicorepharma.com/mfn_news/vicore-presents-new-data-at-the--american-thoracic-society-international-conference/",
    "timestamp": "unknown"
  },
  {
    "title": "| RegulatoryBulletin from the annual general meeting of Vicore Pharma Holding AB (publ)Read more",
    "link": "https://vicorepharma.com/mfn_news/bulletin-from-the-annual-general-meeting-of-vicore-pharma-holding-ab-publ-/",
    "timestamp": "unknown"
  },
  {
    "title": "| RegulatoryInterim Report January \u2013 MarchRead more",
    "link": "https://vicorepharma.com/mfn_news/interim-report-january-march-/",
    "timestamp": "unknown"
  },
  {
    "title": "Vicore to Present at the Nordea Equities Healthcare SeminarRead more",
    "link": "https://vicorepharma.com/mfn_news/vicore-to-present-at-the-nordea-equities-healthcare-seminar/",
    "timestamp": "unknown"
  },
  {
    "title": "Vicore Announces Presentations at the  American Thoracic Society International ConferenceRead more",
    "link": "https://vicorepharma.com/mfn_news/vicore-announces-presentations-at-the--american-thoracic-society-international-conference/",
    "timestamp": "unknown"
  },
  {
    "title": "Vicore to Participate in the Van Lanschot Kempen Life Sciences ConferenceRead more",
    "link": "https://vicorepharma.com/mfn_news/vicore-to-participate-in-the-van-lanschot-kempen-life-sciences-conference/",
    "timestamp": "unknown"
  },
  {
    "title": "| RegulatoryNotice of Annual General Meeting of Vicore Pharma Holding AB (publ)Read more",
    "link": "https://vicorepharma.com/mfn_news/notice-of-annual-general-meeting-of-vicore-pharma-holding-ab-publ-/",
    "timestamp": "unknown"
  },
  {
    "title": "| RegulatoryVicore publishes the Annual Report forRead more",
    "link": "https://vicorepharma.com/mfn_news/vicore-publishes-the-annual-report-for-/",
    "timestamp": "unknown"
  },
  {
    "title": "| RegulatoryYear-end reportRead more",
    "link": "https://vicorepharma.com/mfn_news/year-end-report-/",
    "timestamp": "unknown"
  },
  {
    "title": "Vicore to Present at Upcoming Investor ConferencesRead more",
    "link": "https://vicorepharma.com/mfn_news/vicore-to-present-at-upcoming-investor-conferences-/",
    "timestamp": "unknown"
  },
  {
    "title": "Vicore to Present at Oppenheimer&#;s 35th Annual Healthcare Life Sciences ConferenceRead more",
    "link": "https://vicorepharma.com/mfn_news/vicore-to-present-at-oppenheimers-35th-annual-healthcare-life-sciences-conference/",
    "timestamp": "unknown"
  },
  {
    "title": "The FDA Grants Vicore\u2019s Buloxibutid Fast Track Designation for Idiopathic Pulmonary FibrosisRead more",
    "link": "https://vicorepharma.com/mfn_news/the-fda-grants-vicores-buloxibutid-fast-track-designation-for-idiopathic-pulmonary-fibrosis/",
    "timestamp": "unknown"
  },
  {
    "title": "Vicore to Present at Upcoming Investor ConferencesRead more",
    "link": "https://vicorepharma.com/mfn_news/vicore-to-present-at-upcoming-investor-conferences-/",
    "timestamp": "unknown"
  },
  {
    "title": "| RegulatoryInterim report July-SeptemberRead more",
    "link": "https://vicorepharma.com/mfn_news/interim-report-july-september-/",
    "timestamp": "unknown"
  },
  {
    "title": "| RegulatoryVicore announces the Nomination Committee for the  Annual General MeetingRead more",
    "link": "https://vicorepharma.com/mfn_news/vicore-announces-the-nomination-committee-for-the--annual-general-meeting/",
    "timestamp": "unknown"
  },
  {
    "title": "| RegulatoryIncrease in number of shares and votes in Vicore PharmaRead more",
    "link": "https://vicorepharma.com/mfn_news/increase-in-number-of-shares-and-votes-in-vicore-pharma/",
    "timestamp": "unknown"
  },
  {
    "title": "| RegulatoryVicore Pharma has successfully carried out a directed share issue of approximately SEK  millionRead more",
    "link": "https://vicorepharma.com/mfn_news/vicore-pharma-has-successfully-carried-out-a-directed-share-issue-of-approximately-sek--million/",
    "timestamp": "unknown"
  },
  {
    "title": "Vicore Pharma raises approximately SEK  million through an oversubscribed rights issueRead more",
    "link": "https://vicorepharma.com/mfn_news/vicore-pharma-raises-approximately-sek--million-through-an-oversubscribed-rights-issue/",
    "timestamp": "unknown"
  },
  {
    "title": "| RegulatoryVicore Pharma publishes preliminary outcome in the rights issueRead more",
    "link": "https://vicorepharma.com/mfn_news/vicore-pharma-publishes-preliminary-outcome-in-the-rights-issue/",
    "timestamp": "unknown"
  },
  {
    "title": "Vicore Announces Investment from SanofiRead more",
    "link": "https://vicorepharma.com/mfn_news/vicore-announces-investment-from-sanofi/",
    "timestamp": "unknown"
  },
  {
    "title": "Vicore Publishes Prospectus Relating to the Rights IssueRead more",
    "link": "https://vicorepharma.com/mfn_news/vicore-publishes-prospectus-relating-to-the-rights-issue/",
    "timestamp": "unknown"
  },
  {
    "title": "Vicore Announces Additional Subscription Undertaking from HealthCapRead more",
    "link": "https://vicorepharma.com/mfn_news/vicore-announces-additional-subscription-undertaking-from-healthcap/",
    "timestamp": "unknown"
  },
  {
    "title": "| RegulatoryVicore Pharma announces a rights issue of approximately SEK  millionRead more",
    "link": "https://vicorepharma.com/mfn_news/vicore-pharma-announces-a-rights-issue-of-approximately-sek--million/",
    "timestamp": "unknown"
  },
  {
    "title": "Vicore Initiates the Global, Randomized Phase 2b ASPIRE Trial Evaluating the Disease-Modifying Potential of Buloxibutid in Idiopathic Pulmonary Fibros",
    "link": "https://vicorepharma.com/mfn_news/vicore-initiates-the-global-randomized-phase-2b-aspire-trial-evaluating-the-disease-modifying-potential-of-buloxibutid-in-idiopathic-pulmonary-fibrosis/",
    "timestamp": "unknown"
  },
  {
    "title": "Vicore Announces Presentations at the European Respiratory Society CongressRead more",
    "link": "https://vicorepharma.com/mfn_news/vicore-announces-presentations-at-the-european-respiratory-society-congress-/",
    "timestamp": "unknown"
  },
  {
    "title": "| RegulatoryInterim report April-JuneRead more",
    "link": "https://vicorepharma.com/mfn_news/interim-report-april-june-/",
    "timestamp": "unknown"
  },
  {
    "title": "| RegulatoryIncrease of number of shares and votes in Vicore PharmaRead more",
    "link": "https://vicorepharma.com/mfn_news/increase-of-number-of-shares-and-votes-in-vicore-pharma-/",
    "timestamp": "unknown"
  },
  {
    "title": "Vicore Announces Positive Final Results from the Phase 2a AIR Trial Demonstrating Buloxibutid Improves Lung Function Over  Weeks in Patients with Idio",
    "link": "https://vicorepharma.com/mfn_news/vicore-announces-positive-final-results-from-the-phase-2a-air-trial-demonstrating-buloxibutid-improves-lung-function-over--weeks-in-patients-with-idiopathic-pulmonary-fibrosis/",
    "timestamp": "unknown"
  },
  {
    "title": "Vicore Expands and Strengthens its Board of DirectorsRead more",
    "link": "https://vicorepharma.com/mfn_news/vicore-expands-and-strengthens-its-board-of-directors/",
    "timestamp": "unknown"
  },
  {
    "title": "| RegulatoryBulletin from the annual general meeting of Vicore Pharma Holding AB (publ)Read more",
    "link": "https://vicorepharma.com/mfn_news/bulletin-from-the-annual-general-meeting-of-vicore-pharma-holding-ab-publ-/",
    "timestamp": "unknown"
  },
  {
    "title": "| RegulatoryInterim report January-MarchRead more",
    "link": "https://vicorepharma.com/mfn_news/interim-report-january-march-/",
    "timestamp": "unknown"
  },
  {
    "title": "Vicore to Present at Upcoming Investor ConferencesRead more",
    "link": "https://vicorepharma.com/mfn_news/vicore-to-present-at-upcoming-investor-conferences-/",
    "timestamp": "unknown"
  },
  {
    "title": "| RegulatoryNotice of annual general meeting of Vicore Pharma Holding AB (publ)Read more",
    "link": "https://vicorepharma.com/mfn_news/notice-of-annual-general-meeting-of-vicore-pharma-holding-ab-publ-/",
    "timestamp": "unknown"
  },
  {
    "title": "Vicore Announces Presentations at the  American Thoracic Society International ConferenceRead more",
    "link": "https://vicorepharma.com/mfn_news/vicore-announces-presentations-at-the--american-thoracic-society-international-conference/",
    "timestamp": "unknown"
  },
  {
    "title": "| RegulatoryVicore publishes the Annual Report forRead more",
    "link": "https://vicorepharma.com/mfn_news/vicore-publishes-the-annual-report-for-/",
    "timestamp": "unknown"
  },
  {
    "title": "Vicore Announces FDA Breakthrough Device Designation for AlmeeTM, a Digital Therapy for Patients with Pulmonary FibrosisRead more",
    "link": "https://vicorepharma.com/mfn_news/vicore-announces-fda-breakthrough-device-designation-for-almeetm-a-digital-therapy-for-patients-with-pulmonary-fibrosis/",
    "timestamp": "unknown"
  },
  {
    "title": "| RegulatoryYear-end reportRead more",
    "link": "https://vicorepharma.com/mfn_news/year-end-report-/",
    "timestamp": "unknown"
  },
  {
    "title": "Vicore to Present at Upcoming Investor ConferencesRead more",
    "link": "https://vicorepharma.com/mfn_news/vicore-to-present-at-upcoming-investor-conferences-/",
    "timestamp": "unknown"
  },
  {
    "title": "| RegulatoryVicore and Nippon Shinyaku Enter into an Exclusive License Agreement to Develop and Commercialize C21 in JapanRead more",
    "link": "https://vicorepharma.com/mfn_news/vicore-and-nippon-shinyaku-enter-into-an-exclusive-license-agreement-to-develop-and-commercialize-c21-in-japan/",
    "timestamp": "unknown"
  },
  {
    "title": "Vicore to Present at Upcoming Investor ConferencesRead more",
    "link": "https://vicorepharma.com/mfn_news/vicore-to-present-at-upcoming-investor-conferences/",
    "timestamp": "unknown"
  },
  {
    "title": "Vicore Reports Positive Results for the Pivotal Study of its Digital Therapy for Patients with Pulmonary FibrosisRead more",
    "link": "https://vicorepharma.com/mfn_news/vicore-reports-positive-results-for-the-pivotal-study-of-its-digital-therapy-for-patients-with-pulmonary-fibrosis/",
    "timestamp": "unknown"
  },
  {
    "title": "Vicore Confirms IPF Development Program on Track and Provides Early-Stage Pipeline UpdatesRead more",
    "link": "https://vicorepharma.com/mfn_news/vicore-confirms-ipf-development-program-on-track-and-provides-early-stage-pipeline-updates/",
    "timestamp": "unknown"
  },
  {
    "title": "Vicore Appoints Leading Respiratory Medicine Developer Dr. Bertil Lindmark MD, PhD, as Chief Medical OfficerRead more",
    "link": "https://vicorepharma.com/mfn_news/vicore-appoints-leading-respiratory-medicine-developer-dr-bertil-lindmark-md-phd-as-chief-medical-officer/",
    "timestamp": "unknown"
  },
  {
    "title": "Vicore to Present at the  DNB Nordic Healthcare ConferenceRead more",
    "link": "https://vicorepharma.com/mfn_news/vicore-to-present-at-the--dnb-nordic-healthcare-conference/",
    "timestamp": "unknown"
  },
  {
    "title": "Vicore to Present at  SEB Healthcare SeminarRead more",
    "link": "https://vicorepharma.com/mfn_news/vicore-to-present-at--seb-healthcare-seminar/",
    "timestamp": "unknown"
  },
  {
    "title": "Vicore to Present at the Stifel  Healthcare ConferenceRead more",
    "link": "https://vicorepharma.com/mfn_news/vicore-to-present-at-the-stifel--healthcare-conference/",
    "timestamp": "unknown"
  },
  {
    "title": "| RegulatoryInterim report July-SeptemberRead more",
    "link": "https://vicorepharma.com/mfn_news/interim-report-july-september-/",
    "timestamp": "unknown"
  },
  {
    "title": "| RegulatoryVicore announces the Nomination Committee for the  Annual General MeetingRead more",
    "link": "https://vicorepharma.com/mfn_news/vicore-announces-the-nomination-committee-for-the--annual-general-meeting/",
    "timestamp": "unknown"
  },
  {
    "title": "Vicore provides update regarding Phase  study of C106Read more",
    "link": "https://vicorepharma.com/mfn_news/vicore-provides-update-regarding-phase--study-of-c106/",
    "timestamp": "unknown"
  },
  {
    "title": "Ahmed Mousa starts as the new CEO of Vicore tomorrowRead more",
    "link": "https://vicorepharma.com/mfn_news/ahmed-mousa-starts-as-the-new-ceo-of-vicore-tomorrow/",
    "timestamp": "unknown"
  },
  {
    "title": "Vicore Pharma Announces Presentations at the European Respiratory Society (ERS) International CongressRead more",
    "link": "https://vicorepharma.com/mfn_news/vicore-pharma-announces-presentations-at-the-european-respiratory-society-ers-international-congress-/",
    "timestamp": "unknown"
  },
  {
    "title": "Vicore Pharma Announces Presentation at the Pareto Securities 14th Annual Healthcare ConferenceRead more",
    "link": "https://vicorepharma.com/mfn_news/vicore-pharma-announces-presentation-at-the-pareto-securities-14th-annual-healthcare-conference/",
    "timestamp": "unknown"
  },
  {
    "title": "| RegulatoryInterim report April-JuneRead more",
    "link": "https://vicorepharma.com/mfn_news/interim-report-april-june-/",
    "timestamp": "unknown"
  },
  {
    "title": "Vicore reports data from EndoPAT\u00ae exploratory trialRead more",
    "link": "https://vicorepharma.com/mfn_news/vicore-reports-data-from-endopat-exploratory-trial/",
    "timestamp": "unknown"
  },
  {
    "title": "| RegulatoryIncrease of number of shares and votes in Vicore PharmaRead more",
    "link": "https://vicorepharma.com/mfn_news/increase-of-number-of-shares-and-votes-in-vicore-pharma-/",
    "timestamp": "unknown"
  },
  {
    "title": "| RegulatoryVicore announces the appointment of Ahmed Mousa as CEORead more",
    "link": "https://vicorepharma.com/mfn_news/vicore-announces-the-appointment-of-ahmed-mousa-as-ceo/",
    "timestamp": "unknown"
  },
  {
    "title": "| RegulatoryVicore Pharma publishes a prospectus for admission to trading of shares on Nasdaq StockholmRead more",
    "link": "https://vicorepharma.com/mfn_news/vicore-pharma-publishes-a-prospectus-for-admission-to-trading-of-shares-on-nasdaq-stockholm/",
    "timestamp": "unknown"
  },
  {
    "title": "| RegulatoryVicore announces CEO recruitment processRead more",
    "link": "https://vicorepharma.com/mfn_news/vicore-announces-ceo-recruitment-process/",
    "timestamp": "unknown"
  },
  {
    "title": "| RegulatoryBulletin from the extraordinary general meeting of Vicore Pharma Holding AB (publ)Read more",
    "link": "https://vicorepharma.com/mfn_news/bulletin-from-the-extraordinary-general-meeting-of-vicore-pharma-holding-ab-publ/",
    "timestamp": "unknown"
  },
  {
    "title": "| RegulatoryIncrease of number of shares and votes in Vicore PharmaRead more",
    "link": "https://vicorepharma.com/mfn_news/increase-of-number-of-shares-and-votes-in-vicore-pharma-/",
    "timestamp": "unknown"
  },
  {
    "title": "| RegulatoryNotice of extraordinary general meeting of Vicore Pharma Holding AB (publ)Read more",
    "link": "https://vicorepharma.com/mfn_news/notice-of-extraordinary-general-meeting-of-vicore-pharma-holding-ab-publ-/",
    "timestamp": "unknown"
  },
  {
    "title": "| RegulatoryVicore has carried out directed share issuances of in total ,, shares at a subscription price of SEK . per share, raising gross proceeds o",
    "link": "https://vicorepharma.com/mfn_news/vicore-has-carried-out-directed-share-issuances-of-in-total--shares-at-a-subscription-price-of-sek---per-share-raising-gross-proceeds-of-sek--million/",
    "timestamp": "unknown"
  },
  {
    "title": "| RegulatoryVicore intends to carry out directed share issuancesRead more",
    "link": "https://vicorepharma.com/mfn_news/vicore-intends-to-carry-out-directed-share-issuances/",
    "timestamp": "unknown"
  },
  {
    "title": "Vicore further strengthens patent protection for C21Read more",
    "link": "https://vicorepharma.com/mfn_news/vicore-further-strengthens-patent-protection-for-c21/",
    "timestamp": "unknown"
  },
  {
    "title": "Vicore obtains significant new patent protection for C21 in the USRead more",
    "link": "https://vicorepharma.com/mfn_news/vicore-obtains-significant-new-patent-protection-for-c21-in-the-us/",
    "timestamp": "unknown"
  },
  {
    "title": "Vicore reports new -week data from the AIR trial demonstrating sustained disease stabilization and increase in lung function in IPF patientsRead more",
    "link": "https://vicorepharma.com/mfn_news/vicore-reports-new--week-data-from-the-air-trial-demonstrating-sustained-disease-stabilization-and-increase-in-lung-function-in-ipf-patients/",
    "timestamp": "unknown"
  },
  {
    "title": "Vicore to host webcast with updated AIR trial results after presentation at the ATS congressRead more",
    "link": "https://vicorepharma.com/mfn_news/vicore-to-host-webcast-with-updated-air-trial-results-after-presentation-at-the-ats-congress/",
    "timestamp": "unknown"
  },
  {
    "title": "Vicore strengthens its Board of DirectorsRead more",
    "link": "https://vicorepharma.com/mfn_news/vicore-strengthens-its-board-of-directors/",
    "timestamp": "unknown"
  },
  {
    "title": "| RegulatoryBulletin from the annual general meeting of Vicore Pharma Holding AB (publ)Read more",
    "link": "https://vicorepharma.com/mfn_news/bulletin-from-the-annual-general-meeting-of-vicore-pharma-holding-ab-publ-/",
    "timestamp": "unknown"
  },
  {
    "title": "| RegulatoryCorrection: Interim report January-MarchRead more",
    "link": "https://vicorepharma.com/mfn_news/correction-interim-report-january-march-/",
    "timestamp": "unknown"
  },
  {
    "title": "| RegulatoryInterim report January-MarchRead more",
    "link": "https://vicorepharma.com/mfn_news/interim-report-january-march-/",
    "timestamp": "unknown"
  },
  {
    "title": "Vicore initiates clinical proof-of-concept study of endothelial dysfunctionRead more",
    "link": "https://vicorepharma.com/mfn_news/vicore-initiates-clinical-proof-of-concept-study-of-endothelial-dysfunction/",
    "timestamp": "unknown"
  },
  {
    "title": "| RegulatoryNotice of annual general meeting of Vicore Pharma Holding AB (publ)Read more",
    "link": "https://vicorepharma.com/mfn_news/notice-of-annual-general-meeting-of-vicore-pharma-holding-ab-publ-/",
    "timestamp": "unknown"
  },
  {
    "title": "| RegulatoryVicore Pharma publishes the Annual Report forRead more",
    "link": "https://vicorepharma.com/mfn_news/vicore-pharma-publishes-the-annual-report-for-/",
    "timestamp": "unknown"
  },
  {
    "title": "Vicore to announce AIR trial update at the ATS congress on May 21stRead more",
    "link": "https://vicorepharma.com/mfn_news/vicore-to-announce-air-trial-update-at-the-ats-congress-on-may-21st/",
    "timestamp": "unknown"
  },
  {
    "title": "Vicore receives Innovation Passport designation by the UK regulatory agency MHRA for C21 in IPFRead more",
    "link": "https://vicorepharma.com/mfn_news/vicore-receives-innovation-passport-designation-by-the-uk-regulatory-agency-mhra-for-c21-in-ipf/",
    "timestamp": "unknown"
  },
  {
    "title": "| RegulatoryYear-end reportRead more",
    "link": "https://vicorepharma.com/mfn_news/year-end-report-/",
    "timestamp": "unknown"
  },
  {
    "title": "| RegulatoryIncrease of number of shares and votes in Vicore PharmaRead more",
    "link": "https://vicorepharma.com/mfn_news/increase-of-number-of-shares-and-votes-in-vicore-pharma/",
    "timestamp": "unknown"
  },
  {
    "title": "| RegulatoryVicore has carried out a directed share issue of ,, shares at a subscription price of SEK  per share, raising gross proceeds of SEK  milli",
    "link": "https://vicorepharma.com/mfn_news/vicore-has-carried-out-a-directed-share-issue-of--shares-at-a-subscription-price-of-sek--per-share-raising-gross-proceeds-of-sek--million/",
    "timestamp": "unknown"
  },
  {
    "title": "| RegulatoryVicore intends to carry out a directed share issueRead more",
    "link": "https://vicorepharma.com/mfn_news/vicore-intends-to-carry-out-a-directed-share-issue/",
    "timestamp": "unknown"
  },
  {
    "title": "Vicore announces first patient enrolled in COMPANION; a digital therapeutic pivotal study for patients with pulmonary fibrosisRead more",
    "link": "https://vicorepharma.com/mfn_news/vicore-announces-first-patient-enrolled-in-companion-a-digital-therapeutic-pivotal-study-for-patients-with-pulmonary-fibrosis/",
    "timestamp": "unknown"
  },
  {
    "title": "| RegulatoryVicore announces new data from the IPF AIR trial further strengthening the benefit-risk profile of C21Read more",
    "link": "https://vicorepharma.com/mfn_news/vicore-announces-new-data-from-the-ipf-air-trial-further-strengthening-the-benefit-risk-profile-of-c21/",
    "timestamp": "unknown"
  },
  {
    "title": "| RegulatoryInterim report July-SeptemberRead more",
    "link": "https://vicorepharma.com/mfn_news/interim-report-july-september-/",
    "timestamp": "unknown"
  },
  {
    "title": "| RegulatoryVicore announces the Nomination Committee for the  Annual General MeetingRead more",
    "link": "https://vicorepharma.com/mfn_news/vicore-announces-the-nomination-committee-for-the--annual-general-meeting/",
    "timestamp": "unknown"
  },
  {
    "title": "Vicore selects new ATRAG as next Drug CandidateRead more",
    "link": "https://vicorepharma.com/mfn_news/vicore-selects-new-atrag-as-next-drug-candidate/",
    "timestamp": "unknown"
  },
  {
    "title": "Vicore\u2019s digital therapeutic for IPF patients shows nearly % anxiety reduction in pilot studyRead more",
    "link": "https://vicorepharma.com/mfn_news/vicores-digital-therapeutic-for-ipf-patients-shows-nearly--anxiety-reduction-in-pilot-study/",
    "timestamp": "unknown"
  },
  {
    "title": "Vicore announces that C21 promotes vascular function in humansRead more",
    "link": "https://vicorepharma.com/mfn_news/vicore-announces-that-c21-promotes-vascular-function-in-humans/",
    "timestamp": "unknown"
  },
  {
    "title": "| RegulatoryVicore provides an update on the ATTRACT- COVID- trialRead more",
    "link": "https://vicorepharma.com/mfn_news/vicore-provides-an-update-on-the-attract--covid--trial/",
    "timestamp": "unknown"
  },
  {
    "title": "Vicore update on the AIR phase  trial in idiopathic pulmonary fibrosisRead more",
    "link": "https://vicorepharma.com/mfn_news/vicore-update-on-the-air-phase--trial-in-idiopathic-pulmonary-fibrosis/",
    "timestamp": "unknown"
  },
  {
    "title": "| RegulatoryInterim report April &#; JuneRead more",
    "link": "https://vicorepharma.com/mfn_news/interim-report-april-june-/",
    "timestamp": "unknown"
  },
  {
    "title": "Vicore announces multiple scientific abstracts and presentations at upcoming conferences during the autumnRead more",
    "link": "https://vicorepharma.com/mfn_news/vicore-announces-multiple-scientific-abstracts-and-presentations-at-upcoming-conferences-during-the-autumn/",
    "timestamp": "unknown"
  },
  {
    "title": "Vicore IPF interim data selected as an oral \u201clate-breaker\u201d at the ERS congressRead more",
    "link": "https://vicorepharma.com/mfn_news/vicore-ipf-interim-data-selected-as-an-oral-late-breaker-at-the-ers-congress/",
    "timestamp": "unknown"
  },
  {
    "title": "| RegulatoryIncrease of number of shares and votes in Vicore PharmaRead more",
    "link": "https://vicorepharma.com/mfn_news/increase-of-number-of-shares-and-votes-in-vicore-pharma-/",
    "timestamp": "unknown"
  },
  {
    "title": "Vicore resolves on a set-off issue of , shares as part of milestone compensationRead more",
    "link": "https://vicorepharma.com/mfn_news/vicore-resolves-on-a-set-off-issue-of--shares-as-part-of-milestone-compensation/",
    "timestamp": "unknown"
  },
  {
    "title": "Vicore announces first human dosed with novel ATRAG, C106Read more",
    "link": "https://vicorepharma.com/mfn_news/vicore-announces-first-human-dosed-with-novel-atrag-c106/",
    "timestamp": "unknown"
  },
  {
    "title": "Vicore amends primary endpoint to accelerate the Phase  trial in COVID- patientsRead more",
    "link": "https://vicorepharma.com/mfn_news/vicore-amends-primary-endpoint-to-accelerate-the-phase--trial-in-covid--patients/",
    "timestamp": "unknown"
  },
  {
    "title": "| RegulatoryBulletin from the annual general meeting of Vicore Pharma Holding AB (publ)Read more",
    "link": "https://vicorepharma.com/mfn_news/bulletin-from-the-annual-general-meeting-of-vicore-pharma-holding-ab-publ/",
    "timestamp": "unknown"
  },
  {
    "title": "| RegulatoryInterim report January &#; MarchRead more",
    "link": "https://vicorepharma.com/mfn_news/interim-report-january-march-/",
    "timestamp": "unknown"
  },
  {
    "title": "Vicore launches COMPANION, a clinical study investigating the benefit of digital therapy on anxiety in patients with idiopathic pulmonary fibrosis (IP",
    "link": "https://vicorepharma.com/mfn_news/vicore-launches-companion-a-clinical-study-investigating-the-benefit-of-digital-therapy-on-anxiety-in-patients-with-idiopathic-pulmonary-fibrosis-ipf/",
    "timestamp": "unknown"
  },
  {
    "title": "| RegulatoryNotice of annual general meeting of Vicore Pharma Holding AB (publ)Read more",
    "link": "https://vicorepharma.com/mfn_news/notice-of-annual-general-meeting-of-vicore-pharma-holding-ab-publ/",
    "timestamp": "unknown"
  },
  {
    "title": "| RegulatoryVicore Pharma publishes the Annual Report forRead more",
    "link": "https://vicorepharma.com/mfn_news/vicore-pharma-publishes-the-annual-report-for-/",
    "timestamp": "unknown"
  },
  {
    "title": "Michael Wolff Jensen resigns from the Vicore board of directors and is replaced by Jacob Gunterberg as chairman of the board up until the annual gener",
    "link": "https://vicorepharma.com/mfn_news/michael-wolff-jensen-resigns-from-the-vicore-board-of-directors-and-is-replaced-by-jacob-gunterberg-as-chairman-of-the-board-up-until-the-annual-general-meeting-in-may-/",
    "timestamp": "unknown"
  },
  {
    "title": "Vicore initiates human forearm blood flow study with C21Read more",
    "link": "https://vicorepharma.com/mfn_news/vicore-initiates-human-forearm-blood-flow-study-with-c21/",
    "timestamp": "unknown"
  },
  {
    "title": "Vicore strengthens rare lung disease pipeline with PAH indicationRead more",
    "link": "https://vicorepharma.com/mfn_news/vicore-strengthens-rare-lung-disease-pipeline-with-pah-indication/",
    "timestamp": "unknown"
  },
  {
    "title": "Vicore to host R&#;D DayRead more",
    "link": "https://vicorepharma.com/mfn_news/vicore-to-host-rd-day/",
    "timestamp": "unknown"
  },
  {
    "title": "| RegulatoryYear-end reportRead more",
    "link": "https://vicorepharma.com/mfn_news/year-end-report-/",
    "timestamp": "unknown"
  },
  {
    "title": "Vicore takes major step towards a clinical platform company targeting AT2R \u2013 new molecule ready for phaseRead more",
    "link": "https://vicorepharma.com/mfn_news/vicore-takes-major-step-towards-a-clinical-platform-company-targeting-at2r-new-molecule-ready-for-phase-/",
    "timestamp": "unknown"
  },
  {
    "title": "| RegulatoryVicore\u2019s AIR study interim analysis suggests that C21 improves lung function in IPF patientsRead more",
    "link": "https://vicorepharma.com/mfn_news/vicores-air-study-interim-analysis-suggests-that-c21-improves-lung-function-in-ipf-patients/",
    "timestamp": "unknown"
  },
  {
    "title": "| RegulatoryInterim report July &#; SeptemberRead more",
    "link": "https://vicorepharma.com/mfn_news/interim-report-july-september-/",
    "timestamp": "unknown"
  },
  {
    "title": "| RegulatoryVicore\u2019s C21 reduces long-term lung injury after COVID- in the ATTRACT Phase  extension studyRead more",
    "link": "https://vicorepharma.com/mfn_news/vicores-c21-reduces-long-term-lung-injury-after-covid--in-the-attract-phase--extension-study/",
    "timestamp": "unknown"
  },
  {
    "title": "Lancet\u2019s EClinicalMedicine publishes phase  data on C21 in COVID-Read more",
    "link": "https://vicorepharma.com/mfn_news/lancets-eclinicalmedicine-publishes-phase--data-on-c21-in-covid-/",
    "timestamp": "unknown"
  },
  {
    "title": "| RegulatoryVicore announces the Nomination Committee for the  Annual General MeetingRead more",
    "link": "https://vicorepharma.com/mfn_news/vicore-announces-the-nomination-committee-for-the--annual-general-meeting/",
    "timestamp": "unknown"
  },
  {
    "title": "Vicore to host Key Opinion Leader webinar on C21 for the treatment of idiopathic pulmonary fibrosis (IPF)Read more",
    "link": "https://vicorepharma.com/mfn_news/vicore-to-host-key-opinion-leader-webinar-on-c21-for-the-treatment-of-idiopathic-pulmonary-fibrosis-ipf/",
    "timestamp": "unknown"
  },
  {
    "title": "Vicore obtains SARS coronavirus patent for C21 in the USARead more",
    "link": "https://vicorepharma.com/mfn_news/vicore-obtains-sars-coronavirus-patent-for-c21-in-the-usa/",
    "timestamp": "unknown"
  },
  {
    "title": "Vicore starts dosing of first COVID- patients in the global phase  trial ATTRACT-Read more",
    "link": "https://vicorepharma.com/mfn_news/vicore-starts-dosing-of-first-covid--patients-in-the-global-phase--trial-attract-/",
    "timestamp": "unknown"
  },
  {
    "title": "| RegulatoryVicore strengthens its management teamRead more",
    "link": "https://vicorepharma.com/mfn_news/vicore-strengthens-its-management-team/",
    "timestamp": "unknown"
  },
  {
    "title": "| RegulatoryInterim report April &#; JuneRead more",
    "link": "https://vicorepharma.com/mfn_news/interim-report-april-june-/",
    "timestamp": "unknown"
  },
  {
    "title": "Vicore announces participation in investor meetings during JuneRead more",
    "link": "https://vicorepharma.com/mfn_news/vicore-announces-participation-in-investor-meetings-during-june-/",
    "timestamp": "unknown"
  },
  {
    "title": "Vicore announces FDA acceptance for pivotal phase  trial of C21 in COVID-Read more",
    "link": "https://vicorepharma.com/mfn_news/vicore-announces-fda-acceptance-for-pivotal-phase--trial-of-c21-in-covid-/",
    "timestamp": "unknown"
  },
  {
    "title": "| RegulatoryBulletin from the Annual General Meeting of Vicore Pharma Holding AB (publ)Read more",
    "link": "https://vicorepharma.com/mfn_news/bulletin-from-the-annual-general-meeting-of-vicore-pharma-holding-ab-publ-/",
    "timestamp": "unknown"
  },
  {
    "title": "| RegulatoryInterim report January &#; MarchRead more",
    "link": "https://vicorepharma.com/mfn_news/interim-report-january-march-/",
    "timestamp": "unknown"
  },
  {
    "title": "| RegulatoryVicore starts collaboration with Alex Therapeutics to develop new digital therapeutic for patients with IPFRead more",
    "link": "https://vicorepharma.com/mfn_news/vicore-starts-collaboration-with-alex-therapeutics-to-develop-new-digital-therapeutic-for-patients-with-ipf/",
    "timestamp": "unknown"
  },
  {
    "title": "Vicore Pharma to host Key Opinion Leader webinar on C21 for the treatment of COVID-Read more",
    "link": "https://vicorepharma.com/mfn_news/vicore-pharma-to-host-key-opinion-leader-webinar-on-c21-for-the-treatment-of-covid-/",
    "timestamp": "unknown"
  },
  {
    "title": "| RegulatoryVicore Pharma publishes the Annual Report forRead more",
    "link": "https://vicorepharma.com/mfn_news/vicore-pharma-publishes-the-annual-report-for-/",
    "timestamp": "unknown"
  },
  {
    "title": "| RegulatoryNotice of annual general meeting of Vicore Pharma Holding AB (publ)Read more",
    "link": "https://vicorepharma.com/mfn_news/notice-of-annual-general-meeting-of-vicore-pharma-holding-ab-publ-/",
    "timestamp": "unknown"
  },
  {
    "title": "| RegulatoryIncrease of number of shares and votes in Vicore PharmaRead more",
    "link": "https://vicorepharma.com/mfn_news/increase-of-number-of-shares-and-votes-in-vicore-pharma-/",
    "timestamp": "unknown"
  },
  {
    "title": "Vicore Pharma\u2019s drug candidate C21 dilates peripheral resistance vessels in fibrotic diseaseRead more",
    "link": "https://vicorepharma.com/mfn_news/vicore-pharmas-drug-candidate-c21-dilates-peripheral-resistance-vessels-in-fibrotic-disease/",
    "timestamp": "unknown"
  },
  {
    "title": "| RegulatoryPress release from the extraordinary general meeting of Vicore Pharma Holding AB (publ)Read more",
    "link": "https://vicorepharma.com/mfn_news/press-release-from-the-extraordinary-general-meeting-of-vicore-pharma-holding-ab-publ/",
    "timestamp": "unknown"
  },
  {
    "title": "| RegulatoryIncrease of number of shares and votes in Vicore PharmaRead more",
    "link": "https://vicorepharma.com/mfn_news/increase-of-number-of-shares-and-votes-in-vicore-pharma-/",
    "timestamp": "unknown"
  },
  {
    "title": "| RegulatoryYear-end reportRead more",
    "link": "https://vicorepharma.com/mfn_news/year-end-report-/",
    "timestamp": "unknown"
  },
  {
    "title": "| RegulatoryNotice of extraordinary general meeting of Vicore Pharma Holding AB (publ)Read more",
    "link": "https://vicorepharma.com/mfn_news/notice-of-extraordinary-general-meeting-of-vicore-pharma-holding-ab-publ/",
    "timestamp": "unknown"
  },
  {
    "title": "| RegulatoryVicore Pharma has completed a directed share issue of SEK  millionRead more",
    "link": "https://vicorepharma.com/mfn_news/vicore-pharma-has-completed-a-directed-share-issue-of-sek--million/",
    "timestamp": "unknown"
  },
  {
    "title": "| RegulatoryVicore Pharma intends to carry out a directed share issueRead more",
    "link": "https://vicorepharma.com/mfn_news/vicore-pharma-intends-to-carry-out-a-directed-share-issue/",
    "timestamp": "unknown"
  },
  {
    "title": "Positive data from Phase II study ATTRACT in patients with COVID-Read more",
    "link": "https://vicorepharma.com/mfn_news/positive-data-from-phase-ii-study-attract-in-patients-with-covid--published-online/",
    "timestamp": "unknown"
  },
  {
    "title": "Positive results show that C21 can become an important complement to COVID- vaccinesRead more",
    "link": "https://vicorepharma.com/mfn_news/positive-results-show-that-c21-can-become-an-important-complement-to-covid--vaccines/",
    "timestamp": "unknown"
  },
  {
    "title": "Vicore Pharma announces Last Patient Last Visit in the mechanistic phase II study with C21 in systemic sclerosisRead more",
    "link": "https://vicorepharma.com/mfn_news/vicore-pharma-announces-last-patient-last-visit-in-the-mechanistic-phase-ii-study-with-c21-in-systemic-sclerosis/",
    "timestamp": "unknown"
  },
  {
    "title": "| RegulatoryVicore Pharma reports positive top line data from the ATTRACT clinical study in patients with COVID-Read more",
    "link": "https://vicorepharma.com/mfn_news/vicore-pharma-reports-positive-top-line-data-from-the-attract-clinical-study-in-patients-with-covid-/",
    "timestamp": "unknown"
  },
  {
    "title": "Vicore Pharma recruits the first patient in the phase II Proof-of-Concept study in idiopathic pulmonary fibrosisRead more",
    "link": "https://vicorepharma.com/mfn_news/vicore-pharma-recruits-the-first-patient-in-the-phase-ii-proof-of-concept-study-in-idiopathic-pulmonary-fibrosis/",
    "timestamp": "unknown"
  },
  {
    "title": "| RegulatoryInterim report July-SeptemberRead more",
    "link": "https://vicorepharma.com/mfn_news/interim-report-july-september-/",
    "timestamp": "unknown"
  },
  {
    "title": "Vicore announces changes in management teamRead more",
    "link": "https://vicorepharma.com/mfn_news/vicore-announces-changes-in-management-team/",
    "timestamp": "unknown"
  },
  {
    "title": "Vicore strengthens its pipeline with the acquisition of novel AT2R agonists and decides on an issue in kind of , sharesRead more",
    "link": "https://vicorepharma.com/mfn_news/vicore-strengthens-its-pipeline-with-the-acquisition-of-novel-at2r-agonists-and-decides-on-an-issue-in-kind-of--shares/",
    "timestamp": "unknown"
  },
  {
    "title": "| RegulatoryVicore Pharma announces the Nomination Committee for the  Annual General MeetingRead more",
    "link": "https://vicorepharma.com/mfn_news/vicore-pharma-announces-the-nomination-committee-for-the--annual-general-meeting/",
    "timestamp": "unknown"
  },
  {
    "title": "Vicore Pharma announces completion of patient enrollment in the COVID- ATTRACT trialRead more",
    "link": "https://vicorepharma.com/mfn_news/vicore-pharma-announces-completion-of-patient-enrollment-in-the-covid--attract-trial/",
    "timestamp": "unknown"
  },
  {
    "title": "Robust effects of VP01 in human idiopathic pulmonary fibrosis lung tissueRead more",
    "link": "https://vicorepharma.com/mfn_news/robust-effects-of-vp01-in-human-idiopathic-pulmonary-fibrosis-lung-tissue/",
    "timestamp": "unknown"
  },
  {
    "title": "| RegulatoryIncrease of number of shares and votes in Vicore PharmaRead more",
    "link": "https://vicorepharma.com/mfn_news/increase-of-number-of-shares-and-votes-in-vicore-pharma-/",
    "timestamp": "unknown"
  },
  {
    "title": "| RegulatoryInterim report April-JuneRead more",
    "link": "https://vicorepharma.com/mfn_news/interim-report-april-june-/",
    "timestamp": "unknown"
  },
  {
    "title": "Vicore Pharma restarts mechanistic study with VP01 in systemic sclerosisRead more",
    "link": "https://vicorepharma.com/mfn_news/vicore-pharma-restarts-mechanistic-study-with-vp01-in-systemic-sclerosis/",
    "timestamp": "unknown"
  },
  {
    "title": "| RegulatoryVicore Pharma publishes a prospectus for admission to trading of shares on Nasdaq Stockholm in connection with a directed share issueRead ",
    "link": "https://vicorepharma.com/mfn_news/vicore-pharma-publishes-a-prospectus-for-admission-to-trading-of-shares-on-nasdaq-stockholm-in-connection-with-a-directed-share-issue/",
    "timestamp": "unknown"
  },
  {
    "title": "Vicore Pharma doses first COVID- patient in the ATTRACT study in IndiaRead more",
    "link": "https://vicorepharma.com/mfn_news/vicore-pharma-doses-first-covid--patient-in-the-attract-study-in-india/",
    "timestamp": "unknown"
  },
  {
    "title": "| RegulatoryVicore Pharma has completed a directed share issue of SEK  millionRead more",
    "link": "https://vicorepharma.com/mfn_news/vicore-pharma-has-completed-a-directed-share-issue-of-sek--million/",
    "timestamp": "unknown"
  },
  {
    "title": "| RegulatoryVicore Pharma intends to carry out a directed share issueRead more",
    "link": "https://vicorepharma.com/mfn_news/vicore-pharma-intends-to-carry-out-a-directed-share-issue-/",
    "timestamp": "unknown"
  },
  {
    "title": "Vicore Pharma expands recruitment base for the ATTRACT studyRead more",
    "link": "https://vicorepharma.com/mfn_news/vicore-pharma-expands-recruitment-base-for-the-attract-study/",
    "timestamp": "unknown"
  },
  {
    "title": "Vicore Pharma&#;s drug candidate VP01 demonstrates potential for significant benefit in severe pulmonary hypertensionRead more",
    "link": "https://vicorepharma.com/mfn_news/vicore-pharmas-drug-candidate-vp01-demonstrates-potential-for-significant-benefit-in-severe-pulmonary-hypertension/",
    "timestamp": "unknown"
  },
  {
    "title": "LifeArc awards \u00a3 . million grant to Vicore Pharma for the VP01 COVID- clinical studyRead more",
    "link": "https://vicorepharma.com/mfn_news/lifearc-awards---million-grant-to-vicore-pharma-for-the-vp01-covid--clinical-study/",
    "timestamp": "unknown"
  },
  {
    "title": "| RegulatoryBulletin from the Annual General Meeting of Vicore Pharma Holding AB (publ)Read more",
    "link": "https://vicorepharma.com/mfn_news/bulletin-from-the-annual-general-meeting-of-vicore-pharma-holding-ab-publ-/",
    "timestamp": "unknown"
  },
  {
    "title": "| RegulatoryInterim report January &#; MarchRead more",
    "link": "https://vicorepharma.com/mfn_news/interim-report-january-march-/",
    "timestamp": "unknown"
  },
  {
    "title": "Vicore Pharma receives regulatory approval to start phase II clinical trial with VP01 (C21) in patients with IPFRead more",
    "link": "https://vicorepharma.com/mfn_news/vicore-pharma-receives-regulatory-approval-to-start-phase-ii-clinical-trial-with-vp01-c21-in-patients-with-ipf/",
    "timestamp": "unknown"
  },
  {
    "title": "Vicore offers advance voting in connection with the  AGMRead more",
    "link": "https://vicorepharma.com/mfn_news/vicore-offers-advance-voting-in-connection-with-the--agm/",
    "timestamp": "unknown"
  },
  {
    "title": "Vicore Pharma gets regulatory approval to start phase II clinical trial with VP01 (C21) in patients with COVID-, SARS CoV- infectionRead more",
    "link": "https://vicorepharma.com/mfn_news/vicore-pharma-gets-regulatory-approval-to-start-phase-ii-clinical-trial-with-vp01-c21-in-patients-with-covid--sars-cov--infection/",
    "timestamp": "unknown"
  },
  {
    "title": "| RegulatoryNotice of annual general meeting of Vicore Pharma Holding AB (publ)Read more",
    "link": "https://vicorepharma.com/mfn_news/notice-of-annual-general-meeting-of-vicore-pharma-holding-ab-publ-/",
    "timestamp": "unknown"
  },
  {
    "title": "| RegulatoryVicore Pharma publishes the Annual Report forRead more",
    "link": "https://vicorepharma.com/mfn_news/vicore-pharma-publishes-the-annual-report-for-/",
    "timestamp": "unknown"
  },
  {
    "title": "| RegulatoryVicore Pharma submits Letter of Intent for a clinical trial application for a phase II study in patients with COVID-, SARS CoV- infectionR",
    "link": "https://vicorepharma.com/mfn_news/vicore-pharma-submits-letter-of-intent-for-a-clinical-trial-application-for-a-phase-ii-study-in-patients-with-covid--sars-cov--infection/",
    "timestamp": "unknown"
  },
  {
    "title": "Vicore submits clinical trial application for phase II trial with C21 in IPFRead more",
    "link": "https://vicorepharma.com/mfn_news/vicore-submits-clinical-trial-application-for-phase-ii-trial-with-c21-in-ipf/",
    "timestamp": "unknown"
  },
  {
    "title": "Vicore informs on clinical programs in relation to the current outbreak of COVID-Read more",
    "link": "https://vicorepharma.com/mfn_news/vicore-informs-on-clinical-programs-in-relation-to-the-current-outbreak-of-covid-/",
    "timestamp": "unknown"
  },
  {
    "title": "| RegulatoryYear-end reportRead more",
    "link": "https://vicorepharma.com/mfn_news/year-end-report-/",
    "timestamp": "unknown"
  },
  {
    "title": "| RegulatoryIncrease of number of shares and votes in Vicore PharmaRead more",
    "link": "https://vicorepharma.com/mfn_news/increase-of-number-of-shares-and-votes-in-vicore-pharma-/",
    "timestamp": "unknown"
  },
  {
    "title": "Update on progress for drug development programs VP01 (C21) and VP02 (IMiD)Read more",
    "link": "https://vicorepharma.com/mfn_news/update-on-progress-for-drug-development-programs-vp01-c21-and-vp02-imid/",
    "timestamp": "unknown"
  },
  {
    "title": "| RegulatoryIncrease of number of shares and votes in Vicore PharmaRead more",
    "link": "https://vicorepharma.com/mfn_news/increase-of-number-of-shares-and-votes-in-vicore-pharma-/",
    "timestamp": "unknown"
  },
  {
    "title": "| RegulatoryVicore Pharma has completed a directed share issue of approximately SEK  millionRead more",
    "link": "https://vicorepharma.com/mfn_news/vicore-pharma-has-completed-a-directed-share-issue-of-approximately-sek--million/",
    "timestamp": "unknown"
  },
  {
    "title": "| RegulatoryVicore Pharma intends to carry out a directed share issueRead more",
    "link": "https://vicorepharma.com/mfn_news/vicore-pharma-intends-to-carry-out-a-directed-share-issue-/",
    "timestamp": "unknown"
  },
  {
    "title": "| RegulatoryInterim report January-SeptemberRead more",
    "link": "https://vicorepharma.com/mfn_news/interim-report-january-september-/",
    "timestamp": "unknown"
  },
  {
    "title": "| RegulatoryVicore Pharma announces the Nomination Committee for the  Annual General MeetingRead more",
    "link": "https://vicorepharma.com/mfn_news/vicore-pharma-announces-the-nomination-committee-for-the--annual-general-meeting/",
    "timestamp": "unknown"
  },
  {
    "title": "Update on progress in clinical lead program VP01 (C21)Read more",
    "link": "https://vicorepharma.com/mfn_news/update-on-progress-in-clinical-lead-program-vp01-c21/",
    "timestamp": "unknown"
  },
  {
    "title": "| RegulatoryVicore Pharma publishes prospectus in connection with its listing on Nasdaq StockholmRead more",
    "link": "https://vicorepharma.com/mfn_news/vicore-pharma-publishes-prospectus-in-connection-with-its-listing-on-nasdaq-stockholm/",
    "timestamp": "unknown"
  },
  {
    "title": "| RegulatoryVicore Pharma has been approved for listing on Nasdaq StockholmRead more",
    "link": "https://vicorepharma.com/mfn_news/vicore-pharma-has-been-approved-for-listing-on-nasdaq-stockholm/",
    "timestamp": "unknown"
  },
  {
    "title": "| RegulatorySafe and well tolerated dose of C21 established in successful dose escalation phase  studyRead more",
    "link": "https://vicorepharma.com/mfn_news/safe-and-well-tolerated-dose-of-c21-established-in-successful-dose-escalation-phase--study/",
    "timestamp": "unknown"
  },
  {
    "title": "| RegulatoryInterim report April-JuneRead more",
    "link": "https://vicorepharma.com/mfn_news/interim-report-april-june-/",
    "timestamp": "unknown"
  },
  {
    "title": "| RegulatoryBulletin from the annual general meeting of Vicore Pharma Holding AB (publ)Read more",
    "link": "https://vicorepharma.com/mfn_news/bulletin-from-the-annual-general-meeting-of-vicore-pharma-holding-ab-publ-/",
    "timestamp": "unknown"
  },
  {
    "title": "| RegulatoryInterim report January &#; MarchRead more",
    "link": "https://vicorepharma.com/mfn_news/interim-report-january-march-/",
    "timestamp": "unknown"
  },
  {
    "title": "| RegulatoryVicore Pharma announces systemic sclerosis as the second indication for VP01Read more",
    "link": "https://vicorepharma.com/mfn_news/vicore-pharma-announces-systemic-sclerosis-as-the-second-indication-for-vp01/",
    "timestamp": "unknown"
  },
  {
    "title": "| RegulatoryNotice of Annual General Meeting of Vicore Pharma Holding AB (publ)Read more",
    "link": "https://vicorepharma.com/mfn_news/notice-of-annual-general-meeting-of-vicore-pharma-holding-ab-publ-/",
    "timestamp": "unknown"
  },
  {
    "title": "| RegulatoryVicore Pharma&#;s Annual Report  publishedRead more",
    "link": "https://vicorepharma.com/mfn_news/vicore-pharmas-annual-report--published/",
    "timestamp": "unknown"
  },
  {
    "title": "| RegulatoryYear-end reportRead more",
    "link": "https://vicorepharma.com/mfn_news/year-end-report-/",
    "timestamp": "unknown"
  },
  {
    "title": "| RegulatoryVicore Pharma postpones publication of year-end reportRead more",
    "link": "https://vicorepharma.com/mfn_news/vicore-pharma-postpones-publication-of-year-end-report/",
    "timestamp": "unknown"
  },
  {
    "title": "| RegulatoryPress release from the extraordinary general meeting of Vicore PharmaRead more",
    "link": "https://vicorepharma.com/mfn_news/press-release-from-the-extraordinary-general-meeting-of-vicore-pharma/",
    "timestamp": "unknown"
  },
  {
    "title": "| RegulatoryNotice of extraordinary general meeting of Vicore Pharma Holding AB (publ)Read more",
    "link": "https://vicorepharma.com/mfn_news/notice-of-extraordinary-general-meeting-of-vicore-pharma-holding-ab-publ-/",
    "timestamp": "unknown"
  },
  {
    "title": "| RegulatoryVicore Pharma\u2019s Board of Directors has resolved on a directed share issue of around SEK  million to finance the continued development of t",
    "link": "https://vicorepharma.com/mfn_news/vicore-pharmas-board-of-directors-has-resolved-on-a-directed-share-issue-of-around-sek--million-to-finance-the-continued-development-of-the-drug-development-programs-vp01-and-vp02/",
    "timestamp": "unknown"
  },
  {
    "title": "| RegulatoryInterim report July-SeptemberRead more",
    "link": "https://vicorepharma.com/mfn_news/interim-report-july-september-/",
    "timestamp": "unknown"
  },
  {
    "title": "| RegulatoryVicore Pharma\u2019s rights issue registered \u2013 conversion of BTA to sharesRead more",
    "link": "https://vicorepharma.com/mfn_news/vicore-pharmas-rights-issue-registered-conversion-of-bta-to-shares/",
    "timestamp": "unknown"
  },
  {
    "title": "| RegulatoryG\u00f6ran Wessman resigns from the Board \u2013 joins the Nomination Committee now appointed in Vicore Pharma HoldingRead more",
    "link": "https://vicorepharma.com/mfn_news/goran-wessman-resigns-from-the-board-joins-the-nomination-committee-now-appointed-in-vicore-pharma-holding/",
    "timestamp": "unknown"
  },
  {
    "title": "| RegulatoryRights issue in Vicore oversubscribed by  percent \u2013 The company receives SEK .4MRead more",
    "link": "https://vicorepharma.com/mfn_news/rights-issue-in-vicore-oversubscribed-by--percent-the-company-receives-sek--4m/",
    "timestamp": "unknown"
  },
  {
    "title": "| RegulatoryVicore Pharma postpones publication of interim reportRead more",
    "link": "https://vicorepharma.com/mfn_news/vicore-pharma-postpones-publication-of-interim-report/",
    "timestamp": "unknown"
  },
  {
    "title": "| RegulatoryVicore publishes prospectus and new financial information contained in the prospectusRead more",
    "link": "https://vicorepharma.com/mfn_news/vicore-publishes-prospectus-and-new-financial-information-contained-in-the-prospectus/",
    "timestamp": "unknown"
  },
  {
    "title": "| RegulatoryVicore Pharma strengthens team with two key hires to support focus on rare lung diseaseRead more",
    "link": "https://vicorepharma.com/mfn_news/vicore-pharma-strengthens-team-with-two-key-hires-to-support-focus-on-rare-lung-disease/",
    "timestamp": "unknown"
  },
  {
    "title": "| RegulatoryInformation relating to the decided rights issue in Vicore PharmaRead more",
    "link": "https://vicorepharma.com/mfn_news/information-relating-to-the-decided-rights-issue-in-vicore-pharma/",
    "timestamp": "unknown"
  },
  {
    "title": "| RegulatoryVicore Pharma expands VP01 (C21) clinical program to enable functional read outRead more",
    "link": "https://vicorepharma.com/mfn_news/vicore-pharma-expands-vp01-c21-clinical-program-to-enable-functional-read-out/",
    "timestamp": "unknown"
  },
  {
    "title": "| RegulatoryCarl-Johan Dalsgaard Appointed New CEO of Vicore PharmaRead more",
    "link": "https://vicorepharma.com/mfn_news/carl-johan-dalsgaard-appointed-new-ceo-of-vicore-pharma/",
    "timestamp": "unknown"
  },
  {
    "title": "| RegulatoryInterim report April-JuneRead more",
    "link": "https://vicorepharma.com/mfn_news/interim-report-april-june-/",
    "timestamp": "unknown"
  },
  {
    "title": "| RegulatoryVicore Pharmas acquisition of INIM Pharma completedRead more",
    "link": "https://vicorepharma.com/mfn_news/vicore-pharmas-acquisition-of-inim-pharma-completed/",
    "timestamp": "unknown"
  },
  {
    "title": "| RegulatoryLast day of trading including right to dividend shares in I-Tech ABRead more",
    "link": "https://vicorepharma.com/mfn_news/last-day-of-trading-including-right-to-dividend-shares-in-i-tech-ab/",
    "timestamp": "unknown"
  },
  {
    "title": "| RegulatoryPress release from the Extra General Meeting August ,Read more",
    "link": "https://vicorepharma.com/mfn_news/press-release-from-the-extra-general-meeting-august--/",
    "timestamp": "unknown"
  },
  {
    "title": "| RegulatoryNotice of Extraordinary General Meeting of Vicore Pharma Holding AB (publ)Read more",
    "link": "https://vicorepharma.com/mfn_news/notice-of-extraordinary-general-meeting-of-vicore-pharma-holding-ab-publ-/",
    "timestamp": "unknown"
  },
  {
    "title": "| RegulatoryVicore Pharma and HealthCap create a leading drug development company focused on severe lung diseasesRead more",
    "link": "https://vicorepharma.com/mfn_news/vicore-pharma-and-healthcap-create-a-leading-drug-development-company-focused-on-severe-lung-diseases/",
    "timestamp": "unknown"
  },
  {
    "title": "| RegulatoryPress release from the Annual General Meeting June ,Read more",
    "link": "https://vicorepharma.com/mfn_news/press-release-from-the-annual-general-meeting-june--/",
    "timestamp": "unknown"
  },
  {
    "title": "| RegulatorySummons to attend the Annual General Meeting of Vicore Pharma Holding AB (publ).Read more",
    "link": "https://vicorepharma.com/mfn_news/summons-to-attend-the-annual-general-meeting-of-vicore-pharma-holding-ab-publ/",
    "timestamp": "unknown"
  },
  {
    "title": "| RegulatoryInterim report January-MarchRead more",
    "link": "https://vicorepharma.com/mfn_news/interim-report-january-march-/",
    "timestamp": "unknown"
  },
  {
    "title": "| RegulatoryVicore Pharma cancels the AGM on May ,Read more",
    "link": "https://vicorepharma.com/mfn_news/vicore-pharma-cancels-the-agm-on-may--/",
    "timestamp": "unknown"
  },
  {
    "title": "| RegulatoryVicore Pharma receives approval to start Phase IIa study in IPFRead more",
    "link": "https://vicorepharma.com/mfn_news/vicore-pharma-receives-approval-to-start-phase-iia-study-in-ipf/",
    "timestamp": "unknown"
  },
  {
    "title": "| RegulatoryVicore Pharma publish annual report forRead more",
    "link": "https://vicorepharma.com/mfn_news/vicore-pharma-publish-annual-report-for-/",
    "timestamp": "unknown"
  },
  {
    "title": "| RegulatorySummons to attend the Annual General Meeting of Vicore Pharma Holding AB (publ)Read more",
    "link": "https://vicorepharma.com/mfn_news/summons-to-attend-the-annual-general-meeting-of-vicore-pharma-holding-ab-publ-/",
    "timestamp": "unknown"
  },
  {
    "title": "Frontiers in Physiology publish data with C21 on pulmonary fibrosisRead more",
    "link": "https://vicorepharma.com/mfn_news/frontiers-in-physiology-publish-data-with-c21-on-pulmonary-fibrosis/",
    "timestamp": "unknown"
  },
  {
    "title": "Vicore Pharma\u2019s holding I-Tech enters long-term commercial agreement with global marine paint companyRead more",
    "link": "https://vicorepharma.com/mfn_news/vicore-pharmas-holding-i-tech-enters-long-term-commercial-agreement-with-global-marine-paint-company/",
    "timestamp": "unknown"
  },
  {
    "title": "| RegulatoryVicore Pharma\u2019s holding I-Tech strengthens supply chain with strategic acquisitionRead more",
    "link": "https://vicorepharma.com/mfn_news/vicore-pharmas-holding-i-tech-strengthens-supply-chain-with-strategic-acquisition/",
    "timestamp": "unknown"
  },
  {
    "title": "| RegulatoryYear-end reportRead more",
    "link": "https://vicorepharma.com/mfn_news/year-end-report-/",
    "timestamp": "unknown"
  },
  {
    "title": "| RegulatoryVicore Pharma acquires shares in I-TechRead more",
    "link": "https://vicorepharma.com/mfn_news/vicore-pharma-acquires-shares-in-i-tech/",
    "timestamp": "unknown"
  },
  {
    "title": "Highlights from new publications on C21 and the AT2 receptorRead more",
    "link": "https://vicorepharma.com/mfn_news/highlights-from-new-publications-on-c21-and-the-at2-receptor/",
    "timestamp": "unknown"
  },
  {
    "title": "| RegulatoryVicore Pharma increases its holding in I-Tech ABRead more",
    "link": "https://vicorepharma.com/mfn_news/vicore-pharma-increases-its-holding-in-i-tech-ab/",
    "timestamp": "unknown"
  },
  {
    "title": "| RegulatoryVicore Pharma has submitted an application to start a phase II study for Idiopathic Pulmonary FibrosisRead more",
    "link": "https://vicorepharma.com/mfn_news/vicore-pharma-has-submitted-an-application-to-start-a-phase-ii-study-for-idiopathic-pulmonary-fibrosis/",
    "timestamp": "unknown"
  },
  {
    "title": "| RegulatoryVicore Pharma\u00b4s board member G\u00f6ran Arvidson has passed awayRead more",
    "link": "https://vicorepharma.com/mfn_news/vicore-pharmas-board-member-goran-arvidson-has-passed-away/",
    "timestamp": "unknown"
  },
  {
    "title": "Vicore Pharma to Attend Two Investor Conferences in London in NovemberRead more",
    "link": "https://vicorepharma.com/mfn_news/vicore-pharma-to-attend-two-investor-conferences-in-london-in-november-/",
    "timestamp": "unknown"
  },
  {
    "title": "| RegulatoryInterim report July-SeptemberRead more",
    "link": "https://vicorepharma.com/mfn_news/interim-report-july-september-/",
    "timestamp": "unknown"
  },
  {
    "title": "Clinical potential of C21 highlighted in review publicationsRead more",
    "link": "https://vicorepharma.com/mfn_news/clinical-potential-of-c21-highlighted-in-review-publications/",
    "timestamp": "unknown"
  },
  {
    "title": "| RegulatoryPhase I extension study demonstrates beneficial effects on lipid metabolism with C21Read more",
    "link": "https://vicorepharma.com/mfn_news/phase-i-extension-study-demonstrates-beneficial-effects-on-lipid-metabolism-with-c21/",
    "timestamp": "unknown"
  },
  {
    "title": "| RegulatoryInterim report April-JuneRead more",
    "link": "https://vicorepharma.com/mfn_news/interim-report-april-june-/",
    "timestamp": "unknown"
  },
  {
    "title": "| RegulatoryResults from extension study with C21 show safety, tolerability and indicate effects on lipid metabolismRead more",
    "link": "https://vicorepharma.com/mfn_news/results-from-extension-study-with-c21-show-safety-tolerability-and-indicate-effects-on-lipid-metabolism/",
    "timestamp": "unknown"
  },
  {
    "title": "| RegulatoryVicore Pharma makes strategic recruitmentsRead more",
    "link": "https://vicorepharma.com/mfn_news/vicore-pharma-makes-strategic-recruitments/",
    "timestamp": "unknown"
  },
  {
    "title": "| RegulatoryVicore Pharma appoints Erik Penser Bank as Certified AdviserRead more",
    "link": "https://vicorepharma.com/mfn_news/vicore-pharma-appoints-erik-penser-bank-as-certified-adviser/",
    "timestamp": "unknown"
  },
  {
    "title": "| RegulatoryNewly appointed Chairman of the Board increases his holdings in Vicore Pharma HoldingRead more",
    "link": "https://vicorepharma.com/mfn_news/newly-appointed-chairman-of-the-board-increases-his-holdings-in-vicore-pharma-holding/",
    "timestamp": "unknown"
  },
  {
    "title": "Vicore Pharma to participate in Jefferies Healthcare ConferenceRead more",
    "link": "https://vicorepharma.com/mfn_news/vicore-pharma-to-participate-in-jefferies-healthcare-conference/",
    "timestamp": "unknown"
  },
  {
    "title": "| RegulatoryPress release from the Annual General Meeting May ,Read more",
    "link": "https://vicorepharma.com/mfn_news/press-release-from-the-annual-general-meeting-may--/",
    "timestamp": "unknown"
  },
  {
    "title": "| RegulatoryInterim report January-MarchRead more",
    "link": "https://vicorepharma.com/mfn_news/interim-report-january-march-/",
    "timestamp": "unknown"
  },
  {
    "title": "New positive study results on diabetic nephropathy with Vicore Pharma&#;s candidate drug C21Read more",
    "link": "https://vicorepharma.com/mfn_news/new-positive-study-results-on-diabetic-nephropathy-with-vicore-pharmas-candidate-drug-c21/",
    "timestamp": "unknown"
  },
  {
    "title": "Interview with Per Jansson, CEO of Vicore PharmaRead more",
    "link": "https://vicorepharma.com/mfn_news/interview-with-per-jansson-ceo-of-vicore-pharma/",
    "timestamp": "unknown"
  },
  {
    "title": "| RegulatoryVicore Pharma Holding publish annual report forRead more",
    "link": "https://vicorepharma.com/mfn_news/vicore-pharma-holding-publish-annual-report-for-/",
    "timestamp": "unknown"
  },
  {
    "title": "| RegulatoryNotice of Annual General Meeting in Vicore Pharma Holding AB (publ)Read more",
    "link": "https://vicorepharma.com/mfn_news/notice-of-annual-general-meeting-in-vicore-pharma-holding-ab-publ/",
    "timestamp": "unknown"
  },
  {
    "title": "| RegulatoryBulletin from the Extraordinary General Meeting on March ,Read more",
    "link": "https://vicorepharma.com/mfn_news/bulletin-from-the-extraordinary-general-meeting-on-march--/",
    "timestamp": "unknown"
  },
  {
    "title": "| RegulatoryC21 has a strong impact on several markers in an in vitro study for pulmonary fibrosisRead more",
    "link": "https://vicorepharma.com/mfn_news/c21-has-a-strong-impact-on-several-markers-in-an-in-vitro-study-for-pulmonary-fibrosis/",
    "timestamp": "unknown"
  },
  {
    "title": "| RegulatoryVicore Pharma resolves on directed share issues and publish notice for an extraordinary shareholders\u2019 meetingRead more",
    "link": "https://vicorepharma.com/mfn_news/vicore-pharma-resolves-on-directed-share-issues-and-publish-notice-for-an-extraordinary-shareholders-meeting/",
    "timestamp": "unknown"
  },
  {
    "title": "Vicore Pharma extends research portfolio with new drug moleculesRead more",
    "link": "https://vicorepharma.com/mfn_news/vicore-pharma-extends-research-portfolio-with-new-drug-molecules/",
    "timestamp": "unknown"
  },
  {
    "title": "| RegulatoryVicore Pharma is granted orphan drug designation from FDA for the treatment of IPFRead more",
    "link": "https://vicorepharma.com/mfn_news/vicore-pharma-is-granted-orphan-drug-designation-from-fda-for-the-treatment-of-ipf/",
    "timestamp": "unknown"
  },
  {
    "title": "Phase I-study succesfully completedRead more",
    "link": "https://vicorepharma.com/mfn_news/phase-i-study-succesfully-completed/",
    "timestamp": "unknown"
  },
  {
    "title": "C21 may protect the heart from chemotherapy toxicityRead more",
    "link": "https://vicorepharma.com/mfn_news/c21-may-protect-the-heart-from-chemotherapy-toxicity/",
    "timestamp": "unknown"
  },
  {
    "title": "Vicore Pharma is granted orphan drug designation for C21 for the treatment of IPFRead more",
    "link": "https://vicorepharma.com/mfn_news/vicore-pharma-is-granted-orphan-drug-designation-for-c21-for-the-treatment-of-ipf/",
    "timestamp": "unknown"
  },
  {
    "title": "New research data with C21 on diabetesRead more",
    "link": "https://vicorepharma.com/mfn_news/new-research-data-with-c21-on-diabetes/",
    "timestamp": "unknown"
  },
  {
    "title": "Successful conclusion of the first Phase I study with C21Read more",
    "link": "https://vicorepharma.com/mfn_news/successful-conclusion-of-the-first-phase-i-study-with-c21/",
    "timestamp": "unknown"
  },
  {
    "title": "Selektope wins European Marine Engineering awardRead more",
    "link": "https://vicorepharma.com/mfn_news/selektope-wins-european-marine-engineering-award/",
    "timestamp": "unknown"
  },
  {
    "title": "I-Tech seals market acceptance for SelektopeRead more",
    "link": "https://vicorepharma.com/mfn_news/i-tech-seals-market-acceptance-for-selektope/",
    "timestamp": "unknown"
  },
  {
    "title": "Selektope voted for European Union approvalRead more",
    "link": "https://vicorepharma.com/mfn_news/selektope-voted-for-european-union-approval/",
    "timestamp": "unknown"
  },
  {
    "title": "NEW CHIEF OPERATIONS OFFICER (COO) TO I-TECHRead more",
    "link": "https://vicorepharma.com/mfn_news/new-chief-operations-officer-coo-to-i-tech/",
    "timestamp": "unknown"
  },
  {
    "title": "I-TECH\u2019S SELEKTOPE\u00ae APPROVED IN CHINARead more",
    "link": "https://vicorepharma.com/mfn_news/i-techs-selektope-approved-in-china/",
    "timestamp": "unknown"
  },
  {
    "title": "I-Tech signs supply agreement with Chugoku marine paints LtdRead more",
    "link": "https://vicorepharma.com/mfn_news/i-tech-signs-supply-agreement-with-chugoku-marine-paints-ltd/",
    "timestamp": "unknown"
  },
  {
    "title": "I-Tech\u00b4s Selektope\u00ae recommended for EU approval by the UK Health and Safety Executive (HSE)Read more",
    "link": "https://vicorepharma.com/mfn_news/i-techs-selektope-recommended-for-eu-approval-by-the-uk-health-and-safety-executive-hse/",
    "timestamp": "unknown"
  },
  {
    "title": "Vicore Pharma receives funding for development of angiotensin AT2-receptor agonists for potential treatment of multiple sclerosisRead more",
    "link": "https://vicorepharma.com/mfn_news/vicore-pharma-receives-funding-for-development-of-angiotensin-at2-receptor-agonists-for-potential-treatment-of-multiple-sclerosis/",
    "timestamp": "unknown"
  },
  {
    "title": "We'd love to hear from you!Phone:+ ()Phone (US):+Mail:info@vicorepharma.comBilling and mailing address:Vicore PharmaPostboxGothenburg, Sweden",
    "link": "tel:+ ()    ",
    "timestamp": "unknown"
  }
]