[
  {
    "title": "This is VicoreOur storyOur ambition and strategic prioritiesCollaborations and partnershipsScientific AdvisorsSenior Leadership TeamBoard of Directors",
    "link": "https://vicorepharma.com/this-is-vicore/",
    "timestamp": "unknown"
  },
  {
    "title": "This is VicoreOur storyOur ambition and strategic prioritiesCollaborations and partnershipsScientific AdvisorsSenior Leadership TeamBoard of Directors",
    "link": "https://vicorepharma.com/this-is-vicore/",
    "timestamp": "unknown"
  },
  {
    "title": "This is VicoreOur storyOur ambition and strategic prioritiesCollaborations and partnershipsScientific AdvisorsSenior Leadership TeamBoard of Directors",
    "link": "https://vicorepharma.com/this-is-vicore/",
    "timestamp": "unknown"
  },
  {
    "title": "Our story",
    "link": "https://vicorepharma.com/this-is-vicore/our-story/",
    "timestamp": "unknown"
  },
  {
    "title": "Our ambition and strategic priorities",
    "link": "https://vicorepharma.com/this-is-vicore/our-ambition-and-strategic-priorities/",
    "timestamp": "unknown"
  },
  {
    "title": "Collaborations and partnerships",
    "link": "https://vicorepharma.com/this-is-vicore/collaborations-and-partnerships/",
    "timestamp": "unknown"
  },
  {
    "title": "Scientific Advisors",
    "link": "https://vicorepharma.com/this-is-vicore/scientific-advisors/",
    "timestamp": "unknown"
  },
  {
    "title": "Senior Leadership Team",
    "link": "https://vicorepharma.com/this-is-vicore/senior-leadership-team/",
    "timestamp": "unknown"
  },
  {
    "title": "Board of Directors",
    "link": "https://vicorepharma.com/this-is-vicore/board/",
    "timestamp": "unknown"
  },
  {
    "title": "ScienceScientific rationaleATRAG MoA in IPFIntellectual property and orphan drug designationPublicationsKey publicationsPosters",
    "link": "https://vicorepharma.com/atrags/",
    "timestamp": "unknown"
  },
  {
    "title": "Scientific rationale",
    "link": "https://vicorepharma.com/atrags/scientific-rationale/",
    "timestamp": "unknown"
  },
  {
    "title": "ATRAG MoA in IPF",
    "link": "https://vicorepharma.com/atrags/atrag-moa-in-ipf/",
    "timestamp": "unknown"
  },
  {
    "title": "Intellectual property and orphan drug designation",
    "link": "https://vicorepharma.com/atrags/intellectual-property-and-orphan-drug-designation/",
    "timestamp": "unknown"
  },
  {
    "title": "PublicationsKey publicationsPosters",
    "link": "https://vicorepharma.com/atrags/publications/",
    "timestamp": "unknown"
  },
  {
    "title": "Key publications",
    "link": "https://vicorepharma.com/atrags/key-publications/",
    "timestamp": "unknown"
  },
  {
    "title": "Posters",
    "link": "https://vicorepharma.com/atrags/posters/",
    "timestamp": "unknown"
  },
  {
    "title": "Our programsPipelineASPIRE IPF Ph2b trialRare lung diseasesBuloxibutid (C21) \u2013 IPFAlmee \u2013 PF anxietyFuture ATRAG indicationsOur drug discovery engine",
    "link": "https://vicorepharma.com/our-programs/",
    "timestamp": "unknown"
  },
  {
    "title": "Pipeline",
    "link": "https://vicorepharma.com/our-programs/pipeline/",
    "timestamp": "unknown"
  },
  {
    "title": "ASPIRE IPF Ph2b trial",
    "link": "https://vicorepharma.com/our-programs/pipeline/aspire-ph2b-trial/",
    "timestamp": "unknown"
  },
  {
    "title": "Rare lung diseasesBuloxibutid (C21) \u2013 IPFAlmee \u2013 PF anxiety",
    "link": "https://vicorepharma.com/our-programs/rare-lung-diseases/",
    "timestamp": "unknown"
  },
  {
    "title": "Buloxibutid (C21) \u2013 IPF",
    "link": "https://vicorepharma.com/our-programs/rare-lung-diseases/c21-ipf-fibrosis/",
    "timestamp": "unknown"
  },
  {
    "title": "Almee \u2013 PF anxiety",
    "link": "https://vicorepharma.com/our-programs/rare-lung-diseases/almee-pf-anxiety/",
    "timestamp": "unknown"
  },
  {
    "title": "Future ATRAG indications",
    "link": "https://vicorepharma.com/our-programs/future-atrag-indications/",
    "timestamp": "unknown"
  },
  {
    "title": "Our drug discovery engine",
    "link": "https://vicorepharma.com/atrags/our-drug-discovery-engine/",
    "timestamp": "unknown"
  },
  {
    "title": "Almee\u2122",
    "link": "https://vicorepharma.com/almee/",
    "timestamp": "unknown"
  },
  {
    "title": "CareerOur collaborative business modelOpen positionsContact",
    "link": "https://vicorepharma.com/career/",
    "timestamp": "unknown"
  },
  {
    "title": "Our collaborative business model",
    "link": "https://vicorepharma.com/career/our-ways-of-working/",
    "timestamp": "unknown"
  },
  {
    "title": "Open positions",
    "link": "https://vicorepharma.com/career/open-positions/",
    "timestamp": "unknown"
  },
  {
    "title": "Contact",
    "link": "https://vicorepharma.com/career/contact/",
    "timestamp": "unknown"
  },
  {
    "title": "MediaPress releases (ENG)Pressmeddelanden (SE)Image bank",
    "link": "https://vicorepharma.com/investors/financial-calendar/",
    "timestamp": "unknown"
  },
  {
    "title": "Press releases (ENG)",
    "link": "https://vicorepharma.com/press-releases-media/",
    "timestamp": "unknown"
  },
  {
    "title": "Pressmeddelanden (SE)",
    "link": "https://vicorepharma.com/pressmeddelanden-media/",
    "timestamp": "unknown"
  },
  {
    "title": "Image bank",
    "link": "https://vicorepharma.com/image-bank-media/",
    "timestamp": "unknown"
  },
  {
    "title": "InvestorsInvestorsOverviewPress releasesRights Issue, SeptemberThe shareFinancial reportsFinancial calendarEvents &#; PresentationsCorporate governanc",
    "link": "https://vicorepharma.com/investors/",
    "timestamp": "unknown"
  },
  {
    "title": "InvestorsOverviewPress releasesRights Issue, SeptemberThe shareFinancial reportsFinancial calendarEvents &#; PresentationsCorporate governanceImage ba",
    "link": "https://vicorepharma.com/investors/",
    "timestamp": "unknown"
  },
  {
    "title": "Overview",
    "link": "https://vicorepharma.com/investors/overview/",
    "timestamp": "unknown"
  },
  {
    "title": "Press releases",
    "link": "https://vicorepharma.com/investors/press-releases/",
    "timestamp": "unknown"
  },
  {
    "title": "Rights Issue, September",
    "link": "https://vicorepharma.com/investors/rights-issue-september-/",
    "timestamp": "unknown"
  },
  {
    "title": "The share",
    "link": "https://vicorepharma.com/investors/shareholder-and-stock-information/",
    "timestamp": "unknown"
  },
  {
    "title": "Financial reports",
    "link": "https://vicorepharma.com/investors/financial-reports/",
    "timestamp": "unknown"
  },
  {
    "title": "Financial calendar",
    "link": "https://vicorepharma.com/investors/financial-calendar/",
    "timestamp": "unknown"
  },
  {
    "title": "Events &#; Presentations",
    "link": "https://vicorepharma.com/investors/events-presentations/",
    "timestamp": "unknown"
  },
  {
    "title": "Corporate governance",
    "link": "https://vicorepharma.com/investors/corporate-governance/",
    "timestamp": "unknown"
  },
  {
    "title": "Image bank",
    "link": "https://vicorepharma.com/investors/image-bank/",
    "timestamp": "unknown"
  },
  {
    "title": "Investor Relations contact",
    "link": "https://vicorepharma.com/investors/investor-relations-contact/",
    "timestamp": "unknown"
  },
  {
    "title": "Investerare (SE)\u00d6versiktPressmeddelandenF\u00f6retr\u00e4desemission SeptemberAktienFinansiella rapporterFinansiell kalenderEvents &#; PresentationerBolagsstyrn",
    "link": "https://vicorepharma.com/investerare/",
    "timestamp": "unknown"
  },
  {
    "title": "\u00d6versikt",
    "link": "https://vicorepharma.com/investerare/oversikt/",
    "timestamp": "unknown"
  },
  {
    "title": "Pressmeddelanden",
    "link": "https://vicorepharma.com/investerare/pressmeddelanden/",
    "timestamp": "unknown"
  },
  {
    "title": "F\u00f6retr\u00e4desemission September",
    "link": "https://vicorepharma.com/investerare/foretradesemission-september-/",
    "timestamp": "unknown"
  },
  {
    "title": "Aktien",
    "link": "https://vicorepharma.com/investerare/aktieinformation-/aktiekursgraf/",
    "timestamp": "unknown"
  },
  {
    "title": "Finansiella rapporter",
    "link": "https://vicorepharma.com/investerare/finansiella-rapporter/",
    "timestamp": "unknown"
  },
  {
    "title": "Finansiell kalender",
    "link": "https://vicorepharma.com/investerare/finansiell-kalender/",
    "timestamp": "unknown"
  },
  {
    "title": "Events &#; Presentationer",
    "link": "https://vicorepharma.com/investerare/events-presentationer/",
    "timestamp": "unknown"
  },
  {
    "title": "Bolagsstyrning",
    "link": "https://vicorepharma.com/investerare/bolagsstyrning/",
    "timestamp": "unknown"
  },
  {
    "title": "Bolagsst\u00e4mma",
    "link": "https://vicorepharma.com/investerare/bolagsstyrning/bolagsstamma/",
    "timestamp": "unknown"
  },
  {
    "title": "Bildbank",
    "link": "https://vicorepharma.com/investerare/bildbank/",
    "timestamp": "unknown"
  },
  {
    "title": "Investerarkontakt",
    "link": "https://vicorepharma.com/investerare/investerarkontakt/",
    "timestamp": "unknown"
  },
  {
    "title": "Patients and caregiversIPFBackgroundPatient storiesPatient advocacy organizationsTransparencyExpanded Access Policy",
    "link": "https://vicorepharma.com/patients-and-caregivers/",
    "timestamp": "unknown"
  },
  {
    "title": "IPFBackgroundPatient storiesPatient advocacy organizations",
    "link": "https://vicorepharma.com/patients-and-caregivers/ipf/",
    "timestamp": "unknown"
  },
  {
    "title": "Background",
    "link": "https://vicorepharma.com/patients-and-caregivers/ipf/background/",
    "timestamp": "unknown"
  },
  {
    "title": "Patient stories",
    "link": "http://vicorepharma.com/patients-and-caregivers/ipf/patient-stories/",
    "timestamp": "unknown"
  },
  {
    "title": "Patient advocacy organizations",
    "link": "http://vicorepharma.com/patients-and-caregivers/ipf/patient-advocacy-organizations/",
    "timestamp": "unknown"
  },
  {
    "title": "Transparency",
    "link": "https://vicorepharma.com/patients-and-caregivers/transparency/",
    "timestamp": "unknown"
  },
  {
    "title": "Expanded Access Policy",
    "link": "https://vicorepharma.com/patients-and-caregivers/access-policy/",
    "timestamp": "unknown"
  },
  {
    "title": "This is VicoreOur storyOur ambition and strategic prioritiesCollaborations and partnershipsScientific AdvisorsSenior Leadership TeamBoard of Directors",
    "link": "https://vicorepharma.com",
    "timestamp": "unknown"
  },
  {
    "title": "This is VicoreOur storyOur ambition and strategic prioritiesCollaborations and partnershipsScientific AdvisorsSenior Leadership TeamBoard of Directors",
    "link": "https://vicorepharma.com",
    "timestamp": "unknown"
  },
  {
    "title": "This is VicoreOur storyOur ambition and strategic prioritiesCollaborations and partnershipsScientific AdvisorsSenior Leadership TeamBoard of Directors",
    "link": "https://vicorepharma.com",
    "timestamp": "unknown"
  },
  {
    "title": "This is VicoreOur storyOur ambition and strategic prioritiesCollaborations and partnershipsScientific AdvisorsSenior Leadership TeamBoard of Directors",
    "link": "https://vicorepharma.com/this-is-vicore/our-story/",
    "timestamp": "unknown"
  },
  {
    "title": "This is VicoreOur storyOur ambition and strategic prioritiesCollaborations and partnershipsScientific AdvisorsSenior Leadership TeamBoard of Directors",
    "link": "https://vicorepharma.com/this-is-vicore/our-story/",
    "timestamp": "unknown"
  },
  {
    "title": "This is VicoreOur storyOur ambition and strategic prioritiesCollaborations and partnershipsScientific AdvisorsSenior Leadership TeamBoard of Directors",
    "link": "https://vicorepharma.com/this-is-vicore/our-story/",
    "timestamp": "unknown"
  },
  {
    "title": "Our storyOur ambition and strategic prioritiesCollaborations and partnershipsScientific AdvisorsSenior Leadership TeamBoard of Directors",
    "link": "https://vicorepharma.com/this-is-vicore/our-story/",
    "timestamp": "unknown"
  },
  {
    "title": "Our story",
    "link": "https://vicorepharma.com/this-is-vicore/our-story/",
    "timestamp": "unknown"
  },
  {
    "title": "Our ambition and strategic priorities",
    "link": "https://vicorepharma.com/this-is-vicore/our-ambition-and-strategic-priorities/",
    "timestamp": "unknown"
  },
  {
    "title": "Collaborations and partnerships",
    "link": "https://vicorepharma.com/this-is-vicore/collaborations-and-partnerships/",
    "timestamp": "unknown"
  },
  {
    "title": "Scientific Advisors",
    "link": "https://vicorepharma.com/this-is-vicore/scientific-advisors/",
    "timestamp": "unknown"
  },
  {
    "title": "Senior Leadership Team",
    "link": "https://vicorepharma.com/this-is-vicore/senior-leadership-team/",
    "timestamp": "unknown"
  },
  {
    "title": "Board of Directors",
    "link": "https://vicorepharma.com/this-is-vicore/board/",
    "timestamp": "unknown"
  },
  {
    "title": "ScienceScientific rationaleATRAG MoA in IPFIntellectual property and orphan drug designationPublicationsKey publicationsPosters",
    "link": "https://vicorepharma.com/atrags/scientific-rationale/",
    "timestamp": "unknown"
  },
  {
    "title": "Scientific rationaleATRAG MoA in IPFIntellectual property and orphan drug designationPublicationsKey publicationsPosters",
    "link": "https://vicorepharma.com/atrags/scientific-rationale/",
    "timestamp": "unknown"
  },
  {
    "title": "Scientific rationale",
    "link": "https://vicorepharma.com/atrags/scientific-rationale/",
    "timestamp": "unknown"
  },
  {
    "title": "ATRAG MoA in IPF",
    "link": "https://vicorepharma.com/atrags/atrag-moa-in-ipf/",
    "timestamp": "unknown"
  },
  {
    "title": "Intellectual property and orphan drug designation",
    "link": "https://vicorepharma.com/atrags/intellectual-property-and-orphan-drug-designation/",
    "timestamp": "unknown"
  },
  {
    "title": "PublicationsKey publicationsPosters",
    "link": "https://vicorepharma.com/atrags/key-publications/",
    "timestamp": "unknown"
  },
  {
    "title": "Key publications",
    "link": "https://vicorepharma.com/atrags/key-publications/",
    "timestamp": "unknown"
  },
  {
    "title": "Posters",
    "link": "https://vicorepharma.com/atrags/posters/",
    "timestamp": "unknown"
  },
  {
    "title": "Our programsPipelineASPIRE IPF Ph2b trialRare lung diseasesBuloxibutid (C21) \u2013 IPFAlmee \u2013 PF anxietyFuture ATRAG indicationsOur drug discovery engine",
    "link": "https://vicorepharma.com/our-programs/pipeline/",
    "timestamp": "unknown"
  },
  {
    "title": "PipelineASPIRE IPF Ph2b trialRare lung diseasesBuloxibutid (C21) \u2013 IPFAlmee \u2013 PF anxietyFuture ATRAG indicationsOur drug discovery engine",
    "link": "https://vicorepharma.com/our-programs/pipeline/",
    "timestamp": "unknown"
  },
  {
    "title": "Pipeline",
    "link": "https://vicorepharma.com/our-programs/pipeline/",
    "timestamp": "unknown"
  },
  {
    "title": "ASPIRE IPF Ph2b trial",
    "link": "https://vicorepharma.com/our-programs/pipeline/aspire-ph2b-trial/",
    "timestamp": "unknown"
  },
  {
    "title": "Rare lung diseasesBuloxibutid (C21) \u2013 IPFAlmee \u2013 PF anxiety",
    "link": "https://vicorepharma.com/our-programs/rare-lung-diseases/c21-ipf-fibrosis/",
    "timestamp": "unknown"
  },
  {
    "title": "Buloxibutid (C21) \u2013 IPF",
    "link": "https://vicorepharma.com/our-programs/rare-lung-diseases/c21-ipf-fibrosis/",
    "timestamp": "unknown"
  },
  {
    "title": "Almee \u2013 PF anxiety",
    "link": "https://vicorepharma.com/our-programs/rare-lung-diseases/almee-pf-anxiety/",
    "timestamp": "unknown"
  },
  {
    "title": "Future ATRAG indications",
    "link": "https://vicorepharma.com/our-programs/future-atrag-indications/",
    "timestamp": "unknown"
  },
  {
    "title": "Our drug discovery engine",
    "link": "https://vicorepharma.com/atrags/our-drug-discovery-engine/",
    "timestamp": "unknown"
  },
  {
    "title": "CareerOur collaborative business modelOpen positionsContact",
    "link": "https://vicorepharma.com/career/our-ways-of-working/",
    "timestamp": "unknown"
  },
  {
    "title": "Our collaborative business modelOpen positionsContact",
    "link": "https://vicorepharma.com/career/our-ways-of-working/",
    "timestamp": "unknown"
  },
  {
    "title": "Our collaborative business model",
    "link": "https://vicorepharma.com/career/our-ways-of-working/",
    "timestamp": "unknown"
  },
  {
    "title": "Open positions",
    "link": "https://vicorepharma.com/career/open-positions/",
    "timestamp": "unknown"
  },
  {
    "title": "Contact",
    "link": "https://vicorepharma.com/career/contact/",
    "timestamp": "unknown"
  },
  {
    "title": "MediaPress releases (ENG)Pressmeddelanden (SE)Image bank",
    "link": "https://vicorepharma.com/press-releases-media/",
    "timestamp": "unknown"
  },
  {
    "title": "Press releases (ENG)Pressmeddelanden (SE)Image bank",
    "link": "https://vicorepharma.com/press-releases-media/",
    "timestamp": "unknown"
  },
  {
    "title": "Press releases (ENG)",
    "link": "https://vicorepharma.com/press-releases-media/",
    "timestamp": "unknown"
  },
  {
    "title": "Pressmeddelanden (SE)",
    "link": "https://vicorepharma.com/pressmeddelanden-media/",
    "timestamp": "unknown"
  },
  {
    "title": "Image bank",
    "link": "https://vicorepharma.com/image-bank-media/",
    "timestamp": "unknown"
  },
  {
    "title": "InvestorsInvestorsOverviewPress releasesRights Issue, SeptemberThe shareFinancial reportsFinancial calendarEvents &#; PresentationsCorporate governanc",
    "link": "https://vicorepharma.com/investors/overview/",
    "timestamp": "unknown"
  },
  {
    "title": "InvestorsOverviewPress releasesRights Issue, SeptemberThe shareFinancial reportsFinancial calendarEvents &#; PresentationsCorporate governanceImage ba",
    "link": "https://vicorepharma.com/investors/overview/",
    "timestamp": "unknown"
  },
  {
    "title": "InvestorsOverviewPress releasesRights Issue, SeptemberThe shareFinancial reportsFinancial calendarEvents &#; PresentationsCorporate governanceImage ba",
    "link": "https://vicorepharma.com/investors/overview/",
    "timestamp": "unknown"
  },
  {
    "title": "Overview",
    "link": "https://vicorepharma.com/investors/overview/",
    "timestamp": "unknown"
  },
  {
    "title": "Press releases",
    "link": "https://vicorepharma.com/investors/press-releases/",
    "timestamp": "unknown"
  },
  {
    "title": "Rights Issue, September",
    "link": "https://vicorepharma.com/investors/rights-issue-september-/",
    "timestamp": "unknown"
  },
  {
    "title": "The share",
    "link": "https://vicorepharma.com/investors/shareholder-and-stock-information/",
    "timestamp": "unknown"
  },
  {
    "title": "Financial reports",
    "link": "https://vicorepharma.com/investors/financial-reports/",
    "timestamp": "unknown"
  },
  {
    "title": "Financial calendar",
    "link": "https://vicorepharma.com/investors/financial-calendar/",
    "timestamp": "unknown"
  },
  {
    "title": "Events &#; Presentations",
    "link": "https://vicorepharma.com/investors/events-presentations/",
    "timestamp": "unknown"
  },
  {
    "title": "Corporate governance",
    "link": "https://vicorepharma.com/investors/corporate-governance/",
    "timestamp": "unknown"
  },
  {
    "title": "Image bank",
    "link": "https://vicorepharma.com/investors/image-bank/",
    "timestamp": "unknown"
  },
  {
    "title": "Investor Relations contact",
    "link": "https://vicorepharma.com/investors/investor-relations-contact/",
    "timestamp": "unknown"
  },
  {
    "title": "Investerare (SE)\u00d6versiktPressmeddelandenF\u00f6retr\u00e4desemission SeptemberAktienFinansiella rapporterFinansiell kalenderEvents &#; PresentationerBolagsstyrn",
    "link": "https://vicorepharma.com/investerare/oversikt/",
    "timestamp": "unknown"
  },
  {
    "title": "\u00d6versikt",
    "link": "https://vicorepharma.com/investerare/oversikt/",
    "timestamp": "unknown"
  },
  {
    "title": "Pressmeddelanden",
    "link": "https://vicorepharma.com/investerare/pressmeddelanden/",
    "timestamp": "unknown"
  },
  {
    "title": "F\u00f6retr\u00e4desemission September",
    "link": "https://vicorepharma.com/investerare/foretradesemission-september-/",
    "timestamp": "unknown"
  },
  {
    "title": "Aktien",
    "link": "https://vicorepharma.com/investerare/aktieinformation-/aktiekursgraf/",
    "timestamp": "unknown"
  },
  {
    "title": "Finansiella rapporter",
    "link": "https://vicorepharma.com/investerare/finansiella-rapporter/",
    "timestamp": "unknown"
  },
  {
    "title": "Finansiell kalender",
    "link": "https://vicorepharma.com/investerare/finansiell-kalender/",
    "timestamp": "unknown"
  },
  {
    "title": "Events &#; Presentationer",
    "link": "https://vicorepharma.com/investerare/events-presentationer/",
    "timestamp": "unknown"
  },
  {
    "title": "Bolagsstyrning",
    "link": "https://vicorepharma.com/investerare/bolagsstyrning/",
    "timestamp": "unknown"
  },
  {
    "title": "Bolagsst\u00e4mma",
    "link": "https://vicorepharma.com/investerare/bolagsstyrning/bolagsstamma/",
    "timestamp": "unknown"
  },
  {
    "title": "Bildbank",
    "link": "https://vicorepharma.com/investerare/bildbank/",
    "timestamp": "unknown"
  },
  {
    "title": "Investerarkontakt",
    "link": "https://vicorepharma.com/investerare/investerarkontakt/",
    "timestamp": "unknown"
  },
  {
    "title": "Patients and caregiversIPFBackgroundPatient storiesPatient advocacy organizationsTransparencyExpanded Access Policy",
    "link": "https://vicorepharma.com/patients-and-caregivers/ipf/background/",
    "timestamp": "unknown"
  },
  {
    "title": "IPFBackgroundPatient storiesPatient advocacy organizationsTransparencyExpanded Access Policy",
    "link": "https://vicorepharma.com/patients-and-caregivers/ipf/background/",
    "timestamp": "unknown"
  },
  {
    "title": "IPFBackgroundPatient storiesPatient advocacy organizations",
    "link": "https://vicorepharma.com/patients-and-caregivers/ipf/background/",
    "timestamp": "unknown"
  },
  {
    "title": "Background",
    "link": "https://vicorepharma.com/patients-and-caregivers/ipf/background/",
    "timestamp": "unknown"
  },
  {
    "title": "Patient stories",
    "link": "http://vicorepharma.com/patients-and-caregivers/ipf/patient-stories/",
    "timestamp": "unknown"
  },
  {
    "title": "Patient advocacy organizations",
    "link": "http://vicorepharma.com/patients-and-caregivers/ipf/patient-advocacy-organizations/",
    "timestamp": "unknown"
  },
  {
    "title": "Transparency",
    "link": "https://vicorepharma.com/patients-and-caregivers/transparency/",
    "timestamp": "unknown"
  },
  {
    "title": "Expanded Access Policy",
    "link": "https://vicorepharma.com/patients-and-caregivers/access-policy/",
    "timestamp": "unknown"
  },
  {
    "title": "Home/Investors/Financial calendarOverviewPress releasesRights Issue, SeptemberThe shareShare monitorShareholdersOwnership board and managementShare is",
    "link": "https://vicorepharma.com/",
    "timestamp": "unknown"
  },
  {
    "title": "Home/Investors/Financial calendar",
    "link": "https://vicorepharma.com/",
    "timestamp": "unknown"
  },
  {
    "title": "Home/Investors/Financial calendar",
    "link": "https://vicorepharma.com/",
    "timestamp": "unknown"
  },
  {
    "title": "Home/Investors/Financial calendar",
    "link": "https://vicorepharma.com/",
    "timestamp": "unknown"
  },
  {
    "title": "OverviewPress releasesRights Issue, SeptemberThe shareShare monitorShareholdersOwnership board and managementShare issuesShare capital developmentAnal",
    "link": "https://vicorepharma.com/investors/overview/",
    "timestamp": "unknown"
  },
  {
    "title": "OverviewPress releasesRights Issue, SeptemberThe shareShare monitorShareholdersOwnership board and managementShare issuesShare capital developmentAnal",
    "link": "https://vicorepharma.com/investors/overview/",
    "timestamp": "unknown"
  },
  {
    "title": "OverviewPress releasesRights Issue, SeptemberThe shareShare monitorShareholdersOwnership board and managementShare issuesShare capital developmentAnal",
    "link": "https://vicorepharma.com/investors/overview/",
    "timestamp": "unknown"
  },
  {
    "title": "OverviewPress releasesRights Issue, SeptemberThe shareShare monitorShareholdersOwnership board and managementShare issuesShare capital developmentAnal",
    "link": "https://vicorepharma.com/investors/overview/",
    "timestamp": "unknown"
  },
  {
    "title": "OverviewPress releasesRights Issue, SeptemberThe shareShare monitorShareholdersOwnership board and managementShare issuesShare capital developmentAnal",
    "link": "https://vicorepharma.com/investors/overview/",
    "timestamp": "unknown"
  },
  {
    "title": "OverviewPress releasesRights Issue, SeptemberThe shareShare monitorShareholdersOwnership board and managementShare issuesShare capital developmentAnal",
    "link": "https://vicorepharma.com/investors/overview/",
    "timestamp": "unknown"
  },
  {
    "title": "The shareShare monitorShareholdersOwnership board and managementShare issuesShare capital developmentAnalyst coverageListing prospectus",
    "link": "https://vicorepharma.com/investors/shareholder-and-stock-information/",
    "timestamp": "unknown"
  },
  {
    "title": "Share monitor",
    "link": "https://vicorepharma.com/investors/shareholder-and-stock-information/share-monitor/",
    "timestamp": "unknown"
  },
  {
    "title": "Shareholders",
    "link": "https://vicorepharma.com/investors/shareholder-and-stock-information/shareholders/",
    "timestamp": "unknown"
  },
  {
    "title": "Ownership board and management",
    "link": "https://vicorepharma.com/investors/shareholder-and-stock-information/ownership-board-and-management/",
    "timestamp": "unknown"
  },
  {
    "title": "Share issues",
    "link": "https://vicorepharma.com/investors/shareholder-and-stock-information/share-issues/",
    "timestamp": "unknown"
  },
  {
    "title": "Share capital development",
    "link": "https://vicorepharma.com/investors/shareholder-and-stock-information/sharecapital-development/",
    "timestamp": "unknown"
  },
  {
    "title": "Analyst coverage",
    "link": "https://vicorepharma.com/investors/shareholder-and-stock-information/analyst-coverage/",
    "timestamp": "unknown"
  },
  {
    "title": "Listing prospectus",
    "link": "https://vicorepharma.com/investors/prospectus/",
    "timestamp": "unknown"
  },
  {
    "title": "Corporate governanceCorporate governance reportsGeneral meetingNomination CommitteeBoard of DirectorsAudit CommitteeRemuneration CommitteeScientific C",
    "link": "https://vicorepharma.com/investors/corporate-governance/",
    "timestamp": "unknown"
  },
  {
    "title": "Corporate governance reports",
    "link": "https://vicorepharma.com/investors/corporate-governance/corporate-governance-reports/",
    "timestamp": "unknown"
  },
  {
    "title": "General meeting",
    "link": "https://vicorepharma.com/investors/corporate-governance/general-meeting/",
    "timestamp": "unknown"
  },
  {
    "title": "Nomination Committee",
    "link": "https://vicorepharma.com/investors/corporate-governance/nomination-committee/",
    "timestamp": "unknown"
  },
  {
    "title": "Board of Directors",
    "link": "https://vicorepharma.com/investors/corporate-governance/board-of-directors/",
    "timestamp": "unknown"
  },
  {
    "title": "Audit Committee",
    "link": "https://vicorepharma.com/investors/corporate-governance/audit-committee/",
    "timestamp": "unknown"
  },
  {
    "title": "Remuneration Committee",
    "link": "https://vicorepharma.com/investors/corporate-governance/remuneration-committee/",
    "timestamp": "unknown"
  },
  {
    "title": "Scientific Committee",
    "link": "https://vicorepharma.com/investors/corporate-governance/scientific-committee/",
    "timestamp": "unknown"
  },
  {
    "title": "Management",
    "link": "https://vicorepharma.com/investors/corporate-governance/management/",
    "timestamp": "unknown"
  },
  {
    "title": "Remuneration and incentives",
    "link": "https://vicorepharma.com/investors/corporate-governance/remuneration-and-incentives/",
    "timestamp": "unknown"
  },
  {
    "title": "Auditors",
    "link": "https://vicorepharma.com/investors/corporate-governance/auditors/",
    "timestamp": "unknown"
  },
  {
    "title": "Articles of association",
    "link": "https://vicorepharma.com/investors/corporate-governance/articles-of-association/",
    "timestamp": "unknown"
  },
  {
    "title": "We'd love to hear from you!Phone:+ ()Phone (US):+Mail:info@vicorepharma.comBilling and mailing address:Vicore PharmaPostboxGothenburg, Sweden",
    "link": "tel:+ ()    ",
    "timestamp": "unknown"
  }
]