[
  {
    "title": "CareersNewsContactClinical Trials",
    "link": "https://www.askbio.com/?page_id=",
    "timestamp": "unknown"
  },
  {
    "title": "CareersNewsContactClinical Trials",
    "link": "https://www.askbio.com/?page_id=",
    "timestamp": "unknown"
  },
  {
    "title": "Careers",
    "link": "https://www.askbio.com/?page_id=",
    "timestamp": "unknown"
  },
  {
    "title": "News",
    "link": "https://www.askbio.com/news-events/",
    "timestamp": "unknown"
  },
  {
    "title": "Contact",
    "link": "https://www.askbio.com/ask-anything-faqs/",
    "timestamp": "unknown"
  },
  {
    "title": "Clinical Trials",
    "link": "https://www.askbio.com/gene-therapy-clinical-trials/",
    "timestamp": "unknown"
  },
  {
    "title": "For PatientsFor PatientsDiseasesClinical TrialsPatient StoriesAdvocacy Partners",
    "link": "https://www.askbio.com/patients/",
    "timestamp": "unknown"
  },
  {
    "title": "For Patients",
    "link": "https://www.askbio.com/patients/",
    "timestamp": "unknown"
  },
  {
    "title": "Diseases",
    "link": "https://www.askbio.com/genetic-disease-focus/",
    "timestamp": "unknown"
  },
  {
    "title": "Clinical Trials",
    "link": "https://www.askbio.com/gene-therapy-clinical-trials/",
    "timestamp": "unknown"
  },
  {
    "title": "Patient Stories",
    "link": "https://www.askbio.com/patient-stories/",
    "timestamp": "unknown"
  },
  {
    "title": "Advocacy Partners",
    "link": "https://www.askbio.com/advocacy-partners/",
    "timestamp": "unknown"
  },
  {
    "title": "Our FocusGenetic DiseasesAAV Gene TherapyPipelineResearch Areas",
    "link": "https://www.askbio.com/genetic-diseases/",
    "timestamp": "unknown"
  },
  {
    "title": "Genetic Diseases",
    "link": "https://www.askbio.com/genetic-diseases/",
    "timestamp": "unknown"
  },
  {
    "title": "AAV Gene Therapy",
    "link": "https://www.askbio.com/aav-gene-therapy/",
    "timestamp": "unknown"
  },
  {
    "title": "Pipeline",
    "link": "https://www.askbio.com/gene-therapy-pipeline/",
    "timestamp": "unknown"
  },
  {
    "title": "Research Areas",
    "link": "https://www.askbio.com/genetic-research-focus/",
    "timestamp": "unknown"
  },
  {
    "title": "Discovery Program",
    "link": "https://www.askbio.com/for-genetic-research/",
    "timestamp": "unknown"
  },
  {
    "title": "Science &#; Technology",
    "link": "https://www.askbio.com/gene-therapy-science/",
    "timestamp": "unknown"
  }
]