[
  {
    "title": "Health for all, Hunger for noneEnglish (EN)Deutsch (DE)LocationsContact Us",
    "link": "https://www.bayer.com/en/investors/events",
    "timestamp": "unknown"
  },
  {
    "title": "Health for all, Hunger for noneEnglish (EN)Deutsch (DE)LocationsContact Us",
    "link": "https://www.bayer.com/en/investors/events",
    "timestamp": "unknown"
  },
  {
    "title": "Health for all, Hunger for noneEnglish (EN)Deutsch (DE)LocationsContact Us",
    "link": "https://www.bayer.com/en/investors/events",
    "timestamp": "unknown"
  },
  {
    "title": "English (EN)Deutsch (DE)LocationsContact Us",
    "link": "https://www.bayer.com/en/investors/events",
    "timestamp": "unknown"
  },
  {
    "title": "English (EN)Deutsch (DE)",
    "link": "https://www.bayer.com/en/investors/events",
    "timestamp": "unknown"
  },
  {
    "title": "English (EN)",
    "link": "https://www.bayer.com/en/investors/events",
    "timestamp": "unknown"
  },
  {
    "title": "Deutsch (DE)",
    "link": "https://www.bayer.com/de/investoren/events",
    "timestamp": "unknown"
  },
  {
    "title": "Locations",
    "link": "https://www.bayer.com/en/locations",
    "timestamp": "unknown"
  },
  {
    "title": "Contact Us",
    "link": "https://www.bayer.com/en/contact-us",
    "timestamp": "unknown"
  },
  {
    "title": "This is BayerBayer is a global enterprise with core competencies in the Life Science fields of health care and agriculture.Who We AreProfile and Organ",
    "link": "https://www.bayer.com/en/this-is-bayer",
    "timestamp": "unknown"
  },
  {
    "title": "Bayer is a global enterprise with core competencies in the Life Science fields of health care and agriculture.Who We AreProfile and OrganizationOur Mi",
    "link": "https://www.bayer.com/en/this-is-bayer",
    "timestamp": "unknown"
  },
  {
    "title": "Bayer is a global enterprise with core competencies in the Life Science fields of health care and agriculture.Who We AreProfile and OrganizationOur Mi",
    "link": "https://www.bayer.com/en/this-is-bayer",
    "timestamp": "unknown"
  },
  {
    "title": "Bayer is a global enterprise with core competencies in the Life Science fields of health care and agriculture.Who We AreProfile and OrganizationOur Mi",
    "link": "https://www.bayer.com/en/this-is-bayer",
    "timestamp": "unknown"
  },
  {
    "title": "Bayer is a global enterprise with core competencies in the Life Science fields of health care and agriculture.",
    "link": "https://www.bayer.com/en/this-is-bayer",
    "timestamp": "unknown"
  },
  {
    "title": "Who We Are",
    "link": "https://www.bayer.com/en/this-is-bayer",
    "timestamp": "unknown"
  },
  {
    "title": "Profile and OrganizationOur Mission & StrategyDynamic Shared OwnershipOur ContributionsOur Code of ConductDiversity and Inclusion at BayerNumber of Wo",
    "link": "https://www.bayer.com/en/strategy/profile-and-organization",
    "timestamp": "unknown"
  },
  {
    "title": "Our Mission & Strategy",
    "link": "https://www.bayer.com/en/strategy/our-mission-strategy",
    "timestamp": "unknown"
  },
  {
    "title": "Dynamic Shared Ownership",
    "link": "https://www.bayer.com/en/strategy/dynamic-shared-ownership",
    "timestamp": "unknown"
  },
  {
    "title": "Our Contributions",
    "link": "https://www.bayer.com/en/our-contributions",
    "timestamp": "unknown"
  },
  {
    "title": "Our Code of Conduct",
    "link": "https://www.bayer.com/en/commitments/code-of-conduct",
    "timestamp": "unknown"
  },
  {
    "title": "Diversity and Inclusion at BayerNumber of Women in Management Positions",
    "link": "https://www.bayer.com/en/commitments/diversity-inclusion-at-bayer",
    "timestamp": "unknown"
  },
  {
    "title": "Number of Women in Management Positions",
    "link": "https://www.bayer.com/en/inclusion-diversity/women-management-positions",
    "timestamp": "unknown"
  },
  {
    "title": "Team BayerBoard of ManagementOverview and TasksBill AndersonWolfgang NicklStefan OelrichHeike PrinzRodrigo SantosJulio TrianaOffices Held at other Com",
    "link": "https://www.bayer.com/en/team-bayer",
    "timestamp": "unknown"
  },
  {
    "title": "Board of ManagementOverview and TasksBill AndersonWolfgang NicklStefan OelrichHeike PrinzRodrigo SantosJulio TrianaOffices Held at other CompaniesComp",
    "link": "https://www.bayer.com/en/board-of-management",
    "timestamp": "unknown"
  },
  {
    "title": "Overview and Tasks",
    "link": "https://www.bayer.com/en/board-of-management",
    "timestamp": "unknown"
  },
  {
    "title": "Bill Anderson",
    "link": "https://www.bayer.com/en/board-of-management/bill-anderson",
    "timestamp": "unknown"
  },
  {
    "title": "Wolfgang Nickl",
    "link": "https://www.bayer.com/en/board-of-management/wolfgang-nickl",
    "timestamp": "unknown"
  },
  {
    "title": "Stefan Oelrich",
    "link": "https://www.bayer.com/en/board-of-management/stefan-oelrich",
    "timestamp": "unknown"
  },
  {
    "title": "Heike Prinz",
    "link": "https://www.bayer.com/en/board-of-management/heike-prinz",
    "timestamp": "unknown"
  },
  {
    "title": "Rodrigo Santos",
    "link": "https://www.bayer.com/en/board-of-management/rodrigo-santos",
    "timestamp": "unknown"
  },
  {
    "title": "Julio Triana",
    "link": "https://www.bayer.com/en/board-of-management/julio-triana",
    "timestamp": "unknown"
  },
  {
    "title": "Offices Held at other Companies",
    "link": "https://www.bayer.com/en/board-of-management/offices-held-at-other-companies",
    "timestamp": "unknown"
  },
  {
    "title": "Compensation",
    "link": "https://www.bayer.com/en/board-of-management/compensation",
    "timestamp": "unknown"
  },
  {
    "title": "Supervisory BoardMembersCommitteesCompensation",
    "link": "https://www.bayer.com/en/supervisory-board/supervisory-board-of-bayer-ag",
    "timestamp": "unknown"
  },
  {
    "title": "Members",
    "link": "https://www.bayer.com/en/supervisory-board/supervisory-board-of-bayer-ag",
    "timestamp": "unknown"
  },
  {
    "title": "Committees",
    "link": "https://www.bayer.com/en/supervisory-board/committees",
    "timestamp": "unknown"
  },
  {
    "title": "Compensation",
    "link": "https://www.bayer.com/en/supervisory-board/compensation-supervisory-board",
    "timestamp": "unknown"
  },
  {
    "title": "Division Leadership",
    "link": "https://www.bayer.com/en/division-leadership",
    "timestamp": "unknown"
  },
  {
    "title": "Bayer Worldwide",
    "link": "https://www.bayer.com/en/worldwide/bayer-worldwide",
    "timestamp": "unknown"
  },
  {
    "title": "History----------- PresentBiographiesThe Bayer CrossThe Corporate Archives",
    "link": "https://www.bayer.com/en/history/history",
    "timestamp": "unknown"
  },
  {
    "title": "-",
    "link": "https://www.bayer.com/en/history/-",
    "timestamp": "unknown"
  },
  {
    "title": "-",
    "link": "https://www.bayer.com/en/history/-",
    "timestamp": "unknown"
  },
  {
    "title": "-",
    "link": "https://www.bayer.com/en/history/-",
    "timestamp": "unknown"
  },
  {
    "title": "-",
    "link": "https://www.bayer.com/en/history/-",
    "timestamp": "unknown"
  },
  {
    "title": "-",
    "link": "https://www.bayer.com/en/history/-",
    "timestamp": "unknown"
  },
  {
    "title": "-",
    "link": "https://www.bayer.com/en/history/-",
    "timestamp": "unknown"
  },
  {
    "title": "-",
    "link": "https://www.bayer.com/en/history/-",
    "timestamp": "unknown"
  },
  {
    "title": "-",
    "link": "https://www.bayer.com/en/history/-",
    "timestamp": "unknown"
  },
  {
    "title": "-",
    "link": "https://www.bayer.com/en/history/-",
    "timestamp": "unknown"
  },
  {
    "title": "-",
    "link": "https://www.bayer.com/en/history/-",
    "timestamp": "unknown"
  },
  {
    "title": "- Present",
    "link": "https://www.bayer.com/en/history/-present",
    "timestamp": "unknown"
  },
  {
    "title": "Biographies",
    "link": "https://www.bayer.com/en/history/biographies",
    "timestamp": "unknown"
  },
  {
    "title": "The Bayer Cross",
    "link": "https://www.bayer.com/en/history/logo-history",
    "timestamp": "unknown"
  },
  {
    "title": "The Corporate Archives",
    "link": "https://www.bayer.com/en/history/the-company-archive",
    "timestamp": "unknown"
  },
  {
    "title": "ProcurementSustainability in ProcurementOur ApproachSupplier Code of ConductStrategic Sustainability Focus AreasResponsible ProcurementIndustry Initia",
    "link": "https://www.bayer.com/en/procurement",
    "timestamp": "unknown"
  },
  {
    "title": "Sustainability in ProcurementOur ApproachSupplier Code of ConductStrategic Sustainability Focus AreasResponsible ProcurementIndustry Initiatives",
    "link": "https://www.bayer.com/en/procurement/our-approach",
    "timestamp": "unknown"
  },
  {
    "title": "Our Approach",
    "link": "https://www.bayer.com/en/procurement/our-approach",
    "timestamp": "unknown"
  },
  {
    "title": "Supplier Code of Conduct",
    "link": "https://www.bayer.com/en/procurement/supplier-code-of-conduct",
    "timestamp": "unknown"
  },
  {
    "title": "Strategic Sustainability Focus Areas",
    "link": "https://www.bayer.com/en/procurement/strategic-sustainability-focus-areas",
    "timestamp": "unknown"
  },
  {
    "title": "Responsible Procurement",
    "link": "https://www.bayer.com/en/procurement/responsible-procurement",
    "timestamp": "unknown"
  },
  {
    "title": "Industry Initiatives",
    "link": "https://www.bayer.com/en/procurement/industry-initiatives",
    "timestamp": "unknown"
  },
  {
    "title": "Supplier InformationConditions of PurchaseCustoms & International Trade GuidelinesDelivery and LogisticsInvoicingDownloads & Links",
    "link": "https://www.bayer.com/en/procurement/conditions-of-purchase",
    "timestamp": "unknown"
  },
  {
    "title": "Conditions of Purchase",
    "link": "https://www.bayer.com/en/procurement/conditions-of-purchase",
    "timestamp": "unknown"
  },
  {
    "title": "Customs & International Trade Guidelines",
    "link": "https://www.bayer.com/en/procurement/customs-and-international-trade-guidelines",
    "timestamp": "unknown"
  },
  {
    "title": "Delivery and Logistics",
    "link": "https://www.bayer.com/en/procurement/delivery-and-logistics",
    "timestamp": "unknown"
  },
  {
    "title": "Invoicing",
    "link": "https://www.bayer.com/en/procurement/invoicing",
    "timestamp": "unknown"
  },
  {
    "title": "Downloads & Links",
    "link": "https://www.bayer.com/en/procurement/procurement-downloads-and-links",
    "timestamp": "unknown"
  },
  {
    "title": "Contact Procurement",
    "link": "https://www.bayer.com/en/procurement/contact-procurement",
    "timestamp": "unknown"
  },
  {
    "title": "Corporate ComplianceInformation & IT SecurityData Privacy Information For Specific Processing ActivitiesSpeak Up Channel",
    "link": "https://www.bayer.com/en/corporate-compliance/corporate-compliance",
    "timestamp": "unknown"
  },
  {
    "title": "Information & IT Security",
    "link": "https://www.bayer.com/en/corporate-compliance/information-and-it-security-cyber-crime",
    "timestamp": "unknown"
  },
  {
    "title": "Data Privacy Information For Specific Processing Activities",
    "link": "https://www.bayer.com/en/corporate-compliance/data-privacy-statement-for-specific-processing-activities",
    "timestamp": "unknown"
  },
  {
    "title": "Speak Up Channel",
    "link": "https://www.bayer.com/en/corporate-compliance/speak-up-channel",
    "timestamp": "unknown"
  },
  {
    "title": "Calendar",
    "link": "https://www.bayer.com/en/calendar",
    "timestamp": "unknown"
  },
  {
    "title": "Contact Us",
    "link": "https://www.bayer.com/en/contact-us",
    "timestamp": "unknown"
  },
  {
    "title": "HealthAs a leader in healthcare, Bayer provides innovative solutions designed to prevent, alleviate and treat diseases.Health at BayerPharmaceuticalsC",
    "link": "https://www.bayer.com/en/health-at-bayer",
    "timestamp": "unknown"
  },
  {
    "title": "As a leader in healthcare, Bayer provides innovative solutions designed to prevent, alleviate and treat diseases.Health at BayerPharmaceuticalsCell an",
    "link": "https://www.bayer.com/en/health",
    "timestamp": "unknown"
  },
  {
    "title": "As a leader in healthcare, Bayer provides innovative solutions designed to prevent, alleviate and treat diseases.Health at BayerPharmaceuticalsCell an",
    "link": "https://www.bayer.com/en/health",
    "timestamp": "unknown"
  },
  {
    "title": "As a leader in healthcare, Bayer provides innovative solutions designed to prevent, alleviate and treat diseases.Health at BayerPharmaceuticalsCell an",
    "link": "https://www.bayer.com/en/health",
    "timestamp": "unknown"
  },
  {
    "title": "As a leader in healthcare, Bayer provides innovative solutions designed to prevent, alleviate and treat diseases.",
    "link": "https://www.bayer.com/en/health",
    "timestamp": "unknown"
  },
  {
    "title": "Health at Bayer",
    "link": "https://www.bayer.com/en/health-at-bayer",
    "timestamp": "unknown"
  },
  {
    "title": "PharmaceuticalsCell and Gene TherapyGene TherapyCell TherapyGene EditingTransparencyPatient OrganizationPatient EngagementNews & StoriesInspired By Yo",
    "link": "https://www.bayer.com/en/pharma/pharmaceuticals",
    "timestamp": "unknown"
  },
  {
    "title": "Cell and Gene TherapyGene TherapyCell TherapyGene Editing",
    "link": "https://www.bayer.com/en/pharma/cell-and-gene-therapy",
    "timestamp": "unknown"
  },
  {
    "title": "Gene Therapy",
    "link": "https://www.bayer.com/en/pharma/gene-therapy",
    "timestamp": "unknown"
  },
  {
    "title": "Cell Therapy",
    "link": "https://www.bayer.com/en/pharma/cell-therapy",
    "timestamp": "unknown"
  },
  {
    "title": "Gene Editing",
    "link": "https://www.bayer.com/en/pharma/gene-editing",
    "timestamp": "unknown"
  },
  {
    "title": "TransparencyPatient OrganizationPatient Engagement",
    "link": "https://www.bayer.com/en/pharma/patient-organization",
    "timestamp": "unknown"
  },
  {
    "title": "Patient Organization",
    "link": "https://www.bayer.com/en/pharma/patient-organization",
    "timestamp": "unknown"
  },
  {
    "title": "Patient Engagement",
    "link": "https://www.bayer.com/en/pharma/patient-engagement",
    "timestamp": "unknown"
  },
  {
    "title": "News & Stories",
    "link": "https://www.bayer.com/en/pharma/news-stories",
    "timestamp": "unknown"
  },
  {
    "title": "Inspired By You",
    "link": "https://www.bayer.com/en/pharma/inspired-by-you",
    "timestamp": "unknown"
  },
  {
    "title": "Treatment AreasCardiologyThrombosisHeart AttackDiagnosing Heart DiseaseHigh Blood PressureTransthyretin Amyloid CardiomyopathyHeart FailureStroke & At",
    "link": "https://www.bayer.com/en/pharma/treatment-areas",
    "timestamp": "unknown"
  },
  {
    "title": "CardiologyThrombosisHeart AttackDiagnosing Heart DiseaseHigh Blood PressureTransthyretin Amyloid CardiomyopathyHeart FailureStroke & Atrial Fibrillati",
    "link": "https://www.bayer.com/en/pharma/cardiology",
    "timestamp": "unknown"
  },
  {
    "title": "Thrombosis",
    "link": "https://www.bayer.com/en/pharma/thrombosis",
    "timestamp": "unknown"
  },
  {
    "title": "Heart Attack",
    "link": "https://www.bayer.com/en/pharma/heart-attack",
    "timestamp": "unknown"
  },
  {
    "title": "Diagnosing Heart Disease",
    "link": "https://www.bayer.com/en/pharma/diagnosing-heart-disease",
    "timestamp": "unknown"
  },
  {
    "title": "High Blood Pressure",
    "link": "https://www.bayer.com/en/pharma/high-blood-pressure",
    "timestamp": "unknown"
  },
  {
    "title": "Transthyretin Amyloid Cardiomyopathy",
    "link": "https://www.bayer.com/en/pharma/transthyretin-amyloid-cardiomyopathy",
    "timestamp": "unknown"
  },
  {
    "title": "Heart Failure",
    "link": "https://www.bayer.com/en/pharma/heart-failure",
    "timestamp": "unknown"
  },
  {
    "title": "Stroke & Atrial FibrillationThe Invisible Made Visible",
    "link": "https://www.bayer.com/en/pharma/stroke",
    "timestamp": "unknown"
  },
  {
    "title": "The Invisible Made Visible",
    "link": "https://www.bayer.com/en/pharma/the-invisible-made-visible",
    "timestamp": "unknown"
  },
  {
    "title": "Hematology",
    "link": "https://www.bayer.com/en/pharma/hematology",
    "timestamp": "unknown"
  },
  {
    "title": "OncologyGastrointestinal Stromal TumorBreast CancerKidney CancerLiver CancerProstate CancerTRK Fusion CancerThyroid CancerNSCLC",
    "link": "https://www.bayer.com/en/pharma/oncology",
    "timestamp": "unknown"
  },
  {
    "title": "Gastrointestinal Stromal Tumor",
    "link": "https://www.bayer.com/en/pharma/gastrointestinal-stromal-tumor-gist",
    "timestamp": "unknown"
  },
  {
    "title": "Breast Cancer",
    "link": "https://www.bayer.com/en/pharma/breast-cancer",
    "timestamp": "unknown"
  },
  {
    "title": "Kidney Cancer",
    "link": "https://www.bayer.com/en/pharma/kidney-cancer",
    "timestamp": "unknown"
  },
  {
    "title": "Liver Cancer",
    "link": "https://www.bayer.com/en/pharma/liver-cancer",
    "timestamp": "unknown"
  },
  {
    "title": "Prostate Cancer",
    "link": "https://www.bayer.com/en/pharma/prostate-cancer",
    "timestamp": "unknown"
  },
  {
    "title": "TRK Fusion Cancer",
    "link": "https://www.bayer.com/en/pharma/trk-fusion-cancer",
    "timestamp": "unknown"
  },
  {
    "title": "Thyroid Cancer",
    "link": "https://www.bayer.com/en/pharma/thyroid-cancer",
    "timestamp": "unknown"
  },
  {
    "title": "NSCLC",
    "link": "https://www.bayer.com/en/nsclc",
    "timestamp": "unknown"
  },
  {
    "title": "Chronic Kidney Disease",
    "link": "https://www.bayer.com/en/pharma/chronic-kidney-disease",
    "timestamp": "unknown"
  },
  {
    "title": "Eye ConditionsAge-related Macular DegenerationDiabetic Macular Edema",
    "link": "https://www.bayer.com/en/pharma/eye-conditions",
    "timestamp": "unknown"
  },
  {
    "title": "Age-related Macular Degeneration",
    "link": "https://www.bayer.com/en/pharma/age-related-macular-degeneration-amd",
    "timestamp": "unknown"
  },
  {
    "title": "Diabetic Macular Edema",
    "link": "https://www.bayer.com/en/pharma/diabetic-macular-edema-dme",
    "timestamp": "unknown"
  },
  {
    "title": "Healthy Aging",
    "link": "https://www.bayer.com/en/pharma/healthy-aging",
    "timestamp": "unknown"
  },
  {
    "title": "Hormonal & Reproductive HealthContraceptionEndometriosisHeavy Menstrual BleedingMenopauseAcne Therapy",
    "link": "https://www.bayer.com/en/pharma/hormonal-reproductive-health",
    "timestamp": "unknown"
  },
  {
    "title": "Contraception",
    "link": "https://www.bayer.com/en/pharma/contraception",
    "timestamp": "unknown"
  },
  {
    "title": "Endometriosis",
    "link": "https://www.bayer.com/en/pharma/endometriosis",
    "timestamp": "unknown"
  },
  {
    "title": "Heavy Menstrual Bleeding",
    "link": "https://www.bayer.com/en/pharma/heavy-menstrual-bleeding",
    "timestamp": "unknown"
  },
  {
    "title": "Menopause",
    "link": "https://www.bayer.com/en/pharma/menopause",
    "timestamp": "unknown"
  },
  {
    "title": "Acne Therapy",
    "link": "https://www.bayer.com/en/pharma/acne-therapy",
    "timestamp": "unknown"
  },
  {
    "title": "Innovation & TechnologiesTrendsAAV TherapeuticsStem cells - The new age of medical researchPharmacogeneticsBiomarkersPrecision MedicineUnited against ",
    "link": "https://www.bayer.com/en/pharma/innovation-research",
    "timestamp": "unknown"
  },
  {
    "title": "TrendsAAV TherapeuticsStem cells - The new age of medical researchPharmacogeneticsBiomarkersPrecision MedicineUnited against Parkinson\u2019s DiseaseUnlock",
    "link": "https://www.bayer.com/en/pharma/trends",
    "timestamp": "unknown"
  },
  {
    "title": "AAV Therapeutics",
    "link": "https://www.bayer.com/en/pharma/aav-therapeutics-fighting-genetic-diseases-their-source",
    "timestamp": "unknown"
  },
  {
    "title": "Stem cells - The new age of medical research",
    "link": "https://www.bayer.com/en/pharma/stem-cells-new-age-medical-research",
    "timestamp": "unknown"
  },
  {
    "title": "Pharmacogenetics",
    "link": "https://www.bayer.com/en/pharma/pharmacogenetics",
    "timestamp": "unknown"
  },
  {
    "title": "Biomarkers",
    "link": "https://www.bayer.com/en/pharma/biomarkers",
    "timestamp": "unknown"
  },
  {
    "title": "Precision Medicine",
    "link": "https://www.bayer.com/en/pharma/precision-medicine",
    "timestamp": "unknown"
  },
  {
    "title": "United against Parkinson\u2019s Disease",
    "link": "https://www.bayer.com/en/pharma/united-against-parkinsons-disease",
    "timestamp": "unknown"
  },
  {
    "title": "Unlocking the Undruggable Space",
    "link": "https://www.bayer.com/en/pharma/unlocking-the-undruggable-space",
    "timestamp": "unknown"
  },
  {
    "title": "PipelineClinical TrialsWorldwide StandardsEthics in Clinical TrialsFAQAccess to investigational medicines",
    "link": "https://www.bayer.com/en/pharma/development-pipeline",
    "timestamp": "unknown"
  },
  {
    "title": "Clinical TrialsWorldwide Standards",
    "link": "https://www.bayer.com/en/pharma/clinical-trials",
    "timestamp": "unknown"
  },
  {
    "title": "Worldwide Standards",
    "link": "https://www.bayer.com/en/pharma/worldwide-standards",
    "timestamp": "unknown"
  },
  {
    "title": "Ethics in Clinical Trials",
    "link": "https://www.bayer.com/en/pharma/ethics-clinical-trials",
    "timestamp": "unknown"
  },
  {
    "title": "FAQ",
    "link": "https://www.bayer.com/en/pharma/faq",
    "timestamp": "unknown"
  },
  {
    "title": "Access to investigational medicines",
    "link": "https://www.bayer.com/en/pharma/access-investigational-medicines",
    "timestamp": "unknown"
  },
  {
    "title": "TechnologyArtificial IntelligenceChemoproteomicsPROTAC&#;sRNA-targeting SMOLsDiagnostic Imaging",
    "link": "https://www.bayer.com/en/pharma/technologies",
    "timestamp": "unknown"
  },
  {
    "title": "Artificial Intelligence",
    "link": "https://www.bayer.com/en/pharma/artificial-intelligence",
    "timestamp": "unknown"
  },
  {
    "title": "Chemoproteomics",
    "link": "https://www.bayer.com/en/pharma/chemoproteomics",
    "timestamp": "unknown"
  },
  {
    "title": "PROTAC&#;s",
    "link": "https://www.bayer.com/en/pharma/protacs",
    "timestamp": "unknown"
  },
  {
    "title": "RNA-targeting SMOLs",
    "link": "https://www.bayer.com/en/pharma/rna-targeting-small-molecules",
    "timestamp": "unknown"
  },
  {
    "title": "Diagnostic Imaging",
    "link": "https://www.bayer.com/en/pharma/diagnostic-imaging",
    "timestamp": "unknown"
  },
  {
    "title": "Partnering",
    "link": "https://www.bayer.com/en/pharma/partnering",
    "timestamp": "unknown"
  },
  {
    "title": "OncologyImmuno-oncologyTargeted Alpha TherapyTumor Intrinsic PathwaysCovalent binding \u2013 Vividion",
    "link": "https://www.bayer.com/en/pharma/challenging-cancer-with-precision-medicine",
    "timestamp": "unknown"
  },
  {
    "title": "Immuno-oncology",
    "link": "https://www.bayer.com/en/pharma/immuno-oncology",
    "timestamp": "unknown"
  },
  {
    "title": "Targeted Alpha Therapy",
    "link": "https://www.bayer.com/en/pharma/targeted-alpha-therapy",
    "timestamp": "unknown"
  },
  {
    "title": "Tumor Intrinsic Pathways",
    "link": "https://www.bayer.com/en/pharma/tumor-intrinsic-pathways",
    "timestamp": "unknown"
  },
  {
    "title": "Covalent binding \u2013 Vividion",
    "link": "https://www.bayer.com/en/pharma/covalent-binding-vividion",
    "timestamp": "unknown"
  },
  {
    "title": "SustainabilityPatient Access CharterLeadership PerspectiveMoving Non-Communicable Diseases Care ForwardEnsuring a Sustainable Product SupplyStrengthen",
    "link": "https://www.bayer.com/en/pharma/initiatives",
    "timestamp": "unknown"
  },
  {
    "title": "Patient Access Charter",
    "link": "https://www.bayer.com/en/pharma/bayer-pharmaceutical-division-patient-access-charter",
    "timestamp": "unknown"
  },
  {
    "title": "Leadership Perspective",
    "link": "https://www.bayer.com/en/pharma/leadership-perspective",
    "timestamp": "unknown"
  },
  {
    "title": "Moving Non-Communicable Diseases Care Forward",
    "link": "https://www.bayer.com/en/pharma/non-communicable-disease-care",
    "timestamp": "unknown"
  },
  {
    "title": "Ensuring a Sustainable Product Supply",
    "link": "https://www.bayer.com/en/pharma/sustainability",
    "timestamp": "unknown"
  },
  {
    "title": "Strengthening Healthcare Access",
    "link": "https://www.bayer.com/en/pharma/strengthening-healthcare-access",
    "timestamp": "unknown"
  },
  {
    "title": "Empowering Women, GloballyBoosting Family Planning Usage through Digital ChannelsCapacity building: Addressing Root Causes through PartnershipsImpact ",
    "link": "https://www.bayer.com/en/pharma/empowering-women-globally",
    "timestamp": "unknown"
  },
  {
    "title": "Boosting Family Planning Usage through Digital Channels",
    "link": "https://www.bayer.com/en/pharma/advancing-digital-reproductive-health",
    "timestamp": "unknown"
  },
  {
    "title": "Capacity building: Addressing Root Causes through Partnerships",
    "link": "https://www.bayer.com/en/pharma/capacity-building",
    "timestamp": "unknown"
  },
  {
    "title": "Impact at Scale: The Challenge Initiative",
    "link": "https://www.bayer.com/en/pharma/partnership-with-the-challenge-initiative",
    "timestamp": "unknown"
  },
  {
    "title": "Promoting Awareness: World Contraception Day (WCD) & the Your Life Campaign",
    "link": "https://www.bayer.com/en/pharma/world-contraception-day-and-your-life-campaign",
    "timestamp": "unknown"
  },
  {
    "title": "Providing Accessible and Affordable Contraceptives",
    "link": "https://www.bayer.com/en/pharma/providing-accessible-and-affordable-contraceptives",
    "timestamp": "unknown"
  },
  {
    "title": "Enabling Family Planning in Humanitarian Settings",
    "link": "https://www.bayer.com/en/pharma/family-planning-in-humanitarian-settings",
    "timestamp": "unknown"
  },
  {
    "title": "Fighting Neglected Tropical DiseasesChagas Disease",
    "link": "https://www.bayer.com/en/pharma/fighting-neglected-tropical-diseases",
    "timestamp": "unknown"
  },
  {
    "title": "Chagas Disease",
    "link": "https://www.bayer.com/en/pharma/chagas-disease",
    "timestamp": "unknown"
  },
  {
    "title": "Delivering Better Cancer Care",
    "link": "https://www.bayer.com/en/pharma/delivering-better-cancer-care",
    "timestamp": "unknown"
  },
  {
    "title": "Personal HealthSolutionsAiding DigestionCaring for SkinFighting PainProtecting Heart HealthRelieving AllergiesSupporting NutritionTreating Cold and Fl",
    "link": "https://www.bayer.com/en/personal-health/better-health-for-all",
    "timestamp": "unknown"
  },
  {
    "title": "SolutionsAiding DigestionCaring for SkinFighting PainProtecting Heart HealthRelieving AllergiesSupporting NutritionTreating Cold and Flu Symptoms",
    "link": "https://www.bayer.com/en/personal-health/aiding-digestion",
    "timestamp": "unknown"
  },
  {
    "title": "Aiding Digestion",
    "link": "https://www.bayer.com/en/personal-health/aiding-digestion",
    "timestamp": "unknown"
  },
  {
    "title": "Caring for Skin",
    "link": "https://www.bayer.com/en/personal-health/caring-for-skin",
    "timestamp": "unknown"
  },
  {
    "title": "Fighting Pain",
    "link": "https://www.bayer.com/en/personal-health/fighting-pain",
    "timestamp": "unknown"
  },
  {
    "title": "Protecting Heart Health",
    "link": "https://www.bayer.com/en/personal-health/protecting-heart-health",
    "timestamp": "unknown"
  },
  {
    "title": "Relieving Allergies",
    "link": "https://www.bayer.com/en/personal-health/relieving-allergies",
    "timestamp": "unknown"
  },
  {
    "title": "Supporting Nutrition",
    "link": "https://www.bayer.com/en/personal-health/supporting-nutrition",
    "timestamp": "unknown"
  },
  {
    "title": "Treating Cold and Flu Symptoms",
    "link": "https://www.bayer.com/en/personal-health/treating-cold-and-flu-symptoms",
    "timestamp": "unknown"
  },
  {
    "title": "Products",
    "link": "https://www.bayer.com/en/personal-health/consumer-health-products",
    "timestamp": "unknown"
  },
  {
    "title": "InnovationPartnershipsTrust and CredibilityScience-Led Self-Care",
    "link": "https://www.bayer.com/en/personal-health/human-centered-innovation-for-better-self-care",
    "timestamp": "unknown"
  },
  {
    "title": "Partnerships",
    "link": "https://www.bayer.com/en/personal-health/partnering-to-achieve-health-for-all",
    "timestamp": "unknown"
  },
  {
    "title": "Trust and Credibility",
    "link": "https://www.bayer.com/en/personal-health/a-century-of-science",
    "timestamp": "unknown"
  },
  {
    "title": "Science-Led Self-Care",
    "link": "https://www.bayer.com/en/personal-health/science-led-self-care",
    "timestamp": "unknown"
  },
  {
    "title": "Our CommitmentsCreative and Responsible MarketingEmpowering Personal Health SustainablyThe Nutrient Gap Initiative",
    "link": "https://www.bayer.com/en/personal-health/transforming-everyday-health",
    "timestamp": "unknown"
  },
  {
    "title": "Creative and Responsible Marketing",
    "link": "https://www.bayer.com/en/personal-health/creative-and-responsible-marketing",
    "timestamp": "unknown"
  },
  {
    "title": "Empowering Personal Health Sustainably",
    "link": "https://www.bayer.com/en/personal-health/empowering-personal-health-sustainably",
    "timestamp": "unknown"
  },
  {
    "title": "The Nutrient Gap Initiative",
    "link": "https://www.bayer.com/en/personal-health/the-nutrient-gap-initiative",
    "timestamp": "unknown"
  },
  {
    "title": "News & Stories",
    "link": "https://www.bayer.com/en/personal-health/news-stories-personal-health",
    "timestamp": "unknown"
  },
  {
    "title": "Report a Side Effect",
    "link": "https://www.bayer.com/en/health/report-side-effect",
    "timestamp": "unknown"
  },
  {
    "title": "Medical Counterfeits",
    "link": "https://www.bayer.com/en/health/beware-of-counterfeits",
    "timestamp": "unknown"
  },
  {
    "title": "AgricultureBayer provides tailored solutions for farmers to plant, grow and protect their harvests using less land, water and energy.OverviewFarmer Vo",
    "link": "https://www.bayer.com/en/agriculture-overview",
    "timestamp": "unknown"
  },
  {
    "title": "Bayer provides tailored solutions for farmers to plant, grow and protect their harvests using less land, water and energy.OverviewFarmer VoicePublicat",
    "link": "https://www.bayer.com/en/agriculture",
    "timestamp": "unknown"
  },
  {
    "title": "Bayer provides tailored solutions for farmers to plant, grow and protect their harvests using less land, water and energy.OverviewFarmer VoicePublicat",
    "link": "https://www.bayer.com/en/agriculture",
    "timestamp": "unknown"
  },
  {
    "title": "Bayer provides tailored solutions for farmers to plant, grow and protect their harvests using less land, water and energy.OverviewFarmer VoicePublicat",
    "link": "https://www.bayer.com/en/agriculture",
    "timestamp": "unknown"
  },
  {
    "title": "Bayer provides tailored solutions for farmers to plant, grow and protect their harvests using less land, water and energy.",
    "link": "https://www.bayer.com/en/agriculture",
    "timestamp": "unknown"
  },
  {
    "title": "Overview",
    "link": "https://www.bayer.com/en/agriculture-overview",
    "timestamp": "unknown"
  },
  {
    "title": "Farmer Voice",
    "link": "https://www.bayer.com/en/agriculture/farmer-voice",
    "timestamp": "unknown"
  },
  {
    "title": "Publications",
    "link": "https://www.bayer.com/en/agriculture/publications",
    "timestamp": "unknown"
  },
  {
    "title": "Innovation",
    "link": "https://www.bayer.com/en/agriculture/crop-science-innovations",
    "timestamp": "unknown"
  },
  {
    "title": "Regenerative AgricultureSolutionsAgriculture BiologicalsCrop ProtectionWeed ManagementDisease ManagementInsect ManagementSeeds & TraitsBiotechnologyGe",
    "link": "https://www.bayer.com/en/agriculture/regenerativeag",
    "timestamp": "unknown"
  },
  {
    "title": "SolutionsAgriculture BiologicalsCrop ProtectionWeed ManagementDisease ManagementInsect ManagementSeeds & TraitsBiotechnologyGenome EditingPlant Breedi",
    "link": "https://www.bayer.com/en/agriculture/tailored-solutions",
    "timestamp": "unknown"
  },
  {
    "title": "Agriculture Biologicals",
    "link": "https://www.bayer.com/en/agriculture/agriculture-biologicals",
    "timestamp": "unknown"
  },
  {
    "title": "Crop ProtectionWeed ManagementDisease ManagementInsect Management",
    "link": "https://www.bayer.com/en/agriculture/crop-protection",
    "timestamp": "unknown"
  },
  {
    "title": "Weed Management",
    "link": "https://www.bayer.com/en/agriculture/weed-management",
    "timestamp": "unknown"
  },
  {
    "title": "Disease Management",
    "link": "https://www.bayer.com/en/agriculture/disease-management",
    "timestamp": "unknown"
  },
  {
    "title": "Insect Management",
    "link": "https://www.bayer.com/en/agriculture/insect-management",
    "timestamp": "unknown"
  },
  {
    "title": "Seeds & TraitsBiotechnologyGenome EditingPlant Breeding",
    "link": "https://www.bayer.com/en/agriculture/seeds-traits",
    "timestamp": "unknown"
  },
  {
    "title": "Biotechnology",
    "link": "https://www.bayer.com/en/agriculture/gmo-biotechnology",
    "timestamp": "unknown"
  },
  {
    "title": "Genome Editing",
    "link": "https://www.bayer.com/en/agriculture/genome-editing",
    "timestamp": "unknown"
  },
  {
    "title": "Plant Breeding",
    "link": "https://www.bayer.com/en/agriculture/plant-breeding",
    "timestamp": "unknown"
  },
  {
    "title": "Digital FarmingSmart Solutions",
    "link": "https://www.bayer.com/en/agriculture/digital-farming-systems",
    "timestamp": "unknown"
  },
  {
    "title": "Smart Solutions",
    "link": "https://www.bayer.com/en/agriculture/digital-farming",
    "timestamp": "unknown"
  },
  {
    "title": "Fruits & Vegetables",
    "link": "https://www.bayer.com/en/agriculture/fruits-vegetables",
    "timestamp": "unknown"
  },
  {
    "title": "Sustainability TargetsWater TargetEmpowering Smallholder FarmersImpact on Smallholder LivelihoodsReducing Crop Protection\u2019s Environmental Impact",
    "link": "https://www.bayer.com/en/agriculture/sustainability-commitments",
    "timestamp": "unknown"
  },
  {
    "title": "Water Target",
    "link": "https://www.bayer.com/en/agriculture/agriculture-water-target",
    "timestamp": "unknown"
  },
  {
    "title": "Empowering Smallholder FarmersImpact on Smallholder Livelihoods",
    "link": "https://www.bayer.com/en/agriculture/empowering-smallholder-farmers",
    "timestamp": "unknown"
  },
  {
    "title": "Impact on Smallholder Livelihoods",
    "link": "https://www.bayer.com/en/agriculture/impact-on-smallholder-livelihoods",
    "timestamp": "unknown"
  },
  {
    "title": "Reducing Crop Protection\u2019s Environmental Impact",
    "link": "https://www.bayer.com/en/agriculture/reducing-agricultures-impact-environment",
    "timestamp": "unknown"
  },
  {
    "title": "Carbon VenturesCoverCressOur Carbon Zero CommitmentU.S. Carbon ProgramEuropean Carbon ProgramPRO Carbono ArgentinaPRO Carbono BrasilGHG Progress Repor",
    "link": "https://www.bayer.com/en/agriculture/climate-change",
    "timestamp": "unknown"
  },
  {
    "title": "CoverCress",
    "link": "https://www.bayer.com/en/agriculture/cover-cress",
    "timestamp": "unknown"
  },
  {
    "title": "Our Carbon Zero Commitment",
    "link": "https://www.bayer.com/en/agriculture/carbon-zero",
    "timestamp": "unknown"
  },
  {
    "title": "U.S. Carbon Program",
    "link": "https://www.bayer.com/en/agriculture/carbon-program-united-states",
    "timestamp": "unknown"
  },
  {
    "title": "European Carbon Program",
    "link": "https://www.bayer.com/en/agriculture/our-goal-to-decarbonize-agriculture",
    "timestamp": "unknown"
  },
  {
    "title": "PRO Carbono Argentina",
    "link": "https://www.agro.bayer.com.ar/pro-carbono",
    "timestamp": "unknown"
  },
  {
    "title": "PRO Carbono Brasil",
    "link": "https://www.bayer.com/en/node/",
    "timestamp": "unknown"
  },
  {
    "title": "GHG Progress Reporting",
    "link": "https://www.bayer.com/en/agriculture/greehouse-gas-results-and-progress",
    "timestamp": "unknown"
  },
  {
    "title": "BiodiversityRestoring BiodiversityNatural Resource ConservationWaterSoil HealthLand Preservation",
    "link": "https://www.bayer.com/en/agriculture/biodiversity",
    "timestamp": "unknown"
  },
  {
    "title": "Restoring Biodiversity",
    "link": "https://www.bayer.com/en/agriculture/restoring-biodiversity",
    "timestamp": "unknown"
  },
  {
    "title": "Natural Resource ConservationWaterSoil HealthLand Preservation",
    "link": "https://www.bayer.com/en/agriculture/natural-resource-conservation",
    "timestamp": "unknown"
  },
  {
    "title": "Water",
    "link": "https://www.bayer.com/en/agriculture/water-conservation",
    "timestamp": "unknown"
  },
  {
    "title": "Soil Health",
    "link": "https://www.bayer.com/en/agriculture/soil-health",
    "timestamp": "unknown"
  },
  {
    "title": "Land Preservation",
    "link": "https://www.bayer.com/en/agriculture/land-preservation",
    "timestamp": "unknown"
  },
  {
    "title": "The Crop Science Sustainability Progress ReportReporting Matters",
    "link": "https://www.bayer.com/en/sustainability-progress-report",
    "timestamp": "unknown"
  },
  {
    "title": "Reporting Matters",
    "link": "https://www.bayer.com/en/reporting-matters",
    "timestamp": "unknown"
  },
  {
    "title": "Regen Ag in the Field: Bayer ForwardFarming",
    "link": "https://www.bayer.com/en/agriculture/forwardfarming",
    "timestamp": "unknown"
  },
  {
    "title": "Advances in AgricultureFarms of the FutureInnovation PipelineCollaborations & Open InnovationGlobal LifeHub Network",
    "link": "https://www.bayer.com/en/agriculture/advances-agriculture",
    "timestamp": "unknown"
  },
  {
    "title": "Farms of the Future",
    "link": "https://www.bayer.com/en/agriculture/farms-of-the-future",
    "timestamp": "unknown"
  },
  {
    "title": "Innovation Pipeline",
    "link": "https://www.bayer.com/en/agriculture/pipeline",
    "timestamp": "unknown"
  },
  {
    "title": "Collaborations & Open InnovationGlobal LifeHub Network",
    "link": "https://www.bayer.com/en/agriculture/collaborations",
    "timestamp": "unknown"
  },
  {
    "title": "Global LifeHub Network",
    "link": "https://www.bayer.com/en/agriculture/global-lifehub-network",
    "timestamp": "unknown"
  },
  {
    "title": "Food SecurityBeyond Growing MoreResilient Food SystemsNutritionFood Loss & WasteFood Chain Partnership",
    "link": "https://www.bayer.com/en/agriculture/food-security",
    "timestamp": "unknown"
  },
  {
    "title": "Beyond Growing More",
    "link": "https://www.bayer.com/en/agriculture/beyond-growing-more",
    "timestamp": "unknown"
  },
  {
    "title": "Resilient Food Systems",
    "link": "https://www.bayer.com/en/agriculture/resilient-food-systems",
    "timestamp": "unknown"
  },
  {
    "title": "Nutrition",
    "link": "https://www.bayer.com/en/agriculture/nourishing-the-world",
    "timestamp": "unknown"
  },
  {
    "title": "Food Loss & Waste",
    "link": "https://www.bayer.com/en/agriculture/food-loss-waste",
    "timestamp": "unknown"
  },
  {
    "title": "Food Chain Partnership",
    "link": "https://www.bayer.com/en/agriculture/food-chain-partnership",
    "timestamp": "unknown"
  },
  {
    "title": "ProductsSuppliersCounterfeits in AgricultureRecognize & Avoid CounterfeitsBayer\u00b4s Role In Combating CounterfeitsBayer Safety Seal & Bayer Seal Scan Ap",
    "link": "https://www.bayer.com/en/agriculture/products",
    "timestamp": "unknown"
  },
  {
    "title": "Suppliers",
    "link": "https://www.bayer.com/en/agriculture/suppliers-crop-science",
    "timestamp": "unknown"
  },
  {
    "title": "Counterfeits in AgricultureRecognize & Avoid CounterfeitsBayer\u00b4s Role In Combating CounterfeitsBayer Safety Seal & Bayer Seal Scan App",
    "link": "https://www.bayer.com/en/agriculture/counterfeits-in-agriculture",
    "timestamp": "unknown"
  },
  {
    "title": "Recognize & Avoid Counterfeits",
    "link": "https://www.bayer.com/en/agriculture/recognize-and-avoid-counterfeits",
    "timestamp": "unknown"
  },
  {
    "title": "Bayer\u00b4s Role In Combating Counterfeits",
    "link": "https://www.bayer.com/en/agriculture/bayer-s-role-in-combating-counterfeits",
    "timestamp": "unknown"
  },
  {
    "title": "Bayer Safety Seal & Bayer Seal Scan App",
    "link": "https://www.bayer.com/en/agriculture/bayer-safety-seal",
    "timestamp": "unknown"
  },
  {
    "title": "Product Responsibility",
    "link": "https://www.bayer.com/en/agriculture/taking-product-responsibility",
    "timestamp": "unknown"
  },
  {
    "title": "Product StewardshipSafe Use Ambassador",
    "link": "https://www.bayer.com/en/agriculture/product-stewardship",
    "timestamp": "unknown"
  },
  {
    "title": "Safe Use Ambassador",
    "link": "https://www.bayer.com/en/agriculture/safe-use-ambassadors",
    "timestamp": "unknown"
  },
  {
    "title": "Product Supply",
    "link": "https://www.bayer.com/en/agriculture/creating-sustainable-product-supply",
    "timestamp": "unknown"
  },
  {
    "title": "TransparencyCrop ProtectionGlyphosate GuideWhat is Glyphosate?Safety RecordThe ChallengeFighting BackResources & NewsGMO CropsPlant BreedingOpenLabs",
    "link": "https://www.bayer.com/en/agriculture/transparency-crop-science",
    "timestamp": "unknown"
  },
  {
    "title": "Crop ProtectionGlyphosate GuideWhat is Glyphosate?Safety RecordThe ChallengeFighting BackResources & News",
    "link": "https://www.bayer.com/en/agriculture/transparency-in-crop-protection",
    "timestamp": "unknown"
  },
  {
    "title": "Glyphosate GuideWhat is Glyphosate?Safety RecordThe ChallengeFighting BackResources & News",
    "link": "https://www.bayer.com/en/truth-about-glyphosate",
    "timestamp": "unknown"
  },
  {
    "title": "What is Glyphosate?",
    "link": "https://www.bayer.com/en/what-is-glyphosate",
    "timestamp": "unknown"
  },
  {
    "title": "Safety Record",
    "link": "https://www.bayer.com/en/is-glyphosate-safe",
    "timestamp": "unknown"
  },
  {
    "title": "The Challenge",
    "link": "https://www.bayer.com/en/roundup-litigation",
    "timestamp": "unknown"
  },
  {
    "title": "Fighting Back",
    "link": "https://www.bayer.com/en/fighting-back",
    "timestamp": "unknown"
  },
  {
    "title": "Resources & News",
    "link": "https://www.bayer.com/en/roundup-and-glyphosate-resources-and-news",
    "timestamp": "unknown"
  },
  {
    "title": "GMO Crops",
    "link": "https://www.bayer.com/en/agriculture/transparency-gmo-crops",
    "timestamp": "unknown"
  },
  {
    "title": "Plant Breeding",
    "link": "https://www.bayer.com/en/agriculture/transparency-plant-breeding",
    "timestamp": "unknown"
  },
  {
    "title": "OpenLabs",
    "link": "https://www.bayer.com/en/agriculture/open-labs",
    "timestamp": "unknown"
  },
  {
    "title": "News & StoriesEventsBayer InnovationYouth Ag SummitPodcast",
    "link": "https://www.bayer.com/en/agriculture/news-stories",
    "timestamp": "unknown"
  },
  {
    "title": "EventsBayer InnovationYouth Ag Summit",
    "link": "https://www.bayer.com/en/agriculture/events",
    "timestamp": "unknown"
  },
  {
    "title": "Bayer Innovation",
    "link": "https://www.bayer.com/en/agriculture/bayer-innovation",
    "timestamp": "unknown"
  },
  {
    "title": "Youth Ag Summit",
    "link": "https://www.bayer.com/en/agriculture/youth-ag-summit",
    "timestamp": "unknown"
  },
  {
    "title": "Podcast",
    "link": "https://www.bayer.com/en/agriculture/podcast",
    "timestamp": "unknown"
  },
  {
    "title": "Contact Us",
    "link": "https://www.bayer.com/en/agriculture/contact-us-cropscience",
    "timestamp": "unknown"
  },
  {
    "title": "ProductsInnovative products for the health of humans and plants.OverviewProduct AreasInformation for PatientsBeware of CounterfeitsReport a Side-Effec",
    "link": "https://www.bayer.com/en/products/products-overview",
    "timestamp": "unknown"
  },
  {
    "title": "Innovative products for the health of humans and plants.OverviewProduct AreasInformation for PatientsBeware of CounterfeitsReport a Side-EffectProduct",
    "link": "https://www.bayer.com/en/products/products-overview",
    "timestamp": "unknown"
  },
  {
    "title": "Innovative products for the health of humans and plants.OverviewProduct AreasInformation for PatientsBeware of CounterfeitsReport a Side-EffectProduct",
    "link": "https://www.bayer.com/en/products/products-overview",
    "timestamp": "unknown"
  },
  {
    "title": "Innovative products for the health of humans and plants.OverviewProduct AreasInformation for PatientsBeware of CounterfeitsReport a Side-EffectProduct",
    "link": "https://www.bayer.com/en/products/products-overview",
    "timestamp": "unknown"
  },
  {
    "title": "Innovative products for the health of humans and plants.",
    "link": "https://www.bayer.com/en/products/products-overview",
    "timestamp": "unknown"
  },
  {
    "title": "Overview",
    "link": "https://www.bayer.com/en/products/products-overview",
    "timestamp": "unknown"
  },
  {
    "title": "Product Areas",
    "link": "https://www.bayer.com/en/products/product-portfolio-of-bayer",
    "timestamp": "unknown"
  },
  {
    "title": "Information for Patients",
    "link": "https://www.bayer.com/en/products/risks-benefits-drugs-patient-information",
    "timestamp": "unknown"
  },
  {
    "title": "Beware of Counterfeits",
    "link": "https://www.bayer.com/en/products/beware-of-counterfeits",
    "timestamp": "unknown"
  },
  {
    "title": "Report a Side-Effect",
    "link": "https://www.bayer.com/en/products/report-a-side-effect",
    "timestamp": "unknown"
  },
  {
    "title": "Products from A to Z",
    "link": "https://www.bayer.com/en/products/products-from-A-to-Z",
    "timestamp": "unknown"
  },
  {
    "title": "InnovationFor more than  years, Bayer has been driving innovation to improve people's lives.Science, Research & InnovationAgriculture PipelinePharmace",
    "link": "https://www.bayer.com/en/innovation/science-research-and-innovation",
    "timestamp": "unknown"
  },
  {
    "title": "For more than  years, Bayer has been driving innovation to improve people's lives.Science, Research & InnovationAgriculture PipelinePharmaceuticals Pi",
    "link": "https://www.bayer.com/en/innovation/science-research-and-innovation",
    "timestamp": "unknown"
  },
  {
    "title": "For more than  years, Bayer has been driving innovation to improve people's lives.Science, Research & InnovationAgriculture PipelinePharmaceuticals Pi",
    "link": "https://www.bayer.com/en/innovation/science-research-and-innovation",
    "timestamp": "unknown"
  },
  {
    "title": "For more than  years, Bayer has been driving innovation to improve people's lives.Science, Research & InnovationAgriculture PipelinePharmaceuticals Pi",
    "link": "https://www.bayer.com/en/innovation/science-research-and-innovation",
    "timestamp": "unknown"
  },
  {
    "title": "For more than  years, Bayer has been driving innovation to improve people's lives.",
    "link": "https://www.bayer.com/en/innovation/science-research-and-innovation",
    "timestamp": "unknown"
  },
  {
    "title": "Science, Research & InnovationAgriculture PipelinePharmaceuticals PipelineConsumer Health PipelineUnleashing the Potential of AI",
    "link": "https://www.bayer.com/en/innovation/science-research-and-innovation",
    "timestamp": "unknown"
  },
  {
    "title": "Agriculture Pipeline",
    "link": "https://www.bayer.com/en/agriculture/pipeline",
    "timestamp": "unknown"
  },
  {
    "title": "Pharmaceuticals Pipeline",
    "link": "https://www.bayer.com/en/pharma/development-pipeline",
    "timestamp": "unknown"
  },
  {
    "title": "Consumer Health Pipeline",
    "link": "https://www.bayer.com/en/personal-health/human-centered-innovation-for-better-self-care",
    "timestamp": "unknown"
  },
  {
    "title": "Unleashing the Potential of AI",
    "link": "https://www.bayer.com/en/innovation/unleashing-the-potential-of-ai",
    "timestamp": "unknown"
  },
  {
    "title": "Open Innovation and Collaboration",
    "link": "https://www.bayer.com/en/innovation/open-innovation-and-collaboration",
    "timestamp": "unknown"
  },
  {
    "title": "SustainabilityRead more about our economic, ecological and social challenges and opportunities.At a GlanceStrategyTargetsImpactReporting and Transpare",
    "link": "https://www.bayer.com/en/sustainability/at-a-glance",
    "timestamp": "unknown"
  },
  {
    "title": "Read more about our economic, ecological and social challenges and opportunities.At a GlanceStrategyTargetsImpactReporting and TransparencySustainabil",
    "link": "https://www.bayer.com/en/sustainability/at-a-glance",
    "timestamp": "unknown"
  },
  {
    "title": "Read more about our economic, ecological and social challenges and opportunities.At a GlanceStrategyTargetsImpactReporting and TransparencySustainabil",
    "link": "https://www.bayer.com/en/sustainability/at-a-glance",
    "timestamp": "unknown"
  },
  {
    "title": "Read more about our economic, ecological and social challenges and opportunities.At a GlanceStrategyTargetsImpactReporting and TransparencySustainabil",
    "link": "https://www.bayer.com/en/sustainability/at-a-glance",
    "timestamp": "unknown"
  },
  {
    "title": "Read more about our economic, ecological and social challenges and opportunities.",
    "link": "https://www.bayer.com/en/sustainability/at-a-glance",
    "timestamp": "unknown"
  },
  {
    "title": "At a GlanceStrategyTargetsImpact",
    "link": "https://www.bayer.com/en/sustainability/at-a-glance",
    "timestamp": "unknown"
  },
  {
    "title": "Strategy",
    "link": "https://www.bayer.com/en/sustainability/sustainability-strategy",
    "timestamp": "unknown"
  },
  {
    "title": "Targets",
    "link": "https://www.bayer.com/en/sustainability/targets",
    "timestamp": "unknown"
  },
  {
    "title": "Impact",
    "link": "https://www.bayer.com/en/sustainability/people-thrive",
    "timestamp": "unknown"
  },
  {
    "title": "Reporting and TransparencySustainability ReportsAdditional ReportsTransparencyTransparency ReportingScience CollaborationsCode of Conduct for Responsi",
    "link": "https://www.bayer.com/en/sustainability/reporting-and-transparency",
    "timestamp": "unknown"
  },
  {
    "title": "Sustainability Reports",
    "link": "https://www.bayer.com/en/sustainability/sustainability-reports",
    "timestamp": "unknown"
  },
  {
    "title": "Additional Reports",
    "link": "https://www.bayer.com/en/sustainability/additional-reports",
    "timestamp": "unknown"
  },
  {
    "title": "TransparencyTransparency ReportingScience CollaborationsCode of Conduct for Responsible LobbyingTransfers of Values to Healthcare ProfessionalsCommitm",
    "link": "https://www.bayer.com/en/sustainability/transparency",
    "timestamp": "unknown"
  },
  {
    "title": "Transparency Reporting",
    "link": "https://www.bayer.com/en/sustainability/transparency-reporting",
    "timestamp": "unknown"
  },
  {
    "title": "Science Collaborations",
    "link": "https://www.bayer.com/en/sustainability/transparency-in-science-collaborations",
    "timestamp": "unknown"
  },
  {
    "title": "Code of Conduct for Responsible Lobbying",
    "link": "https://www.bayer.com/en/sustainability/code-of-conduct-for-responsible-lobbying",
    "timestamp": "unknown"
  },
  {
    "title": "Transfers of Values to Healthcare ProfessionalsCommitmentCollaboration with Healthcare ProfessionalsOur Disclosure Obligations",
    "link": "https://www.bayer.com/en/sustainability/payments-to-healthcare-professionals",
    "timestamp": "unknown"
  },
  {
    "title": "Commitment",
    "link": "https://www.bayer.com/en/sustainability/payments-to-healthcare-professionals",
    "timestamp": "unknown"
  },
  {
    "title": "Collaboration with Healthcare Professionals",
    "link": "https://www.bayer.com/en/sustainability/collaboration-with-healthcare-professionals",
    "timestamp": "unknown"
  },
  {
    "title": "Our Disclosure Obligations",
    "link": "https://www.bayer.com/en/sustainability/our-disclosure-obligations",
    "timestamp": "unknown"
  },
  {
    "title": "ESG Investor Engagement and Webinars",
    "link": "https://www.bayer.com/en/sustainability/esg-investor-engagement",
    "timestamp": "unknown"
  },
  {
    "title": "Political Engagement",
    "link": "https://www.bayer.com/en/sustainability/political-principles-and-positions",
    "timestamp": "unknown"
  },
  {
    "title": "ESG Ratings and Rankings",
    "link": "https://www.bayer.com/en/sustainability/esgratings",
    "timestamp": "unknown"
  },
  {
    "title": "EnvironmentClimateBiodiversityWaterWaste and Packaging",
    "link": "https://www.bayer.com/en/sustainability/environment",
    "timestamp": "unknown"
  },
  {
    "title": "Climate",
    "link": "https://www.bayer.com/en/sustainability/climate-commitment-net-zero-",
    "timestamp": "unknown"
  },
  {
    "title": "Biodiversity",
    "link": "https://www.bayer.com/en/sustainability/biodiversity",
    "timestamp": "unknown"
  },
  {
    "title": "Water",
    "link": "https://www.bayer.com/en/sustainability/water-stewardship",
    "timestamp": "unknown"
  },
  {
    "title": "Waste and Packaging",
    "link": "https://www.bayer.com/en/sustainability/wasteandpackaging",
    "timestamp": "unknown"
  },
  {
    "title": "SocialEmployeesHealth and SafetyHuman RightsModern Slavery StatementAccess to our ProductsSocietal EngagementCorporate Giving & Social InnovationScien",
    "link": "https://www.bayer.com/en/sustainability/social",
    "timestamp": "unknown"
  },
  {
    "title": "Employees",
    "link": "https://www.bayer.com/en/working-at-bayer",
    "timestamp": "unknown"
  },
  {
    "title": "Health and Safety",
    "link": "https://www.bayer.com/en/sustainability/health-and-safety",
    "timestamp": "unknown"
  },
  {
    "title": "Human RightsModern Slavery Statement",
    "link": "https://www.bayer.com/en/sustainability/human-rights",
    "timestamp": "unknown"
  },
  {
    "title": "Modern Slavery Statement",
    "link": "https://www.bayer.com/en/sustainability/bayer-modern-slavery-statement",
    "timestamp": "unknown"
  },
  {
    "title": "Access to our Products",
    "link": "https://www.bayer.com/en/sustainability/access-to-our-products",
    "timestamp": "unknown"
  },
  {
    "title": "Societal EngagementCorporate Giving & Social InnovationScience EducationCulture of RemembranceBayer ClubsCultureSportsBayer and SportsSuccessful Bayer",
    "link": "https://www.bayer.com/en/corporate-giving-social-innovation",
    "timestamp": "unknown"
  },
  {
    "title": "Corporate Giving & Social InnovationScience Education",
    "link": "https://www.bayer.com/en/corporate-giving-social-innovation",
    "timestamp": "unknown"
  },
  {
    "title": "Science Education",
    "link": "https://www.bayer.com/en/societal-engagement/science-education",
    "timestamp": "unknown"
  },
  {
    "title": "Culture of Remembrance",
    "link": "https://www.bayer.com/en/societal-engagement/culture-of-remembrance",
    "timestamp": "unknown"
  },
  {
    "title": "Bayer Clubs",
    "link": "https://www.bayer.com/en/societal-engagement/clubs-sports-culture-hobby-bayer",
    "timestamp": "unknown"
  },
  {
    "title": "Culture",
    "link": "https://www.bayer.com/en/societal-engagement/culture-arts-promotion-program",
    "timestamp": "unknown"
  },
  {
    "title": "SportsBayer and SportsSuccessful Bayer AthletesParasportPromotion of New TalentBayer  Leverkusen",
    "link": "https://www.bayer.com/en/societal-engagement/bayer-sports-sponsor-overview",
    "timestamp": "unknown"
  },
  {
    "title": "Bayer and Sports",
    "link": "https://www.bayer.com/en/societal-engagement/bayer-sports-sponsor-overview",
    "timestamp": "unknown"
  },
  {
    "title": "Successful Bayer Athletes",
    "link": "https://www.bayer.com/en/societal-engagement/medals-achievements-bayer-athletes",
    "timestamp": "unknown"
  },
  {
    "title": "Parasport",
    "link": "https://www.bayer.com/en/societal-engagement/disabled-sports-sponsorship-paralympics",
    "timestamp": "unknown"
  },
  {
    "title": "Promotion of New Talent",
    "link": "https://www.bayer.com/en/societal-engagement/sports-promotion-talents-bayer",
    "timestamp": "unknown"
  },
  {
    "title": "Bayer  Leverkusen",
    "link": "https://www.bayer.com/en/societal-engagement/bayer--leverkusen-soccer",
    "timestamp": "unknown"
  },
  {
    "title": "Tax",
    "link": "https://www.bayer.com/en/investors/approach-to-tax",
    "timestamp": "unknown"
  },
  {
    "title": "GovernanceSustainability in the Supervisory boardBayer Sustainability CouncilBioethics CouncilUN Global CompactProduct StewardshipSupplier ManagementG",
    "link": "https://www.bayer.com/en/sustainability/governance",
    "timestamp": "unknown"
  },
  {
    "title": "Sustainability in the Supervisory board",
    "link": "https://www.bayer.com/en/supervisory-board/committees",
    "timestamp": "unknown"
  },
  {
    "title": "Bayer Sustainability Council",
    "link": "https://www.bayer.com/en/sustainability/bayer-sustainability-council",
    "timestamp": "unknown"
  },
  {
    "title": "Bioethics Council",
    "link": "https://www.bayer.com/en/sustainability/the-bayer-bioethics-council",
    "timestamp": "unknown"
  },
  {
    "title": "UN Global Compact",
    "link": "https://www.bayer.com/en/sustainability/global-compact",
    "timestamp": "unknown"
  },
  {
    "title": "Product Stewardship",
    "link": "https://www.bayer.com/en/sustainability/product-stewardship",
    "timestamp": "unknown"
  },
  {
    "title": "Supplier Management",
    "link": "https://www.bayer.com/en/sustainability/supplier-management",
    "timestamp": "unknown"
  },
  {
    "title": "Group RegulationsCorporate ComplianceBayer Human Rights PolicyResponsible Marketing & Sales",
    "link": "https://www.bayer.com/en/sustainability/corporate-compliance-en",
    "timestamp": "unknown"
  },
  {
    "title": "Corporate Compliance",
    "link": "https://www.bayer.com/en/sustainability/corporate-compliance-en",
    "timestamp": "unknown"
  },
  {
    "title": "Bayer Human Rights Policy",
    "link": "https://www.bayer.com/en/sustainability/bayer-human-rights-policy",
    "timestamp": "unknown"
  },
  {
    "title": "Responsible Marketing & Sales",
    "link": "https://www.bayer.com/en/sustainability/responsible-marketing-sales-regulation",
    "timestamp": "unknown"
  },
  {
    "title": "Group PositionsBASEBioethical PrinciplesProtection of BiodiversityPosition on Global Product StrategyPosition on Responsible CarePosition on Deforesta",
    "link": "https://www.bayer.com/en/sustainability/position-biodiversity",
    "timestamp": "unknown"
  },
  {
    "title": "BASE",
    "link": "https://www.bayer.com/en/sustainability/base",
    "timestamp": "unknown"
  },
  {
    "title": "Bioethical Principles",
    "link": "https://www.bayer.com/en/sustainability/bioethical-principles",
    "timestamp": "unknown"
  },
  {
    "title": "Protection of Biodiversity",
    "link": "https://www.bayer.com/en/sustainability/position-biodiversity",
    "timestamp": "unknown"
  },
  {
    "title": "Position on Global Product Strategy",
    "link": "https://www.bayer.com/en/sustainability/position-on-global-product-strategy",
    "timestamp": "unknown"
  },
  {
    "title": "Position on Responsible Care",
    "link": "https://www.bayer.com/en/sustainability/position-on-responsible-care",
    "timestamp": "unknown"
  },
  {
    "title": "Position on Deforestation and Forest Degradation",
    "link": "https://www.bayer.com/en/sustainability/position-on-deforestation-and-forest-degradation",
    "timestamp": "unknown"
  },
  {
    "title": "Position on Insect Decline",
    "link": "https://www.bayer.com/en/sustainability/our-views-on-insect-decline",
    "timestamp": "unknown"
  },
  {
    "title": "Raising the Bar on Crop Protection Safety Standards",
    "link": "https://www.bayer.com/en/sustainability/raising-the-bar-on-crop-protection-safety-standards",
    "timestamp": "unknown"
  },
  {
    "title": "UN Sustainable Development Goals",
    "link": "https://www.bayer.com/en/bayers-position-towards-un-sustainable-development-goals",
    "timestamp": "unknown"
  },
  {
    "title": "Position on Sustainable Beef Production",
    "link": "https://www.bayer.com/en/sustainability/position-sustainable-beef",
    "timestamp": "unknown"
  },
  {
    "title": "MediaBesides news this area provides further useful information like interesting stories, visual assets, an event calendar and media contacts.Overview",
    "link": "https://www.bayer.com/en/media-overview",
    "timestamp": "unknown"
  },
  {
    "title": "Besides news this area provides further useful information like interesting stories, visual assets, an event calendar and media contacts.OverviewNewsS",
    "link": "https://www.bayer.com/en/media-overview",
    "timestamp": "unknown"
  },
  {
    "title": "Besides news this area provides further useful information like interesting stories, visual assets, an event calendar and media contacts.OverviewNewsS",
    "link": "https://www.bayer.com/en/media-overview",
    "timestamp": "unknown"
  },
  {
    "title": "Besides news this area provides further useful information like interesting stories, visual assets, an event calendar and media contacts.OverviewNewsS",
    "link": "https://www.bayer.com/en/media-overview",
    "timestamp": "unknown"
  },
  {
    "title": "Besides news this area provides further useful information like interesting stories, visual assets, an event calendar and media contacts.",
    "link": "https://www.bayer.com/en/media-overview",
    "timestamp": "unknown"
  },
  {
    "title": "Overview",
    "link": "https://www.bayer.com/en/media-overview",
    "timestamp": "unknown"
  },
  {
    "title": "News",
    "link": "https://www.bayer.com/media/en-us/",
    "timestamp": "unknown"
  },
  {
    "title": "Stories",
    "link": "https://www.bayer.com/en/news-stories",
    "timestamp": "unknown"
  },
  {
    "title": "Speeches",
    "link": "https://www.bayer.com/media/en-us/speeches/",
    "timestamp": "unknown"
  },
  {
    "title": "Visual Assets",
    "link": "https://www.bayer.com/en/media/visual-assets",
    "timestamp": "unknown"
  },
  {
    "title": "EventsMedia Events OverviewEvents Archive",
    "link": "https://www.bayer.com/en/media/events",
    "timestamp": "unknown"
  },
  {
    "title": "Media Events Overview",
    "link": "https://www.bayer.com/en/media/media-events-overview",
    "timestamp": "unknown"
  },
  {
    "title": "Events Archive",
    "link": "https://www.bayer.com/en/media/events-archive",
    "timestamp": "unknown"
  },
  {
    "title": "Media Contacts",
    "link": "https://www.bayer.com/en/media/media-contacts",
    "timestamp": "unknown"
  },
  {
    "title": "Driving sustainable growth for our investors, society and the planet.",
    "link": "https://www.bayer.com/en/investors/events",
    "timestamp": "unknown"
  },
  {
    "title": "Overview",
    "link": "https://www.bayer.com/en/investors-overview",
    "timestamp": "unknown"
  },
  {
    "title": "Investor NewsAd Hoc",
    "link": "https://www.bayer.com/en/investors/investor-news",
    "timestamp": "unknown"
  },
  {
    "title": "Ad Hoc",
    "link": "https://www.bayer.com/en/investors/ad-hoc",
    "timestamp": "unknown"
  },
  {
    "title": "Events Archive",
    "link": "https://www.bayer.com/en/investors/events-archive",
    "timestamp": "unknown"
  }
]