[
  {
    "title": "Investors & MediaNewsroomEventsStock InformationFinancialsGovernanceInvestor ResourcesMedical ProfessionalsCareersApply to IonisIntern ProgramPostdoct",
    "link": "https://ir.ionis.com/",
    "timestamp": "unknown"
  },
  {
    "title": "Investors & MediaNewsroomEventsStock InformationFinancialsGovernanceInvestor ResourcesMedical ProfessionalsCareersApply to IonisIntern ProgramPostdoct",
    "link": "https://ir.ionis.com/",
    "timestamp": "unknown"
  },
  {
    "title": "Investors & MediaNewsroomEventsStock InformationFinancialsGovernanceInvestor ResourcesMedical ProfessionalsCareersApply to IonisIntern ProgramPostdoct",
    "link": "https://ir.ionis.com/",
    "timestamp": "unknown"
  },
  {
    "title": "Investors & MediaNewsroomEventsStock InformationFinancialsGovernanceInvestor Resources",
    "link": "https://ir.ionis.com/",
    "timestamp": "unknown"
  },
  {
    "title": "Newsroom",
    "link": "https://ir.ionis.com/newsroom/press-releases",
    "timestamp": "unknown"
  },
  {
    "title": "Events",
    "link": "https://ir.ionis.com/events",
    "timestamp": "unknown"
  },
  {
    "title": "Stock Information",
    "link": "https://ir.ionis.com/stock-information/stock-quote-and-chart",
    "timestamp": "unknown"
  },
  {
    "title": "Financials",
    "link": "https://ir.ionis.com/financial-information/sec-filings",
    "timestamp": "unknown"
  },
  {
    "title": "Governance",
    "link": "https://ir.ionis.com/corporate-governance/highlights",
    "timestamp": "unknown"
  },
  {
    "title": "Investor Resources",
    "link": "https://ir.ionis.com/investor-resources/investor-faqs",
    "timestamp": "unknown"
  },
  {
    "title": "Medical Professionals",
    "link": "https://www.ionis.com/medical-professionals",
    "timestamp": "unknown"
  },
  {
    "title": "CareersApply to IonisIntern ProgramPostdoctoral Program",
    "link": "https://www.ionis.com/careers",
    "timestamp": "unknown"
  },
  {
    "title": "Apply to Ionis",
    "link": "https://www.ionis.com/careers/apply-to-ionis",
    "timestamp": "unknown"
  },
  {
    "title": "Intern Program",
    "link": "https://www.ionis.com/careers/intern-program",
    "timestamp": "unknown"
  },
  {
    "title": "Postdoctoral Program",
    "link": "https://www.ionis.com/careers/postdoctoral-program",
    "timestamp": "unknown"
  },
  {
    "title": "Contact Us",
    "link": "https://www.ionis.com/contact-us",
    "timestamp": "unknown"
  },
  {
    "title": "Main navigationAbout UsOur LeadershipOur CultureCorporate ResponsibilityGrants & SponsorshipsAreas of FocusScience & InnovationPipelineClinical Trials",
    "link": "https://www.ionis.com/",
    "timestamp": "unknown"
  },
  {
    "title": "Main navigationAbout UsOur LeadershipOur CultureCorporate ResponsibilityGrants & SponsorshipsAreas of FocusScience & InnovationPipelineClinical Trials",
    "link": "https://www.ionis.com/",
    "timestamp": "unknown"
  },
  {
    "title": "About UsOur LeadershipOur CultureCorporate ResponsibilityGrants & Sponsorships",
    "link": "https://www.ionis.com/about-us/the-ionis-story",
    "timestamp": "unknown"
  },
  {
    "title": "Our Leadership",
    "link": "https://www.ionis.com/about-us/our-leadership",
    "timestamp": "unknown"
  },
  {
    "title": "Our Culture",
    "link": "https://ionis.com/about-us/our-culture",
    "timestamp": "unknown"
  },
  {
    "title": "Corporate Responsibility",
    "link": "https://www.ionis.com/about-us/corporate-responsibility",
    "timestamp": "unknown"
  },
  {
    "title": "Grants & Sponsorships",
    "link": "https://www.ionis.com/about-us/grants-and-sponsorships",
    "timestamp": "unknown"
  },
  {
    "title": "Areas of Focus",
    "link": "https://www.ionis.com/areas-of-focus",
    "timestamp": "unknown"
  },
  {
    "title": "Science & InnovationPipelineClinical TrialsIon-ARPA Initiative",
    "link": "https://www.ionis.com/science-and-innovation",
    "timestamp": "unknown"
  },
  {
    "title": "Pipeline",
    "link": "https://www.ionis.com/science-and-innovation/pipeline",
    "timestamp": "unknown"
  },
  {
    "title": "Clinical Trials",
    "link": "https://ionistrials.com/",
    "timestamp": "unknown"
  },
  {
    "title": "Ion-ARPA Initiative",
    "link": "https://www.ionis.com/science-and-innovation/ion-arpa-initiative",
    "timestamp": "unknown"
  },
  {
    "title": "Medicines",
    "link": "https://www.ionis.com/medicines",
    "timestamp": "unknown"
  },
  {
    "title": "Patients & AdvocacyPatient StoriesPatient ResourcesExpanded Access Policy",
    "link": "https://www.ionis.com/patients-and-advocacy",
    "timestamp": "unknown"
  },
  {
    "title": "Patient Stories",
    "link": "https://www.ionis.com/patients-and-advocacy/patient-stories",
    "timestamp": "unknown"
  },
  {
    "title": "Patient Resources",
    "link": "https://www.ionis.com/patients-and-advocacy/patient-resources",
    "timestamp": "unknown"
  },
  {
    "title": "Expanded Access Policy",
    "link": "https://www.ionis.com/patients-and-advocacy/expanded-access-policy",
    "timestamp": "unknown"
  },
  {
    "title": "Media CenterInvestor RelationsOverviewNewsroomPress ReleasesCompany StatementsInBriefsMedia CenterEventsStock InformationStock Quote & ChartAnalyst Co",
    "link": "https://ir.ionis.com/",
    "timestamp": "unknown"
  },
  {
    "title": "Media CenterInvestor RelationsOverviewNewsroomPress ReleasesCompany StatementsInBriefsMedia CenterEventsStock InformationStock Quote & ChartAnalyst Co",
    "link": "https://ir.ionis.com/",
    "timestamp": "unknown"
  },
  {
    "title": "Media CenterInvestor RelationsOverviewNewsroomPress ReleasesCompany StatementsInBriefsMedia CenterEventsStock InformationStock Quote & ChartAnalyst Co",
    "link": "https://ir.ionis.com/",
    "timestamp": "unknown"
  },
  {
    "title": "Media CenterInvestor RelationsOverviewNewsroomPress ReleasesCompany StatementsInBriefsMedia CenterEventsStock InformationStock Quote & ChartAnalyst Co",
    "link": "https://ir.ionis.com/",
    "timestamp": "unknown"
  },
  {
    "title": "Media CenterInvestor RelationsOverviewNewsroomPress ReleasesCompany StatementsInBriefsMedia CenterEventsStock InformationStock Quote & ChartAnalyst Co",
    "link": "https://ir.ionis.com/",
    "timestamp": "unknown"
  },
  {
    "title": "Media CenterInvestor RelationsOverviewNewsroomPress ReleasesCompany StatementsInBriefsMedia CenterEventsStock InformationStock Quote & ChartAnalyst Co",
    "link": "https://ir.ionis.com/",
    "timestamp": "unknown"
  },
  {
    "title": "Media CenterInvestor RelationsOverviewNewsroomPress ReleasesCompany StatementsInBriefsMedia CenterEventsStock InformationStock Quote & ChartAnalyst Co",
    "link": "https://ir.ionis.com/",
    "timestamp": "unknown"
  },
  {
    "title": "Media CenterInvestor RelationsOverviewNewsroomPress ReleasesCompany StatementsInBriefsMedia CenterEventsStock InformationStock Quote & ChartAnalyst Co",
    "link": "https://ir.ionis.com/",
    "timestamp": "unknown"
  },
  {
    "title": "Media CenterInvestor RelationsOverviewNewsroomPress ReleasesCompany StatementsInBriefsMedia CenterEventsStock InformationStock Quote & ChartAnalyst Co",
    "link": "https://ir.ionis.com/",
    "timestamp": "unknown"
  },
  {
    "title": "Media CenterInvestor RelationsOverviewNewsroomPress ReleasesCompany StatementsInBriefsMedia CenterEventsStock InformationStock Quote & ChartAnalyst Co",
    "link": "https://ir.ionis.com/",
    "timestamp": "unknown"
  },
  {
    "title": "Media CenterInvestor RelationsOverviewNewsroomPress ReleasesCompany StatementsInBriefsMedia CenterEventsStock InformationStock Quote & ChartAnalyst Co",
    "link": "https://ir.ionis.com/",
    "timestamp": "unknown"
  },
  {
    "title": "Media CenterInvestor RelationsOverviewNewsroomPress ReleasesCompany StatementsInBriefsMedia CenterEventsStock InformationStock Quote & ChartAnalyst Co",
    "link": "https://ir.ionis.com/",
    "timestamp": "unknown"
  },
  {
    "title": "Media CenterInvestor RelationsOverviewNewsroomPress ReleasesCompany StatementsInBriefsMedia CenterEventsStock InformationStock Quote & ChartAnalyst Co",
    "link": "https://ir.ionis.com/",
    "timestamp": "unknown"
  },
  {
    "title": "Investor RelationsOverviewNewsroomPress ReleasesCompany StatementsInBriefsMedia CenterEventsStock InformationStock Quote & ChartAnalyst CoverageOwners",
    "link": "https://ir.ionis.com/",
    "timestamp": "unknown"
  },
  {
    "title": "Investor RelationsOverviewNewsroomPress ReleasesCompany StatementsInBriefsMedia CenterEventsStock InformationStock Quote & ChartAnalyst CoverageOwners",
    "link": "https://ir.ionis.com/",
    "timestamp": "unknown"
  },
  {
    "title": "Overview",
    "link": "https://ir.ionis.com/",
    "timestamp": "unknown"
  },
  {
    "title": "NewsroomPress ReleasesCompany StatementsInBriefsMedia Center",
    "link": "https://ir.ionis.com/news-releases",
    "timestamp": "unknown"
  },
  {
    "title": "Press Releases",
    "link": "https://ir.ionis.com/newsroom/press-releases",
    "timestamp": "unknown"
  },
  {
    "title": "Company Statements",
    "link": "https://ir.ionis.com/newsroom/company-statements",
    "timestamp": "unknown"
  },
  {
    "title": "InBriefs",
    "link": "https://ir.ionis.com/newsroom/inbriefs",
    "timestamp": "unknown"
  },
  {
    "title": "Media Center",
    "link": "https://www.ionis.com/media-center/",
    "timestamp": "unknown"
  },
  {
    "title": "Events",
    "link": "https://ir.ionis.com/events",
    "timestamp": "unknown"
  },
  {
    "title": "Stock InformationStock Quote & ChartAnalyst CoverageOwnership Profile",
    "link": "https://ir.ionis.com/stock-information/stock-quote-and-chart",
    "timestamp": "unknown"
  },
  {
    "title": "Stock Quote & Chart",
    "link": "https://ir.ionis.com/stock-information/stock-quote-and-chart",
    "timestamp": "unknown"
  },
  {
    "title": "Analyst Coverage",
    "link": "https://ir.ionis.com/stock-information/analyst-coverage",
    "timestamp": "unknown"
  },
  {
    "title": "Ownership Profile",
    "link": "https://ir.ionis.com/stock-information/ownership-profile",
    "timestamp": "unknown"
  },
  {
    "title": "FinancialsSEC FilingsAnnual Reports",
    "link": "https://ir.ionis.com/financial-information/annual-reports",
    "timestamp": "unknown"
  },
  {
    "title": "SEC Filings",
    "link": "https://ir.ionis.com/financial-information/sec-filings",
    "timestamp": "unknown"
  },
  {
    "title": "Annual Reports",
    "link": "https://ir.ionis.com/financial-information/annual-reports",
    "timestamp": "unknown"
  },
  {
    "title": "GovernanceGovernance DocumentsCommittee Composition",
    "link": "https://ir.ionis.com/corporate-governance/highlights",
    "timestamp": "unknown"
  },
  {
    "title": "Governance Documents",
    "link": "https://ir.ionis.com/corporate-governance/highlights",
    "timestamp": "unknown"
  },
  {
    "title": "Committee Composition",
    "link": "https://ir.ionis.com/corporate-governance/committee-composition",
    "timestamp": "unknown"
  },
  {
    "title": "Investor ResourcesInvestor FAQsSettlement InformationContact Us",
    "link": "https://ir.ionis.com/investor-resources/investor-faqs",
    "timestamp": "unknown"
  },
  {
    "title": "Investor FAQs",
    "link": "https://ir.ionis.com/investor-resources/investor-faqs",
    "timestamp": "unknown"
  },
  {
    "title": "Settlement Information",
    "link": "https://ir.ionis.com/investor-resources/settlement-information",
    "timestamp": "unknown"
  },
  {
    "title": "Contact Us",
    "link": "https://www.ionis.com/contact-us",
    "timestamp": "unknown"
  },
  {
    "title": "Investor Email Alerts",
    "link": "https://ir.ionis.com/email-alerts",
    "timestamp": "unknown"
  },
  {
    "title": "Investor contact--Email",
    "link": "tel:--",
    "timestamp": "unknown"
  },
  {
    "title": "Investor contact--Email",
    "link": "tel:--",
    "timestamp": "unknown"
  },
  {
    "title": "Investor contact--Email",
    "link": "tel:--",
    "timestamp": "unknown"
  },
  {
    "title": "Investor contact--Email",
    "link": "tel:--",
    "timestamp": "unknown"
  },
  {
    "title": "--",
    "link": "tel:--",
    "timestamp": "unknown"
  },
  {
    "title": "Email",
    "link": "mailto:ir@ionis.com",
    "timestamp": "unknown"
  },
  {
    "title": "Media contact--Email",
    "link": "tel:--",
    "timestamp": "unknown"
  },
  {
    "title": "Media contact--Email",
    "link": "tel:--",
    "timestamp": "unknown"
  },
  {
    "title": "Media contact--Email",
    "link": "tel:--",
    "timestamp": "unknown"
  },
  {
    "title": "Media contact--Email",
    "link": "tel:--",
    "timestamp": "unknown"
  },
  {
    "title": "--",
    "link": "tel:--",
    "timestamp": "unknown"
  },
  {
    "title": "Email",
    "link": "mailto:media@ionis.com",
    "timestamp": "unknown"
  },
  {
    "title": "EventsUpcoming eventsSep ,EDTPositive CORE and CORE2 Topline Results WebcastListen to webcastSupporting MaterialsPresentation. MBSep ,EDTWells Fargo H",
    "link": "https://ir.ionis.com/events/event-details/positive-core-and-core2-topline-results-webcast",
    "timestamp": "unknown"
  },
  {
    "title": "EventsUpcoming eventsSep ,EDTPositive CORE and CORE2 Topline Results WebcastListen to webcastSupporting MaterialsPresentation. MBSep ,EDTWells Fargo H",
    "link": "https://ir.ionis.com/events/event-details/positive-core-and-core2-topline-results-webcast",
    "timestamp": "unknown"
  },
  {
    "title": "EventsUpcoming eventsSep ,EDTPositive CORE and CORE2 Topline Results WebcastListen to webcastSupporting MaterialsPresentation. MBSep ,EDTWells Fargo H",
    "link": "https://ir.ionis.com/events/event-details/positive-core-and-core2-topline-results-webcast",
    "timestamp": "unknown"
  },
  {
    "title": "EventsUpcoming eventsSep ,EDTPositive CORE and CORE2 Topline Results WebcastListen to webcastSupporting MaterialsPresentation. MBSep ,EDTWells Fargo H",
    "link": "https://ir.ionis.com/events/event-details/positive-core-and-core2-topline-results-webcast",
    "timestamp": "unknown"
  },
  {
    "title": "Upcoming eventsSep ,EDTPositive CORE and CORE2 Topline Results WebcastListen to webcastSupporting MaterialsPresentation. MBSep ,EDTWells Fargo Healthc",
    "link": "https://ir.ionis.com/events/event-details/positive-core-and-core2-topline-results-webcast",
    "timestamp": "unknown"
  },
  {
    "title": "Upcoming eventsSep ,EDTPositive CORE and CORE2 Topline Results WebcastListen to webcastSupporting MaterialsPresentation. MBSep ,EDTWells Fargo Healthc",
    "link": "https://ir.ionis.com/events/event-details/positive-core-and-core2-topline-results-webcast",
    "timestamp": "unknown"
  },
  {
    "title": "Upcoming eventsSep ,EDTPositive CORE and CORE2 Topline Results WebcastListen to webcastSupporting MaterialsPresentation. MBSep ,EDTWells Fargo Healthc",
    "link": "https://ir.ionis.com/events/event-details/positive-core-and-core2-topline-results-webcast",
    "timestamp": "unknown"
  },
  {
    "title": "Upcoming eventsSep ,EDTPositive CORE and CORE2 Topline Results WebcastListen to webcastSupporting MaterialsPresentation. MBSep ,EDTWells Fargo Healthc",
    "link": "https://ir.ionis.com/events/event-details/positive-core-and-core2-topline-results-webcast",
    "timestamp": "unknown"
  },
  {
    "title": "Upcoming eventsSep ,EDTPositive CORE and CORE2 Topline Results WebcastListen to webcastSupporting MaterialsPresentation. MBSep ,EDTWells Fargo Healthc",
    "link": "https://ir.ionis.com/events/event-details/positive-core-and-core2-topline-results-webcast",
    "timestamp": "unknown"
  },
  {
    "title": "Upcoming eventsSep ,EDTPositive CORE and CORE2 Topline Results WebcastListen to webcastSupporting MaterialsPresentation. MBSep ,EDTWells Fargo Healthc",
    "link": "https://ir.ionis.com/events/event-details/positive-core-and-core2-topline-results-webcast",
    "timestamp": "unknown"
  },
  {
    "title": "Upcoming eventsSep ,EDTPositive CORE and CORE2 Topline Results WebcastListen to webcastSupporting MaterialsPresentation. MBSep ,EDTWells Fargo Healthc",
    "link": "https://ir.ionis.com/events/event-details/positive-core-and-core2-topline-results-webcast",
    "timestamp": "unknown"
  },
  {
    "title": "Upcoming eventsSep ,EDTPositive CORE and CORE2 Topline Results WebcastListen to webcastSupporting MaterialsPresentation. MBSep ,EDTWells Fargo Healthc",
    "link": "https://ir.ionis.com/events/event-details/positive-core-and-core2-topline-results-webcast",
    "timestamp": "unknown"
  },
  {
    "title": "Upcoming eventsSep ,EDTPositive CORE and CORE2 Topline Results WebcastListen to webcastSupporting MaterialsPresentation. MBSep ,EDTWells Fargo Healthc",
    "link": "https://ir.ionis.com/events/event-details/positive-core-and-core2-topline-results-webcast",
    "timestamp": "unknown"
  },
  {
    "title": "Upcoming eventsSep ,EDTPositive CORE and CORE2 Topline Results WebcastListen to webcastSupporting MaterialsPresentation. MBSep ,EDTWells Fargo Healthc",
    "link": "https://ir.ionis.com/events/event-details/positive-core-and-core2-topline-results-webcast",
    "timestamp": "unknown"
  },
  {
    "title": "Upcoming eventsSep ,EDTPositive CORE and CORE2 Topline Results WebcastListen to webcastSupporting MaterialsPresentation. MBSep ,EDTWells Fargo Healthc",
    "link": "https://ir.ionis.com/events/event-details/positive-core-and-core2-topline-results-webcast",
    "timestamp": "unknown"
  },
  {
    "title": "Upcoming eventsSep ,EDTPositive CORE and CORE2 Topline Results WebcastListen to webcastSupporting MaterialsPresentation. MBSep ,EDTWells Fargo Healthc",
    "link": "https://ir.ionis.com/events/event-details/positive-core-and-core2-topline-results-webcast",
    "timestamp": "unknown"
  },
  {
    "title": "Upcoming eventsSep ,EDTPositive CORE and CORE2 Topline Results WebcastListen to webcastSupporting MaterialsPresentation. MBSep ,EDTWells Fargo Healthc",
    "link": "https://ir.ionis.com/events/event-details/positive-core-and-core2-topline-results-webcast",
    "timestamp": "unknown"
  },
  {
    "title": "Upcoming eventsSep ,EDTPositive CORE and CORE2 Topline Results WebcastListen to webcastSupporting MaterialsPresentation. MBSep ,EDTWells Fargo Healthc",
    "link": "https://ir.ionis.com/events/event-details/positive-core-and-core2-topline-results-webcast",
    "timestamp": "unknown"
  },
  {
    "title": "Upcoming eventsSep ,EDTPositive CORE and CORE2 Topline Results WebcastListen to webcastSupporting MaterialsPresentation. MBSep ,EDTWells Fargo Healthc",
    "link": "https://ir.ionis.com/events/event-details/positive-core-and-core2-topline-results-webcast",
    "timestamp": "unknown"
  },
  {
    "title": "Upcoming eventsSep ,EDTPositive CORE and CORE2 Topline Results WebcastListen to webcastSupporting MaterialsPresentation. MBSep ,EDTWells Fargo Healthc",
    "link": "https://ir.ionis.com/events/event-details/positive-core-and-core2-topline-results-webcast",
    "timestamp": "unknown"
  },
  {
    "title": "Sep ,EDTPositive CORE and CORE2 Topline Results WebcastListen to webcastSupporting MaterialsPresentation. MBSep ,EDTWells Fargo Healthcare ConferenceL",
    "link": "https://ir.ionis.com/events/event-details/positive-core-and-core2-topline-results-webcast",
    "timestamp": "unknown"
  },
  {
    "title": "Sep ,EDTPositive CORE and CORE2 Topline Results WebcastListen to webcastSupporting MaterialsPresentation. MBSep ,EDTWells Fargo Healthcare ConferenceL",
    "link": "https://ir.ionis.com/events/event-details/positive-core-and-core2-topline-results-webcast",
    "timestamp": "unknown"
  },
  {
    "title": "Sep ,EDTPositive CORE and CORE2 Topline Results WebcastListen to webcastSupporting MaterialsPresentation. MB",
    "link": "https://ir.ionis.com/events/event-details/positive-core-and-core2-topline-results-webcast",
    "timestamp": "unknown"
  },
  {
    "title": "Sep ,EDTPositive CORE and CORE2 Topline Results WebcastListen to webcastSupporting MaterialsPresentation. MB",
    "link": "https://ir.ionis.com/events/event-details/positive-core-and-core2-topline-results-webcast",
    "timestamp": "unknown"
  },
  {
    "title": "Sep ,EDTPositive CORE and CORE2 Topline Results WebcastListen to webcastSupporting MaterialsPresentation. MB",
    "link": "https://ir.ionis.com/events/event-details/positive-core-and-core2-topline-results-webcast",
    "timestamp": "unknown"
  },
  {
    "title": "Positive CORE and CORE2 Topline Results WebcastListen to webcastSupporting MaterialsPresentation. MB",
    "link": "https://ir.ionis.com/events/event-details/positive-core-and-core2-topline-results-webcast",
    "timestamp": "unknown"
  },
  {
    "title": "Positive CORE and CORE2 Topline Results Webcast",
    "link": "https://ir.ionis.com/events/event-details/positive-core-and-core2-topline-results-webcast",
    "timestamp": "unknown"
  },
  {
    "title": "Positive CORE and CORE2 Topline Results Webcast",
    "link": "https://ir.ionis.com/events/event-details/positive-core-and-core2-topline-results-webcast",
    "timestamp": "unknown"
  },
  {
    "title": "Positive CORE and CORE2 Topline Results Webcast",
    "link": "https://ir.ionis.com/events/event-details/positive-core-and-core2-topline-results-webcast",
    "timestamp": "unknown"
  },
  {
    "title": "Listen to webcast",
    "link": "https://app.webinar.net/0rdExgNLJVq",
    "timestamp": "unknown"
  },
  {
    "title": "Listen to webcast",
    "link": "https://app.webinar.net/0rdExgNLJVq",
    "timestamp": "unknown"
  },
  {
    "title": "Listen to webcast",
    "link": "https://app.webinar.net/0rdExgNLJVq",
    "timestamp": "unknown"
  },
  {
    "title": "Supporting MaterialsPresentation. MB",
    "link": "https://ir.ionis.com/static-files/ad21fc7d-3e0d-4d87-b7d4-102db0ecc90b",
    "timestamp": "unknown"
  },
  {
    "title": "Presentation. MB",
    "link": "https://ir.ionis.com/static-files/ad21fc7d-3e0d-4d87-b7d4-102db0ecc90b",
    "timestamp": "unknown"
  },
  {
    "title": "Presentation. MB",
    "link": "https://ir.ionis.com/static-files/ad21fc7d-3e0d-4d87-b7d4-102db0ecc90b",
    "timestamp": "unknown"
  },
  {
    "title": "Presentation. MB",
    "link": "https://ir.ionis.com/static-files/ad21fc7d-3e0d-4d87-b7d4-102db0ecc90b",
    "timestamp": "unknown"
  },
  {
    "title": "Presentation. MB",
    "link": "https://ir.ionis.com/static-files/ad21fc7d-3e0d-4d87-b7d4-102db0ecc90b",
    "timestamp": "unknown"
  },
  {
    "title": "Presentation. MB",
    "link": "https://ir.ionis.com/static-files/ad21fc7d-3e0d-4d87-b7d4-102db0ecc90b",
    "timestamp": "unknown"
  },
  {
    "title": "Presentation. MB",
    "link": "https://ir.ionis.com/static-files/ad21fc7d-3e0d-4d87-b7d4-102db0ecc90b",
    "timestamp": "unknown"
  },
  {
    "title": "Presentation. MB",
    "link": "https://ir.ionis.com/static-files/ad21fc7d-3e0d-4d87-b7d4-102db0ecc90b",
    "timestamp": "unknown"
  },
  {
    "title": "Presentation. MB",
    "link": "https://ir.ionis.com/static-files/ad21fc7d-3e0d-4d87-b7d4-102db0ecc90b",
    "timestamp": "unknown"
  },
  {
    "title": "Presentation. MB",
    "link": "https://ir.ionis.com/static-files/ad21fc7d-3e0d-4d87-b7d4-102db0ecc90b",
    "timestamp": "unknown"
  },
  {
    "title": "Sep ,EDTWells Fargo Healthcare ConferenceListen to webcastAdd to OutlookAdd to Google Calendar",
    "link": "https://ir.ionis.com/events/event-details/-wells-fargo-healthcare-conference",
    "timestamp": "unknown"
  },
  {
    "title": "Sep ,EDTWells Fargo Healthcare ConferenceListen to webcastAdd to OutlookAdd to Google Calendar",
    "link": "https://ir.ionis.com/events/event-details/-wells-fargo-healthcare-conference",
    "timestamp": "unknown"
  },
  {
    "title": "Sep ,EDTWells Fargo Healthcare ConferenceListen to webcastAdd to OutlookAdd to Google Calendar",
    "link": "https://ir.ionis.com/events/event-details/-wells-fargo-healthcare-conference",
    "timestamp": "unknown"
  },
  {
    "title": "Wells Fargo Healthcare ConferenceListen to webcastAdd to OutlookAdd to Google Calendar",
    "link": "https://ir.ionis.com/events/event-details/-wells-fargo-healthcare-conference",
    "timestamp": "unknown"
  },
  {
    "title": "Wells Fargo Healthcare Conference",
    "link": "https://ir.ionis.com/events/event-details/-wells-fargo-healthcare-conference",
    "timestamp": "unknown"
  },
  {
    "title": "Wells Fargo Healthcare Conference",
    "link": "https://ir.ionis.com/events/event-details/-wells-fargo-healthcare-conference",
    "timestamp": "unknown"
  },
  {
    "title": "Wells Fargo Healthcare Conference",
    "link": "https://ir.ionis.com/events/event-details/-wells-fargo-healthcare-conference",
    "timestamp": "unknown"
  },
  {
    "title": "Listen to webcast",
    "link": "https://cc.webcasts.com/well001/090325a_js/?entity=61_DSOG70K",
    "timestamp": "unknown"
  },
  {
    "title": "Listen to webcast",
    "link": "https://cc.webcasts.com/well001/090325a_js/?entity=61_DSOG70K",
    "timestamp": "unknown"
  },
  {
    "title": "Listen to webcast",
    "link": "https://cc.webcasts.com/well001/090325a_js/?entity=61_DSOG70K",
    "timestamp": "unknown"
  },
  {
    "title": "Add to OutlookAdd to Google Calendar",
    "link": "https://ir.ionis.com/node//ics",
    "timestamp": "unknown"
  },
  {
    "title": "Add to Outlook",
    "link": "https://ir.ionis.com/node//ics",
    "timestamp": "unknown"
  },
  {
    "title": "Add to Outlook",
    "link": "https://ir.ionis.com/node//ics",
    "timestamp": "unknown"
  },
  {
    "title": "Add to Outlook",
    "link": "https://ir.ionis.com/node//ics",
    "timestamp": "unknown"
  },
  {
    "title": "Add to Google Calendar",
    "link": "https://www.google.com/calendar/render?action=TEMPLATE&text=Ionis%20Pharmaceuticals%2C%20Inc.%-%%20Wells%20Fargo%20Healthcare%20Conference&dates=20250904T141500Z/20250904T141500Z&details=Event%20Details%3A%20https%3A//ir.ionis.com/events/event-details/-wells-fargo-healthcare-conference%0A%0AWebcast%3A%20https%3A//cc.webcasts.com/well001/090325a_js/%3Fentity%3D61_DSOG70K&location=&trp=false&sprop=name%3A",
    "timestamp": "unknown"
  },
  {
    "title": "Add to Google Calendar",
    "link": "https://www.google.com/calendar/render?action=TEMPLATE&text=Ionis%20Pharmaceuticals%2C%20Inc.%-%%20Wells%20Fargo%20Healthcare%20Conference&dates=20250904T141500Z/20250904T141500Z&details=Event%20Details%3A%20https%3A//ir.ionis.com/events/event-details/-wells-fargo-healthcare-conference%0A%0AWebcast%3A%20https%3A//cc.webcasts.com/well001/090325a_js/%3Fentity%3D61_DSOG70K&location=&trp=false&sprop=name%3A",
    "timestamp": "unknown"
  },
  {
    "title": "Add to Google Calendar",
    "link": "https://www.google.com/calendar/render?action=TEMPLATE&text=Ionis%20Pharmaceuticals%2C%20Inc.%-%%20Wells%20Fargo%20Healthcare%20Conference&dates=20250904T141500Z/20250904T141500Z&details=Event%20Details%3A%20https%3A//ir.ionis.com/events/event-details/-wells-fargo-healthcare-conference%0A%0AWebcast%3A%20https%3A//cc.webcasts.com/well001/090325a_js/%3Fentity%3D61_DSOG70K&location=&trp=false&sprop=name%3A",
    "timestamp": "unknown"
  },
  {
    "title": "Sep ,EDTH.C. Wainwright 27th Annual Global Investment ConferenceListen to webcastAdd to OutlookAdd to Google Calendar",
    "link": "https://ir.ionis.com/events/event-details/hc-wainwright-27th-annual-global-investment-conference",
    "timestamp": "unknown"
  },
  {
    "title": "Sep ,EDTH.C. Wainwright 27th Annual Global Investment ConferenceListen to webcastAdd to OutlookAdd to Google Calendar",
    "link": "https://ir.ionis.com/events/event-details/hc-wainwright-27th-annual-global-investment-conference",
    "timestamp": "unknown"
  },
  {
    "title": "Sep ,EDTH.C. Wainwright 27th Annual Global Investment ConferenceListen to webcastAdd to OutlookAdd to Google Calendar",
    "link": "https://ir.ionis.com/events/event-details/hc-wainwright-27th-annual-global-investment-conference",
    "timestamp": "unknown"
  },
  {
    "title": "H.C. Wainwright 27th Annual Global Investment ConferenceListen to webcastAdd to OutlookAdd to Google Calendar",
    "link": "https://ir.ionis.com/events/event-details/hc-wainwright-27th-annual-global-investment-conference",
    "timestamp": "unknown"
  },
  {
    "title": "H.C. Wainwright 27th Annual Global Investment Conference",
    "link": "https://ir.ionis.com/events/event-details/hc-wainwright-27th-annual-global-investment-conference",
    "timestamp": "unknown"
  },
  {
    "title": "H.C. Wainwright 27th Annual Global Investment Conference",
    "link": "https://ir.ionis.com/events/event-details/hc-wainwright-27th-annual-global-investment-conference",
    "timestamp": "unknown"
  },
  {
    "title": "H.C. Wainwright 27th Annual Global Investment Conference",
    "link": "https://ir.ionis.com/events/event-details/hc-wainwright-27th-annual-global-investment-conference",
    "timestamp": "unknown"
  },
  {
    "title": "Listen to webcast",
    "link": "https://journey.ct.events/view/8541d9c4-805b-4a34-aba9-5282f39212e8",
    "timestamp": "unknown"
  },
  {
    "title": "Listen to webcast",
    "link": "https://journey.ct.events/view/8541d9c4-805b-4a34-aba9-5282f39212e8",
    "timestamp": "unknown"
  },
  {
    "title": "Listen to webcast",
    "link": "https://journey.ct.events/view/8541d9c4-805b-4a34-aba9-5282f39212e8",
    "timestamp": "unknown"
  },
  {
    "title": "Add to OutlookAdd to Google Calendar",
    "link": "https://ir.ionis.com/node//ics",
    "timestamp": "unknown"
  },
  {
    "title": "Add to Outlook",
    "link": "https://ir.ionis.com/node//ics",
    "timestamp": "unknown"
  },
  {
    "title": "Add to Outlook",
    "link": "https://ir.ionis.com/node//ics",
    "timestamp": "unknown"
  },
  {
    "title": "Add to Outlook",
    "link": "https://ir.ionis.com/node//ics",
    "timestamp": "unknown"
  },
  {
    "title": "Add to Google Calendar",
    "link": "https://www.google.com/calendar/render?action=TEMPLATE&text=Ionis%20Pharmaceuticals%2C%20Inc.%-%20H.C.%20Wainwright%2027th%20Annual%20Global%20Investment%20Conference&dates=20250908T190000Z/20250908T190000Z&details=Event%20Details%3A%20https%3A//ir.ionis.com/events/event-details/hc-wainwright-27th-annual-global-investment-conference%0A%0AWebcast%3A%20https%3A//journey.ct.events/view/8541d9c4-805b-4a34-aba9-5282f39212e8&location=&trp=false&sprop=name%3A",
    "timestamp": "unknown"
  },
  {
    "title": "Add to Google Calendar",
    "link": "https://www.google.com/calendar/render?action=TEMPLATE&text=Ionis%20Pharmaceuticals%2C%20Inc.%-%20H.C.%20Wainwright%2027th%20Annual%20Global%20Investment%20Conference&dates=20250908T190000Z/20250908T190000Z&details=Event%20Details%3A%20https%3A//ir.ionis.com/events/event-details/hc-wainwright-27th-annual-global-investment-conference%0A%0AWebcast%3A%20https%3A//journey.ct.events/view/8541d9c4-805b-4a34-aba9-5282f39212e8&location=&trp=false&sprop=name%3A",
    "timestamp": "unknown"
  },
  {
    "title": "Add to Google Calendar",
    "link": "https://www.google.com/calendar/render?action=TEMPLATE&text=Ionis%20Pharmaceuticals%2C%20Inc.%-%20H.C.%20Wainwright%2027th%20Annual%20Global%20Investment%20Conference&dates=20250908T190000Z/20250908T190000Z&details=Event%20Details%3A%20https%3A//ir.ionis.com/events/event-details/hc-wainwright-27th-annual-global-investment-conference%0A%0AWebcast%3A%20https%3A//journey.ct.events/view/8541d9c4-805b-4a34-aba9-5282f39212e8&location=&trp=false&sprop=name%3A",
    "timestamp": "unknown"
  },
  {
    "title": "Sep ,EDTMorgan Stanley 23rd Annual Global Healthcare ConferenceListen to webcastAdd to OutlookAdd to Google Calendar",
    "link": "https://ir.ionis.com/events/event-details/morgan-stanley-23rd-annual-global-healthcare-conference",
    "timestamp": "unknown"
  },
  {
    "title": "Sep ,EDTMorgan Stanley 23rd Annual Global Healthcare ConferenceListen to webcastAdd to OutlookAdd to Google Calendar",
    "link": "https://ir.ionis.com/events/event-details/morgan-stanley-23rd-annual-global-healthcare-conference",
    "timestamp": "unknown"
  },
  {
    "title": "Sep ,EDTMorgan Stanley 23rd Annual Global Healthcare ConferenceListen to webcastAdd to OutlookAdd to Google Calendar",
    "link": "https://ir.ionis.com/events/event-details/morgan-stanley-23rd-annual-global-healthcare-conference",
    "timestamp": "unknown"
  },
  {
    "title": "Morgan Stanley 23rd Annual Global Healthcare ConferenceListen to webcastAdd to OutlookAdd to Google Calendar",
    "link": "https://ir.ionis.com/events/event-details/morgan-stanley-23rd-annual-global-healthcare-conference",
    "timestamp": "unknown"
  },
  {
    "title": "Morgan Stanley 23rd Annual Global Healthcare Conference",
    "link": "https://ir.ionis.com/events/event-details/morgan-stanley-23rd-annual-global-healthcare-conference",
    "timestamp": "unknown"
  },
  {
    "title": "Morgan Stanley 23rd Annual Global Healthcare Conference",
    "link": "https://ir.ionis.com/events/event-details/morgan-stanley-23rd-annual-global-healthcare-conference",
    "timestamp": "unknown"
  },
  {
    "title": "Morgan Stanley 23rd Annual Global Healthcare Conference",
    "link": "https://ir.ionis.com/events/event-details/morgan-stanley-23rd-annual-global-healthcare-conference",
    "timestamp": "unknown"
  },
  {
    "title": "Listen to webcast",
    "link": "https://cc.webcasts.com/morg007/090825a_js/?entity=85_37D7MG1",
    "timestamp": "unknown"
  },
  {
    "title": "Listen to webcast",
    "link": "https://cc.webcasts.com/morg007/090825a_js/?entity=85_37D7MG1",
    "timestamp": "unknown"
  },
  {
    "title": "Listen to webcast",
    "link": "https://cc.webcasts.com/morg007/090825a_js/?entity=85_37D7MG1",
    "timestamp": "unknown"
  },
  {
    "title": "Add to OutlookAdd to Google Calendar",
    "link": "https://ir.ionis.com/node//ics",
    "timestamp": "unknown"
  },
  {
    "title": "Add to Outlook",
    "link": "https://ir.ionis.com/node//ics",
    "timestamp": "unknown"
  },
  {
    "title": "Add to Outlook",
    "link": "https://ir.ionis.com/node//ics",
    "timestamp": "unknown"
  },
  {
    "title": "Add to Outlook",
    "link": "https://ir.ionis.com/node//ics",
    "timestamp": "unknown"
  },
  {
    "title": "Add to Google Calendar",
    "link": "https://www.google.com/calendar/render?action=TEMPLATE&text=Ionis%20Pharmaceuticals%2C%20Inc.%-%20Morgan%20Stanley%2023rd%20Annual%20Global%20Healthcare%20Conference&dates=20250909T162000Z/20250909T162000Z&details=Event%20Details%3A%20https%3A//ir.ionis.com/events/event-details/morgan-stanley-23rd-annual-global-healthcare-conference%0A%0AWebcast%3A%20https%3A//cc.webcasts.com/morg007/090825a_js/%3Fentity%3D85_37D7MG1&location=&trp=false&sprop=name%3A",
    "timestamp": "unknown"
  },
  {
    "title": "Add to Google Calendar",
    "link": "https://www.google.com/calendar/render?action=TEMPLATE&text=Ionis%20Pharmaceuticals%2C%20Inc.%-%20Morgan%20Stanley%2023rd%20Annual%20Global%20Healthcare%20Conference&dates=20250909T162000Z/20250909T162000Z&details=Event%20Details%3A%20https%3A//ir.ionis.com/events/event-details/morgan-stanley-23rd-annual-global-healthcare-conference%0A%0AWebcast%3A%20https%3A//cc.webcasts.com/morg007/090825a_js/%3Fentity%3D85_37D7MG1&location=&trp=false&sprop=name%3A",
    "timestamp": "unknown"
  },
  {
    "title": "Add to Google Calendar",
    "link": "https://www.google.com/calendar/render?action=TEMPLATE&text=Ionis%20Pharmaceuticals%2C%20Inc.%-%20Morgan%20Stanley%2023rd%20Annual%20Global%20Healthcare%20Conference&dates=20250909T162000Z/20250909T162000Z&details=Event%20Details%3A%20https%3A//ir.ionis.com/events/event-details/morgan-stanley-23rd-annual-global-healthcare-conference%0A%0AWebcast%3A%20https%3A//cc.webcasts.com/morg007/090825a_js/%3Fentity%3D85_37D7MG1&location=&trp=false&sprop=name%3A",
    "timestamp": "unknown"
  },
  {
    "title": "Oct ,EDTInnovation DayRegister hereAdd to OutlookAdd to Google Calendar",
    "link": "https://ir.ionis.com/events/event-details/innovation-day-",
    "timestamp": "unknown"
  },
  {
    "title": "Oct ,EDTInnovation DayRegister hereAdd to OutlookAdd to Google Calendar",
    "link": "https://ir.ionis.com/events/event-details/innovation-day-",
    "timestamp": "unknown"
  },
  {
    "title": "Oct ,EDTInnovation DayRegister hereAdd to OutlookAdd to Google Calendar",
    "link": "https://ir.ionis.com/events/event-details/innovation-day-",
    "timestamp": "unknown"
  },
  {
    "title": "Innovation DayRegister hereAdd to OutlookAdd to Google Calendar",
    "link": "https://ir.ionis.com/events/event-details/innovation-day-",
    "timestamp": "unknown"
  },
  {
    "title": "Innovation Day",
    "link": "https://ir.ionis.com/events/event-details/innovation-day-",
    "timestamp": "unknown"
  },
  {
    "title": "Innovation Day",
    "link": "https://ir.ionis.com/events/event-details/innovation-day-",
    "timestamp": "unknown"
  },
  {
    "title": "Innovation Day",
    "link": "https://ir.ionis.com/events/event-details/innovation-day-",
    "timestamp": "unknown"
  },
  {
    "title": "Register here",
    "link": "https://event.webcasts.com/starthere.jsp?ei=&tp_key=9a11e179ac",
    "timestamp": "unknown"
  },
  {
    "title": "Register here",
    "link": "https://event.webcasts.com/starthere.jsp?ei=&tp_key=9a11e179ac",
    "timestamp": "unknown"
  },
  {
    "title": "Register here",
    "link": "https://event.webcasts.com/starthere.jsp?ei=&tp_key=9a11e179ac",
    "timestamp": "unknown"
  },
  {
    "title": "Add to OutlookAdd to Google Calendar",
    "link": "https://ir.ionis.com/node//ics",
    "timestamp": "unknown"
  },
  {
    "title": "Add to Outlook",
    "link": "https://ir.ionis.com/node//ics",
    "timestamp": "unknown"
  },
  {
    "title": "Add to Outlook",
    "link": "https://ir.ionis.com/node//ics",
    "timestamp": "unknown"
  },
  {
    "title": "Add to Outlook",
    "link": "https://ir.ionis.com/node//ics",
    "timestamp": "unknown"
  },
  {
    "title": "Add to Google Calendar",
    "link": "https://www.google.com/calendar/render?action=TEMPLATE&text=Ionis%20Pharmaceuticals%2C%20Inc.%-%20Innovation%20Day%&dates=20251007T123000Z/20251007T123000Z&details=Event%20Details%3A%20https%3A//ir.ionis.com/events/event-details/innovation-day-%0A%0AWebcast%3A%20https%3A//event.webcasts.com/starthere.jsp%3Fei%3D1723740&tp_key=9a11e179ac&location=&trp=false&sprop=name%3A",
    "timestamp": "unknown"
  },
  {
    "title": "Add to Google Calendar",
    "link": "https://www.google.com/calendar/render?action=TEMPLATE&text=Ionis%20Pharmaceuticals%2C%20Inc.%-%20Innovation%20Day%&dates=20251007T123000Z/20251007T123000Z&details=Event%20Details%3A%20https%3A//ir.ionis.com/events/event-details/innovation-day-%0A%0AWebcast%3A%20https%3A//event.webcasts.com/starthere.jsp%3Fei%3D1723740&tp_key=9a11e179ac&location=&trp=false&sprop=name%3A",
    "timestamp": "unknown"
  },
  {
    "title": "Add to Google Calendar",
    "link": "https://www.google.com/calendar/render?action=TEMPLATE&text=Ionis%20Pharmaceuticals%2C%20Inc.%-%20Innovation%20Day%&dates=20251007T123000Z/20251007T123000Z&details=Event%20Details%3A%20https%3A//ir.ionis.com/events/event-details/innovation-day-%0A%0AWebcast%3A%20https%3A//event.webcasts.com/starthere.jsp%3Fei%3D1723740&tp_key=9a11e179ac&location=&trp=false&sprop=name%3A",
    "timestamp": "unknown"
  },
  {
    "title": "Past eventsSep ,EDTPositive CORE and CORE2 Topline Results WebcastListen to webcastSupporting MaterialsPresentation. MBAug ,CESTESC Congress  \u2013 Podium",
    "link": "https://ir.ionis.com/events/event-details/positive-core-and-core2-topline-results-webcast",
    "timestamp": "unknown"
  },
  {
    "title": "Past eventsSep ,EDTPositive CORE and CORE2 Topline Results WebcastListen to webcastSupporting MaterialsPresentation. MBAug ,CESTESC Congress  \u2013 Podium",
    "link": "https://ir.ionis.com/events/event-details/positive-core-and-core2-topline-results-webcast",
    "timestamp": "unknown"
  },
  {
    "title": "Past eventsSep ,EDTPositive CORE and CORE2 Topline Results WebcastListen to webcastSupporting MaterialsPresentation. MBAug ,CESTESC Congress  \u2013 Podium",
    "link": "https://ir.ionis.com/events/event-details/positive-core-and-core2-topline-results-webcast",
    "timestamp": "unknown"
  },
  {
    "title": "Past eventsSep ,EDTPositive CORE and CORE2 Topline Results WebcastListen to webcastSupporting MaterialsPresentation. MBAug ,CESTESC Congress  \u2013 Podium",
    "link": "https://ir.ionis.com/events/event-details/positive-core-and-core2-topline-results-webcast",
    "timestamp": "unknown"
  },
  {
    "title": "Sep ,EDTPositive CORE and CORE2 Topline Results WebcastListen to webcastSupporting MaterialsPresentation. MBAug ,CESTESC Congress  \u2013 Podium presentati",
    "link": "https://ir.ionis.com/events/event-details/positive-core-and-core2-topline-results-webcast",
    "timestamp": "unknown"
  },
  {
    "title": "Sep ,EDTPositive CORE and CORE2 Topline Results WebcastListen to webcastSupporting MaterialsPresentation. MBAug ,CESTESC Congress  \u2013 Podium presentati",
    "link": "https://ir.ionis.com/events/event-details/positive-core-and-core2-topline-results-webcast",
    "timestamp": "unknown"
  },
  {
    "title": "Sep ,EDTPositive CORE and CORE2 Topline Results WebcastListen to webcastSupporting MaterialsPresentation. MB",
    "link": "https://ir.ionis.com/events/event-details/positive-core-and-core2-topline-results-webcast",
    "timestamp": "unknown"
  },
  {
    "title": "Sep ,EDTPositive CORE and CORE2 Topline Results WebcastListen to webcastSupporting MaterialsPresentation. MB",
    "link": "https://ir.ionis.com/events/event-details/positive-core-and-core2-topline-results-webcast",
    "timestamp": "unknown"
  },
  {
    "title": "Sep ,EDTPositive CORE and CORE2 Topline Results WebcastListen to webcastSupporting MaterialsPresentation. MB",
    "link": "https://ir.ionis.com/events/event-details/positive-core-and-core2-topline-results-webcast",
    "timestamp": "unknown"
  },
  {
    "title": "Positive CORE and CORE2 Topline Results WebcastListen to webcastSupporting MaterialsPresentation. MB",
    "link": "https://ir.ionis.com/events/event-details/positive-core-and-core2-topline-results-webcast",
    "timestamp": "unknown"
  },
  {
    "title": "Positive CORE and CORE2 Topline Results Webcast",
    "link": "https://ir.ionis.com/events/event-details/positive-core-and-core2-topline-results-webcast",
    "timestamp": "unknown"
  },
  {
    "title": "Positive CORE and CORE2 Topline Results Webcast",
    "link": "https://ir.ionis.com/events/event-details/positive-core-and-core2-topline-results-webcast",
    "timestamp": "unknown"
  },
  {
    "title": "Positive CORE and CORE2 Topline Results Webcast",
    "link": "https://ir.ionis.com/events/event-details/positive-core-and-core2-topline-results-webcast",
    "timestamp": "unknown"
  },
  {
    "title": "Listen to webcast",
    "link": "https://app.webinar.net/0rdExgNLJVq",
    "timestamp": "unknown"
  },
  {
    "title": "Listen to webcast",
    "link": "https://app.webinar.net/0rdExgNLJVq",
    "timestamp": "unknown"
  },
  {
    "title": "Listen to webcast",
    "link": "https://app.webinar.net/0rdExgNLJVq",
    "timestamp": "unknown"
  },
  {
    "title": "Supporting MaterialsPresentation. MB",
    "link": "https://ir.ionis.com/static-files/ad21fc7d-3e0d-4d87-b7d4-102db0ecc90b",
    "timestamp": "unknown"
  },
  {
    "title": "Presentation. MB",
    "link": "https://ir.ionis.com/static-files/ad21fc7d-3e0d-4d87-b7d4-102db0ecc90b",
    "timestamp": "unknown"
  },
  {
    "title": "Presentation. MB",
    "link": "https://ir.ionis.com/static-files/ad21fc7d-3e0d-4d87-b7d4-102db0ecc90b",
    "timestamp": "unknown"
  },
  {
    "title": "Presentation. MB",
    "link": "https://ir.ionis.com/static-files/ad21fc7d-3e0d-4d87-b7d4-102db0ecc90b",
    "timestamp": "unknown"
  },
  {
    "title": "Presentation. MB",
    "link": "https://ir.ionis.com/static-files/ad21fc7d-3e0d-4d87-b7d4-102db0ecc90b",
    "timestamp": "unknown"
  },
  {
    "title": "Presentation. MB",
    "link": "https://ir.ionis.com/static-files/ad21fc7d-3e0d-4d87-b7d4-102db0ecc90b",
    "timestamp": "unknown"
  },
  {
    "title": "Presentation. MB",
    "link": "https://ir.ionis.com/static-files/ad21fc7d-3e0d-4d87-b7d4-102db0ecc90b",
    "timestamp": "unknown"
  },
  {
    "title": "Presentation. MB",
    "link": "https://ir.ionis.com/static-files/ad21fc7d-3e0d-4d87-b7d4-102db0ecc90b",
    "timestamp": "unknown"
  },
  {
    "title": "Presentation. MB",
    "link": "https://ir.ionis.com/static-files/ad21fc7d-3e0d-4d87-b7d4-102db0ecc90b",
    "timestamp": "unknown"
  },
  {
    "title": "Presentation. MB",
    "link": "https://ir.ionis.com/static-files/ad21fc7d-3e0d-4d87-b7d4-102db0ecc90b",
    "timestamp": "unknown"
  },
  {
    "title": "Aug ,CESTESC Congress  \u2013 Podium presentation: Olezarsen in patients with hypertriglyceridemia at high cardiovascular risk: the Essence-TIMI 73b trialM",
    "link": "https://ir.ionis.com/events/event-details/esc-congress--podium-presentation-olezarsen-patients-hypertriglyceridemia",
    "timestamp": "unknown"
  },
  {
    "title": "Aug ,CESTESC Congress  \u2013 Podium presentation: Olezarsen in patients with hypertriglyceridemia at high cardiovascular risk: the Essence-TIMI 73b trialM",
    "link": "https://ir.ionis.com/events/event-details/esc-congress--podium-presentation-olezarsen-patients-hypertriglyceridemia",
    "timestamp": "unknown"
  },
  {
    "title": "Aug ,CESTESC Congress  \u2013 Podium presentation: Olezarsen in patients with hypertriglyceridemia at high cardiovascular risk: the Essence-TIMI 73b trialM",
    "link": "https://ir.ionis.com/events/event-details/esc-congress--podium-presentation-olezarsen-patients-hypertriglyceridemia",
    "timestamp": "unknown"
  },
  {
    "title": "ESC Congress  \u2013 Podium presentation: Olezarsen in patients with hypertriglyceridemia at high cardiovascular risk: the Essence-TIMI 73b trialMadrid, Sp",
    "link": "https://ir.ionis.com/events/event-details/esc-congress--podium-presentation-olezarsen-patients-hypertriglyceridemia",
    "timestamp": "unknown"
  },
  {
    "title": "ESC Congress  \u2013 Podium presentation: Olezarsen in patients with hypertriglyceridemia at high cardiovascular risk: the Essence-TIMI 73b trial",
    "link": "https://ir.ionis.com/events/event-details/esc-congress--podium-presentation-olezarsen-patients-hypertriglyceridemia",
    "timestamp": "unknown"
  },
  {
    "title": "ESC Congress  \u2013 Podium presentation: Olezarsen in patients with hypertriglyceridemia at high cardiovascular risk: the Essence-TIMI 73b trial",
    "link": "https://ir.ionis.com/events/event-details/esc-congress--podium-presentation-olezarsen-patients-hypertriglyceridemia",
    "timestamp": "unknown"
  },
  {
    "title": "ESC Congress  \u2013 Podium presentation: Olezarsen in patients with hypertriglyceridemia at high cardiovascular risk: the Essence-TIMI 73b trial",
    "link": "https://ir.ionis.com/events/event-details/esc-congress--podium-presentation-olezarsen-patients-hypertriglyceridemia",
    "timestamp": "unknown"
  },
  {
    "title": "Supporting MaterialsPresentation. MB",
    "link": "https://ir.ionis.com/static-files/ec0671da-12de--b67f-10331c618d1c",
    "timestamp": "unknown"
  },
  {
    "title": "Presentation. MB",
    "link": "https://ir.ionis.com/static-files/ec0671da-12de--b67f-10331c618d1c",
    "timestamp": "unknown"
  },
  {
    "title": "Presentation. MB",
    "link": "https://ir.ionis.com/static-files/ec0671da-12de--b67f-10331c618d1c",
    "timestamp": "unknown"
  },
  {
    "title": "Presentation. MB",
    "link": "https://ir.ionis.com/static-files/ec0671da-12de--b67f-10331c618d1c",
    "timestamp": "unknown"
  },
  {
    "title": "Presentation. MB",
    "link": "https://ir.ionis.com/static-files/ec0671da-12de--b67f-10331c618d1c",
    "timestamp": "unknown"
  },
  {
    "title": "Presentation. MB",
    "link": "https://ir.ionis.com/static-files/ec0671da-12de--b67f-10331c618d1c",
    "timestamp": "unknown"
  },
  {
    "title": "Presentation. MB",
    "link": "https://ir.ionis.com/static-files/ec0671da-12de--b67f-10331c618d1c",
    "timestamp": "unknown"
  },
  {
    "title": "Presentation. MB",
    "link": "https://ir.ionis.com/static-files/ec0671da-12de--b67f-10331c618d1c",
    "timestamp": "unknown"
  },
  {
    "title": "Presentation. MB",
    "link": "https://ir.ionis.com/static-files/ec0671da-12de--b67f-10331c618d1c",
    "timestamp": "unknown"
  },
  {
    "title": "Presentation. MB",
    "link": "https://ir.ionis.com/static-files/ec0671da-12de--b67f-10331c618d1c",
    "timestamp": "unknown"
  },
  {
    "title": "Aug ,EDTDAWNZERA TM (Donidalorsen) FDA Approval WebcastListen to webcastSupporting MaterialsDAWNZERA Presentation. MB",
    "link": "https://ir.ionis.com/events/event-details/dawnzeratm-donidalorsen-fda-approval",
    "timestamp": "unknown"
  },
  {
    "title": "Aug ,EDTDAWNZERA TM (Donidalorsen) FDA Approval WebcastListen to webcastSupporting MaterialsDAWNZERA Presentation. MB",
    "link": "https://ir.ionis.com/events/event-details/dawnzeratm-donidalorsen-fda-approval",
    "timestamp": "unknown"
  },
  {
    "title": "Aug ,EDTDAWNZERA TM (Donidalorsen) FDA Approval WebcastListen to webcastSupporting MaterialsDAWNZERA Presentation. MB",
    "link": "https://ir.ionis.com/events/event-details/dawnzeratm-donidalorsen-fda-approval",
    "timestamp": "unknown"
  },
  {
    "title": "DAWNZERA TM (Donidalorsen) FDA Approval WebcastListen to webcastSupporting MaterialsDAWNZERA Presentation. MB",
    "link": "https://ir.ionis.com/events/event-details/dawnzeratm-donidalorsen-fda-approval",
    "timestamp": "unknown"
  },
  {
    "title": "DAWNZERA TM (Donidalorsen) FDA Approval Webcast",
    "link": "https://ir.ionis.com/events/event-details/dawnzeratm-donidalorsen-fda-approval",
    "timestamp": "unknown"
  },
  {
    "title": "DAWNZERA TM (Donidalorsen) FDA Approval Webcast",
    "link": "https://ir.ionis.com/events/event-details/dawnzeratm-donidalorsen-fda-approval",
    "timestamp": "unknown"
  },
  {
    "title": "DAWNZERA TM (Donidalorsen) FDA Approval Webcast",
    "link": "https://ir.ionis.com/events/event-details/dawnzeratm-donidalorsen-fda-approval",
    "timestamp": "unknown"
  },
  {
    "title": "Listen to webcast",
    "link": "https://app.webinar.net/ALp3J3VBrOv",
    "timestamp": "unknown"
  },
  {
    "title": "Listen to webcast",
    "link": "https://app.webinar.net/ALp3J3VBrOv",
    "timestamp": "unknown"
  },
  {
    "title": "Listen to webcast",
    "link": "https://app.webinar.net/ALp3J3VBrOv",
    "timestamp": "unknown"
  },
  {
    "title": "Supporting MaterialsDAWNZERA Presentation. MB",
    "link": "https://ir.ionis.com/static-files/b8a5c5eb-ad9d-41d2-a312-80a2c07c03ab",
    "timestamp": "unknown"
  },
  {
    "title": "DAWNZERA Presentation. MB",
    "link": "https://ir.ionis.com/static-files/b8a5c5eb-ad9d-41d2-a312-80a2c07c03ab",
    "timestamp": "unknown"
  },
  {
    "title": "DAWNZERA Presentation. MB",
    "link": "https://ir.ionis.com/static-files/b8a5c5eb-ad9d-41d2-a312-80a2c07c03ab",
    "timestamp": "unknown"
  },
  {
    "title": "DAWNZERA Presentation. MB",
    "link": "https://ir.ionis.com/static-files/b8a5c5eb-ad9d-41d2-a312-80a2c07c03ab",
    "timestamp": "unknown"
  },
  {
    "title": "DAWNZERA Presentation. MB",
    "link": "https://ir.ionis.com/static-files/b8a5c5eb-ad9d-41d2-a312-80a2c07c03ab",
    "timestamp": "unknown"
  },
  {
    "title": "DAWNZERA Presentation. MB",
    "link": "https://ir.ionis.com/static-files/b8a5c5eb-ad9d-41d2-a312-80a2c07c03ab",
    "timestamp": "unknown"
  },
  {
    "title": "DAWNZERA Presentation. MB",
    "link": "https://ir.ionis.com/static-files/b8a5c5eb-ad9d-41d2-a312-80a2c07c03ab",
    "timestamp": "unknown"
  },
  {
    "title": "DAWNZERA Presentation. MB",
    "link": "https://ir.ionis.com/static-files/b8a5c5eb-ad9d-41d2-a312-80a2c07c03ab",
    "timestamp": "unknown"
  },
  {
    "title": "DAWNZERA Presentation. MB",
    "link": "https://ir.ionis.com/static-files/b8a5c5eb-ad9d-41d2-a312-80a2c07c03ab",
    "timestamp": "unknown"
  },
  {
    "title": "DAWNZERA Presentation. MB",
    "link": "https://ir.ionis.com/static-files/b8a5c5eb-ad9d-41d2-a312-80a2c07c03ab",
    "timestamp": "unknown"
  },
  {
    "title": "Jul ,EDTSecond Quarter  Financial Results WebcastListen to webcastSupporting MaterialsIonis 2Q25 Earnings Slides. MB",
    "link": "https://ir.ionis.com/events/event-details/second-quarter--financial-results-webcast",
    "timestamp": "unknown"
  },
  {
    "title": "Jul ,EDTSecond Quarter  Financial Results WebcastListen to webcastSupporting MaterialsIonis 2Q25 Earnings Slides. MB",
    "link": "https://ir.ionis.com/events/event-details/second-quarter--financial-results-webcast",
    "timestamp": "unknown"
  },
  {
    "title": "Jul ,EDTSecond Quarter  Financial Results WebcastListen to webcastSupporting MaterialsIonis 2Q25 Earnings Slides. MB",
    "link": "https://ir.ionis.com/events/event-details/second-quarter--financial-results-webcast",
    "timestamp": "unknown"
  },
  {
    "title": "Second Quarter  Financial Results WebcastListen to webcastSupporting MaterialsIonis 2Q25 Earnings Slides. MB",
    "link": "https://ir.ionis.com/events/event-details/second-quarter--financial-results-webcast",
    "timestamp": "unknown"
  },
  {
    "title": "Second Quarter  Financial Results Webcast",
    "link": "https://ir.ionis.com/events/event-details/second-quarter--financial-results-webcast",
    "timestamp": "unknown"
  },
  {
    "title": "Second Quarter  Financial Results Webcast",
    "link": "https://ir.ionis.com/events/event-details/second-quarter--financial-results-webcast",
    "timestamp": "unknown"
  },
  {
    "title": "Second Quarter  Financial Results Webcast",
    "link": "https://ir.ionis.com/events/event-details/second-quarter--financial-results-webcast",
    "timestamp": "unknown"
  },
  {
    "title": "Listen to webcast",
    "link": "https://app.webinar.net/9KJOmgRWa7y",
    "timestamp": "unknown"
  },
  {
    "title": "Listen to webcast",
    "link": "https://app.webinar.net/9KJOmgRWa7y",
    "timestamp": "unknown"
  },
  {
    "title": "Listen to webcast",
    "link": "https://app.webinar.net/9KJOmgRWa7y",
    "timestamp": "unknown"
  },
  {
    "title": "Supporting MaterialsIonis 2Q25 Earnings Slides. MB",
    "link": "https://ir.ionis.com/static-files/fc480051-cf74--b17e-6b6fdbc3fe68",
    "timestamp": "unknown"
  },
  {
    "title": "Ionis 2Q25 Earnings Slides. MB",
    "link": "https://ir.ionis.com/static-files/fc480051-cf74--b17e-6b6fdbc3fe68",
    "timestamp": "unknown"
  },
  {
    "title": "Ionis 2Q25 Earnings Slides. MB",
    "link": "https://ir.ionis.com/static-files/fc480051-cf74--b17e-6b6fdbc3fe68",
    "timestamp": "unknown"
  },
  {
    "title": "Ionis 2Q25 Earnings Slides. MB",
    "link": "https://ir.ionis.com/static-files/fc480051-cf74--b17e-6b6fdbc3fe68",
    "timestamp": "unknown"
  },
  {
    "title": "Ionis 2Q25 Earnings Slides. MB",
    "link": "https://ir.ionis.com/static-files/fc480051-cf74--b17e-6b6fdbc3fe68",
    "timestamp": "unknown"
  },
  {
    "title": "Ionis 2Q25 Earnings Slides. MB",
    "link": "https://ir.ionis.com/static-files/fc480051-cf74--b17e-6b6fdbc3fe68",
    "timestamp": "unknown"
  },
  {
    "title": "Ionis 2Q25 Earnings Slides. MB",
    "link": "https://ir.ionis.com/static-files/fc480051-cf74--b17e-6b6fdbc3fe68",
    "timestamp": "unknown"
  },
  {
    "title": "Ionis 2Q25 Earnings Slides. MB",
    "link": "https://ir.ionis.com/static-files/fc480051-cf74--b17e-6b6fdbc3fe68",
    "timestamp": "unknown"
  },
  {
    "title": "Ionis 2Q25 Earnings Slides. MB",
    "link": "https://ir.ionis.com/static-files/fc480051-cf74--b17e-6b6fdbc3fe68",
    "timestamp": "unknown"
  },
  {
    "title": "Ionis 2Q25 Earnings Slides. MB",
    "link": "https://ir.ionis.com/static-files/fc480051-cf74--b17e-6b6fdbc3fe68",
    "timestamp": "unknown"
  },
  {
    "title": "Jun ,EDTVirtual Annual Meeting of Stockholders Corporate UpdateListen to webcastSupporting MaterialsIonis Annual Meeting of Stockholders Corporate Pre",
    "link": "https://ir.ionis.com/events/event-details/-virtual-annual-meeting-stockholders-corporate-update",
    "timestamp": "unknown"
  },
  {
    "title": "Jun ,EDTVirtual Annual Meeting of Stockholders Corporate UpdateListen to webcastSupporting MaterialsIonis Annual Meeting of Stockholders Corporate Pre",
    "link": "https://ir.ionis.com/events/event-details/-virtual-annual-meeting-stockholders-corporate-update",
    "timestamp": "unknown"
  },
  {
    "title": "Jun ,EDTVirtual Annual Meeting of Stockholders Corporate UpdateListen to webcastSupporting MaterialsIonis Annual Meeting of Stockholders Corporate Pre",
    "link": "https://ir.ionis.com/events/event-details/-virtual-annual-meeting-stockholders-corporate-update",
    "timestamp": "unknown"
  },
  {
    "title": "Virtual Annual Meeting of Stockholders Corporate UpdateListen to webcastSupporting MaterialsIonis Annual Meeting of Stockholders Corporate Presentatio",
    "link": "https://ir.ionis.com/events/event-details/-virtual-annual-meeting-stockholders-corporate-update",
    "timestamp": "unknown"
  },
  {
    "title": "Virtual Annual Meeting of Stockholders Corporate Update",
    "link": "https://ir.ionis.com/events/event-details/-virtual-annual-meeting-stockholders-corporate-update",
    "timestamp": "unknown"
  },
  {
    "title": "Virtual Annual Meeting of Stockholders Corporate Update",
    "link": "https://ir.ionis.com/events/event-details/-virtual-annual-meeting-stockholders-corporate-update",
    "timestamp": "unknown"
  },
  {
    "title": "Virtual Annual Meeting of Stockholders Corporate Update",
    "link": "https://ir.ionis.com/events/event-details/-virtual-annual-meeting-stockholders-corporate-update",
    "timestamp": "unknown"
  },
  {
    "title": "Listen to webcast",
    "link": "https://event.webcasts.com/starthere.jsp?ei=&tp_key=7d89cf170d",
    "timestamp": "unknown"
  },
  {
    "title": "Listen to webcast",
    "link": "https://event.webcasts.com/starthere.jsp?ei=&tp_key=7d89cf170d",
    "timestamp": "unknown"
  },
  {
    "title": "Listen to webcast",
    "link": "https://event.webcasts.com/starthere.jsp?ei=&tp_key=7d89cf170d",
    "timestamp": "unknown"
  },
  {
    "title": "Supporting MaterialsIonis Annual Meeting of Stockholders Corporate Presentation. MB",
    "link": "https://ir.ionis.com/static-files/332c6f45-b685--b066-92da0688e5b6",
    "timestamp": "unknown"
  },
  {
    "title": "Ionis Annual Meeting of Stockholders Corporate Presentation. MB",
    "link": "https://ir.ionis.com/static-files/332c6f45-b685--b066-92da0688e5b6",
    "timestamp": "unknown"
  },
  {
    "title": "Ionis Annual Meeting of Stockholders Corporate Presentation. MB",
    "link": "https://ir.ionis.com/static-files/332c6f45-b685--b066-92da0688e5b6",
    "timestamp": "unknown"
  },
  {
    "title": "Ionis Annual Meeting of Stockholders Corporate Presentation. MB",
    "link": "https://ir.ionis.com/static-files/332c6f45-b685--b066-92da0688e5b6",
    "timestamp": "unknown"
  },
  {
    "title": "Ionis Annual Meeting of Stockholders Corporate Presentation. MB",
    "link": "https://ir.ionis.com/static-files/332c6f45-b685--b066-92da0688e5b6",
    "timestamp": "unknown"
  },
  {
    "title": "Ionis Annual Meeting of Stockholders Corporate Presentation. MB",
    "link": "https://ir.ionis.com/static-files/332c6f45-b685--b066-92da0688e5b6",
    "timestamp": "unknown"
  },
  {
    "title": "Ionis Annual Meeting of Stockholders Corporate Presentation. MB",
    "link": "https://ir.ionis.com/static-files/332c6f45-b685--b066-92da0688e5b6",
    "timestamp": "unknown"
  },
  {
    "title": "Ionis Annual Meeting of Stockholders Corporate Presentation. MB",
    "link": "https://ir.ionis.com/static-files/332c6f45-b685--b066-92da0688e5b6",
    "timestamp": "unknown"
  },
  {
    "title": "Ionis Annual Meeting of Stockholders Corporate Presentation. MB",
    "link": "https://ir.ionis.com/static-files/332c6f45-b685--b066-92da0688e5b6",
    "timestamp": "unknown"
  },
  {
    "title": "Ionis Annual Meeting of Stockholders Corporate Presentation. MB",
    "link": "https://ir.ionis.com/static-files/332c6f45-b685--b066-92da0688e5b6",
    "timestamp": "unknown"
  },
  {
    "title": "Legal and Compliance:Legal NoticeCode of Ethics and Business ConductPrivacy PolicyYour Privacy ChoicesAkcea Therapeutics",
    "link": "https://www.ionis.com/legal-notice",
    "timestamp": "unknown"
  },
  {
    "title": "Legal Notice",
    "link": "https://www.ionis.com/legal-notice",
    "timestamp": "unknown"
  },
  {
    "title": "Code of Ethics and Business Conduct",
    "link": "https://ir.ionis.com/static-files/3f5d8e58-e36b-4b71-9d9b-9397317c85b5",
    "timestamp": "unknown"
  },
  {
    "title": "Privacy Policy",
    "link": "https://www.ionis.com/privacy-policy",
    "timestamp": "unknown"
  },
  {
    "title": "Your Privacy Choices",
    "link": "https://privacyportal.onetrust.com/ui/#/preferences/multipage/login/f37aaeb0-529a-4c60-9cd2-fd3a2479a03c",
    "timestamp": "unknown"
  },
  {
    "title": "Akcea Therapeutics",
    "link": "https://www.ionis.com/about-us/the-ionis-story#akcea",
    "timestamp": "unknown"
  },
  {
    "title": "Information For:Medical ProfessionalsInvestors & MediaJob SeekersSuppliers",
    "link": "https://www.ionis.com/medical-professionals",
    "timestamp": "unknown"
  },
  {
    "title": "Medical Professionals",
    "link": "https://www.ionis.com/medical-professionals",
    "timestamp": "unknown"
  },
  {
    "title": "Investors & Media",
    "link": "https://ir.ionis.com/",
    "timestamp": "unknown"
  },
  {
    "title": "Job Seekers",
    "link": "https://www.ionis.com/careers",
    "timestamp": "unknown"
  },
  {
    "title": "Suppliers",
    "link": "https://www.ionis.com/suppliers",
    "timestamp": "unknown"
  },
  {
    "title": "Explore:Our StoryOur ScienceOur PipelineOur CultureOur News",
    "link": "https://www.ionis.com/about-us/the-ionis-story",
    "timestamp": "unknown"
  },
  {
    "title": "Our Story",
    "link": "https://www.ionis.com/about-us/the-ionis-story",
    "timestamp": "unknown"
  },
  {
    "title": "Our Science",
    "link": "https://www.ionis.com/science-and-innovation",
    "timestamp": "unknown"
  },
  {
    "title": "Our Pipeline",
    "link": "https://www.ionis.com/science-and-innovation/pipeline",
    "timestamp": "unknown"
  },
  {
    "title": "Our Culture",
    "link": "https://www.ionis.com/careers",
    "timestamp": "unknown"
  },
  {
    "title": "Our News",
    "link": "https://ir.ionis.com/newsroom/press-releases",
    "timestamp": "unknown"
  },
  {
    "title": "Stay Connected:Contact UsLinkedInXInstagramFacebookCommunity Guidelines",
    "link": "https://www.ionis.com/contact-us",
    "timestamp": "unknown"
  },
  {
    "title": "Contact Us",
    "link": "https://www.ionis.com/contact-us",
    "timestamp": "unknown"
  },
  {
    "title": "LinkedIn",
    "link": "https://www.linkedin.com/company/ionis-pharmaceuticals",
    "timestamp": "unknown"
  },
  {
    "title": "X",
    "link": "https://x.com/ionispharma",
    "timestamp": "unknown"
  },
  {
    "title": "Instagram",
    "link": "https://www.instagram.com/ionis_pharma",
    "timestamp": "unknown"
  },
  {
    "title": "Facebook",
    "link": "https://www.facebook.com/ionispharma",
    "timestamp": "unknown"
  },
  {
    "title": "Community Guidelines",
    "link": "https://www.ionis.com/community-guidelines",
    "timestamp": "unknown"
  }
]