[
  {
    "title": "InvestorsPress ReleasesEventsStock InformationFinancialsGovernanceInvestor ResourcesNewsroomMedical ProfessionalsCareersIntern ProgramPostdoctoral Pro",
    "link": "https://ir.ionis.com/",
    "timestamp": "unknown"
  },
  {
    "title": "InvestorsPress ReleasesEventsStock InformationFinancialsGovernanceInvestor ResourcesNewsroomMedical ProfessionalsCareersIntern ProgramPostdoctoral Pro",
    "link": "https://ir.ionis.com/",
    "timestamp": "unknown"
  },
  {
    "title": "InvestorsPress ReleasesEventsStock InformationFinancialsGovernanceInvestor ResourcesNewsroomMedical ProfessionalsCareersIntern ProgramPostdoctoral Pro",
    "link": "https://ir.ionis.com/",
    "timestamp": "unknown"
  },
  {
    "title": "InvestorsPress ReleasesEventsStock InformationFinancialsGovernanceInvestor Resources",
    "link": "https://ir.ionis.com/",
    "timestamp": "unknown"
  },
  {
    "title": "Press Releases",
    "link": "https://ir.ionis.com/investor-news/press-releases",
    "timestamp": "unknown"
  },
  {
    "title": "Events",
    "link": "https://ir.ionis.com/events",
    "timestamp": "unknown"
  },
  {
    "title": "Stock Information",
    "link": "https://ir.ionis.com/stock-information/stock-quote-and-chart",
    "timestamp": "unknown"
  },
  {
    "title": "Financials",
    "link": "https://ir.ionis.com/financial-information/sec-filings",
    "timestamp": "unknown"
  },
  {
    "title": "Governance",
    "link": "https://ir.ionis.com/corporate-governance/highlights",
    "timestamp": "unknown"
  },
  {
    "title": "Investor Resources",
    "link": "https://ir.ionis.com/investor-resources/investor-faqs",
    "timestamp": "unknown"
  },
  {
    "title": "Newsroom",
    "link": "https://ionis.com/newsroom",
    "timestamp": "unknown"
  },
  {
    "title": "Medical Professionals",
    "link": "https://www.ionis.com/medical-professionals",
    "timestamp": "unknown"
  },
  {
    "title": "CareersIntern ProgramPostdoctoral Program",
    "link": "https://www.ionis.com/careers",
    "timestamp": "unknown"
  },
  {
    "title": "Intern Program",
    "link": "https://www.ionis.com/careers/intern-program",
    "timestamp": "unknown"
  },
  {
    "title": "Postdoctoral Program",
    "link": "https://www.ionis.com/careers/postdoctoral-program",
    "timestamp": "unknown"
  },
  {
    "title": "Contact Us",
    "link": "https://www.ionis.com/contact-us",
    "timestamp": "unknown"
  },
  {
    "title": "Main navigationAbout UsOur LeadershipOur CultureCorporate ResponsibilityGrants & SponsorshipsAreas of FocusScience & InnovationPipelineClinical Trials",
    "link": "https://www.ionis.com/",
    "timestamp": "unknown"
  },
  {
    "title": "Main navigationAbout UsOur LeadershipOur CultureCorporate ResponsibilityGrants & SponsorshipsAreas of FocusScience & InnovationPipelineClinical Trials",
    "link": "https://www.ionis.com/",
    "timestamp": "unknown"
  },
  {
    "title": "About UsOur LeadershipOur CultureCorporate ResponsibilityGrants & Sponsorships",
    "link": "https://www.ionis.com/about-us/the-ionis-story",
    "timestamp": "unknown"
  },
  {
    "title": "Our Leadership",
    "link": "https://www.ionis.com/about-us/our-leadership",
    "timestamp": "unknown"
  },
  {
    "title": "Our Culture",
    "link": "https://ionis.com/about-us/our-culture",
    "timestamp": "unknown"
  },
  {
    "title": "Corporate Responsibility",
    "link": "https://www.ionis.com/about-us/corporate-responsibility",
    "timestamp": "unknown"
  },
  {
    "title": "Grants & Sponsorships",
    "link": "https://www.ionis.com/about-us/grants-and-sponsorships",
    "timestamp": "unknown"
  },
  {
    "title": "Areas of Focus",
    "link": "https://www.ionis.com/areas-of-focus",
    "timestamp": "unknown"
  },
  {
    "title": "Science & InnovationPipelineClinical TrialsIon-ARPA Initiative",
    "link": "https://www.ionis.com/science-and-innovation",
    "timestamp": "unknown"
  },
  {
    "title": "Pipeline",
    "link": "https://www.ionis.com/science-and-innovation/pipeline",
    "timestamp": "unknown"
  },
  {
    "title": "Clinical Trials",
    "link": "https://ionistrials.com/",
    "timestamp": "unknown"
  },
  {
    "title": "Ion-ARPA Initiative",
    "link": "https://www.ionis.com/science-and-innovation/ion-arpa-initiative",
    "timestamp": "unknown"
  },
  {
    "title": "Medicines",
    "link": "https://www.ionis.com/medicines",
    "timestamp": "unknown"
  },
  {
    "title": "Patients & AdvocacyPatient StoriesPatient ResourcesExpanded Access Policy",
    "link": "https://www.ionis.com/patients-and-advocacy",
    "timestamp": "unknown"
  },
  {
    "title": "Patient Stories",
    "link": "https://www.ionis.com/patients-and-advocacy/patient-stories",
    "timestamp": "unknown"
  },
  {
    "title": "Patient Resources",
    "link": "https://www.ionis.com/patients-and-advocacy/patient-resources",
    "timestamp": "unknown"
  },
  {
    "title": "Expanded Access Policy",
    "link": "https://www.ionis.com/patients-and-advocacy/expanded-access-policy",
    "timestamp": "unknown"
  },
  {
    "title": "Media CenterInvestor RelationsOverviewInvestor NewsPress ReleasesCompany StatementsMedia KitEventsStock InformationStock Quote & ChartAnalyst Coverage",
    "link": "https://ir.ionis.com/",
    "timestamp": "unknown"
  },
  {
    "title": "Media CenterInvestor RelationsOverviewInvestor NewsPress ReleasesCompany StatementsMedia KitEventsStock InformationStock Quote & ChartAnalyst Coverage",
    "link": "https://ir.ionis.com/",
    "timestamp": "unknown"
  },
  {
    "title": "Media CenterInvestor RelationsOverviewInvestor NewsPress ReleasesCompany StatementsMedia KitEventsStock InformationStock Quote & ChartAnalyst Coverage",
    "link": "https://ir.ionis.com/",
    "timestamp": "unknown"
  },
  {
    "title": "Media CenterInvestor RelationsOverviewInvestor NewsPress ReleasesCompany StatementsMedia KitEventsStock InformationStock Quote & ChartAnalyst Coverage",
    "link": "https://ir.ionis.com/",
    "timestamp": "unknown"
  },
  {
    "title": "Media CenterInvestor RelationsOverviewInvestor NewsPress ReleasesCompany StatementsMedia KitEventsStock InformationStock Quote & ChartAnalyst Coverage",
    "link": "https://ir.ionis.com/",
    "timestamp": "unknown"
  },
  {
    "title": "Media CenterInvestor RelationsOverviewInvestor NewsPress ReleasesCompany StatementsMedia KitEventsStock InformationStock Quote & ChartAnalyst Coverage",
    "link": "https://ir.ionis.com/",
    "timestamp": "unknown"
  },
  {
    "title": "Media CenterInvestor RelationsOverviewInvestor NewsPress ReleasesCompany StatementsMedia KitEventsStock InformationStock Quote & ChartAnalyst Coverage",
    "link": "https://ir.ionis.com/",
    "timestamp": "unknown"
  },
  {
    "title": "Media CenterInvestor RelationsOverviewInvestor NewsPress ReleasesCompany StatementsMedia KitEventsStock InformationStock Quote & ChartAnalyst Coverage",
    "link": "https://ir.ionis.com/",
    "timestamp": "unknown"
  },
  {
    "title": "Media CenterInvestor RelationsOverviewInvestor NewsPress ReleasesCompany StatementsMedia KitEventsStock InformationStock Quote & ChartAnalyst Coverage",
    "link": "https://ir.ionis.com/",
    "timestamp": "unknown"
  },
  {
    "title": "Media CenterInvestor RelationsOverviewInvestor NewsPress ReleasesCompany StatementsMedia KitEventsStock InformationStock Quote & ChartAnalyst Coverage",
    "link": "https://ir.ionis.com/",
    "timestamp": "unknown"
  },
  {
    "title": "Media CenterInvestor RelationsOverviewInvestor NewsPress ReleasesCompany StatementsMedia KitEventsStock InformationStock Quote & ChartAnalyst Coverage",
    "link": "https://ir.ionis.com/",
    "timestamp": "unknown"
  },
  {
    "title": "Media CenterInvestor RelationsOverviewInvestor NewsPress ReleasesCompany StatementsMedia KitEventsStock InformationStock Quote & ChartAnalyst Coverage",
    "link": "https://ir.ionis.com/",
    "timestamp": "unknown"
  },
  {
    "title": "Media CenterInvestor RelationsOverviewInvestor NewsPress ReleasesCompany StatementsMedia KitEventsStock InformationStock Quote & ChartAnalyst Coverage",
    "link": "https://ir.ionis.com/",
    "timestamp": "unknown"
  },
  {
    "title": "Investor RelationsOverviewInvestor NewsPress ReleasesCompany StatementsMedia KitEventsStock InformationStock Quote & ChartAnalyst CoverageOwnership Pr",
    "link": "https://ir.ionis.com/",
    "timestamp": "unknown"
  },
  {
    "title": "Investor RelationsOverviewInvestor NewsPress ReleasesCompany StatementsMedia KitEventsStock InformationStock Quote & ChartAnalyst CoverageOwnership Pr",
    "link": "https://ir.ionis.com/",
    "timestamp": "unknown"
  },
  {
    "title": "Overview",
    "link": "https://ir.ionis.com/",
    "timestamp": "unknown"
  },
  {
    "title": "Investor NewsPress ReleasesCompany StatementsMedia Kit",
    "link": "https://ir.ionis.com/news-releases",
    "timestamp": "unknown"
  },
  {
    "title": "Press Releases",
    "link": "https://ir.ionis.com/investor-news/press-releases",
    "timestamp": "unknown"
  },
  {
    "title": "Company Statements",
    "link": "https://ir.ionis.com/investor-news/company-statements",
    "timestamp": "unknown"
  },
  {
    "title": "Media Kit",
    "link": "https://ionis.com/media-kit",
    "timestamp": "unknown"
  },
  {
    "title": "Events",
    "link": "https://ir.ionis.com/events",
    "timestamp": "unknown"
  },
  {
    "title": "Stock InformationStock Quote & ChartAnalyst CoverageOwnership Profile",
    "link": "https://ir.ionis.com/stock-information/stock-quote-and-chart",
    "timestamp": "unknown"
  },
  {
    "title": "Stock Quote & Chart",
    "link": "https://ir.ionis.com/stock-information/stock-quote-and-chart",
    "timestamp": "unknown"
  },
  {
    "title": "Analyst Coverage",
    "link": "https://ir.ionis.com/stock-information/analyst-coverage",
    "timestamp": "unknown"
  },
  {
    "title": "Ownership Profile",
    "link": "https://ir.ionis.com/stock-information/ownership-profile",
    "timestamp": "unknown"
  },
  {
    "title": "FinancialsSEC FilingsAnnual Reports",
    "link": "https://ir.ionis.com/financial-information/annual-reports",
    "timestamp": "unknown"
  },
  {
    "title": "SEC Filings",
    "link": "https://ir.ionis.com/financial-information/sec-filings",
    "timestamp": "unknown"
  },
  {
    "title": "Annual Reports",
    "link": "https://ir.ionis.com/financial-information/annual-reports",
    "timestamp": "unknown"
  },
  {
    "title": "GovernanceGovernance DocumentsCommittee Composition",
    "link": "https://ir.ionis.com/corporate-governance/highlights",
    "timestamp": "unknown"
  },
  {
    "title": "Governance Documents",
    "link": "https://ir.ionis.com/corporate-governance/highlights",
    "timestamp": "unknown"
  },
  {
    "title": "Committee Composition",
    "link": "https://ir.ionis.com/corporate-governance/committee-composition",
    "timestamp": "unknown"
  },
  {
    "title": "Investor ResourcesInvestor FAQsSettlement InformationContact Us",
    "link": "https://ir.ionis.com/investor-resources/investor-faqs",
    "timestamp": "unknown"
  },
  {
    "title": "Investor FAQs",
    "link": "https://ir.ionis.com/investor-resources/investor-faqs",
    "timestamp": "unknown"
  },
  {
    "title": "Settlement Information",
    "link": "https://ir.ionis.com/investor-resources/settlement-information",
    "timestamp": "unknown"
  },
  {
    "title": "Contact Us",
    "link": "https://www.ionis.com/contact-us",
    "timestamp": "unknown"
  },
  {
    "title": "Investor Email Alerts",
    "link": "https://ir.ionis.com/email-alerts",
    "timestamp": "unknown"
  },
  {
    "title": "Investor contact--Email",
    "link": "tel:--",
    "timestamp": "unknown"
  },
  {
    "title": "Investor contact--Email",
    "link": "tel:--",
    "timestamp": "unknown"
  },
  {
    "title": "Investor contact--Email",
    "link": "tel:--",
    "timestamp": "unknown"
  },
  {
    "title": "Investor contact--Email",
    "link": "tel:--",
    "timestamp": "unknown"
  },
  {
    "title": "--",
    "link": "tel:--",
    "timestamp": "unknown"
  },
  {
    "title": "Email",
    "link": "mailto:ir@ionis.com",
    "timestamp": "unknown"
  },
  {
    "title": "Media contact--Email",
    "link": "tel:--",
    "timestamp": "unknown"
  },
  {
    "title": "Media contact--Email",
    "link": "tel:--",
    "timestamp": "unknown"
  },
  {
    "title": "Media contact--Email",
    "link": "tel:--",
    "timestamp": "unknown"
  },
  {
    "title": "Media contact--Email",
    "link": "tel:--",
    "timestamp": "unknown"
  },
  {
    "title": "--",
    "link": "tel:--",
    "timestamp": "unknown"
  },
  {
    "title": "Email",
    "link": "mailto:media@ionis.com",
    "timestamp": "unknown"
  },
  {
    "title": "SEC FilingsGroupAll,,Annual FilingsCurrent ReportsMergers & AcquisitionsOtherProxy FilingsQuarterly FilingsRegistration StatementsFiling yearAllFiling",
    "link": "https://ir.ionis.com/financial-information/sec-filings?items_per_page=&order=field_nir_sec_date_filed&sort=asc",
    "timestamp": "unknown"
  },
  {
    "title": "SEC FilingsGroupAll,,Annual FilingsCurrent ReportsMergers & AcquisitionsOtherProxy FilingsQuarterly FilingsRegistration StatementsFiling yearAllFiling",
    "link": "https://ir.ionis.com/financial-information/sec-filings?items_per_page=&order=field_nir_sec_date_filed&sort=asc",
    "timestamp": "unknown"
  },
  {
    "title": "SEC FilingsGroupAll,,Annual FilingsCurrent ReportsMergers & AcquisitionsOtherProxy FilingsQuarterly FilingsRegistration StatementsFiling yearAllFiling",
    "link": "https://ir.ionis.com/financial-information/sec-filings?items_per_page=&order=field_nir_sec_date_filed&sort=asc",
    "timestamp": "unknown"
  },
  {
    "title": "SEC FilingsGroupAll,,Annual FilingsCurrent ReportsMergers & AcquisitionsOtherProxy FilingsQuarterly FilingsRegistration StatementsFiling yearAllFiling",
    "link": "https://ir.ionis.com/financial-information/sec-filings?items_per_page=&order=field_nir_sec_date_filed&sort=asc",
    "timestamp": "unknown"
  },
  {
    "title": "GroupAll,,Annual FilingsCurrent ReportsMergers & AcquisitionsOtherProxy FilingsQuarterly FilingsRegistration StatementsFiling yearAllFiling DateFormDe",
    "link": "https://ir.ionis.com/financial-information/sec-filings?items_per_page=&order=field_nir_sec_date_filed&sort=asc",
    "timestamp": "unknown"
  },
  {
    "title": "GroupAll,,Annual FilingsCurrent ReportsMergers & AcquisitionsOtherProxy FilingsQuarterly FilingsRegistration StatementsFiling yearAllFiling DateFormDe",
    "link": "https://ir.ionis.com/financial-information/sec-filings?items_per_page=&order=field_nir_sec_date_filed&sort=asc",
    "timestamp": "unknown"
  },
  {
    "title": "GroupAll,,Annual FilingsCurrent ReportsMergers & AcquisitionsOtherProxy FilingsQuarterly FilingsRegistration StatementsFiling yearAllFiling DateFormDe",
    "link": "https://ir.ionis.com/financial-information/sec-filings?items_per_page=&order=field_nir_sec_date_filed&sort=asc",
    "timestamp": "unknown"
  },
  {
    "title": "GroupAll,,Annual FilingsCurrent ReportsMergers & AcquisitionsOtherProxy FilingsQuarterly FilingsRegistration StatementsFiling yearAllFiling DateFormDe",
    "link": "https://ir.ionis.com/financial-information/sec-filings?items_per_page=&order=field_nir_sec_date_filed&sort=asc",
    "timestamp": "unknown"
  },
  {
    "title": "GroupAll,,Annual FilingsCurrent ReportsMergers & AcquisitionsOtherProxy FilingsQuarterly FilingsRegistration StatementsFiling yearAllFiling DateFormDe",
    "link": "https://ir.ionis.com/financial-information/sec-filings?items_per_page=&order=field_nir_sec_date_filed&sort=asc",
    "timestamp": "unknown"
  },
  {
    "title": "GroupAll,,Annual FilingsCurrent ReportsMergers & AcquisitionsOtherProxy FilingsQuarterly FilingsRegistration StatementsFiling yearAllFiling DateFormDe",
    "link": "https://ir.ionis.com/financial-information/sec-filings?items_per_page=&order=field_nir_sec_date_filed&sort=asc",
    "timestamp": "unknown"
  },
  {
    "title": "GroupAll,,Annual FilingsCurrent ReportsMergers & AcquisitionsOtherProxy FilingsQuarterly FilingsRegistration StatementsFiling yearAllFiling DateFormDe",
    "link": "https://ir.ionis.com/financial-information/sec-filings?items_per_page=&order=field_nir_sec_date_filed&sort=asc",
    "timestamp": "unknown"
  },
  {
    "title": "GroupAll,,Annual FilingsCurrent ReportsMergers & AcquisitionsOtherProxy FilingsQuarterly FilingsRegistration StatementsFiling yearAllFiling DateFormDe",
    "link": "https://ir.ionis.com/financial-information/sec-filings?items_per_page=&order=field_nir_sec_date_filed&sort=asc",
    "timestamp": "unknown"
  },
  {
    "title": "GroupAll,,Annual FilingsCurrent ReportsMergers & AcquisitionsOtherProxy FilingsQuarterly FilingsRegistration StatementsFiling yearAllFiling DateFormDe",
    "link": "https://ir.ionis.com/financial-information/sec-filings?items_per_page=&order=field_nir_sec_date_filed&sort=asc",
    "timestamp": "unknown"
  },
  {
    "title": "GroupAll,,Annual FilingsCurrent ReportsMergers & AcquisitionsOtherProxy FilingsQuarterly FilingsRegistration StatementsFiling yearAllFiling DateFormDe",
    "link": "https://ir.ionis.com/financial-information/sec-filings?items_per_page=&order=field_nir_sec_date_filed&sort=asc",
    "timestamp": "unknown"
  },
  {
    "title": "GroupAll,,Annual FilingsCurrent ReportsMergers & AcquisitionsOtherProxy FilingsQuarterly FilingsRegistration StatementsFiling yearAllFiling DateFormDe",
    "link": "https://ir.ionis.com/financial-information/sec-filings?items_per_page=&order=field_nir_sec_date_filed&sort=asc",
    "timestamp": "unknown"
  },
  {
    "title": "GroupAll,,Annual FilingsCurrent ReportsMergers & AcquisitionsOtherProxy FilingsQuarterly FilingsRegistration StatementsFiling yearAllFiling DateFormDe",
    "link": "https://ir.ionis.com/financial-information/sec-filings?items_per_page=&order=field_nir_sec_date_filed&sort=asc",
    "timestamp": "unknown"
  },
  {
    "title": "GroupAll,,Annual FilingsCurrent ReportsMergers & AcquisitionsOtherProxy FilingsQuarterly FilingsRegistration StatementsFiling yearAllFiling DateFormDe",
    "link": "https://ir.ionis.com/financial-information/sec-filings?items_per_page=&order=field_nir_sec_date_filed&sort=asc",
    "timestamp": "unknown"
  },
  {
    "title": "GroupAll,,Annual FilingsCurrent ReportsMergers & AcquisitionsOtherProxy FilingsQuarterly FilingsRegistration StatementsFiling yearAllFiling DateFormDe",
    "link": "https://ir.ionis.com/financial-information/sec-filings?items_per_page=&order=field_nir_sec_date_filed&sort=asc",
    "timestamp": "unknown"
  },
  {
    "title": "GroupAll,,Annual FilingsCurrent ReportsMergers & AcquisitionsOtherProxy FilingsQuarterly FilingsRegistration StatementsFiling yearAllFiling DateFormDe",
    "link": "https://ir.ionis.com/financial-information/sec-filings?items_per_page=&order=field_nir_sec_date_filed&sort=asc",
    "timestamp": "unknown"
  },
  {
    "title": "Filing DateFormDescriptionFiling GroupViewJan ,Filed by \"insiders\" prior intended sale of restricted stock.Other--.rtf--.xls--.pdfJan ,Filed by \"insid",
    "link": "https://ir.ionis.com/financial-information/sec-filings?items_per_page=&order=field_nir_sec_date_filed&sort=asc",
    "timestamp": "unknown"
  },
  {
    "title": "Filing DateFormDescriptionFiling GroupView",
    "link": "https://ir.ionis.com/financial-information/sec-filings?items_per_page=&order=field_nir_sec_date_filed&sort=asc",
    "timestamp": "unknown"
  },
  {
    "title": "Jan ,Filed by \"insiders\" prior intended sale of restricted stock.Other--.rtf--.xls--.pdf",
    "link": "https://ir.ionis.com/sec-filings/sec-filing//--",
    "timestamp": "unknown"
  },
  {
    "title": "--.rtf--.xls--.pdf",
    "link": "https://ir.ionis.com/static-files/20be75ab-dcd4-4a96--4946a6e5544f",
    "timestamp": "unknown"
  },
  {
    "title": "--.rtf",
    "link": "https://ir.ionis.com/static-files/20be75ab-dcd4-4a96--4946a6e5544f",
    "timestamp": "unknown"
  },
  {
    "title": "--.xls",
    "link": "https://ir.ionis.com/static-files/9341d8cb-944c-4b09-ae12-874366b0e405",
    "timestamp": "unknown"
  },
  {
    "title": "--.pdf",
    "link": "https://ir.ionis.com/static-files/2fc28c1d-c3f6-4ff7-9f89-f58150a4b5ce",
    "timestamp": "unknown"
  },
  {
    "title": "Jan ,Filed by \"insiders\" prior intended sale of restricted stock.Other--.rtf--.pdf",
    "link": "https://ir.ionis.com/sec-filings/sec-filing//--",
    "timestamp": "unknown"
  },
  {
    "title": "--.rtf--.pdf",
    "link": "https://ir.ionis.com/static-files/3696ba02--4f4c-b7e1-5d70b99dd9bc",
    "timestamp": "unknown"
  },
  {
    "title": "--.rtf",
    "link": "https://ir.ionis.com/static-files/3696ba02--4f4c-b7e1-5d70b99dd9bc",
    "timestamp": "unknown"
  },
  {
    "title": "--.pdf",
    "link": "https://ir.ionis.com/static-files/fc2580e3-818e-498a--a53502973a85",
    "timestamp": "unknown"
  },
  {
    "title": "Jan ,Statement of changes in beneficial ownership of securities,,--.rtf--.xls--.pdf",
    "link": "https://ir.ionis.com/sec-filings/sec-filing//--",
    "timestamp": "unknown"
  },
  {
    "title": "--.rtf--.xls--.pdf",
    "link": "https://ir.ionis.com/static-files/fd5c344f-bb74-4d72-ba94-4360b7e4bd79",
    "timestamp": "unknown"
  },
  {
    "title": "--.rtf",
    "link": "https://ir.ionis.com/static-files/fd5c344f-bb74-4d72-ba94-4360b7e4bd79",
    "timestamp": "unknown"
  },
  {
    "title": "--.xls",
    "link": "https://ir.ionis.com/static-files/d0802d4a-d82d--8c52-2ef6e54de5af",
    "timestamp": "unknown"
  },
  {
    "title": "--.pdf",
    "link": "https://ir.ionis.com/static-files/daa9935b-40f4--bcb0-416c94b5436b",
    "timestamp": "unknown"
  },
  {
    "title": "Jan ,Statement of changes in beneficial ownership of securities,,--.rtf--.xls--.pdf",
    "link": "https://ir.ionis.com/sec-filings/sec-filing//--",
    "timestamp": "unknown"
  },
  {
    "title": "--.rtf--.xls--.pdf",
    "link": "https://ir.ionis.com/static-files/eec8a8c8-0e1f-4d59-b0b6-7621045bacd7",
    "timestamp": "unknown"
  },
  {
    "title": "--.rtf",
    "link": "https://ir.ionis.com/static-files/eec8a8c8-0e1f-4d59-b0b6-7621045bacd7",
    "timestamp": "unknown"
  },
  {
    "title": "--.xls",
    "link": "https://ir.ionis.com/static-files/3aae2968-9cc6--8cbc-4e026f6b6a65",
    "timestamp": "unknown"
  },
  {
    "title": "--.pdf",
    "link": "https://ir.ionis.com/static-files/23c7ade1-38ed-41cc-88a9-73fa8fa5583a",
    "timestamp": "unknown"
  },
  {
    "title": "Jan ,Statement of changes in beneficial ownership of securities,,--.rtf--.xls--.pdf",
    "link": "https://ir.ionis.com/sec-filings/sec-filing//--",
    "timestamp": "unknown"
  },
  {
    "title": "--.rtf--.xls--.pdf",
    "link": "https://ir.ionis.com/static-files/d514e155-12f7--b9a6-9c0ba45ae517",
    "timestamp": "unknown"
  },
  {
    "title": "--.rtf",
    "link": "https://ir.ionis.com/static-files/d514e155-12f7--b9a6-9c0ba45ae517",
    "timestamp": "unknown"
  },
  {
    "title": "--.xls",
    "link": "https://ir.ionis.com/static-files/95d1e6b6-d507--b19c-83c5468ea093",
    "timestamp": "unknown"
  },
  {
    "title": "--.pdf",
    "link": "https://ir.ionis.com/static-files/a9de63dc-6fcb-4b7f-b1f4-",
    "timestamp": "unknown"
  },
  {
    "title": "Jan ,Statement of changes in beneficial ownership of securities,,--.rtf--.xls--.pdf",
    "link": "https://ir.ionis.com/sec-filings/sec-filing//--",
    "timestamp": "unknown"
  },
  {
    "title": "--.rtf--.xls--.pdf",
    "link": "https://ir.ionis.com/static-files/1d89620e-99b6-4ef5-8ba7-f9c402169471",
    "timestamp": "unknown"
  },
  {
    "title": "--.rtf",
    "link": "https://ir.ionis.com/static-files/1d89620e-99b6-4ef5-8ba7-f9c402169471",
    "timestamp": "unknown"
  },
  {
    "title": "--.xls",
    "link": "https://ir.ionis.com/static-files/b68df4df-04a6-4e3c-9d85-caa97970c095",
    "timestamp": "unknown"
  },
  {
    "title": "--.pdf",
    "link": "https://ir.ionis.com/static-files/743b18a3-77cc-44d5-a88b-c277af8297a3",
    "timestamp": "unknown"
  },
  {
    "title": "Jan ,Statement of changes in beneficial ownership of securities,,--.rtf--.xls--.pdf",
    "link": "https://ir.ionis.com/sec-filings/sec-filing//--",
    "timestamp": "unknown"
  },
  {
    "title": "--.rtf--.xls--.pdf",
    "link": "https://ir.ionis.com/static-files/47fbdc5e-ee42--9f8f-abd29096b69b",
    "timestamp": "unknown"
  },
  {
    "title": "--.rtf",
    "link": "https://ir.ionis.com/static-files/47fbdc5e-ee42--9f8f-abd29096b69b",
    "timestamp": "unknown"
  },
  {
    "title": "--.xls",
    "link": "https://ir.ionis.com/static-files/bdf90a48-692c-4f25--0365c6f42e61",
    "timestamp": "unknown"
  },
  {
    "title": "--.pdf",
    "link": "https://ir.ionis.com/static-files/8f3b078c--4eec-b612-0404e97aef79",
    "timestamp": "unknown"
  },
  {
    "title": "Jan ,Statement of changes in beneficial ownership of securities,,--.rtf--.xls--.pdf",
    "link": "https://ir.ionis.com/sec-filings/sec-filing//--",
    "timestamp": "unknown"
  },
  {
    "title": "--.rtf--.xls--.pdf",
    "link": "https://ir.ionis.com/static-files/a6c4ee96--412b--0aa6069dff69",
    "timestamp": "unknown"
  },
  {
    "title": "--.rtf",
    "link": "https://ir.ionis.com/static-files/a6c4ee96--412b--0aa6069dff69",
    "timestamp": "unknown"
  },
  {
    "title": "--.xls",
    "link": "https://ir.ionis.com/static-files/38e78ec6-e73f-49b7-8bf2-0d816939d292",
    "timestamp": "unknown"
  },
  {
    "title": "--.pdf",
    "link": "https://ir.ionis.com/static-files/3417c53a-689c--ab86-987697a9b7a1",
    "timestamp": "unknown"
  },
  {
    "title": "Jan ,Statement of changes in beneficial ownership of securities,,--.rtf--.xls--.pdf",
    "link": "https://ir.ionis.com/sec-filings/sec-filing//--",
    "timestamp": "unknown"
  },
  {
    "title": "--.rtf--.xls--.pdf",
    "link": "https://ir.ionis.com/static-files/a6a795ca-23ad--be8c-7a867f370c9d",
    "timestamp": "unknown"
  },
  {
    "title": "--.rtf",
    "link": "https://ir.ionis.com/static-files/a6a795ca-23ad--be8c-7a867f370c9d",
    "timestamp": "unknown"
  },
  {
    "title": "--.xls",
    "link": "https://ir.ionis.com/static-files/c9c72e89-f9eb-492f-bff9-77430feb5163",
    "timestamp": "unknown"
  },
  {
    "title": "--.pdf",
    "link": "https://ir.ionis.com/static-files/dca3d3de-c83c-45ee-800d-24056ec4a5ff",
    "timestamp": "unknown"
  },
  {
    "title": "Jan ,Statement of changes in beneficial ownership of securities,,--.rtf--.xls--.pdf",
    "link": "https://ir.ionis.com/sec-filings/sec-filing//--",
    "timestamp": "unknown"
  },
  {
    "title": "--.rtf--.xls--.pdf",
    "link": "https://ir.ionis.com/static-files/0900a4d9-977d-4e60--537a60551462",
    "timestamp": "unknown"
  },
  {
    "title": "--.rtf",
    "link": "https://ir.ionis.com/static-files/0900a4d9-977d-4e60--537a60551462",
    "timestamp": "unknown"
  },
  {
    "title": "--.xls",
    "link": "https://ir.ionis.com/static-files/4740cff8-ad35-4cc8--f686cf457a00",
    "timestamp": "unknown"
  },
  {
    "title": "--.pdf",
    "link": "https://ir.ionis.com/static-files/4fab511c-c0f6--a78b-2a58ca27e05a",
    "timestamp": "unknown"
  },
  {
    "title": "Current pagePagePage\u2026Next page\u203aLast page\u00bbDisplaying  -  of  results",
    "link": "https://ir.ionis.com/financial-information/sec-filings?&field_nir_sec_cik_target_id=&field_nir_sec_date_filed_value=&&&items_per_page_toggle=&page=",
    "timestamp": "unknown"
  },
  {
    "title": "Current pagePagePage\u2026Next page\u203aLast page\u00bb",
    "link": "https://ir.ionis.com/financial-information/sec-filings?&field_nir_sec_cik_target_id=&field_nir_sec_date_filed_value=&&&items_per_page_toggle=&page=",
    "timestamp": "unknown"
  },
  {
    "title": "Current page",
    "link": "https://ir.ionis.com/financial-information/sec-filings?&field_nir_sec_cik_target_id=&field_nir_sec_date_filed_value=&&&items_per_page_toggle=&page=",
    "timestamp": "unknown"
  },
  {
    "title": "Page",
    "link": "https://ir.ionis.com/financial-information/sec-filings?&field_nir_sec_cik_target_id=&field_nir_sec_date_filed_value=&&&items_per_page_toggle=&page=",
    "timestamp": "unknown"
  },
  {
    "title": "Page",
    "link": "https://ir.ionis.com/financial-information/sec-filings?&field_nir_sec_cik_target_id=&field_nir_sec_date_filed_value=&&&items_per_page_toggle=&page=",
    "timestamp": "unknown"
  },
  {
    "title": "Next page\u203a",
    "link": "https://ir.ionis.com/financial-information/sec-filings?&field_nir_sec_cik_target_id=&field_nir_sec_date_filed_value=&&&items_per_page_toggle=&page=",
    "timestamp": "unknown"
  },
  {
    "title": "Last page\u00bb",
    "link": "https://ir.ionis.com/financial-information/sec-filings?&field_nir_sec_cik_target_id=&field_nir_sec_date_filed_value=&&&items_per_page_toggle=&page=",
    "timestamp": "unknown"
  },
  {
    "title": "Data provided byKaleidoscope.",
    "link": "https://www.kscope.io",
    "timestamp": "unknown"
  },
  {
    "title": "Data provided byKaleidoscope.",
    "link": "https://www.kscope.io",
    "timestamp": "unknown"
  },
  {
    "title": "Legal and Compliance:Legal NoticeCode of Ethics and Business ConductPrivacy PolicyConsumer Health Data Privacy PolicyYour Privacy ChoicesAkcea Therape",
    "link": "https://www.ionis.com/legal-notice",
    "timestamp": "unknown"
  },
  {
    "title": "Legal Notice",
    "link": "https://www.ionis.com/legal-notice",
    "timestamp": "unknown"
  },
  {
    "title": "Code of Ethics and Business Conduct",
    "link": "https://ir.ionis.com/static-files/3f5d8e58-e36b-4b71-9d9b-9397317c85b5",
    "timestamp": "unknown"
  },
  {
    "title": "Privacy Policy",
    "link": "https://www.ionis.com/privacy-policy",
    "timestamp": "unknown"
  },
  {
    "title": "Consumer Health Data Privacy Policy",
    "link": "https://ionis.com/consumer-health-data-privacy-policy",
    "timestamp": "unknown"
  },
  {
    "title": "Your Privacy Choices",
    "link": "https://privacyportal.onetrust.com/ui/#/preferences/multipage/login/f37aaeb0-529a-4c60-9cd2-fd3a2479a03c",
    "timestamp": "unknown"
  },
  {
    "title": "Akcea Therapeutics",
    "link": "https://www.ionis.com/about-us/the-ionis-story#akcea",
    "timestamp": "unknown"
  },
  {
    "title": "Information For:Medical ProfessionalsInvestors & MediaJob SeekersSuppliers",
    "link": "https://www.ionis.com/medical-professionals",
    "timestamp": "unknown"
  },
  {
    "title": "Medical Professionals",
    "link": "https://www.ionis.com/medical-professionals",
    "timestamp": "unknown"
  },
  {
    "title": "Investors & Media",
    "link": "https://ir.ionis.com/",
    "timestamp": "unknown"
  },
  {
    "title": "Job Seekers",
    "link": "https://www.ionis.com/careers",
    "timestamp": "unknown"
  },
  {
    "title": "Suppliers",
    "link": "https://www.ionis.com/suppliers",
    "timestamp": "unknown"
  },
  {
    "title": "Explore:Our StoryOur ScienceOur PipelineOur CultureOur News",
    "link": "https://www.ionis.com/about-us/the-ionis-story",
    "timestamp": "unknown"
  },
  {
    "title": "Our Story",
    "link": "https://www.ionis.com/about-us/the-ionis-story",
    "timestamp": "unknown"
  },
  {
    "title": "Our Science",
    "link": "https://www.ionis.com/science-and-innovation",
    "timestamp": "unknown"
  },
  {
    "title": "Our Pipeline",
    "link": "https://www.ionis.com/science-and-innovation/pipeline",
    "timestamp": "unknown"
  },
  {
    "title": "Our Culture",
    "link": "https://www.ionis.com/careers",
    "timestamp": "unknown"
  },
  {
    "title": "Our News",
    "link": "https://ir.ionis.com/investor-news/press-releases",
    "timestamp": "unknown"
  },
  {
    "title": "Stay Connected:Contact UsLinkedInXInstagramFacebookCommunity Guidelines",
    "link": "https://www.ionis.com/contact-us",
    "timestamp": "unknown"
  },
  {
    "title": "Contact Us",
    "link": "https://www.ionis.com/contact-us",
    "timestamp": "unknown"
  },
  {
    "title": "LinkedIn",
    "link": "https://www.linkedin.com/company/ionis-pharmaceuticals",
    "timestamp": "unknown"
  },
  {
    "title": "X",
    "link": "https://x.com/ionispharma",
    "timestamp": "unknown"
  },
  {
    "title": "Instagram",
    "link": "https://www.instagram.com/ionis_pharma",
    "timestamp": "unknown"
  },
  {
    "title": "Facebook",
    "link": "https://www.facebook.com/ionispharma",
    "timestamp": "unknown"
  },
  {
    "title": "Community Guidelines",
    "link": "https://www.ionis.com/community-guidelines",
    "timestamp": "unknown"
  }
]