[
  {
    "title": "InvestorsPress ReleasesEventsStock InformationFinancialsGovernanceInvestor ResourcesNewsroomMedical ProfessionalsCareersIntern ProgramPostdoctoral Pro",
    "link": "https://ir.ionis.com/",
    "timestamp": "unknown"
  },
  {
    "title": "InvestorsPress ReleasesEventsStock InformationFinancialsGovernanceInvestor ResourcesNewsroomMedical ProfessionalsCareersIntern ProgramPostdoctoral Pro",
    "link": "https://ir.ionis.com/",
    "timestamp": "unknown"
  },
  {
    "title": "InvestorsPress ReleasesEventsStock InformationFinancialsGovernanceInvestor ResourcesNewsroomMedical ProfessionalsCareersIntern ProgramPostdoctoral Pro",
    "link": "https://ir.ionis.com/",
    "timestamp": "unknown"
  },
  {
    "title": "InvestorsPress ReleasesEventsStock InformationFinancialsGovernanceInvestor Resources",
    "link": "https://ir.ionis.com/",
    "timestamp": "unknown"
  },
  {
    "title": "Press Releases",
    "link": "https://ir.ionis.com/investor-news/press-releases",
    "timestamp": "unknown"
  },
  {
    "title": "Events",
    "link": "https://ir.ionis.com/events",
    "timestamp": "unknown"
  },
  {
    "title": "Stock Information",
    "link": "https://ir.ionis.com/stock-information/stock-quote-and-chart",
    "timestamp": "unknown"
  },
  {
    "title": "Financials",
    "link": "https://ir.ionis.com/financial-information/sec-filings",
    "timestamp": "unknown"
  },
  {
    "title": "Governance",
    "link": "https://ir.ionis.com/corporate-governance/highlights",
    "timestamp": "unknown"
  },
  {
    "title": "Investor Resources",
    "link": "https://ir.ionis.com/investor-resources/investor-faqs",
    "timestamp": "unknown"
  },
  {
    "title": "Newsroom",
    "link": "https://ionis.com/newsroom",
    "timestamp": "unknown"
  },
  {
    "title": "Medical Professionals",
    "link": "https://www.ionis.com/medical-professionals",
    "timestamp": "unknown"
  },
  {
    "title": "CareersIntern ProgramPostdoctoral Program",
    "link": "https://www.ionis.com/careers",
    "timestamp": "unknown"
  },
  {
    "title": "Intern Program",
    "link": "https://www.ionis.com/careers/intern-program",
    "timestamp": "unknown"
  },
  {
    "title": "Postdoctoral Program",
    "link": "https://www.ionis.com/careers/postdoctoral-program",
    "timestamp": "unknown"
  },
  {
    "title": "Contact Us",
    "link": "https://www.ionis.com/contact-us",
    "timestamp": "unknown"
  },
  {
    "title": "Main navigationAbout UsOur LeadershipOur CultureCorporate ResponsibilityGrants & SponsorshipsAreas of FocusScience & InnovationPipelineClinical Trials",
    "link": "https://www.ionis.com/",
    "timestamp": "unknown"
  },
  {
    "title": "Main navigationAbout UsOur LeadershipOur CultureCorporate ResponsibilityGrants & SponsorshipsAreas of FocusScience & InnovationPipelineClinical Trials",
    "link": "https://www.ionis.com/",
    "timestamp": "unknown"
  },
  {
    "title": "About UsOur LeadershipOur CultureCorporate ResponsibilityGrants & Sponsorships",
    "link": "https://www.ionis.com/about-us/the-ionis-story",
    "timestamp": "unknown"
  },
  {
    "title": "Our Leadership",
    "link": "https://www.ionis.com/about-us/our-leadership",
    "timestamp": "unknown"
  },
  {
    "title": "Our Culture",
    "link": "https://ionis.com/about-us/our-culture",
    "timestamp": "unknown"
  },
  {
    "title": "Corporate Responsibility",
    "link": "https://www.ionis.com/about-us/corporate-responsibility",
    "timestamp": "unknown"
  },
  {
    "title": "Grants & Sponsorships",
    "link": "https://www.ionis.com/about-us/grants-and-sponsorships",
    "timestamp": "unknown"
  },
  {
    "title": "Areas of Focus",
    "link": "https://www.ionis.com/areas-of-focus",
    "timestamp": "unknown"
  },
  {
    "title": "Science & InnovationPipelineClinical TrialsIon-ARPA Initiative",
    "link": "https://www.ionis.com/science-and-innovation",
    "timestamp": "unknown"
  },
  {
    "title": "Pipeline",
    "link": "https://www.ionis.com/science-and-innovation/pipeline",
    "timestamp": "unknown"
  },
  {
    "title": "Clinical Trials",
    "link": "https://ionistrials.com/",
    "timestamp": "unknown"
  },
  {
    "title": "Ion-ARPA Initiative",
    "link": "https://www.ionis.com/science-and-innovation/ion-arpa-initiative",
    "timestamp": "unknown"
  },
  {
    "title": "Medicines",
    "link": "https://www.ionis.com/medicines",
    "timestamp": "unknown"
  },
  {
    "title": "Patients & AdvocacyPatient StoriesPatient ResourcesExpanded Access Policy",
    "link": "https://www.ionis.com/patients-and-advocacy",
    "timestamp": "unknown"
  },
  {
    "title": "Patient Stories",
    "link": "https://www.ionis.com/patients-and-advocacy/patient-stories",
    "timestamp": "unknown"
  },
  {
    "title": "Patient Resources",
    "link": "https://www.ionis.com/patients-and-advocacy/patient-resources",
    "timestamp": "unknown"
  },
  {
    "title": "Expanded Access Policy",
    "link": "https://www.ionis.com/patients-and-advocacy/expanded-access-policy",
    "timestamp": "unknown"
  },
  {
    "title": "Media CenterInvestor RelationsOverviewInvestor NewsPress ReleasesCompany StatementsMedia KitEventsStock InformationStock Quote & ChartAnalyst Coverage",
    "link": "https://ir.ionis.com/",
    "timestamp": "unknown"
  },
  {
    "title": "Media CenterInvestor RelationsOverviewInvestor NewsPress ReleasesCompany StatementsMedia KitEventsStock InformationStock Quote & ChartAnalyst Coverage",
    "link": "https://ir.ionis.com/",
    "timestamp": "unknown"
  },
  {
    "title": "Media CenterInvestor RelationsOverviewInvestor NewsPress ReleasesCompany StatementsMedia KitEventsStock InformationStock Quote & ChartAnalyst Coverage",
    "link": "https://ir.ionis.com/",
    "timestamp": "unknown"
  },
  {
    "title": "Media CenterInvestor RelationsOverviewInvestor NewsPress ReleasesCompany StatementsMedia KitEventsStock InformationStock Quote & ChartAnalyst Coverage",
    "link": "https://ir.ionis.com/",
    "timestamp": "unknown"
  },
  {
    "title": "Media CenterInvestor RelationsOverviewInvestor NewsPress ReleasesCompany StatementsMedia KitEventsStock InformationStock Quote & ChartAnalyst Coverage",
    "link": "https://ir.ionis.com/",
    "timestamp": "unknown"
  },
  {
    "title": "Media CenterInvestor RelationsOverviewInvestor NewsPress ReleasesCompany StatementsMedia KitEventsStock InformationStock Quote & ChartAnalyst Coverage",
    "link": "https://ir.ionis.com/",
    "timestamp": "unknown"
  },
  {
    "title": "Media CenterInvestor RelationsOverviewInvestor NewsPress ReleasesCompany StatementsMedia KitEventsStock InformationStock Quote & ChartAnalyst Coverage",
    "link": "https://ir.ionis.com/",
    "timestamp": "unknown"
  },
  {
    "title": "Media CenterInvestor RelationsOverviewInvestor NewsPress ReleasesCompany StatementsMedia KitEventsStock InformationStock Quote & ChartAnalyst Coverage",
    "link": "https://ir.ionis.com/",
    "timestamp": "unknown"
  },
  {
    "title": "Media CenterInvestor RelationsOverviewInvestor NewsPress ReleasesCompany StatementsMedia KitEventsStock InformationStock Quote & ChartAnalyst Coverage",
    "link": "https://ir.ionis.com/",
    "timestamp": "unknown"
  },
  {
    "title": "Media CenterInvestor RelationsOverviewInvestor NewsPress ReleasesCompany StatementsMedia KitEventsStock InformationStock Quote & ChartAnalyst Coverage",
    "link": "https://ir.ionis.com/",
    "timestamp": "unknown"
  },
  {
    "title": "Media CenterInvestor RelationsOverviewInvestor NewsPress ReleasesCompany StatementsMedia KitEventsStock InformationStock Quote & ChartAnalyst Coverage",
    "link": "https://ir.ionis.com/",
    "timestamp": "unknown"
  },
  {
    "title": "Media CenterInvestor RelationsOverviewInvestor NewsPress ReleasesCompany StatementsMedia KitEventsStock InformationStock Quote & ChartAnalyst Coverage",
    "link": "https://ir.ionis.com/",
    "timestamp": "unknown"
  },
  {
    "title": "Media CenterInvestor RelationsOverviewInvestor NewsPress ReleasesCompany StatementsMedia KitEventsStock InformationStock Quote & ChartAnalyst Coverage",
    "link": "https://ir.ionis.com/",
    "timestamp": "unknown"
  },
  {
    "title": "Investor RelationsOverviewInvestor NewsPress ReleasesCompany StatementsMedia KitEventsStock InformationStock Quote & ChartAnalyst CoverageOwnership Pr",
    "link": "https://ir.ionis.com/",
    "timestamp": "unknown"
  },
  {
    "title": "Investor RelationsOverviewInvestor NewsPress ReleasesCompany StatementsMedia KitEventsStock InformationStock Quote & ChartAnalyst CoverageOwnership Pr",
    "link": "https://ir.ionis.com/",
    "timestamp": "unknown"
  },
  {
    "title": "Overview",
    "link": "https://ir.ionis.com/",
    "timestamp": "unknown"
  },
  {
    "title": "Investor NewsPress ReleasesCompany StatementsMedia Kit",
    "link": "https://ir.ionis.com/news-releases",
    "timestamp": "unknown"
  },
  {
    "title": "Press Releases",
    "link": "https://ir.ionis.com/investor-news/press-releases",
    "timestamp": "unknown"
  },
  {
    "title": "Company Statements",
    "link": "https://ir.ionis.com/investor-news/company-statements",
    "timestamp": "unknown"
  },
  {
    "title": "Media Kit",
    "link": "https://ionis.com/media-kit",
    "timestamp": "unknown"
  },
  {
    "title": "Events",
    "link": "https://ir.ionis.com/events",
    "timestamp": "unknown"
  },
  {
    "title": "Stock InformationStock Quote & ChartAnalyst CoverageOwnership Profile",
    "link": "https://ir.ionis.com/stock-information/stock-quote-and-chart",
    "timestamp": "unknown"
  },
  {
    "title": "Stock Quote & Chart",
    "link": "https://ir.ionis.com/stock-information/stock-quote-and-chart",
    "timestamp": "unknown"
  },
  {
    "title": "Analyst Coverage",
    "link": "https://ir.ionis.com/stock-information/analyst-coverage",
    "timestamp": "unknown"
  },
  {
    "title": "Ownership Profile",
    "link": "https://ir.ionis.com/stock-information/ownership-profile",
    "timestamp": "unknown"
  },
  {
    "title": "FinancialsSEC FilingsAnnual Reports",
    "link": "https://ir.ionis.com/financial-information/annual-reports",
    "timestamp": "unknown"
  },
  {
    "title": "SEC Filings",
    "link": "https://ir.ionis.com/financial-information/sec-filings",
    "timestamp": "unknown"
  },
  {
    "title": "Annual Reports",
    "link": "https://ir.ionis.com/financial-information/annual-reports",
    "timestamp": "unknown"
  },
  {
    "title": "GovernanceGovernance DocumentsCommittee Composition",
    "link": "https://ir.ionis.com/corporate-governance/highlights",
    "timestamp": "unknown"
  },
  {
    "title": "Governance Documents",
    "link": "https://ir.ionis.com/corporate-governance/highlights",
    "timestamp": "unknown"
  },
  {
    "title": "Committee Composition",
    "link": "https://ir.ionis.com/corporate-governance/committee-composition",
    "timestamp": "unknown"
  },
  {
    "title": "Investor ResourcesInvestor FAQsSettlement InformationContact Us",
    "link": "https://ir.ionis.com/investor-resources/investor-faqs",
    "timestamp": "unknown"
  },
  {
    "title": "Investor FAQs",
    "link": "https://ir.ionis.com/investor-resources/investor-faqs",
    "timestamp": "unknown"
  },
  {
    "title": "Settlement Information",
    "link": "https://ir.ionis.com/investor-resources/settlement-information",
    "timestamp": "unknown"
  },
  {
    "title": "Contact Us",
    "link": "https://www.ionis.com/contact-us",
    "timestamp": "unknown"
  },
  {
    "title": "Investor Email Alerts",
    "link": "https://ir.ionis.com/email-alerts",
    "timestamp": "unknown"
  },
  {
    "title": "Investor contact--Email",
    "link": "tel:--",
    "timestamp": "unknown"
  },
  {
    "title": "Investor contact--Email",
    "link": "tel:--",
    "timestamp": "unknown"
  },
  {
    "title": "Investor contact--Email",
    "link": "tel:--",
    "timestamp": "unknown"
  },
  {
    "title": "Investor contact--Email",
    "link": "tel:--",
    "timestamp": "unknown"
  },
  {
    "title": "--",
    "link": "tel:--",
    "timestamp": "unknown"
  },
  {
    "title": "Email",
    "link": "mailto:ir@ionis.com",
    "timestamp": "unknown"
  },
  {
    "title": "Media contact--Email",
    "link": "tel:--",
    "timestamp": "unknown"
  },
  {
    "title": "Media contact--Email",
    "link": "tel:--",
    "timestamp": "unknown"
  },
  {
    "title": "Media contact--Email",
    "link": "tel:--",
    "timestamp": "unknown"
  },
  {
    "title": "Media contact--Email",
    "link": "tel:--",
    "timestamp": "unknown"
  },
  {
    "title": "--",
    "link": "tel:--",
    "timestamp": "unknown"
  },
  {
    "title": "Email",
    "link": "mailto:media@ionis.com",
    "timestamp": "unknown"
  },
  {
    "title": "SEC FilingsGroupAll,,Annual FilingsCurrent ReportsMergers & AcquisitionsOtherProxy FilingsQuarterly FilingsRegistration StatementsFiling yearAllFiling",
    "link": "https://ir.ionis.com/financial-information/sec-filings?items_per_page=&order=field_nir_sec_date_filed&sort=asc",
    "timestamp": "unknown"
  },
  {
    "title": "SEC FilingsGroupAll,,Annual FilingsCurrent ReportsMergers & AcquisitionsOtherProxy FilingsQuarterly FilingsRegistration StatementsFiling yearAllFiling",
    "link": "https://ir.ionis.com/financial-information/sec-filings?items_per_page=&order=field_nir_sec_date_filed&sort=asc",
    "timestamp": "unknown"
  },
  {
    "title": "SEC FilingsGroupAll,,Annual FilingsCurrent ReportsMergers & AcquisitionsOtherProxy FilingsQuarterly FilingsRegistration StatementsFiling yearAllFiling",
    "link": "https://ir.ionis.com/financial-information/sec-filings?items_per_page=&order=field_nir_sec_date_filed&sort=asc",
    "timestamp": "unknown"
  },
  {
    "title": "SEC FilingsGroupAll,,Annual FilingsCurrent ReportsMergers & AcquisitionsOtherProxy FilingsQuarterly FilingsRegistration StatementsFiling yearAllFiling",
    "link": "https://ir.ionis.com/financial-information/sec-filings?items_per_page=&order=field_nir_sec_date_filed&sort=asc",
    "timestamp": "unknown"
  },
  {
    "title": "GroupAll,,Annual FilingsCurrent ReportsMergers & AcquisitionsOtherProxy FilingsQuarterly FilingsRegistration StatementsFiling yearAllFiling DateFormDe",
    "link": "https://ir.ionis.com/financial-information/sec-filings?items_per_page=&order=field_nir_sec_date_filed&sort=asc",
    "timestamp": "unknown"
  },
  {
    "title": "GroupAll,,Annual FilingsCurrent ReportsMergers & AcquisitionsOtherProxy FilingsQuarterly FilingsRegistration StatementsFiling yearAllFiling DateFormDe",
    "link": "https://ir.ionis.com/financial-information/sec-filings?items_per_page=&order=field_nir_sec_date_filed&sort=asc",
    "timestamp": "unknown"
  },
  {
    "title": "GroupAll,,Annual FilingsCurrent ReportsMergers & AcquisitionsOtherProxy FilingsQuarterly FilingsRegistration StatementsFiling yearAllFiling DateFormDe",
    "link": "https://ir.ionis.com/financial-information/sec-filings?items_per_page=&order=field_nir_sec_date_filed&sort=asc",
    "timestamp": "unknown"
  },
  {
    "title": "GroupAll,,Annual FilingsCurrent ReportsMergers & AcquisitionsOtherProxy FilingsQuarterly FilingsRegistration StatementsFiling yearAllFiling DateFormDe",
    "link": "https://ir.ionis.com/financial-information/sec-filings?items_per_page=&order=field_nir_sec_date_filed&sort=asc",
    "timestamp": "unknown"
  },
  {
    "title": "GroupAll,,Annual FilingsCurrent ReportsMergers & AcquisitionsOtherProxy FilingsQuarterly FilingsRegistration StatementsFiling yearAllFiling DateFormDe",
    "link": "https://ir.ionis.com/financial-information/sec-filings?items_per_page=&order=field_nir_sec_date_filed&sort=asc",
    "timestamp": "unknown"
  },
  {
    "title": "GroupAll,,Annual FilingsCurrent ReportsMergers & AcquisitionsOtherProxy FilingsQuarterly FilingsRegistration StatementsFiling yearAllFiling DateFormDe",
    "link": "https://ir.ionis.com/financial-information/sec-filings?items_per_page=&order=field_nir_sec_date_filed&sort=asc",
    "timestamp": "unknown"
  },
  {
    "title": "GroupAll,,Annual FilingsCurrent ReportsMergers & AcquisitionsOtherProxy FilingsQuarterly FilingsRegistration StatementsFiling yearAllFiling DateFormDe",
    "link": "https://ir.ionis.com/financial-information/sec-filings?items_per_page=&order=field_nir_sec_date_filed&sort=asc",
    "timestamp": "unknown"
  },
  {
    "title": "GroupAll,,Annual FilingsCurrent ReportsMergers & AcquisitionsOtherProxy FilingsQuarterly FilingsRegistration StatementsFiling yearAllFiling DateFormDe",
    "link": "https://ir.ionis.com/financial-information/sec-filings?items_per_page=&order=field_nir_sec_date_filed&sort=asc",
    "timestamp": "unknown"
  },
  {
    "title": "GroupAll,,Annual FilingsCurrent ReportsMergers & AcquisitionsOtherProxy FilingsQuarterly FilingsRegistration StatementsFiling yearAllFiling DateFormDe",
    "link": "https://ir.ionis.com/financial-information/sec-filings?items_per_page=&order=field_nir_sec_date_filed&sort=asc",
    "timestamp": "unknown"
  },
  {
    "title": "GroupAll,,Annual FilingsCurrent ReportsMergers & AcquisitionsOtherProxy FilingsQuarterly FilingsRegistration StatementsFiling yearAllFiling DateFormDe",
    "link": "https://ir.ionis.com/financial-information/sec-filings?items_per_page=&order=field_nir_sec_date_filed&sort=asc",
    "timestamp": "unknown"
  },
  {
    "title": "GroupAll,,Annual FilingsCurrent ReportsMergers & AcquisitionsOtherProxy FilingsQuarterly FilingsRegistration StatementsFiling yearAllFiling DateFormDe",
    "link": "https://ir.ionis.com/financial-information/sec-filings?items_per_page=&order=field_nir_sec_date_filed&sort=asc",
    "timestamp": "unknown"
  },
  {
    "title": "GroupAll,,Annual FilingsCurrent ReportsMergers & AcquisitionsOtherProxy FilingsQuarterly FilingsRegistration StatementsFiling yearAllFiling DateFormDe",
    "link": "https://ir.ionis.com/financial-information/sec-filings?items_per_page=&order=field_nir_sec_date_filed&sort=asc",
    "timestamp": "unknown"
  },
  {
    "title": "GroupAll,,Annual FilingsCurrent ReportsMergers & AcquisitionsOtherProxy FilingsQuarterly FilingsRegistration StatementsFiling yearAllFiling DateFormDe",
    "link": "https://ir.ionis.com/financial-information/sec-filings?items_per_page=&order=field_nir_sec_date_filed&sort=asc",
    "timestamp": "unknown"
  },
  {
    "title": "GroupAll,,Annual FilingsCurrent ReportsMergers & AcquisitionsOtherProxy FilingsQuarterly FilingsRegistration StatementsFiling yearAllFiling DateFormDe",
    "link": "https://ir.ionis.com/financial-information/sec-filings?items_per_page=&order=field_nir_sec_date_filed&sort=asc",
    "timestamp": "unknown"
  },
  {
    "title": "GroupAll,,Annual FilingsCurrent ReportsMergers & AcquisitionsOtherProxy FilingsQuarterly FilingsRegistration StatementsFiling yearAllFiling DateFormDe",
    "link": "https://ir.ionis.com/financial-information/sec-filings?items_per_page=&order=field_nir_sec_date_filed&sort=asc",
    "timestamp": "unknown"
  },
  {
    "title": "Filing DateFormDescriptionFiling GroupViewNov ,SCHEDULE 13G/ASCHEDULE 13G/A - DescriptionOther--.rtf--.xls--.pdfNov ,-KReport of unscheduled material ",
    "link": "https://ir.ionis.com/financial-information/sec-filings?items_per_page=&order=field_nir_sec_date_filed&sort=asc",
    "timestamp": "unknown"
  },
  {
    "title": "Filing DateFormDescriptionFiling GroupView",
    "link": "https://ir.ionis.com/financial-information/sec-filings?items_per_page=&order=field_nir_sec_date_filed&sort=asc",
    "timestamp": "unknown"
  },
  {
    "title": "Nov ,SCHEDULE 13G/ASCHEDULE 13G/A - DescriptionOther--.rtf--.xls--.pdf",
    "link": "https://ir.ionis.com/sec-filings/sec-filing/schedule-13ga/--",
    "timestamp": "unknown"
  },
  {
    "title": "--.rtf--.xls--.pdf",
    "link": "https://ir.ionis.com/static-files/-021e-48cc-a6b7-9b6e952e2a22",
    "timestamp": "unknown"
  },
  {
    "title": "--.rtf",
    "link": "https://ir.ionis.com/static-files/-021e-48cc-a6b7-9b6e952e2a22",
    "timestamp": "unknown"
  },
  {
    "title": "--.xls",
    "link": "https://ir.ionis.com/static-files/-d9ba-40ec--024720f40876",
    "timestamp": "unknown"
  },
  {
    "title": "--.pdf",
    "link": "https://ir.ionis.com/static-files/196c27c1-bef0-422a-904f-5b43087c1d50",
    "timestamp": "unknown"
  },
  {
    "title": "Nov ,-KReport of unscheduled material events or corporate eventCurrent Reports--.rtf--.xls--.pdfEX-.SCH - XBRL TAXONOMY EXTENSION SCHEMA",
    "link": "https://ir.ionis.com/sec-filings/sec-filing/-k/--",
    "timestamp": "unknown"
  },
  {
    "title": "--.rtf--.xls--.pdfEX-.SCH - XBRL TAXONOMY EXTENSION SCHEMA",
    "link": "https://ir.ionis.com/static-files/a673a711-9c99-4aef-84c1-2145c0e0a57c",
    "timestamp": "unknown"
  },
  {
    "title": "--.rtf",
    "link": "https://ir.ionis.com/static-files/a673a711-9c99-4aef-84c1-2145c0e0a57c",
    "timestamp": "unknown"
  },
  {
    "title": "--.xls",
    "link": "https://ir.ionis.com/static-files/cc216e0e-c721-48d2-a9b9-bf7932f07311",
    "timestamp": "unknown"
  },
  {
    "title": "--.pdf",
    "link": "https://ir.ionis.com/static-files/fc3d7f9c-4e0b-40b9--ad5e83f49273",
    "timestamp": "unknown"
  },
  {
    "title": "Nov ,Statement of changes in beneficial ownership of securities,,--.rtf--.xls--.pdf",
    "link": "https://ir.ionis.com/sec-filings/sec-filing//--",
    "timestamp": "unknown"
  },
  {
    "title": "--.rtf--.xls--.pdf",
    "link": "https://ir.ionis.com/static-files/c483e6c7-1f57--bf8d-70f1a08ef078",
    "timestamp": "unknown"
  },
  {
    "title": "--.rtf",
    "link": "https://ir.ionis.com/static-files/c483e6c7-1f57--bf8d-70f1a08ef078",
    "timestamp": "unknown"
  },
  {
    "title": "--.xls",
    "link": "https://ir.ionis.com/static-files/3c1bd9a8-c876-4bb4-85d7-7018d77ac9a2",
    "timestamp": "unknown"
  },
  {
    "title": "--.pdf",
    "link": "https://ir.ionis.com/static-files/01ac6892-001a-4fad-a7e5-7a0a92cfdbfe",
    "timestamp": "unknown"
  },
  {
    "title": "Nov ,Statement of changes in beneficial ownership of securities,,--.rtf--.xls--.pdf",
    "link": "https://ir.ionis.com/sec-filings/sec-filing//--",
    "timestamp": "unknown"
  },
  {
    "title": "--.rtf--.xls--.pdf",
    "link": "https://ir.ionis.com/static-files/0210e7e4-ec30-427f-a32a-bfee664ca15e",
    "timestamp": "unknown"
  },
  {
    "title": "--.rtf",
    "link": "https://ir.ionis.com/static-files/0210e7e4-ec30-427f-a32a-bfee664ca15e",
    "timestamp": "unknown"
  },
  {
    "title": "--.xls",
    "link": "https://ir.ionis.com/static-files/30fd9461-654f-4f15--7db371024597",
    "timestamp": "unknown"
  },
  {
    "title": "--.pdf",
    "link": "https://ir.ionis.com/static-files/b9b64795-3e3e-466b-a135-1897e59df6ce",
    "timestamp": "unknown"
  },
  {
    "title": "Nov ,/AAmendment to a previously filed,,--.rtf--.xls--.pdf",
    "link": "https://ir.ionis.com/sec-filings/sec-filing/4a/--",
    "timestamp": "unknown"
  },
  {
    "title": "--.rtf--.xls--.pdf",
    "link": "https://ir.ionis.com/static-files/a6379896-fe10--a904-2767b839e85f",
    "timestamp": "unknown"
  },
  {
    "title": "--.rtf",
    "link": "https://ir.ionis.com/static-files/a6379896-fe10--a904-2767b839e85f",
    "timestamp": "unknown"
  },
  {
    "title": "--.xls",
    "link": "https://ir.ionis.com/static-files/3d49f3ed-b6fe---ecfff7c079ef",
    "timestamp": "unknown"
  },
  {
    "title": "--.pdf",
    "link": "https://ir.ionis.com/static-files/607e7ea4--4ffd-93fa-b2c5f7288bf6",
    "timestamp": "unknown"
  },
  {
    "title": "Nov ,-K/AAmendment to a previously filed -KCurrent Reports--.rtf--.xls--.pdfEX-.SCH - XBRL TAXONOMY EXTENSION SCHEMA",
    "link": "https://ir.ionis.com/sec-filings/sec-filing/-ka/--",
    "timestamp": "unknown"
  },
  {
    "title": "--.rtf--.xls--.pdfEX-.SCH - XBRL TAXONOMY EXTENSION SCHEMA",
    "link": "https://ir.ionis.com/static-files/e3b46108--4d58-aac7-c0e1dccd577c",
    "timestamp": "unknown"
  },
  {
    "title": "--.rtf",
    "link": "https://ir.ionis.com/static-files/e3b46108--4d58-aac7-c0e1dccd577c",
    "timestamp": "unknown"
  },
  {
    "title": "--.xls",
    "link": "https://ir.ionis.com/static-files/722308bd-fa29--bea4-0dcfec03c144",
    "timestamp": "unknown"
  },
  {
    "title": "--.pdf",
    "link": "https://ir.ionis.com/static-files/c92bb4db-9dfd-4dd6-a721-409ecfdf695a",
    "timestamp": "unknown"
  },
  {
    "title": "Nov ,Statement of changes in beneficial ownership of securities,,--.rtf--.xls--.pdf",
    "link": "https://ir.ionis.com/sec-filings/sec-filing//--",
    "timestamp": "unknown"
  },
  {
    "title": "--.rtf--.xls--.pdf",
    "link": "https://ir.ionis.com/static-files/6c298d02-b253--a7ee-2b1600bbc886",
    "timestamp": "unknown"
  },
  {
    "title": "--.rtf",
    "link": "https://ir.ionis.com/static-files/6c298d02-b253--a7ee-2b1600bbc886",
    "timestamp": "unknown"
  },
  {
    "title": "--.xls",
    "link": "https://ir.ionis.com/static-files/59c12d3c-7c37--bbe7-d0ea756e2e43",
    "timestamp": "unknown"
  },
  {
    "title": "--.pdf",
    "link": "https://ir.ionis.com/static-files/ed7c8c42-58f3-4b40-9f7e-ac4704c93d92",
    "timestamp": "unknown"
  },
  {
    "title": "Nov ,Statement of changes in beneficial ownership of securities,,--.rtf--.xls--.pdf",
    "link": "https://ir.ionis.com/sec-filings/sec-filing//--",
    "timestamp": "unknown"
  },
  {
    "title": "--.rtf--.xls--.pdf",
    "link": "https://ir.ionis.com/static-files/dc0f6c2e--461e-beba-05a60ce044ac",
    "timestamp": "unknown"
  },
  {
    "title": "--.rtf",
    "link": "https://ir.ionis.com/static-files/dc0f6c2e--461e-beba-05a60ce044ac",
    "timestamp": "unknown"
  },
  {
    "title": "--.xls",
    "link": "https://ir.ionis.com/static-files/9b7d298b-a741-4ff8-9d9e-c889988712ba",
    "timestamp": "unknown"
  },
  {
    "title": "--.pdf",
    "link": "https://ir.ionis.com/static-files/6dc599fa-5e90-40c8-bd34-d9598c8f65fc",
    "timestamp": "unknown"
  },
  {
    "title": "Nov ,Statement of changes in beneficial ownership of securities,,--.rtf--.xls--.pdf",
    "link": "https://ir.ionis.com/sec-filings/sec-filing//--",
    "timestamp": "unknown"
  },
  {
    "title": "--.rtf--.xls--.pdf",
    "link": "https://ir.ionis.com/static-files/8e1bee1f-48d0-42c0-b0f8-2115728845de",
    "timestamp": "unknown"
  },
  {
    "title": "--.rtf",
    "link": "https://ir.ionis.com/static-files/8e1bee1f-48d0-42c0-b0f8-2115728845de",
    "timestamp": "unknown"
  },
  {
    "title": "--.xls",
    "link": "https://ir.ionis.com/static-files/cba9a8f6--4a7a-b7e2-c2f894221738",
    "timestamp": "unknown"
  },
  {
    "title": "--.pdf",
    "link": "https://ir.ionis.com/static-files/537fa120-2c5c-44de-b124-1d9e4e4a2d27",
    "timestamp": "unknown"
  },
  {
    "title": "Oct ,Filed by \"insiders\" prior intended sale of restricted stock.Other--.rtf--.xls--.pdf",
    "link": "https://ir.ionis.com/sec-filings/sec-filing//--",
    "timestamp": "unknown"
  },
  {
    "title": "--.rtf--.xls--.pdf",
    "link": "https://ir.ionis.com/static-files/d2e0e2c0-1dd7-4d14-b8c0-a9c0c02f1c40",
    "timestamp": "unknown"
  },
  {
    "title": "--.rtf",
    "link": "https://ir.ionis.com/static-files/d2e0e2c0-1dd7-4d14-b8c0-a9c0c02f1c40",
    "timestamp": "unknown"
  },
  {
    "title": "--.xls",
    "link": "https://ir.ionis.com/static-files/d344ced3--42d5--279f97d4eca7",
    "timestamp": "unknown"
  },
  {
    "title": "--.pdf",
    "link": "https://ir.ionis.com/static-files/8ff93e6c-e203-41bb-bc6d-56449bfb1124",
    "timestamp": "unknown"
  },
  {
    "title": "Current pagePagePage\u2026Next page\u203aLast page\u00bbDisplaying  -  of  results",
    "link": "https://ir.ionis.com/financial-information/sec-filings?&field_nir_sec_cik_target_id=&field_nir_sec_date_filed_value=&&&items_per_page_toggle=&page=",
    "timestamp": "unknown"
  },
  {
    "title": "Current pagePagePage\u2026Next page\u203aLast page\u00bb",
    "link": "https://ir.ionis.com/financial-information/sec-filings?&field_nir_sec_cik_target_id=&field_nir_sec_date_filed_value=&&&items_per_page_toggle=&page=",
    "timestamp": "unknown"
  },
  {
    "title": "Current page",
    "link": "https://ir.ionis.com/financial-information/sec-filings?&field_nir_sec_cik_target_id=&field_nir_sec_date_filed_value=&&&items_per_page_toggle=&page=",
    "timestamp": "unknown"
  },
  {
    "title": "Page",
    "link": "https://ir.ionis.com/financial-information/sec-filings?&field_nir_sec_cik_target_id=&field_nir_sec_date_filed_value=&&&items_per_page_toggle=&page=",
    "timestamp": "unknown"
  },
  {
    "title": "Page",
    "link": "https://ir.ionis.com/financial-information/sec-filings?&field_nir_sec_cik_target_id=&field_nir_sec_date_filed_value=&&&items_per_page_toggle=&page=",
    "timestamp": "unknown"
  },
  {
    "title": "Next page\u203a",
    "link": "https://ir.ionis.com/financial-information/sec-filings?&field_nir_sec_cik_target_id=&field_nir_sec_date_filed_value=&&&items_per_page_toggle=&page=",
    "timestamp": "unknown"
  },
  {
    "title": "Last page\u00bb",
    "link": "https://ir.ionis.com/financial-information/sec-filings?&field_nir_sec_cik_target_id=&field_nir_sec_date_filed_value=&&&items_per_page_toggle=&page=",
    "timestamp": "unknown"
  },
  {
    "title": "Data provided byKaleidoscope.",
    "link": "https://www.kscope.io",
    "timestamp": "unknown"
  },
  {
    "title": "Data provided byKaleidoscope.",
    "link": "https://www.kscope.io",
    "timestamp": "unknown"
  },
  {
    "title": "Legal and Compliance:Legal NoticeCode of Ethics and Business ConductPrivacy PolicyConsumer Health Data Privacy PolicyYour Privacy ChoicesAkcea Therape",
    "link": "https://www.ionis.com/legal-notice",
    "timestamp": "unknown"
  },
  {
    "title": "Legal Notice",
    "link": "https://www.ionis.com/legal-notice",
    "timestamp": "unknown"
  },
  {
    "title": "Code of Ethics and Business Conduct",
    "link": "https://ir.ionis.com/static-files/3f5d8e58-e36b-4b71-9d9b-9397317c85b5",
    "timestamp": "unknown"
  },
  {
    "title": "Privacy Policy",
    "link": "https://www.ionis.com/privacy-policy",
    "timestamp": "unknown"
  },
  {
    "title": "Consumer Health Data Privacy Policy",
    "link": "https://ionis.com/consumer-health-data-privacy-policy",
    "timestamp": "unknown"
  },
  {
    "title": "Your Privacy Choices",
    "link": "https://privacyportal.onetrust.com/ui/#/preferences/multipage/login/f37aaeb0-529a-4c60-9cd2-fd3a2479a03c",
    "timestamp": "unknown"
  },
  {
    "title": "Akcea Therapeutics",
    "link": "https://www.ionis.com/about-us/the-ionis-story#akcea",
    "timestamp": "unknown"
  },
  {
    "title": "Information For:Medical ProfessionalsInvestors & MediaJob SeekersSuppliers",
    "link": "https://www.ionis.com/medical-professionals",
    "timestamp": "unknown"
  },
  {
    "title": "Medical Professionals",
    "link": "https://www.ionis.com/medical-professionals",
    "timestamp": "unknown"
  },
  {
    "title": "Investors & Media",
    "link": "https://ir.ionis.com/",
    "timestamp": "unknown"
  },
  {
    "title": "Job Seekers",
    "link": "https://www.ionis.com/careers",
    "timestamp": "unknown"
  },
  {
    "title": "Suppliers",
    "link": "https://www.ionis.com/suppliers",
    "timestamp": "unknown"
  },
  {
    "title": "Explore:Our StoryOur ScienceOur PipelineOur CultureOur News",
    "link": "https://www.ionis.com/about-us/the-ionis-story",
    "timestamp": "unknown"
  },
  {
    "title": "Our Story",
    "link": "https://www.ionis.com/about-us/the-ionis-story",
    "timestamp": "unknown"
  },
  {
    "title": "Our Science",
    "link": "https://www.ionis.com/science-and-innovation",
    "timestamp": "unknown"
  },
  {
    "title": "Our Pipeline",
    "link": "https://www.ionis.com/science-and-innovation/pipeline",
    "timestamp": "unknown"
  },
  {
    "title": "Our Culture",
    "link": "https://www.ionis.com/careers",
    "timestamp": "unknown"
  },
  {
    "title": "Our News",
    "link": "https://ir.ionis.com/investor-news/press-releases",
    "timestamp": "unknown"
  },
  {
    "title": "Stay Connected:Contact UsLinkedInXInstagramFacebookCommunity Guidelines",
    "link": "https://www.ionis.com/contact-us",
    "timestamp": "unknown"
  },
  {
    "title": "Contact Us",
    "link": "https://www.ionis.com/contact-us",
    "timestamp": "unknown"
  },
  {
    "title": "LinkedIn",
    "link": "https://www.linkedin.com/company/ionis-pharmaceuticals",
    "timestamp": "unknown"
  },
  {
    "title": "X",
    "link": "https://x.com/ionispharma",
    "timestamp": "unknown"
  },
  {
    "title": "Instagram",
    "link": "https://www.instagram.com/ionis_pharma",
    "timestamp": "unknown"
  },
  {
    "title": "Facebook",
    "link": "https://www.facebook.com/ionispharma",
    "timestamp": "unknown"
  },
  {
    "title": "Community Guidelines",
    "link": "https://www.ionis.com/community-guidelines",
    "timestamp": "unknown"
  }
]