[
  {
    "title": "Investors & MediaNewsroomEventsStock InformationFinancialsGovernanceInvestor ResourcesMedical ProfessionalsCareersApply to IonisIntern ProgramPostdoct",
    "link": "https://ir.ionis.com/",
    "timestamp": "unknown"
  },
  {
    "title": "Investors & MediaNewsroomEventsStock InformationFinancialsGovernanceInvestor ResourcesMedical ProfessionalsCareersApply to IonisIntern ProgramPostdoct",
    "link": "https://ir.ionis.com/",
    "timestamp": "unknown"
  },
  {
    "title": "Investors & MediaNewsroomEventsStock InformationFinancialsGovernanceInvestor ResourcesMedical ProfessionalsCareersApply to IonisIntern ProgramPostdoct",
    "link": "https://ir.ionis.com/",
    "timestamp": "unknown"
  },
  {
    "title": "Investors & MediaNewsroomEventsStock InformationFinancialsGovernanceInvestor Resources",
    "link": "https://ir.ionis.com/",
    "timestamp": "unknown"
  },
  {
    "title": "Newsroom",
    "link": "https://ir.ionis.com/newsroom/press-releases",
    "timestamp": "unknown"
  },
  {
    "title": "Events",
    "link": "https://ir.ionis.com/events",
    "timestamp": "unknown"
  },
  {
    "title": "Stock Information",
    "link": "https://ir.ionis.com/stock-information/stock-quote-and-chart",
    "timestamp": "unknown"
  },
  {
    "title": "Financials",
    "link": "https://ir.ionis.com/financial-information/sec-filings",
    "timestamp": "unknown"
  },
  {
    "title": "Governance",
    "link": "https://ir.ionis.com/corporate-governance/highlights",
    "timestamp": "unknown"
  },
  {
    "title": "Investor Resources",
    "link": "https://ir.ionis.com/investor-resources/investor-faqs",
    "timestamp": "unknown"
  },
  {
    "title": "Medical Professionals",
    "link": "https://www.ionis.com/medical-professionals",
    "timestamp": "unknown"
  },
  {
    "title": "CareersApply to IonisIntern ProgramPostdoctoral Program",
    "link": "https://www.ionis.com/careers",
    "timestamp": "unknown"
  },
  {
    "title": "Apply to Ionis",
    "link": "https://www.ionis.com/careers/apply-to-ionis",
    "timestamp": "unknown"
  },
  {
    "title": "Intern Program",
    "link": "https://www.ionis.com/careers/intern-program",
    "timestamp": "unknown"
  },
  {
    "title": "Postdoctoral Program",
    "link": "https://www.ionis.com/careers/postdoctoral-program",
    "timestamp": "unknown"
  },
  {
    "title": "Contact Us",
    "link": "https://www.ionis.com/contact-us",
    "timestamp": "unknown"
  },
  {
    "title": "Main navigationAbout UsOur LeadershipOur CultureCorporate ResponsibilityGrants & SponsorshipsAreas of FocusScience & InnovationPipelineClinical Trials",
    "link": "https://www.ionis.com/",
    "timestamp": "unknown"
  },
  {
    "title": "Main navigationAbout UsOur LeadershipOur CultureCorporate ResponsibilityGrants & SponsorshipsAreas of FocusScience & InnovationPipelineClinical Trials",
    "link": "https://www.ionis.com/",
    "timestamp": "unknown"
  },
  {
    "title": "About UsOur LeadershipOur CultureCorporate ResponsibilityGrants & Sponsorships",
    "link": "https://www.ionis.com/about-us/the-ionis-story",
    "timestamp": "unknown"
  },
  {
    "title": "Our Leadership",
    "link": "https://www.ionis.com/about-us/our-leadership",
    "timestamp": "unknown"
  },
  {
    "title": "Our Culture",
    "link": "https://ionis.com/about-us/our-culture",
    "timestamp": "unknown"
  },
  {
    "title": "Corporate Responsibility",
    "link": "https://www.ionis.com/about-us/corporate-responsibility",
    "timestamp": "unknown"
  },
  {
    "title": "Grants & Sponsorships",
    "link": "https://www.ionis.com/about-us/grants-and-sponsorships",
    "timestamp": "unknown"
  },
  {
    "title": "Areas of Focus",
    "link": "https://www.ionis.com/areas-of-focus",
    "timestamp": "unknown"
  },
  {
    "title": "Science & InnovationPipelineClinical TrialsIon-ARPA Initiative",
    "link": "https://www.ionis.com/science-and-innovation",
    "timestamp": "unknown"
  },
  {
    "title": "Pipeline",
    "link": "https://www.ionis.com/science-and-innovation/pipeline",
    "timestamp": "unknown"
  },
  {
    "title": "Clinical Trials",
    "link": "https://ionistrials.com/",
    "timestamp": "unknown"
  },
  {
    "title": "Ion-ARPA Initiative",
    "link": "https://www.ionis.com/science-and-innovation/ion-arpa-initiative",
    "timestamp": "unknown"
  },
  {
    "title": "Medicines",
    "link": "https://www.ionis.com/medicines",
    "timestamp": "unknown"
  },
  {
    "title": "Patients & AdvocacyPatient StoriesPatient ResourcesExpanded Access Policy",
    "link": "https://www.ionis.com/patients-and-advocacy",
    "timestamp": "unknown"
  },
  {
    "title": "Patient Stories",
    "link": "https://www.ionis.com/patients-and-advocacy/patient-stories",
    "timestamp": "unknown"
  },
  {
    "title": "Patient Resources",
    "link": "https://www.ionis.com/patients-and-advocacy/patient-resources",
    "timestamp": "unknown"
  },
  {
    "title": "Expanded Access Policy",
    "link": "https://www.ionis.com/patients-and-advocacy/expanded-access-policy",
    "timestamp": "unknown"
  },
  {
    "title": "Media CenterInvestor RelationsOverviewNewsroomPress ReleasesCompany StatementsInBriefsMedia CenterEventsStock InformationStock Quote & ChartAnalyst Co",
    "link": "https://ir.ionis.com/",
    "timestamp": "unknown"
  },
  {
    "title": "Media CenterInvestor RelationsOverviewNewsroomPress ReleasesCompany StatementsInBriefsMedia CenterEventsStock InformationStock Quote & ChartAnalyst Co",
    "link": "https://ir.ionis.com/",
    "timestamp": "unknown"
  },
  {
    "title": "Media CenterInvestor RelationsOverviewNewsroomPress ReleasesCompany StatementsInBriefsMedia CenterEventsStock InformationStock Quote & ChartAnalyst Co",
    "link": "https://ir.ionis.com/",
    "timestamp": "unknown"
  },
  {
    "title": "Media CenterInvestor RelationsOverviewNewsroomPress ReleasesCompany StatementsInBriefsMedia CenterEventsStock InformationStock Quote & ChartAnalyst Co",
    "link": "https://ir.ionis.com/",
    "timestamp": "unknown"
  },
  {
    "title": "Media CenterInvestor RelationsOverviewNewsroomPress ReleasesCompany StatementsInBriefsMedia CenterEventsStock InformationStock Quote & ChartAnalyst Co",
    "link": "https://ir.ionis.com/",
    "timestamp": "unknown"
  },
  {
    "title": "Media CenterInvestor RelationsOverviewNewsroomPress ReleasesCompany StatementsInBriefsMedia CenterEventsStock InformationStock Quote & ChartAnalyst Co",
    "link": "https://ir.ionis.com/",
    "timestamp": "unknown"
  },
  {
    "title": "Media CenterInvestor RelationsOverviewNewsroomPress ReleasesCompany StatementsInBriefsMedia CenterEventsStock InformationStock Quote & ChartAnalyst Co",
    "link": "https://ir.ionis.com/",
    "timestamp": "unknown"
  },
  {
    "title": "Media CenterInvestor RelationsOverviewNewsroomPress ReleasesCompany StatementsInBriefsMedia CenterEventsStock InformationStock Quote & ChartAnalyst Co",
    "link": "https://ir.ionis.com/",
    "timestamp": "unknown"
  },
  {
    "title": "Media CenterInvestor RelationsOverviewNewsroomPress ReleasesCompany StatementsInBriefsMedia CenterEventsStock InformationStock Quote & ChartAnalyst Co",
    "link": "https://ir.ionis.com/",
    "timestamp": "unknown"
  },
  {
    "title": "Media CenterInvestor RelationsOverviewNewsroomPress ReleasesCompany StatementsInBriefsMedia CenterEventsStock InformationStock Quote & ChartAnalyst Co",
    "link": "https://ir.ionis.com/",
    "timestamp": "unknown"
  },
  {
    "title": "Media CenterInvestor RelationsOverviewNewsroomPress ReleasesCompany StatementsInBriefsMedia CenterEventsStock InformationStock Quote & ChartAnalyst Co",
    "link": "https://ir.ionis.com/",
    "timestamp": "unknown"
  },
  {
    "title": "Media CenterInvestor RelationsOverviewNewsroomPress ReleasesCompany StatementsInBriefsMedia CenterEventsStock InformationStock Quote & ChartAnalyst Co",
    "link": "https://ir.ionis.com/",
    "timestamp": "unknown"
  },
  {
    "title": "Media CenterInvestor RelationsOverviewNewsroomPress ReleasesCompany StatementsInBriefsMedia CenterEventsStock InformationStock Quote & ChartAnalyst Co",
    "link": "https://ir.ionis.com/",
    "timestamp": "unknown"
  },
  {
    "title": "Investor RelationsOverviewNewsroomPress ReleasesCompany StatementsInBriefsMedia CenterEventsStock InformationStock Quote & ChartAnalyst CoverageOwners",
    "link": "https://ir.ionis.com/",
    "timestamp": "unknown"
  },
  {
    "title": "Investor RelationsOverviewNewsroomPress ReleasesCompany StatementsInBriefsMedia CenterEventsStock InformationStock Quote & ChartAnalyst CoverageOwners",
    "link": "https://ir.ionis.com/",
    "timestamp": "unknown"
  },
  {
    "title": "Overview",
    "link": "https://ir.ionis.com/",
    "timestamp": "unknown"
  },
  {
    "title": "NewsroomPress ReleasesCompany StatementsInBriefsMedia Center",
    "link": "https://ir.ionis.com/news-releases",
    "timestamp": "unknown"
  },
  {
    "title": "Press Releases",
    "link": "https://ir.ionis.com/newsroom/press-releases",
    "timestamp": "unknown"
  },
  {
    "title": "Company Statements",
    "link": "https://ir.ionis.com/newsroom/company-statements",
    "timestamp": "unknown"
  },
  {
    "title": "InBriefs",
    "link": "https://ir.ionis.com/newsroom/inbriefs",
    "timestamp": "unknown"
  },
  {
    "title": "Media Center",
    "link": "https://www.ionis.com/media-center/",
    "timestamp": "unknown"
  },
  {
    "title": "Events",
    "link": "https://ir.ionis.com/events",
    "timestamp": "unknown"
  },
  {
    "title": "Stock InformationStock Quote & ChartAnalyst CoverageOwnership Profile",
    "link": "https://ir.ionis.com/stock-information/stock-quote-and-chart",
    "timestamp": "unknown"
  },
  {
    "title": "Stock Quote & Chart",
    "link": "https://ir.ionis.com/stock-information/stock-quote-and-chart",
    "timestamp": "unknown"
  },
  {
    "title": "Analyst Coverage",
    "link": "https://ir.ionis.com/stock-information/analyst-coverage",
    "timestamp": "unknown"
  },
  {
    "title": "Ownership Profile",
    "link": "https://ir.ionis.com/stock-information/ownership-profile",
    "timestamp": "unknown"
  },
  {
    "title": "FinancialsSEC FilingsAnnual Reports",
    "link": "https://ir.ionis.com/financial-information/annual-reports",
    "timestamp": "unknown"
  },
  {
    "title": "SEC Filings",
    "link": "https://ir.ionis.com/financial-information/sec-filings",
    "timestamp": "unknown"
  },
  {
    "title": "Annual Reports",
    "link": "https://ir.ionis.com/financial-information/annual-reports",
    "timestamp": "unknown"
  },
  {
    "title": "GovernanceGovernance DocumentsCommittee Composition",
    "link": "https://ir.ionis.com/corporate-governance/highlights",
    "timestamp": "unknown"
  },
  {
    "title": "Governance Documents",
    "link": "https://ir.ionis.com/corporate-governance/highlights",
    "timestamp": "unknown"
  },
  {
    "title": "Committee Composition",
    "link": "https://ir.ionis.com/corporate-governance/committee-composition",
    "timestamp": "unknown"
  },
  {
    "title": "Investor ResourcesInvestor FAQsSettlement InformationContact Us",
    "link": "https://ir.ionis.com/investor-resources/investor-faqs",
    "timestamp": "unknown"
  },
  {
    "title": "Investor FAQs",
    "link": "https://ir.ionis.com/investor-resources/investor-faqs",
    "timestamp": "unknown"
  },
  {
    "title": "Settlement Information",
    "link": "https://ir.ionis.com/investor-resources/settlement-information",
    "timestamp": "unknown"
  },
  {
    "title": "Contact Us",
    "link": "https://www.ionis.com/contact-us",
    "timestamp": "unknown"
  },
  {
    "title": "Investor Email Alerts",
    "link": "https://ir.ionis.com/email-alerts",
    "timestamp": "unknown"
  },
  {
    "title": "Investor contact--Email",
    "link": "tel:--",
    "timestamp": "unknown"
  },
  {
    "title": "Investor contact--Email",
    "link": "tel:--",
    "timestamp": "unknown"
  },
  {
    "title": "Investor contact--Email",
    "link": "tel:--",
    "timestamp": "unknown"
  },
  {
    "title": "Investor contact--Email",
    "link": "tel:--",
    "timestamp": "unknown"
  },
  {
    "title": "--",
    "link": "tel:--",
    "timestamp": "unknown"
  },
  {
    "title": "Email",
    "link": "mailto:ir@ionis.com",
    "timestamp": "unknown"
  },
  {
    "title": "Media contact--Email",
    "link": "tel:--",
    "timestamp": "unknown"
  },
  {
    "title": "Media contact--Email",
    "link": "tel:--",
    "timestamp": "unknown"
  },
  {
    "title": "Media contact--Email",
    "link": "tel:--",
    "timestamp": "unknown"
  },
  {
    "title": "Media contact--Email",
    "link": "tel:--",
    "timestamp": "unknown"
  },
  {
    "title": "--",
    "link": "tel:--",
    "timestamp": "unknown"
  },
  {
    "title": "Email",
    "link": "mailto:media@ionis.com",
    "timestamp": "unknown"
  },
  {
    "title": "SEC FilingsGroupAll,,Annual FilingsCurrent ReportsMergers & AcquisitionsOtherProxy FilingsQuarterly FilingsRegistration StatementsFiling yearAllFiling",
    "link": "https://ir.ionis.com/financial-information/sec-filings?items_per_page=&order=field_nir_sec_date_filed&sort=asc",
    "timestamp": "unknown"
  },
  {
    "title": "SEC FilingsGroupAll,,Annual FilingsCurrent ReportsMergers & AcquisitionsOtherProxy FilingsQuarterly FilingsRegistration StatementsFiling yearAllFiling",
    "link": "https://ir.ionis.com/financial-information/sec-filings?items_per_page=&order=field_nir_sec_date_filed&sort=asc",
    "timestamp": "unknown"
  },
  {
    "title": "SEC FilingsGroupAll,,Annual FilingsCurrent ReportsMergers & AcquisitionsOtherProxy FilingsQuarterly FilingsRegistration StatementsFiling yearAllFiling",
    "link": "https://ir.ionis.com/financial-information/sec-filings?items_per_page=&order=field_nir_sec_date_filed&sort=asc",
    "timestamp": "unknown"
  },
  {
    "title": "SEC FilingsGroupAll,,Annual FilingsCurrent ReportsMergers & AcquisitionsOtherProxy FilingsQuarterly FilingsRegistration StatementsFiling yearAllFiling",
    "link": "https://ir.ionis.com/financial-information/sec-filings?items_per_page=&order=field_nir_sec_date_filed&sort=asc",
    "timestamp": "unknown"
  },
  {
    "title": "GroupAll,,Annual FilingsCurrent ReportsMergers & AcquisitionsOtherProxy FilingsQuarterly FilingsRegistration StatementsFiling yearAllFiling DateFormDe",
    "link": "https://ir.ionis.com/financial-information/sec-filings?items_per_page=&order=field_nir_sec_date_filed&sort=asc",
    "timestamp": "unknown"
  },
  {
    "title": "GroupAll,,Annual FilingsCurrent ReportsMergers & AcquisitionsOtherProxy FilingsQuarterly FilingsRegistration StatementsFiling yearAllFiling DateFormDe",
    "link": "https://ir.ionis.com/financial-information/sec-filings?items_per_page=&order=field_nir_sec_date_filed&sort=asc",
    "timestamp": "unknown"
  },
  {
    "title": "GroupAll,,Annual FilingsCurrent ReportsMergers & AcquisitionsOtherProxy FilingsQuarterly FilingsRegistration StatementsFiling yearAllFiling DateFormDe",
    "link": "https://ir.ionis.com/financial-information/sec-filings?items_per_page=&order=field_nir_sec_date_filed&sort=asc",
    "timestamp": "unknown"
  },
  {
    "title": "GroupAll,,Annual FilingsCurrent ReportsMergers & AcquisitionsOtherProxy FilingsQuarterly FilingsRegistration StatementsFiling yearAllFiling DateFormDe",
    "link": "https://ir.ionis.com/financial-information/sec-filings?items_per_page=&order=field_nir_sec_date_filed&sort=asc",
    "timestamp": "unknown"
  },
  {
    "title": "GroupAll,,Annual FilingsCurrent ReportsMergers & AcquisitionsOtherProxy FilingsQuarterly FilingsRegistration StatementsFiling yearAllFiling DateFormDe",
    "link": "https://ir.ionis.com/financial-information/sec-filings?items_per_page=&order=field_nir_sec_date_filed&sort=asc",
    "timestamp": "unknown"
  },
  {
    "title": "GroupAll,,Annual FilingsCurrent ReportsMergers & AcquisitionsOtherProxy FilingsQuarterly FilingsRegistration StatementsFiling yearAllFiling DateFormDe",
    "link": "https://ir.ionis.com/financial-information/sec-filings?items_per_page=&order=field_nir_sec_date_filed&sort=asc",
    "timestamp": "unknown"
  },
  {
    "title": "GroupAll,,Annual FilingsCurrent ReportsMergers & AcquisitionsOtherProxy FilingsQuarterly FilingsRegistration StatementsFiling yearAllFiling DateFormDe",
    "link": "https://ir.ionis.com/financial-information/sec-filings?items_per_page=&order=field_nir_sec_date_filed&sort=asc",
    "timestamp": "unknown"
  },
  {
    "title": "GroupAll,,Annual FilingsCurrent ReportsMergers & AcquisitionsOtherProxy FilingsQuarterly FilingsRegistration StatementsFiling yearAllFiling DateFormDe",
    "link": "https://ir.ionis.com/financial-information/sec-filings?items_per_page=&order=field_nir_sec_date_filed&sort=asc",
    "timestamp": "unknown"
  },
  {
    "title": "GroupAll,,Annual FilingsCurrent ReportsMergers & AcquisitionsOtherProxy FilingsQuarterly FilingsRegistration StatementsFiling yearAllFiling DateFormDe",
    "link": "https://ir.ionis.com/financial-information/sec-filings?items_per_page=&order=field_nir_sec_date_filed&sort=asc",
    "timestamp": "unknown"
  },
  {
    "title": "GroupAll,,Annual FilingsCurrent ReportsMergers & AcquisitionsOtherProxy FilingsQuarterly FilingsRegistration StatementsFiling yearAllFiling DateFormDe",
    "link": "https://ir.ionis.com/financial-information/sec-filings?items_per_page=&order=field_nir_sec_date_filed&sort=asc",
    "timestamp": "unknown"
  },
  {
    "title": "GroupAll,,Annual FilingsCurrent ReportsMergers & AcquisitionsOtherProxy FilingsQuarterly FilingsRegistration StatementsFiling yearAllFiling DateFormDe",
    "link": "https://ir.ionis.com/financial-information/sec-filings?items_per_page=&order=field_nir_sec_date_filed&sort=asc",
    "timestamp": "unknown"
  },
  {
    "title": "GroupAll,,Annual FilingsCurrent ReportsMergers & AcquisitionsOtherProxy FilingsQuarterly FilingsRegistration StatementsFiling yearAllFiling DateFormDe",
    "link": "https://ir.ionis.com/financial-information/sec-filings?items_per_page=&order=field_nir_sec_date_filed&sort=asc",
    "timestamp": "unknown"
  },
  {
    "title": "GroupAll,,Annual FilingsCurrent ReportsMergers & AcquisitionsOtherProxy FilingsQuarterly FilingsRegistration StatementsFiling yearAllFiling DateFormDe",
    "link": "https://ir.ionis.com/financial-information/sec-filings?items_per_page=&order=field_nir_sec_date_filed&sort=asc",
    "timestamp": "unknown"
  },
  {
    "title": "GroupAll,,Annual FilingsCurrent ReportsMergers & AcquisitionsOtherProxy FilingsQuarterly FilingsRegistration StatementsFiling yearAllFiling DateFormDe",
    "link": "https://ir.ionis.com/financial-information/sec-filings?items_per_page=&order=field_nir_sec_date_filed&sort=asc",
    "timestamp": "unknown"
  },
  {
    "title": "GroupAll,,Annual FilingsCurrent ReportsMergers & AcquisitionsOtherProxy FilingsQuarterly FilingsRegistration StatementsFiling yearAllFiling DateFormDe",
    "link": "https://ir.ionis.com/financial-information/sec-filings?items_per_page=&order=field_nir_sec_date_filed&sort=asc",
    "timestamp": "unknown"
  },
  {
    "title": "Filing DateFormDescriptionFiling GroupViewSep ,Filed by \"insiders\" prior intended sale of restricted stock. Non-EDGAR filingOther--.rtf--.pdfSep ,File",
    "link": "https://ir.ionis.com/financial-information/sec-filings?items_per_page=&order=field_nir_sec_date_filed&sort=asc",
    "timestamp": "unknown"
  },
  {
    "title": "Filing DateFormDescriptionFiling GroupView",
    "link": "https://ir.ionis.com/financial-information/sec-filings?items_per_page=&order=field_nir_sec_date_filed&sort=asc",
    "timestamp": "unknown"
  },
  {
    "title": "Sep ,Filed by \"insiders\" prior intended sale of restricted stock. Non-EDGAR filingOther--.rtf--.pdf",
    "link": "https://ir.ionis.com/sec-filings/sec-filing//--",
    "timestamp": "unknown"
  },
  {
    "title": "--.rtf--.pdf",
    "link": "https://ir.ionis.com/static-files/d10a07ba---b5ef-e9b298ab1c85",
    "timestamp": "unknown"
  },
  {
    "title": "--.rtf",
    "link": "https://ir.ionis.com/static-files/d10a07ba---b5ef-e9b298ab1c85",
    "timestamp": "unknown"
  },
  {
    "title": "--.pdf",
    "link": "https://ir.ionis.com/static-files/d61d7ff4-1bf7-4b63-baa9-9a2f8a9bf663",
    "timestamp": "unknown"
  },
  {
    "title": "Sep ,Filed by \"insiders\" prior intended sale of restricted stock. Non-EDGAR filingOther--.rtf--.xls--.pdf",
    "link": "https://ir.ionis.com/sec-filings/sec-filing//--",
    "timestamp": "unknown"
  },
  {
    "title": "--.rtf--.xls--.pdf",
    "link": "https://ir.ionis.com/static-files/0d8fec23-02e9-41f3-9d0c-a9dcf34e6442",
    "timestamp": "unknown"
  },
  {
    "title": "--.rtf",
    "link": "https://ir.ionis.com/static-files/0d8fec23-02e9-41f3-9d0c-a9dcf34e6442",
    "timestamp": "unknown"
  },
  {
    "title": "--.xls",
    "link": "https://ir.ionis.com/static-files/6abc04e3-fed5--8e72-236cf6d4a596",
    "timestamp": "unknown"
  },
  {
    "title": "--.pdf",
    "link": "https://ir.ionis.com/static-files/723b7cb8-9a92-45eb-ad27-68a3470949b2",
    "timestamp": "unknown"
  },
  {
    "title": "Sep ,Filed by \"insiders\" prior intended sale of restricted stock. Non-EDGAR filingOther--.rtf--.xls--.pdf",
    "link": "https://ir.ionis.com/sec-filings/sec-filing//--",
    "timestamp": "unknown"
  },
  {
    "title": "--.rtf--.xls--.pdf",
    "link": "https://ir.ionis.com/static-files/8e97ce75-13b2-4ae4-b021-5cb6687c1ff8",
    "timestamp": "unknown"
  },
  {
    "title": "--.rtf",
    "link": "https://ir.ionis.com/static-files/8e97ce75-13b2-4ae4-b021-5cb6687c1ff8",
    "timestamp": "unknown"
  },
  {
    "title": "--.xls",
    "link": "https://ir.ionis.com/static-files/7dc39a8e-8ef8--a22b-5b6b5b05d40e",
    "timestamp": "unknown"
  },
  {
    "title": "--.pdf",
    "link": "https://ir.ionis.com/static-files/2946baba-925e-4a84-b9f3-b7ba7efb0015",
    "timestamp": "unknown"
  },
  {
    "title": "Sep ,Filed by \"insiders\" prior intended sale of restricted stock. Non-EDGAR filingOther--.rtf--.xls--.pdf",
    "link": "https://ir.ionis.com/sec-filings/sec-filing//--",
    "timestamp": "unknown"
  },
  {
    "title": "--.rtf--.xls--.pdf",
    "link": "https://ir.ionis.com/static-files/31fe9091-83c2-4d68-a789-4762dccb4336",
    "timestamp": "unknown"
  },
  {
    "title": "--.rtf",
    "link": "https://ir.ionis.com/static-files/31fe9091-83c2-4d68-a789-4762dccb4336",
    "timestamp": "unknown"
  },
  {
    "title": "--.xls",
    "link": "https://ir.ionis.com/static-files/15605eb5-b8ba-40ba-a4ed-8ba3467915f1",
    "timestamp": "unknown"
  },
  {
    "title": "--.pdf",
    "link": "https://ir.ionis.com/static-files/6ce5b9b0-75a7-40bc-a108-e1a510a64d01",
    "timestamp": "unknown"
  },
  {
    "title": "Sep ,Filed by \"insiders\" prior intended sale of restricted stock. Non-EDGAR filingOther--.rtf--.pdf",
    "link": "https://ir.ionis.com/sec-filings/sec-filing//--",
    "timestamp": "unknown"
  },
  {
    "title": "--.rtf--.pdf",
    "link": "https://ir.ionis.com/static-files/89f7105b--4d12-8b1d-5a625222ebb1",
    "timestamp": "unknown"
  },
  {
    "title": "--.rtf",
    "link": "https://ir.ionis.com/static-files/89f7105b--4d12-8b1d-5a625222ebb1",
    "timestamp": "unknown"
  },
  {
    "title": "--.pdf",
    "link": "https://ir.ionis.com/static-files/60e6323f-f5fa-4d0b-974f-10fbda1835f5",
    "timestamp": "unknown"
  },
  {
    "title": "Sep ,Filed by \"insiders\" prior intended sale of restricted stock. Non-EDGAR filingOther--.rtf--.xls--.pdf",
    "link": "https://ir.ionis.com/sec-filings/sec-filing//--",
    "timestamp": "unknown"
  },
  {
    "title": "--.rtf--.xls--.pdf",
    "link": "https://ir.ionis.com/static-files/a58bd765-d3df-4c6e-a983-8c88d35a3481",
    "timestamp": "unknown"
  },
  {
    "title": "--.rtf",
    "link": "https://ir.ionis.com/static-files/a58bd765-d3df-4c6e-a983-8c88d35a3481",
    "timestamp": "unknown"
  },
  {
    "title": "--.xls",
    "link": "https://ir.ionis.com/static-files/dc6cf449-ab0c-40f4--437ff5f4f340",
    "timestamp": "unknown"
  },
  {
    "title": "--.pdf",
    "link": "https://ir.ionis.com/static-files/1797994d-fa86-4e5f-9a22-16ac8ee4ca7e",
    "timestamp": "unknown"
  },
  {
    "title": "Sep ,Filed by \"insiders\" prior intended sale of restricted stock. Non-EDGAR filingOther--.rtf--.pdf",
    "link": "https://ir.ionis.com/sec-filings/sec-filing//--",
    "timestamp": "unknown"
  },
  {
    "title": "--.rtf--.pdf",
    "link": "https://ir.ionis.com/static-files/db9d289b-8dca--90fa-95418f342f42",
    "timestamp": "unknown"
  },
  {
    "title": "--.rtf",
    "link": "https://ir.ionis.com/static-files/db9d289b-8dca--90fa-95418f342f42",
    "timestamp": "unknown"
  },
  {
    "title": "--.pdf",
    "link": "https://ir.ionis.com/static-files/523025e2--4d64-a05a-a3be7733f624",
    "timestamp": "unknown"
  },
  {
    "title": "Sep ,Filed by \"insiders\" prior intended sale of restricted stock. Non-EDGAR filingOther--.rtf--.pdf",
    "link": "https://ir.ionis.com/sec-filings/sec-filing//--",
    "timestamp": "unknown"
  },
  {
    "title": "--.rtf--.pdf",
    "link": "https://ir.ionis.com/static-files/adef296d-4c79-40dd-a15a-89ca8411deb1",
    "timestamp": "unknown"
  },
  {
    "title": "--.rtf",
    "link": "https://ir.ionis.com/static-files/adef296d-4c79-40dd-a15a-89ca8411deb1",
    "timestamp": "unknown"
  },
  {
    "title": "--.pdf",
    "link": "https://ir.ionis.com/static-files/13ddd1af-1dfb--bbc3-b5666cffbab7",
    "timestamp": "unknown"
  },
  {
    "title": "Sep ,Statement of changes in beneficial ownership of securities,,--.rtf--.xls--.pdf",
    "link": "https://ir.ionis.com/sec-filings/sec-filing//--",
    "timestamp": "unknown"
  },
  {
    "title": "--.rtf--.xls--.pdf",
    "link": "https://ir.ionis.com/static-files/e1aed80e--4f7e--2c0e03ba6b06",
    "timestamp": "unknown"
  },
  {
    "title": "--.rtf",
    "link": "https://ir.ionis.com/static-files/e1aed80e--4f7e--2c0e03ba6b06",
    "timestamp": "unknown"
  },
  {
    "title": "--.xls",
    "link": "https://ir.ionis.com/static-files/ff79d9f1-eea4-45d9-ae75-dc60f4212edf",
    "timestamp": "unknown"
  },
  {
    "title": "--.pdf",
    "link": "https://ir.ionis.com/static-files/d8380b62-bd5d-45ee-9d5c-f9abc67fb796",
    "timestamp": "unknown"
  },
  {
    "title": "Sep ,Statement of changes in beneficial ownership of securities,,--.rtf--.xls--.pdf",
    "link": "https://ir.ionis.com/sec-filings/sec-filing//--",
    "timestamp": "unknown"
  },
  {
    "title": "--.rtf--.xls--.pdf",
    "link": "https://ir.ionis.com/static-files/56434d32-c05e-443f--452a99eab0db",
    "timestamp": "unknown"
  },
  {
    "title": "--.rtf",
    "link": "https://ir.ionis.com/static-files/56434d32-c05e-443f--452a99eab0db",
    "timestamp": "unknown"
  },
  {
    "title": "--.xls",
    "link": "https://ir.ionis.com/static-files/bab84d72--4f48-ab49-9a4277fba3be",
    "timestamp": "unknown"
  },
  {
    "title": "--.pdf",
    "link": "https://ir.ionis.com/static-files/7b2ef0de---abf7-f68bcb8e9547",
    "timestamp": "unknown"
  },
  {
    "title": "Current pagePagePage\u2026Next page\u203aLast page\u00bbDisplaying  -  of  results",
    "link": "https://ir.ionis.com/financial-information/sec-filings?&field_nir_sec_cik_target_id=&field_nir_sec_date_filed_value=&&&items_per_page_toggle=&page=",
    "timestamp": "unknown"
  },
  {
    "title": "Current pagePagePage\u2026Next page\u203aLast page\u00bb",
    "link": "https://ir.ionis.com/financial-information/sec-filings?&field_nir_sec_cik_target_id=&field_nir_sec_date_filed_value=&&&items_per_page_toggle=&page=",
    "timestamp": "unknown"
  },
  {
    "title": "Current page",
    "link": "https://ir.ionis.com/financial-information/sec-filings?&field_nir_sec_cik_target_id=&field_nir_sec_date_filed_value=&&&items_per_page_toggle=&page=",
    "timestamp": "unknown"
  },
  {
    "title": "Page",
    "link": "https://ir.ionis.com/financial-information/sec-filings?&field_nir_sec_cik_target_id=&field_nir_sec_date_filed_value=&&&items_per_page_toggle=&page=",
    "timestamp": "unknown"
  },
  {
    "title": "Page",
    "link": "https://ir.ionis.com/financial-information/sec-filings?&field_nir_sec_cik_target_id=&field_nir_sec_date_filed_value=&&&items_per_page_toggle=&page=",
    "timestamp": "unknown"
  },
  {
    "title": "Next page\u203a",
    "link": "https://ir.ionis.com/financial-information/sec-filings?&field_nir_sec_cik_target_id=&field_nir_sec_date_filed_value=&&&items_per_page_toggle=&page=",
    "timestamp": "unknown"
  },
  {
    "title": "Last page\u00bb",
    "link": "https://ir.ionis.com/financial-information/sec-filings?&field_nir_sec_cik_target_id=&field_nir_sec_date_filed_value=&&&items_per_page_toggle=&page=",
    "timestamp": "unknown"
  },
  {
    "title": "Data provided byKaleidoscope.",
    "link": "https://www.kscope.io",
    "timestamp": "unknown"
  },
  {
    "title": "Data provided byKaleidoscope.",
    "link": "https://www.kscope.io",
    "timestamp": "unknown"
  },
  {
    "title": "Legal and Compliance:Legal NoticeCode of Ethics and Business ConductPrivacy PolicyYour Privacy ChoicesAkcea Therapeutics",
    "link": "https://www.ionis.com/legal-notice",
    "timestamp": "unknown"
  },
  {
    "title": "Legal Notice",
    "link": "https://www.ionis.com/legal-notice",
    "timestamp": "unknown"
  },
  {
    "title": "Code of Ethics and Business Conduct",
    "link": "https://ir.ionis.com/static-files/3f5d8e58-e36b-4b71-9d9b-9397317c85b5",
    "timestamp": "unknown"
  },
  {
    "title": "Privacy Policy",
    "link": "https://www.ionis.com/privacy-policy",
    "timestamp": "unknown"
  },
  {
    "title": "Your Privacy Choices",
    "link": "https://privacyportal.onetrust.com/ui/#/preferences/multipage/login/f37aaeb0-529a-4c60-9cd2-fd3a2479a03c",
    "timestamp": "unknown"
  },
  {
    "title": "Akcea Therapeutics",
    "link": "https://www.ionis.com/about-us/the-ionis-story#akcea",
    "timestamp": "unknown"
  },
  {
    "title": "Information For:Medical ProfessionalsInvestors & MediaJob SeekersSuppliers",
    "link": "https://www.ionis.com/medical-professionals",
    "timestamp": "unknown"
  },
  {
    "title": "Medical Professionals",
    "link": "https://www.ionis.com/medical-professionals",
    "timestamp": "unknown"
  },
  {
    "title": "Investors & Media",
    "link": "https://ir.ionis.com/",
    "timestamp": "unknown"
  },
  {
    "title": "Job Seekers",
    "link": "https://www.ionis.com/careers",
    "timestamp": "unknown"
  },
  {
    "title": "Suppliers",
    "link": "https://www.ionis.com/suppliers",
    "timestamp": "unknown"
  },
  {
    "title": "Explore:Our StoryOur ScienceOur PipelineOur CultureOur News",
    "link": "https://www.ionis.com/about-us/the-ionis-story",
    "timestamp": "unknown"
  },
  {
    "title": "Our Story",
    "link": "https://www.ionis.com/about-us/the-ionis-story",
    "timestamp": "unknown"
  },
  {
    "title": "Our Science",
    "link": "https://www.ionis.com/science-and-innovation",
    "timestamp": "unknown"
  },
  {
    "title": "Our Pipeline",
    "link": "https://www.ionis.com/science-and-innovation/pipeline",
    "timestamp": "unknown"
  },
  {
    "title": "Our Culture",
    "link": "https://www.ionis.com/careers",
    "timestamp": "unknown"
  },
  {
    "title": "Our News",
    "link": "https://ir.ionis.com/newsroom/press-releases",
    "timestamp": "unknown"
  },
  {
    "title": "Stay Connected:Contact UsLinkedInXInstagramFacebookCommunity Guidelines",
    "link": "https://www.ionis.com/contact-us",
    "timestamp": "unknown"
  },
  {
    "title": "Contact Us",
    "link": "https://www.ionis.com/contact-us",
    "timestamp": "unknown"
  },
  {
    "title": "LinkedIn",
    "link": "https://www.linkedin.com/company/ionis-pharmaceuticals",
    "timestamp": "unknown"
  },
  {
    "title": "X",
    "link": "https://x.com/ionispharma",
    "timestamp": "unknown"
  },
  {
    "title": "Instagram",
    "link": "https://www.instagram.com/ionis_pharma",
    "timestamp": "unknown"
  },
  {
    "title": "Facebook",
    "link": "https://www.facebook.com/ionispharma",
    "timestamp": "unknown"
  },
  {
    "title": "Community Guidelines",
    "link": "https://www.ionis.com/community-guidelines",
    "timestamp": "unknown"
  }
]