[
  {
    "title": "InvestorsPress ReleasesEventsStock InformationFinancialsGovernanceInvestor ResourcesNewsroomMedical ProfessionalsCareersIntern ProgramPostdoctoral Pro",
    "link": "https://ir.ionis.com/",
    "timestamp": "unknown"
  },
  {
    "title": "InvestorsPress ReleasesEventsStock InformationFinancialsGovernanceInvestor ResourcesNewsroomMedical ProfessionalsCareersIntern ProgramPostdoctoral Pro",
    "link": "https://ir.ionis.com/",
    "timestamp": "unknown"
  },
  {
    "title": "InvestorsPress ReleasesEventsStock InformationFinancialsGovernanceInvestor ResourcesNewsroomMedical ProfessionalsCareersIntern ProgramPostdoctoral Pro",
    "link": "https://ir.ionis.com/",
    "timestamp": "unknown"
  },
  {
    "title": "InvestorsPress ReleasesEventsStock InformationFinancialsGovernanceInvestor Resources",
    "link": "https://ir.ionis.com/",
    "timestamp": "unknown"
  },
  {
    "title": "Press Releases",
    "link": "https://ir.ionis.com/investor-news/press-releases",
    "timestamp": "unknown"
  },
  {
    "title": "Events",
    "link": "https://ir.ionis.com/events",
    "timestamp": "unknown"
  },
  {
    "title": "Stock Information",
    "link": "https://ir.ionis.com/stock-information/stock-quote-and-chart",
    "timestamp": "unknown"
  },
  {
    "title": "Financials",
    "link": "https://ir.ionis.com/financial-information/sec-filings",
    "timestamp": "unknown"
  },
  {
    "title": "Governance",
    "link": "https://ir.ionis.com/corporate-governance/highlights",
    "timestamp": "unknown"
  },
  {
    "title": "Investor Resources",
    "link": "https://ir.ionis.com/investor-resources/investor-faqs",
    "timestamp": "unknown"
  },
  {
    "title": "Newsroom",
    "link": "https://ionis.com/newsroom",
    "timestamp": "unknown"
  },
  {
    "title": "Medical Professionals",
    "link": "https://www.ionis.com/medical-professionals",
    "timestamp": "unknown"
  },
  {
    "title": "CareersIntern ProgramPostdoctoral Program",
    "link": "https://www.ionis.com/careers",
    "timestamp": "unknown"
  },
  {
    "title": "Intern Program",
    "link": "https://www.ionis.com/careers/intern-program",
    "timestamp": "unknown"
  },
  {
    "title": "Postdoctoral Program",
    "link": "https://www.ionis.com/careers/postdoctoral-program",
    "timestamp": "unknown"
  },
  {
    "title": "Contact Us",
    "link": "https://www.ionis.com/contact-us",
    "timestamp": "unknown"
  },
  {
    "title": "Main navigationAbout UsOur LeadershipOur CultureCorporate ResponsibilityGrants & SponsorshipsAreas of FocusScience & InnovationPipelineClinical Trials",
    "link": "https://www.ionis.com/",
    "timestamp": "unknown"
  },
  {
    "title": "Main navigationAbout UsOur LeadershipOur CultureCorporate ResponsibilityGrants & SponsorshipsAreas of FocusScience & InnovationPipelineClinical Trials",
    "link": "https://www.ionis.com/",
    "timestamp": "unknown"
  },
  {
    "title": "About UsOur LeadershipOur CultureCorporate ResponsibilityGrants & Sponsorships",
    "link": "https://www.ionis.com/about-us/the-ionis-story",
    "timestamp": "unknown"
  },
  {
    "title": "Our Leadership",
    "link": "https://www.ionis.com/about-us/our-leadership",
    "timestamp": "unknown"
  },
  {
    "title": "Our Culture",
    "link": "https://ionis.com/about-us/our-culture",
    "timestamp": "unknown"
  },
  {
    "title": "Corporate Responsibility",
    "link": "https://www.ionis.com/about-us/corporate-responsibility",
    "timestamp": "unknown"
  },
  {
    "title": "Grants & Sponsorships",
    "link": "https://www.ionis.com/about-us/grants-and-sponsorships",
    "timestamp": "unknown"
  },
  {
    "title": "Areas of Focus",
    "link": "https://www.ionis.com/areas-of-focus",
    "timestamp": "unknown"
  },
  {
    "title": "Science & InnovationPipelineClinical TrialsIon-ARPA Initiative",
    "link": "https://www.ionis.com/science-and-innovation",
    "timestamp": "unknown"
  },
  {
    "title": "Pipeline",
    "link": "https://www.ionis.com/science-and-innovation/pipeline",
    "timestamp": "unknown"
  },
  {
    "title": "Clinical Trials",
    "link": "https://ionistrials.com/",
    "timestamp": "unknown"
  },
  {
    "title": "Ion-ARPA Initiative",
    "link": "https://www.ionis.com/science-and-innovation/ion-arpa-initiative",
    "timestamp": "unknown"
  },
  {
    "title": "Medicines",
    "link": "https://www.ionis.com/medicines",
    "timestamp": "unknown"
  },
  {
    "title": "Patients & AdvocacyPatient StoriesPatient ResourcesExpanded Access Policy",
    "link": "https://www.ionis.com/patients-and-advocacy",
    "timestamp": "unknown"
  },
  {
    "title": "Patient Stories",
    "link": "https://www.ionis.com/patients-and-advocacy/patient-stories",
    "timestamp": "unknown"
  },
  {
    "title": "Patient Resources",
    "link": "https://www.ionis.com/patients-and-advocacy/patient-resources",
    "timestamp": "unknown"
  },
  {
    "title": "Expanded Access Policy",
    "link": "https://www.ionis.com/patients-and-advocacy/expanded-access-policy",
    "timestamp": "unknown"
  },
  {
    "title": "Media CenterInvestor RelationsOverviewInvestor NewsPress ReleasesCompany StatementsMedia KitEventsStock InformationStock Quote & ChartAnalyst Coverage",
    "link": "https://ir.ionis.com/",
    "timestamp": "unknown"
  },
  {
    "title": "Media CenterInvestor RelationsOverviewInvestor NewsPress ReleasesCompany StatementsMedia KitEventsStock InformationStock Quote & ChartAnalyst Coverage",
    "link": "https://ir.ionis.com/",
    "timestamp": "unknown"
  },
  {
    "title": "Media CenterInvestor RelationsOverviewInvestor NewsPress ReleasesCompany StatementsMedia KitEventsStock InformationStock Quote & ChartAnalyst Coverage",
    "link": "https://ir.ionis.com/",
    "timestamp": "unknown"
  },
  {
    "title": "Media CenterInvestor RelationsOverviewInvestor NewsPress ReleasesCompany StatementsMedia KitEventsStock InformationStock Quote & ChartAnalyst Coverage",
    "link": "https://ir.ionis.com/",
    "timestamp": "unknown"
  },
  {
    "title": "Media CenterInvestor RelationsOverviewInvestor NewsPress ReleasesCompany StatementsMedia KitEventsStock InformationStock Quote & ChartAnalyst Coverage",
    "link": "https://ir.ionis.com/",
    "timestamp": "unknown"
  },
  {
    "title": "Media CenterInvestor RelationsOverviewInvestor NewsPress ReleasesCompany StatementsMedia KitEventsStock InformationStock Quote & ChartAnalyst Coverage",
    "link": "https://ir.ionis.com/",
    "timestamp": "unknown"
  },
  {
    "title": "Media CenterInvestor RelationsOverviewInvestor NewsPress ReleasesCompany StatementsMedia KitEventsStock InformationStock Quote & ChartAnalyst Coverage",
    "link": "https://ir.ionis.com/",
    "timestamp": "unknown"
  },
  {
    "title": "Media CenterInvestor RelationsOverviewInvestor NewsPress ReleasesCompany StatementsMedia KitEventsStock InformationStock Quote & ChartAnalyst Coverage",
    "link": "https://ir.ionis.com/",
    "timestamp": "unknown"
  },
  {
    "title": "Media CenterInvestor RelationsOverviewInvestor NewsPress ReleasesCompany StatementsMedia KitEventsStock InformationStock Quote & ChartAnalyst Coverage",
    "link": "https://ir.ionis.com/",
    "timestamp": "unknown"
  },
  {
    "title": "Media CenterInvestor RelationsOverviewInvestor NewsPress ReleasesCompany StatementsMedia KitEventsStock InformationStock Quote & ChartAnalyst Coverage",
    "link": "https://ir.ionis.com/",
    "timestamp": "unknown"
  },
  {
    "title": "Media CenterInvestor RelationsOverviewInvestor NewsPress ReleasesCompany StatementsMedia KitEventsStock InformationStock Quote & ChartAnalyst Coverage",
    "link": "https://ir.ionis.com/",
    "timestamp": "unknown"
  },
  {
    "title": "Media CenterInvestor RelationsOverviewInvestor NewsPress ReleasesCompany StatementsMedia KitEventsStock InformationStock Quote & ChartAnalyst Coverage",
    "link": "https://ir.ionis.com/",
    "timestamp": "unknown"
  },
  {
    "title": "Media CenterInvestor RelationsOverviewInvestor NewsPress ReleasesCompany StatementsMedia KitEventsStock InformationStock Quote & ChartAnalyst Coverage",
    "link": "https://ir.ionis.com/",
    "timestamp": "unknown"
  },
  {
    "title": "Investor RelationsOverviewInvestor NewsPress ReleasesCompany StatementsMedia KitEventsStock InformationStock Quote & ChartAnalyst CoverageOwnership Pr",
    "link": "https://ir.ionis.com/",
    "timestamp": "unknown"
  },
  {
    "title": "Investor RelationsOverviewInvestor NewsPress ReleasesCompany StatementsMedia KitEventsStock InformationStock Quote & ChartAnalyst CoverageOwnership Pr",
    "link": "https://ir.ionis.com/",
    "timestamp": "unknown"
  },
  {
    "title": "Overview",
    "link": "https://ir.ionis.com/",
    "timestamp": "unknown"
  },
  {
    "title": "Investor NewsPress ReleasesCompany StatementsMedia Kit",
    "link": "https://ir.ionis.com/news-releases",
    "timestamp": "unknown"
  },
  {
    "title": "Press Releases",
    "link": "https://ir.ionis.com/investor-news/press-releases",
    "timestamp": "unknown"
  },
  {
    "title": "Company Statements",
    "link": "https://ir.ionis.com/investor-news/company-statements",
    "timestamp": "unknown"
  },
  {
    "title": "Media Kit",
    "link": "https://ionis.com/media-kit",
    "timestamp": "unknown"
  },
  {
    "title": "Events",
    "link": "https://ir.ionis.com/events",
    "timestamp": "unknown"
  },
  {
    "title": "Stock InformationStock Quote & ChartAnalyst CoverageOwnership Profile",
    "link": "https://ir.ionis.com/stock-information/stock-quote-and-chart",
    "timestamp": "unknown"
  },
  {
    "title": "Stock Quote & Chart",
    "link": "https://ir.ionis.com/stock-information/stock-quote-and-chart",
    "timestamp": "unknown"
  },
  {
    "title": "Analyst Coverage",
    "link": "https://ir.ionis.com/stock-information/analyst-coverage",
    "timestamp": "unknown"
  },
  {
    "title": "Ownership Profile",
    "link": "https://ir.ionis.com/stock-information/ownership-profile",
    "timestamp": "unknown"
  },
  {
    "title": "FinancialsSEC FilingsAnnual Reports",
    "link": "https://ir.ionis.com/financial-information/annual-reports",
    "timestamp": "unknown"
  },
  {
    "title": "SEC Filings",
    "link": "https://ir.ionis.com/financial-information/sec-filings",
    "timestamp": "unknown"
  },
  {
    "title": "Annual Reports",
    "link": "https://ir.ionis.com/financial-information/annual-reports",
    "timestamp": "unknown"
  },
  {
    "title": "GovernanceGovernance DocumentsCommittee Composition",
    "link": "https://ir.ionis.com/corporate-governance/highlights",
    "timestamp": "unknown"
  },
  {
    "title": "Governance Documents",
    "link": "https://ir.ionis.com/corporate-governance/highlights",
    "timestamp": "unknown"
  },
  {
    "title": "Committee Composition",
    "link": "https://ir.ionis.com/corporate-governance/committee-composition",
    "timestamp": "unknown"
  },
  {
    "title": "Investor ResourcesInvestor FAQsSettlement InformationContact Us",
    "link": "https://ir.ionis.com/investor-resources/investor-faqs",
    "timestamp": "unknown"
  },
  {
    "title": "Investor FAQs",
    "link": "https://ir.ionis.com/investor-resources/investor-faqs",
    "timestamp": "unknown"
  },
  {
    "title": "Settlement Information",
    "link": "https://ir.ionis.com/investor-resources/settlement-information",
    "timestamp": "unknown"
  },
  {
    "title": "Contact Us",
    "link": "https://www.ionis.com/contact-us",
    "timestamp": "unknown"
  },
  {
    "title": "Investor Email Alerts",
    "link": "https://ir.ionis.com/email-alerts",
    "timestamp": "unknown"
  },
  {
    "title": "Investor contact--Email",
    "link": "tel:--",
    "timestamp": "unknown"
  },
  {
    "title": "Investor contact--Email",
    "link": "tel:--",
    "timestamp": "unknown"
  },
  {
    "title": "Investor contact--Email",
    "link": "tel:--",
    "timestamp": "unknown"
  },
  {
    "title": "Investor contact--Email",
    "link": "tel:--",
    "timestamp": "unknown"
  },
  {
    "title": "--",
    "link": "tel:--",
    "timestamp": "unknown"
  },
  {
    "title": "Email",
    "link": "mailto:ir@ionis.com",
    "timestamp": "unknown"
  },
  {
    "title": "Media contact--Email",
    "link": "tel:--",
    "timestamp": "unknown"
  },
  {
    "title": "Media contact--Email",
    "link": "tel:--",
    "timestamp": "unknown"
  },
  {
    "title": "Media contact--Email",
    "link": "tel:--",
    "timestamp": "unknown"
  },
  {
    "title": "Media contact--Email",
    "link": "tel:--",
    "timestamp": "unknown"
  },
  {
    "title": "--",
    "link": "tel:--",
    "timestamp": "unknown"
  },
  {
    "title": "Email",
    "link": "mailto:media@ionis.com",
    "timestamp": "unknown"
  },
  {
    "title": "EventsUpcoming eventsJan ,EST44th Annual J.P. Morgan Healthcare ConferenceListen to webcastAdd to OutlookAdd to Google CalendarSupporting MaterialsJPM",
    "link": "https://ir.ionis.com/events/event-details/44th-annual-jp-morgan-healthcare-conference-presentation",
    "timestamp": "unknown"
  },
  {
    "title": "EventsUpcoming eventsJan ,EST44th Annual J.P. Morgan Healthcare ConferenceListen to webcastAdd to OutlookAdd to Google CalendarSupporting MaterialsJPM",
    "link": "https://ir.ionis.com/events/event-details/44th-annual-jp-morgan-healthcare-conference-presentation",
    "timestamp": "unknown"
  },
  {
    "title": "EventsUpcoming eventsJan ,EST44th Annual J.P. Morgan Healthcare ConferenceListen to webcastAdd to OutlookAdd to Google CalendarSupporting MaterialsJPM",
    "link": "https://ir.ionis.com/events/event-details/44th-annual-jp-morgan-healthcare-conference-presentation",
    "timestamp": "unknown"
  },
  {
    "title": "EventsUpcoming eventsJan ,EST44th Annual J.P. Morgan Healthcare ConferenceListen to webcastAdd to OutlookAdd to Google CalendarSupporting MaterialsJPM",
    "link": "https://ir.ionis.com/events/event-details/44th-annual-jp-morgan-healthcare-conference-presentation",
    "timestamp": "unknown"
  },
  {
    "title": "Upcoming eventsJan ,EST44th Annual J.P. Morgan Healthcare ConferenceListen to webcastAdd to OutlookAdd to Google CalendarSupporting MaterialsJPM Prese",
    "link": "https://ir.ionis.com/events/event-details/44th-annual-jp-morgan-healthcare-conference-presentation",
    "timestamp": "unknown"
  },
  {
    "title": "Upcoming eventsJan ,EST44th Annual J.P. Morgan Healthcare ConferenceListen to webcastAdd to OutlookAdd to Google CalendarSupporting MaterialsJPM Prese",
    "link": "https://ir.ionis.com/events/event-details/44th-annual-jp-morgan-healthcare-conference-presentation",
    "timestamp": "unknown"
  },
  {
    "title": "Upcoming eventsJan ,EST44th Annual J.P. Morgan Healthcare ConferenceListen to webcastAdd to OutlookAdd to Google CalendarSupporting MaterialsJPM Prese",
    "link": "https://ir.ionis.com/events/event-details/44th-annual-jp-morgan-healthcare-conference-presentation",
    "timestamp": "unknown"
  },
  {
    "title": "Upcoming eventsJan ,EST44th Annual J.P. Morgan Healthcare ConferenceListen to webcastAdd to OutlookAdd to Google CalendarSupporting MaterialsJPM Prese",
    "link": "https://ir.ionis.com/events/event-details/44th-annual-jp-morgan-healthcare-conference-presentation",
    "timestamp": "unknown"
  },
  {
    "title": "Upcoming eventsJan ,EST44th Annual J.P. Morgan Healthcare ConferenceListen to webcastAdd to OutlookAdd to Google CalendarSupporting MaterialsJPM Prese",
    "link": "https://ir.ionis.com/events/event-details/44th-annual-jp-morgan-healthcare-conference-presentation",
    "timestamp": "unknown"
  },
  {
    "title": "Upcoming eventsJan ,EST44th Annual J.P. Morgan Healthcare ConferenceListen to webcastAdd to OutlookAdd to Google CalendarSupporting MaterialsJPM Prese",
    "link": "https://ir.ionis.com/events/event-details/44th-annual-jp-morgan-healthcare-conference-presentation",
    "timestamp": "unknown"
  },
  {
    "title": "Upcoming eventsJan ,EST44th Annual J.P. Morgan Healthcare ConferenceListen to webcastAdd to OutlookAdd to Google CalendarSupporting MaterialsJPM Prese",
    "link": "https://ir.ionis.com/events/event-details/44th-annual-jp-morgan-healthcare-conference-presentation",
    "timestamp": "unknown"
  },
  {
    "title": "Upcoming eventsJan ,EST44th Annual J.P. Morgan Healthcare ConferenceListen to webcastAdd to OutlookAdd to Google CalendarSupporting MaterialsJPM Prese",
    "link": "https://ir.ionis.com/events/event-details/44th-annual-jp-morgan-healthcare-conference-presentation",
    "timestamp": "unknown"
  },
  {
    "title": "Upcoming eventsJan ,EST44th Annual J.P. Morgan Healthcare ConferenceListen to webcastAdd to OutlookAdd to Google CalendarSupporting MaterialsJPM Prese",
    "link": "https://ir.ionis.com/events/event-details/44th-annual-jp-morgan-healthcare-conference-presentation",
    "timestamp": "unknown"
  },
  {
    "title": "Upcoming eventsJan ,EST44th Annual J.P. Morgan Healthcare ConferenceListen to webcastAdd to OutlookAdd to Google CalendarSupporting MaterialsJPM Prese",
    "link": "https://ir.ionis.com/events/event-details/44th-annual-jp-morgan-healthcare-conference-presentation",
    "timestamp": "unknown"
  },
  {
    "title": "Upcoming eventsJan ,EST44th Annual J.P. Morgan Healthcare ConferenceListen to webcastAdd to OutlookAdd to Google CalendarSupporting MaterialsJPM Prese",
    "link": "https://ir.ionis.com/events/event-details/44th-annual-jp-morgan-healthcare-conference-presentation",
    "timestamp": "unknown"
  },
  {
    "title": "Upcoming eventsJan ,EST44th Annual J.P. Morgan Healthcare ConferenceListen to webcastAdd to OutlookAdd to Google CalendarSupporting MaterialsJPM Prese",
    "link": "https://ir.ionis.com/events/event-details/44th-annual-jp-morgan-healthcare-conference-presentation",
    "timestamp": "unknown"
  },
  {
    "title": "Upcoming eventsJan ,EST44th Annual J.P. Morgan Healthcare ConferenceListen to webcastAdd to OutlookAdd to Google CalendarSupporting MaterialsJPM Prese",
    "link": "https://ir.ionis.com/events/event-details/44th-annual-jp-morgan-healthcare-conference-presentation",
    "timestamp": "unknown"
  },
  {
    "title": "Upcoming eventsJan ,EST44th Annual J.P. Morgan Healthcare ConferenceListen to webcastAdd to OutlookAdd to Google CalendarSupporting MaterialsJPM Prese",
    "link": "https://ir.ionis.com/events/event-details/44th-annual-jp-morgan-healthcare-conference-presentation",
    "timestamp": "unknown"
  },
  {
    "title": "Upcoming eventsJan ,EST44th Annual J.P. Morgan Healthcare ConferenceListen to webcastAdd to OutlookAdd to Google CalendarSupporting MaterialsJPM Prese",
    "link": "https://ir.ionis.com/events/event-details/44th-annual-jp-morgan-healthcare-conference-presentation",
    "timestamp": "unknown"
  },
  {
    "title": "Upcoming eventsJan ,EST44th Annual J.P. Morgan Healthcare ConferenceListen to webcastAdd to OutlookAdd to Google CalendarSupporting MaterialsJPM Prese",
    "link": "https://ir.ionis.com/events/event-details/44th-annual-jp-morgan-healthcare-conference-presentation",
    "timestamp": "unknown"
  },
  {
    "title": "Jan ,EST44th Annual J.P. Morgan Healthcare ConferenceListen to webcastAdd to OutlookAdd to Google CalendarSupporting MaterialsJPM Presentation. MB",
    "link": "https://ir.ionis.com/events/event-details/44th-annual-jp-morgan-healthcare-conference-presentation",
    "timestamp": "unknown"
  },
  {
    "title": "Jan ,EST44th Annual J.P. Morgan Healthcare ConferenceListen to webcastAdd to OutlookAdd to Google CalendarSupporting MaterialsJPM Presentation. MB",
    "link": "https://ir.ionis.com/events/event-details/44th-annual-jp-morgan-healthcare-conference-presentation",
    "timestamp": "unknown"
  },
  {
    "title": "Jan ,EST44th Annual J.P. Morgan Healthcare ConferenceListen to webcastAdd to OutlookAdd to Google CalendarSupporting MaterialsJPM Presentation. MB",
    "link": "https://ir.ionis.com/events/event-details/44th-annual-jp-morgan-healthcare-conference-presentation",
    "timestamp": "unknown"
  },
  {
    "title": "Jan ,EST44th Annual J.P. Morgan Healthcare ConferenceListen to webcastAdd to OutlookAdd to Google CalendarSupporting MaterialsJPM Presentation. MB",
    "link": "https://ir.ionis.com/events/event-details/44th-annual-jp-morgan-healthcare-conference-presentation",
    "timestamp": "unknown"
  },
  {
    "title": "Jan ,EST44th Annual J.P. Morgan Healthcare ConferenceListen to webcastAdd to OutlookAdd to Google CalendarSupporting MaterialsJPM Presentation. MB",
    "link": "https://ir.ionis.com/events/event-details/44th-annual-jp-morgan-healthcare-conference-presentation",
    "timestamp": "unknown"
  },
  {
    "title": "44th Annual J.P. Morgan Healthcare ConferenceListen to webcastAdd to OutlookAdd to Google CalendarSupporting MaterialsJPM Presentation. MB",
    "link": "https://ir.ionis.com/events/event-details/44th-annual-jp-morgan-healthcare-conference-presentation",
    "timestamp": "unknown"
  },
  {
    "title": "44th Annual J.P. Morgan Healthcare Conference",
    "link": "https://ir.ionis.com/events/event-details/44th-annual-jp-morgan-healthcare-conference-presentation",
    "timestamp": "unknown"
  },
  {
    "title": "44th Annual J.P. Morgan Healthcare Conference",
    "link": "https://ir.ionis.com/events/event-details/44th-annual-jp-morgan-healthcare-conference-presentation",
    "timestamp": "unknown"
  },
  {
    "title": "44th Annual J.P. Morgan Healthcare Conference",
    "link": "https://ir.ionis.com/events/event-details/44th-annual-jp-morgan-healthcare-conference-presentation",
    "timestamp": "unknown"
  },
  {
    "title": "Listen to webcast",
    "link": "https://jpmorgan.metameetings.net/events/healthcare26/sessions/-ionis-pharmaceuticals-inc/webcast?gpu_only=true&kiosk=true",
    "timestamp": "unknown"
  },
  {
    "title": "Listen to webcast",
    "link": "https://jpmorgan.metameetings.net/events/healthcare26/sessions/-ionis-pharmaceuticals-inc/webcast?gpu_only=true&kiosk=true",
    "timestamp": "unknown"
  },
  {
    "title": "Listen to webcast",
    "link": "https://jpmorgan.metameetings.net/events/healthcare26/sessions/-ionis-pharmaceuticals-inc/webcast?gpu_only=true&kiosk=true",
    "timestamp": "unknown"
  },
  {
    "title": "Add to OutlookAdd to Google Calendar",
    "link": "https://ir.ionis.com/node//ics",
    "timestamp": "unknown"
  },
  {
    "title": "Add to Outlook",
    "link": "https://ir.ionis.com/node//ics",
    "timestamp": "unknown"
  },
  {
    "title": "Add to Outlook",
    "link": "https://ir.ionis.com/node//ics",
    "timestamp": "unknown"
  },
  {
    "title": "Add to Outlook",
    "link": "https://ir.ionis.com/node//ics",
    "timestamp": "unknown"
  },
  {
    "title": "Add to Google Calendar",
    "link": "https://www.google.com/calendar/render?action=TEMPLATE&text=Ionis%20Pharmaceuticals%2C%20Inc.%-%2044th%20Annual%20J.P.%20Morgan%20Healthcare%20Conference&dates=20260113T161500Z/20260113T161500Z&details=Event%20Details%3A%20https%3A//ir.ionis.com/events/event-details/44th-annual-jp-morgan-healthcare-conference-presentation%0A%0AWebcast%3A%20https%3A//jpmorgan.metameetings.net/events/healthcare26/sessions/-ionis-pharmaceuticals-inc/webcast%3Fgpu_only%3Dtrue&kiosk=true&location=&trp=false&sprop=name%3A",
    "timestamp": "unknown"
  },
  {
    "title": "Add to Google Calendar",
    "link": "https://www.google.com/calendar/render?action=TEMPLATE&text=Ionis%20Pharmaceuticals%2C%20Inc.%-%2044th%20Annual%20J.P.%20Morgan%20Healthcare%20Conference&dates=20260113T161500Z/20260113T161500Z&details=Event%20Details%3A%20https%3A//ir.ionis.com/events/event-details/44th-annual-jp-morgan-healthcare-conference-presentation%0A%0AWebcast%3A%20https%3A//jpmorgan.metameetings.net/events/healthcare26/sessions/-ionis-pharmaceuticals-inc/webcast%3Fgpu_only%3Dtrue&kiosk=true&location=&trp=false&sprop=name%3A",
    "timestamp": "unknown"
  },
  {
    "title": "Add to Google Calendar",
    "link": "https://www.google.com/calendar/render?action=TEMPLATE&text=Ionis%20Pharmaceuticals%2C%20Inc.%-%2044th%20Annual%20J.P.%20Morgan%20Healthcare%20Conference&dates=20260113T161500Z/20260113T161500Z&details=Event%20Details%3A%20https%3A//ir.ionis.com/events/event-details/44th-annual-jp-morgan-healthcare-conference-presentation%0A%0AWebcast%3A%20https%3A//jpmorgan.metameetings.net/events/healthcare26/sessions/-ionis-pharmaceuticals-inc/webcast%3Fgpu_only%3Dtrue&kiosk=true&location=&trp=false&sprop=name%3A",
    "timestamp": "unknown"
  },
  {
    "title": "Supporting MaterialsJPM Presentation. MB",
    "link": "https://ir.ionis.com/static-files/28660f96-0b0a-4dd4-a0ee-93f711ed64a9",
    "timestamp": "unknown"
  },
  {
    "title": "JPM Presentation. MB",
    "link": "https://ir.ionis.com/static-files/28660f96-0b0a-4dd4-a0ee-93f711ed64a9",
    "timestamp": "unknown"
  },
  {
    "title": "JPM Presentation. MB",
    "link": "https://ir.ionis.com/static-files/28660f96-0b0a-4dd4-a0ee-93f711ed64a9",
    "timestamp": "unknown"
  },
  {
    "title": "JPM Presentation. MB",
    "link": "https://ir.ionis.com/static-files/28660f96-0b0a-4dd4-a0ee-93f711ed64a9",
    "timestamp": "unknown"
  },
  {
    "title": "JPM Presentation. MB",
    "link": "https://ir.ionis.com/static-files/28660f96-0b0a-4dd4-a0ee-93f711ed64a9",
    "timestamp": "unknown"
  },
  {
    "title": "JPM Presentation. MB",
    "link": "https://ir.ionis.com/static-files/28660f96-0b0a-4dd4-a0ee-93f711ed64a9",
    "timestamp": "unknown"
  },
  {
    "title": "JPM Presentation. MB",
    "link": "https://ir.ionis.com/static-files/28660f96-0b0a-4dd4-a0ee-93f711ed64a9",
    "timestamp": "unknown"
  },
  {
    "title": "JPM Presentation. MB",
    "link": "https://ir.ionis.com/static-files/28660f96-0b0a-4dd4-a0ee-93f711ed64a9",
    "timestamp": "unknown"
  },
  {
    "title": "JPM Presentation. MB",
    "link": "https://ir.ionis.com/static-files/28660f96-0b0a-4dd4-a0ee-93f711ed64a9",
    "timestamp": "unknown"
  },
  {
    "title": "JPM Presentation. MB",
    "link": "https://ir.ionis.com/static-files/28660f96-0b0a-4dd4-a0ee-93f711ed64a9",
    "timestamp": "unknown"
  },
  {
    "title": "Past eventsDec ,American Society of Hematology (ASH) Annual MeetingSupporting MaterialsEvaluation of the Novel TMPRSS6 Antisense Inhibitor Sapablursen",
    "link": "https://ir.ionis.com/events/event-details/ash-annual-meeting",
    "timestamp": "unknown"
  },
  {
    "title": "Past eventsDec ,American Society of Hematology (ASH) Annual MeetingSupporting MaterialsEvaluation of the Novel TMPRSS6 Antisense Inhibitor Sapablursen",
    "link": "https://ir.ionis.com/events/event-details/ash-annual-meeting",
    "timestamp": "unknown"
  },
  {
    "title": "Past eventsDec ,American Society of Hematology (ASH) Annual MeetingSupporting MaterialsEvaluation of the Novel TMPRSS6 Antisense Inhibitor Sapablursen",
    "link": "https://ir.ionis.com/events/event-details/ash-annual-meeting",
    "timestamp": "unknown"
  },
  {
    "title": "Past eventsDec ,American Society of Hematology (ASH) Annual MeetingSupporting MaterialsEvaluation of the Novel TMPRSS6 Antisense Inhibitor Sapablursen",
    "link": "https://ir.ionis.com/events/event-details/ash-annual-meeting",
    "timestamp": "unknown"
  },
  {
    "title": "Dec ,American Society of Hematology (ASH) Annual MeetingSupporting MaterialsEvaluation of the Novel TMPRSS6 Antisense Inhibitor Sapablursenfor Treatme",
    "link": "https://ir.ionis.com/events/event-details/ash-annual-meeting",
    "timestamp": "unknown"
  },
  {
    "title": "Dec ,American Society of Hematology (ASH) Annual MeetingSupporting MaterialsEvaluation of the Novel TMPRSS6 Antisense Inhibitor Sapablursenfor Treatme",
    "link": "https://ir.ionis.com/events/event-details/ash-annual-meeting",
    "timestamp": "unknown"
  },
  {
    "title": "Dec ,American Society of Hematology (ASH) Annual MeetingSupporting MaterialsEvaluation of the Novel TMPRSS6 Antisense Inhibitor Sapablursenfor Treatme",
    "link": "https://ir.ionis.com/events/event-details/ash-annual-meeting",
    "timestamp": "unknown"
  },
  {
    "title": "Dec ,American Society of Hematology (ASH) Annual MeetingSupporting MaterialsEvaluation of the Novel TMPRSS6 Antisense Inhibitor Sapablursenfor Treatme",
    "link": "https://ir.ionis.com/events/event-details/ash-annual-meeting",
    "timestamp": "unknown"
  },
  {
    "title": "Dec ,American Society of Hematology (ASH) Annual MeetingSupporting MaterialsEvaluation of the Novel TMPRSS6 Antisense Inhibitor Sapablursenfor Treatme",
    "link": "https://ir.ionis.com/events/event-details/ash-annual-meeting",
    "timestamp": "unknown"
  },
  {
    "title": "American Society of Hematology (ASH) Annual MeetingSupporting MaterialsEvaluation of the Novel TMPRSS6 Antisense Inhibitor Sapablursenfor Treatment of",
    "link": "https://ir.ionis.com/events/event-details/ash-annual-meeting",
    "timestamp": "unknown"
  },
  {
    "title": "American Society of Hematology (ASH) Annual Meeting",
    "link": "https://ir.ionis.com/events/event-details/ash-annual-meeting",
    "timestamp": "unknown"
  },
  {
    "title": "American Society of Hematology (ASH) Annual Meeting",
    "link": "https://ir.ionis.com/events/event-details/ash-annual-meeting",
    "timestamp": "unknown"
  },
  {
    "title": "American Society of Hematology (ASH) Annual Meeting",
    "link": "https://ir.ionis.com/events/event-details/ash-annual-meeting",
    "timestamp": "unknown"
  },
  {
    "title": "Supporting MaterialsEvaluation of the Novel TMPRSS6 Antisense Inhibitor Sapablursenfor Treatment of Polycythemia Vera: Results of the IMPRSSION Clinic",
    "link": "https://ir.ionis.com/static-files/514002ea-dba3---caadfe17bcd0",
    "timestamp": "unknown"
  },
  {
    "title": "Evaluation of the Novel TMPRSS6 Antisense Inhibitor Sapablursenfor Treatment of Polycythemia Vera: Results of the IMPRSSION Clinical Trial. KB",
    "link": "https://ir.ionis.com/static-files/514002ea-dba3---caadfe17bcd0",
    "timestamp": "unknown"
  },
  {
    "title": "Evaluation of the Novel TMPRSS6 Antisense Inhibitor Sapablursenfor Treatment of Polycythemia Vera: Results of the IMPRSSION Clinical Trial. KB",
    "link": "https://ir.ionis.com/static-files/514002ea-dba3---caadfe17bcd0",
    "timestamp": "unknown"
  },
  {
    "title": "Evaluation of the Novel TMPRSS6 Antisense Inhibitor Sapablursenfor Treatment of Polycythemia Vera: Results of the IMPRSSION Clinical Trial. KB",
    "link": "https://ir.ionis.com/static-files/514002ea-dba3---caadfe17bcd0",
    "timestamp": "unknown"
  },
  {
    "title": "Evaluation of the Novel TMPRSS6 Antisense Inhibitor Sapablursenfor Treatment of Polycythemia Vera: Results of the IMPRSSION Clinical Trial. KB",
    "link": "https://ir.ionis.com/static-files/514002ea-dba3---caadfe17bcd0",
    "timestamp": "unknown"
  },
  {
    "title": "Evaluation of the Novel TMPRSS6 Antisense Inhibitor Sapablursenfor Treatment of Polycythemia Vera: Results of the IMPRSSION Clinical Trial. KB",
    "link": "https://ir.ionis.com/static-files/514002ea-dba3---caadfe17bcd0",
    "timestamp": "unknown"
  },
  {
    "title": "Evaluation of the Novel TMPRSS6 Antisense Inhibitor Sapablursenfor Treatment of Polycythemia Vera: Results of the IMPRSSION Clinical Trial. KB",
    "link": "https://ir.ionis.com/static-files/514002ea-dba3---caadfe17bcd0",
    "timestamp": "unknown"
  },
  {
    "title": "Evaluation of the Novel TMPRSS6 Antisense Inhibitor Sapablursenfor Treatment of Polycythemia Vera: Results of the IMPRSSION Clinical Trial. KB",
    "link": "https://ir.ionis.com/static-files/514002ea-dba3---caadfe17bcd0",
    "timestamp": "unknown"
  },
  {
    "title": "Evaluation of the Novel TMPRSS6 Antisense Inhibitor Sapablursenfor Treatment of Polycythemia Vera: Results of the IMPRSSION Clinical Trial. KB",
    "link": "https://ir.ionis.com/static-files/514002ea-dba3---caadfe17bcd0",
    "timestamp": "unknown"
  },
  {
    "title": "Evaluation of the Novel TMPRSS6 Antisense Inhibitor Sapablursenfor Treatment of Polycythemia Vera: Results of the IMPRSSION Clinical Trial. KB",
    "link": "https://ir.ionis.com/static-files/514002ea-dba3---caadfe17bcd0",
    "timestamp": "unknown"
  },
  {
    "title": "Nov ,ESTJefferies Global Healthcare ConferenceListen to webcast",
    "link": "https://ir.ionis.com/events/event-details/jefferies-global-healthcare-conference-",
    "timestamp": "unknown"
  },
  {
    "title": "Nov ,ESTJefferies Global Healthcare ConferenceListen to webcast",
    "link": "https://ir.ionis.com/events/event-details/jefferies-global-healthcare-conference-",
    "timestamp": "unknown"
  },
  {
    "title": "Nov ,ESTJefferies Global Healthcare ConferenceListen to webcast",
    "link": "https://ir.ionis.com/events/event-details/jefferies-global-healthcare-conference-",
    "timestamp": "unknown"
  },
  {
    "title": "Jefferies Global Healthcare ConferenceListen to webcast",
    "link": "https://ir.ionis.com/events/event-details/jefferies-global-healthcare-conference-",
    "timestamp": "unknown"
  },
  {
    "title": "Jefferies Global Healthcare Conference",
    "link": "https://ir.ionis.com/events/event-details/jefferies-global-healthcare-conference-",
    "timestamp": "unknown"
  },
  {
    "title": "Jefferies Global Healthcare Conference",
    "link": "https://ir.ionis.com/events/event-details/jefferies-global-healthcare-conference-",
    "timestamp": "unknown"
  },
  {
    "title": "Jefferies Global Healthcare Conference",
    "link": "https://ir.ionis.com/events/event-details/jefferies-global-healthcare-conference-",
    "timestamp": "unknown"
  },
  {
    "title": "Listen to webcast",
    "link": "https://wsw.com/webcast/jeff332/ions/",
    "timestamp": "unknown"
  },
  {
    "title": "Listen to webcast",
    "link": "https://wsw.com/webcast/jeff332/ions/",
    "timestamp": "unknown"
  },
  {
    "title": "Listen to webcast",
    "link": "https://wsw.com/webcast/jeff332/ions/",
    "timestamp": "unknown"
  },
  {
    "title": "Nov ,ESTStifel  Healthcare ConferenceListen to webcast",
    "link": "https://ir.ionis.com/events/event-details/stifel--healthcare-conference",
    "timestamp": "unknown"
  },
  {
    "title": "Nov ,ESTStifel  Healthcare ConferenceListen to webcast",
    "link": "https://ir.ionis.com/events/event-details/stifel--healthcare-conference",
    "timestamp": "unknown"
  },
  {
    "title": "Nov ,ESTStifel  Healthcare ConferenceListen to webcast",
    "link": "https://ir.ionis.com/events/event-details/stifel--healthcare-conference",
    "timestamp": "unknown"
  },
  {
    "title": "Stifel  Healthcare ConferenceListen to webcast",
    "link": "https://ir.ionis.com/events/event-details/stifel--healthcare-conference",
    "timestamp": "unknown"
  },
  {
    "title": "Stifel  Healthcare Conference",
    "link": "https://ir.ionis.com/events/event-details/stifel--healthcare-conference",
    "timestamp": "unknown"
  },
  {
    "title": "Stifel  Healthcare Conference",
    "link": "https://ir.ionis.com/events/event-details/stifel--healthcare-conference",
    "timestamp": "unknown"
  },
  {
    "title": "Stifel  Healthcare Conference",
    "link": "https://ir.ionis.com/events/event-details/stifel--healthcare-conference",
    "timestamp": "unknown"
  },
  {
    "title": "Listen to webcast",
    "link": "https://event.summitcast.com/view/cwkmPXkC4dosg6MoG95rxb/guest_book?session_id=7uCk32Mmw7S3Qco4XyByTm",
    "timestamp": "unknown"
  },
  {
    "title": "Listen to webcast",
    "link": "https://event.summitcast.com/view/cwkmPXkC4dosg6MoG95rxb/guest_book?session_id=7uCk32Mmw7S3Qco4XyByTm",
    "timestamp": "unknown"
  },
  {
    "title": "Listen to webcast",
    "link": "https://event.summitcast.com/view/cwkmPXkC4dosg6MoG95rxb/guest_book?session_id=7uCk32Mmw7S3Qco4XyByTm",
    "timestamp": "unknown"
  },
  {
    "title": "Nov ,ESTWebcast from AHA to Discuss Olezarsen CORE and CORE2 DataListen to webcastSupporting MaterialsTransforming the Treatment of sHTG Results from ",
    "link": "https://ir.ionis.com/events/event-details/webcast-aha-discuss-olezarsen-core-and-core2-data",
    "timestamp": "unknown"
  },
  {
    "title": "Nov ,ESTWebcast from AHA to Discuss Olezarsen CORE and CORE2 DataListen to webcastSupporting MaterialsTransforming the Treatment of sHTG Results from ",
    "link": "https://ir.ionis.com/events/event-details/webcast-aha-discuss-olezarsen-core-and-core2-data",
    "timestamp": "unknown"
  },
  {
    "title": "Nov ,ESTWebcast from AHA to Discuss Olezarsen CORE and CORE2 DataListen to webcastSupporting MaterialsTransforming the Treatment of sHTG Results from ",
    "link": "https://ir.ionis.com/events/event-details/webcast-aha-discuss-olezarsen-core-and-core2-data",
    "timestamp": "unknown"
  },
  {
    "title": "Webcast from AHA to Discuss Olezarsen CORE and CORE2 DataListen to webcastSupporting MaterialsTransforming the Treatment of sHTG Results from the Olez",
    "link": "https://ir.ionis.com/events/event-details/webcast-aha-discuss-olezarsen-core-and-core2-data",
    "timestamp": "unknown"
  },
  {
    "title": "Webcast from AHA to Discuss Olezarsen CORE and CORE2 Data",
    "link": "https://ir.ionis.com/events/event-details/webcast-aha-discuss-olezarsen-core-and-core2-data",
    "timestamp": "unknown"
  },
  {
    "title": "Webcast from AHA to Discuss Olezarsen CORE and CORE2 Data",
    "link": "https://ir.ionis.com/events/event-details/webcast-aha-discuss-olezarsen-core-and-core2-data",
    "timestamp": "unknown"
  },
  {
    "title": "Webcast from AHA to Discuss Olezarsen CORE and CORE2 Data",
    "link": "https://ir.ionis.com/events/event-details/webcast-aha-discuss-olezarsen-core-and-core2-data",
    "timestamp": "unknown"
  },
  {
    "title": "Listen to webcast",
    "link": "https://app.webinar.net/Kgpkx24Vb8e",
    "timestamp": "unknown"
  },
  {
    "title": "Listen to webcast",
    "link": "https://app.webinar.net/Kgpkx24Vb8e",
    "timestamp": "unknown"
  },
  {
    "title": "Listen to webcast",
    "link": "https://app.webinar.net/Kgpkx24Vb8e",
    "timestamp": "unknown"
  },
  {
    "title": "Supporting MaterialsTransforming the Treatment of sHTG Results from the Olezarsen CORE and CORE2 StudiesMB",
    "link": "https://ir.ionis.com/static-files/ca2193a5-e267--b57c-ab1315aa5fad",
    "timestamp": "unknown"
  },
  {
    "title": "Transforming the Treatment of sHTG Results from the Olezarsen CORE and CORE2 StudiesMB",
    "link": "https://ir.ionis.com/static-files/ca2193a5-e267--b57c-ab1315aa5fad",
    "timestamp": "unknown"
  },
  {
    "title": "Transforming the Treatment of sHTG Results from the Olezarsen CORE and CORE2 StudiesMB",
    "link": "https://ir.ionis.com/static-files/ca2193a5-e267--b57c-ab1315aa5fad",
    "timestamp": "unknown"
  },
  {
    "title": "Transforming the Treatment of sHTG Results from the Olezarsen CORE and CORE2 StudiesMB",
    "link": "https://ir.ionis.com/static-files/ca2193a5-e267--b57c-ab1315aa5fad",
    "timestamp": "unknown"
  },
  {
    "title": "Transforming the Treatment of sHTG Results from the Olezarsen CORE and CORE2 StudiesMB",
    "link": "https://ir.ionis.com/static-files/ca2193a5-e267--b57c-ab1315aa5fad",
    "timestamp": "unknown"
  },
  {
    "title": "Transforming the Treatment of sHTG Results from the Olezarsen CORE and CORE2 StudiesMB",
    "link": "https://ir.ionis.com/static-files/ca2193a5-e267--b57c-ab1315aa5fad",
    "timestamp": "unknown"
  },
  {
    "title": "Transforming the Treatment of sHTG Results from the Olezarsen CORE and CORE2 StudiesMB",
    "link": "https://ir.ionis.com/static-files/ca2193a5-e267--b57c-ab1315aa5fad",
    "timestamp": "unknown"
  },
  {
    "title": "Transforming the Treatment of sHTG Results from the Olezarsen CORE and CORE2 StudiesMB",
    "link": "https://ir.ionis.com/static-files/ca2193a5-e267--b57c-ab1315aa5fad",
    "timestamp": "unknown"
  },
  {
    "title": "Transforming the Treatment of sHTG Results from the Olezarsen CORE and CORE2 StudiesMB",
    "link": "https://ir.ionis.com/static-files/ca2193a5-e267--b57c-ab1315aa5fad",
    "timestamp": "unknown"
  },
  {
    "title": "Transforming the Treatment of sHTG Results from the Olezarsen CORE and CORE2 StudiesMB",
    "link": "https://ir.ionis.com/static-files/ca2193a5-e267--b57c-ab1315aa5fad",
    "timestamp": "unknown"
  },
  {
    "title": "Nov ,American Heart Association (AHA) Scientific SessionsSupporting MaterialsOLEZARSEN IN PATIENTS WITH SEVERE HYPERTRIGLYCERIDEMIA Primary Results of",
    "link": "https://ir.ionis.com/events/event-details/american-heart-association-aha-scientific-sessions",
    "timestamp": "unknown"
  },
  {
    "title": "Nov ,American Heart Association (AHA) Scientific SessionsSupporting MaterialsOLEZARSEN IN PATIENTS WITH SEVERE HYPERTRIGLYCERIDEMIA Primary Results of",
    "link": "https://ir.ionis.com/events/event-details/american-heart-association-aha-scientific-sessions",
    "timestamp": "unknown"
  },
  {
    "title": "Nov ,American Heart Association (AHA) Scientific SessionsSupporting MaterialsOLEZARSEN IN PATIENTS WITH SEVERE HYPERTRIGLYCERIDEMIA Primary Results of",
    "link": "https://ir.ionis.com/events/event-details/american-heart-association-aha-scientific-sessions",
    "timestamp": "unknown"
  },
  {
    "title": "American Heart Association (AHA) Scientific SessionsSupporting MaterialsOLEZARSEN IN PATIENTS WITH SEVERE HYPERTRIGLYCERIDEMIA Primary Results of CORE",
    "link": "https://ir.ionis.com/events/event-details/american-heart-association-aha-scientific-sessions",
    "timestamp": "unknown"
  },
  {
    "title": "American Heart Association (AHA) Scientific Sessions",
    "link": "https://ir.ionis.com/events/event-details/american-heart-association-aha-scientific-sessions",
    "timestamp": "unknown"
  },
  {
    "title": "American Heart Association (AHA) Scientific Sessions",
    "link": "https://ir.ionis.com/events/event-details/american-heart-association-aha-scientific-sessions",
    "timestamp": "unknown"
  },
  {
    "title": "American Heart Association (AHA) Scientific Sessions",
    "link": "https://ir.ionis.com/events/event-details/american-heart-association-aha-scientific-sessions",
    "timestamp": "unknown"
  },
  {
    "title": "Supporting MaterialsOLEZARSEN IN PATIENTS WITH SEVERE HYPERTRIGLYCERIDEMIA Primary Results of CORE-TIMI 72a & CORE2-TIMI 72b. MB",
    "link": "https://ir.ionis.com/static-files/a5755153-6b7e-4c87-99cc-02d08f3c2d52",
    "timestamp": "unknown"
  },
  {
    "title": "OLEZARSEN IN PATIENTS WITH SEVERE HYPERTRIGLYCERIDEMIA Primary Results of CORE-TIMI 72a & CORE2-TIMI 72b. MB",
    "link": "https://ir.ionis.com/static-files/a5755153-6b7e-4c87-99cc-02d08f3c2d52",
    "timestamp": "unknown"
  },
  {
    "title": "OLEZARSEN IN PATIENTS WITH SEVERE HYPERTRIGLYCERIDEMIA Primary Results of CORE-TIMI 72a & CORE2-TIMI 72b. MB",
    "link": "https://ir.ionis.com/static-files/a5755153-6b7e-4c87-99cc-02d08f3c2d52",
    "timestamp": "unknown"
  },
  {
    "title": "OLEZARSEN IN PATIENTS WITH SEVERE HYPERTRIGLYCERIDEMIA Primary Results of CORE-TIMI 72a & CORE2-TIMI 72b. MB",
    "link": "https://ir.ionis.com/static-files/a5755153-6b7e-4c87-99cc-02d08f3c2d52",
    "timestamp": "unknown"
  },
  {
    "title": "OLEZARSEN IN PATIENTS WITH SEVERE HYPERTRIGLYCERIDEMIA Primary Results of CORE-TIMI 72a & CORE2-TIMI 72b. MB",
    "link": "https://ir.ionis.com/static-files/a5755153-6b7e-4c87-99cc-02d08f3c2d52",
    "timestamp": "unknown"
  },
  {
    "title": "OLEZARSEN IN PATIENTS WITH SEVERE HYPERTRIGLYCERIDEMIA Primary Results of CORE-TIMI 72a & CORE2-TIMI 72b. MB",
    "link": "https://ir.ionis.com/static-files/a5755153-6b7e-4c87-99cc-02d08f3c2d52",
    "timestamp": "unknown"
  },
  {
    "title": "OLEZARSEN IN PATIENTS WITH SEVERE HYPERTRIGLYCERIDEMIA Primary Results of CORE-TIMI 72a & CORE2-TIMI 72b. MB",
    "link": "https://ir.ionis.com/static-files/a5755153-6b7e-4c87-99cc-02d08f3c2d52",
    "timestamp": "unknown"
  },
  {
    "title": "OLEZARSEN IN PATIENTS WITH SEVERE HYPERTRIGLYCERIDEMIA Primary Results of CORE-TIMI 72a & CORE2-TIMI 72b. MB",
    "link": "https://ir.ionis.com/static-files/a5755153-6b7e-4c87-99cc-02d08f3c2d52",
    "timestamp": "unknown"
  },
  {
    "title": "OLEZARSEN IN PATIENTS WITH SEVERE HYPERTRIGLYCERIDEMIA Primary Results of CORE-TIMI 72a & CORE2-TIMI 72b. MB",
    "link": "https://ir.ionis.com/static-files/a5755153-6b7e-4c87-99cc-02d08f3c2d52",
    "timestamp": "unknown"
  },
  {
    "title": "OLEZARSEN IN PATIENTS WITH SEVERE HYPERTRIGLYCERIDEMIA Primary Results of CORE-TIMI 72a & CORE2-TIMI 72b. MB",
    "link": "https://ir.ionis.com/static-files/a5755153-6b7e-4c87-99cc-02d08f3c2d52",
    "timestamp": "unknown"
  },
  {
    "title": "Nov ,American College of Allergy, Asthma & Immunology (ACAAI) Annual Scientific MeetingSupporting MaterialsA qualitative study and conceptual model of",
    "link": "https://ir.ionis.com/events/event-details/-american-college-allergy-asthma-immunology-acaai-annual-scientific",
    "timestamp": "unknown"
  },
  {
    "title": "Nov ,American College of Allergy, Asthma & Immunology (ACAAI) Annual Scientific MeetingSupporting MaterialsA qualitative study and conceptual model of",
    "link": "https://ir.ionis.com/events/event-details/-american-college-allergy-asthma-immunology-acaai-annual-scientific",
    "timestamp": "unknown"
  },
  {
    "title": "Nov ,American College of Allergy, Asthma & Immunology (ACAAI) Annual Scientific MeetingSupporting MaterialsA qualitative study and conceptual model of",
    "link": "https://ir.ionis.com/events/event-details/-american-college-allergy-asthma-immunology-acaai-annual-scientific",
    "timestamp": "unknown"
  },
  {
    "title": "American College of Allergy, Asthma & Immunology (ACAAI) Annual Scientific MeetingSupporting MaterialsA qualitative study and conceptual model of pati",
    "link": "https://ir.ionis.com/events/event-details/-american-college-allergy-asthma-immunology-acaai-annual-scientific",
    "timestamp": "unknown"
  },
  {
    "title": "American College of Allergy, Asthma & Immunology (ACAAI) Annual Scientific Meeting",
    "link": "https://ir.ionis.com/events/event-details/-american-college-allergy-asthma-immunology-acaai-annual-scientific",
    "timestamp": "unknown"
  },
  {
    "title": "American College of Allergy, Asthma & Immunology (ACAAI) Annual Scientific Meeting",
    "link": "https://ir.ionis.com/events/event-details/-american-college-allergy-asthma-immunology-acaai-annual-scientific",
    "timestamp": "unknown"
  },
  {
    "title": "American College of Allergy, Asthma & Immunology (ACAAI) Annual Scientific Meeting",
    "link": "https://ir.ionis.com/events/event-details/-american-college-allergy-asthma-immunology-acaai-annual-scientific",
    "timestamp": "unknown"
  },
  {
    "title": "Supporting MaterialsA qualitative study and conceptual model of patient experiences during and between hereditary angioedema attacks. KBDonidalorsen f",
    "link": "https://ir.ionis.com/static-files/a129613f---b040-2c66f0ef5a49",
    "timestamp": "unknown"
  },
  {
    "title": "A qualitative study and conceptual model of patient experiences during and between hereditary angioedema attacks. KBDonidalorsen for the Treatment of ",
    "link": "https://ir.ionis.com/static-files/a129613f---b040-2c66f0ef5a49",
    "timestamp": "unknown"
  },
  {
    "title": "A qualitative study and conceptual model of patient experiences during and between hereditary angioedema attacks. KBDonidalorsen for the Treatment of ",
    "link": "https://ir.ionis.com/static-files/a129613f---b040-2c66f0ef5a49",
    "timestamp": "unknown"
  },
  {
    "title": "A qualitative study and conceptual model of patient experiences during and between hereditary angioedema attacks. KB",
    "link": "https://ir.ionis.com/static-files/a129613f---b040-2c66f0ef5a49",
    "timestamp": "unknown"
  },
  {
    "title": "A qualitative study and conceptual model of patient experiences during and between hereditary angioedema attacks. KB",
    "link": "https://ir.ionis.com/static-files/a129613f---b040-2c66f0ef5a49",
    "timestamp": "unknown"
  },
  {
    "title": "A qualitative study and conceptual model of patient experiences during and between hereditary angioedema attacks. KB",
    "link": "https://ir.ionis.com/static-files/a129613f---b040-2c66f0ef5a49",
    "timestamp": "unknown"
  },
  {
    "title": "A qualitative study and conceptual model of patient experiences during and between hereditary angioedema attacks. KB",
    "link": "https://ir.ionis.com/static-files/a129613f---b040-2c66f0ef5a49",
    "timestamp": "unknown"
  },
  {
    "title": "A qualitative study and conceptual model of patient experiences during and between hereditary angioedema attacks. KB",
    "link": "https://ir.ionis.com/static-files/a129613f---b040-2c66f0ef5a49",
    "timestamp": "unknown"
  },
  {
    "title": "A qualitative study and conceptual model of patient experiences during and between hereditary angioedema attacks. KB",
    "link": "https://ir.ionis.com/static-files/a129613f---b040-2c66f0ef5a49",
    "timestamp": "unknown"
  },
  {
    "title": "A qualitative study and conceptual model of patient experiences during and between hereditary angioedema attacks. KB",
    "link": "https://ir.ionis.com/static-files/a129613f---b040-2c66f0ef5a49",
    "timestamp": "unknown"
  },
  {
    "title": "Donidalorsen for the Treatment of Hereditary Angioedema -Year Results From the OASISplus Open-Label Extension Study. KB",
    "link": "https://ir.ionis.com/static-files/2cd92f21-823c-44e0-b4a7-96572b47f523",
    "timestamp": "unknown"
  },
  {
    "title": "Donidalorsen for the Treatment of Hereditary Angioedema -Year Results From the OASISplus Open-Label Extension Study. KB",
    "link": "https://ir.ionis.com/static-files/2cd92f21-823c-44e0-b4a7-96572b47f523",
    "timestamp": "unknown"
  },
  {
    "title": "Donidalorsen for the Treatment of Hereditary Angioedema -Year Results From the OASISplus Open-Label Extension Study. KB",
    "link": "https://ir.ionis.com/static-files/2cd92f21-823c-44e0-b4a7-96572b47f523",
    "timestamp": "unknown"
  },
  {
    "title": "Donidalorsen for the Treatment of Hereditary Angioedema -Year Results From the OASISplus Open-Label Extension Study. KB",
    "link": "https://ir.ionis.com/static-files/2cd92f21-823c-44e0-b4a7-96572b47f523",
    "timestamp": "unknown"
  },
  {
    "title": "Donidalorsen for the Treatment of Hereditary Angioedema -Year Results From the OASISplus Open-Label Extension Study. KB",
    "link": "https://ir.ionis.com/static-files/2cd92f21-823c-44e0-b4a7-96572b47f523",
    "timestamp": "unknown"
  },
  {
    "title": "Donidalorsen for the Treatment of Hereditary Angioedema -Year Results From the OASISplus Open-Label Extension Study. KB",
    "link": "https://ir.ionis.com/static-files/2cd92f21-823c-44e0-b4a7-96572b47f523",
    "timestamp": "unknown"
  },
  {
    "title": "Donidalorsen for the Treatment of Hereditary Angioedema -Year Results From the OASISplus Open-Label Extension Study. KB",
    "link": "https://ir.ionis.com/static-files/2cd92f21-823c-44e0-b4a7-96572b47f523",
    "timestamp": "unknown"
  },
  {
    "title": "Impact Of Donidalorsen In Patients With Hereditary Angioedema By Baseline Attack Rate From OASISplus. KB",
    "link": "https://ir.ionis.com/static-files/bb19e509--4c0d-89bc-222b4c61b4e9",
    "timestamp": "unknown"
  },
  {
    "title": "Impact Of Donidalorsen In Patients With Hereditary Angioedema By Baseline Attack Rate From OASISplus. KB",
    "link": "https://ir.ionis.com/static-files/bb19e509--4c0d-89bc-222b4c61b4e9",
    "timestamp": "unknown"
  },
  {
    "title": "Impact Of Donidalorsen In Patients With Hereditary Angioedema By Baseline Attack Rate From OASISplus. KB",
    "link": "https://ir.ionis.com/static-files/bb19e509--4c0d-89bc-222b4c61b4e9",
    "timestamp": "unknown"
  },
  {
    "title": "Impact Of Donidalorsen In Patients With Hereditary Angioedema By Baseline Attack Rate From OASISplus. KB",
    "link": "https://ir.ionis.com/static-files/bb19e509--4c0d-89bc-222b4c61b4e9",
    "timestamp": "unknown"
  },
  {
    "title": "Impact Of Donidalorsen In Patients With Hereditary Angioedema By Baseline Attack Rate From OASISplus. KB",
    "link": "https://ir.ionis.com/static-files/bb19e509--4c0d-89bc-222b4c61b4e9",
    "timestamp": "unknown"
  },
  {
    "title": "Impact Of Donidalorsen In Patients With Hereditary Angioedema By Baseline Attack Rate From OASISplus. KB",
    "link": "https://ir.ionis.com/static-files/bb19e509--4c0d-89bc-222b4c61b4e9",
    "timestamp": "unknown"
  },
  {
    "title": "Impact Of Donidalorsen In Patients With Hereditary Angioedema By Baseline Attack Rate From OASISplus. KB",
    "link": "https://ir.ionis.com/static-files/bb19e509--4c0d-89bc-222b4c61b4e9",
    "timestamp": "unknown"
  },
  {
    "title": "Phase  Open-Label Extension Study Of Donidalorsen In Patients With Hereditary Angioedema A -Year Analysis. KB",
    "link": "https://ir.ionis.com/static-files/5becb1d5-8db3--8b7c-b854db2d4a0c",
    "timestamp": "unknown"
  },
  {
    "title": "Phase  Open-Label Extension Study Of Donidalorsen In Patients With Hereditary Angioedema A -Year Analysis. KB",
    "link": "https://ir.ionis.com/static-files/5becb1d5-8db3--8b7c-b854db2d4a0c",
    "timestamp": "unknown"
  },
  {
    "title": "Phase  Open-Label Extension Study Of Donidalorsen In Patients With Hereditary Angioedema A -Year Analysis. KB",
    "link": "https://ir.ionis.com/static-files/5becb1d5-8db3--8b7c-b854db2d4a0c",
    "timestamp": "unknown"
  },
  {
    "title": "Phase  Open-Label Extension Study Of Donidalorsen In Patients With Hereditary Angioedema A -Year Analysis. KB",
    "link": "https://ir.ionis.com/static-files/5becb1d5-8db3--8b7c-b854db2d4a0c",
    "timestamp": "unknown"
  },
  {
    "title": "Phase  Open-Label Extension Study Of Donidalorsen In Patients With Hereditary Angioedema A -Year Analysis. KB",
    "link": "https://ir.ionis.com/static-files/5becb1d5-8db3--8b7c-b854db2d4a0c",
    "timestamp": "unknown"
  },
  {
    "title": "Phase  Open-Label Extension Study Of Donidalorsen In Patients With Hereditary Angioedema A -Year Analysis. KB",
    "link": "https://ir.ionis.com/static-files/5becb1d5-8db3--8b7c-b854db2d4a0c",
    "timestamp": "unknown"
  },
  {
    "title": "Phase  Open-Label Extension Study Of Donidalorsen In Patients With Hereditary Angioedema A -Year Analysis. KB",
    "link": "https://ir.ionis.com/static-files/5becb1d5-8db3--8b7c-b854db2d4a0c",
    "timestamp": "unknown"
  },
  {
    "title": "Real-world Impact of Long-term Prophylaxis on the Clinical Burden of Patients with Hereditary Angioedema. KB",
    "link": "https://ir.ionis.com/static-files/1db3744d-7acb-484b-a233-59b730136350",
    "timestamp": "unknown"
  },
  {
    "title": "Real-world Impact of Long-term Prophylaxis on the Clinical Burden of Patients with Hereditary Angioedema. KB",
    "link": "https://ir.ionis.com/static-files/1db3744d-7acb-484b-a233-59b730136350",
    "timestamp": "unknown"
  },
  {
    "title": "Real-world Impact of Long-term Prophylaxis on the Clinical Burden of Patients with Hereditary Angioedema. KB",
    "link": "https://ir.ionis.com/static-files/1db3744d-7acb-484b-a233-59b730136350",
    "timestamp": "unknown"
  },
  {
    "title": "Real-world Impact of Long-term Prophylaxis on the Clinical Burden of Patients with Hereditary Angioedema. KB",
    "link": "https://ir.ionis.com/static-files/1db3744d-7acb-484b-a233-59b730136350",
    "timestamp": "unknown"
  },
  {
    "title": "Real-world Impact of Long-term Prophylaxis on the Clinical Burden of Patients with Hereditary Angioedema. KB",
    "link": "https://ir.ionis.com/static-files/1db3744d-7acb-484b-a233-59b730136350",
    "timestamp": "unknown"
  },
  {
    "title": "Real-world Impact of Long-term Prophylaxis on the Clinical Burden of Patients with Hereditary Angioedema. KB",
    "link": "https://ir.ionis.com/static-files/1db3744d-7acb-484b-a233-59b730136350",
    "timestamp": "unknown"
  },
  {
    "title": "Real-world Impact of Long-term Prophylaxis on the Clinical Burden of Patients with Hereditary Angioedema. KB",
    "link": "https://ir.ionis.com/static-files/1db3744d-7acb-484b-a233-59b730136350",
    "timestamp": "unknown"
  },
  {
    "title": "Switching to Donidalorsen for Hereditary Angioedema -Year Results From the Phase  OASISplus Study. KB",
    "link": "https://ir.ionis.com/static-files/13388a04-bd7b--b19e-4f373fc325c2",
    "timestamp": "unknown"
  },
  {
    "title": "Switching to Donidalorsen for Hereditary Angioedema -Year Results From the Phase  OASISplus Study. KB",
    "link": "https://ir.ionis.com/static-files/13388a04-bd7b--b19e-4f373fc325c2",
    "timestamp": "unknown"
  },
  {
    "title": "Switching to Donidalorsen for Hereditary Angioedema -Year Results From the Phase  OASISplus Study. KB",
    "link": "https://ir.ionis.com/static-files/13388a04-bd7b--b19e-4f373fc325c2",
    "timestamp": "unknown"
  },
  {
    "title": "Switching to Donidalorsen for Hereditary Angioedema -Year Results From the Phase  OASISplus Study. KB",
    "link": "https://ir.ionis.com/static-files/13388a04-bd7b--b19e-4f373fc325c2",
    "timestamp": "unknown"
  },
  {
    "title": "Switching to Donidalorsen for Hereditary Angioedema -Year Results From the Phase  OASISplus Study. KB",
    "link": "https://ir.ionis.com/static-files/13388a04-bd7b--b19e-4f373fc325c2",
    "timestamp": "unknown"
  },
  {
    "title": "Switching to Donidalorsen for Hereditary Angioedema -Year Results From the Phase  OASISplus Study. KB",
    "link": "https://ir.ionis.com/static-files/13388a04-bd7b--b19e-4f373fc325c2",
    "timestamp": "unknown"
  },
  {
    "title": "Switching to Donidalorsen for Hereditary Angioedema -Year Results From the Phase  OASISplus Study. KB",
    "link": "https://ir.ionis.com/static-files/13388a04-bd7b--b19e-4f373fc325c2",
    "timestamp": "unknown"
  },
  {
    "title": "Oct ,EDTThird Quarter  Financial Results WebcastListen to webcastSupporting MaterialsIonis 3Q25 Earnings Slides. MB",
    "link": "https://ir.ionis.com/events/event-details/third-quarter--financial-results-webcast",
    "timestamp": "unknown"
  },
  {
    "title": "Oct ,EDTThird Quarter  Financial Results WebcastListen to webcastSupporting MaterialsIonis 3Q25 Earnings Slides. MB",
    "link": "https://ir.ionis.com/events/event-details/third-quarter--financial-results-webcast",
    "timestamp": "unknown"
  },
  {
    "title": "Oct ,EDTThird Quarter  Financial Results WebcastListen to webcastSupporting MaterialsIonis 3Q25 Earnings Slides. MB",
    "link": "https://ir.ionis.com/events/event-details/third-quarter--financial-results-webcast",
    "timestamp": "unknown"
  },
  {
    "title": "Third Quarter  Financial Results WebcastListen to webcastSupporting MaterialsIonis 3Q25 Earnings Slides. MB",
    "link": "https://ir.ionis.com/events/event-details/third-quarter--financial-results-webcast",
    "timestamp": "unknown"
  },
  {
    "title": "Third Quarter  Financial Results Webcast",
    "link": "https://ir.ionis.com/events/event-details/third-quarter--financial-results-webcast",
    "timestamp": "unknown"
  },
  {
    "title": "Third Quarter  Financial Results Webcast",
    "link": "https://ir.ionis.com/events/event-details/third-quarter--financial-results-webcast",
    "timestamp": "unknown"
  },
  {
    "title": "Third Quarter  Financial Results Webcast",
    "link": "https://ir.ionis.com/events/event-details/third-quarter--financial-results-webcast",
    "timestamp": "unknown"
  },
  {
    "title": "Listen to webcast",
    "link": "https://app.webinar.net/n3NGQ9k1wxX",
    "timestamp": "unknown"
  },
  {
    "title": "Listen to webcast",
    "link": "https://app.webinar.net/n3NGQ9k1wxX",
    "timestamp": "unknown"
  },
  {
    "title": "Listen to webcast",
    "link": "https://app.webinar.net/n3NGQ9k1wxX",
    "timestamp": "unknown"
  },
  {
    "title": "Supporting MaterialsIonis 3Q25 Earnings Slides. MB",
    "link": "https://ir.ionis.com/static-files/c1a8916e-5a84-40c5-af2b-ec2a39bb997a",
    "timestamp": "unknown"
  },
  {
    "title": "Ionis 3Q25 Earnings Slides. MB",
    "link": "https://ir.ionis.com/static-files/c1a8916e-5a84-40c5-af2b-ec2a39bb997a",
    "timestamp": "unknown"
  },
  {
    "title": "Ionis 3Q25 Earnings Slides. MB",
    "link": "https://ir.ionis.com/static-files/c1a8916e-5a84-40c5-af2b-ec2a39bb997a",
    "timestamp": "unknown"
  },
  {
    "title": "Ionis 3Q25 Earnings Slides. MB",
    "link": "https://ir.ionis.com/static-files/c1a8916e-5a84-40c5-af2b-ec2a39bb997a",
    "timestamp": "unknown"
  },
  {
    "title": "Ionis 3Q25 Earnings Slides. MB",
    "link": "https://ir.ionis.com/static-files/c1a8916e-5a84-40c5-af2b-ec2a39bb997a",
    "timestamp": "unknown"
  },
  {
    "title": "Ionis 3Q25 Earnings Slides. MB",
    "link": "https://ir.ionis.com/static-files/c1a8916e-5a84-40c5-af2b-ec2a39bb997a",
    "timestamp": "unknown"
  },
  {
    "title": "Ionis 3Q25 Earnings Slides. MB",
    "link": "https://ir.ionis.com/static-files/c1a8916e-5a84-40c5-af2b-ec2a39bb997a",
    "timestamp": "unknown"
  },
  {
    "title": "Ionis 3Q25 Earnings Slides. MB",
    "link": "https://ir.ionis.com/static-files/c1a8916e-5a84-40c5-af2b-ec2a39bb997a",
    "timestamp": "unknown"
  },
  {
    "title": "Ionis 3Q25 Earnings Slides. MB",
    "link": "https://ir.ionis.com/static-files/c1a8916e-5a84-40c5-af2b-ec2a39bb997a",
    "timestamp": "unknown"
  },
  {
    "title": "Ionis 3Q25 Earnings Slides. MB",
    "link": "https://ir.ionis.com/static-files/c1a8916e-5a84-40c5-af2b-ec2a39bb997a",
    "timestamp": "unknown"
  },
  {
    "title": "Legal and Compliance:Legal NoticeCode of Ethics and Business ConductPrivacy PolicyConsumer Health Data Privacy PolicyYour Privacy ChoicesAkcea Therape",
    "link": "https://www.ionis.com/legal-notice",
    "timestamp": "unknown"
  },
  {
    "title": "Legal Notice",
    "link": "https://www.ionis.com/legal-notice",
    "timestamp": "unknown"
  },
  {
    "title": "Code of Ethics and Business Conduct",
    "link": "https://ir.ionis.com/static-files/3f5d8e58-e36b-4b71-9d9b-9397317c85b5",
    "timestamp": "unknown"
  },
  {
    "title": "Privacy Policy",
    "link": "https://www.ionis.com/privacy-policy",
    "timestamp": "unknown"
  },
  {
    "title": "Consumer Health Data Privacy Policy",
    "link": "https://ionis.com/consumer-health-data-privacy-policy",
    "timestamp": "unknown"
  },
  {
    "title": "Your Privacy Choices",
    "link": "https://privacyportal.onetrust.com/ui/#/preferences/multipage/login/f37aaeb0-529a-4c60-9cd2-fd3a2479a03c",
    "timestamp": "unknown"
  },
  {
    "title": "Akcea Therapeutics",
    "link": "https://www.ionis.com/about-us/the-ionis-story#akcea",
    "timestamp": "unknown"
  },
  {
    "title": "Information For:Medical ProfessionalsInvestors & MediaJob SeekersSuppliers",
    "link": "https://www.ionis.com/medical-professionals",
    "timestamp": "unknown"
  },
  {
    "title": "Medical Professionals",
    "link": "https://www.ionis.com/medical-professionals",
    "timestamp": "unknown"
  },
  {
    "title": "Investors & Media",
    "link": "https://ir.ionis.com/",
    "timestamp": "unknown"
  },
  {
    "title": "Job Seekers",
    "link": "https://www.ionis.com/careers",
    "timestamp": "unknown"
  },
  {
    "title": "Suppliers",
    "link": "https://www.ionis.com/suppliers",
    "timestamp": "unknown"
  },
  {
    "title": "Explore:Our StoryOur ScienceOur PipelineOur CultureOur News",
    "link": "https://www.ionis.com/about-us/the-ionis-story",
    "timestamp": "unknown"
  },
  {
    "title": "Our Story",
    "link": "https://www.ionis.com/about-us/the-ionis-story",
    "timestamp": "unknown"
  },
  {
    "title": "Our Science",
    "link": "https://www.ionis.com/science-and-innovation",
    "timestamp": "unknown"
  },
  {
    "title": "Our Pipeline",
    "link": "https://www.ionis.com/science-and-innovation/pipeline",
    "timestamp": "unknown"
  },
  {
    "title": "Our Culture",
    "link": "https://www.ionis.com/careers",
    "timestamp": "unknown"
  },
  {
    "title": "Our News",
    "link": "https://ir.ionis.com/investor-news/press-releases",
    "timestamp": "unknown"
  },
  {
    "title": "Stay Connected:Contact UsLinkedInXInstagramFacebookCommunity Guidelines",
    "link": "https://www.ionis.com/contact-us",
    "timestamp": "unknown"
  },
  {
    "title": "Contact Us",
    "link": "https://www.ionis.com/contact-us",
    "timestamp": "unknown"
  },
  {
    "title": "LinkedIn",
    "link": "https://www.linkedin.com/company/ionis-pharmaceuticals",
    "timestamp": "unknown"
  },
  {
    "title": "X",
    "link": "https://x.com/ionispharma",
    "timestamp": "unknown"
  },
  {
    "title": "Instagram",
    "link": "https://www.instagram.com/ionis_pharma",
    "timestamp": "unknown"
  },
  {
    "title": "Facebook",
    "link": "https://www.facebook.com/ionispharma",
    "timestamp": "unknown"
  },
  {
    "title": "Community Guidelines",
    "link": "https://www.ionis.com/community-guidelines",
    "timestamp": "unknown"
  }
]