[
  {
    "title": "Investors & MediaNewsroomEventsStock InformationFinancialsGovernanceInvestor ResourcesMedical ProfessionalsCareersApply to IonisIntern ProgramPostdoct",
    "link": "https://ir.ionis.com/",
    "timestamp": "unknown"
  },
  {
    "title": "Investors & MediaNewsroomEventsStock InformationFinancialsGovernanceInvestor ResourcesMedical ProfessionalsCareersApply to IonisIntern ProgramPostdoct",
    "link": "https://ir.ionis.com/",
    "timestamp": "unknown"
  },
  {
    "title": "Investors & MediaNewsroomEventsStock InformationFinancialsGovernanceInvestor ResourcesMedical ProfessionalsCareersApply to IonisIntern ProgramPostdoct",
    "link": "https://ir.ionis.com/",
    "timestamp": "unknown"
  },
  {
    "title": "Investors & MediaNewsroomEventsStock InformationFinancialsGovernanceInvestor Resources",
    "link": "https://ir.ionis.com/",
    "timestamp": "unknown"
  },
  {
    "title": "Newsroom",
    "link": "https://ir.ionis.com/newsroom/press-releases",
    "timestamp": "unknown"
  },
  {
    "title": "Events",
    "link": "https://ir.ionis.com/events",
    "timestamp": "unknown"
  },
  {
    "title": "Stock Information",
    "link": "https://ir.ionis.com/stock-information/stock-quote-and-chart",
    "timestamp": "unknown"
  },
  {
    "title": "Financials",
    "link": "https://ir.ionis.com/financial-information/sec-filings",
    "timestamp": "unknown"
  },
  {
    "title": "Governance",
    "link": "https://ir.ionis.com/corporate-governance/highlights",
    "timestamp": "unknown"
  },
  {
    "title": "Investor Resources",
    "link": "https://ir.ionis.com/investor-resources/investor-faqs",
    "timestamp": "unknown"
  },
  {
    "title": "Medical Professionals",
    "link": "https://www.ionis.com/medical-professionals",
    "timestamp": "unknown"
  },
  {
    "title": "CareersApply to IonisIntern ProgramPostdoctoral Program",
    "link": "https://www.ionis.com/careers",
    "timestamp": "unknown"
  },
  {
    "title": "Apply to Ionis",
    "link": "https://www.ionis.com/careers/apply-to-ionis",
    "timestamp": "unknown"
  },
  {
    "title": "Intern Program",
    "link": "https://www.ionis.com/careers/intern-program",
    "timestamp": "unknown"
  },
  {
    "title": "Postdoctoral Program",
    "link": "https://www.ionis.com/careers/postdoctoral-program",
    "timestamp": "unknown"
  },
  {
    "title": "Contact Us",
    "link": "https://www.ionis.com/contact-us",
    "timestamp": "unknown"
  },
  {
    "title": "Main navigationAbout UsOur LeadershipOur CultureCorporate ResponsibilityGrants & SponsorshipsAreas of FocusScience & InnovationPipelineClinical Trials",
    "link": "https://www.ionis.com/",
    "timestamp": "unknown"
  },
  {
    "title": "Main navigationAbout UsOur LeadershipOur CultureCorporate ResponsibilityGrants & SponsorshipsAreas of FocusScience & InnovationPipelineClinical Trials",
    "link": "https://www.ionis.com/",
    "timestamp": "unknown"
  },
  {
    "title": "About UsOur LeadershipOur CultureCorporate ResponsibilityGrants & Sponsorships",
    "link": "https://www.ionis.com/about-us/the-ionis-story",
    "timestamp": "unknown"
  },
  {
    "title": "Our Leadership",
    "link": "https://www.ionis.com/about-us/our-leadership",
    "timestamp": "unknown"
  },
  {
    "title": "Our Culture",
    "link": "https://ionis.com/about-us/our-culture",
    "timestamp": "unknown"
  },
  {
    "title": "Corporate Responsibility",
    "link": "https://www.ionis.com/about-us/corporate-responsibility",
    "timestamp": "unknown"
  },
  {
    "title": "Grants & Sponsorships",
    "link": "https://www.ionis.com/about-us/grants-and-sponsorships",
    "timestamp": "unknown"
  },
  {
    "title": "Areas of Focus",
    "link": "https://www.ionis.com/areas-of-focus",
    "timestamp": "unknown"
  },
  {
    "title": "Science & InnovationPipelineClinical TrialsIon-ARPA Initiative",
    "link": "https://www.ionis.com/science-and-innovation",
    "timestamp": "unknown"
  },
  {
    "title": "Pipeline",
    "link": "https://www.ionis.com/science-and-innovation/pipeline",
    "timestamp": "unknown"
  },
  {
    "title": "Clinical Trials",
    "link": "https://ionistrials.com/",
    "timestamp": "unknown"
  },
  {
    "title": "Ion-ARPA Initiative",
    "link": "https://www.ionis.com/science-and-innovation/ion-arpa-initiative",
    "timestamp": "unknown"
  },
  {
    "title": "Medicines",
    "link": "https://www.ionis.com/medicines",
    "timestamp": "unknown"
  },
  {
    "title": "Patients & AdvocacyPatient StoriesPatient ResourcesExpanded Access Policy",
    "link": "https://www.ionis.com/patients-and-advocacy",
    "timestamp": "unknown"
  },
  {
    "title": "Patient Stories",
    "link": "https://www.ionis.com/patients-and-advocacy/patient-stories",
    "timestamp": "unknown"
  },
  {
    "title": "Patient Resources",
    "link": "https://www.ionis.com/patients-and-advocacy/patient-resources",
    "timestamp": "unknown"
  },
  {
    "title": "Expanded Access Policy",
    "link": "https://www.ionis.com/patients-and-advocacy/expanded-access-policy",
    "timestamp": "unknown"
  },
  {
    "title": "Media CenterInvestor RelationsOverviewNewsroomPress ReleasesCompany StatementsInBriefsMedia CenterEventsStock InformationStock Quote & ChartAnalyst Co",
    "link": "https://ir.ionis.com/",
    "timestamp": "unknown"
  },
  {
    "title": "Media CenterInvestor RelationsOverviewNewsroomPress ReleasesCompany StatementsInBriefsMedia CenterEventsStock InformationStock Quote & ChartAnalyst Co",
    "link": "https://ir.ionis.com/",
    "timestamp": "unknown"
  },
  {
    "title": "Media CenterInvestor RelationsOverviewNewsroomPress ReleasesCompany StatementsInBriefsMedia CenterEventsStock InformationStock Quote & ChartAnalyst Co",
    "link": "https://ir.ionis.com/",
    "timestamp": "unknown"
  },
  {
    "title": "Media CenterInvestor RelationsOverviewNewsroomPress ReleasesCompany StatementsInBriefsMedia CenterEventsStock InformationStock Quote & ChartAnalyst Co",
    "link": "https://ir.ionis.com/",
    "timestamp": "unknown"
  },
  {
    "title": "Media CenterInvestor RelationsOverviewNewsroomPress ReleasesCompany StatementsInBriefsMedia CenterEventsStock InformationStock Quote & ChartAnalyst Co",
    "link": "https://ir.ionis.com/",
    "timestamp": "unknown"
  },
  {
    "title": "Media CenterInvestor RelationsOverviewNewsroomPress ReleasesCompany StatementsInBriefsMedia CenterEventsStock InformationStock Quote & ChartAnalyst Co",
    "link": "https://ir.ionis.com/",
    "timestamp": "unknown"
  },
  {
    "title": "Media CenterInvestor RelationsOverviewNewsroomPress ReleasesCompany StatementsInBriefsMedia CenterEventsStock InformationStock Quote & ChartAnalyst Co",
    "link": "https://ir.ionis.com/",
    "timestamp": "unknown"
  },
  {
    "title": "Media CenterInvestor RelationsOverviewNewsroomPress ReleasesCompany StatementsInBriefsMedia CenterEventsStock InformationStock Quote & ChartAnalyst Co",
    "link": "https://ir.ionis.com/",
    "timestamp": "unknown"
  },
  {
    "title": "Media CenterInvestor RelationsOverviewNewsroomPress ReleasesCompany StatementsInBriefsMedia CenterEventsStock InformationStock Quote & ChartAnalyst Co",
    "link": "https://ir.ionis.com/",
    "timestamp": "unknown"
  },
  {
    "title": "Media CenterInvestor RelationsOverviewNewsroomPress ReleasesCompany StatementsInBriefsMedia CenterEventsStock InformationStock Quote & ChartAnalyst Co",
    "link": "https://ir.ionis.com/",
    "timestamp": "unknown"
  },
  {
    "title": "Media CenterInvestor RelationsOverviewNewsroomPress ReleasesCompany StatementsInBriefsMedia CenterEventsStock InformationStock Quote & ChartAnalyst Co",
    "link": "https://ir.ionis.com/",
    "timestamp": "unknown"
  },
  {
    "title": "Media CenterInvestor RelationsOverviewNewsroomPress ReleasesCompany StatementsInBriefsMedia CenterEventsStock InformationStock Quote & ChartAnalyst Co",
    "link": "https://ir.ionis.com/",
    "timestamp": "unknown"
  },
  {
    "title": "Media CenterInvestor RelationsOverviewNewsroomPress ReleasesCompany StatementsInBriefsMedia CenterEventsStock InformationStock Quote & ChartAnalyst Co",
    "link": "https://ir.ionis.com/",
    "timestamp": "unknown"
  },
  {
    "title": "Investor RelationsOverviewNewsroomPress ReleasesCompany StatementsInBriefsMedia CenterEventsStock InformationStock Quote & ChartAnalyst CoverageOwners",
    "link": "https://ir.ionis.com/",
    "timestamp": "unknown"
  },
  {
    "title": "Investor RelationsOverviewNewsroomPress ReleasesCompany StatementsInBriefsMedia CenterEventsStock InformationStock Quote & ChartAnalyst CoverageOwners",
    "link": "https://ir.ionis.com/",
    "timestamp": "unknown"
  },
  {
    "title": "Overview",
    "link": "https://ir.ionis.com/",
    "timestamp": "unknown"
  },
  {
    "title": "NewsroomPress ReleasesCompany StatementsInBriefsMedia Center",
    "link": "https://ir.ionis.com/news-releases",
    "timestamp": "unknown"
  },
  {
    "title": "Press Releases",
    "link": "https://ir.ionis.com/newsroom/press-releases",
    "timestamp": "unknown"
  },
  {
    "title": "Company Statements",
    "link": "https://ir.ionis.com/newsroom/company-statements",
    "timestamp": "unknown"
  },
  {
    "title": "InBriefs",
    "link": "https://ir.ionis.com/newsroom/inbriefs",
    "timestamp": "unknown"
  },
  {
    "title": "Media Center",
    "link": "https://www.ionis.com/media-center/",
    "timestamp": "unknown"
  },
  {
    "title": "Events",
    "link": "https://ir.ionis.com/events",
    "timestamp": "unknown"
  },
  {
    "title": "Stock InformationStock Quote & ChartAnalyst CoverageOwnership Profile",
    "link": "https://ir.ionis.com/stock-information/stock-quote-and-chart",
    "timestamp": "unknown"
  },
  {
    "title": "Stock Quote & Chart",
    "link": "https://ir.ionis.com/stock-information/stock-quote-and-chart",
    "timestamp": "unknown"
  },
  {
    "title": "Analyst Coverage",
    "link": "https://ir.ionis.com/stock-information/analyst-coverage",
    "timestamp": "unknown"
  },
  {
    "title": "Ownership Profile",
    "link": "https://ir.ionis.com/stock-information/ownership-profile",
    "timestamp": "unknown"
  },
  {
    "title": "FinancialsSEC FilingsAnnual Reports",
    "link": "https://ir.ionis.com/financial-information/annual-reports",
    "timestamp": "unknown"
  },
  {
    "title": "SEC Filings",
    "link": "https://ir.ionis.com/financial-information/sec-filings",
    "timestamp": "unknown"
  },
  {
    "title": "Annual Reports",
    "link": "https://ir.ionis.com/financial-information/annual-reports",
    "timestamp": "unknown"
  },
  {
    "title": "GovernanceGovernance DocumentsCommittee Composition",
    "link": "https://ir.ionis.com/corporate-governance/highlights",
    "timestamp": "unknown"
  },
  {
    "title": "Governance Documents",
    "link": "https://ir.ionis.com/corporate-governance/highlights",
    "timestamp": "unknown"
  },
  {
    "title": "Committee Composition",
    "link": "https://ir.ionis.com/corporate-governance/committee-composition",
    "timestamp": "unknown"
  },
  {
    "title": "Investor ResourcesInvestor FAQsSettlement InformationContact Us",
    "link": "https://ir.ionis.com/investor-resources/investor-faqs",
    "timestamp": "unknown"
  },
  {
    "title": "Investor FAQs",
    "link": "https://ir.ionis.com/investor-resources/investor-faqs",
    "timestamp": "unknown"
  },
  {
    "title": "Settlement Information",
    "link": "https://ir.ionis.com/investor-resources/settlement-information",
    "timestamp": "unknown"
  },
  {
    "title": "Contact Us",
    "link": "https://www.ionis.com/contact-us",
    "timestamp": "unknown"
  },
  {
    "title": "Investor Email Alerts",
    "link": "https://ir.ionis.com/email-alerts",
    "timestamp": "unknown"
  },
  {
    "title": "Investor contact--Email",
    "link": "tel:--",
    "timestamp": "unknown"
  },
  {
    "title": "Investor contact--Email",
    "link": "tel:--",
    "timestamp": "unknown"
  },
  {
    "title": "Investor contact--Email",
    "link": "tel:--",
    "timestamp": "unknown"
  },
  {
    "title": "Investor contact--Email",
    "link": "tel:--",
    "timestamp": "unknown"
  },
  {
    "title": "--",
    "link": "tel:--",
    "timestamp": "unknown"
  },
  {
    "title": "Email",
    "link": "mailto:ir@ionis.com",
    "timestamp": "unknown"
  },
  {
    "title": "Media contact--Email",
    "link": "tel:--",
    "timestamp": "unknown"
  },
  {
    "title": "Media contact--Email",
    "link": "tel:--",
    "timestamp": "unknown"
  },
  {
    "title": "Media contact--Email",
    "link": "tel:--",
    "timestamp": "unknown"
  },
  {
    "title": "Media contact--Email",
    "link": "tel:--",
    "timestamp": "unknown"
  },
  {
    "title": "--",
    "link": "tel:--",
    "timestamp": "unknown"
  },
  {
    "title": "Email",
    "link": "mailto:media@ionis.com",
    "timestamp": "unknown"
  },
  {
    "title": "SEC FilingsGroupAll,,Annual FilingsCurrent ReportsMergers & AcquisitionsOtherProxy FilingsQuarterly FilingsRegistration StatementsFiling yearAllFiling",
    "link": "https://ir.ionis.com/financial-information/sec-filings?items_per_page=&order=field_nir_sec_date_filed&sort=asc",
    "timestamp": "unknown"
  },
  {
    "title": "SEC FilingsGroupAll,,Annual FilingsCurrent ReportsMergers & AcquisitionsOtherProxy FilingsQuarterly FilingsRegistration StatementsFiling yearAllFiling",
    "link": "https://ir.ionis.com/financial-information/sec-filings?items_per_page=&order=field_nir_sec_date_filed&sort=asc",
    "timestamp": "unknown"
  },
  {
    "title": "SEC FilingsGroupAll,,Annual FilingsCurrent ReportsMergers & AcquisitionsOtherProxy FilingsQuarterly FilingsRegistration StatementsFiling yearAllFiling",
    "link": "https://ir.ionis.com/financial-information/sec-filings?items_per_page=&order=field_nir_sec_date_filed&sort=asc",
    "timestamp": "unknown"
  },
  {
    "title": "SEC FilingsGroupAll,,Annual FilingsCurrent ReportsMergers & AcquisitionsOtherProxy FilingsQuarterly FilingsRegistration StatementsFiling yearAllFiling",
    "link": "https://ir.ionis.com/financial-information/sec-filings?items_per_page=&order=field_nir_sec_date_filed&sort=asc",
    "timestamp": "unknown"
  },
  {
    "title": "GroupAll,,Annual FilingsCurrent ReportsMergers & AcquisitionsOtherProxy FilingsQuarterly FilingsRegistration StatementsFiling yearAllFiling DateFormDe",
    "link": "https://ir.ionis.com/financial-information/sec-filings?items_per_page=&order=field_nir_sec_date_filed&sort=asc",
    "timestamp": "unknown"
  },
  {
    "title": "GroupAll,,Annual FilingsCurrent ReportsMergers & AcquisitionsOtherProxy FilingsQuarterly FilingsRegistration StatementsFiling yearAllFiling DateFormDe",
    "link": "https://ir.ionis.com/financial-information/sec-filings?items_per_page=&order=field_nir_sec_date_filed&sort=asc",
    "timestamp": "unknown"
  },
  {
    "title": "GroupAll,,Annual FilingsCurrent ReportsMergers & AcquisitionsOtherProxy FilingsQuarterly FilingsRegistration StatementsFiling yearAllFiling DateFormDe",
    "link": "https://ir.ionis.com/financial-information/sec-filings?items_per_page=&order=field_nir_sec_date_filed&sort=asc",
    "timestamp": "unknown"
  },
  {
    "title": "GroupAll,,Annual FilingsCurrent ReportsMergers & AcquisitionsOtherProxy FilingsQuarterly FilingsRegistration StatementsFiling yearAllFiling DateFormDe",
    "link": "https://ir.ionis.com/financial-information/sec-filings?items_per_page=&order=field_nir_sec_date_filed&sort=asc",
    "timestamp": "unknown"
  },
  {
    "title": "GroupAll,,Annual FilingsCurrent ReportsMergers & AcquisitionsOtherProxy FilingsQuarterly FilingsRegistration StatementsFiling yearAllFiling DateFormDe",
    "link": "https://ir.ionis.com/financial-information/sec-filings?items_per_page=&order=field_nir_sec_date_filed&sort=asc",
    "timestamp": "unknown"
  },
  {
    "title": "GroupAll,,Annual FilingsCurrent ReportsMergers & AcquisitionsOtherProxy FilingsQuarterly FilingsRegistration StatementsFiling yearAllFiling DateFormDe",
    "link": "https://ir.ionis.com/financial-information/sec-filings?items_per_page=&order=field_nir_sec_date_filed&sort=asc",
    "timestamp": "unknown"
  },
  {
    "title": "GroupAll,,Annual FilingsCurrent ReportsMergers & AcquisitionsOtherProxy FilingsQuarterly FilingsRegistration StatementsFiling yearAllFiling DateFormDe",
    "link": "https://ir.ionis.com/financial-information/sec-filings?items_per_page=&order=field_nir_sec_date_filed&sort=asc",
    "timestamp": "unknown"
  },
  {
    "title": "GroupAll,,Annual FilingsCurrent ReportsMergers & AcquisitionsOtherProxy FilingsQuarterly FilingsRegistration StatementsFiling yearAllFiling DateFormDe",
    "link": "https://ir.ionis.com/financial-information/sec-filings?items_per_page=&order=field_nir_sec_date_filed&sort=asc",
    "timestamp": "unknown"
  },
  {
    "title": "GroupAll,,Annual FilingsCurrent ReportsMergers & AcquisitionsOtherProxy FilingsQuarterly FilingsRegistration StatementsFiling yearAllFiling DateFormDe",
    "link": "https://ir.ionis.com/financial-information/sec-filings?items_per_page=&order=field_nir_sec_date_filed&sort=asc",
    "timestamp": "unknown"
  },
  {
    "title": "GroupAll,,Annual FilingsCurrent ReportsMergers & AcquisitionsOtherProxy FilingsQuarterly FilingsRegistration StatementsFiling yearAllFiling DateFormDe",
    "link": "https://ir.ionis.com/financial-information/sec-filings?items_per_page=&order=field_nir_sec_date_filed&sort=asc",
    "timestamp": "unknown"
  },
  {
    "title": "GroupAll,,Annual FilingsCurrent ReportsMergers & AcquisitionsOtherProxy FilingsQuarterly FilingsRegistration StatementsFiling yearAllFiling DateFormDe",
    "link": "https://ir.ionis.com/financial-information/sec-filings?items_per_page=&order=field_nir_sec_date_filed&sort=asc",
    "timestamp": "unknown"
  },
  {
    "title": "GroupAll,,Annual FilingsCurrent ReportsMergers & AcquisitionsOtherProxy FilingsQuarterly FilingsRegistration StatementsFiling yearAllFiling DateFormDe",
    "link": "https://ir.ionis.com/financial-information/sec-filings?items_per_page=&order=field_nir_sec_date_filed&sort=asc",
    "timestamp": "unknown"
  },
  {
    "title": "GroupAll,,Annual FilingsCurrent ReportsMergers & AcquisitionsOtherProxy FilingsQuarterly FilingsRegistration StatementsFiling yearAllFiling DateFormDe",
    "link": "https://ir.ionis.com/financial-information/sec-filings?items_per_page=&order=field_nir_sec_date_filed&sort=asc",
    "timestamp": "unknown"
  },
  {
    "title": "GroupAll,,Annual FilingsCurrent ReportsMergers & AcquisitionsOtherProxy FilingsQuarterly FilingsRegistration StatementsFiling yearAllFiling DateFormDe",
    "link": "https://ir.ionis.com/financial-information/sec-filings?items_per_page=&order=field_nir_sec_date_filed&sort=asc",
    "timestamp": "unknown"
  },
  {
    "title": "GroupAll,,Annual FilingsCurrent ReportsMergers & AcquisitionsOtherProxy FilingsQuarterly FilingsRegistration StatementsFiling yearAllFiling DateFormDe",
    "link": "https://ir.ionis.com/financial-information/sec-filings?items_per_page=&order=field_nir_sec_date_filed&sort=asc",
    "timestamp": "unknown"
  },
  {
    "title": "Filing DateFormDescriptionFiling GroupViewSep ,-KReport of unscheduled material events or corporate eventCurrent Reports--.rtf--.xls--.pdfEX-.SCH - XB",
    "link": "https://ir.ionis.com/financial-information/sec-filings?items_per_page=&order=field_nir_sec_date_filed&sort=asc",
    "timestamp": "unknown"
  },
  {
    "title": "Filing DateFormDescriptionFiling GroupView",
    "link": "https://ir.ionis.com/financial-information/sec-filings?items_per_page=&order=field_nir_sec_date_filed&sort=asc",
    "timestamp": "unknown"
  },
  {
    "title": "Sep ,-KReport of unscheduled material events or corporate eventCurrent Reports--.rtf--.xls--.pdfEX-.SCH - XBRL TAXONOMY EXTENSION SCHEMA",
    "link": "https://ir.ionis.com/sec-filings/sec-filing/-k/--",
    "timestamp": "unknown"
  },
  {
    "title": "--.rtf--.xls--.pdfEX-.SCH - XBRL TAXONOMY EXTENSION SCHEMA",
    "link": "https://ir.ionis.com/static-files/5a5f93e6-5e4d-41b5-bded-5d2e998331d5",
    "timestamp": "unknown"
  },
  {
    "title": "--.rtf",
    "link": "https://ir.ionis.com/static-files/5a5f93e6-5e4d-41b5-bded-5d2e998331d5",
    "timestamp": "unknown"
  },
  {
    "title": "--.xls",
    "link": "https://ir.ionis.com/static-files/ec4daaf7-7d96-47f7-aa18-a8e2e5190d66",
    "timestamp": "unknown"
  },
  {
    "title": "--.pdf",
    "link": "https://ir.ionis.com/static-files/cec424ab-49ff-4ccd-8e2b-4c22107e7d57",
    "timestamp": "unknown"
  },
  {
    "title": "Aug ,Filed by \"insiders\" prior intended sale of restricted stock. Non-EDGAR filingOther--.rtf--.pdf",
    "link": "https://ir.ionis.com/sec-filings/sec-filing//--",
    "timestamp": "unknown"
  },
  {
    "title": "--.rtf--.pdf",
    "link": "https://ir.ionis.com/static-files/8336212d-a74c-43f4-ad49-95271e6b2788",
    "timestamp": "unknown"
  },
  {
    "title": "--.rtf",
    "link": "https://ir.ionis.com/static-files/8336212d-a74c-43f4-ad49-95271e6b2788",
    "timestamp": "unknown"
  },
  {
    "title": "--.pdf",
    "link": "https://ir.ionis.com/static-files/b8c8b1e4-7ad6-47e7-af83-ecdf6bfd2856",
    "timestamp": "unknown"
  },
  {
    "title": "Aug ,Statement of changes in beneficial ownership of securities,,--.rtf--.xls--.pdf",
    "link": "https://ir.ionis.com/sec-filings/sec-filing//--",
    "timestamp": "unknown"
  },
  {
    "title": "--.rtf--.xls--.pdf",
    "link": "https://ir.ionis.com/static-files/5feaa9d1-71fb-426f--e13a454951a8",
    "timestamp": "unknown"
  },
  {
    "title": "--.rtf",
    "link": "https://ir.ionis.com/static-files/5feaa9d1-71fb-426f--e13a454951a8",
    "timestamp": "unknown"
  },
  {
    "title": "--.xls",
    "link": "https://ir.ionis.com/static-files/d8dd91b7-2b3b-4f0a-a001-6ad6e7dd7687",
    "timestamp": "unknown"
  },
  {
    "title": "--.pdf",
    "link": "https://ir.ionis.com/static-files/-2ca8-4d95-96fe-a2d19d5daf22",
    "timestamp": "unknown"
  },
  {
    "title": "Aug ,-KReport of unscheduled material events or corporate eventCurrent Reports--.rtf--.xls--.pdfEX-.SCH - XBRL TAXONOMY EXTENSION SCHEMA",
    "link": "https://ir.ionis.com/sec-filings/sec-filing/-k/--",
    "timestamp": "unknown"
  },
  {
    "title": "--.rtf--.xls--.pdfEX-.SCH - XBRL TAXONOMY EXTENSION SCHEMA",
    "link": "https://ir.ionis.com/static-files/6c969614-cd9e--88e1-7d1e72ad24c4",
    "timestamp": "unknown"
  },
  {
    "title": "--.rtf",
    "link": "https://ir.ionis.com/static-files/6c969614-cd9e--88e1-7d1e72ad24c4",
    "timestamp": "unknown"
  },
  {
    "title": "--.xls",
    "link": "https://ir.ionis.com/static-files/230ae5fa-e654-46b8-994c-5db34e555e37",
    "timestamp": "unknown"
  },
  {
    "title": "--.pdf",
    "link": "https://ir.ionis.com/static-files/cbaae6aa-43f9-4fb5-a90e-c3c9e9009e6f",
    "timestamp": "unknown"
  },
  {
    "title": "Aug ,Statement of changes in beneficial ownership of securities,,--.rtf--.xls--.pdf",
    "link": "https://ir.ionis.com/sec-filings/sec-filing//--",
    "timestamp": "unknown"
  },
  {
    "title": "--.rtf--.xls--.pdf",
    "link": "https://ir.ionis.com/static-files/0e59bd3f-b908-41f9-b953-ea330830788b",
    "timestamp": "unknown"
  },
  {
    "title": "--.rtf",
    "link": "https://ir.ionis.com/static-files/0e59bd3f-b908-41f9-b953-ea330830788b",
    "timestamp": "unknown"
  },
  {
    "title": "--.xls",
    "link": "https://ir.ionis.com/static-files/96121f8d-08be-48a2-94b7-3ddca7997a08",
    "timestamp": "unknown"
  },
  {
    "title": "--.pdf",
    "link": "https://ir.ionis.com/static-files/0c6b3580-f674--af82-0228984249dc",
    "timestamp": "unknown"
  },
  {
    "title": "Aug ,Filed by \"insiders\" prior intended sale of restricted stock. Non-EDGAR filingOther--.rtf--.xls--.pdf",
    "link": "https://ir.ionis.com/sec-filings/sec-filing//--",
    "timestamp": "unknown"
  },
  {
    "title": "--.rtf--.xls--.pdf",
    "link": "https://ir.ionis.com/static-files/34e4ec82-5ef9-4bcf-b82f-b9ba7f5a628e",
    "timestamp": "unknown"
  },
  {
    "title": "--.rtf",
    "link": "https://ir.ionis.com/static-files/34e4ec82-5ef9-4bcf-b82f-b9ba7f5a628e",
    "timestamp": "unknown"
  },
  {
    "title": "--.xls",
    "link": "https://ir.ionis.com/static-files/5943b88a-33bd-4d52-ad0e-317c8c1e03b9",
    "timestamp": "unknown"
  },
  {
    "title": "--.pdf",
    "link": "https://ir.ionis.com/static-files/-b402--a663-9aa299003737",
    "timestamp": "unknown"
  },
  {
    "title": "Aug ,SCHEDULE 13G/ASCHEDULE 13G/A - DescriptionOther--.rtf--.xls--.pdf",
    "link": "https://ir.ionis.com/sec-filings/sec-filing/schedule-13ga/--",
    "timestamp": "unknown"
  },
  {
    "title": "--.rtf--.xls--.pdf",
    "link": "https://ir.ionis.com/static-files/c31915a9-eda4-4a22-aeae-87cbaf7fdc1d",
    "timestamp": "unknown"
  },
  {
    "title": "--.rtf",
    "link": "https://ir.ionis.com/static-files/c31915a9-eda4-4a22-aeae-87cbaf7fdc1d",
    "timestamp": "unknown"
  },
  {
    "title": "--.xls",
    "link": "https://ir.ionis.com/static-files/857c7dc2-9f54-43ba-82cf-36a3ffbb02bd",
    "timestamp": "unknown"
  },
  {
    "title": "--.pdf",
    "link": "https://ir.ionis.com/static-files/0a7e0472-f702-44e1-a9a6-b6df3fcfad4b",
    "timestamp": "unknown"
  },
  {
    "title": "Aug ,Statement of changes in beneficial ownership of securities,,--.rtf--.xls--.pdf",
    "link": "https://ir.ionis.com/sec-filings/sec-filing//--",
    "timestamp": "unknown"
  },
  {
    "title": "--.rtf--.xls--.pdf",
    "link": "https://ir.ionis.com/static-files/1f011245---8eec-5b81277d9b76",
    "timestamp": "unknown"
  },
  {
    "title": "--.rtf",
    "link": "https://ir.ionis.com/static-files/1f011245---8eec-5b81277d9b76",
    "timestamp": "unknown"
  },
  {
    "title": "--.xls",
    "link": "https://ir.ionis.com/static-files/46b6a23f-9beb--97a6-33c56bb0d356",
    "timestamp": "unknown"
  },
  {
    "title": "--.pdf",
    "link": "https://ir.ionis.com/static-files/fe059843-23b4-44ff-89e1-98fb6d13e21b",
    "timestamp": "unknown"
  },
  {
    "title": "Aug ,Filed by \"insiders\" prior intended sale of restricted stock. Non-EDGAR filingOther--.rtf--.pdf",
    "link": "https://ir.ionis.com/sec-filings/sec-filing//--",
    "timestamp": "unknown"
  },
  {
    "title": "--.rtf--.pdf",
    "link": "https://ir.ionis.com/static-files/ef2dc1c2-5dd7--9dc1-11ca70687c08",
    "timestamp": "unknown"
  },
  {
    "title": "--.rtf",
    "link": "https://ir.ionis.com/static-files/ef2dc1c2-5dd7--9dc1-11ca70687c08",
    "timestamp": "unknown"
  },
  {
    "title": "--.pdf",
    "link": "https://ir.ionis.com/static-files/0dadae94-b244--bf16-b0c5f239e984",
    "timestamp": "unknown"
  },
  {
    "title": "Aug ,Statement of changes in beneficial ownership of securities,,--.rtf--.xls--.pdf",
    "link": "https://ir.ionis.com/sec-filings/sec-filing//--",
    "timestamp": "unknown"
  },
  {
    "title": "--.rtf--.xls--.pdf",
    "link": "https://ir.ionis.com/static-files/520556af-61dd-4e85--c15fe1af4b33",
    "timestamp": "unknown"
  },
  {
    "title": "--.rtf",
    "link": "https://ir.ionis.com/static-files/520556af-61dd-4e85--c15fe1af4b33",
    "timestamp": "unknown"
  },
  {
    "title": "--.xls",
    "link": "https://ir.ionis.com/static-files/777651d9-6d43-4a26-8deb-c7c29e4ab603",
    "timestamp": "unknown"
  },
  {
    "title": "--.pdf",
    "link": "https://ir.ionis.com/static-files/0ba64db9-3c29--941a-75e51589e5ef",
    "timestamp": "unknown"
  },
  {
    "title": "Current pagePagePage\u2026Next page\u203aLast page\u00bbDisplaying  -  of  results",
    "link": "https://ir.ionis.com/financial-information/sec-filings?&field_nir_sec_cik_target_id=&field_nir_sec_date_filed_value=&&&items_per_page_toggle=&page=",
    "timestamp": "unknown"
  },
  {
    "title": "Current pagePagePage\u2026Next page\u203aLast page\u00bb",
    "link": "https://ir.ionis.com/financial-information/sec-filings?&field_nir_sec_cik_target_id=&field_nir_sec_date_filed_value=&&&items_per_page_toggle=&page=",
    "timestamp": "unknown"
  },
  {
    "title": "Current page",
    "link": "https://ir.ionis.com/financial-information/sec-filings?&field_nir_sec_cik_target_id=&field_nir_sec_date_filed_value=&&&items_per_page_toggle=&page=",
    "timestamp": "unknown"
  },
  {
    "title": "Page",
    "link": "https://ir.ionis.com/financial-information/sec-filings?&field_nir_sec_cik_target_id=&field_nir_sec_date_filed_value=&&&items_per_page_toggle=&page=",
    "timestamp": "unknown"
  },
  {
    "title": "Page",
    "link": "https://ir.ionis.com/financial-information/sec-filings?&field_nir_sec_cik_target_id=&field_nir_sec_date_filed_value=&&&items_per_page_toggle=&page=",
    "timestamp": "unknown"
  },
  {
    "title": "Next page\u203a",
    "link": "https://ir.ionis.com/financial-information/sec-filings?&field_nir_sec_cik_target_id=&field_nir_sec_date_filed_value=&&&items_per_page_toggle=&page=",
    "timestamp": "unknown"
  },
  {
    "title": "Last page\u00bb",
    "link": "https://ir.ionis.com/financial-information/sec-filings?&field_nir_sec_cik_target_id=&field_nir_sec_date_filed_value=&&&items_per_page_toggle=&page=",
    "timestamp": "unknown"
  },
  {
    "title": "Data provided byKaleidoscope.",
    "link": "https://www.kscope.io",
    "timestamp": "unknown"
  },
  {
    "title": "Data provided byKaleidoscope.",
    "link": "https://www.kscope.io",
    "timestamp": "unknown"
  },
  {
    "title": "Legal and Compliance:Legal NoticeCode of Ethics and Business ConductPrivacy PolicyYour Privacy ChoicesAkcea Therapeutics",
    "link": "https://www.ionis.com/legal-notice",
    "timestamp": "unknown"
  },
  {
    "title": "Legal Notice",
    "link": "https://www.ionis.com/legal-notice",
    "timestamp": "unknown"
  },
  {
    "title": "Code of Ethics and Business Conduct",
    "link": "https://ir.ionis.com/static-files/3f5d8e58-e36b-4b71-9d9b-9397317c85b5",
    "timestamp": "unknown"
  },
  {
    "title": "Privacy Policy",
    "link": "https://www.ionis.com/privacy-policy",
    "timestamp": "unknown"
  },
  {
    "title": "Your Privacy Choices",
    "link": "https://privacyportal.onetrust.com/ui/#/preferences/multipage/login/f37aaeb0-529a-4c60-9cd2-fd3a2479a03c",
    "timestamp": "unknown"
  },
  {
    "title": "Akcea Therapeutics",
    "link": "https://www.ionis.com/about-us/the-ionis-story#akcea",
    "timestamp": "unknown"
  },
  {
    "title": "Information For:Medical ProfessionalsInvestors & MediaJob SeekersSuppliers",
    "link": "https://www.ionis.com/medical-professionals",
    "timestamp": "unknown"
  },
  {
    "title": "Medical Professionals",
    "link": "https://www.ionis.com/medical-professionals",
    "timestamp": "unknown"
  },
  {
    "title": "Investors & Media",
    "link": "https://ir.ionis.com/",
    "timestamp": "unknown"
  },
  {
    "title": "Job Seekers",
    "link": "https://www.ionis.com/careers",
    "timestamp": "unknown"
  },
  {
    "title": "Suppliers",
    "link": "https://www.ionis.com/suppliers",
    "timestamp": "unknown"
  },
  {
    "title": "Explore:Our StoryOur ScienceOur PipelineOur CultureOur News",
    "link": "https://www.ionis.com/about-us/the-ionis-story",
    "timestamp": "unknown"
  },
  {
    "title": "Our Story",
    "link": "https://www.ionis.com/about-us/the-ionis-story",
    "timestamp": "unknown"
  },
  {
    "title": "Our Science",
    "link": "https://www.ionis.com/science-and-innovation",
    "timestamp": "unknown"
  },
  {
    "title": "Our Pipeline",
    "link": "https://www.ionis.com/science-and-innovation/pipeline",
    "timestamp": "unknown"
  },
  {
    "title": "Our Culture",
    "link": "https://www.ionis.com/careers",
    "timestamp": "unknown"
  },
  {
    "title": "Our News",
    "link": "https://ir.ionis.com/newsroom/press-releases",
    "timestamp": "unknown"
  },
  {
    "title": "Stay Connected:Contact UsLinkedInXInstagramFacebookCommunity Guidelines",
    "link": "https://www.ionis.com/contact-us",
    "timestamp": "unknown"
  },
  {
    "title": "Contact Us",
    "link": "https://www.ionis.com/contact-us",
    "timestamp": "unknown"
  },
  {
    "title": "LinkedIn",
    "link": "https://www.linkedin.com/company/ionis-pharmaceuticals",
    "timestamp": "unknown"
  },
  {
    "title": "X",
    "link": "https://x.com/ionispharma",
    "timestamp": "unknown"
  },
  {
    "title": "Instagram",
    "link": "https://www.instagram.com/ionis_pharma",
    "timestamp": "unknown"
  },
  {
    "title": "Facebook",
    "link": "https://www.facebook.com/ionispharma",
    "timestamp": "unknown"
  },
  {
    "title": "Community Guidelines",
    "link": "https://www.ionis.com/community-guidelines",
    "timestamp": "unknown"
  }
]