[
  {
    "title": "Our TeamTeamBoard of DirectorsInvestorsScienceNews &#; EventsNewsPublicationsCareersContactMenuMenuNews & EventsLoQus23 Therapeutics nominates LQT- as",
    "link": "https://loqus23.com/",
    "timestamp": "unknown"
  },
  {
    "title": "Our TeamTeamBoard of DirectorsInvestorsScienceNews &#; EventsNewsPublicationsCareersContactMenuMenu",
    "link": "https://loqus23.com/",
    "timestamp": "unknown"
  },
  {
    "title": "Our TeamTeamBoard of DirectorsInvestorsScienceNews &#; EventsNewsPublicationsCareersContactMenuMenu",
    "link": "https://loqus23.com/",
    "timestamp": "unknown"
  },
  {
    "title": "Our TeamTeamBoard of DirectorsInvestorsScienceNews &#; EventsNewsPublicationsCareersContactMenuMenu",
    "link": "https://loqus23.com/",
    "timestamp": "unknown"
  },
  {
    "title": "Our TeamTeamBoard of DirectorsInvestorsScienceNews &#; EventsNewsPublicationsCareersContactMenuMenu",
    "link": "https://loqus23.com/our-team/",
    "timestamp": "unknown"
  },
  {
    "title": "Our TeamTeamBoard of DirectorsInvestors",
    "link": "https://loqus23.com/our-team/",
    "timestamp": "unknown"
  },
  {
    "title": "Team",
    "link": "https://loqus23.com/our-team/",
    "timestamp": "unknown"
  },
  {
    "title": "Board of Directors",
    "link": "https://loqus23.com/our-team/board-of-directors/",
    "timestamp": "unknown"
  },
  {
    "title": "Investors",
    "link": "https://loqus23.com/our-team/investors/",
    "timestamp": "unknown"
  },
  {
    "title": "Science",
    "link": "https://loqus23.com/science/",
    "timestamp": "unknown"
  },
  {
    "title": "News &#; EventsNewsPublications",
    "link": "https://loqus23.com/news-events/",
    "timestamp": "unknown"
  },
  {
    "title": "News",
    "link": "https://loqus23.com/news-events/",
    "timestamp": "unknown"
  },
  {
    "title": "Publications",
    "link": "https://loqus23.com/news-events/publications/",
    "timestamp": "unknown"
  },
  {
    "title": "Careers",
    "link": "https://loqus23.com/careers/",
    "timestamp": "unknown"
  },
  {
    "title": "Contact",
    "link": "https://loqus23.com/contact/",
    "timestamp": "unknown"
  },
  {
    "title": "MenuMenu",
    "link": "https://loqus23.com/news-events/",
    "timestamp": "unknown"
  },
  {
    "title": "News & EventsLoQus23 Therapeutics nominates LQT- as first-in-class, oral drug candidate for Huntington\u2019s DiseaseJanuaryRead morehttps://loqus23.com/wp",
    "link": "https://loqus23.com/loqus23-therapeutics-nominates-lqt--as-first-in-class-oral-drug-candidate-for-huntingtons-disease/",
    "timestamp": "unknown"
  },
  {
    "title": "LoQus23 Therapeutics nominates LQT- as first-in-class, oral drug candidate for Huntington\u2019s DiseaseJanuaryRead morehttps://loqus23.com/wp-content/uplo",
    "link": "https://loqus23.com/loqus23-therapeutics-nominates-lqt--as-first-in-class-oral-drug-candidate-for-huntingtons-disease/",
    "timestamp": "unknown"
  },
  {
    "title": "LoQus23 Therapeutics nominates LQT- as first-in-class, oral drug candidate for Huntington\u2019s DiseaseJanuaryRead morehttps://loqus23.com/wp-content/uplo",
    "link": "https://loqus23.com/loqus23-therapeutics-nominates-lqt--as-first-in-class-oral-drug-candidate-for-huntingtons-disease/",
    "timestamp": "unknown"
  },
  {
    "title": "LoQus23 Therapeutics nominates LQT- as first-in-class, oral drug candidate for Huntington\u2019s DiseaseJanuaryRead morehttps://loqus23.com/wp-content/uplo",
    "link": "https://loqus23.com/loqus23-therapeutics-nominates-lqt--as-first-in-class-oral-drug-candidate-for-huntingtons-disease/",
    "timestamp": "unknown"
  },
  {
    "title": "LoQus23 Therapeutics nominates LQT- as first-in-class, oral drug candidate for Huntington\u2019s DiseaseJanuaryRead morehttps://loqus23.com/wp-content/uplo",
    "link": "https://loqus23.com/loqus23-therapeutics-nominates-lqt--as-first-in-class-oral-drug-candidate-for-huntingtons-disease/",
    "timestamp": "unknown"
  },
  {
    "title": "LoQus23 Therapeutics nominates LQT- as first-in-class, oral drug candidate for Huntington\u2019s DiseaseJanuaryRead morehttps://loqus23.com/wp-content/uplo",
    "link": "https://loqus23.com/loqus23-therapeutics-nominates-lqt--as-first-in-class-oral-drug-candidate-for-huntingtons-disease/",
    "timestamp": "unknown"
  },
  {
    "title": "LoQus23 Therapeutics nominates LQT- as first-in-class, oral drug candidate for Huntington\u2019s DiseaseJanuaryRead morehttps://loqus23.com/wp-content/uplo",
    "link": "https://loqus23.com/loqus23-therapeutics-nominates-lqt--as-first-in-class-oral-drug-candidate-for-huntingtons-disease/",
    "timestamp": "unknown"
  },
  {
    "title": "LoQus23 Therapeutics nominates LQT- as first-in-class, oral drug candidate for Huntington\u2019s DiseaseJanuaryRead morehttps://loqus23.com/wp-content/uplo",
    "link": "https://loqus23.com/loqus23-therapeutics-nominates-lqt--as-first-in-class-oral-drug-candidate-for-huntingtons-disease/",
    "timestamp": "unknown"
  },
  {
    "title": "LoQus23 Therapeutics nominates LQT- as first-in-class, oral drug candidate for Huntington\u2019s DiseaseJanuaryRead morehttps://loqus23.com/wp-content/uplo",
    "link": "https://loqus23.com/loqus23-therapeutics-nominates-lqt--as-first-in-class-oral-drug-candidate-for-huntingtons-disease/",
    "timestamp": "unknown"
  },
  {
    "title": "LoQus23 Therapeutics nominates LQT- as first-in-class, oral drug candidate for Huntington\u2019s DiseaseJanuaryRead morehttps://loqus23.com/wp-content/uplo",
    "link": "https://loqus23.com/loqus23-therapeutics-nominates-lqt--as-first-in-class-oral-drug-candidate-for-huntingtons-disease/",
    "timestamp": "unknown"
  },
  {
    "title": "LoQus23 Therapeutics nominates LQT- as first-in-class, oral drug candidate for Huntington\u2019s DiseaseJanuaryRead morehttps://loqus23.com/wp-content/uplo",
    "link": "https://loqus23.com/loqus23-therapeutics-nominates-lqt--as-first-in-class-oral-drug-candidate-for-huntingtons-disease/",
    "timestamp": "unknown"
  },
  {
    "title": "LoQus23 Therapeutics nominates LQT- as first-in-class, oral drug candidate for Huntington\u2019s DiseaseJanuaryRead more",
    "link": "https://loqus23.com/loqus23-therapeutics-nominates-lqt--as-first-in-class-oral-drug-candidate-for-huntingtons-disease/",
    "timestamp": "unknown"
  },
  {
    "title": "Read more",
    "link": "https://loqus23.com/loqus23-therapeutics-nominates-lqt--as-first-in-class-oral-drug-candidate-for-huntingtons-disease/",
    "timestamp": "unknown"
  },
  {
    "title": "Our Co-Founder and CSO Caroline Benn spoke with Eva Haas of Optimum Strategic Communications for an episode of the Optimum Perspectives podcast.August",
    "link": "https://loqus23.com/our-co-founder-and-cso-caroline-benn-spoke-with-eva-haas-of-optimum-strategic-communications-for-an-episode-of-the-optimum-perspectives-podcast/",
    "timestamp": "unknown"
  },
  {
    "title": "Our Co-Founder and CSO Caroline Benn spoke with Eva Haas of Optimum Strategic Communications for an episode of the Optimum Perspectives podcast.August",
    "link": "https://loqus23.com/our-co-founder-and-cso-caroline-benn-spoke-with-eva-haas-of-optimum-strategic-communications-for-an-episode-of-the-optimum-perspectives-podcast/",
    "timestamp": "unknown"
  },
  {
    "title": "Read more",
    "link": "https://loqus23.com/our-co-founder-and-cso-caroline-benn-spoke-with-eva-haas-of-optimum-strategic-communications-for-an-episode-of-the-optimum-perspectives-podcast/",
    "timestamp": "unknown"
  },
  {
    "title": "LoQus23 Therapeutics appoints Cyrus Mozayeni MD to Chair of the Board of DirectorsFebruaryRead morehttps://loqus23.com/wp-content/uploads///LoQus23_Lo",
    "link": "https://loqus23.com/loqus23-therapeutics-appoints-cyrus-mozayeni-md-to-chair-of-the-board-of-directors/",
    "timestamp": "unknown"
  },
  {
    "title": "LoQus23 Therapeutics appoints Cyrus Mozayeni MD to Chair of the Board of DirectorsFebruaryRead more",
    "link": "https://loqus23.com/loqus23-therapeutics-appoints-cyrus-mozayeni-md-to-chair-of-the-board-of-directors/",
    "timestamp": "unknown"
  },
  {
    "title": "Read more",
    "link": "https://loqus23.com/loqus23-therapeutics-appoints-cyrus-mozayeni-md-to-chair-of-the-board-of-directors/",
    "timestamp": "unknown"
  },
  {
    "title": "Cambridge, UK based LoQus23 Therapeutics will use a small molecule allosteric inhibitor of MutS\u03b2 to treat Huntington&#;sJanuaryRead morehttps://loqus2",
    "link": "https://loqus23.com/cambridge-uk-based-loqus23-therapeutics-will-use-a-small-molecule-allosteric-inhibitor-of-muts%ce%b2-to-treat-huntingtons/",
    "timestamp": "unknown"
  },
  {
    "title": "Cambridge, UK based LoQus23 Therapeutics will use a small molecule allosteric inhibitor of MutS\u03b2 to treat Huntington&#;sJanuaryRead more",
    "link": "https://loqus23.com/cambridge-uk-based-loqus23-therapeutics-will-use-a-small-molecule-allosteric-inhibitor-of-muts%ce%b2-to-treat-huntingtons/",
    "timestamp": "unknown"
  },
  {
    "title": "Read more",
    "link": "https://loqus23.com/cambridge-uk-based-loqus23-therapeutics-will-use-a-small-molecule-allosteric-inhibitor-of-muts%ce%b2-to-treat-huntingtons/",
    "timestamp": "unknown"
  },
  {
    "title": "LoQus23 Therapeutics announces \u00a3 million (c.$ million) Series A financing to advance its small molecule somatic expansion inhibition therapy for Hunti",
    "link": "https://loqus23.com/loqus23-therapeutics-announces--million-c--million-series-a-financing-to-advance-its-small-molecule-somatic-expansion-inhibition-therapy-for-huntingtons-disease/",
    "timestamp": "unknown"
  },
  {
    "title": "LoQus23 Therapeutics announces \u00a3 million (c.$ million) Series A financing to advance its small molecule somatic expansion inhibition therapy for Hunti",
    "link": "https://loqus23.com/loqus23-therapeutics-announces--million-c--million-series-a-financing-to-advance-its-small-molecule-somatic-expansion-inhibition-therapy-for-huntingtons-disease/",
    "timestamp": "unknown"
  },
  {
    "title": "Read more",
    "link": "https://loqus23.com/loqus23-therapeutics-announces--million-c--million-series-a-financing-to-advance-its-small-molecule-somatic-expansion-inhibition-therapy-for-huntingtons-disease/",
    "timestamp": "unknown"
  },
  {
    "title": "LoQus23 and HitGen Announce Research Collaboration Focused on DNA-Encoded Library Based Drug DiscoveryJulyRead morehttps://loqus23.com/wp-content/uplo",
    "link": "https://loqus23.com/loqus23-and-hitgen-announce-research-collaboration-focused-on-dna-encoded-library-based-drug-discovery/",
    "timestamp": "unknown"
  },
  {
    "title": "LoQus23 and HitGen Announce Research Collaboration Focused on DNA-Encoded Library Based Drug DiscoveryJulyRead more",
    "link": "https://loqus23.com/loqus23-and-hitgen-announce-research-collaboration-focused-on-dna-encoded-library-based-drug-discovery/",
    "timestamp": "unknown"
  },
  {
    "title": "Read more",
    "link": "https://loqus23.com/loqus23-and-hitgen-announce-research-collaboration-focused-on-dna-encoded-library-based-drug-discovery/",
    "timestamp": "unknown"
  },
  {
    "title": "LoQus23 Therapeutics Ltd. of Cambridge, UK co-funds new research project on neurological diseasesMayRead morehttps://loqus23.com/wp-content/uploads///",
    "link": "https://loqus23.com/loqus23-therapeutics-ltd-of-cambridge-uk-co-funds-new-research-project-on-neurological-diseases/",
    "timestamp": "unknown"
  },
  {
    "title": "LoQus23 Therapeutics Ltd. of Cambridge, UK co-funds new research project on neurological diseasesMayRead more",
    "link": "https://loqus23.com/loqus23-therapeutics-ltd-of-cambridge-uk-co-funds-new-research-project-on-neurological-diseases/",
    "timestamp": "unknown"
  },
  {
    "title": "Read more",
    "link": "https://loqus23.com/loqus23-therapeutics-ltd-of-cambridge-uk-co-funds-new-research-project-on-neurological-diseases/",
    "timestamp": "unknown"
  },
  {
    "title": "LoQus23 Therapeutics appoints Dr Melanie Ivarsson, OBE, as Non-Executive DirectorJanuaryRead morehttps://loqus23.com/wp-content/uploads///LoQus23_Logo",
    "link": "https://loqus23.com/board-appointment/",
    "timestamp": "unknown"
  },
  {
    "title": "LoQus23 Therapeutics appoints Dr Melanie Ivarsson, OBE, as Non-Executive DirectorJanuaryRead more",
    "link": "https://loqus23.com/board-appointment/",
    "timestamp": "unknown"
  },
  {
    "title": "Read more",
    "link": "https://loqus23.com/board-appointment/",
    "timestamp": "unknown"
  },
  {
    "title": "LoQus23 Therapeutics exits stealth with \u00a3. million seed financing from the Dementia Discovery Fund and Novartis Venture FundNovemberRead morehttps://l",
    "link": "https://loqus23.com/loqus23-therapeutics-exits-stealth-with---million-seed-financing-from-the-dementia-discovery-fund-and-novartis-venture-fund/",
    "timestamp": "unknown"
  },
  {
    "title": "LoQus23 Therapeutics exits stealth with \u00a3. million seed financing from the Dementia Discovery Fund and Novartis Venture FundNovemberRead more",
    "link": "https://loqus23.com/loqus23-therapeutics-exits-stealth-with---million-seed-financing-from-the-dementia-discovery-fund-and-novartis-venture-fund/",
    "timestamp": "unknown"
  },
  {
    "title": "Read more",
    "link": "https://loqus23.com/loqus23-therapeutics-exits-stealth-with---million-seed-financing-from-the-dementia-discovery-fund-and-novartis-venture-fund/",
    "timestamp": "unknown"
  },
  {
    "title": "LoQus23 researchers awarded grant to understand if repeat instability is therapeutically relevant in Friedriech\u2019s ataxiaJulyRead morehttps://loqus23.c",
    "link": "https://loqus23.com/loqus23-researchers-awarded-grant-to-understand-if-repeat-instability-is-therapeutically-relevant-in-friedriechs-ataxia/",
    "timestamp": "unknown"
  },
  {
    "title": "LoQus23 researchers awarded grant to understand if repeat instability is therapeutically relevant in Friedriech\u2019s ataxiaJulyRead more",
    "link": "https://loqus23.com/loqus23-researchers-awarded-grant-to-understand-if-repeat-instability-is-therapeutically-relevant-in-friedriechs-ataxia/",
    "timestamp": "unknown"
  },
  {
    "title": "Read more",
    "link": "https://loqus23.com/loqus23-researchers-awarded-grant-to-understand-if-repeat-instability-is-therapeutically-relevant-in-friedriechs-ataxia/",
    "timestamp": "unknown"
  },
  {
    "title": "Page  of",
    "link": "https://loqus23.com/news-events/page//",
    "timestamp": "unknown"
  },
  {
    "title": "\u00a9 LoQus23 TherapeuticsWebsite Privacy NoticePrivacy Notice",
    "link": "https://loqus23.com/website-privacy-notice/",
    "timestamp": "unknown"
  },
  {
    "title": "\u00a9 LoQus23 TherapeuticsWebsite Privacy NoticePrivacy Notice",
    "link": "https://loqus23.com/website-privacy-notice/",
    "timestamp": "unknown"
  },
  {
    "title": "\u00a9 LoQus23 TherapeuticsWebsite Privacy NoticePrivacy Notice",
    "link": "https://loqus23.com/website-privacy-notice/",
    "timestamp": "unknown"
  },
  {
    "title": "Website Privacy NoticePrivacy Notice",
    "link": "https://loqus23.com/website-privacy-notice/",
    "timestamp": "unknown"
  },
  {
    "title": "Website Privacy NoticePrivacy Notice",
    "link": "https://loqus23.com/website-privacy-notice/",
    "timestamp": "unknown"
  },
  {
    "title": "Website Privacy Notice",
    "link": "https://loqus23.com/website-privacy-notice/",
    "timestamp": "unknown"
  },
  {
    "title": "Privacy Notice",
    "link": "https://loqus23.com/privacy-notice/",
    "timestamp": "unknown"
  }
]