[
  {
    "title": "InternationalAmericasAsia PacificEuropeMiddle East & Africa",
    "link": "https://www.novartis.com/news/newsroom?search_api_fulltext=&start_date=&end_date=#international",
    "timestamp": "unknown"
  },
  {
    "title": "InternationalAmericasAsia PacificEuropeMiddle East & Africa",
    "link": "https://www.novartis.com/news/newsroom?search_api_fulltext=&start_date=&end_date=#international",
    "timestamp": "unknown"
  },
  {
    "title": "International",
    "link": "https://www.novartis.com/news/newsroom?search_api_fulltext=&start_date=&end_date=#international",
    "timestamp": "unknown"
  },
  {
    "title": "Americas",
    "link": "https://www.novartis.com/news/newsroom?search_api_fulltext=&start_date=&end_date=#americas",
    "timestamp": "unknown"
  },
  {
    "title": "Asia Pacific",
    "link": "https://www.novartis.com/news/newsroom?search_api_fulltext=&start_date=&end_date=#asia-pacific",
    "timestamp": "unknown"
  },
  {
    "title": "Europe",
    "link": "https://www.novartis.com/news/newsroom?search_api_fulltext=&start_date=&end_date=#europe",
    "timestamp": "unknown"
  },
  {
    "title": "Middle East & Africa",
    "link": "https://www.novartis.com/news/newsroom?search_api_fulltext=&start_date=&end_date=#middle-east-africa",
    "timestamp": "unknown"
  },
  {
    "title": "Global |EnglishNovartis Foundation |English",
    "link": "https://www.novartis.com/",
    "timestamp": "unknown"
  },
  {
    "title": "Argentina |Espa\u00f1olBrazil |Portugu\u00easCanada |EnglishCanada |Fran\u00e7aisAndean & CAC |Espa\u00f1olColombia |Espa\u00f1olMexico |Espa\u00f1olUnited States |English",
    "link": "https://www.novartis.com/ar-es/",
    "timestamp": "unknown"
  },
  {
    "title": "Australia |EnglishHong Kong S.A.R. |\u7e41\u9ad4\u4e2d\u6587India |EnglishIndonesia |EnglishJapan |\u65e5\u672c\u8a9eKorea |\ud55c\uad6d\uc5b4Mainland China |\u4e2d\u6587Malaysia |EnglishPhilippines |EnglishSin",
    "link": "https://www.novartis.com/au-en/",
    "timestamp": "unknown"
  },
  {
    "title": "Egypt |EnglishIsrael |\u05e2\u05d1\u05e8\u05d9\u05eaSaudi Arabia |\u0627\u0644\u0639\u0631\u0628\u064a\u0629South Africa |English",
    "link": "https://www.novartis.com/eg-en/",
    "timestamp": "unknown"
  },
  {
    "title": "internationalInternationalAmericasAsia PacificEuropeMiddle East & Africa",
    "link": "https://www.novartis.com/news/newsroom?search_api_fulltext=&start_date=&end_date=#international",
    "timestamp": "unknown"
  },
  {
    "title": "internationalInternationalAmericasAsia PacificEuropeMiddle East & Africa",
    "link": "https://www.novartis.com/news/newsroom?search_api_fulltext=&start_date=&end_date=#international",
    "timestamp": "unknown"
  },
  {
    "title": "internationalInternationalAmericasAsia PacificEuropeMiddle East & Africa",
    "link": "https://www.novartis.com/news/newsroom?search_api_fulltext=&start_date=&end_date=#international",
    "timestamp": "unknown"
  },
  {
    "title": "InternationalAmericasAsia PacificEuropeMiddle East & Africa",
    "link": "https://www.novartis.com/news/newsroom?search_api_fulltext=&start_date=&end_date=#international",
    "timestamp": "unknown"
  },
  {
    "title": "MenuAboutBoard of DirectorsGiovanni CaforioSimon MoroneyNancy C. AndrewsTon BuechnerPatrice BulaElizabeth (Liz) DohertyAna de Pro GonzaloBridgette Hel",
    "link": "https://www.novartis.com/about",
    "timestamp": "unknown"
  },
  {
    "title": "MenuAboutBoard of DirectorsGiovanni CaforioSimon MoroneyNancy C. AndrewsTon BuechnerPatrice BulaElizabeth (Liz) DohertyAna de Pro GonzaloBridgette Hel",
    "link": "https://www.novartis.com/about",
    "timestamp": "unknown"
  },
  {
    "title": "AboutBoard of DirectorsGiovanni CaforioSimon MoroneyNancy C. AndrewsTon BuechnerPatrice BulaElizabeth (Liz) DohertyAna de Pro GonzaloBridgette HellerD",
    "link": "https://www.novartis.com/about",
    "timestamp": "unknown"
  },
  {
    "title": "AboutBoard of DirectorsGiovanni CaforioSimon MoroneyNancy C. AndrewsTon BuechnerPatrice BulaElizabeth (Liz) DohertyAna de Pro GonzaloBridgette HellerD",
    "link": "https://www.novartis.com/about",
    "timestamp": "unknown"
  },
  {
    "title": "AboutBoard of DirectorsGiovanni CaforioSimon MoroneyNancy C. AndrewsTon BuechnerPatrice BulaElizabeth (Liz) DohertyAna de Pro GonzaloBridgette HellerD",
    "link": "https://www.novartis.com/about",
    "timestamp": "unknown"
  },
  {
    "title": "AboutBoard of DirectorsGiovanni CaforioSimon MoroneyNancy C. AndrewsTon BuechnerPatrice BulaElizabeth (Liz) DohertyAna de Pro GonzaloBridgette HellerD",
    "link": "https://www.novartis.com/about",
    "timestamp": "unknown"
  },
  {
    "title": "AboutBoard of DirectorsGiovanni CaforioSimon MoroneyNancy C. AndrewsTon BuechnerPatrice BulaElizabeth (Liz) DohertyAna de Pro GonzaloBridgette HellerD",
    "link": "https://www.novartis.com/about",
    "timestamp": "unknown"
  },
  {
    "title": "Board of DirectorsGiovanni CaforioSimon MoroneyNancy C. AndrewsTon BuechnerPatrice BulaElizabeth (Liz) DohertyAna de Pro GonzaloBridgette HellerDaniel",
    "link": "https://www.novartis.com/about/board-directors",
    "timestamp": "unknown"
  },
  {
    "title": "Board of DirectorsGiovanni CaforioSimon MoroneyNancy C. AndrewsTon BuechnerPatrice BulaElizabeth (Liz) DohertyAna de Pro GonzaloBridgette HellerDaniel",
    "link": "https://www.novartis.com/about/board-directors",
    "timestamp": "unknown"
  },
  {
    "title": "Board of DirectorsGiovanni CaforioSimon MoroneyNancy C. AndrewsTon BuechnerPatrice BulaElizabeth (Liz) DohertyAna de Pro GonzaloBridgette HellerDaniel",
    "link": "https://www.novartis.com/about/board-directors",
    "timestamp": "unknown"
  },
  {
    "title": "Board of DirectorsGiovanni CaforioSimon MoroneyNancy C. AndrewsTon BuechnerPatrice BulaElizabeth (Liz) DohertyAna de Pro GonzaloBridgette HellerDaniel",
    "link": "https://www.novartis.com/about/board-directors",
    "timestamp": "unknown"
  },
  {
    "title": "Board of DirectorsGiovanni CaforioSimon MoroneyNancy C. AndrewsTon BuechnerPatrice BulaElizabeth (Liz) DohertyAna de Pro GonzaloBridgette HellerDaniel",
    "link": "https://www.novartis.com/about/board-directors",
    "timestamp": "unknown"
  },
  {
    "title": "Giovanni CaforioSimon MoroneyNancy C. AndrewsTon BuechnerPatrice BulaElizabeth (Liz) DohertyAna de Pro GonzaloBridgette HellerDaniel HochstrasserFrans",
    "link": "https://www.novartis.com/about/board-directors/giovanni-caforio",
    "timestamp": "unknown"
  },
  {
    "title": "Giovanni CaforioSimon MoroneyNancy C. AndrewsTon BuechnerPatrice BulaElizabeth (Liz) DohertyAna de Pro GonzaloBridgette HellerDaniel HochstrasserFrans",
    "link": "https://www.novartis.com/about/board-directors/giovanni-caforio",
    "timestamp": "unknown"
  },
  {
    "title": "Giovanni CaforioSimon MoroneyNancy C. AndrewsTon BuechnerPatrice BulaElizabeth (Liz) DohertyAna de Pro GonzaloBridgette HellerDaniel HochstrasserFrans",
    "link": "https://www.novartis.com/about/board-directors/giovanni-caforio",
    "timestamp": "unknown"
  },
  {
    "title": "Giovanni CaforioSimon MoroneyNancy C. AndrewsTon BuechnerPatrice BulaElizabeth (Liz) DohertyAna de Pro GonzaloBridgette HellerDaniel HochstrasserFrans",
    "link": "https://www.novartis.com/about/board-directors/giovanni-caforio",
    "timestamp": "unknown"
  },
  {
    "title": "Giovanni Caforio",
    "link": "https://www.novartis.com/about/board-directors/giovanni-caforio",
    "timestamp": "unknown"
  },
  {
    "title": "Simon Moroney",
    "link": "https://www.novartis.com/about/board-directors/simon-moroney",
    "timestamp": "unknown"
  },
  {
    "title": "Nancy C. Andrews",
    "link": "https://www.novartis.com/about/board-directors/nancy-c-andrews",
    "timestamp": "unknown"
  },
  {
    "title": "Ton Buechner",
    "link": "https://www.novartis.com/about/board-directors/ton-buechner",
    "timestamp": "unknown"
  },
  {
    "title": "Patrice Bula",
    "link": "https://www.novartis.com/about/board-directors/patrice-bula",
    "timestamp": "unknown"
  },
  {
    "title": "Elizabeth (Liz) Doherty",
    "link": "https://www.novartis.com/about/board-directors/elizabeth-liz-doherty",
    "timestamp": "unknown"
  },
  {
    "title": "Ana de Pro Gonzalo",
    "link": "https://www.novartis.com/about/board-directors/ana-de-pro-gonzalo",
    "timestamp": "unknown"
  },
  {
    "title": "Bridgette Heller",
    "link": "https://www.novartis.com/about/board-directors/bridgette-heller",
    "timestamp": "unknown"
  },
  {
    "title": "Daniel Hochstrasser",
    "link": "https://www.novartis.com/about/board-directors/daniel-hochstrasser",
    "timestamp": "unknown"
  },
  {
    "title": "Frans van Houten",
    "link": "https://www.novartis.com/about/board-directors/frans-van-houten",
    "timestamp": "unknown"
  },
  {
    "title": "Elizabeth McNally",
    "link": "https://www.novartis.com/about/board-directors/elizabeth-mcnally",
    "timestamp": "unknown"
  },
  {
    "title": "John D. Young",
    "link": "https://www.novartis.com/about/board-directors/john-d-young",
    "timestamp": "unknown"
  },
  {
    "title": "Charlotte Pamer-Wieser",
    "link": "https://www.novartis.com/about/board-directors/charlotte-pamer-wieser",
    "timestamp": "unknown"
  },
  {
    "title": "Executive CommitteeVasant (Vas) NarasimhanShreeram AradhyeVictor BultoAharon (Ronny) GalKaren L. HalePatrick HorberHarry KirschRob KowalskiSteffen Lan",
    "link": "https://www.novartis.com/about/executive-committee",
    "timestamp": "unknown"
  },
  {
    "title": "Vasant (Vas) NarasimhanShreeram AradhyeVictor BultoAharon (Ronny) GalKaren L. HalePatrick HorberHarry KirschRob KowalskiSteffen LangFiona MarshallLutz",
    "link": "https://www.novartis.com/about/executive-committee/vasant-narasimhan",
    "timestamp": "unknown"
  },
  {
    "title": "Vasant (Vas) NarasimhanShreeram AradhyeVictor BultoAharon (Ronny) GalKaren L. HalePatrick HorberHarry KirschRob KowalskiSteffen LangFiona MarshallLutz",
    "link": "https://www.novartis.com/about/executive-committee/vasant-narasimhan",
    "timestamp": "unknown"
  },
  {
    "title": "Vasant (Vas) NarasimhanShreeram AradhyeVictor BultoAharon (Ronny) GalKaren L. HalePatrick HorberHarry KirschRob KowalskiSteffen LangFiona MarshallLutz",
    "link": "https://www.novartis.com/about/executive-committee/vasant-narasimhan",
    "timestamp": "unknown"
  },
  {
    "title": "Vasant (Vas) NarasimhanShreeram AradhyeVictor BultoAharon (Ronny) GalKaren L. HalePatrick HorberHarry KirschRob KowalskiSteffen LangFiona MarshallLutz",
    "link": "https://www.novartis.com/about/executive-committee/vasant-narasimhan",
    "timestamp": "unknown"
  },
  {
    "title": "Vasant (Vas) Narasimhan",
    "link": "https://www.novartis.com/about/executive-committee/vasant-narasimhan",
    "timestamp": "unknown"
  },
  {
    "title": "Shreeram Aradhye",
    "link": "https://www.novartis.com/about/executive-committee/shreeram-aradhye",
    "timestamp": "unknown"
  },
  {
    "title": "Victor Bulto",
    "link": "https://www.novartis.com/about/executive-committee/victor-bulto",
    "timestamp": "unknown"
  },
  {
    "title": "Aharon (Ronny) Gal",
    "link": "https://www.novartis.com/about/executive-committee/aharon-ronny-gal-phd",
    "timestamp": "unknown"
  },
  {
    "title": "Karen L. Hale",
    "link": "https://www.novartis.com/about/executive-committee/karen-hale",
    "timestamp": "unknown"
  },
  {
    "title": "Patrick Horber",
    "link": "https://www.novartis.com/about/executive-committee/patrick-horber-md",
    "timestamp": "unknown"
  },
  {
    "title": "Harry Kirsch",
    "link": "https://www.novartis.com/about/executive-committee/harry-kirsch",
    "timestamp": "unknown"
  },
  {
    "title": "Rob Kowalski",
    "link": "https://www.novartis.com/about/executive-committee/rob-kowalski",
    "timestamp": "unknown"
  },
  {
    "title": "Steffen Lang",
    "link": "https://www.novartis.com/about/executive-committee/steffen-lang",
    "timestamp": "unknown"
  },
  {
    "title": "Fiona Marshall",
    "link": "https://www.novartis.com/about/executive-committee/fiona-marshall",
    "timestamp": "unknown"
  },
  {
    "title": "Lutz Hegemann",
    "link": "https://www.novartis.com/about/executive-committee/lutz-hegemann",
    "timestamp": "unknown"
  },
  {
    "title": "Teresa Jose",
    "link": "https://www.novartis.com/about/executive-committee/teresa-jose",
    "timestamp": "unknown"
  },
  {
    "title": "Michelle Weese",
    "link": "https://www.novartis.com/about/executive-committee/michelle-weese",
    "timestamp": "unknown"
  },
  {
    "title": "Products",
    "link": "https://www.novartis.com/about/products",
    "timestamp": "unknown"
  },
  {
    "title": "Therapeutic areasCardiovascular, renal and metabolicImmunologyNeuroscienceOncology",
    "link": "https://www.novartis.com/about/therapeutic-areas",
    "timestamp": "unknown"
  },
  {
    "title": "Cardiovascular, renal and metabolicImmunologyNeuroscienceOncology",
    "link": "https://www.novartis.com/about/therapeutic-areas/cardiovascular-renal-and-metabolic",
    "timestamp": "unknown"
  },
  {
    "title": "Cardiovascular, renal and metabolicImmunologyNeuroscienceOncology",
    "link": "https://www.novartis.com/about/therapeutic-areas/cardiovascular-renal-and-metabolic",
    "timestamp": "unknown"
  },
  {
    "title": "Cardiovascular, renal and metabolicImmunologyNeuroscienceOncology",
    "link": "https://www.novartis.com/about/therapeutic-areas/cardiovascular-renal-and-metabolic",
    "timestamp": "unknown"
  },
  {
    "title": "Cardiovascular, renal and metabolicImmunologyNeuroscienceOncology",
    "link": "https://www.novartis.com/about/therapeutic-areas/cardiovascular-renal-and-metabolic",
    "timestamp": "unknown"
  },
  {
    "title": "Cardiovascular, renal and metabolic",
    "link": "https://www.novartis.com/about/therapeutic-areas/cardiovascular-renal-and-metabolic",
    "timestamp": "unknown"
  },
  {
    "title": "Immunology",
    "link": "https://www.novartis.com/about/therapeutic-areas/immunology",
    "timestamp": "unknown"
  },
  {
    "title": "Neuroscience",
    "link": "https://www.novartis.com/about/therapeutic-areas/neuroscience",
    "timestamp": "unknown"
  },
  {
    "title": "Oncology",
    "link": "https://www.novartis.com/about/therapeutic-areas/oncology",
    "timestamp": "unknown"
  },
  {
    "title": "People and culture",
    "link": "https://www.novartis.com/about/people-and-culture",
    "timestamp": "unknown"
  },
  {
    "title": "InclusionPromoting inclusionBuilding belongingParental leaveCaring for the mental health and wellbeing of our people",
    "link": "https://www.novartis.com/about/inclusion",
    "timestamp": "unknown"
  },
  {
    "title": "Promoting inclusionBuilding belongingParental leaveCaring for the mental health and wellbeing of our people",
    "link": "https://www.novartis.com/about/inclusion/promoting-inclusion",
    "timestamp": "unknown"
  },
  {
    "title": "Promoting inclusionBuilding belongingParental leaveCaring for the mental health and wellbeing of our people",
    "link": "https://www.novartis.com/about/inclusion/promoting-inclusion",
    "timestamp": "unknown"
  },
  {
    "title": "Promoting inclusionBuilding belongingParental leaveCaring for the mental health and wellbeing of our people",
    "link": "https://www.novartis.com/about/inclusion/promoting-inclusion",
    "timestamp": "unknown"
  },
  {
    "title": "Promoting inclusionBuilding belongingParental leaveCaring for the mental health and wellbeing of our people",
    "link": "https://www.novartis.com/about/inclusion/promoting-inclusion",
    "timestamp": "unknown"
  },
  {
    "title": "Promoting inclusion",
    "link": "https://www.novartis.com/about/inclusion/promoting-inclusion",
    "timestamp": "unknown"
  },
  {
    "title": "Building belonging",
    "link": "https://www.novartis.com/about/inclusion/building-belonging",
    "timestamp": "unknown"
  },
  {
    "title": "Parental leave",
    "link": "https://www.novartis.com/about/inclusion/parental-leave",
    "timestamp": "unknown"
  },
  {
    "title": "Caring for the mental health and wellbeing of our people",
    "link": "https://www.novartis.com/about/inclusion/caring-mental-health-and-wellbeing-our-people",
    "timestamp": "unknown"
  },
  {
    "title": "Novartis Gene Therapies",
    "link": "https://www.novartis.com/about/novartis-gene-therapies",
    "timestamp": "unknown"
  },
  {
    "title": "Manufacturing",
    "link": "https://www.novartis.com/about/manufacturing",
    "timestamp": "unknown"
  },
  {
    "title": "QualityAudit programNovartis quality management system (QMS)Product and patient safety trainingRegulatory inspectionsProduct recallsThird-party suppli",
    "link": "https://www.novartis.com/about/quality",
    "timestamp": "unknown"
  },
  {
    "title": "Audit programNovartis quality management system (QMS)Product and patient safety trainingRegulatory inspectionsProduct recallsThird-party suppliers",
    "link": "https://www.novartis.com/about/quality/audit-program",
    "timestamp": "unknown"
  },
  {
    "title": "Audit programNovartis quality management system (QMS)Product and patient safety trainingRegulatory inspectionsProduct recallsThird-party suppliers",
    "link": "https://www.novartis.com/about/quality/audit-program",
    "timestamp": "unknown"
  },
  {
    "title": "Audit programNovartis quality management system (QMS)Product and patient safety trainingRegulatory inspectionsProduct recallsThird-party suppliers",
    "link": "https://www.novartis.com/about/quality/audit-program",
    "timestamp": "unknown"
  },
  {
    "title": "Audit programNovartis quality management system (QMS)Product and patient safety trainingRegulatory inspectionsProduct recallsThird-party suppliers",
    "link": "https://www.novartis.com/about/quality/audit-program",
    "timestamp": "unknown"
  },
  {
    "title": "Audit program",
    "link": "https://www.novartis.com/about/quality/audit-program",
    "timestamp": "unknown"
  },
  {
    "title": "Novartis quality management system (QMS)",
    "link": "https://www.novartis.com/about/quality/novartis-quality-management-system-qms",
    "timestamp": "unknown"
  },
  {
    "title": "Product and patient safety training",
    "link": "https://www.novartis.com/about/quality/product-and-patient-safety-training",
    "timestamp": "unknown"
  },
  {
    "title": "Regulatory inspections",
    "link": "https://www.novartis.com/about/quality/regulatory-inspections",
    "timestamp": "unknown"
  },
  {
    "title": "Product recalls",
    "link": "https://www.novartis.com/about/quality/product-recalls",
    "timestamp": "unknown"
  },
  {
    "title": "Third-party suppliers",
    "link": "https://www.novartis.com/about/quality/third-party-suppliers",
    "timestamp": "unknown"
  },
  {
    "title": "Novartis and the European Union (EU)",
    "link": "https://www.novartis.com/about/novartis-and-european-union",
    "timestamp": "unknown"
  },
  {
    "title": "Awards and recognition",
    "link": "https://www.novartis.com/about/awards-and-recognition",
    "timestamp": "unknown"
  },
  {
    "title": "Patients and caregiversNovartis commitment to patients and caregiversDiseasesPatient organization fundingPatients perspectives storiesPatients and car",
    "link": "https://www.novartis.com/patients-and-caregivers",
    "timestamp": "unknown"
  },
  {
    "title": "Novartis commitment to patients and caregiversDiseasesPatient organization fundingPatients perspectives storiesPatients and caregiversInformation for ",
    "link": "https://www.novartis.com/patients-and-caregivers/novartis-commitment-patients-and-caregivers",
    "timestamp": "unknown"
  },
  {
    "title": "Novartis commitment to patients and caregiversDiseasesPatient organization fundingPatients perspectives storiesPatients and caregiversInformation for ",
    "link": "https://www.novartis.com/patients-and-caregivers/novartis-commitment-patients-and-caregivers",
    "timestamp": "unknown"
  },
  {
    "title": "Novartis commitment to patients and caregiversDiseasesPatient organization fundingPatients perspectives storiesPatients and caregiversInformation for ",
    "link": "https://www.novartis.com/patients-and-caregivers/novartis-commitment-patients-and-caregivers",
    "timestamp": "unknown"
  },
  {
    "title": "Novartis commitment to patients and caregiversDiseasesPatient organization fundingPatients perspectives stories",
    "link": "https://www.novartis.com/patients-and-caregivers/novartis-commitment-patients-and-caregivers",
    "timestamp": "unknown"
  },
  {
    "title": "Novartis commitment to patients and caregivers",
    "link": "https://www.novartis.com/patients-and-caregivers/novartis-commitment-patients-and-caregivers",
    "timestamp": "unknown"
  },
  {
    "title": "Diseases",
    "link": "https://www.novartis.com/diseases",
    "timestamp": "unknown"
  },
  {
    "title": "Patient organization funding",
    "link": "https://www.novartis.com/investors/reporting-and-transparency-hub/patient-organization-funding",
    "timestamp": "unknown"
  },
  {
    "title": "Patients perspectives stories",
    "link": "https://www.novartis.com/news/stories/patient-perspectives",
    "timestamp": "unknown"
  },
  {
    "title": "Healthcare professionalsMedical congresses and eventsASCO Annual MeetingProductsNovartis pipelineManaged access programsZolgensma\u00ae Global Managed Acce",
    "link": "https://www.novartis.com/healthcare-professionals",
    "timestamp": "unknown"
  },
  {
    "title": "Medical congresses and eventsASCO Annual MeetingProductsNovartis pipelineManaged access programsZolgensma\u00ae Global Managed Access Program (gMAP)Novarti",
    "link": "https://www.novartis.com/healthcare-professionals/medical-congresses-and-events",
    "timestamp": "unknown"
  },
  {
    "title": "Medical congresses and eventsASCO Annual MeetingProductsNovartis pipelineManaged access programsZolgensma\u00ae Global Managed Access Program (gMAP)Novarti",
    "link": "https://www.novartis.com/healthcare-professionals/medical-congresses-and-events",
    "timestamp": "unknown"
  },
  {
    "title": "Medical congresses and eventsASCO Annual MeetingProductsNovartis pipelineManaged access programsZolgensma\u00ae Global Managed Access Program (gMAP)Novarti",
    "link": "https://www.novartis.com/healthcare-professionals/medical-congresses-and-events",
    "timestamp": "unknown"
  },
  {
    "title": "Medical congresses and eventsASCO Annual MeetingProductsNovartis pipelineManaged access programsZolgensma\u00ae Global Managed Access Program (gMAP)Novarti",
    "link": "https://www.novartis.com/healthcare-professionals/medical-congresses-and-events",
    "timestamp": "unknown"
  },
  {
    "title": "Medical congresses and eventsASCO Annual Meeting",
    "link": "https://www.novartis.com/healthcare-professionals/medical-congresses-and-events",
    "timestamp": "unknown"
  },
  {
    "title": "ASCO Annual Meeting",
    "link": "https://www.novartis.com/healthcare-professionals/medical-congresses-and-events/asco-annual-meeting",
    "timestamp": "unknown"
  },
  {
    "title": "ASCO Annual Meeting",
    "link": "https://www.novartis.com/healthcare-professionals/medical-congresses-and-events/asco-annual-meeting",
    "timestamp": "unknown"
  },
  {
    "title": "ASCO Annual Meeting",
    "link": "https://www.novartis.com/healthcare-professionals/medical-congresses-and-events/asco-annual-meeting",
    "timestamp": "unknown"
  },
  {
    "title": "ASCO Annual Meeting",
    "link": "https://www.novartis.com/healthcare-professionals/medical-congresses-and-events/asco-annual-meeting",
    "timestamp": "unknown"
  },
  {
    "title": "ASCO Annual Meeting",
    "link": "https://www.novartis.com/healthcare-professionals/medical-congresses-and-events/asco-annual-meeting",
    "timestamp": "unknown"
  },
  {
    "title": "Products",
    "link": "https://www.novartis.com/about/products",
    "timestamp": "unknown"
  },
  {
    "title": "Novartis pipeline",
    "link": "https://www.novartis.com/research-development/novartis-pipeline",
    "timestamp": "unknown"
  },
  {
    "title": "Managed access programsZolgensma\u00ae Global Managed Access Program (gMAP)",
    "link": "https://www.novartis.com/healthcare-professionals/managed-access-programs",
    "timestamp": "unknown"
  },
  {
    "title": "Zolgensma\u00ae Global Managed Access Program (gMAP)",
    "link": "https://www.novartis.com/healthcare-professionals/managed-access-programs/zolgensma-global-managed-access-program-gmap",
    "timestamp": "unknown"
  },
  {
    "title": "Zolgensma\u00ae Global Managed Access Program (gMAP)",
    "link": "https://www.novartis.com/healthcare-professionals/managed-access-programs/zolgensma-global-managed-access-program-gmap",
    "timestamp": "unknown"
  },
  {
    "title": "Zolgensma\u00ae Global Managed Access Program (gMAP)",
    "link": "https://www.novartis.com/healthcare-professionals/managed-access-programs/zolgensma-global-managed-access-program-gmap",
    "timestamp": "unknown"
  },
  {
    "title": "Zolgensma\u00ae Global Managed Access Program (gMAP)",
    "link": "https://www.novartis.com/healthcare-professionals/managed-access-programs/zolgensma-global-managed-access-program-gmap",
    "timestamp": "unknown"
  },
  {
    "title": "Zolgensma\u00ae Global Managed Access Program (gMAP)",
    "link": "https://www.novartis.com/healthcare-professionals/managed-access-programs/zolgensma-global-managed-access-program-gmap",
    "timestamp": "unknown"
  },
  {
    "title": "Novartis external funding",
    "link": "https://www.novartis.com/healthcare-professionals/novartis-external-funding",
    "timestamp": "unknown"
  },
  {
    "title": "Healthcare professional resources by country",
    "link": "https://www.novartis.com/healthcare-professionals/healthcare-professional-resources-country",
    "timestamp": "unknown"
  },
  {
    "title": "Investigator-initiated trials / studies",
    "link": "https://www.novartis.com/healthcare-professionals/investigator-initiated-trials-studies-clinical-and-investigator-initiated-research-non-clinical",
    "timestamp": "unknown"
  },
  {
    "title": "Novartis medical informationSubmit medical enquiry",
    "link": "https://www.novartis.com/healthcare-professionals/novartis-medical-information",
    "timestamp": "unknown"
  },
  {
    "title": "Submit medical enquiry",
    "link": "https://www.novartis.com/healthcare-professionals/novartis-medical-information/submit-medical-enquiry",
    "timestamp": "unknown"
  },
  {
    "title": "Submit medical enquiry",
    "link": "https://www.novartis.com/healthcare-professionals/novartis-medical-information/submit-medical-enquiry",
    "timestamp": "unknown"
  },
  {
    "title": "Submit medical enquiry",
    "link": "https://www.novartis.com/healthcare-professionals/novartis-medical-information/submit-medical-enquiry",
    "timestamp": "unknown"
  },
  {
    "title": "Submit medical enquiry",
    "link": "https://www.novartis.com/healthcare-professionals/novartis-medical-information/submit-medical-enquiry",
    "timestamp": "unknown"
  },
  {
    "title": "Submit medical enquiry",
    "link": "https://www.novartis.com/healthcare-professionals/novartis-medical-information/submit-medical-enquiry",
    "timestamp": "unknown"
  },
  {
    "title": "Research and developmentTechnology platformsResearch disease areasCardiovascular and metabolic disease research at NovartisDiseases of Aging and Regen",
    "link": "https://www.novartis.com/research-and-development",
    "timestamp": "unknown"
  },
  {
    "title": "Technology platformsResearch disease areasCardiovascular and metabolic disease research at NovartisDiseases of Aging and Regenerative medicine (DARe)D",
    "link": "https://www.novartis.com/research-and-development/technology-platforms",
    "timestamp": "unknown"
  },
  {
    "title": "Technology platformsResearch disease areasCardiovascular and metabolic disease research at NovartisDiseases of Aging and Regenerative medicine (DARe)D",
    "link": "https://www.novartis.com/research-and-development/technology-platforms",
    "timestamp": "unknown"
  },
  {
    "title": "Technology platformsResearch disease areasCardiovascular and metabolic disease research at NovartisDiseases of Aging and Regenerative medicine (DARe)D",
    "link": "https://www.novartis.com/research-and-development/technology-platforms",
    "timestamp": "unknown"
  },
  {
    "title": "Technology platformsResearch disease areasCardiovascular and metabolic disease research at NovartisDiseases of Aging and Regenerative medicine (DARe)D",
    "link": "https://www.novartis.com/research-and-development/technology-platforms",
    "timestamp": "unknown"
  },
  {
    "title": "Technology platforms",
    "link": "https://www.novartis.com/research-and-development/technology-platforms",
    "timestamp": "unknown"
  },
  {
    "title": "Research disease areasCardiovascular and metabolic disease research at NovartisDiseases of Aging and Regenerative medicine (DARe)DAx: exploratory dise",
    "link": "https://www.novartis.com/research-and-development/research-disease-areas",
    "timestamp": "unknown"
  },
  {
    "title": "Cardiovascular and metabolic disease research at NovartisDiseases of Aging and Regenerative medicine (DARe)DAx: exploratory disease research at Novart",
    "link": "https://www.novartis.com/research-and-development/research-disease-areas/cardiovascular-and-metabolic-disease-research-novartis",
    "timestamp": "unknown"
  },
  {
    "title": "Cardiovascular and metabolic disease research at NovartisDiseases of Aging and Regenerative medicine (DARe)DAx: exploratory disease research at Novart",
    "link": "https://www.novartis.com/research-and-development/research-disease-areas/cardiovascular-and-metabolic-disease-research-novartis",
    "timestamp": "unknown"
  },
  {
    "title": "Cardiovascular and metabolic disease research at NovartisDiseases of Aging and Regenerative medicine (DARe)DAx: exploratory disease research at Novart",
    "link": "https://www.novartis.com/research-and-development/research-disease-areas/cardiovascular-and-metabolic-disease-research-novartis",
    "timestamp": "unknown"
  },
  {
    "title": "Cardiovascular and metabolic disease research at NovartisDiseases of Aging and Regenerative medicine (DARe)DAx: exploratory disease research at Novart",
    "link": "https://www.novartis.com/research-and-development/research-disease-areas/cardiovascular-and-metabolic-disease-research-novartis",
    "timestamp": "unknown"
  },
  {
    "title": "Cardiovascular and metabolic disease research at Novartis",
    "link": "https://www.novartis.com/research-and-development/research-disease-areas/cardiovascular-and-metabolic-disease-research-novartis",
    "timestamp": "unknown"
  },
  {
    "title": "Diseases of Aging and Regenerative medicine (DARe)",
    "link": "https://www.novartis.com/research-and-development/research-disease-areas/diseases-aging-and-regenerative-medicine-dare-research-novartis",
    "timestamp": "unknown"
  },
  {
    "title": "DAx: exploratory disease research at Novartis",
    "link": "https://www.novartis.com/research-and-development/research-disease-areas/dax-exploratory-disease-research-novartis",
    "timestamp": "unknown"
  },
  {
    "title": "Global Health disease area research at Novartis",
    "link": "https://www.novartis.com/research-and-development/research-disease-areas/global-health-disease-area-research-novartis",
    "timestamp": "unknown"
  },
  {
    "title": "Immunology disease research at Novartis",
    "link": "https://www.novartis.com/research-and-development/research-disease-areas/immunology-disease-research-novartis",
    "timestamp": "unknown"
  },
  {
    "title": "Neuroscience research at Novartis",
    "link": "https://www.novartis.com/research-and-development/research-disease-areas/neuroscience-research-novartis",
    "timestamp": "unknown"
  },
  {
    "title": "Oncology research at Novartis",
    "link": "https://www.novartis.com/research-and-development/research-disease-areas/oncology-research-novartis",
    "timestamp": "unknown"
  },
  {
    "title": "Novartis pipeline",
    "link": "https://www.novartis.com/research-development/novartis-pipeline",
    "timestamp": "unknown"
  },
  {
    "title": "Research collaborations",
    "link": "https://www.novartis.com/research-and-development/research-collaborations",
    "timestamp": "unknown"
  },
  {
    "title": "Collaborations",
    "link": "https://www.novartis.com/research-and-development/collaborations",
    "timestamp": "unknown"
  },
  {
    "title": "ESGAccessCreating sustainable business modelsValue-based pricingSub-Saharan AfricaDonationsNovartis access principlesNovartis oncology accessPatents a",
    "link": "https://www.novartis.com/esg",
    "timestamp": "unknown"
  },
  {
    "title": "AccessCreating sustainable business modelsValue-based pricingSub-Saharan AfricaDonationsNovartis access principlesNovartis oncology accessPatents and ",
    "link": "https://www.novartis.com/esg/access",
    "timestamp": "unknown"
  },
  {
    "title": "AccessCreating sustainable business modelsValue-based pricingSub-Saharan AfricaDonationsNovartis access principlesNovartis oncology accessPatents and ",
    "link": "https://www.novartis.com/esg/access",
    "timestamp": "unknown"
  },
  {
    "title": "AccessCreating sustainable business modelsValue-based pricingSub-Saharan AfricaDonationsNovartis access principlesNovartis oncology accessPatents and ",
    "link": "https://www.novartis.com/esg/access",
    "timestamp": "unknown"
  },
  {
    "title": "AccessCreating sustainable business modelsValue-based pricingSub-Saharan AfricaDonationsNovartis access principlesNovartis oncology accessPatents and ",
    "link": "https://www.novartis.com/esg/access",
    "timestamp": "unknown"
  },
  {
    "title": "AccessCreating sustainable business modelsValue-based pricingSub-Saharan AfricaDonationsNovartis access principlesNovartis oncology accessPatents and ",
    "link": "https://www.novartis.com/esg/access",
    "timestamp": "unknown"
  },
  {
    "title": "Creating sustainable business modelsValue-based pricingSub-Saharan AfricaDonationsNovartis access principlesNovartis oncology accessPatents and licens",
    "link": "https://www.novartis.com/esg/access/creating-sustainable-business-models",
    "timestamp": "unknown"
  },
  {
    "title": "Creating sustainable business modelsValue-based pricingSub-Saharan AfricaDonationsNovartis access principlesNovartis oncology accessPatents and licens",
    "link": "https://www.novartis.com/esg/access/creating-sustainable-business-models",
    "timestamp": "unknown"
  },
  {
    "title": "Creating sustainable business modelsValue-based pricingSub-Saharan AfricaDonationsNovartis access principlesNovartis oncology accessPatents and licens",
    "link": "https://www.novartis.com/esg/access/creating-sustainable-business-models",
    "timestamp": "unknown"
  },
  {
    "title": "Creating sustainable business modelsValue-based pricingSub-Saharan AfricaDonationsNovartis access principlesNovartis oncology accessPatents and licens",
    "link": "https://www.novartis.com/esg/access/creating-sustainable-business-models",
    "timestamp": "unknown"
  },
  {
    "title": "Creating sustainable business models",
    "link": "https://www.novartis.com/esg/access/creating-sustainable-business-models",
    "timestamp": "unknown"
  },
  {
    "title": "Value-based pricing",
    "link": "https://www.novartis.com/esg/access/value-based-pricing",
    "timestamp": "unknown"
  },
  {
    "title": "Sub-Saharan Africa",
    "link": "https://www.novartis.com/esg/access/sub-saharan-africa",
    "timestamp": "unknown"
  },
  {
    "title": "Donations",
    "link": "https://www.novartis.com/esg/access/donations",
    "timestamp": "unknown"
  },
  {
    "title": "Novartis access principles",
    "link": "https://www.novartis.com/esg/access/novartis-access-principles",
    "timestamp": "unknown"
  },
  {
    "title": "Novartis oncology access",
    "link": "https://www.novartis.com/esg/access/novartis-oncology-access",
    "timestamp": "unknown"
  },
  {
    "title": "Patents and licensing",
    "link": "https://www.novartis.com/esg/access/patents-and-licensing",
    "timestamp": "unknown"
  },
  {
    "title": "Environmental sustainabilityClimateNature - WasteNature - Water",
    "link": "https://www.novartis.com/esg/environmental-sustainability",
    "timestamp": "unknown"
  },
  {
    "title": "ClimateNature - WasteNature - Water",
    "link": "https://www.novartis.com/esg/environmental-sustainability/climate",
    "timestamp": "unknown"
  },
  {
    "title": "ClimateNature - WasteNature - Water",
    "link": "https://www.novartis.com/esg/environmental-sustainability/climate",
    "timestamp": "unknown"
  },
  {
    "title": "ClimateNature - WasteNature - Water",
    "link": "https://www.novartis.com/esg/environmental-sustainability/climate",
    "timestamp": "unknown"
  },
  {
    "title": "ClimateNature - WasteNature - Water",
    "link": "https://www.novartis.com/esg/environmental-sustainability/climate",
    "timestamp": "unknown"
  },
  {
    "title": "Climate",
    "link": "https://www.novartis.com/esg/environmental-sustainability/climate",
    "timestamp": "unknown"
  },
  {
    "title": "Nature - Waste",
    "link": "https://www.novartis.com/esg/environmental-sustainability/waste",
    "timestamp": "unknown"
  },
  {
    "title": "Nature - Water",
    "link": "https://www.novartis.com/esg/environmental-sustainability/water",
    "timestamp": "unknown"
  },
  {
    "title": "Ethics, risk and complianceEthical behaviorComplianceHuman rightsLearning and engagementIntegrated risk assurance",
    "link": "https://www.novartis.com/esg/ethics-risk-and-compliance",
    "timestamp": "unknown"
  },
  {
    "title": "Ethical behaviorComplianceHuman rightsLearning and engagementIntegrated risk assurance",
    "link": "https://www.novartis.com/esg/ethics-risk-and-compliance/ethical-behavior",
    "timestamp": "unknown"
  },
  {
    "title": "Ethical behaviorComplianceHuman rightsLearning and engagementIntegrated risk assurance",
    "link": "https://www.novartis.com/esg/ethics-risk-and-compliance/ethical-behavior",
    "timestamp": "unknown"
  },
  {
    "title": "Ethical behaviorComplianceHuman rightsLearning and engagementIntegrated risk assurance",
    "link": "https://www.novartis.com/esg/ethics-risk-and-compliance/ethical-behavior",
    "timestamp": "unknown"
  },
  {
    "title": "Ethical behaviorComplianceHuman rightsLearning and engagementIntegrated risk assurance",
    "link": "https://www.novartis.com/esg/ethics-risk-and-compliance/ethical-behavior",
    "timestamp": "unknown"
  },
  {
    "title": "Ethical behavior",
    "link": "https://www.novartis.com/esg/ethics-risk-and-compliance/ethical-behavior",
    "timestamp": "unknown"
  },
  {
    "title": "Compliance",
    "link": "https://www.novartis.com/esg/ethics-risk-and-compliance/compliance",
    "timestamp": "unknown"
  },
  {
    "title": "Human rights",
    "link": "https://www.novartis.com/esg/ethics-risk-and-compliance/human-rights",
    "timestamp": "unknown"
  },
  {
    "title": "Learning and engagement",
    "link": "https://www.novartis.com/esg/ethics-risk-and-compliance/learning-and-engagement",
    "timestamp": "unknown"
  },
  {
    "title": "Integrated risk assurance",
    "link": "https://www.novartis.com/esg/ethics-risk-and-compliance/integrated-risk-assurance",
    "timestamp": "unknown"
  },
  {
    "title": "Global healthPandemic preparednessAvoidable blindnessChagas diseaseLeprosyMalariaSickle cell disease (SCD)Novartis Foundation",
    "link": "https://www.novartis.com/esg/global-health",
    "timestamp": "unknown"
  },
  {
    "title": "Pandemic preparednessAvoidable blindnessChagas diseaseLeprosyMalariaSickle cell disease (SCD)Novartis Foundation",
    "link": "https://www.novartis.com/esg/global-health/pandemic-preparedness",
    "timestamp": "unknown"
  },
  {
    "title": "Pandemic preparednessAvoidable blindnessChagas diseaseLeprosyMalariaSickle cell disease (SCD)Novartis Foundation",
    "link": "https://www.novartis.com/esg/global-health/pandemic-preparedness",
    "timestamp": "unknown"
  },
  {
    "title": "Pandemic preparednessAvoidable blindnessChagas diseaseLeprosyMalariaSickle cell disease (SCD)Novartis Foundation",
    "link": "https://www.novartis.com/esg/global-health/pandemic-preparedness",
    "timestamp": "unknown"
  },
  {
    "title": "Pandemic preparednessAvoidable blindnessChagas diseaseLeprosyMalariaSickle cell disease (SCD)Novartis Foundation",
    "link": "https://www.novartis.com/esg/global-health/pandemic-preparedness",
    "timestamp": "unknown"
  },
  {
    "title": "Pandemic preparedness",
    "link": "https://www.novartis.com/esg/global-health/pandemic-preparedness",
    "timestamp": "unknown"
  },
  {
    "title": "Avoidable blindness",
    "link": "https://www.novartis.com/esg/global-health/avoidable-blindness",
    "timestamp": "unknown"
  },
  {
    "title": "Chagas disease",
    "link": "https://www.novartis.com/diseases/chagas-disease",
    "timestamp": "unknown"
  },
  {
    "title": "Leprosy",
    "link": "https://www.novartis.com/diseases/leprosy",
    "timestamp": "unknown"
  },
  {
    "title": "Malaria",
    "link": "https://www.novartis.com/diseases/malaria",
    "timestamp": "unknown"
  },
  {
    "title": "Sickle cell disease (SCD)",
    "link": "https://www.novartis.com/diseases/sickle-cell-disease",
    "timestamp": "unknown"
  },
  {
    "title": "Novartis Foundation",
    "link": "https://www.novartisfoundation.org/",
    "timestamp": "unknown"
  },
  {
    "title": "Inclusion",
    "link": "https://www.novartis.com/about/inclusion",
    "timestamp": "unknown"
  },
  {
    "title": "ESG index",
    "link": "https://www.novartis.com/esg/index",
    "timestamp": "unknown"
  },
  {
    "title": "Reporting and transparency hubESG rating performanceTargetsPatient organization fundingPayments to healthcare professionalsPublic policyA living wageA",
    "link": "https://www.novartis.com/investors/reporting-and-transparency-hub",
    "timestamp": "unknown"
  },
  {
    "title": "ESG rating performanceTargetsPatient organization fundingPayments to healthcare professionalsPublic policyA living wageA safe workplaceAnimal research",
    "link": "https://www.novartis.com/investors/reporting-and-transparency-hub/esg-rating-performance",
    "timestamp": "unknown"
  },
  {
    "title": "ESG rating performanceTargetsPatient organization fundingPayments to healthcare professionalsPublic policyA living wageA safe workplaceAnimal research",
    "link": "https://www.novartis.com/investors/reporting-and-transparency-hub/esg-rating-performance",
    "timestamp": "unknown"
  },
  {
    "title": "ESG rating performanceTargetsPatient organization fundingPayments to healthcare professionalsPublic policyA living wageA safe workplaceAnimal research",
    "link": "https://www.novartis.com/investors/reporting-and-transparency-hub/esg-rating-performance",
    "timestamp": "unknown"
  },
  {
    "title": "ESG rating performanceTargetsPatient organization fundingPayments to healthcare professionalsPublic policyA living wageA safe workplaceAnimal research",
    "link": "https://www.novartis.com/investors/reporting-and-transparency-hub/esg-rating-performance",
    "timestamp": "unknown"
  },
  {
    "title": "ESG rating performance",
    "link": "https://www.novartis.com/investors/reporting-and-transparency-hub/esg-rating-performance",
    "timestamp": "unknown"
  },
  {
    "title": "Targets",
    "link": "https://www.novartis.com/investors/reporting-and-transparency-hub/targets",
    "timestamp": "unknown"
  },
  {
    "title": "Patient organization funding",
    "link": "https://www.novartis.com/investors/reporting-and-transparency-hub/patient-organization-funding",
    "timestamp": "unknown"
  },
  {
    "title": "Payments to healthcare professionals",
    "link": "https://www.novartis.com/investors/reporting-and-transparency-hub/payments-healthcare-professionals",
    "timestamp": "unknown"
  },
  {
    "title": "Public policy",
    "link": "https://www.novartis.com/investors/reporting-and-transparency-hub/public-policy",
    "timestamp": "unknown"
  },
  {
    "title": "A living wage",
    "link": "https://www.novartis.com/investors/reporting-and-transparency-hub/living-wage",
    "timestamp": "unknown"
  },
  {
    "title": "A safe workplace",
    "link": "https://www.novartis.com/investors/reporting-and-transparency-hub/safe-workplace",
    "timestamp": "unknown"
  },
  {
    "title": "Animal research",
    "link": "https://www.novartis.com/investors/reporting-and-transparency-hub/animal-research",
    "timestamp": "unknown"
  },
  {
    "title": "InvestorsEvent calendarFinancial dataNovartis annual resultsNovartis quarterly resultsNovartis SEC filingsProduct salesFixed-income securitiesExpected",
    "link": "https://www.novartis.com/investors",
    "timestamp": "unknown"
  },
  {
    "title": "Event calendarFinancial dataNovartis annual resultsNovartis quarterly resultsNovartis SEC filingsProduct salesFixed-income securitiesExpected currency",
    "link": "https://www.novartis.com/investors/event-calendar",
    "timestamp": "unknown"
  },
  {
    "title": "Event calendarFinancial dataNovartis annual resultsNovartis quarterly resultsNovartis SEC filingsProduct salesFixed-income securitiesExpected currency",
    "link": "https://www.novartis.com/investors/event-calendar",
    "timestamp": "unknown"
  },
  {
    "title": "Event calendarFinancial dataNovartis annual resultsNovartis quarterly resultsNovartis SEC filingsProduct salesFixed-income securitiesExpected currency",
    "link": "https://www.novartis.com/investors/event-calendar",
    "timestamp": "unknown"
  },
  {
    "title": "Event calendarFinancial dataNovartis annual resultsNovartis quarterly resultsNovartis SEC filingsProduct salesFixed-income securitiesExpected currency",
    "link": "https://www.novartis.com/investors/event-calendar",
    "timestamp": "unknown"
  },
  {
    "title": "Event calendar",
    "link": "https://www.novartis.com/investors/event-calendar",
    "timestamp": "unknown"
  },
  {
    "title": "Financial dataNovartis annual resultsNovartis quarterly resultsNovartis SEC filingsProduct salesFixed-income securitiesExpected currency impact",
    "link": "https://www.novartis.com/investors/financial-data",
    "timestamp": "unknown"
  },
  {
    "title": "Novartis annual resultsNovartis quarterly resultsNovartis SEC filingsProduct salesFixed-income securitiesExpected currency impact",
    "link": "https://www.novartis.com/investors/financial-data/annual-results",
    "timestamp": "unknown"
  },
  {
    "title": "Novartis annual resultsNovartis quarterly resultsNovartis SEC filingsProduct salesFixed-income securitiesExpected currency impact",
    "link": "https://www.novartis.com/investors/financial-data/annual-results",
    "timestamp": "unknown"
  },
  {
    "title": "Novartis annual resultsNovartis quarterly resultsNovartis SEC filingsProduct salesFixed-income securitiesExpected currency impact",
    "link": "https://www.novartis.com/investors/financial-data/annual-results",
    "timestamp": "unknown"
  },
  {
    "title": "Novartis annual resultsNovartis quarterly resultsNovartis SEC filingsProduct salesFixed-income securitiesExpected currency impact",
    "link": "https://www.novartis.com/investors/financial-data/annual-results",
    "timestamp": "unknown"
  },
  {
    "title": "Novartis annual results",
    "link": "https://www.novartis.com/investors/financial-data/annual-results",
    "timestamp": "unknown"
  },
  {
    "title": "Novartis quarterly results",
    "link": "https://www.novartis.com/investors/financial-data/quarterly-results",
    "timestamp": "unknown"
  },
  {
    "title": "Novartis SEC filings",
    "link": "https://www.novartis.com/investors/financial-data/sec-filings",
    "timestamp": "unknown"
  },
  {
    "title": "Product sales",
    "link": "https://www.novartis.com/investors/financial-data/product-sales",
    "timestamp": "unknown"
  },
  {
    "title": "Fixed-income securities",
    "link": "https://www.novartis.com/investors/financial-data/fixed-income-securities",
    "timestamp": "unknown"
  },
  {
    "title": "Expected currency impact",
    "link": "https://www.novartis.com/investors/financial-data/expected-currency-impact",
    "timestamp": "unknown"
  },
  {
    "title": "Share data and analysisShare monitorDividend informationShare ownershipShare overviewReturn on investment calculator",
    "link": "https://www.novartis.com/investors/share-data-and-analysis",
    "timestamp": "unknown"
  },
  {
    "title": "Share monitorDividend informationShare ownershipShare overviewReturn on investment calculator",
    "link": "https://www.novartis.com/investors/share-data-and-analysis/share-monitor",
    "timestamp": "unknown"
  },
  {
    "title": "Share monitorDividend informationShare ownershipShare overviewReturn on investment calculator",
    "link": "https://www.novartis.com/investors/share-data-and-analysis/share-monitor",
    "timestamp": "unknown"
  },
  {
    "title": "Share monitorDividend informationShare ownershipShare overviewReturn on investment calculator",
    "link": "https://www.novartis.com/investors/share-data-and-analysis/share-monitor",
    "timestamp": "unknown"
  },
  {
    "title": "Share monitorDividend informationShare ownershipShare overviewReturn on investment calculator",
    "link": "https://www.novartis.com/investors/share-data-and-analysis/share-monitor",
    "timestamp": "unknown"
  },
  {
    "title": "Share monitor",
    "link": "https://www.novartis.com/investors/share-data-and-analysis/share-monitor",
    "timestamp": "unknown"
  },
  {
    "title": "Dividend information",
    "link": "https://www.novartis.com/investors/share-data-and-analysis/dividend-information",
    "timestamp": "unknown"
  },
  {
    "title": "Share ownership",
    "link": "https://www.novartis.com/investors/share-data-and-analysis/share-ownership",
    "timestamp": "unknown"
  },
  {
    "title": "Share overview",
    "link": "https://www.novartis.com/investors/share-data-and-analysis/share-overview",
    "timestamp": "unknown"
  },
  {
    "title": "Return on investment calculator",
    "link": "https://www.novartis.com/investors/share-data-and-analysis/return-investment-calculator",
    "timestamp": "unknown"
  },
  {
    "title": "Shareholder informationGeneral MeetingsAmerican Depositary Receipts (ADR)Share buybackFrequently asked questions",
    "link": "https://www.novartis.com/investors/shareholder-information",
    "timestamp": "unknown"
  },
  {
    "title": "General MeetingsAmerican Depositary Receipts (ADR)Share buybackFrequently asked questions",
    "link": "https://www.novartis.com/investors/shareholder-information/general-meetings",
    "timestamp": "unknown"
  },
  {
    "title": "General MeetingsAmerican Depositary Receipts (ADR)Share buybackFrequently asked questions",
    "link": "https://www.novartis.com/investors/shareholder-information/general-meetings",
    "timestamp": "unknown"
  },
  {
    "title": "General MeetingsAmerican Depositary Receipts (ADR)Share buybackFrequently asked questions",
    "link": "https://www.novartis.com/investors/shareholder-information/general-meetings",
    "timestamp": "unknown"
  },
  {
    "title": "General MeetingsAmerican Depositary Receipts (ADR)Share buybackFrequently asked questions",
    "link": "https://www.novartis.com/investors/shareholder-information/general-meetings",
    "timestamp": "unknown"
  },
  {
    "title": "General Meetings",
    "link": "https://www.novartis.com/investors/shareholder-information/general-meetings",
    "timestamp": "unknown"
  },
  {
    "title": "American Depositary Receipts (ADR)",
    "link": "https://www.novartis.com/investors/shareholder-information/american-depositary-receipts-adr",
    "timestamp": "unknown"
  },
  {
    "title": "Share buyback",
    "link": "https://www.novartis.com/investors/shareholder-information/share-buy-back",
    "timestamp": "unknown"
  },
  {
    "title": "Frequently asked questions",
    "link": "https://www.novartis.com/investors/shareholder-information/frequently-asked-questions",
    "timestamp": "unknown"
  },
  {
    "title": "Company overviewCorporate governance",
    "link": "https://www.novartis.com/investors/company-overview",
    "timestamp": "unknown"
  },
  {
    "title": "Corporate governance",
    "link": "https://www.novartis.com/investors/company-overview/corporate-governance",
    "timestamp": "unknown"
  },
  {
    "title": "Corporate governance",
    "link": "https://www.novartis.com/investors/company-overview/corporate-governance",
    "timestamp": "unknown"
  },
  {
    "title": "Corporate governance",
    "link": "https://www.novartis.com/investors/company-overview/corporate-governance",
    "timestamp": "unknown"
  },
  {
    "title": "Corporate governance",
    "link": "https://www.novartis.com/investors/company-overview/corporate-governance",
    "timestamp": "unknown"
  },
  {
    "title": "Corporate governance",
    "link": "https://www.novartis.com/investors/company-overview/corporate-governance",
    "timestamp": "unknown"
  },
  {
    "title": "Reporting and transparency hubReporting archiveESG rating performancePublications order form",
    "link": "https://www.novartis.com/investors/reporting-and-transparency-hub",
    "timestamp": "unknown"
  },
  {
    "title": "Reporting archiveESG rating performancePublications order form",
    "link": "https://www.novartis.com/investors/reporting-and-transparency-hub/reporting-archive",
    "timestamp": "unknown"
  },
  {
    "title": "Reporting archiveESG rating performancePublications order form",
    "link": "https://www.novartis.com/investors/reporting-and-transparency-hub/reporting-archive",
    "timestamp": "unknown"
  },
  {
    "title": "Reporting archiveESG rating performancePublications order form",
    "link": "https://www.novartis.com/investors/reporting-and-transparency-hub/reporting-archive",
    "timestamp": "unknown"
  },
  {
    "title": "Reporting archiveESG rating performancePublications order form",
    "link": "https://www.novartis.com/investors/reporting-and-transparency-hub/reporting-archive",
    "timestamp": "unknown"
  },
  {
    "title": "Reporting archive",
    "link": "https://www.novartis.com/investors/reporting-and-transparency-hub/reporting-archive",
    "timestamp": "unknown"
  },
  {
    "title": "ESG rating performance",
    "link": "https://www.novartis.com/investors/reporting-and-transparency-hub/esg-rating-performance",
    "timestamp": "unknown"
  },
  {
    "title": "Publications order form",
    "link": "https://www.novartis.com/news/stay-up-to-date",
    "timestamp": "unknown"
  },
  {
    "title": "ESG",
    "link": "https://www.novartis.com/esg",
    "timestamp": "unknown"
  },
  {
    "title": "NewsNewsroomMedia libraryStoriesSubscribeEventsNewsInformation for journalists including press releases, statements, stories, multimedia resources and",
    "link": "https://www.novartis.com/news",
    "timestamp": "unknown"
  },
  {
    "title": "NewsroomMedia libraryStoriesSubscribeEventsNewsInformation for journalists including press releases, statements, stories, multimedia resources and mor",
    "link": "https://www.novartis.com/news/newsroom",
    "timestamp": "unknown"
  },
  {
    "title": "NewsroomMedia libraryStoriesSubscribeEventsNewsInformation for journalists including press releases, statements, stories, multimedia resources and mor",
    "link": "https://www.novartis.com/news/newsroom",
    "timestamp": "unknown"
  },
  {
    "title": "NewsroomMedia libraryStoriesSubscribeEventsNewsInformation for journalists including press releases, statements, stories, multimedia resources and mor",
    "link": "https://www.novartis.com/news/newsroom",
    "timestamp": "unknown"
  },
  {
    "title": "NewsroomMedia libraryStoriesSubscribeEvents",
    "link": "https://www.novartis.com/news/newsroom",
    "timestamp": "unknown"
  },
  {
    "title": "Newsroom",
    "link": "https://www.novartis.com/news/newsroom",
    "timestamp": "unknown"
  },
  {
    "title": "Media library",
    "link": "https://www.novartis.com/news/media-library",
    "timestamp": "unknown"
  },
  {
    "title": "Stories",
    "link": "https://www.novartis.com/stories",
    "timestamp": "unknown"
  },
  {
    "title": "Subscribe",
    "link": "https://www.novartis.com/news/stay-up-to-date",
    "timestamp": "unknown"
  },
  {
    "title": "Events",
    "link": "https://www.novartis.com/events",
    "timestamp": "unknown"
  },
  {
    "title": "CareersCareer searchOur business functionsCareers in research and developmentCareers in operationsCareers in commercial and salesCareers in global fun",
    "link": "https://www.novartis.com/careers",
    "timestamp": "unknown"
  },
  {
    "title": "Career searchOur business functionsCareers in research and developmentCareers in operationsCareers in commercial and salesCareers in global functionsW",
    "link": "https://www.novartis.com/careers/career-search",
    "timestamp": "unknown"
  },
  {
    "title": "Career searchOur business functionsCareers in research and developmentCareers in operationsCareers in commercial and salesCareers in global functionsW",
    "link": "https://www.novartis.com/careers/career-search",
    "timestamp": "unknown"
  },
  {
    "title": "Career searchOur business functionsCareers in research and developmentCareers in operationsCareers in commercial and salesCareers in global functionsW",
    "link": "https://www.novartis.com/careers/career-search",
    "timestamp": "unknown"
  },
  {
    "title": "Career searchOur business functionsCareers in research and developmentCareers in operationsCareers in commercial and salesCareers in global functionsW",
    "link": "https://www.novartis.com/careers/career-search",
    "timestamp": "unknown"
  },
  {
    "title": "Career search",
    "link": "https://www.novartis.com/careers/career-search",
    "timestamp": "unknown"
  },
  {
    "title": "Our business functionsCareers in research and developmentCareers in operationsCareers in commercial and salesCareers in global functions",
    "link": "https://www.novartis.com/careers/our-business-functions",
    "timestamp": "unknown"
  },
  {
    "title": "Careers in research and developmentCareers in operationsCareers in commercial and salesCareers in global functions",
    "link": "https://www.novartis.com/careers/our-business-functions/careers-research-and-development",
    "timestamp": "unknown"
  },
  {
    "title": "Careers in research and developmentCareers in operationsCareers in commercial and salesCareers in global functions",
    "link": "https://www.novartis.com/careers/our-business-functions/careers-research-and-development",
    "timestamp": "unknown"
  },
  {
    "title": "Careers in research and developmentCareers in operationsCareers in commercial and salesCareers in global functions",
    "link": "https://www.novartis.com/careers/our-business-functions/careers-research-and-development",
    "timestamp": "unknown"
  },
  {
    "title": "Careers in research and developmentCareers in operationsCareers in commercial and salesCareers in global functions",
    "link": "https://www.novartis.com/careers/our-business-functions/careers-research-and-development",
    "timestamp": "unknown"
  },
  {
    "title": "Careers in research and development",
    "link": "https://www.novartis.com/careers/our-business-functions/careers-research-and-development",
    "timestamp": "unknown"
  },
  {
    "title": "Careers in operations",
    "link": "https://www.novartis.com/careers/our-business-functions/careers-operations",
    "timestamp": "unknown"
  },
  {
    "title": "Careers in commercial and sales",
    "link": "https://www.novartis.com/careers/our-business-functions/careers-commercial-and-sales",
    "timestamp": "unknown"
  },
  {
    "title": "Careers in global functions",
    "link": "https://www.novartis.com/careers/our-business-functions/careers-global-functions",
    "timestamp": "unknown"
  },
  {
    "title": "Why Novartis",
    "link": "https://www.novartis.com/careers/why-novartis",
    "timestamp": "unknown"
  },
  {
    "title": "Career hubTemporary contracts",
    "link": "https://www.novartis.com/careers/career-hub",
    "timestamp": "unknown"
  },
  {
    "title": "Temporary contracts",
    "link": "https://novartis.willhire.co",
    "timestamp": "unknown"
  },
  {
    "title": "Temporary contracts",
    "link": "https://novartis.willhire.co",
    "timestamp": "unknown"
  },
  {
    "title": "Temporary contracts",
    "link": "https://novartis.willhire.co",
    "timestamp": "unknown"
  },
  {
    "title": "Temporary contracts",
    "link": "https://novartis.willhire.co",
    "timestamp": "unknown"
  },
  {
    "title": "Temporary contracts",
    "link": "https://novartis.willhire.co",
    "timestamp": "unknown"
  },
  {
    "title": "Early careersGraduatesStudentsUS Biomedical Research internship programsCommunity exploration and learning lab (CELL)",
    "link": "https://www.novartis.com/careers/early-careers",
    "timestamp": "unknown"
  },
  {
    "title": "GraduatesStudentsUS Biomedical Research internship programsCommunity exploration and learning lab (CELL)",
    "link": "https://www.novartis.com/careers/early-careers/graduates",
    "timestamp": "unknown"
  },
  {
    "title": "GraduatesStudentsUS Biomedical Research internship programsCommunity exploration and learning lab (CELL)",
    "link": "https://www.novartis.com/careers/early-careers/graduates",
    "timestamp": "unknown"
  },
  {
    "title": "GraduatesStudentsUS Biomedical Research internship programsCommunity exploration and learning lab (CELL)",
    "link": "https://www.novartis.com/careers/early-careers/graduates",
    "timestamp": "unknown"
  },
  {
    "title": "GraduatesStudentsUS Biomedical Research internship programsCommunity exploration and learning lab (CELL)",
    "link": "https://www.novartis.com/careers/early-careers/graduates",
    "timestamp": "unknown"
  },
  {
    "title": "Graduates",
    "link": "https://www.novartis.com/careers/early-careers/graduates",
    "timestamp": "unknown"
  },
  {
    "title": "Students",
    "link": "https://www.novartis.com/careers/early-careers/students",
    "timestamp": "unknown"
  },
  {
    "title": "US Biomedical Research internship programs",
    "link": "https://www.novartis.com/careers/early-careers/us-biomedical-research-internship-programs",
    "timestamp": "unknown"
  },
  {
    "title": "Community exploration and learning lab (CELL)",
    "link": "https://www.novartis.com/careers/early-careers/community-exploration-and-learning-lab-cell",
    "timestamp": "unknown"
  },
  {
    "title": "Clinical trials",
    "link": "https://www.novartis.com/clinicaltrials",
    "timestamp": "unknown"
  },
  {
    "title": "Partnering",
    "link": "https://www.novartis.com/partnering",
    "timestamp": "unknown"
  },
  {
    "title": "Supplier portal",
    "link": "https://www.novartis.com/supplier-portal",
    "timestamp": "unknown"
  },
  {
    "title": "Report side effects",
    "link": "https://www.novartis.com/report",
    "timestamp": "unknown"
  },
  {
    "title": "Contacts",
    "link": "https://www.novartis.com/contacts",
    "timestamp": "unknown"
  },
  {
    "title": "HeaderHomeNewsNewsroomNewsroomAd hoc releases are announcements pursuant to SIX Swiss Exchange Article  Listing Rules.ViewFeatured newsandPulse update",
    "link": "https://www.novartis.com/",
    "timestamp": "unknown"
  },
  {
    "title": "HomeNewsNewsroom",
    "link": "https://www.novartis.com/",
    "timestamp": "unknown"
  },
  {
    "title": "HomeNewsNewsroom",
    "link": "https://www.novartis.com/",
    "timestamp": "unknown"
  },
  {
    "title": "HomeNewsNewsroom",
    "link": "https://www.novartis.com/",
    "timestamp": "unknown"
  },
  {
    "title": "Home",
    "link": "https://www.novartis.com/",
    "timestamp": "unknown"
  },
  {
    "title": "News",
    "link": "https://www.novartis.com/news",
    "timestamp": "unknown"
  },
  {
    "title": "Newsroom",
    "link": "https://www.novartis.com/news/newsroom",
    "timestamp": "unknown"
  },
  {
    "title": "Ad hoc releases are announcements pursuant to SIX Swiss Exchange Article  Listing Rules.ViewFeatured newsandPulse updates.Date Range- Any -In The News",
    "link": "https://www.novartis.com/news/newsroom/featured-news",
    "timestamp": "unknown"
  },
  {
    "title": "Ad hoc releases are announcements pursuant to SIX Swiss Exchange Article  Listing Rules.ViewFeatured newsandPulse updates.Date Range- Any -In The News",
    "link": "https://www.novartis.com/news/newsroom/featured-news",
    "timestamp": "unknown"
  },
  {
    "title": "Ad hoc releases are announcements pursuant to SIX Swiss Exchange Article  Listing Rules.ViewFeatured newsandPulse updates.Date Range- Any -In The News",
    "link": "https://www.novartis.com/news/newsroom/featured-news",
    "timestamp": "unknown"
  },
  {
    "title": "Ad hoc releases are announcements pursuant to SIX Swiss Exchange Article  Listing Rules.ViewFeatured newsandPulse updates.Date Range- Any -In The News",
    "link": "https://www.novartis.com/news/newsroom/featured-news",
    "timestamp": "unknown"
  },
  {
    "title": "Ad hoc releases are announcements pursuant to SIX Swiss Exchange Article  Listing Rules.ViewFeatured newsandPulse updates.Date Range- Any -In The News",
    "link": "https://www.novartis.com/news/newsroom/featured-news",
    "timestamp": "unknown"
  },
  {
    "title": "Ad hoc releases are announcements pursuant to SIX Swiss Exchange Article  Listing Rules.ViewFeatured newsandPulse updates.",
    "link": "https://www.novartis.com/news/newsroom/featured-news",
    "timestamp": "unknown"
  },
  {
    "title": "Ad hoc releases are announcements pursuant to SIX Swiss Exchange Article  Listing Rules.ViewFeatured newsandPulse updates.",
    "link": "https://www.novartis.com/news/newsroom/featured-news",
    "timestamp": "unknown"
  },
  {
    "title": "Ad hoc releases are announcements pursuant to SIX Swiss Exchange Article  Listing Rules.ViewFeatured newsandPulse updates.",
    "link": "https://www.novartis.com/news/newsroom/featured-news",
    "timestamp": "unknown"
  },
  {
    "title": "Ad hoc releases are announcements pursuant to SIX Swiss Exchange Article  Listing Rules.ViewFeatured newsandPulse updates.",
    "link": "https://www.novartis.com/news/newsroom/featured-news",
    "timestamp": "unknown"
  },
  {
    "title": "Ad hoc releases are announcements pursuant to SIX Swiss Exchange Article  Listing Rules.ViewFeatured newsandPulse updates.",
    "link": "https://www.novartis.com/news/newsroom/featured-news",
    "timestamp": "unknown"
  },
  {
    "title": "Ad hoc releases are announcements pursuant to SIX Swiss Exchange Article  Listing Rules.ViewFeatured newsandPulse updates.",
    "link": "https://www.novartis.com/news/newsroom/featured-news",
    "timestamp": "unknown"
  },
  {
    "title": "Ad hoc releases are announcements pursuant to SIX Swiss Exchange Article  Listing Rules.ViewFeatured newsandPulse updates.",
    "link": "https://www.novartis.com/news/newsroom/featured-news",
    "timestamp": "unknown"
  },
  {
    "title": "Ad hoc releases are announcements pursuant to SIX Swiss Exchange Article  Listing Rules.ViewFeatured newsandPulse updates.",
    "link": "https://www.novartis.com/news/newsroom/featured-news",
    "timestamp": "unknown"
  },
  {
    "title": "Ad hoc releases are announcements pursuant to SIX Swiss Exchange Article  Listing Rules.ViewFeatured newsandPulse updates.",
    "link": "https://www.novartis.com/news/newsroom/featured-news",
    "timestamp": "unknown"
  },
  {
    "title": "Ad hoc releases are announcements pursuant to SIX Swiss Exchange Article  Listing Rules.ViewFeatured newsandPulse updates.",
    "link": "https://www.novartis.com/news/newsroom/featured-news",
    "timestamp": "unknown"
  },
  {
    "title": "Ad hoc releases are announcements pursuant to SIX Swiss Exchange Article  Listing Rules.ViewFeatured newsandPulse updates.",
    "link": "https://www.novartis.com/news/newsroom/featured-news",
    "timestamp": "unknown"
  },
  {
    "title": "Ad hoc releases are announcements pursuant to SIX Swiss Exchange Article  Listing Rules.ViewFeatured newsandPulse updates.",
    "link": "https://www.novartis.com/news/newsroom/featured-news",
    "timestamp": "unknown"
  },
  {
    "title": "ViewFeatured newsandPulse updates.",
    "link": "https://www.novartis.com/news/newsroom/featured-news",
    "timestamp": "unknown"
  },
  {
    "title": "News Archive NavigationNews Archive NavigationAllPress releasesAd hoc releasesStatementsStoriesiconGrid View",
    "link": "https://www.novartis.com/news/newsroom",
    "timestamp": "unknown"
  },
  {
    "title": "AllPress releasesAd hoc releasesStatementsStoriesiconGrid View",
    "link": "https://www.novartis.com/news/newsroom",
    "timestamp": "unknown"
  },
  {
    "title": "AllPress releasesAd hoc releasesStatementsStoriesiconGrid View",
    "link": "https://www.novartis.com/news/newsroom",
    "timestamp": "unknown"
  },
  {
    "title": "AllPress releasesAd hoc releasesStatementsStoriesiconGrid View",
    "link": "https://www.novartis.com/news/newsroom",
    "timestamp": "unknown"
  },
  {
    "title": "All",
    "link": "https://www.novartis.com/news/newsroom",
    "timestamp": "unknown"
  },
  {
    "title": "Press releases",
    "link": "https://www.novartis.com/news/newsroom?type=media_release&language=",
    "timestamp": "unknown"
  },
  {
    "title": "Ad hoc releases",
    "link": "https://www.novartis.com/news/newsroom?type=media_release&news_filters=Ad%20hoc%20Release&language=",
    "timestamp": "unknown"
  },
  {
    "title": "Statements",
    "link": "https://www.novartis.com/news/news-archive?type=news&news_filters=Statement&node=",
    "timestamp": "unknown"
  },
  {
    "title": "Stories",
    "link": "https://www.novartis.com/news/news-archive?type=story_page&node=",
    "timestamp": "unknown"
  },
  {
    "title": "News Archive Navigation LanguageNews Archive Navigation LanguageLanguage PreferencesLanguageEnglishGermanFrench",
    "link": "https://www.novartis.com/news/news-archive?type=media_release&language=&node=",
    "timestamp": "unknown"
  },
  {
    "title": "Language PreferencesLanguageEnglishGermanFrench",
    "link": "https://www.novartis.com/news/news-archive?type=media_release&language=&node=",
    "timestamp": "unknown"
  },
  {
    "title": "Language PreferencesLanguageEnglishGermanFrench",
    "link": "https://www.novartis.com/news/news-archive?type=media_release&language=&node=",
    "timestamp": "unknown"
  },
  {
    "title": "Language PreferencesLanguageEnglishGermanFrench",
    "link": "https://www.novartis.com/news/news-archive?type=media_release&language=&node=",
    "timestamp": "unknown"
  },
  {
    "title": "English",
    "link": "https://www.novartis.com/news/news-archive?type=media_release&language=&node=",
    "timestamp": "unknown"
  },
  {
    "title": "German",
    "link": "https://www.novartis.com/news/news-archive?type=media_release&language=&node=",
    "timestamp": "unknown"
  },
  {
    "title": "French",
    "link": "https://www.novartis.com/news/news-archive?type=media_release&language=&node=",
    "timestamp": "unknown"
  },
  {
    "title": "Showing  resultsJanuaryPress releaseJan ,Novartis to add radioligand therapy manufacturing facility in Winter Park, Florida, fourth in US to serve pat",
    "link": "https://www.novartis.com/news/media-releases/novartis-add-radioligand-therapy-manufacturing-facility-winter-park-florida-fourth-us-serve-patients-and-advance--billion-investment",
    "timestamp": "unknown"
  },
  {
    "title": "Showing  resultsJanuaryPress releaseJan ,Novartis to add radioligand therapy manufacturing facility in Winter Park, Florida, fourth in US to serve pat",
    "link": "https://www.novartis.com/news/media-releases/novartis-add-radioligand-therapy-manufacturing-facility-winter-park-florida-fourth-us-serve-patients-and-advance--billion-investment",
    "timestamp": "unknown"
  },
  {
    "title": "Showing  resultsJanuaryPress releaseJan ,Novartis to add radioligand therapy manufacturing facility in Winter Park, Florida, fourth in US to serve pat",
    "link": "https://www.novartis.com/news/media-releases/novartis-add-radioligand-therapy-manufacturing-facility-winter-park-florida-fourth-us-serve-patients-and-advance--billion-investment",
    "timestamp": "unknown"
  },
  {
    "title": "Showing  resultsJanuaryPress releaseJan ,Novartis to add radioligand therapy manufacturing facility in Winter Park, Florida, fourth in US to serve pat",
    "link": "https://www.novartis.com/news/media-releases/novartis-add-radioligand-therapy-manufacturing-facility-winter-park-florida-fourth-us-serve-patients-and-advance--billion-investment",
    "timestamp": "unknown"
  },
  {
    "title": "JanuaryPress releaseJan ,Novartis to add radioligand therapy manufacturing facility in Winter Park, Florida, fourth in US to serve patients and advanc",
    "link": "https://www.novartis.com/news/media-releases/novartis-add-radioligand-therapy-manufacturing-facility-winter-park-florida-fourth-us-serve-patients-and-advance--billion-investment",
    "timestamp": "unknown"
  },
  {
    "title": "JanuaryPress releaseJan ,Novartis to add radioligand therapy manufacturing facility in Winter Park, Florida, fourth in US to serve patients and advanc",
    "link": "https://www.novartis.com/news/media-releases/novartis-add-radioligand-therapy-manufacturing-facility-winter-park-florida-fourth-us-serve-patients-and-advance--billion-investment",
    "timestamp": "unknown"
  },
  {
    "title": "Press releaseJan ,Novartis to add radioligand therapy manufacturing facility in Winter Park, Florida, fourth in US to serve patients and advance $ bil",
    "link": "https://www.novartis.com/news/media-releases/novartis-add-radioligand-therapy-manufacturing-facility-winter-park-florida-fourth-us-serve-patients-and-advance--billion-investment",
    "timestamp": "unknown"
  },
  {
    "title": "DecemberPress releaseDec ,Novartis and US government reach agreement on lowering drug prices in the USNovartis agrees to take actions aimed at meeting",
    "link": "https://www.novartis.com/news/media-releases/novartis-and-us-government-reach-agreement-lowering-drug-prices-us",
    "timestamp": "unknown"
  },
  {
    "title": "Press releaseDec ,Novartis and US government reach agreement on lowering drug prices in the USNovartis agrees to take actions aimed at meeting US Admi",
    "link": "https://www.novartis.com/news/media-releases/novartis-and-us-government-reach-agreement-lowering-drug-prices-us",
    "timestamp": "unknown"
  },
  {
    "title": "Press releaseDec ,Novartis ianalumab significantly extends disease control in patients with immune thrombocytopenia with only four once-monthly dosesI",
    "link": "https://www.novartis.com/news/media-releases/novartis-ianalumab-significantly-extends-disease-control-patients-immune-thrombocytopenia-only-four-once-monthly-doses",
    "timestamp": "unknown"
  },
  {
    "title": "Press releaseDec ,in  metastatic breast cancer patients treated with Novartis Kisqali\u00ae remain progression-free beyond  yearsProgression-free response ",
    "link": "https://www.novartis.com/news/media-releases/--metastatic-breast-cancer-patients-treated-novartis-kisqali-remain-progression-free-beyond--years",
    "timestamp": "unknown"
  },
  {
    "title": "NovemberPress releaseNov ,Novartis data underscore pioneering scientific innovation in hematology and oncology at ASH and SABCSPositive results from i",
    "link": "https://www.novartis.com/news/media-releases/novartis-data-underscore-pioneering-scientific-innovation-hematology-and-oncology-ash-and-sabcs",
    "timestamp": "unknown"
  },
  {
    "title": "Press releaseNov ,Novartis data underscore pioneering scientific innovation in hematology and oncology at ASH and SABCSPositive results from ianalumab",
    "link": "https://www.novartis.com/news/media-releases/novartis-data-underscore-pioneering-scientific-innovation-hematology-and-oncology-ash-and-sabcs",
    "timestamp": "unknown"
  },
  {
    "title": "Ad hoc releaseNov ,Novartis receives FDA approval for Itvisma\u00ae, the only gene replacement therapy for children two years and older, teens, and adults ",
    "link": "https://www.novartis.com/news/media-releases/novartis-receives-fda-approval-itvisma-only-gene-replacement-therapy-children-two-years-and-older-teens-and-adults-spinal-muscular-atrophy-sma",
    "timestamp": "unknown"
  },
  {
    "title": "Ad hoc releaseNov ,Novartis projects +-% cc sales CAGR -, with long-term growth backed by + potential high-value pipeline assetsAd hoc announcement pu",
    "link": "https://www.novartis.com/news/media-releases/novartis-projects---cc-sales-cagr---long-term-growth-backed--potential-high-value-pipeline-assets",
    "timestamp": "unknown"
  },
  {
    "title": "Press releaseNov ,Novartis announces plans to build flagship manufacturing hub in North CarolinaExpansion represents significant investment in North C",
    "link": "https://www.novartis.com/news/media-releases/novartis-announces-plans-build-flagship-manufacturing-hub-north-carolina",
    "timestamp": "unknown"
  },
  {
    "title": "Press releaseNov ,Novartis Phase III trial for next-generation malaria treatment KLU156 (GanLum) meets primary endpoint, with potential to combat anti",
    "link": "https://www.novartis.com/news/media-releases/novartis-phase-iii-trial-next-generation-malaria-treatment-klu156-ganlum-meets-primary-endpoint-potential-combat-antimalarial-resistance",
    "timestamp": "unknown"
  },
  {
    "title": "Press releaseNov ,Novartis opens new radioligand therapy manufacturing facility in California as part of $23B US expansion planCarlsbad location is co",
    "link": "https://www.novartis.com/news/media-releases/novartis-opens-new-radioligand-therapy-manufacturing-facility-california-part-23b-us-expansion-plan",
    "timestamp": "unknown"
  },
  {
    "title": "Press releaseNov ,New Novartis data at ASN Kidney Week and AHA Scientific Sessions demonstrate momentum of broad CRM portfolio and pipelineFabhalta an",
    "link": "https://www.novartis.com/news/media-releases/new-novartis-data-asn-kidney-week-and-aha-scientific-sessions-demonstrate-momentum-broad-crm-portfolio-and-pipeline",
    "timestamp": "unknown"
  },
  {
    "title": "OctoberPress releaseOct ,Novartis ianalumab first drug to reduce disease activity and patient burden in Sj\u00f6gren\u2019s disease Phase III trialsNEPTUNUS- an",
    "link": "https://www.novartis.com/news/media-releases/novartis-ianalumab-first-drug-reduce-disease-activity-and-patient-burden-sjogrens-disease-phase-iii-trials",
    "timestamp": "unknown"
  },
  {
    "title": "Press releaseOct ,Novartis ianalumab first drug to reduce disease activity and patient burden in Sj\u00f6gren\u2019s disease Phase III trialsNEPTUNUS- and NEPTU",
    "link": "https://www.novartis.com/news/media-releases/novartis-ianalumab-first-drug-reduce-disease-activity-and-patient-burden-sjogrens-disease-phase-iii-trials",
    "timestamp": "unknown"
  },
  {
    "title": "\u2039Previous page",
    "link": "https://www.novartis.com/news/newsroom?search_api_fulltext=&start_date=&end_date=",
    "timestamp": "unknown"
  },
  {
    "title": "\u203aNext page",
    "link": "https://www.novartis.com/news/newsroom?search_api_fulltext=&start_date=&end_date=&page=",
    "timestamp": "unknown"
  },
  {
    "title": "SharePostShareWhatsappLinkedinEmailPrintPDF",
    "link": "https://www.novartis.com/news/newsroom?search_api_fulltext=&start_date=&end_date=",
    "timestamp": "unknown"
  },
  {
    "title": "SharePostShareWhatsappLinkedinEmailPrintPDF",
    "link": "https://www.novartis.com/news/newsroom?search_api_fulltext=&start_date=&end_date=",
    "timestamp": "unknown"
  },
  {
    "title": "SharePostShareWhatsappLinkedinEmailPrintPDF",
    "link": "https://www.novartis.com/news/newsroom?search_api_fulltext=&start_date=&end_date=",
    "timestamp": "unknown"
  },
  {
    "title": "SharePostShareWhatsappLinkedinEmail",
    "link": "https://www.novartis.com/news/newsroom?search_api_fulltext=&start_date=&end_date=",
    "timestamp": "unknown"
  },
  {
    "title": "SharePostShareWhatsappLinkedinEmail",
    "link": "https://www.novartis.com/news/newsroom?search_api_fulltext=&start_date=&end_date=",
    "timestamp": "unknown"
  },
  {
    "title": "PrintPDF",
    "link": "https://www.novartis.com/node//printable/print",
    "timestamp": "unknown"
  },
  {
    "title": "PrintPDF",
    "link": "https://www.novartis.com/node//printable/print",
    "timestamp": "unknown"
  },
  {
    "title": "Print",
    "link": "https://www.novartis.com/node//printable/print",
    "timestamp": "unknown"
  },
  {
    "title": "PDF",
    "link": "https://www.novartis.com/node//printable/pdf",
    "timestamp": "unknown"
  },
  {
    "title": "Working togetherWorking togetherPatients and caregiversHealthcare professionalsResearchersJob seekersJournalistsInvestorsTopicsTopicsQ3AccessESGSpeakU",
    "link": "https://www.novartis.com/patients-and-caregivers",
    "timestamp": "unknown"
  },
  {
    "title": "Working togetherWorking togetherPatients and caregiversHealthcare professionalsResearchersJob seekersJournalistsInvestorsTopicsTopicsQ3AccessESGSpeakU",
    "link": "https://www.novartis.com/patients-and-caregivers",
    "timestamp": "unknown"
  },
  {
    "title": "Working togetherWorking togetherPatients and caregiversHealthcare professionalsResearchersJob seekersJournalistsInvestorsTopicsTopicsQ3AccessESGSpeakU",
    "link": "https://www.novartis.com/patients-and-caregivers",
    "timestamp": "unknown"
  },
  {
    "title": "Working togetherWorking togetherPatients and caregiversHealthcare professionalsResearchersJob seekersJournalistsInvestors",
    "link": "https://www.novartis.com/patients-and-caregivers",
    "timestamp": "unknown"
  },
  {
    "title": "Working togetherWorking togetherPatients and caregiversHealthcare professionalsResearchersJob seekersJournalistsInvestors",
    "link": "https://www.novartis.com/patients-and-caregivers",
    "timestamp": "unknown"
  },
  {
    "title": "Working togetherWorking togetherPatients and caregiversHealthcare professionalsResearchersJob seekersJournalistsInvestors",
    "link": "https://www.novartis.com/patients-and-caregivers",
    "timestamp": "unknown"
  },
  {
    "title": "Patients and caregiversHealthcare professionalsResearchersJob seekersJournalistsInvestors",
    "link": "https://www.novartis.com/patients-and-caregivers",
    "timestamp": "unknown"
  },
  {
    "title": "Patients and caregiversHealthcare professionalsResearchersJob seekersJournalistsInvestors",
    "link": "https://www.novartis.com/patients-and-caregivers",
    "timestamp": "unknown"
  },
  {
    "title": "Patients and caregivers",
    "link": "https://www.novartis.com/patients-and-caregivers",
    "timestamp": "unknown"
  },
  {
    "title": "Healthcare professionals",
    "link": "https://www.novartis.com/healthcare-professionals",
    "timestamp": "unknown"
  },
  {
    "title": "Researchers",
    "link": "https://www.novartis.com/research-and-development",
    "timestamp": "unknown"
  },
  {
    "title": "Job seekers",
    "link": "https://www.novartis.com/careers",
    "timestamp": "unknown"
  },
  {
    "title": "Journalists",
    "link": "https://www.novartis.com/news",
    "timestamp": "unknown"
  },
  {
    "title": "Investors",
    "link": "https://www.novartis.com/investors",
    "timestamp": "unknown"
  },
  {
    "title": "TopicsTopicsQ3AccessESGSpeakUp",
    "link": "https://www.novartis.com/events/novartis-financial-results-q3-",
    "timestamp": "unknown"
  },
  {
    "title": "TopicsTopicsQ3AccessESGSpeakUp",
    "link": "https://www.novartis.com/events/novartis-financial-results-q3-",
    "timestamp": "unknown"
  },
  {
    "title": "TopicsTopicsQ3AccessESGSpeakUp",
    "link": "https://www.novartis.com/events/novartis-financial-results-q3-",
    "timestamp": "unknown"
  },
  {
    "title": "Q3AccessESGSpeakUp",
    "link": "https://www.novartis.com/events/novartis-financial-results-q3-",
    "timestamp": "unknown"
  },
  {
    "title": "Q3AccessESGSpeakUp",
    "link": "https://www.novartis.com/events/novartis-financial-results-q3-",
    "timestamp": "unknown"
  },
  {
    "title": "Q3",
    "link": "https://www.novartis.com/events/novartis-financial-results-q3-",
    "timestamp": "unknown"
  },
  {
    "title": "Access",
    "link": "https://www.novartis.com/esg/access",
    "timestamp": "unknown"
  },
  {
    "title": "ESG",
    "link": "https://www.novartis.com/esg",
    "timestamp": "unknown"
  },
  {
    "title": "SpeakUp",
    "link": "https://www.novartis.com/esg/ethics-risk-and-compliance/ethical-behavior/speakup",
    "timestamp": "unknown"
  },
  {
    "title": "ExploreExplorePipelineProductsClinical trialsPartneringEvents",
    "link": "https://www.novartis.com/research-development/novartis-pipeline",
    "timestamp": "unknown"
  },
  {
    "title": "ExploreExplorePipelineProductsClinical trialsPartneringEvents",
    "link": "https://www.novartis.com/research-development/novartis-pipeline",
    "timestamp": "unknown"
  },
  {
    "title": "ExploreExplorePipelineProductsClinical trialsPartneringEvents",
    "link": "https://www.novartis.com/research-development/novartis-pipeline",
    "timestamp": "unknown"
  },
  {
    "title": "PipelineProductsClinical trialsPartneringEvents",
    "link": "https://www.novartis.com/research-development/novartis-pipeline",
    "timestamp": "unknown"
  },
  {
    "title": "PipelineProductsClinical trialsPartneringEvents",
    "link": "https://www.novartis.com/research-development/novartis-pipeline",
    "timestamp": "unknown"
  },
  {
    "title": "Pipeline",
    "link": "https://www.novartis.com/research-development/novartis-pipeline",
    "timestamp": "unknown"
  },
  {
    "title": "Products",
    "link": "https://www.novartis.com/about/products",
    "timestamp": "unknown"
  },
  {
    "title": "Clinical trials",
    "link": "https://www.novartis.com/clinicaltrials",
    "timestamp": "unknown"
  },
  {
    "title": "Partnering",
    "link": "https://www.novartis.com/partnering",
    "timestamp": "unknown"
  },
  {
    "title": "Events",
    "link": "https://www.novartis.com/events",
    "timestamp": "unknown"
  },
  {
    "title": "Therapeutic areasTherapeutic areasCardiovascular, renal and metabolicImmunologyNeuroscienceOncology",
    "link": "https://www.novartis.com/about/therapeutic-areas/cardiovascular-renal-and-metabolic",
    "timestamp": "unknown"
  },
  {
    "title": "Therapeutic areasTherapeutic areasCardiovascular, renal and metabolicImmunologyNeuroscienceOncology",
    "link": "https://www.novartis.com/about/therapeutic-areas/cardiovascular-renal-and-metabolic",
    "timestamp": "unknown"
  },
  {
    "title": "Therapeutic areasTherapeutic areasCardiovascular, renal and metabolicImmunologyNeuroscienceOncology",
    "link": "https://www.novartis.com/about/therapeutic-areas/cardiovascular-renal-and-metabolic",
    "timestamp": "unknown"
  },
  {
    "title": "Cardiovascular, renal and metabolicImmunologyNeuroscienceOncology",
    "link": "https://www.novartis.com/about/therapeutic-areas/cardiovascular-renal-and-metabolic",
    "timestamp": "unknown"
  },
  {
    "title": "Cardiovascular, renal and metabolicImmunologyNeuroscienceOncology",
    "link": "https://www.novartis.com/about/therapeutic-areas/cardiovascular-renal-and-metabolic",
    "timestamp": "unknown"
  },
  {
    "title": "Cardiovascular, renal and metabolic",
    "link": "https://www.novartis.com/about/therapeutic-areas/cardiovascular-renal-and-metabolic",
    "timestamp": "unknown"
  },
  {
    "title": "Immunology",
    "link": "https://www.novartis.com/about/therapeutic-areas/immunology",
    "timestamp": "unknown"
  },
  {
    "title": "Neuroscience",
    "link": "https://www.novartis.com/about/therapeutic-areas/neuroscience",
    "timestamp": "unknown"
  },
  {
    "title": "Oncology",
    "link": "https://www.novartis.com/about/therapeutic-areas/oncology",
    "timestamp": "unknown"
  },
  {
    "title": "Terms of use",
    "link": "https://www.novartis.com/terms-use",
    "timestamp": "unknown"
  },
  {
    "title": "Privacy",
    "link": "https://www.novartis.com/privacy",
    "timestamp": "unknown"
  },
  {
    "title": "Contacts",
    "link": "https://www.novartis.com/contacts",
    "timestamp": "unknown"
  },
  {
    "title": "Locations",
    "link": "https://www.novartis.com/about/locations",
    "timestamp": "unknown"
  },
  {
    "title": "Site map",
    "link": "https://www.novartis.com/sitemap.xml",
    "timestamp": "unknown"
  },
  {
    "title": "Open source",
    "link": "https://www.novartis.com/open-source",
    "timestamp": "unknown"
  },
  {
    "title": "Web accessibility",
    "link": "https://www.novartis.com/accessibility",
    "timestamp": "unknown"
  },
  {
    "title": "Novartis Site DirectoryThis site is intended for a global audience",
    "link": "https://www.novartis.com/novartis-directory",
    "timestamp": "unknown"
  },
  {
    "title": "Novartis Site Directory",
    "link": "https://www.novartis.com/novartis-directory",
    "timestamp": "unknown"
  }
]