[
  {
    "title": "OverviewInvestor RelationsOverviewWhy InvestOur StoryProspective InvestorsESG ReportFact SheetInvestor Email AlertsEvents & PresentationsPfizer Pflash",
    "link": "https://investors.pfizer.com/overview/default.aspx",
    "timestamp": "unknown"
  },
  {
    "title": "Investor RelationsOverviewWhy InvestOur StoryProspective InvestorsESG ReportFact SheetInvestor Email AlertsEvents & PresentationsPfizer PflashFinancia",
    "link": "https://investors.pfizer.com/Investors/default.aspx",
    "timestamp": "unknown"
  },
  {
    "title": "Overview",
    "link": "https://investors.pfizer.com/Investors/Overview/default.aspx",
    "timestamp": "unknown"
  },
  {
    "title": "Why InvestOur StoryProspective InvestorsESG ReportFact SheetInvestor Email Alerts",
    "link": "https://investors.pfizer.com/Investors/Why-Invest/Our-Story",
    "timestamp": "unknown"
  },
  {
    "title": "Our Story",
    "link": "https://investors.pfizer.com/Investors/Why-Invest/Our-Story/default.aspx",
    "timestamp": "unknown"
  },
  {
    "title": "Prospective Investors",
    "link": "https://investors.pfizer.com/Investors/Why-Invest/Prospective-Investors/default.aspx",
    "timestamp": "unknown"
  },
  {
    "title": "ESG Report",
    "link": "https://investors.pfizer.com/Investors/Why-Invest/ESG-Report/default.aspx",
    "timestamp": "unknown"
  },
  {
    "title": "Fact Sheet",
    "link": "https://www.pfizer.com/about/investors/why-invest/fact-sheet",
    "timestamp": "unknown"
  },
  {
    "title": "Investor Email Alerts",
    "link": "https://investors.pfizer.com/Investors/Why-Invest/investor-email-alerts/default.aspx",
    "timestamp": "unknown"
  },
  {
    "title": "Events & PresentationsPfizer Pflash",
    "link": "https://investors.pfizer.com/Investors/Events--Presentations/default.aspx",
    "timestamp": "unknown"
  },
  {
    "title": "Pfizer Pflash",
    "link": "https://investors.pfizer.com/Investors/Events--Presentations/Pfizer-Pflash/default.aspx",
    "timestamp": "unknown"
  },
  {
    "title": "FinancialsQuarterly ResultsAnnual ReportsSEC Filings",
    "link": "https://investors.pfizer.com/Investors/Financials/Quarterly-Results",
    "timestamp": "unknown"
  },
  {
    "title": "Quarterly Results",
    "link": "https://investors.pfizer.com/Investors/Financials/Quarterly-Results/default.aspx",
    "timestamp": "unknown"
  },
  {
    "title": "Annual Reports",
    "link": "https://investors.pfizer.com/Investors/Financials/Annual-Reports/default.aspx",
    "timestamp": "unknown"
  },
  {
    "title": "SEC Filings",
    "link": "https://investors.pfizer.com/Investors/Financials/SEC-Filings/default.aspx",
    "timestamp": "unknown"
  },
  {
    "title": "News",
    "link": "https://investors.pfizer.com/Investors/News/default.aspx",
    "timestamp": "unknown"
  },
  {
    "title": "Stock InfoStock QuoteStock ChartHistorical Stock QuoteInvestment CalculatorDividend & Split HistoryStock FAQs",
    "link": "https://investors.pfizer.com/Investors/Stock-Info/default.aspx",
    "timestamp": "unknown"
  },
  {
    "title": "Stock Quote",
    "link": "https://investors.pfizer.com/Investors/Stock-Info/default.aspx#stock-quote",
    "timestamp": "unknown"
  },
  {
    "title": "Stock Chart",
    "link": "https://investors.pfizer.com/Investors/Stock-Info/default.aspx#stock-chart",
    "timestamp": "unknown"
  },
  {
    "title": "Historical Stock Quote",
    "link": "https://investors.pfizer.com/Investors/Stock-Info/default.aspx#stock-historical",
    "timestamp": "unknown"
  },
  {
    "title": "Investment Calculator",
    "link": "https://investors.pfizer.com/Investors/Stock-Info/default.aspx#calculator",
    "timestamp": "unknown"
  },
  {
    "title": "Dividend & Split History",
    "link": "https://investors.pfizer.com/Investors/Stock-Info/dividend-split-history/default.aspx",
    "timestamp": "unknown"
  },
  {
    "title": "Stock FAQs",
    "link": "https://investors.pfizer.com/Investors/Shareholder-Services/Stock-FAQs",
    "timestamp": "unknown"
  },
  {
    "title": "Corporate GovernanceCorporate Governance OverviewBoard of DirectorsBoard Committees &\u00a0ChartersCorporate Governance DocumentsBoard PoliciesCorporate Go",
    "link": "https://investors.pfizer.com/Investors/Corporate-Governance/Corporate-Governance-Overview",
    "timestamp": "unknown"
  },
  {
    "title": "Corporate Governance Overview",
    "link": "https://investors.pfizer.com/Investors/Corporate-Governance/Corporate-Governance-Overview/default.aspx",
    "timestamp": "unknown"
  },
  {
    "title": "Board of Directors",
    "link": "https://www.pfizer.com/about/people/board-members",
    "timestamp": "unknown"
  },
  {
    "title": "Board Committees &\u00a0Charters",
    "link": "https://investors.pfizer.com/Investors/Corporate-Governance/Board-Committees--Charters/default.aspx",
    "timestamp": "unknown"
  },
  {
    "title": "Corporate Governance Documents",
    "link": "https://investors.pfizer.com/Investors/Corporate-Governance/Corporate-Governance-Documents/default.aspx",
    "timestamp": "unknown"
  },
  {
    "title": "Board Policies",
    "link": "https://investors.pfizer.com/Investors/Corporate-Governance/The-Pfizer-Board-Policies/default.aspx",
    "timestamp": "unknown"
  },
  {
    "title": "Corporate Governance FAQs",
    "link": "https://investors.pfizer.com/Investors/Corporate-Governance/Corporate-Governance-FAQs/default.aspx",
    "timestamp": "unknown"
  },
  {
    "title": "Contact Our Directors",
    "link": "https://investors.pfizer.com/Investors/Corporate-Governance/Contact-Our-Directors/default.aspx",
    "timestamp": "unknown"
  },
  {
    "title": "More Resources",
    "link": "https://investors.pfizer.com/Investors/Corporate-Governance/More-Resources/default.aspx",
    "timestamp": "unknown"
  },
  {
    "title": "Shareholder ServicesShareholder Services OverviewPfizer Investor InsightsStock FAQsCost Basis Calculator",
    "link": "https://investors.pfizer.com/Investors/Shareholder-Services/Shareholder-Overview",
    "timestamp": "unknown"
  },
  {
    "title": "Shareholder Services Overview",
    "link": "https://investors.pfizer.com/Investors/Shareholder-Services/Shareholder-Overview/default.aspx",
    "timestamp": "unknown"
  },
  {
    "title": "Pfizer Investor Insights",
    "link": "https://insights.pfizer.com/",
    "timestamp": "unknown"
  },
  {
    "title": "Stock FAQs",
    "link": "https://investors.pfizer.com/Investors/Shareholder-Services/Stock-FAQs/default.aspx",
    "timestamp": "unknown"
  },
  {
    "title": "Cost Basis Calculator",
    "link": "https://investors.pfizer.com/Investors/Shareholder-Services/Cost-Basis-Calculator/default.aspx",
    "timestamp": "unknown"
  },
  {
    "title": "ScienceClinical TrialsGuide to Clinical TrialsYour participation makes a differenceClinical Trials in ChildrenDesigned to improve kids' healthData and",
    "link": "https://www.pfizer.com/science",
    "timestamp": "unknown"
  },
  {
    "title": "Clinical TrialsGuide to Clinical TrialsYour participation makes a differenceClinical Trials in ChildrenDesigned to improve kids' healthData and Result",
    "link": "https://investors.pfizer.com/Investors/Events--Presentations/default.aspx",
    "timestamp": "unknown"
  },
  {
    "title": "Guide to Clinical TrialsYour participation makes a difference",
    "link": "https://www.pfizer.com/science/clinical-trials/guide",
    "timestamp": "unknown"
  },
  {
    "title": "Clinical Trials in ChildrenDesigned to improve kids' health",
    "link": "https://www.pfizer.com/science/clinical-trials/children",
    "timestamp": "unknown"
  },
  {
    "title": "Data and ResultsSharing our Results",
    "link": "https://www.pfizer.com/science/clinical-trials/data-and-results",
    "timestamp": "unknown"
  },
  {
    "title": "Integrity and TransparencyBuilding Trust",
    "link": "https://www.pfizer.com/science/clinical-trials/integrity-and-transparency",
    "timestamp": "unknown"
  },
  {
    "title": "DiversityEquity and Representation",
    "link": "https://www.pfizer.com/science/clinical-trials/diversity",
    "timestamp": "unknown"
  },
  {
    "title": "Plain Language Study ResultsTrial Result Summaries",
    "link": "https://www.pfizer.com/science/clinical-trials/plain-language-study-results-summaries",
    "timestamp": "unknown"
  },
  {
    "title": "Expanded Access & Compassionate UsePossible Treatment Options",
    "link": "https://www.pfizer.com/science/clinical-trials/expanded-access",
    "timestamp": "unknown"
  },
  {
    "title": "Find a Trial",
    "link": "https://www.pfizerclinicaltrials.com/find-a-trial",
    "timestamp": "unknown"
  },
  {
    "title": "Areas of FocusRare DiseaseSmaller populations but big impactInternal MedicineExtending lifespans worldwideInflammation & ImmunologyTreatment at the mo",
    "link": "https://investors.pfizer.com/Investors/Events--Presentations/default.aspx",
    "timestamp": "unknown"
  },
  {
    "title": "Rare DiseaseSmaller populations but big impact",
    "link": "https://www.pfizer.com/science/focus-areas/rare-disease",
    "timestamp": "unknown"
  },
  {
    "title": "Internal MedicineExtending lifespans worldwide",
    "link": "https://www.pfizer.com/science/focus-areas/internal-medicine",
    "timestamp": "unknown"
  },
  {
    "title": "Inflammation & ImmunologyTreatment at the molecular level",
    "link": "https://www.pfizer.com/science/focus-areas/immunology-inflammation",
    "timestamp": "unknown"
  },
  {
    "title": "VaccinesPreventing the spread of infections",
    "link": "https://www.pfizer.com/science/focus-areas/vaccines",
    "timestamp": "unknown"
  },
  {
    "title": "OncologyThe science of optimism",
    "link": "https://www.pfizer.com/science/focus-areas/oncology",
    "timestamp": "unknown"
  },
  {
    "title": "Anti InfectivesCombatting an evolving risk",
    "link": "https://www.pfizer.com/science/focus-areas/anti-infectives",
    "timestamp": "unknown"
  },
  {
    "title": "Areas of InnovationGene TherapyBreakthroughs become treatmentsMedicinal SciencesThe next generation of sciencePrecision MedicineDeveloping tailored me",
    "link": "https://investors.pfizer.com/Investors/Events--Presentations/default.aspx",
    "timestamp": "unknown"
  },
  {
    "title": "Gene TherapyBreakthroughs become treatments",
    "link": "https://www.pfizer.com/science/innovation/gene-therapy",
    "timestamp": "unknown"
  },
  {
    "title": "Medicinal SciencesThe next generation of science",
    "link": "https://www.pfizer.com/science/innovation/medicinal-sciences",
    "timestamp": "unknown"
  },
  {
    "title": "Precision MedicineDeveloping tailored medicines",
    "link": "https://www.pfizer.com/science/innovation/precision-medicine",
    "timestamp": "unknown"
  },
  {
    "title": "Maternal ImmunizationProtecting newborns at the start",
    "link": "https://www.pfizer.com/science/innovation/maternal-immunization",
    "timestamp": "unknown"
  },
  {
    "title": "mRNA TechnologyUnleashing the next wave of scientific innovations",
    "link": "https://www.pfizer.com/science/innovation/mrna-technology",
    "timestamp": "unknown"
  },
  {
    "title": "Diseases & Conditions",
    "link": "https://www.pfizer.com/science/disease-and-conditions-index",
    "timestamp": "unknown"
  },
  {
    "title": "Coronavirus Resources",
    "link": "https://www.pfizer.com/science/coronavirus/resources",
    "timestamp": "unknown"
  },
  {
    "title": "Product Pipeline",
    "link": "https://www.pfizer.com/science/drug-product-pipeline",
    "timestamp": "unknown"
  },
  {
    "title": "Research Sites",
    "link": "https://www.pfizer.com/science/centers",
    "timestamp": "unknown"
  },
  {
    "title": "ProductsHow Drugs Are MadeBranded vs. GenericLearn the differenceBiologics & BiosimilarsCures found in natureCommitment to QualityMaintaining the high",
    "link": "https://www.pfizer.com/products",
    "timestamp": "unknown"
  },
  {
    "title": "How Drugs Are MadeBranded vs. GenericLearn the differenceBiologics & BiosimilarsCures found in natureCommitment to QualityMaintaining the highest stan",
    "link": "https://investors.pfizer.com/Investors/Events--Presentations/default.aspx",
    "timestamp": "unknown"
  },
  {
    "title": "Branded vs. GenericLearn the difference",
    "link": "https://www.pfizer.com/products/how-drugs-are-made/branded-versus-generics",
    "timestamp": "unknown"
  },
  {
    "title": "Biologics & BiosimilarsCures found in nature",
    "link": "https://www.pfizer.com/products/how-drugs-are-made/biologics-and-biosimilars",
    "timestamp": "unknown"
  },
  {
    "title": "Commitment to QualityMaintaining the highest standards",
    "link": "https://www.pfizer.com/products/how-drugs-are-made/commitment-to-quality",
    "timestamp": "unknown"
  },
  {
    "title": "Global SupplyStrategic manufacturing locations",
    "link": "https://www.pfizer.com/products/how-drugs-are-made/global-supply",
    "timestamp": "unknown"
  },
  {
    "title": "Manufacturing SitesWhere medicine is made in the U.S.",
    "link": "https://www.pfizer.com/products/how-drugs-are-made/manufacturing-sites",
    "timestamp": "unknown"
  },
  {
    "title": "Medicine SafetyHealth LiteracyLearning to be wellTreatment ChoicesLearning about treatment decisionsPartnering with PatientsHelping others by reportin",
    "link": "https://investors.pfizer.com/Investors/Events--Presentations/default.aspx",
    "timestamp": "unknown"
  },
  {
    "title": "Health LiteracyLearning to be well",
    "link": "https://www.pfizer.com/products/medicine-safety/health-literacy",
    "timestamp": "unknown"
  },
  {
    "title": "Treatment ChoicesLearning about treatment decisions",
    "link": "https://www.pfizer.com/products/medicine-safety/treatment-choices",
    "timestamp": "unknown"
  },
  {
    "title": "Partnering with PatientsHelping others by reporting side effects",
    "link": "https://www.pfizer.com/products/medicine-safety/partnering-with-patients",
    "timestamp": "unknown"
  },
  {
    "title": "Tips for PatientsPreventing medication errors",
    "link": "https://www.pfizer.com/products/medicine-safety/tips",
    "timestamp": "unknown"
  },
  {
    "title": "Reporting Adverse Events",
    "link": "https://www.pfizer.com/products/medicine-safety/reporting",
    "timestamp": "unknown"
  },
  {
    "title": "CounterfeitingPreventing medication errors",
    "link": "https://www.pfizer.com/products/medicine-safety/counterfeiting",
    "timestamp": "unknown"
  },
  {
    "title": "Safety Data Sheets",
    "link": "https://www.pfizer.com/products/medicine-safety/data-sheets",
    "timestamp": "unknown"
  },
  {
    "title": "Product List",
    "link": "https://www.pfizer.com/products/product-list",
    "timestamp": "unknown"
  },
  {
    "title": "Product Contacts",
    "link": "https://www.pfizer.com/products/information",
    "timestamp": "unknown"
  },
  {
    "title": "PfizerPro for Professionals",
    "link": "https://www.pfizerpro.com/",
    "timestamp": "unknown"
  },
  {
    "title": "Patient Assistance Programs",
    "link": "https://www.pfizerrxpathways.com/",
    "timestamp": "unknown"
  },
  {
    "title": "DistributorsPfizer DistributorsGreenstone Distributors",
    "link": "https://investors.pfizer.com/Investors/Events--Presentations/default.aspx",
    "timestamp": "unknown"
  },
  {
    "title": "Pfizer Distributors",
    "link": "https://www.pfizer.com/products/medicine-distributors/pfizer",
    "timestamp": "unknown"
  },
  {
    "title": "Greenstone Distributors",
    "link": "https://www.pfizer.com/products/medicine-distributors/greenstone",
    "timestamp": "unknown"
  },
  {
    "title": "StoriesArticlesAnnouncementsBehind the Science FeaturesOnline Counterfeit MedicinesCombating the RiseWhen AI Meets BiologyA Special PartnershipWhat is",
    "link": "https://pfizer.com/stories",
    "timestamp": "unknown"
  },
  {
    "title": "Articles",
    "link": "https://www.pfizer.com/stories/articles",
    "timestamp": "unknown"
  },
  {
    "title": "Announcements",
    "link": "https://pfizer.com/stories/announcements",
    "timestamp": "unknown"
  },
  {
    "title": "Behind the Science FeaturesOnline Counterfeit MedicinesCombating the RiseWhen AI Meets BiologyA Special PartnershipWhat is mRNA?mRNA Defined and Appli",
    "link": "https://pfizer.com/stories/behind-the-science",
    "timestamp": "unknown"
  },
  {
    "title": "Online Counterfeit MedicinesCombating the Rise",
    "link": "https://www.pfizer.com/news/behind-the-science/combating-rise-online-counterfeit-medicines",
    "timestamp": "unknown"
  },
  {
    "title": "When AI Meets BiologyA Special Partnership",
    "link": "https://www.pfizer.com/news/behind-the-science/when-ai-meets-biology",
    "timestamp": "unknown"
  },
  {
    "title": "What is mRNA?mRNA Defined and Applied",
    "link": "https://www.pfizer.com/how-once-little-known-molecule-disrupting-medicine",
    "timestamp": "unknown"
  },
  {
    "title": "COVID- Vaccine RolloutNew Digital Technologies",
    "link": "https://www.pfizer.com/news/behind-the-science/accelerating-digital-technology-covid--vaccine-rollout",
    "timestamp": "unknown"
  },
  {
    "title": "COVID- VaccineDistributing Hope to the World",
    "link": "https://www.pfizer.com/news/behind-the-science/delivering-the-COVID--vaccine-to-remote-communities",
    "timestamp": "unknown"
  },
  {
    "title": "Clinical TrialsWhere Science Meets Patients",
    "link": "https://www.pfizer.com/news/behind-the-science/clinical-trials",
    "timestamp": "unknown"
  },
  {
    "title": "Medicinal SciencesThe Art of Creating New Medicines",
    "link": "https://www.pfizer.com/news/behind-the-science/medicinal-sciences",
    "timestamp": "unknown"
  },
  {
    "title": "Podcasts",
    "link": "https://pfizer.com/stories/podcasts",
    "timestamp": "unknown"
  },
  {
    "title": "eBooks",
    "link": "https://www.pfizer.com/stories#ebooks-section",
    "timestamp": "unknown"
  },
  {
    "title": "NewsroomPress ReleasesMedia Asset LibraryUpdate & StatementsPartnering NewsMedia Contacts",
    "link": "https://pfizer.com/newsroom",
    "timestamp": "unknown"
  },
  {
    "title": "Press Releases",
    "link": "https://www.pfizer.com/newsroom/press-releases",
    "timestamp": "unknown"
  },
  {
    "title": "Media Asset Library",
    "link": "https://www.pfizer.com/newsroom/media-assets",
    "timestamp": "unknown"
  },
  {
    "title": "Update & Statements",
    "link": "https://pfizer.com/newsroom/updates-and-statements",
    "timestamp": "unknown"
  },
  {
    "title": "Partnering News",
    "link": "https://pfizer.com/newsroom/partnering-news",
    "timestamp": "unknown"
  },
  {
    "title": "Media Contacts",
    "link": "https://pfizer.com/newsroom/pfizer-media-relation",
    "timestamp": "unknown"
  },
  {
    "title": "AboutPeopleExecutivesOur senior-most leadershipBoard MembersThe people steering our companyScientistsOur experts making discoveriesPatient StoriesOur ",
    "link": "https://www.pfizer.com/about",
    "timestamp": "unknown"
  },
  {
    "title": "PeopleExecutivesOur senior-most leadershipBoard MembersThe people steering our companyScientistsOur experts making discoveriesPatient StoriesOur patie",
    "link": "https://investors.pfizer.com/Investors/Events--Presentations/default.aspx",
    "timestamp": "unknown"
  },
  {
    "title": "ExecutivesOur senior-most leadership",
    "link": "https://www.pfizer.com/about/people/executives",
    "timestamp": "unknown"
  },
  {
    "title": "Board MembersThe people steering our company",
    "link": "https://www.pfizer.com/about/people/board-members",
    "timestamp": "unknown"
  },
  {
    "title": "ScientistsOur experts making discoveries",
    "link": "https://www.pfizer.com/about/people/scientists",
    "timestamp": "unknown"
  },
  {
    "title": "Patient StoriesOur patients",
    "link": "https://www.pfizer.com/about/people/patients",
    "timestamp": "unknown"
  },
  {
    "title": "Colleague StoriesOur colleagues",
    "link": "https://www.pfizer.com/about/people/colleagues",
    "timestamp": "unknown"
  },
  {
    "title": "ResponsibilityEthics & ComplianceEach of us is responsibleResponsible BusinessBreakthroughs that change patients\u2019 livesPatient Advocacy & EngagementPu",
    "link": "https://investors.pfizer.com/Investors/Events--Presentations/default.aspx",
    "timestamp": "unknown"
  },
  {
    "title": "Ethics & ComplianceEach of us is responsible",
    "link": "https://www.pfizer.com/about/responsibility/compliance",
    "timestamp": "unknown"
  },
  {
    "title": "Responsible BusinessBreakthroughs that change patients\u2019 lives",
    "link": "https://www.pfizer.com/about/responsibility/responsible-business",
    "timestamp": "unknown"
  },
  {
    "title": "Patient Advocacy & EngagementPutting Patients First",
    "link": "https://www.pfizer.com/about/responsibility/patient-advocacy-engagement-putting-patients-first",
    "timestamp": "unknown"
  },
  {
    "title": "Global ImpactMeeting urgent needs worldwide",
    "link": "https://www.pfizer.com/about/responsibility/global-impact",
    "timestamp": "unknown"
  },
  {
    "title": "Diversity, Equity, and InclusionEveryone has something to offer",
    "link": "https://www.pfizer.com/about/responsibility/diversity-and-inclusion",
    "timestamp": "unknown"
  },
  {
    "title": "Environmental SustainabilityOur responsibility to the environment",
    "link": "https://www.pfizer.com/about/responsibility/environmental-sustainability",
    "timestamp": "unknown"
  },
  {
    "title": "Human RightsFuthering dignity and worth",
    "link": "https://www.pfizer.com/about/responsibility/human-rights",
    "timestamp": "unknown"
  },
  {
    "title": "Health & Safety",
    "link": "https://www.pfizer.com/about/responsibility/health-safety",
    "timestamp": "unknown"
  },
  {
    "title": "Intellectual PropertyThe benefits of fair competition",
    "link": "https://www.pfizer.com/about/responsibility/intellectual-property",
    "timestamp": "unknown"
  },
  {
    "title": "EHS Governance",
    "link": "https://www.pfizer.com/about/responsibility/EHS-governance",
    "timestamp": "unknown"
  },
  {
    "title": "Misinformation",
    "link": "https://www.pfizer.com/about/responsibility/misinformation",
    "timestamp": "unknown"
  },
  {
    "title": "Programs & PoliciesGrantsSupport for independent researchPolitical PartnershipSupporting like-minded organizationsWorking with Healthcare Professional",
    "link": "https://investors.pfizer.com/Investors/Events--Presentations/default.aspx",
    "timestamp": "unknown"
  },
  {
    "title": "GrantsSupport for independent research",
    "link": "https://www.pfizer.com/about/programs-policies/grants",
    "timestamp": "unknown"
  },
  {
    "title": "Political PartnershipSupporting like-minded organizations",
    "link": "https://www.pfizer.com/about/programs-policies/political-partnerships",
    "timestamp": "unknown"
  },
  {
    "title": "Working with Healthcare ProfessionalsCollaboration to improve lives",
    "link": "https://www.pfizer.com/about/programs-policies/working-with-healthcare-professionals",
    "timestamp": "unknown"
  },
  {
    "title": "Prescription Value & PricingHow to lower patient costs",
    "link": "https://www.pfizer.com/about/programs-policies/prescription-pricing-and-value",
    "timestamp": "unknown"
  },
  {
    "title": "Privacy PrinciplesCommitment to personal data privacy",
    "link": "https://www.pfizer.com/about/programs-policies/privacy-principles",
    "timestamp": "unknown"
  },
  {
    "title": "Ready for CuresImproving Access to Medicines",
    "link": "https://www.pfizer.com/about/programs-policies/ready-for-cures",
    "timestamp": "unknown"
  },
  {
    "title": "Transparency in GrantsCommitted to Disclosure",
    "link": "https://www.pfizer.com/about/programs-policies/transparency-in-grants",
    "timestamp": "unknown"
  },
  {
    "title": "InvestorsInvestors OverviewInformation for stockholdersWhy InvestWhy to join us on our missionEvents & PresentationsCalendar of upcoming eventsFinanci",
    "link": "https://investors.pfizer.com/Investors/Overview",
    "timestamp": "unknown"
  },
  {
    "title": "Investors OverviewInformation for stockholders",
    "link": "https://investors.pfizer.com/Investors/Overview/default.aspx",
    "timestamp": "unknown"
  },
  {
    "title": "Why InvestWhy to join us on our mission",
    "link": "https://investors.pfizer.com/Investors/Why-Invest/Our-Story",
    "timestamp": "unknown"
  },
  {
    "title": "Events & PresentationsCalendar of upcoming events",
    "link": "https://investors.pfizer.com/Investors/Events--Presentations/default.aspx",
    "timestamp": "unknown"
  },
  {
    "title": "Financial ReportsQuarterly reports and more",
    "link": "https://investors.pfizer.com/Investors/Financials/Quarterly-Results",
    "timestamp": "unknown"
  },
  {
    "title": "Investor NewsAnnouncements about our performance",
    "link": "https://investors.pfizer.com/Investors/News/default.aspx",
    "timestamp": "unknown"
  },
  {
    "title": "Stock InformationCharts and data",
    "link": "https://investors.pfizer.com/Investors/Stock-Info/default.aspx",
    "timestamp": "unknown"
  },
  {
    "title": "Shareholder ServicesInformation on stock transactions",
    "link": "https://investors.pfizer.com/Investors/Shareholder-Services/Shareholder-Overview",
    "timestamp": "unknown"
  },
  {
    "title": "Corporate GovernanceCorporate Governance OverviewGaining insight into our performanceBoard Committees & ChartersDefining the corporate structureThe Pf",
    "link": "https://investors.pfizer.com/About/Corporate-Governance/default.aspx",
    "timestamp": "unknown"
  },
  {
    "title": "Corporate Governance OverviewGaining insight into our performance",
    "link": "https://investors.pfizer.com/Investors/Corporate-Governance/Corporate-Governance-Overview/default.aspx",
    "timestamp": "unknown"
  },
  {
    "title": "Board Committees & ChartersDefining the corporate structure",
    "link": "https://investors.pfizer.com/Investors/Corporate-Governance/Board-Committees--Charters/default.aspx",
    "timestamp": "unknown"
  },
  {
    "title": "The Pfizer Board PoliciesEnsuring ethical leadership",
    "link": "https://investors.pfizer.com/Investors/Corporate-Governance/The-Pfizer-Board-Policies/default.aspx",
    "timestamp": "unknown"
  },
  {
    "title": "Corporate Governance FAQsLearn more about our approach",
    "link": "https://investors.pfizer.com/Investors/Corporate-Governance/Corporate-Governance-FAQs/default.aspx",
    "timestamp": "unknown"
  },
  {
    "title": "Contact Our DirectorsEmail any of our Directors",
    "link": "https://investors.pfizer.com/Investors/Corporate-Governance/Contact-Our-Directors/default.aspx",
    "timestamp": "unknown"
  },
  {
    "title": "Purpose",
    "link": "https://www.pfizer.com/about/purpose",
    "timestamp": "unknown"
  },
  {
    "title": "History",
    "link": "https://www.pfizer.com/about/history",
    "timestamp": "unknown"
  },
  {
    "title": "CareersSearch JobsCareer Growth & DevelopmentConnect With Us",
    "link": "https://investors.pfizer.com/Investors/Events--Presentations/default.aspx",
    "timestamp": "unknown"
  },
  {
    "title": "Search Jobs",
    "link": "https://pfizer.wd1.myworkdayjobs.com/PfizerCareers",
    "timestamp": "unknown"
  },
  {
    "title": "Career Growth & Development",
    "link": "https://www.pfizer.com/about/careers/growth_development",
    "timestamp": "unknown"
  },
  {
    "title": "Connect With Us",
    "link": "https://www.pfizer.com/about/careers/connect-with-us",
    "timestamp": "unknown"
  },
  {
    "title": "PartnersResearch and Business Development PartnershipsVenture InvestmentsBusiness to BusinessPfizer CentreOnePfizer IgniteSubmit Your Opportunities",
    "link": "https://investors.pfizer.com/Investors/Events--Presentations/default.aspx",
    "timestamp": "unknown"
  },
  {
    "title": "Research and Business Development Partnerships",
    "link": "https://www.pfizer.com/about/partners",
    "timestamp": "unknown"
  },
  {
    "title": "Venture Investments",
    "link": "https://www.pfizer.com/about/partners/venture-investments",
    "timestamp": "unknown"
  },
  {
    "title": "Business to Business",
    "link": "https://www.pfizer.com/about/partners/B2B-and-suppliers",
    "timestamp": "unknown"
  },
  {
    "title": "Pfizer CentreOne",
    "link": "https://www.pfizer.com/about/partners/pfizer-centreone",
    "timestamp": "unknown"
  },
  {
    "title": "Pfizer Ignite",
    "link": "https://www.pfizer.com/about/partners/pfizer-ignite",
    "timestamp": "unknown"
  },
  {
    "title": "Submit Your Opportunities",
    "link": "https://www.pfizer.com/about/partners/submit-your-opportunities",
    "timestamp": "unknown"
  },
  {
    "title": "Current Location and LanguageUnited States-English",
    "link": "http://www.pfizer.com",
    "timestamp": "unknown"
  },
  {
    "title": "United States-English",
    "link": "http://www.pfizer.com",
    "timestamp": "unknown"
  },
  {
    "title": "United States-English",
    "link": "http://www.pfizer.com",
    "timestamp": "unknown"
  },
  {
    "title": "Argentina-Espa\u00f1ol",
    "link": "http://www.pfizer.com.ar",
    "timestamp": "unknown"
  },
  {
    "title": "Australia-English",
    "link": "http://www.pfizer.com.au",
    "timestamp": "unknown"
  },
  {
    "title": "Austria-Deutsch",
    "link": "http://www.pfizer.at",
    "timestamp": "unknown"
  },
  {
    "title": "Belarus-Belarusian-English",
    "link": "http://www.pfizer.by",
    "timestamp": "unknown"
  },
  {
    "title": "Belgium-English-Nederlands-Fran\u00e7ais",
    "link": "http://www.pfizer.be",
    "timestamp": "unknown"
  },
  {
    "title": "Brazil-Portugu\u00eas",
    "link": "http://www.pfizer.com.br",
    "timestamp": "unknown"
  },
  {
    "title": "Bulgaria-\u0411\u044a\u043b\u0433\u0430\u0440\u0441\u043a\u0438",
    "link": "http://www.pfizer.bg",
    "timestamp": "unknown"
  },
  {
    "title": "Canada-English-Fran\u00e7ais",
    "link": "http://www.pfizer.ca",
    "timestamp": "unknown"
  },
  {
    "title": "China-\u4e2d\u6587-English",
    "link": "http://www.pfizer.com.cn",
    "timestamp": "unknown"
  },
  {
    "title": "Chile-Espa\u00f1ol",
    "link": "https://www.pfizer.cl",
    "timestamp": "unknown"
  },
  {
    "title": "Colombia-Espa\u00f1ol",
    "link": "http://www.pfizer.com.co",
    "timestamp": "unknown"
  },
  {
    "title": "Croatia-Croatian",
    "link": "http://www.pfizer.hr",
    "timestamp": "unknown"
  },
  {
    "title": "Czech Republic-\u010ce\u0161tina",
    "link": "http://www.pfizer.cz",
    "timestamp": "unknown"
  },
  {
    "title": "Denmark-Dansk",
    "link": "http://www.pfizer.dk",
    "timestamp": "unknown"
  },
  {
    "title": "Ecuador-Espa\u00f1ol",
    "link": "http://www.pfizer.com.ec",
    "timestamp": "unknown"
  },
  {
    "title": "Estonia-Eesti-English",
    "link": "http://www.pfizer.ee",
    "timestamp": "unknown"
  },
  {
    "title": "Finland-Suomalainen",
    "link": "http://www.pfizer.fi",
    "timestamp": "unknown"
  },
  {
    "title": "France-Fran\u00e7ais",
    "link": "http://www.pfizer.fr",
    "timestamp": "unknown"
  },
  {
    "title": "Germany-Deutsch",
    "link": "http://www.pfizer.de",
    "timestamp": "unknown"
  },
  {
    "title": "Greece-\u03b5\u03bb\u03bb\u03b7\u03bd\u03b9\u03ba\u03ac",
    "link": "http://www.pfizer.gr",
    "timestamp": "unknown"
  },
  {
    "title": "Hong Kong-\u7e41\u9ad4\u4e2d\u6587-English",
    "link": "http://www.pfizer.com.hk",
    "timestamp": "unknown"
  },
  {
    "title": "Hungary-Magyar",
    "link": "http://www.pfizer.hu",
    "timestamp": "unknown"
  },
  {
    "title": "India-English",
    "link": "http://www.pfizer.co.in",
    "timestamp": "unknown"
  },
  {
    "title": "Indonesia-Indonesian",
    "link": "http://www.pfizerpeduli.com",
    "timestamp": "unknown"
  },
  {
    "title": "Ireland-English",
    "link": "http://www.pfizer.ie/cf/index.cfm",
    "timestamp": "unknown"
  },
  {
    "title": "Israel-\u05e2\u05d1\u05e8\u05d9\u05ea",
    "link": "http://www.pfizer.co.il",
    "timestamp": "unknown"
  },
  {
    "title": "Italy-Italiano",
    "link": "http://www.pfizer.it",
    "timestamp": "unknown"
  },
  {
    "title": "Japan-\u65e5\u672c\u306e",
    "link": "http://www.pfizer.co.jp/pfizer/index.html",
    "timestamp": "unknown"
  },
  {
    "title": "Korea-\ud55c\uad6d\uc758",
    "link": "http://www.pfizer.co.kr",
    "timestamp": "unknown"
  },
  {
    "title": "Latvia-Latvian-English",
    "link": "http://www.pfizer.lv",
    "timestamp": "unknown"
  },
  {
    "title": "Lithuania-Lithuanian-English",
    "link": "http://www.pfizerdisclosure.lt",
    "timestamp": "unknown"
  },
  {
    "title": "Malaysia-English",
    "link": "http://www.pfizer.com.my",
    "timestamp": "unknown"
  },
  {
    "title": "Mexico-Espa\u00f1ol",
    "link": "http://www.pfizer.com.mx",
    "timestamp": "unknown"
  },
  {
    "title": "Netherlands-Nederlands",
    "link": "http://www.pfizer.nl",
    "timestamp": "unknown"
  },
  {
    "title": "New Zealand-English",
    "link": "http://www.pfizer.co.nz",
    "timestamp": "unknown"
  },
  {
    "title": "Norway-Norsk",
    "link": "http://www.pfizer.no",
    "timestamp": "unknown"
  },
  {
    "title": "Pakistan-English",
    "link": "http://www.pfizer.com.pk",
    "timestamp": "unknown"
  },
  {
    "title": "Peru-Espa\u00f1ol",
    "link": "http://www.pfizer.com.pe",
    "timestamp": "unknown"
  },
  {
    "title": "Philippines-English",
    "link": "http://www.pfizer.com.ph",
    "timestamp": "unknown"
  },
  {
    "title": "Poland-Polski",
    "link": "http://www.pfizer.com.pl",
    "timestamp": "unknown"
  },
  {
    "title": "Portugal-Portugu\u00eas",
    "link": "http://www.pfizer.pt",
    "timestamp": "unknown"
  },
  {
    "title": "Russia-\u0420\u0443\u0441\u0441\u043a\u0438\u0439",
    "link": "http://www.pfizer.ru",
    "timestamp": "unknown"
  },
  {
    "title": "Romania-Rom\u00e2n\u0103",
    "link": "http://www.pfizer.ro",
    "timestamp": "unknown"
  },
  {
    "title": "Serbia-Serbian",
    "link": "http://www.pfizer.rs",
    "timestamp": "unknown"
  },
  {
    "title": "Saudi Arabia-English-\u0627\u0644\u0639\u0631\u0628\u064a\u0629",
    "link": "https://www.pfizersaudi.com.sa/#/en/",
    "timestamp": "unknown"
  },
  {
    "title": "Singapore-English",
    "link": "http://www.pfizer.com.sg",
    "timestamp": "unknown"
  },
  {
    "title": "Slovenia-Slovenian",
    "link": "http://www.pfizer.si",
    "timestamp": "unknown"
  },
  {
    "title": "Slovakia-Slovensk\u00fd",
    "link": "http://www.pfizer.sk",
    "timestamp": "unknown"
  },
  {
    "title": "South Africa-English",
    "link": "http://www.pfizer.co.za",
    "timestamp": "unknown"
  },
  {
    "title": "Spain-Espa\u00f1ol",
    "link": "http://www.pfizer.es",
    "timestamp": "unknown"
  },
  {
    "title": "Sweden-Svenska",
    "link": "http://www.pfizer.se",
    "timestamp": "unknown"
  },
  {
    "title": "Switzerland-Deutsch-Fran\u00e7ais",
    "link": "http://www.pfizer.ch",
    "timestamp": "unknown"
  },
  {
    "title": "Taiwan-Taiwan",
    "link": "http://www.pfizer.com.tw",
    "timestamp": "unknown"
  },
  {
    "title": "Thailand-\u0e20\u0e32\u0e29\u0e32\u0e44\u0e17\u0e22",
    "link": "http://www.pfizer.co.th",
    "timestamp": "unknown"
  },
  {
    "title": "Tunisia-Fran\u00e7ais",
    "link": "http://www.pfizer.tn",
    "timestamp": "unknown"
  },
  {
    "title": "Turkey-T\u00fcrk",
    "link": "http://www.pfizer.com.tr",
    "timestamp": "unknown"
  },
  {
    "title": "United Kingdom-English",
    "link": "http://www.pfizer.co.uk",
    "timestamp": "unknown"
  },
  {
    "title": "United States-English",
    "link": "http://www.pfizer.com",
    "timestamp": "unknown"
  },
  {
    "title": "Ukraine-Ukrainian",
    "link": "http://www.pfizer.ua",
    "timestamp": "unknown"
  },
  {
    "title": "Vietnam-Ti\u1ebfng Vi\u1ec7t-English",
    "link": "http://www.pfizer.com.vn",
    "timestamp": "unknown"
  },
  {
    "title": "Venezuela-Espa\u00f1ol",
    "link": "http://www.pfizer.es",
    "timestamp": "unknown"
  },
  {
    "title": "OverviewInvestor RelationsOverviewWhy InvestOur StoryProspective InvestorsESG ReportFact SheetInvestor Email AlertsEvents & PresentationsPfizer Pflash",
    "link": "https://investors.pfizer.com/overview/default.aspx",
    "timestamp": "unknown"
  },
  {
    "title": "OverviewInvestor RelationsOverviewWhy InvestOur StoryProspective InvestorsESG ReportFact SheetInvestor Email AlertsEvents & PresentationsPfizer Pflash",
    "link": "https://investors.pfizer.com/overview/default.aspx",
    "timestamp": "unknown"
  },
  {
    "title": "OverviewInvestor RelationsOverviewWhy InvestOur StoryProspective InvestorsESG ReportFact SheetInvestor Email AlertsEvents & PresentationsPfizer Pflash",
    "link": "https://investors.pfizer.com/overview/default.aspx",
    "timestamp": "unknown"
  },
  {
    "title": "OverviewInvestor RelationsOverviewWhy InvestOur StoryProspective InvestorsESG ReportFact SheetInvestor Email AlertsEvents & PresentationsPfizer Pflash",
    "link": "https://investors.pfizer.com/overview/default.aspx",
    "timestamp": "unknown"
  },
  {
    "title": "Investor RelationsOverviewWhy InvestOur StoryProspective InvestorsESG ReportFact SheetInvestor Email AlertsEvents & PresentationsPfizer PflashFinancia",
    "link": "https://investors.pfizer.com/Investors/default.aspx",
    "timestamp": "unknown"
  },
  {
    "title": "Overview",
    "link": "https://investors.pfizer.com/Investors/Overview/default.aspx",
    "timestamp": "unknown"
  },
  {
    "title": "Why InvestOur StoryProspective InvestorsESG ReportFact SheetInvestor Email Alerts",
    "link": "https://investors.pfizer.com/Investors/Why-Invest/Our-Story",
    "timestamp": "unknown"
  },
  {
    "title": "Our Story",
    "link": "https://investors.pfizer.com/Investors/Why-Invest/Our-Story/default.aspx",
    "timestamp": "unknown"
  },
  {
    "title": "Prospective Investors",
    "link": "https://investors.pfizer.com/Investors/Why-Invest/Prospective-Investors/default.aspx",
    "timestamp": "unknown"
  },
  {
    "title": "ESG Report",
    "link": "https://investors.pfizer.com/Investors/Why-Invest/ESG-Report/default.aspx",
    "timestamp": "unknown"
  },
  {
    "title": "Fact Sheet",
    "link": "https://www.pfizer.com/about/investors/why-invest/fact-sheet",
    "timestamp": "unknown"
  },
  {
    "title": "Investor Email Alerts",
    "link": "https://investors.pfizer.com/Investors/Why-Invest/investor-email-alerts/default.aspx",
    "timestamp": "unknown"
  },
  {
    "title": "Events & PresentationsPfizer Pflash",
    "link": "https://investors.pfizer.com/Investors/Events--Presentations/default.aspx",
    "timestamp": "unknown"
  },
  {
    "title": "Pfizer Pflash",
    "link": "https://investors.pfizer.com/Investors/Events--Presentations/Pfizer-Pflash/default.aspx",
    "timestamp": "unknown"
  },
  {
    "title": "FinancialsQuarterly ResultsAnnual ReportsSEC Filings",
    "link": "https://investors.pfizer.com/Investors/Financials/Quarterly-Results",
    "timestamp": "unknown"
  },
  {
    "title": "Quarterly Results",
    "link": "https://investors.pfizer.com/Investors/Financials/Quarterly-Results/default.aspx",
    "timestamp": "unknown"
  },
  {
    "title": "Annual Reports",
    "link": "https://investors.pfizer.com/Investors/Financials/Annual-Reports/default.aspx",
    "timestamp": "unknown"
  },
  {
    "title": "SEC Filings",
    "link": "https://investors.pfizer.com/Investors/Financials/SEC-Filings/default.aspx",
    "timestamp": "unknown"
  },
  {
    "title": "News",
    "link": "https://investors.pfizer.com/Investors/News/default.aspx",
    "timestamp": "unknown"
  },
  {
    "title": "Stock InfoStock QuoteStock ChartHistorical Stock QuoteInvestment CalculatorDividend & Split HistoryStock FAQs",
    "link": "https://investors.pfizer.com/Investors/Stock-Info/default.aspx",
    "timestamp": "unknown"
  },
  {
    "title": "Stock Quote",
    "link": "https://investors.pfizer.com/Investors/Stock-Info/default.aspx#stock-quote",
    "timestamp": "unknown"
  },
  {
    "title": "Stock Chart",
    "link": "https://investors.pfizer.com/Investors/Stock-Info/default.aspx#stock-chart",
    "timestamp": "unknown"
  },
  {
    "title": "Historical Stock Quote",
    "link": "https://investors.pfizer.com/Investors/Stock-Info/default.aspx#stock-historical",
    "timestamp": "unknown"
  },
  {
    "title": "Investment Calculator",
    "link": "https://investors.pfizer.com/Investors/Stock-Info/default.aspx#calculator",
    "timestamp": "unknown"
  },
  {
    "title": "Dividend & Split History",
    "link": "https://investors.pfizer.com/Investors/Stock-Info/dividend-split-history/default.aspx",
    "timestamp": "unknown"
  },
  {
    "title": "Stock FAQs",
    "link": "https://investors.pfizer.com/Investors/Shareholder-Services/Stock-FAQs",
    "timestamp": "unknown"
  },
  {
    "title": "Corporate GovernanceCorporate Governance OverviewBoard of DirectorsBoard Committees &\u00a0ChartersCorporate Governance DocumentsBoard PoliciesCorporate Go",
    "link": "https://investors.pfizer.com/Investors/Corporate-Governance/Corporate-Governance-Overview",
    "timestamp": "unknown"
  },
  {
    "title": "Corporate Governance Overview",
    "link": "https://investors.pfizer.com/Investors/Corporate-Governance/Corporate-Governance-Overview/default.aspx",
    "timestamp": "unknown"
  },
  {
    "title": "Board of Directors",
    "link": "https://www.pfizer.com/about/people/board-members",
    "timestamp": "unknown"
  },
  {
    "title": "Board Committees &\u00a0Charters",
    "link": "https://investors.pfizer.com/Investors/Corporate-Governance/Board-Committees--Charters/default.aspx",
    "timestamp": "unknown"
  },
  {
    "title": "Corporate Governance Documents",
    "link": "https://investors.pfizer.com/Investors/Corporate-Governance/Corporate-Governance-Documents/default.aspx",
    "timestamp": "unknown"
  },
  {
    "title": "Board Policies",
    "link": "https://investors.pfizer.com/Investors/Corporate-Governance/The-Pfizer-Board-Policies/default.aspx",
    "timestamp": "unknown"
  },
  {
    "title": "Corporate Governance FAQs",
    "link": "https://investors.pfizer.com/Investors/Corporate-Governance/Corporate-Governance-FAQs/default.aspx",
    "timestamp": "unknown"
  },
  {
    "title": "Contact Our Directors",
    "link": "https://investors.pfizer.com/Investors/Corporate-Governance/Contact-Our-Directors/default.aspx",
    "timestamp": "unknown"
  },
  {
    "title": "More Resources",
    "link": "https://investors.pfizer.com/Investors/Corporate-Governance/More-Resources/default.aspx",
    "timestamp": "unknown"
  },
  {
    "title": "Shareholder ServicesShareholder Services OverviewPfizer Investor InsightsStock FAQsCost Basis Calculator",
    "link": "https://investors.pfizer.com/Investors/Shareholder-Services/Shareholder-Overview",
    "timestamp": "unknown"
  },
  {
    "title": "Shareholder Services Overview",
    "link": "https://investors.pfizer.com/Investors/Shareholder-Services/Shareholder-Overview/default.aspx",
    "timestamp": "unknown"
  },
  {
    "title": "Pfizer Investor Insights",
    "link": "https://insights.pfizer.com/",
    "timestamp": "unknown"
  },
  {
    "title": "Stock FAQs",
    "link": "https://investors.pfizer.com/Investors/Shareholder-Services/Stock-FAQs/default.aspx",
    "timestamp": "unknown"
  },
  {
    "title": "Cost Basis Calculator",
    "link": "https://investors.pfizer.com/Investors/Shareholder-Services/Cost-Basis-Calculator/default.aspx",
    "timestamp": "unknown"
  },
  {
    "title": "ScienceClinical TrialsGuide to Clinical TrialsYour participation makes a differenceClinical Trials in ChildrenDesigned to improve kids' healthData and",
    "link": "https://www.pfizer.com/science",
    "timestamp": "unknown"
  },
  {
    "title": "Clinical TrialsGuide to Clinical TrialsYour participation makes a differenceClinical Trials in ChildrenDesigned to improve kids' healthData and Result",
    "link": "https://investors.pfizer.com/Investors/Events--Presentations/default.aspx",
    "timestamp": "unknown"
  },
  {
    "title": "Guide to Clinical TrialsYour participation makes a difference",
    "link": "https://www.pfizer.com/science/clinical-trials/guide",
    "timestamp": "unknown"
  },
  {
    "title": "Clinical Trials in ChildrenDesigned to improve kids' health",
    "link": "https://www.pfizer.com/science/clinical-trials/children",
    "timestamp": "unknown"
  },
  {
    "title": "Data and ResultsSharing our Results",
    "link": "https://www.pfizer.com/science/clinical-trials/data-and-results",
    "timestamp": "unknown"
  },
  {
    "title": "Integrity and TransparencyBuilding Trust",
    "link": "https://www.pfizer.com/science/clinical-trials/integrity-and-transparency",
    "timestamp": "unknown"
  },
  {
    "title": "DiversityEquity and Representation",
    "link": "https://www.pfizer.com/science/clinical-trials/diversity",
    "timestamp": "unknown"
  },
  {
    "title": "Plain Language Study ResultsTrial Result Summaries",
    "link": "https://www.pfizer.com/science/clinical-trials/plain-language-study-results-summaries",
    "timestamp": "unknown"
  },
  {
    "title": "Expanded Access & Compassionate UsePossible Treatment Options",
    "link": "https://www.pfizer.com/science/clinical-trials/expanded-access",
    "timestamp": "unknown"
  },
  {
    "title": "Find a Trial",
    "link": "https://www.pfizerclinicaltrials.com/find-a-trial",
    "timestamp": "unknown"
  },
  {
    "title": "Areas of FocusRare DiseaseSmaller populations but big impactInternal MedicineExtending lifespans worldwideInflammation & ImmunologyTreatment at the mo",
    "link": "https://investors.pfizer.com/Investors/Events--Presentations/default.aspx",
    "timestamp": "unknown"
  },
  {
    "title": "Rare DiseaseSmaller populations but big impact",
    "link": "https://www.pfizer.com/science/focus-areas/rare-disease",
    "timestamp": "unknown"
  },
  {
    "title": "Internal MedicineExtending lifespans worldwide",
    "link": "https://www.pfizer.com/science/focus-areas/internal-medicine",
    "timestamp": "unknown"
  },
  {
    "title": "Inflammation & ImmunologyTreatment at the molecular level",
    "link": "https://www.pfizer.com/science/focus-areas/immunology-inflammation",
    "timestamp": "unknown"
  },
  {
    "title": "VaccinesPreventing the spread of infections",
    "link": "https://www.pfizer.com/science/focus-areas/vaccines",
    "timestamp": "unknown"
  },
  {
    "title": "OncologyThe science of optimism",
    "link": "https://www.pfizer.com/science/focus-areas/oncology",
    "timestamp": "unknown"
  },
  {
    "title": "Anti InfectivesCombatting an evolving risk",
    "link": "https://www.pfizer.com/science/focus-areas/anti-infectives",
    "timestamp": "unknown"
  },
  {
    "title": "Areas of InnovationGene TherapyBreakthroughs become treatmentsMedicinal SciencesThe next generation of sciencePrecision MedicineDeveloping tailored me",
    "link": "https://investors.pfizer.com/Investors/Events--Presentations/default.aspx",
    "timestamp": "unknown"
  },
  {
    "title": "Gene TherapyBreakthroughs become treatments",
    "link": "https://www.pfizer.com/science/innovation/gene-therapy",
    "timestamp": "unknown"
  },
  {
    "title": "Medicinal SciencesThe next generation of science",
    "link": "https://www.pfizer.com/science/innovation/medicinal-sciences",
    "timestamp": "unknown"
  },
  {
    "title": "Precision MedicineDeveloping tailored medicines",
    "link": "https://www.pfizer.com/science/innovation/precision-medicine",
    "timestamp": "unknown"
  },
  {
    "title": "Maternal ImmunizationProtecting newborns at the start",
    "link": "https://www.pfizer.com/science/innovation/maternal-immunization",
    "timestamp": "unknown"
  },
  {
    "title": "mRNA TechnologyUnleashing the next wave of scientific innovations",
    "link": "https://www.pfizer.com/science/innovation/mrna-technology",
    "timestamp": "unknown"
  },
  {
    "title": "Diseases & Conditions",
    "link": "https://www.pfizer.com/science/disease-and-conditions-index",
    "timestamp": "unknown"
  },
  {
    "title": "Coronavirus Resources",
    "link": "https://www.pfizer.com/science/coronavirus/resources",
    "timestamp": "unknown"
  },
  {
    "title": "Product Pipeline",
    "link": "https://www.pfizer.com/science/drug-product-pipeline",
    "timestamp": "unknown"
  },
  {
    "title": "Research Sites",
    "link": "https://www.pfizer.com/science/centers",
    "timestamp": "unknown"
  },
  {
    "title": "ProductsHow Drugs Are MadeBranded vs. GenericLearn the differenceBiologics & BiosimilarsCures found in natureCommitment to QualityMaintaining the high",
    "link": "https://www.pfizer.com/products",
    "timestamp": "unknown"
  },
  {
    "title": "How Drugs Are MadeBranded vs. GenericLearn the differenceBiologics & BiosimilarsCures found in natureCommitment to QualityMaintaining the highest stan",
    "link": "https://investors.pfizer.com/Investors/Events--Presentations/default.aspx",
    "timestamp": "unknown"
  },
  {
    "title": "Branded vs. GenericLearn the difference",
    "link": "https://www.pfizer.com/products/how-drugs-are-made/branded-versus-generics",
    "timestamp": "unknown"
  },
  {
    "title": "Biologics & BiosimilarsCures found in nature",
    "link": "https://www.pfizer.com/products/how-drugs-are-made/biologics-and-biosimilars",
    "timestamp": "unknown"
  },
  {
    "title": "Commitment to QualityMaintaining the highest standards",
    "link": "https://www.pfizer.com/products/how-drugs-are-made/commitment-to-quality",
    "timestamp": "unknown"
  },
  {
    "title": "Global SupplyStrategic manufacturing locations",
    "link": "https://www.pfizer.com/products/how-drugs-are-made/global-supply",
    "timestamp": "unknown"
  },
  {
    "title": "Manufacturing SitesWhere medicine is made in the U.S.",
    "link": "https://www.pfizer.com/products/how-drugs-are-made/manufacturing-sites",
    "timestamp": "unknown"
  },
  {
    "title": "Medicine SafetyHealth LiteracyLearning to be wellTreatment ChoicesLearning about treatment decisionsPartnering with PatientsHelping others by reportin",
    "link": "https://investors.pfizer.com/Investors/Events--Presentations/default.aspx",
    "timestamp": "unknown"
  },
  {
    "title": "Health LiteracyLearning to be well",
    "link": "https://www.pfizer.com/products/medicine-safety/health-literacy",
    "timestamp": "unknown"
  },
  {
    "title": "Treatment ChoicesLearning about treatment decisions",
    "link": "https://www.pfizer.com/products/medicine-safety/treatment-choices",
    "timestamp": "unknown"
  },
  {
    "title": "Partnering with PatientsHelping others by reporting side effects",
    "link": "https://www.pfizer.com/products/medicine-safety/partnering-with-patients",
    "timestamp": "unknown"
  },
  {
    "title": "Tips for PatientsPreventing medication errors",
    "link": "https://www.pfizer.com/products/medicine-safety/tips",
    "timestamp": "unknown"
  },
  {
    "title": "Reporting Adverse Events",
    "link": "https://www.pfizer.com/products/medicine-safety/reporting",
    "timestamp": "unknown"
  },
  {
    "title": "CounterfeitingPreventing medication errors",
    "link": "https://www.pfizer.com/products/medicine-safety/counterfeiting",
    "timestamp": "unknown"
  },
  {
    "title": "Safety Data Sheets",
    "link": "https://www.pfizer.com/products/medicine-safety/data-sheets",
    "timestamp": "unknown"
  },
  {
    "title": "Product List",
    "link": "https://www.pfizer.com/products/product-list",
    "timestamp": "unknown"
  },
  {
    "title": "Product Contacts",
    "link": "https://www.pfizer.com/products/information",
    "timestamp": "unknown"
  },
  {
    "title": "PfizerPro for Professionals",
    "link": "https://www.pfizerpro.com/",
    "timestamp": "unknown"
  },
  {
    "title": "Patient Assistance Programs",
    "link": "https://www.pfizerrxpathways.com/",
    "timestamp": "unknown"
  },
  {
    "title": "DistributorsPfizer DistributorsGreenstone Distributors",
    "link": "https://investors.pfizer.com/Investors/Events--Presentations/default.aspx",
    "timestamp": "unknown"
  },
  {
    "title": "Pfizer Distributors",
    "link": "https://www.pfizer.com/products/medicine-distributors/pfizer",
    "timestamp": "unknown"
  },
  {
    "title": "Greenstone Distributors",
    "link": "https://www.pfizer.com/products/medicine-distributors/greenstone",
    "timestamp": "unknown"
  },
  {
    "title": "StoriesArticlesAnnouncementsBehind the Science FeaturesOnline Counterfeit MedicinesCombating the RiseWhen AI Meets BiologyA Special PartnershipWhat is",
    "link": "https://pfizer.com/stories",
    "timestamp": "unknown"
  },
  {
    "title": "Articles",
    "link": "https://www.pfizer.com/stories/articles",
    "timestamp": "unknown"
  },
  {
    "title": "Announcements",
    "link": "https://pfizer.com/stories/announcements",
    "timestamp": "unknown"
  },
  {
    "title": "Behind the Science FeaturesOnline Counterfeit MedicinesCombating the RiseWhen AI Meets BiologyA Special PartnershipWhat is mRNA?mRNA Defined and Appli",
    "link": "https://pfizer.com/stories/behind-the-science",
    "timestamp": "unknown"
  },
  {
    "title": "Online Counterfeit MedicinesCombating the Rise",
    "link": "https://www.pfizer.com/news/behind-the-science/combating-rise-online-counterfeit-medicines",
    "timestamp": "unknown"
  },
  {
    "title": "When AI Meets BiologyA Special Partnership",
    "link": "https://www.pfizer.com/news/behind-the-science/when-ai-meets-biology",
    "timestamp": "unknown"
  },
  {
    "title": "What is mRNA?mRNA Defined and Applied",
    "link": "https://www.pfizer.com/how-once-little-known-molecule-disrupting-medicine",
    "timestamp": "unknown"
  },
  {
    "title": "COVID- Vaccine RolloutNew Digital Technologies",
    "link": "https://www.pfizer.com/news/behind-the-science/accelerating-digital-technology-covid--vaccine-rollout",
    "timestamp": "unknown"
  },
  {
    "title": "COVID- VaccineDistributing Hope to the World",
    "link": "https://www.pfizer.com/news/behind-the-science/delivering-the-COVID--vaccine-to-remote-communities",
    "timestamp": "unknown"
  },
  {
    "title": "Clinical TrialsWhere Science Meets Patients",
    "link": "https://www.pfizer.com/news/behind-the-science/clinical-trials",
    "timestamp": "unknown"
  },
  {
    "title": "Medicinal SciencesThe Art of Creating New Medicines",
    "link": "https://www.pfizer.com/news/behind-the-science/medicinal-sciences",
    "timestamp": "unknown"
  },
  {
    "title": "Podcasts",
    "link": "https://pfizer.com/stories/podcasts",
    "timestamp": "unknown"
  },
  {
    "title": "eBooks",
    "link": "https://www.pfizer.com/stories#ebooks-section",
    "timestamp": "unknown"
  },
  {
    "title": "NewsroomPress ReleasesMedia Asset LibraryUpdate & StatementsPartnering NewsMedia Contacts",
    "link": "https://pfizer.com/newsroom",
    "timestamp": "unknown"
  },
  {
    "title": "Press Releases",
    "link": "https://www.pfizer.com/newsroom/press-releases",
    "timestamp": "unknown"
  },
  {
    "title": "Media Asset Library",
    "link": "https://www.pfizer.com/newsroom/media-assets",
    "timestamp": "unknown"
  },
  {
    "title": "Update & Statements",
    "link": "https://pfizer.com/newsroom/updates-and-statements",
    "timestamp": "unknown"
  },
  {
    "title": "Partnering News",
    "link": "https://pfizer.com/newsroom/partnering-news",
    "timestamp": "unknown"
  },
  {
    "title": "Media Contacts",
    "link": "https://pfizer.com/newsroom/pfizer-media-relation",
    "timestamp": "unknown"
  },
  {
    "title": "AboutPeopleExecutivesOur senior-most leadershipBoard MembersThe people steering our companyScientistsOur experts making discoveriesPatient StoriesOur ",
    "link": "https://www.pfizer.com/about",
    "timestamp": "unknown"
  },
  {
    "title": "PeopleExecutivesOur senior-most leadershipBoard MembersThe people steering our companyScientistsOur experts making discoveriesPatient StoriesOur patie",
    "link": "https://investors.pfizer.com/Investors/Events--Presentations/default.aspx",
    "timestamp": "unknown"
  },
  {
    "title": "ExecutivesOur senior-most leadership",
    "link": "https://www.pfizer.com/about/people/executives",
    "timestamp": "unknown"
  },
  {
    "title": "Board MembersThe people steering our company",
    "link": "https://www.pfizer.com/about/people/board-members",
    "timestamp": "unknown"
  },
  {
    "title": "ScientistsOur experts making discoveries",
    "link": "https://www.pfizer.com/about/people/scientists",
    "timestamp": "unknown"
  },
  {
    "title": "Patient StoriesOur patients",
    "link": "https://www.pfizer.com/about/people/patients",
    "timestamp": "unknown"
  },
  {
    "title": "Colleague StoriesOur colleagues",
    "link": "https://www.pfizer.com/about/people/colleagues",
    "timestamp": "unknown"
  },
  {
    "title": "ResponsibilityEthics & ComplianceEach of us is responsibleResponsible BusinessBreakthroughs that change patients\u2019 livesPatient Advocacy & EngagementPu",
    "link": "https://investors.pfizer.com/Investors/Events--Presentations/default.aspx",
    "timestamp": "unknown"
  },
  {
    "title": "Ethics & ComplianceEach of us is responsible",
    "link": "https://www.pfizer.com/about/responsibility/compliance",
    "timestamp": "unknown"
  },
  {
    "title": "Responsible BusinessBreakthroughs that change patients\u2019 lives",
    "link": "https://www.pfizer.com/about/responsibility/responsible-business",
    "timestamp": "unknown"
  },
  {
    "title": "Patient Advocacy & EngagementPutting Patients First",
    "link": "https://www.pfizer.com/about/responsibility/patient-advocacy-engagement-putting-patients-first",
    "timestamp": "unknown"
  },
  {
    "title": "Global ImpactMeeting urgent needs worldwide",
    "link": "https://www.pfizer.com/about/responsibility/global-impact",
    "timestamp": "unknown"
  },
  {
    "title": "Diversity, Equity, and InclusionEveryone has something to offer",
    "link": "https://www.pfizer.com/about/responsibility/diversity-and-inclusion",
    "timestamp": "unknown"
  },
  {
    "title": "Environmental SustainabilityOur responsibility to the environment",
    "link": "https://www.pfizer.com/about/responsibility/environmental-sustainability",
    "timestamp": "unknown"
  },
  {
    "title": "Human RightsFuthering dignity and worth",
    "link": "https://www.pfizer.com/about/responsibility/human-rights",
    "timestamp": "unknown"
  },
  {
    "title": "Health & Safety",
    "link": "https://www.pfizer.com/about/responsibility/health-safety",
    "timestamp": "unknown"
  },
  {
    "title": "Intellectual PropertyThe benefits of fair competition",
    "link": "https://www.pfizer.com/about/responsibility/intellectual-property",
    "timestamp": "unknown"
  },
  {
    "title": "EHS Governance",
    "link": "https://www.pfizer.com/about/responsibility/EHS-governance",
    "timestamp": "unknown"
  },
  {
    "title": "Misinformation",
    "link": "https://www.pfizer.com/about/responsibility/misinformation",
    "timestamp": "unknown"
  },
  {
    "title": "Programs & PoliciesGrantsSupport for independent researchPolitical PartnershipSupporting like-minded organizationsWorking with Healthcare Professional",
    "link": "https://investors.pfizer.com/Investors/Events--Presentations/default.aspx",
    "timestamp": "unknown"
  },
  {
    "title": "GrantsSupport for independent research",
    "link": "https://www.pfizer.com/about/programs-policies/grants",
    "timestamp": "unknown"
  },
  {
    "title": "Political PartnershipSupporting like-minded organizations",
    "link": "https://www.pfizer.com/about/programs-policies/political-partnerships",
    "timestamp": "unknown"
  },
  {
    "title": "Working with Healthcare ProfessionalsCollaboration to improve lives",
    "link": "https://www.pfizer.com/about/programs-policies/working-with-healthcare-professionals",
    "timestamp": "unknown"
  },
  {
    "title": "Prescription Value & PricingHow to lower patient costs",
    "link": "https://www.pfizer.com/about/programs-policies/prescription-pricing-and-value",
    "timestamp": "unknown"
  },
  {
    "title": "Privacy PrinciplesCommitment to personal data privacy",
    "link": "https://www.pfizer.com/about/programs-policies/privacy-principles",
    "timestamp": "unknown"
  },
  {
    "title": "Ready for CuresImproving Access to Medicines",
    "link": "https://www.pfizer.com/about/programs-policies/ready-for-cures",
    "timestamp": "unknown"
  },
  {
    "title": "Transparency in GrantsCommitted to Disclosure",
    "link": "https://www.pfizer.com/about/programs-policies/transparency-in-grants",
    "timestamp": "unknown"
  },
  {
    "title": "InvestorsInvestors OverviewInformation for stockholdersWhy InvestWhy to join us on our missionEvents & PresentationsCalendar of upcoming eventsFinanci",
    "link": "https://investors.pfizer.com/Investors/Overview",
    "timestamp": "unknown"
  },
  {
    "title": "Investors OverviewInformation for stockholders",
    "link": "https://investors.pfizer.com/Investors/Overview/default.aspx",
    "timestamp": "unknown"
  },
  {
    "title": "Why InvestWhy to join us on our mission",
    "link": "https://investors.pfizer.com/Investors/Why-Invest/Our-Story",
    "timestamp": "unknown"
  },
  {
    "title": "Events & PresentationsCalendar of upcoming events",
    "link": "https://investors.pfizer.com/Investors/Events--Presentations/default.aspx",
    "timestamp": "unknown"
  },
  {
    "title": "Financial ReportsQuarterly reports and more",
    "link": "https://investors.pfizer.com/Investors/Financials/Quarterly-Results",
    "timestamp": "unknown"
  },
  {
    "title": "Investor NewsAnnouncements about our performance",
    "link": "https://investors.pfizer.com/Investors/News/default.aspx",
    "timestamp": "unknown"
  },
  {
    "title": "Stock InformationCharts and data",
    "link": "https://investors.pfizer.com/Investors/Stock-Info/default.aspx",
    "timestamp": "unknown"
  },
  {
    "title": "Shareholder ServicesInformation on stock transactions",
    "link": "https://investors.pfizer.com/Investors/Shareholder-Services/Shareholder-Overview",
    "timestamp": "unknown"
  },
  {
    "title": "Corporate GovernanceCorporate Governance OverviewGaining insight into our performanceBoard Committees & ChartersDefining the corporate structureThe Pf",
    "link": "https://investors.pfizer.com/About/Corporate-Governance/default.aspx",
    "timestamp": "unknown"
  },
  {
    "title": "Corporate Governance OverviewGaining insight into our performance",
    "link": "https://investors.pfizer.com/Investors/Corporate-Governance/Corporate-Governance-Overview/default.aspx",
    "timestamp": "unknown"
  },
  {
    "title": "Board Committees & ChartersDefining the corporate structure",
    "link": "https://investors.pfizer.com/Investors/Corporate-Governance/Board-Committees--Charters/default.aspx",
    "timestamp": "unknown"
  },
  {
    "title": "The Pfizer Board PoliciesEnsuring ethical leadership",
    "link": "https://investors.pfizer.com/Investors/Corporate-Governance/The-Pfizer-Board-Policies/default.aspx",
    "timestamp": "unknown"
  },
  {
    "title": "Corporate Governance FAQsLearn more about our approach",
    "link": "https://investors.pfizer.com/Investors/Corporate-Governance/Corporate-Governance-FAQs/default.aspx",
    "timestamp": "unknown"
  },
  {
    "title": "Contact Our DirectorsEmail any of our Directors",
    "link": "https://investors.pfizer.com/Investors/Corporate-Governance/Contact-Our-Directors/default.aspx",
    "timestamp": "unknown"
  },
  {
    "title": "Purpose",
    "link": "https://www.pfizer.com/about/purpose",
    "timestamp": "unknown"
  },
  {
    "title": "History",
    "link": "https://www.pfizer.com/about/history",
    "timestamp": "unknown"
  },
  {
    "title": "CareersSearch JobsCareer Growth & DevelopmentConnect With Us",
    "link": "https://investors.pfizer.com/Investors/Events--Presentations/default.aspx",
    "timestamp": "unknown"
  },
  {
    "title": "Search Jobs",
    "link": "https://pfizer.wd1.myworkdayjobs.com/PfizerCareers",
    "timestamp": "unknown"
  },
  {
    "title": "Career Growth & Development",
    "link": "https://www.pfizer.com/about/careers/growth_development",
    "timestamp": "unknown"
  },
  {
    "title": "Connect With Us",
    "link": "https://www.pfizer.com/about/careers/connect-with-us",
    "timestamp": "unknown"
  },
  {
    "title": "PartnersResearch and Business Development PartnershipsVenture InvestmentsBusiness to BusinessPfizer CentreOnePfizer IgniteSubmit Your Opportunities",
    "link": "https://investors.pfizer.com/Investors/Events--Presentations/default.aspx",
    "timestamp": "unknown"
  },
  {
    "title": "Research and Business Development Partnerships",
    "link": "https://www.pfizer.com/about/partners",
    "timestamp": "unknown"
  },
  {
    "title": "Venture Investments",
    "link": "https://www.pfizer.com/about/partners/venture-investments",
    "timestamp": "unknown"
  },
  {
    "title": "Business to Business",
    "link": "https://www.pfizer.com/about/partners/B2B-and-suppliers",
    "timestamp": "unknown"
  },
  {
    "title": "Pfizer CentreOne",
    "link": "https://www.pfizer.com/about/partners/pfizer-centreone",
    "timestamp": "unknown"
  },
  {
    "title": "Pfizer Ignite",
    "link": "https://www.pfizer.com/about/partners/pfizer-ignite",
    "timestamp": "unknown"
  },
  {
    "title": "Submit Your Opportunities",
    "link": "https://www.pfizer.com/about/partners/submit-your-opportunities",
    "timestamp": "unknown"
  },
  {
    "title": "Overview>Investor Relations>Events & Presentations",
    "link": "https://investors.pfizer.com/overview/default.aspx",
    "timestamp": "unknown"
  },
  {
    "title": "Overview>Investor Relations>Events & Presentations",
    "link": "https://investors.pfizer.com/overview/default.aspx",
    "timestamp": "unknown"
  },
  {
    "title": "Overview>Investor Relations>Events & Presentations",
    "link": "https://investors.pfizer.com/overview/default.aspx",
    "timestamp": "unknown"
  },
  {
    "title": "Email AlertsTo opt-in for investor email alerts, please enter your email address in the field below and select at least one alert option. After submit",
    "link": "https://www.pfizer.com/",
    "timestamp": "unknown"
  },
  {
    "title": "Email AlertsTo opt-in for investor email alerts, please enter your email address in the field below and select at least one alert option. After submit",
    "link": "https://www.pfizer.com/",
    "timestamp": "unknown"
  },
  {
    "title": "Email AlertsTo opt-in for investor email alerts, please enter your email address in the field below and select at least one alert option. After submit",
    "link": "https://www.pfizer.com/",
    "timestamp": "unknown"
  },
  {
    "title": "InvestorsCareersMediaPartnersGrant SeekersHealth Care ProfessionalsBusiness To BusinessMerchandisePrivacy StatementTerms Of UseContact Us",
    "link": "https://www.pfizer.com/",
    "timestamp": "unknown"
  },
  {
    "title": "InvestorsCareersMediaPartnersGrant SeekersHealth Care ProfessionalsBusiness To BusinessMerchandisePrivacy StatementTerms Of UseContact Us",
    "link": "https://www.pfizer.com/",
    "timestamp": "unknown"
  },
  {
    "title": "InvestorsCareersMediaPartnersGrant SeekersHealth Care ProfessionalsBusiness To BusinessMerchandisePrivacy StatementTerms Of UseContact Us",
    "link": "https://www.pfizer.com/",
    "timestamp": "unknown"
  },
  {
    "title": "InvestorsCareersMediaPartnersGrant SeekersHealth Care ProfessionalsBusiness To BusinessMerchandisePrivacy StatementTerms Of UseContact Us",
    "link": "https://www.pfizer.com/",
    "timestamp": "unknown"
  },
  {
    "title": "InvestorsCareersMediaPartners",
    "link": "https://investors.pfizer.com/",
    "timestamp": "unknown"
  },
  {
    "title": "Investors",
    "link": "https://investors.pfizer.com/",
    "timestamp": "unknown"
  },
  {
    "title": "Careers",
    "link": "https://www.pfizer.com/about/careers",
    "timestamp": "unknown"
  },
  {
    "title": "Media",
    "link": "https://www.pfizer.com/news/media-resources",
    "timestamp": "unknown"
  },
  {
    "title": "Partners",
    "link": "https://www.pfizer.com/about/partners",
    "timestamp": "unknown"
  },
  {
    "title": "Grant SeekersHealth Care ProfessionalsBusiness To BusinessMerchandise",
    "link": "https://www.pfizer.com/about/programs-policies/grants",
    "timestamp": "unknown"
  },
  {
    "title": "Grant Seekers",
    "link": "https://www.pfizer.com/about/programs-policies/grants",
    "timestamp": "unknown"
  },
  {
    "title": "Health Care Professionals",
    "link": "https://www.pfizerpro.com/",
    "timestamp": "unknown"
  },
  {
    "title": "Business To Business",
    "link": "https://www.pfizer.com/about/partners/B2B-and-suppliers",
    "timestamp": "unknown"
  },
  {
    "title": "Merchandise",
    "link": "https://pfizerretailstore.mypromomall.com/pfizerretailstore",
    "timestamp": "unknown"
  },
  {
    "title": "Privacy StatementTerms Of UseContact Us",
    "link": "https://www.pfizer.com/Privacy",
    "timestamp": "unknown"
  },
  {
    "title": "Privacy Statement",
    "link": "https://www.pfizer.com/Privacy",
    "timestamp": "unknown"
  },
  {
    "title": "Terms Of Use",
    "link": "https://www.pfizer.com/general/terms",
    "timestamp": "unknown"
  },
  {
    "title": "Contact Us",
    "link": "https://www.pfizer.com/contact",
    "timestamp": "unknown"
  },
  {
    "title": "United States\u00a9Pfizer Inc. All rights reserved",
    "link": "https://twitter.com/Pfizer",
    "timestamp": "unknown"
  },
  {
    "title": "United States\u00a9Pfizer Inc. All rights reserved",
    "link": "https://twitter.com/Pfizer",
    "timestamp": "unknown"
  },
  {
    "title": "United States\u00a9Pfizer Inc. All rights reserved",
    "link": "https://twitter.com/Pfizer",
    "timestamp": "unknown"
  },
  {
    "title": "United States\u00a9Pfizer Inc. All rights reserved",
    "link": "https://twitter.com/Pfizer",
    "timestamp": "unknown"
  },
  {
    "title": "United States\u00a9Pfizer Inc. All rights reserved",
    "link": "https://twitter.com/Pfizer",
    "timestamp": "unknown"
  },
  {
    "title": "Forward-Looking Statements of Pfizer Inc.This transcript may contain forward-looking statements about, among other things, our anticipated operating a",
    "link": "http://www.sec.gov/",
    "timestamp": "unknown"
  },
  {
    "title": "Forward-Looking Statements of Pfizer Inc.This transcript may contain forward-looking statements about, among other things, our anticipated operating a",
    "link": "http://www.sec.gov/",
    "timestamp": "unknown"
  },
  {
    "title": "Forward-Looking Statements of Pfizer Inc.This transcript may contain forward-looking statements about, among other things, our anticipated operating a",
    "link": "http://www.sec.gov/",
    "timestamp": "unknown"
  },
  {
    "title": "Forward-Looking Statements of Pfizer Inc.This transcript may contain forward-looking statements about, among other things, our anticipated operating a",
    "link": "http://www.sec.gov/",
    "timestamp": "unknown"
  },
  {
    "title": "Forward-Looking Statements of Pfizer Inc.This transcript may contain forward-looking statements about, among other things, our anticipated operating a",
    "link": "http://www.sec.gov/",
    "timestamp": "unknown"
  },
  {
    "title": "Forward-Looking Statements of Pfizer Inc.This transcript may contain forward-looking statements about, among other things, our anticipated operating a",
    "link": "http://www.sec.gov/",
    "timestamp": "unknown"
  },
  {
    "title": "A description of these risks and uncertainties can be found in Pfizer\u2019s most recent Annual Report on Form -K and in its subsequent reports on Form -Q,",
    "link": "http://www.sec.gov/",
    "timestamp": "unknown"
  },
  {
    "title": "Forward-Looking Statements of Pfizer Inc.This webcast may contain forward-looking statements about, among other things, our anticipated operating and ",
    "link": "http://www.sec.gov/",
    "timestamp": "unknown"
  },
  {
    "title": "A description of these risks and uncertainties can be found in Pfizer\u2019s most recent Annual Report on Form -K and in its subsequent reports on Form -Q,",
    "link": "http://www.sec.gov/",
    "timestamp": "unknown"
  }
]