[
  {
    "title": "Search:SubmitAbout PTCBackLeadershipOur ResponsibilityGlobal Compliance ProgramGrants and DonationsLocationsOur ScienceBackSplicingInflammation & Ferr",
    "link": "https://www.ptcbio.com/about-ptc/",
    "timestamp": "unknown"
  },
  {
    "title": "About PTCBackLeadershipOur ResponsibilityGlobal Compliance ProgramGrants and DonationsLocations",
    "link": "https://www.ptcbio.com/about-ptc/",
    "timestamp": "unknown"
  },
  {
    "title": "Leadership",
    "link": "https://www.ptcbio.com/about-ptc/leadership/",
    "timestamp": "unknown"
  },
  {
    "title": "Our Responsibility",
    "link": "https://www.ptcbio.com/about-ptc/our-responsibility/",
    "timestamp": "unknown"
  },
  {
    "title": "Global Compliance Program",
    "link": "https://www.ptcbio.com/global-compliance-program/",
    "timestamp": "unknown"
  },
  {
    "title": "Grants and Donations",
    "link": "https://www.ptcbio.com/grants-and-donations/",
    "timestamp": "unknown"
  },
  {
    "title": "Locations",
    "link": "https://www.ptcbio.com/contact-us/",
    "timestamp": "unknown"
  },
  {
    "title": "Our ScienceBackSplicingInflammation & Ferroptosis",
    "link": "https://www.ptcbio.com/our-science/",
    "timestamp": "unknown"
  },
  {
    "title": "Splicing",
    "link": "https://www.ptcbio.com/our-science/splicing/",
    "timestamp": "unknown"
  },
  {
    "title": "Inflammation & Ferroptosis",
    "link": "https://www.ptcbio.com/our-science/inflammation-and-ferroptosis/",
    "timestamp": "unknown"
  },
  {
    "title": "Our Products",
    "link": "https://www.ptcbio.com/our-products/",
    "timestamp": "unknown"
  },
  {
    "title": "Therapeutic AreasBackMetabolismBackFamilial chylomicronemia syndrome (FCS)Familial partial lipodystrophy (FPL)Phenylketonuria (PKU)NeurologyBackAromat",
    "link": "https://www.ptcbio.com/therapeutic-areas/",
    "timestamp": "unknown"
  },
  {
    "title": "MetabolismBackFamilial chylomicronemia syndrome (FCS)Familial partial lipodystrophy (FPL)Phenylketonuria (PKU)",
    "link": "https://ir.ptcbio.com/financial-information/sec-filings",
    "timestamp": "unknown"
  },
  {
    "title": "Familial chylomicronemia syndrome (FCS)",
    "link": "https://www.ptcbio.com/therapeutic-areas/familial-chylomicronemia-syndrome/",
    "timestamp": "unknown"
  },
  {
    "title": "Familial partial lipodystrophy (FPL)",
    "link": "https://www.ptcbio.com/therapeutic-areas/familial-partial-lipodystrophy/",
    "timestamp": "unknown"
  },
  {
    "title": "Phenylketonuria (PKU)",
    "link": "https://www.ptcbio.com/therapeutic-areas/phenylketonuria/",
    "timestamp": "unknown"
  },
  {
    "title": "NeurologyBackAromatic l-amino acid decarboxylase (AADC) deficiencyDuchenne muscular dystrophy (DMD)Friedreich ataxia (FA)Hereditary Transthyretin Amyl",
    "link": "https://ir.ptcbio.com/financial-information/sec-filings",
    "timestamp": "unknown"
  },
  {
    "title": "Aromatic l-amino acid decarboxylase (AADC) deficiency",
    "link": "https://www.ptcbio.com/aromatic-l-amino-acid-decarboxylase-deficiency/",
    "timestamp": "unknown"
  },
  {
    "title": "Duchenne muscular dystrophy (DMD)",
    "link": "https://www.ptcbio.com/duchenne-muscular-dystrophy/",
    "timestamp": "unknown"
  },
  {
    "title": "Friedreich ataxia (FA)",
    "link": "https://www.ptcbio.com/therapeutic-areas/friedreich-ataxia/",
    "timestamp": "unknown"
  },
  {
    "title": "Hereditary Transthyretin Amyloidosis (hATTR)",
    "link": "https://www.ptcbio.com/therapeutic-areas/hereditary-transthyretin-amyloidosis/",
    "timestamp": "unknown"
  },
  {
    "title": "Huntington&#;s Disease (HD)",
    "link": "https://www.ptcbio.com/huntingtons-disease/",
    "timestamp": "unknown"
  },
  {
    "title": "Spinal muscular atrophy (SMA)",
    "link": "https://www.ptcbio.com/therapeutic-areas/spinal-muscular-atrophy/",
    "timestamp": "unknown"
  },
  {
    "title": "Careers",
    "link": "https://www.ptcbio.com/careers/",
    "timestamp": "unknown"
  },
  {
    "title": "United StatesBackStart of ColumnAmericasUnited StatesStart of ColumnEuropeAustriaGermanyIrelandItalySpainSweden (EN)SwedenSwitzerlandUnited Kingdom",
    "link": "https://www.ptcbio.com/",
    "timestamp": "unknown"
  },
  {
    "title": "Start of ColumnAmericasUnited StatesStart of ColumnEuropeAustriaGermanyIrelandItalySpainSweden (EN)SwedenSwitzerlandUnited Kingdom",
    "link": "https://www.ptcbio.com/",
    "timestamp": "unknown"
  },
  {
    "title": "Start of ColumnAmericasUnited States",
    "link": "https://www.ptcbio.com/",
    "timestamp": "unknown"
  },
  {
    "title": "AmericasUnited States",
    "link": "https://www.ptcbio.com/",
    "timestamp": "unknown"
  },
  {
    "title": "United States",
    "link": "https://www.ptcbio.com/",
    "timestamp": "unknown"
  },
  {
    "title": "Start of ColumnEuropeAustriaGermanyIrelandItalySpainSweden (EN)SwedenSwitzerlandUnited Kingdom",
    "link": "https://www.ptcbio.at/",
    "timestamp": "unknown"
  },
  {
    "title": "EuropeAustriaGermanyIrelandItalySpainSweden (EN)SwedenSwitzerlandUnited Kingdom",
    "link": "https://www.ptcbio.at/",
    "timestamp": "unknown"
  },
  {
    "title": "Austria",
    "link": "https://www.ptcbio.at/",
    "timestamp": "unknown"
  },
  {
    "title": "Germany",
    "link": "https://www.ptcbio.de/",
    "timestamp": "unknown"
  },
  {
    "title": "Ireland",
    "link": "https://www.ptcbio.ie/",
    "timestamp": "unknown"
  },
  {
    "title": "Italy",
    "link": "https://www.ptcbio.it/",
    "timestamp": "unknown"
  },
  {
    "title": "Spain",
    "link": "https://www.ptcbio.es/",
    "timestamp": "unknown"
  },
  {
    "title": "Sweden (EN)",
    "link": "https://www.ptcbio-en.se/",
    "timestamp": "unknown"
  },
  {
    "title": "Sweden",
    "link": "https://www.ptcbio.se/",
    "timestamp": "unknown"
  },
  {
    "title": "Switzerland",
    "link": "https://www.ptcbio.ch/",
    "timestamp": "unknown"
  },
  {
    "title": "United Kingdom",
    "link": "https://www.ptcbio.co.uk/",
    "timestamp": "unknown"
  },
  {
    "title": "InvestorsHealthcare ProvidersPatients & Caregivers",
    "link": "https://ir.ptcbio.com/",
    "timestamp": "unknown"
  },
  {
    "title": "Investors",
    "link": "https://ir.ptcbio.com/",
    "timestamp": "unknown"
  },
  {
    "title": "Healthcare Providers",
    "link": "https://www.ptcbio.com/healthcare-providers-resources/",
    "timestamp": "unknown"
  },
  {
    "title": "Patients & Caregivers",
    "link": "https://www.ptcbio.com/patients-caregivers-resources/",
    "timestamp": "unknown"
  },
  {
    "title": "United StatesStart of ColumnAmericasUnited StatesStart of ColumnEuropeAustriaGermanyIrelandItalySpainSweden (EN)SwedenSwitzerlandUnited KingdomInvesto",
    "link": "https://www.ptcbio.com/",
    "timestamp": "unknown"
  },
  {
    "title": "United StatesStart of ColumnAmericasUnited StatesStart of ColumnEuropeAustriaGermanyIrelandItalySpainSweden (EN)SwedenSwitzerlandUnited KingdomInvesto",
    "link": "https://www.ptcbio.com/",
    "timestamp": "unknown"
  },
  {
    "title": "United StatesStart of ColumnAmericasUnited StatesStart of ColumnEuropeAustriaGermanyIrelandItalySpainSweden (EN)SwedenSwitzerlandUnited Kingdom",
    "link": "https://www.ptcbio.com/",
    "timestamp": "unknown"
  },
  {
    "title": "United StatesStart of ColumnAmericasUnited StatesStart of ColumnEuropeAustriaGermanyIrelandItalySpainSweden (EN)SwedenSwitzerlandUnited Kingdom",
    "link": "https://www.ptcbio.com/",
    "timestamp": "unknown"
  },
  {
    "title": "Start of ColumnAmericasUnited StatesStart of ColumnEuropeAustriaGermanyIrelandItalySpainSweden (EN)SwedenSwitzerlandUnited Kingdom",
    "link": "https://www.ptcbio.com/",
    "timestamp": "unknown"
  },
  {
    "title": "Start of ColumnAmericasUnited States",
    "link": "https://www.ptcbio.com/",
    "timestamp": "unknown"
  },
  {
    "title": "AmericasUnited States",
    "link": "https://www.ptcbio.com/",
    "timestamp": "unknown"
  },
  {
    "title": "United States",
    "link": "https://www.ptcbio.com/",
    "timestamp": "unknown"
  },
  {
    "title": "Start of ColumnEuropeAustriaGermanyIrelandItalySpainSweden (EN)SwedenSwitzerlandUnited Kingdom",
    "link": "https://www.ptcbio.at/",
    "timestamp": "unknown"
  },
  {
    "title": "EuropeAustriaGermanyIrelandItalySpainSweden (EN)SwedenSwitzerlandUnited Kingdom",
    "link": "https://www.ptcbio.at/",
    "timestamp": "unknown"
  },
  {
    "title": "Austria",
    "link": "https://www.ptcbio.at/",
    "timestamp": "unknown"
  },
  {
    "title": "Germany",
    "link": "https://www.ptcbio.de/",
    "timestamp": "unknown"
  },
  {
    "title": "Ireland",
    "link": "https://www.ptcbio.ie/",
    "timestamp": "unknown"
  },
  {
    "title": "Italy",
    "link": "https://www.ptcbio.it/",
    "timestamp": "unknown"
  },
  {
    "title": "Spain",
    "link": "https://www.ptcbio.es/",
    "timestamp": "unknown"
  },
  {
    "title": "Sweden (EN)",
    "link": "https://www.ptcbio-en.se/",
    "timestamp": "unknown"
  },
  {
    "title": "Sweden",
    "link": "https://www.ptcbio.se/",
    "timestamp": "unknown"
  },
  {
    "title": "Switzerland",
    "link": "https://www.ptcbio.ch/",
    "timestamp": "unknown"
  },
  {
    "title": "United Kingdom",
    "link": "https://www.ptcbio.co.uk/",
    "timestamp": "unknown"
  },
  {
    "title": "InvestorsHealthcare ProvidersPatients & Caregivers",
    "link": "https://ir.ptcbio.com/",
    "timestamp": "unknown"
  },
  {
    "title": "Investors",
    "link": "https://ir.ptcbio.com/",
    "timestamp": "unknown"
  },
  {
    "title": "Healthcare Providers",
    "link": "https://www.ptcbio.com/healthcare-providers-resources/",
    "timestamp": "unknown"
  },
  {
    "title": "Patients & Caregivers",
    "link": "https://www.ptcbio.com/patients-caregivers-resources/",
    "timestamp": "unknown"
  },
  {
    "title": "Investors MenuInvestor RelationsOverviewPress ReleasesEvents & PresentationsGovernance / ComplianceGovernance OverviewManagementBoard of DirectorsComm",
    "link": "https://ir.ptcbio.com/",
    "timestamp": "unknown"
  },
  {
    "title": "Investors MenuInvestor RelationsOverviewPress ReleasesEvents & PresentationsGovernance / ComplianceGovernance OverviewManagementBoard of DirectorsComm",
    "link": "https://ir.ptcbio.com/",
    "timestamp": "unknown"
  },
  {
    "title": "Investors MenuInvestor RelationsOverviewPress ReleasesEvents & PresentationsGovernance / ComplianceGovernance OverviewManagementBoard of DirectorsComm",
    "link": "https://ir.ptcbio.com/",
    "timestamp": "unknown"
  },
  {
    "title": "Investors MenuInvestor RelationsOverviewPress ReleasesEvents & PresentationsGovernance / ComplianceGovernance OverviewManagementBoard of DirectorsComm",
    "link": "https://ir.ptcbio.com/",
    "timestamp": "unknown"
  },
  {
    "title": "Investors MenuInvestor RelationsOverviewPress ReleasesEvents & PresentationsGovernance / ComplianceGovernance OverviewManagementBoard of DirectorsComm",
    "link": "https://ir.ptcbio.com/",
    "timestamp": "unknown"
  },
  {
    "title": "Investors MenuInvestor RelationsOverviewPress ReleasesEvents & PresentationsGovernance / ComplianceGovernance OverviewManagementBoard of DirectorsComm",
    "link": "https://ir.ptcbio.com/",
    "timestamp": "unknown"
  },
  {
    "title": "Investors MenuInvestor RelationsOverviewPress ReleasesEvents & PresentationsGovernance / ComplianceGovernance OverviewManagementBoard of DirectorsComm",
    "link": "https://ir.ptcbio.com/",
    "timestamp": "unknown"
  },
  {
    "title": "Investor RelationsOverviewPress ReleasesEvents & PresentationsGovernance / ComplianceGovernance OverviewManagementBoard of DirectorsCommittee Composit",
    "link": "https://ir.ptcbio.com/",
    "timestamp": "unknown"
  },
  {
    "title": "Overview",
    "link": "https://ir.ptcbio.com/",
    "timestamp": "unknown"
  },
  {
    "title": "Press Releases",
    "link": "https://ir.ptcbio.com/press-releases",
    "timestamp": "unknown"
  },
  {
    "title": "Events & Presentations",
    "link": "https://ir.ptcbio.com/events-presentations",
    "timestamp": "unknown"
  },
  {
    "title": "Governance / ComplianceGovernance OverviewManagementBoard of DirectorsCommittee CompositionContact the Board",
    "link": "https://ir.ptcbio.com/governance/governance-overview",
    "timestamp": "unknown"
  },
  {
    "title": "Governance OverviewManagementBoard of DirectorsCommittee CompositionContact the Board",
    "link": "https://ir.ptcbio.com/governance/governance-overview",
    "timestamp": "unknown"
  },
  {
    "title": "Financial InformationOverviewSEC Filings",
    "link": "https://ir.ptcbio.com/financial-information",
    "timestamp": "unknown"
  },
  {
    "title": "OverviewSEC Filings",
    "link": "https://ir.ptcbio.com/financial-information",
    "timestamp": "unknown"
  },
  {
    "title": "Annual Report & ProxyAnnual ReportsProxy StatementsSustainability Reports",
    "link": "https://ir.ptcbio.com/annual-reports-and-proxy/annual-reports",
    "timestamp": "unknown"
  },
  {
    "title": "Annual ReportsProxy StatementsSustainability Reports",
    "link": "https://ir.ptcbio.com/annual-reports-and-proxy/annual-reports",
    "timestamp": "unknown"
  },
  {
    "title": "Stock InformationStock Quote & ChartHistoric Price LookupInvestment CalculatorAnalyst Coverage",
    "link": "https://ir.ptcbio.com/stock-information",
    "timestamp": "unknown"
  },
  {
    "title": "Stock Quote & ChartHistoric Price LookupInvestment CalculatorAnalyst Coverage",
    "link": "https://ir.ptcbio.com/stock-information",
    "timestamp": "unknown"
  },
  {
    "title": "Investor FAQs",
    "link": "https://ir.ptcbio.com/investor-faqs",
    "timestamp": "unknown"
  },
  {
    "title": "Contact Us",
    "link": "https://ir.ptcbio.com/contact-us",
    "timestamp": "unknown"
  },
  {
    "title": "Printed MaterialsEmail AlertsRSSPrint",
    "link": "https://ir.ptcbio.com/printed-materials",
    "timestamp": "unknown"
  },
  {
    "title": "Printed Materials",
    "link": "https://ir.ptcbio.com/printed-materials",
    "timestamp": "unknown"
  },
  {
    "title": "Email Alerts",
    "link": "https://ir.ptcbio.com/email-alerts",
    "timestamp": "unknown"
  },
  {
    "title": "RSS",
    "link": "https://ir.ptcbio.com/rss-news-feeds",
    "timestamp": "unknown"
  },
  {
    "title": "Print",
    "link": "https://ir.ptcbio.com/financial-information/sec-filings",
    "timestamp": "unknown"
  },
  {
    "title": "GroupAll,,Annual FilingsCurrent ReportsMergers & AcquisitionsOtherProxy FilingsQuarterly FilingsRegistration StatementsFiling yearAllItems per pageFil",
    "link": "https://ir.ptcbio.com/financial-information/sec-filings?items_per_page=&order=field_nir_sec_date_filed&sort=asc",
    "timestamp": "unknown"
  },
  {
    "title": "GroupAll,,Annual FilingsCurrent ReportsMergers & AcquisitionsOtherProxy FilingsQuarterly FilingsRegistration StatementsFiling yearAllItems per pageFil",
    "link": "https://ir.ptcbio.com/financial-information/sec-filings?items_per_page=&order=field_nir_sec_date_filed&sort=asc",
    "timestamp": "unknown"
  },
  {
    "title": "GroupAll,,Annual FilingsCurrent ReportsMergers & AcquisitionsOtherProxy FilingsQuarterly FilingsRegistration StatementsFiling yearAllItems per pageFil",
    "link": "https://ir.ptcbio.com/financial-information/sec-filings?items_per_page=&order=field_nir_sec_date_filed&sort=asc",
    "timestamp": "unknown"
  },
  {
    "title": "GroupAll,,Annual FilingsCurrent ReportsMergers & AcquisitionsOtherProxy FilingsQuarterly FilingsRegistration StatementsFiling yearAllItems per pageFil",
    "link": "https://ir.ptcbio.com/financial-information/sec-filings?items_per_page=&order=field_nir_sec_date_filed&sort=asc",
    "timestamp": "unknown"
  },
  {
    "title": "GroupAll,,Annual FilingsCurrent ReportsMergers & AcquisitionsOtherProxy FilingsQuarterly FilingsRegistration StatementsFiling yearAllItems per pageFil",
    "link": "https://ir.ptcbio.com/financial-information/sec-filings?items_per_page=&order=field_nir_sec_date_filed&sort=asc",
    "timestamp": "unknown"
  },
  {
    "title": "GroupAll,,Annual FilingsCurrent ReportsMergers & AcquisitionsOtherProxy FilingsQuarterly FilingsRegistration StatementsFiling yearAllItems per pageFil",
    "link": "https://ir.ptcbio.com/financial-information/sec-filings?items_per_page=&order=field_nir_sec_date_filed&sort=asc",
    "timestamp": "unknown"
  },
  {
    "title": "GroupAll,,Annual FilingsCurrent ReportsMergers & AcquisitionsOtherProxy FilingsQuarterly FilingsRegistration StatementsFiling yearAllItems per pageFil",
    "link": "https://ir.ptcbio.com/financial-information/sec-filings?items_per_page=&order=field_nir_sec_date_filed&sort=asc",
    "timestamp": "unknown"
  },
  {
    "title": "GroupAll,,Annual FilingsCurrent ReportsMergers & AcquisitionsOtherProxy FilingsQuarterly FilingsRegistration StatementsFiling yearAllItems per pageFil",
    "link": "https://ir.ptcbio.com/financial-information/sec-filings?items_per_page=&order=field_nir_sec_date_filed&sort=asc",
    "timestamp": "unknown"
  },
  {
    "title": "GroupAll,,Annual FilingsCurrent ReportsMergers & AcquisitionsOtherProxy FilingsQuarterly FilingsRegistration StatementsFiling yearAllItems per pageFil",
    "link": "https://ir.ptcbio.com/financial-information/sec-filings?items_per_page=&order=field_nir_sec_date_filed&sort=asc",
    "timestamp": "unknown"
  },
  {
    "title": "GroupAll,,Annual FilingsCurrent ReportsMergers & AcquisitionsOtherProxy FilingsQuarterly FilingsRegistration StatementsFiling yearAllItems per pageFil",
    "link": "https://ir.ptcbio.com/financial-information/sec-filings?items_per_page=&order=field_nir_sec_date_filed&sort=asc",
    "timestamp": "unknown"
  },
  {
    "title": "GroupAll,,Annual FilingsCurrent ReportsMergers & AcquisitionsOtherProxy FilingsQuarterly FilingsRegistration StatementsFiling yearAllItems per pageFil",
    "link": "https://ir.ptcbio.com/financial-information/sec-filings?items_per_page=&order=field_nir_sec_date_filed&sort=asc",
    "timestamp": "unknown"
  },
  {
    "title": "GroupAll,,Annual FilingsCurrent ReportsMergers & AcquisitionsOtherProxy FilingsQuarterly FilingsRegistration StatementsFiling yearAllItems per pageFil",
    "link": "https://ir.ptcbio.com/financial-information/sec-filings?items_per_page=&order=field_nir_sec_date_filed&sort=asc",
    "timestamp": "unknown"
  },
  {
    "title": "GroupAll,,Annual FilingsCurrent ReportsMergers & AcquisitionsOtherProxy FilingsQuarterly FilingsRegistration StatementsFiling yearAllItems per pageFil",
    "link": "https://ir.ptcbio.com/financial-information/sec-filings?items_per_page=&order=field_nir_sec_date_filed&sort=asc",
    "timestamp": "unknown"
  },
  {
    "title": "GroupAll,,Annual FilingsCurrent ReportsMergers & AcquisitionsOtherProxy FilingsQuarterly FilingsRegistration StatementsFiling yearAllItems per pageFil",
    "link": "https://ir.ptcbio.com/financial-information/sec-filings?items_per_page=&order=field_nir_sec_date_filed&sort=asc",
    "timestamp": "unknown"
  },
  {
    "title": "GroupAll,,Annual FilingsCurrent ReportsMergers & AcquisitionsOtherProxy FilingsQuarterly FilingsRegistration StatementsFiling yearAllItems per pageFil",
    "link": "https://ir.ptcbio.com/financial-information/sec-filings?items_per_page=&order=field_nir_sec_date_filed&sort=asc",
    "timestamp": "unknown"
  },
  {
    "title": "GroupAll,,Annual FilingsCurrent ReportsMergers & AcquisitionsOtherProxy FilingsQuarterly FilingsRegistration StatementsFiling yearAllItems per pageFil",
    "link": "https://ir.ptcbio.com/financial-information/sec-filings?items_per_page=&order=field_nir_sec_date_filed&sort=asc",
    "timestamp": "unknown"
  },
  {
    "title": "GroupAll,,Annual FilingsCurrent ReportsMergers & AcquisitionsOtherProxy FilingsQuarterly FilingsRegistration StatementsFiling yearAllItems per pageFil",
    "link": "https://ir.ptcbio.com/financial-information/sec-filings?items_per_page=&order=field_nir_sec_date_filed&sort=asc",
    "timestamp": "unknown"
  },
  {
    "title": "Filing DateDescriptionFormViewDec ,Filed by \"insiders\" prior intended sale of restricted stock.View HTML--.pdfNov ,Statement of changes in beneficial ",
    "link": "https://ir.ptcbio.com/financial-information/sec-filings?items_per_page=&order=field_nir_sec_date_filed&sort=asc",
    "timestamp": "unknown"
  },
  {
    "title": "Filing DateDescriptionFormView",
    "link": "https://ir.ptcbio.com/financial-information/sec-filings?items_per_page=&order=field_nir_sec_date_filed&sort=asc",
    "timestamp": "unknown"
  },
  {
    "title": "Dec ,Filed by \"insiders\" prior intended sale of restricted stock.View HTML--.pdf",
    "link": "https://ir.ptcbio.com/sec-filings/sec-filing//--",
    "timestamp": "unknown"
  },
  {
    "title": "View HTML--.pdf",
    "link": "https://ir.ptcbio.com/node//html",
    "timestamp": "unknown"
  },
  {
    "title": "--.pdf",
    "link": "https://ir.ptcbio.com/static-files/1aa96384-3e5e-4a96-94b2-1acaba9a882d",
    "timestamp": "unknown"
  },
  {
    "title": "Nov ,Statement of changes in beneficial ownership of securitiesView HTML--.pdf--.xls",
    "link": "https://ir.ptcbio.com/sec-filings/sec-filing//--",
    "timestamp": "unknown"
  },
  {
    "title": "View HTML--.pdf--.xls",
    "link": "https://ir.ptcbio.com/node//html",
    "timestamp": "unknown"
  },
  {
    "title": "--.pdf",
    "link": "https://ir.ptcbio.com/static-files/6d29fbbc--43a1-865b-6e890415c19c",
    "timestamp": "unknown"
  },
  {
    "title": "--.xls",
    "link": "https://ir.ptcbio.com/static-files/8491ec30---a5a2-714a13b8e7ff",
    "timestamp": "unknown"
  },
  {
    "title": "Nov ,Statement of changes in beneficial ownership of securitiesView HTML--.pdf--.xls",
    "link": "https://ir.ptcbio.com/sec-filings/sec-filing//--",
    "timestamp": "unknown"
  },
  {
    "title": "View HTML--.pdf--.xls",
    "link": "https://ir.ptcbio.com/node//html",
    "timestamp": "unknown"
  },
  {
    "title": "--.pdf",
    "link": "https://ir.ptcbio.com/static-files/0fb07ecf-e149-4c3f-b744-f96c962d6176",
    "timestamp": "unknown"
  },
  {
    "title": "--.xls",
    "link": "https://ir.ptcbio.com/static-files/8731cc3a-ccc7--8cd5-01106aa547c6",
    "timestamp": "unknown"
  },
  {
    "title": "Nov ,Statement of changes in beneficial ownership of securitiesView HTML--.pdf--.xls",
    "link": "https://ir.ptcbio.com/sec-filings/sec-filing//--",
    "timestamp": "unknown"
  },
  {
    "title": "View HTML--.pdf--.xls",
    "link": "https://ir.ptcbio.com/node//html",
    "timestamp": "unknown"
  },
  {
    "title": "--.pdf",
    "link": "https://ir.ptcbio.com/static-files/88275b42-ff93-4ad6-b177-d29ac7bc1b66",
    "timestamp": "unknown"
  },
  {
    "title": "--.xls",
    "link": "https://ir.ptcbio.com/static-files/9596c0fa--4e6f--467d4aa9b2c7",
    "timestamp": "unknown"
  },
  {
    "title": "Nov ,Filed by \"insiders\" prior intended sale of restricted stock.View HTML--.pdf--.xls",
    "link": "https://ir.ptcbio.com/sec-filings/sec-filing//--",
    "timestamp": "unknown"
  },
  {
    "title": "View HTML--.pdf--.xls",
    "link": "https://ir.ptcbio.com/node//html",
    "timestamp": "unknown"
  },
  {
    "title": "--.pdf",
    "link": "https://ir.ptcbio.com/static-files/4fdba4f0-71f0-41a1-91b3-d0076427f8d3",
    "timestamp": "unknown"
  },
  {
    "title": "--.xls",
    "link": "https://ir.ptcbio.com/static-files/-608f-4a80-9a2c-cef50c802884",
    "timestamp": "unknown"
  },
  {
    "title": "Nov ,Filed by \"insiders\" prior intended sale of restricted stock.View HTML--.pdf--.xls",
    "link": "https://ir.ptcbio.com/sec-filings/sec-filing//--",
    "timestamp": "unknown"
  },
  {
    "title": "View HTML--.pdf--.xls",
    "link": "https://ir.ptcbio.com/node//html",
    "timestamp": "unknown"
  },
  {
    "title": "--.pdf",
    "link": "https://ir.ptcbio.com/static-files/d20ce607-22b9-46ae-8c7d-a4513064627b",
    "timestamp": "unknown"
  },
  {
    "title": "--.xls",
    "link": "https://ir.ptcbio.com/static-files/6f92963a-043b-4a64-a07b-6bfa8dc23fca",
    "timestamp": "unknown"
  },
  {
    "title": "Nov ,Statement of changes in beneficial ownership of securitiesView HTML--.pdf--.xls",
    "link": "https://ir.ptcbio.com/sec-filings/sec-filing//--",
    "timestamp": "unknown"
  },
  {
    "title": "View HTML--.pdf--.xls",
    "link": "https://ir.ptcbio.com/node//html",
    "timestamp": "unknown"
  },
  {
    "title": "--.pdf",
    "link": "https://ir.ptcbio.com/static-files/dfd4b6d5--454b-8ef1-ba3daa4735cc",
    "timestamp": "unknown"
  },
  {
    "title": "--.xls",
    "link": "https://ir.ptcbio.com/static-files/759acb76-0bc2-43ae-ba09-7892e471246e",
    "timestamp": "unknown"
  },
  {
    "title": "Nov ,Filed by \"insiders\" prior intended sale of restricted stock.View HTML--.pdf--.xls",
    "link": "https://ir.ptcbio.com/sec-filings/sec-filing//--",
    "timestamp": "unknown"
  },
  {
    "title": "View HTML--.pdf--.xls",
    "link": "https://ir.ptcbio.com/node//html",
    "timestamp": "unknown"
  },
  {
    "title": "--.pdf",
    "link": "https://ir.ptcbio.com/static-files/8e1fa0a3-a8ad--9a14-c0f0e82267a1",
    "timestamp": "unknown"
  },
  {
    "title": "--.xls",
    "link": "https://ir.ptcbio.com/static-files/f8be3e64-557f--bb7c-cc69c11bf705",
    "timestamp": "unknown"
  },
  {
    "title": "Nov ,Filed by \"insiders\" prior intended sale of restricted stock.View HTML--.pdf--.xls",
    "link": "https://ir.ptcbio.com/sec-filings/sec-filing//--",
    "timestamp": "unknown"
  },
  {
    "title": "View HTML--.pdf--.xls",
    "link": "https://ir.ptcbio.com/node//html",
    "timestamp": "unknown"
  },
  {
    "title": "--.pdf",
    "link": "https://ir.ptcbio.com/static-files/fa9e0c46-8cea-4d9d-bf16-d09dc083f5fb",
    "timestamp": "unknown"
  },
  {
    "title": "--.xls",
    "link": "https://ir.ptcbio.com/static-files/f50abd39-126b-4ddf-8a40-fd1166769fc5",
    "timestamp": "unknown"
  },
  {
    "title": "Nov ,Filed by \"insiders\" prior intended sale of restricted stock.View HTML--.pdf--.xls",
    "link": "https://ir.ptcbio.com/sec-filings/sec-filing//--",
    "timestamp": "unknown"
  },
  {
    "title": "View HTML--.pdf--.xls",
    "link": "https://ir.ptcbio.com/node//html",
    "timestamp": "unknown"
  },
  {
    "title": "--.pdf",
    "link": "https://ir.ptcbio.com/static-files/c4a397a3-6ba8---006e14a8d17e",
    "timestamp": "unknown"
  },
  {
    "title": "--.xls",
    "link": "https://ir.ptcbio.com/static-files/ad3c201a-44d4--87c2-24160e15b084",
    "timestamp": "unknown"
  },
  {
    "title": "PaginationCurrent pagePagePage\u2026Next page\u203aLast page\u00bb",
    "link": "https://ir.ptcbio.com/financial-information/sec-filings?&field_nir_sec_cik_target_id=&field_nir_sec_date_filed_value=&&&items_per_page_toggle=&page=",
    "timestamp": "unknown"
  },
  {
    "title": "PaginationCurrent pagePagePage\u2026Next page\u203aLast page\u00bb",
    "link": "https://ir.ptcbio.com/financial-information/sec-filings?&field_nir_sec_cik_target_id=&field_nir_sec_date_filed_value=&&&items_per_page_toggle=&page=",
    "timestamp": "unknown"
  },
  {
    "title": "Current page",
    "link": "https://ir.ptcbio.com/financial-information/sec-filings?&field_nir_sec_cik_target_id=&field_nir_sec_date_filed_value=&&&items_per_page_toggle=&page=",
    "timestamp": "unknown"
  },
  {
    "title": "Page",
    "link": "https://ir.ptcbio.com/financial-information/sec-filings?&field_nir_sec_cik_target_id=&field_nir_sec_date_filed_value=&&&items_per_page_toggle=&page=",
    "timestamp": "unknown"
  },
  {
    "title": "Page",
    "link": "https://ir.ptcbio.com/financial-information/sec-filings?&field_nir_sec_cik_target_id=&field_nir_sec_date_filed_value=&&&items_per_page_toggle=&page=",
    "timestamp": "unknown"
  },
  {
    "title": "Next page\u203a",
    "link": "https://ir.ptcbio.com/financial-information/sec-filings?&field_nir_sec_cik_target_id=&field_nir_sec_date_filed_value=&&&items_per_page_toggle=&page=",
    "timestamp": "unknown"
  },
  {
    "title": "Last page\u00bb",
    "link": "https://ir.ptcbio.com/financial-information/sec-filings?&field_nir_sec_cik_target_id=&field_nir_sec_date_filed_value=&&&items_per_page_toggle=&page=",
    "timestamp": "unknown"
  },
  {
    "title": "Data provided byKaleidoscope.",
    "link": "https://www.kscope.io",
    "timestamp": "unknown"
  },
  {
    "title": "Data provided byKaleidoscope.",
    "link": "https://www.kscope.io",
    "timestamp": "unknown"
  },
  {
    "title": "Printed MaterialsEmail AlertsRSSPrint",
    "link": "https://ir.ptcbio.com/printed-materials",
    "timestamp": "unknown"
  },
  {
    "title": "Printed Materials",
    "link": "https://ir.ptcbio.com/printed-materials",
    "timestamp": "unknown"
  },
  {
    "title": "Email Alerts",
    "link": "https://ir.ptcbio.com/email-alerts",
    "timestamp": "unknown"
  },
  {
    "title": "RSS",
    "link": "https://ir.ptcbio.com/rss-news-feeds",
    "timestamp": "unknown"
  },
  {
    "title": "Print",
    "link": "https://ir.ptcbio.com/financial-information/sec-filings",
    "timestamp": "unknown"
  },
  {
    "title": "Get to know PTCLeadership TeamOur ResponsibilityGrants and DonationsPTC NewsroomGlobal ComplianceFor PatientsPTC CaresInsightful MomentsRare JourneysP",
    "link": "https://www.ptcbio.com/",
    "timestamp": "unknown"
  },
  {
    "title": "Get to know PTCLeadership TeamOur ResponsibilityGrants and DonationsPTC NewsroomGlobal Compliance",
    "link": "https://www.ptcbio.com/about-ptc/leadership/",
    "timestamp": "unknown"
  },
  {
    "title": "Leadership Team",
    "link": "https://www.ptcbio.com/about-ptc/leadership/",
    "timestamp": "unknown"
  },
  {
    "title": "Our Responsibility",
    "link": "https://www.ptcbio.com/about-ptc/our-responsibility/",
    "timestamp": "unknown"
  },
  {
    "title": "Grants and Donations",
    "link": "https://www.ptcbio.com/grants-and-donations/",
    "timestamp": "unknown"
  },
  {
    "title": "PTC Newsroom",
    "link": "https://www.ptcbio.com/newsroom/",
    "timestamp": "unknown"
  },
  {
    "title": "Global Compliance",
    "link": "https://www.ptcbio.com/global-compliance-program/",
    "timestamp": "unknown"
  },
  {
    "title": "For PatientsPTC CaresInsightful MomentsRare JourneysPatient & Caregiver Resources",
    "link": "https://ptccares.com/",
    "timestamp": "unknown"
  },
  {
    "title": "PTC Cares",
    "link": "https://ptccares.com/",
    "timestamp": "unknown"
  },
  {
    "title": "Insightful Moments",
    "link": "https://www.ptcbio.com/insightful-moments/",
    "timestamp": "unknown"
  },
  {
    "title": "Rare Journeys",
    "link": "https://www.ptcbio.com/rare-journeys/",
    "timestamp": "unknown"
  },
  {
    "title": "Patient & Caregiver Resources",
    "link": "https://www.ptcbio.com/patients-caregivers-resources/",
    "timestamp": "unknown"
  },
  {
    "title": "Clinical TrialsCareersOur ProductsInvestor Relations",
    "link": "https://clinicaltrials.ptcbio.com",
    "timestamp": "unknown"
  },
  {
    "title": "Clinical Trials",
    "link": "https://clinicaltrials.ptcbio.com",
    "timestamp": "unknown"
  },
  {
    "title": "Careers",
    "link": "https://www.ptcbio.com/careers/",
    "timestamp": "unknown"
  },
  {
    "title": "Our Products",
    "link": "https://www.ptcbio.com/our-products/",
    "timestamp": "unknown"
  },
  {
    "title": "Investor Relations",
    "link": "https://ir.ptcbio.com/",
    "timestamp": "unknown"
  },
  {
    "title": "Have Questions?Contact UsFollow Us On:",
    "link": "https://www.ptcbio.com/contact-us/",
    "timestamp": "unknown"
  },
  {
    "title": "Contact Us",
    "link": "https://www.ptcbio.com/contact-us/",
    "timestamp": "unknown"
  }
]