[
  {
    "title": "Search:SubmitAbout PTCBackLeadershipOur ResponsibilityGlobal Compliance ProgramGrants and DonationsLocationsOur ScienceBackSplicingInflammation & Ferr",
    "link": "https://www.ptcbio.com/about-ptc/",
    "timestamp": "unknown"
  },
  {
    "title": "About PTCBackLeadershipOur ResponsibilityGlobal Compliance ProgramGrants and DonationsLocations",
    "link": "https://www.ptcbio.com/about-ptc/",
    "timestamp": "unknown"
  },
  {
    "title": "Leadership",
    "link": "https://www.ptcbio.com/about-ptc/leadership/",
    "timestamp": "unknown"
  },
  {
    "title": "Our Responsibility",
    "link": "https://www.ptcbio.com/about-ptc/our-responsibility/",
    "timestamp": "unknown"
  },
  {
    "title": "Global Compliance Program",
    "link": "https://www.ptcbio.com/global-compliance-program/",
    "timestamp": "unknown"
  },
  {
    "title": "Grants and Donations",
    "link": "https://www.ptcbio.com/grants-and-donations/",
    "timestamp": "unknown"
  },
  {
    "title": "Locations",
    "link": "https://www.ptcbio.com/contact-us/",
    "timestamp": "unknown"
  },
  {
    "title": "Our ScienceBackSplicingInflammation & Ferroptosis",
    "link": "https://www.ptcbio.com/our-science/",
    "timestamp": "unknown"
  },
  {
    "title": "Splicing",
    "link": "https://www.ptcbio.com/our-science/splicing/",
    "timestamp": "unknown"
  },
  {
    "title": "Inflammation & Ferroptosis",
    "link": "https://www.ptcbio.com/our-science/inflammation-and-ferroptosis/",
    "timestamp": "unknown"
  },
  {
    "title": "Our Products",
    "link": "https://www.ptcbio.com/our-products/",
    "timestamp": "unknown"
  },
  {
    "title": "Therapeutic AreasBackMetabolismBackFamilial chylomicronemia syndrome (FCS)Familial partial lipodystrophy (FPL)Phenylketonuria (PKU)NeurologyBackAromat",
    "link": "https://www.ptcbio.com/therapeutic-areas/",
    "timestamp": "unknown"
  },
  {
    "title": "MetabolismBackFamilial chylomicronemia syndrome (FCS)Familial partial lipodystrophy (FPL)Phenylketonuria (PKU)",
    "link": "https://ir.ptcbio.com/financial-information/sec-filings",
    "timestamp": "unknown"
  },
  {
    "title": "Familial chylomicronemia syndrome (FCS)",
    "link": "https://www.ptcbio.com/therapeutic-areas/familial-chylomicronemia-syndrome/",
    "timestamp": "unknown"
  },
  {
    "title": "Familial partial lipodystrophy (FPL)",
    "link": "https://www.ptcbio.com/therapeutic-areas/familial-partial-lipodystrophy/",
    "timestamp": "unknown"
  },
  {
    "title": "Phenylketonuria (PKU)",
    "link": "https://www.ptcbio.com/therapeutic-areas/phenylketonuria/",
    "timestamp": "unknown"
  },
  {
    "title": "NeurologyBackAromatic l-amino acid decarboxylase (AADC) deficiencyDuchenne muscular dystrophy (DMD)Friedreich ataxia (FA)Hereditary Transthyretin Amyl",
    "link": "https://ir.ptcbio.com/financial-information/sec-filings",
    "timestamp": "unknown"
  },
  {
    "title": "Aromatic l-amino acid decarboxylase (AADC) deficiency",
    "link": "https://www.ptcbio.com/aromatic-l-amino-acid-decarboxylase-deficiency/",
    "timestamp": "unknown"
  },
  {
    "title": "Duchenne muscular dystrophy (DMD)",
    "link": "https://www.ptcbio.com/duchenne-muscular-dystrophy/",
    "timestamp": "unknown"
  },
  {
    "title": "Friedreich ataxia (FA)",
    "link": "https://www.ptcbio.com/therapeutic-areas/friedreich-ataxia/",
    "timestamp": "unknown"
  },
  {
    "title": "Hereditary Transthyretin Amyloidosis (hATTR)",
    "link": "https://www.ptcbio.com/therapeutic-areas/hereditary-transthyretin-amyloidosis/",
    "timestamp": "unknown"
  },
  {
    "title": "Huntington&#;s Disease (HD)",
    "link": "https://www.ptcbio.com/huntingtons-disease/",
    "timestamp": "unknown"
  },
  {
    "title": "Spinal muscular atrophy (SMA)",
    "link": "https://www.ptcbio.com/therapeutic-areas/spinal-muscular-atrophy/",
    "timestamp": "unknown"
  },
  {
    "title": "Careers",
    "link": "https://www.ptcbio.com/careers/",
    "timestamp": "unknown"
  },
  {
    "title": "United StatesBackStart of ColumnAmericasUnited StatesStart of ColumnEuropeAustriaGermanyIrelandItalySpainSweden (EN)SwedenSwitzerlandUnited Kingdom",
    "link": "https://www.ptcbio.com/",
    "timestamp": "unknown"
  },
  {
    "title": "Start of ColumnAmericasUnited StatesStart of ColumnEuropeAustriaGermanyIrelandItalySpainSweden (EN)SwedenSwitzerlandUnited Kingdom",
    "link": "https://www.ptcbio.com/",
    "timestamp": "unknown"
  },
  {
    "title": "Start of ColumnAmericasUnited States",
    "link": "https://www.ptcbio.com/",
    "timestamp": "unknown"
  },
  {
    "title": "AmericasUnited States",
    "link": "https://www.ptcbio.com/",
    "timestamp": "unknown"
  },
  {
    "title": "United States",
    "link": "https://www.ptcbio.com/",
    "timestamp": "unknown"
  },
  {
    "title": "Start of ColumnEuropeAustriaGermanyIrelandItalySpainSweden (EN)SwedenSwitzerlandUnited Kingdom",
    "link": "https://www.ptcbio.at/",
    "timestamp": "unknown"
  },
  {
    "title": "EuropeAustriaGermanyIrelandItalySpainSweden (EN)SwedenSwitzerlandUnited Kingdom",
    "link": "https://www.ptcbio.at/",
    "timestamp": "unknown"
  },
  {
    "title": "Austria",
    "link": "https://www.ptcbio.at/",
    "timestamp": "unknown"
  },
  {
    "title": "Germany",
    "link": "https://www.ptcbio.de/",
    "timestamp": "unknown"
  },
  {
    "title": "Ireland",
    "link": "https://www.ptcbio.ie/",
    "timestamp": "unknown"
  },
  {
    "title": "Italy",
    "link": "https://www.ptcbio.it/",
    "timestamp": "unknown"
  },
  {
    "title": "Spain",
    "link": "https://www.ptcbio.es/",
    "timestamp": "unknown"
  },
  {
    "title": "Sweden (EN)",
    "link": "https://www.ptcbio-en.se/",
    "timestamp": "unknown"
  },
  {
    "title": "Sweden",
    "link": "https://www.ptcbio.se/",
    "timestamp": "unknown"
  },
  {
    "title": "Switzerland",
    "link": "https://www.ptcbio.ch/",
    "timestamp": "unknown"
  },
  {
    "title": "United Kingdom",
    "link": "https://www.ptcbio.co.uk/",
    "timestamp": "unknown"
  },
  {
    "title": "InvestorsHealthcare ProvidersPatients & Caregivers",
    "link": "https://ir.ptcbio.com/",
    "timestamp": "unknown"
  },
  {
    "title": "Investors",
    "link": "https://ir.ptcbio.com/",
    "timestamp": "unknown"
  },
  {
    "title": "Healthcare Providers",
    "link": "https://www.ptcbio.com/healthcare-providers-resources/",
    "timestamp": "unknown"
  },
  {
    "title": "Patients & Caregivers",
    "link": "https://www.ptcbio.com/patients-caregivers-resources/",
    "timestamp": "unknown"
  },
  {
    "title": "United StatesStart of ColumnAmericasUnited StatesStart of ColumnEuropeAustriaGermanyIrelandItalySpainSweden (EN)SwedenSwitzerlandUnited KingdomInvesto",
    "link": "https://www.ptcbio.com/",
    "timestamp": "unknown"
  },
  {
    "title": "United StatesStart of ColumnAmericasUnited StatesStart of ColumnEuropeAustriaGermanyIrelandItalySpainSweden (EN)SwedenSwitzerlandUnited KingdomInvesto",
    "link": "https://www.ptcbio.com/",
    "timestamp": "unknown"
  },
  {
    "title": "United StatesStart of ColumnAmericasUnited StatesStart of ColumnEuropeAustriaGermanyIrelandItalySpainSweden (EN)SwedenSwitzerlandUnited Kingdom",
    "link": "https://www.ptcbio.com/",
    "timestamp": "unknown"
  },
  {
    "title": "United StatesStart of ColumnAmericasUnited StatesStart of ColumnEuropeAustriaGermanyIrelandItalySpainSweden (EN)SwedenSwitzerlandUnited Kingdom",
    "link": "https://www.ptcbio.com/",
    "timestamp": "unknown"
  },
  {
    "title": "Start of ColumnAmericasUnited StatesStart of ColumnEuropeAustriaGermanyIrelandItalySpainSweden (EN)SwedenSwitzerlandUnited Kingdom",
    "link": "https://www.ptcbio.com/",
    "timestamp": "unknown"
  },
  {
    "title": "Start of ColumnAmericasUnited States",
    "link": "https://www.ptcbio.com/",
    "timestamp": "unknown"
  },
  {
    "title": "AmericasUnited States",
    "link": "https://www.ptcbio.com/",
    "timestamp": "unknown"
  },
  {
    "title": "United States",
    "link": "https://www.ptcbio.com/",
    "timestamp": "unknown"
  },
  {
    "title": "Start of ColumnEuropeAustriaGermanyIrelandItalySpainSweden (EN)SwedenSwitzerlandUnited Kingdom",
    "link": "https://www.ptcbio.at/",
    "timestamp": "unknown"
  },
  {
    "title": "EuropeAustriaGermanyIrelandItalySpainSweden (EN)SwedenSwitzerlandUnited Kingdom",
    "link": "https://www.ptcbio.at/",
    "timestamp": "unknown"
  },
  {
    "title": "Austria",
    "link": "https://www.ptcbio.at/",
    "timestamp": "unknown"
  },
  {
    "title": "Germany",
    "link": "https://www.ptcbio.de/",
    "timestamp": "unknown"
  },
  {
    "title": "Ireland",
    "link": "https://www.ptcbio.ie/",
    "timestamp": "unknown"
  },
  {
    "title": "Italy",
    "link": "https://www.ptcbio.it/",
    "timestamp": "unknown"
  },
  {
    "title": "Spain",
    "link": "https://www.ptcbio.es/",
    "timestamp": "unknown"
  },
  {
    "title": "Sweden (EN)",
    "link": "https://www.ptcbio-en.se/",
    "timestamp": "unknown"
  },
  {
    "title": "Sweden",
    "link": "https://www.ptcbio.se/",
    "timestamp": "unknown"
  },
  {
    "title": "Switzerland",
    "link": "https://www.ptcbio.ch/",
    "timestamp": "unknown"
  },
  {
    "title": "United Kingdom",
    "link": "https://www.ptcbio.co.uk/",
    "timestamp": "unknown"
  },
  {
    "title": "InvestorsHealthcare ProvidersPatients & Caregivers",
    "link": "https://ir.ptcbio.com/",
    "timestamp": "unknown"
  },
  {
    "title": "Investors",
    "link": "https://ir.ptcbio.com/",
    "timestamp": "unknown"
  },
  {
    "title": "Healthcare Providers",
    "link": "https://www.ptcbio.com/healthcare-providers-resources/",
    "timestamp": "unknown"
  },
  {
    "title": "Patients & Caregivers",
    "link": "https://www.ptcbio.com/patients-caregivers-resources/",
    "timestamp": "unknown"
  },
  {
    "title": "Investors MenuInvestor RelationsOverviewPress ReleasesEvents & PresentationsGovernance / ComplianceGovernance OverviewManagementBoard of DirectorsComm",
    "link": "https://ir.ptcbio.com/",
    "timestamp": "unknown"
  },
  {
    "title": "Investors MenuInvestor RelationsOverviewPress ReleasesEvents & PresentationsGovernance / ComplianceGovernance OverviewManagementBoard of DirectorsComm",
    "link": "https://ir.ptcbio.com/",
    "timestamp": "unknown"
  },
  {
    "title": "Investors MenuInvestor RelationsOverviewPress ReleasesEvents & PresentationsGovernance / ComplianceGovernance OverviewManagementBoard of DirectorsComm",
    "link": "https://ir.ptcbio.com/",
    "timestamp": "unknown"
  },
  {
    "title": "Investors MenuInvestor RelationsOverviewPress ReleasesEvents & PresentationsGovernance / ComplianceGovernance OverviewManagementBoard of DirectorsComm",
    "link": "https://ir.ptcbio.com/",
    "timestamp": "unknown"
  },
  {
    "title": "Investors MenuInvestor RelationsOverviewPress ReleasesEvents & PresentationsGovernance / ComplianceGovernance OverviewManagementBoard of DirectorsComm",
    "link": "https://ir.ptcbio.com/",
    "timestamp": "unknown"
  },
  {
    "title": "Investors MenuInvestor RelationsOverviewPress ReleasesEvents & PresentationsGovernance / ComplianceGovernance OverviewManagementBoard of DirectorsComm",
    "link": "https://ir.ptcbio.com/",
    "timestamp": "unknown"
  },
  {
    "title": "Investors MenuInvestor RelationsOverviewPress ReleasesEvents & PresentationsGovernance / ComplianceGovernance OverviewManagementBoard of DirectorsComm",
    "link": "https://ir.ptcbio.com/",
    "timestamp": "unknown"
  },
  {
    "title": "Investor RelationsOverviewPress ReleasesEvents & PresentationsGovernance / ComplianceGovernance OverviewManagementBoard of DirectorsCommittee Composit",
    "link": "https://ir.ptcbio.com/",
    "timestamp": "unknown"
  },
  {
    "title": "Overview",
    "link": "https://ir.ptcbio.com/",
    "timestamp": "unknown"
  },
  {
    "title": "Press Releases",
    "link": "https://ir.ptcbio.com/press-releases",
    "timestamp": "unknown"
  },
  {
    "title": "Events & Presentations",
    "link": "https://ir.ptcbio.com/events-presentations",
    "timestamp": "unknown"
  },
  {
    "title": "Governance / ComplianceGovernance OverviewManagementBoard of DirectorsCommittee CompositionContact the Board",
    "link": "https://ir.ptcbio.com/governance/governance-overview",
    "timestamp": "unknown"
  },
  {
    "title": "Governance OverviewManagementBoard of DirectorsCommittee CompositionContact the Board",
    "link": "https://ir.ptcbio.com/governance/governance-overview",
    "timestamp": "unknown"
  },
  {
    "title": "Financial InformationOverviewSEC Filings",
    "link": "https://ir.ptcbio.com/financial-information",
    "timestamp": "unknown"
  },
  {
    "title": "OverviewSEC Filings",
    "link": "https://ir.ptcbio.com/financial-information",
    "timestamp": "unknown"
  },
  {
    "title": "Annual Report & ProxyAnnual ReportsProxy StatementsSustainability Reports",
    "link": "https://ir.ptcbio.com/annual-reports-and-proxy/annual-reports",
    "timestamp": "unknown"
  },
  {
    "title": "Annual ReportsProxy StatementsSustainability Reports",
    "link": "https://ir.ptcbio.com/annual-reports-and-proxy/annual-reports",
    "timestamp": "unknown"
  },
  {
    "title": "Stock InformationStock Quote & ChartHistoric Price LookupInvestment CalculatorAnalyst Coverage",
    "link": "https://ir.ptcbio.com/stock-information",
    "timestamp": "unknown"
  },
  {
    "title": "Stock Quote & ChartHistoric Price LookupInvestment CalculatorAnalyst Coverage",
    "link": "https://ir.ptcbio.com/stock-information",
    "timestamp": "unknown"
  },
  {
    "title": "Investor FAQs",
    "link": "https://ir.ptcbio.com/investor-faqs",
    "timestamp": "unknown"
  },
  {
    "title": "Contact Us",
    "link": "https://ir.ptcbio.com/contact-us",
    "timestamp": "unknown"
  },
  {
    "title": "Printed MaterialsEmail AlertsRSSPrint",
    "link": "https://ir.ptcbio.com/printed-materials",
    "timestamp": "unknown"
  },
  {
    "title": "Printed Materials",
    "link": "https://ir.ptcbio.com/printed-materials",
    "timestamp": "unknown"
  },
  {
    "title": "Email Alerts",
    "link": "https://ir.ptcbio.com/email-alerts",
    "timestamp": "unknown"
  },
  {
    "title": "RSS",
    "link": "https://ir.ptcbio.com/rss-news-feeds",
    "timestamp": "unknown"
  },
  {
    "title": "Print",
    "link": "https://ir.ptcbio.com/financial-information/sec-filings",
    "timestamp": "unknown"
  },
  {
    "title": "GroupAll,,Annual FilingsCurrent ReportsMergers & AcquisitionsOtherProxy FilingsQuarterly FilingsRegistration StatementsFiling yearAllItems per pageFil",
    "link": "https://ir.ptcbio.com/financial-information/sec-filings?items_per_page=&order=field_nir_sec_date_filed&sort=asc",
    "timestamp": "unknown"
  },
  {
    "title": "GroupAll,,Annual FilingsCurrent ReportsMergers & AcquisitionsOtherProxy FilingsQuarterly FilingsRegistration StatementsFiling yearAllItems per pageFil",
    "link": "https://ir.ptcbio.com/financial-information/sec-filings?items_per_page=&order=field_nir_sec_date_filed&sort=asc",
    "timestamp": "unknown"
  },
  {
    "title": "GroupAll,,Annual FilingsCurrent ReportsMergers & AcquisitionsOtherProxy FilingsQuarterly FilingsRegistration StatementsFiling yearAllItems per pageFil",
    "link": "https://ir.ptcbio.com/financial-information/sec-filings?items_per_page=&order=field_nir_sec_date_filed&sort=asc",
    "timestamp": "unknown"
  },
  {
    "title": "GroupAll,,Annual FilingsCurrent ReportsMergers & AcquisitionsOtherProxy FilingsQuarterly FilingsRegistration StatementsFiling yearAllItems per pageFil",
    "link": "https://ir.ptcbio.com/financial-information/sec-filings?items_per_page=&order=field_nir_sec_date_filed&sort=asc",
    "timestamp": "unknown"
  },
  {
    "title": "GroupAll,,Annual FilingsCurrent ReportsMergers & AcquisitionsOtherProxy FilingsQuarterly FilingsRegistration StatementsFiling yearAllItems per pageFil",
    "link": "https://ir.ptcbio.com/financial-information/sec-filings?items_per_page=&order=field_nir_sec_date_filed&sort=asc",
    "timestamp": "unknown"
  },
  {
    "title": "GroupAll,,Annual FilingsCurrent ReportsMergers & AcquisitionsOtherProxy FilingsQuarterly FilingsRegistration StatementsFiling yearAllItems per pageFil",
    "link": "https://ir.ptcbio.com/financial-information/sec-filings?items_per_page=&order=field_nir_sec_date_filed&sort=asc",
    "timestamp": "unknown"
  },
  {
    "title": "GroupAll,,Annual FilingsCurrent ReportsMergers & AcquisitionsOtherProxy FilingsQuarterly FilingsRegistration StatementsFiling yearAllItems per pageFil",
    "link": "https://ir.ptcbio.com/financial-information/sec-filings?items_per_page=&order=field_nir_sec_date_filed&sort=asc",
    "timestamp": "unknown"
  },
  {
    "title": "GroupAll,,Annual FilingsCurrent ReportsMergers & AcquisitionsOtherProxy FilingsQuarterly FilingsRegistration StatementsFiling yearAllItems per pageFil",
    "link": "https://ir.ptcbio.com/financial-information/sec-filings?items_per_page=&order=field_nir_sec_date_filed&sort=asc",
    "timestamp": "unknown"
  },
  {
    "title": "GroupAll,,Annual FilingsCurrent ReportsMergers & AcquisitionsOtherProxy FilingsQuarterly FilingsRegistration StatementsFiling yearAllItems per pageFil",
    "link": "https://ir.ptcbio.com/financial-information/sec-filings?items_per_page=&order=field_nir_sec_date_filed&sort=asc",
    "timestamp": "unknown"
  },
  {
    "title": "GroupAll,,Annual FilingsCurrent ReportsMergers & AcquisitionsOtherProxy FilingsQuarterly FilingsRegistration StatementsFiling yearAllItems per pageFil",
    "link": "https://ir.ptcbio.com/financial-information/sec-filings?items_per_page=&order=field_nir_sec_date_filed&sort=asc",
    "timestamp": "unknown"
  },
  {
    "title": "GroupAll,,Annual FilingsCurrent ReportsMergers & AcquisitionsOtherProxy FilingsQuarterly FilingsRegistration StatementsFiling yearAllItems per pageFil",
    "link": "https://ir.ptcbio.com/financial-information/sec-filings?items_per_page=&order=field_nir_sec_date_filed&sort=asc",
    "timestamp": "unknown"
  },
  {
    "title": "GroupAll,,Annual FilingsCurrent ReportsMergers & AcquisitionsOtherProxy FilingsQuarterly FilingsRegistration StatementsFiling yearAllItems per pageFil",
    "link": "https://ir.ptcbio.com/financial-information/sec-filings?items_per_page=&order=field_nir_sec_date_filed&sort=asc",
    "timestamp": "unknown"
  },
  {
    "title": "GroupAll,,Annual FilingsCurrent ReportsMergers & AcquisitionsOtherProxy FilingsQuarterly FilingsRegistration StatementsFiling yearAllItems per pageFil",
    "link": "https://ir.ptcbio.com/financial-information/sec-filings?items_per_page=&order=field_nir_sec_date_filed&sort=asc",
    "timestamp": "unknown"
  },
  {
    "title": "GroupAll,,Annual FilingsCurrent ReportsMergers & AcquisitionsOtherProxy FilingsQuarterly FilingsRegistration StatementsFiling yearAllItems per pageFil",
    "link": "https://ir.ptcbio.com/financial-information/sec-filings?items_per_page=&order=field_nir_sec_date_filed&sort=asc",
    "timestamp": "unknown"
  },
  {
    "title": "GroupAll,,Annual FilingsCurrent ReportsMergers & AcquisitionsOtherProxy FilingsQuarterly FilingsRegistration StatementsFiling yearAllItems per pageFil",
    "link": "https://ir.ptcbio.com/financial-information/sec-filings?items_per_page=&order=field_nir_sec_date_filed&sort=asc",
    "timestamp": "unknown"
  },
  {
    "title": "GroupAll,,Annual FilingsCurrent ReportsMergers & AcquisitionsOtherProxy FilingsQuarterly FilingsRegistration StatementsFiling yearAllItems per pageFil",
    "link": "https://ir.ptcbio.com/financial-information/sec-filings?items_per_page=&order=field_nir_sec_date_filed&sort=asc",
    "timestamp": "unknown"
  },
  {
    "title": "GroupAll,,Annual FilingsCurrent ReportsMergers & AcquisitionsOtherProxy FilingsQuarterly FilingsRegistration StatementsFiling yearAllItems per pageFil",
    "link": "https://ir.ptcbio.com/financial-information/sec-filings?items_per_page=&order=field_nir_sec_date_filed&sort=asc",
    "timestamp": "unknown"
  },
  {
    "title": "Filing DateDescriptionFormViewJan ,Filed by \"insiders\" prior intended sale of restricted stock.View HTML--.pdf--.xlsJan ,Filed by \"insiders\" prior int",
    "link": "https://ir.ptcbio.com/financial-information/sec-filings?items_per_page=&order=field_nir_sec_date_filed&sort=asc",
    "timestamp": "unknown"
  },
  {
    "title": "Filing DateDescriptionFormView",
    "link": "https://ir.ptcbio.com/financial-information/sec-filings?items_per_page=&order=field_nir_sec_date_filed&sort=asc",
    "timestamp": "unknown"
  },
  {
    "title": "Jan ,Filed by \"insiders\" prior intended sale of restricted stock.View HTML--.pdf--.xls",
    "link": "https://ir.ptcbio.com/sec-filings/sec-filing//--",
    "timestamp": "unknown"
  },
  {
    "title": "View HTML--.pdf--.xls",
    "link": "https://ir.ptcbio.com/node//html",
    "timestamp": "unknown"
  },
  {
    "title": "--.pdf",
    "link": "https://ir.ptcbio.com/static-files/727f1e0a-d1af-41e2-a1df-bab2573c0816",
    "timestamp": "unknown"
  },
  {
    "title": "--.xls",
    "link": "https://ir.ptcbio.com/static-files/aef8a55f-e8ab-4fa9-a381-9a2d790c1594",
    "timestamp": "unknown"
  },
  {
    "title": "Jan ,Filed by \"insiders\" prior intended sale of restricted stock.View HTML--.pdf--.xls",
    "link": "https://ir.ptcbio.com/sec-filings/sec-filing//--",
    "timestamp": "unknown"
  },
  {
    "title": "View HTML--.pdf--.xls",
    "link": "https://ir.ptcbio.com/node//html",
    "timestamp": "unknown"
  },
  {
    "title": "--.pdf",
    "link": "https://ir.ptcbio.com/static-files/5ee5a67a-4b38--82a3-70b3ccb583e4",
    "timestamp": "unknown"
  },
  {
    "title": "--.xls",
    "link": "https://ir.ptcbio.com/static-files/7d4aca13-b968-4a88-86b9-7a038e7545a2",
    "timestamp": "unknown"
  },
  {
    "title": "Jan ,Filed by \"insiders\" prior intended sale of restricted stock.View HTML--.pdf--.xls",
    "link": "https://ir.ptcbio.com/sec-filings/sec-filing//--",
    "timestamp": "unknown"
  },
  {
    "title": "View HTML--.pdf--.xls",
    "link": "https://ir.ptcbio.com/node//html",
    "timestamp": "unknown"
  },
  {
    "title": "--.pdf",
    "link": "https://ir.ptcbio.com/static-files/c214190e--45b0--a06394eb1180",
    "timestamp": "unknown"
  },
  {
    "title": "--.xls",
    "link": "https://ir.ptcbio.com/static-files/090e3f99-2da9-46d1--2064d5ad5a61",
    "timestamp": "unknown"
  },
  {
    "title": "Jan ,Filed by \"insiders\" prior intended sale of restricted stock.View HTML--.pdf--.xls",
    "link": "https://ir.ptcbio.com/sec-filings/sec-filing//--",
    "timestamp": "unknown"
  },
  {
    "title": "View HTML--.pdf--.xls",
    "link": "https://ir.ptcbio.com/node//html",
    "timestamp": "unknown"
  },
  {
    "title": "--.pdf",
    "link": "https://ir.ptcbio.com/static-files/6b26db0e-f8f7-4ba4-9c02-cf0ad4360cc4",
    "timestamp": "unknown"
  },
  {
    "title": "--.xls",
    "link": "https://ir.ptcbio.com/static-files/d9054bed-00e8---8ceca2031630",
    "timestamp": "unknown"
  },
  {
    "title": "Jan ,Filed by \"insiders\" prior intended sale of restricted stock.View HTML--.pdf--.xls",
    "link": "https://ir.ptcbio.com/sec-filings/sec-filing//--",
    "timestamp": "unknown"
  },
  {
    "title": "View HTML--.pdf--.xls",
    "link": "https://ir.ptcbio.com/node//html",
    "timestamp": "unknown"
  },
  {
    "title": "--.pdf",
    "link": "https://ir.ptcbio.com/static-files/4a84947c-f884--a04c-8cf750c66e16",
    "timestamp": "unknown"
  },
  {
    "title": "--.xls",
    "link": "https://ir.ptcbio.com/static-files/675927b1-a788-42a3-ba95-a40af2b0081b",
    "timestamp": "unknown"
  },
  {
    "title": "Jan ,Filed by \"insiders\" prior intended sale of restricted stock.View HTML--.pdf--.xls",
    "link": "https://ir.ptcbio.com/sec-filings/sec-filing//--",
    "timestamp": "unknown"
  },
  {
    "title": "View HTML--.pdf--.xls",
    "link": "https://ir.ptcbio.com/node//html",
    "timestamp": "unknown"
  },
  {
    "title": "--.pdf",
    "link": "https://ir.ptcbio.com/static-files/40f74a3c-4cb1-4e57-81f3-0630dc23f7d8",
    "timestamp": "unknown"
  },
  {
    "title": "--.xls",
    "link": "https://ir.ptcbio.com/static-files/bf516485-9b2e-4ed5-9df4-9d207366690d",
    "timestamp": "unknown"
  },
  {
    "title": "Jan ,Filed by \"insiders\" prior intended sale of restricted stock.View HTML--.pdf--.xls",
    "link": "https://ir.ptcbio.com/sec-filings/sec-filing//--",
    "timestamp": "unknown"
  },
  {
    "title": "View HTML--.pdf--.xls",
    "link": "https://ir.ptcbio.com/node//html",
    "timestamp": "unknown"
  },
  {
    "title": "--.pdf",
    "link": "https://ir.ptcbio.com/static-files/248c3675-8c10-44cf-bea4-cdffb6b2c4ee",
    "timestamp": "unknown"
  },
  {
    "title": "--.xls",
    "link": "https://ir.ptcbio.com/static-files/4433c63b-4e0c-4c47-abd4-22f47e67cb3f",
    "timestamp": "unknown"
  },
  {
    "title": "Jan ,Filed by \"insiders\" prior intended sale of restricted stock.View HTML--.pdf--.xls",
    "link": "https://ir.ptcbio.com/sec-filings/sec-filing//--",
    "timestamp": "unknown"
  },
  {
    "title": "View HTML--.pdf--.xls",
    "link": "https://ir.ptcbio.com/node//html",
    "timestamp": "unknown"
  },
  {
    "title": "--.pdf",
    "link": "https://ir.ptcbio.com/static-files/d8d33450--4a42-b68d-5395d390db23",
    "timestamp": "unknown"
  },
  {
    "title": "--.xls",
    "link": "https://ir.ptcbio.com/static-files/ff39ba64-0f26--b0b7-71e05064834f",
    "timestamp": "unknown"
  },
  {
    "title": "Jan ,Filed by \"insiders\" prior intended sale of restricted stock.View HTML--.pdf--.xls",
    "link": "https://ir.ptcbio.com/sec-filings/sec-filing//--",
    "timestamp": "unknown"
  },
  {
    "title": "View HTML--.pdf--.xls",
    "link": "https://ir.ptcbio.com/node//html",
    "timestamp": "unknown"
  },
  {
    "title": "--.pdf",
    "link": "https://ir.ptcbio.com/static-files/8b6d7d54-b9e9-4f69--9077507ee7b8",
    "timestamp": "unknown"
  },
  {
    "title": "--.xls",
    "link": "https://ir.ptcbio.com/static-files/b887e3cb-0d98--bde8-8cf265cf86e3",
    "timestamp": "unknown"
  },
  {
    "title": "Jan ,Statement of changes in beneficial ownership of securitiesView HTML--.pdf--.xls",
    "link": "https://ir.ptcbio.com/sec-filings/sec-filing//--",
    "timestamp": "unknown"
  },
  {
    "title": "View HTML--.pdf--.xls",
    "link": "https://ir.ptcbio.com/node//html",
    "timestamp": "unknown"
  },
  {
    "title": "--.pdf",
    "link": "https://ir.ptcbio.com/static-files/3ab58b9c-cca5--abea-7da811ee42bf",
    "timestamp": "unknown"
  },
  {
    "title": "--.xls",
    "link": "https://ir.ptcbio.com/static-files/83756d07-2c8f-4c87-869d-7339b862fb51",
    "timestamp": "unknown"
  },
  {
    "title": "PaginationCurrent pagePagePage\u2026Next page\u203aLast page\u00bb",
    "link": "https://ir.ptcbio.com/financial-information/sec-filings?&field_nir_sec_cik_target_id=&field_nir_sec_date_filed_value=&&&items_per_page_toggle=&page=",
    "timestamp": "unknown"
  },
  {
    "title": "PaginationCurrent pagePagePage\u2026Next page\u203aLast page\u00bb",
    "link": "https://ir.ptcbio.com/financial-information/sec-filings?&field_nir_sec_cik_target_id=&field_nir_sec_date_filed_value=&&&items_per_page_toggle=&page=",
    "timestamp": "unknown"
  },
  {
    "title": "Current page",
    "link": "https://ir.ptcbio.com/financial-information/sec-filings?&field_nir_sec_cik_target_id=&field_nir_sec_date_filed_value=&&&items_per_page_toggle=&page=",
    "timestamp": "unknown"
  },
  {
    "title": "Page",
    "link": "https://ir.ptcbio.com/financial-information/sec-filings?&field_nir_sec_cik_target_id=&field_nir_sec_date_filed_value=&&&items_per_page_toggle=&page=",
    "timestamp": "unknown"
  },
  {
    "title": "Page",
    "link": "https://ir.ptcbio.com/financial-information/sec-filings?&field_nir_sec_cik_target_id=&field_nir_sec_date_filed_value=&&&items_per_page_toggle=&page=",
    "timestamp": "unknown"
  },
  {
    "title": "Next page\u203a",
    "link": "https://ir.ptcbio.com/financial-information/sec-filings?&field_nir_sec_cik_target_id=&field_nir_sec_date_filed_value=&&&items_per_page_toggle=&page=",
    "timestamp": "unknown"
  },
  {
    "title": "Last page\u00bb",
    "link": "https://ir.ptcbio.com/financial-information/sec-filings?&field_nir_sec_cik_target_id=&field_nir_sec_date_filed_value=&&&items_per_page_toggle=&page=",
    "timestamp": "unknown"
  },
  {
    "title": "Data provided byKaleidoscope.",
    "link": "https://www.kscope.io",
    "timestamp": "unknown"
  },
  {
    "title": "Data provided byKaleidoscope.",
    "link": "https://www.kscope.io",
    "timestamp": "unknown"
  },
  {
    "title": "Printed MaterialsEmail AlertsRSSPrint",
    "link": "https://ir.ptcbio.com/printed-materials",
    "timestamp": "unknown"
  },
  {
    "title": "Printed Materials",
    "link": "https://ir.ptcbio.com/printed-materials",
    "timestamp": "unknown"
  },
  {
    "title": "Email Alerts",
    "link": "https://ir.ptcbio.com/email-alerts",
    "timestamp": "unknown"
  },
  {
    "title": "RSS",
    "link": "https://ir.ptcbio.com/rss-news-feeds",
    "timestamp": "unknown"
  },
  {
    "title": "Print",
    "link": "https://ir.ptcbio.com/financial-information/sec-filings",
    "timestamp": "unknown"
  },
  {
    "title": "Get to know PTCLeadership TeamOur ResponsibilityGrants and DonationsPTC NewsroomGlobal ComplianceFor PatientsPTC CaresInsightful MomentsRare JourneysP",
    "link": "https://www.ptcbio.com/",
    "timestamp": "unknown"
  },
  {
    "title": "Get to know PTCLeadership TeamOur ResponsibilityGrants and DonationsPTC NewsroomGlobal Compliance",
    "link": "https://www.ptcbio.com/about-ptc/leadership/",
    "timestamp": "unknown"
  },
  {
    "title": "Leadership Team",
    "link": "https://www.ptcbio.com/about-ptc/leadership/",
    "timestamp": "unknown"
  },
  {
    "title": "Our Responsibility",
    "link": "https://www.ptcbio.com/about-ptc/our-responsibility/",
    "timestamp": "unknown"
  },
  {
    "title": "Grants and Donations",
    "link": "https://www.ptcbio.com/grants-and-donations/",
    "timestamp": "unknown"
  },
  {
    "title": "PTC Newsroom",
    "link": "https://www.ptcbio.com/newsroom/",
    "timestamp": "unknown"
  },
  {
    "title": "Global Compliance",
    "link": "https://www.ptcbio.com/global-compliance-program/",
    "timestamp": "unknown"
  },
  {
    "title": "For PatientsPTC CaresInsightful MomentsRare JourneysPatient & Caregiver Resources",
    "link": "https://ptccares.com/",
    "timestamp": "unknown"
  },
  {
    "title": "PTC Cares",
    "link": "https://ptccares.com/",
    "timestamp": "unknown"
  },
  {
    "title": "Insightful Moments",
    "link": "https://www.ptcbio.com/insightful-moments/",
    "timestamp": "unknown"
  },
  {
    "title": "Rare Journeys",
    "link": "https://www.ptcbio.com/rare-journeys/",
    "timestamp": "unknown"
  },
  {
    "title": "Patient & Caregiver Resources",
    "link": "https://www.ptcbio.com/patients-caregivers-resources/",
    "timestamp": "unknown"
  },
  {
    "title": "Clinical TrialsCareersOur ProductsInvestor Relations",
    "link": "https://clinicaltrials.ptcbio.com",
    "timestamp": "unknown"
  },
  {
    "title": "Clinical Trials",
    "link": "https://clinicaltrials.ptcbio.com",
    "timestamp": "unknown"
  },
  {
    "title": "Careers",
    "link": "https://www.ptcbio.com/careers/",
    "timestamp": "unknown"
  },
  {
    "title": "Our Products",
    "link": "https://www.ptcbio.com/our-products/",
    "timestamp": "unknown"
  },
  {
    "title": "Investor Relations",
    "link": "https://ir.ptcbio.com/",
    "timestamp": "unknown"
  },
  {
    "title": "Have Questions?Contact UsFollow Us On:",
    "link": "https://www.ptcbio.com/contact-us/",
    "timestamp": "unknown"
  },
  {
    "title": "Contact Us",
    "link": "https://www.ptcbio.com/contact-us/",
    "timestamp": "unknown"
  }
]