[
  {
    "title": "Search:SubmitAbout PTCBackLeadershipOur ResponsibilityGlobal Compliance ProgramGrants and DonationsLocationsOur ScienceBackSplicingInflammation & Ferr",
    "link": "https://www.ptcbio.com/about-ptc/",
    "timestamp": "unknown"
  },
  {
    "title": "About PTCBackLeadershipOur ResponsibilityGlobal Compliance ProgramGrants and DonationsLocations",
    "link": "https://www.ptcbio.com/about-ptc/",
    "timestamp": "unknown"
  },
  {
    "title": "Leadership",
    "link": "https://www.ptcbio.com/about-ptc/leadership/",
    "timestamp": "unknown"
  },
  {
    "title": "Our Responsibility",
    "link": "https://www.ptcbio.com/about-ptc/our-responsibility/",
    "timestamp": "unknown"
  },
  {
    "title": "Global Compliance Program",
    "link": "https://www.ptcbio.com/global-compliance-program/",
    "timestamp": "unknown"
  },
  {
    "title": "Grants and Donations",
    "link": "https://www.ptcbio.com/grants-and-donations/",
    "timestamp": "unknown"
  },
  {
    "title": "Locations",
    "link": "https://www.ptcbio.com/contact-us/",
    "timestamp": "unknown"
  },
  {
    "title": "Our ScienceBackSplicingInflammation & Ferroptosis",
    "link": "https://www.ptcbio.com/our-science/",
    "timestamp": "unknown"
  },
  {
    "title": "Splicing",
    "link": "https://www.ptcbio.com/our-science/splicing/",
    "timestamp": "unknown"
  },
  {
    "title": "Inflammation & Ferroptosis",
    "link": "https://www.ptcbio.com/our-science/inflammation-and-ferroptosis/",
    "timestamp": "unknown"
  },
  {
    "title": "Our Products",
    "link": "https://www.ptcbio.com/our-products/",
    "timestamp": "unknown"
  },
  {
    "title": "Therapeutic AreasBackMetabolismBackFamilial chylomicronemia syndrome (FCS)Familial partial lipodystrophy (FPL)Phenylketonuria (PKU)NeurologyBackAromat",
    "link": "https://www.ptcbio.com/therapeutic-areas/",
    "timestamp": "unknown"
  },
  {
    "title": "MetabolismBackFamilial chylomicronemia syndrome (FCS)Familial partial lipodystrophy (FPL)Phenylketonuria (PKU)",
    "link": "https://ir.ptcbio.com/financial-information/sec-filings",
    "timestamp": "unknown"
  },
  {
    "title": "Familial chylomicronemia syndrome (FCS)",
    "link": "https://www.ptcbio.com/therapeutic-areas/familial-chylomicronemia-syndrome/",
    "timestamp": "unknown"
  },
  {
    "title": "Familial partial lipodystrophy (FPL)",
    "link": "https://www.ptcbio.com/therapeutic-areas/familial-partial-lipodystrophy/",
    "timestamp": "unknown"
  },
  {
    "title": "Phenylketonuria (PKU)",
    "link": "https://www.ptcbio.com/therapeutic-areas/phenylketonuria/",
    "timestamp": "unknown"
  },
  {
    "title": "NeurologyBackAromatic l-amino acid decarboxylase (AADC) deficiencyDuchenne muscular dystrophy (DMD)Friedreich ataxia (FA)Hereditary Transthyretin Amyl",
    "link": "https://ir.ptcbio.com/financial-information/sec-filings",
    "timestamp": "unknown"
  },
  {
    "title": "Aromatic l-amino acid decarboxylase (AADC) deficiency",
    "link": "https://www.ptcbio.com/aromatic-l-amino-acid-decarboxylase-deficiency/",
    "timestamp": "unknown"
  },
  {
    "title": "Duchenne muscular dystrophy (DMD)",
    "link": "https://www.ptcbio.com/duchenne-muscular-dystrophy/",
    "timestamp": "unknown"
  },
  {
    "title": "Friedreich ataxia (FA)",
    "link": "https://www.ptcbio.com/therapeutic-areas/friedreich-ataxia/",
    "timestamp": "unknown"
  },
  {
    "title": "Hereditary Transthyretin Amyloidosis (hATTR)",
    "link": "https://www.ptcbio.com/therapeutic-areas/hereditary-transthyretin-amyloidosis/",
    "timestamp": "unknown"
  },
  {
    "title": "Huntington&#;s Disease (HD)",
    "link": "https://www.ptcbio.com/huntingtons-disease/",
    "timestamp": "unknown"
  },
  {
    "title": "Spinal muscular atrophy (SMA)",
    "link": "https://www.ptcbio.com/therapeutic-areas/spinal-muscular-atrophy/",
    "timestamp": "unknown"
  },
  {
    "title": "Careers",
    "link": "https://www.ptcbio.com/careers/",
    "timestamp": "unknown"
  },
  {
    "title": "United StatesBackStart of ColumnAmericasUnited StatesStart of ColumnEuropeAustriaGermanyIrelandItalySpainSweden (EN)SwedenSwitzerlandUnited Kingdom",
    "link": "https://www.ptcbio.com/",
    "timestamp": "unknown"
  },
  {
    "title": "Start of ColumnAmericasUnited StatesStart of ColumnEuropeAustriaGermanyIrelandItalySpainSweden (EN)SwedenSwitzerlandUnited Kingdom",
    "link": "https://www.ptcbio.com/",
    "timestamp": "unknown"
  },
  {
    "title": "Start of ColumnAmericasUnited States",
    "link": "https://www.ptcbio.com/",
    "timestamp": "unknown"
  },
  {
    "title": "AmericasUnited States",
    "link": "https://www.ptcbio.com/",
    "timestamp": "unknown"
  },
  {
    "title": "United States",
    "link": "https://www.ptcbio.com/",
    "timestamp": "unknown"
  },
  {
    "title": "Start of ColumnEuropeAustriaGermanyIrelandItalySpainSweden (EN)SwedenSwitzerlandUnited Kingdom",
    "link": "https://www.ptcbio.at/",
    "timestamp": "unknown"
  },
  {
    "title": "EuropeAustriaGermanyIrelandItalySpainSweden (EN)SwedenSwitzerlandUnited Kingdom",
    "link": "https://www.ptcbio.at/",
    "timestamp": "unknown"
  },
  {
    "title": "Austria",
    "link": "https://www.ptcbio.at/",
    "timestamp": "unknown"
  },
  {
    "title": "Germany",
    "link": "https://www.ptcbio.de/",
    "timestamp": "unknown"
  },
  {
    "title": "Ireland",
    "link": "https://www.ptcbio.ie/",
    "timestamp": "unknown"
  },
  {
    "title": "Italy",
    "link": "https://www.ptcbio.it/",
    "timestamp": "unknown"
  },
  {
    "title": "Spain",
    "link": "https://www.ptcbio.es/",
    "timestamp": "unknown"
  },
  {
    "title": "Sweden (EN)",
    "link": "https://www.ptcbio-en.se/",
    "timestamp": "unknown"
  },
  {
    "title": "Sweden",
    "link": "https://www.ptcbio.se/",
    "timestamp": "unknown"
  },
  {
    "title": "Switzerland",
    "link": "https://www.ptcbio.ch/",
    "timestamp": "unknown"
  },
  {
    "title": "United Kingdom",
    "link": "https://www.ptcbio.co.uk/",
    "timestamp": "unknown"
  },
  {
    "title": "InvestorsHealthcare ProvidersPatients & Caregivers",
    "link": "https://ir.ptcbio.com/",
    "timestamp": "unknown"
  },
  {
    "title": "Investors",
    "link": "https://ir.ptcbio.com/",
    "timestamp": "unknown"
  },
  {
    "title": "Healthcare Providers",
    "link": "https://www.ptcbio.com/healthcare-providers-resources/",
    "timestamp": "unknown"
  },
  {
    "title": "Patients & Caregivers",
    "link": "https://www.ptcbio.com/patients-caregivers-resources/",
    "timestamp": "unknown"
  },
  {
    "title": "United StatesStart of ColumnAmericasUnited StatesStart of ColumnEuropeAustriaGermanyIrelandItalySpainSweden (EN)SwedenSwitzerlandUnited KingdomInvesto",
    "link": "https://www.ptcbio.com/",
    "timestamp": "unknown"
  },
  {
    "title": "United StatesStart of ColumnAmericasUnited StatesStart of ColumnEuropeAustriaGermanyIrelandItalySpainSweden (EN)SwedenSwitzerlandUnited KingdomInvesto",
    "link": "https://www.ptcbio.com/",
    "timestamp": "unknown"
  },
  {
    "title": "United StatesStart of ColumnAmericasUnited StatesStart of ColumnEuropeAustriaGermanyIrelandItalySpainSweden (EN)SwedenSwitzerlandUnited Kingdom",
    "link": "https://www.ptcbio.com/",
    "timestamp": "unknown"
  },
  {
    "title": "United StatesStart of ColumnAmericasUnited StatesStart of ColumnEuropeAustriaGermanyIrelandItalySpainSweden (EN)SwedenSwitzerlandUnited Kingdom",
    "link": "https://www.ptcbio.com/",
    "timestamp": "unknown"
  },
  {
    "title": "Start of ColumnAmericasUnited StatesStart of ColumnEuropeAustriaGermanyIrelandItalySpainSweden (EN)SwedenSwitzerlandUnited Kingdom",
    "link": "https://www.ptcbio.com/",
    "timestamp": "unknown"
  },
  {
    "title": "Start of ColumnAmericasUnited States",
    "link": "https://www.ptcbio.com/",
    "timestamp": "unknown"
  },
  {
    "title": "AmericasUnited States",
    "link": "https://www.ptcbio.com/",
    "timestamp": "unknown"
  },
  {
    "title": "United States",
    "link": "https://www.ptcbio.com/",
    "timestamp": "unknown"
  },
  {
    "title": "Start of ColumnEuropeAustriaGermanyIrelandItalySpainSweden (EN)SwedenSwitzerlandUnited Kingdom",
    "link": "https://www.ptcbio.at/",
    "timestamp": "unknown"
  },
  {
    "title": "EuropeAustriaGermanyIrelandItalySpainSweden (EN)SwedenSwitzerlandUnited Kingdom",
    "link": "https://www.ptcbio.at/",
    "timestamp": "unknown"
  },
  {
    "title": "Austria",
    "link": "https://www.ptcbio.at/",
    "timestamp": "unknown"
  },
  {
    "title": "Germany",
    "link": "https://www.ptcbio.de/",
    "timestamp": "unknown"
  },
  {
    "title": "Ireland",
    "link": "https://www.ptcbio.ie/",
    "timestamp": "unknown"
  },
  {
    "title": "Italy",
    "link": "https://www.ptcbio.it/",
    "timestamp": "unknown"
  },
  {
    "title": "Spain",
    "link": "https://www.ptcbio.es/",
    "timestamp": "unknown"
  },
  {
    "title": "Sweden (EN)",
    "link": "https://www.ptcbio-en.se/",
    "timestamp": "unknown"
  },
  {
    "title": "Sweden",
    "link": "https://www.ptcbio.se/",
    "timestamp": "unknown"
  },
  {
    "title": "Switzerland",
    "link": "https://www.ptcbio.ch/",
    "timestamp": "unknown"
  },
  {
    "title": "United Kingdom",
    "link": "https://www.ptcbio.co.uk/",
    "timestamp": "unknown"
  },
  {
    "title": "InvestorsHealthcare ProvidersPatients & Caregivers",
    "link": "https://ir.ptcbio.com/",
    "timestamp": "unknown"
  },
  {
    "title": "Investors",
    "link": "https://ir.ptcbio.com/",
    "timestamp": "unknown"
  },
  {
    "title": "Healthcare Providers",
    "link": "https://www.ptcbio.com/healthcare-providers-resources/",
    "timestamp": "unknown"
  },
  {
    "title": "Patients & Caregivers",
    "link": "https://www.ptcbio.com/patients-caregivers-resources/",
    "timestamp": "unknown"
  },
  {
    "title": "Investors MenuInvestor RelationsOverviewPress ReleasesEvents & PresentationsGovernance / ComplianceGovernance OverviewManagementBoard of DirectorsComm",
    "link": "https://ir.ptcbio.com/",
    "timestamp": "unknown"
  },
  {
    "title": "Investors MenuInvestor RelationsOverviewPress ReleasesEvents & PresentationsGovernance / ComplianceGovernance OverviewManagementBoard of DirectorsComm",
    "link": "https://ir.ptcbio.com/",
    "timestamp": "unknown"
  },
  {
    "title": "Investors MenuInvestor RelationsOverviewPress ReleasesEvents & PresentationsGovernance / ComplianceGovernance OverviewManagementBoard of DirectorsComm",
    "link": "https://ir.ptcbio.com/",
    "timestamp": "unknown"
  },
  {
    "title": "Investors MenuInvestor RelationsOverviewPress ReleasesEvents & PresentationsGovernance / ComplianceGovernance OverviewManagementBoard of DirectorsComm",
    "link": "https://ir.ptcbio.com/",
    "timestamp": "unknown"
  },
  {
    "title": "Investors MenuInvestor RelationsOverviewPress ReleasesEvents & PresentationsGovernance / ComplianceGovernance OverviewManagementBoard of DirectorsComm",
    "link": "https://ir.ptcbio.com/",
    "timestamp": "unknown"
  },
  {
    "title": "Investors MenuInvestor RelationsOverviewPress ReleasesEvents & PresentationsGovernance / ComplianceGovernance OverviewManagementBoard of DirectorsComm",
    "link": "https://ir.ptcbio.com/",
    "timestamp": "unknown"
  },
  {
    "title": "Investors MenuInvestor RelationsOverviewPress ReleasesEvents & PresentationsGovernance / ComplianceGovernance OverviewManagementBoard of DirectorsComm",
    "link": "https://ir.ptcbio.com/",
    "timestamp": "unknown"
  },
  {
    "title": "Investor RelationsOverviewPress ReleasesEvents & PresentationsGovernance / ComplianceGovernance OverviewManagementBoard of DirectorsCommittee Composit",
    "link": "https://ir.ptcbio.com/",
    "timestamp": "unknown"
  },
  {
    "title": "Overview",
    "link": "https://ir.ptcbio.com/",
    "timestamp": "unknown"
  },
  {
    "title": "Press Releases",
    "link": "https://ir.ptcbio.com/press-releases",
    "timestamp": "unknown"
  },
  {
    "title": "Events & Presentations",
    "link": "https://ir.ptcbio.com/events-presentations",
    "timestamp": "unknown"
  },
  {
    "title": "Governance / ComplianceGovernance OverviewManagementBoard of DirectorsCommittee CompositionContact the Board",
    "link": "https://ir.ptcbio.com/governance/governance-overview",
    "timestamp": "unknown"
  },
  {
    "title": "Governance OverviewManagementBoard of DirectorsCommittee CompositionContact the Board",
    "link": "https://ir.ptcbio.com/governance/governance-overview",
    "timestamp": "unknown"
  },
  {
    "title": "Financial InformationOverviewSEC Filings",
    "link": "https://ir.ptcbio.com/financial-information",
    "timestamp": "unknown"
  },
  {
    "title": "OverviewSEC Filings",
    "link": "https://ir.ptcbio.com/financial-information",
    "timestamp": "unknown"
  },
  {
    "title": "Annual Report & ProxyAnnual ReportsProxy StatementsSustainability Reports",
    "link": "https://ir.ptcbio.com/annual-reports-and-proxy/annual-reports",
    "timestamp": "unknown"
  },
  {
    "title": "Annual ReportsProxy StatementsSustainability Reports",
    "link": "https://ir.ptcbio.com/annual-reports-and-proxy/annual-reports",
    "timestamp": "unknown"
  },
  {
    "title": "Stock InformationStock Quote & ChartHistoric Price LookupInvestment CalculatorAnalyst Coverage",
    "link": "https://ir.ptcbio.com/stock-information",
    "timestamp": "unknown"
  },
  {
    "title": "Stock Quote & ChartHistoric Price LookupInvestment CalculatorAnalyst Coverage",
    "link": "https://ir.ptcbio.com/stock-information",
    "timestamp": "unknown"
  },
  {
    "title": "Investor FAQs",
    "link": "https://ir.ptcbio.com/investor-faqs",
    "timestamp": "unknown"
  },
  {
    "title": "Contact Us",
    "link": "https://ir.ptcbio.com/contact-us",
    "timestamp": "unknown"
  },
  {
    "title": "Printed MaterialsEmail AlertsRSSPrint",
    "link": "https://ir.ptcbio.com/printed-materials",
    "timestamp": "unknown"
  },
  {
    "title": "Printed Materials",
    "link": "https://ir.ptcbio.com/printed-materials",
    "timestamp": "unknown"
  },
  {
    "title": "Email Alerts",
    "link": "https://ir.ptcbio.com/email-alerts",
    "timestamp": "unknown"
  },
  {
    "title": "RSS",
    "link": "https://ir.ptcbio.com/rss-news-feeds",
    "timestamp": "unknown"
  },
  {
    "title": "Print",
    "link": "https://ir.ptcbio.com/financial-information/sec-filings",
    "timestamp": "unknown"
  },
  {
    "title": "GroupAll,,Annual FilingsCurrent ReportsMergers & AcquisitionsOtherProxy FilingsQuarterly FilingsRegistration StatementsFiling yearAllItems per pageFil",
    "link": "https://ir.ptcbio.com/financial-information/sec-filings?items_per_page=&order=field_nir_sec_date_filed&sort=asc",
    "timestamp": "unknown"
  },
  {
    "title": "GroupAll,,Annual FilingsCurrent ReportsMergers & AcquisitionsOtherProxy FilingsQuarterly FilingsRegistration StatementsFiling yearAllItems per pageFil",
    "link": "https://ir.ptcbio.com/financial-information/sec-filings?items_per_page=&order=field_nir_sec_date_filed&sort=asc",
    "timestamp": "unknown"
  },
  {
    "title": "GroupAll,,Annual FilingsCurrent ReportsMergers & AcquisitionsOtherProxy FilingsQuarterly FilingsRegistration StatementsFiling yearAllItems per pageFil",
    "link": "https://ir.ptcbio.com/financial-information/sec-filings?items_per_page=&order=field_nir_sec_date_filed&sort=asc",
    "timestamp": "unknown"
  },
  {
    "title": "GroupAll,,Annual FilingsCurrent ReportsMergers & AcquisitionsOtherProxy FilingsQuarterly FilingsRegistration StatementsFiling yearAllItems per pageFil",
    "link": "https://ir.ptcbio.com/financial-information/sec-filings?items_per_page=&order=field_nir_sec_date_filed&sort=asc",
    "timestamp": "unknown"
  },
  {
    "title": "GroupAll,,Annual FilingsCurrent ReportsMergers & AcquisitionsOtherProxy FilingsQuarterly FilingsRegistration StatementsFiling yearAllItems per pageFil",
    "link": "https://ir.ptcbio.com/financial-information/sec-filings?items_per_page=&order=field_nir_sec_date_filed&sort=asc",
    "timestamp": "unknown"
  },
  {
    "title": "GroupAll,,Annual FilingsCurrent ReportsMergers & AcquisitionsOtherProxy FilingsQuarterly FilingsRegistration StatementsFiling yearAllItems per pageFil",
    "link": "https://ir.ptcbio.com/financial-information/sec-filings?items_per_page=&order=field_nir_sec_date_filed&sort=asc",
    "timestamp": "unknown"
  },
  {
    "title": "GroupAll,,Annual FilingsCurrent ReportsMergers & AcquisitionsOtherProxy FilingsQuarterly FilingsRegistration StatementsFiling yearAllItems per pageFil",
    "link": "https://ir.ptcbio.com/financial-information/sec-filings?items_per_page=&order=field_nir_sec_date_filed&sort=asc",
    "timestamp": "unknown"
  },
  {
    "title": "GroupAll,,Annual FilingsCurrent ReportsMergers & AcquisitionsOtherProxy FilingsQuarterly FilingsRegistration StatementsFiling yearAllItems per pageFil",
    "link": "https://ir.ptcbio.com/financial-information/sec-filings?items_per_page=&order=field_nir_sec_date_filed&sort=asc",
    "timestamp": "unknown"
  },
  {
    "title": "GroupAll,,Annual FilingsCurrent ReportsMergers & AcquisitionsOtherProxy FilingsQuarterly FilingsRegistration StatementsFiling yearAllItems per pageFil",
    "link": "https://ir.ptcbio.com/financial-information/sec-filings?items_per_page=&order=field_nir_sec_date_filed&sort=asc",
    "timestamp": "unknown"
  },
  {
    "title": "GroupAll,,Annual FilingsCurrent ReportsMergers & AcquisitionsOtherProxy FilingsQuarterly FilingsRegistration StatementsFiling yearAllItems per pageFil",
    "link": "https://ir.ptcbio.com/financial-information/sec-filings?items_per_page=&order=field_nir_sec_date_filed&sort=asc",
    "timestamp": "unknown"
  },
  {
    "title": "GroupAll,,Annual FilingsCurrent ReportsMergers & AcquisitionsOtherProxy FilingsQuarterly FilingsRegistration StatementsFiling yearAllItems per pageFil",
    "link": "https://ir.ptcbio.com/financial-information/sec-filings?items_per_page=&order=field_nir_sec_date_filed&sort=asc",
    "timestamp": "unknown"
  },
  {
    "title": "GroupAll,,Annual FilingsCurrent ReportsMergers & AcquisitionsOtherProxy FilingsQuarterly FilingsRegistration StatementsFiling yearAllItems per pageFil",
    "link": "https://ir.ptcbio.com/financial-information/sec-filings?items_per_page=&order=field_nir_sec_date_filed&sort=asc",
    "timestamp": "unknown"
  },
  {
    "title": "GroupAll,,Annual FilingsCurrent ReportsMergers & AcquisitionsOtherProxy FilingsQuarterly FilingsRegistration StatementsFiling yearAllItems per pageFil",
    "link": "https://ir.ptcbio.com/financial-information/sec-filings?items_per_page=&order=field_nir_sec_date_filed&sort=asc",
    "timestamp": "unknown"
  },
  {
    "title": "GroupAll,,Annual FilingsCurrent ReportsMergers & AcquisitionsOtherProxy FilingsQuarterly FilingsRegistration StatementsFiling yearAllItems per pageFil",
    "link": "https://ir.ptcbio.com/financial-information/sec-filings?items_per_page=&order=field_nir_sec_date_filed&sort=asc",
    "timestamp": "unknown"
  },
  {
    "title": "GroupAll,,Annual FilingsCurrent ReportsMergers & AcquisitionsOtherProxy FilingsQuarterly FilingsRegistration StatementsFiling yearAllItems per pageFil",
    "link": "https://ir.ptcbio.com/financial-information/sec-filings?items_per_page=&order=field_nir_sec_date_filed&sort=asc",
    "timestamp": "unknown"
  },
  {
    "title": "GroupAll,,Annual FilingsCurrent ReportsMergers & AcquisitionsOtherProxy FilingsQuarterly FilingsRegistration StatementsFiling yearAllItems per pageFil",
    "link": "https://ir.ptcbio.com/financial-information/sec-filings?items_per_page=&order=field_nir_sec_date_filed&sort=asc",
    "timestamp": "unknown"
  },
  {
    "title": "GroupAll,,Annual FilingsCurrent ReportsMergers & AcquisitionsOtherProxy FilingsQuarterly FilingsRegistration StatementsFiling yearAllItems per pageFil",
    "link": "https://ir.ptcbio.com/financial-information/sec-filings?items_per_page=&order=field_nir_sec_date_filed&sort=asc",
    "timestamp": "unknown"
  },
  {
    "title": "Filing DateDescriptionFormViewFeb ,Filed by \"insiders\" prior intended sale of restricted stock.View HTML--.pdf--.xlsFeb ,Report of unscheduled materia",
    "link": "https://ir.ptcbio.com/financial-information/sec-filings?items_per_page=&order=field_nir_sec_date_filed&sort=asc",
    "timestamp": "unknown"
  },
  {
    "title": "Filing DateDescriptionFormView",
    "link": "https://ir.ptcbio.com/financial-information/sec-filings?items_per_page=&order=field_nir_sec_date_filed&sort=asc",
    "timestamp": "unknown"
  },
  {
    "title": "Feb ,Filed by \"insiders\" prior intended sale of restricted stock.View HTML--.pdf--.xls",
    "link": "https://ir.ptcbio.com/sec-filings/sec-filing//--",
    "timestamp": "unknown"
  },
  {
    "title": "View HTML--.pdf--.xls",
    "link": "https://ir.ptcbio.com/node//html",
    "timestamp": "unknown"
  },
  {
    "title": "--.pdf",
    "link": "https://ir.ptcbio.com/static-files/-a13e-45bc--6831170b9396",
    "timestamp": "unknown"
  },
  {
    "title": "--.xls",
    "link": "https://ir.ptcbio.com/static-files/7d51e8f2-d92a-41d7--7a29353e9c8f",
    "timestamp": "unknown"
  },
  {
    "title": "Feb ,Report of unscheduled material events or corporate event-KView HTML--.pdf--.xlsEX-.SCH - XBRL TAXONOMY EXTENSION SCHEMA",
    "link": "https://ir.ptcbio.com/sec-filings/sec-filing/-k/--",
    "timestamp": "unknown"
  },
  {
    "title": "View HTML--.pdf--.xlsEX-.SCH - XBRL TAXONOMY EXTENSION SCHEMA",
    "link": "https://ir.ptcbio.com/node//html",
    "timestamp": "unknown"
  },
  {
    "title": "--.pdf",
    "link": "https://ir.ptcbio.com/static-files/4c0782de-bb9c-4c14-9e6e-68ed69eac487",
    "timestamp": "unknown"
  },
  {
    "title": "--.xls",
    "link": "https://ir.ptcbio.com/static-files/6978a818-ef47-4d93-ac5d-60228a3ff692",
    "timestamp": "unknown"
  },
  {
    "title": "Feb ,Annual report which provides a comprehensive overview of the company for the past year-KView HTML--.pdf--.xlsEX-.SCH - XBRL TAXONOMY EXTENSION SC",
    "link": "https://ir.ptcbio.com/sec-filings/sec-filing/-k/--",
    "timestamp": "unknown"
  },
  {
    "title": "View HTML--.pdf--.xlsEX-.SCH - XBRL TAXONOMY EXTENSION SCHEMA",
    "link": "https://ir.ptcbio.com/node//html",
    "timestamp": "unknown"
  },
  {
    "title": "--.pdf",
    "link": "https://ir.ptcbio.com/static-files/7fc440f9-e4d8--81e5-4c63c9208f2c",
    "timestamp": "unknown"
  },
  {
    "title": "--.xls",
    "link": "https://ir.ptcbio.com/static-files/83a19fba-ea76-424d-8b35-e1cb1e3ba722",
    "timestamp": "unknown"
  },
  {
    "title": "Feb ,Statement of changes in beneficial ownership of securitiesView HTML--.pdf--.xls",
    "link": "https://ir.ptcbio.com/sec-filings/sec-filing//--",
    "timestamp": "unknown"
  },
  {
    "title": "View HTML--.pdf--.xls",
    "link": "https://ir.ptcbio.com/node//html",
    "timestamp": "unknown"
  },
  {
    "title": "--.pdf",
    "link": "https://ir.ptcbio.com/static-files/ac2b0890-e685--9b05-3f477471ff96",
    "timestamp": "unknown"
  },
  {
    "title": "--.xls",
    "link": "https://ir.ptcbio.com/static-files/869ee0e8-f978-4dd9-8e89-f3c197df6be2",
    "timestamp": "unknown"
  },
  {
    "title": "Feb ,Filed by \"insiders\" prior intended sale of restricted stock.View HTML--.pdf--.xls",
    "link": "https://ir.ptcbio.com/sec-filings/sec-filing//--",
    "timestamp": "unknown"
  },
  {
    "title": "View HTML--.pdf--.xls",
    "link": "https://ir.ptcbio.com/node//html",
    "timestamp": "unknown"
  },
  {
    "title": "--.pdf",
    "link": "https://ir.ptcbio.com/static-files/dd7d5ce0-792c--a2c0-43c19ddffa04",
    "timestamp": "unknown"
  },
  {
    "title": "--.xls",
    "link": "https://ir.ptcbio.com/static-files/ad765606-343a-4dbe-9f59-556a1620bc42",
    "timestamp": "unknown"
  },
  {
    "title": "Feb ,Filed by \"insiders\" prior intended sale of restricted stock.View HTML--.pdf--.xls",
    "link": "https://ir.ptcbio.com/sec-filings/sec-filing//--",
    "timestamp": "unknown"
  },
  {
    "title": "View HTML--.pdf--.xls",
    "link": "https://ir.ptcbio.com/node//html",
    "timestamp": "unknown"
  },
  {
    "title": "--.pdf",
    "link": "https://ir.ptcbio.com/static-files/ad55b87b-f002-4a0d-aaa6-7ed590280354",
    "timestamp": "unknown"
  },
  {
    "title": "--.xls",
    "link": "https://ir.ptcbio.com/static-files/2f0998bf-c35b-491a-b744-c51355274ac8",
    "timestamp": "unknown"
  },
  {
    "title": "Feb ,Filed by \"insiders\" prior intended sale of restricted stock.View HTML--.pdf--.xls",
    "link": "https://ir.ptcbio.com/sec-filings/sec-filing//--",
    "timestamp": "unknown"
  },
  {
    "title": "View HTML--.pdf--.xls",
    "link": "https://ir.ptcbio.com/node//html",
    "timestamp": "unknown"
  },
  {
    "title": "--.pdf",
    "link": "https://ir.ptcbio.com/static-files/-e4f0-4b09-956d-dde48b878293",
    "timestamp": "unknown"
  },
  {
    "title": "--.xls",
    "link": "https://ir.ptcbio.com/static-files/eb7a2d4d-d677-45ce-90ba-c3699001306c",
    "timestamp": "unknown"
  },
  {
    "title": "Feb ,Filed by \"insiders\" prior intended sale of restricted stock.View HTML--.pdf--.xls",
    "link": "https://ir.ptcbio.com/sec-filings/sec-filing//--",
    "timestamp": "unknown"
  },
  {
    "title": "View HTML--.pdf--.xls",
    "link": "https://ir.ptcbio.com/node//html",
    "timestamp": "unknown"
  },
  {
    "title": "--.pdf",
    "link": "https://ir.ptcbio.com/static-files/ec03d50f-a058--8cc8-69e00bfa1c22",
    "timestamp": "unknown"
  },
  {
    "title": "--.xls",
    "link": "https://ir.ptcbio.com/static-files/8061c556-c78a-4c48-937d-0212e8c3be6c",
    "timestamp": "unknown"
  },
  {
    "title": "Feb ,Filed by \"insiders\" prior intended sale of restricted stock.View HTML--.pdf--.xls",
    "link": "https://ir.ptcbio.com/sec-filings/sec-filing//--",
    "timestamp": "unknown"
  },
  {
    "title": "View HTML--.pdf--.xls",
    "link": "https://ir.ptcbio.com/node//html",
    "timestamp": "unknown"
  },
  {
    "title": "--.pdf",
    "link": "https://ir.ptcbio.com/static-files/6d709742-135a-4de9-bb01-eecef4260c50",
    "timestamp": "unknown"
  },
  {
    "title": "--.xls",
    "link": "https://ir.ptcbio.com/static-files/be350ae5-f064-479c--b9b561266d22",
    "timestamp": "unknown"
  },
  {
    "title": "Feb ,Filed by \"insiders\" prior intended sale of restricted stock.View HTML--.pdf",
    "link": "https://ir.ptcbio.com/sec-filings/sec-filing//--",
    "timestamp": "unknown"
  },
  {
    "title": "View HTML--.pdf",
    "link": "https://ir.ptcbio.com/node//html",
    "timestamp": "unknown"
  },
  {
    "title": "--.pdf",
    "link": "https://ir.ptcbio.com/static-files/b7ddb14f-0a59-43bb--bc20696ea3e1",
    "timestamp": "unknown"
  },
  {
    "title": "PaginationCurrent pagePagePage\u2026Next page\u203aLast page\u00bb",
    "link": "https://ir.ptcbio.com/financial-information/sec-filings?&field_nir_sec_cik_target_id=&field_nir_sec_date_filed_value=&&&items_per_page_toggle=&page=",
    "timestamp": "unknown"
  },
  {
    "title": "PaginationCurrent pagePagePage\u2026Next page\u203aLast page\u00bb",
    "link": "https://ir.ptcbio.com/financial-information/sec-filings?&field_nir_sec_cik_target_id=&field_nir_sec_date_filed_value=&&&items_per_page_toggle=&page=",
    "timestamp": "unknown"
  },
  {
    "title": "Current page",
    "link": "https://ir.ptcbio.com/financial-information/sec-filings?&field_nir_sec_cik_target_id=&field_nir_sec_date_filed_value=&&&items_per_page_toggle=&page=",
    "timestamp": "unknown"
  },
  {
    "title": "Page",
    "link": "https://ir.ptcbio.com/financial-information/sec-filings?&field_nir_sec_cik_target_id=&field_nir_sec_date_filed_value=&&&items_per_page_toggle=&page=",
    "timestamp": "unknown"
  },
  {
    "title": "Page",
    "link": "https://ir.ptcbio.com/financial-information/sec-filings?&field_nir_sec_cik_target_id=&field_nir_sec_date_filed_value=&&&items_per_page_toggle=&page=",
    "timestamp": "unknown"
  },
  {
    "title": "Next page\u203a",
    "link": "https://ir.ptcbio.com/financial-information/sec-filings?&field_nir_sec_cik_target_id=&field_nir_sec_date_filed_value=&&&items_per_page_toggle=&page=",
    "timestamp": "unknown"
  },
  {
    "title": "Last page\u00bb",
    "link": "https://ir.ptcbio.com/financial-information/sec-filings?&field_nir_sec_cik_target_id=&field_nir_sec_date_filed_value=&&&items_per_page_toggle=&page=",
    "timestamp": "unknown"
  },
  {
    "title": "Data provided byKaleidoscope.",
    "link": "https://www.kscope.io",
    "timestamp": "unknown"
  },
  {
    "title": "Data provided byKaleidoscope.",
    "link": "https://www.kscope.io",
    "timestamp": "unknown"
  },
  {
    "title": "Printed MaterialsEmail AlertsRSSPrint",
    "link": "https://ir.ptcbio.com/printed-materials",
    "timestamp": "unknown"
  },
  {
    "title": "Printed Materials",
    "link": "https://ir.ptcbio.com/printed-materials",
    "timestamp": "unknown"
  },
  {
    "title": "Email Alerts",
    "link": "https://ir.ptcbio.com/email-alerts",
    "timestamp": "unknown"
  },
  {
    "title": "RSS",
    "link": "https://ir.ptcbio.com/rss-news-feeds",
    "timestamp": "unknown"
  },
  {
    "title": "Print",
    "link": "https://ir.ptcbio.com/financial-information/sec-filings",
    "timestamp": "unknown"
  },
  {
    "title": "Get to know PTCLeadership TeamOur ResponsibilityGrants and DonationsPTC NewsroomGlobal ComplianceFor PatientsPTC CaresInsightful MomentsRare JourneysP",
    "link": "https://www.ptcbio.com/",
    "timestamp": "unknown"
  },
  {
    "title": "Get to know PTCLeadership TeamOur ResponsibilityGrants and DonationsPTC NewsroomGlobal Compliance",
    "link": "https://www.ptcbio.com/about-ptc/leadership/",
    "timestamp": "unknown"
  },
  {
    "title": "Leadership Team",
    "link": "https://www.ptcbio.com/about-ptc/leadership/",
    "timestamp": "unknown"
  },
  {
    "title": "Our Responsibility",
    "link": "https://www.ptcbio.com/about-ptc/our-responsibility/",
    "timestamp": "unknown"
  },
  {
    "title": "Grants and Donations",
    "link": "https://www.ptcbio.com/grants-and-donations/",
    "timestamp": "unknown"
  },
  {
    "title": "PTC Newsroom",
    "link": "https://www.ptcbio.com/newsroom/",
    "timestamp": "unknown"
  },
  {
    "title": "Global Compliance",
    "link": "https://www.ptcbio.com/global-compliance-program/",
    "timestamp": "unknown"
  },
  {
    "title": "For PatientsPTC CaresInsightful MomentsRare JourneysPatient & Caregiver Resources",
    "link": "https://ptccares.com/",
    "timestamp": "unknown"
  },
  {
    "title": "PTC Cares",
    "link": "https://ptccares.com/",
    "timestamp": "unknown"
  },
  {
    "title": "Insightful Moments",
    "link": "https://www.ptcbio.com/insightful-moments/",
    "timestamp": "unknown"
  },
  {
    "title": "Rare Journeys",
    "link": "https://www.ptcbio.com/rare-journeys/",
    "timestamp": "unknown"
  },
  {
    "title": "Patient & Caregiver Resources",
    "link": "https://www.ptcbio.com/patients-caregivers-resources/",
    "timestamp": "unknown"
  },
  {
    "title": "Clinical TrialsCareersOur ProductsInvestor Relations",
    "link": "https://clinicaltrials.ptcbio.com",
    "timestamp": "unknown"
  },
  {
    "title": "Clinical Trials",
    "link": "https://clinicaltrials.ptcbio.com",
    "timestamp": "unknown"
  },
  {
    "title": "Careers",
    "link": "https://www.ptcbio.com/careers/",
    "timestamp": "unknown"
  },
  {
    "title": "Our Products",
    "link": "https://www.ptcbio.com/our-products/",
    "timestamp": "unknown"
  },
  {
    "title": "Investor Relations",
    "link": "https://ir.ptcbio.com/",
    "timestamp": "unknown"
  },
  {
    "title": "Have Questions?Contact UsFollow Us On:",
    "link": "https://www.ptcbio.com/contact-us/",
    "timestamp": "unknown"
  },
  {
    "title": "Contact Us",
    "link": "https://www.ptcbio.com/contact-us/",
    "timestamp": "unknown"
  }
]