[
  {
    "title": "Regeneron.comContact UsSearchOpen Search BarNewsEvents &PresentationsStockInformationFinancialsGovernanceResourcesNewsEvents & PresentationsStock Info",
    "link": "https://investor.regeneron.com/",
    "timestamp": "unknown"
  },
  {
    "title": "Regeneron.comContact UsSearchOpen Search BarNewsEvents &PresentationsStockInformationFinancialsGovernanceResources",
    "link": "https://investor.regeneron.com/",
    "timestamp": "unknown"
  },
  {
    "title": "Regeneron.comContact UsSearchOpen Search Bar",
    "link": "https://investor.regeneron.com/",
    "timestamp": "unknown"
  },
  {
    "title": "Regeneron.comContact UsSearchOpen Search Bar",
    "link": "https://investor.regeneron.com/",
    "timestamp": "unknown"
  },
  {
    "title": "Regeneron.comContact UsSearchOpen Search Bar",
    "link": "https://investor.regeneron.com/",
    "timestamp": "unknown"
  },
  {
    "title": "Regeneron.comContact Us",
    "link": "https://regeneron.com/",
    "timestamp": "unknown"
  },
  {
    "title": "NewsEvents &PresentationsStockInformationFinancialsGovernanceResources",
    "link": "https://investor.regeneron.com/",
    "timestamp": "unknown"
  },
  {
    "title": "NewsEvents &PresentationsStockInformationFinancialsGovernanceResources",
    "link": "https://investor.regeneron.com/",
    "timestamp": "unknown"
  },
  {
    "title": "NewsEvents &PresentationsStockInformationFinancialsGovernanceResources",
    "link": "https://investor.regeneron.com/",
    "timestamp": "unknown"
  },
  {
    "title": "NewsEvents &PresentationsStockInformationFinancialsGovernanceResources",
    "link": "https://investor.regeneron.com/",
    "timestamp": "unknown"
  },
  {
    "title": "NewsEvents & PresentationsStock InformationFinancialsGovernanceResourcesReturn to Top LevelPress ReleasesMedia StatementsReturn to Top LevelUpcoming &",
    "link": "https://investor.regeneron.com/news/press-releases",
    "timestamp": "unknown"
  },
  {
    "title": "NewsEvents & PresentationsStock InformationFinancialsGovernanceResources",
    "link": "https://investor.regeneron.com/news/press-releases",
    "timestamp": "unknown"
  },
  {
    "title": "NewsEvents & PresentationsStock InformationFinancialsGovernanceResources",
    "link": "https://investor.regeneron.com/news/press-releases",
    "timestamp": "unknown"
  },
  {
    "title": "Return to Top LevelPress ReleasesMedia StatementsReturn to Top LevelUpcoming & RecentArchiveReturn to Top LevelStock InformationHistoric Price LookupI",
    "link": "https://investor.regeneron.com/news/press-releases",
    "timestamp": "unknown"
  },
  {
    "title": "Return to Top LevelPress ReleasesMedia Statements",
    "link": "https://investor.regeneron.com/news/press-releases",
    "timestamp": "unknown"
  },
  {
    "title": "Return to Top LevelUpcoming & RecentArchive",
    "link": "https://investor.regeneron.com/events-and-presentations/events-and-recent",
    "timestamp": "unknown"
  },
  {
    "title": "Return to Top LevelStock InformationHistoric Price LookupInvestment CalculatorOwnership Profile",
    "link": "https://investor.regeneron.com/stock-information",
    "timestamp": "unknown"
  },
  {
    "title": "Return to Top LevelFinancial InformationSEC FilingsAnnual Reports & Proxy StatementsQuarterly Results",
    "link": "https://investor.regeneron.com/financials/overview",
    "timestamp": "unknown"
  },
  {
    "title": "Return to Top LevelGovernance DocumentsCorporate ResponsibilityCommittee CompositionContact the BoardInsider Transactions",
    "link": "https://investor.regeneron.com/governance/governance-documents",
    "timestamp": "unknown"
  },
  {
    "title": "Return to Top LevelFAQsPipelineOur Medicines",
    "link": "https://investor.regeneron.com/resources/investor-faqs",
    "timestamp": "unknown"
  },
  {
    "title": "Regeneron.comContact Us",
    "link": "https://regeneron.com/",
    "timestamp": "unknown"
  },
  {
    "title": "View media statementsYearAllDecember ,   ESTDupixent\u00ae (dupilumab) Approved in Japan for Children Aged  to  Years with Bronchial AsthmaRead press relea",
    "link": "https://investor.regeneron.com/news/media-statements",
    "timestamp": "unknown"
  },
  {
    "title": "View media statementsYearAllDecember ,   ESTDupixent\u00ae (dupilumab) Approved in Japan for Children Aged  to  Years with Bronchial AsthmaRead press relea",
    "link": "https://investor.regeneron.com/news/media-statements",
    "timestamp": "unknown"
  },
  {
    "title": "View media statementsYearAllDecember ,   ESTDupixent\u00ae (dupilumab) Approved in Japan for Children Aged  to  Years with Bronchial AsthmaRead press relea",
    "link": "https://investor.regeneron.com/news/media-statements",
    "timestamp": "unknown"
  },
  {
    "title": "View media statementsYearAllDecember ,   ESTDupixent\u00ae (dupilumab) Approved in Japan for Children Aged  to  Years with Bronchial AsthmaRead press relea",
    "link": "https://investor.regeneron.com/news/media-statements",
    "timestamp": "unknown"
  },
  {
    "title": "View media statementsYearAllDecember ,   ESTDupixent\u00ae (dupilumab) Approved in Japan for Children Aged  to  Years with Bronchial AsthmaRead press relea",
    "link": "https://investor.regeneron.com/news/media-statements",
    "timestamp": "unknown"
  },
  {
    "title": "View media statementsYearAllDecember ,   ESTDupixent\u00ae (dupilumab) Approved in Japan for Children Aged  to  Years with Bronchial AsthmaRead press relea",
    "link": "https://investor.regeneron.com/news/media-statements",
    "timestamp": "unknown"
  },
  {
    "title": "View media statementsYearAllDecember ,   ESTDupixent\u00ae (dupilumab) Approved in Japan for Children Aged  to  Years with Bronchial AsthmaRead press relea",
    "link": "https://investor.regeneron.com/news/media-statements",
    "timestamp": "unknown"
  },
  {
    "title": "View media statements",
    "link": "https://investor.regeneron.com/news/media-statements",
    "timestamp": "unknown"
  },
  {
    "title": "YearAllDecember ,   ESTDupixent\u00ae (dupilumab) Approved in Japan for Children Aged  to  Years with Bronchial AsthmaRead press release: Dupixent\u00ae (dupilu",
    "link": "https://investor.regeneron.com/news-releases/news-release-details/dupixentr-dupilumab-approved-japan-children-aged---years",
    "timestamp": "unknown"
  },
  {
    "title": "YearAllDecember ,   ESTDupixent\u00ae (dupilumab) Approved in Japan for Children Aged  to  Years with Bronchial AsthmaRead press release: Dupixent\u00ae (dupilu",
    "link": "https://investor.regeneron.com/news-releases/news-release-details/dupixentr-dupilumab-approved-japan-children-aged---years",
    "timestamp": "unknown"
  },
  {
    "title": "YearAllDecember ,   ESTDupixent\u00ae (dupilumab) Approved in Japan for Children Aged  to  Years with Bronchial AsthmaRead press release: Dupixent\u00ae (dupilu",
    "link": "https://investor.regeneron.com/news-releases/news-release-details/dupixentr-dupilumab-approved-japan-children-aged---years",
    "timestamp": "unknown"
  },
  {
    "title": "YearAllDecember ,   ESTDupixent\u00ae (dupilumab) Approved in Japan for Children Aged  to  Years with Bronchial AsthmaRead press release: Dupixent\u00ae (dupilu",
    "link": "https://investor.regeneron.com/news-releases/news-release-details/dupixentr-dupilumab-approved-japan-children-aged---years",
    "timestamp": "unknown"
  },
  {
    "title": "YearAllDecember ,   ESTDupixent\u00ae (dupilumab) Approved in Japan for Children Aged  to  Years with Bronchial AsthmaRead press release: Dupixent\u00ae (dupilu",
    "link": "https://investor.regeneron.com/news-releases/news-release-details/dupixentr-dupilumab-approved-japan-children-aged---years",
    "timestamp": "unknown"
  },
  {
    "title": "YearAllDecember ,   ESTDupixent\u00ae (dupilumab) Approved in Japan for Children Aged  to  Years with Bronchial AsthmaRead press release: Dupixent\u00ae (dupilu",
    "link": "https://investor.regeneron.com/news-releases/news-release-details/dupixentr-dupilumab-approved-japan-children-aged---years",
    "timestamp": "unknown"
  },
  {
    "title": "YearAllDecember ,   ESTDupixent\u00ae (dupilumab) Approved in Japan for Children Aged  to  Years with Bronchial AsthmaRead press release: Dupixent\u00ae (dupilu",
    "link": "https://investor.regeneron.com/news-releases/news-release-details/dupixentr-dupilumab-approved-japan-children-aged---years",
    "timestamp": "unknown"
  },
  {
    "title": "YearAllDecember ,   ESTDupixent\u00ae (dupilumab) Approved in Japan for Children Aged  to  Years with Bronchial AsthmaRead press release: Dupixent\u00ae (dupilu",
    "link": "https://investor.regeneron.com/news-releases/news-release-details/dupixentr-dupilumab-approved-japan-children-aged---years",
    "timestamp": "unknown"
  },
  {
    "title": "YearAllDecember ,   ESTDupixent\u00ae (dupilumab) Approved in Japan for Children Aged  to  Years with Bronchial AsthmaRead press release: Dupixent\u00ae (dupilu",
    "link": "https://investor.regeneron.com/news-releases/news-release-details/dupixentr-dupilumab-approved-japan-children-aged---years",
    "timestamp": "unknown"
  },
  {
    "title": "YearAllDecember ,   ESTDupixent\u00ae (dupilumab) Approved in Japan for Children Aged  to  Years with Bronchial AsthmaRead press release: Dupixent\u00ae (dupilu",
    "link": "https://investor.regeneron.com/news-releases/news-release-details/dupixentr-dupilumab-approved-japan-children-aged---years",
    "timestamp": "unknown"
  },
  {
    "title": "YearAllDecember ,   ESTDupixent\u00ae (dupilumab) Approved in Japan for Children Aged  to  Years with Bronchial AsthmaRead press release: Dupixent\u00ae (dupilu",
    "link": "https://investor.regeneron.com/news-releases/news-release-details/dupixentr-dupilumab-approved-japan-children-aged---years",
    "timestamp": "unknown"
  },
  {
    "title": "YearAllDecember ,   ESTDupixent\u00ae (dupilumab) Approved in Japan for Children Aged  to  Years with Bronchial AsthmaRead press release: Dupixent\u00ae (dupilu",
    "link": "https://investor.regeneron.com/news-releases/news-release-details/dupixentr-dupilumab-approved-japan-children-aged---years",
    "timestamp": "unknown"
  },
  {
    "title": "YearAllDecember ,   ESTDupixent\u00ae (dupilumab) Approved in Japan for Children Aged  to  Years with Bronchial AsthmaRead press release: Dupixent\u00ae (dupilu",
    "link": "https://investor.regeneron.com/news-releases/news-release-details/dupixentr-dupilumab-approved-japan-children-aged---years",
    "timestamp": "unknown"
  },
  {
    "title": "YearAllDecember ,   ESTDupixent\u00ae (dupilumab) Approved in Japan for Children Aged  to  Years with Bronchial AsthmaRead press release: Dupixent\u00ae (dupilu",
    "link": "https://investor.regeneron.com/news-releases/news-release-details/dupixentr-dupilumab-approved-japan-children-aged---years",
    "timestamp": "unknown"
  },
  {
    "title": "December ,   ESTDupixent\u00ae (dupilumab) Approved in Japan for Children Aged  to  Years with Bronchial AsthmaRead press release: Dupixent\u00ae (dupilumab) Ap",
    "link": "https://investor.regeneron.com/news-releases/news-release-details/dupixentr-dupilumab-approved-japan-children-aged---years",
    "timestamp": "unknown"
  },
  {
    "title": "December ,   ESTDupixent\u00ae (dupilumab) Approved in Japan for Children Aged  to  Years with Bronchial AsthmaRead press release: Dupixent\u00ae (dupilumab) Ap",
    "link": "https://investor.regeneron.com/news-releases/news-release-details/dupixentr-dupilumab-approved-japan-children-aged---years",
    "timestamp": "unknown"
  },
  {
    "title": "Read press release: Dupixent\u00ae (dupilumab) Approved in Japan for Children Aged  to  Years with Bronchial Asthma",
    "link": "https://investor.regeneron.com/news-releases/news-release-details/dupixentr-dupilumab-approved-japan-children-aged---years",
    "timestamp": "unknown"
  },
  {
    "title": "December ,   ESTRegeneron Announces Presentation at the 44th Annual J.P. Morgan Healthcare ConferenceRead press release: Regeneron Announces Presentat",
    "link": "https://investor.regeneron.com/news-releases/news-release-details/regeneron-announces-presentation-44th-annual-jp-morgan",
    "timestamp": "unknown"
  },
  {
    "title": "Read press release: Regeneron Announces Presentation at the 44th Annual J.P. Morgan Healthcare Conference",
    "link": "https://investor.regeneron.com/news-releases/news-release-details/regeneron-announces-presentation-44th-annual-jp-morgan",
    "timestamp": "unknown"
  },
  {
    "title": "December ,   ESTLynozyfic\u2122 (linvoseltamab) Monotherapy in Newly Diagnosed Multiple Myeloma (NDMM) Shows Impressive Responses, Supporting Rationale as ",
    "link": "https://investor.regeneron.com/news-releases/news-release-details/lynozyfictm-linvoseltamab-monotherapy-newly-diagnosed-multiple",
    "timestamp": "unknown"
  },
  {
    "title": "Read press release: Lynozyfic\u2122 (linvoseltamab) Monotherapy in Newly Diagnosed Multiple Myeloma (NDMM) Shows Impressive Responses, Supporting Rationale",
    "link": "https://investor.regeneron.com/news-releases/news-release-details/lynozyfictm-linvoseltamab-monotherapy-newly-diagnosed-multiple",
    "timestamp": "unknown"
  },
  {
    "title": "December ,   ESTRegeneron and Tessera Therapeutics to Jointly Develop TSRA-, an Investigational Gene Editing Therapy for Alpha- Antitrypsin Deficiency",
    "link": "https://investor.regeneron.com/news-releases/news-release-details/regeneron-and-tessera-therapeutics-jointly-develop-tsra-",
    "timestamp": "unknown"
  },
  {
    "title": "Read press release: Regeneron and Tessera Therapeutics to Jointly Develop TSRA-, an Investigational Gene Editing Therapy for Alpha- Antitrypsin Defici",
    "link": "https://investor.regeneron.com/news-releases/news-release-details/regeneron-and-tessera-therapeutics-jointly-develop-tsra-",
    "timestamp": "unknown"
  },
  {
    "title": "November ,   ESTDupixent\u00ae (dupilumab) Approved as the First Targeted Medicine in the European Union (EU) in Over a Decade for Chronic Spontaneous Urti",
    "link": "https://investor.regeneron.com/news-releases/news-release-details/dupixentr-dupilumab-approved-first-targeted-medicine-european",
    "timestamp": "unknown"
  },
  {
    "title": "Read press release: Dupixent\u00ae (dupilumab) Approved as the First Targeted Medicine in the European Union (EU) in Over a Decade for Chronic Spontaneous ",
    "link": "https://investor.regeneron.com/news-releases/news-release-details/dupixentr-dupilumab-approved-first-targeted-medicine-european",
    "timestamp": "unknown"
  },
  {
    "title": "November ,   ESTEYLEA HD\u00ae (aflibercept) Injection  mg Approved by FDA for the Treatment of Macular Edema Following Retinal Vein Occlusion (RVO) and fo",
    "link": "https://investor.regeneron.com/news-releases/news-release-details/eylea-hdr-aflibercept-injection--mg-approved-fda-treatment",
    "timestamp": "unknown"
  },
  {
    "title": "Read press release: EYLEA HD\u00ae (aflibercept) Injection  mg Approved by FDA for the Treatment of Macular Edema Following Retinal Vein Occlusion (RVO) an",
    "link": "https://investor.regeneron.com/news-releases/news-release-details/eylea-hdr-aflibercept-injection--mg-approved-fda-treatment",
    "timestamp": "unknown"
  },
  {
    "title": "November ,   ESTLibtayo\u00ae (cemiplimab) Approved in the European Union as First and Only Immunotherapy for Adjuvant Treatment of Cutaneous Squamous Cell",
    "link": "https://investor.regeneron.com/news-releases/news-release-details/libtayor-cemiplimab-approved-european-union-first-and-only",
    "timestamp": "unknown"
  },
  {
    "title": "Read press release: Libtayo\u00ae (cemiplimab) Approved in the European Union as First and Only Immunotherapy for Adjuvant Treatment of Cutaneous Squamous ",
    "link": "https://investor.regeneron.com/news-releases/news-release-details/libtayor-cemiplimab-approved-european-union-first-and-only",
    "timestamp": "unknown"
  },
  {
    "title": "November ,   ESTRegeneron Highlights Progress at American Society of Hematology (ASH), with Updated Data in Multiple Myeloma, Lymphoma and Paroxysmal ",
    "link": "https://investor.regeneron.com/news-releases/news-release-details/regeneron-highlights-progress-american-society-hematology-ash",
    "timestamp": "unknown"
  },
  {
    "title": "Read press release: Regeneron Highlights Progress at American Society of Hematology (ASH), with Updated Data in Multiple Myeloma, Lymphoma and Paroxys",
    "link": "https://investor.regeneron.com/news-releases/news-release-details/regeneron-highlights-progress-american-society-hematology-ash",
    "timestamp": "unknown"
  },
  {
    "title": "November ,   ESTPhase  Trials Demonstrating Antithrombotic Effect of Two Novel Regeneron Factor XI Antibodies Presented at American Heart Association ",
    "link": "https://investor.regeneron.com/news-releases/news-release-details/phase--trials-demonstrating-antithrombotic-effect-two-novel",
    "timestamp": "unknown"
  },
  {
    "title": "Read press release: Phase  Trials Demonstrating Antithrombotic Effect of Two Novel Regeneron Factor XI Antibodies Presented at American Heart Associat",
    "link": "https://investor.regeneron.com/news-releases/news-release-details/phase--trials-demonstrating-antithrombotic-effect-two-novel",
    "timestamp": "unknown"
  },
  {
    "title": "November ,   ESTDupixent\u00ae (dupilumab) Pivotal Trial Met All Primary and Secondary Endpoints, Reducing Signs and Symptoms of Allergic Fungal Rhinosinus",
    "link": "https://investor.regeneron.com/news-releases/news-release-details/dupixentr-dupilumab-pivotal-trial-met-all-primary-and-secondary",
    "timestamp": "unknown"
  },
  {
    "title": "Read press release: Dupixent\u00ae (dupilumab) Pivotal Trial Met All Primary and Secondary Endpoints, Reducing Signs and Symptoms of Allergic Fungal Rhinos",
    "link": "https://investor.regeneron.com/news-releases/news-release-details/dupixentr-dupilumab-pivotal-trial-met-all-primary-and-secondary",
    "timestamp": "unknown"
  },
  {
    "title": "PaginationPage:Current pagePagePage\u2026Next\u203aLast page\u00bb",
    "link": "https://investor.regeneron.com/news/press-releases?mobile=&page=",
    "timestamp": "unknown"
  },
  {
    "title": "PaginationPage:Current pagePagePage\u2026Next\u203aLast page\u00bb",
    "link": "https://investor.regeneron.com/news/press-releases?mobile=&page=",
    "timestamp": "unknown"
  },
  {
    "title": "PaginationPage:Current pagePagePage\u2026Next\u203aLast page\u00bb",
    "link": "https://investor.regeneron.com/news/press-releases?mobile=&page=",
    "timestamp": "unknown"
  },
  {
    "title": "Current page",
    "link": "https://investor.regeneron.com/news/press-releases?mobile=&page=",
    "timestamp": "unknown"
  },
  {
    "title": "Page",
    "link": "https://investor.regeneron.com/news/press-releases?mobile=&page=",
    "timestamp": "unknown"
  },
  {
    "title": "Page",
    "link": "https://investor.regeneron.com/news/press-releases?mobile=&page=",
    "timestamp": "unknown"
  },
  {
    "title": "Next\u203a",
    "link": "https://investor.regeneron.com/news/press-releases?mobile=&page=",
    "timestamp": "unknown"
  },
  {
    "title": "Last page\u00bb",
    "link": "https://investor.regeneron.com/news/press-releases?mobile=&page=",
    "timestamp": "unknown"
  },
  {
    "title": "Back to top",
    "link": "https://investor.regeneron.com/news/press-releases",
    "timestamp": "unknown"
  },
  {
    "title": "Contact UsRegeneron.comCareersClinical Trials",
    "link": "https://www.regeneron.com/contact",
    "timestamp": "unknown"
  },
  {
    "title": "Contact Us",
    "link": "https://www.regeneron.com/contact",
    "timestamp": "unknown"
  },
  {
    "title": "Regeneron.com",
    "link": "https://www.regeneron.com/",
    "timestamp": "unknown"
  },
  {
    "title": "Careers",
    "link": "https://careers.regeneron.com/",
    "timestamp": "unknown"
  },
  {
    "title": "Clinical Trials",
    "link": "https://clinicaltrials.regeneron.com/",
    "timestamp": "unknown"
  },
  {
    "title": "Terms of Use",
    "link": "https://www.regeneron.com/terms",
    "timestamp": "unknown"
  },
  {
    "title": "Accessibility Statement",
    "link": "https://www.regeneron.com/accessibility-statement",
    "timestamp": "unknown"
  },
  {
    "title": "Site Map",
    "link": "https://investor.regeneron.com/sitemap",
    "timestamp": "unknown"
  },
  {
    "title": "Social Media TermsPrivacy NoticePrivacy Preference Center",
    "link": "https://www.regeneron.com/social-media-terms",
    "timestamp": "unknown"
  },
  {
    "title": "Social Media TermsPrivacy NoticePrivacy Preference Center",
    "link": "https://www.regeneron.com/social-media-terms",
    "timestamp": "unknown"
  },
  {
    "title": "Social Media Terms",
    "link": "https://www.regeneron.com/social-media-terms",
    "timestamp": "unknown"
  },
  {
    "title": "Privacy Notice",
    "link": "https://www.regeneron.com/privacy-notice",
    "timestamp": "unknown"
  },
  {
    "title": "Privacy Preference Center",
    "link": "https://investor.regeneron.com/news/press-releases#/",
    "timestamp": "unknown"
  },
  {
    "title": "CloseYou are now leaving Investor.Regeneron.com. The site you are about to visit is maintained by a third\n                party who is solely responsi",
    "link": "https://investor.regeneron.com/news/press-releases",
    "timestamp": "unknown"
  },
  {
    "title": "CloseYou are now leaving Investor.Regeneron.com. The site you are about to visit is maintained by a third\n                party who is solely responsi",
    "link": "https://investor.regeneron.com/news/press-releases",
    "timestamp": "unknown"
  },
  {
    "title": "CloseYou are now leaving Investor.Regeneron.com. The site you are about to visit is maintained by a third\n                party who is solely responsi",
    "link": "https://investor.regeneron.com/news/press-releases",
    "timestamp": "unknown"
  },
  {
    "title": "ContinueReturn to Investor.Regeneron.com",
    "link": "https://investor.regeneron.com/news/press-releases",
    "timestamp": "unknown"
  },
  {
    "title": "ContinueReturn to Investor.Regeneron.com",
    "link": "https://investor.regeneron.com/news/press-releases",
    "timestamp": "unknown"
  },
  {
    "title": "Continue",
    "link": "https://investor.regeneron.com/news/press-releases",
    "timestamp": "unknown"
  },
  {
    "title": "CloseYou are now leaving Investor.Regeneron.com to visit another Regeneron website.ContinueReturn to Investor.Regeneron.com",
    "link": "https://investor.regeneron.com/news/press-releases",
    "timestamp": "unknown"
  },
  {
    "title": "CloseYou are now leaving Investor.Regeneron.com to visit another Regeneron website.ContinueReturn to Investor.Regeneron.com",
    "link": "https://investor.regeneron.com/news/press-releases",
    "timestamp": "unknown"
  },
  {
    "title": "CloseYou are now leaving Investor.Regeneron.com to visit another Regeneron website.ContinueReturn to Investor.Regeneron.com",
    "link": "https://investor.regeneron.com/news/press-releases",
    "timestamp": "unknown"
  },
  {
    "title": "ContinueReturn to Investor.Regeneron.com",
    "link": "https://investor.regeneron.com/news/press-releases",
    "timestamp": "unknown"
  },
  {
    "title": "ContinueReturn to Investor.Regeneron.com",
    "link": "https://investor.regeneron.com/news/press-releases",
    "timestamp": "unknown"
  },
  {
    "title": "Continue",
    "link": "https://investor.regeneron.com/news/press-releases",
    "timestamp": "unknown"
  },
  {
    "title": "CloseYou are now leaving Investor.Regeneron.com. The site you are about to visit is maintained by a third\n                party who is solely responsi",
    "link": "https://investor.regeneron.com/news/press-releases",
    "timestamp": "unknown"
  },
  {
    "title": "CloseYou are now leaving Investor.Regeneron.com. The site you are about to visit is maintained by a third\n                party who is solely responsi",
    "link": "https://investor.regeneron.com/news/press-releases",
    "timestamp": "unknown"
  },
  {
    "title": "CloseYou are now leaving Investor.Regeneron.com. The site you are about to visit is maintained by a third\n                party who is solely responsi",
    "link": "https://investor.regeneron.com/news/press-releases",
    "timestamp": "unknown"
  },
  {
    "title": "ContinueReturn to Investor.Regeneron.com",
    "link": "https://investor.regeneron.com/news/press-releases",
    "timestamp": "unknown"
  },
  {
    "title": "ContinueReturn to Investor.Regeneron.com",
    "link": "https://investor.regeneron.com/news/press-releases",
    "timestamp": "unknown"
  },
  {
    "title": "Continue",
    "link": "https://investor.regeneron.com/news/press-releases",
    "timestamp": "unknown"
  },
  {
    "title": "CloseYou are now leaving Investor.Regeneron.com to visit another Regeneron website.ContinueReturn to Investor.Regeneron.com",
    "link": "https://investor.regeneron.com/news/press-releases",
    "timestamp": "unknown"
  },
  {
    "title": "CloseYou are now leaving Investor.Regeneron.com to visit another Regeneron website.ContinueReturn to Investor.Regeneron.com",
    "link": "https://investor.regeneron.com/news/press-releases",
    "timestamp": "unknown"
  },
  {
    "title": "CloseYou are now leaving Investor.Regeneron.com to visit another Regeneron website.ContinueReturn to Investor.Regeneron.com",
    "link": "https://investor.regeneron.com/news/press-releases",
    "timestamp": "unknown"
  },
  {
    "title": "ContinueReturn to Investor.Regeneron.com",
    "link": "https://investor.regeneron.com/news/press-releases",
    "timestamp": "unknown"
  },
  {
    "title": "ContinueReturn to Investor.Regeneron.com",
    "link": "https://investor.regeneron.com/news/press-releases",
    "timestamp": "unknown"
  },
  {
    "title": "Continue",
    "link": "https://investor.regeneron.com/news/press-releases",
    "timestamp": "unknown"
  }
]