[
  {
    "title": "Regeneron.comContact UsSearchOpen Search BarNewsEvents &PresentationsStockInformationFinancialsGovernanceResourcesNewsEvents & PresentationsStock Info",
    "link": "https://investor.regeneron.com/",
    "timestamp": "unknown"
  },
  {
    "title": "Regeneron.comContact UsSearchOpen Search BarNewsEvents &PresentationsStockInformationFinancialsGovernanceResources",
    "link": "https://investor.regeneron.com/",
    "timestamp": "unknown"
  },
  {
    "title": "Regeneron.comContact UsSearchOpen Search Bar",
    "link": "https://investor.regeneron.com/",
    "timestamp": "unknown"
  },
  {
    "title": "Regeneron.comContact UsSearchOpen Search Bar",
    "link": "https://investor.regeneron.com/",
    "timestamp": "unknown"
  },
  {
    "title": "Regeneron.comContact UsSearchOpen Search Bar",
    "link": "https://investor.regeneron.com/",
    "timestamp": "unknown"
  },
  {
    "title": "Regeneron.comContact Us",
    "link": "https://regeneron.com/",
    "timestamp": "unknown"
  },
  {
    "title": "NewsEvents &PresentationsStockInformationFinancialsGovernanceResources",
    "link": "https://investor.regeneron.com/",
    "timestamp": "unknown"
  },
  {
    "title": "NewsEvents &PresentationsStockInformationFinancialsGovernanceResources",
    "link": "https://investor.regeneron.com/",
    "timestamp": "unknown"
  },
  {
    "title": "NewsEvents &PresentationsStockInformationFinancialsGovernanceResources",
    "link": "https://investor.regeneron.com/",
    "timestamp": "unknown"
  },
  {
    "title": "NewsEvents &PresentationsStockInformationFinancialsGovernanceResources",
    "link": "https://investor.regeneron.com/",
    "timestamp": "unknown"
  },
  {
    "title": "NewsEvents & PresentationsStock InformationFinancialsGovernanceResourcesReturn to Top LevelPress ReleasesMedia StatementsReturn to Top LevelUpcoming &",
    "link": "https://investor.regeneron.com/events-and-presentations/events-and-recent",
    "timestamp": "unknown"
  },
  {
    "title": "NewsEvents & PresentationsStock InformationFinancialsGovernanceResources",
    "link": "https://investor.regeneron.com/events-and-presentations/events-and-recent",
    "timestamp": "unknown"
  },
  {
    "title": "NewsEvents & PresentationsStock InformationFinancialsGovernanceResources",
    "link": "https://investor.regeneron.com/events-and-presentations/events-and-recent",
    "timestamp": "unknown"
  },
  {
    "title": "Return to Top LevelPress ReleasesMedia StatementsReturn to Top LevelUpcoming & RecentArchiveReturn to Top LevelStock InformationHistoric Price LookupI",
    "link": "https://investor.regeneron.com/news/press-releases",
    "timestamp": "unknown"
  },
  {
    "title": "Return to Top LevelPress ReleasesMedia Statements",
    "link": "https://investor.regeneron.com/news/press-releases",
    "timestamp": "unknown"
  },
  {
    "title": "Return to Top LevelUpcoming & RecentArchive",
    "link": "https://investor.regeneron.com/events-and-presentations/events-and-recent",
    "timestamp": "unknown"
  },
  {
    "title": "Return to Top LevelStock InformationHistoric Price LookupInvestment CalculatorOwnership Profile",
    "link": "https://investor.regeneron.com/stock-information",
    "timestamp": "unknown"
  },
  {
    "title": "Return to Top LevelFinancial InformationSEC FilingsAnnual Reports & Proxy StatementsQuarterly Results",
    "link": "https://investor.regeneron.com/financials/overview",
    "timestamp": "unknown"
  },
  {
    "title": "Return to Top LevelGovernance DocumentsCorporate ResponsibilityCommittee CompositionContact the BoardInsider Transactions",
    "link": "https://investor.regeneron.com/governance/governance-documents",
    "timestamp": "unknown"
  },
  {
    "title": "Return to Top LevelFAQsPipelineOur Medicines",
    "link": "https://investor.regeneron.com/resources/investor-faqs",
    "timestamp": "unknown"
  },
  {
    "title": "Regeneron.comContact Us",
    "link": "https://regeneron.com/",
    "timestamp": "unknown"
  },
  {
    "title": "Events & Presentations/Upcoming & Recent/Upcoming & RecentUpcoming & Recent",
    "link": "https://investor.regeneron.com/events-and-presentations/events-and-recent",
    "timestamp": "unknown"
  },
  {
    "title": "Events & Presentations/Upcoming & Recent/Upcoming & RecentUpcoming & Recent",
    "link": "https://investor.regeneron.com/events-and-presentations/events-and-recent",
    "timestamp": "unknown"
  },
  {
    "title": "Events & Presentations/Upcoming & Recent/Upcoming & Recent",
    "link": "https://investor.regeneron.com/events-and-presentations/events-and-recent",
    "timestamp": "unknown"
  },
  {
    "title": "Events & Presentations/Upcoming & Recent/Upcoming & Recent",
    "link": "https://investor.regeneron.com/events-and-presentations/events-and-recent",
    "timestamp": "unknown"
  },
  {
    "title": "Events & Presentations/Upcoming & Recent/Upcoming & Recent",
    "link": "https://investor.regeneron.com/events-and-presentations/events-and-recent",
    "timestamp": "unknown"
  },
  {
    "title": "Upcoming eventsNov ,EST7th Annual Wolfe Research Healthcare ConferenceListen to the 7th Annual Wolfe Research Healthcare Conference webcastRemind me:N",
    "link": "https://investor.regeneron.com/events/event-details/7th-annual-wolfe-research-healthcare-conference",
    "timestamp": "unknown"
  },
  {
    "title": "Upcoming eventsNov ,EST7th Annual Wolfe Research Healthcare ConferenceListen to the 7th Annual Wolfe Research Healthcare Conference webcastRemind me:N",
    "link": "https://investor.regeneron.com/events/event-details/7th-annual-wolfe-research-healthcare-conference",
    "timestamp": "unknown"
  },
  {
    "title": "Upcoming eventsNov ,EST7th Annual Wolfe Research Healthcare ConferenceListen to the 7th Annual Wolfe Research Healthcare Conference webcastRemind me:N",
    "link": "https://investor.regeneron.com/events/event-details/7th-annual-wolfe-research-healthcare-conference",
    "timestamp": "unknown"
  },
  {
    "title": "Upcoming eventsNov ,EST7th Annual Wolfe Research Healthcare ConferenceListen to the 7th Annual Wolfe Research Healthcare Conference webcastRemind me:N",
    "link": "https://investor.regeneron.com/events/event-details/7th-annual-wolfe-research-healthcare-conference",
    "timestamp": "unknown"
  },
  {
    "title": "Upcoming eventsNov ,EST7th Annual Wolfe Research Healthcare ConferenceListen to the 7th Annual Wolfe Research Healthcare Conference webcastRemind me:N",
    "link": "https://investor.regeneron.com/events/event-details/7th-annual-wolfe-research-healthcare-conference",
    "timestamp": "unknown"
  },
  {
    "title": "Upcoming eventsNov ,EST7th Annual Wolfe Research Healthcare ConferenceListen to the 7th Annual Wolfe Research Healthcare Conference webcastRemind me:N",
    "link": "https://investor.regeneron.com/events/event-details/7th-annual-wolfe-research-healthcare-conference",
    "timestamp": "unknown"
  },
  {
    "title": "Upcoming eventsNov ,EST7th Annual Wolfe Research Healthcare ConferenceListen to the 7th Annual Wolfe Research Healthcare Conference webcastRemind me:N",
    "link": "https://investor.regeneron.com/events/event-details/7th-annual-wolfe-research-healthcare-conference",
    "timestamp": "unknown"
  },
  {
    "title": "Upcoming eventsNov ,EST7th Annual Wolfe Research Healthcare ConferenceListen to the 7th Annual Wolfe Research Healthcare Conference webcastRemind me:N",
    "link": "https://investor.regeneron.com/events/event-details/7th-annual-wolfe-research-healthcare-conference",
    "timestamp": "unknown"
  },
  {
    "title": "Upcoming eventsNov ,EST7th Annual Wolfe Research Healthcare ConferenceListen to the 7th Annual Wolfe Research Healthcare Conference webcastRemind me:N",
    "link": "https://investor.regeneron.com/events/event-details/7th-annual-wolfe-research-healthcare-conference",
    "timestamp": "unknown"
  },
  {
    "title": "Upcoming eventsNov ,EST7th Annual Wolfe Research Healthcare ConferenceListen to the 7th Annual Wolfe Research Healthcare Conference webcastRemind me:N",
    "link": "https://investor.regeneron.com/events/event-details/7th-annual-wolfe-research-healthcare-conference",
    "timestamp": "unknown"
  },
  {
    "title": "Upcoming eventsNov ,EST7th Annual Wolfe Research Healthcare ConferenceListen to the 7th Annual Wolfe Research Healthcare Conference webcastRemind me:N",
    "link": "https://investor.regeneron.com/events/event-details/7th-annual-wolfe-research-healthcare-conference",
    "timestamp": "unknown"
  },
  {
    "title": "Upcoming eventsNov ,EST7th Annual Wolfe Research Healthcare ConferenceListen to the 7th Annual Wolfe Research Healthcare Conference webcastRemind me:N",
    "link": "https://investor.regeneron.com/events/event-details/7th-annual-wolfe-research-healthcare-conference",
    "timestamp": "unknown"
  },
  {
    "title": "Upcoming eventsNov ,EST7th Annual Wolfe Research Healthcare ConferenceListen to the 7th Annual Wolfe Research Healthcare Conference webcastRemind me:N",
    "link": "https://investor.regeneron.com/events/event-details/7th-annual-wolfe-research-healthcare-conference",
    "timestamp": "unknown"
  },
  {
    "title": "Upcoming eventsNov ,EST7th Annual Wolfe Research Healthcare ConferenceListen to the 7th Annual Wolfe Research Healthcare Conference webcastRemind me:N",
    "link": "https://investor.regeneron.com/events/event-details/7th-annual-wolfe-research-healthcare-conference",
    "timestamp": "unknown"
  },
  {
    "title": "Upcoming eventsNov ,EST7th Annual Wolfe Research Healthcare ConferenceListen to the 7th Annual Wolfe Research Healthcare Conference webcastRemind me:N",
    "link": "https://investor.regeneron.com/events/event-details/7th-annual-wolfe-research-healthcare-conference",
    "timestamp": "unknown"
  },
  {
    "title": "Upcoming eventsNov ,EST7th Annual Wolfe Research Healthcare ConferenceListen to the 7th Annual Wolfe Research Healthcare Conference webcastRemind me:N",
    "link": "https://investor.regeneron.com/events/event-details/7th-annual-wolfe-research-healthcare-conference",
    "timestamp": "unknown"
  },
  {
    "title": "Upcoming eventsNov ,EST7th Annual Wolfe Research Healthcare ConferenceListen to the 7th Annual Wolfe Research Healthcare Conference webcastRemind me:N",
    "link": "https://investor.regeneron.com/events/event-details/7th-annual-wolfe-research-healthcare-conference",
    "timestamp": "unknown"
  },
  {
    "title": "Upcoming eventsNov ,EST7th Annual Wolfe Research Healthcare ConferenceListen to the 7th Annual Wolfe Research Healthcare Conference webcastRemind me:N",
    "link": "https://investor.regeneron.com/events/event-details/7th-annual-wolfe-research-healthcare-conference",
    "timestamp": "unknown"
  },
  {
    "title": "Upcoming eventsNov ,EST7th Annual Wolfe Research Healthcare ConferenceListen to the 7th Annual Wolfe Research Healthcare Conference webcastRemind me:N",
    "link": "https://investor.regeneron.com/events/event-details/7th-annual-wolfe-research-healthcare-conference",
    "timestamp": "unknown"
  },
  {
    "title": "Nov ,EST7th Annual Wolfe Research Healthcare ConferenceListen to the 7th Annual Wolfe Research Healthcare Conference webcastRemind me:",
    "link": "https://investor.regeneron.com/events/event-details/7th-annual-wolfe-research-healthcare-conference",
    "timestamp": "unknown"
  },
  {
    "title": "7th Annual Wolfe Research Healthcare Conference",
    "link": "https://investor.regeneron.com/events/event-details/7th-annual-wolfe-research-healthcare-conference",
    "timestamp": "unknown"
  },
  {
    "title": "Listen to the 7th Annual Wolfe Research Healthcare Conference webcast",
    "link": "https://event.summitcast.com/view/7sPR3x6Dk6tc4R4eHmYW9H/guest_book?session_id=4gm6wC2DkGEEkyXZLrUtoe",
    "timestamp": "unknown"
  },
  {
    "title": "Listen to the 7th Annual Wolfe Research Healthcare Conference webcast",
    "link": "https://event.summitcast.com/view/7sPR3x6Dk6tc4R4eHmYW9H/guest_book?session_id=4gm6wC2DkGEEkyXZLrUtoe",
    "timestamp": "unknown"
  },
  {
    "title": "Listen to the 7th Annual Wolfe Research Healthcare Conference webcast",
    "link": "https://event.summitcast.com/view/7sPR3x6Dk6tc4R4eHmYW9H/guest_book?session_id=4gm6wC2DkGEEkyXZLrUtoe",
    "timestamp": "unknown"
  },
  {
    "title": "Nov ,ESTJefferies London Healthcare ConferenceListen to Jefferies London Healthcare Conference webcastRemind me:",
    "link": "https://investor.regeneron.com/events/event-details/jefferies-london-healthcare-conference-",
    "timestamp": "unknown"
  },
  {
    "title": "Jefferies London Healthcare Conference",
    "link": "https://investor.regeneron.com/events/event-details/jefferies-london-healthcare-conference-",
    "timestamp": "unknown"
  },
  {
    "title": "Listen to Jefferies London Healthcare Conference webcast",
    "link": "https://wsw.com/webcast/jeff332/regn/",
    "timestamp": "unknown"
  },
  {
    "title": "Listen to Jefferies London Healthcare Conference webcast",
    "link": "https://wsw.com/webcast/jeff332/regn/",
    "timestamp": "unknown"
  },
  {
    "title": "Listen to Jefferies London Healthcare Conference webcast",
    "link": "https://wsw.com/webcast/jeff332/regn/",
    "timestamp": "unknown"
  },
  {
    "title": "Dec ,EST8th Annual Evercore Healthcare ConferenceListen to the 8th Annual Evercore Healthcare Conference webcastRemind me:",
    "link": "https://investor.regeneron.com/events/event-details/8th-annual-evercore-healthcare-conference",
    "timestamp": "unknown"
  },
  {
    "title": "8th Annual Evercore Healthcare Conference",
    "link": "https://investor.regeneron.com/events/event-details/8th-annual-evercore-healthcare-conference",
    "timestamp": "unknown"
  },
  {
    "title": "Listen to the 8th Annual Evercore Healthcare Conference webcast",
    "link": "https://wsw.com/webcast/evercore52/regn/",
    "timestamp": "unknown"
  },
  {
    "title": "Listen to the 8th Annual Evercore Healthcare Conference webcast",
    "link": "https://wsw.com/webcast/evercore52/regn/",
    "timestamp": "unknown"
  },
  {
    "title": "Listen to the 8th Annual Evercore Healthcare Conference webcast",
    "link": "https://wsw.com/webcast/evercore52/regn/",
    "timestamp": "unknown"
  },
  {
    "title": "Dec ,ESTCiti  Global Healthcare ConferenceListen to Citi  Global Healthcare Conference webcastRemind me:",
    "link": "https://investor.regeneron.com/events/event-details/citi--global-healthcare-conference",
    "timestamp": "unknown"
  },
  {
    "title": "Citi  Global Healthcare Conference",
    "link": "https://investor.regeneron.com/events/event-details/citi--global-healthcare-conference",
    "timestamp": "unknown"
  },
  {
    "title": "Listen to Citi  Global Healthcare Conference webcast",
    "link": "https://kvgo.com/global-healthcare-conference-/regeneron-pharma-december-",
    "timestamp": "unknown"
  },
  {
    "title": "Listen to Citi  Global Healthcare Conference webcast",
    "link": "https://kvgo.com/global-healthcare-conference-/regeneron-pharma-december-",
    "timestamp": "unknown"
  },
  {
    "title": "Listen to Citi  Global Healthcare Conference webcast",
    "link": "https://kvgo.com/global-healthcare-conference-/regeneron-pharma-december-",
    "timestamp": "unknown"
  },
  {
    "title": "Dec ,ESTRegeneron Roundtable: LynozyficRemind me:",
    "link": "https://investor.regeneron.com/events/event-details/regeneron-roundtable-lynozyfic",
    "timestamp": "unknown"
  },
  {
    "title": "Regeneron Roundtable: Lynozyfic",
    "link": "https://investor.regeneron.com/events/event-details/regeneron-roundtable-lynozyfic",
    "timestamp": "unknown"
  },
  {
    "title": "RecentNov ,ESTRegeneron Roundtable: Factor XIListen to the Regeneron Investor Roundtable webcastRegeneron Roundtable: Factor XI Presentation. MBRegist",
    "link": "https://investor.regeneron.com/events/event-details/regeneron-roundtable-factor-xi",
    "timestamp": "unknown"
  },
  {
    "title": "RecentNov ,ESTRegeneron Roundtable: Factor XIListen to the Regeneron Investor Roundtable webcastRegeneron Roundtable: Factor XI Presentation. MBRegist",
    "link": "https://investor.regeneron.com/events/event-details/regeneron-roundtable-factor-xi",
    "timestamp": "unknown"
  },
  {
    "title": "RecentNov ,ESTRegeneron Roundtable: Factor XIListen to the Regeneron Investor Roundtable webcastRegeneron Roundtable: Factor XI Presentation. MBRegist",
    "link": "https://investor.regeneron.com/events/event-details/regeneron-roundtable-factor-xi",
    "timestamp": "unknown"
  },
  {
    "title": "Nov ,ESTRegeneron Roundtable: Factor XIListen to the Regeneron Investor Roundtable webcastRegeneron Roundtable: Factor XI Presentation. MBRegister to ",
    "link": "https://investor.regeneron.com/events/event-details/regeneron-roundtable-factor-xi",
    "timestamp": "unknown"
  },
  {
    "title": "Regeneron Roundtable: Factor XI",
    "link": "https://investor.regeneron.com/events/event-details/regeneron-roundtable-factor-xi",
    "timestamp": "unknown"
  },
  {
    "title": "Listen to the Regeneron Investor Roundtable webcast",
    "link": "https://edge.media-server.com/mmc/p/icazm6er",
    "timestamp": "unknown"
  },
  {
    "title": "Listen to the Regeneron Investor Roundtable webcast",
    "link": "https://edge.media-server.com/mmc/p/icazm6er",
    "timestamp": "unknown"
  },
  {
    "title": "Listen to the Regeneron Investor Roundtable webcast",
    "link": "https://edge.media-server.com/mmc/p/icazm6er",
    "timestamp": "unknown"
  },
  {
    "title": "Regeneron Roundtable: Factor XI Presentation. MB",
    "link": "https://investor.regeneron.com/static-files/2d802a45-ce45-443b-aa3d-6470632aa482",
    "timestamp": "unknown"
  },
  {
    "title": "Regeneron Roundtable: Factor XI Presentation. MB",
    "link": "https://investor.regeneron.com/static-files/2d802a45-ce45-443b-aa3d-6470632aa482",
    "timestamp": "unknown"
  },
  {
    "title": "Regeneron Roundtable: Factor XI Presentation. MB",
    "link": "https://investor.regeneron.com/static-files/2d802a45-ce45-443b-aa3d-6470632aa482",
    "timestamp": "unknown"
  },
  {
    "title": "Regeneron Roundtable: Factor XI Presentation. MB",
    "link": "https://investor.regeneron.com/static-files/2d802a45-ce45-443b-aa3d-6470632aa482",
    "timestamp": "unknown"
  },
  {
    "title": "Regeneron Roundtable: Factor XI Presentation. MB",
    "link": "https://investor.regeneron.com/static-files/2d802a45-ce45-443b-aa3d-6470632aa482",
    "timestamp": "unknown"
  },
  {
    "title": "Regeneron Roundtable: Factor XI Presentation. MB",
    "link": "https://investor.regeneron.com/static-files/2d802a45-ce45-443b-aa3d-6470632aa482",
    "timestamp": "unknown"
  },
  {
    "title": "Regeneron Roundtable: Factor XI Presentation. MB",
    "link": "https://investor.regeneron.com/static-files/2d802a45-ce45-443b-aa3d-6470632aa482",
    "timestamp": "unknown"
  },
  {
    "title": "Regeneron Roundtable: Factor XI Presentation. MB",
    "link": "https://investor.regeneron.com/static-files/2d802a45-ce45-443b-aa3d-6470632aa482",
    "timestamp": "unknown"
  },
  {
    "title": "Regeneron Roundtable: Factor XI Presentation. MB",
    "link": "https://investor.regeneron.com/static-files/2d802a45-ce45-443b-aa3d-6470632aa482",
    "timestamp": "unknown"
  },
  {
    "title": "Regeneron Roundtable: Factor XI Presentation. MB",
    "link": "https://investor.regeneron.com/static-files/2d802a45-ce45-443b-aa3d-6470632aa482",
    "timestamp": "unknown"
  },
  {
    "title": "Register to participate via telephone",
    "link": "https://register-conf.media-server.com/register/BIf394cf3e32cd426a85c7414735577b71",
    "timestamp": "unknown"
  },
  {
    "title": "Register to participate via telephone",
    "link": "https://register-conf.media-server.com/register/BIf394cf3e32cd426a85c7414735577b71",
    "timestamp": "unknown"
  },
  {
    "title": "Register to participate via telephone",
    "link": "https://register-conf.media-server.com/register/BIf394cf3e32cd426a85c7414735577b71",
    "timestamp": "unknown"
  },
  {
    "title": "Oct ,EDTRegeneron Pharmaceuticals Q3  Earnings Conference CallListen to the Regeneron Pharmaceuticals Q3  Earnings Conference Call WebcastREGN October",
    "link": "https://investor.regeneron.com/events/event-details/regeneron-pharmaceuticals-q3--earnings-conference-call",
    "timestamp": "unknown"
  },
  {
    "title": "Regeneron Pharmaceuticals Q3  Earnings Conference Call",
    "link": "https://investor.regeneron.com/events/event-details/regeneron-pharmaceuticals-q3--earnings-conference-call",
    "timestamp": "unknown"
  },
  {
    "title": "Listen to the Regeneron Pharmaceuticals Q3  Earnings Conference Call Webcast",
    "link": "https://edge.media-server.com/mmc/p/tkzn2y2c",
    "timestamp": "unknown"
  },
  {
    "title": "Listen to the Regeneron Pharmaceuticals Q3  Earnings Conference Call Webcast",
    "link": "https://edge.media-server.com/mmc/p/tkzn2y2c",
    "timestamp": "unknown"
  },
  {
    "title": "Listen to the Regeneron Pharmaceuticals Q3  Earnings Conference Call Webcast",
    "link": "https://edge.media-server.com/mmc/p/tkzn2y2c",
    "timestamp": "unknown"
  },
  {
    "title": "REGN October  Corporate Presentation. MBTranscript. KB",
    "link": "https://investor.regeneron.com/static-files/79e3089c-da68-407c-8ce0-87fe9b3e3554",
    "timestamp": "unknown"
  },
  {
    "title": "REGN October  Corporate Presentation. MBTranscript. KB",
    "link": "https://investor.regeneron.com/static-files/79e3089c-da68-407c-8ce0-87fe9b3e3554",
    "timestamp": "unknown"
  },
  {
    "title": "REGN October  Corporate Presentation. MBTranscript. KB",
    "link": "https://investor.regeneron.com/static-files/79e3089c-da68-407c-8ce0-87fe9b3e3554",
    "timestamp": "unknown"
  },
  {
    "title": "REGN October  Corporate Presentation. MB",
    "link": "https://investor.regeneron.com/static-files/79e3089c-da68-407c-8ce0-87fe9b3e3554",
    "timestamp": "unknown"
  },
  {
    "title": "REGN October  Corporate Presentation. MB",
    "link": "https://investor.regeneron.com/static-files/79e3089c-da68-407c-8ce0-87fe9b3e3554",
    "timestamp": "unknown"
  },
  {
    "title": "REGN October  Corporate Presentation. MB",
    "link": "https://investor.regeneron.com/static-files/79e3089c-da68-407c-8ce0-87fe9b3e3554",
    "timestamp": "unknown"
  },
  {
    "title": "REGN October  Corporate Presentation. MB",
    "link": "https://investor.regeneron.com/static-files/79e3089c-da68-407c-8ce0-87fe9b3e3554",
    "timestamp": "unknown"
  },
  {
    "title": "REGN October  Corporate Presentation. MB",
    "link": "https://investor.regeneron.com/static-files/79e3089c-da68-407c-8ce0-87fe9b3e3554",
    "timestamp": "unknown"
  },
  {
    "title": "REGN October  Corporate Presentation. MB",
    "link": "https://investor.regeneron.com/static-files/79e3089c-da68-407c-8ce0-87fe9b3e3554",
    "timestamp": "unknown"
  },
  {
    "title": "REGN October  Corporate Presentation. MB",
    "link": "https://investor.regeneron.com/static-files/79e3089c-da68-407c-8ce0-87fe9b3e3554",
    "timestamp": "unknown"
  },
  {
    "title": "Transcript. KB",
    "link": "https://investor.regeneron.com/static-files/5a620b0a-a471-4c00-a110-68191c0d3356",
    "timestamp": "unknown"
  },
  {
    "title": "Transcript. KB",
    "link": "https://investor.regeneron.com/static-files/5a620b0a-a471-4c00-a110-68191c0d3356",
    "timestamp": "unknown"
  },
  {
    "title": "Transcript. KB",
    "link": "https://investor.regeneron.com/static-files/5a620b0a-a471-4c00-a110-68191c0d3356",
    "timestamp": "unknown"
  },
  {
    "title": "Transcript. KB",
    "link": "https://investor.regeneron.com/static-files/5a620b0a-a471-4c00-a110-68191c0d3356",
    "timestamp": "unknown"
  },
  {
    "title": "Transcript. KB",
    "link": "https://investor.regeneron.com/static-files/5a620b0a-a471-4c00-a110-68191c0d3356",
    "timestamp": "unknown"
  },
  {
    "title": "Transcript. KB",
    "link": "https://investor.regeneron.com/static-files/5a620b0a-a471-4c00-a110-68191c0d3356",
    "timestamp": "unknown"
  },
  {
    "title": "Transcript. KB",
    "link": "https://investor.regeneron.com/static-files/5a620b0a-a471-4c00-a110-68191c0d3356",
    "timestamp": "unknown"
  },
  {
    "title": "Register to participate via telephone",
    "link": "https://register-conf.media-server.com/register/BI6214ce00ad94471a8f54096af254e734",
    "timestamp": "unknown"
  },
  {
    "title": "Register to participate via telephone",
    "link": "https://register-conf.media-server.com/register/BI6214ce00ad94471a8f54096af254e734",
    "timestamp": "unknown"
  },
  {
    "title": "Register to participate via telephone",
    "link": "https://register-conf.media-server.com/register/BI6214ce00ad94471a8f54096af254e734",
    "timestamp": "unknown"
  },
  {
    "title": "Sep ,EDTBernstein Insights: Healthcare Leaders and Disruptors - 2nd Annual Healthcare ForumListen to Bernstein&#;s 2nd Annual Healthcare ForumTranscri",
    "link": "https://investor.regeneron.com/events/event-details/bernstein-insights-healthcare-leaders-and-disruptors-2nd-annual-healthcare",
    "timestamp": "unknown"
  },
  {
    "title": "Bernstein Insights: Healthcare Leaders and Disruptors - 2nd Annual Healthcare Forum",
    "link": "https://investor.regeneron.com/events/event-details/bernstein-insights-healthcare-leaders-and-disruptors-2nd-annual-healthcare",
    "timestamp": "unknown"
  },
  {
    "title": "Listen to Bernstein&#;s 2nd Annual Healthcare Forum",
    "link": "https://urldefense.com/v3/__https://cc.webcasts.com/bern001/092325a_jp/?entity=3_OVVP51D__%3B%%21ODpDvJZr5w%21A3mDnOyxeWRKpTt0RWfxUCmsLN5dCeApXROez0x-JD4KSqjRn0pULV3uspcPOekbXWuXYFcqzeWgLLRTFRh7e1k6F8Z0-g%",
    "timestamp": "unknown"
  },
  {
    "title": "Listen to Bernstein&#;s 2nd Annual Healthcare Forum",
    "link": "https://urldefense.com/v3/__https://cc.webcasts.com/bern001/092325a_jp/?entity=3_OVVP51D__%3B%%21ODpDvJZr5w%21A3mDnOyxeWRKpTt0RWfxUCmsLN5dCeApXROez0x-JD4KSqjRn0pULV3uspcPOekbXWuXYFcqzeWgLLRTFRh7e1k6F8Z0-g%",
    "timestamp": "unknown"
  },
  {
    "title": "Listen to Bernstein&#;s 2nd Annual Healthcare Forum",
    "link": "https://urldefense.com/v3/__https://cc.webcasts.com/bern001/092325a_jp/?entity=3_OVVP51D__%3B%%21ODpDvJZr5w%21A3mDnOyxeWRKpTt0RWfxUCmsLN5dCeApXROez0x-JD4KSqjRn0pULV3uspcPOekbXWuXYFcqzeWgLLRTFRh7e1k6F8Z0-g%",
    "timestamp": "unknown"
  },
  {
    "title": "Transcript. KB",
    "link": "https://investor.regeneron.com/static-files/3ccca96a-238c--b978-b2d53d716593",
    "timestamp": "unknown"
  },
  {
    "title": "Transcript. KB",
    "link": "https://investor.regeneron.com/static-files/3ccca96a-238c--b978-b2d53d716593",
    "timestamp": "unknown"
  },
  {
    "title": "Transcript. KB",
    "link": "https://investor.regeneron.com/static-files/3ccca96a-238c--b978-b2d53d716593",
    "timestamp": "unknown"
  },
  {
    "title": "Transcript. KB",
    "link": "https://investor.regeneron.com/static-files/3ccca96a-238c--b978-b2d53d716593",
    "timestamp": "unknown"
  },
  {
    "title": "Transcript. KB",
    "link": "https://investor.regeneron.com/static-files/3ccca96a-238c--b978-b2d53d716593",
    "timestamp": "unknown"
  },
  {
    "title": "Transcript. KB",
    "link": "https://investor.regeneron.com/static-files/3ccca96a-238c--b978-b2d53d716593",
    "timestamp": "unknown"
  },
  {
    "title": "Transcript. KB",
    "link": "https://investor.regeneron.com/static-files/3ccca96a-238c--b978-b2d53d716593",
    "timestamp": "unknown"
  },
  {
    "title": "Transcript. KB",
    "link": "https://investor.regeneron.com/static-files/3ccca96a-238c--b978-b2d53d716593",
    "timestamp": "unknown"
  },
  {
    "title": "Transcript. KB",
    "link": "https://investor.regeneron.com/static-files/3ccca96a-238c--b978-b2d53d716593",
    "timestamp": "unknown"
  },
  {
    "title": "Transcript. KB",
    "link": "https://investor.regeneron.com/static-files/3ccca96a-238c--b978-b2d53d716593",
    "timestamp": "unknown"
  },
  {
    "title": "Sep ,EDTMorgan Stanley 23rd Annual Global Healthcare ConferenceListen to Morgan Stanley 23rd Annual Global Healthcare ConferenceTranscript. KB",
    "link": "https://investor.regeneron.com/events/event-details/morgan-stanley-23rd-annual-global-healthcare-conference",
    "timestamp": "unknown"
  },
  {
    "title": "Morgan Stanley 23rd Annual Global Healthcare Conference",
    "link": "https://investor.regeneron.com/events/event-details/morgan-stanley-23rd-annual-global-healthcare-conference",
    "timestamp": "unknown"
  },
  {
    "title": "Listen to Morgan Stanley 23rd Annual Global Healthcare Conference",
    "link": "https://nam12.safelinks.protection.outlook.com/?url=https%3A//protect.checkpoint.com/v2/r01/___https%3A//urldefense.com/v3/__https%3A/cc.webcasts.com/morg007/090825a_js/%3Fentity%3D77_OG77OTL__%3B%%21ODpDvJZr5w%21B7koHE6JuKbqZ7tXkqGMuv0GrpPyx0ImPgSfi9yGV2kz9BNjaI6T23XhViCq2gyiy3oQb6doEyoZ_NB5bCqQY36g1-QR-A%24___.YzJ1OnBhdWxiYWtlcm5vdGlmaWVkY29tOmM6bzo4Zjg1MzAwZTY3ZjI3ZGFhMGQ3Y2RlOTAxMWMyNGVlYTo3OjMwNGM6ZTFjODE4OWRkOTA5MGM5YWU3OWQwZGE5OGMxZmE3YjgxMDYxYjUzYjA0MDRlYzVjODVhYzQ3NGIwZGM4N2IzMDpoOkY6Tg&data=%7C02%7Cwebsitesupport%40Notified.com%7C6f1467ad08d84a26fe6308ddebeadcd3%7Cf6156a017c5b4c82b9ba5750c109536e%7C0%7C0%7C638926116168076310%7CUnknown%7CTWFpbGZsb3d8eyJFbXB0eU1hcGkiOnRydWUsIlYiOiIwLjAuMDAwMCIsIlAiOiJXaW4zMiIsIkFOIjoiTWFpbCIsIldUIjoyfQ%3D%3D%7C0%7C%7C%7C&sdata=xj/OX4Eb6ObIfogVwxpBrT3Y6mCY1fqfYl0GJKSL3BY%3D&reserved=",
    "timestamp": "unknown"
  },
  {
    "title": "Listen to Morgan Stanley 23rd Annual Global Healthcare Conference",
    "link": "https://nam12.safelinks.protection.outlook.com/?url=https%3A//protect.checkpoint.com/v2/r01/___https%3A//urldefense.com/v3/__https%3A/cc.webcasts.com/morg007/090825a_js/%3Fentity%3D77_OG77OTL__%3B%%21ODpDvJZr5w%21B7koHE6JuKbqZ7tXkqGMuv0GrpPyx0ImPgSfi9yGV2kz9BNjaI6T23XhViCq2gyiy3oQb6doEyoZ_NB5bCqQY36g1-QR-A%24___.YzJ1OnBhdWxiYWtlcm5vdGlmaWVkY29tOmM6bzo4Zjg1MzAwZTY3ZjI3ZGFhMGQ3Y2RlOTAxMWMyNGVlYTo3OjMwNGM6ZTFjODE4OWRkOTA5MGM5YWU3OWQwZGE5OGMxZmE3YjgxMDYxYjUzYjA0MDRlYzVjODVhYzQ3NGIwZGM4N2IzMDpoOkY6Tg&data=%7C02%7Cwebsitesupport%40Notified.com%7C6f1467ad08d84a26fe6308ddebeadcd3%7Cf6156a017c5b4c82b9ba5750c109536e%7C0%7C0%7C638926116168076310%7CUnknown%7CTWFpbGZsb3d8eyJFbXB0eU1hcGkiOnRydWUsIlYiOiIwLjAuMDAwMCIsIlAiOiJXaW4zMiIsIkFOIjoiTWFpbCIsIldUIjoyfQ%3D%3D%7C0%7C%7C%7C&sdata=xj/OX4Eb6ObIfogVwxpBrT3Y6mCY1fqfYl0GJKSL3BY%3D&reserved=",
    "timestamp": "unknown"
  },
  {
    "title": "Listen to Morgan Stanley 23rd Annual Global Healthcare Conference",
    "link": "https://nam12.safelinks.protection.outlook.com/?url=https%3A//protect.checkpoint.com/v2/r01/___https%3A//urldefense.com/v3/__https%3A/cc.webcasts.com/morg007/090825a_js/%3Fentity%3D77_OG77OTL__%3B%%21ODpDvJZr5w%21B7koHE6JuKbqZ7tXkqGMuv0GrpPyx0ImPgSfi9yGV2kz9BNjaI6T23XhViCq2gyiy3oQb6doEyoZ_NB5bCqQY36g1-QR-A%24___.YzJ1OnBhdWxiYWtlcm5vdGlmaWVkY29tOmM6bzo4Zjg1MzAwZTY3ZjI3ZGFhMGQ3Y2RlOTAxMWMyNGVlYTo3OjMwNGM6ZTFjODE4OWRkOTA5MGM5YWU3OWQwZGE5OGMxZmE3YjgxMDYxYjUzYjA0MDRlYzVjODVhYzQ3NGIwZGM4N2IzMDpoOkY6Tg&data=%7C02%7Cwebsitesupport%40Notified.com%7C6f1467ad08d84a26fe6308ddebeadcd3%7Cf6156a017c5b4c82b9ba5750c109536e%7C0%7C0%7C638926116168076310%7CUnknown%7CTWFpbGZsb3d8eyJFbXB0eU1hcGkiOnRydWUsIlYiOiIwLjAuMDAwMCIsIlAiOiJXaW4zMiIsIkFOIjoiTWFpbCIsIldUIjoyfQ%3D%3D%7C0%7C%7C%7C&sdata=xj/OX4Eb6ObIfogVwxpBrT3Y6mCY1fqfYl0GJKSL3BY%3D&reserved=",
    "timestamp": "unknown"
  },
  {
    "title": "Transcript. KB",
    "link": "https://investor.regeneron.com/static-files/abae5945-50ed-45db-b6f0-d9482eadc17a",
    "timestamp": "unknown"
  },
  {
    "title": "Transcript. KB",
    "link": "https://investor.regeneron.com/static-files/abae5945-50ed-45db-b6f0-d9482eadc17a",
    "timestamp": "unknown"
  },
  {
    "title": "Transcript. KB",
    "link": "https://investor.regeneron.com/static-files/abae5945-50ed-45db-b6f0-d9482eadc17a",
    "timestamp": "unknown"
  },
  {
    "title": "Transcript. KB",
    "link": "https://investor.regeneron.com/static-files/abae5945-50ed-45db-b6f0-d9482eadc17a",
    "timestamp": "unknown"
  },
  {
    "title": "Transcript. KB",
    "link": "https://investor.regeneron.com/static-files/abae5945-50ed-45db-b6f0-d9482eadc17a",
    "timestamp": "unknown"
  },
  {
    "title": "Transcript. KB",
    "link": "https://investor.regeneron.com/static-files/abae5945-50ed-45db-b6f0-d9482eadc17a",
    "timestamp": "unknown"
  },
  {
    "title": "Transcript. KB",
    "link": "https://investor.regeneron.com/static-files/abae5945-50ed-45db-b6f0-d9482eadc17a",
    "timestamp": "unknown"
  },
  {
    "title": "Transcript. KB",
    "link": "https://investor.regeneron.com/static-files/abae5945-50ed-45db-b6f0-d9482eadc17a",
    "timestamp": "unknown"
  },
  {
    "title": "Transcript. KB",
    "link": "https://investor.regeneron.com/static-files/abae5945-50ed-45db-b6f0-d9482eadc17a",
    "timestamp": "unknown"
  },
  {
    "title": "Transcript. KB",
    "link": "https://investor.regeneron.com/static-files/abae5945-50ed-45db-b6f0-d9482eadc17a",
    "timestamp": "unknown"
  },
  {
    "title": "Sep ,EDTWells Fargo Healthcare ConferenceListen to  Wells Fargo Healthcare ConferenceTranscript. KB",
    "link": "https://investor.regeneron.com/events/event-details/-wells-fargo-healthcare-conference",
    "timestamp": "unknown"
  },
  {
    "title": "Wells Fargo Healthcare Conference",
    "link": "https://investor.regeneron.com/events/event-details/-wells-fargo-healthcare-conference",
    "timestamp": "unknown"
  },
  {
    "title": "Listen to  Wells Fargo Healthcare Conference",
    "link": "https://event.webcasts.com/starthere.jsp?ei=&tp_key=987ec63762&tp_special=",
    "timestamp": "unknown"
  },
  {
    "title": "Listen to  Wells Fargo Healthcare Conference",
    "link": "https://event.webcasts.com/starthere.jsp?ei=&tp_key=987ec63762&tp_special=",
    "timestamp": "unknown"
  },
  {
    "title": "Listen to  Wells Fargo Healthcare Conference",
    "link": "https://event.webcasts.com/starthere.jsp?ei=&tp_key=987ec63762&tp_special=",
    "timestamp": "unknown"
  },
  {
    "title": "Transcript. KB",
    "link": "https://investor.regeneron.com/static-files/a22ab235-68c3--a569-1716c9840071",
    "timestamp": "unknown"
  },
  {
    "title": "Transcript. KB",
    "link": "https://investor.regeneron.com/static-files/a22ab235-68c3--a569-1716c9840071",
    "timestamp": "unknown"
  },
  {
    "title": "Transcript. KB",
    "link": "https://investor.regeneron.com/static-files/a22ab235-68c3--a569-1716c9840071",
    "timestamp": "unknown"
  },
  {
    "title": "Transcript. KB",
    "link": "https://investor.regeneron.com/static-files/a22ab235-68c3--a569-1716c9840071",
    "timestamp": "unknown"
  },
  {
    "title": "Transcript. KB",
    "link": "https://investor.regeneron.com/static-files/a22ab235-68c3--a569-1716c9840071",
    "timestamp": "unknown"
  },
  {
    "title": "Transcript. KB",
    "link": "https://investor.regeneron.com/static-files/a22ab235-68c3--a569-1716c9840071",
    "timestamp": "unknown"
  },
  {
    "title": "Transcript. KB",
    "link": "https://investor.regeneron.com/static-files/a22ab235-68c3--a569-1716c9840071",
    "timestamp": "unknown"
  },
  {
    "title": "Transcript. KB",
    "link": "https://investor.regeneron.com/static-files/a22ab235-68c3--a569-1716c9840071",
    "timestamp": "unknown"
  },
  {
    "title": "Transcript. KB",
    "link": "https://investor.regeneron.com/static-files/a22ab235-68c3--a569-1716c9840071",
    "timestamp": "unknown"
  },
  {
    "title": "Transcript. KB",
    "link": "https://investor.regeneron.com/static-files/a22ab235-68c3--a569-1716c9840071",
    "timestamp": "unknown"
  },
  {
    "title": "Sep ,EDTCantor Global Healthcare ConferenceListen to Cantor Global Healthcare ConferenceTranscript. KB",
    "link": "https://investor.regeneron.com/events/event-details/cantor-global-healthcare-conference-",
    "timestamp": "unknown"
  },
  {
    "title": "Cantor Global Healthcare Conference",
    "link": "https://investor.regeneron.com/events/event-details/cantor-global-healthcare-conference-",
    "timestamp": "unknown"
  },
  {
    "title": "Listen to Cantor Global Healthcare Conference",
    "link": "https://sqps.onstreamsecure.com/origin/enliven/players/EnlivenPlayer.html?customerId=&eventId=&checkCompany=&checkEmail=&checkName=",
    "timestamp": "unknown"
  },
  {
    "title": "Listen to Cantor Global Healthcare Conference",
    "link": "https://sqps.onstreamsecure.com/origin/enliven/players/EnlivenPlayer.html?customerId=&eventId=&checkCompany=&checkEmail=&checkName=",
    "timestamp": "unknown"
  },
  {
    "title": "Listen to Cantor Global Healthcare Conference",
    "link": "https://sqps.onstreamsecure.com/origin/enliven/players/EnlivenPlayer.html?customerId=&eventId=&checkCompany=&checkEmail=&checkName=",
    "timestamp": "unknown"
  },
  {
    "title": "Transcript. KB",
    "link": "https://investor.regeneron.com/static-files/b66fb238-4c7b-465d--1bb8bf585151",
    "timestamp": "unknown"
  },
  {
    "title": "Transcript. KB",
    "link": "https://investor.regeneron.com/static-files/b66fb238-4c7b-465d--1bb8bf585151",
    "timestamp": "unknown"
  },
  {
    "title": "Transcript. KB",
    "link": "https://investor.regeneron.com/static-files/b66fb238-4c7b-465d--1bb8bf585151",
    "timestamp": "unknown"
  },
  {
    "title": "Transcript. KB",
    "link": "https://investor.regeneron.com/static-files/b66fb238-4c7b-465d--1bb8bf585151",
    "timestamp": "unknown"
  },
  {
    "title": "Transcript. KB",
    "link": "https://investor.regeneron.com/static-files/b66fb238-4c7b-465d--1bb8bf585151",
    "timestamp": "unknown"
  },
  {
    "title": "Transcript. KB",
    "link": "https://investor.regeneron.com/static-files/b66fb238-4c7b-465d--1bb8bf585151",
    "timestamp": "unknown"
  },
  {
    "title": "Transcript. KB",
    "link": "https://investor.regeneron.com/static-files/b66fb238-4c7b-465d--1bb8bf585151",
    "timestamp": "unknown"
  },
  {
    "title": "Transcript. KB",
    "link": "https://investor.regeneron.com/static-files/b66fb238-4c7b-465d--1bb8bf585151",
    "timestamp": "unknown"
  },
  {
    "title": "Transcript. KB",
    "link": "https://investor.regeneron.com/static-files/b66fb238-4c7b-465d--1bb8bf585151",
    "timestamp": "unknown"
  },
  {
    "title": "Transcript. KB",
    "link": "https://investor.regeneron.com/static-files/b66fb238-4c7b-465d--1bb8bf585151",
    "timestamp": "unknown"
  },
  {
    "title": "View archive",
    "link": "https://investor.regeneron.com/events-and-presentations/archive",
    "timestamp": "unknown"
  },
  {
    "title": "Back to top",
    "link": "https://investor.regeneron.com/events-and-presentations/events-and-recent",
    "timestamp": "unknown"
  },
  {
    "title": "Contact UsRegeneron.comCareersClinical Trials",
    "link": "https://www.regeneron.com/contact",
    "timestamp": "unknown"
  },
  {
    "title": "Contact Us",
    "link": "https://www.regeneron.com/contact",
    "timestamp": "unknown"
  },
  {
    "title": "Regeneron.com",
    "link": "https://www.regeneron.com/",
    "timestamp": "unknown"
  },
  {
    "title": "Careers",
    "link": "https://careers.regeneron.com/",
    "timestamp": "unknown"
  },
  {
    "title": "Clinical Trials",
    "link": "https://clinicaltrials.regeneron.com/",
    "timestamp": "unknown"
  },
  {
    "title": "Terms of Use",
    "link": "https://www.regeneron.com/terms",
    "timestamp": "unknown"
  },
  {
    "title": "Accessibility Statement",
    "link": "https://www.regeneron.com/accessibility-statement",
    "timestamp": "unknown"
  },
  {
    "title": "Site Map",
    "link": "https://investor.regeneron.com/sitemap",
    "timestamp": "unknown"
  },
  {
    "title": "Social Media TermsPrivacy NoticePrivacy Preference Center",
    "link": "https://www.regeneron.com/social-media-terms",
    "timestamp": "unknown"
  },
  {
    "title": "Social Media TermsPrivacy NoticePrivacy Preference Center",
    "link": "https://www.regeneron.com/social-media-terms",
    "timestamp": "unknown"
  },
  {
    "title": "Social Media Terms",
    "link": "https://www.regeneron.com/social-media-terms",
    "timestamp": "unknown"
  },
  {
    "title": "Privacy Notice",
    "link": "https://www.regeneron.com/privacy-notice",
    "timestamp": "unknown"
  },
  {
    "title": "Privacy Preference Center",
    "link": "https://investor.regeneron.com/events-and-presentations/events-and-recent#/",
    "timestamp": "unknown"
  },
  {
    "title": "CloseYou are now leaving Investor.Regeneron.com. The site you are about to visit is maintained by a third\n                party who is solely responsi",
    "link": "https://investor.regeneron.com/events-and-presentations/events-and-recent",
    "timestamp": "unknown"
  },
  {
    "title": "CloseYou are now leaving Investor.Regeneron.com. The site you are about to visit is maintained by a third\n                party who is solely responsi",
    "link": "https://investor.regeneron.com/events-and-presentations/events-and-recent",
    "timestamp": "unknown"
  },
  {
    "title": "CloseYou are now leaving Investor.Regeneron.com. The site you are about to visit is maintained by a third\n                party who is solely responsi",
    "link": "https://investor.regeneron.com/events-and-presentations/events-and-recent",
    "timestamp": "unknown"
  },
  {
    "title": "ContinueReturn to Investor.Regeneron.com",
    "link": "https://investor.regeneron.com/events-and-presentations/events-and-recent",
    "timestamp": "unknown"
  },
  {
    "title": "ContinueReturn to Investor.Regeneron.com",
    "link": "https://investor.regeneron.com/events-and-presentations/events-and-recent",
    "timestamp": "unknown"
  },
  {
    "title": "Continue",
    "link": "https://investor.regeneron.com/events-and-presentations/events-and-recent",
    "timestamp": "unknown"
  },
  {
    "title": "CloseYou are now leaving Investor.Regeneron.com to visit another Regeneron website.ContinueReturn to Investor.Regeneron.com",
    "link": "https://investor.regeneron.com/events-and-presentations/events-and-recent",
    "timestamp": "unknown"
  },
  {
    "title": "CloseYou are now leaving Investor.Regeneron.com to visit another Regeneron website.ContinueReturn to Investor.Regeneron.com",
    "link": "https://investor.regeneron.com/events-and-presentations/events-and-recent",
    "timestamp": "unknown"
  },
  {
    "title": "CloseYou are now leaving Investor.Regeneron.com to visit another Regeneron website.ContinueReturn to Investor.Regeneron.com",
    "link": "https://investor.regeneron.com/events-and-presentations/events-and-recent",
    "timestamp": "unknown"
  },
  {
    "title": "ContinueReturn to Investor.Regeneron.com",
    "link": "https://investor.regeneron.com/events-and-presentations/events-and-recent",
    "timestamp": "unknown"
  },
  {
    "title": "ContinueReturn to Investor.Regeneron.com",
    "link": "https://investor.regeneron.com/events-and-presentations/events-and-recent",
    "timestamp": "unknown"
  },
  {
    "title": "Continue",
    "link": "https://investor.regeneron.com/events-and-presentations/events-and-recent",
    "timestamp": "unknown"
  },
  {
    "title": "CloseYou are now leaving Investor.Regeneron.com. The site you are about to visit is maintained by a third\n                party who is solely responsi",
    "link": "https://investor.regeneron.com/events-and-presentations/events-and-recent",
    "timestamp": "unknown"
  },
  {
    "title": "CloseYou are now leaving Investor.Regeneron.com. The site you are about to visit is maintained by a third\n                party who is solely responsi",
    "link": "https://investor.regeneron.com/events-and-presentations/events-and-recent",
    "timestamp": "unknown"
  },
  {
    "title": "CloseYou are now leaving Investor.Regeneron.com. The site you are about to visit is maintained by a third\n                party who is solely responsi",
    "link": "https://investor.regeneron.com/events-and-presentations/events-and-recent",
    "timestamp": "unknown"
  },
  {
    "title": "ContinueReturn to Investor.Regeneron.com",
    "link": "https://investor.regeneron.com/events-and-presentations/events-and-recent",
    "timestamp": "unknown"
  },
  {
    "title": "ContinueReturn to Investor.Regeneron.com",
    "link": "https://investor.regeneron.com/events-and-presentations/events-and-recent",
    "timestamp": "unknown"
  },
  {
    "title": "Continue",
    "link": "https://investor.regeneron.com/events-and-presentations/events-and-recent",
    "timestamp": "unknown"
  },
  {
    "title": "CloseYou are now leaving Investor.Regeneron.com to visit another Regeneron website.ContinueReturn to Investor.Regeneron.com",
    "link": "https://investor.regeneron.com/events-and-presentations/events-and-recent",
    "timestamp": "unknown"
  },
  {
    "title": "CloseYou are now leaving Investor.Regeneron.com to visit another Regeneron website.ContinueReturn to Investor.Regeneron.com",
    "link": "https://investor.regeneron.com/events-and-presentations/events-and-recent",
    "timestamp": "unknown"
  },
  {
    "title": "CloseYou are now leaving Investor.Regeneron.com to visit another Regeneron website.ContinueReturn to Investor.Regeneron.com",
    "link": "https://investor.regeneron.com/events-and-presentations/events-and-recent",
    "timestamp": "unknown"
  },
  {
    "title": "ContinueReturn to Investor.Regeneron.com",
    "link": "https://investor.regeneron.com/events-and-presentations/events-and-recent",
    "timestamp": "unknown"
  },
  {
    "title": "ContinueReturn to Investor.Regeneron.com",
    "link": "https://investor.regeneron.com/events-and-presentations/events-and-recent",
    "timestamp": "unknown"
  },
  {
    "title": "Continue",
    "link": "https://investor.regeneron.com/events-and-presentations/events-and-recent",
    "timestamp": "unknown"
  }
]