[
  {
    "title": "Regeneron.comContact UsSearchOpen Search BarNewsEvents &PresentationsStockInformationFinancialsGovernanceResourcesNewsEvents & PresentationsStock Info",
    "link": "https://investor.regeneron.com/",
    "timestamp": "unknown"
  },
  {
    "title": "Regeneron.comContact UsSearchOpen Search BarNewsEvents &PresentationsStockInformationFinancialsGovernanceResources",
    "link": "https://investor.regeneron.com/",
    "timestamp": "unknown"
  },
  {
    "title": "Regeneron.comContact UsSearchOpen Search Bar",
    "link": "https://investor.regeneron.com/",
    "timestamp": "unknown"
  },
  {
    "title": "Regeneron.comContact UsSearchOpen Search Bar",
    "link": "https://investor.regeneron.com/",
    "timestamp": "unknown"
  },
  {
    "title": "Regeneron.comContact UsSearchOpen Search Bar",
    "link": "https://investor.regeneron.com/",
    "timestamp": "unknown"
  },
  {
    "title": "Regeneron.comContact Us",
    "link": "https://regeneron.com/",
    "timestamp": "unknown"
  },
  {
    "title": "NewsEvents &PresentationsStockInformationFinancialsGovernanceResources",
    "link": "https://investor.regeneron.com/",
    "timestamp": "unknown"
  },
  {
    "title": "NewsEvents &PresentationsStockInformationFinancialsGovernanceResources",
    "link": "https://investor.regeneron.com/",
    "timestamp": "unknown"
  },
  {
    "title": "NewsEvents &PresentationsStockInformationFinancialsGovernanceResources",
    "link": "https://investor.regeneron.com/",
    "timestamp": "unknown"
  },
  {
    "title": "NewsEvents &PresentationsStockInformationFinancialsGovernanceResources",
    "link": "https://investor.regeneron.com/",
    "timestamp": "unknown"
  },
  {
    "title": "NewsEvents & PresentationsStock InformationFinancialsGovernanceResourcesReturn to Top LevelPress ReleasesMedia StatementsReturn to Top LevelUpcoming &",
    "link": "https://investor.regeneron.com/events-and-presentations/events-and-recent",
    "timestamp": "unknown"
  },
  {
    "title": "NewsEvents & PresentationsStock InformationFinancialsGovernanceResources",
    "link": "https://investor.regeneron.com/events-and-presentations/events-and-recent",
    "timestamp": "unknown"
  },
  {
    "title": "NewsEvents & PresentationsStock InformationFinancialsGovernanceResources",
    "link": "https://investor.regeneron.com/events-and-presentations/events-and-recent",
    "timestamp": "unknown"
  },
  {
    "title": "Return to Top LevelPress ReleasesMedia StatementsReturn to Top LevelUpcoming & RecentArchiveReturn to Top LevelStock InformationHistoric Price LookupI",
    "link": "https://investor.regeneron.com/news/press-releases",
    "timestamp": "unknown"
  },
  {
    "title": "Return to Top LevelPress ReleasesMedia Statements",
    "link": "https://investor.regeneron.com/news/press-releases",
    "timestamp": "unknown"
  },
  {
    "title": "Return to Top LevelUpcoming & RecentArchive",
    "link": "https://investor.regeneron.com/events-and-presentations/events-and-recent",
    "timestamp": "unknown"
  },
  {
    "title": "Return to Top LevelStock InformationHistoric Price LookupInvestment CalculatorOwnership Profile",
    "link": "https://investor.regeneron.com/stock-information",
    "timestamp": "unknown"
  },
  {
    "title": "Return to Top LevelFinancial InformationSEC FilingsAnnual Reports & Proxy StatementsQuarterly Results",
    "link": "https://investor.regeneron.com/financials/overview",
    "timestamp": "unknown"
  },
  {
    "title": "Return to Top LevelGovernance DocumentsCorporate ResponsibilityCommittee CompositionContact the BoardInsider Transactions",
    "link": "https://investor.regeneron.com/governance/governance-documents",
    "timestamp": "unknown"
  },
  {
    "title": "Return to Top LevelFAQsPipelineOur Medicines",
    "link": "https://investor.regeneron.com/resources/investor-faqs",
    "timestamp": "unknown"
  },
  {
    "title": "Regeneron.comContact Us",
    "link": "https://regeneron.com/",
    "timestamp": "unknown"
  },
  {
    "title": "Events & Presentations/Upcoming & Recent/Upcoming & RecentUpcoming & Recent",
    "link": "https://investor.regeneron.com/events-and-presentations/events-and-recent",
    "timestamp": "unknown"
  },
  {
    "title": "Events & Presentations/Upcoming & Recent/Upcoming & RecentUpcoming & Recent",
    "link": "https://investor.regeneron.com/events-and-presentations/events-and-recent",
    "timestamp": "unknown"
  },
  {
    "title": "Events & Presentations/Upcoming & Recent/Upcoming & Recent",
    "link": "https://investor.regeneron.com/events-and-presentations/events-and-recent",
    "timestamp": "unknown"
  },
  {
    "title": "Events & Presentations/Upcoming & Recent/Upcoming & Recent",
    "link": "https://investor.regeneron.com/events-and-presentations/events-and-recent",
    "timestamp": "unknown"
  },
  {
    "title": "Events & Presentations/Upcoming & Recent/Upcoming & Recent",
    "link": "https://investor.regeneron.com/events-and-presentations/events-and-recent",
    "timestamp": "unknown"
  },
  {
    "title": "Upcoming eventsSep ,EDTBernstein Insights: Healthcare Leaders and Disruptors - 2nd Annual Healthcare ForumRemind me:RecentSep ,EDTMorgan Stanley 23rd ",
    "link": "https://investor.regeneron.com/events/event-details/bernstein-insights-healthcare-leaders-and-disruptors-2nd-annual-healthcare",
    "timestamp": "unknown"
  },
  {
    "title": "Upcoming eventsSep ,EDTBernstein Insights: Healthcare Leaders and Disruptors - 2nd Annual Healthcare ForumRemind me:RecentSep ,EDTMorgan Stanley 23rd ",
    "link": "https://investor.regeneron.com/events/event-details/bernstein-insights-healthcare-leaders-and-disruptors-2nd-annual-healthcare",
    "timestamp": "unknown"
  },
  {
    "title": "Upcoming eventsSep ,EDTBernstein Insights: Healthcare Leaders and Disruptors - 2nd Annual Healthcare ForumRemind me:RecentSep ,EDTMorgan Stanley 23rd ",
    "link": "https://investor.regeneron.com/events/event-details/bernstein-insights-healthcare-leaders-and-disruptors-2nd-annual-healthcare",
    "timestamp": "unknown"
  },
  {
    "title": "Upcoming eventsSep ,EDTBernstein Insights: Healthcare Leaders and Disruptors - 2nd Annual Healthcare ForumRemind me:RecentSep ,EDTMorgan Stanley 23rd ",
    "link": "https://investor.regeneron.com/events/event-details/bernstein-insights-healthcare-leaders-and-disruptors-2nd-annual-healthcare",
    "timestamp": "unknown"
  },
  {
    "title": "Upcoming eventsSep ,EDTBernstein Insights: Healthcare Leaders and Disruptors - 2nd Annual Healthcare ForumRemind me:RecentSep ,EDTMorgan Stanley 23rd ",
    "link": "https://investor.regeneron.com/events/event-details/bernstein-insights-healthcare-leaders-and-disruptors-2nd-annual-healthcare",
    "timestamp": "unknown"
  },
  {
    "title": "Upcoming eventsSep ,EDTBernstein Insights: Healthcare Leaders and Disruptors - 2nd Annual Healthcare ForumRemind me:RecentSep ,EDTMorgan Stanley 23rd ",
    "link": "https://investor.regeneron.com/events/event-details/bernstein-insights-healthcare-leaders-and-disruptors-2nd-annual-healthcare",
    "timestamp": "unknown"
  },
  {
    "title": "Upcoming eventsSep ,EDTBernstein Insights: Healthcare Leaders and Disruptors - 2nd Annual Healthcare ForumRemind me:RecentSep ,EDTMorgan Stanley 23rd ",
    "link": "https://investor.regeneron.com/events/event-details/bernstein-insights-healthcare-leaders-and-disruptors-2nd-annual-healthcare",
    "timestamp": "unknown"
  },
  {
    "title": "Upcoming eventsSep ,EDTBernstein Insights: Healthcare Leaders and Disruptors - 2nd Annual Healthcare ForumRemind me:RecentSep ,EDTMorgan Stanley 23rd ",
    "link": "https://investor.regeneron.com/events/event-details/bernstein-insights-healthcare-leaders-and-disruptors-2nd-annual-healthcare",
    "timestamp": "unknown"
  },
  {
    "title": "Upcoming eventsSep ,EDTBernstein Insights: Healthcare Leaders and Disruptors - 2nd Annual Healthcare ForumRemind me:RecentSep ,EDTMorgan Stanley 23rd ",
    "link": "https://investor.regeneron.com/events/event-details/bernstein-insights-healthcare-leaders-and-disruptors-2nd-annual-healthcare",
    "timestamp": "unknown"
  },
  {
    "title": "Upcoming eventsSep ,EDTBernstein Insights: Healthcare Leaders and Disruptors - 2nd Annual Healthcare ForumRemind me:RecentSep ,EDTMorgan Stanley 23rd ",
    "link": "https://investor.regeneron.com/events/event-details/bernstein-insights-healthcare-leaders-and-disruptors-2nd-annual-healthcare",
    "timestamp": "unknown"
  },
  {
    "title": "Upcoming eventsSep ,EDTBernstein Insights: Healthcare Leaders and Disruptors - 2nd Annual Healthcare ForumRemind me:RecentSep ,EDTMorgan Stanley 23rd ",
    "link": "https://investor.regeneron.com/events/event-details/bernstein-insights-healthcare-leaders-and-disruptors-2nd-annual-healthcare",
    "timestamp": "unknown"
  },
  {
    "title": "Upcoming eventsSep ,EDTBernstein Insights: Healthcare Leaders and Disruptors - 2nd Annual Healthcare ForumRemind me:RecentSep ,EDTMorgan Stanley 23rd ",
    "link": "https://investor.regeneron.com/events/event-details/bernstein-insights-healthcare-leaders-and-disruptors-2nd-annual-healthcare",
    "timestamp": "unknown"
  },
  {
    "title": "Upcoming eventsSep ,EDTBernstein Insights: Healthcare Leaders and Disruptors - 2nd Annual Healthcare ForumRemind me:RecentSep ,EDTMorgan Stanley 23rd ",
    "link": "https://investor.regeneron.com/events/event-details/bernstein-insights-healthcare-leaders-and-disruptors-2nd-annual-healthcare",
    "timestamp": "unknown"
  },
  {
    "title": "Upcoming eventsSep ,EDTBernstein Insights: Healthcare Leaders and Disruptors - 2nd Annual Healthcare ForumRemind me:RecentSep ,EDTMorgan Stanley 23rd ",
    "link": "https://investor.regeneron.com/events/event-details/bernstein-insights-healthcare-leaders-and-disruptors-2nd-annual-healthcare",
    "timestamp": "unknown"
  },
  {
    "title": "Upcoming eventsSep ,EDTBernstein Insights: Healthcare Leaders and Disruptors - 2nd Annual Healthcare ForumRemind me:RecentSep ,EDTMorgan Stanley 23rd ",
    "link": "https://investor.regeneron.com/events/event-details/bernstein-insights-healthcare-leaders-and-disruptors-2nd-annual-healthcare",
    "timestamp": "unknown"
  },
  {
    "title": "Upcoming eventsSep ,EDTBernstein Insights: Healthcare Leaders and Disruptors - 2nd Annual Healthcare ForumRemind me:RecentSep ,EDTMorgan Stanley 23rd ",
    "link": "https://investor.regeneron.com/events/event-details/bernstein-insights-healthcare-leaders-and-disruptors-2nd-annual-healthcare",
    "timestamp": "unknown"
  },
  {
    "title": "Upcoming eventsSep ,EDTBernstein Insights: Healthcare Leaders and Disruptors - 2nd Annual Healthcare ForumRemind me:",
    "link": "https://investor.regeneron.com/events/event-details/bernstein-insights-healthcare-leaders-and-disruptors-2nd-annual-healthcare",
    "timestamp": "unknown"
  },
  {
    "title": "Upcoming eventsSep ,EDTBernstein Insights: Healthcare Leaders and Disruptors - 2nd Annual Healthcare ForumRemind me:",
    "link": "https://investor.regeneron.com/events/event-details/bernstein-insights-healthcare-leaders-and-disruptors-2nd-annual-healthcare",
    "timestamp": "unknown"
  },
  {
    "title": "Upcoming eventsSep ,EDTBernstein Insights: Healthcare Leaders and Disruptors - 2nd Annual Healthcare ForumRemind me:",
    "link": "https://investor.regeneron.com/events/event-details/bernstein-insights-healthcare-leaders-and-disruptors-2nd-annual-healthcare",
    "timestamp": "unknown"
  },
  {
    "title": "Sep ,EDTBernstein Insights: Healthcare Leaders and Disruptors - 2nd Annual Healthcare ForumRemind me:",
    "link": "https://investor.regeneron.com/events/event-details/bernstein-insights-healthcare-leaders-and-disruptors-2nd-annual-healthcare",
    "timestamp": "unknown"
  },
  {
    "title": "Bernstein Insights: Healthcare Leaders and Disruptors - 2nd Annual Healthcare Forum",
    "link": "https://investor.regeneron.com/events/event-details/bernstein-insights-healthcare-leaders-and-disruptors-2nd-annual-healthcare",
    "timestamp": "unknown"
  },
  {
    "title": "RecentSep ,EDTMorgan Stanley 23rd Annual Global Healthcare ConferenceListen to Morgan Stanley 23rd Annual Global Healthcare ConferenceTranscript. KBSe",
    "link": "https://investor.regeneron.com/events/event-details/morgan-stanley-23rd-annual-global-healthcare-conference",
    "timestamp": "unknown"
  },
  {
    "title": "RecentSep ,EDTMorgan Stanley 23rd Annual Global Healthcare ConferenceListen to Morgan Stanley 23rd Annual Global Healthcare ConferenceTranscript. KBSe",
    "link": "https://investor.regeneron.com/events/event-details/morgan-stanley-23rd-annual-global-healthcare-conference",
    "timestamp": "unknown"
  },
  {
    "title": "RecentSep ,EDTMorgan Stanley 23rd Annual Global Healthcare ConferenceListen to Morgan Stanley 23rd Annual Global Healthcare ConferenceTranscript. KBSe",
    "link": "https://investor.regeneron.com/events/event-details/morgan-stanley-23rd-annual-global-healthcare-conference",
    "timestamp": "unknown"
  },
  {
    "title": "Sep ,EDTMorgan Stanley 23rd Annual Global Healthcare ConferenceListen to Morgan Stanley 23rd Annual Global Healthcare ConferenceTranscript. KB",
    "link": "https://investor.regeneron.com/events/event-details/morgan-stanley-23rd-annual-global-healthcare-conference",
    "timestamp": "unknown"
  },
  {
    "title": "Morgan Stanley 23rd Annual Global Healthcare Conference",
    "link": "https://investor.regeneron.com/events/event-details/morgan-stanley-23rd-annual-global-healthcare-conference",
    "timestamp": "unknown"
  },
  {
    "title": "Listen to Morgan Stanley 23rd Annual Global Healthcare Conference",
    "link": "https://nam12.safelinks.protection.outlook.com/?url=https%3A//protect.checkpoint.com/v2/r01/___https%3A//urldefense.com/v3/__https%3A/cc.webcasts.com/morg007/090825a_js/%3Fentity%3D77_OG77OTL__%3B%%21ODpDvJZr5w%21B7koHE6JuKbqZ7tXkqGMuv0GrpPyx0ImPgSfi9yGV2kz9BNjaI6T23XhViCq2gyiy3oQb6doEyoZ_NB5bCqQY36g1-QR-A%24___.YzJ1OnBhdWxiYWtlcm5vdGlmaWVkY29tOmM6bzo4Zjg1MzAwZTY3ZjI3ZGFhMGQ3Y2RlOTAxMWMyNGVlYTo3OjMwNGM6ZTFjODE4OWRkOTA5MGM5YWU3OWQwZGE5OGMxZmE3YjgxMDYxYjUzYjA0MDRlYzVjODVhYzQ3NGIwZGM4N2IzMDpoOkY6Tg&data=%7C02%7Cwebsitesupport%40Notified.com%7C6f1467ad08d84a26fe6308ddebeadcd3%7Cf6156a017c5b4c82b9ba5750c109536e%7C0%7C0%7C638926116168076310%7CUnknown%7CTWFpbGZsb3d8eyJFbXB0eU1hcGkiOnRydWUsIlYiOiIwLjAuMDAwMCIsIlAiOiJXaW4zMiIsIkFOIjoiTWFpbCIsIldUIjoyfQ%3D%3D%7C0%7C%7C%7C&sdata=xj/OX4Eb6ObIfogVwxpBrT3Y6mCY1fqfYl0GJKSL3BY%3D&reserved=",
    "timestamp": "unknown"
  },
  {
    "title": "Listen to Morgan Stanley 23rd Annual Global Healthcare Conference",
    "link": "https://nam12.safelinks.protection.outlook.com/?url=https%3A//protect.checkpoint.com/v2/r01/___https%3A//urldefense.com/v3/__https%3A/cc.webcasts.com/morg007/090825a_js/%3Fentity%3D77_OG77OTL__%3B%%21ODpDvJZr5w%21B7koHE6JuKbqZ7tXkqGMuv0GrpPyx0ImPgSfi9yGV2kz9BNjaI6T23XhViCq2gyiy3oQb6doEyoZ_NB5bCqQY36g1-QR-A%24___.YzJ1OnBhdWxiYWtlcm5vdGlmaWVkY29tOmM6bzo4Zjg1MzAwZTY3ZjI3ZGFhMGQ3Y2RlOTAxMWMyNGVlYTo3OjMwNGM6ZTFjODE4OWRkOTA5MGM5YWU3OWQwZGE5OGMxZmE3YjgxMDYxYjUzYjA0MDRlYzVjODVhYzQ3NGIwZGM4N2IzMDpoOkY6Tg&data=%7C02%7Cwebsitesupport%40Notified.com%7C6f1467ad08d84a26fe6308ddebeadcd3%7Cf6156a017c5b4c82b9ba5750c109536e%7C0%7C0%7C638926116168076310%7CUnknown%7CTWFpbGZsb3d8eyJFbXB0eU1hcGkiOnRydWUsIlYiOiIwLjAuMDAwMCIsIlAiOiJXaW4zMiIsIkFOIjoiTWFpbCIsIldUIjoyfQ%3D%3D%7C0%7C%7C%7C&sdata=xj/OX4Eb6ObIfogVwxpBrT3Y6mCY1fqfYl0GJKSL3BY%3D&reserved=",
    "timestamp": "unknown"
  },
  {
    "title": "Listen to Morgan Stanley 23rd Annual Global Healthcare Conference",
    "link": "https://nam12.safelinks.protection.outlook.com/?url=https%3A//protect.checkpoint.com/v2/r01/___https%3A//urldefense.com/v3/__https%3A/cc.webcasts.com/morg007/090825a_js/%3Fentity%3D77_OG77OTL__%3B%%21ODpDvJZr5w%21B7koHE6JuKbqZ7tXkqGMuv0GrpPyx0ImPgSfi9yGV2kz9BNjaI6T23XhViCq2gyiy3oQb6doEyoZ_NB5bCqQY36g1-QR-A%24___.YzJ1OnBhdWxiYWtlcm5vdGlmaWVkY29tOmM6bzo4Zjg1MzAwZTY3ZjI3ZGFhMGQ3Y2RlOTAxMWMyNGVlYTo3OjMwNGM6ZTFjODE4OWRkOTA5MGM5YWU3OWQwZGE5OGMxZmE3YjgxMDYxYjUzYjA0MDRlYzVjODVhYzQ3NGIwZGM4N2IzMDpoOkY6Tg&data=%7C02%7Cwebsitesupport%40Notified.com%7C6f1467ad08d84a26fe6308ddebeadcd3%7Cf6156a017c5b4c82b9ba5750c109536e%7C0%7C0%7C638926116168076310%7CUnknown%7CTWFpbGZsb3d8eyJFbXB0eU1hcGkiOnRydWUsIlYiOiIwLjAuMDAwMCIsIlAiOiJXaW4zMiIsIkFOIjoiTWFpbCIsIldUIjoyfQ%3D%3D%7C0%7C%7C%7C&sdata=xj/OX4Eb6ObIfogVwxpBrT3Y6mCY1fqfYl0GJKSL3BY%3D&reserved=",
    "timestamp": "unknown"
  },
  {
    "title": "Transcript. KB",
    "link": "https://investor.regeneron.com/static-files/abae5945-50ed-45db-b6f0-d9482eadc17a",
    "timestamp": "unknown"
  },
  {
    "title": "Transcript. KB",
    "link": "https://investor.regeneron.com/static-files/abae5945-50ed-45db-b6f0-d9482eadc17a",
    "timestamp": "unknown"
  },
  {
    "title": "Transcript. KB",
    "link": "https://investor.regeneron.com/static-files/abae5945-50ed-45db-b6f0-d9482eadc17a",
    "timestamp": "unknown"
  },
  {
    "title": "Transcript. KB",
    "link": "https://investor.regeneron.com/static-files/abae5945-50ed-45db-b6f0-d9482eadc17a",
    "timestamp": "unknown"
  },
  {
    "title": "Transcript. KB",
    "link": "https://investor.regeneron.com/static-files/abae5945-50ed-45db-b6f0-d9482eadc17a",
    "timestamp": "unknown"
  },
  {
    "title": "Transcript. KB",
    "link": "https://investor.regeneron.com/static-files/abae5945-50ed-45db-b6f0-d9482eadc17a",
    "timestamp": "unknown"
  },
  {
    "title": "Transcript. KB",
    "link": "https://investor.regeneron.com/static-files/abae5945-50ed-45db-b6f0-d9482eadc17a",
    "timestamp": "unknown"
  },
  {
    "title": "Transcript. KB",
    "link": "https://investor.regeneron.com/static-files/abae5945-50ed-45db-b6f0-d9482eadc17a",
    "timestamp": "unknown"
  },
  {
    "title": "Transcript. KB",
    "link": "https://investor.regeneron.com/static-files/abae5945-50ed-45db-b6f0-d9482eadc17a",
    "timestamp": "unknown"
  },
  {
    "title": "Transcript. KB",
    "link": "https://investor.regeneron.com/static-files/abae5945-50ed-45db-b6f0-d9482eadc17a",
    "timestamp": "unknown"
  },
  {
    "title": "Sep ,EDTWells Fargo Healthcare ConferenceListen to  Wells Fargo Healthcare ConferenceTranscript. KB",
    "link": "https://investor.regeneron.com/events/event-details/-wells-fargo-healthcare-conference",
    "timestamp": "unknown"
  },
  {
    "title": "Wells Fargo Healthcare Conference",
    "link": "https://investor.regeneron.com/events/event-details/-wells-fargo-healthcare-conference",
    "timestamp": "unknown"
  },
  {
    "title": "Listen to  Wells Fargo Healthcare Conference",
    "link": "https://event.webcasts.com/starthere.jsp?ei=&tp_key=987ec63762&tp_special=",
    "timestamp": "unknown"
  },
  {
    "title": "Listen to  Wells Fargo Healthcare Conference",
    "link": "https://event.webcasts.com/starthere.jsp?ei=&tp_key=987ec63762&tp_special=",
    "timestamp": "unknown"
  },
  {
    "title": "Listen to  Wells Fargo Healthcare Conference",
    "link": "https://event.webcasts.com/starthere.jsp?ei=&tp_key=987ec63762&tp_special=",
    "timestamp": "unknown"
  },
  {
    "title": "Transcript. KB",
    "link": "https://investor.regeneron.com/static-files/a22ab235-68c3--a569-1716c9840071",
    "timestamp": "unknown"
  },
  {
    "title": "Transcript. KB",
    "link": "https://investor.regeneron.com/static-files/a22ab235-68c3--a569-1716c9840071",
    "timestamp": "unknown"
  },
  {
    "title": "Transcript. KB",
    "link": "https://investor.regeneron.com/static-files/a22ab235-68c3--a569-1716c9840071",
    "timestamp": "unknown"
  },
  {
    "title": "Transcript. KB",
    "link": "https://investor.regeneron.com/static-files/a22ab235-68c3--a569-1716c9840071",
    "timestamp": "unknown"
  },
  {
    "title": "Transcript. KB",
    "link": "https://investor.regeneron.com/static-files/a22ab235-68c3--a569-1716c9840071",
    "timestamp": "unknown"
  },
  {
    "title": "Transcript. KB",
    "link": "https://investor.regeneron.com/static-files/a22ab235-68c3--a569-1716c9840071",
    "timestamp": "unknown"
  },
  {
    "title": "Transcript. KB",
    "link": "https://investor.regeneron.com/static-files/a22ab235-68c3--a569-1716c9840071",
    "timestamp": "unknown"
  },
  {
    "title": "Transcript. KB",
    "link": "https://investor.regeneron.com/static-files/a22ab235-68c3--a569-1716c9840071",
    "timestamp": "unknown"
  },
  {
    "title": "Transcript. KB",
    "link": "https://investor.regeneron.com/static-files/a22ab235-68c3--a569-1716c9840071",
    "timestamp": "unknown"
  },
  {
    "title": "Transcript. KB",
    "link": "https://investor.regeneron.com/static-files/a22ab235-68c3--a569-1716c9840071",
    "timestamp": "unknown"
  },
  {
    "title": "Sep ,EDTCantor Global Healthcare ConferenceListen to Cantor Global Healthcare ConferenceTranscript. KB",
    "link": "https://investor.regeneron.com/events/event-details/cantor-global-healthcare-conference-",
    "timestamp": "unknown"
  },
  {
    "title": "Cantor Global Healthcare Conference",
    "link": "https://investor.regeneron.com/events/event-details/cantor-global-healthcare-conference-",
    "timestamp": "unknown"
  },
  {
    "title": "Listen to Cantor Global Healthcare Conference",
    "link": "https://sqps.onstreamsecure.com/origin/enliven/players/EnlivenPlayer.html?customerId=&eventId=&checkCompany=&checkEmail=&checkName=",
    "timestamp": "unknown"
  },
  {
    "title": "Listen to Cantor Global Healthcare Conference",
    "link": "https://sqps.onstreamsecure.com/origin/enliven/players/EnlivenPlayer.html?customerId=&eventId=&checkCompany=&checkEmail=&checkName=",
    "timestamp": "unknown"
  },
  {
    "title": "Listen to Cantor Global Healthcare Conference",
    "link": "https://sqps.onstreamsecure.com/origin/enliven/players/EnlivenPlayer.html?customerId=&eventId=&checkCompany=&checkEmail=&checkName=",
    "timestamp": "unknown"
  },
  {
    "title": "Transcript. KB",
    "link": "https://investor.regeneron.com/static-files/b66fb238-4c7b-465d--1bb8bf585151",
    "timestamp": "unknown"
  },
  {
    "title": "Transcript. KB",
    "link": "https://investor.regeneron.com/static-files/b66fb238-4c7b-465d--1bb8bf585151",
    "timestamp": "unknown"
  },
  {
    "title": "Transcript. KB",
    "link": "https://investor.regeneron.com/static-files/b66fb238-4c7b-465d--1bb8bf585151",
    "timestamp": "unknown"
  },
  {
    "title": "Transcript. KB",
    "link": "https://investor.regeneron.com/static-files/b66fb238-4c7b-465d--1bb8bf585151",
    "timestamp": "unknown"
  },
  {
    "title": "Transcript. KB",
    "link": "https://investor.regeneron.com/static-files/b66fb238-4c7b-465d--1bb8bf585151",
    "timestamp": "unknown"
  },
  {
    "title": "Transcript. KB",
    "link": "https://investor.regeneron.com/static-files/b66fb238-4c7b-465d--1bb8bf585151",
    "timestamp": "unknown"
  },
  {
    "title": "Transcript. KB",
    "link": "https://investor.regeneron.com/static-files/b66fb238-4c7b-465d--1bb8bf585151",
    "timestamp": "unknown"
  },
  {
    "title": "Transcript. KB",
    "link": "https://investor.regeneron.com/static-files/b66fb238-4c7b-465d--1bb8bf585151",
    "timestamp": "unknown"
  },
  {
    "title": "Transcript. KB",
    "link": "https://investor.regeneron.com/static-files/b66fb238-4c7b-465d--1bb8bf585151",
    "timestamp": "unknown"
  },
  {
    "title": "Transcript. KB",
    "link": "https://investor.regeneron.com/static-files/b66fb238-4c7b-465d--1bb8bf585151",
    "timestamp": "unknown"
  },
  {
    "title": "Aug ,EDTRegeneron Pharmaceuticals Q2  Earnings Conference CallListen to the Regeneron Pharmaceuticals Q2  Earnings Conference Call WebcastREGN August ",
    "link": "https://investor.regeneron.com/events/event-details/regeneron-pharmaceuticals-q2--earnings-conference-call",
    "timestamp": "unknown"
  },
  {
    "title": "Regeneron Pharmaceuticals Q2  Earnings Conference Call",
    "link": "https://investor.regeneron.com/events/event-details/regeneron-pharmaceuticals-q2--earnings-conference-call",
    "timestamp": "unknown"
  },
  {
    "title": "Listen to the Regeneron Pharmaceuticals Q2  Earnings Conference Call Webcast",
    "link": "https://edge.media-server.com/mmc/p/9q8zdviw",
    "timestamp": "unknown"
  },
  {
    "title": "Listen to the Regeneron Pharmaceuticals Q2  Earnings Conference Call Webcast",
    "link": "https://edge.media-server.com/mmc/p/9q8zdviw",
    "timestamp": "unknown"
  },
  {
    "title": "Listen to the Regeneron Pharmaceuticals Q2  Earnings Conference Call Webcast",
    "link": "https://edge.media-server.com/mmc/p/9q8zdviw",
    "timestamp": "unknown"
  },
  {
    "title": "REGN August  Corporate Presentation. MBTranscript. KB",
    "link": "https://investor.regeneron.com/static-files/afdb2be9-eed0--94a1-087a530ee32a",
    "timestamp": "unknown"
  },
  {
    "title": "REGN August  Corporate Presentation. MBTranscript. KB",
    "link": "https://investor.regeneron.com/static-files/afdb2be9-eed0--94a1-087a530ee32a",
    "timestamp": "unknown"
  },
  {
    "title": "REGN August  Corporate Presentation. MBTranscript. KB",
    "link": "https://investor.regeneron.com/static-files/afdb2be9-eed0--94a1-087a530ee32a",
    "timestamp": "unknown"
  },
  {
    "title": "REGN August  Corporate Presentation. MB",
    "link": "https://investor.regeneron.com/static-files/afdb2be9-eed0--94a1-087a530ee32a",
    "timestamp": "unknown"
  },
  {
    "title": "REGN August  Corporate Presentation. MB",
    "link": "https://investor.regeneron.com/static-files/afdb2be9-eed0--94a1-087a530ee32a",
    "timestamp": "unknown"
  },
  {
    "title": "REGN August  Corporate Presentation. MB",
    "link": "https://investor.regeneron.com/static-files/afdb2be9-eed0--94a1-087a530ee32a",
    "timestamp": "unknown"
  },
  {
    "title": "REGN August  Corporate Presentation. MB",
    "link": "https://investor.regeneron.com/static-files/afdb2be9-eed0--94a1-087a530ee32a",
    "timestamp": "unknown"
  },
  {
    "title": "REGN August  Corporate Presentation. MB",
    "link": "https://investor.regeneron.com/static-files/afdb2be9-eed0--94a1-087a530ee32a",
    "timestamp": "unknown"
  },
  {
    "title": "REGN August  Corporate Presentation. MB",
    "link": "https://investor.regeneron.com/static-files/afdb2be9-eed0--94a1-087a530ee32a",
    "timestamp": "unknown"
  },
  {
    "title": "REGN August  Corporate Presentation. MB",
    "link": "https://investor.regeneron.com/static-files/afdb2be9-eed0--94a1-087a530ee32a",
    "timestamp": "unknown"
  },
  {
    "title": "Transcript. KB",
    "link": "https://investor.regeneron.com/static-files/ba599357--47f1-9d9b-0c539e75db24",
    "timestamp": "unknown"
  },
  {
    "title": "Transcript. KB",
    "link": "https://investor.regeneron.com/static-files/ba599357--47f1-9d9b-0c539e75db24",
    "timestamp": "unknown"
  },
  {
    "title": "Transcript. KB",
    "link": "https://investor.regeneron.com/static-files/ba599357--47f1-9d9b-0c539e75db24",
    "timestamp": "unknown"
  },
  {
    "title": "Transcript. KB",
    "link": "https://investor.regeneron.com/static-files/ba599357--47f1-9d9b-0c539e75db24",
    "timestamp": "unknown"
  },
  {
    "title": "Transcript. KB",
    "link": "https://investor.regeneron.com/static-files/ba599357--47f1-9d9b-0c539e75db24",
    "timestamp": "unknown"
  },
  {
    "title": "Transcript. KB",
    "link": "https://investor.regeneron.com/static-files/ba599357--47f1-9d9b-0c539e75db24",
    "timestamp": "unknown"
  },
  {
    "title": "Transcript. KB",
    "link": "https://investor.regeneron.com/static-files/ba599357--47f1-9d9b-0c539e75db24",
    "timestamp": "unknown"
  },
  {
    "title": "Register to participate via telephone",
    "link": "https://register-conf.media-server.com/register/BI1f2a67715bc2430da3f565514146188a",
    "timestamp": "unknown"
  },
  {
    "title": "Register to participate via telephone",
    "link": "https://register-conf.media-server.com/register/BI1f2a67715bc2430da3f565514146188a",
    "timestamp": "unknown"
  },
  {
    "title": "Register to participate via telephone",
    "link": "https://register-conf.media-server.com/register/BI1f2a67715bc2430da3f565514146188a",
    "timestamp": "unknown"
  },
  {
    "title": "Jun ,EDTAnnual Meeting of ShareholdersListen to the  Annual Meeting of Shareholders webcastThe  Annual Meeting of Shareholders of Regeneron Pharmaceut",
    "link": "https://investor.regeneron.com/events/event-details/-annual-meeting-shareholders",
    "timestamp": "unknown"
  },
  {
    "title": "Annual Meeting of Shareholders",
    "link": "https://investor.regeneron.com/events/event-details/-annual-meeting-shareholders",
    "timestamp": "unknown"
  },
  {
    "title": "Listen to the  Annual Meeting of Shareholders webcast",
    "link": "https://www.virtualshareholdermeeting.com/REGN2025",
    "timestamp": "unknown"
  },
  {
    "title": "Listen to the  Annual Meeting of Shareholders webcast",
    "link": "https://www.virtualshareholdermeeting.com/REGN2025",
    "timestamp": "unknown"
  },
  {
    "title": "Listen to the  Annual Meeting of Shareholders webcast",
    "link": "https://www.virtualshareholdermeeting.com/REGN2025",
    "timestamp": "unknown"
  },
  {
    "title": "The  Annual Meeting of Shareholders of Regeneron Pharmaceuticals, Inc. will be held on Friday, June , , commencing at  a.m., Eastern Time, virtually v",
    "link": "https://www.virtualshareholdermeeting.com/REGN2025",
    "timestamp": "unknown"
  },
  {
    "title": "The  Annual Meeting of Shareholders of Regeneron Pharmaceuticals, Inc. will be held on Friday, June , , commencing at  a.m., Eastern Time, virtually v",
    "link": "https://www.virtualshareholdermeeting.com/REGN2025",
    "timestamp": "unknown"
  },
  {
    "title": "The  Annual Meeting of Shareholders of Regeneron Pharmaceuticals, Inc. will be held on Friday, June , , commencing at  a.m., Eastern Time, virtually v",
    "link": "https://www.virtualshareholdermeeting.com/REGN2025",
    "timestamp": "unknown"
  },
  {
    "title": "The  Annual Meeting of Shareholders of Regeneron Pharmaceuticals, Inc. will be held on Friday, June , , commencing at  a.m., Eastern Time, virtually v",
    "link": "https://www.virtualshareholdermeeting.com/REGN2025",
    "timestamp": "unknown"
  },
  {
    "title": "View archive",
    "link": "https://investor.regeneron.com/events-and-presentations/archive",
    "timestamp": "unknown"
  },
  {
    "title": "Back to top",
    "link": "https://investor.regeneron.com/events-and-presentations/events-and-recent",
    "timestamp": "unknown"
  },
  {
    "title": "Contact UsRegeneron.comCareersClinical Trials",
    "link": "https://www.regeneron.com/contact",
    "timestamp": "unknown"
  },
  {
    "title": "Contact Us",
    "link": "https://www.regeneron.com/contact",
    "timestamp": "unknown"
  },
  {
    "title": "Regeneron.com",
    "link": "https://www.regeneron.com/",
    "timestamp": "unknown"
  },
  {
    "title": "Careers",
    "link": "https://careers.regeneron.com/",
    "timestamp": "unknown"
  },
  {
    "title": "Clinical Trials",
    "link": "https://clinicaltrials.regeneron.com/",
    "timestamp": "unknown"
  },
  {
    "title": "Terms of Use",
    "link": "https://www.regeneron.com/terms",
    "timestamp": "unknown"
  },
  {
    "title": "Accessibility Statement",
    "link": "https://www.regeneron.com/accessibility-statement",
    "timestamp": "unknown"
  },
  {
    "title": "Site Map",
    "link": "https://investor.regeneron.com/sitemap",
    "timestamp": "unknown"
  },
  {
    "title": "Social Media TermsPrivacy NoticePrivacy Preference Center",
    "link": "https://www.regeneron.com/social-media-terms",
    "timestamp": "unknown"
  },
  {
    "title": "Social Media TermsPrivacy NoticePrivacy Preference Center",
    "link": "https://www.regeneron.com/social-media-terms",
    "timestamp": "unknown"
  },
  {
    "title": "Social Media Terms",
    "link": "https://www.regeneron.com/social-media-terms",
    "timestamp": "unknown"
  },
  {
    "title": "Privacy Notice",
    "link": "https://www.regeneron.com/privacy-notice",
    "timestamp": "unknown"
  },
  {
    "title": "Privacy Preference Center",
    "link": "https://investor.regeneron.com/events-and-presentations/events-and-recent#/",
    "timestamp": "unknown"
  },
  {
    "title": "CloseYou are now leaving Investor.Regeneron.com. The site you are about to visit is maintained by a third\n                party who is solely responsi",
    "link": "https://investor.regeneron.com/events-and-presentations/events-and-recent",
    "timestamp": "unknown"
  },
  {
    "title": "CloseYou are now leaving Investor.Regeneron.com. The site you are about to visit is maintained by a third\n                party who is solely responsi",
    "link": "https://investor.regeneron.com/events-and-presentations/events-and-recent",
    "timestamp": "unknown"
  },
  {
    "title": "CloseYou are now leaving Investor.Regeneron.com. The site you are about to visit is maintained by a third\n                party who is solely responsi",
    "link": "https://investor.regeneron.com/events-and-presentations/events-and-recent",
    "timestamp": "unknown"
  },
  {
    "title": "ContinueReturn to Investor.Regeneron.com",
    "link": "https://investor.regeneron.com/events-and-presentations/events-and-recent",
    "timestamp": "unknown"
  },
  {
    "title": "ContinueReturn to Investor.Regeneron.com",
    "link": "https://investor.regeneron.com/events-and-presentations/events-and-recent",
    "timestamp": "unknown"
  },
  {
    "title": "Continue",
    "link": "https://investor.regeneron.com/events-and-presentations/events-and-recent",
    "timestamp": "unknown"
  },
  {
    "title": "CloseYou are now leaving Investor.Regeneron.com to visit another Regeneron website.ContinueReturn to Investor.Regeneron.com",
    "link": "https://investor.regeneron.com/events-and-presentations/events-and-recent",
    "timestamp": "unknown"
  },
  {
    "title": "CloseYou are now leaving Investor.Regeneron.com to visit another Regeneron website.ContinueReturn to Investor.Regeneron.com",
    "link": "https://investor.regeneron.com/events-and-presentations/events-and-recent",
    "timestamp": "unknown"
  },
  {
    "title": "CloseYou are now leaving Investor.Regeneron.com to visit another Regeneron website.ContinueReturn to Investor.Regeneron.com",
    "link": "https://investor.regeneron.com/events-and-presentations/events-and-recent",
    "timestamp": "unknown"
  },
  {
    "title": "ContinueReturn to Investor.Regeneron.com",
    "link": "https://investor.regeneron.com/events-and-presentations/events-and-recent",
    "timestamp": "unknown"
  },
  {
    "title": "ContinueReturn to Investor.Regeneron.com",
    "link": "https://investor.regeneron.com/events-and-presentations/events-and-recent",
    "timestamp": "unknown"
  },
  {
    "title": "Continue",
    "link": "https://investor.regeneron.com/events-and-presentations/events-and-recent",
    "timestamp": "unknown"
  },
  {
    "title": "CloseYou are now leaving Investor.Regeneron.com. The site you are about to visit is maintained by a third\n                party who is solely responsi",
    "link": "https://investor.regeneron.com/events-and-presentations/events-and-recent",
    "timestamp": "unknown"
  },
  {
    "title": "CloseYou are now leaving Investor.Regeneron.com. The site you are about to visit is maintained by a third\n                party who is solely responsi",
    "link": "https://investor.regeneron.com/events-and-presentations/events-and-recent",
    "timestamp": "unknown"
  },
  {
    "title": "CloseYou are now leaving Investor.Regeneron.com. The site you are about to visit is maintained by a third\n                party who is solely responsi",
    "link": "https://investor.regeneron.com/events-and-presentations/events-and-recent",
    "timestamp": "unknown"
  },
  {
    "title": "ContinueReturn to Investor.Regeneron.com",
    "link": "https://investor.regeneron.com/events-and-presentations/events-and-recent",
    "timestamp": "unknown"
  },
  {
    "title": "ContinueReturn to Investor.Regeneron.com",
    "link": "https://investor.regeneron.com/events-and-presentations/events-and-recent",
    "timestamp": "unknown"
  },
  {
    "title": "Continue",
    "link": "https://investor.regeneron.com/events-and-presentations/events-and-recent",
    "timestamp": "unknown"
  },
  {
    "title": "CloseYou are now leaving Investor.Regeneron.com to visit another Regeneron website.ContinueReturn to Investor.Regeneron.com",
    "link": "https://investor.regeneron.com/events-and-presentations/events-and-recent",
    "timestamp": "unknown"
  },
  {
    "title": "CloseYou are now leaving Investor.Regeneron.com to visit another Regeneron website.ContinueReturn to Investor.Regeneron.com",
    "link": "https://investor.regeneron.com/events-and-presentations/events-and-recent",
    "timestamp": "unknown"
  },
  {
    "title": "CloseYou are now leaving Investor.Regeneron.com to visit another Regeneron website.ContinueReturn to Investor.Regeneron.com",
    "link": "https://investor.regeneron.com/events-and-presentations/events-and-recent",
    "timestamp": "unknown"
  },
  {
    "title": "ContinueReturn to Investor.Regeneron.com",
    "link": "https://investor.regeneron.com/events-and-presentations/events-and-recent",
    "timestamp": "unknown"
  },
  {
    "title": "ContinueReturn to Investor.Regeneron.com",
    "link": "https://investor.regeneron.com/events-and-presentations/events-and-recent",
    "timestamp": "unknown"
  },
  {
    "title": "Continue",
    "link": "https://investor.regeneron.com/events-and-presentations/events-and-recent",
    "timestamp": "unknown"
  }
]