[
  {
    "title": "StoriesCareers",
    "link": "https://www.roche.com/",
    "timestamp": "unknown"
  },
  {
    "title": "StoriesCareers",
    "link": "https://www.roche.com/stories",
    "timestamp": "unknown"
  },
  {
    "title": "Stories",
    "link": "https://www.roche.com/stories",
    "timestamp": "unknown"
  },
  {
    "title": "Careers",
    "link": "https://careers.roche.com",
    "timestamp": "unknown"
  },
  {
    "title": "About RocheAbout RocheStrategyBusinessSustainabilityLeadershipGovernanceHistorySolutionsSolutionsFocus areasPharma solutionsDiagnostic solutionsProduc",
    "link": "https://www.roche.com/about",
    "timestamp": "unknown"
  },
  {
    "title": "About RocheAbout RocheStrategyBusinessSustainabilityLeadershipGovernanceHistory",
    "link": "https://www.roche.com/about",
    "timestamp": "unknown"
  },
  {
    "title": "About RocheStrategyBusinessSustainabilityLeadershipGovernanceHistory",
    "link": "https://www.roche.com/about",
    "timestamp": "unknown"
  },
  {
    "title": "About RocheStrategyBusinessSustainabilityLeadershipGovernanceHistory",
    "link": "https://www.roche.com/about",
    "timestamp": "unknown"
  },
  {
    "title": "About Roche",
    "link": "https://www.roche.com/about",
    "timestamp": "unknown"
  },
  {
    "title": "Strategy",
    "link": "https://www.roche.com/about/strategy",
    "timestamp": "unknown"
  },
  {
    "title": "Business",
    "link": "https://www.roche.com/about/business",
    "timestamp": "unknown"
  },
  {
    "title": "Sustainability",
    "link": "https://www.roche.com/about/sustainability",
    "timestamp": "unknown"
  },
  {
    "title": "Leadership",
    "link": "https://www.roche.com/about/leadership",
    "timestamp": "unknown"
  },
  {
    "title": "Governance",
    "link": "https://www.roche.com/about/governance",
    "timestamp": "unknown"
  },
  {
    "title": "History",
    "link": "https://www.roche.com/about/history",
    "timestamp": "unknown"
  },
  {
    "title": "SolutionsSolutionsFocus areasPharma solutionsDiagnostic solutionsProduct Development Pipeline",
    "link": "https://www.roche.com/solutions",
    "timestamp": "unknown"
  },
  {
    "title": "SolutionsFocus areasPharma solutionsDiagnostic solutionsProduct Development Pipeline",
    "link": "https://www.roche.com/solutions",
    "timestamp": "unknown"
  },
  {
    "title": "SolutionsFocus areasPharma solutionsDiagnostic solutionsProduct Development Pipeline",
    "link": "https://www.roche.com/solutions",
    "timestamp": "unknown"
  },
  {
    "title": "Solutions",
    "link": "https://www.roche.com/solutions",
    "timestamp": "unknown"
  },
  {
    "title": "Focus areas",
    "link": "https://www.roche.com/solutions/focus-areas",
    "timestamp": "unknown"
  },
  {
    "title": "Pharma solutions",
    "link": "https://www.roche.com/solutions/pharma",
    "timestamp": "unknown"
  },
  {
    "title": "Diagnostic solutions",
    "link": "https://www.roche.com/solutions/diagnostics",
    "timestamp": "unknown"
  },
  {
    "title": "Product Development Pipeline",
    "link": "https://www.roche.com/solutions/pipeline",
    "timestamp": "unknown"
  },
  {
    "title": "InnovationInnovationTeam & structureInnovation processEthical standardsPartnering",
    "link": "https://www.roche.com/innovation",
    "timestamp": "unknown"
  },
  {
    "title": "InnovationTeam & structureInnovation processEthical standardsPartnering",
    "link": "https://www.roche.com/innovation",
    "timestamp": "unknown"
  },
  {
    "title": "InnovationTeam & structureInnovation processEthical standardsPartnering",
    "link": "https://www.roche.com/innovation",
    "timestamp": "unknown"
  },
  {
    "title": "Innovation",
    "link": "https://www.roche.com/innovation",
    "timestamp": "unknown"
  },
  {
    "title": "Team & structure",
    "link": "https://www.roche.com/innovation/structure",
    "timestamp": "unknown"
  },
  {
    "title": "Innovation process",
    "link": "https://www.roche.com/innovation/process",
    "timestamp": "unknown"
  },
  {
    "title": "Ethical standards",
    "link": "https://www.roche.com/innovation/ethical-standards",
    "timestamp": "unknown"
  },
  {
    "title": "Partnering",
    "link": "https://www.roche.com/innovation/partnering",
    "timestamp": "unknown"
  },
  {
    "title": "InvestorsInvestorsInvestor updatesInvestor eventsReportingFinance Information ToolShare and Bond informationDownload center",
    "link": "https://www.roche.com/investors",
    "timestamp": "unknown"
  },
  {
    "title": "InvestorsInvestor updatesInvestor eventsReportingFinance Information ToolShare and Bond informationDownload center",
    "link": "https://www.roche.com/investors",
    "timestamp": "unknown"
  },
  {
    "title": "InvestorsInvestor updatesInvestor eventsReportingFinance Information ToolShare and Bond informationDownload center",
    "link": "https://www.roche.com/investors",
    "timestamp": "unknown"
  },
  {
    "title": "Investors",
    "link": "https://www.roche.com/investors",
    "timestamp": "unknown"
  },
  {
    "title": "Investor updates",
    "link": "https://www.roche.com/investors/updates",
    "timestamp": "unknown"
  },
  {
    "title": "Investor events",
    "link": "https://www.roche.com/investors/events",
    "timestamp": "unknown"
  },
  {
    "title": "Reporting",
    "link": "https://www.roche.com/investors/reports",
    "timestamp": "unknown"
  },
  {
    "title": "Finance Information Tool",
    "link": "https://www.roche.com/investors/rofis",
    "timestamp": "unknown"
  },
  {
    "title": "Share and Bond information",
    "link": "https://www.roche.com/investors/bonds",
    "timestamp": "unknown"
  },
  {
    "title": "Download center",
    "link": "https://www.roche.com/investors/downloads",
    "timestamp": "unknown"
  },
  {
    "title": "MediaMediaMedia releasesMedia eventsMedia statementsMedia library",
    "link": "https://www.roche.com/media",
    "timestamp": "unknown"
  },
  {
    "title": "MediaMedia releasesMedia eventsMedia statementsMedia library",
    "link": "https://www.roche.com/media",
    "timestamp": "unknown"
  },
  {
    "title": "MediaMedia releasesMedia eventsMedia statementsMedia library",
    "link": "https://www.roche.com/media",
    "timestamp": "unknown"
  },
  {
    "title": "Media",
    "link": "https://www.roche.com/media",
    "timestamp": "unknown"
  },
  {
    "title": "Media releases",
    "link": "https://www.roche.com/media/releases",
    "timestamp": "unknown"
  },
  {
    "title": "Media events",
    "link": "https://www.roche.com/media/events",
    "timestamp": "unknown"
  },
  {
    "title": "Media statements",
    "link": "https://www.roche.com/media/statements",
    "timestamp": "unknown"
  },
  {
    "title": "Media library",
    "link": "https://www.roche.com/media/library-images",
    "timestamp": "unknown"
  },
  {
    "title": "worldwideAbout RocheAbout RocheStrategyBusinessSustainabilityLeadershipGovernanceHistorySolutionsSolutionsFocus areasPharma solutionsDiagnostic soluti",
    "link": "https://www.roche.com/our-websites",
    "timestamp": "unknown"
  },
  {
    "title": "About RocheAbout RocheStrategyBusinessSustainabilityLeadershipGovernanceHistory",
    "link": "https://www.roche.com/about",
    "timestamp": "unknown"
  },
  {
    "title": "About Roche",
    "link": "https://www.roche.com/about",
    "timestamp": "unknown"
  },
  {
    "title": "Strategy",
    "link": "https://www.roche.com/about/strategy",
    "timestamp": "unknown"
  },
  {
    "title": "Business",
    "link": "https://www.roche.com/about/business",
    "timestamp": "unknown"
  },
  {
    "title": "Sustainability",
    "link": "https://www.roche.com/about/sustainability",
    "timestamp": "unknown"
  },
  {
    "title": "Leadership",
    "link": "https://www.roche.com/about/leadership",
    "timestamp": "unknown"
  },
  {
    "title": "Governance",
    "link": "https://www.roche.com/about/governance",
    "timestamp": "unknown"
  },
  {
    "title": "History",
    "link": "https://www.roche.com/about/history",
    "timestamp": "unknown"
  },
  {
    "title": "SolutionsSolutionsFocus areasPharma solutionsDiagnostic solutionsProduct Development Pipeline",
    "link": "https://www.roche.com/solutions",
    "timestamp": "unknown"
  },
  {
    "title": "Solutions",
    "link": "https://www.roche.com/solutions",
    "timestamp": "unknown"
  },
  {
    "title": "Focus areas",
    "link": "https://www.roche.com/solutions/focus-areas",
    "timestamp": "unknown"
  },
  {
    "title": "Pharma solutions",
    "link": "https://www.roche.com/solutions/pharma",
    "timestamp": "unknown"
  },
  {
    "title": "Diagnostic solutions",
    "link": "https://www.roche.com/solutions/diagnostics",
    "timestamp": "unknown"
  },
  {
    "title": "Product Development Pipeline",
    "link": "https://www.roche.com/solutions/pipeline",
    "timestamp": "unknown"
  },
  {
    "title": "InnovationInnovationTeam & structureInnovation processEthical standardsPartnering",
    "link": "https://www.roche.com/innovation",
    "timestamp": "unknown"
  },
  {
    "title": "Innovation",
    "link": "https://www.roche.com/innovation",
    "timestamp": "unknown"
  },
  {
    "title": "Team & structure",
    "link": "https://www.roche.com/innovation/structure",
    "timestamp": "unknown"
  },
  {
    "title": "Innovation process",
    "link": "https://www.roche.com/innovation/process",
    "timestamp": "unknown"
  },
  {
    "title": "Ethical standards",
    "link": "https://www.roche.com/innovation/ethical-standards",
    "timestamp": "unknown"
  },
  {
    "title": "Partnering",
    "link": "https://www.roche.com/innovation/partnering",
    "timestamp": "unknown"
  },
  {
    "title": "InvestorsInvestorsInvestor updatesInvestor eventsReportingFinance Information ToolShare and Bond informationDownload center",
    "link": "https://www.roche.com/investors",
    "timestamp": "unknown"
  },
  {
    "title": "Investors",
    "link": "https://www.roche.com/investors",
    "timestamp": "unknown"
  },
  {
    "title": "Investor updates",
    "link": "https://www.roche.com/investors/updates",
    "timestamp": "unknown"
  },
  {
    "title": "Investor events",
    "link": "https://www.roche.com/investors/events",
    "timestamp": "unknown"
  },
  {
    "title": "Reporting",
    "link": "https://www.roche.com/investors/reports",
    "timestamp": "unknown"
  },
  {
    "title": "Finance Information Tool",
    "link": "https://www.roche.com/investors/rofis",
    "timestamp": "unknown"
  },
  {
    "title": "Share and Bond information",
    "link": "https://www.roche.com/investors/bonds",
    "timestamp": "unknown"
  },
  {
    "title": "Download center",
    "link": "https://www.roche.com/investors/downloads",
    "timestamp": "unknown"
  },
  {
    "title": "MediaMediaMedia releasesMedia eventsMedia statementsMedia library",
    "link": "https://www.roche.com/media",
    "timestamp": "unknown"
  },
  {
    "title": "Media",
    "link": "https://www.roche.com/media",
    "timestamp": "unknown"
  },
  {
    "title": "Media releases",
    "link": "https://www.roche.com/media/releases",
    "timestamp": "unknown"
  },
  {
    "title": "Media events",
    "link": "https://www.roche.com/media/events",
    "timestamp": "unknown"
  },
  {
    "title": "Media statements",
    "link": "https://www.roche.com/media/statements",
    "timestamp": "unknown"
  },
  {
    "title": "Media library",
    "link": "https://www.roche.com/media/library-images",
    "timestamp": "unknown"
  },
  {
    "title": "Stories",
    "link": "https://www.roche.com/stories",
    "timestamp": "unknown"
  },
  {
    "title": "Careers",
    "link": "https://careers.roche.com",
    "timestamp": "unknown"
  },
  {
    "title": "Investors",
    "link": "https://www.roche.com/investors",
    "timestamp": "unknown"
  },
  {
    "title": "Investors",
    "link": "https://www.roche.com/investors",
    "timestamp": "unknown"
  },
  {
    "title": "Investors",
    "link": "https://www.roche.com/investors",
    "timestamp": "unknown"
  },
  {
    "title": "Investors",
    "link": "https://www.roche.com/investors",
    "timestamp": "unknown"
  },
  {
    "title": "Investors",
    "link": "https://www.roche.com/investors",
    "timestamp": "unknown"
  },
  {
    "title": "Ad-hoc announcements",
    "link": "https://www.roche.com/ad-hoc-announcement",
    "timestamp": "unknown"
  },
  {
    "title": "Ad-hoc announcements",
    "link": "https://www.roche.com/ad-hoc-announcement",
    "timestamp": "unknown"
  },
  {
    "title": "Ad-hoc announcements",
    "link": "https://www.roche.com/ad-hoc-announcement",
    "timestamp": "unknown"
  },
  {
    "title": "Ad-hoc announcements",
    "link": "https://www.roche.com/ad-hoc-announcement",
    "timestamp": "unknown"
  },
  {
    "title": "Ad-hoc announcements",
    "link": "https://www.roche.com/ad-hoc-announcement",
    "timestamp": "unknown"
  },
  {
    "title": "Investor relation team contactsView IR team contact detail",
    "link": "https://www.roche.com/contact/investor-contacts",
    "timestamp": "unknown"
  },
  {
    "title": "Investor relation team contactsView IR team contact detail",
    "link": "https://www.roche.com/contact/investor-contacts",
    "timestamp": "unknown"
  },
  {
    "title": "Investor relation team contactsView IR team contact detail",
    "link": "https://www.roche.com/contact/investor-contacts",
    "timestamp": "unknown"
  },
  {
    "title": "Investor relation team contactsView IR team contact detail",
    "link": "https://www.roche.com/contact/investor-contacts",
    "timestamp": "unknown"
  },
  {
    "title": "View IR team contact detail",
    "link": "https://www.roche.com/contact/investor-contacts",
    "timestamp": "unknown"
  },
  {
    "title": "Related linksSubscribe to Roche Investor UpdatesFinance Information ToolAd-hoc announcements",
    "link": "https://www.roche.com/investors/subscribe",
    "timestamp": "unknown"
  },
  {
    "title": "Related linksSubscribe to Roche Investor UpdatesFinance Information ToolAd-hoc announcements",
    "link": "https://www.roche.com/investors/subscribe",
    "timestamp": "unknown"
  },
  {
    "title": "Related linksSubscribe to Roche Investor UpdatesFinance Information ToolAd-hoc announcements",
    "link": "https://www.roche.com/investors/subscribe",
    "timestamp": "unknown"
  },
  {
    "title": "Related linksSubscribe to Roche Investor UpdatesFinance Information ToolAd-hoc announcements",
    "link": "https://www.roche.com/investors/subscribe",
    "timestamp": "unknown"
  },
  {
    "title": "Subscribe to Roche Investor Updates",
    "link": "https://www.roche.com/investors/subscribe",
    "timestamp": "unknown"
  },
  {
    "title": "Finance Information Tool",
    "link": "https://www.roche.com/investors/rofis",
    "timestamp": "unknown"
  },
  {
    "title": "Ad-hoc announcements",
    "link": "https://www.roche.com/ad-hoc-announcement",
    "timestamp": "unknown"
  },
  {
    "title": "ContactLocationsHelpful linksPharma solutionsUpcoming eventsAnnual ReportReport a potential side effectRoche websitesDiagnostics portalSuppliers infor",
    "link": "https://www.roche.com/contact",
    "timestamp": "unknown"
  },
  {
    "title": "ContactLocationsHelpful linksPharma solutionsUpcoming eventsAnnual ReportReport a potential side effectRoche websitesDiagnostics portalSuppliers infor",
    "link": "https://www.roche.com/contact",
    "timestamp": "unknown"
  },
  {
    "title": "ContactLocationsHelpful linksPharma solutionsUpcoming eventsAnnual ReportReport a potential side effectRoche websitesDiagnostics portalSuppliers infor",
    "link": "https://www.roche.com/contact",
    "timestamp": "unknown"
  },
  {
    "title": "ContactLocationsHelpful linksPharma solutionsUpcoming eventsAnnual ReportReport a potential side effectRoche websitesDiagnostics portalSuppliers infor",
    "link": "https://www.roche.com/contact",
    "timestamp": "unknown"
  },
  {
    "title": "ContactLocations",
    "link": "https://www.roche.com/contact",
    "timestamp": "unknown"
  },
  {
    "title": "Contact",
    "link": "https://www.roche.com/contact",
    "timestamp": "unknown"
  },
  {
    "title": "Locations",
    "link": "https://www.roche.com/locations",
    "timestamp": "unknown"
  },
  {
    "title": "Helpful linksPharma solutionsUpcoming eventsAnnual ReportReport a potential side effectRoche websitesDiagnostics portalSuppliers informationRoche arou",
    "link": "https://www.roche.com/solutions/pharma",
    "timestamp": "unknown"
  },
  {
    "title": "Helpful linksPharma solutionsUpcoming eventsAnnual ReportReport a potential side effectRoche websitesDiagnostics portalSuppliers informationRoche arou",
    "link": "https://www.roche.com/solutions/pharma",
    "timestamp": "unknown"
  },
  {
    "title": "Helpful linksPharma solutionsUpcoming eventsAnnual ReportReport a potential side effectRoche websitesDiagnostics portalSuppliers informationRoche arou",
    "link": "https://www.roche.com/solutions/pharma",
    "timestamp": "unknown"
  },
  {
    "title": "Helpful linksPharma solutionsUpcoming eventsAnnual ReportReport a potential side effectRoche websitesDiagnostics portalSuppliers informationRoche arou",
    "link": "https://www.roche.com/solutions/pharma",
    "timestamp": "unknown"
  },
  {
    "title": "Helpful linksPharma solutionsUpcoming eventsAnnual ReportReport a potential side effectRoche websitesDiagnostics portalSuppliers informationRoche arou",
    "link": "https://www.roche.com/solutions/pharma",
    "timestamp": "unknown"
  },
  {
    "title": "Helpful linksPharma solutionsUpcoming eventsAnnual ReportReport a potential side effect",
    "link": "https://www.roche.com/solutions/pharma",
    "timestamp": "unknown"
  },
  {
    "title": "Pharma solutions",
    "link": "https://www.roche.com/solutions/pharma",
    "timestamp": "unknown"
  },
  {
    "title": "Upcoming events",
    "link": "https://www.roche.com/investors/events",
    "timestamp": "unknown"
  },
  {
    "title": "Annual Report",
    "link": "https://www.roche.com/investors/annualreport24",
    "timestamp": "unknown"
  },
  {
    "title": "Report a potential side effect",
    "link": "https://www.roche.com/contact",
    "timestamp": "unknown"
  },
  {
    "title": "Roche websitesDiagnostics portalSuppliers informationRoche around the worldPatients and clinical trials platform",
    "link": "https://diagnostics.roche.com",
    "timestamp": "unknown"
  },
  {
    "title": "Diagnostics portal",
    "link": "https://diagnostics.roche.com",
    "timestamp": "unknown"
  },
  {
    "title": "Suppliers information",
    "link": "https://suppliers.roche.com",
    "timestamp": "unknown"
  },
  {
    "title": "Roche around the world",
    "link": "https://www.roche.com/our-websites",
    "timestamp": "unknown"
  },
  {
    "title": "Patients and clinical trials platform",
    "link": "https://forpatients.roche.com/",
    "timestamp": "unknown"
  },
  {
    "title": "linkedinfacebooktwitterinstagramyoutube",
    "link": "https://www.linkedin.com/company/roche?trk=hb_tab_compy_id_1602",
    "timestamp": "unknown"
  },
  {
    "title": "linkedin",
    "link": "https://www.linkedin.com/company/roche?trk=hb_tab_compy_id_1602",
    "timestamp": "unknown"
  },
  {
    "title": "facebook",
    "link": "https://www.facebook.com/roche",
    "timestamp": "unknown"
  },
  {
    "title": "twitter",
    "link": "https://twitter.com/roche",
    "timestamp": "unknown"
  },
  {
    "title": "instagram",
    "link": "https://www.instagram.com/roche/",
    "timestamp": "unknown"
  },
  {
    "title": "youtube",
    "link": "https://www.youtube.com/roche",
    "timestamp": "unknown"
  },
  {
    "title": "Privacy notice",
    "link": "https://www.roche.com/privacy-policy",
    "timestamp": "unknown"
  },
  {
    "title": "Legal statement",
    "link": "https://www.roche.com/legal-statement",
    "timestamp": "unknown"
  },
  {
    "title": "Accessibility statement",
    "link": "https://www.roche.com/accessibility-statement",
    "timestamp": "unknown"
  }
]