[
  {
    "title": "CareersCore ValuesOpen PositionsEmployee BenefitsClinical TrialsContactScienceTechnology PlatformsZinc Finger PlatformDelivery PlatformCAR-Treg Platfo",
    "link": "https://www.sangamo.com/careers/",
    "timestamp": "unknown"
  },
  {
    "title": "CareersCore ValuesOpen PositionsEmployee BenefitsClinical TrialsContactScienceTechnology PlatformsZinc Finger PlatformDelivery PlatformCAR-Treg Platfo",
    "link": "https://www.sangamo.com/careers/",
    "timestamp": "unknown"
  },
  {
    "title": "CareersCore ValuesOpen PositionsEmployee BenefitsClinical TrialsContact",
    "link": "https://www.sangamo.com/careers/",
    "timestamp": "unknown"
  },
  {
    "title": "CareersCore ValuesOpen PositionsEmployee BenefitsClinical TrialsContact",
    "link": "https://www.sangamo.com/careers/",
    "timestamp": "unknown"
  },
  {
    "title": "CareersCore ValuesOpen PositionsEmployee BenefitsClinical TrialsContact",
    "link": "https://www.sangamo.com/careers/",
    "timestamp": "unknown"
  },
  {
    "title": "CareersCore ValuesOpen PositionsEmployee Benefits",
    "link": "https://www.sangamo.com/careers/",
    "timestamp": "unknown"
  },
  {
    "title": "Core Values",
    "link": "https://www.sangamo.com/careers/#core-values",
    "timestamp": "unknown"
  },
  {
    "title": "Open Positions",
    "link": "https://www.sangamo.com/careers/open-positions/",
    "timestamp": "unknown"
  },
  {
    "title": "Employee Benefits",
    "link": "https://www.sangamo.com/careers/#employee-benefits",
    "timestamp": "unknown"
  },
  {
    "title": "Clinical Trials",
    "link": "https://www.sangamo.com/programs/clinical-trials/",
    "timestamp": "unknown"
  },
  {
    "title": "Contact",
    "link": "https://www.sangamo.com/about/contact/",
    "timestamp": "unknown"
  },
  {
    "title": "ScienceTechnology PlatformsZinc Finger PlatformDelivery PlatformCAR-Treg PlatformTherapeutic ApplicationsNeurologyOncologyPresentationsPublicationsPro",
    "link": "https://www.sangamo.com/science/",
    "timestamp": "unknown"
  },
  {
    "title": "ScienceTechnology PlatformsZinc Finger PlatformDelivery PlatformCAR-Treg PlatformTherapeutic ApplicationsNeurologyOncologyPresentationsPublications",
    "link": "https://www.sangamo.com/science/",
    "timestamp": "unknown"
  },
  {
    "title": "Technology PlatformsZinc Finger PlatformDelivery PlatformCAR-Treg Platform",
    "link": "https://www.sangamo.com/science/#technology-platforms",
    "timestamp": "unknown"
  },
  {
    "title": "Zinc Finger Platform",
    "link": "https://www.sangamo.com/science/technology-platforms/zinc-finger-platform/",
    "timestamp": "unknown"
  },
  {
    "title": "Delivery Platform",
    "link": "https://www.sangamo.com/science/technology-platforms/delivery-platform/",
    "timestamp": "unknown"
  },
  {
    "title": "CAR-Treg Platform",
    "link": "https://www.sangamo.com/science/therapeutic-applications/autoimmunity-and-transplantation/",
    "timestamp": "unknown"
  },
  {
    "title": "Therapeutic ApplicationsNeurologyOncology",
    "link": "https://www.sangamo.com/science/#therapeutic-applications",
    "timestamp": "unknown"
  },
  {
    "title": "Neurology",
    "link": "https://www.sangamo.com/science/therapeutic-applications/neurology/",
    "timestamp": "unknown"
  },
  {
    "title": "Oncology",
    "link": "https://www.sangamo.com/science/therapeutic-applications/oncology/",
    "timestamp": "unknown"
  },
  {
    "title": "Presentations",
    "link": "https://www.sangamo.com/science/presentations/",
    "timestamp": "unknown"
  },
  {
    "title": "Publications",
    "link": "https://www.sangamo.com/science/publications/",
    "timestamp": "unknown"
  },
  {
    "title": "ProgramsPipelineClinical ProgramsSmall Fiber Neuropathy (SFN)Fabry DiseaseHemophilia AClinical TrialsCollaborations & Partners",
    "link": "https://www.sangamo.com/programs/",
    "timestamp": "unknown"
  },
  {
    "title": "Pipeline",
    "link": "https://www.sangamo.com/programs/#pipeline",
    "timestamp": "unknown"
  },
  {
    "title": "Clinical ProgramsSmall Fiber Neuropathy (SFN)Fabry DiseaseHemophilia A",
    "link": "https://www.sangamo.com/programs/#programs",
    "timestamp": "unknown"
  },
  {
    "title": "Small Fiber Neuropathy (SFN)",
    "link": "https://www.sangamo.com/programs/clinical-trials/sfn/",
    "timestamp": "unknown"
  },
  {
    "title": "Fabry Disease",
    "link": "https://www.sangamo.com/programs/clinical-trials/fabry-disease/",
    "timestamp": "unknown"
  },
  {
    "title": "Hemophilia A",
    "link": "https://www.sangamo.com/programs/clinical-trials/hemophilia-a/",
    "timestamp": "unknown"
  },
  {
    "title": "Clinical Trials",
    "link": "https://www.sangamo.com/programs/clinical-trials/",
    "timestamp": "unknown"
  },
  {
    "title": "Collaborations & Partners",
    "link": "https://www.sangamo.com/programs/#collaborations",
    "timestamp": "unknown"
  },
  {
    "title": "PatientsOur CommitmentExpanded Access PolicyBioethicsPatient StoriesBryan \u2013 Fabry DiseaseLori \u2013 Fabry DiseaseMatt \u2013 Fabry DiseaseElizabeth \u2013 Fabry Dis",
    "link": "https://www.sangamo.com/patients/",
    "timestamp": "unknown"
  },
  {
    "title": "Our CommitmentExpanded Access PolicyBioethics",
    "link": "https://www.sangamo.com/patients/#our-commitment",
    "timestamp": "unknown"
  },
  {
    "title": "Expanded Access Policy",
    "link": "https://www.sangamo.com/patients/expanded-access-policy/",
    "timestamp": "unknown"
  },
  {
    "title": "Bioethics",
    "link": "https://www.sangamo.com/patients/#bioethics",
    "timestamp": "unknown"
  },
  {
    "title": "Patient StoriesBryan \u2013 Fabry DiseaseLori \u2013 Fabry DiseaseMatt \u2013 Fabry DiseaseElizabeth \u2013 Fabry DiseaseIsrael \u2013 Hemophilia AMiles \u2013 Hemophilia ATrevor \u2013",
    "link": "https://www.sangamo.com/patients/stories/",
    "timestamp": "unknown"
  },
  {
    "title": "Bryan \u2013 Fabry Disease",
    "link": "https://www.sangamo.com/patients/stories/bryan/",
    "timestamp": "unknown"
  },
  {
    "title": "Lori \u2013 Fabry Disease",
    "link": "https://www.sangamo.com/patients/stories/lori/",
    "timestamp": "unknown"
  },
  {
    "title": "Matt \u2013 Fabry Disease",
    "link": "https://www.sangamo.com/patients/stories/matt/",
    "timestamp": "unknown"
  },
  {
    "title": "Elizabeth \u2013 Fabry Disease",
    "link": "https://www.sangamo.com/patients/stories/elizabeth/",
    "timestamp": "unknown"
  },
  {
    "title": "Israel \u2013 Hemophilia A",
    "link": "https://www.sangamo.com/patients/stories/israel/",
    "timestamp": "unknown"
  },
  {
    "title": "Miles \u2013 Hemophilia A",
    "link": "https://www.sangamo.com/patients/stories/miles/",
    "timestamp": "unknown"
  },
  {
    "title": "Trevor \u2013 Prion Disease",
    "link": "https://www.sangamo.com/patients/stories/trevor/",
    "timestamp": "unknown"
  },
  {
    "title": "Sharron \u2013 Renal Transplant",
    "link": "https://www.sangamo.com/patients/stories/sharron/",
    "timestamp": "unknown"
  },
  {
    "title": "Patient FocusResourcesEducationOrganizations",
    "link": "https://www.sangamo.com/patients",
    "timestamp": "unknown"
  },
  {
    "title": "Resources",
    "link": "https://www.sangamo.com/patients/resources/",
    "timestamp": "unknown"
  },
  {
    "title": "Education",
    "link": "https://www.sangamo.com/patients/resources/#education",
    "timestamp": "unknown"
  },
  {
    "title": "Organizations",
    "link": "https://www.sangamo.com/patients/resources/#organizations",
    "timestamp": "unknown"
  },
  {
    "title": "Investors & MediaOverviewNews ReleasesEventsPresentationsESG",
    "link": "https://investor.sangamo.com/",
    "timestamp": "unknown"
  },
  {
    "title": "Overview",
    "link": "https://investor.sangamo.com/investor-relations",
    "timestamp": "unknown"
  },
  {
    "title": "News Releases",
    "link": "https://investor.sangamo.com/news-releases",
    "timestamp": "unknown"
  },
  {
    "title": "Events",
    "link": "https://investor.sangamo.com/events-and-presentations",
    "timestamp": "unknown"
  },
  {
    "title": "Presentations",
    "link": "https://investor.sangamo.com/presentations",
    "timestamp": "unknown"
  },
  {
    "title": "ESG",
    "link": "https://investor.sangamo.com/corporate-governance/governance-overview",
    "timestamp": "unknown"
  },
  {
    "title": "AboutOverviewMission & VisionExecutive LeadershipBoard of DirectorsLatest NewsNews ReleasesEventsPresentationsContact",
    "link": "https://www.sangamo.com/about/",
    "timestamp": "unknown"
  },
  {
    "title": "OverviewMission & VisionExecutive LeadershipBoard of Directors",
    "link": "https://develop.sangamo.scs-staging.com/science#overview",
    "timestamp": "unknown"
  },
  {
    "title": "Mission & Vision",
    "link": "https://www.sangamo.com/about/#our-mission",
    "timestamp": "unknown"
  },
  {
    "title": "Executive Leadership",
    "link": "https://www.sangamo.com/about/leadership",
    "timestamp": "unknown"
  },
  {
    "title": "Board of Directors",
    "link": "https://www.sangamo.com/about/leadership/#board-of-directors",
    "timestamp": "unknown"
  },
  {
    "title": "Latest NewsNews ReleasesEventsPresentations",
    "link": "https://investor.sangamo.com/news-releases",
    "timestamp": "unknown"
  },
  {
    "title": "News Releases",
    "link": "https://investor.sangamo.com/news-releases",
    "timestamp": "unknown"
  },
  {
    "title": "Events",
    "link": "https://investor.sangamo.com/events-and-presentations",
    "timestamp": "unknown"
  },
  {
    "title": "Presentations",
    "link": "https://www.sangamo.com/science/presentations/",
    "timestamp": "unknown"
  },
  {
    "title": "Contact",
    "link": "https://www.sangamo.com/about/contact/",
    "timestamp": "unknown"
  },
  {
    "title": "ScienceTechnology PlatformsZinc Finger PlatformDelivery PlatformCAR-Treg PlatformTherapeutic ApplicationsNeurologyOncologyPresentationsPublicationsPro",
    "link": "https://www.sangamo.com/science/",
    "timestamp": "unknown"
  },
  {
    "title": "ScienceTechnology PlatformsZinc Finger PlatformDelivery PlatformCAR-Treg PlatformTherapeutic ApplicationsNeurologyOncologyPresentationsPublicationsPro",
    "link": "https://www.sangamo.com/science/",
    "timestamp": "unknown"
  },
  {
    "title": "ScienceTechnology PlatformsZinc Finger PlatformDelivery PlatformCAR-Treg PlatformTherapeutic ApplicationsNeurologyOncologyPresentationsPublicationsPro",
    "link": "https://www.sangamo.com/science/",
    "timestamp": "unknown"
  },
  {
    "title": "ScienceTechnology PlatformsZinc Finger PlatformDelivery PlatformCAR-Treg PlatformTherapeutic ApplicationsNeurologyOncologyPresentationsPublications",
    "link": "https://www.sangamo.com/science/",
    "timestamp": "unknown"
  },
  {
    "title": "Technology PlatformsZinc Finger PlatformDelivery PlatformCAR-Treg Platform",
    "link": "https://www.sangamo.com/science/#technology-platforms",
    "timestamp": "unknown"
  },
  {
    "title": "Zinc Finger Platform",
    "link": "https://www.sangamo.com/science/technology-platforms/zinc-finger-platform/",
    "timestamp": "unknown"
  },
  {
    "title": "Delivery Platform",
    "link": "https://www.sangamo.com/science/technology-platforms/delivery-platform/",
    "timestamp": "unknown"
  },
  {
    "title": "CAR-Treg Platform",
    "link": "https://www.sangamo.com/science/therapeutic-applications/autoimmunity-and-transplantation/",
    "timestamp": "unknown"
  },
  {
    "title": "Therapeutic ApplicationsNeurologyOncology",
    "link": "https://www.sangamo.com/science/#therapeutic-applications",
    "timestamp": "unknown"
  },
  {
    "title": "Neurology",
    "link": "https://www.sangamo.com/science/therapeutic-applications/neurology/",
    "timestamp": "unknown"
  },
  {
    "title": "Oncology",
    "link": "https://www.sangamo.com/science/therapeutic-applications/oncology/",
    "timestamp": "unknown"
  },
  {
    "title": "Presentations",
    "link": "https://www.sangamo.com/science/presentations/",
    "timestamp": "unknown"
  },
  {
    "title": "Publications",
    "link": "https://www.sangamo.com/science/publications/",
    "timestamp": "unknown"
  },
  {
    "title": "ProgramsPipelineClinical ProgramsSmall Fiber Neuropathy (SFN)Fabry DiseaseHemophilia AClinical TrialsCollaborations & PartnersPatientsOur CommitmentEx",
    "link": "https://www.sangamo.com/programs/",
    "timestamp": "unknown"
  },
  {
    "title": "ProgramsPipelineClinical ProgramsSmall Fiber Neuropathy (SFN)Fabry DiseaseHemophilia AClinical TrialsCollaborations & Partners",
    "link": "https://www.sangamo.com/programs/",
    "timestamp": "unknown"
  },
  {
    "title": "Pipeline",
    "link": "https://www.sangamo.com/programs/#pipeline",
    "timestamp": "unknown"
  },
  {
    "title": "Clinical ProgramsSmall Fiber Neuropathy (SFN)Fabry DiseaseHemophilia A",
    "link": "https://www.sangamo.com/programs/#programs",
    "timestamp": "unknown"
  },
  {
    "title": "Small Fiber Neuropathy (SFN)",
    "link": "https://www.sangamo.com/programs/clinical-trials/sfn/",
    "timestamp": "unknown"
  },
  {
    "title": "Fabry Disease",
    "link": "https://www.sangamo.com/programs/clinical-trials/fabry-disease/",
    "timestamp": "unknown"
  },
  {
    "title": "Hemophilia A",
    "link": "https://www.sangamo.com/programs/clinical-trials/hemophilia-a/",
    "timestamp": "unknown"
  },
  {
    "title": "Clinical Trials",
    "link": "https://www.sangamo.com/programs/clinical-trials/",
    "timestamp": "unknown"
  },
  {
    "title": "Collaborations & Partners",
    "link": "https://www.sangamo.com/programs/#collaborations",
    "timestamp": "unknown"
  },
  {
    "title": "PatientsOur CommitmentExpanded Access PolicyBioethicsPatient StoriesBryan \u2013 Fabry DiseaseLori \u2013 Fabry DiseaseMatt \u2013 Fabry DiseaseElizabeth \u2013 Fabry Dis",
    "link": "https://www.sangamo.com/patients/",
    "timestamp": "unknown"
  },
  {
    "title": "PatientsOur CommitmentExpanded Access PolicyBioethicsPatient StoriesBryan \u2013 Fabry DiseaseLori \u2013 Fabry DiseaseMatt \u2013 Fabry DiseaseElizabeth \u2013 Fabry Dis",
    "link": "https://www.sangamo.com/patients/",
    "timestamp": "unknown"
  },
  {
    "title": "Our CommitmentExpanded Access PolicyBioethics",
    "link": "https://www.sangamo.com/patients/#our-commitment",
    "timestamp": "unknown"
  },
  {
    "title": "Expanded Access Policy",
    "link": "https://www.sangamo.com/patients/expanded-access-policy/",
    "timestamp": "unknown"
  },
  {
    "title": "Bioethics",
    "link": "https://www.sangamo.com/patients/#bioethics",
    "timestamp": "unknown"
  },
  {
    "title": "Patient StoriesBryan \u2013 Fabry DiseaseLori \u2013 Fabry DiseaseMatt \u2013 Fabry DiseaseElizabeth \u2013 Fabry DiseaseIsrael \u2013 Hemophilia AMiles \u2013 Hemophilia ATrevor \u2013",
    "link": "https://www.sangamo.com/patients/stories/",
    "timestamp": "unknown"
  },
  {
    "title": "Bryan \u2013 Fabry Disease",
    "link": "https://www.sangamo.com/patients/stories/bryan/",
    "timestamp": "unknown"
  },
  {
    "title": "Lori \u2013 Fabry Disease",
    "link": "https://www.sangamo.com/patients/stories/lori/",
    "timestamp": "unknown"
  },
  {
    "title": "Matt \u2013 Fabry Disease",
    "link": "https://www.sangamo.com/patients/stories/matt/",
    "timestamp": "unknown"
  },
  {
    "title": "Elizabeth \u2013 Fabry Disease",
    "link": "https://www.sangamo.com/patients/stories/elizabeth/",
    "timestamp": "unknown"
  },
  {
    "title": "Israel \u2013 Hemophilia A",
    "link": "https://www.sangamo.com/patients/stories/israel/",
    "timestamp": "unknown"
  },
  {
    "title": "Miles \u2013 Hemophilia A",
    "link": "https://www.sangamo.com/patients/stories/miles/",
    "timestamp": "unknown"
  },
  {
    "title": "Trevor \u2013 Prion Disease",
    "link": "https://www.sangamo.com/patients/stories/trevor/",
    "timestamp": "unknown"
  },
  {
    "title": "Sharron \u2013 Renal Transplant",
    "link": "https://www.sangamo.com/patients/stories/sharron/",
    "timestamp": "unknown"
  },
  {
    "title": "Patient FocusResourcesEducationOrganizations",
    "link": "https://www.sangamo.com/patients",
    "timestamp": "unknown"
  },
  {
    "title": "Resources",
    "link": "https://www.sangamo.com/patients/resources/",
    "timestamp": "unknown"
  },
  {
    "title": "Education",
    "link": "https://www.sangamo.com/patients/resources/#education",
    "timestamp": "unknown"
  },
  {
    "title": "Organizations",
    "link": "https://www.sangamo.com/patients/resources/#organizations",
    "timestamp": "unknown"
  },
  {
    "title": "Investors & MediaOverviewNews ReleasesEventsPresentationsESGAboutOverviewMission & VisionExecutive LeadershipBoard of DirectorsLatest NewsNews Release",
    "link": "https://investor.sangamo.com/",
    "timestamp": "unknown"
  },
  {
    "title": "Investors & MediaOverviewNews ReleasesEventsPresentationsESG",
    "link": "https://investor.sangamo.com/",
    "timestamp": "unknown"
  },
  {
    "title": "Overview",
    "link": "https://investor.sangamo.com/investor-relations",
    "timestamp": "unknown"
  },
  {
    "title": "News Releases",
    "link": "https://investor.sangamo.com/news-releases",
    "timestamp": "unknown"
  },
  {
    "title": "Events",
    "link": "https://investor.sangamo.com/events-and-presentations",
    "timestamp": "unknown"
  },
  {
    "title": "Presentations",
    "link": "https://investor.sangamo.com/presentations",
    "timestamp": "unknown"
  },
  {
    "title": "ESG",
    "link": "https://investor.sangamo.com/corporate-governance/governance-overview",
    "timestamp": "unknown"
  },
  {
    "title": "AboutOverviewMission & VisionExecutive LeadershipBoard of DirectorsLatest NewsNews ReleasesEventsPresentationsContact",
    "link": "https://www.sangamo.com/about/",
    "timestamp": "unknown"
  },
  {
    "title": "AboutOverviewMission & VisionExecutive LeadershipBoard of DirectorsLatest NewsNews ReleasesEventsPresentationsContact",
    "link": "https://www.sangamo.com/about/",
    "timestamp": "unknown"
  },
  {
    "title": "OverviewMission & VisionExecutive LeadershipBoard of Directors",
    "link": "https://develop.sangamo.scs-staging.com/science#overview",
    "timestamp": "unknown"
  },
  {
    "title": "Mission & Vision",
    "link": "https://www.sangamo.com/about/#our-mission",
    "timestamp": "unknown"
  },
  {
    "title": "Executive Leadership",
    "link": "https://www.sangamo.com/about/leadership",
    "timestamp": "unknown"
  },
  {
    "title": "Board of Directors",
    "link": "https://www.sangamo.com/about/leadership/#board-of-directors",
    "timestamp": "unknown"
  },
  {
    "title": "Latest NewsNews ReleasesEventsPresentations",
    "link": "https://investor.sangamo.com/news-releases",
    "timestamp": "unknown"
  },
  {
    "title": "News Releases",
    "link": "https://investor.sangamo.com/news-releases",
    "timestamp": "unknown"
  },
  {
    "title": "Events",
    "link": "https://investor.sangamo.com/events-and-presentations",
    "timestamp": "unknown"
  },
  {
    "title": "Presentations",
    "link": "https://www.sangamo.com/science/presentations/",
    "timestamp": "unknown"
  },
  {
    "title": "Contact",
    "link": "https://www.sangamo.com/about/contact/",
    "timestamp": "unknown"
  },
  {
    "title": "Investors &#; MediaOverviewInvestorsNews ReleasesEventsPresentationsESG",
    "link": "https://investor.sangamo.com/",
    "timestamp": "unknown"
  },
  {
    "title": "OverviewInvestorsNews ReleasesEventsPresentationsESG",
    "link": "https://investor.sangamo.com/",
    "timestamp": "unknown"
  },
  {
    "title": "OverviewInvestorsNews ReleasesEventsPresentationsESG",
    "link": "https://investor.sangamo.com/",
    "timestamp": "unknown"
  },
  {
    "title": "OverviewInvestorsNews ReleasesEventsPresentationsESG",
    "link": "https://investor.sangamo.com/",
    "timestamp": "unknown"
  },
  {
    "title": "OverviewInvestorsNews ReleasesEventsPresentationsESG",
    "link": "https://investor.sangamo.com/",
    "timestamp": "unknown"
  },
  {
    "title": "Overview",
    "link": "https://investor.sangamo.com/",
    "timestamp": "unknown"
  },
  {
    "title": "Investors",
    "link": "https://investor.sangamo.com/investors",
    "timestamp": "unknown"
  },
  {
    "title": "News Releases",
    "link": "https://investor.sangamo.com/news-releases",
    "timestamp": "unknown"
  },
  {
    "title": "Events",
    "link": "https://investor.sangamo.com/events-and-presentations",
    "timestamp": "unknown"
  },
  {
    "title": "Presentations",
    "link": "https://investor.sangamo.com/presentations",
    "timestamp": "unknown"
  },
  {
    "title": "ESG",
    "link": "https://investor.sangamo.com/corporate-governance/governance-overview",
    "timestamp": "unknown"
  },
  {
    "title": "YearNoneSangamo Therapeutics Initiates Rolling Submission of BLA to U.S. FDA for ST- in Fabry DiseaseDec ,STAAR study demonstrated positive mean annua",
    "link": "https://investor.sangamo.com/news-releases/news-release-details/sangamo-therapeutics-initiates-rolling-submission-bla-us-fda-st",
    "timestamp": "unknown"
  },
  {
    "title": "YearNoneSangamo Therapeutics Initiates Rolling Submission of BLA to U.S. FDA for ST- in Fabry DiseaseDec ,STAAR study demonstrated positive mean annua",
    "link": "https://investor.sangamo.com/news-releases/news-release-details/sangamo-therapeutics-initiates-rolling-submission-bla-us-fda-st",
    "timestamp": "unknown"
  },
  {
    "title": "YearNoneSangamo Therapeutics Initiates Rolling Submission of BLA to U.S. FDA for ST- in Fabry DiseaseDec ,STAAR study demonstrated positive mean annua",
    "link": "https://investor.sangamo.com/news-releases/news-release-details/sangamo-therapeutics-initiates-rolling-submission-bla-us-fda-st",
    "timestamp": "unknown"
  },
  {
    "title": "YearNoneSangamo Therapeutics Initiates Rolling Submission of BLA to U.S. FDA for ST- in Fabry DiseaseDec ,STAAR study demonstrated positive mean annua",
    "link": "https://investor.sangamo.com/news-releases/news-release-details/sangamo-therapeutics-initiates-rolling-submission-bla-us-fda-st",
    "timestamp": "unknown"
  },
  {
    "title": "YearNoneSangamo Therapeutics Initiates Rolling Submission of BLA to U.S. FDA for ST- in Fabry DiseaseDec ,STAAR study demonstrated positive mean annua",
    "link": "https://investor.sangamo.com/news-releases/news-release-details/sangamo-therapeutics-initiates-rolling-submission-bla-us-fda-st",
    "timestamp": "unknown"
  },
  {
    "title": "YearNoneSangamo Therapeutics Initiates Rolling Submission of BLA to U.S. FDA for ST- in Fabry DiseaseDec ,STAAR study demonstrated positive mean annua",
    "link": "https://investor.sangamo.com/news-releases/news-release-details/sangamo-therapeutics-initiates-rolling-submission-bla-us-fda-st",
    "timestamp": "unknown"
  },
  {
    "title": "YearNoneSangamo Therapeutics Initiates Rolling Submission of BLA to U.S. FDA for ST- in Fabry DiseaseDec ,STAAR study demonstrated positive mean annua",
    "link": "https://investor.sangamo.com/news-releases/news-release-details/sangamo-therapeutics-initiates-rolling-submission-bla-us-fda-st",
    "timestamp": "unknown"
  },
  {
    "title": "YearNoneSangamo Therapeutics Initiates Rolling Submission of BLA to U.S. FDA for ST- in Fabry DiseaseDec ,STAAR study demonstrated positive mean annua",
    "link": "https://investor.sangamo.com/news-releases/news-release-details/sangamo-therapeutics-initiates-rolling-submission-bla-us-fda-st",
    "timestamp": "unknown"
  },
  {
    "title": "YearNoneSangamo Therapeutics Initiates Rolling Submission of BLA to U.S. FDA for ST- in Fabry DiseaseDec ,STAAR study demonstrated positive mean annua",
    "link": "https://investor.sangamo.com/news-releases/news-release-details/sangamo-therapeutics-initiates-rolling-submission-bla-us-fda-st",
    "timestamp": "unknown"
  },
  {
    "title": "YearNoneSangamo Therapeutics Initiates Rolling Submission of BLA to U.S. FDA for ST- in Fabry DiseaseDec ,STAAR study demonstrated positive mean annua",
    "link": "https://investor.sangamo.com/news-releases/news-release-details/sangamo-therapeutics-initiates-rolling-submission-bla-us-fda-st",
    "timestamp": "unknown"
  },
  {
    "title": "YearNoneSangamo Therapeutics Initiates Rolling Submission of BLA to U.S. FDA for ST- in Fabry DiseaseDec ,STAAR study demonstrated positive mean annua",
    "link": "https://investor.sangamo.com/news-releases/news-release-details/sangamo-therapeutics-initiates-rolling-submission-bla-us-fda-st",
    "timestamp": "unknown"
  },
  {
    "title": "YearNoneSangamo Therapeutics Initiates Rolling Submission of BLA to U.S. FDA for ST- in Fabry DiseaseDec ,STAAR study demonstrated positive mean annua",
    "link": "https://investor.sangamo.com/news-releases/news-release-details/sangamo-therapeutics-initiates-rolling-submission-bla-us-fda-st",
    "timestamp": "unknown"
  },
  {
    "title": "YearNoneSangamo Therapeutics Initiates Rolling Submission of BLA to U.S. FDA for ST- in Fabry DiseaseDec ,STAAR study demonstrated positive mean annua",
    "link": "https://investor.sangamo.com/news-releases/news-release-details/sangamo-therapeutics-initiates-rolling-submission-bla-us-fda-st",
    "timestamp": "unknown"
  },
  {
    "title": "YearNoneSangamo Therapeutics Initiates Rolling Submission of BLA to U.S. FDA for ST- in Fabry DiseaseDec ,STAAR study demonstrated positive mean annua",
    "link": "https://investor.sangamo.com/news-releases/news-release-details/sangamo-therapeutics-initiates-rolling-submission-bla-us-fda-st",
    "timestamp": "unknown"
  },
  {
    "title": "YearNoneSangamo Therapeutics Initiates Rolling Submission of BLA to U.S. FDA for ST- in Fabry DiseaseDec ,STAAR study demonstrated positive mean annua",
    "link": "https://investor.sangamo.com/news-releases/news-release-details/sangamo-therapeutics-initiates-rolling-submission-bla-us-fda-st",
    "timestamp": "unknown"
  },
  {
    "title": "YearNoneSangamo Therapeutics Initiates Rolling Submission of BLA to U.S. FDA for ST- in Fabry DiseaseDec ,STAAR study demonstrated positive mean annua",
    "link": "https://investor.sangamo.com/news-releases/news-release-details/sangamo-therapeutics-initiates-rolling-submission-bla-us-fda-st",
    "timestamp": "unknown"
  },
  {
    "title": "Sangamo Therapeutics Initiates Rolling Submission of BLA to U.S. FDA for ST- in Fabry DiseaseDec ,STAAR study demonstrated positive mean annualized es",
    "link": "https://investor.sangamo.com/news-releases/news-release-details/sangamo-therapeutics-initiates-rolling-submission-bla-us-fda-st",
    "timestamp": "unknown"
  },
  {
    "title": "Sangamo Therapeutics Initiates Rolling Submission of BLA to U.S. FDA for ST- in Fabry Disease",
    "link": "https://investor.sangamo.com/news-releases/news-release-details/sangamo-therapeutics-initiates-rolling-submission-bla-us-fda-st",
    "timestamp": "unknown"
  },
  {
    "title": "Sangamo Therapeutics Receives U.S. FDA Fast Track Designation for ST- for the Treatment of Small Fiber NeuropathyDec ,RICHMOND, Calif. , Dec. ,  (GLOB",
    "link": "https://investor.sangamo.com/news-releases/news-release-details/sangamo-therapeutics-receives-us-fda-fast-track-designation-st",
    "timestamp": "unknown"
  },
  {
    "title": "Sangamo Therapeutics Receives U.S. FDA Fast Track Designation for ST- for the Treatment of Small Fiber Neuropathy",
    "link": "https://investor.sangamo.com/news-releases/news-release-details/sangamo-therapeutics-receives-us-fda-fast-track-designation-st",
    "timestamp": "unknown"
  },
  {
    "title": "Sangamo Therapeutics Announces FDA Acceptance of BLA Rolling Submission Request for ST- in Fabry DiseaseNov ,RICHMOND, Calif. , Nov. ,  (GLOBE NEWSWIR",
    "link": "https://investor.sangamo.com/news-releases/news-release-details/sangamo-therapeutics-announces-fda-acceptance-bla-rolling",
    "timestamp": "unknown"
  },
  {
    "title": "Sangamo Therapeutics Announces FDA Acceptance of BLA Rolling Submission Request for ST- in Fabry Disease",
    "link": "https://investor.sangamo.com/news-releases/news-release-details/sangamo-therapeutics-announces-fda-acceptance-bla-rolling",
    "timestamp": "unknown"
  },
  {
    "title": "Sangamo Therapeutics Reports Recent Business Highlights and Third Quarter  Financial ResultsNov ,Held meeting with U.S. Food and Drug Administration (",
    "link": "https://investor.sangamo.com/news-releases/news-release-details/sangamo-therapeutics-reports-recent-business-highlights-and-",
    "timestamp": "unknown"
  },
  {
    "title": "Sangamo Therapeutics Reports Recent Business Highlights and Third Quarter  Financial Results",
    "link": "https://investor.sangamo.com/news-releases/news-release-details/sangamo-therapeutics-reports-recent-business-highlights-and-",
    "timestamp": "unknown"
  },
  {
    "title": "Sangamo Therapeutics Announces Third Quarter  Earnings CallOct ,RICHMOND, Calif. , Oct. ,  (GLOBE NEWSWIRE) -- Sangamo Therapeutics, Inc. (Nasdaq: SGM",
    "link": "https://investor.sangamo.com/news-releases/news-release-details/sangamo-therapeutics-announces-third-quarter--earnings-call",
    "timestamp": "unknown"
  },
  {
    "title": "Sangamo Therapeutics Announces Third Quarter  Earnings Call",
    "link": "https://investor.sangamo.com/news-releases/news-release-details/sangamo-therapeutics-announces-third-quarter--earnings-call",
    "timestamp": "unknown"
  },
  {
    "title": "Sangamo Therapeutics Presents Detailed Data from Registrational STAAR Study in Fabry Disease at International Congress of Inborn Errors of MetabolismS",
    "link": "https://investor.sangamo.com/news-releases/news-release-details/sangamo-therapeutics-presents-detailed-data-registrational-staar",
    "timestamp": "unknown"
  },
  {
    "title": "Sangamo Therapeutics Presents Detailed Data from Registrational STAAR Study in Fabry Disease at International Congress of Inborn Errors of Metabolism",
    "link": "https://investor.sangamo.com/news-releases/news-release-details/sangamo-therapeutics-presents-detailed-data-registrational-staar",
    "timestamp": "unknown"
  },
  {
    "title": "Sangamo Therapeutics Reports Recent Business Highlights and Second Quarter  Financial ResultsAug ,Announced positive topline results from registration",
    "link": "https://investor.sangamo.com/news-releases/news-release-details/sangamo-therapeutics-reports-recent-business-highlights-and-",
    "timestamp": "unknown"
  },
  {
    "title": "Sangamo Therapeutics Reports Recent Business Highlights and Second Quarter  Financial Results",
    "link": "https://investor.sangamo.com/news-releases/news-release-details/sangamo-therapeutics-reports-recent-business-highlights-and-",
    "timestamp": "unknown"
  },
  {
    "title": "Sangamo Therapeutics Announces Second Quarter  Earnings CallJul ,RICHMOND, Calif. , July ,  (GLOBE NEWSWIRE) -- Sangamo Therapeutics, Inc. (Nasdaq: SG",
    "link": "https://investor.sangamo.com/news-releases/news-release-details/sangamo-therapeutics-announces-second-quarter--earnings-call",
    "timestamp": "unknown"
  },
  {
    "title": "Sangamo Therapeutics Announces Second Quarter  Earnings Call",
    "link": "https://investor.sangamo.com/news-releases/news-release-details/sangamo-therapeutics-announces-second-quarter--earnings-call",
    "timestamp": "unknown"
  },
  {
    "title": "Sangamo Therapeutics Announces Positive Topline Results From Registrational STAAR Study in Fabry DiseaseJun ,STAAR study demonstrated positive mean an",
    "link": "https://investor.sangamo.com/news-releases/news-release-details/sangamo-therapeutics-announces-positive-topline-results",
    "timestamp": "unknown"
  },
  {
    "title": "Sangamo Therapeutics Announces Positive Topline Results From Registrational STAAR Study in Fabry Disease",
    "link": "https://investor.sangamo.com/news-releases/news-release-details/sangamo-therapeutics-announces-positive-topline-results",
    "timestamp": "unknown"
  },
  {
    "title": "Sangamo Therapeutics Reports Recent Business Highlights and First Quarter  Financial ResultsMay ,Announced capsid license agreement with Lilly to deli",
    "link": "https://investor.sangamo.com/news-releases/news-release-details/sangamo-therapeutics-reports-recent-business-highlights-and-",
    "timestamp": "unknown"
  },
  {
    "title": "Sangamo Therapeutics Reports Recent Business Highlights and First Quarter  Financial Results",
    "link": "https://investor.sangamo.com/news-releases/news-release-details/sangamo-therapeutics-reports-recent-business-highlights-and-",
    "timestamp": "unknown"
  },
  {
    "title": "PaginationCurrent pagePageNext pageNext \u203a",
    "link": "https://investor.sangamo.com/news-releases?page=",
    "timestamp": "unknown"
  },
  {
    "title": "Current page",
    "link": "https://investor.sangamo.com/news-releases?page=",
    "timestamp": "unknown"
  },
  {
    "title": "Page",
    "link": "https://investor.sangamo.com/news-releases?page=",
    "timestamp": "unknown"
  },
  {
    "title": "Next pageNext \u203a",
    "link": "https://investor.sangamo.com/news-releases?page=",
    "timestamp": "unknown"
  },
  {
    "title": "HomeSign up for email alertsCompanyScienceProgramsCollaborationsPatientsAboutJobsContactLatestNews ReleasesEventsScience PresentationsScientific Publi",
    "link": "https://www.sangamo.com/",
    "timestamp": "unknown"
  },
  {
    "title": "Home",
    "link": "https://www.sangamo.com/",
    "timestamp": "unknown"
  },
  {
    "title": "Sign up for email alerts",
    "link": "https://investor.sangamo.com/email-alerts",
    "timestamp": "unknown"
  },
  {
    "title": "Sign up for email alerts",
    "link": "https://investor.sangamo.com/email-alerts",
    "timestamp": "unknown"
  },
  {
    "title": "CompanyScienceProgramsCollaborationsPatientsAboutJobsContactLatestNews ReleasesEventsScience PresentationsScientific PublicationsCorporate Presentatio",
    "link": "https://www.sangamo.com/science/",
    "timestamp": "unknown"
  },
  {
    "title": "CompanyScienceProgramsCollaborationsPatientsAboutJobsContactLatestNews ReleasesEventsScience PresentationsScientific PublicationsCorporate Presentatio",
    "link": "https://www.sangamo.com/science/",
    "timestamp": "unknown"
  },
  {
    "title": "CompanyScienceProgramsCollaborationsPatientsAboutJobsContactLatestNews ReleasesEventsScience PresentationsScientific PublicationsCorporate Presentatio",
    "link": "https://www.sangamo.com/science/",
    "timestamp": "unknown"
  },
  {
    "title": "CompanyScienceProgramsCollaborationsPatientsAboutJobsContact",
    "link": "https://www.sangamo.com/science/",
    "timestamp": "unknown"
  },
  {
    "title": "Science",
    "link": "https://www.sangamo.com/science/",
    "timestamp": "unknown"
  },
  {
    "title": "Programs",
    "link": "https://www.sangamo.com/programs/",
    "timestamp": "unknown"
  },
  {
    "title": "Collaborations",
    "link": "https://www.sangamo.com/programs#collaborations",
    "timestamp": "unknown"
  },
  {
    "title": "Patients",
    "link": "https://www.sangamo.com/patients/",
    "timestamp": "unknown"
  },
  {
    "title": "About",
    "link": "https://www.sangamo.com/about/",
    "timestamp": "unknown"
  },
  {
    "title": "Jobs",
    "link": "https://www.sangamo.com/careers/",
    "timestamp": "unknown"
  },
  {
    "title": "Contact",
    "link": "https://www.sangamo.com/about/contact/",
    "timestamp": "unknown"
  },
  {
    "title": "LatestNews ReleasesEventsScience PresentationsScientific PublicationsCorporate Presentations",
    "link": "https://investor.sangamo.com/news-releases",
    "timestamp": "unknown"
  },
  {
    "title": "News Releases",
    "link": "https://investor.sangamo.com/news-releases",
    "timestamp": "unknown"
  },
  {
    "title": "Events",
    "link": "https://investor.sangamo.com/events-and-presentations",
    "timestamp": "unknown"
  },
  {
    "title": "Science Presentations",
    "link": "https://www.sangamo.com/science/presentations/",
    "timestamp": "unknown"
  },
  {
    "title": "Scientific Publications",
    "link": "https://www.sangamo.com/science/publications/",
    "timestamp": "unknown"
  },
  {
    "title": "Corporate Presentations",
    "link": "https://investor.sangamo.com/events-and-presentations",
    "timestamp": "unknown"
  },
  {
    "title": "ResourcesPipelineClinical TrialsInvestor InformationLegal DisclaimerPrivacy PolicySocialLinkedinTwitter",
    "link": "https://www.sangamo.com/programs/#pipeline",
    "timestamp": "unknown"
  },
  {
    "title": "ResourcesPipelineClinical TrialsInvestor InformationLegal DisclaimerPrivacy PolicySocialLinkedinTwitter",
    "link": "https://www.sangamo.com/programs/#pipeline",
    "timestamp": "unknown"
  },
  {
    "title": "ResourcesPipelineClinical TrialsInvestor InformationLegal DisclaimerPrivacy Policy",
    "link": "https://www.sangamo.com/programs/#pipeline",
    "timestamp": "unknown"
  },
  {
    "title": "Pipeline",
    "link": "https://www.sangamo.com/programs/#pipeline",
    "timestamp": "unknown"
  },
  {
    "title": "Clinical Trials",
    "link": "https://www.sangamo.com/programs/clinical-trials/",
    "timestamp": "unknown"
  },
  {
    "title": "Investor Information",
    "link": "https://investor.sangamo.com/",
    "timestamp": "unknown"
  },
  {
    "title": "Legal Disclaimer",
    "link": "https://www.sangamo.com/legal-disclaimer/",
    "timestamp": "unknown"
  },
  {
    "title": "Privacy Policy",
    "link": "https://www.sangamo.com/privacy-policy/",
    "timestamp": "unknown"
  },
  {
    "title": "SocialLinkedinTwitter",
    "link": "https://www.linkedin.com/company/sangamo-therapeutics/",
    "timestamp": "unknown"
  },
  {
    "title": "Linkedin",
    "link": "https://www.linkedin.com/company/sangamo-therapeutics/",
    "timestamp": "unknown"
  },
  {
    "title": "Twitter",
    "link": "https://twitter.com/sangamotx",
    "timestamp": "unknown"
  }
]