[
  {
    "title": "CareersCore ValuesOpen PositionsEmployee BenefitsClinical TrialsContactScienceTechnology PlatformsZinc Finger PlatformDelivery PlatformCAR-Treg Platfo",
    "link": "https://www.sangamo.com/careers/",
    "timestamp": "unknown"
  },
  {
    "title": "CareersCore ValuesOpen PositionsEmployee BenefitsClinical TrialsContactScienceTechnology PlatformsZinc Finger PlatformDelivery PlatformCAR-Treg Platfo",
    "link": "https://www.sangamo.com/careers/",
    "timestamp": "unknown"
  },
  {
    "title": "CareersCore ValuesOpen PositionsEmployee BenefitsClinical TrialsContact",
    "link": "https://www.sangamo.com/careers/",
    "timestamp": "unknown"
  },
  {
    "title": "CareersCore ValuesOpen PositionsEmployee BenefitsClinical TrialsContact",
    "link": "https://www.sangamo.com/careers/",
    "timestamp": "unknown"
  },
  {
    "title": "CareersCore ValuesOpen PositionsEmployee BenefitsClinical TrialsContact",
    "link": "https://www.sangamo.com/careers/",
    "timestamp": "unknown"
  },
  {
    "title": "CareersCore ValuesOpen PositionsEmployee Benefits",
    "link": "https://www.sangamo.com/careers/",
    "timestamp": "unknown"
  },
  {
    "title": "Core Values",
    "link": "https://www.sangamo.com/careers/#core-values",
    "timestamp": "unknown"
  },
  {
    "title": "Open Positions",
    "link": "https://www.sangamo.com/careers/open-positions/",
    "timestamp": "unknown"
  },
  {
    "title": "Employee Benefits",
    "link": "https://www.sangamo.com/careers/#employee-benefits",
    "timestamp": "unknown"
  },
  {
    "title": "Clinical Trials",
    "link": "https://www.sangamo.com/programs/clinical-trials/",
    "timestamp": "unknown"
  },
  {
    "title": "Contact",
    "link": "https://www.sangamo.com/about/contact/",
    "timestamp": "unknown"
  },
  {
    "title": "ScienceTechnology PlatformsZinc Finger PlatformDelivery PlatformCAR-Treg PlatformTherapeutic ApplicationsNeurologyOncologyPresentationsPublicationsPro",
    "link": "https://www.sangamo.com/science/",
    "timestamp": "unknown"
  },
  {
    "title": "ScienceTechnology PlatformsZinc Finger PlatformDelivery PlatformCAR-Treg PlatformTherapeutic ApplicationsNeurologyOncologyPresentationsPublications",
    "link": "https://www.sangamo.com/science/",
    "timestamp": "unknown"
  },
  {
    "title": "Technology PlatformsZinc Finger PlatformDelivery PlatformCAR-Treg Platform",
    "link": "https://www.sangamo.com/science/#technology-platforms",
    "timestamp": "unknown"
  },
  {
    "title": "Zinc Finger Platform",
    "link": "https://www.sangamo.com/science/technology-platforms/zinc-finger-platform/",
    "timestamp": "unknown"
  },
  {
    "title": "Delivery Platform",
    "link": "https://www.sangamo.com/science/technology-platforms/delivery-platform/",
    "timestamp": "unknown"
  },
  {
    "title": "CAR-Treg Platform",
    "link": "https://www.sangamo.com/science/therapeutic-applications/autoimmunity-and-transplantation/",
    "timestamp": "unknown"
  },
  {
    "title": "Therapeutic ApplicationsNeurologyOncology",
    "link": "https://www.sangamo.com/science/#therapeutic-applications",
    "timestamp": "unknown"
  },
  {
    "title": "Neurology",
    "link": "https://www.sangamo.com/science/therapeutic-applications/neurology/",
    "timestamp": "unknown"
  },
  {
    "title": "Oncology",
    "link": "https://www.sangamo.com/science/therapeutic-applications/oncology/",
    "timestamp": "unknown"
  },
  {
    "title": "Presentations",
    "link": "https://www.sangamo.com/science/presentations/",
    "timestamp": "unknown"
  },
  {
    "title": "Publications",
    "link": "https://www.sangamo.com/science/publications/",
    "timestamp": "unknown"
  },
  {
    "title": "ProgramsPipelineClinical ProgramsSmall Fiber Neuropathy (SFN)Fabry DiseaseHemophilia AClinical TrialsCollaborations & Partners",
    "link": "https://www.sangamo.com/programs/",
    "timestamp": "unknown"
  },
  {
    "title": "Pipeline",
    "link": "https://www.sangamo.com/programs/#pipeline",
    "timestamp": "unknown"
  },
  {
    "title": "Clinical ProgramsSmall Fiber Neuropathy (SFN)Fabry DiseaseHemophilia A",
    "link": "https://www.sangamo.com/programs/#programs",
    "timestamp": "unknown"
  },
  {
    "title": "Small Fiber Neuropathy (SFN)",
    "link": "https://www.sangamo.com/programs/clinical-trials/sfn/",
    "timestamp": "unknown"
  },
  {
    "title": "Fabry Disease",
    "link": "https://www.sangamo.com/programs/clinical-trials/fabry-disease/",
    "timestamp": "unknown"
  },
  {
    "title": "Hemophilia A",
    "link": "https://www.sangamo.com/programs/clinical-trials/hemophilia-a/",
    "timestamp": "unknown"
  },
  {
    "title": "Clinical Trials",
    "link": "https://www.sangamo.com/programs/clinical-trials/",
    "timestamp": "unknown"
  },
  {
    "title": "Collaborations & Partners",
    "link": "https://www.sangamo.com/programs/#collaborations",
    "timestamp": "unknown"
  },
  {
    "title": "PatientsOur CommitmentExpanded Access PolicyBioethicsPatient StoriesBryan \u2013 Fabry DiseaseLori \u2013 Fabry DiseaseMatt \u2013 Fabry DiseaseElizabeth \u2013 Fabry Dis",
    "link": "https://www.sangamo.com/patients/",
    "timestamp": "unknown"
  },
  {
    "title": "Our CommitmentExpanded Access PolicyBioethics",
    "link": "https://www.sangamo.com/patients/#our-commitment",
    "timestamp": "unknown"
  },
  {
    "title": "Expanded Access Policy",
    "link": "https://www.sangamo.com/patients/expanded-access-policy/",
    "timestamp": "unknown"
  },
  {
    "title": "Bioethics",
    "link": "https://www.sangamo.com/patients/#bioethics",
    "timestamp": "unknown"
  },
  {
    "title": "Patient StoriesBryan \u2013 Fabry DiseaseLori \u2013 Fabry DiseaseMatt \u2013 Fabry DiseaseElizabeth \u2013 Fabry DiseaseIsrael \u2013 Hemophilia AMiles \u2013 Hemophilia ATrevor \u2013",
    "link": "https://www.sangamo.com/patients/stories/",
    "timestamp": "unknown"
  },
  {
    "title": "Bryan \u2013 Fabry Disease",
    "link": "https://www.sangamo.com/patients/stories/bryan/",
    "timestamp": "unknown"
  },
  {
    "title": "Lori \u2013 Fabry Disease",
    "link": "https://www.sangamo.com/patients/stories/lori/",
    "timestamp": "unknown"
  },
  {
    "title": "Matt \u2013 Fabry Disease",
    "link": "https://www.sangamo.com/patients/stories/matt/",
    "timestamp": "unknown"
  },
  {
    "title": "Elizabeth \u2013 Fabry Disease",
    "link": "https://www.sangamo.com/patients/stories/elizabeth/",
    "timestamp": "unknown"
  },
  {
    "title": "Israel \u2013 Hemophilia A",
    "link": "https://www.sangamo.com/patients/stories/israel/",
    "timestamp": "unknown"
  },
  {
    "title": "Miles \u2013 Hemophilia A",
    "link": "https://www.sangamo.com/patients/stories/miles/",
    "timestamp": "unknown"
  },
  {
    "title": "Trevor \u2013 Prion Disease",
    "link": "https://www.sangamo.com/patients/stories/trevor/",
    "timestamp": "unknown"
  },
  {
    "title": "Sharron \u2013 Renal Transplant",
    "link": "https://www.sangamo.com/patients/stories/sharron/",
    "timestamp": "unknown"
  },
  {
    "title": "Patient FocusResourcesEducationOrganizations",
    "link": "https://www.sangamo.com/patients",
    "timestamp": "unknown"
  },
  {
    "title": "Resources",
    "link": "https://www.sangamo.com/patients/resources/",
    "timestamp": "unknown"
  },
  {
    "title": "Education",
    "link": "https://www.sangamo.com/patients/resources/#education",
    "timestamp": "unknown"
  },
  {
    "title": "Organizations",
    "link": "https://www.sangamo.com/patients/resources/#organizations",
    "timestamp": "unknown"
  },
  {
    "title": "Investors & MediaOverviewNews ReleasesEventsPresentationsESG",
    "link": "https://investor.sangamo.com/",
    "timestamp": "unknown"
  },
  {
    "title": "Overview",
    "link": "https://investor.sangamo.com/investor-relations",
    "timestamp": "unknown"
  },
  {
    "title": "News Releases",
    "link": "https://investor.sangamo.com/news-releases",
    "timestamp": "unknown"
  },
  {
    "title": "Events",
    "link": "https://investor.sangamo.com/events-and-presentations",
    "timestamp": "unknown"
  },
  {
    "title": "Presentations",
    "link": "https://investor.sangamo.com/presentations",
    "timestamp": "unknown"
  },
  {
    "title": "ESG",
    "link": "https://investor.sangamo.com/corporate-governance/governance-overview",
    "timestamp": "unknown"
  },
  {
    "title": "AboutOverviewMission & VisionExecutive LeadershipBoard of DirectorsLatest NewsNews ReleasesEventsPresentationsContact",
    "link": "https://www.sangamo.com/about/",
    "timestamp": "unknown"
  },
  {
    "title": "OverviewMission & VisionExecutive LeadershipBoard of Directors",
    "link": "https://develop.sangamo.scs-staging.com/science#overview",
    "timestamp": "unknown"
  },
  {
    "title": "Mission & Vision",
    "link": "https://www.sangamo.com/about/#our-mission",
    "timestamp": "unknown"
  },
  {
    "title": "Executive Leadership",
    "link": "https://www.sangamo.com/about/leadership",
    "timestamp": "unknown"
  },
  {
    "title": "Board of Directors",
    "link": "https://www.sangamo.com/about/leadership/#board-of-directors",
    "timestamp": "unknown"
  },
  {
    "title": "Latest NewsNews ReleasesEventsPresentations",
    "link": "https://investor.sangamo.com/news-releases",
    "timestamp": "unknown"
  },
  {
    "title": "News Releases",
    "link": "https://investor.sangamo.com/news-releases",
    "timestamp": "unknown"
  },
  {
    "title": "Events",
    "link": "https://investor.sangamo.com/events-and-presentations",
    "timestamp": "unknown"
  },
  {
    "title": "Presentations",
    "link": "https://www.sangamo.com/science/presentations/",
    "timestamp": "unknown"
  },
  {
    "title": "Contact",
    "link": "https://www.sangamo.com/about/contact/",
    "timestamp": "unknown"
  },
  {
    "title": "ScienceTechnology PlatformsZinc Finger PlatformDelivery PlatformCAR-Treg PlatformTherapeutic ApplicationsNeurologyOncologyPresentationsPublicationsPro",
    "link": "https://www.sangamo.com/science/",
    "timestamp": "unknown"
  },
  {
    "title": "ScienceTechnology PlatformsZinc Finger PlatformDelivery PlatformCAR-Treg PlatformTherapeutic ApplicationsNeurologyOncologyPresentationsPublicationsPro",
    "link": "https://www.sangamo.com/science/",
    "timestamp": "unknown"
  },
  {
    "title": "ScienceTechnology PlatformsZinc Finger PlatformDelivery PlatformCAR-Treg PlatformTherapeutic ApplicationsNeurologyOncologyPresentationsPublicationsPro",
    "link": "https://www.sangamo.com/science/",
    "timestamp": "unknown"
  },
  {
    "title": "ScienceTechnology PlatformsZinc Finger PlatformDelivery PlatformCAR-Treg PlatformTherapeutic ApplicationsNeurologyOncologyPresentationsPublications",
    "link": "https://www.sangamo.com/science/",
    "timestamp": "unknown"
  },
  {
    "title": "Technology PlatformsZinc Finger PlatformDelivery PlatformCAR-Treg Platform",
    "link": "https://www.sangamo.com/science/#technology-platforms",
    "timestamp": "unknown"
  },
  {
    "title": "Zinc Finger Platform",
    "link": "https://www.sangamo.com/science/technology-platforms/zinc-finger-platform/",
    "timestamp": "unknown"
  },
  {
    "title": "Delivery Platform",
    "link": "https://www.sangamo.com/science/technology-platforms/delivery-platform/",
    "timestamp": "unknown"
  },
  {
    "title": "CAR-Treg Platform",
    "link": "https://www.sangamo.com/science/therapeutic-applications/autoimmunity-and-transplantation/",
    "timestamp": "unknown"
  },
  {
    "title": "Therapeutic ApplicationsNeurologyOncology",
    "link": "https://www.sangamo.com/science/#therapeutic-applications",
    "timestamp": "unknown"
  },
  {
    "title": "Neurology",
    "link": "https://www.sangamo.com/science/therapeutic-applications/neurology/",
    "timestamp": "unknown"
  },
  {
    "title": "Oncology",
    "link": "https://www.sangamo.com/science/therapeutic-applications/oncology/",
    "timestamp": "unknown"
  },
  {
    "title": "Presentations",
    "link": "https://www.sangamo.com/science/presentations/",
    "timestamp": "unknown"
  },
  {
    "title": "Publications",
    "link": "https://www.sangamo.com/science/publications/",
    "timestamp": "unknown"
  },
  {
    "title": "ProgramsPipelineClinical ProgramsSmall Fiber Neuropathy (SFN)Fabry DiseaseHemophilia AClinical TrialsCollaborations & PartnersPatientsOur CommitmentEx",
    "link": "https://www.sangamo.com/programs/",
    "timestamp": "unknown"
  },
  {
    "title": "ProgramsPipelineClinical ProgramsSmall Fiber Neuropathy (SFN)Fabry DiseaseHemophilia AClinical TrialsCollaborations & Partners",
    "link": "https://www.sangamo.com/programs/",
    "timestamp": "unknown"
  },
  {
    "title": "Pipeline",
    "link": "https://www.sangamo.com/programs/#pipeline",
    "timestamp": "unknown"
  },
  {
    "title": "Clinical ProgramsSmall Fiber Neuropathy (SFN)Fabry DiseaseHemophilia A",
    "link": "https://www.sangamo.com/programs/#programs",
    "timestamp": "unknown"
  },
  {
    "title": "Small Fiber Neuropathy (SFN)",
    "link": "https://www.sangamo.com/programs/clinical-trials/sfn/",
    "timestamp": "unknown"
  },
  {
    "title": "Fabry Disease",
    "link": "https://www.sangamo.com/programs/clinical-trials/fabry-disease/",
    "timestamp": "unknown"
  },
  {
    "title": "Hemophilia A",
    "link": "https://www.sangamo.com/programs/clinical-trials/hemophilia-a/",
    "timestamp": "unknown"
  },
  {
    "title": "Clinical Trials",
    "link": "https://www.sangamo.com/programs/clinical-trials/",
    "timestamp": "unknown"
  },
  {
    "title": "Collaborations & Partners",
    "link": "https://www.sangamo.com/programs/#collaborations",
    "timestamp": "unknown"
  },
  {
    "title": "PatientsOur CommitmentExpanded Access PolicyBioethicsPatient StoriesBryan \u2013 Fabry DiseaseLori \u2013 Fabry DiseaseMatt \u2013 Fabry DiseaseElizabeth \u2013 Fabry Dis",
    "link": "https://www.sangamo.com/patients/",
    "timestamp": "unknown"
  },
  {
    "title": "PatientsOur CommitmentExpanded Access PolicyBioethicsPatient StoriesBryan \u2013 Fabry DiseaseLori \u2013 Fabry DiseaseMatt \u2013 Fabry DiseaseElizabeth \u2013 Fabry Dis",
    "link": "https://www.sangamo.com/patients/",
    "timestamp": "unknown"
  },
  {
    "title": "Our CommitmentExpanded Access PolicyBioethics",
    "link": "https://www.sangamo.com/patients/#our-commitment",
    "timestamp": "unknown"
  },
  {
    "title": "Expanded Access Policy",
    "link": "https://www.sangamo.com/patients/expanded-access-policy/",
    "timestamp": "unknown"
  },
  {
    "title": "Bioethics",
    "link": "https://www.sangamo.com/patients/#bioethics",
    "timestamp": "unknown"
  },
  {
    "title": "Patient StoriesBryan \u2013 Fabry DiseaseLori \u2013 Fabry DiseaseMatt \u2013 Fabry DiseaseElizabeth \u2013 Fabry DiseaseIsrael \u2013 Hemophilia AMiles \u2013 Hemophilia ATrevor \u2013",
    "link": "https://www.sangamo.com/patients/stories/",
    "timestamp": "unknown"
  },
  {
    "title": "Bryan \u2013 Fabry Disease",
    "link": "https://www.sangamo.com/patients/stories/bryan/",
    "timestamp": "unknown"
  },
  {
    "title": "Lori \u2013 Fabry Disease",
    "link": "https://www.sangamo.com/patients/stories/lori/",
    "timestamp": "unknown"
  },
  {
    "title": "Matt \u2013 Fabry Disease",
    "link": "https://www.sangamo.com/patients/stories/matt/",
    "timestamp": "unknown"
  },
  {
    "title": "Elizabeth \u2013 Fabry Disease",
    "link": "https://www.sangamo.com/patients/stories/elizabeth/",
    "timestamp": "unknown"
  },
  {
    "title": "Israel \u2013 Hemophilia A",
    "link": "https://www.sangamo.com/patients/stories/israel/",
    "timestamp": "unknown"
  },
  {
    "title": "Miles \u2013 Hemophilia A",
    "link": "https://www.sangamo.com/patients/stories/miles/",
    "timestamp": "unknown"
  },
  {
    "title": "Trevor \u2013 Prion Disease",
    "link": "https://www.sangamo.com/patients/stories/trevor/",
    "timestamp": "unknown"
  },
  {
    "title": "Sharron \u2013 Renal Transplant",
    "link": "https://www.sangamo.com/patients/stories/sharron/",
    "timestamp": "unknown"
  },
  {
    "title": "Patient FocusResourcesEducationOrganizations",
    "link": "https://www.sangamo.com/patients",
    "timestamp": "unknown"
  },
  {
    "title": "Resources",
    "link": "https://www.sangamo.com/patients/resources/",
    "timestamp": "unknown"
  },
  {
    "title": "Education",
    "link": "https://www.sangamo.com/patients/resources/#education",
    "timestamp": "unknown"
  },
  {
    "title": "Organizations",
    "link": "https://www.sangamo.com/patients/resources/#organizations",
    "timestamp": "unknown"
  },
  {
    "title": "Investors & MediaOverviewNews ReleasesEventsPresentationsESGAboutOverviewMission & VisionExecutive LeadershipBoard of DirectorsLatest NewsNews Release",
    "link": "https://investor.sangamo.com/",
    "timestamp": "unknown"
  },
  {
    "title": "Investors & MediaOverviewNews ReleasesEventsPresentationsESG",
    "link": "https://investor.sangamo.com/",
    "timestamp": "unknown"
  },
  {
    "title": "Overview",
    "link": "https://investor.sangamo.com/investor-relations",
    "timestamp": "unknown"
  },
  {
    "title": "News Releases",
    "link": "https://investor.sangamo.com/news-releases",
    "timestamp": "unknown"
  },
  {
    "title": "Events",
    "link": "https://investor.sangamo.com/events-and-presentations",
    "timestamp": "unknown"
  },
  {
    "title": "Presentations",
    "link": "https://investor.sangamo.com/presentations",
    "timestamp": "unknown"
  },
  {
    "title": "ESG",
    "link": "https://investor.sangamo.com/corporate-governance/governance-overview",
    "timestamp": "unknown"
  },
  {
    "title": "AboutOverviewMission & VisionExecutive LeadershipBoard of DirectorsLatest NewsNews ReleasesEventsPresentationsContact",
    "link": "https://www.sangamo.com/about/",
    "timestamp": "unknown"
  },
  {
    "title": "AboutOverviewMission & VisionExecutive LeadershipBoard of DirectorsLatest NewsNews ReleasesEventsPresentationsContact",
    "link": "https://www.sangamo.com/about/",
    "timestamp": "unknown"
  },
  {
    "title": "OverviewMission & VisionExecutive LeadershipBoard of Directors",
    "link": "https://develop.sangamo.scs-staging.com/science#overview",
    "timestamp": "unknown"
  },
  {
    "title": "Mission & Vision",
    "link": "https://www.sangamo.com/about/#our-mission",
    "timestamp": "unknown"
  },
  {
    "title": "Executive Leadership",
    "link": "https://www.sangamo.com/about/leadership",
    "timestamp": "unknown"
  },
  {
    "title": "Board of Directors",
    "link": "https://www.sangamo.com/about/leadership/#board-of-directors",
    "timestamp": "unknown"
  },
  {
    "title": "Latest NewsNews ReleasesEventsPresentations",
    "link": "https://investor.sangamo.com/news-releases",
    "timestamp": "unknown"
  },
  {
    "title": "News Releases",
    "link": "https://investor.sangamo.com/news-releases",
    "timestamp": "unknown"
  },
  {
    "title": "Events",
    "link": "https://investor.sangamo.com/events-and-presentations",
    "timestamp": "unknown"
  },
  {
    "title": "Presentations",
    "link": "https://www.sangamo.com/science/presentations/",
    "timestamp": "unknown"
  },
  {
    "title": "Contact",
    "link": "https://www.sangamo.com/about/contact/",
    "timestamp": "unknown"
  },
  {
    "title": "Investors &#; MediaOverviewInvestorsNews ReleasesEventsPresentationsESG",
    "link": "https://investor.sangamo.com/",
    "timestamp": "unknown"
  },
  {
    "title": "OverviewInvestorsNews ReleasesEventsPresentationsESG",
    "link": "https://investor.sangamo.com/",
    "timestamp": "unknown"
  },
  {
    "title": "OverviewInvestorsNews ReleasesEventsPresentationsESG",
    "link": "https://investor.sangamo.com/",
    "timestamp": "unknown"
  },
  {
    "title": "OverviewInvestorsNews ReleasesEventsPresentationsESG",
    "link": "https://investor.sangamo.com/",
    "timestamp": "unknown"
  },
  {
    "title": "OverviewInvestorsNews ReleasesEventsPresentationsESG",
    "link": "https://investor.sangamo.com/",
    "timestamp": "unknown"
  },
  {
    "title": "Overview",
    "link": "https://investor.sangamo.com/",
    "timestamp": "unknown"
  },
  {
    "title": "Investors",
    "link": "https://investor.sangamo.com/investors",
    "timestamp": "unknown"
  },
  {
    "title": "News Releases",
    "link": "https://investor.sangamo.com/news-releases",
    "timestamp": "unknown"
  },
  {
    "title": "Events",
    "link": "https://investor.sangamo.com/events-and-presentations",
    "timestamp": "unknown"
  },
  {
    "title": "Presentations",
    "link": "https://investor.sangamo.com/presentations",
    "timestamp": "unknown"
  },
  {
    "title": "ESG",
    "link": "https://investor.sangamo.com/corporate-governance/governance-overview",
    "timestamp": "unknown"
  },
  {
    "title": "Latest PresentationsAll PresentationsSangamo Corporate PresentationNov ,Sangamo Corporate Presentation. MBSource\n             WORLDSymposiumIsaralgage",
    "link": "https://investor.sangamo.com/presentations",
    "timestamp": "unknown"
  },
  {
    "title": "Latest PresentationsAll PresentationsSangamo Corporate PresentationNov ,Sangamo Corporate Presentation. MBSource\n             WORLDSymposiumIsaralgage",
    "link": "https://investor.sangamo.com/presentations",
    "timestamp": "unknown"
  },
  {
    "title": "Latest PresentationsAll PresentationsSangamo Corporate PresentationNov ,Sangamo Corporate Presentation. MBSource\n             WORLDSymposiumIsaralgage",
    "link": "https://investor.sangamo.com/presentations",
    "timestamp": "unknown"
  },
  {
    "title": "Latest PresentationsAll PresentationsSangamo Corporate PresentationNov ,Sangamo Corporate Presentation. MBSource\n             WORLDSymposiumIsaralgage",
    "link": "https://investor.sangamo.com/presentations",
    "timestamp": "unknown"
  },
  {
    "title": "Latest PresentationsAll PresentationsSangamo Corporate PresentationNov ,Sangamo Corporate Presentation. MBSource\n             WORLDSymposiumIsaralgage",
    "link": "https://investor.sangamo.com/presentations",
    "timestamp": "unknown"
  },
  {
    "title": "Latest PresentationsAll PresentationsSangamo Corporate PresentationNov ,Sangamo Corporate Presentation. MBSource\n             WORLDSymposiumIsaralgage",
    "link": "https://investor.sangamo.com/presentations",
    "timestamp": "unknown"
  },
  {
    "title": "Latest PresentationsAll PresentationsSangamo Corporate PresentationNov ,Sangamo Corporate Presentation. MBSource\n             WORLDSymposiumIsaralgage",
    "link": "https://investor.sangamo.com/presentations",
    "timestamp": "unknown"
  },
  {
    "title": "Latest PresentationsAll PresentationsSangamo Corporate PresentationNov ,Sangamo Corporate Presentation. MBSource\n             WORLDSymposiumIsaralgage",
    "link": "https://investor.sangamo.com/presentations",
    "timestamp": "unknown"
  },
  {
    "title": "Latest PresentationsAll PresentationsSangamo Corporate PresentationNov ,Sangamo Corporate Presentation. MBSource\n             WORLDSymposiumIsaralgage",
    "link": "https://investor.sangamo.com/presentations",
    "timestamp": "unknown"
  },
  {
    "title": "Latest PresentationsAll PresentationsSangamo Corporate PresentationNov ,Sangamo Corporate Presentation. MBSource\n             WORLDSymposiumIsaralgage",
    "link": "https://investor.sangamo.com/presentations",
    "timestamp": "unknown"
  },
  {
    "title": "Latest PresentationsAll PresentationsSangamo Corporate PresentationNov ,Sangamo Corporate Presentation. MBSource\n             WORLDSymposiumIsaralgage",
    "link": "https://investor.sangamo.com/presentations",
    "timestamp": "unknown"
  },
  {
    "title": "Latest PresentationsAll PresentationsSangamo Corporate PresentationNov ,Sangamo Corporate Presentation. MBSource\n             WORLDSymposiumIsaralgage",
    "link": "https://investor.sangamo.com/presentations",
    "timestamp": "unknown"
  },
  {
    "title": "Latest PresentationsAll PresentationsSangamo Corporate PresentationNov ,Sangamo Corporate Presentation. MBSource\n             WORLDSymposiumIsaralgage",
    "link": "https://investor.sangamo.com/presentations",
    "timestamp": "unknown"
  },
  {
    "title": "Latest PresentationsAll PresentationsSangamo Corporate PresentationNov ,Sangamo Corporate Presentation. MBSource\n             WORLDSymposiumIsaralgage",
    "link": "https://investor.sangamo.com/presentations",
    "timestamp": "unknown"
  },
  {
    "title": "Latest PresentationsAll PresentationsSangamo Corporate PresentationNov ,Sangamo Corporate Presentation. MBSource\n             WORLDSymposiumIsaralgage",
    "link": "https://investor.sangamo.com/presentations",
    "timestamp": "unknown"
  },
  {
    "title": "Latest PresentationsAll PresentationsSangamo Corporate PresentationNov ,Sangamo Corporate Presentation. MBSource\n             WORLDSymposiumIsaralgage",
    "link": "https://investor.sangamo.com/presentations",
    "timestamp": "unknown"
  },
  {
    "title": "Latest PresentationsAll Presentations",
    "link": "https://investor.sangamo.com/presentations",
    "timestamp": "unknown"
  },
  {
    "title": "All Presentations",
    "link": "https://investor.sangamo.com/presentations",
    "timestamp": "unknown"
  },
  {
    "title": "Sangamo Corporate PresentationNov ,Sangamo Corporate Presentation. MBSource\n             WORLDSymposiumIsaralgagene civaparvovec (ST-) shows positive ",
    "link": "https://investor.sangamo.com/static-files/b5b24a4c-1abe-44e4-a497-ae359b52c469",
    "timestamp": "unknown"
  },
  {
    "title": "Sangamo Corporate PresentationNov ,Sangamo Corporate Presentation. MB",
    "link": "https://investor.sangamo.com/static-files/b5b24a4c-1abe-44e4-a497-ae359b52c469",
    "timestamp": "unknown"
  },
  {
    "title": "Sangamo Corporate PresentationNov ,Sangamo Corporate Presentation. MB",
    "link": "https://investor.sangamo.com/static-files/b5b24a4c-1abe-44e4-a497-ae359b52c469",
    "timestamp": "unknown"
  },
  {
    "title": "Sangamo Corporate PresentationNov ,Sangamo Corporate Presentation. MB",
    "link": "https://investor.sangamo.com/static-files/b5b24a4c-1abe-44e4-a497-ae359b52c469",
    "timestamp": "unknown"
  },
  {
    "title": "Sangamo Corporate Presentation",
    "link": "https://investor.sangamo.com/static-files/b5b24a4c-1abe-44e4-a497-ae359b52c469",
    "timestamp": "unknown"
  },
  {
    "title": "Sangamo Corporate Presentation",
    "link": "https://investor.sangamo.com/static-files/b5b24a4c-1abe-44e4-a497-ae359b52c469",
    "timestamp": "unknown"
  },
  {
    "title": "Sangamo Corporate Presentation",
    "link": "https://investor.sangamo.com/static-files/b5b24a4c-1abe-44e4-a497-ae359b52c469",
    "timestamp": "unknown"
  },
  {
    "title": "Sangamo Corporate Presentation. MB",
    "link": "https://investor.sangamo.com/static-files/b5b24a4c-1abe-44e4-a497-ae359b52c469",
    "timestamp": "unknown"
  },
  {
    "title": "Sangamo Corporate Presentation. MB",
    "link": "https://investor.sangamo.com/static-files/b5b24a4c-1abe-44e4-a497-ae359b52c469",
    "timestamp": "unknown"
  },
  {
    "title": "Sangamo Corporate Presentation. MB",
    "link": "https://investor.sangamo.com/static-files/b5b24a4c-1abe-44e4-a497-ae359b52c469",
    "timestamp": "unknown"
  },
  {
    "title": "Sangamo Corporate Presentation. MB",
    "link": "https://investor.sangamo.com/static-files/b5b24a4c-1abe-44e4-a497-ae359b52c469",
    "timestamp": "unknown"
  },
  {
    "title": "Sangamo Corporate Presentation. MB",
    "link": "https://investor.sangamo.com/static-files/b5b24a4c-1abe-44e4-a497-ae359b52c469",
    "timestamp": "unknown"
  },
  {
    "title": "Sangamo Corporate Presentation. MB",
    "link": "https://investor.sangamo.com/static-files/b5b24a4c-1abe-44e4-a497-ae359b52c469",
    "timestamp": "unknown"
  },
  {
    "title": "Sangamo Corporate Presentation. MB",
    "link": "https://investor.sangamo.com/static-files/b5b24a4c-1abe-44e4-a497-ae359b52c469",
    "timestamp": "unknown"
  },
  {
    "title": "Sangamo Corporate Presentation. MB",
    "link": "https://investor.sangamo.com/static-files/b5b24a4c-1abe-44e4-a497-ae359b52c469",
    "timestamp": "unknown"
  },
  {
    "title": "Source\n             WORLDSymposiumIsaralgagene civaparvovec (ST-) shows positive mean annualized eGFR slope in adults with Fabry disease: Topline resu",
    "link": "https://investor.sangamo.com/static-files/0f21858a--40e7-afdd-0dbb876d92d4",
    "timestamp": "unknown"
  },
  {
    "title": "Source\n             WORLDSymposiumIsaralgagene civaparvovec (ST-) shows positive mean annualized eGFR slope in adults with Fabry disease: Topline resu",
    "link": "https://investor.sangamo.com/static-files/0f21858a--40e7-afdd-0dbb876d92d4",
    "timestamp": "unknown"
  },
  {
    "title": "Source\n             WORLDSymposiumIsaralgagene civaparvovec (ST-) shows positive mean annualized eGFR slope in adults with Fabry disease: Topline resu",
    "link": "https://investor.sangamo.com/static-files/0f21858a--40e7-afdd-0dbb876d92d4",
    "timestamp": "unknown"
  },
  {
    "title": "Isaralgagene civaparvovec (ST-) shows positive mean annualized eGFR slope in adults with Fabry disease: Topline results from the registrational Phase ",
    "link": "https://investor.sangamo.com/static-files/0f21858a--40e7-afdd-0dbb876d92d4",
    "timestamp": "unknown"
  },
  {
    "title": "Isaralgagene civaparvovec (ST-) shows positive mean annualized eGFR slope in adults with Fabry disease: Topline results from the registrational Phase ",
    "link": "https://investor.sangamo.com/static-files/0f21858a--40e7-afdd-0dbb876d92d4",
    "timestamp": "unknown"
  },
  {
    "title": "Isaralgagene civaparvovec (ST-) shows positive mean annualized eGFR slope in adults with Fabry disease: Topline results from the registrational Phase ",
    "link": "https://investor.sangamo.com/static-files/0f21858a--40e7-afdd-0dbb876d92d4",
    "timestamp": "unknown"
  },
  {
    "title": "Isaralgagene civaparvovec (ST-) shows positive mean annualized eGFR slope in adults with Fabry disease: Topline results from the registrational Phase ",
    "link": "https://investor.sangamo.com/static-files/0f21858a--40e7-afdd-0dbb876d92d4",
    "timestamp": "unknown"
  },
  {
    "title": "Isaralgagene civaparvovec (ST-) shows positive mean annualized eGFR slope in adults with Fabry disease: Topline results from the registrational Phase ",
    "link": "https://investor.sangamo.com/static-files/0f21858a--40e7-afdd-0dbb876d92d4",
    "timestamp": "unknown"
  },
  {
    "title": "Isaralgagene civaparvovec (ST-) shows positive mean annualized eGFR slope in adults with Fabry disease: Topline results from the registrational Phase ",
    "link": "https://investor.sangamo.com/static-files/0f21858a--40e7-afdd-0dbb876d92d4",
    "timestamp": "unknown"
  },
  {
    "title": "Isaralgagene civaparvovec (ST-) shows positive mean annualized eGFR slope in adults with Fabry disease: Topline results from the registrational Phase ",
    "link": "https://investor.sangamo.com/static-files/0f21858a--40e7-afdd-0dbb876d92d4",
    "timestamp": "unknown"
  },
  {
    "title": "Isaralgagene civaparvovec (ST-) shows positive mean annualized eGFR slope in adults with Fabry disease: Topline results from the registrational Phase ",
    "link": "https://investor.sangamo.com/static-files/0f21858a--40e7-afdd-0dbb876d92d4",
    "timestamp": "unknown"
  },
  {
    "title": "Isaralgagene civaparvovec (ST-) shows positive mean annualized eGFR slope in adults with Fabry disease: Topline results from the registrational Phase ",
    "link": "https://investor.sangamo.com/static-files/0f21858a--40e7-afdd-0dbb876d92d4",
    "timestamp": "unknown"
  },
  {
    "title": "Isaralgagene civaparvovec (ST-) shows positive mean annualized eGFR slope in adults with Fabry disease: Topline results from the registrational Phase ",
    "link": "https://investor.sangamo.com/static-files/0f21858a--40e7-afdd-0dbb876d92d4",
    "timestamp": "unknown"
  },
  {
    "title": "Isaralgagene civaparvovec (ST-) shows positive mean annualized eGFR slope in adults with Fabry disease: Topline results from the registrational Phase ",
    "link": "https://investor.sangamo.com/static-files/0f21858a--40e7-afdd-0dbb876d92d4",
    "timestamp": "unknown"
  },
  {
    "title": "Source\n             WORLDSymposiumIsaralgagene\u00a0civaparvovec\u00a0(ST-)\u00a0shows\u00a0stable cardiac function over one year in patients\u00a0with Fabry disease: Results ",
    "link": "https://investor.sangamo.com/static-files/9d1619e6-4c6b-4f99-a9bf-a08c0ca02abc",
    "timestamp": "unknown"
  },
  {
    "title": "Source\n             WORLDSymposiumIsaralgagene\u00a0civaparvovec\u00a0(ST-)\u00a0shows\u00a0stable cardiac function over one year in patients\u00a0with Fabry disease: Results ",
    "link": "https://investor.sangamo.com/static-files/9d1619e6-4c6b-4f99-a9bf-a08c0ca02abc",
    "timestamp": "unknown"
  },
  {
    "title": "Source\n             WORLDSymposiumIsaralgagene\u00a0civaparvovec\u00a0(ST-)\u00a0shows\u00a0stable cardiac function over one year in patients\u00a0with Fabry disease: Results ",
    "link": "https://investor.sangamo.com/static-files/9d1619e6-4c6b-4f99-a9bf-a08c0ca02abc",
    "timestamp": "unknown"
  },
  {
    "title": "Isaralgagene\u00a0civaparvovec\u00a0(ST-)\u00a0shows\u00a0stable cardiac function over one year in patients\u00a0with Fabry disease: Results from the registrational Phase / ST",
    "link": "https://investor.sangamo.com/static-files/9d1619e6-4c6b-4f99-a9bf-a08c0ca02abc",
    "timestamp": "unknown"
  },
  {
    "title": "Isaralgagene\u00a0civaparvovec\u00a0(ST-)\u00a0shows\u00a0stable cardiac function over one year in patients\u00a0with Fabry disease: Results from the registrational Phase / ST",
    "link": "https://investor.sangamo.com/static-files/9d1619e6-4c6b-4f99-a9bf-a08c0ca02abc",
    "timestamp": "unknown"
  },
  {
    "title": "Isaralgagene\u00a0civaparvovec\u00a0(ST-)\u00a0shows\u00a0stable cardiac function over one year in patients\u00a0with Fabry disease: Results from the registrational Phase / ST",
    "link": "https://investor.sangamo.com/static-files/9d1619e6-4c6b-4f99-a9bf-a08c0ca02abc",
    "timestamp": "unknown"
  },
  {
    "title": "Isaralgagene\u00a0civaparvovec\u00a0(ST-)\u00a0shows\u00a0stable cardiac function over one year in patients\u00a0with Fabry disease: Results from the registrational Phase / ST",
    "link": "https://investor.sangamo.com/static-files/9d1619e6-4c6b-4f99-a9bf-a08c0ca02abc",
    "timestamp": "unknown"
  },
  {
    "title": "Isaralgagene\u00a0civaparvovec\u00a0(ST-)\u00a0shows\u00a0stable cardiac function over one year in patients\u00a0with Fabry disease: Results from the registrational Phase / ST",
    "link": "https://investor.sangamo.com/static-files/9d1619e6-4c6b-4f99-a9bf-a08c0ca02abc",
    "timestamp": "unknown"
  },
  {
    "title": "Isaralgagene\u00a0civaparvovec\u00a0(ST-)\u00a0shows\u00a0stable cardiac function over one year in patients\u00a0with Fabry disease: Results from the registrational Phase / ST",
    "link": "https://investor.sangamo.com/static-files/9d1619e6-4c6b-4f99-a9bf-a08c0ca02abc",
    "timestamp": "unknown"
  },
  {
    "title": "Isaralgagene\u00a0civaparvovec\u00a0(ST-)\u00a0shows\u00a0stable cardiac function over one year in patients\u00a0with Fabry disease: Results from the registrational Phase / ST",
    "link": "https://investor.sangamo.com/static-files/9d1619e6-4c6b-4f99-a9bf-a08c0ca02abc",
    "timestamp": "unknown"
  },
  {
    "title": "Isaralgagene\u00a0civaparvovec\u00a0(ST-)\u00a0shows\u00a0stable cardiac function over one year in patients\u00a0with Fabry disease: Results from the registrational Phase / ST",
    "link": "https://investor.sangamo.com/static-files/9d1619e6-4c6b-4f99-a9bf-a08c0ca02abc",
    "timestamp": "unknown"
  },
  {
    "title": "Isaralgagene\u00a0civaparvovec\u00a0(ST-)\u00a0shows\u00a0stable cardiac function over one year in patients\u00a0with Fabry disease: Results from the registrational Phase / ST",
    "link": "https://investor.sangamo.com/static-files/9d1619e6-4c6b-4f99-a9bf-a08c0ca02abc",
    "timestamp": "unknown"
  },
  {
    "title": "Isaralgagene\u00a0civaparvovec\u00a0(ST-)\u00a0shows\u00a0stable cardiac function over one year in patients\u00a0with Fabry disease: Results from the registrational Phase / ST",
    "link": "https://investor.sangamo.com/static-files/9d1619e6-4c6b-4f99-a9bf-a08c0ca02abc",
    "timestamp": "unknown"
  },
  {
    "title": "Isaralgagene\u00a0civaparvovec\u00a0(ST-)\u00a0shows\u00a0stable cardiac function over one year in patients\u00a0with Fabry disease: Results from the registrational Phase / ST",
    "link": "https://investor.sangamo.com/static-files/9d1619e6-4c6b-4f99-a9bf-a08c0ca02abc",
    "timestamp": "unknown"
  },
  {
    "title": "Source\n             WORLDSymposiumIsaralgagene civaparvovec (ST-) gene therapy for adults with Fabry disease: Pharmacology and immunogenicity outcomes",
    "link": "https://investor.sangamo.com/static-files/91d29b23-d031-4f60-87da-bf0ddbe91356",
    "timestamp": "unknown"
  },
  {
    "title": "Source\n             WORLDSymposiumIsaralgagene civaparvovec (ST-) gene therapy for adults with Fabry disease: Pharmacology and immunogenicity outcomes",
    "link": "https://investor.sangamo.com/static-files/91d29b23-d031-4f60-87da-bf0ddbe91356",
    "timestamp": "unknown"
  },
  {
    "title": "Source\n             WORLDSymposiumIsaralgagene civaparvovec (ST-) gene therapy for adults with Fabry disease: Pharmacology and immunogenicity outcomes",
    "link": "https://investor.sangamo.com/static-files/91d29b23-d031-4f60-87da-bf0ddbe91356",
    "timestamp": "unknown"
  },
  {
    "title": "Isaralgagene civaparvovec (ST-) gene therapy for adults with Fabry disease: Pharmacology and immunogenicity outcomes from the Phase / STAAR study and ",
    "link": "https://investor.sangamo.com/static-files/91d29b23-d031-4f60-87da-bf0ddbe91356",
    "timestamp": "unknown"
  },
  {
    "title": "Isaralgagene civaparvovec (ST-) gene therapy for adults with Fabry disease: Pharmacology and immunogenicity outcomes from the Phase / STAAR study and ",
    "link": "https://investor.sangamo.com/static-files/91d29b23-d031-4f60-87da-bf0ddbe91356",
    "timestamp": "unknown"
  },
  {
    "title": "Isaralgagene civaparvovec (ST-) gene therapy for adults with Fabry disease: Pharmacology and immunogenicity outcomes from the Phase / STAAR study and ",
    "link": "https://investor.sangamo.com/static-files/91d29b23-d031-4f60-87da-bf0ddbe91356",
    "timestamp": "unknown"
  },
  {
    "title": "Isaralgagene civaparvovec (ST-) gene therapy for adults with Fabry disease: Pharmacology and immunogenicity outcomes from the Phase / STAAR study and ",
    "link": "https://investor.sangamo.com/static-files/91d29b23-d031-4f60-87da-bf0ddbe91356",
    "timestamp": "unknown"
  },
  {
    "title": "Isaralgagene civaparvovec (ST-) gene therapy for adults with Fabry disease: Pharmacology and immunogenicity outcomes from the Phase / STAAR study and ",
    "link": "https://investor.sangamo.com/static-files/91d29b23-d031-4f60-87da-bf0ddbe91356",
    "timestamp": "unknown"
  },
  {
    "title": "Isaralgagene civaparvovec (ST-) gene therapy for adults with Fabry disease: Pharmacology and immunogenicity outcomes from the Phase / STAAR study and ",
    "link": "https://investor.sangamo.com/static-files/91d29b23-d031-4f60-87da-bf0ddbe91356",
    "timestamp": "unknown"
  },
  {
    "title": "Isaralgagene civaparvovec (ST-) gene therapy for adults with Fabry disease: Pharmacology and immunogenicity outcomes from the Phase / STAAR study and ",
    "link": "https://investor.sangamo.com/static-files/91d29b23-d031-4f60-87da-bf0ddbe91356",
    "timestamp": "unknown"
  },
  {
    "title": "Isaralgagene civaparvovec (ST-) gene therapy for adults with Fabry disease: Pharmacology and immunogenicity outcomes from the Phase / STAAR study and ",
    "link": "https://investor.sangamo.com/static-files/91d29b23-d031-4f60-87da-bf0ddbe91356",
    "timestamp": "unknown"
  },
  {
    "title": "Isaralgagene civaparvovec (ST-) gene therapy for adults with Fabry disease: Pharmacology and immunogenicity outcomes from the Phase / STAAR study and ",
    "link": "https://investor.sangamo.com/static-files/91d29b23-d031-4f60-87da-bf0ddbe91356",
    "timestamp": "unknown"
  },
  {
    "title": "Isaralgagene civaparvovec (ST-) gene therapy for adults with Fabry disease: Pharmacology and immunogenicity outcomes from the Phase / STAAR study and ",
    "link": "https://investor.sangamo.com/static-files/91d29b23-d031-4f60-87da-bf0ddbe91356",
    "timestamp": "unknown"
  },
  {
    "title": "Isaralgagene civaparvovec (ST-) gene therapy for adults with Fabry disease: Pharmacology and immunogenicity outcomes from the Phase / STAAR study and ",
    "link": "https://investor.sangamo.com/static-files/91d29b23-d031-4f60-87da-bf0ddbe91356",
    "timestamp": "unknown"
  },
  {
    "title": "Source\n             WORLDSymposiumA combined fertility, embryofetal development, AAV integration and germline transmission risk study in mice with ST-",
    "link": "https://investor.sangamo.com/static-files/9a54db96-849c-4b78-98d2-a9701a7be15b",
    "timestamp": "unknown"
  },
  {
    "title": "Source\n             WORLDSymposiumA combined fertility, embryofetal development, AAV integration and germline transmission risk study in mice with ST-",
    "link": "https://investor.sangamo.com/static-files/9a54db96-849c-4b78-98d2-a9701a7be15b",
    "timestamp": "unknown"
  },
  {
    "title": "Source\n             WORLDSymposiumA combined fertility, embryofetal development, AAV integration and germline transmission risk study in mice with ST-",
    "link": "https://investor.sangamo.com/static-files/9a54db96-849c-4b78-98d2-a9701a7be15b",
    "timestamp": "unknown"
  },
  {
    "title": "A combined fertility, embryofetal development, AAV integration and germline transmission risk study in mice with ST- (isaralgagene civaparvovec) for F",
    "link": "https://investor.sangamo.com/static-files/9a54db96-849c-4b78-98d2-a9701a7be15b",
    "timestamp": "unknown"
  },
  {
    "title": "A combined fertility, embryofetal development, AAV integration and germline transmission risk study in mice with ST- (isaralgagene civaparvovec) for F",
    "link": "https://investor.sangamo.com/static-files/9a54db96-849c-4b78-98d2-a9701a7be15b",
    "timestamp": "unknown"
  },
  {
    "title": "A combined fertility, embryofetal development, AAV integration and germline transmission risk study in mice with ST- (isaralgagene civaparvovec) for F",
    "link": "https://investor.sangamo.com/static-files/9a54db96-849c-4b78-98d2-a9701a7be15b",
    "timestamp": "unknown"
  },
  {
    "title": "A combined fertility, embryofetal development, AAV integration and germline transmission risk study in mice with ST- (isaralgagene civaparvovec) for F",
    "link": "https://investor.sangamo.com/static-files/9a54db96-849c-4b78-98d2-a9701a7be15b",
    "timestamp": "unknown"
  },
  {
    "title": "A combined fertility, embryofetal development, AAV integration and germline transmission risk study in mice with ST- (isaralgagene civaparvovec) for F",
    "link": "https://investor.sangamo.com/static-files/9a54db96-849c-4b78-98d2-a9701a7be15b",
    "timestamp": "unknown"
  },
  {
    "title": "A combined fertility, embryofetal development, AAV integration and germline transmission risk study in mice with ST- (isaralgagene civaparvovec) for F",
    "link": "https://investor.sangamo.com/static-files/9a54db96-849c-4b78-98d2-a9701a7be15b",
    "timestamp": "unknown"
  },
  {
    "title": "A combined fertility, embryofetal development, AAV integration and germline transmission risk study in mice with ST- (isaralgagene civaparvovec) for F",
    "link": "https://investor.sangamo.com/static-files/9a54db96-849c-4b78-98d2-a9701a7be15b",
    "timestamp": "unknown"
  },
  {
    "title": "A combined fertility, embryofetal development, AAV integration and germline transmission risk study in mice with ST- (isaralgagene civaparvovec) for F",
    "link": "https://investor.sangamo.com/static-files/9a54db96-849c-4b78-98d2-a9701a7be15b",
    "timestamp": "unknown"
  },
  {
    "title": "A combined fertility, embryofetal development, AAV integration and germline transmission risk study in mice with ST- (isaralgagene civaparvovec) for F",
    "link": "https://investor.sangamo.com/static-files/9a54db96-849c-4b78-98d2-a9701a7be15b",
    "timestamp": "unknown"
  },
  {
    "title": "A combined fertility, embryofetal development, AAV integration and germline transmission risk study in mice with ST- (isaralgagene civaparvovec) for F",
    "link": "https://investor.sangamo.com/static-files/9a54db96-849c-4b78-98d2-a9701a7be15b",
    "timestamp": "unknown"
  },
  {
    "title": "A combined fertility, embryofetal development, AAV integration and germline transmission risk study in mice with ST- (isaralgagene civaparvovec) for F",
    "link": "https://investor.sangamo.com/static-files/9a54db96-849c-4b78-98d2-a9701a7be15b",
    "timestamp": "unknown"
  },
  {
    "title": "Source\n             Prion  ConferenceST- mediates brainwide lowering of prion protein in nonhuman  primates via a conserved blood-brain-barrier crossi",
    "link": "https://investor.sangamo.com/static-files/5c8ba468-3def-470b-b18c-94d8b5728e0f",
    "timestamp": "unknown"
  },
  {
    "title": "Source\n             Prion  ConferenceST- mediates brainwide lowering of prion protein in nonhuman  primates via a conserved blood-brain-barrier crossi",
    "link": "https://investor.sangamo.com/static-files/5c8ba468-3def-470b-b18c-94d8b5728e0f",
    "timestamp": "unknown"
  },
  {
    "title": "Source\n             Prion  ConferenceST- mediates brainwide lowering of prion protein in nonhuman  primates via a conserved blood-brain-barrier crossi",
    "link": "https://investor.sangamo.com/static-files/5c8ba468-3def-470b-b18c-94d8b5728e0f",
    "timestamp": "unknown"
  },
  {
    "title": "ST- mediates brainwide lowering of prion protein in nonhuman  primates via a conserved blood-brain-barrier crossing mechanism,  as a potential one-tim",
    "link": "https://investor.sangamo.com/static-files/5c8ba468-3def-470b-b18c-94d8b5728e0f",
    "timestamp": "unknown"
  },
  {
    "title": "ST- mediates brainwide lowering of prion protein in nonhuman  primates via a conserved blood-brain-barrier crossing mechanism,  as a potential one-tim",
    "link": "https://investor.sangamo.com/static-files/5c8ba468-3def-470b-b18c-94d8b5728e0f",
    "timestamp": "unknown"
  },
  {
    "title": "ST- mediates brainwide lowering of prion protein in nonhuman  primates via a conserved blood-brain-barrier crossing mechanism,  as a potential one-tim",
    "link": "https://investor.sangamo.com/static-files/5c8ba468-3def-470b-b18c-94d8b5728e0f",
    "timestamp": "unknown"
  },
  {
    "title": "ST- mediates brainwide lowering of prion protein in nonhuman  primates via a conserved blood-brain-barrier crossing mechanism,  as a potential one-tim",
    "link": "https://investor.sangamo.com/static-files/5c8ba468-3def-470b-b18c-94d8b5728e0f",
    "timestamp": "unknown"
  },
  {
    "title": "ST- mediates brainwide lowering of prion protein in nonhuman  primates via a conserved blood-brain-barrier crossing mechanism,  as a potential one-tim",
    "link": "https://investor.sangamo.com/static-files/5c8ba468-3def-470b-b18c-94d8b5728e0f",
    "timestamp": "unknown"
  },
  {
    "title": "ST- mediates brainwide lowering of prion protein in nonhuman  primates via a conserved blood-brain-barrier crossing mechanism,  as a potential one-tim",
    "link": "https://investor.sangamo.com/static-files/5c8ba468-3def-470b-b18c-94d8b5728e0f",
    "timestamp": "unknown"
  },
  {
    "title": "ST- mediates brainwide lowering of prion protein in nonhuman  primates via a conserved blood-brain-barrier crossing mechanism,  as a potential one-tim",
    "link": "https://investor.sangamo.com/static-files/5c8ba468-3def-470b-b18c-94d8b5728e0f",
    "timestamp": "unknown"
  },
  {
    "title": "ST- mediates brainwide lowering of prion protein in nonhuman  primates via a conserved blood-brain-barrier crossing mechanism,  as a potential one-tim",
    "link": "https://investor.sangamo.com/static-files/5c8ba468-3def-470b-b18c-94d8b5728e0f",
    "timestamp": "unknown"
  },
  {
    "title": "ST- mediates brainwide lowering of prion protein in nonhuman  primates via a conserved blood-brain-barrier crossing mechanism,  as a potential one-tim",
    "link": "https://investor.sangamo.com/static-files/5c8ba468-3def-470b-b18c-94d8b5728e0f",
    "timestamp": "unknown"
  },
  {
    "title": "ST- mediates brainwide lowering of prion protein in nonhuman  primates via a conserved blood-brain-barrier crossing mechanism,  as a potential one-tim",
    "link": "https://investor.sangamo.com/static-files/5c8ba468-3def-470b-b18c-94d8b5728e0f",
    "timestamp": "unknown"
  },
  {
    "title": "ST- mediates brainwide lowering of prion protein in nonhuman  primates via a conserved blood-brain-barrier crossing mechanism,  as a potential one-tim",
    "link": "https://investor.sangamo.com/static-files/5c8ba468-3def-470b-b18c-94d8b5728e0f",
    "timestamp": "unknown"
  },
  {
    "title": "Source\n             ICIEM2025Isaralgagene Civaparvovec (ST-) Shows Positive Mean Annualized eGFR Slope in Adults with Fabry Disease: Updated Results f",
    "link": "https://investor.sangamo.com/static-files/36f1327d---9f65-9e000b8ffe85",
    "timestamp": "unknown"
  },
  {
    "title": "Source\n             ICIEM2025Isaralgagene Civaparvovec (ST-) Shows Positive Mean Annualized eGFR Slope in Adults with Fabry Disease: Updated Results f",
    "link": "https://investor.sangamo.com/static-files/36f1327d---9f65-9e000b8ffe85",
    "timestamp": "unknown"
  },
  {
    "title": "Source\n             ICIEM2025Isaralgagene Civaparvovec (ST-) Shows Positive Mean Annualized eGFR Slope in Adults with Fabry Disease: Updated Results f",
    "link": "https://investor.sangamo.com/static-files/36f1327d---9f65-9e000b8ffe85",
    "timestamp": "unknown"
  },
  {
    "title": "Isaralgagene Civaparvovec (ST-) Shows Positive Mean Annualized eGFR Slope in Adults with Fabry Disease: Updated Results from the Registrational Phase ",
    "link": "https://investor.sangamo.com/static-files/36f1327d---9f65-9e000b8ffe85",
    "timestamp": "unknown"
  },
  {
    "title": "Isaralgagene Civaparvovec (ST-) Shows Positive Mean Annualized eGFR Slope in Adults with Fabry Disease: Updated Results from the Registrational Phase ",
    "link": "https://investor.sangamo.com/static-files/36f1327d---9f65-9e000b8ffe85",
    "timestamp": "unknown"
  },
  {
    "title": "Isaralgagene Civaparvovec (ST-) Shows Positive Mean Annualized eGFR Slope in Adults with Fabry Disease: Updated Results from the Registrational Phase ",
    "link": "https://investor.sangamo.com/static-files/36f1327d---9f65-9e000b8ffe85",
    "timestamp": "unknown"
  },
  {
    "title": "Isaralgagene Civaparvovec (ST-) Shows Positive Mean Annualized eGFR Slope in Adults with Fabry Disease: Updated Results from the Registrational Phase ",
    "link": "https://investor.sangamo.com/static-files/36f1327d---9f65-9e000b8ffe85",
    "timestamp": "unknown"
  },
  {
    "title": "Isaralgagene Civaparvovec (ST-) Shows Positive Mean Annualized eGFR Slope in Adults with Fabry Disease: Updated Results from the Registrational Phase ",
    "link": "https://investor.sangamo.com/static-files/36f1327d---9f65-9e000b8ffe85",
    "timestamp": "unknown"
  },
  {
    "title": "Isaralgagene Civaparvovec (ST-) Shows Positive Mean Annualized eGFR Slope in Adults with Fabry Disease: Updated Results from the Registrational Phase ",
    "link": "https://investor.sangamo.com/static-files/36f1327d---9f65-9e000b8ffe85",
    "timestamp": "unknown"
  },
  {
    "title": "Isaralgagene Civaparvovec (ST-) Shows Positive Mean Annualized eGFR Slope in Adults with Fabry Disease: Updated Results from the Registrational Phase ",
    "link": "https://investor.sangamo.com/static-files/36f1327d---9f65-9e000b8ffe85",
    "timestamp": "unknown"
  },
  {
    "title": "Isaralgagene Civaparvovec (ST-) Shows Positive Mean Annualized eGFR Slope in Adults with Fabry Disease: Updated Results from the Registrational Phase ",
    "link": "https://investor.sangamo.com/static-files/36f1327d---9f65-9e000b8ffe85",
    "timestamp": "unknown"
  },
  {
    "title": "Isaralgagene Civaparvovec (ST-) Shows Positive Mean Annualized eGFR Slope in Adults with Fabry Disease: Updated Results from the Registrational Phase ",
    "link": "https://investor.sangamo.com/static-files/36f1327d---9f65-9e000b8ffe85",
    "timestamp": "unknown"
  },
  {
    "title": "Isaralgagene Civaparvovec (ST-) Shows Positive Mean Annualized eGFR Slope in Adults with Fabry Disease: Updated Results from the Registrational Phase ",
    "link": "https://investor.sangamo.com/static-files/36f1327d---9f65-9e000b8ffe85",
    "timestamp": "unknown"
  },
  {
    "title": "Isaralgagene Civaparvovec (ST-) Shows Positive Mean Annualized eGFR Slope in Adults with Fabry Disease: Updated Results from the Registrational Phase ",
    "link": "https://investor.sangamo.com/static-files/36f1327d---9f65-9e000b8ffe85",
    "timestamp": "unknown"
  },
  {
    "title": "Source\n             9th International Congress on Neuropathic PainPreclinical Development of ST-: an Investigational Adeno-associated Viral Vector Del",
    "link": "https://investor.sangamo.com/static-files/2dcdfaef-2ff7--874a-95d413ae5eee",
    "timestamp": "unknown"
  },
  {
    "title": "Source\n             9th International Congress on Neuropathic PainPreclinical Development of ST-: an Investigational Adeno-associated Viral Vector Del",
    "link": "https://investor.sangamo.com/static-files/2dcdfaef-2ff7--874a-95d413ae5eee",
    "timestamp": "unknown"
  },
  {
    "title": "Source\n             9th International Congress on Neuropathic PainPreclinical Development of ST-: an Investigational Adeno-associated Viral Vector Del",
    "link": "https://investor.sangamo.com/static-files/2dcdfaef-2ff7--874a-95d413ae5eee",
    "timestamp": "unknown"
  },
  {
    "title": "Preclinical Development of ST-: an Investigational Adeno-associated Viral Vector Delivered Zinc Finger Repressor Novel Epigenetic Therapy for Idiopath",
    "link": "https://investor.sangamo.com/static-files/2dcdfaef-2ff7--874a-95d413ae5eee",
    "timestamp": "unknown"
  },
  {
    "title": "Preclinical Development of ST-: an Investigational Adeno-associated Viral Vector Delivered Zinc Finger Repressor Novel Epigenetic Therapy for Idiopath",
    "link": "https://investor.sangamo.com/static-files/2dcdfaef-2ff7--874a-95d413ae5eee",
    "timestamp": "unknown"
  },
  {
    "title": "Preclinical Development of ST-: an Investigational Adeno-associated Viral Vector Delivered Zinc Finger Repressor Novel Epigenetic Therapy for Idiopath",
    "link": "https://investor.sangamo.com/static-files/2dcdfaef-2ff7--874a-95d413ae5eee",
    "timestamp": "unknown"
  },
  {
    "title": "Preclinical Development of ST-: an Investigational Adeno-associated Viral Vector Delivered Zinc Finger Repressor Novel Epigenetic Therapy for Idiopath",
    "link": "https://investor.sangamo.com/static-files/2dcdfaef-2ff7--874a-95d413ae5eee",
    "timestamp": "unknown"
  },
  {
    "title": "Preclinical Development of ST-: an Investigational Adeno-associated Viral Vector Delivered Zinc Finger Repressor Novel Epigenetic Therapy for Idiopath",
    "link": "https://investor.sangamo.com/static-files/2dcdfaef-2ff7--874a-95d413ae5eee",
    "timestamp": "unknown"
  },
  {
    "title": "Preclinical Development of ST-: an Investigational Adeno-associated Viral Vector Delivered Zinc Finger Repressor Novel Epigenetic Therapy for Idiopath",
    "link": "https://investor.sangamo.com/static-files/2dcdfaef-2ff7--874a-95d413ae5eee",
    "timestamp": "unknown"
  },
  {
    "title": "Preclinical Development of ST-: an Investigational Adeno-associated Viral Vector Delivered Zinc Finger Repressor Novel Epigenetic Therapy for Idiopath",
    "link": "https://investor.sangamo.com/static-files/2dcdfaef-2ff7--874a-95d413ae5eee",
    "timestamp": "unknown"
  },
  {
    "title": "Preclinical Development of ST-: an Investigational Adeno-associated Viral Vector Delivered Zinc Finger Repressor Novel Epigenetic Therapy for Idiopath",
    "link": "https://investor.sangamo.com/static-files/2dcdfaef-2ff7--874a-95d413ae5eee",
    "timestamp": "unknown"
  },
  {
    "title": "Preclinical Development of ST-: an Investigational Adeno-associated Viral Vector Delivered Zinc Finger Repressor Novel Epigenetic Therapy for Idiopath",
    "link": "https://investor.sangamo.com/static-files/2dcdfaef-2ff7--874a-95d413ae5eee",
    "timestamp": "unknown"
  },
  {
    "title": "Preclinical Development of ST-: an Investigational Adeno-associated Viral Vector Delivered Zinc Finger Repressor Novel Epigenetic Therapy for Idiopath",
    "link": "https://investor.sangamo.com/static-files/2dcdfaef-2ff7--874a-95d413ae5eee",
    "timestamp": "unknown"
  },
  {
    "title": "Preclinical Development of ST-: an Investigational Adeno-associated Viral Vector Delivered Zinc Finger Repressor Novel Epigenetic Therapy for Idiopath",
    "link": "https://investor.sangamo.com/static-files/2dcdfaef-2ff7--874a-95d413ae5eee",
    "timestamp": "unknown"
  },
  {
    "title": "Source\n             ASGCTSustained Brain-wide Reduction of Prion via Zinc Finger Repressors in Mice and Nonhuman Primates as a Potential One-Time Trea",
    "link": "https://investor.sangamo.com/static-files/c5171f62-67d7-4fb5-b893-71822771cf80",
    "timestamp": "unknown"
  },
  {
    "title": "Source\n             ASGCTSustained Brain-wide Reduction of Prion via Zinc Finger Repressors in Mice and Nonhuman Primates as a Potential One-Time Trea",
    "link": "https://investor.sangamo.com/static-files/c5171f62-67d7-4fb5-b893-71822771cf80",
    "timestamp": "unknown"
  },
  {
    "title": "Source\n             ASGCTSustained Brain-wide Reduction of Prion via Zinc Finger Repressors in Mice and Nonhuman Primates as a Potential One-Time Trea",
    "link": "https://investor.sangamo.com/static-files/c5171f62-67d7-4fb5-b893-71822771cf80",
    "timestamp": "unknown"
  },
  {
    "title": "Sustained Brain-wide Reduction of Prion via Zinc Finger Repressors in Mice and Nonhuman Primates as a Potential One-Time Treatment for Prion Disease",
    "link": "https://investor.sangamo.com/static-files/c5171f62-67d7-4fb5-b893-71822771cf80",
    "timestamp": "unknown"
  },
  {
    "title": "Sustained Brain-wide Reduction of Prion via Zinc Finger Repressors in Mice and Nonhuman Primates as a Potential One-Time Treatment for Prion Disease",
    "link": "https://investor.sangamo.com/static-files/c5171f62-67d7-4fb5-b893-71822771cf80",
    "timestamp": "unknown"
  },
  {
    "title": "Sustained Brain-wide Reduction of Prion via Zinc Finger Repressors in Mice and Nonhuman Primates as a Potential One-Time Treatment for Prion Disease",
    "link": "https://investor.sangamo.com/static-files/c5171f62-67d7-4fb5-b893-71822771cf80",
    "timestamp": "unknown"
  },
  {
    "title": "Sustained Brain-wide Reduction of Prion via Zinc Finger Repressors in Mice and Nonhuman Primates as a Potential One-Time Treatment for Prion Disease. ",
    "link": "https://investor.sangamo.com/static-files/c5171f62-67d7-4fb5-b893-71822771cf80",
    "timestamp": "unknown"
  },
  {
    "title": "Sustained Brain-wide Reduction of Prion via Zinc Finger Repressors in Mice and Nonhuman Primates as a Potential One-Time Treatment for Prion Disease. ",
    "link": "https://investor.sangamo.com/static-files/c5171f62-67d7-4fb5-b893-71822771cf80",
    "timestamp": "unknown"
  },
  {
    "title": "Sustained Brain-wide Reduction of Prion via Zinc Finger Repressors in Mice and Nonhuman Primates as a Potential One-Time Treatment for Prion Disease. ",
    "link": "https://investor.sangamo.com/static-files/c5171f62-67d7-4fb5-b893-71822771cf80",
    "timestamp": "unknown"
  },
  {
    "title": "Sustained Brain-wide Reduction of Prion via Zinc Finger Repressors in Mice and Nonhuman Primates as a Potential One-Time Treatment for Prion Disease. ",
    "link": "https://investor.sangamo.com/static-files/c5171f62-67d7-4fb5-b893-71822771cf80",
    "timestamp": "unknown"
  },
  {
    "title": "Sustained Brain-wide Reduction of Prion via Zinc Finger Repressors in Mice and Nonhuman Primates as a Potential One-Time Treatment for Prion Disease. ",
    "link": "https://investor.sangamo.com/static-files/c5171f62-67d7-4fb5-b893-71822771cf80",
    "timestamp": "unknown"
  },
  {
    "title": "Sustained Brain-wide Reduction of Prion via Zinc Finger Repressors in Mice and Nonhuman Primates as a Potential One-Time Treatment for Prion Disease. ",
    "link": "https://investor.sangamo.com/static-files/c5171f62-67d7-4fb5-b893-71822771cf80",
    "timestamp": "unknown"
  },
  {
    "title": "Sustained Brain-wide Reduction of Prion via Zinc Finger Repressors in Mice and Nonhuman Primates as a Potential One-Time Treatment for Prion Disease. ",
    "link": "https://investor.sangamo.com/static-files/c5171f62-67d7-4fb5-b893-71822771cf80",
    "timestamp": "unknown"
  },
  {
    "title": "Sustained Brain-wide Reduction of Prion via Zinc Finger Repressors in Mice and Nonhuman Primates as a Potential One-Time Treatment for Prion Disease. ",
    "link": "https://investor.sangamo.com/static-files/c5171f62-67d7-4fb5-b893-71822771cf80",
    "timestamp": "unknown"
  },
  {
    "title": "Latest Presentations and PublicationsScientific PresentationsScientific Publications",
    "link": "https://www.sangamo.com/science/presentations/",
    "timestamp": "unknown"
  },
  {
    "title": "Scientific PresentationsScientific Publications",
    "link": "https://www.sangamo.com/science/presentations/",
    "timestamp": "unknown"
  },
  {
    "title": "Scientific PresentationsScientific Publications",
    "link": "https://www.sangamo.com/science/presentations/",
    "timestamp": "unknown"
  },
  {
    "title": "Scientific PresentationsScientific Publications",
    "link": "https://www.sangamo.com/science/presentations/",
    "timestamp": "unknown"
  },
  {
    "title": "Latest PublicationsAll PresentationsReprogrammed Serine Integrases Enable Precise Integration of Synthetic DNASeptember ,Reprogrammed Serine Integrase",
    "link": "https://investor.sangamo.com/presentations",
    "timestamp": "unknown"
  },
  {
    "title": "Latest PublicationsAll PresentationsReprogrammed Serine Integrases Enable Precise Integration of Synthetic DNASeptember ,Reprogrammed Serine Integrase",
    "link": "https://investor.sangamo.com/presentations",
    "timestamp": "unknown"
  },
  {
    "title": "Latest PublicationsAll PresentationsReprogrammed Serine Integrases Enable Precise Integration of Synthetic DNASeptember ,Reprogrammed Serine Integrase",
    "link": "https://investor.sangamo.com/presentations",
    "timestamp": "unknown"
  },
  {
    "title": "Latest PublicationsAll Presentations",
    "link": "https://investor.sangamo.com/presentations",
    "timestamp": "unknown"
  },
  {
    "title": "All Presentations",
    "link": "https://investor.sangamo.com/presentations",
    "timestamp": "unknown"
  },
  {
    "title": "Reprogrammed Serine Integrases Enable Precise Integration of Synthetic DNASeptember ,Reprogrammed Serine Integrases Enable Precise Integration of Synt",
    "link": "https://www.biorxiv.org/content/./...593242v2.full",
    "timestamp": "unknown"
  },
  {
    "title": "Reprogrammed Serine Integrases Enable Precise Integration of Synthetic DNASeptember ,Reprogrammed Serine Integrases Enable Precise Integration of Synt",
    "link": "https://www.biorxiv.org/content/./...593242v2.full",
    "timestamp": "unknown"
  },
  {
    "title": "Reprogrammed Serine Integrases Enable Precise Integration of Synthetic DNASeptember ,Reprogrammed Serine Integrases Enable Precise Integration of Synt",
    "link": "https://www.biorxiv.org/content/./...593242v2.full",
    "timestamp": "unknown"
  },
  {
    "title": "Reprogrammed Serine Integrases Enable Precise Integration of Synthetic DNASeptember ,Reprogrammed Serine Integrases Enable Precise Integration of Synt",
    "link": "https://www.biorxiv.org/content/./...593242v2.full",
    "timestamp": "unknown"
  },
  {
    "title": "Reprogrammed Serine Integrases Enable Precise Integration of Synthetic DNA",
    "link": "https://www.biorxiv.org/content/./...593242v2.full",
    "timestamp": "unknown"
  },
  {
    "title": "Reprogrammed Serine Integrases Enable Precise Integration of Synthetic DNA",
    "link": "https://www.biorxiv.org/content/./...593242v2.full",
    "timestamp": "unknown"
  },
  {
    "title": "Reprogrammed Serine Integrases Enable Precise Integration of Synthetic DNA",
    "link": "https://www.biorxiv.org/content/./...593242v2.full",
    "timestamp": "unknown"
  },
  {
    "title": "Reprogrammed Serine Integrases Enable Precise Integration of Synthetic DNA",
    "link": "https://www.biorxiv.org/content/./...593242v2.full",
    "timestamp": "unknown"
  },
  {
    "title": "Reprogrammed Serine Integrases Enable Precise Integration of Synthetic DNA",
    "link": "https://www.biorxiv.org/content/./...593242v2.full",
    "timestamp": "unknown"
  },
  {
    "title": "Reprogrammed Serine Integrases Enable Precise Integration of Synthetic DNA",
    "link": "https://www.biorxiv.org/content/./...593242v2.full",
    "timestamp": "unknown"
  },
  {
    "title": "Reprogrammed Serine Integrases Enable Precise Integration of Synthetic DNA",
    "link": "https://www.biorxiv.org/content/./...593242v2.full",
    "timestamp": "unknown"
  },
  {
    "title": "Reprogrammed Serine Integrases Enable Precise Integration of Synthetic DNA",
    "link": "https://www.biorxiv.org/content/./...593242v2.full",
    "timestamp": "unknown"
  },
  {
    "title": "Zinc Finger Repressors mediate widespread PRNP lowering in the nonhuman primate brain and profoundly extend survival in prion disease miceMarch ,Zinc ",
    "link": "https://www.biorxiv.org/content/./...636713v1.full",
    "timestamp": "unknown"
  },
  {
    "title": "Zinc Finger Repressors mediate widespread PRNP lowering in the nonhuman primate brain and profoundly extend survival in prion disease miceMarch ,Zinc ",
    "link": "https://www.biorxiv.org/content/./...636713v1.full",
    "timestamp": "unknown"
  },
  {
    "title": "Zinc Finger Repressors mediate widespread PRNP lowering in the nonhuman primate brain and profoundly extend survival in prion disease miceMarch ,Zinc ",
    "link": "https://www.biorxiv.org/content/./...636713v1.full",
    "timestamp": "unknown"
  },
  {
    "title": "Zinc Finger Repressors mediate widespread PRNP lowering in the nonhuman primate brain and profoundly extend survival in prion disease mice",
    "link": "https://www.biorxiv.org/content/./...636713v1.full",
    "timestamp": "unknown"
  },
  {
    "title": "Zinc Finger Repressors mediate widespread PRNP lowering in the nonhuman primate brain and profoundly extend survival in prion disease mice",
    "link": "https://www.biorxiv.org/content/./...636713v1.full",
    "timestamp": "unknown"
  },
  {
    "title": "Zinc Finger Repressors mediate widespread PRNP lowering in the nonhuman primate brain and profoundly extend survival in prion disease mice",
    "link": "https://www.biorxiv.org/content/./...636713v1.full",
    "timestamp": "unknown"
  },
  {
    "title": "Zinc Finger Repressors mediate widespread PRNP lowering in the nonhuman primate\u2026",
    "link": "https://www.biorxiv.org/content/./...636713v1.full",
    "timestamp": "unknown"
  },
  {
    "title": "Zinc Finger Repressors mediate widespread PRNP lowering in the nonhuman primate\u2026",
    "link": "https://www.biorxiv.org/content/./...636713v1.full",
    "timestamp": "unknown"
  },
  {
    "title": "Zinc Finger Repressors mediate widespread PRNP lowering in the nonhuman primate\u2026",
    "link": "https://www.biorxiv.org/content/./...636713v1.full",
    "timestamp": "unknown"
  },
  {
    "title": "Zinc Finger Repressors mediate widespread PRNP lowering in the nonhuman primate\u2026",
    "link": "https://www.biorxiv.org/content/./...636713v1.full",
    "timestamp": "unknown"
  },
  {
    "title": "Zinc Finger Repressors mediate widespread PRNP lowering in the nonhuman primate\u2026",
    "link": "https://www.biorxiv.org/content/./...636713v1.full",
    "timestamp": "unknown"
  },
  {
    "title": "Potent and selective repression of SCN9A by engineered zinc finger repressors for the treatment of neuropathic painSeptember ,Potent and selective rep",
    "link": "https://www.biorxiv.org/content/./...609976v1",
    "timestamp": "unknown"
  },
  {
    "title": "Potent and selective repression of SCN9A by engineered zinc finger repressors for the treatment of neuropathic painSeptember ,Potent and selective rep",
    "link": "https://www.biorxiv.org/content/./...609976v1",
    "timestamp": "unknown"
  },
  {
    "title": "Potent and selective repression of SCN9A by engineered zinc finger repressors for the treatment of neuropathic painSeptember ,Potent and selective rep",
    "link": "https://www.biorxiv.org/content/./...609976v1",
    "timestamp": "unknown"
  },
  {
    "title": "Potent and selective repression of SCN9A by engineered zinc finger repressors for the treatment of neuropathic pain",
    "link": "https://www.biorxiv.org/content/./...609976v1",
    "timestamp": "unknown"
  },
  {
    "title": "Potent and selective repression of SCN9A by engineered zinc finger repressors for the treatment of neuropathic pain",
    "link": "https://www.biorxiv.org/content/./...609976v1",
    "timestamp": "unknown"
  },
  {
    "title": "Potent and selective repression of SCN9A by engineered zinc finger repressors for the treatment of neuropathic pain",
    "link": "https://www.biorxiv.org/content/./...609976v1",
    "timestamp": "unknown"
  },
  {
    "title": "Potent and selective repression of SCN9A by engineered zinc finger repressors f\u2026",
    "link": "https://www.biorxiv.org/content/./...609976v1",
    "timestamp": "unknown"
  },
  {
    "title": "Potent and selective repression of SCN9A by engineered zinc finger repressors f\u2026",
    "link": "https://www.biorxiv.org/content/./...609976v1",
    "timestamp": "unknown"
  },
  {
    "title": "Potent and selective repression of SCN9A by engineered zinc finger repressors f\u2026",
    "link": "https://www.biorxiv.org/content/./...609976v1",
    "timestamp": "unknown"
  },
  {
    "title": "Potent and selective repression of SCN9A by engineered zinc finger repressors f\u2026",
    "link": "https://www.biorxiv.org/content/./...609976v1",
    "timestamp": "unknown"
  },
  {
    "title": "Potent and selective repression of SCN9A by engineered zinc finger repressors f\u2026",
    "link": "https://www.biorxiv.org/content/./...609976v1",
    "timestamp": "unknown"
  },
  {
    "title": "HomeSign up for email alertsCompanyScienceProgramsCollaborationsPatientsAboutJobsContactLatestNews ReleasesEventsScience PresentationsScientific Publi",
    "link": "https://www.sangamo.com/",
    "timestamp": "unknown"
  },
  {
    "title": "Home",
    "link": "https://www.sangamo.com/",
    "timestamp": "unknown"
  },
  {
    "title": "Sign up for email alerts",
    "link": "https://investor.sangamo.com/email-alerts",
    "timestamp": "unknown"
  },
  {
    "title": "Sign up for email alerts",
    "link": "https://investor.sangamo.com/email-alerts",
    "timestamp": "unknown"
  },
  {
    "title": "CompanyScienceProgramsCollaborationsPatientsAboutJobsContactLatestNews ReleasesEventsScience PresentationsScientific PublicationsCorporate Presentatio",
    "link": "https://www.sangamo.com/science/",
    "timestamp": "unknown"
  },
  {
    "title": "CompanyScienceProgramsCollaborationsPatientsAboutJobsContactLatestNews ReleasesEventsScience PresentationsScientific PublicationsCorporate Presentatio",
    "link": "https://www.sangamo.com/science/",
    "timestamp": "unknown"
  },
  {
    "title": "CompanyScienceProgramsCollaborationsPatientsAboutJobsContactLatestNews ReleasesEventsScience PresentationsScientific PublicationsCorporate Presentatio",
    "link": "https://www.sangamo.com/science/",
    "timestamp": "unknown"
  },
  {
    "title": "CompanyScienceProgramsCollaborationsPatientsAboutJobsContact",
    "link": "https://www.sangamo.com/science/",
    "timestamp": "unknown"
  },
  {
    "title": "Science",
    "link": "https://www.sangamo.com/science/",
    "timestamp": "unknown"
  },
  {
    "title": "Programs",
    "link": "https://www.sangamo.com/programs/",
    "timestamp": "unknown"
  },
  {
    "title": "Collaborations",
    "link": "https://www.sangamo.com/programs#collaborations",
    "timestamp": "unknown"
  },
  {
    "title": "Patients",
    "link": "https://www.sangamo.com/patients/",
    "timestamp": "unknown"
  },
  {
    "title": "About",
    "link": "https://www.sangamo.com/about/",
    "timestamp": "unknown"
  },
  {
    "title": "Jobs",
    "link": "https://www.sangamo.com/careers/",
    "timestamp": "unknown"
  },
  {
    "title": "Contact",
    "link": "https://www.sangamo.com/about/contact/",
    "timestamp": "unknown"
  },
  {
    "title": "LatestNews ReleasesEventsScience PresentationsScientific PublicationsCorporate Presentations",
    "link": "https://investor.sangamo.com/news-releases",
    "timestamp": "unknown"
  },
  {
    "title": "News Releases",
    "link": "https://investor.sangamo.com/news-releases",
    "timestamp": "unknown"
  },
  {
    "title": "Events",
    "link": "https://investor.sangamo.com/events-and-presentations",
    "timestamp": "unknown"
  },
  {
    "title": "Science Presentations",
    "link": "https://www.sangamo.com/science/presentations/",
    "timestamp": "unknown"
  },
  {
    "title": "Scientific Publications",
    "link": "https://www.sangamo.com/science/publications/",
    "timestamp": "unknown"
  },
  {
    "title": "Corporate Presentations",
    "link": "https://investor.sangamo.com/events-and-presentations",
    "timestamp": "unknown"
  },
  {
    "title": "ResourcesPipelineClinical TrialsInvestor InformationLegal DisclaimerPrivacy PolicySocialLinkedinTwitter",
    "link": "https://www.sangamo.com/programs/#pipeline",
    "timestamp": "unknown"
  },
  {
    "title": "ResourcesPipelineClinical TrialsInvestor InformationLegal DisclaimerPrivacy PolicySocialLinkedinTwitter",
    "link": "https://www.sangamo.com/programs/#pipeline",
    "timestamp": "unknown"
  },
  {
    "title": "ResourcesPipelineClinical TrialsInvestor InformationLegal DisclaimerPrivacy Policy",
    "link": "https://www.sangamo.com/programs/#pipeline",
    "timestamp": "unknown"
  },
  {
    "title": "Pipeline",
    "link": "https://www.sangamo.com/programs/#pipeline",
    "timestamp": "unknown"
  },
  {
    "title": "Clinical Trials",
    "link": "https://www.sangamo.com/programs/clinical-trials/",
    "timestamp": "unknown"
  },
  {
    "title": "Investor Information",
    "link": "https://investor.sangamo.com/",
    "timestamp": "unknown"
  },
  {
    "title": "Legal Disclaimer",
    "link": "https://www.sangamo.com/legal-disclaimer/",
    "timestamp": "unknown"
  },
  {
    "title": "Privacy Policy",
    "link": "https://www.sangamo.com/privacy-policy/",
    "timestamp": "unknown"
  },
  {
    "title": "SocialLinkedinTwitter",
    "link": "https://www.linkedin.com/company/sangamo-therapeutics/",
    "timestamp": "unknown"
  },
  {
    "title": "Linkedin",
    "link": "https://www.linkedin.com/company/sangamo-therapeutics/",
    "timestamp": "unknown"
  },
  {
    "title": "Twitter",
    "link": "https://twitter.com/sangamotx",
    "timestamp": "unknown"
  }
]