[
  {
    "title": "CareersCore ValuesOpen PositionsEmployee BenefitsClinical TrialsContactScienceTechnology PlatformsZinc Finger PlatformDelivery PlatformCAR-Treg Platfo",
    "link": "https://www.sangamo.com/careers/",
    "timestamp": "unknown"
  },
  {
    "title": "CareersCore ValuesOpen PositionsEmployee BenefitsClinical TrialsContactScienceTechnology PlatformsZinc Finger PlatformDelivery PlatformCAR-Treg Platfo",
    "link": "https://www.sangamo.com/careers/",
    "timestamp": "unknown"
  },
  {
    "title": "CareersCore ValuesOpen PositionsEmployee BenefitsClinical TrialsContact",
    "link": "https://www.sangamo.com/careers/",
    "timestamp": "unknown"
  },
  {
    "title": "CareersCore ValuesOpen PositionsEmployee BenefitsClinical TrialsContact",
    "link": "https://www.sangamo.com/careers/",
    "timestamp": "unknown"
  },
  {
    "title": "CareersCore ValuesOpen PositionsEmployee BenefitsClinical TrialsContact",
    "link": "https://www.sangamo.com/careers/",
    "timestamp": "unknown"
  },
  {
    "title": "CareersCore ValuesOpen PositionsEmployee Benefits",
    "link": "https://www.sangamo.com/careers/",
    "timestamp": "unknown"
  },
  {
    "title": "Core Values",
    "link": "https://www.sangamo.com/careers/#core-values",
    "timestamp": "unknown"
  },
  {
    "title": "Open Positions",
    "link": "https://www.sangamo.com/careers/open-positions/",
    "timestamp": "unknown"
  },
  {
    "title": "Employee Benefits",
    "link": "https://www.sangamo.com/careers/#employee-benefits",
    "timestamp": "unknown"
  },
  {
    "title": "Clinical Trials",
    "link": "https://www.sangamo.com/programs/clinical-trials/",
    "timestamp": "unknown"
  },
  {
    "title": "Contact",
    "link": "https://www.sangamo.com/about/contact/",
    "timestamp": "unknown"
  },
  {
    "title": "ScienceTechnology PlatformsZinc Finger PlatformDelivery PlatformCAR-Treg PlatformTherapeutic ApplicationsNeurologyOncologyPresentationsPublicationsPro",
    "link": "https://www.sangamo.com/science/",
    "timestamp": "unknown"
  },
  {
    "title": "ScienceTechnology PlatformsZinc Finger PlatformDelivery PlatformCAR-Treg PlatformTherapeutic ApplicationsNeurologyOncologyPresentationsPublications",
    "link": "https://www.sangamo.com/science/",
    "timestamp": "unknown"
  },
  {
    "title": "Technology PlatformsZinc Finger PlatformDelivery PlatformCAR-Treg Platform",
    "link": "https://www.sangamo.com/science/#technology-platforms",
    "timestamp": "unknown"
  },
  {
    "title": "Zinc Finger Platform",
    "link": "https://www.sangamo.com/science/technology-platforms/zinc-finger-platform/",
    "timestamp": "unknown"
  },
  {
    "title": "Delivery Platform",
    "link": "https://www.sangamo.com/science/technology-platforms/delivery-platform/",
    "timestamp": "unknown"
  },
  {
    "title": "CAR-Treg Platform",
    "link": "https://www.sangamo.com/science/therapeutic-applications/autoimmunity-and-transplantation/",
    "timestamp": "unknown"
  },
  {
    "title": "Therapeutic ApplicationsNeurologyOncology",
    "link": "https://www.sangamo.com/science/#therapeutic-applications",
    "timestamp": "unknown"
  },
  {
    "title": "Neurology",
    "link": "https://www.sangamo.com/science/therapeutic-applications/neurology/",
    "timestamp": "unknown"
  },
  {
    "title": "Oncology",
    "link": "https://www.sangamo.com/science/therapeutic-applications/oncology/",
    "timestamp": "unknown"
  },
  {
    "title": "Presentations",
    "link": "https://www.sangamo.com/science/presentations/",
    "timestamp": "unknown"
  },
  {
    "title": "Publications",
    "link": "https://www.sangamo.com/science/publications/",
    "timestamp": "unknown"
  },
  {
    "title": "ProgramsPipelineClinical ProgramsSmall Fiber Neuropathy (SFN)Fabry DiseaseHemophilia AClinical TrialsCollaborations & Partners",
    "link": "https://www.sangamo.com/programs/",
    "timestamp": "unknown"
  },
  {
    "title": "Pipeline",
    "link": "https://www.sangamo.com/programs/#pipeline",
    "timestamp": "unknown"
  },
  {
    "title": "Clinical ProgramsSmall Fiber Neuropathy (SFN)Fabry DiseaseHemophilia A",
    "link": "https://www.sangamo.com/programs/#programs",
    "timestamp": "unknown"
  },
  {
    "title": "Small Fiber Neuropathy (SFN)",
    "link": "https://www.sangamo.com/programs/clinical-trials/sfn/",
    "timestamp": "unknown"
  },
  {
    "title": "Fabry Disease",
    "link": "https://www.sangamo.com/programs/clinical-trials/fabry-disease/",
    "timestamp": "unknown"
  },
  {
    "title": "Hemophilia A",
    "link": "https://www.sangamo.com/programs/clinical-trials/hemophilia-a/",
    "timestamp": "unknown"
  },
  {
    "title": "Clinical Trials",
    "link": "https://www.sangamo.com/programs/clinical-trials/",
    "timestamp": "unknown"
  },
  {
    "title": "Collaborations & Partners",
    "link": "https://www.sangamo.com/programs/#collaborations",
    "timestamp": "unknown"
  },
  {
    "title": "PatientsOur CommitmentExpanded Access PolicyBioethicsPatient StoriesBryan \u2013 Fabry DiseaseLori \u2013 Fabry DiseaseMatt \u2013 Fabry DiseaseElizabeth \u2013 Fabry Dis",
    "link": "https://www.sangamo.com/patients/",
    "timestamp": "unknown"
  },
  {
    "title": "Our CommitmentExpanded Access PolicyBioethics",
    "link": "https://www.sangamo.com/patients/#our-commitment",
    "timestamp": "unknown"
  },
  {
    "title": "Expanded Access Policy",
    "link": "https://www.sangamo.com/patients/expanded-access-policy/",
    "timestamp": "unknown"
  },
  {
    "title": "Bioethics",
    "link": "https://www.sangamo.com/patients/#bioethics",
    "timestamp": "unknown"
  },
  {
    "title": "Patient StoriesBryan \u2013 Fabry DiseaseLori \u2013 Fabry DiseaseMatt \u2013 Fabry DiseaseElizabeth \u2013 Fabry DiseaseIsrael \u2013 Hemophilia AMiles \u2013 Hemophilia ATrevor \u2013",
    "link": "https://www.sangamo.com/patients/stories/",
    "timestamp": "unknown"
  },
  {
    "title": "Bryan \u2013 Fabry Disease",
    "link": "https://www.sangamo.com/patients/stories/bryan/",
    "timestamp": "unknown"
  },
  {
    "title": "Lori \u2013 Fabry Disease",
    "link": "https://www.sangamo.com/patients/stories/lori/",
    "timestamp": "unknown"
  },
  {
    "title": "Matt \u2013 Fabry Disease",
    "link": "https://www.sangamo.com/patients/stories/matt/",
    "timestamp": "unknown"
  },
  {
    "title": "Elizabeth \u2013 Fabry Disease",
    "link": "https://www.sangamo.com/patients/stories/elizabeth/",
    "timestamp": "unknown"
  },
  {
    "title": "Israel \u2013 Hemophilia A",
    "link": "https://www.sangamo.com/patients/stories/israel/",
    "timestamp": "unknown"
  },
  {
    "title": "Miles \u2013 Hemophilia A",
    "link": "https://www.sangamo.com/patients/stories/miles/",
    "timestamp": "unknown"
  },
  {
    "title": "Trevor \u2013 Prion Disease",
    "link": "https://www.sangamo.com/patients/stories/trevor/",
    "timestamp": "unknown"
  },
  {
    "title": "Sharron \u2013 Renal Transplant",
    "link": "https://www.sangamo.com/patients/stories/sharron/",
    "timestamp": "unknown"
  },
  {
    "title": "Patient FocusResourcesEducationOrganizations",
    "link": "https://www.sangamo.com/patients",
    "timestamp": "unknown"
  },
  {
    "title": "Resources",
    "link": "https://www.sangamo.com/patients/resources/",
    "timestamp": "unknown"
  },
  {
    "title": "Education",
    "link": "https://www.sangamo.com/patients/resources/#education",
    "timestamp": "unknown"
  },
  {
    "title": "Organizations",
    "link": "https://www.sangamo.com/patients/resources/#organizations",
    "timestamp": "unknown"
  },
  {
    "title": "Investors & MediaOverviewNews ReleasesEventsPresentationsESG",
    "link": "https://investor.sangamo.com/",
    "timestamp": "unknown"
  },
  {
    "title": "Overview",
    "link": "https://investor.sangamo.com/investor-relations",
    "timestamp": "unknown"
  },
  {
    "title": "News Releases",
    "link": "https://investor.sangamo.com/news-releases",
    "timestamp": "unknown"
  },
  {
    "title": "Events",
    "link": "https://investor.sangamo.com/events-and-presentations",
    "timestamp": "unknown"
  },
  {
    "title": "Presentations",
    "link": "https://investor.sangamo.com/presentations",
    "timestamp": "unknown"
  },
  {
    "title": "ESG",
    "link": "https://investor.sangamo.com/corporate-governance/governance-overview",
    "timestamp": "unknown"
  },
  {
    "title": "AboutOverviewMission & VisionExecutive LeadershipBoard of DirectorsLatest NewsNews ReleasesEventsPresentationsContact",
    "link": "https://www.sangamo.com/about/",
    "timestamp": "unknown"
  },
  {
    "title": "OverviewMission & VisionExecutive LeadershipBoard of Directors",
    "link": "https://develop.sangamo.scs-staging.com/science#overview",
    "timestamp": "unknown"
  },
  {
    "title": "Mission & Vision",
    "link": "https://www.sangamo.com/about/#our-mission",
    "timestamp": "unknown"
  },
  {
    "title": "Executive Leadership",
    "link": "https://www.sangamo.com/about/leadership",
    "timestamp": "unknown"
  },
  {
    "title": "Board of Directors",
    "link": "https://www.sangamo.com/about/leadership/#board-of-directors",
    "timestamp": "unknown"
  },
  {
    "title": "Latest NewsNews ReleasesEventsPresentations",
    "link": "https://investor.sangamo.com/news-releases",
    "timestamp": "unknown"
  },
  {
    "title": "News Releases",
    "link": "https://investor.sangamo.com/news-releases",
    "timestamp": "unknown"
  },
  {
    "title": "Events",
    "link": "https://investor.sangamo.com/events-and-presentations",
    "timestamp": "unknown"
  },
  {
    "title": "Presentations",
    "link": "https://www.sangamo.com/science/presentations/",
    "timestamp": "unknown"
  },
  {
    "title": "Contact",
    "link": "https://www.sangamo.com/about/contact/",
    "timestamp": "unknown"
  },
  {
    "title": "ScienceTechnology PlatformsZinc Finger PlatformDelivery PlatformCAR-Treg PlatformTherapeutic ApplicationsNeurologyOncologyPresentationsPublicationsPro",
    "link": "https://www.sangamo.com/science/",
    "timestamp": "unknown"
  },
  {
    "title": "ScienceTechnology PlatformsZinc Finger PlatformDelivery PlatformCAR-Treg PlatformTherapeutic ApplicationsNeurologyOncologyPresentationsPublicationsPro",
    "link": "https://www.sangamo.com/science/",
    "timestamp": "unknown"
  },
  {
    "title": "ScienceTechnology PlatformsZinc Finger PlatformDelivery PlatformCAR-Treg PlatformTherapeutic ApplicationsNeurologyOncologyPresentationsPublicationsPro",
    "link": "https://www.sangamo.com/science/",
    "timestamp": "unknown"
  },
  {
    "title": "ScienceTechnology PlatformsZinc Finger PlatformDelivery PlatformCAR-Treg PlatformTherapeutic ApplicationsNeurologyOncologyPresentationsPublications",
    "link": "https://www.sangamo.com/science/",
    "timestamp": "unknown"
  },
  {
    "title": "Technology PlatformsZinc Finger PlatformDelivery PlatformCAR-Treg Platform",
    "link": "https://www.sangamo.com/science/#technology-platforms",
    "timestamp": "unknown"
  },
  {
    "title": "Zinc Finger Platform",
    "link": "https://www.sangamo.com/science/technology-platforms/zinc-finger-platform/",
    "timestamp": "unknown"
  },
  {
    "title": "Delivery Platform",
    "link": "https://www.sangamo.com/science/technology-platforms/delivery-platform/",
    "timestamp": "unknown"
  },
  {
    "title": "CAR-Treg Platform",
    "link": "https://www.sangamo.com/science/therapeutic-applications/autoimmunity-and-transplantation/",
    "timestamp": "unknown"
  },
  {
    "title": "Therapeutic ApplicationsNeurologyOncology",
    "link": "https://www.sangamo.com/science/#therapeutic-applications",
    "timestamp": "unknown"
  },
  {
    "title": "Neurology",
    "link": "https://www.sangamo.com/science/therapeutic-applications/neurology/",
    "timestamp": "unknown"
  },
  {
    "title": "Oncology",
    "link": "https://www.sangamo.com/science/therapeutic-applications/oncology/",
    "timestamp": "unknown"
  },
  {
    "title": "Presentations",
    "link": "https://www.sangamo.com/science/presentations/",
    "timestamp": "unknown"
  },
  {
    "title": "Publications",
    "link": "https://www.sangamo.com/science/publications/",
    "timestamp": "unknown"
  },
  {
    "title": "ProgramsPipelineClinical ProgramsSmall Fiber Neuropathy (SFN)Fabry DiseaseHemophilia AClinical TrialsCollaborations & PartnersPatientsOur CommitmentEx",
    "link": "https://www.sangamo.com/programs/",
    "timestamp": "unknown"
  },
  {
    "title": "ProgramsPipelineClinical ProgramsSmall Fiber Neuropathy (SFN)Fabry DiseaseHemophilia AClinical TrialsCollaborations & Partners",
    "link": "https://www.sangamo.com/programs/",
    "timestamp": "unknown"
  },
  {
    "title": "Pipeline",
    "link": "https://www.sangamo.com/programs/#pipeline",
    "timestamp": "unknown"
  },
  {
    "title": "Clinical ProgramsSmall Fiber Neuropathy (SFN)Fabry DiseaseHemophilia A",
    "link": "https://www.sangamo.com/programs/#programs",
    "timestamp": "unknown"
  },
  {
    "title": "Small Fiber Neuropathy (SFN)",
    "link": "https://www.sangamo.com/programs/clinical-trials/sfn/",
    "timestamp": "unknown"
  },
  {
    "title": "Fabry Disease",
    "link": "https://www.sangamo.com/programs/clinical-trials/fabry-disease/",
    "timestamp": "unknown"
  },
  {
    "title": "Hemophilia A",
    "link": "https://www.sangamo.com/programs/clinical-trials/hemophilia-a/",
    "timestamp": "unknown"
  },
  {
    "title": "Clinical Trials",
    "link": "https://www.sangamo.com/programs/clinical-trials/",
    "timestamp": "unknown"
  },
  {
    "title": "Collaborations & Partners",
    "link": "https://www.sangamo.com/programs/#collaborations",
    "timestamp": "unknown"
  },
  {
    "title": "PatientsOur CommitmentExpanded Access PolicyBioethicsPatient StoriesBryan \u2013 Fabry DiseaseLori \u2013 Fabry DiseaseMatt \u2013 Fabry DiseaseElizabeth \u2013 Fabry Dis",
    "link": "https://www.sangamo.com/patients/",
    "timestamp": "unknown"
  },
  {
    "title": "PatientsOur CommitmentExpanded Access PolicyBioethicsPatient StoriesBryan \u2013 Fabry DiseaseLori \u2013 Fabry DiseaseMatt \u2013 Fabry DiseaseElizabeth \u2013 Fabry Dis",
    "link": "https://www.sangamo.com/patients/",
    "timestamp": "unknown"
  },
  {
    "title": "Our CommitmentExpanded Access PolicyBioethics",
    "link": "https://www.sangamo.com/patients/#our-commitment",
    "timestamp": "unknown"
  },
  {
    "title": "Expanded Access Policy",
    "link": "https://www.sangamo.com/patients/expanded-access-policy/",
    "timestamp": "unknown"
  },
  {
    "title": "Bioethics",
    "link": "https://www.sangamo.com/patients/#bioethics",
    "timestamp": "unknown"
  },
  {
    "title": "Patient StoriesBryan \u2013 Fabry DiseaseLori \u2013 Fabry DiseaseMatt \u2013 Fabry DiseaseElizabeth \u2013 Fabry DiseaseIsrael \u2013 Hemophilia AMiles \u2013 Hemophilia ATrevor \u2013",
    "link": "https://www.sangamo.com/patients/stories/",
    "timestamp": "unknown"
  },
  {
    "title": "Bryan \u2013 Fabry Disease",
    "link": "https://www.sangamo.com/patients/stories/bryan/",
    "timestamp": "unknown"
  },
  {
    "title": "Lori \u2013 Fabry Disease",
    "link": "https://www.sangamo.com/patients/stories/lori/",
    "timestamp": "unknown"
  },
  {
    "title": "Matt \u2013 Fabry Disease",
    "link": "https://www.sangamo.com/patients/stories/matt/",
    "timestamp": "unknown"
  },
  {
    "title": "Elizabeth \u2013 Fabry Disease",
    "link": "https://www.sangamo.com/patients/stories/elizabeth/",
    "timestamp": "unknown"
  },
  {
    "title": "Israel \u2013 Hemophilia A",
    "link": "https://www.sangamo.com/patients/stories/israel/",
    "timestamp": "unknown"
  },
  {
    "title": "Miles \u2013 Hemophilia A",
    "link": "https://www.sangamo.com/patients/stories/miles/",
    "timestamp": "unknown"
  },
  {
    "title": "Trevor \u2013 Prion Disease",
    "link": "https://www.sangamo.com/patients/stories/trevor/",
    "timestamp": "unknown"
  },
  {
    "title": "Sharron \u2013 Renal Transplant",
    "link": "https://www.sangamo.com/patients/stories/sharron/",
    "timestamp": "unknown"
  },
  {
    "title": "Patient FocusResourcesEducationOrganizations",
    "link": "https://www.sangamo.com/patients",
    "timestamp": "unknown"
  },
  {
    "title": "Resources",
    "link": "https://www.sangamo.com/patients/resources/",
    "timestamp": "unknown"
  },
  {
    "title": "Education",
    "link": "https://www.sangamo.com/patients/resources/#education",
    "timestamp": "unknown"
  },
  {
    "title": "Organizations",
    "link": "https://www.sangamo.com/patients/resources/#organizations",
    "timestamp": "unknown"
  },
  {
    "title": "Investors & MediaOverviewNews ReleasesEventsPresentationsESGAboutOverviewMission & VisionExecutive LeadershipBoard of DirectorsLatest NewsNews Release",
    "link": "https://investor.sangamo.com/",
    "timestamp": "unknown"
  },
  {
    "title": "Investors & MediaOverviewNews ReleasesEventsPresentationsESG",
    "link": "https://investor.sangamo.com/",
    "timestamp": "unknown"
  },
  {
    "title": "Overview",
    "link": "https://investor.sangamo.com/investor-relations",
    "timestamp": "unknown"
  },
  {
    "title": "News Releases",
    "link": "https://investor.sangamo.com/news-releases",
    "timestamp": "unknown"
  },
  {
    "title": "Events",
    "link": "https://investor.sangamo.com/events-and-presentations",
    "timestamp": "unknown"
  },
  {
    "title": "Presentations",
    "link": "https://investor.sangamo.com/presentations",
    "timestamp": "unknown"
  },
  {
    "title": "ESG",
    "link": "https://investor.sangamo.com/corporate-governance/governance-overview",
    "timestamp": "unknown"
  },
  {
    "title": "AboutOverviewMission & VisionExecutive LeadershipBoard of DirectorsLatest NewsNews ReleasesEventsPresentationsContact",
    "link": "https://www.sangamo.com/about/",
    "timestamp": "unknown"
  },
  {
    "title": "AboutOverviewMission & VisionExecutive LeadershipBoard of DirectorsLatest NewsNews ReleasesEventsPresentationsContact",
    "link": "https://www.sangamo.com/about/",
    "timestamp": "unknown"
  },
  {
    "title": "OverviewMission & VisionExecutive LeadershipBoard of Directors",
    "link": "https://develop.sangamo.scs-staging.com/science#overview",
    "timestamp": "unknown"
  },
  {
    "title": "Mission & Vision",
    "link": "https://www.sangamo.com/about/#our-mission",
    "timestamp": "unknown"
  },
  {
    "title": "Executive Leadership",
    "link": "https://www.sangamo.com/about/leadership",
    "timestamp": "unknown"
  },
  {
    "title": "Board of Directors",
    "link": "https://www.sangamo.com/about/leadership/#board-of-directors",
    "timestamp": "unknown"
  },
  {
    "title": "Latest NewsNews ReleasesEventsPresentations",
    "link": "https://investor.sangamo.com/news-releases",
    "timestamp": "unknown"
  },
  {
    "title": "News Releases",
    "link": "https://investor.sangamo.com/news-releases",
    "timestamp": "unknown"
  },
  {
    "title": "Events",
    "link": "https://investor.sangamo.com/events-and-presentations",
    "timestamp": "unknown"
  },
  {
    "title": "Presentations",
    "link": "https://www.sangamo.com/science/presentations/",
    "timestamp": "unknown"
  },
  {
    "title": "Contact",
    "link": "https://www.sangamo.com/about/contact/",
    "timestamp": "unknown"
  },
  {
    "title": "Investors &#; MediaOverviewInvestorsNews ReleasesEventsPresentationsESG",
    "link": "https://investor.sangamo.com/",
    "timestamp": "unknown"
  },
  {
    "title": "OverviewInvestorsNews ReleasesEventsPresentationsESG",
    "link": "https://investor.sangamo.com/",
    "timestamp": "unknown"
  },
  {
    "title": "OverviewInvestorsNews ReleasesEventsPresentationsESG",
    "link": "https://investor.sangamo.com/",
    "timestamp": "unknown"
  },
  {
    "title": "OverviewInvestorsNews ReleasesEventsPresentationsESG",
    "link": "https://investor.sangamo.com/",
    "timestamp": "unknown"
  },
  {
    "title": "OverviewInvestorsNews ReleasesEventsPresentationsESG",
    "link": "https://investor.sangamo.com/",
    "timestamp": "unknown"
  },
  {
    "title": "Overview",
    "link": "https://investor.sangamo.com/",
    "timestamp": "unknown"
  },
  {
    "title": "Investors",
    "link": "https://investor.sangamo.com/investors",
    "timestamp": "unknown"
  },
  {
    "title": "News Releases",
    "link": "https://investor.sangamo.com/news-releases",
    "timestamp": "unknown"
  },
  {
    "title": "Events",
    "link": "https://investor.sangamo.com/events-and-presentations",
    "timestamp": "unknown"
  },
  {
    "title": "Presentations",
    "link": "https://investor.sangamo.com/presentations",
    "timestamp": "unknown"
  },
  {
    "title": "ESG",
    "link": "https://investor.sangamo.com/corporate-governance/governance-overview",
    "timestamp": "unknown"
  },
  {
    "title": "Upcoming EventsWORLDSymposiumFeb  - Feb ,Past EventsYearNoneThird Quarter  Conference Call and WebcastNov ,  at  ESTListen to Webcast9th International",
    "link": "https://investor.sangamo.com/events/event-details/worldsymposium-",
    "timestamp": "unknown"
  },
  {
    "title": "Upcoming EventsWORLDSymposiumFeb  - Feb ,Past EventsYearNoneThird Quarter  Conference Call and WebcastNov ,  at  ESTListen to Webcast9th International",
    "link": "https://investor.sangamo.com/events/event-details/worldsymposium-",
    "timestamp": "unknown"
  },
  {
    "title": "Upcoming EventsWORLDSymposiumFeb  - Feb ,Past EventsYearNoneThird Quarter  Conference Call and WebcastNov ,  at  ESTListen to Webcast9th International",
    "link": "https://investor.sangamo.com/events/event-details/worldsymposium-",
    "timestamp": "unknown"
  },
  {
    "title": "Upcoming EventsWORLDSymposiumFeb  - Feb ,Past EventsYearNoneThird Quarter  Conference Call and WebcastNov ,  at  ESTListen to Webcast9th International",
    "link": "https://investor.sangamo.com/events/event-details/worldsymposium-",
    "timestamp": "unknown"
  },
  {
    "title": "Upcoming EventsWORLDSymposiumFeb  - Feb ,Past EventsYearNoneThird Quarter  Conference Call and WebcastNov ,  at  ESTListen to Webcast9th International",
    "link": "https://investor.sangamo.com/events/event-details/worldsymposium-",
    "timestamp": "unknown"
  },
  {
    "title": "Upcoming EventsWORLDSymposiumFeb  - Feb ,Past EventsYearNoneThird Quarter  Conference Call and WebcastNov ,  at  ESTListen to Webcast9th International",
    "link": "https://investor.sangamo.com/events/event-details/worldsymposium-",
    "timestamp": "unknown"
  },
  {
    "title": "Upcoming EventsWORLDSymposiumFeb  - Feb ,Past EventsYearNoneThird Quarter  Conference Call and WebcastNov ,  at  ESTListen to Webcast9th International",
    "link": "https://investor.sangamo.com/events/event-details/worldsymposium-",
    "timestamp": "unknown"
  },
  {
    "title": "Upcoming EventsWORLDSymposiumFeb  - Feb ,Past EventsYearNoneThird Quarter  Conference Call and WebcastNov ,  at  ESTListen to Webcast9th International",
    "link": "https://investor.sangamo.com/events/event-details/worldsymposium-",
    "timestamp": "unknown"
  },
  {
    "title": "Upcoming EventsWORLDSymposiumFeb  - Feb ,Past EventsYearNoneThird Quarter  Conference Call and WebcastNov ,  at  ESTListen to Webcast9th International",
    "link": "https://investor.sangamo.com/events/event-details/worldsymposium-",
    "timestamp": "unknown"
  },
  {
    "title": "Upcoming EventsWORLDSymposiumFeb  - Feb ,Past EventsYearNoneThird Quarter  Conference Call and WebcastNov ,  at  ESTListen to Webcast9th International",
    "link": "https://investor.sangamo.com/events/event-details/worldsymposium-",
    "timestamp": "unknown"
  },
  {
    "title": "Upcoming EventsWORLDSymposiumFeb  - Feb ,Past EventsYearNoneThird Quarter  Conference Call and WebcastNov ,  at  ESTListen to Webcast9th International",
    "link": "https://investor.sangamo.com/events/event-details/worldsymposium-",
    "timestamp": "unknown"
  },
  {
    "title": "Upcoming EventsWORLDSymposiumFeb  - Feb ,Past EventsYearNoneThird Quarter  Conference Call and WebcastNov ,  at  ESTListen to Webcast9th International",
    "link": "https://investor.sangamo.com/events/event-details/worldsymposium-",
    "timestamp": "unknown"
  },
  {
    "title": "Upcoming EventsWORLDSymposiumFeb  - Feb ,Past EventsYearNoneThird Quarter  Conference Call and WebcastNov ,  at  ESTListen to Webcast9th International",
    "link": "https://investor.sangamo.com/events/event-details/worldsymposium-",
    "timestamp": "unknown"
  },
  {
    "title": "Upcoming EventsWORLDSymposiumFeb  - Feb ,",
    "link": "https://investor.sangamo.com/events/event-details/worldsymposium-",
    "timestamp": "unknown"
  },
  {
    "title": "WORLDSymposiumFeb  - Feb ,",
    "link": "https://investor.sangamo.com/events/event-details/worldsymposium-",
    "timestamp": "unknown"
  },
  {
    "title": "WORLDSymposiumFeb  - Feb ,",
    "link": "https://investor.sangamo.com/events/event-details/worldsymposium-",
    "timestamp": "unknown"
  },
  {
    "title": "WORLDSymposiumFeb  - Feb ,",
    "link": "https://investor.sangamo.com/events/event-details/worldsymposium-",
    "timestamp": "unknown"
  },
  {
    "title": "WORLDSymposium",
    "link": "https://investor.sangamo.com/events/event-details/worldsymposium-",
    "timestamp": "unknown"
  },
  {
    "title": "WORLDSymposium",
    "link": "https://investor.sangamo.com/events/event-details/worldsymposium-",
    "timestamp": "unknown"
  },
  {
    "title": "WORLDSymposium",
    "link": "https://investor.sangamo.com/events/event-details/worldsymposium-",
    "timestamp": "unknown"
  },
  {
    "title": "WORLDSymposium",
    "link": "https://investor.sangamo.com/events/event-details/worldsymposium-",
    "timestamp": "unknown"
  },
  {
    "title": "Past EventsYearNoneThird Quarter  Conference Call and WebcastNov ,  at  ESTListen to Webcast9th International Congress on Neuropathic PainSep  - Sep ,",
    "link": "https://investor.sangamo.com/events/event-details/third-quarter--conference-call-and-webcast",
    "timestamp": "unknown"
  },
  {
    "title": "Third Quarter  Conference Call and WebcastNov ,  at  ESTListen to Webcast",
    "link": "https://investor.sangamo.com/events/event-details/third-quarter--conference-call-and-webcast",
    "timestamp": "unknown"
  },
  {
    "title": "Third Quarter  Conference Call and WebcastNov ,  at  ESTListen to Webcast",
    "link": "https://investor.sangamo.com/events/event-details/third-quarter--conference-call-and-webcast",
    "timestamp": "unknown"
  },
  {
    "title": "Third Quarter  Conference Call and WebcastNov ,  at  ESTListen to Webcast",
    "link": "https://investor.sangamo.com/events/event-details/third-quarter--conference-call-and-webcast",
    "timestamp": "unknown"
  },
  {
    "title": "Third Quarter  Conference Call and Webcast",
    "link": "https://investor.sangamo.com/events/event-details/third-quarter--conference-call-and-webcast",
    "timestamp": "unknown"
  },
  {
    "title": "Third Quarter  Conference Call and Webcast",
    "link": "https://investor.sangamo.com/events/event-details/third-quarter--conference-call-and-webcast",
    "timestamp": "unknown"
  },
  {
    "title": "Third Quarter  Conference Call and Webcast",
    "link": "https://investor.sangamo.com/events/event-details/third-quarter--conference-call-and-webcast",
    "timestamp": "unknown"
  },
  {
    "title": "Third Quarter  Conference Call and Webcast",
    "link": "https://investor.sangamo.com/events/event-details/third-quarter--conference-call-and-webcast",
    "timestamp": "unknown"
  },
  {
    "title": "Listen to Webcast",
    "link": "https://edge.media-server.com/mmc/p/mu3sqnyq",
    "timestamp": "unknown"
  },
  {
    "title": "Listen to Webcast",
    "link": "https://edge.media-server.com/mmc/p/mu3sqnyq",
    "timestamp": "unknown"
  },
  {
    "title": "Listen to Webcast",
    "link": "https://edge.media-server.com/mmc/p/mu3sqnyq",
    "timestamp": "unknown"
  },
  {
    "title": "9th International Congress on Neuropathic PainSep  - Sep ,",
    "link": "https://investor.sangamo.com/events/event-details/9th-international-congress-neuropathic-pain",
    "timestamp": "unknown"
  },
  {
    "title": "9th International Congress on Neuropathic PainSep  - Sep ,",
    "link": "https://investor.sangamo.com/events/event-details/9th-international-congress-neuropathic-pain",
    "timestamp": "unknown"
  },
  {
    "title": "9th International Congress on Neuropathic PainSep  - Sep ,",
    "link": "https://investor.sangamo.com/events/event-details/9th-international-congress-neuropathic-pain",
    "timestamp": "unknown"
  },
  {
    "title": "9th International Congress on Neuropathic Pain",
    "link": "https://investor.sangamo.com/events/event-details/9th-international-congress-neuropathic-pain",
    "timestamp": "unknown"
  },
  {
    "title": "9th International Congress on Neuropathic Pain",
    "link": "https://investor.sangamo.com/events/event-details/9th-international-congress-neuropathic-pain",
    "timestamp": "unknown"
  },
  {
    "title": "9th International Congress on Neuropathic Pain",
    "link": "https://investor.sangamo.com/events/event-details/9th-international-congress-neuropathic-pain",
    "timestamp": "unknown"
  },
  {
    "title": "9th International Congress on Neuropathic Pain",
    "link": "https://investor.sangamo.com/events/event-details/9th-international-congress-neuropathic-pain",
    "timestamp": "unknown"
  },
  {
    "title": "Wells Fargo Health Care ConferenceSep ,",
    "link": "https://investor.sangamo.com/events/event-details/wells-fargo-health-care-conference",
    "timestamp": "unknown"
  },
  {
    "title": "Wells Fargo Health Care ConferenceSep ,",
    "link": "https://investor.sangamo.com/events/event-details/wells-fargo-health-care-conference",
    "timestamp": "unknown"
  },
  {
    "title": "Wells Fargo Health Care ConferenceSep ,",
    "link": "https://investor.sangamo.com/events/event-details/wells-fargo-health-care-conference",
    "timestamp": "unknown"
  },
  {
    "title": "Wells Fargo Health Care Conference",
    "link": "https://investor.sangamo.com/events/event-details/wells-fargo-health-care-conference",
    "timestamp": "unknown"
  },
  {
    "title": "Wells Fargo Health Care Conference",
    "link": "https://investor.sangamo.com/events/event-details/wells-fargo-health-care-conference",
    "timestamp": "unknown"
  },
  {
    "title": "Wells Fargo Health Care Conference",
    "link": "https://investor.sangamo.com/events/event-details/wells-fargo-health-care-conference",
    "timestamp": "unknown"
  },
  {
    "title": "Wells Fargo Health Care Conference",
    "link": "https://investor.sangamo.com/events/event-details/wells-fargo-health-care-conference",
    "timestamp": "unknown"
  },
  {
    "title": "PaginationCurrent pagePagePagePagePageNext pageNext \u203a",
    "link": "https://investor.sangamo.com/events-and-presentations?page=",
    "timestamp": "unknown"
  },
  {
    "title": "Current page",
    "link": "https://investor.sangamo.com/events-and-presentations?page=",
    "timestamp": "unknown"
  },
  {
    "title": "Page",
    "link": "https://investor.sangamo.com/events-and-presentations?page=",
    "timestamp": "unknown"
  },
  {
    "title": "Page",
    "link": "https://investor.sangamo.com/events-and-presentations?page=",
    "timestamp": "unknown"
  },
  {
    "title": "Page",
    "link": "https://investor.sangamo.com/events-and-presentations?page=",
    "timestamp": "unknown"
  },
  {
    "title": "Page",
    "link": "https://investor.sangamo.com/events-and-presentations?page=",
    "timestamp": "unknown"
  },
  {
    "title": "Next pageNext \u203a",
    "link": "https://investor.sangamo.com/events-and-presentations?page=",
    "timestamp": "unknown"
  },
  {
    "title": "HomeSign up for email alertsCompanyScienceProgramsCollaborationsPatientsAboutJobsContactLatestNews ReleasesEventsScience PresentationsScientific Publi",
    "link": "https://www.sangamo.com/",
    "timestamp": "unknown"
  },
  {
    "title": "Home",
    "link": "https://www.sangamo.com/",
    "timestamp": "unknown"
  },
  {
    "title": "Sign up for email alerts",
    "link": "https://investor.sangamo.com/email-alerts",
    "timestamp": "unknown"
  },
  {
    "title": "Sign up for email alerts",
    "link": "https://investor.sangamo.com/email-alerts",
    "timestamp": "unknown"
  },
  {
    "title": "CompanyScienceProgramsCollaborationsPatientsAboutJobsContactLatestNews ReleasesEventsScience PresentationsScientific PublicationsCorporate Presentatio",
    "link": "https://www.sangamo.com/science/",
    "timestamp": "unknown"
  },
  {
    "title": "CompanyScienceProgramsCollaborationsPatientsAboutJobsContactLatestNews ReleasesEventsScience PresentationsScientific PublicationsCorporate Presentatio",
    "link": "https://www.sangamo.com/science/",
    "timestamp": "unknown"
  },
  {
    "title": "CompanyScienceProgramsCollaborationsPatientsAboutJobsContactLatestNews ReleasesEventsScience PresentationsScientific PublicationsCorporate Presentatio",
    "link": "https://www.sangamo.com/science/",
    "timestamp": "unknown"
  },
  {
    "title": "CompanyScienceProgramsCollaborationsPatientsAboutJobsContact",
    "link": "https://www.sangamo.com/science/",
    "timestamp": "unknown"
  },
  {
    "title": "Science",
    "link": "https://www.sangamo.com/science/",
    "timestamp": "unknown"
  },
  {
    "title": "Programs",
    "link": "https://www.sangamo.com/programs/",
    "timestamp": "unknown"
  },
  {
    "title": "Collaborations",
    "link": "https://www.sangamo.com/programs#collaborations",
    "timestamp": "unknown"
  },
  {
    "title": "Patients",
    "link": "https://www.sangamo.com/patients/",
    "timestamp": "unknown"
  },
  {
    "title": "About",
    "link": "https://www.sangamo.com/about/",
    "timestamp": "unknown"
  },
  {
    "title": "Jobs",
    "link": "https://www.sangamo.com/careers/",
    "timestamp": "unknown"
  },
  {
    "title": "Contact",
    "link": "https://www.sangamo.com/about/contact/",
    "timestamp": "unknown"
  },
  {
    "title": "LatestNews ReleasesEventsScience PresentationsScientific PublicationsCorporate Presentations",
    "link": "https://investor.sangamo.com/news-releases",
    "timestamp": "unknown"
  },
  {
    "title": "News Releases",
    "link": "https://investor.sangamo.com/news-releases",
    "timestamp": "unknown"
  },
  {
    "title": "Events",
    "link": "https://investor.sangamo.com/events-and-presentations",
    "timestamp": "unknown"
  },
  {
    "title": "Science Presentations",
    "link": "https://www.sangamo.com/science/presentations/",
    "timestamp": "unknown"
  },
  {
    "title": "Scientific Publications",
    "link": "https://www.sangamo.com/science/publications/",
    "timestamp": "unknown"
  },
  {
    "title": "Corporate Presentations",
    "link": "https://investor.sangamo.com/events-and-presentations",
    "timestamp": "unknown"
  },
  {
    "title": "ResourcesPipelineClinical TrialsInvestor InformationLegal DisclaimerPrivacy PolicySocialLinkedinTwitter",
    "link": "https://www.sangamo.com/programs/#pipeline",
    "timestamp": "unknown"
  },
  {
    "title": "ResourcesPipelineClinical TrialsInvestor InformationLegal DisclaimerPrivacy PolicySocialLinkedinTwitter",
    "link": "https://www.sangamo.com/programs/#pipeline",
    "timestamp": "unknown"
  },
  {
    "title": "ResourcesPipelineClinical TrialsInvestor InformationLegal DisclaimerPrivacy Policy",
    "link": "https://www.sangamo.com/programs/#pipeline",
    "timestamp": "unknown"
  },
  {
    "title": "Pipeline",
    "link": "https://www.sangamo.com/programs/#pipeline",
    "timestamp": "unknown"
  },
  {
    "title": "Clinical Trials",
    "link": "https://www.sangamo.com/programs/clinical-trials/",
    "timestamp": "unknown"
  },
  {
    "title": "Investor Information",
    "link": "https://investor.sangamo.com/",
    "timestamp": "unknown"
  },
  {
    "title": "Legal Disclaimer",
    "link": "https://www.sangamo.com/legal-disclaimer/",
    "timestamp": "unknown"
  },
  {
    "title": "Privacy Policy",
    "link": "https://www.sangamo.com/privacy-policy/",
    "timestamp": "unknown"
  },
  {
    "title": "SocialLinkedinTwitter",
    "link": "https://www.linkedin.com/company/sangamo-therapeutics/",
    "timestamp": "unknown"
  },
  {
    "title": "Linkedin",
    "link": "https://www.linkedin.com/company/sangamo-therapeutics/",
    "timestamp": "unknown"
  },
  {
    "title": "Twitter",
    "link": "https://twitter.com/sangamotx",
    "timestamp": "unknown"
  }
]