[
  {
    "title": "CareersCore ValuesDiversity, Equity and InclusionOpen PositionsEmployee BenefitsClinical TrialsContactScienceTechnology PlatformsZinc Finger PlatformD",
    "link": "https://www.sangamo.com/careers/",
    "timestamp": "unknown"
  },
  {
    "title": "CareersCore ValuesDiversity, Equity and InclusionOpen PositionsEmployee BenefitsClinical TrialsContactScienceTechnology PlatformsZinc Finger PlatformD",
    "link": "https://www.sangamo.com/careers/",
    "timestamp": "unknown"
  },
  {
    "title": "CareersCore ValuesDiversity, Equity and InclusionOpen PositionsEmployee BenefitsClinical TrialsContact",
    "link": "https://www.sangamo.com/careers/",
    "timestamp": "unknown"
  },
  {
    "title": "CareersCore ValuesDiversity, Equity and InclusionOpen PositionsEmployee BenefitsClinical TrialsContact",
    "link": "https://www.sangamo.com/careers/",
    "timestamp": "unknown"
  },
  {
    "title": "CareersCore ValuesDiversity, Equity and InclusionOpen PositionsEmployee BenefitsClinical TrialsContact",
    "link": "https://www.sangamo.com/careers/",
    "timestamp": "unknown"
  },
  {
    "title": "CareersCore ValuesDiversity, Equity and InclusionOpen PositionsEmployee Benefits",
    "link": "https://www.sangamo.com/careers/",
    "timestamp": "unknown"
  },
  {
    "title": "Core Values",
    "link": "https://www.sangamo.com/careers/#core-values",
    "timestamp": "unknown"
  },
  {
    "title": "Diversity, Equity and Inclusion",
    "link": "https://www.sangamo.com/careers/#diversity-equity-and-inclusion",
    "timestamp": "unknown"
  },
  {
    "title": "Open Positions",
    "link": "https://www.sangamo.com/careers/open-positions/",
    "timestamp": "unknown"
  },
  {
    "title": "Employee Benefits",
    "link": "https://www.sangamo.com/careers/#employee-benefits",
    "timestamp": "unknown"
  },
  {
    "title": "Clinical Trials",
    "link": "https://www.sangamo.com/programs/clinical-trials/",
    "timestamp": "unknown"
  },
  {
    "title": "Contact",
    "link": "https://www.sangamo.com/about/contact/",
    "timestamp": "unknown"
  },
  {
    "title": "ScienceTechnology PlatformsZinc Finger PlatformDelivery PlatformCAR-Treg PlatformTherapeutic ApplicationsNeurologyAutoimmunity and TransplantationOnco",
    "link": "https://www.sangamo.com/science/",
    "timestamp": "unknown"
  },
  {
    "title": "ScienceTechnology PlatformsZinc Finger PlatformDelivery PlatformCAR-Treg PlatformTherapeutic ApplicationsNeurologyAutoimmunity and TransplantationOnco",
    "link": "https://www.sangamo.com/science/",
    "timestamp": "unknown"
  },
  {
    "title": "Technology PlatformsZinc Finger PlatformDelivery PlatformCAR-Treg Platform",
    "link": "https://www.sangamo.com/science/#technology-platforms",
    "timestamp": "unknown"
  },
  {
    "title": "Zinc Finger Platform",
    "link": "https://www.sangamo.com/science/technology-platforms/zinc-finger-platform/",
    "timestamp": "unknown"
  },
  {
    "title": "Delivery Platform",
    "link": "https://www.sangamo.com/science/technology-platforms/delivery-platform/",
    "timestamp": "unknown"
  },
  {
    "title": "CAR-Treg Platform",
    "link": "https://www.sangamo.com/science/therapeutic-applications/autoimmunity-and-transplantation/",
    "timestamp": "unknown"
  },
  {
    "title": "Therapeutic ApplicationsNeurologyAutoimmunity and TransplantationOncology",
    "link": "https://www.sangamo.com/science/#therapeutic-applications",
    "timestamp": "unknown"
  },
  {
    "title": "Neurology",
    "link": "https://www.sangamo.com/science/therapeutic-applications/neurology/",
    "timestamp": "unknown"
  },
  {
    "title": "Autoimmunity and Transplantation",
    "link": "https://www.sangamo.com/science/therapeutic-applications/autoimmunity-and-transplantation/",
    "timestamp": "unknown"
  },
  {
    "title": "Oncology",
    "link": "https://www.sangamo.com/science/therapeutic-applications/oncology/",
    "timestamp": "unknown"
  },
  {
    "title": "Presentations",
    "link": "https://www.sangamo.com/science/presentations/",
    "timestamp": "unknown"
  },
  {
    "title": "Publications",
    "link": "https://www.sangamo.com/science/publications/",
    "timestamp": "unknown"
  },
  {
    "title": "ProgramsPipelineClinical ProgramsHemophilia AFabry DiseaseRenal transplantationSickle Cell DiseaseClinical TrialsCollaborations & Partners",
    "link": "https://www.sangamo.com/programs/",
    "timestamp": "unknown"
  },
  {
    "title": "Pipeline",
    "link": "https://www.sangamo.com/programs/#pipeline",
    "timestamp": "unknown"
  },
  {
    "title": "Clinical ProgramsHemophilia AFabry DiseaseRenal transplantationSickle Cell Disease",
    "link": "https://www.sangamo.com/programs/#programs",
    "timestamp": "unknown"
  },
  {
    "title": "Hemophilia A",
    "link": "https://www.sangamo.com/programs/clinical-trials/hemophilia-a/",
    "timestamp": "unknown"
  },
  {
    "title": "Fabry Disease",
    "link": "https://www.sangamo.com/programs/clinical-trials/fabry-disease/",
    "timestamp": "unknown"
  },
  {
    "title": "Renal transplantation",
    "link": "https://www.sangamo.com/programs/clinical-trials/renal-transplantation/",
    "timestamp": "unknown"
  },
  {
    "title": "Sickle Cell Disease",
    "link": "https://www.sangamo.com/programs/clinical-trials/sickle-cell-disease/",
    "timestamp": "unknown"
  },
  {
    "title": "Clinical Trials",
    "link": "https://www.sangamo.com/programs/clinical-trials/",
    "timestamp": "unknown"
  },
  {
    "title": "Collaborations & Partners",
    "link": "https://www.sangamo.com/programs/#collaborations",
    "timestamp": "unknown"
  },
  {
    "title": "PatientsOur CommitmentExpanded Access PolicyBioethicsPatient StoriesBryan \u2013 Fabry DiseaseLori \u2013 Fabry DiseaseMatt \u2013 Fabry DiseaseElizabeth \u2013 Fabry Dis",
    "link": "https://www.sangamo.com/patients/",
    "timestamp": "unknown"
  },
  {
    "title": "Our CommitmentExpanded Access PolicyBioethics",
    "link": "https://www.sangamo.com/patients/#our-commitment",
    "timestamp": "unknown"
  },
  {
    "title": "Expanded Access Policy",
    "link": "https://www.sangamo.com/patients/expanded-access-policy/",
    "timestamp": "unknown"
  },
  {
    "title": "Bioethics",
    "link": "https://www.sangamo.com/patients/#bioethics",
    "timestamp": "unknown"
  },
  {
    "title": "Patient StoriesBryan \u2013 Fabry DiseaseLori \u2013 Fabry DiseaseMatt \u2013 Fabry DiseaseElizabeth \u2013 Fabry DiseaseIsrael \u2013 Hemophilia AMiles \u2013 Hemophilia ATrevor \u2013",
    "link": "https://www.sangamo.com/patients/stories/",
    "timestamp": "unknown"
  },
  {
    "title": "Bryan \u2013 Fabry Disease",
    "link": "https://www.sangamo.com/patients/stories/bryan/",
    "timestamp": "unknown"
  },
  {
    "title": "Lori \u2013 Fabry Disease",
    "link": "https://www.sangamo.com/patients/stories/lori/",
    "timestamp": "unknown"
  },
  {
    "title": "Matt \u2013 Fabry Disease",
    "link": "https://www.sangamo.com/patients/stories/matt/",
    "timestamp": "unknown"
  },
  {
    "title": "Elizabeth \u2013 Fabry Disease",
    "link": "https://www.sangamo.com/patients/stories/elizabeth/",
    "timestamp": "unknown"
  },
  {
    "title": "Israel \u2013 Hemophilia A",
    "link": "https://www.sangamo.com/patients/stories/israel/",
    "timestamp": "unknown"
  },
  {
    "title": "Miles \u2013 Hemophilia A",
    "link": "https://www.sangamo.com/patients/stories/miles/",
    "timestamp": "unknown"
  },
  {
    "title": "Trevor \u2013 Prion Disease",
    "link": "https://www.sangamo.com/patients/stories/trevor/",
    "timestamp": "unknown"
  },
  {
    "title": "Sharron \u2013 Renal Transplant",
    "link": "https://www.sangamo.com/patients/stories/sharron/",
    "timestamp": "unknown"
  },
  {
    "title": "Patient FocusResourcesEducationOrganizations",
    "link": "https://www.sangamo.com/patients",
    "timestamp": "unknown"
  },
  {
    "title": "Resources",
    "link": "https://www.sangamo.com/patients/resources/",
    "timestamp": "unknown"
  },
  {
    "title": "Education",
    "link": "https://www.sangamo.com/patients/resources/#education",
    "timestamp": "unknown"
  },
  {
    "title": "Organizations",
    "link": "https://www.sangamo.com/patients/resources/#organizations",
    "timestamp": "unknown"
  },
  {
    "title": "Investors & MediaOverviewNews ReleasesEventsPresentationsESG",
    "link": "https://investor.sangamo.com/",
    "timestamp": "unknown"
  },
  {
    "title": "Overview",
    "link": "https://investor.sangamo.com/investor-relations",
    "timestamp": "unknown"
  },
  {
    "title": "News Releases",
    "link": "https://investor.sangamo.com/news-releases",
    "timestamp": "unknown"
  },
  {
    "title": "Events",
    "link": "https://investor.sangamo.com/events-and-presentations",
    "timestamp": "unknown"
  },
  {
    "title": "Presentations",
    "link": "https://investor.sangamo.com/presentations",
    "timestamp": "unknown"
  },
  {
    "title": "ESG",
    "link": "https://investor.sangamo.com/corporate-governance/governance-overview",
    "timestamp": "unknown"
  },
  {
    "title": "AboutOverviewMission & VisionExecutive LeadershipBoard of DirectorsManufacturingLatest NewsNews ReleasesEventsPresentationsContact",
    "link": "https://www.sangamo.com/about/",
    "timestamp": "unknown"
  },
  {
    "title": "OverviewMission & VisionExecutive LeadershipBoard of DirectorsManufacturing",
    "link": "https://develop.sangamo.scs-staging.com/science#overview",
    "timestamp": "unknown"
  },
  {
    "title": "Mission & Vision",
    "link": "https://www.sangamo.com/about/#our-mission",
    "timestamp": "unknown"
  },
  {
    "title": "Executive Leadership",
    "link": "https://www.sangamo.com/about/leadership",
    "timestamp": "unknown"
  },
  {
    "title": "Board of Directors",
    "link": "https://www.sangamo.com/about/leadership/#board-of-directors",
    "timestamp": "unknown"
  },
  {
    "title": "Manufacturing",
    "link": "https://www.sangamo.com/about/#manufacturing",
    "timestamp": "unknown"
  },
  {
    "title": "Latest NewsNews ReleasesEventsPresentations",
    "link": "https://investor.sangamo.com/news-releases",
    "timestamp": "unknown"
  },
  {
    "title": "News Releases",
    "link": "https://investor.sangamo.com/news-releases",
    "timestamp": "unknown"
  },
  {
    "title": "Events",
    "link": "https://investor.sangamo.com/events-and-presentations",
    "timestamp": "unknown"
  },
  {
    "title": "Presentations",
    "link": "https://www.sangamo.com/science/presentations/",
    "timestamp": "unknown"
  },
  {
    "title": "Contact",
    "link": "https://www.sangamo.com/about/contact/",
    "timestamp": "unknown"
  },
  {
    "title": "ScienceTechnology PlatformsZinc Finger PlatformDelivery PlatformCAR-Treg PlatformTherapeutic ApplicationsNeurologyAutoimmunity and TransplantationOnco",
    "link": "https://www.sangamo.com/science/",
    "timestamp": "unknown"
  },
  {
    "title": "ScienceTechnology PlatformsZinc Finger PlatformDelivery PlatformCAR-Treg PlatformTherapeutic ApplicationsNeurologyAutoimmunity and TransplantationOnco",
    "link": "https://www.sangamo.com/science/",
    "timestamp": "unknown"
  },
  {
    "title": "ScienceTechnology PlatformsZinc Finger PlatformDelivery PlatformCAR-Treg PlatformTherapeutic ApplicationsNeurologyAutoimmunity and TransplantationOnco",
    "link": "https://www.sangamo.com/science/",
    "timestamp": "unknown"
  },
  {
    "title": "ScienceTechnology PlatformsZinc Finger PlatformDelivery PlatformCAR-Treg PlatformTherapeutic ApplicationsNeurologyAutoimmunity and TransplantationOnco",
    "link": "https://www.sangamo.com/science/",
    "timestamp": "unknown"
  },
  {
    "title": "Technology PlatformsZinc Finger PlatformDelivery PlatformCAR-Treg Platform",
    "link": "https://www.sangamo.com/science/#technology-platforms",
    "timestamp": "unknown"
  },
  {
    "title": "Zinc Finger Platform",
    "link": "https://www.sangamo.com/science/technology-platforms/zinc-finger-platform/",
    "timestamp": "unknown"
  },
  {
    "title": "Delivery Platform",
    "link": "https://www.sangamo.com/science/technology-platforms/delivery-platform/",
    "timestamp": "unknown"
  },
  {
    "title": "CAR-Treg Platform",
    "link": "https://www.sangamo.com/science/therapeutic-applications/autoimmunity-and-transplantation/",
    "timestamp": "unknown"
  },
  {
    "title": "Therapeutic ApplicationsNeurologyAutoimmunity and TransplantationOncology",
    "link": "https://www.sangamo.com/science/#therapeutic-applications",
    "timestamp": "unknown"
  },
  {
    "title": "Neurology",
    "link": "https://www.sangamo.com/science/therapeutic-applications/neurology/",
    "timestamp": "unknown"
  },
  {
    "title": "Autoimmunity and Transplantation",
    "link": "https://www.sangamo.com/science/therapeutic-applications/autoimmunity-and-transplantation/",
    "timestamp": "unknown"
  },
  {
    "title": "Oncology",
    "link": "https://www.sangamo.com/science/therapeutic-applications/oncology/",
    "timestamp": "unknown"
  },
  {
    "title": "Presentations",
    "link": "https://www.sangamo.com/science/presentations/",
    "timestamp": "unknown"
  },
  {
    "title": "Publications",
    "link": "https://www.sangamo.com/science/publications/",
    "timestamp": "unknown"
  },
  {
    "title": "ProgramsPipelineClinical ProgramsHemophilia AFabry DiseaseRenal transplantationSickle Cell DiseaseClinical TrialsCollaborations & PartnersPatientsOur ",
    "link": "https://www.sangamo.com/programs/",
    "timestamp": "unknown"
  },
  {
    "title": "ProgramsPipelineClinical ProgramsHemophilia AFabry DiseaseRenal transplantationSickle Cell DiseaseClinical TrialsCollaborations & Partners",
    "link": "https://www.sangamo.com/programs/",
    "timestamp": "unknown"
  },
  {
    "title": "Pipeline",
    "link": "https://www.sangamo.com/programs/#pipeline",
    "timestamp": "unknown"
  },
  {
    "title": "Clinical ProgramsHemophilia AFabry DiseaseRenal transplantationSickle Cell Disease",
    "link": "https://www.sangamo.com/programs/#programs",
    "timestamp": "unknown"
  },
  {
    "title": "Hemophilia A",
    "link": "https://www.sangamo.com/programs/clinical-trials/hemophilia-a/",
    "timestamp": "unknown"
  },
  {
    "title": "Fabry Disease",
    "link": "https://www.sangamo.com/programs/clinical-trials/fabry-disease/",
    "timestamp": "unknown"
  },
  {
    "title": "Renal transplantation",
    "link": "https://www.sangamo.com/programs/clinical-trials/renal-transplantation/",
    "timestamp": "unknown"
  },
  {
    "title": "Sickle Cell Disease",
    "link": "https://www.sangamo.com/programs/clinical-trials/sickle-cell-disease/",
    "timestamp": "unknown"
  },
  {
    "title": "Clinical Trials",
    "link": "https://www.sangamo.com/programs/clinical-trials/",
    "timestamp": "unknown"
  },
  {
    "title": "Collaborations & Partners",
    "link": "https://www.sangamo.com/programs/#collaborations",
    "timestamp": "unknown"
  },
  {
    "title": "PatientsOur CommitmentExpanded Access PolicyBioethicsPatient StoriesBryan \u2013 Fabry DiseaseLori \u2013 Fabry DiseaseMatt \u2013 Fabry DiseaseElizabeth \u2013 Fabry Dis",
    "link": "https://www.sangamo.com/patients/",
    "timestamp": "unknown"
  },
  {
    "title": "PatientsOur CommitmentExpanded Access PolicyBioethicsPatient StoriesBryan \u2013 Fabry DiseaseLori \u2013 Fabry DiseaseMatt \u2013 Fabry DiseaseElizabeth \u2013 Fabry Dis",
    "link": "https://www.sangamo.com/patients/",
    "timestamp": "unknown"
  },
  {
    "title": "Our CommitmentExpanded Access PolicyBioethics",
    "link": "https://www.sangamo.com/patients/#our-commitment",
    "timestamp": "unknown"
  },
  {
    "title": "Expanded Access Policy",
    "link": "https://www.sangamo.com/patients/expanded-access-policy/",
    "timestamp": "unknown"
  },
  {
    "title": "Bioethics",
    "link": "https://www.sangamo.com/patients/#bioethics",
    "timestamp": "unknown"
  },
  {
    "title": "Patient StoriesBryan \u2013 Fabry DiseaseLori \u2013 Fabry DiseaseMatt \u2013 Fabry DiseaseElizabeth \u2013 Fabry DiseaseIsrael \u2013 Hemophilia AMiles \u2013 Hemophilia ATrevor \u2013",
    "link": "https://www.sangamo.com/patients/stories/",
    "timestamp": "unknown"
  },
  {
    "title": "Bryan \u2013 Fabry Disease",
    "link": "https://www.sangamo.com/patients/stories/bryan/",
    "timestamp": "unknown"
  },
  {
    "title": "Lori \u2013 Fabry Disease",
    "link": "https://www.sangamo.com/patients/stories/lori/",
    "timestamp": "unknown"
  },
  {
    "title": "Matt \u2013 Fabry Disease",
    "link": "https://www.sangamo.com/patients/stories/matt/",
    "timestamp": "unknown"
  },
  {
    "title": "Elizabeth \u2013 Fabry Disease",
    "link": "https://www.sangamo.com/patients/stories/elizabeth/",
    "timestamp": "unknown"
  },
  {
    "title": "Israel \u2013 Hemophilia A",
    "link": "https://www.sangamo.com/patients/stories/israel/",
    "timestamp": "unknown"
  },
  {
    "title": "Miles \u2013 Hemophilia A",
    "link": "https://www.sangamo.com/patients/stories/miles/",
    "timestamp": "unknown"
  },
  {
    "title": "Trevor \u2013 Prion Disease",
    "link": "https://www.sangamo.com/patients/stories/trevor/",
    "timestamp": "unknown"
  },
  {
    "title": "Sharron \u2013 Renal Transplant",
    "link": "https://www.sangamo.com/patients/stories/sharron/",
    "timestamp": "unknown"
  },
  {
    "title": "Patient FocusResourcesEducationOrganizations",
    "link": "https://www.sangamo.com/patients",
    "timestamp": "unknown"
  },
  {
    "title": "Resources",
    "link": "https://www.sangamo.com/patients/resources/",
    "timestamp": "unknown"
  },
  {
    "title": "Education",
    "link": "https://www.sangamo.com/patients/resources/#education",
    "timestamp": "unknown"
  },
  {
    "title": "Organizations",
    "link": "https://www.sangamo.com/patients/resources/#organizations",
    "timestamp": "unknown"
  },
  {
    "title": "Investors & MediaOverviewNews ReleasesEventsPresentationsESGAboutOverviewMission & VisionExecutive LeadershipBoard of DirectorsManufacturingLatest New",
    "link": "https://investor.sangamo.com/",
    "timestamp": "unknown"
  },
  {
    "title": "Investors & MediaOverviewNews ReleasesEventsPresentationsESG",
    "link": "https://investor.sangamo.com/",
    "timestamp": "unknown"
  },
  {
    "title": "Overview",
    "link": "https://investor.sangamo.com/investor-relations",
    "timestamp": "unknown"
  },
  {
    "title": "News Releases",
    "link": "https://investor.sangamo.com/news-releases",
    "timestamp": "unknown"
  },
  {
    "title": "Events",
    "link": "https://investor.sangamo.com/events-and-presentations",
    "timestamp": "unknown"
  },
  {
    "title": "Presentations",
    "link": "https://investor.sangamo.com/presentations",
    "timestamp": "unknown"
  },
  {
    "title": "ESG",
    "link": "https://investor.sangamo.com/corporate-governance/governance-overview",
    "timestamp": "unknown"
  },
  {
    "title": "AboutOverviewMission & VisionExecutive LeadershipBoard of DirectorsManufacturingLatest NewsNews ReleasesEventsPresentationsContact",
    "link": "https://www.sangamo.com/about/",
    "timestamp": "unknown"
  },
  {
    "title": "AboutOverviewMission & VisionExecutive LeadershipBoard of DirectorsManufacturingLatest NewsNews ReleasesEventsPresentationsContact",
    "link": "https://www.sangamo.com/about/",
    "timestamp": "unknown"
  },
  {
    "title": "OverviewMission & VisionExecutive LeadershipBoard of DirectorsManufacturing",
    "link": "https://develop.sangamo.scs-staging.com/science#overview",
    "timestamp": "unknown"
  },
  {
    "title": "Mission & Vision",
    "link": "https://www.sangamo.com/about/#our-mission",
    "timestamp": "unknown"
  },
  {
    "title": "Executive Leadership",
    "link": "https://www.sangamo.com/about/leadership",
    "timestamp": "unknown"
  },
  {
    "title": "Board of Directors",
    "link": "https://www.sangamo.com/about/leadership/#board-of-directors",
    "timestamp": "unknown"
  },
  {
    "title": "Manufacturing",
    "link": "https://www.sangamo.com/about/#manufacturing",
    "timestamp": "unknown"
  },
  {
    "title": "Latest NewsNews ReleasesEventsPresentations",
    "link": "https://investor.sangamo.com/news-releases",
    "timestamp": "unknown"
  },
  {
    "title": "News Releases",
    "link": "https://investor.sangamo.com/news-releases",
    "timestamp": "unknown"
  },
  {
    "title": "Events",
    "link": "https://investor.sangamo.com/events-and-presentations",
    "timestamp": "unknown"
  },
  {
    "title": "Presentations",
    "link": "https://www.sangamo.com/science/presentations/",
    "timestamp": "unknown"
  },
  {
    "title": "Contact",
    "link": "https://www.sangamo.com/about/contact/",
    "timestamp": "unknown"
  },
  {
    "title": "Investors &#; MediaOverviewInvestorsNews ReleasesEventsPresentationsESG",
    "link": "https://investor.sangamo.com/",
    "timestamp": "unknown"
  },
  {
    "title": "OverviewInvestorsNews ReleasesEventsPresentationsESG",
    "link": "https://investor.sangamo.com/",
    "timestamp": "unknown"
  },
  {
    "title": "OverviewInvestorsNews ReleasesEventsPresentationsESG",
    "link": "https://investor.sangamo.com/",
    "timestamp": "unknown"
  },
  {
    "title": "OverviewInvestorsNews ReleasesEventsPresentationsESG",
    "link": "https://investor.sangamo.com/",
    "timestamp": "unknown"
  },
  {
    "title": "OverviewInvestorsNews ReleasesEventsPresentationsESG",
    "link": "https://investor.sangamo.com/",
    "timestamp": "unknown"
  },
  {
    "title": "Overview",
    "link": "https://investor.sangamo.com/",
    "timestamp": "unknown"
  },
  {
    "title": "Investors",
    "link": "https://investor.sangamo.com/investors",
    "timestamp": "unknown"
  },
  {
    "title": "News Releases",
    "link": "https://investor.sangamo.com/news-releases",
    "timestamp": "unknown"
  },
  {
    "title": "Events",
    "link": "https://investor.sangamo.com/events-and-presentations",
    "timestamp": "unknown"
  },
  {
    "title": "Presentations",
    "link": "https://investor.sangamo.com/presentations",
    "timestamp": "unknown"
  },
  {
    "title": "ESG",
    "link": "https://investor.sangamo.com/corporate-governance/governance-overview",
    "timestamp": "unknown"
  },
  {
    "title": "YearNoneSangamo Therapeutics Presents Detailed Data from Registrational STAAR Study in Fabry Disease at International Congress of Inborn Errors of Met",
    "link": "https://investor.sangamo.com/news-releases/news-release-details/sangamo-therapeutics-presents-detailed-data-registrational-staar",
    "timestamp": "unknown"
  },
  {
    "title": "YearNoneSangamo Therapeutics Presents Detailed Data from Registrational STAAR Study in Fabry Disease at International Congress of Inborn Errors of Met",
    "link": "https://investor.sangamo.com/news-releases/news-release-details/sangamo-therapeutics-presents-detailed-data-registrational-staar",
    "timestamp": "unknown"
  },
  {
    "title": "YearNoneSangamo Therapeutics Presents Detailed Data from Registrational STAAR Study in Fabry Disease at International Congress of Inborn Errors of Met",
    "link": "https://investor.sangamo.com/news-releases/news-release-details/sangamo-therapeutics-presents-detailed-data-registrational-staar",
    "timestamp": "unknown"
  },
  {
    "title": "YearNoneSangamo Therapeutics Presents Detailed Data from Registrational STAAR Study in Fabry Disease at International Congress of Inborn Errors of Met",
    "link": "https://investor.sangamo.com/news-releases/news-release-details/sangamo-therapeutics-presents-detailed-data-registrational-staar",
    "timestamp": "unknown"
  },
  {
    "title": "YearNoneSangamo Therapeutics Presents Detailed Data from Registrational STAAR Study in Fabry Disease at International Congress of Inborn Errors of Met",
    "link": "https://investor.sangamo.com/news-releases/news-release-details/sangamo-therapeutics-presents-detailed-data-registrational-staar",
    "timestamp": "unknown"
  },
  {
    "title": "YearNoneSangamo Therapeutics Presents Detailed Data from Registrational STAAR Study in Fabry Disease at International Congress of Inborn Errors of Met",
    "link": "https://investor.sangamo.com/news-releases/news-release-details/sangamo-therapeutics-presents-detailed-data-registrational-staar",
    "timestamp": "unknown"
  },
  {
    "title": "YearNoneSangamo Therapeutics Presents Detailed Data from Registrational STAAR Study in Fabry Disease at International Congress of Inborn Errors of Met",
    "link": "https://investor.sangamo.com/news-releases/news-release-details/sangamo-therapeutics-presents-detailed-data-registrational-staar",
    "timestamp": "unknown"
  },
  {
    "title": "YearNoneSangamo Therapeutics Presents Detailed Data from Registrational STAAR Study in Fabry Disease at International Congress of Inborn Errors of Met",
    "link": "https://investor.sangamo.com/news-releases/news-release-details/sangamo-therapeutics-presents-detailed-data-registrational-staar",
    "timestamp": "unknown"
  },
  {
    "title": "YearNoneSangamo Therapeutics Presents Detailed Data from Registrational STAAR Study in Fabry Disease at International Congress of Inborn Errors of Met",
    "link": "https://investor.sangamo.com/news-releases/news-release-details/sangamo-therapeutics-presents-detailed-data-registrational-staar",
    "timestamp": "unknown"
  },
  {
    "title": "YearNoneSangamo Therapeutics Presents Detailed Data from Registrational STAAR Study in Fabry Disease at International Congress of Inborn Errors of Met",
    "link": "https://investor.sangamo.com/news-releases/news-release-details/sangamo-therapeutics-presents-detailed-data-registrational-staar",
    "timestamp": "unknown"
  },
  {
    "title": "YearNoneSangamo Therapeutics Presents Detailed Data from Registrational STAAR Study in Fabry Disease at International Congress of Inborn Errors of Met",
    "link": "https://investor.sangamo.com/news-releases/news-release-details/sangamo-therapeutics-presents-detailed-data-registrational-staar",
    "timestamp": "unknown"
  },
  {
    "title": "YearNoneSangamo Therapeutics Presents Detailed Data from Registrational STAAR Study in Fabry Disease at International Congress of Inborn Errors of Met",
    "link": "https://investor.sangamo.com/news-releases/news-release-details/sangamo-therapeutics-presents-detailed-data-registrational-staar",
    "timestamp": "unknown"
  },
  {
    "title": "YearNoneSangamo Therapeutics Presents Detailed Data from Registrational STAAR Study in Fabry Disease at International Congress of Inborn Errors of Met",
    "link": "https://investor.sangamo.com/news-releases/news-release-details/sangamo-therapeutics-presents-detailed-data-registrational-staar",
    "timestamp": "unknown"
  },
  {
    "title": "YearNoneSangamo Therapeutics Presents Detailed Data from Registrational STAAR Study in Fabry Disease at International Congress of Inborn Errors of Met",
    "link": "https://investor.sangamo.com/news-releases/news-release-details/sangamo-therapeutics-presents-detailed-data-registrational-staar",
    "timestamp": "unknown"
  },
  {
    "title": "YearNoneSangamo Therapeutics Presents Detailed Data from Registrational STAAR Study in Fabry Disease at International Congress of Inborn Errors of Met",
    "link": "https://investor.sangamo.com/news-releases/news-release-details/sangamo-therapeutics-presents-detailed-data-registrational-staar",
    "timestamp": "unknown"
  },
  {
    "title": "YearNoneSangamo Therapeutics Presents Detailed Data from Registrational STAAR Study in Fabry Disease at International Congress of Inborn Errors of Met",
    "link": "https://investor.sangamo.com/news-releases/news-release-details/sangamo-therapeutics-presents-detailed-data-registrational-staar",
    "timestamp": "unknown"
  },
  {
    "title": "Sangamo Therapeutics Presents Detailed Data from Registrational STAAR Study in Fabry Disease at International Congress of Inborn Errors of MetabolismS",
    "link": "https://investor.sangamo.com/news-releases/news-release-details/sangamo-therapeutics-presents-detailed-data-registrational-staar",
    "timestamp": "unknown"
  },
  {
    "title": "Sangamo Therapeutics Presents Detailed Data from Registrational STAAR Study in Fabry Disease at International Congress of Inborn Errors of Metabolism",
    "link": "https://investor.sangamo.com/news-releases/news-release-details/sangamo-therapeutics-presents-detailed-data-registrational-staar",
    "timestamp": "unknown"
  },
  {
    "title": "Sangamo Therapeutics Reports Recent Business Highlights and Second Quarter  Financial ResultsAug ,Announced positive topline results from registration",
    "link": "https://investor.sangamo.com/news-releases/news-release-details/sangamo-therapeutics-reports-recent-business-highlights-and-",
    "timestamp": "unknown"
  },
  {
    "title": "Sangamo Therapeutics Reports Recent Business Highlights and Second Quarter  Financial Results",
    "link": "https://investor.sangamo.com/news-releases/news-release-details/sangamo-therapeutics-reports-recent-business-highlights-and-",
    "timestamp": "unknown"
  },
  {
    "title": "Sangamo Therapeutics Announces Second Quarter  Earnings CallJul ,RICHMOND, Calif. , July ,  (GLOBE NEWSWIRE) -- Sangamo Therapeutics, Inc. (Nasdaq: SG",
    "link": "https://investor.sangamo.com/news-releases/news-release-details/sangamo-therapeutics-announces-second-quarter--earnings-call",
    "timestamp": "unknown"
  },
  {
    "title": "Sangamo Therapeutics Announces Second Quarter  Earnings Call",
    "link": "https://investor.sangamo.com/news-releases/news-release-details/sangamo-therapeutics-announces-second-quarter--earnings-call",
    "timestamp": "unknown"
  },
  {
    "title": "Sangamo Therapeutics Announces Positive Topline Results From Registrational STAAR Study in Fabry DiseaseJun ,STAAR study demonstrated positive mean an",
    "link": "https://investor.sangamo.com/news-releases/news-release-details/sangamo-therapeutics-announces-positive-topline-results",
    "timestamp": "unknown"
  },
  {
    "title": "Sangamo Therapeutics Announces Positive Topline Results From Registrational STAAR Study in Fabry Disease",
    "link": "https://investor.sangamo.com/news-releases/news-release-details/sangamo-therapeutics-announces-positive-topline-results",
    "timestamp": "unknown"
  },
  {
    "title": "Sangamo Therapeutics Reports Recent Business Highlights and First Quarter  Financial ResultsMay ,Announced capsid license agreement with Lilly to deli",
    "link": "https://investor.sangamo.com/news-releases/news-release-details/sangamo-therapeutics-reports-recent-business-highlights-and-",
    "timestamp": "unknown"
  },
  {
    "title": "Sangamo Therapeutics Reports Recent Business Highlights and First Quarter  Financial Results",
    "link": "https://investor.sangamo.com/news-releases/news-release-details/sangamo-therapeutics-reports-recent-business-highlights-and-",
    "timestamp": "unknown"
  },
  {
    "title": "Sangamo Therapeutics Announces Pricing of $. Million Underwritten OfferingMay ,RICHMOND, Calif. --(BUSINESS WIRE)--May , -- Sangamo Therapeutics, Inc.",
    "link": "https://investor.sangamo.com/news-releases/news-release-details/sangamo-therapeutics-announces-pricing--million-underwritten",
    "timestamp": "unknown"
  },
  {
    "title": "Sangamo Therapeutics Announces Pricing of $. Million Underwritten Offering",
    "link": "https://investor.sangamo.com/news-releases/news-release-details/sangamo-therapeutics-announces-pricing--million-underwritten",
    "timestamp": "unknown"
  },
  {
    "title": "Sangamo Therapeutics Postpones First Quarter  Conference Call to Later the Same DayMay ,RICHMOND, Calif. --(BUSINESS WIRE)--May , -- Sangamo Therapeut",
    "link": "https://investor.sangamo.com/news-releases/news-release-details/sangamo-therapeutics-postpones-first-quarter--conference",
    "timestamp": "unknown"
  },
  {
    "title": "Sangamo Therapeutics Postpones First Quarter  Conference Call to Later the Same Day",
    "link": "https://investor.sangamo.com/news-releases/news-release-details/sangamo-therapeutics-postpones-first-quarter--conference",
    "timestamp": "unknown"
  },
  {
    "title": "Sangamo Therapeutics Announces Important Derisking Milestones in Pathway to Anticipated BLA Submission for ST- in Fabry DiseaseMay ,All dosed patients",
    "link": "https://investor.sangamo.com/news-releases/news-release-details/sangamo-therapeutics-announces-important-derisking-milestones",
    "timestamp": "unknown"
  },
  {
    "title": "Sangamo Therapeutics Announces Important Derisking Milestones in Pathway to Anticipated BLA Submission for ST- in Fabry Disease",
    "link": "https://investor.sangamo.com/news-releases/news-release-details/sangamo-therapeutics-announces-important-derisking-milestones",
    "timestamp": "unknown"
  },
  {
    "title": "Sangamo Therapeutics to Present Neurology Pipeline Advances at the 28th Annual Meeting of the American Society of Gene & Cell Therapy (ASGCT)Apr ,One ",
    "link": "https://investor.sangamo.com/news-releases/news-release-details/sangamo-therapeutics-present-neurology-pipeline-advances-28th",
    "timestamp": "unknown"
  },
  {
    "title": "Sangamo Therapeutics to Present Neurology Pipeline Advances at the 28th Annual Meeting of the American Society of Gene & Cell Therapy (ASGCT)",
    "link": "https://investor.sangamo.com/news-releases/news-release-details/sangamo-therapeutics-present-neurology-pipeline-advances-28th",
    "timestamp": "unknown"
  },
  {
    "title": "Sangamo Therapeutics Announces Capsid License Agreement With Lilly to Deliver Genomic Medicines for Diseases of the Central Nervous SystemApr ,Agreeme",
    "link": "https://investor.sangamo.com/news-releases/news-release-details/sangamo-therapeutics-announces-capsid-license-agreement-lilly",
    "timestamp": "unknown"
  },
  {
    "title": "Sangamo Therapeutics Announces Capsid License Agreement With Lilly to Deliver Genomic Medicines for Diseases of the Central Nervous System",
    "link": "https://investor.sangamo.com/news-releases/news-release-details/sangamo-therapeutics-announces-capsid-license-agreement-lilly",
    "timestamp": "unknown"
  },
  {
    "title": "PaginationCurrent pagePageNext pageNext \u203a",
    "link": "https://investor.sangamo.com/news-releases?page=",
    "timestamp": "unknown"
  },
  {
    "title": "Current page",
    "link": "https://investor.sangamo.com/news-releases?page=",
    "timestamp": "unknown"
  },
  {
    "title": "Page",
    "link": "https://investor.sangamo.com/news-releases?page=",
    "timestamp": "unknown"
  },
  {
    "title": "Next pageNext \u203a",
    "link": "https://investor.sangamo.com/news-releases?page=",
    "timestamp": "unknown"
  },
  {
    "title": "HomeSign up for email alertsCompanyScienceProgramsCollaborationsPatientsAboutJobsContactLatestNews ReleasesEventsScience PresentationsScientific Publi",
    "link": "https://www.sangamo.com/",
    "timestamp": "unknown"
  },
  {
    "title": "Home",
    "link": "https://www.sangamo.com/",
    "timestamp": "unknown"
  },
  {
    "title": "Sign up for email alerts",
    "link": "https://investor.sangamo.com/email-alerts",
    "timestamp": "unknown"
  },
  {
    "title": "Sign up for email alerts",
    "link": "https://investor.sangamo.com/email-alerts",
    "timestamp": "unknown"
  },
  {
    "title": "CompanyScienceProgramsCollaborationsPatientsAboutJobsContactLatestNews ReleasesEventsScience PresentationsScientific PublicationsCorporate Presentatio",
    "link": "https://www.sangamo.com/science/",
    "timestamp": "unknown"
  },
  {
    "title": "CompanyScienceProgramsCollaborationsPatientsAboutJobsContactLatestNews ReleasesEventsScience PresentationsScientific PublicationsCorporate Presentatio",
    "link": "https://www.sangamo.com/science/",
    "timestamp": "unknown"
  },
  {
    "title": "CompanyScienceProgramsCollaborationsPatientsAboutJobsContactLatestNews ReleasesEventsScience PresentationsScientific PublicationsCorporate Presentatio",
    "link": "https://www.sangamo.com/science/",
    "timestamp": "unknown"
  },
  {
    "title": "CompanyScienceProgramsCollaborationsPatientsAboutJobsContact",
    "link": "https://www.sangamo.com/science/",
    "timestamp": "unknown"
  },
  {
    "title": "Science",
    "link": "https://www.sangamo.com/science/",
    "timestamp": "unknown"
  },
  {
    "title": "Programs",
    "link": "https://www.sangamo.com/programs/",
    "timestamp": "unknown"
  },
  {
    "title": "Collaborations",
    "link": "https://www.sangamo.com/programs#collaborations",
    "timestamp": "unknown"
  },
  {
    "title": "Patients",
    "link": "https://www.sangamo.com/patients/",
    "timestamp": "unknown"
  },
  {
    "title": "About",
    "link": "https://www.sangamo.com/about/",
    "timestamp": "unknown"
  },
  {
    "title": "Jobs",
    "link": "https://www.sangamo.com/careers/",
    "timestamp": "unknown"
  },
  {
    "title": "Contact",
    "link": "https://www.sangamo.com/about/contact/",
    "timestamp": "unknown"
  },
  {
    "title": "LatestNews ReleasesEventsScience PresentationsScientific PublicationsCorporate Presentations",
    "link": "https://investor.sangamo.com/news-releases",
    "timestamp": "unknown"
  },
  {
    "title": "News Releases",
    "link": "https://investor.sangamo.com/news-releases",
    "timestamp": "unknown"
  },
  {
    "title": "Events",
    "link": "https://investor.sangamo.com/events-and-presentations",
    "timestamp": "unknown"
  },
  {
    "title": "Science Presentations",
    "link": "https://www.sangamo.com/science/presentations/",
    "timestamp": "unknown"
  },
  {
    "title": "Scientific Publications",
    "link": "https://www.sangamo.com/science/publications/",
    "timestamp": "unknown"
  },
  {
    "title": "Corporate Presentations",
    "link": "https://investor.sangamo.com/events-and-presentations",
    "timestamp": "unknown"
  },
  {
    "title": "ResourcesPipelineClinical TrialsInvestor InformationMedia LibraryLegal DisclaimerPrivacy PolicySocialLinkedinTwitter",
    "link": "https://www.sangamo.com/programs/#pipeline",
    "timestamp": "unknown"
  },
  {
    "title": "ResourcesPipelineClinical TrialsInvestor InformationMedia LibraryLegal DisclaimerPrivacy PolicySocialLinkedinTwitter",
    "link": "https://www.sangamo.com/programs/#pipeline",
    "timestamp": "unknown"
  },
  {
    "title": "ResourcesPipelineClinical TrialsInvestor InformationMedia LibraryLegal DisclaimerPrivacy Policy",
    "link": "https://www.sangamo.com/programs/#pipeline",
    "timestamp": "unknown"
  },
  {
    "title": "Pipeline",
    "link": "https://www.sangamo.com/programs/#pipeline",
    "timestamp": "unknown"
  },
  {
    "title": "Clinical Trials",
    "link": "https://www.sangamo.com/programs/clinical-trials/",
    "timestamp": "unknown"
  },
  {
    "title": "Investor Information",
    "link": "https://investor.sangamo.com/",
    "timestamp": "unknown"
  },
  {
    "title": "Media Library",
    "link": "https://investor.sangamo.com/media-library",
    "timestamp": "unknown"
  },
  {
    "title": "Legal Disclaimer",
    "link": "https://www.sangamo.com/legal-disclaimer/",
    "timestamp": "unknown"
  },
  {
    "title": "Privacy Policy",
    "link": "https://www.sangamo.com/privacy-policy/",
    "timestamp": "unknown"
  },
  {
    "title": "SocialLinkedinTwitter",
    "link": "https://www.linkedin.com/company/sangamo-therapeutics/",
    "timestamp": "unknown"
  },
  {
    "title": "Linkedin",
    "link": "https://www.linkedin.com/company/sangamo-therapeutics/",
    "timestamp": "unknown"
  },
  {
    "title": "Twitter",
    "link": "https://twitter.com/sangamotx",
    "timestamp": "unknown"
  }
]