[
  {
    "title": "AboutPlatformClinical StudiesPipelineNewsPresentations & PublicationsMoreUse tab to navigate through the menu items.",
    "link": "https://www.skyhawktx.com",
    "timestamp": "unknown"
  },
  {
    "title": "AboutPlatformClinical StudiesPipelineNewsPresentations & PublicationsMoreUse tab to navigate through the menu items.",
    "link": "https://www.skyhawktx.com",
    "timestamp": "unknown"
  },
  {
    "title": "AboutPlatformClinical StudiesPipelineNewsPresentations & PublicationsMoreUse tab to navigate through the menu items.",
    "link": "https://www.skyhawktx.com",
    "timestamp": "unknown"
  },
  {
    "title": "AboutPlatformClinical StudiesPipelineNewsPresentations & PublicationsMoreUse tab to navigate through the menu items.",
    "link": "https://www.skyhawktx.com",
    "timestamp": "unknown"
  },
  {
    "title": "About",
    "link": "https://www.skyhawktx.com/about",
    "timestamp": "unknown"
  },
  {
    "title": "Platform",
    "link": "https://www.skyhawktx.com/platform",
    "timestamp": "unknown"
  },
  {
    "title": "Clinical Studies",
    "link": "https://www.falcon-hd.com/",
    "timestamp": "unknown"
  },
  {
    "title": "Pipeline",
    "link": "https://www.skyhawktx.com/pipeline",
    "timestamp": "unknown"
  },
  {
    "title": "NewsPresentations & Publications",
    "link": "https://www.skyhawktx.com/news",
    "timestamp": "unknown"
  },
  {
    "title": "Presentations & Publications",
    "link": "https://www.skyhawktx.com/resources",
    "timestamp": "unknown"
  }
]