[
  {
    "title": "uniQurePioneers & LeadersOur StoryOur LeadershipOur PartnersPatients & FamiliesHuntington\u2019s DiseaseALS (SOD1)Patient Community StoriesCommunity Resour",
    "link": "https://www.uniqure.com/",
    "timestamp": "unknown"
  },
  {
    "title": "Pioneers & LeadersOur StoryOur LeadershipOur PartnersPatients & FamiliesHuntington\u2019s DiseaseALS (SOD1)Patient Community StoriesCommunity ResourcesExpa",
    "link": "https://uniqure.com/pioneers-leaders",
    "timestamp": "unknown"
  },
  {
    "title": "Pioneers & LeadersOur StoryOur LeadershipOur Partners",
    "link": "https://uniqure.com/pioneers-leaders",
    "timestamp": "unknown"
  },
  {
    "title": "Our Story",
    "link": "https://uniqure.com/pioneers-leaders/our-story",
    "timestamp": "unknown"
  },
  {
    "title": "Our Leadership",
    "link": "https://uniqure.com/pioneers-leaders/leadership",
    "timestamp": "unknown"
  },
  {
    "title": "Our Partners",
    "link": "https://uniqure.com/pioneers-leaders/partnerships",
    "timestamp": "unknown"
  },
  {
    "title": "Patients & FamiliesHuntington\u2019s DiseaseALS (SOD1)Patient Community StoriesCommunity ResourcesExpanded Access Policy",
    "link": "https://uniqure.com/patients-families",
    "timestamp": "unknown"
  },
  {
    "title": "Huntington\u2019s Disease",
    "link": "https://uniqure.com/patients-families/huntingtons-disease",
    "timestamp": "unknown"
  },
  {
    "title": "ALS (SOD1)",
    "link": "https://uniqure.com/patients-families/als",
    "timestamp": "unknown"
  },
  {
    "title": "Patient Community Stories",
    "link": "https://uniqure.com/patients-families/patient-community-stories",
    "timestamp": "unknown"
  },
  {
    "title": "Community Resources",
    "link": "https://uniqure.com/patients-families/community-resources",
    "timestamp": "unknown"
  },
  {
    "title": "Expanded Access Policy",
    "link": "https://uniqure.com/patients-families/expanded-access-policy",
    "timestamp": "unknown"
  },
  {
    "title": "Science & InnovationOur PlatformEnabling TechnologiesPublications",
    "link": "https://uniqure.com/science-innovation",
    "timestamp": "unknown"
  },
  {
    "title": "Our Platform",
    "link": "https://uniqure.com/science-innovation/aav-platform",
    "timestamp": "unknown"
  },
  {
    "title": "Enabling Technologies",
    "link": "https://uniqure.com/science-innovation/enabling-technologies",
    "timestamp": "unknown"
  },
  {
    "title": "Publications",
    "link": "https://uniqure.com/science-innovation/publications",
    "timestamp": "unknown"
  },
  {
    "title": "Programs & PipelineHuntington\u2019s DiseaseTemporal Lobe Epilepsy (TLE)Fabry DiseaseALS (SOD1)Hemophilia BClinical TrialsResearch ProgramsPipeline",
    "link": "https://uniqure.com/programs-pipeline",
    "timestamp": "unknown"
  },
  {
    "title": "Huntington\u2019s Disease",
    "link": "https://uniqure.com/programs-pipeline/huntingtons-disease",
    "timestamp": "unknown"
  },
  {
    "title": "Temporal Lobe Epilepsy (TLE)",
    "link": "https://uniqure.com/programs-pipeline/temporal-lobe-epilepsy-tle",
    "timestamp": "unknown"
  },
  {
    "title": "Fabry Disease",
    "link": "https://uniqure.com/programs-pipeline/fabry-disease",
    "timestamp": "unknown"
  },
  {
    "title": "ALS (SOD1)",
    "link": "https://uniqure.com/programs-pipeline/als-sod1",
    "timestamp": "unknown"
  },
  {
    "title": "Hemophilia B",
    "link": "https://uniqure.com/programs-pipeline/hemophilia",
    "timestamp": "unknown"
  },
  {
    "title": "Clinical Trials",
    "link": "https://uniqure.com/programs-pipeline/clinical-trials",
    "timestamp": "unknown"
  },
  {
    "title": "Research Programs",
    "link": "https://uniqure.com/programs-pipeline/research-programs",
    "timestamp": "unknown"
  },
  {
    "title": "Pipeline",
    "link": "https://uniqure.com/programs-pipeline/pipeline",
    "timestamp": "unknown"
  },
  {
    "title": "Investors & MediaShareholder & Stock InfoCorporate GovernancePress ReleasesEvents & PresentationsAnalyst CoverageSEC FilingsInvestor FAQ",
    "link": "https://uniqure.com/investors-media",
    "timestamp": "unknown"
  },
  {
    "title": "Shareholder & Stock Info",
    "link": "https://uniqure.com/investors-media/shareholder-stock-info",
    "timestamp": "unknown"
  },
  {
    "title": "Corporate Governance",
    "link": "https://uniqure.com/investors-media/corporate-governance",
    "timestamp": "unknown"
  },
  {
    "title": "Press Releases",
    "link": "https://uniqure.com/investors-media/press-releases",
    "timestamp": "unknown"
  },
  {
    "title": "Events & Presentations",
    "link": "https://uniqure.com/investors-media/events-presentations",
    "timestamp": "unknown"
  },
  {
    "title": "Analyst Coverage",
    "link": "https://uniqure.com/investors-media/analyst-coverage",
    "timestamp": "unknown"
  },
  {
    "title": "SEC Filings",
    "link": "https://uniqure.com/investors-media/sec-filings",
    "timestamp": "unknown"
  },
  {
    "title": "Investor FAQ",
    "link": "https://uniqure.com/investors-media/investor-faq",
    "timestamp": "unknown"
  },
  {
    "title": "Culture & CareersWorking at uniQureSocial ResponsibilityOur PeopleJob Opportunities",
    "link": "https://uniqure.com/culture-careers",
    "timestamp": "unknown"
  },
  {
    "title": "Working at uniQure",
    "link": "https://uniqure.com/culture-careers/working-at-uniqure",
    "timestamp": "unknown"
  },
  {
    "title": "Social Responsibility",
    "link": "https://uniqure.com/culture-careers/social-responsibility",
    "timestamp": "unknown"
  },
  {
    "title": "Our People",
    "link": "https://uniqure.com/culture-careers/employee-stories",
    "timestamp": "unknown"
  },
  {
    "title": "Job Opportunities",
    "link": "https://uniqure.com/culture-careers/job-opportunities",
    "timestamp": "unknown"
  },
  {
    "title": "Contact Us",
    "link": "https://uniqure.com/contact",
    "timestamp": "unknown"
  },
  {
    "title": "Upcoming WebcastsNo webcasts scheduled. Check back soon.Webcast ArchiveNovember ,uniQure Third Quarter  Earnings Calla.m. ET -  a.m. ETView WebcastSep",
    "link": "https://edge.media-server.com/mmc/p/eq5f54fe",
    "timestamp": "unknown"
  },
  {
    "title": "Upcoming WebcastsNo webcasts scheduled. Check back soon.Webcast ArchiveNovember ,uniQure Third Quarter  Earnings Calla.m. ET -  a.m. ETView WebcastSep",
    "link": "https://edge.media-server.com/mmc/p/eq5f54fe",
    "timestamp": "unknown"
  },
  {
    "title": "Upcoming WebcastsNo webcasts scheduled. Check back soon.Webcast ArchiveNovember ,uniQure Third Quarter  Earnings Calla.m. ET -  a.m. ETView WebcastSep",
    "link": "https://edge.media-server.com/mmc/p/eq5f54fe",
    "timestamp": "unknown"
  },
  {
    "title": "Upcoming WebcastsNo webcasts scheduled. Check back soon.Webcast ArchiveNovember ,uniQure Third Quarter  Earnings Calla.m. ET -  a.m. ETView WebcastSep",
    "link": "https://edge.media-server.com/mmc/p/eq5f54fe",
    "timestamp": "unknown"
  },
  {
    "title": "Webcast ArchiveNovember ,uniQure Third Quarter  Earnings Calla.m. ET -  a.m. ETView WebcastSeptember ,Pivotal Phase I/II AMT- Huntington&#;s Disease U",
    "link": "https://edge.media-server.com/mmc/p/eq5f54fe",
    "timestamp": "unknown"
  },
  {
    "title": "November ,uniQure Third Quarter  Earnings Calla.m. ET -  a.m. ETView Webcast",
    "link": "https://edge.media-server.com/mmc/p/eq5f54fe",
    "timestamp": "unknown"
  },
  {
    "title": "September ,Pivotal Phase I/II AMT- Huntington&#;s Disease Updatea.m. ET -  a.m. ETView Webcast",
    "link": "https://edge.media-server.com/mmc/p/m69hzz5i/",
    "timestamp": "unknown"
  },
  {
    "title": "July ,uniQure Second Quarter  Earnings Calla.m. ET -  a.m. ETView Webcast",
    "link": "https://edge.media-server.com/mmc/p/4qokfdav",
    "timestamp": "unknown"
  },
  {
    "title": "June ,Regulatory Update on AMT- for Huntington&#;s Diseasea.m. ET -  a.m. ETView Webcast",
    "link": "https://edge.media-server.com/mmc/p/wtotdcbz/",
    "timestamp": "unknown"
  },
  {
    "title": "Investor PresentationsPivotal Phase I/II AMT- Huntington&#;s Disease - September\u2013 Webcast PresentationView PresentationInternational Congress of Inbor",
    "link": "https://cdn.craft.cloud/fe68e1a2-b284-4f69-ba29-921f065edf17/assets/uploads/AMT--Pivotal-Sept-2025_final_09...pdf",
    "timestamp": "unknown"
  },
  {
    "title": "Pivotal Phase I/II AMT- Huntington&#;s Disease - September\u2013 Webcast PresentationView Presentation",
    "link": "https://cdn.craft.cloud/fe68e1a2-b284-4f69-ba29-921f065edf17/assets/uploads/AMT--Pivotal-Sept-2025_final_09...pdf",
    "timestamp": "unknown"
  },
  {
    "title": "International Congress of Inborn Errors of Metabolism (ICIEM)\u2013 AMT- - Initial safety and biomarker data of Phase I/IIa trial in Fabry diseaseView Pres",
    "link": "https://cdn.craft.cloud/fe68e1a2-b284-4f69-ba29-921f065edf17/assets/uploads/ICIEM_Final_Sept--AMT--Initial-Fabry-Data.pdf",
    "timestamp": "unknown"
  },
  {
    "title": "Epilepsy Therapeutics & Diagnostics Development Symposium (ETDD)\u2013 GenTLE clinical study of AMT-View Presentation",
    "link": "https://cdn.craft.cloud/fe68e1a2-b284-4f69-ba29-921f065edf17/assets/uploads/AMT--GenTLE-ETDD-2025_FINAL.pdf",
    "timestamp": "unknown"
  },
  {
    "title": "Gene Therapy InformationView Presentation",
    "link": "https://cdn.craft.cloud/fe68e1a2-b284-4f69-ba29-921f065edf17/assets/uploads/Gene-Therapy-Information.pdf",
    "timestamp": "unknown"
  },
  {
    "title": "More on Investors & MediaPress ReleasesAnalyst CoverageShareholder Info",
    "link": "https://www.uniqure.com/investors-media/press-releases",
    "timestamp": "unknown"
  },
  {
    "title": "More on Investors & MediaPress ReleasesAnalyst CoverageShareholder Info",
    "link": "https://www.uniqure.com/investors-media/press-releases",
    "timestamp": "unknown"
  },
  {
    "title": "Press Releases",
    "link": "https://www.uniqure.com/investors-media/press-releases",
    "timestamp": "unknown"
  },
  {
    "title": "Analyst Coverage",
    "link": "https://www.uniqure.com/investors-media/analyst-coverage",
    "timestamp": "unknown"
  },
  {
    "title": "Shareholder Info",
    "link": "https://www.uniqure.com/investors-media/shareholder-stock-info",
    "timestamp": "unknown"
  },
  {
    "title": "uniQureuniQure N.V.Paasheuvelweg 25a,  BPAmsterdamChamber of CommercePioneers & LeadersPatients & FamiliesScience & InnovationPrograms & PipelineInves",
    "link": "https://www.uniqure.com/",
    "timestamp": "unknown"
  },
  {
    "title": "uniQureuniQure N.V.Paasheuvelweg 25a,  BPAmsterdamChamber of CommercePioneers & LeadersPatients & FamiliesScience & InnovationPrograms & PipelineInves",
    "link": "https://www.uniqure.com/",
    "timestamp": "unknown"
  },
  {
    "title": "uniQure",
    "link": "https://www.uniqure.com/",
    "timestamp": "unknown"
  },
  {
    "title": "uniQure N.V.Paasheuvelweg 25a,  BPAmsterdamChamber of CommercePioneers & LeadersPatients & FamiliesScience & InnovationPrograms & PipelineInvestors & ",
    "link": "https://uniqure.com/pioneers-leaders",
    "timestamp": "unknown"
  },
  {
    "title": "Pioneers & LeadersPatients & FamiliesScience & InnovationPrograms & PipelineInvestors & MediaCulture & CareersContact",
    "link": "https://uniqure.com/pioneers-leaders",
    "timestamp": "unknown"
  },
  {
    "title": "Pioneers & Leaders",
    "link": "https://uniqure.com/pioneers-leaders",
    "timestamp": "unknown"
  },
  {
    "title": "Patients & Families",
    "link": "https://uniqure.com/patients-families",
    "timestamp": "unknown"
  },
  {
    "title": "Science & Innovation",
    "link": "https://uniqure.com/science-innovation",
    "timestamp": "unknown"
  },
  {
    "title": "Programs & Pipeline",
    "link": "https://uniqure.com/programs-pipeline",
    "timestamp": "unknown"
  },
  {
    "title": "Investors & Media",
    "link": "https://uniqure.com/investors-media",
    "timestamp": "unknown"
  },
  {
    "title": "Culture & Careers",
    "link": "https://uniqure.com/culture-careers",
    "timestamp": "unknown"
  },
  {
    "title": "Contact",
    "link": "https://uniqure.com/contact",
    "timestamp": "unknown"
  },
  {
    "title": "Follow us on social",
    "link": "https://twitter.com/uniQure_NV",
    "timestamp": "unknown"
  },
  {
    "title": "\u00a9 uniQure NV. All rights reserved.SitemapDisclaimerPrivacy Statement",
    "link": "https://uniqure.com/sitemap",
    "timestamp": "unknown"
  },
  {
    "title": "\u00a9 uniQure NV. All rights reserved.SitemapDisclaimerPrivacy Statement",
    "link": "https://uniqure.com/sitemap",
    "timestamp": "unknown"
  },
  {
    "title": "Sitemap",
    "link": "https://uniqure.com/sitemap",
    "timestamp": "unknown"
  },
  {
    "title": "Disclaimer",
    "link": "https://uniqure.com/disclaimer",
    "timestamp": "unknown"
  },
  {
    "title": "Privacy Statement",
    "link": "https://uniqure.com/privacy-statement",
    "timestamp": "unknown"
  }
]