[
  {
    "title": "Patients & FamiliesInvestorsCareersFollow UsXLinkedInGlassdoorCompanyLeadership TeamDEICorporate ResponsibilityContact UsSciencePRISM\u2122 PlatformPublica",
    "link": "https://wavelifesciences.com/",
    "timestamp": "unknown"
  },
  {
    "title": "Patients & FamiliesInvestorsCareersFollow UsXLinkedInGlassdoorCompanyLeadership TeamDEICorporate ResponsibilityContact UsSciencePRISM\u2122 PlatformPublica",
    "link": "https://wavelifesciences.com/",
    "timestamp": "unknown"
  },
  {
    "title": "Patients & FamiliesInvestorsCareersFollow UsXLinkedInGlassdoorCompanyLeadership TeamDEICorporate ResponsibilityContact UsSciencePRISM\u2122 PlatformPublica",
    "link": "https://wavelifesciences.com/",
    "timestamp": "unknown"
  },
  {
    "title": "Patients & FamiliesInvestorsCareersFollow UsXLinkedInGlassdoorCompanyLeadership TeamDEICorporate ResponsibilityContact UsSciencePRISM\u2122 PlatformPublica",
    "link": "https://wavelifesciences.com/patients-and-families/",
    "timestamp": "unknown"
  },
  {
    "title": "Patients & FamiliesInvestorsCareersFollow UsXLinkedInGlassdoor",
    "link": "https://wavelifesciences.com/patients-and-families/",
    "timestamp": "unknown"
  },
  {
    "title": "Patients & Families",
    "link": "https://wavelifesciences.com/patients-and-families/",
    "timestamp": "unknown"
  },
  {
    "title": "Investors",
    "link": "https://ir.wavelifesciences.com/",
    "timestamp": "unknown"
  },
  {
    "title": "Careers",
    "link": "https://wavelifesciences.com/careers/",
    "timestamp": "unknown"
  },
  {
    "title": "Follow UsXLinkedInGlassdoor",
    "link": "https://ir.wavelifesciences.com/financial-information/sec-filings",
    "timestamp": "unknown"
  },
  {
    "title": "X",
    "link": "https://twitter.com/WAVELifeSci",
    "timestamp": "unknown"
  },
  {
    "title": "LinkedIn",
    "link": "https://www.linkedin.com/company/wave-life-sciences",
    "timestamp": "unknown"
  },
  {
    "title": "Glassdoor",
    "link": "https://www.glassdoor.com/Overview/Working-at-WAVE-Life-Sciences-EI_IE1575145.,.htm",
    "timestamp": "unknown"
  },
  {
    "title": "CompanyLeadership TeamDEICorporate ResponsibilityContact UsSciencePRISM\u2122 PlatformPublicationsCollaborationsManufacturingPipelineR&D PipelineLead Progr",
    "link": "https://wavelifesciences.com/company/leadership/",
    "timestamp": "unknown"
  },
  {
    "title": "CompanyLeadership TeamDEICorporate ResponsibilityContact Us",
    "link": "https://wavelifesciences.com/company/leadership/",
    "timestamp": "unknown"
  },
  {
    "title": "Leadership Team",
    "link": "https://wavelifesciences.com/company/leadership/",
    "timestamp": "unknown"
  },
  {
    "title": "DEI",
    "link": "https://wavelifesciences.com/company/sustainability/#tab1",
    "timestamp": "unknown"
  },
  {
    "title": "Corporate Responsibility",
    "link": "https://wavelifesciences.com/company/sustainability/",
    "timestamp": "unknown"
  },
  {
    "title": "Contact Us",
    "link": "https://wavelifesciences.com/company/contact/",
    "timestamp": "unknown"
  },
  {
    "title": "SciencePRISM\u2122 PlatformPublicationsCollaborationsManufacturing",
    "link": "https://wavelifesciences.com/science/prism-platform/",
    "timestamp": "unknown"
  },
  {
    "title": "PRISM\u2122 Platform",
    "link": "https://wavelifesciences.com/science/prism-platform/",
    "timestamp": "unknown"
  },
  {
    "title": "Publications",
    "link": "https://wavelifesciences.com/science/publications/",
    "timestamp": "unknown"
  },
  {
    "title": "Collaborations",
    "link": "https://wavelifesciences.com/science/collaborations/",
    "timestamp": "unknown"
  },
  {
    "title": "Manufacturing",
    "link": "https://wavelifesciences.com/science/manufacturing/",
    "timestamp": "unknown"
  },
  {
    "title": "PipelineR&D PipelineLead Programs",
    "link": "https://wavelifesciences.com/pipeline/research-and-development/",
    "timestamp": "unknown"
  },
  {
    "title": "R&D Pipeline",
    "link": "https://wavelifesciences.com/pipeline/research-and-development/",
    "timestamp": "unknown"
  },
  {
    "title": "Lead Programs",
    "link": "https://wavelifesciences.com/pipeline/lead-programs/",
    "timestamp": "unknown"
  },
  {
    "title": "NewsPress Releases",
    "link": "https://ir.wavelifesciences.com/press-releases",
    "timestamp": "unknown"
  },
  {
    "title": "Press Releases",
    "link": "https://ir.wavelifesciences.com/press-releases",
    "timestamp": "unknown"
  },
  {
    "title": "HomeInvestorsSEC Filings",
    "link": "https://wavelifesciences.com/",
    "timestamp": "unknown"
  },
  {
    "title": "HomeInvestorsSEC Filings",
    "link": "https://wavelifesciences.com/",
    "timestamp": "unknown"
  },
  {
    "title": "HomeInvestorsSEC Filings",
    "link": "https://wavelifesciences.com/",
    "timestamp": "unknown"
  },
  {
    "title": "HomeInvestorsSEC Filings",
    "link": "https://wavelifesciences.com/",
    "timestamp": "unknown"
  },
  {
    "title": "Home",
    "link": "https://wavelifesciences.com/",
    "timestamp": "unknown"
  },
  {
    "title": "Investors",
    "link": "https://ir.wavelifesciences.com/",
    "timestamp": "unknown"
  },
  {
    "title": "CompanyLeadership TeamDEICorporate ResponsibilityContact UsSciencePRISM\u2122 PlatformPublicationsCollaborationsManufacturingPipelineR&D PipelineLead Progr",
    "link": "https://wavelifesciences.com/company/leadership/",
    "timestamp": "unknown"
  },
  {
    "title": "CompanyLeadership TeamDEICorporate ResponsibilityContact UsSciencePRISM\u2122 PlatformPublicationsCollaborationsManufacturingPipelineR&D PipelineLead Progr",
    "link": "https://wavelifesciences.com/company/leadership/",
    "timestamp": "unknown"
  },
  {
    "title": "CompanyLeadership TeamDEICorporate ResponsibilityContact Us",
    "link": "https://wavelifesciences.com/company/leadership/",
    "timestamp": "unknown"
  },
  {
    "title": "Leadership Team",
    "link": "https://wavelifesciences.com/company/leadership/",
    "timestamp": "unknown"
  },
  {
    "title": "DEI",
    "link": "https://wavelifesciences.com/company/sustainability/#tab1",
    "timestamp": "unknown"
  },
  {
    "title": "Corporate Responsibility",
    "link": "https://wavelifesciences.com/company/sustainability/",
    "timestamp": "unknown"
  },
  {
    "title": "Contact Us",
    "link": "https://wavelifesciences.com/company/contact/",
    "timestamp": "unknown"
  },
  {
    "title": "SciencePRISM\u2122 PlatformPublicationsCollaborationsManufacturing",
    "link": "https://wavelifesciences.com/science/prism-platform/",
    "timestamp": "unknown"
  },
  {
    "title": "PRISM\u2122 Platform",
    "link": "https://wavelifesciences.com/science/prism-platform/",
    "timestamp": "unknown"
  },
  {
    "title": "Publications",
    "link": "https://wavelifesciences.com/science/publications/",
    "timestamp": "unknown"
  },
  {
    "title": "Collaborations",
    "link": "https://wavelifesciences.com/science/collaborations/",
    "timestamp": "unknown"
  },
  {
    "title": "Manufacturing",
    "link": "https://wavelifesciences.com/science/manufacturing/",
    "timestamp": "unknown"
  },
  {
    "title": "PipelineR&D PipelineLead Programs",
    "link": "https://wavelifesciences.com/pipeline/research-and-development/",
    "timestamp": "unknown"
  },
  {
    "title": "R&D Pipeline",
    "link": "https://wavelifesciences.com/pipeline/research-and-development/",
    "timestamp": "unknown"
  },
  {
    "title": "Lead Programs",
    "link": "https://wavelifesciences.com/pipeline/lead-programs/",
    "timestamp": "unknown"
  },
  {
    "title": "NewsPress Releases",
    "link": "https://ir.wavelifesciences.com/press-releases",
    "timestamp": "unknown"
  },
  {
    "title": "Press Releases",
    "link": "https://ir.wavelifesciences.com/press-releases",
    "timestamp": "unknown"
  },
  {
    "title": "Patients & Families",
    "link": "https://wavelifesciences.com/patients-and-families/",
    "timestamp": "unknown"
  },
  {
    "title": "Investors",
    "link": "https://ir.wavelifesciences.com/",
    "timestamp": "unknown"
  },
  {
    "title": "Careers",
    "link": "https://wavelifesciences.com/careers/",
    "timestamp": "unknown"
  },
  {
    "title": "Follow UsXLinkedInGlassdoor",
    "link": "https://ir.wavelifesciences.com/financial-information/sec-filings",
    "timestamp": "unknown"
  },
  {
    "title": "X",
    "link": "https://twitter.com/WAVELifeSci",
    "timestamp": "unknown"
  },
  {
    "title": "LinkedIn",
    "link": "https://www.linkedin.com/company/wave-life-sciences",
    "timestamp": "unknown"
  },
  {
    "title": "Glassdoor",
    "link": "https://www.glassdoor.com/Overview/Working-at-WAVE-Life-Sciences-EI_IE1575145.,.htm",
    "timestamp": "unknown"
  },
  {
    "title": "MenuOverviewNewsEvents & PublicationsSEC FilingsStock InformationAnalyst CoverageCorporate GovernanceFAQs",
    "link": "https://ir.wavelifesciences.com/",
    "timestamp": "unknown"
  },
  {
    "title": "MenuOverviewNewsEvents & PublicationsSEC FilingsStock InformationAnalyst CoverageCorporate GovernanceFAQs",
    "link": "https://ir.wavelifesciences.com/",
    "timestamp": "unknown"
  },
  {
    "title": "MenuOverviewNewsEvents & PublicationsSEC FilingsStock InformationAnalyst CoverageCorporate GovernanceFAQs",
    "link": "https://ir.wavelifesciences.com/",
    "timestamp": "unknown"
  },
  {
    "title": "Overview",
    "link": "https://ir.wavelifesciences.com/",
    "timestamp": "unknown"
  },
  {
    "title": "News",
    "link": "https://ir.wavelifesciences.com/press-releases",
    "timestamp": "unknown"
  },
  {
    "title": "Events & Publications",
    "link": "https://ir.wavelifesciences.com/events-publications/events",
    "timestamp": "unknown"
  },
  {
    "title": "SEC Filings",
    "link": "https://ir.wavelifesciences.com/financial-information/sec-filings",
    "timestamp": "unknown"
  },
  {
    "title": "Stock Information",
    "link": "https://ir.wavelifesciences.com/stock-information/stock",
    "timestamp": "unknown"
  },
  {
    "title": "Analyst Coverage",
    "link": "https://ir.wavelifesciences.com/analyst-coverage-page",
    "timestamp": "unknown"
  },
  {
    "title": "Corporate Governance",
    "link": "https://ir.wavelifesciences.com/corporate-governance",
    "timestamp": "unknown"
  },
  {
    "title": "FAQs",
    "link": "https://ir.wavelifesciences.com/investor-faqs",
    "timestamp": "unknown"
  },
  {
    "title": "SEC FilingsGroupAll,,Annual FilingsCurrent ReportsMergers & AcquisitionsOtherProxy FilingsQuarterly FilingsRegistration StatementsFiling yearAllItems ",
    "link": "https://ir.wavelifesciences.com/financial-information/sec-filings?items_per_page=&order=field_nir_sec_date_filed&sort=asc",
    "timestamp": "unknown"
  },
  {
    "title": "SEC FilingsGroupAll,,Annual FilingsCurrent ReportsMergers & AcquisitionsOtherProxy FilingsQuarterly FilingsRegistration StatementsFiling yearAllItems ",
    "link": "https://ir.wavelifesciences.com/financial-information/sec-filings?items_per_page=&order=field_nir_sec_date_filed&sort=asc",
    "timestamp": "unknown"
  },
  {
    "title": "SEC FilingsGroupAll,,Annual FilingsCurrent ReportsMergers & AcquisitionsOtherProxy FilingsQuarterly FilingsRegistration StatementsFiling yearAllItems ",
    "link": "https://ir.wavelifesciences.com/financial-information/sec-filings?items_per_page=&order=field_nir_sec_date_filed&sort=asc",
    "timestamp": "unknown"
  },
  {
    "title": "SEC FilingsGroupAll,,Annual FilingsCurrent ReportsMergers & AcquisitionsOtherProxy FilingsQuarterly FilingsRegistration StatementsFiling yearAllItems ",
    "link": "https://ir.wavelifesciences.com/financial-information/sec-filings?items_per_page=&order=field_nir_sec_date_filed&sort=asc",
    "timestamp": "unknown"
  },
  {
    "title": "SEC FilingsGroupAll,,Annual FilingsCurrent ReportsMergers & AcquisitionsOtherProxy FilingsQuarterly FilingsRegistration StatementsFiling yearAllItems ",
    "link": "https://ir.wavelifesciences.com/financial-information/sec-filings?items_per_page=&order=field_nir_sec_date_filed&sort=asc",
    "timestamp": "unknown"
  },
  {
    "title": "SEC FilingsGroupAll,,Annual FilingsCurrent ReportsMergers & AcquisitionsOtherProxy FilingsQuarterly FilingsRegistration StatementsFiling yearAllItems ",
    "link": "https://ir.wavelifesciences.com/financial-information/sec-filings?items_per_page=&order=field_nir_sec_date_filed&sort=asc",
    "timestamp": "unknown"
  },
  {
    "title": "SEC FilingsGroupAll,,Annual FilingsCurrent ReportsMergers & AcquisitionsOtherProxy FilingsQuarterly FilingsRegistration StatementsFiling yearAllItems ",
    "link": "https://ir.wavelifesciences.com/financial-information/sec-filings?items_per_page=&order=field_nir_sec_date_filed&sort=asc",
    "timestamp": "unknown"
  },
  {
    "title": "SEC FilingsGroupAll,,Annual FilingsCurrent ReportsMergers & AcquisitionsOtherProxy FilingsQuarterly FilingsRegistration StatementsFiling yearAllItems ",
    "link": "https://ir.wavelifesciences.com/financial-information/sec-filings?items_per_page=&order=field_nir_sec_date_filed&sort=asc",
    "timestamp": "unknown"
  },
  {
    "title": "SEC FilingsGroupAll,,Annual FilingsCurrent ReportsMergers & AcquisitionsOtherProxy FilingsQuarterly FilingsRegistration StatementsFiling yearAllItems ",
    "link": "https://ir.wavelifesciences.com/financial-information/sec-filings?items_per_page=&order=field_nir_sec_date_filed&sort=asc",
    "timestamp": "unknown"
  },
  {
    "title": "SEC FilingsGroupAll,,Annual FilingsCurrent ReportsMergers & AcquisitionsOtherProxy FilingsQuarterly FilingsRegistration StatementsFiling yearAllItems ",
    "link": "https://ir.wavelifesciences.com/financial-information/sec-filings?items_per_page=&order=field_nir_sec_date_filed&sort=asc",
    "timestamp": "unknown"
  },
  {
    "title": "SEC FilingsGroupAll,,Annual FilingsCurrent ReportsMergers & AcquisitionsOtherProxy FilingsQuarterly FilingsRegistration StatementsFiling yearAllItems ",
    "link": "https://ir.wavelifesciences.com/financial-information/sec-filings?items_per_page=&order=field_nir_sec_date_filed&sort=asc",
    "timestamp": "unknown"
  },
  {
    "title": "SEC FilingsGroupAll,,Annual FilingsCurrent ReportsMergers & AcquisitionsOtherProxy FilingsQuarterly FilingsRegistration StatementsFiling yearAllItems ",
    "link": "https://ir.wavelifesciences.com/financial-information/sec-filings?items_per_page=&order=field_nir_sec_date_filed&sort=asc",
    "timestamp": "unknown"
  },
  {
    "title": "SEC FilingsGroupAll,,Annual FilingsCurrent ReportsMergers & AcquisitionsOtherProxy FilingsQuarterly FilingsRegistration StatementsFiling yearAllItems ",
    "link": "https://ir.wavelifesciences.com/financial-information/sec-filings?items_per_page=&order=field_nir_sec_date_filed&sort=asc",
    "timestamp": "unknown"
  },
  {
    "title": "SEC FilingsGroupAll,,Annual FilingsCurrent ReportsMergers & AcquisitionsOtherProxy FilingsQuarterly FilingsRegistration StatementsFiling yearAllItems ",
    "link": "https://ir.wavelifesciences.com/financial-information/sec-filings?items_per_page=&order=field_nir_sec_date_filed&sort=asc",
    "timestamp": "unknown"
  },
  {
    "title": "SEC FilingsGroupAll,,Annual FilingsCurrent ReportsMergers & AcquisitionsOtherProxy FilingsQuarterly FilingsRegistration StatementsFiling yearAllItems ",
    "link": "https://ir.wavelifesciences.com/financial-information/sec-filings?items_per_page=&order=field_nir_sec_date_filed&sort=asc",
    "timestamp": "unknown"
  },
  {
    "title": "GroupAll,,Annual FilingsCurrent ReportsMergers & AcquisitionsOtherProxy FilingsQuarterly FilingsRegistration StatementsFiling yearAllItems per pageFil",
    "link": "https://ir.wavelifesciences.com/financial-information/sec-filings?items_per_page=&order=field_nir_sec_date_filed&sort=asc",
    "timestamp": "unknown"
  },
  {
    "title": "GroupAll,,Annual FilingsCurrent ReportsMergers & AcquisitionsOtherProxy FilingsQuarterly FilingsRegistration StatementsFiling yearAllItems per pageFil",
    "link": "https://ir.wavelifesciences.com/financial-information/sec-filings?items_per_page=&order=field_nir_sec_date_filed&sort=asc",
    "timestamp": "unknown"
  },
  {
    "title": "GroupAll,,Annual FilingsCurrent ReportsMergers & AcquisitionsOtherProxy FilingsQuarterly FilingsRegistration StatementsFiling yearAllItems per pageFil",
    "link": "https://ir.wavelifesciences.com/financial-information/sec-filings?items_per_page=&order=field_nir_sec_date_filed&sort=asc",
    "timestamp": "unknown"
  },
  {
    "title": "Filing DateDescriptionFormViewFeb ,Filed by \"insiders\" prior intended sale of restricted stock.--.pdf--.rtfView HTMLFeb ,Filed by \"insiders\" prior int",
    "link": "https://ir.wavelifesciences.com/financial-information/sec-filings?items_per_page=&order=field_nir_sec_date_filed&sort=asc",
    "timestamp": "unknown"
  },
  {
    "title": "Filing DateDescriptionFormView",
    "link": "https://ir.wavelifesciences.com/financial-information/sec-filings?items_per_page=&order=field_nir_sec_date_filed&sort=asc",
    "timestamp": "unknown"
  },
  {
    "title": "Feb ,Filed by \"insiders\" prior intended sale of restricted stock.--.pdf--.rtfView HTML",
    "link": "https://ir.wavelifesciences.com/sec-filings/sec-filing//--",
    "timestamp": "unknown"
  },
  {
    "title": "--.pdf--.rtfView HTML",
    "link": "https://ir.wavelifesciences.com/static-files/8cd8cb7d-a676--a7c1-d4c9abb17bfb",
    "timestamp": "unknown"
  },
  {
    "title": "--.pdf",
    "link": "https://ir.wavelifesciences.com/static-files/8cd8cb7d-a676--a7c1-d4c9abb17bfb",
    "timestamp": "unknown"
  },
  {
    "title": "--.rtf",
    "link": "https://ir.wavelifesciences.com/static-files/6b4d0d02-532b-40ff-be78-59dbe2186d05",
    "timestamp": "unknown"
  },
  {
    "title": "Feb ,Filed by \"insiders\" prior intended sale of restricted stock.--.pdf--.rtf--.xlsView HTML",
    "link": "https://ir.wavelifesciences.com/sec-filings/sec-filing//--",
    "timestamp": "unknown"
  },
  {
    "title": "--.pdf--.rtf--.xlsView HTML",
    "link": "https://ir.wavelifesciences.com/static-files/a4b83dac-ebc1--af8b-fe781b9c7d98",
    "timestamp": "unknown"
  },
  {
    "title": "--.pdf",
    "link": "https://ir.wavelifesciences.com/static-files/a4b83dac-ebc1--af8b-fe781b9c7d98",
    "timestamp": "unknown"
  },
  {
    "title": "--.rtf",
    "link": "https://ir.wavelifesciences.com/static-files/a580aa8d-ec73--bfc5-76fdc1de3c13",
    "timestamp": "unknown"
  },
  {
    "title": "--.xls",
    "link": "https://ir.wavelifesciences.com/static-files/869c8d66--4a85-a9c9-b370810cf8d9",
    "timestamp": "unknown"
  },
  {
    "title": "Feb ,Filed by \"insiders\" prior intended sale of restricted stock.--.pdf--.rtf--.xlsView HTML",
    "link": "https://ir.wavelifesciences.com/sec-filings/sec-filing//--",
    "timestamp": "unknown"
  },
  {
    "title": "--.pdf--.rtf--.xlsView HTML",
    "link": "https://ir.wavelifesciences.com/static-files/b62985cc-fab0---cdfe1132a571",
    "timestamp": "unknown"
  },
  {
    "title": "--.pdf",
    "link": "https://ir.wavelifesciences.com/static-files/b62985cc-fab0---cdfe1132a571",
    "timestamp": "unknown"
  },
  {
    "title": "--.rtf",
    "link": "https://ir.wavelifesciences.com/static-files/7bb6c0fb-e320---6ebcf5d98969",
    "timestamp": "unknown"
  },
  {
    "title": "--.xls",
    "link": "https://ir.wavelifesciences.com/static-files/8328d17f--44cd-a814-8e0d906a98b9",
    "timestamp": "unknown"
  },
  {
    "title": "Feb ,SCHEDULE 13G - DescriptionSCHEDULE 13G--.pdf--.rtf--.xlsView HTML",
    "link": "https://ir.wavelifesciences.com/sec-filings/sec-filing/schedule-13g/--",
    "timestamp": "unknown"
  },
  {
    "title": "--.pdf--.rtf--.xlsView HTML",
    "link": "https://ir.wavelifesciences.com/static-files/80742c75-7a34--92ee-c56bd2a6e772",
    "timestamp": "unknown"
  },
  {
    "title": "--.pdf",
    "link": "https://ir.wavelifesciences.com/static-files/80742c75-7a34--92ee-c56bd2a6e772",
    "timestamp": "unknown"
  },
  {
    "title": "--.rtf",
    "link": "https://ir.wavelifesciences.com/static-files/7dde9016-42a3-41ae-a070-216ee8023e1d",
    "timestamp": "unknown"
  },
  {
    "title": "--.xls",
    "link": "https://ir.wavelifesciences.com/static-files/d376f853-36f5-499a-8bc6-21d24e6d419a",
    "timestamp": "unknown"
  },
  {
    "title": "Feb ,Report of unscheduled material events or corporate event-K--.pdf--.rtf--.xlsEX-.SCH - XBRL TAXONOMY EXTENSION SCHEMAView HTML",
    "link": "https://ir.wavelifesciences.com/sec-filings/sec-filing/-k/--",
    "timestamp": "unknown"
  },
  {
    "title": "--.pdf--.rtf--.xlsEX-.SCH - XBRL TAXONOMY EXTENSION SCHEMAView HTML",
    "link": "https://ir.wavelifesciences.com/static-files/684cb9f8-ebb4--a388-140d6a792b04",
    "timestamp": "unknown"
  },
  {
    "title": "--.pdf",
    "link": "https://ir.wavelifesciences.com/static-files/684cb9f8-ebb4--a388-140d6a792b04",
    "timestamp": "unknown"
  },
  {
    "title": "--.rtf",
    "link": "https://ir.wavelifesciences.com/static-files/c6e9216b-63a9-40d5-8bf0-fb7782045cb0",
    "timestamp": "unknown"
  },
  {
    "title": "--.xls",
    "link": "https://ir.wavelifesciences.com/static-files/50fb8bfa-3a64---6ae4b264d223",
    "timestamp": "unknown"
  },
  {
    "title": "Jan ,Report of unscheduled material events or corporate event-K--.pdf--.rtf--.xlsEX-.SCH - XBRL TAXONOMY EXTENSION SCHEMAView HTML",
    "link": "https://ir.wavelifesciences.com/sec-filings/sec-filing/-k/--",
    "timestamp": "unknown"
  },
  {
    "title": "--.pdf--.rtf--.xlsEX-.SCH - XBRL TAXONOMY EXTENSION SCHEMAView HTML",
    "link": "https://ir.wavelifesciences.com/static-files/17f35cd4--44c8-81a7-7aae91b32369",
    "timestamp": "unknown"
  },
  {
    "title": "--.pdf",
    "link": "https://ir.wavelifesciences.com/static-files/17f35cd4--44c8-81a7-7aae91b32369",
    "timestamp": "unknown"
  },
  {
    "title": "--.rtf",
    "link": "https://ir.wavelifesciences.com/static-files/b9b9a0d4-cc8c-48dd-b8eb-c4ec961a1352",
    "timestamp": "unknown"
  },
  {
    "title": "--.xls",
    "link": "https://ir.wavelifesciences.com/static-files/e3d6691e--4b29-b186-90848a5b5dee",
    "timestamp": "unknown"
  },
  {
    "title": "Jan ,Statement of changes in beneficial ownership of securities--.pdf--.rtf--.xlsView HTML",
    "link": "https://ir.wavelifesciences.com/sec-filings/sec-filing//--",
    "timestamp": "unknown"
  },
  {
    "title": "--.pdf--.rtf--.xlsView HTML",
    "link": "https://ir.wavelifesciences.com/static-files/294e8992-bbeb-4db8-8ebc-6862cf01caf0",
    "timestamp": "unknown"
  },
  {
    "title": "--.pdf",
    "link": "https://ir.wavelifesciences.com/static-files/294e8992-bbeb-4db8-8ebc-6862cf01caf0",
    "timestamp": "unknown"
  },
  {
    "title": "--.rtf",
    "link": "https://ir.wavelifesciences.com/static-files/95b0c803-ca89-417b--da8b6fe0fe82",
    "timestamp": "unknown"
  },
  {
    "title": "--.xls",
    "link": "https://ir.wavelifesciences.com/static-files/4342d3b4--4b21-8d1f-597c29b7c01e",
    "timestamp": "unknown"
  },
  {
    "title": "Dec ,Statement of changes in beneficial ownership of securities--.pdf--.rtf--.xlsView HTML",
    "link": "https://ir.wavelifesciences.com/sec-filings/sec-filing//--",
    "timestamp": "unknown"
  },
  {
    "title": "--.pdf--.rtf--.xlsView HTML",
    "link": "https://ir.wavelifesciences.com/static-files/3ab95a1a-2dc0---c66045ddd674",
    "timestamp": "unknown"
  },
  {
    "title": "--.pdf",
    "link": "https://ir.wavelifesciences.com/static-files/3ab95a1a-2dc0---c66045ddd674",
    "timestamp": "unknown"
  },
  {
    "title": "--.rtf",
    "link": "https://ir.wavelifesciences.com/static-files/e5e5f81d-fb9c--bc63-e13937d183dc",
    "timestamp": "unknown"
  },
  {
    "title": "--.xls",
    "link": "https://ir.wavelifesciences.com/static-files/-42b3--9c5a-ebbb1020e146",
    "timestamp": "unknown"
  },
  {
    "title": "Dec ,SCHEDULE 13D/A - DescriptionSCHEDULE 13D/A--.pdf--.rtf--.xlsView HTML",
    "link": "https://ir.wavelifesciences.com/sec-filings/sec-filing/schedule-13da/--",
    "timestamp": "unknown"
  },
  {
    "title": "--.pdf--.rtf--.xlsView HTML",
    "link": "https://ir.wavelifesciences.com/static-files/41a2622a-bfa6-40dd-b40c-6ce62477875e",
    "timestamp": "unknown"
  },
  {
    "title": "--.pdf",
    "link": "https://ir.wavelifesciences.com/static-files/41a2622a-bfa6-40dd-b40c-6ce62477875e",
    "timestamp": "unknown"
  },
  {
    "title": "--.rtf",
    "link": "https://ir.wavelifesciences.com/static-files/9b10fbd2--4f4b-bc35-e68552562820",
    "timestamp": "unknown"
  },
  {
    "title": "--.xls",
    "link": "https://ir.wavelifesciences.com/static-files/3281a4a4-76ab-45a4-990d-7999a7bcedd9",
    "timestamp": "unknown"
  },
  {
    "title": "Dec ,Form of prospectus disclosing information, facts, events covered in both forms 424B2, 424B3424B5--.pdf--.rtf--.xlsXML - XBRL INSTANCE DOCUMENTVie",
    "link": "https://ir.wavelifesciences.com/sec-filings/sec-filing/424b5/--",
    "timestamp": "unknown"
  },
  {
    "title": "--.pdf--.rtf--.xlsXML - XBRL INSTANCE DOCUMENTView HTML",
    "link": "https://ir.wavelifesciences.com/static-files/7082470f-5b0d-492b-9ad3-d2e6232ad111",
    "timestamp": "unknown"
  },
  {
    "title": "--.pdf",
    "link": "https://ir.wavelifesciences.com/static-files/7082470f-5b0d-492b-9ad3-d2e6232ad111",
    "timestamp": "unknown"
  },
  {
    "title": "--.rtf",
    "link": "https://ir.wavelifesciences.com/static-files/be77c4c3-a964-4f0c-8e26-c597f771aa31",
    "timestamp": "unknown"
  },
  {
    "title": "--.xls",
    "link": "https://ir.wavelifesciences.com/static-files/092f4997-4c7d-44c6-b603-22b8ac55c998",
    "timestamp": "unknown"
  },
  {
    "title": "PaginationCurrent pagePagePage\u2026Next page\u203aLast page\u00bbDisplaying  -  of  results",
    "link": "https://ir.wavelifesciences.com/financial-information/sec-filings?&field_nir_sec_cik_target_id=&field_nir_sec_date_filed_value=&&&items_per_page_toggle=&page=",
    "timestamp": "unknown"
  },
  {
    "title": "PaginationCurrent pagePagePage\u2026Next page\u203aLast page\u00bb",
    "link": "https://ir.wavelifesciences.com/financial-information/sec-filings?&field_nir_sec_cik_target_id=&field_nir_sec_date_filed_value=&&&items_per_page_toggle=&page=",
    "timestamp": "unknown"
  },
  {
    "title": "Current page",
    "link": "https://ir.wavelifesciences.com/financial-information/sec-filings?&field_nir_sec_cik_target_id=&field_nir_sec_date_filed_value=&&&items_per_page_toggle=&page=",
    "timestamp": "unknown"
  },
  {
    "title": "Page",
    "link": "https://ir.wavelifesciences.com/financial-information/sec-filings?&field_nir_sec_cik_target_id=&field_nir_sec_date_filed_value=&&&items_per_page_toggle=&page=",
    "timestamp": "unknown"
  },
  {
    "title": "Page",
    "link": "https://ir.wavelifesciences.com/financial-information/sec-filings?&field_nir_sec_cik_target_id=&field_nir_sec_date_filed_value=&&&items_per_page_toggle=&page=",
    "timestamp": "unknown"
  },
  {
    "title": "Next page\u203a",
    "link": "https://ir.wavelifesciences.com/financial-information/sec-filings?&field_nir_sec_cik_target_id=&field_nir_sec_date_filed_value=&&&items_per_page_toggle=&page=",
    "timestamp": "unknown"
  },
  {
    "title": "Last page\u00bb",
    "link": "https://ir.wavelifesciences.com/financial-information/sec-filings?&field_nir_sec_cik_target_id=&field_nir_sec_date_filed_value=&&&items_per_page_toggle=&page=",
    "timestamp": "unknown"
  },
  {
    "title": "Data provided byKaleidoscope.",
    "link": "https://www.kscope.io",
    "timestamp": "unknown"
  },
  {
    "title": "Data provided byKaleidoscope.",
    "link": "https://www.kscope.io",
    "timestamp": "unknown"
  },
  {
    "title": "Investor InquiriesKate RauschInvestor Relations--InvestorRelations@wavelifesci.comRequest informationEmail AlertsSign up here to receive email alerts ",
    "link": "javascript:void();",
    "timestamp": "unknown"
  },
  {
    "title": "Investor InquiriesKate RauschInvestor Relations--InvestorRelations@wavelifesci.comRequest informationEmail AlertsSign up here to receive email alerts ",
    "link": "javascript:void();",
    "timestamp": "unknown"
  },
  {
    "title": "Investor InquiriesKate RauschInvestor Relations--InvestorRelations@wavelifesci.comRequest informationEmail AlertsSign up here to receive email alerts ",
    "link": "javascript:void();",
    "timestamp": "unknown"
  },
  {
    "title": "Investor InquiriesKate RauschInvestor Relations--InvestorRelations@wavelifesci.comRequest information",
    "link": "javascript:void();",
    "timestamp": "unknown"
  },
  {
    "title": "Investor InquiriesKate RauschInvestor Relations--InvestorRelations@wavelifesci.comRequest information",
    "link": "javascript:void();",
    "timestamp": "unknown"
  },
  {
    "title": "Investor InquiriesKate RauschInvestor Relations--InvestorRelations@wavelifesci.comRequest information",
    "link": "javascript:void();",
    "timestamp": "unknown"
  },
  {
    "title": "Investor InquiriesKate RauschInvestor Relations--InvestorRelations@wavelifesci.comRequest information",
    "link": "javascript:void();",
    "timestamp": "unknown"
  },
  {
    "title": "Investor InquiriesKate RauschInvestor Relations--InvestorRelations@wavelifesci.comRequest information",
    "link": "javascript:void();",
    "timestamp": "unknown"
  },
  {
    "title": "--",
    "link": "javascript:void();",
    "timestamp": "unknown"
  },
  {
    "title": "InvestorRelations@wavelifesci.com",
    "link": "mailto:InvestorRelations@wavelifesci.com",
    "timestamp": "unknown"
  },
  {
    "title": "Email AlertsSign up here to receive email alerts from Wave Life Sciences.Sign up",
    "link": "https://ir.wavelifesciences.com/email-alerts",
    "timestamp": "unknown"
  },
  {
    "title": "Email AlertsSign up here to receive email alerts from Wave Life Sciences.Sign up",
    "link": "https://ir.wavelifesciences.com/email-alerts",
    "timestamp": "unknown"
  },
  {
    "title": "Email AlertsSign up here to receive email alerts from Wave Life Sciences.Sign up",
    "link": "https://ir.wavelifesciences.com/email-alerts",
    "timestamp": "unknown"
  },
  {
    "title": "Email AlertsSign up here to receive email alerts from Wave Life Sciences.Sign up",
    "link": "https://ir.wavelifesciences.com/email-alerts",
    "timestamp": "unknown"
  },
  {
    "title": "Email AlertsSign up here to receive email alerts from Wave Life Sciences.Sign up",
    "link": "https://ir.wavelifesciences.com/email-alerts",
    "timestamp": "unknown"
  },
  {
    "title": "CompanyLeadership TeamDEICorporate ResponsibilityContact UsSciencePRISM\u2122 PlatformPublicationsCollaborationsManufacturingPipelineR&D PipelineLead Progr",
    "link": "https://wavelifesciences.com/company/leadership/",
    "timestamp": "unknown"
  },
  {
    "title": "CompanyLeadership TeamDEICorporate ResponsibilityContact UsSciencePRISM\u2122 PlatformPublicationsCollaborationsManufacturingPipelineR&D PipelineLead Progr",
    "link": "https://wavelifesciences.com/company/leadership/",
    "timestamp": "unknown"
  },
  {
    "title": "CompanyLeadership TeamDEICorporate ResponsibilityContact UsSciencePRISM\u2122 PlatformPublicationsCollaborationsManufacturingPipelineR&D PipelineLead Progr",
    "link": "https://wavelifesciences.com/company/leadership/",
    "timestamp": "unknown"
  },
  {
    "title": "CompanyLeadership TeamDEICorporate ResponsibilityContact Us",
    "link": "https://wavelifesciences.com/company/leadership/",
    "timestamp": "unknown"
  },
  {
    "title": "Leadership Team",
    "link": "https://wavelifesciences.com/company/leadership/",
    "timestamp": "unknown"
  },
  {
    "title": "DEI",
    "link": "https://wavelifesciences.com/company/sustainability/#tab1",
    "timestamp": "unknown"
  },
  {
    "title": "Corporate Responsibility",
    "link": "https://wavelifesciences.com/company/sustainability/",
    "timestamp": "unknown"
  },
  {
    "title": "Contact Us",
    "link": "https://wavelifesciences.com/company/contact/",
    "timestamp": "unknown"
  },
  {
    "title": "SciencePRISM\u2122 PlatformPublicationsCollaborationsManufacturing",
    "link": "https://wavelifesciences.com/science/prism-platform/",
    "timestamp": "unknown"
  },
  {
    "title": "PRISM\u2122 Platform",
    "link": "https://wavelifesciences.com/science/prism-platform/",
    "timestamp": "unknown"
  },
  {
    "title": "Publications",
    "link": "https://wavelifesciences.com/science/publications/",
    "timestamp": "unknown"
  },
  {
    "title": "Collaborations",
    "link": "https://wavelifesciences.com/science/collaborations/",
    "timestamp": "unknown"
  },
  {
    "title": "Manufacturing",
    "link": "https://wavelifesciences.com/science/manufacturing/",
    "timestamp": "unknown"
  },
  {
    "title": "PipelineR&D PipelineLead Programs",
    "link": "https://wavelifesciences.com/pipeline/research-and-development/",
    "timestamp": "unknown"
  },
  {
    "title": "R&D Pipeline",
    "link": "https://wavelifesciences.com/pipeline/research-and-development/",
    "timestamp": "unknown"
  },
  {
    "title": "Lead Programs",
    "link": "https://wavelifesciences.com/pipeline/lead-programs/",
    "timestamp": "unknown"
  },
  {
    "title": "NewsPress Releases",
    "link": "https://ir.wavelifesciences.com/press-releases",
    "timestamp": "unknown"
  },
  {
    "title": "Press Releases",
    "link": "https://ir.wavelifesciences.com/press-releases",
    "timestamp": "unknown"
  },
  {
    "title": "\u00a9  Wave Life Sciences. All Rights Reserved.PrivacyTerms of useContact",
    "link": "https://wavelifesciences.com/privacy/",
    "timestamp": "unknown"
  },
  {
    "title": "\u00a9  Wave Life Sciences. All Rights Reserved.PrivacyTerms of useContact",
    "link": "https://wavelifesciences.com/privacy/",
    "timestamp": "unknown"
  },
  {
    "title": "\u00a9  Wave Life Sciences. All Rights Reserved.PrivacyTerms of useContact",
    "link": "https://wavelifesciences.com/privacy/",
    "timestamp": "unknown"
  },
  {
    "title": "Privacy",
    "link": "https://wavelifesciences.com/privacy/",
    "timestamp": "unknown"
  },
  {
    "title": "Terms of use",
    "link": "https://wavelifesciences.com/terms-of-use/",
    "timestamp": "unknown"
  },
  {
    "title": "Contact",
    "link": "https://wavelifesciences.com/about/contact/",
    "timestamp": "unknown"
  }
]