[
  {
    "title": "Patients & FamiliesInvestorsCareersFollow UsXLinkedInGlassdoorCompanyLeadership TeamDEICorporate ResponsibilityContact UsSciencePRISM\u2122 PlatformPublica",
    "link": "https://wavelifesciences.com/",
    "timestamp": "unknown"
  },
  {
    "title": "Patients & FamiliesInvestorsCareersFollow UsXLinkedInGlassdoorCompanyLeadership TeamDEICorporate ResponsibilityContact UsSciencePRISM\u2122 PlatformPublica",
    "link": "https://wavelifesciences.com/",
    "timestamp": "unknown"
  },
  {
    "title": "Patients & FamiliesInvestorsCareersFollow UsXLinkedInGlassdoorCompanyLeadership TeamDEICorporate ResponsibilityContact UsSciencePRISM\u2122 PlatformPublica",
    "link": "https://wavelifesciences.com/",
    "timestamp": "unknown"
  },
  {
    "title": "Patients & FamiliesInvestorsCareersFollow UsXLinkedInGlassdoorCompanyLeadership TeamDEICorporate ResponsibilityContact UsSciencePRISM\u2122 PlatformPublica",
    "link": "https://wavelifesciences.com/patients-and-families/",
    "timestamp": "unknown"
  },
  {
    "title": "Patients & FamiliesInvestorsCareersFollow UsXLinkedInGlassdoor",
    "link": "https://wavelifesciences.com/patients-and-families/",
    "timestamp": "unknown"
  },
  {
    "title": "Patients & Families",
    "link": "https://wavelifesciences.com/patients-and-families/",
    "timestamp": "unknown"
  },
  {
    "title": "Investors",
    "link": "https://ir.wavelifesciences.com/",
    "timestamp": "unknown"
  },
  {
    "title": "Careers",
    "link": "https://wavelifesciences.com/careers/",
    "timestamp": "unknown"
  },
  {
    "title": "Follow UsXLinkedInGlassdoor",
    "link": "https://ir.wavelifesciences.com/events-publications/events",
    "timestamp": "unknown"
  },
  {
    "title": "X",
    "link": "https://twitter.com/WAVELifeSci",
    "timestamp": "unknown"
  },
  {
    "title": "LinkedIn",
    "link": "https://www.linkedin.com/company/wave-life-sciences",
    "timestamp": "unknown"
  },
  {
    "title": "Glassdoor",
    "link": "https://www.glassdoor.com/Overview/Working-at-WAVE-Life-Sciences-EI_IE1575145.,.htm",
    "timestamp": "unknown"
  },
  {
    "title": "CompanyLeadership TeamDEICorporate ResponsibilityContact UsSciencePRISM\u2122 PlatformPublicationsCollaborationsManufacturingPipelineR&D PipelineLead Progr",
    "link": "https://wavelifesciences.com/company/leadership/",
    "timestamp": "unknown"
  },
  {
    "title": "CompanyLeadership TeamDEICorporate ResponsibilityContact Us",
    "link": "https://wavelifesciences.com/company/leadership/",
    "timestamp": "unknown"
  },
  {
    "title": "Leadership Team",
    "link": "https://wavelifesciences.com/company/leadership/",
    "timestamp": "unknown"
  },
  {
    "title": "DEI",
    "link": "https://wavelifesciences.com/company/sustainability/#tab1",
    "timestamp": "unknown"
  },
  {
    "title": "Corporate Responsibility",
    "link": "https://wavelifesciences.com/company/sustainability/",
    "timestamp": "unknown"
  },
  {
    "title": "Contact Us",
    "link": "https://wavelifesciences.com/company/contact/",
    "timestamp": "unknown"
  },
  {
    "title": "SciencePRISM\u2122 PlatformPublicationsCollaborationsManufacturing",
    "link": "https://wavelifesciences.com/science/prism-platform/",
    "timestamp": "unknown"
  },
  {
    "title": "PRISM\u2122 Platform",
    "link": "https://wavelifesciences.com/science/prism-platform/",
    "timestamp": "unknown"
  },
  {
    "title": "Publications",
    "link": "https://wavelifesciences.com/science/publications/",
    "timestamp": "unknown"
  },
  {
    "title": "Collaborations",
    "link": "https://wavelifesciences.com/science/collaborations/",
    "timestamp": "unknown"
  },
  {
    "title": "Manufacturing",
    "link": "https://wavelifesciences.com/science/manufacturing/",
    "timestamp": "unknown"
  },
  {
    "title": "PipelineR&D PipelineLead Programs",
    "link": "https://wavelifesciences.com/pipeline/research-and-development/",
    "timestamp": "unknown"
  },
  {
    "title": "R&D Pipeline",
    "link": "https://wavelifesciences.com/pipeline/research-and-development/",
    "timestamp": "unknown"
  },
  {
    "title": "Lead Programs",
    "link": "https://wavelifesciences.com/pipeline/lead-programs/",
    "timestamp": "unknown"
  },
  {
    "title": "NewsPress Releases",
    "link": "https://ir.wavelifesciences.com/press-releases",
    "timestamp": "unknown"
  },
  {
    "title": "Press Releases",
    "link": "https://ir.wavelifesciences.com/press-releases",
    "timestamp": "unknown"
  },
  {
    "title": "HomeInvestorsEvents & Publications",
    "link": "https://wavelifesciences.com/",
    "timestamp": "unknown"
  },
  {
    "title": "HomeInvestorsEvents & Publications",
    "link": "https://wavelifesciences.com/",
    "timestamp": "unknown"
  },
  {
    "title": "HomeInvestorsEvents & Publications",
    "link": "https://wavelifesciences.com/",
    "timestamp": "unknown"
  },
  {
    "title": "HomeInvestorsEvents & Publications",
    "link": "https://wavelifesciences.com/",
    "timestamp": "unknown"
  },
  {
    "title": "Home",
    "link": "https://wavelifesciences.com/",
    "timestamp": "unknown"
  },
  {
    "title": "Investors",
    "link": "https://ir.wavelifesciences.com/",
    "timestamp": "unknown"
  },
  {
    "title": "CompanyLeadership TeamDEICorporate ResponsibilityContact UsSciencePRISM\u2122 PlatformPublicationsCollaborationsManufacturingPipelineR&D PipelineLead Progr",
    "link": "https://wavelifesciences.com/company/leadership/",
    "timestamp": "unknown"
  },
  {
    "title": "CompanyLeadership TeamDEICorporate ResponsibilityContact UsSciencePRISM\u2122 PlatformPublicationsCollaborationsManufacturingPipelineR&D PipelineLead Progr",
    "link": "https://wavelifesciences.com/company/leadership/",
    "timestamp": "unknown"
  },
  {
    "title": "CompanyLeadership TeamDEICorporate ResponsibilityContact Us",
    "link": "https://wavelifesciences.com/company/leadership/",
    "timestamp": "unknown"
  },
  {
    "title": "Leadership Team",
    "link": "https://wavelifesciences.com/company/leadership/",
    "timestamp": "unknown"
  },
  {
    "title": "DEI",
    "link": "https://wavelifesciences.com/company/sustainability/#tab1",
    "timestamp": "unknown"
  },
  {
    "title": "Corporate Responsibility",
    "link": "https://wavelifesciences.com/company/sustainability/",
    "timestamp": "unknown"
  },
  {
    "title": "Contact Us",
    "link": "https://wavelifesciences.com/company/contact/",
    "timestamp": "unknown"
  },
  {
    "title": "SciencePRISM\u2122 PlatformPublicationsCollaborationsManufacturing",
    "link": "https://wavelifesciences.com/science/prism-platform/",
    "timestamp": "unknown"
  },
  {
    "title": "PRISM\u2122 Platform",
    "link": "https://wavelifesciences.com/science/prism-platform/",
    "timestamp": "unknown"
  },
  {
    "title": "Publications",
    "link": "https://wavelifesciences.com/science/publications/",
    "timestamp": "unknown"
  },
  {
    "title": "Collaborations",
    "link": "https://wavelifesciences.com/science/collaborations/",
    "timestamp": "unknown"
  },
  {
    "title": "Manufacturing",
    "link": "https://wavelifesciences.com/science/manufacturing/",
    "timestamp": "unknown"
  },
  {
    "title": "PipelineR&D PipelineLead Programs",
    "link": "https://wavelifesciences.com/pipeline/research-and-development/",
    "timestamp": "unknown"
  },
  {
    "title": "R&D Pipeline",
    "link": "https://wavelifesciences.com/pipeline/research-and-development/",
    "timestamp": "unknown"
  },
  {
    "title": "Lead Programs",
    "link": "https://wavelifesciences.com/pipeline/lead-programs/",
    "timestamp": "unknown"
  },
  {
    "title": "NewsPress Releases",
    "link": "https://ir.wavelifesciences.com/press-releases",
    "timestamp": "unknown"
  },
  {
    "title": "Press Releases",
    "link": "https://ir.wavelifesciences.com/press-releases",
    "timestamp": "unknown"
  },
  {
    "title": "Patients & Families",
    "link": "https://wavelifesciences.com/patients-and-families/",
    "timestamp": "unknown"
  },
  {
    "title": "Investors",
    "link": "https://ir.wavelifesciences.com/",
    "timestamp": "unknown"
  },
  {
    "title": "Careers",
    "link": "https://wavelifesciences.com/careers/",
    "timestamp": "unknown"
  },
  {
    "title": "Follow UsXLinkedInGlassdoor",
    "link": "https://ir.wavelifesciences.com/events-publications/events",
    "timestamp": "unknown"
  },
  {
    "title": "X",
    "link": "https://twitter.com/WAVELifeSci",
    "timestamp": "unknown"
  },
  {
    "title": "LinkedIn",
    "link": "https://www.linkedin.com/company/wave-life-sciences",
    "timestamp": "unknown"
  },
  {
    "title": "Glassdoor",
    "link": "https://www.glassdoor.com/Overview/Working-at-WAVE-Life-Sciences-EI_IE1575145.,.htm",
    "timestamp": "unknown"
  },
  {
    "title": "MenuOverviewNewsEvents & PublicationsSEC FilingsStock InformationAnalyst CoverageCorporate GovernanceFAQs",
    "link": "https://ir.wavelifesciences.com/",
    "timestamp": "unknown"
  },
  {
    "title": "MenuOverviewNewsEvents & PublicationsSEC FilingsStock InformationAnalyst CoverageCorporate GovernanceFAQs",
    "link": "https://ir.wavelifesciences.com/",
    "timestamp": "unknown"
  },
  {
    "title": "MenuOverviewNewsEvents & PublicationsSEC FilingsStock InformationAnalyst CoverageCorporate GovernanceFAQs",
    "link": "https://ir.wavelifesciences.com/",
    "timestamp": "unknown"
  },
  {
    "title": "Overview",
    "link": "https://ir.wavelifesciences.com/",
    "timestamp": "unknown"
  },
  {
    "title": "News",
    "link": "https://ir.wavelifesciences.com/press-releases",
    "timestamp": "unknown"
  },
  {
    "title": "Events & Publications",
    "link": "https://ir.wavelifesciences.com/events-publications/events",
    "timestamp": "unknown"
  },
  {
    "title": "SEC Filings",
    "link": "https://ir.wavelifesciences.com/financial-information/sec-filings",
    "timestamp": "unknown"
  },
  {
    "title": "Stock Information",
    "link": "https://ir.wavelifesciences.com/stock-information/stock",
    "timestamp": "unknown"
  },
  {
    "title": "Analyst Coverage",
    "link": "https://ir.wavelifesciences.com/analyst-coverage-page",
    "timestamp": "unknown"
  },
  {
    "title": "Corporate Governance",
    "link": "https://ir.wavelifesciences.com/corporate-governance",
    "timestamp": "unknown"
  },
  {
    "title": "FAQs",
    "link": "https://ir.wavelifesciences.com/investor-faqs",
    "timestamp": "unknown"
  },
  {
    "title": "Investor EventsScientific PresentationsPublicationsEvents & PublicationsYearAllPositive RestorAATion- Clinical Data UpdateSep ,EDTListen to webcastPos",
    "link": "https://ir.wavelifesciences.com/events-publications/events",
    "timestamp": "unknown"
  },
  {
    "title": "Investor EventsScientific PresentationsPublicationsEvents & PublicationsYearAllPositive RestorAATion- Clinical Data UpdateSep ,EDTListen to webcastPos",
    "link": "https://ir.wavelifesciences.com/events-publications/events",
    "timestamp": "unknown"
  },
  {
    "title": "Investor EventsScientific PresentationsPublicationsEvents & PublicationsYearAllPositive RestorAATion- Clinical Data UpdateSep ,EDTListen to webcastPos",
    "link": "https://ir.wavelifesciences.com/events-publications/events",
    "timestamp": "unknown"
  },
  {
    "title": "Investor EventsScientific PresentationsPublicationsEvents & PublicationsYearAllPositive RestorAATion- Clinical Data UpdateSep ,EDTListen to webcastPos",
    "link": "https://ir.wavelifesciences.com/events-publications/events",
    "timestamp": "unknown"
  },
  {
    "title": "Investor EventsScientific PresentationsPublicationsEvents & PublicationsYearAllPositive RestorAATion- Clinical Data UpdateSep ,EDTListen to webcastPos",
    "link": "https://ir.wavelifesciences.com/events-publications/events",
    "timestamp": "unknown"
  },
  {
    "title": "Investor EventsScientific PresentationsPublicationsEvents & PublicationsYearAllPositive RestorAATion- Clinical Data UpdateSep ,EDTListen to webcastPos",
    "link": "https://ir.wavelifesciences.com/events-publications/events",
    "timestamp": "unknown"
  },
  {
    "title": "Investor Events",
    "link": "https://ir.wavelifesciences.com/events-publications/events",
    "timestamp": "unknown"
  },
  {
    "title": "Scientific Presentations",
    "link": "https://ir.wavelifesciences.com/events-publications/scientific-presentations",
    "timestamp": "unknown"
  },
  {
    "title": "Publications",
    "link": "https://ir.wavelifesciences.com/events-publications/publications",
    "timestamp": "unknown"
  },
  {
    "title": "Events & PublicationsYearAllPositive RestorAATion- Clinical Data UpdateSep ,EDTListen to webcastPositive RestorAATion- Clinical Data Update Presentati",
    "link": "https://ir.wavelifesciences.com/events/event-details/positive-restoraation--clinical-data-update",
    "timestamp": "unknown"
  },
  {
    "title": "Events & PublicationsYearAllPositive RestorAATion- Clinical Data UpdateSep ,EDTListen to webcastPositive RestorAATion- Clinical Data Update Presentati",
    "link": "https://ir.wavelifesciences.com/events/event-details/positive-restoraation--clinical-data-update",
    "timestamp": "unknown"
  },
  {
    "title": "Events & PublicationsYearAllPositive RestorAATion- Clinical Data UpdateSep ,EDTListen to webcastPositive RestorAATion- Clinical Data Update Presentati",
    "link": "https://ir.wavelifesciences.com/events/event-details/positive-restoraation--clinical-data-update",
    "timestamp": "unknown"
  },
  {
    "title": "Events & PublicationsYearAllPositive RestorAATion- Clinical Data UpdateSep ,EDTListen to webcastPositive RestorAATion- Clinical Data Update Presentati",
    "link": "https://ir.wavelifesciences.com/events/event-details/positive-restoraation--clinical-data-update",
    "timestamp": "unknown"
  },
  {
    "title": "Events & PublicationsYearAllPositive RestorAATion- Clinical Data UpdateSep ,EDTListen to webcastPositive RestorAATion- Clinical Data Update Presentati",
    "link": "https://ir.wavelifesciences.com/events/event-details/positive-restoraation--clinical-data-update",
    "timestamp": "unknown"
  },
  {
    "title": "Events & PublicationsYearAllPositive RestorAATion- Clinical Data UpdateSep ,EDTListen to webcastPositive RestorAATion- Clinical Data Update Presentati",
    "link": "https://ir.wavelifesciences.com/events/event-details/positive-restoraation--clinical-data-update",
    "timestamp": "unknown"
  },
  {
    "title": "Events & PublicationsYearAllPositive RestorAATion- Clinical Data UpdateSep ,EDTListen to webcastPositive RestorAATion- Clinical Data Update Presentati",
    "link": "https://ir.wavelifesciences.com/events/event-details/positive-restoraation--clinical-data-update",
    "timestamp": "unknown"
  },
  {
    "title": "Events & PublicationsYearAllPositive RestorAATion- Clinical Data UpdateSep ,EDTListen to webcastPositive RestorAATion- Clinical Data Update Presentati",
    "link": "https://ir.wavelifesciences.com/events/event-details/positive-restoraation--clinical-data-update",
    "timestamp": "unknown"
  },
  {
    "title": "Events & PublicationsYearAllPositive RestorAATion- Clinical Data UpdateSep ,EDTListen to webcastPositive RestorAATion- Clinical Data Update Presentati",
    "link": "https://ir.wavelifesciences.com/events/event-details/positive-restoraation--clinical-data-update",
    "timestamp": "unknown"
  },
  {
    "title": "YearAllPositive RestorAATion- Clinical Data UpdateSep ,EDTListen to webcastPositive RestorAATion- Clinical Data Update Presentation. MBWave Life Scien",
    "link": "https://ir.wavelifesciences.com/events/event-details/positive-restoraation--clinical-data-update",
    "timestamp": "unknown"
  },
  {
    "title": "YearAllPositive RestorAATion- Clinical Data UpdateSep ,EDTListen to webcastPositive RestorAATion- Clinical Data Update Presentation. MBWave Life Scien",
    "link": "https://ir.wavelifesciences.com/events/event-details/positive-restoraation--clinical-data-update",
    "timestamp": "unknown"
  },
  {
    "title": "YearAllPositive RestorAATion- Clinical Data UpdateSep ,EDTListen to webcastPositive RestorAATion- Clinical Data Update Presentation. MBWave Life Scien",
    "link": "https://ir.wavelifesciences.com/events/event-details/positive-restoraation--clinical-data-update",
    "timestamp": "unknown"
  },
  {
    "title": "YearAllPositive RestorAATion- Clinical Data UpdateSep ,EDTListen to webcastPositive RestorAATion- Clinical Data Update Presentation. MBWave Life Scien",
    "link": "https://ir.wavelifesciences.com/events/event-details/positive-restoraation--clinical-data-update",
    "timestamp": "unknown"
  },
  {
    "title": "YearAllPositive RestorAATion- Clinical Data UpdateSep ,EDTListen to webcastPositive RestorAATion- Clinical Data Update Presentation. MBWave Life Scien",
    "link": "https://ir.wavelifesciences.com/events/event-details/positive-restoraation--clinical-data-update",
    "timestamp": "unknown"
  },
  {
    "title": "Positive RestorAATion- Clinical Data UpdateSep ,EDTListen to webcastPositive RestorAATion- Clinical Data Update Presentation. MBWave Life Sciences Sec",
    "link": "https://ir.wavelifesciences.com/events/event-details/positive-restoraation--clinical-data-update",
    "timestamp": "unknown"
  },
  {
    "title": "Positive RestorAATion- Clinical Data UpdateSep ,EDTListen to webcastPositive RestorAATion- Clinical Data Update Presentation. MB",
    "link": "https://ir.wavelifesciences.com/events/event-details/positive-restoraation--clinical-data-update",
    "timestamp": "unknown"
  },
  {
    "title": "Positive RestorAATion- Clinical Data UpdateSep ,EDTListen to webcastPositive RestorAATion- Clinical Data Update Presentation. MB",
    "link": "https://ir.wavelifesciences.com/events/event-details/positive-restoraation--clinical-data-update",
    "timestamp": "unknown"
  },
  {
    "title": "Positive RestorAATion- Clinical Data UpdateSep ,EDT",
    "link": "https://ir.wavelifesciences.com/events/event-details/positive-restoraation--clinical-data-update",
    "timestamp": "unknown"
  },
  {
    "title": "Positive RestorAATion- Clinical Data UpdateSep ,EDT",
    "link": "https://ir.wavelifesciences.com/events/event-details/positive-restoraation--clinical-data-update",
    "timestamp": "unknown"
  },
  {
    "title": "Positive RestorAATion- Clinical Data UpdateSep ,EDT",
    "link": "https://ir.wavelifesciences.com/events/event-details/positive-restoraation--clinical-data-update",
    "timestamp": "unknown"
  },
  {
    "title": "Positive RestorAATion- Clinical Data UpdateSep ,EDT",
    "link": "https://ir.wavelifesciences.com/events/event-details/positive-restoraation--clinical-data-update",
    "timestamp": "unknown"
  },
  {
    "title": "Positive RestorAATion- Clinical Data Update",
    "link": "https://ir.wavelifesciences.com/events/event-details/positive-restoraation--clinical-data-update",
    "timestamp": "unknown"
  },
  {
    "title": "Positive RestorAATion- Clinical Data Update",
    "link": "https://ir.wavelifesciences.com/events/event-details/positive-restoraation--clinical-data-update",
    "timestamp": "unknown"
  },
  {
    "title": "Positive RestorAATion- Clinical Data Update",
    "link": "https://ir.wavelifesciences.com/events/event-details/positive-restoraation--clinical-data-update",
    "timestamp": "unknown"
  },
  {
    "title": "Listen to webcastPositive RestorAATion- Clinical Data Update Presentation. MB",
    "link": "https://wave-life-sciences-wve--sept--webcast.open-exchange.net/",
    "timestamp": "unknown"
  },
  {
    "title": "Listen to webcast",
    "link": "https://wave-life-sciences-wve--sept--webcast.open-exchange.net/",
    "timestamp": "unknown"
  },
  {
    "title": "Listen to webcast",
    "link": "https://wave-life-sciences-wve--sept--webcast.open-exchange.net/",
    "timestamp": "unknown"
  },
  {
    "title": "Listen to webcast",
    "link": "https://wave-life-sciences-wve--sept--webcast.open-exchange.net/",
    "timestamp": "unknown"
  },
  {
    "title": "Positive RestorAATion- Clinical Data Update Presentation. MB",
    "link": "https://ir.wavelifesciences.com/static-files/bbf2be84-24dc--b840-7d4fdb827a30",
    "timestamp": "unknown"
  },
  {
    "title": "Positive RestorAATion- Clinical Data Update Presentation. MB",
    "link": "https://ir.wavelifesciences.com/static-files/bbf2be84-24dc--b840-7d4fdb827a30",
    "timestamp": "unknown"
  },
  {
    "title": "Positive RestorAATion- Clinical Data Update Presentation. MB",
    "link": "https://ir.wavelifesciences.com/static-files/bbf2be84-24dc--b840-7d4fdb827a30",
    "timestamp": "unknown"
  },
  {
    "title": "Positive RestorAATion- Clinical Data Update Presentation. MB",
    "link": "https://ir.wavelifesciences.com/static-files/bbf2be84-24dc--b840-7d4fdb827a30",
    "timestamp": "unknown"
  },
  {
    "title": "Positive RestorAATion- Clinical Data Update Presentation. MB",
    "link": "https://ir.wavelifesciences.com/static-files/bbf2be84-24dc--b840-7d4fdb827a30",
    "timestamp": "unknown"
  },
  {
    "title": "Positive RestorAATion- Clinical Data Update Presentation. MB",
    "link": "https://ir.wavelifesciences.com/static-files/bbf2be84-24dc--b840-7d4fdb827a30",
    "timestamp": "unknown"
  },
  {
    "title": "Positive RestorAATion- Clinical Data Update Presentation. MB",
    "link": "https://ir.wavelifesciences.com/static-files/bbf2be84-24dc--b840-7d4fdb827a30",
    "timestamp": "unknown"
  },
  {
    "title": "Positive RestorAATion- Clinical Data Update Presentation. MB",
    "link": "https://ir.wavelifesciences.com/static-files/bbf2be84-24dc--b840-7d4fdb827a30",
    "timestamp": "unknown"
  },
  {
    "title": "Positive RestorAATion- Clinical Data Update Presentation. MB",
    "link": "https://ir.wavelifesciences.com/static-files/bbf2be84-24dc--b840-7d4fdb827a30",
    "timestamp": "unknown"
  },
  {
    "title": "Positive RestorAATion- Clinical Data Update Presentation. MB",
    "link": "https://ir.wavelifesciences.com/static-files/bbf2be84-24dc--b840-7d4fdb827a30",
    "timestamp": "unknown"
  },
  {
    "title": "Wave Life Sciences Second Quarter  Earnings CallJul ,EDTListen to webcast",
    "link": "https://ir.wavelifesciences.com/events/event-details/wave-life-sciences-second-quarter--earnings-call",
    "timestamp": "unknown"
  },
  {
    "title": "Wave Life Sciences Second Quarter  Earnings CallJul ,EDTListen to webcast",
    "link": "https://ir.wavelifesciences.com/events/event-details/wave-life-sciences-second-quarter--earnings-call",
    "timestamp": "unknown"
  },
  {
    "title": "Wave Life Sciences Second Quarter  Earnings CallJul ,EDT",
    "link": "https://ir.wavelifesciences.com/events/event-details/wave-life-sciences-second-quarter--earnings-call",
    "timestamp": "unknown"
  },
  {
    "title": "Wave Life Sciences Second Quarter  Earnings CallJul ,EDT",
    "link": "https://ir.wavelifesciences.com/events/event-details/wave-life-sciences-second-quarter--earnings-call",
    "timestamp": "unknown"
  },
  {
    "title": "Wave Life Sciences Second Quarter  Earnings CallJul ,EDT",
    "link": "https://ir.wavelifesciences.com/events/event-details/wave-life-sciences-second-quarter--earnings-call",
    "timestamp": "unknown"
  },
  {
    "title": "Wave Life Sciences Second Quarter  Earnings CallJul ,EDT",
    "link": "https://ir.wavelifesciences.com/events/event-details/wave-life-sciences-second-quarter--earnings-call",
    "timestamp": "unknown"
  },
  {
    "title": "Wave Life Sciences Second Quarter  Earnings Call",
    "link": "https://ir.wavelifesciences.com/events/event-details/wave-life-sciences-second-quarter--earnings-call",
    "timestamp": "unknown"
  },
  {
    "title": "Wave Life Sciences Second Quarter  Earnings Call",
    "link": "https://ir.wavelifesciences.com/events/event-details/wave-life-sciences-second-quarter--earnings-call",
    "timestamp": "unknown"
  },
  {
    "title": "Wave Life Sciences Second Quarter  Earnings Call",
    "link": "https://ir.wavelifesciences.com/events/event-details/wave-life-sciences-second-quarter--earnings-call",
    "timestamp": "unknown"
  },
  {
    "title": "Listen to webcast",
    "link": "https://wave-life-sciences-second-quarter--earnings.open-exchange.net/",
    "timestamp": "unknown"
  },
  {
    "title": "Listen to webcast",
    "link": "https://wave-life-sciences-second-quarter--earnings.open-exchange.net/",
    "timestamp": "unknown"
  },
  {
    "title": "Listen to webcast",
    "link": "https://wave-life-sciences-second-quarter--earnings.open-exchange.net/",
    "timestamp": "unknown"
  },
  {
    "title": "Listen to webcast",
    "link": "https://wave-life-sciences-second-quarter--earnings.open-exchange.net/",
    "timestamp": "unknown"
  },
  {
    "title": "Jefferies Global Healthcare ConferenceJun ,EDTListen to webcast",
    "link": "https://ir.wavelifesciences.com/events/event-details/-jefferies-global-healthcare-conference",
    "timestamp": "unknown"
  },
  {
    "title": "Jefferies Global Healthcare ConferenceJun ,EDTListen to webcast",
    "link": "https://ir.wavelifesciences.com/events/event-details/-jefferies-global-healthcare-conference",
    "timestamp": "unknown"
  },
  {
    "title": "Jefferies Global Healthcare ConferenceJun ,EDT",
    "link": "https://ir.wavelifesciences.com/events/event-details/-jefferies-global-healthcare-conference",
    "timestamp": "unknown"
  },
  {
    "title": "Jefferies Global Healthcare ConferenceJun ,EDT",
    "link": "https://ir.wavelifesciences.com/events/event-details/-jefferies-global-healthcare-conference",
    "timestamp": "unknown"
  },
  {
    "title": "Jefferies Global Healthcare ConferenceJun ,EDT",
    "link": "https://ir.wavelifesciences.com/events/event-details/-jefferies-global-healthcare-conference",
    "timestamp": "unknown"
  },
  {
    "title": "Jefferies Global Healthcare ConferenceJun ,EDT",
    "link": "https://ir.wavelifesciences.com/events/event-details/-jefferies-global-healthcare-conference",
    "timestamp": "unknown"
  },
  {
    "title": "Jefferies Global Healthcare Conference",
    "link": "https://ir.wavelifesciences.com/events/event-details/-jefferies-global-healthcare-conference",
    "timestamp": "unknown"
  },
  {
    "title": "Jefferies Global Healthcare Conference",
    "link": "https://ir.wavelifesciences.com/events/event-details/-jefferies-global-healthcare-conference",
    "timestamp": "unknown"
  },
  {
    "title": "Jefferies Global Healthcare Conference",
    "link": "https://ir.wavelifesciences.com/events/event-details/-jefferies-global-healthcare-conference",
    "timestamp": "unknown"
  },
  {
    "title": "Listen to webcast",
    "link": "https://wsw.com/webcast/jeff319/wve/",
    "timestamp": "unknown"
  },
  {
    "title": "Listen to webcast",
    "link": "https://wsw.com/webcast/jeff319/wve/",
    "timestamp": "unknown"
  },
  {
    "title": "Listen to webcast",
    "link": "https://wsw.com/webcast/jeff319/wve/",
    "timestamp": "unknown"
  },
  {
    "title": "Listen to webcast",
    "link": "https://wsw.com/webcast/jeff319/wve/",
    "timestamp": "unknown"
  },
  {
    "title": "Wave Life Sciences First Quarter  Earnings CallMay ,EDTListen to webcast",
    "link": "https://ir.wavelifesciences.com/events/event-details/wave-life-sciences-first-quarter--earnings-call",
    "timestamp": "unknown"
  },
  {
    "title": "Wave Life Sciences First Quarter  Earnings CallMay ,EDTListen to webcast",
    "link": "https://ir.wavelifesciences.com/events/event-details/wave-life-sciences-first-quarter--earnings-call",
    "timestamp": "unknown"
  },
  {
    "title": "Wave Life Sciences First Quarter  Earnings CallMay ,EDT",
    "link": "https://ir.wavelifesciences.com/events/event-details/wave-life-sciences-first-quarter--earnings-call",
    "timestamp": "unknown"
  },
  {
    "title": "Wave Life Sciences First Quarter  Earnings CallMay ,EDT",
    "link": "https://ir.wavelifesciences.com/events/event-details/wave-life-sciences-first-quarter--earnings-call",
    "timestamp": "unknown"
  },
  {
    "title": "Wave Life Sciences First Quarter  Earnings CallMay ,EDT",
    "link": "https://ir.wavelifesciences.com/events/event-details/wave-life-sciences-first-quarter--earnings-call",
    "timestamp": "unknown"
  },
  {
    "title": "Wave Life Sciences First Quarter  Earnings CallMay ,EDT",
    "link": "https://ir.wavelifesciences.com/events/event-details/wave-life-sciences-first-quarter--earnings-call",
    "timestamp": "unknown"
  },
  {
    "title": "Wave Life Sciences First Quarter  Earnings Call",
    "link": "https://ir.wavelifesciences.com/events/event-details/wave-life-sciences-first-quarter--earnings-call",
    "timestamp": "unknown"
  },
  {
    "title": "Wave Life Sciences First Quarter  Earnings Call",
    "link": "https://ir.wavelifesciences.com/events/event-details/wave-life-sciences-first-quarter--earnings-call",
    "timestamp": "unknown"
  },
  {
    "title": "Wave Life Sciences First Quarter  Earnings Call",
    "link": "https://ir.wavelifesciences.com/events/event-details/wave-life-sciences-first-quarter--earnings-call",
    "timestamp": "unknown"
  },
  {
    "title": "Listen to webcast",
    "link": "https://edge.media-server.com/mmc/p/9zuegoop",
    "timestamp": "unknown"
  },
  {
    "title": "Listen to webcast",
    "link": "https://edge.media-server.com/mmc/p/9zuegoop",
    "timestamp": "unknown"
  },
  {
    "title": "Listen to webcast",
    "link": "https://edge.media-server.com/mmc/p/9zuegoop",
    "timestamp": "unknown"
  },
  {
    "title": "Listen to webcast",
    "link": "https://edge.media-server.com/mmc/p/9zuegoop",
    "timestamp": "unknown"
  },
  {
    "title": "PaginationCurrent pagePagePage\u2026Next page\u203aLast page\u00bb",
    "link": "https://ir.wavelifesciences.com/events-publications/events?page=",
    "timestamp": "unknown"
  },
  {
    "title": "PaginationCurrent pagePagePage\u2026Next page\u203aLast page\u00bb",
    "link": "https://ir.wavelifesciences.com/events-publications/events?page=",
    "timestamp": "unknown"
  },
  {
    "title": "PaginationCurrent pagePagePage\u2026Next page\u203aLast page\u00bb",
    "link": "https://ir.wavelifesciences.com/events-publications/events?page=",
    "timestamp": "unknown"
  },
  {
    "title": "Current page",
    "link": "https://ir.wavelifesciences.com/events-publications/events?page=",
    "timestamp": "unknown"
  },
  {
    "title": "Page",
    "link": "https://ir.wavelifesciences.com/events-publications/events?page=",
    "timestamp": "unknown"
  },
  {
    "title": "Page",
    "link": "https://ir.wavelifesciences.com/events-publications/events?page=",
    "timestamp": "unknown"
  },
  {
    "title": "Next page\u203a",
    "link": "https://ir.wavelifesciences.com/events-publications/events?page=",
    "timestamp": "unknown"
  },
  {
    "title": "Last page\u00bb",
    "link": "https://ir.wavelifesciences.com/events-publications/events?page=",
    "timestamp": "unknown"
  },
  {
    "title": "Investor InquiriesKate RauschInvestor Relations--InvestorRelations@wavelifesci.comRequest informationEmail AlertsSign up here to receive email alerts ",
    "link": "javascript:void();",
    "timestamp": "unknown"
  },
  {
    "title": "Investor InquiriesKate RauschInvestor Relations--InvestorRelations@wavelifesci.comRequest informationEmail AlertsSign up here to receive email alerts ",
    "link": "javascript:void();",
    "timestamp": "unknown"
  },
  {
    "title": "Investor InquiriesKate RauschInvestor Relations--InvestorRelations@wavelifesci.comRequest informationEmail AlertsSign up here to receive email alerts ",
    "link": "javascript:void();",
    "timestamp": "unknown"
  },
  {
    "title": "Investor InquiriesKate RauschInvestor Relations--InvestorRelations@wavelifesci.comRequest information",
    "link": "javascript:void();",
    "timestamp": "unknown"
  },
  {
    "title": "Investor InquiriesKate RauschInvestor Relations--InvestorRelations@wavelifesci.comRequest information",
    "link": "javascript:void();",
    "timestamp": "unknown"
  },
  {
    "title": "Investor InquiriesKate RauschInvestor Relations--InvestorRelations@wavelifesci.comRequest information",
    "link": "javascript:void();",
    "timestamp": "unknown"
  },
  {
    "title": "Investor InquiriesKate RauschInvestor Relations--InvestorRelations@wavelifesci.comRequest information",
    "link": "javascript:void();",
    "timestamp": "unknown"
  },
  {
    "title": "Investor InquiriesKate RauschInvestor Relations--InvestorRelations@wavelifesci.comRequest information",
    "link": "javascript:void();",
    "timestamp": "unknown"
  },
  {
    "title": "--",
    "link": "javascript:void();",
    "timestamp": "unknown"
  },
  {
    "title": "InvestorRelations@wavelifesci.com",
    "link": "mailto:InvestorRelations@wavelifesci.com",
    "timestamp": "unknown"
  },
  {
    "title": "Email AlertsSign up here to receive email alerts from Wave Life Sciences.Sign up",
    "link": "https://ir.wavelifesciences.com/email-alerts",
    "timestamp": "unknown"
  },
  {
    "title": "Email AlertsSign up here to receive email alerts from Wave Life Sciences.Sign up",
    "link": "https://ir.wavelifesciences.com/email-alerts",
    "timestamp": "unknown"
  },
  {
    "title": "Email AlertsSign up here to receive email alerts from Wave Life Sciences.Sign up",
    "link": "https://ir.wavelifesciences.com/email-alerts",
    "timestamp": "unknown"
  },
  {
    "title": "Email AlertsSign up here to receive email alerts from Wave Life Sciences.Sign up",
    "link": "https://ir.wavelifesciences.com/email-alerts",
    "timestamp": "unknown"
  },
  {
    "title": "Email AlertsSign up here to receive email alerts from Wave Life Sciences.Sign up",
    "link": "https://ir.wavelifesciences.com/email-alerts",
    "timestamp": "unknown"
  },
  {
    "title": "CompanyLeadership TeamDEICorporate ResponsibilityContact UsSciencePRISM\u2122 PlatformPublicationsCollaborationsManufacturingPipelineR&D PipelineLead Progr",
    "link": "https://wavelifesciences.com/company/leadership/",
    "timestamp": "unknown"
  },
  {
    "title": "CompanyLeadership TeamDEICorporate ResponsibilityContact UsSciencePRISM\u2122 PlatformPublicationsCollaborationsManufacturingPipelineR&D PipelineLead Progr",
    "link": "https://wavelifesciences.com/company/leadership/",
    "timestamp": "unknown"
  },
  {
    "title": "CompanyLeadership TeamDEICorporate ResponsibilityContact UsSciencePRISM\u2122 PlatformPublicationsCollaborationsManufacturingPipelineR&D PipelineLead Progr",
    "link": "https://wavelifesciences.com/company/leadership/",
    "timestamp": "unknown"
  },
  {
    "title": "CompanyLeadership TeamDEICorporate ResponsibilityContact Us",
    "link": "https://wavelifesciences.com/company/leadership/",
    "timestamp": "unknown"
  },
  {
    "title": "Leadership Team",
    "link": "https://wavelifesciences.com/company/leadership/",
    "timestamp": "unknown"
  },
  {
    "title": "DEI",
    "link": "https://wavelifesciences.com/company/sustainability/#tab1",
    "timestamp": "unknown"
  },
  {
    "title": "Corporate Responsibility",
    "link": "https://wavelifesciences.com/company/sustainability/",
    "timestamp": "unknown"
  },
  {
    "title": "Contact Us",
    "link": "https://wavelifesciences.com/company/contact/",
    "timestamp": "unknown"
  },
  {
    "title": "SciencePRISM\u2122 PlatformPublicationsCollaborationsManufacturing",
    "link": "https://wavelifesciences.com/science/prism-platform/",
    "timestamp": "unknown"
  },
  {
    "title": "PRISM\u2122 Platform",
    "link": "https://wavelifesciences.com/science/prism-platform/",
    "timestamp": "unknown"
  },
  {
    "title": "Publications",
    "link": "https://wavelifesciences.com/science/publications/",
    "timestamp": "unknown"
  },
  {
    "title": "Collaborations",
    "link": "https://wavelifesciences.com/science/collaborations/",
    "timestamp": "unknown"
  },
  {
    "title": "Manufacturing",
    "link": "https://wavelifesciences.com/science/manufacturing/",
    "timestamp": "unknown"
  },
  {
    "title": "PipelineR&D PipelineLead Programs",
    "link": "https://wavelifesciences.com/pipeline/research-and-development/",
    "timestamp": "unknown"
  },
  {
    "title": "R&D Pipeline",
    "link": "https://wavelifesciences.com/pipeline/research-and-development/",
    "timestamp": "unknown"
  },
  {
    "title": "Lead Programs",
    "link": "https://wavelifesciences.com/pipeline/lead-programs/",
    "timestamp": "unknown"
  },
  {
    "title": "NewsPress Releases",
    "link": "https://ir.wavelifesciences.com/press-releases",
    "timestamp": "unknown"
  },
  {
    "title": "Press Releases",
    "link": "https://ir.wavelifesciences.com/press-releases",
    "timestamp": "unknown"
  },
  {
    "title": "\u00a9  Wave Life Sciences. All Rights Reserved.PrivacyTerms of useContact",
    "link": "https://wavelifesciences.com/privacy/",
    "timestamp": "unknown"
  },
  {
    "title": "\u00a9  Wave Life Sciences. All Rights Reserved.PrivacyTerms of useContact",
    "link": "https://wavelifesciences.com/privacy/",
    "timestamp": "unknown"
  },
  {
    "title": "\u00a9  Wave Life Sciences. All Rights Reserved.PrivacyTerms of useContact",
    "link": "https://wavelifesciences.com/privacy/",
    "timestamp": "unknown"
  },
  {
    "title": "Privacy",
    "link": "https://wavelifesciences.com/privacy/",
    "timestamp": "unknown"
  },
  {
    "title": "Terms of use",
    "link": "https://wavelifesciences.com/terms-of-use/",
    "timestamp": "unknown"
  },
  {
    "title": "Contact",
    "link": "https://wavelifesciences.com/about/contact/",
    "timestamp": "unknown"
  }
]