[
  {
    "title": "Patients & FamiliesInvestorsCareersFollow UsXLinkedInGlassdoorCompanyLeadership TeamDEICorporate ResponsibilityContact UsSciencePRISM\u2122 PlatformPublica",
    "link": "https://wavelifesciences.com/",
    "timestamp": "unknown"
  },
  {
    "title": "Patients & FamiliesInvestorsCareersFollow UsXLinkedInGlassdoorCompanyLeadership TeamDEICorporate ResponsibilityContact UsSciencePRISM\u2122 PlatformPublica",
    "link": "https://wavelifesciences.com/",
    "timestamp": "unknown"
  },
  {
    "title": "Patients & FamiliesInvestorsCareersFollow UsXLinkedInGlassdoorCompanyLeadership TeamDEICorporate ResponsibilityContact UsSciencePRISM\u2122 PlatformPublica",
    "link": "https://wavelifesciences.com/",
    "timestamp": "unknown"
  },
  {
    "title": "Patients & FamiliesInvestorsCareersFollow UsXLinkedInGlassdoorCompanyLeadership TeamDEICorporate ResponsibilityContact UsSciencePRISM\u2122 PlatformPublica",
    "link": "https://wavelifesciences.com/patients-and-families/",
    "timestamp": "unknown"
  },
  {
    "title": "Patients & FamiliesInvestorsCareersFollow UsXLinkedInGlassdoor",
    "link": "https://wavelifesciences.com/patients-and-families/",
    "timestamp": "unknown"
  },
  {
    "title": "Patients & Families",
    "link": "https://wavelifesciences.com/patients-and-families/",
    "timestamp": "unknown"
  },
  {
    "title": "Investors",
    "link": "https://ir.wavelifesciences.com/",
    "timestamp": "unknown"
  },
  {
    "title": "Careers",
    "link": "https://wavelifesciences.com/careers/",
    "timestamp": "unknown"
  },
  {
    "title": "Follow UsXLinkedInGlassdoor",
    "link": "https://ir.wavelifesciences.com/events-publications/publications",
    "timestamp": "unknown"
  },
  {
    "title": "X",
    "link": "https://twitter.com/WAVELifeSci",
    "timestamp": "unknown"
  },
  {
    "title": "LinkedIn",
    "link": "https://www.linkedin.com/company/wave-life-sciences",
    "timestamp": "unknown"
  },
  {
    "title": "Glassdoor",
    "link": "https://www.glassdoor.com/Overview/Working-at-WAVE-Life-Sciences-EI_IE1575145.,.htm",
    "timestamp": "unknown"
  },
  {
    "title": "CompanyLeadership TeamDEICorporate ResponsibilityContact UsSciencePRISM\u2122 PlatformPublicationsCollaborationsManufacturingPipelineR&D PipelineLead Progr",
    "link": "https://wavelifesciences.com/company/leadership/",
    "timestamp": "unknown"
  },
  {
    "title": "CompanyLeadership TeamDEICorporate ResponsibilityContact Us",
    "link": "https://wavelifesciences.com/company/leadership/",
    "timestamp": "unknown"
  },
  {
    "title": "Leadership Team",
    "link": "https://wavelifesciences.com/company/leadership/",
    "timestamp": "unknown"
  },
  {
    "title": "DEI",
    "link": "https://wavelifesciences.com/company/sustainability/#tab1",
    "timestamp": "unknown"
  },
  {
    "title": "Corporate Responsibility",
    "link": "https://wavelifesciences.com/company/sustainability/",
    "timestamp": "unknown"
  },
  {
    "title": "Contact Us",
    "link": "https://wavelifesciences.com/company/contact/",
    "timestamp": "unknown"
  },
  {
    "title": "SciencePRISM\u2122 PlatformPublicationsCollaborationsManufacturing",
    "link": "https://wavelifesciences.com/science/prism-platform/",
    "timestamp": "unknown"
  },
  {
    "title": "PRISM\u2122 Platform",
    "link": "https://wavelifesciences.com/science/prism-platform/",
    "timestamp": "unknown"
  },
  {
    "title": "Publications",
    "link": "https://wavelifesciences.com/science/publications/",
    "timestamp": "unknown"
  },
  {
    "title": "Collaborations",
    "link": "https://wavelifesciences.com/science/collaborations/",
    "timestamp": "unknown"
  },
  {
    "title": "Manufacturing",
    "link": "https://wavelifesciences.com/science/manufacturing/",
    "timestamp": "unknown"
  },
  {
    "title": "PipelineR&D PipelineLead Programs",
    "link": "https://wavelifesciences.com/pipeline/research-and-development/",
    "timestamp": "unknown"
  },
  {
    "title": "R&D Pipeline",
    "link": "https://wavelifesciences.com/pipeline/research-and-development/",
    "timestamp": "unknown"
  },
  {
    "title": "Lead Programs",
    "link": "https://wavelifesciences.com/pipeline/lead-programs/",
    "timestamp": "unknown"
  },
  {
    "title": "NewsPress Releases",
    "link": "https://ir.wavelifesciences.com/press-releases",
    "timestamp": "unknown"
  },
  {
    "title": "Press Releases",
    "link": "https://ir.wavelifesciences.com/press-releases",
    "timestamp": "unknown"
  },
  {
    "title": "HomeInvestorsPublications",
    "link": "https://wavelifesciences.com/",
    "timestamp": "unknown"
  },
  {
    "title": "HomeInvestorsPublications",
    "link": "https://wavelifesciences.com/",
    "timestamp": "unknown"
  },
  {
    "title": "HomeInvestorsPublications",
    "link": "https://wavelifesciences.com/",
    "timestamp": "unknown"
  },
  {
    "title": "HomeInvestorsPublications",
    "link": "https://wavelifesciences.com/",
    "timestamp": "unknown"
  },
  {
    "title": "Home",
    "link": "https://wavelifesciences.com/",
    "timestamp": "unknown"
  },
  {
    "title": "Investors",
    "link": "https://ir.wavelifesciences.com/",
    "timestamp": "unknown"
  },
  {
    "title": "CompanyLeadership TeamDEICorporate ResponsibilityContact UsSciencePRISM\u2122 PlatformPublicationsCollaborationsManufacturingPipelineR&D PipelineLead Progr",
    "link": "https://wavelifesciences.com/company/leadership/",
    "timestamp": "unknown"
  },
  {
    "title": "CompanyLeadership TeamDEICorporate ResponsibilityContact UsSciencePRISM\u2122 PlatformPublicationsCollaborationsManufacturingPipelineR&D PipelineLead Progr",
    "link": "https://wavelifesciences.com/company/leadership/",
    "timestamp": "unknown"
  },
  {
    "title": "CompanyLeadership TeamDEICorporate ResponsibilityContact Us",
    "link": "https://wavelifesciences.com/company/leadership/",
    "timestamp": "unknown"
  },
  {
    "title": "Leadership Team",
    "link": "https://wavelifesciences.com/company/leadership/",
    "timestamp": "unknown"
  },
  {
    "title": "DEI",
    "link": "https://wavelifesciences.com/company/sustainability/#tab1",
    "timestamp": "unknown"
  },
  {
    "title": "Corporate Responsibility",
    "link": "https://wavelifesciences.com/company/sustainability/",
    "timestamp": "unknown"
  },
  {
    "title": "Contact Us",
    "link": "https://wavelifesciences.com/company/contact/",
    "timestamp": "unknown"
  },
  {
    "title": "SciencePRISM\u2122 PlatformPublicationsCollaborationsManufacturing",
    "link": "https://wavelifesciences.com/science/prism-platform/",
    "timestamp": "unknown"
  },
  {
    "title": "PRISM\u2122 Platform",
    "link": "https://wavelifesciences.com/science/prism-platform/",
    "timestamp": "unknown"
  },
  {
    "title": "Publications",
    "link": "https://wavelifesciences.com/science/publications/",
    "timestamp": "unknown"
  },
  {
    "title": "Collaborations",
    "link": "https://wavelifesciences.com/science/collaborations/",
    "timestamp": "unknown"
  },
  {
    "title": "Manufacturing",
    "link": "https://wavelifesciences.com/science/manufacturing/",
    "timestamp": "unknown"
  },
  {
    "title": "PipelineR&D PipelineLead Programs",
    "link": "https://wavelifesciences.com/pipeline/research-and-development/",
    "timestamp": "unknown"
  },
  {
    "title": "R&D Pipeline",
    "link": "https://wavelifesciences.com/pipeline/research-and-development/",
    "timestamp": "unknown"
  },
  {
    "title": "Lead Programs",
    "link": "https://wavelifesciences.com/pipeline/lead-programs/",
    "timestamp": "unknown"
  },
  {
    "title": "NewsPress Releases",
    "link": "https://ir.wavelifesciences.com/press-releases",
    "timestamp": "unknown"
  },
  {
    "title": "Press Releases",
    "link": "https://ir.wavelifesciences.com/press-releases",
    "timestamp": "unknown"
  },
  {
    "title": "Patients & Families",
    "link": "https://wavelifesciences.com/patients-and-families/",
    "timestamp": "unknown"
  },
  {
    "title": "Investors",
    "link": "https://ir.wavelifesciences.com/",
    "timestamp": "unknown"
  },
  {
    "title": "Careers",
    "link": "https://wavelifesciences.com/careers/",
    "timestamp": "unknown"
  },
  {
    "title": "Follow UsXLinkedInGlassdoor",
    "link": "https://ir.wavelifesciences.com/events-publications/publications",
    "timestamp": "unknown"
  },
  {
    "title": "X",
    "link": "https://twitter.com/WAVELifeSci",
    "timestamp": "unknown"
  },
  {
    "title": "LinkedIn",
    "link": "https://www.linkedin.com/company/wave-life-sciences",
    "timestamp": "unknown"
  },
  {
    "title": "Glassdoor",
    "link": "https://www.glassdoor.com/Overview/Working-at-WAVE-Life-Sciences-EI_IE1575145.,.htm",
    "timestamp": "unknown"
  },
  {
    "title": "MenuOverviewNewsEvents & PublicationsSEC FilingsStock InformationAnalyst CoverageCorporate GovernanceFAQs",
    "link": "https://ir.wavelifesciences.com/",
    "timestamp": "unknown"
  },
  {
    "title": "MenuOverviewNewsEvents & PublicationsSEC FilingsStock InformationAnalyst CoverageCorporate GovernanceFAQs",
    "link": "https://ir.wavelifesciences.com/",
    "timestamp": "unknown"
  },
  {
    "title": "MenuOverviewNewsEvents & PublicationsSEC FilingsStock InformationAnalyst CoverageCorporate GovernanceFAQs",
    "link": "https://ir.wavelifesciences.com/",
    "timestamp": "unknown"
  },
  {
    "title": "Overview",
    "link": "https://ir.wavelifesciences.com/",
    "timestamp": "unknown"
  },
  {
    "title": "News",
    "link": "https://ir.wavelifesciences.com/press-releases",
    "timestamp": "unknown"
  },
  {
    "title": "Events & Publications",
    "link": "https://ir.wavelifesciences.com/events-publications/events",
    "timestamp": "unknown"
  },
  {
    "title": "SEC Filings",
    "link": "https://ir.wavelifesciences.com/financial-information/sec-filings",
    "timestamp": "unknown"
  },
  {
    "title": "Stock Information",
    "link": "https://ir.wavelifesciences.com/stock-information/stock",
    "timestamp": "unknown"
  },
  {
    "title": "Analyst Coverage",
    "link": "https://ir.wavelifesciences.com/analyst-coverage-page",
    "timestamp": "unknown"
  },
  {
    "title": "Corporate Governance",
    "link": "https://ir.wavelifesciences.com/corporate-governance",
    "timestamp": "unknown"
  },
  {
    "title": "FAQs",
    "link": "https://ir.wavelifesciences.com/investor-faqs",
    "timestamp": "unknown"
  },
  {
    "title": "Investor EventsScientific PresentationsPublicationsRational design of base, sugar and backbone modifications improves ADAR-mediated RNA editingNUCLEIC",
    "link": "https://ir.wavelifesciences.com/events-publications/events",
    "timestamp": "unknown"
  },
  {
    "title": "Investor EventsScientific PresentationsPublicationsRational design of base, sugar and backbone modifications improves ADAR-mediated RNA editingNUCLEIC",
    "link": "https://ir.wavelifesciences.com/events-publications/events",
    "timestamp": "unknown"
  },
  {
    "title": "Investor EventsScientific PresentationsPublicationsRational design of base, sugar and backbone modifications improves ADAR-mediated RNA editingNUCLEIC",
    "link": "https://ir.wavelifesciences.com/events-publications/events",
    "timestamp": "unknown"
  },
  {
    "title": "Investor EventsScientific PresentationsPublicationsRational design of base, sugar and backbone modifications improves ADAR-mediated RNA editingNUCLEIC",
    "link": "https://ir.wavelifesciences.com/events-publications/events",
    "timestamp": "unknown"
  },
  {
    "title": "Investor EventsScientific PresentationsPublicationsRational design of base, sugar and backbone modifications improves ADAR-mediated RNA editingNUCLEIC",
    "link": "https://ir.wavelifesciences.com/events-publications/events",
    "timestamp": "unknown"
  },
  {
    "title": "Investor EventsScientific PresentationsPublicationsRational design of base, sugar and backbone modifications improves ADAR-mediated RNA editingNUCLEIC",
    "link": "https://ir.wavelifesciences.com/events-publications/events",
    "timestamp": "unknown"
  },
  {
    "title": "Investor Events",
    "link": "https://ir.wavelifesciences.com/events-publications/events",
    "timestamp": "unknown"
  },
  {
    "title": "Scientific Presentations",
    "link": "https://ir.wavelifesciences.com/events-publications/scientific-presentations",
    "timestamp": "unknown"
  },
  {
    "title": "Publications",
    "link": "https://ir.wavelifesciences.com/events-publications/publications",
    "timestamp": "unknown"
  },
  {
    "title": "Rational design of base, sugar and backbone modifications improves ADAR-mediated RNA editingNUCLEIC ACIDS RESEARCH (August )VIEW PUBLICATIONPreclinica",
    "link": "https://academic.oup.com/nar/advance-article/doi/./nar/gkae681/?login=false",
    "timestamp": "unknown"
  },
  {
    "title": "Rational design of base, sugar and backbone modifications improves ADAR-mediated RNA editingNUCLEIC ACIDS RESEARCH (August )VIEW PUBLICATIONPreclinica",
    "link": "https://academic.oup.com/nar/advance-article/doi/./nar/gkae681/?login=false",
    "timestamp": "unknown"
  },
  {
    "title": "Rational design of base, sugar and backbone modifications improves ADAR-mediated RNA editingNUCLEIC ACIDS RESEARCH (August )VIEW PUBLICATIONPreclinica",
    "link": "https://academic.oup.com/nar/advance-article/doi/./nar/gkae681/?login=false",
    "timestamp": "unknown"
  },
  {
    "title": "Rational design of base, sugar and backbone modifications improves ADAR-mediated RNA editingNUCLEIC ACIDS RESEARCH (August )VIEW PUBLICATIONPreclinica",
    "link": "https://academic.oup.com/nar/advance-article/doi/./nar/gkae681/?login=false",
    "timestamp": "unknown"
  },
  {
    "title": "Rational design of base, sugar and backbone modifications improves ADAR-mediated RNA editingNUCLEIC ACIDS RESEARCH (August )VIEW PUBLICATIONPreclinica",
    "link": "https://academic.oup.com/nar/advance-article/doi/./nar/gkae681/?login=false",
    "timestamp": "unknown"
  },
  {
    "title": "Rational design of base, sugar and backbone modifications improves ADAR-mediated RNA editingNUCLEIC ACIDS RESEARCH (August )VIEW PUBLICATIONPreclinica",
    "link": "https://academic.oup.com/nar/advance-article/doi/./nar/gkae681/?login=false",
    "timestamp": "unknown"
  },
  {
    "title": "Rational design of base, sugar and backbone modifications improves ADAR-mediated RNA editingNUCLEIC ACIDS RESEARCH (August )VIEW PUBLICATIONPreclinica",
    "link": "https://academic.oup.com/nar/advance-article/doi/./nar/gkae681/?login=false",
    "timestamp": "unknown"
  },
  {
    "title": "Rational design of base, sugar and backbone modifications improves ADAR-mediated RNA editingNUCLEIC ACIDS RESEARCH (August )VIEW PUBLICATIONPreclinica",
    "link": "https://academic.oup.com/nar/advance-article/doi/./nar/gkae681/?login=false",
    "timestamp": "unknown"
  },
  {
    "title": "Rational design of base, sugar and backbone modifications improves ADAR-mediated RNA editingNUCLEIC ACIDS RESEARCH (August )VIEW PUBLICATIONPreclinica",
    "link": "https://academic.oup.com/nar/advance-article/doi/./nar/gkae681/?login=false",
    "timestamp": "unknown"
  },
  {
    "title": "Rational design of base, sugar and backbone modifications improves ADAR-mediated RNA editingNUCLEIC ACIDS RESEARCH (August )VIEW PUBLICATIONPreclinica",
    "link": "https://academic.oup.com/nar/advance-article/doi/./nar/gkae681/?login=false",
    "timestamp": "unknown"
  },
  {
    "title": "Rational design of base, sugar and backbone modifications improves ADAR-mediated RNA editingNUCLEIC ACIDS RESEARCH (August )VIEW PUBLICATIONPreclinica",
    "link": "https://academic.oup.com/nar/advance-article/doi/./nar/gkae681/?login=false",
    "timestamp": "unknown"
  },
  {
    "title": "Rational design of base, sugar and backbone modifications improves ADAR-mediated RNA editingNUCLEIC ACIDS RESEARCH (August )VIEW PUBLICATIONPreclinica",
    "link": "https://academic.oup.com/nar/advance-article/doi/./nar/gkae681/?login=false",
    "timestamp": "unknown"
  },
  {
    "title": "Rational design of base, sugar and backbone modifications improves ADAR-mediated RNA editingNUCLEIC ACIDS RESEARCH (August )VIEW PUBLICATIONPreclinica",
    "link": "https://academic.oup.com/nar/advance-article/doi/./nar/gkae681/?login=false",
    "timestamp": "unknown"
  },
  {
    "title": "Rational design of base, sugar and backbone modifications improves ADAR-mediated RNA editingNUCLEIC ACIDS RESEARCH (August )VIEW PUBLICATIONPreclinica",
    "link": "https://academic.oup.com/nar/advance-article/doi/./nar/gkae681/?login=false",
    "timestamp": "unknown"
  },
  {
    "title": "Rational design of base, sugar and backbone modifications improves ADAR-mediated RNA editingNUCLEIC ACIDS RESEARCH (August )VIEW PUBLICATIONPreclinica",
    "link": "https://academic.oup.com/nar/advance-article/doi/./nar/gkae681/?login=false",
    "timestamp": "unknown"
  },
  {
    "title": "Rational design of base, sugar and backbone modifications improves ADAR-mediated RNA editingNUCLEIC ACIDS RESEARCH (August )VIEW PUBLICATION",
    "link": "https://academic.oup.com/nar/advance-article/doi/./nar/gkae681/?login=false",
    "timestamp": "unknown"
  },
  {
    "title": "Rational design of base, sugar and backbone modifications improves ADAR-mediated RNA editingNUCLEIC ACIDS RESEARCH (August )VIEW PUBLICATION",
    "link": "https://academic.oup.com/nar/advance-article/doi/./nar/gkae681/?login=false",
    "timestamp": "unknown"
  },
  {
    "title": "Rational design of base, sugar and backbone modifications improves ADAR-mediated RNA editingNUCLEIC ACIDS RESEARCH (August )VIEW PUBLICATION",
    "link": "https://academic.oup.com/nar/advance-article/doi/./nar/gkae681/?login=false",
    "timestamp": "unknown"
  },
  {
    "title": "Rational design of base, sugar and backbone modifications improves ADAR-mediated RNA editingNUCLEIC ACIDS RESEARCH (August )VIEW PUBLICATION",
    "link": "https://academic.oup.com/nar/advance-article/doi/./nar/gkae681/?login=false",
    "timestamp": "unknown"
  },
  {
    "title": "VIEW PUBLICATION",
    "link": "https://academic.oup.com/nar/advance-article/doi/./nar/gkae681/?login=false",
    "timestamp": "unknown"
  },
  {
    "title": "VIEW PUBLICATION",
    "link": "https://academic.oup.com/nar/advance-article/doi/./nar/gkae681/?login=false",
    "timestamp": "unknown"
  },
  {
    "title": "VIEW PUBLICATION",
    "link": "https://academic.oup.com/nar/advance-article/doi/./nar/gkae681/?login=false",
    "timestamp": "unknown"
  },
  {
    "title": "VIEW PUBLICATION",
    "link": "https://academic.oup.com/nar/advance-article/doi/./nar/gkae681/?login=false",
    "timestamp": "unknown"
  },
  {
    "title": "VIEW PUBLICATION",
    "link": "https://academic.oup.com/nar/advance-article/doi/./nar/gkae681/?login=false",
    "timestamp": "unknown"
  },
  {
    "title": "VIEW PUBLICATION",
    "link": "https://academic.oup.com/nar/advance-article/doi/./nar/gkae681/?login=false",
    "timestamp": "unknown"
  },
  {
    "title": "VIEW PUBLICATION",
    "link": "https://academic.oup.com/nar/advance-article/doi/./nar/gkae681/?login=false",
    "timestamp": "unknown"
  },
  {
    "title": "Preclinical Evaluation of Stereopure Antisense Oligonucleotides for Allele-selective Lowering of Mutant HTTMOLECULAR THERAPY NUCLEIC ACIDS (June )VIEW",
    "link": "https://www.cell.com/molecular-therapy-family/nucleic-acids/fulltext/S2162-()-?dgcid=raven_jbs_aip_emai",
    "timestamp": "unknown"
  },
  {
    "title": "Preclinical Evaluation of Stereopure Antisense Oligonucleotides for Allele-selective Lowering of Mutant HTTMOLECULAR THERAPY NUCLEIC ACIDS (June )VIEW",
    "link": "https://www.cell.com/molecular-therapy-family/nucleic-acids/fulltext/S2162-()-?dgcid=raven_jbs_aip_emai",
    "timestamp": "unknown"
  },
  {
    "title": "Preclinical Evaluation of Stereopure Antisense Oligonucleotides for Allele-selective Lowering of Mutant HTTMOLECULAR THERAPY NUCLEIC ACIDS (June )VIEW",
    "link": "https://www.cell.com/molecular-therapy-family/nucleic-acids/fulltext/S2162-()-?dgcid=raven_jbs_aip_emai",
    "timestamp": "unknown"
  },
  {
    "title": "Preclinical Evaluation of Stereopure Antisense Oligonucleotides for Allele-selective Lowering of Mutant HTTMOLECULAR THERAPY NUCLEIC ACIDS (June )VIEW",
    "link": "https://www.cell.com/molecular-therapy-family/nucleic-acids/fulltext/S2162-()-?dgcid=raven_jbs_aip_emai",
    "timestamp": "unknown"
  },
  {
    "title": "VIEW PUBLICATION",
    "link": "https://www.cell.com/molecular-therapy-family/nucleic-acids/fulltext/S2162-()-?dgcid=raven_jbs_aip_emai",
    "timestamp": "unknown"
  },
  {
    "title": "VIEW PUBLICATION",
    "link": "https://www.cell.com/molecular-therapy-family/nucleic-acids/fulltext/S2162-()-?dgcid=raven_jbs_aip_emai",
    "timestamp": "unknown"
  },
  {
    "title": "VIEW PUBLICATION",
    "link": "https://www.cell.com/molecular-therapy-family/nucleic-acids/fulltext/S2162-()-?dgcid=raven_jbs_aip_emai",
    "timestamp": "unknown"
  },
  {
    "title": "VIEW PUBLICATION",
    "link": "https://www.cell.com/molecular-therapy-family/nucleic-acids/fulltext/S2162-()-?dgcid=raven_jbs_aip_emai",
    "timestamp": "unknown"
  },
  {
    "title": "VIEW PUBLICATION",
    "link": "https://www.cell.com/molecular-therapy-family/nucleic-acids/fulltext/S2162-()-?dgcid=raven_jbs_aip_emai",
    "timestamp": "unknown"
  },
  {
    "title": "VIEW PUBLICATION",
    "link": "https://www.cell.com/molecular-therapy-family/nucleic-acids/fulltext/S2162-()-?dgcid=raven_jbs_aip_emai",
    "timestamp": "unknown"
  },
  {
    "title": "VIEW PUBLICATION",
    "link": "https://www.cell.com/molecular-therapy-family/nucleic-acids/fulltext/S2162-()-?dgcid=raven_jbs_aip_emai",
    "timestamp": "unknown"
  },
  {
    "title": "Impact of stereopure chimeric backbone chemistries on the potency and durability of gene silencing by RNA interferenceNUCLEIC ACIDS RESEARCH (April )V",
    "link": "https://academic.oup.com/nar/advance-article/doi/./nar/gkad268/?login=false",
    "timestamp": "unknown"
  },
  {
    "title": "Impact of stereopure chimeric backbone chemistries on the potency and durability of gene silencing by RNA interferenceNUCLEIC ACIDS RESEARCH (April )V",
    "link": "https://academic.oup.com/nar/advance-article/doi/./nar/gkad268/?login=false",
    "timestamp": "unknown"
  },
  {
    "title": "Impact of stereopure chimeric backbone chemistries on the potency and durability of gene silencing by RNA interferenceNUCLEIC ACIDS RESEARCH (April )V",
    "link": "https://academic.oup.com/nar/advance-article/doi/./nar/gkad268/?login=false",
    "timestamp": "unknown"
  },
  {
    "title": "Impact of stereopure chimeric backbone chemistries on the potency and durability of gene silencing by RNA interferenceNUCLEIC ACIDS RESEARCH (April )V",
    "link": "https://academic.oup.com/nar/advance-article/doi/./nar/gkad268/?login=false",
    "timestamp": "unknown"
  },
  {
    "title": "VIEW PUBLICATION",
    "link": "https://academic.oup.com/nar/advance-article/doi/./nar/gkad268/?login=false",
    "timestamp": "unknown"
  },
  {
    "title": "VIEW PUBLICATION",
    "link": "https://academic.oup.com/nar/advance-article/doi/./nar/gkad268/?login=false",
    "timestamp": "unknown"
  },
  {
    "title": "VIEW PUBLICATION",
    "link": "https://academic.oup.com/nar/advance-article/doi/./nar/gkad268/?login=false",
    "timestamp": "unknown"
  },
  {
    "title": "VIEW PUBLICATION",
    "link": "https://academic.oup.com/nar/advance-article/doi/./nar/gkad268/?login=false",
    "timestamp": "unknown"
  },
  {
    "title": "VIEW PUBLICATION",
    "link": "https://academic.oup.com/nar/advance-article/doi/./nar/gkad268/?login=false",
    "timestamp": "unknown"
  },
  {
    "title": "VIEW PUBLICATION",
    "link": "https://academic.oup.com/nar/advance-article/doi/./nar/gkad268/?login=false",
    "timestamp": "unknown"
  },
  {
    "title": "VIEW PUBLICATION",
    "link": "https://academic.oup.com/nar/advance-article/doi/./nar/gkad268/?login=false",
    "timestamp": "unknown"
  },
  {
    "title": "Preclinical Evaluation of WVE-, an Investigational Stereopure Antisense Oligonucleotide for the Treatment of C9orf72-associated ALS or FTDMOLECULAR TH",
    "link": "https://www.cell.com/molecular-therapy-family/nucleic-acids/fulltext/S2162-()-X",
    "timestamp": "unknown"
  },
  {
    "title": "Preclinical Evaluation of WVE-, an Investigational Stereopure Antisense Oligonucleotide for the Treatment of C9orf72-associated ALS or FTDMOLECULAR TH",
    "link": "https://www.cell.com/molecular-therapy-family/nucleic-acids/fulltext/S2162-()-X",
    "timestamp": "unknown"
  },
  {
    "title": "Preclinical Evaluation of WVE-, an Investigational Stereopure Antisense Oligonucleotide for the Treatment of C9orf72-associated ALS or FTDMOLECULAR TH",
    "link": "https://www.cell.com/molecular-therapy-family/nucleic-acids/fulltext/S2162-()-X",
    "timestamp": "unknown"
  },
  {
    "title": "Preclinical Evaluation of WVE-, an Investigational Stereopure Antisense Oligonucleotide for the Treatment of C9orf72-associated ALS or FTDMOLECULAR TH",
    "link": "https://www.cell.com/molecular-therapy-family/nucleic-acids/fulltext/S2162-()-X",
    "timestamp": "unknown"
  },
  {
    "title": "VIEW PUBLICATION",
    "link": "https://www.cell.com/molecular-therapy-family/nucleic-acids/fulltext/S2162-()-X",
    "timestamp": "unknown"
  },
  {
    "title": "VIEW PUBLICATION",
    "link": "https://www.cell.com/molecular-therapy-family/nucleic-acids/fulltext/S2162-()-X",
    "timestamp": "unknown"
  },
  {
    "title": "VIEW PUBLICATION",
    "link": "https://www.cell.com/molecular-therapy-family/nucleic-acids/fulltext/S2162-()-X",
    "timestamp": "unknown"
  },
  {
    "title": "VIEW PUBLICATION",
    "link": "https://www.cell.com/molecular-therapy-family/nucleic-acids/fulltext/S2162-()-X",
    "timestamp": "unknown"
  },
  {
    "title": "VIEW PUBLICATION",
    "link": "https://www.cell.com/molecular-therapy-family/nucleic-acids/fulltext/S2162-()-X",
    "timestamp": "unknown"
  },
  {
    "title": "VIEW PUBLICATION",
    "link": "https://www.cell.com/molecular-therapy-family/nucleic-acids/fulltext/S2162-()-X",
    "timestamp": "unknown"
  },
  {
    "title": "VIEW PUBLICATION",
    "link": "https://www.cell.com/molecular-therapy-family/nucleic-acids/fulltext/S2162-()-X",
    "timestamp": "unknown"
  },
  {
    "title": "Improvements to Hybridization-Ligation Enzyme-Linked Immunosorbent Assay Methods to Overcome Bioanalytical Challenges Posed by Novel Oligonucleotide T",
    "link": "https://www.liebertpub.com/doi/./nat..",
    "timestamp": "unknown"
  },
  {
    "title": "Improvements to Hybridization-Ligation Enzyme-Linked Immunosorbent Assay Methods to Overcome Bioanalytical Challenges Posed by Novel Oligonucleotide T",
    "link": "https://www.liebertpub.com/doi/./nat..",
    "timestamp": "unknown"
  },
  {
    "title": "Improvements to Hybridization-Ligation Enzyme-Linked Immunosorbent Assay Methods to Overcome Bioanalytical Challenges Posed by Novel Oligonucleotide T",
    "link": "https://www.liebertpub.com/doi/./nat..",
    "timestamp": "unknown"
  },
  {
    "title": "Improvements to Hybridization-Ligation Enzyme-Linked Immunosorbent Assay Methods to Overcome Bioanalytical Challenges Posed by Novel Oligonucleotide T",
    "link": "https://www.liebertpub.com/doi/./nat..",
    "timestamp": "unknown"
  },
  {
    "title": "VIEW PUBLICATION",
    "link": "https://www.liebertpub.com/doi/./nat..",
    "timestamp": "unknown"
  },
  {
    "title": "VIEW PUBLICATION",
    "link": "https://www.liebertpub.com/doi/./nat..",
    "timestamp": "unknown"
  },
  {
    "title": "VIEW PUBLICATION",
    "link": "https://www.liebertpub.com/doi/./nat..",
    "timestamp": "unknown"
  },
  {
    "title": "VIEW PUBLICATION",
    "link": "https://www.liebertpub.com/doi/./nat..",
    "timestamp": "unknown"
  },
  {
    "title": "VIEW PUBLICATION",
    "link": "https://www.liebertpub.com/doi/./nat..",
    "timestamp": "unknown"
  },
  {
    "title": "VIEW PUBLICATION",
    "link": "https://www.liebertpub.com/doi/./nat..",
    "timestamp": "unknown"
  },
  {
    "title": "VIEW PUBLICATION",
    "link": "https://www.liebertpub.com/doi/./nat..",
    "timestamp": "unknown"
  },
  {
    "title": "Development of a Sensitive Trial-ready Poly(GP) CSF Biomarker Assay for C9orf72-associated Frontotemporal Dementia and Amyotrophic Lateral SclerosisJO",
    "link": "https://jnnp.bmj.com/content/early//jnnp--.long",
    "timestamp": "unknown"
  },
  {
    "title": "Development of a Sensitive Trial-ready Poly(GP) CSF Biomarker Assay for C9orf72-associated Frontotemporal Dementia and Amyotrophic Lateral SclerosisJO",
    "link": "https://jnnp.bmj.com/content/early//jnnp--.long",
    "timestamp": "unknown"
  },
  {
    "title": "Development of a Sensitive Trial-ready Poly(GP) CSF Biomarker Assay for C9orf72-associated Frontotemporal Dementia and Amyotrophic Lateral SclerosisJO",
    "link": "https://jnnp.bmj.com/content/early//jnnp--.long",
    "timestamp": "unknown"
  },
  {
    "title": "Development of a Sensitive Trial-ready Poly(GP) CSF Biomarker Assay for C9orf72-associated Frontotemporal Dementia and Amyotrophic Lateral SclerosisJO",
    "link": "https://jnnp.bmj.com/content/early//jnnp--.long",
    "timestamp": "unknown"
  },
  {
    "title": "VIEW PUBLICATION",
    "link": "https://jnnp.bmj.com/content/early//jnnp--.long",
    "timestamp": "unknown"
  },
  {
    "title": "VIEW PUBLICATION",
    "link": "https://jnnp.bmj.com/content/early//jnnp--.long",
    "timestamp": "unknown"
  },
  {
    "title": "VIEW PUBLICATION",
    "link": "https://jnnp.bmj.com/content/early//jnnp--.long",
    "timestamp": "unknown"
  },
  {
    "title": "VIEW PUBLICATION",
    "link": "https://jnnp.bmj.com/content/early//jnnp--.long",
    "timestamp": "unknown"
  },
  {
    "title": "VIEW PUBLICATION",
    "link": "https://jnnp.bmj.com/content/early//jnnp--.long",
    "timestamp": "unknown"
  },
  {
    "title": "VIEW PUBLICATION",
    "link": "https://jnnp.bmj.com/content/early//jnnp--.long",
    "timestamp": "unknown"
  },
  {
    "title": "VIEW PUBLICATION",
    "link": "https://jnnp.bmj.com/content/early//jnnp--.long",
    "timestamp": "unknown"
  },
  {
    "title": "Predicting Exon Criticality from Protein SequenceNUCLEIC ACIDS RESEARCH (March )VIEW PUBLICATION",
    "link": "https://academic.oup.com/nar/advance-article/doi/./nar/gkac155/?login=true",
    "timestamp": "unknown"
  },
  {
    "title": "Predicting Exon Criticality from Protein SequenceNUCLEIC ACIDS RESEARCH (March )VIEW PUBLICATION",
    "link": "https://academic.oup.com/nar/advance-article/doi/./nar/gkac155/?login=true",
    "timestamp": "unknown"
  },
  {
    "title": "Predicting Exon Criticality from Protein SequenceNUCLEIC ACIDS RESEARCH (March )VIEW PUBLICATION",
    "link": "https://academic.oup.com/nar/advance-article/doi/./nar/gkac155/?login=true",
    "timestamp": "unknown"
  },
  {
    "title": "Predicting Exon Criticality from Protein SequenceNUCLEIC ACIDS RESEARCH (March )VIEW PUBLICATION",
    "link": "https://academic.oup.com/nar/advance-article/doi/./nar/gkac155/?login=true",
    "timestamp": "unknown"
  },
  {
    "title": "VIEW PUBLICATION",
    "link": "https://academic.oup.com/nar/advance-article/doi/./nar/gkac155/?login=true",
    "timestamp": "unknown"
  },
  {
    "title": "VIEW PUBLICATION",
    "link": "https://academic.oup.com/nar/advance-article/doi/./nar/gkac155/?login=true",
    "timestamp": "unknown"
  },
  {
    "title": "VIEW PUBLICATION",
    "link": "https://academic.oup.com/nar/advance-article/doi/./nar/gkac155/?login=true",
    "timestamp": "unknown"
  },
  {
    "title": "VIEW PUBLICATION",
    "link": "https://academic.oup.com/nar/advance-article/doi/./nar/gkac155/?login=true",
    "timestamp": "unknown"
  },
  {
    "title": "VIEW PUBLICATION",
    "link": "https://academic.oup.com/nar/advance-article/doi/./nar/gkac155/?login=true",
    "timestamp": "unknown"
  },
  {
    "title": "VIEW PUBLICATION",
    "link": "https://academic.oup.com/nar/advance-article/doi/./nar/gkac155/?login=true",
    "timestamp": "unknown"
  },
  {
    "title": "VIEW PUBLICATION",
    "link": "https://academic.oup.com/nar/advance-article/doi/./nar/gkac155/?login=true",
    "timestamp": "unknown"
  },
  {
    "title": "Endogenous ADAR-mediated RNA Editing in Non-human Primates using Stereopure Chemically Modified OligonucleotidesNATURE BIOTECHNOLOGY (March )VIEW PUBL",
    "link": "https://www.nature.com/articles/s41587---",
    "timestamp": "unknown"
  },
  {
    "title": "Endogenous ADAR-mediated RNA Editing in Non-human Primates using Stereopure Chemically Modified OligonucleotidesNATURE BIOTECHNOLOGY (March )VIEW PUBL",
    "link": "https://www.nature.com/articles/s41587---",
    "timestamp": "unknown"
  },
  {
    "title": "Endogenous ADAR-mediated RNA Editing in Non-human Primates using Stereopure Chemically Modified OligonucleotidesNATURE BIOTECHNOLOGY (March )VIEW PUBL",
    "link": "https://www.nature.com/articles/s41587---",
    "timestamp": "unknown"
  },
  {
    "title": "Endogenous ADAR-mediated RNA Editing in Non-human Primates using Stereopure Chemically Modified OligonucleotidesNATURE BIOTECHNOLOGY (March )VIEW PUBL",
    "link": "https://www.nature.com/articles/s41587---",
    "timestamp": "unknown"
  },
  {
    "title": "VIEW PUBLICATIONVIEW COMMENTARY",
    "link": "https://www.nature.com/articles/s41587---",
    "timestamp": "unknown"
  },
  {
    "title": "VIEW PUBLICATIONVIEW COMMENTARY",
    "link": "https://www.nature.com/articles/s41587---",
    "timestamp": "unknown"
  },
  {
    "title": "VIEW PUBLICATIONVIEW COMMENTARY",
    "link": "https://www.nature.com/articles/s41587---",
    "timestamp": "unknown"
  },
  {
    "title": "VIEW PUBLICATIONVIEW COMMENTARY",
    "link": "https://www.nature.com/articles/s41587---",
    "timestamp": "unknown"
  },
  {
    "title": "VIEW PUBLICATIONVIEW COMMENTARY",
    "link": "https://www.nature.com/articles/s41587---",
    "timestamp": "unknown"
  },
  {
    "title": "VIEW PUBLICATIONVIEW COMMENTARY",
    "link": "https://www.nature.com/articles/s41587---",
    "timestamp": "unknown"
  },
  {
    "title": "VIEW PUBLICATION",
    "link": "https://www.nature.com/articles/s41587---",
    "timestamp": "unknown"
  },
  {
    "title": "VIEW COMMENTARY",
    "link": "https://www.cell.com/molecular-therapy-family/molecular-therapy/fulltext/S1525-()-",
    "timestamp": "unknown"
  },
  {
    "title": "Impact of Guanidine-containing Backbone Linkages on Stereopure Antisense Oligonucleotides in the CNSNUCLEIC ACIDS RESEARCH (February )VIEW PUBLICATION",
    "link": "https://academic.oup.com/nar/advance-article/doi/./nar/gkac037/?login=false",
    "timestamp": "unknown"
  },
  {
    "title": "Impact of Guanidine-containing Backbone Linkages on Stereopure Antisense Oligonucleotides in the CNSNUCLEIC ACIDS RESEARCH (February )VIEW PUBLICATION",
    "link": "https://academic.oup.com/nar/advance-article/doi/./nar/gkac037/?login=false",
    "timestamp": "unknown"
  },
  {
    "title": "Impact of Guanidine-containing Backbone Linkages on Stereopure Antisense Oligonucleotides in the CNSNUCLEIC ACIDS RESEARCH (February )VIEW PUBLICATION",
    "link": "https://academic.oup.com/nar/advance-article/doi/./nar/gkac037/?login=false",
    "timestamp": "unknown"
  },
  {
    "title": "Impact of Guanidine-containing Backbone Linkages on Stereopure Antisense Oligonucleotides in the CNSNUCLEIC ACIDS RESEARCH (February )VIEW PUBLICATION",
    "link": "https://academic.oup.com/nar/advance-article/doi/./nar/gkac037/?login=false",
    "timestamp": "unknown"
  },
  {
    "title": "VIEW PUBLICATION",
    "link": "https://academic.oup.com/nar/advance-article/doi/./nar/gkac037/?login=false",
    "timestamp": "unknown"
  },
  {
    "title": "VIEW PUBLICATION",
    "link": "https://academic.oup.com/nar/advance-article/doi/./nar/gkac037/?login=false",
    "timestamp": "unknown"
  },
  {
    "title": "VIEW PUBLICATION",
    "link": "https://academic.oup.com/nar/advance-article/doi/./nar/gkac037/?login=false",
    "timestamp": "unknown"
  },
  {
    "title": "VIEW PUBLICATION",
    "link": "https://academic.oup.com/nar/advance-article/doi/./nar/gkac037/?login=false",
    "timestamp": "unknown"
  },
  {
    "title": "VIEW PUBLICATION",
    "link": "https://academic.oup.com/nar/advance-article/doi/./nar/gkac037/?login=false",
    "timestamp": "unknown"
  },
  {
    "title": "VIEW PUBLICATION",
    "link": "https://academic.oup.com/nar/advance-article/doi/./nar/gkac037/?login=false",
    "timestamp": "unknown"
  },
  {
    "title": "VIEW PUBLICATION",
    "link": "https://academic.oup.com/nar/advance-article/doi/./nar/gkac037/?login=false",
    "timestamp": "unknown"
  },
  {
    "title": "Control of Backbone Chemistry and Chirality Boost Oligonucleotide Splice Switching ActivityNUCLEIC ACIDS RESEARCH (January )VIEW PUBLICATION",
    "link": "https://academic.oup.com/nar/advance-article/doi/./nar/gkac018/?searchresult=",
    "timestamp": "unknown"
  },
  {
    "title": "Control of Backbone Chemistry and Chirality Boost Oligonucleotide Splice Switching ActivityNUCLEIC ACIDS RESEARCH (January )VIEW PUBLICATION",
    "link": "https://academic.oup.com/nar/advance-article/doi/./nar/gkac018/?searchresult=",
    "timestamp": "unknown"
  },
  {
    "title": "Control of Backbone Chemistry and Chirality Boost Oligonucleotide Splice Switching ActivityNUCLEIC ACIDS RESEARCH (January )VIEW PUBLICATION",
    "link": "https://academic.oup.com/nar/advance-article/doi/./nar/gkac018/?searchresult=",
    "timestamp": "unknown"
  },
  {
    "title": "Control of Backbone Chemistry and Chirality Boost Oligonucleotide Splice Switching ActivityNUCLEIC ACIDS RESEARCH (January )VIEW PUBLICATION",
    "link": "https://academic.oup.com/nar/advance-article/doi/./nar/gkac018/?searchresult=",
    "timestamp": "unknown"
  },
  {
    "title": "VIEW PUBLICATION",
    "link": "https://academic.oup.com/nar/advance-article/doi/./nar/gkac018/?searchresult=",
    "timestamp": "unknown"
  },
  {
    "title": "VIEW PUBLICATION",
    "link": "https://academic.oup.com/nar/advance-article/doi/./nar/gkac018/?searchresult=",
    "timestamp": "unknown"
  },
  {
    "title": "VIEW PUBLICATION",
    "link": "https://academic.oup.com/nar/advance-article/doi/./nar/gkac018/?searchresult=",
    "timestamp": "unknown"
  },
  {
    "title": "VIEW PUBLICATION",
    "link": "https://academic.oup.com/nar/advance-article/doi/./nar/gkac018/?searchresult=",
    "timestamp": "unknown"
  },
  {
    "title": "VIEW PUBLICATION",
    "link": "https://academic.oup.com/nar/advance-article/doi/./nar/gkac018/?searchresult=",
    "timestamp": "unknown"
  },
  {
    "title": "VIEW PUBLICATION",
    "link": "https://academic.oup.com/nar/advance-article/doi/./nar/gkac018/?searchresult=",
    "timestamp": "unknown"
  },
  {
    "title": "VIEW PUBLICATION",
    "link": "https://academic.oup.com/nar/advance-article/doi/./nar/gkac018/?searchresult=",
    "timestamp": "unknown"
  },
  {
    "title": "Variant-selective stereopure oligonucleotides protect against pathologies associated with C9orf72-repeat expansion in preclinical modelsNATURE COMMUNI",
    "link": "https://www.nature.com/articles/s41467---",
    "timestamp": "unknown"
  },
  {
    "title": "Variant-selective stereopure oligonucleotides protect against pathologies associated with C9orf72-repeat expansion in preclinical modelsNATURE COMMUNI",
    "link": "https://www.nature.com/articles/s41467---",
    "timestamp": "unknown"
  },
  {
    "title": "Variant-selective stereopure oligonucleotides protect against pathologies associated with C9orf72-repeat expansion in preclinical modelsNATURE COMMUNI",
    "link": "https://www.nature.com/articles/s41467---",
    "timestamp": "unknown"
  },
  {
    "title": "Variant-selective stereopure oligonucleotides protect against pathologies associated with C9orf72-repeat expansion in preclinical modelsNATURE COMMUNI",
    "link": "https://www.nature.com/articles/s41467---",
    "timestamp": "unknown"
  },
  {
    "title": "VIEW PUBLICATION",
    "link": "https://www.nature.com/articles/s41467---",
    "timestamp": "unknown"
  },
  {
    "title": "VIEW PUBLICATION",
    "link": "https://www.nature.com/articles/s41467---",
    "timestamp": "unknown"
  },
  {
    "title": "VIEW PUBLICATION",
    "link": "https://www.nature.com/articles/s41467---",
    "timestamp": "unknown"
  },
  {
    "title": "VIEW PUBLICATION",
    "link": "https://www.nature.com/articles/s41467---",
    "timestamp": "unknown"
  },
  {
    "title": "VIEW PUBLICATION",
    "link": "https://www.nature.com/articles/s41467---",
    "timestamp": "unknown"
  },
  {
    "title": "VIEW PUBLICATION",
    "link": "https://www.nature.com/articles/s41467---",
    "timestamp": "unknown"
  },
  {
    "title": "VIEW PUBLICATION",
    "link": "https://www.nature.com/articles/s41467---",
    "timestamp": "unknown"
  },
  {
    "title": "Stereochemistry Enhances Potency, Efficacy, and Durability of Malat1 Antisense Oligonucleotides In Vitro and In Vivo in Multiple SpeciesTRANSLATIONAL ",
    "link": "https://tvst.arvojournals.org/article.aspx?articleid=&resultClick=",
    "timestamp": "unknown"
  },
  {
    "title": "Stereochemistry Enhances Potency, Efficacy, and Durability of Malat1 Antisense Oligonucleotides In Vitro and In Vivo in Multiple SpeciesTRANSLATIONAL ",
    "link": "https://tvst.arvojournals.org/article.aspx?articleid=&resultClick=",
    "timestamp": "unknown"
  },
  {
    "title": "Stereochemistry Enhances Potency, Efficacy, and Durability of Malat1 Antisense Oligonucleotides In Vitro and In Vivo in Multiple SpeciesTRANSLATIONAL ",
    "link": "https://tvst.arvojournals.org/article.aspx?articleid=&resultClick=",
    "timestamp": "unknown"
  },
  {
    "title": "Stereochemistry Enhances Potency, Efficacy, and Durability of Malat1 Antisense Oligonucleotides In Vitro and In Vivo in Multiple SpeciesTRANSLATIONAL ",
    "link": "https://tvst.arvojournals.org/article.aspx?articleid=&resultClick=",
    "timestamp": "unknown"
  },
  {
    "title": "VIEW PUBLICATION",
    "link": "https://tvst.arvojournals.org/article.aspx?articleid=&resultClick=",
    "timestamp": "unknown"
  },
  {
    "title": "VIEW PUBLICATION",
    "link": "https://tvst.arvojournals.org/article.aspx?articleid=&resultClick=",
    "timestamp": "unknown"
  },
  {
    "title": "VIEW PUBLICATION",
    "link": "https://tvst.arvojournals.org/article.aspx?articleid=&resultClick=",
    "timestamp": "unknown"
  },
  {
    "title": "VIEW PUBLICATION",
    "link": "https://tvst.arvojournals.org/article.aspx?articleid=&resultClick=",
    "timestamp": "unknown"
  },
  {
    "title": "VIEW PUBLICATION",
    "link": "https://tvst.arvojournals.org/article.aspx?articleid=&resultClick=",
    "timestamp": "unknown"
  },
  {
    "title": "VIEW PUBLICATION",
    "link": "https://tvst.arvojournals.org/article.aspx?articleid=&resultClick=",
    "timestamp": "unknown"
  },
  {
    "title": "VIEW PUBLICATION",
    "link": "https://tvst.arvojournals.org/article.aspx?articleid=&resultClick=",
    "timestamp": "unknown"
  },
  {
    "title": "Lessons from an Experiential Approach to Patient Community Engagement in Rare DiseaseCLINICAL THERAPEUTICS (December )VIEW PUBLICATION",
    "link": "https://www.sciencedirect.com/science/article/pii/S014929182030549X",
    "timestamp": "unknown"
  },
  {
    "title": "Lessons from an Experiential Approach to Patient Community Engagement in Rare DiseaseCLINICAL THERAPEUTICS (December )VIEW PUBLICATION",
    "link": "https://www.sciencedirect.com/science/article/pii/S014929182030549X",
    "timestamp": "unknown"
  },
  {
    "title": "Lessons from an Experiential Approach to Patient Community Engagement in Rare DiseaseCLINICAL THERAPEUTICS (December )VIEW PUBLICATION",
    "link": "https://www.sciencedirect.com/science/article/pii/S014929182030549X",
    "timestamp": "unknown"
  },
  {
    "title": "Lessons from an Experiential Approach to Patient Community Engagement in Rare DiseaseCLINICAL THERAPEUTICS (December )VIEW PUBLICATION",
    "link": "https://www.sciencedirect.com/science/article/pii/S014929182030549X",
    "timestamp": "unknown"
  },
  {
    "title": "VIEW PUBLICATION",
    "link": "https://www.sciencedirect.com/science/article/pii/S014929182030549X",
    "timestamp": "unknown"
  },
  {
    "title": "VIEW PUBLICATION",
    "link": "https://www.sciencedirect.com/science/article/pii/S014929182030549X",
    "timestamp": "unknown"
  },
  {
    "title": "VIEW PUBLICATION",
    "link": "https://www.sciencedirect.com/science/article/pii/S014929182030549X",
    "timestamp": "unknown"
  },
  {
    "title": "VIEW PUBLICATION",
    "link": "https://www.sciencedirect.com/science/article/pii/S014929182030549X",
    "timestamp": "unknown"
  },
  {
    "title": "VIEW PUBLICATION",
    "link": "https://www.sciencedirect.com/science/article/pii/S014929182030549X",
    "timestamp": "unknown"
  },
  {
    "title": "VIEW PUBLICATION",
    "link": "https://www.sciencedirect.com/science/article/pii/S014929182030549X",
    "timestamp": "unknown"
  },
  {
    "title": "VIEW PUBLICATION",
    "link": "https://www.sciencedirect.com/science/article/pii/S014929182030549X",
    "timestamp": "unknown"
  },
  {
    "title": "Investigational Assay for Haplotype Phasing of the Huntingtin GeneMOLECULAR THERAPY: METHODS & CLINICAL DEVELOPMENT (September )VIEW PUBLICATION",
    "link": "https://www.cell.com/molecular-therapy-family/methods/fulltext/S2329-()-",
    "timestamp": "unknown"
  },
  {
    "title": "Investigational Assay for Haplotype Phasing of the Huntingtin GeneMOLECULAR THERAPY: METHODS & CLINICAL DEVELOPMENT (September )VIEW PUBLICATION",
    "link": "https://www.cell.com/molecular-therapy-family/methods/fulltext/S2329-()-",
    "timestamp": "unknown"
  },
  {
    "title": "Investigational Assay for Haplotype Phasing of the Huntingtin GeneMOLECULAR THERAPY: METHODS & CLINICAL DEVELOPMENT (September )VIEW PUBLICATION",
    "link": "https://www.cell.com/molecular-therapy-family/methods/fulltext/S2329-()-",
    "timestamp": "unknown"
  },
  {
    "title": "Investigational Assay for Haplotype Phasing of the Huntingtin GeneMOLECULAR THERAPY: METHODS & CLINICAL DEVELOPMENT (September )VIEW PUBLICATION",
    "link": "https://www.cell.com/molecular-therapy-family/methods/fulltext/S2329-()-",
    "timestamp": "unknown"
  },
  {
    "title": "VIEW PUBLICATION",
    "link": "https://www.cell.com/molecular-therapy-family/methods/fulltext/S2329-()-",
    "timestamp": "unknown"
  },
  {
    "title": "VIEW PUBLICATION",
    "link": "https://www.cell.com/molecular-therapy-family/methods/fulltext/S2329-()-",
    "timestamp": "unknown"
  },
  {
    "title": "VIEW PUBLICATION",
    "link": "https://www.cell.com/molecular-therapy-family/methods/fulltext/S2329-()-",
    "timestamp": "unknown"
  },
  {
    "title": "VIEW PUBLICATION",
    "link": "https://www.cell.com/molecular-therapy-family/methods/fulltext/S2329-()-",
    "timestamp": "unknown"
  },
  {
    "title": "VIEW PUBLICATION",
    "link": "https://www.cell.com/molecular-therapy-family/methods/fulltext/S2329-()-",
    "timestamp": "unknown"
  },
  {
    "title": "VIEW PUBLICATION",
    "link": "https://www.cell.com/molecular-therapy-family/methods/fulltext/S2329-()-",
    "timestamp": "unknown"
  },
  {
    "title": "VIEW PUBLICATION",
    "link": "https://www.cell.com/molecular-therapy-family/methods/fulltext/S2329-()-",
    "timestamp": "unknown"
  },
  {
    "title": "Genotyping Single Nucleotide Polymorphisms for Allele-Selective Therapy in Huntington\u2019s DiseaseNEUROLOGY GENETICS (June )VIEW PUBLICATION",
    "link": "https://ng.neurology.org/content///e430?utm_source=Twitter&utm_medium=organic",
    "timestamp": "unknown"
  },
  {
    "title": "Genotyping Single Nucleotide Polymorphisms for Allele-Selective Therapy in Huntington\u2019s DiseaseNEUROLOGY GENETICS (June )VIEW PUBLICATION",
    "link": "https://ng.neurology.org/content///e430?utm_source=Twitter&utm_medium=organic",
    "timestamp": "unknown"
  },
  {
    "title": "Genotyping Single Nucleotide Polymorphisms for Allele-Selective Therapy in Huntington\u2019s DiseaseNEUROLOGY GENETICS (June )VIEW PUBLICATION",
    "link": "https://ng.neurology.org/content///e430?utm_source=Twitter&utm_medium=organic",
    "timestamp": "unknown"
  },
  {
    "title": "Genotyping Single Nucleotide Polymorphisms for Allele-Selective Therapy in Huntington\u2019s DiseaseNEUROLOGY GENETICS (June )VIEW PUBLICATION",
    "link": "https://ng.neurology.org/content///e430?utm_source=Twitter&utm_medium=organic",
    "timestamp": "unknown"
  },
  {
    "title": "VIEW PUBLICATION",
    "link": "https://ng.neurology.org/content///e430?utm_source=Twitter&utm_medium=organic",
    "timestamp": "unknown"
  },
  {
    "title": "VIEW PUBLICATION",
    "link": "https://ng.neurology.org/content///e430?utm_source=Twitter&utm_medium=organic",
    "timestamp": "unknown"
  },
  {
    "title": "VIEW PUBLICATION",
    "link": "https://ng.neurology.org/content///e430?utm_source=Twitter&utm_medium=organic",
    "timestamp": "unknown"
  },
  {
    "title": "VIEW PUBLICATION",
    "link": "https://ng.neurology.org/content///e430?utm_source=Twitter&utm_medium=organic",
    "timestamp": "unknown"
  },
  {
    "title": "VIEW PUBLICATION",
    "link": "https://ng.neurology.org/content///e430?utm_source=Twitter&utm_medium=organic",
    "timestamp": "unknown"
  },
  {
    "title": "VIEW PUBLICATION",
    "link": "https://ng.neurology.org/content///e430?utm_source=Twitter&utm_medium=organic",
    "timestamp": "unknown"
  },
  {
    "title": "VIEW PUBLICATION",
    "link": "https://ng.neurology.org/content///e430?utm_source=Twitter&utm_medium=organic",
    "timestamp": "unknown"
  },
  {
    "title": "Control of Phosphorothioate Stereochemistry Substantially Increases the Efficacy of Antisense OligonucleotidesNATURE BIOTECHNOLOGY (September )VIEW PU",
    "link": "https://www.nature.com/articles/nbt.",
    "timestamp": "unknown"
  },
  {
    "title": "Control of Phosphorothioate Stereochemistry Substantially Increases the Efficacy of Antisense OligonucleotidesNATURE BIOTECHNOLOGY (September )VIEW PU",
    "link": "https://www.nature.com/articles/nbt.",
    "timestamp": "unknown"
  },
  {
    "title": "Control of Phosphorothioate Stereochemistry Substantially Increases the Efficacy of Antisense OligonucleotidesNATURE BIOTECHNOLOGY (September )VIEW PU",
    "link": "https://www.nature.com/articles/nbt.",
    "timestamp": "unknown"
  },
  {
    "title": "Control of Phosphorothioate Stereochemistry Substantially Increases the Efficacy of Antisense OligonucleotidesNATURE BIOTECHNOLOGY (September )VIEW PU",
    "link": "https://www.nature.com/articles/nbt.",
    "timestamp": "unknown"
  },
  {
    "title": "VIEW PUBLICATION",
    "link": "https://www.nature.com/articles/nbt.",
    "timestamp": "unknown"
  },
  {
    "title": "VIEW PUBLICATION",
    "link": "https://www.nature.com/articles/nbt.",
    "timestamp": "unknown"
  },
  {
    "title": "VIEW PUBLICATION",
    "link": "https://www.nature.com/articles/nbt.",
    "timestamp": "unknown"
  },
  {
    "title": "VIEW PUBLICATION",
    "link": "https://www.nature.com/articles/nbt.",
    "timestamp": "unknown"
  },
  {
    "title": "VIEW PUBLICATION",
    "link": "https://www.nature.com/articles/nbt.",
    "timestamp": "unknown"
  },
  {
    "title": "VIEW PUBLICATION",
    "link": "https://www.nature.com/articles/nbt.",
    "timestamp": "unknown"
  },
  {
    "title": "VIEW PUBLICATION",
    "link": "https://www.nature.com/articles/nbt.",
    "timestamp": "unknown"
  },
  {
    "title": "Investor InquiriesKate RauschInvestor Relations--InvestorRelations@wavelifesci.comRequest informationEmail AlertsSign up here to receive email alerts ",
    "link": "javascript:void();",
    "timestamp": "unknown"
  },
  {
    "title": "Investor InquiriesKate RauschInvestor Relations--InvestorRelations@wavelifesci.comRequest informationEmail AlertsSign up here to receive email alerts ",
    "link": "javascript:void();",
    "timestamp": "unknown"
  },
  {
    "title": "Investor InquiriesKate RauschInvestor Relations--InvestorRelations@wavelifesci.comRequest informationEmail AlertsSign up here to receive email alerts ",
    "link": "javascript:void();",
    "timestamp": "unknown"
  },
  {
    "title": "Investor InquiriesKate RauschInvestor Relations--InvestorRelations@wavelifesci.comRequest information",
    "link": "javascript:void();",
    "timestamp": "unknown"
  },
  {
    "title": "Investor InquiriesKate RauschInvestor Relations--InvestorRelations@wavelifesci.comRequest information",
    "link": "javascript:void();",
    "timestamp": "unknown"
  },
  {
    "title": "Investor InquiriesKate RauschInvestor Relations--InvestorRelations@wavelifesci.comRequest information",
    "link": "javascript:void();",
    "timestamp": "unknown"
  },
  {
    "title": "Investor InquiriesKate RauschInvestor Relations--InvestorRelations@wavelifesci.comRequest information",
    "link": "javascript:void();",
    "timestamp": "unknown"
  },
  {
    "title": "Investor InquiriesKate RauschInvestor Relations--InvestorRelations@wavelifesci.comRequest information",
    "link": "javascript:void();",
    "timestamp": "unknown"
  },
  {
    "title": "--",
    "link": "javascript:void();",
    "timestamp": "unknown"
  },
  {
    "title": "InvestorRelations@wavelifesci.com",
    "link": "mailto:InvestorRelations@wavelifesci.com",
    "timestamp": "unknown"
  },
  {
    "title": "Email AlertsSign up here to receive email alerts from Wave Life Sciences.Sign up",
    "link": "https://ir.wavelifesciences.com/email-alerts",
    "timestamp": "unknown"
  },
  {
    "title": "Email AlertsSign up here to receive email alerts from Wave Life Sciences.Sign up",
    "link": "https://ir.wavelifesciences.com/email-alerts",
    "timestamp": "unknown"
  },
  {
    "title": "Email AlertsSign up here to receive email alerts from Wave Life Sciences.Sign up",
    "link": "https://ir.wavelifesciences.com/email-alerts",
    "timestamp": "unknown"
  },
  {
    "title": "Email AlertsSign up here to receive email alerts from Wave Life Sciences.Sign up",
    "link": "https://ir.wavelifesciences.com/email-alerts",
    "timestamp": "unknown"
  },
  {
    "title": "Email AlertsSign up here to receive email alerts from Wave Life Sciences.Sign up",
    "link": "https://ir.wavelifesciences.com/email-alerts",
    "timestamp": "unknown"
  },
  {
    "title": "CompanyLeadership TeamDEICorporate ResponsibilityContact UsSciencePRISM\u2122 PlatformPublicationsCollaborationsManufacturingPipelineR&D PipelineLead Progr",
    "link": "https://wavelifesciences.com/company/leadership/",
    "timestamp": "unknown"
  },
  {
    "title": "CompanyLeadership TeamDEICorporate ResponsibilityContact UsSciencePRISM\u2122 PlatformPublicationsCollaborationsManufacturingPipelineR&D PipelineLead Progr",
    "link": "https://wavelifesciences.com/company/leadership/",
    "timestamp": "unknown"
  },
  {
    "title": "CompanyLeadership TeamDEICorporate ResponsibilityContact UsSciencePRISM\u2122 PlatformPublicationsCollaborationsManufacturingPipelineR&D PipelineLead Progr",
    "link": "https://wavelifesciences.com/company/leadership/",
    "timestamp": "unknown"
  },
  {
    "title": "CompanyLeadership TeamDEICorporate ResponsibilityContact Us",
    "link": "https://wavelifesciences.com/company/leadership/",
    "timestamp": "unknown"
  },
  {
    "title": "Leadership Team",
    "link": "https://wavelifesciences.com/company/leadership/",
    "timestamp": "unknown"
  },
  {
    "title": "DEI",
    "link": "https://wavelifesciences.com/company/sustainability/#tab1",
    "timestamp": "unknown"
  },
  {
    "title": "Corporate Responsibility",
    "link": "https://wavelifesciences.com/company/sustainability/",
    "timestamp": "unknown"
  },
  {
    "title": "Contact Us",
    "link": "https://wavelifesciences.com/company/contact/",
    "timestamp": "unknown"
  },
  {
    "title": "SciencePRISM\u2122 PlatformPublicationsCollaborationsManufacturing",
    "link": "https://wavelifesciences.com/science/prism-platform/",
    "timestamp": "unknown"
  },
  {
    "title": "PRISM\u2122 Platform",
    "link": "https://wavelifesciences.com/science/prism-platform/",
    "timestamp": "unknown"
  },
  {
    "title": "Publications",
    "link": "https://wavelifesciences.com/science/publications/",
    "timestamp": "unknown"
  },
  {
    "title": "Collaborations",
    "link": "https://wavelifesciences.com/science/collaborations/",
    "timestamp": "unknown"
  },
  {
    "title": "Manufacturing",
    "link": "https://wavelifesciences.com/science/manufacturing/",
    "timestamp": "unknown"
  },
  {
    "title": "PipelineR&D PipelineLead Programs",
    "link": "https://wavelifesciences.com/pipeline/research-and-development/",
    "timestamp": "unknown"
  },
  {
    "title": "R&D Pipeline",
    "link": "https://wavelifesciences.com/pipeline/research-and-development/",
    "timestamp": "unknown"
  },
  {
    "title": "Lead Programs",
    "link": "https://wavelifesciences.com/pipeline/lead-programs/",
    "timestamp": "unknown"
  },
  {
    "title": "NewsPress Releases",
    "link": "https://ir.wavelifesciences.com/press-releases",
    "timestamp": "unknown"
  },
  {
    "title": "Press Releases",
    "link": "https://ir.wavelifesciences.com/press-releases",
    "timestamp": "unknown"
  },
  {
    "title": "\u00a9  Wave Life Sciences. All Rights Reserved.PrivacyTerms of useContact",
    "link": "https://wavelifesciences.com/privacy/",
    "timestamp": "unknown"
  },
  {
    "title": "\u00a9  Wave Life Sciences. All Rights Reserved.PrivacyTerms of useContact",
    "link": "https://wavelifesciences.com/privacy/",
    "timestamp": "unknown"
  },
  {
    "title": "\u00a9  Wave Life Sciences. All Rights Reserved.PrivacyTerms of useContact",
    "link": "https://wavelifesciences.com/privacy/",
    "timestamp": "unknown"
  },
  {
    "title": "Privacy",
    "link": "https://wavelifesciences.com/privacy/",
    "timestamp": "unknown"
  },
  {
    "title": "Terms of use",
    "link": "https://wavelifesciences.com/terms-of-use/",
    "timestamp": "unknown"
  },
  {
    "title": "Contact",
    "link": "https://wavelifesciences.com/about/contact/",
    "timestamp": "unknown"
  }
]