[
  {
    "title": "Patients & FamiliesInvestorsCareersFollow UsXLinkedInGlassdoorCompanyLeadership TeamDEICorporate ResponsibilityContact UsSciencePRISM\u2122 PlatformPublica",
    "link": "https://wavelifesciences.com/",
    "timestamp": "unknown"
  },
  {
    "title": "Patients & FamiliesInvestorsCareersFollow UsXLinkedInGlassdoorCompanyLeadership TeamDEICorporate ResponsibilityContact UsSciencePRISM\u2122 PlatformPublica",
    "link": "https://wavelifesciences.com/",
    "timestamp": "unknown"
  },
  {
    "title": "Patients & FamiliesInvestorsCareersFollow UsXLinkedInGlassdoorCompanyLeadership TeamDEICorporate ResponsibilityContact UsSciencePRISM\u2122 PlatformPublica",
    "link": "https://wavelifesciences.com/",
    "timestamp": "unknown"
  },
  {
    "title": "Patients & FamiliesInvestorsCareersFollow UsXLinkedInGlassdoorCompanyLeadership TeamDEICorporate ResponsibilityContact UsSciencePRISM\u2122 PlatformPublica",
    "link": "https://wavelifesciences.com/patients-and-families/",
    "timestamp": "unknown"
  },
  {
    "title": "Patients & FamiliesInvestorsCareersFollow UsXLinkedInGlassdoor",
    "link": "https://wavelifesciences.com/patients-and-families/",
    "timestamp": "unknown"
  },
  {
    "title": "Patients & Families",
    "link": "https://wavelifesciences.com/patients-and-families/",
    "timestamp": "unknown"
  },
  {
    "title": "Investors",
    "link": "https://ir.wavelifesciences.com/",
    "timestamp": "unknown"
  },
  {
    "title": "Careers",
    "link": "https://wavelifesciences.com/careers/",
    "timestamp": "unknown"
  },
  {
    "title": "Follow UsXLinkedInGlassdoor",
    "link": "https://ir.wavelifesciences.com/press-releases",
    "timestamp": "unknown"
  },
  {
    "title": "X",
    "link": "https://twitter.com/WAVELifeSci",
    "timestamp": "unknown"
  },
  {
    "title": "LinkedIn",
    "link": "https://www.linkedin.com/company/wave-life-sciences",
    "timestamp": "unknown"
  },
  {
    "title": "Glassdoor",
    "link": "https://www.glassdoor.com/Overview/Working-at-WAVE-Life-Sciences-EI_IE1575145.,.htm",
    "timestamp": "unknown"
  },
  {
    "title": "CompanyLeadership TeamDEICorporate ResponsibilityContact UsSciencePRISM\u2122 PlatformPublicationsCollaborationsManufacturingPipelineR&D PipelineLead Progr",
    "link": "https://wavelifesciences.com/company/leadership/",
    "timestamp": "unknown"
  },
  {
    "title": "CompanyLeadership TeamDEICorporate ResponsibilityContact Us",
    "link": "https://wavelifesciences.com/company/leadership/",
    "timestamp": "unknown"
  },
  {
    "title": "Leadership Team",
    "link": "https://wavelifesciences.com/company/leadership/",
    "timestamp": "unknown"
  },
  {
    "title": "DEI",
    "link": "https://wavelifesciences.com/company/sustainability/#tab1",
    "timestamp": "unknown"
  },
  {
    "title": "Corporate Responsibility",
    "link": "https://wavelifesciences.com/company/sustainability/",
    "timestamp": "unknown"
  },
  {
    "title": "Contact Us",
    "link": "https://wavelifesciences.com/company/contact/",
    "timestamp": "unknown"
  },
  {
    "title": "SciencePRISM\u2122 PlatformPublicationsCollaborationsManufacturing",
    "link": "https://wavelifesciences.com/science/prism-platform/",
    "timestamp": "unknown"
  },
  {
    "title": "PRISM\u2122 Platform",
    "link": "https://wavelifesciences.com/science/prism-platform/",
    "timestamp": "unknown"
  },
  {
    "title": "Publications",
    "link": "https://wavelifesciences.com/science/publications/",
    "timestamp": "unknown"
  },
  {
    "title": "Collaborations",
    "link": "https://wavelifesciences.com/science/collaborations/",
    "timestamp": "unknown"
  },
  {
    "title": "Manufacturing",
    "link": "https://wavelifesciences.com/science/manufacturing/",
    "timestamp": "unknown"
  },
  {
    "title": "PipelineR&D PipelineLead Programs",
    "link": "https://wavelifesciences.com/pipeline/research-and-development/",
    "timestamp": "unknown"
  },
  {
    "title": "R&D Pipeline",
    "link": "https://wavelifesciences.com/pipeline/research-and-development/",
    "timestamp": "unknown"
  },
  {
    "title": "Lead Programs",
    "link": "https://wavelifesciences.com/pipeline/lead-programs/",
    "timestamp": "unknown"
  },
  {
    "title": "NewsPress Releases",
    "link": "https://ir.wavelifesciences.com/press-releases",
    "timestamp": "unknown"
  },
  {
    "title": "Press Releases",
    "link": "https://ir.wavelifesciences.com/press-releases",
    "timestamp": "unknown"
  },
  {
    "title": "HomeInvestorsPress Releases",
    "link": "https://wavelifesciences.com/",
    "timestamp": "unknown"
  },
  {
    "title": "HomeInvestorsPress Releases",
    "link": "https://wavelifesciences.com/",
    "timestamp": "unknown"
  },
  {
    "title": "HomeInvestorsPress Releases",
    "link": "https://wavelifesciences.com/",
    "timestamp": "unknown"
  },
  {
    "title": "HomeInvestorsPress Releases",
    "link": "https://wavelifesciences.com/",
    "timestamp": "unknown"
  },
  {
    "title": "Home",
    "link": "https://wavelifesciences.com/",
    "timestamp": "unknown"
  },
  {
    "title": "Investors",
    "link": "https://ir.wavelifesciences.com/",
    "timestamp": "unknown"
  },
  {
    "title": "CompanyLeadership TeamDEICorporate ResponsibilityContact UsSciencePRISM\u2122 PlatformPublicationsCollaborationsManufacturingPipelineR&D PipelineLead Progr",
    "link": "https://wavelifesciences.com/company/leadership/",
    "timestamp": "unknown"
  },
  {
    "title": "CompanyLeadership TeamDEICorporate ResponsibilityContact UsSciencePRISM\u2122 PlatformPublicationsCollaborationsManufacturingPipelineR&D PipelineLead Progr",
    "link": "https://wavelifesciences.com/company/leadership/",
    "timestamp": "unknown"
  },
  {
    "title": "CompanyLeadership TeamDEICorporate ResponsibilityContact Us",
    "link": "https://wavelifesciences.com/company/leadership/",
    "timestamp": "unknown"
  },
  {
    "title": "Leadership Team",
    "link": "https://wavelifesciences.com/company/leadership/",
    "timestamp": "unknown"
  },
  {
    "title": "DEI",
    "link": "https://wavelifesciences.com/company/sustainability/#tab1",
    "timestamp": "unknown"
  },
  {
    "title": "Corporate Responsibility",
    "link": "https://wavelifesciences.com/company/sustainability/",
    "timestamp": "unknown"
  },
  {
    "title": "Contact Us",
    "link": "https://wavelifesciences.com/company/contact/",
    "timestamp": "unknown"
  },
  {
    "title": "SciencePRISM\u2122 PlatformPublicationsCollaborationsManufacturing",
    "link": "https://wavelifesciences.com/science/prism-platform/",
    "timestamp": "unknown"
  },
  {
    "title": "PRISM\u2122 Platform",
    "link": "https://wavelifesciences.com/science/prism-platform/",
    "timestamp": "unknown"
  },
  {
    "title": "Publications",
    "link": "https://wavelifesciences.com/science/publications/",
    "timestamp": "unknown"
  },
  {
    "title": "Collaborations",
    "link": "https://wavelifesciences.com/science/collaborations/",
    "timestamp": "unknown"
  },
  {
    "title": "Manufacturing",
    "link": "https://wavelifesciences.com/science/manufacturing/",
    "timestamp": "unknown"
  },
  {
    "title": "PipelineR&D PipelineLead Programs",
    "link": "https://wavelifesciences.com/pipeline/research-and-development/",
    "timestamp": "unknown"
  },
  {
    "title": "R&D Pipeline",
    "link": "https://wavelifesciences.com/pipeline/research-and-development/",
    "timestamp": "unknown"
  },
  {
    "title": "Lead Programs",
    "link": "https://wavelifesciences.com/pipeline/lead-programs/",
    "timestamp": "unknown"
  },
  {
    "title": "NewsPress Releases",
    "link": "https://ir.wavelifesciences.com/press-releases",
    "timestamp": "unknown"
  },
  {
    "title": "Press Releases",
    "link": "https://ir.wavelifesciences.com/press-releases",
    "timestamp": "unknown"
  },
  {
    "title": "Patients & Families",
    "link": "https://wavelifesciences.com/patients-and-families/",
    "timestamp": "unknown"
  },
  {
    "title": "Investors",
    "link": "https://ir.wavelifesciences.com/",
    "timestamp": "unknown"
  },
  {
    "title": "Careers",
    "link": "https://wavelifesciences.com/careers/",
    "timestamp": "unknown"
  },
  {
    "title": "Follow UsXLinkedInGlassdoor",
    "link": "https://ir.wavelifesciences.com/press-releases",
    "timestamp": "unknown"
  },
  {
    "title": "X",
    "link": "https://twitter.com/WAVELifeSci",
    "timestamp": "unknown"
  },
  {
    "title": "LinkedIn",
    "link": "https://www.linkedin.com/company/wave-life-sciences",
    "timestamp": "unknown"
  },
  {
    "title": "Glassdoor",
    "link": "https://www.glassdoor.com/Overview/Working-at-WAVE-Life-Sciences-EI_IE1575145.,.htm",
    "timestamp": "unknown"
  },
  {
    "title": "MenuOverviewNewsEvents & PublicationsSEC FilingsStock InformationAnalyst CoverageCorporate GovernanceFAQs",
    "link": "https://ir.wavelifesciences.com/",
    "timestamp": "unknown"
  },
  {
    "title": "MenuOverviewNewsEvents & PublicationsSEC FilingsStock InformationAnalyst CoverageCorporate GovernanceFAQs",
    "link": "https://ir.wavelifesciences.com/",
    "timestamp": "unknown"
  },
  {
    "title": "MenuOverviewNewsEvents & PublicationsSEC FilingsStock InformationAnalyst CoverageCorporate GovernanceFAQs",
    "link": "https://ir.wavelifesciences.com/",
    "timestamp": "unknown"
  },
  {
    "title": "Overview",
    "link": "https://ir.wavelifesciences.com/",
    "timestamp": "unknown"
  },
  {
    "title": "News",
    "link": "https://ir.wavelifesciences.com/press-releases",
    "timestamp": "unknown"
  },
  {
    "title": "Events & Publications",
    "link": "https://ir.wavelifesciences.com/events-publications/events",
    "timestamp": "unknown"
  },
  {
    "title": "SEC Filings",
    "link": "https://ir.wavelifesciences.com/financial-information/sec-filings",
    "timestamp": "unknown"
  },
  {
    "title": "Stock Information",
    "link": "https://ir.wavelifesciences.com/stock-information/stock",
    "timestamp": "unknown"
  },
  {
    "title": "Analyst Coverage",
    "link": "https://ir.wavelifesciences.com/analyst-coverage-page",
    "timestamp": "unknown"
  },
  {
    "title": "Corporate Governance",
    "link": "https://ir.wavelifesciences.com/corporate-governance",
    "timestamp": "unknown"
  },
  {
    "title": "FAQs",
    "link": "https://ir.wavelifesciences.com/investor-faqs",
    "timestamp": "unknown"
  },
  {
    "title": "Press ReleasesYearAllJul ,Wave Life Sciences Reports Second Quarter  Financial Results and Provides Business UpdateJul ,Wave Life Sciences Second Quar",
    "link": "https://ir.wavelifesciences.com/news-releases/news-release-details/wave-life-sciences-reports-second-quarter--financial-results",
    "timestamp": "unknown"
  },
  {
    "title": "Press ReleasesYearAllJul ,Wave Life Sciences Reports Second Quarter  Financial Results and Provides Business UpdateJul ,Wave Life Sciences Second Quar",
    "link": "https://ir.wavelifesciences.com/news-releases/news-release-details/wave-life-sciences-reports-second-quarter--financial-results",
    "timestamp": "unknown"
  },
  {
    "title": "Press ReleasesYearAllJul ,Wave Life Sciences Reports Second Quarter  Financial Results and Provides Business UpdateJul ,Wave Life Sciences Second Quar",
    "link": "https://ir.wavelifesciences.com/news-releases/news-release-details/wave-life-sciences-reports-second-quarter--financial-results",
    "timestamp": "unknown"
  },
  {
    "title": "Press ReleasesYearAllJul ,Wave Life Sciences Reports Second Quarter  Financial Results and Provides Business UpdateJul ,Wave Life Sciences Second Quar",
    "link": "https://ir.wavelifesciences.com/news-releases/news-release-details/wave-life-sciences-reports-second-quarter--financial-results",
    "timestamp": "unknown"
  },
  {
    "title": "Press ReleasesYearAllJul ,Wave Life Sciences Reports Second Quarter  Financial Results and Provides Business UpdateJul ,Wave Life Sciences Second Quar",
    "link": "https://ir.wavelifesciences.com/news-releases/news-release-details/wave-life-sciences-reports-second-quarter--financial-results",
    "timestamp": "unknown"
  },
  {
    "title": "Press ReleasesYearAllJul ,Wave Life Sciences Reports Second Quarter  Financial Results and Provides Business UpdateJul ,Wave Life Sciences Second Quar",
    "link": "https://ir.wavelifesciences.com/news-releases/news-release-details/wave-life-sciences-reports-second-quarter--financial-results",
    "timestamp": "unknown"
  },
  {
    "title": "Press ReleasesYearAllJul ,Wave Life Sciences Reports Second Quarter  Financial Results and Provides Business UpdateJul ,Wave Life Sciences Second Quar",
    "link": "https://ir.wavelifesciences.com/news-releases/news-release-details/wave-life-sciences-reports-second-quarter--financial-results",
    "timestamp": "unknown"
  },
  {
    "title": "Press ReleasesYearAllJul ,Wave Life Sciences Reports Second Quarter  Financial Results and Provides Business UpdateJul ,Wave Life Sciences Second Quar",
    "link": "https://ir.wavelifesciences.com/news-releases/news-release-details/wave-life-sciences-reports-second-quarter--financial-results",
    "timestamp": "unknown"
  },
  {
    "title": "Press ReleasesYearAllJul ,Wave Life Sciences Reports Second Quarter  Financial Results and Provides Business UpdateJul ,Wave Life Sciences Second Quar",
    "link": "https://ir.wavelifesciences.com/news-releases/news-release-details/wave-life-sciences-reports-second-quarter--financial-results",
    "timestamp": "unknown"
  },
  {
    "title": "Press ReleasesYearAllJul ,Wave Life Sciences Reports Second Quarter  Financial Results and Provides Business UpdateJul ,Wave Life Sciences Second Quar",
    "link": "https://ir.wavelifesciences.com/news-releases/news-release-details/wave-life-sciences-reports-second-quarter--financial-results",
    "timestamp": "unknown"
  },
  {
    "title": "Press ReleasesYearAllJul ,Wave Life Sciences Reports Second Quarter  Financial Results and Provides Business UpdateJul ,Wave Life Sciences Second Quar",
    "link": "https://ir.wavelifesciences.com/news-releases/news-release-details/wave-life-sciences-reports-second-quarter--financial-results",
    "timestamp": "unknown"
  },
  {
    "title": "Press ReleasesYearAllJul ,Wave Life Sciences Reports Second Quarter  Financial Results and Provides Business UpdateJul ,Wave Life Sciences Second Quar",
    "link": "https://ir.wavelifesciences.com/news-releases/news-release-details/wave-life-sciences-reports-second-quarter--financial-results",
    "timestamp": "unknown"
  },
  {
    "title": "Press ReleasesYearAllJul ,Wave Life Sciences Reports Second Quarter  Financial Results and Provides Business UpdateJul ,Wave Life Sciences Second Quar",
    "link": "https://ir.wavelifesciences.com/news-releases/news-release-details/wave-life-sciences-reports-second-quarter--financial-results",
    "timestamp": "unknown"
  },
  {
    "title": "Press ReleasesYearAllJul ,Wave Life Sciences Reports Second Quarter  Financial Results and Provides Business UpdateJul ,Wave Life Sciences Second Quar",
    "link": "https://ir.wavelifesciences.com/news-releases/news-release-details/wave-life-sciences-reports-second-quarter--financial-results",
    "timestamp": "unknown"
  },
  {
    "title": "Press ReleasesYearAllJul ,Wave Life Sciences Reports Second Quarter  Financial Results and Provides Business UpdateJul ,Wave Life Sciences Second Quar",
    "link": "https://ir.wavelifesciences.com/news-releases/news-release-details/wave-life-sciences-reports-second-quarter--financial-results",
    "timestamp": "unknown"
  },
  {
    "title": "YearAllJul ,Wave Life Sciences Reports Second Quarter  Financial Results and Provides Business UpdateJul ,Wave Life Sciences Second Quarter  Financial",
    "link": "https://ir.wavelifesciences.com/news-releases/news-release-details/wave-life-sciences-reports-second-quarter--financial-results",
    "timestamp": "unknown"
  },
  {
    "title": "YearAllJul ,Wave Life Sciences Reports Second Quarter  Financial Results and Provides Business UpdateJul ,Wave Life Sciences Second Quarter  Financial",
    "link": "https://ir.wavelifesciences.com/news-releases/news-release-details/wave-life-sciences-reports-second-quarter--financial-results",
    "timestamp": "unknown"
  },
  {
    "title": "YearAllJul ,Wave Life Sciences Reports Second Quarter  Financial Results and Provides Business UpdateJul ,Wave Life Sciences Second Quarter  Financial",
    "link": "https://ir.wavelifesciences.com/news-releases/news-release-details/wave-life-sciences-reports-second-quarter--financial-results",
    "timestamp": "unknown"
  },
  {
    "title": "YearAllJul ,Wave Life Sciences Reports Second Quarter  Financial Results and Provides Business UpdateJul ,Wave Life Sciences Second Quarter  Financial",
    "link": "https://ir.wavelifesciences.com/news-releases/news-release-details/wave-life-sciences-reports-second-quarter--financial-results",
    "timestamp": "unknown"
  },
  {
    "title": "YearAllJul ,Wave Life Sciences Reports Second Quarter  Financial Results and Provides Business UpdateJul ,Wave Life Sciences Second Quarter  Financial",
    "link": "https://ir.wavelifesciences.com/news-releases/news-release-details/wave-life-sciences-reports-second-quarter--financial-results",
    "timestamp": "unknown"
  },
  {
    "title": "Jul ,Wave Life Sciences Reports Second Quarter  Financial Results and Provides Business UpdateJul ,Wave Life Sciences Second Quarter  Financial Result",
    "link": "https://ir.wavelifesciences.com/news-releases/news-release-details/wave-life-sciences-reports-second-quarter--financial-results",
    "timestamp": "unknown"
  },
  {
    "title": "Jul ,Wave Life Sciences Reports Second Quarter  Financial Results and Provides Business Update",
    "link": "https://ir.wavelifesciences.com/news-releases/news-release-details/wave-life-sciences-reports-second-quarter--financial-results",
    "timestamp": "unknown"
  },
  {
    "title": "Jul ,Wave Life Sciences Reports Second Quarter  Financial Results and Provides Business Update",
    "link": "https://ir.wavelifesciences.com/news-releases/news-release-details/wave-life-sciences-reports-second-quarter--financial-results",
    "timestamp": "unknown"
  },
  {
    "title": "Jul ,Wave Life Sciences Reports Second Quarter  Financial Results and Provides Business Update",
    "link": "https://ir.wavelifesciences.com/news-releases/news-release-details/wave-life-sciences-reports-second-quarter--financial-results",
    "timestamp": "unknown"
  },
  {
    "title": "Jul ,Wave Life Sciences Reports Second Quarter  Financial Results and Provides Business Update",
    "link": "https://ir.wavelifesciences.com/news-releases/news-release-details/wave-life-sciences-reports-second-quarter--financial-results",
    "timestamp": "unknown"
  },
  {
    "title": "Jul ,Wave Life Sciences Reports Second Quarter  Financial Results and Provides Business Update",
    "link": "https://ir.wavelifesciences.com/news-releases/news-release-details/wave-life-sciences-reports-second-quarter--financial-results",
    "timestamp": "unknown"
  },
  {
    "title": "Wave Life Sciences Reports Second Quarter  Financial Results and Provides Business Update",
    "link": "https://ir.wavelifesciences.com/news-releases/news-release-details/wave-life-sciences-reports-second-quarter--financial-results",
    "timestamp": "unknown"
  },
  {
    "title": "Jul ,Wave Life Sciences Second Quarter  Financial Results Scheduled for July ,",
    "link": "https://ir.wavelifesciences.com/news-releases/news-release-details/wave-life-sciences-second-quarter--financial-results",
    "timestamp": "unknown"
  },
  {
    "title": "Jul ,Wave Life Sciences Second Quarter  Financial Results Scheduled for July ,",
    "link": "https://ir.wavelifesciences.com/news-releases/news-release-details/wave-life-sciences-second-quarter--financial-results",
    "timestamp": "unknown"
  },
  {
    "title": "Jul ,Wave Life Sciences Second Quarter  Financial Results Scheduled for July ,",
    "link": "https://ir.wavelifesciences.com/news-releases/news-release-details/wave-life-sciences-second-quarter--financial-results",
    "timestamp": "unknown"
  },
  {
    "title": "Jul ,Wave Life Sciences Second Quarter  Financial Results Scheduled for July ,",
    "link": "https://ir.wavelifesciences.com/news-releases/news-release-details/wave-life-sciences-second-quarter--financial-results",
    "timestamp": "unknown"
  },
  {
    "title": "Jul ,Wave Life Sciences Second Quarter  Financial Results Scheduled for July ,",
    "link": "https://ir.wavelifesciences.com/news-releases/news-release-details/wave-life-sciences-second-quarter--financial-results",
    "timestamp": "unknown"
  },
  {
    "title": "Wave Life Sciences Second Quarter  Financial Results Scheduled for July ,",
    "link": "https://ir.wavelifesciences.com/news-releases/news-release-details/wave-life-sciences-second-quarter--financial-results",
    "timestamp": "unknown"
  },
  {
    "title": "Jun ,Wave Life Sciences Announces Oral Presentation of Preclinical Data Supporting WVE-\u2019s Mechanism (INHBE) to Reduce Fat, Preserve Muscle, and Induce",
    "link": "https://ir.wavelifesciences.com/news-releases/news-release-details/wave-life-sciences-announces-oral-presentation-preclinical-data",
    "timestamp": "unknown"
  },
  {
    "title": "Jun ,Wave Life Sciences Announces Oral Presentation of Preclinical Data Supporting WVE-\u2019s Mechanism (INHBE) to Reduce Fat, Preserve Muscle, and Induce",
    "link": "https://ir.wavelifesciences.com/news-releases/news-release-details/wave-life-sciences-announces-oral-presentation-preclinical-data",
    "timestamp": "unknown"
  },
  {
    "title": "Jun ,Wave Life Sciences Announces Oral Presentation of Preclinical Data Supporting WVE-\u2019s Mechanism (INHBE) to Reduce Fat, Preserve Muscle, and Induce",
    "link": "https://ir.wavelifesciences.com/news-releases/news-release-details/wave-life-sciences-announces-oral-presentation-preclinical-data",
    "timestamp": "unknown"
  },
  {
    "title": "Jun ,Wave Life Sciences Announces Oral Presentation of Preclinical Data Supporting WVE-\u2019s Mechanism (INHBE) to Reduce Fat, Preserve Muscle, and Induce",
    "link": "https://ir.wavelifesciences.com/news-releases/news-release-details/wave-life-sciences-announces-oral-presentation-preclinical-data",
    "timestamp": "unknown"
  },
  {
    "title": "Jun ,Wave Life Sciences Announces Oral Presentation of Preclinical Data Supporting WVE-\u2019s Mechanism (INHBE) to Reduce Fat, Preserve Muscle, and Induce",
    "link": "https://ir.wavelifesciences.com/news-releases/news-release-details/wave-life-sciences-announces-oral-presentation-preclinical-data",
    "timestamp": "unknown"
  },
  {
    "title": "Wave Life Sciences Announces Oral Presentation of Preclinical Data Supporting WVE-\u2019s Mechanism (INHBE) to Reduce Fat, Preserve Muscle, and Induce Heal",
    "link": "https://ir.wavelifesciences.com/news-releases/news-release-details/wave-life-sciences-announces-oral-presentation-preclinical-data",
    "timestamp": "unknown"
  },
  {
    "title": "May ,Wave Life Sciences to Present at  Jefferies Global Healthcare Conference",
    "link": "https://ir.wavelifesciences.com/news-releases/news-release-details/wave-life-sciences-present--jefferies-global-healthcare",
    "timestamp": "unknown"
  },
  {
    "title": "May ,Wave Life Sciences to Present at  Jefferies Global Healthcare Conference",
    "link": "https://ir.wavelifesciences.com/news-releases/news-release-details/wave-life-sciences-present--jefferies-global-healthcare",
    "timestamp": "unknown"
  },
  {
    "title": "May ,Wave Life Sciences to Present at  Jefferies Global Healthcare Conference",
    "link": "https://ir.wavelifesciences.com/news-releases/news-release-details/wave-life-sciences-present--jefferies-global-healthcare",
    "timestamp": "unknown"
  },
  {
    "title": "May ,Wave Life Sciences to Present at  Jefferies Global Healthcare Conference",
    "link": "https://ir.wavelifesciences.com/news-releases/news-release-details/wave-life-sciences-present--jefferies-global-healthcare",
    "timestamp": "unknown"
  },
  {
    "title": "May ,Wave Life Sciences to Present at  Jefferies Global Healthcare Conference",
    "link": "https://ir.wavelifesciences.com/news-releases/news-release-details/wave-life-sciences-present--jefferies-global-healthcare",
    "timestamp": "unknown"
  },
  {
    "title": "Wave Life Sciences to Present at  Jefferies Global Healthcare Conference",
    "link": "https://ir.wavelifesciences.com/news-releases/news-release-details/wave-life-sciences-present--jefferies-global-healthcare",
    "timestamp": "unknown"
  },
  {
    "title": "May ,Wave Life Sciences Announces Appointment of Dr. Christopher Wright as Chief Medical Officer",
    "link": "https://ir.wavelifesciences.com/news-releases/news-release-details/wave-life-sciences-announces-appointment-dr-christopher-wright",
    "timestamp": "unknown"
  },
  {
    "title": "May ,Wave Life Sciences Announces Appointment of Dr. Christopher Wright as Chief Medical Officer",
    "link": "https://ir.wavelifesciences.com/news-releases/news-release-details/wave-life-sciences-announces-appointment-dr-christopher-wright",
    "timestamp": "unknown"
  },
  {
    "title": "May ,Wave Life Sciences Announces Appointment of Dr. Christopher Wright as Chief Medical Officer",
    "link": "https://ir.wavelifesciences.com/news-releases/news-release-details/wave-life-sciences-announces-appointment-dr-christopher-wright",
    "timestamp": "unknown"
  },
  {
    "title": "May ,Wave Life Sciences Announces Appointment of Dr. Christopher Wright as Chief Medical Officer",
    "link": "https://ir.wavelifesciences.com/news-releases/news-release-details/wave-life-sciences-announces-appointment-dr-christopher-wright",
    "timestamp": "unknown"
  },
  {
    "title": "May ,Wave Life Sciences Announces Appointment of Dr. Christopher Wright as Chief Medical Officer",
    "link": "https://ir.wavelifesciences.com/news-releases/news-release-details/wave-life-sciences-announces-appointment-dr-christopher-wright",
    "timestamp": "unknown"
  },
  {
    "title": "Wave Life Sciences Announces Appointment of Dr. Christopher Wright as Chief Medical Officer",
    "link": "https://ir.wavelifesciences.com/news-releases/news-release-details/wave-life-sciences-announces-appointment-dr-christopher-wright",
    "timestamp": "unknown"
  },
  {
    "title": "May ,Wave Life Sciences Reports First Quarter  Financial Results and Provides Business Update",
    "link": "https://ir.wavelifesciences.com/news-releases/news-release-details/wave-life-sciences-reports-first-quarter--financial-results",
    "timestamp": "unknown"
  },
  {
    "title": "May ,Wave Life Sciences Reports First Quarter  Financial Results and Provides Business Update",
    "link": "https://ir.wavelifesciences.com/news-releases/news-release-details/wave-life-sciences-reports-first-quarter--financial-results",
    "timestamp": "unknown"
  },
  {
    "title": "May ,Wave Life Sciences Reports First Quarter  Financial Results and Provides Business Update",
    "link": "https://ir.wavelifesciences.com/news-releases/news-release-details/wave-life-sciences-reports-first-quarter--financial-results",
    "timestamp": "unknown"
  },
  {
    "title": "May ,Wave Life Sciences Reports First Quarter  Financial Results and Provides Business Update",
    "link": "https://ir.wavelifesciences.com/news-releases/news-release-details/wave-life-sciences-reports-first-quarter--financial-results",
    "timestamp": "unknown"
  },
  {
    "title": "May ,Wave Life Sciences Reports First Quarter  Financial Results and Provides Business Update",
    "link": "https://ir.wavelifesciences.com/news-releases/news-release-details/wave-life-sciences-reports-first-quarter--financial-results",
    "timestamp": "unknown"
  },
  {
    "title": "Wave Life Sciences Reports First Quarter  Financial Results and Provides Business Update",
    "link": "https://ir.wavelifesciences.com/news-releases/news-release-details/wave-life-sciences-reports-first-quarter--financial-results",
    "timestamp": "unknown"
  },
  {
    "title": "May ,Wave Life Sciences First Quarter  Financial Results Scheduled for May ,",
    "link": "https://ir.wavelifesciences.com/news-releases/news-release-details/wave-life-sciences-first-quarter--financial-results",
    "timestamp": "unknown"
  },
  {
    "title": "May ,Wave Life Sciences First Quarter  Financial Results Scheduled for May ,",
    "link": "https://ir.wavelifesciences.com/news-releases/news-release-details/wave-life-sciences-first-quarter--financial-results",
    "timestamp": "unknown"
  },
  {
    "title": "May ,Wave Life Sciences First Quarter  Financial Results Scheduled for May ,",
    "link": "https://ir.wavelifesciences.com/news-releases/news-release-details/wave-life-sciences-first-quarter--financial-results",
    "timestamp": "unknown"
  },
  {
    "title": "May ,Wave Life Sciences First Quarter  Financial Results Scheduled for May ,",
    "link": "https://ir.wavelifesciences.com/news-releases/news-release-details/wave-life-sciences-first-quarter--financial-results",
    "timestamp": "unknown"
  },
  {
    "title": "May ,Wave Life Sciences First Quarter  Financial Results Scheduled for May ,",
    "link": "https://ir.wavelifesciences.com/news-releases/news-release-details/wave-life-sciences-first-quarter--financial-results",
    "timestamp": "unknown"
  },
  {
    "title": "Wave Life Sciences First Quarter  Financial Results Scheduled for May ,",
    "link": "https://ir.wavelifesciences.com/news-releases/news-release-details/wave-life-sciences-first-quarter--financial-results",
    "timestamp": "unknown"
  },
  {
    "title": "Mar ,Wave Life Sciences Announces Positive Data from FORWARD- Clinical Trial in DMD Including Significant Functional Benefit and Reversal of Muscle Da",
    "link": "https://ir.wavelifesciences.com/news-releases/news-release-details/wave-life-sciences-announces-positive-data-forward--clinical",
    "timestamp": "unknown"
  },
  {
    "title": "Mar ,Wave Life Sciences Announces Positive Data from FORWARD- Clinical Trial in DMD Including Significant Functional Benefit and Reversal of Muscle Da",
    "link": "https://ir.wavelifesciences.com/news-releases/news-release-details/wave-life-sciences-announces-positive-data-forward--clinical",
    "timestamp": "unknown"
  },
  {
    "title": "Mar ,Wave Life Sciences Announces Positive Data from FORWARD- Clinical Trial in DMD Including Significant Functional Benefit and Reversal of Muscle Da",
    "link": "https://ir.wavelifesciences.com/news-releases/news-release-details/wave-life-sciences-announces-positive-data-forward--clinical",
    "timestamp": "unknown"
  },
  {
    "title": "Mar ,Wave Life Sciences Announces Positive Data from FORWARD- Clinical Trial in DMD Including Significant Functional Benefit and Reversal of Muscle Da",
    "link": "https://ir.wavelifesciences.com/news-releases/news-release-details/wave-life-sciences-announces-positive-data-forward--clinical",
    "timestamp": "unknown"
  },
  {
    "title": "Mar ,Wave Life Sciences Announces Positive Data from FORWARD- Clinical Trial in DMD Including Significant Functional Benefit and Reversal of Muscle Da",
    "link": "https://ir.wavelifesciences.com/news-releases/news-release-details/wave-life-sciences-announces-positive-data-forward--clinical",
    "timestamp": "unknown"
  },
  {
    "title": "Wave Life Sciences Announces Positive Data from FORWARD- Clinical Trial in DMD Including Significant Functional Benefit and Reversal of Muscle Damage ",
    "link": "https://ir.wavelifesciences.com/news-releases/news-release-details/wave-life-sciences-announces-positive-data-forward--clinical",
    "timestamp": "unknown"
  },
  {
    "title": "Mar ,Wave Life Sciences Reports Fourth Quarter and Full Year  Financial Results and Provides Business Update",
    "link": "https://ir.wavelifesciences.com/news-releases/news-release-details/wave-life-sciences-reports-fourth-quarter-and-full-year-",
    "timestamp": "unknown"
  },
  {
    "title": "Mar ,Wave Life Sciences Reports Fourth Quarter and Full Year  Financial Results and Provides Business Update",
    "link": "https://ir.wavelifesciences.com/news-releases/news-release-details/wave-life-sciences-reports-fourth-quarter-and-full-year-",
    "timestamp": "unknown"
  },
  {
    "title": "Mar ,Wave Life Sciences Reports Fourth Quarter and Full Year  Financial Results and Provides Business Update",
    "link": "https://ir.wavelifesciences.com/news-releases/news-release-details/wave-life-sciences-reports-fourth-quarter-and-full-year-",
    "timestamp": "unknown"
  },
  {
    "title": "Mar ,Wave Life Sciences Reports Fourth Quarter and Full Year  Financial Results and Provides Business Update",
    "link": "https://ir.wavelifesciences.com/news-releases/news-release-details/wave-life-sciences-reports-fourth-quarter-and-full-year-",
    "timestamp": "unknown"
  },
  {
    "title": "Mar ,Wave Life Sciences Reports Fourth Quarter and Full Year  Financial Results and Provides Business Update",
    "link": "https://ir.wavelifesciences.com/news-releases/news-release-details/wave-life-sciences-reports-fourth-quarter-and-full-year-",
    "timestamp": "unknown"
  },
  {
    "title": "Wave Life Sciences Reports Fourth Quarter and Full Year  Financial Results and Provides Business Update",
    "link": "https://ir.wavelifesciences.com/news-releases/news-release-details/wave-life-sciences-reports-fourth-quarter-and-full-year-",
    "timestamp": "unknown"
  },
  {
    "title": "Feb ,Wave Life Sciences Fourth Quarter and Full Year  Financial Results Scheduled for March ,",
    "link": "https://ir.wavelifesciences.com/news-releases/news-release-details/wave-life-sciences-fourth-quarter-and-full-year--financial",
    "timestamp": "unknown"
  },
  {
    "title": "Feb ,Wave Life Sciences Fourth Quarter and Full Year  Financial Results Scheduled for March ,",
    "link": "https://ir.wavelifesciences.com/news-releases/news-release-details/wave-life-sciences-fourth-quarter-and-full-year--financial",
    "timestamp": "unknown"
  },
  {
    "title": "Feb ,Wave Life Sciences Fourth Quarter and Full Year  Financial Results Scheduled for March ,",
    "link": "https://ir.wavelifesciences.com/news-releases/news-release-details/wave-life-sciences-fourth-quarter-and-full-year--financial",
    "timestamp": "unknown"
  },
  {
    "title": "Feb ,Wave Life Sciences Fourth Quarter and Full Year  Financial Results Scheduled for March ,",
    "link": "https://ir.wavelifesciences.com/news-releases/news-release-details/wave-life-sciences-fourth-quarter-and-full-year--financial",
    "timestamp": "unknown"
  },
  {
    "title": "Feb ,Wave Life Sciences Fourth Quarter and Full Year  Financial Results Scheduled for March ,",
    "link": "https://ir.wavelifesciences.com/news-releases/news-release-details/wave-life-sciences-fourth-quarter-and-full-year--financial",
    "timestamp": "unknown"
  },
  {
    "title": "Wave Life Sciences Fourth Quarter and Full Year  Financial Results Scheduled for March ,",
    "link": "https://ir.wavelifesciences.com/news-releases/news-release-details/wave-life-sciences-fourth-quarter-and-full-year--financial",
    "timestamp": "unknown"
  },
  {
    "title": "PaginationCurrent pagePageNext page\u203aLast page\u00bb",
    "link": "https://ir.wavelifesciences.com/press-releases?page=",
    "timestamp": "unknown"
  },
  {
    "title": "PaginationCurrent pagePageNext page\u203aLast page\u00bb",
    "link": "https://ir.wavelifesciences.com/press-releases?page=",
    "timestamp": "unknown"
  },
  {
    "title": "PaginationCurrent pagePageNext page\u203aLast page\u00bb",
    "link": "https://ir.wavelifesciences.com/press-releases?page=",
    "timestamp": "unknown"
  },
  {
    "title": "Current page",
    "link": "https://ir.wavelifesciences.com/press-releases?page=",
    "timestamp": "unknown"
  },
  {
    "title": "Page",
    "link": "https://ir.wavelifesciences.com/press-releases?page=",
    "timestamp": "unknown"
  },
  {
    "title": "Next page\u203a",
    "link": "https://ir.wavelifesciences.com/press-releases?page=",
    "timestamp": "unknown"
  },
  {
    "title": "Last page\u00bb",
    "link": "https://ir.wavelifesciences.com/press-releases?page=",
    "timestamp": "unknown"
  },
  {
    "title": "Investor InquiriesKate RauschInvestor Relations--InvestorRelations@wavelifesci.comRequest informationEmail AlertsSign up here to receive email alerts ",
    "link": "javascript:void();",
    "timestamp": "unknown"
  },
  {
    "title": "Investor InquiriesKate RauschInvestor Relations--InvestorRelations@wavelifesci.comRequest informationEmail AlertsSign up here to receive email alerts ",
    "link": "javascript:void();",
    "timestamp": "unknown"
  },
  {
    "title": "Investor InquiriesKate RauschInvestor Relations--InvestorRelations@wavelifesci.comRequest informationEmail AlertsSign up here to receive email alerts ",
    "link": "javascript:void();",
    "timestamp": "unknown"
  },
  {
    "title": "Investor InquiriesKate RauschInvestor Relations--InvestorRelations@wavelifesci.comRequest information",
    "link": "javascript:void();",
    "timestamp": "unknown"
  },
  {
    "title": "Investor InquiriesKate RauschInvestor Relations--InvestorRelations@wavelifesci.comRequest information",
    "link": "javascript:void();",
    "timestamp": "unknown"
  },
  {
    "title": "Investor InquiriesKate RauschInvestor Relations--InvestorRelations@wavelifesci.comRequest information",
    "link": "javascript:void();",
    "timestamp": "unknown"
  },
  {
    "title": "Investor InquiriesKate RauschInvestor Relations--InvestorRelations@wavelifesci.comRequest information",
    "link": "javascript:void();",
    "timestamp": "unknown"
  },
  {
    "title": "Investor InquiriesKate RauschInvestor Relations--InvestorRelations@wavelifesci.comRequest information",
    "link": "javascript:void();",
    "timestamp": "unknown"
  },
  {
    "title": "--",
    "link": "javascript:void();",
    "timestamp": "unknown"
  },
  {
    "title": "InvestorRelations@wavelifesci.com",
    "link": "mailto:InvestorRelations@wavelifesci.com",
    "timestamp": "unknown"
  },
  {
    "title": "Email AlertsSign up here to receive email alerts from Wave Life Sciences.Sign up",
    "link": "https://ir.wavelifesciences.com/email-alerts",
    "timestamp": "unknown"
  },
  {
    "title": "Email AlertsSign up here to receive email alerts from Wave Life Sciences.Sign up",
    "link": "https://ir.wavelifesciences.com/email-alerts",
    "timestamp": "unknown"
  },
  {
    "title": "Email AlertsSign up here to receive email alerts from Wave Life Sciences.Sign up",
    "link": "https://ir.wavelifesciences.com/email-alerts",
    "timestamp": "unknown"
  },
  {
    "title": "Email AlertsSign up here to receive email alerts from Wave Life Sciences.Sign up",
    "link": "https://ir.wavelifesciences.com/email-alerts",
    "timestamp": "unknown"
  },
  {
    "title": "Email AlertsSign up here to receive email alerts from Wave Life Sciences.Sign up",
    "link": "https://ir.wavelifesciences.com/email-alerts",
    "timestamp": "unknown"
  },
  {
    "title": "CompanyLeadership TeamDEICorporate ResponsibilityContact UsSciencePRISM\u2122 PlatformPublicationsCollaborationsManufacturingPipelineR&D PipelineLead Progr",
    "link": "https://wavelifesciences.com/company/leadership/",
    "timestamp": "unknown"
  },
  {
    "title": "CompanyLeadership TeamDEICorporate ResponsibilityContact UsSciencePRISM\u2122 PlatformPublicationsCollaborationsManufacturingPipelineR&D PipelineLead Progr",
    "link": "https://wavelifesciences.com/company/leadership/",
    "timestamp": "unknown"
  },
  {
    "title": "CompanyLeadership TeamDEICorporate ResponsibilityContact UsSciencePRISM\u2122 PlatformPublicationsCollaborationsManufacturingPipelineR&D PipelineLead Progr",
    "link": "https://wavelifesciences.com/company/leadership/",
    "timestamp": "unknown"
  },
  {
    "title": "CompanyLeadership TeamDEICorporate ResponsibilityContact Us",
    "link": "https://wavelifesciences.com/company/leadership/",
    "timestamp": "unknown"
  },
  {
    "title": "Leadership Team",
    "link": "https://wavelifesciences.com/company/leadership/",
    "timestamp": "unknown"
  },
  {
    "title": "DEI",
    "link": "https://wavelifesciences.com/company/sustainability/#tab1",
    "timestamp": "unknown"
  },
  {
    "title": "Corporate Responsibility",
    "link": "https://wavelifesciences.com/company/sustainability/",
    "timestamp": "unknown"
  },
  {
    "title": "Contact Us",
    "link": "https://wavelifesciences.com/company/contact/",
    "timestamp": "unknown"
  },
  {
    "title": "SciencePRISM\u2122 PlatformPublicationsCollaborationsManufacturing",
    "link": "https://wavelifesciences.com/science/prism-platform/",
    "timestamp": "unknown"
  },
  {
    "title": "PRISM\u2122 Platform",
    "link": "https://wavelifesciences.com/science/prism-platform/",
    "timestamp": "unknown"
  },
  {
    "title": "Publications",
    "link": "https://wavelifesciences.com/science/publications/",
    "timestamp": "unknown"
  },
  {
    "title": "Collaborations",
    "link": "https://wavelifesciences.com/science/collaborations/",
    "timestamp": "unknown"
  },
  {
    "title": "Manufacturing",
    "link": "https://wavelifesciences.com/science/manufacturing/",
    "timestamp": "unknown"
  },
  {
    "title": "PipelineR&D PipelineLead Programs",
    "link": "https://wavelifesciences.com/pipeline/research-and-development/",
    "timestamp": "unknown"
  },
  {
    "title": "R&D Pipeline",
    "link": "https://wavelifesciences.com/pipeline/research-and-development/",
    "timestamp": "unknown"
  },
  {
    "title": "Lead Programs",
    "link": "https://wavelifesciences.com/pipeline/lead-programs/",
    "timestamp": "unknown"
  },
  {
    "title": "NewsPress Releases",
    "link": "https://ir.wavelifesciences.com/press-releases",
    "timestamp": "unknown"
  },
  {
    "title": "Press Releases",
    "link": "https://ir.wavelifesciences.com/press-releases",
    "timestamp": "unknown"
  },
  {
    "title": "\u00a9  Wave Life Sciences. All Rights Reserved.PrivacyTerms of useContact",
    "link": "https://wavelifesciences.com/privacy/",
    "timestamp": "unknown"
  },
  {
    "title": "\u00a9  Wave Life Sciences. All Rights Reserved.PrivacyTerms of useContact",
    "link": "https://wavelifesciences.com/privacy/",
    "timestamp": "unknown"
  },
  {
    "title": "\u00a9  Wave Life Sciences. All Rights Reserved.PrivacyTerms of useContact",
    "link": "https://wavelifesciences.com/privacy/",
    "timestamp": "unknown"
  },
  {
    "title": "Privacy",
    "link": "https://wavelifesciences.com/privacy/",
    "timestamp": "unknown"
  },
  {
    "title": "Terms of use",
    "link": "https://wavelifesciences.com/terms-of-use/",
    "timestamp": "unknown"
  },
  {
    "title": "Contact",
    "link": "https://wavelifesciences.com/about/contact/",
    "timestamp": "unknown"
  }
]