[
  {
    "title": "Patients & FamiliesInvestorsCareersFollow UsXLinkedInGlassdoorCompanyLeadership TeamDEICorporate ResponsibilityContact UsSciencePRISM\u2122 PlatformPublica",
    "link": "https://wavelifesciences.com/",
    "timestamp": "unknown"
  },
  {
    "title": "Patients & FamiliesInvestorsCareersFollow UsXLinkedInGlassdoorCompanyLeadership TeamDEICorporate ResponsibilityContact UsSciencePRISM\u2122 PlatformPublica",
    "link": "https://wavelifesciences.com/",
    "timestamp": "unknown"
  },
  {
    "title": "Patients & FamiliesInvestorsCareersFollow UsXLinkedInGlassdoorCompanyLeadership TeamDEICorporate ResponsibilityContact UsSciencePRISM\u2122 PlatformPublica",
    "link": "https://wavelifesciences.com/",
    "timestamp": "unknown"
  },
  {
    "title": "Patients & FamiliesInvestorsCareersFollow UsXLinkedInGlassdoorCompanyLeadership TeamDEICorporate ResponsibilityContact UsSciencePRISM\u2122 PlatformPublica",
    "link": "https://wavelifesciences.com/patients-and-families/",
    "timestamp": "unknown"
  },
  {
    "title": "Patients & FamiliesInvestorsCareersFollow UsXLinkedInGlassdoor",
    "link": "https://wavelifesciences.com/patients-and-families/",
    "timestamp": "unknown"
  },
  {
    "title": "Patients & Families",
    "link": "https://wavelifesciences.com/patients-and-families/",
    "timestamp": "unknown"
  },
  {
    "title": "Investors",
    "link": "https://ir.wavelifesciences.com/",
    "timestamp": "unknown"
  },
  {
    "title": "Careers",
    "link": "https://wavelifesciences.com/careers/",
    "timestamp": "unknown"
  },
  {
    "title": "Follow UsXLinkedInGlassdoor",
    "link": "https://ir.wavelifesciences.com/events-publications/events",
    "timestamp": "unknown"
  },
  {
    "title": "X",
    "link": "https://twitter.com/WAVELifeSci",
    "timestamp": "unknown"
  },
  {
    "title": "LinkedIn",
    "link": "https://www.linkedin.com/company/wave-life-sciences",
    "timestamp": "unknown"
  },
  {
    "title": "Glassdoor",
    "link": "https://www.glassdoor.com/Overview/Working-at-WAVE-Life-Sciences-EI_IE1575145.,.htm",
    "timestamp": "unknown"
  },
  {
    "title": "CompanyLeadership TeamDEICorporate ResponsibilityContact UsSciencePRISM\u2122 PlatformPublicationsCollaborationsManufacturingPipelineR&D PipelineLead Progr",
    "link": "https://wavelifesciences.com/company/leadership/",
    "timestamp": "unknown"
  },
  {
    "title": "CompanyLeadership TeamDEICorporate ResponsibilityContact Us",
    "link": "https://wavelifesciences.com/company/leadership/",
    "timestamp": "unknown"
  },
  {
    "title": "Leadership Team",
    "link": "https://wavelifesciences.com/company/leadership/",
    "timestamp": "unknown"
  },
  {
    "title": "DEI",
    "link": "https://wavelifesciences.com/company/sustainability/#tab1",
    "timestamp": "unknown"
  },
  {
    "title": "Corporate Responsibility",
    "link": "https://wavelifesciences.com/company/sustainability/",
    "timestamp": "unknown"
  },
  {
    "title": "Contact Us",
    "link": "https://wavelifesciences.com/company/contact/",
    "timestamp": "unknown"
  },
  {
    "title": "SciencePRISM\u2122 PlatformPublicationsCollaborationsManufacturing",
    "link": "https://wavelifesciences.com/science/prism-platform/",
    "timestamp": "unknown"
  },
  {
    "title": "PRISM\u2122 Platform",
    "link": "https://wavelifesciences.com/science/prism-platform/",
    "timestamp": "unknown"
  },
  {
    "title": "Publications",
    "link": "https://wavelifesciences.com/science/publications/",
    "timestamp": "unknown"
  },
  {
    "title": "Collaborations",
    "link": "https://wavelifesciences.com/science/collaborations/",
    "timestamp": "unknown"
  },
  {
    "title": "Manufacturing",
    "link": "https://wavelifesciences.com/science/manufacturing/",
    "timestamp": "unknown"
  },
  {
    "title": "PipelineR&D PipelineLead Programs",
    "link": "https://wavelifesciences.com/pipeline/research-and-development/",
    "timestamp": "unknown"
  },
  {
    "title": "R&D Pipeline",
    "link": "https://wavelifesciences.com/pipeline/research-and-development/",
    "timestamp": "unknown"
  },
  {
    "title": "Lead Programs",
    "link": "https://wavelifesciences.com/pipeline/lead-programs/",
    "timestamp": "unknown"
  },
  {
    "title": "NewsPress Releases",
    "link": "https://ir.wavelifesciences.com/press-releases",
    "timestamp": "unknown"
  },
  {
    "title": "Press Releases",
    "link": "https://ir.wavelifesciences.com/press-releases",
    "timestamp": "unknown"
  },
  {
    "title": "HomeInvestorsEvents & Publications",
    "link": "https://wavelifesciences.com/",
    "timestamp": "unknown"
  },
  {
    "title": "HomeInvestorsEvents & Publications",
    "link": "https://wavelifesciences.com/",
    "timestamp": "unknown"
  },
  {
    "title": "HomeInvestorsEvents & Publications",
    "link": "https://wavelifesciences.com/",
    "timestamp": "unknown"
  },
  {
    "title": "HomeInvestorsEvents & Publications",
    "link": "https://wavelifesciences.com/",
    "timestamp": "unknown"
  },
  {
    "title": "Home",
    "link": "https://wavelifesciences.com/",
    "timestamp": "unknown"
  },
  {
    "title": "Investors",
    "link": "https://ir.wavelifesciences.com/",
    "timestamp": "unknown"
  },
  {
    "title": "CompanyLeadership TeamDEICorporate ResponsibilityContact UsSciencePRISM\u2122 PlatformPublicationsCollaborationsManufacturingPipelineR&D PipelineLead Progr",
    "link": "https://wavelifesciences.com/company/leadership/",
    "timestamp": "unknown"
  },
  {
    "title": "CompanyLeadership TeamDEICorporate ResponsibilityContact UsSciencePRISM\u2122 PlatformPublicationsCollaborationsManufacturingPipelineR&D PipelineLead Progr",
    "link": "https://wavelifesciences.com/company/leadership/",
    "timestamp": "unknown"
  },
  {
    "title": "CompanyLeadership TeamDEICorporate ResponsibilityContact Us",
    "link": "https://wavelifesciences.com/company/leadership/",
    "timestamp": "unknown"
  },
  {
    "title": "Leadership Team",
    "link": "https://wavelifesciences.com/company/leadership/",
    "timestamp": "unknown"
  },
  {
    "title": "DEI",
    "link": "https://wavelifesciences.com/company/sustainability/#tab1",
    "timestamp": "unknown"
  },
  {
    "title": "Corporate Responsibility",
    "link": "https://wavelifesciences.com/company/sustainability/",
    "timestamp": "unknown"
  },
  {
    "title": "Contact Us",
    "link": "https://wavelifesciences.com/company/contact/",
    "timestamp": "unknown"
  },
  {
    "title": "SciencePRISM\u2122 PlatformPublicationsCollaborationsManufacturing",
    "link": "https://wavelifesciences.com/science/prism-platform/",
    "timestamp": "unknown"
  },
  {
    "title": "PRISM\u2122 Platform",
    "link": "https://wavelifesciences.com/science/prism-platform/",
    "timestamp": "unknown"
  },
  {
    "title": "Publications",
    "link": "https://wavelifesciences.com/science/publications/",
    "timestamp": "unknown"
  },
  {
    "title": "Collaborations",
    "link": "https://wavelifesciences.com/science/collaborations/",
    "timestamp": "unknown"
  },
  {
    "title": "Manufacturing",
    "link": "https://wavelifesciences.com/science/manufacturing/",
    "timestamp": "unknown"
  },
  {
    "title": "PipelineR&D PipelineLead Programs",
    "link": "https://wavelifesciences.com/pipeline/research-and-development/",
    "timestamp": "unknown"
  },
  {
    "title": "R&D Pipeline",
    "link": "https://wavelifesciences.com/pipeline/research-and-development/",
    "timestamp": "unknown"
  },
  {
    "title": "Lead Programs",
    "link": "https://wavelifesciences.com/pipeline/lead-programs/",
    "timestamp": "unknown"
  },
  {
    "title": "NewsPress Releases",
    "link": "https://ir.wavelifesciences.com/press-releases",
    "timestamp": "unknown"
  },
  {
    "title": "Press Releases",
    "link": "https://ir.wavelifesciences.com/press-releases",
    "timestamp": "unknown"
  },
  {
    "title": "Patients & Families",
    "link": "https://wavelifesciences.com/patients-and-families/",
    "timestamp": "unknown"
  },
  {
    "title": "Investors",
    "link": "https://ir.wavelifesciences.com/",
    "timestamp": "unknown"
  },
  {
    "title": "Careers",
    "link": "https://wavelifesciences.com/careers/",
    "timestamp": "unknown"
  },
  {
    "title": "Follow UsXLinkedInGlassdoor",
    "link": "https://ir.wavelifesciences.com/events-publications/events",
    "timestamp": "unknown"
  },
  {
    "title": "X",
    "link": "https://twitter.com/WAVELifeSci",
    "timestamp": "unknown"
  },
  {
    "title": "LinkedIn",
    "link": "https://www.linkedin.com/company/wave-life-sciences",
    "timestamp": "unknown"
  },
  {
    "title": "Glassdoor",
    "link": "https://www.glassdoor.com/Overview/Working-at-WAVE-Life-Sciences-EI_IE1575145.,.htm",
    "timestamp": "unknown"
  },
  {
    "title": "MenuOverviewNewsEvents & PublicationsSEC FilingsStock InformationAnalyst CoverageCorporate GovernanceFAQs",
    "link": "https://ir.wavelifesciences.com/",
    "timestamp": "unknown"
  },
  {
    "title": "MenuOverviewNewsEvents & PublicationsSEC FilingsStock InformationAnalyst CoverageCorporate GovernanceFAQs",
    "link": "https://ir.wavelifesciences.com/",
    "timestamp": "unknown"
  },
  {
    "title": "MenuOverviewNewsEvents & PublicationsSEC FilingsStock InformationAnalyst CoverageCorporate GovernanceFAQs",
    "link": "https://ir.wavelifesciences.com/",
    "timestamp": "unknown"
  },
  {
    "title": "Overview",
    "link": "https://ir.wavelifesciences.com/",
    "timestamp": "unknown"
  },
  {
    "title": "News",
    "link": "https://ir.wavelifesciences.com/press-releases",
    "timestamp": "unknown"
  },
  {
    "title": "Events & Publications",
    "link": "https://ir.wavelifesciences.com/events-publications/events",
    "timestamp": "unknown"
  },
  {
    "title": "SEC Filings",
    "link": "https://ir.wavelifesciences.com/financial-information/sec-filings",
    "timestamp": "unknown"
  },
  {
    "title": "Stock Information",
    "link": "https://ir.wavelifesciences.com/stock-information/stock",
    "timestamp": "unknown"
  },
  {
    "title": "Analyst Coverage",
    "link": "https://ir.wavelifesciences.com/analyst-coverage-page",
    "timestamp": "unknown"
  },
  {
    "title": "Corporate Governance",
    "link": "https://ir.wavelifesciences.com/corporate-governance",
    "timestamp": "unknown"
  },
  {
    "title": "FAQs",
    "link": "https://ir.wavelifesciences.com/investor-faqs",
    "timestamp": "unknown"
  },
  {
    "title": "Investor EventsScientific PresentationsPublicationsEvents & PublicationsYearAllWave\u2019s  Virtual Research DayOct ,EDTAdd to OutlookAdd to Google Calenda",
    "link": "https://ir.wavelifesciences.com/events-publications/events",
    "timestamp": "unknown"
  },
  {
    "title": "Investor EventsScientific PresentationsPublicationsEvents & PublicationsYearAllWave\u2019s  Virtual Research DayOct ,EDTAdd to OutlookAdd to Google Calenda",
    "link": "https://ir.wavelifesciences.com/events-publications/events",
    "timestamp": "unknown"
  },
  {
    "title": "Investor EventsScientific PresentationsPublicationsEvents & PublicationsYearAllWave\u2019s  Virtual Research DayOct ,EDTAdd to OutlookAdd to Google Calenda",
    "link": "https://ir.wavelifesciences.com/events-publications/events",
    "timestamp": "unknown"
  },
  {
    "title": "Investor EventsScientific PresentationsPublicationsEvents & PublicationsYearAllWave\u2019s  Virtual Research DayOct ,EDTAdd to OutlookAdd to Google Calenda",
    "link": "https://ir.wavelifesciences.com/events-publications/events",
    "timestamp": "unknown"
  },
  {
    "title": "Investor EventsScientific PresentationsPublicationsEvents & PublicationsYearAllWave\u2019s  Virtual Research DayOct ,EDTAdd to OutlookAdd to Google Calenda",
    "link": "https://ir.wavelifesciences.com/events-publications/events",
    "timestamp": "unknown"
  },
  {
    "title": "Investor EventsScientific PresentationsPublicationsEvents & PublicationsYearAllWave\u2019s  Virtual Research DayOct ,EDTAdd to OutlookAdd to Google Calenda",
    "link": "https://ir.wavelifesciences.com/events-publications/events",
    "timestamp": "unknown"
  },
  {
    "title": "Investor Events",
    "link": "https://ir.wavelifesciences.com/events-publications/events",
    "timestamp": "unknown"
  },
  {
    "title": "Scientific Presentations",
    "link": "https://ir.wavelifesciences.com/events-publications/scientific-presentations",
    "timestamp": "unknown"
  },
  {
    "title": "Publications",
    "link": "https://ir.wavelifesciences.com/events-publications/publications",
    "timestamp": "unknown"
  },
  {
    "title": "Events & PublicationsYearAllWave\u2019s  Virtual Research DayOct ,EDTAdd to OutlookAdd to Google CalendarChardan\u2019s 9th Annual Genetic Medicines ConferenceO",
    "link": "https://ir.wavelifesciences.com/events/event-details/waves--virtual-research-day",
    "timestamp": "unknown"
  },
  {
    "title": "Events & PublicationsYearAllWave\u2019s  Virtual Research DayOct ,EDTAdd to OutlookAdd to Google CalendarChardan\u2019s 9th Annual Genetic Medicines ConferenceO",
    "link": "https://ir.wavelifesciences.com/events/event-details/waves--virtual-research-day",
    "timestamp": "unknown"
  },
  {
    "title": "Events & PublicationsYearAllWave\u2019s  Virtual Research DayOct ,EDTAdd to OutlookAdd to Google CalendarChardan\u2019s 9th Annual Genetic Medicines ConferenceO",
    "link": "https://ir.wavelifesciences.com/events/event-details/waves--virtual-research-day",
    "timestamp": "unknown"
  },
  {
    "title": "Events & PublicationsYearAllWave\u2019s  Virtual Research DayOct ,EDTAdd to OutlookAdd to Google CalendarChardan\u2019s 9th Annual Genetic Medicines ConferenceO",
    "link": "https://ir.wavelifesciences.com/events/event-details/waves--virtual-research-day",
    "timestamp": "unknown"
  },
  {
    "title": "Events & PublicationsYearAllWave\u2019s  Virtual Research DayOct ,EDTAdd to OutlookAdd to Google CalendarChardan\u2019s 9th Annual Genetic Medicines ConferenceO",
    "link": "https://ir.wavelifesciences.com/events/event-details/waves--virtual-research-day",
    "timestamp": "unknown"
  },
  {
    "title": "Events & PublicationsYearAllWave\u2019s  Virtual Research DayOct ,EDTAdd to OutlookAdd to Google CalendarChardan\u2019s 9th Annual Genetic Medicines ConferenceO",
    "link": "https://ir.wavelifesciences.com/events/event-details/waves--virtual-research-day",
    "timestamp": "unknown"
  },
  {
    "title": "Events & PublicationsYearAllWave\u2019s  Virtual Research DayOct ,EDTAdd to OutlookAdd to Google CalendarChardan\u2019s 9th Annual Genetic Medicines ConferenceO",
    "link": "https://ir.wavelifesciences.com/events/event-details/waves--virtual-research-day",
    "timestamp": "unknown"
  },
  {
    "title": "Events & PublicationsYearAllWave\u2019s  Virtual Research DayOct ,EDTAdd to OutlookAdd to Google CalendarChardan\u2019s 9th Annual Genetic Medicines ConferenceO",
    "link": "https://ir.wavelifesciences.com/events/event-details/waves--virtual-research-day",
    "timestamp": "unknown"
  },
  {
    "title": "Events & PublicationsYearAllWave\u2019s  Virtual Research DayOct ,EDTAdd to OutlookAdd to Google CalendarChardan\u2019s 9th Annual Genetic Medicines ConferenceO",
    "link": "https://ir.wavelifesciences.com/events/event-details/waves--virtual-research-day",
    "timestamp": "unknown"
  },
  {
    "title": "YearAllWave\u2019s  Virtual Research DayOct ,EDTAdd to OutlookAdd to Google CalendarChardan\u2019s 9th Annual Genetic Medicines ConferenceOct ,EDTListen to webc",
    "link": "https://ir.wavelifesciences.com/events/event-details/waves--virtual-research-day",
    "timestamp": "unknown"
  },
  {
    "title": "YearAllWave\u2019s  Virtual Research DayOct ,EDTAdd to OutlookAdd to Google CalendarChardan\u2019s 9th Annual Genetic Medicines ConferenceOct ,EDTListen to webc",
    "link": "https://ir.wavelifesciences.com/events/event-details/waves--virtual-research-day",
    "timestamp": "unknown"
  },
  {
    "title": "YearAllWave\u2019s  Virtual Research DayOct ,EDTAdd to OutlookAdd to Google CalendarChardan\u2019s 9th Annual Genetic Medicines ConferenceOct ,EDTListen to webc",
    "link": "https://ir.wavelifesciences.com/events/event-details/waves--virtual-research-day",
    "timestamp": "unknown"
  },
  {
    "title": "YearAllWave\u2019s  Virtual Research DayOct ,EDTAdd to OutlookAdd to Google CalendarChardan\u2019s 9th Annual Genetic Medicines ConferenceOct ,EDTListen to webc",
    "link": "https://ir.wavelifesciences.com/events/event-details/waves--virtual-research-day",
    "timestamp": "unknown"
  },
  {
    "title": "YearAllWave\u2019s  Virtual Research DayOct ,EDTAdd to OutlookAdd to Google CalendarChardan\u2019s 9th Annual Genetic Medicines ConferenceOct ,EDTListen to webc",
    "link": "https://ir.wavelifesciences.com/events/event-details/waves--virtual-research-day",
    "timestamp": "unknown"
  },
  {
    "title": "Wave\u2019s  Virtual Research DayOct ,EDTAdd to OutlookAdd to Google CalendarChardan\u2019s 9th Annual Genetic Medicines ConferenceOct ,EDTListen to webcastStif",
    "link": "https://ir.wavelifesciences.com/events/event-details/waves--virtual-research-day",
    "timestamp": "unknown"
  },
  {
    "title": "Wave\u2019s  Virtual Research DayOct ,EDTAdd to OutlookAdd to Google Calendar",
    "link": "https://ir.wavelifesciences.com/events/event-details/waves--virtual-research-day",
    "timestamp": "unknown"
  },
  {
    "title": "Wave\u2019s  Virtual Research DayOct ,EDTAdd to OutlookAdd to Google Calendar",
    "link": "https://ir.wavelifesciences.com/events/event-details/waves--virtual-research-day",
    "timestamp": "unknown"
  },
  {
    "title": "Wave\u2019s  Virtual Research DayOct ,EDT",
    "link": "https://ir.wavelifesciences.com/events/event-details/waves--virtual-research-day",
    "timestamp": "unknown"
  },
  {
    "title": "Wave\u2019s  Virtual Research DayOct ,EDT",
    "link": "https://ir.wavelifesciences.com/events/event-details/waves--virtual-research-day",
    "timestamp": "unknown"
  },
  {
    "title": "Wave\u2019s  Virtual Research DayOct ,EDT",
    "link": "https://ir.wavelifesciences.com/events/event-details/waves--virtual-research-day",
    "timestamp": "unknown"
  },
  {
    "title": "Wave\u2019s  Virtual Research DayOct ,EDT",
    "link": "https://ir.wavelifesciences.com/events/event-details/waves--virtual-research-day",
    "timestamp": "unknown"
  },
  {
    "title": "Wave\u2019s  Virtual Research Day",
    "link": "https://ir.wavelifesciences.com/events/event-details/waves--virtual-research-day",
    "timestamp": "unknown"
  },
  {
    "title": "Wave\u2019s  Virtual Research Day",
    "link": "https://ir.wavelifesciences.com/events/event-details/waves--virtual-research-day",
    "timestamp": "unknown"
  },
  {
    "title": "Wave\u2019s  Virtual Research Day",
    "link": "https://ir.wavelifesciences.com/events/event-details/waves--virtual-research-day",
    "timestamp": "unknown"
  },
  {
    "title": "Add to OutlookAdd to Google Calendar",
    "link": "https://ir.wavelifesciences.com/node//ics",
    "timestamp": "unknown"
  },
  {
    "title": "Add to OutlookAdd to Google Calendar",
    "link": "https://ir.wavelifesciences.com/node//ics",
    "timestamp": "unknown"
  },
  {
    "title": "Add to Outlook",
    "link": "https://ir.wavelifesciences.com/node//ics",
    "timestamp": "unknown"
  },
  {
    "title": "Add to Outlook",
    "link": "https://ir.wavelifesciences.com/node//ics",
    "timestamp": "unknown"
  },
  {
    "title": "Add to Outlook",
    "link": "https://ir.wavelifesciences.com/node//ics",
    "timestamp": "unknown"
  },
  {
    "title": "Add to Google Calendar",
    "link": "https://www.google.com/calendar/render?action=TEMPLATE&text=Wave%20Life%20Sciences%-%20Wave%E2%%99s%%20Virtual%20Research%20Day&dates=20251029T140000Z/20251029T140000Z&details=Event%20Details%3A%20https%3A//ir.wavelifesciences.com/events/event-details/waves--virtual-research-day&location=&trp=false&sprop=name%3A",
    "timestamp": "unknown"
  },
  {
    "title": "Add to Google Calendar",
    "link": "https://www.google.com/calendar/render?action=TEMPLATE&text=Wave%20Life%20Sciences%-%20Wave%E2%%99s%%20Virtual%20Research%20Day&dates=20251029T140000Z/20251029T140000Z&details=Event%20Details%3A%20https%3A//ir.wavelifesciences.com/events/event-details/waves--virtual-research-day&location=&trp=false&sprop=name%3A",
    "timestamp": "unknown"
  },
  {
    "title": "Add to Google Calendar",
    "link": "https://www.google.com/calendar/render?action=TEMPLATE&text=Wave%20Life%20Sciences%-%20Wave%E2%%99s%%20Virtual%20Research%20Day&dates=20251029T140000Z/20251029T140000Z&details=Event%20Details%3A%20https%3A//ir.wavelifesciences.com/events/event-details/waves--virtual-research-day&location=&trp=false&sprop=name%3A",
    "timestamp": "unknown"
  },
  {
    "title": "Chardan\u2019s 9th Annual Genetic Medicines ConferenceOct ,EDTListen to webcast",
    "link": "https://ir.wavelifesciences.com/events/event-details/chardans-9th-annual-genetic-medicines-conference",
    "timestamp": "unknown"
  },
  {
    "title": "Chardan\u2019s 9th Annual Genetic Medicines ConferenceOct ,EDTListen to webcast",
    "link": "https://ir.wavelifesciences.com/events/event-details/chardans-9th-annual-genetic-medicines-conference",
    "timestamp": "unknown"
  },
  {
    "title": "Chardan\u2019s 9th Annual Genetic Medicines ConferenceOct ,EDT",
    "link": "https://ir.wavelifesciences.com/events/event-details/chardans-9th-annual-genetic-medicines-conference",
    "timestamp": "unknown"
  },
  {
    "title": "Chardan\u2019s 9th Annual Genetic Medicines ConferenceOct ,EDT",
    "link": "https://ir.wavelifesciences.com/events/event-details/chardans-9th-annual-genetic-medicines-conference",
    "timestamp": "unknown"
  },
  {
    "title": "Chardan\u2019s 9th Annual Genetic Medicines ConferenceOct ,EDT",
    "link": "https://ir.wavelifesciences.com/events/event-details/chardans-9th-annual-genetic-medicines-conference",
    "timestamp": "unknown"
  },
  {
    "title": "Chardan\u2019s 9th Annual Genetic Medicines ConferenceOct ,EDT",
    "link": "https://ir.wavelifesciences.com/events/event-details/chardans-9th-annual-genetic-medicines-conference",
    "timestamp": "unknown"
  },
  {
    "title": "Chardan\u2019s 9th Annual Genetic Medicines Conference",
    "link": "https://ir.wavelifesciences.com/events/event-details/chardans-9th-annual-genetic-medicines-conference",
    "timestamp": "unknown"
  },
  {
    "title": "Chardan\u2019s 9th Annual Genetic Medicines Conference",
    "link": "https://ir.wavelifesciences.com/events/event-details/chardans-9th-annual-genetic-medicines-conference",
    "timestamp": "unknown"
  },
  {
    "title": "Chardan\u2019s 9th Annual Genetic Medicines Conference",
    "link": "https://ir.wavelifesciences.com/events/event-details/chardans-9th-annual-genetic-medicines-conference",
    "timestamp": "unknown"
  },
  {
    "title": "Listen to webcast",
    "link": "https://wsw.com/webcast/chard21/panel5/",
    "timestamp": "unknown"
  },
  {
    "title": "Listen to webcast",
    "link": "https://wsw.com/webcast/chard21/panel5/",
    "timestamp": "unknown"
  },
  {
    "title": "Listen to webcast",
    "link": "https://wsw.com/webcast/chard21/panel5/",
    "timestamp": "unknown"
  },
  {
    "title": "Listen to webcast",
    "link": "https://wsw.com/webcast/chard21/panel5/",
    "timestamp": "unknown"
  },
  {
    "title": "Stifel Virtual Cardiometabolic ForumSep ,EDTListen to webcast",
    "link": "https://ir.wavelifesciences.com/events/event-details/stifel-virtual-cardiometabolic-forum",
    "timestamp": "unknown"
  },
  {
    "title": "Stifel Virtual Cardiometabolic ForumSep ,EDTListen to webcast",
    "link": "https://ir.wavelifesciences.com/events/event-details/stifel-virtual-cardiometabolic-forum",
    "timestamp": "unknown"
  },
  {
    "title": "Stifel Virtual Cardiometabolic ForumSep ,EDT",
    "link": "https://ir.wavelifesciences.com/events/event-details/stifel-virtual-cardiometabolic-forum",
    "timestamp": "unknown"
  },
  {
    "title": "Stifel Virtual Cardiometabolic ForumSep ,EDT",
    "link": "https://ir.wavelifesciences.com/events/event-details/stifel-virtual-cardiometabolic-forum",
    "timestamp": "unknown"
  },
  {
    "title": "Stifel Virtual Cardiometabolic ForumSep ,EDT",
    "link": "https://ir.wavelifesciences.com/events/event-details/stifel-virtual-cardiometabolic-forum",
    "timestamp": "unknown"
  },
  {
    "title": "Stifel Virtual Cardiometabolic ForumSep ,EDT",
    "link": "https://ir.wavelifesciences.com/events/event-details/stifel-virtual-cardiometabolic-forum",
    "timestamp": "unknown"
  },
  {
    "title": "Stifel Virtual Cardiometabolic Forum",
    "link": "https://ir.wavelifesciences.com/events/event-details/stifel-virtual-cardiometabolic-forum",
    "timestamp": "unknown"
  },
  {
    "title": "Stifel Virtual Cardiometabolic Forum",
    "link": "https://ir.wavelifesciences.com/events/event-details/stifel-virtual-cardiometabolic-forum",
    "timestamp": "unknown"
  },
  {
    "title": "Stifel Virtual Cardiometabolic Forum",
    "link": "https://ir.wavelifesciences.com/events/event-details/stifel-virtual-cardiometabolic-forum",
    "timestamp": "unknown"
  },
  {
    "title": "Listen to webcast",
    "link": "https://wsw.com/webcast/stifel103/wve/",
    "timestamp": "unknown"
  },
  {
    "title": "Listen to webcast",
    "link": "https://wsw.com/webcast/stifel103/wve/",
    "timestamp": "unknown"
  },
  {
    "title": "Listen to webcast",
    "link": "https://wsw.com/webcast/stifel103/wve/",
    "timestamp": "unknown"
  },
  {
    "title": "Listen to webcast",
    "link": "https://wsw.com/webcast/stifel103/wve/",
    "timestamp": "unknown"
  },
  {
    "title": "Bernstein 2nd Annual Healthcare ForumSep ,EDTListen to webcast",
    "link": "https://ir.wavelifesciences.com/events/event-details/bernstein-2nd-annual-healthcare-forum",
    "timestamp": "unknown"
  },
  {
    "title": "Bernstein 2nd Annual Healthcare ForumSep ,EDTListen to webcast",
    "link": "https://ir.wavelifesciences.com/events/event-details/bernstein-2nd-annual-healthcare-forum",
    "timestamp": "unknown"
  },
  {
    "title": "Bernstein 2nd Annual Healthcare ForumSep ,EDT",
    "link": "https://ir.wavelifesciences.com/events/event-details/bernstein-2nd-annual-healthcare-forum",
    "timestamp": "unknown"
  },
  {
    "title": "Bernstein 2nd Annual Healthcare ForumSep ,EDT",
    "link": "https://ir.wavelifesciences.com/events/event-details/bernstein-2nd-annual-healthcare-forum",
    "timestamp": "unknown"
  },
  {
    "title": "Bernstein 2nd Annual Healthcare ForumSep ,EDT",
    "link": "https://ir.wavelifesciences.com/events/event-details/bernstein-2nd-annual-healthcare-forum",
    "timestamp": "unknown"
  },
  {
    "title": "Bernstein 2nd Annual Healthcare ForumSep ,EDT",
    "link": "https://ir.wavelifesciences.com/events/event-details/bernstein-2nd-annual-healthcare-forum",
    "timestamp": "unknown"
  },
  {
    "title": "Bernstein 2nd Annual Healthcare Forum",
    "link": "https://ir.wavelifesciences.com/events/event-details/bernstein-2nd-annual-healthcare-forum",
    "timestamp": "unknown"
  },
  {
    "title": "Bernstein 2nd Annual Healthcare Forum",
    "link": "https://ir.wavelifesciences.com/events/event-details/bernstein-2nd-annual-healthcare-forum",
    "timestamp": "unknown"
  },
  {
    "title": "Bernstein 2nd Annual Healthcare Forum",
    "link": "https://ir.wavelifesciences.com/events/event-details/bernstein-2nd-annual-healthcare-forum",
    "timestamp": "unknown"
  },
  {
    "title": "Listen to webcast",
    "link": "https://cc.webcasts.com/bern001/092325a_jp/?entity=11_4OH8OSC",
    "timestamp": "unknown"
  },
  {
    "title": "Listen to webcast",
    "link": "https://cc.webcasts.com/bern001/092325a_jp/?entity=11_4OH8OSC",
    "timestamp": "unknown"
  },
  {
    "title": "Listen to webcast",
    "link": "https://cc.webcasts.com/bern001/092325a_jp/?entity=11_4OH8OSC",
    "timestamp": "unknown"
  },
  {
    "title": "Listen to webcast",
    "link": "https://cc.webcasts.com/bern001/092325a_jp/?entity=11_4OH8OSC",
    "timestamp": "unknown"
  },
  {
    "title": "PaginationCurrent pagePagePage\u2026Next page\u203aLast page\u00bb",
    "link": "https://ir.wavelifesciences.com/events-publications/events?page=",
    "timestamp": "unknown"
  },
  {
    "title": "PaginationCurrent pagePagePage\u2026Next page\u203aLast page\u00bb",
    "link": "https://ir.wavelifesciences.com/events-publications/events?page=",
    "timestamp": "unknown"
  },
  {
    "title": "PaginationCurrent pagePagePage\u2026Next page\u203aLast page\u00bb",
    "link": "https://ir.wavelifesciences.com/events-publications/events?page=",
    "timestamp": "unknown"
  },
  {
    "title": "Current page",
    "link": "https://ir.wavelifesciences.com/events-publications/events?page=",
    "timestamp": "unknown"
  },
  {
    "title": "Page",
    "link": "https://ir.wavelifesciences.com/events-publications/events?page=",
    "timestamp": "unknown"
  },
  {
    "title": "Page",
    "link": "https://ir.wavelifesciences.com/events-publications/events?page=",
    "timestamp": "unknown"
  },
  {
    "title": "Next page\u203a",
    "link": "https://ir.wavelifesciences.com/events-publications/events?page=",
    "timestamp": "unknown"
  },
  {
    "title": "Last page\u00bb",
    "link": "https://ir.wavelifesciences.com/events-publications/events?page=",
    "timestamp": "unknown"
  },
  {
    "title": "Investor InquiriesKate RauschInvestor Relations--InvestorRelations@wavelifesci.comRequest informationEmail AlertsSign up here to receive email alerts ",
    "link": "javascript:void();",
    "timestamp": "unknown"
  },
  {
    "title": "Investor InquiriesKate RauschInvestor Relations--InvestorRelations@wavelifesci.comRequest informationEmail AlertsSign up here to receive email alerts ",
    "link": "javascript:void();",
    "timestamp": "unknown"
  },
  {
    "title": "Investor InquiriesKate RauschInvestor Relations--InvestorRelations@wavelifesci.comRequest informationEmail AlertsSign up here to receive email alerts ",
    "link": "javascript:void();",
    "timestamp": "unknown"
  },
  {
    "title": "Investor InquiriesKate RauschInvestor Relations--InvestorRelations@wavelifesci.comRequest information",
    "link": "javascript:void();",
    "timestamp": "unknown"
  },
  {
    "title": "Investor InquiriesKate RauschInvestor Relations--InvestorRelations@wavelifesci.comRequest information",
    "link": "javascript:void();",
    "timestamp": "unknown"
  },
  {
    "title": "Investor InquiriesKate RauschInvestor Relations--InvestorRelations@wavelifesci.comRequest information",
    "link": "javascript:void();",
    "timestamp": "unknown"
  },
  {
    "title": "Investor InquiriesKate RauschInvestor Relations--InvestorRelations@wavelifesci.comRequest information",
    "link": "javascript:void();",
    "timestamp": "unknown"
  },
  {
    "title": "Investor InquiriesKate RauschInvestor Relations--InvestorRelations@wavelifesci.comRequest information",
    "link": "javascript:void();",
    "timestamp": "unknown"
  },
  {
    "title": "--",
    "link": "javascript:void();",
    "timestamp": "unknown"
  },
  {
    "title": "InvestorRelations@wavelifesci.com",
    "link": "mailto:InvestorRelations@wavelifesci.com",
    "timestamp": "unknown"
  },
  {
    "title": "Email AlertsSign up here to receive email alerts from Wave Life Sciences.Sign up",
    "link": "https://ir.wavelifesciences.com/email-alerts",
    "timestamp": "unknown"
  },
  {
    "title": "Email AlertsSign up here to receive email alerts from Wave Life Sciences.Sign up",
    "link": "https://ir.wavelifesciences.com/email-alerts",
    "timestamp": "unknown"
  },
  {
    "title": "Email AlertsSign up here to receive email alerts from Wave Life Sciences.Sign up",
    "link": "https://ir.wavelifesciences.com/email-alerts",
    "timestamp": "unknown"
  },
  {
    "title": "Email AlertsSign up here to receive email alerts from Wave Life Sciences.Sign up",
    "link": "https://ir.wavelifesciences.com/email-alerts",
    "timestamp": "unknown"
  },
  {
    "title": "Email AlertsSign up here to receive email alerts from Wave Life Sciences.Sign up",
    "link": "https://ir.wavelifesciences.com/email-alerts",
    "timestamp": "unknown"
  },
  {
    "title": "CompanyLeadership TeamDEICorporate ResponsibilityContact UsSciencePRISM\u2122 PlatformPublicationsCollaborationsManufacturingPipelineR&D PipelineLead Progr",
    "link": "https://wavelifesciences.com/company/leadership/",
    "timestamp": "unknown"
  },
  {
    "title": "CompanyLeadership TeamDEICorporate ResponsibilityContact UsSciencePRISM\u2122 PlatformPublicationsCollaborationsManufacturingPipelineR&D PipelineLead Progr",
    "link": "https://wavelifesciences.com/company/leadership/",
    "timestamp": "unknown"
  },
  {
    "title": "CompanyLeadership TeamDEICorporate ResponsibilityContact UsSciencePRISM\u2122 PlatformPublicationsCollaborationsManufacturingPipelineR&D PipelineLead Progr",
    "link": "https://wavelifesciences.com/company/leadership/",
    "timestamp": "unknown"
  },
  {
    "title": "CompanyLeadership TeamDEICorporate ResponsibilityContact Us",
    "link": "https://wavelifesciences.com/company/leadership/",
    "timestamp": "unknown"
  },
  {
    "title": "Leadership Team",
    "link": "https://wavelifesciences.com/company/leadership/",
    "timestamp": "unknown"
  },
  {
    "title": "DEI",
    "link": "https://wavelifesciences.com/company/sustainability/#tab1",
    "timestamp": "unknown"
  },
  {
    "title": "Corporate Responsibility",
    "link": "https://wavelifesciences.com/company/sustainability/",
    "timestamp": "unknown"
  },
  {
    "title": "Contact Us",
    "link": "https://wavelifesciences.com/company/contact/",
    "timestamp": "unknown"
  },
  {
    "title": "SciencePRISM\u2122 PlatformPublicationsCollaborationsManufacturing",
    "link": "https://wavelifesciences.com/science/prism-platform/",
    "timestamp": "unknown"
  },
  {
    "title": "PRISM\u2122 Platform",
    "link": "https://wavelifesciences.com/science/prism-platform/",
    "timestamp": "unknown"
  },
  {
    "title": "Publications",
    "link": "https://wavelifesciences.com/science/publications/",
    "timestamp": "unknown"
  },
  {
    "title": "Collaborations",
    "link": "https://wavelifesciences.com/science/collaborations/",
    "timestamp": "unknown"
  },
  {
    "title": "Manufacturing",
    "link": "https://wavelifesciences.com/science/manufacturing/",
    "timestamp": "unknown"
  },
  {
    "title": "PipelineR&D PipelineLead Programs",
    "link": "https://wavelifesciences.com/pipeline/research-and-development/",
    "timestamp": "unknown"
  },
  {
    "title": "R&D Pipeline",
    "link": "https://wavelifesciences.com/pipeline/research-and-development/",
    "timestamp": "unknown"
  },
  {
    "title": "Lead Programs",
    "link": "https://wavelifesciences.com/pipeline/lead-programs/",
    "timestamp": "unknown"
  },
  {
    "title": "NewsPress Releases",
    "link": "https://ir.wavelifesciences.com/press-releases",
    "timestamp": "unknown"
  },
  {
    "title": "Press Releases",
    "link": "https://ir.wavelifesciences.com/press-releases",
    "timestamp": "unknown"
  },
  {
    "title": "\u00a9  Wave Life Sciences. All Rights Reserved.PrivacyTerms of useContact",
    "link": "https://wavelifesciences.com/privacy/",
    "timestamp": "unknown"
  },
  {
    "title": "\u00a9  Wave Life Sciences. All Rights Reserved.PrivacyTerms of useContact",
    "link": "https://wavelifesciences.com/privacy/",
    "timestamp": "unknown"
  },
  {
    "title": "\u00a9  Wave Life Sciences. All Rights Reserved.PrivacyTerms of useContact",
    "link": "https://wavelifesciences.com/privacy/",
    "timestamp": "unknown"
  },
  {
    "title": "Privacy",
    "link": "https://wavelifesciences.com/privacy/",
    "timestamp": "unknown"
  },
  {
    "title": "Terms of use",
    "link": "https://wavelifesciences.com/terms-of-use/",
    "timestamp": "unknown"
  },
  {
    "title": "Contact",
    "link": "https://wavelifesciences.com/about/contact/",
    "timestamp": "unknown"
  }
]