[
  {
    "title": "AbelZeta Pharma",
    "link": "https://www.abelzeta.com",
    "timestamp": "unknown"
  },
  {
    "title": "Global\u4e2d\u6587 (\u4e2d\u56fd)MenuNewsroomCareersMenuAbout UsOur MissionOur StoryOur LeadershipBoard of DirectorsScientific Advisory BoardOur ScienceOur FocusPipelineC",
    "link": "https://www.abelzeta.com/",
    "timestamp": "unknown"
  },
  {
    "title": "Global\u4e2d\u6587 (\u4e2d\u56fd)MenuNewsroomCareersMenuAbout UsOur MissionOur StoryOur LeadershipBoard of DirectorsScientific Advisory BoardOur ScienceOur FocusPipelineC",
    "link": "https://www.abelzeta.com/",
    "timestamp": "unknown"
  },
  {
    "title": "Global\u4e2d\u6587 (\u4e2d\u56fd)MenuNewsroomCareersMenuAbout UsOur MissionOur StoryOur LeadershipBoard of DirectorsScientific Advisory BoardOur ScienceOur FocusPipelineC",
    "link": "https://www.abelzeta.com/",
    "timestamp": "unknown"
  },
  {
    "title": "Global\u4e2d\u6587 (\u4e2d\u56fd)MenuNewsroomCareersMenuAbout UsOur MissionOur StoryOur LeadershipBoard of DirectorsScientific Advisory BoardOur ScienceOur FocusPipelineC",
    "link": "https://www.abelzeta.com/newsroom/",
    "timestamp": "unknown"
  },
  {
    "title": "Global\u4e2d\u6587 (\u4e2d\u56fd)MenuNewsroomCareersMenuAbout UsOur MissionOur StoryOur LeadershipBoard of DirectorsScientific Advisory BoardOur ScienceOur FocusPipelineC",
    "link": "https://www.abelzeta.com/newsroom/",
    "timestamp": "unknown"
  },
  {
    "title": "Global\u4e2d\u6587 (\u4e2d\u56fd)",
    "link": "https://www.abelzeta.com/newsroom/",
    "timestamp": "unknown"
  },
  {
    "title": "Global\u4e2d\u6587 (\u4e2d\u56fd)",
    "link": "https://www.abelzeta.com/newsroom/",
    "timestamp": "unknown"
  },
  {
    "title": "Global",
    "link": "https://www.abelzeta.com/newsroom/",
    "timestamp": "unknown"
  },
  {
    "title": "\u4e2d\u6587 (\u4e2d\u56fd)",
    "link": "https://www.abelzeta.com/zh/newsroom-cn/",
    "timestamp": "unknown"
  },
  {
    "title": "MenuNewsroomCareers",
    "link": "https://www.abelzeta.com/newsroom/",
    "timestamp": "unknown"
  },
  {
    "title": "MenuNewsroomCareers",
    "link": "https://www.abelzeta.com/newsroom/",
    "timestamp": "unknown"
  },
  {
    "title": "MenuNewsroomCareers",
    "link": "https://www.abelzeta.com/newsroom/",
    "timestamp": "unknown"
  },
  {
    "title": "Newsroom",
    "link": "https://www.abelzeta.com/newsroom/",
    "timestamp": "unknown"
  },
  {
    "title": "Careers",
    "link": "https://www.abelzeta.com/careers/",
    "timestamp": "unknown"
  },
  {
    "title": "MenuAbout UsOur MissionOur StoryOur LeadershipBoard of DirectorsScientific Advisory BoardOur ScienceOur FocusPipelineClinical TrialsPublications and P",
    "link": "https://www.abelzeta.com/newsroom/",
    "timestamp": "unknown"
  },
  {
    "title": "MenuAbout UsOur MissionOur StoryOur LeadershipBoard of DirectorsScientific Advisory BoardOur ScienceOur FocusPipelineClinical TrialsPublications and P",
    "link": "https://www.abelzeta.com/newsroom/",
    "timestamp": "unknown"
  },
  {
    "title": "MenuAbout UsOur MissionOur StoryOur LeadershipBoard of DirectorsScientific Advisory BoardOur ScienceOur FocusPipelineClinical TrialsPublications and P",
    "link": "https://www.abelzeta.com/newsroom/",
    "timestamp": "unknown"
  },
  {
    "title": "About UsOur MissionOur StoryOur LeadershipBoard of DirectorsScientific Advisory Board",
    "link": "https://www.abelzeta.com/newsroom/",
    "timestamp": "unknown"
  },
  {
    "title": "About Us",
    "link": "https://www.abelzeta.com/newsroom/",
    "timestamp": "unknown"
  },
  {
    "title": "Our Mission",
    "link": "https://www.abelzeta.com/our-mission/",
    "timestamp": "unknown"
  },
  {
    "title": "Our Story",
    "link": "https://www.abelzeta.com/our-story/",
    "timestamp": "unknown"
  },
  {
    "title": "Our Leadership",
    "link": "https://www.abelzeta.com/our-leadership/",
    "timestamp": "unknown"
  },
  {
    "title": "Board of Directors",
    "link": "https://www.abelzeta.com/board-of-directors/",
    "timestamp": "unknown"
  },
  {
    "title": "Scientific Advisory Board",
    "link": "https://www.abelzeta.com/scientific-advisory-board/",
    "timestamp": "unknown"
  },
  {
    "title": "Our ScienceOur FocusPipelineClinical TrialsPublications and Presentations",
    "link": "https://www.abelzeta.com/newsroom/",
    "timestamp": "unknown"
  },
  {
    "title": "Our Science",
    "link": "https://www.abelzeta.com/newsroom/",
    "timestamp": "unknown"
  },
  {
    "title": "Our Focus",
    "link": "https://www.abelzeta.com/our-focus/",
    "timestamp": "unknown"
  },
  {
    "title": "Pipeline",
    "link": "https://www.abelzeta.com/pipeline/",
    "timestamp": "unknown"
  },
  {
    "title": "Clinical Trials",
    "link": "https://www.abelzeta.com/clinical-trials/",
    "timestamp": "unknown"
  },
  {
    "title": "Publications and Presentations",
    "link": "https://www.abelzeta.com/our-focus/publications-presentations/",
    "timestamp": "unknown"
  },
  {
    "title": "Contact",
    "link": "https://www.abelzeta.com/contact/",
    "timestamp": "unknown"
  },
  {
    "title": "MenuAbout UsOur MissionOur StoryOur LeadershipBoard of DirectorsScientific Advisory BoardOur ScienceOur FocusPipelineClinical TrialsPublications and P",
    "link": "https://www.abelzeta.com/newsroom/",
    "timestamp": "unknown"
  },
  {
    "title": "MenuAbout UsOur MissionOur StoryOur LeadershipBoard of DirectorsScientific Advisory BoardOur ScienceOur FocusPipelineClinical TrialsPublications and P",
    "link": "https://www.abelzeta.com/newsroom/",
    "timestamp": "unknown"
  },
  {
    "title": "MenuAbout UsOur MissionOur StoryOur LeadershipBoard of DirectorsScientific Advisory BoardOur ScienceOur FocusPipelineClinical TrialsPublications and P",
    "link": "https://www.abelzeta.com/newsroom/",
    "timestamp": "unknown"
  },
  {
    "title": "About UsOur MissionOur StoryOur LeadershipBoard of DirectorsScientific Advisory Board",
    "link": "https://www.abelzeta.com/newsroom/",
    "timestamp": "unknown"
  },
  {
    "title": "About Us",
    "link": "https://www.abelzeta.com/newsroom/",
    "timestamp": "unknown"
  },
  {
    "title": "Our Mission",
    "link": "https://www.abelzeta.com/our-mission/",
    "timestamp": "unknown"
  },
  {
    "title": "Our Story",
    "link": "https://www.abelzeta.com/our-story/",
    "timestamp": "unknown"
  },
  {
    "title": "Our Leadership",
    "link": "https://www.abelzeta.com/our-leadership/",
    "timestamp": "unknown"
  },
  {
    "title": "Board of Directors",
    "link": "https://www.abelzeta.com/board-of-directors/",
    "timestamp": "unknown"
  },
  {
    "title": "Scientific Advisory Board",
    "link": "https://www.abelzeta.com/scientific-advisory-board/",
    "timestamp": "unknown"
  },
  {
    "title": "Our ScienceOur FocusPipelineClinical TrialsPublications and Presentations",
    "link": "https://www.abelzeta.com/newsroom/",
    "timestamp": "unknown"
  },
  {
    "title": "Our Science",
    "link": "https://www.abelzeta.com/newsroom/",
    "timestamp": "unknown"
  },
  {
    "title": "Our Focus",
    "link": "https://www.abelzeta.com/our-focus/",
    "timestamp": "unknown"
  },
  {
    "title": "Pipeline",
    "link": "https://www.abelzeta.com/pipeline/",
    "timestamp": "unknown"
  },
  {
    "title": "Clinical Trials",
    "link": "https://www.abelzeta.com/clinical-trials/",
    "timestamp": "unknown"
  },
  {
    "title": "Publications and Presentations",
    "link": "https://www.abelzeta.com/our-focus/publications-presentations/",
    "timestamp": "unknown"
  },
  {
    "title": "Contact",
    "link": "https://www.abelzeta.com/contact/",
    "timestamp": "unknown"
  },
  {
    "title": "Newsroom",
    "link": "https://www.abelzeta.com/newsroom/",
    "timestamp": "unknown"
  },
  {
    "title": "Careers",
    "link": "https://www.abelzeta.com/careers/",
    "timestamp": "unknown"
  },
  {
    "title": "MenuPress Releases",
    "link": "https://abelzeta.com/newsroom/?_sft_category=press-releases",
    "timestamp": "unknown"
  },
  {
    "title": "MenuPress Releases",
    "link": "https://abelzeta.com/newsroom/?_sft_category=press-releases",
    "timestamp": "unknown"
  },
  {
    "title": "MenuPress Releases",
    "link": "https://abelzeta.com/newsroom/?_sft_category=press-releases",
    "timestamp": "unknown"
  },
  {
    "title": "MenuPress Releases",
    "link": "https://abelzeta.com/newsroom/?_sft_category=press-releases",
    "timestamp": "unknown"
  },
  {
    "title": "MenuPress Releases",
    "link": "https://abelzeta.com/newsroom/?_sft_category=press-releases",
    "timestamp": "unknown"
  },
  {
    "title": "Press Releases",
    "link": "https://abelzeta.com/newsroom/?_sft_category=press-releases",
    "timestamp": "unknown"
  },
  {
    "title": "AbelZeta Announces Promising Long-Term Outcomes for C-CAR039, a Novel CD19/CD20 Bi-Specific CAR-T Therapy, in Patients with R/R B NHL at EHAJune ,Abel",
    "link": "https://www.abelzeta.com/abelzeta-announces-promising-long-term-outcomes-for-c-car039-a-novel-cd19-cd20-bi-specific-car-t-therapy-in-patients-with-r-r-b-nhl-at-eha-/",
    "timestamp": "unknown"
  },
  {
    "title": "AbelZeta Announces Promising Long-Term Outcomes for C-CAR039, a Novel CD19/CD20 Bi-Specific CAR-T Therapy, in Patients with R/R B NHL at EHAJune ,Abel",
    "link": "https://www.abelzeta.com/abelzeta-announces-promising-long-term-outcomes-for-c-car039-a-novel-cd19-cd20-bi-specific-car-t-therapy-in-patients-with-r-r-b-nhl-at-eha-/",
    "timestamp": "unknown"
  },
  {
    "title": "AbelZeta Receives RMAT Designation for C-CAR168 for the Treatment of Refractory SLE, Including LNMay ,C-CAR168 is a novel autologous bi-specific CAR-T",
    "link": "https://www.abelzeta.com/abelzeta-receives-fda-regenerative-medicine-advanced-therapy-rmat-designation-for-c-car168-for-the-treatment-of-refractory-sle-including-ln/",
    "timestamp": "unknown"
  },
  {
    "title": "AbelZeta Receives RMAT Designation for C-CAR168 for the Treatment of Refractory SLE, Including LNMay ,C-CAR168 is a novel autologous bi-specific CAR-T",
    "link": "https://www.abelzeta.com/abelzeta-receives-fda-regenerative-medicine-advanced-therapy-rmat-designation-for-c-car168-for-the-treatment-of-refractory-sle-including-ln/",
    "timestamp": "unknown"
  },
  {
    "title": "AbelZeta Presents New Data on C-CAR168 for the Treatment of Autoimmune Diseases at LUPUSMay ,Early clinical results for C-CAR168 mark a significant st",
    "link": "https://www.abelzeta.com/abelzeta-presents-new-data-on-c-car168-for-the-treatment-of-autoimmune-diseases-at-lupus-/",
    "timestamp": "unknown"
  },
  {
    "title": "AbelZeta Presents New Data on C-CAR168 for the Treatment of Autoimmune Diseases at LUPUSMay ,Early clinical results for C-CAR168 mark a significant st",
    "link": "https://www.abelzeta.com/abelzeta-presents-new-data-on-c-car168-for-the-treatment-of-autoimmune-diseases-at-lupus-/",
    "timestamp": "unknown"
  },
  {
    "title": "AbelZeta Announces Upcoming Oral Presentations at LUPUSMay ,&#;abstract presenting early clinical results from the Phase , first-in-human investigator",
    "link": "https://www.abelzeta.com/abelzeta-announces-upcoming-oral-presentations-at-lupus-/",
    "timestamp": "unknown"
  },
  {
    "title": "AbelZeta Announces Upcoming Oral Presentations at LUPUSMay ,&#;abstract presenting early clinical results from the Phase , first-in-human investigator",
    "link": "https://www.abelzeta.com/abelzeta-announces-upcoming-oral-presentations-at-lupus-/",
    "timestamp": "unknown"
  },
  {
    "title": "AbelZeta to Attend 43rd Annual J.P. Morgan Healthcare Conference and Join Panel at 8th Annual BFC Healthcare ConferenceDecember ,AbelZeta CEO Tony Liu",
    "link": "https://www.abelzeta.com/abelzeta-to-attend-43rd-annual-j-p-morgan-healthcare-conference-and-join-panel-at-8th-annual-bfc-healthcare-conference/",
    "timestamp": "unknown"
  },
  {
    "title": "AbelZeta to Attend 43rd Annual J.P. Morgan Healthcare Conference and Join Panel at 8th Annual BFC Healthcare ConferenceDecember ,AbelZeta CEO Tony Liu",
    "link": "https://www.abelzeta.com/abelzeta-to-attend-43rd-annual-j-p-morgan-healthcare-conference-and-join-panel-at-8th-annual-bfc-healthcare-conference/",
    "timestamp": "unknown"
  },
  {
    "title": "AbelZeta Presents Preclinical Data from Study of C-CAR168 for the Treatment of Autoimmune Diseases at ACR ConvergenceNovember ,Novel Anti-CD20/BCMA Bi",
    "link": "https://www.abelzeta.com/abelzeta-presents-preclinical-data-from-study-of-c-car168-for-the-treatment-of-autoimmune-diseases-at-acr-convergence-/",
    "timestamp": "unknown"
  },
  {
    "title": "AbelZeta Presents Preclinical Data from Study of C-CAR168 for the Treatment of Autoimmune Diseases at ACR ConvergenceNovember ,Novel Anti-CD20/BCMA Bi",
    "link": "https://www.abelzeta.com/abelzeta-presents-preclinical-data-from-study-of-c-car168-for-the-treatment-of-autoimmune-diseases-at-acr-convergence-/",
    "timestamp": "unknown"
  },
  {
    "title": "AbelZeta announces clinical data showing preliminary anti-tumor activity for C-CAR031, an armored autologous GPC3 CAR-T, in patients with advanced hep",
    "link": "https://www.abelzeta.com/abelzeta-announces-clinical-data-showing-preliminary-anti-tumor-activity-for-c-car031-an-armored-autologous-gpc3-car-t-in-patients-with-advanced-hepatocellular-carcinoma-at-asco-annual-meeting-/",
    "timestamp": "unknown"
  },
  {
    "title": "AbelZeta announces clinical data showing preliminary anti-tumor activity for C-CAR031, an armored autologous GPC3 CAR-T, in patients with advanced hep",
    "link": "https://www.abelzeta.com/abelzeta-announces-clinical-data-showing-preliminary-anti-tumor-activity-for-c-car031-an-armored-autologous-gpc3-car-t-in-patients-with-advanced-hepatocellular-carcinoma-at-asco-annual-meeting-/",
    "timestamp": "unknown"
  }
]