[
  {
    "title": "Contact UsCareersSHAREPipelineAlloCAR T\u2122 Product PipelineDATABRIEFExpanded AccessScientific PublicationsScienceNext Revolution in Cell TherapyPlatform",
    "link": "https://www.allogene.com/contact-us",
    "timestamp": "unknown"
  },
  {
    "title": "Contact UsCareersSHARE",
    "link": "https://www.allogene.com/contact-us",
    "timestamp": "unknown"
  },
  {
    "title": "Contact UsCareersSHARE",
    "link": "https://www.allogene.com/contact-us",
    "timestamp": "unknown"
  },
  {
    "title": "Contact UsCareersSHARE",
    "link": "https://www.allogene.com/contact-us",
    "timestamp": "unknown"
  },
  {
    "title": "Contact Us",
    "link": "https://www.allogene.com/contact-us",
    "timestamp": "unknown"
  },
  {
    "title": "Careers",
    "link": "https://www.allogene.com/careers",
    "timestamp": "unknown"
  },
  {
    "title": "PipelineAlloCAR T\u2122 Product PipelineDATABRIEFExpanded AccessScientific PublicationsScienceNext Revolution in Cell TherapyPlatform for TomorrowOn-demand",
    "link": "https://www.allogene.com/",
    "timestamp": "unknown"
  },
  {
    "title": "PipelineAlloCAR T\u2122 Product PipelineDATABRIEFExpanded AccessScientific PublicationsScienceNext Revolution in Cell TherapyPlatform for TomorrowOn-demand",
    "link": "https://www.allogene.com/pipeline",
    "timestamp": "unknown"
  },
  {
    "title": "PipelineAlloCAR T\u2122 Product PipelineDATABRIEFExpanded AccessScientific Publications",
    "link": "https://www.allogene.com/pipeline",
    "timestamp": "unknown"
  },
  {
    "title": "AlloCAR T\u2122 Product Pipeline",
    "link": "https://allogene.com/pipeline/#allocart-pipeline",
    "timestamp": "unknown"
  },
  {
    "title": "DATABRIEF",
    "link": "https://allogene.com/pipeline/#databrief",
    "timestamp": "unknown"
  },
  {
    "title": "Expanded Access",
    "link": "https://www.allogene.com/pipeline#expanded-access",
    "timestamp": "unknown"
  },
  {
    "title": "Scientific Publications",
    "link": "https://www.allogene.com/pipeline#scientific-publications",
    "timestamp": "unknown"
  },
  {
    "title": "ScienceNext Revolution in Cell TherapyPlatform for TomorrowOn-demand Availability",
    "link": "https://allogene.com//science",
    "timestamp": "unknown"
  },
  {
    "title": "Next Revolution in Cell Therapy",
    "link": "https://www.allogene.com/allocar-t-therapy#next-revolution-cell-therapy",
    "timestamp": "unknown"
  },
  {
    "title": "Platform for Tomorrow",
    "link": "https://www.allogene.com/allocar-t-therapy#platform-for-tomorrow",
    "timestamp": "unknown"
  },
  {
    "title": "On-demand Availability",
    "link": "https://www.allogene.com/allocar-t-therapy#on-demand-availability",
    "timestamp": "unknown"
  },
  {
    "title": "About UsAt A GlanceManagement TeamBoard of DirectorsScientific AdvisorsPartnersCorporate Responsibility",
    "link": "https://www.allogene.com/about-us",
    "timestamp": "unknown"
  },
  {
    "title": "At A Glance",
    "link": "https://www.allogene.com/about-us#at-a-glance",
    "timestamp": "unknown"
  },
  {
    "title": "Management Team",
    "link": "https://www.allogene.com/about-us#management-team",
    "timestamp": "unknown"
  },
  {
    "title": "Board of Directors",
    "link": "https://www.allogene.com/about-us#board-of-directors",
    "timestamp": "unknown"
  },
  {
    "title": "Scientific Advisors",
    "link": "https://www.allogene.com/about-us#scientific-advisors",
    "timestamp": "unknown"
  },
  {
    "title": "Partners",
    "link": "https://www.allogene.com/about-us#our-partners",
    "timestamp": "unknown"
  },
  {
    "title": "Corporate Responsibility",
    "link": "https://allogene.com/about-us/#responsibility",
    "timestamp": "unknown"
  },
  {
    "title": "News CenterPress ReleasesEventsPerspectivesSocial MediaCommunity Guidelines",
    "link": "https://www.allogene.com/news-center",
    "timestamp": "unknown"
  },
  {
    "title": "Press Releases",
    "link": "https://www.allogene.com/news-center#press-releases",
    "timestamp": "unknown"
  },
  {
    "title": "Events",
    "link": "https://www.allogene.com/news-center#events",
    "timestamp": "unknown"
  },
  {
    "title": "Perspectives",
    "link": "https://www.allogene.com/news-center#perspectives",
    "timestamp": "unknown"
  },
  {
    "title": "Social Media",
    "link": "https://www.allogene.com/news-center#our-tweets",
    "timestamp": "unknown"
  },
  {
    "title": "Community Guidelines",
    "link": "https://www.allogene.com/news-center#community-guidelines",
    "timestamp": "unknown"
  },
  {
    "title": "INVESTORSIR OverviewNews & EventsPress ReleasesEventsPresentationsStock InformationStock Quote & ChartHistorical Price LookupInvestment CalculatorCorp",
    "link": "https://ir.allogene.com/investor-relations",
    "timestamp": "unknown"
  },
  {
    "title": "IR Overview",
    "link": "https://ir.allogene.com/investor-relations",
    "timestamp": "unknown"
  },
  {
    "title": "News & EventsPress ReleasesEventsPresentations",
    "link": "https://ir.allogene.com/press-releases",
    "timestamp": "unknown"
  },
  {
    "title": "Press Releases",
    "link": "https://ir.allogene.com/press-releases",
    "timestamp": "unknown"
  },
  {
    "title": "Events",
    "link": "https://ir.allogene.com/events",
    "timestamp": "unknown"
  },
  {
    "title": "Presentations",
    "link": "https://ir.allogene.com/presentations",
    "timestamp": "unknown"
  },
  {
    "title": "Stock InformationStock Quote & ChartHistorical Price LookupInvestment Calculator",
    "link": "https://ir.allogene.com/stock-quote-chart",
    "timestamp": "unknown"
  },
  {
    "title": "Stock Quote & Chart",
    "link": "https://ir.allogene.com/stock-quote-chart",
    "timestamp": "unknown"
  },
  {
    "title": "Historical Price Lookup",
    "link": "https://ir.allogene.com/historic-price-lookup",
    "timestamp": "unknown"
  },
  {
    "title": "Investment Calculator",
    "link": "https://ir.allogene.com/investment-calculator",
    "timestamp": "unknown"
  },
  {
    "title": "Corporate GovernanceDocuments and ChartersBoard of DirectorsManagementCommittee Composition",
    "link": "https://ir.allogene.com/Documents-and-Charters",
    "timestamp": "unknown"
  },
  {
    "title": "Documents and Charters",
    "link": "https://ir.allogene.com/Documents-and-Charters",
    "timestamp": "unknown"
  },
  {
    "title": "Board of Directors",
    "link": "https://www.allogene.com/about-us#board-of-directors",
    "timestamp": "unknown"
  },
  {
    "title": "Management",
    "link": "https://www.allogene.com/about-us#management-team",
    "timestamp": "unknown"
  },
  {
    "title": "Committee Composition",
    "link": "https://ir.allogene.com/committee-composition",
    "timestamp": "unknown"
  },
  {
    "title": "SEC Filings",
    "link": "https://ir.allogene.com/sec-filings",
    "timestamp": "unknown"
  },
  {
    "title": "ResourcesInvestor FAQsEmail AlertsIR Inquiry",
    "link": "https://ir.allogene.com/investor-faqs",
    "timestamp": "unknown"
  },
  {
    "title": "Investor FAQs",
    "link": "https://ir.allogene.com/investor-faqs",
    "timestamp": "unknown"
  },
  {
    "title": "Email Alerts",
    "link": "https://ir.allogene.com/email-alerts",
    "timestamp": "unknown"
  },
  {
    "title": "IR Inquiry",
    "link": "https://ir.allogene.com/investor-contacts",
    "timestamp": "unknown"
  },
  {
    "title": "SEC FilingsGroup,,Annual FilingsCurrent ReportsMergers & AcquisitionsOtherProxy FilingsQuarterly FilingsRegistration StatementsFiling year- Any -Items",
    "link": "https://ir.allogene.com/sec-filings?items_per_page=&order=field_nir_sec_date_filed&sort=asc",
    "timestamp": "unknown"
  },
  {
    "title": "Group,,Annual FilingsCurrent ReportsMergers & AcquisitionsOtherProxy FilingsQuarterly FilingsRegistration StatementsFiling year- Any -Items per pageFi",
    "link": "https://ir.allogene.com/sec-filings?items_per_page=&order=field_nir_sec_date_filed&sort=asc",
    "timestamp": "unknown"
  },
  {
    "title": "Group,,Annual FilingsCurrent ReportsMergers & AcquisitionsOtherProxy FilingsQuarterly FilingsRegistration StatementsFiling year- Any -Items per pageFi",
    "link": "https://ir.allogene.com/sec-filings?items_per_page=&order=field_nir_sec_date_filed&sort=asc",
    "timestamp": "unknown"
  },
  {
    "title": "Group,,Annual FilingsCurrent ReportsMergers & AcquisitionsOtherProxy FilingsQuarterly FilingsRegistration StatementsFiling year- Any -Items per pageFi",
    "link": "https://ir.allogene.com/sec-filings?items_per_page=&order=field_nir_sec_date_filed&sort=asc",
    "timestamp": "unknown"
  },
  {
    "title": "Group,,Annual FilingsCurrent ReportsMergers & AcquisitionsOtherProxy FilingsQuarterly FilingsRegistration StatementsFiling year- Any -Items per pageFi",
    "link": "https://ir.allogene.com/sec-filings?items_per_page=&order=field_nir_sec_date_filed&sort=asc",
    "timestamp": "unknown"
  },
  {
    "title": "Group,,Annual FilingsCurrent ReportsMergers & AcquisitionsOtherProxy FilingsQuarterly FilingsRegistration StatementsFiling year- Any -Items per pageFi",
    "link": "https://ir.allogene.com/sec-filings?items_per_page=&order=field_nir_sec_date_filed&sort=asc",
    "timestamp": "unknown"
  },
  {
    "title": "Group,,Annual FilingsCurrent ReportsMergers & AcquisitionsOtherProxy FilingsQuarterly FilingsRegistration StatementsFiling year- Any -Items per pageFi",
    "link": "https://ir.allogene.com/sec-filings?items_per_page=&order=field_nir_sec_date_filed&sort=asc",
    "timestamp": "unknown"
  },
  {
    "title": "Group,,Annual FilingsCurrent ReportsMergers & AcquisitionsOtherProxy FilingsQuarterly FilingsRegistration StatementsFiling year- Any -Items per pageFi",
    "link": "https://ir.allogene.com/sec-filings?items_per_page=&order=field_nir_sec_date_filed&sort=asc",
    "timestamp": "unknown"
  },
  {
    "title": "Group,,Annual FilingsCurrent ReportsMergers & AcquisitionsOtherProxy FilingsQuarterly FilingsRegistration StatementsFiling year- Any -Items per pageFi",
    "link": "https://ir.allogene.com/sec-filings?items_per_page=&order=field_nir_sec_date_filed&sort=asc",
    "timestamp": "unknown"
  },
  {
    "title": "Group,,Annual FilingsCurrent ReportsMergers & AcquisitionsOtherProxy FilingsQuarterly FilingsRegistration StatementsFiling year- Any -Items per pageFi",
    "link": "https://ir.allogene.com/sec-filings?items_per_page=&order=field_nir_sec_date_filed&sort=asc",
    "timestamp": "unknown"
  },
  {
    "title": "Group,,Annual FilingsCurrent ReportsMergers & AcquisitionsOtherProxy FilingsQuarterly FilingsRegistration StatementsFiling year- Any -Items per pageFi",
    "link": "https://ir.allogene.com/sec-filings?items_per_page=&order=field_nir_sec_date_filed&sort=asc",
    "timestamp": "unknown"
  },
  {
    "title": "Group,,Annual FilingsCurrent ReportsMergers & AcquisitionsOtherProxy FilingsQuarterly FilingsRegistration StatementsFiling year- Any -Items per pageFi",
    "link": "https://ir.allogene.com/sec-filings?items_per_page=&order=field_nir_sec_date_filed&sort=asc",
    "timestamp": "unknown"
  },
  {
    "title": "Group,,Annual FilingsCurrent ReportsMergers & AcquisitionsOtherProxy FilingsQuarterly FilingsRegistration StatementsFiling year- Any -Items per pageFi",
    "link": "https://ir.allogene.com/sec-filings?items_per_page=&order=field_nir_sec_date_filed&sort=asc",
    "timestamp": "unknown"
  },
  {
    "title": "Group,,Annual FilingsCurrent ReportsMergers & AcquisitionsOtherProxy FilingsQuarterly FilingsRegistration StatementsFiling year- Any -Items per pageFi",
    "link": "https://ir.allogene.com/sec-filings?items_per_page=&order=field_nir_sec_date_filed&sort=asc",
    "timestamp": "unknown"
  },
  {
    "title": "Group,,Annual FilingsCurrent ReportsMergers & AcquisitionsOtherProxy FilingsQuarterly FilingsRegistration StatementsFiling year- Any -Items per pageFi",
    "link": "https://ir.allogene.com/sec-filings?items_per_page=&order=field_nir_sec_date_filed&sort=asc",
    "timestamp": "unknown"
  },
  {
    "title": "Group,,Annual FilingsCurrent ReportsMergers & AcquisitionsOtherProxy FilingsQuarterly FilingsRegistration StatementsFiling year- Any -Items per pageFi",
    "link": "https://ir.allogene.com/sec-filings?items_per_page=&order=field_nir_sec_date_filed&sort=asc",
    "timestamp": "unknown"
  },
  {
    "title": "Group,,Annual FilingsCurrent ReportsMergers & AcquisitionsOtherProxy FilingsQuarterly FilingsRegistration StatementsFiling year- Any -Items per pageFi",
    "link": "https://ir.allogene.com/sec-filings?items_per_page=&order=field_nir_sec_date_filed&sort=asc",
    "timestamp": "unknown"
  },
  {
    "title": "Group,,Annual FilingsCurrent ReportsMergers & AcquisitionsOtherProxy FilingsQuarterly FilingsRegistration StatementsFiling year- Any -Items per pageFi",
    "link": "https://ir.allogene.com/sec-filings?items_per_page=&order=field_nir_sec_date_filed&sort=asc",
    "timestamp": "unknown"
  },
  {
    "title": "Group,,Annual FilingsCurrent ReportsMergers & AcquisitionsOtherProxy FilingsQuarterly FilingsRegistration StatementsFiling year- Any -Items per pageFi",
    "link": "https://ir.allogene.com/sec-filings?items_per_page=&order=field_nir_sec_date_filed&sort=asc",
    "timestamp": "unknown"
  },
  {
    "title": "Filing dateDescriptionFormViewOct ,Report of unscheduled material events or corporate event-K--.pdf--.rtf--.xlsEX-.SCH - XBRL TAXONOMY EXTENSION SCHEM",
    "link": "https://ir.allogene.com/sec-filings?items_per_page=&order=field_nir_sec_date_filed&sort=asc",
    "timestamp": "unknown"
  },
  {
    "title": "Filing dateDescriptionFormView",
    "link": "https://ir.allogene.com/sec-filings?items_per_page=&order=field_nir_sec_date_filed&sort=asc",
    "timestamp": "unknown"
  },
  {
    "title": "Oct ,Report of unscheduled material events or corporate event-K--.pdf--.rtf--.xlsEX-.SCH - XBRL TAXONOMY EXTENSION SCHEMAView HTML",
    "link": "https://ir.allogene.com/sec-filings/sec-filing/-k/--",
    "timestamp": "unknown"
  },
  {
    "title": "--.pdf",
    "link": "https://ir.allogene.com/static-files/4163163c-f365--ba8e-f20167a33a36",
    "timestamp": "unknown"
  },
  {
    "title": "--.rtf",
    "link": "https://ir.allogene.com/static-files/8213b481-80ba-4fd0-ba43-c1c87e05996f",
    "timestamp": "unknown"
  },
  {
    "title": "--.xls",
    "link": "https://ir.allogene.com/static-files/4c1a6ada-26fb--93a2-fccc26984ccb",
    "timestamp": "unknown"
  },
  {
    "title": "Aug ,Report of unscheduled material events or corporate event-K--.pdf--.rtf--.xlsEX-.SCH - XBRL TAXONOMY EXTENSION SCHEMAView HTML",
    "link": "https://ir.allogene.com/sec-filings/sec-filing/-k/--",
    "timestamp": "unknown"
  },
  {
    "title": "--.pdf",
    "link": "https://ir.allogene.com/static-files/1a1471b6-de67--a5b1-dede55135902",
    "timestamp": "unknown"
  },
  {
    "title": "--.rtf",
    "link": "https://ir.allogene.com/static-files/cf9b0a97--450e-a770-599f28d7753f",
    "timestamp": "unknown"
  },
  {
    "title": "--.xls",
    "link": "https://ir.allogene.com/static-files/fe3dc46b-e367-430d-b588-e4b33bf9b56a",
    "timestamp": "unknown"
  },
  {
    "title": "Aug ,Quarterly report which provides a continuing view of a company's financial position-Q--.pdf--.rtf--.xlsEX-.SCH - XBRL TAXONOMY EXTENSION SCHEMAVi",
    "link": "https://ir.allogene.com/sec-filings/sec-filing/-q/--",
    "timestamp": "unknown"
  },
  {
    "title": "--.pdf",
    "link": "https://ir.allogene.com/static-files/1c5c2de8-eb3d-48be-8f50-5fdb561bc91d",
    "timestamp": "unknown"
  },
  {
    "title": "--.rtf",
    "link": "https://ir.allogene.com/static-files/8c8f655e-58dc--b0d9-25a7a28326cb",
    "timestamp": "unknown"
  },
  {
    "title": "--.xls",
    "link": "https://ir.allogene.com/static-files/97361b31--4e6c-8d0b-9a63a54ec240",
    "timestamp": "unknown"
  },
  {
    "title": "Aug ,SCHEDULE 13G/A - DescriptionSCHEDULE 13G/A--.pdf--.rtf--.xlsView HTML",
    "link": "https://ir.allogene.com/sec-filings/sec-filing/schedule-13ga/--",
    "timestamp": "unknown"
  },
  {
    "title": "--.pdf",
    "link": "https://ir.allogene.com/static-files/fae4a81f--450e-a409-85fc92a538c9",
    "timestamp": "unknown"
  },
  {
    "title": "--.rtf",
    "link": "https://ir.allogene.com/static-files/14691adc-ca70-420f-acfa-6974244348f5",
    "timestamp": "unknown"
  },
  {
    "title": "--.xls",
    "link": "https://ir.allogene.com/static-files/a4a39299-f726-4a43-b6e7-39ec77460029",
    "timestamp": "unknown"
  },
  {
    "title": "Aug ,SCHEDULE 13G/A - DescriptionSCHEDULE 13G/A--.pdf--.rtf--.xlsView HTML",
    "link": "https://ir.allogene.com/sec-filings/sec-filing/schedule-13ga/--",
    "timestamp": "unknown"
  },
  {
    "title": "--.pdf",
    "link": "https://ir.allogene.com/static-files/7f03f059-53e5-41e7-a9c7-93fa31ebf7cc",
    "timestamp": "unknown"
  },
  {
    "title": "--.rtf",
    "link": "https://ir.allogene.com/static-files/3f4fad61-a27a--aa34-7abbbd4a34e4",
    "timestamp": "unknown"
  },
  {
    "title": "--.xls",
    "link": "https://ir.allogene.com/static-files/2a6d0aa2-8ffc-4b5c-a48e-a6d861689b78",
    "timestamp": "unknown"
  },
  {
    "title": "Aug ,Report of unscheduled material events or corporate event-K--.pdf--.rtf--.xlsEX-.SCH - XBRL TAXONOMY EXTENSION SCHEMAView HTML",
    "link": "https://ir.allogene.com/sec-filings/sec-filing/-k/--",
    "timestamp": "unknown"
  },
  {
    "title": "--.pdf",
    "link": "https://ir.allogene.com/static-files/70b95b8b-c8de-47ba-a670-aad1a6e4ca33",
    "timestamp": "unknown"
  },
  {
    "title": "--.rtf",
    "link": "https://ir.allogene.com/static-files/dddfd331-8f8f-49ce-ba8a-4632ce0d4489",
    "timestamp": "unknown"
  },
  {
    "title": "--.xls",
    "link": "https://ir.allogene.com/static-files/b166bb90-04b5-4d74-bb6c-874cd3dac9ba",
    "timestamp": "unknown"
  },
  {
    "title": "Jul ,SCHEDULE 13G - DescriptionSCHEDULE 13G--.pdf--.rtf--.xlsView HTML",
    "link": "https://ir.allogene.com/sec-filings/sec-filing/schedule-13g/--",
    "timestamp": "unknown"
  },
  {
    "title": "--.pdf",
    "link": "https://ir.allogene.com/static-files/f2abdaa1-3f25-41ff-80d9-947d10eb99a2",
    "timestamp": "unknown"
  },
  {
    "title": "--.rtf",
    "link": "https://ir.allogene.com/static-files/7882f426-8d31--a772-1968d56e760e",
    "timestamp": "unknown"
  },
  {
    "title": "--.xls",
    "link": "https://ir.allogene.com/static-files/2ba55d43-5e77-44a3-adc9-ec02652c2d1c",
    "timestamp": "unknown"
  },
  {
    "title": "Jun ,Report of unscheduled material events or corporate event-K--.pdf--.rtf--.xlsEX-.SCH - XBRL TAXONOMY EXTENSION SCHEMAView HTML",
    "link": "https://ir.allogene.com/sec-filings/sec-filing/-k/--",
    "timestamp": "unknown"
  },
  {
    "title": "--.pdf",
    "link": "https://ir.allogene.com/static-files/8a3f7320-0c65-45d6-8e2a-a818ba743a03",
    "timestamp": "unknown"
  },
  {
    "title": "--.rtf",
    "link": "https://ir.allogene.com/static-files/cddc33bb-303c--912e-331d94c25753",
    "timestamp": "unknown"
  },
  {
    "title": "--.xls",
    "link": "https://ir.allogene.com/static-files/54b71b7a-b31a--bf03-bc8218d4472b",
    "timestamp": "unknown"
  },
  {
    "title": "Jun ,Statement of changes in beneficial ownership of securities--.pdf--.rtf--.xlsView HTML",
    "link": "https://ir.allogene.com/sec-filings/sec-filing//--",
    "timestamp": "unknown"
  },
  {
    "title": "--.pdf",
    "link": "https://ir.allogene.com/static-files/713248e3-337b-44d6-ae3c-ecbb65cdcd08",
    "timestamp": "unknown"
  },
  {
    "title": "--.rtf",
    "link": "https://ir.allogene.com/static-files/d608643c-90d8-4cbb-97fa-154cdbaa8389",
    "timestamp": "unknown"
  },
  {
    "title": "--.xls",
    "link": "https://ir.allogene.com/static-files/9d3ad677-f059-49e9-b9c0-3d80bd342e8a",
    "timestamp": "unknown"
  },
  {
    "title": "Jun ,Statement of changes in beneficial ownership of securities--.pdf--.rtf--.xlsView HTML",
    "link": "https://ir.allogene.com/sec-filings/sec-filing//--",
    "timestamp": "unknown"
  },
  {
    "title": "--.pdf",
    "link": "https://ir.allogene.com/static-files/8f5b4040-cf02-42a3--453670afd800",
    "timestamp": "unknown"
  },
  {
    "title": "--.rtf",
    "link": "https://ir.allogene.com/static-files/9dbd2d61-82b5-45cd-9f05-b03a752ccfb6",
    "timestamp": "unknown"
  },
  {
    "title": "--.xls",
    "link": "https://ir.allogene.com/static-files/778e84fd-1cf1--a627-b96bb702052a",
    "timestamp": "unknown"
  },
  {
    "title": "Current page",
    "link": "https://ir.allogene.com/sec-filings?&&field_nir_sec_date_filed_value=&&&items_per_page_toggle=&page=",
    "timestamp": "unknown"
  },
  {
    "title": "Page",
    "link": "https://ir.allogene.com/sec-filings?&&field_nir_sec_date_filed_value=&&&items_per_page_toggle=&page=",
    "timestamp": "unknown"
  },
  {
    "title": "Page",
    "link": "https://ir.allogene.com/sec-filings?&&field_nir_sec_date_filed_value=&&&items_per_page_toggle=&page=",
    "timestamp": "unknown"
  },
  {
    "title": "Page",
    "link": "https://ir.allogene.com/sec-filings?&&field_nir_sec_date_filed_value=&&&items_per_page_toggle=&page=",
    "timestamp": "unknown"
  },
  {
    "title": "Page",
    "link": "https://ir.allogene.com/sec-filings?&&field_nir_sec_date_filed_value=&&&items_per_page_toggle=&page=",
    "timestamp": "unknown"
  },
  {
    "title": "Page",
    "link": "https://ir.allogene.com/sec-filings?&&field_nir_sec_date_filed_value=&&&items_per_page_toggle=&page=",
    "timestamp": "unknown"
  },
  {
    "title": "Page",
    "link": "https://ir.allogene.com/sec-filings?&&field_nir_sec_date_filed_value=&&&items_per_page_toggle=&page=",
    "timestamp": "unknown"
  },
  {
    "title": "Page",
    "link": "https://ir.allogene.com/sec-filings?&&field_nir_sec_date_filed_value=&&&items_per_page_toggle=&page=",
    "timestamp": "unknown"
  },
  {
    "title": "Page",
    "link": "https://ir.allogene.com/sec-filings?&&field_nir_sec_date_filed_value=&&&items_per_page_toggle=&page=",
    "timestamp": "unknown"
  },
  {
    "title": "Next pageNext \u203a",
    "link": "https://ir.allogene.com/sec-filings?&&field_nir_sec_date_filed_value=&&&items_per_page_toggle=&page=",
    "timestamp": "unknown"
  },
  {
    "title": "Last pageLast \u00bb",
    "link": "https://ir.allogene.com/sec-filings?&&field_nir_sec_date_filed_value=&&&items_per_page_toggle=&page=",
    "timestamp": "unknown"
  },
  {
    "title": "Data provided byKaleidoscope.",
    "link": "https://www.kscope.io",
    "timestamp": "unknown"
  },
  {
    "title": "Data provided byKaleidoscope.",
    "link": "https://www.kscope.io",
    "timestamp": "unknown"
  },
  {
    "title": "Print PageEmail AlertsRSS FeedsInvestor Contacts",
    "link": "https://ir.allogene.com/sec-filings",
    "timestamp": "unknown"
  },
  {
    "title": "Print PageEmail AlertsRSS FeedsInvestor Contacts",
    "link": "https://ir.allogene.com/sec-filings",
    "timestamp": "unknown"
  },
  {
    "title": "Print PageEmail AlertsRSS FeedsInvestor Contacts",
    "link": "https://ir.allogene.com/sec-filings",
    "timestamp": "unknown"
  },
  {
    "title": "Print Page",
    "link": "https://ir.allogene.com/sec-filings",
    "timestamp": "unknown"
  },
  {
    "title": "Print Page",
    "link": "https://ir.allogene.com/sec-filings",
    "timestamp": "unknown"
  },
  {
    "title": "Email Alerts",
    "link": "https://ir.allogene.com/email-alerts",
    "timestamp": "unknown"
  },
  {
    "title": "Email Alerts",
    "link": "https://ir.allogene.com/email-alerts",
    "timestamp": "unknown"
  },
  {
    "title": "RSS Feeds",
    "link": "https://ir.allogene.com/shareholder-services/rss-feeds",
    "timestamp": "unknown"
  },
  {
    "title": "RSS Feeds",
    "link": "https://ir.allogene.com/shareholder-services/rss-feeds",
    "timestamp": "unknown"
  },
  {
    "title": "Investor Contacts",
    "link": "https://ir.allogene.com/investor-contacts",
    "timestamp": "unknown"
  },
  {
    "title": "Investor Contacts",
    "link": "https://ir.allogene.com/investor-contacts",
    "timestamp": "unknown"
  },
  {
    "title": "\u00d7FacebookTwitterLinkedInE-MailTumblrRedditWhatsAppTelegram",
    "link": "https://facebook.com/sharer/sharer.php?u=https://ir.allogene.com",
    "timestamp": "unknown"
  },
  {
    "title": "\u00d7FacebookTwitterLinkedInE-MailTumblrRedditWhatsAppTelegram",
    "link": "https://facebook.com/sharer/sharer.php?u=https://ir.allogene.com",
    "timestamp": "unknown"
  },
  {
    "title": "\u00d7FacebookTwitterLinkedInE-MailTumblrRedditWhatsAppTelegram",
    "link": "https://facebook.com/sharer/sharer.php?u=https://ir.allogene.com",
    "timestamp": "unknown"
  },
  {
    "title": "\u00d7FacebookTwitterLinkedInE-MailTumblrRedditWhatsAppTelegram",
    "link": "https://facebook.com/sharer/sharer.php?u=https://ir.allogene.com",
    "timestamp": "unknown"
  },
  {
    "title": "\u00d7FacebookTwitterLinkedInE-MailTumblrRedditWhatsAppTelegram",
    "link": "https://facebook.com/sharer/sharer.php?u=https://ir.allogene.com",
    "timestamp": "unknown"
  },
  {
    "title": "CONNECTE. Grand AvenueSouth San Francisco, CAView Map/Contact UsPipelineAlloCAR T\u2122 Product PipelineDATABRIEFExpanded AccessScientific PublicationsScie",
    "link": "https://ir.allogene.com/sec-filings",
    "timestamp": "unknown"
  },
  {
    "title": "CONNECTE. Grand AvenueSouth San Francisco, CAView Map/Contact UsPipelineAlloCAR T\u2122 Product PipelineDATABRIEFExpanded AccessScientific PublicationsScie",
    "link": "https://ir.allogene.com/sec-filings",
    "timestamp": "unknown"
  },
  {
    "title": "CONNECTE. Grand AvenueSouth San Francisco, CAView Map/Contact Us",
    "link": "https://ir.allogene.com/sec-filings",
    "timestamp": "unknown"
  },
  {
    "title": "CONNECTE. Grand AvenueSouth San Francisco, CAView Map/Contact Us",
    "link": "https://ir.allogene.com/sec-filings",
    "timestamp": "unknown"
  },
  {
    "title": "CONNECTE. Grand AvenueSouth San Francisco, CAView Map/Contact Us",
    "link": "https://ir.allogene.com/sec-filings",
    "timestamp": "unknown"
  },
  {
    "title": "View Map/Contact Us",
    "link": "https://ir.allogene.com/sec-filings",
    "timestamp": "unknown"
  },
  {
    "title": "PipelineAlloCAR T\u2122 Product PipelineDATABRIEFExpanded AccessScientific PublicationsScienceNext Revolution in Cell TherapyPlatform for TomorrowOn-Demand",
    "link": "https://www.allogene.com/pipeline",
    "timestamp": "unknown"
  },
  {
    "title": "Pipeline",
    "link": "https://www.allogene.com/pipeline",
    "timestamp": "unknown"
  },
  {
    "title": "AlloCAR T\u2122 Product Pipeline",
    "link": "https://allogene.com/pipeline#allocart-pipeline",
    "timestamp": "unknown"
  },
  {
    "title": "DATABRIEF",
    "link": "https://allogene.com/pipeline/#databrief",
    "timestamp": "unknown"
  },
  {
    "title": "Expanded Access",
    "link": "https://www.allogene.com/pipeline#expanded-access",
    "timestamp": "unknown"
  },
  {
    "title": "Scientific Publications",
    "link": "https://www.allogene.com/pipeline#scientific-publications",
    "timestamp": "unknown"
  },
  {
    "title": "Science",
    "link": "https://allogene.com/science/",
    "timestamp": "unknown"
  },
  {
    "title": "Next Revolution in Cell Therapy",
    "link": "https://allogene.com/science/#next-revolution-cell-therapy",
    "timestamp": "unknown"
  },
  {
    "title": "Platform for Tomorrow",
    "link": "https://allogene.com/science/#platform",
    "timestamp": "unknown"
  },
  {
    "title": "On-Demand Availability",
    "link": "https://allogene.com/science/#ondemand",
    "timestamp": "unknown"
  },
  {
    "title": "About UsAt a GlanceManagement TeamBoard of DirectorsScientific AdvisorsPartnersCorporate ResponsibilityNews CenterPress ReleasesEventsPerspectivesSoci",
    "link": "https://www.allogene.com/about-us",
    "timestamp": "unknown"
  },
  {
    "title": "About UsAt a GlanceManagement TeamBoard of DirectorsScientific AdvisorsPartnersCorporate Responsibility",
    "link": "https://www.allogene.com/about-us",
    "timestamp": "unknown"
  },
  {
    "title": "About Us",
    "link": "https://www.allogene.com/about-us",
    "timestamp": "unknown"
  },
  {
    "title": "At a Glance",
    "link": "https://www.allogene.com/about-us#at-a-glance",
    "timestamp": "unknown"
  },
  {
    "title": "Management Team",
    "link": "https://www.allogene.com/about-us#management-team",
    "timestamp": "unknown"
  },
  {
    "title": "Board of Directors",
    "link": "https://www.allogene.com/about-us#board-of-directors",
    "timestamp": "unknown"
  },
  {
    "title": "Scientific Advisors",
    "link": "https://www.allogene.com/about-us#scientific-advisors",
    "timestamp": "unknown"
  },
  {
    "title": "Partners",
    "link": "https://www.allogene.com/about-us#our-partners",
    "timestamp": "unknown"
  },
  {
    "title": "Corporate Responsibility",
    "link": "https://allogene.com/about-us/#responsibility",
    "timestamp": "unknown"
  },
  {
    "title": "News CenterPress ReleasesEventsPerspectivesSocial MediaCommunity Guidelines",
    "link": "https://www.allogene.com/news-center",
    "timestamp": "unknown"
  },
  {
    "title": "News Center",
    "link": "https://www.allogene.com/news-center",
    "timestamp": "unknown"
  },
  {
    "title": "Press Releases",
    "link": "https://www.allogene.com/news-center#press-releases",
    "timestamp": "unknown"
  },
  {
    "title": "Events",
    "link": "https://www.allogene.com/news-center#events",
    "timestamp": "unknown"
  },
  {
    "title": "Perspectives",
    "link": "https://www.allogene.com/news-center#perspectives",
    "timestamp": "unknown"
  },
  {
    "title": "Social Media",
    "link": "https://www.allogene.com/news-center#our-tweets",
    "timestamp": "unknown"
  },
  {
    "title": "Community Guidelines",
    "link": "https://www.allogene.com/news-center#community-guidelines",
    "timestamp": "unknown"
  },
  {
    "title": "InvestorsPress ReleasesEventsPresentationsStock InformationStock Quote & ChartHistorical Price Look UpInvestment CalculatorCorporate GovernanceDocumen",
    "link": "https://ir.allogene.com/investor-relations",
    "timestamp": "unknown"
  },
  {
    "title": "InvestorsPress ReleasesEventsPresentationsStock InformationStock Quote & ChartHistorical Price Look UpInvestment CalculatorCorporate GovernanceDocumen",
    "link": "https://ir.allogene.com/investor-relations",
    "timestamp": "unknown"
  },
  {
    "title": "Investors",
    "link": "https://ir.allogene.com/investor-relations",
    "timestamp": "unknown"
  },
  {
    "title": "Press Releases",
    "link": "https://ir.allogene.com/press-releases",
    "timestamp": "unknown"
  },
  {
    "title": "Events",
    "link": "https://ir.allogene.com/events",
    "timestamp": "unknown"
  },
  {
    "title": "Presentations",
    "link": "https://ir.allogene.com/presentations",
    "timestamp": "unknown"
  },
  {
    "title": "Stock Information",
    "link": "https://ir.allogene.com/stock-quote-chart",
    "timestamp": "unknown"
  },
  {
    "title": "Stock Quote & Chart",
    "link": "https://allogene.gcs-web.com/stock-quote-chart",
    "timestamp": "unknown"
  },
  {
    "title": "Historical Price Look Up",
    "link": "https://ir.allogene.com/historic-price-lookup",
    "timestamp": "unknown"
  },
  {
    "title": "Investment Calculator",
    "link": "https://ir.allogene.com/investment-calculator",
    "timestamp": "unknown"
  },
  {
    "title": "Corporate Governance",
    "link": "https://ir.allogene.com/Documents-and-Charters",
    "timestamp": "unknown"
  },
  {
    "title": "Documents & Charters",
    "link": "https://ir.allogene.com/Documents-and-Charters",
    "timestamp": "unknown"
  },
  {
    "title": "Board of DirectorsManagementCommittee CompositionSEC FilingsResourcesInvestor FAQsEmail AlertsIR Inquiry",
    "link": "https://allogene.com/about-us#board-of-directors",
    "timestamp": "unknown"
  },
  {
    "title": "Board of Directors",
    "link": "https://allogene.com/about-us#board-of-directors",
    "timestamp": "unknown"
  },
  {
    "title": "Management",
    "link": "https://allogene.com/about-us#management-team",
    "timestamp": "unknown"
  },
  {
    "title": "Committee Composition",
    "link": "https://ir.allogene.com/committee-composition",
    "timestamp": "unknown"
  },
  {
    "title": "SEC Filings",
    "link": "https://ir.allogene.com/sec-filings",
    "timestamp": "unknown"
  },
  {
    "title": "Resources",
    "link": "https://ir.allogene.com/investor-faqs",
    "timestamp": "unknown"
  },
  {
    "title": "Investor FAQs",
    "link": "https://ir.allogene.com/investor-faqs",
    "timestamp": "unknown"
  },
  {
    "title": "Email Alerts",
    "link": "https://ir.allogene.com/email-alerts",
    "timestamp": "unknown"
  },
  {
    "title": "IR Inquiry",
    "link": "https://ir.allogene.com/investor-contacts",
    "timestamp": "unknown"
  },
  {
    "title": "\u00a9 Allogene TherapeuticsTERMS OF USEPRIVACY NOTICE",
    "link": "https://www.allogene.com/terms-of-use",
    "timestamp": "unknown"
  },
  {
    "title": "\u00a9 Allogene TherapeuticsTERMS OF USEPRIVACY NOTICE",
    "link": "https://www.allogene.com/terms-of-use",
    "timestamp": "unknown"
  },
  {
    "title": "TERMS OF USE",
    "link": "https://www.allogene.com/terms-of-use",
    "timestamp": "unknown"
  },
  {
    "title": "PRIVACY NOTICE",
    "link": "https://allogene.com/privacy-notice/",
    "timestamp": "unknown"
  }
]