[
  {
    "title": "Toggle NavigationHomeNews & EventsPress ReleasesEvents & PresentationsMedia MaterialsStockStock Quote & ChartHistoric Stock LookupAnalyst CoverageCorp",
    "link": "https://www.biocryst.com/",
    "timestamp": "unknown"
  },
  {
    "title": "Toggle NavigationHomeNews & EventsPress ReleasesEvents & PresentationsMedia MaterialsStockStock Quote & ChartHistoric Stock LookupAnalyst CoverageCorp",
    "link": "https://www.biocryst.com/",
    "timestamp": "unknown"
  },
  {
    "title": "Toggle NavigationHomeNews & EventsPress ReleasesEvents & PresentationsMedia MaterialsStockStock Quote & ChartHistoric Stock LookupAnalyst CoverageCorp",
    "link": "https://www.biocryst.com/",
    "timestamp": "unknown"
  },
  {
    "title": "Toggle NavigationHomeNews & EventsPress ReleasesEvents & PresentationsMedia MaterialsStockStock Quote & ChartHistoric Stock LookupAnalyst CoverageCorp",
    "link": "https://www.biocryst.com/",
    "timestamp": "unknown"
  },
  {
    "title": "Toggle NavigationHomeNews & EventsPress ReleasesEvents & PresentationsMedia MaterialsStockStock Quote & ChartHistoric Stock LookupAnalyst CoverageCorp",
    "link": "https://www.biocryst.com/",
    "timestamp": "unknown"
  },
  {
    "title": "HomeNews & EventsPress ReleasesEvents & PresentationsMedia MaterialsStockStock Quote & ChartHistoric Stock LookupAnalyst CoverageCorporate GovernanceB",
    "link": "https://ir.biocryst.com/",
    "timestamp": "unknown"
  },
  {
    "title": "Home",
    "link": "https://ir.biocryst.com/",
    "timestamp": "unknown"
  },
  {
    "title": "News & EventsPress ReleasesEvents & PresentationsMedia Materials",
    "link": "https://ir.biocryst.com/news-events/press-releases",
    "timestamp": "unknown"
  },
  {
    "title": "Press ReleasesEvents & PresentationsMedia Materials",
    "link": "https://ir.biocryst.com/news-events/press-releases",
    "timestamp": "unknown"
  },
  {
    "title": "StockStock Quote & ChartHistoric Stock LookupAnalyst Coverage",
    "link": "https://ir.biocryst.com/stock-information/overview",
    "timestamp": "unknown"
  },
  {
    "title": "Stock Quote & ChartHistoric Stock LookupAnalyst Coverage",
    "link": "https://ir.biocryst.com/stock-information/overview",
    "timestamp": "unknown"
  },
  {
    "title": "Corporate GovernanceBoard of DirectorsCommittee CompositionCode of Conduct and EthicsCommittee ChartersCorporate Responsibility",
    "link": "https://ir.biocryst.com/corporate-responsibility",
    "timestamp": "unknown"
  },
  {
    "title": "Board of DirectorsCommittee CompositionCode of Conduct and EthicsCommittee ChartersCorporate Responsibility",
    "link": "https://www.biocryst.com/company/about-us/",
    "timestamp": "unknown"
  },
  {
    "title": "Finance & FilingsFinancial ProfileSEC DocumentsProxy OnlineQuarterly Results",
    "link": "https://ir.biocryst.com/financial-information/key-ratios",
    "timestamp": "unknown"
  },
  {
    "title": "Financial ProfileSEC DocumentsProxy OnlineQuarterly Results",
    "link": "https://ir.biocryst.com/financial-information/key-ratios",
    "timestamp": "unknown"
  },
  {
    "title": "Investor ResourcesInvestor FAQEmail AlertsRSS News Feeds",
    "link": "https://ir.biocryst.com/ir-resources/investor-faqs",
    "timestamp": "unknown"
  },
  {
    "title": "Investor FAQEmail AlertsRSS News Feeds",
    "link": "https://ir.biocryst.com/ir-resources/investor-faqs",
    "timestamp": "unknown"
  },
  {
    "title": "YearAllBioCryst Reports Inducement Grants Under Nasdaq Listing Rule (c)()Sep ,Read MoreBioCryst to Present at Upcoming Investor ConferenceAug ,Read Mo",
    "link": "https://ir.biocryst.com/news-releases/news-release-details/biocryst-reports-inducement-grants-under-nasdaq-listing-rule-",
    "timestamp": "unknown"
  },
  {
    "title": "YearAllBioCryst Reports Inducement Grants Under Nasdaq Listing Rule (c)()Sep ,Read MoreBioCryst to Present at Upcoming Investor ConferenceAug ,Read Mo",
    "link": "https://ir.biocryst.com/news-releases/news-release-details/biocryst-reports-inducement-grants-under-nasdaq-listing-rule-",
    "timestamp": "unknown"
  },
  {
    "title": "YearAllBioCryst Reports Inducement Grants Under Nasdaq Listing Rule (c)()Sep ,Read MoreBioCryst to Present at Upcoming Investor ConferenceAug ,Read Mo",
    "link": "https://ir.biocryst.com/news-releases/news-release-details/biocryst-reports-inducement-grants-under-nasdaq-listing-rule-",
    "timestamp": "unknown"
  },
  {
    "title": "YearAllBioCryst Reports Inducement Grants Under Nasdaq Listing Rule (c)()Sep ,Read MoreBioCryst to Present at Upcoming Investor ConferenceAug ,Read Mo",
    "link": "https://ir.biocryst.com/news-releases/news-release-details/biocryst-reports-inducement-grants-under-nasdaq-listing-rule-",
    "timestamp": "unknown"
  },
  {
    "title": "YearAllBioCryst Reports Inducement Grants Under Nasdaq Listing Rule (c)()Sep ,Read MoreBioCryst to Present at Upcoming Investor ConferenceAug ,Read Mo",
    "link": "https://ir.biocryst.com/news-releases/news-release-details/biocryst-reports-inducement-grants-under-nasdaq-listing-rule-",
    "timestamp": "unknown"
  },
  {
    "title": "YearAllBioCryst Reports Inducement Grants Under Nasdaq Listing Rule (c)()Sep ,Read MoreBioCryst to Present at Upcoming Investor ConferenceAug ,Read Mo",
    "link": "https://ir.biocryst.com/news-releases/news-release-details/biocryst-reports-inducement-grants-under-nasdaq-listing-rule-",
    "timestamp": "unknown"
  },
  {
    "title": "YearAllBioCryst Reports Inducement Grants Under Nasdaq Listing Rule (c)()Sep ,Read MoreBioCryst to Present at Upcoming Investor ConferenceAug ,Read Mo",
    "link": "https://ir.biocryst.com/news-releases/news-release-details/biocryst-reports-inducement-grants-under-nasdaq-listing-rule-",
    "timestamp": "unknown"
  },
  {
    "title": "YearAllBioCryst Reports Inducement Grants Under Nasdaq Listing Rule (c)()Sep ,Read MoreBioCryst to Present at Upcoming Investor ConferenceAug ,Read Mo",
    "link": "https://ir.biocryst.com/news-releases/news-release-details/biocryst-reports-inducement-grants-under-nasdaq-listing-rule-",
    "timestamp": "unknown"
  },
  {
    "title": "YearAllBioCryst Reports Inducement Grants Under Nasdaq Listing Rule (c)()Sep ,Read MoreBioCryst to Present at Upcoming Investor ConferenceAug ,Read Mo",
    "link": "https://ir.biocryst.com/news-releases/news-release-details/biocryst-reports-inducement-grants-under-nasdaq-listing-rule-",
    "timestamp": "unknown"
  },
  {
    "title": "YearAllBioCryst Reports Inducement Grants Under Nasdaq Listing Rule (c)()Sep ,Read MoreBioCryst to Present at Upcoming Investor ConferenceAug ,Read Mo",
    "link": "https://ir.biocryst.com/news-releases/news-release-details/biocryst-reports-inducement-grants-under-nasdaq-listing-rule-",
    "timestamp": "unknown"
  },
  {
    "title": "YearAllBioCryst Reports Inducement Grants Under Nasdaq Listing Rule (c)()Sep ,Read MoreBioCryst to Present at Upcoming Investor ConferenceAug ,Read Mo",
    "link": "https://ir.biocryst.com/news-releases/news-release-details/biocryst-reports-inducement-grants-under-nasdaq-listing-rule-",
    "timestamp": "unknown"
  },
  {
    "title": "YearAllBioCryst Reports Inducement Grants Under Nasdaq Listing Rule (c)()Sep ,Read MoreBioCryst to Present at Upcoming Investor ConferenceAug ,Read Mo",
    "link": "https://ir.biocryst.com/news-releases/news-release-details/biocryst-reports-inducement-grants-under-nasdaq-listing-rule-",
    "timestamp": "unknown"
  },
  {
    "title": "YearAllBioCryst Reports Inducement Grants Under Nasdaq Listing Rule (c)()Sep ,Read MoreBioCryst to Present at Upcoming Investor ConferenceAug ,Read Mo",
    "link": "https://ir.biocryst.com/news-releases/news-release-details/biocryst-reports-inducement-grants-under-nasdaq-listing-rule-",
    "timestamp": "unknown"
  },
  {
    "title": "YearAllBioCryst Reports Inducement Grants Under Nasdaq Listing Rule (c)()Sep ,Read MoreBioCryst to Present at Upcoming Investor ConferenceAug ,Read Mo",
    "link": "https://ir.biocryst.com/news-releases/news-release-details/biocryst-reports-inducement-grants-under-nasdaq-listing-rule-",
    "timestamp": "unknown"
  },
  {
    "title": "YearAllBioCryst Reports Inducement Grants Under Nasdaq Listing Rule (c)()Sep ,Read MoreBioCryst to Present at Upcoming Investor ConferenceAug ,Read Mo",
    "link": "https://ir.biocryst.com/news-releases/news-release-details/biocryst-reports-inducement-grants-under-nasdaq-listing-rule-",
    "timestamp": "unknown"
  },
  {
    "title": "YearAllBioCryst Reports Inducement Grants Under Nasdaq Listing Rule (c)()Sep ,Read MoreBioCryst to Present at Upcoming Investor ConferenceAug ,Read Mo",
    "link": "https://ir.biocryst.com/news-releases/news-release-details/biocryst-reports-inducement-grants-under-nasdaq-listing-rule-",
    "timestamp": "unknown"
  },
  {
    "title": "YearAllBioCryst Reports Inducement Grants Under Nasdaq Listing Rule (c)()Sep ,Read MoreBioCryst to Present at Upcoming Investor ConferenceAug ,Read Mo",
    "link": "https://ir.biocryst.com/news-releases/news-release-details/biocryst-reports-inducement-grants-under-nasdaq-listing-rule-",
    "timestamp": "unknown"
  },
  {
    "title": "YearAllBioCryst Reports Inducement Grants Under Nasdaq Listing Rule (c)()Sep ,Read MoreBioCryst to Present at Upcoming Investor ConferenceAug ,Read Mo",
    "link": "https://ir.biocryst.com/news-releases/news-release-details/biocryst-reports-inducement-grants-under-nasdaq-listing-rule-",
    "timestamp": "unknown"
  },
  {
    "title": "YearAllBioCryst Reports Inducement Grants Under Nasdaq Listing Rule (c)()Sep ,Read MoreBioCryst to Present at Upcoming Investor ConferenceAug ,Read Mo",
    "link": "https://ir.biocryst.com/news-releases/news-release-details/biocryst-reports-inducement-grants-under-nasdaq-listing-rule-",
    "timestamp": "unknown"
  },
  {
    "title": "YearAllBioCryst Reports Inducement Grants Under Nasdaq Listing Rule (c)()Sep ,Read MoreBioCryst to Present at Upcoming Investor ConferenceAug ,Read Mo",
    "link": "https://ir.biocryst.com/news-releases/news-release-details/biocryst-reports-inducement-grants-under-nasdaq-listing-rule-",
    "timestamp": "unknown"
  },
  {
    "title": "BioCryst Reports Inducement Grants Under Nasdaq Listing Rule (c)()Sep ,Read MoreBioCryst to Present at Upcoming Investor ConferenceAug ,Read MoreBioCr",
    "link": "https://ir.biocryst.com/news-releases/news-release-details/biocryst-reports-inducement-grants-under-nasdaq-listing-rule-",
    "timestamp": "unknown"
  },
  {
    "title": "BioCryst Reports Inducement Grants Under Nasdaq Listing Rule (c)()Sep ,Read More",
    "link": "https://ir.biocryst.com/news-releases/news-release-details/biocryst-reports-inducement-grants-under-nasdaq-listing-rule-",
    "timestamp": "unknown"
  },
  {
    "title": "BioCryst Reports Inducement Grants Under Nasdaq Listing Rule (c)()Sep ,Read More",
    "link": "https://ir.biocryst.com/news-releases/news-release-details/biocryst-reports-inducement-grants-under-nasdaq-listing-rule-",
    "timestamp": "unknown"
  },
  {
    "title": "BioCryst Reports Inducement Grants Under Nasdaq Listing Rule (c)()Sep ,Read More",
    "link": "https://ir.biocryst.com/news-releases/news-release-details/biocryst-reports-inducement-grants-under-nasdaq-listing-rule-",
    "timestamp": "unknown"
  },
  {
    "title": "BioCryst Reports Inducement Grants Under Nasdaq Listing Rule (c)()Sep ,Read More",
    "link": "https://ir.biocryst.com/news-releases/news-release-details/biocryst-reports-inducement-grants-under-nasdaq-listing-rule-",
    "timestamp": "unknown"
  },
  {
    "title": "BioCryst Reports Inducement Grants Under Nasdaq Listing Rule (c)()",
    "link": "https://ir.biocryst.com/news-releases/news-release-details/biocryst-reports-inducement-grants-under-nasdaq-listing-rule-",
    "timestamp": "unknown"
  },
  {
    "title": "BioCryst Reports Inducement Grants Under Nasdaq Listing Rule (c)()",
    "link": "https://ir.biocryst.com/news-releases/news-release-details/biocryst-reports-inducement-grants-under-nasdaq-listing-rule-",
    "timestamp": "unknown"
  },
  {
    "title": "Sep ,Read More",
    "link": "https://ir.biocryst.com/node//pdf",
    "timestamp": "unknown"
  },
  {
    "title": "Sep ,",
    "link": "https://ir.biocryst.com/node//pdf",
    "timestamp": "unknown"
  },
  {
    "title": "Read More",
    "link": "https://ir.biocryst.com/news-releases/news-release-details/biocryst-reports-inducement-grants-under-nasdaq-listing-rule-",
    "timestamp": "unknown"
  },
  {
    "title": "Read More",
    "link": "https://ir.biocryst.com/news-releases/news-release-details/biocryst-reports-inducement-grants-under-nasdaq-listing-rule-",
    "timestamp": "unknown"
  },
  {
    "title": "BioCryst to Present at Upcoming Investor ConferenceAug ,Read More",
    "link": "https://ir.biocryst.com/news-releases/news-release-details/biocryst-present-upcoming-investor-conference-",
    "timestamp": "unknown"
  },
  {
    "title": "BioCryst to Present at Upcoming Investor ConferenceAug ,Read More",
    "link": "https://ir.biocryst.com/news-releases/news-release-details/biocryst-present-upcoming-investor-conference-",
    "timestamp": "unknown"
  },
  {
    "title": "BioCryst to Present at Upcoming Investor ConferenceAug ,Read More",
    "link": "https://ir.biocryst.com/news-releases/news-release-details/biocryst-present-upcoming-investor-conference-",
    "timestamp": "unknown"
  },
  {
    "title": "BioCryst to Present at Upcoming Investor ConferenceAug ,Read More",
    "link": "https://ir.biocryst.com/news-releases/news-release-details/biocryst-present-upcoming-investor-conference-",
    "timestamp": "unknown"
  },
  {
    "title": "BioCryst to Present at Upcoming Investor Conference",
    "link": "https://ir.biocryst.com/news-releases/news-release-details/biocryst-present-upcoming-investor-conference-",
    "timestamp": "unknown"
  },
  {
    "title": "BioCryst to Present at Upcoming Investor Conference",
    "link": "https://ir.biocryst.com/news-releases/news-release-details/biocryst-present-upcoming-investor-conference-",
    "timestamp": "unknown"
  },
  {
    "title": "Aug ,Read More",
    "link": "https://ir.biocryst.com/node//pdf",
    "timestamp": "unknown"
  },
  {
    "title": "Aug ,",
    "link": "https://ir.biocryst.com/node//pdf",
    "timestamp": "unknown"
  },
  {
    "title": "Read More",
    "link": "https://ir.biocryst.com/news-releases/news-release-details/biocryst-present-upcoming-investor-conference-",
    "timestamp": "unknown"
  },
  {
    "title": "Read More",
    "link": "https://ir.biocryst.com/news-releases/news-release-details/biocryst-present-upcoming-investor-conference-",
    "timestamp": "unknown"
  },
  {
    "title": "BioCryst Announces Departure of Dr. Helen ThackrayAug ,Read More",
    "link": "https://ir.biocryst.com/news-releases/news-release-details/biocryst-announces-departure-dr-helen-thackray",
    "timestamp": "unknown"
  },
  {
    "title": "BioCryst Announces Departure of Dr. Helen ThackrayAug ,Read More",
    "link": "https://ir.biocryst.com/news-releases/news-release-details/biocryst-announces-departure-dr-helen-thackray",
    "timestamp": "unknown"
  },
  {
    "title": "BioCryst Announces Departure of Dr. Helen ThackrayAug ,Read More",
    "link": "https://ir.biocryst.com/news-releases/news-release-details/biocryst-announces-departure-dr-helen-thackray",
    "timestamp": "unknown"
  },
  {
    "title": "BioCryst Announces Departure of Dr. Helen ThackrayAug ,Read More",
    "link": "https://ir.biocryst.com/news-releases/news-release-details/biocryst-announces-departure-dr-helen-thackray",
    "timestamp": "unknown"
  },
  {
    "title": "BioCryst Announces Departure of Dr. Helen Thackray",
    "link": "https://ir.biocryst.com/news-releases/news-release-details/biocryst-announces-departure-dr-helen-thackray",
    "timestamp": "unknown"
  },
  {
    "title": "BioCryst Announces Departure of Dr. Helen Thackray",
    "link": "https://ir.biocryst.com/news-releases/news-release-details/biocryst-announces-departure-dr-helen-thackray",
    "timestamp": "unknown"
  },
  {
    "title": "Aug ,Read More",
    "link": "https://ir.biocryst.com/node//pdf",
    "timestamp": "unknown"
  },
  {
    "title": "Aug ,",
    "link": "https://ir.biocryst.com/node//pdf",
    "timestamp": "unknown"
  },
  {
    "title": "Read More",
    "link": "https://ir.biocryst.com/news-releases/news-release-details/biocryst-announces-departure-dr-helen-thackray",
    "timestamp": "unknown"
  },
  {
    "title": "Read More",
    "link": "https://ir.biocryst.com/news-releases/news-release-details/biocryst-announces-departure-dr-helen-thackray",
    "timestamp": "unknown"
  },
  {
    "title": "BioCryst Reports Inducement Grants Under Nasdaq Listing Rule (c)()Aug ,Read More",
    "link": "https://ir.biocryst.com/news-releases/news-release-details/biocryst-reports-inducement-grants-under-nasdaq-listing-rule-",
    "timestamp": "unknown"
  },
  {
    "title": "BioCryst Reports Inducement Grants Under Nasdaq Listing Rule (c)()Aug ,Read More",
    "link": "https://ir.biocryst.com/news-releases/news-release-details/biocryst-reports-inducement-grants-under-nasdaq-listing-rule-",
    "timestamp": "unknown"
  },
  {
    "title": "BioCryst Reports Inducement Grants Under Nasdaq Listing Rule (c)()Aug ,Read More",
    "link": "https://ir.biocryst.com/news-releases/news-release-details/biocryst-reports-inducement-grants-under-nasdaq-listing-rule-",
    "timestamp": "unknown"
  },
  {
    "title": "BioCryst Reports Inducement Grants Under Nasdaq Listing Rule (c)()Aug ,Read More",
    "link": "https://ir.biocryst.com/news-releases/news-release-details/biocryst-reports-inducement-grants-under-nasdaq-listing-rule-",
    "timestamp": "unknown"
  },
  {
    "title": "BioCryst Reports Inducement Grants Under Nasdaq Listing Rule (c)()",
    "link": "https://ir.biocryst.com/news-releases/news-release-details/biocryst-reports-inducement-grants-under-nasdaq-listing-rule-",
    "timestamp": "unknown"
  },
  {
    "title": "BioCryst Reports Inducement Grants Under Nasdaq Listing Rule (c)()",
    "link": "https://ir.biocryst.com/news-releases/news-release-details/biocryst-reports-inducement-grants-under-nasdaq-listing-rule-",
    "timestamp": "unknown"
  },
  {
    "title": "Aug ,Read More",
    "link": "https://ir.biocryst.com/node//pdf",
    "timestamp": "unknown"
  },
  {
    "title": "Aug ,",
    "link": "https://ir.biocryst.com/node//pdf",
    "timestamp": "unknown"
  },
  {
    "title": "Read More",
    "link": "https://ir.biocryst.com/news-releases/news-release-details/biocryst-reports-inducement-grants-under-nasdaq-listing-rule-",
    "timestamp": "unknown"
  },
  {
    "title": "Read More",
    "link": "https://ir.biocryst.com/news-releases/news-release-details/biocryst-reports-inducement-grants-under-nasdaq-listing-rule-",
    "timestamp": "unknown"
  },
  {
    "title": "BioCryst Reports Second Quarter  Financial Results and Provides Business UpdateAug ,Read More",
    "link": "https://ir.biocryst.com/news-releases/news-release-details/biocryst-reports-second-quarter--financial-results-and",
    "timestamp": "unknown"
  },
  {
    "title": "BioCryst Reports Second Quarter  Financial Results and Provides Business UpdateAug ,Read More",
    "link": "https://ir.biocryst.com/news-releases/news-release-details/biocryst-reports-second-quarter--financial-results-and",
    "timestamp": "unknown"
  },
  {
    "title": "BioCryst Reports Second Quarter  Financial Results and Provides Business UpdateAug ,Read More",
    "link": "https://ir.biocryst.com/news-releases/news-release-details/biocryst-reports-second-quarter--financial-results-and",
    "timestamp": "unknown"
  },
  {
    "title": "BioCryst Reports Second Quarter  Financial Results and Provides Business UpdateAug ,Read More",
    "link": "https://ir.biocryst.com/news-releases/news-release-details/biocryst-reports-second-quarter--financial-results-and",
    "timestamp": "unknown"
  },
  {
    "title": "BioCryst Reports Second Quarter  Financial Results and Provides Business Update",
    "link": "https://ir.biocryst.com/news-releases/news-release-details/biocryst-reports-second-quarter--financial-results-and",
    "timestamp": "unknown"
  },
  {
    "title": "BioCryst Reports Second Quarter  Financial Results and Provides Business Update",
    "link": "https://ir.biocryst.com/news-releases/news-release-details/biocryst-reports-second-quarter--financial-results-and",
    "timestamp": "unknown"
  },
  {
    "title": "Aug ,Read More",
    "link": "https://ir.biocryst.com/node//pdf",
    "timestamp": "unknown"
  },
  {
    "title": "Aug ,",
    "link": "https://ir.biocryst.com/node//pdf",
    "timestamp": "unknown"
  },
  {
    "title": "Read More",
    "link": "https://ir.biocryst.com/news-releases/news-release-details/biocryst-reports-second-quarter--financial-results-and",
    "timestamp": "unknown"
  },
  {
    "title": "Read More",
    "link": "https://ir.biocryst.com/news-releases/news-release-details/biocryst-reports-second-quarter--financial-results-and",
    "timestamp": "unknown"
  },
  {
    "title": "BioCryst Announces Charlie Gayer to Succeed Jon Stonehouse as Chief Executive Officer Upon his Retirement in DecemberJul ,Read More",
    "link": "https://ir.biocryst.com/news-releases/news-release-details/biocryst-announces-charlie-gayer-succeed-jon-stonehouse-chief",
    "timestamp": "unknown"
  },
  {
    "title": "BioCryst Announces Charlie Gayer to Succeed Jon Stonehouse as Chief Executive Officer Upon his Retirement in DecemberJul ,Read More",
    "link": "https://ir.biocryst.com/news-releases/news-release-details/biocryst-announces-charlie-gayer-succeed-jon-stonehouse-chief",
    "timestamp": "unknown"
  },
  {
    "title": "BioCryst Announces Charlie Gayer to Succeed Jon Stonehouse as Chief Executive Officer Upon his Retirement in DecemberJul ,Read More",
    "link": "https://ir.biocryst.com/news-releases/news-release-details/biocryst-announces-charlie-gayer-succeed-jon-stonehouse-chief",
    "timestamp": "unknown"
  },
  {
    "title": "BioCryst Announces Charlie Gayer to Succeed Jon Stonehouse as Chief Executive Officer Upon his Retirement in DecemberJul ,Read More",
    "link": "https://ir.biocryst.com/news-releases/news-release-details/biocryst-announces-charlie-gayer-succeed-jon-stonehouse-chief",
    "timestamp": "unknown"
  },
  {
    "title": "BioCryst Announces Charlie Gayer to Succeed Jon Stonehouse as Chief Executive Officer Upon his Retirement in December",
    "link": "https://ir.biocryst.com/news-releases/news-release-details/biocryst-announces-charlie-gayer-succeed-jon-stonehouse-chief",
    "timestamp": "unknown"
  },
  {
    "title": "BioCryst Announces Charlie Gayer to Succeed Jon Stonehouse as Chief Executive Officer Upon his Retirement in December",
    "link": "https://ir.biocryst.com/news-releases/news-release-details/biocryst-announces-charlie-gayer-succeed-jon-stonehouse-chief",
    "timestamp": "unknown"
  },
  {
    "title": "Jul ,Read More",
    "link": "https://ir.biocryst.com/node//pdf",
    "timestamp": "unknown"
  },
  {
    "title": "Jul ,",
    "link": "https://ir.biocryst.com/node//pdf",
    "timestamp": "unknown"
  },
  {
    "title": "Read More",
    "link": "https://ir.biocryst.com/news-releases/news-release-details/biocryst-announces-charlie-gayer-succeed-jon-stonehouse-chief",
    "timestamp": "unknown"
  },
  {
    "title": "Read More",
    "link": "https://ir.biocryst.com/news-releases/news-release-details/biocryst-announces-charlie-gayer-succeed-jon-stonehouse-chief",
    "timestamp": "unknown"
  },
  {
    "title": "BioCryst to Report Second Quarter  Financial Results on AugustJul ,Read More",
    "link": "https://ir.biocryst.com/news-releases/news-release-details/biocryst-report-second-quarter--financial-results-august-",
    "timestamp": "unknown"
  },
  {
    "title": "BioCryst to Report Second Quarter  Financial Results on AugustJul ,Read More",
    "link": "https://ir.biocryst.com/news-releases/news-release-details/biocryst-report-second-quarter--financial-results-august-",
    "timestamp": "unknown"
  },
  {
    "title": "BioCryst to Report Second Quarter  Financial Results on AugustJul ,Read More",
    "link": "https://ir.biocryst.com/news-releases/news-release-details/biocryst-report-second-quarter--financial-results-august-",
    "timestamp": "unknown"
  },
  {
    "title": "BioCryst to Report Second Quarter  Financial Results on AugustJul ,Read More",
    "link": "https://ir.biocryst.com/news-releases/news-release-details/biocryst-report-second-quarter--financial-results-august-",
    "timestamp": "unknown"
  },
  {
    "title": "BioCryst to Report Second Quarter  Financial Results on August",
    "link": "https://ir.biocryst.com/news-releases/news-release-details/biocryst-report-second-quarter--financial-results-august-",
    "timestamp": "unknown"
  },
  {
    "title": "BioCryst to Report Second Quarter  Financial Results on August",
    "link": "https://ir.biocryst.com/news-releases/news-release-details/biocryst-report-second-quarter--financial-results-august-",
    "timestamp": "unknown"
  },
  {
    "title": "Jul ,Read More",
    "link": "https://ir.biocryst.com/node//pdf",
    "timestamp": "unknown"
  },
  {
    "title": "Jul ,",
    "link": "https://ir.biocryst.com/node//pdf",
    "timestamp": "unknown"
  },
  {
    "title": "Read More",
    "link": "https://ir.biocryst.com/news-releases/news-release-details/biocryst-report-second-quarter--financial-results-august-",
    "timestamp": "unknown"
  },
  {
    "title": "Read More",
    "link": "https://ir.biocryst.com/news-releases/news-release-details/biocryst-report-second-quarter--financial-results-august-",
    "timestamp": "unknown"
  },
  {
    "title": "BioCryst to Highlight Patient-focused Research at the  US HAEA National SummitJul ,Read More",
    "link": "https://ir.biocryst.com/news-releases/news-release-details/biocryst-highlight-patient-focused-research--us-haea",
    "timestamp": "unknown"
  },
  {
    "title": "BioCryst to Highlight Patient-focused Research at the  US HAEA National SummitJul ,Read More",
    "link": "https://ir.biocryst.com/news-releases/news-release-details/biocryst-highlight-patient-focused-research--us-haea",
    "timestamp": "unknown"
  },
  {
    "title": "BioCryst to Highlight Patient-focused Research at the  US HAEA National SummitJul ,Read More",
    "link": "https://ir.biocryst.com/news-releases/news-release-details/biocryst-highlight-patient-focused-research--us-haea",
    "timestamp": "unknown"
  },
  {
    "title": "BioCryst to Highlight Patient-focused Research at the  US HAEA National SummitJul ,Read More",
    "link": "https://ir.biocryst.com/news-releases/news-release-details/biocryst-highlight-patient-focused-research--us-haea",
    "timestamp": "unknown"
  },
  {
    "title": "BioCryst to Highlight Patient-focused Research at the  US HAEA National Summit",
    "link": "https://ir.biocryst.com/news-releases/news-release-details/biocryst-highlight-patient-focused-research--us-haea",
    "timestamp": "unknown"
  },
  {
    "title": "BioCryst to Highlight Patient-focused Research at the  US HAEA National Summit",
    "link": "https://ir.biocryst.com/news-releases/news-release-details/biocryst-highlight-patient-focused-research--us-haea",
    "timestamp": "unknown"
  },
  {
    "title": "Jul ,Read More",
    "link": "https://ir.biocryst.com/node//pdf",
    "timestamp": "unknown"
  },
  {
    "title": "Jul ,",
    "link": "https://ir.biocryst.com/node//pdf",
    "timestamp": "unknown"
  },
  {
    "title": "Read More",
    "link": "https://ir.biocryst.com/news-releases/news-release-details/biocryst-highlight-patient-focused-research--us-haea",
    "timestamp": "unknown"
  },
  {
    "title": "Read More",
    "link": "https://ir.biocryst.com/news-releases/news-release-details/biocryst-highlight-patient-focused-research--us-haea",
    "timestamp": "unknown"
  },
  {
    "title": "BioCryst Appoints Babar Ghias Chief Financial Officer and Head of Corporate DevelopmentJul ,Read More",
    "link": "https://ir.biocryst.com/news-releases/news-release-details/biocryst-appoints-babar-ghias-chief-financial-officer-and-head",
    "timestamp": "unknown"
  },
  {
    "title": "BioCryst Appoints Babar Ghias Chief Financial Officer and Head of Corporate DevelopmentJul ,Read More",
    "link": "https://ir.biocryst.com/news-releases/news-release-details/biocryst-appoints-babar-ghias-chief-financial-officer-and-head",
    "timestamp": "unknown"
  },
  {
    "title": "BioCryst Appoints Babar Ghias Chief Financial Officer and Head of Corporate DevelopmentJul ,Read More",
    "link": "https://ir.biocryst.com/news-releases/news-release-details/biocryst-appoints-babar-ghias-chief-financial-officer-and-head",
    "timestamp": "unknown"
  },
  {
    "title": "BioCryst Appoints Babar Ghias Chief Financial Officer and Head of Corporate DevelopmentJul ,Read More",
    "link": "https://ir.biocryst.com/news-releases/news-release-details/biocryst-appoints-babar-ghias-chief-financial-officer-and-head",
    "timestamp": "unknown"
  },
  {
    "title": "BioCryst Appoints Babar Ghias Chief Financial Officer and Head of Corporate Development",
    "link": "https://ir.biocryst.com/news-releases/news-release-details/biocryst-appoints-babar-ghias-chief-financial-officer-and-head",
    "timestamp": "unknown"
  },
  {
    "title": "BioCryst Appoints Babar Ghias Chief Financial Officer and Head of Corporate Development",
    "link": "https://ir.biocryst.com/news-releases/news-release-details/biocryst-appoints-babar-ghias-chief-financial-officer-and-head",
    "timestamp": "unknown"
  },
  {
    "title": "Jul ,Read More",
    "link": "https://ir.biocryst.com/node//pdf",
    "timestamp": "unknown"
  },
  {
    "title": "Jul ,",
    "link": "https://ir.biocryst.com/node//pdf",
    "timestamp": "unknown"
  },
  {
    "title": "Read More",
    "link": "https://ir.biocryst.com/news-releases/news-release-details/biocryst-appoints-babar-ghias-chief-financial-officer-and-head",
    "timestamp": "unknown"
  },
  {
    "title": "Read More",
    "link": "https://ir.biocryst.com/news-releases/news-release-details/biocryst-appoints-babar-ghias-chief-financial-officer-and-head",
    "timestamp": "unknown"
  },
  {
    "title": "BioCryst Reports Inducement Grants Under Nasdaq Listing Rule (c)()Jul ,Read More",
    "link": "https://ir.biocryst.com/news-releases/news-release-details/biocryst-reports-inducement-grants-under-nasdaq-listing-rule-",
    "timestamp": "unknown"
  },
  {
    "title": "BioCryst Reports Inducement Grants Under Nasdaq Listing Rule (c)()Jul ,Read More",
    "link": "https://ir.biocryst.com/news-releases/news-release-details/biocryst-reports-inducement-grants-under-nasdaq-listing-rule-",
    "timestamp": "unknown"
  },
  {
    "title": "BioCryst Reports Inducement Grants Under Nasdaq Listing Rule (c)()Jul ,Read More",
    "link": "https://ir.biocryst.com/news-releases/news-release-details/biocryst-reports-inducement-grants-under-nasdaq-listing-rule-",
    "timestamp": "unknown"
  },
  {
    "title": "BioCryst Reports Inducement Grants Under Nasdaq Listing Rule (c)()Jul ,Read More",
    "link": "https://ir.biocryst.com/news-releases/news-release-details/biocryst-reports-inducement-grants-under-nasdaq-listing-rule-",
    "timestamp": "unknown"
  },
  {
    "title": "BioCryst Reports Inducement Grants Under Nasdaq Listing Rule (c)()",
    "link": "https://ir.biocryst.com/news-releases/news-release-details/biocryst-reports-inducement-grants-under-nasdaq-listing-rule-",
    "timestamp": "unknown"
  },
  {
    "title": "BioCryst Reports Inducement Grants Under Nasdaq Listing Rule (c)()",
    "link": "https://ir.biocryst.com/news-releases/news-release-details/biocryst-reports-inducement-grants-under-nasdaq-listing-rule-",
    "timestamp": "unknown"
  },
  {
    "title": "Jul ,Read More",
    "link": "https://ir.biocryst.com/node//pdf",
    "timestamp": "unknown"
  },
  {
    "title": "Jul ,",
    "link": "https://ir.biocryst.com/node//pdf",
    "timestamp": "unknown"
  },
  {
    "title": "Read More",
    "link": "https://ir.biocryst.com/news-releases/news-release-details/biocryst-reports-inducement-grants-under-nasdaq-listing-rule-",
    "timestamp": "unknown"
  },
  {
    "title": "Read More",
    "link": "https://ir.biocryst.com/news-releases/news-release-details/biocryst-reports-inducement-grants-under-nasdaq-listing-rule-",
    "timestamp": "unknown"
  },
  {
    "title": "PaginationCurrent pagePagePage\u2026Next page\u203aLast page\u00bb",
    "link": "https://ir.biocryst.com/news-events/press-releases?page=",
    "timestamp": "unknown"
  },
  {
    "title": "PaginationCurrent pagePagePage\u2026Next page\u203aLast page\u00bb",
    "link": "https://ir.biocryst.com/news-events/press-releases?page=",
    "timestamp": "unknown"
  },
  {
    "title": "PaginationCurrent pagePagePage\u2026Next page\u203aLast page\u00bb",
    "link": "https://ir.biocryst.com/news-events/press-releases?page=",
    "timestamp": "unknown"
  },
  {
    "title": "Current page",
    "link": "https://ir.biocryst.com/news-events/press-releases?page=",
    "timestamp": "unknown"
  },
  {
    "title": "Page",
    "link": "https://ir.biocryst.com/news-events/press-releases?page=",
    "timestamp": "unknown"
  },
  {
    "title": "Page",
    "link": "https://ir.biocryst.com/news-events/press-releases?page=",
    "timestamp": "unknown"
  },
  {
    "title": "Next page\u203a",
    "link": "https://ir.biocryst.com/news-events/press-releases?page=",
    "timestamp": "unknown"
  },
  {
    "title": "Last page\u00bb",
    "link": "https://ir.biocryst.com/news-events/press-releases?page=",
    "timestamp": "unknown"
  },
  {
    "title": "Contact Investor Relationsinvestorrelations@biocryst.comInvestor ToolsPrint PagePrinted MaterialsEmail AlertsRSS News FeedsShare Page",
    "link": "mailto:investorrelations@biocryst.com",
    "timestamp": "unknown"
  },
  {
    "title": "Contact Investor Relationsinvestorrelations@biocryst.comInvestor ToolsPrint PagePrinted MaterialsEmail AlertsRSS News FeedsShare Page",
    "link": "mailto:investorrelations@biocryst.com",
    "timestamp": "unknown"
  },
  {
    "title": "Contact Investor Relationsinvestorrelations@biocryst.comInvestor ToolsPrint PagePrinted MaterialsEmail AlertsRSS News FeedsShare Page",
    "link": "mailto:investorrelations@biocryst.com",
    "timestamp": "unknown"
  },
  {
    "title": "Contact Investor Relationsinvestorrelations@biocryst.com",
    "link": "mailto:investorrelations@biocryst.com",
    "timestamp": "unknown"
  },
  {
    "title": "Contact Investor Relationsinvestorrelations@biocryst.com",
    "link": "mailto:investorrelations@biocryst.com",
    "timestamp": "unknown"
  },
  {
    "title": "Contact Investor Relationsinvestorrelations@biocryst.com",
    "link": "mailto:investorrelations@biocryst.com",
    "timestamp": "unknown"
  },
  {
    "title": "Contact Investor Relationsinvestorrelations@biocryst.com",
    "link": "mailto:investorrelations@biocryst.com",
    "timestamp": "unknown"
  },
  {
    "title": "Contact Investor Relationsinvestorrelations@biocryst.com",
    "link": "mailto:investorrelations@biocryst.com",
    "timestamp": "unknown"
  },
  {
    "title": "Contact Investor Relationsinvestorrelations@biocryst.com",
    "link": "mailto:investorrelations@biocryst.com",
    "timestamp": "unknown"
  },
  {
    "title": "investorrelations@biocryst.com",
    "link": "mailto:investorrelations@biocryst.com",
    "timestamp": "unknown"
  },
  {
    "title": "Investor ToolsPrint PagePrinted MaterialsEmail AlertsRSS News FeedsShare Page",
    "link": "https://ir.biocryst.com/news-events/press-releases#print-page",
    "timestamp": "unknown"
  },
  {
    "title": "Investor ToolsPrint PagePrinted MaterialsEmail AlertsRSS News FeedsShare Page",
    "link": "https://ir.biocryst.com/news-events/press-releases#print-page",
    "timestamp": "unknown"
  },
  {
    "title": "Investor ToolsPrint PagePrinted MaterialsEmail AlertsRSS News FeedsShare Page",
    "link": "https://ir.biocryst.com/news-events/press-releases#print-page",
    "timestamp": "unknown"
  },
  {
    "title": "Print Page",
    "link": "https://ir.biocryst.com/news-events/press-releases#print-page",
    "timestamp": "unknown"
  },
  {
    "title": "Printed Materials",
    "link": "https://ir.biocryst.com/information-request",
    "timestamp": "unknown"
  },
  {
    "title": "Email Alerts",
    "link": "https://ir.biocryst.com/ir-resources/email-alerts",
    "timestamp": "unknown"
  },
  {
    "title": "RSS News Feeds",
    "link": "https://ir.biocryst.com/ir-resources/rss-news-feeds",
    "timestamp": "unknown"
  },
  {
    "title": "Share Page",
    "link": "https://ir.biocryst.com/news-events/press-releases#idm-share",
    "timestamp": "unknown"
  },
  {
    "title": "FacebookTwitterLinkedInRSS",
    "link": "https://www.facebook.com/sharer/sharer.php?u=https%3A%2F%2Fir.biocryst.com%2Fnews-events%2Fpress-releases",
    "timestamp": "unknown"
  },
  {
    "title": "Facebook",
    "link": "https://www.facebook.com/sharer/sharer.php?u=https%3A%2F%2Fir.biocryst.com%2Fnews-events%2Fpress-releases",
    "timestamp": "unknown"
  },
  {
    "title": "Twitter",
    "link": "https://twitter.com/intent/tweet?url=https%3A%2F%2Fir.biocryst.com%2Fnews-events%2Fpress-releases",
    "timestamp": "unknown"
  },
  {
    "title": "LinkedIn",
    "link": "https://www.linkedin.com/sharing/share-offsite/?url=https%3A%2F%2Fir.biocryst.com%2Fnews-events%2Fpress-releases",
    "timestamp": "unknown"
  },
  {
    "title": "RSS",
    "link": "https://ir.biocryst.com/ir-resources/rss-news-feeds",
    "timestamp": "unknown"
  }
]