[
  {
    "title": "AboutOverviewTeamBoard of DirectorsInvestorsPipelineOverviewIndications PursuedNews & PublicationsCareersContactNews & PublicationsNews&PublicationsLa",
    "link": "https://www.candidrx.com/",
    "timestamp": "unknown"
  },
  {
    "title": "AboutOverviewTeamBoard of DirectorsInvestorsPipelineOverviewIndications PursuedNews & PublicationsCareersContact",
    "link": "https://www.candidrx.com/",
    "timestamp": "unknown"
  },
  {
    "title": "AboutOverviewTeamBoard of DirectorsInvestorsPipelineOverviewIndications PursuedNews & PublicationsCareersContact",
    "link": "https://www.candidrx.com/",
    "timestamp": "unknown"
  },
  {
    "title": "AboutOverviewTeamBoard of DirectorsInvestorsPipelineOverviewIndications PursuedNews & PublicationsCareersContact",
    "link": "https://www.candidrx.com/about/overview/",
    "timestamp": "unknown"
  },
  {
    "title": "AboutOverviewTeamBoard of DirectorsInvestors",
    "link": "https://www.candidrx.com/about/overview/",
    "timestamp": "unknown"
  },
  {
    "title": "Overview",
    "link": "https://www.candidrx.com/about/overview/",
    "timestamp": "unknown"
  },
  {
    "title": "Team",
    "link": "https://www.candidrx.com/about/team/",
    "timestamp": "unknown"
  },
  {
    "title": "Board of Directors",
    "link": "https://www.candidrx.com/about/team/#bod",
    "timestamp": "unknown"
  },
  {
    "title": "Investors",
    "link": "https://www.candidrx.com/about/investors/",
    "timestamp": "unknown"
  },
  {
    "title": "PipelineOverviewIndications Pursued",
    "link": "https://www.candidrx.com/pipeline/pipeline-overview/",
    "timestamp": "unknown"
  },
  {
    "title": "Overview",
    "link": "https://www.candidrx.com/pipeline/pipeline-overview/",
    "timestamp": "unknown"
  },
  {
    "title": "Indications Pursued",
    "link": "https://www.candidrx.com/pipeline/indications-pursued/",
    "timestamp": "unknown"
  },
  {
    "title": "News & Publications",
    "link": "https://www.candidrx.com/news-publications/",
    "timestamp": "unknown"
  },
  {
    "title": "Careers",
    "link": "https://www.candidrx.com/careers/",
    "timestamp": "unknown"
  },
  {
    "title": "Contact",
    "link": "https://www.candidrx.com/contact/",
    "timestamp": "unknown"
  },
  {
    "title": "News & PublicationsNews&PublicationsLatest ReleasesJun ,Candid Therapeutics Advances Portfolio of Novel T-Cell Engagers into Five Autoimmune Diseases ",
    "link": "https://www.candidrx.com/candid-therapeutics-advances-portfolio-of-novel-t-cell-engagers-into-five-autoimmune-diseases-for-clinical-evaluation/",
    "timestamp": "unknown"
  },
  {
    "title": "News & PublicationsNews&PublicationsLatest ReleasesJun ,Candid Therapeutics Advances Portfolio of Novel T-Cell Engagers into Five Autoimmune Diseases ",
    "link": "https://www.candidrx.com/candid-therapeutics-advances-portfolio-of-novel-t-cell-engagers-into-five-autoimmune-diseases-for-clinical-evaluation/",
    "timestamp": "unknown"
  },
  {
    "title": "Latest ReleasesJun ,Candid Therapeutics Advances Portfolio of Novel T-Cell Engagers into Five Autoimmune Diseases for Clinical EvaluationRead More\u00a0\u00bbJa",
    "link": "https://www.candidrx.com/candid-therapeutics-advances-portfolio-of-novel-t-cell-engagers-into-five-autoimmune-diseases-for-clinical-evaluation/",
    "timestamp": "unknown"
  },
  {
    "title": "Latest ReleasesJun ,Candid Therapeutics Advances Portfolio of Novel T-Cell Engagers into Five Autoimmune Diseases for Clinical EvaluationRead More\u00a0\u00bbJa",
    "link": "https://www.candidrx.com/candid-therapeutics-advances-portfolio-of-novel-t-cell-engagers-into-five-autoimmune-diseases-for-clinical-evaluation/",
    "timestamp": "unknown"
  },
  {
    "title": "Latest ReleasesJun ,Candid Therapeutics Advances Portfolio of Novel T-Cell Engagers into Five Autoimmune Diseases for Clinical EvaluationRead More\u00a0\u00bbJa",
    "link": "https://www.candidrx.com/candid-therapeutics-advances-portfolio-of-novel-t-cell-engagers-into-five-autoimmune-diseases-for-clinical-evaluation/",
    "timestamp": "unknown"
  },
  {
    "title": "Latest ReleasesJun ,Candid Therapeutics Advances Portfolio of Novel T-Cell Engagers into Five Autoimmune Diseases for Clinical EvaluationRead More\u00a0\u00bbJa",
    "link": "https://www.candidrx.com/candid-therapeutics-advances-portfolio-of-novel-t-cell-engagers-into-five-autoimmune-diseases-for-clinical-evaluation/",
    "timestamp": "unknown"
  },
  {
    "title": "Jun ,Candid Therapeutics Advances Portfolio of Novel T-Cell Engagers into Five Autoimmune Diseases for Clinical EvaluationRead More\u00a0\u00bbJan ,Candid Thera",
    "link": "https://www.candidrx.com/candid-therapeutics-advances-portfolio-of-novel-t-cell-engagers-into-five-autoimmune-diseases-for-clinical-evaluation/",
    "timestamp": "unknown"
  },
  {
    "title": "Jun ,Candid Therapeutics Advances Portfolio of Novel T-Cell Engagers into Five Autoimmune Diseases for Clinical EvaluationRead More\u00a0\u00bb",
    "link": "https://www.candidrx.com/candid-therapeutics-advances-portfolio-of-novel-t-cell-engagers-into-five-autoimmune-diseases-for-clinical-evaluation/",
    "timestamp": "unknown"
  },
  {
    "title": "Jan ,Candid Therapeutics Enters into Agreement with WuXi Biologics on Trispecific T-cell EngagerRead More\u00a0\u00bb",
    "link": "https://www.candidrx.com/candid-therapeutics-enters-into-agreement-with-wuxi-biologics-on-trispecific-t-cell-engager/",
    "timestamp": "unknown"
  },
  {
    "title": "Dec ,Candid Therapeutics and EpimAb Biotherapeutics Enter Into Research Collaboration to Discover and Develop Novel T-Cell Engagers for Autoimmune Ind",
    "link": "https://www.candidrx.com/candid-therapeutics-and-epimab-biotherapeutics-enter-into-research-collaboration-to-discover-and-develop-novel-t-cell-engagers-for-autoimmune-indications/",
    "timestamp": "unknown"
  },
  {
    "title": "Dec ,Candid Therapeutics and Ab Studio Enter Into Research Collaboration to Discover and Develop Novel T Cell Engagers for Autoimmune IndicationsRead ",
    "link": "https://www.candidrx.com/candid-therapeutics-and-ab-studio-enter-into-research-collaboration-to-discover-and-develop-novel-t-cell-engagers-for-autoimmune-indications/",
    "timestamp": "unknown"
  },
  {
    "title": "Dec ,Nona Biosciences Announces Discovery Collaboration with Candid Therapeutics for Next-Generation T-Cell EngagersRead More\u00a0\u00bb",
    "link": "https://www.candidrx.com/nona-biosciences-announces-discovery-collaboration-with-candid-therapeutics-for-next-generation-t-cell-engagers/",
    "timestamp": "unknown"
  },
  {
    "title": "Oct ,Candid Therapeutics Appoints Highly Accomplished Industry Leaders Angie You, Ph.D. and Dan Puckett to it\u2019s Board of DirectorsRead More\u00a0\u00bb",
    "link": "https://www.candidrx.com/candid-therapeutics-appoints-highly-accomplished-industry-leaders-angie-you-ph-d-and-dan-puckett-to-its-board-of-directors/",
    "timestamp": "unknown"
  },
  {
    "title": "Sep ,Candid Therapeutics Debuts with $370M Capital Raise to Clinically Evaluate Potentially Transformative Autoimmune TherapiesRead More\u00a0\u00bb",
    "link": "https://www.candidrx.com/candid-therapeutics-debuts-with-370m-capital-raise-to-clinically-evaluate-potentially-transformative-autoimmune-therapies/",
    "timestamp": "unknown"
  },
  {
    "title": "Candid TherapeuticsEl Camino Real, SuiteSan Diego, CAinfo@candidrx.comAboutOverviewTeamBoard of DirectorsInvestorsPipelineOverviewIndications PursuedN",
    "link": "https://www.candidrx.com/",
    "timestamp": "unknown"
  },
  {
    "title": "Candid TherapeuticsEl Camino Real, SuiteSan Diego, CAinfo@candidrx.comAboutOverviewTeamBoard of DirectorsInvestorsPipelineOverviewIndications PursuedN",
    "link": "https://www.candidrx.com/",
    "timestamp": "unknown"
  },
  {
    "title": "Candid TherapeuticsEl Camino Real, SuiteSan Diego, CAinfo@candidrx.com",
    "link": "mailto:info@candidrx.com",
    "timestamp": "unknown"
  },
  {
    "title": "Candid TherapeuticsEl Camino Real, SuiteSan Diego, CAinfo@candidrx.com",
    "link": "mailto:info@candidrx.com",
    "timestamp": "unknown"
  },
  {
    "title": "AboutOverviewTeamBoard of DirectorsInvestorsPipelineOverviewIndications PursuedNews & PublicationsCareersContact",
    "link": "https://www.candidrx.com/about/overview/",
    "timestamp": "unknown"
  },
  {
    "title": "AboutOverviewTeamBoard of DirectorsInvestorsPipelineOverviewIndications PursuedNews & PublicationsCareersContact",
    "link": "https://www.candidrx.com/about/overview/",
    "timestamp": "unknown"
  },
  {
    "title": "AboutOverviewTeamBoard of DirectorsInvestors",
    "link": "https://www.candidrx.com/about/overview/",
    "timestamp": "unknown"
  },
  {
    "title": "Overview",
    "link": "https://www.candidrx.com/about/overview/",
    "timestamp": "unknown"
  },
  {
    "title": "Team",
    "link": "https://www.candidrx.com/about/team/",
    "timestamp": "unknown"
  },
  {
    "title": "Board of Directors",
    "link": "https://www.candidrx.com/about/team/#bod",
    "timestamp": "unknown"
  },
  {
    "title": "Investors",
    "link": "https://www.candidrx.com/about/investors/",
    "timestamp": "unknown"
  },
  {
    "title": "PipelineOverviewIndications Pursued",
    "link": "https://www.candidrx.com/pipeline/pipeline-overview/",
    "timestamp": "unknown"
  },
  {
    "title": "Overview",
    "link": "https://www.candidrx.com/pipeline/pipeline-overview/",
    "timestamp": "unknown"
  },
  {
    "title": "Indications Pursued",
    "link": "https://www.candidrx.com/pipeline/indications-pursued/",
    "timestamp": "unknown"
  },
  {
    "title": "News & Publications",
    "link": "https://www.candidrx.com/news-publications/",
    "timestamp": "unknown"
  },
  {
    "title": "Careers",
    "link": "https://www.candidrx.com/careers/",
    "timestamp": "unknown"
  },
  {
    "title": "Contact",
    "link": "https://www.candidrx.com/contact/",
    "timestamp": "unknown"
  },
  {
    "title": "AboutOverviewTeamBoard of DirectorsInvestorsPipelineOverviewIndications PursuedNews & PublicationsCareersContact",
    "link": "https://www.candidrx.com/",
    "timestamp": "unknown"
  },
  {
    "title": "AboutOverviewTeamBoard of DirectorsInvestorsPipelineOverviewIndications PursuedNews & PublicationsCareersContact",
    "link": "https://www.candidrx.com/about/overview/",
    "timestamp": "unknown"
  },
  {
    "title": "AboutOverviewTeamBoard of DirectorsInvestors",
    "link": "https://www.candidrx.com/about/overview/",
    "timestamp": "unknown"
  },
  {
    "title": "Overview",
    "link": "https://www.candidrx.com/about/overview/",
    "timestamp": "unknown"
  },
  {
    "title": "Team",
    "link": "https://www.candidrx.com/about/team/",
    "timestamp": "unknown"
  },
  {
    "title": "Board of Directors",
    "link": "https://www.candidrx.com/about/team/#bod",
    "timestamp": "unknown"
  },
  {
    "title": "Investors",
    "link": "https://www.candidrx.com/about/investors/",
    "timestamp": "unknown"
  },
  {
    "title": "PipelineOverviewIndications Pursued",
    "link": "https://www.candidrx.com/pipeline/pipeline-overview/",
    "timestamp": "unknown"
  },
  {
    "title": "Overview",
    "link": "https://www.candidrx.com/pipeline/pipeline-overview/",
    "timestamp": "unknown"
  },
  {
    "title": "Indications Pursued",
    "link": "https://www.candidrx.com/pipeline/indications-pursued/",
    "timestamp": "unknown"
  },
  {
    "title": "News & Publications",
    "link": "https://www.candidrx.com/news-publications/",
    "timestamp": "unknown"
  },
  {
    "title": "Careers",
    "link": "https://www.candidrx.com/careers/",
    "timestamp": "unknown"
  },
  {
    "title": "Contact",
    "link": "https://www.candidrx.com/contact/",
    "timestamp": "unknown"
  }
]