[
  {
    "title": "to Contents , \u672c\u6587\u3078Financial ResultsPresentation MaterialIR Presentation MaterialValue Report(Integrated Report)ESMO  Highlights (October ,  <JST>)ESMO ",
    "link": "https://www.daiichisankyo.com/investors/library/materials/#main",
    "timestamp": "unknown"
  },
  {
    "title": "to Contents , \u672c\u6587\u3078",
    "link": "https://www.daiichisankyo.com/investors/library/materials/#main",
    "timestamp": "unknown"
  },
  {
    "title": "Financial ResultsPresentation MaterialIR Presentation MaterialValue Report(Integrated Report)ESMO  Highlights (October ,  <JST>)ESMO highlight briefin",
    "link": "https://www.daiichisankyo.com/investors/library/quarterly_result/",
    "timestamp": "unknown"
  },
  {
    "title": "Financial ResultsPresentation MaterialIR Presentation MaterialValue Report(Integrated Report)ESMO  Highlights (October ,  <JST>)ESMO highlight briefin",
    "link": "https://www.daiichisankyo.com/investors/library/quarterly_result/",
    "timestamp": "unknown"
  },
  {
    "title": "Financial ResultsPresentation MaterialIR Presentation MaterialValue Report(Integrated Report)ESMO  Highlights (October ,  <JST>)ESMO highlight briefin",
    "link": "https://www.daiichisankyo.com/investors/library/quarterly_result/",
    "timestamp": "unknown"
  },
  {
    "title": "Financial ResultsPresentation MaterialIR Presentation MaterialValue Report(Integrated Report)ESMO  Highlights (October ,  <JST>)ESMO highlight briefin",
    "link": "https://www.daiichisankyo.com/investors/library/quarterly_result/",
    "timestamp": "unknown"
  },
  {
    "title": "Financial ResultsPresentation MaterialIR Presentation MaterialValue Report(Integrated Report)ESMO  Highlights (October ,  <JST>)ESMO highlight briefin",
    "link": "https://www.daiichisankyo.com/investors/library/quarterly_result/",
    "timestamp": "unknown"
  },
  {
    "title": "Financial ResultsPresentation MaterialIR Presentation MaterialValue Report(Integrated Report)",
    "link": "https://www.daiichisankyo.com/investors/library/quarterly_result/",
    "timestamp": "unknown"
  },
  {
    "title": "Financial ResultsPresentation MaterialIR Presentation MaterialValue Report(Integrated Report)",
    "link": "https://www.daiichisankyo.com/investors/library/quarterly_result/",
    "timestamp": "unknown"
  },
  {
    "title": "Financial ResultsPresentation MaterialIR Presentation MaterialValue Report(Integrated Report)",
    "link": "https://www.daiichisankyo.com/investors/library/quarterly_result/",
    "timestamp": "unknown"
  },
  {
    "title": "Financial ResultsPresentation MaterialIR Presentation MaterialValue Report(Integrated Report)",
    "link": "https://www.daiichisankyo.com/investors/library/quarterly_result/",
    "timestamp": "unknown"
  },
  {
    "title": "Financial ResultsPresentation Material",
    "link": "https://www.daiichisankyo.com/investors/library/quarterly_result/",
    "timestamp": "unknown"
  },
  {
    "title": "IR Presentation Material",
    "link": "https://www.daiichisankyo.com/investors/library/materials/",
    "timestamp": "unknown"
  },
  {
    "title": "Value Report(Integrated Report)",
    "link": "https://www.daiichisankyo.com/investors/library/annual_report/",
    "timestamp": "unknown"
  },
  {
    "title": "ESMO  Highlights (October ,  <JST>)ESMO highlight briefing session material (Available after  on October  <JST>)Live & On-demand StreamingWCLC  Highli",
    "link": "http://one-stream.io/catalog/VCFDkyH7HgZsRQqfJ12oUXpyM6u2/live/2e85022c-7eea--b65e-e1f2a4d167d8",
    "timestamp": "unknown"
  },
  {
    "title": "ESMO  Highlights (October ,  <JST>)ESMO highlight briefing session material (Available after  on October  <JST>)Live & On-demand StreamingWCLC  Highli",
    "link": "http://one-stream.io/catalog/VCFDkyH7HgZsRQqfJ12oUXpyM6u2/live/2e85022c-7eea--b65e-e1f2a4d167d8",
    "timestamp": "unknown"
  },
  {
    "title": "ESMO  Highlights (October ,  <JST>)ESMO highlight briefing session material (Available after  on October  <JST>)Live & On-demand StreamingWCLC  Highli",
    "link": "http://one-stream.io/catalog/VCFDkyH7HgZsRQqfJ12oUXpyM6u2/live/2e85022c-7eea--b65e-e1f2a4d167d8",
    "timestamp": "unknown"
  },
  {
    "title": "Live & On-demand Streaming",
    "link": "http://one-stream.io/catalog/VCFDkyH7HgZsRQqfJ12oUXpyM6u2/live/2e85022c-7eea--b65e-e1f2a4d167d8",
    "timestamp": "unknown"
  },
  {
    "title": "WCLC highlight briefing session material",
    "link": "https://www.daiichisankyo.com/files/investors/library/materials//WCLC_2025_Highlights_final.pdf",
    "timestamp": "unknown"
  },
  {
    "title": "Live & On-demand Streaming",
    "link": "https://one-stream.io/catalog/VCFDkyH7HgZsRQqfJ12oUXpyM6u2/video/e6d60e06-9c3b--8cf8-90298040f5fa",
    "timestamp": "unknown"
  },
  {
    "title": "ASCO highlight briefing session material",
    "link": "https://www.daiichisankyo.com/files/investors/library/materials//ASCO_Highlights_2025_E2.pdf",
    "timestamp": "unknown"
  },
  {
    "title": "Live & On-demand Streaming",
    "link": "https://one-stream.io/catalog/VCFDkyH7HgZsRQqfJ12oUXpyM6u2/video/751de61b-caaa-4a7f-a184-d0355a91bad6",
    "timestamp": "unknown"
  },
  {
    "title": "IR Presentation Material Fiscal year list",
    "link": "https://www.daiichisankyo.com/investors/library/materials/all.html",
    "timestamp": "unknown"
  },
  {
    "title": "to Page Top",
    "link": "https://www.daiichisankyo.com/investors/library/materials/#Body",
    "timestamp": "unknown"
  }
]