[
  {
    "title": "Contact",
    "link": "https://www.glpg.com/contact/",
    "timestamp": "unknown"
  },
  {
    "title": "Newsroom",
    "link": "https://www.glpg.com/newsroom/",
    "timestamp": "unknown"
  },
  {
    "title": "Careers",
    "link": "https://www.glpg.com/careers/",
    "timestamp": "unknown"
  },
  {
    "title": "Locations",
    "link": "https://www.glpg.com/locations/",
    "timestamp": "unknown"
  },
  {
    "title": "Search",
    "link": "https://www.glpg.com/press-releases/#search",
    "timestamp": "unknown"
  },
  {
    "title": "GalapagosInnovationCell TherapyPipelineSmall MoleculesClinical TrialsInvestorsWebcasts & EventsFinancialsStock InformationShareholder InformationCorpo",
    "link": "https://www.glpg.com/",
    "timestamp": "unknown"
  },
  {
    "title": "Galapagos",
    "link": "https://www.glpg.com/",
    "timestamp": "unknown"
  },
  {
    "title": "InnovationCell TherapyPipelineSmall MoleculesClinical Trials",
    "link": "https://www.glpg.com/innovation/",
    "timestamp": "unknown"
  },
  {
    "title": "Cell Therapy",
    "link": "https://www.glpg.com/innovation/cell-therapy/",
    "timestamp": "unknown"
  },
  {
    "title": "Pipeline",
    "link": "https://www.glpg.com/innovation/pipeline/",
    "timestamp": "unknown"
  },
  {
    "title": "Small Molecules",
    "link": "https://www.glpg.com/innovation/immunology/",
    "timestamp": "unknown"
  },
  {
    "title": "Clinical Trials",
    "link": "https://www.glpg.com/innovation/clinical-trials/",
    "timestamp": "unknown"
  },
  {
    "title": "InvestorsWebcasts & EventsFinancialsStock InformationShareholder InformationCorporate GovernanceDownload CenterIR Team",
    "link": "https://www.glpg.com/investors/",
    "timestamp": "unknown"
  },
  {
    "title": "Webcasts & Events",
    "link": "https://www.glpg.com/webcasts-events/",
    "timestamp": "unknown"
  },
  {
    "title": "Financials",
    "link": "https://www.glpg.com/investors/financials/",
    "timestamp": "unknown"
  },
  {
    "title": "Stock Information",
    "link": "https://www.glpg.com/investors/stock-information/",
    "timestamp": "unknown"
  },
  {
    "title": "Shareholder Information",
    "link": "https://www.glpg.com/investors/shareholder-information/",
    "timestamp": "unknown"
  },
  {
    "title": "Corporate Governance",
    "link": "https://www.glpg.com/investors/corporate-governance/",
    "timestamp": "unknown"
  },
  {
    "title": "Download Center",
    "link": "https://www.glpg.com/download-center/",
    "timestamp": "unknown"
  },
  {
    "title": "IR Team",
    "link": "https://www.glpg.com/investors/ir-team/",
    "timestamp": "unknown"
  },
  {
    "title": "Collaborations",
    "link": "https://www.glpg.com/collaborations/",
    "timestamp": "unknown"
  },
  {
    "title": "Patients and Carers",
    "link": "https://www.glpg.com/patients-and-carers/",
    "timestamp": "unknown"
  },
  {
    "title": "SustainabilityOur CommitmentPatientsPlanetPeopleTrust and Transparency",
    "link": "https://www.glpg.com/sustainability/",
    "timestamp": "unknown"
  },
  {
    "title": "Our Commitment",
    "link": "https://www.glpg.com/sustainability/our-commitment/",
    "timestamp": "unknown"
  },
  {
    "title": "Patients",
    "link": "https://www.glpg.com/sustainability/patients/",
    "timestamp": "unknown"
  },
  {
    "title": "Planet",
    "link": "https://www.glpg.com/sustainability/planet/",
    "timestamp": "unknown"
  },
  {
    "title": "People",
    "link": "https://www.glpg.com/sustainability/people/",
    "timestamp": "unknown"
  },
  {
    "title": "Trust and Transparency",
    "link": "https://www.glpg.com/sustainability/trust-and-transparency/",
    "timestamp": "unknown"
  },
  {
    "title": "About usMission and ValuesLeadershipOur StoryBoard of Directors",
    "link": "https://www.glpg.com/about-us/",
    "timestamp": "unknown"
  },
  {
    "title": "Mission and Values",
    "link": "https://www.glpg.com/about-us/vision-mission-values/",
    "timestamp": "unknown"
  },
  {
    "title": "Leadership",
    "link": "https://www.glpg.com/about-us/leadership-team/",
    "timestamp": "unknown"
  },
  {
    "title": "Our Story",
    "link": "https://www.glpg.com/about-us/our-story/",
    "timestamp": "unknown"
  },
  {
    "title": "Board of Directors",
    "link": "https://www.glpg.com/about-us/board-of-directors/",
    "timestamp": "unknown"
  },
  {
    "title": "Press ReleasesThis section contains information about Galapagos NV&#;s business for stockholders, potential investors, financial analysts and media.Do",
    "link": "https://www.glpg.com/newsroom/subscription/",
    "timestamp": "unknown"
  },
  {
    "title": "Press ReleasesThis section contains information about Galapagos NV&#;s business for stockholders, potential investors, financial analysts and media.Do",
    "link": "https://www.glpg.com/newsroom/subscription/",
    "timestamp": "unknown"
  },
  {
    "title": "Press ReleasesThis section contains information about Galapagos NV&#;s business for stockholders, potential investors, financial analysts and media.Do",
    "link": "https://www.glpg.com/newsroom/subscription/",
    "timestamp": "unknown"
  },
  {
    "title": "Subscribe here",
    "link": "https://www.glpg.com/newsroom/subscription/",
    "timestamp": "unknown"
  }
]