[
  {
    "title": "OverviewEvents & PresentationsStock InformationStock QuoteStock ChartHistorical Stock QuoteInvestment CalculatorDividend HistoryAnalyst CoverageFinanc",
    "link": "https://investors.gilead.com/overview/default.aspx",
    "timestamp": "unknown"
  },
  {
    "title": "Events & Presentations",
    "link": "https://investors.gilead.com/events-and-presentations/default.aspx",
    "timestamp": "unknown"
  },
  {
    "title": "Stock InformationStock QuoteStock ChartHistorical Stock QuoteInvestment CalculatorDividend HistoryAnalyst Coverage",
    "link": "https://investors.gilead.com/stock-info/default.aspx",
    "timestamp": "unknown"
  },
  {
    "title": "Stock Quote",
    "link": "https://investors.gilead.com/stock-info/default.aspx#stock-quote",
    "timestamp": "unknown"
  },
  {
    "title": "Stock Chart",
    "link": "https://investors.gilead.com/stock-info/default.aspx#stock-chart",
    "timestamp": "unknown"
  },
  {
    "title": "Historical Stock Quote",
    "link": "https://investors.gilead.com/stock-info/default.aspx#stock-historical",
    "timestamp": "unknown"
  },
  {
    "title": "Investment Calculator",
    "link": "https://investors.gilead.com/stock-info/default.aspx#calculator",
    "timestamp": "unknown"
  },
  {
    "title": "Dividend History",
    "link": "https://investors.gilead.com/stock-info/dividend-history/default.aspx",
    "timestamp": "unknown"
  },
  {
    "title": "Analyst Coverage",
    "link": "https://investors.gilead.com/stock-info/analyst-coverage/default.aspx",
    "timestamp": "unknown"
  },
  {
    "title": "FinancialsQuarterly ResultsSEC Filings",
    "link": "https://investors.gilead.com/financials/quarterly-results/default.aspx",
    "timestamp": "unknown"
  },
  {
    "title": "Quarterly Results",
    "link": "https://investors.gilead.com/financials/quarterly-results/default.aspx",
    "timestamp": "unknown"
  },
  {
    "title": "SEC Filings",
    "link": "https://investors.gilead.com/financials/sec-filings/default.aspx",
    "timestamp": "unknown"
  },
  {
    "title": "GovernanceLeadership TeamBoard of DirectorsCommittee CompositionGovernance Documents",
    "link": "https://investors.gilead.com/governance/governance-documents/default.aspx",
    "timestamp": "unknown"
  },
  {
    "title": "Leadership Team",
    "link": "https://investors.gilead.com/governance/Leadership/default.aspx",
    "timestamp": "unknown"
  },
  {
    "title": "Board of Directors",
    "link": "https://investors.gilead.com/governance/board-of-directors/default.aspx",
    "timestamp": "unknown"
  },
  {
    "title": "Committee Composition",
    "link": "https://investors.gilead.com/governance/committee-composition/default.aspx",
    "timestamp": "unknown"
  },
  {
    "title": "Governance Documents",
    "link": "https://investors.gilead.com/governance/governance-documents/default.aspx",
    "timestamp": "unknown"
  },
  {
    "title": "ResourcesInvestor FAQsInformation Request FormInvestor Email AlertsESG Commitments",
    "link": "https://investors.gilead.com/resources/investor-faqs/default.aspx",
    "timestamp": "unknown"
  },
  {
    "title": "Investor FAQs",
    "link": "https://investors.gilead.com/resources/investor-faqs/default.aspx",
    "timestamp": "unknown"
  },
  {
    "title": "Information Request Form",
    "link": "https://investors.gilead.com/resources/information-request-form/default.aspx",
    "timestamp": "unknown"
  },
  {
    "title": "Investor Email Alerts",
    "link": "https://investors.gilead.com/resources/investor-email-alerts/default.aspx",
    "timestamp": "unknown"
  },
  {
    "title": "ESG Commitments",
    "link": "https://www.gilead.com/purpose/esg",
    "timestamp": "unknown"
  },
  {
    "title": "OverviewEvents & PresentationsStock InformationStock QuoteStock ChartHistorical Stock QuoteInvestment CalculatorDividend HistoryAnalyst CoverageFinanc",
    "link": "https://investors.gilead.com/overview/default.aspx",
    "timestamp": "unknown"
  },
  {
    "title": "OverviewEvents & PresentationsStock InformationStock QuoteStock ChartHistorical Stock QuoteInvestment CalculatorDividend HistoryAnalyst CoverageFinanc",
    "link": "https://investors.gilead.com/overview/default.aspx",
    "timestamp": "unknown"
  },
  {
    "title": "OverviewEvents & PresentationsStock InformationStock QuoteStock ChartHistorical Stock QuoteInvestment CalculatorDividend HistoryAnalyst CoverageFinanc",
    "link": "https://investors.gilead.com/overview/default.aspx",
    "timestamp": "unknown"
  },
  {
    "title": "OverviewEvents & PresentationsStock InformationStock QuoteStock ChartHistorical Stock QuoteInvestment CalculatorDividend HistoryAnalyst CoverageFinanc",
    "link": "https://investors.gilead.com/overview/default.aspx",
    "timestamp": "unknown"
  },
  {
    "title": "Events & Presentations",
    "link": "https://investors.gilead.com/events-and-presentations/default.aspx",
    "timestamp": "unknown"
  },
  {
    "title": "Stock InformationStock QuoteStock ChartHistorical Stock QuoteInvestment CalculatorDividend HistoryAnalyst Coverage",
    "link": "https://investors.gilead.com/stock-info/default.aspx",
    "timestamp": "unknown"
  },
  {
    "title": "Stock Quote",
    "link": "https://investors.gilead.com/stock-info/default.aspx#stock-quote",
    "timestamp": "unknown"
  },
  {
    "title": "Stock Chart",
    "link": "https://investors.gilead.com/stock-info/default.aspx#stock-chart",
    "timestamp": "unknown"
  },
  {
    "title": "Historical Stock Quote",
    "link": "https://investors.gilead.com/stock-info/default.aspx#stock-historical",
    "timestamp": "unknown"
  },
  {
    "title": "Investment Calculator",
    "link": "https://investors.gilead.com/stock-info/default.aspx#calculator",
    "timestamp": "unknown"
  },
  {
    "title": "Dividend History",
    "link": "https://investors.gilead.com/stock-info/dividend-history/default.aspx",
    "timestamp": "unknown"
  },
  {
    "title": "Analyst Coverage",
    "link": "https://investors.gilead.com/stock-info/analyst-coverage/default.aspx",
    "timestamp": "unknown"
  },
  {
    "title": "FinancialsQuarterly ResultsSEC Filings",
    "link": "https://investors.gilead.com/financials/quarterly-results/default.aspx",
    "timestamp": "unknown"
  },
  {
    "title": "Quarterly Results",
    "link": "https://investors.gilead.com/financials/quarterly-results/default.aspx",
    "timestamp": "unknown"
  },
  {
    "title": "SEC Filings",
    "link": "https://investors.gilead.com/financials/sec-filings/default.aspx",
    "timestamp": "unknown"
  },
  {
    "title": "GovernanceLeadership TeamBoard of DirectorsCommittee CompositionGovernance Documents",
    "link": "https://investors.gilead.com/governance/governance-documents/default.aspx",
    "timestamp": "unknown"
  },
  {
    "title": "Leadership Team",
    "link": "https://investors.gilead.com/governance/Leadership/default.aspx",
    "timestamp": "unknown"
  },
  {
    "title": "Board of Directors",
    "link": "https://investors.gilead.com/governance/board-of-directors/default.aspx",
    "timestamp": "unknown"
  },
  {
    "title": "Committee Composition",
    "link": "https://investors.gilead.com/governance/committee-composition/default.aspx",
    "timestamp": "unknown"
  },
  {
    "title": "Governance Documents",
    "link": "https://investors.gilead.com/governance/governance-documents/default.aspx",
    "timestamp": "unknown"
  },
  {
    "title": "ResourcesInvestor FAQsInformation Request FormInvestor Email AlertsESG Commitments",
    "link": "https://investors.gilead.com/resources/investor-faqs/default.aspx",
    "timestamp": "unknown"
  },
  {
    "title": "Investor FAQs",
    "link": "https://investors.gilead.com/resources/investor-faqs/default.aspx",
    "timestamp": "unknown"
  },
  {
    "title": "Information Request Form",
    "link": "https://investors.gilead.com/resources/information-request-form/default.aspx",
    "timestamp": "unknown"
  },
  {
    "title": "Investor Email Alerts",
    "link": "https://investors.gilead.com/resources/investor-email-alerts/default.aspx",
    "timestamp": "unknown"
  },
  {
    "title": "ESG Commitments",
    "link": "https://www.gilead.com/purpose/esg",
    "timestamp": "unknown"
  },
  {
    "title": "IR ContactGilead Investor Relations() -investor_relations@gilead.comFollow UsTwitterLinkedInInstagramFacebookYouTubeInvestor Email AlertsTo opt-in for",
    "link": "https://investors.gilead.com/",
    "timestamp": "unknown"
  },
  {
    "title": "IR ContactGilead Investor Relations() -investor_relations@gilead.comFollow UsTwitterLinkedInInstagramFacebookYouTubeInvestor Email AlertsTo opt-in for",
    "link": "https://investors.gilead.com/",
    "timestamp": "unknown"
  },
  {
    "title": "IR ContactGilead Investor Relations() -investor_relations@gilead.comFollow UsTwitterLinkedInInstagramFacebookYouTube",
    "link": "tel:--",
    "timestamp": "unknown"
  },
  {
    "title": "IR ContactGilead Investor Relations() -investor_relations@gilead.comFollow UsTwitterLinkedInInstagramFacebookYouTube",
    "link": "tel:--",
    "timestamp": "unknown"
  },
  {
    "title": "IR ContactGilead Investor Relations() -investor_relations@gilead.comFollow UsTwitterLinkedInInstagramFacebookYouTube",
    "link": "tel:--",
    "timestamp": "unknown"
  },
  {
    "title": "IR ContactGilead Investor Relations() -investor_relations@gilead.com",
    "link": "tel:--",
    "timestamp": "unknown"
  },
  {
    "title": "() -investor_relations@gilead.com",
    "link": "tel:--",
    "timestamp": "unknown"
  },
  {
    "title": "Follow UsTwitterLinkedInInstagramFacebookYouTube",
    "link": "https://twitter.com/GileadSciences",
    "timestamp": "unknown"
  },
  {
    "title": "Twitter",
    "link": "https://twitter.com/GileadSciences",
    "timestamp": "unknown"
  },
  {
    "title": "LinkedIn",
    "link": "https://www.linkedin.com/company/gilead-sciences/",
    "timestamp": "unknown"
  },
  {
    "title": "Instagram",
    "link": "https://www.instagram.com/gileadsciences/",
    "timestamp": "unknown"
  },
  {
    "title": "Facebook",
    "link": "https://www.facebook.com/GileadSciences",
    "timestamp": "unknown"
  },
  {
    "title": "YouTube",
    "link": "https://www.youtube.com/channel/UCNSt7PtsfNGbezR9hmvRI1w",
    "timestamp": "unknown"
  },
  {
    "title": "Investor Email AlertsTo opt-in for investor email alerts, please:Enter your email address in the field below and select at least one alert option.Afte",
    "link": "https://www.gilead.com/privacy-statements",
    "timestamp": "unknown"
  },
  {
    "title": "Investor Email AlertsTo opt-in for investor email alerts, please:Enter your email address in the field below and select at least one alert option.Afte",
    "link": "https://www.gilead.com/privacy-statements",
    "timestamp": "unknown"
  },
  {
    "title": "To opt-in for investor email alerts, please:Enter your email address in the field below and select at least one alert option.After submitting your req",
    "link": "https://www.gilead.com/privacy-statements",
    "timestamp": "unknown"
  },
  {
    "title": "By registering to receive Investor Email Alert updates, you confirm you have read ourPrivacy Notice.Email Address*Investor Alert OptionsInvestor Alert",
    "link": "https://www.gilead.com/privacy-statements",
    "timestamp": "unknown"
  },
  {
    "title": "By registering to receive Investor Email Alert updates, you confirm you have read ourPrivacy Notice.Email Address*",
    "link": "https://www.gilead.com/privacy-statements",
    "timestamp": "unknown"
  },
  {
    "title": "Unsubscribe",
    "link": "https://investors.gilead.com/resources/investor-email-alerts/default.aspx#unsubscribe",
    "timestamp": "unknown"
  },
  {
    "title": "Terms of Use",
    "link": "https://www.gilead.com/terms-of-use",
    "timestamp": "unknown"
  },
  {
    "title": "Privacy Policy",
    "link": "https://www.gilead.com/privacy-statements",
    "timestamp": "unknown"
  },
  {
    "title": "Consumer Health Data Privacy Policy",
    "link": "https://www.gilead.com/privacy-statements/consumer-health-data-privacy-policy",
    "timestamp": "unknown"
  },
  {
    "title": "Investor Disclaimer",
    "link": "https://investors.gilead.com/investor-disclaimer/default.aspx?ItemId=ede1db91-d038-4f9c-87b4-b1f5cf823e52",
    "timestamp": "unknown"
  },
  {
    "title": "Powered By Q4 Inc....(opens in new window)",
    "link": "https://www.q4inc.com/Powered-by-Q4/",
    "timestamp": "unknown"
  },
  {
    "title": "Powered By Q4 Inc....(opens in new window)",
    "link": "https://www.q4inc.com/Powered-by-Q4/",
    "timestamp": "unknown"
  },
  {
    "title": "Powered By Q4 Inc....(opens in new window)",
    "link": "https://www.q4inc.com/Powered-by-Q4/",
    "timestamp": "unknown"
  }
]