[
  {
    "title": "We are HiringContact UsSearch:Search ToggleToggle NavigationSearch:Search SubmitAboutAboutKezarOur CompanyOur TeamBoard of DirectorsContact UsPipeline",
    "link": "https://www.kezarlifesciences.com/careers/opportunities",
    "timestamp": "unknown"
  },
  {
    "title": "We are HiringContact UsSearch:Search ToggleToggle NavigationSearch:Search SubmitAboutAboutKezarOur CompanyOur TeamBoard of DirectorsContact UsPipeline",
    "link": "https://www.kezarlifesciences.com/careers/opportunities",
    "timestamp": "unknown"
  },
  {
    "title": "We are HiringContact UsSearch:Search Toggle",
    "link": "https://www.kezarlifesciences.com/careers/opportunities",
    "timestamp": "unknown"
  },
  {
    "title": "We are HiringContact UsSearch:Search Toggle",
    "link": "https://www.kezarlifesciences.com/careers/opportunities",
    "timestamp": "unknown"
  },
  {
    "title": "We are HiringContact UsSearch:Search Toggle",
    "link": "https://www.kezarlifesciences.com/careers/opportunities",
    "timestamp": "unknown"
  },
  {
    "title": "We are HiringContact UsSearch:Search Toggle",
    "link": "https://www.kezarlifesciences.com/careers/opportunities",
    "timestamp": "unknown"
  },
  {
    "title": "We are HiringContact UsSearch:Search Toggle",
    "link": "https://www.kezarlifesciences.com/careers/opportunities",
    "timestamp": "unknown"
  },
  {
    "title": "We are Hiring",
    "link": "https://www.kezarlifesciences.com/careers/opportunities",
    "timestamp": "unknown"
  },
  {
    "title": "Contact Us",
    "link": "https://www.kezarlifesciences.com/about/contact",
    "timestamp": "unknown"
  },
  {
    "title": "Toggle NavigationSearch:Search SubmitAboutAboutKezarOur CompanyOur TeamBoard of DirectorsContact UsPipelineOurPipelineOur PipelineZetomipzomib (KZR-)K",
    "link": "https://www.kezarlifesciences.com/",
    "timestamp": "unknown"
  },
  {
    "title": "Search:Search SubmitAboutAboutKezarOur CompanyOur TeamBoard of DirectorsContact UsPipelineOurPipelineOur PipelineZetomipzomib (KZR-)KZR-ScienceOurScie",
    "link": "https://www.kezarlifesciences.com/about",
    "timestamp": "unknown"
  },
  {
    "title": "AboutAboutKezarOur CompanyOur TeamBoard of DirectorsContact UsPipelineOurPipelineOur PipelineZetomipzomib (KZR-)KZR-ScienceOurScienceSelective Immunop",
    "link": "https://www.kezarlifesciences.com/about",
    "timestamp": "unknown"
  },
  {
    "title": "AboutKezarOur CompanyOur TeamBoard of DirectorsContact UsPipelineOurPipelineOur PipelineZetomipzomib (KZR-)KZR-ScienceOurScienceSelective Immunoprotea",
    "link": "https://www.kezarlifesciences.com/about",
    "timestamp": "unknown"
  },
  {
    "title": "AboutKezarOur CompanyOur TeamBoard of DirectorsContact Us",
    "link": "https://www.kezarlifesciences.com/about",
    "timestamp": "unknown"
  },
  {
    "title": "AboutKezar",
    "link": "https://www.kezarlifesciences.com/about",
    "timestamp": "unknown"
  },
  {
    "title": "Our Company",
    "link": "https://www.kezarlifesciences.com/about/company",
    "timestamp": "unknown"
  },
  {
    "title": "Our Team",
    "link": "https://www.kezarlifesciences.com/about/team/",
    "timestamp": "unknown"
  },
  {
    "title": "Board of Directors",
    "link": "https://www.kezarlifesciences.com/about/team/board-of-directors/",
    "timestamp": "unknown"
  },
  {
    "title": "Contact Us",
    "link": "https://www.kezarlifesciences.com/about/contact",
    "timestamp": "unknown"
  },
  {
    "title": "PipelineOurPipelineOur PipelineZetomipzomib (KZR-)KZR-ScienceOurScienceSelective Immunoproteasome InhibitionProtein Secretion InhibitionScientific Pub",
    "link": "https://www.kezarlifesciences.com/pipeline",
    "timestamp": "unknown"
  },
  {
    "title": "OurPipelineOur PipelineZetomipzomib (KZR-)KZR-ScienceOurScienceSelective Immunoproteasome InhibitionProtein Secretion InhibitionScientific Publication",
    "link": "https://www.kezarlifesciences.com/pipeline",
    "timestamp": "unknown"
  },
  {
    "title": "OurPipelineOur PipelineZetomipzomib (KZR-)KZR-",
    "link": "https://www.kezarlifesciences.com/pipeline",
    "timestamp": "unknown"
  },
  {
    "title": "OurPipeline",
    "link": "https://www.kezarlifesciences.com/pipeline",
    "timestamp": "unknown"
  },
  {
    "title": "Our Pipeline",
    "link": "https://www.kezarlifesciences.com/pipeline",
    "timestamp": "unknown"
  },
  {
    "title": "Zetomipzomib (KZR-)",
    "link": "https://www.kezarlifesciences.com/pipeline/zetomipzomib",
    "timestamp": "unknown"
  },
  {
    "title": "KZR-",
    "link": "https://www.kezarlifesciences.com/pipeline/kzr-",
    "timestamp": "unknown"
  },
  {
    "title": "ScienceOurScienceSelective Immunoproteasome InhibitionProtein Secretion InhibitionScientific PublicationsPatientsOurPatientsDisease EducationPatient A",
    "link": "https://www.kezarlifesciences.com/science",
    "timestamp": "unknown"
  },
  {
    "title": "OurScienceSelective Immunoproteasome InhibitionProtein Secretion InhibitionScientific PublicationsPatientsOurPatientsDisease EducationPatient Advocacy",
    "link": "https://www.kezarlifesciences.com/science",
    "timestamp": "unknown"
  },
  {
    "title": "OurScienceSelective Immunoproteasome InhibitionProtein Secretion InhibitionScientific Publications",
    "link": "https://www.kezarlifesciences.com/science",
    "timestamp": "unknown"
  },
  {
    "title": "OurScience",
    "link": "https://www.kezarlifesciences.com/science",
    "timestamp": "unknown"
  },
  {
    "title": "Selective Immunoproteasome Inhibition",
    "link": "https://www.kezarlifesciences.com/science/selective-immunoproteasome-inhibition",
    "timestamp": "unknown"
  },
  {
    "title": "Protein Secretion Inhibition",
    "link": "https://www.kezarlifesciences.com/science/protein-secretion-inhibition",
    "timestamp": "unknown"
  },
  {
    "title": "Scientific Publications",
    "link": "https://www.kezarlifesciences.com/science/publications",
    "timestamp": "unknown"
  },
  {
    "title": "PatientsOurPatientsDisease EducationPatient AdvocacyClinical TrialsInvestors & MediaInvestorsMediaInvestors & Media HomeNews & EventsPress ReleasesEve",
    "link": "https://www.kezarlifesciences.com/patients",
    "timestamp": "unknown"
  },
  {
    "title": "OurPatientsDisease EducationPatient AdvocacyClinical TrialsInvestors & MediaInvestorsMediaInvestors & Media HomeNews & EventsPress ReleasesEvents & Pr",
    "link": "https://www.kezarlifesciences.com/patients",
    "timestamp": "unknown"
  },
  {
    "title": "OurPatientsDisease EducationPatient AdvocacyClinical Trials",
    "link": "https://www.kezarlifesciences.com/patients",
    "timestamp": "unknown"
  },
  {
    "title": "OurPatients",
    "link": "https://www.kezarlifesciences.com/patients",
    "timestamp": "unknown"
  },
  {
    "title": "Disease Education",
    "link": "https://www.kezarlifesciences.com/patients/education",
    "timestamp": "unknown"
  },
  {
    "title": "Patient Advocacy",
    "link": "https://www.kezarlifesciences.com/patients/advocacy",
    "timestamp": "unknown"
  },
  {
    "title": "Clinical Trials",
    "link": "https://www.kezarlifesciences.com/patients/clinical-trials",
    "timestamp": "unknown"
  },
  {
    "title": "Investors & MediaInvestorsMediaInvestors & Media HomeNews & EventsPress ReleasesEvents & PresentationsStock InformationStock Quote & ChartHistoric Pri",
    "link": "https://ir.kezarlifesciences.com/investors-media",
    "timestamp": "unknown"
  },
  {
    "title": "InvestorsMediaInvestors & Media HomeNews & EventsPress ReleasesEvents & PresentationsStock InformationStock Quote & ChartHistoric Price LookupAnalyst ",
    "link": "https://ir.kezarlifesciences.com/investors-media",
    "timestamp": "unknown"
  },
  {
    "title": "InvestorsMediaInvestors & Media HomeNews & EventsPress ReleasesEvents & PresentationsStock InformationStock Quote & ChartHistoric Price LookupAnalyst ",
    "link": "https://ir.kezarlifesciences.com/investors-media",
    "timestamp": "unknown"
  },
  {
    "title": "InvestorsMedia",
    "link": "https://ir.kezarlifesciences.com/investors-media",
    "timestamp": "unknown"
  },
  {
    "title": "Investors & Media Home",
    "link": "https://ir.kezarlifesciences.com/investors-media",
    "timestamp": "unknown"
  },
  {
    "title": "News & EventsPress ReleasesEvents & Presentations",
    "link": "https://ir.kezarlifesciences.com/news-events/press-releases",
    "timestamp": "unknown"
  },
  {
    "title": "Press ReleasesEvents & Presentations",
    "link": "https://ir.kezarlifesciences.com/news-events/press-releases",
    "timestamp": "unknown"
  },
  {
    "title": "Press ReleasesEvents & Presentations",
    "link": "https://ir.kezarlifesciences.com/news-events/press-releases",
    "timestamp": "unknown"
  },
  {
    "title": "Press Releases",
    "link": "https://ir.kezarlifesciences.com/news-events/press-releases",
    "timestamp": "unknown"
  },
  {
    "title": "Events & Presentations",
    "link": "https://ir.kezarlifesciences.com/news-events/events-presentations",
    "timestamp": "unknown"
  },
  {
    "title": "Stock InformationStock Quote & ChartHistoric Price LookupAnalyst CoverageTax Information",
    "link": "https://ir.kezarlifesciences.com/stock-information/stock-quote-chart",
    "timestamp": "unknown"
  },
  {
    "title": "Stock Quote & ChartHistoric Price LookupAnalyst CoverageTax Information",
    "link": "https://ir.kezarlifesciences.com/stock-information/stock-quote-chart",
    "timestamp": "unknown"
  },
  {
    "title": "Stock Quote & ChartHistoric Price LookupAnalyst CoverageTax Information",
    "link": "https://ir.kezarlifesciences.com/stock-information/stock-quote-chart",
    "timestamp": "unknown"
  },
  {
    "title": "Stock Quote & Chart",
    "link": "https://ir.kezarlifesciences.com/stock-information/stock-quote-chart",
    "timestamp": "unknown"
  },
  {
    "title": "Historic Price Lookup",
    "link": "https://ir.kezarlifesciences.com/stock-information/historic-price-lookup",
    "timestamp": "unknown"
  },
  {
    "title": "Analyst Coverage",
    "link": "https://ir.kezarlifesciences.com/stock-information/analyst-coverage",
    "timestamp": "unknown"
  },
  {
    "title": "Tax Information",
    "link": "https://ir.kezarlifesciences.com/tax-information",
    "timestamp": "unknown"
  },
  {
    "title": "Financials & FilingsSEC Filings",
    "link": "https://ir.kezarlifesciences.com/financials-filings/sec-filings",
    "timestamp": "unknown"
  },
  {
    "title": "SEC Filings",
    "link": "https://ir.kezarlifesciences.com/financials-filings/sec-filings",
    "timestamp": "unknown"
  },
  {
    "title": "SEC Filings",
    "link": "https://ir.kezarlifesciences.com/financials-filings/sec-filings",
    "timestamp": "unknown"
  },
  {
    "title": "SEC Filings",
    "link": "https://ir.kezarlifesciences.com/financials-filings/sec-filings",
    "timestamp": "unknown"
  },
  {
    "title": "Corporate GovernanceDocuments & ChartersManagement TeamBoard of DirectorsCommittee Composition",
    "link": "https://ir.kezarlifesciences.com/corporate-governance/documents-charters",
    "timestamp": "unknown"
  },
  {
    "title": "Documents & ChartersManagement TeamBoard of DirectorsCommittee Composition",
    "link": "https://ir.kezarlifesciences.com/corporate-governance/documents-charters",
    "timestamp": "unknown"
  },
  {
    "title": "Documents & ChartersManagement TeamBoard of DirectorsCommittee Composition",
    "link": "https://ir.kezarlifesciences.com/corporate-governance/documents-charters",
    "timestamp": "unknown"
  },
  {
    "title": "Documents & Charters",
    "link": "https://ir.kezarlifesciences.com/corporate-governance/documents-charters",
    "timestamp": "unknown"
  },
  {
    "title": "Management Team",
    "link": "https://www.kezarlifesciences.com/about/team",
    "timestamp": "unknown"
  },
  {
    "title": "Board of Directors",
    "link": "https://www.kezarlifesciences.com/about/team/board-of-directors/",
    "timestamp": "unknown"
  },
  {
    "title": "Committee Composition",
    "link": "https://ir.kezarlifesciences.com/corporate-governance/committee-composition",
    "timestamp": "unknown"
  },
  {
    "title": "Investor ResourcesInvestor FAQsInvestor ContactEmail Alerts",
    "link": "https://ir.kezarlifesciences.com/investor-resources/investor-faqs",
    "timestamp": "unknown"
  },
  {
    "title": "Investor FAQsInvestor ContactEmail Alerts",
    "link": "https://ir.kezarlifesciences.com/investor-resources/investor-faqs",
    "timestamp": "unknown"
  },
  {
    "title": "Investor FAQsInvestor ContactEmail Alerts",
    "link": "https://ir.kezarlifesciences.com/investor-resources/investor-faqs",
    "timestamp": "unknown"
  },
  {
    "title": "Investor FAQs",
    "link": "https://ir.kezarlifesciences.com/investor-resources/investor-faqs",
    "timestamp": "unknown"
  },
  {
    "title": "Investor Contact",
    "link": "https://ir.kezarlifesciences.com/investor-resources/investor-contact",
    "timestamp": "unknown"
  },
  {
    "title": "Email Alerts",
    "link": "https://ir.kezarlifesciences.com/investor-resources/email-alerts",
    "timestamp": "unknown"
  },
  {
    "title": "CareersKezarCareersJoin Our TeamJob Opportunities",
    "link": "https://www.kezarlifesciences.com/careers/",
    "timestamp": "unknown"
  },
  {
    "title": "KezarCareersJoin Our TeamJob Opportunities",
    "link": "https://ir.kezarlifesciences.com/news-events/press-releases",
    "timestamp": "unknown"
  },
  {
    "title": "KezarCareersJoin Our TeamJob Opportunities",
    "link": "https://ir.kezarlifesciences.com/news-events/press-releases",
    "timestamp": "unknown"
  },
  {
    "title": "KezarCareers",
    "link": "https://ir.kezarlifesciences.com/news-events/press-releases",
    "timestamp": "unknown"
  },
  {
    "title": "Join Our Team",
    "link": "https://www.kezarlifesciences.com/careers/",
    "timestamp": "unknown"
  },
  {
    "title": "Job Opportunities",
    "link": "https://www.kezarlifesciences.com/careers/opportunities/",
    "timestamp": "unknown"
  },
  {
    "title": "YearNoneKezar Life Sciences Announces Regulatory Update on Zetomipzomib Program in Autoimmune Hepatitis and Plans to Explore Strategic AlternativesOct",
    "link": "https://ir.kezarlifesciences.com/news-releases/news-release-details/kezar-life-sciences-announces-regulatory-update-zetomipzomib",
    "timestamp": "unknown"
  },
  {
    "title": "YearNoneKezar Life Sciences Announces Regulatory Update on Zetomipzomib Program in Autoimmune Hepatitis and Plans to Explore Strategic AlternativesOct",
    "link": "https://ir.kezarlifesciences.com/news-releases/news-release-details/kezar-life-sciences-announces-regulatory-update-zetomipzomib",
    "timestamp": "unknown"
  },
  {
    "title": "YearNoneKezar Life Sciences Announces Regulatory Update on Zetomipzomib Program in Autoimmune Hepatitis and Plans to Explore Strategic AlternativesOct",
    "link": "https://ir.kezarlifesciences.com/news-releases/news-release-details/kezar-life-sciences-announces-regulatory-update-zetomipzomib",
    "timestamp": "unknown"
  },
  {
    "title": "YearNoneKezar Life Sciences Announces Regulatory Update on Zetomipzomib Program in Autoimmune Hepatitis and Plans to Explore Strategic AlternativesOct",
    "link": "https://ir.kezarlifesciences.com/news-releases/news-release-details/kezar-life-sciences-announces-regulatory-update-zetomipzomib",
    "timestamp": "unknown"
  },
  {
    "title": "YearNoneKezar Life Sciences Announces Regulatory Update on Zetomipzomib Program in Autoimmune Hepatitis and Plans to Explore Strategic AlternativesOct",
    "link": "https://ir.kezarlifesciences.com/news-releases/news-release-details/kezar-life-sciences-announces-regulatory-update-zetomipzomib",
    "timestamp": "unknown"
  },
  {
    "title": "YearNoneKezar Life Sciences Announces Regulatory Update on Zetomipzomib Program in Autoimmune Hepatitis and Plans to Explore Strategic AlternativesOct",
    "link": "https://ir.kezarlifesciences.com/news-releases/news-release-details/kezar-life-sciences-announces-regulatory-update-zetomipzomib",
    "timestamp": "unknown"
  },
  {
    "title": "YearNoneKezar Life Sciences Announces Regulatory Update on Zetomipzomib Program in Autoimmune Hepatitis and Plans to Explore Strategic AlternativesOct",
    "link": "https://ir.kezarlifesciences.com/news-releases/news-release-details/kezar-life-sciences-announces-regulatory-update-zetomipzomib",
    "timestamp": "unknown"
  },
  {
    "title": "YearNoneKezar Life Sciences Announces Regulatory Update on Zetomipzomib Program in Autoimmune Hepatitis and Plans to Explore Strategic AlternativesOct",
    "link": "https://ir.kezarlifesciences.com/news-releases/news-release-details/kezar-life-sciences-announces-regulatory-update-zetomipzomib",
    "timestamp": "unknown"
  },
  {
    "title": "YearNoneKezar Life Sciences Announces Regulatory Update on Zetomipzomib Program in Autoimmune Hepatitis and Plans to Explore Strategic AlternativesOct",
    "link": "https://ir.kezarlifesciences.com/news-releases/news-release-details/kezar-life-sciences-announces-regulatory-update-zetomipzomib",
    "timestamp": "unknown"
  },
  {
    "title": "YearNoneKezar Life Sciences Announces Regulatory Update on Zetomipzomib Program in Autoimmune Hepatitis and Plans to Explore Strategic AlternativesOct",
    "link": "https://ir.kezarlifesciences.com/news-releases/news-release-details/kezar-life-sciences-announces-regulatory-update-zetomipzomib",
    "timestamp": "unknown"
  },
  {
    "title": "YearNoneKezar Life Sciences Announces Regulatory Update on Zetomipzomib Program in Autoimmune Hepatitis and Plans to Explore Strategic AlternativesOct",
    "link": "https://ir.kezarlifesciences.com/news-releases/news-release-details/kezar-life-sciences-announces-regulatory-update-zetomipzomib",
    "timestamp": "unknown"
  },
  {
    "title": "YearNoneKezar Life Sciences Announces Regulatory Update on Zetomipzomib Program in Autoimmune Hepatitis and Plans to Explore Strategic AlternativesOct",
    "link": "https://ir.kezarlifesciences.com/news-releases/news-release-details/kezar-life-sciences-announces-regulatory-update-zetomipzomib",
    "timestamp": "unknown"
  },
  {
    "title": "YearNoneKezar Life Sciences Announces Regulatory Update on Zetomipzomib Program in Autoimmune Hepatitis and Plans to Explore Strategic AlternativesOct",
    "link": "https://ir.kezarlifesciences.com/news-releases/news-release-details/kezar-life-sciences-announces-regulatory-update-zetomipzomib",
    "timestamp": "unknown"
  },
  {
    "title": "YearNoneKezar Life Sciences Announces Regulatory Update on Zetomipzomib Program in Autoimmune Hepatitis and Plans to Explore Strategic AlternativesOct",
    "link": "https://ir.kezarlifesciences.com/news-releases/news-release-details/kezar-life-sciences-announces-regulatory-update-zetomipzomib",
    "timestamp": "unknown"
  },
  {
    "title": "YearNoneKezar Life Sciences Announces Regulatory Update on Zetomipzomib Program in Autoimmune Hepatitis and Plans to Explore Strategic AlternativesOct",
    "link": "https://ir.kezarlifesciences.com/news-releases/news-release-details/kezar-life-sciences-announces-regulatory-update-zetomipzomib",
    "timestamp": "unknown"
  },
  {
    "title": "YearNoneKezar Life Sciences Announces Regulatory Update on Zetomipzomib Program in Autoimmune Hepatitis and Plans to Explore Strategic AlternativesOct",
    "link": "https://ir.kezarlifesciences.com/news-releases/news-release-details/kezar-life-sciences-announces-regulatory-update-zetomipzomib",
    "timestamp": "unknown"
  },
  {
    "title": "YearNoneKezar Life Sciences Announces Regulatory Update on Zetomipzomib Program in Autoimmune Hepatitis and Plans to Explore Strategic AlternativesOct",
    "link": "https://ir.kezarlifesciences.com/news-releases/news-release-details/kezar-life-sciences-announces-regulatory-update-zetomipzomib",
    "timestamp": "unknown"
  },
  {
    "title": "YearNoneKezar Life Sciences Announces Regulatory Update on Zetomipzomib Program in Autoimmune Hepatitis and Plans to Explore Strategic AlternativesOct",
    "link": "https://ir.kezarlifesciences.com/news-releases/news-release-details/kezar-life-sciences-announces-regulatory-update-zetomipzomib",
    "timestamp": "unknown"
  },
  {
    "title": "YearNoneKezar Life Sciences Announces Regulatory Update on Zetomipzomib Program in Autoimmune Hepatitis and Plans to Explore Strategic AlternativesOct",
    "link": "https://ir.kezarlifesciences.com/news-releases/news-release-details/kezar-life-sciences-announces-regulatory-update-zetomipzomib",
    "timestamp": "unknown"
  },
  {
    "title": "YearNoneKezar Life Sciences Announces Regulatory Update on Zetomipzomib Program in Autoimmune Hepatitis and Plans to Explore Strategic AlternativesOct",
    "link": "https://ir.kezarlifesciences.com/news-releases/news-release-details/kezar-life-sciences-announces-regulatory-update-zetomipzomib",
    "timestamp": "unknown"
  },
  {
    "title": "YearNoneKezar Life Sciences Announces Regulatory Update on Zetomipzomib Program in Autoimmune Hepatitis and Plans to Explore Strategic AlternativesOct",
    "link": "https://ir.kezarlifesciences.com/news-releases/news-release-details/kezar-life-sciences-announces-regulatory-update-zetomipzomib",
    "timestamp": "unknown"
  },
  {
    "title": "YearNoneKezar Life Sciences Announces Regulatory Update on Zetomipzomib Program in Autoimmune Hepatitis and Plans to Explore Strategic AlternativesOct",
    "link": "https://ir.kezarlifesciences.com/news-releases/news-release-details/kezar-life-sciences-announces-regulatory-update-zetomipzomib",
    "timestamp": "unknown"
  },
  {
    "title": "Kezar Life Sciences Announces Regulatory Update on Zetomipzomib Program in Autoimmune Hepatitis and Plans to Explore Strategic AlternativesOctober ,  ",
    "link": "https://ir.kezarlifesciences.com/news-releases/news-release-details/kezar-life-sciences-announces-regulatory-update-zetomipzomib",
    "timestamp": "unknown"
  },
  {
    "title": "Kezar Life Sciences Announces Regulatory Update on Zetomipzomib Program in Autoimmune Hepatitis and Plans to Explore Strategic AlternativesOctober ,  ",
    "link": "https://ir.kezarlifesciences.com/news-releases/news-release-details/kezar-life-sciences-announces-regulatory-update-zetomipzomib",
    "timestamp": "unknown"
  },
  {
    "title": "Kezar Life Sciences Announces Regulatory Update on Zetomipzomib Program in Autoimmune Hepatitis and Plans to Explore Strategic Alternatives",
    "link": "https://ir.kezarlifesciences.com/news-releases/news-release-details/kezar-life-sciences-announces-regulatory-update-zetomipzomib",
    "timestamp": "unknown"
  },
  {
    "title": "Kezar Life Sciences Announces Regulatory Update on Zetomipzomib Program in Autoimmune Hepatitis and Plans to Explore Strategic Alternatives",
    "link": "https://ir.kezarlifesciences.com/news-releases/news-release-details/kezar-life-sciences-announces-regulatory-update-zetomipzomib",
    "timestamp": "unknown"
  },
  {
    "title": "Kezar Life Sciences to Participate in Two Upcoming Investor ConferencesAugust ,  at  EDT",
    "link": "https://ir.kezarlifesciences.com/news-releases/news-release-details/kezar-life-sciences-participate-two-upcoming-investor-",
    "timestamp": "unknown"
  },
  {
    "title": "Kezar Life Sciences to Participate in Two Upcoming Investor Conferences",
    "link": "https://ir.kezarlifesciences.com/news-releases/news-release-details/kezar-life-sciences-participate-two-upcoming-investor-",
    "timestamp": "unknown"
  },
  {
    "title": "Kezar Life Sciences to Participate in Two Upcoming Investor Conferences",
    "link": "https://ir.kezarlifesciences.com/news-releases/news-release-details/kezar-life-sciences-participate-two-upcoming-investor-",
    "timestamp": "unknown"
  },
  {
    "title": "Kezar Life Sciences Reports Second Quarter  Financial Results and Provides Business UpdateAugust ,  at  EDT",
    "link": "https://ir.kezarlifesciences.com/news-releases/news-release-details/kezar-life-sciences-reports-second-quarter--financial",
    "timestamp": "unknown"
  },
  {
    "title": "Kezar Life Sciences Reports Second Quarter  Financial Results and Provides Business Update",
    "link": "https://ir.kezarlifesciences.com/news-releases/news-release-details/kezar-life-sciences-reports-second-quarter--financial",
    "timestamp": "unknown"
  },
  {
    "title": "Kezar Life Sciences Reports Second Quarter  Financial Results and Provides Business Update",
    "link": "https://ir.kezarlifesciences.com/news-releases/news-release-details/kezar-life-sciences-reports-second-quarter--financial",
    "timestamp": "unknown"
  },
  {
    "title": "Kezar Life Sciences Announces FDA Has Lifted Partial Clinical Hold on PORTOLA Phase 2a Trial Evaluating Zetomipzomib for the Treatment of Patients wit",
    "link": "https://ir.kezarlifesciences.com/news-releases/news-release-details/kezar-life-sciences-announces-fda-has-lifted-partial-clinical",
    "timestamp": "unknown"
  },
  {
    "title": "Kezar Life Sciences Announces FDA Has Lifted Partial Clinical Hold on PORTOLA Phase 2a Trial Evaluating Zetomipzomib for the Treatment of Patients wit",
    "link": "https://ir.kezarlifesciences.com/news-releases/news-release-details/kezar-life-sciences-announces-fda-has-lifted-partial-clinical",
    "timestamp": "unknown"
  },
  {
    "title": "Kezar Life Sciences Announces FDA Has Lifted Partial Clinical Hold on PORTOLA Phase 2a Trial Evaluating Zetomipzomib for the Treatment of Patients wit",
    "link": "https://ir.kezarlifesciences.com/news-releases/news-release-details/kezar-life-sciences-announces-fda-has-lifted-partial-clinical",
    "timestamp": "unknown"
  },
  {
    "title": "Kezar Life Sciences to Participate in the Jefferies Global Healthcare ConferenceMay ,  at  EDT",
    "link": "https://ir.kezarlifesciences.com/news-releases/news-release-details/kezar-life-sciences-participate-jefferies-global-healthcare-",
    "timestamp": "unknown"
  },
  {
    "title": "Kezar Life Sciences to Participate in the Jefferies Global Healthcare Conference",
    "link": "https://ir.kezarlifesciences.com/news-releases/news-release-details/kezar-life-sciences-participate-jefferies-global-healthcare-",
    "timestamp": "unknown"
  },
  {
    "title": "Kezar Life Sciences to Participate in the Jefferies Global Healthcare Conference",
    "link": "https://ir.kezarlifesciences.com/news-releases/news-release-details/kezar-life-sciences-participate-jefferies-global-healthcare-",
    "timestamp": "unknown"
  },
  {
    "title": "Kezar Life Sciences Reports First Quarter  Financial Results and Provides Business UpdateMay ,  at  EDT",
    "link": "https://ir.kezarlifesciences.com/news-releases/news-release-details/kezar-life-sciences-reports-first-quarter--financial-results",
    "timestamp": "unknown"
  },
  {
    "title": "Kezar Life Sciences Reports First Quarter  Financial Results and Provides Business Update",
    "link": "https://ir.kezarlifesciences.com/news-releases/news-release-details/kezar-life-sciences-reports-first-quarter--financial-results",
    "timestamp": "unknown"
  },
  {
    "title": "Kezar Life Sciences Reports First Quarter  Financial Results and Provides Business Update",
    "link": "https://ir.kezarlifesciences.com/news-releases/news-release-details/kezar-life-sciences-reports-first-quarter--financial-results",
    "timestamp": "unknown"
  },
  {
    "title": "Kezar Life Sciences Announces Positive Topline Results from the PORTOLA Phase 2a Trial Evaluating Zetomipzomib for the Treatment of Patients with Auto",
    "link": "https://ir.kezarlifesciences.com/news-releases/news-release-details/kezar-life-sciences-announces-positive-topline-results-portola",
    "timestamp": "unknown"
  },
  {
    "title": "Kezar Life Sciences Announces Positive Topline Results from the PORTOLA Phase 2a Trial Evaluating Zetomipzomib for the Treatment of Patients with Auto",
    "link": "https://ir.kezarlifesciences.com/news-releases/news-release-details/kezar-life-sciences-announces-positive-topline-results-portola",
    "timestamp": "unknown"
  },
  {
    "title": "Kezar Life Sciences Announces Positive Topline Results from the PORTOLA Phase 2a Trial Evaluating Zetomipzomib for the Treatment of Patients with Auto",
    "link": "https://ir.kezarlifesciences.com/news-releases/news-release-details/kezar-life-sciences-announces-positive-topline-results-portola",
    "timestamp": "unknown"
  },
  {
    "title": "Kezar Life Sciences to Present Topline Results from the PORTOLA Phase 2a Trial Evaluating Zetomipzomib for the Treatment of Patients with Autoimmune H",
    "link": "https://ir.kezarlifesciences.com/news-releases/news-release-details/kezar-life-sciences-present-topline-results-portola-phase-2a",
    "timestamp": "unknown"
  },
  {
    "title": "Kezar Life Sciences to Present Topline Results from the PORTOLA Phase 2a Trial Evaluating Zetomipzomib for the Treatment of Patients with Autoimmune H",
    "link": "https://ir.kezarlifesciences.com/news-releases/news-release-details/kezar-life-sciences-present-topline-results-portola-phase-2a",
    "timestamp": "unknown"
  },
  {
    "title": "Kezar Life Sciences to Present Topline Results from the PORTOLA Phase 2a Trial Evaluating Zetomipzomib for the Treatment of Patients with Autoimmune H",
    "link": "https://ir.kezarlifesciences.com/news-releases/news-release-details/kezar-life-sciences-present-topline-results-portola-phase-2a",
    "timestamp": "unknown"
  },
  {
    "title": "Kezar Life Sciences to Present at Virtual KOL Event Hosted by William Blair on Zetomipzomib Clinical Development in Autoimmune Hepatitis and Provide a",
    "link": "https://ir.kezarlifesciences.com/news-releases/news-release-details/kezar-life-sciences-present-virtual-kol-event-hosted-william",
    "timestamp": "unknown"
  },
  {
    "title": "Kezar Life Sciences to Present at Virtual KOL Event Hosted by William Blair on Zetomipzomib Clinical Development in Autoimmune Hepatitis and Provide a",
    "link": "https://ir.kezarlifesciences.com/news-releases/news-release-details/kezar-life-sciences-present-virtual-kol-event-hosted-william",
    "timestamp": "unknown"
  },
  {
    "title": "Kezar Life Sciences to Present at Virtual KOL Event Hosted by William Blair on Zetomipzomib Clinical Development in Autoimmune Hepatitis and Provide a",
    "link": "https://ir.kezarlifesciences.com/news-releases/news-release-details/kezar-life-sciences-present-virtual-kol-event-hosted-william",
    "timestamp": "unknown"
  },
  {
    "title": "Investors & MediaInvestors & Media HomeNews & EventsPress ReleasesEvents & PresentationsStock InformationStock Quote & ChartHistoric Price LookupAnaly",
    "link": "https://ir.kezarlifesciences.com/investors-media",
    "timestamp": "unknown"
  },
  {
    "title": "Investors & MediaInvestors & Media HomeNews & EventsPress ReleasesEvents & PresentationsStock InformationStock Quote & ChartHistoric Price LookupAnaly",
    "link": "https://ir.kezarlifesciences.com/investors-media",
    "timestamp": "unknown"
  },
  {
    "title": "Investors & Media HomeNews & EventsPress ReleasesEvents & PresentationsStock InformationStock Quote & ChartHistoric Price LookupAnalyst CoverageTax In",
    "link": "https://ir.kezarlifesciences.com/investors-media",
    "timestamp": "unknown"
  },
  {
    "title": "Investors & Media Home",
    "link": "https://ir.kezarlifesciences.com/investors-media",
    "timestamp": "unknown"
  },
  {
    "title": "News & EventsPress ReleasesEvents & Presentations",
    "link": "https://ir.kezarlifesciences.com/news-events/press-releases",
    "timestamp": "unknown"
  },
  {
    "title": "Press Releases",
    "link": "https://ir.kezarlifesciences.com/news-events/press-releases",
    "timestamp": "unknown"
  },
  {
    "title": "Events & Presentations",
    "link": "https://ir.kezarlifesciences.com/news-events/events-presentations",
    "timestamp": "unknown"
  },
  {
    "title": "Stock InformationStock Quote & ChartHistoric Price LookupAnalyst CoverageTax Information",
    "link": "https://ir.kezarlifesciences.com/stock-information/stock-quote-chart",
    "timestamp": "unknown"
  },
  {
    "title": "Stock Quote & Chart",
    "link": "https://ir.kezarlifesciences.com/stock-information/stock-quote-chart",
    "timestamp": "unknown"
  },
  {
    "title": "Historic Price Lookup",
    "link": "https://ir.kezarlifesciences.com/stock-information/historic-price-lookup",
    "timestamp": "unknown"
  },
  {
    "title": "Analyst Coverage",
    "link": "https://ir.kezarlifesciences.com/stock-information/analyst-coverage",
    "timestamp": "unknown"
  },
  {
    "title": "Tax Information",
    "link": "https://ir.kezarlifesciences.com/tax-information",
    "timestamp": "unknown"
  },
  {
    "title": "Financials & FilingsSEC Filings",
    "link": "https://ir.kezarlifesciences.com/financials-filings/sec-filings",
    "timestamp": "unknown"
  },
  {
    "title": "SEC Filings",
    "link": "https://ir.kezarlifesciences.com/financials-filings/sec-filings",
    "timestamp": "unknown"
  },
  {
    "title": "Corporate GovernanceDocuments & ChartersManagement TeamBoard of DirectorsCommittee Composition",
    "link": "https://ir.kezarlifesciences.com/corporate-governance/documents-charters",
    "timestamp": "unknown"
  },
  {
    "title": "Documents & Charters",
    "link": "https://ir.kezarlifesciences.com/corporate-governance/documents-charters",
    "timestamp": "unknown"
  },
  {
    "title": "Management Team",
    "link": "https://www.kezarlifesciences.com/about/team",
    "timestamp": "unknown"
  },
  {
    "title": "Board of Directors",
    "link": "https://www.kezarlifesciences.com/about/team/board-of-directors/",
    "timestamp": "unknown"
  },
  {
    "title": "Committee Composition",
    "link": "https://ir.kezarlifesciences.com/corporate-governance/committee-composition",
    "timestamp": "unknown"
  },
  {
    "title": "Investor ResourcesInvestor FAQsInvestor ContactEmail Alerts",
    "link": "https://ir.kezarlifesciences.com/investor-resources/investor-faqs",
    "timestamp": "unknown"
  },
  {
    "title": "Investor FAQs",
    "link": "https://ir.kezarlifesciences.com/investor-resources/investor-faqs",
    "timestamp": "unknown"
  },
  {
    "title": "Investor Contact",
    "link": "https://ir.kezarlifesciences.com/investor-resources/investor-contact",
    "timestamp": "unknown"
  },
  {
    "title": "Email Alerts",
    "link": "https://ir.kezarlifesciences.com/investor-resources/email-alerts",
    "timestamp": "unknown"
  },
  {
    "title": "contact@kezarbio.com() -Visit us on LinkedInVisit us on TwitterVisit us on YoutubeVisit us on Facebook",
    "link": "mailto:contact@kezarbio.com",
    "timestamp": "unknown"
  },
  {
    "title": "contact@kezarbio.com() -Visit us on LinkedInVisit us on TwitterVisit us on YoutubeVisit us on Facebook",
    "link": "mailto:contact@kezarbio.com",
    "timestamp": "unknown"
  },
  {
    "title": "contact@kezarbio.com() -Visit us on LinkedInVisit us on TwitterVisit us on YoutubeVisit us on Facebook",
    "link": "mailto:contact@kezarbio.com",
    "timestamp": "unknown"
  },
  {
    "title": "contact@kezarbio.com() -Visit us on LinkedInVisit us on TwitterVisit us on YoutubeVisit us on Facebook",
    "link": "mailto:contact@kezarbio.com",
    "timestamp": "unknown"
  },
  {
    "title": "contact@kezarbio.com() -",
    "link": "mailto:contact@kezarbio.com",
    "timestamp": "unknown"
  },
  {
    "title": "Visit us on LinkedInVisit us on TwitterVisit us on YoutubeVisit us on Facebook",
    "link": "https://www.linkedin.com/company/kezarlifesciences/",
    "timestamp": "unknown"
  },
  {
    "title": "Visit us on LinkedIn",
    "link": "https://www.linkedin.com/company/kezarlifesciences/",
    "timestamp": "unknown"
  },
  {
    "title": "Visit us on Twitter",
    "link": "https://twitter.com/KezarBio",
    "timestamp": "unknown"
  },
  {
    "title": "Visit us on Youtube",
    "link": "https://www.youtube.com/channel/UCYey0o6qXcSUPnQQD5i6LVw",
    "timestamp": "unknown"
  },
  {
    "title": "Visit us on Facebook",
    "link": "https://www.facebook.com/Kezarbio",
    "timestamp": "unknown"
  },
  {
    "title": "\u00a9 Kezar Life Sciences, Inc. All Rights Reserved.Privacy PolicyTerms of UseSite Map",
    "link": "https://www.kezarlifesciences.com/privacy-policy",
    "timestamp": "unknown"
  },
  {
    "title": "\u00a9 Kezar Life Sciences, Inc. All Rights Reserved.Privacy PolicyTerms of UseSite Map",
    "link": "https://www.kezarlifesciences.com/privacy-policy",
    "timestamp": "unknown"
  },
  {
    "title": "\u00a9 Kezar Life Sciences, Inc. All Rights Reserved.Privacy PolicyTerms of UseSite Map",
    "link": "https://www.kezarlifesciences.com/privacy-policy",
    "timestamp": "unknown"
  },
  {
    "title": "Privacy PolicyTerms of UseSite Map",
    "link": "https://www.kezarlifesciences.com/privacy-policy",
    "timestamp": "unknown"
  },
  {
    "title": "Privacy PolicyTerms of UseSite Map",
    "link": "https://www.kezarlifesciences.com/privacy-policy",
    "timestamp": "unknown"
  },
  {
    "title": "Privacy PolicyTerms of UseSite Map",
    "link": "https://www.kezarlifesciences.com/privacy-policy",
    "timestamp": "unknown"
  },
  {
    "title": "Privacy Policy",
    "link": "https://www.kezarlifesciences.com/privacy-policy",
    "timestamp": "unknown"
  },
  {
    "title": "Terms of Use",
    "link": "https://www.kezarlifesciences.com/terms-of-use",
    "timestamp": "unknown"
  },
  {
    "title": "Site Map",
    "link": "https://www.kezarlifesciences.com/site-map",
    "timestamp": "unknown"
  }
]