[
  {
    "title": "We are HiringContact UsSearch:Search ToggleToggle NavigationSearch:Search SubmitAboutAboutKezarOur CompanyOur TeamBoard of DirectorsContact UsPipeline",
    "link": "https://www.kezarlifesciences.com/careers/opportunities",
    "timestamp": "unknown"
  },
  {
    "title": "We are HiringContact UsSearch:Search ToggleToggle NavigationSearch:Search SubmitAboutAboutKezarOur CompanyOur TeamBoard of DirectorsContact UsPipeline",
    "link": "https://www.kezarlifesciences.com/careers/opportunities",
    "timestamp": "unknown"
  },
  {
    "title": "We are HiringContact UsSearch:Search Toggle",
    "link": "https://www.kezarlifesciences.com/careers/opportunities",
    "timestamp": "unknown"
  },
  {
    "title": "We are HiringContact UsSearch:Search Toggle",
    "link": "https://www.kezarlifesciences.com/careers/opportunities",
    "timestamp": "unknown"
  },
  {
    "title": "We are HiringContact UsSearch:Search Toggle",
    "link": "https://www.kezarlifesciences.com/careers/opportunities",
    "timestamp": "unknown"
  },
  {
    "title": "We are HiringContact UsSearch:Search Toggle",
    "link": "https://www.kezarlifesciences.com/careers/opportunities",
    "timestamp": "unknown"
  },
  {
    "title": "We are HiringContact UsSearch:Search Toggle",
    "link": "https://www.kezarlifesciences.com/careers/opportunities",
    "timestamp": "unknown"
  },
  {
    "title": "We are Hiring",
    "link": "https://www.kezarlifesciences.com/careers/opportunities",
    "timestamp": "unknown"
  },
  {
    "title": "Contact Us",
    "link": "https://www.kezarlifesciences.com/about/contact",
    "timestamp": "unknown"
  },
  {
    "title": "Toggle NavigationSearch:Search SubmitAboutAboutKezarOur CompanyOur TeamBoard of DirectorsContact UsPipelineOurPipelineOur PipelineZetomipzomib (KZR-)K",
    "link": "https://www.kezarlifesciences.com/",
    "timestamp": "unknown"
  },
  {
    "title": "Search:Search SubmitAboutAboutKezarOur CompanyOur TeamBoard of DirectorsContact UsPipelineOurPipelineOur PipelineZetomipzomib (KZR-)KZR-ScienceOurScie",
    "link": "https://www.kezarlifesciences.com/about",
    "timestamp": "unknown"
  },
  {
    "title": "AboutAboutKezarOur CompanyOur TeamBoard of DirectorsContact UsPipelineOurPipelineOur PipelineZetomipzomib (KZR-)KZR-ScienceOurScienceSelective Immunop",
    "link": "https://www.kezarlifesciences.com/about",
    "timestamp": "unknown"
  },
  {
    "title": "AboutKezarOur CompanyOur TeamBoard of DirectorsContact UsPipelineOurPipelineOur PipelineZetomipzomib (KZR-)KZR-ScienceOurScienceSelective Immunoprotea",
    "link": "https://www.kezarlifesciences.com/about",
    "timestamp": "unknown"
  },
  {
    "title": "AboutKezarOur CompanyOur TeamBoard of DirectorsContact Us",
    "link": "https://www.kezarlifesciences.com/about",
    "timestamp": "unknown"
  },
  {
    "title": "AboutKezar",
    "link": "https://www.kezarlifesciences.com/about",
    "timestamp": "unknown"
  },
  {
    "title": "Our Company",
    "link": "https://www.kezarlifesciences.com/about/company",
    "timestamp": "unknown"
  },
  {
    "title": "Our Team",
    "link": "https://www.kezarlifesciences.com/about/team/",
    "timestamp": "unknown"
  },
  {
    "title": "Board of Directors",
    "link": "https://www.kezarlifesciences.com/about/team/board-of-directors/",
    "timestamp": "unknown"
  },
  {
    "title": "Contact Us",
    "link": "https://www.kezarlifesciences.com/about/contact",
    "timestamp": "unknown"
  },
  {
    "title": "PipelineOurPipelineOur PipelineZetomipzomib (KZR-)KZR-ScienceOurScienceSelective Immunoproteasome InhibitionProtein Secretion InhibitionScientific Pub",
    "link": "https://www.kezarlifesciences.com/pipeline",
    "timestamp": "unknown"
  },
  {
    "title": "OurPipelineOur PipelineZetomipzomib (KZR-)KZR-ScienceOurScienceSelective Immunoproteasome InhibitionProtein Secretion InhibitionScientific Publication",
    "link": "https://www.kezarlifesciences.com/pipeline",
    "timestamp": "unknown"
  },
  {
    "title": "OurPipelineOur PipelineZetomipzomib (KZR-)KZR-",
    "link": "https://www.kezarlifesciences.com/pipeline",
    "timestamp": "unknown"
  },
  {
    "title": "OurPipeline",
    "link": "https://www.kezarlifesciences.com/pipeline",
    "timestamp": "unknown"
  },
  {
    "title": "Our Pipeline",
    "link": "https://www.kezarlifesciences.com/pipeline",
    "timestamp": "unknown"
  },
  {
    "title": "Zetomipzomib (KZR-)",
    "link": "https://www.kezarlifesciences.com/pipeline/zetomipzomib",
    "timestamp": "unknown"
  },
  {
    "title": "KZR-",
    "link": "https://www.kezarlifesciences.com/pipeline/kzr-",
    "timestamp": "unknown"
  },
  {
    "title": "ScienceOurScienceSelective Immunoproteasome InhibitionProtein Secretion InhibitionScientific PublicationsPatientsOurPatientsDisease EducationPatient A",
    "link": "https://www.kezarlifesciences.com/science",
    "timestamp": "unknown"
  },
  {
    "title": "OurScienceSelective Immunoproteasome InhibitionProtein Secretion InhibitionScientific PublicationsPatientsOurPatientsDisease EducationPatient Advocacy",
    "link": "https://www.kezarlifesciences.com/science",
    "timestamp": "unknown"
  },
  {
    "title": "OurScienceSelective Immunoproteasome InhibitionProtein Secretion InhibitionScientific Publications",
    "link": "https://www.kezarlifesciences.com/science",
    "timestamp": "unknown"
  },
  {
    "title": "OurScience",
    "link": "https://www.kezarlifesciences.com/science",
    "timestamp": "unknown"
  },
  {
    "title": "Selective Immunoproteasome Inhibition",
    "link": "https://www.kezarlifesciences.com/science/selective-immunoproteasome-inhibition",
    "timestamp": "unknown"
  },
  {
    "title": "Protein Secretion Inhibition",
    "link": "https://www.kezarlifesciences.com/science/protein-secretion-inhibition",
    "timestamp": "unknown"
  },
  {
    "title": "Scientific Publications",
    "link": "https://www.kezarlifesciences.com/science/publications",
    "timestamp": "unknown"
  },
  {
    "title": "PatientsOurPatientsDisease EducationPatient AdvocacyClinical TrialsInvestors & MediaInvestorsMediaInvestors & Media HomeNews & EventsPress ReleasesEve",
    "link": "https://www.kezarlifesciences.com/patients",
    "timestamp": "unknown"
  },
  {
    "title": "OurPatientsDisease EducationPatient AdvocacyClinical TrialsInvestors & MediaInvestorsMediaInvestors & Media HomeNews & EventsPress ReleasesEvents & Pr",
    "link": "https://www.kezarlifesciences.com/patients",
    "timestamp": "unknown"
  },
  {
    "title": "OurPatientsDisease EducationPatient AdvocacyClinical Trials",
    "link": "https://www.kezarlifesciences.com/patients",
    "timestamp": "unknown"
  },
  {
    "title": "OurPatients",
    "link": "https://www.kezarlifesciences.com/patients",
    "timestamp": "unknown"
  },
  {
    "title": "Disease Education",
    "link": "https://www.kezarlifesciences.com/patients/education",
    "timestamp": "unknown"
  },
  {
    "title": "Patient Advocacy",
    "link": "https://www.kezarlifesciences.com/patients/advocacy",
    "timestamp": "unknown"
  },
  {
    "title": "Clinical Trials",
    "link": "https://www.kezarlifesciences.com/patients/clinical-trials",
    "timestamp": "unknown"
  },
  {
    "title": "Investors & MediaInvestorsMediaInvestors & Media HomeNews & EventsPress ReleasesEvents & PresentationsStock InformationStock Quote & ChartHistoric Pri",
    "link": "https://ir.kezarlifesciences.com/investors-media",
    "timestamp": "unknown"
  },
  {
    "title": "InvestorsMediaInvestors & Media HomeNews & EventsPress ReleasesEvents & PresentationsStock InformationStock Quote & ChartHistoric Price LookupAnalyst ",
    "link": "https://ir.kezarlifesciences.com/investors-media",
    "timestamp": "unknown"
  },
  {
    "title": "InvestorsMediaInvestors & Media HomeNews & EventsPress ReleasesEvents & PresentationsStock InformationStock Quote & ChartHistoric Price LookupAnalyst ",
    "link": "https://ir.kezarlifesciences.com/investors-media",
    "timestamp": "unknown"
  },
  {
    "title": "InvestorsMedia",
    "link": "https://ir.kezarlifesciences.com/investors-media",
    "timestamp": "unknown"
  },
  {
    "title": "Investors & Media Home",
    "link": "https://ir.kezarlifesciences.com/investors-media",
    "timestamp": "unknown"
  },
  {
    "title": "News & EventsPress ReleasesEvents & Presentations",
    "link": "https://ir.kezarlifesciences.com/news-events/press-releases",
    "timestamp": "unknown"
  },
  {
    "title": "Press ReleasesEvents & Presentations",
    "link": "https://ir.kezarlifesciences.com/news-events/press-releases",
    "timestamp": "unknown"
  },
  {
    "title": "Press ReleasesEvents & Presentations",
    "link": "https://ir.kezarlifesciences.com/news-events/press-releases",
    "timestamp": "unknown"
  },
  {
    "title": "Press Releases",
    "link": "https://ir.kezarlifesciences.com/news-events/press-releases",
    "timestamp": "unknown"
  },
  {
    "title": "Events & Presentations",
    "link": "https://ir.kezarlifesciences.com/news-events/events-presentations",
    "timestamp": "unknown"
  },
  {
    "title": "Stock InformationStock Quote & ChartHistoric Price LookupAnalyst CoverageTax Information",
    "link": "https://ir.kezarlifesciences.com/stock-information/stock-quote-chart",
    "timestamp": "unknown"
  },
  {
    "title": "Stock Quote & ChartHistoric Price LookupAnalyst CoverageTax Information",
    "link": "https://ir.kezarlifesciences.com/stock-information/stock-quote-chart",
    "timestamp": "unknown"
  },
  {
    "title": "Stock Quote & ChartHistoric Price LookupAnalyst CoverageTax Information",
    "link": "https://ir.kezarlifesciences.com/stock-information/stock-quote-chart",
    "timestamp": "unknown"
  },
  {
    "title": "Stock Quote & Chart",
    "link": "https://ir.kezarlifesciences.com/stock-information/stock-quote-chart",
    "timestamp": "unknown"
  },
  {
    "title": "Historic Price Lookup",
    "link": "https://ir.kezarlifesciences.com/stock-information/historic-price-lookup",
    "timestamp": "unknown"
  },
  {
    "title": "Analyst Coverage",
    "link": "https://ir.kezarlifesciences.com/stock-information/analyst-coverage",
    "timestamp": "unknown"
  },
  {
    "title": "Tax Information",
    "link": "https://ir.kezarlifesciences.com/tax-information",
    "timestamp": "unknown"
  },
  {
    "title": "Financials & FilingsSEC Filings",
    "link": "https://ir.kezarlifesciences.com/financials-filings/sec-filings",
    "timestamp": "unknown"
  },
  {
    "title": "SEC Filings",
    "link": "https://ir.kezarlifesciences.com/financials-filings/sec-filings",
    "timestamp": "unknown"
  },
  {
    "title": "SEC Filings",
    "link": "https://ir.kezarlifesciences.com/financials-filings/sec-filings",
    "timestamp": "unknown"
  },
  {
    "title": "SEC Filings",
    "link": "https://ir.kezarlifesciences.com/financials-filings/sec-filings",
    "timestamp": "unknown"
  },
  {
    "title": "Corporate GovernanceDocuments & ChartersManagement TeamBoard of DirectorsCommittee Composition",
    "link": "https://ir.kezarlifesciences.com/corporate-governance/documents-charters",
    "timestamp": "unknown"
  },
  {
    "title": "Documents & ChartersManagement TeamBoard of DirectorsCommittee Composition",
    "link": "https://ir.kezarlifesciences.com/corporate-governance/documents-charters",
    "timestamp": "unknown"
  },
  {
    "title": "Documents & ChartersManagement TeamBoard of DirectorsCommittee Composition",
    "link": "https://ir.kezarlifesciences.com/corporate-governance/documents-charters",
    "timestamp": "unknown"
  },
  {
    "title": "Documents & Charters",
    "link": "https://ir.kezarlifesciences.com/corporate-governance/documents-charters",
    "timestamp": "unknown"
  },
  {
    "title": "Management Team",
    "link": "https://www.kezarlifesciences.com/about/team",
    "timestamp": "unknown"
  },
  {
    "title": "Board of Directors",
    "link": "https://www.kezarlifesciences.com/about/team/board-of-directors/",
    "timestamp": "unknown"
  },
  {
    "title": "Committee Composition",
    "link": "https://ir.kezarlifesciences.com/corporate-governance/committee-composition",
    "timestamp": "unknown"
  },
  {
    "title": "Investor ResourcesInvestor FAQsInvestor ContactEmail Alerts",
    "link": "https://ir.kezarlifesciences.com/investor-resources/investor-faqs",
    "timestamp": "unknown"
  },
  {
    "title": "Investor FAQsInvestor ContactEmail Alerts",
    "link": "https://ir.kezarlifesciences.com/investor-resources/investor-faqs",
    "timestamp": "unknown"
  },
  {
    "title": "Investor FAQsInvestor ContactEmail Alerts",
    "link": "https://ir.kezarlifesciences.com/investor-resources/investor-faqs",
    "timestamp": "unknown"
  },
  {
    "title": "Investor FAQs",
    "link": "https://ir.kezarlifesciences.com/investor-resources/investor-faqs",
    "timestamp": "unknown"
  },
  {
    "title": "Investor Contact",
    "link": "https://ir.kezarlifesciences.com/investor-resources/investor-contact",
    "timestamp": "unknown"
  },
  {
    "title": "Email Alerts",
    "link": "https://ir.kezarlifesciences.com/investor-resources/email-alerts",
    "timestamp": "unknown"
  },
  {
    "title": "CareersKezarCareersJoin Our TeamJob Opportunities",
    "link": "https://www.kezarlifesciences.com/careers/",
    "timestamp": "unknown"
  },
  {
    "title": "KezarCareersJoin Our TeamJob Opportunities",
    "link": "https://ir.kezarlifesciences.com/news-events/events-presentations",
    "timestamp": "unknown"
  },
  {
    "title": "KezarCareersJoin Our TeamJob Opportunities",
    "link": "https://ir.kezarlifesciences.com/news-events/events-presentations",
    "timestamp": "unknown"
  },
  {
    "title": "KezarCareers",
    "link": "https://ir.kezarlifesciences.com/news-events/events-presentations",
    "timestamp": "unknown"
  },
  {
    "title": "Join Our Team",
    "link": "https://www.kezarlifesciences.com/careers/",
    "timestamp": "unknown"
  },
  {
    "title": "Job Opportunities",
    "link": "https://www.kezarlifesciences.com/careers/opportunities/",
    "timestamp": "unknown"
  },
  {
    "title": "Corporate PresentationsCorporate Presentation - JulyPast EventsJefferies Global Healthcare ConferenceJune ,  at  EDTClick here for webcastPORTOLA Topl",
    "link": "https://ir.kezarlifesciences.com/static-files/8417caa2-d917-4ec8-9f5e-ffcd8d33edc3",
    "timestamp": "unknown"
  },
  {
    "title": "Corporate PresentationsCorporate Presentation - JulyPast EventsJefferies Global Healthcare ConferenceJune ,  at  EDTClick here for webcastPORTOLA Topl",
    "link": "https://ir.kezarlifesciences.com/static-files/8417caa2-d917-4ec8-9f5e-ffcd8d33edc3",
    "timestamp": "unknown"
  },
  {
    "title": "Corporate PresentationsCorporate Presentation - JulyPast EventsJefferies Global Healthcare ConferenceJune ,  at  EDTClick here for webcastPORTOLA Topl",
    "link": "https://ir.kezarlifesciences.com/static-files/8417caa2-d917-4ec8-9f5e-ffcd8d33edc3",
    "timestamp": "unknown"
  },
  {
    "title": "Corporate PresentationsCorporate Presentation - JulyPast EventsJefferies Global Healthcare ConferenceJune ,  at  EDTClick here for webcastPORTOLA Topl",
    "link": "https://ir.kezarlifesciences.com/static-files/8417caa2-d917-4ec8-9f5e-ffcd8d33edc3",
    "timestamp": "unknown"
  },
  {
    "title": "Corporate PresentationsCorporate Presentation - JulyPast EventsJefferies Global Healthcare ConferenceJune ,  at  EDTClick here for webcastPORTOLA Topl",
    "link": "https://ir.kezarlifesciences.com/static-files/8417caa2-d917-4ec8-9f5e-ffcd8d33edc3",
    "timestamp": "unknown"
  },
  {
    "title": "Corporate PresentationsCorporate Presentation - JulyPast EventsJefferies Global Healthcare ConferenceJune ,  at  EDTClick here for webcastPORTOLA Topl",
    "link": "https://ir.kezarlifesciences.com/static-files/8417caa2-d917-4ec8-9f5e-ffcd8d33edc3",
    "timestamp": "unknown"
  },
  {
    "title": "Corporate PresentationsCorporate Presentation - JulyPast EventsJefferies Global Healthcare ConferenceJune ,  at  EDTClick here for webcastPORTOLA Topl",
    "link": "https://ir.kezarlifesciences.com/static-files/8417caa2-d917-4ec8-9f5e-ffcd8d33edc3",
    "timestamp": "unknown"
  },
  {
    "title": "Corporate PresentationsCorporate Presentation - JulyPast EventsJefferies Global Healthcare ConferenceJune ,  at  EDTClick here for webcastPORTOLA Topl",
    "link": "https://ir.kezarlifesciences.com/static-files/8417caa2-d917-4ec8-9f5e-ffcd8d33edc3",
    "timestamp": "unknown"
  },
  {
    "title": "Corporate PresentationsCorporate Presentation - JulyPast EventsJefferies Global Healthcare ConferenceJune ,  at  EDTClick here for webcastPORTOLA Topl",
    "link": "https://ir.kezarlifesciences.com/static-files/8417caa2-d917-4ec8-9f5e-ffcd8d33edc3",
    "timestamp": "unknown"
  },
  {
    "title": "Corporate PresentationsCorporate Presentation - JulyPast EventsJefferies Global Healthcare ConferenceJune ,  at  EDTClick here for webcastPORTOLA Topl",
    "link": "https://ir.kezarlifesciences.com/static-files/8417caa2-d917-4ec8-9f5e-ffcd8d33edc3",
    "timestamp": "unknown"
  },
  {
    "title": "Corporate PresentationsCorporate Presentation - JulyPast EventsJefferies Global Healthcare ConferenceJune ,  at  EDTClick here for webcastPORTOLA Topl",
    "link": "https://ir.kezarlifesciences.com/static-files/8417caa2-d917-4ec8-9f5e-ffcd8d33edc3",
    "timestamp": "unknown"
  },
  {
    "title": "Corporate PresentationsCorporate Presentation - JulyPast EventsJefferies Global Healthcare ConferenceJune ,  at  EDTClick here for webcastPORTOLA Topl",
    "link": "https://ir.kezarlifesciences.com/static-files/8417caa2-d917-4ec8-9f5e-ffcd8d33edc3",
    "timestamp": "unknown"
  },
  {
    "title": "Corporate PresentationsCorporate Presentation - JulyPast EventsJefferies Global Healthcare ConferenceJune ,  at  EDTClick here for webcastPORTOLA Topl",
    "link": "https://ir.kezarlifesciences.com/static-files/8417caa2-d917-4ec8-9f5e-ffcd8d33edc3",
    "timestamp": "unknown"
  },
  {
    "title": "Corporate PresentationsCorporate Presentation - JulyPast EventsJefferies Global Healthcare ConferenceJune ,  at  EDTClick here for webcastPORTOLA Topl",
    "link": "https://ir.kezarlifesciences.com/static-files/8417caa2-d917-4ec8-9f5e-ffcd8d33edc3",
    "timestamp": "unknown"
  },
  {
    "title": "Corporate PresentationsCorporate Presentation - JulyPast EventsJefferies Global Healthcare ConferenceJune ,  at  EDTClick here for webcastPORTOLA Topl",
    "link": "https://ir.kezarlifesciences.com/static-files/8417caa2-d917-4ec8-9f5e-ffcd8d33edc3",
    "timestamp": "unknown"
  },
  {
    "title": "Corporate PresentationsCorporate Presentation - JulyPast EventsJefferies Global Healthcare ConferenceJune ,  at  EDTClick here for webcastPORTOLA Topl",
    "link": "https://ir.kezarlifesciences.com/static-files/8417caa2-d917-4ec8-9f5e-ffcd8d33edc3",
    "timestamp": "unknown"
  },
  {
    "title": "Corporate PresentationsCorporate Presentation - JulyPast EventsJefferies Global Healthcare ConferenceJune ,  at  EDTClick here for webcastPORTOLA Topl",
    "link": "https://ir.kezarlifesciences.com/static-files/8417caa2-d917-4ec8-9f5e-ffcd8d33edc3",
    "timestamp": "unknown"
  },
  {
    "title": "Corporate PresentationsCorporate Presentation - JulyPast EventsJefferies Global Healthcare ConferenceJune ,  at  EDTClick here for webcastPORTOLA Topl",
    "link": "https://ir.kezarlifesciences.com/static-files/8417caa2-d917-4ec8-9f5e-ffcd8d33edc3",
    "timestamp": "unknown"
  },
  {
    "title": "Corporate PresentationsCorporate Presentation - JulyPast EventsJefferies Global Healthcare ConferenceJune ,  at  EDTClick here for webcastPORTOLA Topl",
    "link": "https://ir.kezarlifesciences.com/static-files/8417caa2-d917-4ec8-9f5e-ffcd8d33edc3",
    "timestamp": "unknown"
  },
  {
    "title": "Corporate PresentationsCorporate Presentation - July",
    "link": "https://ir.kezarlifesciences.com/static-files/8417caa2-d917-4ec8-9f5e-ffcd8d33edc3",
    "timestamp": "unknown"
  },
  {
    "title": "Corporate PresentationsCorporate Presentation - July",
    "link": "https://ir.kezarlifesciences.com/static-files/8417caa2-d917-4ec8-9f5e-ffcd8d33edc3",
    "timestamp": "unknown"
  },
  {
    "title": "Corporate Presentation - July",
    "link": "https://ir.kezarlifesciences.com/static-files/8417caa2-d917-4ec8-9f5e-ffcd8d33edc3",
    "timestamp": "unknown"
  },
  {
    "title": "Corporate Presentation - July",
    "link": "https://ir.kezarlifesciences.com/static-files/8417caa2-d917-4ec8-9f5e-ffcd8d33edc3",
    "timestamp": "unknown"
  },
  {
    "title": "Corporate Presentation - July",
    "link": "https://ir.kezarlifesciences.com/static-files/8417caa2-d917-4ec8-9f5e-ffcd8d33edc3",
    "timestamp": "unknown"
  },
  {
    "title": "Corporate Presentation - July",
    "link": "https://ir.kezarlifesciences.com/static-files/8417caa2-d917-4ec8-9f5e-ffcd8d33edc3",
    "timestamp": "unknown"
  },
  {
    "title": "Corporate Presentation - July",
    "link": "https://ir.kezarlifesciences.com/static-files/8417caa2-d917-4ec8-9f5e-ffcd8d33edc3",
    "timestamp": "unknown"
  },
  {
    "title": "Corporate Presentation - July",
    "link": "https://ir.kezarlifesciences.com/static-files/8417caa2-d917-4ec8-9f5e-ffcd8d33edc3",
    "timestamp": "unknown"
  },
  {
    "title": "Past EventsJefferies Global Healthcare ConferenceJune ,  at  EDTClick here for webcastPORTOLA Topline Phase 2a Results in Autoimmune HepatitisMarch , ",
    "link": "https://ir.kezarlifesciences.com/events/event-details/jefferies-global-healthcare-conference-",
    "timestamp": "unknown"
  },
  {
    "title": "Past EventsJefferies Global Healthcare ConferenceJune ,  at  EDTClick here for webcastPORTOLA Topline Phase 2a Results in Autoimmune HepatitisMarch , ",
    "link": "https://ir.kezarlifesciences.com/events/event-details/jefferies-global-healthcare-conference-",
    "timestamp": "unknown"
  },
  {
    "title": "Jefferies Global Healthcare ConferenceJune ,  at  EDTClick here for webcastPORTOLA Topline Phase 2a Results in Autoimmune HepatitisMarch ,  at  EDTWeb",
    "link": "https://ir.kezarlifesciences.com/events/event-details/jefferies-global-healthcare-conference-",
    "timestamp": "unknown"
  },
  {
    "title": "Jefferies Global Healthcare ConferenceJune ,  at  EDTClick here for webcastPORTOLA Topline Phase 2a Results in Autoimmune HepatitisMarch ,  at  EDTWeb",
    "link": "https://ir.kezarlifesciences.com/events/event-details/jefferies-global-healthcare-conference-",
    "timestamp": "unknown"
  },
  {
    "title": "Jefferies Global Healthcare ConferenceJune ,  at  EDTClick here for webcast",
    "link": "https://ir.kezarlifesciences.com/events/event-details/jefferies-global-healthcare-conference-",
    "timestamp": "unknown"
  },
  {
    "title": "Jefferies Global Healthcare Conference",
    "link": "https://ir.kezarlifesciences.com/events/event-details/jefferies-global-healthcare-conference-",
    "timestamp": "unknown"
  },
  {
    "title": "Jefferies Global Healthcare Conference",
    "link": "https://ir.kezarlifesciences.com/events/event-details/jefferies-global-healthcare-conference-",
    "timestamp": "unknown"
  },
  {
    "title": "Jefferies Global Healthcare Conference",
    "link": "https://ir.kezarlifesciences.com/events/event-details/jefferies-global-healthcare-conference-",
    "timestamp": "unknown"
  },
  {
    "title": "Click here for webcast",
    "link": "https://wsw.com/webcast/jeff319/kzr/",
    "timestamp": "unknown"
  },
  {
    "title": "Click here for webcast",
    "link": "https://wsw.com/webcast/jeff319/kzr/",
    "timestamp": "unknown"
  },
  {
    "title": "Click here for webcast",
    "link": "https://wsw.com/webcast/jeff319/kzr/",
    "timestamp": "unknown"
  },
  {
    "title": "PORTOLA Topline Phase 2a Results in Autoimmune HepatitisMarch ,  at  EDTWebcastPresentation. MB",
    "link": "https://ir.kezarlifesciences.com/events/event-details/portola-topline-phase-2a-results-autoimmune-hepatitis",
    "timestamp": "unknown"
  },
  {
    "title": "PORTOLA Topline Phase 2a Results in Autoimmune Hepatitis",
    "link": "https://ir.kezarlifesciences.com/events/event-details/portola-topline-phase-2a-results-autoimmune-hepatitis",
    "timestamp": "unknown"
  },
  {
    "title": "PORTOLA Topline Phase 2a Results in Autoimmune Hepatitis",
    "link": "https://ir.kezarlifesciences.com/events/event-details/portola-topline-phase-2a-results-autoimmune-hepatitis",
    "timestamp": "unknown"
  },
  {
    "title": "PORTOLA Topline Phase 2a Results in Autoimmune Hepatitis",
    "link": "https://ir.kezarlifesciences.com/events/event-details/portola-topline-phase-2a-results-autoimmune-hepatitis",
    "timestamp": "unknown"
  },
  {
    "title": "Webcast",
    "link": "https://kezar-life-sciences-portola-phase-2a-topline-results.open-exchange.net/",
    "timestamp": "unknown"
  },
  {
    "title": "Webcast",
    "link": "https://kezar-life-sciences-portola-phase-2a-topline-results.open-exchange.net/",
    "timestamp": "unknown"
  },
  {
    "title": "Webcast",
    "link": "https://kezar-life-sciences-portola-phase-2a-topline-results.open-exchange.net/",
    "timestamp": "unknown"
  },
  {
    "title": "Presentation. MB",
    "link": "https://ir.kezarlifesciences.com/static-files/87845e1d--42c3-8da0-2371d073b0b5",
    "timestamp": "unknown"
  },
  {
    "title": "Presentation. MB",
    "link": "https://ir.kezarlifesciences.com/static-files/87845e1d--42c3-8da0-2371d073b0b5",
    "timestamp": "unknown"
  },
  {
    "title": "Presentation. MB",
    "link": "https://ir.kezarlifesciences.com/static-files/87845e1d--42c3-8da0-2371d073b0b5",
    "timestamp": "unknown"
  },
  {
    "title": "Presentation. MB",
    "link": "https://ir.kezarlifesciences.com/static-files/87845e1d--42c3-8da0-2371d073b0b5",
    "timestamp": "unknown"
  },
  {
    "title": "Presentation. MB",
    "link": "https://ir.kezarlifesciences.com/static-files/87845e1d--42c3-8da0-2371d073b0b5",
    "timestamp": "unknown"
  },
  {
    "title": "Presentation. MB",
    "link": "https://ir.kezarlifesciences.com/static-files/87845e1d--42c3-8da0-2371d073b0b5",
    "timestamp": "unknown"
  },
  {
    "title": "Presentation. MB",
    "link": "https://ir.kezarlifesciences.com/static-files/87845e1d--42c3-8da0-2371d073b0b5",
    "timestamp": "unknown"
  },
  {
    "title": "Presentation. MB",
    "link": "https://ir.kezarlifesciences.com/static-files/87845e1d--42c3-8da0-2371d073b0b5",
    "timestamp": "unknown"
  },
  {
    "title": "Presentation. MB",
    "link": "https://ir.kezarlifesciences.com/static-files/87845e1d--42c3-8da0-2371d073b0b5",
    "timestamp": "unknown"
  },
  {
    "title": "Presentation. MB",
    "link": "https://ir.kezarlifesciences.com/static-files/87845e1d--42c3-8da0-2371d073b0b5",
    "timestamp": "unknown"
  },
  {
    "title": "Kezar Virtual KOL Investor EventFebruary ,Click here for Zoom ReplayPresentation. MB",
    "link": "https://ir.kezarlifesciences.com/events/event-details/kezar-virtual-kol-investor-event",
    "timestamp": "unknown"
  },
  {
    "title": "Kezar Virtual KOL Investor Event",
    "link": "https://ir.kezarlifesciences.com/events/event-details/kezar-virtual-kol-investor-event",
    "timestamp": "unknown"
  },
  {
    "title": "Kezar Virtual KOL Investor Event",
    "link": "https://ir.kezarlifesciences.com/events/event-details/kezar-virtual-kol-investor-event",
    "timestamp": "unknown"
  },
  {
    "title": "Kezar Virtual KOL Investor Event",
    "link": "https://ir.kezarlifesciences.com/events/event-details/kezar-virtual-kol-investor-event",
    "timestamp": "unknown"
  },
  {
    "title": "Click here for Zoom Replay",
    "link": "https://williamblair.zoom.us/rec/share/JUQKGILlrv9H_DZ47YUz80tKSjbNkOAu4p6RVYjApf4h10JyljaK3ynrj1rD3y4Z.Mged398EzjGcp92h",
    "timestamp": "unknown"
  },
  {
    "title": "Click here for Zoom Replay",
    "link": "https://williamblair.zoom.us/rec/share/JUQKGILlrv9H_DZ47YUz80tKSjbNkOAu4p6RVYjApf4h10JyljaK3ynrj1rD3y4Z.Mged398EzjGcp92h",
    "timestamp": "unknown"
  },
  {
    "title": "Click here for Zoom Replay",
    "link": "https://williamblair.zoom.us/rec/share/JUQKGILlrv9H_DZ47YUz80tKSjbNkOAu4p6RVYjApf4h10JyljaK3ynrj1rD3y4Z.Mged398EzjGcp92h",
    "timestamp": "unknown"
  },
  {
    "title": "Presentation. MB",
    "link": "https://ir.kezarlifesciences.com/static-files/e7351ae4-0fc0-41e2-bac6-d11791c8e12f",
    "timestamp": "unknown"
  },
  {
    "title": "Presentation. MB",
    "link": "https://ir.kezarlifesciences.com/static-files/e7351ae4-0fc0-41e2-bac6-d11791c8e12f",
    "timestamp": "unknown"
  },
  {
    "title": "Presentation. MB",
    "link": "https://ir.kezarlifesciences.com/static-files/e7351ae4-0fc0-41e2-bac6-d11791c8e12f",
    "timestamp": "unknown"
  },
  {
    "title": "Presentation. MB",
    "link": "https://ir.kezarlifesciences.com/static-files/e7351ae4-0fc0-41e2-bac6-d11791c8e12f",
    "timestamp": "unknown"
  },
  {
    "title": "Presentation. MB",
    "link": "https://ir.kezarlifesciences.com/static-files/e7351ae4-0fc0-41e2-bac6-d11791c8e12f",
    "timestamp": "unknown"
  },
  {
    "title": "Presentation. MB",
    "link": "https://ir.kezarlifesciences.com/static-files/e7351ae4-0fc0-41e2-bac6-d11791c8e12f",
    "timestamp": "unknown"
  },
  {
    "title": "Presentation. MB",
    "link": "https://ir.kezarlifesciences.com/static-files/e7351ae4-0fc0-41e2-bac6-d11791c8e12f",
    "timestamp": "unknown"
  },
  {
    "title": "Presentation. MB",
    "link": "https://ir.kezarlifesciences.com/static-files/e7351ae4-0fc0-41e2-bac6-d11791c8e12f",
    "timestamp": "unknown"
  },
  {
    "title": "Presentation. MB",
    "link": "https://ir.kezarlifesciences.com/static-files/e7351ae4-0fc0-41e2-bac6-d11791c8e12f",
    "timestamp": "unknown"
  },
  {
    "title": "Presentation. MB",
    "link": "https://ir.kezarlifesciences.com/static-files/e7351ae4-0fc0-41e2-bac6-d11791c8e12f",
    "timestamp": "unknown"
  },
  {
    "title": "H.C. Wainwright 26th Annual Global Investment ConferenceSeptember ,  at  EDTClick here for webcastPresentation. MB",
    "link": "https://ir.kezarlifesciences.com/events/event-details/hc-wainwright-26th-annual-global-investment-conference",
    "timestamp": "unknown"
  },
  {
    "title": "H.C. Wainwright 26th Annual Global Investment Conference",
    "link": "https://ir.kezarlifesciences.com/events/event-details/hc-wainwright-26th-annual-global-investment-conference",
    "timestamp": "unknown"
  },
  {
    "title": "H.C. Wainwright 26th Annual Global Investment Conference",
    "link": "https://ir.kezarlifesciences.com/events/event-details/hc-wainwright-26th-annual-global-investment-conference",
    "timestamp": "unknown"
  },
  {
    "title": "H.C. Wainwright 26th Annual Global Investment Conference",
    "link": "https://ir.kezarlifesciences.com/events/event-details/hc-wainwright-26th-annual-global-investment-conference",
    "timestamp": "unknown"
  },
  {
    "title": "Click here for webcast",
    "link": "https://journey.ct.events/view/0bc57cc1-98d2-4c48-ab37-e06b1430cbae",
    "timestamp": "unknown"
  },
  {
    "title": "Click here for webcast",
    "link": "https://journey.ct.events/view/0bc57cc1-98d2-4c48-ab37-e06b1430cbae",
    "timestamp": "unknown"
  },
  {
    "title": "Click here for webcast",
    "link": "https://journey.ct.events/view/0bc57cc1-98d2-4c48-ab37-e06b1430cbae",
    "timestamp": "unknown"
  },
  {
    "title": "Presentation. MB",
    "link": "https://ir.kezarlifesciences.com/static-files/fdf669ba-aabd-4b61-90e2-247d5f664b2f",
    "timestamp": "unknown"
  },
  {
    "title": "Presentation. MB",
    "link": "https://ir.kezarlifesciences.com/static-files/fdf669ba-aabd-4b61-90e2-247d5f664b2f",
    "timestamp": "unknown"
  },
  {
    "title": "Presentation. MB",
    "link": "https://ir.kezarlifesciences.com/static-files/fdf669ba-aabd-4b61-90e2-247d5f664b2f",
    "timestamp": "unknown"
  },
  {
    "title": "Presentation. MB",
    "link": "https://ir.kezarlifesciences.com/static-files/fdf669ba-aabd-4b61-90e2-247d5f664b2f",
    "timestamp": "unknown"
  },
  {
    "title": "Presentation. MB",
    "link": "https://ir.kezarlifesciences.com/static-files/fdf669ba-aabd-4b61-90e2-247d5f664b2f",
    "timestamp": "unknown"
  },
  {
    "title": "Presentation. MB",
    "link": "https://ir.kezarlifesciences.com/static-files/fdf669ba-aabd-4b61-90e2-247d5f664b2f",
    "timestamp": "unknown"
  },
  {
    "title": "Presentation. MB",
    "link": "https://ir.kezarlifesciences.com/static-files/fdf669ba-aabd-4b61-90e2-247d5f664b2f",
    "timestamp": "unknown"
  },
  {
    "title": "Presentation. MB",
    "link": "https://ir.kezarlifesciences.com/static-files/fdf669ba-aabd-4b61-90e2-247d5f664b2f",
    "timestamp": "unknown"
  },
  {
    "title": "Presentation. MB",
    "link": "https://ir.kezarlifesciences.com/static-files/fdf669ba-aabd-4b61-90e2-247d5f664b2f",
    "timestamp": "unknown"
  },
  {
    "title": "Presentation. MB",
    "link": "https://ir.kezarlifesciences.com/static-files/fdf669ba-aabd-4b61-90e2-247d5f664b2f",
    "timestamp": "unknown"
  },
  {
    "title": "Jefferies Global Healthcare ConferenceJune ,  at  EDTClick here for webcast",
    "link": "https://ir.kezarlifesciences.com/events/event-details/jefferies-global-healthcare-conference",
    "timestamp": "unknown"
  },
  {
    "title": "Jefferies Global Healthcare Conference",
    "link": "https://ir.kezarlifesciences.com/events/event-details/jefferies-global-healthcare-conference",
    "timestamp": "unknown"
  },
  {
    "title": "Jefferies Global Healthcare Conference",
    "link": "https://ir.kezarlifesciences.com/events/event-details/jefferies-global-healthcare-conference",
    "timestamp": "unknown"
  },
  {
    "title": "Jefferies Global Healthcare Conference",
    "link": "https://ir.kezarlifesciences.com/events/event-details/jefferies-global-healthcare-conference",
    "timestamp": "unknown"
  },
  {
    "title": "Click here for webcast",
    "link": "https://wsw.com/webcast/jeff302/kzr/",
    "timestamp": "unknown"
  },
  {
    "title": "Click here for webcast",
    "link": "https://wsw.com/webcast/jeff302/kzr/",
    "timestamp": "unknown"
  },
  {
    "title": "Click here for webcast",
    "link": "https://wsw.com/webcast/jeff302/kzr/",
    "timestamp": "unknown"
  },
  {
    "title": "TD Cowen 44th Annual Health Care ConferenceMarch ,  at  ESTWebcast",
    "link": "https://ir.kezarlifesciences.com/events/event-details/td-cowen-44th-annual-health-care-conference",
    "timestamp": "unknown"
  },
  {
    "title": "TD Cowen 44th Annual Health Care Conference",
    "link": "https://ir.kezarlifesciences.com/events/event-details/td-cowen-44th-annual-health-care-conference",
    "timestamp": "unknown"
  },
  {
    "title": "TD Cowen 44th Annual Health Care Conference",
    "link": "https://ir.kezarlifesciences.com/events/event-details/td-cowen-44th-annual-health-care-conference",
    "timestamp": "unknown"
  },
  {
    "title": "TD Cowen 44th Annual Health Care Conference",
    "link": "https://ir.kezarlifesciences.com/events/event-details/td-cowen-44th-annual-health-care-conference",
    "timestamp": "unknown"
  },
  {
    "title": "Webcast",
    "link": "https://wsw.com/webcast/cowen154/register.aspx?conf=cowen154&page=panel3&url=https%3A//wsw.com/webcast/cowen154/panel3/",
    "timestamp": "unknown"
  },
  {
    "title": "Webcast",
    "link": "https://wsw.com/webcast/cowen154/register.aspx?conf=cowen154&page=panel3&url=https%3A//wsw.com/webcast/cowen154/panel3/",
    "timestamp": "unknown"
  },
  {
    "title": "Webcast",
    "link": "https://wsw.com/webcast/cowen154/register.aspx?conf=cowen154&page=panel3&url=https%3A//wsw.com/webcast/cowen154/panel3/",
    "timestamp": "unknown"
  },
  {
    "title": "6th Annual Evercore ISI HealthCONx ConferenceNovember ,  at  ESTWebcast",
    "link": "https://ir.kezarlifesciences.com/events/event-details/6th-annual-evercore-isi-healthconx-conference",
    "timestamp": "unknown"
  },
  {
    "title": "6th Annual Evercore ISI HealthCONx Conference",
    "link": "https://ir.kezarlifesciences.com/events/event-details/6th-annual-evercore-isi-healthconx-conference",
    "timestamp": "unknown"
  },
  {
    "title": "6th Annual Evercore ISI HealthCONx Conference",
    "link": "https://ir.kezarlifesciences.com/events/event-details/6th-annual-evercore-isi-healthconx-conference",
    "timestamp": "unknown"
  },
  {
    "title": "6th Annual Evercore ISI HealthCONx Conference",
    "link": "https://ir.kezarlifesciences.com/events/event-details/6th-annual-evercore-isi-healthconx-conference",
    "timestamp": "unknown"
  },
  {
    "title": "Webcast",
    "link": "https://wsw.com/webcast/evercore39/register.aspx?conf=evercore39&page=kzr&url=https%3A//wsw.com/webcast/evercore39/kzr/",
    "timestamp": "unknown"
  },
  {
    "title": "Webcast",
    "link": "https://wsw.com/webcast/evercore39/register.aspx?conf=evercore39&page=kzr&url=https%3A//wsw.com/webcast/evercore39/kzr/",
    "timestamp": "unknown"
  },
  {
    "title": "Webcast",
    "link": "https://wsw.com/webcast/evercore39/register.aspx?conf=evercore39&page=kzr&url=https%3A//wsw.com/webcast/evercore39/kzr/",
    "timestamp": "unknown"
  },
  {
    "title": "H.C. Wainwright 25th Annual Global Investment ConferenceSeptember ,  at  EDTWebcastPresentationMB",
    "link": "https://ir.kezarlifesciences.com/events/event-details/hc-wainwright-25th-annual-global-investment-conference",
    "timestamp": "unknown"
  },
  {
    "title": "H.C. Wainwright 25th Annual Global Investment Conference",
    "link": "https://ir.kezarlifesciences.com/events/event-details/hc-wainwright-25th-annual-global-investment-conference",
    "timestamp": "unknown"
  },
  {
    "title": "H.C. Wainwright 25th Annual Global Investment Conference",
    "link": "https://ir.kezarlifesciences.com/events/event-details/hc-wainwright-25th-annual-global-investment-conference",
    "timestamp": "unknown"
  },
  {
    "title": "H.C. Wainwright 25th Annual Global Investment Conference",
    "link": "https://ir.kezarlifesciences.com/events/event-details/hc-wainwright-25th-annual-global-investment-conference",
    "timestamp": "unknown"
  },
  {
    "title": "Webcast",
    "link": "https://journey.ct.events/view/2b89b0ce-cc43-4d07-b446-1cc5016d13c7",
    "timestamp": "unknown"
  },
  {
    "title": "Webcast",
    "link": "https://journey.ct.events/view/2b89b0ce-cc43-4d07-b446-1cc5016d13c7",
    "timestamp": "unknown"
  },
  {
    "title": "Webcast",
    "link": "https://journey.ct.events/view/2b89b0ce-cc43-4d07-b446-1cc5016d13c7",
    "timestamp": "unknown"
  },
  {
    "title": "PresentationMB",
    "link": "https://ir.kezarlifesciences.com/static-files/-375a-48f5-b0f0-34a2ea7a0ef6",
    "timestamp": "unknown"
  },
  {
    "title": "PresentationMB",
    "link": "https://ir.kezarlifesciences.com/static-files/-375a-48f5-b0f0-34a2ea7a0ef6",
    "timestamp": "unknown"
  },
  {
    "title": "PresentationMB",
    "link": "https://ir.kezarlifesciences.com/static-files/-375a-48f5-b0f0-34a2ea7a0ef6",
    "timestamp": "unknown"
  },
  {
    "title": "PresentationMB",
    "link": "https://ir.kezarlifesciences.com/static-files/-375a-48f5-b0f0-34a2ea7a0ef6",
    "timestamp": "unknown"
  },
  {
    "title": "PresentationMB",
    "link": "https://ir.kezarlifesciences.com/static-files/-375a-48f5-b0f0-34a2ea7a0ef6",
    "timestamp": "unknown"
  },
  {
    "title": "PresentationMB",
    "link": "https://ir.kezarlifesciences.com/static-files/-375a-48f5-b0f0-34a2ea7a0ef6",
    "timestamp": "unknown"
  },
  {
    "title": "PresentationMB",
    "link": "https://ir.kezarlifesciences.com/static-files/-375a-48f5-b0f0-34a2ea7a0ef6",
    "timestamp": "unknown"
  },
  {
    "title": "PresentationMB",
    "link": "https://ir.kezarlifesciences.com/static-files/-375a-48f5-b0f0-34a2ea7a0ef6",
    "timestamp": "unknown"
  },
  {
    "title": "PresentationMB",
    "link": "https://ir.kezarlifesciences.com/static-files/-375a-48f5-b0f0-34a2ea7a0ef6",
    "timestamp": "unknown"
  },
  {
    "title": "PresentationMB",
    "link": "https://ir.kezarlifesciences.com/static-files/-375a-48f5-b0f0-34a2ea7a0ef6",
    "timestamp": "unknown"
  },
  {
    "title": "Morgan Stanley 21st Annual Global Healthcare ConferenceSeptember ,  at  EDTWebcast",
    "link": "https://ir.kezarlifesciences.com/events/event-details/morgan-stanley-21st-annual-global-healthcare-conference",
    "timestamp": "unknown"
  },
  {
    "title": "Morgan Stanley 21st Annual Global Healthcare Conference",
    "link": "https://ir.kezarlifesciences.com/events/event-details/morgan-stanley-21st-annual-global-healthcare-conference",
    "timestamp": "unknown"
  },
  {
    "title": "Morgan Stanley 21st Annual Global Healthcare Conference",
    "link": "https://ir.kezarlifesciences.com/events/event-details/morgan-stanley-21st-annual-global-healthcare-conference",
    "timestamp": "unknown"
  },
  {
    "title": "Morgan Stanley 21st Annual Global Healthcare Conference",
    "link": "https://ir.kezarlifesciences.com/events/event-details/morgan-stanley-21st-annual-global-healthcare-conference",
    "timestamp": "unknown"
  },
  {
    "title": "Webcast",
    "link": "https://event.webcasts.com/starthere.jsp?ei=&tp_key=31feb8adb2&tp_special=",
    "timestamp": "unknown"
  },
  {
    "title": "Webcast",
    "link": "https://event.webcasts.com/starthere.jsp?ei=&tp_key=31feb8adb2&tp_special=",
    "timestamp": "unknown"
  },
  {
    "title": "Webcast",
    "link": "https://event.webcasts.com/starthere.jsp?ei=&tp_key=31feb8adb2&tp_special=",
    "timestamp": "unknown"
  },
  {
    "title": "Wells Fargo Healthcare ConferenceSeptember ,  at  EDTWebcast",
    "link": "https://ir.kezarlifesciences.com/events/event-details/-wells-fargo-healthcare-conference",
    "timestamp": "unknown"
  },
  {
    "title": "Wells Fargo Healthcare Conference",
    "link": "https://ir.kezarlifesciences.com/events/event-details/-wells-fargo-healthcare-conference",
    "timestamp": "unknown"
  },
  {
    "title": "Wells Fargo Healthcare Conference",
    "link": "https://ir.kezarlifesciences.com/events/event-details/-wells-fargo-healthcare-conference",
    "timestamp": "unknown"
  },
  {
    "title": "Wells Fargo Healthcare Conference",
    "link": "https://ir.kezarlifesciences.com/events/event-details/-wells-fargo-healthcare-conference",
    "timestamp": "unknown"
  },
  {
    "title": "Webcast",
    "link": "https://event.webcasts.com/starthere.jsp?ei=&tp_key=22b39260e3&tp_special=",
    "timestamp": "unknown"
  },
  {
    "title": "Webcast",
    "link": "https://event.webcasts.com/starthere.jsp?ei=&tp_key=22b39260e3&tp_special=",
    "timestamp": "unknown"
  },
  {
    "title": "Webcast",
    "link": "https://event.webcasts.com/starthere.jsp?ei=&tp_key=22b39260e3&tp_special=",
    "timestamp": "unknown"
  },
  {
    "title": "PaginationCurrent pagePagePagePageNext pagenext \u203aLast pagelast \u00bb",
    "link": "https://ir.kezarlifesciences.com/news-events/events-presentations?page=%2C0%2C0",
    "timestamp": "unknown"
  },
  {
    "title": "Current page",
    "link": "https://ir.kezarlifesciences.com/news-events/events-presentations?page=%2C0%2C0",
    "timestamp": "unknown"
  },
  {
    "title": "Page",
    "link": "https://ir.kezarlifesciences.com/news-events/events-presentations?page=%2C1%2C0",
    "timestamp": "unknown"
  },
  {
    "title": "Page",
    "link": "https://ir.kezarlifesciences.com/news-events/events-presentations?page=%2C2%2C0",
    "timestamp": "unknown"
  },
  {
    "title": "Page",
    "link": "https://ir.kezarlifesciences.com/news-events/events-presentations?page=%2C3%2C0",
    "timestamp": "unknown"
  },
  {
    "title": "Next pagenext \u203a",
    "link": "https://ir.kezarlifesciences.com/news-events/events-presentations?page=%2C1%2C0",
    "timestamp": "unknown"
  },
  {
    "title": "Last pagelast \u00bb",
    "link": "https://ir.kezarlifesciences.com/news-events/events-presentations?page=%2C3%2C0",
    "timestamp": "unknown"
  },
  {
    "title": "Investors & MediaInvestors & Media HomeNews & EventsPress ReleasesEvents & PresentationsStock InformationStock Quote & ChartHistoric Price LookupAnaly",
    "link": "https://ir.kezarlifesciences.com/investors-media",
    "timestamp": "unknown"
  },
  {
    "title": "Investors & MediaInvestors & Media HomeNews & EventsPress ReleasesEvents & PresentationsStock InformationStock Quote & ChartHistoric Price LookupAnaly",
    "link": "https://ir.kezarlifesciences.com/investors-media",
    "timestamp": "unknown"
  },
  {
    "title": "Investors & Media HomeNews & EventsPress ReleasesEvents & PresentationsStock InformationStock Quote & ChartHistoric Price LookupAnalyst CoverageTax In",
    "link": "https://ir.kezarlifesciences.com/investors-media",
    "timestamp": "unknown"
  },
  {
    "title": "Investors & Media Home",
    "link": "https://ir.kezarlifesciences.com/investors-media",
    "timestamp": "unknown"
  },
  {
    "title": "News & EventsPress ReleasesEvents & Presentations",
    "link": "https://ir.kezarlifesciences.com/news-events/press-releases",
    "timestamp": "unknown"
  },
  {
    "title": "Press Releases",
    "link": "https://ir.kezarlifesciences.com/news-events/press-releases",
    "timestamp": "unknown"
  },
  {
    "title": "Events & Presentations",
    "link": "https://ir.kezarlifesciences.com/news-events/events-presentations",
    "timestamp": "unknown"
  },
  {
    "title": "Stock InformationStock Quote & ChartHistoric Price LookupAnalyst CoverageTax Information",
    "link": "https://ir.kezarlifesciences.com/stock-information/stock-quote-chart",
    "timestamp": "unknown"
  },
  {
    "title": "Stock Quote & Chart",
    "link": "https://ir.kezarlifesciences.com/stock-information/stock-quote-chart",
    "timestamp": "unknown"
  },
  {
    "title": "Historic Price Lookup",
    "link": "https://ir.kezarlifesciences.com/stock-information/historic-price-lookup",
    "timestamp": "unknown"
  },
  {
    "title": "Analyst Coverage",
    "link": "https://ir.kezarlifesciences.com/stock-information/analyst-coverage",
    "timestamp": "unknown"
  },
  {
    "title": "Tax Information",
    "link": "https://ir.kezarlifesciences.com/tax-information",
    "timestamp": "unknown"
  },
  {
    "title": "Financials & FilingsSEC Filings",
    "link": "https://ir.kezarlifesciences.com/financials-filings/sec-filings",
    "timestamp": "unknown"
  },
  {
    "title": "SEC Filings",
    "link": "https://ir.kezarlifesciences.com/financials-filings/sec-filings",
    "timestamp": "unknown"
  },
  {
    "title": "Corporate GovernanceDocuments & ChartersManagement TeamBoard of DirectorsCommittee Composition",
    "link": "https://ir.kezarlifesciences.com/corporate-governance/documents-charters",
    "timestamp": "unknown"
  },
  {
    "title": "Documents & Charters",
    "link": "https://ir.kezarlifesciences.com/corporate-governance/documents-charters",
    "timestamp": "unknown"
  },
  {
    "title": "Management Team",
    "link": "https://www.kezarlifesciences.com/about/team",
    "timestamp": "unknown"
  },
  {
    "title": "Board of Directors",
    "link": "https://www.kezarlifesciences.com/about/team/board-of-directors/",
    "timestamp": "unknown"
  },
  {
    "title": "Committee Composition",
    "link": "https://ir.kezarlifesciences.com/corporate-governance/committee-composition",
    "timestamp": "unknown"
  },
  {
    "title": "Investor ResourcesInvestor FAQsInvestor ContactEmail Alerts",
    "link": "https://ir.kezarlifesciences.com/investor-resources/investor-faqs",
    "timestamp": "unknown"
  },
  {
    "title": "Investor FAQs",
    "link": "https://ir.kezarlifesciences.com/investor-resources/investor-faqs",
    "timestamp": "unknown"
  },
  {
    "title": "Investor Contact",
    "link": "https://ir.kezarlifesciences.com/investor-resources/investor-contact",
    "timestamp": "unknown"
  },
  {
    "title": "Email Alerts",
    "link": "https://ir.kezarlifesciences.com/investor-resources/email-alerts",
    "timestamp": "unknown"
  },
  {
    "title": "contact@kezarbio.com() -Visit us on LinkedInVisit us on TwitterVisit us on YoutubeVisit us on Facebook",
    "link": "mailto:contact@kezarbio.com",
    "timestamp": "unknown"
  },
  {
    "title": "contact@kezarbio.com() -Visit us on LinkedInVisit us on TwitterVisit us on YoutubeVisit us on Facebook",
    "link": "mailto:contact@kezarbio.com",
    "timestamp": "unknown"
  },
  {
    "title": "contact@kezarbio.com() -Visit us on LinkedInVisit us on TwitterVisit us on YoutubeVisit us on Facebook",
    "link": "mailto:contact@kezarbio.com",
    "timestamp": "unknown"
  },
  {
    "title": "contact@kezarbio.com() -Visit us on LinkedInVisit us on TwitterVisit us on YoutubeVisit us on Facebook",
    "link": "mailto:contact@kezarbio.com",
    "timestamp": "unknown"
  },
  {
    "title": "contact@kezarbio.com() -",
    "link": "mailto:contact@kezarbio.com",
    "timestamp": "unknown"
  },
  {
    "title": "Visit us on LinkedInVisit us on TwitterVisit us on YoutubeVisit us on Facebook",
    "link": "https://www.linkedin.com/company/kezarlifesciences/",
    "timestamp": "unknown"
  },
  {
    "title": "Visit us on LinkedIn",
    "link": "https://www.linkedin.com/company/kezarlifesciences/",
    "timestamp": "unknown"
  },
  {
    "title": "Visit us on Twitter",
    "link": "https://twitter.com/KezarBio",
    "timestamp": "unknown"
  },
  {
    "title": "Visit us on Youtube",
    "link": "https://www.youtube.com/channel/UCYey0o6qXcSUPnQQD5i6LVw",
    "timestamp": "unknown"
  },
  {
    "title": "Visit us on Facebook",
    "link": "https://www.facebook.com/Kezarbio",
    "timestamp": "unknown"
  },
  {
    "title": "\u00a9 Kezar Life Sciences, Inc. All Rights Reserved.Privacy PolicyTerms of UseSite Map",
    "link": "https://www.kezarlifesciences.com/privacy-policy",
    "timestamp": "unknown"
  },
  {
    "title": "\u00a9 Kezar Life Sciences, Inc. All Rights Reserved.Privacy PolicyTerms of UseSite Map",
    "link": "https://www.kezarlifesciences.com/privacy-policy",
    "timestamp": "unknown"
  },
  {
    "title": "\u00a9 Kezar Life Sciences, Inc. All Rights Reserved.Privacy PolicyTerms of UseSite Map",
    "link": "https://www.kezarlifesciences.com/privacy-policy",
    "timestamp": "unknown"
  },
  {
    "title": "Privacy PolicyTerms of UseSite Map",
    "link": "https://www.kezarlifesciences.com/privacy-policy",
    "timestamp": "unknown"
  },
  {
    "title": "Privacy PolicyTerms of UseSite Map",
    "link": "https://www.kezarlifesciences.com/privacy-policy",
    "timestamp": "unknown"
  },
  {
    "title": "Privacy PolicyTerms of UseSite Map",
    "link": "https://www.kezarlifesciences.com/privacy-policy",
    "timestamp": "unknown"
  },
  {
    "title": "Privacy Policy",
    "link": "https://www.kezarlifesciences.com/privacy-policy",
    "timestamp": "unknown"
  },
  {
    "title": "Terms of Use",
    "link": "https://www.kezarlifesciences.com/terms-of-use",
    "timestamp": "unknown"
  },
  {
    "title": "Site Map",
    "link": "https://www.kezarlifesciences.com/site-map",
    "timestamp": "unknown"
  }
]