[
  {
    "title": "Find a Treatment CenterInvestor RelationsContact Us",
    "link": "https://www.kitepharma.com/patient-resources/find-a-treatment-center",
    "timestamp": "unknown"
  },
  {
    "title": "Find a Treatment CenterInvestor RelationsContact Us",
    "link": "https://www.kitepharma.com/patient-resources/find-a-treatment-center",
    "timestamp": "unknown"
  },
  {
    "title": "Find a Treatment CenterInvestor RelationsContact Us",
    "link": "https://www.kitepharma.com/patient-resources/find-a-treatment-center",
    "timestamp": "unknown"
  },
  {
    "title": "Find a Treatment CenterInvestor RelationsContact Us",
    "link": "https://www.kitepharma.com/patient-resources/find-a-treatment-center",
    "timestamp": "unknown"
  },
  {
    "title": "Find a Treatment Center",
    "link": "https://www.kitepharma.com/patient-resources/find-a-treatment-center",
    "timestamp": "unknown"
  },
  {
    "title": "Investor Relations",
    "link": "https://www.kitepharma.com/utility/investor-relations",
    "timestamp": "unknown"
  },
  {
    "title": "Contact Us",
    "link": "https://www.kitepharma.com/utility/contact-us",
    "timestamp": "unknown"
  },
  {
    "title": "About UsOur MissionOur StoryAreas of FocusLeadershipKite LocationsCell TherapyOur Cell Therapy TechnologyOur TherapiesPipelineTrials & Expanded Access",
    "link": "https://www.kitepharma.com/",
    "timestamp": "unknown"
  },
  {
    "title": "About UsOur MissionOur StoryAreas of FocusLeadershipKite LocationsCell TherapyOur Cell Therapy TechnologyOur TherapiesPipelineTrials & Expanded Access",
    "link": "https://www.kitepharma.com/",
    "timestamp": "unknown"
  },
  {
    "title": "About UsOur MissionOur StoryAreas of FocusLeadershipKite LocationsCell TherapyOur Cell Therapy TechnologyOur TherapiesPipelineTrials & Expanded Access",
    "link": "https://www.kitepharma.com/",
    "timestamp": "unknown"
  },
  {
    "title": "About UsOur MissionOur StoryAreas of FocusLeadershipKite LocationsCell TherapyOur Cell Therapy TechnologyOur TherapiesPipelineTrials & Expanded Access",
    "link": "https://www.kitepharma.com/",
    "timestamp": "unknown"
  },
  {
    "title": "About UsOur MissionOur StoryAreas of FocusLeadershipKite Locations",
    "link": "https://www.kitepharma.com/news/company-statements",
    "timestamp": "unknown"
  },
  {
    "title": "Our Mission",
    "link": "https://www.kitepharma.com/about-us/our-mission",
    "timestamp": "unknown"
  },
  {
    "title": "Our Story",
    "link": "https://www.kitepharma.com/about-us/our-story",
    "timestamp": "unknown"
  },
  {
    "title": "Areas of Focus",
    "link": "https://www.kitepharma.com/about-us/areas-of-focus",
    "timestamp": "unknown"
  },
  {
    "title": "Leadership",
    "link": "https://www.kitepharma.com/about-us/leadership",
    "timestamp": "unknown"
  },
  {
    "title": "Kite Locations",
    "link": "https://www.kitepharma.com/about-us/kite-locations",
    "timestamp": "unknown"
  },
  {
    "title": "Cell TherapyOur Cell Therapy TechnologyOur TherapiesPipelineTrials & Expanded AccessClinical Trial DiversityExternal Research Program (ERP)",
    "link": "https://www.kitepharma.com/news/company-statements",
    "timestamp": "unknown"
  },
  {
    "title": "Our Cell Therapy Technology",
    "link": "https://www.kitepharma.com/cell-therapy/cell-therapy-technology",
    "timestamp": "unknown"
  },
  {
    "title": "Our Therapies",
    "link": "https://www.kitepharma.com/cell-therapy/cancer-treatments",
    "timestamp": "unknown"
  },
  {
    "title": "Pipeline",
    "link": "https://www.kitepharma.com/cell-therapy/pipeline",
    "timestamp": "unknown"
  },
  {
    "title": "Trials & Expanded Access",
    "link": "https://www.kitepharma.com/cell-therapy/clinical-trials-and-access",
    "timestamp": "unknown"
  },
  {
    "title": "Clinical Trial Diversity",
    "link": "https://www.kitepharma.com/cell-therapy/clinical-trial-diversity",
    "timestamp": "unknown"
  },
  {
    "title": "External Research Program (ERP)",
    "link": "https://www.kitepharma.com/cell-therapy/external-research-program",
    "timestamp": "unknown"
  },
  {
    "title": "Patient ResourcesPatient StoriesOur Authorized Treatment CentersKite Konnect",
    "link": "https://www.kitepharma.com/news/company-statements",
    "timestamp": "unknown"
  },
  {
    "title": "Patient Stories",
    "link": "https://www.kitepharma.com/patient-resources/patient-stories",
    "timestamp": "unknown"
  },
  {
    "title": "Our Authorized Treatment Centers",
    "link": "https://www.kitepharma.com/patient-resources/find-a-treatment-center",
    "timestamp": "unknown"
  },
  {
    "title": "Kite Konnect",
    "link": "https://www.kitekonnect.com",
    "timestamp": "unknown"
  },
  {
    "title": "NewsroomNewsroomPress ReleasesCompany StatementsMedia Kit",
    "link": "https://www.kitepharma.com/news/company-statements",
    "timestamp": "unknown"
  },
  {
    "title": "Newsroom",
    "link": "https://www.kitepharma.com/news/newsroom",
    "timestamp": "unknown"
  },
  {
    "title": "Press Releases",
    "link": "https://www.kitepharma.com/news/press-releases",
    "timestamp": "unknown"
  },
  {
    "title": "Company Statements",
    "link": "https://www.kitepharma.com/news/company-statements",
    "timestamp": "unknown"
  },
  {
    "title": "Media Kit",
    "link": "https://www.kitepharma.com/news/media-kit",
    "timestamp": "unknown"
  },
  {
    "title": "CareersCareersVeteran CareersEarly Talent ProgramsCulture & Benefits",
    "link": "https://www.kitepharma.com/news/company-statements",
    "timestamp": "unknown"
  },
  {
    "title": "Careers",
    "link": "https://www.kitepharma.com/careers/careers-at-kite",
    "timestamp": "unknown"
  },
  {
    "title": "Veteran Careers",
    "link": "https://www.kitepharma.com/careers/veteran-careers-at-kite",
    "timestamp": "unknown"
  },
  {
    "title": "Early Talent Programs",
    "link": "https://www.kitepharma.com/careers/early-talent-programs-at-kite",
    "timestamp": "unknown"
  },
  {
    "title": "Culture & Benefits",
    "link": "https://www.kitepharma.com/careers/culture-and-benefits",
    "timestamp": "unknown"
  },
  {
    "title": "UtilityInvestor RelationsContact UsKite Konnect&#;",
    "link": "https://www.kitepharma.com/news/company-statements",
    "timestamp": "unknown"
  },
  {
    "title": "Investor Relations",
    "link": "https://www.kitepharma.com/utility/investor-relations",
    "timestamp": "unknown"
  },
  {
    "title": "Contact Us",
    "link": "https://www.kitepharma.com/utility/contact-us",
    "timestamp": "unknown"
  },
  {
    "title": "Kite Konnect&#;",
    "link": "javascript:window.open(&#;https://www.kitekonnect.com&#;, &#;_blank&#;); void ;",
    "timestamp": "unknown"
  },
  {
    "title": "Contact UsFind a Treatment CenterInvestor Relations",
    "link": "https://www.kitepharma.com/utility/contact-us",
    "timestamp": "unknown"
  },
  {
    "title": "Contact Us",
    "link": "https://www.kitepharma.com/utility/contact-us",
    "timestamp": "unknown"
  },
  {
    "title": "Find a Treatment Center",
    "link": "https://www.kitepharma.com/patient-resources/find-a-treatment-center",
    "timestamp": "unknown"
  },
  {
    "title": "Investor Relations",
    "link": "https://www.kitepharma.com/utility/investor-relations",
    "timestamp": "unknown"
  },
  {
    "title": "Kite Appoints Gallia Levy, MD, PhD, as Global Head of Clinical Development and Laura Alquist as Global Head of Technical Operations",
    "link": "https://www.kitepharma.com/news/company-statements/kite-appoints-gallia-levy-md-phd-as-global-head-of-clinical-development-and-laura-alquist-as-global-head-of-technical-operations",
    "timestamp": "unknown"
  }
]