[
  {
    "title": "HomeAbout UsOur MissionOur TeamSciencePipelinePlatformPublicationsNewsContact UsSelect PageblogNews & UpdatesAlloSite Therapeutics launchesAug ,|Annou",
    "link": "https://allositetx.com/",
    "timestamp": "unknown"
  },
  {
    "title": "HomeAbout UsOur MissionOur TeamSciencePipelinePlatformPublicationsNewsContact UsSelect Page",
    "link": "https://allositetx.com/",
    "timestamp": "unknown"
  },
  {
    "title": "HomeAbout UsOur MissionOur TeamSciencePipelinePlatformPublicationsNewsContact UsSelect Page",
    "link": "https://allositetx.com/",
    "timestamp": "unknown"
  },
  {
    "title": "Home",
    "link": "https://allositetx.com/",
    "timestamp": "unknown"
  },
  {
    "title": "About UsOur MissionOur Team",
    "link": "https://allositetx.com/homepage",
    "timestamp": "unknown"
  },
  {
    "title": "Our Mission",
    "link": "https://allositetx.com/mission/",
    "timestamp": "unknown"
  },
  {
    "title": "Our Team",
    "link": "https://allositetx.com/team/",
    "timestamp": "unknown"
  },
  {
    "title": "SciencePipelinePlatformPublications",
    "link": "https://allositetx.com/homepage",
    "timestamp": "unknown"
  },
  {
    "title": "Pipeline",
    "link": "https://allositetx.com/pipeline/",
    "timestamp": "unknown"
  },
  {
    "title": "Platform",
    "link": "https://allositetx.com/platform/",
    "timestamp": "unknown"
  },
  {
    "title": "Publications",
    "link": "https://allositetx.com/publications/",
    "timestamp": "unknown"
  },
  {
    "title": "News",
    "link": "https://allositetx.com/news/",
    "timestamp": "unknown"
  },
  {
    "title": "Contact Us",
    "link": "https://allositetx.com/contactus/",
    "timestamp": "unknown"
  },
  {
    "title": "blogNews & UpdatesAlloSite Therapeutics launchesAug ,|AnnouncementMiami, FL, August , , (AllositeTx) \u2013  Bio, LLC (DBA Allosite Therapeutics), a pionee",
    "link": "https://allositetx.com//introducing-allosite-therapeutics-pioneering-innovations-in-biotechnology-for-transformative-kidney-therapeutics/",
    "timestamp": "unknown"
  },
  {
    "title": "blogNews & UpdatesAlloSite Therapeutics launchesAug ,|AnnouncementMiami, FL, August , , (AllositeTx) \u2013  Bio, LLC (DBA Allosite Therapeutics), a pionee",
    "link": "https://allositetx.com//introducing-allosite-therapeutics-pioneering-innovations-in-biotechnology-for-transformative-kidney-therapeutics/",
    "timestamp": "unknown"
  },
  {
    "title": "blogNews & UpdatesAlloSite Therapeutics launchesAug ,|AnnouncementMiami, FL, August , , (AllositeTx) \u2013  Bio, LLC (DBA Allosite Therapeutics), a pionee",
    "link": "https://allositetx.com//introducing-allosite-therapeutics-pioneering-innovations-in-biotechnology-for-transformative-kidney-therapeutics/",
    "timestamp": "unknown"
  },
  {
    "title": "blogNews & UpdatesAlloSite Therapeutics launchesAug ,|AnnouncementMiami, FL, August , , (AllositeTx) \u2013  Bio, LLC (DBA Allosite Therapeutics), a pionee",
    "link": "https://allositetx.com//introducing-allosite-therapeutics-pioneering-innovations-in-biotechnology-for-transformative-kidney-therapeutics/",
    "timestamp": "unknown"
  },
  {
    "title": "blogNews & UpdatesAlloSite Therapeutics launchesAug ,|AnnouncementMiami, FL, August , , (AllositeTx) \u2013  Bio, LLC (DBA Allosite Therapeutics), a pionee",
    "link": "https://allositetx.com//introducing-allosite-therapeutics-pioneering-innovations-in-biotechnology-for-transformative-kidney-therapeutics/",
    "timestamp": "unknown"
  },
  {
    "title": "blogNews & UpdatesAlloSite Therapeutics launchesAug ,|AnnouncementMiami, FL, August , , (AllositeTx) \u2013  Bio, LLC (DBA Allosite Therapeutics), a pionee",
    "link": "https://allositetx.com//introducing-allosite-therapeutics-pioneering-innovations-in-biotechnology-for-transformative-kidney-therapeutics/",
    "timestamp": "unknown"
  },
  {
    "title": "blogNews & UpdatesAlloSite Therapeutics launchesAug ,|AnnouncementMiami, FL, August , , (AllositeTx) \u2013  Bio, LLC (DBA Allosite Therapeutics), a pionee",
    "link": "https://allositetx.com//introducing-allosite-therapeutics-pioneering-innovations-in-biotechnology-for-transformative-kidney-therapeutics/",
    "timestamp": "unknown"
  },
  {
    "title": "AlloSite Therapeutics launchesAug ,|AnnouncementMiami, FL, August , , (AllositeTx) \u2013  Bio, LLC (DBA Allosite Therapeutics), a pioneering biotechnology",
    "link": "https://allositetx.com//introducing-allosite-therapeutics-pioneering-innovations-in-biotechnology-for-transformative-kidney-therapeutics/",
    "timestamp": "unknown"
  },
  {
    "title": "AlloSite Therapeutics launchesAug ,|AnnouncementMiami, FL, August , , (AllositeTx) \u2013  Bio, LLC (DBA Allosite Therapeutics), a pioneering biotechnology",
    "link": "https://allositetx.com//introducing-allosite-therapeutics-pioneering-innovations-in-biotechnology-for-transformative-kidney-therapeutics/",
    "timestamp": "unknown"
  },
  {
    "title": "AlloSite Therapeutics launchesAug ,|AnnouncementMiami, FL, August , , (AllositeTx) \u2013  Bio, LLC (DBA Allosite Therapeutics), a pioneering biotechnology",
    "link": "https://allositetx.com//introducing-allosite-therapeutics-pioneering-innovations-in-biotechnology-for-transformative-kidney-therapeutics/",
    "timestamp": "unknown"
  },
  {
    "title": "AlloSite Therapeutics launchesAug ,|AnnouncementMiami, FL, August , , (AllositeTx) \u2013  Bio, LLC (DBA Allosite Therapeutics), a pioneering biotechnology",
    "link": "https://allositetx.com//introducing-allosite-therapeutics-pioneering-innovations-in-biotechnology-for-transformative-kidney-therapeutics/",
    "timestamp": "unknown"
  },
  {
    "title": "AlloSite Therapeutics launchesAug ,|AnnouncementMiami, FL, August , , (AllositeTx) \u2013  Bio, LLC (DBA Allosite Therapeutics), a pioneering biotechnology",
    "link": "https://allositetx.com//introducing-allosite-therapeutics-pioneering-innovations-in-biotechnology-for-transformative-kidney-therapeutics/",
    "timestamp": "unknown"
  },
  {
    "title": "Aug ,|Announcement",
    "link": "https://allositetx.com/category/announcement/",
    "timestamp": "unknown"
  },
  {
    "title": "Miami, FL, August , , (AllositeTx) \u2013  Bio, LLC (DBA Allosite Therapeutics), a pioneering biotechnology company, announced launch of its updated websit",
    "link": "https://allositetx.com//introducing-allosite-therapeutics-pioneering-innovations-in-biotechnology-for-transformative-kidney-therapeutics/",
    "timestamp": "unknown"
  },
  {
    "title": "Acquisition of clinical stage integrin activator program from Gossamer BioFeb ,|Press ReleaseBio, LLC, a clinical-stage therapeutics company focused o",
    "link": "https://allositetx.com//-bio-announces-acquisition-of-clinical-stage-integrin-activator-program-from-gossamer-bio/",
    "timestamp": "unknown"
  },
  {
    "title": "Feb ,|Press Release",
    "link": "https://allositetx.com/category/press-release/",
    "timestamp": "unknown"
  },
  {
    "title": "Bio, LLC, a clinical-stage therapeutics company focused on developing breakthrough treatments for kidney diseases and other immune conditions with hig",
    "link": "https://allositetx.com//-bio-announces-acquisition-of-clinical-stage-integrin-activator-program-from-gossamer-bio/",
    "timestamp": "unknown"
  },
  {
    "title": "Nomination of integrin \u03b13\u03b21 as a target for its unique agonist antibodies as therapeutics for kidney diseaseOct ,|Press ReleaseBio, LLC has announced ",
    "link": "https://allositetx.com//press1/",
    "timestamp": "unknown"
  },
  {
    "title": "Oct ,|Press Release",
    "link": "https://allositetx.com/category/press-release/",
    "timestamp": "unknown"
  },
  {
    "title": "Bio, LLC has announced its therapeutic target for kidney diseases as integrin heterodimer alpha3beta1 (\u03b13\u03b21) that is highly expressed on kidney podocy",
    "link": "https://allositetx.com//press1/",
    "timestamp": "unknown"
  },
  {
    "title": "CompanyHomeAbout UsOur MissionOur TeamSciencePipelinePlatformPublicationsNewsContact UsContactcorporate@allositetx.comNW 7th Ave SteMiami, FL , USAFol",
    "link": "https://allositetx.com/",
    "timestamp": "unknown"
  },
  {
    "title": "CompanyHomeAbout UsOur MissionOur TeamSciencePipelinePlatformPublicationsNewsContact UsContactcorporate@allositetx.comNW 7th Ave SteMiami, FL , USAFol",
    "link": "https://allositetx.com/",
    "timestamp": "unknown"
  },
  {
    "title": "CompanyHomeAbout UsOur MissionOur TeamSciencePipelinePlatformPublicationsNewsContact Us",
    "link": "https://allositetx.com/",
    "timestamp": "unknown"
  },
  {
    "title": "HomeAbout UsOur MissionOur TeamSciencePipelinePlatformPublicationsNewsContact Us",
    "link": "https://allositetx.com/",
    "timestamp": "unknown"
  },
  {
    "title": "HomeAbout UsOur MissionOur TeamSciencePipelinePlatformPublicationsNewsContact Us",
    "link": "https://allositetx.com/",
    "timestamp": "unknown"
  },
  {
    "title": "HomeAbout UsOur MissionOur TeamSciencePipelinePlatformPublicationsNewsContact Us",
    "link": "https://allositetx.com/",
    "timestamp": "unknown"
  },
  {
    "title": "HomeAbout UsOur MissionOur TeamSciencePipelinePlatformPublicationsNewsContact Us",
    "link": "https://allositetx.com/",
    "timestamp": "unknown"
  },
  {
    "title": "Home",
    "link": "https://allositetx.com/",
    "timestamp": "unknown"
  },
  {
    "title": "About UsOur MissionOur Team",
    "link": "https://allositetx.com/homepage",
    "timestamp": "unknown"
  },
  {
    "title": "Our Mission",
    "link": "https://allositetx.com/mission/",
    "timestamp": "unknown"
  },
  {
    "title": "Our Team",
    "link": "https://allositetx.com/team/",
    "timestamp": "unknown"
  },
  {
    "title": "SciencePipelinePlatformPublications",
    "link": "https://allositetx.com/homepage",
    "timestamp": "unknown"
  },
  {
    "title": "Pipeline",
    "link": "https://allositetx.com/pipeline/",
    "timestamp": "unknown"
  },
  {
    "title": "Platform",
    "link": "https://allositetx.com/platform/",
    "timestamp": "unknown"
  },
  {
    "title": "Publications",
    "link": "https://allositetx.com/publications/",
    "timestamp": "unknown"
  },
  {
    "title": "News",
    "link": "https://allositetx.com/news/",
    "timestamp": "unknown"
  },
  {
    "title": "Contact Us",
    "link": "https://allositetx.com/contactus/",
    "timestamp": "unknown"
  },
  {
    "title": "Contactcorporate@allositetx.comNW 7th Ave SteMiami, FL , USA",
    "link": "mailto:media@allositetx.mystagingwebsite.com",
    "timestamp": "unknown"
  },
  {
    "title": "corporate@allositetx.comNW 7th Ave SteMiami, FL , USA",
    "link": "mailto:media@allositetx.mystagingwebsite.com",
    "timestamp": "unknown"
  },
  {
    "title": "corporate@allositetx.comNW 7th Ave SteMiami, FL , USA",
    "link": "mailto:media@allositetx.mystagingwebsite.com",
    "timestamp": "unknown"
  },
  {
    "title": "corporate@allositetx.com",
    "link": "mailto:media@allositetx.mystagingwebsite.com",
    "timestamp": "unknown"
  },
  {
    "title": "Follow usFollowFollow",
    "link": "https://www.linkedin.com/company/149bio/",
    "timestamp": "unknown"
  },
  {
    "title": "Follow",
    "link": "https://www.linkedin.com/company/149bio/",
    "timestamp": "unknown"
  },
  {
    "title": "Follow",
    "link": "https://twitter.com/allositetx",
    "timestamp": "unknown"
  }
]