[
  {
    "title": "AboutMissionHistoryLeadershipBoard of DirectorsScientific AdvisorsContactScienceOverviewPublicationsPipelineOverviewPatient AccessInvestors & MediaOve",
    "link": "https://annexonbio.com/",
    "timestamp": "unknown"
  },
  {
    "title": "AboutMissionHistoryLeadershipBoard of DirectorsScientific AdvisorsContactScienceOverviewPublicationsPipelineOverviewPatient AccessInvestors & MediaOve",
    "link": "https://annexonbio.com/",
    "timestamp": "unknown"
  },
  {
    "title": "AboutMissionHistoryLeadershipBoard of DirectorsScientific AdvisorsContactScienceOverviewPublicationsPipelineOverviewPatient AccessInvestors & MediaOve",
    "link": "https://annexonbio.com/",
    "timestamp": "unknown"
  },
  {
    "title": "AboutMissionHistoryLeadershipBoard of DirectorsScientific AdvisorsContactScienceOverviewPublicationsPipelineOverviewPatient AccessInvestors & MediaOve",
    "link": "https://annexonbio.com/about/",
    "timestamp": "unknown"
  },
  {
    "title": "AboutMissionHistoryLeadershipBoard of DirectorsScientific AdvisorsContact",
    "link": "https://annexonbio.com/about/",
    "timestamp": "unknown"
  },
  {
    "title": "MissionHistoryLeadershipBoard of DirectorsScientific AdvisorsContact",
    "link": "https://annexonbio.com/about/#mission",
    "timestamp": "unknown"
  },
  {
    "title": "ScienceOverviewPublications",
    "link": "https://annexonbio.com/science",
    "timestamp": "unknown"
  },
  {
    "title": "OverviewPublications",
    "link": "https://annexonbio.com/science",
    "timestamp": "unknown"
  },
  {
    "title": "PipelineOverviewPatient Access",
    "link": "https://annexonbio.com/pipeline",
    "timestamp": "unknown"
  },
  {
    "title": "OverviewPatient Access",
    "link": "https://annexonbio.com/pipeline/",
    "timestamp": "unknown"
  },
  {
    "title": "Investors & MediaOverviewNews ReleasesEvents and PresentationsAnnual Reports & Proxy StatementsCorporate GovernanceStock InformationAnalyst CoverageSE",
    "link": "https://ir.annexonbio.com/",
    "timestamp": "unknown"
  },
  {
    "title": "OverviewNews ReleasesEvents and PresentationsAnnual Reports & Proxy StatementsCorporate GovernanceStock InformationAnalyst CoverageSEC FilingsFAQsIR C",
    "link": "https://ir.annexonbio.com/",
    "timestamp": "unknown"
  },
  {
    "title": "CareersOverviewValuesOur CultureJob OpportunitiesOur Benefits",
    "link": "https://annexonbio.com/careers",
    "timestamp": "unknown"
  },
  {
    "title": "OverviewValuesOur CultureJob OpportunitiesOur Benefits",
    "link": "https://ir.annexonbio.com/financial-information/sec-filings",
    "timestamp": "unknown"
  },
  {
    "title": "Governance OverviewBoard of DirectorsLeadershipCommittee CompositionSEC FilingsGroup,,Annual FilingsCurrent ReportsMergers & AcquisitionsOtherProxy Fi",
    "link": "https://ir.annexonbio.com/corporate-governance/governance-overview",
    "timestamp": "unknown"
  },
  {
    "title": "Governance OverviewBoard of DirectorsLeadershipCommittee Composition",
    "link": "https://ir.annexonbio.com/corporate-governance/governance-overview",
    "timestamp": "unknown"
  },
  {
    "title": "Governance OverviewBoard of DirectorsLeadershipCommittee Composition",
    "link": "https://ir.annexonbio.com/corporate-governance/governance-overview",
    "timestamp": "unknown"
  },
  {
    "title": "Governance OverviewBoard of DirectorsLeadershipCommittee Composition",
    "link": "https://ir.annexonbio.com/corporate-governance/governance-overview",
    "timestamp": "unknown"
  },
  {
    "title": "Governance OverviewBoard of DirectorsLeadershipCommittee Composition",
    "link": "https://ir.annexonbio.com/corporate-governance/governance-overview",
    "timestamp": "unknown"
  },
  {
    "title": "Governance OverviewBoard of DirectorsLeadershipCommittee Composition",
    "link": "https://ir.annexonbio.com/corporate-governance/governance-overview",
    "timestamp": "unknown"
  },
  {
    "title": "Governance OverviewBoard of DirectorsLeadershipCommittee Composition",
    "link": "https://ir.annexonbio.com/corporate-governance/governance-overview",
    "timestamp": "unknown"
  },
  {
    "title": "Governance Overview",
    "link": "https://ir.annexonbio.com/corporate-governance/governance-overview",
    "timestamp": "unknown"
  },
  {
    "title": "Board of Directors",
    "link": "https://annexonbio.com/about/#bod",
    "timestamp": "unknown"
  },
  {
    "title": "Leadership",
    "link": "https://annexonbio.com/about/#leadership",
    "timestamp": "unknown"
  },
  {
    "title": "Committee Composition",
    "link": "https://ir.annexonbio.com/corporate-governance/committee-composition",
    "timestamp": "unknown"
  },
  {
    "title": "SEC FilingsGroup,,Annual FilingsCurrent ReportsMergers & AcquisitionsOtherProxy FilingsQuarterly FilingsRegistration StatementsFiling year- Any -Items",
    "link": "https://ir.annexonbio.com/financial-information/sec-filings?items_per_page=&order=field_nir_sec_date_filed&sort=asc",
    "timestamp": "unknown"
  },
  {
    "title": "SEC FilingsGroup,,Annual FilingsCurrent ReportsMergers & AcquisitionsOtherProxy FilingsQuarterly FilingsRegistration StatementsFiling year- Any -Items",
    "link": "https://ir.annexonbio.com/financial-information/sec-filings?items_per_page=&order=field_nir_sec_date_filed&sort=asc",
    "timestamp": "unknown"
  },
  {
    "title": "SEC FilingsGroup,,Annual FilingsCurrent ReportsMergers & AcquisitionsOtherProxy FilingsQuarterly FilingsRegistration StatementsFiling year- Any -Items",
    "link": "https://ir.annexonbio.com/financial-information/sec-filings?items_per_page=&order=field_nir_sec_date_filed&sort=asc",
    "timestamp": "unknown"
  },
  {
    "title": "SEC FilingsGroup,,Annual FilingsCurrent ReportsMergers & AcquisitionsOtherProxy FilingsQuarterly FilingsRegistration StatementsFiling year- Any -Items",
    "link": "https://ir.annexonbio.com/financial-information/sec-filings?items_per_page=&order=field_nir_sec_date_filed&sort=asc",
    "timestamp": "unknown"
  },
  {
    "title": "SEC FilingsGroup,,Annual FilingsCurrent ReportsMergers & AcquisitionsOtherProxy FilingsQuarterly FilingsRegistration StatementsFiling year- Any -Items",
    "link": "https://ir.annexonbio.com/financial-information/sec-filings?items_per_page=&order=field_nir_sec_date_filed&sort=asc",
    "timestamp": "unknown"
  },
  {
    "title": "Group,,Annual FilingsCurrent ReportsMergers & AcquisitionsOtherProxy FilingsQuarterly FilingsRegistration StatementsFiling year- Any -Items per pageFi",
    "link": "https://ir.annexonbio.com/financial-information/sec-filings?items_per_page=&order=field_nir_sec_date_filed&sort=asc",
    "timestamp": "unknown"
  },
  {
    "title": "Group,,Annual FilingsCurrent ReportsMergers & AcquisitionsOtherProxy FilingsQuarterly FilingsRegistration StatementsFiling year- Any -Items per pageFi",
    "link": "https://ir.annexonbio.com/financial-information/sec-filings?items_per_page=&order=field_nir_sec_date_filed&sort=asc",
    "timestamp": "unknown"
  },
  {
    "title": "Group,,Annual FilingsCurrent ReportsMergers & AcquisitionsOtherProxy FilingsQuarterly FilingsRegistration StatementsFiling year- Any -Items per pageFi",
    "link": "https://ir.annexonbio.com/financial-information/sec-filings?items_per_page=&order=field_nir_sec_date_filed&sort=asc",
    "timestamp": "unknown"
  },
  {
    "title": "Group,,Annual FilingsCurrent ReportsMergers & AcquisitionsOtherProxy FilingsQuarterly FilingsRegistration StatementsFiling year- Any -Items per pageFi",
    "link": "https://ir.annexonbio.com/financial-information/sec-filings?items_per_page=&order=field_nir_sec_date_filed&sort=asc",
    "timestamp": "unknown"
  },
  {
    "title": "Group,,Annual FilingsCurrent ReportsMergers & AcquisitionsOtherProxy FilingsQuarterly FilingsRegistration StatementsFiling year- Any -Items per pageFi",
    "link": "https://ir.annexonbio.com/financial-information/sec-filings?items_per_page=&order=field_nir_sec_date_filed&sort=asc",
    "timestamp": "unknown"
  },
  {
    "title": "Group,,Annual FilingsCurrent ReportsMergers & AcquisitionsOtherProxy FilingsQuarterly FilingsRegistration StatementsFiling year- Any -Items per pageFi",
    "link": "https://ir.annexonbio.com/financial-information/sec-filings?items_per_page=&order=field_nir_sec_date_filed&sort=asc",
    "timestamp": "unknown"
  },
  {
    "title": "Group,,Annual FilingsCurrent ReportsMergers & AcquisitionsOtherProxy FilingsQuarterly FilingsRegistration StatementsFiling year- Any -Items per pageFi",
    "link": "https://ir.annexonbio.com/financial-information/sec-filings?items_per_page=&order=field_nir_sec_date_filed&sort=asc",
    "timestamp": "unknown"
  },
  {
    "title": "Group,,Annual FilingsCurrent ReportsMergers & AcquisitionsOtherProxy FilingsQuarterly FilingsRegistration StatementsFiling year- Any -Items per pageFi",
    "link": "https://ir.annexonbio.com/financial-information/sec-filings?items_per_page=&order=field_nir_sec_date_filed&sort=asc",
    "timestamp": "unknown"
  },
  {
    "title": "Group,,Annual FilingsCurrent ReportsMergers & AcquisitionsOtherProxy FilingsQuarterly FilingsRegistration StatementsFiling year- Any -Items per pageFi",
    "link": "https://ir.annexonbio.com/financial-information/sec-filings?items_per_page=&order=field_nir_sec_date_filed&sort=asc",
    "timestamp": "unknown"
  },
  {
    "title": "Group,,Annual FilingsCurrent ReportsMergers & AcquisitionsOtherProxy FilingsQuarterly FilingsRegistration StatementsFiling year- Any -Items per pageFi",
    "link": "https://ir.annexonbio.com/financial-information/sec-filings?items_per_page=&order=field_nir_sec_date_filed&sort=asc",
    "timestamp": "unknown"
  },
  {
    "title": "Group,,Annual FilingsCurrent ReportsMergers & AcquisitionsOtherProxy FilingsQuarterly FilingsRegistration StatementsFiling year- Any -Items per pageFi",
    "link": "https://ir.annexonbio.com/financial-information/sec-filings?items_per_page=&order=field_nir_sec_date_filed&sort=asc",
    "timestamp": "unknown"
  },
  {
    "title": "Group,,Annual FilingsCurrent ReportsMergers & AcquisitionsOtherProxy FilingsQuarterly FilingsRegistration StatementsFiling year- Any -Items per pageFi",
    "link": "https://ir.annexonbio.com/financial-information/sec-filings?items_per_page=&order=field_nir_sec_date_filed&sort=asc",
    "timestamp": "unknown"
  },
  {
    "title": "Group,,Annual FilingsCurrent ReportsMergers & AcquisitionsOtherProxy FilingsQuarterly FilingsRegistration StatementsFiling year- Any -Items per pageFi",
    "link": "https://ir.annexonbio.com/financial-information/sec-filings?items_per_page=&order=field_nir_sec_date_filed&sort=asc",
    "timestamp": "unknown"
  },
  {
    "title": "Group,,Annual FilingsCurrent ReportsMergers & AcquisitionsOtherProxy FilingsQuarterly FilingsRegistration StatementsFiling year- Any -Items per pageFi",
    "link": "https://ir.annexonbio.com/financial-information/sec-filings?items_per_page=&order=field_nir_sec_date_filed&sort=asc",
    "timestamp": "unknown"
  },
  {
    "title": "Group,,Annual FilingsCurrent ReportsMergers & AcquisitionsOtherProxy FilingsQuarterly FilingsRegistration StatementsFiling year- Any -Items per pageFi",
    "link": "https://ir.annexonbio.com/financial-information/sec-filings?items_per_page=&order=field_nir_sec_date_filed&sort=asc",
    "timestamp": "unknown"
  },
  {
    "title": "Filing dateDescriptionFormFiling GroupViewAug ,SCHEDULE 13G/A - DescriptionSCHEDULE 13G/AOther--.pdf--.rtf--.xlsView HTMLAug ,Report of unscheduled ma",
    "link": "https://ir.annexonbio.com/financial-information/sec-filings?items_per_page=&order=field_nir_sec_date_filed&sort=asc",
    "timestamp": "unknown"
  },
  {
    "title": "Filing dateDescriptionFormFiling GroupView",
    "link": "https://ir.annexonbio.com/financial-information/sec-filings?items_per_page=&order=field_nir_sec_date_filed&sort=asc",
    "timestamp": "unknown"
  },
  {
    "title": "Aug ,SCHEDULE 13G/A - DescriptionSCHEDULE 13G/AOther--.pdf--.rtf--.xlsView HTML",
    "link": "https://ir.annexonbio.com/sec-filings/sec-filing/schedule-13ga/--",
    "timestamp": "unknown"
  },
  {
    "title": "--.pdf",
    "link": "https://ir.annexonbio.com/static-files/6e246436--4cfb-a50b-2ef9d30368f3",
    "timestamp": "unknown"
  },
  {
    "title": "--.rtf",
    "link": "https://ir.annexonbio.com/static-files/41df3ca4-c5e1-4c23-848f-c39b57e461d5",
    "timestamp": "unknown"
  },
  {
    "title": "--.xls",
    "link": "https://ir.annexonbio.com/static-files/--42b0-9c92-848f51d076ce",
    "timestamp": "unknown"
  },
  {
    "title": "Aug ,Report of unscheduled material events or corporate event-KCurrent Reports--.pdf--.rtf--.xlsEX-.SCH - XBRL TAXONOMY EXTENSION SCHEMAView HTML",
    "link": "https://ir.annexonbio.com/sec-filings/sec-filing/-k/--",
    "timestamp": "unknown"
  },
  {
    "title": "--.pdf",
    "link": "https://ir.annexonbio.com/static-files/25c638dd-bcb9--88f5-d42a8eb93a10",
    "timestamp": "unknown"
  },
  {
    "title": "--.rtf",
    "link": "https://ir.annexonbio.com/static-files/f626ae38-a114--b900-fc7e987c1e4f",
    "timestamp": "unknown"
  },
  {
    "title": "--.xls",
    "link": "https://ir.annexonbio.com/static-files/4867ff9d-6e6d-4cfd-ab3d-bcf5f7eba29d",
    "timestamp": "unknown"
  },
  {
    "title": "Aug ,Quarterly report which provides a continuing view of a company's financial position-QQuarterly Filings--.pdf--.rtf--.xlsEX-.SCH - XBRL TAXONOMY E",
    "link": "https://ir.annexonbio.com/sec-filings/sec-filing/-q/--",
    "timestamp": "unknown"
  },
  {
    "title": "--.pdf",
    "link": "https://ir.annexonbio.com/static-files/71a99675-ce73-4b71-81d6-928d30199d9b",
    "timestamp": "unknown"
  },
  {
    "title": "--.rtf",
    "link": "https://ir.annexonbio.com/static-files/112a341f-e488-4de9-a590-adf8cd29d327",
    "timestamp": "unknown"
  },
  {
    "title": "--.xls",
    "link": "https://ir.annexonbio.com/static-files/b807856f-ef58--a862-a03775be7301",
    "timestamp": "unknown"
  },
  {
    "title": "Aug ,SCHEDULE 13G/A - DescriptionSCHEDULE 13G/AOther--.pdf--.rtf--.xlsView HTML",
    "link": "https://ir.annexonbio.com/sec-filings/sec-filing/schedule-13ga/--",
    "timestamp": "unknown"
  },
  {
    "title": "--.pdf",
    "link": "https://ir.annexonbio.com/static-files/9ba3bd2e-afc4-422e-92c3-8b569f65c583",
    "timestamp": "unknown"
  },
  {
    "title": "--.rtf",
    "link": "https://ir.annexonbio.com/static-files/1894f9eb-da99--aa42-4d01537e286e",
    "timestamp": "unknown"
  },
  {
    "title": "--.xls",
    "link": "https://ir.annexonbio.com/static-files/4011ce1b-fa97-4f9f--95e0ebd9e659",
    "timestamp": "unknown"
  },
  {
    "title": "Aug ,Statement of changes in beneficial ownership of securities,,--.pdf--.rtf--.xlsView HTML",
    "link": "https://ir.annexonbio.com/sec-filings/sec-filing//--",
    "timestamp": "unknown"
  },
  {
    "title": "--.pdf",
    "link": "https://ir.annexonbio.com/static-files/10bcafe2-ab40-469c-a44d-cced16fa6a5d",
    "timestamp": "unknown"
  },
  {
    "title": "--.rtf",
    "link": "https://ir.annexonbio.com/static-files/69a6d0e4-c589-42af-a69d-bdb87734efc6",
    "timestamp": "unknown"
  },
  {
    "title": "--.xls",
    "link": "https://ir.annexonbio.com/static-files/acdacb01-2c32-441b-9e52-d3eb7e8c415b",
    "timestamp": "unknown"
  },
  {
    "title": "Jul ,Statement of changes in beneficial ownership of securities,,--.pdf--.rtf--.xlsView HTML",
    "link": "https://ir.annexonbio.com/sec-filings/sec-filing//--",
    "timestamp": "unknown"
  },
  {
    "title": "--.pdf",
    "link": "https://ir.annexonbio.com/static-files/057211d0---bab2-0aff34ef4ca9",
    "timestamp": "unknown"
  },
  {
    "title": "--.rtf",
    "link": "https://ir.annexonbio.com/static-files/44dae253-4acb--adf3-7065916202e6",
    "timestamp": "unknown"
  },
  {
    "title": "--.xls",
    "link": "https://ir.annexonbio.com/static-files/3dc85db7-dc19--bdaf-4e44305672a1",
    "timestamp": "unknown"
  },
  {
    "title": "Jul ,Statement of changes in beneficial ownership of securities,,--.pdf--.rtf--.xlsView HTML",
    "link": "https://ir.annexonbio.com/sec-filings/sec-filing//--",
    "timestamp": "unknown"
  },
  {
    "title": "--.pdf",
    "link": "https://ir.annexonbio.com/static-files/a1d1e701-882d-470b-84c4-3dc931f374d4",
    "timestamp": "unknown"
  },
  {
    "title": "--.rtf",
    "link": "https://ir.annexonbio.com/static-files/d4bd7075-3e81-43e1-9ff5-a30654ebdf1e",
    "timestamp": "unknown"
  },
  {
    "title": "--.xls",
    "link": "https://ir.annexonbio.com/static-files/67b34524-458a-4e2a-9dd0-9c6ab4ee16c3",
    "timestamp": "unknown"
  },
  {
    "title": "Jul ,Statement of changes in beneficial ownership of securities,,--.pdf--.rtf--.xlsView HTML",
    "link": "https://ir.annexonbio.com/sec-filings/sec-filing//--",
    "timestamp": "unknown"
  },
  {
    "title": "--.pdf",
    "link": "https://ir.annexonbio.com/static-files/3f373719-b685---a43407aed8de",
    "timestamp": "unknown"
  },
  {
    "title": "--.rtf",
    "link": "https://ir.annexonbio.com/static-files/89e849ad---af9f-5c9c8cf9d50b",
    "timestamp": "unknown"
  },
  {
    "title": "--.xls",
    "link": "https://ir.annexonbio.com/static-files/36211fcc-2b4d-47d2--1ecdc383a815",
    "timestamp": "unknown"
  },
  {
    "title": "Jul ,Filed by \"insiders\" prior intended sale of restricted stock. Non-EDGAR filingOther--.pdf--.rtfView HTML",
    "link": "https://ir.annexonbio.com/sec-filings/sec-filing//--",
    "timestamp": "unknown"
  },
  {
    "title": "--.pdf",
    "link": "https://ir.annexonbio.com/static-files/52d27c1b-420e-4d94--ead934f8b7ed",
    "timestamp": "unknown"
  },
  {
    "title": "--.rtf",
    "link": "https://ir.annexonbio.com/static-files/006d66b4-fc25-40d8-84ac-0389f16e8389",
    "timestamp": "unknown"
  },
  {
    "title": "Jul ,Filed by \"insiders\" prior intended sale of restricted stock. Non-EDGAR filingOther--.pdf--.rtfView HTML",
    "link": "https://ir.annexonbio.com/sec-filings/sec-filing//--",
    "timestamp": "unknown"
  },
  {
    "title": "--.pdf",
    "link": "https://ir.annexonbio.com/static-files/36c6430a-59f7--ac7c-bcc8c37489e6",
    "timestamp": "unknown"
  },
  {
    "title": "--.rtf",
    "link": "https://ir.annexonbio.com/static-files/fcdfbaf8-3a1d--873e-7bffe36dd6e7",
    "timestamp": "unknown"
  },
  {
    "title": "Current page",
    "link": "https://ir.annexonbio.com/financial-information/sec-filings?&field_nir_sec_cik_target_id=&field_nir_sec_date_filed_value=&&&items_per_page_toggle=&page=",
    "timestamp": "unknown"
  },
  {
    "title": "Page",
    "link": "https://ir.annexonbio.com/financial-information/sec-filings?&field_nir_sec_cik_target_id=&field_nir_sec_date_filed_value=&&&items_per_page_toggle=&page=",
    "timestamp": "unknown"
  },
  {
    "title": "Page",
    "link": "https://ir.annexonbio.com/financial-information/sec-filings?&field_nir_sec_cik_target_id=&field_nir_sec_date_filed_value=&&&items_per_page_toggle=&page=",
    "timestamp": "unknown"
  },
  {
    "title": "Page",
    "link": "https://ir.annexonbio.com/financial-information/sec-filings?&field_nir_sec_cik_target_id=&field_nir_sec_date_filed_value=&&&items_per_page_toggle=&page=",
    "timestamp": "unknown"
  },
  {
    "title": "Page",
    "link": "https://ir.annexonbio.com/financial-information/sec-filings?&field_nir_sec_cik_target_id=&field_nir_sec_date_filed_value=&&&items_per_page_toggle=&page=",
    "timestamp": "unknown"
  },
  {
    "title": "Page",
    "link": "https://ir.annexonbio.com/financial-information/sec-filings?&field_nir_sec_cik_target_id=&field_nir_sec_date_filed_value=&&&items_per_page_toggle=&page=",
    "timestamp": "unknown"
  },
  {
    "title": "Page",
    "link": "https://ir.annexonbio.com/financial-information/sec-filings?&field_nir_sec_cik_target_id=&field_nir_sec_date_filed_value=&&&items_per_page_toggle=&page=",
    "timestamp": "unknown"
  },
  {
    "title": "Page",
    "link": "https://ir.annexonbio.com/financial-information/sec-filings?&field_nir_sec_cik_target_id=&field_nir_sec_date_filed_value=&&&items_per_page_toggle=&page=",
    "timestamp": "unknown"
  },
  {
    "title": "Page",
    "link": "https://ir.annexonbio.com/financial-information/sec-filings?&field_nir_sec_cik_target_id=&field_nir_sec_date_filed_value=&&&items_per_page_toggle=&page=",
    "timestamp": "unknown"
  },
  {
    "title": "Next pageNext \u203a",
    "link": "https://ir.annexonbio.com/financial-information/sec-filings?&field_nir_sec_cik_target_id=&field_nir_sec_date_filed_value=&&&items_per_page_toggle=&page=",
    "timestamp": "unknown"
  },
  {
    "title": "Last pageLast \u00bb",
    "link": "https://ir.annexonbio.com/financial-information/sec-filings?&field_nir_sec_cik_target_id=&field_nir_sec_date_filed_value=&&&items_per_page_toggle=&page=",
    "timestamp": "unknown"
  },
  {
    "title": "Data provided byKaleidoscope.",
    "link": "https://www.kscope.io",
    "timestamp": "unknown"
  },
  {
    "title": "Data provided byKaleidoscope.",
    "link": "https://www.kscope.io",
    "timestamp": "unknown"
  },
  {
    "title": "News ResourcesRSS FeedsEmail Alerts",
    "link": "https://ir.annexonbio.com/shareholder-services/rss-feeds",
    "timestamp": "unknown"
  },
  {
    "title": "News ResourcesRSS FeedsEmail Alerts",
    "link": "https://ir.annexonbio.com/shareholder-services/rss-feeds",
    "timestamp": "unknown"
  },
  {
    "title": "News ResourcesRSS FeedsEmail Alerts",
    "link": "https://ir.annexonbio.com/shareholder-services/rss-feeds",
    "timestamp": "unknown"
  },
  {
    "title": "News ResourcesRSS FeedsEmail Alerts",
    "link": "https://ir.annexonbio.com/shareholder-services/rss-feeds",
    "timestamp": "unknown"
  },
  {
    "title": "News ResourcesRSS FeedsEmail Alerts",
    "link": "https://ir.annexonbio.com/shareholder-services/rss-feeds",
    "timestamp": "unknown"
  },
  {
    "title": "News ResourcesRSS FeedsEmail Alerts",
    "link": "https://ir.annexonbio.com/shareholder-services/rss-feeds",
    "timestamp": "unknown"
  },
  {
    "title": "News ResourcesRSS FeedsEmail Alerts",
    "link": "https://ir.annexonbio.com/shareholder-services/rss-feeds",
    "timestamp": "unknown"
  },
  {
    "title": "RSS Feeds",
    "link": "https://ir.annexonbio.com/shareholder-services/rss-feeds",
    "timestamp": "unknown"
  },
  {
    "title": "Email Alerts",
    "link": "https://ir.annexonbio.com/shareholder-services/email-alerts",
    "timestamp": "unknown"
  },
  {
    "title": "PrintIR ContactRSS FeedsEmail Alerts",
    "link": "javascript:window.print();",
    "timestamp": "unknown"
  },
  {
    "title": "PrintIR ContactRSS FeedsEmail Alerts",
    "link": "javascript:window.print();",
    "timestamp": "unknown"
  },
  {
    "title": "PrintIR ContactRSS FeedsEmail Alerts",
    "link": "javascript:window.print();",
    "timestamp": "unknown"
  },
  {
    "title": "Print",
    "link": "javascript:window.print();",
    "timestamp": "unknown"
  },
  {
    "title": "IR Contact",
    "link": "https://ir.annexonbio.com/contact-ir",
    "timestamp": "unknown"
  },
  {
    "title": "RSS Feeds",
    "link": "https://ir.annexonbio.com/shareholder-services/rss-feeds",
    "timestamp": "unknown"
  },
  {
    "title": "Email Alerts",
    "link": "https://ir.annexonbio.com/shareholder-services/email-alerts",
    "timestamp": "unknown"
  },
  {
    "title": "Contact Usinfo@annexonbio.com..Investors:investors@annexonbio.comMedia:Sheryl SeapyReal Chemistry--sseapy@realchemistry.comAnnexon BiosciencesSierra P",
    "link": "mailto:info@annexonbio.com",
    "timestamp": "unknown"
  },
  {
    "title": "Contact Usinfo@annexonbio.com..Investors:investors@annexonbio.comMedia:Sheryl SeapyReal Chemistry--sseapy@realchemistry.com",
    "link": "mailto:info@annexonbio.com",
    "timestamp": "unknown"
  },
  {
    "title": "Contact Usinfo@annexonbio.com..Investors:investors@annexonbio.comMedia:Sheryl SeapyReal Chemistry--sseapy@realchemistry.com",
    "link": "mailto:info@annexonbio.com",
    "timestamp": "unknown"
  },
  {
    "title": "Contact Usinfo@annexonbio.com..Investors:investors@annexonbio.comMedia:Sheryl SeapyReal Chemistry--sseapy@realchemistry.com",
    "link": "mailto:info@annexonbio.com",
    "timestamp": "unknown"
  },
  {
    "title": "Contact Usinfo@annexonbio.com..Investors:investors@annexonbio.comMedia:Sheryl SeapyReal Chemistry--sseapy@realchemistry.com",
    "link": "mailto:info@annexonbio.com",
    "timestamp": "unknown"
  },
  {
    "title": "info@annexonbio.com..",
    "link": "mailto:info@annexonbio.com",
    "timestamp": "unknown"
  },
  {
    "title": "Investors:investors@annexonbio.com",
    "link": "mailto:investors@annexonbio.com",
    "timestamp": "unknown"
  },
  {
    "title": "Media:Sheryl SeapyReal Chemistry--sseapy@realchemistry.com",
    "link": "mailto:sseapy@realchemistry.com",
    "timestamp": "unknown"
  },
  {
    "title": "Privacy PolicyTerms of Use\u00a9  Annexon Inc. All rights reserved.",
    "link": "https://annexonbio.com/privacy-policy/",
    "timestamp": "unknown"
  },
  {
    "title": "Privacy PolicyTerms of Use",
    "link": "https://annexonbio.com/privacy-policy/",
    "timestamp": "unknown"
  },
  {
    "title": "Privacy Policy",
    "link": "https://annexonbio.com/privacy-policy/",
    "timestamp": "unknown"
  },
  {
    "title": "Terms of Use",
    "link": "https://annexonbio.com/terms-of-use/",
    "timestamp": "unknown"
  }
]