[
  {
    "title": "SearchMenuSearchSearchSearchCloseWhat science can doWhat science can doStories of impactPublicationsCloseR&DR&DOur approachOur approach to R&DSTEM at ",
    "link": "https://www.astrazeneca.com/",
    "timestamp": "unknown"
  },
  {
    "title": "SearchMenuSearchSearchSearchCloseWhat science can doWhat science can doStories of impactPublicationsCloseR&DR&DOur approachOur approach to R&DSTEM at ",
    "link": "https://www.astrazeneca.com/",
    "timestamp": "unknown"
  },
  {
    "title": "SearchMenuSearchSearchSearchClose",
    "link": "https://www.astrazeneca.com/",
    "timestamp": "unknown"
  },
  {
    "title": "SearchMenuSearchSearchSearchClose",
    "link": "https://www.astrazeneca.com/",
    "timestamp": "unknown"
  },
  {
    "title": "SearchMenu",
    "link": "https://www.astrazeneca.com/",
    "timestamp": "unknown"
  },
  {
    "title": "What science can doWhat science can doStories of impactPublicationsCloseR&DR&DOur approachOur approach to R&DSTEM at AstraZenecaPrecision medicineTran",
    "link": "https://www.astrazeneca.com/what-science-can-do.html",
    "timestamp": "unknown"
  },
  {
    "title": "What science can doWhat science can doStories of impactPublicationsCloseR&DR&DOur approachOur approach to R&DSTEM at AstraZenecaPrecision medicineTran",
    "link": "https://www.astrazeneca.com/what-science-can-do.html",
    "timestamp": "unknown"
  },
  {
    "title": "What science can doWhat science can doStories of impactPublicationsClose",
    "link": "https://www.astrazeneca.com/what-science-can-do.html",
    "timestamp": "unknown"
  },
  {
    "title": "What science can doStories of impactPublicationsClose",
    "link": "https://www.astrazeneca.com/what-science-can-do.html",
    "timestamp": "unknown"
  },
  {
    "title": "What science can doStories of impactPublications",
    "link": "https://www.astrazeneca.com/what-science-can-do.html",
    "timestamp": "unknown"
  },
  {
    "title": "What science can doStories of impactPublications",
    "link": "https://www.astrazeneca.com/what-science-can-do.html",
    "timestamp": "unknown"
  },
  {
    "title": "What science can doStories of impactPublications",
    "link": "https://www.astrazeneca.com/what-science-can-do.html",
    "timestamp": "unknown"
  },
  {
    "title": "Stories of impact",
    "link": "https://www.astrazeneca.com/what-science-can-do/stories-of-impact.html?filters=impact,Feature",
    "timestamp": "unknown"
  },
  {
    "title": "Publications",
    "link": "https://www.astrazeneca.com/publication.html",
    "timestamp": "unknown"
  },
  {
    "title": "R&DR&DOur approachOur approach to R&DSTEM at AstraZenecaPrecision medicineTransformative scienceData science & AIClinical innovationOur technologiesNe",
    "link": "https://www.astrazeneca.com/r-d.html",
    "timestamp": "unknown"
  },
  {
    "title": "R&DOur approachOur approach to R&DSTEM at AstraZenecaPrecision medicineTransformative scienceData science & AIClinical innovationOur technologiesNext ",
    "link": "https://www.astrazeneca.com/r-d.html",
    "timestamp": "unknown"
  },
  {
    "title": "R&DOur approachOur approach to R&DSTEM at AstraZenecaPrecision medicineTransformative scienceData science & AIClinical innovationOur technologiesNext ",
    "link": "https://www.astrazeneca.com/r-d.html",
    "timestamp": "unknown"
  },
  {
    "title": "R&DOur approachOur approach to R&DSTEM at AstraZenecaPrecision medicineTransformative scienceData science & AIClinical innovationOur technologiesNext ",
    "link": "https://www.astrazeneca.com/r-d.html",
    "timestamp": "unknown"
  },
  {
    "title": "R&DOur approachOur approach to R&DSTEM at AstraZenecaPrecision medicineTransformative scienceData science & AIClinical innovationOur technologiesNext ",
    "link": "https://www.astrazeneca.com/r-d.html",
    "timestamp": "unknown"
  },
  {
    "title": "Our approachOur approach to R&DSTEM at AstraZeneca",
    "link": "https://www.astrazeneca.com/r-d/our-approach.html",
    "timestamp": "unknown"
  },
  {
    "title": "Our approach to R&DSTEM at AstraZeneca",
    "link": "https://www.astrazeneca.com/r-d/our-approach.html",
    "timestamp": "unknown"
  },
  {
    "title": "STEM at AstraZeneca",
    "link": "https://www.astrazeneca.com/r-d/our-approach/stem-at-astrazeneca.html",
    "timestamp": "unknown"
  },
  {
    "title": "Precision medicine",
    "link": "https://www.astrazeneca.com/r-d/precision-medicine.html",
    "timestamp": "unknown"
  },
  {
    "title": "Transformative science",
    "link": "https://www.astrazeneca.com/r-d/transformative-science.html",
    "timestamp": "unknown"
  },
  {
    "title": "Data science & AI",
    "link": "https://www.astrazeneca.com/r-d/data-science-and-ai.html",
    "timestamp": "unknown"
  },
  {
    "title": "Clinical innovation",
    "link": "https://www.astrazeneca.com/r-d/clinical-innovation.html",
    "timestamp": "unknown"
  },
  {
    "title": "Our technologies",
    "link": "https://www.astrazeneca.com/r-d/our-technologies.html",
    "timestamp": "unknown"
  },
  {
    "title": "Next generation therapeutics",
    "link": "https://www.astrazeneca.com/r-d/next-generation-therapeutics.html",
    "timestamp": "unknown"
  },
  {
    "title": "R&D strategic centres",
    "link": "https://www.astrazeneca.com/r-d/our-strategic-r-d-centres.html",
    "timestamp": "unknown"
  },
  {
    "title": "Featured websiteAstraZeneca Clinical TrialsFeatured websiteOpen Innovation",
    "link": "https://www.astrazenecaclinicaltrials.com",
    "timestamp": "unknown"
  },
  {
    "title": "Our therapy areasOur therapy areasOncologyBioPharmaceuticalsCardiovascular, Renal and MetabolismRespiratory & ImmunologyVaccines and Immune TherapiesR",
    "link": "https://www.astrazeneca.com/our-therapy-areas.html",
    "timestamp": "unknown"
  },
  {
    "title": "Our therapy areasOncologyBioPharmaceuticalsCardiovascular, Renal and MetabolismRespiratory & ImmunologyVaccines and Immune TherapiesRare DiseasePipeli",
    "link": "https://www.astrazeneca.com/our-therapy-areas.html",
    "timestamp": "unknown"
  },
  {
    "title": "Our therapy areasOncologyBioPharmaceuticalsCardiovascular, Renal and MetabolismRespiratory & ImmunologyVaccines and Immune TherapiesRare DiseasePipeli",
    "link": "https://www.astrazeneca.com/our-therapy-areas.html",
    "timestamp": "unknown"
  },
  {
    "title": "Our therapy areasOncologyBioPharmaceuticalsCardiovascular, Renal and MetabolismRespiratory & ImmunologyVaccines and Immune TherapiesRare DiseasePipeli",
    "link": "https://www.astrazeneca.com/our-therapy-areas.html",
    "timestamp": "unknown"
  },
  {
    "title": "Our therapy areasOncologyBioPharmaceuticalsCardiovascular, Renal and MetabolismRespiratory & ImmunologyVaccines and Immune TherapiesRare DiseasePipeli",
    "link": "https://www.astrazeneca.com/our-therapy-areas.html",
    "timestamp": "unknown"
  },
  {
    "title": "Oncology",
    "link": "https://www.astrazeneca.com/our-therapy-areas/oncology.html",
    "timestamp": "unknown"
  },
  {
    "title": "BioPharmaceuticals",
    "link": "https://www.astrazeneca.com/our-therapy-areas/biopharmaceuticals.html",
    "timestamp": "unknown"
  },
  {
    "title": "Cardiovascular, Renal and Metabolism",
    "link": "https://www.astrazeneca.com/our-therapy-areas/cardiovascular-renal-and-metabolism.html",
    "timestamp": "unknown"
  },
  {
    "title": "Respiratory & Immunology",
    "link": "https://www.astrazeneca.com/our-therapy-areas/respiratory-and-immunology.html",
    "timestamp": "unknown"
  },
  {
    "title": "Vaccines and Immune Therapies",
    "link": "https://www.astrazeneca.com/our-therapy-areas/vaccines-and-immune-therapies.html",
    "timestamp": "unknown"
  },
  {
    "title": "Rare Disease",
    "link": "https://www.astrazeneca.com/our-therapy-areas/rare-disease.html",
    "timestamp": "unknown"
  },
  {
    "title": "Pipeline",
    "link": "https://www.astrazeneca.com/our-therapy-areas/pipeline.html",
    "timestamp": "unknown"
  },
  {
    "title": "All medicines",
    "link": "https://www.astrazeneca.com/our-therapy-areas/medicines.html",
    "timestamp": "unknown"
  },
  {
    "title": "Our companyOur companyOur historyOur peopleOur peopleOncologyBioPharmaceuticalsRare DiseaseResearch & DevelopmentEnabling functionsOperationsInternati",
    "link": "https://www.astrazeneca.com/our-company.html",
    "timestamp": "unknown"
  },
  {
    "title": "Our companyOur historyOur peopleOur peopleOncologyBioPharmaceuticalsRare DiseaseResearch & DevelopmentEnabling functionsOperationsInternationalOur lea",
    "link": "https://www.astrazeneca.com/our-company.html",
    "timestamp": "unknown"
  },
  {
    "title": "Our companyOur historyOur peopleOur peopleOncologyBioPharmaceuticalsRare DiseaseResearch & DevelopmentEnabling functionsOperationsInternationalOur lea",
    "link": "https://www.astrazeneca.com/our-company.html",
    "timestamp": "unknown"
  },
  {
    "title": "Our companyOur historyOur peopleOur peopleOncologyBioPharmaceuticalsRare DiseaseResearch & DevelopmentEnabling functionsOperationsInternationalOur lea",
    "link": "https://www.astrazeneca.com/our-company.html",
    "timestamp": "unknown"
  },
  {
    "title": "Our companyOur historyOur peopleOur peopleOncologyBioPharmaceuticalsRare DiseaseResearch & DevelopmentEnabling functionsOperationsInternationalOur lea",
    "link": "https://www.astrazeneca.com/our-company.html",
    "timestamp": "unknown"
  },
  {
    "title": "Our history",
    "link": "https://www.astrazeneca.com/our-company/history.html",
    "timestamp": "unknown"
  },
  {
    "title": "Our peopleOur peopleOncologyBioPharmaceuticalsRare DiseaseResearch & DevelopmentEnabling functionsOperationsInternational",
    "link": "https://www.astrazeneca.com/our-company/our-people.html",
    "timestamp": "unknown"
  },
  {
    "title": "Our peopleOncologyBioPharmaceuticalsRare DiseaseResearch & DevelopmentEnabling functionsOperationsInternational",
    "link": "https://www.astrazeneca.com/our-company/our-people.html",
    "timestamp": "unknown"
  },
  {
    "title": "Oncology",
    "link": "https://www.astrazeneca.com/our-company/our-people/oncology.html",
    "timestamp": "unknown"
  },
  {
    "title": "BioPharmaceuticals",
    "link": "https://www.astrazeneca.com/our-company/our-people/biopharmaceuticals.html",
    "timestamp": "unknown"
  },
  {
    "title": "Rare Disease",
    "link": "https://www.astrazeneca.com/our-company/our-people/rare-disease.html",
    "timestamp": "unknown"
  },
  {
    "title": "Research & Development",
    "link": "https://www.astrazeneca.com/our-company/our-people/research-and-development.html",
    "timestamp": "unknown"
  },
  {
    "title": "Enabling functions",
    "link": "https://www.astrazeneca.com/our-company/our-people/enabling-functions.html",
    "timestamp": "unknown"
  },
  {
    "title": "Operations",
    "link": "https://www.astrazeneca.com/our-company/our-people/operations.html",
    "timestamp": "unknown"
  },
  {
    "title": "International",
    "link": "https://www.astrazeneca.com/our-company/our-people/international.html",
    "timestamp": "unknown"
  },
  {
    "title": "Our leadership",
    "link": "https://www.astrazeneca.com/our-company/leadership.html",
    "timestamp": "unknown"
  },
  {
    "title": "Cambridge",
    "link": "https://www.astrazeneca.com/our-company/our-locations/cambridge.html",
    "timestamp": "unknown"
  },
  {
    "title": "Gothenburg",
    "link": "https://www.astrazeneca.com/our-company/our-locations/gothenburg.html",
    "timestamp": "unknown"
  },
  {
    "title": "Gaithersburg",
    "link": "https://www.astrazeneca.com/our-company/our-locations/gaithersburg.html",
    "timestamp": "unknown"
  },
  {
    "title": "CareersCareersGreat place to workInclusion and diversityLearning and developmentEmployee resource groupsClose",
    "link": "https://careers.astrazeneca.com/",
    "timestamp": "unknown"
  },
  {
    "title": "CareersGreat place to workInclusion and diversityLearning and developmentEmployee resource groupsClose",
    "link": "https://careers.astrazeneca.com/",
    "timestamp": "unknown"
  },
  {
    "title": "CareersGreat place to workInclusion and diversityLearning and developmentEmployee resource groups",
    "link": "https://careers.astrazeneca.com/",
    "timestamp": "unknown"
  },
  {
    "title": "CareersGreat place to workInclusion and diversityLearning and developmentEmployee resource groups",
    "link": "https://careers.astrazeneca.com/",
    "timestamp": "unknown"
  },
  {
    "title": "CareersGreat place to workInclusion and diversityLearning and developmentEmployee resource groups",
    "link": "https://careers.astrazeneca.com/",
    "timestamp": "unknown"
  },
  {
    "title": "Great place to work",
    "link": "https://www.astrazeneca.com/careers/great-place-to-work.html",
    "timestamp": "unknown"
  },
  {
    "title": "Inclusion and diversity",
    "link": "https://www.astrazeneca.com/careers/great-place-to-work/inclusion-and-diversity.html",
    "timestamp": "unknown"
  },
  {
    "title": "Learning and development",
    "link": "https://www.astrazeneca.com/careers/great-place-to-work/learning-development.html",
    "timestamp": "unknown"
  },
  {
    "title": "Employee resource groups",
    "link": "https://www.astrazeneca.com/careers/great-place-to-work/employee-resource-groups.html",
    "timestamp": "unknown"
  },
  {
    "title": "InvestorsInvestor Relations (Global)Investor Relations (Sweden)ResourcesGovernanceShareholder informationDividend policyKey factsFAQsDebt InvestorsADR",
    "link": "https://www.astrazeneca.com/investor-relations.html",
    "timestamp": "unknown"
  },
  {
    "title": "Investor Relations (Global)Investor Relations (Sweden)ResourcesGovernanceShareholder informationDividend policyKey factsFAQsDebt InvestorsADR Programm",
    "link": "https://www.astrazeneca.com/investor-relations.html",
    "timestamp": "unknown"
  },
  {
    "title": "Investor Relations (Global)Investor Relations (Sweden)ResourcesGovernanceShareholder informationDividend policyKey factsFAQsDebt InvestorsADR Programm",
    "link": "https://www.astrazeneca.com/investor-relations.html",
    "timestamp": "unknown"
  },
  {
    "title": "Investor Relations (Global)Investor Relations (Sweden)ResourcesGovernanceShareholder informationDividend policyKey factsFAQsDebt InvestorsADR Programm",
    "link": "https://www.astrazeneca.com/investor-relations.html",
    "timestamp": "unknown"
  },
  {
    "title": "Investor Relations (Global)Investor Relations (Sweden)ResourcesGovernanceShareholder informationDividend policyKey factsFAQsDebt InvestorsADR Programm",
    "link": "https://www.astrazeneca.com/investor-relations.html",
    "timestamp": "unknown"
  },
  {
    "title": "Investor Relations (Sweden)",
    "link": "https://www.astrazeneca.se/aktieagare.html",
    "timestamp": "unknown"
  },
  {
    "title": "Resources",
    "link": "https://www.astrazeneca.com/investor-relations/resources.html",
    "timestamp": "unknown"
  },
  {
    "title": "Governance",
    "link": "https://www.astrazeneca.com/investor-relations/corporate-governance.html",
    "timestamp": "unknown"
  },
  {
    "title": "Shareholder information",
    "link": "https://www.astrazeneca.com/investor-relations/shareholder-information.html",
    "timestamp": "unknown"
  },
  {
    "title": "Dividend policy",
    "link": "https://www.astrazeneca.com/investor-relations/dividend-policy.html",
    "timestamp": "unknown"
  },
  {
    "title": "Key facts",
    "link": "https://www.astrazeneca.com/investor-relations/key-facts.html",
    "timestamp": "unknown"
  },
  {
    "title": "FAQs",
    "link": "https://www.astrazeneca.com/investor-relations/faqs.html",
    "timestamp": "unknown"
  },
  {
    "title": "Debt Investors",
    "link": "https://www.astrazeneca.com/investor-relations/debt-investors.html",
    "timestamp": "unknown"
  },
  {
    "title": "ADR Programme",
    "link": "https://www.astrazeneca.com/investor-relations/astrazeneca-adr-programme.html",
    "timestamp": "unknown"
  },
  {
    "title": "Investor Relations contacts",
    "link": "https://www.astrazeneca.com/investor-relations/contacts-information.html",
    "timestamp": "unknown"
  },
  {
    "title": "FeatureH1 and Q2  resultsFeatureResults and presentations",
    "link": "https://www.astrazeneca.com/investor-relations/h1-and-q2--results-event.html",
    "timestamp": "unknown"
  },
  {
    "title": "MediaMediaPress ReleasesArticlesImage libraryArchiveMedia contactsInvestor DayClose",
    "link": "https://www.astrazeneca.com/media-centre.html",
    "timestamp": "unknown"
  },
  {
    "title": "MediaPress ReleasesArticlesImage libraryArchiveMedia contactsInvestor DayClose",
    "link": "https://www.astrazeneca.com/media-centre.html",
    "timestamp": "unknown"
  },
  {
    "title": "MediaPress ReleasesArticlesImage libraryArchiveMedia contactsInvestor Day",
    "link": "https://www.astrazeneca.com/media-centre.html",
    "timestamp": "unknown"
  },
  {
    "title": "MediaPress ReleasesArticlesImage libraryArchiveMedia contactsInvestor Day",
    "link": "https://www.astrazeneca.com/media-centre.html",
    "timestamp": "unknown"
  },
  {
    "title": "MediaPress ReleasesArticlesImage libraryArchiveMedia contactsInvestor Day",
    "link": "https://www.astrazeneca.com/media-centre.html",
    "timestamp": "unknown"
  },
  {
    "title": "Press Releases",
    "link": "https://www.astrazeneca.com/media-centre/press-releases.html",
    "timestamp": "unknown"
  },
  {
    "title": "Articles",
    "link": "https://www.astrazeneca.com/media-centre/articles.html",
    "timestamp": "unknown"
  },
  {
    "title": "Image library",
    "link": "https://www.astrazeneca.com/media-centre/image-and-broadcast-library.html",
    "timestamp": "unknown"
  },
  {
    "title": "Archive",
    "link": "https://www.astrazeneca.com/media-centre/archive.html",
    "timestamp": "unknown"
  },
  {
    "title": "Media contacts",
    "link": "https://www.astrazeneca.com/media-centre/contacts.html",
    "timestamp": "unknown"
  },
  {
    "title": "Investor Day",
    "link": "https://www.astrazeneca.com/media-centre/astrazeneca-investor-day-media-hub.html",
    "timestamp": "unknown"
  },
  {
    "title": "SustainabilitySustainabilityClimate changeClimate change overviewRenewablesProduct sustainabilityAZ ForestNatureNature overviewWater stewardshipPharma",
    "link": "https://www.astrazeneca.com/sustainability.html",
    "timestamp": "unknown"
  },
  {
    "title": "SustainabilityClimate changeClimate change overviewRenewablesProduct sustainabilityAZ ForestNatureNature overviewWater stewardshipPharmaceuticals in t",
    "link": "https://www.astrazeneca.com/sustainability.html",
    "timestamp": "unknown"
  },
  {
    "title": "SustainabilityClimate changeClimate change overviewRenewablesProduct sustainabilityAZ ForestNatureNature overviewWater stewardshipPharmaceuticals in t",
    "link": "https://www.astrazeneca.com/sustainability.html",
    "timestamp": "unknown"
  },
  {
    "title": "SustainabilityClimate changeClimate change overviewRenewablesProduct sustainabilityAZ ForestNatureNature overviewWater stewardshipPharmaceuticals in t",
    "link": "https://www.astrazeneca.com/sustainability.html",
    "timestamp": "unknown"
  },
  {
    "title": "SustainabilityClimate changeClimate change overviewRenewablesProduct sustainabilityAZ ForestNatureNature overviewWater stewardshipPharmaceuticals in t",
    "link": "https://www.astrazeneca.com/sustainability.html",
    "timestamp": "unknown"
  },
  {
    "title": "Climate changeClimate change overviewRenewablesProduct sustainabilityAZ Forest",
    "link": "https://www.astrazeneca.com/sustainability/climate-change.html",
    "timestamp": "unknown"
  },
  {
    "title": "Climate change overviewRenewablesProduct sustainabilityAZ Forest",
    "link": "https://www.astrazeneca.com/sustainability/climate-change.html",
    "timestamp": "unknown"
  },
  {
    "title": "Renewables",
    "link": "https://www.astrazeneca.com/sustainability/climate-change/renewable-energy.html",
    "timestamp": "unknown"
  },
  {
    "title": "Product sustainability",
    "link": "https://www.astrazeneca.com/sustainability/climate-change/product-sustainability.html",
    "timestamp": "unknown"
  },
  {
    "title": "AZ Forest",
    "link": "https://www.astrazeneca.com/sustainability/climate-change/az-forest.html",
    "timestamp": "unknown"
  },
  {
    "title": "NatureNature overviewWater stewardshipPharmaceuticals in the environmentWaste and circularity",
    "link": "https://www.astrazeneca.com/sustainability/nature.html",
    "timestamp": "unknown"
  },
  {
    "title": "Nature overviewWater stewardshipPharmaceuticals in the environmentWaste and circularity",
    "link": "https://www.astrazeneca.com/sustainability/nature.html",
    "timestamp": "unknown"
  },
  {
    "title": "Water stewardship",
    "link": "https://www.astrazeneca.com/sustainability/nature/water-stewardship.html",
    "timestamp": "unknown"
  },
  {
    "title": "Pharmaceuticals in the environment",
    "link": "https://www.astrazeneca.com/sustainability/nature/pharmaceuticals-in-the-environment.html",
    "timestamp": "unknown"
  },
  {
    "title": "Waste and circularity",
    "link": "https://www.astrazeneca.com/sustainability/nature/waste-circularity.html",
    "timestamp": "unknown"
  },
  {
    "title": "Health equityHealth equity overviewScienceHealthcare deliveryCommunity investment",
    "link": "https://www.astrazeneca.com/sustainability/health-equity.html",
    "timestamp": "unknown"
  },
  {
    "title": "Health equity overviewScienceHealthcare deliveryCommunity investment",
    "link": "https://www.astrazeneca.com/sustainability/health-equity.html",
    "timestamp": "unknown"
  },
  {
    "title": "Science",
    "link": "https://www.astrazeneca.com/sustainability/health-equity/science.html",
    "timestamp": "unknown"
  },
  {
    "title": "Healthcare delivery",
    "link": "https://www.astrazeneca.com/sustainability/health-equity/healthcare-delivery.html",
    "timestamp": "unknown"
  },
  {
    "title": "Community investment",
    "link": "https://www.astrazeneca.com/sustainability/health-equity/community-investment.html",
    "timestamp": "unknown"
  },
  {
    "title": "Health systems resilienceHealth systems resilience overviewPartnership for Health System Sustainability and Resilience (PHSSR)",
    "link": "https://www.astrazeneca.com/sustainability/health-systems-resilience.html",
    "timestamp": "unknown"
  },
  {
    "title": "Health systems resilience overviewPartnership for Health System Sustainability and Resilience (PHSSR)",
    "link": "https://www.astrazeneca.com/sustainability/health-systems-resilience.html",
    "timestamp": "unknown"
  },
  {
    "title": "Partnership for Health System Sustainability and Resilience (PHSSR)",
    "link": "https://www.astrazeneca.com/sustainability/health-systems-resilience/PHSSR.html",
    "timestamp": "unknown"
  },
  {
    "title": "Ethics and governanceEthics and ComplianceGovernanceSustainability governance",
    "link": "https://www.astrazeneca.com/sustainability/ethics-compliance.html",
    "timestamp": "unknown"
  },
  {
    "title": "Ethics and ComplianceGovernanceSustainability governance",
    "link": "https://www.astrazeneca.com/sustainability/ethics-compliance.html",
    "timestamp": "unknown"
  },
  {
    "title": "Governance",
    "link": "https://www.astrazeneca.com/investor-relations/corporate-governance.html",
    "timestamp": "unknown"
  },
  {
    "title": "Sustainability governance",
    "link": "https://www.astrazeneca.com/sustainability/resources/sustainability-governance.html",
    "timestamp": "unknown"
  },
  {
    "title": "Our peopleGreat place to workInclusion and diversityLearning and developmentWorkforce safety and health",
    "link": "https://www.astrazeneca.com/careers/great-place-to-work.html",
    "timestamp": "unknown"
  },
  {
    "title": "Great place to workInclusion and diversityLearning and developmentWorkforce safety and health",
    "link": "https://www.astrazeneca.com/careers/great-place-to-work.html",
    "timestamp": "unknown"
  },
  {
    "title": "Inclusion and diversity",
    "link": "https://www.astrazeneca.com/careers/great-place-to-work/inclusion-and-diversity.html",
    "timestamp": "unknown"
  },
  {
    "title": "Learning and development",
    "link": "https://www.astrazeneca.com/careers/great-place-to-work/learning-development.html.html",
    "timestamp": "unknown"
  },
  {
    "title": "Workforce safety and health",
    "link": "https://www.astrazeneca.com/sustainability/workforce-safety-and-health.html",
    "timestamp": "unknown"
  },
  {
    "title": "Our Values",
    "link": "https://www.astrazeneca.com/our-company.html#values",
    "timestamp": "unknown"
  },
  {
    "title": "Partnerships and alliances",
    "link": "https://www.astrazeneca.com/sustainability/partnerships-and-alliances.html",
    "timestamp": "unknown"
  },
  {
    "title": "ResourcesSustainability resourcesOur sustainability impact",
    "link": "https://www.astrazeneca.com/sustainability/resources.html",
    "timestamp": "unknown"
  },
  {
    "title": "Sustainability resourcesOur sustainability impact",
    "link": "https://www.astrazeneca.com/sustainability/resources.html",
    "timestamp": "unknown"
  },
  {
    "title": "Our sustainability impact",
    "link": "https://www.astrazeneca.com/sustainability/resources/our-impact.html",
    "timestamp": "unknown"
  },
  {
    "title": "FeatureOur sustainability impactFeatureSustainable science",
    "link": "https://www.astrazeneca.com/sustainability/resources/our-impact.html",
    "timestamp": "unknown"
  },
  {
    "title": "PartneringPartneringOur business development teamsOur areas of partnering interestWhy partner with AstraZeneca?Information for SuppliersSupplier Susta",
    "link": "https://www.astrazeneca.com/partnering.html",
    "timestamp": "unknown"
  },
  {
    "title": "PartneringOur business development teamsOur areas of partnering interestWhy partner with AstraZeneca?Information for SuppliersSupplier Sustainability ",
    "link": "https://www.astrazeneca.com/partnering.html",
    "timestamp": "unknown"
  },
  {
    "title": "PartneringOur business development teamsOur areas of partnering interestWhy partner with AstraZeneca?Information for SuppliersSupplier Sustainability ",
    "link": "https://www.astrazeneca.com/partnering.html",
    "timestamp": "unknown"
  },
  {
    "title": "PartneringOur business development teamsOur areas of partnering interestWhy partner with AstraZeneca?Information for SuppliersSupplier Sustainability ",
    "link": "https://www.astrazeneca.com/partnering.html",
    "timestamp": "unknown"
  },
  {
    "title": "PartneringOur business development teamsOur areas of partnering interestWhy partner with AstraZeneca?Information for SuppliersSupplier Sustainability ",
    "link": "https://www.astrazeneca.com/partnering.html",
    "timestamp": "unknown"
  },
  {
    "title": "Our business development teams",
    "link": "https://www.astrazeneca.com/partnering/our-partnering-teams.html",
    "timestamp": "unknown"
  },
  {
    "title": "Our areas of partnering interest",
    "link": "https://www.astrazeneca.com/partnering/our-areas-of-partnering-interest.html",
    "timestamp": "unknown"
  },
  {
    "title": "Why partner with AstraZeneca?",
    "link": "https://www.astrazeneca.com/partnering/why-partner-with-astrazeneca.html",
    "timestamp": "unknown"
  },
  {
    "title": "Information for Suppliers",
    "link": "https://www.astrazeneca.com/partnering/az-suppliers.html",
    "timestamp": "unknown"
  },
  {
    "title": "Supplier Sustainability Hub",
    "link": "https://www.astrazeneca.com/partnering/supplier-sustainability-hub.html",
    "timestamp": "unknown"
  },
  {
    "title": "Sustainable procurement",
    "link": "https://www.astrazeneca.com/partnering/sustainable-procurement.html",
    "timestamp": "unknown"
  },
  {
    "title": "A Catalyst Network",
    "link": "https://www.astrazeneca.com/partnering/a-catalyst-network.html",
    "timestamp": "unknown"
  },
  {
    "title": "AstraZeneca Websites",
    "link": "https://www.astrazeneca.com/global/en/AstraZeneca-Websites.html",
    "timestamp": "unknown"
  },
  {
    "title": "Global site",
    "link": "https://www.astrazeneca.com",
    "timestamp": "unknown"
  },
  {
    "title": "Media centreMedia centrePress releasesArticlesImage libraryArchiveMedia contactsMore",
    "link": "https://www.astrazeneca.com/media-centre.html",
    "timestamp": "unknown"
  },
  {
    "title": "Media centreMedia centrePress releasesArticlesImage libraryArchiveMedia contactsMore",
    "link": "https://www.astrazeneca.com/media-centre.html",
    "timestamp": "unknown"
  },
  {
    "title": "Media centre",
    "link": "https://www.astrazeneca.com/media-centre.html",
    "timestamp": "unknown"
  },
  {
    "title": "Press releases",
    "link": "https://www.astrazeneca.com/media-centre/press-releases.html",
    "timestamp": "unknown"
  },
  {
    "title": "Articles",
    "link": "https://www.astrazeneca.com/media-centre/articles.html",
    "timestamp": "unknown"
  },
  {
    "title": "Image library",
    "link": "https://www.astrazeneca.com/media-centre/image-and-broadcast-library.html",
    "timestamp": "unknown"
  },
  {
    "title": "Archive",
    "link": "https://www.astrazeneca.com/media-centre/archive.html",
    "timestamp": "unknown"
  },
  {
    "title": "Media contacts",
    "link": "https://www.astrazeneca.com/media-centre/contacts.html",
    "timestamp": "unknown"
  },
  {
    "title": "Press ReleasesView global media contactsHome/Media Centre/ Press ReleasesLatestSearchClear searchMore filtersLess filtersFiltersApplyResults Containin",
    "link": "tel:",
    "timestamp": "unknown"
  },
  {
    "title": "Press ReleasesView global media contacts",
    "link": "tel:",
    "timestamp": "unknown"
  },
  {
    "title": "Press ReleasesView global media contacts",
    "link": "tel:",
    "timestamp": "unknown"
  },
  {
    "title": "Press ReleasesView global media contacts",
    "link": "tel:",
    "timestamp": "unknown"
  },
  {
    "title": "Press ReleasesView global media contacts",
    "link": "tel:",
    "timestamp": "unknown"
  },
  {
    "title": "Press ReleasesView global media contacts",
    "link": "tel:",
    "timestamp": "unknown"
  },
  {
    "title": "View global media contacts",
    "link": "tel:",
    "timestamp": "unknown"
  },
  {
    "title": "View global media contacts",
    "link": "tel:",
    "timestamp": "unknown"
  },
  {
    "title": "Home/Media Centre/ Press ReleasesLatestSearchClear searchMore filtersLess filtersFiltersApplyResults Containing:Years selectedTags selectedResultsLate",
    "link": "https://www.astrazeneca.com/content/astraz.html",
    "timestamp": "unknown"
  },
  {
    "title": "Home/Media Centre/ Press Releases",
    "link": "https://www.astrazeneca.com/content/astraz.html",
    "timestamp": "unknown"
  },
  {
    "title": "Home/Media Centre/ Press Releases",
    "link": "https://www.astrazeneca.com/content/astraz.html",
    "timestamp": "unknown"
  },
  {
    "title": "Home/Media Centre/ Press Releases",
    "link": "https://www.astrazeneca.com/content/astraz.html",
    "timestamp": "unknown"
  },
  {
    "title": "Press release archiveCan&#;t find what you are looking for? Our Press Release archive contains all of our press releases dated before  so you should b",
    "link": "https://www.astrazeneca.com/media-centre/archive.html",
    "timestamp": "unknown"
  },
  {
    "title": "Press release archiveCan&#;t find what you are looking for? Our Press Release archive contains all of our press releases dated before  so you should b",
    "link": "https://www.astrazeneca.com/media-centre/archive.html",
    "timestamp": "unknown"
  },
  {
    "title": "Press release archiveCan&#;t find what you are looking for? Our Press Release archive contains all of our press releases dated before  so you should b",
    "link": "https://www.astrazeneca.com/media-centre/archive.html",
    "timestamp": "unknown"
  },
  {
    "title": "Press release archiveCan&#;t find what you are looking for? Our Press Release archive contains all of our press releases dated before  so you should b",
    "link": "https://www.astrazeneca.com/media-centre/archive.html",
    "timestamp": "unknown"
  },
  {
    "title": "Press release archiveCan&#;t find what you are looking for? Our Press Release archive contains all of our press releases dated before  so you should b",
    "link": "https://www.astrazeneca.com/media-centre/archive.html",
    "timestamp": "unknown"
  },
  {
    "title": "Press release archiveCan&#;t find what you are looking for? Our Press Release archive contains all of our press releases dated before  so you should b",
    "link": "https://www.astrazeneca.com/media-centre/archive.html",
    "timestamp": "unknown"
  },
  {
    "title": "Press release archiveCan&#;t find what you are looking for? Our Press Release archive contains all of our press releases dated before  so you should b",
    "link": "https://www.astrazeneca.com/media-centre/archive.html",
    "timestamp": "unknown"
  },
  {
    "title": "Press release archiveCan&#;t find what you are looking for? Our Press Release archive contains all of our press releases dated before  so you should b",
    "link": "https://www.astrazeneca.com/media-centre/archive.html",
    "timestamp": "unknown"
  },
  {
    "title": "Press release archiveCan&#;t find what you are looking for? Our Press Release archive contains all of our press releases dated before  so you should b",
    "link": "https://www.astrazeneca.com/media-centre/archive.html",
    "timestamp": "unknown"
  },
  {
    "title": "Explore archive",
    "link": "https://www.astrazeneca.com/media-centre/archive.html",
    "timestamp": "unknown"
  },
  {
    "title": "SubscribeSign up to receive our news alertsFollow usJoin in the conversationLinkedInJoin in the conversationContactsView global media contactsSign up ",
    "link": "https://www.astrazeneca.com/media-centre/press-releases.html#promotilesv2-content-astraz-media-centre-press-releases-jcr-content-par-contentwrapper_1232730866-wrapperPar-promotilesv2-signup",
    "timestamp": "unknown"
  },
  {
    "title": "SubscribeSign up to receive our news alertsFollow usJoin in the conversationLinkedInJoin in the conversationContactsView global media contactsSign up ",
    "link": "https://www.astrazeneca.com/media-centre/press-releases.html#promotilesv2-content-astraz-media-centre-press-releases-jcr-content-par-contentwrapper_1232730866-wrapperPar-promotilesv2-signup",
    "timestamp": "unknown"
  },
  {
    "title": "SubscribeSign up to receive our news alertsFollow usJoin in the conversationLinkedInJoin in the conversationContactsView global media contactsSign up ",
    "link": "https://www.astrazeneca.com/media-centre/press-releases.html#promotilesv2-content-astraz-media-centre-press-releases-jcr-content-par-contentwrapper_1232730866-wrapperPar-promotilesv2-signup",
    "timestamp": "unknown"
  },
  {
    "title": "SubscribeSign up to receive our news alertsFollow usJoin in the conversationLinkedInJoin in the conversationContactsView global media contactsSign up ",
    "link": "https://www.astrazeneca.com/media-centre/press-releases.html#promotilesv2-content-astraz-media-centre-press-releases-jcr-content-par-contentwrapper_1232730866-wrapperPar-promotilesv2-signup",
    "timestamp": "unknown"
  },
  {
    "title": "SubscribeSign up to receive our news alertsFollow usJoin in the conversationLinkedInJoin in the conversationContactsView global media contactsSign up ",
    "link": "https://www.astrazeneca.com/media-centre/press-releases.html#promotilesv2-content-astraz-media-centre-press-releases-jcr-content-par-contentwrapper_1232730866-wrapperPar-promotilesv2-signup",
    "timestamp": "unknown"
  },
  {
    "title": "SubscribeSign up to receive our news alertsFollow usJoin in the conversationLinkedInJoin in the conversationContactsView global media contacts",
    "link": "https://www.astrazeneca.com/media-centre/press-releases.html#promotilesv2-content-astraz-media-centre-press-releases-jcr-content-par-contentwrapper_1232730866-wrapperPar-promotilesv2-signup",
    "timestamp": "unknown"
  },
  {
    "title": "SubscribeSign up to receive our news alerts",
    "link": "https://www.astrazeneca.com/media-centre/press-releases.html#promotilesv2-content-astraz-media-centre-press-releases-jcr-content-par-contentwrapper_1232730866-wrapperPar-promotilesv2-signup",
    "timestamp": "unknown"
  },
  {
    "title": "Follow usJoin in the conversation",
    "link": "https://twitter.com/AstraZeneca",
    "timestamp": "unknown"
  },
  {
    "title": "LinkedInJoin in the conversation",
    "link": "https://www.linkedin.com/company/astrazeneca",
    "timestamp": "unknown"
  },
  {
    "title": "ContactsView global media contacts",
    "link": "https://www.astrazeneca.com/media-centre/contacts.html",
    "timestamp": "unknown"
  },
  {
    "title": "Sign up to email alertsYour email address will only be used to provide you with services from AstraZeneca that you requested. You can opt out for emai",
    "link": "https://www.astrazeneca.com/media-centre/press-releases.html#!",
    "timestamp": "unknown"
  },
  {
    "title": "Sign up to email alertsYour email address will only be used to provide you with services from AstraZeneca that you requested. You can opt out for emai",
    "link": "https://www.astrazeneca.com/media-centre/press-releases.html#!",
    "timestamp": "unknown"
  },
  {
    "title": "Sign up to email alertsYour email address will only be used to provide you with services from AstraZeneca that you requested. You can opt out for emai",
    "link": "https://www.astrazeneca.com/media-centre/press-releases.html#!",
    "timestamp": "unknown"
  },
  {
    "title": "Sign up to email alertsYour email address will only be used to provide you with services from AstraZeneca that you requested. You can opt out for emai",
    "link": "https://www.astrazeneca.com/media-centre/press-releases.html#!",
    "timestamp": "unknown"
  },
  {
    "title": "AstraZeneca WebsitesThis website is intended for people seeking information on AstraZeneca's worldwide business. Our country sites can be located in t",
    "link": "https://www.astrazeneca.com/global/en/AstraZeneca-Websites.html",
    "timestamp": "unknown"
  },
  {
    "title": "AstraZeneca WebsitesThis website is intended for people seeking information on AstraZeneca's worldwide business. Our country sites can be located in t",
    "link": "https://www.astrazeneca.com/global/en/AstraZeneca-Websites.html",
    "timestamp": "unknown"
  },
  {
    "title": "ResourcesAll resourcesOpen InnovationExternally sponsored scientific researchMedical Information for HCPsUS prescription assistance programmesGlobal c",
    "link": "https://www.astrazeneca.com/global/en/Resources.html",
    "timestamp": "unknown"
  },
  {
    "title": "ResourcesAll resourcesOpen InnovationExternally sponsored scientific researchMedical Information for HCPsUS prescription assistance programmesGlobal c",
    "link": "https://www.astrazeneca.com/global/en/Resources.html",
    "timestamp": "unknown"
  },
  {
    "title": "All resourcesOpen InnovationExternally sponsored scientific researchMedical Information for HCPsUS prescription assistance programmesGlobal clinical t",
    "link": "https://www.astrazeneca.com/global/en/Resources.html",
    "timestamp": "unknown"
  },
  {
    "title": "All resources",
    "link": "https://www.astrazeneca.com/global/en/Resources.html",
    "timestamp": "unknown"
  },
  {
    "title": "Open Innovation",
    "link": "http://openinnovation.astrazeneca.com",
    "timestamp": "unknown"
  },
  {
    "title": "Externally sponsored scientific research",
    "link": "https://www.astrazeneca.com/partnering/externally-sponsored-scientific-research.html",
    "timestamp": "unknown"
  },
  {
    "title": "Medical Information for HCPs",
    "link": "https://medicalinformation.astrazeneca.com/",
    "timestamp": "unknown"
  },
  {
    "title": "US prescription assistance programmes",
    "link": "http://www.azandme.com",
    "timestamp": "unknown"
  },
  {
    "title": "Global clinical trials information",
    "link": "http://www.astrazenecaclinicaltrials.com/",
    "timestamp": "unknown"
  },
  {
    "title": "Medicines",
    "link": "https://www.astrazeneca.com/our-therapy-areas/medicines.html",
    "timestamp": "unknown"
  },
  {
    "title": "Report a possible side effect",
    "link": "https://contactazmedical.astrazeneca.com/content/astrazeneca-champion/global/en/amp-form.html",
    "timestamp": "unknown"
  },
  {
    "title": "Quick linksMediaInvestor RelationsPartneringCareersSustainabilityModern Slavery StatementAZethics \u2013 Report A ConcernSupplier informationSocial Media C",
    "link": "https://www.astrazeneca.com/media-centre.html",
    "timestamp": "unknown"
  },
  {
    "title": "MediaInvestor RelationsPartneringCareersSustainabilityModern Slavery StatementAZethics \u2013 Report A ConcernSupplier informationSocial Media Community Gu",
    "link": "https://www.astrazeneca.com/media-centre.html",
    "timestamp": "unknown"
  },
  {
    "title": "Media",
    "link": "https://www.astrazeneca.com/media-centre.html",
    "timestamp": "unknown"
  },
  {
    "title": "Investor Relations",
    "link": "https://www.astrazeneca.com/investor-relations.html",
    "timestamp": "unknown"
  },
  {
    "title": "Partnering",
    "link": "https://www.astrazeneca.com/partnering.html",
    "timestamp": "unknown"
  },
  {
    "title": "Careers",
    "link": "https://careers.astrazeneca.com",
    "timestamp": "unknown"
  },
  {
    "title": "Sustainability",
    "link": "https://www.astrazeneca.com/sustainability.html",
    "timestamp": "unknown"
  },
  {
    "title": "Modern Slavery Statement",
    "link": "https://www.astrazeneca.com/content/dam/az/PDF/Sustainability/Modern_Slavery_Act_Statement.pdf",
    "timestamp": "unknown"
  },
  {
    "title": "AZethics \u2013 Report A Concern",
    "link": "http://www.azethics.com/",
    "timestamp": "unknown"
  },
  {
    "title": "Supplier information",
    "link": "https://www.astrazeneca.com/az-suppliers.html",
    "timestamp": "unknown"
  },
  {
    "title": "Social Media Community Guidelines",
    "link": "https://www.astrazeneca.com/media-centre/social-media-community-guidelines.html",
    "timestamp": "unknown"
  },
  {
    "title": "Social MediaLinkednInstagramFacebookTwitterYouTubeGlassdoor",
    "link": "https://www.linkedin.com/company/astrazeneca",
    "timestamp": "unknown"
  },
  {
    "title": "Linkedn",
    "link": "https://www.linkedin.com/company/astrazeneca",
    "timestamp": "unknown"
  },
  {
    "title": "Instagram",
    "link": "https://www.instagram.com/astrazeneca/",
    "timestamp": "unknown"
  },
  {
    "title": "Facebook",
    "link": "https://www.facebook.com/AstraZeneca/",
    "timestamp": "unknown"
  },
  {
    "title": "Twitter",
    "link": "https://twitter.com/AstraZeneca",
    "timestamp": "unknown"
  },
  {
    "title": "YouTube",
    "link": "https://www.youtube.com/user/astrazeneca",
    "timestamp": "unknown"
  },
  {
    "title": "Glassdoor",
    "link": "https://www.glassdoor.co.uk/Overview/Working-at-AstraZeneca-EI_IE9214.,.htm",
    "timestamp": "unknown"
  },
  {
    "title": "Legal notice and Terms of Use",
    "link": "https://www.astrazeneca.com/legal-notice-and-terms-of-use.html",
    "timestamp": "unknown"
  },
  {
    "title": "Privacy notice",
    "link": "https://www.azprivacy.astrazeneca.com",
    "timestamp": "unknown"
  },
  {
    "title": "Site map",
    "link": "https://www.astrazeneca.com/global/en/sitemap.html",
    "timestamp": "unknown"
  },
  {
    "title": "Contact us",
    "link": "https://www.astrazeneca.com/our-company/Contact-us.html",
    "timestamp": "unknown"
  },
  {
    "title": "You are now leaving AstraZeneca.comYou have selected a link that will take you to a site maintained by a third party who is solely responsible for its",
    "link": "https://www.astrazeneca.com/media-centre/press-releases.html",
    "timestamp": "unknown"
  },
  {
    "title": "You are now leaving AstraZeneca.comYou have selected a link that will take you to a site maintained by a third party who is solely responsible for its",
    "link": "https://www.astrazeneca.com/media-centre/press-releases.html",
    "timestamp": "unknown"
  },
  {
    "title": "You are now leaving AstraZeneca.comYou have selected a link that will take you to a site maintained by a third party who is solely responsible for its",
    "link": "https://www.astrazeneca.com/media-centre/press-releases.html",
    "timestamp": "unknown"
  },
  {
    "title": "You are now leaving AstraZeneca.comYou have selected a link that will take you to a site maintained by a third party who is solely responsible for its",
    "link": "https://www.astrazeneca.com/media-centre/press-releases.html",
    "timestamp": "unknown"
  },
  {
    "title": "Important notice for usersYou are about to access AstraZeneca historic archive material. Any reference in these archives to AstraZeneca products or th",
    "link": "https://www.astrazeneca.com/media-centre/press-releases.html",
    "timestamp": "unknown"
  },
  {
    "title": "Important notice for usersYou are about to access AstraZeneca historic archive material. Any reference in these archives to AstraZeneca products or th",
    "link": "https://www.astrazeneca.com/media-centre/press-releases.html",
    "timestamp": "unknown"
  },
  {
    "title": "Important notice for usersYou are about to access AstraZeneca historic archive material. Any reference in these archives to AstraZeneca products or th",
    "link": "https://www.astrazeneca.com/media-centre/press-releases.html",
    "timestamp": "unknown"
  },
  {
    "title": "Important notice for usersYou are about to access AstraZeneca historic archive material. Any reference in these archives to AstraZeneca products or th",
    "link": "https://www.astrazeneca.com/media-centre/press-releases.html",
    "timestamp": "unknown"
  },
  {
    "title": "Important notice for usersYou are about to access AstraZeneca historic archive material. Any reference in these archives to AstraZeneca products or th",
    "link": "https://www.astrazeneca.com/media-centre/press-releases.html",
    "timestamp": "unknown"
  }
]