[
  {
    "title": "About UsScienceScience OverviewBase EditingBase Editing ApplicationsPresentations and PublicationsPipelinePatientsPatients OverviewCommitmentOur Resea",
    "link": "https://beamtx.com/",
    "timestamp": "unknown"
  },
  {
    "title": "About UsScienceScience OverviewBase EditingBase Editing ApplicationsPresentations and PublicationsPipelinePatientsPatients OverviewCommitmentOur Resea",
    "link": "https://beamtx.com/",
    "timestamp": "unknown"
  },
  {
    "title": "About UsScienceScience OverviewBase EditingBase Editing ApplicationsPresentations and PublicationsPipelinePatientsPatients OverviewCommitmentOur Resea",
    "link": "https://beamtx.com/about-us/",
    "timestamp": "unknown"
  },
  {
    "title": "About Us",
    "link": "https://beamtx.com/about-us/",
    "timestamp": "unknown"
  },
  {
    "title": "ScienceScience OverviewBase EditingBase Editing ApplicationsPresentations and Publications",
    "link": "https://beamtx.com/science/",
    "timestamp": "unknown"
  },
  {
    "title": "Science Overview",
    "link": "https://beamtx.com/science/",
    "timestamp": "unknown"
  },
  {
    "title": "Base Editing",
    "link": "https://beamtx.com/science/base-editing/",
    "timestamp": "unknown"
  },
  {
    "title": "Base Editing Applications",
    "link": "https://beamtx.com/science/base-editing-applications/",
    "timestamp": "unknown"
  },
  {
    "title": "Presentations and Publications",
    "link": "https://beamtx.com/science/presentations-and-publications/",
    "timestamp": "unknown"
  },
  {
    "title": "Pipeline",
    "link": "https://beamtx.com/pipeline/",
    "timestamp": "unknown"
  },
  {
    "title": "PatientsPatients OverviewCommitmentOur ResearchExpanded Access",
    "link": "https://beamtx.com/patients/",
    "timestamp": "unknown"
  },
  {
    "title": "Patients Overview",
    "link": "https://beamtx.com/patients/",
    "timestamp": "unknown"
  },
  {
    "title": "Commitment",
    "link": "https://beamtx.com/patients/commitment/",
    "timestamp": "unknown"
  },
  {
    "title": "Our Research",
    "link": "https://beamtx.com/patients/our-research/",
    "timestamp": "unknown"
  },
  {
    "title": "Expanded Access",
    "link": "https://beamtx.com/patients/expanded-access/",
    "timestamp": "unknown"
  },
  {
    "title": "Investors",
    "link": "https://investors.beamtx.com/",
    "timestamp": "unknown"
  },
  {
    "title": "CareersCareers OverviewInternships and Co-opsCurrent Openings",
    "link": "https://beamtx.com/careers/",
    "timestamp": "unknown"
  },
  {
    "title": "Careers Overview",
    "link": "https://beamtx.com/careers/",
    "timestamp": "unknown"
  },
  {
    "title": "Internships and Co-ops",
    "link": "https://beamtx.com/careers/internships-and-co-ops/",
    "timestamp": "unknown"
  },
  {
    "title": "Current Openings",
    "link": "https://beamtx.com/jobs/",
    "timestamp": "unknown"
  },
  {
    "title": "Contact",
    "link": "https://beamtx.com/contact/",
    "timestamp": "unknown"
  },
  {
    "title": "Saved jobs",
    "link": "https://beamtx.com/jobs/saved-jobs/",
    "timestamp": "unknown"
  },
  {
    "title": "Saved jobs",
    "link": "https://beamtx.com/jobs/saved-jobs/",
    "timestamp": "unknown"
  },
  {
    "title": "About Us",
    "link": "https://beamtx.com/about-us/",
    "timestamp": "unknown"
  },
  {
    "title": "ScienceScience OverviewBase EditingBase Editing ApplicationsPresentations and Publications",
    "link": "https://beamtx.com/science/",
    "timestamp": "unknown"
  },
  {
    "title": "Science Overview",
    "link": "https://beamtx.com/science/",
    "timestamp": "unknown"
  },
  {
    "title": "Base Editing",
    "link": "https://beamtx.com/science/base-editing/",
    "timestamp": "unknown"
  },
  {
    "title": "Base Editing Applications",
    "link": "https://beamtx.com/science/base-editing-applications/",
    "timestamp": "unknown"
  },
  {
    "title": "Presentations and Publications",
    "link": "https://beamtx.com/science/presentations-and-publications/",
    "timestamp": "unknown"
  },
  {
    "title": "Pipeline",
    "link": "https://beamtx.com/pipeline/",
    "timestamp": "unknown"
  },
  {
    "title": "PatientsPatients OverviewCommitmentOur ResearchExpanded Access",
    "link": "https://beamtx.com/patients/",
    "timestamp": "unknown"
  },
  {
    "title": "Patients Overview",
    "link": "https://beamtx.com/patients/",
    "timestamp": "unknown"
  },
  {
    "title": "Commitment",
    "link": "https://beamtx.com/patients/commitment/",
    "timestamp": "unknown"
  },
  {
    "title": "Our Research",
    "link": "https://beamtx.com/patients/our-research/",
    "timestamp": "unknown"
  },
  {
    "title": "Expanded Access",
    "link": "https://beamtx.com/patients/expanded-access/",
    "timestamp": "unknown"
  },
  {
    "title": "Investors",
    "link": "https://investors.beamtx.com/",
    "timestamp": "unknown"
  },
  {
    "title": "CareersCareers OverviewInternships and Co-opsCurrent Openings",
    "link": "https://beamtx.com/careers/",
    "timestamp": "unknown"
  },
  {
    "title": "Careers Overview",
    "link": "https://beamtx.com/careers/",
    "timestamp": "unknown"
  },
  {
    "title": "Internships and Co-ops",
    "link": "https://beamtx.com/careers/internships-and-co-ops/",
    "timestamp": "unknown"
  },
  {
    "title": "Current Openings",
    "link": "https://beamtx.com/jobs/",
    "timestamp": "unknown"
  },
  {
    "title": "Contact",
    "link": "https://beamtx.com/contact/",
    "timestamp": "unknown"
  },
  {
    "title": "Sitemap",
    "link": "https://beamtx.com/sitemap/",
    "timestamp": "unknown"
  },
  {
    "title": "Privacy Policy",
    "link": "https://beamtx.com/privacy-policy/",
    "timestamp": "unknown"
  },
  {
    "title": "Terms of use",
    "link": "https://beamtx.com/terms-of-use/",
    "timestamp": "unknown"
  },
  {
    "title": "Presentations and PublicationsOur scientific advancesWe are excited to share updates on our scientific progress in translating gene editing into a pot",
    "link": "https://beamtx.com/wp-content/uploads///BEAM--EHA_Final_22May2025.pdf",
    "timestamp": "unknown"
  },
  {
    "title": "Filter By:ProgramAllBeam-Beam-Beam-EscapeResearchBeam-Beam-Apply FilterJune ,  | Beam-Base editing for sickle cell disease: ongoing results from the B",
    "link": "https://beamtx.com/wp-content/uploads///BEAM--EHA_Final_22May2025.pdf",
    "timestamp": "unknown"
  },
  {
    "title": "Filter By:ProgramAllBeam-Beam-Beam-EscapeResearchBeam-Beam-Apply FilterJune ,  | Beam-Base editing for sickle cell disease: ongoing results from the B",
    "link": "https://beamtx.com/wp-content/uploads///BEAM--EHA_Final_22May2025.pdf",
    "timestamp": "unknown"
  },
  {
    "title": "June ,  | Beam-Base editing for sickle cell disease: ongoing results from the BEACON study evaluating the safety and efficacy of BEAM-, the first base",
    "link": "https://beamtx.com/wp-content/uploads///BEAM--EHA_Final_22May2025.pdf",
    "timestamp": "unknown"
  },
  {
    "title": "June ,  | Beam-Base editing for sickle cell disease: ongoing results from the BEACON study evaluating the safety and efficacy of BEAM-, the first base",
    "link": "https://beamtx.com/wp-content/uploads///BEAM--EHA_Final_22May2025.pdf",
    "timestamp": "unknown"
  },
  {
    "title": "June ,  | Beam-Base editing for sickle cell disease: ongoing results from the BEACON study evaluating the safety and efficacy of BEAM-, the first base",
    "link": "https://beamtx.com/wp-content/uploads///BEAM--EHA_Final_22May2025.pdf",
    "timestamp": "unknown"
  },
  {
    "title": "June ,  | Beam-Base editing for sickle cell disease: ongoing results from the BEACON study evaluating the safety and efficacy of BEAM-, the first base",
    "link": "https://beamtx.com/wp-content/uploads///BEAM--EHA_Final_22May2025.pdf",
    "timestamp": "unknown"
  },
  {
    "title": "June ,  | Beam-Base editing for sickle cell disease: ongoing results from the BEACON study evaluating the safety and efficacy of BEAM-, the first base",
    "link": "https://beamtx.com/wp-content/uploads///BEAM--EHA_Final_22May2025.pdf",
    "timestamp": "unknown"
  },
  {
    "title": "June ,  | Beam-Integrated Editing and Manufacturing Process Design for BEAM-, an Autologous CD34+ HSPC Therapy for Sickle Cell Disease, Results in Rob",
    "link": "https://beamtx.com/wp-content/uploads/-FINAL-BEAM--Manufacturing-Process-EHA-Poster.pdf",
    "timestamp": "unknown"
  },
  {
    "title": "June ,  | Beam-Integrated Editing and Manufacturing Process Design for BEAM-, an Autologous CD34+ HSPC Therapy for Sickle Cell Disease, Results in Rob",
    "link": "https://beamtx.com/wp-content/uploads/-FINAL-BEAM--Manufacturing-Process-EHA-Poster.pdf",
    "timestamp": "unknown"
  },
  {
    "title": "June ,  | Beam-Integrated Editing and Manufacturing Process Design for BEAM-, an Autologous CD34+ HSPC Therapy for Sickle Cell Disease, Results in Rob",
    "link": "https://beamtx.com/wp-content/uploads/-FINAL-BEAM--Manufacturing-Process-EHA-Poster.pdf",
    "timestamp": "unknown"
  },
  {
    "title": "June ,  | Beam-Red blood cell (RBC) health and function post BEAM- treatment: multiple exploratory biomarkers demonstrate rheology and sickling parame",
    "link": "https://beamtx.com/wp-content/uploads///PF1155_Chockalingam.pdf",
    "timestamp": "unknown"
  },
  {
    "title": "June ,  | Beam-Red blood cell (RBC) health and function post BEAM- treatment: multiple exploratory biomarkers demonstrate rheology and sickling parame",
    "link": "https://beamtx.com/wp-content/uploads///PF1155_Chockalingam.pdf",
    "timestamp": "unknown"
  },
  {
    "title": "June ,  | Beam-Red blood cell (RBC) health and function post BEAM- treatment: multiple exploratory biomarkers demonstrate rheology and sickling parame",
    "link": "https://beamtx.com/wp-content/uploads///PF1155_Chockalingam.pdf",
    "timestamp": "unknown"
  },
  {
    "title": "May ,  | Beam-Evaluating the Economic Burden: Lifetime Direct and Indirect Costs of Managing Alpha- Antitrypsin Deficiency  for Patients with the Pi*Z",
    "link": "https://beamtx.com/wp-content/uploads///AATD-ATS--Poster.pdf",
    "timestamp": "unknown"
  },
  {
    "title": "May ,  | Beam-Evaluating the Economic Burden: Lifetime Direct and Indirect Costs of Managing Alpha- Antitrypsin Deficiency  for Patients with the Pi*Z",
    "link": "https://beamtx.com/wp-content/uploads///AATD-ATS--Poster.pdf",
    "timestamp": "unknown"
  },
  {
    "title": "May ,  | Beam-Evaluating the Economic Burden: Lifetime Direct and Indirect Costs of Managing Alpha- Antitrypsin Deficiency  for Patients with the Pi*Z",
    "link": "https://beamtx.com/wp-content/uploads///AATD-ATS--Poster.pdf",
    "timestamp": "unknown"
  },
  {
    "title": "April ,  | Beam-BEAM-: A potential base editing therapeutic for alpha- antitrypsin deficiency (Alpha-)Alpha- Foundation 7th Global Research Conference",
    "link": "https://beamtx.com/wp-content/uploads///BEAM--A-potential-base-editing-therapeutic-for-alpha--antitrypsin-deficiency-Alpha-.pdf",
    "timestamp": "unknown"
  },
  {
    "title": "April ,  | Beam-BEAM-: A potential base editing therapeutic for alpha- antitrypsin deficiency (Alpha-)Alpha- Foundation 7th Global Research Conference",
    "link": "https://beamtx.com/wp-content/uploads///BEAM--A-potential-base-editing-therapeutic-for-alpha--antitrypsin-deficiency-Alpha-.pdf",
    "timestamp": "unknown"
  },
  {
    "title": "April ,  | Beam-BEAM-: A potential base editing therapeutic for alpha- antitrypsin deficiency (Alpha-)Alpha- Foundation 7th Global Research Conference",
    "link": "https://beamtx.com/wp-content/uploads///BEAM--A-potential-base-editing-therapeutic-for-alpha--antitrypsin-deficiency-Alpha-.pdf",
    "timestamp": "unknown"
  },
  {
    "title": "December ,  | Beam-BEAM- for the Treatment of Relapsed and/or Refractory (R/R) T-Cell Acute Lymphoblastic Leukemia (T-ALL) or T-Cell Lymphoblastic Lym",
    "link": "https://beamtx.com/wp-content/uploads///BEAM--for-the-Treatment-of-Relapsed-andor-Refractory-RR-T-Cell-Acute-Lymphoblastic-Leukemia.pdf",
    "timestamp": "unknown"
  },
  {
    "title": "December ,  | Beam-BEAM- for the Treatment of Relapsed and/or Refractory (R/R) T-Cell Acute Lymphoblastic Leukemia (T-ALL) or T-Cell Lymphoblastic Lym",
    "link": "https://beamtx.com/wp-content/uploads///BEAM--for-the-Treatment-of-Relapsed-andor-Refractory-RR-T-Cell-Acute-Lymphoblastic-Leukemia.pdf",
    "timestamp": "unknown"
  },
  {
    "title": "December ,  | Beam-BEAM- for the Treatment of Relapsed and/or Refractory (R/R) T-Cell Acute Lymphoblastic Leukemia (T-ALL) or T-Cell Lymphoblastic Lym",
    "link": "https://beamtx.com/wp-content/uploads///BEAM--for-the-Treatment-of-Relapsed-andor-Refractory-RR-T-Cell-Acute-Lymphoblastic-Leukemia.pdf",
    "timestamp": "unknown"
  },
  {
    "title": "December ,  | Beam-Impact of BEAM- Treatment on Red Blood Cell Hemoglobin Expression, Rheology and Sickling Properties: Initial Data from the BEACON P",
    "link": "https://beamtx.com/wp-content/uploads///Impact-of-BEAM--Treatment-on-Red-Blood-Cell-Hemoglobin-Expression-Rheology-and-Sickling-Properties.pdf",
    "timestamp": "unknown"
  },
  {
    "title": "December ,  | Beam-Impact of BEAM- Treatment on Red Blood Cell Hemoglobin Expression, Rheology and Sickling Properties: Initial Data from the BEACON P",
    "link": "https://beamtx.com/wp-content/uploads///Impact-of-BEAM--Treatment-on-Red-Blood-Cell-Hemoglobin-Expression-Rheology-and-Sickling-Properties.pdf",
    "timestamp": "unknown"
  },
  {
    "title": "December ,  | Beam-Impact of BEAM- Treatment on Red Blood Cell Hemoglobin Expression, Rheology and Sickling Properties: Initial Data from the BEACON P",
    "link": "https://beamtx.com/wp-content/uploads///Impact-of-BEAM--Treatment-on-Red-Blood-Cell-Hemoglobin-Expression-Rheology-and-Sickling-Properties.pdf",
    "timestamp": "unknown"
  },
  {
    "title": "December ,  | EscapeCD117 antibody conditioning and multiplex base editing enable rapid and robust fetal hemoglobin reactivation in a rhesus autologou",
    "link": "https://beamtx.com/wp-content/uploads///CD117-antibody-conditioning-and-multiplex-base-editing-.pdf",
    "timestamp": "unknown"
  },
  {
    "title": "December ,  | EscapeCD117 antibody conditioning and multiplex base editing enable rapid and robust fetal hemoglobin reactivation in a rhesus autologou",
    "link": "https://beamtx.com/wp-content/uploads///CD117-antibody-conditioning-and-multiplex-base-editing-.pdf",
    "timestamp": "unknown"
  },
  {
    "title": "December ,  | EscapeCD117 antibody conditioning and multiplex base editing enable rapid and robust fetal hemoglobin reactivation in a rhesus autologou",
    "link": "https://beamtx.com/wp-content/uploads///CD117-antibody-conditioning-and-multiplex-base-editing-.pdf",
    "timestamp": "unknown"
  },
  {
    "title": "December ,  | Beam-Initial Results from the Beacon Clinical StudyASH Annual MeetingRead More",
    "link": "https://beamtx.com/wp-content/uploads///A-Phase--study-evaluating-the-safety-and-efficacy-of-a-single-dose-of-autologous-CD34-base-edited-hematopoietic-stem-cells-BEAM-.pdf",
    "timestamp": "unknown"
  },
  {
    "title": "December ,  | Beam-Initial Results from the Beacon Clinical StudyASH Annual MeetingRead More",
    "link": "https://beamtx.com/wp-content/uploads///A-Phase--study-evaluating-the-safety-and-efficacy-of-a-single-dose-of-autologous-CD34-base-edited-hematopoietic-stem-cells-BEAM-.pdf",
    "timestamp": "unknown"
  },
  {
    "title": "December ,  | Beam-Initial Results from the Beacon Clinical StudyASH Annual MeetingRead More",
    "link": "https://beamtx.com/wp-content/uploads///A-Phase--study-evaluating-the-safety-and-efficacy-of-a-single-dose-of-autologous-CD34-base-edited-hematopoietic-stem-cells-BEAM-.pdf",
    "timestamp": "unknown"
  },
  {
    "title": "November ,  | Beam-Base-editing corrects metabolic abnormalities in a humanized mouse model for glycogen storage disease type-IaNature CommunicationsR",
    "link": "https://www.nature.com/articles/s41467---",
    "timestamp": "unknown"
  },
  {
    "title": "November ,  | Beam-Base-editing corrects metabolic abnormalities in a humanized mouse model for glycogen storage disease type-IaNature CommunicationsR",
    "link": "https://www.nature.com/articles/s41467---",
    "timestamp": "unknown"
  },
  {
    "title": "November ,  | Beam-Base-editing corrects metabolic abnormalities in a humanized mouse model for glycogen storage disease type-IaNature CommunicationsR",
    "link": "https://www.nature.com/articles/s41467---",
    "timestamp": "unknown"
  },
  {
    "title": "June ,  | Beam-Robust autologous CD34+ HSPC manufacturing with a closed and automated process optimized for patients with sickle cell diseaseEHA Congr",
    "link": "https://beamtx.com/wp-content/uploads///Robust-autologous-CD34-HSPC-manufacturing-with-a-closed-and-automated-process-optimized-for-patients-with-sickle-cell-disease.pdf",
    "timestamp": "unknown"
  },
  {
    "title": "June ,  | Beam-Robust autologous CD34+ HSPC manufacturing with a closed and automated process optimized for patients with sickle cell diseaseEHA Congr",
    "link": "https://beamtx.com/wp-content/uploads///Robust-autologous-CD34-HSPC-manufacturing-with-a-closed-and-automated-process-optimized-for-patients-with-sickle-cell-disease.pdf",
    "timestamp": "unknown"
  },
  {
    "title": "June ,  | Beam-Robust autologous CD34+ HSPC manufacturing with a closed and automated process optimized for patients with sickle cell diseaseEHA Congr",
    "link": "https://beamtx.com/wp-content/uploads///Robust-autologous-CD34-HSPC-manufacturing-with-a-closed-and-automated-process-optimized-for-patients-with-sickle-cell-disease.pdf",
    "timestamp": "unknown"
  },
  {
    "title": "June ,  | Beam-BEAM-: Base editing as a potential therapeutic approach for alpha- antitrypsin deficiency (Alpha-)Alpha- National ConferenceRead More",
    "link": "https://beamtx.com/wp-content/uploads///BEAM--Base-editing-as-a-potential-therapeutic-approach-for-alpha--antitrypsin-deficiency.pdf",
    "timestamp": "unknown"
  },
  {
    "title": "June ,  | Beam-BEAM-: Base editing as a potential therapeutic approach for alpha- antitrypsin deficiency (Alpha-)Alpha- National ConferenceRead More",
    "link": "https://beamtx.com/wp-content/uploads///BEAM--Base-editing-as-a-potential-therapeutic-approach-for-alpha--antitrypsin-deficiency.pdf",
    "timestamp": "unknown"
  },
  {
    "title": "June ,  | Beam-BEAM-: Base editing as a potential therapeutic approach for alpha- antitrypsin deficiency (Alpha-)Alpha- National ConferenceRead More",
    "link": "https://beamtx.com/wp-content/uploads///BEAM--Base-editing-as-a-potential-therapeutic-approach-for-alpha--antitrypsin-deficiency.pdf",
    "timestamp": "unknown"
  },
  {
    "title": "October ,  | Beam-A Single, Systemic Administration of BEAM- Mitigated Fasting Hypoglycemia One Year after Dosing in a Transgenic Mouse Model of Glyco",
    "link": "https://beamtx.com/wp-content/uploads///A-Single-Systemic-Administration-of-BEAM--Mitigated-Fasting-Hypoglycemia-One-Year-after-Dosing-in-a-Transgenic-Mouse-Model-of-Glycogen-Storage-Disease-Type-Ia.pdf",
    "timestamp": "unknown"
  },
  {
    "title": "October ,  | Beam-A Single, Systemic Administration of BEAM- Mitigated Fasting Hypoglycemia One Year after Dosing in a Transgenic Mouse Model of Glyco",
    "link": "https://beamtx.com/wp-content/uploads///A-Single-Systemic-Administration-of-BEAM--Mitigated-Fasting-Hypoglycemia-One-Year-after-Dosing-in-a-Transgenic-Mouse-Model-of-Glycogen-Storage-Disease-Type-Ia.pdf",
    "timestamp": "unknown"
  },
  {
    "title": "October ,  | Beam-A Single, Systemic Administration of BEAM- Mitigated Fasting Hypoglycemia One Year after Dosing in a Transgenic Mouse Model of Glyco",
    "link": "https://beamtx.com/wp-content/uploads///A-Single-Systemic-Administration-of-BEAM--Mitigated-Fasting-Hypoglycemia-One-Year-after-Dosing-in-a-Transgenic-Mouse-Model-of-Glycogen-Storage-Disease-Type-Ia.pdf",
    "timestamp": "unknown"
  },
  {
    "title": "October ,  | Beam-BEAM- decreases hepatic aggregates of mutant AAT and increases circulating functional AAT in rodent models of Alpha- Antitrypsin Def",
    "link": "https://beamtx.com/wp-content/uploads///BEAM--decreases-hepatic-aggregates-of-mutant-AAT-and-increases-circulating-functional-AAT-in-rodent-models-of-Alpha--Antitrypsin-Deficiency.pdf",
    "timestamp": "unknown"
  },
  {
    "title": "October ,  | Beam-BEAM- decreases hepatic aggregates of mutant AAT and increases circulating functional AAT in rodent models of Alpha- Antitrypsin Def",
    "link": "https://beamtx.com/wp-content/uploads///BEAM--decreases-hepatic-aggregates-of-mutant-AAT-and-increases-circulating-functional-AAT-in-rodent-models-of-Alpha--Antitrypsin-Deficiency.pdf",
    "timestamp": "unknown"
  },
  {
    "title": "October ,  | Beam-BEAM- decreases hepatic aggregates of mutant AAT and increases circulating functional AAT in rodent models of Alpha- Antitrypsin Def",
    "link": "https://beamtx.com/wp-content/uploads///BEAM--decreases-hepatic-aggregates-of-mutant-AAT-and-increases-circulating-functional-AAT-in-rodent-models-of-Alpha--Antitrypsin-Deficiency.pdf",
    "timestamp": "unknown"
  },
  {
    "title": "September ,  | ResearchAdenine Base Editing enables sustained reduction of HBsAg expression and inhibition of Hepatitis B viral replication in preclin",
    "link": "https://beamtx.com/wp-content/uploads///Adenine-Base-Editing-enables-sustained-reduction-of-HBsAg-expression-and-inhibition-of-Hepatitis-B-viral-replication-in-preclinical-models.pdf",
    "timestamp": "unknown"
  },
  {
    "title": "September ,  | ResearchAdenine Base Editing enables sustained reduction of HBsAg expression and inhibition of Hepatitis B viral replication in preclin",
    "link": "https://beamtx.com/wp-content/uploads///Adenine-Base-Editing-enables-sustained-reduction-of-HBsAg-expression-and-inhibition-of-Hepatitis-B-viral-replication-in-preclinical-models.pdf",
    "timestamp": "unknown"
  },
  {
    "title": "September ,  | ResearchAdenine Base Editing enables sustained reduction of HBsAg expression and inhibition of Hepatitis B viral replication in preclin",
    "link": "https://beamtx.com/wp-content/uploads///Adenine-Base-Editing-enables-sustained-reduction-of-HBsAg-expression-and-inhibition-of-Hepatitis-B-viral-replication-in-preclinical-models.pdf",
    "timestamp": "unknown"
  },
  {
    "title": "September ,  | Beam-BEAM-: Targeting AATD-related Liver and Lung Disease with Base EditingAlpha- Antitrypsin Deficiency  MeetingRead More",
    "link": "https://beamtx.com/wp-content/uploads///BEAM--Targeting-AATD-related-Liver-and-Lung-Disease-with-Base-Editing.pdf",
    "timestamp": "unknown"
  },
  {
    "title": "September ,  | Beam-BEAM-: Targeting AATD-related Liver and Lung Disease with Base EditingAlpha- Antitrypsin Deficiency  MeetingRead More",
    "link": "https://beamtx.com/wp-content/uploads///BEAM--Targeting-AATD-related-Liver-and-Lung-Disease-with-Base-Editing.pdf",
    "timestamp": "unknown"
  },
  {
    "title": "September ,  | Beam-BEAM-: Targeting AATD-related Liver and Lung Disease with Base EditingAlpha- Antitrypsin Deficiency  MeetingRead More",
    "link": "https://beamtx.com/wp-content/uploads///BEAM--Targeting-AATD-related-Liver-and-Lung-Disease-with-Base-Editing.pdf",
    "timestamp": "unknown"
  },
  {
    "title": "May ,  | EscapePaired HSC Epitope Engineering of CD117 (cKIT) for Antibody-Mediated Autologous Hematopoietic Stem Cell Therapy Conditioning for The Po",
    "link": "https://beamtx.com/wp-content/uploads///Paired-HSC-Epitope-Engineering-of-CD117-cKIT-for-Antibody-Mediated-Autologous-Hematopoietic-Stem-Cell-Therapy-Conditioning-for-The-Potential-Treatment-of-Hemoglobinopathies.pdf",
    "timestamp": "unknown"
  },
  {
    "title": "May ,  | EscapePaired HSC Epitope Engineering of CD117 (cKIT) for Antibody-Mediated Autologous Hematopoietic Stem Cell Therapy Conditioning for The Po",
    "link": "https://beamtx.com/wp-content/uploads///Paired-HSC-Epitope-Engineering-of-CD117-cKIT-for-Antibody-Mediated-Autologous-Hematopoietic-Stem-Cell-Therapy-Conditioning-for-The-Potential-Treatment-of-Hemoglobinopathies.pdf",
    "timestamp": "unknown"
  },
  {
    "title": "May ,  | EscapePaired HSC Epitope Engineering of CD117 (cKIT) for Antibody-Mediated Autologous Hematopoietic Stem Cell Therapy Conditioning for The Po",
    "link": "https://beamtx.com/wp-content/uploads///Paired-HSC-Epitope-Engineering-of-CD117-cKIT-for-Antibody-Mediated-Autologous-Hematopoietic-Stem-Cell-Therapy-Conditioning-for-The-Potential-Treatment-of-Hemoglobinopathies.pdf",
    "timestamp": "unknown"
  },
  {
    "title": "May ,  | ResearchIn Vivo Genetic Eye Disease Correction Using Split AAV-Mediated Adenine Base EditingASGCT 26th Annual MeetingRead More",
    "link": "https://beamtx.com/wp-content/uploads///In-Vivo-Genetic-Eye-Disease-Correction-Using-Split-AAV-Mediated-Adenine-Base-Editing.pdf",
    "timestamp": "unknown"
  },
  {
    "title": "May ,  | ResearchIn Vivo Genetic Eye Disease Correction Using Split AAV-Mediated Adenine Base EditingASGCT 26th Annual MeetingRead More",
    "link": "https://beamtx.com/wp-content/uploads///In-Vivo-Genetic-Eye-Disease-Correction-Using-Split-AAV-Mediated-Adenine-Base-Editing.pdf",
    "timestamp": "unknown"
  },
  {
    "title": "May ,  | ResearchIn Vivo Genetic Eye Disease Correction Using Split AAV-Mediated Adenine Base EditingASGCT 26th Annual MeetingRead More",
    "link": "https://beamtx.com/wp-content/uploads///In-Vivo-Genetic-Eye-Disease-Correction-Using-Split-AAV-Mediated-Adenine-Base-Editing.pdf",
    "timestamp": "unknown"
  },
  {
    "title": "January ,  | ResearchImproved cytosine base editors generated from TadA variantNature BiotechnologyRead More",
    "link": "https://beamtx.com/wp-content/uploads///Improved-cytosine-base-editors-generated-from-TadA-variants.pdf",
    "timestamp": "unknown"
  },
  {
    "title": "January ,  | ResearchImproved cytosine base editors generated from TadA variantNature BiotechnologyRead More",
    "link": "https://beamtx.com/wp-content/uploads///Improved-cytosine-base-editors-generated-from-TadA-variants.pdf",
    "timestamp": "unknown"
  },
  {
    "title": "January ,  | ResearchImproved cytosine base editors generated from TadA variantNature BiotechnologyRead More",
    "link": "https://beamtx.com/wp-content/uploads///Improved-cytosine-base-editors-generated-from-TadA-variants.pdf",
    "timestamp": "unknown"
  },
  {
    "title": "December ,  | EscapeEngineered Stem Cell Antibody Paired Evasion  (ESCAPE-): Paired HSC epitope engineering and upregulation of fetal hemoglobin for a",
    "link": "https://beamtx.com/wp-content/uploads///Engineered-Stem-Cell-Antibody-Paired-Evasion--ESCAPE-.pdf",
    "timestamp": "unknown"
  },
  {
    "title": "December ,  | EscapeEngineered Stem Cell Antibody Paired Evasion  (ESCAPE-): Paired HSC epitope engineering and upregulation of fetal hemoglobin for a",
    "link": "https://beamtx.com/wp-content/uploads///Engineered-Stem-Cell-Antibody-Paired-Evasion--ESCAPE-.pdf",
    "timestamp": "unknown"
  },
  {
    "title": "December ,  | EscapeEngineered Stem Cell Antibody Paired Evasion  (ESCAPE-): Paired HSC epitope engineering and upregulation of fetal hemoglobin for a",
    "link": "https://beamtx.com/wp-content/uploads///Engineered-Stem-Cell-Antibody-Paired-Evasion--ESCAPE-.pdf",
    "timestamp": "unknown"
  },
  {
    "title": "December ,  | EscapeESCAPE-: Paired HSC CD117-epitope engineering and direct editing of sickle allele through base editing for antibody-mediated autol",
    "link": "https://beamtx.com/wp-content/uploads///ESCAPE--Paired-HSC-CD117-epitope-engineering-and-direct-editing-of-sickle-allele-through-base-editing.pdf",
    "timestamp": "unknown"
  },
  {
    "title": "December ,  | EscapeESCAPE-: Paired HSC CD117-epitope engineering and direct editing of sickle allele through base editing for antibody-mediated autol",
    "link": "https://beamtx.com/wp-content/uploads///ESCAPE--Paired-HSC-CD117-epitope-engineering-and-direct-editing-of-sickle-allele-through-base-editing.pdf",
    "timestamp": "unknown"
  },
  {
    "title": "December ,  | EscapeESCAPE-: Paired HSC CD117-epitope engineering and direct editing of sickle allele through base editing for antibody-mediated autol",
    "link": "https://beamtx.com/wp-content/uploads///ESCAPE--Paired-HSC-CD117-epitope-engineering-and-direct-editing-of-sickle-allele-through-base-editing.pdf",
    "timestamp": "unknown"
  },
  {
    "title": "September ,  | ResearchCytosine base editing inhibits Hepatitis B Virus replication and reduces HBsAg expression in vitro and in vivoHBV International",
    "link": "https://beamtx.com/wp-content/uploads///Cytosine-base-editing-inhibits-Hepatitis-B-Virus-replication-and-reduces-HBsAg-expression-in-vitro-and-in-vivo.pdf",
    "timestamp": "unknown"
  },
  {
    "title": "September ,  | ResearchCytosine base editing inhibits Hepatitis B Virus replication and reduces HBsAg expression in vitro and in vivoHBV International",
    "link": "https://beamtx.com/wp-content/uploads///Cytosine-base-editing-inhibits-Hepatitis-B-Virus-replication-and-reduces-HBsAg-expression-in-vitro-and-in-vivo.pdf",
    "timestamp": "unknown"
  },
  {
    "title": "September ,  | ResearchCytosine base editing inhibits Hepatitis B Virus replication and reduces HBsAg expression in vitro and in vivoHBV International",
    "link": "https://beamtx.com/wp-content/uploads///Cytosine-base-editing-inhibits-Hepatitis-B-Virus-replication-and-reduces-HBsAg-expression-in-vitro-and-in-vivo.pdf",
    "timestamp": "unknown"
  },
  {
    "title": "August ,  | ResearchDirected evolution and engineering of CBE-T: next-generation cytosine base editors utilizing TadAGenome engineering: CRISPR fronti",
    "link": "https://beamtx.com/wp-content/uploads///Directed-evolution-and-engineering-of-CBE-T-next-generation-cytosine-base-editors-utilizing-TadA.pdf",
    "timestamp": "unknown"
  },
  {
    "title": "August ,  | ResearchDirected evolution and engineering of CBE-T: next-generation cytosine base editors utilizing TadAGenome engineering: CRISPR fronti",
    "link": "https://beamtx.com/wp-content/uploads///Directed-evolution-and-engineering-of-CBE-T-next-generation-cytosine-base-editors-utilizing-TadA.pdf",
    "timestamp": "unknown"
  },
  {
    "title": "August ,  | ResearchDirected evolution and engineering of CBE-T: next-generation cytosine base editors utilizing TadAGenome engineering: CRISPR fronti",
    "link": "https://beamtx.com/wp-content/uploads///Directed-evolution-and-engineering-of-CBE-T-next-generation-cytosine-base-editors-utilizing-TadA.pdf",
    "timestamp": "unknown"
  },
  {
    "title": "June ,  | EscapeNon-genotoxic antibody-based conditioning paired with multi-plex base edited HSCs for the potential treatment of sickle cell diseaseFA",
    "link": "https://beamtx.com/wp-content/uploads///Non-genotoxic-antibody-based-conditioning-paired-with-multi-plex-base-edited-HSCs-for-the-potential-treatment-of-sickle-cell-disease.pdf",
    "timestamp": "unknown"
  },
  {
    "title": "June ,  | EscapeNon-genotoxic antibody-based conditioning paired with multi-plex base edited HSCs for the potential treatment of sickle cell diseaseFA",
    "link": "https://beamtx.com/wp-content/uploads///Non-genotoxic-antibody-based-conditioning-paired-with-multi-plex-base-edited-HSCs-for-the-potential-treatment-of-sickle-cell-disease.pdf",
    "timestamp": "unknown"
  },
  {
    "title": "June ,  | EscapeNon-genotoxic antibody-based conditioning paired with multi-plex base edited HSCs for the potential treatment of sickle cell diseaseFA",
    "link": "https://beamtx.com/wp-content/uploads///Non-genotoxic-antibody-based-conditioning-paired-with-multi-plex-base-edited-HSCs-for-the-potential-treatment-of-sickle-cell-disease.pdf",
    "timestamp": "unknown"
  },
  {
    "title": "May ,  | ResearchEfficient LNP delivery of mRNA in vivo and ex vivo to T and NK cellsASGCT 25th Annual MeetingRead More",
    "link": "https://beamtx.com/wp-content/uploads///Efficient-LNP-delivery-of-mRNA-in-vivo-and-ex-vivo-to-T-and-NK-cells.pdf",
    "timestamp": "unknown"
  },
  {
    "title": "May ,  | ResearchEfficient LNP delivery of mRNA in vivo and ex vivo to T and NK cellsASGCT 25th Annual MeetingRead More",
    "link": "https://beamtx.com/wp-content/uploads///Efficient-LNP-delivery-of-mRNA-in-vivo-and-ex-vivo-to-T-and-NK-cells.pdf",
    "timestamp": "unknown"
  },
  {
    "title": "May ,  | ResearchEfficient LNP delivery of mRNA in vivo and ex vivo to T and NK cellsASGCT 25th Annual MeetingRead More",
    "link": "https://beamtx.com/wp-content/uploads///Efficient-LNP-delivery-of-mRNA-in-vivo-and-ex-vivo-to-T-and-NK-cells.pdf",
    "timestamp": "unknown"
  },
  {
    "title": "May ,  | Beam-Single, Systemic Administration of BEAM  Mitigates Fasting Hypoglycemia and Restores Metabolic Function in a Transgenic Mouse Model of G",
    "link": "https://beamtx.com/wp-content/uploads///Single-Systemic-Administration-of-BEAM--Mitigates-Fasting-Hypoglycemia-and-Restores-Metabolic-Function.pdf",
    "timestamp": "unknown"
  },
  {
    "title": "May ,  | Beam-Single, Systemic Administration of BEAM  Mitigates Fasting Hypoglycemia and Restores Metabolic Function in a Transgenic Mouse Model of G",
    "link": "https://beamtx.com/wp-content/uploads///Single-Systemic-Administration-of-BEAM--Mitigates-Fasting-Hypoglycemia-and-Restores-Metabolic-Function.pdf",
    "timestamp": "unknown"
  },
  {
    "title": "May ,  | Beam-Single, Systemic Administration of BEAM  Mitigates Fasting Hypoglycemia and Restores Metabolic Function in a Transgenic Mouse Model of G",
    "link": "https://beamtx.com/wp-content/uploads///Single-Systemic-Administration-of-BEAM--Mitigates-Fasting-Hypoglycemia-and-Restores-Metabolic-Function.pdf",
    "timestamp": "unknown"
  },
  {
    "title": "May ,  | Beam-Use of Adenine Base Editors to Precisely Correct the Disease-Causing PiZ Mutation in Alpha- Antitrypsin DeficiencyASGCT 25th Annual Meet",
    "link": "https://beamtx.com/wp-content/uploads///Use-of-Adenine-Base-Editors-to-Precisely-Correct-the-Disease-Causing-PiZ-Mutation-in-Alpha--Antitrypsin-Deficiency.pdf",
    "timestamp": "unknown"
  },
  {
    "title": "May ,  | Beam-Use of Adenine Base Editors to Precisely Correct the Disease-Causing PiZ Mutation in Alpha- Antitrypsin DeficiencyASGCT 25th Annual Meet",
    "link": "https://beamtx.com/wp-content/uploads///Use-of-Adenine-Base-Editors-to-Precisely-Correct-the-Disease-Causing-PiZ-Mutation-in-Alpha--Antitrypsin-Deficiency.pdf",
    "timestamp": "unknown"
  },
  {
    "title": "May ,  | Beam-Use of Adenine Base Editors to Precisely Correct the Disease-Causing PiZ Mutation in Alpha- Antitrypsin DeficiencyASGCT 25th Annual Meet",
    "link": "https://beamtx.com/wp-content/uploads///Use-of-Adenine-Base-Editors-to-Precisely-Correct-the-Disease-Causing-PiZ-Mutation-in-Alpha--Antitrypsin-Deficiency.pdf",
    "timestamp": "unknown"
  },
  {
    "title": "December ,  | ResearchScreening of Chemically Distinct Lipid Nanoparticle In Vivo Using DNA Barcoding Technology Towards Effectively Delivering Messen",
    "link": "https://beamtx.com/wp-content/uploads///Screening-of-Chemically-Distinct-Lipid-Nanoparticle-In-Vivo-Using-DNA-Barcoding-Technology.pdf",
    "timestamp": "unknown"
  },
  {
    "title": "December ,  | ResearchScreening of Chemically Distinct Lipid Nanoparticle In Vivo Using DNA Barcoding Technology Towards Effectively Delivering Messen",
    "link": "https://beamtx.com/wp-content/uploads///Screening-of-Chemically-Distinct-Lipid-Nanoparticle-In-Vivo-Using-DNA-Barcoding-Technology.pdf",
    "timestamp": "unknown"
  },
  {
    "title": "December ,  | ResearchScreening of Chemically Distinct Lipid Nanoparticle In Vivo Using DNA Barcoding Technology Towards Effectively Delivering Messen",
    "link": "https://beamtx.com/wp-content/uploads///Screening-of-Chemically-Distinct-Lipid-Nanoparticle-In-Vivo-Using-DNA-Barcoding-Technology.pdf",
    "timestamp": "unknown"
  },
  {
    "title": "December ,  | ResearchApplied Base Editing to Treat Beta HemoglobinopathiesASH Annual MeetingRead More",
    "link": "https://beamtx.com/wp-content/uploads///Applied-Base-Editing-to-Treat-BetaHemoglobinopathies.pdf",
    "timestamp": "unknown"
  },
  {
    "title": "December ,  | ResearchApplied Base Editing to Treat Beta HemoglobinopathiesASH Annual MeetingRead More",
    "link": "https://beamtx.com/wp-content/uploads///Applied-Base-Editing-to-Treat-BetaHemoglobinopathies.pdf",
    "timestamp": "unknown"
  },
  {
    "title": "December ,  | ResearchApplied Base Editing to Treat Beta HemoglobinopathiesASH Annual MeetingRead More",
    "link": "https://beamtx.com/wp-content/uploads///Applied-Base-Editing-to-Treat-BetaHemoglobinopathies.pdf",
    "timestamp": "unknown"
  },
  {
    "title": "November ,  | Beam-Conversion of HbS to Hb G-Makassar by adenine base editing is compatible with normal hemoglobin functionBloodRead More",
    "link": "https://beamtx.com/wp-content/uploads///Conversion-of-HbS-to-Hb-G-Makassar-by-adenine-base-editing-is-compatible-with-normal-hemoglobin-function.pdf",
    "timestamp": "unknown"
  },
  {
    "title": "November ,  | Beam-Conversion of HbS to Hb G-Makassar by adenine base editing is compatible with normal hemoglobin functionBloodRead More",
    "link": "https://beamtx.com/wp-content/uploads///Conversion-of-HbS-to-Hb-G-Makassar-by-adenine-base-editing-is-compatible-with-normal-hemoglobin-function.pdf",
    "timestamp": "unknown"
  },
  {
    "title": "November ,  | Beam-Conversion of HbS to Hb G-Makassar by adenine base editing is compatible with normal hemoglobin functionBloodRead More",
    "link": "https://beamtx.com/wp-content/uploads///Conversion-of-HbS-to-Hb-G-Makassar-by-adenine-base-editing-is-compatible-with-normal-hemoglobin-function.pdf",
    "timestamp": "unknown"
  },
  {
    "title": "November ,  | Beam-CD5 knockout enhances the potency of multiplex base-edited allogeneic anti-CD5 investigational CAR T-cell therapy for the treatment",
    "link": "https://beamtx.com/wp-content/uploads///CD5-knockout-enhances-the-potency-of-multiplex-base-edited-allogeneic-anti-CD5-investigational-CAR-T-cell-therapy-.pptx",
    "timestamp": "unknown"
  },
  {
    "title": "November ,  | Beam-CD5 knockout enhances the potency of multiplex base-edited allogeneic anti-CD5 investigational CAR T-cell therapy for the treatment",
    "link": "https://beamtx.com/wp-content/uploads///CD5-knockout-enhances-the-potency-of-multiplex-base-edited-allogeneic-anti-CD5-investigational-CAR-T-cell-therapy-.pptx",
    "timestamp": "unknown"
  },
  {
    "title": "November ,  | Beam-CD5 knockout enhances the potency of multiplex base-edited allogeneic anti-CD5 investigational CAR T-cell therapy for the treatment",
    "link": "https://beamtx.com/wp-content/uploads///CD5-knockout-enhances-the-potency-of-multiplex-base-edited-allogeneic-anti-CD5-investigational-CAR-T-cell-therapy-.pptx",
    "timestamp": "unknown"
  },
  {
    "title": "October ,  | Beam-in vivo Base Editing Corrects Metabolic Defects in Glycogen Storage Disease Type-IaESGCT  Virtual CongressRead More",
    "link": "https://beamtx.com/wp-content/uploads///in-vivo-Base-Editing-Corrects-Metabolic-Defects-in-Glycogen-Storage-Disease-Type-Ia.pdf",
    "timestamp": "unknown"
  },
  {
    "title": "October ,  | Beam-in vivo Base Editing Corrects Metabolic Defects in Glycogen Storage Disease Type-IaESGCT  Virtual CongressRead More",
    "link": "https://beamtx.com/wp-content/uploads///in-vivo-Base-Editing-Corrects-Metabolic-Defects-in-Glycogen-Storage-Disease-Type-Ia.pdf",
    "timestamp": "unknown"
  },
  {
    "title": "October ,  | Beam-in vivo Base Editing Corrects Metabolic Defects in Glycogen Storage Disease Type-IaESGCT  Virtual CongressRead More",
    "link": "https://beamtx.com/wp-content/uploads///in-vivo-Base-Editing-Corrects-Metabolic-Defects-in-Glycogen-Storage-Disease-Type-Ia.pdf",
    "timestamp": "unknown"
  },
  {
    "title": "September ,  | ResearchcccDNA inactivation using cytosine base editorsHBV International MeetingRead More",
    "link": "https://beamtx.com/wp-content/uploads///cccDNA-inactivation-using-cytosine-base-editors.pdf",
    "timestamp": "unknown"
  },
  {
    "title": "September ,  | ResearchcccDNA inactivation using cytosine base editorsHBV International MeetingRead More",
    "link": "https://beamtx.com/wp-content/uploads///cccDNA-inactivation-using-cytosine-base-editors.pdf",
    "timestamp": "unknown"
  },
  {
    "title": "September ,  | ResearchcccDNA inactivation using cytosine base editorsHBV International MeetingRead More",
    "link": "https://beamtx.com/wp-content/uploads///cccDNA-inactivation-using-cytosine-base-editors.pdf",
    "timestamp": "unknown"
  },
  {
    "title": "September ,  | ResearchOptimization of LNP for in vivo base editingTIDESRead More",
    "link": "https://beamtx.com/wp-content/uploads///Optimization-of-LNP-for-in-vivo-base-editing.pdf",
    "timestamp": "unknown"
  },
  {
    "title": "September ,  | ResearchOptimization of LNP for in vivo base editingTIDESRead More",
    "link": "https://beamtx.com/wp-content/uploads///Optimization-of-LNP-for-in-vivo-base-editing.pdf",
    "timestamp": "unknown"
  },
  {
    "title": "September ,  | ResearchOptimization of LNP for in vivo base editingTIDESRead More",
    "link": "https://beamtx.com/wp-content/uploads///Optimization-of-LNP-for-in-vivo-base-editing.pdf",
    "timestamp": "unknown"
  },
  {
    "title": "May ,  | ResearchUsing Base Editing and LNP Delivery to Correct Disease-Causing Mutations Underlying Genetic Liver DiseasesASGCT 24th Annual MeetingRe",
    "link": "https://beamtx.com/wp-content/uploads///Using-Base-Editing-and-LNP-Delivery-to-Correct-Disease-Causing-Mutations-Underlying-Genetic-Liver-Diseases.pdf",
    "timestamp": "unknown"
  },
  {
    "title": "May ,  | ResearchUsing Base Editing and LNP Delivery to Correct Disease-Causing Mutations Underlying Genetic Liver DiseasesASGCT 24th Annual MeetingRe",
    "link": "https://beamtx.com/wp-content/uploads///Using-Base-Editing-and-LNP-Delivery-to-Correct-Disease-Causing-Mutations-Underlying-Genetic-Liver-Diseases.pdf",
    "timestamp": "unknown"
  },
  {
    "title": "May ,  | ResearchUsing Base Editing and LNP Delivery to Correct Disease-Causing Mutations Underlying Genetic Liver DiseasesASGCT 24th Annual MeetingRe",
    "link": "https://beamtx.com/wp-content/uploads///Using-Base-Editing-and-LNP-Delivery-to-Correct-Disease-Causing-Mutations-Underlying-Genetic-Liver-Diseases.pdf",
    "timestamp": "unknown"
  },
  {
    "title": "May ,  | ResearchLC MS Confirmation of Single Amino Acid Correction by Base EditingASGCT 24th Annual MeetingRead More",
    "link": "https://beamtx.com/wp-content/uploads///LC-MS-Confirmation-of-Single-Amino-Acid-Correction-by-Base-Editing.pdf",
    "timestamp": "unknown"
  },
  {
    "title": "May ,  | ResearchLC MS Confirmation of Single Amino Acid Correction by Base EditingASGCT 24th Annual MeetingRead More",
    "link": "https://beamtx.com/wp-content/uploads///LC-MS-Confirmation-of-Single-Amino-Acid-Correction-by-Base-Editing.pdf",
    "timestamp": "unknown"
  },
  {
    "title": "May ,  | ResearchLC MS Confirmation of Single Amino Acid Correction by Base EditingASGCT 24th Annual MeetingRead More",
    "link": "https://beamtx.com/wp-content/uploads///LC-MS-Confirmation-of-Single-Amino-Acid-Correction-by-Base-Editing.pdf",
    "timestamp": "unknown"
  },
  {
    "title": "December ,  | ResearchAdenine Base Editing of Gamma Globin Gene Promoters Shows no Detectable Off-Target RNA or DNA EditingASH Annual MeetingRead More",
    "link": "https://beamtx.com/wp-content/uploads///Adenine-Base-Editing-of-Gamma-Globin-Gene-Promoters-Shows-no-Detectable-Off-Target-RNA-or-DNA-Editing.pdf",
    "timestamp": "unknown"
  },
  {
    "title": "December ,  | ResearchAdenine Base Editing of Gamma Globin Gene Promoters Shows no Detectable Off-Target RNA or DNA EditingASH Annual MeetingRead More",
    "link": "https://beamtx.com/wp-content/uploads///Adenine-Base-Editing-of-Gamma-Globin-Gene-Promoters-Shows-no-Detectable-Off-Target-RNA-or-DNA-Editing.pdf",
    "timestamp": "unknown"
  },
  {
    "title": "December ,  | ResearchAdenine Base Editing of Gamma Globin Gene Promoters Shows no Detectable Off-Target RNA or DNA EditingASH Annual MeetingRead More",
    "link": "https://beamtx.com/wp-content/uploads///Adenine-Base-Editing-of-Gamma-Globin-Gene-Promoters-Shows-no-Detectable-Off-Target-RNA-or-DNA-Editing.pdf",
    "timestamp": "unknown"
  },
  {
    "title": "December ,  | ResearchAdenine Base Editing of the Sickle Allele in CD34+ Hematopoietic Stem and Progenitor Cells Eliminates Hemoglobin SASH Annual Mee",
    "link": "https://beamtx.com/wp-content/uploads///Adenine-Base-Editing-of-the-Sickle-Allele-in-CD34-Hematopoietic-Stem-and-Progenitor-Cells-Eliminates-Hemoglobin-S.pdf",
    "timestamp": "unknown"
  },
  {
    "title": "December ,  | ResearchAdenine Base Editing of the Sickle Allele in CD34+ Hematopoietic Stem and Progenitor Cells Eliminates Hemoglobin SASH Annual Mee",
    "link": "https://beamtx.com/wp-content/uploads///Adenine-Base-Editing-of-the-Sickle-Allele-in-CD34-Hematopoietic-Stem-and-Progenitor-Cells-Eliminates-Hemoglobin-S.pdf",
    "timestamp": "unknown"
  },
  {
    "title": "December ,  | ResearchAdenine Base Editing of the Sickle Allele in CD34+ Hematopoietic Stem and Progenitor Cells Eliminates Hemoglobin SASH Annual Mee",
    "link": "https://beamtx.com/wp-content/uploads///Adenine-Base-Editing-of-the-Sickle-Allele-in-CD34-Hematopoietic-Stem-and-Progenitor-Cells-Eliminates-Hemoglobin-S.pdf",
    "timestamp": "unknown"
  },
  {
    "title": "December ,  | Beam-Adenine Base Editing of the Sickle Allele in CD34+ Hematopoietic Stem and Progenitor Cells Eliminates Hemoglobin SASH Annual Meetin",
    "link": "https://beamtx.com/wp-content/uploads/-ash-beam102-makassar-at-ash-v5.pdf",
    "timestamp": "unknown"
  },
  {
    "title": "December ,  | Beam-Adenine Base Editing of the Sickle Allele in CD34+ Hematopoietic Stem and Progenitor Cells Eliminates Hemoglobin SASH Annual Meetin",
    "link": "https://beamtx.com/wp-content/uploads/-ash-beam102-makassar-at-ash-v5.pdf",
    "timestamp": "unknown"
  },
  {
    "title": "December ,  | Beam-Adenine Base Editing of the Sickle Allele in CD34+ Hematopoietic Stem and Progenitor Cells Eliminates Hemoglobin SASH Annual Meetin",
    "link": "https://beamtx.com/wp-content/uploads/-ash-beam102-makassar-at-ash-v5.pdf",
    "timestamp": "unknown"
  },
  {
    "title": "November ,  | Beam-Base-Editing as a Therapeutic Approach for the Direct Correction of Disease Causing Mutations underlying Glycogen Storage Disease T",
    "link": "https://beamtx.com/wp-content/uploads///Base-Editing-as-a-Therapeutic-Approach-for-the-Direct-Correction-of-DiseaseCausing-Mutations-underlying-Glycogen-Storage-Disease-Type-Ia.pdf",
    "timestamp": "unknown"
  },
  {
    "title": "November ,  | Beam-Base-Editing as a Therapeutic Approach for the Direct Correction of Disease Causing Mutations underlying Glycogen Storage Disease T",
    "link": "https://beamtx.com/wp-content/uploads///Base-Editing-as-a-Therapeutic-Approach-for-the-Direct-Correction-of-DiseaseCausing-Mutations-underlying-Glycogen-Storage-Disease-Type-Ia.pdf",
    "timestamp": "unknown"
  },
  {
    "title": "November ,  | Beam-Base-Editing as a Therapeutic Approach for the Direct Correction of Disease Causing Mutations underlying Glycogen Storage Disease T",
    "link": "https://beamtx.com/wp-content/uploads///Base-Editing-as-a-Therapeutic-Approach-for-the-Direct-Correction-of-DiseaseCausing-Mutations-underlying-Glycogen-Storage-Disease-Type-Ia.pdf",
    "timestamp": "unknown"
  },
  {
    "title": "May ,  | Beam-Use of Adenine Base Editors to Precisely Correct the Disease-Causing PiZ Mutation in Alpha- Antitrypsin DeficiencyASGCT 23rd Annual Meet",
    "link": "https://beamtx.com/wp-content/uploads///Use-of-Adenine-Base-Editors-to-Precisely-Correct-the-Disease-Causing-PiZ-Mutation-in-Alpha--Antitrypsin-Deficiency.pdf",
    "timestamp": "unknown"
  },
  {
    "title": "May ,  | Beam-Use of Adenine Base Editors to Precisely Correct the Disease-Causing PiZ Mutation in Alpha- Antitrypsin DeficiencyASGCT 23rd Annual Meet",
    "link": "https://beamtx.com/wp-content/uploads///Use-of-Adenine-Base-Editors-to-Precisely-Correct-the-Disease-Causing-PiZ-Mutation-in-Alpha--Antitrypsin-Deficiency.pdf",
    "timestamp": "unknown"
  },
  {
    "title": "May ,  | Beam-Use of Adenine Base Editors to Precisely Correct the Disease-Causing PiZ Mutation in Alpha- Antitrypsin DeficiencyASGCT 23rd Annual Meet",
    "link": "https://beamtx.com/wp-content/uploads///Use-of-Adenine-Base-Editors-to-Precisely-Correct-the-Disease-Causing-PiZ-Mutation-in-Alpha--Antitrypsin-Deficiency.pdf",
    "timestamp": "unknown"
  },
  {
    "title": "May ,  | Beam-Base Editing of Gamma Globin Gene Promoters Generates Durable Expression of Fetal Hemoglobin for the Treatment of Sickle Cell DiseaseASG",
    "link": "https://beamtx.com/wp-content/uploads///Base-Editing-of-Gamma-Globin-Gene-Promoters-Generates-Durable-Expression-of-Fetal-Hemoglobin-for-the-Treatment-of-Sickle-Cell-Diseas.pdf",
    "timestamp": "unknown"
  },
  {
    "title": "May ,  | Beam-Base Editing of Gamma Globin Gene Promoters Generates Durable Expression of Fetal Hemoglobin for the Treatment of Sickle Cell DiseaseASG",
    "link": "https://beamtx.com/wp-content/uploads///Base-Editing-of-Gamma-Globin-Gene-Promoters-Generates-Durable-Expression-of-Fetal-Hemoglobin-for-the-Treatment-of-Sickle-Cell-Diseas.pdf",
    "timestamp": "unknown"
  },
  {
    "title": "May ,  | Beam-Base Editing of Gamma Globin Gene Promoters Generates Durable Expression of Fetal Hemoglobin for the Treatment of Sickle Cell DiseaseASG",
    "link": "https://beamtx.com/wp-content/uploads///Base-Editing-of-Gamma-Globin-Gene-Promoters-Generates-Durable-Expression-of-Fetal-Hemoglobin-for-the-Treatment-of-Sickle-Cell-Diseas.pdf",
    "timestamp": "unknown"
  },
  {
    "title": "May ,  | Beam-A Novel Base Editing Approach to Directly Edit the Causative Mutation in Sickle Cell DiseaseASGCT 23rd Annual MeetingRead More",
    "link": "https://beamtx.com/wp-content/uploads///A-Novel-Base-Editing-Approach-to-Directly-Edit-the-Causative-Mutation-in-Sickle-Cell-Disease.pdf",
    "timestamp": "unknown"
  },
  {
    "title": "May ,  | Beam-A Novel Base Editing Approach to Directly Edit the Causative Mutation in Sickle Cell DiseaseASGCT 23rd Annual MeetingRead More",
    "link": "https://beamtx.com/wp-content/uploads///A-Novel-Base-Editing-Approach-to-Directly-Edit-the-Causative-Mutation-in-Sickle-Cell-Disease.pdf",
    "timestamp": "unknown"
  },
  {
    "title": "May ,  | Beam-A Novel Base Editing Approach to Directly Edit the Causative Mutation in Sickle Cell DiseaseASGCT 23rd Annual MeetingRead More",
    "link": "https://beamtx.com/wp-content/uploads///A-Novel-Base-Editing-Approach-to-Directly-Edit-the-Causative-Mutation-in-Sickle-Cell-Disease.pdf",
    "timestamp": "unknown"
  },
  {
    "title": "May ,  | Beam-Translating Base Editing Technology into a Potential Treatment for Alpha- Antitrypsin DeficiencyASGCT 23rd Annual MeetingRead More",
    "link": "https://beamtx.com/wp-content/uploads///Translating-Base-Editing-Technology-into-a-Potential-Treatment-for-Alpha--Antitrypsin-Deficiency.pdf",
    "timestamp": "unknown"
  },
  {
    "title": "May ,  | Beam-Translating Base Editing Technology into a Potential Treatment for Alpha- Antitrypsin DeficiencyASGCT 23rd Annual MeetingRead More",
    "link": "https://beamtx.com/wp-content/uploads///Translating-Base-Editing-Technology-into-a-Potential-Treatment-for-Alpha--Antitrypsin-Deficiency.pdf",
    "timestamp": "unknown"
  },
  {
    "title": "May ,  | Beam-Translating Base Editing Technology into a Potential Treatment for Alpha- Antitrypsin DeficiencyASGCT 23rd Annual MeetingRead More",
    "link": "https://beamtx.com/wp-content/uploads///Translating-Base-Editing-Technology-into-a-Potential-Treatment-for-Alpha--Antitrypsin-Deficiency.pdf",
    "timestamp": "unknown"
  },
  {
    "title": "April ,  | ResearchCytosine base editors with minimized unguided DNA and RNA off-target events and high on-target activityNatureRead More",
    "link": "https://www.nature.com/articles/s41467---#citeas",
    "timestamp": "unknown"
  },
  {
    "title": "April ,  | ResearchCytosine base editors with minimized unguided DNA and RNA off-target events and high on-target activityNatureRead More",
    "link": "https://www.nature.com/articles/s41467---#citeas",
    "timestamp": "unknown"
  },
  {
    "title": "April ,  | ResearchCytosine base editors with minimized unguided DNA and RNA off-target events and high on-target activityNatureRead More",
    "link": "https://www.nature.com/articles/s41467---#citeas",
    "timestamp": "unknown"
  },
  {
    "title": "April ,  | ResearchDirected evolution of adenine base editors with increased activity and therapeutic applicationNatureRead More",
    "link": "https://www.nature.com/articles/s41587---?draft=marketing#citeas",
    "timestamp": "unknown"
  },
  {
    "title": "April ,  | ResearchDirected evolution of adenine base editors with increased activity and therapeutic applicationNatureRead More",
    "link": "https://www.nature.com/articles/s41587---?draft=marketing#citeas",
    "timestamp": "unknown"
  },
  {
    "title": "April ,  | ResearchDirected evolution of adenine base editors with increased activity and therapeutic applicationNatureRead More",
    "link": "https://www.nature.com/articles/s41587---?draft=marketing#citeas",
    "timestamp": "unknown"
  },
  {
    "title": "January ,  | ResearchCytosine and adenine base editing of the brain, liver, retina, heart and skeletal muscle of mice via adeno-associated virusesNatu",
    "link": "https://www.nature.com/articles/s41551---",
    "timestamp": "unknown"
  },
  {
    "title": "January ,  | ResearchCytosine and adenine base editing of the brain, liver, retina, heart and skeletal muscle of mice via adeno-associated virusesNatu",
    "link": "https://www.nature.com/articles/s41551---",
    "timestamp": "unknown"
  },
  {
    "title": "January ,  | ResearchCytosine and adenine base editing of the brain, liver, retina, heart and skeletal muscle of mice via adeno-associated virusesNatu",
    "link": "https://www.nature.com/articles/s41551---",
    "timestamp": "unknown"
  },
  {
    "title": "December ,  | Beam-Complementary Base Editing Approaches for the Treatment of Sickle Cell Disease and b-thalassemiaASH Annual MeetingRead More",
    "link": "https://beamtx.com/wp-content/uploads///Complementary-Base-Editing-Approaches-for-the-Treatment-of-Sickle-Cell-Disease-and-b-thalassemia.pdf",
    "timestamp": "unknown"
  },
  {
    "title": "December ,  | Beam-Complementary Base Editing Approaches for the Treatment of Sickle Cell Disease and b-thalassemiaASH Annual MeetingRead More",
    "link": "https://beamtx.com/wp-content/uploads///Complementary-Base-Editing-Approaches-for-the-Treatment-of-Sickle-Cell-Disease-and-b-thalassemia.pdf",
    "timestamp": "unknown"
  },
  {
    "title": "December ,  | Beam-Complementary Base Editing Approaches for the Treatment of Sickle Cell Disease and b-thalassemiaASH Annual MeetingRead More",
    "link": "https://beamtx.com/wp-content/uploads///Complementary-Base-Editing-Approaches-for-the-Treatment-of-Sickle-Cell-Disease-and-b-thalassemia.pdf",
    "timestamp": "unknown"
  },
  {
    "title": "November ,  | Beam-Complementary Base Editing Approaches for the Treatment of Sickle Cell Disease and Beta ThalassemiaBloodRead More",
    "link": "https://ashpublications.org/blood/article//Supplement_1///Complementary-Base-Editing-Approaches-for-the",
    "timestamp": "unknown"
  },
  {
    "title": "November ,  | Beam-Complementary Base Editing Approaches for the Treatment of Sickle Cell Disease and Beta ThalassemiaBloodRead More",
    "link": "https://ashpublications.org/blood/article//Supplement_1///Complementary-Base-Editing-Approaches-for-the",
    "timestamp": "unknown"
  },
  {
    "title": "November ,  | Beam-Complementary Base Editing Approaches for the Treatment of Sickle Cell Disease and Beta ThalassemiaBloodRead More",
    "link": "https://ashpublications.org/blood/article//Supplement_1///Complementary-Base-Editing-Approaches-for-the",
    "timestamp": "unknown"
  },
  {
    "title": "October ,  | ResearchEngineering of CRISPR-Cas12b for human genome editingNature CommunicationsRead More",
    "link": "https://www.nature.com/articles/s41467---",
    "timestamp": "unknown"
  },
  {
    "title": "October ,  | ResearchEngineering of CRISPR-Cas12b for human genome editingNature CommunicationsRead More",
    "link": "https://www.nature.com/articles/s41467---",
    "timestamp": "unknown"
  },
  {
    "title": "October ,  | ResearchEngineering of CRISPR-Cas12b for human genome editingNature CommunicationsRead More",
    "link": "https://www.nature.com/articles/s41467---",
    "timestamp": "unknown"
  },
  {
    "title": "October ,  | ResearchSearch-and-replace genome editing without double-strand breaks or donor DNANatureRead More",
    "link": "https://www.nature.com/articles/s41586---",
    "timestamp": "unknown"
  },
  {
    "title": "October ,  | ResearchSearch-and-replace genome editing without double-strand breaks or donor DNANatureRead More",
    "link": "https://www.nature.com/articles/s41586---",
    "timestamp": "unknown"
  },
  {
    "title": "October ,  | ResearchSearch-and-replace genome editing without double-strand breaks or donor DNANatureRead More",
    "link": "https://www.nature.com/articles/s41586---",
    "timestamp": "unknown"
  },
  {
    "title": "October ,  | ResearchA cytosine deaminase for programmable single-base RNA editingScienceRead More",
    "link": "https://www.science.org/doi/abs/./science.aax7063",
    "timestamp": "unknown"
  },
  {
    "title": "October ,  | ResearchA cytosine deaminase for programmable single-base RNA editingScienceRead More",
    "link": "https://www.science.org/doi/abs/./science.aax7063",
    "timestamp": "unknown"
  },
  {
    "title": "October ,  | ResearchA cytosine deaminase for programmable single-base RNA editingScienceRead More",
    "link": "https://www.science.org/doi/abs/./science.aax7063",
    "timestamp": "unknown"
  },
  {
    "title": "October ,  | ResearchBase editing: precision chemistry on the genome and transcriptome of living cellsNature Review GeneticsRead More",
    "link": "https://www.nature.com/articles/s41576---?WT.feed_name=subjects_crispr-cas-systems",
    "timestamp": "unknown"
  },
  {
    "title": "October ,  | ResearchBase editing: precision chemistry on the genome and transcriptome of living cellsNature Review GeneticsRead More",
    "link": "https://www.nature.com/articles/s41576---?WT.feed_name=subjects_crispr-cas-systems",
    "timestamp": "unknown"
  },
  {
    "title": "October ,  | ResearchBase editing: precision chemistry on the genome and transcriptome of living cellsNature Review GeneticsRead More",
    "link": "https://www.nature.com/articles/s41576---?WT.feed_name=subjects_crispr-cas-systems",
    "timestamp": "unknown"
  },
  {
    "title": "October ,  | ResearchRNA editing with CRISPR-Cas13ScienceRead More",
    "link": "https://www.science.org/doi/./science.aaq0180",
    "timestamp": "unknown"
  },
  {
    "title": "October ,  | ResearchRNA editing with CRISPR-Cas13ScienceRead More",
    "link": "https://www.science.org/doi/./science.aaq0180",
    "timestamp": "unknown"
  },
  {
    "title": "October ,  | ResearchRNA editing with CRISPR-Cas13ScienceRead More",
    "link": "https://www.science.org/doi/./science.aaq0180",
    "timestamp": "unknown"
  },
  {
    "title": "October ,  | ResearchProgrammable base editing of A\u2022T to G\u2022C in genomic DNA without DNA cleavageNatureRead More",
    "link": "https://www.nature.com/articles/nature24644",
    "timestamp": "unknown"
  },
  {
    "title": "October ,  | ResearchProgrammable base editing of A\u2022T to G\u2022C in genomic DNA without DNA cleavageNatureRead More",
    "link": "https://www.nature.com/articles/nature24644",
    "timestamp": "unknown"
  },
  {
    "title": "October ,  | ResearchProgrammable base editing of A\u2022T to G\u2022C in genomic DNA without DNA cleavageNatureRead More",
    "link": "https://www.nature.com/articles/nature24644",
    "timestamp": "unknown"
  },
  {
    "title": "August ,  | ResearchImproved base excision repair inhibition and bacteriophageScience AdvancesRead More",
    "link": "https://www.science.org/doi/./sciadv.aao4774",
    "timestamp": "unknown"
  },
  {
    "title": "August ,  | ResearchImproved base excision repair inhibition and bacteriophageScience AdvancesRead More",
    "link": "https://www.science.org/doi/./sciadv.aao4774",
    "timestamp": "unknown"
  },
  {
    "title": "August ,  | ResearchImproved base excision repair inhibition and bacteriophageScience AdvancesRead More",
    "link": "https://www.science.org/doi/./sciadv.aao4774",
    "timestamp": "unknown"
  },
  {
    "title": "June ,  | ResearchImproving the DNA specificity and applicability of base editing through protein engineering and protein deliveryNature Communication",
    "link": "https://www.nature.com/articles/ncomms15790",
    "timestamp": "unknown"
  },
  {
    "title": "June ,  | ResearchImproving the DNA specificity and applicability of base editing through protein engineering and protein deliveryNature Communication",
    "link": "https://www.nature.com/articles/ncomms15790",
    "timestamp": "unknown"
  },
  {
    "title": "June ,  | ResearchImproving the DNA specificity and applicability of base editing through protein engineering and protein deliveryNature Communication",
    "link": "https://www.nature.com/articles/ncomms15790",
    "timestamp": "unknown"
  },
  {
    "title": "February ,  | ResearchIncreasing the genome-targeting scope and precision of base editing with engineered Cas9-cytidine deaminase fusionsNature Biotec",
    "link": "https://www.nature.com/articles/nbt.",
    "timestamp": "unknown"
  },
  {
    "title": "February ,  | ResearchIncreasing the genome-targeting scope and precision of base editing with engineered Cas9-cytidine deaminase fusionsNature Biotec",
    "link": "https://www.nature.com/articles/nbt.",
    "timestamp": "unknown"
  },
  {
    "title": "February ,  | ResearchIncreasing the genome-targeting scope and precision of base editing with engineered Cas9-cytidine deaminase fusionsNature Biotec",
    "link": "https://www.nature.com/articles/nbt.",
    "timestamp": "unknown"
  },
  {
    "title": "May ,  | ResearchProgrammable editing of a target base in genomic DNA without double-stranded DNA cleavageNatureRead More",
    "link": "https://www.nature.com/articles/nature17946",
    "timestamp": "unknown"
  },
  {
    "title": "May ,  | ResearchProgrammable editing of a target base in genomic DNA without double-stranded DNA cleavageNatureRead More",
    "link": "https://www.nature.com/articles/nature17946",
    "timestamp": "unknown"
  },
  {
    "title": "May ,  | ResearchProgrammable editing of a target base in genomic DNA without double-stranded DNA cleavageNatureRead More",
    "link": "https://www.nature.com/articles/nature17946",
    "timestamp": "unknown"
  },
  {
    "title": "Load MoreShow Less",
    "link": "javascript:void()",
    "timestamp": "unknown"
  },
  {
    "title": "Load MoreShow Less",
    "link": "javascript:void()",
    "timestamp": "unknown"
  },
  {
    "title": "Load MoreShow Less",
    "link": "javascript:void()",
    "timestamp": "unknown"
  },
  {
    "title": "About Us",
    "link": "https://beamtx.com/about-us/",
    "timestamp": "unknown"
  },
  {
    "title": "Science",
    "link": "https://beamtx.com/science/",
    "timestamp": "unknown"
  },
  {
    "title": "Pipeline",
    "link": "https://beamtx.com/pipeline/",
    "timestamp": "unknown"
  },
  {
    "title": "Patients",
    "link": "https://beamtx.com/patients/",
    "timestamp": "unknown"
  },
  {
    "title": "Investors",
    "link": "https://investors.beamtx.com/",
    "timestamp": "unknown"
  },
  {
    "title": "Careers",
    "link": "https://beamtx.com/careers/",
    "timestamp": "unknown"
  },
  {
    "title": "Contact",
    "link": "https://beamtx.com/contact/",
    "timestamp": "unknown"
  },
  {
    "title": "Sitemap",
    "link": "https://beamtx.com/sitemap/",
    "timestamp": "unknown"
  },
  {
    "title": "Privacy Policy",
    "link": "https://beamtx.com/privacy-policy/",
    "timestamp": "unknown"
  },
  {
    "title": "Terms of use",
    "link": "https://beamtx.com/terms-of-use/",
    "timestamp": "unknown"
  },
  {
    "title": "GENERAL INQUIRIES[email&#;protected]",
    "link": "https://beamtx.com/cdn-cgi/l/email-protection#741d1a121b3416111519000c5a171b19",
    "timestamp": "unknown"
  }
]