[
  {
    "title": "About usScienceScience OverviewBase EditingBase Editing ApplicationsPresentations and PublicationsPipelinePatientsPatients OverviewDisease AreasClinic",
    "link": "https://beamtx.com/",
    "timestamp": "unknown"
  },
  {
    "title": "About usScienceScience OverviewBase EditingBase Editing ApplicationsPresentations and PublicationsPipelinePatientsPatients OverviewDisease AreasClinic",
    "link": "https://beamtx.com/",
    "timestamp": "unknown"
  },
  {
    "title": "About usScienceScience OverviewBase EditingBase Editing ApplicationsPresentations and PublicationsPipelinePatientsPatients OverviewDisease AreasClinic",
    "link": "https://beamtx.com/about-us/",
    "timestamp": "unknown"
  },
  {
    "title": "About us",
    "link": "https://beamtx.com/about-us/",
    "timestamp": "unknown"
  },
  {
    "title": "ScienceScience OverviewBase EditingBase Editing ApplicationsPresentations and Publications",
    "link": "https://beamtx.com/science/",
    "timestamp": "unknown"
  },
  {
    "title": "Science Overview",
    "link": "https://beamtx.com/science/",
    "timestamp": "unknown"
  },
  {
    "title": "Base Editing",
    "link": "https://beamtx.com/science/base-editing/",
    "timestamp": "unknown"
  },
  {
    "title": "Base Editing Applications",
    "link": "https://beamtx.com/science/base-editing-applications/",
    "timestamp": "unknown"
  },
  {
    "title": "Presentations and Publications",
    "link": "https://beamtx.com/science/presentations-and-publications/",
    "timestamp": "unknown"
  },
  {
    "title": "Pipeline",
    "link": "https://beamtx.com/pipeline/",
    "timestamp": "unknown"
  },
  {
    "title": "PatientsPatients OverviewDisease AreasClinical TrialsExpanded Access",
    "link": "https://beamtx.com/patients/",
    "timestamp": "unknown"
  },
  {
    "title": "Patients Overview",
    "link": "https://beamtx.com/patients/",
    "timestamp": "unknown"
  },
  {
    "title": "Disease Areas",
    "link": "https://beamtx.com/patients/disease-areas/",
    "timestamp": "unknown"
  },
  {
    "title": "Clinical Trials",
    "link": "https://beamtx.com/patients/clinical-trials/",
    "timestamp": "unknown"
  },
  {
    "title": "Expanded Access",
    "link": "https://beamtx.com/patients/expanded-access/",
    "timestamp": "unknown"
  },
  {
    "title": "Investors",
    "link": "https://investors.beamtx.com/",
    "timestamp": "unknown"
  },
  {
    "title": "CareersCareers OverviewCurrent OpeningsInternships and Co-ops",
    "link": "https://beamtx.com/careers/",
    "timestamp": "unknown"
  },
  {
    "title": "Careers Overview",
    "link": "https://beamtx.com/careers/",
    "timestamp": "unknown"
  },
  {
    "title": "Current Openings",
    "link": "https://beamtx.com/jobs/",
    "timestamp": "unknown"
  },
  {
    "title": "Internships and Co-ops",
    "link": "https://beamtx.com/careers/internships-and-co-ops/",
    "timestamp": "unknown"
  },
  {
    "title": "Contact",
    "link": "https://beamtx.com/contact/",
    "timestamp": "unknown"
  },
  {
    "title": "Saved Jobs",
    "link": "https://beamtx.com/jobs/saved-jobs/",
    "timestamp": "unknown"
  },
  {
    "title": "Saved Jobs",
    "link": "https://beamtx.com/jobs/saved-jobs/",
    "timestamp": "unknown"
  },
  {
    "title": "About us",
    "link": "https://beamtx.com/about-us/",
    "timestamp": "unknown"
  },
  {
    "title": "Science",
    "link": "https://beamtx.com/science/",
    "timestamp": "unknown"
  },
  {
    "title": "Pipeline",
    "link": "https://beamtx.com/pipeline/",
    "timestamp": "unknown"
  },
  {
    "title": "Patients",
    "link": "https://beamtx.com/patients/",
    "timestamp": "unknown"
  },
  {
    "title": "Investors",
    "link": "https://investors.beamtx.com/",
    "timestamp": "unknown"
  },
  {
    "title": "Careers",
    "link": "https://beamtx.com/careers/",
    "timestamp": "unknown"
  },
  {
    "title": "Contact",
    "link": "https://beamtx.com/contact/",
    "timestamp": "unknown"
  },
  {
    "title": "Sitemap",
    "link": "https://beamtx.com/sitemap/",
    "timestamp": "unknown"
  },
  {
    "title": "Privacy Policy",
    "link": "https://beamtx.com/privacy/",
    "timestamp": "unknown"
  },
  {
    "title": "EventsPresentationsCorporate PresentationUpcoming Events44th Annual J.P. Morgan Healthcare ConferenceJanuary ,  at  PSTListen to webcastAdd to Outlook",
    "link": "https://investors.beamtx.com/static-files/a2f39903-04a5-4d95--6ca6d5c47630",
    "timestamp": "unknown"
  },
  {
    "title": "EventsPresentationsCorporate PresentationUpcoming Events44th Annual J.P. Morgan Healthcare ConferenceJanuary ,  at  PSTListen to webcastAdd to Outlook",
    "link": "https://investors.beamtx.com/static-files/a2f39903-04a5-4d95--6ca6d5c47630",
    "timestamp": "unknown"
  },
  {
    "title": "EventsPresentationsCorporate PresentationUpcoming Events44th Annual J.P. Morgan Healthcare ConferenceJanuary ,  at  PSTListen to webcastAdd to Outlook",
    "link": "https://investors.beamtx.com/static-files/a2f39903-04a5-4d95--6ca6d5c47630",
    "timestamp": "unknown"
  },
  {
    "title": "EventsPresentationsCorporate PresentationUpcoming Events44th Annual J.P. Morgan Healthcare ConferenceJanuary ,  at  PSTListen to webcastAdd to Outlook",
    "link": "https://investors.beamtx.com/static-files/a2f39903-04a5-4d95--6ca6d5c47630",
    "timestamp": "unknown"
  },
  {
    "title": "EventsPresentationsCorporate PresentationUpcoming Events44th Annual J.P. Morgan Healthcare ConferenceJanuary ,  at  PSTListen to webcastAdd to Outlook",
    "link": "https://investors.beamtx.com/static-files/a2f39903-04a5-4d95--6ca6d5c47630",
    "timestamp": "unknown"
  },
  {
    "title": "EventsPresentationsCorporate PresentationUpcoming Events44th Annual J.P. Morgan Healthcare ConferenceJanuary ,  at  PSTListen to webcastAdd to Outlook",
    "link": "https://investors.beamtx.com/static-files/a2f39903-04a5-4d95--6ca6d5c47630",
    "timestamp": "unknown"
  },
  {
    "title": "EventsPresentationsCorporate PresentationUpcoming Events44th Annual J.P. Morgan Healthcare ConferenceJanuary ,  at  PSTListen to webcastAdd to Outlook",
    "link": "https://investors.beamtx.com/static-files/a2f39903-04a5-4d95--6ca6d5c47630",
    "timestamp": "unknown"
  },
  {
    "title": "PresentationsCorporate PresentationUpcoming Events44th Annual J.P. Morgan Healthcare ConferenceJanuary ,  at  PSTListen to webcastAdd to OutlookAdd to",
    "link": "https://investors.beamtx.com/static-files/a2f39903-04a5-4d95--6ca6d5c47630",
    "timestamp": "unknown"
  },
  {
    "title": "PresentationsCorporate PresentationUpcoming Events44th Annual J.P. Morgan Healthcare ConferenceJanuary ,  at  PSTListen to webcastAdd to OutlookAdd to",
    "link": "https://investors.beamtx.com/static-files/a2f39903-04a5-4d95--6ca6d5c47630",
    "timestamp": "unknown"
  },
  {
    "title": "PresentationsCorporate PresentationUpcoming Events44th Annual J.P. Morgan Healthcare ConferenceJanuary ,  at  PSTListen to webcastAdd to OutlookAdd to",
    "link": "https://investors.beamtx.com/static-files/a2f39903-04a5-4d95--6ca6d5c47630",
    "timestamp": "unknown"
  },
  {
    "title": "PresentationsCorporate PresentationUpcoming Events44th Annual J.P. Morgan Healthcare ConferenceJanuary ,  at  PSTListen to webcastAdd to OutlookAdd to",
    "link": "https://investors.beamtx.com/static-files/a2f39903-04a5-4d95--6ca6d5c47630",
    "timestamp": "unknown"
  },
  {
    "title": "PresentationsCorporate PresentationUpcoming Events44th Annual J.P. Morgan Healthcare ConferenceJanuary ,  at  PSTListen to webcastAdd to OutlookAdd to",
    "link": "https://investors.beamtx.com/static-files/a2f39903-04a5-4d95--6ca6d5c47630",
    "timestamp": "unknown"
  },
  {
    "title": "PresentationsCorporate PresentationUpcoming Events44th Annual J.P. Morgan Healthcare ConferenceJanuary ,  at  PSTListen to webcastAdd to OutlookAdd to",
    "link": "https://investors.beamtx.com/static-files/a2f39903-04a5-4d95--6ca6d5c47630",
    "timestamp": "unknown"
  },
  {
    "title": "PresentationsCorporate PresentationUpcoming Events44th Annual J.P. Morgan Healthcare ConferenceJanuary ,  at  PSTListen to webcastAdd to OutlookAdd to",
    "link": "https://investors.beamtx.com/static-files/a2f39903-04a5-4d95--6ca6d5c47630",
    "timestamp": "unknown"
  },
  {
    "title": "PresentationsCorporate PresentationUpcoming Events44th Annual J.P. Morgan Healthcare ConferenceJanuary ,  at  PSTListen to webcastAdd to OutlookAdd to",
    "link": "https://investors.beamtx.com/static-files/a2f39903-04a5-4d95--6ca6d5c47630",
    "timestamp": "unknown"
  },
  {
    "title": "PresentationsCorporate PresentationUpcoming Events44th Annual J.P. Morgan Healthcare ConferenceJanuary ,  at  PSTListen to webcastAdd to OutlookAdd to",
    "link": "https://investors.beamtx.com/static-files/a2f39903-04a5-4d95--6ca6d5c47630",
    "timestamp": "unknown"
  },
  {
    "title": "PresentationsCorporate PresentationUpcoming Events44th Annual J.P. Morgan Healthcare ConferenceJanuary ,  at  PSTListen to webcastAdd to OutlookAdd to",
    "link": "https://investors.beamtx.com/static-files/a2f39903-04a5-4d95--6ca6d5c47630",
    "timestamp": "unknown"
  },
  {
    "title": "PresentationsCorporate PresentationUpcoming Events44th Annual J.P. Morgan Healthcare ConferenceJanuary ,  at  PSTListen to webcastAdd to OutlookAdd to",
    "link": "https://investors.beamtx.com/static-files/a2f39903-04a5-4d95--6ca6d5c47630",
    "timestamp": "unknown"
  },
  {
    "title": "PresentationsCorporate Presentation",
    "link": "https://investors.beamtx.com/static-files/a2f39903-04a5-4d95--6ca6d5c47630",
    "timestamp": "unknown"
  },
  {
    "title": "PresentationsCorporate Presentation",
    "link": "https://investors.beamtx.com/static-files/a2f39903-04a5-4d95--6ca6d5c47630",
    "timestamp": "unknown"
  },
  {
    "title": "Corporate Presentation",
    "link": "https://investors.beamtx.com/static-files/a2f39903-04a5-4d95--6ca6d5c47630",
    "timestamp": "unknown"
  },
  {
    "title": "Corporate Presentation",
    "link": "https://investors.beamtx.com/static-files/a2f39903-04a5-4d95--6ca6d5c47630",
    "timestamp": "unknown"
  },
  {
    "title": "Corporate Presentation",
    "link": "https://investors.beamtx.com/static-files/a2f39903-04a5-4d95--6ca6d5c47630",
    "timestamp": "unknown"
  },
  {
    "title": "Corporate Presentation",
    "link": "https://investors.beamtx.com/static-files/a2f39903-04a5-4d95--6ca6d5c47630",
    "timestamp": "unknown"
  },
  {
    "title": "Corporate Presentation",
    "link": "https://investors.beamtx.com/static-files/a2f39903-04a5-4d95--6ca6d5c47630",
    "timestamp": "unknown"
  },
  {
    "title": "Corporate Presentation",
    "link": "https://investors.beamtx.com/static-files/a2f39903-04a5-4d95--6ca6d5c47630",
    "timestamp": "unknown"
  },
  {
    "title": "Upcoming Events44th Annual J.P. Morgan Healthcare ConferenceJanuary ,  at  PSTListen to webcastAdd to OutlookAdd to Google Calendar",
    "link": "https://investors.beamtx.com/events/event-details/44th-annual-jp-morgan-healthcare-conference",
    "timestamp": "unknown"
  },
  {
    "title": "Upcoming Events44th Annual J.P. Morgan Healthcare ConferenceJanuary ,  at  PSTListen to webcastAdd to OutlookAdd to Google Calendar",
    "link": "https://investors.beamtx.com/events/event-details/44th-annual-jp-morgan-healthcare-conference",
    "timestamp": "unknown"
  },
  {
    "title": "44th Annual J.P. Morgan Healthcare ConferenceJanuary ,  at  PSTListen to webcastAdd to OutlookAdd to Google Calendar",
    "link": "https://investors.beamtx.com/events/event-details/44th-annual-jp-morgan-healthcare-conference",
    "timestamp": "unknown"
  },
  {
    "title": "44th Annual J.P. Morgan Healthcare ConferenceJanuary ,  at  PSTListen to webcastAdd to OutlookAdd to Google Calendar",
    "link": "https://investors.beamtx.com/events/event-details/44th-annual-jp-morgan-healthcare-conference",
    "timestamp": "unknown"
  },
  {
    "title": "44th Annual J.P. Morgan Healthcare ConferenceJanuary ,  at  PSTListen to webcastAdd to OutlookAdd to Google Calendar",
    "link": "https://investors.beamtx.com/events/event-details/44th-annual-jp-morgan-healthcare-conference",
    "timestamp": "unknown"
  },
  {
    "title": "44th Annual J.P. Morgan Healthcare Conference",
    "link": "https://investors.beamtx.com/events/event-details/44th-annual-jp-morgan-healthcare-conference",
    "timestamp": "unknown"
  },
  {
    "title": "44th Annual J.P. Morgan Healthcare Conference",
    "link": "https://investors.beamtx.com/events/event-details/44th-annual-jp-morgan-healthcare-conference",
    "timestamp": "unknown"
  },
  {
    "title": "44th Annual J.P. Morgan Healthcare Conference",
    "link": "https://investors.beamtx.com/events/event-details/44th-annual-jp-morgan-healthcare-conference",
    "timestamp": "unknown"
  },
  {
    "title": "Listen to webcast",
    "link": "https://jpmorgan.metameetings.net/events/healthcare26/sessions/-beam-therapeutics-inc/webcast?gpu_only=true&kiosk=true",
    "timestamp": "unknown"
  },
  {
    "title": "Listen to webcast",
    "link": "https://jpmorgan.metameetings.net/events/healthcare26/sessions/-beam-therapeutics-inc/webcast?gpu_only=true&kiosk=true",
    "timestamp": "unknown"
  },
  {
    "title": "Listen to webcast",
    "link": "https://jpmorgan.metameetings.net/events/healthcare26/sessions/-beam-therapeutics-inc/webcast?gpu_only=true&kiosk=true",
    "timestamp": "unknown"
  },
  {
    "title": "Add to OutlookAdd to Google Calendar",
    "link": "https://investors.beamtx.com/node//ics",
    "timestamp": "unknown"
  },
  {
    "title": "Add to Outlook",
    "link": "https://investors.beamtx.com/node//ics",
    "timestamp": "unknown"
  },
  {
    "title": "Add to Outlook",
    "link": "https://investors.beamtx.com/node//ics",
    "timestamp": "unknown"
  },
  {
    "title": "Add to Outlook",
    "link": "https://investors.beamtx.com/node//ics",
    "timestamp": "unknown"
  },
  {
    "title": "Add to Google Calendar",
    "link": "https://www.google.com/calendar/render?action=TEMPLATE&text=Beam%20Therapeutics%-%2044th%20Annual%20J.P.%20Morgan%20Healthcare%20Conference%&dates=20260114T011500Z/20260114T011500Z&details=Event%20Details%3A%20https%3A//investors.beamtx.com/events/event-details/44th-annual-jp-morgan-healthcare-conference%0A%0AWebcast%3A%20https%3A//jpmorgan.metameetings.net/events/healthcare26/sessions/-beam-therapeutics-inc/webcast%3Fgpu_only%3Dtrue&kiosk=true&location=&trp=false&sprop=name%3A",
    "timestamp": "unknown"
  },
  {
    "title": "Add to Google Calendar",
    "link": "https://www.google.com/calendar/render?action=TEMPLATE&text=Beam%20Therapeutics%-%2044th%20Annual%20J.P.%20Morgan%20Healthcare%20Conference%&dates=20260114T011500Z/20260114T011500Z&details=Event%20Details%3A%20https%3A//investors.beamtx.com/events/event-details/44th-annual-jp-morgan-healthcare-conference%0A%0AWebcast%3A%20https%3A//jpmorgan.metameetings.net/events/healthcare26/sessions/-beam-therapeutics-inc/webcast%3Fgpu_only%3Dtrue&kiosk=true&location=&trp=false&sprop=name%3A",
    "timestamp": "unknown"
  },
  {
    "title": "Add to Google Calendar",
    "link": "https://www.google.com/calendar/render?action=TEMPLATE&text=Beam%20Therapeutics%-%2044th%20Annual%20J.P.%20Morgan%20Healthcare%20Conference%&dates=20260114T011500Z/20260114T011500Z&details=Event%20Details%3A%20https%3A//investors.beamtx.com/events/event-details/44th-annual-jp-morgan-healthcare-conference%0A%0AWebcast%3A%20https%3A//jpmorgan.metameetings.net/events/healthcare26/sessions/-beam-therapeutics-inc/webcast%3Fgpu_only%3Dtrue&kiosk=true&location=&trp=false&sprop=name%3A",
    "timestamp": "unknown"
  },
  {
    "title": "Past EventsJefferies London Healthcare ConferenceNovember ,  at  GMTListen to WebcastH.C. Wainwright 27th Annual Global Investment ConferenceSeptember",
    "link": "https://investors.beamtx.com/events/event-details/-jefferies-london-healthcare-conference",
    "timestamp": "unknown"
  },
  {
    "title": "Past EventsJefferies London Healthcare ConferenceNovember ,  at  GMTListen to WebcastH.C. Wainwright 27th Annual Global Investment ConferenceSeptember",
    "link": "https://investors.beamtx.com/events/event-details/-jefferies-london-healthcare-conference",
    "timestamp": "unknown"
  },
  {
    "title": "Jefferies London Healthcare ConferenceNovember ,  at  GMTListen to WebcastH.C. Wainwright 27th Annual Global Investment ConferenceSeptember ,  at  EDT",
    "link": "https://investors.beamtx.com/events/event-details/-jefferies-london-healthcare-conference",
    "timestamp": "unknown"
  },
  {
    "title": "Jefferies London Healthcare ConferenceNovember ,  at  GMTListen to WebcastH.C. Wainwright 27th Annual Global Investment ConferenceSeptember ,  at  EDT",
    "link": "https://investors.beamtx.com/events/event-details/-jefferies-london-healthcare-conference",
    "timestamp": "unknown"
  },
  {
    "title": "Jefferies London Healthcare ConferenceNovember ,  at  GMTListen to Webcast",
    "link": "https://investors.beamtx.com/events/event-details/-jefferies-london-healthcare-conference",
    "timestamp": "unknown"
  },
  {
    "title": "Jefferies London Healthcare Conference",
    "link": "https://investors.beamtx.com/events/event-details/-jefferies-london-healthcare-conference",
    "timestamp": "unknown"
  },
  {
    "title": "Jefferies London Healthcare Conference",
    "link": "https://investors.beamtx.com/events/event-details/-jefferies-london-healthcare-conference",
    "timestamp": "unknown"
  },
  {
    "title": "Jefferies London Healthcare Conference",
    "link": "https://investors.beamtx.com/events/event-details/-jefferies-london-healthcare-conference",
    "timestamp": "unknown"
  },
  {
    "title": "Listen to Webcast",
    "link": "https://wsw.com/webcast/jeff332/beam/",
    "timestamp": "unknown"
  },
  {
    "title": "Listen to Webcast",
    "link": "https://wsw.com/webcast/jeff332/beam/",
    "timestamp": "unknown"
  },
  {
    "title": "Listen to Webcast",
    "link": "https://wsw.com/webcast/jeff332/beam/",
    "timestamp": "unknown"
  },
  {
    "title": "H.C. Wainwright 27th Annual Global Investment ConferenceSeptember ,  at  EDTListen to Webcast",
    "link": "https://investors.beamtx.com/events/event-details/hc-wainwright-27th-annual-global-investment-conference",
    "timestamp": "unknown"
  },
  {
    "title": "H.C. Wainwright 27th Annual Global Investment Conference",
    "link": "https://investors.beamtx.com/events/event-details/hc-wainwright-27th-annual-global-investment-conference",
    "timestamp": "unknown"
  },
  {
    "title": "H.C. Wainwright 27th Annual Global Investment Conference",
    "link": "https://investors.beamtx.com/events/event-details/hc-wainwright-27th-annual-global-investment-conference",
    "timestamp": "unknown"
  },
  {
    "title": "H.C. Wainwright 27th Annual Global Investment Conference",
    "link": "https://investors.beamtx.com/events/event-details/hc-wainwright-27th-annual-global-investment-conference",
    "timestamp": "unknown"
  },
  {
    "title": "Listen to Webcast",
    "link": "https://journey.ct.events/view/8f947506-9d74-41a7-9ec9-25b212f6d536",
    "timestamp": "unknown"
  },
  {
    "title": "Listen to Webcast",
    "link": "https://journey.ct.events/view/8f947506-9d74-41a7-9ec9-25b212f6d536",
    "timestamp": "unknown"
  },
  {
    "title": "Listen to Webcast",
    "link": "https://journey.ct.events/view/8f947506-9d74-41a7-9ec9-25b212f6d536",
    "timestamp": "unknown"
  },
  {
    "title": "Wells Fargo Healthcare ConferenceSeptember ,  at  EDTListen to Webcast",
    "link": "https://investors.beamtx.com/events/event-details/-wells-fargo-healthcare-conference",
    "timestamp": "unknown"
  },
  {
    "title": "Wells Fargo Healthcare Conference",
    "link": "https://investors.beamtx.com/events/event-details/-wells-fargo-healthcare-conference",
    "timestamp": "unknown"
  },
  {
    "title": "Wells Fargo Healthcare Conference",
    "link": "https://investors.beamtx.com/events/event-details/-wells-fargo-healthcare-conference",
    "timestamp": "unknown"
  },
  {
    "title": "Wells Fargo Healthcare Conference",
    "link": "https://investors.beamtx.com/events/event-details/-wells-fargo-healthcare-conference",
    "timestamp": "unknown"
  },
  {
    "title": "Listen to Webcast",
    "link": "https://event.webcasts.com/starthere.jsp?ei=&tp_key=53afde32f6&tp_special=",
    "timestamp": "unknown"
  },
  {
    "title": "Listen to Webcast",
    "link": "https://event.webcasts.com/starthere.jsp?ei=&tp_key=53afde32f6&tp_special=",
    "timestamp": "unknown"
  },
  {
    "title": "Listen to Webcast",
    "link": "https://event.webcasts.com/starthere.jsp?ei=&tp_key=53afde32f6&tp_special=",
    "timestamp": "unknown"
  },
  {
    "title": "Citi\u2019s  Biopharma Back to School ConferenceSeptember ,  at  EDTListen to Webcast",
    "link": "https://investors.beamtx.com/events/event-details/citis--biopharma-back-school-conference",
    "timestamp": "unknown"
  },
  {
    "title": "Citi\u2019s  Biopharma Back to School Conference",
    "link": "https://investors.beamtx.com/events/event-details/citis--biopharma-back-school-conference",
    "timestamp": "unknown"
  },
  {
    "title": "Citi\u2019s  Biopharma Back to School Conference",
    "link": "https://investors.beamtx.com/events/event-details/citis--biopharma-back-school-conference",
    "timestamp": "unknown"
  },
  {
    "title": "Citi\u2019s  Biopharma Back to School Conference",
    "link": "https://investors.beamtx.com/events/event-details/citis--biopharma-back-school-conference",
    "timestamp": "unknown"
  },
  {
    "title": "Listen to Webcast",
    "link": "https://kvgo.com/-biopharma-back-to-school-conference/beam-therapeutics-sep-",
    "timestamp": "unknown"
  },
  {
    "title": "Listen to Webcast",
    "link": "https://kvgo.com/-biopharma-back-to-school-conference/beam-therapeutics-sep-",
    "timestamp": "unknown"
  },
  {
    "title": "Listen to Webcast",
    "link": "https://kvgo.com/-biopharma-back-to-school-conference/beam-therapeutics-sep-",
    "timestamp": "unknown"
  },
  {
    "title": "Beam Therapeutics Investor Webcast \u2013 EHAJune ,  at  EDTListen to WebcastSupporting MaterialsBeam Therapeutics Investor Webcast \u2013 EHA  Presentation. MB",
    "link": "https://investors.beamtx.com/events/event-details/beam-therapeutics-investor-webcast-eha-",
    "timestamp": "unknown"
  },
  {
    "title": "Beam Therapeutics Investor Webcast \u2013 EHA",
    "link": "https://investors.beamtx.com/events/event-details/beam-therapeutics-investor-webcast-eha-",
    "timestamp": "unknown"
  },
  {
    "title": "Beam Therapeutics Investor Webcast \u2013 EHA",
    "link": "https://investors.beamtx.com/events/event-details/beam-therapeutics-investor-webcast-eha-",
    "timestamp": "unknown"
  },
  {
    "title": "Beam Therapeutics Investor Webcast \u2013 EHA",
    "link": "https://investors.beamtx.com/events/event-details/beam-therapeutics-investor-webcast-eha-",
    "timestamp": "unknown"
  },
  {
    "title": "Listen to Webcast",
    "link": "https://edge.media-server.com/mmc/p/2tc3vtr5",
    "timestamp": "unknown"
  },
  {
    "title": "Listen to Webcast",
    "link": "https://edge.media-server.com/mmc/p/2tc3vtr5",
    "timestamp": "unknown"
  },
  {
    "title": "Listen to Webcast",
    "link": "https://edge.media-server.com/mmc/p/2tc3vtr5",
    "timestamp": "unknown"
  },
  {
    "title": "Supporting MaterialsBeam Therapeutics Investor Webcast \u2013 EHA  Presentation. MB",
    "link": "https://investors.beamtx.com/static-files/0a025347-3a2e--b625-9668b22a72b0",
    "timestamp": "unknown"
  },
  {
    "title": "Beam Therapeutics Investor Webcast \u2013 EHA  Presentation. MB",
    "link": "https://investors.beamtx.com/static-files/0a025347-3a2e--b625-9668b22a72b0",
    "timestamp": "unknown"
  },
  {
    "title": "Beam Therapeutics Investor Webcast \u2013 EHA  Presentation. MB",
    "link": "https://investors.beamtx.com/static-files/0a025347-3a2e--b625-9668b22a72b0",
    "timestamp": "unknown"
  },
  {
    "title": "Beam Therapeutics Investor Webcast \u2013 EHA  Presentation. MB",
    "link": "https://investors.beamtx.com/static-files/0a025347-3a2e--b625-9668b22a72b0",
    "timestamp": "unknown"
  },
  {
    "title": "Beam Therapeutics Investor Webcast \u2013 EHA  Presentation. MB",
    "link": "https://investors.beamtx.com/static-files/0a025347-3a2e--b625-9668b22a72b0",
    "timestamp": "unknown"
  },
  {
    "title": "Beam Therapeutics Investor Webcast \u2013 EHA  Presentation. MB",
    "link": "https://investors.beamtx.com/static-files/0a025347-3a2e--b625-9668b22a72b0",
    "timestamp": "unknown"
  },
  {
    "title": "Beam Therapeutics Investor Webcast \u2013 EHA  Presentation. MB",
    "link": "https://investors.beamtx.com/static-files/0a025347-3a2e--b625-9668b22a72b0",
    "timestamp": "unknown"
  },
  {
    "title": "Beam Therapeutics Investor Webcast \u2013 EHA  Presentation. MB",
    "link": "https://investors.beamtx.com/static-files/0a025347-3a2e--b625-9668b22a72b0",
    "timestamp": "unknown"
  },
  {
    "title": "Beam Therapeutics Investor Webcast \u2013 EHA  Presentation. MB",
    "link": "https://investors.beamtx.com/static-files/0a025347-3a2e--b625-9668b22a72b0",
    "timestamp": "unknown"
  },
  {
    "title": "Beam Therapeutics Investor Webcast \u2013 EHA  Presentation. MB",
    "link": "https://investors.beamtx.com/static-files/0a025347-3a2e--b625-9668b22a72b0",
    "timestamp": "unknown"
  },
  {
    "title": "RBC Capital Markets Global Healthcare ConferenceMay ,  at  EDTListen to Webcast",
    "link": "https://investors.beamtx.com/events/event-details/-rbc-capital-markets-global-healthcare-conference",
    "timestamp": "unknown"
  },
  {
    "title": "RBC Capital Markets Global Healthcare Conference",
    "link": "https://investors.beamtx.com/events/event-details/-rbc-capital-markets-global-healthcare-conference",
    "timestamp": "unknown"
  },
  {
    "title": "RBC Capital Markets Global Healthcare Conference",
    "link": "https://investors.beamtx.com/events/event-details/-rbc-capital-markets-global-healthcare-conference",
    "timestamp": "unknown"
  },
  {
    "title": "RBC Capital Markets Global Healthcare Conference",
    "link": "https://investors.beamtx.com/events/event-details/-rbc-capital-markets-global-healthcare-conference",
    "timestamp": "unknown"
  },
  {
    "title": "Listen to Webcast",
    "link": "https://kvgo.com/rbc/beam-therapeutics-inc-may-",
    "timestamp": "unknown"
  },
  {
    "title": "Listen to Webcast",
    "link": "https://kvgo.com/rbc/beam-therapeutics-inc-may-",
    "timestamp": "unknown"
  },
  {
    "title": "Listen to Webcast",
    "link": "https://kvgo.com/rbc/beam-therapeutics-inc-may-",
    "timestamp": "unknown"
  },
  {
    "title": "Barclays Global Healthcare ConferenceMarch ,  at  EDTListen to Webcast",
    "link": "https://investors.beamtx.com/events/event-details/barclays-global-healthcare-conference-",
    "timestamp": "unknown"
  },
  {
    "title": "Barclays Global Healthcare Conference",
    "link": "https://investors.beamtx.com/events/event-details/barclays-global-healthcare-conference-",
    "timestamp": "unknown"
  },
  {
    "title": "Barclays Global Healthcare Conference",
    "link": "https://investors.beamtx.com/events/event-details/barclays-global-healthcare-conference-",
    "timestamp": "unknown"
  },
  {
    "title": "Barclays Global Healthcare Conference",
    "link": "https://investors.beamtx.com/events/event-details/barclays-global-healthcare-conference-",
    "timestamp": "unknown"
  },
  {
    "title": "Listen to Webcast",
    "link": "https://event.webcasts.com/starthere.jsp?ei=&tp_key=70669bbfae&tp_special=",
    "timestamp": "unknown"
  },
  {
    "title": "Listen to Webcast",
    "link": "https://event.webcasts.com/starthere.jsp?ei=&tp_key=70669bbfae&tp_special=",
    "timestamp": "unknown"
  },
  {
    "title": "Listen to Webcast",
    "link": "https://event.webcasts.com/starthere.jsp?ei=&tp_key=70669bbfae&tp_special=",
    "timestamp": "unknown"
  },
  {
    "title": "Leerink Partners Global Biopharma ConferenceMarch ,  at  EDTListen to Webcast",
    "link": "https://investors.beamtx.com/events/event-details/leerink-partners-global-biopharma-conference-",
    "timestamp": "unknown"
  },
  {
    "title": "Leerink Partners Global Biopharma Conference",
    "link": "https://investors.beamtx.com/events/event-details/leerink-partners-global-biopharma-conference-",
    "timestamp": "unknown"
  },
  {
    "title": "Leerink Partners Global Biopharma Conference",
    "link": "https://investors.beamtx.com/events/event-details/leerink-partners-global-biopharma-conference-",
    "timestamp": "unknown"
  },
  {
    "title": "Leerink Partners Global Biopharma Conference",
    "link": "https://investors.beamtx.com/events/event-details/leerink-partners-global-biopharma-conference-",
    "timestamp": "unknown"
  },
  {
    "title": "Listen to Webcast",
    "link": "https://wsw.com/webcast/leerink38/beam/",
    "timestamp": "unknown"
  },
  {
    "title": "Listen to Webcast",
    "link": "https://wsw.com/webcast/leerink38/beam/",
    "timestamp": "unknown"
  },
  {
    "title": "Listen to Webcast",
    "link": "https://wsw.com/webcast/leerink38/beam/",
    "timestamp": "unknown"
  },
  {
    "title": "BEAM- Initial Clinical Data Investor WebcastMarch ,  at  EDTListen to WebcastSupporting MaterialsBEAM- Initial Clinical Data Investor Webcast Presenta",
    "link": "https://investors.beamtx.com/events/event-details/beam--initial-clinical-data-investor-webcast",
    "timestamp": "unknown"
  },
  {
    "title": "BEAM- Initial Clinical Data Investor Webcast",
    "link": "https://investors.beamtx.com/events/event-details/beam--initial-clinical-data-investor-webcast",
    "timestamp": "unknown"
  },
  {
    "title": "BEAM- Initial Clinical Data Investor Webcast",
    "link": "https://investors.beamtx.com/events/event-details/beam--initial-clinical-data-investor-webcast",
    "timestamp": "unknown"
  },
  {
    "title": "BEAM- Initial Clinical Data Investor Webcast",
    "link": "https://investors.beamtx.com/events/event-details/beam--initial-clinical-data-investor-webcast",
    "timestamp": "unknown"
  },
  {
    "title": "Listen to Webcast",
    "link": "https://edge.media-server.com/mmc/p/r9taorek",
    "timestamp": "unknown"
  },
  {
    "title": "Listen to Webcast",
    "link": "https://edge.media-server.com/mmc/p/r9taorek",
    "timestamp": "unknown"
  },
  {
    "title": "Listen to Webcast",
    "link": "https://edge.media-server.com/mmc/p/r9taorek",
    "timestamp": "unknown"
  },
  {
    "title": "Supporting MaterialsBEAM- Initial Clinical Data Investor Webcast Presentation. MB",
    "link": "https://investors.beamtx.com/static-files/33feed5f-4eca--9ab8-ad1380c71b8e",
    "timestamp": "unknown"
  },
  {
    "title": "BEAM- Initial Clinical Data Investor Webcast Presentation. MB",
    "link": "https://investors.beamtx.com/static-files/33feed5f-4eca--9ab8-ad1380c71b8e",
    "timestamp": "unknown"
  },
  {
    "title": "BEAM- Initial Clinical Data Investor Webcast Presentation. MB",
    "link": "https://investors.beamtx.com/static-files/33feed5f-4eca--9ab8-ad1380c71b8e",
    "timestamp": "unknown"
  },
  {
    "title": "BEAM- Initial Clinical Data Investor Webcast Presentation. MB",
    "link": "https://investors.beamtx.com/static-files/33feed5f-4eca--9ab8-ad1380c71b8e",
    "timestamp": "unknown"
  },
  {
    "title": "BEAM- Initial Clinical Data Investor Webcast Presentation. MB",
    "link": "https://investors.beamtx.com/static-files/33feed5f-4eca--9ab8-ad1380c71b8e",
    "timestamp": "unknown"
  },
  {
    "title": "BEAM- Initial Clinical Data Investor Webcast Presentation. MB",
    "link": "https://investors.beamtx.com/static-files/33feed5f-4eca--9ab8-ad1380c71b8e",
    "timestamp": "unknown"
  },
  {
    "title": "BEAM- Initial Clinical Data Investor Webcast Presentation. MB",
    "link": "https://investors.beamtx.com/static-files/33feed5f-4eca--9ab8-ad1380c71b8e",
    "timestamp": "unknown"
  },
  {
    "title": "BEAM- Initial Clinical Data Investor Webcast Presentation. MB",
    "link": "https://investors.beamtx.com/static-files/33feed5f-4eca--9ab8-ad1380c71b8e",
    "timestamp": "unknown"
  },
  {
    "title": "BEAM- Initial Clinical Data Investor Webcast Presentation. MB",
    "link": "https://investors.beamtx.com/static-files/33feed5f-4eca--9ab8-ad1380c71b8e",
    "timestamp": "unknown"
  },
  {
    "title": "BEAM- Initial Clinical Data Investor Webcast Presentation. MB",
    "link": "https://investors.beamtx.com/static-files/33feed5f-4eca--9ab8-ad1380c71b8e",
    "timestamp": "unknown"
  },
  {
    "title": "TD Cowen 45th Annual Health Care ConferenceMarch ,  at  ESTListen to Webcast",
    "link": "https://investors.beamtx.com/events/event-details/td-cowen-45th-annual-health-care-conference",
    "timestamp": "unknown"
  },
  {
    "title": "TD Cowen 45th Annual Health Care Conference",
    "link": "https://investors.beamtx.com/events/event-details/td-cowen-45th-annual-health-care-conference",
    "timestamp": "unknown"
  },
  {
    "title": "TD Cowen 45th Annual Health Care Conference",
    "link": "https://investors.beamtx.com/events/event-details/td-cowen-45th-annual-health-care-conference",
    "timestamp": "unknown"
  },
  {
    "title": "TD Cowen 45th Annual Health Care Conference",
    "link": "https://investors.beamtx.com/events/event-details/td-cowen-45th-annual-health-care-conference",
    "timestamp": "unknown"
  },
  {
    "title": "Listen to Webcast",
    "link": "https://wsw.com/webcast/cowen177/beam/",
    "timestamp": "unknown"
  },
  {
    "title": "Listen to Webcast",
    "link": "https://wsw.com/webcast/cowen177/beam/",
    "timestamp": "unknown"
  },
  {
    "title": "Listen to Webcast",
    "link": "https://wsw.com/webcast/cowen177/beam/",
    "timestamp": "unknown"
  },
  {
    "title": "PaginationCurrent pagePageNext pagenext \u203aLast pagelast \u00bb",
    "link": "https://investors.beamtx.com/events?page=%2C0%2C0",
    "timestamp": "unknown"
  },
  {
    "title": "Current page",
    "link": "https://investors.beamtx.com/events?page=%2C0%2C0",
    "timestamp": "unknown"
  },
  {
    "title": "Page",
    "link": "https://investors.beamtx.com/events?page=%2C1%2C0",
    "timestamp": "unknown"
  },
  {
    "title": "Next pagenext \u203a",
    "link": "https://investors.beamtx.com/events?page=%2C1%2C0",
    "timestamp": "unknown"
  },
  {
    "title": "Last pagelast \u00bb",
    "link": "https://investors.beamtx.com/events?page=%2C1%2C0",
    "timestamp": "unknown"
  },
  {
    "title": "Investors & MediaOverviewPress ReleasesEventsPresentations & PublicationsFinancials & FilingsSEC FilingsAnnual ReportsStock InformationStock Quote & C",
    "link": "https://investors.beamtx.com/",
    "timestamp": "unknown"
  },
  {
    "title": "Investors & MediaOverviewPress ReleasesEventsPresentations & PublicationsFinancials & FilingsSEC FilingsAnnual ReportsStock InformationStock Quote & C",
    "link": "https://investors.beamtx.com/",
    "timestamp": "unknown"
  },
  {
    "title": "Investors & MediaOverviewPress ReleasesEventsPresentations & PublicationsFinancials & FilingsSEC FilingsAnnual ReportsStock InformationStock Quote & C",
    "link": "https://investors.beamtx.com/",
    "timestamp": "unknown"
  },
  {
    "title": "Investors & MediaOverviewPress ReleasesEventsPresentations & PublicationsFinancials & FilingsSEC FilingsAnnual ReportsStock InformationStock Quote & C",
    "link": "https://investors.beamtx.com/",
    "timestamp": "unknown"
  },
  {
    "title": "Investors & MediaOverviewPress ReleasesEventsPresentations & PublicationsFinancials & FilingsSEC FilingsAnnual ReportsStock InformationStock Quote & C",
    "link": "https://investors.beamtx.com/",
    "timestamp": "unknown"
  },
  {
    "title": "Overview",
    "link": "https://investors.beamtx.com/",
    "timestamp": "unknown"
  },
  {
    "title": "Press Releases",
    "link": "https://investors.beamtx.com/press-releases",
    "timestamp": "unknown"
  },
  {
    "title": "Events",
    "link": "https://investors.beamtx.com/events",
    "timestamp": "unknown"
  },
  {
    "title": "Presentations & Publications",
    "link": "https://beamtx.com/science/presentations-and-publications/",
    "timestamp": "unknown"
  },
  {
    "title": "Financials & FilingsSEC FilingsAnnual Reports",
    "link": "https://investors.beamtx.com/financials-filings/sec-filings",
    "timestamp": "unknown"
  },
  {
    "title": "SEC Filings",
    "link": "https://investors.beamtx.com/financials-filings/sec-filings",
    "timestamp": "unknown"
  },
  {
    "title": "Annual Reports",
    "link": "https://investors.beamtx.com/financials-filings/annual-reports",
    "timestamp": "unknown"
  },
  {
    "title": "Stock InformationStock Quote & Chart",
    "link": "https://investors.beamtx.com/stock-information/stock-quote-chart",
    "timestamp": "unknown"
  },
  {
    "title": "Stock Quote & Chart",
    "link": "https://investors.beamtx.com/stock-information/stock-quote-chart",
    "timestamp": "unknown"
  },
  {
    "title": "Analyst Coverage",
    "link": "https://investors.beamtx.com/analyst-coverage",
    "timestamp": "unknown"
  },
  {
    "title": "Corporate GovernanceGovernance HighlightsManagement TeamBoard of DirectorsCommittee Composition",
    "link": "https://investors.beamtx.com/corporate-governance/governance-highlights",
    "timestamp": "unknown"
  },
  {
    "title": "Governance Highlights",
    "link": "https://investors.beamtx.com/corporate-governance/governance-highlights",
    "timestamp": "unknown"
  },
  {
    "title": "Management Team",
    "link": "https://beamtx.com/about-us/",
    "timestamp": "unknown"
  },
  {
    "title": "Board of Directors",
    "link": "https://beamtx.com/about-us/",
    "timestamp": "unknown"
  },
  {
    "title": "Committee Composition",
    "link": "https://investors.beamtx.com/corporate-governance/committee-composition",
    "timestamp": "unknown"
  },
  {
    "title": "Investor FAQs",
    "link": "https://investors.beamtx.com/stockholder-tools/investor-faqs",
    "timestamp": "unknown"
  },
  {
    "title": "Contact Us",
    "link": "https://beamtx.com/contact/",
    "timestamp": "unknown"
  },
  {
    "title": "Print Page",
    "link": "javascript:window.print();",
    "timestamp": "unknown"
  },
  {
    "title": "RSS Feeds",
    "link": "https://investors.beamtx.com/stockholder-tools/rss-feeds",
    "timestamp": "unknown"
  },
  {
    "title": "Share Page",
    "link": "https://investors.beamtx.com/events",
    "timestamp": "unknown"
  },
  {
    "title": "Email Alerts",
    "link": "https://investors.beamtx.com/stockholder-tools/email-alerts",
    "timestamp": "unknown"
  },
  {
    "title": "About us",
    "link": "https://beamtx.com/about-us/",
    "timestamp": "unknown"
  },
  {
    "title": "Science",
    "link": "https://beamtx.com/science/",
    "timestamp": "unknown"
  },
  {
    "title": "Pipeline",
    "link": "https://beamtx.com/pipeline/",
    "timestamp": "unknown"
  },
  {
    "title": "Patients",
    "link": "https://beamtx.com/patients/",
    "timestamp": "unknown"
  },
  {
    "title": "Investors",
    "link": "https://investors.beamtx.com/",
    "timestamp": "unknown"
  },
  {
    "title": "Careers",
    "link": "https://beamtx.com/careers/",
    "timestamp": "unknown"
  },
  {
    "title": "Contact",
    "link": "https://beamtx.com/contact/",
    "timestamp": "unknown"
  },
  {
    "title": "Beam - Social Links",
    "link": "https://twitter.com/BeamTx",
    "timestamp": "unknown"
  },
  {
    "title": "Sitemap",
    "link": "https://beamtx.com/sitemap/",
    "timestamp": "unknown"
  },
  {
    "title": "Privacy Policy",
    "link": "https://beamtx.com/privacy/",
    "timestamp": "unknown"
  },
  {
    "title": "Contact UsGeneral Inquiriesinfo@beamtx.comWant to know more about how you can Dare to Beam?careers@beamtx.comBeam - Social Links",
    "link": "mailto:info@beamtx.com",
    "timestamp": "unknown"
  },
  {
    "title": "Contact UsGeneral Inquiriesinfo@beamtx.comWant to know more about how you can Dare to Beam?careers@beamtx.comBeam - Social Links",
    "link": "mailto:info@beamtx.com",
    "timestamp": "unknown"
  },
  {
    "title": "Contact UsGeneral Inquiriesinfo@beamtx.comWant to know more about how you can Dare to Beam?careers@beamtx.comBeam - Social Links",
    "link": "mailto:info@beamtx.com",
    "timestamp": "unknown"
  },
  {
    "title": "Contact UsGeneral Inquiriesinfo@beamtx.comWant to know more about how you can Dare to Beam?careers@beamtx.com",
    "link": "mailto:info@beamtx.com",
    "timestamp": "unknown"
  },
  {
    "title": "Contact UsGeneral Inquiriesinfo@beamtx.comWant to know more about how you can Dare to Beam?careers@beamtx.com",
    "link": "mailto:info@beamtx.com",
    "timestamp": "unknown"
  },
  {
    "title": "Contact UsGeneral Inquiriesinfo@beamtx.comWant to know more about how you can Dare to Beam?careers@beamtx.com",
    "link": "mailto:info@beamtx.com",
    "timestamp": "unknown"
  },
  {
    "title": "General Inquiriesinfo@beamtx.com",
    "link": "mailto:info@beamtx.com",
    "timestamp": "unknown"
  },
  {
    "title": "Want to know more about how you can Dare to Beam?careers@beamtx.com",
    "link": "mailto:careers@beamtx.com",
    "timestamp": "unknown"
  },
  {
    "title": "FacebookTwitterLinkedIn",
    "link": "http://www.facebook.com/share.php?u=https://investors.beamtx.com/events&t=Beam Therapeutics - Events",
    "timestamp": "unknown"
  },
  {
    "title": "Facebook",
    "link": "http://www.facebook.com/share.php?u=https://investors.beamtx.com/events&t=Beam Therapeutics - Events",
    "timestamp": "unknown"
  },
  {
    "title": "Twitter",
    "link": "http://twitter.com/intent/tweet?url=https://investors.beamtx.com/events",
    "timestamp": "unknown"
  },
  {
    "title": "LinkedIn",
    "link": "http://www.linkedin.com/shareArticle?mini=true&url=https://investors.beamtx.com/events&title=Beam Therapeutics - Events",
    "timestamp": "unknown"
  }
]