[
  {
    "title": "About usScienceBase EditingBase Editing ApplicationsAdditional TechnologiesPosters and PresentationsPipelinePatientsCommitmentOur ResearchExpanded Acc",
    "link": "https://beamtx.com/",
    "timestamp": "unknown"
  },
  {
    "title": "About usScienceBase EditingBase Editing ApplicationsAdditional TechnologiesPosters and PresentationsPipelinePatientsCommitmentOur ResearchExpanded Acc",
    "link": "https://beamtx.com/",
    "timestamp": "unknown"
  },
  {
    "title": "About usScienceBase EditingBase Editing ApplicationsAdditional TechnologiesPosters and PresentationsPipelinePatientsCommitmentOur ResearchExpanded Acc",
    "link": "https://beamtx.com/about-us/",
    "timestamp": "unknown"
  },
  {
    "title": "About us",
    "link": "https://beamtx.com/about-us/",
    "timestamp": "unknown"
  },
  {
    "title": "ScienceBase EditingBase Editing ApplicationsAdditional TechnologiesPosters and Presentations",
    "link": "https://beamtx.com/our-science/",
    "timestamp": "unknown"
  },
  {
    "title": "Base Editing",
    "link": "https://beamtx.com/science/base-editing/",
    "timestamp": "unknown"
  },
  {
    "title": "Base Editing Applications",
    "link": "https://beamtx.com/science/base-editing-applications/",
    "timestamp": "unknown"
  },
  {
    "title": "Additional Technologies",
    "link": "https://beamtx.com/science/additional-technologies/",
    "timestamp": "unknown"
  },
  {
    "title": "Posters and Presentations",
    "link": "https://beamtx.com/science/posters-and-presentations/",
    "timestamp": "unknown"
  },
  {
    "title": "Pipeline",
    "link": "https://beamtx.com/pipeline/",
    "timestamp": "unknown"
  },
  {
    "title": "PatientsCommitmentOur ResearchExpanded Access",
    "link": "https://beamtx.com/patients/",
    "timestamp": "unknown"
  },
  {
    "title": "Commitment",
    "link": "https://beamtx.com/patients/commitment/",
    "timestamp": "unknown"
  },
  {
    "title": "Our Research",
    "link": "https://beamtx.com/patients/our-research/",
    "timestamp": "unknown"
  },
  {
    "title": "Expanded Access",
    "link": "https://beamtx.com/patients/expanded-access/",
    "timestamp": "unknown"
  },
  {
    "title": "Investors",
    "link": "https://investors.beamtx.com/",
    "timestamp": "unknown"
  },
  {
    "title": "Careers",
    "link": "https://beamtx.com/careers/",
    "timestamp": "unknown"
  },
  {
    "title": "Contact",
    "link": "https://beamtx.com/contact/",
    "timestamp": "unknown"
  },
  {
    "title": "Saved Jobs",
    "link": "https://beamtx.com/jobs/saved-jobs/",
    "timestamp": "unknown"
  },
  {
    "title": "Saved Jobs",
    "link": "https://beamtx.com/jobs/saved-jobs/",
    "timestamp": "unknown"
  },
  {
    "title": "About us",
    "link": "https://beamtx.com/about-us/",
    "timestamp": "unknown"
  },
  {
    "title": "Science",
    "link": "https://beamtx.com/our-science/",
    "timestamp": "unknown"
  },
  {
    "title": "Pipeline",
    "link": "https://beamtx.com/pipeline/",
    "timestamp": "unknown"
  },
  {
    "title": "Patients",
    "link": "https://beamtx.com/patients/",
    "timestamp": "unknown"
  },
  {
    "title": "Investors",
    "link": "https://investors.beamtx.com/",
    "timestamp": "unknown"
  },
  {
    "title": "Careers",
    "link": "https://beamtx.com/careers/",
    "timestamp": "unknown"
  },
  {
    "title": "Contact",
    "link": "https://beamtx.com/contact/",
    "timestamp": "unknown"
  },
  {
    "title": "Sitemap",
    "link": "https://beamtx.com/sitemap/",
    "timestamp": "unknown"
  },
  {
    "title": "Privacy Policy",
    "link": "https://beamtx.com/privacy/",
    "timestamp": "unknown"
  },
  {
    "title": "EventsPresentationsCorporate PresentationUpcoming EventsCiti\u2019s  Biopharma Back to School ConferenceSeptember ,  at  EDTListen to WebcastAdd to Outlook",
    "link": "https://investors.beamtx.com/static-files/a2f39903-04a5-4d95--6ca6d5c47630",
    "timestamp": "unknown"
  },
  {
    "title": "EventsPresentationsCorporate PresentationUpcoming EventsCiti\u2019s  Biopharma Back to School ConferenceSeptember ,  at  EDTListen to WebcastAdd to Outlook",
    "link": "https://investors.beamtx.com/static-files/a2f39903-04a5-4d95--6ca6d5c47630",
    "timestamp": "unknown"
  },
  {
    "title": "EventsPresentationsCorporate PresentationUpcoming EventsCiti\u2019s  Biopharma Back to School ConferenceSeptember ,  at  EDTListen to WebcastAdd to Outlook",
    "link": "https://investors.beamtx.com/static-files/a2f39903-04a5-4d95--6ca6d5c47630",
    "timestamp": "unknown"
  },
  {
    "title": "EventsPresentationsCorporate PresentationUpcoming EventsCiti\u2019s  Biopharma Back to School ConferenceSeptember ,  at  EDTListen to WebcastAdd to Outlook",
    "link": "https://investors.beamtx.com/static-files/a2f39903-04a5-4d95--6ca6d5c47630",
    "timestamp": "unknown"
  },
  {
    "title": "EventsPresentationsCorporate PresentationUpcoming EventsCiti\u2019s  Biopharma Back to School ConferenceSeptember ,  at  EDTListen to WebcastAdd to Outlook",
    "link": "https://investors.beamtx.com/static-files/a2f39903-04a5-4d95--6ca6d5c47630",
    "timestamp": "unknown"
  },
  {
    "title": "EventsPresentationsCorporate PresentationUpcoming EventsCiti\u2019s  Biopharma Back to School ConferenceSeptember ,  at  EDTListen to WebcastAdd to Outlook",
    "link": "https://investors.beamtx.com/static-files/a2f39903-04a5-4d95--6ca6d5c47630",
    "timestamp": "unknown"
  },
  {
    "title": "EventsPresentationsCorporate PresentationUpcoming EventsCiti\u2019s  Biopharma Back to School ConferenceSeptember ,  at  EDTListen to WebcastAdd to Outlook",
    "link": "https://investors.beamtx.com/static-files/a2f39903-04a5-4d95--6ca6d5c47630",
    "timestamp": "unknown"
  },
  {
    "title": "PresentationsCorporate PresentationUpcoming EventsCiti\u2019s  Biopharma Back to School ConferenceSeptember ,  at  EDTListen to WebcastAdd to OutlookAdd to",
    "link": "https://investors.beamtx.com/static-files/a2f39903-04a5-4d95--6ca6d5c47630",
    "timestamp": "unknown"
  },
  {
    "title": "PresentationsCorporate PresentationUpcoming EventsCiti\u2019s  Biopharma Back to School ConferenceSeptember ,  at  EDTListen to WebcastAdd to OutlookAdd to",
    "link": "https://investors.beamtx.com/static-files/a2f39903-04a5-4d95--6ca6d5c47630",
    "timestamp": "unknown"
  },
  {
    "title": "PresentationsCorporate PresentationUpcoming EventsCiti\u2019s  Biopharma Back to School ConferenceSeptember ,  at  EDTListen to WebcastAdd to OutlookAdd to",
    "link": "https://investors.beamtx.com/static-files/a2f39903-04a5-4d95--6ca6d5c47630",
    "timestamp": "unknown"
  },
  {
    "title": "PresentationsCorporate PresentationUpcoming EventsCiti\u2019s  Biopharma Back to School ConferenceSeptember ,  at  EDTListen to WebcastAdd to OutlookAdd to",
    "link": "https://investors.beamtx.com/static-files/a2f39903-04a5-4d95--6ca6d5c47630",
    "timestamp": "unknown"
  },
  {
    "title": "PresentationsCorporate PresentationUpcoming EventsCiti\u2019s  Biopharma Back to School ConferenceSeptember ,  at  EDTListen to WebcastAdd to OutlookAdd to",
    "link": "https://investors.beamtx.com/static-files/a2f39903-04a5-4d95--6ca6d5c47630",
    "timestamp": "unknown"
  },
  {
    "title": "PresentationsCorporate PresentationUpcoming EventsCiti\u2019s  Biopharma Back to School ConferenceSeptember ,  at  EDTListen to WebcastAdd to OutlookAdd to",
    "link": "https://investors.beamtx.com/static-files/a2f39903-04a5-4d95--6ca6d5c47630",
    "timestamp": "unknown"
  },
  {
    "title": "PresentationsCorporate PresentationUpcoming EventsCiti\u2019s  Biopharma Back to School ConferenceSeptember ,  at  EDTListen to WebcastAdd to OutlookAdd to",
    "link": "https://investors.beamtx.com/static-files/a2f39903-04a5-4d95--6ca6d5c47630",
    "timestamp": "unknown"
  },
  {
    "title": "PresentationsCorporate PresentationUpcoming EventsCiti\u2019s  Biopharma Back to School ConferenceSeptember ,  at  EDTListen to WebcastAdd to OutlookAdd to",
    "link": "https://investors.beamtx.com/static-files/a2f39903-04a5-4d95--6ca6d5c47630",
    "timestamp": "unknown"
  },
  {
    "title": "PresentationsCorporate PresentationUpcoming EventsCiti\u2019s  Biopharma Back to School ConferenceSeptember ,  at  EDTListen to WebcastAdd to OutlookAdd to",
    "link": "https://investors.beamtx.com/static-files/a2f39903-04a5-4d95--6ca6d5c47630",
    "timestamp": "unknown"
  },
  {
    "title": "PresentationsCorporate PresentationUpcoming EventsCiti\u2019s  Biopharma Back to School ConferenceSeptember ,  at  EDTListen to WebcastAdd to OutlookAdd to",
    "link": "https://investors.beamtx.com/static-files/a2f39903-04a5-4d95--6ca6d5c47630",
    "timestamp": "unknown"
  },
  {
    "title": "PresentationsCorporate PresentationUpcoming EventsCiti\u2019s  Biopharma Back to School ConferenceSeptember ,  at  EDTListen to WebcastAdd to OutlookAdd to",
    "link": "https://investors.beamtx.com/static-files/a2f39903-04a5-4d95--6ca6d5c47630",
    "timestamp": "unknown"
  },
  {
    "title": "PresentationsCorporate Presentation",
    "link": "https://investors.beamtx.com/static-files/a2f39903-04a5-4d95--6ca6d5c47630",
    "timestamp": "unknown"
  },
  {
    "title": "PresentationsCorporate Presentation",
    "link": "https://investors.beamtx.com/static-files/a2f39903-04a5-4d95--6ca6d5c47630",
    "timestamp": "unknown"
  },
  {
    "title": "Corporate Presentation",
    "link": "https://investors.beamtx.com/static-files/a2f39903-04a5-4d95--6ca6d5c47630",
    "timestamp": "unknown"
  },
  {
    "title": "Corporate Presentation",
    "link": "https://investors.beamtx.com/static-files/a2f39903-04a5-4d95--6ca6d5c47630",
    "timestamp": "unknown"
  },
  {
    "title": "Corporate Presentation",
    "link": "https://investors.beamtx.com/static-files/a2f39903-04a5-4d95--6ca6d5c47630",
    "timestamp": "unknown"
  },
  {
    "title": "Corporate Presentation",
    "link": "https://investors.beamtx.com/static-files/a2f39903-04a5-4d95--6ca6d5c47630",
    "timestamp": "unknown"
  },
  {
    "title": "Corporate Presentation",
    "link": "https://investors.beamtx.com/static-files/a2f39903-04a5-4d95--6ca6d5c47630",
    "timestamp": "unknown"
  },
  {
    "title": "Corporate Presentation",
    "link": "https://investors.beamtx.com/static-files/a2f39903-04a5-4d95--6ca6d5c47630",
    "timestamp": "unknown"
  },
  {
    "title": "Upcoming EventsCiti\u2019s  Biopharma Back to School ConferenceSeptember ,  at  EDTListen to WebcastAdd to OutlookAdd to Google CalendarWells Fargo Healthc",
    "link": "https://investors.beamtx.com/events/event-details/citis--biopharma-back-school-conference",
    "timestamp": "unknown"
  },
  {
    "title": "Upcoming EventsCiti\u2019s  Biopharma Back to School ConferenceSeptember ,  at  EDTListen to WebcastAdd to OutlookAdd to Google CalendarWells Fargo Healthc",
    "link": "https://investors.beamtx.com/events/event-details/citis--biopharma-back-school-conference",
    "timestamp": "unknown"
  },
  {
    "title": "Citi\u2019s  Biopharma Back to School ConferenceSeptember ,  at  EDTListen to WebcastAdd to OutlookAdd to Google CalendarWells Fargo Healthcare ConferenceS",
    "link": "https://investors.beamtx.com/events/event-details/citis--biopharma-back-school-conference",
    "timestamp": "unknown"
  },
  {
    "title": "Citi\u2019s  Biopharma Back to School ConferenceSeptember ,  at  EDTListen to WebcastAdd to OutlookAdd to Google CalendarWells Fargo Healthcare ConferenceS",
    "link": "https://investors.beamtx.com/events/event-details/citis--biopharma-back-school-conference",
    "timestamp": "unknown"
  },
  {
    "title": "Citi\u2019s  Biopharma Back to School ConferenceSeptember ,  at  EDTListen to WebcastAdd to OutlookAdd to Google Calendar",
    "link": "https://investors.beamtx.com/events/event-details/citis--biopharma-back-school-conference",
    "timestamp": "unknown"
  },
  {
    "title": "Citi\u2019s  Biopharma Back to School Conference",
    "link": "https://investors.beamtx.com/events/event-details/citis--biopharma-back-school-conference",
    "timestamp": "unknown"
  },
  {
    "title": "Citi\u2019s  Biopharma Back to School Conference",
    "link": "https://investors.beamtx.com/events/event-details/citis--biopharma-back-school-conference",
    "timestamp": "unknown"
  },
  {
    "title": "Citi\u2019s  Biopharma Back to School Conference",
    "link": "https://investors.beamtx.com/events/event-details/citis--biopharma-back-school-conference",
    "timestamp": "unknown"
  },
  {
    "title": "Listen to Webcast",
    "link": "https://kvgo.com/-biopharma-back-to-school-conference/beam-therapeutics-sep-",
    "timestamp": "unknown"
  },
  {
    "title": "Listen to Webcast",
    "link": "https://kvgo.com/-biopharma-back-to-school-conference/beam-therapeutics-sep-",
    "timestamp": "unknown"
  },
  {
    "title": "Listen to Webcast",
    "link": "https://kvgo.com/-biopharma-back-to-school-conference/beam-therapeutics-sep-",
    "timestamp": "unknown"
  },
  {
    "title": "Add to OutlookAdd to Google Calendar",
    "link": "https://investors.beamtx.com/node//ics",
    "timestamp": "unknown"
  },
  {
    "title": "Add to Outlook",
    "link": "https://investors.beamtx.com/node//ics",
    "timestamp": "unknown"
  },
  {
    "title": "Add to Outlook",
    "link": "https://investors.beamtx.com/node//ics",
    "timestamp": "unknown"
  },
  {
    "title": "Add to Outlook",
    "link": "https://investors.beamtx.com/node//ics",
    "timestamp": "unknown"
  },
  {
    "title": "Add to Google Calendar",
    "link": "https://www.google.com/calendar/render?action=TEMPLATE&text=Beam%20Therapeutics%-%20Citi%E2%%99s%%20Biopharma%20Back%20to%20School%20Conference&dates=20250903T200000Z/20250903T200000Z&details=Event%20Details%3A%20https%3A//investors.beamtx.com/events/event-details/citis--biopharma-back-school-conference%0A%0AWebcast%3A%20https%3A//kvgo.com/-biopharma-back-to-school-conference/beam-therapeutics-sep-&location=&trp=false&sprop=name%3A",
    "timestamp": "unknown"
  },
  {
    "title": "Add to Google Calendar",
    "link": "https://www.google.com/calendar/render?action=TEMPLATE&text=Beam%20Therapeutics%-%20Citi%E2%%99s%%20Biopharma%20Back%20to%20School%20Conference&dates=20250903T200000Z/20250903T200000Z&details=Event%20Details%3A%20https%3A//investors.beamtx.com/events/event-details/citis--biopharma-back-school-conference%0A%0AWebcast%3A%20https%3A//kvgo.com/-biopharma-back-to-school-conference/beam-therapeutics-sep-&location=&trp=false&sprop=name%3A",
    "timestamp": "unknown"
  },
  {
    "title": "Add to Google Calendar",
    "link": "https://www.google.com/calendar/render?action=TEMPLATE&text=Beam%20Therapeutics%-%20Citi%E2%%99s%%20Biopharma%20Back%20to%20School%20Conference&dates=20250903T200000Z/20250903T200000Z&details=Event%20Details%3A%20https%3A//investors.beamtx.com/events/event-details/citis--biopharma-back-school-conference%0A%0AWebcast%3A%20https%3A//kvgo.com/-biopharma-back-to-school-conference/beam-therapeutics-sep-&location=&trp=false&sprop=name%3A",
    "timestamp": "unknown"
  },
  {
    "title": "Wells Fargo Healthcare ConferenceSeptember ,  at  EDTListen to WebcastAdd to OutlookAdd to Google Calendar",
    "link": "https://investors.beamtx.com/events/event-details/-wells-fargo-healthcare-conference",
    "timestamp": "unknown"
  },
  {
    "title": "Wells Fargo Healthcare Conference",
    "link": "https://investors.beamtx.com/events/event-details/-wells-fargo-healthcare-conference",
    "timestamp": "unknown"
  },
  {
    "title": "Wells Fargo Healthcare Conference",
    "link": "https://investors.beamtx.com/events/event-details/-wells-fargo-healthcare-conference",
    "timestamp": "unknown"
  },
  {
    "title": "Wells Fargo Healthcare Conference",
    "link": "https://investors.beamtx.com/events/event-details/-wells-fargo-healthcare-conference",
    "timestamp": "unknown"
  },
  {
    "title": "Listen to Webcast",
    "link": "https://event.webcasts.com/starthere.jsp?ei=&tp_key=53afde32f6&tp_special=",
    "timestamp": "unknown"
  },
  {
    "title": "Listen to Webcast",
    "link": "https://event.webcasts.com/starthere.jsp?ei=&tp_key=53afde32f6&tp_special=",
    "timestamp": "unknown"
  },
  {
    "title": "Listen to Webcast",
    "link": "https://event.webcasts.com/starthere.jsp?ei=&tp_key=53afde32f6&tp_special=",
    "timestamp": "unknown"
  },
  {
    "title": "Add to OutlookAdd to Google Calendar",
    "link": "https://investors.beamtx.com/node//ics",
    "timestamp": "unknown"
  },
  {
    "title": "Add to Outlook",
    "link": "https://investors.beamtx.com/node//ics",
    "timestamp": "unknown"
  },
  {
    "title": "Add to Outlook",
    "link": "https://investors.beamtx.com/node//ics",
    "timestamp": "unknown"
  },
  {
    "title": "Add to Outlook",
    "link": "https://investors.beamtx.com/node//ics",
    "timestamp": "unknown"
  },
  {
    "title": "Add to Google Calendar",
    "link": "https://www.google.com/calendar/render?action=TEMPLATE&text=Beam%20Therapeutics%-%%20Wells%20Fargo%20Healthcare%20Conference&dates=20250904T173000Z/20250904T173000Z&details=Event%20Details%3A%20https%3A//investors.beamtx.com/events/event-details/-wells-fargo-healthcare-conference%0A%0AWebcast%3A%20https%3A//event.webcasts.com/starthere.jsp%3Fei%3D1730974&tp_key=53afde32f6&tp_special=&location=&trp=false&sprop=name%3A",
    "timestamp": "unknown"
  },
  {
    "title": "Add to Google Calendar",
    "link": "https://www.google.com/calendar/render?action=TEMPLATE&text=Beam%20Therapeutics%-%%20Wells%20Fargo%20Healthcare%20Conference&dates=20250904T173000Z/20250904T173000Z&details=Event%20Details%3A%20https%3A//investors.beamtx.com/events/event-details/-wells-fargo-healthcare-conference%0A%0AWebcast%3A%20https%3A//event.webcasts.com/starthere.jsp%3Fei%3D1730974&tp_key=53afde32f6&tp_special=&location=&trp=false&sprop=name%3A",
    "timestamp": "unknown"
  },
  {
    "title": "Add to Google Calendar",
    "link": "https://www.google.com/calendar/render?action=TEMPLATE&text=Beam%20Therapeutics%-%%20Wells%20Fargo%20Healthcare%20Conference&dates=20250904T173000Z/20250904T173000Z&details=Event%20Details%3A%20https%3A//investors.beamtx.com/events/event-details/-wells-fargo-healthcare-conference%0A%0AWebcast%3A%20https%3A//event.webcasts.com/starthere.jsp%3Fei%3D1730974&tp_key=53afde32f6&tp_special=&location=&trp=false&sprop=name%3A",
    "timestamp": "unknown"
  },
  {
    "title": "H.C. Wainwright 27th Annual Global Investment ConferenceSeptember ,  at  EDTListen to WebcastAdd to OutlookAdd to Google Calendar",
    "link": "https://investors.beamtx.com/events/event-details/hc-wainwright-27th-annual-global-investment-conference",
    "timestamp": "unknown"
  },
  {
    "title": "H.C. Wainwright 27th Annual Global Investment Conference",
    "link": "https://investors.beamtx.com/events/event-details/hc-wainwright-27th-annual-global-investment-conference",
    "timestamp": "unknown"
  },
  {
    "title": "H.C. Wainwright 27th Annual Global Investment Conference",
    "link": "https://investors.beamtx.com/events/event-details/hc-wainwright-27th-annual-global-investment-conference",
    "timestamp": "unknown"
  },
  {
    "title": "H.C. Wainwright 27th Annual Global Investment Conference",
    "link": "https://investors.beamtx.com/events/event-details/hc-wainwright-27th-annual-global-investment-conference",
    "timestamp": "unknown"
  },
  {
    "title": "Listen to Webcast",
    "link": "https://journey.ct.events/view/8f947506-9d74-41a7-9ec9-25b212f6d536",
    "timestamp": "unknown"
  },
  {
    "title": "Listen to Webcast",
    "link": "https://journey.ct.events/view/8f947506-9d74-41a7-9ec9-25b212f6d536",
    "timestamp": "unknown"
  },
  {
    "title": "Listen to Webcast",
    "link": "https://journey.ct.events/view/8f947506-9d74-41a7-9ec9-25b212f6d536",
    "timestamp": "unknown"
  },
  {
    "title": "Add to OutlookAdd to Google Calendar",
    "link": "https://investors.beamtx.com/node//ics",
    "timestamp": "unknown"
  },
  {
    "title": "Add to Outlook",
    "link": "https://investors.beamtx.com/node//ics",
    "timestamp": "unknown"
  },
  {
    "title": "Add to Outlook",
    "link": "https://investors.beamtx.com/node//ics",
    "timestamp": "unknown"
  },
  {
    "title": "Add to Outlook",
    "link": "https://investors.beamtx.com/node//ics",
    "timestamp": "unknown"
  },
  {
    "title": "Add to Google Calendar",
    "link": "https://www.google.com/calendar/render?action=TEMPLATE&text=Beam%20Therapeutics%-%20H.C.%20Wainwright%2027th%20Annual%20Global%20Investment%20Conference&dates=20250908T143000Z/20250908T143000Z&details=Event%20Details%3A%20https%3A//investors.beamtx.com/events/event-details/hc-wainwright-27th-annual-global-investment-conference%0A%0AWebcast%3A%20https%3A//journey.ct.events/view/8f947506-9d74-41a7-9ec9-25b212f6d536&location=&trp=false&sprop=name%3A",
    "timestamp": "unknown"
  },
  {
    "title": "Add to Google Calendar",
    "link": "https://www.google.com/calendar/render?action=TEMPLATE&text=Beam%20Therapeutics%-%20H.C.%20Wainwright%2027th%20Annual%20Global%20Investment%20Conference&dates=20250908T143000Z/20250908T143000Z&details=Event%20Details%3A%20https%3A//investors.beamtx.com/events/event-details/hc-wainwright-27th-annual-global-investment-conference%0A%0AWebcast%3A%20https%3A//journey.ct.events/view/8f947506-9d74-41a7-9ec9-25b212f6d536&location=&trp=false&sprop=name%3A",
    "timestamp": "unknown"
  },
  {
    "title": "Add to Google Calendar",
    "link": "https://www.google.com/calendar/render?action=TEMPLATE&text=Beam%20Therapeutics%-%20H.C.%20Wainwright%2027th%20Annual%20Global%20Investment%20Conference&dates=20250908T143000Z/20250908T143000Z&details=Event%20Details%3A%20https%3A//investors.beamtx.com/events/event-details/hc-wainwright-27th-annual-global-investment-conference%0A%0AWebcast%3A%20https%3A//journey.ct.events/view/8f947506-9d74-41a7-9ec9-25b212f6d536&location=&trp=false&sprop=name%3A",
    "timestamp": "unknown"
  },
  {
    "title": "Past EventsBeam Therapeutics Investor Webcast \u2013 EHAJune ,  at  EDTListen to WebcastSupporting MaterialsBeam Therapeutics Investor Webcast \u2013 EHA  Prese",
    "link": "https://investors.beamtx.com/events/event-details/beam-therapeutics-investor-webcast-eha-",
    "timestamp": "unknown"
  },
  {
    "title": "Past EventsBeam Therapeutics Investor Webcast \u2013 EHAJune ,  at  EDTListen to WebcastSupporting MaterialsBeam Therapeutics Investor Webcast \u2013 EHA  Prese",
    "link": "https://investors.beamtx.com/events/event-details/beam-therapeutics-investor-webcast-eha-",
    "timestamp": "unknown"
  },
  {
    "title": "Beam Therapeutics Investor Webcast \u2013 EHAJune ,  at  EDTListen to WebcastSupporting MaterialsBeam Therapeutics Investor Webcast \u2013 EHA  Presentation. MB",
    "link": "https://investors.beamtx.com/events/event-details/beam-therapeutics-investor-webcast-eha-",
    "timestamp": "unknown"
  },
  {
    "title": "Beam Therapeutics Investor Webcast \u2013 EHAJune ,  at  EDTListen to WebcastSupporting MaterialsBeam Therapeutics Investor Webcast \u2013 EHA  Presentation. MB",
    "link": "https://investors.beamtx.com/events/event-details/beam-therapeutics-investor-webcast-eha-",
    "timestamp": "unknown"
  },
  {
    "title": "Beam Therapeutics Investor Webcast \u2013 EHAJune ,  at  EDTListen to WebcastSupporting MaterialsBeam Therapeutics Investor Webcast \u2013 EHA  Presentation. MB",
    "link": "https://investors.beamtx.com/events/event-details/beam-therapeutics-investor-webcast-eha-",
    "timestamp": "unknown"
  },
  {
    "title": "Beam Therapeutics Investor Webcast \u2013 EHA",
    "link": "https://investors.beamtx.com/events/event-details/beam-therapeutics-investor-webcast-eha-",
    "timestamp": "unknown"
  },
  {
    "title": "Beam Therapeutics Investor Webcast \u2013 EHA",
    "link": "https://investors.beamtx.com/events/event-details/beam-therapeutics-investor-webcast-eha-",
    "timestamp": "unknown"
  },
  {
    "title": "Beam Therapeutics Investor Webcast \u2013 EHA",
    "link": "https://investors.beamtx.com/events/event-details/beam-therapeutics-investor-webcast-eha-",
    "timestamp": "unknown"
  },
  {
    "title": "Listen to Webcast",
    "link": "https://edge.media-server.com/mmc/p/2tc3vtr5",
    "timestamp": "unknown"
  },
  {
    "title": "Listen to Webcast",
    "link": "https://edge.media-server.com/mmc/p/2tc3vtr5",
    "timestamp": "unknown"
  },
  {
    "title": "Listen to Webcast",
    "link": "https://edge.media-server.com/mmc/p/2tc3vtr5",
    "timestamp": "unknown"
  },
  {
    "title": "Supporting MaterialsBeam Therapeutics Investor Webcast \u2013 EHA  Presentation. MB",
    "link": "https://investors.beamtx.com/static-files/0a025347-3a2e--b625-9668b22a72b0",
    "timestamp": "unknown"
  },
  {
    "title": "Beam Therapeutics Investor Webcast \u2013 EHA  Presentation. MB",
    "link": "https://investors.beamtx.com/static-files/0a025347-3a2e--b625-9668b22a72b0",
    "timestamp": "unknown"
  },
  {
    "title": "Beam Therapeutics Investor Webcast \u2013 EHA  Presentation. MB",
    "link": "https://investors.beamtx.com/static-files/0a025347-3a2e--b625-9668b22a72b0",
    "timestamp": "unknown"
  },
  {
    "title": "Beam Therapeutics Investor Webcast \u2013 EHA  Presentation. MB",
    "link": "https://investors.beamtx.com/static-files/0a025347-3a2e--b625-9668b22a72b0",
    "timestamp": "unknown"
  },
  {
    "title": "Beam Therapeutics Investor Webcast \u2013 EHA  Presentation. MB",
    "link": "https://investors.beamtx.com/static-files/0a025347-3a2e--b625-9668b22a72b0",
    "timestamp": "unknown"
  },
  {
    "title": "Beam Therapeutics Investor Webcast \u2013 EHA  Presentation. MB",
    "link": "https://investors.beamtx.com/static-files/0a025347-3a2e--b625-9668b22a72b0",
    "timestamp": "unknown"
  },
  {
    "title": "Beam Therapeutics Investor Webcast \u2013 EHA  Presentation. MB",
    "link": "https://investors.beamtx.com/static-files/0a025347-3a2e--b625-9668b22a72b0",
    "timestamp": "unknown"
  },
  {
    "title": "Beam Therapeutics Investor Webcast \u2013 EHA  Presentation. MB",
    "link": "https://investors.beamtx.com/static-files/0a025347-3a2e--b625-9668b22a72b0",
    "timestamp": "unknown"
  },
  {
    "title": "Beam Therapeutics Investor Webcast \u2013 EHA  Presentation. MB",
    "link": "https://investors.beamtx.com/static-files/0a025347-3a2e--b625-9668b22a72b0",
    "timestamp": "unknown"
  },
  {
    "title": "Beam Therapeutics Investor Webcast \u2013 EHA  Presentation. MB",
    "link": "https://investors.beamtx.com/static-files/0a025347-3a2e--b625-9668b22a72b0",
    "timestamp": "unknown"
  },
  {
    "title": "RBC Capital Markets Global Healthcare ConferenceMay ,  at  EDTListen to Webcast",
    "link": "https://investors.beamtx.com/events/event-details/-rbc-capital-markets-global-healthcare-conference",
    "timestamp": "unknown"
  },
  {
    "title": "RBC Capital Markets Global Healthcare Conference",
    "link": "https://investors.beamtx.com/events/event-details/-rbc-capital-markets-global-healthcare-conference",
    "timestamp": "unknown"
  },
  {
    "title": "RBC Capital Markets Global Healthcare Conference",
    "link": "https://investors.beamtx.com/events/event-details/-rbc-capital-markets-global-healthcare-conference",
    "timestamp": "unknown"
  },
  {
    "title": "RBC Capital Markets Global Healthcare Conference",
    "link": "https://investors.beamtx.com/events/event-details/-rbc-capital-markets-global-healthcare-conference",
    "timestamp": "unknown"
  },
  {
    "title": "Listen to Webcast",
    "link": "https://kvgo.com/rbc/beam-therapeutics-inc-may-",
    "timestamp": "unknown"
  },
  {
    "title": "Listen to Webcast",
    "link": "https://kvgo.com/rbc/beam-therapeutics-inc-may-",
    "timestamp": "unknown"
  },
  {
    "title": "Listen to Webcast",
    "link": "https://kvgo.com/rbc/beam-therapeutics-inc-may-",
    "timestamp": "unknown"
  },
  {
    "title": "Barclays Global Healthcare ConferenceMarch ,  at  EDTListen to Webcast",
    "link": "https://investors.beamtx.com/events/event-details/barclays-global-healthcare-conference-",
    "timestamp": "unknown"
  },
  {
    "title": "Barclays Global Healthcare Conference",
    "link": "https://investors.beamtx.com/events/event-details/barclays-global-healthcare-conference-",
    "timestamp": "unknown"
  },
  {
    "title": "Barclays Global Healthcare Conference",
    "link": "https://investors.beamtx.com/events/event-details/barclays-global-healthcare-conference-",
    "timestamp": "unknown"
  },
  {
    "title": "Barclays Global Healthcare Conference",
    "link": "https://investors.beamtx.com/events/event-details/barclays-global-healthcare-conference-",
    "timestamp": "unknown"
  },
  {
    "title": "Listen to Webcast",
    "link": "https://event.webcasts.com/starthere.jsp?ei=&tp_key=70669bbfae&tp_special=",
    "timestamp": "unknown"
  },
  {
    "title": "Listen to Webcast",
    "link": "https://event.webcasts.com/starthere.jsp?ei=&tp_key=70669bbfae&tp_special=",
    "timestamp": "unknown"
  },
  {
    "title": "Listen to Webcast",
    "link": "https://event.webcasts.com/starthere.jsp?ei=&tp_key=70669bbfae&tp_special=",
    "timestamp": "unknown"
  },
  {
    "title": "Leerink Partners Global Biopharma ConferenceMarch ,  at  EDTListen to Webcast",
    "link": "https://investors.beamtx.com/events/event-details/leerink-partners-global-biopharma-conference-",
    "timestamp": "unknown"
  },
  {
    "title": "Leerink Partners Global Biopharma Conference",
    "link": "https://investors.beamtx.com/events/event-details/leerink-partners-global-biopharma-conference-",
    "timestamp": "unknown"
  },
  {
    "title": "Leerink Partners Global Biopharma Conference",
    "link": "https://investors.beamtx.com/events/event-details/leerink-partners-global-biopharma-conference-",
    "timestamp": "unknown"
  },
  {
    "title": "Leerink Partners Global Biopharma Conference",
    "link": "https://investors.beamtx.com/events/event-details/leerink-partners-global-biopharma-conference-",
    "timestamp": "unknown"
  },
  {
    "title": "Listen to Webcast",
    "link": "https://wsw.com/webcast/leerink38/beam/",
    "timestamp": "unknown"
  },
  {
    "title": "Listen to Webcast",
    "link": "https://wsw.com/webcast/leerink38/beam/",
    "timestamp": "unknown"
  },
  {
    "title": "Listen to Webcast",
    "link": "https://wsw.com/webcast/leerink38/beam/",
    "timestamp": "unknown"
  },
  {
    "title": "BEAM- Initial Clinical Data Investor WebcastMarch ,  at  EDTListen to WebcastSupporting MaterialsBEAM- Initial Clinical Data Investor Webcast Presenta",
    "link": "https://investors.beamtx.com/events/event-details/beam--initial-clinical-data-investor-webcast",
    "timestamp": "unknown"
  },
  {
    "title": "BEAM- Initial Clinical Data Investor Webcast",
    "link": "https://investors.beamtx.com/events/event-details/beam--initial-clinical-data-investor-webcast",
    "timestamp": "unknown"
  },
  {
    "title": "BEAM- Initial Clinical Data Investor Webcast",
    "link": "https://investors.beamtx.com/events/event-details/beam--initial-clinical-data-investor-webcast",
    "timestamp": "unknown"
  },
  {
    "title": "BEAM- Initial Clinical Data Investor Webcast",
    "link": "https://investors.beamtx.com/events/event-details/beam--initial-clinical-data-investor-webcast",
    "timestamp": "unknown"
  },
  {
    "title": "Listen to Webcast",
    "link": "https://edge.media-server.com/mmc/p/r9taorek",
    "timestamp": "unknown"
  },
  {
    "title": "Listen to Webcast",
    "link": "https://edge.media-server.com/mmc/p/r9taorek",
    "timestamp": "unknown"
  },
  {
    "title": "Listen to Webcast",
    "link": "https://edge.media-server.com/mmc/p/r9taorek",
    "timestamp": "unknown"
  },
  {
    "title": "Supporting MaterialsBEAM- Initial Clinical Data Investor Webcast Presentation. MB",
    "link": "https://investors.beamtx.com/static-files/33feed5f-4eca--9ab8-ad1380c71b8e",
    "timestamp": "unknown"
  },
  {
    "title": "BEAM- Initial Clinical Data Investor Webcast Presentation. MB",
    "link": "https://investors.beamtx.com/static-files/33feed5f-4eca--9ab8-ad1380c71b8e",
    "timestamp": "unknown"
  },
  {
    "title": "BEAM- Initial Clinical Data Investor Webcast Presentation. MB",
    "link": "https://investors.beamtx.com/static-files/33feed5f-4eca--9ab8-ad1380c71b8e",
    "timestamp": "unknown"
  },
  {
    "title": "BEAM- Initial Clinical Data Investor Webcast Presentation. MB",
    "link": "https://investors.beamtx.com/static-files/33feed5f-4eca--9ab8-ad1380c71b8e",
    "timestamp": "unknown"
  },
  {
    "title": "BEAM- Initial Clinical Data Investor Webcast Presentation. MB",
    "link": "https://investors.beamtx.com/static-files/33feed5f-4eca--9ab8-ad1380c71b8e",
    "timestamp": "unknown"
  },
  {
    "title": "BEAM- Initial Clinical Data Investor Webcast Presentation. MB",
    "link": "https://investors.beamtx.com/static-files/33feed5f-4eca--9ab8-ad1380c71b8e",
    "timestamp": "unknown"
  },
  {
    "title": "BEAM- Initial Clinical Data Investor Webcast Presentation. MB",
    "link": "https://investors.beamtx.com/static-files/33feed5f-4eca--9ab8-ad1380c71b8e",
    "timestamp": "unknown"
  },
  {
    "title": "BEAM- Initial Clinical Data Investor Webcast Presentation. MB",
    "link": "https://investors.beamtx.com/static-files/33feed5f-4eca--9ab8-ad1380c71b8e",
    "timestamp": "unknown"
  },
  {
    "title": "BEAM- Initial Clinical Data Investor Webcast Presentation. MB",
    "link": "https://investors.beamtx.com/static-files/33feed5f-4eca--9ab8-ad1380c71b8e",
    "timestamp": "unknown"
  },
  {
    "title": "BEAM- Initial Clinical Data Investor Webcast Presentation. MB",
    "link": "https://investors.beamtx.com/static-files/33feed5f-4eca--9ab8-ad1380c71b8e",
    "timestamp": "unknown"
  },
  {
    "title": "TD Cowen 45th Annual Health Care ConferenceMarch ,  at  ESTListen to Webcast",
    "link": "https://investors.beamtx.com/events/event-details/td-cowen-45th-annual-health-care-conference",
    "timestamp": "unknown"
  },
  {
    "title": "TD Cowen 45th Annual Health Care Conference",
    "link": "https://investors.beamtx.com/events/event-details/td-cowen-45th-annual-health-care-conference",
    "timestamp": "unknown"
  },
  {
    "title": "TD Cowen 45th Annual Health Care Conference",
    "link": "https://investors.beamtx.com/events/event-details/td-cowen-45th-annual-health-care-conference",
    "timestamp": "unknown"
  },
  {
    "title": "TD Cowen 45th Annual Health Care Conference",
    "link": "https://investors.beamtx.com/events/event-details/td-cowen-45th-annual-health-care-conference",
    "timestamp": "unknown"
  },
  {
    "title": "Listen to Webcast",
    "link": "https://wsw.com/webcast/cowen177/beam/",
    "timestamp": "unknown"
  },
  {
    "title": "Listen to Webcast",
    "link": "https://wsw.com/webcast/cowen177/beam/",
    "timestamp": "unknown"
  },
  {
    "title": "Listen to Webcast",
    "link": "https://wsw.com/webcast/cowen177/beam/",
    "timestamp": "unknown"
  },
  {
    "title": "Guggenheim SMID Cap Biotech ConferenceFebruary ,  at  EST",
    "link": "https://investors.beamtx.com/events/event-details/guggenheim-smid-cap-biotech-conference",
    "timestamp": "unknown"
  },
  {
    "title": "Guggenheim SMID Cap Biotech Conference",
    "link": "https://investors.beamtx.com/events/event-details/guggenheim-smid-cap-biotech-conference",
    "timestamp": "unknown"
  },
  {
    "title": "Guggenheim SMID Cap Biotech Conference",
    "link": "https://investors.beamtx.com/events/event-details/guggenheim-smid-cap-biotech-conference",
    "timestamp": "unknown"
  },
  {
    "title": "Guggenheim SMID Cap Biotech Conference",
    "link": "https://investors.beamtx.com/events/event-details/guggenheim-smid-cap-biotech-conference",
    "timestamp": "unknown"
  },
  {
    "title": "43rd Annual J.P. Morgan Healthcare ConferenceJanuary ,  at  PSTSupporting Materials43rd Annual J.P. Morgan Healthcare Conference Presentation. MB",
    "link": "https://investors.beamtx.com/events/event-details/43rd-annual-jp-morgan-healthcare-conference",
    "timestamp": "unknown"
  },
  {
    "title": "43rd Annual J.P. Morgan Healthcare Conference",
    "link": "https://investors.beamtx.com/events/event-details/43rd-annual-jp-morgan-healthcare-conference",
    "timestamp": "unknown"
  },
  {
    "title": "43rd Annual J.P. Morgan Healthcare Conference",
    "link": "https://investors.beamtx.com/events/event-details/43rd-annual-jp-morgan-healthcare-conference",
    "timestamp": "unknown"
  },
  {
    "title": "43rd Annual J.P. Morgan Healthcare Conference",
    "link": "https://investors.beamtx.com/events/event-details/43rd-annual-jp-morgan-healthcare-conference",
    "timestamp": "unknown"
  },
  {
    "title": "Supporting Materials43rd Annual J.P. Morgan Healthcare Conference Presentation. MB",
    "link": "https://investors.beamtx.com/static-files/a750a74e-ad26-4a39-b69a-ef5a17a65d08",
    "timestamp": "unknown"
  },
  {
    "title": "43rd Annual J.P. Morgan Healthcare Conference Presentation. MB",
    "link": "https://investors.beamtx.com/static-files/a750a74e-ad26-4a39-b69a-ef5a17a65d08",
    "timestamp": "unknown"
  },
  {
    "title": "43rd Annual J.P. Morgan Healthcare Conference Presentation. MB",
    "link": "https://investors.beamtx.com/static-files/a750a74e-ad26-4a39-b69a-ef5a17a65d08",
    "timestamp": "unknown"
  },
  {
    "title": "43rd Annual J.P. Morgan Healthcare Conference Presentation. MB",
    "link": "https://investors.beamtx.com/static-files/a750a74e-ad26-4a39-b69a-ef5a17a65d08",
    "timestamp": "unknown"
  },
  {
    "title": "43rd Annual J.P. Morgan Healthcare Conference Presentation. MB",
    "link": "https://investors.beamtx.com/static-files/a750a74e-ad26-4a39-b69a-ef5a17a65d08",
    "timestamp": "unknown"
  },
  {
    "title": "43rd Annual J.P. Morgan Healthcare Conference Presentation. MB",
    "link": "https://investors.beamtx.com/static-files/a750a74e-ad26-4a39-b69a-ef5a17a65d08",
    "timestamp": "unknown"
  },
  {
    "title": "43rd Annual J.P. Morgan Healthcare Conference Presentation. MB",
    "link": "https://investors.beamtx.com/static-files/a750a74e-ad26-4a39-b69a-ef5a17a65d08",
    "timestamp": "unknown"
  },
  {
    "title": "43rd Annual J.P. Morgan Healthcare Conference Presentation. MB",
    "link": "https://investors.beamtx.com/static-files/a750a74e-ad26-4a39-b69a-ef5a17a65d08",
    "timestamp": "unknown"
  },
  {
    "title": "43rd Annual J.P. Morgan Healthcare Conference Presentation. MB",
    "link": "https://investors.beamtx.com/static-files/a750a74e-ad26-4a39-b69a-ef5a17a65d08",
    "timestamp": "unknown"
  },
  {
    "title": "43rd Annual J.P. Morgan Healthcare Conference Presentation. MB",
    "link": "https://investors.beamtx.com/static-files/a750a74e-ad26-4a39-b69a-ef5a17a65d08",
    "timestamp": "unknown"
  },
  {
    "title": "Beam Therapeutics\u2019 Investor Event at ASHDecember ,  at  PSTListen to WebcastSupporting MaterialsBeam Therapeutics\u2019 Investor Event at ASH Presentation.",
    "link": "https://investors.beamtx.com/events/event-details/beam-therapeutics-investor-event-ash",
    "timestamp": "unknown"
  },
  {
    "title": "Beam Therapeutics\u2019 Investor Event at ASH",
    "link": "https://investors.beamtx.com/events/event-details/beam-therapeutics-investor-event-ash",
    "timestamp": "unknown"
  },
  {
    "title": "Beam Therapeutics\u2019 Investor Event at ASH",
    "link": "https://investors.beamtx.com/events/event-details/beam-therapeutics-investor-event-ash",
    "timestamp": "unknown"
  },
  {
    "title": "Beam Therapeutics\u2019 Investor Event at ASH",
    "link": "https://investors.beamtx.com/events/event-details/beam-therapeutics-investor-event-ash",
    "timestamp": "unknown"
  },
  {
    "title": "Listen to Webcast",
    "link": "https://edge.media-server.com/mmc/p/gwdw5equ",
    "timestamp": "unknown"
  },
  {
    "title": "Listen to Webcast",
    "link": "https://edge.media-server.com/mmc/p/gwdw5equ",
    "timestamp": "unknown"
  },
  {
    "title": "Listen to Webcast",
    "link": "https://edge.media-server.com/mmc/p/gwdw5equ",
    "timestamp": "unknown"
  },
  {
    "title": "Supporting MaterialsBeam Therapeutics\u2019 Investor Event at ASH Presentation. MB",
    "link": "https://investors.beamtx.com/static-files/c32dbffe-8aee-4c95--e6319524c54b",
    "timestamp": "unknown"
  },
  {
    "title": "Beam Therapeutics\u2019 Investor Event at ASH Presentation. MB",
    "link": "https://investors.beamtx.com/static-files/c32dbffe-8aee-4c95--e6319524c54b",
    "timestamp": "unknown"
  },
  {
    "title": "Beam Therapeutics\u2019 Investor Event at ASH Presentation. MB",
    "link": "https://investors.beamtx.com/static-files/c32dbffe-8aee-4c95--e6319524c54b",
    "timestamp": "unknown"
  },
  {
    "title": "Beam Therapeutics\u2019 Investor Event at ASH Presentation. MB",
    "link": "https://investors.beamtx.com/static-files/c32dbffe-8aee-4c95--e6319524c54b",
    "timestamp": "unknown"
  },
  {
    "title": "Beam Therapeutics\u2019 Investor Event at ASH Presentation. MB",
    "link": "https://investors.beamtx.com/static-files/c32dbffe-8aee-4c95--e6319524c54b",
    "timestamp": "unknown"
  },
  {
    "title": "Beam Therapeutics\u2019 Investor Event at ASH Presentation. MB",
    "link": "https://investors.beamtx.com/static-files/c32dbffe-8aee-4c95--e6319524c54b",
    "timestamp": "unknown"
  },
  {
    "title": "Beam Therapeutics\u2019 Investor Event at ASH Presentation. MB",
    "link": "https://investors.beamtx.com/static-files/c32dbffe-8aee-4c95--e6319524c54b",
    "timestamp": "unknown"
  },
  {
    "title": "Beam Therapeutics\u2019 Investor Event at ASH Presentation. MB",
    "link": "https://investors.beamtx.com/static-files/c32dbffe-8aee-4c95--e6319524c54b",
    "timestamp": "unknown"
  },
  {
    "title": "Beam Therapeutics\u2019 Investor Event at ASH Presentation. MB",
    "link": "https://investors.beamtx.com/static-files/c32dbffe-8aee-4c95--e6319524c54b",
    "timestamp": "unknown"
  },
  {
    "title": "Beam Therapeutics\u2019 Investor Event at ASH Presentation. MB",
    "link": "https://investors.beamtx.com/static-files/c32dbffe-8aee-4c95--e6319524c54b",
    "timestamp": "unknown"
  },
  {
    "title": "Jefferies London Healthcare ConferenceNovember ,  at  GMT",
    "link": "https://investors.beamtx.com/events/event-details/jefferies-london-healthcare-conference-",
    "timestamp": "unknown"
  },
  {
    "title": "Jefferies London Healthcare Conference",
    "link": "https://investors.beamtx.com/events/event-details/jefferies-london-healthcare-conference-",
    "timestamp": "unknown"
  },
  {
    "title": "Jefferies London Healthcare Conference",
    "link": "https://investors.beamtx.com/events/event-details/jefferies-london-healthcare-conference-",
    "timestamp": "unknown"
  },
  {
    "title": "Jefferies London Healthcare Conference",
    "link": "https://investors.beamtx.com/events/event-details/jefferies-london-healthcare-conference-",
    "timestamp": "unknown"
  },
  {
    "title": "PaginationCurrent pagePageNext pagenext \u203aLast pagelast \u00bb",
    "link": "https://investors.beamtx.com/events?page=%2C0%2C0",
    "timestamp": "unknown"
  },
  {
    "title": "Current page",
    "link": "https://investors.beamtx.com/events?page=%2C0%2C0",
    "timestamp": "unknown"
  },
  {
    "title": "Page",
    "link": "https://investors.beamtx.com/events?page=%2C1%2C0",
    "timestamp": "unknown"
  },
  {
    "title": "Next pagenext \u203a",
    "link": "https://investors.beamtx.com/events?page=%2C1%2C0",
    "timestamp": "unknown"
  },
  {
    "title": "Last pagelast \u00bb",
    "link": "https://investors.beamtx.com/events?page=%2C1%2C0",
    "timestamp": "unknown"
  },
  {
    "title": "Investors & MediaOverviewPress ReleasesEventsPresentations & PublicationsFinancials & FilingsSEC FilingsAnnual ReportsStock InformationStock Quote & C",
    "link": "https://investors.beamtx.com/",
    "timestamp": "unknown"
  },
  {
    "title": "Investors & MediaOverviewPress ReleasesEventsPresentations & PublicationsFinancials & FilingsSEC FilingsAnnual ReportsStock InformationStock Quote & C",
    "link": "https://investors.beamtx.com/",
    "timestamp": "unknown"
  },
  {
    "title": "Investors & MediaOverviewPress ReleasesEventsPresentations & PublicationsFinancials & FilingsSEC FilingsAnnual ReportsStock InformationStock Quote & C",
    "link": "https://investors.beamtx.com/",
    "timestamp": "unknown"
  },
  {
    "title": "Investors & MediaOverviewPress ReleasesEventsPresentations & PublicationsFinancials & FilingsSEC FilingsAnnual ReportsStock InformationStock Quote & C",
    "link": "https://investors.beamtx.com/",
    "timestamp": "unknown"
  },
  {
    "title": "Investors & MediaOverviewPress ReleasesEventsPresentations & PublicationsFinancials & FilingsSEC FilingsAnnual ReportsStock InformationStock Quote & C",
    "link": "https://investors.beamtx.com/",
    "timestamp": "unknown"
  },
  {
    "title": "Overview",
    "link": "https://investors.beamtx.com/",
    "timestamp": "unknown"
  },
  {
    "title": "Press Releases",
    "link": "https://investors.beamtx.com/press-releases",
    "timestamp": "unknown"
  },
  {
    "title": "Events",
    "link": "https://investors.beamtx.com/events",
    "timestamp": "unknown"
  },
  {
    "title": "Presentations & Publications",
    "link": "https://beamtx.com/science/presentations-and-publications/",
    "timestamp": "unknown"
  },
  {
    "title": "Financials & FilingsSEC FilingsAnnual Reports",
    "link": "https://investors.beamtx.com/financials-filings/sec-filings",
    "timestamp": "unknown"
  },
  {
    "title": "SEC Filings",
    "link": "https://investors.beamtx.com/financials-filings/sec-filings",
    "timestamp": "unknown"
  },
  {
    "title": "Annual Reports",
    "link": "https://investors.beamtx.com/financials-filings/annual-reports",
    "timestamp": "unknown"
  },
  {
    "title": "Stock InformationStock Quote & Chart",
    "link": "https://investors.beamtx.com/stock-information/stock-quote-chart",
    "timestamp": "unknown"
  },
  {
    "title": "Stock Quote & Chart",
    "link": "https://investors.beamtx.com/stock-information/stock-quote-chart",
    "timestamp": "unknown"
  },
  {
    "title": "Analyst Coverage",
    "link": "https://investors.beamtx.com/analyst-coverage",
    "timestamp": "unknown"
  },
  {
    "title": "Corporate GovernanceGovernance HighlightsManagement TeamBoard of DirectorsCommittee Composition",
    "link": "https://investors.beamtx.com/corporate-governance/governance-highlights",
    "timestamp": "unknown"
  },
  {
    "title": "Governance Highlights",
    "link": "https://investors.beamtx.com/corporate-governance/governance-highlights",
    "timestamp": "unknown"
  },
  {
    "title": "Management Team",
    "link": "https://beamtx.com/about-us/",
    "timestamp": "unknown"
  },
  {
    "title": "Board of Directors",
    "link": "https://beamtx.com/about-us/",
    "timestamp": "unknown"
  },
  {
    "title": "Committee Composition",
    "link": "https://investors.beamtx.com/corporate-governance/committee-composition",
    "timestamp": "unknown"
  },
  {
    "title": "Investor FAQs",
    "link": "https://investors.beamtx.com/stockholder-tools/investor-faqs",
    "timestamp": "unknown"
  },
  {
    "title": "Contact Us",
    "link": "https://beamtx.com/contact/",
    "timestamp": "unknown"
  },
  {
    "title": "Print Page",
    "link": "javascript:window.print();",
    "timestamp": "unknown"
  },
  {
    "title": "RSS Feeds",
    "link": "https://investors.beamtx.com/stockholder-tools/rss-feeds",
    "timestamp": "unknown"
  },
  {
    "title": "Share Page",
    "link": "https://investors.beamtx.com/events",
    "timestamp": "unknown"
  },
  {
    "title": "Email Alerts",
    "link": "https://investors.beamtx.com/stockholder-tools/email-alerts",
    "timestamp": "unknown"
  },
  {
    "title": "About us",
    "link": "https://beamtx.com/about-us/",
    "timestamp": "unknown"
  },
  {
    "title": "Science",
    "link": "https://beamtx.com/our-science/",
    "timestamp": "unknown"
  },
  {
    "title": "Pipeline",
    "link": "https://beamtx.com/pipeline/",
    "timestamp": "unknown"
  },
  {
    "title": "Patients",
    "link": "https://beamtx.com/patients/",
    "timestamp": "unknown"
  },
  {
    "title": "Investors",
    "link": "https://investors.beamtx.com/",
    "timestamp": "unknown"
  },
  {
    "title": "Careers",
    "link": "https://beamtx.com/careers/",
    "timestamp": "unknown"
  },
  {
    "title": "Contact",
    "link": "https://beamtx.com/contact/",
    "timestamp": "unknown"
  },
  {
    "title": "Beam - Social Links",
    "link": "https://twitter.com/BeamTx",
    "timestamp": "unknown"
  },
  {
    "title": "Sitemap",
    "link": "https://beamtx.com/sitemap/",
    "timestamp": "unknown"
  },
  {
    "title": "Privacy Policy",
    "link": "https://beamtx.com/privacy/",
    "timestamp": "unknown"
  },
  {
    "title": "Contact UsGeneral Inquiriesinfo@beamtx.comWant to know more about how you can Dare to Beam?careers@beamtx.comBeam - Social Links",
    "link": "mailto:info@beamtx.com",
    "timestamp": "unknown"
  },
  {
    "title": "Contact UsGeneral Inquiriesinfo@beamtx.comWant to know more about how you can Dare to Beam?careers@beamtx.comBeam - Social Links",
    "link": "mailto:info@beamtx.com",
    "timestamp": "unknown"
  },
  {
    "title": "Contact UsGeneral Inquiriesinfo@beamtx.comWant to know more about how you can Dare to Beam?careers@beamtx.comBeam - Social Links",
    "link": "mailto:info@beamtx.com",
    "timestamp": "unknown"
  },
  {
    "title": "Contact UsGeneral Inquiriesinfo@beamtx.comWant to know more about how you can Dare to Beam?careers@beamtx.com",
    "link": "mailto:info@beamtx.com",
    "timestamp": "unknown"
  },
  {
    "title": "Contact UsGeneral Inquiriesinfo@beamtx.comWant to know more about how you can Dare to Beam?careers@beamtx.com",
    "link": "mailto:info@beamtx.com",
    "timestamp": "unknown"
  },
  {
    "title": "Contact UsGeneral Inquiriesinfo@beamtx.comWant to know more about how you can Dare to Beam?careers@beamtx.com",
    "link": "mailto:info@beamtx.com",
    "timestamp": "unknown"
  },
  {
    "title": "General Inquiriesinfo@beamtx.com",
    "link": "mailto:info@beamtx.com",
    "timestamp": "unknown"
  },
  {
    "title": "Want to know more about how you can Dare to Beam?careers@beamtx.com",
    "link": "mailto:careers@beamtx.com",
    "timestamp": "unknown"
  },
  {
    "title": "FacebookTwitterLinkedIn",
    "link": "http://www.facebook.com/share.php?u=https://investors.beamtx.com/events&t=Beam Therapeutics - Events",
    "timestamp": "unknown"
  },
  {
    "title": "Facebook",
    "link": "http://www.facebook.com/share.php?u=https://investors.beamtx.com/events&t=Beam Therapeutics - Events",
    "timestamp": "unknown"
  },
  {
    "title": "Twitter",
    "link": "http://twitter.com/intent/tweet?url=https://investors.beamtx.com/events",
    "timestamp": "unknown"
  },
  {
    "title": "LinkedIn",
    "link": "http://www.linkedin.com/shareArticle?mini=true&url=https://investors.beamtx.com/events&title=Beam Therapeutics - Events",
    "timestamp": "unknown"
  }
]