[
  {
    "title": "About usScienceScience OverviewBase EditingBase Editing ApplicationsPresentations and PublicationsPipelinePatientsPatients OverviewDisease AreasClinic",
    "link": "https://beamtx.com/",
    "timestamp": "unknown"
  },
  {
    "title": "About usScienceScience OverviewBase EditingBase Editing ApplicationsPresentations and PublicationsPipelinePatientsPatients OverviewDisease AreasClinic",
    "link": "https://beamtx.com/",
    "timestamp": "unknown"
  },
  {
    "title": "About usScienceScience OverviewBase EditingBase Editing ApplicationsPresentations and PublicationsPipelinePatientsPatients OverviewDisease AreasClinic",
    "link": "https://beamtx.com/about-us/",
    "timestamp": "unknown"
  },
  {
    "title": "About us",
    "link": "https://beamtx.com/about-us/",
    "timestamp": "unknown"
  },
  {
    "title": "ScienceScience OverviewBase EditingBase Editing ApplicationsPresentations and Publications",
    "link": "https://beamtx.com/science/",
    "timestamp": "unknown"
  },
  {
    "title": "Science Overview",
    "link": "https://beamtx.com/science/",
    "timestamp": "unknown"
  },
  {
    "title": "Base Editing",
    "link": "https://beamtx.com/science/base-editing/",
    "timestamp": "unknown"
  },
  {
    "title": "Base Editing Applications",
    "link": "https://beamtx.com/science/base-editing-applications/",
    "timestamp": "unknown"
  },
  {
    "title": "Presentations and Publications",
    "link": "https://beamtx.com/science/presentations-and-publications/",
    "timestamp": "unknown"
  },
  {
    "title": "Pipeline",
    "link": "https://beamtx.com/pipeline/",
    "timestamp": "unknown"
  },
  {
    "title": "PatientsPatients OverviewDisease AreasClinical TrialsExpanded Access",
    "link": "https://beamtx.com/patients/",
    "timestamp": "unknown"
  },
  {
    "title": "Patients Overview",
    "link": "https://beamtx.com/patients/",
    "timestamp": "unknown"
  },
  {
    "title": "Disease Areas",
    "link": "https://beamtx.com/patients/disease-areas/",
    "timestamp": "unknown"
  },
  {
    "title": "Clinical Trials",
    "link": "https://beamtx.com/patients/clinical-trials/",
    "timestamp": "unknown"
  },
  {
    "title": "Expanded Access",
    "link": "https://beamtx.com/patients/expanded-access/",
    "timestamp": "unknown"
  },
  {
    "title": "Investors",
    "link": "https://investors.beamtx.com/",
    "timestamp": "unknown"
  },
  {
    "title": "CareersCareers OverviewCurrent OpeningsInternships and Co-ops",
    "link": "https://beamtx.com/careers/",
    "timestamp": "unknown"
  },
  {
    "title": "Careers Overview",
    "link": "https://beamtx.com/careers/",
    "timestamp": "unknown"
  },
  {
    "title": "Current Openings",
    "link": "https://beamtx.com/jobs/",
    "timestamp": "unknown"
  },
  {
    "title": "Internships and Co-ops",
    "link": "https://beamtx.com/careers/internships-and-co-ops/",
    "timestamp": "unknown"
  },
  {
    "title": "Contact",
    "link": "https://beamtx.com/contact/",
    "timestamp": "unknown"
  },
  {
    "title": "Saved Jobs",
    "link": "https://beamtx.com/jobs/saved-jobs/",
    "timestamp": "unknown"
  },
  {
    "title": "Saved Jobs",
    "link": "https://beamtx.com/jobs/saved-jobs/",
    "timestamp": "unknown"
  },
  {
    "title": "About us",
    "link": "https://beamtx.com/about-us/",
    "timestamp": "unknown"
  },
  {
    "title": "Science",
    "link": "https://beamtx.com/science/",
    "timestamp": "unknown"
  },
  {
    "title": "Pipeline",
    "link": "https://beamtx.com/pipeline/",
    "timestamp": "unknown"
  },
  {
    "title": "Patients",
    "link": "https://beamtx.com/patients/",
    "timestamp": "unknown"
  },
  {
    "title": "Investors",
    "link": "https://investors.beamtx.com/",
    "timestamp": "unknown"
  },
  {
    "title": "Careers",
    "link": "https://beamtx.com/careers/",
    "timestamp": "unknown"
  },
  {
    "title": "Contact",
    "link": "https://beamtx.com/contact/",
    "timestamp": "unknown"
  },
  {
    "title": "Sitemap",
    "link": "https://beamtx.com/sitemap/",
    "timestamp": "unknown"
  },
  {
    "title": "Privacy Policy",
    "link": "https://beamtx.com/privacy/",
    "timestamp": "unknown"
  },
  {
    "title": "Press ReleasesYearNoneDecember ,Beam Therapeutics Reports Updated Data from BEACON Phase / Trial of ristoglogene autogetemcel (risto-cel) Highlighting",
    "link": "https://investors.beamtx.com/news-releases/news-release-details/beam-therapeutics-reports-updated-data-beacon-phase--trial",
    "timestamp": "unknown"
  },
  {
    "title": "Press ReleasesYearNoneDecember ,Beam Therapeutics Reports Updated Data from BEACON Phase / Trial of ristoglogene autogetemcel (risto-cel) Highlighting",
    "link": "https://investors.beamtx.com/news-releases/news-release-details/beam-therapeutics-reports-updated-data-beacon-phase--trial",
    "timestamp": "unknown"
  },
  {
    "title": "Press ReleasesYearNoneDecember ,Beam Therapeutics Reports Updated Data from BEACON Phase / Trial of ristoglogene autogetemcel (risto-cel) Highlighting",
    "link": "https://investors.beamtx.com/news-releases/news-release-details/beam-therapeutics-reports-updated-data-beacon-phase--trial",
    "timestamp": "unknown"
  },
  {
    "title": "Press ReleasesYearNoneDecember ,Beam Therapeutics Reports Updated Data from BEACON Phase / Trial of ristoglogene autogetemcel (risto-cel) Highlighting",
    "link": "https://investors.beamtx.com/news-releases/news-release-details/beam-therapeutics-reports-updated-data-beacon-phase--trial",
    "timestamp": "unknown"
  },
  {
    "title": "Press ReleasesYearNoneDecember ,Beam Therapeutics Reports Updated Data from BEACON Phase / Trial of ristoglogene autogetemcel (risto-cel) Highlighting",
    "link": "https://investors.beamtx.com/news-releases/news-release-details/beam-therapeutics-reports-updated-data-beacon-phase--trial",
    "timestamp": "unknown"
  },
  {
    "title": "Press ReleasesYearNoneDecember ,Beam Therapeutics Reports Updated Data from BEACON Phase / Trial of ristoglogene autogetemcel (risto-cel) Highlighting",
    "link": "https://investors.beamtx.com/news-releases/news-release-details/beam-therapeutics-reports-updated-data-beacon-phase--trial",
    "timestamp": "unknown"
  },
  {
    "title": "Press ReleasesYearNoneDecember ,Beam Therapeutics Reports Updated Data from BEACON Phase / Trial of ristoglogene autogetemcel (risto-cel) Highlighting",
    "link": "https://investors.beamtx.com/news-releases/news-release-details/beam-therapeutics-reports-updated-data-beacon-phase--trial",
    "timestamp": "unknown"
  },
  {
    "title": "YearNoneDecember ,Beam Therapeutics Reports Updated Data from BEACON Phase / Trial of ristoglogene autogetemcel (risto-cel) Highlighting Durable, Diff",
    "link": "https://investors.beamtx.com/news-releases/news-release-details/beam-therapeutics-reports-updated-data-beacon-phase--trial",
    "timestamp": "unknown"
  },
  {
    "title": "YearNoneDecember ,Beam Therapeutics Reports Updated Data from BEACON Phase / Trial of ristoglogene autogetemcel (risto-cel) Highlighting Durable, Diff",
    "link": "https://investors.beamtx.com/news-releases/news-release-details/beam-therapeutics-reports-updated-data-beacon-phase--trial",
    "timestamp": "unknown"
  },
  {
    "title": "YearNoneDecember ,Beam Therapeutics Reports Updated Data from BEACON Phase / Trial of ristoglogene autogetemcel (risto-cel) Highlighting Durable, Diff",
    "link": "https://investors.beamtx.com/news-releases/news-release-details/beam-therapeutics-reports-updated-data-beacon-phase--trial",
    "timestamp": "unknown"
  },
  {
    "title": "YearNoneDecember ,Beam Therapeutics Reports Updated Data from BEACON Phase / Trial of ristoglogene autogetemcel (risto-cel) Highlighting Durable, Diff",
    "link": "https://investors.beamtx.com/news-releases/news-release-details/beam-therapeutics-reports-updated-data-beacon-phase--trial",
    "timestamp": "unknown"
  },
  {
    "title": "YearNoneDecember ,Beam Therapeutics Reports Updated Data from BEACON Phase / Trial of ristoglogene autogetemcel (risto-cel) Highlighting Durable, Diff",
    "link": "https://investors.beamtx.com/news-releases/news-release-details/beam-therapeutics-reports-updated-data-beacon-phase--trial",
    "timestamp": "unknown"
  },
  {
    "title": "YearNoneDecember ,Beam Therapeutics Reports Updated Data from BEACON Phase / Trial of ristoglogene autogetemcel (risto-cel) Highlighting Durable, Diff",
    "link": "https://investors.beamtx.com/news-releases/news-release-details/beam-therapeutics-reports-updated-data-beacon-phase--trial",
    "timestamp": "unknown"
  },
  {
    "title": "YearNoneDecember ,Beam Therapeutics Reports Updated Data from BEACON Phase / Trial of ristoglogene autogetemcel (risto-cel) Highlighting Durable, Diff",
    "link": "https://investors.beamtx.com/news-releases/news-release-details/beam-therapeutics-reports-updated-data-beacon-phase--trial",
    "timestamp": "unknown"
  },
  {
    "title": "YearNoneDecember ,Beam Therapeutics Reports Updated Data from BEACON Phase / Trial of ristoglogene autogetemcel (risto-cel) Highlighting Durable, Diff",
    "link": "https://investors.beamtx.com/news-releases/news-release-details/beam-therapeutics-reports-updated-data-beacon-phase--trial",
    "timestamp": "unknown"
  },
  {
    "title": "YearNoneDecember ,Beam Therapeutics Reports Updated Data from BEACON Phase / Trial of ristoglogene autogetemcel (risto-cel) Highlighting Durable, Diff",
    "link": "https://investors.beamtx.com/news-releases/news-release-details/beam-therapeutics-reports-updated-data-beacon-phase--trial",
    "timestamp": "unknown"
  },
  {
    "title": "YearNoneDecember ,Beam Therapeutics Reports Updated Data from BEACON Phase / Trial of ristoglogene autogetemcel (risto-cel) Highlighting Durable, Diff",
    "link": "https://investors.beamtx.com/news-releases/news-release-details/beam-therapeutics-reports-updated-data-beacon-phase--trial",
    "timestamp": "unknown"
  },
  {
    "title": "YearNoneDecember ,Beam Therapeutics Reports Updated Data from BEACON Phase / Trial of ristoglogene autogetemcel (risto-cel) Highlighting Durable, Diff",
    "link": "https://investors.beamtx.com/news-releases/news-release-details/beam-therapeutics-reports-updated-data-beacon-phase--trial",
    "timestamp": "unknown"
  },
  {
    "title": "YearNoneDecember ,Beam Therapeutics Reports Updated Data from BEACON Phase / Trial of ristoglogene autogetemcel (risto-cel) Highlighting Durable, Diff",
    "link": "https://investors.beamtx.com/news-releases/news-release-details/beam-therapeutics-reports-updated-data-beacon-phase--trial",
    "timestamp": "unknown"
  },
  {
    "title": "YearNoneDecember ,Beam Therapeutics Reports Updated Data from BEACON Phase / Trial of ristoglogene autogetemcel (risto-cel) Highlighting Durable, Diff",
    "link": "https://investors.beamtx.com/news-releases/news-release-details/beam-therapeutics-reports-updated-data-beacon-phase--trial",
    "timestamp": "unknown"
  },
  {
    "title": "YearNoneDecember ,Beam Therapeutics Reports Updated Data from BEACON Phase / Trial of ristoglogene autogetemcel (risto-cel) Highlighting Durable, Diff",
    "link": "https://investors.beamtx.com/news-releases/news-release-details/beam-therapeutics-reports-updated-data-beacon-phase--trial",
    "timestamp": "unknown"
  },
  {
    "title": "December ,Beam Therapeutics Reports Updated Data from BEACON Phase / Trial of ristoglogene autogetemcel (risto-cel) Highlighting Durable, Differentiat",
    "link": "https://investors.beamtx.com/news-releases/news-release-details/beam-therapeutics-reports-updated-data-beacon-phase--trial",
    "timestamp": "unknown"
  },
  {
    "title": "December ,Beam Therapeutics Reports Updated Data from BEACON Phase / Trial of ristoglogene autogetemcel (risto-cel) Highlighting Durable, Differentiat",
    "link": "https://investors.beamtx.com/news-releases/news-release-details/beam-therapeutics-reports-updated-data-beacon-phase--trial",
    "timestamp": "unknown"
  },
  {
    "title": "Beam Therapeutics Reports Updated Data from BEACON Phase / Trial of ristoglogene autogetemcel (risto-cel) Highlighting Durable, Differentiated Profile",
    "link": "https://investors.beamtx.com/news-releases/news-release-details/beam-therapeutics-reports-updated-data-beacon-phase--trial",
    "timestamp": "unknown"
  },
  {
    "title": "Read More",
    "link": "https://investors.beamtx.com/news-releases/news-release-details/beam-therapeutics-reports-updated-data-beacon-phase--trial",
    "timestamp": "unknown"
  },
  {
    "title": "November ,Beam Therapeutics to Participate in  Jefferies London Healthcare ConferenceCAMBRIDGE, Mass., Nov. ,  (GLOBE NEWSWIRE) -- Beam Therapeutics I",
    "link": "https://investors.beamtx.com/news-releases/news-release-details/beam-therapeutics-participate--jefferies-london-healthcare",
    "timestamp": "unknown"
  },
  {
    "title": "Beam Therapeutics to Participate in  Jefferies London Healthcare Conference",
    "link": "https://investors.beamtx.com/news-releases/news-release-details/beam-therapeutics-participate--jefferies-london-healthcare",
    "timestamp": "unknown"
  },
  {
    "title": "Read More",
    "link": "https://investors.beamtx.com/news-releases/news-release-details/beam-therapeutics-participate--jefferies-london-healthcare",
    "timestamp": "unknown"
  },
  {
    "title": "November ,Beam Therapeutics Reports Third Quarter  Financial Results and Recent Business UpdatesExpanded Dose Exploration in Part A and Dose Escalatio",
    "link": "https://investors.beamtx.com/news-releases/news-release-details/beam-therapeutics-reports-third-quarter--financial-results",
    "timestamp": "unknown"
  },
  {
    "title": "Beam Therapeutics Reports Third Quarter  Financial Results and Recent Business Updates",
    "link": "https://investors.beamtx.com/news-releases/news-release-details/beam-therapeutics-reports-third-quarter--financial-results",
    "timestamp": "unknown"
  },
  {
    "title": "Read More",
    "link": "https://investors.beamtx.com/news-releases/news-release-details/beam-therapeutics-reports-third-quarter--financial-results",
    "timestamp": "unknown"
  },
  {
    "title": "November ,Beam Therapeutics to Present Updated Data from BEACON Phase / Trial of BEAM- in Sickle Cell Disease at American Society of Hematology (ASH) ",
    "link": "https://investors.beamtx.com/news-releases/news-release-details/beam-therapeutics-present-updated-data-beacon-phase--trial",
    "timestamp": "unknown"
  },
  {
    "title": "Beam Therapeutics to Present Updated Data from BEACON Phase / Trial of BEAM- in Sickle Cell Disease at American Society of Hematology (ASH) Annual Mee",
    "link": "https://investors.beamtx.com/news-releases/news-release-details/beam-therapeutics-present-updated-data-beacon-phase--trial",
    "timestamp": "unknown"
  },
  {
    "title": "Read More",
    "link": "https://investors.beamtx.com/news-releases/news-release-details/beam-therapeutics-present-updated-data-beacon-phase--trial",
    "timestamp": "unknown"
  },
  {
    "title": "August ,Beam Therapeutics to Participate in Upcoming September  Investor ConferencesCAMBRIDGE, Mass., Aug. ,  (GLOBE NEWSWIRE) -- Beam Therapeutics In",
    "link": "https://investors.beamtx.com/news-releases/news-release-details/beam-therapeutics-participate-upcoming-september--investor",
    "timestamp": "unknown"
  },
  {
    "title": "Beam Therapeutics to Participate in Upcoming September  Investor Conferences",
    "link": "https://investors.beamtx.com/news-releases/news-release-details/beam-therapeutics-participate-upcoming-september--investor",
    "timestamp": "unknown"
  },
  {
    "title": "Read More",
    "link": "https://investors.beamtx.com/news-releases/news-release-details/beam-therapeutics-participate-upcoming-september--investor",
    "timestamp": "unknown"
  },
  {
    "title": "August ,Beam Therapeutics Announces U.S. FDA Regenerative Medicine Advanced Therapy (RMAT) Designation Granted to BEAM- for the Treatment of Sickle Ce",
    "link": "https://investors.beamtx.com/news-releases/news-release-details/beam-therapeutics-announces-us-fda-regenerative-medicine-",
    "timestamp": "unknown"
  },
  {
    "title": "Beam Therapeutics Announces U.S. FDA Regenerative Medicine Advanced Therapy (RMAT) Designation Granted to BEAM- for the Treatment of Sickle Cell Disea",
    "link": "https://investors.beamtx.com/news-releases/news-release-details/beam-therapeutics-announces-us-fda-regenerative-medicine-",
    "timestamp": "unknown"
  },
  {
    "title": "Read More",
    "link": "https://investors.beamtx.com/news-releases/news-release-details/beam-therapeutics-announces-us-fda-regenerative-medicine-",
    "timestamp": "unknown"
  },
  {
    "title": "August ,Beam Therapeutics Reports Second Quarter  Financial Results and Provides Update on BEAM- Development Progress in Alpha- Antitrypsin Deficiency",
    "link": "https://investors.beamtx.com/news-releases/news-release-details/beam-therapeutics-reports-second-quarter--financial-results",
    "timestamp": "unknown"
  },
  {
    "title": "Beam Therapeutics Reports Second Quarter  Financial Results and Provides Update on BEAM- Development Progress in Alpha- Antitrypsin Deficiency (AATD)",
    "link": "https://investors.beamtx.com/news-releases/news-release-details/beam-therapeutics-reports-second-quarter--financial-results",
    "timestamp": "unknown"
  },
  {
    "title": "Read More",
    "link": "https://investors.beamtx.com/news-releases/news-release-details/beam-therapeutics-reports-second-quarter--financial-results",
    "timestamp": "unknown"
  },
  {
    "title": "June ,Beam Therapeutics Announces New Data from BEACON Phase / Clinical  Trial of BEAM- Supporting Differentiated Profile in Sickle Cell Disease (SCD)",
    "link": "https://investors.beamtx.com/news-releases/news-release-details/beam-therapeutics-announces-new-data-beacon-phase--clinical-",
    "timestamp": "unknown"
  },
  {
    "title": "Beam Therapeutics Announces New Data from BEACON Phase / Clinical  Trial of BEAM- Supporting Differentiated Profile in Sickle Cell Disease (SCD) at Eu",
    "link": "https://investors.beamtx.com/news-releases/news-release-details/beam-therapeutics-announces-new-data-beacon-phase--clinical-",
    "timestamp": "unknown"
  },
  {
    "title": "Read More",
    "link": "https://investors.beamtx.com/news-releases/news-release-details/beam-therapeutics-announces-new-data-beacon-phase--clinical-",
    "timestamp": "unknown"
  },
  {
    "title": "June ,Beam Therapeutics Announces U.S. FDA Orphan Drug Designation Granted to BEAM- for the Treatment of Sickle Cell DiseaseCAMBRIDGE, Mass., June ,  ",
    "link": "https://investors.beamtx.com/news-releases/news-release-details/beam-therapeutics-announces-us-fda-orphan-drug-designation-",
    "timestamp": "unknown"
  },
  {
    "title": "Beam Therapeutics Announces U.S. FDA Orphan Drug Designation Granted to BEAM- for the Treatment of Sickle Cell Disease",
    "link": "https://investors.beamtx.com/news-releases/news-release-details/beam-therapeutics-announces-us-fda-orphan-drug-designation-",
    "timestamp": "unknown"
  },
  {
    "title": "Read More",
    "link": "https://investors.beamtx.com/news-releases/news-release-details/beam-therapeutics-announces-us-fda-orphan-drug-designation-",
    "timestamp": "unknown"
  },
  {
    "title": "May ,Beam Therapeutics Announces U.S. FDA Orphan Drug Designation Granted to\u00a0BEAM- for the Treatment of Alpha- Antitrypsin Deficiency (AATD)CAMBRIDGE,",
    "link": "https://investors.beamtx.com/news-releases/news-release-details/beam-therapeutics-announces-us-fda-orphan-drug-designation",
    "timestamp": "unknown"
  },
  {
    "title": "Beam Therapeutics Announces U.S. FDA Orphan Drug Designation Granted to\u00a0BEAM- for the Treatment of Alpha- Antitrypsin Deficiency (AATD)",
    "link": "https://investors.beamtx.com/news-releases/news-release-details/beam-therapeutics-announces-us-fda-orphan-drug-designation",
    "timestamp": "unknown"
  },
  {
    "title": "Read More",
    "link": "https://investors.beamtx.com/news-releases/news-release-details/beam-therapeutics-announces-us-fda-orphan-drug-designation",
    "timestamp": "unknown"
  },
  {
    "title": "PaginationCurrent pagePagePageNext pagenext \u203aLast pagelast \u00bb",
    "link": "https://investors.beamtx.com/press-releases?page=",
    "timestamp": "unknown"
  },
  {
    "title": "Current page",
    "link": "https://investors.beamtx.com/press-releases?page=",
    "timestamp": "unknown"
  },
  {
    "title": "Page",
    "link": "https://investors.beamtx.com/press-releases?page=",
    "timestamp": "unknown"
  },
  {
    "title": "Page",
    "link": "https://investors.beamtx.com/press-releases?page=",
    "timestamp": "unknown"
  },
  {
    "title": "Next pagenext \u203a",
    "link": "https://investors.beamtx.com/press-releases?page=",
    "timestamp": "unknown"
  },
  {
    "title": "Last pagelast \u00bb",
    "link": "https://investors.beamtx.com/press-releases?page=",
    "timestamp": "unknown"
  },
  {
    "title": "Investors & MediaOverviewPress ReleasesEventsPresentations & PublicationsFinancials & FilingsSEC FilingsAnnual ReportsStock InformationStock Quote & C",
    "link": "https://investors.beamtx.com/",
    "timestamp": "unknown"
  },
  {
    "title": "Investors & MediaOverviewPress ReleasesEventsPresentations & PublicationsFinancials & FilingsSEC FilingsAnnual ReportsStock InformationStock Quote & C",
    "link": "https://investors.beamtx.com/",
    "timestamp": "unknown"
  },
  {
    "title": "Investors & MediaOverviewPress ReleasesEventsPresentations & PublicationsFinancials & FilingsSEC FilingsAnnual ReportsStock InformationStock Quote & C",
    "link": "https://investors.beamtx.com/",
    "timestamp": "unknown"
  },
  {
    "title": "Investors & MediaOverviewPress ReleasesEventsPresentations & PublicationsFinancials & FilingsSEC FilingsAnnual ReportsStock InformationStock Quote & C",
    "link": "https://investors.beamtx.com/",
    "timestamp": "unknown"
  },
  {
    "title": "Investors & MediaOverviewPress ReleasesEventsPresentations & PublicationsFinancials & FilingsSEC FilingsAnnual ReportsStock InformationStock Quote & C",
    "link": "https://investors.beamtx.com/",
    "timestamp": "unknown"
  },
  {
    "title": "Overview",
    "link": "https://investors.beamtx.com/",
    "timestamp": "unknown"
  },
  {
    "title": "Press Releases",
    "link": "https://investors.beamtx.com/press-releases",
    "timestamp": "unknown"
  },
  {
    "title": "Events",
    "link": "https://investors.beamtx.com/events",
    "timestamp": "unknown"
  },
  {
    "title": "Presentations & Publications",
    "link": "https://beamtx.com/science/presentations-and-publications/",
    "timestamp": "unknown"
  },
  {
    "title": "Financials & FilingsSEC FilingsAnnual Reports",
    "link": "https://investors.beamtx.com/financials-filings/sec-filings",
    "timestamp": "unknown"
  },
  {
    "title": "SEC Filings",
    "link": "https://investors.beamtx.com/financials-filings/sec-filings",
    "timestamp": "unknown"
  },
  {
    "title": "Annual Reports",
    "link": "https://investors.beamtx.com/financials-filings/annual-reports",
    "timestamp": "unknown"
  },
  {
    "title": "Stock InformationStock Quote & Chart",
    "link": "https://investors.beamtx.com/stock-information/stock-quote-chart",
    "timestamp": "unknown"
  },
  {
    "title": "Stock Quote & Chart",
    "link": "https://investors.beamtx.com/stock-information/stock-quote-chart",
    "timestamp": "unknown"
  },
  {
    "title": "Analyst Coverage",
    "link": "https://investors.beamtx.com/analyst-coverage",
    "timestamp": "unknown"
  },
  {
    "title": "Corporate GovernanceGovernance HighlightsManagement TeamBoard of DirectorsCommittee Composition",
    "link": "https://investors.beamtx.com/corporate-governance/governance-highlights",
    "timestamp": "unknown"
  },
  {
    "title": "Governance Highlights",
    "link": "https://investors.beamtx.com/corporate-governance/governance-highlights",
    "timestamp": "unknown"
  },
  {
    "title": "Management Team",
    "link": "https://beamtx.com/about-us/",
    "timestamp": "unknown"
  },
  {
    "title": "Board of Directors",
    "link": "https://beamtx.com/about-us/",
    "timestamp": "unknown"
  },
  {
    "title": "Committee Composition",
    "link": "https://investors.beamtx.com/corporate-governance/committee-composition",
    "timestamp": "unknown"
  },
  {
    "title": "Investor FAQs",
    "link": "https://investors.beamtx.com/stockholder-tools/investor-faqs",
    "timestamp": "unknown"
  },
  {
    "title": "Contact Us",
    "link": "https://beamtx.com/contact/",
    "timestamp": "unknown"
  },
  {
    "title": "Print Page",
    "link": "javascript:window.print();",
    "timestamp": "unknown"
  },
  {
    "title": "RSS Feeds",
    "link": "https://investors.beamtx.com/stockholder-tools/rss-feeds",
    "timestamp": "unknown"
  },
  {
    "title": "Share Page",
    "link": "https://investors.beamtx.com/press-releases",
    "timestamp": "unknown"
  },
  {
    "title": "Email Alerts",
    "link": "https://investors.beamtx.com/stockholder-tools/email-alerts",
    "timestamp": "unknown"
  },
  {
    "title": "About us",
    "link": "https://beamtx.com/about-us/",
    "timestamp": "unknown"
  },
  {
    "title": "Science",
    "link": "https://beamtx.com/science/",
    "timestamp": "unknown"
  },
  {
    "title": "Pipeline",
    "link": "https://beamtx.com/pipeline/",
    "timestamp": "unknown"
  },
  {
    "title": "Patients",
    "link": "https://beamtx.com/patients/",
    "timestamp": "unknown"
  },
  {
    "title": "Investors",
    "link": "https://investors.beamtx.com/",
    "timestamp": "unknown"
  },
  {
    "title": "Careers",
    "link": "https://beamtx.com/careers/",
    "timestamp": "unknown"
  },
  {
    "title": "Contact",
    "link": "https://beamtx.com/contact/",
    "timestamp": "unknown"
  },
  {
    "title": "Beam - Social Links",
    "link": "https://twitter.com/BeamTx",
    "timestamp": "unknown"
  },
  {
    "title": "Sitemap",
    "link": "https://beamtx.com/sitemap/",
    "timestamp": "unknown"
  },
  {
    "title": "Privacy Policy",
    "link": "https://beamtx.com/privacy/",
    "timestamp": "unknown"
  },
  {
    "title": "Contact UsGeneral Inquiriesinfo@beamtx.comWant to know more about how you can Dare to Beam?careers@beamtx.comBeam - Social Links",
    "link": "mailto:info@beamtx.com",
    "timestamp": "unknown"
  },
  {
    "title": "Contact UsGeneral Inquiriesinfo@beamtx.comWant to know more about how you can Dare to Beam?careers@beamtx.comBeam - Social Links",
    "link": "mailto:info@beamtx.com",
    "timestamp": "unknown"
  },
  {
    "title": "Contact UsGeneral Inquiriesinfo@beamtx.comWant to know more about how you can Dare to Beam?careers@beamtx.comBeam - Social Links",
    "link": "mailto:info@beamtx.com",
    "timestamp": "unknown"
  },
  {
    "title": "Contact UsGeneral Inquiriesinfo@beamtx.comWant to know more about how you can Dare to Beam?careers@beamtx.com",
    "link": "mailto:info@beamtx.com",
    "timestamp": "unknown"
  },
  {
    "title": "Contact UsGeneral Inquiriesinfo@beamtx.comWant to know more about how you can Dare to Beam?careers@beamtx.com",
    "link": "mailto:info@beamtx.com",
    "timestamp": "unknown"
  },
  {
    "title": "Contact UsGeneral Inquiriesinfo@beamtx.comWant to know more about how you can Dare to Beam?careers@beamtx.com",
    "link": "mailto:info@beamtx.com",
    "timestamp": "unknown"
  },
  {
    "title": "General Inquiriesinfo@beamtx.com",
    "link": "mailto:info@beamtx.com",
    "timestamp": "unknown"
  },
  {
    "title": "Want to know more about how you can Dare to Beam?careers@beamtx.com",
    "link": "mailto:careers@beamtx.com",
    "timestamp": "unknown"
  },
  {
    "title": "FacebookTwitterLinkedIn",
    "link": "http://www.facebook.com/share.php?u=https://investors.beamtx.com/press-releases&t=Beam Therapeutics - Press Releases",
    "timestamp": "unknown"
  },
  {
    "title": "Facebook",
    "link": "http://www.facebook.com/share.php?u=https://investors.beamtx.com/press-releases&t=Beam Therapeutics - Press Releases",
    "timestamp": "unknown"
  },
  {
    "title": "Twitter",
    "link": "http://twitter.com/intent/tweet?url=https://investors.beamtx.com/press-releases",
    "timestamp": "unknown"
  },
  {
    "title": "LinkedIn",
    "link": "http://www.linkedin.com/shareArticle?mini=true&url=https://investors.beamtx.com/press-releases&title=Beam Therapeutics - Press Releases",
    "timestamp": "unknown"
  }
]