[
  {
    "title": "BackPartneringContact",
    "link": "https://investors.csl.com/investors/financial-calendar#!",
    "timestamp": "unknown"
  },
  {
    "title": "Back",
    "link": "https://investors.csl.com/investors/financial-calendar#!",
    "timestamp": "unknown"
  },
  {
    "title": "Back",
    "link": "https://investors.csl.com/investors/financial-calendar#!",
    "timestamp": "unknown"
  },
  {
    "title": "Back",
    "link": "https://investors.csl.com/investors/financial-calendar#!",
    "timestamp": "unknown"
  },
  {
    "title": "Partnering",
    "link": "https://www.csl.com/partnering",
    "timestamp": "unknown"
  },
  {
    "title": "Contact",
    "link": "https://www.csl.com/contact",
    "timestamp": "unknown"
  },
  {
    "title": "Global SelectorContactPartneringNewsroomWe Are CSLWe Are CSLOur Businesses and ProductsOur Businesses and ProductsCSL BehringCSL PlasmaCSL SeqirusCSL ",
    "link": "https://investors.csl.com/investors/financial-calendar#!",
    "timestamp": "unknown"
  },
  {
    "title": "Global SelectorContactPartneringNewsroomWe Are CSLWe Are CSLOur Businesses and ProductsOur Businesses and ProductsCSL BehringCSL PlasmaCSL SeqirusCSL ",
    "link": "https://investors.csl.com/investors/financial-calendar#!",
    "timestamp": "unknown"
  },
  {
    "title": "Global SelectorContactPartneringNewsroomWe Are CSLWe Are CSLOur Businesses and ProductsOur Businesses and ProductsCSL BehringCSL PlasmaCSL SeqirusCSL ",
    "link": "https://www.csl.com/",
    "timestamp": "unknown"
  },
  {
    "title": "Global SelectorContactPartneringNewsroomWe Are CSLWe Are CSLOur Businesses and ProductsOur Businesses and ProductsCSL BehringCSL PlasmaCSL SeqirusCSL ",
    "link": "https://www.csl.com/globalselector",
    "timestamp": "unknown"
  },
  {
    "title": "Global SelectorContactPartneringNewsroom",
    "link": "https://www.csl.com/globalselector",
    "timestamp": "unknown"
  },
  {
    "title": "We Are CSLWe Are CSLOur Businesses and ProductsOur Businesses and ProductsCSL BehringCSL PlasmaCSL SeqirusCSL ViforVita: Original StoriesOur Leadershi",
    "link": "https://investors.csl.com/we-csl",
    "timestamp": "unknown"
  },
  {
    "title": "We Are CSLWe Are CSLOur Businesses and ProductsOur Businesses and ProductsCSL BehringCSL PlasmaCSL SeqirusCSL ViforVita: Original StoriesOur Leadershi",
    "link": "https://investors.csl.com/we-csl",
    "timestamp": "unknown"
  },
  {
    "title": "We Are CSL",
    "link": "https://investors.csl.com/we-csl/we-are-csl",
    "timestamp": "unknown"
  },
  {
    "title": "Our Businesses and ProductsOur Businesses and ProductsCSL BehringCSL PlasmaCSL SeqirusCSL Vifor",
    "link": "https://investors.csl.com/we-csl/our-businesses-and-products",
    "timestamp": "unknown"
  },
  {
    "title": "Our Businesses and Products",
    "link": "https://investors.csl.com/we-csl/our-businesses-and-products/our-business-and-products",
    "timestamp": "unknown"
  },
  {
    "title": "CSL Behring",
    "link": "https://investors.csl.com/we-csl/our-businesses-and-products/csl-behring",
    "timestamp": "unknown"
  },
  {
    "title": "CSL Plasma",
    "link": "https://investors.csl.com/we-csl/our-businesses-and-products/csl-plasma",
    "timestamp": "unknown"
  },
  {
    "title": "CSL Seqirus",
    "link": "https://investors.csl.com/we-csl/our-businesses-and-products/csl-seqirus",
    "timestamp": "unknown"
  },
  {
    "title": "CSL Vifor",
    "link": "https://investors.csl.com/we-csl/our-businesses-and-products/csl-vifor",
    "timestamp": "unknown"
  },
  {
    "title": "Vita: Original Stories",
    "link": "https://investors.csl.com/we-csl/vita-original-stories",
    "timestamp": "unknown"
  },
  {
    "title": "Our Leadership",
    "link": "https://investors.csl.com/we-csl/our-leadership",
    "timestamp": "unknown"
  },
  {
    "title": "Worldwide Locations",
    "link": "https://investors.csl.com/we-csl/worldwide-locations",
    "timestamp": "unknown"
  },
  {
    "title": "Corporate GovernanceCorporate GovernanceCode of Responsible Business PracticeCore Policies",
    "link": "https://investors.csl.com/we-csl/corporate-governance",
    "timestamp": "unknown"
  },
  {
    "title": "Corporate Governance",
    "link": "https://investors.csl.com/we-csl/corporate-governance/corporate_governance",
    "timestamp": "unknown"
  },
  {
    "title": "Code of Responsible Business Practice",
    "link": "https://investors.csl.com/we-csl/corporate-governance/code-of-responsible-business-practice",
    "timestamp": "unknown"
  },
  {
    "title": "Core Policies",
    "link": "https://investors.csl.com/we-csl/corporate-governance/core-policies",
    "timestamp": "unknown"
  },
  {
    "title": "Our Impact",
    "link": "https://investors.csl.com/we-csl/our-impact",
    "timestamp": "unknown"
  },
  {
    "title": "Patients & Public HealthPatients & Public HealthRare & Serious DiseasesRare & Serious DiseasesImmunodeficiency and Autoimmune DiseasesHereditary Bleed",
    "link": "https://investors.csl.com/patients-public-health",
    "timestamp": "unknown"
  },
  {
    "title": "Patients & Public Health",
    "link": "https://investors.csl.com/patients-public-health/patients-and-public-health",
    "timestamp": "unknown"
  },
  {
    "title": "Rare & Serious DiseasesRare & Serious DiseasesImmunodeficiency and Autoimmune DiseasesHereditary Bleeding DisordersHereditary AngioedemaAlpha  Antitry",
    "link": "https://investors.csl.com/patients-public-health/rare-and-serious-diseases1",
    "timestamp": "unknown"
  },
  {
    "title": "Rare & Serious Diseases",
    "link": "https://investors.csl.com/patients-public-health/rare-and-serious-diseases1/rare-serious-diseases",
    "timestamp": "unknown"
  },
  {
    "title": "Immunodeficiency and Autoimmune Diseases",
    "link": "https://investors.csl.com/patients-public-health/rare-and-serious-diseases1/immunodeficiency-and-autoimmune-diseases",
    "timestamp": "unknown"
  },
  {
    "title": "Hereditary Bleeding Disorders",
    "link": "https://investors.csl.com/patients-public-health/rare-and-serious-diseases1/hereditary-bleeding-disorders",
    "timestamp": "unknown"
  },
  {
    "title": "Hereditary Angioedema",
    "link": "https://investors.csl.com/patients-public-health/rare-and-serious-diseases1/hereditary-angioedema",
    "timestamp": "unknown"
  },
  {
    "title": "Alpha  Antitrypsin Deficiency",
    "link": "https://investors.csl.com/patients-public-health/rare-and-serious-diseases1/alpha--antitrypsin-deficiency",
    "timestamp": "unknown"
  },
  {
    "title": "Iron DeficiencyIron DeficiencyIron Deficiency Patient Stories",
    "link": "https://investors.csl.com/patients-public-health/iron-deficiency",
    "timestamp": "unknown"
  },
  {
    "title": "Iron Deficiency",
    "link": "https://investors.csl.com/patients-public-health/iron-deficiency/iron-deficiency-",
    "timestamp": "unknown"
  },
  {
    "title": "Iron Deficiency Patient Stories",
    "link": "https://investors.csl.com/patients-public-health/iron-deficiency/iron-deficiency-patient-stories",
    "timestamp": "unknown"
  },
  {
    "title": "NephrologyNephrologyNephrology Patient Stories",
    "link": "https://investors.csl.com/patients-public-health/nephrology",
    "timestamp": "unknown"
  },
  {
    "title": "Nephrology",
    "link": "https://investors.csl.com/patients-public-health/nephrology/nephrology-",
    "timestamp": "unknown"
  },
  {
    "title": "Nephrology Patient Stories",
    "link": "https://investors.csl.com/patients-public-health/nephrology/nephrology-patient-stories",
    "timestamp": "unknown"
  },
  {
    "title": "VaccinesVaccinesPandemic ResponseIn-LicensingAntivenoms and Q fever Vaccine",
    "link": "https://investors.csl.com/patients-public-health/vaccines",
    "timestamp": "unknown"
  },
  {
    "title": "Vaccines",
    "link": "https://investors.csl.com/patients-public-health/vaccines/vaccines-",
    "timestamp": "unknown"
  },
  {
    "title": "Pandemic Response",
    "link": "https://investors.csl.com/patients-public-health/vaccines/pandemic-response",
    "timestamp": "unknown"
  },
  {
    "title": "In-Licensing",
    "link": "https://investors.csl.com/patients-public-health/vaccines/in-licensing",
    "timestamp": "unknown"
  },
  {
    "title": "Antivenoms and Q fever Vaccine",
    "link": "https://investors.csl.com/patients-public-health/vaccines/antivenoms-and-q-fever-vaccine",
    "timestamp": "unknown"
  },
  {
    "title": "Patient Support & OrganizationsPatient Support & OrganizationsCSL Behring USA Support & Assistance ProgramsCSL Vifor Managed Access ProgramsLEAD Grant",
    "link": "https://investors.csl.com/patients-public-health/patient-support-organizations",
    "timestamp": "unknown"
  },
  {
    "title": "Patient Support & Organizations",
    "link": "https://investors.csl.com/patients-public-health/patient-support-organizations/patient-support-organizations-",
    "timestamp": "unknown"
  },
  {
    "title": "CSL Behring USA Support & Assistance Programs",
    "link": "https://investors.csl.com/patients-public-health/patient-support-organizations/csl-behring-usa-support-assistance-programs",
    "timestamp": "unknown"
  },
  {
    "title": "CSL Vifor Managed Access Programs",
    "link": "https://investors.csl.com/patients-public-health/patient-support-organizations/managed-access-program-hcp-form",
    "timestamp": "unknown"
  },
  {
    "title": "LEAD Grants",
    "link": "https://investors.csl.com/patients-public-health/patient-support-organizations/lead-grants",
    "timestamp": "unknown"
  },
  {
    "title": "R&DR&DR&D CapabilitiesAwards, Grants and InitiativesWorld Class R&D NetworkProduct PipelineClinical Studies at CSLClinical Studies at CSLCurrent Clini",
    "link": "https://investors.csl.com/r-d1",
    "timestamp": "unknown"
  },
  {
    "title": "R&D",
    "link": "https://investors.csl.com/r-d1/r-d2",
    "timestamp": "unknown"
  },
  {
    "title": "R&D Capabilities",
    "link": "https://investors.csl.com/r-d1/r-d-capabilities1",
    "timestamp": "unknown"
  },
  {
    "title": "Awards, Grants and Initiatives",
    "link": "https://investors.csl.com/r-d1/awards-grants-and-initiatives",
    "timestamp": "unknown"
  },
  {
    "title": "World Class R&D Network",
    "link": "https://investors.csl.com/r-d1/world-class-r-d-network",
    "timestamp": "unknown"
  },
  {
    "title": "Product Pipeline",
    "link": "https://investors.csl.com/r-d1/product-pipeline1",
    "timestamp": "unknown"
  },
  {
    "title": "Clinical Studies at CSLClinical Studies at CSLCurrent Clinical TrialsResearch PracticesHow to ParticipateClinical Studies FAQs",
    "link": "https://investors.csl.com/r-d1/clinical-studies-at-csl1",
    "timestamp": "unknown"
  },
  {
    "title": "Clinical Studies at CSL",
    "link": "https://investors.csl.com/r-d1/clinical-studies-at-csl1/clinical-studies-at-csl2",
    "timestamp": "unknown"
  },
  {
    "title": "Current Clinical Trials",
    "link": "https://investors.csl.com/r-d1/clinical-studies-at-csl1/current-clinical-trials1",
    "timestamp": "unknown"
  },
  {
    "title": "Research Practices",
    "link": "https://investors.csl.com/r-d1/clinical-studies-at-csl1/research-practices1",
    "timestamp": "unknown"
  },
  {
    "title": "How to Participate",
    "link": "https://investors.csl.com/r-d1/clinical-studies-at-csl1/how-to-participate",
    "timestamp": "unknown"
  },
  {
    "title": "Clinical Studies FAQs",
    "link": "https://investors.csl.com/r-d1/clinical-studies-at-csl1/clinical-studies-faqs",
    "timestamp": "unknown"
  },
  {
    "title": "SustainabilitySustainabilityHealthier EnvironmentHealthier EnvironmentClimate ResilienceEnergyWater and WasteHealthier CommunitiesHealthier Communitie",
    "link": "https://investors.csl.com/sustainability-",
    "timestamp": "unknown"
  },
  {
    "title": "Sustainability",
    "link": "https://investors.csl.com/sustainability-/sustainability-",
    "timestamp": "unknown"
  },
  {
    "title": "Healthier EnvironmentHealthier EnvironmentClimate ResilienceEnergyWater and Waste",
    "link": "https://investors.csl.com/sustainability-/environment",
    "timestamp": "unknown"
  },
  {
    "title": "Healthier Environment",
    "link": "https://investors.csl.com/sustainability-/environment/environment-",
    "timestamp": "unknown"
  },
  {
    "title": "Climate Resilience",
    "link": "https://investors.csl.com/sustainability-/environment/climate-resilience",
    "timestamp": "unknown"
  },
  {
    "title": "Energy",
    "link": "https://investors.csl.com/sustainability-/environment/energy-and-emissions",
    "timestamp": "unknown"
  },
  {
    "title": "Water and Waste",
    "link": "https://investors.csl.com/sustainability-/environment/waste-water-and-packaging",
    "timestamp": "unknown"
  },
  {
    "title": "Healthier CommunitiesHealthier CommunitiesProduct Safety & QualityInnovation and R&DAccess and AffordabilityResponsible & Resilient Supply ChainDonor ",
    "link": "https://investors.csl.com/sustainability-/social",
    "timestamp": "unknown"
  },
  {
    "title": "Healthier Communities",
    "link": "https://investors.csl.com/sustainability-/social/social-",
    "timestamp": "unknown"
  },
  {
    "title": "Product Safety & Quality",
    "link": "https://investors.csl.com/sustainability-/social/product-safety-quality",
    "timestamp": "unknown"
  },
  {
    "title": "Innovation and R&D",
    "link": "https://investors.csl.com/sustainability-/social/innovation-and-r-d",
    "timestamp": "unknown"
  },
  {
    "title": "Access and Affordability",
    "link": "https://investors.csl.com/sustainability-/social/access-health-security",
    "timestamp": "unknown"
  },
  {
    "title": "Responsible & Resilient Supply Chain",
    "link": "https://investors.csl.com/sustainability-/social/responsible-resilient-supply-chain",
    "timestamp": "unknown"
  },
  {
    "title": "Donor Experience",
    "link": "https://investors.csl.com/sustainability-/social/donor-experience",
    "timestamp": "unknown"
  },
  {
    "title": "Patient Experience",
    "link": "https://investors.csl.com/sustainability-/social/patient-experience",
    "timestamp": "unknown"
  },
  {
    "title": "Promising FuturesPromising FuturesTalent and CultureHealth, Safety & WellbeingInclusion and Belonging",
    "link": "https://investors.csl.com/sustainability-/sustainable-workforce",
    "timestamp": "unknown"
  },
  {
    "title": "Promising Futures",
    "link": "https://investors.csl.com/sustainability-/sustainable-workforce/sustainable-workforce-",
    "timestamp": "unknown"
  },
  {
    "title": "Talent and Culture",
    "link": "https://investors.csl.com/sustainability-/sustainable-workforce/providing-a-positive-working-environment",
    "timestamp": "unknown"
  },
  {
    "title": "Health, Safety & Wellbeing",
    "link": "https://investors.csl.com/sustainability-/sustainable-workforce/health-safety-wellbeing",
    "timestamp": "unknown"
  },
  {
    "title": "Inclusion and Belonging",
    "link": "https://investors.csl.com/sustainability-/sustainable-workforce/diversity-equity-inclusion",
    "timestamp": "unknown"
  },
  {
    "title": "GovernanceGovernanceEthics & TransparencyData Protection & PrivacyStakeholder Engagement & Material Topics",
    "link": "https://investors.csl.com/sustainability-/governance",
    "timestamp": "unknown"
  },
  {
    "title": "Governance",
    "link": "https://investors.csl.com/sustainability-/governance/governance-",
    "timestamp": "unknown"
  },
  {
    "title": "Ethics & Transparency",
    "link": "https://investors.csl.com/sustainability-/governance/ethics-transparency",
    "timestamp": "unknown"
  },
  {
    "title": "Data Protection & Privacy",
    "link": "https://investors.csl.com/sustainability-/governance/data-protection-privacy",
    "timestamp": "unknown"
  },
  {
    "title": "Stakeholder Engagement & Material Topics",
    "link": "https://investors.csl.com/sustainability-/governance/stakeholder-engagement-material-topics",
    "timestamp": "unknown"
  },
  {
    "title": "Data and Reporting CentreData and Reporting CentreAnnual PublicationsPoliciesKey Performance Data Summary",
    "link": "https://investors.csl.com/sustainability-/data-and-reporting-centre",
    "timestamp": "unknown"
  },
  {
    "title": "Data and Reporting Centre",
    "link": "https://investors.csl.com/sustainability-/data-and-reporting-centre/data-and-reporting-centre-",
    "timestamp": "unknown"
  },
  {
    "title": "Annual Publications",
    "link": "https://investors.csl.com/sustainability-/data-and-reporting-centre/annual-publications",
    "timestamp": "unknown"
  },
  {
    "title": "Policies",
    "link": "https://investors.csl.com/sustainability-/data-and-reporting-centre/policies",
    "timestamp": "unknown"
  },
  {
    "title": "Key Performance Data Summary",
    "link": "https://investors.csl.com/sustainability-/data-and-reporting-centre/key-performance-data-summary",
    "timestamp": "unknown"
  },
  {
    "title": "CareersCareersDiversity, Equity & InclusionHow CSL Supports Your Well-beingEarly Careers at CSLEarly Careers at CSLApprenticeshipsInternships at CSLGr",
    "link": "https://investors.csl.com/careers1",
    "timestamp": "unknown"
  },
  {
    "title": "Careers",
    "link": "https://investors.csl.com/careers1/careers2",
    "timestamp": "unknown"
  },
  {
    "title": "Diversity, Equity & Inclusion",
    "link": "https://investors.csl.com/careers1/diversity-equity-inclusion-",
    "timestamp": "unknown"
  },
  {
    "title": "How CSL Supports Your Well-being",
    "link": "https://investors.csl.com/careers1/how-csl-supports-your-well-being",
    "timestamp": "unknown"
  },
  {
    "title": "Early Careers at CSLEarly Careers at CSLApprenticeshipsInternships at CSLGraduate Rotational Programs at CSL",
    "link": "https://investors.csl.com/careers1/early-careers-at-csl",
    "timestamp": "unknown"
  },
  {
    "title": "Early Careers at CSL",
    "link": "https://investors.csl.com/careers1/early-careers-at-csl/early-careers-at-csl-",
    "timestamp": "unknown"
  },
  {
    "title": "Apprenticeships",
    "link": "https://investors.csl.com/careers1/early-careers-at-csl/apprenticeships",
    "timestamp": "unknown"
  },
  {
    "title": "Internships at CSL",
    "link": "https://investors.csl.com/careers1/early-careers-at-csl/internships",
    "timestamp": "unknown"
  },
  {
    "title": "Graduate Rotational Programs at CSL",
    "link": "https://investors.csl.com/careers1/early-careers-at-csl/graduate",
    "timestamp": "unknown"
  },
  {
    "title": "InvestorsInvestorsOur Corporate ProfileFinancial CalendarFinancial ResultsDebt InformationASX AnnouncementsDividendsPresentationsAnnual ReportsSustain",
    "link": "https://investors.csl.com/investors",
    "timestamp": "unknown"
  },
  {
    "title": "Investors",
    "link": "https://investors.csl.com/investors/investors1",
    "timestamp": "unknown"
  },
  {
    "title": "Our Corporate Profile",
    "link": "https://investors.csl.com/investors/our-corporate-profile",
    "timestamp": "unknown"
  },
  {
    "title": "Financial Calendar",
    "link": "https://investors.csl.com/investors/financial-calendar",
    "timestamp": "unknown"
  },
  {
    "title": "Financial Results",
    "link": "https://investors.csl.com/investors/financial-results",
    "timestamp": "unknown"
  },
  {
    "title": "Debt Information",
    "link": "https://investors.csl.com/investors/debt-information",
    "timestamp": "unknown"
  },
  {
    "title": "ASX Announcements",
    "link": "https://investors.csl.com/investors/asx-announcements2",
    "timestamp": "unknown"
  },
  {
    "title": "Dividends",
    "link": "https://investors.csl.com/investors/dividends",
    "timestamp": "unknown"
  },
  {
    "title": "Presentations",
    "link": "https://investors.csl.com/investors/presentations",
    "timestamp": "unknown"
  },
  {
    "title": "Annual Reports",
    "link": "https://investors.csl.com/investors/annual-reports",
    "timestamp": "unknown"
  },
  {
    "title": "SustainabilitySustainabilitySustainability Fact Sheets",
    "link": "https://investors.csl.com/investors/sustainability-",
    "timestamp": "unknown"
  },
  {
    "title": "Sustainability",
    "link": "https://investors.csl.com/investors/sustainability-/sustainability-",
    "timestamp": "unknown"
  },
  {
    "title": "Sustainability Fact Sheets",
    "link": "https://investors.csl.com/investors/sustainability-/sustainability-fact-sheets",
    "timestamp": "unknown"
  },
  {
    "title": "Shareholder InformationShareholder ServicesShareholder CommunicationsAGMInvestor FAQsShareholder Inquiries",
    "link": "https://investors.csl.com/investors/shareholder-information",
    "timestamp": "unknown"
  },
  {
    "title": "Shareholder Services",
    "link": "https://investors.csl.com/investors/shareholder-information/shareholder-services",
    "timestamp": "unknown"
  },
  {
    "title": "Shareholder Communications",
    "link": "https://investors.csl.com/investors/shareholder-information/shareholder-communications",
    "timestamp": "unknown"
  },
  {
    "title": "AGM",
    "link": "https://investors.csl.com/investors/shareholder-information/agm",
    "timestamp": "unknown"
  },
  {
    "title": "Investor FAQs",
    "link": "https://investors.csl.com/investors/shareholder-information/investor-faqs",
    "timestamp": "unknown"
  },
  {
    "title": "Shareholder Inquiries",
    "link": "https://investors.csl.com/investors/shareholder-information/shareholder-inquiries",
    "timestamp": "unknown"
  },
  {
    "title": "Contact Investor Relations",
    "link": "https://investors.csl.com/investors/contact-us",
    "timestamp": "unknown"
  },
  {
    "title": "We Are CSLPatients & Public HealthR&DSustainabilityCareersInvestors",
    "link": "https://investors.csl.com/we-csl",
    "timestamp": "unknown"
  },
  {
    "title": "We Are CSL",
    "link": "https://investors.csl.com/we-csl",
    "timestamp": "unknown"
  },
  {
    "title": "Patients & Public Health",
    "link": "https://investors.csl.com/patients-public-health",
    "timestamp": "unknown"
  },
  {
    "title": "R&D",
    "link": "https://investors.csl.com/r-d1",
    "timestamp": "unknown"
  },
  {
    "title": "Sustainability",
    "link": "https://investors.csl.com/sustainability-",
    "timestamp": "unknown"
  },
  {
    "title": "Careers",
    "link": "https://investors.csl.com/careers1",
    "timestamp": "unknown"
  },
  {
    "title": "Investors",
    "link": "https://investors.csl.com/investors",
    "timestamp": "unknown"
  },
  {
    "title": "Investors>Financial Calendar",
    "link": "https://investors.csl.com/investors",
    "timestamp": "unknown"
  },
  {
    "title": "Investors>Financial Calendar",
    "link": "https://investors.csl.com/investors",
    "timestamp": "unknown"
  },
  {
    "title": "Investors>Financial Calendar",
    "link": "https://investors.csl.com/investors",
    "timestamp": "unknown"
  },
  {
    "title": "Investors>Financial Calendar",
    "link": "https://investors.csl.com/investors",
    "timestamp": "unknown"
  },
  {
    "title": "Investors>Financial Calendar",
    "link": "https://investors.csl.com/investors",
    "timestamp": "unknown"
  },
  {
    "title": "Investors>Financial Calendar",
    "link": "https://investors.csl.com/investors",
    "timestamp": "unknown"
  },
  {
    "title": "InvestorsOur Corporate ProfileFinancial CalendarFinancial ResultsDebt InformationASX AnnouncementsDividendsPresentationsAnnual ReportsSustainabilitySu",
    "link": "https://investors.csl.com/investors/investors1",
    "timestamp": "unknown"
  },
  {
    "title": "InvestorsOur Corporate ProfileFinancial CalendarFinancial ResultsDebt InformationASX AnnouncementsDividendsPresentationsAnnual ReportsSustainabilitySu",
    "link": "https://investors.csl.com/investors/investors1",
    "timestamp": "unknown"
  },
  {
    "title": "InvestorsOur Corporate ProfileFinancial CalendarFinancial ResultsDebt InformationASX AnnouncementsDividendsPresentationsAnnual ReportsSustainabilitySu",
    "link": "https://investors.csl.com/investors/investors1",
    "timestamp": "unknown"
  },
  {
    "title": "InvestorsOur Corporate ProfileFinancial CalendarFinancial ResultsDebt InformationASX AnnouncementsDividendsPresentationsAnnual ReportsSustainabilitySu",
    "link": "https://investors.csl.com/investors/investors1",
    "timestamp": "unknown"
  },
  {
    "title": "Investors",
    "link": "https://investors.csl.com/investors/investors1",
    "timestamp": "unknown"
  },
  {
    "title": "Our Corporate Profile",
    "link": "https://investors.csl.com/investors/our-corporate-profile",
    "timestamp": "unknown"
  },
  {
    "title": "Financial Calendar",
    "link": "https://investors.csl.com/investors/financial-calendar",
    "timestamp": "unknown"
  },
  {
    "title": "Financial Results",
    "link": "https://investors.csl.com/investors/financial-results",
    "timestamp": "unknown"
  },
  {
    "title": "Debt Information",
    "link": "https://investors.csl.com/investors/debt-information",
    "timestamp": "unknown"
  },
  {
    "title": "ASX Announcements",
    "link": "https://investors.csl.com/investors/asx-announcements2",
    "timestamp": "unknown"
  },
  {
    "title": "Dividends",
    "link": "https://investors.csl.com/investors/dividends",
    "timestamp": "unknown"
  },
  {
    "title": "Presentations",
    "link": "https://investors.csl.com/investors/presentations",
    "timestamp": "unknown"
  },
  {
    "title": "Annual Reports",
    "link": "https://investors.csl.com/investors/annual-reports",
    "timestamp": "unknown"
  },
  {
    "title": "SustainabilitySustainabilitySustainability Fact Sheets",
    "link": "https://investors.csl.com/investors/sustainability-",
    "timestamp": "unknown"
  },
  {
    "title": "Sustainability",
    "link": "https://investors.csl.com/investors/sustainability-/sustainability-",
    "timestamp": "unknown"
  },
  {
    "title": "Sustainability Fact Sheets",
    "link": "https://investors.csl.com/investors/sustainability-/sustainability-fact-sheets",
    "timestamp": "unknown"
  },
  {
    "title": "Shareholder InformationShareholder ServicesShareholder CommunicationsAGMInvestor FAQsShareholder Inquiries",
    "link": "https://investors.csl.com/investors/shareholder-information",
    "timestamp": "unknown"
  },
  {
    "title": "Shareholder Services",
    "link": "https://investors.csl.com/investors/shareholder-information/shareholder-services",
    "timestamp": "unknown"
  },
  {
    "title": "Shareholder Communications",
    "link": "https://investors.csl.com/investors/shareholder-information/shareholder-communications",
    "timestamp": "unknown"
  },
  {
    "title": "AGM",
    "link": "https://investors.csl.com/investors/shareholder-information/agm",
    "timestamp": "unknown"
  },
  {
    "title": "Investor FAQs",
    "link": "https://investors.csl.com/investors/shareholder-information/investor-faqs",
    "timestamp": "unknown"
  },
  {
    "title": "Shareholder Inquiries",
    "link": "https://investors.csl.com/investors/shareholder-information/shareholder-inquiries",
    "timestamp": "unknown"
  },
  {
    "title": "Contact Investor Relations",
    "link": "https://investors.csl.com/investors/contact-us",
    "timestamp": "unknown"
  },
  {
    "title": "Financial CalendarFilter by Year:Feb  Time:  toCSL\u2019s Half Year results and interim dividend announcementAdd to CalendarWindows CalendarApple CalendarG",
    "link": "https://investors.csl.com/investors/financial-calendar?year=",
    "timestamp": "unknown"
  },
  {
    "title": "Financial CalendarFilter by Year:Feb  Time:  toCSL\u2019s Half Year results and interim dividend announcementAdd to CalendarWindows CalendarApple CalendarG",
    "link": "https://investors.csl.com/investors/financial-calendar?year=",
    "timestamp": "unknown"
  },
  {
    "title": "Filter by Year:",
    "link": "https://investors.csl.com/investors/financial-calendar?year=",
    "timestamp": "unknown"
  },
  {
    "title": "Feb  Time:  toCSL\u2019s Half Year results and interim dividend announcementAdd to CalendarWindows CalendarApple CalendarGoogle CalendarOffice  CalendarOut",
    "link": "https://investors.csl.com/investors/financial-calendar",
    "timestamp": "unknown"
  },
  {
    "title": "Feb  Time:  toCSL\u2019s Half Year results and interim dividend announcementAdd to CalendarWindows CalendarApple CalendarGoogle CalendarOffice  CalendarOut",
    "link": "https://investors.csl.com/investors/financial-calendar",
    "timestamp": "unknown"
  },
  {
    "title": "Feb  Time:  toCSL\u2019s Half Year results and interim dividend announcementAdd to CalendarWindows CalendarApple CalendarGoogle CalendarOffice  CalendarOut",
    "link": "https://investors.csl.com/investors/financial-calendar",
    "timestamp": "unknown"
  },
  {
    "title": "CSL\u2019s Half Year results and interim dividend announcementAdd to CalendarWindows CalendarApple CalendarGoogle CalendarOffice  CalendarOutlook CalendarO",
    "link": "https://investors.csl.com/investors/financial-calendar",
    "timestamp": "unknown"
  },
  {
    "title": "Add to CalendarWindows CalendarApple CalendarGoogle CalendarOffice  CalendarOutlook CalendarOutlook.com CalendarYahoo CalendarOthers",
    "link": "https://investors.csl.com/investors/financial-calendar",
    "timestamp": "unknown"
  },
  {
    "title": "Add to CalendarWindows CalendarApple CalendarGoogle CalendarOffice  CalendarOutlook CalendarOutlook.com CalendarYahoo CalendarOthers",
    "link": "https://investors.csl.com/investors/financial-calendar",
    "timestamp": "unknown"
  },
  {
    "title": "Windows CalendarApple CalendarGoogle CalendarOffice  CalendarOutlook CalendarOutlook.com CalendarYahoo CalendarOthers",
    "link": "https://www.addevent.com/dir/?client=aQJzURPbWzfhJjVBkmSk107299&start=+%3a00&end=+%3a00&title=CSL%e2%%99s+Half+Year+results+and+interim+dividend+announcement&description=%0d%0aView+CSL%27s++Half+Year+Financial+Results+Webcast%2c+live+from+10am+on+Wednesday%2c+11th+February++(AEDT)+via+this+link%3a+https%3a%2f%2fedge.media-server.com%2fmmc%2fp%2fwfx9iagq%2f&timezone=Australia/Sydney&service=stream",
    "timestamp": "unknown"
  },
  {
    "title": "Details",
    "link": "https://investors.csl.com:/calendarviewxmldetails.aspx?CalendarID=&CategoryID=&MasterPage=&ReturnTo=https%3a%2f%2finvestors.csl.com%3a443%2finvestors%2ffinancial-calendar",
    "timestamp": "unknown"
  },
  {
    "title": "MarShares trade ex-dividendAdd to CalendarWindows CalendarApple CalendarGoogle CalendarOffice  CalendarOutlook CalendarOutlook.com CalendarYahoo Calen",
    "link": "https://investors.csl.com/investors/financial-calendar",
    "timestamp": "unknown"
  },
  {
    "title": "MarShares trade ex-dividendAdd to CalendarWindows CalendarApple CalendarGoogle CalendarOffice  CalendarOutlook CalendarOutlook.com CalendarYahoo Calen",
    "link": "https://investors.csl.com/investors/financial-calendar",
    "timestamp": "unknown"
  },
  {
    "title": "Shares trade ex-dividendAdd to CalendarWindows CalendarApple CalendarGoogle CalendarOffice  CalendarOutlook CalendarOutlook.com CalendarYahoo Calendar",
    "link": "https://investors.csl.com/investors/financial-calendar",
    "timestamp": "unknown"
  },
  {
    "title": "Add to CalendarWindows CalendarApple CalendarGoogle CalendarOffice  CalendarOutlook CalendarOutlook.com CalendarYahoo CalendarOthers",
    "link": "https://investors.csl.com/investors/financial-calendar",
    "timestamp": "unknown"
  },
  {
    "title": "Add to CalendarWindows CalendarApple CalendarGoogle CalendarOffice  CalendarOutlook CalendarOutlook.com CalendarYahoo CalendarOthers",
    "link": "https://investors.csl.com/investors/financial-calendar",
    "timestamp": "unknown"
  },
  {
    "title": "Windows CalendarApple CalendarGoogle CalendarOffice  CalendarOutlook CalendarOutlook.com CalendarYahoo CalendarOthers",
    "link": "https://www.addevent.com/dir/?client=aQJzURPbWzfhJjVBkmSk107299&start=+%3a00&end=+%3a00&title=Shares+trade+ex-dividend&timezone=Australia/Sydney&service=stream",
    "timestamp": "unknown"
  },
  {
    "title": "MarRecord date for interim dividendAdd to CalendarWindows CalendarApple CalendarGoogle CalendarOffice  CalendarOutlook CalendarOutlook.com CalendarYah",
    "link": "https://investors.csl.com/investors/financial-calendar",
    "timestamp": "unknown"
  },
  {
    "title": "MarRecord date for interim dividendAdd to CalendarWindows CalendarApple CalendarGoogle CalendarOffice  CalendarOutlook CalendarOutlook.com CalendarYah",
    "link": "https://investors.csl.com/investors/financial-calendar",
    "timestamp": "unknown"
  },
  {
    "title": "Record date for interim dividendAdd to CalendarWindows CalendarApple CalendarGoogle CalendarOffice  CalendarOutlook CalendarOutlook.com CalendarYahoo ",
    "link": "https://investors.csl.com/investors/financial-calendar",
    "timestamp": "unknown"
  },
  {
    "title": "Add to CalendarWindows CalendarApple CalendarGoogle CalendarOffice  CalendarOutlook CalendarOutlook.com CalendarYahoo CalendarOthers",
    "link": "https://investors.csl.com/investors/financial-calendar",
    "timestamp": "unknown"
  },
  {
    "title": "Add to CalendarWindows CalendarApple CalendarGoogle CalendarOffice  CalendarOutlook CalendarOutlook.com CalendarYahoo CalendarOthers",
    "link": "https://investors.csl.com/investors/financial-calendar",
    "timestamp": "unknown"
  },
  {
    "title": "Windows CalendarApple CalendarGoogle CalendarOffice  CalendarOutlook CalendarOutlook.com CalendarYahoo CalendarOthers",
    "link": "https://www.addevent.com/dir/?client=aQJzURPbWzfhJjVBkmSk107299&start=+%3a00&end=+%3a00&title=Record+date+for+interim+dividend&timezone=Australia/Sydney&service=stream",
    "timestamp": "unknown"
  },
  {
    "title": "AprInterim dividend paidAdd to CalendarWindows CalendarApple CalendarGoogle CalendarOffice  CalendarOutlook CalendarOutlook.com CalendarYahoo Calendar",
    "link": "https://investors.csl.com/investors/financial-calendar",
    "timestamp": "unknown"
  },
  {
    "title": "AprInterim dividend paidAdd to CalendarWindows CalendarApple CalendarGoogle CalendarOffice  CalendarOutlook CalendarOutlook.com CalendarYahoo Calendar",
    "link": "https://investors.csl.com/investors/financial-calendar",
    "timestamp": "unknown"
  },
  {
    "title": "Interim dividend paidAdd to CalendarWindows CalendarApple CalendarGoogle CalendarOffice  CalendarOutlook CalendarOutlook.com CalendarYahoo CalendarOth",
    "link": "https://investors.csl.com/investors/financial-calendar",
    "timestamp": "unknown"
  },
  {
    "title": "Add to CalendarWindows CalendarApple CalendarGoogle CalendarOffice  CalendarOutlook CalendarOutlook.com CalendarYahoo CalendarOthers",
    "link": "https://investors.csl.com/investors/financial-calendar",
    "timestamp": "unknown"
  },
  {
    "title": "Add to CalendarWindows CalendarApple CalendarGoogle CalendarOffice  CalendarOutlook CalendarOutlook.com CalendarYahoo CalendarOthers",
    "link": "https://investors.csl.com/investors/financial-calendar",
    "timestamp": "unknown"
  },
  {
    "title": "Windows CalendarApple CalendarGoogle CalendarOffice  CalendarOutlook CalendarOutlook.com CalendarYahoo CalendarOthers",
    "link": "https://www.addevent.com/dir/?client=aQJzURPbWzfhJjVBkmSk107299&start=+%3a00&end=+%3a00&title=Interim+dividend+paid&timezone=Australia/Sydney&service=stream",
    "timestamp": "unknown"
  },
  {
    "title": "JunFull Year endsAdd to CalendarWindows CalendarApple CalendarGoogle CalendarOffice  CalendarOutlook CalendarOutlook.com CalendarYahoo CalendarOthers",
    "link": "https://investors.csl.com/investors/financial-calendar",
    "timestamp": "unknown"
  },
  {
    "title": "JunFull Year endsAdd to CalendarWindows CalendarApple CalendarGoogle CalendarOffice  CalendarOutlook CalendarOutlook.com CalendarYahoo CalendarOthers",
    "link": "https://investors.csl.com/investors/financial-calendar",
    "timestamp": "unknown"
  },
  {
    "title": "Full Year endsAdd to CalendarWindows CalendarApple CalendarGoogle CalendarOffice  CalendarOutlook CalendarOutlook.com CalendarYahoo CalendarOthers",
    "link": "https://investors.csl.com/investors/financial-calendar",
    "timestamp": "unknown"
  },
  {
    "title": "Add to CalendarWindows CalendarApple CalendarGoogle CalendarOffice  CalendarOutlook CalendarOutlook.com CalendarYahoo CalendarOthers",
    "link": "https://investors.csl.com/investors/financial-calendar",
    "timestamp": "unknown"
  },
  {
    "title": "Add to CalendarWindows CalendarApple CalendarGoogle CalendarOffice  CalendarOutlook CalendarOutlook.com CalendarYahoo CalendarOthers",
    "link": "https://investors.csl.com/investors/financial-calendar",
    "timestamp": "unknown"
  },
  {
    "title": "Windows CalendarApple CalendarGoogle CalendarOffice  CalendarOutlook CalendarOutlook.com CalendarYahoo CalendarOthers",
    "link": "https://www.addevent.com/dir/?client=aQJzURPbWzfhJjVBkmSk107299&start=+%3a00&end=+%3a00&title=Full+Year+ends&timezone=Australia/Sydney&service=stream",
    "timestamp": "unknown"
  },
  {
    "title": "Aug  Time:  toCSL\u2019s Full Year results and final dividend announcementAdd to CalendarWindows CalendarApple CalendarGoogle CalendarOffice  CalendarOutlo",
    "link": "https://investors.csl.com/investors/financial-calendar",
    "timestamp": "unknown"
  },
  {
    "title": "Aug  Time:  toCSL\u2019s Full Year results and final dividend announcementAdd to CalendarWindows CalendarApple CalendarGoogle CalendarOffice  CalendarOutlo",
    "link": "https://investors.csl.com/investors/financial-calendar",
    "timestamp": "unknown"
  },
  {
    "title": "CSL\u2019s Full Year results and final dividend announcementAdd to CalendarWindows CalendarApple CalendarGoogle CalendarOffice  CalendarOutlook CalendarOut",
    "link": "https://investors.csl.com/investors/financial-calendar",
    "timestamp": "unknown"
  },
  {
    "title": "Add to CalendarWindows CalendarApple CalendarGoogle CalendarOffice  CalendarOutlook CalendarOutlook.com CalendarYahoo CalendarOthers",
    "link": "https://investors.csl.com/investors/financial-calendar",
    "timestamp": "unknown"
  },
  {
    "title": "Add to CalendarWindows CalendarApple CalendarGoogle CalendarOffice  CalendarOutlook CalendarOutlook.com CalendarYahoo CalendarOthers",
    "link": "https://investors.csl.com/investors/financial-calendar",
    "timestamp": "unknown"
  },
  {
    "title": "Windows CalendarApple CalendarGoogle CalendarOffice  CalendarOutlook CalendarOutlook.com CalendarYahoo CalendarOthers",
    "link": "https://www.addevent.com/dir/?client=aQJzURPbWzfhJjVBkmSk107299&start=+%3a00&end=+%3a00&title=CSL%e2%%99s+Full+Year+results+and+final+dividend+announcement&timezone=Australia/Sydney&service=stream",
    "timestamp": "unknown"
  },
  {
    "title": "SepShares trade ex-dividendAdd to CalendarWindows CalendarApple CalendarGoogle CalendarOffice  CalendarOutlook CalendarOutlook.com CalendarYahoo Calen",
    "link": "https://investors.csl.com/investors/financial-calendar",
    "timestamp": "unknown"
  },
  {
    "title": "SepShares trade ex-dividendAdd to CalendarWindows CalendarApple CalendarGoogle CalendarOffice  CalendarOutlook CalendarOutlook.com CalendarYahoo Calen",
    "link": "https://investors.csl.com/investors/financial-calendar",
    "timestamp": "unknown"
  },
  {
    "title": "Shares trade ex-dividendAdd to CalendarWindows CalendarApple CalendarGoogle CalendarOffice  CalendarOutlook CalendarOutlook.com CalendarYahoo Calendar",
    "link": "https://investors.csl.com/investors/financial-calendar",
    "timestamp": "unknown"
  },
  {
    "title": "Add to CalendarWindows CalendarApple CalendarGoogle CalendarOffice  CalendarOutlook CalendarOutlook.com CalendarYahoo CalendarOthers",
    "link": "https://investors.csl.com/investors/financial-calendar",
    "timestamp": "unknown"
  },
  {
    "title": "Add to CalendarWindows CalendarApple CalendarGoogle CalendarOffice  CalendarOutlook CalendarOutlook.com CalendarYahoo CalendarOthers",
    "link": "https://investors.csl.com/investors/financial-calendar",
    "timestamp": "unknown"
  },
  {
    "title": "Windows CalendarApple CalendarGoogle CalendarOffice  CalendarOutlook CalendarOutlook.com CalendarYahoo CalendarOthers",
    "link": "https://www.addevent.com/dir/?client=aQJzURPbWzfhJjVBkmSk107299&start=+%3a00&end=+%3a00&title=Shares+trade+ex-dividend&timezone=Australia/Sydney&service=stream",
    "timestamp": "unknown"
  },
  {
    "title": "SepRecord date for final dividendAdd to CalendarWindows CalendarApple CalendarGoogle CalendarOffice  CalendarOutlook CalendarOutlook.com CalendarYahoo",
    "link": "https://investors.csl.com/investors/financial-calendar",
    "timestamp": "unknown"
  },
  {
    "title": "SepRecord date for final dividendAdd to CalendarWindows CalendarApple CalendarGoogle CalendarOffice  CalendarOutlook CalendarOutlook.com CalendarYahoo",
    "link": "https://investors.csl.com/investors/financial-calendar",
    "timestamp": "unknown"
  },
  {
    "title": "Record date for final dividendAdd to CalendarWindows CalendarApple CalendarGoogle CalendarOffice  CalendarOutlook CalendarOutlook.com CalendarYahoo Ca",
    "link": "https://investors.csl.com/investors/financial-calendar",
    "timestamp": "unknown"
  },
  {
    "title": "Add to CalendarWindows CalendarApple CalendarGoogle CalendarOffice  CalendarOutlook CalendarOutlook.com CalendarYahoo CalendarOthers",
    "link": "https://investors.csl.com/investors/financial-calendar",
    "timestamp": "unknown"
  },
  {
    "title": "Add to CalendarWindows CalendarApple CalendarGoogle CalendarOffice  CalendarOutlook CalendarOutlook.com CalendarYahoo CalendarOthers",
    "link": "https://investors.csl.com/investors/financial-calendar",
    "timestamp": "unknown"
  },
  {
    "title": "Windows CalendarApple CalendarGoogle CalendarOffice  CalendarOutlook CalendarOutlook.com CalendarYahoo CalendarOthers",
    "link": "https://www.addevent.com/dir/?client=aQJzURPbWzfhJjVBkmSk107299&start=+%3a00&end=+%3a00&title=Record+date+for+final+dividend&timezone=Australia/Sydney&service=stream",
    "timestamp": "unknown"
  },
  {
    "title": "OctFinal dividend paidAdd to CalendarWindows CalendarApple CalendarGoogle CalendarOffice  CalendarOutlook CalendarOutlook.com CalendarYahoo CalendarOt",
    "link": "https://investors.csl.com/investors/financial-calendar",
    "timestamp": "unknown"
  },
  {
    "title": "OctFinal dividend paidAdd to CalendarWindows CalendarApple CalendarGoogle CalendarOffice  CalendarOutlook CalendarOutlook.com CalendarYahoo CalendarOt",
    "link": "https://investors.csl.com/investors/financial-calendar",
    "timestamp": "unknown"
  },
  {
    "title": "Final dividend paidAdd to CalendarWindows CalendarApple CalendarGoogle CalendarOffice  CalendarOutlook CalendarOutlook.com CalendarYahoo CalendarOther",
    "link": "https://investors.csl.com/investors/financial-calendar",
    "timestamp": "unknown"
  },
  {
    "title": "Add to CalendarWindows CalendarApple CalendarGoogle CalendarOffice  CalendarOutlook CalendarOutlook.com CalendarYahoo CalendarOthers",
    "link": "https://investors.csl.com/investors/financial-calendar",
    "timestamp": "unknown"
  },
  {
    "title": "Add to CalendarWindows CalendarApple CalendarGoogle CalendarOffice  CalendarOutlook CalendarOutlook.com CalendarYahoo CalendarOthers",
    "link": "https://investors.csl.com/investors/financial-calendar",
    "timestamp": "unknown"
  },
  {
    "title": "Windows CalendarApple CalendarGoogle CalendarOffice  CalendarOutlook CalendarOutlook.com CalendarYahoo CalendarOthers",
    "link": "https://www.addevent.com/dir/?client=aQJzURPbWzfhJjVBkmSk107299&start=+%3a00&end=+%3a00&title=Final+dividend+paid&timezone=Australia/Sydney&service=stream",
    "timestamp": "unknown"
  },
  {
    "title": "OctAnnual General MeetingAdd to CalendarWindows CalendarApple CalendarGoogle CalendarOffice  CalendarOutlook CalendarOutlook.com CalendarYahoo Calenda",
    "link": "https://investors.csl.com/investors/financial-calendar",
    "timestamp": "unknown"
  },
  {
    "title": "OctAnnual General MeetingAdd to CalendarWindows CalendarApple CalendarGoogle CalendarOffice  CalendarOutlook CalendarOutlook.com CalendarYahoo Calenda",
    "link": "https://investors.csl.com/investors/financial-calendar",
    "timestamp": "unknown"
  },
  {
    "title": "Annual General MeetingAdd to CalendarWindows CalendarApple CalendarGoogle CalendarOffice  CalendarOutlook CalendarOutlook.com CalendarYahoo CalendarOt",
    "link": "https://investors.csl.com/investors/financial-calendar",
    "timestamp": "unknown"
  },
  {
    "title": "Add to CalendarWindows CalendarApple CalendarGoogle CalendarOffice  CalendarOutlook CalendarOutlook.com CalendarYahoo CalendarOthers",
    "link": "https://investors.csl.com/investors/financial-calendar",
    "timestamp": "unknown"
  },
  {
    "title": "Add to CalendarWindows CalendarApple CalendarGoogle CalendarOffice  CalendarOutlook CalendarOutlook.com CalendarYahoo CalendarOthers",
    "link": "https://investors.csl.com/investors/financial-calendar",
    "timestamp": "unknown"
  },
  {
    "title": "Windows CalendarApple CalendarGoogle CalendarOffice  CalendarOutlook CalendarOutlook.com CalendarYahoo CalendarOthers",
    "link": "https://www.addevent.com/dir/?client=aQJzURPbWzfhJjVBkmSk107299&start=+%3a00&end=+%3a00&title=Annual+General+Meeting&timezone=Australia/Sydney&service=stream",
    "timestamp": "unknown"
  },
  {
    "title": "DecHalf Year endsAdd to CalendarWindows CalendarApple CalendarGoogle CalendarOffice  CalendarOutlook CalendarOutlook.com CalendarYahoo CalendarOthers",
    "link": "https://investors.csl.com/investors/financial-calendar",
    "timestamp": "unknown"
  },
  {
    "title": "DecHalf Year endsAdd to CalendarWindows CalendarApple CalendarGoogle CalendarOffice  CalendarOutlook CalendarOutlook.com CalendarYahoo CalendarOthers",
    "link": "https://investors.csl.com/investors/financial-calendar",
    "timestamp": "unknown"
  },
  {
    "title": "Half Year endsAdd to CalendarWindows CalendarApple CalendarGoogle CalendarOffice  CalendarOutlook CalendarOutlook.com CalendarYahoo CalendarOthers",
    "link": "https://investors.csl.com/investors/financial-calendar",
    "timestamp": "unknown"
  },
  {
    "title": "Add to CalendarWindows CalendarApple CalendarGoogle CalendarOffice  CalendarOutlook CalendarOutlook.com CalendarYahoo CalendarOthers",
    "link": "https://investors.csl.com/investors/financial-calendar",
    "timestamp": "unknown"
  },
  {
    "title": "Add to CalendarWindows CalendarApple CalendarGoogle CalendarOffice  CalendarOutlook CalendarOutlook.com CalendarYahoo CalendarOthers",
    "link": "https://investors.csl.com/investors/financial-calendar",
    "timestamp": "unknown"
  },
  {
    "title": "Windows CalendarApple CalendarGoogle CalendarOffice  CalendarOutlook CalendarOutlook.com CalendarYahoo CalendarOthers",
    "link": "https://www.addevent.com/dir/?client=aQJzURPbWzfhJjVBkmSk107299&start=+%3a00&end=+%3a00&title=Half+Year+ends&timezone=Australia/Sydney&service=stream",
    "timestamp": "unknown"
  },
  {
    "title": "Introduction to CSLSee how we are driven by our promise.Learn MoreBoard and ManagementView our Board and Management here.Learn MoreCorporate Governanc",
    "link": "https://www.csl.com/our-company",
    "timestamp": "unknown"
  },
  {
    "title": "Introduction to CSLSee how we are driven by our promise.Learn MoreBoard and ManagementView our Board and Management here.Learn MoreCorporate Governanc",
    "link": "https://www.csl.com/our-company",
    "timestamp": "unknown"
  },
  {
    "title": "Introduction to CSLSee how we are driven by our promise.Learn MoreBoard and ManagementView our Board and Management here.Learn MoreCorporate Governanc",
    "link": "https://www.csl.com/our-company",
    "timestamp": "unknown"
  },
  {
    "title": "Introduction to CSLSee how we are driven by our promise.Learn More",
    "link": "https://www.csl.com/our-company",
    "timestamp": "unknown"
  },
  {
    "title": "Introduction to CSLSee how we are driven by our promise.Learn More",
    "link": "https://www.csl.com/our-company",
    "timestamp": "unknown"
  },
  {
    "title": "Board and ManagementView our Board and Management here.Learn More",
    "link": "https://www.csl.com/our-company/board-and-management",
    "timestamp": "unknown"
  },
  {
    "title": "Board and ManagementView our Board and Management here.Learn More",
    "link": "https://www.csl.com/our-company/board-and-management",
    "timestamp": "unknown"
  },
  {
    "title": "Corporate GovernanceView our corporate governance here.Learn More",
    "link": "https://www.csl.com/our-company/corporate-governance",
    "timestamp": "unknown"
  },
  {
    "title": "Corporate GovernanceView our corporate governance here.Learn More",
    "link": "https://www.csl.com/our-company/corporate-governance",
    "timestamp": "unknown"
  },
  {
    "title": "\u00a9CSL, All Rights Reserved",
    "link": "https://www.linkedin.com/company/csl/",
    "timestamp": "unknown"
  }
]