[
  {
    "title": "ContactContact usInternational HeadquartersAdverse reactions - PharmacovigilanceGrifols Ethics LineENChange LanguageEspa\u00f1olDeutsch\u4e2d\u6587",
    "link": "https://www.grifols.com/en/contact",
    "timestamp": "unknown"
  },
  {
    "title": "ContactContact usInternational HeadquartersAdverse reactions - PharmacovigilanceGrifols Ethics LineENChange LanguageEspa\u00f1olDeutsch\u4e2d\u6587",
    "link": "https://www.grifols.com/en/contact",
    "timestamp": "unknown"
  },
  {
    "title": "ContactContact usInternational HeadquartersAdverse reactions - PharmacovigilanceGrifols Ethics LineENChange LanguageEspa\u00f1olDeutsch\u4e2d\u6587",
    "link": "https://www.grifols.com/en/contact",
    "timestamp": "unknown"
  },
  {
    "title": "ContactContact usInternational HeadquartersAdverse reactions - PharmacovigilanceGrifols Ethics LineENChange LanguageEspa\u00f1olDeutsch\u4e2d\u6587",
    "link": "https://www.grifols.com/en/contact",
    "timestamp": "unknown"
  },
  {
    "title": "ContactContact usInternational HeadquartersAdverse reactions - PharmacovigilanceGrifols Ethics LineENChange LanguageEspa\u00f1olDeutsch\u4e2d\u6587",
    "link": "https://www.grifols.com/en/contact",
    "timestamp": "unknown"
  },
  {
    "title": "ContactContact usInternational HeadquartersAdverse reactions - PharmacovigilanceGrifols Ethics Line",
    "link": "https://www.grifols.com/en/contact",
    "timestamp": "unknown"
  },
  {
    "title": "Contact us",
    "link": "https://www.grifols.com/en/contact",
    "timestamp": "unknown"
  },
  {
    "title": "International Headquarters",
    "link": "https://www.grifols.com/en/international-headquarters",
    "timestamp": "unknown"
  },
  {
    "title": "Adverse reactions - Pharmacovigilance",
    "link": "https://www.grifols.com/en/notification-of-adverse-reaction",
    "timestamp": "unknown"
  },
  {
    "title": "Grifols Ethics Line",
    "link": "http://grifols.ethicspoint.com/",
    "timestamp": "unknown"
  },
  {
    "title": "ENChange LanguageEspa\u00f1olDeutsch\u4e2d\u6587",
    "link": "https://www.grifols.com/en/c/portal/update_language?p_l_id=&redirect=%2Fen%2Fpress-releases&languageId=es_ES&currentLanguage=en_US",
    "timestamp": "unknown"
  },
  {
    "title": "Espa\u00f1ol",
    "link": "https://www.grifols.com/en/c/portal/update_language?p_l_id=&redirect=%2Fen%2Fpress-releases&languageId=es_ES&currentLanguage=en_US",
    "timestamp": "unknown"
  },
  {
    "title": "Deutsch",
    "link": "https://www.grifols.com/en/c/portal/update_language?p_l_id=&redirect=%2Fen%2Fpress-releases&languageId=de_DE&currentLanguage=en_US",
    "timestamp": "unknown"
  },
  {
    "title": "\u4e2d\u6587",
    "link": "https://www.grifols.com/en/c/portal/update_language?p_l_id=&redirect=%2Fen%2Fpress-releases&languageId=zh_CN&currentLanguage=en_US",
    "timestamp": "unknown"
  },
  {
    "title": "CompanyCompanySince , Grifols has worked to improve the health and well-being of people around the world.Read moreCorporate StructureBoard of Director",
    "link": "https://www.grifols.com/en/grifols-d3/home",
    "timestamp": "unknown"
  },
  {
    "title": "CompanyCompanySince , Grifols has worked to improve the health and well-being of people around the world.Read moreCorporate StructureBoard of Director",
    "link": "https://www.grifols.com/en/grifols-d3/home",
    "timestamp": "unknown"
  },
  {
    "title": "CompanyCompanySince , Grifols has worked to improve the health and well-being of people around the world.Read moreCorporate StructureBoard of Director",
    "link": "https://www.grifols.com/en/company",
    "timestamp": "unknown"
  },
  {
    "title": "CompanyCompanySince , Grifols has worked to improve the health and well-being of people around the world.Read moreCorporate StructureBoard of Director",
    "link": "https://www.grifols.com/en/company",
    "timestamp": "unknown"
  },
  {
    "title": "CompanySince , Grifols has worked to improve the health and well-being of people around the world.Read moreCorporate StructureBoard of DirectorsManage",
    "link": "https://www.grifols.com/en/company",
    "timestamp": "unknown"
  },
  {
    "title": "CompanySince , Grifols has worked to improve the health and well-being of people around the world.Read moreCorporate StructureBoard of DirectorsManage",
    "link": "https://www.grifols.com/en/company",
    "timestamp": "unknown"
  },
  {
    "title": "CompanySince , Grifols has worked to improve the health and well-being of people around the world.Read more",
    "link": "https://www.grifols.com/en/company",
    "timestamp": "unknown"
  },
  {
    "title": "Read more",
    "link": "https://www.grifols.com/en/company",
    "timestamp": "unknown"
  },
  {
    "title": "Corporate StructureBoard of DirectorsManagement TeamWhat We DoBiopharmaDiagnosticBio SuppliesHealthcare Solutions for HospitalsMission, vision and val",
    "link": "https://www.grifols.com/en/board-directors",
    "timestamp": "unknown"
  },
  {
    "title": "Corporate StructureBoard of DirectorsManagement Team",
    "link": "https://www.grifols.com/en/board-directors",
    "timestamp": "unknown"
  },
  {
    "title": "Board of Directors",
    "link": "https://www.grifols.com/en/board-directors",
    "timestamp": "unknown"
  },
  {
    "title": "Management Team",
    "link": "https://www.grifols.com/en/management-team",
    "timestamp": "unknown"
  },
  {
    "title": "What We DoBiopharmaDiagnosticBio SuppliesHealthcare Solutions for Hospitals",
    "link": "https://www.grifols.com/en/what-we-do",
    "timestamp": "unknown"
  },
  {
    "title": "Biopharma",
    "link": "https://www.grifols.com/en/biopharma",
    "timestamp": "unknown"
  },
  {
    "title": "Diagnostic",
    "link": "https://www.grifols.com/en/diagnostic",
    "timestamp": "unknown"
  },
  {
    "title": "Bio Supplies",
    "link": "https://www.grifols.com/en/bio-supplies",
    "timestamp": "unknown"
  },
  {
    "title": "Healthcare Solutions for Hospitals",
    "link": "https://www.grifols.com/en/healthcare-solutions-for-hospitals",
    "timestamp": "unknown"
  },
  {
    "title": "Mission, vision and values",
    "link": "https://www.grifols.com/en/mission-and-values",
    "timestamp": "unknown"
  },
  {
    "title": "Ethics and Compliance",
    "link": "https://www.grifols.com/en/ethics-and-compliance",
    "timestamp": "unknown"
  },
  {
    "title": "Our History",
    "link": "https://www.grifols.com/en/our-history",
    "timestamp": "unknown"
  },
  {
    "title": "Grifols MuseumLa Casa: Where It All BeganThe Plant: People Helping PeopleThe World: From Family Business to Global Company",
    "link": "https://www.grifols.com/en/grifols-museum",
    "timestamp": "unknown"
  },
  {
    "title": "La Casa: Where It All Began",
    "link": "https://www.grifols.com/en/grifols-museum-la-casa-where-it-all-began",
    "timestamp": "unknown"
  },
  {
    "title": "The Plant: People Helping People",
    "link": "https://www.grifols.com/en/grifols-museum-the-plant-people-helping-people",
    "timestamp": "unknown"
  },
  {
    "title": "The World: From Family Business to Global Company",
    "link": "https://www.grifols.com/en/grifols-museum-the-world-from-family-business-to-global-company",
    "timestamp": "unknown"
  },
  {
    "title": "GrifologyThe Cabinet",
    "link": "https://www.grifols.com/en/grifology-connecting-innovation",
    "timestamp": "unknown"
  },
  {
    "title": "The Cabinet",
    "link": "https://www.grifols.com/en/the-cabinet-century-of-innovation",
    "timestamp": "unknown"
  },
  {
    "title": "Grifols Engineering",
    "link": "https://www.grifols.com/en/grifols-engineering",
    "timestamp": "unknown"
  },
  {
    "title": "Every action we take is motivated by our mission to improve people's lives.Our unique and remarkable history combines scienti\ufb01c expertise with a desir",
    "link": "https://www.grifols.com/en/mission-and-values",
    "timestamp": "unknown"
  },
  {
    "title": "Every action we take is motivated by our mission to improve people's lives.",
    "link": "https://www.grifols.com/en/mission-and-values",
    "timestamp": "unknown"
  },
  {
    "title": "Our unique and remarkable history combines scienti\ufb01c expertise with a desire to serve patients and society.",
    "link": "https://www.grifols.com/en/our-history",
    "timestamp": "unknown"
  },
  {
    "title": "We develop, produce and market innovative medicines, solutions and services in more than  countries.",
    "link": "https://www.grifols.com/en/what-we-do",
    "timestamp": "unknown"
  },
  {
    "title": "InnovationInnovationGrifols is full speed ahead on developing the next innovative breakthroughs across multiple therapeutic areas.Read morePlasma Powe",
    "link": "https://www.grifols.com/en/innovation",
    "timestamp": "unknown"
  },
  {
    "title": "InnovationGrifols is full speed ahead on developing the next innovative breakthroughs across multiple therapeutic areas.Read morePlasma PowerhouseBeyo",
    "link": "https://www.grifols.com/en/innovation",
    "timestamp": "unknown"
  },
  {
    "title": "InnovationGrifols is full speed ahead on developing the next innovative breakthroughs across multiple therapeutic areas.Read morePlasma PowerhouseBeyo",
    "link": "https://www.grifols.com/en/innovation",
    "timestamp": "unknown"
  },
  {
    "title": "InnovationGrifols is full speed ahead on developing the next innovative breakthroughs across multiple therapeutic areas.Read more",
    "link": "https://www.grifols.com/en/innovation",
    "timestamp": "unknown"
  },
  {
    "title": "Read more",
    "link": "https://www.grifols.com/en/innovation",
    "timestamp": "unknown"
  },
  {
    "title": "Plasma PowerhouseBeyond PlasmaKey Therapeutic AreasImmunologyHepatology and Intensive CarePulmonologyHematologyNeurologyInfectious DiseasesFurther The",
    "link": "https://www.grifols.com/en/plasma-powerhouse",
    "timestamp": "unknown"
  },
  {
    "title": "Plasma Powerhouse",
    "link": "https://www.grifols.com/en/plasma-powerhouse",
    "timestamp": "unknown"
  },
  {
    "title": "Beyond Plasma",
    "link": "https://www.grifols.com/en/beyond-plasma",
    "timestamp": "unknown"
  },
  {
    "title": "Key Therapeutic AreasImmunologyHepatology and Intensive CarePulmonologyHematologyNeurologyInfectious DiseasesFurther Therapeutic Opportunities",
    "link": "https://www.grifols.com/en/key-therapeutic-areas",
    "timestamp": "unknown"
  },
  {
    "title": "Immunology",
    "link": "https://www.grifols.com/en/immunology",
    "timestamp": "unknown"
  },
  {
    "title": "Hepatology and Intensive Care",
    "link": "https://www.grifols.com/en/hepatology-and-intensive-care",
    "timestamp": "unknown"
  },
  {
    "title": "Pulmonology",
    "link": "https://www.grifols.com/en/pulmonology",
    "timestamp": "unknown"
  },
  {
    "title": "Hematology",
    "link": "https://www.grifols.com/en/hematology",
    "timestamp": "unknown"
  },
  {
    "title": "Neurology",
    "link": "https://www.grifols.com/en/neurology",
    "timestamp": "unknown"
  },
  {
    "title": "Infectious Diseases",
    "link": "https://www.grifols.com/en/infectious-diseases",
    "timestamp": "unknown"
  },
  {
    "title": "Further Therapeutic Opportunities",
    "link": "https://www.grifols.com/en/further-therapeutic-opportunities",
    "timestamp": "unknown"
  },
  {
    "title": "CHRONOS-PD: Plasma Science in Parkinson\u2019s Research",
    "link": "https://www.grifols.com/en/chronos-pd",
    "timestamp": "unknown"
  },
  {
    "title": "Extending Our Innovative ReachTeam Up with Grifols Innovation and New TechnologiesScientific Awards and Programs",
    "link": "https://www.grifols.com/en/extending-our-innovative-reach",
    "timestamp": "unknown"
  },
  {
    "title": "Team Up with Grifols Innovation and New Technologies",
    "link": "https://www.grifols.com/en/team-up-with-grifols-innovation-and-new-technologies",
    "timestamp": "unknown"
  },
  {
    "title": "Scientific Awards and Programs",
    "link": "https://www.grifols.com/en/scientific-awards-and-programs",
    "timestamp": "unknown"
  },
  {
    "title": "Connecting Knowledge - Our R&D Network",
    "link": "https://www.grifols.com/en/connecting-knowledge-our-r-d-network",
    "timestamp": "unknown"
  },
  {
    "title": "We apply our growing knowledge of plasma to change healthcare.Our treatments are enhancing people\u2019s well-being and quality of life.We\u2019re drawing on a ",
    "link": "https://www.grifols.com/en/plasma-powerhouse",
    "timestamp": "unknown"
  },
  {
    "title": "We apply our growing knowledge of plasma to change healthcare.",
    "link": "https://www.grifols.com/en/plasma-powerhouse",
    "timestamp": "unknown"
  },
  {
    "title": "Our treatments are enhancing people\u2019s well-being and quality of life.",
    "link": "https://www.grifols.com/en/key-therapeutic-areas",
    "timestamp": "unknown"
  },
  {
    "title": "We\u2019re drawing on a broad scientific base to continue innovating.",
    "link": "https://www.grifols.com/en/connecting-knowledge-our-r-d-network",
    "timestamp": "unknown"
  },
  {
    "title": "SustainabilitySustainabilityGrifols' longstanding commitment to people and the planet entails helping society on all fronts.Read moreCommitment to Don",
    "link": "https://www.grifols.com/en/sustainability",
    "timestamp": "unknown"
  },
  {
    "title": "SustainabilityGrifols' longstanding commitment to people and the planet entails helping society on all fronts.Read moreCommitment to Donors and Patien",
    "link": "https://www.grifols.com/en/sustainability",
    "timestamp": "unknown"
  },
  {
    "title": "SustainabilityGrifols' longstanding commitment to people and the planet entails helping society on all fronts.Read moreCommitment to Donors and Patien",
    "link": "https://www.grifols.com/en/sustainability",
    "timestamp": "unknown"
  },
  {
    "title": "SustainabilityGrifols' longstanding commitment to people and the planet entails helping society on all fronts.Read more",
    "link": "https://www.grifols.com/en/sustainability",
    "timestamp": "unknown"
  },
  {
    "title": "Read more",
    "link": "https://www.grifols.com/en/sustainability",
    "timestamp": "unknown"
  },
  {
    "title": "Commitment to Donors and PatientsSupporting DonorsSupporting PatientsImpact on SocietyOur FoundationsOur PeopleThe EnvironmentEthical LeadershipSustai",
    "link": "https://www.grifols.com/en/commitment-to-donors-and-patients",
    "timestamp": "unknown"
  },
  {
    "title": "Commitment to Donors and PatientsSupporting DonorsSupporting Patients",
    "link": "https://www.grifols.com/en/commitment-to-donors-and-patients",
    "timestamp": "unknown"
  },
  {
    "title": "Supporting Donors",
    "link": "https://www.grifols.com/en/supporting-donors",
    "timestamp": "unknown"
  },
  {
    "title": "Supporting Patients",
    "link": "https://www.grifols.com/en/supporting-patients",
    "timestamp": "unknown"
  },
  {
    "title": "Impact on SocietyOur Foundations",
    "link": "https://www.grifols.com/en/impact-on-society",
    "timestamp": "unknown"
  },
  {
    "title": "Our Foundations",
    "link": "https://www.grifols.com/en/our-foundations",
    "timestamp": "unknown"
  },
  {
    "title": "Our People",
    "link": "https://www.grifols.com/en/our-people",
    "timestamp": "unknown"
  },
  {
    "title": "The Environment",
    "link": "https://www.grifols.com/en/the-environment",
    "timestamp": "unknown"
  },
  {
    "title": "Ethical Leadership",
    "link": "https://www.grifols.com/en/ethical-leadership",
    "timestamp": "unknown"
  },
  {
    "title": "Sustainability Reports",
    "link": "https://www.grifols.com/en/sustainability-reports",
    "timestamp": "unknown"
  },
  {
    "title": "Integrated and Sustainability Annual ReportPatients drive the work we do every day. We support patients and patient associations.As mindful stewards o",
    "link": "https://www.grifols.com/documents///IAR_EN.pdf/51b647a9-78f6-961c--9c3fcd21c0bc?t=",
    "timestamp": "unknown"
  },
  {
    "title": "Integrated and Sustainability Annual Report",
    "link": "https://www.grifols.com/documents///IAR_EN.pdf/51b647a9-78f6-961c--9c3fcd21c0bc?t=",
    "timestamp": "unknown"
  },
  {
    "title": "Patients drive the work we do every day. We support patients and patient associations.",
    "link": "https://www.grifols.com/en/supporting-patients",
    "timestamp": "unknown"
  },
  {
    "title": "As mindful stewards of the environment we are resolved to fight climate change.",
    "link": "https://www.grifols.com/en/the-environment",
    "timestamp": "unknown"
  },
  {
    "title": "Products",
    "link": "https://products.grifols.com/",
    "timestamp": "unknown"
  },
  {
    "title": "InvestorsInvestorsRead moreStock InformationStock and share capitalDividendsMajor Holders and Treasury StockAgreements between ShareholdersAnalyst Cov",
    "link": "https://www.grifols.com/en/investors",
    "timestamp": "unknown"
  },
  {
    "title": "InvestorsRead moreStock InformationStock and share capitalDividendsMajor Holders and Treasury StockAgreements between ShareholdersAnalyst CoverageFina",
    "link": "https://www.grifols.com/en/investors",
    "timestamp": "unknown"
  },
  {
    "title": "InvestorsRead moreStock InformationStock and share capitalDividendsMajor Holders and Treasury StockAgreements between ShareholdersAnalyst CoverageFina",
    "link": "https://www.grifols.com/en/investors",
    "timestamp": "unknown"
  },
  {
    "title": "InvestorsRead more",
    "link": "https://www.grifols.com/en/investors",
    "timestamp": "unknown"
  },
  {
    "title": "Read more",
    "link": "https://www.grifols.com/en/investors",
    "timestamp": "unknown"
  },
  {
    "title": "Stock InformationStock and share capitalDividendsMajor Holders and Treasury StockAgreements between ShareholdersAnalyst CoverageFinancialsFinancial Re",
    "link": "https://www.grifols.com/en/stock-and-capital",
    "timestamp": "unknown"
  },
  {
    "title": "Stock InformationStock and share capitalDividendsMajor Holders and Treasury StockAgreements between ShareholdersAnalyst Coverage",
    "link": "https://www.grifols.com/en/stock-and-capital",
    "timestamp": "unknown"
  },
  {
    "title": "Stock and share capital",
    "link": "https://www.grifols.com/en/stock-and-capital",
    "timestamp": "unknown"
  },
  {
    "title": "Dividends",
    "link": "https://www.grifols.com/en/dividends",
    "timestamp": "unknown"
  },
  {
    "title": "Major Holders and Treasury Stock",
    "link": "https://www.grifols.com/en/major-holders-and-treasury-stock",
    "timestamp": "unknown"
  },
  {
    "title": "Agreements between Shareholders",
    "link": "https://www.grifols.com/en/agreements-between-shareholders",
    "timestamp": "unknown"
  },
  {
    "title": "Analyst Coverage",
    "link": "https://www.grifols.com/en/analyst-coverage",
    "timestamp": "unknown"
  },
  {
    "title": "FinancialsFinancial ResultsAnnual AccountsFixed Income and Credit RatingsAverage Period of Payment to SuppliersKey Figures",
    "link": "https://www.grifols.com/en/financial-results",
    "timestamp": "unknown"
  },
  {
    "title": "Financial Results",
    "link": "https://www.grifols.com/en/financial-results",
    "timestamp": "unknown"
  },
  {
    "title": "Annual Accounts",
    "link": "https://www.grifols.com/en/annual-accounts",
    "timestamp": "unknown"
  },
  {
    "title": "Fixed Income and Credit Ratings",
    "link": "https://www.grifols.com/en/fixed-income-and-credit-ratings",
    "timestamp": "unknown"
  },
  {
    "title": "Average Period of Payment to Suppliers",
    "link": "https://www.grifols.com/en/average-period-of-payment-to-suppliers",
    "timestamp": "unknown"
  },
  {
    "title": "Key Figures",
    "link": "https://www.grifols.com/en/key-figures",
    "timestamp": "unknown"
  },
  {
    "title": "Press Releases",
    "link": "https://www.grifols.com/en/press-releases",
    "timestamp": "unknown"
  },
  {
    "title": "Presentations and Events",
    "link": "https://www.grifols.com/en/presentations-and-events",
    "timestamp": "unknown"
  },
  {
    "title": "Agenda",
    "link": "https://www.grifols.com/en/agenda",
    "timestamp": "unknown"
  },
  {
    "title": "Communications with CNMV and SECCNMVSECOther Relevant InformationInside InformationSignificant events until  February",
    "link": "https://www.cnmv.es/portal/consultas/datosentidad.aspx?nif=A58389123&lang=en",
    "timestamp": "unknown"
  },
  {
    "title": "CNMV",
    "link": "https://www.cnmv.es/portal/consultas/datosentidad.aspx?nif=A58389123&lang=en",
    "timestamp": "unknown"
  },
  {
    "title": "SEC",
    "link": "https://www.sec.gov/cgi-bin/browse-edgar?action=getcompany&CIK=&owner=exclude&count=",
    "timestamp": "unknown"
  },
  {
    "title": "Other Relevant Information",
    "link": "https://www.grifols.com/en/other-relevant-information",
    "timestamp": "unknown"
  },
  {
    "title": "Inside Information",
    "link": "https://www.grifols.com/en/inside-information",
    "timestamp": "unknown"
  },
  {
    "title": "Significant events until  February",
    "link": "https://www.grifols.com/en/relevant-events",
    "timestamp": "unknown"
  },
  {
    "title": "Corporate Stewardship Reports",
    "link": "https://www.grifols.com/en/corporate-stewardship-reports",
    "timestamp": "unknown"
  },
  {
    "title": "Corporate GovernanceBoard of DirectorsGeneral Shareholders\u2019 MeetingAnnual Corporate Governance ReportDirectors' Remuneration ReportArticles of Associa",
    "link": "https://www.grifols.com/en/board-of-directors",
    "timestamp": "unknown"
  },
  {
    "title": "Board of Directors",
    "link": "https://www.grifols.com/en/board-of-directors",
    "timestamp": "unknown"
  },
  {
    "title": "General Shareholders\u2019 Meeting",
    "link": "https://www.grifols.com/en/general-shareholders-meeting",
    "timestamp": "unknown"
  },
  {
    "title": "Annual Corporate Governance Report",
    "link": "https://www.grifols.com/en/annual-corporate-governance-report",
    "timestamp": "unknown"
  },
  {
    "title": "Directors' Remuneration Report",
    "link": "https://www.grifols.com/en/directors-remuneration-report",
    "timestamp": "unknown"
  },
  {
    "title": "Articles of Association",
    "link": "https://www.grifols.com/en/articles-of-association",
    "timestamp": "unknown"
  },
  {
    "title": "Corporate Policies",
    "link": "https://www.grifols.com/en/corporate-policies",
    "timestamp": "unknown"
  },
  {
    "title": "Mergers",
    "link": "https://www.grifols.com/en/mergers",
    "timestamp": "unknown"
  },
  {
    "title": "Biotest: Voluntary Takeover Offer | Freiwilliges \u00dcbernahmeangebot ()",
    "link": "https://www.grifols.com/en/biotest-voluntary-takeover-offer",
    "timestamp": "unknown"
  },
  {
    "title": "Biotest: Acquisition offer (delisting) / freiwilliges Erwerbsangebot (Delisting) ()",
    "link": "https://www.grifols.com/en/biotest-acquisition-offer",
    "timestamp": "unknown"
  },
  {
    "title": "Presentation Third Quarter  ResultsIntegrated and Sustainability Annual ReportInvestor and Analyst meeting - webcast",
    "link": "https://www.grifols.com/documents///pres--en.pdf/fcb0eaaa-99e4-d491-c8a5-4edd382a6653?t=",
    "timestamp": "unknown"
  },
  {
    "title": "Presentation Third Quarter  Results",
    "link": "https://www.grifols.com/documents///pres--en.pdf/fcb0eaaa-99e4-d491-c8a5-4edd382a6653?t=",
    "timestamp": "unknown"
  },
  {
    "title": "Integrated and Sustainability Annual Report",
    "link": "https://www.grifols.com/documents///IAR_EN.pdf/51b647a9-78f6-961c--9c3fcd21c0bc?t=",
    "timestamp": "unknown"
  },
  {
    "title": "Investor and Analyst meeting - webcast",
    "link": "https://wtv-secure-fileshare.world-television.com/mariobenita//Grifols_CDM_2025.mp4",
    "timestamp": "unknown"
  },
  {
    "title": "CareersCareersPeople are at the heart of our business. We are committed to continued investment in training and development.Explore OpportunitiesWhy G",
    "link": "https://www.grifols.com/en/careers",
    "timestamp": "unknown"
  },
  {
    "title": "CareersPeople are at the heart of our business. We are committed to continued investment in training and development.Explore OpportunitiesWhy GrifolsP",
    "link": "https://www.grifols.com/en/careers",
    "timestamp": "unknown"
  },
  {
    "title": "CareersPeople are at the heart of our business. We are committed to continued investment in training and development.Explore OpportunitiesWhy GrifolsP",
    "link": "https://www.grifols.com/en/careers",
    "timestamp": "unknown"
  },
  {
    "title": "CareersPeople are at the heart of our business. We are committed to continued investment in training and development.Explore Opportunities",
    "link": "https://www.grifols.com/en/careers",
    "timestamp": "unknown"
  },
  {
    "title": "Explore Opportunities",
    "link": "https://www.grifols.com/en/careers",
    "timestamp": "unknown"
  },
  {
    "title": "Why GrifolsPeople & CultureOur teamsTraining and DevelopmentHiring JourneyEarly Careers",
    "link": "https://www.grifols.com/en/why-grifols",
    "timestamp": "unknown"
  },
  {
    "title": "Why GrifolsPeople & CultureOur teams",
    "link": "https://www.grifols.com/en/why-grifols",
    "timestamp": "unknown"
  },
  {
    "title": "People & Culture",
    "link": "https://www.grifols.com/en/culture",
    "timestamp": "unknown"
  },
  {
    "title": "Our teams",
    "link": "https://www.grifols.com/en/teams",
    "timestamp": "unknown"
  },
  {
    "title": "Training and Development",
    "link": "https://www.grifols.com/en/training-and-development",
    "timestamp": "unknown"
  },
  {
    "title": "Hiring Journey",
    "link": "https://www.grifols.com/en/hiring-journey",
    "timestamp": "unknown"
  },
  {
    "title": "Early Careers",
    "link": "https://www.grifols.com/en/early-careers",
    "timestamp": "unknown"
  },
  {
    "title": "MediaMediaLatest news about the company and contact information for journalists and communication professionals.Read moreNewsroomEventsQ3  Financial R",
    "link": "https://www.grifols.com/en/media",
    "timestamp": "unknown"
  },
  {
    "title": "MediaLatest news about the company and contact information for journalists and communication professionals.Read moreNewsroomEventsQ3  Financial Result",
    "link": "https://www.grifols.com/en/media",
    "timestamp": "unknown"
  },
  {
    "title": "MediaLatest news about the company and contact information for journalists and communication professionals.Read moreNewsroomEventsQ3  Financial Result",
    "link": "https://www.grifols.com/en/media",
    "timestamp": "unknown"
  },
  {
    "title": "MediaLatest news about the company and contact information for journalists and communication professionals.Read more",
    "link": "https://www.grifols.com/en/media",
    "timestamp": "unknown"
  },
  {
    "title": "Read more",
    "link": "https://www.grifols.com/en/media",
    "timestamp": "unknown"
  },
  {
    "title": "NewsroomEventsQ3  Financial ResultsGeneral Shareholders' MeetingMedia ContactsMedia Center",
    "link": "https://www.grifols.com/en/newsroom",
    "timestamp": "unknown"
  },
  {
    "title": "Newsroom",
    "link": "https://www.grifols.com/en/newsroom",
    "timestamp": "unknown"
  },
  {
    "title": "EventsQ3  Financial ResultsGeneral Shareholders' Meeting",
    "link": "https://www.grifols.com/en/events",
    "timestamp": "unknown"
  },
  {
    "title": "Q3  Financial Results",
    "link": "https://www.grifols.com/en/q3--financial-results",
    "timestamp": "unknown"
  },
  {
    "title": "General Shareholders' Meeting",
    "link": "https://www.grifols.com/en/general-shareholders-meeting-",
    "timestamp": "unknown"
  },
  {
    "title": "Media Contacts",
    "link": "https://www.grifols.com/en/media-contacts",
    "timestamp": "unknown"
  },
  {
    "title": "Media Center",
    "link": "https://www.grifols.com/en/media-center",
    "timestamp": "unknown"
  },
  {
    "title": "SuppliersSuppliersAt Grifols, we believe in long-term, mutually trusting relationships with our partners.More detailsJoin Grifols Supplier Network",
    "link": "https://www.grifols.com/en/suppliers",
    "timestamp": "unknown"
  },
  {
    "title": "SuppliersAt Grifols, we believe in long-term, mutually trusting relationships with our partners.More detailsJoin Grifols Supplier Network",
    "link": "https://www.grifols.com/en/suppliers",
    "timestamp": "unknown"
  },
  {
    "title": "SuppliersAt Grifols, we believe in long-term, mutually trusting relationships with our partners.More detailsJoin Grifols Supplier Network",
    "link": "https://www.grifols.com/en/suppliers",
    "timestamp": "unknown"
  },
  {
    "title": "SuppliersAt Grifols, we believe in long-term, mutually trusting relationships with our partners.More details",
    "link": "https://www.grifols.com/en/suppliers",
    "timestamp": "unknown"
  },
  {
    "title": "More details",
    "link": "https://www.grifols.com/en/suppliers",
    "timestamp": "unknown"
  },
  {
    "title": "Join Grifols Supplier Network",
    "link": "https://www.grifols.com/en/join-grifols-supplier-network",
    "timestamp": "unknown"
  },
  {
    "title": "Join Grifols Supplier Network",
    "link": "https://www.grifols.com/en/join-grifols-supplier-network",
    "timestamp": "unknown"
  },
  {
    "title": "EnglishChange LanguageEspa\u00f1olDeutsch\u4e2d\u6587CompanyCompanyCorporate StructureBoard of DirectorsManagement TeamWhat We DoWhat We DoBiopharmaDiagnosticBio Sup",
    "link": "https://www.grifols.com/en/c/portal/update_language?p_l_id=&redirect=%2Fen%2Fpress-releases&languageId=es_ES&currentLanguage=en_US",
    "timestamp": "unknown"
  },
  {
    "title": "EnglishChange LanguageEspa\u00f1olDeutsch\u4e2d\u6587CompanyCompanyCorporate StructureBoard of DirectorsManagement TeamWhat We DoWhat We DoBiopharmaDiagnosticBio Sup",
    "link": "https://www.grifols.com/en/c/portal/update_language?p_l_id=&redirect=%2Fen%2Fpress-releases&languageId=es_ES&currentLanguage=en_US",
    "timestamp": "unknown"
  },
  {
    "title": "EnglishChange LanguageEspa\u00f1olDeutsch\u4e2d\u6587CompanyCompanyCorporate StructureBoard of DirectorsManagement TeamWhat We DoWhat We DoBiopharmaDiagnosticBio Sup",
    "link": "https://www.grifols.com/en/c/portal/update_language?p_l_id=&redirect=%2Fen%2Fpress-releases&languageId=es_ES&currentLanguage=en_US",
    "timestamp": "unknown"
  },
  {
    "title": "EnglishChange LanguageEspa\u00f1olDeutsch\u4e2d\u6587",
    "link": "https://www.grifols.com/en/c/portal/update_language?p_l_id=&redirect=%2Fen%2Fpress-releases&languageId=es_ES&currentLanguage=en_US",
    "timestamp": "unknown"
  },
  {
    "title": "EnglishChange LanguageEspa\u00f1olDeutsch\u4e2d\u6587",
    "link": "https://www.grifols.com/en/c/portal/update_language?p_l_id=&redirect=%2Fen%2Fpress-releases&languageId=es_ES&currentLanguage=en_US",
    "timestamp": "unknown"
  },
  {
    "title": "EnglishChange LanguageEspa\u00f1olDeutsch\u4e2d\u6587",
    "link": "https://www.grifols.com/en/c/portal/update_language?p_l_id=&redirect=%2Fen%2Fpress-releases&languageId=es_ES&currentLanguage=en_US",
    "timestamp": "unknown"
  },
  {
    "title": "Espa\u00f1ol",
    "link": "https://www.grifols.com/en/c/portal/update_language?p_l_id=&redirect=%2Fen%2Fpress-releases&languageId=es_ES&currentLanguage=en_US",
    "timestamp": "unknown"
  },
  {
    "title": "Deutsch",
    "link": "https://www.grifols.com/en/c/portal/update_language?p_l_id=&redirect=%2Fen%2Fpress-releases&languageId=de_DE&currentLanguage=en_US",
    "timestamp": "unknown"
  },
  {
    "title": "\u4e2d\u6587",
    "link": "https://www.grifols.com/en/c/portal/update_language?p_l_id=&redirect=%2Fen%2Fpress-releases&languageId=zh_CN&currentLanguage=en_US",
    "timestamp": "unknown"
  },
  {
    "title": "CompanyCompanyCorporate StructureBoard of DirectorsManagement TeamWhat We DoWhat We DoBiopharmaDiagnosticBio SuppliesHealthcare Solutions for Hospital",
    "link": "https://www.grifols.com/en/press-releases",
    "timestamp": "unknown"
  },
  {
    "title": "CompanyCompanyCorporate StructureBoard of DirectorsManagement TeamWhat We DoWhat We DoBiopharmaDiagnosticBio SuppliesHealthcare Solutions for Hospital",
    "link": "https://www.grifols.com/en/press-releases",
    "timestamp": "unknown"
  },
  {
    "title": "Company",
    "link": "https://www.grifols.com/en/company",
    "timestamp": "unknown"
  },
  {
    "title": "Corporate StructureBoard of DirectorsManagement Team",
    "link": "https://www.grifols.com/en/press-releases",
    "timestamp": "unknown"
  },
  {
    "title": "Corporate StructureBoard of DirectorsManagement Team",
    "link": "https://www.grifols.com/en/press-releases",
    "timestamp": "unknown"
  },
  {
    "title": "Board of Directors",
    "link": "https://www.grifols.com/en/board-directors",
    "timestamp": "unknown"
  },
  {
    "title": "Board of Directors",
    "link": "https://www.grifols.com/en/board-directors",
    "timestamp": "unknown"
  },
  {
    "title": "Management Team",
    "link": "https://www.grifols.com/en/management-team",
    "timestamp": "unknown"
  },
  {
    "title": "Management Team",
    "link": "https://www.grifols.com/en/management-team",
    "timestamp": "unknown"
  },
  {
    "title": "What We DoWhat We DoBiopharmaDiagnosticBio SuppliesHealthcare Solutions for Hospitals",
    "link": "https://www.grifols.com/en/press-releases",
    "timestamp": "unknown"
  },
  {
    "title": "What We DoWhat We DoBiopharmaDiagnosticBio SuppliesHealthcare Solutions for Hospitals",
    "link": "https://www.grifols.com/en/press-releases",
    "timestamp": "unknown"
  },
  {
    "title": "What We Do",
    "link": "https://www.grifols.com/en/what-we-do",
    "timestamp": "unknown"
  },
  {
    "title": "Biopharma",
    "link": "https://www.grifols.com/en/biopharma",
    "timestamp": "unknown"
  },
  {
    "title": "Biopharma",
    "link": "https://www.grifols.com/en/biopharma",
    "timestamp": "unknown"
  },
  {
    "title": "Diagnostic",
    "link": "https://www.grifols.com/en/diagnostic",
    "timestamp": "unknown"
  },
  {
    "title": "Diagnostic",
    "link": "https://www.grifols.com/en/diagnostic",
    "timestamp": "unknown"
  },
  {
    "title": "Bio Supplies",
    "link": "https://www.grifols.com/en/bio-supplies",
    "timestamp": "unknown"
  },
  {
    "title": "Bio Supplies",
    "link": "https://www.grifols.com/en/bio-supplies",
    "timestamp": "unknown"
  },
  {
    "title": "Healthcare Solutions for Hospitals",
    "link": "https://www.grifols.com/en/healthcare-solutions-for-hospitals",
    "timestamp": "unknown"
  },
  {
    "title": "Healthcare Solutions for Hospitals",
    "link": "https://www.grifols.com/en/healthcare-solutions-for-hospitals",
    "timestamp": "unknown"
  },
  {
    "title": "Mission, vision and values",
    "link": "https://www.grifols.com/en/mission-and-values",
    "timestamp": "unknown"
  },
  {
    "title": "Mission, vision and values",
    "link": "https://www.grifols.com/en/mission-and-values",
    "timestamp": "unknown"
  },
  {
    "title": "Ethics and Compliance",
    "link": "https://www.grifols.com/en/ethics-and-compliance",
    "timestamp": "unknown"
  },
  {
    "title": "Ethics and Compliance",
    "link": "https://www.grifols.com/en/ethics-and-compliance",
    "timestamp": "unknown"
  },
  {
    "title": "Our History",
    "link": "https://www.grifols.com/en/our-history",
    "timestamp": "unknown"
  },
  {
    "title": "Our History",
    "link": "https://www.grifols.com/en/our-history",
    "timestamp": "unknown"
  },
  {
    "title": "Grifols MuseumGrifols MuseumLa Casa: Where It All BeganThe Plant: People Helping PeopleThe World: From Family Business to Global Company",
    "link": "https://www.grifols.com/en/press-releases",
    "timestamp": "unknown"
  },
  {
    "title": "Grifols MuseumGrifols MuseumLa Casa: Where It All BeganThe Plant: People Helping PeopleThe World: From Family Business to Global Company",
    "link": "https://www.grifols.com/en/press-releases",
    "timestamp": "unknown"
  },
  {
    "title": "Grifols Museum",
    "link": "https://www.grifols.com/en/grifols-museum",
    "timestamp": "unknown"
  },
  {
    "title": "La Casa: Where It All Began",
    "link": "https://www.grifols.com/en/grifols-museum-la-casa-where-it-all-began",
    "timestamp": "unknown"
  },
  {
    "title": "La Casa: Where It All Began",
    "link": "https://www.grifols.com/en/grifols-museum-la-casa-where-it-all-began",
    "timestamp": "unknown"
  },
  {
    "title": "The Plant: People Helping People",
    "link": "https://www.grifols.com/en/grifols-museum-the-plant-people-helping-people",
    "timestamp": "unknown"
  },
  {
    "title": "The Plant: People Helping People",
    "link": "https://www.grifols.com/en/grifols-museum-the-plant-people-helping-people",
    "timestamp": "unknown"
  },
  {
    "title": "The World: From Family Business to Global Company",
    "link": "https://www.grifols.com/en/grifols-museum-the-world-from-family-business-to-global-company",
    "timestamp": "unknown"
  },
  {
    "title": "The World: From Family Business to Global Company",
    "link": "https://www.grifols.com/en/grifols-museum-the-world-from-family-business-to-global-company",
    "timestamp": "unknown"
  },
  {
    "title": "GrifologyGrifologyThe Cabinet",
    "link": "https://www.grifols.com/en/press-releases",
    "timestamp": "unknown"
  },
  {
    "title": "GrifologyGrifologyThe Cabinet",
    "link": "https://www.grifols.com/en/press-releases",
    "timestamp": "unknown"
  },
  {
    "title": "Grifology",
    "link": "https://www.grifols.com/en/grifology-connecting-innovation",
    "timestamp": "unknown"
  },
  {
    "title": "The Cabinet",
    "link": "https://www.grifols.com/en/the-cabinet-century-of-innovation",
    "timestamp": "unknown"
  },
  {
    "title": "The Cabinet",
    "link": "https://www.grifols.com/en/the-cabinet-century-of-innovation",
    "timestamp": "unknown"
  },
  {
    "title": "Grifols Engineering",
    "link": "https://www.grifols.com/en/grifols-engineering",
    "timestamp": "unknown"
  },
  {
    "title": "Grifols Engineering",
    "link": "https://www.grifols.com/en/grifols-engineering",
    "timestamp": "unknown"
  },
  {
    "title": "InnovationInnovationPlasma PowerhouseBeyond PlasmaKey Therapeutic AreasKey Therapeutic AreasImmunologyHepatology and Intensive CarePulmonologyHematolo",
    "link": "https://www.grifols.com/en/press-releases",
    "timestamp": "unknown"
  },
  {
    "title": "InnovationInnovationPlasma PowerhouseBeyond PlasmaKey Therapeutic AreasKey Therapeutic AreasImmunologyHepatology and Intensive CarePulmonologyHematolo",
    "link": "https://www.grifols.com/en/press-releases",
    "timestamp": "unknown"
  },
  {
    "title": "Innovation",
    "link": "https://www.grifols.com/en/innovation",
    "timestamp": "unknown"
  },
  {
    "title": "Plasma Powerhouse",
    "link": "https://www.grifols.com/en/plasma-powerhouse",
    "timestamp": "unknown"
  },
  {
    "title": "Plasma Powerhouse",
    "link": "https://www.grifols.com/en/plasma-powerhouse",
    "timestamp": "unknown"
  },
  {
    "title": "Beyond Plasma",
    "link": "https://www.grifols.com/en/beyond-plasma",
    "timestamp": "unknown"
  },
  {
    "title": "Beyond Plasma",
    "link": "https://www.grifols.com/en/beyond-plasma",
    "timestamp": "unknown"
  },
  {
    "title": "Key Therapeutic AreasKey Therapeutic AreasImmunologyHepatology and Intensive CarePulmonologyHematologyNeurologyInfectious DiseasesFurther Therapeutic ",
    "link": "https://www.grifols.com/en/press-releases",
    "timestamp": "unknown"
  },
  {
    "title": "Key Therapeutic AreasKey Therapeutic AreasImmunologyHepatology and Intensive CarePulmonologyHematologyNeurologyInfectious DiseasesFurther Therapeutic ",
    "link": "https://www.grifols.com/en/press-releases",
    "timestamp": "unknown"
  },
  {
    "title": "Key Therapeutic Areas",
    "link": "https://www.grifols.com/en/key-therapeutic-areas",
    "timestamp": "unknown"
  },
  {
    "title": "Immunology",
    "link": "https://www.grifols.com/en/immunology",
    "timestamp": "unknown"
  },
  {
    "title": "Immunology",
    "link": "https://www.grifols.com/en/immunology",
    "timestamp": "unknown"
  },
  {
    "title": "Hepatology and Intensive Care",
    "link": "https://www.grifols.com/en/hepatology-and-intensive-care",
    "timestamp": "unknown"
  },
  {
    "title": "Hepatology and Intensive Care",
    "link": "https://www.grifols.com/en/hepatology-and-intensive-care",
    "timestamp": "unknown"
  },
  {
    "title": "Pulmonology",
    "link": "https://www.grifols.com/en/pulmonology",
    "timestamp": "unknown"
  },
  {
    "title": "Pulmonology",
    "link": "https://www.grifols.com/en/pulmonology",
    "timestamp": "unknown"
  },
  {
    "title": "Hematology",
    "link": "https://www.grifols.com/en/hematology",
    "timestamp": "unknown"
  },
  {
    "title": "Hematology",
    "link": "https://www.grifols.com/en/hematology",
    "timestamp": "unknown"
  },
  {
    "title": "Neurology",
    "link": "https://www.grifols.com/en/neurology",
    "timestamp": "unknown"
  },
  {
    "title": "Neurology",
    "link": "https://www.grifols.com/en/neurology",
    "timestamp": "unknown"
  },
  {
    "title": "Infectious Diseases",
    "link": "https://www.grifols.com/en/infectious-diseases",
    "timestamp": "unknown"
  },
  {
    "title": "Infectious Diseases",
    "link": "https://www.grifols.com/en/infectious-diseases",
    "timestamp": "unknown"
  },
  {
    "title": "Further Therapeutic Opportunities",
    "link": "https://www.grifols.com/en/further-therapeutic-opportunities",
    "timestamp": "unknown"
  },
  {
    "title": "Further Therapeutic Opportunities",
    "link": "https://www.grifols.com/en/further-therapeutic-opportunities",
    "timestamp": "unknown"
  },
  {
    "title": "CHRONOS-PD: Plasma Science in Parkinson\u2019s Research",
    "link": "https://www.grifols.com/en/chronos-pd",
    "timestamp": "unknown"
  },
  {
    "title": "CHRONOS-PD: Plasma Science in Parkinson\u2019s Research",
    "link": "https://www.grifols.com/en/chronos-pd",
    "timestamp": "unknown"
  },
  {
    "title": "Extending Our Innovative ReachExtending Our Innovative ReachTeam Up with Grifols Innovation and New TechnologiesScientific Awards and Programs",
    "link": "https://www.grifols.com/en/press-releases",
    "timestamp": "unknown"
  },
  {
    "title": "Extending Our Innovative ReachExtending Our Innovative ReachTeam Up with Grifols Innovation and New TechnologiesScientific Awards and Programs",
    "link": "https://www.grifols.com/en/press-releases",
    "timestamp": "unknown"
  },
  {
    "title": "Extending Our Innovative Reach",
    "link": "https://www.grifols.com/en/extending-our-innovative-reach",
    "timestamp": "unknown"
  },
  {
    "title": "Team Up with Grifols Innovation and New Technologies",
    "link": "https://www.grifols.com/en/team-up-with-grifols-innovation-and-new-technologies",
    "timestamp": "unknown"
  },
  {
    "title": "Team Up with Grifols Innovation and New Technologies",
    "link": "https://www.grifols.com/en/team-up-with-grifols-innovation-and-new-technologies",
    "timestamp": "unknown"
  },
  {
    "title": "Scientific Awards and Programs",
    "link": "https://www.grifols.com/en/scientific-awards-and-programs",
    "timestamp": "unknown"
  },
  {
    "title": "Scientific Awards and Programs",
    "link": "https://www.grifols.com/en/scientific-awards-and-programs",
    "timestamp": "unknown"
  },
  {
    "title": "Connecting Knowledge - Our R&D Network",
    "link": "https://www.grifols.com/en/connecting-knowledge-our-r-d-network",
    "timestamp": "unknown"
  },
  {
    "title": "Connecting Knowledge - Our R&D Network",
    "link": "https://www.grifols.com/en/connecting-knowledge-our-r-d-network",
    "timestamp": "unknown"
  },
  {
    "title": "SustainabilitySustainabilityCommitment to Donors and PatientsCommitment to Donors and PatientsSupporting DonorsSupporting PatientsImpact on SocietyImp",
    "link": "https://www.grifols.com/en/press-releases",
    "timestamp": "unknown"
  },
  {
    "title": "SustainabilitySustainabilityCommitment to Donors and PatientsCommitment to Donors and PatientsSupporting DonorsSupporting PatientsImpact on SocietyImp",
    "link": "https://www.grifols.com/en/press-releases",
    "timestamp": "unknown"
  },
  {
    "title": "Sustainability",
    "link": "https://www.grifols.com/en/sustainability",
    "timestamp": "unknown"
  },
  {
    "title": "Commitment to Donors and PatientsCommitment to Donors and PatientsSupporting DonorsSupporting Patients",
    "link": "https://www.grifols.com/en/press-releases",
    "timestamp": "unknown"
  },
  {
    "title": "Commitment to Donors and PatientsCommitment to Donors and PatientsSupporting DonorsSupporting Patients",
    "link": "https://www.grifols.com/en/press-releases",
    "timestamp": "unknown"
  },
  {
    "title": "Commitment to Donors and Patients",
    "link": "https://www.grifols.com/en/commitment-to-donors-and-patients",
    "timestamp": "unknown"
  },
  {
    "title": "Supporting Donors",
    "link": "https://www.grifols.com/en/supporting-donors",
    "timestamp": "unknown"
  },
  {
    "title": "Supporting Donors",
    "link": "https://www.grifols.com/en/supporting-donors",
    "timestamp": "unknown"
  },
  {
    "title": "Supporting Patients",
    "link": "https://www.grifols.com/en/supporting-patients",
    "timestamp": "unknown"
  },
  {
    "title": "Supporting Patients",
    "link": "https://www.grifols.com/en/supporting-patients",
    "timestamp": "unknown"
  },
  {
    "title": "Impact on SocietyImpact on SocietyOur Foundations",
    "link": "https://www.grifols.com/en/press-releases",
    "timestamp": "unknown"
  },
  {
    "title": "Impact on SocietyImpact on SocietyOur Foundations",
    "link": "https://www.grifols.com/en/press-releases",
    "timestamp": "unknown"
  },
  {
    "title": "Impact on Society",
    "link": "https://www.grifols.com/en/impact-on-society",
    "timestamp": "unknown"
  },
  {
    "title": "Our Foundations",
    "link": "https://www.grifols.com/en/our-foundations",
    "timestamp": "unknown"
  },
  {
    "title": "Our Foundations",
    "link": "https://www.grifols.com/en/our-foundations",
    "timestamp": "unknown"
  },
  {
    "title": "Our People",
    "link": "https://www.grifols.com/en/our-people",
    "timestamp": "unknown"
  },
  {
    "title": "Our People",
    "link": "https://www.grifols.com/en/our-people",
    "timestamp": "unknown"
  },
  {
    "title": "The Environment",
    "link": "https://www.grifols.com/en/the-environment",
    "timestamp": "unknown"
  },
  {
    "title": "The Environment",
    "link": "https://www.grifols.com/en/the-environment",
    "timestamp": "unknown"
  },
  {
    "title": "Ethical Leadership",
    "link": "https://www.grifols.com/en/ethical-leadership",
    "timestamp": "unknown"
  },
  {
    "title": "Ethical Leadership",
    "link": "https://www.grifols.com/en/ethical-leadership",
    "timestamp": "unknown"
  },
  {
    "title": "Sustainability Reports",
    "link": "https://www.grifols.com/en/sustainability-reports",
    "timestamp": "unknown"
  },
  {
    "title": "Sustainability Reports",
    "link": "https://www.grifols.com/en/sustainability-reports",
    "timestamp": "unknown"
  },
  {
    "title": "Products",
    "link": "https://products.grifols.com/",
    "timestamp": "unknown"
  },
  {
    "title": "Products",
    "link": "https://products.grifols.com/",
    "timestamp": "unknown"
  },
  {
    "title": "InvestorsInvestorsStock InformationStock and share capitalDividendsMajor Holders and Treasury StockAgreements between ShareholdersAnalyst CoverageFina",
    "link": "https://www.grifols.com/en/press-releases",
    "timestamp": "unknown"
  },
  {
    "title": "InvestorsInvestorsStock InformationStock and share capitalDividendsMajor Holders and Treasury StockAgreements between ShareholdersAnalyst CoverageFina",
    "link": "https://www.grifols.com/en/press-releases",
    "timestamp": "unknown"
  },
  {
    "title": "Investors",
    "link": "https://www.grifols.com/en/investors",
    "timestamp": "unknown"
  },
  {
    "title": "Stock InformationStock and share capitalDividendsMajor Holders and Treasury StockAgreements between ShareholdersAnalyst Coverage",
    "link": "https://www.grifols.com/en/press-releases",
    "timestamp": "unknown"
  },
  {
    "title": "Stock InformationStock and share capitalDividendsMajor Holders and Treasury StockAgreements between ShareholdersAnalyst Coverage",
    "link": "https://www.grifols.com/en/press-releases",
    "timestamp": "unknown"
  },
  {
    "title": "Stock and share capital",
    "link": "https://www.grifols.com/en/stock-and-capital",
    "timestamp": "unknown"
  },
  {
    "title": "Stock and share capital",
    "link": "https://www.grifols.com/en/stock-and-capital",
    "timestamp": "unknown"
  },
  {
    "title": "Dividends",
    "link": "https://www.grifols.com/en/dividends",
    "timestamp": "unknown"
  },
  {
    "title": "Dividends",
    "link": "https://www.grifols.com/en/dividends",
    "timestamp": "unknown"
  },
  {
    "title": "Major Holders and Treasury Stock",
    "link": "https://www.grifols.com/en/major-holders-and-treasury-stock",
    "timestamp": "unknown"
  },
  {
    "title": "Major Holders and Treasury Stock",
    "link": "https://www.grifols.com/en/major-holders-and-treasury-stock",
    "timestamp": "unknown"
  },
  {
    "title": "Agreements between Shareholders",
    "link": "https://www.grifols.com/en/agreements-between-shareholders",
    "timestamp": "unknown"
  },
  {
    "title": "Agreements between Shareholders",
    "link": "https://www.grifols.com/en/agreements-between-shareholders",
    "timestamp": "unknown"
  },
  {
    "title": "Analyst Coverage",
    "link": "https://www.grifols.com/en/analyst-coverage",
    "timestamp": "unknown"
  },
  {
    "title": "Analyst Coverage",
    "link": "https://www.grifols.com/en/analyst-coverage",
    "timestamp": "unknown"
  },
  {
    "title": "FinancialsFinancial ResultsAnnual AccountsFixed Income and Credit RatingsAverage Period of Payment to SuppliersKey Figures",
    "link": "https://www.grifols.com/en/press-releases",
    "timestamp": "unknown"
  },
  {
    "title": "FinancialsFinancial ResultsAnnual AccountsFixed Income and Credit RatingsAverage Period of Payment to SuppliersKey Figures",
    "link": "https://www.grifols.com/en/press-releases",
    "timestamp": "unknown"
  },
  {
    "title": "Financial Results",
    "link": "https://www.grifols.com/en/financial-results",
    "timestamp": "unknown"
  },
  {
    "title": "Financial Results",
    "link": "https://www.grifols.com/en/financial-results",
    "timestamp": "unknown"
  },
  {
    "title": "Annual Accounts",
    "link": "https://www.grifols.com/en/annual-accounts",
    "timestamp": "unknown"
  },
  {
    "title": "Annual Accounts",
    "link": "https://www.grifols.com/en/annual-accounts",
    "timestamp": "unknown"
  },
  {
    "title": "Fixed Income and Credit Ratings",
    "link": "https://www.grifols.com/en/fixed-income-and-credit-ratings",
    "timestamp": "unknown"
  },
  {
    "title": "Fixed Income and Credit Ratings",
    "link": "https://www.grifols.com/en/fixed-income-and-credit-ratings",
    "timestamp": "unknown"
  },
  {
    "title": "Average Period of Payment to Suppliers",
    "link": "https://www.grifols.com/en/average-period-of-payment-to-suppliers",
    "timestamp": "unknown"
  },
  {
    "title": "Average Period of Payment to Suppliers",
    "link": "https://www.grifols.com/en/average-period-of-payment-to-suppliers",
    "timestamp": "unknown"
  },
  {
    "title": "Key Figures",
    "link": "https://www.grifols.com/en/key-figures",
    "timestamp": "unknown"
  },
  {
    "title": "Key Figures",
    "link": "https://www.grifols.com/en/key-figures",
    "timestamp": "unknown"
  },
  {
    "title": "Press Releases",
    "link": "https://www.grifols.com/en/press-releases",
    "timestamp": "unknown"
  },
  {
    "title": "Press Releases",
    "link": "https://www.grifols.com/en/press-releases",
    "timestamp": "unknown"
  },
  {
    "title": "Presentations and Events",
    "link": "https://www.grifols.com/en/presentations-and-events",
    "timestamp": "unknown"
  },
  {
    "title": "Presentations and Events",
    "link": "https://www.grifols.com/en/presentations-and-events",
    "timestamp": "unknown"
  },
  {
    "title": "Agenda",
    "link": "https://www.grifols.com/en/agenda",
    "timestamp": "unknown"
  },
  {
    "title": "Agenda",
    "link": "https://www.grifols.com/en/agenda",
    "timestamp": "unknown"
  },
  {
    "title": "Communications with CNMV and SECCNMVSECOther Relevant InformationInside InformationSignificant events until  February",
    "link": "https://www.grifols.com/en/press-releases",
    "timestamp": "unknown"
  },
  {
    "title": "Communications with CNMV and SECCNMVSECOther Relevant InformationInside InformationSignificant events until  February",
    "link": "https://www.grifols.com/en/press-releases",
    "timestamp": "unknown"
  },
  {
    "title": "CNMV",
    "link": "https://www.cnmv.es/portal/consultas/datosentidad.aspx?nif=A58389123&lang=en",
    "timestamp": "unknown"
  },
  {
    "title": "CNMV",
    "link": "https://www.cnmv.es/portal/consultas/datosentidad.aspx?nif=A58389123&lang=en",
    "timestamp": "unknown"
  },
  {
    "title": "SEC",
    "link": "https://www.sec.gov/cgi-bin/browse-edgar?action=getcompany&CIK=&owner=exclude&count=",
    "timestamp": "unknown"
  },
  {
    "title": "SEC",
    "link": "https://www.sec.gov/cgi-bin/browse-edgar?action=getcompany&CIK=&owner=exclude&count=",
    "timestamp": "unknown"
  },
  {
    "title": "Other Relevant Information",
    "link": "https://www.grifols.com/en/other-relevant-information",
    "timestamp": "unknown"
  },
  {
    "title": "Other Relevant Information",
    "link": "https://www.grifols.com/en/other-relevant-information",
    "timestamp": "unknown"
  },
  {
    "title": "Inside Information",
    "link": "https://www.grifols.com/en/inside-information",
    "timestamp": "unknown"
  },
  {
    "title": "Inside Information",
    "link": "https://www.grifols.com/en/inside-information",
    "timestamp": "unknown"
  },
  {
    "title": "Significant events until  February",
    "link": "https://www.grifols.com/en/relevant-events",
    "timestamp": "unknown"
  },
  {
    "title": "Significant events until  February",
    "link": "https://www.grifols.com/en/relevant-events",
    "timestamp": "unknown"
  },
  {
    "title": "Corporate Stewardship Reports",
    "link": "https://www.grifols.com/en/corporate-stewardship-reports",
    "timestamp": "unknown"
  },
  {
    "title": "Corporate Stewardship Reports",
    "link": "https://www.grifols.com/en/corporate-stewardship-reports",
    "timestamp": "unknown"
  },
  {
    "title": "Corporate GovernanceBoard of DirectorsGeneral Shareholders\u2019 MeetingAnnual Corporate Governance ReportDirectors' Remuneration ReportArticles of Associa",
    "link": "https://www.grifols.com/en/press-releases",
    "timestamp": "unknown"
  },
  {
    "title": "Corporate GovernanceBoard of DirectorsGeneral Shareholders\u2019 MeetingAnnual Corporate Governance ReportDirectors' Remuneration ReportArticles of Associa",
    "link": "https://www.grifols.com/en/press-releases",
    "timestamp": "unknown"
  },
  {
    "title": "Board of Directors",
    "link": "https://www.grifols.com/en/board-of-directors",
    "timestamp": "unknown"
  },
  {
    "title": "Board of Directors",
    "link": "https://www.grifols.com/en/board-of-directors",
    "timestamp": "unknown"
  },
  {
    "title": "General Shareholders\u2019 Meeting",
    "link": "https://www.grifols.com/en/general-shareholders-meeting",
    "timestamp": "unknown"
  },
  {
    "title": "General Shareholders\u2019 Meeting",
    "link": "https://www.grifols.com/en/general-shareholders-meeting",
    "timestamp": "unknown"
  },
  {
    "title": "Annual Corporate Governance Report",
    "link": "https://www.grifols.com/en/annual-corporate-governance-report",
    "timestamp": "unknown"
  },
  {
    "title": "Annual Corporate Governance Report",
    "link": "https://www.grifols.com/en/annual-corporate-governance-report",
    "timestamp": "unknown"
  },
  {
    "title": "Directors' Remuneration Report",
    "link": "https://www.grifols.com/en/directors-remuneration-report",
    "timestamp": "unknown"
  },
  {
    "title": "Directors' Remuneration Report",
    "link": "https://www.grifols.com/en/directors-remuneration-report",
    "timestamp": "unknown"
  },
  {
    "title": "Articles of Association",
    "link": "https://www.grifols.com/en/articles-of-association",
    "timestamp": "unknown"
  },
  {
    "title": "Articles of Association",
    "link": "https://www.grifols.com/en/articles-of-association",
    "timestamp": "unknown"
  },
  {
    "title": "Corporate Policies",
    "link": "https://www.grifols.com/en/corporate-policies",
    "timestamp": "unknown"
  },
  {
    "title": "Corporate Policies",
    "link": "https://www.grifols.com/en/corporate-policies",
    "timestamp": "unknown"
  },
  {
    "title": "Mergers",
    "link": "https://www.grifols.com/en/mergers",
    "timestamp": "unknown"
  },
  {
    "title": "Mergers",
    "link": "https://www.grifols.com/en/mergers",
    "timestamp": "unknown"
  },
  {
    "title": "Biotest: Voluntary Takeover Offer | Freiwilliges \u00dcbernahmeangebot ()",
    "link": "https://www.grifols.com/en/biotest-voluntary-takeover-offer",
    "timestamp": "unknown"
  },
  {
    "title": "Biotest: Voluntary Takeover Offer | Freiwilliges \u00dcbernahmeangebot ()",
    "link": "https://www.grifols.com/en/biotest-voluntary-takeover-offer",
    "timestamp": "unknown"
  },
  {
    "title": "Biotest: Acquisition offer (delisting) / freiwilliges Erwerbsangebot (Delisting) ()",
    "link": "https://www.grifols.com/en/biotest-acquisition-offer",
    "timestamp": "unknown"
  },
  {
    "title": "Biotest: Acquisition offer (delisting) / freiwilliges Erwerbsangebot (Delisting) ()",
    "link": "https://www.grifols.com/en/biotest-acquisition-offer",
    "timestamp": "unknown"
  },
  {
    "title": "CareersCareersWhy GrifolsWhy GrifolsPeople & CultureOur teamsTraining and DevelopmentHiring JourneyEarly Careers",
    "link": "https://www.grifols.com/en/press-releases",
    "timestamp": "unknown"
  },
  {
    "title": "CareersCareersWhy GrifolsWhy GrifolsPeople & CultureOur teamsTraining and DevelopmentHiring JourneyEarly Careers",
    "link": "https://www.grifols.com/en/press-releases",
    "timestamp": "unknown"
  },
  {
    "title": "Careers",
    "link": "https://www.grifols.com/en/careers",
    "timestamp": "unknown"
  },
  {
    "title": "Why GrifolsWhy GrifolsPeople & CultureOur teams",
    "link": "https://www.grifols.com/en/press-releases",
    "timestamp": "unknown"
  },
  {
    "title": "Why GrifolsWhy GrifolsPeople & CultureOur teams",
    "link": "https://www.grifols.com/en/press-releases",
    "timestamp": "unknown"
  },
  {
    "title": "Why Grifols",
    "link": "https://www.grifols.com/en/why-grifols",
    "timestamp": "unknown"
  },
  {
    "title": "People & Culture",
    "link": "https://www.grifols.com/en/culture",
    "timestamp": "unknown"
  },
  {
    "title": "People & Culture",
    "link": "https://www.grifols.com/en/culture",
    "timestamp": "unknown"
  },
  {
    "title": "Our teams",
    "link": "https://www.grifols.com/en/teams",
    "timestamp": "unknown"
  },
  {
    "title": "Our teams",
    "link": "https://www.grifols.com/en/teams",
    "timestamp": "unknown"
  },
  {
    "title": "Training and Development",
    "link": "https://www.grifols.com/en/training-and-development",
    "timestamp": "unknown"
  },
  {
    "title": "Training and Development",
    "link": "https://www.grifols.com/en/training-and-development",
    "timestamp": "unknown"
  },
  {
    "title": "Hiring Journey",
    "link": "https://www.grifols.com/en/hiring-journey",
    "timestamp": "unknown"
  },
  {
    "title": "Hiring Journey",
    "link": "https://www.grifols.com/en/hiring-journey",
    "timestamp": "unknown"
  },
  {
    "title": "Early Careers",
    "link": "https://www.grifols.com/en/early-careers",
    "timestamp": "unknown"
  },
  {
    "title": "Early Careers",
    "link": "https://www.grifols.com/en/early-careers",
    "timestamp": "unknown"
  },
  {
    "title": "MediaMediaNewsroomEventsEventsQ3  Financial ResultsGeneral Shareholders' MeetingMedia ContactsMedia Center",
    "link": "https://www.grifols.com/en/press-releases",
    "timestamp": "unknown"
  },
  {
    "title": "MediaMediaNewsroomEventsEventsQ3  Financial ResultsGeneral Shareholders' MeetingMedia ContactsMedia Center",
    "link": "https://www.grifols.com/en/press-releases",
    "timestamp": "unknown"
  },
  {
    "title": "Media",
    "link": "https://www.grifols.com/en/media",
    "timestamp": "unknown"
  },
  {
    "title": "Newsroom",
    "link": "https://www.grifols.com/en/newsroom",
    "timestamp": "unknown"
  },
  {
    "title": "Newsroom",
    "link": "https://www.grifols.com/en/newsroom",
    "timestamp": "unknown"
  },
  {
    "title": "EventsEventsQ3  Financial ResultsGeneral Shareholders' Meeting",
    "link": "https://www.grifols.com/en/press-releases",
    "timestamp": "unknown"
  },
  {
    "title": "EventsEventsQ3  Financial ResultsGeneral Shareholders' Meeting",
    "link": "https://www.grifols.com/en/press-releases",
    "timestamp": "unknown"
  },
  {
    "title": "Events",
    "link": "https://www.grifols.com/en/events",
    "timestamp": "unknown"
  },
  {
    "title": "Q3  Financial Results",
    "link": "https://www.grifols.com/en/q3--financial-results",
    "timestamp": "unknown"
  },
  {
    "title": "Q3  Financial Results",
    "link": "https://www.grifols.com/en/q3--financial-results",
    "timestamp": "unknown"
  },
  {
    "title": "General Shareholders' Meeting",
    "link": "https://www.grifols.com/en/general-shareholders-meeting-",
    "timestamp": "unknown"
  },
  {
    "title": "General Shareholders' Meeting",
    "link": "https://www.grifols.com/en/general-shareholders-meeting-",
    "timestamp": "unknown"
  },
  {
    "title": "Media Contacts",
    "link": "https://www.grifols.com/en/media-contacts",
    "timestamp": "unknown"
  },
  {
    "title": "Media Contacts",
    "link": "https://www.grifols.com/en/media-contacts",
    "timestamp": "unknown"
  },
  {
    "title": "Media Center",
    "link": "https://www.grifols.com/en/media-center",
    "timestamp": "unknown"
  },
  {
    "title": "Media Center",
    "link": "https://www.grifols.com/en/media-center",
    "timestamp": "unknown"
  },
  {
    "title": "SuppliersSuppliersJoin Grifols Supplier Network",
    "link": "https://www.grifols.com/en/press-releases",
    "timestamp": "unknown"
  },
  {
    "title": "SuppliersSuppliersJoin Grifols Supplier Network",
    "link": "https://www.grifols.com/en/press-releases",
    "timestamp": "unknown"
  },
  {
    "title": "Suppliers",
    "link": "https://www.grifols.com/en/suppliers",
    "timestamp": "unknown"
  },
  {
    "title": "Join Grifols Supplier Network",
    "link": "https://www.grifols.com/en/join-grifols-supplier-network",
    "timestamp": "unknown"
  },
  {
    "title": "Join Grifols Supplier Network",
    "link": "https://www.grifols.com/en/join-grifols-supplier-network",
    "timestamp": "unknown"
  },
  {
    "title": "Connect with us",
    "link": "https://www.linkedin.com/company/grifols",
    "timestamp": "unknown"
  },
  {
    "title": "InvestorsGrifolsInvestorsPress ReleasesPress ReleasesPress ReleasesJump toPreviousPreviousGrifols reports quarterly revenues of EUR , million and grou",
    "link": "https://www.grifols.com/en/investors",
    "timestamp": "unknown"
  },
  {
    "title": "InvestorsGrifolsInvestorsPress ReleasesPress ReleasesPress ReleasesJump toPreviousPreviousGrifols reports quarterly revenues of EUR , million and grou",
    "link": "https://www.grifols.com/en/investors",
    "timestamp": "unknown"
  },
  {
    "title": "InvestorsGrifolsInvestorsPress ReleasesPress ReleasesPress ReleasesJump toPreviousPreviousGrifols reports quarterly revenues of EUR , million and grou",
    "link": "https://www.grifols.com/en/investors",
    "timestamp": "unknown"
  },
  {
    "title": "InvestorsGrifolsInvestorsPress ReleasesPress ReleasesPress ReleasesJump toPreviousPreviousGrifols reports quarterly revenues of EUR , million and grou",
    "link": "https://www.grifols.com/en/investors",
    "timestamp": "unknown"
  },
  {
    "title": "InvestorsGrifolsInvestorsPress ReleasesPress ReleasesPress ReleasesJump toPreviousPreviousGrifols reports quarterly revenues of EUR , million and grou",
    "link": "https://www.grifols.com/en/investors",
    "timestamp": "unknown"
  },
  {
    "title": "InvestorsGrifolsInvestorsPress Releases",
    "link": "https://www.grifols.com/en/investors",
    "timestamp": "unknown"
  },
  {
    "title": "InvestorsGrifolsInvestorsPress Releases",
    "link": "https://www.grifols.com/en/investors",
    "timestamp": "unknown"
  },
  {
    "title": "InvestorsGrifolsInvestorsPress Releases",
    "link": "https://www.grifols.com/en/investors",
    "timestamp": "unknown"
  },
  {
    "title": "InvestorsGrifolsInvestorsPress Releases",
    "link": "https://www.grifols.com/en/investors",
    "timestamp": "unknown"
  },
  {
    "title": "InvestorsGrifolsInvestorsPress Releases",
    "link": "https://www.grifols.com/en/investors",
    "timestamp": "unknown"
  },
  {
    "title": "Investors",
    "link": "https://www.grifols.com/en/investors",
    "timestamp": "unknown"
  },
  {
    "title": "Investors",
    "link": "https://www.grifols.com/en/investors",
    "timestamp": "unknown"
  },
  {
    "title": "GrifolsInvestorsPress Releases",
    "link": "https://www.grifols.com/en/home",
    "timestamp": "unknown"
  },
  {
    "title": "GrifolsInvestorsPress Releases",
    "link": "https://www.grifols.com/en/home",
    "timestamp": "unknown"
  },
  {
    "title": "Jump toPreviousPreviousGrifols reports quarterly revenues of EUR , million and group profit of EUR  millionNovemberGrifols creates the Board of Direct",
    "link": "https://www.grifols.com/en/press-releases#tab-",
    "timestamp": "unknown"
  },
  {
    "title": "Jump toPreviousPreviousGrifols reports quarterly revenues of EUR , million and group profit of EUR  millionNovemberGrifols creates the Board of Direct",
    "link": "https://www.grifols.com/en/press-releases#tab-",
    "timestamp": "unknown"
  },
  {
    "title": "Jump toPreviousPreviousGrifols reports quarterly revenues of EUR , million and group profit of EUR  millionNovemberGrifols creates the Board of Direct",
    "link": "https://www.grifols.com/en/press-releases#tab-",
    "timestamp": "unknown"
  },
  {
    "title": "Jump toPreviousPreviousGrifols reports quarterly revenues of EUR , million and group profit of EUR  millionNovemberGrifols creates the Board of Direct",
    "link": "https://www.grifols.com/en/press-releases#tab-",
    "timestamp": "unknown"
  },
  {
    "title": "Jump toPreviousPreviousGrifols reports quarterly revenues of EUR , million and group profit of EUR  millionNovemberGrifols creates the Board of Direct",
    "link": "https://www.grifols.com/en/press-releases#tab-",
    "timestamp": "unknown"
  },
  {
    "title": "Jump toPreviousPreviousGrifols reports quarterly revenues of EUR , million and group profit of EUR  millionNovemberGrifols creates the Board of Direct",
    "link": "https://www.grifols.com/en/press-releases#tab-",
    "timestamp": "unknown"
  },
  {
    "title": "Jump toPreviousPreviousGrifols reports quarterly revenues of EUR , million and group profit of EUR  millionNovemberGrifols creates the Board of Direct",
    "link": "https://www.grifols.com/en/press-releases#tab-",
    "timestamp": "unknown"
  },
  {
    "title": "Jump toPreviousPreviousGrifols reports quarterly revenues of EUR , million and group profit of EUR  millionNovemberGrifols creates the Board of Direct",
    "link": "https://www.grifols.com/en/press-releases#tab-",
    "timestamp": "unknown"
  },
  {
    "title": "Jump toPreviousPrevious",
    "link": "https://www.grifols.com/en/press-releases#tab-",
    "timestamp": "unknown"
  },
  {
    "title": "Previous",
    "link": "https://www.grifols.com/en/press-releases#tab-",
    "timestamp": "unknown"
  },
  {
    "title": "Previous",
    "link": "https://www.grifols.com/en/press-releases#tab-",
    "timestamp": "unknown"
  },
  {
    "title": "Grifols reports quarterly revenues of EUR , million and group profit of EUR  millionNovemberGrifols creates the Board of Directors' Strategy Committee",
    "link": "https://www.grifols.com/documents///np-pres--en.pdf/19a574c0-e96e-0d3d-5c71-d0bb73ad5f1f",
    "timestamp": "unknown"
  },
  {
    "title": "Grifols reports quarterly revenues of EUR , million and group profit of EUR  millionNovemberGrifols creates the Board of Directors' Strategy Committee",
    "link": "https://www.grifols.com/documents///np-pres--en.pdf/19a574c0-e96e-0d3d-5c71-d0bb73ad5f1f",
    "timestamp": "unknown"
  },
  {
    "title": "Grifols reports quarterly revenues of EUR , million and group profit of EUR  millionNovemberGrifols creates the Board of Directors' Strategy Committee",
    "link": "https://www.grifols.com/documents///np-pres--en.pdf/19a574c0-e96e-0d3d-5c71-d0bb73ad5f1f",
    "timestamp": "unknown"
  },
  {
    "title": "Grifols reports quarterly revenues of EUR , million and group profit of EUR  millionNovember",
    "link": "https://www.grifols.com/documents///np-pres--en.pdf/19a574c0-e96e-0d3d-5c71-d0bb73ad5f1f",
    "timestamp": "unknown"
  },
  {
    "title": "Grifols creates the Board of Directors' Strategy CommitteeSeptember",
    "link": "https://www.grifols.com/documents///np--en.pdf/5f165ec4-1fc8-de3d-27e0-2f28a7f4f0aa",
    "timestamp": "unknown"
  },
  {
    "title": "Grifols Reports % Revenue Growth to EUR ,677m and Net profit to EUR 177m in H1\u2019 while executes on its Value Creation PlanJuly",
    "link": "https://www.grifols.com/documents///np-pr--en.pdf/753cacdb-a7c7-78da-ce4b-b951dc39116f",
    "timestamp": "unknown"
  },
  {
    "title": "Grifols successfully completes Biotest delistingJune",
    "link": "https://www.grifols.com/documents///np--en.pdf/2011b0cf--b2eb-938f-083766fbaa86",
    "timestamp": "unknown"
  },
  {
    "title": "Anne-Catherine Berner, new Grifols ChairJune",
    "link": "https://www.grifols.com/documents///np--en.pdf/446399af--b04c-d19f-03e04a937e85",
    "timestamp": "unknown"
  },
  {
    "title": "Moody\u2019s upgrades Grifols corporate family debt rating to B2 with a positive outlookMay",
    "link": "https://www.grifols.com/documents///Grifols+IRS+-+Moodys+rating+-+..+.pdf/526d1846-a21e-8c71-507f-198710dc68c7",
    "timestamp": "unknown"
  },
  {
    "title": "Grifols delivers strong results across the board, increasing revenues by .%, Adj EBITDA by .% and improving free cash flow by EUR 209mMay",
    "link": "https://www.grifols.com/documents///np-pr--en.pdf/2a27da63-4eeb--0b44-e53459fd2078",
    "timestamp": "unknown"
  },
  {
    "title": "Grifols expects to reach EUR  billion in revenue, EUR . billion in EBITDA and EUR .+ billion in cumulative cash flow byFebruary",
    "link": "https://www.grifols.com/documents///np--en.pdf/4a1147da-2b48-a4bb-7ae2-2b1d95824d1c",
    "timestamp": "unknown"
  },
  {
    "title": "Grifols delivers a strong  exceeding guidance on revenue and free cash flowFebruary",
    "link": "https://www.grifols.com/documents///np--en.pdf/fb844049---bb54-ce71b05451ec",
    "timestamp": "unknown"
  },
  {
    "title": "Thomas Glanzmann to retire as Grifols Chairman and will be succeeded by Board member Anne-Catherine BernerFebruary",
    "link": "https://www.grifols.com/documents///np--en.pdf/--ea09-b0d8-1ffdc611e978",
    "timestamp": "unknown"
  },
  {
    "title": "Grifols ranked number one biotech company in Dow Jones Sustainability IndicesDecemberGrifols concludes balance sheet improvement process with private ",
    "link": "https://www.grifols.com/documents///np--en.pdf/8f05c5bd-e4de-fc9c-79b4-79437d049fc3",
    "timestamp": "unknown"
  },
  {
    "title": "Grifols ranked number one biotech company in Dow Jones Sustainability IndicesDecemberGrifols concludes balance sheet improvement process with private ",
    "link": "https://www.grifols.com/documents///np--en.pdf/8f05c5bd-e4de-fc9c-79b4-79437d049fc3",
    "timestamp": "unknown"
  },
  {
    "title": "Grifols ranked number one biotech company in Dow Jones Sustainability IndicesDecember",
    "link": "https://www.grifols.com/documents///np--en.pdf/8f05c5bd-e4de-fc9c-79b4-79437d049fc3",
    "timestamp": "unknown"
  },
  {
    "title": "Grifols concludes balance sheet improvement process with private placement of Senior Secured Notes and Revolving Credit Facility extensionDecember",
    "link": "https://www.grifols.com/documents///np--en.pdf/-cd12-dec9-5d80-09fe2e591ee7",
    "timestamp": "unknown"
  },
  {
    "title": "Grifols\u2019 Board of Directors Announces Termination of Acquisition Discussions with BrookfieldNovember",
    "link": "https://www.grifols.com/documents///np--en.pdf/72da239e-eb47-b66b-618d-2be8fe46ff99",
    "timestamp": "unknown"
  },
  {
    "title": "Grifols Delivers Strong Third-Quarter Performance Led by Biopharma .% GrowthNovember",
    "link": "https://www.grifols.com/documents///np--en.pdf/eb6212a5-9c3d-82eb-fd08-6ad40086b91c",
    "timestamp": "unknown"
  },
  {
    "title": "Grifols awarded Gold Medal by EcoVadis for Sustainability ExcellenceNovember",
    "link": "https://www.grifols.com/documents///np--en.pdf/--c6be-1ee2-12126d7b74e1",
    "timestamp": "unknown"
  },
  {
    "title": "Thomas Glanzmann becomes non-executive ChairmanSeptember",
    "link": "https://www.grifols.com/documents///np--en.pdf/1dbed4b8---0a7a-e9da0a70e203",
    "timestamp": "unknown"
  },
  {
    "title": "Grifols Accelerates Performance in Q2 and Reaffirms Full Year GuidanceJuly",
    "link": "https://www.grifols.com/documents///np--en.pdf/3d08f3bf-d365-ebea-680e-7979892abd72",
    "timestamp": "unknown"
  },
  {
    "title": "Grifols and Andorran government agree not to proceed with immunology research centerJuly",
    "link": "https://www.grifols.com/documents///np--en.pdf/96fc7b81-fccc-8bc9-a73a-22cc6d1fa10e",
    "timestamp": "unknown"
  },
  {
    "title": "Grifols appoints Rahul Srinivasan as new Chief Financial OfficerJuly",
    "link": "https://www.grifols.com/documents///np--en.pdf/e5f6bc12-7b79-a47d-84af-db8915fe09a5",
    "timestamp": "unknown"
  },
  {
    "title": "Grifols\u2019 Biotest to achieve USD  billion in US sales of Yimmugo\u00ae over next seven yearsJuly",
    "link": "https://www.grifols.com/documents///np--en.pdf/-71e8-92ef-a961-dc40a6b63f2e",
    "timestamp": "unknown"
  },
  {
    "title": "Grifols completes sale of a % equity stake in SRAAS and forges strategic alliance with Haier GroupJune",
    "link": "https://www.grifols.com/documents///np--en.pdf/19cc6cd5-e2ce-3d1b-bdc8-766a72b06e1d",
    "timestamp": "unknown"
  },
  {
    "title": "Grifols shareholders approve all agenda items at  Annual General MeetingJune",
    "link": "https://www.grifols.com/documents///np--en.pdf/613aa25d--b31f-b840-e8772e13a297",
    "timestamp": "unknown"
  },
  {
    "title": "Grifols succesfully closes the issuance of additional EUR  million secured notesJune",
    "link": "https://www.grifols.com/documents///np--en.pdf/f6836027-f283-7af6--fc7feff6298f",
    "timestamp": "unknown"
  },
  {
    "title": "Grifols on track to meet full-year guidance and reduce debtMay",
    "link": "https://www.grifols.com/documents///np--en.pdf/31d5dafb-c07d-28c5-009c-ff70510e5531",
    "timestamp": "unknown"
  },
  {
    "title": "Grifols on track to close its strategic alliance with Haier in first halfMay",
    "link": "https://www.grifols.com/documents///np--en.pdf/d600a0ee-fc7f--b8bb-6fef9d3a4044",
    "timestamp": "unknown"
  },
  {
    "title": "Grifols successfully completes its EUR  billion private placement of senior secured notesApril",
    "link": "https://www.grifols.com/documents///np--en.pdf/69f55748-cd17--8a8c-2ca83cc54e49",
    "timestamp": "unknown"
  },
  {
    "title": "Grifols announces signing of private offering of EUR  billion senior secured notes dueApril",
    "link": "https://www.grifols.com/documents///np--en.pdf/398daf5f-7c5d--c646-1ddc322bfaa6",
    "timestamp": "unknown"
  },
  {
    "title": "Nacho Abia begins tenure as new Grifols CEOApril",
    "link": "https://www.grifols.com/documents///np--en.pdf/bc7d6637--fa2f-f29b-4e689de2379e",
    "timestamp": "unknown"
  },
  {
    "title": "Grifols shares CNMV statementMarch",
    "link": "https://www.grifols.com/documents///cs--en.pdf/3eb8b90e--2a4e-f11c-705beb23da95",
    "timestamp": "unknown"
  },
  {
    "title": "Grifols closes a record year and accelerates profitable growth forFebruary",
    "link": "https://www.grifols.com/documents///np--en.pdf/55a221c2---98c0-36174ee86788",
    "timestamp": "unknown"
  },
  {
    "title": "Grifols announces changes in governance to separate management from ownership as part of planned strategyFebruary",
    "link": "https://www.grifols.com/documents///np---en.pdf/f4a1b124-fbac-79f6-aa96-1ea9408750a8",
    "timestamp": "unknown"
  },
  {
    "title": "Grifols\u2019 Credit Rating Affirmed by S&P Global; Outlook StableJanuary",
    "link": "https://www.grifols.com/documents///np--en.pdf/efa545df-647c--5d34-681f154bc3d8",
    "timestamp": "unknown"
  },
  {
    "title": "Grifols reaches strategic alliance with Haier Group and raises approximately USD . billionDecemberVictor Grifols Roura announces retirement from the B",
    "link": "https://www.grifols.com/documents///np--en.pdf/283b5fe5-c967-d02d-ae1c-d022cb1e2959",
    "timestamp": "unknown"
  },
  {
    "title": "Grifols reaches strategic alliance with Haier Group and raises approximately USD . billionDecemberVictor Grifols Roura announces retirement from the B",
    "link": "https://www.grifols.com/documents///np--en.pdf/283b5fe5-c967-d02d-ae1c-d022cb1e2959",
    "timestamp": "unknown"
  },
  {
    "title": "Grifols reaches strategic alliance with Haier Group and raises approximately USD . billionDecember",
    "link": "https://www.grifols.com/documents///np--en.pdf/283b5fe5-c967-d02d-ae1c-d022cb1e2959",
    "timestamp": "unknown"
  },
  {
    "title": "Victor Grifols Roura announces retirement from the Board of Directors; Albert Grifols Coma-Cros appointed as new Board MemberDecember",
    "link": "https://www.grifols.com/documents///np--en.pdf/e6d96a83-68ae-ba15-1a01-df0bd5e18240",
    "timestamp": "unknown"
  },
  {
    "title": "Grifols renews its inclusion in the Dow Jones Sustainability Indices as one of the world s most sustainable companiesDecember",
    "link": "https://www.grifols.com/documents///np--en.pdf/6c64d0bb-bd2e-0a48-e484-a6b07ee9627f",
    "timestamp": "unknown"
  },
  {
    "title": "Grifols accelerates EBITDA margin expansion to .% and further improves its operating performanceNovember",
    "link": "https://www.grifols.com/documents///np--3q23-results-en.pdf/a677a2f7--b492-9d08-b0b77ccaf866",
    "timestamp": "unknown"
  },
  {
    "title": "Grifols delivers % revenue growth, accelerates margin expansion in Q2 and raises guidance for FY23July",
    "link": "https://www.grifols.com/documents///np--en.pdf/856ed165-d14f---c5fd97c5173c",
    "timestamp": "unknown"
  },
  {
    "title": "Grifols delivers strong first quarter financials with % revenue growth and an Adjusted EBITDA margin above guidance of %May",
    "link": "https://www.grifols.com/documents///np--en.pdf/0d49ac82-cc27-d03e-b5f5-2171e1a0f6c5",
    "timestamp": "unknown"
  },
  {
    "title": "Grifols realigns management structure to accelerate company performance and simplify its corporate governanceMay",
    "link": "https://www.grifols.com/documents///np--en.pdf/-f692-fbcf-dcfa-bdcb21c6425e",
    "timestamp": "unknown"
  },
  {
    "title": "Grifols delivers strong  performance and is positioned for sustainable future growthFebruary",
    "link": "https://www.grifols.com/documents///-full-results-en.pdf/4d94d73e-8b62-51d9--89c8185a10f9",
    "timestamp": "unknown"
  },
  {
    "title": "Thomas Glanzmann new Grifols Executive Chairman, after Steven F. Mayer resignationFebruary",
    "link": "https://www.grifols.com/documents///np--en.pdf/97f8f7df-9f9b-bdbd-809c-72e848efeb8c",
    "timestamp": "unknown"
  },
  {
    "title": "Grifols announces comprehensive operational improvement plan including EUR  million annualized cost savings initiativeFebruary",
    "link": "https://www.grifols.com/documents///np--en.pdf/77a9b7e2-548b-3ba0-b2bf-0dd40606a17c",
    "timestamp": "unknown"
  },
  {
    "title": "Grifols included in Bloomberg Gender-Equality Index for the third consecutive year for its leadership in equality, diversity and inclusionJanuary",
    "link": "https://www.grifols.com/documents///np--en.pdf/653a8022-c4b8-6aff-63f4-f251bc1ccead",
    "timestamp": "unknown"
  },
  {
    "title": "Grifols recognized as one of the world\u2019s most sustainable companies by Dow Jones Sustainability Index for third consecutive yearDecemberGrifols\u2019 Bioph",
    "link": "https://www.grifols.com/documents///np--en.pdf/c619d182-9d2a--5f99-178fa5f00ebb",
    "timestamp": "unknown"
  },
  {
    "title": "Grifols recognized as one of the world\u2019s most sustainable companies by Dow Jones Sustainability Index for third consecutive yearDecemberGrifols\u2019 Bioph",
    "link": "https://www.grifols.com/documents///np--en.pdf/c619d182-9d2a--5f99-178fa5f00ebb",
    "timestamp": "unknown"
  },
  {
    "title": "Grifols recognized as one of the world\u2019s most sustainable companies by Dow Jones Sustainability Index for third consecutive yearDecember",
    "link": "https://www.grifols.com/documents///np--en.pdf/c619d182-9d2a--5f99-178fa5f00ebb",
    "timestamp": "unknown"
  },
  {
    "title": "Grifols\u2019 Biopharma delivers robust % operational growth in Q3, driving revenues to  EUR ,351m in the first nine months ofNovember",
    "link": "https://www.grifols.com/documents///np--en.pdf/d0b9ab08-002c-17fb-e526-ea12e79559e1",
    "timestamp": "unknown"
  },
  {
    "title": "Grifols invites to listen to webcast of November  Conference Call with AnalystsNovember",
    "link": "https://www.grifols.com/documents///np--en-.pdf/b62fa965--b3c6-f3db-424e36dff402",
    "timestamp": "unknown"
  },
  {
    "title": "Victor Grifols Roura decides to retire as Chairperson; Grifols appoints private equity veteran Steven F. Mayer as Executive ChairpersonOctober",
    "link": "https://www.grifols.com/documents///np--en.pdf/c2afc52c--536e-1c98-77d10147b112",
    "timestamp": "unknown"
  },
  {
    "title": "Board of Directors communication in the context of considerable geopolitical uncertainty and market volatilitySeptember",
    "link": "https://www.grifols.com/documents///oir--en.pdf/0a3dd35d-fcb0--2b81-510a4bc2bd36",
    "timestamp": "unknown"
  },
  {
    "title": "Grifols\u2019 credit rating reaffirmed by Moody\u2019s and Fitch based on strong fundamentals and improving performanceSeptember",
    "link": "https://www.grifols.com/documents///np--en.pdf/-417f-de0f-8be1-fce62a5afaa0",
    "timestamp": "unknown"
  },
  {
    "title": "Grifols enters into agreement with Canadian Blood Services to accelerate self-sufficiency in immunoglobulins for CanadaSeptember",
    "link": "https://www.grifols.com/documents///np--en.pdf/7f84877b---46cb-9752ba9d46af",
    "timestamp": "unknown"
  },
  {
    "title": "Grifols\u2019 business momentum delivers EUR , million in revenues and EUR  million in EBITDA as plasma collections accelerateJuly",
    "link": "https://www.grifols.com/documents///np-1h22-results--en.pdf/26b12f07-8ffe-d7ce-9a39-77a623a6a72a",
    "timestamp": "unknown"
  },
  {
    "title": "Grifols highlights the acceleration of its operating performance and reiterates its strong commitment to debt reductionJune",
    "link": "https://www.grifols.com/documents///np--en.pdf/f4269794--d0d0-de84-6a6316a70893",
    "timestamp": "unknown"
  },
  {
    "title": "Grifols highlights an increase in plasma and underscores innovation and sustainability as key growth pillars in its AGMJune",
    "link": "https://www.grifols.com/documents///np--en.pdf/9ae0f8ec--bda9-d926-03bbd8fbc811",
    "timestamp": "unknown"
  },
  {
    "title": "Business Update 1Q : Grifols accelerating plasma recovery while enhancing performanceMay",
    "link": "https://www.grifols.com/documents///np--en.pdf/54fde931-e7fd-4d50-12be-b72a0056760d",
    "timestamp": "unknown"
  },
  {
    "title": "Grifols completes the acquisition of Biotest: a strategic and transformational transaction to accelerate growth and innovationApril",
    "link": "https://www.grifols.com/documents///np--en.pdf/b3f9cf33-40b7--96a6-367b3345de05",
    "timestamp": "unknown"
  },
  {
    "title": "Grifols demonstrates resilient performance despite a challenging backdrop while recovery in plasma collection gains momentumFebruary",
    "link": "https://www.grifols.com/documents///np--en.pdf/194222e3-5c2e--b621-502bd5643a98",
    "timestamp": "unknown"
  },
  {
    "title": "Grifols signs global collaboration agreement with Endpoint Health to develop and commercialize Antithrombin III  for SepsisFebruary",
    "link": "https://www.grifols.com/documents///np--en.pdf/45e38cea-9c37-3e55-dcad-3ca4cdef9afb",
    "timestamp": "unknown"
  },
  {
    "title": "Grifols maintains its standing in the Bloomberg Gender-Equality Index for its commitment to equalityJanuary",
    "link": "https://www.grifols.com/documents///np--en-.pdf/004ac27b-edf9-454c-bc1f-d0e339265f57",
    "timestamp": "unknown"
  },
  {
    "title": "Grifols achieves a high level of acceptance of its PTO to Biotest and advances on its strategic transactionJanuary",
    "link": "https://www.grifols.com/documents///np--en.pdf/b9c75ea1-114d-44f4-ac4b-471d021c6721",
    "timestamp": "unknown"
  },
  {
    "title": "Grifols announces the expiration of the Asset sale OfferJanuary",
    "link": "https://www.grifols.com/documents///np--en.pdf/95b50fde-450b-430f--0c4bb3306099",
    "timestamp": "unknown"
  },
  {
    "title": "Grifols moves forward with its divestment plan by agreeing to sell VCN BiosciencesDecemberGrifols announces the commencement of an Asset sale OfferDec",
    "link": "https://www.grifols.com/documents///np--en.pdf/e1c9353f-0c1e-446a-a61c-ef4ec5929718",
    "timestamp": "unknown"
  },
  {
    "title": "Grifols moves forward with its divestment plan by agreeing to sell VCN BiosciencesDecemberGrifols announces the commencement of an Asset sale OfferDec",
    "link": "https://www.grifols.com/documents///np--en.pdf/e1c9353f-0c1e-446a-a61c-ef4ec5929718",
    "timestamp": "unknown"
  },
  {
    "title": "Grifols moves forward with its divestment plan by agreeing to sell VCN BiosciencesDecember",
    "link": "https://www.grifols.com/documents///np--en.pdf/e1c9353f-0c1e-446a-a61c-ef4ec5929718",
    "timestamp": "unknown"
  },
  {
    "title": "Grifols announces the commencement of an Asset sale OfferDecember",
    "link": "https://www.grifols.com/documents///np--en.pdf/75251b8c-0c50-4bfe-ba2f-8ac94222ac25",
    "timestamp": "unknown"
  },
  {
    "title": "Grifols and GIC obtain authorization for their strategic agreement for USD  billionNovember",
    "link": "https://www.grifols.com/documents///np--en.pdf/601b7445--4aee-8dd0-b4137844109d",
    "timestamp": "unknown"
  },
  {
    "title": "Grifols is included on the Dow Jones Sustainability World IndexNovember",
    "link": "https://www.grifols.com/documents///np--en.pdf/77cc4510-3b42-43d1-a3e8-2945638fe9d6",
    "timestamp": "unknown"
  },
  {
    "title": "Grifols advances on the execution of its strategic planNovember",
    "link": "https://www.grifols.com/documents///np--en.pdf/b24626cd-827b-4e7f-979d-99ae53b05a2c",
    "timestamp": "unknown"
  },
  {
    "title": "Grifols earns approval for the voluntary public tender offer of Biotest and advances its strategy to increase the availability of plasma-derived medic",
    "link": "https://www.grifols.com/documents///np--en.pdf/3cf719eb-f9a6-4be4-8ad9-dc8006065fda",
    "timestamp": "unknown"
  },
  {
    "title": "Grifols increases access to plasma-derived therapies as part of its commitment to donors and patientsOctober",
    "link": "https://www.grifols.com/documents///np--en.pdf/8558a99b-6e71-433b-aaad-f9399c284b0f",
    "timestamp": "unknown"
  },
  {
    "title": "Grifols divests its hemostasis technology business for USD  millionOctober",
    "link": "https://www.grifols.com/documents///np--en.pdf/7ab39180-ec1e-4fe3-b723-44b44f5787b5",
    "timestamp": "unknown"
  },
  {
    "title": "Grifols closes its EUR  billion bond issuance to finance its investment in BiotestOctober",
    "link": "https://www.grifols.com/documents///np--en.pdf/-8a77-4f3e-accd-4c6df432c614",
    "timestamp": "unknown"
  },
  {
    "title": "Grifols earns its first Fitch corporate rating with a BB- and stable outlookSeptember",
    "link": "https://www.grifols.com/documents///np--en.pdf/035ff7d1-861b-43eb-9afd-fc13911e5c44",
    "timestamp": "unknown"
  },
  {
    "title": "Grifols announces its investment in BiotestSeptember",
    "link": "https://www.grifols.com/documents///np---en.pdf/1027fd7c-321a-4f10-a52c-9c6260ae5001",
    "timestamp": "unknown"
  },
  {
    "title": "Grifols advances on its strategic investment from GIC with % of consents from its notes holders and lendersAugust",
    "link": "https://www.grifols.com/documents///np--en.pdf/931044c9-30aa-4ba7-80f9-c1987c4c693e",
    "timestamp": "unknown"
  },
  {
    "title": "Grifols signs an agreement with ImmunoTek to open  plasma centers and further advances on its expansion planJuly",
    "link": "https://www.grifols.com/documents///np--en.pdf/9ff228bb-a853-4c75-b53f-6fcbd3b5bd2e",
    "timestamp": "unknown"
  },
  {
    "title": "The Bioscience Division grows .% in the second quarter and raises first-half revenues to EUR , millionJuly",
    "link": "https://www.grifols.com/documents///np-1h21--en.pdf/5259d85d--4a62-a701-d8d1060f236a",
    "timestamp": "unknown"
  },
  {
    "title": "Grifols endorses its commitment to a responsible business model and support of the  Agenda for Sustainable Development by formally joining the United ",
    "link": "https://www.grifols.com/documents///np--en.pdf/34259a7e-0c3c-4ca1-ab05-f45f05a18d2c",
    "timestamp": "unknown"
  },
  {
    "title": "Grifols announces a strategic investment from GIC of USD  billionJune",
    "link": "https://www.grifols.com/documents///np--en.pdf/7eb6e639--4b17-8bae-0cd536538f6d",
    "timestamp": "unknown"
  },
  {
    "title": "Grifols reaffirms its commitment to sustainability and innovation in its AGM and celebrates its 15th anniversary of being listedMay",
    "link": "https://www.grifols.com/documents///np--en.pdf/909233c2-974b-40e1-9fb0-5a0c6f963435",
    "timestamp": "unknown"
  },
  {
    "title": "Grifols maintains its revenues and operational levels while enhancing its innovation strategy and securing its plasma supplyMay",
    "link": "https://www.grifols.com/documents///np--en.pdf/7e31730a-6e0b-4e96-8fb7-e8a1b34b739f",
    "timestamp": "unknown"
  },
  {
    "title": "Grifols advances in the execution of its expansion plan with the acquisition of  plasma centers in the U.S.April",
    "link": "https://www.grifols.com/documents///np--en.pdf/2c085bce-f04a-4b16--d4a206341251",
    "timestamp": "unknown"
  },
  {
    "title": "Grifols reinforces its innovation strategy after completing the acquisition of GigaGen to boost a novel method to generate a wide range of immunoglobu",
    "link": "https://www.grifols.com/documents///np---en.pdf/dbfcd081-c9f1-443c-852d-79d724424f7e",
    "timestamp": "unknown"
  },
  {
    "title": "Grifols publishes its  Integrated Annual Report as part of its commitment to sustainabilityMarch",
    "link": "https://www.grifols.com/documents///np--en.pdf/43c18fa6-7daf-480c-8ff2-afceac290c03",
    "timestamp": "unknown"
  },
  {
    "title": "Grifols acquires  U.S.-based plasma centers from BPL ensuring one million additional liters for fractionationMarch",
    "link": "https://www.grifols.com/documents///np--en.pdf/3a56def2-f0fa-42bf-93ea-dc58ade7c7bc",
    "timestamp": "unknown"
  },
  {
    "title": "Grifols increases its revenues to , M\u20ac and continues to demonstrate its resilience and commitment to sustainable growthFebruary",
    "link": "https://www.grifols.com/documents///np--en.pdf/e7244ee6-dc52-4cef-a827-fdc1d54f3afe",
    "timestamp": "unknown"
  },
  {
    "title": "Grifols is included in the Bloomberg Gender-Equality Index for its commitment to gender equalityJanuary",
    "link": "https://www.grifols.com/documents///np--en.pdf/786ba7e1---86c7-ca3f7ffb42aa",
    "timestamp": "unknown"
  },
  {
    "title": "About UsAbout UsCompanySustainabilityInnovationProductsInvestorsCareersMedia",
    "link": "https://www.grifols.com/en/press-releases",
    "timestamp": "unknown"
  },
  {
    "title": "Company",
    "link": "https://www.grifols.com/en/company",
    "timestamp": "unknown"
  },
  {
    "title": "Sustainability",
    "link": "https://www.grifols.com/en/sustainability",
    "timestamp": "unknown"
  },
  {
    "title": "Innovation",
    "link": "https://www.grifols.com/en/innovation",
    "timestamp": "unknown"
  },
  {
    "title": "Products",
    "link": "https://products.grifols.com/en?forcelang=true",
    "timestamp": "unknown"
  },
  {
    "title": "Investors",
    "link": "https://www.grifols.com/en/investors",
    "timestamp": "unknown"
  },
  {
    "title": "Careers",
    "link": "https://www.grifols.com/en/careers",
    "timestamp": "unknown"
  },
  {
    "title": "Media",
    "link": "https://www.grifols.com/en/media",
    "timestamp": "unknown"
  },
  {
    "title": "Top websitesTop websitesGrifols PlasmaGrifols Diagnostics SolutionsGrifols Scientific AwardsGrifols EngineeringGrifols Egypt for Plasma DerivativesVic",
    "link": "https://www.grifols.com/en/press-releases",
    "timestamp": "unknown"
  },
  {
    "title": "Grifols Plasma",
    "link": "https://www.grifolsplasma.com/",
    "timestamp": "unknown"
  },
  {
    "title": "Grifols Diagnostics Solutions",
    "link": "https://www.diagnostic.grifols.com/en/home",
    "timestamp": "unknown"
  },
  {
    "title": "Grifols Scientific Awards",
    "link": "https://www.grifolsscientificawards.com",
    "timestamp": "unknown"
  },
  {
    "title": "Grifols Engineering",
    "link": "https://www.grifolsengineering.com",
    "timestamp": "unknown"
  },
  {
    "title": "Grifols Egypt for Plasma Derivatives",
    "link": "https://www.grifolsegyptplasma.com",
    "timestamp": "unknown"
  },
  {
    "title": "Victor Grifols i Lucas Foundation",
    "link": "https://www.fundaciogrifols.org",
    "timestamp": "unknown"
  },
  {
    "title": "Probitas Foundation",
    "link": "http://www.fundacionprobitas.org",
    "timestamp": "unknown"
  },
  {
    "title": "J.A. Grifols Foundation",
    "link": "https://www.joseantoniogrifolsfoundation.org",
    "timestamp": "unknown"
  },
  {
    "title": "Privacy Notices",
    "link": "https://www.grifols.com/en/privacy-notices",
    "timestamp": "unknown"
  },
  {
    "title": "Terms of Use",
    "link": "https://www.grifols.com/en/terms-of-use",
    "timestamp": "unknown"
  },
  {
    "title": "Contact",
    "link": "https://www.grifols.com/en/contact",
    "timestamp": "unknown"
  },
  {
    "title": "Glossary",
    "link": "https://www.grifols.com/en/glossary",
    "timestamp": "unknown"
  },
  {
    "title": "Connect with us\u00a9  Grifols, S.A. All rights reserved worldwide.",
    "link": "https://www.linkedin.com/company/grifols",
    "timestamp": "unknown"
  },
  {
    "title": "Connect with us\u00a9  Grifols, S.A. All rights reserved worldwide.",
    "link": "https://www.linkedin.com/company/grifols",
    "timestamp": "unknown"
  },
  {
    "title": "Connect with us",
    "link": "https://www.linkedin.com/company/grifols",
    "timestamp": "unknown"
  },
  {
    "title": "\u00a1You're now inReduced Motion ModeYou can change back to motion enhanced mode at the top of the page.Dismiss",
    "link": "javascript: window.location.reload();",
    "timestamp": "unknown"
  },
  {
    "title": "You're now inReduced Motion ModeYou can change back to motion enhanced mode at the top of the page.Dismiss",
    "link": "javascript: window.location.reload();",
    "timestamp": "unknown"
  },
  {
    "title": "You're now inReduced Motion ModeYou can change back to motion enhanced mode at the top of the page.Dismiss",
    "link": "javascript: window.location.reload();",
    "timestamp": "unknown"
  },
  {
    "title": "You're now inReduced Motion ModeYou can change back to motion enhanced mode at the top of the page.Dismiss",
    "link": "javascript: window.location.reload();",
    "timestamp": "unknown"
  },
  {
    "title": "You're now inReduced Motion ModeYou can change back to motion enhanced mode at the top of the page.Dismiss",
    "link": "javascript: window.location.reload();",
    "timestamp": "unknown"
  },
  {
    "title": "Dismiss",
    "link": "javascript: window.location.reload();",
    "timestamp": "unknown"
  }
]