[
  {
    "title": "ContactContact usInternational HeadquartersAdverse reactions - PharmacovigilanceGrifols Ethics LineENChange LanguageEspa\u00f1olDeutsch\u4e2d\u6587",
    "link": "https://www.grifols.com/en/contact",
    "timestamp": "unknown"
  },
  {
    "title": "ContactContact usInternational HeadquartersAdverse reactions - PharmacovigilanceGrifols Ethics LineENChange LanguageEspa\u00f1olDeutsch\u4e2d\u6587",
    "link": "https://www.grifols.com/en/contact",
    "timestamp": "unknown"
  },
  {
    "title": "ContactContact usInternational HeadquartersAdverse reactions - PharmacovigilanceGrifols Ethics LineENChange LanguageEspa\u00f1olDeutsch\u4e2d\u6587",
    "link": "https://www.grifols.com/en/contact",
    "timestamp": "unknown"
  },
  {
    "title": "ContactContact usInternational HeadquartersAdverse reactions - PharmacovigilanceGrifols Ethics LineENChange LanguageEspa\u00f1olDeutsch\u4e2d\u6587",
    "link": "https://www.grifols.com/en/contact",
    "timestamp": "unknown"
  },
  {
    "title": "ContactContact usInternational HeadquartersAdverse reactions - PharmacovigilanceGrifols Ethics LineENChange LanguageEspa\u00f1olDeutsch\u4e2d\u6587",
    "link": "https://www.grifols.com/en/contact",
    "timestamp": "unknown"
  },
  {
    "title": "ContactContact usInternational HeadquartersAdverse reactions - PharmacovigilanceGrifols Ethics Line",
    "link": "https://www.grifols.com/en/contact",
    "timestamp": "unknown"
  },
  {
    "title": "Contact us",
    "link": "https://www.grifols.com/en/contact",
    "timestamp": "unknown"
  },
  {
    "title": "International Headquarters",
    "link": "https://www.grifols.com/en/international-headquarters",
    "timestamp": "unknown"
  },
  {
    "title": "Adverse reactions - Pharmacovigilance",
    "link": "https://www.grifols.com/en/notification-of-adverse-reaction",
    "timestamp": "unknown"
  },
  {
    "title": "Grifols Ethics Line",
    "link": "http://grifols.ethicspoint.com/",
    "timestamp": "unknown"
  },
  {
    "title": "ENChange LanguageEspa\u00f1olDeutsch\u4e2d\u6587",
    "link": "https://www.grifols.com/en/c/portal/update_language?p_l_id=&redirect=%2Fen%2Fagenda&languageId=es_ES&currentLanguage=en_US",
    "timestamp": "unknown"
  },
  {
    "title": "Espa\u00f1ol",
    "link": "https://www.grifols.com/en/c/portal/update_language?p_l_id=&redirect=%2Fen%2Fagenda&languageId=es_ES&currentLanguage=en_US",
    "timestamp": "unknown"
  },
  {
    "title": "Deutsch",
    "link": "https://www.grifols.com/en/c/portal/update_language?p_l_id=&redirect=%2Fen%2Fagenda&languageId=de_DE&currentLanguage=en_US",
    "timestamp": "unknown"
  },
  {
    "title": "\u4e2d\u6587",
    "link": "https://www.grifols.com/en/c/portal/update_language?p_l_id=&redirect=%2Fen%2Fagenda&languageId=zh_CN&currentLanguage=en_US",
    "timestamp": "unknown"
  },
  {
    "title": "CompanyCompanySince , Grifols has worked to improve the health and well-being of people around the world.Read moreCorporate StructureBoard of Director",
    "link": "https://www.grifols.com/en/grifols-d3/home",
    "timestamp": "unknown"
  },
  {
    "title": "CompanyCompanySince , Grifols has worked to improve the health and well-being of people around the world.Read moreCorporate StructureBoard of Director",
    "link": "https://www.grifols.com/en/grifols-d3/home",
    "timestamp": "unknown"
  },
  {
    "title": "CompanyCompanySince , Grifols has worked to improve the health and well-being of people around the world.Read moreCorporate StructureBoard of Director",
    "link": "https://www.grifols.com/en/company",
    "timestamp": "unknown"
  },
  {
    "title": "CompanyCompanySince , Grifols has worked to improve the health and well-being of people around the world.Read moreCorporate StructureBoard of Director",
    "link": "https://www.grifols.com/en/company",
    "timestamp": "unknown"
  },
  {
    "title": "CompanySince , Grifols has worked to improve the health and well-being of people around the world.Read moreCorporate StructureBoard of DirectorsManage",
    "link": "https://www.grifols.com/en/company",
    "timestamp": "unknown"
  },
  {
    "title": "CompanySince , Grifols has worked to improve the health and well-being of people around the world.Read moreCorporate StructureBoard of DirectorsManage",
    "link": "https://www.grifols.com/en/company",
    "timestamp": "unknown"
  },
  {
    "title": "CompanySince , Grifols has worked to improve the health and well-being of people around the world.Read more",
    "link": "https://www.grifols.com/en/company",
    "timestamp": "unknown"
  },
  {
    "title": "Read more",
    "link": "https://www.grifols.com/en/company",
    "timestamp": "unknown"
  },
  {
    "title": "Corporate StructureBoard of DirectorsManagement TeamWhat We DoBiopharmaDiagnosticBio SuppliesHealthcare Solutions for HospitalsMission, vision and val",
    "link": "https://www.grifols.com/en/board-directors",
    "timestamp": "unknown"
  },
  {
    "title": "Corporate StructureBoard of DirectorsManagement Team",
    "link": "https://www.grifols.com/en/board-directors",
    "timestamp": "unknown"
  },
  {
    "title": "Board of Directors",
    "link": "https://www.grifols.com/en/board-directors",
    "timestamp": "unknown"
  },
  {
    "title": "Management Team",
    "link": "https://www.grifols.com/en/management-team",
    "timestamp": "unknown"
  },
  {
    "title": "What We DoBiopharmaDiagnosticBio SuppliesHealthcare Solutions for Hospitals",
    "link": "https://www.grifols.com/en/what-we-do",
    "timestamp": "unknown"
  },
  {
    "title": "Biopharma",
    "link": "https://www.grifols.com/en/biopharma",
    "timestamp": "unknown"
  },
  {
    "title": "Diagnostic",
    "link": "https://www.grifols.com/en/diagnostic",
    "timestamp": "unknown"
  },
  {
    "title": "Bio Supplies",
    "link": "https://www.grifols.com/en/bio-supplies",
    "timestamp": "unknown"
  },
  {
    "title": "Healthcare Solutions for Hospitals",
    "link": "https://www.grifols.com/en/healthcare-solutions-for-hospitals",
    "timestamp": "unknown"
  },
  {
    "title": "Mission, vision and values",
    "link": "https://www.grifols.com/en/mission-and-values",
    "timestamp": "unknown"
  },
  {
    "title": "Ethics and Compliance",
    "link": "https://www.grifols.com/en/ethics-and-compliance",
    "timestamp": "unknown"
  },
  {
    "title": "Our History",
    "link": "https://www.grifols.com/en/our-history",
    "timestamp": "unknown"
  },
  {
    "title": "Grifols MuseumLa Casa: Where It All BeganThe Plant: People Helping PeopleThe World: From Family Business to Global Company",
    "link": "https://www.grifols.com/en/grifols-museum",
    "timestamp": "unknown"
  },
  {
    "title": "La Casa: Where It All Began",
    "link": "https://www.grifols.com/en/grifols-museum-la-casa-where-it-all-began",
    "timestamp": "unknown"
  },
  {
    "title": "The Plant: People Helping People",
    "link": "https://www.grifols.com/en/grifols-museum-the-plant-people-helping-people",
    "timestamp": "unknown"
  },
  {
    "title": "The World: From Family Business to Global Company",
    "link": "https://www.grifols.com/en/grifols-museum-the-world-from-family-business-to-global-company",
    "timestamp": "unknown"
  },
  {
    "title": "GrifologyThe Cabinet",
    "link": "https://www.grifols.com/en/grifology-connecting-innovation",
    "timestamp": "unknown"
  },
  {
    "title": "The Cabinet",
    "link": "https://www.grifols.com/en/the-cabinet-century-of-innovation",
    "timestamp": "unknown"
  },
  {
    "title": "Grifols Engineering",
    "link": "https://www.grifols.com/en/grifols-engineering",
    "timestamp": "unknown"
  },
  {
    "title": "Every action we take is motivated by our mission to improve people's lives.Our unique and remarkable history combines scienti\ufb01c expertise with a desir",
    "link": "https://www.grifols.com/en/mission-and-values",
    "timestamp": "unknown"
  },
  {
    "title": "Every action we take is motivated by our mission to improve people's lives.",
    "link": "https://www.grifols.com/en/mission-and-values",
    "timestamp": "unknown"
  },
  {
    "title": "Our unique and remarkable history combines scienti\ufb01c expertise with a desire to serve patients and society.",
    "link": "https://www.grifols.com/en/our-history",
    "timestamp": "unknown"
  },
  {
    "title": "We develop, produce and market innovative medicines, solutions and services in more than  countries.",
    "link": "https://www.grifols.com/en/what-we-do",
    "timestamp": "unknown"
  },
  {
    "title": "InnovationInnovationGrifols is full speed ahead on developing the next innovative breakthroughs across multiple therapeutic areas.Read morePlasma Powe",
    "link": "https://www.grifols.com/en/innovation",
    "timestamp": "unknown"
  },
  {
    "title": "InnovationGrifols is full speed ahead on developing the next innovative breakthroughs across multiple therapeutic areas.Read morePlasma PowerhouseBeyo",
    "link": "https://www.grifols.com/en/innovation",
    "timestamp": "unknown"
  },
  {
    "title": "InnovationGrifols is full speed ahead on developing the next innovative breakthroughs across multiple therapeutic areas.Read morePlasma PowerhouseBeyo",
    "link": "https://www.grifols.com/en/innovation",
    "timestamp": "unknown"
  },
  {
    "title": "InnovationGrifols is full speed ahead on developing the next innovative breakthroughs across multiple therapeutic areas.Read more",
    "link": "https://www.grifols.com/en/innovation",
    "timestamp": "unknown"
  },
  {
    "title": "Read more",
    "link": "https://www.grifols.com/en/innovation",
    "timestamp": "unknown"
  },
  {
    "title": "Plasma PowerhouseBeyond PlasmaKey Therapeutic AreasImmunologyHepatology and Intensive CarePulmonologyHematologyNeurologyInfectious DiseasesFurther The",
    "link": "https://www.grifols.com/en/plasma-powerhouse",
    "timestamp": "unknown"
  },
  {
    "title": "Plasma Powerhouse",
    "link": "https://www.grifols.com/en/plasma-powerhouse",
    "timestamp": "unknown"
  },
  {
    "title": "Beyond Plasma",
    "link": "https://www.grifols.com/en/beyond-plasma",
    "timestamp": "unknown"
  },
  {
    "title": "Key Therapeutic AreasImmunologyHepatology and Intensive CarePulmonologyHematologyNeurologyInfectious DiseasesFurther Therapeutic Opportunities",
    "link": "https://www.grifols.com/en/key-therapeutic-areas",
    "timestamp": "unknown"
  },
  {
    "title": "Immunology",
    "link": "https://www.grifols.com/en/immunology",
    "timestamp": "unknown"
  },
  {
    "title": "Hepatology and Intensive Care",
    "link": "https://www.grifols.com/en/hepatology-and-intensive-care",
    "timestamp": "unknown"
  },
  {
    "title": "Pulmonology",
    "link": "https://www.grifols.com/en/pulmonology",
    "timestamp": "unknown"
  },
  {
    "title": "Hematology",
    "link": "https://www.grifols.com/en/hematology",
    "timestamp": "unknown"
  },
  {
    "title": "Neurology",
    "link": "https://www.grifols.com/en/neurology",
    "timestamp": "unknown"
  },
  {
    "title": "Infectious Diseases",
    "link": "https://www.grifols.com/en/infectious-diseases",
    "timestamp": "unknown"
  },
  {
    "title": "Further Therapeutic Opportunities",
    "link": "https://www.grifols.com/en/further-therapeutic-opportunities",
    "timestamp": "unknown"
  },
  {
    "title": "CHRONOS-PD: Plasma Science in Parkinson\u2019s Research",
    "link": "https://www.grifols.com/en/chronos-pd",
    "timestamp": "unknown"
  },
  {
    "title": "Extending Our Innovative ReachTeam Up with Grifols Innovation and New TechnologiesScientific Awards and Programs",
    "link": "https://www.grifols.com/en/extending-our-innovative-reach",
    "timestamp": "unknown"
  },
  {
    "title": "Team Up with Grifols Innovation and New Technologies",
    "link": "https://www.grifols.com/en/team-up-with-grifols-innovation-and-new-technologies",
    "timestamp": "unknown"
  },
  {
    "title": "Scientific Awards and Programs",
    "link": "https://www.grifols.com/en/scientific-awards-and-programs",
    "timestamp": "unknown"
  },
  {
    "title": "Connecting Knowledge - Our R&D Network",
    "link": "https://www.grifols.com/en/connecting-knowledge-our-r-d-network",
    "timestamp": "unknown"
  },
  {
    "title": "We apply our growing knowledge of plasma to change healthcare.Our treatments are enhancing people\u2019s well-being and quality of life.We\u2019re drawing on a ",
    "link": "https://www.grifols.com/en/plasma-powerhouse",
    "timestamp": "unknown"
  },
  {
    "title": "We apply our growing knowledge of plasma to change healthcare.",
    "link": "https://www.grifols.com/en/plasma-powerhouse",
    "timestamp": "unknown"
  },
  {
    "title": "Our treatments are enhancing people\u2019s well-being and quality of life.",
    "link": "https://www.grifols.com/en/key-therapeutic-areas",
    "timestamp": "unknown"
  },
  {
    "title": "We\u2019re drawing on a broad scientific base to continue innovating.",
    "link": "https://www.grifols.com/en/connecting-knowledge-our-r-d-network",
    "timestamp": "unknown"
  },
  {
    "title": "SustainabilitySustainabilityGrifols' longstanding commitment to people and the planet entails helping society on all fronts.Read moreCommitment to Don",
    "link": "https://www.grifols.com/en/sustainability",
    "timestamp": "unknown"
  },
  {
    "title": "SustainabilityGrifols' longstanding commitment to people and the planet entails helping society on all fronts.Read moreCommitment to Donors and Patien",
    "link": "https://www.grifols.com/en/sustainability",
    "timestamp": "unknown"
  },
  {
    "title": "SustainabilityGrifols' longstanding commitment to people and the planet entails helping society on all fronts.Read moreCommitment to Donors and Patien",
    "link": "https://www.grifols.com/en/sustainability",
    "timestamp": "unknown"
  },
  {
    "title": "SustainabilityGrifols' longstanding commitment to people and the planet entails helping society on all fronts.Read more",
    "link": "https://www.grifols.com/en/sustainability",
    "timestamp": "unknown"
  },
  {
    "title": "Read more",
    "link": "https://www.grifols.com/en/sustainability",
    "timestamp": "unknown"
  },
  {
    "title": "Commitment to Donors and PatientsSupporting DonorsSupporting PatientsImpact on SocietyOur FoundationsOur PeopleThe EnvironmentEthical LeadershipSustai",
    "link": "https://www.grifols.com/en/commitment-to-donors-and-patients",
    "timestamp": "unknown"
  },
  {
    "title": "Commitment to Donors and PatientsSupporting DonorsSupporting Patients",
    "link": "https://www.grifols.com/en/commitment-to-donors-and-patients",
    "timestamp": "unknown"
  },
  {
    "title": "Supporting Donors",
    "link": "https://www.grifols.com/en/supporting-donors",
    "timestamp": "unknown"
  },
  {
    "title": "Supporting Patients",
    "link": "https://www.grifols.com/en/supporting-patients",
    "timestamp": "unknown"
  },
  {
    "title": "Impact on SocietyOur Foundations",
    "link": "https://www.grifols.com/en/impact-on-society",
    "timestamp": "unknown"
  },
  {
    "title": "Our Foundations",
    "link": "https://www.grifols.com/en/our-foundations",
    "timestamp": "unknown"
  },
  {
    "title": "Our People",
    "link": "https://www.grifols.com/en/our-people",
    "timestamp": "unknown"
  },
  {
    "title": "The Environment",
    "link": "https://www.grifols.com/en/the-environment",
    "timestamp": "unknown"
  },
  {
    "title": "Ethical Leadership",
    "link": "https://www.grifols.com/en/ethical-leadership",
    "timestamp": "unknown"
  },
  {
    "title": "Sustainability Reports",
    "link": "https://www.grifols.com/en/sustainability-reports",
    "timestamp": "unknown"
  },
  {
    "title": "Integrated and Sustainability Annual ReportPatients drive the work we do every day. We support patients and patient associations.As mindful stewards o",
    "link": "https://www.grifols.com/documents///IAR_EN.pdf/51b647a9-78f6-961c--9c3fcd21c0bc?t=",
    "timestamp": "unknown"
  },
  {
    "title": "Integrated and Sustainability Annual Report",
    "link": "https://www.grifols.com/documents///IAR_EN.pdf/51b647a9-78f6-961c--9c3fcd21c0bc?t=",
    "timestamp": "unknown"
  },
  {
    "title": "Patients drive the work we do every day. We support patients and patient associations.",
    "link": "https://www.grifols.com/en/supporting-patients",
    "timestamp": "unknown"
  },
  {
    "title": "As mindful stewards of the environment we are resolved to fight climate change.",
    "link": "https://www.grifols.com/en/the-environment",
    "timestamp": "unknown"
  },
  {
    "title": "Products",
    "link": "https://products.grifols.com/",
    "timestamp": "unknown"
  },
  {
    "title": "InvestorsInvestorsRead moreStock InformationStock and share capitalDividendsMajor Holders and Treasury StockAgreements between ShareholdersAnalyst Cov",
    "link": "https://www.grifols.com/en/investors",
    "timestamp": "unknown"
  },
  {
    "title": "InvestorsRead moreStock InformationStock and share capitalDividendsMajor Holders and Treasury StockAgreements between ShareholdersAnalyst CoverageFina",
    "link": "https://www.grifols.com/en/investors",
    "timestamp": "unknown"
  },
  {
    "title": "InvestorsRead moreStock InformationStock and share capitalDividendsMajor Holders and Treasury StockAgreements between ShareholdersAnalyst CoverageFina",
    "link": "https://www.grifols.com/en/investors",
    "timestamp": "unknown"
  },
  {
    "title": "InvestorsRead more",
    "link": "https://www.grifols.com/en/investors",
    "timestamp": "unknown"
  },
  {
    "title": "Read more",
    "link": "https://www.grifols.com/en/investors",
    "timestamp": "unknown"
  },
  {
    "title": "Stock InformationStock and share capitalDividendsMajor Holders and Treasury StockAgreements between ShareholdersAnalyst CoverageFinancialsFinancial Re",
    "link": "https://www.grifols.com/en/stock-and-capital",
    "timestamp": "unknown"
  },
  {
    "title": "Stock InformationStock and share capitalDividendsMajor Holders and Treasury StockAgreements between ShareholdersAnalyst Coverage",
    "link": "https://www.grifols.com/en/stock-and-capital",
    "timestamp": "unknown"
  },
  {
    "title": "Stock and share capital",
    "link": "https://www.grifols.com/en/stock-and-capital",
    "timestamp": "unknown"
  },
  {
    "title": "Dividends",
    "link": "https://www.grifols.com/en/dividends",
    "timestamp": "unknown"
  },
  {
    "title": "Major Holders and Treasury Stock",
    "link": "https://www.grifols.com/en/major-holders-and-treasury-stock",
    "timestamp": "unknown"
  },
  {
    "title": "Agreements between Shareholders",
    "link": "https://www.grifols.com/en/agreements-between-shareholders",
    "timestamp": "unknown"
  },
  {
    "title": "Analyst Coverage",
    "link": "https://www.grifols.com/en/analyst-coverage",
    "timestamp": "unknown"
  },
  {
    "title": "FinancialsFinancial ResultsAnnual AccountsFixed Income and Credit RatingsAverage Period of Payment to SuppliersKey Figures",
    "link": "https://www.grifols.com/en/financial-results",
    "timestamp": "unknown"
  },
  {
    "title": "Financial Results",
    "link": "https://www.grifols.com/en/financial-results",
    "timestamp": "unknown"
  },
  {
    "title": "Annual Accounts",
    "link": "https://www.grifols.com/en/annual-accounts",
    "timestamp": "unknown"
  },
  {
    "title": "Fixed Income and Credit Ratings",
    "link": "https://www.grifols.com/en/fixed-income-and-credit-ratings",
    "timestamp": "unknown"
  },
  {
    "title": "Average Period of Payment to Suppliers",
    "link": "https://www.grifols.com/en/average-period-of-payment-to-suppliers",
    "timestamp": "unknown"
  },
  {
    "title": "Key Figures",
    "link": "https://www.grifols.com/en/key-figures",
    "timestamp": "unknown"
  },
  {
    "title": "Press Releases",
    "link": "https://www.grifols.com/en/press-releases",
    "timestamp": "unknown"
  },
  {
    "title": "Presentations and Events",
    "link": "https://www.grifols.com/en/presentations-and-events",
    "timestamp": "unknown"
  },
  {
    "title": "Agenda",
    "link": "https://www.grifols.com/en/agenda",
    "timestamp": "unknown"
  },
  {
    "title": "Communications with CNMV and SECCNMVSECOther Relevant InformationInside InformationSignificant events until  February",
    "link": "https://www.cnmv.es/portal/consultas/datosentidad.aspx?nif=A58389123&lang=en",
    "timestamp": "unknown"
  },
  {
    "title": "CNMV",
    "link": "https://www.cnmv.es/portal/consultas/datosentidad.aspx?nif=A58389123&lang=en",
    "timestamp": "unknown"
  },
  {
    "title": "SEC",
    "link": "https://www.sec.gov/cgi-bin/browse-edgar?action=getcompany&CIK=&owner=exclude&count=",
    "timestamp": "unknown"
  },
  {
    "title": "Other Relevant Information",
    "link": "https://www.grifols.com/en/other-relevant-information",
    "timestamp": "unknown"
  },
  {
    "title": "Inside Information",
    "link": "https://www.grifols.com/en/inside-information",
    "timestamp": "unknown"
  },
  {
    "title": "Significant events until  February",
    "link": "https://www.grifols.com/en/relevant-events",
    "timestamp": "unknown"
  },
  {
    "title": "Corporate Stewardship Reports",
    "link": "https://www.grifols.com/en/corporate-stewardship-reports",
    "timestamp": "unknown"
  },
  {
    "title": "Corporate GovernanceBoard of DirectorsGeneral Shareholders\u2019 MeetingAnnual Corporate Governance ReportDirectors' Remuneration ReportArticles of Associa",
    "link": "https://www.grifols.com/en/board-of-directors",
    "timestamp": "unknown"
  },
  {
    "title": "Board of Directors",
    "link": "https://www.grifols.com/en/board-of-directors",
    "timestamp": "unknown"
  },
  {
    "title": "General Shareholders\u2019 Meeting",
    "link": "https://www.grifols.com/en/general-shareholders-meeting",
    "timestamp": "unknown"
  },
  {
    "title": "Annual Corporate Governance Report",
    "link": "https://www.grifols.com/en/annual-corporate-governance-report",
    "timestamp": "unknown"
  },
  {
    "title": "Directors' Remuneration Report",
    "link": "https://www.grifols.com/en/directors-remuneration-report",
    "timestamp": "unknown"
  },
  {
    "title": "Articles of Association",
    "link": "https://www.grifols.com/en/articles-of-association",
    "timestamp": "unknown"
  },
  {
    "title": "Corporate Policies",
    "link": "https://www.grifols.com/en/corporate-policies",
    "timestamp": "unknown"
  },
  {
    "title": "Mergers",
    "link": "https://www.grifols.com/en/mergers",
    "timestamp": "unknown"
  },
  {
    "title": "Biotest: Voluntary Takeover Offer | Freiwilliges \u00dcbernahmeangebot ()",
    "link": "https://www.grifols.com/en/biotest-voluntary-takeover-offer",
    "timestamp": "unknown"
  },
  {
    "title": "Biotest: Acquisition offer (delisting) / freiwilliges Erwerbsangebot (Delisting) ()",
    "link": "https://www.grifols.com/en/biotest-acquisition-offer",
    "timestamp": "unknown"
  },
  {
    "title": "Presentation Second Quarter  ResultsIntegrated and Sustainability Annual ReportInvestor and Analyst meeting - webcast",
    "link": "https://www.grifols.com/documents///pr--en.pdf/3eacb76a-e3bf-a29f--d1041b3e8b95?t=",
    "timestamp": "unknown"
  },
  {
    "title": "Presentation Second Quarter  Results",
    "link": "https://www.grifols.com/documents///pr--en.pdf/3eacb76a-e3bf-a29f--d1041b3e8b95?t=",
    "timestamp": "unknown"
  },
  {
    "title": "Integrated and Sustainability Annual Report",
    "link": "https://www.grifols.com/documents///IAR_EN.pdf/51b647a9-78f6-961c--9c3fcd21c0bc?t=",
    "timestamp": "unknown"
  },
  {
    "title": "Investor and Analyst meeting - webcast",
    "link": "https://wtv-secure-fileshare.world-television.com/mariobenita//Grifols_CDM_2025.mp4",
    "timestamp": "unknown"
  },
  {
    "title": "CareersCareersPeople are at the heart of our business. We are committed to continued investment in training and development.Explore OpportunitiesWhy G",
    "link": "https://www.grifols.com/en/careers",
    "timestamp": "unknown"
  },
  {
    "title": "CareersPeople are at the heart of our business. We are committed to continued investment in training and development.Explore OpportunitiesWhy GrifolsP",
    "link": "https://www.grifols.com/en/careers",
    "timestamp": "unknown"
  },
  {
    "title": "CareersPeople are at the heart of our business. We are committed to continued investment in training and development.Explore OpportunitiesWhy GrifolsP",
    "link": "https://www.grifols.com/en/careers",
    "timestamp": "unknown"
  },
  {
    "title": "CareersPeople are at the heart of our business. We are committed to continued investment in training and development.Explore Opportunities",
    "link": "https://www.grifols.com/en/careers",
    "timestamp": "unknown"
  },
  {
    "title": "Explore Opportunities",
    "link": "https://www.grifols.com/en/careers",
    "timestamp": "unknown"
  },
  {
    "title": "Why GrifolsPeople & CultureOur teamsTraining and DevelopmentHiring JourneyEarly Careers",
    "link": "https://www.grifols.com/en/why-grifols",
    "timestamp": "unknown"
  },
  {
    "title": "Why GrifolsPeople & CultureOur teams",
    "link": "https://www.grifols.com/en/why-grifols",
    "timestamp": "unknown"
  },
  {
    "title": "People & Culture",
    "link": "https://www.grifols.com/en/culture",
    "timestamp": "unknown"
  },
  {
    "title": "Our teams",
    "link": "https://www.grifols.com/en/teams",
    "timestamp": "unknown"
  },
  {
    "title": "Training and Development",
    "link": "https://www.grifols.com/en/training-and-development",
    "timestamp": "unknown"
  },
  {
    "title": "Hiring Journey",
    "link": "https://www.grifols.com/en/hiring-journey",
    "timestamp": "unknown"
  },
  {
    "title": "Early Careers",
    "link": "https://www.grifols.com/en/early-careers",
    "timestamp": "unknown"
  },
  {
    "title": "MediaMediaLatest news about the company and contact information for journalists and communication professionals.Read moreNewsroomEventsH1  Financial R",
    "link": "https://www.grifols.com/en/media",
    "timestamp": "unknown"
  },
  {
    "title": "MediaLatest news about the company and contact information for journalists and communication professionals.Read moreNewsroomEventsH1  Financial Result",
    "link": "https://www.grifols.com/en/media",
    "timestamp": "unknown"
  },
  {
    "title": "MediaLatest news about the company and contact information for journalists and communication professionals.Read moreNewsroomEventsH1  Financial Result",
    "link": "https://www.grifols.com/en/media",
    "timestamp": "unknown"
  },
  {
    "title": "MediaLatest news about the company and contact information for journalists and communication professionals.Read more",
    "link": "https://www.grifols.com/en/media",
    "timestamp": "unknown"
  },
  {
    "title": "Read more",
    "link": "https://www.grifols.com/en/media",
    "timestamp": "unknown"
  },
  {
    "title": "NewsroomEventsH1  Financial ResultsGeneral Shareholders' MeetingMedia ContactsMedia Center",
    "link": "https://www.grifols.com/en/newsroom",
    "timestamp": "unknown"
  },
  {
    "title": "Newsroom",
    "link": "https://www.grifols.com/en/newsroom",
    "timestamp": "unknown"
  },
  {
    "title": "EventsH1  Financial ResultsGeneral Shareholders' Meeting",
    "link": "https://www.grifols.com/en/events",
    "timestamp": "unknown"
  },
  {
    "title": "H1  Financial Results",
    "link": "https://www.grifols.com/en/h1--financial-results",
    "timestamp": "unknown"
  },
  {
    "title": "General Shareholders' Meeting",
    "link": "https://www.grifols.com/en/general-shareholders-meeting-",
    "timestamp": "unknown"
  },
  {
    "title": "Media Contacts",
    "link": "https://www.grifols.com/en/media-contacts",
    "timestamp": "unknown"
  },
  {
    "title": "Media Center",
    "link": "https://www.grifols.com/en/media-center",
    "timestamp": "unknown"
  },
  {
    "title": "PartnersPartnersAt Grifols, we believe in long-term, mutually trusting relationships with our partners.More detailsJoin our network of suppliers",
    "link": "https://www.grifols.com/en/partners",
    "timestamp": "unknown"
  },
  {
    "title": "PartnersAt Grifols, we believe in long-term, mutually trusting relationships with our partners.More detailsJoin our network of suppliers",
    "link": "https://www.grifols.com/en/partners",
    "timestamp": "unknown"
  },
  {
    "title": "PartnersAt Grifols, we believe in long-term, mutually trusting relationships with our partners.More detailsJoin our network of suppliers",
    "link": "https://www.grifols.com/en/partners",
    "timestamp": "unknown"
  },
  {
    "title": "PartnersAt Grifols, we believe in long-term, mutually trusting relationships with our partners.More details",
    "link": "https://www.grifols.com/en/partners",
    "timestamp": "unknown"
  },
  {
    "title": "More details",
    "link": "https://www.grifols.com/en/partners",
    "timestamp": "unknown"
  },
  {
    "title": "Join our network of suppliers",
    "link": "https://www.grifols.com/en/grifols-supplier-network",
    "timestamp": "unknown"
  },
  {
    "title": "Join our network of suppliers",
    "link": "https://www.grifols.com/en/grifols-supplier-network",
    "timestamp": "unknown"
  },
  {
    "title": "EnglishChange LanguageEspa\u00f1olDeutsch\u4e2d\u6587CompanyCompanyCorporate StructureBoard of DirectorsManagement TeamWhat We DoWhat We DoBiopharmaDiagnosticBio Sup",
    "link": "https://www.grifols.com/en/c/portal/update_language?p_l_id=&redirect=%2Fen%2Fagenda&languageId=es_ES&currentLanguage=en_US",
    "timestamp": "unknown"
  },
  {
    "title": "EnglishChange LanguageEspa\u00f1olDeutsch\u4e2d\u6587CompanyCompanyCorporate StructureBoard of DirectorsManagement TeamWhat We DoWhat We DoBiopharmaDiagnosticBio Sup",
    "link": "https://www.grifols.com/en/c/portal/update_language?p_l_id=&redirect=%2Fen%2Fagenda&languageId=es_ES&currentLanguage=en_US",
    "timestamp": "unknown"
  },
  {
    "title": "EnglishChange LanguageEspa\u00f1olDeutsch\u4e2d\u6587CompanyCompanyCorporate StructureBoard of DirectorsManagement TeamWhat We DoWhat We DoBiopharmaDiagnosticBio Sup",
    "link": "https://www.grifols.com/en/c/portal/update_language?p_l_id=&redirect=%2Fen%2Fagenda&languageId=es_ES&currentLanguage=en_US",
    "timestamp": "unknown"
  },
  {
    "title": "EnglishChange LanguageEspa\u00f1olDeutsch\u4e2d\u6587",
    "link": "https://www.grifols.com/en/c/portal/update_language?p_l_id=&redirect=%2Fen%2Fagenda&languageId=es_ES&currentLanguage=en_US",
    "timestamp": "unknown"
  },
  {
    "title": "EnglishChange LanguageEspa\u00f1olDeutsch\u4e2d\u6587",
    "link": "https://www.grifols.com/en/c/portal/update_language?p_l_id=&redirect=%2Fen%2Fagenda&languageId=es_ES&currentLanguage=en_US",
    "timestamp": "unknown"
  },
  {
    "title": "EnglishChange LanguageEspa\u00f1olDeutsch\u4e2d\u6587",
    "link": "https://www.grifols.com/en/c/portal/update_language?p_l_id=&redirect=%2Fen%2Fagenda&languageId=es_ES&currentLanguage=en_US",
    "timestamp": "unknown"
  },
  {
    "title": "Espa\u00f1ol",
    "link": "https://www.grifols.com/en/c/portal/update_language?p_l_id=&redirect=%2Fen%2Fagenda&languageId=es_ES&currentLanguage=en_US",
    "timestamp": "unknown"
  },
  {
    "title": "Deutsch",
    "link": "https://www.grifols.com/en/c/portal/update_language?p_l_id=&redirect=%2Fen%2Fagenda&languageId=de_DE&currentLanguage=en_US",
    "timestamp": "unknown"
  },
  {
    "title": "\u4e2d\u6587",
    "link": "https://www.grifols.com/en/c/portal/update_language?p_l_id=&redirect=%2Fen%2Fagenda&languageId=zh_CN&currentLanguage=en_US",
    "timestamp": "unknown"
  },
  {
    "title": "CompanyCompanyCorporate StructureBoard of DirectorsManagement TeamWhat We DoWhat We DoBiopharmaDiagnosticBio SuppliesHealthcare Solutions for Hospital",
    "link": "https://www.grifols.com/en/agenda",
    "timestamp": "unknown"
  },
  {
    "title": "CompanyCompanyCorporate StructureBoard of DirectorsManagement TeamWhat We DoWhat We DoBiopharmaDiagnosticBio SuppliesHealthcare Solutions for Hospital",
    "link": "https://www.grifols.com/en/agenda",
    "timestamp": "unknown"
  },
  {
    "title": "Company",
    "link": "https://www.grifols.com/en/company",
    "timestamp": "unknown"
  },
  {
    "title": "Corporate StructureBoard of DirectorsManagement Team",
    "link": "https://www.grifols.com/en/agenda",
    "timestamp": "unknown"
  },
  {
    "title": "Corporate StructureBoard of DirectorsManagement Team",
    "link": "https://www.grifols.com/en/agenda",
    "timestamp": "unknown"
  },
  {
    "title": "Board of Directors",
    "link": "https://www.grifols.com/en/board-directors",
    "timestamp": "unknown"
  },
  {
    "title": "Board of Directors",
    "link": "https://www.grifols.com/en/board-directors",
    "timestamp": "unknown"
  },
  {
    "title": "Management Team",
    "link": "https://www.grifols.com/en/management-team",
    "timestamp": "unknown"
  },
  {
    "title": "Management Team",
    "link": "https://www.grifols.com/en/management-team",
    "timestamp": "unknown"
  },
  {
    "title": "What We DoWhat We DoBiopharmaDiagnosticBio SuppliesHealthcare Solutions for Hospitals",
    "link": "https://www.grifols.com/en/agenda",
    "timestamp": "unknown"
  },
  {
    "title": "What We DoWhat We DoBiopharmaDiagnosticBio SuppliesHealthcare Solutions for Hospitals",
    "link": "https://www.grifols.com/en/agenda",
    "timestamp": "unknown"
  },
  {
    "title": "What We Do",
    "link": "https://www.grifols.com/en/what-we-do",
    "timestamp": "unknown"
  },
  {
    "title": "Biopharma",
    "link": "https://www.grifols.com/en/biopharma",
    "timestamp": "unknown"
  },
  {
    "title": "Biopharma",
    "link": "https://www.grifols.com/en/biopharma",
    "timestamp": "unknown"
  },
  {
    "title": "Diagnostic",
    "link": "https://www.grifols.com/en/diagnostic",
    "timestamp": "unknown"
  },
  {
    "title": "Diagnostic",
    "link": "https://www.grifols.com/en/diagnostic",
    "timestamp": "unknown"
  },
  {
    "title": "Bio Supplies",
    "link": "https://www.grifols.com/en/bio-supplies",
    "timestamp": "unknown"
  },
  {
    "title": "Bio Supplies",
    "link": "https://www.grifols.com/en/bio-supplies",
    "timestamp": "unknown"
  },
  {
    "title": "Healthcare Solutions for Hospitals",
    "link": "https://www.grifols.com/en/healthcare-solutions-for-hospitals",
    "timestamp": "unknown"
  },
  {
    "title": "Healthcare Solutions for Hospitals",
    "link": "https://www.grifols.com/en/healthcare-solutions-for-hospitals",
    "timestamp": "unknown"
  },
  {
    "title": "Mission, vision and values",
    "link": "https://www.grifols.com/en/mission-and-values",
    "timestamp": "unknown"
  },
  {
    "title": "Mission, vision and values",
    "link": "https://www.grifols.com/en/mission-and-values",
    "timestamp": "unknown"
  },
  {
    "title": "Ethics and Compliance",
    "link": "https://www.grifols.com/en/ethics-and-compliance",
    "timestamp": "unknown"
  },
  {
    "title": "Ethics and Compliance",
    "link": "https://www.grifols.com/en/ethics-and-compliance",
    "timestamp": "unknown"
  },
  {
    "title": "Our History",
    "link": "https://www.grifols.com/en/our-history",
    "timestamp": "unknown"
  },
  {
    "title": "Our History",
    "link": "https://www.grifols.com/en/our-history",
    "timestamp": "unknown"
  },
  {
    "title": "Grifols MuseumGrifols MuseumLa Casa: Where It All BeganThe Plant: People Helping PeopleThe World: From Family Business to Global Company",
    "link": "https://www.grifols.com/en/agenda",
    "timestamp": "unknown"
  },
  {
    "title": "Grifols MuseumGrifols MuseumLa Casa: Where It All BeganThe Plant: People Helping PeopleThe World: From Family Business to Global Company",
    "link": "https://www.grifols.com/en/agenda",
    "timestamp": "unknown"
  },
  {
    "title": "Grifols Museum",
    "link": "https://www.grifols.com/en/grifols-museum",
    "timestamp": "unknown"
  },
  {
    "title": "La Casa: Where It All Began",
    "link": "https://www.grifols.com/en/grifols-museum-la-casa-where-it-all-began",
    "timestamp": "unknown"
  },
  {
    "title": "La Casa: Where It All Began",
    "link": "https://www.grifols.com/en/grifols-museum-la-casa-where-it-all-began",
    "timestamp": "unknown"
  },
  {
    "title": "The Plant: People Helping People",
    "link": "https://www.grifols.com/en/grifols-museum-the-plant-people-helping-people",
    "timestamp": "unknown"
  },
  {
    "title": "The Plant: People Helping People",
    "link": "https://www.grifols.com/en/grifols-museum-the-plant-people-helping-people",
    "timestamp": "unknown"
  },
  {
    "title": "The World: From Family Business to Global Company",
    "link": "https://www.grifols.com/en/grifols-museum-the-world-from-family-business-to-global-company",
    "timestamp": "unknown"
  },
  {
    "title": "The World: From Family Business to Global Company",
    "link": "https://www.grifols.com/en/grifols-museum-the-world-from-family-business-to-global-company",
    "timestamp": "unknown"
  },
  {
    "title": "GrifologyGrifologyThe Cabinet",
    "link": "https://www.grifols.com/en/agenda",
    "timestamp": "unknown"
  },
  {
    "title": "GrifologyGrifologyThe Cabinet",
    "link": "https://www.grifols.com/en/agenda",
    "timestamp": "unknown"
  },
  {
    "title": "Grifology",
    "link": "https://www.grifols.com/en/grifology-connecting-innovation",
    "timestamp": "unknown"
  },
  {
    "title": "The Cabinet",
    "link": "https://www.grifols.com/en/the-cabinet-century-of-innovation",
    "timestamp": "unknown"
  },
  {
    "title": "The Cabinet",
    "link": "https://www.grifols.com/en/the-cabinet-century-of-innovation",
    "timestamp": "unknown"
  },
  {
    "title": "Grifols Engineering",
    "link": "https://www.grifols.com/en/grifols-engineering",
    "timestamp": "unknown"
  },
  {
    "title": "Grifols Engineering",
    "link": "https://www.grifols.com/en/grifols-engineering",
    "timestamp": "unknown"
  },
  {
    "title": "InnovationInnovationPlasma PowerhouseBeyond PlasmaKey Therapeutic AreasKey Therapeutic AreasImmunologyHepatology and Intensive CarePulmonologyHematolo",
    "link": "https://www.grifols.com/en/agenda",
    "timestamp": "unknown"
  },
  {
    "title": "InnovationInnovationPlasma PowerhouseBeyond PlasmaKey Therapeutic AreasKey Therapeutic AreasImmunologyHepatology and Intensive CarePulmonologyHematolo",
    "link": "https://www.grifols.com/en/agenda",
    "timestamp": "unknown"
  },
  {
    "title": "Innovation",
    "link": "https://www.grifols.com/en/innovation",
    "timestamp": "unknown"
  },
  {
    "title": "Plasma Powerhouse",
    "link": "https://www.grifols.com/en/plasma-powerhouse",
    "timestamp": "unknown"
  },
  {
    "title": "Plasma Powerhouse",
    "link": "https://www.grifols.com/en/plasma-powerhouse",
    "timestamp": "unknown"
  },
  {
    "title": "Beyond Plasma",
    "link": "https://www.grifols.com/en/beyond-plasma",
    "timestamp": "unknown"
  },
  {
    "title": "Beyond Plasma",
    "link": "https://www.grifols.com/en/beyond-plasma",
    "timestamp": "unknown"
  },
  {
    "title": "Key Therapeutic AreasKey Therapeutic AreasImmunologyHepatology and Intensive CarePulmonologyHematologyNeurologyInfectious DiseasesFurther Therapeutic ",
    "link": "https://www.grifols.com/en/agenda",
    "timestamp": "unknown"
  },
  {
    "title": "Key Therapeutic AreasKey Therapeutic AreasImmunologyHepatology and Intensive CarePulmonologyHematologyNeurologyInfectious DiseasesFurther Therapeutic ",
    "link": "https://www.grifols.com/en/agenda",
    "timestamp": "unknown"
  },
  {
    "title": "Key Therapeutic Areas",
    "link": "https://www.grifols.com/en/key-therapeutic-areas",
    "timestamp": "unknown"
  },
  {
    "title": "Immunology",
    "link": "https://www.grifols.com/en/immunology",
    "timestamp": "unknown"
  },
  {
    "title": "Immunology",
    "link": "https://www.grifols.com/en/immunology",
    "timestamp": "unknown"
  },
  {
    "title": "Hepatology and Intensive Care",
    "link": "https://www.grifols.com/en/hepatology-and-intensive-care",
    "timestamp": "unknown"
  },
  {
    "title": "Hepatology and Intensive Care",
    "link": "https://www.grifols.com/en/hepatology-and-intensive-care",
    "timestamp": "unknown"
  },
  {
    "title": "Pulmonology",
    "link": "https://www.grifols.com/en/pulmonology",
    "timestamp": "unknown"
  },
  {
    "title": "Pulmonology",
    "link": "https://www.grifols.com/en/pulmonology",
    "timestamp": "unknown"
  },
  {
    "title": "Hematology",
    "link": "https://www.grifols.com/en/hematology",
    "timestamp": "unknown"
  },
  {
    "title": "Hematology",
    "link": "https://www.grifols.com/en/hematology",
    "timestamp": "unknown"
  },
  {
    "title": "Neurology",
    "link": "https://www.grifols.com/en/neurology",
    "timestamp": "unknown"
  },
  {
    "title": "Neurology",
    "link": "https://www.grifols.com/en/neurology",
    "timestamp": "unknown"
  },
  {
    "title": "Infectious Diseases",
    "link": "https://www.grifols.com/en/infectious-diseases",
    "timestamp": "unknown"
  },
  {
    "title": "Infectious Diseases",
    "link": "https://www.grifols.com/en/infectious-diseases",
    "timestamp": "unknown"
  },
  {
    "title": "Further Therapeutic Opportunities",
    "link": "https://www.grifols.com/en/further-therapeutic-opportunities",
    "timestamp": "unknown"
  },
  {
    "title": "Further Therapeutic Opportunities",
    "link": "https://www.grifols.com/en/further-therapeutic-opportunities",
    "timestamp": "unknown"
  },
  {
    "title": "CHRONOS-PD: Plasma Science in Parkinson\u2019s Research",
    "link": "https://www.grifols.com/en/chronos-pd",
    "timestamp": "unknown"
  },
  {
    "title": "CHRONOS-PD: Plasma Science in Parkinson\u2019s Research",
    "link": "https://www.grifols.com/en/chronos-pd",
    "timestamp": "unknown"
  },
  {
    "title": "Extending Our Innovative ReachExtending Our Innovative ReachTeam Up with Grifols Innovation and New TechnologiesScientific Awards and Programs",
    "link": "https://www.grifols.com/en/agenda",
    "timestamp": "unknown"
  },
  {
    "title": "Extending Our Innovative ReachExtending Our Innovative ReachTeam Up with Grifols Innovation and New TechnologiesScientific Awards and Programs",
    "link": "https://www.grifols.com/en/agenda",
    "timestamp": "unknown"
  },
  {
    "title": "Extending Our Innovative Reach",
    "link": "https://www.grifols.com/en/extending-our-innovative-reach",
    "timestamp": "unknown"
  },
  {
    "title": "Team Up with Grifols Innovation and New Technologies",
    "link": "https://www.grifols.com/en/team-up-with-grifols-innovation-and-new-technologies",
    "timestamp": "unknown"
  },
  {
    "title": "Team Up with Grifols Innovation and New Technologies",
    "link": "https://www.grifols.com/en/team-up-with-grifols-innovation-and-new-technologies",
    "timestamp": "unknown"
  },
  {
    "title": "Scientific Awards and Programs",
    "link": "https://www.grifols.com/en/scientific-awards-and-programs",
    "timestamp": "unknown"
  },
  {
    "title": "Scientific Awards and Programs",
    "link": "https://www.grifols.com/en/scientific-awards-and-programs",
    "timestamp": "unknown"
  },
  {
    "title": "Connecting Knowledge - Our R&D Network",
    "link": "https://www.grifols.com/en/connecting-knowledge-our-r-d-network",
    "timestamp": "unknown"
  },
  {
    "title": "Connecting Knowledge - Our R&D Network",
    "link": "https://www.grifols.com/en/connecting-knowledge-our-r-d-network",
    "timestamp": "unknown"
  },
  {
    "title": "SustainabilitySustainabilityCommitment to Donors and PatientsCommitment to Donors and PatientsSupporting DonorsSupporting PatientsImpact on SocietyImp",
    "link": "https://www.grifols.com/en/agenda",
    "timestamp": "unknown"
  },
  {
    "title": "SustainabilitySustainabilityCommitment to Donors and PatientsCommitment to Donors and PatientsSupporting DonorsSupporting PatientsImpact on SocietyImp",
    "link": "https://www.grifols.com/en/agenda",
    "timestamp": "unknown"
  },
  {
    "title": "Sustainability",
    "link": "https://www.grifols.com/en/sustainability",
    "timestamp": "unknown"
  },
  {
    "title": "Commitment to Donors and PatientsCommitment to Donors and PatientsSupporting DonorsSupporting Patients",
    "link": "https://www.grifols.com/en/agenda",
    "timestamp": "unknown"
  },
  {
    "title": "Commitment to Donors and PatientsCommitment to Donors and PatientsSupporting DonorsSupporting Patients",
    "link": "https://www.grifols.com/en/agenda",
    "timestamp": "unknown"
  },
  {
    "title": "Commitment to Donors and Patients",
    "link": "https://www.grifols.com/en/commitment-to-donors-and-patients",
    "timestamp": "unknown"
  },
  {
    "title": "Supporting Donors",
    "link": "https://www.grifols.com/en/supporting-donors",
    "timestamp": "unknown"
  },
  {
    "title": "Supporting Donors",
    "link": "https://www.grifols.com/en/supporting-donors",
    "timestamp": "unknown"
  },
  {
    "title": "Supporting Patients",
    "link": "https://www.grifols.com/en/supporting-patients",
    "timestamp": "unknown"
  },
  {
    "title": "Supporting Patients",
    "link": "https://www.grifols.com/en/supporting-patients",
    "timestamp": "unknown"
  },
  {
    "title": "Impact on SocietyImpact on SocietyOur Foundations",
    "link": "https://www.grifols.com/en/agenda",
    "timestamp": "unknown"
  },
  {
    "title": "Impact on SocietyImpact on SocietyOur Foundations",
    "link": "https://www.grifols.com/en/agenda",
    "timestamp": "unknown"
  },
  {
    "title": "Impact on Society",
    "link": "https://www.grifols.com/en/impact-on-society",
    "timestamp": "unknown"
  },
  {
    "title": "Our Foundations",
    "link": "https://www.grifols.com/en/our-foundations",
    "timestamp": "unknown"
  },
  {
    "title": "Our Foundations",
    "link": "https://www.grifols.com/en/our-foundations",
    "timestamp": "unknown"
  },
  {
    "title": "Our People",
    "link": "https://www.grifols.com/en/our-people",
    "timestamp": "unknown"
  },
  {
    "title": "Our People",
    "link": "https://www.grifols.com/en/our-people",
    "timestamp": "unknown"
  },
  {
    "title": "The Environment",
    "link": "https://www.grifols.com/en/the-environment",
    "timestamp": "unknown"
  },
  {
    "title": "The Environment",
    "link": "https://www.grifols.com/en/the-environment",
    "timestamp": "unknown"
  },
  {
    "title": "Ethical Leadership",
    "link": "https://www.grifols.com/en/ethical-leadership",
    "timestamp": "unknown"
  },
  {
    "title": "Ethical Leadership",
    "link": "https://www.grifols.com/en/ethical-leadership",
    "timestamp": "unknown"
  },
  {
    "title": "Sustainability Reports",
    "link": "https://www.grifols.com/en/sustainability-reports",
    "timestamp": "unknown"
  },
  {
    "title": "Sustainability Reports",
    "link": "https://www.grifols.com/en/sustainability-reports",
    "timestamp": "unknown"
  },
  {
    "title": "Products",
    "link": "https://products.grifols.com/",
    "timestamp": "unknown"
  },
  {
    "title": "Products",
    "link": "https://products.grifols.com/",
    "timestamp": "unknown"
  },
  {
    "title": "InvestorsInvestorsStock InformationStock and share capitalDividendsMajor Holders and Treasury StockAgreements between ShareholdersAnalyst CoverageFina",
    "link": "https://www.grifols.com/en/agenda",
    "timestamp": "unknown"
  },
  {
    "title": "InvestorsInvestorsStock InformationStock and share capitalDividendsMajor Holders and Treasury StockAgreements between ShareholdersAnalyst CoverageFina",
    "link": "https://www.grifols.com/en/agenda",
    "timestamp": "unknown"
  },
  {
    "title": "Investors",
    "link": "https://www.grifols.com/en/investors",
    "timestamp": "unknown"
  },
  {
    "title": "Stock InformationStock and share capitalDividendsMajor Holders and Treasury StockAgreements between ShareholdersAnalyst Coverage",
    "link": "https://www.grifols.com/en/agenda",
    "timestamp": "unknown"
  },
  {
    "title": "Stock InformationStock and share capitalDividendsMajor Holders and Treasury StockAgreements between ShareholdersAnalyst Coverage",
    "link": "https://www.grifols.com/en/agenda",
    "timestamp": "unknown"
  },
  {
    "title": "Stock and share capital",
    "link": "https://www.grifols.com/en/stock-and-capital",
    "timestamp": "unknown"
  },
  {
    "title": "Stock and share capital",
    "link": "https://www.grifols.com/en/stock-and-capital",
    "timestamp": "unknown"
  },
  {
    "title": "Dividends",
    "link": "https://www.grifols.com/en/dividends",
    "timestamp": "unknown"
  },
  {
    "title": "Dividends",
    "link": "https://www.grifols.com/en/dividends",
    "timestamp": "unknown"
  },
  {
    "title": "Major Holders and Treasury Stock",
    "link": "https://www.grifols.com/en/major-holders-and-treasury-stock",
    "timestamp": "unknown"
  },
  {
    "title": "Major Holders and Treasury Stock",
    "link": "https://www.grifols.com/en/major-holders-and-treasury-stock",
    "timestamp": "unknown"
  },
  {
    "title": "Agreements between Shareholders",
    "link": "https://www.grifols.com/en/agreements-between-shareholders",
    "timestamp": "unknown"
  },
  {
    "title": "Agreements between Shareholders",
    "link": "https://www.grifols.com/en/agreements-between-shareholders",
    "timestamp": "unknown"
  },
  {
    "title": "Analyst Coverage",
    "link": "https://www.grifols.com/en/analyst-coverage",
    "timestamp": "unknown"
  },
  {
    "title": "Analyst Coverage",
    "link": "https://www.grifols.com/en/analyst-coverage",
    "timestamp": "unknown"
  },
  {
    "title": "FinancialsFinancial ResultsAnnual AccountsFixed Income and Credit RatingsAverage Period of Payment to SuppliersKey Figures",
    "link": "https://www.grifols.com/en/agenda",
    "timestamp": "unknown"
  },
  {
    "title": "FinancialsFinancial ResultsAnnual AccountsFixed Income and Credit RatingsAverage Period of Payment to SuppliersKey Figures",
    "link": "https://www.grifols.com/en/agenda",
    "timestamp": "unknown"
  },
  {
    "title": "Financial Results",
    "link": "https://www.grifols.com/en/financial-results",
    "timestamp": "unknown"
  },
  {
    "title": "Financial Results",
    "link": "https://www.grifols.com/en/financial-results",
    "timestamp": "unknown"
  },
  {
    "title": "Annual Accounts",
    "link": "https://www.grifols.com/en/annual-accounts",
    "timestamp": "unknown"
  },
  {
    "title": "Annual Accounts",
    "link": "https://www.grifols.com/en/annual-accounts",
    "timestamp": "unknown"
  },
  {
    "title": "Fixed Income and Credit Ratings",
    "link": "https://www.grifols.com/en/fixed-income-and-credit-ratings",
    "timestamp": "unknown"
  },
  {
    "title": "Fixed Income and Credit Ratings",
    "link": "https://www.grifols.com/en/fixed-income-and-credit-ratings",
    "timestamp": "unknown"
  },
  {
    "title": "Average Period of Payment to Suppliers",
    "link": "https://www.grifols.com/en/average-period-of-payment-to-suppliers",
    "timestamp": "unknown"
  },
  {
    "title": "Average Period of Payment to Suppliers",
    "link": "https://www.grifols.com/en/average-period-of-payment-to-suppliers",
    "timestamp": "unknown"
  },
  {
    "title": "Key Figures",
    "link": "https://www.grifols.com/en/key-figures",
    "timestamp": "unknown"
  },
  {
    "title": "Key Figures",
    "link": "https://www.grifols.com/en/key-figures",
    "timestamp": "unknown"
  },
  {
    "title": "Press Releases",
    "link": "https://www.grifols.com/en/press-releases",
    "timestamp": "unknown"
  },
  {
    "title": "Press Releases",
    "link": "https://www.grifols.com/en/press-releases",
    "timestamp": "unknown"
  },
  {
    "title": "Presentations and Events",
    "link": "https://www.grifols.com/en/presentations-and-events",
    "timestamp": "unknown"
  },
  {
    "title": "Presentations and Events",
    "link": "https://www.grifols.com/en/presentations-and-events",
    "timestamp": "unknown"
  },
  {
    "title": "Agenda",
    "link": "https://www.grifols.com/en/agenda",
    "timestamp": "unknown"
  },
  {
    "title": "Agenda",
    "link": "https://www.grifols.com/en/agenda",
    "timestamp": "unknown"
  },
  {
    "title": "Communications with CNMV and SECCNMVSECOther Relevant InformationInside InformationSignificant events until  February",
    "link": "https://www.grifols.com/en/agenda",
    "timestamp": "unknown"
  },
  {
    "title": "Communications with CNMV and SECCNMVSECOther Relevant InformationInside InformationSignificant events until  February",
    "link": "https://www.grifols.com/en/agenda",
    "timestamp": "unknown"
  },
  {
    "title": "CNMV",
    "link": "https://www.cnmv.es/portal/consultas/datosentidad.aspx?nif=A58389123&lang=en",
    "timestamp": "unknown"
  },
  {
    "title": "CNMV",
    "link": "https://www.cnmv.es/portal/consultas/datosentidad.aspx?nif=A58389123&lang=en",
    "timestamp": "unknown"
  },
  {
    "title": "SEC",
    "link": "https://www.sec.gov/cgi-bin/browse-edgar?action=getcompany&CIK=&owner=exclude&count=",
    "timestamp": "unknown"
  },
  {
    "title": "SEC",
    "link": "https://www.sec.gov/cgi-bin/browse-edgar?action=getcompany&CIK=&owner=exclude&count=",
    "timestamp": "unknown"
  },
  {
    "title": "Other Relevant Information",
    "link": "https://www.grifols.com/en/other-relevant-information",
    "timestamp": "unknown"
  },
  {
    "title": "Other Relevant Information",
    "link": "https://www.grifols.com/en/other-relevant-information",
    "timestamp": "unknown"
  },
  {
    "title": "Inside Information",
    "link": "https://www.grifols.com/en/inside-information",
    "timestamp": "unknown"
  },
  {
    "title": "Inside Information",
    "link": "https://www.grifols.com/en/inside-information",
    "timestamp": "unknown"
  },
  {
    "title": "Significant events until  February",
    "link": "https://www.grifols.com/en/relevant-events",
    "timestamp": "unknown"
  },
  {
    "title": "Significant events until  February",
    "link": "https://www.grifols.com/en/relevant-events",
    "timestamp": "unknown"
  },
  {
    "title": "Corporate Stewardship Reports",
    "link": "https://www.grifols.com/en/corporate-stewardship-reports",
    "timestamp": "unknown"
  },
  {
    "title": "Corporate Stewardship Reports",
    "link": "https://www.grifols.com/en/corporate-stewardship-reports",
    "timestamp": "unknown"
  },
  {
    "title": "Corporate GovernanceBoard of DirectorsGeneral Shareholders\u2019 MeetingAnnual Corporate Governance ReportDirectors' Remuneration ReportArticles of Associa",
    "link": "https://www.grifols.com/en/agenda",
    "timestamp": "unknown"
  },
  {
    "title": "Corporate GovernanceBoard of DirectorsGeneral Shareholders\u2019 MeetingAnnual Corporate Governance ReportDirectors' Remuneration ReportArticles of Associa",
    "link": "https://www.grifols.com/en/agenda",
    "timestamp": "unknown"
  },
  {
    "title": "Board of Directors",
    "link": "https://www.grifols.com/en/board-of-directors",
    "timestamp": "unknown"
  },
  {
    "title": "Board of Directors",
    "link": "https://www.grifols.com/en/board-of-directors",
    "timestamp": "unknown"
  },
  {
    "title": "General Shareholders\u2019 Meeting",
    "link": "https://www.grifols.com/en/general-shareholders-meeting",
    "timestamp": "unknown"
  },
  {
    "title": "General Shareholders\u2019 Meeting",
    "link": "https://www.grifols.com/en/general-shareholders-meeting",
    "timestamp": "unknown"
  },
  {
    "title": "Annual Corporate Governance Report",
    "link": "https://www.grifols.com/en/annual-corporate-governance-report",
    "timestamp": "unknown"
  },
  {
    "title": "Annual Corporate Governance Report",
    "link": "https://www.grifols.com/en/annual-corporate-governance-report",
    "timestamp": "unknown"
  },
  {
    "title": "Directors' Remuneration Report",
    "link": "https://www.grifols.com/en/directors-remuneration-report",
    "timestamp": "unknown"
  },
  {
    "title": "Directors' Remuneration Report",
    "link": "https://www.grifols.com/en/directors-remuneration-report",
    "timestamp": "unknown"
  },
  {
    "title": "Articles of Association",
    "link": "https://www.grifols.com/en/articles-of-association",
    "timestamp": "unknown"
  },
  {
    "title": "Articles of Association",
    "link": "https://www.grifols.com/en/articles-of-association",
    "timestamp": "unknown"
  },
  {
    "title": "Corporate Policies",
    "link": "https://www.grifols.com/en/corporate-policies",
    "timestamp": "unknown"
  },
  {
    "title": "Corporate Policies",
    "link": "https://www.grifols.com/en/corporate-policies",
    "timestamp": "unknown"
  },
  {
    "title": "Mergers",
    "link": "https://www.grifols.com/en/mergers",
    "timestamp": "unknown"
  },
  {
    "title": "Mergers",
    "link": "https://www.grifols.com/en/mergers",
    "timestamp": "unknown"
  },
  {
    "title": "Biotest: Voluntary Takeover Offer | Freiwilliges \u00dcbernahmeangebot ()",
    "link": "https://www.grifols.com/en/biotest-voluntary-takeover-offer",
    "timestamp": "unknown"
  },
  {
    "title": "Biotest: Voluntary Takeover Offer | Freiwilliges \u00dcbernahmeangebot ()",
    "link": "https://www.grifols.com/en/biotest-voluntary-takeover-offer",
    "timestamp": "unknown"
  },
  {
    "title": "Biotest: Acquisition offer (delisting) / freiwilliges Erwerbsangebot (Delisting) ()",
    "link": "https://www.grifols.com/en/biotest-acquisition-offer",
    "timestamp": "unknown"
  },
  {
    "title": "Biotest: Acquisition offer (delisting) / freiwilliges Erwerbsangebot (Delisting) ()",
    "link": "https://www.grifols.com/en/biotest-acquisition-offer",
    "timestamp": "unknown"
  },
  {
    "title": "CareersCareersWhy GrifolsWhy GrifolsPeople & CultureOur teamsTraining and DevelopmentHiring JourneyEarly Careers",
    "link": "https://www.grifols.com/en/agenda",
    "timestamp": "unknown"
  },
  {
    "title": "CareersCareersWhy GrifolsWhy GrifolsPeople & CultureOur teamsTraining and DevelopmentHiring JourneyEarly Careers",
    "link": "https://www.grifols.com/en/agenda",
    "timestamp": "unknown"
  },
  {
    "title": "Careers",
    "link": "https://www.grifols.com/en/careers",
    "timestamp": "unknown"
  },
  {
    "title": "Why GrifolsWhy GrifolsPeople & CultureOur teams",
    "link": "https://www.grifols.com/en/agenda",
    "timestamp": "unknown"
  },
  {
    "title": "Why GrifolsWhy GrifolsPeople & CultureOur teams",
    "link": "https://www.grifols.com/en/agenda",
    "timestamp": "unknown"
  },
  {
    "title": "Why Grifols",
    "link": "https://www.grifols.com/en/why-grifols",
    "timestamp": "unknown"
  },
  {
    "title": "People & Culture",
    "link": "https://www.grifols.com/en/culture",
    "timestamp": "unknown"
  },
  {
    "title": "People & Culture",
    "link": "https://www.grifols.com/en/culture",
    "timestamp": "unknown"
  },
  {
    "title": "Our teams",
    "link": "https://www.grifols.com/en/teams",
    "timestamp": "unknown"
  },
  {
    "title": "Our teams",
    "link": "https://www.grifols.com/en/teams",
    "timestamp": "unknown"
  },
  {
    "title": "Training and Development",
    "link": "https://www.grifols.com/en/training-and-development",
    "timestamp": "unknown"
  },
  {
    "title": "Training and Development",
    "link": "https://www.grifols.com/en/training-and-development",
    "timestamp": "unknown"
  },
  {
    "title": "Hiring Journey",
    "link": "https://www.grifols.com/en/hiring-journey",
    "timestamp": "unknown"
  },
  {
    "title": "Hiring Journey",
    "link": "https://www.grifols.com/en/hiring-journey",
    "timestamp": "unknown"
  },
  {
    "title": "Early Careers",
    "link": "https://www.grifols.com/en/early-careers",
    "timestamp": "unknown"
  },
  {
    "title": "Early Careers",
    "link": "https://www.grifols.com/en/early-careers",
    "timestamp": "unknown"
  },
  {
    "title": "MediaMediaNewsroomEventsEventsH1  Financial ResultsGeneral Shareholders' MeetingMedia ContactsMedia Center",
    "link": "https://www.grifols.com/en/agenda",
    "timestamp": "unknown"
  },
  {
    "title": "MediaMediaNewsroomEventsEventsH1  Financial ResultsGeneral Shareholders' MeetingMedia ContactsMedia Center",
    "link": "https://www.grifols.com/en/agenda",
    "timestamp": "unknown"
  },
  {
    "title": "Media",
    "link": "https://www.grifols.com/en/media",
    "timestamp": "unknown"
  },
  {
    "title": "Newsroom",
    "link": "https://www.grifols.com/en/newsroom",
    "timestamp": "unknown"
  },
  {
    "title": "Newsroom",
    "link": "https://www.grifols.com/en/newsroom",
    "timestamp": "unknown"
  },
  {
    "title": "EventsEventsH1  Financial ResultsGeneral Shareholders' Meeting",
    "link": "https://www.grifols.com/en/agenda",
    "timestamp": "unknown"
  },
  {
    "title": "EventsEventsH1  Financial ResultsGeneral Shareholders' Meeting",
    "link": "https://www.grifols.com/en/agenda",
    "timestamp": "unknown"
  },
  {
    "title": "Events",
    "link": "https://www.grifols.com/en/events",
    "timestamp": "unknown"
  },
  {
    "title": "H1  Financial Results",
    "link": "https://www.grifols.com/en/h1--financial-results",
    "timestamp": "unknown"
  },
  {
    "title": "H1  Financial Results",
    "link": "https://www.grifols.com/en/h1--financial-results",
    "timestamp": "unknown"
  },
  {
    "title": "General Shareholders' Meeting",
    "link": "https://www.grifols.com/en/general-shareholders-meeting-",
    "timestamp": "unknown"
  },
  {
    "title": "General Shareholders' Meeting",
    "link": "https://www.grifols.com/en/general-shareholders-meeting-",
    "timestamp": "unknown"
  },
  {
    "title": "Media Contacts",
    "link": "https://www.grifols.com/en/media-contacts",
    "timestamp": "unknown"
  },
  {
    "title": "Media Contacts",
    "link": "https://www.grifols.com/en/media-contacts",
    "timestamp": "unknown"
  },
  {
    "title": "Media Center",
    "link": "https://www.grifols.com/en/media-center",
    "timestamp": "unknown"
  },
  {
    "title": "Media Center",
    "link": "https://www.grifols.com/en/media-center",
    "timestamp": "unknown"
  },
  {
    "title": "PartnersPartnersJoin our network of suppliers",
    "link": "https://www.grifols.com/en/agenda",
    "timestamp": "unknown"
  },
  {
    "title": "PartnersPartnersJoin our network of suppliers",
    "link": "https://www.grifols.com/en/agenda",
    "timestamp": "unknown"
  },
  {
    "title": "Partners",
    "link": "https://www.grifols.com/en/partners",
    "timestamp": "unknown"
  },
  {
    "title": "Join our network of suppliers",
    "link": "https://www.grifols.com/en/grifols-supplier-network",
    "timestamp": "unknown"
  },
  {
    "title": "Join our network of suppliers",
    "link": "https://www.grifols.com/en/grifols-supplier-network",
    "timestamp": "unknown"
  },
  {
    "title": "Connect with us",
    "link": "https://www.linkedin.com/company/grifols",
    "timestamp": "unknown"
  },
  {
    "title": "InvestorsGrifolsInvestorsAgendaAgendaAgenda",
    "link": "https://www.grifols.com/en/investors",
    "timestamp": "unknown"
  },
  {
    "title": "InvestorsGrifolsInvestorsAgendaAgendaAgenda",
    "link": "https://www.grifols.com/en/investors",
    "timestamp": "unknown"
  },
  {
    "title": "InvestorsGrifolsInvestorsAgendaAgendaAgenda",
    "link": "https://www.grifols.com/en/investors",
    "timestamp": "unknown"
  },
  {
    "title": "InvestorsGrifolsInvestorsAgendaAgendaAgenda",
    "link": "https://www.grifols.com/en/investors",
    "timestamp": "unknown"
  },
  {
    "title": "InvestorsGrifolsInvestorsAgendaAgendaAgenda",
    "link": "https://www.grifols.com/en/investors",
    "timestamp": "unknown"
  },
  {
    "title": "InvestorsGrifolsInvestorsAgenda",
    "link": "https://www.grifols.com/en/investors",
    "timestamp": "unknown"
  },
  {
    "title": "InvestorsGrifolsInvestorsAgenda",
    "link": "https://www.grifols.com/en/investors",
    "timestamp": "unknown"
  },
  {
    "title": "InvestorsGrifolsInvestorsAgenda",
    "link": "https://www.grifols.com/en/investors",
    "timestamp": "unknown"
  },
  {
    "title": "InvestorsGrifolsInvestorsAgenda",
    "link": "https://www.grifols.com/en/investors",
    "timestamp": "unknown"
  },
  {
    "title": "InvestorsGrifolsInvestorsAgenda",
    "link": "https://www.grifols.com/en/investors",
    "timestamp": "unknown"
  },
  {
    "title": "Investors",
    "link": "https://www.grifols.com/en/investors",
    "timestamp": "unknown"
  },
  {
    "title": "Investors",
    "link": "https://www.grifols.com/en/investors",
    "timestamp": "unknown"
  },
  {
    "title": "GrifolsInvestorsAgenda",
    "link": "https://www.grifols.com/en/home",
    "timestamp": "unknown"
  },
  {
    "title": "GrifolsInvestorsAgenda",
    "link": "https://www.grifols.com/en/home",
    "timestamp": "unknown"
  },
  {
    "title": "About UsAbout UsCompanySustainabilityInnovationProductsInvestorsCareersMedia",
    "link": "https://www.grifols.com/en/company",
    "timestamp": "unknown"
  },
  {
    "title": "Company",
    "link": "https://www.grifols.com/en/company",
    "timestamp": "unknown"
  },
  {
    "title": "Sustainability",
    "link": "https://www.grifols.com/en/sustainability",
    "timestamp": "unknown"
  },
  {
    "title": "Innovation",
    "link": "https://www.grifols.com/en/innovation",
    "timestamp": "unknown"
  },
  {
    "title": "Products",
    "link": "https://products.grifols.com/en?forcelang=true",
    "timestamp": "unknown"
  },
  {
    "title": "Investors",
    "link": "https://www.grifols.com/en/investors",
    "timestamp": "unknown"
  },
  {
    "title": "Careers",
    "link": "https://www.grifols.com/en/careers",
    "timestamp": "unknown"
  },
  {
    "title": "Media",
    "link": "https://www.grifols.com/en/media",
    "timestamp": "unknown"
  },
  {
    "title": "Top websitesTop websitesGrifols PlasmaGrifols Diagnostics SolutionsGrifols Scientific AwardsGrifols EngineeringGrifols Egypt for Plasma DerivativesVic",
    "link": "https://www.grifolsplasma.com/",
    "timestamp": "unknown"
  },
  {
    "title": "Grifols Plasma",
    "link": "https://www.grifolsplasma.com/",
    "timestamp": "unknown"
  },
  {
    "title": "Grifols Diagnostics Solutions",
    "link": "https://www.diagnostic.grifols.com/en/home",
    "timestamp": "unknown"
  },
  {
    "title": "Grifols Scientific Awards",
    "link": "https://www.grifolsscientificawards.com",
    "timestamp": "unknown"
  },
  {
    "title": "Grifols Engineering",
    "link": "https://www.grifolsengineering.com",
    "timestamp": "unknown"
  },
  {
    "title": "Grifols Egypt for Plasma Derivatives",
    "link": "https://www.grifolsegyptplasma.com",
    "timestamp": "unknown"
  },
  {
    "title": "Victor Grifols i Lucas Foundation",
    "link": "https://www.fundaciogrifols.org",
    "timestamp": "unknown"
  },
  {
    "title": "Probitas Foundation",
    "link": "http://www.fundacionprobitas.org",
    "timestamp": "unknown"
  },
  {
    "title": "J.A. Grifols Foundation",
    "link": "https://www.joseantoniogrifolsfoundation.org",
    "timestamp": "unknown"
  },
  {
    "title": "Privacy Notices",
    "link": "https://www.grifols.com/en/privacy-notices",
    "timestamp": "unknown"
  },
  {
    "title": "Terms of Use",
    "link": "https://www.grifols.com/en/terms-of-use",
    "timestamp": "unknown"
  },
  {
    "title": "Contact",
    "link": "https://www.grifols.com/en/contact",
    "timestamp": "unknown"
  },
  {
    "title": "Glossary",
    "link": "https://www.grifols.com/en/glossary",
    "timestamp": "unknown"
  },
  {
    "title": "Connect with us\u00a9  Grifols, S.A. All rights reserved worldwide.",
    "link": "https://www.linkedin.com/company/grifols",
    "timestamp": "unknown"
  },
  {
    "title": "Connect with us\u00a9  Grifols, S.A. All rights reserved worldwide.",
    "link": "https://www.linkedin.com/company/grifols",
    "timestamp": "unknown"
  },
  {
    "title": "Connect with us",
    "link": "https://www.linkedin.com/company/grifols",
    "timestamp": "unknown"
  }
]