[
  {
    "title": "Behind the science US editionCompanyCompanyPurpose, strategy and cultureRespiratory, immunology and inflammationOncologyOncologyMyelofibrosisOvarian c",
    "link": "https://us.gsk.com/en-us/media/press-releases/",
    "timestamp": "unknown"
  },
  {
    "title": "Behind the science US edition",
    "link": "https://us.gsk.com/en-us/behind-the-science-us-edition/",
    "timestamp": "unknown"
  },
  {
    "title": "CompanyCompanyPurpose, strategy and cultureRespiratory, immunology and inflammationOncologyOncologyMyelofibrosisOvarian cancerEndometrial cancerMultip",
    "link": "https://us.gsk.com/en-us/company/",
    "timestamp": "unknown"
  },
  {
    "title": "Company",
    "link": "https://us.gsk.com/en-us/company/",
    "timestamp": "unknown"
  },
  {
    "title": "Purpose, strategy and culture",
    "link": "https://us.gsk.com/en-us/company/purpose-strategy-and-culture/",
    "timestamp": "unknown"
  },
  {
    "title": "Respiratory, immunology and inflammation",
    "link": "https://us.gsk.com/en-us/company/respiratory-immunology-and-inflammation/",
    "timestamp": "unknown"
  },
  {
    "title": "OncologyOncologyMyelofibrosisOvarian cancerEndometrial cancerMultiple myeloma",
    "link": "https://us.gsk.com/en-us/company/oncology/",
    "timestamp": "unknown"
  },
  {
    "title": "Oncology",
    "link": "https://us.gsk.com/en-us/company/",
    "timestamp": "unknown"
  },
  {
    "title": "Myelofibrosis",
    "link": "https://us.gsk.com/en-us/company/oncology/myelofibrosis/",
    "timestamp": "unknown"
  },
  {
    "title": "Ovarian cancer",
    "link": "https://us.gsk.com/en-us/company/oncology/ovarian-cancer/",
    "timestamp": "unknown"
  },
  {
    "title": "Endometrial cancer",
    "link": "https://us.gsk.com/en-us/company/oncology/endometrial-cancer/",
    "timestamp": "unknown"
  },
  {
    "title": "Multiple myeloma",
    "link": "https://us.gsk.com/en-us/company/oncology/multiple-myeloma/",
    "timestamp": "unknown"
  },
  {
    "title": "HIV",
    "link": "https://us.gsk.com/en-us/company/hiv/",
    "timestamp": "unknown"
  },
  {
    "title": "Infectious diseasesInfectious diseasesVaccinesFluRSV (Respiratory Syncytial Virus)Meningitis",
    "link": "https://us.gsk.com/en-us/company/infectious-diseases/",
    "timestamp": "unknown"
  },
  {
    "title": "Infectious diseases",
    "link": "https://us.gsk.com/en-us/company/",
    "timestamp": "unknown"
  },
  {
    "title": "Vaccines",
    "link": "https://us.gsk.com/en-us/company/infectious-diseases/vaccines/",
    "timestamp": "unknown"
  },
  {
    "title": "Flu",
    "link": "https://us.gsk.com/en-us/company/infectious-diseases/flu/",
    "timestamp": "unknown"
  },
  {
    "title": "RSV (Respiratory Syncytial Virus)",
    "link": "https://us.gsk.com/en-us/company/infectious-diseases/rsv-respiratory-syncytial-virus/",
    "timestamp": "unknown"
  },
  {
    "title": "Meningitis",
    "link": "https://us.gsk.com/en-us/company/infectious-diseases/meningitis/",
    "timestamp": "unknown"
  },
  {
    "title": "InnovationInnovationTherapeutic areasTechnologiesClinical studiesClinical studiesRepresentative clinical trials",
    "link": "https://us.gsk.com/en-us/innovation/",
    "timestamp": "unknown"
  },
  {
    "title": "Innovation",
    "link": "https://us.gsk.com/en-us/innovation/",
    "timestamp": "unknown"
  },
  {
    "title": "Therapeutic areas",
    "link": "https://us.gsk.com/en-us/innovation/therapeutic-areas/",
    "timestamp": "unknown"
  },
  {
    "title": "Technologies",
    "link": "https://us.gsk.com/en-us/innovation/technologies/",
    "timestamp": "unknown"
  },
  {
    "title": "Clinical studiesClinical studiesRepresentative clinical trials",
    "link": "https://us.gsk.com/en-us/innovation/clinical-studies/",
    "timestamp": "unknown"
  },
  {
    "title": "Clinical studies",
    "link": "https://us.gsk.com/en-us/innovation/",
    "timestamp": "unknown"
  },
  {
    "title": "Representative clinical trials",
    "link": "https://us.gsk.com/en-us/innovation/clinical-studies/representative-clinical-trials/",
    "timestamp": "unknown"
  },
  {
    "title": "Products",
    "link": "https://us.gsk.com/en-us/products/",
    "timestamp": "unknown"
  },
  {
    "title": "ResponsibilityResponsibilityInclusionUS charitable investmentsUS charitable investmentsCharitable grantsEthical standards",
    "link": "https://us.gsk.com/en-us/responsibility/",
    "timestamp": "unknown"
  },
  {
    "title": "Responsibility",
    "link": "https://us.gsk.com/en-us/responsibility/",
    "timestamp": "unknown"
  },
  {
    "title": "Inclusion",
    "link": "https://us.gsk.com/en-us/responsibility/inclusion/",
    "timestamp": "unknown"
  },
  {
    "title": "US charitable investmentsUS charitable investmentsCharitable grants",
    "link": "https://us.gsk.com/en-us/responsibility/us-charitable-investments/",
    "timestamp": "unknown"
  },
  {
    "title": "US charitable investments",
    "link": "https://us.gsk.com/en-us/responsibility/",
    "timestamp": "unknown"
  },
  {
    "title": "Charitable grants",
    "link": "https://us.gsk.com/en-us/responsibility/us-charitable-investments/charitable-grants/",
    "timestamp": "unknown"
  },
  {
    "title": "Ethical standards",
    "link": "https://us.gsk.com/en-us/responsibility/ethical-standards/",
    "timestamp": "unknown"
  },
  {
    "title": "MediaMediaPress releasesMedia contactsIn FocusIn FocusFlu is a Family AffairMapping MyelofibrosisFive for Five",
    "link": "https://us.gsk.com/en-us/media/",
    "timestamp": "unknown"
  },
  {
    "title": "Media",
    "link": "https://us.gsk.com/en-us/media/",
    "timestamp": "unknown"
  },
  {
    "title": "Press releases",
    "link": "https://us.gsk.com/en-us/media/press-releases/",
    "timestamp": "unknown"
  },
  {
    "title": "Media contacts",
    "link": "https://us.gsk.com/en-us/media/media-contacts/",
    "timestamp": "unknown"
  },
  {
    "title": "In FocusIn FocusFlu is a Family AffairMapping MyelofibrosisFive for Five",
    "link": "https://us.gsk.com/en-us/media/in-focus/",
    "timestamp": "unknown"
  },
  {
    "title": "In Focus",
    "link": "https://us.gsk.com/en-us/media/",
    "timestamp": "unknown"
  },
  {
    "title": "Flu is a Family Affair",
    "link": "https://us.gsk.com/en-us/media/in-focus/flu-is-a-family-affair/",
    "timestamp": "unknown"
  },
  {
    "title": "Mapping Myelofibrosis",
    "link": "https://us.gsk.com/en-us/media/in-focus/mapping-myelofibrosis/",
    "timestamp": "unknown"
  },
  {
    "title": "Five for Five",
    "link": "https://us.gsk.com/en-us/media/in-focus/five-for-five/",
    "timestamp": "unknown"
  },
  {
    "title": "CareersCareersSearch jobsLife at GSKLife at GSKEmployment rights under federal lawExperienced professionalsExperienced professionalsA career in oncolo",
    "link": "https://us.gsk.com/en-us/careers/",
    "timestamp": "unknown"
  },
  {
    "title": "Careers",
    "link": "https://us.gsk.com/en-us/careers/",
    "timestamp": "unknown"
  },
  {
    "title": "Search jobs",
    "link": "https://us.gsk.com/en-us/careers/search-jobs/",
    "timestamp": "unknown"
  },
  {
    "title": "Life at GSKLife at GSKEmployment rights under federal law",
    "link": "https://us.gsk.com/en-us/careers/life-at-gsk/",
    "timestamp": "unknown"
  },
  {
    "title": "Life at GSK",
    "link": "https://us.gsk.com/en-us/careers/",
    "timestamp": "unknown"
  },
  {
    "title": "Employment rights under federal law",
    "link": "https://us.gsk.com/en-us/careers/life-at-gsk/employment-rights-under-federal-law/",
    "timestamp": "unknown"
  },
  {
    "title": "Experienced professionalsExperienced professionalsA career in oncologyA career in Boston",
    "link": "https://us.gsk.com/en-us/careers/experienced-professionals/",
    "timestamp": "unknown"
  },
  {
    "title": "Experienced professionals",
    "link": "https://us.gsk.com/en-us/careers/",
    "timestamp": "unknown"
  },
  {
    "title": "A career in oncology",
    "link": "https://us.gsk.com/en-us/careers/experienced-professionals/a-career-in-oncology/",
    "timestamp": "unknown"
  },
  {
    "title": "A career in Boston",
    "link": "https://us.gsk.com/en-us/careers/experienced-professionals/a-career-in-boston/",
    "timestamp": "unknown"
  },
  {
    "title": "Early careersEarly careersApprenticesInternships and co-opsScientific leadership programCommercial development program",
    "link": "https://us.gsk.com/en-us/careers/early-careers/",
    "timestamp": "unknown"
  },
  {
    "title": "Early careers",
    "link": "https://us.gsk.com/en-us/careers/",
    "timestamp": "unknown"
  },
  {
    "title": "Apprentices",
    "link": "https://us.gsk.com/en-us/careers/early-careers/apprentices/",
    "timestamp": "unknown"
  },
  {
    "title": "Internships and co-ops",
    "link": "https://us.gsk.com/en-us/careers/early-careers/internships-and-co-ops/",
    "timestamp": "unknown"
  },
  {
    "title": "Scientific leadership program",
    "link": "https://us.gsk.com/en-us/careers/early-careers/scientific-leadership-program/",
    "timestamp": "unknown"
  },
  {
    "title": "Commercial development program",
    "link": "https://us.gsk.com/en-us/careers/early-careers/commercial-development-program/",
    "timestamp": "unknown"
  },
  {
    "title": "Veterans at GSK",
    "link": "https://us.gsk.com/en-us/careers/veterans-at-gsk/",
    "timestamp": "unknown"
  },
  {
    "title": "Dark ModeSwitch to dark mode to head towards a more sustainable world together.More info",
    "link": "https://us.gsk.com/en-us/media/press-releases/",
    "timestamp": "unknown"
  },
  {
    "title": "Dark ModeSwitch to dark mode to head towards a more sustainable world together.More info",
    "link": "https://us.gsk.com/en-us/media/press-releases/",
    "timestamp": "unknown"
  },
  {
    "title": "Switch to dark mode to head towards a more sustainable world together.More info",
    "link": "https://us.gsk.com/en-us/digital-sustainability/",
    "timestamp": "unknown"
  },
  {
    "title": "Switch to dark mode to head towards a more sustainable world together.More info",
    "link": "https://us.gsk.com/en-us/digital-sustainability/",
    "timestamp": "unknown"
  },
  {
    "title": "Switch to dark mode to head towards a more sustainable world together.More info",
    "link": "https://us.gsk.com/en-us/digital-sustainability/",
    "timestamp": "unknown"
  },
  {
    "title": "Healthcare professionalsHealthcare professionals",
    "link": "https://gskpro.com",
    "timestamp": "unknown"
  },
  {
    "title": "Contact usContact us",
    "link": "https://us.gsk.com/en-us/contact-us/",
    "timestamp": "unknown"
  },
  {
    "title": "GSK HomepageSearchMenu",
    "link": "https://us.gsk.com/en-us/",
    "timestamp": "unknown"
  },
  {
    "title": "GSK Homepage",
    "link": "https://us.gsk.com/en-us/",
    "timestamp": "unknown"
  },
  {
    "title": "SearchMenu",
    "link": "https://us.gsk.com/en-us/locations/",
    "timestamp": "unknown"
  },
  {
    "title": "United States (EN)Change locationGlobalDark ModeSwitch to dark mode to head towards a more sustainable world together.More infoHealthcare professional",
    "link": "https://us.gsk.com/en-us/media/press-releases/",
    "timestamp": "unknown"
  },
  {
    "title": "Change location",
    "link": "https://us.gsk.com/en-us/locations/",
    "timestamp": "unknown"
  },
  {
    "title": "Global",
    "link": "https://www.gsk.com",
    "timestamp": "unknown"
  },
  {
    "title": "Dark ModeSwitch to dark mode to head towards a more sustainable world together.More info",
    "link": "https://us.gsk.com/en-us/media/press-releases/",
    "timestamp": "unknown"
  },
  {
    "title": "Dark ModeSwitch to dark mode to head towards a more sustainable world together.More info",
    "link": "https://us.gsk.com/en-us/media/press-releases/",
    "timestamp": "unknown"
  },
  {
    "title": "Switch to dark mode to head towards a more sustainable world together.More info",
    "link": "https://us.gsk.com/en-us/digital-sustainability/",
    "timestamp": "unknown"
  },
  {
    "title": "Switch to dark mode to head towards a more sustainable world together.More info",
    "link": "https://us.gsk.com/en-us/digital-sustainability/",
    "timestamp": "unknown"
  },
  {
    "title": "Switch to dark mode to head towards a more sustainable world together.More info",
    "link": "https://us.gsk.com/en-us/digital-sustainability/",
    "timestamp": "unknown"
  },
  {
    "title": "Healthcare professionalsHealthcare professionals",
    "link": "https://gskpro.com",
    "timestamp": "unknown"
  },
  {
    "title": "Contact usContact us",
    "link": "https://us.gsk.com/en-us/contact-us/",
    "timestamp": "unknown"
  },
  {
    "title": "Search",
    "link": "https://us.gsk.com/en-us/media/press-releases/",
    "timestamp": "unknown"
  },
  {
    "title": "GSK Homepage",
    "link": "https://us.gsk.com/en-us/",
    "timestamp": "unknown"
  },
  {
    "title": "Behind the science US edition",
    "link": "https://us.gsk.com/en-us/behind-the-science-us-edition/",
    "timestamp": "unknown"
  },
  {
    "title": "Company",
    "link": "https://us.gsk.com/en-us/company/",
    "timestamp": "unknown"
  },
  {
    "title": "Innovation",
    "link": "https://us.gsk.com/en-us/innovation/",
    "timestamp": "unknown"
  },
  {
    "title": "Products",
    "link": "https://us.gsk.com/en-us/products/",
    "timestamp": "unknown"
  },
  {
    "title": "Responsibility",
    "link": "https://us.gsk.com/en-us/responsibility/",
    "timestamp": "unknown"
  },
  {
    "title": "Media",
    "link": "https://us.gsk.com/en-us/media/",
    "timestamp": "unknown"
  },
  {
    "title": "Careers",
    "link": "https://us.gsk.com/en-us/careers/",
    "timestamp": "unknown"
  },
  {
    "title": "HomeMediaPress releases",
    "link": "https://us.gsk.com/en-us/",
    "timestamp": "unknown"
  },
  {
    "title": "Home",
    "link": "https://us.gsk.com/en-us/",
    "timestamp": "unknown"
  },
  {
    "title": "Media",
    "link": "https://us.gsk.com/en-us/media/",
    "timestamp": "unknown"
  },
  {
    "title": "Press releases",
    "link": "https://us.gsk.com/en-us/media/press-releases/",
    "timestamp": "unknown"
  },
  {
    "title": "Press releasesBrowse US-specific press releases here.Please visit our Global websitefor access to global press releases dating back to .Date rangeSear",
    "link": "https://www.gsk.com/en-gb/media/press-releases/",
    "timestamp": "unknown"
  },
  {
    "title": "Press releasesBrowse US-specific press releases here.Please visit our Global websitefor access to global press releases dating back to .",
    "link": "https://www.gsk.com/en-gb/media/press-releases/",
    "timestamp": "unknown"
  },
  {
    "title": "Press releasesBrowse US-specific press releases here.Please visit our Global websitefor access to global press releases dating back to .",
    "link": "https://www.gsk.com/en-gb/media/press-releases/",
    "timestamp": "unknown"
  },
  {
    "title": "Browse US-specific press releases here.Please visit our Global websitefor access to global press releases dating back to .",
    "link": "https://www.gsk.com/en-gb/media/press-releases/",
    "timestamp": "unknown"
  },
  {
    "title": "Please visit our Global websitefor access to global press releases dating back to .",
    "link": "https://www.gsk.com/en-gb/media/press-releases/",
    "timestamp": "unknown"
  },
  {
    "title": "Continue toMedia",
    "link": "https://us.gsk.com/en-us/media/",
    "timestamp": "unknown"
  },
  {
    "title": "Continue toMedia",
    "link": "https://us.gsk.com/en-us/media/",
    "timestamp": "unknown"
  },
  {
    "title": "Continue toMedia",
    "link": "https://us.gsk.com/en-us/media/",
    "timestamp": "unknown"
  },
  {
    "title": "Gsk Logo ()This is our US website, intended for US audiences only. Other market sites can be reached by visiting ourlocation selector.\u00a9 - GSK plc. All",
    "link": "https://us.gsk.com/en-us/",
    "timestamp": "unknown"
  },
  {
    "title": "Gsk Logo ()This is our US website, intended for US audiences only. Other market sites can be reached by visiting ourlocation selector.\u00a9 - GSK plc. All",
    "link": "https://us.gsk.com/en-us/",
    "timestamp": "unknown"
  },
  {
    "title": "Gsk Logo ()This is our US website, intended for US audiences only. Other market sites can be reached by visiting ourlocation selector.\u00a9 - GSK plc. All",
    "link": "https://us.gsk.com/en-us/",
    "timestamp": "unknown"
  },
  {
    "title": "Gsk Logo ()This is our US website, intended for US audiences only. Other market sites can be reached by visiting ourlocation selector.\u00a9 - GSK plc. All",
    "link": "https://us.gsk.com/en-us/",
    "timestamp": "unknown"
  },
  {
    "title": "This is our US website, intended for US audiences only. Other market sites can be reached by visiting ourlocation selector.\u00a9 - GSK plc. All rights res",
    "link": "https://us.gsk.com/en-us/locations/",
    "timestamp": "unknown"
  },
  {
    "title": "This is our US website, intended for US audiences only. Other market sites can be reached by visiting ourlocation selector.",
    "link": "https://us.gsk.com/en-us/locations/",
    "timestamp": "unknown"
  },
  {
    "title": "GSK websitesGSK Global websiteLocations selectorGlobal Behind the scienceGSKPro for HCPsViiV HealthcareGSK study registerBusiness to BusinessSupplier ",
    "link": "https://www.gsk.com",
    "timestamp": "unknown"
  },
  {
    "title": "GSK websitesGSK Global websiteLocations selectorGlobal Behind the scienceGSKPro for HCPsViiV HealthcareGSK study registerBusiness to BusinessSupplier ",
    "link": "https://www.gsk.com",
    "timestamp": "unknown"
  },
  {
    "title": "GSK Global website",
    "link": "https://www.gsk.com",
    "timestamp": "unknown"
  },
  {
    "title": "Locations selector",
    "link": "https://us.gsk.com/en-us/locations/",
    "timestamp": "unknown"
  },
  {
    "title": "Global Behind the science",
    "link": "https://www.gsk.com/en-gb/behind-the-science/",
    "timestamp": "unknown"
  },
  {
    "title": "GSKPro for HCPs",
    "link": "https://gskpro.com",
    "timestamp": "unknown"
  },
  {
    "title": "ViiV Healthcare",
    "link": "https://viivhealthcare.com/",
    "timestamp": "unknown"
  },
  {
    "title": "GSK study register",
    "link": "https://www.gsk-studyregister.com/en/",
    "timestamp": "unknown"
  },
  {
    "title": "Business to Business",
    "link": "https://us.gsk.com/en-us/business-to-business-in-the-us/",
    "timestamp": "unknown"
  },
  {
    "title": "Supplier website",
    "link": "https://supplier.gsk.com/",
    "timestamp": "unknown"
  },
  {
    "title": "Quick linksBehind the science US editionCompanyInnovationProductsResponsibilityMediaCareers",
    "link": "https://us.gsk.com/en-us/behind-the-science-us-edition/",
    "timestamp": "unknown"
  },
  {
    "title": "Behind the science US edition",
    "link": "https://us.gsk.com/en-us/behind-the-science-us-edition/",
    "timestamp": "unknown"
  },
  {
    "title": "Company",
    "link": "https://us.gsk.com/en-us/company/",
    "timestamp": "unknown"
  },
  {
    "title": "Innovation",
    "link": "https://us.gsk.com/en-us/innovation/",
    "timestamp": "unknown"
  },
  {
    "title": "Products",
    "link": "https://us.gsk.com/en-us/products/",
    "timestamp": "unknown"
  },
  {
    "title": "Responsibility",
    "link": "https://us.gsk.com/en-us/responsibility/",
    "timestamp": "unknown"
  },
  {
    "title": "Media",
    "link": "https://us.gsk.com/en-us/media/",
    "timestamp": "unknown"
  },
  {
    "title": "Careers",
    "link": "https://us.gsk.com/en-us/careers/",
    "timestamp": "unknown"
  },
  {
    "title": "Global investorsShareholdersQuarterly resultsFinancial reportsShare price analysisProduct pipeline",
    "link": "https://www.gsk.com/en-gb/investors/",
    "timestamp": "unknown"
  },
  {
    "title": "Shareholders",
    "link": "https://www.gsk.com/en-gb/investors/",
    "timestamp": "unknown"
  },
  {
    "title": "Quarterly results",
    "link": "https://www.gsk.com/en-gb/investors/quarterly-results/",
    "timestamp": "unknown"
  },
  {
    "title": "Financial reports",
    "link": "https://www.gsk.com/en-gb/investors/financial-reports/",
    "timestamp": "unknown"
  },
  {
    "title": "Share price analysis",
    "link": "https://www.gsk.com/en-gb/investors/dividend-and-share-price/",
    "timestamp": "unknown"
  },
  {
    "title": "Product pipeline",
    "link": "https://www.gsk.com/en-gb/innovation/pipeline/",
    "timestamp": "unknown"
  },
  {
    "title": "Get in touchContact usReport a possible side effectGSK Speak upFollow us on:",
    "link": "https://us.gsk.com/en-us/contact-us/",
    "timestamp": "unknown"
  },
  {
    "title": "Contact us",
    "link": "https://us.gsk.com/en-us/contact-us/",
    "timestamp": "unknown"
  },
  {
    "title": "Report a possible side effect",
    "link": "https://us.gsk.com/en-us/report-a-possible-side-effect/",
    "timestamp": "unknown"
  },
  {
    "title": "GSK Speak up",
    "link": "https://www.gsk.com/speakup",
    "timestamp": "unknown"
  },
  {
    "title": "Follow us on:",
    "link": "https://www.facebook.com/GSK",
    "timestamp": "unknown"
  },
  {
    "title": "Accessibility",
    "link": "https://us.gsk.com/en-us/accessibility/",
    "timestamp": "unknown"
  },
  {
    "title": "Digital sustainability",
    "link": "https://us.gsk.com/en-us/digital-sustainability/",
    "timestamp": "unknown"
  },
  {
    "title": "Terms of use",
    "link": "https://us.gsk.com/en-us/terms-of-use/",
    "timestamp": "unknown"
  },
  {
    "title": "Privacy notice",
    "link": "https://privacy.gsk.com/en-us/privacy-notice/",
    "timestamp": "unknown"
  },
  {
    "title": "Sitemap",
    "link": "https://us.gsk.com/en-us/sitemap/",
    "timestamp": "unknown"
  }
]