[
  {
    "title": "OverviewPress ReleasesEvents & PresentationsStock InformationStock Quote & ChartAnalyst CoverageGovernanceGovernance OverviewLeadership & BoardCommitt",
    "link": "https://www.korrobio.com/",
    "timestamp": "unknown"
  },
  {
    "title": "OverviewPress ReleasesEvents & PresentationsStock InformationStock Quote & ChartAnalyst CoverageGovernanceGovernance OverviewLeadership & BoardCommitt",
    "link": "https://www.korrobio.com/",
    "timestamp": "unknown"
  },
  {
    "title": "OverviewPress ReleasesEvents & PresentationsStock InformationStock Quote & ChartAnalyst CoverageGovernanceGovernance OverviewLeadership & BoardCommitt",
    "link": "https://ir.korrobio.com/",
    "timestamp": "unknown"
  },
  {
    "title": "Overview",
    "link": "https://ir.korrobio.com/",
    "timestamp": "unknown"
  },
  {
    "title": "Press Releases",
    "link": "https://ir.korrobio.com/news-events/press-releases",
    "timestamp": "unknown"
  },
  {
    "title": "Events & Presentations",
    "link": "https://ir.korrobio.com/events-presentation",
    "timestamp": "unknown"
  },
  {
    "title": "Stock InformationStock Quote & ChartAnalyst Coverage",
    "link": "https://ir.korrobio.com/stock-information/stock-quote-chart",
    "timestamp": "unknown"
  },
  {
    "title": "Stock Quote & Chart",
    "link": "https://ir.korrobio.com/stock-information/stock-quote-chart",
    "timestamp": "unknown"
  },
  {
    "title": "Analyst Coverage",
    "link": "https://ir.korrobio.com/stock-information/analyst-coverage",
    "timestamp": "unknown"
  },
  {
    "title": "GovernanceGovernance OverviewLeadership & BoardCommittee Composition",
    "link": "https://ir.korrobio.com/corporate-governance/governance-overview",
    "timestamp": "unknown"
  },
  {
    "title": "Governance Overview",
    "link": "https://ir.korrobio.com/corporate-governance/governance-overview",
    "timestamp": "unknown"
  },
  {
    "title": "Leadership & Board",
    "link": "https://www.korrobio.com/our-team/",
    "timestamp": "unknown"
  },
  {
    "title": "Committee Composition",
    "link": "https://ir.korrobio.com/corporate-governance/committee-composition",
    "timestamp": "unknown"
  },
  {
    "title": "SEC Filings",
    "link": "https://ir.korrobio.com/financials-filings/sec-filings",
    "timestamp": "unknown"
  },
  {
    "title": "IR ResourcesInvestor FAQsEmail AlertsContact IR",
    "link": "https://ir.korrobio.com/shareholder-services/investor-faqs",
    "timestamp": "unknown"
  },
  {
    "title": "Investor FAQs",
    "link": "https://ir.korrobio.com/shareholder-services/investor-faqs",
    "timestamp": "unknown"
  },
  {
    "title": "Email Alerts",
    "link": "https://ir.korrobio.com/shareholder-services/email-alerts",
    "timestamp": "unknown"
  },
  {
    "title": "Contact IR",
    "link": "https://ir.korrobio.com/shareholder-services/contact-ir",
    "timestamp": "unknown"
  },
  {
    "title": "SearchYearAllKorro Reports Third Quarter Financial Results, Provides Updates on KRRO- in Alpha- Antitrypsin Deficiency and Additional Pipeline Program",
    "link": "https://ir.korrobio.com/news-releases/news-release-details/korro-reports-third-quarter-financial-results-provides-updates",
    "timestamp": "unknown"
  },
  {
    "title": "SearchYearAllKorro Reports Third Quarter Financial Results, Provides Updates on KRRO- in Alpha- Antitrypsin Deficiency and Additional Pipeline Program",
    "link": "https://ir.korrobio.com/news-releases/news-release-details/korro-reports-third-quarter-financial-results-provides-updates",
    "timestamp": "unknown"
  },
  {
    "title": "SearchYearAllKorro Reports Third Quarter Financial Results, Provides Updates on KRRO- in Alpha- Antitrypsin Deficiency and Additional Pipeline Program",
    "link": "https://ir.korrobio.com/news-releases/news-release-details/korro-reports-third-quarter-financial-results-provides-updates",
    "timestamp": "unknown"
  },
  {
    "title": "SearchYearAllKorro Reports Third Quarter Financial Results, Provides Updates on KRRO- in Alpha- Antitrypsin Deficiency and Additional Pipeline Program",
    "link": "https://ir.korrobio.com/news-releases/news-release-details/korro-reports-third-quarter-financial-results-provides-updates",
    "timestamp": "unknown"
  },
  {
    "title": "SearchYearAllKorro Reports Third Quarter Financial Results, Provides Updates on KRRO- in Alpha- Antitrypsin Deficiency and Additional Pipeline Program",
    "link": "https://ir.korrobio.com/news-releases/news-release-details/korro-reports-third-quarter-financial-results-provides-updates",
    "timestamp": "unknown"
  },
  {
    "title": "SearchYearAllKorro Reports Third Quarter Financial Results, Provides Updates on KRRO- in Alpha- Antitrypsin Deficiency and Additional Pipeline Program",
    "link": "https://ir.korrobio.com/news-releases/news-release-details/korro-reports-third-quarter-financial-results-provides-updates",
    "timestamp": "unknown"
  },
  {
    "title": "SearchYearAllKorro Reports Third Quarter Financial Results, Provides Updates on KRRO- in Alpha- Antitrypsin Deficiency and Additional Pipeline Program",
    "link": "https://ir.korrobio.com/news-releases/news-release-details/korro-reports-third-quarter-financial-results-provides-updates",
    "timestamp": "unknown"
  },
  {
    "title": "SearchYearAllKorro Reports Third Quarter Financial Results, Provides Updates on KRRO- in Alpha- Antitrypsin Deficiency and Additional Pipeline Program",
    "link": "https://ir.korrobio.com/news-releases/news-release-details/korro-reports-third-quarter-financial-results-provides-updates",
    "timestamp": "unknown"
  },
  {
    "title": "SearchYearAllKorro Reports Third Quarter Financial Results, Provides Updates on KRRO- in Alpha- Antitrypsin Deficiency and Additional Pipeline Program",
    "link": "https://ir.korrobio.com/news-releases/news-release-details/korro-reports-third-quarter-financial-results-provides-updates",
    "timestamp": "unknown"
  },
  {
    "title": "SearchYearAllKorro Reports Third Quarter Financial Results, Provides Updates on KRRO- in Alpha- Antitrypsin Deficiency and Additional Pipeline Program",
    "link": "https://ir.korrobio.com/news-releases/news-release-details/korro-reports-third-quarter-financial-results-provides-updates",
    "timestamp": "unknown"
  },
  {
    "title": "SearchYearAllKorro Reports Third Quarter Financial Results, Provides Updates on KRRO- in Alpha- Antitrypsin Deficiency and Additional Pipeline Program",
    "link": "https://ir.korrobio.com/news-releases/news-release-details/korro-reports-third-quarter-financial-results-provides-updates",
    "timestamp": "unknown"
  },
  {
    "title": "SearchYearAllKorro Reports Third Quarter Financial Results, Provides Updates on KRRO- in Alpha- Antitrypsin Deficiency and Additional Pipeline Program",
    "link": "https://ir.korrobio.com/news-releases/news-release-details/korro-reports-third-quarter-financial-results-provides-updates",
    "timestamp": "unknown"
  },
  {
    "title": "SearchYearAllKorro Reports Third Quarter Financial Results, Provides Updates on KRRO- in Alpha- Antitrypsin Deficiency and Additional Pipeline Program",
    "link": "https://ir.korrobio.com/news-releases/news-release-details/korro-reports-third-quarter-financial-results-provides-updates",
    "timestamp": "unknown"
  },
  {
    "title": "YearAllKorro Reports Third Quarter Financial Results, Provides Updates on KRRO- in Alpha- Antitrypsin Deficiency and Additional Pipeline ProgramsCAMBR",
    "link": "https://ir.korrobio.com/news-releases/news-release-details/korro-reports-third-quarter-financial-results-provides-updates",
    "timestamp": "unknown"
  },
  {
    "title": "YearAllKorro Reports Third Quarter Financial Results, Provides Updates on KRRO- in Alpha- Antitrypsin Deficiency and Additional Pipeline ProgramsCAMBR",
    "link": "https://ir.korrobio.com/news-releases/news-release-details/korro-reports-third-quarter-financial-results-provides-updates",
    "timestamp": "unknown"
  },
  {
    "title": "YearAllKorro Reports Third Quarter Financial Results, Provides Updates on KRRO- in Alpha- Antitrypsin Deficiency and Additional Pipeline ProgramsCAMBR",
    "link": "https://ir.korrobio.com/news-releases/news-release-details/korro-reports-third-quarter-financial-results-provides-updates",
    "timestamp": "unknown"
  },
  {
    "title": "YearAllKorro Reports Third Quarter Financial Results, Provides Updates on KRRO- in Alpha- Antitrypsin Deficiency and Additional Pipeline ProgramsCAMBR",
    "link": "https://ir.korrobio.com/news-releases/news-release-details/korro-reports-third-quarter-financial-results-provides-updates",
    "timestamp": "unknown"
  },
  {
    "title": "YearAllKorro Reports Third Quarter Financial Results, Provides Updates on KRRO- in Alpha- Antitrypsin Deficiency and Additional Pipeline ProgramsCAMBR",
    "link": "https://ir.korrobio.com/news-releases/news-release-details/korro-reports-third-quarter-financial-results-provides-updates",
    "timestamp": "unknown"
  },
  {
    "title": "Korro Reports Third Quarter Financial Results, Provides Updates on KRRO- in Alpha- Antitrypsin Deficiency and Additional Pipeline ProgramsCAMBRIDGE, M",
    "link": "https://ir.korrobio.com/news-releases/news-release-details/korro-reports-third-quarter-financial-results-provides-updates",
    "timestamp": "unknown"
  },
  {
    "title": "Korro Reports Third Quarter Financial Results, Provides Updates on KRRO- in Alpha- Antitrypsin Deficiency and Additional Pipeline ProgramsCAMBRIDGE, M",
    "link": "https://ir.korrobio.com/news-releases/news-release-details/korro-reports-third-quarter-financial-results-provides-updates",
    "timestamp": "unknown"
  },
  {
    "title": "Korro Reports Third Quarter Financial Results, Provides Updates on KRRO- in Alpha- Antitrypsin Deficiency and Additional Pipeline ProgramsCAMBRIDGE, M",
    "link": "https://ir.korrobio.com/news-releases/news-release-details/korro-reports-third-quarter-financial-results-provides-updates",
    "timestamp": "unknown"
  },
  {
    "title": "Korro Reports Third Quarter Financial Results, Provides Updates on KRRO- in Alpha- Antitrypsin Deficiency and Additional Pipeline ProgramsCAMBRIDGE, M",
    "link": "https://ir.korrobio.com/news-releases/news-release-details/korro-reports-third-quarter-financial-results-provides-updates",
    "timestamp": "unknown"
  },
  {
    "title": "Korro Reports Third Quarter Financial Results, Provides Updates on KRRO- in Alpha- Antitrypsin Deficiency and Additional Pipeline ProgramsCAMBRIDGE, M",
    "link": "https://ir.korrobio.com/news-releases/news-release-details/korro-reports-third-quarter-financial-results-provides-updates",
    "timestamp": "unknown"
  },
  {
    "title": "Korro Reports Third Quarter Financial Results, Provides Updates on KRRO- in Alpha- Antitrypsin Deficiency and Additional Pipeline ProgramsCAMBRIDGE, M",
    "link": "https://ir.korrobio.com/news-releases/news-release-details/korro-reports-third-quarter-financial-results-provides-updates",
    "timestamp": "unknown"
  },
  {
    "title": "Korro Reports Third Quarter Financial Results, Provides Updates on KRRO- in Alpha- Antitrypsin Deficiency and Additional Pipeline Programs",
    "link": "https://ir.korrobio.com/news-releases/news-release-details/korro-reports-third-quarter-financial-results-provides-updates",
    "timestamp": "unknown"
  },
  {
    "title": "November ,PDF VersionRead More",
    "link": "https://ir.korrobio.com/node//pdf",
    "timestamp": "unknown"
  },
  {
    "title": "November ,PDF Version",
    "link": "https://ir.korrobio.com/node//pdf",
    "timestamp": "unknown"
  },
  {
    "title": "PDF Version",
    "link": "https://ir.korrobio.com/node//pdf",
    "timestamp": "unknown"
  },
  {
    "title": "PDF Version",
    "link": "https://ir.korrobio.com/node//pdf",
    "timestamp": "unknown"
  },
  {
    "title": "Read More",
    "link": "https://ir.korrobio.com/news-releases/news-release-details/korro-reports-third-quarter-financial-results-provides-updates",
    "timestamp": "unknown"
  },
  {
    "title": "Read More",
    "link": "https://ir.korrobio.com/news-releases/news-release-details/korro-reports-third-quarter-financial-results-provides-updates",
    "timestamp": "unknown"
  },
  {
    "title": "Korro to Participate in Upcoming Investor and Scientific ConferencesCAMBRIDGE, Mass., Sept. ,  (GLOBE NEWSWIRE) -- Korro Bio, Inc. (Korro) (Nasdaq: KR",
    "link": "https://ir.korrobio.com/news-releases/news-release-details/korro-participate-upcoming-investor-and-scientific-conferences",
    "timestamp": "unknown"
  },
  {
    "title": "Korro to Participate in Upcoming Investor and Scientific ConferencesCAMBRIDGE, Mass., Sept. ,  (GLOBE NEWSWIRE) -- Korro Bio, Inc. (Korro) (Nasdaq: KR",
    "link": "https://ir.korrobio.com/news-releases/news-release-details/korro-participate-upcoming-investor-and-scientific-conferences",
    "timestamp": "unknown"
  },
  {
    "title": "Korro to Participate in Upcoming Investor and Scientific ConferencesCAMBRIDGE, Mass., Sept. ,  (GLOBE NEWSWIRE) -- Korro Bio, Inc. (Korro) (Nasdaq: KR",
    "link": "https://ir.korrobio.com/news-releases/news-release-details/korro-participate-upcoming-investor-and-scientific-conferences",
    "timestamp": "unknown"
  },
  {
    "title": "Korro to Participate in Upcoming Investor and Scientific ConferencesCAMBRIDGE, Mass., Sept. ,  (GLOBE NEWSWIRE) -- Korro Bio, Inc. (Korro) (Nasdaq: KR",
    "link": "https://ir.korrobio.com/news-releases/news-release-details/korro-participate-upcoming-investor-and-scientific-conferences",
    "timestamp": "unknown"
  },
  {
    "title": "Korro to Participate in Upcoming Investor and Scientific ConferencesCAMBRIDGE, Mass., Sept. ,  (GLOBE NEWSWIRE) -- Korro Bio, Inc. (Korro) (Nasdaq: KR",
    "link": "https://ir.korrobio.com/news-releases/news-release-details/korro-participate-upcoming-investor-and-scientific-conferences",
    "timestamp": "unknown"
  },
  {
    "title": "Korro to Participate in Upcoming Investor and Scientific Conferences",
    "link": "https://ir.korrobio.com/news-releases/news-release-details/korro-participate-upcoming-investor-and-scientific-conferences",
    "timestamp": "unknown"
  },
  {
    "title": "September ,PDF VersionRead More",
    "link": "https://ir.korrobio.com/node//pdf",
    "timestamp": "unknown"
  },
  {
    "title": "September ,PDF Version",
    "link": "https://ir.korrobio.com/node//pdf",
    "timestamp": "unknown"
  },
  {
    "title": "PDF Version",
    "link": "https://ir.korrobio.com/node//pdf",
    "timestamp": "unknown"
  },
  {
    "title": "PDF Version",
    "link": "https://ir.korrobio.com/node//pdf",
    "timestamp": "unknown"
  },
  {
    "title": "Read More",
    "link": "https://ir.korrobio.com/news-releases/news-release-details/korro-participate-upcoming-investor-and-scientific-conferences",
    "timestamp": "unknown"
  },
  {
    "title": "Read More",
    "link": "https://ir.korrobio.com/news-releases/news-release-details/korro-participate-upcoming-investor-and-scientific-conferences",
    "timestamp": "unknown"
  },
  {
    "title": "Korro Reports Second Quarter  Financial Results and Provides Business Updates\u2014 \u00a0Interim readout from Phase /2a REWRITE clinical trial of KRRO- on trac",
    "link": "https://ir.korrobio.com/news-releases/news-release-details/korro-reports-second-quarter--financial-results-and-provides",
    "timestamp": "unknown"
  },
  {
    "title": "Korro Reports Second Quarter  Financial Results and Provides Business Updates\u2014 \u00a0Interim readout from Phase /2a REWRITE clinical trial of KRRO- on trac",
    "link": "https://ir.korrobio.com/news-releases/news-release-details/korro-reports-second-quarter--financial-results-and-provides",
    "timestamp": "unknown"
  },
  {
    "title": "Korro Reports Second Quarter  Financial Results and Provides Business Updates\u2014 \u00a0Interim readout from Phase /2a REWRITE clinical trial of KRRO- on trac",
    "link": "https://ir.korrobio.com/news-releases/news-release-details/korro-reports-second-quarter--financial-results-and-provides",
    "timestamp": "unknown"
  },
  {
    "title": "Korro Reports Second Quarter  Financial Results and Provides Business Updates\u2014 \u00a0Interim readout from Phase /2a REWRITE clinical trial of KRRO- on trac",
    "link": "https://ir.korrobio.com/news-releases/news-release-details/korro-reports-second-quarter--financial-results-and-provides",
    "timestamp": "unknown"
  },
  {
    "title": "Korro Reports Second Quarter  Financial Results and Provides Business Updates\u2014 \u00a0Interim readout from Phase /2a REWRITE clinical trial of KRRO- on trac",
    "link": "https://ir.korrobio.com/news-releases/news-release-details/korro-reports-second-quarter--financial-results-and-provides",
    "timestamp": "unknown"
  },
  {
    "title": "Korro Reports Second Quarter  Financial Results and Provides Business Updates",
    "link": "https://ir.korrobio.com/news-releases/news-release-details/korro-reports-second-quarter--financial-results-and-provides",
    "timestamp": "unknown"
  },
  {
    "title": "August ,PDF VersionRead More",
    "link": "https://ir.korrobio.com/node//pdf",
    "timestamp": "unknown"
  },
  {
    "title": "August ,PDF Version",
    "link": "https://ir.korrobio.com/node//pdf",
    "timestamp": "unknown"
  },
  {
    "title": "PDF Version",
    "link": "https://ir.korrobio.com/node//pdf",
    "timestamp": "unknown"
  },
  {
    "title": "PDF Version",
    "link": "https://ir.korrobio.com/node//pdf",
    "timestamp": "unknown"
  },
  {
    "title": "Read More",
    "link": "https://ir.korrobio.com/news-releases/news-release-details/korro-reports-second-quarter--financial-results-and-provides",
    "timestamp": "unknown"
  },
  {
    "title": "Read More",
    "link": "https://ir.korrobio.com/news-releases/news-release-details/korro-reports-second-quarter--financial-results-and-provides",
    "timestamp": "unknown"
  },
  {
    "title": "Korro Receives European Medicines Agency Orphan Drug Designation for KRRO-CAMBRIDGE, Mass., July ,  (GLOBE NEWSWIRE) -- Korro Bio, Inc. (Korro) (Nasda",
    "link": "https://ir.korrobio.com/news-releases/news-release-details/korro-receives-european-medicines-agency-orphan-drug-designation",
    "timestamp": "unknown"
  },
  {
    "title": "Korro Receives European Medicines Agency Orphan Drug Designation for KRRO-CAMBRIDGE, Mass., July ,  (GLOBE NEWSWIRE) -- Korro Bio, Inc. (Korro) (Nasda",
    "link": "https://ir.korrobio.com/news-releases/news-release-details/korro-receives-european-medicines-agency-orphan-drug-designation",
    "timestamp": "unknown"
  },
  {
    "title": "Korro Receives European Medicines Agency Orphan Drug Designation for KRRO-CAMBRIDGE, Mass., July ,  (GLOBE NEWSWIRE) -- Korro Bio, Inc. (Korro) (Nasda",
    "link": "https://ir.korrobio.com/news-releases/news-release-details/korro-receives-european-medicines-agency-orphan-drug-designation",
    "timestamp": "unknown"
  },
  {
    "title": "Korro Receives European Medicines Agency Orphan Drug Designation for KRRO-CAMBRIDGE, Mass., July ,  (GLOBE NEWSWIRE) -- Korro Bio, Inc. (Korro) (Nasda",
    "link": "https://ir.korrobio.com/news-releases/news-release-details/korro-receives-european-medicines-agency-orphan-drug-designation",
    "timestamp": "unknown"
  },
  {
    "title": "Korro Receives European Medicines Agency Orphan Drug Designation for KRRO-CAMBRIDGE, Mass., July ,  (GLOBE NEWSWIRE) -- Korro Bio, Inc. (Korro) (Nasda",
    "link": "https://ir.korrobio.com/news-releases/news-release-details/korro-receives-european-medicines-agency-orphan-drug-designation",
    "timestamp": "unknown"
  },
  {
    "title": "Korro Receives European Medicines Agency Orphan Drug Designation for KRRO-",
    "link": "https://ir.korrobio.com/news-releases/news-release-details/korro-receives-european-medicines-agency-orphan-drug-designation",
    "timestamp": "unknown"
  },
  {
    "title": "July ,PDF VersionRead More",
    "link": "https://ir.korrobio.com/node//pdf",
    "timestamp": "unknown"
  },
  {
    "title": "July ,PDF Version",
    "link": "https://ir.korrobio.com/node//pdf",
    "timestamp": "unknown"
  },
  {
    "title": "PDF Version",
    "link": "https://ir.korrobio.com/node//pdf",
    "timestamp": "unknown"
  },
  {
    "title": "PDF Version",
    "link": "https://ir.korrobio.com/node//pdf",
    "timestamp": "unknown"
  },
  {
    "title": "Read More",
    "link": "https://ir.korrobio.com/news-releases/news-release-details/korro-receives-european-medicines-agency-orphan-drug-designation",
    "timestamp": "unknown"
  },
  {
    "title": "Read More",
    "link": "https://ir.korrobio.com/news-releases/news-release-details/korro-receives-european-medicines-agency-orphan-drug-designation",
    "timestamp": "unknown"
  },
  {
    "title": "Korro to Participate in Upcoming Investor ConferencesCAMBRIDGE, Mass., May ,  (GLOBE NEWSWIRE) -- Korro Bio, Inc. (Korro) (Nasdaq: KRRO) today announc",
    "link": "https://ir.korrobio.com/news-releases/news-release-details/korro-participate-upcoming-investor-conferences-",
    "timestamp": "unknown"
  },
  {
    "title": "Korro to Participate in Upcoming Investor ConferencesCAMBRIDGE, Mass., May ,  (GLOBE NEWSWIRE) -- Korro Bio, Inc. (Korro) (Nasdaq: KRRO) today announc",
    "link": "https://ir.korrobio.com/news-releases/news-release-details/korro-participate-upcoming-investor-conferences-",
    "timestamp": "unknown"
  },
  {
    "title": "Korro to Participate in Upcoming Investor ConferencesCAMBRIDGE, Mass., May ,  (GLOBE NEWSWIRE) -- Korro Bio, Inc. (Korro) (Nasdaq: KRRO) today announc",
    "link": "https://ir.korrobio.com/news-releases/news-release-details/korro-participate-upcoming-investor-conferences-",
    "timestamp": "unknown"
  },
  {
    "title": "Korro to Participate in Upcoming Investor ConferencesCAMBRIDGE, Mass., May ,  (GLOBE NEWSWIRE) -- Korro Bio, Inc. (Korro) (Nasdaq: KRRO) today announc",
    "link": "https://ir.korrobio.com/news-releases/news-release-details/korro-participate-upcoming-investor-conferences-",
    "timestamp": "unknown"
  },
  {
    "title": "Korro to Participate in Upcoming Investor ConferencesCAMBRIDGE, Mass., May ,  (GLOBE NEWSWIRE) -- Korro Bio, Inc. (Korro) (Nasdaq: KRRO) today announc",
    "link": "https://ir.korrobio.com/news-releases/news-release-details/korro-participate-upcoming-investor-conferences-",
    "timestamp": "unknown"
  },
  {
    "title": "Korro to Participate in Upcoming Investor Conferences",
    "link": "https://ir.korrobio.com/news-releases/news-release-details/korro-participate-upcoming-investor-conferences-",
    "timestamp": "unknown"
  },
  {
    "title": "May ,PDF VersionRead More",
    "link": "https://ir.korrobio.com/node//pdf",
    "timestamp": "unknown"
  },
  {
    "title": "May ,PDF Version",
    "link": "https://ir.korrobio.com/node//pdf",
    "timestamp": "unknown"
  },
  {
    "title": "PDF Version",
    "link": "https://ir.korrobio.com/node//pdf",
    "timestamp": "unknown"
  },
  {
    "title": "PDF Version",
    "link": "https://ir.korrobio.com/node//pdf",
    "timestamp": "unknown"
  },
  {
    "title": "Read More",
    "link": "https://ir.korrobio.com/news-releases/news-release-details/korro-participate-upcoming-investor-conferences-",
    "timestamp": "unknown"
  },
  {
    "title": "Read More",
    "link": "https://ir.korrobio.com/news-releases/news-release-details/korro-participate-upcoming-investor-conferences-",
    "timestamp": "unknown"
  },
  {
    "title": "Korro Reports First Quarter  Financial Results and Provides Business Updates\u2014 Interim readout from Phase /2a REWRITE clinical trial of KRRO- for Alpha",
    "link": "https://ir.korrobio.com/news-releases/news-release-details/korro-reports-first-quarter--financial-results-and-provides",
    "timestamp": "unknown"
  },
  {
    "title": "Korro Reports First Quarter  Financial Results and Provides Business Updates\u2014 Interim readout from Phase /2a REWRITE clinical trial of KRRO- for Alpha",
    "link": "https://ir.korrobio.com/news-releases/news-release-details/korro-reports-first-quarter--financial-results-and-provides",
    "timestamp": "unknown"
  },
  {
    "title": "Korro Reports First Quarter  Financial Results and Provides Business Updates\u2014 Interim readout from Phase /2a REWRITE clinical trial of KRRO- for Alpha",
    "link": "https://ir.korrobio.com/news-releases/news-release-details/korro-reports-first-quarter--financial-results-and-provides",
    "timestamp": "unknown"
  },
  {
    "title": "Korro Reports First Quarter  Financial Results and Provides Business Updates\u2014 Interim readout from Phase /2a REWRITE clinical trial of KRRO- for Alpha",
    "link": "https://ir.korrobio.com/news-releases/news-release-details/korro-reports-first-quarter--financial-results-and-provides",
    "timestamp": "unknown"
  },
  {
    "title": "Korro Reports First Quarter  Financial Results and Provides Business Updates\u2014 Interim readout from Phase /2a REWRITE clinical trial of KRRO- for Alpha",
    "link": "https://ir.korrobio.com/news-releases/news-release-details/korro-reports-first-quarter--financial-results-and-provides",
    "timestamp": "unknown"
  },
  {
    "title": "Korro Reports First Quarter  Financial Results and Provides Business Updates",
    "link": "https://ir.korrobio.com/news-releases/news-release-details/korro-reports-first-quarter--financial-results-and-provides",
    "timestamp": "unknown"
  },
  {
    "title": "May ,PDF VersionRead More",
    "link": "https://ir.korrobio.com/node//pdf",
    "timestamp": "unknown"
  },
  {
    "title": "May ,PDF Version",
    "link": "https://ir.korrobio.com/node//pdf",
    "timestamp": "unknown"
  },
  {
    "title": "PDF Version",
    "link": "https://ir.korrobio.com/node//pdf",
    "timestamp": "unknown"
  },
  {
    "title": "PDF Version",
    "link": "https://ir.korrobio.com/node//pdf",
    "timestamp": "unknown"
  },
  {
    "title": "Read More",
    "link": "https://ir.korrobio.com/news-releases/news-release-details/korro-reports-first-quarter--financial-results-and-provides",
    "timestamp": "unknown"
  },
  {
    "title": "Read More",
    "link": "https://ir.korrobio.com/news-releases/news-release-details/korro-reports-first-quarter--financial-results-and-provides",
    "timestamp": "unknown"
  },
  {
    "title": "Korro Appoints Biotech Industry Veteran, Lo\u00efc Vincent, Ph.D., as Chief Scientific OfficerStrengthens leadership team with additional key appointment o",
    "link": "https://ir.korrobio.com/news-releases/news-release-details/korro-appoints-biotech-industry-veteran-loic-vincent-phd-chief",
    "timestamp": "unknown"
  },
  {
    "title": "Korro Appoints Biotech Industry Veteran, Lo\u00efc Vincent, Ph.D., as Chief Scientific OfficerStrengthens leadership team with additional key appointment o",
    "link": "https://ir.korrobio.com/news-releases/news-release-details/korro-appoints-biotech-industry-veteran-loic-vincent-phd-chief",
    "timestamp": "unknown"
  },
  {
    "title": "Korro Appoints Biotech Industry Veteran, Lo\u00efc Vincent, Ph.D., as Chief Scientific OfficerStrengthens leadership team with additional key appointment o",
    "link": "https://ir.korrobio.com/news-releases/news-release-details/korro-appoints-biotech-industry-veteran-loic-vincent-phd-chief",
    "timestamp": "unknown"
  },
  {
    "title": "Korro Appoints Biotech Industry Veteran, Lo\u00efc Vincent, Ph.D., as Chief Scientific OfficerStrengthens leadership team with additional key appointment o",
    "link": "https://ir.korrobio.com/news-releases/news-release-details/korro-appoints-biotech-industry-veteran-loic-vincent-phd-chief",
    "timestamp": "unknown"
  },
  {
    "title": "Korro Appoints Biotech Industry Veteran, Lo\u00efc Vincent, Ph.D., as Chief Scientific OfficerStrengthens leadership team with additional key appointment o",
    "link": "https://ir.korrobio.com/news-releases/news-release-details/korro-appoints-biotech-industry-veteran-loic-vincent-phd-chief",
    "timestamp": "unknown"
  },
  {
    "title": "Korro Appoints Biotech Industry Veteran, Lo\u00efc Vincent, Ph.D., as Chief Scientific Officer",
    "link": "https://ir.korrobio.com/news-releases/news-release-details/korro-appoints-biotech-industry-veteran-loic-vincent-phd-chief",
    "timestamp": "unknown"
  },
  {
    "title": "April ,PDF VersionRead More",
    "link": "https://ir.korrobio.com/node//pdf",
    "timestamp": "unknown"
  },
  {
    "title": "April ,PDF Version",
    "link": "https://ir.korrobio.com/node//pdf",
    "timestamp": "unknown"
  },
  {
    "title": "PDF Version",
    "link": "https://ir.korrobio.com/node//pdf",
    "timestamp": "unknown"
  },
  {
    "title": "PDF Version",
    "link": "https://ir.korrobio.com/node//pdf",
    "timestamp": "unknown"
  },
  {
    "title": "Read More",
    "link": "https://ir.korrobio.com/news-releases/news-release-details/korro-appoints-biotech-industry-veteran-loic-vincent-phd-chief",
    "timestamp": "unknown"
  },
  {
    "title": "Read More",
    "link": "https://ir.korrobio.com/news-releases/news-release-details/korro-appoints-biotech-industry-veteran-loic-vincent-phd-chief",
    "timestamp": "unknown"
  },
  {
    "title": "Korro Reports Full Year  Financial Results and Provides Business Updates\u2014 Completed dosing of first two cohorts in Phase /2a REWRITE Clinical Study of",
    "link": "https://ir.korrobio.com/news-releases/news-release-details/korro-reports-full-year--financial-results-and-provides",
    "timestamp": "unknown"
  },
  {
    "title": "Korro Reports Full Year  Financial Results and Provides Business Updates\u2014 Completed dosing of first two cohorts in Phase /2a REWRITE Clinical Study of",
    "link": "https://ir.korrobio.com/news-releases/news-release-details/korro-reports-full-year--financial-results-and-provides",
    "timestamp": "unknown"
  },
  {
    "title": "Korro Reports Full Year  Financial Results and Provides Business Updates\u2014 Completed dosing of first two cohorts in Phase /2a REWRITE Clinical Study of",
    "link": "https://ir.korrobio.com/news-releases/news-release-details/korro-reports-full-year--financial-results-and-provides",
    "timestamp": "unknown"
  },
  {
    "title": "Korro Reports Full Year  Financial Results and Provides Business Updates\u2014 Completed dosing of first two cohorts in Phase /2a REWRITE Clinical Study of",
    "link": "https://ir.korrobio.com/news-releases/news-release-details/korro-reports-full-year--financial-results-and-provides",
    "timestamp": "unknown"
  },
  {
    "title": "Korro Reports Full Year  Financial Results and Provides Business Updates\u2014 Completed dosing of first two cohorts in Phase /2a REWRITE Clinical Study of",
    "link": "https://ir.korrobio.com/news-releases/news-release-details/korro-reports-full-year--financial-results-and-provides",
    "timestamp": "unknown"
  },
  {
    "title": "Korro Reports Full Year  Financial Results and Provides Business Updates",
    "link": "https://ir.korrobio.com/news-releases/news-release-details/korro-reports-full-year--financial-results-and-provides",
    "timestamp": "unknown"
  },
  {
    "title": "March ,PDF VersionRead More",
    "link": "https://ir.korrobio.com/node//pdf",
    "timestamp": "unknown"
  },
  {
    "title": "March ,PDF Version",
    "link": "https://ir.korrobio.com/node//pdf",
    "timestamp": "unknown"
  },
  {
    "title": "PDF Version",
    "link": "https://ir.korrobio.com/node//pdf",
    "timestamp": "unknown"
  },
  {
    "title": "PDF Version",
    "link": "https://ir.korrobio.com/node//pdf",
    "timestamp": "unknown"
  },
  {
    "title": "Read More",
    "link": "https://ir.korrobio.com/news-releases/news-release-details/korro-reports-full-year--financial-results-and-provides",
    "timestamp": "unknown"
  },
  {
    "title": "Read More",
    "link": "https://ir.korrobio.com/news-releases/news-release-details/korro-reports-full-year--financial-results-and-provides",
    "timestamp": "unknown"
  },
  {
    "title": "KRRO- Receives Orphan Drug Designation from U.S. FDA for Alpha- Antitrypsin DeficiencyCAMBRIDGE, Mass., March ,  (GLOBE NEWSWIRE) -- Korro Bio, Inc. (",
    "link": "https://ir.korrobio.com/news-releases/news-release-details/krro--receives-orphan-drug-designation-us-fda-alpha-",
    "timestamp": "unknown"
  },
  {
    "title": "KRRO- Receives Orphan Drug Designation from U.S. FDA for Alpha- Antitrypsin DeficiencyCAMBRIDGE, Mass., March ,  (GLOBE NEWSWIRE) -- Korro Bio, Inc. (",
    "link": "https://ir.korrobio.com/news-releases/news-release-details/krro--receives-orphan-drug-designation-us-fda-alpha-",
    "timestamp": "unknown"
  },
  {
    "title": "KRRO- Receives Orphan Drug Designation from U.S. FDA for Alpha- Antitrypsin DeficiencyCAMBRIDGE, Mass., March ,  (GLOBE NEWSWIRE) -- Korro Bio, Inc. (",
    "link": "https://ir.korrobio.com/news-releases/news-release-details/krro--receives-orphan-drug-designation-us-fda-alpha-",
    "timestamp": "unknown"
  },
  {
    "title": "KRRO- Receives Orphan Drug Designation from U.S. FDA for Alpha- Antitrypsin DeficiencyCAMBRIDGE, Mass., March ,  (GLOBE NEWSWIRE) -- Korro Bio, Inc. (",
    "link": "https://ir.korrobio.com/news-releases/news-release-details/krro--receives-orphan-drug-designation-us-fda-alpha-",
    "timestamp": "unknown"
  },
  {
    "title": "KRRO- Receives Orphan Drug Designation from U.S. FDA for Alpha- Antitrypsin DeficiencyCAMBRIDGE, Mass., March ,  (GLOBE NEWSWIRE) -- Korro Bio, Inc. (",
    "link": "https://ir.korrobio.com/news-releases/news-release-details/krro--receives-orphan-drug-designation-us-fda-alpha-",
    "timestamp": "unknown"
  },
  {
    "title": "KRRO- Receives Orphan Drug Designation from U.S. FDA for Alpha- Antitrypsin Deficiency",
    "link": "https://ir.korrobio.com/news-releases/news-release-details/krro--receives-orphan-drug-designation-us-fda-alpha-",
    "timestamp": "unknown"
  },
  {
    "title": "March ,PDF VersionRead More",
    "link": "https://ir.korrobio.com/node//pdf",
    "timestamp": "unknown"
  },
  {
    "title": "March ,PDF Version",
    "link": "https://ir.korrobio.com/node//pdf",
    "timestamp": "unknown"
  },
  {
    "title": "PDF Version",
    "link": "https://ir.korrobio.com/node//pdf",
    "timestamp": "unknown"
  },
  {
    "title": "PDF Version",
    "link": "https://ir.korrobio.com/node//pdf",
    "timestamp": "unknown"
  },
  {
    "title": "Read More",
    "link": "https://ir.korrobio.com/news-releases/news-release-details/krro--receives-orphan-drug-designation-us-fda-alpha-",
    "timestamp": "unknown"
  },
  {
    "title": "Read More",
    "link": "https://ir.korrobio.com/news-releases/news-release-details/krro--receives-orphan-drug-designation-us-fda-alpha-",
    "timestamp": "unknown"
  },
  {
    "title": "Korro to Present at the TD Cowen 45th Annual Health Care ConferenceCAMBRIDGE, Mass., Feb. ,  (GLOBE NEWSWIRE) -- Korro Bio, Inc. (Korro) (Nasdaq: KRRO",
    "link": "https://ir.korrobio.com/news-releases/news-release-details/korro-present-td-cowen-45th-annual-health-care-conference",
    "timestamp": "unknown"
  },
  {
    "title": "Korro to Present at the TD Cowen 45th Annual Health Care ConferenceCAMBRIDGE, Mass., Feb. ,  (GLOBE NEWSWIRE) -- Korro Bio, Inc. (Korro) (Nasdaq: KRRO",
    "link": "https://ir.korrobio.com/news-releases/news-release-details/korro-present-td-cowen-45th-annual-health-care-conference",
    "timestamp": "unknown"
  },
  {
    "title": "Korro to Present at the TD Cowen 45th Annual Health Care ConferenceCAMBRIDGE, Mass., Feb. ,  (GLOBE NEWSWIRE) -- Korro Bio, Inc. (Korro) (Nasdaq: KRRO",
    "link": "https://ir.korrobio.com/news-releases/news-release-details/korro-present-td-cowen-45th-annual-health-care-conference",
    "timestamp": "unknown"
  },
  {
    "title": "Korro to Present at the TD Cowen 45th Annual Health Care ConferenceCAMBRIDGE, Mass., Feb. ,  (GLOBE NEWSWIRE) -- Korro Bio, Inc. (Korro) (Nasdaq: KRRO",
    "link": "https://ir.korrobio.com/news-releases/news-release-details/korro-present-td-cowen-45th-annual-health-care-conference",
    "timestamp": "unknown"
  },
  {
    "title": "Korro to Present at the TD Cowen 45th Annual Health Care ConferenceCAMBRIDGE, Mass., Feb. ,  (GLOBE NEWSWIRE) -- Korro Bio, Inc. (Korro) (Nasdaq: KRRO",
    "link": "https://ir.korrobio.com/news-releases/news-release-details/korro-present-td-cowen-45th-annual-health-care-conference",
    "timestamp": "unknown"
  },
  {
    "title": "Korro to Present at the TD Cowen 45th Annual Health Care Conference",
    "link": "https://ir.korrobio.com/news-releases/news-release-details/korro-present-td-cowen-45th-annual-health-care-conference",
    "timestamp": "unknown"
  },
  {
    "title": "February ,PDF VersionRead More",
    "link": "https://ir.korrobio.com/node//pdf",
    "timestamp": "unknown"
  },
  {
    "title": "February ,PDF Version",
    "link": "https://ir.korrobio.com/node//pdf",
    "timestamp": "unknown"
  },
  {
    "title": "PDF Version",
    "link": "https://ir.korrobio.com/node//pdf",
    "timestamp": "unknown"
  },
  {
    "title": "PDF Version",
    "link": "https://ir.korrobio.com/node//pdf",
    "timestamp": "unknown"
  },
  {
    "title": "Read More",
    "link": "https://ir.korrobio.com/news-releases/news-release-details/korro-present-td-cowen-45th-annual-health-care-conference",
    "timestamp": "unknown"
  },
  {
    "title": "Read More",
    "link": "https://ir.korrobio.com/news-releases/news-release-details/korro-present-td-cowen-45th-annual-health-care-conference",
    "timestamp": "unknown"
  },
  {
    "title": "PaginationCurrent pagePagePage\u2026Next page\u203aLast page\u00bbDisplaying  -  of",
    "link": "https://ir.korrobio.com/news-events/press-releases?page=",
    "timestamp": "unknown"
  },
  {
    "title": "PaginationCurrent pagePagePage\u2026Next page\u203aLast page\u00bb",
    "link": "https://ir.korrobio.com/news-events/press-releases?page=",
    "timestamp": "unknown"
  },
  {
    "title": "PaginationCurrent pagePagePage\u2026Next page\u203aLast page\u00bb",
    "link": "https://ir.korrobio.com/news-events/press-releases?page=",
    "timestamp": "unknown"
  },
  {
    "title": "Current page",
    "link": "https://ir.korrobio.com/news-events/press-releases?page=",
    "timestamp": "unknown"
  },
  {
    "title": "Page",
    "link": "https://ir.korrobio.com/news-events/press-releases?page=",
    "timestamp": "unknown"
  },
  {
    "title": "Page",
    "link": "https://ir.korrobio.com/news-events/press-releases?page=",
    "timestamp": "unknown"
  },
  {
    "title": "Next page\u203a",
    "link": "https://ir.korrobio.com/news-events/press-releases?page=",
    "timestamp": "unknown"
  },
  {
    "title": "Last page\u00bb",
    "link": "https://ir.korrobio.com/news-events/press-releases?page=",
    "timestamp": "unknown"
  },
  {
    "title": "Korro Bio, Inc.First Street2nd Floor- SuiteCambridge, MAINVESTOR CONTACTdraftsIR@korrobio.comSubscribe to our Email AlertsSubmit",
    "link": "mailto:IR@korrobio.com",
    "timestamp": "unknown"
  },
  {
    "title": "Korro Bio, Inc.First Street2nd Floor- SuiteCambridge, MAINVESTOR CONTACTdraftsIR@korrobio.comSubscribe to our Email AlertsSubmit",
    "link": "mailto:IR@korrobio.com",
    "timestamp": "unknown"
  },
  {
    "title": "Korro Bio, Inc.First Street2nd Floor- SuiteCambridge, MAINVESTOR CONTACTdraftsIR@korrobio.comSubscribe to our Email AlertsSubmit",
    "link": "mailto:IR@korrobio.com",
    "timestamp": "unknown"
  },
  {
    "title": "Korro Bio, Inc.First Street2nd Floor- SuiteCambridge, MAINVESTOR CONTACTdraftsIR@korrobio.com",
    "link": "mailto:IR@korrobio.com",
    "timestamp": "unknown"
  },
  {
    "title": "Korro Bio, Inc.First Street2nd Floor- SuiteCambridge, MAINVESTOR CONTACTdraftsIR@korrobio.com",
    "link": "mailto:IR@korrobio.com",
    "timestamp": "unknown"
  },
  {
    "title": "Korro Bio, Inc.First Street2nd Floor- SuiteCambridge, MAINVESTOR CONTACTdraftsIR@korrobio.com",
    "link": "mailto:IR@korrobio.com",
    "timestamp": "unknown"
  },
  {
    "title": "Korro Bio, Inc.First Street2nd Floor- SuiteCambridge, MAINVESTOR CONTACTdraftsIR@korrobio.com",
    "link": "mailto:IR@korrobio.com",
    "timestamp": "unknown"
  },
  {
    "title": "Korro Bio, Inc.First Street2nd Floor- SuiteCambridge, MAINVESTOR CONTACTdraftsIR@korrobio.com",
    "link": "mailto:IR@korrobio.com",
    "timestamp": "unknown"
  },
  {
    "title": "draftsIR@korrobio.com",
    "link": "mailto:IR@korrobio.com",
    "timestamp": "unknown"
  },
  {
    "title": "\u00a9 Korro Bio, Inc. All Rights Reserved.Social MediaTwitter opens in new windowLinkedIn opens in new windowContact|Privacy Policy|Terms and ConditionsKo",
    "link": "https://twitter.com/korrobio",
    "timestamp": "unknown"
  },
  {
    "title": "\u00a9 Korro Bio, Inc. All Rights Reserved.Social MediaTwitter opens in new windowLinkedIn opens in new windowContact|Privacy Policy|Terms and ConditionsKo",
    "link": "https://twitter.com/korrobio",
    "timestamp": "unknown"
  },
  {
    "title": "\u00a9 Korro Bio, Inc. All Rights Reserved.Social MediaTwitter opens in new windowLinkedIn opens in new windowContact|Privacy Policy|Terms and ConditionsKo",
    "link": "https://twitter.com/korrobio",
    "timestamp": "unknown"
  },
  {
    "title": "Social MediaTwitter opens in new windowLinkedIn opens in new window",
    "link": "https://twitter.com/korrobio",
    "timestamp": "unknown"
  },
  {
    "title": "Social MediaTwitter opens in new windowLinkedIn opens in new window",
    "link": "https://twitter.com/korrobio",
    "timestamp": "unknown"
  },
  {
    "title": "Twitter opens in new window",
    "link": "https://twitter.com/korrobio",
    "timestamp": "unknown"
  },
  {
    "title": "LinkedIn opens in new window",
    "link": "https://www.linkedin.com/company/korro-bio/",
    "timestamp": "unknown"
  },
  {
    "title": "Contact|Privacy Policy|Terms and ConditionsKorro Bio TM standard character mark and design logo are trademarks of Korro Bio Inc.. Solely for convenien",
    "link": "https://ir.korrobio.com/shareholder-services/contact-ir",
    "timestamp": "unknown"
  },
  {
    "title": "Contact|Privacy Policy|Terms and ConditionsKorro Bio TM standard character mark and design logo are trademarks of Korro Bio Inc.. Solely for convenien",
    "link": "https://ir.korrobio.com/shareholder-services/contact-ir",
    "timestamp": "unknown"
  },
  {
    "title": "Contact|Privacy Policy|Terms and ConditionsKorro Bio TM standard character mark and design logo are trademarks of Korro Bio Inc.. Solely for convenien",
    "link": "https://ir.korrobio.com/shareholder-services/contact-ir",
    "timestamp": "unknown"
  },
  {
    "title": "Contact|Privacy Policy|Terms and ConditionsKorro Bio TM standard character mark and design logo are trademarks of Korro Bio Inc.. Solely for convenien",
    "link": "https://ir.korrobio.com/shareholder-services/contact-ir",
    "timestamp": "unknown"
  },
  {
    "title": "Contact|Privacy Policy|Terms and ConditionsKorro Bio TM standard character mark and design logo are trademarks of Korro Bio Inc.. Solely for convenien",
    "link": "https://ir.korrobio.com/shareholder-services/contact-ir",
    "timestamp": "unknown"
  },
  {
    "title": "Contact|",
    "link": "https://ir.korrobio.com/shareholder-services/contact-ir",
    "timestamp": "unknown"
  },
  {
    "title": "Privacy Policy|",
    "link": "https://www.korrobio.com/privacy-policy/",
    "timestamp": "unknown"
  },
  {
    "title": "Terms and Conditions",
    "link": "https://www.korrobio.com/terms-of-use/",
    "timestamp": "unknown"
  },
  {
    "title": "Korro Bio TM standard character mark and design logo are trademarks of Korro Bio Inc.. Solely for convenience, trademarks, service marks, and trade na",
    "link": "https://ir.korrobio.com/shareholder-services/contact-ir",
    "timestamp": "unknown"
  },
  {
    "title": "Korro Bio TM standard character mark and design logo are trademarks of Korro Bio Inc.. Solely for convenience, trademarks, service marks, and trade na",
    "link": "https://ir.korrobio.com/shareholder-services/contact-ir",
    "timestamp": "unknown"
  }
]