[
  {
    "title": "OverviewPress ReleasesEvents & PresentationsStock InformationStock Quote & ChartAnalyst CoverageGovernanceGovernance OverviewLeadership & BoardCommitt",
    "link": "https://www.korrobio.com/",
    "timestamp": "unknown"
  },
  {
    "title": "OverviewPress ReleasesEvents & PresentationsStock InformationStock Quote & ChartAnalyst CoverageGovernanceGovernance OverviewLeadership & BoardCommitt",
    "link": "https://www.korrobio.com/",
    "timestamp": "unknown"
  },
  {
    "title": "OverviewPress ReleasesEvents & PresentationsStock InformationStock Quote & ChartAnalyst CoverageGovernanceGovernance OverviewLeadership & BoardCommitt",
    "link": "https://ir.korrobio.com/",
    "timestamp": "unknown"
  },
  {
    "title": "Overview",
    "link": "https://ir.korrobio.com/",
    "timestamp": "unknown"
  },
  {
    "title": "Press Releases",
    "link": "https://ir.korrobio.com/news-events/press-releases",
    "timestamp": "unknown"
  },
  {
    "title": "Events & Presentations",
    "link": "https://ir.korrobio.com/events-presentation",
    "timestamp": "unknown"
  },
  {
    "title": "Stock InformationStock Quote & ChartAnalyst Coverage",
    "link": "https://ir.korrobio.com/stock-information/stock-quote-chart",
    "timestamp": "unknown"
  },
  {
    "title": "Stock Quote & Chart",
    "link": "https://ir.korrobio.com/stock-information/stock-quote-chart",
    "timestamp": "unknown"
  },
  {
    "title": "Analyst Coverage",
    "link": "https://ir.korrobio.com/stock-information/analyst-coverage",
    "timestamp": "unknown"
  },
  {
    "title": "GovernanceGovernance OverviewLeadership & BoardCommittee Composition",
    "link": "https://ir.korrobio.com/corporate-governance/governance-overview",
    "timestamp": "unknown"
  },
  {
    "title": "Governance Overview",
    "link": "https://ir.korrobio.com/corporate-governance/governance-overview",
    "timestamp": "unknown"
  },
  {
    "title": "Leadership & Board",
    "link": "https://www.korrobio.com/our-team/",
    "timestamp": "unknown"
  },
  {
    "title": "Committee Composition",
    "link": "https://ir.korrobio.com/corporate-governance/committee-composition",
    "timestamp": "unknown"
  },
  {
    "title": "SEC Filings",
    "link": "https://ir.korrobio.com/financials-filings/sec-filings",
    "timestamp": "unknown"
  },
  {
    "title": "IR ResourcesInvestor FAQsEmail AlertsContact IR",
    "link": "https://ir.korrobio.com/shareholder-services/investor-faqs",
    "timestamp": "unknown"
  },
  {
    "title": "Investor FAQs",
    "link": "https://ir.korrobio.com/shareholder-services/investor-faqs",
    "timestamp": "unknown"
  },
  {
    "title": "Email Alerts",
    "link": "https://ir.korrobio.com/shareholder-services/email-alerts",
    "timestamp": "unknown"
  },
  {
    "title": "Contact IR",
    "link": "https://ir.korrobio.com/shareholder-services/contact-ir",
    "timestamp": "unknown"
  },
  {
    "title": "PresentationsNovember ,Korro Bio November  Corporate Presentation. MBMarch ,Korro Bio Development and Application of Graph Neural Networks to Design G",
    "link": "https://ir.korrobio.com/static-files/86a09615-f8e7-4ade-a2f8-208e6e45d33b",
    "timestamp": "unknown"
  },
  {
    "title": "PresentationsNovember ,Korro Bio November  Corporate Presentation. MBMarch ,Korro Bio Development and Application of Graph Neural Networks to Design G",
    "link": "https://ir.korrobio.com/static-files/86a09615-f8e7-4ade-a2f8-208e6e45d33b",
    "timestamp": "unknown"
  },
  {
    "title": "PresentationsNovember ,Korro Bio November  Corporate Presentation. MBMarch ,Korro Bio Development and Application of Graph Neural Networks to Design G",
    "link": "https://ir.korrobio.com/static-files/86a09615-f8e7-4ade-a2f8-208e6e45d33b",
    "timestamp": "unknown"
  },
  {
    "title": "PresentationsNovember ,Korro Bio November  Corporate Presentation. MBMarch ,Korro Bio Development and Application of Graph Neural Networks to Design G",
    "link": "https://ir.korrobio.com/static-files/86a09615-f8e7-4ade-a2f8-208e6e45d33b",
    "timestamp": "unknown"
  },
  {
    "title": "PresentationsNovember ,Korro Bio November  Corporate Presentation. MBMarch ,Korro Bio Development and Application of Graph Neural Networks to Design G",
    "link": "https://ir.korrobio.com/static-files/86a09615-f8e7-4ade-a2f8-208e6e45d33b",
    "timestamp": "unknown"
  },
  {
    "title": "PresentationsNovember ,Korro Bio November  Corporate Presentation. MBMarch ,Korro Bio Development and Application of Graph Neural Networks to Design G",
    "link": "https://ir.korrobio.com/static-files/86a09615-f8e7-4ade-a2f8-208e6e45d33b",
    "timestamp": "unknown"
  },
  {
    "title": "PresentationsNovember ,Korro Bio November  Corporate Presentation. MBMarch ,Korro Bio Development and Application of Graph Neural Networks to Design G",
    "link": "https://ir.korrobio.com/static-files/86a09615-f8e7-4ade-a2f8-208e6e45d33b",
    "timestamp": "unknown"
  },
  {
    "title": "PresentationsNovember ,Korro Bio November  Corporate Presentation. MBMarch ,Korro Bio Development and Application of Graph Neural Networks to Design G",
    "link": "https://ir.korrobio.com/static-files/86a09615-f8e7-4ade-a2f8-208e6e45d33b",
    "timestamp": "unknown"
  },
  {
    "title": "PresentationsNovember ,Korro Bio November  Corporate Presentation. MBMarch ,Korro Bio Development and Application of Graph Neural Networks to Design G",
    "link": "https://ir.korrobio.com/static-files/86a09615-f8e7-4ade-a2f8-208e6e45d33b",
    "timestamp": "unknown"
  },
  {
    "title": "PresentationsNovember ,Korro Bio November  Corporate Presentation. MBMarch ,Korro Bio Development and Application of Graph Neural Networks to Design G",
    "link": "https://ir.korrobio.com/static-files/86a09615-f8e7-4ade-a2f8-208e6e45d33b",
    "timestamp": "unknown"
  },
  {
    "title": "PresentationsNovember ,Korro Bio November  Corporate Presentation. MBMarch ,Korro Bio Development and Application of Graph Neural Networks to Design G",
    "link": "https://ir.korrobio.com/static-files/86a09615-f8e7-4ade-a2f8-208e6e45d33b",
    "timestamp": "unknown"
  },
  {
    "title": "PresentationsNovember ,Korro Bio November  Corporate Presentation. MBMarch ,Korro Bio Development and Application of Graph Neural Networks to Design G",
    "link": "https://ir.korrobio.com/static-files/86a09615-f8e7-4ade-a2f8-208e6e45d33b",
    "timestamp": "unknown"
  },
  {
    "title": "PresentationsNovember ,Korro Bio November  Corporate Presentation. MBMarch ,Korro Bio Development and Application of Graph Neural Networks to Design G",
    "link": "https://ir.korrobio.com/static-files/86a09615-f8e7-4ade-a2f8-208e6e45d33b",
    "timestamp": "unknown"
  },
  {
    "title": "PresentationsNovember ,Korro Bio November  Corporate Presentation. MBMarch ,Korro Bio Development and Application of Graph Neural Networks to Design G",
    "link": "https://ir.korrobio.com/static-files/86a09615-f8e7-4ade-a2f8-208e6e45d33b",
    "timestamp": "unknown"
  },
  {
    "title": "PresentationsNovember ,Korro Bio November  Corporate Presentation. MBMarch ,Korro Bio Development and Application of Graph Neural Networks to Design G",
    "link": "https://ir.korrobio.com/static-files/86a09615-f8e7-4ade-a2f8-208e6e45d33b",
    "timestamp": "unknown"
  },
  {
    "title": "PresentationsNovember ,Korro Bio November  Corporate Presentation. MBMarch ,Korro Bio Development and Application of Graph Neural Networks to Design G",
    "link": "https://ir.korrobio.com/static-files/86a09615-f8e7-4ade-a2f8-208e6e45d33b",
    "timestamp": "unknown"
  },
  {
    "title": "PresentationsNovember ,Korro Bio November  Corporate Presentation. MBMarch ,Korro Bio Development and Application of Graph Neural Networks to Design G",
    "link": "https://ir.korrobio.com/static-files/86a09615-f8e7-4ade-a2f8-208e6e45d33b",
    "timestamp": "unknown"
  },
  {
    "title": "November ,Korro Bio November  Corporate Presentation. MBMarch ,Korro Bio Development and Application of Graph Neural Networks to Design Guide Oligonuc",
    "link": "https://ir.korrobio.com/static-files/86a09615-f8e7-4ade-a2f8-208e6e45d33b",
    "timestamp": "unknown"
  },
  {
    "title": "November ,Korro Bio November  Corporate Presentation. MBMarch ,Korro Bio Development and Application of Graph Neural Networks to Design Guide Oligonuc",
    "link": "https://ir.korrobio.com/static-files/86a09615-f8e7-4ade-a2f8-208e6e45d33b",
    "timestamp": "unknown"
  },
  {
    "title": "November ,Korro Bio November  Corporate Presentation. MB",
    "link": "https://ir.korrobio.com/static-files/86a09615-f8e7-4ade-a2f8-208e6e45d33b",
    "timestamp": "unknown"
  },
  {
    "title": "November ,Korro Bio November  Corporate Presentation. MB",
    "link": "https://ir.korrobio.com/static-files/86a09615-f8e7-4ade-a2f8-208e6e45d33b",
    "timestamp": "unknown"
  },
  {
    "title": "November ,Korro Bio November  Corporate Presentation. MB",
    "link": "https://ir.korrobio.com/static-files/86a09615-f8e7-4ade-a2f8-208e6e45d33b",
    "timestamp": "unknown"
  },
  {
    "title": "November ,Korro Bio November  Corporate Presentation. MB",
    "link": "https://ir.korrobio.com/static-files/86a09615-f8e7-4ade-a2f8-208e6e45d33b",
    "timestamp": "unknown"
  },
  {
    "title": "Korro Bio November  Corporate Presentation. MB",
    "link": "https://ir.korrobio.com/static-files/86a09615-f8e7-4ade-a2f8-208e6e45d33b",
    "timestamp": "unknown"
  },
  {
    "title": "Korro Bio November  Corporate Presentation. MB",
    "link": "https://ir.korrobio.com/static-files/86a09615-f8e7-4ade-a2f8-208e6e45d33b",
    "timestamp": "unknown"
  },
  {
    "title": "Korro Bio November  Corporate Presentation. MB",
    "link": "https://ir.korrobio.com/static-files/86a09615-f8e7-4ade-a2f8-208e6e45d33b",
    "timestamp": "unknown"
  },
  {
    "title": "Korro Bio November  Corporate Presentation. MB",
    "link": "https://ir.korrobio.com/static-files/86a09615-f8e7-4ade-a2f8-208e6e45d33b",
    "timestamp": "unknown"
  },
  {
    "title": "Korro Bio November  Corporate Presentation. MB",
    "link": "https://ir.korrobio.com/static-files/86a09615-f8e7-4ade-a2f8-208e6e45d33b",
    "timestamp": "unknown"
  },
  {
    "title": "Korro Bio November  Corporate Presentation. MB",
    "link": "https://ir.korrobio.com/static-files/86a09615-f8e7-4ade-a2f8-208e6e45d33b",
    "timestamp": "unknown"
  },
  {
    "title": "Korro Bio November  Corporate Presentation. MB",
    "link": "https://ir.korrobio.com/static-files/86a09615-f8e7-4ade-a2f8-208e6e45d33b",
    "timestamp": "unknown"
  },
  {
    "title": "Korro Bio November  Corporate Presentation. MB",
    "link": "https://ir.korrobio.com/static-files/86a09615-f8e7-4ade-a2f8-208e6e45d33b",
    "timestamp": "unknown"
  },
  {
    "title": "March ,Korro Bio Development and Application of Graph Neural Networks to Design Guide Oligonucleotides that Promote RNA Editing. MB",
    "link": "https://ir.korrobio.com/static-files/5269982d-fbd3-4fc8-884b-97359eb1d80d",
    "timestamp": "unknown"
  },
  {
    "title": "March ,Korro Bio Development and Application of Graph Neural Networks to Design Guide Oligonucleotides that Promote RNA Editing. MB",
    "link": "https://ir.korrobio.com/static-files/5269982d-fbd3-4fc8-884b-97359eb1d80d",
    "timestamp": "unknown"
  },
  {
    "title": "March ,Korro Bio Development and Application of Graph Neural Networks to Design Guide Oligonucleotides that Promote RNA Editing. MB",
    "link": "https://ir.korrobio.com/static-files/5269982d-fbd3-4fc8-884b-97359eb1d80d",
    "timestamp": "unknown"
  },
  {
    "title": "March ,Korro Bio Development and Application of Graph Neural Networks to Design Guide Oligonucleotides that Promote RNA Editing. MB",
    "link": "https://ir.korrobio.com/static-files/5269982d-fbd3-4fc8-884b-97359eb1d80d",
    "timestamp": "unknown"
  },
  {
    "title": "Korro Bio Development and Application of Graph Neural Networks to Design Guide Oligonucleotides that Promote RNA Editing. MB",
    "link": "https://ir.korrobio.com/static-files/5269982d-fbd3-4fc8-884b-97359eb1d80d",
    "timestamp": "unknown"
  },
  {
    "title": "Korro Bio Development and Application of Graph Neural Networks to Design Guide Oligonucleotides that Promote RNA Editing. MB",
    "link": "https://ir.korrobio.com/static-files/5269982d-fbd3-4fc8-884b-97359eb1d80d",
    "timestamp": "unknown"
  },
  {
    "title": "Korro Bio Development and Application of Graph Neural Networks to Design Guide Oligonucleotides that Promote RNA Editing. MB",
    "link": "https://ir.korrobio.com/static-files/5269982d-fbd3-4fc8-884b-97359eb1d80d",
    "timestamp": "unknown"
  },
  {
    "title": "Korro Bio Development and Application of Graph Neural Networks to Design Guide Oligonucleotides that Promote RNA Editing. MB",
    "link": "https://ir.korrobio.com/static-files/5269982d-fbd3-4fc8-884b-97359eb1d80d",
    "timestamp": "unknown"
  },
  {
    "title": "Korro Bio Development and Application of Graph Neural Networks to Design Guide Oligonucleotides that Promote RNA Editing. MB",
    "link": "https://ir.korrobio.com/static-files/5269982d-fbd3-4fc8-884b-97359eb1d80d",
    "timestamp": "unknown"
  },
  {
    "title": "Korro Bio Development and Application of Graph Neural Networks to Design Guide Oligonucleotides that Promote RNA Editing. MB",
    "link": "https://ir.korrobio.com/static-files/5269982d-fbd3-4fc8-884b-97359eb1d80d",
    "timestamp": "unknown"
  },
  {
    "title": "Korro Bio Development and Application of Graph Neural Networks to Design Guide Oligonucleotides that Promote RNA Editing. MB",
    "link": "https://ir.korrobio.com/static-files/5269982d-fbd3-4fc8-884b-97359eb1d80d",
    "timestamp": "unknown"
  },
  {
    "title": "Korro Bio Development and Application of Graph Neural Networks to Design Guide Oligonucleotides that Promote RNA Editing. MB",
    "link": "https://ir.korrobio.com/static-files/5269982d-fbd3-4fc8-884b-97359eb1d80d",
    "timestamp": "unknown"
  },
  {
    "title": "Posters and PublicationsEditing Approaches to Treat Alpha- Antitrypsin Deficiency. KBPurification of Human ADAR Enables Evaluation of Oligo-Directed R",
    "link": "https://ir.korrobio.com/static-files/6debce8e-d4a2-4f25-a147-2c26753dffa6",
    "timestamp": "unknown"
  },
  {
    "title": "Posters and PublicationsEditing Approaches to Treat Alpha- Antitrypsin Deficiency. KBPurification of Human ADAR Enables Evaluation of Oligo-Directed R",
    "link": "https://ir.korrobio.com/static-files/6debce8e-d4a2-4f25-a147-2c26753dffa6",
    "timestamp": "unknown"
  },
  {
    "title": "Posters and PublicationsEditing Approaches to Treat Alpha- Antitrypsin Deficiency. KBPurification of Human ADAR Enables Evaluation of Oligo-Directed R",
    "link": "https://ir.korrobio.com/static-files/6debce8e-d4a2-4f25-a147-2c26753dffa6",
    "timestamp": "unknown"
  },
  {
    "title": "Posters and PublicationsEditing Approaches to Treat Alpha- Antitrypsin Deficiency. KBPurification of Human ADAR Enables Evaluation of Oligo-Directed R",
    "link": "https://ir.korrobio.com/static-files/6debce8e-d4a2-4f25-a147-2c26753dffa6",
    "timestamp": "unknown"
  },
  {
    "title": "Editing Approaches to Treat Alpha- Antitrypsin Deficiency. KBPurification of Human ADAR Enables Evaluation of Oligo-Directed RNA Editing in a Cell Fre",
    "link": "https://ir.korrobio.com/static-files/6debce8e-d4a2-4f25-a147-2c26753dffa6",
    "timestamp": "unknown"
  },
  {
    "title": "Editing Approaches to Treat Alpha- Antitrypsin Deficiency. KBPurification of Human ADAR Enables Evaluation of Oligo-Directed RNA Editing in a Cell Fre",
    "link": "https://ir.korrobio.com/static-files/6debce8e-d4a2-4f25-a147-2c26753dffa6",
    "timestamp": "unknown"
  },
  {
    "title": "Editing Approaches to Treat Alpha- Antitrypsin Deficiency. KB",
    "link": "https://ir.korrobio.com/static-files/6debce8e-d4a2-4f25-a147-2c26753dffa6",
    "timestamp": "unknown"
  },
  {
    "title": "Editing Approaches to Treat Alpha- Antitrypsin Deficiency. KB",
    "link": "https://ir.korrobio.com/static-files/6debce8e-d4a2-4f25-a147-2c26753dffa6",
    "timestamp": "unknown"
  },
  {
    "title": "Editing Approaches to Treat Alpha- Antitrypsin Deficiency. KB",
    "link": "https://ir.korrobio.com/static-files/6debce8e-d4a2-4f25-a147-2c26753dffa6",
    "timestamp": "unknown"
  },
  {
    "title": "Editing Approaches to Treat Alpha- Antitrypsin Deficiency. KB",
    "link": "https://ir.korrobio.com/static-files/6debce8e-d4a2-4f25-a147-2c26753dffa6",
    "timestamp": "unknown"
  },
  {
    "title": "Editing Approaches to Treat Alpha- Antitrypsin Deficiency. KB",
    "link": "https://ir.korrobio.com/static-files/6debce8e-d4a2-4f25-a147-2c26753dffa6",
    "timestamp": "unknown"
  },
  {
    "title": "Editing Approaches to Treat Alpha- Antitrypsin Deficiency. KB",
    "link": "https://ir.korrobio.com/static-files/6debce8e-d4a2-4f25-a147-2c26753dffa6",
    "timestamp": "unknown"
  },
  {
    "title": "Editing Approaches to Treat Alpha- Antitrypsin Deficiency. KB",
    "link": "https://ir.korrobio.com/static-files/6debce8e-d4a2-4f25-a147-2c26753dffa6",
    "timestamp": "unknown"
  },
  {
    "title": "Editing Approaches to Treat Alpha- Antitrypsin Deficiency. KB",
    "link": "https://ir.korrobio.com/static-files/6debce8e-d4a2-4f25-a147-2c26753dffa6",
    "timestamp": "unknown"
  },
  {
    "title": "Editing Approaches to Treat Alpha- Antitrypsin Deficiency. KB",
    "link": "https://ir.korrobio.com/static-files/6debce8e-d4a2-4f25-a147-2c26753dffa6",
    "timestamp": "unknown"
  },
  {
    "title": "Editing Approaches to Treat Alpha- Antitrypsin Deficiency. KB",
    "link": "https://ir.korrobio.com/static-files/6debce8e-d4a2-4f25-a147-2c26753dffa6",
    "timestamp": "unknown"
  },
  {
    "title": "Editing Approaches to Treat Alpha- Antitrypsin Deficiency. KB",
    "link": "https://ir.korrobio.com/static-files/6debce8e-d4a2-4f25-a147-2c26753dffa6",
    "timestamp": "unknown"
  },
  {
    "title": "Editing Approaches to Treat Alpha- Antitrypsin Deficiency. KB",
    "link": "https://ir.korrobio.com/static-files/6debce8e-d4a2-4f25-a147-2c26753dffa6",
    "timestamp": "unknown"
  },
  {
    "title": "Purification of Human ADAR Enables Evaluation of Oligo-Directed RNA Editing in a Cell Free Environment that Predicts In Vivo Activity. MB",
    "link": "https://ir.korrobio.com/static-files/5b4f2baa-b786-4d9b--ce8f8d2d2857",
    "timestamp": "unknown"
  },
  {
    "title": "Purification of Human ADAR Enables Evaluation of Oligo-Directed RNA Editing in a Cell Free Environment that Predicts In Vivo Activity. MB",
    "link": "https://ir.korrobio.com/static-files/5b4f2baa-b786-4d9b--ce8f8d2d2857",
    "timestamp": "unknown"
  },
  {
    "title": "Purification of Human ADAR Enables Evaluation of Oligo-Directed RNA Editing in a Cell Free Environment that Predicts In Vivo Activity. MB",
    "link": "https://ir.korrobio.com/static-files/5b4f2baa-b786-4d9b--ce8f8d2d2857",
    "timestamp": "unknown"
  },
  {
    "title": "Purification of Human ADAR Enables Evaluation of Oligo-Directed RNA Editing in a Cell Free Environment that Predicts In Vivo Activity. MB",
    "link": "https://ir.korrobio.com/static-files/5b4f2baa-b786-4d9b--ce8f8d2d2857",
    "timestamp": "unknown"
  },
  {
    "title": "Purification of Human ADAR Enables Evaluation of Oligo-Directed RNA Editing in a Cell Free Environment that Predicts In Vivo Activity. MB",
    "link": "https://ir.korrobio.com/static-files/5b4f2baa-b786-4d9b--ce8f8d2d2857",
    "timestamp": "unknown"
  },
  {
    "title": "Purification of Human ADAR Enables Evaluation of Oligo-Directed RNA Editing in a Cell Free Environment that Predicts In Vivo Activity. MB",
    "link": "https://ir.korrobio.com/static-files/5b4f2baa-b786-4d9b--ce8f8d2d2857",
    "timestamp": "unknown"
  },
  {
    "title": "Purification of Human ADAR Enables Evaluation of Oligo-Directed RNA Editing in a Cell Free Environment that Predicts In Vivo Activity. MB",
    "link": "https://ir.korrobio.com/static-files/5b4f2baa-b786-4d9b--ce8f8d2d2857",
    "timestamp": "unknown"
  },
  {
    "title": "Purification of Human ADAR Enables Evaluation of Oligo-Directed RNA Editing in a Cell Free Environment that Predicts In Vivo Activity. MB",
    "link": "https://ir.korrobio.com/static-files/5b4f2baa-b786-4d9b--ce8f8d2d2857",
    "timestamp": "unknown"
  },
  {
    "title": "Purification of Human ADAR Enables Evaluation of Oligo-Directed RNA Editing in a Cell Free Environment that Predicts In Vivo Activity. MB",
    "link": "https://ir.korrobio.com/static-files/5b4f2baa-b786-4d9b--ce8f8d2d2857",
    "timestamp": "unknown"
  },
  {
    "title": "Purification of Human ADAR Enables Evaluation of Oligo-Directed RNA Editing in a Cell Free Environment that Predicts In Vivo Activity. MB",
    "link": "https://ir.korrobio.com/static-files/5b4f2baa-b786-4d9b--ce8f8d2d2857",
    "timestamp": "unknown"
  },
  {
    "title": "Purification of Human ADAR Enables Evaluation of Oligo-Directed RNA Editing in a Cell Free Environment that Predicts In Vivo Activity. MB",
    "link": "https://ir.korrobio.com/static-files/5b4f2baa-b786-4d9b--ce8f8d2d2857",
    "timestamp": "unknown"
  },
  {
    "title": "Purification of Human ADAR Enables Evaluation of Oligo-Directed RNA Editing in a Cell Free Environment that Predicts In Vivo Activity. MB",
    "link": "https://ir.korrobio.com/static-files/5b4f2baa-b786-4d9b--ce8f8d2d2857",
    "timestamp": "unknown"
  },
  {
    "title": "Using ADAR1 chimeric eCLIP to understand the on-target and off-target behaviors of RNA editing oligonucleotides. KB",
    "link": "https://ir.korrobio.com/static-files/e8b29234--4d02-aaaf-e0a43bdb63a9",
    "timestamp": "unknown"
  },
  {
    "title": "Using ADAR1 chimeric eCLIP to understand the on-target and off-target behaviors of RNA editing oligonucleotides. KB",
    "link": "https://ir.korrobio.com/static-files/e8b29234--4d02-aaaf-e0a43bdb63a9",
    "timestamp": "unknown"
  },
  {
    "title": "Using ADAR1 chimeric eCLIP to understand the on-target and off-target behaviors of RNA editing oligonucleotides. KB",
    "link": "https://ir.korrobio.com/static-files/e8b29234--4d02-aaaf-e0a43bdb63a9",
    "timestamp": "unknown"
  },
  {
    "title": "Using ADAR1 chimeric eCLIP to understand the on-target and off-target behaviors of RNA editing oligonucleotides. KB",
    "link": "https://ir.korrobio.com/static-files/e8b29234--4d02-aaaf-e0a43bdb63a9",
    "timestamp": "unknown"
  },
  {
    "title": "Using ADAR1 chimeric eCLIP to understand the on-target and off-target behaviors of RNA editing oligonucleotides. KB",
    "link": "https://ir.korrobio.com/static-files/e8b29234--4d02-aaaf-e0a43bdb63a9",
    "timestamp": "unknown"
  },
  {
    "title": "Using ADAR1 chimeric eCLIP to understand the on-target and off-target behaviors of RNA editing oligonucleotides. KB",
    "link": "https://ir.korrobio.com/static-files/e8b29234--4d02-aaaf-e0a43bdb63a9",
    "timestamp": "unknown"
  },
  {
    "title": "Using ADAR1 chimeric eCLIP to understand the on-target and off-target behaviors of RNA editing oligonucleotides. KB",
    "link": "https://ir.korrobio.com/static-files/e8b29234--4d02-aaaf-e0a43bdb63a9",
    "timestamp": "unknown"
  },
  {
    "title": "Using ADAR1 chimeric eCLIP to understand the on-target and off-target behaviors of RNA editing oligonucleotides. KB",
    "link": "https://ir.korrobio.com/static-files/e8b29234--4d02-aaaf-e0a43bdb63a9",
    "timestamp": "unknown"
  },
  {
    "title": "Using ADAR1 chimeric eCLIP to understand the on-target and off-target behaviors of RNA editing oligonucleotides. KB",
    "link": "https://ir.korrobio.com/static-files/e8b29234--4d02-aaaf-e0a43bdb63a9",
    "timestamp": "unknown"
  },
  {
    "title": "Using ADAR1 chimeric eCLIP to understand the on-target and off-target behaviors of RNA editing oligonucleotides. KB",
    "link": "https://ir.korrobio.com/static-files/e8b29234--4d02-aaaf-e0a43bdb63a9",
    "timestamp": "unknown"
  },
  {
    "title": "Using ADAR1 chimeric eCLIP to understand the on-target and off-target behaviors of RNA editing oligonucleotides. KB",
    "link": "https://ir.korrobio.com/static-files/e8b29234--4d02-aaaf-e0a43bdb63a9",
    "timestamp": "unknown"
  },
  {
    "title": "Using ADAR1 chimeric eCLIP to understand the on-target and off-target behaviors of RNA editing oligonucleotides. KB",
    "link": "https://ir.korrobio.com/static-files/e8b29234--4d02-aaaf-e0a43bdb63a9",
    "timestamp": "unknown"
  },
  {
    "title": "Korro Bio American Thoracic Society  International Conference Poster. KB",
    "link": "https://ir.korrobio.com/static-files/b249aabe-1a1b--8c15-085ac0a8fcd6",
    "timestamp": "unknown"
  },
  {
    "title": "Korro Bio American Thoracic Society  International Conference Poster. KB",
    "link": "https://ir.korrobio.com/static-files/b249aabe-1a1b--8c15-085ac0a8fcd6",
    "timestamp": "unknown"
  },
  {
    "title": "Korro Bio American Thoracic Society  International Conference Poster. KB",
    "link": "https://ir.korrobio.com/static-files/b249aabe-1a1b--8c15-085ac0a8fcd6",
    "timestamp": "unknown"
  },
  {
    "title": "Korro Bio American Thoracic Society  International Conference Poster. KB",
    "link": "https://ir.korrobio.com/static-files/b249aabe-1a1b--8c15-085ac0a8fcd6",
    "timestamp": "unknown"
  },
  {
    "title": "Korro Bio American Thoracic Society  International Conference Poster. KB",
    "link": "https://ir.korrobio.com/static-files/b249aabe-1a1b--8c15-085ac0a8fcd6",
    "timestamp": "unknown"
  },
  {
    "title": "Korro Bio American Thoracic Society  International Conference Poster. KB",
    "link": "https://ir.korrobio.com/static-files/b249aabe-1a1b--8c15-085ac0a8fcd6",
    "timestamp": "unknown"
  },
  {
    "title": "Korro Bio American Thoracic Society  International Conference Poster. KB",
    "link": "https://ir.korrobio.com/static-files/b249aabe-1a1b--8c15-085ac0a8fcd6",
    "timestamp": "unknown"
  },
  {
    "title": "Korro Bio American Thoracic Society  International Conference Poster. KB",
    "link": "https://ir.korrobio.com/static-files/b249aabe-1a1b--8c15-085ac0a8fcd6",
    "timestamp": "unknown"
  },
  {
    "title": "Korro Bio American Thoracic Society  International Conference Poster. KB",
    "link": "https://ir.korrobio.com/static-files/b249aabe-1a1b--8c15-085ac0a8fcd6",
    "timestamp": "unknown"
  },
  {
    "title": "Korro Bio American Thoracic Society  International Conference Poster. KB",
    "link": "https://ir.korrobio.com/static-files/b249aabe-1a1b--8c15-085ac0a8fcd6",
    "timestamp": "unknown"
  },
  {
    "title": "Korro Bio American Thoracic Society  International Conference Poster. KB",
    "link": "https://ir.korrobio.com/static-files/b249aabe-1a1b--8c15-085ac0a8fcd6",
    "timestamp": "unknown"
  },
  {
    "title": "Korro Bio American Thoracic Society  International Conference Poster. KB",
    "link": "https://ir.korrobio.com/static-files/b249aabe-1a1b--8c15-085ac0a8fcd6",
    "timestamp": "unknown"
  },
  {
    "title": "American Society of Gene and Cell Therapy  Annual Meeting Poster. KB",
    "link": "https://ir.korrobio.com/static-files/a1904313-b20b--819b-d683fdafaef4",
    "timestamp": "unknown"
  },
  {
    "title": "American Society of Gene and Cell Therapy  Annual Meeting Poster. KB",
    "link": "https://ir.korrobio.com/static-files/a1904313-b20b--819b-d683fdafaef4",
    "timestamp": "unknown"
  },
  {
    "title": "American Society of Gene and Cell Therapy  Annual Meeting Poster. KB",
    "link": "https://ir.korrobio.com/static-files/a1904313-b20b--819b-d683fdafaef4",
    "timestamp": "unknown"
  },
  {
    "title": "American Society of Gene and Cell Therapy  Annual Meeting Poster. KB",
    "link": "https://ir.korrobio.com/static-files/a1904313-b20b--819b-d683fdafaef4",
    "timestamp": "unknown"
  },
  {
    "title": "American Society of Gene and Cell Therapy  Annual Meeting Poster. KB",
    "link": "https://ir.korrobio.com/static-files/a1904313-b20b--819b-d683fdafaef4",
    "timestamp": "unknown"
  },
  {
    "title": "American Society of Gene and Cell Therapy  Annual Meeting Poster. KB",
    "link": "https://ir.korrobio.com/static-files/a1904313-b20b--819b-d683fdafaef4",
    "timestamp": "unknown"
  },
  {
    "title": "American Society of Gene and Cell Therapy  Annual Meeting Poster. KB",
    "link": "https://ir.korrobio.com/static-files/a1904313-b20b--819b-d683fdafaef4",
    "timestamp": "unknown"
  },
  {
    "title": "American Society of Gene and Cell Therapy  Annual Meeting Poster. KB",
    "link": "https://ir.korrobio.com/static-files/a1904313-b20b--819b-d683fdafaef4",
    "timestamp": "unknown"
  },
  {
    "title": "American Society of Gene and Cell Therapy  Annual Meeting Poster. KB",
    "link": "https://ir.korrobio.com/static-files/a1904313-b20b--819b-d683fdafaef4",
    "timestamp": "unknown"
  },
  {
    "title": "American Society of Gene and Cell Therapy  Annual Meeting Poster. KB",
    "link": "https://ir.korrobio.com/static-files/a1904313-b20b--819b-d683fdafaef4",
    "timestamp": "unknown"
  },
  {
    "title": "American Society of Gene and Cell Therapy  Annual Meeting Poster. KB",
    "link": "https://ir.korrobio.com/static-files/a1904313-b20b--819b-d683fdafaef4",
    "timestamp": "unknown"
  },
  {
    "title": "American Society of Gene and Cell Therapy  Annual Meeting Poster. KB",
    "link": "https://ir.korrobio.com/static-files/a1904313-b20b--819b-d683fdafaef4",
    "timestamp": "unknown"
  },
  {
    "title": "Korro Bio, Inc.First Street2nd Floor- SuiteCambridge, MAINVESTOR CONTACTdraftsIR@korrobio.comSubscribe to our Email AlertsSubmit",
    "link": "mailto:IR@korrobio.com",
    "timestamp": "unknown"
  },
  {
    "title": "Korro Bio, Inc.First Street2nd Floor- SuiteCambridge, MAINVESTOR CONTACTdraftsIR@korrobio.comSubscribe to our Email AlertsSubmit",
    "link": "mailto:IR@korrobio.com",
    "timestamp": "unknown"
  },
  {
    "title": "Korro Bio, Inc.First Street2nd Floor- SuiteCambridge, MAINVESTOR CONTACTdraftsIR@korrobio.comSubscribe to our Email AlertsSubmit",
    "link": "mailto:IR@korrobio.com",
    "timestamp": "unknown"
  },
  {
    "title": "Korro Bio, Inc.First Street2nd Floor- SuiteCambridge, MAINVESTOR CONTACTdraftsIR@korrobio.com",
    "link": "mailto:IR@korrobio.com",
    "timestamp": "unknown"
  },
  {
    "title": "Korro Bio, Inc.First Street2nd Floor- SuiteCambridge, MAINVESTOR CONTACTdraftsIR@korrobio.com",
    "link": "mailto:IR@korrobio.com",
    "timestamp": "unknown"
  },
  {
    "title": "Korro Bio, Inc.First Street2nd Floor- SuiteCambridge, MAINVESTOR CONTACTdraftsIR@korrobio.com",
    "link": "mailto:IR@korrobio.com",
    "timestamp": "unknown"
  },
  {
    "title": "Korro Bio, Inc.First Street2nd Floor- SuiteCambridge, MAINVESTOR CONTACTdraftsIR@korrobio.com",
    "link": "mailto:IR@korrobio.com",
    "timestamp": "unknown"
  },
  {
    "title": "Korro Bio, Inc.First Street2nd Floor- SuiteCambridge, MAINVESTOR CONTACTdraftsIR@korrobio.com",
    "link": "mailto:IR@korrobio.com",
    "timestamp": "unknown"
  },
  {
    "title": "draftsIR@korrobio.com",
    "link": "mailto:IR@korrobio.com",
    "timestamp": "unknown"
  },
  {
    "title": "\u00a9 Korro Bio, Inc. All Rights Reserved.Social MediaTwitter opens in new windowLinkedIn opens in new windowContact|Privacy Policy|Terms and ConditionsKo",
    "link": "https://twitter.com/korrobio",
    "timestamp": "unknown"
  },
  {
    "title": "\u00a9 Korro Bio, Inc. All Rights Reserved.Social MediaTwitter opens in new windowLinkedIn opens in new windowContact|Privacy Policy|Terms and ConditionsKo",
    "link": "https://twitter.com/korrobio",
    "timestamp": "unknown"
  },
  {
    "title": "\u00a9 Korro Bio, Inc. All Rights Reserved.Social MediaTwitter opens in new windowLinkedIn opens in new windowContact|Privacy Policy|Terms and ConditionsKo",
    "link": "https://twitter.com/korrobio",
    "timestamp": "unknown"
  },
  {
    "title": "Social MediaTwitter opens in new windowLinkedIn opens in new window",
    "link": "https://twitter.com/korrobio",
    "timestamp": "unknown"
  },
  {
    "title": "Social MediaTwitter opens in new windowLinkedIn opens in new window",
    "link": "https://twitter.com/korrobio",
    "timestamp": "unknown"
  },
  {
    "title": "Twitter opens in new window",
    "link": "https://twitter.com/korrobio",
    "timestamp": "unknown"
  },
  {
    "title": "LinkedIn opens in new window",
    "link": "https://www.linkedin.com/company/korro-bio/",
    "timestamp": "unknown"
  },
  {
    "title": "Contact|Privacy Policy|Terms and ConditionsKorro Bio TM standard character mark and design logo are trademarks of Korro Bio Inc.. Solely for convenien",
    "link": "https://ir.korrobio.com/shareholder-services/contact-ir",
    "timestamp": "unknown"
  },
  {
    "title": "Contact|Privacy Policy|Terms and ConditionsKorro Bio TM standard character mark and design logo are trademarks of Korro Bio Inc.. Solely for convenien",
    "link": "https://ir.korrobio.com/shareholder-services/contact-ir",
    "timestamp": "unknown"
  },
  {
    "title": "Contact|Privacy Policy|Terms and ConditionsKorro Bio TM standard character mark and design logo are trademarks of Korro Bio Inc.. Solely for convenien",
    "link": "https://ir.korrobio.com/shareholder-services/contact-ir",
    "timestamp": "unknown"
  },
  {
    "title": "Contact|Privacy Policy|Terms and ConditionsKorro Bio TM standard character mark and design logo are trademarks of Korro Bio Inc.. Solely for convenien",
    "link": "https://ir.korrobio.com/shareholder-services/contact-ir",
    "timestamp": "unknown"
  },
  {
    "title": "Contact|Privacy Policy|Terms and ConditionsKorro Bio TM standard character mark and design logo are trademarks of Korro Bio Inc.. Solely for convenien",
    "link": "https://ir.korrobio.com/shareholder-services/contact-ir",
    "timestamp": "unknown"
  },
  {
    "title": "Contact|",
    "link": "https://ir.korrobio.com/shareholder-services/contact-ir",
    "timestamp": "unknown"
  },
  {
    "title": "Privacy Policy|",
    "link": "https://www.korrobio.com/privacy-policy/",
    "timestamp": "unknown"
  },
  {
    "title": "Terms and Conditions",
    "link": "https://www.korrobio.com/terms-of-use/",
    "timestamp": "unknown"
  },
  {
    "title": "Korro Bio TM standard character mark and design logo are trademarks of Korro Bio Inc.. Solely for convenience, trademarks, service marks, and trade na",
    "link": "https://ir.korrobio.com/shareholder-services/contact-ir",
    "timestamp": "unknown"
  },
  {
    "title": "Korro Bio TM standard character mark and design logo are trademarks of Korro Bio Inc.. Solely for convenience, trademarks, service marks, and trade na",
    "link": "https://ir.korrobio.com/shareholder-services/contact-ir",
    "timestamp": "unknown"
  }
]