[
  {
    "title": "Contact UsCareersCompanyLeadershipBoard of DirectorsScienceTechnologyPipelineManufacturingTherapeutic AreasMedical ProfessionalsProductVyjuvekPatients",
    "link": "https://www.krystalbio.com/",
    "timestamp": "unknown"
  },
  {
    "title": "Contact UsCareersCompanyLeadershipBoard of DirectorsScienceTechnologyPipelineManufacturingTherapeutic AreasMedical ProfessionalsProductVyjuvekPatients",
    "link": "https://www.krystalbio.com/",
    "timestamp": "unknown"
  },
  {
    "title": "Contact UsCareers",
    "link": "https://www.krystalbio.com/contact-us/",
    "timestamp": "unknown"
  },
  {
    "title": "Contact Us",
    "link": "https://www.krystalbio.com/contact-us/",
    "timestamp": "unknown"
  },
  {
    "title": "Careers",
    "link": "https://krystalbiotech.applytojob.com/apply",
    "timestamp": "unknown"
  },
  {
    "title": "CompanyLeadershipBoard of DirectorsScienceTechnologyPipelineManufacturingTherapeutic AreasMedical ProfessionalsProductVyjuvekPatientsPatient Resources",
    "link": "https://www.krystalbio.com/company/",
    "timestamp": "unknown"
  },
  {
    "title": "CompanyLeadershipBoard of DirectorsScienceTechnologyPipelineManufacturingTherapeutic AreasMedical ProfessionalsProductVyjuvekPatientsPatient Resources",
    "link": "https://www.krystalbio.com/company/",
    "timestamp": "unknown"
  },
  {
    "title": "CompanyLeadershipBoard of Directors",
    "link": "https://www.krystalbio.com/company/",
    "timestamp": "unknown"
  },
  {
    "title": "Leadership",
    "link": "https://www.krystalbio.com/company/leadership/",
    "timestamp": "unknown"
  },
  {
    "title": "Board of Directors",
    "link": "https://www.krystalbio.com/company/board-directors/",
    "timestamp": "unknown"
  },
  {
    "title": "ScienceTechnologyPipelineManufacturingTherapeutic AreasMedical Professionals",
    "link": "https://www.krystalbio.com/science/",
    "timestamp": "unknown"
  },
  {
    "title": "Technology",
    "link": "https://www.krystalbio.com/technology/",
    "timestamp": "unknown"
  },
  {
    "title": "Pipeline",
    "link": "https://www.krystalbio.com/science/pipeline/",
    "timestamp": "unknown"
  },
  {
    "title": "Manufacturing",
    "link": "https://www.krystalbio.com/science/manufacturing/",
    "timestamp": "unknown"
  },
  {
    "title": "Therapeutic Areas",
    "link": "https://www.krystalbio.com/science/therapeutic-areas/",
    "timestamp": "unknown"
  },
  {
    "title": "Medical Professionals",
    "link": "https://www.krystalbio.com/science/medical-professionals/",
    "timestamp": "unknown"
  },
  {
    "title": "ProductVyjuvek",
    "link": "https://www.krystalbio.com/product/",
    "timestamp": "unknown"
  },
  {
    "title": "Vyjuvek",
    "link": "https://www.vyjuvek.com/",
    "timestamp": "unknown"
  },
  {
    "title": "PatientsPatient Resources",
    "link": "https://www.krystalbio.com/patients",
    "timestamp": "unknown"
  },
  {
    "title": "Patient Resources",
    "link": "https://www.krystalbio.com/patients/patient-resources/",
    "timestamp": "unknown"
  },
  {
    "title": "InvestorsContact Us",
    "link": "https://ir.krystalbio.com/",
    "timestamp": "unknown"
  },
  {
    "title": "Contact Us",
    "link": "https://www.krystalbio.com/contact-us/",
    "timestamp": "unknown"
  },
  {
    "title": "InvestorsInvestor RelationsOverviewNews ReleasesEventsStock InformationSEC FilingsCorporate GovernanceScientific PublicationsEmail AlertsAnalyst Cover",
    "link": "https://ir.krystalbio.com/",
    "timestamp": "unknown"
  },
  {
    "title": "Investor RelationsOverviewNews ReleasesEventsStock InformationSEC FilingsCorporate GovernanceScientific PublicationsEmail AlertsAnalyst CoverageInvest",
    "link": "https://ir.krystalbio.com/",
    "timestamp": "unknown"
  },
  {
    "title": "Investor RelationsOverviewNews ReleasesEventsStock InformationSEC FilingsCorporate GovernanceScientific PublicationsEmail AlertsAnalyst CoverageInvest",
    "link": "https://ir.krystalbio.com/",
    "timestamp": "unknown"
  },
  {
    "title": "Overview",
    "link": "https://ir.krystalbio.com/",
    "timestamp": "unknown"
  },
  {
    "title": "News Releases",
    "link": "https://ir.krystalbio.com/news-releases",
    "timestamp": "unknown"
  },
  {
    "title": "Events",
    "link": "https://ir.krystalbio.com/events-and-presentations/events",
    "timestamp": "unknown"
  },
  {
    "title": "Stock Information",
    "link": "https://ir.krystalbio.com/stock-information/stock-quote-chart",
    "timestamp": "unknown"
  },
  {
    "title": "SEC Filings",
    "link": "https://ir.krystalbio.com/financial-information/sec-filings",
    "timestamp": "unknown"
  },
  {
    "title": "Corporate Governance",
    "link": "https://ir.krystalbio.com/corporate-governance/documents-and-charters",
    "timestamp": "unknown"
  },
  {
    "title": "Scientific Publications",
    "link": "https://ir.krystalbio.com/select-scientific-publications",
    "timestamp": "unknown"
  },
  {
    "title": "Email Alerts",
    "link": "https://ir.krystalbio.com/shareholder-services/email-alerts",
    "timestamp": "unknown"
  },
  {
    "title": "Analyst Coverage",
    "link": "https://ir.krystalbio.com/stock-information/analyst-coverage",
    "timestamp": "unknown"
  },
  {
    "title": "Investor FAQs",
    "link": "https://ir.krystalbio.com/shareholder-services/investor-faqs",
    "timestamp": "unknown"
  },
  {
    "title": "SEC FilingsGroup,,Annual FilingsCurrent ReportsMergers & AcquisitionsOtherProxy FilingsQuarterly FilingsRegistration StatementsFiling year- Any -Items",
    "link": "https://ir.krystalbio.com/financial-information/sec-filings?items_per_page=&order=field_nir_sec_date_filed&sort=asc",
    "timestamp": "unknown"
  },
  {
    "title": "SEC FilingsGroup,,Annual FilingsCurrent ReportsMergers & AcquisitionsOtherProxy FilingsQuarterly FilingsRegistration StatementsFiling year- Any -Items",
    "link": "https://ir.krystalbio.com/financial-information/sec-filings?items_per_page=&order=field_nir_sec_date_filed&sort=asc",
    "timestamp": "unknown"
  },
  {
    "title": "SEC FilingsGroup,,Annual FilingsCurrent ReportsMergers & AcquisitionsOtherProxy FilingsQuarterly FilingsRegistration StatementsFiling year- Any -Items",
    "link": "https://ir.krystalbio.com/financial-information/sec-filings?items_per_page=&order=field_nir_sec_date_filed&sort=asc",
    "timestamp": "unknown"
  },
  {
    "title": "SEC FilingsGroup,,Annual FilingsCurrent ReportsMergers & AcquisitionsOtherProxy FilingsQuarterly FilingsRegistration StatementsFiling year- Any -Items",
    "link": "https://ir.krystalbio.com/financial-information/sec-filings?items_per_page=&order=field_nir_sec_date_filed&sort=asc",
    "timestamp": "unknown"
  },
  {
    "title": "SEC FilingsGroup,,Annual FilingsCurrent ReportsMergers & AcquisitionsOtherProxy FilingsQuarterly FilingsRegistration StatementsFiling year- Any -Items",
    "link": "https://ir.krystalbio.com/financial-information/sec-filings?items_per_page=&order=field_nir_sec_date_filed&sort=asc",
    "timestamp": "unknown"
  },
  {
    "title": "SEC FilingsGroup,,Annual FilingsCurrent ReportsMergers & AcquisitionsOtherProxy FilingsQuarterly FilingsRegistration StatementsFiling year- Any -Items",
    "link": "https://ir.krystalbio.com/financial-information/sec-filings?items_per_page=&order=field_nir_sec_date_filed&sort=asc",
    "timestamp": "unknown"
  },
  {
    "title": "SEC FilingsGroup,,Annual FilingsCurrent ReportsMergers & AcquisitionsOtherProxy FilingsQuarterly FilingsRegistration StatementsFiling year- Any -Items",
    "link": "https://ir.krystalbio.com/financial-information/sec-filings?items_per_page=&order=field_nir_sec_date_filed&sort=asc",
    "timestamp": "unknown"
  },
  {
    "title": "SEC FilingsGroup,,Annual FilingsCurrent ReportsMergers & AcquisitionsOtherProxy FilingsQuarterly FilingsRegistration StatementsFiling year- Any -Items",
    "link": "https://ir.krystalbio.com/financial-information/sec-filings?items_per_page=&order=field_nir_sec_date_filed&sort=asc",
    "timestamp": "unknown"
  },
  {
    "title": "SEC FilingsGroup,,Annual FilingsCurrent ReportsMergers & AcquisitionsOtherProxy FilingsQuarterly FilingsRegistration StatementsFiling year- Any -Items",
    "link": "https://ir.krystalbio.com/financial-information/sec-filings?items_per_page=&order=field_nir_sec_date_filed&sort=asc",
    "timestamp": "unknown"
  },
  {
    "title": "SEC FilingsGroup,,Annual FilingsCurrent ReportsMergers & AcquisitionsOtherProxy FilingsQuarterly FilingsRegistration StatementsFiling year- Any -Items",
    "link": "https://ir.krystalbio.com/financial-information/sec-filings?items_per_page=&order=field_nir_sec_date_filed&sort=asc",
    "timestamp": "unknown"
  },
  {
    "title": "SEC FilingsGroup,,Annual FilingsCurrent ReportsMergers & AcquisitionsOtherProxy FilingsQuarterly FilingsRegistration StatementsFiling year- Any -Items",
    "link": "https://ir.krystalbio.com/financial-information/sec-filings?items_per_page=&order=field_nir_sec_date_filed&sort=asc",
    "timestamp": "unknown"
  },
  {
    "title": "SEC FilingsGroup,,Annual FilingsCurrent ReportsMergers & AcquisitionsOtherProxy FilingsQuarterly FilingsRegistration StatementsFiling year- Any -Items",
    "link": "https://ir.krystalbio.com/financial-information/sec-filings?items_per_page=&order=field_nir_sec_date_filed&sort=asc",
    "timestamp": "unknown"
  },
  {
    "title": "SEC FilingsGroup,,Annual FilingsCurrent ReportsMergers & AcquisitionsOtherProxy FilingsQuarterly FilingsRegistration StatementsFiling year- Any -Items",
    "link": "https://ir.krystalbio.com/financial-information/sec-filings?items_per_page=&order=field_nir_sec_date_filed&sort=asc",
    "timestamp": "unknown"
  },
  {
    "title": "SEC FilingsGroup,,Annual FilingsCurrent ReportsMergers & AcquisitionsOtherProxy FilingsQuarterly FilingsRegistration StatementsFiling year- Any -Items",
    "link": "https://ir.krystalbio.com/financial-information/sec-filings?items_per_page=&order=field_nir_sec_date_filed&sort=asc",
    "timestamp": "unknown"
  },
  {
    "title": "SEC FilingsGroup,,Annual FilingsCurrent ReportsMergers & AcquisitionsOtherProxy FilingsQuarterly FilingsRegistration StatementsFiling year- Any -Items",
    "link": "https://ir.krystalbio.com/financial-information/sec-filings?items_per_page=&order=field_nir_sec_date_filed&sort=asc",
    "timestamp": "unknown"
  },
  {
    "title": "SEC FilingsGroup,,Annual FilingsCurrent ReportsMergers & AcquisitionsOtherProxy FilingsQuarterly FilingsRegistration StatementsFiling year- Any -Items",
    "link": "https://ir.krystalbio.com/financial-information/sec-filings?items_per_page=&order=field_nir_sec_date_filed&sort=asc",
    "timestamp": "unknown"
  },
  {
    "title": "SEC FilingsGroup,,Annual FilingsCurrent ReportsMergers & AcquisitionsOtherProxy FilingsQuarterly FilingsRegistration StatementsFiling year- Any -Items",
    "link": "https://ir.krystalbio.com/financial-information/sec-filings?items_per_page=&order=field_nir_sec_date_filed&sort=asc",
    "timestamp": "unknown"
  },
  {
    "title": "SEC FilingsGroup,,Annual FilingsCurrent ReportsMergers & AcquisitionsOtherProxy FilingsQuarterly FilingsRegistration StatementsFiling year- Any -Items",
    "link": "https://ir.krystalbio.com/financial-information/sec-filings?items_per_page=&order=field_nir_sec_date_filed&sort=asc",
    "timestamp": "unknown"
  },
  {
    "title": "SEC FilingsGroup,,Annual FilingsCurrent ReportsMergers & AcquisitionsOtherProxy FilingsQuarterly FilingsRegistration StatementsFiling year- Any -Items",
    "link": "https://ir.krystalbio.com/financial-information/sec-filings?items_per_page=&order=field_nir_sec_date_filed&sort=asc",
    "timestamp": "unknown"
  },
  {
    "title": "Group,,Annual FilingsCurrent ReportsMergers & AcquisitionsOtherProxy FilingsQuarterly FilingsRegistration StatementsFiling year- Any -Items per pageFi",
    "link": "https://ir.krystalbio.com/financial-information/sec-filings?items_per_page=&order=field_nir_sec_date_filed&sort=asc",
    "timestamp": "unknown"
  },
  {
    "title": "Group,,Annual FilingsCurrent ReportsMergers & AcquisitionsOtherProxy FilingsQuarterly FilingsRegistration StatementsFiling year- Any -Items per pageFi",
    "link": "https://ir.krystalbio.com/financial-information/sec-filings?items_per_page=&order=field_nir_sec_date_filed&sort=asc",
    "timestamp": "unknown"
  },
  {
    "title": "Group,,Annual FilingsCurrent ReportsMergers & AcquisitionsOtherProxy FilingsQuarterly FilingsRegistration StatementsFiling year- Any -Items per pageFi",
    "link": "https://ir.krystalbio.com/financial-information/sec-filings?items_per_page=&order=field_nir_sec_date_filed&sort=asc",
    "timestamp": "unknown"
  },
  {
    "title": "Group,,Annual FilingsCurrent ReportsMergers & AcquisitionsOtherProxy FilingsQuarterly FilingsRegistration StatementsFiling year- Any -Items per pageFi",
    "link": "https://ir.krystalbio.com/financial-information/sec-filings?items_per_page=&order=field_nir_sec_date_filed&sort=asc",
    "timestamp": "unknown"
  },
  {
    "title": "Group,,Annual FilingsCurrent ReportsMergers & AcquisitionsOtherProxy FilingsQuarterly FilingsRegistration StatementsFiling year- Any -Items per pageFi",
    "link": "https://ir.krystalbio.com/financial-information/sec-filings?items_per_page=&order=field_nir_sec_date_filed&sort=asc",
    "timestamp": "unknown"
  },
  {
    "title": "Group,,Annual FilingsCurrent ReportsMergers & AcquisitionsOtherProxy FilingsQuarterly FilingsRegistration StatementsFiling year- Any -Items per pageFi",
    "link": "https://ir.krystalbio.com/financial-information/sec-filings?items_per_page=&order=field_nir_sec_date_filed&sort=asc",
    "timestamp": "unknown"
  },
  {
    "title": "Group,,Annual FilingsCurrent ReportsMergers & AcquisitionsOtherProxy FilingsQuarterly FilingsRegistration StatementsFiling year- Any -Items per pageFi",
    "link": "https://ir.krystalbio.com/financial-information/sec-filings?items_per_page=&order=field_nir_sec_date_filed&sort=asc",
    "timestamp": "unknown"
  },
  {
    "title": "Group,,Annual FilingsCurrent ReportsMergers & AcquisitionsOtherProxy FilingsQuarterly FilingsRegistration StatementsFiling year- Any -Items per pageFi",
    "link": "https://ir.krystalbio.com/financial-information/sec-filings?items_per_page=&order=field_nir_sec_date_filed&sort=asc",
    "timestamp": "unknown"
  },
  {
    "title": "Group,,Annual FilingsCurrent ReportsMergers & AcquisitionsOtherProxy FilingsQuarterly FilingsRegistration StatementsFiling year- Any -Items per pageFi",
    "link": "https://ir.krystalbio.com/financial-information/sec-filings?items_per_page=&order=field_nir_sec_date_filed&sort=asc",
    "timestamp": "unknown"
  },
  {
    "title": "Group,,Annual FilingsCurrent ReportsMergers & AcquisitionsOtherProxy FilingsQuarterly FilingsRegistration StatementsFiling year- Any -Items per pageFi",
    "link": "https://ir.krystalbio.com/financial-information/sec-filings?items_per_page=&order=field_nir_sec_date_filed&sort=asc",
    "timestamp": "unknown"
  },
  {
    "title": "Filing dateFormDescriptionFiling GroupViewOct ,-KReport of unscheduled material events or corporate eventCurrent ReportsView HTML--.pdf--.rtf--.xlsEX-",
    "link": "https://ir.krystalbio.com/financial-information/sec-filings?items_per_page=&order=field_nir_sec_date_filed&sort=asc",
    "timestamp": "unknown"
  },
  {
    "title": "Filing dateFormDescriptionFiling GroupView",
    "link": "https://ir.krystalbio.com/financial-information/sec-filings?items_per_page=&order=field_nir_sec_date_filed&sort=asc",
    "timestamp": "unknown"
  },
  {
    "title": "Oct ,-KReport of unscheduled material events or corporate eventCurrent ReportsView HTML--.pdf--.rtf--.xlsEX-.SCH - XBRL TAXONOMY EXTENSION SCHEMA",
    "link": "https://ir.krystalbio.com/sec-filings/sec-filing/-k/--",
    "timestamp": "unknown"
  },
  {
    "title": "--.pdf",
    "link": "https://ir.krystalbio.com/static-files/67c5b522--4ce3-b5a0-ad07147e0730",
    "timestamp": "unknown"
  },
  {
    "title": "--.rtf",
    "link": "https://ir.krystalbio.com/static-files/40c8c3fe-c9bc---6fade7be873c",
    "timestamp": "unknown"
  },
  {
    "title": "--.xls",
    "link": "https://ir.krystalbio.com/static-files/d284018c-86a3-4eac-a562-3e0cde40df06",
    "timestamp": "unknown"
  },
  {
    "title": "Aug ,-QQuarterly report which provides a continuing view of a company's financial positionQuarterly FilingsView HTML--.pdf--.rtf--.xlsEX-.SCH - XBRL T",
    "link": "https://ir.krystalbio.com/sec-filings/sec-filing/-q/--",
    "timestamp": "unknown"
  },
  {
    "title": "--.pdf",
    "link": "https://ir.krystalbio.com/static-files/9c875244---a830-279e73e562c4",
    "timestamp": "unknown"
  },
  {
    "title": "--.rtf",
    "link": "https://ir.krystalbio.com/static-files/491a41db-59a3-4f26-b78e-5c3d15a59da0",
    "timestamp": "unknown"
  },
  {
    "title": "--.xls",
    "link": "https://ir.krystalbio.com/static-files/eb5cffc8-867f--a4fb-851de8deec9c",
    "timestamp": "unknown"
  },
  {
    "title": "Aug ,-KReport of unscheduled material events or corporate eventCurrent ReportsView HTML--.pdf--.rtf--.xlsEX-.SCH - XBRL TAXONOMY EXTENSION SCHEMA",
    "link": "https://ir.krystalbio.com/sec-filings/sec-filing/-k/--",
    "timestamp": "unknown"
  },
  {
    "title": "--.pdf",
    "link": "https://ir.krystalbio.com/static-files/0fb3d427-cfe2-411c--e788ad2ce0d1",
    "timestamp": "unknown"
  },
  {
    "title": "--.rtf",
    "link": "https://ir.krystalbio.com/static-files/08061c92-5e56-4ec2-b945-7905ced952de",
    "timestamp": "unknown"
  },
  {
    "title": "--.xls",
    "link": "https://ir.krystalbio.com/static-files/a4154fdb-b1d2-44f6-aaad-080492a2acac",
    "timestamp": "unknown"
  },
  {
    "title": "Jul ,-KReport of unscheduled material events or corporate eventCurrent ReportsView HTML--.pdf--.rtf--.xlsEX-.SCH - XBRL TAXONOMY EXTENSION SCHEMA",
    "link": "https://ir.krystalbio.com/sec-filings/sec-filing/-k/--",
    "timestamp": "unknown"
  },
  {
    "title": "--.pdf",
    "link": "https://ir.krystalbio.com/static-files/c929f87b-f050-465d-af5d-97fd44c670ba",
    "timestamp": "unknown"
  },
  {
    "title": "--.rtf",
    "link": "https://ir.krystalbio.com/static-files/8ee726c6-2c94---75b993751940",
    "timestamp": "unknown"
  },
  {
    "title": "--.xls",
    "link": "https://ir.krystalbio.com/static-files/3a201d22-4e65--b3c1-e21a0a11820f",
    "timestamp": "unknown"
  },
  {
    "title": "Jul ,-KReport of unscheduled material events or corporate eventCurrent ReportsView HTML--.pdf--.rtf--.xlsEX-.SCH - XBRL TAXONOMY EXTENSION SCHEMA",
    "link": "https://ir.krystalbio.com/sec-filings/sec-filing/-k/--",
    "timestamp": "unknown"
  },
  {
    "title": "--.pdf",
    "link": "https://ir.krystalbio.com/static-files/bdeeb73f--4dcc-915f-497cab79a54d",
    "timestamp": "unknown"
  },
  {
    "title": "--.rtf",
    "link": "https://ir.krystalbio.com/static-files/a44f597f-8cf0-4f46-89fc-2e0043de1c54",
    "timestamp": "unknown"
  },
  {
    "title": "--.xls",
    "link": "https://ir.krystalbio.com/static-files/8ebaa08c---b249-14c04fe684cd",
    "timestamp": "unknown"
  },
  {
    "title": "Jul ,Statement of changes in beneficial ownership of securities,,View HTML--.pdf--.rtf--.xls",
    "link": "https://ir.krystalbio.com/sec-filings/sec-filing//--",
    "timestamp": "unknown"
  },
  {
    "title": "--.pdf",
    "link": "https://ir.krystalbio.com/static-files/374bf507-ccf3--826e-8eef0d5a1932",
    "timestamp": "unknown"
  },
  {
    "title": "--.rtf",
    "link": "https://ir.krystalbio.com/static-files/b975c0b5-4fdd--9fa5-c1023701ce8e",
    "timestamp": "unknown"
  },
  {
    "title": "--.xls",
    "link": "https://ir.krystalbio.com/static-files/fbbe430f--4da2-80d5-a7277dfbae0f",
    "timestamp": "unknown"
  },
  {
    "title": "Jul ,Statement of changes in beneficial ownership of securities,,View HTML--.pdf--.rtf--.xls",
    "link": "https://ir.krystalbio.com/sec-filings/sec-filing//--",
    "timestamp": "unknown"
  },
  {
    "title": "--.pdf",
    "link": "https://ir.krystalbio.com/static-files/b3481673-c7c7--998a-caa23bdfd9fa",
    "timestamp": "unknown"
  },
  {
    "title": "--.rtf",
    "link": "https://ir.krystalbio.com/static-files/fd4de8b0-ada8-4bc0-aae4-799697cf91d2",
    "timestamp": "unknown"
  },
  {
    "title": "--.xls",
    "link": "https://ir.krystalbio.com/static-files/f905d971--4d11-b205-d46519336f85",
    "timestamp": "unknown"
  },
  {
    "title": "Jul ,Statement of changes in beneficial ownership of securities,,View HTML--.pdf--.rtf--.xls",
    "link": "https://ir.krystalbio.com/sec-filings/sec-filing//--",
    "timestamp": "unknown"
  },
  {
    "title": "--.pdf",
    "link": "https://ir.krystalbio.com/static-files/816335f9-5f5b-43ac-bd00-72e7be2dd3b5",
    "timestamp": "unknown"
  },
  {
    "title": "--.rtf",
    "link": "https://ir.krystalbio.com/static-files/74fce45f-da77--8b7f-a4f2735b9460",
    "timestamp": "unknown"
  },
  {
    "title": "--.xls",
    "link": "https://ir.krystalbio.com/static-files/6875a9aa-8d63--8d80-020d5fd58de1",
    "timestamp": "unknown"
  },
  {
    "title": "Jul ,Statement of changes in beneficial ownership of securities,,View HTML--.pdf--.rtf--.xls",
    "link": "https://ir.krystalbio.com/sec-filings/sec-filing//--",
    "timestamp": "unknown"
  },
  {
    "title": "--.pdf",
    "link": "https://ir.krystalbio.com/static-files/be543245-77fb---79787def7255",
    "timestamp": "unknown"
  },
  {
    "title": "--.rtf",
    "link": "https://ir.krystalbio.com/static-files/23a5bf79-fed9-4ec5-b6f1-11cbd6af92f9",
    "timestamp": "unknown"
  },
  {
    "title": "--.xls",
    "link": "https://ir.krystalbio.com/static-files/68c135e9-6ca1-4b3e-b98d-a48f04dd7dbd",
    "timestamp": "unknown"
  },
  {
    "title": "Jul ,-KReport of unscheduled material events or corporate eventCurrent ReportsView HTML--.pdf--.rtf--.xlsEX-.SCH - XBRL TAXONOMY EXTENSION SCHEMA",
    "link": "https://ir.krystalbio.com/sec-filings/sec-filing/-k/--",
    "timestamp": "unknown"
  },
  {
    "title": "--.pdf",
    "link": "https://ir.krystalbio.com/static-files/a6d6da3f-ba93--a27a-1c11e514e02f",
    "timestamp": "unknown"
  },
  {
    "title": "--.rtf",
    "link": "https://ir.krystalbio.com/static-files/fdf94faa---bdd2-85ff60bb324c",
    "timestamp": "unknown"
  },
  {
    "title": "--.xls",
    "link": "https://ir.krystalbio.com/static-files/cd64b28d-c33e-43b2-b7ae-5476aa75b702",
    "timestamp": "unknown"
  },
  {
    "title": "Current page",
    "link": "https://ir.krystalbio.com/financial-information/sec-filings?&&field_nir_sec_date_filed_value=&&&items_per_page_toggle=&page=",
    "timestamp": "unknown"
  },
  {
    "title": "Page",
    "link": "https://ir.krystalbio.com/financial-information/sec-filings?&&field_nir_sec_date_filed_value=&&&items_per_page_toggle=&page=",
    "timestamp": "unknown"
  },
  {
    "title": "Page",
    "link": "https://ir.krystalbio.com/financial-information/sec-filings?&&field_nir_sec_date_filed_value=&&&items_per_page_toggle=&page=",
    "timestamp": "unknown"
  },
  {
    "title": "Page",
    "link": "https://ir.krystalbio.com/financial-information/sec-filings?&&field_nir_sec_date_filed_value=&&&items_per_page_toggle=&page=",
    "timestamp": "unknown"
  },
  {
    "title": "Page",
    "link": "https://ir.krystalbio.com/financial-information/sec-filings?&&field_nir_sec_date_filed_value=&&&items_per_page_toggle=&page=",
    "timestamp": "unknown"
  },
  {
    "title": "Page",
    "link": "https://ir.krystalbio.com/financial-information/sec-filings?&&field_nir_sec_date_filed_value=&&&items_per_page_toggle=&page=",
    "timestamp": "unknown"
  },
  {
    "title": "Page",
    "link": "https://ir.krystalbio.com/financial-information/sec-filings?&&field_nir_sec_date_filed_value=&&&items_per_page_toggle=&page=",
    "timestamp": "unknown"
  },
  {
    "title": "Page",
    "link": "https://ir.krystalbio.com/financial-information/sec-filings?&&field_nir_sec_date_filed_value=&&&items_per_page_toggle=&page=",
    "timestamp": "unknown"
  },
  {
    "title": "Page",
    "link": "https://ir.krystalbio.com/financial-information/sec-filings?&&field_nir_sec_date_filed_value=&&&items_per_page_toggle=&page=",
    "timestamp": "unknown"
  },
  {
    "title": "Next pageNext \u203a",
    "link": "https://ir.krystalbio.com/financial-information/sec-filings?&&field_nir_sec_date_filed_value=&&&items_per_page_toggle=&page=",
    "timestamp": "unknown"
  },
  {
    "title": "Last pageLast \u00bb",
    "link": "https://ir.krystalbio.com/financial-information/sec-filings?&&field_nir_sec_date_filed_value=&&&items_per_page_toggle=&page=",
    "timestamp": "unknown"
  },
  {
    "title": "Data provided byKaleidoscope.",
    "link": "https://www.kscope.io",
    "timestamp": "unknown"
  },
  {
    "title": "Data provided byKaleidoscope.",
    "link": "https://www.kscope.io",
    "timestamp": "unknown"
  },
  {
    "title": "Quick LinksCompanyScienceProductPatientsInvestorsContact UsCareersContact UsKrystal Biotech, Inc.Wharton St. Suite #Pittsburgh, PAreception is in Suit",
    "link": "https://www.krystalbio.com/",
    "timestamp": "unknown"
  },
  {
    "title": "Quick LinksCompanyScienceProductPatientsInvestorsContact UsCareersContact UsKrystal Biotech, Inc.Wharton St. Suite #Pittsburgh, PAreception is in Suit",
    "link": "https://www.krystalbio.com/",
    "timestamp": "unknown"
  },
  {
    "title": "Quick LinksCompanyScienceProductPatients",
    "link": "https://www.krystalbio.com/company/",
    "timestamp": "unknown"
  },
  {
    "title": "Company",
    "link": "https://www.krystalbio.com/company/",
    "timestamp": "unknown"
  },
  {
    "title": "Science",
    "link": "https://www.krystalbio.com/science/",
    "timestamp": "unknown"
  },
  {
    "title": "Product",
    "link": "https://www.krystalbio.com/product/",
    "timestamp": "unknown"
  },
  {
    "title": "Patients",
    "link": "https://www.krystalbio.com/patients",
    "timestamp": "unknown"
  },
  {
    "title": "InvestorsContact UsCareers",
    "link": "https://ir.krystalbio.com/",
    "timestamp": "unknown"
  },
  {
    "title": "Investors",
    "link": "https://ir.krystalbio.com/",
    "timestamp": "unknown"
  },
  {
    "title": "Contact Us",
    "link": "https://www.krystalbio.com/contact-us/",
    "timestamp": "unknown"
  },
  {
    "title": "Careers",
    "link": "https://krystalbiotech.applytojob.com/apply",
    "timestamp": "unknown"
  },
  {
    "title": "Contact UsKrystal Biotech, Inc.Wharton St. Suite #Pittsburgh, PAreception is in Suite #--inquiries@krystalbio.com",
    "link": "mailto:inquiries@krystalbio.com",
    "timestamp": "unknown"
  },
  {
    "title": "Contact UsKrystal Biotech, Inc.Wharton St. Suite #Pittsburgh, PAreception is in Suite #--inquiries@krystalbio.com",
    "link": "mailto:inquiries@krystalbio.com",
    "timestamp": "unknown"
  },
  {
    "title": "Krystal Biotech, Inc.Wharton St. Suite #Pittsburgh, PAreception is in Suite #--inquiries@krystalbio.com",
    "link": "mailto:inquiries@krystalbio.com",
    "timestamp": "unknown"
  },
  {
    "title": "Krystal Biotech, Inc.Wharton St. Suite #Pittsburgh, PAreception is in Suite #--inquiries@krystalbio.com",
    "link": "mailto:inquiries@krystalbio.com",
    "timestamp": "unknown"
  },
  {
    "title": "inquiries@krystalbio.com",
    "link": "mailto:inquiries@krystalbio.com",
    "timestamp": "unknown"
  },
  {
    "title": "Privacy Policy",
    "link": "https://www.krystalbio.com/privacy-policy/",
    "timestamp": "unknown"
  },
  {
    "title": "Terms of Use",
    "link": "https://www.krystalbio.com/terms-of-use/",
    "timestamp": "unknown"
  },
  {
    "title": "Compliance Program",
    "link": "https://www.krystalbio.com/compliance-program/",
    "timestamp": "unknown"
  }
]