[
  {
    "title": "Prime Medicine LogoprimemedicineOverviewNews & EventsPress ReleasesEvents & PresentationsScientific Publications & PresentationsStock InformationStock",
    "link": "https://primemedicine.com/",
    "timestamp": "unknown"
  },
  {
    "title": "Prime Medicine LogoprimemedicineOverviewNews & EventsPress ReleasesEvents & PresentationsScientific Publications & PresentationsStock InformationStock",
    "link": "https://primemedicine.com/",
    "timestamp": "unknown"
  },
  {
    "title": "Prime Medicine LogoprimemedicineOverviewNews & EventsPress ReleasesEvents & PresentationsScientific Publications & PresentationsStock InformationStock",
    "link": "https://primemedicine.com/",
    "timestamp": "unknown"
  },
  {
    "title": "Prime Medicine Logoprimemedicine",
    "link": "https://primemedicine.com/",
    "timestamp": "unknown"
  },
  {
    "title": "OverviewNews & EventsPress ReleasesEvents & PresentationsScientific Publications & PresentationsStock InformationStock Quote & ChartAnalyst CoverageCo",
    "link": "https://investors.primemedicine.com/investor-relations",
    "timestamp": "unknown"
  },
  {
    "title": "OverviewNews & EventsPress ReleasesEvents & PresentationsScientific Publications & PresentationsStock InformationStock Quote & ChartAnalyst CoverageCo",
    "link": "https://investors.primemedicine.com/investor-relations",
    "timestamp": "unknown"
  },
  {
    "title": "Overview",
    "link": "https://investors.primemedicine.com/investor-relations",
    "timestamp": "unknown"
  },
  {
    "title": "News & EventsPress ReleasesEvents & PresentationsScientific Publications & Presentations",
    "link": "https://investors.primemedicine.com/news-events/news-releases",
    "timestamp": "unknown"
  },
  {
    "title": "Press Releases",
    "link": "https://investors.primemedicine.com/news-events/news-releases",
    "timestamp": "unknown"
  },
  {
    "title": "Events & Presentations",
    "link": "https://investors.primemedicine.com/news-events",
    "timestamp": "unknown"
  },
  {
    "title": "Scientific Publications & Presentations",
    "link": "https://primemedicine.com/science/#scientific-publications",
    "timestamp": "unknown"
  },
  {
    "title": "Stock InformationStock Quote & ChartAnalyst Coverage",
    "link": "https://investors.primemedicine.com/stock-information/stock-quote-chart",
    "timestamp": "unknown"
  },
  {
    "title": "Stock Quote & Chart",
    "link": "https://investors.primemedicine.com/stock-information/stock-quote-chart",
    "timestamp": "unknown"
  },
  {
    "title": "Analyst Coverage",
    "link": "https://investors.primemedicine.com/stock-information/analyst-coverage",
    "timestamp": "unknown"
  },
  {
    "title": "Corporate GovernanceDocuments & ChartersManagement TeamBoard of DirectorsCommittee Composition",
    "link": "https://investors.primemedicine.com/corporate-governance/documents-charters",
    "timestamp": "unknown"
  },
  {
    "title": "Documents & Charters",
    "link": "https://investors.primemedicine.com/corporate-governance/documents-charters",
    "timestamp": "unknown"
  },
  {
    "title": "Management Team",
    "link": "https://primemedicine.com/about#leadership",
    "timestamp": "unknown"
  },
  {
    "title": "Board of Directors",
    "link": "https://primemedicine.com/about#board-of-directors",
    "timestamp": "unknown"
  },
  {
    "title": "Committee Composition",
    "link": "https://investors.primemedicine.com/corporate-governance/committee-composition",
    "timestamp": "unknown"
  },
  {
    "title": "Sec filings",
    "link": "https://investors.primemedicine.com/financials-filings/sec-filings",
    "timestamp": "unknown"
  },
  {
    "title": "IR ResourcesFAQsEmail AlertsContact IR",
    "link": "https://investors.primemedicine.com/ir-resources/faqs",
    "timestamp": "unknown"
  },
  {
    "title": "FAQs",
    "link": "https://investors.primemedicine.com/ir-resources/faqs",
    "timestamp": "unknown"
  },
  {
    "title": "Email Alerts",
    "link": "https://investors.primemedicine.com/ir-resources/email-alerts",
    "timestamp": "unknown"
  },
  {
    "title": "Contact IR",
    "link": "https://investors.primemedicine.com/ir-resources/contact-ir",
    "timestamp": "unknown"
  },
  {
    "title": "PresentationsNovember  Corporate Presentation. MB",
    "link": "https://investors.primemedicine.com/static-files/5ea20398-0dcf--99a2-6690b83866f9",
    "timestamp": "unknown"
  },
  {
    "title": "PresentationsNovember  Corporate Presentation. MB",
    "link": "https://investors.primemedicine.com/static-files/5ea20398-0dcf--99a2-6690b83866f9",
    "timestamp": "unknown"
  },
  {
    "title": "November  Corporate Presentation. MB",
    "link": "https://investors.primemedicine.com/static-files/5ea20398-0dcf--99a2-6690b83866f9",
    "timestamp": "unknown"
  },
  {
    "title": "November  Corporate Presentation. MB",
    "link": "https://investors.primemedicine.com/static-files/5ea20398-0dcf--99a2-6690b83866f9",
    "timestamp": "unknown"
  },
  {
    "title": "November  Corporate Presentation. MB",
    "link": "https://investors.primemedicine.com/static-files/5ea20398-0dcf--99a2-6690b83866f9",
    "timestamp": "unknown"
  },
  {
    "title": "November  Corporate Presentation. MB",
    "link": "https://investors.primemedicine.com/static-files/5ea20398-0dcf--99a2-6690b83866f9",
    "timestamp": "unknown"
  },
  {
    "title": "November  Corporate Presentation. MB",
    "link": "https://investors.primemedicine.com/static-files/5ea20398-0dcf--99a2-6690b83866f9",
    "timestamp": "unknown"
  },
  {
    "title": "November  Corporate Presentation. MB",
    "link": "https://investors.primemedicine.com/static-files/5ea20398-0dcf--99a2-6690b83866f9",
    "timestamp": "unknown"
  },
  {
    "title": "November  Corporate Presentation. MB",
    "link": "https://investors.primemedicine.com/static-files/5ea20398-0dcf--99a2-6690b83866f9",
    "timestamp": "unknown"
  },
  {
    "title": "November  Corporate Presentation. MB",
    "link": "https://investors.primemedicine.com/static-files/5ea20398-0dcf--99a2-6690b83866f9",
    "timestamp": "unknown"
  },
  {
    "title": "November  Corporate Presentation. MB",
    "link": "https://investors.primemedicine.com/static-files/5ea20398-0dcf--99a2-6690b83866f9",
    "timestamp": "unknown"
  },
  {
    "title": "November  Corporate Presentation. MB",
    "link": "https://investors.primemedicine.com/static-files/5ea20398-0dcf--99a2-6690b83866f9",
    "timestamp": "unknown"
  },
  {
    "title": "November  Corporate Presentation. MB",
    "link": "https://investors.primemedicine.com/static-files/5ea20398-0dcf--99a2-6690b83866f9",
    "timestamp": "unknown"
  },
  {
    "title": "November ,  at  GMTJefferies London Healthcare ConferenceClick here for Webcast",
    "link": "https://investors.primemedicine.com/events/event-details/jefferies-global-healthcare-conference-",
    "timestamp": "unknown"
  },
  {
    "title": "Jefferies London Healthcare Conference",
    "link": "https://investors.primemedicine.com/events/event-details/jefferies-global-healthcare-conference-",
    "timestamp": "unknown"
  },
  {
    "title": "Jefferies London Healthcare Conference",
    "link": "https://investors.primemedicine.com/events/event-details/jefferies-global-healthcare-conference-",
    "timestamp": "unknown"
  },
  {
    "title": "Jefferies London Healthcare Conference",
    "link": "https://investors.primemedicine.com/events/event-details/jefferies-global-healthcare-conference-",
    "timestamp": "unknown"
  },
  {
    "title": "Click here for Webcast",
    "link": "https://wsw.com/webcast/jeff332/prme/",
    "timestamp": "unknown"
  },
  {
    "title": "Click here for Webcast",
    "link": "https://wsw.com/webcast/jeff332/prme/",
    "timestamp": "unknown"
  },
  {
    "title": "Click here for Webcast",
    "link": "https://wsw.com/webcast/jeff332/prme/",
    "timestamp": "unknown"
  },
  {
    "title": "November ,  at  ESTWilson Disease KOL EventClick here for webcastSupporting MaterialsWilson Disease KOL Event PresentationMBLive Teleconference Inform",
    "link": "https://investors.primemedicine.com/events/event-details/wilsons-disease-kol-event",
    "timestamp": "unknown"
  },
  {
    "title": "Wilson Disease KOL Event",
    "link": "https://investors.primemedicine.com/events/event-details/wilsons-disease-kol-event",
    "timestamp": "unknown"
  },
  {
    "title": "Wilson Disease KOL Event",
    "link": "https://investors.primemedicine.com/events/event-details/wilsons-disease-kol-event",
    "timestamp": "unknown"
  },
  {
    "title": "Wilson Disease KOL Event",
    "link": "https://investors.primemedicine.com/events/event-details/wilsons-disease-kol-event",
    "timestamp": "unknown"
  },
  {
    "title": "Click here for webcast",
    "link": "https://edge.media-server.com/mmc/p/jbq8jwya/",
    "timestamp": "unknown"
  },
  {
    "title": "Click here for webcast",
    "link": "https://edge.media-server.com/mmc/p/jbq8jwya/",
    "timestamp": "unknown"
  },
  {
    "title": "Click here for webcast",
    "link": "https://edge.media-server.com/mmc/p/jbq8jwya/",
    "timestamp": "unknown"
  },
  {
    "title": "Supporting MaterialsWilson Disease KOL Event PresentationMB",
    "link": "https://investors.primemedicine.com/static-files/432f486e-859a-40d2-b038-dbf1be4aa736",
    "timestamp": "unknown"
  },
  {
    "title": "Wilson Disease KOL Event PresentationMB",
    "link": "https://investors.primemedicine.com/static-files/432f486e-859a-40d2-b038-dbf1be4aa736",
    "timestamp": "unknown"
  },
  {
    "title": "Wilson Disease KOL Event PresentationMB",
    "link": "https://investors.primemedicine.com/static-files/432f486e-859a-40d2-b038-dbf1be4aa736",
    "timestamp": "unknown"
  },
  {
    "title": "Wilson Disease KOL Event PresentationMB",
    "link": "https://investors.primemedicine.com/static-files/432f486e-859a-40d2-b038-dbf1be4aa736",
    "timestamp": "unknown"
  },
  {
    "title": "Wilson Disease KOL Event PresentationMB",
    "link": "https://investors.primemedicine.com/static-files/432f486e-859a-40d2-b038-dbf1be4aa736",
    "timestamp": "unknown"
  },
  {
    "title": "Wilson Disease KOL Event PresentationMB",
    "link": "https://investors.primemedicine.com/static-files/432f486e-859a-40d2-b038-dbf1be4aa736",
    "timestamp": "unknown"
  },
  {
    "title": "Wilson Disease KOL Event PresentationMB",
    "link": "https://investors.primemedicine.com/static-files/432f486e-859a-40d2-b038-dbf1be4aa736",
    "timestamp": "unknown"
  },
  {
    "title": "Wilson Disease KOL Event PresentationMB",
    "link": "https://investors.primemedicine.com/static-files/432f486e-859a-40d2-b038-dbf1be4aa736",
    "timestamp": "unknown"
  },
  {
    "title": "Wilson Disease KOL Event PresentationMB",
    "link": "https://investors.primemedicine.com/static-files/432f486e-859a-40d2-b038-dbf1be4aa736",
    "timestamp": "unknown"
  },
  {
    "title": "Wilson Disease KOL Event PresentationMB",
    "link": "https://investors.primemedicine.com/static-files/432f486e-859a-40d2-b038-dbf1be4aa736",
    "timestamp": "unknown"
  },
  {
    "title": "Live Teleconference InformationClick here for live teleconference",
    "link": "https://register-conf.media-server.com/register/BI9ca7b5391395446c8c05eb58b0a36354",
    "timestamp": "unknown"
  },
  {
    "title": "Click here for live teleconference",
    "link": "https://register-conf.media-server.com/register/BI9ca7b5391395446c8c05eb58b0a36354",
    "timestamp": "unknown"
  },
  {
    "title": "Click here for live teleconference",
    "link": "https://register-conf.media-server.com/register/BI9ca7b5391395446c8c05eb58b0a36354",
    "timestamp": "unknown"
  },
  {
    "title": "October ,  at  EDTChardan&#;s 9th Annual Genetic Medicines ConferenceClick here for Webcast",
    "link": "https://investors.primemedicine.com/events/event-details/chardans-9th-annual-genetic-medicines-conference",
    "timestamp": "unknown"
  },
  {
    "title": "Chardan&#;s 9th Annual Genetic Medicines Conference",
    "link": "https://investors.primemedicine.com/events/event-details/chardans-9th-annual-genetic-medicines-conference",
    "timestamp": "unknown"
  },
  {
    "title": "Chardan&#;s 9th Annual Genetic Medicines Conference",
    "link": "https://investors.primemedicine.com/events/event-details/chardans-9th-annual-genetic-medicines-conference",
    "timestamp": "unknown"
  },
  {
    "title": "Chardan&#;s 9th Annual Genetic Medicines Conference",
    "link": "https://investors.primemedicine.com/events/event-details/chardans-9th-annual-genetic-medicines-conference",
    "timestamp": "unknown"
  },
  {
    "title": "Click here for Webcast",
    "link": "https://wsw.com/webcast/chard21/register.aspx?conf=chard21&page=panel1&url=https%3A//wsw.com/webcast/chard21/panel1/",
    "timestamp": "unknown"
  },
  {
    "title": "Click here for Webcast",
    "link": "https://wsw.com/webcast/chard21/register.aspx?conf=chard21&page=panel1&url=https%3A//wsw.com/webcast/chard21/panel1/",
    "timestamp": "unknown"
  },
  {
    "title": "Click here for Webcast",
    "link": "https://wsw.com/webcast/chard21/register.aspx?conf=chard21&page=panel1&url=https%3A//wsw.com/webcast/chard21/panel1/",
    "timestamp": "unknown"
  },
  {
    "title": "October ,  at  EDTH.C. Wainwright Genetic Medicines Virtual ConferenceClick here for Webcast",
    "link": "https://investors.primemedicine.com/events/event-details/hc-wainwright-genetic-medicines-virtual-conference",
    "timestamp": "unknown"
  },
  {
    "title": "H.C. Wainwright Genetic Medicines Virtual Conference",
    "link": "https://investors.primemedicine.com/events/event-details/hc-wainwright-genetic-medicines-virtual-conference",
    "timestamp": "unknown"
  },
  {
    "title": "H.C. Wainwright Genetic Medicines Virtual Conference",
    "link": "https://investors.primemedicine.com/events/event-details/hc-wainwright-genetic-medicines-virtual-conference",
    "timestamp": "unknown"
  },
  {
    "title": "H.C. Wainwright Genetic Medicines Virtual Conference",
    "link": "https://investors.primemedicine.com/events/event-details/hc-wainwright-genetic-medicines-virtual-conference",
    "timestamp": "unknown"
  },
  {
    "title": "Click here for Webcast",
    "link": "https://journey.ct.events/view/52839bb6-b342--a434-20371ec6de2e",
    "timestamp": "unknown"
  },
  {
    "title": "Click here for Webcast",
    "link": "https://journey.ct.events/view/52839bb6-b342--a434-20371ec6de2e",
    "timestamp": "unknown"
  },
  {
    "title": "Click here for Webcast",
    "link": "https://journey.ct.events/view/52839bb6-b342--a434-20371ec6de2e",
    "timestamp": "unknown"
  },
  {
    "title": "September ,  at  EDTMorgan Stanley 23rd Annual Global Healthcare ConferenceClick here for Webcast",
    "link": "https://investors.primemedicine.com/events/event-details/morgan-stanley-23rd-annual-global-healthcare-conference",
    "timestamp": "unknown"
  },
  {
    "title": "Morgan Stanley 23rd Annual Global Healthcare Conference",
    "link": "https://investors.primemedicine.com/events/event-details/morgan-stanley-23rd-annual-global-healthcare-conference",
    "timestamp": "unknown"
  },
  {
    "title": "Morgan Stanley 23rd Annual Global Healthcare Conference",
    "link": "https://investors.primemedicine.com/events/event-details/morgan-stanley-23rd-annual-global-healthcare-conference",
    "timestamp": "unknown"
  },
  {
    "title": "Morgan Stanley 23rd Annual Global Healthcare Conference",
    "link": "https://investors.primemedicine.com/events/event-details/morgan-stanley-23rd-annual-global-healthcare-conference",
    "timestamp": "unknown"
  },
  {
    "title": "Click here for Webcast",
    "link": "https://event.webcasts.com/starthere.jsp?ei=&tp_key=7b231d8009&tp_special=",
    "timestamp": "unknown"
  },
  {
    "title": "Click here for Webcast",
    "link": "https://event.webcasts.com/starthere.jsp?ei=&tp_key=7b231d8009&tp_special=",
    "timestamp": "unknown"
  },
  {
    "title": "Click here for Webcast",
    "link": "https://event.webcasts.com/starthere.jsp?ei=&tp_key=7b231d8009&tp_special=",
    "timestamp": "unknown"
  }
]