[
  {
    "title": "Prime Medicine LogoprimemedicineOverviewNews & EventsPress ReleasesEvents & PresentationsScientific Publications & PresentationsStock InformationStock",
    "link": "https://primemedicine.com/",
    "timestamp": "unknown"
  },
  {
    "title": "Prime Medicine LogoprimemedicineOverviewNews & EventsPress ReleasesEvents & PresentationsScientific Publications & PresentationsStock InformationStock",
    "link": "https://primemedicine.com/",
    "timestamp": "unknown"
  },
  {
    "title": "Prime Medicine LogoprimemedicineOverviewNews & EventsPress ReleasesEvents & PresentationsScientific Publications & PresentationsStock InformationStock",
    "link": "https://primemedicine.com/",
    "timestamp": "unknown"
  },
  {
    "title": "Prime Medicine Logoprimemedicine",
    "link": "https://primemedicine.com/",
    "timestamp": "unknown"
  },
  {
    "title": "OverviewNews & EventsPress ReleasesEvents & PresentationsScientific Publications & PresentationsStock InformationStock Quote & ChartAnalyst CoverageCo",
    "link": "https://investors.primemedicine.com/investor-relations",
    "timestamp": "unknown"
  },
  {
    "title": "OverviewNews & EventsPress ReleasesEvents & PresentationsScientific Publications & PresentationsStock InformationStock Quote & ChartAnalyst CoverageCo",
    "link": "https://investors.primemedicine.com/investor-relations",
    "timestamp": "unknown"
  },
  {
    "title": "Overview",
    "link": "https://investors.primemedicine.com/investor-relations",
    "timestamp": "unknown"
  },
  {
    "title": "News & EventsPress ReleasesEvents & PresentationsScientific Publications & Presentations",
    "link": "https://investors.primemedicine.com/news-events/news-releases",
    "timestamp": "unknown"
  },
  {
    "title": "Press Releases",
    "link": "https://investors.primemedicine.com/news-events/news-releases",
    "timestamp": "unknown"
  },
  {
    "title": "Events & Presentations",
    "link": "https://investors.primemedicine.com/news-events",
    "timestamp": "unknown"
  },
  {
    "title": "Scientific Publications & Presentations",
    "link": "https://primemedicine.com/science/#scientific-publications",
    "timestamp": "unknown"
  },
  {
    "title": "Stock InformationStock Quote & ChartAnalyst Coverage",
    "link": "https://investors.primemedicine.com/stock-information/stock-quote-chart",
    "timestamp": "unknown"
  },
  {
    "title": "Stock Quote & Chart",
    "link": "https://investors.primemedicine.com/stock-information/stock-quote-chart",
    "timestamp": "unknown"
  },
  {
    "title": "Analyst Coverage",
    "link": "https://investors.primemedicine.com/stock-information/analyst-coverage",
    "timestamp": "unknown"
  },
  {
    "title": "Corporate GovernanceDocuments & ChartersManagement TeamBoard of DirectorsCommittee Composition",
    "link": "https://investors.primemedicine.com/corporate-governance/documents-charters",
    "timestamp": "unknown"
  },
  {
    "title": "Documents & Charters",
    "link": "https://investors.primemedicine.com/corporate-governance/documents-charters",
    "timestamp": "unknown"
  },
  {
    "title": "Management Team",
    "link": "https://primemedicine.com/about#leadership",
    "timestamp": "unknown"
  },
  {
    "title": "Board of Directors",
    "link": "https://primemedicine.com/about#board-of-directors",
    "timestamp": "unknown"
  },
  {
    "title": "Committee Composition",
    "link": "https://investors.primemedicine.com/corporate-governance/committee-composition",
    "timestamp": "unknown"
  },
  {
    "title": "Sec filings",
    "link": "https://investors.primemedicine.com/financials-filings/sec-filings",
    "timestamp": "unknown"
  },
  {
    "title": "IR ResourcesFAQsEmail AlertsContact IR",
    "link": "https://investors.primemedicine.com/ir-resources/faqs",
    "timestamp": "unknown"
  },
  {
    "title": "FAQs",
    "link": "https://investors.primemedicine.com/ir-resources/faqs",
    "timestamp": "unknown"
  },
  {
    "title": "Email Alerts",
    "link": "https://investors.primemedicine.com/ir-resources/email-alerts",
    "timestamp": "unknown"
  },
  {
    "title": "Contact IR",
    "link": "https://investors.primemedicine.com/ir-resources/contact-ir",
    "timestamp": "unknown"
  },
  {
    "title": "YearNoneOctober ,Prime Medicine to Participate in Upcoming Investor ConferencesAugust ,Prime Medicine to Participate in Upcoming Investor ConferencesA",
    "link": "https://investors.primemedicine.com/news-releases/news-release-details/prime-medicine-participate-upcoming-investor-conferences-",
    "timestamp": "unknown"
  },
  {
    "title": "YearNoneOctober ,Prime Medicine to Participate in Upcoming Investor ConferencesAugust ,Prime Medicine to Participate in Upcoming Investor ConferencesA",
    "link": "https://investors.primemedicine.com/news-releases/news-release-details/prime-medicine-participate-upcoming-investor-conferences-",
    "timestamp": "unknown"
  },
  {
    "title": "YearNoneOctober ,Prime Medicine to Participate in Upcoming Investor ConferencesAugust ,Prime Medicine to Participate in Upcoming Investor ConferencesA",
    "link": "https://investors.primemedicine.com/news-releases/news-release-details/prime-medicine-participate-upcoming-investor-conferences-",
    "timestamp": "unknown"
  },
  {
    "title": "YearNoneOctober ,Prime Medicine to Participate in Upcoming Investor ConferencesAugust ,Prime Medicine to Participate in Upcoming Investor ConferencesA",
    "link": "https://investors.primemedicine.com/news-releases/news-release-details/prime-medicine-participate-upcoming-investor-conferences-",
    "timestamp": "unknown"
  },
  {
    "title": "YearNoneOctober ,Prime Medicine to Participate in Upcoming Investor ConferencesAugust ,Prime Medicine to Participate in Upcoming Investor ConferencesA",
    "link": "https://investors.primemedicine.com/news-releases/news-release-details/prime-medicine-participate-upcoming-investor-conferences-",
    "timestamp": "unknown"
  },
  {
    "title": "YearNoneOctober ,Prime Medicine to Participate in Upcoming Investor ConferencesAugust ,Prime Medicine to Participate in Upcoming Investor ConferencesA",
    "link": "https://investors.primemedicine.com/news-releases/news-release-details/prime-medicine-participate-upcoming-investor-conferences-",
    "timestamp": "unknown"
  },
  {
    "title": "YearNoneOctober ,Prime Medicine to Participate in Upcoming Investor ConferencesAugust ,Prime Medicine to Participate in Upcoming Investor ConferencesA",
    "link": "https://investors.primemedicine.com/news-releases/news-release-details/prime-medicine-participate-upcoming-investor-conferences-",
    "timestamp": "unknown"
  },
  {
    "title": "YearNoneOctober ,Prime Medicine to Participate in Upcoming Investor ConferencesAugust ,Prime Medicine to Participate in Upcoming Investor ConferencesA",
    "link": "https://investors.primemedicine.com/news-releases/news-release-details/prime-medicine-participate-upcoming-investor-conferences-",
    "timestamp": "unknown"
  },
  {
    "title": "YearNoneOctober ,Prime Medicine to Participate in Upcoming Investor ConferencesAugust ,Prime Medicine to Participate in Upcoming Investor ConferencesA",
    "link": "https://investors.primemedicine.com/news-releases/news-release-details/prime-medicine-participate-upcoming-investor-conferences-",
    "timestamp": "unknown"
  },
  {
    "title": "YearNoneOctober ,Prime Medicine to Participate in Upcoming Investor ConferencesAugust ,Prime Medicine to Participate in Upcoming Investor ConferencesA",
    "link": "https://investors.primemedicine.com/news-releases/news-release-details/prime-medicine-participate-upcoming-investor-conferences-",
    "timestamp": "unknown"
  },
  {
    "title": "YearNoneOctober ,Prime Medicine to Participate in Upcoming Investor ConferencesAugust ,Prime Medicine to Participate in Upcoming Investor ConferencesA",
    "link": "https://investors.primemedicine.com/news-releases/news-release-details/prime-medicine-participate-upcoming-investor-conferences-",
    "timestamp": "unknown"
  },
  {
    "title": "YearNoneOctober ,Prime Medicine to Participate in Upcoming Investor ConferencesAugust ,Prime Medicine to Participate in Upcoming Investor ConferencesA",
    "link": "https://investors.primemedicine.com/news-releases/news-release-details/prime-medicine-participate-upcoming-investor-conferences-",
    "timestamp": "unknown"
  },
  {
    "title": "YearNoneOctober ,Prime Medicine to Participate in Upcoming Investor ConferencesAugust ,Prime Medicine to Participate in Upcoming Investor ConferencesA",
    "link": "https://investors.primemedicine.com/news-releases/news-release-details/prime-medicine-participate-upcoming-investor-conferences-",
    "timestamp": "unknown"
  },
  {
    "title": "YearNoneOctober ,Prime Medicine to Participate in Upcoming Investor ConferencesAugust ,Prime Medicine to Participate in Upcoming Investor ConferencesA",
    "link": "https://investors.primemedicine.com/news-releases/news-release-details/prime-medicine-participate-upcoming-investor-conferences-",
    "timestamp": "unknown"
  },
  {
    "title": "YearNoneOctober ,Prime Medicine to Participate in Upcoming Investor ConferencesAugust ,Prime Medicine to Participate in Upcoming Investor ConferencesA",
    "link": "https://investors.primemedicine.com/news-releases/news-release-details/prime-medicine-participate-upcoming-investor-conferences-",
    "timestamp": "unknown"
  },
  {
    "title": "October ,Prime Medicine to Participate in Upcoming Investor ConferencesAugust ,Prime Medicine to Participate in Upcoming Investor ConferencesAugust ,P",
    "link": "https://investors.primemedicine.com/news-releases/news-release-details/prime-medicine-participate-upcoming-investor-conferences-",
    "timestamp": "unknown"
  },
  {
    "title": "October ,Prime Medicine to Participate in Upcoming Investor Conferences",
    "link": "https://investors.primemedicine.com/news-releases/news-release-details/prime-medicine-participate-upcoming-investor-conferences-",
    "timestamp": "unknown"
  },
  {
    "title": "Prime Medicine to Participate in Upcoming Investor Conferences",
    "link": "https://investors.primemedicine.com/news-releases/news-release-details/prime-medicine-participate-upcoming-investor-conferences-",
    "timestamp": "unknown"
  },
  {
    "title": "August ,Prime Medicine to Participate in Upcoming Investor Conferences",
    "link": "https://investors.primemedicine.com/news-releases/news-release-details/prime-medicine-participate-upcoming-investor-conferences-",
    "timestamp": "unknown"
  },
  {
    "title": "Prime Medicine to Participate in Upcoming Investor Conferences",
    "link": "https://investors.primemedicine.com/news-releases/news-release-details/prime-medicine-participate-upcoming-investor-conferences-",
    "timestamp": "unknown"
  },
  {
    "title": "August ,Prime Medicine Reports Second Quarter  Financial Results and Provides Business Updates",
    "link": "https://investors.primemedicine.com/news-releases/news-release-details/prime-medicine-reports-second-quarter--financial-results-and",
    "timestamp": "unknown"
  },
  {
    "title": "Prime Medicine Reports Second Quarter  Financial Results and Provides Business Updates",
    "link": "https://investors.primemedicine.com/news-releases/news-release-details/prime-medicine-reports-second-quarter--financial-results-and",
    "timestamp": "unknown"
  },
  {
    "title": "August ,Prime Medicine Announces Closing of Public Offering and Full Exercise of the Underwriters\u2019 Option to Purchase Additional Shares",
    "link": "https://investors.primemedicine.com/news-releases/news-release-details/prime-medicine-announces-closing-public-offering-and-full",
    "timestamp": "unknown"
  },
  {
    "title": "Prime Medicine Announces Closing of Public Offering and Full Exercise of the Underwriters\u2019 Option to Purchase Additional Shares",
    "link": "https://investors.primemedicine.com/news-releases/news-release-details/prime-medicine-announces-closing-public-offering-and-full",
    "timestamp": "unknown"
  },
  {
    "title": "July ,Prime Medicine Announces Pricing of Public Offering",
    "link": "https://investors.primemedicine.com/news-releases/news-release-details/prime-medicine-announces-pricing-public-offering",
    "timestamp": "unknown"
  },
  {
    "title": "Prime Medicine Announces Pricing of Public Offering",
    "link": "https://investors.primemedicine.com/news-releases/news-release-details/prime-medicine-announces-pricing-public-offering",
    "timestamp": "unknown"
  },
  {
    "title": "July ,Prime Medicine Announces Proposed Public Offering of Common Stock",
    "link": "https://investors.primemedicine.com/news-releases/news-release-details/prime-medicine-announces-proposed-public-offering-common-stock-",
    "timestamp": "unknown"
  },
  {
    "title": "Prime Medicine Announces Proposed Public Offering of Common Stock",
    "link": "https://investors.primemedicine.com/news-releases/news-release-details/prime-medicine-announces-proposed-public-offering-common-stock-",
    "timestamp": "unknown"
  },
  {
    "title": "July ,Prime Medicine Announces Additional Funding of Up to $ Million from the Cystic Fibrosis Foundation to Advance Prime Editing Treatments for Cysti",
    "link": "https://investors.primemedicine.com/news-releases/news-release-details/prime-medicine-announces-additional-funding--million-cystic",
    "timestamp": "unknown"
  },
  {
    "title": "Prime Medicine Announces Additional Funding of Up to $ Million from the Cystic Fibrosis Foundation to Advance Prime Editing Treatments for Cystic Fibr",
    "link": "https://investors.primemedicine.com/news-releases/news-release-details/prime-medicine-announces-additional-funding--million-cystic",
    "timestamp": "unknown"
  },
  {
    "title": "May ,Prime Medicine to Participate in Upcoming Investor Conferences",
    "link": "https://investors.primemedicine.com/news-releases/news-release-details/prime-medicine-participate-upcoming-investor-conferences-",
    "timestamp": "unknown"
  },
  {
    "title": "Prime Medicine to Participate in Upcoming Investor Conferences",
    "link": "https://investors.primemedicine.com/news-releases/news-release-details/prime-medicine-participate-upcoming-investor-conferences-",
    "timestamp": "unknown"
  },
  {
    "title": "May ,Prime Medicine Announces Strategic Restructuring to Focus on Opportunities in Large Genetic Liver Diseases, Cystic Fibrosis, and Partnered Progra",
    "link": "https://investors.primemedicine.com/news-releases/news-release-details/prime-medicine-announces-strategic-restructuring-focus",
    "timestamp": "unknown"
  },
  {
    "title": "Prime Medicine Announces Strategic Restructuring to Focus on Opportunities in Large Genetic Liver Diseases, Cystic Fibrosis, and Partnered Programs Al",
    "link": "https://investors.primemedicine.com/news-releases/news-release-details/prime-medicine-announces-strategic-restructuring-focus",
    "timestamp": "unknown"
  },
  {
    "title": "May ,Prime Medicine Announces Breakthrough Clinical Data Showing Rapid Restoration of DHR Positivity After Single Infusion of PM359, an Investigationa",
    "link": "https://investors.primemedicine.com/news-releases/news-release-details/prime-medicine-announces-breakthrough-clinical-data-showing",
    "timestamp": "unknown"
  },
  {
    "title": "Prime Medicine Announces Breakthrough Clinical Data Showing Rapid Restoration of DHR Positivity After Single Infusion of PM359, an Investigational Pri",
    "link": "https://investors.primemedicine.com/news-releases/news-release-details/prime-medicine-announces-breakthrough-clinical-data-showing",
    "timestamp": "unknown"
  },
  {
    "title": "PaginationCurrent pagePageNext pagenext \u203aLast pagelast \u00bb",
    "link": "https://investors.primemedicine.com/news-events/news-releases?page=",
    "timestamp": "unknown"
  },
  {
    "title": "Current page",
    "link": "https://investors.primemedicine.com/news-events/news-releases?page=",
    "timestamp": "unknown"
  },
  {
    "title": "Page",
    "link": "https://investors.primemedicine.com/news-events/news-releases?page=",
    "timestamp": "unknown"
  },
  {
    "title": "Next pagenext \u203a",
    "link": "https://investors.primemedicine.com/news-events/news-releases?page=",
    "timestamp": "unknown"
  },
  {
    "title": "Last pagelast \u00bb",
    "link": "https://investors.primemedicine.com/news-events/news-releases?page=",
    "timestamp": "unknown"
  },
  {
    "title": "Print PagePrint PageEmail AlertsEmail AlertsRSS FeedsRSS FeedsContact IRContact IR",
    "link": "https://investors.primemedicine.com/news-events/news-releases",
    "timestamp": "unknown"
  },
  {
    "title": "Print PagePrint PageEmail AlertsEmail AlertsRSS FeedsRSS FeedsContact IRContact IR",
    "link": "https://investors.primemedicine.com/news-events/news-releases",
    "timestamp": "unknown"
  },
  {
    "title": "Print PagePrint Page",
    "link": "https://investors.primemedicine.com/news-events/news-releases",
    "timestamp": "unknown"
  },
  {
    "title": "Print Page",
    "link": "https://investors.primemedicine.com/news-events/news-releases",
    "timestamp": "unknown"
  },
  {
    "title": "Email AlertsEmail Alerts",
    "link": "https://investors.primemedicine.com/ir-resources/email-alerts",
    "timestamp": "unknown"
  },
  {
    "title": "Email Alerts",
    "link": "https://investors.primemedicine.com/ir-resources/email-alerts",
    "timestamp": "unknown"
  },
  {
    "title": "RSS FeedsRSS Feeds",
    "link": "https://investors.primemedicine.com/rss-feeds",
    "timestamp": "unknown"
  },
  {
    "title": "RSS Feeds",
    "link": "https://investors.primemedicine.com/rss-feeds",
    "timestamp": "unknown"
  },
  {
    "title": "Contact IRContact IR",
    "link": "https://investors.primemedicine.com/ir-resources/contact-ir",
    "timestamp": "unknown"
  },
  {
    "title": "Contact IR",
    "link": "https://investors.primemedicine.com/ir-resources/contact-ir",
    "timestamp": "unknown"
  },
  {
    "title": "Contact Us",
    "link": "mailto:info@primemedicine.com",
    "timestamp": "unknown"
  },
  {
    "title": "Privacy Policy",
    "link": "https://primemedicine.com/privacy-policy",
    "timestamp": "unknown"
  },
  {
    "title": "Terms of Use",
    "link": "https://primemedicine.com/terms-of-use",
    "timestamp": "unknown"
  }
]