[
  {
    "title": "Prime Medicine LogoprimemedicineOverviewNews & EventsPress ReleasesEvents & PresentationsScientific Publications & PresentationsStock InformationStock",
    "link": "https://primemedicine.com/",
    "timestamp": "unknown"
  },
  {
    "title": "Prime Medicine LogoprimemedicineOverviewNews & EventsPress ReleasesEvents & PresentationsScientific Publications & PresentationsStock InformationStock",
    "link": "https://primemedicine.com/",
    "timestamp": "unknown"
  },
  {
    "title": "Prime Medicine LogoprimemedicineOverviewNews & EventsPress ReleasesEvents & PresentationsScientific Publications & PresentationsStock InformationStock",
    "link": "https://primemedicine.com/",
    "timestamp": "unknown"
  },
  {
    "title": "Prime Medicine Logoprimemedicine",
    "link": "https://primemedicine.com/",
    "timestamp": "unknown"
  },
  {
    "title": "OverviewNews & EventsPress ReleasesEvents & PresentationsScientific Publications & PresentationsStock InformationStock Quote & ChartAnalyst CoverageCo",
    "link": "https://investors.primemedicine.com/investor-relations",
    "timestamp": "unknown"
  },
  {
    "title": "OverviewNews & EventsPress ReleasesEvents & PresentationsScientific Publications & PresentationsStock InformationStock Quote & ChartAnalyst CoverageCo",
    "link": "https://investors.primemedicine.com/investor-relations",
    "timestamp": "unknown"
  },
  {
    "title": "Overview",
    "link": "https://investors.primemedicine.com/investor-relations",
    "timestamp": "unknown"
  },
  {
    "title": "News & EventsPress ReleasesEvents & PresentationsScientific Publications & Presentations",
    "link": "https://investors.primemedicine.com/news-events/news-releases",
    "timestamp": "unknown"
  },
  {
    "title": "Press Releases",
    "link": "https://investors.primemedicine.com/news-events/news-releases",
    "timestamp": "unknown"
  },
  {
    "title": "Events & Presentations",
    "link": "https://investors.primemedicine.com/news-events",
    "timestamp": "unknown"
  },
  {
    "title": "Scientific Publications & Presentations",
    "link": "https://primemedicine.com/science/#scientific-publications",
    "timestamp": "unknown"
  },
  {
    "title": "Stock InformationStock Quote & ChartAnalyst Coverage",
    "link": "https://investors.primemedicine.com/stock-information/stock-quote-chart",
    "timestamp": "unknown"
  },
  {
    "title": "Stock Quote & Chart",
    "link": "https://investors.primemedicine.com/stock-information/stock-quote-chart",
    "timestamp": "unknown"
  },
  {
    "title": "Analyst Coverage",
    "link": "https://investors.primemedicine.com/stock-information/analyst-coverage",
    "timestamp": "unknown"
  },
  {
    "title": "Corporate GovernanceDocuments & ChartersManagement TeamBoard of DirectorsCommittee Composition",
    "link": "https://investors.primemedicine.com/corporate-governance/documents-charters",
    "timestamp": "unknown"
  },
  {
    "title": "Documents & Charters",
    "link": "https://investors.primemedicine.com/corporate-governance/documents-charters",
    "timestamp": "unknown"
  },
  {
    "title": "Management Team",
    "link": "https://primemedicine.com/about#leadership",
    "timestamp": "unknown"
  },
  {
    "title": "Board of Directors",
    "link": "https://primemedicine.com/about#board-of-directors",
    "timestamp": "unknown"
  },
  {
    "title": "Committee Composition",
    "link": "https://investors.primemedicine.com/corporate-governance/committee-composition",
    "timestamp": "unknown"
  },
  {
    "title": "Sec filings",
    "link": "https://investors.primemedicine.com/financials-filings/sec-filings",
    "timestamp": "unknown"
  },
  {
    "title": "IR ResourcesFAQsEmail AlertsContact IR",
    "link": "https://investors.primemedicine.com/ir-resources/faqs",
    "timestamp": "unknown"
  },
  {
    "title": "FAQs",
    "link": "https://investors.primemedicine.com/ir-resources/faqs",
    "timestamp": "unknown"
  },
  {
    "title": "Email Alerts",
    "link": "https://investors.primemedicine.com/ir-resources/email-alerts",
    "timestamp": "unknown"
  },
  {
    "title": "Contact IR",
    "link": "https://investors.primemedicine.com/ir-resources/contact-ir",
    "timestamp": "unknown"
  },
  {
    "title": "Group,,Annual FilingsCurrent ReportsMergers & AcquisitionsOtherProxy FilingsQuarterly FilingsRegistration StatementsFiling year- Any -Filing dateFormD",
    "link": "https://investors.primemedicine.com/financials-filings/sec-filings?items_per_page=&order=field_nir_sec_date_filed&sort=asc",
    "timestamp": "unknown"
  },
  {
    "title": "Group,,Annual FilingsCurrent ReportsMergers & AcquisitionsOtherProxy FilingsQuarterly FilingsRegistration StatementsFiling year- Any -Filing dateFormD",
    "link": "https://investors.primemedicine.com/financials-filings/sec-filings?items_per_page=&order=field_nir_sec_date_filed&sort=asc",
    "timestamp": "unknown"
  },
  {
    "title": "Group,,Annual FilingsCurrent ReportsMergers & AcquisitionsOtherProxy FilingsQuarterly FilingsRegistration StatementsFiling year- Any -Filing dateFormD",
    "link": "https://investors.primemedicine.com/financials-filings/sec-filings?items_per_page=&order=field_nir_sec_date_filed&sort=asc",
    "timestamp": "unknown"
  },
  {
    "title": "Group,,Annual FilingsCurrent ReportsMergers & AcquisitionsOtherProxy FilingsQuarterly FilingsRegistration StatementsFiling year- Any -Filing dateFormD",
    "link": "https://investors.primemedicine.com/financials-filings/sec-filings?items_per_page=&order=field_nir_sec_date_filed&sort=asc",
    "timestamp": "unknown"
  },
  {
    "title": "Group,,Annual FilingsCurrent ReportsMergers & AcquisitionsOtherProxy FilingsQuarterly FilingsRegistration StatementsFiling year- Any -Filing dateFormD",
    "link": "https://investors.primemedicine.com/financials-filings/sec-filings?items_per_page=&order=field_nir_sec_date_filed&sort=asc",
    "timestamp": "unknown"
  },
  {
    "title": "Group,,Annual FilingsCurrent ReportsMergers & AcquisitionsOtherProxy FilingsQuarterly FilingsRegistration StatementsFiling year- Any -Filing dateFormD",
    "link": "https://investors.primemedicine.com/financials-filings/sec-filings?items_per_page=&order=field_nir_sec_date_filed&sort=asc",
    "timestamp": "unknown"
  },
  {
    "title": "Group,,Annual FilingsCurrent ReportsMergers & AcquisitionsOtherProxy FilingsQuarterly FilingsRegistration StatementsFiling year- Any -Filing dateFormD",
    "link": "https://investors.primemedicine.com/financials-filings/sec-filings?items_per_page=&order=field_nir_sec_date_filed&sort=asc",
    "timestamp": "unknown"
  },
  {
    "title": "Group,,Annual FilingsCurrent ReportsMergers & AcquisitionsOtherProxy FilingsQuarterly FilingsRegistration StatementsFiling year- Any -Filing dateFormD",
    "link": "https://investors.primemedicine.com/financials-filings/sec-filings?items_per_page=&order=field_nir_sec_date_filed&sort=asc",
    "timestamp": "unknown"
  },
  {
    "title": "Group,,Annual FilingsCurrent ReportsMergers & AcquisitionsOtherProxy FilingsQuarterly FilingsRegistration StatementsFiling year- Any -Filing dateFormD",
    "link": "https://investors.primemedicine.com/financials-filings/sec-filings?items_per_page=&order=field_nir_sec_date_filed&sort=asc",
    "timestamp": "unknown"
  },
  {
    "title": "Group,,Annual FilingsCurrent ReportsMergers & AcquisitionsOtherProxy FilingsQuarterly FilingsRegistration StatementsFiling year- Any -Filing dateFormD",
    "link": "https://investors.primemedicine.com/financials-filings/sec-filings?items_per_page=&order=field_nir_sec_date_filed&sort=asc",
    "timestamp": "unknown"
  },
  {
    "title": "Group,,Annual FilingsCurrent ReportsMergers & AcquisitionsOtherProxy FilingsQuarterly FilingsRegistration StatementsFiling year- Any -Filing dateFormD",
    "link": "https://investors.primemedicine.com/financials-filings/sec-filings?items_per_page=&order=field_nir_sec_date_filed&sort=asc",
    "timestamp": "unknown"
  },
  {
    "title": "Group,,Annual FilingsCurrent ReportsMergers & AcquisitionsOtherProxy FilingsQuarterly FilingsRegistration StatementsFiling year- Any -Filing dateFormD",
    "link": "https://investors.primemedicine.com/financials-filings/sec-filings?items_per_page=&order=field_nir_sec_date_filed&sort=asc",
    "timestamp": "unknown"
  },
  {
    "title": "Group,,Annual FilingsCurrent ReportsMergers & AcquisitionsOtherProxy FilingsQuarterly FilingsRegistration StatementsFiling year- Any -Filing dateFormD",
    "link": "https://investors.primemedicine.com/financials-filings/sec-filings?items_per_page=&order=field_nir_sec_date_filed&sort=asc",
    "timestamp": "unknown"
  },
  {
    "title": "Group,,Annual FilingsCurrent ReportsMergers & AcquisitionsOtherProxy FilingsQuarterly FilingsRegistration StatementsFiling year- Any -Filing dateFormD",
    "link": "https://investors.primemedicine.com/financials-filings/sec-filings?items_per_page=&order=field_nir_sec_date_filed&sort=asc",
    "timestamp": "unknown"
  },
  {
    "title": "Group,,Annual FilingsCurrent ReportsMergers & AcquisitionsOtherProxy FilingsQuarterly FilingsRegistration StatementsFiling year- Any -Filing dateFormD",
    "link": "https://investors.primemedicine.com/financials-filings/sec-filings?items_per_page=&order=field_nir_sec_date_filed&sort=asc",
    "timestamp": "unknown"
  },
  {
    "title": "Filing dateFormDescriptionFiling GroupViewNovember ,SCHEDULE 13G/ASCHEDULE 13G/A - DescriptionOtherView HTML--.pdf--.rtf--.xlsSeptember ,-KReport of u",
    "link": "https://investors.primemedicine.com/financials-filings/sec-filings?items_per_page=&order=field_nir_sec_date_filed&sort=asc",
    "timestamp": "unknown"
  },
  {
    "title": "Filing dateFormDescriptionFiling GroupView",
    "link": "https://investors.primemedicine.com/financials-filings/sec-filings?items_per_page=&order=field_nir_sec_date_filed&sort=asc",
    "timestamp": "unknown"
  },
  {
    "title": "November ,SCHEDULE 13G/ASCHEDULE 13G/A - DescriptionOtherView HTML--.pdf--.rtf--.xls",
    "link": "https://investors.primemedicine.com/sec-filings/sec-filing/schedule-13ga/--",
    "timestamp": "unknown"
  },
  {
    "title": "--.pdf",
    "link": "https://investors.primemedicine.com/static-files/306bb52b-f587-4c2c-a706-d175e1ba6cae",
    "timestamp": "unknown"
  },
  {
    "title": "--.rtf",
    "link": "https://investors.primemedicine.com/static-files/88ba486d-2ba0-42c3-b7f7-94782d8ccc5a",
    "timestamp": "unknown"
  },
  {
    "title": "--.xls",
    "link": "https://investors.primemedicine.com/static-files/529cd57c-94f6---41f1f0a444bd",
    "timestamp": "unknown"
  },
  {
    "title": "September ,-KReport of unscheduled material events or corporate eventCurrent ReportsView HTML--.pdf--.rtf--.xlsEX-.SCH - XBRL TAXONOMY EXTENSION SCHEM",
    "link": "https://investors.primemedicine.com/sec-filings/sec-filing/-k/--",
    "timestamp": "unknown"
  },
  {
    "title": "--.pdf",
    "link": "https://investors.primemedicine.com/static-files/4393ce11-4f9e--b69a-8b3c07b819c8",
    "timestamp": "unknown"
  },
  {
    "title": "--.rtf",
    "link": "https://investors.primemedicine.com/static-files/afb49258-05bd---3bd4fbfd9a8f",
    "timestamp": "unknown"
  },
  {
    "title": "--.xls",
    "link": "https://investors.primemedicine.com/static-files/d8fc66fe-765a--bf61-31e2d877d923",
    "timestamp": "unknown"
  },
  {
    "title": "August ,SCHEDULE 13D/ASCHEDULE 13D/A - DescriptionOtherView HTML--.pdf--.rtf--.xls",
    "link": "https://investors.primemedicine.com/sec-filings/sec-filing/schedule-13da/--",
    "timestamp": "unknown"
  },
  {
    "title": "--.pdf",
    "link": "https://investors.primemedicine.com/static-files/5275cffc-51c7-4da6-934e-802504034f11",
    "timestamp": "unknown"
  },
  {
    "title": "--.rtf",
    "link": "https://investors.primemedicine.com/static-files/8e51eb4c-5d64-42cb-998a-e77fd7dc7bbd",
    "timestamp": "unknown"
  },
  {
    "title": "--.xls",
    "link": "https://investors.primemedicine.com/static-files/0242d60b--4ede-af74-84da133d2533",
    "timestamp": "unknown"
  },
  {
    "title": "August ,-KReport of unscheduled material events or corporate eventCurrent ReportsView HTML--.pdf--.rtf--.xlsEX-.SCH - XBRL TAXONOMY EXTENSION SCHEMA",
    "link": "https://investors.primemedicine.com/sec-filings/sec-filing/-k/--",
    "timestamp": "unknown"
  },
  {
    "title": "--.pdf",
    "link": "https://investors.primemedicine.com/static-files/d725bb6d-e70a-4c02-ba35-546c7c9bea9b",
    "timestamp": "unknown"
  },
  {
    "title": "--.rtf",
    "link": "https://investors.primemedicine.com/static-files/0e5e09d9-8f78-42d3-bab0-f418760df5d6",
    "timestamp": "unknown"
  },
  {
    "title": "--.xls",
    "link": "https://investors.primemedicine.com/static-files/84d448fc-fa1f-45f2-acca-508abfe70ebf",
    "timestamp": "unknown"
  },
  {
    "title": "August ,-QQuarterly report which provides a continuing view of a company's financial positionQuarterly FilingsView HTML--.pdf--.rtf--.xlsEX-.SCH - XBR",
    "link": "https://investors.primemedicine.com/sec-filings/sec-filing/-q/--",
    "timestamp": "unknown"
  },
  {
    "title": "--.pdf",
    "link": "https://investors.primemedicine.com/static-files/-16ef-4f80-8df9-c7570f50a796",
    "timestamp": "unknown"
  },
  {
    "title": "--.rtf",
    "link": "https://investors.primemedicine.com/static-files/756de483-dd42-4f32-919f-02bd22583a2b",
    "timestamp": "unknown"
  },
  {
    "title": "--.xls",
    "link": "https://investors.primemedicine.com/static-files/3365d88b-f57b-4c23-810d-45a6f4fb2390",
    "timestamp": "unknown"
  },
  {
    "title": "August ,Statement of changes in beneficial ownership of securities,,View HTML--.pdf--.rtf--.xls",
    "link": "https://investors.primemedicine.com/sec-filings/sec-filing//--",
    "timestamp": "unknown"
  },
  {
    "title": "--.pdf",
    "link": "https://investors.primemedicine.com/static-files/a68e068d-6bbe-40f5-b919-128671a4bee7",
    "timestamp": "unknown"
  },
  {
    "title": "--.rtf",
    "link": "https://investors.primemedicine.com/static-files/c8edf611-8b5a-47a5-a43e-778e11b24610",
    "timestamp": "unknown"
  },
  {
    "title": "--.xls",
    "link": "https://investors.primemedicine.com/static-files/7b408ae0-b7f0-499c-88c6-aa7bf5f427b3",
    "timestamp": "unknown"
  },
  {
    "title": "August ,-KReport of unscheduled material events or corporate eventCurrent ReportsView HTML--.pdf--.rtf--.xlsEX-.SCH - XBRL TAXONOMY EXTENSION SCHEMA",
    "link": "https://investors.primemedicine.com/sec-filings/sec-filing/-k/--",
    "timestamp": "unknown"
  },
  {
    "title": "--.pdf",
    "link": "https://investors.primemedicine.com/static-files/459d6aec-08fa--a2e3-d1e3c0e90014",
    "timestamp": "unknown"
  },
  {
    "title": "--.rtf",
    "link": "https://investors.primemedicine.com/static-files/d964303d--4dc1-b7e3-b51d372bfb36",
    "timestamp": "unknown"
  },
  {
    "title": "--.xls",
    "link": "https://investors.primemedicine.com/static-files/33d55587-b0c8--aa7f-672085b40454",
    "timestamp": "unknown"
  },
  {
    "title": "August ,Statement of changes in beneficial ownership of securities,,View HTML--.pdf--.rtf--.xls",
    "link": "https://investors.primemedicine.com/sec-filings/sec-filing//--",
    "timestamp": "unknown"
  },
  {
    "title": "--.pdf",
    "link": "https://investors.primemedicine.com/static-files/62d04a85-c3a1-4f13-927b-31156a2cdee5",
    "timestamp": "unknown"
  },
  {
    "title": "--.rtf",
    "link": "https://investors.primemedicine.com/static-files/c3bae47f--47a2--a078ccb30db7",
    "timestamp": "unknown"
  },
  {
    "title": "--.xls",
    "link": "https://investors.primemedicine.com/static-files/1092c54a-d233-493f-ab83-750b9ef97582",
    "timestamp": "unknown"
  },
  {
    "title": "August ,Statement of changes in beneficial ownership of securities,,View HTML--.pdf--.rtf--.xls",
    "link": "https://investors.primemedicine.com/sec-filings/sec-filing//--",
    "timestamp": "unknown"
  },
  {
    "title": "--.pdf",
    "link": "https://investors.primemedicine.com/static-files/01e5093d-a028--9ea9-a3017e258e2e",
    "timestamp": "unknown"
  },
  {
    "title": "--.rtf",
    "link": "https://investors.primemedicine.com/static-files/a5306271-e1fd-47ba-bf05-969df35c5cc9",
    "timestamp": "unknown"
  },
  {
    "title": "--.xls",
    "link": "https://investors.primemedicine.com/static-files/b14da8da-d2cc-48a2-9aea-2e4dfb4e4401",
    "timestamp": "unknown"
  },
  {
    "title": "August ,Statement of changes in beneficial ownership of securities,,View HTML--.pdf--.rtf--.xls",
    "link": "https://investors.primemedicine.com/sec-filings/sec-filing//--",
    "timestamp": "unknown"
  },
  {
    "title": "--.pdf",
    "link": "https://investors.primemedicine.com/static-files/507009a9-1b8d-4c80-9ed5-5478d3afda58",
    "timestamp": "unknown"
  },
  {
    "title": "--.rtf",
    "link": "https://investors.primemedicine.com/static-files/ef7264ef---a8eb-3112cde00fe2",
    "timestamp": "unknown"
  },
  {
    "title": "--.xls",
    "link": "https://investors.primemedicine.com/static-files/5ba8a395-ffb9-468d-b6c2-bf975588dece",
    "timestamp": "unknown"
  },
  {
    "title": "Current page",
    "link": "https://investors.primemedicine.com/financials-filings/sec-filings?&field_nir_sec_cik_target_id=&field_nir_sec_date_filed_value=&&&items_per_page_toggle=&page=",
    "timestamp": "unknown"
  },
  {
    "title": "Page",
    "link": "https://investors.primemedicine.com/financials-filings/sec-filings?&field_nir_sec_cik_target_id=&field_nir_sec_date_filed_value=&&&items_per_page_toggle=&page=",
    "timestamp": "unknown"
  },
  {
    "title": "Page",
    "link": "https://investors.primemedicine.com/financials-filings/sec-filings?&field_nir_sec_cik_target_id=&field_nir_sec_date_filed_value=&&&items_per_page_toggle=&page=",
    "timestamp": "unknown"
  },
  {
    "title": "Page",
    "link": "https://investors.primemedicine.com/financials-filings/sec-filings?&field_nir_sec_cik_target_id=&field_nir_sec_date_filed_value=&&&items_per_page_toggle=&page=",
    "timestamp": "unknown"
  },
  {
    "title": "Page",
    "link": "https://investors.primemedicine.com/financials-filings/sec-filings?&field_nir_sec_cik_target_id=&field_nir_sec_date_filed_value=&&&items_per_page_toggle=&page=",
    "timestamp": "unknown"
  },
  {
    "title": "Page",
    "link": "https://investors.primemedicine.com/financials-filings/sec-filings?&field_nir_sec_cik_target_id=&field_nir_sec_date_filed_value=&&&items_per_page_toggle=&page=",
    "timestamp": "unknown"
  },
  {
    "title": "Page",
    "link": "https://investors.primemedicine.com/financials-filings/sec-filings?&field_nir_sec_cik_target_id=&field_nir_sec_date_filed_value=&&&items_per_page_toggle=&page=",
    "timestamp": "unknown"
  },
  {
    "title": "Page",
    "link": "https://investors.primemedicine.com/financials-filings/sec-filings?&field_nir_sec_cik_target_id=&field_nir_sec_date_filed_value=&&&items_per_page_toggle=&page=",
    "timestamp": "unknown"
  },
  {
    "title": "Page",
    "link": "https://investors.primemedicine.com/financials-filings/sec-filings?&field_nir_sec_cik_target_id=&field_nir_sec_date_filed_value=&&&items_per_page_toggle=&page=",
    "timestamp": "unknown"
  },
  {
    "title": "Next pageNext \u203a",
    "link": "https://investors.primemedicine.com/financials-filings/sec-filings?&field_nir_sec_cik_target_id=&field_nir_sec_date_filed_value=&&&items_per_page_toggle=&page=",
    "timestamp": "unknown"
  },
  {
    "title": "Last pageLast \u00bb",
    "link": "https://investors.primemedicine.com/financials-filings/sec-filings?&field_nir_sec_cik_target_id=&field_nir_sec_date_filed_value=&&&items_per_page_toggle=&page=",
    "timestamp": "unknown"
  },
  {
    "title": "Data provided byKaleidoscope.",
    "link": "https://www.kscope.io",
    "timestamp": "unknown"
  },
  {
    "title": "Data provided byKaleidoscope.",
    "link": "https://www.kscope.io",
    "timestamp": "unknown"
  },
  {
    "title": "Print PagePrint PageEmail AlertsEmail AlertsRSS FeedsRSS FeedsContact IRContact IR",
    "link": "https://investors.primemedicine.com/financials-filings/sec-filings",
    "timestamp": "unknown"
  },
  {
    "title": "Print PagePrint PageEmail AlertsEmail AlertsRSS FeedsRSS FeedsContact IRContact IR",
    "link": "https://investors.primemedicine.com/financials-filings/sec-filings",
    "timestamp": "unknown"
  },
  {
    "title": "Print PagePrint Page",
    "link": "https://investors.primemedicine.com/financials-filings/sec-filings",
    "timestamp": "unknown"
  },
  {
    "title": "Print Page",
    "link": "https://investors.primemedicine.com/financials-filings/sec-filings",
    "timestamp": "unknown"
  },
  {
    "title": "Email AlertsEmail Alerts",
    "link": "https://investors.primemedicine.com/ir-resources/email-alerts",
    "timestamp": "unknown"
  },
  {
    "title": "Email Alerts",
    "link": "https://investors.primemedicine.com/ir-resources/email-alerts",
    "timestamp": "unknown"
  },
  {
    "title": "RSS FeedsRSS Feeds",
    "link": "https://investors.primemedicine.com/rss-feeds",
    "timestamp": "unknown"
  },
  {
    "title": "RSS Feeds",
    "link": "https://investors.primemedicine.com/rss-feeds",
    "timestamp": "unknown"
  },
  {
    "title": "Contact IRContact IR",
    "link": "https://investors.primemedicine.com/ir-resources/contact-ir",
    "timestamp": "unknown"
  },
  {
    "title": "Contact IR",
    "link": "https://investors.primemedicine.com/ir-resources/contact-ir",
    "timestamp": "unknown"
  },
  {
    "title": "Contact Us",
    "link": "mailto:info@primemedicine.com",
    "timestamp": "unknown"
  },
  {
    "title": "Privacy Policy",
    "link": "https://primemedicine.com/privacy-policy",
    "timestamp": "unknown"
  },
  {
    "title": "Terms of Use",
    "link": "https://primemedicine.com/terms-of-use",
    "timestamp": "unknown"
  }
]