[
  {
    "title": "About UsDiscover AlkermesOur ValuesLeadershipDiversity, Inclusion & BelongingAwards and RecognitionCollaborationsLocationsMedicinesInnovative Medicine",
    "link": "https://www.alkermes.com/",
    "timestamp": "unknown"
  },
  {
    "title": "About UsDiscover AlkermesOur ValuesLeadershipDiversity, Inclusion & BelongingAwards and RecognitionCollaborationsLocationsMedicinesInnovative Medicine",
    "link": "https://www.alkermes.com/",
    "timestamp": "unknown"
  },
  {
    "title": "About UsDiscover AlkermesOur ValuesLeadershipDiversity, Inclusion & BelongingAwards and RecognitionCollaborationsLocationsMedicinesInnovative Medicine",
    "link": "https://www.alkermes.com/",
    "timestamp": "unknown"
  },
  {
    "title": "About UsDiscover AlkermesOur ValuesLeadershipDiversity, Inclusion & BelongingAwards and RecognitionCollaborationsLocationsMedicinesInnovative Medicine",
    "link": "https://www.alkermes.com/about-us",
    "timestamp": "unknown"
  },
  {
    "title": "About UsDiscover AlkermesOur ValuesLeadershipDiversity, Inclusion & BelongingAwards and RecognitionCollaborationsLocations",
    "link": "https://www.alkermes.com/about-us",
    "timestamp": "unknown"
  },
  {
    "title": "Discover Alkermes",
    "link": "https://www.alkermes.com/about-us#discover-alkermes",
    "timestamp": "unknown"
  },
  {
    "title": "Our Values",
    "link": "https://www.alkermes.com/about-us#our-values",
    "timestamp": "unknown"
  },
  {
    "title": "Leadership",
    "link": "https://www.alkermes.com/about-us/Leadership",
    "timestamp": "unknown"
  },
  {
    "title": "Diversity, Inclusion & Belonging",
    "link": "https://www.alkermes.com/about-us/Diversity-Inclusion-Belonging",
    "timestamp": "unknown"
  },
  {
    "title": "Awards and Recognition",
    "link": "https://www.alkermes.com//about-us/awards-and-recognition",
    "timestamp": "unknown"
  },
  {
    "title": "Collaborations",
    "link": "https://www.alkermes.com/about-us#partnering",
    "timestamp": "unknown"
  },
  {
    "title": "Locations",
    "link": "https://www.alkermes.com/about-us#locations",
    "timestamp": "unknown"
  },
  {
    "title": "MedicinesInnovative MedicinesThird Party Medicines",
    "link": "https://www.alkermes.com/medicines",
    "timestamp": "unknown"
  },
  {
    "title": "Innovative Medicines",
    "link": "https://www.alkermes.com//medicines#development",
    "timestamp": "unknown"
  },
  {
    "title": "Third Party Medicines",
    "link": "https://www.alkermes.com//medicines#Third-Party-Products",
    "timestamp": "unknown"
  },
  {
    "title": "R&DPipelineResearch & Medical GrantsClinical TrialsEarly Access",
    "link": "https://www.alkermes.com//research-and-development",
    "timestamp": "unknown"
  },
  {
    "title": "Pipeline",
    "link": "https://www.alkermes.com/research-and-development#pipeline",
    "timestamp": "unknown"
  },
  {
    "title": "Research & Medical Grants",
    "link": "https://www.alkermes.com/research-and-development#research-and-medical-grants",
    "timestamp": "unknown"
  },
  {
    "title": "Clinical Trials",
    "link": "https://www.alkermes.com/research-and-development#clinical-trials",
    "timestamp": "unknown"
  },
  {
    "title": "Early Access",
    "link": "https://www.alkermes.com/research-and-development#early-access",
    "timestamp": "unknown"
  },
  {
    "title": "Disease AreasAddictionSerious Mental IllnessSleep Disorders",
    "link": "https://www.alkermes.com//disease-areas",
    "timestamp": "unknown"
  },
  {
    "title": "Addiction",
    "link": "https://www.alkermes.com//disease-areas/addiction",
    "timestamp": "unknown"
  },
  {
    "title": "Serious Mental Illness",
    "link": "https://www.alkermes.com//disease-areas/serious-mental-illness",
    "timestamp": "unknown"
  },
  {
    "title": "Sleep Disorders",
    "link": "https://www.alkermes.com//disease-areas/sleep-disorders",
    "timestamp": "unknown"
  },
  {
    "title": "ResponsibilityCorporate ResponsibilityPatient Engagement & AdvocacyAlkermes Inspiration Grants\u00aeCorporate GivingCorporate Responsibility ReportsPublic ",
    "link": "https://www.alkermes.com/responsibility",
    "timestamp": "unknown"
  },
  {
    "title": "Corporate Responsibility",
    "link": "https://www.alkermes.com/responsibility#corporate-responsibility",
    "timestamp": "unknown"
  },
  {
    "title": "Patient Engagement & Advocacy",
    "link": "https://www.alkermes.com/responsibility/patient-engagement-advocacy",
    "timestamp": "unknown"
  },
  {
    "title": "Alkermes Inspiration Grants\u00ae",
    "link": "https://www.alkermes.com/responsibility/alkermes-inspiration-grants",
    "timestamp": "unknown"
  },
  {
    "title": "Corporate Giving",
    "link": "https://www.alkermes.com/responsibility#corporate-giving",
    "timestamp": "unknown"
  },
  {
    "title": "Corporate Responsibility Reports",
    "link": "https://www.alkermes.com/responsibility#csr",
    "timestamp": "unknown"
  },
  {
    "title": "Public Policy",
    "link": "https://www.alkermes.com/responsibility/public-policy",
    "timestamp": "unknown"
  },
  {
    "title": "Suppliers",
    "link": "https://www.alkermes.com//suppliers",
    "timestamp": "unknown"
  },
  {
    "title": "CareersWorking HereOur CultureBenefitsJoin Our Team",
    "link": "https://www.alkermes.com/careers",
    "timestamp": "unknown"
  },
  {
    "title": "Working Here",
    "link": "https://www.alkermes.com/careers#working-here",
    "timestamp": "unknown"
  },
  {
    "title": "Our Culture",
    "link": "https://www.alkermes.com/careers#our-culture",
    "timestamp": "unknown"
  },
  {
    "title": "Benefits",
    "link": "https://www.alkermes.com/careers#benefits",
    "timestamp": "unknown"
  },
  {
    "title": "Join Our Team",
    "link": "https://www.alkermes.com/careers#join-our-team",
    "timestamp": "unknown"
  },
  {
    "title": "NewsPress ReleasesOur StoriesMedia ResourcesContact Us",
    "link": "https://www.alkermes.com/news-and-events",
    "timestamp": "unknown"
  },
  {
    "title": "Press Releases",
    "link": "https://investor.alkermes.com/press-releases",
    "timestamp": "unknown"
  },
  {
    "title": "Our Stories",
    "link": "https://www.alkermes.com/news-and-events/our-stories",
    "timestamp": "unknown"
  },
  {
    "title": "Media Resources",
    "link": "https://www.alkermes.com/news-releases#media-resources",
    "timestamp": "unknown"
  },
  {
    "title": "Contact Us",
    "link": "https://www.alkermes.com/contact-us",
    "timestamp": "unknown"
  },
  {
    "title": "InvestorsPress ReleasesInvestor Events / PresentationsSEC FilingsAnnual ReportsCorporate GovernanceStock InformationInvestor ResourcesEmail Alerts",
    "link": "https://investor.alkermes.com/investor-relations",
    "timestamp": "unknown"
  },
  {
    "title": "Press Releases",
    "link": "https://investor.alkermes.com/press-releases",
    "timestamp": "unknown"
  },
  {
    "title": "Investor Events / Presentations",
    "link": "https://investor.alkermes.com/investor-events-presentations",
    "timestamp": "unknown"
  },
  {
    "title": "SEC Filings",
    "link": "https://investor.alkermes.com/sec-filings",
    "timestamp": "unknown"
  },
  {
    "title": "Annual Reports",
    "link": "https://investor.alkermes.com/annual-reports",
    "timestamp": "unknown"
  },
  {
    "title": "Corporate Governance",
    "link": "https://investor.alkermes.com/corporate-governance",
    "timestamp": "unknown"
  },
  {
    "title": "Stock Information",
    "link": "https://investor.alkermes.com/stock-information",
    "timestamp": "unknown"
  },
  {
    "title": "Investor Resources",
    "link": "https://investor.alkermes.com/investor-resources",
    "timestamp": "unknown"
  },
  {
    "title": "Email Alerts",
    "link": "https://investor.alkermes.com/email-alerts",
    "timestamp": "unknown"
  },
  {
    "title": "Keyword searchGroup,,Annual FilingsCurrent ReportsMergers & AcquisitionsOtherProxy FilingsQuarterly FilingsRegistration StatementsFiling year- Any -It",
    "link": "https://investor.alkermes.com/sec-filings?items_per_page=&order=field_nir_sec_date_filed&sort=asc",
    "timestamp": "unknown"
  },
  {
    "title": "Keyword searchGroup,,Annual FilingsCurrent ReportsMergers & AcquisitionsOtherProxy FilingsQuarterly FilingsRegistration StatementsFiling year- Any -It",
    "link": "https://investor.alkermes.com/sec-filings?items_per_page=&order=field_nir_sec_date_filed&sort=asc",
    "timestamp": "unknown"
  },
  {
    "title": "Keyword searchGroup,,Annual FilingsCurrent ReportsMergers & AcquisitionsOtherProxy FilingsQuarterly FilingsRegistration StatementsFiling year- Any -It",
    "link": "https://investor.alkermes.com/sec-filings?items_per_page=&order=field_nir_sec_date_filed&sort=asc",
    "timestamp": "unknown"
  },
  {
    "title": "Keyword searchGroup,,Annual FilingsCurrent ReportsMergers & AcquisitionsOtherProxy FilingsQuarterly FilingsRegistration StatementsFiling year- Any -It",
    "link": "https://investor.alkermes.com/sec-filings?items_per_page=&order=field_nir_sec_date_filed&sort=asc",
    "timestamp": "unknown"
  },
  {
    "title": "Keyword searchGroup,,Annual FilingsCurrent ReportsMergers & AcquisitionsOtherProxy FilingsQuarterly FilingsRegistration StatementsFiling year- Any -It",
    "link": "https://investor.alkermes.com/sec-filings?items_per_page=&order=field_nir_sec_date_filed&sort=asc",
    "timestamp": "unknown"
  },
  {
    "title": "Keyword searchGroup,,Annual FilingsCurrent ReportsMergers & AcquisitionsOtherProxy FilingsQuarterly FilingsRegistration StatementsFiling year- Any -It",
    "link": "https://investor.alkermes.com/sec-filings?items_per_page=&order=field_nir_sec_date_filed&sort=asc",
    "timestamp": "unknown"
  },
  {
    "title": "Keyword searchGroup,,Annual FilingsCurrent ReportsMergers & AcquisitionsOtherProxy FilingsQuarterly FilingsRegistration StatementsFiling year- Any -It",
    "link": "https://investor.alkermes.com/sec-filings?items_per_page=&order=field_nir_sec_date_filed&sort=asc",
    "timestamp": "unknown"
  },
  {
    "title": "Keyword searchGroup,,Annual FilingsCurrent ReportsMergers & AcquisitionsOtherProxy FilingsQuarterly FilingsRegistration StatementsFiling year- Any -It",
    "link": "https://investor.alkermes.com/sec-filings?items_per_page=&order=field_nir_sec_date_filed&sort=asc",
    "timestamp": "unknown"
  },
  {
    "title": "Keyword searchGroup,,Annual FilingsCurrent ReportsMergers & AcquisitionsOtherProxy FilingsQuarterly FilingsRegistration StatementsFiling year- Any -It",
    "link": "https://investor.alkermes.com/sec-filings?items_per_page=&order=field_nir_sec_date_filed&sort=asc",
    "timestamp": "unknown"
  },
  {
    "title": "Keyword searchGroup,,Annual FilingsCurrent ReportsMergers & AcquisitionsOtherProxy FilingsQuarterly FilingsRegistration StatementsFiling year- Any -It",
    "link": "https://investor.alkermes.com/sec-filings?items_per_page=&order=field_nir_sec_date_filed&sort=asc",
    "timestamp": "unknown"
  },
  {
    "title": "Keyword searchGroup,,Annual FilingsCurrent ReportsMergers & AcquisitionsOtherProxy FilingsQuarterly FilingsRegistration StatementsFiling year- Any -It",
    "link": "https://investor.alkermes.com/sec-filings?items_per_page=&order=field_nir_sec_date_filed&sort=asc",
    "timestamp": "unknown"
  },
  {
    "title": "Keyword searchGroup,,Annual FilingsCurrent ReportsMergers & AcquisitionsOtherProxy FilingsQuarterly FilingsRegistration StatementsFiling year- Any -It",
    "link": "https://investor.alkermes.com/sec-filings?items_per_page=&order=field_nir_sec_date_filed&sort=asc",
    "timestamp": "unknown"
  },
  {
    "title": "Keyword searchGroup,,Annual FilingsCurrent ReportsMergers & AcquisitionsOtherProxy FilingsQuarterly FilingsRegistration StatementsFiling year- Any -It",
    "link": "https://investor.alkermes.com/sec-filings?items_per_page=&order=field_nir_sec_date_filed&sort=asc",
    "timestamp": "unknown"
  },
  {
    "title": "Keyword searchGroup,,Annual FilingsCurrent ReportsMergers & AcquisitionsOtherProxy FilingsQuarterly FilingsRegistration StatementsFiling year- Any -It",
    "link": "https://investor.alkermes.com/sec-filings?items_per_page=&order=field_nir_sec_date_filed&sort=asc",
    "timestamp": "unknown"
  },
  {
    "title": "Group,,Annual FilingsCurrent ReportsMergers & AcquisitionsOtherProxy FilingsQuarterly FilingsRegistration StatementsFiling year- Any -Items per pageFi",
    "link": "https://investor.alkermes.com/sec-filings?items_per_page=&order=field_nir_sec_date_filed&sort=asc",
    "timestamp": "unknown"
  },
  {
    "title": "Group,,Annual FilingsCurrent ReportsMergers & AcquisitionsOtherProxy FilingsQuarterly FilingsRegistration StatementsFiling year- Any -Items per pageFi",
    "link": "https://investor.alkermes.com/sec-filings?items_per_page=&order=field_nir_sec_date_filed&sort=asc",
    "timestamp": "unknown"
  },
  {
    "title": "Group,,Annual FilingsCurrent ReportsMergers & AcquisitionsOtherProxy FilingsQuarterly FilingsRegistration StatementsFiling year- Any -Items per pageFi",
    "link": "https://investor.alkermes.com/sec-filings?items_per_page=&order=field_nir_sec_date_filed&sort=asc",
    "timestamp": "unknown"
  },
  {
    "title": "Filing dateFormDescriptionView//-KReport of unscheduled material events or corporate eventView HTML--.pdf--.rtf--.xlsEX-.SCH - XBRL TAXONOMY EXTENSION",
    "link": "https://investor.alkermes.com/sec-filings?items_per_page=&order=field_nir_sec_date_filed&sort=asc",
    "timestamp": "unknown"
  },
  {
    "title": "Filing dateFormDescriptionView",
    "link": "https://investor.alkermes.com/sec-filings?items_per_page=&order=field_nir_sec_date_filed&sort=asc",
    "timestamp": "unknown"
  },
  {
    "title": "//-KReport of unscheduled material events or corporate eventView HTML--.pdf--.rtf--.xlsEX-.SCH - XBRL TAXONOMY EXTENSION SCHEMA",
    "link": "https://investor.alkermes.com/sec-filings/sec-filing/-k/--",
    "timestamp": "unknown"
  },
  {
    "title": "--.pdf",
    "link": "https://investor.alkermes.com/static-files/5686510f-9b83--86e5-3ea76c974d5c",
    "timestamp": "unknown"
  },
  {
    "title": "--.rtf",
    "link": "https://investor.alkermes.com/static-files/19426e7e-83e8-4c66-b83a-25404ae64547",
    "timestamp": "unknown"
  },
  {
    "title": "--.xls",
    "link": "https://investor.alkermes.com/static-files/3a87118c-14ba--9bae-0879458f33d6",
    "timestamp": "unknown"
  },
  {
    "title": "//-KReport of unscheduled material events or corporate eventView HTML--.pdf--.rtf--.xlsEX-.SCH - XBRL TAXONOMY EXTENSION SCHEMA",
    "link": "https://investor.alkermes.com/sec-filings/sec-filing/-k/--",
    "timestamp": "unknown"
  },
  {
    "title": "--.pdf",
    "link": "https://investor.alkermes.com/static-files/38218aac-b435-40d8-9e40-9aea88e8da02",
    "timestamp": "unknown"
  },
  {
    "title": "--.rtf",
    "link": "https://investor.alkermes.com/static-files/992c9c07--463b-902b-64497c6cb5f1",
    "timestamp": "unknown"
  },
  {
    "title": "--.xls",
    "link": "https://investor.alkermes.com/static-files/ab431dd3-879a-40f8-9cc4-ffc68c30b5ec",
    "timestamp": "unknown"
  },
  {
    "title": "//SCHEDULE 13G/ASCHEDULE 13G/A - DescriptionView HTML--.pdf--.rtf--.xls",
    "link": "https://investor.alkermes.com/sec-filings/sec-filing/schedule-13ga/--",
    "timestamp": "unknown"
  },
  {
    "title": "--.pdf",
    "link": "https://investor.alkermes.com/static-files/a8d26389-a378-4f5a-b82b-2028bf7da4e6",
    "timestamp": "unknown"
  },
  {
    "title": "--.rtf",
    "link": "https://investor.alkermes.com/static-files/b66ed867--4ad9-a6a7-e1cb947ff54e",
    "timestamp": "unknown"
  },
  {
    "title": "--.xls",
    "link": "https://investor.alkermes.com/static-files/20b7a7ab-061f-4e48--2312696a65ec",
    "timestamp": "unknown"
  },
  {
    "title": "//Statement of changes in beneficial ownership of securitiesView HTML--.pdf--.rtf--.xls",
    "link": "https://investor.alkermes.com/sec-filings/sec-filing//--",
    "timestamp": "unknown"
  },
  {
    "title": "--.pdf",
    "link": "https://investor.alkermes.com/static-files/9d3328c9-ae18-49d4-8e7d-2b77ec89e0d9",
    "timestamp": "unknown"
  },
  {
    "title": "--.rtf",
    "link": "https://investor.alkermes.com/static-files/514f6c7e---b4f3-bc24d8ec282b",
    "timestamp": "unknown"
  },
  {
    "title": "--.xls",
    "link": "https://investor.alkermes.com/static-files/4992d117-a61c-4b25-a215-498e1ee1f048",
    "timestamp": "unknown"
  },
  {
    "title": "//-KReport of unscheduled material events or corporate eventView HTML--.pdf--.rtf--.xlsEX-.SCH - XBRL TAXONOMY EXTENSION SCHEMA",
    "link": "https://investor.alkermes.com/sec-filings/sec-filing/-k/--",
    "timestamp": "unknown"
  },
  {
    "title": "--.pdf",
    "link": "https://investor.alkermes.com/static-files/9de92fc2-9fdf-43e1-bff7-ba2e47adb6d7",
    "timestamp": "unknown"
  },
  {
    "title": "--.rtf",
    "link": "https://investor.alkermes.com/static-files/41f7ab19-c27a-474d--1733773e7088",
    "timestamp": "unknown"
  },
  {
    "title": "--.xls",
    "link": "https://investor.alkermes.com/static-files/945dd21d---b9c7-2d8b454dd67c",
    "timestamp": "unknown"
  },
  {
    "title": "//-QQuarterly report which provides a continuing view of a company's financial positionView HTML--.pdf--.rtf--.xlsEX-.SCH - XBRL TAXONOMY EXTENSION SC",
    "link": "https://investor.alkermes.com/sec-filings/sec-filing/-q/--",
    "timestamp": "unknown"
  },
  {
    "title": "--.pdf",
    "link": "https://investor.alkermes.com/static-files/aa881afb-5f54-44e9-90fd-15c97ea3c36f",
    "timestamp": "unknown"
  },
  {
    "title": "--.rtf",
    "link": "https://investor.alkermes.com/static-files/fc6f4e71-d58c-433d-a821-bba21dcfaebd",
    "timestamp": "unknown"
  },
  {
    "title": "--.xls",
    "link": "https://investor.alkermes.com/static-files/d4ffa80b-cfa2-4d6e-86cc-b8f51a924d27",
    "timestamp": "unknown"
  },
  {
    "title": "//S-Securities offered to employees pursuant to employee benefit plansView HTML--.pdf--.rtf--.xls",
    "link": "https://investor.alkermes.com/sec-filings/sec-filing/s-/--",
    "timestamp": "unknown"
  },
  {
    "title": "--.pdf",
    "link": "https://investor.alkermes.com/static-files/e7b53d7b-974f-42b6-9ca2-988385ad251d",
    "timestamp": "unknown"
  },
  {
    "title": "--.rtf",
    "link": "https://investor.alkermes.com/static-files/-b775-4a47-8b66-8063c3c027af",
    "timestamp": "unknown"
  },
  {
    "title": "--.xls",
    "link": "https://investor.alkermes.com/static-files/b2a061f0--423a-ae07-ac8a1c255d82",
    "timestamp": "unknown"
  },
  {
    "title": "//-KReport of unscheduled material events or corporate eventView HTML--.pdf--.rtf--.xlsEX-.SCH - XBRL TAXONOMY EXTENSION SCHEMA",
    "link": "https://investor.alkermes.com/sec-filings/sec-filing/-k/--",
    "timestamp": "unknown"
  },
  {
    "title": "--.pdf",
    "link": "https://investor.alkermes.com/static-files/b61575d4-253b-434e-bb59-981b938ca050",
    "timestamp": "unknown"
  },
  {
    "title": "--.rtf",
    "link": "https://investor.alkermes.com/static-files/f55554e7--4b26-a7a1-e473921f9134",
    "timestamp": "unknown"
  },
  {
    "title": "--.xls",
    "link": "https://investor.alkermes.com/static-files/9da75520-139a-4fe6-b585-a34cb773b14b",
    "timestamp": "unknown"
  },
  {
    "title": "//Filed by \"insiders\" prior intended sale of restricted stock. Non-EDGAR filingView HTML--.pdf--.rtf",
    "link": "https://investor.alkermes.com/sec-filings/sec-filing//--",
    "timestamp": "unknown"
  },
  {
    "title": "--.pdf",
    "link": "https://investor.alkermes.com/static-files/7feb10ec-e39b-45f8-bd8b-fbd2dd9faf95",
    "timestamp": "unknown"
  },
  {
    "title": "--.rtf",
    "link": "https://investor.alkermes.com/static-files/d6e74de7-c1c3--b8ea-6ab3eeb94481",
    "timestamp": "unknown"
  },
  {
    "title": "//Statement of changes in beneficial ownership of securitiesView HTML--.pdf--.rtf--.xls",
    "link": "https://investor.alkermes.com/sec-filings/sec-filing//--",
    "timestamp": "unknown"
  },
  {
    "title": "--.pdf",
    "link": "https://investor.alkermes.com/static-files/3811f463-c5a0-43fa-a9e4-36208f004caf",
    "timestamp": "unknown"
  },
  {
    "title": "--.rtf",
    "link": "https://investor.alkermes.com/static-files/9986d720--41c1-8c2b-ccfc794d29b4",
    "timestamp": "unknown"
  },
  {
    "title": "--.xls",
    "link": "https://investor.alkermes.com/static-files/d0d0a38d-864d-44c4-91da-2fd6102eb599",
    "timestamp": "unknown"
  },
  {
    "title": "Current page",
    "link": "https://investor.alkermes.com/sec-filings?&field_nir_sec_cik_target_id=&field_nir_sec_date_filed_value=&&&items_per_page_toggle=&page=",
    "timestamp": "unknown"
  },
  {
    "title": "Page",
    "link": "https://investor.alkermes.com/sec-filings?&field_nir_sec_cik_target_id=&field_nir_sec_date_filed_value=&&&items_per_page_toggle=&page=",
    "timestamp": "unknown"
  },
  {
    "title": "Page",
    "link": "https://investor.alkermes.com/sec-filings?&field_nir_sec_cik_target_id=&field_nir_sec_date_filed_value=&&&items_per_page_toggle=&page=",
    "timestamp": "unknown"
  },
  {
    "title": "Page",
    "link": "https://investor.alkermes.com/sec-filings?&field_nir_sec_cik_target_id=&field_nir_sec_date_filed_value=&&&items_per_page_toggle=&page=",
    "timestamp": "unknown"
  },
  {
    "title": "Page",
    "link": "https://investor.alkermes.com/sec-filings?&field_nir_sec_cik_target_id=&field_nir_sec_date_filed_value=&&&items_per_page_toggle=&page=",
    "timestamp": "unknown"
  },
  {
    "title": "Page",
    "link": "https://investor.alkermes.com/sec-filings?&field_nir_sec_cik_target_id=&field_nir_sec_date_filed_value=&&&items_per_page_toggle=&page=",
    "timestamp": "unknown"
  },
  {
    "title": "Page",
    "link": "https://investor.alkermes.com/sec-filings?&field_nir_sec_cik_target_id=&field_nir_sec_date_filed_value=&&&items_per_page_toggle=&page=",
    "timestamp": "unknown"
  },
  {
    "title": "Page",
    "link": "https://investor.alkermes.com/sec-filings?&field_nir_sec_cik_target_id=&field_nir_sec_date_filed_value=&&&items_per_page_toggle=&page=",
    "timestamp": "unknown"
  },
  {
    "title": "Page",
    "link": "https://investor.alkermes.com/sec-filings?&field_nir_sec_cik_target_id=&field_nir_sec_date_filed_value=&&&items_per_page_toggle=&page=",
    "timestamp": "unknown"
  },
  {
    "title": "Next pageNext \u203a",
    "link": "https://investor.alkermes.com/sec-filings?&field_nir_sec_cik_target_id=&field_nir_sec_date_filed_value=&&&items_per_page_toggle=&page=",
    "timestamp": "unknown"
  },
  {
    "title": "Last pageLast \u00bb",
    "link": "https://investor.alkermes.com/sec-filings?&field_nir_sec_cik_target_id=&field_nir_sec_date_filed_value=&&&items_per_page_toggle=&page=",
    "timestamp": "unknown"
  },
  {
    "title": "Data provided byKaleidoscope.",
    "link": "https://www.kscope.io",
    "timestamp": "unknown"
  },
  {
    "title": "Data provided byKaleidoscope.",
    "link": "https://www.kscope.io",
    "timestamp": "unknown"
  },
  {
    "title": "Investor ToolsPrint PageContact UsRSSEmail Alerts",
    "link": "https://investor.alkermes.com/sec-filings",
    "timestamp": "unknown"
  },
  {
    "title": "Investor ToolsPrint PageContact UsRSSEmail Alerts",
    "link": "https://investor.alkermes.com/sec-filings",
    "timestamp": "unknown"
  },
  {
    "title": "Investor ToolsPrint PageContact UsRSSEmail Alerts",
    "link": "https://investor.alkermes.com/sec-filings",
    "timestamp": "unknown"
  },
  {
    "title": "Investor ToolsPrint PageContact UsRSSEmail Alerts",
    "link": "https://investor.alkermes.com/sec-filings",
    "timestamp": "unknown"
  },
  {
    "title": "Print PageContact UsRSSEmail Alerts",
    "link": "https://investor.alkermes.com/sec-filings",
    "timestamp": "unknown"
  },
  {
    "title": "Print PageContact UsRSSEmail Alerts",
    "link": "https://investor.alkermes.com/sec-filings",
    "timestamp": "unknown"
  },
  {
    "title": "Print Page",
    "link": "https://investor.alkermes.com/sec-filings",
    "timestamp": "unknown"
  },
  {
    "title": "Contact Us",
    "link": "https://www.alkermes.com/contact-us",
    "timestamp": "unknown"
  },
  {
    "title": "RSS",
    "link": "https://investor.alkermes.com/shareholder-services/rss-feeds",
    "timestamp": "unknown"
  },
  {
    "title": "Email Alerts",
    "link": "https://investor.alkermes.com/email-alerts",
    "timestamp": "unknown"
  },
  {
    "title": "Contact UsTerms of UsePrivacy PolicySitemap",
    "link": "https://www.alkermes.com/",
    "timestamp": "unknown"
  },
  {
    "title": "Contact UsTerms of UsePrivacy PolicySitemap",
    "link": "https://www.alkermes.com/",
    "timestamp": "unknown"
  },
  {
    "title": "Contact Us",
    "link": "https://www.alkermes.com/contact-us",
    "timestamp": "unknown"
  },
  {
    "title": "Terms of Use",
    "link": "https://www.alkermes.com/terms-of-use",
    "timestamp": "unknown"
  },
  {
    "title": "Privacy Policy",
    "link": "https://www.alkermes.com/privacy-policy",
    "timestamp": "unknown"
  },
  {
    "title": "Sitemap",
    "link": "https://www.alkermes.com/sitemap",
    "timestamp": "unknown"
  }
]