[
  {
    "title": "About UsDiscover AlkermesOur ValuesLeadershipAwards and RecognitionCollaborationsLocationsMedicinesOur FocusDisease AreasInnovative MedicinesThird Par",
    "link": "https://www.alkermes.com/",
    "timestamp": "unknown"
  },
  {
    "title": "About UsDiscover AlkermesOur ValuesLeadershipAwards and RecognitionCollaborationsLocationsMedicinesOur FocusDisease AreasInnovative MedicinesThird Par",
    "link": "https://www.alkermes.com/",
    "timestamp": "unknown"
  },
  {
    "title": "About UsDiscover AlkermesOur ValuesLeadershipAwards and RecognitionCollaborationsLocationsMedicinesOur FocusDisease AreasInnovative MedicinesThird Par",
    "link": "https://www.alkermes.com/",
    "timestamp": "unknown"
  },
  {
    "title": "About UsDiscover AlkermesOur ValuesLeadershipAwards and RecognitionCollaborationsLocationsMedicinesOur FocusDisease AreasInnovative MedicinesThird Par",
    "link": "https://www.alkermes.com/about-us",
    "timestamp": "unknown"
  },
  {
    "title": "About UsDiscover AlkermesOur ValuesLeadershipAwards and RecognitionCollaborationsLocations",
    "link": "https://www.alkermes.com/about-us",
    "timestamp": "unknown"
  },
  {
    "title": "Discover Alkermes",
    "link": "https://www.alkermes.com/about-us#discover-alkermes",
    "timestamp": "unknown"
  },
  {
    "title": "Our Values",
    "link": "https://www.alkermes.com/about-us#our-values",
    "timestamp": "unknown"
  },
  {
    "title": "Leadership",
    "link": "https://www.alkermes.com/about-us/Leadership",
    "timestamp": "unknown"
  },
  {
    "title": "Awards and Recognition",
    "link": "https://www.alkermes.com//about-us/awards-and-recognition",
    "timestamp": "unknown"
  },
  {
    "title": "Collaborations",
    "link": "https://www.alkermes.com/about-us#partnering",
    "timestamp": "unknown"
  },
  {
    "title": "Locations",
    "link": "https://www.alkermes.com/about-us#locations",
    "timestamp": "unknown"
  },
  {
    "title": "MedicinesOur FocusDisease AreasInnovative MedicinesThird Party Medicines",
    "link": "https://www.alkermes.com/medicines",
    "timestamp": "unknown"
  },
  {
    "title": "Our Focus",
    "link": "https://www.alkermes.com/medicines-and-focus#our-focus",
    "timestamp": "unknown"
  },
  {
    "title": "Disease Areas",
    "link": "https://www.alkermes.com/medicines-and-focus#disease-areas",
    "timestamp": "unknown"
  },
  {
    "title": "Innovative Medicines",
    "link": "https://www.alkermes.com//medicines#development",
    "timestamp": "unknown"
  },
  {
    "title": "Third Party Medicines",
    "link": "https://www.alkermes.com//medicines#Third-Party-Products",
    "timestamp": "unknown"
  },
  {
    "title": "R&DPipelineScientific PlatformsTechnologies & CapabilitiesResearch & Medical GrantsClinical TrialsEarly Access",
    "link": "https://www.alkermes.com//research-and-development",
    "timestamp": "unknown"
  },
  {
    "title": "Pipeline",
    "link": "https://www.alkermes.com/research-and-development#pipeline",
    "timestamp": "unknown"
  },
  {
    "title": "Scientific Platforms",
    "link": "https://www.alkermes.com/research-and-development#scientific-platforms",
    "timestamp": "unknown"
  },
  {
    "title": "Technologies & Capabilities",
    "link": "https://www.alkermes.com/research-and-development#technologies",
    "timestamp": "unknown"
  },
  {
    "title": "Research & Medical Grants",
    "link": "https://www.alkermes.com/research-and-development#research-and-medical-grants",
    "timestamp": "unknown"
  },
  {
    "title": "Clinical Trials",
    "link": "https://www.alkermes.com/research-and-development#clinical-trials",
    "timestamp": "unknown"
  },
  {
    "title": "Early Access",
    "link": "https://www.alkermes.com/research-and-development#early-access",
    "timestamp": "unknown"
  },
  {
    "title": "Disease AreasAddictionSerious Mental IllnessSleep Disorders",
    "link": "https://www.alkermes.com//disease-areas",
    "timestamp": "unknown"
  },
  {
    "title": "Addiction",
    "link": "https://www.alkermes.com//disease-areas/addiction",
    "timestamp": "unknown"
  },
  {
    "title": "Serious Mental Illness",
    "link": "https://www.alkermes.com//disease-areas/serious-mental-illness",
    "timestamp": "unknown"
  },
  {
    "title": "Sleep Disorders",
    "link": "https://www.alkermes.com//disease-areas/sleep-disorders",
    "timestamp": "unknown"
  },
  {
    "title": "ResponsibilityCorporate ResponsibilityPatient Engagement & AdvocacyAlkermes Inspiration Grants\u00aeCorporate GivingCorporate Responsibility ReportsPublic ",
    "link": "https://www.alkermes.com/responsibility",
    "timestamp": "unknown"
  },
  {
    "title": "Corporate Responsibility",
    "link": "https://www.alkermes.com/responsibility#corporate-responsibility",
    "timestamp": "unknown"
  },
  {
    "title": "Patient Engagement & Advocacy",
    "link": "https://www.alkermes.com/responsibility/patient-engagement-advocacy",
    "timestamp": "unknown"
  },
  {
    "title": "Alkermes Inspiration Grants\u00ae",
    "link": "https://www.alkermes.com/responsibility/alkermes-inspiration-grants",
    "timestamp": "unknown"
  },
  {
    "title": "Corporate Giving",
    "link": "https://www.alkermes.com/responsibility#corporate-giving",
    "timestamp": "unknown"
  },
  {
    "title": "Corporate Responsibility Reports",
    "link": "https://www.alkermes.com/responsibility#csr",
    "timestamp": "unknown"
  },
  {
    "title": "Public Policy",
    "link": "https://www.alkermes.com/responsibility/public-policy",
    "timestamp": "unknown"
  },
  {
    "title": "Suppliers",
    "link": "https://www.alkermes.com//suppliers",
    "timestamp": "unknown"
  },
  {
    "title": "CareersWorking HereDiversity, Inclusion & BelongingOur CultureBenefitsJoin Our Team",
    "link": "https://www.alkermes.com/careers",
    "timestamp": "unknown"
  },
  {
    "title": "Working Here",
    "link": "https://www.alkermes.com/careers#working-here",
    "timestamp": "unknown"
  },
  {
    "title": "Diversity, Inclusion & Belonging",
    "link": "http://alkermes.com/careers/diversity-inclusion-belonging",
    "timestamp": "unknown"
  },
  {
    "title": "Our Culture",
    "link": "https://www.alkermes.com/careers#our-culture",
    "timestamp": "unknown"
  },
  {
    "title": "Benefits",
    "link": "https://www.alkermes.com/careers#benefits",
    "timestamp": "unknown"
  },
  {
    "title": "Join Our Team",
    "link": "https://www.alkermes.com/careers#join-our-team",
    "timestamp": "unknown"
  },
  {
    "title": "NewsPress ReleasesOur StoriesMedia ResourcesStatementsContact Us",
    "link": "https://www.alkermes.com/news-and-events",
    "timestamp": "unknown"
  },
  {
    "title": "Press Releases",
    "link": "https://investor.alkermes.com/press-releases",
    "timestamp": "unknown"
  },
  {
    "title": "Our Stories",
    "link": "https://www.alkermes.com/news-and-events/our-stories",
    "timestamp": "unknown"
  },
  {
    "title": "Media Resources",
    "link": "https://www.alkermes.com/news-releases#media-resources",
    "timestamp": "unknown"
  },
  {
    "title": "Statements",
    "link": "https://www.alkermes.com/news-releases#statements-and-positions",
    "timestamp": "unknown"
  },
  {
    "title": "Contact Us",
    "link": "https://www.alkermes.com/contact-us",
    "timestamp": "unknown"
  },
  {
    "title": "InvestorsAcquisitionPress ReleasesInvestor Events / PresentationsSEC FilingsAnnual ReportsQuarterly ResultsCorporate GovernanceStock InformationInvest",
    "link": "https://investor.alkermes.com/investor-relations",
    "timestamp": "unknown"
  },
  {
    "title": "Acquisition",
    "link": "https://www.alkermes.com/acquisition",
    "timestamp": "unknown"
  },
  {
    "title": "Press Releases",
    "link": "https://investor.alkermes.com/press-releases",
    "timestamp": "unknown"
  },
  {
    "title": "Investor Events / Presentations",
    "link": "https://investor.alkermes.com/investor-events-presentations",
    "timestamp": "unknown"
  },
  {
    "title": "SEC Filings",
    "link": "https://investor.alkermes.com/sec-filings",
    "timestamp": "unknown"
  },
  {
    "title": "Annual Reports",
    "link": "https://investor.alkermes.com/annual-reports",
    "timestamp": "unknown"
  },
  {
    "title": "Quarterly Results",
    "link": "https://investor.alkermes.com/quarterly-reports",
    "timestamp": "unknown"
  },
  {
    "title": "Corporate Governance",
    "link": "https://investor.alkermes.com/corporate-governance",
    "timestamp": "unknown"
  },
  {
    "title": "Stock Information",
    "link": "https://investor.alkermes.com/stock-information",
    "timestamp": "unknown"
  },
  {
    "title": "Investor Resources",
    "link": "https://investor.alkermes.com/investor-resources",
    "timestamp": "unknown"
  },
  {
    "title": "Email Alerts",
    "link": "https://investor.alkermes.com/email-alerts",
    "timestamp": "unknown"
  },
  {
    "title": "Keyword searchGroup,,Annual FilingsCurrent ReportsMergers & AcquisitionsOtherProxy FilingsQuarterly FilingsRegistration StatementsFiling year- Any -It",
    "link": "https://investor.alkermes.com/sec-filings?items_per_page=&order=field_nir_sec_date_filed&sort=asc",
    "timestamp": "unknown"
  },
  {
    "title": "Keyword searchGroup,,Annual FilingsCurrent ReportsMergers & AcquisitionsOtherProxy FilingsQuarterly FilingsRegistration StatementsFiling year- Any -It",
    "link": "https://investor.alkermes.com/sec-filings?items_per_page=&order=field_nir_sec_date_filed&sort=asc",
    "timestamp": "unknown"
  },
  {
    "title": "Keyword searchGroup,,Annual FilingsCurrent ReportsMergers & AcquisitionsOtherProxy FilingsQuarterly FilingsRegistration StatementsFiling year- Any -It",
    "link": "https://investor.alkermes.com/sec-filings?items_per_page=&order=field_nir_sec_date_filed&sort=asc",
    "timestamp": "unknown"
  },
  {
    "title": "Keyword searchGroup,,Annual FilingsCurrent ReportsMergers & AcquisitionsOtherProxy FilingsQuarterly FilingsRegistration StatementsFiling year- Any -It",
    "link": "https://investor.alkermes.com/sec-filings?items_per_page=&order=field_nir_sec_date_filed&sort=asc",
    "timestamp": "unknown"
  },
  {
    "title": "Keyword searchGroup,,Annual FilingsCurrent ReportsMergers & AcquisitionsOtherProxy FilingsQuarterly FilingsRegistration StatementsFiling year- Any -It",
    "link": "https://investor.alkermes.com/sec-filings?items_per_page=&order=field_nir_sec_date_filed&sort=asc",
    "timestamp": "unknown"
  },
  {
    "title": "Keyword searchGroup,,Annual FilingsCurrent ReportsMergers & AcquisitionsOtherProxy FilingsQuarterly FilingsRegistration StatementsFiling year- Any -It",
    "link": "https://investor.alkermes.com/sec-filings?items_per_page=&order=field_nir_sec_date_filed&sort=asc",
    "timestamp": "unknown"
  },
  {
    "title": "Keyword searchGroup,,Annual FilingsCurrent ReportsMergers & AcquisitionsOtherProxy FilingsQuarterly FilingsRegistration StatementsFiling year- Any -It",
    "link": "https://investor.alkermes.com/sec-filings?items_per_page=&order=field_nir_sec_date_filed&sort=asc",
    "timestamp": "unknown"
  },
  {
    "title": "Keyword searchGroup,,Annual FilingsCurrent ReportsMergers & AcquisitionsOtherProxy FilingsQuarterly FilingsRegistration StatementsFiling year- Any -It",
    "link": "https://investor.alkermes.com/sec-filings?items_per_page=&order=field_nir_sec_date_filed&sort=asc",
    "timestamp": "unknown"
  },
  {
    "title": "Keyword searchGroup,,Annual FilingsCurrent ReportsMergers & AcquisitionsOtherProxy FilingsQuarterly FilingsRegistration StatementsFiling year- Any -It",
    "link": "https://investor.alkermes.com/sec-filings?items_per_page=&order=field_nir_sec_date_filed&sort=asc",
    "timestamp": "unknown"
  },
  {
    "title": "Keyword searchGroup,,Annual FilingsCurrent ReportsMergers & AcquisitionsOtherProxy FilingsQuarterly FilingsRegistration StatementsFiling year- Any -It",
    "link": "https://investor.alkermes.com/sec-filings?items_per_page=&order=field_nir_sec_date_filed&sort=asc",
    "timestamp": "unknown"
  },
  {
    "title": "Keyword searchGroup,,Annual FilingsCurrent ReportsMergers & AcquisitionsOtherProxy FilingsQuarterly FilingsRegistration StatementsFiling year- Any -It",
    "link": "https://investor.alkermes.com/sec-filings?items_per_page=&order=field_nir_sec_date_filed&sort=asc",
    "timestamp": "unknown"
  },
  {
    "title": "Keyword searchGroup,,Annual FilingsCurrent ReportsMergers & AcquisitionsOtherProxy FilingsQuarterly FilingsRegistration StatementsFiling year- Any -It",
    "link": "https://investor.alkermes.com/sec-filings?items_per_page=&order=field_nir_sec_date_filed&sort=asc",
    "timestamp": "unknown"
  },
  {
    "title": "Keyword searchGroup,,Annual FilingsCurrent ReportsMergers & AcquisitionsOtherProxy FilingsQuarterly FilingsRegistration StatementsFiling year- Any -It",
    "link": "https://investor.alkermes.com/sec-filings?items_per_page=&order=field_nir_sec_date_filed&sort=asc",
    "timestamp": "unknown"
  },
  {
    "title": "Keyword searchGroup,,Annual FilingsCurrent ReportsMergers & AcquisitionsOtherProxy FilingsQuarterly FilingsRegistration StatementsFiling year- Any -It",
    "link": "https://investor.alkermes.com/sec-filings?items_per_page=&order=field_nir_sec_date_filed&sort=asc",
    "timestamp": "unknown"
  },
  {
    "title": "Group,,Annual FilingsCurrent ReportsMergers & AcquisitionsOtherProxy FilingsQuarterly FilingsRegistration StatementsFiling year- Any -Items per pageFi",
    "link": "https://investor.alkermes.com/sec-filings?items_per_page=&order=field_nir_sec_date_filed&sort=asc",
    "timestamp": "unknown"
  },
  {
    "title": "Group,,Annual FilingsCurrent ReportsMergers & AcquisitionsOtherProxy FilingsQuarterly FilingsRegistration StatementsFiling year- Any -Items per pageFi",
    "link": "https://investor.alkermes.com/sec-filings?items_per_page=&order=field_nir_sec_date_filed&sort=asc",
    "timestamp": "unknown"
  },
  {
    "title": "Group,,Annual FilingsCurrent ReportsMergers & AcquisitionsOtherProxy FilingsQuarterly FilingsRegistration StatementsFiling year- Any -Items per pageFi",
    "link": "https://investor.alkermes.com/sec-filings?items_per_page=&order=field_nir_sec_date_filed&sort=asc",
    "timestamp": "unknown"
  },
  {
    "title": "Filing dateFormDescriptionView//-KReport of unscheduled material events or corporate eventView HTML--.pdf--.rtf--.xlsEX-.SCH - XBRL TAXONOMY EXTENSION",
    "link": "https://investor.alkermes.com/sec-filings?items_per_page=&order=field_nir_sec_date_filed&sort=asc",
    "timestamp": "unknown"
  },
  {
    "title": "Filing dateFormDescriptionView",
    "link": "https://investor.alkermes.com/sec-filings?items_per_page=&order=field_nir_sec_date_filed&sort=asc",
    "timestamp": "unknown"
  },
  {
    "title": "//-KReport of unscheduled material events or corporate eventView HTML--.pdf--.rtf--.xlsEX-.SCH - XBRL TAXONOMY EXTENSION SCHEMA",
    "link": "https://investor.alkermes.com/sec-filings/sec-filing/-k/--",
    "timestamp": "unknown"
  },
  {
    "title": "--.pdf",
    "link": "https://investor.alkermes.com/static-files/5c4c2d49-2b89--acab-fd68c41571c8",
    "timestamp": "unknown"
  },
  {
    "title": "--.rtf",
    "link": "https://investor.alkermes.com/static-files/a5c9f5c7-b173-464b-aa13-aabdaf4a4f87",
    "timestamp": "unknown"
  },
  {
    "title": "--.xls",
    "link": "https://investor.alkermes.com/static-files/803852ad-db66-4f03--2d6f22dd725e",
    "timestamp": "unknown"
  },
  {
    "title": "//-KReport of unscheduled material events or corporate eventView HTML--.pdf--.rtf--.xlsEX-.SCH - XBRL TAXONOMY EXTENSION SCHEMA",
    "link": "https://investor.alkermes.com/sec-filings/sec-filing/-k/--",
    "timestamp": "unknown"
  },
  {
    "title": "--.pdf",
    "link": "https://investor.alkermes.com/static-files/948ac23b-bb5b--9f70-93fa5cde9f0b",
    "timestamp": "unknown"
  },
  {
    "title": "--.rtf",
    "link": "https://investor.alkermes.com/static-files/62cc9153-08c1-48e0-a5d4-b82df62664fc",
    "timestamp": "unknown"
  },
  {
    "title": "--.xls",
    "link": "https://investor.alkermes.com/static-files/bd147194-e04e-47be-a42e-fdde0dec32ba",
    "timestamp": "unknown"
  },
  {
    "title": "//SCHEDULE 13GSCHEDULE 13G - DescriptionView HTML--.pdf--.rtf--.xls",
    "link": "https://investor.alkermes.com/sec-filings/sec-filing/schedule-13g/--",
    "timestamp": "unknown"
  },
  {
    "title": "--.pdf",
    "link": "https://investor.alkermes.com/static-files/9a129884-acba-4b50-8c7b-26e9ae47bea7",
    "timestamp": "unknown"
  },
  {
    "title": "--.rtf",
    "link": "https://investor.alkermes.com/static-files/f5e7d69a-1ddf-4dc2-b11c-102b50ac8c85",
    "timestamp": "unknown"
  },
  {
    "title": "--.xls",
    "link": "https://investor.alkermes.com/static-files/1ae3857e-ff07-4af5-b07a-ed8887c43455",
    "timestamp": "unknown"
  },
  {
    "title": "//Filed by \"insiders\" prior intended sale of restricted stock.View HTML--.pdf--.rtf--.xls",
    "link": "https://investor.alkermes.com/sec-filings/sec-filing//--",
    "timestamp": "unknown"
  },
  {
    "title": "--.pdf",
    "link": "https://investor.alkermes.com/static-files/e1bf91c7-af04-42ee-b0a9-b0cca979e329",
    "timestamp": "unknown"
  },
  {
    "title": "--.rtf",
    "link": "https://investor.alkermes.com/static-files/70236da5-e439--93c4-51eca24202c5",
    "timestamp": "unknown"
  },
  {
    "title": "--.xls",
    "link": "https://investor.alkermes.com/static-files/a7df306b-4a5d-4b6d-94e3-0a6a2d93f2b0",
    "timestamp": "unknown"
  },
  {
    "title": "//Statement of changes in beneficial ownership of securitiesView HTML--.pdf--.rtf--.xls",
    "link": "https://investor.alkermes.com/sec-filings/sec-filing//--",
    "timestamp": "unknown"
  },
  {
    "title": "--.pdf",
    "link": "https://investor.alkermes.com/static-files/2e25e14a-39af-47b1-a7e5-d7e152a47e8d",
    "timestamp": "unknown"
  },
  {
    "title": "--.rtf",
    "link": "https://investor.alkermes.com/static-files/82b12d0f-772a-453d-bfda-e58e1f2a94d2",
    "timestamp": "unknown"
  },
  {
    "title": "--.xls",
    "link": "https://investor.alkermes.com/static-files/5e34e525---8a9a-df8798388c68",
    "timestamp": "unknown"
  },
  {
    "title": "//-KReport of unscheduled material events or corporate eventView HTML--.pdf--.rtf--.xlsEX-.SCH - XBRL TAXONOMY EXTENSION SCHEMA",
    "link": "https://investor.alkermes.com/sec-filings/sec-filing/-k/--",
    "timestamp": "unknown"
  },
  {
    "title": "--.pdf",
    "link": "https://investor.alkermes.com/static-files/3e574e0b-eb24-43a0-baf7-33e880d3390d",
    "timestamp": "unknown"
  },
  {
    "title": "--.rtf",
    "link": "https://investor.alkermes.com/static-files/15aafc82-f757-47fc-b45b-d52300d68cd6",
    "timestamp": "unknown"
  },
  {
    "title": "--.xls",
    "link": "https://investor.alkermes.com/static-files/36cd9fef--4aba-a1a7-939b09965979",
    "timestamp": "unknown"
  },
  {
    "title": "//-QQuarterly report which provides a continuing view of a company's financial positionView HTML--.pdf--.rtf--.xlsEX-.SCH - XBRL TAXONOMY EXTENSION SC",
    "link": "https://investor.alkermes.com/sec-filings/sec-filing/-q/--",
    "timestamp": "unknown"
  },
  {
    "title": "--.pdf",
    "link": "https://investor.alkermes.com/static-files/287a3d9d---9f2c-d408d8867ed1",
    "timestamp": "unknown"
  },
  {
    "title": "--.rtf",
    "link": "https://investor.alkermes.com/static-files/69a9d072-f66a-42c9-8b95-49265ad27794",
    "timestamp": "unknown"
  },
  {
    "title": "--.xls",
    "link": "https://investor.alkermes.com/static-files/1b345c0e-65a4--865d-194fc407f231",
    "timestamp": "unknown"
  },
  {
    "title": "//-KReport of unscheduled material events or corporate eventView HTML--.pdf--.rtf--.xlsEX-.SCH - XBRL TAXONOMY EXTENSION SCHEMA",
    "link": "https://investor.alkermes.com/sec-filings/sec-filing/-k/--",
    "timestamp": "unknown"
  },
  {
    "title": "--.pdf",
    "link": "https://investor.alkermes.com/static-files/ed974f38-b680--9b08-2d19c4c39052",
    "timestamp": "unknown"
  },
  {
    "title": "--.rtf",
    "link": "https://investor.alkermes.com/static-files/36a665c2--4fd5-b3d7-c5b58678967e",
    "timestamp": "unknown"
  },
  {
    "title": "--.xls",
    "link": "https://investor.alkermes.com/static-files/adba0513-44a9--86d8-f043fd250bed",
    "timestamp": "unknown"
  },
  {
    "title": "//Filed by \"insiders\" prior intended sale of restricted stock.View HTML--.pdf--.rtf--.xls",
    "link": "https://investor.alkermes.com/sec-filings/sec-filing//--",
    "timestamp": "unknown"
  },
  {
    "title": "--.pdf",
    "link": "https://investor.alkermes.com/static-files/c29f9f17-127c-40f0-bbc1-d8816f878143",
    "timestamp": "unknown"
  },
  {
    "title": "--.rtf",
    "link": "https://investor.alkermes.com/static-files/cc052b3f-7a7c-441d-abd1-592e6fc3e7fc",
    "timestamp": "unknown"
  },
  {
    "title": "--.xls",
    "link": "https://investor.alkermes.com/static-files/f1955608-bfc7-498c-989f-bbbba2f210d0",
    "timestamp": "unknown"
  },
  {
    "title": "//Statement of changes in beneficial ownership of securitiesView HTML--.pdf--.rtf--.xls",
    "link": "https://investor.alkermes.com/sec-filings/sec-filing//--",
    "timestamp": "unknown"
  },
  {
    "title": "--.pdf",
    "link": "https://investor.alkermes.com/static-files/2464d960-bafb---a6babe6ed530",
    "timestamp": "unknown"
  },
  {
    "title": "--.rtf",
    "link": "https://investor.alkermes.com/static-files/79343be8--42cc--34559835d072",
    "timestamp": "unknown"
  },
  {
    "title": "--.xls",
    "link": "https://investor.alkermes.com/static-files/e5d267a2-c62c-42af-9d24-cef2f18aa103",
    "timestamp": "unknown"
  },
  {
    "title": "Current page",
    "link": "https://investor.alkermes.com/sec-filings?&field_nir_sec_cik_target_id=&field_nir_sec_date_filed_value=&&&items_per_page_toggle=&page=",
    "timestamp": "unknown"
  },
  {
    "title": "Page",
    "link": "https://investor.alkermes.com/sec-filings?&field_nir_sec_cik_target_id=&field_nir_sec_date_filed_value=&&&items_per_page_toggle=&page=",
    "timestamp": "unknown"
  },
  {
    "title": "Page",
    "link": "https://investor.alkermes.com/sec-filings?&field_nir_sec_cik_target_id=&field_nir_sec_date_filed_value=&&&items_per_page_toggle=&page=",
    "timestamp": "unknown"
  },
  {
    "title": "Page",
    "link": "https://investor.alkermes.com/sec-filings?&field_nir_sec_cik_target_id=&field_nir_sec_date_filed_value=&&&items_per_page_toggle=&page=",
    "timestamp": "unknown"
  },
  {
    "title": "Page",
    "link": "https://investor.alkermes.com/sec-filings?&field_nir_sec_cik_target_id=&field_nir_sec_date_filed_value=&&&items_per_page_toggle=&page=",
    "timestamp": "unknown"
  },
  {
    "title": "Page",
    "link": "https://investor.alkermes.com/sec-filings?&field_nir_sec_cik_target_id=&field_nir_sec_date_filed_value=&&&items_per_page_toggle=&page=",
    "timestamp": "unknown"
  },
  {
    "title": "Page",
    "link": "https://investor.alkermes.com/sec-filings?&field_nir_sec_cik_target_id=&field_nir_sec_date_filed_value=&&&items_per_page_toggle=&page=",
    "timestamp": "unknown"
  },
  {
    "title": "Page",
    "link": "https://investor.alkermes.com/sec-filings?&field_nir_sec_cik_target_id=&field_nir_sec_date_filed_value=&&&items_per_page_toggle=&page=",
    "timestamp": "unknown"
  },
  {
    "title": "Page",
    "link": "https://investor.alkermes.com/sec-filings?&field_nir_sec_cik_target_id=&field_nir_sec_date_filed_value=&&&items_per_page_toggle=&page=",
    "timestamp": "unknown"
  },
  {
    "title": "Next pageNext \u203a",
    "link": "https://investor.alkermes.com/sec-filings?&field_nir_sec_cik_target_id=&field_nir_sec_date_filed_value=&&&items_per_page_toggle=&page=",
    "timestamp": "unknown"
  },
  {
    "title": "Last pageLast \u00bb",
    "link": "https://investor.alkermes.com/sec-filings?&field_nir_sec_cik_target_id=&field_nir_sec_date_filed_value=&&&items_per_page_toggle=&page=",
    "timestamp": "unknown"
  },
  {
    "title": "Data provided byKaleidoscope.",
    "link": "https://www.kscope.io",
    "timestamp": "unknown"
  },
  {
    "title": "Data provided byKaleidoscope.",
    "link": "https://www.kscope.io",
    "timestamp": "unknown"
  },
  {
    "title": "Investor ToolsPrint PageContact UsRSSEmail Alerts",
    "link": "https://investor.alkermes.com/sec-filings",
    "timestamp": "unknown"
  },
  {
    "title": "Investor ToolsPrint PageContact UsRSSEmail Alerts",
    "link": "https://investor.alkermes.com/sec-filings",
    "timestamp": "unknown"
  },
  {
    "title": "Investor ToolsPrint PageContact UsRSSEmail Alerts",
    "link": "https://investor.alkermes.com/sec-filings",
    "timestamp": "unknown"
  },
  {
    "title": "Investor ToolsPrint PageContact UsRSSEmail Alerts",
    "link": "https://investor.alkermes.com/sec-filings",
    "timestamp": "unknown"
  },
  {
    "title": "Print PageContact UsRSSEmail Alerts",
    "link": "https://investor.alkermes.com/sec-filings",
    "timestamp": "unknown"
  },
  {
    "title": "Print PageContact UsRSSEmail Alerts",
    "link": "https://investor.alkermes.com/sec-filings",
    "timestamp": "unknown"
  },
  {
    "title": "Print Page",
    "link": "https://investor.alkermes.com/sec-filings",
    "timestamp": "unknown"
  },
  {
    "title": "Contact Us",
    "link": "https://www.alkermes.com/contact-us",
    "timestamp": "unknown"
  },
  {
    "title": "RSS",
    "link": "https://investor.alkermes.com/shareholder-services/rss-feeds",
    "timestamp": "unknown"
  },
  {
    "title": "Email Alerts",
    "link": "https://investor.alkermes.com/email-alerts",
    "timestamp": "unknown"
  },
  {
    "title": "Contact UsTerms of UsePrivacy PolicySitemap",
    "link": "https://www.alkermes.com/",
    "timestamp": "unknown"
  },
  {
    "title": "Contact UsTerms of UsePrivacy PolicySitemap",
    "link": "https://www.alkermes.com/",
    "timestamp": "unknown"
  },
  {
    "title": "Contact Us",
    "link": "https://www.alkermes.com/contact-us",
    "timestamp": "unknown"
  },
  {
    "title": "Terms of Use",
    "link": "https://www.alkermes.com/terms-of-use",
    "timestamp": "unknown"
  },
  {
    "title": "Privacy Policy",
    "link": "https://www.alkermes.com/privacy-policy",
    "timestamp": "unknown"
  },
  {
    "title": "Sitemap",
    "link": "https://www.alkermes.com/sitemap",
    "timestamp": "unknown"
  }
]