[
  {
    "title": "About UsDiscover AlkermesOur ValuesLeadershipAwards and RecognitionCollaborationsLocationsMedicinesOur FocusDisease AreasInnovative MedicinesThird Par",
    "link": "https://www.alkermes.com/",
    "timestamp": "unknown"
  },
  {
    "title": "About UsDiscover AlkermesOur ValuesLeadershipAwards and RecognitionCollaborationsLocationsMedicinesOur FocusDisease AreasInnovative MedicinesThird Par",
    "link": "https://www.alkermes.com/",
    "timestamp": "unknown"
  },
  {
    "title": "About UsDiscover AlkermesOur ValuesLeadershipAwards and RecognitionCollaborationsLocationsMedicinesOur FocusDisease AreasInnovative MedicinesThird Par",
    "link": "https://www.alkermes.com/",
    "timestamp": "unknown"
  },
  {
    "title": "About UsDiscover AlkermesOur ValuesLeadershipAwards and RecognitionCollaborationsLocationsMedicinesOur FocusDisease AreasInnovative MedicinesThird Par",
    "link": "https://www.alkermes.com/about-us",
    "timestamp": "unknown"
  },
  {
    "title": "About UsDiscover AlkermesOur ValuesLeadershipAwards and RecognitionCollaborationsLocations",
    "link": "https://www.alkermes.com/about-us",
    "timestamp": "unknown"
  },
  {
    "title": "Discover Alkermes",
    "link": "https://www.alkermes.com/about-us#discover-alkermes",
    "timestamp": "unknown"
  },
  {
    "title": "Our Values",
    "link": "https://www.alkermes.com/about-us#our-values",
    "timestamp": "unknown"
  },
  {
    "title": "Leadership",
    "link": "https://www.alkermes.com/about-us/Leadership",
    "timestamp": "unknown"
  },
  {
    "title": "Awards and Recognition",
    "link": "https://www.alkermes.com//about-us/awards-and-recognition",
    "timestamp": "unknown"
  },
  {
    "title": "Collaborations",
    "link": "https://www.alkermes.com/about-us#partnering",
    "timestamp": "unknown"
  },
  {
    "title": "Locations",
    "link": "https://www.alkermes.com/about-us#locations",
    "timestamp": "unknown"
  },
  {
    "title": "MedicinesOur FocusDisease AreasInnovative MedicinesThird Party Medicines",
    "link": "https://www.alkermes.com/medicines",
    "timestamp": "unknown"
  },
  {
    "title": "Our Focus",
    "link": "https://www.alkermes.com/medicines-and-focus#our-focus",
    "timestamp": "unknown"
  },
  {
    "title": "Disease Areas",
    "link": "https://www.alkermes.com/medicines-and-focus#disease-areas",
    "timestamp": "unknown"
  },
  {
    "title": "Innovative Medicines",
    "link": "https://www.alkermes.com//medicines#development",
    "timestamp": "unknown"
  },
  {
    "title": "Third Party Medicines",
    "link": "https://www.alkermes.com//medicines#Third-Party-Products",
    "timestamp": "unknown"
  },
  {
    "title": "R&DPipelineScientific PlatformsTechnologies & CapabilitiesResearch & Medical GrantsClinical TrialsEarly Access",
    "link": "https://www.alkermes.com//research-and-development",
    "timestamp": "unknown"
  },
  {
    "title": "Pipeline",
    "link": "https://www.alkermes.com/research-and-development#pipeline",
    "timestamp": "unknown"
  },
  {
    "title": "Scientific Platforms",
    "link": "https://www.alkermes.com/research-and-development#scientific-platforms",
    "timestamp": "unknown"
  },
  {
    "title": "Technologies & Capabilities",
    "link": "https://www.alkermes.com/research-and-development#technologies",
    "timestamp": "unknown"
  },
  {
    "title": "Research & Medical Grants",
    "link": "https://www.alkermes.com/research-and-development#research-and-medical-grants",
    "timestamp": "unknown"
  },
  {
    "title": "Clinical Trials",
    "link": "https://www.alkermes.com/research-and-development#clinical-trials",
    "timestamp": "unknown"
  },
  {
    "title": "Early Access",
    "link": "https://www.alkermes.com/research-and-development#early-access",
    "timestamp": "unknown"
  },
  {
    "title": "Disease AreasAddictionSerious Mental IllnessSleep Disorders",
    "link": "https://www.alkermes.com//disease-areas",
    "timestamp": "unknown"
  },
  {
    "title": "Addiction",
    "link": "https://www.alkermes.com//disease-areas/addiction",
    "timestamp": "unknown"
  },
  {
    "title": "Serious Mental Illness",
    "link": "https://www.alkermes.com//disease-areas/serious-mental-illness",
    "timestamp": "unknown"
  },
  {
    "title": "Sleep Disorders",
    "link": "https://www.alkermes.com//disease-areas/sleep-disorders",
    "timestamp": "unknown"
  },
  {
    "title": "ResponsibilityCorporate ResponsibilityPatient Engagement & AdvocacyAlkermes Inspiration Grants\u00aeCorporate GivingCorporate Responsibility ReportsPublic ",
    "link": "https://www.alkermes.com/responsibility",
    "timestamp": "unknown"
  },
  {
    "title": "Corporate Responsibility",
    "link": "https://www.alkermes.com/responsibility#corporate-responsibility",
    "timestamp": "unknown"
  },
  {
    "title": "Patient Engagement & Advocacy",
    "link": "https://www.alkermes.com/responsibility/patient-engagement-advocacy",
    "timestamp": "unknown"
  },
  {
    "title": "Alkermes Inspiration Grants\u00ae",
    "link": "https://www.alkermes.com/responsibility/alkermes-inspiration-grants",
    "timestamp": "unknown"
  },
  {
    "title": "Corporate Giving",
    "link": "https://www.alkermes.com/responsibility#corporate-giving",
    "timestamp": "unknown"
  },
  {
    "title": "Corporate Responsibility Reports",
    "link": "https://www.alkermes.com/responsibility#csr",
    "timestamp": "unknown"
  },
  {
    "title": "Public Policy",
    "link": "https://www.alkermes.com/responsibility/public-policy",
    "timestamp": "unknown"
  },
  {
    "title": "Suppliers",
    "link": "https://www.alkermes.com//suppliers",
    "timestamp": "unknown"
  },
  {
    "title": "CareersWorking HereDiversity, Inclusion & BelongingOur CultureBenefitsJoin Our Team",
    "link": "https://www.alkermes.com/careers",
    "timestamp": "unknown"
  },
  {
    "title": "Working Here",
    "link": "https://www.alkermes.com/careers#working-here",
    "timestamp": "unknown"
  },
  {
    "title": "Diversity, Inclusion & Belonging",
    "link": "http://alkermes.com/careers/diversity-inclusion-belonging",
    "timestamp": "unknown"
  },
  {
    "title": "Our Culture",
    "link": "https://www.alkermes.com/careers#our-culture",
    "timestamp": "unknown"
  },
  {
    "title": "Benefits",
    "link": "https://www.alkermes.com/careers#benefits",
    "timestamp": "unknown"
  },
  {
    "title": "Join Our Team",
    "link": "https://www.alkermes.com/careers#join-our-team",
    "timestamp": "unknown"
  },
  {
    "title": "NewsPress ReleasesOur StoriesMedia ResourcesStatementsContact Us",
    "link": "https://www.alkermes.com/news-and-events",
    "timestamp": "unknown"
  },
  {
    "title": "Press Releases",
    "link": "https://investor.alkermes.com/press-releases",
    "timestamp": "unknown"
  },
  {
    "title": "Our Stories",
    "link": "https://www.alkermes.com/news-and-events/our-stories",
    "timestamp": "unknown"
  },
  {
    "title": "Media Resources",
    "link": "https://www.alkermes.com/news-releases#media-resources",
    "timestamp": "unknown"
  },
  {
    "title": "Statements",
    "link": "https://www.alkermes.com/news-releases#statements-and-positions",
    "timestamp": "unknown"
  },
  {
    "title": "Contact Us",
    "link": "https://www.alkermes.com/contact-us",
    "timestamp": "unknown"
  },
  {
    "title": "InvestorsAcquisitionPress ReleasesInvestor Events / PresentationsSEC FilingsAnnual ReportsQuarterly ResultsCorporate GovernanceStock InformationInvest",
    "link": "https://investor.alkermes.com/investor-relations",
    "timestamp": "unknown"
  },
  {
    "title": "Acquisition",
    "link": "https://www.alkermes.com/acquisition",
    "timestamp": "unknown"
  },
  {
    "title": "Press Releases",
    "link": "https://investor.alkermes.com/press-releases",
    "timestamp": "unknown"
  },
  {
    "title": "Investor Events / Presentations",
    "link": "https://investor.alkermes.com/investor-events-presentations",
    "timestamp": "unknown"
  },
  {
    "title": "SEC Filings",
    "link": "https://investor.alkermes.com/sec-filings",
    "timestamp": "unknown"
  },
  {
    "title": "Annual Reports",
    "link": "https://investor.alkermes.com/annual-reports",
    "timestamp": "unknown"
  },
  {
    "title": "Quarterly Results",
    "link": "https://investor.alkermes.com/quarterly-reports",
    "timestamp": "unknown"
  },
  {
    "title": "Corporate Governance",
    "link": "https://investor.alkermes.com/corporate-governance",
    "timestamp": "unknown"
  },
  {
    "title": "Stock Information",
    "link": "https://investor.alkermes.com/stock-information",
    "timestamp": "unknown"
  },
  {
    "title": "Investor Resources",
    "link": "https://investor.alkermes.com/investor-resources",
    "timestamp": "unknown"
  },
  {
    "title": "Email Alerts",
    "link": "https://investor.alkermes.com/email-alerts",
    "timestamp": "unknown"
  },
  {
    "title": "PresentationsMore information is coming soon.Upcoming Events//ESTQ4  Alkermes plc Earnings Conference CallListen to WebcastAdd to calendar:Add to Outl",
    "link": "https://investor.alkermes.com/events/event-details/q4--alkermes-plc-earnings-conference-call",
    "timestamp": "unknown"
  },
  {
    "title": "PresentationsMore information is coming soon.Upcoming Events//ESTQ4  Alkermes plc Earnings Conference CallListen to WebcastAdd to calendar:Add to Outl",
    "link": "https://investor.alkermes.com/events/event-details/q4--alkermes-plc-earnings-conference-call",
    "timestamp": "unknown"
  },
  {
    "title": "PresentationsMore information is coming soon.Upcoming Events//ESTQ4  Alkermes plc Earnings Conference CallListen to WebcastAdd to calendar:Add to Outl",
    "link": "https://investor.alkermes.com/events/event-details/q4--alkermes-plc-earnings-conference-call",
    "timestamp": "unknown"
  },
  {
    "title": "PresentationsMore information is coming soon.Upcoming Events//ESTQ4  Alkermes plc Earnings Conference CallListen to WebcastAdd to calendar:Add to Outl",
    "link": "https://investor.alkermes.com/events/event-details/q4--alkermes-plc-earnings-conference-call",
    "timestamp": "unknown"
  },
  {
    "title": "PresentationsMore information is coming soon.Upcoming Events//ESTQ4  Alkermes plc Earnings Conference CallListen to WebcastAdd to calendar:Add to Outl",
    "link": "https://investor.alkermes.com/events/event-details/q4--alkermes-plc-earnings-conference-call",
    "timestamp": "unknown"
  },
  {
    "title": "PresentationsMore information is coming soon.Upcoming Events//ESTQ4  Alkermes plc Earnings Conference CallListen to WebcastAdd to calendar:Add to Outl",
    "link": "https://investor.alkermes.com/events/event-details/q4--alkermes-plc-earnings-conference-call",
    "timestamp": "unknown"
  },
  {
    "title": "PresentationsMore information is coming soon.Upcoming Events//ESTQ4  Alkermes plc Earnings Conference CallListen to WebcastAdd to calendar:Add to Outl",
    "link": "https://investor.alkermes.com/events/event-details/q4--alkermes-plc-earnings-conference-call",
    "timestamp": "unknown"
  },
  {
    "title": "PresentationsMore information is coming soon.Upcoming Events//ESTQ4  Alkermes plc Earnings Conference CallListen to WebcastAdd to calendar:Add to Outl",
    "link": "https://investor.alkermes.com/events/event-details/q4--alkermes-plc-earnings-conference-call",
    "timestamp": "unknown"
  },
  {
    "title": "PresentationsMore information is coming soon.Upcoming Events//ESTQ4  Alkermes plc Earnings Conference CallListen to WebcastAdd to calendar:Add to Outl",
    "link": "https://investor.alkermes.com/events/event-details/q4--alkermes-plc-earnings-conference-call",
    "timestamp": "unknown"
  },
  {
    "title": "PresentationsMore information is coming soon.Upcoming Events//ESTQ4  Alkermes plc Earnings Conference CallListen to WebcastAdd to calendar:Add to Outl",
    "link": "https://investor.alkermes.com/events/event-details/q4--alkermes-plc-earnings-conference-call",
    "timestamp": "unknown"
  },
  {
    "title": "PresentationsMore information is coming soon.Upcoming Events//ESTQ4  Alkermes plc Earnings Conference CallListen to WebcastAdd to calendar:Add to Outl",
    "link": "https://investor.alkermes.com/events/event-details/q4--alkermes-plc-earnings-conference-call",
    "timestamp": "unknown"
  },
  {
    "title": "PresentationsMore information is coming soon.Upcoming Events//ESTQ4  Alkermes plc Earnings Conference CallListen to WebcastAdd to calendar:Add to Outl",
    "link": "https://investor.alkermes.com/events/event-details/q4--alkermes-plc-earnings-conference-call",
    "timestamp": "unknown"
  },
  {
    "title": "PresentationsMore information is coming soon.Upcoming Events//ESTQ4  Alkermes plc Earnings Conference CallListen to WebcastAdd to calendar:Add to Outl",
    "link": "https://investor.alkermes.com/events/event-details/q4--alkermes-plc-earnings-conference-call",
    "timestamp": "unknown"
  },
  {
    "title": "PresentationsMore information is coming soon.Upcoming Events//ESTQ4  Alkermes plc Earnings Conference CallListen to WebcastAdd to calendar:Add to Outl",
    "link": "https://investor.alkermes.com/events/event-details/q4--alkermes-plc-earnings-conference-call",
    "timestamp": "unknown"
  },
  {
    "title": "Upcoming Events//ESTQ4  Alkermes plc Earnings Conference CallListen to WebcastAdd to calendar:Add to OutlookAdd to Google Calendar",
    "link": "https://investor.alkermes.com/events/event-details/q4--alkermes-plc-earnings-conference-call",
    "timestamp": "unknown"
  },
  {
    "title": "Upcoming Events//ESTQ4  Alkermes plc Earnings Conference CallListen to WebcastAdd to calendar:Add to OutlookAdd to Google Calendar",
    "link": "https://investor.alkermes.com/events/event-details/q4--alkermes-plc-earnings-conference-call",
    "timestamp": "unknown"
  },
  {
    "title": "//ESTQ4  Alkermes plc Earnings Conference CallListen to WebcastAdd to calendar:Add to OutlookAdd to Google Calendar",
    "link": "https://investor.alkermes.com/events/event-details/q4--alkermes-plc-earnings-conference-call",
    "timestamp": "unknown"
  },
  {
    "title": "//ESTQ4  Alkermes plc Earnings Conference CallListen to WebcastAdd to calendar:Add to OutlookAdd to Google Calendar",
    "link": "https://investor.alkermes.com/events/event-details/q4--alkermes-plc-earnings-conference-call",
    "timestamp": "unknown"
  },
  {
    "title": "//ESTQ4  Alkermes plc Earnings Conference CallListen to WebcastAdd to calendar:Add to OutlookAdd to Google Calendar",
    "link": "https://investor.alkermes.com/events/event-details/q4--alkermes-plc-earnings-conference-call",
    "timestamp": "unknown"
  },
  {
    "title": "//ESTQ4  Alkermes plc Earnings Conference CallListen to WebcastAdd to calendar:Add to OutlookAdd to Google Calendar",
    "link": "https://investor.alkermes.com/events/event-details/q4--alkermes-plc-earnings-conference-call",
    "timestamp": "unknown"
  },
  {
    "title": "//ESTQ4  Alkermes plc Earnings Conference CallListen to WebcastAdd to calendar:Add to OutlookAdd to Google Calendar",
    "link": "https://investor.alkermes.com/events/event-details/q4--alkermes-plc-earnings-conference-call",
    "timestamp": "unknown"
  },
  {
    "title": "//ESTQ4  Alkermes plc Earnings Conference CallListen to WebcastAdd to calendar:Add to OutlookAdd to Google Calendar",
    "link": "https://investor.alkermes.com/events/event-details/q4--alkermes-plc-earnings-conference-call",
    "timestamp": "unknown"
  },
  {
    "title": "Q4  Alkermes plc Earnings Conference CallListen to WebcastAdd to calendar:Add to OutlookAdd to Google Calendar",
    "link": "https://investor.alkermes.com/events/event-details/q4--alkermes-plc-earnings-conference-call",
    "timestamp": "unknown"
  },
  {
    "title": "Q4  Alkermes plc Earnings Conference Call",
    "link": "https://investor.alkermes.com/events/event-details/q4--alkermes-plc-earnings-conference-call",
    "timestamp": "unknown"
  },
  {
    "title": "Q4  Alkermes plc Earnings Conference Call",
    "link": "https://investor.alkermes.com/events/event-details/q4--alkermes-plc-earnings-conference-call",
    "timestamp": "unknown"
  },
  {
    "title": "Listen to Webcast",
    "link": "https://edge.media-server.com/mmc/p/smtjf672",
    "timestamp": "unknown"
  },
  {
    "title": "Listen to Webcast",
    "link": "https://edge.media-server.com/mmc/p/smtjf672",
    "timestamp": "unknown"
  },
  {
    "title": "Listen to Webcast",
    "link": "https://edge.media-server.com/mmc/p/smtjf672",
    "timestamp": "unknown"
  },
  {
    "title": "Listen to Webcast",
    "link": "https://edge.media-server.com/mmc/p/smtjf672",
    "timestamp": "unknown"
  },
  {
    "title": "Add to calendar:Add to OutlookAdd to Google Calendar",
    "link": "https://investor.alkermes.com/node//ics",
    "timestamp": "unknown"
  },
  {
    "title": "Add to calendar:Add to OutlookAdd to Google Calendar",
    "link": "https://investor.alkermes.com/node//ics",
    "timestamp": "unknown"
  },
  {
    "title": "Add to OutlookAdd to Google Calendar",
    "link": "https://investor.alkermes.com/node//ics",
    "timestamp": "unknown"
  },
  {
    "title": "Add to Outlook",
    "link": "https://investor.alkermes.com/node//ics",
    "timestamp": "unknown"
  },
  {
    "title": "Add to Outlook",
    "link": "https://investor.alkermes.com/node//ics",
    "timestamp": "unknown"
  },
  {
    "title": "Add to Outlook",
    "link": "https://investor.alkermes.com/node//ics",
    "timestamp": "unknown"
  },
  {
    "title": "Add to Google Calendar",
    "link": "https://www.google.com/calendar/render?action=TEMPLATE&text=Alkermes%20plc%-%20Q4%%20Alkermes%20plc%20Earnings%20Conference%20Call&dates=20260225T130000Z/20260225T130000Z&details=Event%20Details%3A%20https%3A//investor.alkermes.com/events/event-details/q4--alkermes-plc-earnings-conference-call%0A%0AWebcast%3A%20https%3A//edge.media-server.com/mmc/p/smtjf672&location=&trp=false&sprop=name%3A",
    "timestamp": "unknown"
  },
  {
    "title": "Add to Google Calendar",
    "link": "https://www.google.com/calendar/render?action=TEMPLATE&text=Alkermes%20plc%-%20Q4%%20Alkermes%20plc%20Earnings%20Conference%20Call&dates=20260225T130000Z/20260225T130000Z&details=Event%20Details%3A%20https%3A//investor.alkermes.com/events/event-details/q4--alkermes-plc-earnings-conference-call%0A%0AWebcast%3A%20https%3A//edge.media-server.com/mmc/p/smtjf672&location=&trp=false&sprop=name%3A",
    "timestamp": "unknown"
  },
  {
    "title": "Add to Google Calendar",
    "link": "https://www.google.com/calendar/render?action=TEMPLATE&text=Alkermes%20plc%-%20Q4%%20Alkermes%20plc%20Earnings%20Conference%20Call&dates=20260225T130000Z/20260225T130000Z&details=Event%20Details%3A%20https%3A//investor.alkermes.com/events/event-details/q4--alkermes-plc-earnings-conference-call%0A%0AWebcast%3A%20https%3A//edge.media-server.com/mmc/p/smtjf672&location=&trp=false&sprop=name%3A",
    "timestamp": "unknown"
  },
  {
    "title": "Past Events//EST44th Annual J.P. Morgan Healthcare Conference44th Annual J.P. Morgan Healthcare Conference PresentationMB//ESTPiper Sandler 37th Annua",
    "link": "https://investor.alkermes.com/events/event-details/44th-annual-jp-morgan-healthcare-conference",
    "timestamp": "unknown"
  },
  {
    "title": "Past Events//EST44th Annual J.P. Morgan Healthcare Conference44th Annual J.P. Morgan Healthcare Conference PresentationMB//ESTPiper Sandler 37th Annua",
    "link": "https://investor.alkermes.com/events/event-details/44th-annual-jp-morgan-healthcare-conference",
    "timestamp": "unknown"
  },
  {
    "title": "//EST44th Annual J.P. Morgan Healthcare Conference44th Annual J.P. Morgan Healthcare Conference PresentationMB//ESTPiper Sandler 37th Annual Healthcar",
    "link": "https://investor.alkermes.com/events/event-details/44th-annual-jp-morgan-healthcare-conference",
    "timestamp": "unknown"
  },
  {
    "title": "//EST44th Annual J.P. Morgan Healthcare Conference44th Annual J.P. Morgan Healthcare Conference PresentationMB//ESTPiper Sandler 37th Annual Healthcar",
    "link": "https://investor.alkermes.com/events/event-details/44th-annual-jp-morgan-healthcare-conference",
    "timestamp": "unknown"
  },
  {
    "title": "//EST44th Annual J.P. Morgan Healthcare Conference44th Annual J.P. Morgan Healthcare Conference PresentationMB//ESTPiper Sandler 37th Annual Healthcar",
    "link": "https://investor.alkermes.com/events/event-details/44th-annual-jp-morgan-healthcare-conference",
    "timestamp": "unknown"
  },
  {
    "title": "//EST44th Annual J.P. Morgan Healthcare Conference44th Annual J.P. Morgan Healthcare Conference PresentationMB",
    "link": "https://investor.alkermes.com/events/event-details/44th-annual-jp-morgan-healthcare-conference",
    "timestamp": "unknown"
  },
  {
    "title": "//EST44th Annual J.P. Morgan Healthcare Conference44th Annual J.P. Morgan Healthcare Conference PresentationMB",
    "link": "https://investor.alkermes.com/events/event-details/44th-annual-jp-morgan-healthcare-conference",
    "timestamp": "unknown"
  },
  {
    "title": "//EST44th Annual J.P. Morgan Healthcare Conference44th Annual J.P. Morgan Healthcare Conference PresentationMB",
    "link": "https://investor.alkermes.com/events/event-details/44th-annual-jp-morgan-healthcare-conference",
    "timestamp": "unknown"
  },
  {
    "title": "44th Annual J.P. Morgan Healthcare Conference44th Annual J.P. Morgan Healthcare Conference PresentationMB",
    "link": "https://investor.alkermes.com/events/event-details/44th-annual-jp-morgan-healthcare-conference",
    "timestamp": "unknown"
  },
  {
    "title": "44th Annual J.P. Morgan Healthcare Conference",
    "link": "https://investor.alkermes.com/events/event-details/44th-annual-jp-morgan-healthcare-conference",
    "timestamp": "unknown"
  },
  {
    "title": "44th Annual J.P. Morgan Healthcare Conference",
    "link": "https://investor.alkermes.com/events/event-details/44th-annual-jp-morgan-healthcare-conference",
    "timestamp": "unknown"
  },
  {
    "title": "44th Annual J.P. Morgan Healthcare Conference PresentationMB",
    "link": "https://investor.alkermes.com/static-files/d72da6ee-77c9-40a4-a54e-3f220320d006",
    "timestamp": "unknown"
  },
  {
    "title": "44th Annual J.P. Morgan Healthcare Conference PresentationMB",
    "link": "https://investor.alkermes.com/static-files/d72da6ee-77c9-40a4-a54e-3f220320d006",
    "timestamp": "unknown"
  },
  {
    "title": "44th Annual J.P. Morgan Healthcare Conference PresentationMB",
    "link": "https://investor.alkermes.com/static-files/d72da6ee-77c9-40a4-a54e-3f220320d006",
    "timestamp": "unknown"
  },
  {
    "title": "44th Annual J.P. Morgan Healthcare Conference PresentationMB",
    "link": "https://investor.alkermes.com/static-files/d72da6ee-77c9-40a4-a54e-3f220320d006",
    "timestamp": "unknown"
  },
  {
    "title": "44th Annual J.P. Morgan Healthcare Conference PresentationMB",
    "link": "https://investor.alkermes.com/static-files/d72da6ee-77c9-40a4-a54e-3f220320d006",
    "timestamp": "unknown"
  },
  {
    "title": "44th Annual J.P. Morgan Healthcare Conference PresentationMB",
    "link": "https://investor.alkermes.com/static-files/d72da6ee-77c9-40a4-a54e-3f220320d006",
    "timestamp": "unknown"
  },
  {
    "title": "44th Annual J.P. Morgan Healthcare Conference PresentationMB",
    "link": "https://investor.alkermes.com/static-files/d72da6ee-77c9-40a4-a54e-3f220320d006",
    "timestamp": "unknown"
  },
  {
    "title": "44th Annual J.P. Morgan Healthcare Conference PresentationMB",
    "link": "https://investor.alkermes.com/static-files/d72da6ee-77c9-40a4-a54e-3f220320d006",
    "timestamp": "unknown"
  },
  {
    "title": "44th Annual J.P. Morgan Healthcare Conference PresentationMB",
    "link": "https://investor.alkermes.com/static-files/d72da6ee-77c9-40a4-a54e-3f220320d006",
    "timestamp": "unknown"
  },
  {
    "title": "44th Annual J.P. Morgan Healthcare Conference PresentationMB",
    "link": "https://investor.alkermes.com/static-files/d72da6ee-77c9-40a4-a54e-3f220320d006",
    "timestamp": "unknown"
  },
  {
    "title": "44th Annual J.P. Morgan Healthcare Conference PresentationMB",
    "link": "https://investor.alkermes.com/static-files/d72da6ee-77c9-40a4-a54e-3f220320d006",
    "timestamp": "unknown"
  },
  {
    "title": "//ESTPiper Sandler 37th Annual Healthcare Conference",
    "link": "https://investor.alkermes.com/events/event-details/piper-sandler-37th-annual-healthcare-conference",
    "timestamp": "unknown"
  },
  {
    "title": "//ESTPiper Sandler 37th Annual Healthcare Conference",
    "link": "https://investor.alkermes.com/events/event-details/piper-sandler-37th-annual-healthcare-conference",
    "timestamp": "unknown"
  },
  {
    "title": "//ESTPiper Sandler 37th Annual Healthcare Conference",
    "link": "https://investor.alkermes.com/events/event-details/piper-sandler-37th-annual-healthcare-conference",
    "timestamp": "unknown"
  },
  {
    "title": "Piper Sandler 37th Annual Healthcare Conference",
    "link": "https://investor.alkermes.com/events/event-details/piper-sandler-37th-annual-healthcare-conference",
    "timestamp": "unknown"
  },
  {
    "title": "Piper Sandler 37th Annual Healthcare Conference",
    "link": "https://investor.alkermes.com/events/event-details/piper-sandler-37th-annual-healthcare-conference",
    "timestamp": "unknown"
  },
  {
    "title": "Piper Sandler 37th Annual Healthcare Conference",
    "link": "https://investor.alkermes.com/events/event-details/piper-sandler-37th-annual-healthcare-conference",
    "timestamp": "unknown"
  },
  {
    "title": "//EST8th Annual Evercore Healthcare Conference",
    "link": "https://investor.alkermes.com/events/event-details/8th-annual-evercore-healthcare-conference",
    "timestamp": "unknown"
  },
  {
    "title": "//EST8th Annual Evercore Healthcare Conference",
    "link": "https://investor.alkermes.com/events/event-details/8th-annual-evercore-healthcare-conference",
    "timestamp": "unknown"
  },
  {
    "title": "//EST8th Annual Evercore Healthcare Conference",
    "link": "https://investor.alkermes.com/events/event-details/8th-annual-evercore-healthcare-conference",
    "timestamp": "unknown"
  },
  {
    "title": "8th Annual Evercore Healthcare Conference",
    "link": "https://investor.alkermes.com/events/event-details/8th-annual-evercore-healthcare-conference",
    "timestamp": "unknown"
  },
  {
    "title": "8th Annual Evercore Healthcare Conference",
    "link": "https://investor.alkermes.com/events/event-details/8th-annual-evercore-healthcare-conference",
    "timestamp": "unknown"
  },
  {
    "title": "8th Annual Evercore Healthcare Conference",
    "link": "https://investor.alkermes.com/events/event-details/8th-annual-evercore-healthcare-conference",
    "timestamp": "unknown"
  },
  {
    "title": "//ESTJefferies Global Healthcare Conference in London",
    "link": "https://investor.alkermes.com/events/event-details/jefferies-global-healthcare-conference-london",
    "timestamp": "unknown"
  },
  {
    "title": "//ESTJefferies Global Healthcare Conference in London",
    "link": "https://investor.alkermes.com/events/event-details/jefferies-global-healthcare-conference-london",
    "timestamp": "unknown"
  },
  {
    "title": "//ESTJefferies Global Healthcare Conference in London",
    "link": "https://investor.alkermes.com/events/event-details/jefferies-global-healthcare-conference-london",
    "timestamp": "unknown"
  },
  {
    "title": "Jefferies Global Healthcare Conference in London",
    "link": "https://investor.alkermes.com/events/event-details/jefferies-global-healthcare-conference-london",
    "timestamp": "unknown"
  },
  {
    "title": "Jefferies Global Healthcare Conference in London",
    "link": "https://investor.alkermes.com/events/event-details/jefferies-global-healthcare-conference-london",
    "timestamp": "unknown"
  },
  {
    "title": "Jefferies Global Healthcare Conference in London",
    "link": "https://investor.alkermes.com/events/event-details/jefferies-global-healthcare-conference-london",
    "timestamp": "unknown"
  },
  {
    "title": "//ESTStifel  Healthcare Conference",
    "link": "https://investor.alkermes.com/events/event-details/stifel--healthcare-conference",
    "timestamp": "unknown"
  },
  {
    "title": "//ESTStifel  Healthcare Conference",
    "link": "https://investor.alkermes.com/events/event-details/stifel--healthcare-conference",
    "timestamp": "unknown"
  },
  {
    "title": "//ESTStifel  Healthcare Conference",
    "link": "https://investor.alkermes.com/events/event-details/stifel--healthcare-conference",
    "timestamp": "unknown"
  },
  {
    "title": "Stifel  Healthcare Conference",
    "link": "https://investor.alkermes.com/events/event-details/stifel--healthcare-conference",
    "timestamp": "unknown"
  },
  {
    "title": "Stifel  Healthcare Conference",
    "link": "https://investor.alkermes.com/events/event-details/stifel--healthcare-conference",
    "timestamp": "unknown"
  },
  {
    "title": "Stifel  Healthcare Conference",
    "link": "https://investor.alkermes.com/events/event-details/stifel--healthcare-conference",
    "timestamp": "unknown"
  },
  {
    "title": "//ESTAlixorexton (ALKS ) Narcolepsy Type  Phase  DataAlixorexton (ALKS ) Narcolepsy Type  Phase  Data Investor Presentation. KB",
    "link": "https://investor.alkermes.com/events/event-details/alixorexton-alks--narcolepsy-type--phase--data",
    "timestamp": "unknown"
  },
  {
    "title": "//ESTAlixorexton (ALKS ) Narcolepsy Type  Phase  DataAlixorexton (ALKS ) Narcolepsy Type  Phase  Data Investor Presentation. KB",
    "link": "https://investor.alkermes.com/events/event-details/alixorexton-alks--narcolepsy-type--phase--data",
    "timestamp": "unknown"
  },
  {
    "title": "//ESTAlixorexton (ALKS ) Narcolepsy Type  Phase  DataAlixorexton (ALKS ) Narcolepsy Type  Phase  Data Investor Presentation. KB",
    "link": "https://investor.alkermes.com/events/event-details/alixorexton-alks--narcolepsy-type--phase--data",
    "timestamp": "unknown"
  },
  {
    "title": "Alixorexton (ALKS ) Narcolepsy Type  Phase  DataAlixorexton (ALKS ) Narcolepsy Type  Phase  Data Investor Presentation. KB",
    "link": "https://investor.alkermes.com/events/event-details/alixorexton-alks--narcolepsy-type--phase--data",
    "timestamp": "unknown"
  },
  {
    "title": "Alixorexton (ALKS ) Narcolepsy Type  Phase  Data",
    "link": "https://investor.alkermes.com/events/event-details/alixorexton-alks--narcolepsy-type--phase--data",
    "timestamp": "unknown"
  },
  {
    "title": "Alixorexton (ALKS ) Narcolepsy Type  Phase  Data",
    "link": "https://investor.alkermes.com/events/event-details/alixorexton-alks--narcolepsy-type--phase--data",
    "timestamp": "unknown"
  },
  {
    "title": "Alixorexton (ALKS ) Narcolepsy Type  Phase  Data Investor Presentation. KB",
    "link": "https://investor.alkermes.com/static-files/76af3d7c-0c9e-4a65-ba1d-1e240982d208",
    "timestamp": "unknown"
  },
  {
    "title": "Alixorexton (ALKS ) Narcolepsy Type  Phase  Data Investor Presentation. KB",
    "link": "https://investor.alkermes.com/static-files/76af3d7c-0c9e-4a65-ba1d-1e240982d208",
    "timestamp": "unknown"
  },
  {
    "title": "Alixorexton (ALKS ) Narcolepsy Type  Phase  Data Investor Presentation. KB",
    "link": "https://investor.alkermes.com/static-files/76af3d7c-0c9e-4a65-ba1d-1e240982d208",
    "timestamp": "unknown"
  },
  {
    "title": "Alixorexton (ALKS ) Narcolepsy Type  Phase  Data Investor Presentation. KB",
    "link": "https://investor.alkermes.com/static-files/76af3d7c-0c9e-4a65-ba1d-1e240982d208",
    "timestamp": "unknown"
  },
  {
    "title": "Alixorexton (ALKS ) Narcolepsy Type  Phase  Data Investor Presentation. KB",
    "link": "https://investor.alkermes.com/static-files/76af3d7c-0c9e-4a65-ba1d-1e240982d208",
    "timestamp": "unknown"
  },
  {
    "title": "Alixorexton (ALKS ) Narcolepsy Type  Phase  Data Investor Presentation. KB",
    "link": "https://investor.alkermes.com/static-files/76af3d7c-0c9e-4a65-ba1d-1e240982d208",
    "timestamp": "unknown"
  },
  {
    "title": "Alixorexton (ALKS ) Narcolepsy Type  Phase  Data Investor Presentation. KB",
    "link": "https://investor.alkermes.com/static-files/76af3d7c-0c9e-4a65-ba1d-1e240982d208",
    "timestamp": "unknown"
  },
  {
    "title": "Alixorexton (ALKS ) Narcolepsy Type  Phase  Data Investor Presentation. KB",
    "link": "https://investor.alkermes.com/static-files/76af3d7c-0c9e-4a65-ba1d-1e240982d208",
    "timestamp": "unknown"
  },
  {
    "title": "Alixorexton (ALKS ) Narcolepsy Type  Phase  Data Investor Presentation. KB",
    "link": "https://investor.alkermes.com/static-files/76af3d7c-0c9e-4a65-ba1d-1e240982d208",
    "timestamp": "unknown"
  },
  {
    "title": "Alixorexton (ALKS ) Narcolepsy Type  Phase  Data Investor Presentation. KB",
    "link": "https://investor.alkermes.com/static-files/76af3d7c-0c9e-4a65-ba1d-1e240982d208",
    "timestamp": "unknown"
  },
  {
    "title": "Alixorexton (ALKS ) Narcolepsy Type  Phase  Data Investor Presentation. KB",
    "link": "https://investor.alkermes.com/static-files/76af3d7c-0c9e-4a65-ba1d-1e240982d208",
    "timestamp": "unknown"
  },
  {
    "title": "//EDTQ3  Alkermes plc Earnings Conference CallAlkermes Q3  Financial Results Presentation. KBAlkermes Q3  Prepared RemarksKB",
    "link": "https://investor.alkermes.com/events/event-details/q3--alkermes-plc-earnings-conference-call",
    "timestamp": "unknown"
  },
  {
    "title": "//EDTQ3  Alkermes plc Earnings Conference CallAlkermes Q3  Financial Results Presentation. KBAlkermes Q3  Prepared RemarksKB",
    "link": "https://investor.alkermes.com/events/event-details/q3--alkermes-plc-earnings-conference-call",
    "timestamp": "unknown"
  },
  {
    "title": "//EDTQ3  Alkermes plc Earnings Conference CallAlkermes Q3  Financial Results Presentation. KBAlkermes Q3  Prepared RemarksKB",
    "link": "https://investor.alkermes.com/events/event-details/q3--alkermes-plc-earnings-conference-call",
    "timestamp": "unknown"
  },
  {
    "title": "Q3  Alkermes plc Earnings Conference CallAlkermes Q3  Financial Results Presentation. KBAlkermes Q3  Prepared RemarksKB",
    "link": "https://investor.alkermes.com/events/event-details/q3--alkermes-plc-earnings-conference-call",
    "timestamp": "unknown"
  },
  {
    "title": "Q3  Alkermes plc Earnings Conference Call",
    "link": "https://investor.alkermes.com/events/event-details/q3--alkermes-plc-earnings-conference-call",
    "timestamp": "unknown"
  },
  {
    "title": "Q3  Alkermes plc Earnings Conference Call",
    "link": "https://investor.alkermes.com/events/event-details/q3--alkermes-plc-earnings-conference-call",
    "timestamp": "unknown"
  },
  {
    "title": "Alkermes Q3  Financial Results Presentation. KBAlkermes Q3  Prepared RemarksKB",
    "link": "https://investor.alkermes.com/static-files/73359da6-05d3-4b97--5c6f9e4df9bb",
    "timestamp": "unknown"
  },
  {
    "title": "Alkermes Q3  Financial Results Presentation. KBAlkermes Q3  Prepared RemarksKB",
    "link": "https://investor.alkermes.com/static-files/73359da6-05d3-4b97--5c6f9e4df9bb",
    "timestamp": "unknown"
  },
  {
    "title": "Alkermes Q3  Financial Results Presentation. KBAlkermes Q3  Prepared RemarksKB",
    "link": "https://investor.alkermes.com/static-files/73359da6-05d3-4b97--5c6f9e4df9bb",
    "timestamp": "unknown"
  },
  {
    "title": "Alkermes Q3  Financial Results Presentation. KBAlkermes Q3  Prepared RemarksKB",
    "link": "https://investor.alkermes.com/static-files/73359da6-05d3-4b97--5c6f9e4df9bb",
    "timestamp": "unknown"
  },
  {
    "title": "Alkermes Q3  Financial Results Presentation. KB",
    "link": "https://investor.alkermes.com/static-files/73359da6-05d3-4b97--5c6f9e4df9bb",
    "timestamp": "unknown"
  },
  {
    "title": "Alkermes Q3  Financial Results Presentation. KB",
    "link": "https://investor.alkermes.com/static-files/73359da6-05d3-4b97--5c6f9e4df9bb",
    "timestamp": "unknown"
  },
  {
    "title": "Alkermes Q3  Financial Results Presentation. KB",
    "link": "https://investor.alkermes.com/static-files/73359da6-05d3-4b97--5c6f9e4df9bb",
    "timestamp": "unknown"
  },
  {
    "title": "Alkermes Q3  Financial Results Presentation. KB",
    "link": "https://investor.alkermes.com/static-files/73359da6-05d3-4b97--5c6f9e4df9bb",
    "timestamp": "unknown"
  },
  {
    "title": "Alkermes Q3  Financial Results Presentation. KB",
    "link": "https://investor.alkermes.com/static-files/73359da6-05d3-4b97--5c6f9e4df9bb",
    "timestamp": "unknown"
  },
  {
    "title": "Alkermes Q3  Financial Results Presentation. KB",
    "link": "https://investor.alkermes.com/static-files/73359da6-05d3-4b97--5c6f9e4df9bb",
    "timestamp": "unknown"
  },
  {
    "title": "Alkermes Q3  Financial Results Presentation. KB",
    "link": "https://investor.alkermes.com/static-files/73359da6-05d3-4b97--5c6f9e4df9bb",
    "timestamp": "unknown"
  },
  {
    "title": "Alkermes Q3  Prepared RemarksKB",
    "link": "https://investor.alkermes.com/static-files/2a819bec-2b01-44ec-bf6f-35657e0748b3",
    "timestamp": "unknown"
  },
  {
    "title": "Alkermes Q3  Prepared RemarksKB",
    "link": "https://investor.alkermes.com/static-files/2a819bec-2b01-44ec-bf6f-35657e0748b3",
    "timestamp": "unknown"
  },
  {
    "title": "Alkermes Q3  Prepared RemarksKB",
    "link": "https://investor.alkermes.com/static-files/2a819bec-2b01-44ec-bf6f-35657e0748b3",
    "timestamp": "unknown"
  },
  {
    "title": "Alkermes Q3  Prepared RemarksKB",
    "link": "https://investor.alkermes.com/static-files/2a819bec-2b01-44ec-bf6f-35657e0748b3",
    "timestamp": "unknown"
  },
  {
    "title": "Alkermes Q3  Prepared RemarksKB",
    "link": "https://investor.alkermes.com/static-files/2a819bec-2b01-44ec-bf6f-35657e0748b3",
    "timestamp": "unknown"
  },
  {
    "title": "Alkermes Q3  Prepared RemarksKB",
    "link": "https://investor.alkermes.com/static-files/2a819bec-2b01-44ec-bf6f-35657e0748b3",
    "timestamp": "unknown"
  },
  {
    "title": "Alkermes Q3  Prepared RemarksKB",
    "link": "https://investor.alkermes.com/static-files/2a819bec-2b01-44ec-bf6f-35657e0748b3",
    "timestamp": "unknown"
  },
  {
    "title": "//EDTAlkermes Corporate UpdateAlkermes Avadel Acquisition Slides. KB",
    "link": "https://investor.alkermes.com/events/event-details/alkermes-corporate-update",
    "timestamp": "unknown"
  },
  {
    "title": "//EDTAlkermes Corporate UpdateAlkermes Avadel Acquisition Slides. KB",
    "link": "https://investor.alkermes.com/events/event-details/alkermes-corporate-update",
    "timestamp": "unknown"
  },
  {
    "title": "//EDTAlkermes Corporate UpdateAlkermes Avadel Acquisition Slides. KB",
    "link": "https://investor.alkermes.com/events/event-details/alkermes-corporate-update",
    "timestamp": "unknown"
  },
  {
    "title": "Alkermes Corporate UpdateAlkermes Avadel Acquisition Slides. KB",
    "link": "https://investor.alkermes.com/events/event-details/alkermes-corporate-update",
    "timestamp": "unknown"
  },
  {
    "title": "Alkermes Corporate Update",
    "link": "https://investor.alkermes.com/events/event-details/alkermes-corporate-update",
    "timestamp": "unknown"
  },
  {
    "title": "Alkermes Corporate Update",
    "link": "https://investor.alkermes.com/events/event-details/alkermes-corporate-update",
    "timestamp": "unknown"
  },
  {
    "title": "Alkermes Avadel Acquisition Slides. KB",
    "link": "https://investor.alkermes.com/static-files/e7114011-197a-4d10-98ba-d7bf79bd322e",
    "timestamp": "unknown"
  },
  {
    "title": "Alkermes Avadel Acquisition Slides. KB",
    "link": "https://investor.alkermes.com/static-files/e7114011-197a-4d10-98ba-d7bf79bd322e",
    "timestamp": "unknown"
  },
  {
    "title": "Alkermes Avadel Acquisition Slides. KB",
    "link": "https://investor.alkermes.com/static-files/e7114011-197a-4d10-98ba-d7bf79bd322e",
    "timestamp": "unknown"
  },
  {
    "title": "Alkermes Avadel Acquisition Slides. KB",
    "link": "https://investor.alkermes.com/static-files/e7114011-197a-4d10-98ba-d7bf79bd322e",
    "timestamp": "unknown"
  },
  {
    "title": "Alkermes Avadel Acquisition Slides. KB",
    "link": "https://investor.alkermes.com/static-files/e7114011-197a-4d10-98ba-d7bf79bd322e",
    "timestamp": "unknown"
  },
  {
    "title": "Alkermes Avadel Acquisition Slides. KB",
    "link": "https://investor.alkermes.com/static-files/e7114011-197a-4d10-98ba-d7bf79bd322e",
    "timestamp": "unknown"
  },
  {
    "title": "Alkermes Avadel Acquisition Slides. KB",
    "link": "https://investor.alkermes.com/static-files/e7114011-197a-4d10-98ba-d7bf79bd322e",
    "timestamp": "unknown"
  },
  {
    "title": "Alkermes Avadel Acquisition Slides. KB",
    "link": "https://investor.alkermes.com/static-files/e7114011-197a-4d10-98ba-d7bf79bd322e",
    "timestamp": "unknown"
  },
  {
    "title": "Alkermes Avadel Acquisition Slides. KB",
    "link": "https://investor.alkermes.com/static-files/e7114011-197a-4d10-98ba-d7bf79bd322e",
    "timestamp": "unknown"
  },
  {
    "title": "Alkermes Avadel Acquisition Slides. KB",
    "link": "https://investor.alkermes.com/static-files/e7114011-197a-4d10-98ba-d7bf79bd322e",
    "timestamp": "unknown"
  },
  {
    "title": "Alkermes Avadel Acquisition Slides. KB",
    "link": "https://investor.alkermes.com/static-files/e7114011-197a-4d10-98ba-d7bf79bd322e",
    "timestamp": "unknown"
  },
  {
    "title": "//EDTWorld Sleep : Alixorexton (ALKS ) Narcolepsy Type  Phase  DataAlkermes Scientific PresentationsMBAlixorexton (ALKS ) Narcolepsy Type  Phase  Data",
    "link": "https://investor.alkermes.com/events/event-details/world-sleep--alixorexton-alks--narcolepsy-type--phase--data",
    "timestamp": "unknown"
  },
  {
    "title": "//EDTWorld Sleep : Alixorexton (ALKS ) Narcolepsy Type  Phase  DataAlkermes Scientific PresentationsMBAlixorexton (ALKS ) Narcolepsy Type  Phase  Data",
    "link": "https://investor.alkermes.com/events/event-details/world-sleep--alixorexton-alks--narcolepsy-type--phase--data",
    "timestamp": "unknown"
  },
  {
    "title": "//EDTWorld Sleep : Alixorexton (ALKS ) Narcolepsy Type  Phase  DataAlkermes Scientific PresentationsMBAlixorexton (ALKS ) Narcolepsy Type  Phase  Data",
    "link": "https://investor.alkermes.com/events/event-details/world-sleep--alixorexton-alks--narcolepsy-type--phase--data",
    "timestamp": "unknown"
  },
  {
    "title": "World Sleep : Alixorexton (ALKS ) Narcolepsy Type  Phase  DataAlkermes Scientific PresentationsMBAlixorexton (ALKS ) Narcolepsy Type  Phase  Data Inve",
    "link": "https://investor.alkermes.com/events/event-details/world-sleep--alixorexton-alks--narcolepsy-type--phase--data",
    "timestamp": "unknown"
  },
  {
    "title": "World Sleep : Alixorexton (ALKS ) Narcolepsy Type  Phase  Data",
    "link": "https://investor.alkermes.com/events/event-details/world-sleep--alixorexton-alks--narcolepsy-type--phase--data",
    "timestamp": "unknown"
  },
  {
    "title": "World Sleep : Alixorexton (ALKS ) Narcolepsy Type  Phase  Data",
    "link": "https://investor.alkermes.com/events/event-details/world-sleep--alixorexton-alks--narcolepsy-type--phase--data",
    "timestamp": "unknown"
  },
  {
    "title": "Alkermes Scientific PresentationsMBAlixorexton (ALKS ) Narcolepsy Type  Phase  Data Investor Presentation. MBALKS World Sleep  Prepared Remarks. KB",
    "link": "https://investor.alkermes.com/static-files/3cefefd9-8d69---2709712cae0f",
    "timestamp": "unknown"
  },
  {
    "title": "Alkermes Scientific PresentationsMBAlixorexton (ALKS ) Narcolepsy Type  Phase  Data Investor Presentation. MBALKS World Sleep  Prepared Remarks. KB",
    "link": "https://investor.alkermes.com/static-files/3cefefd9-8d69---2709712cae0f",
    "timestamp": "unknown"
  },
  {
    "title": "Alkermes Scientific PresentationsMBAlixorexton (ALKS ) Narcolepsy Type  Phase  Data Investor Presentation. MBALKS World Sleep  Prepared Remarks. KB",
    "link": "https://investor.alkermes.com/static-files/3cefefd9-8d69---2709712cae0f",
    "timestamp": "unknown"
  },
  {
    "title": "Alkermes Scientific PresentationsMBAlixorexton (ALKS ) Narcolepsy Type  Phase  Data Investor Presentation. MBALKS World Sleep  Prepared Remarks. KB",
    "link": "https://investor.alkermes.com/static-files/3cefefd9-8d69---2709712cae0f",
    "timestamp": "unknown"
  },
  {
    "title": "Alkermes Scientific PresentationsMB",
    "link": "https://investor.alkermes.com/static-files/3cefefd9-8d69---2709712cae0f",
    "timestamp": "unknown"
  },
  {
    "title": "Alkermes Scientific PresentationsMB",
    "link": "https://investor.alkermes.com/static-files/3cefefd9-8d69---2709712cae0f",
    "timestamp": "unknown"
  },
  {
    "title": "Alkermes Scientific PresentationsMB",
    "link": "https://investor.alkermes.com/static-files/3cefefd9-8d69---2709712cae0f",
    "timestamp": "unknown"
  },
  {
    "title": "Alkermes Scientific PresentationsMB",
    "link": "https://investor.alkermes.com/static-files/3cefefd9-8d69---2709712cae0f",
    "timestamp": "unknown"
  },
  {
    "title": "Alkermes Scientific PresentationsMB",
    "link": "https://investor.alkermes.com/static-files/3cefefd9-8d69---2709712cae0f",
    "timestamp": "unknown"
  },
  {
    "title": "Alkermes Scientific PresentationsMB",
    "link": "https://investor.alkermes.com/static-files/3cefefd9-8d69---2709712cae0f",
    "timestamp": "unknown"
  },
  {
    "title": "Alkermes Scientific PresentationsMB",
    "link": "https://investor.alkermes.com/static-files/3cefefd9-8d69---2709712cae0f",
    "timestamp": "unknown"
  },
  {
    "title": "Alixorexton (ALKS ) Narcolepsy Type  Phase  Data Investor Presentation. MB",
    "link": "https://investor.alkermes.com/static-files/0ec0cb02----7ca1c4b2a58d",
    "timestamp": "unknown"
  },
  {
    "title": "Alixorexton (ALKS ) Narcolepsy Type  Phase  Data Investor Presentation. MB",
    "link": "https://investor.alkermes.com/static-files/0ec0cb02----7ca1c4b2a58d",
    "timestamp": "unknown"
  },
  {
    "title": "Alixorexton (ALKS ) Narcolepsy Type  Phase  Data Investor Presentation. MB",
    "link": "https://investor.alkermes.com/static-files/0ec0cb02----7ca1c4b2a58d",
    "timestamp": "unknown"
  },
  {
    "title": "Alixorexton (ALKS ) Narcolepsy Type  Phase  Data Investor Presentation. MB",
    "link": "https://investor.alkermes.com/static-files/0ec0cb02----7ca1c4b2a58d",
    "timestamp": "unknown"
  },
  {
    "title": "Alixorexton (ALKS ) Narcolepsy Type  Phase  Data Investor Presentation. MB",
    "link": "https://investor.alkermes.com/static-files/0ec0cb02----7ca1c4b2a58d",
    "timestamp": "unknown"
  },
  {
    "title": "Alixorexton (ALKS ) Narcolepsy Type  Phase  Data Investor Presentation. MB",
    "link": "https://investor.alkermes.com/static-files/0ec0cb02----7ca1c4b2a58d",
    "timestamp": "unknown"
  },
  {
    "title": "Alixorexton (ALKS ) Narcolepsy Type  Phase  Data Investor Presentation. MB",
    "link": "https://investor.alkermes.com/static-files/0ec0cb02----7ca1c4b2a58d",
    "timestamp": "unknown"
  },
  {
    "title": "ALKS World Sleep  Prepared Remarks. KB",
    "link": "https://investor.alkermes.com/static-files/ca4b6db9-a4ff--96e7-4210ee574990",
    "timestamp": "unknown"
  },
  {
    "title": "ALKS World Sleep  Prepared Remarks. KB",
    "link": "https://investor.alkermes.com/static-files/ca4b6db9-a4ff--96e7-4210ee574990",
    "timestamp": "unknown"
  },
  {
    "title": "ALKS World Sleep  Prepared Remarks. KB",
    "link": "https://investor.alkermes.com/static-files/ca4b6db9-a4ff--96e7-4210ee574990",
    "timestamp": "unknown"
  },
  {
    "title": "ALKS World Sleep  Prepared Remarks. KB",
    "link": "https://investor.alkermes.com/static-files/ca4b6db9-a4ff--96e7-4210ee574990",
    "timestamp": "unknown"
  },
  {
    "title": "ALKS World Sleep  Prepared Remarks. KB",
    "link": "https://investor.alkermes.com/static-files/ca4b6db9-a4ff--96e7-4210ee574990",
    "timestamp": "unknown"
  },
  {
    "title": "ALKS World Sleep  Prepared Remarks. KB",
    "link": "https://investor.alkermes.com/static-files/ca4b6db9-a4ff--96e7-4210ee574990",
    "timestamp": "unknown"
  },
  {
    "title": "ALKS World Sleep  Prepared Remarks. KB",
    "link": "https://investor.alkermes.com/static-files/ca4b6db9-a4ff--96e7-4210ee574990",
    "timestamp": "unknown"
  },
  {
    "title": "//EDTQ2  Alkermes plc Earnings Conference CallAlkermes Q2  Financial Results Presentation. KBAlkermes Q2  Prepared RemarksKB",
    "link": "https://investor.alkermes.com/events/event-details/q2--alkermes-plc-earnings-conference-call",
    "timestamp": "unknown"
  },
  {
    "title": "//EDTQ2  Alkermes plc Earnings Conference CallAlkermes Q2  Financial Results Presentation. KBAlkermes Q2  Prepared RemarksKB",
    "link": "https://investor.alkermes.com/events/event-details/q2--alkermes-plc-earnings-conference-call",
    "timestamp": "unknown"
  },
  {
    "title": "//EDTQ2  Alkermes plc Earnings Conference CallAlkermes Q2  Financial Results Presentation. KBAlkermes Q2  Prepared RemarksKB",
    "link": "https://investor.alkermes.com/events/event-details/q2--alkermes-plc-earnings-conference-call",
    "timestamp": "unknown"
  },
  {
    "title": "Q2  Alkermes plc Earnings Conference CallAlkermes Q2  Financial Results Presentation. KBAlkermes Q2  Prepared RemarksKB",
    "link": "https://investor.alkermes.com/events/event-details/q2--alkermes-plc-earnings-conference-call",
    "timestamp": "unknown"
  },
  {
    "title": "Q2  Alkermes plc Earnings Conference Call",
    "link": "https://investor.alkermes.com/events/event-details/q2--alkermes-plc-earnings-conference-call",
    "timestamp": "unknown"
  },
  {
    "title": "Q2  Alkermes plc Earnings Conference Call",
    "link": "https://investor.alkermes.com/events/event-details/q2--alkermes-plc-earnings-conference-call",
    "timestamp": "unknown"
  },
  {
    "title": "Alkermes Q2  Financial Results Presentation. KBAlkermes Q2  Prepared RemarksKB",
    "link": "https://investor.alkermes.com/static-files/406487db-f226--983e-d1c0a1db56d3",
    "timestamp": "unknown"
  },
  {
    "title": "Alkermes Q2  Financial Results Presentation. KBAlkermes Q2  Prepared RemarksKB",
    "link": "https://investor.alkermes.com/static-files/406487db-f226--983e-d1c0a1db56d3",
    "timestamp": "unknown"
  },
  {
    "title": "Alkermes Q2  Financial Results Presentation. KBAlkermes Q2  Prepared RemarksKB",
    "link": "https://investor.alkermes.com/static-files/406487db-f226--983e-d1c0a1db56d3",
    "timestamp": "unknown"
  },
  {
    "title": "Alkermes Q2  Financial Results Presentation. KBAlkermes Q2  Prepared RemarksKB",
    "link": "https://investor.alkermes.com/static-files/406487db-f226--983e-d1c0a1db56d3",
    "timestamp": "unknown"
  },
  {
    "title": "Alkermes Q2  Financial Results Presentation. KB",
    "link": "https://investor.alkermes.com/static-files/406487db-f226--983e-d1c0a1db56d3",
    "timestamp": "unknown"
  },
  {
    "title": "Alkermes Q2  Financial Results Presentation. KB",
    "link": "https://investor.alkermes.com/static-files/406487db-f226--983e-d1c0a1db56d3",
    "timestamp": "unknown"
  },
  {
    "title": "Alkermes Q2  Financial Results Presentation. KB",
    "link": "https://investor.alkermes.com/static-files/406487db-f226--983e-d1c0a1db56d3",
    "timestamp": "unknown"
  },
  {
    "title": "Alkermes Q2  Financial Results Presentation. KB",
    "link": "https://investor.alkermes.com/static-files/406487db-f226--983e-d1c0a1db56d3",
    "timestamp": "unknown"
  },
  {
    "title": "Alkermes Q2  Financial Results Presentation. KB",
    "link": "https://investor.alkermes.com/static-files/406487db-f226--983e-d1c0a1db56d3",
    "timestamp": "unknown"
  },
  {
    "title": "Alkermes Q2  Financial Results Presentation. KB",
    "link": "https://investor.alkermes.com/static-files/406487db-f226--983e-d1c0a1db56d3",
    "timestamp": "unknown"
  },
  {
    "title": "Alkermes Q2  Financial Results Presentation. KB",
    "link": "https://investor.alkermes.com/static-files/406487db-f226--983e-d1c0a1db56d3",
    "timestamp": "unknown"
  },
  {
    "title": "Alkermes Q2  Prepared RemarksKB",
    "link": "https://investor.alkermes.com/static-files/bd84cebe-d139-4dd3-b4cc-d141e82c1aa8",
    "timestamp": "unknown"
  },
  {
    "title": "Alkermes Q2  Prepared RemarksKB",
    "link": "https://investor.alkermes.com/static-files/bd84cebe-d139-4dd3-b4cc-d141e82c1aa8",
    "timestamp": "unknown"
  },
  {
    "title": "Alkermes Q2  Prepared RemarksKB",
    "link": "https://investor.alkermes.com/static-files/bd84cebe-d139-4dd3-b4cc-d141e82c1aa8",
    "timestamp": "unknown"
  },
  {
    "title": "Alkermes Q2  Prepared RemarksKB",
    "link": "https://investor.alkermes.com/static-files/bd84cebe-d139-4dd3-b4cc-d141e82c1aa8",
    "timestamp": "unknown"
  },
  {
    "title": "Alkermes Q2  Prepared RemarksKB",
    "link": "https://investor.alkermes.com/static-files/bd84cebe-d139-4dd3-b4cc-d141e82c1aa8",
    "timestamp": "unknown"
  },
  {
    "title": "Alkermes Q2  Prepared RemarksKB",
    "link": "https://investor.alkermes.com/static-files/bd84cebe-d139-4dd3-b4cc-d141e82c1aa8",
    "timestamp": "unknown"
  },
  {
    "title": "Alkermes Q2  Prepared RemarksKB",
    "link": "https://investor.alkermes.com/static-files/bd84cebe-d139-4dd3-b4cc-d141e82c1aa8",
    "timestamp": "unknown"
  },
  {
    "title": "PaginationCurrent pagePagePagePagePageNext pagenext \u203aLast pagelast \u00bb",
    "link": "https://investor.alkermes.com/investor-events-presentations?page=%2C0%2C0",
    "timestamp": "unknown"
  },
  {
    "title": "Current page",
    "link": "https://investor.alkermes.com/investor-events-presentations?page=%2C0%2C0",
    "timestamp": "unknown"
  },
  {
    "title": "Page",
    "link": "https://investor.alkermes.com/investor-events-presentations?page=%2C1%2C0",
    "timestamp": "unknown"
  },
  {
    "title": "Page",
    "link": "https://investor.alkermes.com/investor-events-presentations?page=%2C2%2C0",
    "timestamp": "unknown"
  },
  {
    "title": "Page",
    "link": "https://investor.alkermes.com/investor-events-presentations?page=%2C3%2C0",
    "timestamp": "unknown"
  },
  {
    "title": "Page",
    "link": "https://investor.alkermes.com/investor-events-presentations?page=%2C4%2C0",
    "timestamp": "unknown"
  },
  {
    "title": "Next pagenext \u203a",
    "link": "https://investor.alkermes.com/investor-events-presentations?page=%2C1%2C0",
    "timestamp": "unknown"
  },
  {
    "title": "Last pagelast \u00bb",
    "link": "https://investor.alkermes.com/investor-events-presentations?page=%2C4%2C0",
    "timestamp": "unknown"
  },
  {
    "title": "Investor ToolsPrint PageContact UsRSSEmail Alerts",
    "link": "https://investor.alkermes.com/investor-events-presentations",
    "timestamp": "unknown"
  },
  {
    "title": "Investor ToolsPrint PageContact UsRSSEmail Alerts",
    "link": "https://investor.alkermes.com/investor-events-presentations",
    "timestamp": "unknown"
  },
  {
    "title": "Investor ToolsPrint PageContact UsRSSEmail Alerts",
    "link": "https://investor.alkermes.com/investor-events-presentations",
    "timestamp": "unknown"
  },
  {
    "title": "Investor ToolsPrint PageContact UsRSSEmail Alerts",
    "link": "https://investor.alkermes.com/investor-events-presentations",
    "timestamp": "unknown"
  },
  {
    "title": "Print PageContact UsRSSEmail Alerts",
    "link": "https://investor.alkermes.com/investor-events-presentations",
    "timestamp": "unknown"
  },
  {
    "title": "Print PageContact UsRSSEmail Alerts",
    "link": "https://investor.alkermes.com/investor-events-presentations",
    "timestamp": "unknown"
  },
  {
    "title": "Print Page",
    "link": "https://investor.alkermes.com/investor-events-presentations",
    "timestamp": "unknown"
  },
  {
    "title": "Contact Us",
    "link": "https://www.alkermes.com/contact-us",
    "timestamp": "unknown"
  },
  {
    "title": "RSS",
    "link": "https://investor.alkermes.com/shareholder-services/rss-feeds",
    "timestamp": "unknown"
  },
  {
    "title": "Email Alerts",
    "link": "https://investor.alkermes.com/email-alerts",
    "timestamp": "unknown"
  },
  {
    "title": "Contact UsTerms of UsePrivacy PolicySitemap",
    "link": "https://www.alkermes.com/",
    "timestamp": "unknown"
  },
  {
    "title": "Contact UsTerms of UsePrivacy PolicySitemap",
    "link": "https://www.alkermes.com/",
    "timestamp": "unknown"
  },
  {
    "title": "Contact Us",
    "link": "https://www.alkermes.com/contact-us",
    "timestamp": "unknown"
  },
  {
    "title": "Terms of Use",
    "link": "https://www.alkermes.com/terms-of-use",
    "timestamp": "unknown"
  },
  {
    "title": "Privacy Policy",
    "link": "https://www.alkermes.com/privacy-policy",
    "timestamp": "unknown"
  },
  {
    "title": "Sitemap",
    "link": "https://www.alkermes.com/sitemap",
    "timestamp": "unknown"
  }
]