[
  {
    "title": "About UsDiscover AlkermesOur ValuesLeadershipDiversity, Inclusion & BelongingAwards and RecognitionCollaborationsLocationsMedicinesInnovative Medicine",
    "link": "https://www.alkermes.com/",
    "timestamp": "unknown"
  },
  {
    "title": "About UsDiscover AlkermesOur ValuesLeadershipDiversity, Inclusion & BelongingAwards and RecognitionCollaborationsLocationsMedicinesInnovative Medicine",
    "link": "https://www.alkermes.com/",
    "timestamp": "unknown"
  },
  {
    "title": "About UsDiscover AlkermesOur ValuesLeadershipDiversity, Inclusion & BelongingAwards and RecognitionCollaborationsLocationsMedicinesInnovative Medicine",
    "link": "https://www.alkermes.com/",
    "timestamp": "unknown"
  },
  {
    "title": "About UsDiscover AlkermesOur ValuesLeadershipDiversity, Inclusion & BelongingAwards and RecognitionCollaborationsLocationsMedicinesInnovative Medicine",
    "link": "https://www.alkermes.com/about-us",
    "timestamp": "unknown"
  },
  {
    "title": "About UsDiscover AlkermesOur ValuesLeadershipDiversity, Inclusion & BelongingAwards and RecognitionCollaborationsLocations",
    "link": "https://www.alkermes.com/about-us",
    "timestamp": "unknown"
  },
  {
    "title": "Discover Alkermes",
    "link": "https://www.alkermes.com/about-us#discover-alkermes",
    "timestamp": "unknown"
  },
  {
    "title": "Our Values",
    "link": "https://www.alkermes.com/about-us#our-values",
    "timestamp": "unknown"
  },
  {
    "title": "Leadership",
    "link": "https://www.alkermes.com/about-us/Leadership",
    "timestamp": "unknown"
  },
  {
    "title": "Diversity, Inclusion & Belonging",
    "link": "https://www.alkermes.com/about-us/Diversity-Inclusion-Belonging",
    "timestamp": "unknown"
  },
  {
    "title": "Awards and Recognition",
    "link": "https://www.alkermes.com//about-us/awards-and-recognition",
    "timestamp": "unknown"
  },
  {
    "title": "Collaborations",
    "link": "https://www.alkermes.com/about-us#partnering",
    "timestamp": "unknown"
  },
  {
    "title": "Locations",
    "link": "https://www.alkermes.com/about-us#locations",
    "timestamp": "unknown"
  },
  {
    "title": "MedicinesInnovative MedicinesThird Party Medicines",
    "link": "https://www.alkermes.com/medicines",
    "timestamp": "unknown"
  },
  {
    "title": "Innovative Medicines",
    "link": "https://www.alkermes.com//medicines#development",
    "timestamp": "unknown"
  },
  {
    "title": "Third Party Medicines",
    "link": "https://www.alkermes.com//medicines#Third-Party-Products",
    "timestamp": "unknown"
  },
  {
    "title": "R&DPipelineResearch & Medical GrantsClinical TrialsEarly Access",
    "link": "https://www.alkermes.com//research-and-development",
    "timestamp": "unknown"
  },
  {
    "title": "Pipeline",
    "link": "https://www.alkermes.com/research-and-development#pipeline",
    "timestamp": "unknown"
  },
  {
    "title": "Research & Medical Grants",
    "link": "https://www.alkermes.com/research-and-development#research-and-medical-grants",
    "timestamp": "unknown"
  },
  {
    "title": "Clinical Trials",
    "link": "https://www.alkermes.com/research-and-development#clinical-trials",
    "timestamp": "unknown"
  },
  {
    "title": "Early Access",
    "link": "https://www.alkermes.com/research-and-development#early-access",
    "timestamp": "unknown"
  },
  {
    "title": "Disease AreasAddictionSerious Mental IllnessSleep Disorders",
    "link": "https://www.alkermes.com//disease-areas",
    "timestamp": "unknown"
  },
  {
    "title": "Addiction",
    "link": "https://www.alkermes.com//disease-areas/addiction",
    "timestamp": "unknown"
  },
  {
    "title": "Serious Mental Illness",
    "link": "https://www.alkermes.com//disease-areas/serious-mental-illness",
    "timestamp": "unknown"
  },
  {
    "title": "Sleep Disorders",
    "link": "https://www.alkermes.com//disease-areas/sleep-disorders",
    "timestamp": "unknown"
  },
  {
    "title": "ResponsibilityCorporate ResponsibilityPatient Engagement & AdvocacyAlkermes Inspiration Grants\u00aeCorporate GivingCorporate Responsibility ReportsPublic ",
    "link": "https://www.alkermes.com/responsibility",
    "timestamp": "unknown"
  },
  {
    "title": "Corporate Responsibility",
    "link": "https://www.alkermes.com/responsibility#corporate-responsibility",
    "timestamp": "unknown"
  },
  {
    "title": "Patient Engagement & Advocacy",
    "link": "https://www.alkermes.com/responsibility/patient-engagement-advocacy",
    "timestamp": "unknown"
  },
  {
    "title": "Alkermes Inspiration Grants\u00ae",
    "link": "https://www.alkermes.com/responsibility/alkermes-inspiration-grants",
    "timestamp": "unknown"
  },
  {
    "title": "Corporate Giving",
    "link": "https://www.alkermes.com/responsibility#corporate-giving",
    "timestamp": "unknown"
  },
  {
    "title": "Corporate Responsibility Reports",
    "link": "https://www.alkermes.com/responsibility#csr",
    "timestamp": "unknown"
  },
  {
    "title": "Public Policy",
    "link": "https://www.alkermes.com/responsibility/public-policy",
    "timestamp": "unknown"
  },
  {
    "title": "Suppliers",
    "link": "https://www.alkermes.com//suppliers",
    "timestamp": "unknown"
  },
  {
    "title": "CareersWorking HereOur CultureBenefitsJoin Our Team",
    "link": "https://www.alkermes.com/careers",
    "timestamp": "unknown"
  },
  {
    "title": "Working Here",
    "link": "https://www.alkermes.com/careers#working-here",
    "timestamp": "unknown"
  },
  {
    "title": "Our Culture",
    "link": "https://www.alkermes.com/careers#our-culture",
    "timestamp": "unknown"
  },
  {
    "title": "Benefits",
    "link": "https://www.alkermes.com/careers#benefits",
    "timestamp": "unknown"
  },
  {
    "title": "Join Our Team",
    "link": "https://www.alkermes.com/careers#join-our-team",
    "timestamp": "unknown"
  },
  {
    "title": "NewsPress ReleasesOur StoriesMedia ResourcesContact Us",
    "link": "https://www.alkermes.com/news-and-events",
    "timestamp": "unknown"
  },
  {
    "title": "Press Releases",
    "link": "https://investor.alkermes.com/press-releases",
    "timestamp": "unknown"
  },
  {
    "title": "Our Stories",
    "link": "https://www.alkermes.com/news-and-events/our-stories",
    "timestamp": "unknown"
  },
  {
    "title": "Media Resources",
    "link": "https://www.alkermes.com/news-releases#media-resources",
    "timestamp": "unknown"
  },
  {
    "title": "Contact Us",
    "link": "https://www.alkermes.com/contact-us",
    "timestamp": "unknown"
  },
  {
    "title": "InvestorsPress ReleasesInvestor Events / PresentationsSEC FilingsAnnual ReportsCorporate GovernanceStock InformationInvestor ResourcesEmail Alerts",
    "link": "https://investor.alkermes.com/investor-relations",
    "timestamp": "unknown"
  },
  {
    "title": "Press Releases",
    "link": "https://investor.alkermes.com/press-releases",
    "timestamp": "unknown"
  },
  {
    "title": "Investor Events / Presentations",
    "link": "https://investor.alkermes.com/investor-events-presentations",
    "timestamp": "unknown"
  },
  {
    "title": "SEC Filings",
    "link": "https://investor.alkermes.com/sec-filings",
    "timestamp": "unknown"
  },
  {
    "title": "Annual Reports",
    "link": "https://investor.alkermes.com/annual-reports",
    "timestamp": "unknown"
  },
  {
    "title": "Corporate Governance",
    "link": "https://investor.alkermes.com/corporate-governance",
    "timestamp": "unknown"
  },
  {
    "title": "Stock Information",
    "link": "https://investor.alkermes.com/stock-information",
    "timestamp": "unknown"
  },
  {
    "title": "Investor Resources",
    "link": "https://investor.alkermes.com/investor-resources",
    "timestamp": "unknown"
  },
  {
    "title": "Email Alerts",
    "link": "https://investor.alkermes.com/email-alerts",
    "timestamp": "unknown"
  },
  {
    "title": "PresentationsCorporate Presentation \u2013 MayUpcoming Events//EDTQ3  Alkermes plc Earnings Conference CallListen to WebcastAdd to calendar:Add to OutlookA",
    "link": "https://investor.alkermes.com/static-files/1761ee96-05f1-4c45-8bf0-0953377aa641",
    "timestamp": "unknown"
  },
  {
    "title": "PresentationsCorporate Presentation \u2013 MayUpcoming Events//EDTQ3  Alkermes plc Earnings Conference CallListen to WebcastAdd to calendar:Add to OutlookA",
    "link": "https://investor.alkermes.com/static-files/1761ee96-05f1-4c45-8bf0-0953377aa641",
    "timestamp": "unknown"
  },
  {
    "title": "PresentationsCorporate Presentation \u2013 MayUpcoming Events//EDTQ3  Alkermes plc Earnings Conference CallListen to WebcastAdd to calendar:Add to OutlookA",
    "link": "https://investor.alkermes.com/static-files/1761ee96-05f1-4c45-8bf0-0953377aa641",
    "timestamp": "unknown"
  },
  {
    "title": "PresentationsCorporate Presentation \u2013 MayUpcoming Events//EDTQ3  Alkermes plc Earnings Conference CallListen to WebcastAdd to calendar:Add to OutlookA",
    "link": "https://investor.alkermes.com/static-files/1761ee96-05f1-4c45-8bf0-0953377aa641",
    "timestamp": "unknown"
  },
  {
    "title": "PresentationsCorporate Presentation \u2013 MayUpcoming Events//EDTQ3  Alkermes plc Earnings Conference CallListen to WebcastAdd to calendar:Add to OutlookA",
    "link": "https://investor.alkermes.com/static-files/1761ee96-05f1-4c45-8bf0-0953377aa641",
    "timestamp": "unknown"
  },
  {
    "title": "PresentationsCorporate Presentation \u2013 MayUpcoming Events//EDTQ3  Alkermes plc Earnings Conference CallListen to WebcastAdd to calendar:Add to OutlookA",
    "link": "https://investor.alkermes.com/static-files/1761ee96-05f1-4c45-8bf0-0953377aa641",
    "timestamp": "unknown"
  },
  {
    "title": "PresentationsCorporate Presentation \u2013 MayUpcoming Events//EDTQ3  Alkermes plc Earnings Conference CallListen to WebcastAdd to calendar:Add to OutlookA",
    "link": "https://investor.alkermes.com/static-files/1761ee96-05f1-4c45-8bf0-0953377aa641",
    "timestamp": "unknown"
  },
  {
    "title": "PresentationsCorporate Presentation \u2013 MayUpcoming Events//EDTQ3  Alkermes plc Earnings Conference CallListen to WebcastAdd to calendar:Add to OutlookA",
    "link": "https://investor.alkermes.com/static-files/1761ee96-05f1-4c45-8bf0-0953377aa641",
    "timestamp": "unknown"
  },
  {
    "title": "PresentationsCorporate Presentation \u2013 MayUpcoming Events//EDTQ3  Alkermes plc Earnings Conference CallListen to WebcastAdd to calendar:Add to OutlookA",
    "link": "https://investor.alkermes.com/static-files/1761ee96-05f1-4c45-8bf0-0953377aa641",
    "timestamp": "unknown"
  },
  {
    "title": "PresentationsCorporate Presentation \u2013 MayUpcoming Events//EDTQ3  Alkermes plc Earnings Conference CallListen to WebcastAdd to calendar:Add to OutlookA",
    "link": "https://investor.alkermes.com/static-files/1761ee96-05f1-4c45-8bf0-0953377aa641",
    "timestamp": "unknown"
  },
  {
    "title": "PresentationsCorporate Presentation \u2013 MayUpcoming Events//EDTQ3  Alkermes plc Earnings Conference CallListen to WebcastAdd to calendar:Add to OutlookA",
    "link": "https://investor.alkermes.com/static-files/1761ee96-05f1-4c45-8bf0-0953377aa641",
    "timestamp": "unknown"
  },
  {
    "title": "PresentationsCorporate Presentation \u2013 MayUpcoming Events//EDTQ3  Alkermes plc Earnings Conference CallListen to WebcastAdd to calendar:Add to OutlookA",
    "link": "https://investor.alkermes.com/static-files/1761ee96-05f1-4c45-8bf0-0953377aa641",
    "timestamp": "unknown"
  },
  {
    "title": "PresentationsCorporate Presentation \u2013 MayUpcoming Events//EDTQ3  Alkermes plc Earnings Conference CallListen to WebcastAdd to calendar:Add to OutlookA",
    "link": "https://investor.alkermes.com/static-files/1761ee96-05f1-4c45-8bf0-0953377aa641",
    "timestamp": "unknown"
  },
  {
    "title": "PresentationsCorporate Presentation \u2013 MayUpcoming Events//EDTQ3  Alkermes plc Earnings Conference CallListen to WebcastAdd to calendar:Add to OutlookA",
    "link": "https://investor.alkermes.com/static-files/1761ee96-05f1-4c45-8bf0-0953377aa641",
    "timestamp": "unknown"
  },
  {
    "title": "PresentationsCorporate Presentation \u2013 May",
    "link": "https://investor.alkermes.com/static-files/1761ee96-05f1-4c45-8bf0-0953377aa641",
    "timestamp": "unknown"
  },
  {
    "title": "PresentationsCorporate Presentation \u2013 May",
    "link": "https://investor.alkermes.com/static-files/1761ee96-05f1-4c45-8bf0-0953377aa641",
    "timestamp": "unknown"
  },
  {
    "title": "Corporate Presentation \u2013 May",
    "link": "https://investor.alkermes.com/static-files/1761ee96-05f1-4c45-8bf0-0953377aa641",
    "timestamp": "unknown"
  },
  {
    "title": "Corporate Presentation \u2013 May",
    "link": "https://investor.alkermes.com/static-files/1761ee96-05f1-4c45-8bf0-0953377aa641",
    "timestamp": "unknown"
  },
  {
    "title": "Corporate Presentation \u2013 May",
    "link": "https://investor.alkermes.com/static-files/1761ee96-05f1-4c45-8bf0-0953377aa641",
    "timestamp": "unknown"
  },
  {
    "title": "Corporate Presentation \u2013 May",
    "link": "https://investor.alkermes.com/static-files/1761ee96-05f1-4c45-8bf0-0953377aa641",
    "timestamp": "unknown"
  },
  {
    "title": "Corporate Presentation \u2013 May",
    "link": "https://investor.alkermes.com/static-files/1761ee96-05f1-4c45-8bf0-0953377aa641",
    "timestamp": "unknown"
  },
  {
    "title": "Corporate Presentation \u2013 May",
    "link": "https://investor.alkermes.com/static-files/1761ee96-05f1-4c45-8bf0-0953377aa641",
    "timestamp": "unknown"
  },
  {
    "title": "Upcoming Events//EDTQ3  Alkermes plc Earnings Conference CallListen to WebcastAdd to calendar:Add to OutlookAdd to Google Calendar",
    "link": "https://investor.alkermes.com/events/event-details/q3--alkermes-plc-earnings-conference-call",
    "timestamp": "unknown"
  },
  {
    "title": "Upcoming Events//EDTQ3  Alkermes plc Earnings Conference CallListen to WebcastAdd to calendar:Add to OutlookAdd to Google Calendar",
    "link": "https://investor.alkermes.com/events/event-details/q3--alkermes-plc-earnings-conference-call",
    "timestamp": "unknown"
  },
  {
    "title": "//EDTQ3  Alkermes plc Earnings Conference CallListen to WebcastAdd to calendar:Add to OutlookAdd to Google Calendar",
    "link": "https://investor.alkermes.com/events/event-details/q3--alkermes-plc-earnings-conference-call",
    "timestamp": "unknown"
  },
  {
    "title": "//EDTQ3  Alkermes plc Earnings Conference CallListen to WebcastAdd to calendar:Add to OutlookAdd to Google Calendar",
    "link": "https://investor.alkermes.com/events/event-details/q3--alkermes-plc-earnings-conference-call",
    "timestamp": "unknown"
  },
  {
    "title": "//EDTQ3  Alkermes plc Earnings Conference CallListen to WebcastAdd to calendar:Add to OutlookAdd to Google Calendar",
    "link": "https://investor.alkermes.com/events/event-details/q3--alkermes-plc-earnings-conference-call",
    "timestamp": "unknown"
  },
  {
    "title": "//EDTQ3  Alkermes plc Earnings Conference CallListen to WebcastAdd to calendar:Add to OutlookAdd to Google Calendar",
    "link": "https://investor.alkermes.com/events/event-details/q3--alkermes-plc-earnings-conference-call",
    "timestamp": "unknown"
  },
  {
    "title": "//EDTQ3  Alkermes plc Earnings Conference CallListen to WebcastAdd to calendar:Add to OutlookAdd to Google Calendar",
    "link": "https://investor.alkermes.com/events/event-details/q3--alkermes-plc-earnings-conference-call",
    "timestamp": "unknown"
  },
  {
    "title": "//EDTQ3  Alkermes plc Earnings Conference CallListen to WebcastAdd to calendar:Add to OutlookAdd to Google Calendar",
    "link": "https://investor.alkermes.com/events/event-details/q3--alkermes-plc-earnings-conference-call",
    "timestamp": "unknown"
  },
  {
    "title": "Q3  Alkermes plc Earnings Conference CallListen to WebcastAdd to calendar:Add to OutlookAdd to Google Calendar",
    "link": "https://investor.alkermes.com/events/event-details/q3--alkermes-plc-earnings-conference-call",
    "timestamp": "unknown"
  },
  {
    "title": "Q3  Alkermes plc Earnings Conference Call",
    "link": "https://investor.alkermes.com/events/event-details/q3--alkermes-plc-earnings-conference-call",
    "timestamp": "unknown"
  },
  {
    "title": "Q3  Alkermes plc Earnings Conference Call",
    "link": "https://investor.alkermes.com/events/event-details/q3--alkermes-plc-earnings-conference-call",
    "timestamp": "unknown"
  },
  {
    "title": "Listen to Webcast",
    "link": "https://edge.media-server.com/mmc/p/qpcu86i6",
    "timestamp": "unknown"
  },
  {
    "title": "Listen to Webcast",
    "link": "https://edge.media-server.com/mmc/p/qpcu86i6",
    "timestamp": "unknown"
  },
  {
    "title": "Listen to Webcast",
    "link": "https://edge.media-server.com/mmc/p/qpcu86i6",
    "timestamp": "unknown"
  },
  {
    "title": "Listen to Webcast",
    "link": "https://edge.media-server.com/mmc/p/qpcu86i6",
    "timestamp": "unknown"
  },
  {
    "title": "Add to calendar:Add to OutlookAdd to Google Calendar",
    "link": "https://investor.alkermes.com/node//ics",
    "timestamp": "unknown"
  },
  {
    "title": "Add to calendar:Add to OutlookAdd to Google Calendar",
    "link": "https://investor.alkermes.com/node//ics",
    "timestamp": "unknown"
  },
  {
    "title": "Add to OutlookAdd to Google Calendar",
    "link": "https://investor.alkermes.com/node//ics",
    "timestamp": "unknown"
  },
  {
    "title": "Add to Outlook",
    "link": "https://investor.alkermes.com/node//ics",
    "timestamp": "unknown"
  },
  {
    "title": "Add to Outlook",
    "link": "https://investor.alkermes.com/node//ics",
    "timestamp": "unknown"
  },
  {
    "title": "Add to Outlook",
    "link": "https://investor.alkermes.com/node//ics",
    "timestamp": "unknown"
  },
  {
    "title": "Add to Google Calendar",
    "link": "https://www.google.com/calendar/render?action=TEMPLATE&text=Alkermes%20plc%-%20Q3%%20Alkermes%20plc%20Earnings%20Conference%20Call&dates=20251028T120000Z/20251028T120000Z&details=Event%20Details%3A%20https%3A//investor.alkermes.com/events/event-details/q3--alkermes-plc-earnings-conference-call%0A%0AWebcast%3A%20https%3A//edge.media-server.com/mmc/p/qpcu86i6&location=&trp=false&sprop=name%3A",
    "timestamp": "unknown"
  },
  {
    "title": "Add to Google Calendar",
    "link": "https://www.google.com/calendar/render?action=TEMPLATE&text=Alkermes%20plc%-%20Q3%%20Alkermes%20plc%20Earnings%20Conference%20Call&dates=20251028T120000Z/20251028T120000Z&details=Event%20Details%3A%20https%3A//investor.alkermes.com/events/event-details/q3--alkermes-plc-earnings-conference-call%0A%0AWebcast%3A%20https%3A//edge.media-server.com/mmc/p/qpcu86i6&location=&trp=false&sprop=name%3A",
    "timestamp": "unknown"
  },
  {
    "title": "Add to Google Calendar",
    "link": "https://www.google.com/calendar/render?action=TEMPLATE&text=Alkermes%20plc%-%20Q3%%20Alkermes%20plc%20Earnings%20Conference%20Call&dates=20251028T120000Z/20251028T120000Z&details=Event%20Details%3A%20https%3A//investor.alkermes.com/events/event-details/q3--alkermes-plc-earnings-conference-call%0A%0AWebcast%3A%20https%3A//edge.media-server.com/mmc/p/qpcu86i6&location=&trp=false&sprop=name%3A",
    "timestamp": "unknown"
  },
  {
    "title": "Past Events//EDTWorld Sleep : Alixorexton (ALKS ) Narcolepsy Type  Phase  DataAlkermes Scientific PresentationsMBAlixorexton (ALKS ) Narcolepsy Type  ",
    "link": "https://investor.alkermes.com/events/event-details/world-sleep--alixorexton-alks--narcolepsy-type--phase--data",
    "timestamp": "unknown"
  },
  {
    "title": "Past Events//EDTWorld Sleep : Alixorexton (ALKS ) Narcolepsy Type  Phase  DataAlkermes Scientific PresentationsMBAlixorexton (ALKS ) Narcolepsy Type  ",
    "link": "https://investor.alkermes.com/events/event-details/world-sleep--alixorexton-alks--narcolepsy-type--phase--data",
    "timestamp": "unknown"
  },
  {
    "title": "//EDTWorld Sleep : Alixorexton (ALKS ) Narcolepsy Type  Phase  DataAlkermes Scientific PresentationsMBAlixorexton (ALKS ) Narcolepsy Type  Phase  Data",
    "link": "https://investor.alkermes.com/events/event-details/world-sleep--alixorexton-alks--narcolepsy-type--phase--data",
    "timestamp": "unknown"
  },
  {
    "title": "//EDTWorld Sleep : Alixorexton (ALKS ) Narcolepsy Type  Phase  DataAlkermes Scientific PresentationsMBAlixorexton (ALKS ) Narcolepsy Type  Phase  Data",
    "link": "https://investor.alkermes.com/events/event-details/world-sleep--alixorexton-alks--narcolepsy-type--phase--data",
    "timestamp": "unknown"
  },
  {
    "title": "//EDTWorld Sleep : Alixorexton (ALKS ) Narcolepsy Type  Phase  DataAlkermes Scientific PresentationsMBAlixorexton (ALKS ) Narcolepsy Type  Phase  Data",
    "link": "https://investor.alkermes.com/events/event-details/world-sleep--alixorexton-alks--narcolepsy-type--phase--data",
    "timestamp": "unknown"
  },
  {
    "title": "//EDTWorld Sleep : Alixorexton (ALKS ) Narcolepsy Type  Phase  DataAlkermes Scientific PresentationsMBAlixorexton (ALKS ) Narcolepsy Type  Phase  Data",
    "link": "https://investor.alkermes.com/events/event-details/world-sleep--alixorexton-alks--narcolepsy-type--phase--data",
    "timestamp": "unknown"
  },
  {
    "title": "//EDTWorld Sleep : Alixorexton (ALKS ) Narcolepsy Type  Phase  DataAlkermes Scientific PresentationsMBAlixorexton (ALKS ) Narcolepsy Type  Phase  Data",
    "link": "https://investor.alkermes.com/events/event-details/world-sleep--alixorexton-alks--narcolepsy-type--phase--data",
    "timestamp": "unknown"
  },
  {
    "title": "//EDTWorld Sleep : Alixorexton (ALKS ) Narcolepsy Type  Phase  DataAlkermes Scientific PresentationsMBAlixorexton (ALKS ) Narcolepsy Type  Phase  Data",
    "link": "https://investor.alkermes.com/events/event-details/world-sleep--alixorexton-alks--narcolepsy-type--phase--data",
    "timestamp": "unknown"
  },
  {
    "title": "World Sleep : Alixorexton (ALKS ) Narcolepsy Type  Phase  DataAlkermes Scientific PresentationsMBAlixorexton (ALKS ) Narcolepsy Type  Phase  Data Inve",
    "link": "https://investor.alkermes.com/events/event-details/world-sleep--alixorexton-alks--narcolepsy-type--phase--data",
    "timestamp": "unknown"
  },
  {
    "title": "World Sleep : Alixorexton (ALKS ) Narcolepsy Type  Phase  Data",
    "link": "https://investor.alkermes.com/events/event-details/world-sleep--alixorexton-alks--narcolepsy-type--phase--data",
    "timestamp": "unknown"
  },
  {
    "title": "World Sleep : Alixorexton (ALKS ) Narcolepsy Type  Phase  Data",
    "link": "https://investor.alkermes.com/events/event-details/world-sleep--alixorexton-alks--narcolepsy-type--phase--data",
    "timestamp": "unknown"
  },
  {
    "title": "Alkermes Scientific PresentationsMBAlixorexton (ALKS ) Narcolepsy Type  Phase  Data Investor Presentation. MBALKS World Sleep  Prepared Remarks. KB",
    "link": "https://investor.alkermes.com/static-files/3cefefd9-8d69---2709712cae0f",
    "timestamp": "unknown"
  },
  {
    "title": "Alkermes Scientific PresentationsMBAlixorexton (ALKS ) Narcolepsy Type  Phase  Data Investor Presentation. MBALKS World Sleep  Prepared Remarks. KB",
    "link": "https://investor.alkermes.com/static-files/3cefefd9-8d69---2709712cae0f",
    "timestamp": "unknown"
  },
  {
    "title": "Alkermes Scientific PresentationsMBAlixorexton (ALKS ) Narcolepsy Type  Phase  Data Investor Presentation. MBALKS World Sleep  Prepared Remarks. KB",
    "link": "https://investor.alkermes.com/static-files/3cefefd9-8d69---2709712cae0f",
    "timestamp": "unknown"
  },
  {
    "title": "Alkermes Scientific PresentationsMBAlixorexton (ALKS ) Narcolepsy Type  Phase  Data Investor Presentation. MBALKS World Sleep  Prepared Remarks. KB",
    "link": "https://investor.alkermes.com/static-files/3cefefd9-8d69---2709712cae0f",
    "timestamp": "unknown"
  },
  {
    "title": "Alkermes Scientific PresentationsMB",
    "link": "https://investor.alkermes.com/static-files/3cefefd9-8d69---2709712cae0f",
    "timestamp": "unknown"
  },
  {
    "title": "Alkermes Scientific PresentationsMB",
    "link": "https://investor.alkermes.com/static-files/3cefefd9-8d69---2709712cae0f",
    "timestamp": "unknown"
  },
  {
    "title": "Alkermes Scientific PresentationsMB",
    "link": "https://investor.alkermes.com/static-files/3cefefd9-8d69---2709712cae0f",
    "timestamp": "unknown"
  },
  {
    "title": "Alkermes Scientific PresentationsMB",
    "link": "https://investor.alkermes.com/static-files/3cefefd9-8d69---2709712cae0f",
    "timestamp": "unknown"
  },
  {
    "title": "Alkermes Scientific PresentationsMB",
    "link": "https://investor.alkermes.com/static-files/3cefefd9-8d69---2709712cae0f",
    "timestamp": "unknown"
  },
  {
    "title": "Alkermes Scientific PresentationsMB",
    "link": "https://investor.alkermes.com/static-files/3cefefd9-8d69---2709712cae0f",
    "timestamp": "unknown"
  },
  {
    "title": "Alkermes Scientific PresentationsMB",
    "link": "https://investor.alkermes.com/static-files/3cefefd9-8d69---2709712cae0f",
    "timestamp": "unknown"
  },
  {
    "title": "Alixorexton (ALKS ) Narcolepsy Type  Phase  Data Investor Presentation. MB",
    "link": "https://investor.alkermes.com/static-files/0ec0cb02----7ca1c4b2a58d",
    "timestamp": "unknown"
  },
  {
    "title": "Alixorexton (ALKS ) Narcolepsy Type  Phase  Data Investor Presentation. MB",
    "link": "https://investor.alkermes.com/static-files/0ec0cb02----7ca1c4b2a58d",
    "timestamp": "unknown"
  },
  {
    "title": "Alixorexton (ALKS ) Narcolepsy Type  Phase  Data Investor Presentation. MB",
    "link": "https://investor.alkermes.com/static-files/0ec0cb02----7ca1c4b2a58d",
    "timestamp": "unknown"
  },
  {
    "title": "Alixorexton (ALKS ) Narcolepsy Type  Phase  Data Investor Presentation. MB",
    "link": "https://investor.alkermes.com/static-files/0ec0cb02----7ca1c4b2a58d",
    "timestamp": "unknown"
  },
  {
    "title": "Alixorexton (ALKS ) Narcolepsy Type  Phase  Data Investor Presentation. MB",
    "link": "https://investor.alkermes.com/static-files/0ec0cb02----7ca1c4b2a58d",
    "timestamp": "unknown"
  },
  {
    "title": "Alixorexton (ALKS ) Narcolepsy Type  Phase  Data Investor Presentation. MB",
    "link": "https://investor.alkermes.com/static-files/0ec0cb02----7ca1c4b2a58d",
    "timestamp": "unknown"
  },
  {
    "title": "Alixorexton (ALKS ) Narcolepsy Type  Phase  Data Investor Presentation. MB",
    "link": "https://investor.alkermes.com/static-files/0ec0cb02----7ca1c4b2a58d",
    "timestamp": "unknown"
  },
  {
    "title": "ALKS World Sleep  Prepared Remarks. KB",
    "link": "https://investor.alkermes.com/static-files/ca4b6db9-a4ff--96e7-4210ee574990",
    "timestamp": "unknown"
  },
  {
    "title": "ALKS World Sleep  Prepared Remarks. KB",
    "link": "https://investor.alkermes.com/static-files/ca4b6db9-a4ff--96e7-4210ee574990",
    "timestamp": "unknown"
  },
  {
    "title": "ALKS World Sleep  Prepared Remarks. KB",
    "link": "https://investor.alkermes.com/static-files/ca4b6db9-a4ff--96e7-4210ee574990",
    "timestamp": "unknown"
  },
  {
    "title": "ALKS World Sleep  Prepared Remarks. KB",
    "link": "https://investor.alkermes.com/static-files/ca4b6db9-a4ff--96e7-4210ee574990",
    "timestamp": "unknown"
  },
  {
    "title": "ALKS World Sleep  Prepared Remarks. KB",
    "link": "https://investor.alkermes.com/static-files/ca4b6db9-a4ff--96e7-4210ee574990",
    "timestamp": "unknown"
  },
  {
    "title": "ALKS World Sleep  Prepared Remarks. KB",
    "link": "https://investor.alkermes.com/static-files/ca4b6db9-a4ff--96e7-4210ee574990",
    "timestamp": "unknown"
  },
  {
    "title": "ALKS World Sleep  Prepared Remarks. KB",
    "link": "https://investor.alkermes.com/static-files/ca4b6db9-a4ff--96e7-4210ee574990",
    "timestamp": "unknown"
  },
  {
    "title": "//EDTQ2  Alkermes plc Earnings Conference CallAlkermes Q2  Financial Results Presentation. KBAlkermes Q2  Prepared RemarksKB",
    "link": "https://investor.alkermes.com/events/event-details/q2--alkermes-plc-earnings-conference-call",
    "timestamp": "unknown"
  },
  {
    "title": "//EDTQ2  Alkermes plc Earnings Conference CallAlkermes Q2  Financial Results Presentation. KBAlkermes Q2  Prepared RemarksKB",
    "link": "https://investor.alkermes.com/events/event-details/q2--alkermes-plc-earnings-conference-call",
    "timestamp": "unknown"
  },
  {
    "title": "//EDTQ2  Alkermes plc Earnings Conference CallAlkermes Q2  Financial Results Presentation. KBAlkermes Q2  Prepared RemarksKB",
    "link": "https://investor.alkermes.com/events/event-details/q2--alkermes-plc-earnings-conference-call",
    "timestamp": "unknown"
  },
  {
    "title": "Q2  Alkermes plc Earnings Conference CallAlkermes Q2  Financial Results Presentation. KBAlkermes Q2  Prepared RemarksKB",
    "link": "https://investor.alkermes.com/events/event-details/q2--alkermes-plc-earnings-conference-call",
    "timestamp": "unknown"
  },
  {
    "title": "Q2  Alkermes plc Earnings Conference Call",
    "link": "https://investor.alkermes.com/events/event-details/q2--alkermes-plc-earnings-conference-call",
    "timestamp": "unknown"
  },
  {
    "title": "Q2  Alkermes plc Earnings Conference Call",
    "link": "https://investor.alkermes.com/events/event-details/q2--alkermes-plc-earnings-conference-call",
    "timestamp": "unknown"
  },
  {
    "title": "Alkermes Q2  Financial Results Presentation. KBAlkermes Q2  Prepared RemarksKB",
    "link": "https://investor.alkermes.com/static-files/406487db-f226--983e-d1c0a1db56d3",
    "timestamp": "unknown"
  },
  {
    "title": "Alkermes Q2  Financial Results Presentation. KBAlkermes Q2  Prepared RemarksKB",
    "link": "https://investor.alkermes.com/static-files/406487db-f226--983e-d1c0a1db56d3",
    "timestamp": "unknown"
  },
  {
    "title": "Alkermes Q2  Financial Results Presentation. KBAlkermes Q2  Prepared RemarksKB",
    "link": "https://investor.alkermes.com/static-files/406487db-f226--983e-d1c0a1db56d3",
    "timestamp": "unknown"
  },
  {
    "title": "Alkermes Q2  Financial Results Presentation. KBAlkermes Q2  Prepared RemarksKB",
    "link": "https://investor.alkermes.com/static-files/406487db-f226--983e-d1c0a1db56d3",
    "timestamp": "unknown"
  },
  {
    "title": "Alkermes Q2  Financial Results Presentation. KB",
    "link": "https://investor.alkermes.com/static-files/406487db-f226--983e-d1c0a1db56d3",
    "timestamp": "unknown"
  },
  {
    "title": "Alkermes Q2  Financial Results Presentation. KB",
    "link": "https://investor.alkermes.com/static-files/406487db-f226--983e-d1c0a1db56d3",
    "timestamp": "unknown"
  },
  {
    "title": "Alkermes Q2  Financial Results Presentation. KB",
    "link": "https://investor.alkermes.com/static-files/406487db-f226--983e-d1c0a1db56d3",
    "timestamp": "unknown"
  },
  {
    "title": "Alkermes Q2  Financial Results Presentation. KB",
    "link": "https://investor.alkermes.com/static-files/406487db-f226--983e-d1c0a1db56d3",
    "timestamp": "unknown"
  },
  {
    "title": "Alkermes Q2  Financial Results Presentation. KB",
    "link": "https://investor.alkermes.com/static-files/406487db-f226--983e-d1c0a1db56d3",
    "timestamp": "unknown"
  },
  {
    "title": "Alkermes Q2  Financial Results Presentation. KB",
    "link": "https://investor.alkermes.com/static-files/406487db-f226--983e-d1c0a1db56d3",
    "timestamp": "unknown"
  },
  {
    "title": "Alkermes Q2  Financial Results Presentation. KB",
    "link": "https://investor.alkermes.com/static-files/406487db-f226--983e-d1c0a1db56d3",
    "timestamp": "unknown"
  },
  {
    "title": "Alkermes Q2  Prepared RemarksKB",
    "link": "https://investor.alkermes.com/static-files/bd84cebe-d139-4dd3-b4cc-d141e82c1aa8",
    "timestamp": "unknown"
  },
  {
    "title": "Alkermes Q2  Prepared RemarksKB",
    "link": "https://investor.alkermes.com/static-files/bd84cebe-d139-4dd3-b4cc-d141e82c1aa8",
    "timestamp": "unknown"
  },
  {
    "title": "Alkermes Q2  Prepared RemarksKB",
    "link": "https://investor.alkermes.com/static-files/bd84cebe-d139-4dd3-b4cc-d141e82c1aa8",
    "timestamp": "unknown"
  },
  {
    "title": "Alkermes Q2  Prepared RemarksKB",
    "link": "https://investor.alkermes.com/static-files/bd84cebe-d139-4dd3-b4cc-d141e82c1aa8",
    "timestamp": "unknown"
  },
  {
    "title": "Alkermes Q2  Prepared RemarksKB",
    "link": "https://investor.alkermes.com/static-files/bd84cebe-d139-4dd3-b4cc-d141e82c1aa8",
    "timestamp": "unknown"
  },
  {
    "title": "Alkermes Q2  Prepared RemarksKB",
    "link": "https://investor.alkermes.com/static-files/bd84cebe-d139-4dd3-b4cc-d141e82c1aa8",
    "timestamp": "unknown"
  },
  {
    "title": "Alkermes Q2  Prepared RemarksKB",
    "link": "https://investor.alkermes.com/static-files/bd84cebe-d139-4dd3-b4cc-d141e82c1aa8",
    "timestamp": "unknown"
  },
  {
    "title": "//EDTGoldman Sachs 46th Annual Global Healthcare Conference",
    "link": "https://investor.alkermes.com/events/event-details/goldman-sachs-46th-annual-global-healthcare-conference",
    "timestamp": "unknown"
  },
  {
    "title": "//EDTGoldman Sachs 46th Annual Global Healthcare Conference",
    "link": "https://investor.alkermes.com/events/event-details/goldman-sachs-46th-annual-global-healthcare-conference",
    "timestamp": "unknown"
  },
  {
    "title": "//EDTGoldman Sachs 46th Annual Global Healthcare Conference",
    "link": "https://investor.alkermes.com/events/event-details/goldman-sachs-46th-annual-global-healthcare-conference",
    "timestamp": "unknown"
  },
  {
    "title": "Goldman Sachs 46th Annual Global Healthcare Conference",
    "link": "https://investor.alkermes.com/events/event-details/goldman-sachs-46th-annual-global-healthcare-conference",
    "timestamp": "unknown"
  },
  {
    "title": "Goldman Sachs 46th Annual Global Healthcare Conference",
    "link": "https://investor.alkermes.com/events/event-details/goldman-sachs-46th-annual-global-healthcare-conference",
    "timestamp": "unknown"
  },
  {
    "title": "Goldman Sachs 46th Annual Global Healthcare Conference",
    "link": "https://investor.alkermes.com/events/event-details/goldman-sachs-46th-annual-global-healthcare-conference",
    "timestamp": "unknown"
  },
  {
    "title": "//EDTQ1  Alkermes plc Earnings Conference CallAlkermes Q1  Financial Results Presentation. KBAlkermes Q1  Prepared Remarks. KB",
    "link": "https://investor.alkermes.com/events/event-details/q1--alkermes-plc-earnings-conference-call",
    "timestamp": "unknown"
  },
  {
    "title": "//EDTQ1  Alkermes plc Earnings Conference CallAlkermes Q1  Financial Results Presentation. KBAlkermes Q1  Prepared Remarks. KB",
    "link": "https://investor.alkermes.com/events/event-details/q1--alkermes-plc-earnings-conference-call",
    "timestamp": "unknown"
  },
  {
    "title": "//EDTQ1  Alkermes plc Earnings Conference CallAlkermes Q1  Financial Results Presentation. KBAlkermes Q1  Prepared Remarks. KB",
    "link": "https://investor.alkermes.com/events/event-details/q1--alkermes-plc-earnings-conference-call",
    "timestamp": "unknown"
  },
  {
    "title": "Q1  Alkermes plc Earnings Conference CallAlkermes Q1  Financial Results Presentation. KBAlkermes Q1  Prepared Remarks. KB",
    "link": "https://investor.alkermes.com/events/event-details/q1--alkermes-plc-earnings-conference-call",
    "timestamp": "unknown"
  },
  {
    "title": "Q1  Alkermes plc Earnings Conference Call",
    "link": "https://investor.alkermes.com/events/event-details/q1--alkermes-plc-earnings-conference-call",
    "timestamp": "unknown"
  },
  {
    "title": "Q1  Alkermes plc Earnings Conference Call",
    "link": "https://investor.alkermes.com/events/event-details/q1--alkermes-plc-earnings-conference-call",
    "timestamp": "unknown"
  },
  {
    "title": "Alkermes Q1  Financial Results Presentation. KBAlkermes Q1  Prepared Remarks. KB",
    "link": "https://investor.alkermes.com/static-files/9e451726--46ff--8296211d635e",
    "timestamp": "unknown"
  },
  {
    "title": "Alkermes Q1  Financial Results Presentation. KBAlkermes Q1  Prepared Remarks. KB",
    "link": "https://investor.alkermes.com/static-files/9e451726--46ff--8296211d635e",
    "timestamp": "unknown"
  },
  {
    "title": "Alkermes Q1  Financial Results Presentation. KBAlkermes Q1  Prepared Remarks. KB",
    "link": "https://investor.alkermes.com/static-files/9e451726--46ff--8296211d635e",
    "timestamp": "unknown"
  },
  {
    "title": "Alkermes Q1  Financial Results Presentation. KBAlkermes Q1  Prepared Remarks. KB",
    "link": "https://investor.alkermes.com/static-files/9e451726--46ff--8296211d635e",
    "timestamp": "unknown"
  },
  {
    "title": "Alkermes Q1  Financial Results Presentation. KB",
    "link": "https://investor.alkermes.com/static-files/9e451726--46ff--8296211d635e",
    "timestamp": "unknown"
  },
  {
    "title": "Alkermes Q1  Financial Results Presentation. KB",
    "link": "https://investor.alkermes.com/static-files/9e451726--46ff--8296211d635e",
    "timestamp": "unknown"
  },
  {
    "title": "Alkermes Q1  Financial Results Presentation. KB",
    "link": "https://investor.alkermes.com/static-files/9e451726--46ff--8296211d635e",
    "timestamp": "unknown"
  },
  {
    "title": "Alkermes Q1  Financial Results Presentation. KB",
    "link": "https://investor.alkermes.com/static-files/9e451726--46ff--8296211d635e",
    "timestamp": "unknown"
  },
  {
    "title": "Alkermes Q1  Financial Results Presentation. KB",
    "link": "https://investor.alkermes.com/static-files/9e451726--46ff--8296211d635e",
    "timestamp": "unknown"
  },
  {
    "title": "Alkermes Q1  Financial Results Presentation. KB",
    "link": "https://investor.alkermes.com/static-files/9e451726--46ff--8296211d635e",
    "timestamp": "unknown"
  },
  {
    "title": "Alkermes Q1  Financial Results Presentation. KB",
    "link": "https://investor.alkermes.com/static-files/9e451726--46ff--8296211d635e",
    "timestamp": "unknown"
  },
  {
    "title": "Alkermes Q1  Prepared Remarks. KB",
    "link": "https://investor.alkermes.com/static-files/9eecc960-7a9c-4e31--28afc78b6b24",
    "timestamp": "unknown"
  },
  {
    "title": "Alkermes Q1  Prepared Remarks. KB",
    "link": "https://investor.alkermes.com/static-files/9eecc960-7a9c-4e31--28afc78b6b24",
    "timestamp": "unknown"
  },
  {
    "title": "Alkermes Q1  Prepared Remarks. KB",
    "link": "https://investor.alkermes.com/static-files/9eecc960-7a9c-4e31--28afc78b6b24",
    "timestamp": "unknown"
  },
  {
    "title": "Alkermes Q1  Prepared Remarks. KB",
    "link": "https://investor.alkermes.com/static-files/9eecc960-7a9c-4e31--28afc78b6b24",
    "timestamp": "unknown"
  },
  {
    "title": "Alkermes Q1  Prepared Remarks. KB",
    "link": "https://investor.alkermes.com/static-files/9eecc960-7a9c-4e31--28afc78b6b24",
    "timestamp": "unknown"
  },
  {
    "title": "Alkermes Q1  Prepared Remarks. KB",
    "link": "https://investor.alkermes.com/static-files/9eecc960-7a9c-4e31--28afc78b6b24",
    "timestamp": "unknown"
  },
  {
    "title": "Alkermes Q1  Prepared Remarks. KB",
    "link": "https://investor.alkermes.com/static-files/9eecc960-7a9c-4e31--28afc78b6b24",
    "timestamp": "unknown"
  },
  {
    "title": "//EDT24th Annual Needham Virtual Healthcare Conference",
    "link": "https://investor.alkermes.com/events/event-details/24th-annual-needham-virtual-healthcare-conference",
    "timestamp": "unknown"
  },
  {
    "title": "//EDT24th Annual Needham Virtual Healthcare Conference",
    "link": "https://investor.alkermes.com/events/event-details/24th-annual-needham-virtual-healthcare-conference",
    "timestamp": "unknown"
  },
  {
    "title": "//EDT24th Annual Needham Virtual Healthcare Conference",
    "link": "https://investor.alkermes.com/events/event-details/24th-annual-needham-virtual-healthcare-conference",
    "timestamp": "unknown"
  },
  {
    "title": "24th Annual Needham Virtual Healthcare Conference",
    "link": "https://investor.alkermes.com/events/event-details/24th-annual-needham-virtual-healthcare-conference",
    "timestamp": "unknown"
  },
  {
    "title": "24th Annual Needham Virtual Healthcare Conference",
    "link": "https://investor.alkermes.com/events/event-details/24th-annual-needham-virtual-healthcare-conference",
    "timestamp": "unknown"
  },
  {
    "title": "24th Annual Needham Virtual Healthcare Conference",
    "link": "https://investor.alkermes.com/events/event-details/24th-annual-needham-virtual-healthcare-conference",
    "timestamp": "unknown"
  },
  {
    "title": "//EDTLeerink Partners Global Healthcare Conference",
    "link": "https://investor.alkermes.com/events/event-details/leerink-partners-global-healthcare-conference-",
    "timestamp": "unknown"
  },
  {
    "title": "//EDTLeerink Partners Global Healthcare Conference",
    "link": "https://investor.alkermes.com/events/event-details/leerink-partners-global-healthcare-conference-",
    "timestamp": "unknown"
  },
  {
    "title": "//EDTLeerink Partners Global Healthcare Conference",
    "link": "https://investor.alkermes.com/events/event-details/leerink-partners-global-healthcare-conference-",
    "timestamp": "unknown"
  },
  {
    "title": "Leerink Partners Global Healthcare Conference",
    "link": "https://investor.alkermes.com/events/event-details/leerink-partners-global-healthcare-conference-",
    "timestamp": "unknown"
  },
  {
    "title": "Leerink Partners Global Healthcare Conference",
    "link": "https://investor.alkermes.com/events/event-details/leerink-partners-global-healthcare-conference-",
    "timestamp": "unknown"
  },
  {
    "title": "Leerink Partners Global Healthcare Conference",
    "link": "https://investor.alkermes.com/events/event-details/leerink-partners-global-healthcare-conference-",
    "timestamp": "unknown"
  },
  {
    "title": "//ESTTD Cowen 45th Annual Health Care Conference",
    "link": "https://investor.alkermes.com/events/event-details/td-cowen-45th-annual-health-care-conference",
    "timestamp": "unknown"
  },
  {
    "title": "//ESTTD Cowen 45th Annual Health Care Conference",
    "link": "https://investor.alkermes.com/events/event-details/td-cowen-45th-annual-health-care-conference",
    "timestamp": "unknown"
  },
  {
    "title": "//ESTTD Cowen 45th Annual Health Care Conference",
    "link": "https://investor.alkermes.com/events/event-details/td-cowen-45th-annual-health-care-conference",
    "timestamp": "unknown"
  },
  {
    "title": "TD Cowen 45th Annual Health Care Conference",
    "link": "https://investor.alkermes.com/events/event-details/td-cowen-45th-annual-health-care-conference",
    "timestamp": "unknown"
  },
  {
    "title": "TD Cowen 45th Annual Health Care Conference",
    "link": "https://investor.alkermes.com/events/event-details/td-cowen-45th-annual-health-care-conference",
    "timestamp": "unknown"
  },
  {
    "title": "TD Cowen 45th Annual Health Care Conference",
    "link": "https://investor.alkermes.com/events/event-details/td-cowen-45th-annual-health-care-conference",
    "timestamp": "unknown"
  },
  {
    "title": "//ESTQ4  Alkermes plc Earnings Conference CallAlkermes Q4  Financial Results Presentation. KBAlkermes Q4  Prepared Remarks. KB",
    "link": "https://investor.alkermes.com/events/event-details/q4--alkermes-plc-earnings-conference-call",
    "timestamp": "unknown"
  },
  {
    "title": "//ESTQ4  Alkermes plc Earnings Conference CallAlkermes Q4  Financial Results Presentation. KBAlkermes Q4  Prepared Remarks. KB",
    "link": "https://investor.alkermes.com/events/event-details/q4--alkermes-plc-earnings-conference-call",
    "timestamp": "unknown"
  },
  {
    "title": "//ESTQ4  Alkermes plc Earnings Conference CallAlkermes Q4  Financial Results Presentation. KBAlkermes Q4  Prepared Remarks. KB",
    "link": "https://investor.alkermes.com/events/event-details/q4--alkermes-plc-earnings-conference-call",
    "timestamp": "unknown"
  },
  {
    "title": "Q4  Alkermes plc Earnings Conference CallAlkermes Q4  Financial Results Presentation. KBAlkermes Q4  Prepared Remarks. KB",
    "link": "https://investor.alkermes.com/events/event-details/q4--alkermes-plc-earnings-conference-call",
    "timestamp": "unknown"
  },
  {
    "title": "Q4  Alkermes plc Earnings Conference Call",
    "link": "https://investor.alkermes.com/events/event-details/q4--alkermes-plc-earnings-conference-call",
    "timestamp": "unknown"
  },
  {
    "title": "Q4  Alkermes plc Earnings Conference Call",
    "link": "https://investor.alkermes.com/events/event-details/q4--alkermes-plc-earnings-conference-call",
    "timestamp": "unknown"
  },
  {
    "title": "Alkermes Q4  Financial Results Presentation. KBAlkermes Q4  Prepared Remarks. KB",
    "link": "https://investor.alkermes.com/static-files/2dc67144-9b40-4e3f--b9889df0bdf1",
    "timestamp": "unknown"
  },
  {
    "title": "Alkermes Q4  Financial Results Presentation. KBAlkermes Q4  Prepared Remarks. KB",
    "link": "https://investor.alkermes.com/static-files/2dc67144-9b40-4e3f--b9889df0bdf1",
    "timestamp": "unknown"
  },
  {
    "title": "Alkermes Q4  Financial Results Presentation. KBAlkermes Q4  Prepared Remarks. KB",
    "link": "https://investor.alkermes.com/static-files/2dc67144-9b40-4e3f--b9889df0bdf1",
    "timestamp": "unknown"
  },
  {
    "title": "Alkermes Q4  Financial Results Presentation. KBAlkermes Q4  Prepared Remarks. KB",
    "link": "https://investor.alkermes.com/static-files/2dc67144-9b40-4e3f--b9889df0bdf1",
    "timestamp": "unknown"
  },
  {
    "title": "Alkermes Q4  Financial Results Presentation. KB",
    "link": "https://investor.alkermes.com/static-files/2dc67144-9b40-4e3f--b9889df0bdf1",
    "timestamp": "unknown"
  },
  {
    "title": "Alkermes Q4  Financial Results Presentation. KB",
    "link": "https://investor.alkermes.com/static-files/2dc67144-9b40-4e3f--b9889df0bdf1",
    "timestamp": "unknown"
  },
  {
    "title": "Alkermes Q4  Financial Results Presentation. KB",
    "link": "https://investor.alkermes.com/static-files/2dc67144-9b40-4e3f--b9889df0bdf1",
    "timestamp": "unknown"
  },
  {
    "title": "Alkermes Q4  Financial Results Presentation. KB",
    "link": "https://investor.alkermes.com/static-files/2dc67144-9b40-4e3f--b9889df0bdf1",
    "timestamp": "unknown"
  },
  {
    "title": "Alkermes Q4  Financial Results Presentation. KB",
    "link": "https://investor.alkermes.com/static-files/2dc67144-9b40-4e3f--b9889df0bdf1",
    "timestamp": "unknown"
  },
  {
    "title": "Alkermes Q4  Financial Results Presentation. KB",
    "link": "https://investor.alkermes.com/static-files/2dc67144-9b40-4e3f--b9889df0bdf1",
    "timestamp": "unknown"
  },
  {
    "title": "Alkermes Q4  Financial Results Presentation. KB",
    "link": "https://investor.alkermes.com/static-files/2dc67144-9b40-4e3f--b9889df0bdf1",
    "timestamp": "unknown"
  },
  {
    "title": "Alkermes Q4  Prepared Remarks. KB",
    "link": "https://investor.alkermes.com/static-files/7eb74810-45e4-4f9a-8f07-d8a33abcc169",
    "timestamp": "unknown"
  },
  {
    "title": "Alkermes Q4  Prepared Remarks. KB",
    "link": "https://investor.alkermes.com/static-files/7eb74810-45e4-4f9a-8f07-d8a33abcc169",
    "timestamp": "unknown"
  },
  {
    "title": "Alkermes Q4  Prepared Remarks. KB",
    "link": "https://investor.alkermes.com/static-files/7eb74810-45e4-4f9a-8f07-d8a33abcc169",
    "timestamp": "unknown"
  },
  {
    "title": "Alkermes Q4  Prepared Remarks. KB",
    "link": "https://investor.alkermes.com/static-files/7eb74810-45e4-4f9a-8f07-d8a33abcc169",
    "timestamp": "unknown"
  },
  {
    "title": "Alkermes Q4  Prepared Remarks. KB",
    "link": "https://investor.alkermes.com/static-files/7eb74810-45e4-4f9a-8f07-d8a33abcc169",
    "timestamp": "unknown"
  },
  {
    "title": "Alkermes Q4  Prepared Remarks. KB",
    "link": "https://investor.alkermes.com/static-files/7eb74810-45e4-4f9a-8f07-d8a33abcc169",
    "timestamp": "unknown"
  },
  {
    "title": "Alkermes Q4  Prepared Remarks. KB",
    "link": "https://investor.alkermes.com/static-files/7eb74810-45e4-4f9a-8f07-d8a33abcc169",
    "timestamp": "unknown"
  },
  {
    "title": "//EST43rd Annual J.P. Morgan Healthcare Conference43rd Annual J.P. Morgan Healthcare Conference Presentation. MB",
    "link": "https://investor.alkermes.com/events/event-details/43rd-annual-jp-morgan-healthcare-conference",
    "timestamp": "unknown"
  },
  {
    "title": "//EST43rd Annual J.P. Morgan Healthcare Conference43rd Annual J.P. Morgan Healthcare Conference Presentation. MB",
    "link": "https://investor.alkermes.com/events/event-details/43rd-annual-jp-morgan-healthcare-conference",
    "timestamp": "unknown"
  },
  {
    "title": "//EST43rd Annual J.P. Morgan Healthcare Conference43rd Annual J.P. Morgan Healthcare Conference Presentation. MB",
    "link": "https://investor.alkermes.com/events/event-details/43rd-annual-jp-morgan-healthcare-conference",
    "timestamp": "unknown"
  },
  {
    "title": "43rd Annual J.P. Morgan Healthcare Conference43rd Annual J.P. Morgan Healthcare Conference Presentation. MB",
    "link": "https://investor.alkermes.com/events/event-details/43rd-annual-jp-morgan-healthcare-conference",
    "timestamp": "unknown"
  },
  {
    "title": "43rd Annual J.P. Morgan Healthcare Conference",
    "link": "https://investor.alkermes.com/events/event-details/43rd-annual-jp-morgan-healthcare-conference",
    "timestamp": "unknown"
  },
  {
    "title": "43rd Annual J.P. Morgan Healthcare Conference",
    "link": "https://investor.alkermes.com/events/event-details/43rd-annual-jp-morgan-healthcare-conference",
    "timestamp": "unknown"
  },
  {
    "title": "43rd Annual J.P. Morgan Healthcare Conference Presentation. MB",
    "link": "https://investor.alkermes.com/static-files/a779844f-db8b--8dac-775d11142f8f",
    "timestamp": "unknown"
  },
  {
    "title": "43rd Annual J.P. Morgan Healthcare Conference Presentation. MB",
    "link": "https://investor.alkermes.com/static-files/a779844f-db8b--8dac-775d11142f8f",
    "timestamp": "unknown"
  },
  {
    "title": "43rd Annual J.P. Morgan Healthcare Conference Presentation. MB",
    "link": "https://investor.alkermes.com/static-files/a779844f-db8b--8dac-775d11142f8f",
    "timestamp": "unknown"
  },
  {
    "title": "43rd Annual J.P. Morgan Healthcare Conference Presentation. MB",
    "link": "https://investor.alkermes.com/static-files/a779844f-db8b--8dac-775d11142f8f",
    "timestamp": "unknown"
  },
  {
    "title": "43rd Annual J.P. Morgan Healthcare Conference Presentation. MB",
    "link": "https://investor.alkermes.com/static-files/a779844f-db8b--8dac-775d11142f8f",
    "timestamp": "unknown"
  },
  {
    "title": "43rd Annual J.P. Morgan Healthcare Conference Presentation. MB",
    "link": "https://investor.alkermes.com/static-files/a779844f-db8b--8dac-775d11142f8f",
    "timestamp": "unknown"
  },
  {
    "title": "43rd Annual J.P. Morgan Healthcare Conference Presentation. MB",
    "link": "https://investor.alkermes.com/static-files/a779844f-db8b--8dac-775d11142f8f",
    "timestamp": "unknown"
  },
  {
    "title": "43rd Annual J.P. Morgan Healthcare Conference Presentation. MB",
    "link": "https://investor.alkermes.com/static-files/a779844f-db8b--8dac-775d11142f8f",
    "timestamp": "unknown"
  },
  {
    "title": "43rd Annual J.P. Morgan Healthcare Conference Presentation. MB",
    "link": "https://investor.alkermes.com/static-files/a779844f-db8b--8dac-775d11142f8f",
    "timestamp": "unknown"
  },
  {
    "title": "43rd Annual J.P. Morgan Healthcare Conference Presentation. MB",
    "link": "https://investor.alkermes.com/static-files/a779844f-db8b--8dac-775d11142f8f",
    "timestamp": "unknown"
  },
  {
    "title": "43rd Annual J.P. Morgan Healthcare Conference Presentation. MB",
    "link": "https://investor.alkermes.com/static-files/a779844f-db8b--8dac-775d11142f8f",
    "timestamp": "unknown"
  },
  {
    "title": "//ESTPiper Sandler 36th Annual Healthcare Conference",
    "link": "https://investor.alkermes.com/events/event-details/piper-sandler-36th-annual-healthcare-conference",
    "timestamp": "unknown"
  },
  {
    "title": "//ESTPiper Sandler 36th Annual Healthcare Conference",
    "link": "https://investor.alkermes.com/events/event-details/piper-sandler-36th-annual-healthcare-conference",
    "timestamp": "unknown"
  },
  {
    "title": "//ESTPiper Sandler 36th Annual Healthcare Conference",
    "link": "https://investor.alkermes.com/events/event-details/piper-sandler-36th-annual-healthcare-conference",
    "timestamp": "unknown"
  },
  {
    "title": "Piper Sandler 36th Annual Healthcare Conference",
    "link": "https://investor.alkermes.com/events/event-details/piper-sandler-36th-annual-healthcare-conference",
    "timestamp": "unknown"
  },
  {
    "title": "Piper Sandler 36th Annual Healthcare Conference",
    "link": "https://investor.alkermes.com/events/event-details/piper-sandler-36th-annual-healthcare-conference",
    "timestamp": "unknown"
  },
  {
    "title": "Piper Sandler 36th Annual Healthcare Conference",
    "link": "https://investor.alkermes.com/events/event-details/piper-sandler-36th-annual-healthcare-conference",
    "timestamp": "unknown"
  },
  {
    "title": "PaginationCurrent pagePagePagePagePageNext pagenext \u203aLast pagelast \u00bb",
    "link": "https://investor.alkermes.com/investor-events-presentations?page=%2C0%2C0",
    "timestamp": "unknown"
  },
  {
    "title": "Current page",
    "link": "https://investor.alkermes.com/investor-events-presentations?page=%2C0%2C0",
    "timestamp": "unknown"
  },
  {
    "title": "Page",
    "link": "https://investor.alkermes.com/investor-events-presentations?page=%2C1%2C0",
    "timestamp": "unknown"
  },
  {
    "title": "Page",
    "link": "https://investor.alkermes.com/investor-events-presentations?page=%2C2%2C0",
    "timestamp": "unknown"
  },
  {
    "title": "Page",
    "link": "https://investor.alkermes.com/investor-events-presentations?page=%2C3%2C0",
    "timestamp": "unknown"
  },
  {
    "title": "Page",
    "link": "https://investor.alkermes.com/investor-events-presentations?page=%2C4%2C0",
    "timestamp": "unknown"
  },
  {
    "title": "Next pagenext \u203a",
    "link": "https://investor.alkermes.com/investor-events-presentations?page=%2C1%2C0",
    "timestamp": "unknown"
  },
  {
    "title": "Last pagelast \u00bb",
    "link": "https://investor.alkermes.com/investor-events-presentations?page=%2C4%2C0",
    "timestamp": "unknown"
  },
  {
    "title": "Investor ToolsPrint PageContact UsRSSEmail Alerts",
    "link": "https://investor.alkermes.com/investor-events-presentations",
    "timestamp": "unknown"
  },
  {
    "title": "Investor ToolsPrint PageContact UsRSSEmail Alerts",
    "link": "https://investor.alkermes.com/investor-events-presentations",
    "timestamp": "unknown"
  },
  {
    "title": "Investor ToolsPrint PageContact UsRSSEmail Alerts",
    "link": "https://investor.alkermes.com/investor-events-presentations",
    "timestamp": "unknown"
  },
  {
    "title": "Investor ToolsPrint PageContact UsRSSEmail Alerts",
    "link": "https://investor.alkermes.com/investor-events-presentations",
    "timestamp": "unknown"
  },
  {
    "title": "Print PageContact UsRSSEmail Alerts",
    "link": "https://investor.alkermes.com/investor-events-presentations",
    "timestamp": "unknown"
  },
  {
    "title": "Print PageContact UsRSSEmail Alerts",
    "link": "https://investor.alkermes.com/investor-events-presentations",
    "timestamp": "unknown"
  },
  {
    "title": "Print Page",
    "link": "https://investor.alkermes.com/investor-events-presentations",
    "timestamp": "unknown"
  },
  {
    "title": "Contact Us",
    "link": "https://www.alkermes.com/contact-us",
    "timestamp": "unknown"
  },
  {
    "title": "RSS",
    "link": "https://investor.alkermes.com/shareholder-services/rss-feeds",
    "timestamp": "unknown"
  },
  {
    "title": "Email Alerts",
    "link": "https://investor.alkermes.com/email-alerts",
    "timestamp": "unknown"
  },
  {
    "title": "Contact UsTerms of UsePrivacy PolicySitemap",
    "link": "https://www.alkermes.com/",
    "timestamp": "unknown"
  },
  {
    "title": "Contact UsTerms of UsePrivacy PolicySitemap",
    "link": "https://www.alkermes.com/",
    "timestamp": "unknown"
  },
  {
    "title": "Contact Us",
    "link": "https://www.alkermes.com/contact-us",
    "timestamp": "unknown"
  },
  {
    "title": "Terms of Use",
    "link": "https://www.alkermes.com/terms-of-use",
    "timestamp": "unknown"
  },
  {
    "title": "Privacy Policy",
    "link": "https://www.alkermes.com/privacy-policy",
    "timestamp": "unknown"
  },
  {
    "title": "Sitemap",
    "link": "https://www.alkermes.com/sitemap",
    "timestamp": "unknown"
  }
]