[
  {
    "title": "About UsDiscover AlkermesOur ValuesLeadershipDiversity, Inclusion & BelongingAwards and RecognitionCollaborationsLocationsMedicinesInnovative Medicine",
    "link": "https://www.alkermes.com/",
    "timestamp": "unknown"
  },
  {
    "title": "About UsDiscover AlkermesOur ValuesLeadershipDiversity, Inclusion & BelongingAwards and RecognitionCollaborationsLocationsMedicinesInnovative Medicine",
    "link": "https://www.alkermes.com/",
    "timestamp": "unknown"
  },
  {
    "title": "About UsDiscover AlkermesOur ValuesLeadershipDiversity, Inclusion & BelongingAwards and RecognitionCollaborationsLocationsMedicinesInnovative Medicine",
    "link": "https://www.alkermes.com/",
    "timestamp": "unknown"
  },
  {
    "title": "About UsDiscover AlkermesOur ValuesLeadershipDiversity, Inclusion & BelongingAwards and RecognitionCollaborationsLocationsMedicinesInnovative Medicine",
    "link": "https://www.alkermes.com/about-us",
    "timestamp": "unknown"
  },
  {
    "title": "About UsDiscover AlkermesOur ValuesLeadershipDiversity, Inclusion & BelongingAwards and RecognitionCollaborationsLocations",
    "link": "https://www.alkermes.com/about-us",
    "timestamp": "unknown"
  },
  {
    "title": "Discover Alkermes",
    "link": "https://www.alkermes.com/about-us#discover-alkermes",
    "timestamp": "unknown"
  },
  {
    "title": "Our Values",
    "link": "https://www.alkermes.com/about-us#our-values",
    "timestamp": "unknown"
  },
  {
    "title": "Leadership",
    "link": "https://www.alkermes.com/about-us/Leadership",
    "timestamp": "unknown"
  },
  {
    "title": "Diversity, Inclusion & Belonging",
    "link": "https://www.alkermes.com/about-us/Diversity-Inclusion-Belonging",
    "timestamp": "unknown"
  },
  {
    "title": "Awards and Recognition",
    "link": "https://www.alkermes.com//about-us/awards-and-recognition",
    "timestamp": "unknown"
  },
  {
    "title": "Collaborations",
    "link": "https://www.alkermes.com/about-us#partnering",
    "timestamp": "unknown"
  },
  {
    "title": "Locations",
    "link": "https://www.alkermes.com/about-us#locations",
    "timestamp": "unknown"
  },
  {
    "title": "MedicinesInnovative MedicinesThird Party Medicines",
    "link": "https://www.alkermes.com/medicines",
    "timestamp": "unknown"
  },
  {
    "title": "Innovative Medicines",
    "link": "https://www.alkermes.com//medicines#development",
    "timestamp": "unknown"
  },
  {
    "title": "Third Party Medicines",
    "link": "https://www.alkermes.com//medicines#Third-Party-Products",
    "timestamp": "unknown"
  },
  {
    "title": "R&DPipelineResearch & Medical GrantsClinical TrialsEarly Access",
    "link": "https://www.alkermes.com//research-and-development",
    "timestamp": "unknown"
  },
  {
    "title": "Pipeline",
    "link": "https://www.alkermes.com/research-and-development#pipeline",
    "timestamp": "unknown"
  },
  {
    "title": "Research & Medical Grants",
    "link": "https://www.alkermes.com/research-and-development#research-and-medical-grants",
    "timestamp": "unknown"
  },
  {
    "title": "Clinical Trials",
    "link": "https://www.alkermes.com/research-and-development#clinical-trials",
    "timestamp": "unknown"
  },
  {
    "title": "Early Access",
    "link": "https://www.alkermes.com/research-and-development#early-access",
    "timestamp": "unknown"
  },
  {
    "title": "Disease AreasAddictionSerious Mental IllnessSleep Disorders",
    "link": "https://www.alkermes.com//disease-areas",
    "timestamp": "unknown"
  },
  {
    "title": "Addiction",
    "link": "https://www.alkermes.com//disease-areas/addiction",
    "timestamp": "unknown"
  },
  {
    "title": "Serious Mental Illness",
    "link": "https://www.alkermes.com//disease-areas/serious-mental-illness",
    "timestamp": "unknown"
  },
  {
    "title": "Sleep Disorders",
    "link": "https://www.alkermes.com//disease-areas/sleep-disorders",
    "timestamp": "unknown"
  },
  {
    "title": "ResponsibilityCorporate ResponsibilityPatient Engagement & AdvocacyAlkermes Inspiration Grants\u00aeCorporate GivingCorporate Responsibility ReportsPublic ",
    "link": "https://www.alkermes.com/responsibility",
    "timestamp": "unknown"
  },
  {
    "title": "Corporate Responsibility",
    "link": "https://www.alkermes.com/responsibility#corporate-responsibility",
    "timestamp": "unknown"
  },
  {
    "title": "Patient Engagement & Advocacy",
    "link": "https://www.alkermes.com/responsibility/patient-engagement-advocacy",
    "timestamp": "unknown"
  },
  {
    "title": "Alkermes Inspiration Grants\u00ae",
    "link": "https://www.alkermes.com/responsibility/alkermes-inspiration-grants",
    "timestamp": "unknown"
  },
  {
    "title": "Corporate Giving",
    "link": "https://www.alkermes.com/responsibility#corporate-giving",
    "timestamp": "unknown"
  },
  {
    "title": "Corporate Responsibility Reports",
    "link": "https://www.alkermes.com/responsibility#csr",
    "timestamp": "unknown"
  },
  {
    "title": "Public Policy",
    "link": "https://www.alkermes.com/responsibility/public-policy",
    "timestamp": "unknown"
  },
  {
    "title": "Suppliers",
    "link": "https://www.alkermes.com//suppliers",
    "timestamp": "unknown"
  },
  {
    "title": "CareersWorking HereOur CultureBenefitsJoin Our Team",
    "link": "https://www.alkermes.com/careers",
    "timestamp": "unknown"
  },
  {
    "title": "Working Here",
    "link": "https://www.alkermes.com/careers#working-here",
    "timestamp": "unknown"
  },
  {
    "title": "Our Culture",
    "link": "https://www.alkermes.com/careers#our-culture",
    "timestamp": "unknown"
  },
  {
    "title": "Benefits",
    "link": "https://www.alkermes.com/careers#benefits",
    "timestamp": "unknown"
  },
  {
    "title": "Join Our Team",
    "link": "https://www.alkermes.com/careers#join-our-team",
    "timestamp": "unknown"
  },
  {
    "title": "NewsPress ReleasesOur StoriesMedia ResourcesContact Us",
    "link": "https://www.alkermes.com/news-and-events",
    "timestamp": "unknown"
  },
  {
    "title": "Press Releases",
    "link": "https://investor.alkermes.com/press-releases",
    "timestamp": "unknown"
  },
  {
    "title": "Our Stories",
    "link": "https://www.alkermes.com/news-and-events/our-stories",
    "timestamp": "unknown"
  },
  {
    "title": "Media Resources",
    "link": "https://www.alkermes.com/news-releases#media-resources",
    "timestamp": "unknown"
  },
  {
    "title": "Contact Us",
    "link": "https://www.alkermes.com/contact-us",
    "timestamp": "unknown"
  },
  {
    "title": "InvestorsPress ReleasesInvestor Events / PresentationsSEC FilingsAnnual ReportsCorporate GovernanceStock InformationInvestor ResourcesEmail Alerts",
    "link": "https://investor.alkermes.com/investor-relations",
    "timestamp": "unknown"
  },
  {
    "title": "Press Releases",
    "link": "https://investor.alkermes.com/press-releases",
    "timestamp": "unknown"
  },
  {
    "title": "Investor Events / Presentations",
    "link": "https://investor.alkermes.com/investor-events-presentations",
    "timestamp": "unknown"
  },
  {
    "title": "SEC Filings",
    "link": "https://investor.alkermes.com/sec-filings",
    "timestamp": "unknown"
  },
  {
    "title": "Annual Reports",
    "link": "https://investor.alkermes.com/annual-reports",
    "timestamp": "unknown"
  },
  {
    "title": "Corporate Governance",
    "link": "https://investor.alkermes.com/corporate-governance",
    "timestamp": "unknown"
  },
  {
    "title": "Stock Information",
    "link": "https://investor.alkermes.com/stock-information",
    "timestamp": "unknown"
  },
  {
    "title": "Investor Resources",
    "link": "https://investor.alkermes.com/investor-resources",
    "timestamp": "unknown"
  },
  {
    "title": "Email Alerts",
    "link": "https://investor.alkermes.com/email-alerts",
    "timestamp": "unknown"
  },
  {
    "title": "Keyword SearchYearNone//Alkermes Presents Detailed Positive Results from Vibrance- Phase  Study of Alixorexton in Patients with Narcolepsy Type  at Wo",
    "link": "https://investor.alkermes.com/news-releases/news-release-details/alkermes-presents-detailed-positive-results-vibrance--phase-",
    "timestamp": "unknown"
  },
  {
    "title": "Keyword SearchYearNone//Alkermes Presents Detailed Positive Results from Vibrance- Phase  Study of Alixorexton in Patients with Narcolepsy Type  at Wo",
    "link": "https://investor.alkermes.com/news-releases/news-release-details/alkermes-presents-detailed-positive-results-vibrance--phase-",
    "timestamp": "unknown"
  },
  {
    "title": "Keyword SearchYearNone//Alkermes Presents Detailed Positive Results from Vibrance- Phase  Study of Alixorexton in Patients with Narcolepsy Type  at Wo",
    "link": "https://investor.alkermes.com/news-releases/news-release-details/alkermes-presents-detailed-positive-results-vibrance--phase-",
    "timestamp": "unknown"
  },
  {
    "title": "Keyword SearchYearNone//Alkermes Presents Detailed Positive Results from Vibrance- Phase  Study of Alixorexton in Patients with Narcolepsy Type  at Wo",
    "link": "https://investor.alkermes.com/news-releases/news-release-details/alkermes-presents-detailed-positive-results-vibrance--phase-",
    "timestamp": "unknown"
  },
  {
    "title": "Keyword SearchYearNone//Alkermes Presents Detailed Positive Results from Vibrance- Phase  Study of Alixorexton in Patients with Narcolepsy Type  at Wo",
    "link": "https://investor.alkermes.com/news-releases/news-release-details/alkermes-presents-detailed-positive-results-vibrance--phase-",
    "timestamp": "unknown"
  },
  {
    "title": "Keyword SearchYearNone//Alkermes Presents Detailed Positive Results from Vibrance- Phase  Study of Alixorexton in Patients with Narcolepsy Type  at Wo",
    "link": "https://investor.alkermes.com/news-releases/news-release-details/alkermes-presents-detailed-positive-results-vibrance--phase-",
    "timestamp": "unknown"
  },
  {
    "title": "Keyword SearchYearNone//Alkermes Presents Detailed Positive Results from Vibrance- Phase  Study of Alixorexton in Patients with Narcolepsy Type  at Wo",
    "link": "https://investor.alkermes.com/news-releases/news-release-details/alkermes-presents-detailed-positive-results-vibrance--phase-",
    "timestamp": "unknown"
  },
  {
    "title": "Keyword SearchYearNone//Alkermes Presents Detailed Positive Results from Vibrance- Phase  Study of Alixorexton in Patients with Narcolepsy Type  at Wo",
    "link": "https://investor.alkermes.com/news-releases/news-release-details/alkermes-presents-detailed-positive-results-vibrance--phase-",
    "timestamp": "unknown"
  },
  {
    "title": "Keyword SearchYearNone//Alkermes Presents Detailed Positive Results from Vibrance- Phase  Study of Alixorexton in Patients with Narcolepsy Type  at Wo",
    "link": "https://investor.alkermes.com/news-releases/news-release-details/alkermes-presents-detailed-positive-results-vibrance--phase-",
    "timestamp": "unknown"
  },
  {
    "title": "Keyword SearchYearNone//Alkermes Presents Detailed Positive Results from Vibrance- Phase  Study of Alixorexton in Patients with Narcolepsy Type  at Wo",
    "link": "https://investor.alkermes.com/news-releases/news-release-details/alkermes-presents-detailed-positive-results-vibrance--phase-",
    "timestamp": "unknown"
  },
  {
    "title": "Keyword SearchYearNone//Alkermes Presents Detailed Positive Results from Vibrance- Phase  Study of Alixorexton in Patients with Narcolepsy Type  at Wo",
    "link": "https://investor.alkermes.com/news-releases/news-release-details/alkermes-presents-detailed-positive-results-vibrance--phase-",
    "timestamp": "unknown"
  },
  {
    "title": "Keyword SearchYearNone//Alkermes Presents Detailed Positive Results from Vibrance- Phase  Study of Alixorexton in Patients with Narcolepsy Type  at Wo",
    "link": "https://investor.alkermes.com/news-releases/news-release-details/alkermes-presents-detailed-positive-results-vibrance--phase-",
    "timestamp": "unknown"
  },
  {
    "title": "Keyword SearchYearNone//Alkermes Presents Detailed Positive Results from Vibrance- Phase  Study of Alixorexton in Patients with Narcolepsy Type  at Wo",
    "link": "https://investor.alkermes.com/news-releases/news-release-details/alkermes-presents-detailed-positive-results-vibrance--phase-",
    "timestamp": "unknown"
  },
  {
    "title": "Keyword SearchYearNone//Alkermes Presents Detailed Positive Results from Vibrance- Phase  Study of Alixorexton in Patients with Narcolepsy Type  at Wo",
    "link": "https://investor.alkermes.com/news-releases/news-release-details/alkermes-presents-detailed-positive-results-vibrance--phase-",
    "timestamp": "unknown"
  },
  {
    "title": "YearNone//Alkermes Presents Detailed Positive Results from Vibrance- Phase  Study of Alixorexton in Patients with Narcolepsy Type  at World Sleep Cong",
    "link": "https://investor.alkermes.com/news-releases/news-release-details/alkermes-presents-detailed-positive-results-vibrance--phase-",
    "timestamp": "unknown"
  },
  {
    "title": "YearNone//Alkermes Presents Detailed Positive Results from Vibrance- Phase  Study of Alixorexton in Patients with Narcolepsy Type  at World Sleep Cong",
    "link": "https://investor.alkermes.com/news-releases/news-release-details/alkermes-presents-detailed-positive-results-vibrance--phase-",
    "timestamp": "unknown"
  },
  {
    "title": "//Alkermes Presents Detailed Positive Results from Vibrance- Phase  Study of Alixorexton in Patients with Narcolepsy Type  at World Sleep Congress//Al",
    "link": "https://investor.alkermes.com/news-releases/news-release-details/alkermes-presents-detailed-positive-results-vibrance--phase-",
    "timestamp": "unknown"
  },
  {
    "title": "//Alkermes Presents Detailed Positive Results from Vibrance- Phase  Study of Alixorexton in Patients with Narcolepsy Type  at World Sleep Congress",
    "link": "https://investor.alkermes.com/news-releases/news-release-details/alkermes-presents-detailed-positive-results-vibrance--phase-",
    "timestamp": "unknown"
  },
  {
    "title": "//Alkermes Presents Detailed Positive Results from Vibrance- Phase  Study of Alixorexton in Patients with Narcolepsy Type  at World Sleep Congress",
    "link": "https://investor.alkermes.com/news-releases/news-release-details/alkermes-presents-detailed-positive-results-vibrance--phase-",
    "timestamp": "unknown"
  },
  {
    "title": "//Alkermes Presents Detailed Positive Results from Vibrance- Phase  Study of Alixorexton in Patients with Narcolepsy Type  at World Sleep Congress",
    "link": "https://investor.alkermes.com/news-releases/news-release-details/alkermes-presents-detailed-positive-results-vibrance--phase-",
    "timestamp": "unknown"
  },
  {
    "title": "Alkermes Presents Detailed Positive Results from Vibrance- Phase  Study of Alixorexton in Patients with Narcolepsy Type  at World Sleep Congress",
    "link": "https://investor.alkermes.com/news-releases/news-release-details/alkermes-presents-detailed-positive-results-vibrance--phase-",
    "timestamp": "unknown"
  },
  {
    "title": "//Alkermes to Present Detailed Positive Results From Vibrance- Phase  Study Evaluating Alixorexton in Patients With Narcolepsy Type  at World Sleep",
    "link": "https://investor.alkermes.com/news-releases/news-release-details/alkermes-present-detailed-positive-results-vibrance--phase-",
    "timestamp": "unknown"
  },
  {
    "title": "//Alkermes to Present Detailed Positive Results From Vibrance- Phase  Study Evaluating Alixorexton in Patients With Narcolepsy Type  at World Sleep",
    "link": "https://investor.alkermes.com/news-releases/news-release-details/alkermes-present-detailed-positive-results-vibrance--phase-",
    "timestamp": "unknown"
  },
  {
    "title": "//Alkermes to Present Detailed Positive Results From Vibrance- Phase  Study Evaluating Alixorexton in Patients With Narcolepsy Type  at World Sleep",
    "link": "https://investor.alkermes.com/news-releases/news-release-details/alkermes-present-detailed-positive-results-vibrance--phase-",
    "timestamp": "unknown"
  },
  {
    "title": "Alkermes to Present Detailed Positive Results From Vibrance- Phase  Study Evaluating Alixorexton in Patients With Narcolepsy Type  at World Sleep",
    "link": "https://investor.alkermes.com/news-releases/news-release-details/alkermes-present-detailed-positive-results-vibrance--phase-",
    "timestamp": "unknown"
  },
  {
    "title": "//Alkermes plc Reports Second Quarter  Financial Results",
    "link": "https://investor.alkermes.com/news-releases/news-release-details/alkermes-plc-reports-second-quarter--financial-results",
    "timestamp": "unknown"
  },
  {
    "title": "//Alkermes plc Reports Second Quarter  Financial Results",
    "link": "https://investor.alkermes.com/news-releases/news-release-details/alkermes-plc-reports-second-quarter--financial-results",
    "timestamp": "unknown"
  },
  {
    "title": "//Alkermes plc Reports Second Quarter  Financial Results",
    "link": "https://investor.alkermes.com/news-releases/news-release-details/alkermes-plc-reports-second-quarter--financial-results",
    "timestamp": "unknown"
  },
  {
    "title": "Alkermes plc Reports Second Quarter  Financial Results",
    "link": "https://investor.alkermes.com/news-releases/news-release-details/alkermes-plc-reports-second-quarter--financial-results",
    "timestamp": "unknown"
  },
  {
    "title": "//Alkermes Announces Positive Topline Results From Vibrance- Phase  Study of Once-Daily Alixorexton in Patients With Narcolepsy Type",
    "link": "https://investor.alkermes.com/news-releases/news-release-details/alkermes-announces-positive-topline-results-vibrance--phase-",
    "timestamp": "unknown"
  },
  {
    "title": "//Alkermes Announces Positive Topline Results From Vibrance- Phase  Study of Once-Daily Alixorexton in Patients With Narcolepsy Type",
    "link": "https://investor.alkermes.com/news-releases/news-release-details/alkermes-announces-positive-topline-results-vibrance--phase-",
    "timestamp": "unknown"
  },
  {
    "title": "//Alkermes Announces Positive Topline Results From Vibrance- Phase  Study of Once-Daily Alixorexton in Patients With Narcolepsy Type",
    "link": "https://investor.alkermes.com/news-releases/news-release-details/alkermes-announces-positive-topline-results-vibrance--phase-",
    "timestamp": "unknown"
  },
  {
    "title": "Alkermes Announces Positive Topline Results From Vibrance- Phase  Study of Once-Daily Alixorexton in Patients With Narcolepsy Type",
    "link": "https://investor.alkermes.com/news-releases/news-release-details/alkermes-announces-positive-topline-results-vibrance--phase-",
    "timestamp": "unknown"
  },
  {
    "title": "//Alkermes to Report Second Quarter Financial Results on July ,",
    "link": "https://investor.alkermes.com/news-releases/news-release-details/alkermes-report-second-quarter-financial-results-july--",
    "timestamp": "unknown"
  },
  {
    "title": "//Alkermes to Report Second Quarter Financial Results on July ,",
    "link": "https://investor.alkermes.com/news-releases/news-release-details/alkermes-report-second-quarter-financial-results-july--",
    "timestamp": "unknown"
  },
  {
    "title": "//Alkermes to Report Second Quarter Financial Results on July ,",
    "link": "https://investor.alkermes.com/news-releases/news-release-details/alkermes-report-second-quarter-financial-results-july--",
    "timestamp": "unknown"
  },
  {
    "title": "Alkermes to Report Second Quarter Financial Results on July ,",
    "link": "https://investor.alkermes.com/news-releases/news-release-details/alkermes-report-second-quarter-financial-results-july--",
    "timestamp": "unknown"
  },
  {
    "title": "//Alkermes to Participate in the 46th Annual Goldman Sachs Global Healthcare Conference",
    "link": "https://investor.alkermes.com/news-releases/news-release-details/alkermes-participate-46th-annual-goldman-sachs-global-healthcare",
    "timestamp": "unknown"
  },
  {
    "title": "//Alkermes to Participate in the 46th Annual Goldman Sachs Global Healthcare Conference",
    "link": "https://investor.alkermes.com/news-releases/news-release-details/alkermes-participate-46th-annual-goldman-sachs-global-healthcare",
    "timestamp": "unknown"
  },
  {
    "title": "//Alkermes to Participate in the 46th Annual Goldman Sachs Global Healthcare Conference",
    "link": "https://investor.alkermes.com/news-releases/news-release-details/alkermes-participate-46th-annual-goldman-sachs-global-healthcare",
    "timestamp": "unknown"
  },
  {
    "title": "Alkermes to Participate in the 46th Annual Goldman Sachs Global Healthcare Conference",
    "link": "https://investor.alkermes.com/news-releases/news-release-details/alkermes-participate-46th-annual-goldman-sachs-global-healthcare",
    "timestamp": "unknown"
  },
  {
    "title": "//Alkermes Highlights Data From Psychiatry Portfolio at Spring  Scientific Conferences",
    "link": "https://investor.alkermes.com/news-releases/news-release-details/alkermes-highlights-data-psychiatry-portfolio-spring-",
    "timestamp": "unknown"
  },
  {
    "title": "//Alkermes Highlights Data From Psychiatry Portfolio at Spring  Scientific Conferences",
    "link": "https://investor.alkermes.com/news-releases/news-release-details/alkermes-highlights-data-psychiatry-portfolio-spring-",
    "timestamp": "unknown"
  },
  {
    "title": "//Alkermes Highlights Data From Psychiatry Portfolio at Spring  Scientific Conferences",
    "link": "https://investor.alkermes.com/news-releases/news-release-details/alkermes-highlights-data-psychiatry-portfolio-spring-",
    "timestamp": "unknown"
  },
  {
    "title": "Alkermes Highlights Data From Psychiatry Portfolio at Spring  Scientific Conferences",
    "link": "https://investor.alkermes.com/news-releases/news-release-details/alkermes-highlights-data-psychiatry-portfolio-spring-",
    "timestamp": "unknown"
  },
  {
    "title": "//Alkermes to Present New Research Related to ALKS  at SLEEP",
    "link": "https://investor.alkermes.com/news-releases/news-release-details/alkermes-present-new-research-related-alks--sleep-",
    "timestamp": "unknown"
  },
  {
    "title": "//Alkermes to Present New Research Related to ALKS  at SLEEP",
    "link": "https://investor.alkermes.com/news-releases/news-release-details/alkermes-present-new-research-related-alks--sleep-",
    "timestamp": "unknown"
  },
  {
    "title": "//Alkermes to Present New Research Related to ALKS  at SLEEP",
    "link": "https://investor.alkermes.com/news-releases/news-release-details/alkermes-present-new-research-related-alks--sleep-",
    "timestamp": "unknown"
  },
  {
    "title": "Alkermes to Present New Research Related to ALKS  at SLEEP",
    "link": "https://investor.alkermes.com/news-releases/news-release-details/alkermes-present-new-research-related-alks--sleep-",
    "timestamp": "unknown"
  },
  {
    "title": "//Alkermes plc Reports First Quarter  Financial Results",
    "link": "https://investor.alkermes.com/news-releases/news-release-details/alkermes-plc-reports-first-quarter--financial-results",
    "timestamp": "unknown"
  },
  {
    "title": "//Alkermes plc Reports First Quarter  Financial Results",
    "link": "https://investor.alkermes.com/news-releases/news-release-details/alkermes-plc-reports-first-quarter--financial-results",
    "timestamp": "unknown"
  },
  {
    "title": "//Alkermes plc Reports First Quarter  Financial Results",
    "link": "https://investor.alkermes.com/news-releases/news-release-details/alkermes-plc-reports-first-quarter--financial-results",
    "timestamp": "unknown"
  },
  {
    "title": "Alkermes plc Reports First Quarter  Financial Results",
    "link": "https://investor.alkermes.com/news-releases/news-release-details/alkermes-plc-reports-first-quarter--financial-results",
    "timestamp": "unknown"
  },
  {
    "title": "//New Survey Provides Insights into Diagnosis and Treatment Journey for People Living With Alcohol Use Disorder (AUD)",
    "link": "https://investor.alkermes.com/news-releases/news-release-details/new-survey-provides-insights-diagnosis-and-treatment-journey",
    "timestamp": "unknown"
  },
  {
    "title": "//New Survey Provides Insights into Diagnosis and Treatment Journey for People Living With Alcohol Use Disorder (AUD)",
    "link": "https://investor.alkermes.com/news-releases/news-release-details/new-survey-provides-insights-diagnosis-and-treatment-journey",
    "timestamp": "unknown"
  },
  {
    "title": "//New Survey Provides Insights into Diagnosis and Treatment Journey for People Living With Alcohol Use Disorder (AUD)",
    "link": "https://investor.alkermes.com/news-releases/news-release-details/new-survey-provides-insights-diagnosis-and-treatment-journey",
    "timestamp": "unknown"
  },
  {
    "title": "New Survey Provides Insights into Diagnosis and Treatment Journey for People Living With Alcohol Use Disorder (AUD)",
    "link": "https://investor.alkermes.com/news-releases/news-release-details/new-survey-provides-insights-diagnosis-and-treatment-journey",
    "timestamp": "unknown"
  },
  {
    "title": "//Alkermes to Report First Quarter Financial Results on May ,",
    "link": "https://investor.alkermes.com/news-releases/news-release-details/alkermes-report-first-quarter-financial-results-may--",
    "timestamp": "unknown"
  },
  {
    "title": "//Alkermes to Report First Quarter Financial Results on May ,",
    "link": "https://investor.alkermes.com/news-releases/news-release-details/alkermes-report-first-quarter-financial-results-may--",
    "timestamp": "unknown"
  },
  {
    "title": "//Alkermes to Report First Quarter Financial Results on May ,",
    "link": "https://investor.alkermes.com/news-releases/news-release-details/alkermes-report-first-quarter-financial-results-may--",
    "timestamp": "unknown"
  },
  {
    "title": "Alkermes to Report First Quarter Financial Results on May ,",
    "link": "https://investor.alkermes.com/news-releases/news-release-details/alkermes-report-first-quarter-financial-results-may--",
    "timestamp": "unknown"
  },
  {
    "title": "//Alkermes\u2019 Statement on the Passing of Iain Brown, Chief Financial Officer",
    "link": "https://investor.alkermes.com/news-releases/news-release-details/alkermes-statement-passing-iain-brown-chief-financial-officer",
    "timestamp": "unknown"
  },
  {
    "title": "//Alkermes\u2019 Statement on the Passing of Iain Brown, Chief Financial Officer",
    "link": "https://investor.alkermes.com/news-releases/news-release-details/alkermes-statement-passing-iain-brown-chief-financial-officer",
    "timestamp": "unknown"
  },
  {
    "title": "//Alkermes\u2019 Statement on the Passing of Iain Brown, Chief Financial Officer",
    "link": "https://investor.alkermes.com/news-releases/news-release-details/alkermes-statement-passing-iain-brown-chief-financial-officer",
    "timestamp": "unknown"
  },
  {
    "title": "Alkermes\u2019 Statement on the Passing of Iain Brown, Chief Financial Officer",
    "link": "https://investor.alkermes.com/news-releases/news-release-details/alkermes-statement-passing-iain-brown-chief-financial-officer",
    "timestamp": "unknown"
  },
  {
    "title": "//Alkermes to Participate in the 24th Annual Needham Virtual Healthcare Conference",
    "link": "https://investor.alkermes.com/news-releases/news-release-details/alkermes-participate-24th-annual-needham-virtual-healthcare",
    "timestamp": "unknown"
  },
  {
    "title": "//Alkermes to Participate in the 24th Annual Needham Virtual Healthcare Conference",
    "link": "https://investor.alkermes.com/news-releases/news-release-details/alkermes-participate-24th-annual-needham-virtual-healthcare",
    "timestamp": "unknown"
  },
  {
    "title": "//Alkermes to Participate in the 24th Annual Needham Virtual Healthcare Conference",
    "link": "https://investor.alkermes.com/news-releases/news-release-details/alkermes-participate-24th-annual-needham-virtual-healthcare",
    "timestamp": "unknown"
  },
  {
    "title": "Alkermes to Participate in the 24th Annual Needham Virtual Healthcare Conference",
    "link": "https://investor.alkermes.com/news-releases/news-release-details/alkermes-participate-24th-annual-needham-virtual-healthcare",
    "timestamp": "unknown"
  },
  {
    "title": "//Alkermes Announces Initiation of Vibrance- Phase  Study Evaluating ALKS  for the Treatment of Idiopathic Hypersomnia",
    "link": "https://investor.alkermes.com/news-releases/news-release-details/alkermes-announces-initiation-vibrance--phase--study",
    "timestamp": "unknown"
  },
  {
    "title": "//Alkermes Announces Initiation of Vibrance- Phase  Study Evaluating ALKS  for the Treatment of Idiopathic Hypersomnia",
    "link": "https://investor.alkermes.com/news-releases/news-release-details/alkermes-announces-initiation-vibrance--phase--study",
    "timestamp": "unknown"
  },
  {
    "title": "//Alkermes Announces Initiation of Vibrance- Phase  Study Evaluating ALKS  for the Treatment of Idiopathic Hypersomnia",
    "link": "https://investor.alkermes.com/news-releases/news-release-details/alkermes-announces-initiation-vibrance--phase--study",
    "timestamp": "unknown"
  },
  {
    "title": "Alkermes Announces Initiation of Vibrance- Phase  Study Evaluating ALKS  for the Treatment of Idiopathic Hypersomnia",
    "link": "https://investor.alkermes.com/news-releases/news-release-details/alkermes-announces-initiation-vibrance--phase--study",
    "timestamp": "unknown"
  },
  {
    "title": "//New National Survey of Healthcare Providers Offers Insights Into the Dynamic and Challenging Treatment Journey for People Living With Schizophrenia ",
    "link": "https://investor.alkermes.com/news-releases/news-release-details/new-national-survey-healthcare-providers-offers-insights-dynamic",
    "timestamp": "unknown"
  },
  {
    "title": "//New National Survey of Healthcare Providers Offers Insights Into the Dynamic and Challenging Treatment Journey for People Living With Schizophrenia ",
    "link": "https://investor.alkermes.com/news-releases/news-release-details/new-national-survey-healthcare-providers-offers-insights-dynamic",
    "timestamp": "unknown"
  },
  {
    "title": "//New National Survey of Healthcare Providers Offers Insights Into the Dynamic and Challenging Treatment Journey for People Living With Schizophrenia ",
    "link": "https://investor.alkermes.com/news-releases/news-release-details/new-national-survey-healthcare-providers-offers-insights-dynamic",
    "timestamp": "unknown"
  },
  {
    "title": "New National Survey of Healthcare Providers Offers Insights Into the Dynamic and Challenging Treatment Journey for People Living With Schizophrenia or",
    "link": "https://investor.alkermes.com/news-releases/news-release-details/new-national-survey-healthcare-providers-offers-insights-dynamic",
    "timestamp": "unknown"
  },
  {
    "title": "//Alkermes to Participate in Upcoming Investor Conferences",
    "link": "https://investor.alkermes.com/news-releases/news-release-details/alkermes-participate-upcoming-investor-conferences-",
    "timestamp": "unknown"
  },
  {
    "title": "//Alkermes to Participate in Upcoming Investor Conferences",
    "link": "https://investor.alkermes.com/news-releases/news-release-details/alkermes-participate-upcoming-investor-conferences-",
    "timestamp": "unknown"
  },
  {
    "title": "//Alkermes to Participate in Upcoming Investor Conferences",
    "link": "https://investor.alkermes.com/news-releases/news-release-details/alkermes-participate-upcoming-investor-conferences-",
    "timestamp": "unknown"
  },
  {
    "title": "Alkermes to Participate in Upcoming Investor Conferences",
    "link": "https://investor.alkermes.com/news-releases/news-release-details/alkermes-participate-upcoming-investor-conferences-",
    "timestamp": "unknown"
  },
  {
    "title": "//Alkermes plc Reports Financial Results for the Fourth Quarter and Year Ended Dec. ,  and Provides Financial Expectations for",
    "link": "https://investor.alkermes.com/news-releases/news-release-details/alkermes-plc-reports-financial-results-fourth-quarter-and-year-",
    "timestamp": "unknown"
  },
  {
    "title": "//Alkermes plc Reports Financial Results for the Fourth Quarter and Year Ended Dec. ,  and Provides Financial Expectations for",
    "link": "https://investor.alkermes.com/news-releases/news-release-details/alkermes-plc-reports-financial-results-fourth-quarter-and-year-",
    "timestamp": "unknown"
  },
  {
    "title": "//Alkermes plc Reports Financial Results for the Fourth Quarter and Year Ended Dec. ,  and Provides Financial Expectations for",
    "link": "https://investor.alkermes.com/news-releases/news-release-details/alkermes-plc-reports-financial-results-fourth-quarter-and-year-",
    "timestamp": "unknown"
  },
  {
    "title": "Alkermes plc Reports Financial Results for the Fourth Quarter and Year Ended Dec. ,  and Provides Financial Expectations for",
    "link": "https://investor.alkermes.com/news-releases/news-release-details/alkermes-plc-reports-financial-results-fourth-quarter-and-year-",
    "timestamp": "unknown"
  },
  {
    "title": "//Alkermes to Report Fourth Quarter and Year-End Financial Results on Feb. ,",
    "link": "https://investor.alkermes.com/news-releases/news-release-details/alkermes-report-fourth-quarter-and-year-end-financial-results-",
    "timestamp": "unknown"
  },
  {
    "title": "//Alkermes to Report Fourth Quarter and Year-End Financial Results on Feb. ,",
    "link": "https://investor.alkermes.com/news-releases/news-release-details/alkermes-report-fourth-quarter-and-year-end-financial-results-",
    "timestamp": "unknown"
  },
  {
    "title": "//Alkermes to Report Fourth Quarter and Year-End Financial Results on Feb. ,",
    "link": "https://investor.alkermes.com/news-releases/news-release-details/alkermes-report-fourth-quarter-and-year-end-financial-results-",
    "timestamp": "unknown"
  },
  {
    "title": "Alkermes to Report Fourth Quarter and Year-End Financial Results on Feb. ,",
    "link": "https://investor.alkermes.com/news-releases/news-release-details/alkermes-report-fourth-quarter-and-year-end-financial-results-",
    "timestamp": "unknown"
  },
  {
    "title": "//Alkermes to Present at the 43rd Annual J.P. Morgan Healthcare Conference",
    "link": "https://investor.alkermes.com/news-releases/news-release-details/alkermes-present-43rd-annual-jp-morgan-healthcare-conference",
    "timestamp": "unknown"
  },
  {
    "title": "//Alkermes to Present at the 43rd Annual J.P. Morgan Healthcare Conference",
    "link": "https://investor.alkermes.com/news-releases/news-release-details/alkermes-present-43rd-annual-jp-morgan-healthcare-conference",
    "timestamp": "unknown"
  },
  {
    "title": "//Alkermes to Present at the 43rd Annual J.P. Morgan Healthcare Conference",
    "link": "https://investor.alkermes.com/news-releases/news-release-details/alkermes-present-43rd-annual-jp-morgan-healthcare-conference",
    "timestamp": "unknown"
  },
  {
    "title": "Alkermes to Present at the 43rd Annual J.P. Morgan Healthcare Conference",
    "link": "https://investor.alkermes.com/news-releases/news-release-details/alkermes-present-43rd-annual-jp-morgan-healthcare-conference",
    "timestamp": "unknown"
  },
  {
    "title": "Investor ToolsPrint PageContact UsRSSEmail Alerts",
    "link": "https://investor.alkermes.com/press-releases",
    "timestamp": "unknown"
  },
  {
    "title": "Investor ToolsPrint PageContact UsRSSEmail Alerts",
    "link": "https://investor.alkermes.com/press-releases",
    "timestamp": "unknown"
  },
  {
    "title": "Investor ToolsPrint PageContact UsRSSEmail Alerts",
    "link": "https://investor.alkermes.com/press-releases",
    "timestamp": "unknown"
  },
  {
    "title": "Investor ToolsPrint PageContact UsRSSEmail Alerts",
    "link": "https://investor.alkermes.com/press-releases",
    "timestamp": "unknown"
  },
  {
    "title": "Print PageContact UsRSSEmail Alerts",
    "link": "https://investor.alkermes.com/press-releases",
    "timestamp": "unknown"
  },
  {
    "title": "Print PageContact UsRSSEmail Alerts",
    "link": "https://investor.alkermes.com/press-releases",
    "timestamp": "unknown"
  },
  {
    "title": "Print Page",
    "link": "https://investor.alkermes.com/press-releases",
    "timestamp": "unknown"
  },
  {
    "title": "Contact Us",
    "link": "https://www.alkermes.com/contact-us",
    "timestamp": "unknown"
  },
  {
    "title": "RSS",
    "link": "https://investor.alkermes.com/shareholder-services/rss-feeds",
    "timestamp": "unknown"
  },
  {
    "title": "Email Alerts",
    "link": "https://investor.alkermes.com/email-alerts",
    "timestamp": "unknown"
  },
  {
    "title": "Contact UsTerms of UsePrivacy PolicySitemap",
    "link": "https://www.alkermes.com/",
    "timestamp": "unknown"
  },
  {
    "title": "Contact UsTerms of UsePrivacy PolicySitemap",
    "link": "https://www.alkermes.com/",
    "timestamp": "unknown"
  },
  {
    "title": "Contact Us",
    "link": "https://www.alkermes.com/contact-us",
    "timestamp": "unknown"
  },
  {
    "title": "Terms of Use",
    "link": "https://www.alkermes.com/terms-of-use",
    "timestamp": "unknown"
  },
  {
    "title": "Privacy Policy",
    "link": "https://www.alkermes.com/privacy-policy",
    "timestamp": "unknown"
  },
  {
    "title": "Sitemap",
    "link": "https://www.alkermes.com/sitemap",
    "timestamp": "unknown"
  }
]