[
  {
    "title": "Recent NewsInvestorsContact UsMenuHomeAbout UsOur FocusCulture & CareersRecent NewsInvestorsContact Us",
    "link": "https://investors.avadel.com/press-releases",
    "timestamp": "unknown"
  },
  {
    "title": "Recent NewsInvestorsContact UsMenuHomeAbout UsOur FocusCulture & CareersRecent NewsInvestorsContact Us",
    "link": "https://investors.avadel.com/press-releases",
    "timestamp": "unknown"
  },
  {
    "title": "Recent NewsInvestorsContact Us",
    "link": "https://investors.avadel.com/press-releases",
    "timestamp": "unknown"
  },
  {
    "title": "Recent News",
    "link": "https://investors.avadel.com/press-releases",
    "timestamp": "unknown"
  },
  {
    "title": "Investors",
    "link": "https://investors.avadel.com",
    "timestamp": "unknown"
  },
  {
    "title": "Contact Us",
    "link": "https://www.avadel.com/contact-us",
    "timestamp": "unknown"
  },
  {
    "title": "MenuHomeAbout UsOur FocusCulture & CareersRecent NewsInvestorsContact Us",
    "link": "https://www.avadel.com",
    "timestamp": "unknown"
  },
  {
    "title": "HomeAbout UsOur FocusCulture & CareersRecent NewsInvestorsContact Us",
    "link": "https://www.avadel.com",
    "timestamp": "unknown"
  },
  {
    "title": "Home",
    "link": "https://www.avadel.com",
    "timestamp": "unknown"
  },
  {
    "title": "About Us",
    "link": "https://www.avadel.com/about-us",
    "timestamp": "unknown"
  },
  {
    "title": "Our Focus",
    "link": "https://www.avadel.com/our-focus",
    "timestamp": "unknown"
  },
  {
    "title": "Culture & Careers",
    "link": "https://www.avadel.com/careers",
    "timestamp": "unknown"
  },
  {
    "title": "Recent News",
    "link": "https://investors.avadel.com/press-releases",
    "timestamp": "unknown"
  },
  {
    "title": "Investors",
    "link": "https://investors.avadel.com",
    "timestamp": "unknown"
  },
  {
    "title": "Contact Us",
    "link": "https://www.avadel.com/contact-us",
    "timestamp": "unknown"
  },
  {
    "title": "BreadcrumbHomeInvestorsEvents",
    "link": "http://www.avadel.com/",
    "timestamp": "unknown"
  },
  {
    "title": "BreadcrumbHomeInvestorsEvents",
    "link": "http://www.avadel.com/",
    "timestamp": "unknown"
  },
  {
    "title": "BreadcrumbHomeInvestorsEvents",
    "link": "http://www.avadel.com/",
    "timestamp": "unknown"
  },
  {
    "title": "BreadcrumbHomeInvestorsEvents",
    "link": "http://www.avadel.com/",
    "timestamp": "unknown"
  },
  {
    "title": "BreadcrumbHomeInvestorsEvents",
    "link": "http://www.avadel.com/",
    "timestamp": "unknown"
  },
  {
    "title": "Home",
    "link": "http://www.avadel.com/",
    "timestamp": "unknown"
  },
  {
    "title": "Investors",
    "link": "https://investors.avadel.com/",
    "timestamp": "unknown"
  },
  {
    "title": "EventsUpcoming EventsThere are currently no events scheduled.Past EventsMore events are coming soon.ToolsPrint PageRSSE-mail AlertsInvestor RelationsI",
    "link": "https://investors.avadel.com/events-and-presentations",
    "timestamp": "unknown"
  },
  {
    "title": "EventsUpcoming EventsThere are currently no events scheduled.Past EventsMore events are coming soon.ToolsPrint PageRSSE-mail Alerts",
    "link": "https://investors.avadel.com/events-and-presentations",
    "timestamp": "unknown"
  },
  {
    "title": "EventsUpcoming EventsThere are currently no events scheduled.Past EventsMore events are coming soon.ToolsPrint PageRSSE-mail Alerts",
    "link": "https://investors.avadel.com/events-and-presentations",
    "timestamp": "unknown"
  },
  {
    "title": "Print Page",
    "link": "https://investors.avadel.com/events-and-presentations",
    "timestamp": "unknown"
  },
  {
    "title": "RSS",
    "link": "https://investors.avadel.com/rss-feeds",
    "timestamp": "unknown"
  },
  {
    "title": "E-mail Alerts",
    "link": "https://investors.avadel.com/email-alerts",
    "timestamp": "unknown"
  },
  {
    "title": "Investor RelationsInvestorsNews & EventsPress ReleasesEvents and PresentationsStock InformationStock Quote & ChartHistorical Price LookupInvestment Ca",
    "link": "https://investors.avadel.com/",
    "timestamp": "unknown"
  },
  {
    "title": "Investors",
    "link": "https://investors.avadel.com/",
    "timestamp": "unknown"
  },
  {
    "title": "News & EventsPress ReleasesEvents and Presentations",
    "link": "https://investors.avadel.com/press-releases",
    "timestamp": "unknown"
  },
  {
    "title": "Press Releases",
    "link": "https://investors.avadel.com/press-releases",
    "timestamp": "unknown"
  },
  {
    "title": "Events and Presentations",
    "link": "https://investors.avadel.com/events-and-presentations",
    "timestamp": "unknown"
  },
  {
    "title": "Stock InformationStock Quote & ChartHistorical Price LookupInvestment CalculatorAnalyst Coverage",
    "link": "https://investors.avadel.com/stock-information/stock-quote",
    "timestamp": "unknown"
  },
  {
    "title": "Stock Quote & Chart",
    "link": "https://investors.avadel.com/stock-information/stock-quote",
    "timestamp": "unknown"
  },
  {
    "title": "Historical Price Lookup",
    "link": "https://investors.avadel.com/stock-information/historical-price-lookup",
    "timestamp": "unknown"
  },
  {
    "title": "Investment Calculator",
    "link": "https://investors.avadel.com/stock-information/investment-calculator",
    "timestamp": "unknown"
  },
  {
    "title": "Analyst Coverage",
    "link": "https://investors.avadel.com/stock-information/analyst-coverage",
    "timestamp": "unknown"
  },
  {
    "title": "Financial InformationSEC FilingsFinancial ReportsQuarterly Results",
    "link": "https://investors.avadel.com/sec-filings",
    "timestamp": "unknown"
  },
  {
    "title": "SEC Filings",
    "link": "https://investors.avadel.com/sec-filings",
    "timestamp": "unknown"
  },
  {
    "title": "Financial Reports",
    "link": "https://investors.avadel.com/financial-reports",
    "timestamp": "unknown"
  },
  {
    "title": "Quarterly Results",
    "link": "https://investors.avadel.com/quarterly-results",
    "timestamp": "unknown"
  },
  {
    "title": "Corporate GovernanceGovernance HighlightsManagement TeamBoard of DirectorsCommittee CompositionAnnual General Meeting",
    "link": "https://investors.avadel.com/corporate-profile",
    "timestamp": "unknown"
  },
  {
    "title": "Governance Highlights",
    "link": "https://investors.avadel.com/corporate-governance/highlights",
    "timestamp": "unknown"
  },
  {
    "title": "Management Team",
    "link": "https://investors.avadel.com/management",
    "timestamp": "unknown"
  },
  {
    "title": "Board of Directors",
    "link": "https://investors.avadel.com/corporate-governance/board-of-directors",
    "timestamp": "unknown"
  },
  {
    "title": "Committee Composition",
    "link": "https://investors.avadel.com/corporate-governance/committee-composition",
    "timestamp": "unknown"
  },
  {
    "title": "Annual General Meeting",
    "link": "https://investors.avadel.com/annual-general-meeting",
    "timestamp": "unknown"
  },
  {
    "title": "Shareholder ServicesInvestor FAQsInformation RequestE-mail AlertsIR Contacts",
    "link": "https://investors.avadel.com/investor-faqs",
    "timestamp": "unknown"
  },
  {
    "title": "Investor FAQs",
    "link": "https://investors.avadel.com/investor-faqs",
    "timestamp": "unknown"
  },
  {
    "title": "Information Request",
    "link": "https://investors.avadel.com/information-request",
    "timestamp": "unknown"
  },
  {
    "title": "E-mail Alerts",
    "link": "https://investors.avadel.com/email-alerts",
    "timestamp": "unknown"
  },
  {
    "title": "IR Contacts",
    "link": "https://investors.avadel.com/contact-ir",
    "timestamp": "unknown"
  },
  {
    "title": "Transaction Overview",
    "link": "https://investors.avadel.com/transaction-overview",
    "timestamp": "unknown"
  },
  {
    "title": "About UsOur FocusCulture & CareersRecent NewsInvestorsContact UsHomeAbout UsOur FocusCulture & CareersContact UsRecent NewsInvestorsPrivacyConsumer He",
    "link": "https://www.avadel.com/about-us",
    "timestamp": "unknown"
  },
  {
    "title": "About UsOur FocusCulture & CareersRecent NewsInvestorsContact UsHomeAbout UsOur FocusCulture & CareersContact UsRecent NewsInvestorsPrivacyConsumer He",
    "link": "https://www.avadel.com/about-us",
    "timestamp": "unknown"
  },
  {
    "title": "About UsOur FocusCulture & CareersRecent NewsInvestorsContact UsHomeAbout UsOur FocusCulture & CareersContact UsRecent NewsInvestorsPrivacyConsumer He",
    "link": "https://www.avadel.com/about-us",
    "timestamp": "unknown"
  },
  {
    "title": "About UsOur FocusCulture & CareersRecent NewsInvestorsContact UsHomeAbout UsOur FocusCulture & CareersContact UsRecent NewsInvestorsPrivacyConsumer He",
    "link": "https://www.avadel.com/about-us",
    "timestamp": "unknown"
  },
  {
    "title": "About UsOur FocusCulture & CareersRecent NewsInvestorsContact UsHomeAbout UsOur FocusCulture & CareersContact UsRecent NewsInvestorsPrivacyConsumer He",
    "link": "https://www.avadel.com/about-us",
    "timestamp": "unknown"
  },
  {
    "title": "About Us",
    "link": "https://www.avadel.com/about-us",
    "timestamp": "unknown"
  },
  {
    "title": "Our Focus",
    "link": "https://www.avadel.com/our-focus",
    "timestamp": "unknown"
  },
  {
    "title": "Culture & Careers",
    "link": "https://www.avadel.com/careers",
    "timestamp": "unknown"
  },
  {
    "title": "Recent News",
    "link": "https://investors.avadel.com/press-releases",
    "timestamp": "unknown"
  },
  {
    "title": "Investors",
    "link": "https://investors.avadel.com",
    "timestamp": "unknown"
  },
  {
    "title": "Contact Us",
    "link": "https://www.avadel.com/contact-us",
    "timestamp": "unknown"
  },
  {
    "title": "Home",
    "link": "https://www.avadel.com",
    "timestamp": "unknown"
  },
  {
    "title": "About Us",
    "link": "https://www.avadel.com/about-us",
    "timestamp": "unknown"
  },
  {
    "title": "Our Focus",
    "link": "https://www.avadel.com/our-focus",
    "timestamp": "unknown"
  },
  {
    "title": "Culture & Careers",
    "link": "https://www.avadel.com/careers",
    "timestamp": "unknown"
  },
  {
    "title": "Contact Us",
    "link": "https://www.avadel.com/contact-us",
    "timestamp": "unknown"
  },
  {
    "title": "Recent News",
    "link": "https://investors.avadel.com/press-releases",
    "timestamp": "unknown"
  },
  {
    "title": "Investors",
    "link": "https://investors.avadel.com",
    "timestamp": "unknown"
  },
  {
    "title": "Privacy",
    "link": "https://www.avadel.com/privacy",
    "timestamp": "unknown"
  },
  {
    "title": "Consumer Health Data Privacy Notice",
    "link": "https://www.avadel.com/privacy-policy-consumer-health-data",
    "timestamp": "unknown"
  },
  {
    "title": "Corporate Compliance",
    "link": "https://www.avadel.com/corporate-compliance",
    "timestamp": "unknown"
  },
  {
    "title": "Terms and Conditions",
    "link": "https://www.avadel.com/terms-and-conditions",
    "timestamp": "unknown"
  }
]