[
  {
    "title": "About AxsomeAbout AxsomeAbout AxsomeAllAllOverviewManagement\u00a0TeamBoard of DirectorsIntellectual\u00a0PropertyState\u00a0DisclosuresPortfolioPortfolioPortfolioAl",
    "link": "https://www.axsome.com/",
    "timestamp": "unknown"
  },
  {
    "title": "About AxsomeAbout AxsomeAbout AxsomeAllAllOverviewManagement\u00a0TeamBoard of DirectorsIntellectual\u00a0PropertyState\u00a0DisclosuresPortfolioPortfolioPortfolioAl",
    "link": "https://www.axsome.com/",
    "timestamp": "unknown"
  },
  {
    "title": "About AxsomeAbout AxsomeAbout AxsomeAllAllOverviewManagement\u00a0TeamBoard of DirectorsIntellectual\u00a0PropertyState\u00a0DisclosuresPortfolioPortfolioPortfolioAl",
    "link": "https://www.axsome.com/about-axsome",
    "timestamp": "unknown"
  },
  {
    "title": "About AxsomeAbout AxsomeAbout AxsomeAllAllOverviewManagement\u00a0TeamBoard of DirectorsIntellectual\u00a0PropertyState\u00a0DisclosuresPortfolioPortfolioPortfolioAl",
    "link": "https://www.axsome.com/about-axsome",
    "timestamp": "unknown"
  },
  {
    "title": "About AxsomeAbout AxsomeAbout AxsomeAllAllOverviewManagement\u00a0TeamBoard of DirectorsIntellectual\u00a0PropertyState\u00a0Disclosures",
    "link": "https://www.axsome.com/about-axsome",
    "timestamp": "unknown"
  },
  {
    "title": "Overview",
    "link": "https://www.axsome.com/about-axsome",
    "timestamp": "unknown"
  },
  {
    "title": "Management\u00a0Team",
    "link": "https://www.axsome.com/about-axsome/management-team",
    "timestamp": "unknown"
  },
  {
    "title": "Board of Directors",
    "link": "https://www.axsome.com/about-axsome/board-of-directors",
    "timestamp": "unknown"
  },
  {
    "title": "Intellectual\u00a0Property",
    "link": "https://www.axsome.com/about-axsome/intellectual-property",
    "timestamp": "unknown"
  },
  {
    "title": "State\u00a0Disclosures",
    "link": "https://www.axsome.com/about-axsome/state-disclosures",
    "timestamp": "unknown"
  },
  {
    "title": "PortfolioPortfolioPortfolioAllAllProducts\u00a0OverviewProducts\u00a0OverviewAllAllOverviewAuvelity\u00ae (dextromethorphan-bupropion)Sunosi\u00ae (solriamfetol)Symbravo\u00ae",
    "link": "https://www.axsome.com/axs-portfolio/products",
    "timestamp": "unknown"
  },
  {
    "title": "Products\u00a0OverviewProducts\u00a0OverviewAllAllOverviewAuvelity\u00ae (dextromethorphan-bupropion)Sunosi\u00ae (solriamfetol)Symbravo\u00ae (meloxicam and rizatriptan)",
    "link": "https://www.axsome.com/axs-portfolio/products",
    "timestamp": "unknown"
  },
  {
    "title": "Overview",
    "link": "https://www.axsome.com/axs-portfolio/products/",
    "timestamp": "unknown"
  },
  {
    "title": "Auvelity\u00ae (dextromethorphan-bupropion)",
    "link": "https://www.axsome.com//axs-portfolio/products#auvelity",
    "timestamp": "unknown"
  },
  {
    "title": "Sunosi\u00ae (solriamfetol)",
    "link": "https://www.axsome.com//axs-portfolio/products#sunosi",
    "timestamp": "unknown"
  },
  {
    "title": "Symbravo\u00ae (meloxicam and rizatriptan)",
    "link": "https://www.axsome.com//products#symbravo",
    "timestamp": "unknown"
  },
  {
    "title": "Pipeline\u00a0OverviewPipeline\u00a0OverviewPipeline OverviewAllAllOverviewAXS-AXS-AXS-",
    "link": "https://www.axsome.com/axs-portfolio/pipeline",
    "timestamp": "unknown"
  },
  {
    "title": "Overview",
    "link": "https://www.axsome.com/axs-portfolio/pipeline",
    "timestamp": "unknown"
  },
  {
    "title": "AXS-",
    "link": "https://www.axsome.com/axs-portfolio/pipeline/about-axs-",
    "timestamp": "unknown"
  },
  {
    "title": "AXS-",
    "link": "https://www.axsome.com/axs-portfolio/pipeline/about-axs-",
    "timestamp": "unknown"
  },
  {
    "title": "AXS-",
    "link": "https://www.axsome.com/axs-portfolio/pipeline/about-axs-",
    "timestamp": "unknown"
  },
  {
    "title": "ConditionsConditionsConditionsAllAllOverviewDepressionMigraineAlzheimer\u2019s Disease\u00a0AgitationExcessive Daytime SleepinessNarcolepsyFibromyalgiaSmoking\u00a0C",
    "link": "https://www.axsome.com/conditions",
    "timestamp": "unknown"
  },
  {
    "title": "Overview",
    "link": "https://www.axsome.com/conditions",
    "timestamp": "unknown"
  },
  {
    "title": "Depression",
    "link": "https://www.axsome.com/conditions/depression",
    "timestamp": "unknown"
  },
  {
    "title": "Migraine",
    "link": "https://www.axsome.com/conditions/migraine",
    "timestamp": "unknown"
  },
  {
    "title": "Alzheimer\u2019s Disease\u00a0Agitation",
    "link": "https://www.axsome.com/conditions/alzheimers-disease-agitation",
    "timestamp": "unknown"
  },
  {
    "title": "Excessive Daytime Sleepiness",
    "link": "https://www.axsome.com/conditions/excessive-daytime-sleepiness",
    "timestamp": "unknown"
  },
  {
    "title": "Narcolepsy",
    "link": "https://www.axsome.com/conditions/narcolepsy",
    "timestamp": "unknown"
  },
  {
    "title": "Fibromyalgia",
    "link": "https://www.axsome.com/conditions/fibromyalgia",
    "timestamp": "unknown"
  },
  {
    "title": "Smoking\u00a0Cessation",
    "link": "https://www.axsome.com/conditions/smoking-cessation",
    "timestamp": "unknown"
  },
  {
    "title": "ScienceScienceScienceAllAllOverviewMedical\u00a0Information\u00a0U.S.Medical\u00a0Information\u00a0InternationalPublications",
    "link": "https://www.axsome.com/science",
    "timestamp": "unknown"
  },
  {
    "title": "Overview",
    "link": "https://www.axsome.com/science",
    "timestamp": "unknown"
  },
  {
    "title": "Medical\u00a0Information\u00a0U.S.",
    "link": "https://www.axsome.com/science/medical-information",
    "timestamp": "unknown"
  },
  {
    "title": "Medical\u00a0Information\u00a0International",
    "link": "https://www.axsome.com/science/medical-information-international",
    "timestamp": "unknown"
  },
  {
    "title": "Publications",
    "link": "https://www.axsome.com/science/publications",
    "timestamp": "unknown"
  },
  {
    "title": "InvestorsInvestorsInvestorsAllAllOverviewCorporate\u00a0GovernanceStock\u00a0InformationFinancial\u00a0InformationNews & EventsWebcasts & PresentationsAnalyst Covera",
    "link": "https://axsometherapeuticsinc.gcs-web.com/",
    "timestamp": "unknown"
  },
  {
    "title": "Overview",
    "link": "https://axsometherapeuticsinc.gcs-web.com/",
    "timestamp": "unknown"
  },
  {
    "title": "Corporate\u00a0Governance",
    "link": "https://axsometherapeuticsinc.gcs-web.com/corporate-governance/documents-and-charters",
    "timestamp": "unknown"
  },
  {
    "title": "Stock\u00a0Information",
    "link": "https://axsometherapeuticsinc.gcs-web.com/stock-information/stock-quote",
    "timestamp": "unknown"
  },
  {
    "title": "Financial\u00a0Information",
    "link": "https://axsometherapeuticsinc.gcs-web.com/financial-information/sec-filings",
    "timestamp": "unknown"
  },
  {
    "title": "News & Events",
    "link": "https://axsometherapeuticsinc.gcs-web.com/news-and-events/news-releases",
    "timestamp": "unknown"
  },
  {
    "title": "Webcasts & Presentations",
    "link": "https://axsometherapeuticsinc.gcs-web.com/webcasts-and-presentations",
    "timestamp": "unknown"
  },
  {
    "title": "Analyst Coverage",
    "link": "https://axsometherapeuticsinc.gcs-web.com/analyst-coverage",
    "timestamp": "unknown"
  },
  {
    "title": "Shareholder Services",
    "link": "https://axsometherapeuticsinc.gcs-web.com/shareholder-services/investor-faqs",
    "timestamp": "unknown"
  },
  {
    "title": "CareersCareersCareersAllAllOverviewCurrent Opportunities",
    "link": "https://www.axsome.com/careers",
    "timestamp": "unknown"
  },
  {
    "title": "Overview",
    "link": "https://www.axsome.com/careers",
    "timestamp": "unknown"
  },
  {
    "title": "Current Opportunities",
    "link": "https://www.axsome.com/careers/current-opportunities",
    "timestamp": "unknown"
  },
  {
    "title": "News ReleasesEventsKeyword SearchYearNoneNovember ,Axsome Therapeutics Reports Third Quarter  Financial Results and Provides Business UpdateTotal 3Q  ",
    "link": "https://axsometherapeuticsinc.gcs-web.com/news-and-events/news-releases",
    "timestamp": "unknown"
  },
  {
    "title": "News ReleasesEvents",
    "link": "https://axsometherapeuticsinc.gcs-web.com/news-and-events/news-releases",
    "timestamp": "unknown"
  },
  {
    "title": "News ReleasesEvents",
    "link": "https://axsometherapeuticsinc.gcs-web.com/news-and-events/news-releases",
    "timestamp": "unknown"
  },
  {
    "title": "Keyword SearchYearNoneNovember ,Axsome Therapeutics Reports Third Quarter  Financial Results and Provides Business UpdateTotal 3Q  net product revenue",
    "link": "https://axsometherapeuticsinc.gcs-web.com/news-releases/news-release-details/axsome-therapeutics-reports-third-quarter--financial-results",
    "timestamp": "unknown"
  },
  {
    "title": "Keyword SearchYearNoneNovember ,Axsome Therapeutics Reports Third Quarter  Financial Results and Provides Business UpdateTotal 3Q  net product revenue",
    "link": "https://axsometherapeuticsinc.gcs-web.com/news-releases/news-release-details/axsome-therapeutics-reports-third-quarter--financial-results",
    "timestamp": "unknown"
  },
  {
    "title": "Keyword SearchYearNoneNovember ,Axsome Therapeutics Reports Third Quarter  Financial Results and Provides Business UpdateTotal 3Q  net product revenue",
    "link": "https://axsometherapeuticsinc.gcs-web.com/news-releases/news-release-details/axsome-therapeutics-reports-third-quarter--financial-results",
    "timestamp": "unknown"
  },
  {
    "title": "Keyword SearchYearNoneNovember ,Axsome Therapeutics Reports Third Quarter  Financial Results and Provides Business UpdateTotal 3Q  net product revenue",
    "link": "https://axsometherapeuticsinc.gcs-web.com/news-releases/news-release-details/axsome-therapeutics-reports-third-quarter--financial-results",
    "timestamp": "unknown"
  },
  {
    "title": "Keyword SearchYearNoneNovember ,Axsome Therapeutics Reports Third Quarter  Financial Results and Provides Business UpdateTotal 3Q  net product revenue",
    "link": "https://axsometherapeuticsinc.gcs-web.com/news-releases/news-release-details/axsome-therapeutics-reports-third-quarter--financial-results",
    "timestamp": "unknown"
  },
  {
    "title": "Keyword SearchYearNoneNovember ,Axsome Therapeutics Reports Third Quarter  Financial Results and Provides Business UpdateTotal 3Q  net product revenue",
    "link": "https://axsometherapeuticsinc.gcs-web.com/news-releases/news-release-details/axsome-therapeutics-reports-third-quarter--financial-results",
    "timestamp": "unknown"
  },
  {
    "title": "Keyword SearchYearNoneNovember ,Axsome Therapeutics Reports Third Quarter  Financial Results and Provides Business UpdateTotal 3Q  net product revenue",
    "link": "https://axsometherapeuticsinc.gcs-web.com/news-releases/news-release-details/axsome-therapeutics-reports-third-quarter--financial-results",
    "timestamp": "unknown"
  },
  {
    "title": "Keyword SearchYearNoneNovember ,Axsome Therapeutics Reports Third Quarter  Financial Results and Provides Business UpdateTotal 3Q  net product revenue",
    "link": "https://axsometherapeuticsinc.gcs-web.com/news-releases/news-release-details/axsome-therapeutics-reports-third-quarter--financial-results",
    "timestamp": "unknown"
  },
  {
    "title": "Keyword SearchYearNoneNovember ,Axsome Therapeutics Reports Third Quarter  Financial Results and Provides Business UpdateTotal 3Q  net product revenue",
    "link": "https://axsometherapeuticsinc.gcs-web.com/news-releases/news-release-details/axsome-therapeutics-reports-third-quarter--financial-results",
    "timestamp": "unknown"
  },
  {
    "title": "Keyword SearchYearNoneNovember ,Axsome Therapeutics Reports Third Quarter  Financial Results and Provides Business UpdateTotal 3Q  net product revenue",
    "link": "https://axsometherapeuticsinc.gcs-web.com/news-releases/news-release-details/axsome-therapeutics-reports-third-quarter--financial-results",
    "timestamp": "unknown"
  },
  {
    "title": "Keyword SearchYearNoneNovember ,Axsome Therapeutics Reports Third Quarter  Financial Results and Provides Business UpdateTotal 3Q  net product revenue",
    "link": "https://axsometherapeuticsinc.gcs-web.com/news-releases/news-release-details/axsome-therapeutics-reports-third-quarter--financial-results",
    "timestamp": "unknown"
  },
  {
    "title": "Keyword SearchYearNoneNovember ,Axsome Therapeutics Reports Third Quarter  Financial Results and Provides Business UpdateTotal 3Q  net product revenue",
    "link": "https://axsometherapeuticsinc.gcs-web.com/news-releases/news-release-details/axsome-therapeutics-reports-third-quarter--financial-results",
    "timestamp": "unknown"
  },
  {
    "title": "YearNoneNovember ,Axsome Therapeutics Reports Third Quarter  Financial Results and Provides Business UpdateTotal 3Q  net product revenue of $. million",
    "link": "https://axsometherapeuticsinc.gcs-web.com/news-releases/news-release-details/axsome-therapeutics-reports-third-quarter--financial-results",
    "timestamp": "unknown"
  },
  {
    "title": "YearNoneNovember ,Axsome Therapeutics Reports Third Quarter  Financial Results and Provides Business UpdateTotal 3Q  net product revenue of $. million",
    "link": "https://axsometherapeuticsinc.gcs-web.com/news-releases/news-release-details/axsome-therapeutics-reports-third-quarter--financial-results",
    "timestamp": "unknown"
  },
  {
    "title": "YearNoneNovember ,Axsome Therapeutics Reports Third Quarter  Financial Results and Provides Business UpdateTotal 3Q  net product revenue of $. million",
    "link": "https://axsometherapeuticsinc.gcs-web.com/news-releases/news-release-details/axsome-therapeutics-reports-third-quarter--financial-results",
    "timestamp": "unknown"
  },
  {
    "title": "November ,Axsome Therapeutics Reports Third Quarter  Financial Results and Provides Business UpdateTotal 3Q  net product revenue of $. million , repre",
    "link": "https://axsometherapeuticsinc.gcs-web.com/news-releases/news-release-details/axsome-therapeutics-reports-third-quarter--financial-results",
    "timestamp": "unknown"
  },
  {
    "title": "November ,Axsome Therapeutics Reports Third Quarter  Financial Results and Provides Business UpdateTotal 3Q  net product revenue of $. million , repre",
    "link": "https://axsometherapeuticsinc.gcs-web.com/news-releases/news-release-details/axsome-therapeutics-reports-third-quarter--financial-results",
    "timestamp": "unknown"
  },
  {
    "title": "Axsome Therapeutics Reports Third Quarter  Financial Results and Provides Business Update",
    "link": "https://axsometherapeuticsinc.gcs-web.com/news-releases/news-release-details/axsome-therapeutics-reports-third-quarter--financial-results",
    "timestamp": "unknown"
  },
  {
    "title": "Read More",
    "link": "https://axsometherapeuticsinc.gcs-web.com/news-releases/news-release-details/axsome-therapeutics-reports-third-quarter--financial-results",
    "timestamp": "unknown"
  },
  {
    "title": "October ,Axsome Therapeutics to Participate in Upcoming Investor ConferencesNEW YORK , Oct. ,  (GLOBE NEWSWIRE) -- Axsome Therapeutics, Inc. (NASDAQ: ",
    "link": "https://axsometherapeuticsinc.gcs-web.com/news-releases/news-release-details/axsome-therapeutics-participate-upcoming-investor-conferences-",
    "timestamp": "unknown"
  },
  {
    "title": "Axsome Therapeutics to Participate in Upcoming Investor Conferences",
    "link": "https://axsometherapeuticsinc.gcs-web.com/news-releases/news-release-details/axsome-therapeutics-participate-upcoming-investor-conferences-",
    "timestamp": "unknown"
  },
  {
    "title": "Read More",
    "link": "https://axsometherapeuticsinc.gcs-web.com/news-releases/news-release-details/axsome-therapeutics-participate-upcoming-investor-conferences-",
    "timestamp": "unknown"
  },
  {
    "title": "October ,Axsome Therapeutics Recognizes Mental Illness Awareness Week Along with the National Advocacy CommunityNEW YORK , Oct. ,  (GLOBE NEWSWIRE) --",
    "link": "https://axsometherapeuticsinc.gcs-web.com/news-releases/news-release-details/axsome-therapeutics-recognizes-mental-illness-awareness-week",
    "timestamp": "unknown"
  },
  {
    "title": "Axsome Therapeutics Recognizes Mental Illness Awareness Week Along with the National Advocacy Community",
    "link": "https://axsometherapeuticsinc.gcs-web.com/news-releases/news-release-details/axsome-therapeutics-recognizes-mental-illness-awareness-week",
    "timestamp": "unknown"
  },
  {
    "title": "Read More",
    "link": "https://axsometherapeuticsinc.gcs-web.com/news-releases/news-release-details/axsome-therapeutics-recognizes-mental-illness-awareness-week",
    "timestamp": "unknown"
  },
  {
    "title": "October ,Axsome Therapeutics to Report Third Quarter  Financial Results on NovemberNEW YORK , Oct. ,  (GLOBE NEWSWIRE) -- Axsome Therapeutics, Inc. (N",
    "link": "https://axsometherapeuticsinc.gcs-web.com/news-releases/news-release-details/axsome-therapeutics-report-third-quarter--financial-results",
    "timestamp": "unknown"
  },
  {
    "title": "Axsome Therapeutics to Report Third Quarter  Financial Results on November",
    "link": "https://axsometherapeuticsinc.gcs-web.com/news-releases/news-release-details/axsome-therapeutics-report-third-quarter--financial-results",
    "timestamp": "unknown"
  },
  {
    "title": "Read More",
    "link": "https://axsometherapeuticsinc.gcs-web.com/news-releases/news-release-details/axsome-therapeutics-report-third-quarter--financial-results",
    "timestamp": "unknown"
  },
  {
    "title": "September ,Axsome Therapeutics Highlights Data Across Its Leading Neuroscience Pipeline at Psych CongressSix poster presentations showcase clinical an",
    "link": "https://axsometherapeuticsinc.gcs-web.com/news-releases/news-release-details/axsome-therapeutics-highlights-data-across-its-leading",
    "timestamp": "unknown"
  },
  {
    "title": "Axsome Therapeutics Highlights Data Across Its Leading Neuroscience Pipeline at Psych Congress",
    "link": "https://axsometherapeuticsinc.gcs-web.com/news-releases/news-release-details/axsome-therapeutics-highlights-data-across-its-leading",
    "timestamp": "unknown"
  },
  {
    "title": "Read More",
    "link": "https://axsometherapeuticsinc.gcs-web.com/news-releases/news-release-details/axsome-therapeutics-highlights-data-across-its-leading",
    "timestamp": "unknown"
  },
  {
    "title": "August ,Axsome Therapeutics to Participate in Upcoming Investor ConferencesNEW YORK , Aug. ,  (GLOBE NEWSWIRE) -- Axsome Therapeutics, Inc. (NASDAQ: A",
    "link": "https://axsometherapeuticsinc.gcs-web.com/news-releases/news-release-details/axsome-therapeutics-participate-upcoming-investor-conferences-",
    "timestamp": "unknown"
  },
  {
    "title": "Axsome Therapeutics to Participate in Upcoming Investor Conferences",
    "link": "https://axsometherapeuticsinc.gcs-web.com/news-releases/news-release-details/axsome-therapeutics-participate-upcoming-investor-conferences-",
    "timestamp": "unknown"
  },
  {
    "title": "Read More",
    "link": "https://axsometherapeuticsinc.gcs-web.com/news-releases/news-release-details/axsome-therapeutics-participate-upcoming-investor-conferences-",
    "timestamp": "unknown"
  },
  {
    "title": "August ,Axsome Therapeutics Reports Second Quarter  Financial Results and Provides Business UpdateTotal 2Q  net product revenue of $. million , repres",
    "link": "https://axsometherapeuticsinc.gcs-web.com/news-releases/news-release-details/axsome-therapeutics-reports-second-quarter--financial",
    "timestamp": "unknown"
  },
  {
    "title": "Axsome Therapeutics Reports Second Quarter  Financial Results and Provides Business Update",
    "link": "https://axsometherapeuticsinc.gcs-web.com/news-releases/news-release-details/axsome-therapeutics-reports-second-quarter--financial",
    "timestamp": "unknown"
  },
  {
    "title": "Read More",
    "link": "https://axsometherapeuticsinc.gcs-web.com/news-releases/news-release-details/axsome-therapeutics-reports-second-quarter--financial",
    "timestamp": "unknown"
  },
  {
    "title": "July ,Axsome Therapeutics Hosts Frontiers in Brain Health R&D Day Reviewing Industry-Leading Late-Stage CNS PipelineComprehensive review of broad pipe",
    "link": "https://axsometherapeuticsinc.gcs-web.com/news-releases/news-release-details/axsome-therapeutics-hosts-frontiers-brain-health-rd-day",
    "timestamp": "unknown"
  },
  {
    "title": "Axsome Therapeutics Hosts Frontiers in Brain Health R&D Day Reviewing Industry-Leading Late-Stage CNS Pipeline",
    "link": "https://axsometherapeuticsinc.gcs-web.com/news-releases/news-release-details/axsome-therapeutics-hosts-frontiers-brain-health-rd-day",
    "timestamp": "unknown"
  },
  {
    "title": "Read More",
    "link": "https://axsometherapeuticsinc.gcs-web.com/news-releases/news-release-details/axsome-therapeutics-hosts-frontiers-brain-health-rd-day",
    "timestamp": "unknown"
  },
  {
    "title": "July ,Axsome Therapeutics to Ring the NASDAQ Stock Market Opening Bell TodayNEW YORK , July ,  (GLOBE NEWSWIRE) -- Axsome Therapeutics, Inc. (NASDAQ: ",
    "link": "https://axsometherapeuticsinc.gcs-web.com/news-releases/news-release-details/axsome-therapeutics-ring-nasdaq-stock-market-opening-bell-",
    "timestamp": "unknown"
  },
  {
    "title": "Axsome Therapeutics to Ring the NASDAQ Stock Market Opening Bell Today",
    "link": "https://axsometherapeuticsinc.gcs-web.com/news-releases/news-release-details/axsome-therapeutics-ring-nasdaq-stock-market-opening-bell-",
    "timestamp": "unknown"
  },
  {
    "title": "Read More",
    "link": "https://axsometherapeuticsinc.gcs-web.com/news-releases/news-release-details/axsome-therapeutics-ring-nasdaq-stock-market-opening-bell-",
    "timestamp": "unknown"
  },
  {
    "title": "July ,Axsome Therapeutics to Report Second Quarter  Financial Results on AugustNEW YORK , July ,  (GLOBE NEWSWIRE) -- Axsome Therapeutics, Inc. (NASDA",
    "link": "https://axsometherapeuticsinc.gcs-web.com/news-releases/news-release-details/axsome-therapeutics-report-second-quarter--financial-results",
    "timestamp": "unknown"
  },
  {
    "title": "Axsome Therapeutics to Report Second Quarter  Financial Results on August",
    "link": "https://axsometherapeuticsinc.gcs-web.com/news-releases/news-release-details/axsome-therapeutics-report-second-quarter--financial-results",
    "timestamp": "unknown"
  },
  {
    "title": "Read More",
    "link": "https://axsometherapeuticsinc.gcs-web.com/news-releases/news-release-details/axsome-therapeutics-report-second-quarter--financial-results",
    "timestamp": "unknown"
  },
  {
    "title": "July ,Axsome Therapeutics to Showcase Its Innovative CNS Pipeline at Upcoming Frontiers in Brain Health R&D Day in New York City on JulyNEW YORK , Jul",
    "link": "https://axsometherapeuticsinc.gcs-web.com/news-releases/news-release-details/axsome-therapeutics-showcase-its-innovative-cns-pipeline",
    "timestamp": "unknown"
  },
  {
    "title": "Axsome Therapeutics to Showcase Its Innovative CNS Pipeline at Upcoming Frontiers in Brain Health R&D Day in New York City on July",
    "link": "https://axsometherapeuticsinc.gcs-web.com/news-releases/news-release-details/axsome-therapeutics-showcase-its-innovative-cns-pipeline",
    "timestamp": "unknown"
  },
  {
    "title": "Read More",
    "link": "https://axsometherapeuticsinc.gcs-web.com/news-releases/news-release-details/axsome-therapeutics-showcase-its-innovative-cns-pipeline",
    "timestamp": "unknown"
  },
  {
    "title": "June ,Axsome Therapeutics Champions Brain Health During Alzheimer&#;s & Brain Awareness MonthNEW YORK , June ,  (GLOBE NEWSWIRE) -- Axsome Therapeutic",
    "link": "https://axsometherapeuticsinc.gcs-web.com/news-releases/news-release-details/axsome-therapeutics-champions-brain-health-during-alzheimers",
    "timestamp": "unknown"
  },
  {
    "title": "Axsome Therapeutics Champions Brain Health During Alzheimer&#;s & Brain Awareness Month",
    "link": "https://axsometherapeuticsinc.gcs-web.com/news-releases/news-release-details/axsome-therapeutics-champions-brain-health-during-alzheimers",
    "timestamp": "unknown"
  },
  {
    "title": "Read More",
    "link": "https://axsometherapeuticsinc.gcs-web.com/news-releases/news-release-details/axsome-therapeutics-champions-brain-health-during-alzheimers",
    "timestamp": "unknown"
  },
  {
    "title": "June ,Axsome Therapeutics to Present Data Spanning the SYMBRAVO\u00ae (meloxicam and rizatriptan) Clinical Program at the 67th Annual Scientific Meeting of",
    "link": "https://axsometherapeuticsinc.gcs-web.com/news-releases/news-release-details/axsome-therapeutics-present-data-spanning-symbravor-meloxicam",
    "timestamp": "unknown"
  },
  {
    "title": "Axsome Therapeutics to Present Data Spanning the SYMBRAVO\u00ae (meloxicam and rizatriptan) Clinical Program at the 67th Annual Scientific Meeting of the A",
    "link": "https://axsometherapeuticsinc.gcs-web.com/news-releases/news-release-details/axsome-therapeutics-present-data-spanning-symbravor-meloxicam",
    "timestamp": "unknown"
  },
  {
    "title": "Read More",
    "link": "https://axsometherapeuticsinc.gcs-web.com/news-releases/news-release-details/axsome-therapeutics-present-data-spanning-symbravor-meloxicam",
    "timestamp": "unknown"
  },
  {
    "title": "June ,Axsome Therapeutics Proudly Supports Migraine and Headache Awareness Month Alongside the Association of Migraine DisordersNEW YORK , June ,  (GL",
    "link": "https://axsometherapeuticsinc.gcs-web.com/news-releases/news-release-details/axsome-therapeutics-proudly-supports-migraine-and-headache",
    "timestamp": "unknown"
  },
  {
    "title": "Axsome Therapeutics Proudly Supports Migraine and Headache Awareness Month Alongside the Association of Migraine Disorders",
    "link": "https://axsometherapeuticsinc.gcs-web.com/news-releases/news-release-details/axsome-therapeutics-proudly-supports-migraine-and-headache",
    "timestamp": "unknown"
  },
  {
    "title": "Read More",
    "link": "https://axsometherapeuticsinc.gcs-web.com/news-releases/news-release-details/axsome-therapeutics-proudly-supports-migraine-and-headache",
    "timestamp": "unknown"
  },
  {
    "title": "June ,Axsome Therapeutics Showcases Innovation in Sleep Medicine with Multiple Presentations for AXS- and Solriamfetol at SLEEPNEW YORK , June ,  (GLO",
    "link": "https://axsometherapeuticsinc.gcs-web.com/news-releases/news-release-details/axsome-therapeutics-showcases-innovation-sleep-medicine-multiple",
    "timestamp": "unknown"
  },
  {
    "title": "Axsome Therapeutics Showcases Innovation in Sleep Medicine with Multiple Presentations for AXS- and Solriamfetol at SLEEP",
    "link": "https://axsometherapeuticsinc.gcs-web.com/news-releases/news-release-details/axsome-therapeutics-showcases-innovation-sleep-medicine-multiple",
    "timestamp": "unknown"
  },
  {
    "title": "Read More",
    "link": "https://axsometherapeuticsinc.gcs-web.com/news-releases/news-release-details/axsome-therapeutics-showcases-innovation-sleep-medicine-multiple",
    "timestamp": "unknown"
  },
  {
    "title": "June ,Axsome Therapeutics Announces Availability of SYMBRAVO\u00ae (meloxicam and rizatriptan) for the Acute Treatment of Migraine with or without Aura in ",
    "link": "https://axsometherapeuticsinc.gcs-web.com/news-releases/news-release-details/axsome-therapeutics-announces-availability-symbravor-meloxicam",
    "timestamp": "unknown"
  },
  {
    "title": "Axsome Therapeutics Announces Availability of SYMBRAVO\u00ae (meloxicam and rizatriptan) for the Acute Treatment of Migraine with or without Aura in Adults",
    "link": "https://axsometherapeuticsinc.gcs-web.com/news-releases/news-release-details/axsome-therapeutics-announces-availability-symbravor-meloxicam",
    "timestamp": "unknown"
  },
  {
    "title": "Read More",
    "link": "https://axsometherapeuticsinc.gcs-web.com/news-releases/news-release-details/axsome-therapeutics-announces-availability-symbravor-meloxicam",
    "timestamp": "unknown"
  },
  {
    "title": "June ,Axsome Therapeutics Provides Update on the New Drug Application (NDA) for AXS- for the Management of FibromyalgiaNEW YORK , June ,  (GLOBE NEWSW",
    "link": "https://axsometherapeuticsinc.gcs-web.com/news-releases/news-release-details/axsome-therapeutics-provides-update-new-drug-application-nda-axs",
    "timestamp": "unknown"
  },
  {
    "title": "Axsome Therapeutics Provides Update on the New Drug Application (NDA) for AXS- for the Management of Fibromyalgia",
    "link": "https://axsometherapeuticsinc.gcs-web.com/news-releases/news-release-details/axsome-therapeutics-provides-update-new-drug-application-nda-axs",
    "timestamp": "unknown"
  },
  {
    "title": "Read More",
    "link": "https://axsometherapeuticsinc.gcs-web.com/news-releases/news-release-details/axsome-therapeutics-provides-update-new-drug-application-nda-axs",
    "timestamp": "unknown"
  },
  {
    "title": "May ,Axsome Therapeutics to Participate in Upcoming Investor ConferencesNEW YORK , May ,  (GLOBE NEWSWIRE) -- Axsome Therapeutics, Inc. (NASDAQ: AXSM)",
    "link": "https://axsometherapeuticsinc.gcs-web.com/news-releases/news-release-details/axsome-therapeutics-participate-upcoming-investor-conferences-",
    "timestamp": "unknown"
  },
  {
    "title": "Axsome Therapeutics to Participate in Upcoming Investor Conferences",
    "link": "https://axsometherapeuticsinc.gcs-web.com/news-releases/news-release-details/axsome-therapeutics-participate-upcoming-investor-conferences-",
    "timestamp": "unknown"
  },
  {
    "title": "Read More",
    "link": "https://axsometherapeuticsinc.gcs-web.com/news-releases/news-release-details/axsome-therapeutics-participate-upcoming-investor-conferences-",
    "timestamp": "unknown"
  },
  {
    "title": "May ,Axsome Therapeutics Presents Data from Three of Its Innovative Neuroscience Programs at the American Society of Clinical Psychopharmacology (ASCP",
    "link": "https://axsometherapeuticsinc.gcs-web.com/news-releases/news-release-details/axsome-therapeutics-presents-data-three-its-innovative",
    "timestamp": "unknown"
  },
  {
    "title": "Axsome Therapeutics Presents Data from Three of Its Innovative Neuroscience Programs at the American Society of Clinical Psychopharmacology (ASCP)  An",
    "link": "https://axsometherapeuticsinc.gcs-web.com/news-releases/news-release-details/axsome-therapeutics-presents-data-three-its-innovative",
    "timestamp": "unknown"
  },
  {
    "title": "Read More",
    "link": "https://axsometherapeuticsinc.gcs-web.com/news-releases/news-release-details/axsome-therapeutics-presents-data-three-its-innovative",
    "timestamp": "unknown"
  },
  {
    "title": "May ,Axsome Therapeutics Settles SUNOSI\u00ae (solriamfetol) Patent Litigation with Hetero Labs Ltd.NEW YORK , May ,  (GLOBE NEWSWIRE) -- Axsome Therapeuti",
    "link": "https://axsometherapeuticsinc.gcs-web.com/news-releases/news-release-details/axsome-therapeutics-settles-sunosir-solriamfetol-patent-",
    "timestamp": "unknown"
  },
  {
    "title": "Axsome Therapeutics Settles SUNOSI\u00ae (solriamfetol) Patent Litigation with Hetero Labs Ltd.",
    "link": "https://axsometherapeuticsinc.gcs-web.com/news-releases/news-release-details/axsome-therapeutics-settles-sunosir-solriamfetol-patent-",
    "timestamp": "unknown"
  },
  {
    "title": "Read More",
    "link": "https://axsometherapeuticsinc.gcs-web.com/news-releases/news-release-details/axsome-therapeutics-settles-sunosir-solriamfetol-patent-",
    "timestamp": "unknown"
  },
  {
    "title": "May ,Axsome Therapeutics Enters $ Million Term Loan and Revolving Credit Facility with BlackstonePrevious term loan facility retired NEW YORK , May , ",
    "link": "https://axsometherapeuticsinc.gcs-web.com/news-releases/news-release-details/axsome-therapeutics-enters--million-term-loan-and-revolving",
    "timestamp": "unknown"
  },
  {
    "title": "Axsome Therapeutics Enters $ Million Term Loan and Revolving Credit Facility with Blackstone",
    "link": "https://axsometherapeuticsinc.gcs-web.com/news-releases/news-release-details/axsome-therapeutics-enters--million-term-loan-and-revolving",
    "timestamp": "unknown"
  },
  {
    "title": "Read More",
    "link": "https://axsometherapeuticsinc.gcs-web.com/news-releases/news-release-details/axsome-therapeutics-enters--million-term-loan-and-revolving",
    "timestamp": "unknown"
  },
  {
    "title": "May ,Axsome Therapeutics Reports First Quarter  Financial Results and Provides Business UpdateTotal 1Q  net product revenue of $. million , representi",
    "link": "https://axsometherapeuticsinc.gcs-web.com/news-releases/news-release-details/axsome-therapeutics-reports-first-quarter--financial-results",
    "timestamp": "unknown"
  },
  {
    "title": "Axsome Therapeutics Reports First Quarter  Financial Results and Provides Business Update",
    "link": "https://axsometherapeuticsinc.gcs-web.com/news-releases/news-release-details/axsome-therapeutics-reports-first-quarter--financial-results",
    "timestamp": "unknown"
  },
  {
    "title": "Read More",
    "link": "https://axsometherapeuticsinc.gcs-web.com/news-releases/news-release-details/axsome-therapeutics-reports-first-quarter--financial-results",
    "timestamp": "unknown"
  },
  {
    "title": "May ,Axsome Therapeutics and Mental Health America (MHA) Join Voices to Highlight Mental Health MonthNEW YORK , May ,  (GLOBE NEWSWIRE) -- Axsome Ther",
    "link": "https://axsometherapeuticsinc.gcs-web.com/news-releases/news-release-details/axsome-therapeutics-and-mental-health-america-mha-join-voices",
    "timestamp": "unknown"
  },
  {
    "title": "Axsome Therapeutics and Mental Health America (MHA) Join Voices to Highlight Mental Health Month",
    "link": "https://axsometherapeuticsinc.gcs-web.com/news-releases/news-release-details/axsome-therapeutics-and-mental-health-america-mha-join-voices",
    "timestamp": "unknown"
  },
  {
    "title": "Read More",
    "link": "https://axsometherapeuticsinc.gcs-web.com/news-releases/news-release-details/axsome-therapeutics-and-mental-health-america-mha-join-voices",
    "timestamp": "unknown"
  },
  {
    "title": "April ,Axsome Therapeutics to Participate in Upcoming Investor ConferencesNEW YORK , April ,  (GLOBE NEWSWIRE) -- Axsome Therapeutics, Inc. (NASDAQ: A",
    "link": "https://axsometherapeuticsinc.gcs-web.com/news-releases/news-release-details/axsome-therapeutics-participate-upcoming-investor-conferences-",
    "timestamp": "unknown"
  },
  {
    "title": "Axsome Therapeutics to Participate in Upcoming Investor Conferences",
    "link": "https://axsometherapeuticsinc.gcs-web.com/news-releases/news-release-details/axsome-therapeutics-participate-upcoming-investor-conferences-",
    "timestamp": "unknown"
  },
  {
    "title": "Read More",
    "link": "https://axsometherapeuticsinc.gcs-web.com/news-releases/news-release-details/axsome-therapeutics-participate-upcoming-investor-conferences-",
    "timestamp": "unknown"
  },
  {
    "title": "April ,Axsome Therapeutics to Report First Quarter  Financial Results on MayNEW YORK , April ,  (GLOBE NEWSWIRE) -- Axsome Therapeutics, Inc. (NASDAQ:",
    "link": "https://axsometherapeuticsinc.gcs-web.com/news-releases/news-release-details/axsome-therapeutics-report-first-quarter--financial-results",
    "timestamp": "unknown"
  },
  {
    "title": "Axsome Therapeutics to Report First Quarter  Financial Results on May",
    "link": "https://axsometherapeuticsinc.gcs-web.com/news-releases/news-release-details/axsome-therapeutics-report-first-quarter--financial-results",
    "timestamp": "unknown"
  },
  {
    "title": "Read More",
    "link": "https://axsometherapeuticsinc.gcs-web.com/news-releases/news-release-details/axsome-therapeutics-report-first-quarter--financial-results",
    "timestamp": "unknown"
  },
  {
    "title": "April ,Axsome Therapeutics Presents Positive Pivotal Phase  Results of the ACCORD- Trial of AXS- in Alzheimer\u2019s Disease Agitation and the SYMPHONY Tri",
    "link": "https://axsometherapeuticsinc.gcs-web.com/news-releases/news-release-details/axsome-therapeutics-presents-positive-pivotal-phase--results",
    "timestamp": "unknown"
  },
  {
    "title": "Axsome Therapeutics Presents Positive Pivotal Phase  Results of the ACCORD- Trial of AXS- in Alzheimer\u2019s Disease Agitation and the SYMPHONY Trial of A",
    "link": "https://axsometherapeuticsinc.gcs-web.com/news-releases/news-release-details/axsome-therapeutics-presents-positive-pivotal-phase--results",
    "timestamp": "unknown"
  },
  {
    "title": "Read More",
    "link": "https://axsometherapeuticsinc.gcs-web.com/news-releases/news-release-details/axsome-therapeutics-presents-positive-pivotal-phase--results",
    "timestamp": "unknown"
  },
  {
    "title": "April ,Axsome Therapeutics Announces Topline Results of PARADIGM Phase  Proof-of-Concept Trial of Solriamfetol in Major Depressive Disorder (MDD) with",
    "link": "https://axsometherapeuticsinc.gcs-web.com/news-releases/news-release-details/axsome-therapeutics-announces-topline-results-paradigm-phase-",
    "timestamp": "unknown"
  },
  {
    "title": "Axsome Therapeutics Announces Topline Results of PARADIGM Phase  Proof-of-Concept Trial of Solriamfetol in Major Depressive Disorder (MDD) with and wi",
    "link": "https://axsometherapeuticsinc.gcs-web.com/news-releases/news-release-details/axsome-therapeutics-announces-topline-results-paradigm-phase-",
    "timestamp": "unknown"
  },
  {
    "title": "Read More",
    "link": "https://axsometherapeuticsinc.gcs-web.com/news-releases/news-release-details/axsome-therapeutics-announces-topline-results-paradigm-phase-",
    "timestamp": "unknown"
  },
  {
    "title": "March ,Axsome Therapeutics Announces FOCUS Phase  Trial of Solriamfetol in Adults with Attention Deficit Hyperactivity Disorder (ADHD) Achieves Primar",
    "link": "https://axsometherapeuticsinc.gcs-web.com/news-releases/news-release-details/axsome-therapeutics-announces-focus-phase--trial-solriamfetol",
    "timestamp": "unknown"
  },
  {
    "title": "Axsome Therapeutics Announces FOCUS Phase  Trial of Solriamfetol in Adults with Attention Deficit Hyperactivity Disorder (ADHD) Achieves Primary Endpo",
    "link": "https://axsometherapeuticsinc.gcs-web.com/news-releases/news-release-details/axsome-therapeutics-announces-focus-phase--trial-solriamfetol",
    "timestamp": "unknown"
  },
  {
    "title": "Read More",
    "link": "https://axsometherapeuticsinc.gcs-web.com/news-releases/news-release-details/axsome-therapeutics-announces-focus-phase--trial-solriamfetol",
    "timestamp": "unknown"
  },
  {
    "title": "March ,Axsome Therapeutics Settles Sunosi\u00ae (solriamfetol) Patent Litigation with Hikma Pharmaceuticals USANEW YORK , March ,  (GLOBE NEWSWIRE) -- Axso",
    "link": "https://axsometherapeuticsinc.gcs-web.com/news-releases/news-release-details/axsome-therapeutics-settles-sunosir-solriamfetol-patent-",
    "timestamp": "unknown"
  },
  {
    "title": "Axsome Therapeutics Settles Sunosi\u00ae (solriamfetol) Patent Litigation with Hikma Pharmaceuticals USA",
    "link": "https://axsometherapeuticsinc.gcs-web.com/news-releases/news-release-details/axsome-therapeutics-settles-sunosir-solriamfetol-patent-",
    "timestamp": "unknown"
  },
  {
    "title": "Read More",
    "link": "https://axsometherapeuticsinc.gcs-web.com/news-releases/news-release-details/axsome-therapeutics-settles-sunosir-solriamfetol-patent-",
    "timestamp": "unknown"
  },
  {
    "title": "March ,Axsome Therapeutics Announces FDA Pre-NDA Meeting Minutes for AXS- in Alzheimer\u2019s Disease Agitation Supporting NDA SubmissionSupplemental New D",
    "link": "https://axsometherapeuticsinc.gcs-web.com/news-releases/news-release-details/axsome-therapeutics-announces-fda-pre-nda-meeting-minutes-axs-",
    "timestamp": "unknown"
  },
  {
    "title": "Axsome Therapeutics Announces FDA Pre-NDA Meeting Minutes for AXS- in Alzheimer\u2019s Disease Agitation Supporting NDA Submission",
    "link": "https://axsometherapeuticsinc.gcs-web.com/news-releases/news-release-details/axsome-therapeutics-announces-fda-pre-nda-meeting-minutes-axs-",
    "timestamp": "unknown"
  },
  {
    "title": "Read More",
    "link": "https://axsometherapeuticsinc.gcs-web.com/news-releases/news-release-details/axsome-therapeutics-announces-fda-pre-nda-meeting-minutes-axs-",
    "timestamp": "unknown"
  },
  {
    "title": "February ,Axsome Therapeutics to Participate in Upcoming Investor ConferencesTD Cowen  th Annual Health Care Conference on March  in Boston Leerink Pa",
    "link": "https://axsometherapeuticsinc.gcs-web.com/news-releases/news-release-details/axsome-therapeutics-participate-upcoming-investor-conferences-",
    "timestamp": "unknown"
  },
  {
    "title": "Axsome Therapeutics to Participate in Upcoming Investor Conferences",
    "link": "https://axsometherapeuticsinc.gcs-web.com/news-releases/news-release-details/axsome-therapeutics-participate-upcoming-investor-conferences-",
    "timestamp": "unknown"
  },
  {
    "title": "Read More",
    "link": "https://axsometherapeuticsinc.gcs-web.com/news-releases/news-release-details/axsome-therapeutics-participate-upcoming-investor-conferences-",
    "timestamp": "unknown"
  },
  {
    "title": "February ,Axsome Therapeutics Announces SYMBRAVO\u00ae (meloxicam and rizatriptan) Achieves Primary Endpoint in the EMERGE Phase  Trial in Migraine Patient",
    "link": "https://axsometherapeuticsinc.gcs-web.com/news-releases/news-release-details/axsome-therapeutics-announces-symbravor-meloxicam-and",
    "timestamp": "unknown"
  },
  {
    "title": "Axsome Therapeutics Announces SYMBRAVO\u00ae (meloxicam and rizatriptan) Achieves Primary Endpoint in the EMERGE Phase  Trial in Migraine Patients Experien",
    "link": "https://axsometherapeuticsinc.gcs-web.com/news-releases/news-release-details/axsome-therapeutics-announces-symbravor-meloxicam-and",
    "timestamp": "unknown"
  },
  {
    "title": "Read More",
    "link": "https://axsometherapeuticsinc.gcs-web.com/news-releases/news-release-details/axsome-therapeutics-announces-symbravor-meloxicam-and",
    "timestamp": "unknown"
  },
  {
    "title": "February ,Axsome Therapeutics Reports Fourth Quarter and Full Year  Financial Results and Provides Business UpdateTotal 4Q and full year  net product ",
    "link": "https://axsometherapeuticsinc.gcs-web.com/news-releases/news-release-details/axsome-therapeutics-reports-fourth-quarter-and-full-year-",
    "timestamp": "unknown"
  },
  {
    "title": "Axsome Therapeutics Reports Fourth Quarter and Full Year  Financial Results and Provides Business Update",
    "link": "https://axsometherapeuticsinc.gcs-web.com/news-releases/news-release-details/axsome-therapeutics-reports-fourth-quarter-and-full-year-",
    "timestamp": "unknown"
  },
  {
    "title": "Read More",
    "link": "https://axsometherapeuticsinc.gcs-web.com/news-releases/news-release-details/axsome-therapeutics-reports-fourth-quarter-and-full-year-",
    "timestamp": "unknown"
  },
  {
    "title": "February ,Axsome Therapeutics Announces Settlement Agreement Resolving AUVELITY\u00ae (dextromethorphan HBr \u2013 bupropion HCl) Patent LitigationNEW YORK , Fe",
    "link": "https://axsometherapeuticsinc.gcs-web.com/news-releases/news-release-details/axsome-therapeutics-announces-settlement-agreement-resolving",
    "timestamp": "unknown"
  },
  {
    "title": "Axsome Therapeutics Announces Settlement Agreement Resolving AUVELITY\u00ae (dextromethorphan HBr \u2013 bupropion HCl) Patent Litigation",
    "link": "https://axsometherapeuticsinc.gcs-web.com/news-releases/news-release-details/axsome-therapeutics-announces-settlement-agreement-resolving",
    "timestamp": "unknown"
  },
  {
    "title": "Read More",
    "link": "https://axsometherapeuticsinc.gcs-web.com/news-releases/news-release-details/axsome-therapeutics-announces-settlement-agreement-resolving",
    "timestamp": "unknown"
  },
  {
    "title": "January ,Axsome Therapeutics Hosts SYMBRAVO\u00ae FDA Approval Virtual Investor Event with Expert Thought LeaderNEW YORK , Jan. ,  (GLOBE NEWSWIRE) -- Axso",
    "link": "https://axsometherapeuticsinc.gcs-web.com/news-releases/news-release-details/axsome-therapeutics-hosts-symbravor-fda-approval-virtual",
    "timestamp": "unknown"
  },
  {
    "title": "Axsome Therapeutics Hosts SYMBRAVO\u00ae FDA Approval Virtual Investor Event with Expert Thought Leader",
    "link": "https://axsometherapeuticsinc.gcs-web.com/news-releases/news-release-details/axsome-therapeutics-hosts-symbravor-fda-approval-virtual",
    "timestamp": "unknown"
  },
  {
    "title": "Read More",
    "link": "https://axsometherapeuticsinc.gcs-web.com/news-releases/news-release-details/axsome-therapeutics-hosts-symbravor-fda-approval-virtual",
    "timestamp": "unknown"
  },
  {
    "title": "January ,Axsome Therapeutics Announces FDA Approval of SYMBRAVO\u00ae (meloxicam and rizatriptan) for the Acute Treatment of Migraine with or without Aura ",
    "link": "https://axsometherapeuticsinc.gcs-web.com/news-releases/news-release-details/axsome-therapeutics-announces-fda-approval-symbravor-meloxicam",
    "timestamp": "unknown"
  },
  {
    "title": "Axsome Therapeutics Announces FDA Approval of SYMBRAVO\u00ae (meloxicam and rizatriptan) for the Acute Treatment of Migraine with or without Aura in Adults",
    "link": "https://axsometherapeuticsinc.gcs-web.com/news-releases/news-release-details/axsome-therapeutics-announces-fda-approval-symbravor-meloxicam",
    "timestamp": "unknown"
  },
  {
    "title": "Read More",
    "link": "https://axsometherapeuticsinc.gcs-web.com/news-releases/news-release-details/axsome-therapeutics-announces-fda-approval-symbravor-meloxicam",
    "timestamp": "unknown"
  },
  {
    "title": "January ,Axsome Therapeutics to Report Fourth Quarter and Full Year  Financial Results on FebruaryNEW YORK , Jan. ,  (GLOBE NEWSWIRE) -- Axsome Therap",
    "link": "https://axsometherapeuticsinc.gcs-web.com/news-releases/news-release-details/axsome-therapeutics-report-fourth-quarter-and-full-year-",
    "timestamp": "unknown"
  },
  {
    "title": "Axsome Therapeutics to Report Fourth Quarter and Full Year  Financial Results on February",
    "link": "https://axsometherapeuticsinc.gcs-web.com/news-releases/news-release-details/axsome-therapeutics-report-fourth-quarter-and-full-year-",
    "timestamp": "unknown"
  },
  {
    "title": "Read More",
    "link": "https://axsometherapeuticsinc.gcs-web.com/news-releases/news-release-details/axsome-therapeutics-report-fourth-quarter-and-full-year-",
    "timestamp": "unknown"
  },
  {
    "title": "January ,Axsome Therapeutics Provides Preliminary Fourth Quarter and Full Year  Net RevenueAuvelity preliminary 4Q and full year  net product sales of",
    "link": "https://axsometherapeuticsinc.gcs-web.com/news-releases/news-release-details/axsome-therapeutics-provides-preliminary-fourth-quarter-and-",
    "timestamp": "unknown"
  },
  {
    "title": "Axsome Therapeutics Provides Preliminary Fourth Quarter and Full Year  Net Revenue",
    "link": "https://axsometherapeuticsinc.gcs-web.com/news-releases/news-release-details/axsome-therapeutics-provides-preliminary-fourth-quarter-and-",
    "timestamp": "unknown"
  },
  {
    "title": "Read More",
    "link": "https://axsometherapeuticsinc.gcs-web.com/news-releases/news-release-details/axsome-therapeutics-provides-preliminary-fourth-quarter-and-",
    "timestamp": "unknown"
  },
  {
    "title": "About AxsomeAbout AxsomeAllAllOverviewManagement\u00a0TeamBoard of DirectorsIntellectual\u00a0PropertyState\u00a0DisclosuresPortfolioPortfolioAllAllProducts Overview",
    "link": "https://www.axsome.com/about-axsome",
    "timestamp": "unknown"
  },
  {
    "title": "About AxsomeAbout AxsomeAllAllOverviewManagement\u00a0TeamBoard of DirectorsIntellectual\u00a0PropertyState\u00a0DisclosuresPortfolioPortfolioAllAllProducts Overview",
    "link": "https://www.axsome.com/about-axsome",
    "timestamp": "unknown"
  },
  {
    "title": "About AxsomeAbout AxsomeAllAllOverviewManagement\u00a0TeamBoard of DirectorsIntellectual\u00a0PropertyState\u00a0Disclosures",
    "link": "https://www.axsome.com/about-axsome",
    "timestamp": "unknown"
  },
  {
    "title": "Overview",
    "link": "https://www.axsome.com/about-axsome",
    "timestamp": "unknown"
  },
  {
    "title": "Management\u00a0Team",
    "link": "https://www.axsome.com/about-axsome/management-team",
    "timestamp": "unknown"
  },
  {
    "title": "Board of Directors",
    "link": "https://www.axsome.com/about-axsome/board-of-directors",
    "timestamp": "unknown"
  },
  {
    "title": "Intellectual\u00a0Property",
    "link": "https://www.axsome.com/about-axsome/intellectual-property",
    "timestamp": "unknown"
  },
  {
    "title": "State\u00a0Disclosures",
    "link": "https://www.axsome.com/about-axsome/state-disclosures",
    "timestamp": "unknown"
  },
  {
    "title": "PortfolioPortfolioAllAllProducts OverviewProducts OverviewAuvelity\u2122(dextromethorphan-bupropion)Sunosi\u00ae(solriamfetol)Symbravo\u00ae (meloxicam and rizatript",
    "link": "https://www.axsome.com/axs-portfolio/products",
    "timestamp": "unknown"
  },
  {
    "title": "Products Overview",
    "link": "https://www.axsome.com/axs-portfolio/products",
    "timestamp": "unknown"
  },
  {
    "title": "Products Overview",
    "link": "https://www.axsome.com/axs-portfolio/products",
    "timestamp": "unknown"
  },
  {
    "title": "Auvelity\u2122(dextromethorphan-bupropion)",
    "link": "https://www.axsome.com/axs-portfolio/products#auvelity",
    "timestamp": "unknown"
  },
  {
    "title": "Sunosi\u00ae(solriamfetol)",
    "link": "https://www.axsome.com/axs-portfolio/products#sunosi",
    "timestamp": "unknown"
  },
  {
    "title": "Symbravo\u00ae (meloxicam and rizatriptan)",
    "link": "https://www.axsome.com/products#symbravo",
    "timestamp": "unknown"
  },
  {
    "title": "Pipeline Overview",
    "link": "https://www.axsome.com/axs-portfolio/pipeline",
    "timestamp": "unknown"
  },
  {
    "title": "AXS\u2011",
    "link": "https://www.axsome.com/axs-pipeline/about-axs-",
    "timestamp": "unknown"
  },
  {
    "title": "AXS\u2011",
    "link": "https://www.axsome.com/axs-pipeline/about-axs-",
    "timestamp": "unknown"
  },
  {
    "title": "AXS\u2011",
    "link": "https://www.axsome.com/axs-pipeline/about-axs-",
    "timestamp": "unknown"
  },
  {
    "title": "ConditionsConditionsAllAllOverviewDepressionMigraineAlzheimer'sDisease\u00a0AgitationExcessive DaytimeSleepinessNarcolepsyFibromyalgiaSmoking\u00a0Cessation",
    "link": "https://www.axsome.com/conditions",
    "timestamp": "unknown"
  },
  {
    "title": "Overview",
    "link": "https://www.axsome.com/conditions",
    "timestamp": "unknown"
  },
  {
    "title": "Depression",
    "link": "https://www.axsome.com/conditions/depression",
    "timestamp": "unknown"
  },
  {
    "title": "Migraine",
    "link": "https://www.axsome.com/conditions/migraine",
    "timestamp": "unknown"
  },
  {
    "title": "Alzheimer'sDisease\u00a0Agitation",
    "link": "https://www.axsome.com/conditions/alzheimers-disease-agitations",
    "timestamp": "unknown"
  },
  {
    "title": "Excessive DaytimeSleepiness",
    "link": "https://www.axsome.com/conditions/excessive-daytime-sleepiness",
    "timestamp": "unknown"
  },
  {
    "title": "Narcolepsy",
    "link": "https://www.axsome.com/conditions/narcolepsy",
    "timestamp": "unknown"
  },
  {
    "title": "Fibromyalgia",
    "link": "https://www.axsome.com/conditions/fibromyalgia",
    "timestamp": "unknown"
  },
  {
    "title": "Smoking\u00a0Cessation",
    "link": "https://www.axsome.com/conditions/smoking-cessation",
    "timestamp": "unknown"
  },
  {
    "title": "ScienceScienceAllAllOverviewMedical\u00a0Information\u00a0U.S.Medical\u00a0Information\u00a0InternationalPublications",
    "link": "https://www.axsome.com/science",
    "timestamp": "unknown"
  },
  {
    "title": "Overview",
    "link": "https://www.axsome.com/science",
    "timestamp": "unknown"
  },
  {
    "title": "Medical\u00a0Information\u00a0U.S.",
    "link": "https://www.axsome.com/science/medical-information",
    "timestamp": "unknown"
  },
  {
    "title": "Medical\u00a0Information\u00a0International",
    "link": "https://www.axsome.com/science/medical-information-international",
    "timestamp": "unknown"
  },
  {
    "title": "Publications",
    "link": "https://www.axsome.com/science/publications",
    "timestamp": "unknown"
  },
  {
    "title": "InvestorsInvestorsAllAllOverviewCorporate GovernanceStock InformationFinancial InformationNews & EventsWebcasts &PresentationsAnalyst CoverageSharehol",
    "link": "https://axsometherapeuticsinc.gcs-web.com/",
    "timestamp": "unknown"
  },
  {
    "title": "Overview",
    "link": "https://axsometherapeuticsinc.gcs-web.com/",
    "timestamp": "unknown"
  },
  {
    "title": "Corporate Governance",
    "link": "https://axsometherapeuticsinc.gcs-web.com/corporate-governance/documents-and-charters",
    "timestamp": "unknown"
  },
  {
    "title": "Stock Information",
    "link": "https://axsometherapeuticsinc.gcs-web.com/stock-information/stock-quote",
    "timestamp": "unknown"
  },
  {
    "title": "Financial Information",
    "link": "https://axsometherapeuticsinc.gcs-web.com/financial-information/sec-filings",
    "timestamp": "unknown"
  },
  {
    "title": "News & Events",
    "link": "https://axsometherapeuticsinc.gcs-web.com/news-and-events/news-releases",
    "timestamp": "unknown"
  },
  {
    "title": "Webcasts &Presentations",
    "link": "https://axsometherapeuticsinc.gcs-web.com/webcasts-and-presentations",
    "timestamp": "unknown"
  },
  {
    "title": "Analyst Coverage",
    "link": "https://axsometherapeuticsinc.gcs-web.com/analyst-coverage",
    "timestamp": "unknown"
  },
  {
    "title": "Shareholder Services",
    "link": "https://axsometherapeuticsinc.gcs-web.com/shareholder-services/investor-faqs",
    "timestamp": "unknown"
  },
  {
    "title": "CareersCareersAllAllCareersCurrent Opportunities",
    "link": "https://www.axsome.com/careers",
    "timestamp": "unknown"
  },
  {
    "title": "Careers",
    "link": "https://www.axsome.com/careers",
    "timestamp": "unknown"
  },
  {
    "title": "Current Opportunities",
    "link": "https://www.axsome.com/careers/current-opportunities",
    "timestamp": "unknown"
  },
  {
    "title": "Contact UsPrivacy NoticeTerms of UseAXSOME and its logos are trademarks or registered trademarks of Axsome Therapeutics,Inc. or its affiliates. Other ",
    "link": "https://www.axsome.com/",
    "timestamp": "unknown"
  },
  {
    "title": "Contact UsPrivacy NoticeTerms of Use",
    "link": "https://www.axsome.com/",
    "timestamp": "unknown"
  },
  {
    "title": "Contact Us",
    "link": "https://www.axsome.com/contact-us",
    "timestamp": "unknown"
  },
  {
    "title": "Privacy Notice",
    "link": "https://www.axsome.com/privacy-notice",
    "timestamp": "unknown"
  },
  {
    "title": "Terms of Use",
    "link": "https://www.axsome.com/terms-of-use",
    "timestamp": "unknown"
  },
  {
    "title": "\u00a9  Axsome Therapeutics, Inc. All rights reserved. One World Trade Center, New York, NY,info@axsome.com",
    "link": "mailto:info@axsome.com",
    "timestamp": "unknown"
  }
]