[
  {
    "title": "About AxsomeAbout AxsomeAllAllOverviewManagement TeamBoard of DirectorsIntellectual PropertyState DisclosuresPortfolioPortfolioAllAllOverviewProducts ",
    "link": "https://www.axsome.com/",
    "timestamp": "unknown"
  },
  {
    "title": "About AxsomeAbout AxsomeAllAllOverviewManagement TeamBoard of DirectorsIntellectual PropertyState DisclosuresPortfolioPortfolioAllAllOverviewProducts ",
    "link": "https://www.axsome.com/",
    "timestamp": "unknown"
  },
  {
    "title": "About AxsomeAbout AxsomeAllAllOverviewManagement TeamBoard of DirectorsIntellectual PropertyState DisclosuresPortfolioPortfolioAllAllOverviewProducts ",
    "link": "https://www.axsome.com/about-axsome/",
    "timestamp": "unknown"
  },
  {
    "title": "About AxsomeAbout AxsomeAllAllOverviewManagement TeamBoard of DirectorsIntellectual PropertyState DisclosuresPortfolioPortfolioAllAllOverviewProducts ",
    "link": "https://www.axsome.com/about-axsome/",
    "timestamp": "unknown"
  },
  {
    "title": "About AxsomeAbout AxsomeAllAllOverviewManagement TeamBoard of DirectorsIntellectual PropertyState Disclosures",
    "link": "https://www.axsome.com/about-axsome/",
    "timestamp": "unknown"
  },
  {
    "title": "Overview",
    "link": "https://www.axsome.com/about-axsome/",
    "timestamp": "unknown"
  },
  {
    "title": "Management Team",
    "link": "https://www.axsome.com/about-axsome/management-team/",
    "timestamp": "unknown"
  },
  {
    "title": "Board of Directors",
    "link": "https://www.axsome.com/about-axsome/board-of-directors/",
    "timestamp": "unknown"
  },
  {
    "title": "Intellectual Property",
    "link": "https://www.axsome.com/about-axsome/intellectual-property/",
    "timestamp": "unknown"
  },
  {
    "title": "State Disclosures",
    "link": "https://www.axsome.com/about-axsome/state-disclosures/",
    "timestamp": "unknown"
  },
  {
    "title": "PortfolioPortfolioAllAllOverviewProducts OverviewProducts OverviewAllAllOverviewAuvelity\u00ae (dextromethorphan-bupropion)Sunosi\u00ae (solriamfetol)Symbravo\u00ae ",
    "link": "https://www.axsome.com/axs-portfolio/products/",
    "timestamp": "unknown"
  },
  {
    "title": "Overview",
    "link": "https://www.axsome.com/axs-portfolio/products/",
    "timestamp": "unknown"
  },
  {
    "title": "Products OverviewProducts OverviewAllAllOverviewAuvelity\u00ae (dextromethorphan-bupropion)Sunosi\u00ae (solriamfetol)Symbravo\u00ae (meloxicam and rizatriptan)",
    "link": "https://www.axsome.com/axs-portfolio/products/",
    "timestamp": "unknown"
  },
  {
    "title": "Overview",
    "link": "https://www.axsome.com/axs-portfolio/products/",
    "timestamp": "unknown"
  },
  {
    "title": "Auvelity\u00ae (dextromethorphan-bupropion)",
    "link": "https://axsometherapeuticsinc.gcs-web.com/axs-portfolio/products#auvelity",
    "timestamp": "unknown"
  },
  {
    "title": "Sunosi\u00ae (solriamfetol)",
    "link": "https://axsometherapeuticsinc.gcs-web.com/axs-portfolio/products#sunosi",
    "timestamp": "unknown"
  },
  {
    "title": "Symbravo\u00ae (meloxicam and rizatriptan)",
    "link": "https://axsometherapeuticsinc.gcs-web.com/products#symbravo",
    "timestamp": "unknown"
  },
  {
    "title": "Pipeline OverviewPipeline OverviewAllAllOverviewAXS-AXS-AXS-",
    "link": "https://www.axsome.com/axs-portfolio/pipeline/",
    "timestamp": "unknown"
  },
  {
    "title": "Overview",
    "link": "https://www.axsome.com/axs-portfolio/pipeline/",
    "timestamp": "unknown"
  },
  {
    "title": "AXS-",
    "link": "https://www.axsome.com/axs-portfolio/pipeline/about-axs-/",
    "timestamp": "unknown"
  },
  {
    "title": "AXS-",
    "link": "https://www.axsome.com/axs-portfolio/pipeline/about-axs-/",
    "timestamp": "unknown"
  },
  {
    "title": "AXS-",
    "link": "https://www.axsome.com/axs-portfolio/pipeline/about-axs-/",
    "timestamp": "unknown"
  },
  {
    "title": "ConditionsConditionsAllAllOverviewDepressionMigraineAlzheimer\u2019s Disease AgitationExcessive Daytime SleepinessNarcolepsyFibromyalgiaSmoking Cessation",
    "link": "https://www.axsome.com/conditions/",
    "timestamp": "unknown"
  },
  {
    "title": "Overview",
    "link": "https://www.axsome.com/conditions/",
    "timestamp": "unknown"
  },
  {
    "title": "Depression",
    "link": "https://www.axsome.com/conditions/depression/",
    "timestamp": "unknown"
  },
  {
    "title": "Migraine",
    "link": "https://www.axsome.com/conditions/migraine/",
    "timestamp": "unknown"
  },
  {
    "title": "Alzheimer\u2019s Disease Agitation",
    "link": "https://www.axsome.com/conditions/alzheimers-disease-agitation/",
    "timestamp": "unknown"
  },
  {
    "title": "Excessive Daytime Sleepiness",
    "link": "https://www.axsome.com/conditions/excessive-daytime-sleepiness/",
    "timestamp": "unknown"
  },
  {
    "title": "Narcolepsy",
    "link": "https://www.axsome.com/conditions/narcolepsy/",
    "timestamp": "unknown"
  },
  {
    "title": "Fibromyalgia",
    "link": "https://www.axsome.com/conditions/fibromyalgia/",
    "timestamp": "unknown"
  },
  {
    "title": "Smoking Cessation",
    "link": "https://www.axsome.com/conditions/smoking-cessation/",
    "timestamp": "unknown"
  },
  {
    "title": "ScienceScienceAllAllOverviewMedical Information U.S.Medical Information CanadaPublications",
    "link": "https://www.axsome.com/science/",
    "timestamp": "unknown"
  },
  {
    "title": "Overview",
    "link": "https://www.axsome.com/science/",
    "timestamp": "unknown"
  },
  {
    "title": "Medical Information U.S.",
    "link": "https://www.axsome.com/science/medical-information/",
    "timestamp": "unknown"
  },
  {
    "title": "Medical Information Canada",
    "link": "https://www.axsome.com/science/medical-information-international/",
    "timestamp": "unknown"
  },
  {
    "title": "Publications",
    "link": "https://www.axsome.com/science/publications/",
    "timestamp": "unknown"
  },
  {
    "title": "InvestorsInvestorsAllAllOverviewCorporate GovernanceStock InformationFinancial InformationNews & EventsWebcasts & PresentationsAnalyst CoverageShareho",
    "link": "https://axsometherapeuticsinc.gcs-web.com",
    "timestamp": "unknown"
  },
  {
    "title": "Overview",
    "link": "https://axsometherapeuticsinc.gcs-web.com",
    "timestamp": "unknown"
  },
  {
    "title": "Corporate Governance",
    "link": "https://axsometherapeuticsinc.gcs-web.com/corporate-governance/documents-and-charters",
    "timestamp": "unknown"
  },
  {
    "title": "Stock Information",
    "link": "https://axsometherapeuticsinc.gcs-web.com/stock-information/stock-quote",
    "timestamp": "unknown"
  },
  {
    "title": "Financial Information",
    "link": "https://axsometherapeuticsinc.gcs-web.com/financial-information/sec-filings",
    "timestamp": "unknown"
  },
  {
    "title": "News & Events",
    "link": "https://axsometherapeuticsinc.gcs-web.com/news-and-events/news-releases",
    "timestamp": "unknown"
  },
  {
    "title": "Webcasts & Presentations",
    "link": "https://axsometherapeuticsinc.gcs-web.com/webcasts-and-presentations",
    "timestamp": "unknown"
  },
  {
    "title": "Analyst Coverage",
    "link": "https://axsometherapeuticsinc.gcs-web.com/analyst-coverage",
    "timestamp": "unknown"
  },
  {
    "title": "Shareholder Services",
    "link": "https://axsometherapeuticsinc.gcs-web.com/shareholder-services/investor-faqs",
    "timestamp": "unknown"
  },
  {
    "title": "CareersCareersAllAllOverviewCurrent Opportunities",
    "link": "https://www.axsome.com/careers/",
    "timestamp": "unknown"
  },
  {
    "title": "Overview",
    "link": "https://www.axsome.com/careers/",
    "timestamp": "unknown"
  },
  {
    "title": "Current Opportunities",
    "link": "https://www.axsome.com/careers/current-opportunities/",
    "timestamp": "unknown"
  },
  {
    "title": "Keyword SearchGroup,,Annual FilingsCurrent ReportsMergers & AcquisitionsOtherProxy FilingsQuarterly FilingsRegistration StatementsFiling year- Any -It",
    "link": "https://axsometherapeuticsinc.gcs-web.com/financial-information/sec-filings?items_per_page=&order=field_nir_sec_date_filed&sort=asc",
    "timestamp": "unknown"
  },
  {
    "title": "Keyword SearchGroup,,Annual FilingsCurrent ReportsMergers & AcquisitionsOtherProxy FilingsQuarterly FilingsRegistration StatementsFiling year- Any -It",
    "link": "https://axsometherapeuticsinc.gcs-web.com/financial-information/sec-filings?items_per_page=&order=field_nir_sec_date_filed&sort=asc",
    "timestamp": "unknown"
  },
  {
    "title": "Keyword SearchGroup,,Annual FilingsCurrent ReportsMergers & AcquisitionsOtherProxy FilingsQuarterly FilingsRegistration StatementsFiling year- Any -It",
    "link": "https://axsometherapeuticsinc.gcs-web.com/financial-information/sec-filings?items_per_page=&order=field_nir_sec_date_filed&sort=asc",
    "timestamp": "unknown"
  },
  {
    "title": "Keyword SearchGroup,,Annual FilingsCurrent ReportsMergers & AcquisitionsOtherProxy FilingsQuarterly FilingsRegistration StatementsFiling year- Any -It",
    "link": "https://axsometherapeuticsinc.gcs-web.com/financial-information/sec-filings?items_per_page=&order=field_nir_sec_date_filed&sort=asc",
    "timestamp": "unknown"
  },
  {
    "title": "Keyword SearchGroup,,Annual FilingsCurrent ReportsMergers & AcquisitionsOtherProxy FilingsQuarterly FilingsRegistration StatementsFiling year- Any -It",
    "link": "https://axsometherapeuticsinc.gcs-web.com/financial-information/sec-filings?items_per_page=&order=field_nir_sec_date_filed&sort=asc",
    "timestamp": "unknown"
  },
  {
    "title": "Keyword SearchGroup,,Annual FilingsCurrent ReportsMergers & AcquisitionsOtherProxy FilingsQuarterly FilingsRegistration StatementsFiling year- Any -It",
    "link": "https://axsometherapeuticsinc.gcs-web.com/financial-information/sec-filings?items_per_page=&order=field_nir_sec_date_filed&sort=asc",
    "timestamp": "unknown"
  },
  {
    "title": "Keyword SearchGroup,,Annual FilingsCurrent ReportsMergers & AcquisitionsOtherProxy FilingsQuarterly FilingsRegistration StatementsFiling year- Any -It",
    "link": "https://axsometherapeuticsinc.gcs-web.com/financial-information/sec-filings?items_per_page=&order=field_nir_sec_date_filed&sort=asc",
    "timestamp": "unknown"
  },
  {
    "title": "Keyword SearchGroup,,Annual FilingsCurrent ReportsMergers & AcquisitionsOtherProxy FilingsQuarterly FilingsRegistration StatementsFiling year- Any -It",
    "link": "https://axsometherapeuticsinc.gcs-web.com/financial-information/sec-filings?items_per_page=&order=field_nir_sec_date_filed&sort=asc",
    "timestamp": "unknown"
  },
  {
    "title": "Keyword SearchGroup,,Annual FilingsCurrent ReportsMergers & AcquisitionsOtherProxy FilingsQuarterly FilingsRegistration StatementsFiling year- Any -It",
    "link": "https://axsometherapeuticsinc.gcs-web.com/financial-information/sec-filings?items_per_page=&order=field_nir_sec_date_filed&sort=asc",
    "timestamp": "unknown"
  },
  {
    "title": "Keyword SearchGroup,,Annual FilingsCurrent ReportsMergers & AcquisitionsOtherProxy FilingsQuarterly FilingsRegistration StatementsFiling year- Any -It",
    "link": "https://axsometherapeuticsinc.gcs-web.com/financial-information/sec-filings?items_per_page=&order=field_nir_sec_date_filed&sort=asc",
    "timestamp": "unknown"
  },
  {
    "title": "Keyword SearchGroup,,Annual FilingsCurrent ReportsMergers & AcquisitionsOtherProxy FilingsQuarterly FilingsRegistration StatementsFiling year- Any -It",
    "link": "https://axsometherapeuticsinc.gcs-web.com/financial-information/sec-filings?items_per_page=&order=field_nir_sec_date_filed&sort=asc",
    "timestamp": "unknown"
  },
  {
    "title": "Keyword SearchGroup,,Annual FilingsCurrent ReportsMergers & AcquisitionsOtherProxy FilingsQuarterly FilingsRegistration StatementsFiling year- Any -It",
    "link": "https://axsometherapeuticsinc.gcs-web.com/financial-information/sec-filings?items_per_page=&order=field_nir_sec_date_filed&sort=asc",
    "timestamp": "unknown"
  },
  {
    "title": "Keyword SearchGroup,,Annual FilingsCurrent ReportsMergers & AcquisitionsOtherProxy FilingsQuarterly FilingsRegistration StatementsFiling year- Any -It",
    "link": "https://axsometherapeuticsinc.gcs-web.com/financial-information/sec-filings?items_per_page=&order=field_nir_sec_date_filed&sort=asc",
    "timestamp": "unknown"
  },
  {
    "title": "Group,,Annual FilingsCurrent ReportsMergers & AcquisitionsOtherProxy FilingsQuarterly FilingsRegistration StatementsFiling year- Any -Items per pageFi",
    "link": "https://axsometherapeuticsinc.gcs-web.com/financial-information/sec-filings?items_per_page=&order=field_nir_sec_date_filed&sort=asc",
    "timestamp": "unknown"
  },
  {
    "title": "Group,,Annual FilingsCurrent ReportsMergers & AcquisitionsOtherProxy FilingsQuarterly FilingsRegistration StatementsFiling year- Any -Items per pageFi",
    "link": "https://axsometherapeuticsinc.gcs-web.com/financial-information/sec-filings?items_per_page=&order=field_nir_sec_date_filed&sort=asc",
    "timestamp": "unknown"
  },
  {
    "title": "Group,,Annual FilingsCurrent ReportsMergers & AcquisitionsOtherProxy FilingsQuarterly FilingsRegistration StatementsFiling year- Any -Items per pageFi",
    "link": "https://axsometherapeuticsinc.gcs-web.com/financial-information/sec-filings?items_per_page=&order=field_nir_sec_date_filed&sort=asc",
    "timestamp": "unknown"
  },
  {
    "title": "Filing dateFormDescriptionFiling GroupViewDecember ,Filed by \"insiders\" prior intended sale of restricted stock.OtherView HTML--.pdf--.rtf--.xlsDecemb",
    "link": "https://axsometherapeuticsinc.gcs-web.com/financial-information/sec-filings?items_per_page=&order=field_nir_sec_date_filed&sort=asc",
    "timestamp": "unknown"
  },
  {
    "title": "Filing dateFormDescriptionFiling GroupView",
    "link": "https://axsometherapeuticsinc.gcs-web.com/financial-information/sec-filings?items_per_page=&order=field_nir_sec_date_filed&sort=asc",
    "timestamp": "unknown"
  },
  {
    "title": "December ,Filed by \"insiders\" prior intended sale of restricted stock.OtherView HTML--.pdf--.rtf--.xls",
    "link": "https://axsometherapeuticsinc.gcs-web.com/sec-filings/sec-filing//--",
    "timestamp": "unknown"
  },
  {
    "title": "--.pdf",
    "link": "https://axsometherapeuticsinc.gcs-web.com/static-files/1fd70c33-0b24-41b7-b3d6-30db97814464",
    "timestamp": "unknown"
  },
  {
    "title": "--.rtf",
    "link": "https://axsometherapeuticsinc.gcs-web.com/static-files/338d6053-f12f-497c-8f61-7282b83ca198",
    "timestamp": "unknown"
  },
  {
    "title": "--.xls",
    "link": "https://axsometherapeuticsinc.gcs-web.com/static-files/7824518c-f820-4f06-959d-1415c7272c33",
    "timestamp": "unknown"
  },
  {
    "title": "December ,Filed by \"insiders\" prior intended sale of restricted stock.OtherView HTML--.pdf--.rtf--.xls",
    "link": "https://axsometherapeuticsinc.gcs-web.com/sec-filings/sec-filing//--",
    "timestamp": "unknown"
  },
  {
    "title": "--.pdf",
    "link": "https://axsometherapeuticsinc.gcs-web.com/static-files/725922c2-94ce-450b-a008-1013d7fdcf40",
    "timestamp": "unknown"
  },
  {
    "title": "--.rtf",
    "link": "https://axsometherapeuticsinc.gcs-web.com/static-files/0fa93b87-23fb-4c69-96b7-b584f894c3cc",
    "timestamp": "unknown"
  },
  {
    "title": "--.xls",
    "link": "https://axsometherapeuticsinc.gcs-web.com/static-files/cba18dd5-ac8b--a250-f2b76e374255",
    "timestamp": "unknown"
  },
  {
    "title": "November ,Statement of changes in beneficial ownership of securities,,View HTML--.pdf--.rtf--.xls",
    "link": "https://axsometherapeuticsinc.gcs-web.com/sec-filings/sec-filing//--",
    "timestamp": "unknown"
  },
  {
    "title": "--.pdf",
    "link": "https://axsometherapeuticsinc.gcs-web.com/static-files/bdcbc221-12d3-4fdf-af66-2e67403708cf",
    "timestamp": "unknown"
  },
  {
    "title": "--.rtf",
    "link": "https://axsometherapeuticsinc.gcs-web.com/static-files/9cca89b5--46af-8e7e-4a398467944a",
    "timestamp": "unknown"
  },
  {
    "title": "--.xls",
    "link": "https://axsometherapeuticsinc.gcs-web.com/static-files/c5a7e418-30f6--9e20-a4813a3a312f",
    "timestamp": "unknown"
  },
  {
    "title": "November ,Filed by \"insiders\" prior intended sale of restricted stock.OtherView HTML--.pdf--.rtf--.xls",
    "link": "https://axsometherapeuticsinc.gcs-web.com/sec-filings/sec-filing//--",
    "timestamp": "unknown"
  },
  {
    "title": "--.pdf",
    "link": "https://axsometherapeuticsinc.gcs-web.com/static-files/96b71163--4f1c-90d9-68b05ad4d78b",
    "timestamp": "unknown"
  },
  {
    "title": "--.rtf",
    "link": "https://axsometherapeuticsinc.gcs-web.com/static-files/7e49165c-1a06-4a56-ac88-c5917013f3e2",
    "timestamp": "unknown"
  },
  {
    "title": "--.xls",
    "link": "https://axsometherapeuticsinc.gcs-web.com/static-files/ea403365-a715--aeab-4b2acab1b67e",
    "timestamp": "unknown"
  },
  {
    "title": "November ,Filed by \"insiders\" prior intended sale of restricted stock.OtherView HTML--.pdf--.rtf--.xls",
    "link": "https://axsometherapeuticsinc.gcs-web.com/sec-filings/sec-filing//--",
    "timestamp": "unknown"
  },
  {
    "title": "--.pdf",
    "link": "https://axsometherapeuticsinc.gcs-web.com/static-files/83cb642e-b101-4db5-802b-ed681feb1a7f",
    "timestamp": "unknown"
  },
  {
    "title": "--.rtf",
    "link": "https://axsometherapeuticsinc.gcs-web.com/static-files/20ea44a8-14bb-45c6-801e-0f87d06aa1e2",
    "timestamp": "unknown"
  },
  {
    "title": "--.xls",
    "link": "https://axsometherapeuticsinc.gcs-web.com/static-files/3b9fa8fe-b98e-4ac9-ae96-00d38dd5136f",
    "timestamp": "unknown"
  },
  {
    "title": "November ,-KReport of unscheduled material events or corporate eventCurrent ReportsView HTML--.pdf--.rtf--.xlsEX-.SCH - XBRL TAXONOMY EXTENSION SCHEMA",
    "link": "https://axsometherapeuticsinc.gcs-web.com/sec-filings/sec-filing/-k/--",
    "timestamp": "unknown"
  },
  {
    "title": "--.pdf",
    "link": "https://axsometherapeuticsinc.gcs-web.com/static-files/95c2e34d-8e84-4fe2--83b1f69ed7a5",
    "timestamp": "unknown"
  },
  {
    "title": "--.rtf",
    "link": "https://axsometherapeuticsinc.gcs-web.com/static-files/f8995ba1-9ad4-4b13-adbb-22aa75fd7977",
    "timestamp": "unknown"
  },
  {
    "title": "--.xls",
    "link": "https://axsometherapeuticsinc.gcs-web.com/static-files/b4ed7353-ec36-41a5-843c-fcce70276f45",
    "timestamp": "unknown"
  },
  {
    "title": "November ,-QQuarterly report which provides a continuing view of a company's financial positionQuarterly FilingsView HTML--.pdf--.rtf--.xlsEX-.SCH - X",
    "link": "https://axsometherapeuticsinc.gcs-web.com/sec-filings/sec-filing/-q/--",
    "timestamp": "unknown"
  },
  {
    "title": "--.pdf",
    "link": "https://axsometherapeuticsinc.gcs-web.com/static-files/61d02057-f8a2-4dba-a837-b0f1fe7a2280",
    "timestamp": "unknown"
  },
  {
    "title": "--.rtf",
    "link": "https://axsometherapeuticsinc.gcs-web.com/static-files/0962d633-d9c8-498c-b551-4e245399a6f7",
    "timestamp": "unknown"
  },
  {
    "title": "--.xls",
    "link": "https://axsometherapeuticsinc.gcs-web.com/static-files/b0a2165b-e5e4-4b20-ab4f-548bd178e2ab",
    "timestamp": "unknown"
  },
  {
    "title": "November ,S-3ASRS-3ASRRegistration StatementsView HTML--.pdf--.rtf--.xls",
    "link": "https://axsometherapeuticsinc.gcs-web.com/sec-filings/sec-filing/s-3asr/--",
    "timestamp": "unknown"
  },
  {
    "title": "--.pdf",
    "link": "https://axsometherapeuticsinc.gcs-web.com/static-files/f5aea6ea-146a-4cae--28363fb00fb3",
    "timestamp": "unknown"
  },
  {
    "title": "--.rtf",
    "link": "https://axsometherapeuticsinc.gcs-web.com/static-files/34a480dc---bedd-0031c67846b8",
    "timestamp": "unknown"
  },
  {
    "title": "--.xls",
    "link": "https://axsometherapeuticsinc.gcs-web.com/static-files/7f78d983--4cd3-bfe4-4a6a8275976e",
    "timestamp": "unknown"
  },
  {
    "title": "November ,Filed by \"insiders\" prior intended sale of restricted stock.OtherView HTML--.pdf--.rtf--.xls",
    "link": "https://axsometherapeuticsinc.gcs-web.com/sec-filings/sec-filing//--",
    "timestamp": "unknown"
  },
  {
    "title": "--.pdf",
    "link": "https://axsometherapeuticsinc.gcs-web.com/static-files/be64b7bb-63cb--8a5d-89dab2cc30b0",
    "timestamp": "unknown"
  },
  {
    "title": "--.rtf",
    "link": "https://axsometherapeuticsinc.gcs-web.com/static-files/e98c9eca-336d-48e6-a01b-41777d861dcf",
    "timestamp": "unknown"
  },
  {
    "title": "--.xls",
    "link": "https://axsometherapeuticsinc.gcs-web.com/static-files/d66aea52-1f3a-42f2-b389-53e5c1e3efa7",
    "timestamp": "unknown"
  },
  {
    "title": "October ,Filed by \"insiders\" prior intended sale of restricted stock.OtherView HTML--.pdf--.rtf--.xls",
    "link": "https://axsometherapeuticsinc.gcs-web.com/sec-filings/sec-filing//--",
    "timestamp": "unknown"
  },
  {
    "title": "--.pdf",
    "link": "https://axsometherapeuticsinc.gcs-web.com/static-files/4bcc08e5-67c5--92eb-ad49633aa39b",
    "timestamp": "unknown"
  },
  {
    "title": "--.rtf",
    "link": "https://axsometherapeuticsinc.gcs-web.com/static-files/ffe591a6-d4cb-46a4-b6f7-7e5269b1d0ea",
    "timestamp": "unknown"
  },
  {
    "title": "--.xls",
    "link": "https://axsometherapeuticsinc.gcs-web.com/static-files/e7b09b83-92ce-4b21-a2ce-ddb80a1bfc2d",
    "timestamp": "unknown"
  },
  {
    "title": "Current page",
    "link": "https://axsometherapeuticsinc.gcs-web.com/financial-information/sec-filings?&&field_nir_sec_date_filed_value=&&&items_per_page_toggle=&page=",
    "timestamp": "unknown"
  },
  {
    "title": "Page",
    "link": "https://axsometherapeuticsinc.gcs-web.com/financial-information/sec-filings?&&field_nir_sec_date_filed_value=&&&items_per_page_toggle=&page=",
    "timestamp": "unknown"
  },
  {
    "title": "Page",
    "link": "https://axsometherapeuticsinc.gcs-web.com/financial-information/sec-filings?&&field_nir_sec_date_filed_value=&&&items_per_page_toggle=&page=",
    "timestamp": "unknown"
  },
  {
    "title": "Page",
    "link": "https://axsometherapeuticsinc.gcs-web.com/financial-information/sec-filings?&&field_nir_sec_date_filed_value=&&&items_per_page_toggle=&page=",
    "timestamp": "unknown"
  },
  {
    "title": "Page",
    "link": "https://axsometherapeuticsinc.gcs-web.com/financial-information/sec-filings?&&field_nir_sec_date_filed_value=&&&items_per_page_toggle=&page=",
    "timestamp": "unknown"
  },
  {
    "title": "Page",
    "link": "https://axsometherapeuticsinc.gcs-web.com/financial-information/sec-filings?&&field_nir_sec_date_filed_value=&&&items_per_page_toggle=&page=",
    "timestamp": "unknown"
  },
  {
    "title": "Page",
    "link": "https://axsometherapeuticsinc.gcs-web.com/financial-information/sec-filings?&&field_nir_sec_date_filed_value=&&&items_per_page_toggle=&page=",
    "timestamp": "unknown"
  },
  {
    "title": "Page",
    "link": "https://axsometherapeuticsinc.gcs-web.com/financial-information/sec-filings?&&field_nir_sec_date_filed_value=&&&items_per_page_toggle=&page=",
    "timestamp": "unknown"
  },
  {
    "title": "Page",
    "link": "https://axsometherapeuticsinc.gcs-web.com/financial-information/sec-filings?&&field_nir_sec_date_filed_value=&&&items_per_page_toggle=&page=",
    "timestamp": "unknown"
  },
  {
    "title": "Next pageNext \u203a",
    "link": "https://axsometherapeuticsinc.gcs-web.com/financial-information/sec-filings?&&field_nir_sec_date_filed_value=&&&items_per_page_toggle=&page=",
    "timestamp": "unknown"
  },
  {
    "title": "Last pageLast \u00bb",
    "link": "https://axsometherapeuticsinc.gcs-web.com/financial-information/sec-filings?&&field_nir_sec_date_filed_value=&&&items_per_page_toggle=&page=",
    "timestamp": "unknown"
  },
  {
    "title": "Data provided byKaleidoscope.",
    "link": "https://www.kscope.io",
    "timestamp": "unknown"
  },
  {
    "title": "Data provided byKaleidoscope.",
    "link": "https://www.kscope.io",
    "timestamp": "unknown"
  },
  {
    "title": "About AxsomeAbout AxsomeAllAllOverviewManagement\u00a0TeamBoard of DirectorsIntellectual\u00a0PropertyState\u00a0DisclosuresPortfolioPortfolioAllAllProducts Overview",
    "link": "https://www.axsome.com/about-axsome",
    "timestamp": "unknown"
  },
  {
    "title": "About AxsomeAbout AxsomeAllAllOverviewManagement\u00a0TeamBoard of DirectorsIntellectual\u00a0PropertyState\u00a0DisclosuresPortfolioPortfolioAllAllProducts Overview",
    "link": "https://www.axsome.com/about-axsome",
    "timestamp": "unknown"
  },
  {
    "title": "About AxsomeAbout AxsomeAllAllOverviewManagement\u00a0TeamBoard of DirectorsIntellectual\u00a0PropertyState\u00a0Disclosures",
    "link": "https://www.axsome.com/about-axsome",
    "timestamp": "unknown"
  },
  {
    "title": "Overview",
    "link": "https://www.axsome.com/about-axsome",
    "timestamp": "unknown"
  },
  {
    "title": "Management\u00a0Team",
    "link": "https://www.axsome.com/about-axsome/management-team",
    "timestamp": "unknown"
  },
  {
    "title": "Board of Directors",
    "link": "https://www.axsome.com/about-axsome/board-of-directors",
    "timestamp": "unknown"
  },
  {
    "title": "Intellectual\u00a0Property",
    "link": "https://www.axsome.com/about-axsome/intellectual-property",
    "timestamp": "unknown"
  },
  {
    "title": "State\u00a0Disclosures",
    "link": "https://www.axsome.com/about-axsome/state-disclosures",
    "timestamp": "unknown"
  },
  {
    "title": "PortfolioPortfolioAllAllProducts OverviewProducts OverviewAuvelity\u2122(dextromethorphan-bupropion)Sunosi\u00ae(solriamfetol)Symbravo\u00ae (meloxicam and rizatript",
    "link": "https://www.axsome.com/axs-portfolio/products",
    "timestamp": "unknown"
  },
  {
    "title": "Products Overview",
    "link": "https://www.axsome.com/axs-portfolio/products",
    "timestamp": "unknown"
  },
  {
    "title": "Products Overview",
    "link": "https://www.axsome.com/axs-portfolio/products",
    "timestamp": "unknown"
  },
  {
    "title": "Auvelity\u2122(dextromethorphan-bupropion)",
    "link": "https://www.axsome.com/axs-portfolio/products#auvelity",
    "timestamp": "unknown"
  },
  {
    "title": "Sunosi\u00ae(solriamfetol)",
    "link": "https://www.axsome.com/axs-portfolio/products#sunosi",
    "timestamp": "unknown"
  },
  {
    "title": "Symbravo\u00ae (meloxicam and rizatriptan)",
    "link": "https://www.axsome.com/products#symbravo",
    "timestamp": "unknown"
  },
  {
    "title": "Pipeline Overview",
    "link": "https://www.axsome.com/axs-portfolio/pipeline",
    "timestamp": "unknown"
  },
  {
    "title": "AXS\u2011",
    "link": "https://www.axsome.com/axs-pipeline/about-axs-",
    "timestamp": "unknown"
  },
  {
    "title": "AXS\u2011",
    "link": "https://www.axsome.com/axs-pipeline/about-axs-",
    "timestamp": "unknown"
  },
  {
    "title": "AXS\u2011",
    "link": "https://www.axsome.com/axs-pipeline/about-axs-",
    "timestamp": "unknown"
  },
  {
    "title": "ConditionsConditionsAllAllOverviewDepressionMigraineAlzheimer'sDisease\u00a0AgitationExcessive DaytimeSleepinessNarcolepsyFibromyalgiaSmoking\u00a0Cessation",
    "link": "https://www.axsome.com/conditions",
    "timestamp": "unknown"
  },
  {
    "title": "Overview",
    "link": "https://www.axsome.com/conditions",
    "timestamp": "unknown"
  },
  {
    "title": "Depression",
    "link": "https://www.axsome.com/conditions/depression",
    "timestamp": "unknown"
  },
  {
    "title": "Migraine",
    "link": "https://www.axsome.com/conditions/migraine",
    "timestamp": "unknown"
  },
  {
    "title": "Alzheimer'sDisease\u00a0Agitation",
    "link": "https://www.axsome.com/conditions/alzheimers-disease-agitations",
    "timestamp": "unknown"
  },
  {
    "title": "Excessive DaytimeSleepiness",
    "link": "https://www.axsome.com/conditions/excessive-daytime-sleepiness",
    "timestamp": "unknown"
  },
  {
    "title": "Narcolepsy",
    "link": "https://www.axsome.com/conditions/narcolepsy",
    "timestamp": "unknown"
  },
  {
    "title": "Fibromyalgia",
    "link": "https://www.axsome.com/conditions/fibromyalgia",
    "timestamp": "unknown"
  },
  {
    "title": "Smoking\u00a0Cessation",
    "link": "https://www.axsome.com/conditions/smoking-cessation",
    "timestamp": "unknown"
  },
  {
    "title": "ScienceScienceAllAllOverviewMedical\u00a0Information\u00a0U.S.Medical\u00a0Information\u00a0InternationalPublications",
    "link": "https://www.axsome.com/science",
    "timestamp": "unknown"
  },
  {
    "title": "Overview",
    "link": "https://www.axsome.com/science",
    "timestamp": "unknown"
  },
  {
    "title": "Medical\u00a0Information\u00a0U.S.",
    "link": "https://www.axsome.com/science/medical-information",
    "timestamp": "unknown"
  },
  {
    "title": "Medical\u00a0Information\u00a0International",
    "link": "https://www.axsome.com/science/medical-information-international",
    "timestamp": "unknown"
  },
  {
    "title": "Publications",
    "link": "https://www.axsome.com/science/publications",
    "timestamp": "unknown"
  },
  {
    "title": "InvestorsInvestorsAllAllOverviewCorporate GovernanceStock InformationFinancial InformationNews & EventsWebcasts &PresentationsAnalyst CoverageSharehol",
    "link": "https://axsometherapeuticsinc.gcs-web.com/",
    "timestamp": "unknown"
  },
  {
    "title": "Overview",
    "link": "https://axsometherapeuticsinc.gcs-web.com/",
    "timestamp": "unknown"
  },
  {
    "title": "Corporate Governance",
    "link": "https://axsometherapeuticsinc.gcs-web.com/corporate-governance/documents-and-charters",
    "timestamp": "unknown"
  },
  {
    "title": "Stock Information",
    "link": "https://axsometherapeuticsinc.gcs-web.com/stock-information/stock-quote",
    "timestamp": "unknown"
  },
  {
    "title": "Financial Information",
    "link": "https://axsometherapeuticsinc.gcs-web.com/financial-information/sec-filings",
    "timestamp": "unknown"
  },
  {
    "title": "News & Events",
    "link": "https://axsometherapeuticsinc.gcs-web.com/news-and-events/news-releases",
    "timestamp": "unknown"
  },
  {
    "title": "Webcasts &Presentations",
    "link": "https://axsometherapeuticsinc.gcs-web.com/webcasts-and-presentations",
    "timestamp": "unknown"
  },
  {
    "title": "Analyst Coverage",
    "link": "https://axsometherapeuticsinc.gcs-web.com/analyst-coverage",
    "timestamp": "unknown"
  },
  {
    "title": "Shareholder Services",
    "link": "https://axsometherapeuticsinc.gcs-web.com/shareholder-services/investor-faqs",
    "timestamp": "unknown"
  },
  {
    "title": "CareersCareersAllAllCareersCurrent Opportunities",
    "link": "https://www.axsome.com/careers",
    "timestamp": "unknown"
  },
  {
    "title": "Careers",
    "link": "https://www.axsome.com/careers",
    "timestamp": "unknown"
  },
  {
    "title": "Current Opportunities",
    "link": "https://www.axsome.com/careers/current-opportunities",
    "timestamp": "unknown"
  },
  {
    "title": "Contact UsPrivacy NoticeTerms of UseAXSOME and its logos are trademarks or registered trademarks of Axsome Therapeutics,Inc. or its affiliates. Other ",
    "link": "https://www.axsome.com/",
    "timestamp": "unknown"
  },
  {
    "title": "Contact UsPrivacy NoticeTerms of Use",
    "link": "https://www.axsome.com/",
    "timestamp": "unknown"
  },
  {
    "title": "Contact Us",
    "link": "https://www.axsome.com/contact-us",
    "timestamp": "unknown"
  },
  {
    "title": "Privacy Notice",
    "link": "https://www.axsome.com/privacy-notice",
    "timestamp": "unknown"
  },
  {
    "title": "Terms of Use",
    "link": "https://www.axsome.com/terms-of-use",
    "timestamp": "unknown"
  },
  {
    "title": "\u00a9  Axsome Therapeutics, Inc. All rights reserved. One World Trade Center, New York, NY,info@axsome.com",
    "link": "mailto:info@axsome.com",
    "timestamp": "unknown"
  }
]