[
  {
    "title": "About AxsomeAbout AxsomeAllAllOverviewManagement TeamBoard of DirectorsIntellectual PropertyState DisclosuresPortfolioPortfolioAllAllOverviewProducts ",
    "link": "https://www.axsome.com/",
    "timestamp": "unknown"
  },
  {
    "title": "About AxsomeAbout AxsomeAllAllOverviewManagement TeamBoard of DirectorsIntellectual PropertyState DisclosuresPortfolioPortfolioAllAllOverviewProducts ",
    "link": "https://www.axsome.com/",
    "timestamp": "unknown"
  },
  {
    "title": "About AxsomeAbout AxsomeAllAllOverviewManagement TeamBoard of DirectorsIntellectual PropertyState DisclosuresPortfolioPortfolioAllAllOverviewProducts ",
    "link": "https://www.axsome.com/about-axsome/",
    "timestamp": "unknown"
  },
  {
    "title": "About AxsomeAbout AxsomeAllAllOverviewManagement TeamBoard of DirectorsIntellectual PropertyState DisclosuresPortfolioPortfolioAllAllOverviewProducts ",
    "link": "https://www.axsome.com/about-axsome/",
    "timestamp": "unknown"
  },
  {
    "title": "About AxsomeAbout AxsomeAllAllOverviewManagement TeamBoard of DirectorsIntellectual PropertyState Disclosures",
    "link": "https://www.axsome.com/about-axsome/",
    "timestamp": "unknown"
  },
  {
    "title": "Overview",
    "link": "https://www.axsome.com/about-axsome/",
    "timestamp": "unknown"
  },
  {
    "title": "Management Team",
    "link": "https://www.axsome.com/about-axsome/management-team/",
    "timestamp": "unknown"
  },
  {
    "title": "Board of Directors",
    "link": "https://www.axsome.com/about-axsome/board-of-directors/",
    "timestamp": "unknown"
  },
  {
    "title": "Intellectual Property",
    "link": "https://www.axsome.com/about-axsome/intellectual-property/",
    "timestamp": "unknown"
  },
  {
    "title": "State Disclosures",
    "link": "https://www.axsome.com/about-axsome/state-disclosures/",
    "timestamp": "unknown"
  },
  {
    "title": "PortfolioPortfolioAllAllOverviewProducts OverviewProducts OverviewAllAllOverviewAuvelity\u00ae (dextromethorphan-bupropion)Sunosi\u00ae (solriamfetol)Symbravo\u00ae ",
    "link": "https://www.axsome.com/axs-portfolio/products/",
    "timestamp": "unknown"
  },
  {
    "title": "Overview",
    "link": "https://www.axsome.com/axs-portfolio/products/",
    "timestamp": "unknown"
  },
  {
    "title": "Products OverviewProducts OverviewAllAllOverviewAuvelity\u00ae (dextromethorphan-bupropion)Sunosi\u00ae (solriamfetol)Symbravo\u00ae (meloxicam and rizatriptan)",
    "link": "https://www.axsome.com/axs-portfolio/products/",
    "timestamp": "unknown"
  },
  {
    "title": "Overview",
    "link": "https://www.axsome.com/axs-portfolio/products/",
    "timestamp": "unknown"
  },
  {
    "title": "Auvelity\u00ae (dextromethorphan-bupropion)",
    "link": "https://www.axsome.com/axs-portfolio/products#auvelity",
    "timestamp": "unknown"
  },
  {
    "title": "Sunosi\u00ae (solriamfetol)",
    "link": "https://www.axsome.com/axs-portfolio/products#sunosi",
    "timestamp": "unknown"
  },
  {
    "title": "Symbravo\u00ae (meloxicam and rizatriptan)",
    "link": "https://www.axsome.com/products#symbravo",
    "timestamp": "unknown"
  },
  {
    "title": "Pipeline OverviewPipeline OverviewAllAllOverviewAXS-AXS-AXS-",
    "link": "https://www.axsome.com/axs-portfolio/pipeline/",
    "timestamp": "unknown"
  },
  {
    "title": "Overview",
    "link": "https://www.axsome.com/axs-portfolio/pipeline/",
    "timestamp": "unknown"
  },
  {
    "title": "AXS-",
    "link": "https://www.axsome.com/axs-portfolio/pipeline/about-axs-/",
    "timestamp": "unknown"
  },
  {
    "title": "AXS-",
    "link": "https://www.axsome.com/axs-portfolio/pipeline/about-axs-/",
    "timestamp": "unknown"
  },
  {
    "title": "AXS-",
    "link": "https://www.axsome.com/axs-portfolio/pipeline/about-axs-/",
    "timestamp": "unknown"
  },
  {
    "title": "ConditionsConditionsAllAllOverviewDepressionMigraineAlzheimer\u2019s Disease AgitationExcessive Daytime SleepinessNarcolepsyFibromyalgiaSmoking Cessation",
    "link": "https://www.axsome.com/conditions/",
    "timestamp": "unknown"
  },
  {
    "title": "Overview",
    "link": "https://www.axsome.com/conditions/",
    "timestamp": "unknown"
  },
  {
    "title": "Depression",
    "link": "https://www.axsome.com/conditions/depression/",
    "timestamp": "unknown"
  },
  {
    "title": "Migraine",
    "link": "https://www.axsome.com/conditions/migraine/",
    "timestamp": "unknown"
  },
  {
    "title": "Alzheimer\u2019s Disease Agitation",
    "link": "https://www.axsome.com/conditions/alzheimers-disease-agitation/",
    "timestamp": "unknown"
  },
  {
    "title": "Excessive Daytime Sleepiness",
    "link": "https://www.axsome.com/conditions/excessive-daytime-sleepiness/",
    "timestamp": "unknown"
  },
  {
    "title": "Narcolepsy",
    "link": "https://www.axsome.com/conditions/narcolepsy/",
    "timestamp": "unknown"
  },
  {
    "title": "Fibromyalgia",
    "link": "https://www.axsome.com/conditions/fibromyalgia/",
    "timestamp": "unknown"
  },
  {
    "title": "Smoking Cessation",
    "link": "https://www.axsome.com/conditions/smoking-cessation/",
    "timestamp": "unknown"
  },
  {
    "title": "ScienceScienceAllAllOverviewMedical Information U.S.Medical Information CanadaPublications",
    "link": "https://www.axsome.com/science/",
    "timestamp": "unknown"
  },
  {
    "title": "Overview",
    "link": "https://www.axsome.com/science/",
    "timestamp": "unknown"
  },
  {
    "title": "Medical Information U.S.",
    "link": "https://www.axsome.com/science/medical-information/",
    "timestamp": "unknown"
  },
  {
    "title": "Medical Information Canada",
    "link": "https://www.axsome.com/science/medical-information-international/",
    "timestamp": "unknown"
  },
  {
    "title": "Publications",
    "link": "https://www.axsome.com/science/publications/",
    "timestamp": "unknown"
  },
  {
    "title": "InvestorsInvestorsAllAllOverviewCorporate GovernanceStock InformationFinancial InformationNews & EventsWebcasts & PresentationsAnalyst CoverageShareho",
    "link": "https://axsometherapeuticsinc.gcs-web.com",
    "timestamp": "unknown"
  },
  {
    "title": "Overview",
    "link": "https://axsometherapeuticsinc.gcs-web.com",
    "timestamp": "unknown"
  },
  {
    "title": "Corporate Governance",
    "link": "https://axsometherapeuticsinc.gcs-web.com/corporate-governance/documents-and-charters",
    "timestamp": "unknown"
  },
  {
    "title": "Stock Information",
    "link": "https://axsometherapeuticsinc.gcs-web.com/stock-information/stock-quote",
    "timestamp": "unknown"
  },
  {
    "title": "Financial Information",
    "link": "https://axsometherapeuticsinc.gcs-web.com/financial-information/sec-filings",
    "timestamp": "unknown"
  },
  {
    "title": "News & Events",
    "link": "https://axsometherapeuticsinc.gcs-web.com/news-and-events/news-releases",
    "timestamp": "unknown"
  },
  {
    "title": "Webcasts & Presentations",
    "link": "https://axsometherapeuticsinc.gcs-web.com/webcasts-and-presentations",
    "timestamp": "unknown"
  },
  {
    "title": "Analyst Coverage",
    "link": "https://axsometherapeuticsinc.gcs-web.com/analyst-coverage",
    "timestamp": "unknown"
  },
  {
    "title": "Shareholder Services",
    "link": "https://axsometherapeuticsinc.gcs-web.com/shareholder-services/investor-faqs",
    "timestamp": "unknown"
  },
  {
    "title": "CareersCareersAllAllOverviewCurrent Opportunities",
    "link": "https://www.axsome.com/careers/",
    "timestamp": "unknown"
  },
  {
    "title": "Overview",
    "link": "https://www.axsome.com/careers/",
    "timestamp": "unknown"
  },
  {
    "title": "Current Opportunities",
    "link": "https://www.axsome.com/careers/current-opportunities/",
    "timestamp": "unknown"
  },
  {
    "title": "PresentationsDateTitleNovember ,Third Quarter  Corporate PresentationJuly ,Frontiers in Brain Health R&D DayWebcastsDateEventSupporting MaterialsDecem",
    "link": "https://axsometherapeuticsinc.gcs-web.com/static-files/a7dae43b--4f9e-97a2-6a56812af7b9",
    "timestamp": "unknown"
  },
  {
    "title": "PresentationsDateTitleNovember ,Third Quarter  Corporate PresentationJuly ,Frontiers in Brain Health R&D DayWebcastsDateEventSupporting MaterialsDecem",
    "link": "https://axsometherapeuticsinc.gcs-web.com/static-files/a7dae43b--4f9e-97a2-6a56812af7b9",
    "timestamp": "unknown"
  },
  {
    "title": "PresentationsDateTitleNovember ,Third Quarter  Corporate PresentationJuly ,Frontiers in Brain Health R&D DayWebcastsDateEventSupporting MaterialsDecem",
    "link": "https://axsometherapeuticsinc.gcs-web.com/static-files/a7dae43b--4f9e-97a2-6a56812af7b9",
    "timestamp": "unknown"
  },
  {
    "title": "PresentationsDateTitleNovember ,Third Quarter  Corporate PresentationJuly ,Frontiers in Brain Health R&D DayWebcastsDateEventSupporting MaterialsDecem",
    "link": "https://axsometherapeuticsinc.gcs-web.com/static-files/a7dae43b--4f9e-97a2-6a56812af7b9",
    "timestamp": "unknown"
  },
  {
    "title": "PresentationsDateTitleNovember ,Third Quarter  Corporate PresentationJuly ,Frontiers in Brain Health R&D DayWebcastsDateEventSupporting MaterialsDecem",
    "link": "https://axsometherapeuticsinc.gcs-web.com/static-files/a7dae43b--4f9e-97a2-6a56812af7b9",
    "timestamp": "unknown"
  },
  {
    "title": "PresentationsDateTitleNovember ,Third Quarter  Corporate PresentationJuly ,Frontiers in Brain Health R&D DayWebcastsDateEventSupporting MaterialsDecem",
    "link": "https://axsometherapeuticsinc.gcs-web.com/static-files/a7dae43b--4f9e-97a2-6a56812af7b9",
    "timestamp": "unknown"
  },
  {
    "title": "PresentationsDateTitleNovember ,Third Quarter  Corporate PresentationJuly ,Frontiers in Brain Health R&D DayWebcastsDateEventSupporting MaterialsDecem",
    "link": "https://axsometherapeuticsinc.gcs-web.com/static-files/a7dae43b--4f9e-97a2-6a56812af7b9",
    "timestamp": "unknown"
  },
  {
    "title": "PresentationsDateTitleNovember ,Third Quarter  Corporate PresentationJuly ,Frontiers in Brain Health R&D DayWebcastsDateEventSupporting MaterialsDecem",
    "link": "https://axsometherapeuticsinc.gcs-web.com/static-files/a7dae43b--4f9e-97a2-6a56812af7b9",
    "timestamp": "unknown"
  },
  {
    "title": "PresentationsDateTitleNovember ,Third Quarter  Corporate PresentationJuly ,Frontiers in Brain Health R&D DayWebcastsDateEventSupporting MaterialsDecem",
    "link": "https://axsometherapeuticsinc.gcs-web.com/static-files/a7dae43b--4f9e-97a2-6a56812af7b9",
    "timestamp": "unknown"
  },
  {
    "title": "PresentationsDateTitleNovember ,Third Quarter  Corporate PresentationJuly ,Frontiers in Brain Health R&D DayWebcastsDateEventSupporting MaterialsDecem",
    "link": "https://axsometherapeuticsinc.gcs-web.com/static-files/a7dae43b--4f9e-97a2-6a56812af7b9",
    "timestamp": "unknown"
  },
  {
    "title": "PresentationsDateTitleNovember ,Third Quarter  Corporate PresentationJuly ,Frontiers in Brain Health R&D DayWebcastsDateEventSupporting MaterialsDecem",
    "link": "https://axsometherapeuticsinc.gcs-web.com/static-files/a7dae43b--4f9e-97a2-6a56812af7b9",
    "timestamp": "unknown"
  },
  {
    "title": "PresentationsDateTitleNovember ,Third Quarter  Corporate PresentationJuly ,Frontiers in Brain Health R&D DayWebcastsDateEventSupporting MaterialsDecem",
    "link": "https://axsometherapeuticsinc.gcs-web.com/static-files/a7dae43b--4f9e-97a2-6a56812af7b9",
    "timestamp": "unknown"
  },
  {
    "title": "PresentationsDateTitleNovember ,Third Quarter  Corporate PresentationJuly ,Frontiers in Brain Health R&D DayWebcastsDateEventSupporting MaterialsDecem",
    "link": "https://axsometherapeuticsinc.gcs-web.com/static-files/a7dae43b--4f9e-97a2-6a56812af7b9",
    "timestamp": "unknown"
  },
  {
    "title": "PresentationsDateTitleNovember ,Third Quarter  Corporate PresentationJuly ,Frontiers in Brain Health R&D Day",
    "link": "https://axsometherapeuticsinc.gcs-web.com/static-files/a7dae43b--4f9e-97a2-6a56812af7b9",
    "timestamp": "unknown"
  },
  {
    "title": "PresentationsDateTitleNovember ,Third Quarter  Corporate PresentationJuly ,Frontiers in Brain Health R&D Day",
    "link": "https://axsometherapeuticsinc.gcs-web.com/static-files/a7dae43b--4f9e-97a2-6a56812af7b9",
    "timestamp": "unknown"
  },
  {
    "title": "PresentationsDateTitleNovember ,Third Quarter  Corporate PresentationJuly ,Frontiers in Brain Health R&D Day",
    "link": "https://axsometherapeuticsinc.gcs-web.com/static-files/a7dae43b--4f9e-97a2-6a56812af7b9",
    "timestamp": "unknown"
  },
  {
    "title": "DateTitleNovember ,Third Quarter  Corporate PresentationJuly ,Frontiers in Brain Health R&D Day",
    "link": "https://axsometherapeuticsinc.gcs-web.com/static-files/a7dae43b--4f9e-97a2-6a56812af7b9",
    "timestamp": "unknown"
  },
  {
    "title": "DateTitleNovember ,Third Quarter  Corporate PresentationJuly ,Frontiers in Brain Health R&D Day",
    "link": "https://axsometherapeuticsinc.gcs-web.com/static-files/a7dae43b--4f9e-97a2-6a56812af7b9",
    "timestamp": "unknown"
  },
  {
    "title": "November ,Third Quarter  Corporate Presentation",
    "link": "https://axsometherapeuticsinc.gcs-web.com/static-files/a7dae43b--4f9e-97a2-6a56812af7b9",
    "timestamp": "unknown"
  },
  {
    "title": "Third Quarter  Corporate Presentation",
    "link": "https://axsometherapeuticsinc.gcs-web.com/static-files/a7dae43b--4f9e-97a2-6a56812af7b9",
    "timestamp": "unknown"
  },
  {
    "title": "Third Quarter  Corporate Presentation",
    "link": "https://axsometherapeuticsinc.gcs-web.com/static-files/a7dae43b--4f9e-97a2-6a56812af7b9",
    "timestamp": "unknown"
  },
  {
    "title": "Third Quarter  Corporate Presentation",
    "link": "https://axsometherapeuticsinc.gcs-web.com/static-files/a7dae43b--4f9e-97a2-6a56812af7b9",
    "timestamp": "unknown"
  },
  {
    "title": "July ,Frontiers in Brain Health R&D Day",
    "link": "https://axsometherapeuticsinc.gcs-web.com/static-files/c9a3a0a7-cd82-4e73-8a2b-ccb6a41c8214",
    "timestamp": "unknown"
  },
  {
    "title": "Frontiers in Brain Health R&D Day",
    "link": "https://axsometherapeuticsinc.gcs-web.com/static-files/c9a3a0a7-cd82-4e73-8a2b-ccb6a41c8214",
    "timestamp": "unknown"
  },
  {
    "title": "Frontiers in Brain Health R&D Day",
    "link": "https://axsometherapeuticsinc.gcs-web.com/static-files/c9a3a0a7-cd82-4e73-8a2b-ccb6a41c8214",
    "timestamp": "unknown"
  },
  {
    "title": "Frontiers in Brain Health R&D Day",
    "link": "https://axsometherapeuticsinc.gcs-web.com/static-files/c9a3a0a7-cd82-4e73-8a2b-ccb6a41c8214",
    "timestamp": "unknown"
  },
  {
    "title": "WebcastsDateEventSupporting MaterialsDecember ,  at  ESTPiper Sandler 37th Annual Healthcare ConferenceClick here for WebcastNovember ,  at  ESTGuggen",
    "link": "https://axsometherapeuticsinc.gcs-web.com/events/event-details/piper-sandler-37th-annual-healthcare-conference",
    "timestamp": "unknown"
  },
  {
    "title": "DateEventSupporting MaterialsDecember ,  at  ESTPiper Sandler 37th Annual Healthcare ConferenceClick here for WebcastNovember ,  at  ESTGuggenheim 2nd",
    "link": "https://axsometherapeuticsinc.gcs-web.com/events/event-details/piper-sandler-37th-annual-healthcare-conference",
    "timestamp": "unknown"
  },
  {
    "title": "DateEventSupporting MaterialsDecember ,  at  ESTPiper Sandler 37th Annual Healthcare ConferenceClick here for WebcastNovember ,  at  ESTGuggenheim 2nd",
    "link": "https://axsometherapeuticsinc.gcs-web.com/events/event-details/piper-sandler-37th-annual-healthcare-conference",
    "timestamp": "unknown"
  },
  {
    "title": "December ,  at  ESTPiper Sandler 37th Annual Healthcare ConferenceClick here for Webcast",
    "link": "https://axsometherapeuticsinc.gcs-web.com/events/event-details/piper-sandler-37th-annual-healthcare-conference",
    "timestamp": "unknown"
  },
  {
    "title": "Piper Sandler 37th Annual Healthcare Conference",
    "link": "https://axsometherapeuticsinc.gcs-web.com/events/event-details/piper-sandler-37th-annual-healthcare-conference",
    "timestamp": "unknown"
  },
  {
    "title": "Piper Sandler 37th Annual Healthcare Conference",
    "link": "https://axsometherapeuticsinc.gcs-web.com/events/event-details/piper-sandler-37th-annual-healthcare-conference",
    "timestamp": "unknown"
  },
  {
    "title": "Piper Sandler 37th Annual Healthcare Conference",
    "link": "https://axsometherapeuticsinc.gcs-web.com/events/event-details/piper-sandler-37th-annual-healthcare-conference",
    "timestamp": "unknown"
  },
  {
    "title": "Click here for Webcast",
    "link": "https://event.webcasts.com/starthere.jsp?ei=&tp_key=4cc0c98b58",
    "timestamp": "unknown"
  },
  {
    "title": "Click here for Webcast",
    "link": "https://event.webcasts.com/starthere.jsp?ei=&tp_key=4cc0c98b58",
    "timestamp": "unknown"
  },
  {
    "title": "Click here for Webcast",
    "link": "https://event.webcasts.com/starthere.jsp?ei=&tp_key=4cc0c98b58",
    "timestamp": "unknown"
  },
  {
    "title": "November ,  at  ESTGuggenheim 2nd Annual Healthcare Innovation ConferenceClick here for webcast",
    "link": "https://axsometherapeuticsinc.gcs-web.com/events/event-details/guggenheim-2nd-annual-healthcare-innovation-conference",
    "timestamp": "unknown"
  },
  {
    "title": "Guggenheim 2nd Annual Healthcare Innovation Conference",
    "link": "https://axsometherapeuticsinc.gcs-web.com/events/event-details/guggenheim-2nd-annual-healthcare-innovation-conference",
    "timestamp": "unknown"
  },
  {
    "title": "Guggenheim 2nd Annual Healthcare Innovation Conference",
    "link": "https://axsometherapeuticsinc.gcs-web.com/events/event-details/guggenheim-2nd-annual-healthcare-innovation-conference",
    "timestamp": "unknown"
  },
  {
    "title": "Guggenheim 2nd Annual Healthcare Innovation Conference",
    "link": "https://axsometherapeuticsinc.gcs-web.com/events/event-details/guggenheim-2nd-annual-healthcare-innovation-conference",
    "timestamp": "unknown"
  },
  {
    "title": "Click here for webcast",
    "link": "https://event.summitcast.com/view/6h3HS7z68WnTQE5PS7Vq8J/guest_book?session_id=B4XyjFaF2daGSPmqGXLVnC",
    "timestamp": "unknown"
  },
  {
    "title": "Click here for webcast",
    "link": "https://event.summitcast.com/view/6h3HS7z68WnTQE5PS7Vq8J/guest_book?session_id=B4XyjFaF2daGSPmqGXLVnC",
    "timestamp": "unknown"
  },
  {
    "title": "Click here for webcast",
    "link": "https://event.summitcast.com/view/6h3HS7z68WnTQE5PS7Vq8J/guest_book?session_id=B4XyjFaF2daGSPmqGXLVnC",
    "timestamp": "unknown"
  },
  {
    "title": "November ,  at  ESTAxsome Third Quarter  Financial ResultsClick here for webcast",
    "link": "https://axsometherapeuticsinc.gcs-web.com/events/event-details/axsome-third-quarter--financial-results",
    "timestamp": "unknown"
  },
  {
    "title": "Axsome Third Quarter  Financial Results",
    "link": "https://axsometherapeuticsinc.gcs-web.com/events/event-details/axsome-third-quarter--financial-results",
    "timestamp": "unknown"
  },
  {
    "title": "Axsome Third Quarter  Financial Results",
    "link": "https://axsometherapeuticsinc.gcs-web.com/events/event-details/axsome-third-quarter--financial-results",
    "timestamp": "unknown"
  },
  {
    "title": "Axsome Third Quarter  Financial Results",
    "link": "https://axsometherapeuticsinc.gcs-web.com/events/event-details/axsome-third-quarter--financial-results",
    "timestamp": "unknown"
  },
  {
    "title": "Click here for webcast",
    "link": "https://event.choruscall.com/mediaframe/webcast.html?webcastid=pe0e0AQH",
    "timestamp": "unknown"
  },
  {
    "title": "Click here for webcast",
    "link": "https://event.choruscall.com/mediaframe/webcast.html?webcastid=pe0e0AQH",
    "timestamp": "unknown"
  },
  {
    "title": "Click here for webcast",
    "link": "https://event.choruscall.com/mediaframe/webcast.html?webcastid=pe0e0AQH",
    "timestamp": "unknown"
  },
  {
    "title": "July ,  at  EDTAxsome Frontiers in Brain Health R&D DayClick here for webcast",
    "link": "https://axsometherapeuticsinc.gcs-web.com/events/event-details/axsome-frontiers-brain-health-rd-day",
    "timestamp": "unknown"
  },
  {
    "title": "Axsome Frontiers in Brain Health R&D Day",
    "link": "https://axsometherapeuticsinc.gcs-web.com/events/event-details/axsome-frontiers-brain-health-rd-day",
    "timestamp": "unknown"
  },
  {
    "title": "Axsome Frontiers in Brain Health R&D Day",
    "link": "https://axsometherapeuticsinc.gcs-web.com/events/event-details/axsome-frontiers-brain-health-rd-day",
    "timestamp": "unknown"
  },
  {
    "title": "Axsome Frontiers in Brain Health R&D Day",
    "link": "https://axsometherapeuticsinc.gcs-web.com/events/event-details/axsome-frontiers-brain-health-rd-day",
    "timestamp": "unknown"
  },
  {
    "title": "Click here for webcast",
    "link": "https://edge.media-server.com/mmc/p/6ob7ui88",
    "timestamp": "unknown"
  },
  {
    "title": "Click here for webcast",
    "link": "https://edge.media-server.com/mmc/p/6ob7ui88",
    "timestamp": "unknown"
  },
  {
    "title": "Click here for webcast",
    "link": "https://edge.media-server.com/mmc/p/6ob7ui88",
    "timestamp": "unknown"
  },
  {
    "title": "About AxsomeAbout AxsomeAllAllOverviewManagement\u00a0TeamBoard of DirectorsIntellectual\u00a0PropertyState\u00a0DisclosuresPortfolioPortfolioAllAllProducts Overview",
    "link": "https://www.axsome.com/about-axsome",
    "timestamp": "unknown"
  },
  {
    "title": "About AxsomeAbout AxsomeAllAllOverviewManagement\u00a0TeamBoard of DirectorsIntellectual\u00a0PropertyState\u00a0DisclosuresPortfolioPortfolioAllAllProducts Overview",
    "link": "https://www.axsome.com/about-axsome",
    "timestamp": "unknown"
  },
  {
    "title": "About AxsomeAbout AxsomeAllAllOverviewManagement\u00a0TeamBoard of DirectorsIntellectual\u00a0PropertyState\u00a0Disclosures",
    "link": "https://www.axsome.com/about-axsome",
    "timestamp": "unknown"
  },
  {
    "title": "Overview",
    "link": "https://www.axsome.com/about-axsome",
    "timestamp": "unknown"
  },
  {
    "title": "Management\u00a0Team",
    "link": "https://www.axsome.com/about-axsome/management-team",
    "timestamp": "unknown"
  },
  {
    "title": "Board of Directors",
    "link": "https://www.axsome.com/about-axsome/board-of-directors",
    "timestamp": "unknown"
  },
  {
    "title": "Intellectual\u00a0Property",
    "link": "https://www.axsome.com/about-axsome/intellectual-property",
    "timestamp": "unknown"
  },
  {
    "title": "State\u00a0Disclosures",
    "link": "https://www.axsome.com/about-axsome/state-disclosures",
    "timestamp": "unknown"
  },
  {
    "title": "PortfolioPortfolioAllAllProducts OverviewProducts OverviewAuvelity\u2122(dextromethorphan-bupropion)Sunosi\u00ae(solriamfetol)Symbravo\u00ae (meloxicam and rizatript",
    "link": "https://www.axsome.com/axs-portfolio/products",
    "timestamp": "unknown"
  },
  {
    "title": "Products Overview",
    "link": "https://www.axsome.com/axs-portfolio/products",
    "timestamp": "unknown"
  },
  {
    "title": "Products Overview",
    "link": "https://www.axsome.com/axs-portfolio/products",
    "timestamp": "unknown"
  },
  {
    "title": "Auvelity\u2122(dextromethorphan-bupropion)",
    "link": "https://www.axsome.com/axs-portfolio/products#auvelity",
    "timestamp": "unknown"
  },
  {
    "title": "Sunosi\u00ae(solriamfetol)",
    "link": "https://www.axsome.com/axs-portfolio/products#sunosi",
    "timestamp": "unknown"
  },
  {
    "title": "Symbravo\u00ae (meloxicam and rizatriptan)",
    "link": "https://www.axsome.com/products#symbravo",
    "timestamp": "unknown"
  },
  {
    "title": "Pipeline Overview",
    "link": "https://www.axsome.com/axs-portfolio/pipeline",
    "timestamp": "unknown"
  },
  {
    "title": "AXS\u2011",
    "link": "https://www.axsome.com/axs-pipeline/about-axs-",
    "timestamp": "unknown"
  },
  {
    "title": "AXS\u2011",
    "link": "https://www.axsome.com/axs-pipeline/about-axs-",
    "timestamp": "unknown"
  },
  {
    "title": "AXS\u2011",
    "link": "https://www.axsome.com/axs-pipeline/about-axs-",
    "timestamp": "unknown"
  },
  {
    "title": "ConditionsConditionsAllAllOverviewDepressionMigraineAlzheimer'sDisease\u00a0AgitationExcessive DaytimeSleepinessNarcolepsyFibromyalgiaSmoking\u00a0Cessation",
    "link": "https://www.axsome.com/conditions",
    "timestamp": "unknown"
  },
  {
    "title": "Overview",
    "link": "https://www.axsome.com/conditions",
    "timestamp": "unknown"
  },
  {
    "title": "Depression",
    "link": "https://www.axsome.com/conditions/depression",
    "timestamp": "unknown"
  },
  {
    "title": "Migraine",
    "link": "https://www.axsome.com/conditions/migraine",
    "timestamp": "unknown"
  },
  {
    "title": "Alzheimer'sDisease\u00a0Agitation",
    "link": "https://www.axsome.com/conditions/alzheimers-disease-agitations",
    "timestamp": "unknown"
  },
  {
    "title": "Excessive DaytimeSleepiness",
    "link": "https://www.axsome.com/conditions/excessive-daytime-sleepiness",
    "timestamp": "unknown"
  },
  {
    "title": "Narcolepsy",
    "link": "https://www.axsome.com/conditions/narcolepsy",
    "timestamp": "unknown"
  },
  {
    "title": "Fibromyalgia",
    "link": "https://www.axsome.com/conditions/fibromyalgia",
    "timestamp": "unknown"
  },
  {
    "title": "Smoking\u00a0Cessation",
    "link": "https://www.axsome.com/conditions/smoking-cessation",
    "timestamp": "unknown"
  },
  {
    "title": "ScienceScienceAllAllOverviewMedical\u00a0Information\u00a0U.S.Medical\u00a0Information\u00a0InternationalPublications",
    "link": "https://www.axsome.com/science",
    "timestamp": "unknown"
  },
  {
    "title": "Overview",
    "link": "https://www.axsome.com/science",
    "timestamp": "unknown"
  },
  {
    "title": "Medical\u00a0Information\u00a0U.S.",
    "link": "https://www.axsome.com/science/medical-information",
    "timestamp": "unknown"
  },
  {
    "title": "Medical\u00a0Information\u00a0International",
    "link": "https://www.axsome.com/science/medical-information-international",
    "timestamp": "unknown"
  },
  {
    "title": "Publications",
    "link": "https://www.axsome.com/science/publications",
    "timestamp": "unknown"
  },
  {
    "title": "InvestorsInvestorsAllAllOverviewCorporate GovernanceStock InformationFinancial InformationNews & EventsWebcasts &PresentationsAnalyst CoverageSharehol",
    "link": "https://axsometherapeuticsinc.gcs-web.com/",
    "timestamp": "unknown"
  },
  {
    "title": "Overview",
    "link": "https://axsometherapeuticsinc.gcs-web.com/",
    "timestamp": "unknown"
  },
  {
    "title": "Corporate Governance",
    "link": "https://axsometherapeuticsinc.gcs-web.com/corporate-governance/documents-and-charters",
    "timestamp": "unknown"
  },
  {
    "title": "Stock Information",
    "link": "https://axsometherapeuticsinc.gcs-web.com/stock-information/stock-quote",
    "timestamp": "unknown"
  },
  {
    "title": "Financial Information",
    "link": "https://axsometherapeuticsinc.gcs-web.com/financial-information/sec-filings",
    "timestamp": "unknown"
  },
  {
    "title": "News & Events",
    "link": "https://axsometherapeuticsinc.gcs-web.com/news-and-events/news-releases",
    "timestamp": "unknown"
  },
  {
    "title": "Webcasts &Presentations",
    "link": "https://axsometherapeuticsinc.gcs-web.com/webcasts-and-presentations",
    "timestamp": "unknown"
  },
  {
    "title": "Analyst Coverage",
    "link": "https://axsometherapeuticsinc.gcs-web.com/analyst-coverage",
    "timestamp": "unknown"
  },
  {
    "title": "Shareholder Services",
    "link": "https://axsometherapeuticsinc.gcs-web.com/shareholder-services/investor-faqs",
    "timestamp": "unknown"
  },
  {
    "title": "CareersCareersAllAllCareersCurrent Opportunities",
    "link": "https://www.axsome.com/careers",
    "timestamp": "unknown"
  },
  {
    "title": "Careers",
    "link": "https://www.axsome.com/careers",
    "timestamp": "unknown"
  },
  {
    "title": "Current Opportunities",
    "link": "https://www.axsome.com/careers/current-opportunities",
    "timestamp": "unknown"
  },
  {
    "title": "Contact UsPrivacy NoticeTerms of UseAXSOME and its logos are trademarks or registered trademarks of Axsome Therapeutics,Inc. or its affiliates. Other ",
    "link": "https://www.axsome.com/",
    "timestamp": "unknown"
  },
  {
    "title": "Contact UsPrivacy NoticeTerms of Use",
    "link": "https://www.axsome.com/",
    "timestamp": "unknown"
  },
  {
    "title": "Contact Us",
    "link": "https://www.axsome.com/contact-us",
    "timestamp": "unknown"
  },
  {
    "title": "Privacy Notice",
    "link": "https://www.axsome.com/privacy-notice",
    "timestamp": "unknown"
  },
  {
    "title": "Terms of Use",
    "link": "https://www.axsome.com/terms-of-use",
    "timestamp": "unknown"
  },
  {
    "title": "\u00a9  Axsome Therapeutics, Inc. All rights reserved. One World Trade Center, New York, NY,info@axsome.com",
    "link": "mailto:info@axsome.com",
    "timestamp": "unknown"
  }
]