[
  {
    "title": "About AxsomeAbout AxsomeAbout AxsomeAllAllOverviewManagement\u00a0TeamBoard of DirectorsIntellectual\u00a0PropertyState\u00a0DisclosuresPortfolioPortfolioPortfolioAl",
    "link": "https://www.axsome.com/",
    "timestamp": "unknown"
  },
  {
    "title": "About AxsomeAbout AxsomeAbout AxsomeAllAllOverviewManagement\u00a0TeamBoard of DirectorsIntellectual\u00a0PropertyState\u00a0DisclosuresPortfolioPortfolioPortfolioAl",
    "link": "https://www.axsome.com/",
    "timestamp": "unknown"
  },
  {
    "title": "About AxsomeAbout AxsomeAbout AxsomeAllAllOverviewManagement\u00a0TeamBoard of DirectorsIntellectual\u00a0PropertyState\u00a0DisclosuresPortfolioPortfolioPortfolioAl",
    "link": "https://www.axsome.com/about-axsome",
    "timestamp": "unknown"
  },
  {
    "title": "About AxsomeAbout AxsomeAbout AxsomeAllAllOverviewManagement\u00a0TeamBoard of DirectorsIntellectual\u00a0PropertyState\u00a0DisclosuresPortfolioPortfolioPortfolioAl",
    "link": "https://www.axsome.com/about-axsome",
    "timestamp": "unknown"
  },
  {
    "title": "About AxsomeAbout AxsomeAbout AxsomeAllAllOverviewManagement\u00a0TeamBoard of DirectorsIntellectual\u00a0PropertyState\u00a0Disclosures",
    "link": "https://www.axsome.com/about-axsome",
    "timestamp": "unknown"
  },
  {
    "title": "Overview",
    "link": "https://www.axsome.com/about-axsome",
    "timestamp": "unknown"
  },
  {
    "title": "Management\u00a0Team",
    "link": "https://www.axsome.com/about-axsome/management-team",
    "timestamp": "unknown"
  },
  {
    "title": "Board of Directors",
    "link": "https://www.axsome.com/about-axsome/board-of-directors",
    "timestamp": "unknown"
  },
  {
    "title": "Intellectual\u00a0Property",
    "link": "https://www.axsome.com/about-axsome/intellectual-property",
    "timestamp": "unknown"
  },
  {
    "title": "State\u00a0Disclosures",
    "link": "https://www.axsome.com/about-axsome/state-disclosures",
    "timestamp": "unknown"
  },
  {
    "title": "PortfolioPortfolioPortfolioAllAllProducts\u00a0OverviewProducts\u00a0OverviewAllAllOverviewAuvelity\u00ae (dextromethorphan-bupropion)Sunosi\u00ae (solriamfetol)Symbravo\u00ae",
    "link": "https://www.axsome.com/axs-portfolio/products",
    "timestamp": "unknown"
  },
  {
    "title": "Products\u00a0OverviewProducts\u00a0OverviewAllAllOverviewAuvelity\u00ae (dextromethorphan-bupropion)Sunosi\u00ae (solriamfetol)Symbravo\u00ae (meloxicam and rizatriptan)",
    "link": "https://www.axsome.com/axs-portfolio/products",
    "timestamp": "unknown"
  },
  {
    "title": "Overview",
    "link": "https://www.axsome.com/axs-portfolio/products/",
    "timestamp": "unknown"
  },
  {
    "title": "Auvelity\u00ae (dextromethorphan-bupropion)",
    "link": "https://www.axsome.com//axs-portfolio/products#auvelity",
    "timestamp": "unknown"
  },
  {
    "title": "Sunosi\u00ae (solriamfetol)",
    "link": "https://www.axsome.com//axs-portfolio/products#sunosi",
    "timestamp": "unknown"
  },
  {
    "title": "Symbravo\u00ae (meloxicam and rizatriptan)",
    "link": "https://www.axsome.com//products#symbravo",
    "timestamp": "unknown"
  },
  {
    "title": "Pipeline\u00a0OverviewPipeline\u00a0OverviewPipeline OverviewAllAllOverviewAXS-AXS-AXS-",
    "link": "https://www.axsome.com/axs-portfolio/pipeline",
    "timestamp": "unknown"
  },
  {
    "title": "Overview",
    "link": "https://www.axsome.com/axs-portfolio/pipeline",
    "timestamp": "unknown"
  },
  {
    "title": "AXS-",
    "link": "https://www.axsome.com/axs-portfolio/pipeline/about-axs-",
    "timestamp": "unknown"
  },
  {
    "title": "AXS-",
    "link": "https://www.axsome.com/axs-portfolio/pipeline/about-axs-",
    "timestamp": "unknown"
  },
  {
    "title": "AXS-",
    "link": "https://www.axsome.com/axs-portfolio/pipeline/about-axs-",
    "timestamp": "unknown"
  },
  {
    "title": "ConditionsConditionsConditionsAllAllOverviewDepressionMigraineAlzheimer\u2019s Disease\u00a0AgitationExcessive Daytime SleepinessNarcolepsyFibromyalgiaSmoking\u00a0C",
    "link": "https://www.axsome.com/conditions",
    "timestamp": "unknown"
  },
  {
    "title": "Overview",
    "link": "https://www.axsome.com/conditions",
    "timestamp": "unknown"
  },
  {
    "title": "Depression",
    "link": "https://www.axsome.com/conditions/depression",
    "timestamp": "unknown"
  },
  {
    "title": "Migraine",
    "link": "https://www.axsome.com/conditions/migraine",
    "timestamp": "unknown"
  },
  {
    "title": "Alzheimer\u2019s Disease\u00a0Agitation",
    "link": "https://www.axsome.com/conditions/alzheimers-disease-agitation",
    "timestamp": "unknown"
  },
  {
    "title": "Excessive Daytime Sleepiness",
    "link": "https://www.axsome.com/conditions/excessive-daytime-sleepiness",
    "timestamp": "unknown"
  },
  {
    "title": "Narcolepsy",
    "link": "https://www.axsome.com/conditions/narcolepsy",
    "timestamp": "unknown"
  },
  {
    "title": "Fibromyalgia",
    "link": "https://www.axsome.com/conditions/fibromyalgia",
    "timestamp": "unknown"
  },
  {
    "title": "Smoking\u00a0Cessation",
    "link": "https://www.axsome.com/conditions/smoking-cessation",
    "timestamp": "unknown"
  },
  {
    "title": "ScienceScienceScienceAllAllOverviewMedical\u00a0Information\u00a0U.S.Medical\u00a0Information\u00a0InternationalPublications",
    "link": "https://www.axsome.com/science",
    "timestamp": "unknown"
  },
  {
    "title": "Overview",
    "link": "https://www.axsome.com/science",
    "timestamp": "unknown"
  },
  {
    "title": "Medical\u00a0Information\u00a0U.S.",
    "link": "https://www.axsome.com/science/medical-information",
    "timestamp": "unknown"
  },
  {
    "title": "Medical\u00a0Information\u00a0International",
    "link": "https://www.axsome.com/science/medical-information-international",
    "timestamp": "unknown"
  },
  {
    "title": "Publications",
    "link": "https://www.axsome.com/science/publications",
    "timestamp": "unknown"
  },
  {
    "title": "InvestorsInvestorsInvestorsAllAllOverviewCorporate\u00a0GovernanceStock\u00a0InformationFinancial\u00a0InformationNews & EventsWebcasts & PresentationsAnalyst Covera",
    "link": "https://axsometherapeuticsinc.gcs-web.com/",
    "timestamp": "unknown"
  },
  {
    "title": "Overview",
    "link": "https://axsometherapeuticsinc.gcs-web.com/",
    "timestamp": "unknown"
  },
  {
    "title": "Corporate\u00a0Governance",
    "link": "https://axsometherapeuticsinc.gcs-web.com/corporate-governance/documents-and-charters",
    "timestamp": "unknown"
  },
  {
    "title": "Stock\u00a0Information",
    "link": "https://axsometherapeuticsinc.gcs-web.com/stock-information/stock-quote",
    "timestamp": "unknown"
  },
  {
    "title": "Financial\u00a0Information",
    "link": "https://axsometherapeuticsinc.gcs-web.com/financial-information/sec-filings",
    "timestamp": "unknown"
  },
  {
    "title": "News & Events",
    "link": "https://axsometherapeuticsinc.gcs-web.com/news-and-events/news-releases",
    "timestamp": "unknown"
  },
  {
    "title": "Webcasts & Presentations",
    "link": "https://axsometherapeuticsinc.gcs-web.com/webcasts-and-presentations",
    "timestamp": "unknown"
  },
  {
    "title": "Analyst Coverage",
    "link": "https://axsometherapeuticsinc.gcs-web.com/analyst-coverage",
    "timestamp": "unknown"
  },
  {
    "title": "Shareholder Services",
    "link": "https://axsometherapeuticsinc.gcs-web.com/shareholder-services/investor-faqs",
    "timestamp": "unknown"
  },
  {
    "title": "CareersCareersCareersAllAllOverviewCurrent Opportunities",
    "link": "https://www.axsome.com/careers",
    "timestamp": "unknown"
  },
  {
    "title": "Overview",
    "link": "https://www.axsome.com/careers",
    "timestamp": "unknown"
  },
  {
    "title": "Current Opportunities",
    "link": "https://www.axsome.com/careers/current-opportunities",
    "timestamp": "unknown"
  },
  {
    "title": "Keyword SearchGroup,,Annual FilingsCurrent ReportsMergers & AcquisitionsOtherProxy FilingsQuarterly FilingsRegistration StatementsFiling year- Any -It",
    "link": "https://axsometherapeuticsinc.gcs-web.com/financial-information/sec-filings?items_per_page=&order=field_nir_sec_date_filed&sort=asc",
    "timestamp": "unknown"
  },
  {
    "title": "Keyword SearchGroup,,Annual FilingsCurrent ReportsMergers & AcquisitionsOtherProxy FilingsQuarterly FilingsRegistration StatementsFiling year- Any -It",
    "link": "https://axsometherapeuticsinc.gcs-web.com/financial-information/sec-filings?items_per_page=&order=field_nir_sec_date_filed&sort=asc",
    "timestamp": "unknown"
  },
  {
    "title": "Keyword SearchGroup,,Annual FilingsCurrent ReportsMergers & AcquisitionsOtherProxy FilingsQuarterly FilingsRegistration StatementsFiling year- Any -It",
    "link": "https://axsometherapeuticsinc.gcs-web.com/financial-information/sec-filings?items_per_page=&order=field_nir_sec_date_filed&sort=asc",
    "timestamp": "unknown"
  },
  {
    "title": "Keyword SearchGroup,,Annual FilingsCurrent ReportsMergers & AcquisitionsOtherProxy FilingsQuarterly FilingsRegistration StatementsFiling year- Any -It",
    "link": "https://axsometherapeuticsinc.gcs-web.com/financial-information/sec-filings?items_per_page=&order=field_nir_sec_date_filed&sort=asc",
    "timestamp": "unknown"
  },
  {
    "title": "Keyword SearchGroup,,Annual FilingsCurrent ReportsMergers & AcquisitionsOtherProxy FilingsQuarterly FilingsRegistration StatementsFiling year- Any -It",
    "link": "https://axsometherapeuticsinc.gcs-web.com/financial-information/sec-filings?items_per_page=&order=field_nir_sec_date_filed&sort=asc",
    "timestamp": "unknown"
  },
  {
    "title": "Keyword SearchGroup,,Annual FilingsCurrent ReportsMergers & AcquisitionsOtherProxy FilingsQuarterly FilingsRegistration StatementsFiling year- Any -It",
    "link": "https://axsometherapeuticsinc.gcs-web.com/financial-information/sec-filings?items_per_page=&order=field_nir_sec_date_filed&sort=asc",
    "timestamp": "unknown"
  },
  {
    "title": "Keyword SearchGroup,,Annual FilingsCurrent ReportsMergers & AcquisitionsOtherProxy FilingsQuarterly FilingsRegistration StatementsFiling year- Any -It",
    "link": "https://axsometherapeuticsinc.gcs-web.com/financial-information/sec-filings?items_per_page=&order=field_nir_sec_date_filed&sort=asc",
    "timestamp": "unknown"
  },
  {
    "title": "Keyword SearchGroup,,Annual FilingsCurrent ReportsMergers & AcquisitionsOtherProxy FilingsQuarterly FilingsRegistration StatementsFiling year- Any -It",
    "link": "https://axsometherapeuticsinc.gcs-web.com/financial-information/sec-filings?items_per_page=&order=field_nir_sec_date_filed&sort=asc",
    "timestamp": "unknown"
  },
  {
    "title": "Keyword SearchGroup,,Annual FilingsCurrent ReportsMergers & AcquisitionsOtherProxy FilingsQuarterly FilingsRegistration StatementsFiling year- Any -It",
    "link": "https://axsometherapeuticsinc.gcs-web.com/financial-information/sec-filings?items_per_page=&order=field_nir_sec_date_filed&sort=asc",
    "timestamp": "unknown"
  },
  {
    "title": "Keyword SearchGroup,,Annual FilingsCurrent ReportsMergers & AcquisitionsOtherProxy FilingsQuarterly FilingsRegistration StatementsFiling year- Any -It",
    "link": "https://axsometherapeuticsinc.gcs-web.com/financial-information/sec-filings?items_per_page=&order=field_nir_sec_date_filed&sort=asc",
    "timestamp": "unknown"
  },
  {
    "title": "Keyword SearchGroup,,Annual FilingsCurrent ReportsMergers & AcquisitionsOtherProxy FilingsQuarterly FilingsRegistration StatementsFiling year- Any -It",
    "link": "https://axsometherapeuticsinc.gcs-web.com/financial-information/sec-filings?items_per_page=&order=field_nir_sec_date_filed&sort=asc",
    "timestamp": "unknown"
  },
  {
    "title": "Keyword SearchGroup,,Annual FilingsCurrent ReportsMergers & AcquisitionsOtherProxy FilingsQuarterly FilingsRegistration StatementsFiling year- Any -It",
    "link": "https://axsometherapeuticsinc.gcs-web.com/financial-information/sec-filings?items_per_page=&order=field_nir_sec_date_filed&sort=asc",
    "timestamp": "unknown"
  },
  {
    "title": "Keyword SearchGroup,,Annual FilingsCurrent ReportsMergers & AcquisitionsOtherProxy FilingsQuarterly FilingsRegistration StatementsFiling year- Any -It",
    "link": "https://axsometherapeuticsinc.gcs-web.com/financial-information/sec-filings?items_per_page=&order=field_nir_sec_date_filed&sort=asc",
    "timestamp": "unknown"
  },
  {
    "title": "Group,,Annual FilingsCurrent ReportsMergers & AcquisitionsOtherProxy FilingsQuarterly FilingsRegistration StatementsFiling year- Any -Items per pageFi",
    "link": "https://axsometherapeuticsinc.gcs-web.com/financial-information/sec-filings?items_per_page=&order=field_nir_sec_date_filed&sort=asc",
    "timestamp": "unknown"
  },
  {
    "title": "Group,,Annual FilingsCurrent ReportsMergers & AcquisitionsOtherProxy FilingsQuarterly FilingsRegistration StatementsFiling year- Any -Items per pageFi",
    "link": "https://axsometherapeuticsinc.gcs-web.com/financial-information/sec-filings?items_per_page=&order=field_nir_sec_date_filed&sort=asc",
    "timestamp": "unknown"
  },
  {
    "title": "Group,,Annual FilingsCurrent ReportsMergers & AcquisitionsOtherProxy FilingsQuarterly FilingsRegistration StatementsFiling year- Any -Items per pageFi",
    "link": "https://axsometherapeuticsinc.gcs-web.com/financial-information/sec-filings?items_per_page=&order=field_nir_sec_date_filed&sort=asc",
    "timestamp": "unknown"
  },
  {
    "title": "Filing dateFormDescriptionFiling GroupViewSeptember ,Statement of changes in beneficial ownership of securities,,View HTML--.pdf--.rtf--.xlsSeptember ",
    "link": "https://axsometherapeuticsinc.gcs-web.com/financial-information/sec-filings?items_per_page=&order=field_nir_sec_date_filed&sort=asc",
    "timestamp": "unknown"
  },
  {
    "title": "Filing dateFormDescriptionFiling GroupView",
    "link": "https://axsometherapeuticsinc.gcs-web.com/financial-information/sec-filings?items_per_page=&order=field_nir_sec_date_filed&sort=asc",
    "timestamp": "unknown"
  },
  {
    "title": "September ,Statement of changes in beneficial ownership of securities,,View HTML--.pdf--.rtf--.xls",
    "link": "https://axsometherapeuticsinc.gcs-web.com/sec-filings/sec-filing//--",
    "timestamp": "unknown"
  },
  {
    "title": "--.pdf",
    "link": "https://axsometherapeuticsinc.gcs-web.com/static-files/f5f269c7--4c38-b54c-c99de0fd3bfc",
    "timestamp": "unknown"
  },
  {
    "title": "--.rtf",
    "link": "https://axsometherapeuticsinc.gcs-web.com/static-files/028e0410-e9c3-4ef1-86da-f0dc50ba2cf5",
    "timestamp": "unknown"
  },
  {
    "title": "--.xls",
    "link": "https://axsometherapeuticsinc.gcs-web.com/static-files/7bc47823-ad59--a709-0e532a48f9f3",
    "timestamp": "unknown"
  },
  {
    "title": "September ,Filed by \"insiders\" prior intended sale of restricted stock.OtherView HTML--.pdf--.rtf--.xls",
    "link": "https://axsometherapeuticsinc.gcs-web.com/sec-filings/sec-filing//--",
    "timestamp": "unknown"
  },
  {
    "title": "--.pdf",
    "link": "https://axsometherapeuticsinc.gcs-web.com/static-files/8aa27c0f-95e5-4d33-9cba-49bafeb4713a",
    "timestamp": "unknown"
  },
  {
    "title": "--.rtf",
    "link": "https://axsometherapeuticsinc.gcs-web.com/static-files/248bbe17-8bd6-4cd5-88cb-1ec80af824a6",
    "timestamp": "unknown"
  },
  {
    "title": "--.xls",
    "link": "https://axsometherapeuticsinc.gcs-web.com/static-files/78b65421-7d3b-4b3f-bd6c-857f9dd25843",
    "timestamp": "unknown"
  },
  {
    "title": "September ,Filed by \"insiders\" prior intended sale of restricted stock.OtherView HTML--.pdf--.rtf--.xls",
    "link": "https://axsometherapeuticsinc.gcs-web.com/sec-filings/sec-filing//--",
    "timestamp": "unknown"
  },
  {
    "title": "--.pdf",
    "link": "https://axsometherapeuticsinc.gcs-web.com/static-files/2f3bbe03--49fb-862c-c28a17c50a35",
    "timestamp": "unknown"
  },
  {
    "title": "--.rtf",
    "link": "https://axsometherapeuticsinc.gcs-web.com/static-files/02751e39-dfa4-46ff-8b61-af6a5987444d",
    "timestamp": "unknown"
  },
  {
    "title": "--.xls",
    "link": "https://axsometherapeuticsinc.gcs-web.com/static-files/8ada3db4-de52--b0ed-e5267bf81ac1",
    "timestamp": "unknown"
  },
  {
    "title": "September ,Statement of changes in beneficial ownership of securities,,View HTML--.pdf--.rtf--.xls",
    "link": "https://axsometherapeuticsinc.gcs-web.com/sec-filings/sec-filing//--",
    "timestamp": "unknown"
  },
  {
    "title": "--.pdf",
    "link": "https://axsometherapeuticsinc.gcs-web.com/static-files/27ac44c8-dda7-4da9-998d-b981bd542a3e",
    "timestamp": "unknown"
  },
  {
    "title": "--.rtf",
    "link": "https://axsometherapeuticsinc.gcs-web.com/static-files/c39d0033-d4d7-4cf6-9bf5-0e47f85761ea",
    "timestamp": "unknown"
  },
  {
    "title": "--.xls",
    "link": "https://axsometherapeuticsinc.gcs-web.com/static-files/4a8378cb-45eb--a37f-3554a01f4a66",
    "timestamp": "unknown"
  },
  {
    "title": "September ,Filed by \"insiders\" prior intended sale of restricted stock. Non-EDGAR filingOtherView HTML--.pdf--.rtf",
    "link": "https://axsometherapeuticsinc.gcs-web.com/sec-filings/sec-filing//--",
    "timestamp": "unknown"
  },
  {
    "title": "--.pdf",
    "link": "https://axsometherapeuticsinc.gcs-web.com/static-files/967d0a6a-9dbe-41c8-a048-e6c582778cda",
    "timestamp": "unknown"
  },
  {
    "title": "--.rtf",
    "link": "https://axsometherapeuticsinc.gcs-web.com/static-files/292789fa-78a5-4cd4-b585-3942c6248889",
    "timestamp": "unknown"
  },
  {
    "title": "September ,Filed by \"insiders\" prior intended sale of restricted stock. Non-EDGAR filingOtherView HTML--.pdf--.rtf",
    "link": "https://axsometherapeuticsinc.gcs-web.com/sec-filings/sec-filing//--",
    "timestamp": "unknown"
  },
  {
    "title": "--.pdf",
    "link": "https://axsometherapeuticsinc.gcs-web.com/static-files/bd19f1c6-0f78-4c77-923d-9db5433f63a5",
    "timestamp": "unknown"
  },
  {
    "title": "--.rtf",
    "link": "https://axsometherapeuticsinc.gcs-web.com/static-files/a85e5c8c-b0db-4e29--84885da03da4",
    "timestamp": "unknown"
  },
  {
    "title": "September ,Statement of changes in beneficial ownership of securities,,View HTML--.pdf--.rtf--.xls",
    "link": "https://axsometherapeuticsinc.gcs-web.com/sec-filings/sec-filing//--",
    "timestamp": "unknown"
  },
  {
    "title": "--.pdf",
    "link": "https://axsometherapeuticsinc.gcs-web.com/static-files/ff8478ff-3daa--bbc2-932abfa1a3e2",
    "timestamp": "unknown"
  },
  {
    "title": "--.rtf",
    "link": "https://axsometherapeuticsinc.gcs-web.com/static-files/ef6ad5a3--4d57--c240689ec919",
    "timestamp": "unknown"
  },
  {
    "title": "--.xls",
    "link": "https://axsometherapeuticsinc.gcs-web.com/static-files/04a12cd6-fd82-48aa-a6e8-fa43839e91d0",
    "timestamp": "unknown"
  },
  {
    "title": "September ,Filed by \"insiders\" prior intended sale of restricted stock. Non-EDGAR filingOtherView HTML--.pdf--.rtf",
    "link": "https://axsometherapeuticsinc.gcs-web.com/sec-filings/sec-filing//--",
    "timestamp": "unknown"
  },
  {
    "title": "--.pdf",
    "link": "https://axsometherapeuticsinc.gcs-web.com/static-files/9d4ee73c--416b--630ebf02659d",
    "timestamp": "unknown"
  },
  {
    "title": "--.rtf",
    "link": "https://axsometherapeuticsinc.gcs-web.com/static-files/2574a22f-a8f5-403c-a1e4-f9bfeb02c31d",
    "timestamp": "unknown"
  },
  {
    "title": "September ,Statement of changes in beneficial ownership of securities,,View HTML--.pdf--.rtf--.xls",
    "link": "https://axsometherapeuticsinc.gcs-web.com/sec-filings/sec-filing//--",
    "timestamp": "unknown"
  },
  {
    "title": "--.pdf",
    "link": "https://axsometherapeuticsinc.gcs-web.com/static-files/61ea4788-f0c5-413c--48d3efd3ac92",
    "timestamp": "unknown"
  },
  {
    "title": "--.rtf",
    "link": "https://axsometherapeuticsinc.gcs-web.com/static-files/2179b7e2-8e64-4b4a-b63d-82a51019853a",
    "timestamp": "unknown"
  },
  {
    "title": "--.xls",
    "link": "https://axsometherapeuticsinc.gcs-web.com/static-files/96517e16-ea78--bbb8-004bd6de812b",
    "timestamp": "unknown"
  },
  {
    "title": "September ,Filed by \"insiders\" prior intended sale of restricted stock. Non-EDGAR filingOtherView HTML--.pdf--.rtf--.xls",
    "link": "https://axsometherapeuticsinc.gcs-web.com/sec-filings/sec-filing//--",
    "timestamp": "unknown"
  },
  {
    "title": "--.pdf",
    "link": "https://axsometherapeuticsinc.gcs-web.com/static-files/d5a317bb-6f4d-45e2-82a9-522ec24aded0",
    "timestamp": "unknown"
  },
  {
    "title": "--.rtf",
    "link": "https://axsometherapeuticsinc.gcs-web.com/static-files/-841e--9e4f-9ab6d5ab8154",
    "timestamp": "unknown"
  },
  {
    "title": "--.xls",
    "link": "https://axsometherapeuticsinc.gcs-web.com/static-files/c7fd03dd-f73f-451b-8e0d-0bf9fecb6990",
    "timestamp": "unknown"
  },
  {
    "title": "Current page",
    "link": "https://axsometherapeuticsinc.gcs-web.com/financial-information/sec-filings?&&field_nir_sec_date_filed_value=&&&items_per_page_toggle=&page=",
    "timestamp": "unknown"
  },
  {
    "title": "Page",
    "link": "https://axsometherapeuticsinc.gcs-web.com/financial-information/sec-filings?&&field_nir_sec_date_filed_value=&&&items_per_page_toggle=&page=",
    "timestamp": "unknown"
  },
  {
    "title": "Page",
    "link": "https://axsometherapeuticsinc.gcs-web.com/financial-information/sec-filings?&&field_nir_sec_date_filed_value=&&&items_per_page_toggle=&page=",
    "timestamp": "unknown"
  },
  {
    "title": "Page",
    "link": "https://axsometherapeuticsinc.gcs-web.com/financial-information/sec-filings?&&field_nir_sec_date_filed_value=&&&items_per_page_toggle=&page=",
    "timestamp": "unknown"
  },
  {
    "title": "Page",
    "link": "https://axsometherapeuticsinc.gcs-web.com/financial-information/sec-filings?&&field_nir_sec_date_filed_value=&&&items_per_page_toggle=&page=",
    "timestamp": "unknown"
  },
  {
    "title": "Page",
    "link": "https://axsometherapeuticsinc.gcs-web.com/financial-information/sec-filings?&&field_nir_sec_date_filed_value=&&&items_per_page_toggle=&page=",
    "timestamp": "unknown"
  },
  {
    "title": "Page",
    "link": "https://axsometherapeuticsinc.gcs-web.com/financial-information/sec-filings?&&field_nir_sec_date_filed_value=&&&items_per_page_toggle=&page=",
    "timestamp": "unknown"
  },
  {
    "title": "Page",
    "link": "https://axsometherapeuticsinc.gcs-web.com/financial-information/sec-filings?&&field_nir_sec_date_filed_value=&&&items_per_page_toggle=&page=",
    "timestamp": "unknown"
  },
  {
    "title": "Page",
    "link": "https://axsometherapeuticsinc.gcs-web.com/financial-information/sec-filings?&&field_nir_sec_date_filed_value=&&&items_per_page_toggle=&page=",
    "timestamp": "unknown"
  },
  {
    "title": "Next pageNext \u203a",
    "link": "https://axsometherapeuticsinc.gcs-web.com/financial-information/sec-filings?&&field_nir_sec_date_filed_value=&&&items_per_page_toggle=&page=",
    "timestamp": "unknown"
  },
  {
    "title": "Last pageLast \u00bb",
    "link": "https://axsometherapeuticsinc.gcs-web.com/financial-information/sec-filings?&&field_nir_sec_date_filed_value=&&&items_per_page_toggle=&page=",
    "timestamp": "unknown"
  },
  {
    "title": "Data provided byKaleidoscope.",
    "link": "https://www.kscope.io",
    "timestamp": "unknown"
  },
  {
    "title": "Data provided byKaleidoscope.",
    "link": "https://www.kscope.io",
    "timestamp": "unknown"
  },
  {
    "title": "About AxsomeAbout AxsomeAllAllOverviewManagement\u00a0TeamBoard of DirectorsIntellectual\u00a0PropertyState\u00a0DisclosuresPortfolioPortfolioAllAllProducts Overview",
    "link": "https://www.axsome.com/about-axsome",
    "timestamp": "unknown"
  },
  {
    "title": "About AxsomeAbout AxsomeAllAllOverviewManagement\u00a0TeamBoard of DirectorsIntellectual\u00a0PropertyState\u00a0DisclosuresPortfolioPortfolioAllAllProducts Overview",
    "link": "https://www.axsome.com/about-axsome",
    "timestamp": "unknown"
  },
  {
    "title": "About AxsomeAbout AxsomeAllAllOverviewManagement\u00a0TeamBoard of DirectorsIntellectual\u00a0PropertyState\u00a0Disclosures",
    "link": "https://www.axsome.com/about-axsome",
    "timestamp": "unknown"
  },
  {
    "title": "Overview",
    "link": "https://www.axsome.com/about-axsome",
    "timestamp": "unknown"
  },
  {
    "title": "Management\u00a0Team",
    "link": "https://www.axsome.com/about-axsome/management-team",
    "timestamp": "unknown"
  },
  {
    "title": "Board of Directors",
    "link": "https://www.axsome.com/about-axsome/board-of-directors",
    "timestamp": "unknown"
  },
  {
    "title": "Intellectual\u00a0Property",
    "link": "https://www.axsome.com/about-axsome/intellectual-property",
    "timestamp": "unknown"
  },
  {
    "title": "State\u00a0Disclosures",
    "link": "https://www.axsome.com/about-axsome/state-disclosures",
    "timestamp": "unknown"
  },
  {
    "title": "PortfolioPortfolioAllAllProducts OverviewProducts OverviewAuvelity\u2122(dextromethorphan-bupropion)Sunosi\u00ae(solriamfetol)Symbravo\u00ae (meloxicam and rizatript",
    "link": "https://www.axsome.com/axs-portfolio/products",
    "timestamp": "unknown"
  },
  {
    "title": "Products Overview",
    "link": "https://www.axsome.com/axs-portfolio/products",
    "timestamp": "unknown"
  },
  {
    "title": "Products Overview",
    "link": "https://www.axsome.com/axs-portfolio/products",
    "timestamp": "unknown"
  },
  {
    "title": "Auvelity\u2122(dextromethorphan-bupropion)",
    "link": "https://www.axsome.com/axs-portfolio/products#auvelity",
    "timestamp": "unknown"
  },
  {
    "title": "Sunosi\u00ae(solriamfetol)",
    "link": "https://www.axsome.com/axs-portfolio/products#sunosi",
    "timestamp": "unknown"
  },
  {
    "title": "Symbravo\u00ae (meloxicam and rizatriptan)",
    "link": "https://www.axsome.com/products#symbravo",
    "timestamp": "unknown"
  },
  {
    "title": "Pipeline Overview",
    "link": "https://www.axsome.com/axs-portfolio/pipeline",
    "timestamp": "unknown"
  },
  {
    "title": "AXS\u2011",
    "link": "https://www.axsome.com/axs-pipeline/about-axs-",
    "timestamp": "unknown"
  },
  {
    "title": "AXS\u2011",
    "link": "https://www.axsome.com/axs-pipeline/about-axs-",
    "timestamp": "unknown"
  },
  {
    "title": "AXS\u2011",
    "link": "https://www.axsome.com/axs-pipeline/about-axs-",
    "timestamp": "unknown"
  },
  {
    "title": "ConditionsConditionsAllAllOverviewDepressionMigraineAlzheimer'sDisease\u00a0AgitationExcessive DaytimeSleepinessNarcolepsyFibromyalgiaSmoking\u00a0Cessation",
    "link": "https://www.axsome.com/conditions",
    "timestamp": "unknown"
  },
  {
    "title": "Overview",
    "link": "https://www.axsome.com/conditions",
    "timestamp": "unknown"
  },
  {
    "title": "Depression",
    "link": "https://www.axsome.com/conditions/depression",
    "timestamp": "unknown"
  },
  {
    "title": "Migraine",
    "link": "https://www.axsome.com/conditions/migraine",
    "timestamp": "unknown"
  },
  {
    "title": "Alzheimer'sDisease\u00a0Agitation",
    "link": "https://www.axsome.com/conditions/alzheimers-disease-agitations",
    "timestamp": "unknown"
  },
  {
    "title": "Excessive DaytimeSleepiness",
    "link": "https://www.axsome.com/conditions/excessive-daytime-sleepiness",
    "timestamp": "unknown"
  },
  {
    "title": "Narcolepsy",
    "link": "https://www.axsome.com/conditions/narcolepsy",
    "timestamp": "unknown"
  },
  {
    "title": "Fibromyalgia",
    "link": "https://www.axsome.com/conditions/fibromyalgia",
    "timestamp": "unknown"
  },
  {
    "title": "Smoking\u00a0Cessation",
    "link": "https://www.axsome.com/conditions/smoking-cessation",
    "timestamp": "unknown"
  },
  {
    "title": "ScienceScienceAllAllOverviewMedical\u00a0Information\u00a0U.S.Medical\u00a0Information\u00a0InternationalPublications",
    "link": "https://www.axsome.com/science",
    "timestamp": "unknown"
  },
  {
    "title": "Overview",
    "link": "https://www.axsome.com/science",
    "timestamp": "unknown"
  },
  {
    "title": "Medical\u00a0Information\u00a0U.S.",
    "link": "https://www.axsome.com/science/medical-information",
    "timestamp": "unknown"
  },
  {
    "title": "Medical\u00a0Information\u00a0International",
    "link": "https://www.axsome.com/science/medical-information-international",
    "timestamp": "unknown"
  },
  {
    "title": "Publications",
    "link": "https://www.axsome.com/science/publications",
    "timestamp": "unknown"
  },
  {
    "title": "InvestorsInvestorsAllAllOverviewCorporate GovernanceStock InformationFinancial InformationNews & EventsWebcasts &PresentationsAnalyst CoverageSharehol",
    "link": "https://axsometherapeuticsinc.gcs-web.com/",
    "timestamp": "unknown"
  },
  {
    "title": "Overview",
    "link": "https://axsometherapeuticsinc.gcs-web.com/",
    "timestamp": "unknown"
  },
  {
    "title": "Corporate Governance",
    "link": "https://axsometherapeuticsinc.gcs-web.com/corporate-governance/documents-and-charters",
    "timestamp": "unknown"
  },
  {
    "title": "Stock Information",
    "link": "https://axsometherapeuticsinc.gcs-web.com/stock-information/stock-quote",
    "timestamp": "unknown"
  },
  {
    "title": "Financial Information",
    "link": "https://axsometherapeuticsinc.gcs-web.com/financial-information/sec-filings",
    "timestamp": "unknown"
  },
  {
    "title": "News & Events",
    "link": "https://axsometherapeuticsinc.gcs-web.com/news-and-events/news-releases",
    "timestamp": "unknown"
  },
  {
    "title": "Webcasts &Presentations",
    "link": "https://axsometherapeuticsinc.gcs-web.com/webcasts-and-presentations",
    "timestamp": "unknown"
  },
  {
    "title": "Analyst Coverage",
    "link": "https://axsometherapeuticsinc.gcs-web.com/analyst-coverage",
    "timestamp": "unknown"
  },
  {
    "title": "Shareholder Services",
    "link": "https://axsometherapeuticsinc.gcs-web.com/shareholder-services/investor-faqs",
    "timestamp": "unknown"
  },
  {
    "title": "CareersCareersAllAllCareersCurrent Opportunities",
    "link": "https://www.axsome.com/careers",
    "timestamp": "unknown"
  },
  {
    "title": "Careers",
    "link": "https://www.axsome.com/careers",
    "timestamp": "unknown"
  },
  {
    "title": "Current Opportunities",
    "link": "https://www.axsome.com/careers/current-opportunities",
    "timestamp": "unknown"
  },
  {
    "title": "Contact UsPrivacy NoticeTerms of UseAXSOME and its logos are trademarks or registered trademarks of Axsome Therapeutics,Inc. or its affiliates. Other ",
    "link": "https://www.axsome.com/",
    "timestamp": "unknown"
  },
  {
    "title": "Contact UsPrivacy NoticeTerms of Use",
    "link": "https://www.axsome.com/",
    "timestamp": "unknown"
  },
  {
    "title": "Contact Us",
    "link": "https://www.axsome.com/contact-us",
    "timestamp": "unknown"
  },
  {
    "title": "Privacy Notice",
    "link": "https://www.axsome.com/privacy-notice",
    "timestamp": "unknown"
  },
  {
    "title": "Terms of Use",
    "link": "https://www.axsome.com/terms-of-use",
    "timestamp": "unknown"
  },
  {
    "title": "\u00a9  Axsome Therapeutics, Inc. All rights reserved. One World Trade Center, New York, NY,info@axsome.com",
    "link": "mailto:info@axsome.com",
    "timestamp": "unknown"
  }
]