[
  {
    "title": "About AxsomeAbout AxsomeAllAllOverviewManagement TeamBoard of DirectorsIntellectual PropertyState DisclosuresPortfolioPortfolioAllAllOverviewProducts ",
    "link": "https://www.axsome.com/",
    "timestamp": "unknown"
  },
  {
    "title": "About AxsomeAbout AxsomeAllAllOverviewManagement TeamBoard of DirectorsIntellectual PropertyState DisclosuresPortfolioPortfolioAllAllOverviewProducts ",
    "link": "https://www.axsome.com/",
    "timestamp": "unknown"
  },
  {
    "title": "About AxsomeAbout AxsomeAllAllOverviewManagement TeamBoard of DirectorsIntellectual PropertyState DisclosuresPortfolioPortfolioAllAllOverviewProducts ",
    "link": "https://www.axsome.com/about-axsome/",
    "timestamp": "unknown"
  },
  {
    "title": "About AxsomeAbout AxsomeAllAllOverviewManagement TeamBoard of DirectorsIntellectual PropertyState DisclosuresPortfolioPortfolioAllAllOverviewProducts ",
    "link": "https://www.axsome.com/about-axsome/",
    "timestamp": "unknown"
  },
  {
    "title": "About AxsomeAbout AxsomeAllAllOverviewManagement TeamBoard of DirectorsIntellectual PropertyState Disclosures",
    "link": "https://www.axsome.com/about-axsome/",
    "timestamp": "unknown"
  },
  {
    "title": "Overview",
    "link": "https://www.axsome.com/about-axsome/",
    "timestamp": "unknown"
  },
  {
    "title": "Management Team",
    "link": "https://www.axsome.com/about-axsome/management-team/",
    "timestamp": "unknown"
  },
  {
    "title": "Board of Directors",
    "link": "https://www.axsome.com/about-axsome/board-of-directors/",
    "timestamp": "unknown"
  },
  {
    "title": "Intellectual Property",
    "link": "https://www.axsome.com/about-axsome/intellectual-property/",
    "timestamp": "unknown"
  },
  {
    "title": "State Disclosures",
    "link": "https://www.axsome.com/about-axsome/state-disclosures/",
    "timestamp": "unknown"
  },
  {
    "title": "PortfolioPortfolioAllAllOverviewProducts OverviewProducts OverviewAllAllOverviewAuvelity\u00ae (dextromethorphan-bupropion)Sunosi\u00ae (solriamfetol)Symbravo\u00ae ",
    "link": "https://www.axsome.com/axs-portfolio/products/",
    "timestamp": "unknown"
  },
  {
    "title": "Overview",
    "link": "https://www.axsome.com/axs-portfolio/products/",
    "timestamp": "unknown"
  },
  {
    "title": "Products OverviewProducts OverviewAllAllOverviewAuvelity\u00ae (dextromethorphan-bupropion)Sunosi\u00ae (solriamfetol)Symbravo\u00ae (meloxicam and rizatriptan)",
    "link": "https://www.axsome.com/axs-portfolio/products/",
    "timestamp": "unknown"
  },
  {
    "title": "Overview",
    "link": "https://www.axsome.com/axs-portfolio/products/",
    "timestamp": "unknown"
  },
  {
    "title": "Auvelity\u00ae (dextromethorphan-bupropion)",
    "link": "https://axsometherapeuticsinc.gcs-web.com/axs-portfolio/products#auvelity",
    "timestamp": "unknown"
  },
  {
    "title": "Sunosi\u00ae (solriamfetol)",
    "link": "https://axsometherapeuticsinc.gcs-web.com/axs-portfolio/products#sunosi",
    "timestamp": "unknown"
  },
  {
    "title": "Symbravo\u00ae (meloxicam and rizatriptan)",
    "link": "https://axsometherapeuticsinc.gcs-web.com/products#symbravo",
    "timestamp": "unknown"
  },
  {
    "title": "Pipeline OverviewPipeline OverviewAllAllOverviewAXS-AXS-AXS-",
    "link": "https://www.axsome.com/axs-portfolio/pipeline/",
    "timestamp": "unknown"
  },
  {
    "title": "Overview",
    "link": "https://www.axsome.com/axs-portfolio/pipeline/",
    "timestamp": "unknown"
  },
  {
    "title": "AXS-",
    "link": "https://www.axsome.com/axs-portfolio/pipeline/about-axs-/",
    "timestamp": "unknown"
  },
  {
    "title": "AXS-",
    "link": "https://www.axsome.com/axs-portfolio/pipeline/about-axs-/",
    "timestamp": "unknown"
  },
  {
    "title": "AXS-",
    "link": "https://www.axsome.com/axs-portfolio/pipeline/about-axs-/",
    "timestamp": "unknown"
  },
  {
    "title": "ConditionsConditionsAllAllOverviewDepressionMigraineAlzheimer\u2019s Disease AgitationExcessive Daytime SleepinessNarcolepsyFibromyalgiaSmoking Cessation",
    "link": "https://www.axsome.com/conditions/",
    "timestamp": "unknown"
  },
  {
    "title": "Overview",
    "link": "https://www.axsome.com/conditions/",
    "timestamp": "unknown"
  },
  {
    "title": "Depression",
    "link": "https://www.axsome.com/conditions/depression/",
    "timestamp": "unknown"
  },
  {
    "title": "Migraine",
    "link": "https://www.axsome.com/conditions/migraine/",
    "timestamp": "unknown"
  },
  {
    "title": "Alzheimer\u2019s Disease Agitation",
    "link": "https://www.axsome.com/conditions/alzheimers-disease-agitation/",
    "timestamp": "unknown"
  },
  {
    "title": "Excessive Daytime Sleepiness",
    "link": "https://www.axsome.com/conditions/excessive-daytime-sleepiness/",
    "timestamp": "unknown"
  },
  {
    "title": "Narcolepsy",
    "link": "https://www.axsome.com/conditions/narcolepsy/",
    "timestamp": "unknown"
  },
  {
    "title": "Fibromyalgia",
    "link": "https://www.axsome.com/conditions/fibromyalgia/",
    "timestamp": "unknown"
  },
  {
    "title": "Smoking Cessation",
    "link": "https://www.axsome.com/conditions/smoking-cessation/",
    "timestamp": "unknown"
  },
  {
    "title": "ScienceScienceAllAllOverviewMedical Information U.S.Medical Information CanadaPublications",
    "link": "https://www.axsome.com/science/",
    "timestamp": "unknown"
  },
  {
    "title": "Overview",
    "link": "https://www.axsome.com/science/",
    "timestamp": "unknown"
  },
  {
    "title": "Medical Information U.S.",
    "link": "https://www.axsome.com/science/medical-information/",
    "timestamp": "unknown"
  },
  {
    "title": "Medical Information Canada",
    "link": "https://www.axsome.com/science/medical-information-international/",
    "timestamp": "unknown"
  },
  {
    "title": "Publications",
    "link": "https://www.axsome.com/science/publications/",
    "timestamp": "unknown"
  },
  {
    "title": "InvestorsInvestorsAllAllOverviewCorporate GovernanceStock InformationFinancial InformationNews & EventsWebcasts & PresentationsAnalyst CoverageShareho",
    "link": "https://axsometherapeuticsinc.gcs-web.com",
    "timestamp": "unknown"
  },
  {
    "title": "Overview",
    "link": "https://axsometherapeuticsinc.gcs-web.com",
    "timestamp": "unknown"
  },
  {
    "title": "Corporate Governance",
    "link": "https://axsometherapeuticsinc.gcs-web.com/corporate-governance/documents-and-charters",
    "timestamp": "unknown"
  },
  {
    "title": "Stock Information",
    "link": "https://axsometherapeuticsinc.gcs-web.com/stock-information/stock-quote",
    "timestamp": "unknown"
  },
  {
    "title": "Financial Information",
    "link": "https://axsometherapeuticsinc.gcs-web.com/financial-information/sec-filings",
    "timestamp": "unknown"
  },
  {
    "title": "News & Events",
    "link": "https://axsometherapeuticsinc.gcs-web.com/news-and-events/news-releases",
    "timestamp": "unknown"
  },
  {
    "title": "Webcasts & Presentations",
    "link": "https://axsometherapeuticsinc.gcs-web.com/webcasts-and-presentations",
    "timestamp": "unknown"
  },
  {
    "title": "Analyst Coverage",
    "link": "https://axsometherapeuticsinc.gcs-web.com/analyst-coverage",
    "timestamp": "unknown"
  },
  {
    "title": "Shareholder Services",
    "link": "https://axsometherapeuticsinc.gcs-web.com/shareholder-services/investor-faqs",
    "timestamp": "unknown"
  },
  {
    "title": "CareersCareersAllAllOverviewCurrent Opportunities",
    "link": "https://www.axsome.com/careers/",
    "timestamp": "unknown"
  },
  {
    "title": "Overview",
    "link": "https://www.axsome.com/careers/",
    "timestamp": "unknown"
  },
  {
    "title": "Current Opportunities",
    "link": "https://www.axsome.com/careers/current-opportunities/",
    "timestamp": "unknown"
  },
  {
    "title": "Keyword SearchGroup,,Annual FilingsCurrent ReportsMergers & AcquisitionsOtherProxy FilingsQuarterly FilingsRegistration StatementsFiling year- Any -It",
    "link": "https://axsometherapeuticsinc.gcs-web.com/financial-information/sec-filings?items_per_page=&order=field_nir_sec_date_filed&sort=asc",
    "timestamp": "unknown"
  },
  {
    "title": "Keyword SearchGroup,,Annual FilingsCurrent ReportsMergers & AcquisitionsOtherProxy FilingsQuarterly FilingsRegistration StatementsFiling year- Any -It",
    "link": "https://axsometherapeuticsinc.gcs-web.com/financial-information/sec-filings?items_per_page=&order=field_nir_sec_date_filed&sort=asc",
    "timestamp": "unknown"
  },
  {
    "title": "Keyword SearchGroup,,Annual FilingsCurrent ReportsMergers & AcquisitionsOtherProxy FilingsQuarterly FilingsRegistration StatementsFiling year- Any -It",
    "link": "https://axsometherapeuticsinc.gcs-web.com/financial-information/sec-filings?items_per_page=&order=field_nir_sec_date_filed&sort=asc",
    "timestamp": "unknown"
  },
  {
    "title": "Keyword SearchGroup,,Annual FilingsCurrent ReportsMergers & AcquisitionsOtherProxy FilingsQuarterly FilingsRegistration StatementsFiling year- Any -It",
    "link": "https://axsometherapeuticsinc.gcs-web.com/financial-information/sec-filings?items_per_page=&order=field_nir_sec_date_filed&sort=asc",
    "timestamp": "unknown"
  },
  {
    "title": "Keyword SearchGroup,,Annual FilingsCurrent ReportsMergers & AcquisitionsOtherProxy FilingsQuarterly FilingsRegistration StatementsFiling year- Any -It",
    "link": "https://axsometherapeuticsinc.gcs-web.com/financial-information/sec-filings?items_per_page=&order=field_nir_sec_date_filed&sort=asc",
    "timestamp": "unknown"
  },
  {
    "title": "Keyword SearchGroup,,Annual FilingsCurrent ReportsMergers & AcquisitionsOtherProxy FilingsQuarterly FilingsRegistration StatementsFiling year- Any -It",
    "link": "https://axsometherapeuticsinc.gcs-web.com/financial-information/sec-filings?items_per_page=&order=field_nir_sec_date_filed&sort=asc",
    "timestamp": "unknown"
  },
  {
    "title": "Keyword SearchGroup,,Annual FilingsCurrent ReportsMergers & AcquisitionsOtherProxy FilingsQuarterly FilingsRegistration StatementsFiling year- Any -It",
    "link": "https://axsometherapeuticsinc.gcs-web.com/financial-information/sec-filings?items_per_page=&order=field_nir_sec_date_filed&sort=asc",
    "timestamp": "unknown"
  },
  {
    "title": "Keyword SearchGroup,,Annual FilingsCurrent ReportsMergers & AcquisitionsOtherProxy FilingsQuarterly FilingsRegistration StatementsFiling year- Any -It",
    "link": "https://axsometherapeuticsinc.gcs-web.com/financial-information/sec-filings?items_per_page=&order=field_nir_sec_date_filed&sort=asc",
    "timestamp": "unknown"
  },
  {
    "title": "Keyword SearchGroup,,Annual FilingsCurrent ReportsMergers & AcquisitionsOtherProxy FilingsQuarterly FilingsRegistration StatementsFiling year- Any -It",
    "link": "https://axsometherapeuticsinc.gcs-web.com/financial-information/sec-filings?items_per_page=&order=field_nir_sec_date_filed&sort=asc",
    "timestamp": "unknown"
  },
  {
    "title": "Keyword SearchGroup,,Annual FilingsCurrent ReportsMergers & AcquisitionsOtherProxy FilingsQuarterly FilingsRegistration StatementsFiling year- Any -It",
    "link": "https://axsometherapeuticsinc.gcs-web.com/financial-information/sec-filings?items_per_page=&order=field_nir_sec_date_filed&sort=asc",
    "timestamp": "unknown"
  },
  {
    "title": "Keyword SearchGroup,,Annual FilingsCurrent ReportsMergers & AcquisitionsOtherProxy FilingsQuarterly FilingsRegistration StatementsFiling year- Any -It",
    "link": "https://axsometherapeuticsinc.gcs-web.com/financial-information/sec-filings?items_per_page=&order=field_nir_sec_date_filed&sort=asc",
    "timestamp": "unknown"
  },
  {
    "title": "Keyword SearchGroup,,Annual FilingsCurrent ReportsMergers & AcquisitionsOtherProxy FilingsQuarterly FilingsRegistration StatementsFiling year- Any -It",
    "link": "https://axsometherapeuticsinc.gcs-web.com/financial-information/sec-filings?items_per_page=&order=field_nir_sec_date_filed&sort=asc",
    "timestamp": "unknown"
  },
  {
    "title": "Keyword SearchGroup,,Annual FilingsCurrent ReportsMergers & AcquisitionsOtherProxy FilingsQuarterly FilingsRegistration StatementsFiling year- Any -It",
    "link": "https://axsometherapeuticsinc.gcs-web.com/financial-information/sec-filings?items_per_page=&order=field_nir_sec_date_filed&sort=asc",
    "timestamp": "unknown"
  },
  {
    "title": "Group,,Annual FilingsCurrent ReportsMergers & AcquisitionsOtherProxy FilingsQuarterly FilingsRegistration StatementsFiling year- Any -Items per pageFi",
    "link": "https://axsometherapeuticsinc.gcs-web.com/financial-information/sec-filings?items_per_page=&order=field_nir_sec_date_filed&sort=asc",
    "timestamp": "unknown"
  },
  {
    "title": "Group,,Annual FilingsCurrent ReportsMergers & AcquisitionsOtherProxy FilingsQuarterly FilingsRegistration StatementsFiling year- Any -Items per pageFi",
    "link": "https://axsometherapeuticsinc.gcs-web.com/financial-information/sec-filings?items_per_page=&order=field_nir_sec_date_filed&sort=asc",
    "timestamp": "unknown"
  },
  {
    "title": "Group,,Annual FilingsCurrent ReportsMergers & AcquisitionsOtherProxy FilingsQuarterly FilingsRegistration StatementsFiling year- Any -Items per pageFi",
    "link": "https://axsometherapeuticsinc.gcs-web.com/financial-information/sec-filings?items_per_page=&order=field_nir_sec_date_filed&sort=asc",
    "timestamp": "unknown"
  },
  {
    "title": "Filing dateFormDescriptionFiling GroupViewJanuary ,Filed by \"insiders\" prior intended sale of restricted stock.OtherView HTML--.pdf--.rtf--.xlsJanuary",
    "link": "https://axsometherapeuticsinc.gcs-web.com/financial-information/sec-filings?items_per_page=&order=field_nir_sec_date_filed&sort=asc",
    "timestamp": "unknown"
  },
  {
    "title": "Filing dateFormDescriptionFiling GroupView",
    "link": "https://axsometherapeuticsinc.gcs-web.com/financial-information/sec-filings?items_per_page=&order=field_nir_sec_date_filed&sort=asc",
    "timestamp": "unknown"
  },
  {
    "title": "January ,Filed by \"insiders\" prior intended sale of restricted stock.OtherView HTML--.pdf--.rtf--.xls",
    "link": "https://axsometherapeuticsinc.gcs-web.com/sec-filings/sec-filing//--",
    "timestamp": "unknown"
  },
  {
    "title": "--.pdf",
    "link": "https://axsometherapeuticsinc.gcs-web.com/static-files/c89b0b40-cc7b--9ef9-536d5dde8b53",
    "timestamp": "unknown"
  },
  {
    "title": "--.rtf",
    "link": "https://axsometherapeuticsinc.gcs-web.com/static-files/07357ec2-e536--81f7-379a6c1b1a64",
    "timestamp": "unknown"
  },
  {
    "title": "--.xls",
    "link": "https://axsometherapeuticsinc.gcs-web.com/static-files/9b02c6fa-2eda-49a8-9e0e-8877127dfd7f",
    "timestamp": "unknown"
  },
  {
    "title": "January ,Statement of changes in beneficial ownership of securities,,View HTML--.pdf--.rtf--.xls",
    "link": "https://axsometherapeuticsinc.gcs-web.com/sec-filings/sec-filing//--",
    "timestamp": "unknown"
  },
  {
    "title": "--.pdf",
    "link": "https://axsometherapeuticsinc.gcs-web.com/static-files/be786575-fba2-474c-bf72-05394faa865a",
    "timestamp": "unknown"
  },
  {
    "title": "--.rtf",
    "link": "https://axsometherapeuticsinc.gcs-web.com/static-files/8c156581-9c53--9b5b-01a81bfe9683",
    "timestamp": "unknown"
  },
  {
    "title": "--.xls",
    "link": "https://axsometherapeuticsinc.gcs-web.com/static-files/8210347a-7f0b--bf1d-fd343b302a06",
    "timestamp": "unknown"
  },
  {
    "title": "December ,-KReport of unscheduled material events or corporate eventCurrent ReportsView HTML--.pdf--.rtf--.xlsEX-.SCH - XBRL TAXONOMY EXTENSION SCHEMA",
    "link": "https://axsometherapeuticsinc.gcs-web.com/sec-filings/sec-filing/-k/--",
    "timestamp": "unknown"
  },
  {
    "title": "--.pdf",
    "link": "https://axsometherapeuticsinc.gcs-web.com/static-files/665facbd--44c8-94e6-ef20f25d5f07",
    "timestamp": "unknown"
  },
  {
    "title": "--.rtf",
    "link": "https://axsometherapeuticsinc.gcs-web.com/static-files/df7ad7fa-38e5-418d-8e47-faaa5c7813aa",
    "timestamp": "unknown"
  },
  {
    "title": "--.xls",
    "link": "https://axsometherapeuticsinc.gcs-web.com/static-files/d3a80920-042c-42cf-affd-2823b490c7f9",
    "timestamp": "unknown"
  },
  {
    "title": "December ,Filed by \"insiders\" prior intended sale of restricted stock.OtherView HTML--.pdf--.rtf",
    "link": "https://axsometherapeuticsinc.gcs-web.com/sec-filings/sec-filing//--",
    "timestamp": "unknown"
  },
  {
    "title": "--.pdf",
    "link": "https://axsometherapeuticsinc.gcs-web.com/static-files/8c8ae655-ee2e-4b1e-820c-4a43b09c56ff",
    "timestamp": "unknown"
  },
  {
    "title": "--.rtf",
    "link": "https://axsometherapeuticsinc.gcs-web.com/static-files/600d7434-3ae6-43da-a563-8659e7bb39e8",
    "timestamp": "unknown"
  },
  {
    "title": "December ,Filed by \"insiders\" prior intended sale of restricted stock.OtherView HTML--.pdf--.rtf--.xls",
    "link": "https://axsometherapeuticsinc.gcs-web.com/sec-filings/sec-filing//--",
    "timestamp": "unknown"
  },
  {
    "title": "--.pdf",
    "link": "https://axsometherapeuticsinc.gcs-web.com/static-files/acd5ca99-740b-4ca2-b52b-4e3a7b9b0225",
    "timestamp": "unknown"
  },
  {
    "title": "--.rtf",
    "link": "https://axsometherapeuticsinc.gcs-web.com/static-files/bc879d13-9f18--94f4-84e1937d4eec",
    "timestamp": "unknown"
  },
  {
    "title": "--.xls",
    "link": "https://axsometherapeuticsinc.gcs-web.com/static-files/22f813c0-8bb0--be8d-933036ee9f4f",
    "timestamp": "unknown"
  },
  {
    "title": "December ,Statement of changes in beneficial ownership of securities,,View HTML--.pdf--.rtf--.xls",
    "link": "https://axsometherapeuticsinc.gcs-web.com/sec-filings/sec-filing//--",
    "timestamp": "unknown"
  },
  {
    "title": "--.pdf",
    "link": "https://axsometherapeuticsinc.gcs-web.com/static-files/cf14171b-c0d0-4d9a-adfc-345e7f204617",
    "timestamp": "unknown"
  },
  {
    "title": "--.rtf",
    "link": "https://axsometherapeuticsinc.gcs-web.com/static-files/b3f29295--4e15-a2f9-d0a4998f84d7",
    "timestamp": "unknown"
  },
  {
    "title": "--.xls",
    "link": "https://axsometherapeuticsinc.gcs-web.com/static-files/214a783f---994e-16b5d40c6ef7",
    "timestamp": "unknown"
  },
  {
    "title": "December ,Filed by \"insiders\" prior intended sale of restricted stock.OtherView HTML--.pdf--.rtf--.xls",
    "link": "https://axsometherapeuticsinc.gcs-web.com/sec-filings/sec-filing//--",
    "timestamp": "unknown"
  },
  {
    "title": "--.pdf",
    "link": "https://axsometherapeuticsinc.gcs-web.com/static-files/1fd70c33-0b24-41b7-b3d6-30db97814464",
    "timestamp": "unknown"
  },
  {
    "title": "--.rtf",
    "link": "https://axsometherapeuticsinc.gcs-web.com/static-files/338d6053-f12f-497c-8f61-7282b83ca198",
    "timestamp": "unknown"
  },
  {
    "title": "--.xls",
    "link": "https://axsometherapeuticsinc.gcs-web.com/static-files/7824518c-f820-4f06-959d-1415c7272c33",
    "timestamp": "unknown"
  },
  {
    "title": "December ,Filed by \"insiders\" prior intended sale of restricted stock.OtherView HTML--.pdf--.rtf--.xls",
    "link": "https://axsometherapeuticsinc.gcs-web.com/sec-filings/sec-filing//--",
    "timestamp": "unknown"
  },
  {
    "title": "--.pdf",
    "link": "https://axsometherapeuticsinc.gcs-web.com/static-files/725922c2-94ce-450b-a008-1013d7fdcf40",
    "timestamp": "unknown"
  },
  {
    "title": "--.rtf",
    "link": "https://axsometherapeuticsinc.gcs-web.com/static-files/0fa93b87-23fb-4c69-96b7-b584f894c3cc",
    "timestamp": "unknown"
  },
  {
    "title": "--.xls",
    "link": "https://axsometherapeuticsinc.gcs-web.com/static-files/cba18dd5-ac8b--a250-f2b76e374255",
    "timestamp": "unknown"
  },
  {
    "title": "November ,Statement of changes in beneficial ownership of securities,,View HTML--.pdf--.rtf--.xls",
    "link": "https://axsometherapeuticsinc.gcs-web.com/sec-filings/sec-filing//--",
    "timestamp": "unknown"
  },
  {
    "title": "--.pdf",
    "link": "https://axsometherapeuticsinc.gcs-web.com/static-files/bdcbc221-12d3-4fdf-af66-2e67403708cf",
    "timestamp": "unknown"
  },
  {
    "title": "--.rtf",
    "link": "https://axsometherapeuticsinc.gcs-web.com/static-files/9cca89b5--46af-8e7e-4a398467944a",
    "timestamp": "unknown"
  },
  {
    "title": "--.xls",
    "link": "https://axsometherapeuticsinc.gcs-web.com/static-files/c5a7e418-30f6--9e20-a4813a3a312f",
    "timestamp": "unknown"
  },
  {
    "title": "November ,Filed by \"insiders\" prior intended sale of restricted stock.OtherView HTML--.pdf--.rtf--.xls",
    "link": "https://axsometherapeuticsinc.gcs-web.com/sec-filings/sec-filing//--",
    "timestamp": "unknown"
  },
  {
    "title": "--.pdf",
    "link": "https://axsometherapeuticsinc.gcs-web.com/static-files/96b71163--4f1c-90d9-68b05ad4d78b",
    "timestamp": "unknown"
  },
  {
    "title": "--.rtf",
    "link": "https://axsometherapeuticsinc.gcs-web.com/static-files/7e49165c-1a06-4a56-ac88-c5917013f3e2",
    "timestamp": "unknown"
  },
  {
    "title": "--.xls",
    "link": "https://axsometherapeuticsinc.gcs-web.com/static-files/ea403365-a715--aeab-4b2acab1b67e",
    "timestamp": "unknown"
  },
  {
    "title": "Current page",
    "link": "https://axsometherapeuticsinc.gcs-web.com/financial-information/sec-filings?&&field_nir_sec_date_filed_value=&&&items_per_page_toggle=&page=",
    "timestamp": "unknown"
  },
  {
    "title": "Page",
    "link": "https://axsometherapeuticsinc.gcs-web.com/financial-information/sec-filings?&&field_nir_sec_date_filed_value=&&&items_per_page_toggle=&page=",
    "timestamp": "unknown"
  },
  {
    "title": "Page",
    "link": "https://axsometherapeuticsinc.gcs-web.com/financial-information/sec-filings?&&field_nir_sec_date_filed_value=&&&items_per_page_toggle=&page=",
    "timestamp": "unknown"
  },
  {
    "title": "Page",
    "link": "https://axsometherapeuticsinc.gcs-web.com/financial-information/sec-filings?&&field_nir_sec_date_filed_value=&&&items_per_page_toggle=&page=",
    "timestamp": "unknown"
  },
  {
    "title": "Page",
    "link": "https://axsometherapeuticsinc.gcs-web.com/financial-information/sec-filings?&&field_nir_sec_date_filed_value=&&&items_per_page_toggle=&page=",
    "timestamp": "unknown"
  },
  {
    "title": "Page",
    "link": "https://axsometherapeuticsinc.gcs-web.com/financial-information/sec-filings?&&field_nir_sec_date_filed_value=&&&items_per_page_toggle=&page=",
    "timestamp": "unknown"
  },
  {
    "title": "Page",
    "link": "https://axsometherapeuticsinc.gcs-web.com/financial-information/sec-filings?&&field_nir_sec_date_filed_value=&&&items_per_page_toggle=&page=",
    "timestamp": "unknown"
  },
  {
    "title": "Page",
    "link": "https://axsometherapeuticsinc.gcs-web.com/financial-information/sec-filings?&&field_nir_sec_date_filed_value=&&&items_per_page_toggle=&page=",
    "timestamp": "unknown"
  },
  {
    "title": "Page",
    "link": "https://axsometherapeuticsinc.gcs-web.com/financial-information/sec-filings?&&field_nir_sec_date_filed_value=&&&items_per_page_toggle=&page=",
    "timestamp": "unknown"
  },
  {
    "title": "Next pageNext \u203a",
    "link": "https://axsometherapeuticsinc.gcs-web.com/financial-information/sec-filings?&&field_nir_sec_date_filed_value=&&&items_per_page_toggle=&page=",
    "timestamp": "unknown"
  },
  {
    "title": "Last pageLast \u00bb",
    "link": "https://axsometherapeuticsinc.gcs-web.com/financial-information/sec-filings?&&field_nir_sec_date_filed_value=&&&items_per_page_toggle=&page=",
    "timestamp": "unknown"
  },
  {
    "title": "Data provided byKaleidoscope.",
    "link": "https://www.kscope.io",
    "timestamp": "unknown"
  },
  {
    "title": "Data provided byKaleidoscope.",
    "link": "https://www.kscope.io",
    "timestamp": "unknown"
  },
  {
    "title": "About AxsomeAbout AxsomeAllAllOverviewManagement\u00a0TeamBoard of DirectorsIntellectual\u00a0PropertyState\u00a0DisclosuresPortfolioPortfolioAllAllProducts Overview",
    "link": "https://www.axsome.com/about-axsome",
    "timestamp": "unknown"
  },
  {
    "title": "About AxsomeAbout AxsomeAllAllOverviewManagement\u00a0TeamBoard of DirectorsIntellectual\u00a0PropertyState\u00a0DisclosuresPortfolioPortfolioAllAllProducts Overview",
    "link": "https://www.axsome.com/about-axsome",
    "timestamp": "unknown"
  },
  {
    "title": "About AxsomeAbout AxsomeAllAllOverviewManagement\u00a0TeamBoard of DirectorsIntellectual\u00a0PropertyState\u00a0Disclosures",
    "link": "https://www.axsome.com/about-axsome",
    "timestamp": "unknown"
  },
  {
    "title": "Overview",
    "link": "https://www.axsome.com/about-axsome",
    "timestamp": "unknown"
  },
  {
    "title": "Management\u00a0Team",
    "link": "https://www.axsome.com/about-axsome/management-team",
    "timestamp": "unknown"
  },
  {
    "title": "Board of Directors",
    "link": "https://www.axsome.com/about-axsome/board-of-directors",
    "timestamp": "unknown"
  },
  {
    "title": "Intellectual\u00a0Property",
    "link": "https://www.axsome.com/about-axsome/intellectual-property",
    "timestamp": "unknown"
  },
  {
    "title": "State\u00a0Disclosures",
    "link": "https://www.axsome.com/about-axsome/state-disclosures",
    "timestamp": "unknown"
  },
  {
    "title": "PortfolioPortfolioAllAllProducts OverviewProducts OverviewAuvelity\u2122(dextromethorphan-bupropion)Sunosi\u00ae(solriamfetol)Symbravo\u00ae (meloxicam and rizatript",
    "link": "https://www.axsome.com/axs-portfolio/products",
    "timestamp": "unknown"
  },
  {
    "title": "Products Overview",
    "link": "https://www.axsome.com/axs-portfolio/products",
    "timestamp": "unknown"
  },
  {
    "title": "Products Overview",
    "link": "https://www.axsome.com/axs-portfolio/products",
    "timestamp": "unknown"
  },
  {
    "title": "Auvelity\u2122(dextromethorphan-bupropion)",
    "link": "https://www.axsome.com/axs-portfolio/products#auvelity",
    "timestamp": "unknown"
  },
  {
    "title": "Sunosi\u00ae(solriamfetol)",
    "link": "https://www.axsome.com/axs-portfolio/products#sunosi",
    "timestamp": "unknown"
  },
  {
    "title": "Symbravo\u00ae (meloxicam and rizatriptan)",
    "link": "https://www.axsome.com/products#symbravo",
    "timestamp": "unknown"
  },
  {
    "title": "Pipeline Overview",
    "link": "https://www.axsome.com/axs-portfolio/pipeline",
    "timestamp": "unknown"
  },
  {
    "title": "AXS\u2011",
    "link": "https://www.axsome.com/axs-pipeline/about-axs-",
    "timestamp": "unknown"
  },
  {
    "title": "AXS\u2011",
    "link": "https://www.axsome.com/axs-pipeline/about-axs-",
    "timestamp": "unknown"
  },
  {
    "title": "AXS\u2011",
    "link": "https://www.axsome.com/axs-pipeline/about-axs-",
    "timestamp": "unknown"
  },
  {
    "title": "ConditionsConditionsAllAllOverviewDepressionMigraineAlzheimer'sDisease\u00a0AgitationExcessive DaytimeSleepinessNarcolepsyFibromyalgiaSmoking\u00a0Cessation",
    "link": "https://www.axsome.com/conditions",
    "timestamp": "unknown"
  },
  {
    "title": "Overview",
    "link": "https://www.axsome.com/conditions",
    "timestamp": "unknown"
  },
  {
    "title": "Depression",
    "link": "https://www.axsome.com/conditions/depression",
    "timestamp": "unknown"
  },
  {
    "title": "Migraine",
    "link": "https://www.axsome.com/conditions/migraine",
    "timestamp": "unknown"
  },
  {
    "title": "Alzheimer'sDisease\u00a0Agitation",
    "link": "https://www.axsome.com/conditions/alzheimers-disease-agitations",
    "timestamp": "unknown"
  },
  {
    "title": "Excessive DaytimeSleepiness",
    "link": "https://www.axsome.com/conditions/excessive-daytime-sleepiness",
    "timestamp": "unknown"
  },
  {
    "title": "Narcolepsy",
    "link": "https://www.axsome.com/conditions/narcolepsy",
    "timestamp": "unknown"
  },
  {
    "title": "Fibromyalgia",
    "link": "https://www.axsome.com/conditions/fibromyalgia",
    "timestamp": "unknown"
  },
  {
    "title": "Smoking\u00a0Cessation",
    "link": "https://www.axsome.com/conditions/smoking-cessation",
    "timestamp": "unknown"
  },
  {
    "title": "ScienceScienceAllAllOverviewMedical\u00a0Information\u00a0U.S.Medical\u00a0Information\u00a0InternationalPublications",
    "link": "https://www.axsome.com/science",
    "timestamp": "unknown"
  },
  {
    "title": "Overview",
    "link": "https://www.axsome.com/science",
    "timestamp": "unknown"
  },
  {
    "title": "Medical\u00a0Information\u00a0U.S.",
    "link": "https://www.axsome.com/science/medical-information",
    "timestamp": "unknown"
  },
  {
    "title": "Medical\u00a0Information\u00a0International",
    "link": "https://www.axsome.com/science/medical-information-international",
    "timestamp": "unknown"
  },
  {
    "title": "Publications",
    "link": "https://www.axsome.com/science/publications",
    "timestamp": "unknown"
  },
  {
    "title": "InvestorsInvestorsAllAllOverviewCorporate GovernanceStock InformationFinancial InformationNews & EventsWebcasts &PresentationsAnalyst CoverageSharehol",
    "link": "https://axsometherapeuticsinc.gcs-web.com/",
    "timestamp": "unknown"
  },
  {
    "title": "Overview",
    "link": "https://axsometherapeuticsinc.gcs-web.com/",
    "timestamp": "unknown"
  },
  {
    "title": "Corporate Governance",
    "link": "https://axsometherapeuticsinc.gcs-web.com/corporate-governance/documents-and-charters",
    "timestamp": "unknown"
  },
  {
    "title": "Stock Information",
    "link": "https://axsometherapeuticsinc.gcs-web.com/stock-information/stock-quote",
    "timestamp": "unknown"
  },
  {
    "title": "Financial Information",
    "link": "https://axsometherapeuticsinc.gcs-web.com/financial-information/sec-filings",
    "timestamp": "unknown"
  },
  {
    "title": "News & Events",
    "link": "https://axsometherapeuticsinc.gcs-web.com/news-and-events/news-releases",
    "timestamp": "unknown"
  },
  {
    "title": "Webcasts &Presentations",
    "link": "https://axsometherapeuticsinc.gcs-web.com/webcasts-and-presentations",
    "timestamp": "unknown"
  },
  {
    "title": "Analyst Coverage",
    "link": "https://axsometherapeuticsinc.gcs-web.com/analyst-coverage",
    "timestamp": "unknown"
  },
  {
    "title": "Shareholder Services",
    "link": "https://axsometherapeuticsinc.gcs-web.com/shareholder-services/investor-faqs",
    "timestamp": "unknown"
  },
  {
    "title": "CareersCareersAllAllCareersCurrent Opportunities",
    "link": "https://www.axsome.com/careers",
    "timestamp": "unknown"
  },
  {
    "title": "Careers",
    "link": "https://www.axsome.com/careers",
    "timestamp": "unknown"
  },
  {
    "title": "Current Opportunities",
    "link": "https://www.axsome.com/careers/current-opportunities",
    "timestamp": "unknown"
  },
  {
    "title": "Contact UsPrivacy NoticeTerms of UseAXSOME and its logos are trademarks or registered trademarks of Axsome Therapeutics,Inc. or its affiliates. Other ",
    "link": "https://www.axsome.com/",
    "timestamp": "unknown"
  },
  {
    "title": "Contact UsPrivacy NoticeTerms of Use",
    "link": "https://www.axsome.com/",
    "timestamp": "unknown"
  },
  {
    "title": "Contact Us",
    "link": "https://www.axsome.com/contact-us",
    "timestamp": "unknown"
  },
  {
    "title": "Privacy Notice",
    "link": "https://www.axsome.com/privacy-notice",
    "timestamp": "unknown"
  },
  {
    "title": "Terms of Use",
    "link": "https://www.axsome.com/terms-of-use",
    "timestamp": "unknown"
  },
  {
    "title": "\u00a9  Axsome Therapeutics, Inc. All rights reserved. One World Trade Center, New York, NY,info@axsome.com",
    "link": "mailto:info@axsome.com",
    "timestamp": "unknown"
  }
]