[
  {
    "title": "About AxsomeAbout AxsomeAllAllOverviewManagement TeamBoard of DirectorsIntellectual PropertyState DisclosuresPortfolioPortfolioAllAllOverviewProducts ",
    "link": "https://www.axsome.com/",
    "timestamp": "unknown"
  },
  {
    "title": "About AxsomeAbout AxsomeAllAllOverviewManagement TeamBoard of DirectorsIntellectual PropertyState DisclosuresPortfolioPortfolioAllAllOverviewProducts ",
    "link": "https://www.axsome.com/",
    "timestamp": "unknown"
  },
  {
    "title": "About AxsomeAbout AxsomeAllAllOverviewManagement TeamBoard of DirectorsIntellectual PropertyState DisclosuresPortfolioPortfolioAllAllOverviewProducts ",
    "link": "https://www.axsome.com/about-axsome/",
    "timestamp": "unknown"
  },
  {
    "title": "About AxsomeAbout AxsomeAllAllOverviewManagement TeamBoard of DirectorsIntellectual PropertyState DisclosuresPortfolioPortfolioAllAllOverviewProducts ",
    "link": "https://www.axsome.com/about-axsome/",
    "timestamp": "unknown"
  },
  {
    "title": "About AxsomeAbout AxsomeAllAllOverviewManagement TeamBoard of DirectorsIntellectual PropertyState Disclosures",
    "link": "https://www.axsome.com/about-axsome/",
    "timestamp": "unknown"
  },
  {
    "title": "Overview",
    "link": "https://www.axsome.com/about-axsome/",
    "timestamp": "unknown"
  },
  {
    "title": "Management Team",
    "link": "https://www.axsome.com/about-axsome/management-team/",
    "timestamp": "unknown"
  },
  {
    "title": "Board of Directors",
    "link": "https://www.axsome.com/about-axsome/board-of-directors/",
    "timestamp": "unknown"
  },
  {
    "title": "Intellectual Property",
    "link": "https://www.axsome.com/about-axsome/intellectual-property/",
    "timestamp": "unknown"
  },
  {
    "title": "State Disclosures",
    "link": "https://www.axsome.com/about-axsome/state-disclosures/",
    "timestamp": "unknown"
  },
  {
    "title": "PortfolioPortfolioAllAllOverviewProducts OverviewProducts OverviewAllAllOverviewAuvelity\u00ae (dextromethorphan-bupropion)Sunosi\u00ae (solriamfetol)Symbravo\u00ae ",
    "link": "https://www.axsome.com/axs-portfolio/products/",
    "timestamp": "unknown"
  },
  {
    "title": "Overview",
    "link": "https://www.axsome.com/axs-portfolio/products/",
    "timestamp": "unknown"
  },
  {
    "title": "Products OverviewProducts OverviewAllAllOverviewAuvelity\u00ae (dextromethorphan-bupropion)Sunosi\u00ae (solriamfetol)Symbravo\u00ae (meloxicam and rizatriptan)",
    "link": "https://www.axsome.com/axs-portfolio/products/",
    "timestamp": "unknown"
  },
  {
    "title": "Overview",
    "link": "https://www.axsome.com/axs-portfolio/products/",
    "timestamp": "unknown"
  },
  {
    "title": "Auvelity\u00ae (dextromethorphan-bupropion)",
    "link": "https://www.axsome.com/axs-portfolio/products#auvelity",
    "timestamp": "unknown"
  },
  {
    "title": "Sunosi\u00ae (solriamfetol)",
    "link": "https://www.axsome.com/axs-portfolio/products#sunosi",
    "timestamp": "unknown"
  },
  {
    "title": "Symbravo\u00ae (meloxicam and rizatriptan)",
    "link": "https://www.axsome.com/products#symbravo",
    "timestamp": "unknown"
  },
  {
    "title": "Pipeline OverviewPipeline OverviewAllAllOverviewAXS-AXS-AXS-",
    "link": "https://www.axsome.com/axs-portfolio/pipeline/",
    "timestamp": "unknown"
  },
  {
    "title": "Overview",
    "link": "https://www.axsome.com/axs-portfolio/pipeline/",
    "timestamp": "unknown"
  },
  {
    "title": "AXS-",
    "link": "https://www.axsome.com/axs-portfolio/pipeline/about-axs-/",
    "timestamp": "unknown"
  },
  {
    "title": "AXS-",
    "link": "https://www.axsome.com/axs-portfolio/pipeline/about-axs-/",
    "timestamp": "unknown"
  },
  {
    "title": "AXS-",
    "link": "https://www.axsome.com/axs-portfolio/pipeline/about-axs-/",
    "timestamp": "unknown"
  },
  {
    "title": "ConditionsConditionsAllAllOverviewDepressionMigraineAlzheimer\u2019s Disease AgitationExcessive Daytime SleepinessNarcolepsyFibromyalgiaSmoking Cessation",
    "link": "https://www.axsome.com/conditions/",
    "timestamp": "unknown"
  },
  {
    "title": "Overview",
    "link": "https://www.axsome.com/conditions/",
    "timestamp": "unknown"
  },
  {
    "title": "Depression",
    "link": "https://www.axsome.com/conditions/depression/",
    "timestamp": "unknown"
  },
  {
    "title": "Migraine",
    "link": "https://www.axsome.com/conditions/migraine/",
    "timestamp": "unknown"
  },
  {
    "title": "Alzheimer\u2019s Disease Agitation",
    "link": "https://www.axsome.com/conditions/alzheimers-disease-agitation/",
    "timestamp": "unknown"
  },
  {
    "title": "Excessive Daytime Sleepiness",
    "link": "https://www.axsome.com/conditions/excessive-daytime-sleepiness/",
    "timestamp": "unknown"
  },
  {
    "title": "Narcolepsy",
    "link": "https://www.axsome.com/conditions/narcolepsy/",
    "timestamp": "unknown"
  },
  {
    "title": "Fibromyalgia",
    "link": "https://www.axsome.com/conditions/fibromyalgia/",
    "timestamp": "unknown"
  },
  {
    "title": "Smoking Cessation",
    "link": "https://www.axsome.com/conditions/smoking-cessation/",
    "timestamp": "unknown"
  },
  {
    "title": "ScienceScienceAllAllOverviewMedical Information U.S.Medical Information CanadaPublications",
    "link": "https://www.axsome.com/science/",
    "timestamp": "unknown"
  },
  {
    "title": "Overview",
    "link": "https://www.axsome.com/science/",
    "timestamp": "unknown"
  },
  {
    "title": "Medical Information U.S.",
    "link": "https://www.axsome.com/science/medical-information/",
    "timestamp": "unknown"
  },
  {
    "title": "Medical Information Canada",
    "link": "https://www.axsome.com/science/medical-information-international/",
    "timestamp": "unknown"
  },
  {
    "title": "Publications",
    "link": "https://www.axsome.com/science/publications/",
    "timestamp": "unknown"
  },
  {
    "title": "InvestorsInvestorsAllAllOverviewCorporate GovernanceStock InformationFinancial InformationNews & EventsWebcasts & PresentationsAnalyst CoverageShareho",
    "link": "https://axsometherapeuticsinc.gcs-web.com",
    "timestamp": "unknown"
  },
  {
    "title": "Overview",
    "link": "https://axsometherapeuticsinc.gcs-web.com",
    "timestamp": "unknown"
  },
  {
    "title": "Corporate Governance",
    "link": "https://axsometherapeuticsinc.gcs-web.com/corporate-governance/documents-and-charters",
    "timestamp": "unknown"
  },
  {
    "title": "Stock Information",
    "link": "https://axsometherapeuticsinc.gcs-web.com/stock-information/stock-quote",
    "timestamp": "unknown"
  },
  {
    "title": "Financial Information",
    "link": "https://axsometherapeuticsinc.gcs-web.com/financial-information/sec-filings",
    "timestamp": "unknown"
  },
  {
    "title": "News & Events",
    "link": "https://axsometherapeuticsinc.gcs-web.com/news-and-events/news-releases",
    "timestamp": "unknown"
  },
  {
    "title": "Webcasts & Presentations",
    "link": "https://axsometherapeuticsinc.gcs-web.com/webcasts-and-presentations",
    "timestamp": "unknown"
  },
  {
    "title": "Analyst Coverage",
    "link": "https://axsometherapeuticsinc.gcs-web.com/analyst-coverage",
    "timestamp": "unknown"
  },
  {
    "title": "Shareholder Services",
    "link": "https://axsometherapeuticsinc.gcs-web.com/shareholder-services/investor-faqs",
    "timestamp": "unknown"
  },
  {
    "title": "CareersCareersAllAllOverviewCurrent Opportunities",
    "link": "https://www.axsome.com/careers/",
    "timestamp": "unknown"
  },
  {
    "title": "Overview",
    "link": "https://www.axsome.com/careers/",
    "timestamp": "unknown"
  },
  {
    "title": "Current Opportunities",
    "link": "https://www.axsome.com/careers/current-opportunities/",
    "timestamp": "unknown"
  },
  {
    "title": "Keyword SearchGroup,,Annual FilingsCurrent ReportsMergers & AcquisitionsOtherProxy FilingsQuarterly FilingsRegistration StatementsFiling year- Any -It",
    "link": "https://axsometherapeuticsinc.gcs-web.com/financial-information/sec-filings?items_per_page=&order=field_nir_sec_date_filed&sort=asc",
    "timestamp": "unknown"
  },
  {
    "title": "Keyword SearchGroup,,Annual FilingsCurrent ReportsMergers & AcquisitionsOtherProxy FilingsQuarterly FilingsRegistration StatementsFiling year- Any -It",
    "link": "https://axsometherapeuticsinc.gcs-web.com/financial-information/sec-filings?items_per_page=&order=field_nir_sec_date_filed&sort=asc",
    "timestamp": "unknown"
  },
  {
    "title": "Keyword SearchGroup,,Annual FilingsCurrent ReportsMergers & AcquisitionsOtherProxy FilingsQuarterly FilingsRegistration StatementsFiling year- Any -It",
    "link": "https://axsometherapeuticsinc.gcs-web.com/financial-information/sec-filings?items_per_page=&order=field_nir_sec_date_filed&sort=asc",
    "timestamp": "unknown"
  },
  {
    "title": "Keyword SearchGroup,,Annual FilingsCurrent ReportsMergers & AcquisitionsOtherProxy FilingsQuarterly FilingsRegistration StatementsFiling year- Any -It",
    "link": "https://axsometherapeuticsinc.gcs-web.com/financial-information/sec-filings?items_per_page=&order=field_nir_sec_date_filed&sort=asc",
    "timestamp": "unknown"
  },
  {
    "title": "Keyword SearchGroup,,Annual FilingsCurrent ReportsMergers & AcquisitionsOtherProxy FilingsQuarterly FilingsRegistration StatementsFiling year- Any -It",
    "link": "https://axsometherapeuticsinc.gcs-web.com/financial-information/sec-filings?items_per_page=&order=field_nir_sec_date_filed&sort=asc",
    "timestamp": "unknown"
  },
  {
    "title": "Keyword SearchGroup,,Annual FilingsCurrent ReportsMergers & AcquisitionsOtherProxy FilingsQuarterly FilingsRegistration StatementsFiling year- Any -It",
    "link": "https://axsometherapeuticsinc.gcs-web.com/financial-information/sec-filings?items_per_page=&order=field_nir_sec_date_filed&sort=asc",
    "timestamp": "unknown"
  },
  {
    "title": "Keyword SearchGroup,,Annual FilingsCurrent ReportsMergers & AcquisitionsOtherProxy FilingsQuarterly FilingsRegistration StatementsFiling year- Any -It",
    "link": "https://axsometherapeuticsinc.gcs-web.com/financial-information/sec-filings?items_per_page=&order=field_nir_sec_date_filed&sort=asc",
    "timestamp": "unknown"
  },
  {
    "title": "Keyword SearchGroup,,Annual FilingsCurrent ReportsMergers & AcquisitionsOtherProxy FilingsQuarterly FilingsRegistration StatementsFiling year- Any -It",
    "link": "https://axsometherapeuticsinc.gcs-web.com/financial-information/sec-filings?items_per_page=&order=field_nir_sec_date_filed&sort=asc",
    "timestamp": "unknown"
  },
  {
    "title": "Keyword SearchGroup,,Annual FilingsCurrent ReportsMergers & AcquisitionsOtherProxy FilingsQuarterly FilingsRegistration StatementsFiling year- Any -It",
    "link": "https://axsometherapeuticsinc.gcs-web.com/financial-information/sec-filings?items_per_page=&order=field_nir_sec_date_filed&sort=asc",
    "timestamp": "unknown"
  },
  {
    "title": "Keyword SearchGroup,,Annual FilingsCurrent ReportsMergers & AcquisitionsOtherProxy FilingsQuarterly FilingsRegistration StatementsFiling year- Any -It",
    "link": "https://axsometherapeuticsinc.gcs-web.com/financial-information/sec-filings?items_per_page=&order=field_nir_sec_date_filed&sort=asc",
    "timestamp": "unknown"
  },
  {
    "title": "Keyword SearchGroup,,Annual FilingsCurrent ReportsMergers & AcquisitionsOtherProxy FilingsQuarterly FilingsRegistration StatementsFiling year- Any -It",
    "link": "https://axsometherapeuticsinc.gcs-web.com/financial-information/sec-filings?items_per_page=&order=field_nir_sec_date_filed&sort=asc",
    "timestamp": "unknown"
  },
  {
    "title": "Keyword SearchGroup,,Annual FilingsCurrent ReportsMergers & AcquisitionsOtherProxy FilingsQuarterly FilingsRegistration StatementsFiling year- Any -It",
    "link": "https://axsometherapeuticsinc.gcs-web.com/financial-information/sec-filings?items_per_page=&order=field_nir_sec_date_filed&sort=asc",
    "timestamp": "unknown"
  },
  {
    "title": "Keyword SearchGroup,,Annual FilingsCurrent ReportsMergers & AcquisitionsOtherProxy FilingsQuarterly FilingsRegistration StatementsFiling year- Any -It",
    "link": "https://axsometherapeuticsinc.gcs-web.com/financial-information/sec-filings?items_per_page=&order=field_nir_sec_date_filed&sort=asc",
    "timestamp": "unknown"
  },
  {
    "title": "Group,,Annual FilingsCurrent ReportsMergers & AcquisitionsOtherProxy FilingsQuarterly FilingsRegistration StatementsFiling year- Any -Items per pageFi",
    "link": "https://axsometherapeuticsinc.gcs-web.com/financial-information/sec-filings?items_per_page=&order=field_nir_sec_date_filed&sort=asc",
    "timestamp": "unknown"
  },
  {
    "title": "Group,,Annual FilingsCurrent ReportsMergers & AcquisitionsOtherProxy FilingsQuarterly FilingsRegistration StatementsFiling year- Any -Items per pageFi",
    "link": "https://axsometherapeuticsinc.gcs-web.com/financial-information/sec-filings?items_per_page=&order=field_nir_sec_date_filed&sort=asc",
    "timestamp": "unknown"
  },
  {
    "title": "Group,,Annual FilingsCurrent ReportsMergers & AcquisitionsOtherProxy FilingsQuarterly FilingsRegistration StatementsFiling year- Any -Items per pageFi",
    "link": "https://axsometherapeuticsinc.gcs-web.com/financial-information/sec-filings?items_per_page=&order=field_nir_sec_date_filed&sort=asc",
    "timestamp": "unknown"
  },
  {
    "title": "Filing dateFormDescriptionFiling GroupViewFebruary ,Filed by \"insiders\" prior intended sale of restricted stock.OtherView HTML--.pdf--.rtf--.xlsFebrua",
    "link": "https://axsometherapeuticsinc.gcs-web.com/financial-information/sec-filings?items_per_page=&order=field_nir_sec_date_filed&sort=asc",
    "timestamp": "unknown"
  },
  {
    "title": "Filing dateFormDescriptionFiling GroupView",
    "link": "https://axsometherapeuticsinc.gcs-web.com/financial-information/sec-filings?items_per_page=&order=field_nir_sec_date_filed&sort=asc",
    "timestamp": "unknown"
  },
  {
    "title": "February ,Filed by \"insiders\" prior intended sale of restricted stock.OtherView HTML--.pdf--.rtf--.xls",
    "link": "https://axsometherapeuticsinc.gcs-web.com/sec-filings/sec-filing//--",
    "timestamp": "unknown"
  },
  {
    "title": "--.pdf",
    "link": "https://axsometherapeuticsinc.gcs-web.com/static-files/bd610651-784b--a542-fe9bdb5e9581",
    "timestamp": "unknown"
  },
  {
    "title": "--.rtf",
    "link": "https://axsometherapeuticsinc.gcs-web.com/static-files/912f8cff-d67e-432b--e38a36aae1a6",
    "timestamp": "unknown"
  },
  {
    "title": "--.xls",
    "link": "https://axsometherapeuticsinc.gcs-web.com/static-files/c42ff7cf-737b-417e--4a3abc6057c2",
    "timestamp": "unknown"
  },
  {
    "title": "February ,Statement of changes in beneficial ownership of securities,,View HTML--.pdf--.rtf--.xls",
    "link": "https://axsometherapeuticsinc.gcs-web.com/sec-filings/sec-filing//--",
    "timestamp": "unknown"
  },
  {
    "title": "--.pdf",
    "link": "https://axsometherapeuticsinc.gcs-web.com/static-files/0e383392-9caa-49f7-8b24-182730b5ac70",
    "timestamp": "unknown"
  },
  {
    "title": "--.rtf",
    "link": "https://axsometherapeuticsinc.gcs-web.com/static-files/-d806-43ec--dd706da2600e",
    "timestamp": "unknown"
  },
  {
    "title": "--.xls",
    "link": "https://axsometherapeuticsinc.gcs-web.com/static-files/8ce30350-4c95--81fe-f552dbc381a2",
    "timestamp": "unknown"
  },
  {
    "title": "January ,Statement of changes in beneficial ownership of securities,,View HTML--.pdf--.rtf--.xls",
    "link": "https://axsometherapeuticsinc.gcs-web.com/sec-filings/sec-filing//--",
    "timestamp": "unknown"
  },
  {
    "title": "--.pdf",
    "link": "https://axsometherapeuticsinc.gcs-web.com/static-files/92a74970-533f-4d22-8e3f-34c9c3ba9a7f",
    "timestamp": "unknown"
  },
  {
    "title": "--.rtf",
    "link": "https://axsometherapeuticsinc.gcs-web.com/static-files/9762ea51-f135--be6f-648c18931135",
    "timestamp": "unknown"
  },
  {
    "title": "--.xls",
    "link": "https://axsometherapeuticsinc.gcs-web.com/static-files/d16a07e6-cbed-416c-a4bf-8522a4a0aec3",
    "timestamp": "unknown"
  },
  {
    "title": "January ,Statement of changes in beneficial ownership of securities,,View HTML--.pdf--.rtf--.xls",
    "link": "https://axsometherapeuticsinc.gcs-web.com/sec-filings/sec-filing//--",
    "timestamp": "unknown"
  },
  {
    "title": "--.pdf",
    "link": "https://axsometherapeuticsinc.gcs-web.com/static-files/fbe01489-bb18-474d-acab-a0da7160071a",
    "timestamp": "unknown"
  },
  {
    "title": "--.rtf",
    "link": "https://axsometherapeuticsinc.gcs-web.com/static-files/1cd02e94-6b51-413e-93bc-521ba308cf33",
    "timestamp": "unknown"
  },
  {
    "title": "--.xls",
    "link": "https://axsometherapeuticsinc.gcs-web.com/static-files/d83ceca7-df28-48ea-81dc-b55740c19dce",
    "timestamp": "unknown"
  },
  {
    "title": "January ,Filed by \"insiders\" prior intended sale of restricted stock.OtherView HTML--.pdf--.rtf",
    "link": "https://axsometherapeuticsinc.gcs-web.com/sec-filings/sec-filing//--",
    "timestamp": "unknown"
  },
  {
    "title": "--.pdf",
    "link": "https://axsometherapeuticsinc.gcs-web.com/static-files/84a3a4a7-4f4f-4d40-a351-25be707d26ba",
    "timestamp": "unknown"
  },
  {
    "title": "--.rtf",
    "link": "https://axsometherapeuticsinc.gcs-web.com/static-files/d95a3d6b--46a3-b99e-cc4fdae53b3e",
    "timestamp": "unknown"
  },
  {
    "title": "January ,Filed by \"insiders\" prior intended sale of restricted stock.OtherView HTML--.pdf--.rtf",
    "link": "https://axsometherapeuticsinc.gcs-web.com/sec-filings/sec-filing//--",
    "timestamp": "unknown"
  },
  {
    "title": "--.pdf",
    "link": "https://axsometherapeuticsinc.gcs-web.com/static-files/8b951da4---ad33-748ec1a3578f",
    "timestamp": "unknown"
  },
  {
    "title": "--.rtf",
    "link": "https://axsometherapeuticsinc.gcs-web.com/static-files/206989f8-dbb0-44d6-af1e-d9dcb4996b24",
    "timestamp": "unknown"
  },
  {
    "title": "January ,-KReport of unscheduled material events or corporate eventCurrent ReportsView HTML--.pdf--.rtf--.xlsEX-.SCH - XBRL TAXONOMY EXTENSION SCHEMA",
    "link": "https://axsometherapeuticsinc.gcs-web.com/sec-filings/sec-filing/-k/--",
    "timestamp": "unknown"
  },
  {
    "title": "--.pdf",
    "link": "https://axsometherapeuticsinc.gcs-web.com/static-files/4f70e898-5f2f-4e5b-b5ff-9ffc83b81bf0",
    "timestamp": "unknown"
  },
  {
    "title": "--.rtf",
    "link": "https://axsometherapeuticsinc.gcs-web.com/static-files/00946ac7-1e25--bed6-a61d9b475ae3",
    "timestamp": "unknown"
  },
  {
    "title": "--.xls",
    "link": "https://axsometherapeuticsinc.gcs-web.com/static-files/263c174a-43e1-442c-b971-4a7c165d2d30",
    "timestamp": "unknown"
  },
  {
    "title": "January ,Filed by \"insiders\" prior intended sale of restricted stock.OtherView HTML--.pdf--.rtf--.xls",
    "link": "https://axsometherapeuticsinc.gcs-web.com/sec-filings/sec-filing//--",
    "timestamp": "unknown"
  },
  {
    "title": "--.pdf",
    "link": "https://axsometherapeuticsinc.gcs-web.com/static-files/0a3ee557-1da9-4d45-bf57-5e0c9c871730",
    "timestamp": "unknown"
  },
  {
    "title": "--.rtf",
    "link": "https://axsometherapeuticsinc.gcs-web.com/static-files/4dede62a--469f-b62c-bc3f9cf340e5",
    "timestamp": "unknown"
  },
  {
    "title": "--.xls",
    "link": "https://axsometherapeuticsinc.gcs-web.com/static-files/5dc8cd7e--4c5e-b465-c5b0a6d7904d",
    "timestamp": "unknown"
  },
  {
    "title": "January ,Statement of changes in beneficial ownership of securities,,View HTML--.pdf--.rtf--.xls",
    "link": "https://axsometherapeuticsinc.gcs-web.com/sec-filings/sec-filing//--",
    "timestamp": "unknown"
  },
  {
    "title": "--.pdf",
    "link": "https://axsometherapeuticsinc.gcs-web.com/static-files/35872bb4-21fd-4e23-ab0e-34b347591fb5",
    "timestamp": "unknown"
  },
  {
    "title": "--.rtf",
    "link": "https://axsometherapeuticsinc.gcs-web.com/static-files/6c8c53fb-dd87---285140ffcb45",
    "timestamp": "unknown"
  },
  {
    "title": "--.xls",
    "link": "https://axsometherapeuticsinc.gcs-web.com/static-files/65cf31bd-477b-4dfd-b6a6-f2b10e7da778",
    "timestamp": "unknown"
  },
  {
    "title": "January ,Filed by \"insiders\" prior intended sale of restricted stock.OtherView HTML--.pdf--.rtf--.xls",
    "link": "https://axsometherapeuticsinc.gcs-web.com/sec-filings/sec-filing//--",
    "timestamp": "unknown"
  },
  {
    "title": "--.pdf",
    "link": "https://axsometherapeuticsinc.gcs-web.com/static-files/723f9771-639a-4bfd-9e7e-c9a1da210ca6",
    "timestamp": "unknown"
  },
  {
    "title": "--.rtf",
    "link": "https://axsometherapeuticsinc.gcs-web.com/static-files/1773b997-9bbd-43ac-94b8-8aeb73a11d3a",
    "timestamp": "unknown"
  },
  {
    "title": "--.xls",
    "link": "https://axsometherapeuticsinc.gcs-web.com/static-files/ca25901b-c0ce-4c5b-b20a-71e198351bf3",
    "timestamp": "unknown"
  },
  {
    "title": "Current page",
    "link": "https://axsometherapeuticsinc.gcs-web.com/financial-information/sec-filings?&&field_nir_sec_date_filed_value=&&&items_per_page_toggle=&page=",
    "timestamp": "unknown"
  },
  {
    "title": "Page",
    "link": "https://axsometherapeuticsinc.gcs-web.com/financial-information/sec-filings?&&field_nir_sec_date_filed_value=&&&items_per_page_toggle=&page=",
    "timestamp": "unknown"
  },
  {
    "title": "Page",
    "link": "https://axsometherapeuticsinc.gcs-web.com/financial-information/sec-filings?&&field_nir_sec_date_filed_value=&&&items_per_page_toggle=&page=",
    "timestamp": "unknown"
  },
  {
    "title": "Page",
    "link": "https://axsometherapeuticsinc.gcs-web.com/financial-information/sec-filings?&&field_nir_sec_date_filed_value=&&&items_per_page_toggle=&page=",
    "timestamp": "unknown"
  },
  {
    "title": "Page",
    "link": "https://axsometherapeuticsinc.gcs-web.com/financial-information/sec-filings?&&field_nir_sec_date_filed_value=&&&items_per_page_toggle=&page=",
    "timestamp": "unknown"
  },
  {
    "title": "Page",
    "link": "https://axsometherapeuticsinc.gcs-web.com/financial-information/sec-filings?&&field_nir_sec_date_filed_value=&&&items_per_page_toggle=&page=",
    "timestamp": "unknown"
  },
  {
    "title": "Page",
    "link": "https://axsometherapeuticsinc.gcs-web.com/financial-information/sec-filings?&&field_nir_sec_date_filed_value=&&&items_per_page_toggle=&page=",
    "timestamp": "unknown"
  },
  {
    "title": "Page",
    "link": "https://axsometherapeuticsinc.gcs-web.com/financial-information/sec-filings?&&field_nir_sec_date_filed_value=&&&items_per_page_toggle=&page=",
    "timestamp": "unknown"
  },
  {
    "title": "Page",
    "link": "https://axsometherapeuticsinc.gcs-web.com/financial-information/sec-filings?&&field_nir_sec_date_filed_value=&&&items_per_page_toggle=&page=",
    "timestamp": "unknown"
  },
  {
    "title": "Next pageNext \u203a",
    "link": "https://axsometherapeuticsinc.gcs-web.com/financial-information/sec-filings?&&field_nir_sec_date_filed_value=&&&items_per_page_toggle=&page=",
    "timestamp": "unknown"
  },
  {
    "title": "Last pageLast \u00bb",
    "link": "https://axsometherapeuticsinc.gcs-web.com/financial-information/sec-filings?&&field_nir_sec_date_filed_value=&&&items_per_page_toggle=&page=",
    "timestamp": "unknown"
  },
  {
    "title": "Data provided byKaleidoscope.",
    "link": "https://www.kscope.io",
    "timestamp": "unknown"
  },
  {
    "title": "Data provided byKaleidoscope.",
    "link": "https://www.kscope.io",
    "timestamp": "unknown"
  },
  {
    "title": "About AxsomeAbout AxsomeAllAllOverviewManagement\u00a0TeamBoard of DirectorsIntellectual\u00a0PropertyState\u00a0DisclosuresPortfolioPortfolioAllAllProducts Overview",
    "link": "https://www.axsome.com/about-axsome",
    "timestamp": "unknown"
  },
  {
    "title": "About AxsomeAbout AxsomeAllAllOverviewManagement\u00a0TeamBoard of DirectorsIntellectual\u00a0PropertyState\u00a0DisclosuresPortfolioPortfolioAllAllProducts Overview",
    "link": "https://www.axsome.com/about-axsome",
    "timestamp": "unknown"
  },
  {
    "title": "About AxsomeAbout AxsomeAllAllOverviewManagement\u00a0TeamBoard of DirectorsIntellectual\u00a0PropertyState\u00a0Disclosures",
    "link": "https://www.axsome.com/about-axsome",
    "timestamp": "unknown"
  },
  {
    "title": "Overview",
    "link": "https://www.axsome.com/about-axsome",
    "timestamp": "unknown"
  },
  {
    "title": "Management\u00a0Team",
    "link": "https://www.axsome.com/about-axsome/management-team",
    "timestamp": "unknown"
  },
  {
    "title": "Board of Directors",
    "link": "https://www.axsome.com/about-axsome/board-of-directors",
    "timestamp": "unknown"
  },
  {
    "title": "Intellectual\u00a0Property",
    "link": "https://www.axsome.com/about-axsome/intellectual-property",
    "timestamp": "unknown"
  },
  {
    "title": "State\u00a0Disclosures",
    "link": "https://www.axsome.com/about-axsome/state-disclosures",
    "timestamp": "unknown"
  },
  {
    "title": "PortfolioPortfolioAllAllProducts OverviewProducts OverviewAuvelity\u2122(dextromethorphan-bupropion)Sunosi\u00ae(solriamfetol)Symbravo\u00ae (meloxicam and rizatript",
    "link": "https://www.axsome.com/axs-portfolio/products",
    "timestamp": "unknown"
  },
  {
    "title": "Products Overview",
    "link": "https://www.axsome.com/axs-portfolio/products",
    "timestamp": "unknown"
  },
  {
    "title": "Products Overview",
    "link": "https://www.axsome.com/axs-portfolio/products",
    "timestamp": "unknown"
  },
  {
    "title": "Auvelity\u2122(dextromethorphan-bupropion)",
    "link": "https://www.axsome.com/axs-portfolio/products#auvelity",
    "timestamp": "unknown"
  },
  {
    "title": "Sunosi\u00ae(solriamfetol)",
    "link": "https://www.axsome.com/axs-portfolio/products#sunosi",
    "timestamp": "unknown"
  },
  {
    "title": "Symbravo\u00ae (meloxicam and rizatriptan)",
    "link": "https://www.axsome.com/products#symbravo",
    "timestamp": "unknown"
  },
  {
    "title": "Pipeline Overview",
    "link": "https://www.axsome.com/axs-portfolio/pipeline",
    "timestamp": "unknown"
  },
  {
    "title": "AXS\u2011",
    "link": "https://www.axsome.com/axs-pipeline/about-axs-",
    "timestamp": "unknown"
  },
  {
    "title": "AXS\u2011",
    "link": "https://www.axsome.com/axs-pipeline/about-axs-",
    "timestamp": "unknown"
  },
  {
    "title": "AXS\u2011",
    "link": "https://www.axsome.com/axs-pipeline/about-axs-",
    "timestamp": "unknown"
  },
  {
    "title": "ConditionsConditionsAllAllOverviewDepressionMigraineAlzheimer'sDisease\u00a0AgitationExcessive DaytimeSleepinessNarcolepsyFibromyalgiaSmoking\u00a0Cessation",
    "link": "https://www.axsome.com/conditions",
    "timestamp": "unknown"
  },
  {
    "title": "Overview",
    "link": "https://www.axsome.com/conditions",
    "timestamp": "unknown"
  },
  {
    "title": "Depression",
    "link": "https://www.axsome.com/conditions/depression",
    "timestamp": "unknown"
  },
  {
    "title": "Migraine",
    "link": "https://www.axsome.com/conditions/migraine",
    "timestamp": "unknown"
  },
  {
    "title": "Alzheimer'sDisease\u00a0Agitation",
    "link": "https://www.axsome.com/conditions/alzheimers-disease-agitations",
    "timestamp": "unknown"
  },
  {
    "title": "Excessive DaytimeSleepiness",
    "link": "https://www.axsome.com/conditions/excessive-daytime-sleepiness",
    "timestamp": "unknown"
  },
  {
    "title": "Narcolepsy",
    "link": "https://www.axsome.com/conditions/narcolepsy",
    "timestamp": "unknown"
  },
  {
    "title": "Fibromyalgia",
    "link": "https://www.axsome.com/conditions/fibromyalgia",
    "timestamp": "unknown"
  },
  {
    "title": "Smoking\u00a0Cessation",
    "link": "https://www.axsome.com/conditions/smoking-cessation",
    "timestamp": "unknown"
  },
  {
    "title": "ScienceScienceAllAllOverviewMedical\u00a0Information\u00a0U.S.Medical\u00a0Information\u00a0InternationalPublications",
    "link": "https://www.axsome.com/science",
    "timestamp": "unknown"
  },
  {
    "title": "Overview",
    "link": "https://www.axsome.com/science",
    "timestamp": "unknown"
  },
  {
    "title": "Medical\u00a0Information\u00a0U.S.",
    "link": "https://www.axsome.com/science/medical-information",
    "timestamp": "unknown"
  },
  {
    "title": "Medical\u00a0Information\u00a0International",
    "link": "https://www.axsome.com/science/medical-information-international",
    "timestamp": "unknown"
  },
  {
    "title": "Publications",
    "link": "https://www.axsome.com/science/publications",
    "timestamp": "unknown"
  },
  {
    "title": "InvestorsInvestorsAllAllOverviewCorporate GovernanceStock InformationFinancial InformationNews & EventsWebcasts &PresentationsAnalyst CoverageSharehol",
    "link": "https://axsometherapeuticsinc.gcs-web.com/",
    "timestamp": "unknown"
  },
  {
    "title": "Overview",
    "link": "https://axsometherapeuticsinc.gcs-web.com/",
    "timestamp": "unknown"
  },
  {
    "title": "Corporate Governance",
    "link": "https://axsometherapeuticsinc.gcs-web.com/corporate-governance/documents-and-charters",
    "timestamp": "unknown"
  },
  {
    "title": "Stock Information",
    "link": "https://axsometherapeuticsinc.gcs-web.com/stock-information/stock-quote",
    "timestamp": "unknown"
  },
  {
    "title": "Financial Information",
    "link": "https://axsometherapeuticsinc.gcs-web.com/financial-information/sec-filings",
    "timestamp": "unknown"
  },
  {
    "title": "News & Events",
    "link": "https://axsometherapeuticsinc.gcs-web.com/news-and-events/news-releases",
    "timestamp": "unknown"
  },
  {
    "title": "Webcasts &Presentations",
    "link": "https://axsometherapeuticsinc.gcs-web.com/webcasts-and-presentations",
    "timestamp": "unknown"
  },
  {
    "title": "Analyst Coverage",
    "link": "https://axsometherapeuticsinc.gcs-web.com/analyst-coverage",
    "timestamp": "unknown"
  },
  {
    "title": "Shareholder Services",
    "link": "https://axsometherapeuticsinc.gcs-web.com/shareholder-services/investor-faqs",
    "timestamp": "unknown"
  },
  {
    "title": "CareersCareersAllAllCareersCurrent Opportunities",
    "link": "https://www.axsome.com/careers",
    "timestamp": "unknown"
  },
  {
    "title": "Careers",
    "link": "https://www.axsome.com/careers",
    "timestamp": "unknown"
  },
  {
    "title": "Current Opportunities",
    "link": "https://www.axsome.com/careers/current-opportunities",
    "timestamp": "unknown"
  },
  {
    "title": "Contact UsPrivacy NoticeTerms of UseAXSOME and its logos are trademarks or registered trademarks of Axsome Therapeutics,Inc. or its affiliates. Other ",
    "link": "https://www.axsome.com/",
    "timestamp": "unknown"
  },
  {
    "title": "Contact UsPrivacy NoticeTerms of Use",
    "link": "https://www.axsome.com/",
    "timestamp": "unknown"
  },
  {
    "title": "Contact Us",
    "link": "https://www.axsome.com/contact-us",
    "timestamp": "unknown"
  },
  {
    "title": "Privacy Notice",
    "link": "https://www.axsome.com/privacy-notice",
    "timestamp": "unknown"
  },
  {
    "title": "Terms of Use",
    "link": "https://www.axsome.com/terms-of-use",
    "timestamp": "unknown"
  },
  {
    "title": "\u00a9  Axsome Therapeutics, Inc. All rights reserved. One World Trade Center, New York, NY,info@axsome.com",
    "link": "mailto:info@axsome.com",
    "timestamp": "unknown"
  }
]