[
  {
    "title": "MenuEisai'shhcConceptInnovationBackInnovationResearch and Development (R&D)hhceco (thehhcConcept + ecosystem)Open InnovationCorporate Venture CapitalC",
    "link": "https://www.eisai.com/index.html",
    "timestamp": "unknown"
  },
  {
    "title": "MenuEisai'shhcConceptInnovationBackInnovationResearch and Development (R&D)hhceco (thehhcConcept + ecosystem)Open InnovationCorporate Venture CapitalC",
    "link": "https://www.eisai.com/hhc/index.html",
    "timestamp": "unknown"
  },
  {
    "title": "Eisai'shhcConceptInnovationBackInnovationResearch and Development (R&D)hhceco (thehhcConcept + ecosystem)Open InnovationCorporate Venture CapitalClose",
    "link": "https://www.eisai.com/hhc/index.html",
    "timestamp": "unknown"
  },
  {
    "title": "Eisai'shhcConcept",
    "link": "https://www.eisai.com/hhc/index.html",
    "timestamp": "unknown"
  },
  {
    "title": "InnovationBackInnovationResearch and Development (R&D)hhceco (thehhcConcept + ecosystem)Open InnovationCorporate Venture CapitalCloseBackResearch and ",
    "link": "https://www.eisai.com/innovation/index.html",
    "timestamp": "unknown"
  },
  {
    "title": "BackInnovationResearch and Development (R&D)hhceco (thehhcConcept + ecosystem)Open InnovationCorporate Venture CapitalCloseBackResearch and Developmen",
    "link": "https://www.eisai.com/news/index.html",
    "timestamp": "unknown"
  },
  {
    "title": "BackInnovationResearch and Development (R&D)hhceco (thehhcConcept + ecosystem)Open InnovationCorporate Venture CapitalCloseBackResearch and Developmen",
    "link": "https://www.eisai.com/news/index.html",
    "timestamp": "unknown"
  },
  {
    "title": "BackInnovationResearch and Development (R&D)hhceco (thehhcConcept + ecosystem)Open InnovationCorporate Venture Capital",
    "link": "https://www.eisai.com/news/index.html",
    "timestamp": "unknown"
  },
  {
    "title": "Innovation",
    "link": "https://www.eisai.com/innovation/index.html",
    "timestamp": "unknown"
  },
  {
    "title": "Research and Development (R&D)hhceco (thehhcConcept + ecosystem)Open InnovationCorporate Venture Capital",
    "link": "https://www.eisai.com/innovation/research/index.html",
    "timestamp": "unknown"
  },
  {
    "title": "Research and Development (R&D)",
    "link": "https://www.eisai.com/innovation/research/index.html",
    "timestamp": "unknown"
  },
  {
    "title": "hhceco (thehhcConcept + ecosystem)",
    "link": "https://www.eisai.com/innovation/ecosystem/index.html",
    "timestamp": "unknown"
  },
  {
    "title": "Open Innovation",
    "link": "https://www.eisai.com/innovation/open_innovation/index.html",
    "timestamp": "unknown"
  },
  {
    "title": "Corporate Venture Capital",
    "link": "https://www.eisai.com/innovation/cvc/index.html",
    "timestamp": "unknown"
  },
  {
    "title": "CloseBackResearch and Development (R&D)Research and Development (R&D)Eisai's Drug Discovery, Research and Development Sites WorldwideFlow of R&D (Drug",
    "link": "https://www.eisai.com/news/index.html",
    "timestamp": "unknown"
  },
  {
    "title": "Research and Development (R&D)",
    "link": "https://www.eisai.com/innovation/research/index.html",
    "timestamp": "unknown"
  },
  {
    "title": "Research and Development (R&D)",
    "link": "https://www.eisai.com/innovation/research/index.html",
    "timestamp": "unknown"
  },
  {
    "title": "Eisai's Drug Discovery, Research and Development Sites Worldwide",
    "link": "https://www.eisai.com/innovation/research/rd_sites/index.html",
    "timestamp": "unknown"
  },
  {
    "title": "Flow of R&D (Drug Creation Research)",
    "link": "https://www.eisai.com/innovation/research/research/index.html",
    "timestamp": "unknown"
  },
  {
    "title": "Latest Major R&D Pipeline",
    "link": "https://www.eisai.com/innovation/research/pipeline/index.html",
    "timestamp": "unknown"
  },
  {
    "title": "Key Therapeutic Areas",
    "link": "https://www.eisai.com/innovation/research/key_therapeutic_areas/index.html",
    "timestamp": "unknown"
  },
  {
    "title": "Clinical Trials",
    "link": "https://www.eisai.com/innovation/research/clinical_trials/index.html",
    "timestamp": "unknown"
  },
  {
    "title": "Use of Digital Technology",
    "link": "https://www.eisai.com/innovation/research/digital/index.html",
    "timestamp": "unknown"
  },
  {
    "title": "Policies and Guidelines",
    "link": "https://www.eisai.com/innovation/research/policies_guidelines/index.html",
    "timestamp": "unknown"
  },
  {
    "title": "News ReleaseWorldwideJapaneseContact UsSearch",
    "link": "https://www.eisai.com/news/index.html",
    "timestamp": "unknown"
  },
  {
    "title": "News ReleaseWorldwideJapaneseContact UsSearch",
    "link": "https://www.eisai.com/news/index.html",
    "timestamp": "unknown"
  },
  {
    "title": "News Release",
    "link": "https://www.eisai.com/news/index.html",
    "timestamp": "unknown"
  },
  {
    "title": "Worldwide",
    "link": "https://www.eisai.com/company/profile/group/index.html",
    "timestamp": "unknown"
  },
  {
    "title": "Japanese",
    "link": "https://www.eisai.co.jp/",
    "timestamp": "unknown"
  },
  {
    "title": "Contact Us",
    "link": "https://www.eisai.com/inquiry/index.html",
    "timestamp": "unknown"
  },
  {
    "title": "CloseBackhhceco (thehhcConcept + ecosystem)Collaboration with Other Industries and Local MunicipalitiesCollaborations with Partners on Blood Biomarker",
    "link": "https://www.eisai.com/news/index.html",
    "timestamp": "unknown"
  },
  {
    "title": "hhceco (thehhcConcept + ecosystem)",
    "link": "https://www.eisai.com/innovation/ecosystem/index.html",
    "timestamp": "unknown"
  },
  {
    "title": "Collaboration with Other Industries and Local Municipalities",
    "link": "https://www.eisai.com/innovation/ecosystem/collabo/index.html",
    "timestamp": "unknown"
  },
  {
    "title": "Collaborations with Partners on Blood Biomarkers",
    "link": "https://www.eisai.com/innovation/ecosystem/bbm/index.html",
    "timestamp": "unknown"
  },
  {
    "title": "News ReleaseWorldwideJapaneseContact UsSearch",
    "link": "https://www.eisai.com/news/index.html",
    "timestamp": "unknown"
  },
  {
    "title": "News ReleaseWorldwideJapaneseContact UsSearch",
    "link": "https://www.eisai.com/news/index.html",
    "timestamp": "unknown"
  },
  {
    "title": "News Release",
    "link": "https://www.eisai.com/news/index.html",
    "timestamp": "unknown"
  },
  {
    "title": "Worldwide",
    "link": "https://www.eisai.com/company/profile/group/index.html",
    "timestamp": "unknown"
  },
  {
    "title": "Japanese",
    "link": "https://www.eisai.co.jp/",
    "timestamp": "unknown"
  },
  {
    "title": "Contact Us",
    "link": "https://www.eisai.com/inquiry/index.html",
    "timestamp": "unknown"
  },
  {
    "title": "News ReleaseWorldwideJapaneseContact UsSearch",
    "link": "https://www.eisai.com/news/index.html",
    "timestamp": "unknown"
  },
  {
    "title": "News ReleaseWorldwideJapaneseContact UsSearch",
    "link": "https://www.eisai.com/news/index.html",
    "timestamp": "unknown"
  },
  {
    "title": "News Release",
    "link": "https://www.eisai.com/news/index.html",
    "timestamp": "unknown"
  },
  {
    "title": "Worldwide",
    "link": "https://www.eisai.com/company/profile/group/index.html",
    "timestamp": "unknown"
  },
  {
    "title": "Japanese",
    "link": "https://www.eisai.co.jp/",
    "timestamp": "unknown"
  },
  {
    "title": "Contact Us",
    "link": "https://www.eisai.com/inquiry/index.html",
    "timestamp": "unknown"
  },
  {
    "title": "InvestorsBackInvestorsManagement PolicyIR LibraryFinancial DataIR EventsStock & Bond InformationE-Mail AlertsCloseBackManagement PolicyMedium-term Bus",
    "link": "https://www.eisai.com/ir/index.html",
    "timestamp": "unknown"
  },
  {
    "title": "BackInvestorsManagement PolicyIR LibraryFinancial DataIR EventsStock & Bond InformationE-Mail AlertsCloseBackManagement PolicyMedium-term Business Pla",
    "link": "https://www.eisai.com/news/index.html",
    "timestamp": "unknown"
  },
  {
    "title": "BackInvestorsManagement PolicyIR LibraryFinancial DataIR EventsStock & Bond InformationE-Mail AlertsCloseBackManagement PolicyMedium-term Business Pla",
    "link": "https://www.eisai.com/news/index.html",
    "timestamp": "unknown"
  },
  {
    "title": "BackInvestorsManagement PolicyIR LibraryFinancial DataIR EventsStock & Bond InformationE-Mail Alerts",
    "link": "https://www.eisai.com/news/index.html",
    "timestamp": "unknown"
  },
  {
    "title": "Investors",
    "link": "https://www.eisai.com/ir/index.html",
    "timestamp": "unknown"
  },
  {
    "title": "Management PolicyIR LibraryFinancial DataIR EventsStock & Bond InformationE-Mail Alerts",
    "link": "https://www.eisai.com/ir/management/index.html",
    "timestamp": "unknown"
  },
  {
    "title": "Management Policy",
    "link": "https://www.eisai.com/ir/management/index.html",
    "timestamp": "unknown"
  },
  {
    "title": "IR Library",
    "link": "https://www.eisai.com/ir/library/index.html",
    "timestamp": "unknown"
  },
  {
    "title": "Financial Data",
    "link": "https://www.eisai.com/ir/financial_data/index.html",
    "timestamp": "unknown"
  },
  {
    "title": "IR Events",
    "link": "https://www.eisai.com/ir/calendar/index.html",
    "timestamp": "unknown"
  },
  {
    "title": "Stock & Bond Information",
    "link": "https://www.eisai.com/ir/stock/index.html",
    "timestamp": "unknown"
  },
  {
    "title": "E-Mail Alerts",
    "link": "https://reg18.smp.ne.jp/regist/is?SMPFORM=ofr-pjmcp-3eeb4b68adb3d924b271cc153eab1837",
    "timestamp": "unknown"
  },
  {
    "title": "CloseBackManagement PolicyMedium-term Business Plan and Its ProgressBasic Policy for Capital StrategyBasic Policies Regarding Persons to Control the D",
    "link": "https://www.eisai.com/news/index.html",
    "timestamp": "unknown"
  },
  {
    "title": "Management Policy",
    "link": "https://www.eisai.com/ir/management/index.html",
    "timestamp": "unknown"
  },
  {
    "title": "Medium-term Business Plan and Its Progress",
    "link": "https://www.eisai.com/ir/management/strategy/index.html",
    "timestamp": "unknown"
  },
  {
    "title": "Basic Policy for Capital Strategy",
    "link": "https://www.eisai.com/ir/management/capitalpolicy/index.html",
    "timestamp": "unknown"
  },
  {
    "title": "Basic Policies Regarding Persons to Control the Determination of Financial and Business Policies of the Company",
    "link": "https://www.eisai.com/ir/management/basicpolicy.html",
    "timestamp": "unknown"
  },
  {
    "title": "Eisai Group Disclosure Policy",
    "link": "https://www.eisai.com/ir/management/disclosurepolicy/index.html",
    "timestamp": "unknown"
  },
  {
    "title": "News ReleaseWorldwideJapaneseContact UsSearch",
    "link": "https://www.eisai.com/news/index.html",
    "timestamp": "unknown"
  },
  {
    "title": "News ReleaseWorldwideJapaneseContact UsSearch",
    "link": "https://www.eisai.com/news/index.html",
    "timestamp": "unknown"
  },
  {
    "title": "News Release",
    "link": "https://www.eisai.com/news/index.html",
    "timestamp": "unknown"
  },
  {
    "title": "Worldwide",
    "link": "https://www.eisai.com/company/profile/group/index.html",
    "timestamp": "unknown"
  },
  {
    "title": "Japanese",
    "link": "https://www.eisai.co.jp/",
    "timestamp": "unknown"
  },
  {
    "title": "Contact Us",
    "link": "https://www.eisai.com/inquiry/index.html",
    "timestamp": "unknown"
  },
  {
    "title": "CloseBackIR LibraryFinancial ReportsAnnual Securities ReportsValue Creation Report / Human Capital ReportPresentationsNews ReleaseWorldwideJapaneseCon",
    "link": "https://www.eisai.com/news/index.html",
    "timestamp": "unknown"
  },
  {
    "title": "IR Library",
    "link": "https://www.eisai.com/ir/library/index.html",
    "timestamp": "unknown"
  },
  {
    "title": "Financial Reports",
    "link": "https://www.eisai.com/ir/library/settlement/index.html",
    "timestamp": "unknown"
  },
  {
    "title": "Annual Securities Reports",
    "link": "https://www.eisai.com/ir/library/securities/index.html",
    "timestamp": "unknown"
  },
  {
    "title": "Value Creation Report / Human Capital Report",
    "link": "https://www.eisai.com/ir/library/annual/index.html",
    "timestamp": "unknown"
  },
  {
    "title": "Presentations",
    "link": "https://www.eisai.com/ir/library/presentations/index.html",
    "timestamp": "unknown"
  },
  {
    "title": "News ReleaseWorldwideJapaneseContact UsSearch",
    "link": "https://www.eisai.com/news/index.html",
    "timestamp": "unknown"
  },
  {
    "title": "News ReleaseWorldwideJapaneseContact UsSearch",
    "link": "https://www.eisai.com/news/index.html",
    "timestamp": "unknown"
  },
  {
    "title": "News Release",
    "link": "https://www.eisai.com/news/index.html",
    "timestamp": "unknown"
  },
  {
    "title": "Worldwide",
    "link": "https://www.eisai.com/company/profile/group/index.html",
    "timestamp": "unknown"
  },
  {
    "title": "Japanese",
    "link": "https://www.eisai.co.jp/",
    "timestamp": "unknown"
  },
  {
    "title": "Contact Us",
    "link": "https://www.eisai.com/inquiry/index.html",
    "timestamp": "unknown"
  },
  {
    "title": "CloseBackFinancial DataFinancial HighlightsBusiness ForecastFact SheetNews ReleaseWorldwideJapaneseContact UsSearchClose",
    "link": "https://www.eisai.com/news/index.html",
    "timestamp": "unknown"
  },
  {
    "title": "Financial Data",
    "link": "https://www.eisai.com/ir/financial_data/index.html",
    "timestamp": "unknown"
  },
  {
    "title": "Financial Highlights",
    "link": "https://www.eisai.com/ir/financial_data/financial_highlight/index.html",
    "timestamp": "unknown"
  },
  {
    "title": "Business Forecast",
    "link": "https://www.eisai.com/ir/financial_data/forecast/index.html",
    "timestamp": "unknown"
  },
  {
    "title": "Fact Sheet",
    "link": "https://www.eisai.com/ir/financial_data/factsheet/index.html",
    "timestamp": "unknown"
  },
  {
    "title": "News ReleaseWorldwideJapaneseContact UsSearch",
    "link": "https://www.eisai.com/news/index.html",
    "timestamp": "unknown"
  },
  {
    "title": "News ReleaseWorldwideJapaneseContact UsSearch",
    "link": "https://www.eisai.com/news/index.html",
    "timestamp": "unknown"
  },
  {
    "title": "News Release",
    "link": "https://www.eisai.com/news/index.html",
    "timestamp": "unknown"
  },
  {
    "title": "Worldwide",
    "link": "https://www.eisai.com/company/profile/group/index.html",
    "timestamp": "unknown"
  },
  {
    "title": "Japanese",
    "link": "https://www.eisai.co.jp/",
    "timestamp": "unknown"
  },
  {
    "title": "Contact Us",
    "link": "https://www.eisai.com/inquiry/index.html",
    "timestamp": "unknown"
  },
  {
    "title": "CloseBackStock & Bond InformationStock InformationBonds and RatingsAnalyst CoverageGeneral Meeting of ShareholdersShareholder ReportsNews ReleaseWorld",
    "link": "https://www.eisai.com/news/index.html",
    "timestamp": "unknown"
  },
  {
    "title": "Stock & Bond Information",
    "link": "https://www.eisai.com/ir/stock/index.html",
    "timestamp": "unknown"
  },
  {
    "title": "Stock Information",
    "link": "https://www.eisai.com/ir/stock/stock/index.html",
    "timestamp": "unknown"
  },
  {
    "title": "Bonds and Ratings",
    "link": "https://www.eisai.com/ir/stock/bonds/index.html",
    "timestamp": "unknown"
  },
  {
    "title": "Analyst Coverage",
    "link": "https://www.eisai.com/ir/stock/analyst/index.html",
    "timestamp": "unknown"
  },
  {
    "title": "General Meeting of Shareholders",
    "link": "https://www.eisai.com/ir/stock/meeting/index.html",
    "timestamp": "unknown"
  },
  {
    "title": "Shareholder Reports",
    "link": "https://www.eisai.com/ir/stock/report/index.html",
    "timestamp": "unknown"
  },
  {
    "title": "News ReleaseWorldwideJapaneseContact UsSearch",
    "link": "https://www.eisai.com/news/index.html",
    "timestamp": "unknown"
  },
  {
    "title": "News ReleaseWorldwideJapaneseContact UsSearch",
    "link": "https://www.eisai.com/news/index.html",
    "timestamp": "unknown"
  },
  {
    "title": "News Release",
    "link": "https://www.eisai.com/news/index.html",
    "timestamp": "unknown"
  },
  {
    "title": "Worldwide",
    "link": "https://www.eisai.com/company/profile/group/index.html",
    "timestamp": "unknown"
  },
  {
    "title": "Japanese",
    "link": "https://www.eisai.co.jp/",
    "timestamp": "unknown"
  },
  {
    "title": "Contact Us",
    "link": "https://www.eisai.com/inquiry/index.html",
    "timestamp": "unknown"
  },
  {
    "title": "News ReleaseWorldwideJapaneseContact UsSearch",
    "link": "https://www.eisai.com/news/index.html",
    "timestamp": "unknown"
  },
  {
    "title": "News ReleaseWorldwideJapaneseContact UsSearch",
    "link": "https://www.eisai.com/news/index.html",
    "timestamp": "unknown"
  },
  {
    "title": "News Release",
    "link": "https://www.eisai.com/news/index.html",
    "timestamp": "unknown"
  },
  {
    "title": "Worldwide",
    "link": "https://www.eisai.com/company/profile/group/index.html",
    "timestamp": "unknown"
  },
  {
    "title": "Japanese",
    "link": "https://www.eisai.co.jp/",
    "timestamp": "unknown"
  },
  {
    "title": "Contact Us",
    "link": "https://www.eisai.com/inquiry/index.html",
    "timestamp": "unknown"
  },
  {
    "title": "SustainabilityBackSustainabilityMessage from Top ManagementEisai's SustainabilitySustainability ManagementInitiatives for Improving Access to Medicine",
    "link": "https://www.eisai.com/sustainability/index.html",
    "timestamp": "unknown"
  },
  {
    "title": "BackSustainabilityMessage from Top ManagementEisai's SustainabilitySustainability ManagementInitiatives for Improving Access to MedicinesEnvironmentSo",
    "link": "https://www.eisai.com/news/index.html",
    "timestamp": "unknown"
  },
  {
    "title": "BackSustainabilityMessage from Top ManagementEisai's SustainabilitySustainability ManagementInitiatives for Improving Access to MedicinesEnvironmentSo",
    "link": "https://www.eisai.com/news/index.html",
    "timestamp": "unknown"
  },
  {
    "title": "BackSustainabilityMessage from Top ManagementEisai's SustainabilitySustainability ManagementInitiatives for Improving Access to MedicinesEnvironmentSo",
    "link": "https://www.eisai.com/news/index.html",
    "timestamp": "unknown"
  },
  {
    "title": "Sustainability",
    "link": "https://www.eisai.com/sustainability/index.html",
    "timestamp": "unknown"
  },
  {
    "title": "Message from Top ManagementEisai's SustainabilitySustainability ManagementInitiatives for Improving Access to MedicinesEnvironmentSocietySocial Impact",
    "link": "https://www.eisai.com/sustainability/message/index.html",
    "timestamp": "unknown"
  },
  {
    "title": "Message from Top Management",
    "link": "https://www.eisai.com/sustainability/message/index.html",
    "timestamp": "unknown"
  },
  {
    "title": "Eisai's Sustainability",
    "link": "https://www.eisai.com/sustainability/attitude/index.html",
    "timestamp": "unknown"
  },
  {
    "title": "Sustainability Management",
    "link": "https://www.eisai.com/sustainability/management/index.html",
    "timestamp": "unknown"
  },
  {
    "title": "Initiatives for Improving Access to Medicines",
    "link": "https://www.eisai.com/sustainability/atm/index.html",
    "timestamp": "unknown"
  },
  {
    "title": "Environment",
    "link": "https://www.eisai.com/sustainability/environment/index.html",
    "timestamp": "unknown"
  },
  {
    "title": "Society",
    "link": "https://www.eisai.com/sustainability/society/index.html",
    "timestamp": "unknown"
  },
  {
    "title": "Social Impact Creation Model",
    "link": "https://www.eisai.com/sustainability/impact/index.html",
    "timestamp": "unknown"
  },
  {
    "title": "Governance",
    "link": "https://www.eisai.com/sustainability/governance/index.html",
    "timestamp": "unknown"
  },
  {
    "title": "ESG Data & Report",
    "link": "https://www.eisai.com/sustainability/esg_data/index.html",
    "timestamp": "unknown"
  },
  {
    "title": "Third-Party Assessment",
    "link": "https://www.eisai.com/sustainability/evaluation/index.html",
    "timestamp": "unknown"
  },
  {
    "title": "CloseBackSustainability ManagementSystem for Promoting SustainabilityEisai\u2019s Materiality (Material Topics)Sustainability Advisory BoardInitiatives for",
    "link": "https://www.eisai.com/news/index.html",
    "timestamp": "unknown"
  },
  {
    "title": "Sustainability Management",
    "link": "https://www.eisai.com/sustainability/management/index.html",
    "timestamp": "unknown"
  },
  {
    "title": "System for Promoting Sustainability",
    "link": "https://www.eisai.com/sustainability/management/promoting_sustainability/index.html",
    "timestamp": "unknown"
  },
  {
    "title": "Eisai\u2019s Materiality (Material Topics)",
    "link": "https://www.eisai.com/sustainability/management/materiality/index.html",
    "timestamp": "unknown"
  },
  {
    "title": "Sustainability Advisory Board",
    "link": "https://www.eisai.com/sustainability/management/sustainabilityadvisory/index.html",
    "timestamp": "unknown"
  },
  {
    "title": "Initiatives for Sustainable Development Goals",
    "link": "https://www.eisai.com/sustainability/management/sdgs/index.html",
    "timestamp": "unknown"
  },
  {
    "title": "Member Organizations and Initiatives That Engage in Sustainability-Related Activities",
    "link": "https://www.eisai.com/sustainability/management/organizations_initiatives/index.html",
    "timestamp": "unknown"
  },
  {
    "title": "News ReleaseWorldwideJapaneseContact UsSearch",
    "link": "https://www.eisai.com/news/index.html",
    "timestamp": "unknown"
  },
  {
    "title": "News ReleaseWorldwideJapaneseContact UsSearch",
    "link": "https://www.eisai.com/news/index.html",
    "timestamp": "unknown"
  },
  {
    "title": "News Release",
    "link": "https://www.eisai.com/news/index.html",
    "timestamp": "unknown"
  },
  {
    "title": "Worldwide",
    "link": "https://www.eisai.com/company/profile/group/index.html",
    "timestamp": "unknown"
  },
  {
    "title": "Japanese",
    "link": "https://www.eisai.co.jp/",
    "timestamp": "unknown"
  },
  {
    "title": "Contact Us",
    "link": "https://www.eisai.com/inquiry/index.html",
    "timestamp": "unknown"
  },
  {
    "title": "CloseBackInitiatives for Improving Access to MedicinesOur Concept for Access to MedicinesInitiatives for Elimination of Neglected Tropical DiseasesIni",
    "link": "https://www.eisai.com/news/index.html",
    "timestamp": "unknown"
  },
  {
    "title": "Initiatives for Improving Access to Medicines",
    "link": "https://www.eisai.com/sustainability/atm/index.html",
    "timestamp": "unknown"
  },
  {
    "title": "Our Concept for Access to Medicines",
    "link": "https://www.eisai.com/sustainability/atm/basis/index.html",
    "timestamp": "unknown"
  },
  {
    "title": "Initiatives for Elimination of Neglected Tropical Diseases",
    "link": "https://www.eisai.com/sustainability/atm/ntds/index.html",
    "timestamp": "unknown"
  },
  {
    "title": "Initiatives for Improving Access to Medicines for Non-communicable Diseases",
    "link": "https://www.eisai.com/sustainability/atm/improvingatm/index.html",
    "timestamp": "unknown"
  },
  {
    "title": "Research & Development for Improving Access to Medicines",
    "link": "https://www.eisai.com/sustainability/atm/innovation/index.html",
    "timestamp": "unknown"
  },
  {
    "title": "News ReleaseWorldwideJapaneseContact UsSearch",
    "link": "https://www.eisai.com/news/index.html",
    "timestamp": "unknown"
  },
  {
    "title": "News ReleaseWorldwideJapaneseContact UsSearch",
    "link": "https://www.eisai.com/news/index.html",
    "timestamp": "unknown"
  },
  {
    "title": "News Release",
    "link": "https://www.eisai.com/news/index.html",
    "timestamp": "unknown"
  },
  {
    "title": "Worldwide",
    "link": "https://www.eisai.com/company/profile/group/index.html",
    "timestamp": "unknown"
  },
  {
    "title": "Japanese",
    "link": "https://www.eisai.co.jp/",
    "timestamp": "unknown"
  },
  {
    "title": "Contact Us",
    "link": "https://www.eisai.com/inquiry/index.html",
    "timestamp": "unknown"
  },
  {
    "title": "CloseBackEnvironmentEnvironmental ManagementClimate CountermeasurePrevention of Environmental PollutionSustainable water useBiodiversity ConservationR",
    "link": "https://www.eisai.com/news/index.html",
    "timestamp": "unknown"
  },
  {
    "title": "Environment",
    "link": "https://www.eisai.com/sustainability/environment/index.html",
    "timestamp": "unknown"
  },
  {
    "title": "Environmental Management",
    "link": "https://www.eisai.com/sustainability/environment/management/index.html",
    "timestamp": "unknown"
  },
  {
    "title": "Climate Countermeasure",
    "link": "https://www.eisai.com/sustainability/environment/climate-countermeasure/index.html",
    "timestamp": "unknown"
  },
  {
    "title": "Prevention of Environmental Pollution",
    "link": "https://www.eisai.com/sustainability/environment/pollution_prevention/index.html",
    "timestamp": "unknown"
  },
  {
    "title": "Sustainable water use",
    "link": "https://www.eisai.com/sustainability/environment/water_use/index.html",
    "timestamp": "unknown"
  },
  {
    "title": "Biodiversity Conservation",
    "link": "https://www.eisai.com/sustainability/environment/biodiversity_conservation/index.html",
    "timestamp": "unknown"
  },
  {
    "title": "Recycling of resources",
    "link": "https://www.eisai.com/sustainability/environment/resource_circulation/index.html",
    "timestamp": "unknown"
  },
  {
    "title": "Data",
    "link": "https://www.eisai.com/sustainability/environment/data/index.html",
    "timestamp": "unknown"
  },
  {
    "title": "News ReleaseWorldwideJapaneseContact UsSearch",
    "link": "https://www.eisai.com/news/index.html",
    "timestamp": "unknown"
  },
  {
    "title": "News ReleaseWorldwideJapaneseContact UsSearch",
    "link": "https://www.eisai.com/news/index.html",
    "timestamp": "unknown"
  },
  {
    "title": "News Release",
    "link": "https://www.eisai.com/news/index.html",
    "timestamp": "unknown"
  },
  {
    "title": "Worldwide",
    "link": "https://www.eisai.com/company/profile/group/index.html",
    "timestamp": "unknown"
  },
  {
    "title": "Japanese",
    "link": "https://www.eisai.co.jp/",
    "timestamp": "unknown"
  },
  {
    "title": "Contact Us",
    "link": "https://www.eisai.com/inquiry/index.html",
    "timestamp": "unknown"
  },
  {
    "title": "CloseBackSocietyRespect for Human RightsRelationship with CustomersRelationship with Our EmployeesRelationship with Business PartnersRelationship with",
    "link": "https://www.eisai.com/news/index.html",
    "timestamp": "unknown"
  },
  {
    "title": "Society",
    "link": "https://www.eisai.com/sustainability/society/index.html",
    "timestamp": "unknown"
  },
  {
    "title": "Respect for Human Rights",
    "link": "https://www.eisai.com/sustainability/society/human_rights/index.html",
    "timestamp": "unknown"
  },
  {
    "title": "Relationship with Customers",
    "link": "https://www.eisai.com/sustainability/society/customer/index.html",
    "timestamp": "unknown"
  },
  {
    "title": "Relationship with Our Employees",
    "link": "https://www.eisai.com/sustainability/society/employee/index.html",
    "timestamp": "unknown"
  },
  {
    "title": "Relationship with Business Partners",
    "link": "https://www.eisai.com/sustainability/society/partner/index.html",
    "timestamp": "unknown"
  },
  {
    "title": "Relationship with Industry Associations and Patient Groups (Advocacy)",
    "link": "https://www.eisai.com/sustainability/society/advocacy/index.html",
    "timestamp": "unknown"
  },
  {
    "title": "Relationship with People throughout Society",
    "link": "https://www.eisai.com/sustainability/society/social/index.html",
    "timestamp": "unknown"
  },
  {
    "title": "News ReleaseWorldwideJapaneseContact UsSearch",
    "link": "https://www.eisai.com/news/index.html",
    "timestamp": "unknown"
  },
  {
    "title": "News ReleaseWorldwideJapaneseContact UsSearch",
    "link": "https://www.eisai.com/news/index.html",
    "timestamp": "unknown"
  },
  {
    "title": "News Release",
    "link": "https://www.eisai.com/news/index.html",
    "timestamp": "unknown"
  },
  {
    "title": "Worldwide",
    "link": "https://www.eisai.com/company/profile/group/index.html",
    "timestamp": "unknown"
  },
  {
    "title": "Japanese",
    "link": "https://www.eisai.co.jp/",
    "timestamp": "unknown"
  },
  {
    "title": "Contact Us",
    "link": "https://www.eisai.com/inquiry/index.html",
    "timestamp": "unknown"
  },
  {
    "title": "CloseBackGovernanceCorporate GovernanceCompliance and Risk ManagementGlobal Tax PolicyInformation SecurityNews ReleaseWorldwideJapaneseContact UsSearc",
    "link": "https://www.eisai.com/news/index.html",
    "timestamp": "unknown"
  },
  {
    "title": "Governance",
    "link": "https://www.eisai.com/sustainability/governance/index.html",
    "timestamp": "unknown"
  },
  {
    "title": "Corporate Governance",
    "link": "https://www.eisai.com/company/governance/index.html",
    "timestamp": "unknown"
  },
  {
    "title": "Compliance and Risk Management",
    "link": "https://www.eisai.com/sustainability/governance/compliance/index.html",
    "timestamp": "unknown"
  },
  {
    "title": "Global Tax Policy",
    "link": "https://www.eisai.com/sustainability/governance/globaltax/index.html",
    "timestamp": "unknown"
  },
  {
    "title": "Information Security",
    "link": "https://www.eisai.com/sustainability/governance/information_security.html",
    "timestamp": "unknown"
  },
  {
    "title": "News ReleaseWorldwideJapaneseContact UsSearch",
    "link": "https://www.eisai.com/news/index.html",
    "timestamp": "unknown"
  },
  {
    "title": "News ReleaseWorldwideJapaneseContact UsSearch",
    "link": "https://www.eisai.com/news/index.html",
    "timestamp": "unknown"
  },
  {
    "title": "News Release",
    "link": "https://www.eisai.com/news/index.html",
    "timestamp": "unknown"
  },
  {
    "title": "Worldwide",
    "link": "https://www.eisai.com/company/profile/group/index.html",
    "timestamp": "unknown"
  },
  {
    "title": "Japanese",
    "link": "https://www.eisai.co.jp/",
    "timestamp": "unknown"
  },
  {
    "title": "Contact Us",
    "link": "https://www.eisai.com/inquiry/index.html",
    "timestamp": "unknown"
  },
  {
    "title": "CloseBackESG Data & ReportTargets and ResultsESG Data and Independent AssuranceGRI Content IndexValue Creation Report / Human Capital ReportNews Relea",
    "link": "https://www.eisai.com/news/index.html",
    "timestamp": "unknown"
  },
  {
    "title": "ESG Data & Report",
    "link": "https://www.eisai.com/sustainability/esg_data/index.html",
    "timestamp": "unknown"
  },
  {
    "title": "Targets and Results",
    "link": "https://www.eisai.com/sustainability/esg_data/target/index.html",
    "timestamp": "unknown"
  },
  {
    "title": "ESG Data and Independent Assurance",
    "link": "https://www.eisai.com/sustainability/esg_data/data/index.html",
    "timestamp": "unknown"
  },
  {
    "title": "GRI Content Index",
    "link": "https://www.eisai.com/sustainability/esg_data/gri/index.html",
    "timestamp": "unknown"
  },
  {
    "title": "Value Creation Report / Human Capital Report",
    "link": "https://www.eisai.com/ir/library/annual/index.html",
    "timestamp": "unknown"
  },
  {
    "title": "News ReleaseWorldwideJapaneseContact UsSearch",
    "link": "https://www.eisai.com/news/index.html",
    "timestamp": "unknown"
  },
  {
    "title": "News ReleaseWorldwideJapaneseContact UsSearch",
    "link": "https://www.eisai.com/news/index.html",
    "timestamp": "unknown"
  },
  {
    "title": "News Release",
    "link": "https://www.eisai.com/news/index.html",
    "timestamp": "unknown"
  },
  {
    "title": "Worldwide",
    "link": "https://www.eisai.com/company/profile/group/index.html",
    "timestamp": "unknown"
  },
  {
    "title": "Japanese",
    "link": "https://www.eisai.co.jp/",
    "timestamp": "unknown"
  },
  {
    "title": "Contact Us",
    "link": "https://www.eisai.com/inquiry/index.html",
    "timestamp": "unknown"
  },
  {
    "title": "News ReleaseWorldwideJapaneseContact UsSearch",
    "link": "https://www.eisai.com/news/index.html",
    "timestamp": "unknown"
  },
  {
    "title": "News ReleaseWorldwideJapaneseContact UsSearch",
    "link": "https://www.eisai.com/news/index.html",
    "timestamp": "unknown"
  },
  {
    "title": "News Release",
    "link": "https://www.eisai.com/news/index.html",
    "timestamp": "unknown"
  },
  {
    "title": "Worldwide",
    "link": "https://www.eisai.com/company/profile/group/index.html",
    "timestamp": "unknown"
  },
  {
    "title": "Japanese",
    "link": "https://www.eisai.co.jp/",
    "timestamp": "unknown"
  },
  {
    "title": "Contact Us",
    "link": "https://www.eisai.com/inquiry/index.html",
    "timestamp": "unknown"
  },
  {
    "title": "About EisaiBackAbout EisaiMessage from Top ManagementCorporate ConceptCorporate InformationCorporate GovernanceBusiness ActivitiesVideo LibraryEisai a",
    "link": "https://www.eisai.com/company/index.html",
    "timestamp": "unknown"
  },
  {
    "title": "BackAbout EisaiMessage from Top ManagementCorporate ConceptCorporate InformationCorporate GovernanceBusiness ActivitiesVideo LibraryEisai at a GlanceC",
    "link": "https://www.eisai.com/news/index.html",
    "timestamp": "unknown"
  },
  {
    "title": "BackAbout EisaiMessage from Top ManagementCorporate ConceptCorporate InformationCorporate GovernanceBusiness ActivitiesVideo LibraryEisai at a GlanceC",
    "link": "https://www.eisai.com/news/index.html",
    "timestamp": "unknown"
  },
  {
    "title": "BackAbout EisaiMessage from Top ManagementCorporate ConceptCorporate InformationCorporate GovernanceBusiness ActivitiesVideo LibraryEisai at a Glance",
    "link": "https://www.eisai.com/news/index.html",
    "timestamp": "unknown"
  },
  {
    "title": "About Eisai",
    "link": "https://www.eisai.com/company/index.html",
    "timestamp": "unknown"
  },
  {
    "title": "Message from Top ManagementCorporate ConceptCorporate InformationCorporate GovernanceBusiness ActivitiesVideo LibraryEisai at a Glance",
    "link": "https://www.eisai.com/company/message/index.html",
    "timestamp": "unknown"
  },
  {
    "title": "Message from Top Management",
    "link": "https://www.eisai.com/company/message/index.html",
    "timestamp": "unknown"
  },
  {
    "title": "Corporate Concept",
    "link": "https://www.eisai.com/company/philosophy/index.html",
    "timestamp": "unknown"
  },
  {
    "title": "Corporate Information",
    "link": "https://www.eisai.com/company/profile/index.html",
    "timestamp": "unknown"
  },
  {
    "title": "Corporate Governance",
    "link": "https://www.eisai.com/company/governance/index.html",
    "timestamp": "unknown"
  },
  {
    "title": "Business Activities",
    "link": "https://www.eisai.com/company/business/index.html",
    "timestamp": "unknown"
  },
  {
    "title": "Video Library",
    "link": "https://www.eisai.com/company/video/index.html",
    "timestamp": "unknown"
  },
  {
    "title": "Eisai at a Glance",
    "link": "https://www.eisai.com/company/glance/index.html",
    "timestamp": "unknown"
  },
  {
    "title": "CloseBackCorporate InformationCorporate ExecutivesJapan Business SitesEisai Group WorldwideEisai: The First  YearsNews ReleaseWorldwideJapaneseContact",
    "link": "https://www.eisai.com/news/index.html",
    "timestamp": "unknown"
  },
  {
    "title": "Corporate Information",
    "link": "https://www.eisai.com/company/profile/index.html",
    "timestamp": "unknown"
  },
  {
    "title": "Corporate Executives",
    "link": "https://www.eisai.com/company/profile/officer/index.html",
    "timestamp": "unknown"
  },
  {
    "title": "Japan Business Sites",
    "link": "https://www.eisai.com/company/profile/office/index.html",
    "timestamp": "unknown"
  },
  {
    "title": "Eisai Group Worldwide",
    "link": "https://www.eisai.com/company/profile/group/index.html",
    "timestamp": "unknown"
  },
  {
    "title": "Eisai: The First  Years",
    "link": "https://www.eisai.com/company/profile/history/index.html",
    "timestamp": "unknown"
  },
  {
    "title": "News ReleaseWorldwideJapaneseContact UsSearch",
    "link": "https://www.eisai.com/news/index.html",
    "timestamp": "unknown"
  },
  {
    "title": "News ReleaseWorldwideJapaneseContact UsSearch",
    "link": "https://www.eisai.com/news/index.html",
    "timestamp": "unknown"
  },
  {
    "title": "News Release",
    "link": "https://www.eisai.com/news/index.html",
    "timestamp": "unknown"
  },
  {
    "title": "Worldwide",
    "link": "https://www.eisai.com/company/profile/group/index.html",
    "timestamp": "unknown"
  },
  {
    "title": "Japanese",
    "link": "https://www.eisai.co.jp/",
    "timestamp": "unknown"
  },
  {
    "title": "Contact Us",
    "link": "https://www.eisai.com/inquiry/index.html",
    "timestamp": "unknown"
  },
  {
    "title": "CloseBackCorporate GovernanceBasic Approach to Corporate GovernanceCorporate Governance System and FeaturesHistory of Enhancing the Company's Corporat",
    "link": "https://www.eisai.com/news/index.html",
    "timestamp": "unknown"
  },
  {
    "title": "Corporate Governance",
    "link": "https://www.eisai.com/company/governance/index.html",
    "timestamp": "unknown"
  },
  {
    "title": "Basic Approach to Corporate Governance",
    "link": "https://www.eisai.com/company/governance/policy/index.html",
    "timestamp": "unknown"
  },
  {
    "title": "Corporate Governance System and Features",
    "link": "https://www.eisai.com/company/governance/cgsystem/index.html",
    "timestamp": "unknown"
  },
  {
    "title": "History of Enhancing the Company's Corporate Governance",
    "link": "https://www.eisai.com/company/governance/cghistory/index.html",
    "timestamp": "unknown"
  },
  {
    "title": "Board of Directors, Committees and Support Structure",
    "link": "https://www.eisai.com/company/governance/cgsystem_2/index.html",
    "timestamp": "unknown"
  },
  {
    "title": "Corporate Governance Initiatives",
    "link": "https://www.eisai.com/company/governance/initiative/index.html",
    "timestamp": "unknown"
  },
  {
    "title": "Related Rules",
    "link": "https://www.eisai.com/company/governance/cgregulations/index.html",
    "timestamp": "unknown"
  },
  {
    "title": "Compensation for Corporate Executives",
    "link": "https://www.eisai.com/company/governance/compensation/index.html",
    "timestamp": "unknown"
  },
  {
    "title": "Internal Audit",
    "link": "https://www.eisai.com/company/governance/audit/index.html",
    "timestamp": "unknown"
  },
  {
    "title": "News ReleaseWorldwideJapaneseContact UsSearch",
    "link": "https://www.eisai.com/news/index.html",
    "timestamp": "unknown"
  },
  {
    "title": "News ReleaseWorldwideJapaneseContact UsSearch",
    "link": "https://www.eisai.com/news/index.html",
    "timestamp": "unknown"
  },
  {
    "title": "News Release",
    "link": "https://www.eisai.com/news/index.html",
    "timestamp": "unknown"
  },
  {
    "title": "Worldwide",
    "link": "https://www.eisai.com/company/profile/group/index.html",
    "timestamp": "unknown"
  },
  {
    "title": "Japanese",
    "link": "https://www.eisai.co.jp/",
    "timestamp": "unknown"
  },
  {
    "title": "Contact Us",
    "link": "https://www.eisai.com/inquiry/index.html",
    "timestamp": "unknown"
  },
  {
    "title": "CloseBackBusiness ActivitiesProductsProduction and Logistics (Demand Chain Systems)News ReleaseWorldwideJapaneseContact UsSearchClose",
    "link": "https://www.eisai.com/news/index.html",
    "timestamp": "unknown"
  },
  {
    "title": "Business Activities",
    "link": "https://www.eisai.com/company/business/index.html",
    "timestamp": "unknown"
  },
  {
    "title": "Products",
    "link": "https://www.eisai.com/company/business/products/index.html",
    "timestamp": "unknown"
  },
  {
    "title": "Production and Logistics (Demand Chain Systems)",
    "link": "https://www.eisai.com/company/business/production/index.html",
    "timestamp": "unknown"
  },
  {
    "title": "News ReleaseWorldwideJapaneseContact UsSearch",
    "link": "https://www.eisai.com/news/index.html",
    "timestamp": "unknown"
  },
  {
    "title": "News ReleaseWorldwideJapaneseContact UsSearch",
    "link": "https://www.eisai.com/news/index.html",
    "timestamp": "unknown"
  },
  {
    "title": "News Release",
    "link": "https://www.eisai.com/news/index.html",
    "timestamp": "unknown"
  },
  {
    "title": "Worldwide",
    "link": "https://www.eisai.com/company/profile/group/index.html",
    "timestamp": "unknown"
  },
  {
    "title": "Japanese",
    "link": "https://www.eisai.co.jp/",
    "timestamp": "unknown"
  },
  {
    "title": "Contact Us",
    "link": "https://www.eisai.com/inquiry/index.html",
    "timestamp": "unknown"
  },
  {
    "title": "News ReleaseWorldwideJapaneseContact UsSearch",
    "link": "https://www.eisai.com/news/index.html",
    "timestamp": "unknown"
  },
  {
    "title": "News ReleaseWorldwideJapaneseContact UsSearch",
    "link": "https://www.eisai.com/news/index.html",
    "timestamp": "unknown"
  },
  {
    "title": "News Release",
    "link": "https://www.eisai.com/news/index.html",
    "timestamp": "unknown"
  },
  {
    "title": "Worldwide",
    "link": "https://www.eisai.com/company/profile/group/index.html",
    "timestamp": "unknown"
  },
  {
    "title": "Japanese",
    "link": "https://www.eisai.co.jp/",
    "timestamp": "unknown"
  },
  {
    "title": "Contact Us",
    "link": "https://www.eisai.com/inquiry/index.html",
    "timestamp": "unknown"
  },
  {
    "title": "News ReleaseWorldwideJapaneseContact UsSearch",
    "link": "https://www.eisai.com/news/index.html",
    "timestamp": "unknown"
  },
  {
    "title": "News ReleaseWorldwideJapaneseContact UsSearch",
    "link": "https://www.eisai.com/news/index.html",
    "timestamp": "unknown"
  },
  {
    "title": "News Release",
    "link": "https://www.eisai.com/news/index.html",
    "timestamp": "unknown"
  },
  {
    "title": "Worldwide",
    "link": "https://www.eisai.com/company/profile/group/index.html",
    "timestamp": "unknown"
  },
  {
    "title": "Japanese",
    "link": "https://www.eisai.co.jp/",
    "timestamp": "unknown"
  },
  {
    "title": "Contact Us",
    "link": "https://www.eisai.com/inquiry/index.html",
    "timestamp": "unknown"
  },
  {
    "title": "HomeNews ReleaseReleaseNews Release\uff1a | Eisai Co., Ltd.Information in the news releases is current on the date of the announcement, but is subject to c",
    "link": "https://www.eisai.com/index.html",
    "timestamp": "unknown"
  },
  {
    "title": "HomeNews ReleaseRelease",
    "link": "https://www.eisai.com/index.html",
    "timestamp": "unknown"
  },
  {
    "title": "Home",
    "link": "https://www.eisai.com/index.html",
    "timestamp": "unknown"
  },
  {
    "title": "News Release",
    "link": "https://www.eisai.com/news/index.html",
    "timestamp": "unknown"
  },
  {
    "title": "Information in the news releases is current on the date of the announcement, but is subject to change without prior notice.News release searchSearchSo",
    "link": "https://www.eisai.com/news//news202609.html",
    "timestamp": "unknown"
  },
  {
    "title": "Information in the news releases is current on the date of the announcement, but is subject to change without prior notice.News release searchSearchSo",
    "link": "https://www.eisai.com/news//news202609.html",
    "timestamp": "unknown"
  },
  {
    "title": "February ,CorporateEisai Announces Appointment of Corporate Officers",
    "link": "https://www.eisai.com/news//news202609.html",
    "timestamp": "unknown"
  },
  {
    "title": "Eisai Announces Appointment of Corporate Officers",
    "link": "https://www.eisai.com/news//news202609.html",
    "timestamp": "unknown"
  },
  {
    "title": "February ,R&DProductsBiologics License Application for Subcutaneous Formulation of \u201cLEQEMBI\u00ae\u201d (lecanemab) for the Treatment of Early Alzheimer\u2019s Disea",
    "link": "https://www.eisai.com/news//news202608.html",
    "timestamp": "unknown"
  },
  {
    "title": "Biologics License Application for Subcutaneous Formulation of \u201cLEQEMBI\u00ae\u201d (lecanemab) for the Treatment of Early Alzheimer\u2019s Disease Designated for Pri",
    "link": "https://www.eisai.com/news//news202608.html",
    "timestamp": "unknown"
  },
  {
    "title": "February ,CorporateProductsRevenue of LEQEMBI\u00ae (Preliminary Basis)",
    "link": "https://www.eisai.com/news//news202607.html",
    "timestamp": "unknown"
  },
  {
    "title": "Revenue of LEQEMBI\u00ae (Preliminary Basis)",
    "link": "https://www.eisai.com/news//news202607.html",
    "timestamp": "unknown"
  },
  {
    "title": "February ,CorporateR&DEisai and Henlius Enter into Exclusive Commercial License Agreement for Anti-PD- Antibody Serplulimab in Japan",
    "link": "https://www.eisai.com/news//news202606.html",
    "timestamp": "unknown"
  },
  {
    "title": "Eisai and Henlius Enter into Exclusive Commercial License Agreement for Anti-PD- Antibody Serplulimab in Japan",
    "link": "https://www.eisai.com/news//news202606.html",
    "timestamp": "unknown"
  },
  {
    "title": "January ,R&DProductsFDA Accepts LEQEMBI\u00ae IQLIK\u2122 (lecanemab-irmb) Supplemental Biologics License Application as a Subcutaneous Starting Dose for the Tr",
    "link": "https://www.eisai.com/news//news202605.html",
    "timestamp": "unknown"
  },
  {
    "title": "FDA Accepts LEQEMBI\u00ae IQLIK\u2122 (lecanemab-irmb) Supplemental Biologics License Application as a Subcutaneous Starting Dose for the Treatment of Early Alz",
    "link": "https://www.eisai.com/news//news202605.html",
    "timestamp": "unknown"
  },
  {
    "title": "January ,CorporateSustainabilityEISAI LISTED AS A GLOBAL  MOST SUSTAINABLE CORPORATION FOR THE TENTH TIMEHIGHEST RANKED GLOBAL PHARMACEUTICAL COMPANY",
    "link": "https://www.eisai.com/news//news202604.html",
    "timestamp": "unknown"
  },
  {
    "title": "EISAI LISTED AS A GLOBAL  MOST SUSTAINABLE CORPORATION FOR THE TENTH TIMEHIGHEST RANKED GLOBAL PHARMACEUTICAL COMPANY",
    "link": "https://www.eisai.com/news//news202604.html",
    "timestamp": "unknown"
  },
  {
    "title": "January ,CorporateR&DEisai and Nuvation Bio Enter into Exclusive Licensing Agreement for Taletrectinib in Europe and Additional Countries Outside the ",
    "link": "https://www.eisai.com/news//news202603.html",
    "timestamp": "unknown"
  },
  {
    "title": "Eisai and Nuvation Bio Enter into Exclusive Licensing Agreement for Taletrectinib in Europe and Additional Countries Outside the U.S., China and Japan",
    "link": "https://www.eisai.com/news//news202603.html",
    "timestamp": "unknown"
  },
  {
    "title": "January ,CorporateChanges of Corporate Officers",
    "link": "https://www.eisai.com/news//news202602.html",
    "timestamp": "unknown"
  },
  {
    "title": "Changes of Corporate Officers",
    "link": "https://www.eisai.com/news//news202602.html",
    "timestamp": "unknown"
  },
  {
    "title": "January ,R&DProductsBiologics License Application for Subcutaneous Formulation of \u201cLEQEMBI\u00ae\u201d (lecanemab) for the Treatment of Early Alzheimer\u2019s Diseas",
    "link": "https://www.eisai.com/news//news202601.html",
    "timestamp": "unknown"
  },
  {
    "title": "Biologics License Application for Subcutaneous Formulation of \u201cLEQEMBI\u00ae\u201d (lecanemab) for the Treatment of Early Alzheimer\u2019s Disease Accepted in ChinaI",
    "link": "https://www.eisai.com/news//news202601.html",
    "timestamp": "unknown"
  },
  {
    "title": "December ,CorporateCHANGES OF CORPORATE OFFICERS",
    "link": "https://www.eisai.com/news//news202588.html",
    "timestamp": "unknown"
  },
  {
    "title": "CHANGES OF CORPORATE OFFICERS",
    "link": "https://www.eisai.com/news//news202588.html",
    "timestamp": "unknown"
  },
  {
    "title": "December ,CorporateSustainabilityEisai Rated \u201cA\u201d, the Highest Rating by CDP in Both Climate Change and Water Security Categories for the Second Consec",
    "link": "https://www.eisai.com/news//news202587.html",
    "timestamp": "unknown"
  },
  {
    "title": "Eisai Rated \u201cA\u201d, the Highest Rating by CDP in Both Climate Change and Water Security Categories for the Second Consecutive Year",
    "link": "https://www.eisai.com/news//news202587.html",
    "timestamp": "unknown"
  },
  {
    "title": "December ,Products\u201cLEQEMBI\u00ae\u201d (lecanemab) for the Treatment of Early Alzheimer\u2019s Disease Included in China\u2019s Commercial Insurance Innovative Drug List",
    "link": "https://www.eisai.com/news//news202586.html",
    "timestamp": "unknown"
  },
  {
    "title": "\u201cLEQEMBI\u00ae\u201d (lecanemab) for the Treatment of Early Alzheimer\u2019s Disease Included in China\u2019s Commercial Insurance Innovative Drug List",
    "link": "https://www.eisai.com/news//news202586.html",
    "timestamp": "unknown"
  },
  {
    "title": "December ,R&DProductsEisai Presents New Data on the Continued and Expanding Benefit of LEQEMBI\u00ae (lecanemab-irmb) Maintenance Treatment in Early Alzhei",
    "link": "https://www.eisai.com/news//news202585.html",
    "timestamp": "unknown"
  },
  {
    "title": "Eisai Presents New Data on the Continued and Expanding Benefit of LEQEMBI\u00ae (lecanemab-irmb) Maintenance Treatment in Early Alzheimer\u2019s Disease at CTAD",
    "link": "https://www.eisai.com/news//news202585.html",
    "timestamp": "unknown"
  },
  {
    "title": "December ,R&DProductsNew Data Presented at CTAD  Confirms Pharmacological Effect of LEQEMBI\u00ae (lecanemab-irmb) on Neurotoxic A\u03b2 Protofibrils in CSF",
    "link": "https://www.eisai.com/news//news202584.html",
    "timestamp": "unknown"
  },
  {
    "title": "New Data Presented at CTAD  Confirms Pharmacological Effect of LEQEMBI\u00ae (lecanemab-irmb) on Neurotoxic A\u03b2 Protofibrils in CSF",
    "link": "https://www.eisai.com/news//news202584.html",
    "timestamp": "unknown"
  },
  {
    "title": "December ,R&DEisai Presents New Data on Anti-Tau Antibody Etalanetug (E2814) at CTADEtalanetug demonstrated reduction of eMTBR-tau243, a novel CSF and",
    "link": "https://www.eisai.com/news//news202583.html",
    "timestamp": "unknown"
  },
  {
    "title": "Eisai Presents New Data on Anti-Tau Antibody Etalanetug (E2814) at CTADEtalanetug demonstrated reduction of eMTBR-tau243, a novel CSF and plasma bioma",
    "link": "https://www.eisai.com/news//news202583.html",
    "timestamp": "unknown"
  },
  {
    "title": "November ,R&DProductsEisai Submits New Drug Application for Subcutaneous Formulation of \u201cLEQEMBI\u00ae\u201d  for the Treatment of Early Alzheimer\u2019s Disease in ",
    "link": "https://www.eisai.com/news//news202582.html",
    "timestamp": "unknown"
  },
  {
    "title": "Eisai Submits New Drug Application for Subcutaneous Formulation of \u201cLEQEMBI\u00ae\u201d  for the Treatment of Early Alzheimer\u2019s Disease in JapanIf approved, lec",
    "link": "https://www.eisai.com/news//news202582.html",
    "timestamp": "unknown"
  },
  {
    "title": "November ,R&DProductsEisai Completes Rolling Submission to US FDA for LEQEMBI\u00ae IQLIK\u2122 (lecanemab-irmb) Supplemental Biologics License Application as a",
    "link": "https://www.eisai.com/news//news202581.html",
    "timestamp": "unknown"
  },
  {
    "title": "Eisai Completes Rolling Submission to US FDA for LEQEMBI\u00ae IQLIK\u2122 (lecanemab-irmb) Supplemental Biologics License Application as a Subcutaneous Startin",
    "link": "https://www.eisai.com/news//news202581.html",
    "timestamp": "unknown"
  },
  {
    "title": "November ,R&DProductsEisai to Present Data on Lecanemab Continued Treatment, Subcutaneous Initiation Dosing, and Real-World Experience at the 18th Cli",
    "link": "https://www.eisai.com/news//news202580.html",
    "timestamp": "unknown"
  },
  {
    "title": "Eisai to Present Data on Lecanemab Continued Treatment, Subcutaneous Initiation Dosing, and Real-World Experience at the 18th Clinical Trials on Alzhe",
    "link": "https://www.eisai.com/news//news202580.html",
    "timestamp": "unknown"
  },
  {
    "title": "November ,R&DProducts\u201cLEQEMBI\u00ae\u201d (lecanemab) IV Maintenance Dosing for the Treatment of Early Alzheimer\u2019s Disease Approved in the United Kingdom",
    "link": "https://www.eisai.com/news//news202579.html",
    "timestamp": "unknown"
  },
  {
    "title": "\u201cLEQEMBI\u00ae\u201d (lecanemab) IV Maintenance Dosing for the Treatment of Early Alzheimer\u2019s Disease Approved in the United Kingdom",
    "link": "https://www.eisai.com/news//news202579.html",
    "timestamp": "unknown"
  },
  {
    "title": "November ,CorporateProductsNotice of the Settlement of Patent Infringement Litigation Related to Lenvatinib in the U.S.",
    "link": "https://www.eisai.com/news//news202578.html",
    "timestamp": "unknown"
  },
  {
    "title": "Notice of the Settlement of Patent Infringement Litigation Related to Lenvatinib in the U.S.",
    "link": "https://www.eisai.com/news//news202578.html",
    "timestamp": "unknown"
  },
  {
    "title": "October ,CorporateProductsRevenue of LEQEMBI\u00ae (Preliminary Basis)",
    "link": "https://www.eisai.com/news//news202577.html",
    "timestamp": "unknown"
  },
  {
    "title": "Revenue of LEQEMBI\u00ae (Preliminary Basis)",
    "link": "https://www.eisai.com/news//news202577.html",
    "timestamp": "unknown"
  },
  {
    "title": "October ,R&DProductsEisai and Merck & Co., Inc., Rahway, NJ, USA Provide Update on Phase  LEAP- Trial in Unresectable, Non-Metastatic Hepatocellular C",
    "link": "https://www.eisai.com/news//news202576.html",
    "timestamp": "unknown"
  },
  {
    "title": "Eisai and Merck & Co., Inc., Rahway, NJ, USA Provide Update on Phase  LEAP- Trial in Unresectable, Non-Metastatic Hepatocellular Carcinoma",
    "link": "https://www.eisai.com/news//news202576.html",
    "timestamp": "unknown"
  },
  {
    "title": "October ,R&DProductsMerck & Co., Inc., Rahway, NJ, USA and Eisai Announce WELIREG\u00ae (belzutifan) Plus LENVIMA\u00ae (lenvatinib) Met Primary Endpoint of Pro",
    "link": "https://www.eisai.com/news//news202575.html",
    "timestamp": "unknown"
  },
  {
    "title": "Merck & Co., Inc., Rahway, NJ, USA and Eisai Announce WELIREG\u00ae (belzutifan) Plus LENVIMA\u00ae (lenvatinib) Met Primary Endpoint of Progression-Free Surviv",
    "link": "https://www.eisai.com/news//news202575.html",
    "timestamp": "unknown"
  },
  {
    "title": "October ,R&DProductsHealth Canada Grants Authorization for \u201cLEQEMBI\u00ae\u201d (lecanemab) for the Treatment of Early Alzheimer\u2019s DiseaseIn Canada, lecanemab i",
    "link": "https://www.eisai.com/news//news202574.html",
    "timestamp": "unknown"
  },
  {
    "title": "Health Canada Grants Authorization for \u201cLEQEMBI\u00ae\u201d (lecanemab) for the Treatment of Early Alzheimer\u2019s DiseaseIn Canada, lecanemab is indicated for the ",
    "link": "https://www.eisai.com/news//news202574.html",
    "timestamp": "unknown"
  },
  {
    "title": "October ,R&DProductsLENVIMA\u00ae (lenvatinib) Plus KEYTRUDA\u00ae (pembrolizumab) Demonstrates Durable -Year Survival Benefit Versus Chemotherapy for Patients ",
    "link": "https://www.eisai.com/news//news202573.html",
    "timestamp": "unknown"
  },
  {
    "title": "LENVIMA\u00ae (lenvatinib) Plus KEYTRUDA\u00ae (pembrolizumab) Demonstrates Durable -Year Survival Benefit Versus Chemotherapy for Patients With Advanced Endome",
    "link": "https://www.eisai.com/news//news202573.html",
    "timestamp": "unknown"
  },
  {
    "title": "October ,CorporateProductsLEQEMBI\u00ae IQLIK\u2122(lecanemab-irmb) Subcutaneous Autoinjector Named to TIME\u2019s \u201cBest Inventions of \u201d",
    "link": "https://www.eisai.com/news//news202572.html",
    "timestamp": "unknown"
  },
  {
    "title": "LEQEMBI\u00ae IQLIK\u2122(lecanemab-irmb) Subcutaneous Autoinjector Named to TIME\u2019s \u201cBest Inventions of \u201d",
    "link": "https://www.eisai.com/news//news202572.html",
    "timestamp": "unknown"
  },
  {
    "title": "October ,ProductsEisai and Biogen Announce U.S. Availability of LEQEMBI\u00ae\u00a0IQLIK\u2122\u00a0(lecanemab-irmb) Subcutaneous Injection\u00a0Maintenance Dose for Treatment",
    "link": "https://www.eisai.com/news//news202571.html",
    "timestamp": "unknown"
  },
  {
    "title": "Eisai and Biogen Announce U.S. Availability of LEQEMBI\u00ae\u00a0IQLIK\u2122\u00a0(lecanemab-irmb) Subcutaneous Injection\u00a0Maintenance Dose for Treatment of Early Alzheim",
    "link": "https://www.eisai.com/news//news202571.html",
    "timestamp": "unknown"
  },
  {
    "title": "October ,R&DProductsEisai Highlights Breadth of Oncology Research at ESMO",
    "link": "https://www.eisai.com/news//news202570.html",
    "timestamp": "unknown"
  },
  {
    "title": "Eisai Highlights Breadth of Oncology Research at ESMO",
    "link": "https://www.eisai.com/news//news202570.html",
    "timestamp": "unknown"
  },
  {
    "title": "September ,R&DProducts\u201cLEQEMBI\u00ae\u201d (lecanemab) IV Maintenance Dosing for the Treatment of Early Alzheimer\u2019s Disease Approved in China",
    "link": "https://www.eisai.com/news//news202567.html",
    "timestamp": "unknown"
  },
  {
    "title": "\u201cLEQEMBI\u00ae\u201d (lecanemab) IV Maintenance Dosing for the Treatment of Early Alzheimer\u2019s Disease Approved in China",
    "link": "https://www.eisai.com/news//news202567.html",
    "timestamp": "unknown"
  },
  {
    "title": "September ,R&DProductsLEQEMBI\u00ae (Lecanemab) Approved for the Treatment of Alzheimer\u2019s Disease in Australia",
    "link": "https://www.eisai.com/news//news202566.html",
    "timestamp": "unknown"
  },
  {
    "title": "LEQEMBI\u00ae (Lecanemab) Approved for the Treatment of Alzheimer\u2019s Disease in Australia",
    "link": "https://www.eisai.com/news//news202566.html",
    "timestamp": "unknown"
  },
  {
    "title": "September ,CorporateProductsNotice of the Settlement of Patent Infringement Litigation Related to Lenvatinib in the U.S.",
    "link": "https://www.eisai.com/news//news202565.html",
    "timestamp": "unknown"
  },
  {
    "title": "Notice of the Settlement of Patent Infringement Litigation Related to Lenvatinib in the U.S.",
    "link": "https://www.eisai.com/news//news202565.html",
    "timestamp": "unknown"
  },
  {
    "title": "September ,R&DAnti-MTBR (microtubule binding region) Tau Antibody Etalanetug Granted FDA Fast Track Designation",
    "link": "https://www.eisai.com/news//news202564.html",
    "timestamp": "unknown"
  },
  {
    "title": "Anti-MTBR (microtubule binding region) Tau Antibody Etalanetug Granted FDA Fast Track Designation",
    "link": "https://www.eisai.com/news//news202564.html",
    "timestamp": "unknown"
  },
  {
    "title": "September ,CorporateEcosystem\u201cNew Answers to Dementia\u201dEisai Releases Concept Movie and New Content on Campaign Website for Dementia Month",
    "link": "https://www.eisai.com/news//news202563.html",
    "timestamp": "unknown"
  },
  {
    "title": "\u201cNew Answers to Dementia\u201dEisai Releases Concept Movie and New Content on Campaign Website for Dementia Month",
    "link": "https://www.eisai.com/news//news202563.html",
    "timestamp": "unknown"
  },
  {
    "title": "September ,R&DEisai Presents Clinical Study Results of Novel Orexin Receptor Agonist E2086 for Narcolepsy at World SleepE2086 Showed Potential to Impr",
    "link": "https://www.eisai.com/news//news202562.html",
    "timestamp": "unknown"
  },
  {
    "title": "Eisai Presents Clinical Study Results of Novel Orexin Receptor Agonist E2086 for Narcolepsy at World SleepE2086 Showed Potential to Improve Wakefulnes",
    "link": "https://www.eisai.com/news//news202562.html",
    "timestamp": "unknown"
  },
  {
    "title": "September ,R&DEisai to Present Latest Data on Lemborexant and Novel Orexin Receptor Agonist E2086 at The World Sleep",
    "link": "https://www.eisai.com/news//news202561.html",
    "timestamp": "unknown"
  },
  {
    "title": "Eisai to Present Latest Data on Lemborexant and Novel Orexin Receptor Agonist E2086 at The World Sleep",
    "link": "https://www.eisai.com/news//news202561.html",
    "timestamp": "unknown"
  },
  {
    "title": "September ,R&DProductsEisai Initiated Rolling Supplemental Biologics License Application to the U.S. FDA for LEQEMBI\u00ae IQLIK\u2122 (lecanemab-irmb) as a Sub",
    "link": "https://www.eisai.com/news//news202560.html",
    "timestamp": "unknown"
  },
  {
    "title": "Eisai Initiated Rolling Supplemental Biologics License Application to the U.S. FDA for LEQEMBI\u00ae IQLIK\u2122 (lecanemab-irmb) as a Subcutaneous Starting Dos",
    "link": "https://www.eisai.com/news//news202560.html",
    "timestamp": "unknown"
  },
  {
    "title": "August ,R&DProductsFDA Approves LEQEMBI\u00ae IQLIK\u2122 (lecanemab-irmb) Subcutaneous Injection for Maintenance Dosing for the Treatment of Early Alzheimer\u2019s ",
    "link": "https://www.eisai.com/news//news202559.html",
    "timestamp": "unknown"
  },
  {
    "title": "FDA Approves LEQEMBI\u00ae IQLIK\u2122 (lecanemab-irmb) Subcutaneous Injection for Maintenance Dosing for the Treatment of Early Alzheimer\u2019s DiseaseLEQEMBI IQLI",
    "link": "https://www.eisai.com/news//news202559.html",
    "timestamp": "unknown"
  },
  {
    "title": "August ,R&DProductsMinistry Of Health, Labour and Welfare Grants Orphan Drug Designation in Japan toAnticancer Agent Tazemetostat for Unresectable INI",
    "link": "https://www.eisai.com/news//news202558.html",
    "timestamp": "unknown"
  },
  {
    "title": "Ministry Of Health, Labour and Welfare Grants Orphan Drug Designation in Japan toAnticancer Agent Tazemetostat for Unresectable INI1-Negative Epitheli",
    "link": "https://www.eisai.com/news//news202558.html",
    "timestamp": "unknown"
  },
  {
    "title": "August ,ProductsAustria and Germany to become the first markets in the European Union (EU) to launch LEQEMBI\u00ae (lecanemab)",
    "link": "https://www.eisai.com/news//news202557.html",
    "timestamp": "unknown"
  },
  {
    "title": "Austria and Germany to become the first markets in the European Union (EU) to launch LEQEMBI\u00ae (lecanemab)",
    "link": "https://www.eisai.com/news//news202557.html",
    "timestamp": "unknown"
  },
  {
    "title": "August ,ProductsEisai Launches In-House Developed Anti-Insomnia Drug DAYVIGO\u00ae (Lemborexant) in China",
    "link": "https://www.eisai.com/news//news202556.html",
    "timestamp": "unknown"
  },
  {
    "title": "Eisai Launches In-House Developed Anti-Insomnia Drug DAYVIGO\u00ae (Lemborexant) in China",
    "link": "https://www.eisai.com/news//news202556.html",
    "timestamp": "unknown"
  },
  {
    "title": "July ,CorporateProductsRevenue of LEQEMBI\u00ae (Preliminary Basis)",
    "link": "https://www.eisai.com/news//news202555.html",
    "timestamp": "unknown"
  },
  {
    "title": "Revenue of LEQEMBI\u00ae (Preliminary Basis)",
    "link": "https://www.eisai.com/news//news202555.html",
    "timestamp": "unknown"
  },
  {
    "title": "July ,R&DProductsEarly Alzheimer\u2019s Patients Continue to Benefit from Four Years of LEQEMBI\u00ae (lecanemab-irmb) Therapy New Clinical Data Presented at AA",
    "link": "https://www.eisai.com/news//news202554.html",
    "timestamp": "unknown"
  },
  {
    "title": "Early Alzheimer\u2019s Patients Continue to Benefit from Four Years of LEQEMBI\u00ae (lecanemab-irmb) Therapy New Clinical Data Presented at AAICData Showed LEQ",
    "link": "https://www.eisai.com/news//news202554.html",
    "timestamp": "unknown"
  },
  {
    "title": "July ,R&DProductsNew Data Presented at AAIC Demonstrates Investigational LEQEMBI\u00ae (lecanemab-irmb)  mg Subcutaneous Maintenance Dosing Could Offer a N",
    "link": "https://www.eisai.com/news//news202553.html",
    "timestamp": "unknown"
  },
  {
    "title": "New Data Presented at AAIC Demonstrates Investigational LEQEMBI\u00ae (lecanemab-irmb)  mg Subcutaneous Maintenance Dosing Could Offer a New Option for Ong",
    "link": "https://www.eisai.com/news//news202553.html",
    "timestamp": "unknown"
  },
  {
    "title": "July ,R&DProductsTwo-Year Real-World Study of LEQEMBI\u00ae in the United States Presented at Alzheimer's Association International Conference (AAIC)",
    "link": "https://www.eisai.com/news//news202552.html",
    "timestamp": "unknown"
  },
  {
    "title": "Two-Year Real-World Study of LEQEMBI\u00ae in the United States Presented at Alzheimer's Association International Conference (AAIC)",
    "link": "https://www.eisai.com/news//news202552.html",
    "timestamp": "unknown"
  },
  {
    "title": "July ,R&DProductsLENVIMA\u00ae (lenvatinib) in Combination with Pembrolizumab and Transarterial Chemoembolization (TACE) Approved in China for the Treatmen",
    "link": "https://www.eisai.com/news//news202551.html",
    "timestamp": "unknown"
  },
  {
    "title": "LENVIMA\u00ae (lenvatinib) in Combination with Pembrolizumab and Transarterial Chemoembolization (TACE) Approved in China for the Treatment of Unresectable",
    "link": "https://www.eisai.com/news//news202551.html",
    "timestamp": "unknown"
  },
  {
    "title": "July ,CorporateSustainabilityEisai Listed for 24th Consecutive Year in FTSE4Good Index Series, an Index for Socially Responsible Investment",
    "link": "https://www.eisai.com/news//news202550.html",
    "timestamp": "unknown"
  },
  {
    "title": "Eisai Listed for 24th Consecutive Year in FTSE4Good Index Series, an Index for Socially Responsible Investment",
    "link": "https://www.eisai.com/news//news202550.html",
    "timestamp": "unknown"
  },
  {
    "title": "July ,ProductsLaunch of Beova\u00ae Tablets in Thailand for Overactive Bladder",
    "link": "https://www.eisai.com/news//news202549.html",
    "timestamp": "unknown"
  },
  {
    "title": "Launch of Beova\u00ae Tablets in Thailand for Overactive Bladder",
    "link": "https://www.eisai.com/news//news202549.html",
    "timestamp": "unknown"
  },
  {
    "title": "July ,R&DProductsEisai To Present Four-Year Efficacy And Safety Data On Continuous Treatment With Lecanemab At The Alzheimer\u2019s Association Internation",
    "link": "https://www.eisai.com/news//news202548.html",
    "timestamp": "unknown"
  },
  {
    "title": "Eisai To Present Four-Year Efficacy And Safety Data On Continuous Treatment With Lecanemab At The Alzheimer\u2019s Association International ConferenceLate",
    "link": "https://www.eisai.com/news//news202548.html",
    "timestamp": "unknown"
  },
  {
    "title": "July ,CorporateProductsEisai Awarded \u201cThe 9th Bioindustry Award\u201dfor Drug Discovery Research for Anti- Amyloid \u03b2 Monoclonal Antibody Lecanemab",
    "link": "https://www.eisai.com/news//news202547.html",
    "timestamp": "unknown"
  },
  {
    "title": "Eisai Awarded \u201cThe 9th Bioindustry Award\u201dfor Drug Discovery Research for Anti- Amyloid \u03b2 Monoclonal Antibody Lecanemab",
    "link": "https://www.eisai.com/news//news202547.html",
    "timestamp": "unknown"
  },
  {
    "title": "July ,Products\u201cURECE\u00ae\u201d (Dotinurad) Launched in China as a treatment for Gout",
    "link": "https://www.eisai.com/news//news202546.html",
    "timestamp": "unknown"
  },
  {
    "title": "\u201cURECE\u00ae\u201d (Dotinurad) Launched in China as a treatment for Gout",
    "link": "https://www.eisai.com/news//news202546.html",
    "timestamp": "unknown"
  },
  {
    "title": "July ,ProductsUpdate on the Cost-Effectiveness Evaluation of LEQEMBI\u00ae by the Central Social Insurance Medical Council of Japan\u2019s Ministry of Health, L",
    "link": "https://www.eisai.com/news//news202545.html",
    "timestamp": "unknown"
  },
  {
    "title": "Update on the Cost-Effectiveness Evaluation of LEQEMBI\u00ae by the Central Social Insurance Medical Council of Japan\u2019s Ministry of Health, Labour and Welf",
    "link": "https://www.eisai.com/news//news202545.html",
    "timestamp": "unknown"
  },
  {
    "title": "July ,CorporateSustainabilityEisai Selected as Supplier Engagement Leader, CDP's Highest Rating in the Supplier Engagement Assessment",
    "link": "https://www.eisai.com/news//news202544.html",
    "timestamp": "unknown"
  },
  {
    "title": "Eisai Selected as Supplier Engagement Leader, CDP's Highest Rating in the Supplier Engagement Assessment",
    "link": "https://www.eisai.com/news//news202544.html",
    "timestamp": "unknown"
  },
  {
    "title": "June ,ProductsEisai to Launch \u201cPariet\u00ae S,\u201d the First Proton Pump Inhibitor RX-to-OTC in Japan- Same Dosage of the Active Ingredient Rabeprazole Sodium",
    "link": "https://www.eisai.com/news//news202541.html",
    "timestamp": "unknown"
  },
  {
    "title": "Eisai to Launch \u201cPariet\u00ae S,\u201d the First Proton Pump Inhibitor RX-to-OTC in Japan- Same Dosage of the Active Ingredient Rabeprazole Sodium as the Prescr",
    "link": "https://www.eisai.com/news//news202541.html",
    "timestamp": "unknown"
  },
  {
    "title": "May ,CorporateProductsEisai Obtains Favorable Decision in Patent Infringement Litigation Related to Lenvatinib in the U.S.",
    "link": "https://www.eisai.com/news//news202540.html",
    "timestamp": "unknown"
  },
  {
    "title": "Eisai Obtains Favorable Decision in Patent Infringement Litigation Related to Lenvatinib in the U.S.",
    "link": "https://www.eisai.com/news//news202540.html",
    "timestamp": "unknown"
  },
  {
    "title": "May ,R&DProductsNew Drug Approval for In-House Developed Anti-Insomnia Drug DAYVIGO\u00ae (Lemborexant) in China",
    "link": "https://www.eisai.com/news//news202539.html",
    "timestamp": "unknown"
  },
  {
    "title": "New Drug Approval for In-House Developed Anti-Insomnia Drug DAYVIGO\u00ae (Lemborexant) in China",
    "link": "https://www.eisai.com/news//news202539.html",
    "timestamp": "unknown"
  },
  {
    "title": "May ,R&DProductsEisai Demonstrates Commitment to Oncology Innovation at ASCO",
    "link": "https://www.eisai.com/news//news202538.html",
    "timestamp": "unknown"
  },
  {
    "title": "Eisai Demonstrates Commitment to Oncology Innovation at ASCO",
    "link": "https://www.eisai.com/news//news202538.html",
    "timestamp": "unknown"
  },
  {
    "title": "May ,ProductsEisai Satisfies All-Case Surveillance Requirement for Anticancer Agent Remitoro\u00ae",
    "link": "https://www.eisai.com/news//news202537.html",
    "timestamp": "unknown"
  },
  {
    "title": "Eisai Satisfies All-Case Surveillance Requirement for Anticancer Agent Remitoro\u00ae",
    "link": "https://www.eisai.com/news//news202537.html",
    "timestamp": "unknown"
  },
  {
    "title": "May ,CorporateNotification Regarding Partial Amendment to the Articles of Incorporation",
    "link": "https://www.eisai.com/news//news202536.html",
    "timestamp": "unknown"
  },
  {
    "title": "Notification Regarding Partial Amendment to the Articles of Incorporation",
    "link": "https://www.eisai.com/news//news202536.html",
    "timestamp": "unknown"
  },
  {
    "title": "May ,CorporateNotice Concerning Results of Tender Offer for Share Certificates, etc., of EcoNaviSta Inc. (Securities Code: )",
    "link": "https://www.eisai.com/news//news202535.html",
    "timestamp": "unknown"
  },
  {
    "title": "Notice Concerning Results of Tender Offer for Share Certificates, etc., of EcoNaviSta Inc. (Securities Code: )",
    "link": "https://www.eisai.com/news//news202535.html",
    "timestamp": "unknown"
  },
  {
    "title": "May ,CorporateProductsREVENUE OF LEQEMBI\u00ae (PRELIMINARY BASIS)",
    "link": "https://www.eisai.com/news//news202534.html",
    "timestamp": "unknown"
  },
  {
    "title": "REVENUE OF LEQEMBI\u00ae (PRELIMINARY BASIS)",
    "link": "https://www.eisai.com/news//news202534.html",
    "timestamp": "unknown"
  },
  {
    "title": "April ,CorporateEisai Representative Corporate Officer and CEO Haruo Naito Awarded the Order of the Rising Sun, Gold and Silver Star",
    "link": "https://www.eisai.com/news//news202533.html",
    "timestamp": "unknown"
  },
  {
    "title": "Eisai Representative Corporate Officer and CEO Haruo Naito Awarded the Order of the Rising Sun, Gold and Silver Star",
    "link": "https://www.eisai.com/news//news202533.html",
    "timestamp": "unknown"
  },
  {
    "title": "April ,R&DProductsLeqembi\u00ae  (lecanemab) is the First Medicine that Slows Progression of Early Alzheimer\u2019s Disease to be Authorized in the European Uni",
    "link": "https://www.eisai.com/news//news202532.html",
    "timestamp": "unknown"
  },
  {
    "title": "Leqembi\u00ae  (lecanemab) is the First Medicine that Slows Progression of Early Alzheimer\u2019s Disease to be Authorized in the European UnionIn the European ",
    "link": "https://www.eisai.com/news//news202532.html",
    "timestamp": "unknown"
  },
  {
    "title": "April ,R&DProductsUpdate on Regulatory Review of Lecanemab for Early Alzheimer\u2019s Disease by the European Commission",
    "link": "https://www.eisai.com/news//news202531.html",
    "timestamp": "unknown"
  },
  {
    "title": "Update on Regulatory Review of Lecanemab for Early Alzheimer\u2019s Disease by the European Commission",
    "link": "https://www.eisai.com/news//news202531.html",
    "timestamp": "unknown"
  },
  {
    "title": "April ,R&DProductsUpdate on Regulatory Review of Lecanemab for Early Alzheimer\u2019s Disease by the European Commission",
    "link": "https://www.eisai.com/news//news202530.html",
    "timestamp": "unknown"
  },
  {
    "title": "Update on Regulatory Review of Lecanemab for Early Alzheimer\u2019s Disease by the European Commission",
    "link": "https://www.eisai.com/news//news202530.html",
    "timestamp": "unknown"
  },
  {
    "title": "March ,Corporate\u201cNew Answers to Dementia\u201dEisai Launches Corporate Awareness Campaign",
    "link": "https://www.eisai.com/news//news202528.html",
    "timestamp": "unknown"
  },
  {
    "title": "\u201cNew Answers to Dementia\u201dEisai Launches Corporate Awareness Campaign",
    "link": "https://www.eisai.com/news//news202528.html",
    "timestamp": "unknown"
  },
  {
    "title": "March ,CorporateProductsEISAI TO DIVEST RIGHTS FOR PARIET\u00ae IN CHINA TO PEAK PHARMA",
    "link": "https://www.eisai.com/news//news202527.html",
    "timestamp": "unknown"
  },
  {
    "title": "EISAI TO DIVEST RIGHTS FOR PARIET\u00ae IN CHINA TO PEAK PHARMA",
    "link": "https://www.eisai.com/news//news202527.html",
    "timestamp": "unknown"
  },
  {
    "title": "March ,CorporateProductsEisai to Divest Rights for Warfarin in Japan to Sawai",
    "link": "https://www.eisai.com/news//news202526.html",
    "timestamp": "unknown"
  },
  {
    "title": "Eisai to Divest Rights for Warfarin in Japan to Sawai",
    "link": "https://www.eisai.com/news//news202526.html",
    "timestamp": "unknown"
  },
  {
    "title": "March ,R&DProductsEisai to Present the Latest Research Results, Including Long-Term andReal-Word Data on Lecanemab and Biomarkers for Alzheimer\u2019s Dise",
    "link": "https://www.eisai.com/news//news202525.html",
    "timestamp": "unknown"
  },
  {
    "title": "Eisai to Present the Latest Research Results, Including Long-Term andReal-Word Data on Lecanemab and Biomarkers for Alzheimer\u2019s Disease at the AD/PD\u2122 ",
    "link": "https://www.eisai.com/news//news202525.html",
    "timestamp": "unknown"
  },
  {
    "title": "March ,CorporateProductsWorld\u2019s First Early Alzheimer\u2019s Disease Treatment Developed in Japan LEQEMBI\u00ae Receives Prime Minister\u2019s Award at the 12th Tech",
    "link": "https://www.eisai.com/news//news202524.html",
    "timestamp": "unknown"
  },
  {
    "title": "World\u2019s First Early Alzheimer\u2019s Disease Treatment Developed in Japan LEQEMBI\u00ae Receives Prime Minister\u2019s Award at the 12th Technology Management and In",
    "link": "https://www.eisai.com/news//news202524.html",
    "timestamp": "unknown"
  },
  {
    "title": "March ,CorporateSustainabilityEISAI SELECTED AS A NADESHIKO BRAND  AS A LISTED COMPANY EXCELLING IN PROMOTION OF WOMEN IN THE WORKPLACE",
    "link": "https://www.eisai.com/news//news202523.html",
    "timestamp": "unknown"
  },
  {
    "title": "EISAI SELECTED AS A NADESHIKO BRAND  AS A LISTED COMPANY EXCELLING IN PROMOTION OF WOMEN IN THE WORKPLACE",
    "link": "https://www.eisai.com/news//news202523.html",
    "timestamp": "unknown"
  },
  {
    "title": "March ,R&DProductsProton Pump Inhibitor \u201cPariet\u00ae S\u201d Approved in Japan as RX-to-OTC SwitchSame Dosage of the Active Ingredient Rabeprazole Sodium as th",
    "link": "https://www.eisai.com/news//news202522.html",
    "timestamp": "unknown"
  },
  {
    "title": "Proton Pump Inhibitor \u201cPariet\u00ae S\u201d Approved in Japan as RX-to-OTC SwitchSame Dosage of the Active Ingredient Rabeprazole Sodium as the Prescription Pro",
    "link": "https://www.eisai.com/news//news202522.html",
    "timestamp": "unknown"
  },
  {
    "title": "March ,CorporateNotice Concerning Commencement of Tender Offer by Eisai Co., Ltd. for Share Certificates, etc., of EcoNaviSta Inc. (Securities Code: )",
    "link": "https://www.eisai.com/news//news202521.html",
    "timestamp": "unknown"
  },
  {
    "title": "Notice Concerning Commencement of Tender Offer by Eisai Co., Ltd. for Share Certificates, etc., of EcoNaviSta Inc. (Securities Code: )",
    "link": "https://www.eisai.com/news//news202521.html",
    "timestamp": "unknown"
  },
  {
    "title": "March ,CorporateSustainabilityEISAI RECOGNIZED AS \u201c KENKO INVESTMENT FOR HEALTH\u201d FOR THE FIRST TIME AND CERTIFIED AS \u201cOUTSTANDING ORGANIZATION OF KENK",
    "link": "https://www.eisai.com/news//news202520.html",
    "timestamp": "unknown"
  },
  {
    "title": "EISAI RECOGNIZED AS \u201c KENKO INVESTMENT FOR HEALTH\u201d FOR THE FIRST TIME AND CERTIFIED AS \u201cOUTSTANDING ORGANIZATION OF KENKO INVESTMENT FOR HEALTH PROGRA",
    "link": "https://www.eisai.com/news//news202520.html",
    "timestamp": "unknown"
  },
  {
    "title": "March ,CorporateEisai Announces Appointments of Corporate Officers",
    "link": "https://www.eisai.com/news//news202519.html",
    "timestamp": "unknown"
  },
  {
    "title": "Eisai Announces Appointments of Corporate Officers",
    "link": "https://www.eisai.com/news//news202519.html",
    "timestamp": "unknown"
  },
  {
    "title": "March ,CorporateNotice of Nominees for Directors",
    "link": "https://www.eisai.com/news//news202518.html",
    "timestamp": "unknown"
  },
  {
    "title": "Notice of Nominees for Directors",
    "link": "https://www.eisai.com/news//news202518.html",
    "timestamp": "unknown"
  },
  {
    "title": "March ,CorporateNotification Regarding Changes in Representative Corporate Officers",
    "link": "https://www.eisai.com/news//news202517.html",
    "timestamp": "unknown"
  },
  {
    "title": "Notification Regarding Changes in Representative Corporate Officers",
    "link": "https://www.eisai.com/news//news202517.html",
    "timestamp": "unknown"
  },
  {
    "title": "March ,CorporateProductsUPDATE ON THE CO-PROMOTION OF THE ORAL ANTIFUNGAL AGENT NAILIN\u00ae CAPSULES 100MG IN JAPAN",
    "link": "https://www.eisai.com/news//news202516.html",
    "timestamp": "unknown"
  },
  {
    "title": "UPDATE ON THE CO-PROMOTION OF THE ORAL ANTIFUNGAL AGENT NAILIN\u00ae CAPSULES 100MG IN JAPAN",
    "link": "https://www.eisai.com/news//news202516.html",
    "timestamp": "unknown"
  },
  {
    "title": "March ,R&DProductsEisai Receives Regulatory Review Outcome for Lecanemab as a Treatment for Early Alzheimer\u2019s Disease in Australia",
    "link": "https://www.eisai.com/news//news202515.html",
    "timestamp": "unknown"
  },
  {
    "title": "Eisai Receives Regulatory Review Outcome for Lecanemab as a Treatment for Early Alzheimer\u2019s Disease in Australia",
    "link": "https://www.eisai.com/news//news202515.html",
    "timestamp": "unknown"
  },
  {
    "title": "March ,Products\u201cFatigue Recovery While You Sleep!\u201d Eisai to Launch Designated Quasi-Drug Drink \u201cChocola BB\u00ae Nightwell\u201dEasy-To-Drink Grapefruit Flavor ",
    "link": "https://www.eisai.com/news//news202514.html",
    "timestamp": "unknown"
  },
  {
    "title": "\u201cFatigue Recovery While You Sleep!\u201d Eisai to Launch Designated Quasi-Drug Drink \u201cChocola BB\u00ae Nightwell\u201dEasy-To-Drink Grapefruit Flavor Containing Herb",
    "link": "https://www.eisai.com/news//news202514.html",
    "timestamp": "unknown"
  },
  {
    "title": "February ,R&DProductsThe Committee for Medicinal Products for Human Use (CHMP) Reaffirms Positive Opinion for Lecanemab in Early Alzheimer\u2019s Disease",
    "link": "https://www.eisai.com/news//news202513.html",
    "timestamp": "unknown"
  },
  {
    "title": "The Committee for Medicinal Products for Human Use (CHMP) Reaffirms Positive Opinion for Lecanemab in Early Alzheimer\u2019s Disease",
    "link": "https://www.eisai.com/news//news202513.html",
    "timestamp": "unknown"
  },
  {
    "title": "February ,CorporateProductsEisai Enters into License Agreement for the Development and Distribution of Fibroblast Growth Factor (FGF) Receptor Selecti",
    "link": "https://www.eisai.com/news//news202512.html",
    "timestamp": "unknown"
  },
  {
    "title": "Eisai Enters into License Agreement for the Development and Distribution of Fibroblast Growth Factor (FGF) Receptor Selective Tyrosine Kinase Inhibito",
    "link": "https://www.eisai.com/news//news202512.html",
    "timestamp": "unknown"
  },
  {
    "title": "February ,CorporateSustainabilityEISAI SELECTED FOR \u201cHUMAN CAPITAL LEADERS \u201d AND \u201cHUMAN CAPITAL MANAGEMENT GOLD QUALITY\u201d FOR SECOND CONSECUTIVE YEAR,A",
    "link": "https://www.eisai.com/news//news202511.html",
    "timestamp": "unknown"
  },
  {
    "title": "EISAI SELECTED FOR \u201cHUMAN CAPITAL LEADERS \u201d AND \u201cHUMAN CAPITAL MANAGEMENT GOLD QUALITY\u201d FOR SECOND CONSECUTIVE YEAR,AS A COMPANY COMMITTED TO EXCELLEN",
    "link": "https://www.eisai.com/news//news202511.html",
    "timestamp": "unknown"
  },
  {
    "title": "February ,R&DDEVELOPMENT OF PREDICTION MODEL FOR BRAIN AMYLOID-BETA ACCUMULATION FOR EARLY SCREENING OF ALZHEIMER\u2019S DISEASEMACHINE LEARNING MODEL USIN",
    "link": "https://www.eisai.com/news//news202510.html",
    "timestamp": "unknown"
  },
  {
    "title": "DEVELOPMENT OF PREDICTION MODEL FOR BRAIN AMYLOID-BETA ACCUMULATION FOR EARLY SCREENING OF ALZHEIMER\u2019S DISEASEMACHINE LEARNING MODEL USING DATA THAT C",
    "link": "https://www.eisai.com/news//news202510.html",
    "timestamp": "unknown"
  },
  {
    "title": "February ,CorporateSustainabilityEisai Rated \u201cA\u201d, the Highest Rating by CDP in the Categories of Climate Change and Water Security",
    "link": "https://www.eisai.com/news//news202509.html",
    "timestamp": "unknown"
  },
  {
    "title": "Eisai Rated \u201cA\u201d, the Highest Rating by CDP in the Categories of Climate Change and Water Security",
    "link": "https://www.eisai.com/news//news202509.html",
    "timestamp": "unknown"
  },
  {
    "title": "February ,CorporateEcosystemEisai to Provide Guidance on Reducing the Risk of Cognitive Decline and Nutrition, and Development Guidelines for Home Del",
    "link": "https://www.eisai.com/news//news202508.html",
    "timestamp": "unknown"
  },
  {
    "title": "Eisai to Provide Guidance on Reducing the Risk of Cognitive Decline and Nutrition, and Development Guidelines for Home Delivery Meals/Meal Kits to Foo",
    "link": "https://www.eisai.com/news//news202508.html",
    "timestamp": "unknown"
  },
  {
    "title": "January ,R&DProductsUpdate on Regulatory Review of Lecanemab for Early Alzheimer\u2019s Disease in the European Union",
    "link": "https://www.eisai.com/news//news202507.html",
    "timestamp": "unknown"
  },
  {
    "title": "Update on Regulatory Review of Lecanemab for Early Alzheimer\u2019s Disease in the European Union",
    "link": "https://www.eisai.com/news//news202507.html",
    "timestamp": "unknown"
  },
  {
    "title": "January ,R&DProductsFDA Approves LEQEMBI\u00ae (lecanemab-irmb) IV Maintenance Dosing for the Treatment ofEarly Alzheimer\u2019s DiseaseOnce every four weeks ma",
    "link": "https://www.eisai.com/news//news202506.html",
    "timestamp": "unknown"
  },
  {
    "title": "FDA Approves LEQEMBI\u00ae (lecanemab-irmb) IV Maintenance Dosing for the Treatment ofEarly Alzheimer\u2019s DiseaseOnce every four weeks maintenance dosing may",
    "link": "https://www.eisai.com/news//news202506.html",
    "timestamp": "unknown"
  },
  {
    "title": "January ,R&DProductsEisai and Merck & Co., Inc., Rahway, NJ, USA Provide Update on Phase  LEAP- Trial Evaluating LENVIMA\u00ae (lenvatinib) Plus KEYTRUDA\u00ae ",
    "link": "https://www.eisai.com/news//news202505.html",
    "timestamp": "unknown"
  },
  {
    "title": "Eisai and Merck & Co., Inc., Rahway, NJ, USA Provide Update on Phase  LEAP- Trial Evaluating LENVIMA\u00ae (lenvatinib) Plus KEYTRUDA\u00ae (pembrolizumab) in C",
    "link": "https://www.eisai.com/news//news202505.html",
    "timestamp": "unknown"
  },
  {
    "title": "January ,CorporateEisai Releases Corporate Film \u201c Percent,  Mission. Change the World.\u201d",
    "link": "https://www.eisai.com/news//news202504.html",
    "timestamp": "unknown"
  },
  {
    "title": "Eisai Releases Corporate Film \u201c Percent,  Mission. Change the World.\u201d",
    "link": "https://www.eisai.com/news//news202504.html",
    "timestamp": "unknown"
  },
  {
    "title": "January ,CorporateSustainabilityEISAI LISTED AS A GLOBAL  MOST SUSTAINABLE CORPORATION FOR THE NINTH TIMEHIGHEST RANKED GLOBAL PHARMACEUTICAL COMPANY",
    "link": "https://www.eisai.com/news//news202503.html",
    "timestamp": "unknown"
  },
  {
    "title": "EISAI LISTED AS A GLOBAL  MOST SUSTAINABLE CORPORATION FOR THE NINTH TIMEHIGHEST RANKED GLOBAL PHARMACEUTICAL COMPANY",
    "link": "https://www.eisai.com/news//news202503.html",
    "timestamp": "unknown"
  },
  {
    "title": "January ,R&DProductsFDA Accepts LEQEMBI\u00ae (lecanemab-irmb) Biologics License Application for Subcutaneous Maintenance Dosing for the Treatment of Early",
    "link": "https://www.eisai.com/news//news202502.html",
    "timestamp": "unknown"
  },
  {
    "title": "FDA Accepts LEQEMBI\u00ae (lecanemab-irmb) Biologics License Application for Subcutaneous Maintenance Dosing for the Treatment of Early Alzheimer\u2019s Disease",
    "link": "https://www.eisai.com/news//news202502.html",
    "timestamp": "unknown"
  },
  {
    "title": "January ,R&DProductsElucidation of part of the Mechanism by which Lecanemab Slows the Progression of Alzheimer\u2019s Disease",
    "link": "https://www.eisai.com/news//news202501.html",
    "timestamp": "unknown"
  },
  {
    "title": "Elucidation of part of the Mechanism by which Lecanemab Slows the Progression of Alzheimer\u2019s Disease",
    "link": "https://www.eisai.com/news//news202501.html",
    "timestamp": "unknown"
  },
  {
    "title": "News ReleaseReleaseReleaseReleaseReleaseReleaseReleaseReleaseReleaseReleaseReleaseReleaseReleaseReleaseReleaseReleaseReleaseReleaseReleaseReleaseRelea",
    "link": "https://www.eisai.com/news/index.html",
    "timestamp": "unknown"
  },
  {
    "title": "Release",
    "link": "https://www.eisai.com/news/index.html",
    "timestamp": "unknown"
  },
  {
    "title": "Release",
    "link": "https://www.eisai.com/news/index.html",
    "timestamp": "unknown"
  },
  {
    "title": "Release",
    "link": "https://www.eisai.com/news//index.html",
    "timestamp": "unknown"
  },
  {
    "title": "Release",
    "link": "https://www.eisai.com/news//index.html",
    "timestamp": "unknown"
  },
  {
    "title": "Release",
    "link": "https://www.eisai.com/news//index.html",
    "timestamp": "unknown"
  },
  {
    "title": "Release",
    "link": "https://www.eisai.com/news//index.html",
    "timestamp": "unknown"
  },
  {
    "title": "Release",
    "link": "https://www.eisai.com/news//index.html",
    "timestamp": "unknown"
  },
  {
    "title": "Release",
    "link": "https://www.eisai.com/news//index.html",
    "timestamp": "unknown"
  },
  {
    "title": "Release",
    "link": "https://www.eisai.com/news//index.html",
    "timestamp": "unknown"
  },
  {
    "title": "Release",
    "link": "https://www.eisai.com/news/index2017.html",
    "timestamp": "unknown"
  },
  {
    "title": "Release",
    "link": "https://www.eisai.com/news/index2016.html",
    "timestamp": "unknown"
  },
  {
    "title": "Release",
    "link": "https://www.eisai.com/news/index2015.html",
    "timestamp": "unknown"
  },
  {
    "title": "Release",
    "link": "https://www.eisai.com/news/index2014.html",
    "timestamp": "unknown"
  },
  {
    "title": "Release",
    "link": "https://www.eisai.com/news/index2013.html",
    "timestamp": "unknown"
  },
  {
    "title": "Release",
    "link": "https://www.eisai.com/news/index2012.html",
    "timestamp": "unknown"
  },
  {
    "title": "Release",
    "link": "https://www.eisai.com/news/index2011.html",
    "timestamp": "unknown"
  },
  {
    "title": "Release",
    "link": "https://www.eisai.com/news/index2010.html",
    "timestamp": "unknown"
  },
  {
    "title": "Release",
    "link": "https://www.eisai.com/news/index2009.html",
    "timestamp": "unknown"
  },
  {
    "title": "Release",
    "link": "https://www.eisai.com/news/index2008.html",
    "timestamp": "unknown"
  },
  {
    "title": "Release",
    "link": "https://www.eisai.com/news/index2007.html",
    "timestamp": "unknown"
  },
  {
    "title": "Eisai'shhcConceptMission and Results\u201cSocialization\u201d is Key to Conceiving and Implementing Our ActivitieshhcDriven Innovation Activities (hhcActivities",
    "link": "https://www.eisai.com/hhc/index.html",
    "timestamp": "unknown"
  },
  {
    "title": "Eisai'shhcConceptMission and Results\u201cSocialization\u201d is Key to Conceiving and Implementing Our ActivitieshhcDriven Innovation Activities (hhcActivities",
    "link": "https://www.eisai.com/hhc/index.html",
    "timestamp": "unknown"
  },
  {
    "title": "Eisai'shhcConceptMission and Results\u201cSocialization\u201d is Key to Conceiving and Implementing Our ActivitieshhcDriven Innovation Activities (hhcActivities",
    "link": "https://www.eisai.com/hhc/index.html",
    "timestamp": "unknown"
  },
  {
    "title": "Eisai'shhcConceptMission and Results\u201cSocialization\u201d is Key to Conceiving and Implementing Our ActivitieshhcDriven Innovation Activities (hhcActivities",
    "link": "https://www.eisai.com/hhc/index.html",
    "timestamp": "unknown"
  },
  {
    "title": "Eisai'shhcConcept",
    "link": "https://www.eisai.com/hhc/index.html",
    "timestamp": "unknown"
  },
  {
    "title": "Mission and Results",
    "link": "https://www.eisai.com/hhc/index.html#anc-",
    "timestamp": "unknown"
  },
  {
    "title": "\u201cSocialization\u201d is Key to Conceiving and Implementing Our Activities",
    "link": "https://www.eisai.com/hhc/index.html#anc-",
    "timestamp": "unknown"
  },
  {
    "title": "hhcDriven Innovation Activities (hhcActivities)",
    "link": "https://www.eisai.com/hhc/index.html#anc-",
    "timestamp": "unknown"
  },
  {
    "title": "hhcActivities",
    "link": "https://www.eisai.com/hhc/index.html#anc-",
    "timestamp": "unknown"
  },
  {
    "title": "Empowering People to Realize Their Fullest Life",
    "link": "https://www.eisai.com/hhc/index.html#anc-",
    "timestamp": "unknown"
  },
  {
    "title": "InnovationResearch and Development (R&D)EcosystemOpen InnovationCorporate Venture Capital",
    "link": "https://www.eisai.com/innovation/index.html",
    "timestamp": "unknown"
  },
  {
    "title": "Innovation",
    "link": "https://www.eisai.com/innovation/index.html",
    "timestamp": "unknown"
  },
  {
    "title": "Research and Development (R&D)",
    "link": "https://www.eisai.com/innovation/research/index.html",
    "timestamp": "unknown"
  },
  {
    "title": "Ecosystem",
    "link": "https://www.eisai.com/innovation/ecosystem/index.html",
    "timestamp": "unknown"
  },
  {
    "title": "Open Innovation",
    "link": "https://www.eisai.com/innovation/open_innovation/index.html",
    "timestamp": "unknown"
  },
  {
    "title": "Corporate Venture Capital",
    "link": "https://www.eisai.com/innovation/cvc/index.html",
    "timestamp": "unknown"
  },
  {
    "title": "InvestorsManagement PolicyIR LibraryFinancial DataIR EventsStock & Bond InformationE-Mail Alerts",
    "link": "https://www.eisai.com/ir/index.html",
    "timestamp": "unknown"
  },
  {
    "title": "Investors",
    "link": "https://www.eisai.com/ir/index.html",
    "timestamp": "unknown"
  },
  {
    "title": "Management Policy",
    "link": "https://www.eisai.com/ir/management/index.html",
    "timestamp": "unknown"
  },
  {
    "title": "IR Library",
    "link": "https://www.eisai.com/ir/library/index.html",
    "timestamp": "unknown"
  },
  {
    "title": "Financial Data",
    "link": "https://www.eisai.com/ir/financial_data/index.html",
    "timestamp": "unknown"
  },
  {
    "title": "IR Events",
    "link": "https://www.eisai.com/ir/calendar/index.html",
    "timestamp": "unknown"
  },
  {
    "title": "Stock & Bond Information",
    "link": "https://www.eisai.com/ir/stock/index.html",
    "timestamp": "unknown"
  },
  {
    "title": "E-Mail Alerts",
    "link": "https://reg18.smp.ne.jp/regist/is?SMPFORM=ofr-pjmcp-3eeb4b68adb3d924b271cc153eab1837",
    "timestamp": "unknown"
  },
  {
    "title": "SustainabilityEisai's SustainabilitySustainability ManagementImproving Access to MedicinesEnvironmentSocietySocial Impact Creation ModelGovernanceESG ",
    "link": "https://www.eisai.com/sustainability/index.html",
    "timestamp": "unknown"
  },
  {
    "title": "Sustainability",
    "link": "https://www.eisai.com/sustainability/index.html",
    "timestamp": "unknown"
  },
  {
    "title": "Eisai's Sustainability",
    "link": "https://www.eisai.com/sustainability/attitude/index.html",
    "timestamp": "unknown"
  },
  {
    "title": "Sustainability Management",
    "link": "https://www.eisai.com/sustainability/management/index.html",
    "timestamp": "unknown"
  },
  {
    "title": "Improving Access to Medicines",
    "link": "https://www.eisai.com/sustainability/atm/index.html",
    "timestamp": "unknown"
  },
  {
    "title": "Environment",
    "link": "https://www.eisai.com/sustainability/environment/index.html",
    "timestamp": "unknown"
  },
  {
    "title": "Society",
    "link": "https://www.eisai.com/sustainability/society/index.html",
    "timestamp": "unknown"
  },
  {
    "title": "Social Impact Creation Model",
    "link": "https://www.eisai.com/sustainability/impact/index.html",
    "timestamp": "unknown"
  },
  {
    "title": "Governance",
    "link": "https://www.eisai.com/sustainability/governance/index.html",
    "timestamp": "unknown"
  },
  {
    "title": "ESG Data & Report",
    "link": "https://www.eisai.com/sustainability/esg_data/index.html",
    "timestamp": "unknown"
  },
  {
    "title": "Third-Party Assessment",
    "link": "https://www.eisai.com/sustainability/evaluation/index.html",
    "timestamp": "unknown"
  },
  {
    "title": "About EisaiMessage from Top ManagementCorporate MissionCorporate InformationCorporate GovernanceBusiness ActivitiesVideo LibraryEisai at a Glance",
    "link": "https://www.eisai.com/company/index.html",
    "timestamp": "unknown"
  },
  {
    "title": "About Eisai",
    "link": "https://www.eisai.com/company/index.html",
    "timestamp": "unknown"
  },
  {
    "title": "Message from Top Management",
    "link": "https://www.eisai.com/company/message/index.html",
    "timestamp": "unknown"
  },
  {
    "title": "Corporate Mission",
    "link": "https://www.eisai.com/company/philosophy/index.html",
    "timestamp": "unknown"
  },
  {
    "title": "Corporate Information",
    "link": "https://www.eisai.com/company/profile/index.html",
    "timestamp": "unknown"
  },
  {
    "title": "Corporate Governance",
    "link": "https://www.eisai.com/company/governance/index.html",
    "timestamp": "unknown"
  },
  {
    "title": "Business Activities",
    "link": "https://www.eisai.com/company/business/index.html",
    "timestamp": "unknown"
  },
  {
    "title": "Video Library",
    "link": "https://www.eisai.com/company/video/index.html",
    "timestamp": "unknown"
  },
  {
    "title": "Eisai at a Glance",
    "link": "https://www.eisai.com/company/glance/index.html",
    "timestamp": "unknown"
  },
  {
    "title": "News ReleaseContact Us",
    "link": "https://www.eisai.com/news/index.html",
    "timestamp": "unknown"
  },
  {
    "title": "News Release",
    "link": "https://www.eisai.com/news/index.html",
    "timestamp": "unknown"
  },
  {
    "title": "Contact Us",
    "link": "https://www.eisai.com/inquiry/index.html",
    "timestamp": "unknown"
  },
  {
    "title": "SitemapPrivacy PolicyExternal Data TransmissionTerms of UseRecommended EnvironmentSNS Community GuidelinesAccessibilityFollow us on:Copyright \u00a9 Eisai ",
    "link": "https://www.eisai.com/news/index.html#top",
    "timestamp": "unknown"
  },
  {
    "title": "SitemapPrivacy PolicyExternal Data TransmissionTerms of UseRecommended EnvironmentSNS Community GuidelinesAccessibilityFollow us on:",
    "link": "https://www.eisai.com/sitemap/index.html",
    "timestamp": "unknown"
  },
  {
    "title": "Sitemap",
    "link": "https://www.eisai.com/sitemap/index.html",
    "timestamp": "unknown"
  },
  {
    "title": "Privacy Policy",
    "link": "https://www.eisai.com/privacy/index.html",
    "timestamp": "unknown"
  },
  {
    "title": "External Data Transmission",
    "link": "https://www.eisai.com/privacy/external-transmission/index.html",
    "timestamp": "unknown"
  },
  {
    "title": "Terms of Use",
    "link": "https://www.eisai.com/aboutsite/index.html",
    "timestamp": "unknown"
  },
  {
    "title": "Recommended Environment",
    "link": "https://www.eisai.com/browser/index.html",
    "timestamp": "unknown"
  },
  {
    "title": "SNS Community Guidelines",
    "link": "https://www.eisai.com/community_guidelines/index.html",
    "timestamp": "unknown"
  },
  {
    "title": "Accessibility",
    "link": "https://www.eisai.com/accessibility/index.html",
    "timestamp": "unknown"
  },
  {
    "title": "Follow us on:",
    "link": "https://twitter.com/Eisai_SDGs",
    "timestamp": "unknown"
  }
]