[
  {
    "title": "MenuEisai'shhcConceptInnovationBackInnovationResearch and Development (R&D)hhceco (thehhcConcept + ecosystem)Open InnovationCorporate Venture CapitalC",
    "link": "https://www.eisai.com/index.html",
    "timestamp": "unknown"
  },
  {
    "title": "MenuEisai'shhcConceptInnovationBackInnovationResearch and Development (R&D)hhceco (thehhcConcept + ecosystem)Open InnovationCorporate Venture CapitalC",
    "link": "https://www.eisai.com/hhc/index.html",
    "timestamp": "unknown"
  },
  {
    "title": "Eisai'shhcConceptInnovationBackInnovationResearch and Development (R&D)hhceco (thehhcConcept + ecosystem)Open InnovationCorporate Venture CapitalClose",
    "link": "https://www.eisai.com/hhc/index.html",
    "timestamp": "unknown"
  },
  {
    "title": "Eisai'shhcConcept",
    "link": "https://www.eisai.com/hhc/index.html",
    "timestamp": "unknown"
  },
  {
    "title": "InnovationBackInnovationResearch and Development (R&D)hhceco (thehhcConcept + ecosystem)Open InnovationCorporate Venture CapitalCloseBackResearch and ",
    "link": "https://www.eisai.com/innovation/index.html",
    "timestamp": "unknown"
  },
  {
    "title": "BackInnovationResearch and Development (R&D)hhceco (thehhcConcept + ecosystem)Open InnovationCorporate Venture CapitalCloseBackResearch and Developmen",
    "link": "https://www.eisai.com/ir/library/index.html",
    "timestamp": "unknown"
  },
  {
    "title": "BackInnovationResearch and Development (R&D)hhceco (thehhcConcept + ecosystem)Open InnovationCorporate Venture CapitalCloseBackResearch and Developmen",
    "link": "https://www.eisai.com/ir/library/index.html",
    "timestamp": "unknown"
  },
  {
    "title": "BackInnovationResearch and Development (R&D)hhceco (thehhcConcept + ecosystem)Open InnovationCorporate Venture Capital",
    "link": "https://www.eisai.com/ir/library/index.html",
    "timestamp": "unknown"
  },
  {
    "title": "Innovation",
    "link": "https://www.eisai.com/innovation/index.html",
    "timestamp": "unknown"
  },
  {
    "title": "Research and Development (R&D)hhceco (thehhcConcept + ecosystem)Open InnovationCorporate Venture Capital",
    "link": "https://www.eisai.com/innovation/research/index.html",
    "timestamp": "unknown"
  },
  {
    "title": "Research and Development (R&D)",
    "link": "https://www.eisai.com/innovation/research/index.html",
    "timestamp": "unknown"
  },
  {
    "title": "hhceco (thehhcConcept + ecosystem)",
    "link": "https://www.eisai.com/innovation/ecosystem/index.html",
    "timestamp": "unknown"
  },
  {
    "title": "Open Innovation",
    "link": "https://www.eisai.com/innovation/open_innovation/index.html",
    "timestamp": "unknown"
  },
  {
    "title": "Corporate Venture Capital",
    "link": "https://www.eisai.com/innovation/cvc/index.html",
    "timestamp": "unknown"
  },
  {
    "title": "CloseBackResearch and Development (R&D)Research and Development (R&D)Eisai's Drug Discovery, Research and Development Sites WorldwideFlow of R&D (Drug",
    "link": "https://www.eisai.com/ir/library/index.html",
    "timestamp": "unknown"
  },
  {
    "title": "Research and Development (R&D)",
    "link": "https://www.eisai.com/innovation/research/index.html",
    "timestamp": "unknown"
  },
  {
    "title": "Research and Development (R&D)",
    "link": "https://www.eisai.com/innovation/research/index.html",
    "timestamp": "unknown"
  },
  {
    "title": "Eisai's Drug Discovery, Research and Development Sites Worldwide",
    "link": "https://www.eisai.com/innovation/research/rd_sites/index.html",
    "timestamp": "unknown"
  },
  {
    "title": "Flow of R&D (Drug Creation Research)",
    "link": "https://www.eisai.com/innovation/research/research/index.html",
    "timestamp": "unknown"
  },
  {
    "title": "Latest Major R&D Pipeline",
    "link": "https://www.eisai.com/innovation/research/pipeline/index.html",
    "timestamp": "unknown"
  },
  {
    "title": "Key Therapeutic Areas",
    "link": "https://www.eisai.com/innovation/research/key_therapeutic_areas/index.html",
    "timestamp": "unknown"
  },
  {
    "title": "Clinical Trials",
    "link": "https://www.eisai.com/innovation/research/clinical_trials/index.html",
    "timestamp": "unknown"
  },
  {
    "title": "Use of Digital Technology",
    "link": "https://www.eisai.com/innovation/research/digital/index.html",
    "timestamp": "unknown"
  },
  {
    "title": "Policies and Guidelines",
    "link": "https://www.eisai.com/innovation/research/policies_guidelines/index.html",
    "timestamp": "unknown"
  },
  {
    "title": "News ReleaseWorldwideJapaneseContact UsSearch",
    "link": "https://www.eisai.com/news/index.html",
    "timestamp": "unknown"
  },
  {
    "title": "News ReleaseWorldwideJapaneseContact UsSearch",
    "link": "https://www.eisai.com/news/index.html",
    "timestamp": "unknown"
  },
  {
    "title": "News Release",
    "link": "https://www.eisai.com/news/index.html",
    "timestamp": "unknown"
  },
  {
    "title": "Worldwide",
    "link": "https://www.eisai.com/company/profile/group/index.html",
    "timestamp": "unknown"
  },
  {
    "title": "Japanese",
    "link": "https://www.eisai.co.jp/",
    "timestamp": "unknown"
  },
  {
    "title": "Contact Us",
    "link": "https://www.eisai.com/inquiry/index.html",
    "timestamp": "unknown"
  },
  {
    "title": "CloseBackhhceco (thehhcConcept + ecosystem)Collaboration with Other Industries and Local MunicipalitiesCollaborations with Partners on Blood Biomarker",
    "link": "https://www.eisai.com/ir/library/index.html",
    "timestamp": "unknown"
  },
  {
    "title": "hhceco (thehhcConcept + ecosystem)",
    "link": "https://www.eisai.com/innovation/ecosystem/index.html",
    "timestamp": "unknown"
  },
  {
    "title": "Collaboration with Other Industries and Local Municipalities",
    "link": "https://www.eisai.com/innovation/ecosystem/collabo/index.html",
    "timestamp": "unknown"
  },
  {
    "title": "Collaborations with Partners on Blood Biomarkers",
    "link": "https://www.eisai.com/innovation/ecosystem/bbm/index.html",
    "timestamp": "unknown"
  },
  {
    "title": "News ReleaseWorldwideJapaneseContact UsSearch",
    "link": "https://www.eisai.com/news/index.html",
    "timestamp": "unknown"
  },
  {
    "title": "News ReleaseWorldwideJapaneseContact UsSearch",
    "link": "https://www.eisai.com/news/index.html",
    "timestamp": "unknown"
  },
  {
    "title": "News Release",
    "link": "https://www.eisai.com/news/index.html",
    "timestamp": "unknown"
  },
  {
    "title": "Worldwide",
    "link": "https://www.eisai.com/company/profile/group/index.html",
    "timestamp": "unknown"
  },
  {
    "title": "Japanese",
    "link": "https://www.eisai.co.jp/",
    "timestamp": "unknown"
  },
  {
    "title": "Contact Us",
    "link": "https://www.eisai.com/inquiry/index.html",
    "timestamp": "unknown"
  },
  {
    "title": "News ReleaseWorldwideJapaneseContact UsSearch",
    "link": "https://www.eisai.com/news/index.html",
    "timestamp": "unknown"
  },
  {
    "title": "News ReleaseWorldwideJapaneseContact UsSearch",
    "link": "https://www.eisai.com/news/index.html",
    "timestamp": "unknown"
  },
  {
    "title": "News Release",
    "link": "https://www.eisai.com/news/index.html",
    "timestamp": "unknown"
  },
  {
    "title": "Worldwide",
    "link": "https://www.eisai.com/company/profile/group/index.html",
    "timestamp": "unknown"
  },
  {
    "title": "Japanese",
    "link": "https://www.eisai.co.jp/",
    "timestamp": "unknown"
  },
  {
    "title": "Contact Us",
    "link": "https://www.eisai.com/inquiry/index.html",
    "timestamp": "unknown"
  },
  {
    "title": "InvestorsBackInvestorsManagement PolicyIR LibraryFinancial DataIR EventsStock & Bond InformationE-Mail AlertsCloseBackManagement PolicyMedium-term Bus",
    "link": "https://www.eisai.com/ir/index.html",
    "timestamp": "unknown"
  },
  {
    "title": "BackInvestorsManagement PolicyIR LibraryFinancial DataIR EventsStock & Bond InformationE-Mail AlertsCloseBackManagement PolicyMedium-term Business Pla",
    "link": "https://www.eisai.com/ir/library/index.html",
    "timestamp": "unknown"
  },
  {
    "title": "BackInvestorsManagement PolicyIR LibraryFinancial DataIR EventsStock & Bond InformationE-Mail AlertsCloseBackManagement PolicyMedium-term Business Pla",
    "link": "https://www.eisai.com/ir/library/index.html",
    "timestamp": "unknown"
  },
  {
    "title": "BackInvestorsManagement PolicyIR LibraryFinancial DataIR EventsStock & Bond InformationE-Mail Alerts",
    "link": "https://www.eisai.com/ir/library/index.html",
    "timestamp": "unknown"
  },
  {
    "title": "Investors",
    "link": "https://www.eisai.com/ir/index.html",
    "timestamp": "unknown"
  },
  {
    "title": "Management PolicyIR LibraryFinancial DataIR EventsStock & Bond InformationE-Mail Alerts",
    "link": "https://www.eisai.com/ir/management/index.html",
    "timestamp": "unknown"
  },
  {
    "title": "Management Policy",
    "link": "https://www.eisai.com/ir/management/index.html",
    "timestamp": "unknown"
  },
  {
    "title": "IR Library",
    "link": "https://www.eisai.com/ir/library/index.html",
    "timestamp": "unknown"
  },
  {
    "title": "Financial Data",
    "link": "https://www.eisai.com/ir/financial_data/index.html",
    "timestamp": "unknown"
  },
  {
    "title": "IR Events",
    "link": "https://www.eisai.com/ir/calendar/index.html",
    "timestamp": "unknown"
  },
  {
    "title": "Stock & Bond Information",
    "link": "https://www.eisai.com/ir/stock/index.html",
    "timestamp": "unknown"
  },
  {
    "title": "E-Mail Alerts",
    "link": "https://reg18.smp.ne.jp/regist/is?SMPFORM=ofr-pjmcp-3eeb4b68adb3d924b271cc153eab1837",
    "timestamp": "unknown"
  },
  {
    "title": "CloseBackManagement PolicyMedium-term Business Plan and Its ProgressBasic Policy for Capital StrategyBasic Policies Regarding Persons to Control the D",
    "link": "https://www.eisai.com/ir/library/index.html",
    "timestamp": "unknown"
  },
  {
    "title": "Management Policy",
    "link": "https://www.eisai.com/ir/management/index.html",
    "timestamp": "unknown"
  },
  {
    "title": "Medium-term Business Plan and Its Progress",
    "link": "https://www.eisai.com/ir/management/strategy/index.html",
    "timestamp": "unknown"
  },
  {
    "title": "Basic Policy for Capital Strategy",
    "link": "https://www.eisai.com/ir/management/capitalpolicy/index.html",
    "timestamp": "unknown"
  },
  {
    "title": "Basic Policies Regarding Persons to Control the Determination of Financial and Business Policies of the Company",
    "link": "https://www.eisai.com/ir/management/basicpolicy.html",
    "timestamp": "unknown"
  },
  {
    "title": "Eisai Group Disclosure Policy",
    "link": "https://www.eisai.com/ir/management/disclosurepolicy/index.html",
    "timestamp": "unknown"
  },
  {
    "title": "News ReleaseWorldwideJapaneseContact UsSearch",
    "link": "https://www.eisai.com/news/index.html",
    "timestamp": "unknown"
  },
  {
    "title": "News ReleaseWorldwideJapaneseContact UsSearch",
    "link": "https://www.eisai.com/news/index.html",
    "timestamp": "unknown"
  },
  {
    "title": "News Release",
    "link": "https://www.eisai.com/news/index.html",
    "timestamp": "unknown"
  },
  {
    "title": "Worldwide",
    "link": "https://www.eisai.com/company/profile/group/index.html",
    "timestamp": "unknown"
  },
  {
    "title": "Japanese",
    "link": "https://www.eisai.co.jp/",
    "timestamp": "unknown"
  },
  {
    "title": "Contact Us",
    "link": "https://www.eisai.com/inquiry/index.html",
    "timestamp": "unknown"
  },
  {
    "title": "CloseBackIR LibraryFinancial ReportsAnnual Securities ReportsValue Creation Report / Human Capital ReportPresentationsNews ReleaseWorldwideJapaneseCon",
    "link": "https://www.eisai.com/ir/library/index.html",
    "timestamp": "unknown"
  },
  {
    "title": "IR Library",
    "link": "https://www.eisai.com/ir/library/index.html",
    "timestamp": "unknown"
  },
  {
    "title": "Financial Reports",
    "link": "https://www.eisai.com/ir/library/settlement/index.html",
    "timestamp": "unknown"
  },
  {
    "title": "Annual Securities Reports",
    "link": "https://www.eisai.com/ir/library/securities/index.html",
    "timestamp": "unknown"
  },
  {
    "title": "Value Creation Report / Human Capital Report",
    "link": "https://www.eisai.com/ir/library/annual/index.html",
    "timestamp": "unknown"
  },
  {
    "title": "Presentations",
    "link": "https://www.eisai.com/ir/library/presentations/index.html",
    "timestamp": "unknown"
  },
  {
    "title": "News ReleaseWorldwideJapaneseContact UsSearch",
    "link": "https://www.eisai.com/news/index.html",
    "timestamp": "unknown"
  },
  {
    "title": "News ReleaseWorldwideJapaneseContact UsSearch",
    "link": "https://www.eisai.com/news/index.html",
    "timestamp": "unknown"
  },
  {
    "title": "News Release",
    "link": "https://www.eisai.com/news/index.html",
    "timestamp": "unknown"
  },
  {
    "title": "Worldwide",
    "link": "https://www.eisai.com/company/profile/group/index.html",
    "timestamp": "unknown"
  },
  {
    "title": "Japanese",
    "link": "https://www.eisai.co.jp/",
    "timestamp": "unknown"
  },
  {
    "title": "Contact Us",
    "link": "https://www.eisai.com/inquiry/index.html",
    "timestamp": "unknown"
  },
  {
    "title": "CloseBackFinancial DataFinancial HighlightsBusiness ForecastFact SheetNews ReleaseWorldwideJapaneseContact UsSearchClose",
    "link": "https://www.eisai.com/ir/library/index.html",
    "timestamp": "unknown"
  },
  {
    "title": "Financial Data",
    "link": "https://www.eisai.com/ir/financial_data/index.html",
    "timestamp": "unknown"
  },
  {
    "title": "Financial Highlights",
    "link": "https://www.eisai.com/ir/financial_data/financial_highlight/index.html",
    "timestamp": "unknown"
  },
  {
    "title": "Business Forecast",
    "link": "https://www.eisai.com/ir/financial_data/forecast/index.html",
    "timestamp": "unknown"
  },
  {
    "title": "Fact Sheet",
    "link": "https://www.eisai.com/ir/financial_data/factsheet/index.html",
    "timestamp": "unknown"
  },
  {
    "title": "News ReleaseWorldwideJapaneseContact UsSearch",
    "link": "https://www.eisai.com/news/index.html",
    "timestamp": "unknown"
  },
  {
    "title": "News ReleaseWorldwideJapaneseContact UsSearch",
    "link": "https://www.eisai.com/news/index.html",
    "timestamp": "unknown"
  },
  {
    "title": "News Release",
    "link": "https://www.eisai.com/news/index.html",
    "timestamp": "unknown"
  },
  {
    "title": "Worldwide",
    "link": "https://www.eisai.com/company/profile/group/index.html",
    "timestamp": "unknown"
  },
  {
    "title": "Japanese",
    "link": "https://www.eisai.co.jp/",
    "timestamp": "unknown"
  },
  {
    "title": "Contact Us",
    "link": "https://www.eisai.com/inquiry/index.html",
    "timestamp": "unknown"
  },
  {
    "title": "CloseBackStock & Bond InformationStock InformationBonds and RatingsAnalyst CoverageGeneral Meeting of ShareholdersShareholder ReportsNews ReleaseWorld",
    "link": "https://www.eisai.com/ir/library/index.html",
    "timestamp": "unknown"
  },
  {
    "title": "Stock & Bond Information",
    "link": "https://www.eisai.com/ir/stock/index.html",
    "timestamp": "unknown"
  },
  {
    "title": "Stock Information",
    "link": "https://www.eisai.com/ir/stock/stock/index.html",
    "timestamp": "unknown"
  },
  {
    "title": "Bonds and Ratings",
    "link": "https://www.eisai.com/ir/stock/bonds/index.html",
    "timestamp": "unknown"
  },
  {
    "title": "Analyst Coverage",
    "link": "https://www.eisai.com/ir/stock/analyst/index.html",
    "timestamp": "unknown"
  },
  {
    "title": "General Meeting of Shareholders",
    "link": "https://www.eisai.com/ir/stock/meeting/index.html",
    "timestamp": "unknown"
  },
  {
    "title": "Shareholder Reports",
    "link": "https://www.eisai.com/ir/stock/report/index.html",
    "timestamp": "unknown"
  },
  {
    "title": "News ReleaseWorldwideJapaneseContact UsSearch",
    "link": "https://www.eisai.com/news/index.html",
    "timestamp": "unknown"
  },
  {
    "title": "News ReleaseWorldwideJapaneseContact UsSearch",
    "link": "https://www.eisai.com/news/index.html",
    "timestamp": "unknown"
  },
  {
    "title": "News Release",
    "link": "https://www.eisai.com/news/index.html",
    "timestamp": "unknown"
  },
  {
    "title": "Worldwide",
    "link": "https://www.eisai.com/company/profile/group/index.html",
    "timestamp": "unknown"
  },
  {
    "title": "Japanese",
    "link": "https://www.eisai.co.jp/",
    "timestamp": "unknown"
  },
  {
    "title": "Contact Us",
    "link": "https://www.eisai.com/inquiry/index.html",
    "timestamp": "unknown"
  },
  {
    "title": "News ReleaseWorldwideJapaneseContact UsSearch",
    "link": "https://www.eisai.com/news/index.html",
    "timestamp": "unknown"
  },
  {
    "title": "News ReleaseWorldwideJapaneseContact UsSearch",
    "link": "https://www.eisai.com/news/index.html",
    "timestamp": "unknown"
  },
  {
    "title": "News Release",
    "link": "https://www.eisai.com/news/index.html",
    "timestamp": "unknown"
  },
  {
    "title": "Worldwide",
    "link": "https://www.eisai.com/company/profile/group/index.html",
    "timestamp": "unknown"
  },
  {
    "title": "Japanese",
    "link": "https://www.eisai.co.jp/",
    "timestamp": "unknown"
  },
  {
    "title": "Contact Us",
    "link": "https://www.eisai.com/inquiry/index.html",
    "timestamp": "unknown"
  },
  {
    "title": "SustainabilityBackSustainabilityMessage from Top ManagementEisai's SustainabilitySustainability ManagementInitiatives for Improving Access to Medicine",
    "link": "https://www.eisai.com/sustainability/index.html",
    "timestamp": "unknown"
  },
  {
    "title": "BackSustainabilityMessage from Top ManagementEisai's SustainabilitySustainability ManagementInitiatives for Improving Access to MedicinesEnvironmentSo",
    "link": "https://www.eisai.com/ir/library/index.html",
    "timestamp": "unknown"
  },
  {
    "title": "BackSustainabilityMessage from Top ManagementEisai's SustainabilitySustainability ManagementInitiatives for Improving Access to MedicinesEnvironmentSo",
    "link": "https://www.eisai.com/ir/library/index.html",
    "timestamp": "unknown"
  },
  {
    "title": "BackSustainabilityMessage from Top ManagementEisai's SustainabilitySustainability ManagementInitiatives for Improving Access to MedicinesEnvironmentSo",
    "link": "https://www.eisai.com/ir/library/index.html",
    "timestamp": "unknown"
  },
  {
    "title": "Sustainability",
    "link": "https://www.eisai.com/sustainability/index.html",
    "timestamp": "unknown"
  },
  {
    "title": "Message from Top ManagementEisai's SustainabilitySustainability ManagementInitiatives for Improving Access to MedicinesEnvironmentSocietySocial Impact",
    "link": "https://www.eisai.com/sustainability/message/index.html",
    "timestamp": "unknown"
  },
  {
    "title": "Message from Top Management",
    "link": "https://www.eisai.com/sustainability/message/index.html",
    "timestamp": "unknown"
  },
  {
    "title": "Eisai's Sustainability",
    "link": "https://www.eisai.com/sustainability/attitude/index.html",
    "timestamp": "unknown"
  },
  {
    "title": "Sustainability Management",
    "link": "https://www.eisai.com/sustainability/management/index.html",
    "timestamp": "unknown"
  },
  {
    "title": "Initiatives for Improving Access to Medicines",
    "link": "https://www.eisai.com/sustainability/atm/index.html",
    "timestamp": "unknown"
  },
  {
    "title": "Environment",
    "link": "https://www.eisai.com/sustainability/environment/index.html",
    "timestamp": "unknown"
  },
  {
    "title": "Society",
    "link": "https://www.eisai.com/sustainability/society/index.html",
    "timestamp": "unknown"
  },
  {
    "title": "Social Impact Creation Model",
    "link": "https://www.eisai.com/sustainability/impact/index.html",
    "timestamp": "unknown"
  },
  {
    "title": "Governance",
    "link": "https://www.eisai.com/sustainability/governance/index.html",
    "timestamp": "unknown"
  },
  {
    "title": "ESG Data & Report",
    "link": "https://www.eisai.com/sustainability/esg_data/index.html",
    "timestamp": "unknown"
  },
  {
    "title": "Third-Party Assessment",
    "link": "https://www.eisai.com/sustainability/evaluation/index.html",
    "timestamp": "unknown"
  },
  {
    "title": "CloseBackSustainability ManagementSystem for Promoting SustainabilityEisai\u2019s Materiality (Material Topics)Sustainability Advisory BoardInitiatives for",
    "link": "https://www.eisai.com/ir/library/index.html",
    "timestamp": "unknown"
  },
  {
    "title": "Sustainability Management",
    "link": "https://www.eisai.com/sustainability/management/index.html",
    "timestamp": "unknown"
  },
  {
    "title": "System for Promoting Sustainability",
    "link": "https://www.eisai.com/sustainability/management/promoting_sustainability/index.html",
    "timestamp": "unknown"
  },
  {
    "title": "Eisai\u2019s Materiality (Material Topics)",
    "link": "https://www.eisai.com/sustainability/management/materiality/index.html",
    "timestamp": "unknown"
  },
  {
    "title": "Sustainability Advisory Board",
    "link": "https://www.eisai.com/sustainability/management/sustainabilityadvisory/index.html",
    "timestamp": "unknown"
  },
  {
    "title": "Initiatives for Sustainable Development Goals",
    "link": "https://www.eisai.com/sustainability/management/sdgs/index.html",
    "timestamp": "unknown"
  },
  {
    "title": "Member Organizations and Initiatives That Engage in Sustainability-Related Activities",
    "link": "https://www.eisai.com/sustainability/management/organizations_initiatives/index.html",
    "timestamp": "unknown"
  },
  {
    "title": "News ReleaseWorldwideJapaneseContact UsSearch",
    "link": "https://www.eisai.com/news/index.html",
    "timestamp": "unknown"
  },
  {
    "title": "News ReleaseWorldwideJapaneseContact UsSearch",
    "link": "https://www.eisai.com/news/index.html",
    "timestamp": "unknown"
  },
  {
    "title": "News Release",
    "link": "https://www.eisai.com/news/index.html",
    "timestamp": "unknown"
  },
  {
    "title": "Worldwide",
    "link": "https://www.eisai.com/company/profile/group/index.html",
    "timestamp": "unknown"
  },
  {
    "title": "Japanese",
    "link": "https://www.eisai.co.jp/",
    "timestamp": "unknown"
  },
  {
    "title": "Contact Us",
    "link": "https://www.eisai.com/inquiry/index.html",
    "timestamp": "unknown"
  },
  {
    "title": "CloseBackInitiatives for Improving Access to MedicinesOur Concept for Access to MedicinesInitiatives for Elimination of Neglected Tropical DiseasesIni",
    "link": "https://www.eisai.com/ir/library/index.html",
    "timestamp": "unknown"
  },
  {
    "title": "Initiatives for Improving Access to Medicines",
    "link": "https://www.eisai.com/sustainability/atm/index.html",
    "timestamp": "unknown"
  },
  {
    "title": "Our Concept for Access to Medicines",
    "link": "https://www.eisai.com/sustainability/atm/basis/index.html",
    "timestamp": "unknown"
  },
  {
    "title": "Initiatives for Elimination of Neglected Tropical Diseases",
    "link": "https://www.eisai.com/sustainability/atm/ntds/index.html",
    "timestamp": "unknown"
  },
  {
    "title": "Initiatives for Improving Access to Medicines for Non-communicable Diseases",
    "link": "https://www.eisai.com/sustainability/atm/improvingatm/index.html",
    "timestamp": "unknown"
  },
  {
    "title": "Research & Development for Improving Access to Medicines",
    "link": "https://www.eisai.com/sustainability/atm/innovation/index.html",
    "timestamp": "unknown"
  },
  {
    "title": "News ReleaseWorldwideJapaneseContact UsSearch",
    "link": "https://www.eisai.com/news/index.html",
    "timestamp": "unknown"
  },
  {
    "title": "News ReleaseWorldwideJapaneseContact UsSearch",
    "link": "https://www.eisai.com/news/index.html",
    "timestamp": "unknown"
  },
  {
    "title": "News Release",
    "link": "https://www.eisai.com/news/index.html",
    "timestamp": "unknown"
  },
  {
    "title": "Worldwide",
    "link": "https://www.eisai.com/company/profile/group/index.html",
    "timestamp": "unknown"
  },
  {
    "title": "Japanese",
    "link": "https://www.eisai.co.jp/",
    "timestamp": "unknown"
  },
  {
    "title": "Contact Us",
    "link": "https://www.eisai.com/inquiry/index.html",
    "timestamp": "unknown"
  },
  {
    "title": "CloseBackEnvironmentEnvironmental ManagementClimate CountermeasurePrevention of Environmental PollutionSustainable water useBiodiversity ConservationR",
    "link": "https://www.eisai.com/ir/library/index.html",
    "timestamp": "unknown"
  },
  {
    "title": "Environment",
    "link": "https://www.eisai.com/sustainability/environment/index.html",
    "timestamp": "unknown"
  },
  {
    "title": "Environmental Management",
    "link": "https://www.eisai.com/sustainability/environment/management/index.html",
    "timestamp": "unknown"
  },
  {
    "title": "Climate Countermeasure",
    "link": "https://www.eisai.com/sustainability/environment/climate-countermeasure/index.html",
    "timestamp": "unknown"
  },
  {
    "title": "Prevention of Environmental Pollution",
    "link": "https://www.eisai.com/sustainability/environment/pollution_prevention/index.html",
    "timestamp": "unknown"
  },
  {
    "title": "Sustainable water use",
    "link": "https://www.eisai.com/sustainability/environment/water_use/index.html",
    "timestamp": "unknown"
  },
  {
    "title": "Biodiversity Conservation",
    "link": "https://www.eisai.com/sustainability/environment/biodiversity_conservation/index.html",
    "timestamp": "unknown"
  },
  {
    "title": "Recycling of resources",
    "link": "https://www.eisai.com/sustainability/environment/resource_circulation/index.html",
    "timestamp": "unknown"
  },
  {
    "title": "Data",
    "link": "https://www.eisai.com/sustainability/environment/data/index.html",
    "timestamp": "unknown"
  },
  {
    "title": "News ReleaseWorldwideJapaneseContact UsSearch",
    "link": "https://www.eisai.com/news/index.html",
    "timestamp": "unknown"
  },
  {
    "title": "News ReleaseWorldwideJapaneseContact UsSearch",
    "link": "https://www.eisai.com/news/index.html",
    "timestamp": "unknown"
  },
  {
    "title": "News Release",
    "link": "https://www.eisai.com/news/index.html",
    "timestamp": "unknown"
  },
  {
    "title": "Worldwide",
    "link": "https://www.eisai.com/company/profile/group/index.html",
    "timestamp": "unknown"
  },
  {
    "title": "Japanese",
    "link": "https://www.eisai.co.jp/",
    "timestamp": "unknown"
  },
  {
    "title": "Contact Us",
    "link": "https://www.eisai.com/inquiry/index.html",
    "timestamp": "unknown"
  },
  {
    "title": "CloseBackSocietyRespect for Human RightsRelationship with CustomersRelationship with Our EmployeesRelationship with Business PartnersRelationship with",
    "link": "https://www.eisai.com/ir/library/index.html",
    "timestamp": "unknown"
  },
  {
    "title": "Society",
    "link": "https://www.eisai.com/sustainability/society/index.html",
    "timestamp": "unknown"
  },
  {
    "title": "Respect for Human Rights",
    "link": "https://www.eisai.com/sustainability/society/human_rights/index.html",
    "timestamp": "unknown"
  },
  {
    "title": "Relationship with Customers",
    "link": "https://www.eisai.com/sustainability/society/customer/index.html",
    "timestamp": "unknown"
  },
  {
    "title": "Relationship with Our Employees",
    "link": "https://www.eisai.com/sustainability/society/employee/index.html",
    "timestamp": "unknown"
  },
  {
    "title": "Relationship with Business Partners",
    "link": "https://www.eisai.com/sustainability/society/partner/index.html",
    "timestamp": "unknown"
  },
  {
    "title": "Relationship with Industry Associations and Patient Groups (Advocacy)",
    "link": "https://www.eisai.com/sustainability/society/advocacy/index.html",
    "timestamp": "unknown"
  },
  {
    "title": "Relationship with People throughout Society",
    "link": "https://www.eisai.com/sustainability/society/social/index.html",
    "timestamp": "unknown"
  },
  {
    "title": "News ReleaseWorldwideJapaneseContact UsSearch",
    "link": "https://www.eisai.com/news/index.html",
    "timestamp": "unknown"
  },
  {
    "title": "News ReleaseWorldwideJapaneseContact UsSearch",
    "link": "https://www.eisai.com/news/index.html",
    "timestamp": "unknown"
  },
  {
    "title": "News Release",
    "link": "https://www.eisai.com/news/index.html",
    "timestamp": "unknown"
  },
  {
    "title": "Worldwide",
    "link": "https://www.eisai.com/company/profile/group/index.html",
    "timestamp": "unknown"
  },
  {
    "title": "Japanese",
    "link": "https://www.eisai.co.jp/",
    "timestamp": "unknown"
  },
  {
    "title": "Contact Us",
    "link": "https://www.eisai.com/inquiry/index.html",
    "timestamp": "unknown"
  },
  {
    "title": "CloseBackGovernanceCorporate GovernanceCompliance and Risk ManagementGlobal Tax PolicyInformation SecurityNews ReleaseWorldwideJapaneseContact UsSearc",
    "link": "https://www.eisai.com/ir/library/index.html",
    "timestamp": "unknown"
  },
  {
    "title": "Governance",
    "link": "https://www.eisai.com/sustainability/governance/index.html",
    "timestamp": "unknown"
  },
  {
    "title": "Corporate Governance",
    "link": "https://www.eisai.com/company/governance/index.html",
    "timestamp": "unknown"
  },
  {
    "title": "Compliance and Risk Management",
    "link": "https://www.eisai.com/sustainability/governance/compliance/index.html",
    "timestamp": "unknown"
  },
  {
    "title": "Global Tax Policy",
    "link": "https://www.eisai.com/sustainability/governance/globaltax/index.html",
    "timestamp": "unknown"
  },
  {
    "title": "Information Security",
    "link": "https://www.eisai.com/sustainability/governance/information_security.html",
    "timestamp": "unknown"
  },
  {
    "title": "News ReleaseWorldwideJapaneseContact UsSearch",
    "link": "https://www.eisai.com/news/index.html",
    "timestamp": "unknown"
  },
  {
    "title": "News ReleaseWorldwideJapaneseContact UsSearch",
    "link": "https://www.eisai.com/news/index.html",
    "timestamp": "unknown"
  },
  {
    "title": "News Release",
    "link": "https://www.eisai.com/news/index.html",
    "timestamp": "unknown"
  },
  {
    "title": "Worldwide",
    "link": "https://www.eisai.com/company/profile/group/index.html",
    "timestamp": "unknown"
  },
  {
    "title": "Japanese",
    "link": "https://www.eisai.co.jp/",
    "timestamp": "unknown"
  },
  {
    "title": "Contact Us",
    "link": "https://www.eisai.com/inquiry/index.html",
    "timestamp": "unknown"
  },
  {
    "title": "CloseBackESG Data & ReportTargets and ResultsESG Data and Independent AssuranceGRI Content IndexValue Creation Report / Human Capital ReportNews Relea",
    "link": "https://www.eisai.com/ir/library/index.html",
    "timestamp": "unknown"
  },
  {
    "title": "ESG Data & Report",
    "link": "https://www.eisai.com/sustainability/esg_data/index.html",
    "timestamp": "unknown"
  },
  {
    "title": "Targets and Results",
    "link": "https://www.eisai.com/sustainability/esg_data/target/index.html",
    "timestamp": "unknown"
  },
  {
    "title": "ESG Data and Independent Assurance",
    "link": "https://www.eisai.com/sustainability/esg_data/data/index.html",
    "timestamp": "unknown"
  },
  {
    "title": "GRI Content Index",
    "link": "https://www.eisai.com/sustainability/esg_data/gri/index.html",
    "timestamp": "unknown"
  },
  {
    "title": "Value Creation Report / Human Capital Report",
    "link": "https://www.eisai.com/ir/library/annual/index.html",
    "timestamp": "unknown"
  },
  {
    "title": "News ReleaseWorldwideJapaneseContact UsSearch",
    "link": "https://www.eisai.com/news/index.html",
    "timestamp": "unknown"
  },
  {
    "title": "News ReleaseWorldwideJapaneseContact UsSearch",
    "link": "https://www.eisai.com/news/index.html",
    "timestamp": "unknown"
  },
  {
    "title": "News Release",
    "link": "https://www.eisai.com/news/index.html",
    "timestamp": "unknown"
  },
  {
    "title": "Worldwide",
    "link": "https://www.eisai.com/company/profile/group/index.html",
    "timestamp": "unknown"
  },
  {
    "title": "Japanese",
    "link": "https://www.eisai.co.jp/",
    "timestamp": "unknown"
  },
  {
    "title": "Contact Us",
    "link": "https://www.eisai.com/inquiry/index.html",
    "timestamp": "unknown"
  },
  {
    "title": "News ReleaseWorldwideJapaneseContact UsSearch",
    "link": "https://www.eisai.com/news/index.html",
    "timestamp": "unknown"
  },
  {
    "title": "News ReleaseWorldwideJapaneseContact UsSearch",
    "link": "https://www.eisai.com/news/index.html",
    "timestamp": "unknown"
  },
  {
    "title": "News Release",
    "link": "https://www.eisai.com/news/index.html",
    "timestamp": "unknown"
  },
  {
    "title": "Worldwide",
    "link": "https://www.eisai.com/company/profile/group/index.html",
    "timestamp": "unknown"
  },
  {
    "title": "Japanese",
    "link": "https://www.eisai.co.jp/",
    "timestamp": "unknown"
  },
  {
    "title": "Contact Us",
    "link": "https://www.eisai.com/inquiry/index.html",
    "timestamp": "unknown"
  },
  {
    "title": "About EisaiBackAbout EisaiMessage from Top ManagementCorporate ConceptCorporate InformationCorporate GovernanceBusiness ActivitiesVideo LibraryEisai a",
    "link": "https://www.eisai.com/company/index.html",
    "timestamp": "unknown"
  },
  {
    "title": "BackAbout EisaiMessage from Top ManagementCorporate ConceptCorporate InformationCorporate GovernanceBusiness ActivitiesVideo LibraryEisai at a GlanceC",
    "link": "https://www.eisai.com/ir/library/index.html",
    "timestamp": "unknown"
  },
  {
    "title": "BackAbout EisaiMessage from Top ManagementCorporate ConceptCorporate InformationCorporate GovernanceBusiness ActivitiesVideo LibraryEisai at a GlanceC",
    "link": "https://www.eisai.com/ir/library/index.html",
    "timestamp": "unknown"
  },
  {
    "title": "BackAbout EisaiMessage from Top ManagementCorporate ConceptCorporate InformationCorporate GovernanceBusiness ActivitiesVideo LibraryEisai at a Glance",
    "link": "https://www.eisai.com/ir/library/index.html",
    "timestamp": "unknown"
  },
  {
    "title": "About Eisai",
    "link": "https://www.eisai.com/company/index.html",
    "timestamp": "unknown"
  },
  {
    "title": "Message from Top ManagementCorporate ConceptCorporate InformationCorporate GovernanceBusiness ActivitiesVideo LibraryEisai at a Glance",
    "link": "https://www.eisai.com/company/message/index.html",
    "timestamp": "unknown"
  },
  {
    "title": "Message from Top Management",
    "link": "https://www.eisai.com/company/message/index.html",
    "timestamp": "unknown"
  },
  {
    "title": "Corporate Concept",
    "link": "https://www.eisai.com/company/philosophy/index.html",
    "timestamp": "unknown"
  },
  {
    "title": "Corporate Information",
    "link": "https://www.eisai.com/company/profile/index.html",
    "timestamp": "unknown"
  },
  {
    "title": "Corporate Governance",
    "link": "https://www.eisai.com/company/governance/index.html",
    "timestamp": "unknown"
  },
  {
    "title": "Business Activities",
    "link": "https://www.eisai.com/company/business/index.html",
    "timestamp": "unknown"
  },
  {
    "title": "Video Library",
    "link": "https://www.eisai.com/company/video/index.html",
    "timestamp": "unknown"
  },
  {
    "title": "Eisai at a Glance",
    "link": "https://www.eisai.com/company/glance/index.html",
    "timestamp": "unknown"
  },
  {
    "title": "CloseBackCorporate InformationCorporate ExecutivesJapan Business SitesEisai Group WorldwideEisai: The First  YearsNews ReleaseWorldwideJapaneseContact",
    "link": "https://www.eisai.com/ir/library/index.html",
    "timestamp": "unknown"
  },
  {
    "title": "Corporate Information",
    "link": "https://www.eisai.com/company/profile/index.html",
    "timestamp": "unknown"
  },
  {
    "title": "Corporate Executives",
    "link": "https://www.eisai.com/company/profile/officer/index.html",
    "timestamp": "unknown"
  },
  {
    "title": "Japan Business Sites",
    "link": "https://www.eisai.com/company/profile/office/index.html",
    "timestamp": "unknown"
  },
  {
    "title": "Eisai Group Worldwide",
    "link": "https://www.eisai.com/company/profile/group/index.html",
    "timestamp": "unknown"
  },
  {
    "title": "Eisai: The First  Years",
    "link": "https://www.eisai.com/company/profile/history/index.html",
    "timestamp": "unknown"
  },
  {
    "title": "News ReleaseWorldwideJapaneseContact UsSearch",
    "link": "https://www.eisai.com/news/index.html",
    "timestamp": "unknown"
  },
  {
    "title": "News ReleaseWorldwideJapaneseContact UsSearch",
    "link": "https://www.eisai.com/news/index.html",
    "timestamp": "unknown"
  },
  {
    "title": "News Release",
    "link": "https://www.eisai.com/news/index.html",
    "timestamp": "unknown"
  },
  {
    "title": "Worldwide",
    "link": "https://www.eisai.com/company/profile/group/index.html",
    "timestamp": "unknown"
  },
  {
    "title": "Japanese",
    "link": "https://www.eisai.co.jp/",
    "timestamp": "unknown"
  },
  {
    "title": "Contact Us",
    "link": "https://www.eisai.com/inquiry/index.html",
    "timestamp": "unknown"
  },
  {
    "title": "CloseBackCorporate GovernanceBasic Approach to Corporate GovernanceCorporate Governance System and FeaturesHistory of Enhancing the Company's Corporat",
    "link": "https://www.eisai.com/ir/library/index.html",
    "timestamp": "unknown"
  },
  {
    "title": "Corporate Governance",
    "link": "https://www.eisai.com/company/governance/index.html",
    "timestamp": "unknown"
  },
  {
    "title": "Basic Approach to Corporate Governance",
    "link": "https://www.eisai.com/company/governance/policy/index.html",
    "timestamp": "unknown"
  },
  {
    "title": "Corporate Governance System and Features",
    "link": "https://www.eisai.com/company/governance/cgsystem/index.html",
    "timestamp": "unknown"
  },
  {
    "title": "History of Enhancing the Company's Corporate Governance",
    "link": "https://www.eisai.com/company/governance/cghistory/index.html",
    "timestamp": "unknown"
  },
  {
    "title": "Board of Directors, Committees and Support Structure",
    "link": "https://www.eisai.com/company/governance/cgsystem_2/index.html",
    "timestamp": "unknown"
  },
  {
    "title": "Corporate Governance Initiatives",
    "link": "https://www.eisai.com/company/governance/initiative/index.html",
    "timestamp": "unknown"
  },
  {
    "title": "Related Rules",
    "link": "https://www.eisai.com/company/governance/cgregulations/index.html",
    "timestamp": "unknown"
  },
  {
    "title": "Compensation for Corporate Executives",
    "link": "https://www.eisai.com/company/governance/compensation/index.html",
    "timestamp": "unknown"
  },
  {
    "title": "Internal Audit",
    "link": "https://www.eisai.com/company/governance/audit/index.html",
    "timestamp": "unknown"
  },
  {
    "title": "News ReleaseWorldwideJapaneseContact UsSearch",
    "link": "https://www.eisai.com/news/index.html",
    "timestamp": "unknown"
  },
  {
    "title": "News ReleaseWorldwideJapaneseContact UsSearch",
    "link": "https://www.eisai.com/news/index.html",
    "timestamp": "unknown"
  },
  {
    "title": "News Release",
    "link": "https://www.eisai.com/news/index.html",
    "timestamp": "unknown"
  },
  {
    "title": "Worldwide",
    "link": "https://www.eisai.com/company/profile/group/index.html",
    "timestamp": "unknown"
  },
  {
    "title": "Japanese",
    "link": "https://www.eisai.co.jp/",
    "timestamp": "unknown"
  },
  {
    "title": "Contact Us",
    "link": "https://www.eisai.com/inquiry/index.html",
    "timestamp": "unknown"
  },
  {
    "title": "CloseBackBusiness ActivitiesProductsProduction and Logistics (Demand Chain Systems)News ReleaseWorldwideJapaneseContact UsSearchClose",
    "link": "https://www.eisai.com/ir/library/index.html",
    "timestamp": "unknown"
  },
  {
    "title": "Business Activities",
    "link": "https://www.eisai.com/company/business/index.html",
    "timestamp": "unknown"
  },
  {
    "title": "Products",
    "link": "https://www.eisai.com/company/business/products/index.html",
    "timestamp": "unknown"
  },
  {
    "title": "Production and Logistics (Demand Chain Systems)",
    "link": "https://www.eisai.com/company/business/production/index.html",
    "timestamp": "unknown"
  },
  {
    "title": "News ReleaseWorldwideJapaneseContact UsSearch",
    "link": "https://www.eisai.com/news/index.html",
    "timestamp": "unknown"
  },
  {
    "title": "News ReleaseWorldwideJapaneseContact UsSearch",
    "link": "https://www.eisai.com/news/index.html",
    "timestamp": "unknown"
  },
  {
    "title": "News Release",
    "link": "https://www.eisai.com/news/index.html",
    "timestamp": "unknown"
  },
  {
    "title": "Worldwide",
    "link": "https://www.eisai.com/company/profile/group/index.html",
    "timestamp": "unknown"
  },
  {
    "title": "Japanese",
    "link": "https://www.eisai.co.jp/",
    "timestamp": "unknown"
  },
  {
    "title": "Contact Us",
    "link": "https://www.eisai.com/inquiry/index.html",
    "timestamp": "unknown"
  },
  {
    "title": "News ReleaseWorldwideJapaneseContact UsSearch",
    "link": "https://www.eisai.com/news/index.html",
    "timestamp": "unknown"
  },
  {
    "title": "News ReleaseWorldwideJapaneseContact UsSearch",
    "link": "https://www.eisai.com/news/index.html",
    "timestamp": "unknown"
  },
  {
    "title": "News Release",
    "link": "https://www.eisai.com/news/index.html",
    "timestamp": "unknown"
  },
  {
    "title": "Worldwide",
    "link": "https://www.eisai.com/company/profile/group/index.html",
    "timestamp": "unknown"
  },
  {
    "title": "Japanese",
    "link": "https://www.eisai.co.jp/",
    "timestamp": "unknown"
  },
  {
    "title": "Contact Us",
    "link": "https://www.eisai.com/inquiry/index.html",
    "timestamp": "unknown"
  },
  {
    "title": "News ReleaseWorldwideJapaneseContact UsSearch",
    "link": "https://www.eisai.com/news/index.html",
    "timestamp": "unknown"
  },
  {
    "title": "News ReleaseWorldwideJapaneseContact UsSearch",
    "link": "https://www.eisai.com/news/index.html",
    "timestamp": "unknown"
  },
  {
    "title": "News Release",
    "link": "https://www.eisai.com/news/index.html",
    "timestamp": "unknown"
  },
  {
    "title": "Worldwide",
    "link": "https://www.eisai.com/company/profile/group/index.html",
    "timestamp": "unknown"
  },
  {
    "title": "Japanese",
    "link": "https://www.eisai.co.jp/",
    "timestamp": "unknown"
  },
  {
    "title": "Contact Us",
    "link": "https://www.eisai.com/inquiry/index.html",
    "timestamp": "unknown"
  },
  {
    "title": "Value Creation ReportLearn moreValue Creation ReportLearn moreHuman Capital ReportLearn moreHuman Capital ReportLearn moreEisai Releases Corporate Fil",
    "link": "https://www.eisai.com/ir/library/annual/index.html",
    "timestamp": "unknown"
  },
  {
    "title": "Value Creation ReportLearn moreValue Creation ReportLearn moreHuman Capital ReportLearn moreHuman Capital ReportLearn moreEisai Releases Corporate Fil",
    "link": "https://www.eisai.com/ir/library/annual/index.html",
    "timestamp": "unknown"
  },
  {
    "title": "Value Creation ReportLearn moreValue Creation ReportLearn moreHuman Capital ReportLearn moreHuman Capital ReportLearn moreEisai Releases Corporate Fil",
    "link": "https://www.eisai.com/ir/library/annual/index.html",
    "timestamp": "unknown"
  },
  {
    "title": "Value Creation ReportLearn moreValue Creation ReportLearn moreHuman Capital ReportLearn moreHuman Capital ReportLearn moreEisai Releases Corporate Fil",
    "link": "https://www.eisai.com/ir/library/annual/index.html",
    "timestamp": "unknown"
  },
  {
    "title": "Value Creation ReportLearn moreValue Creation ReportLearn more",
    "link": "https://www.eisai.com/ir/library/annual/index.html",
    "timestamp": "unknown"
  },
  {
    "title": "Value Creation ReportLearn more",
    "link": "https://www.eisai.com/ir/library/annual/index.html",
    "timestamp": "unknown"
  },
  {
    "title": "Value Creation ReportLearn more",
    "link": "https://www.eisai.com/ir/library/annual/index.html",
    "timestamp": "unknown"
  },
  {
    "title": "Learn more",
    "link": "https://www.eisai.com/ir/library/annual/index.html",
    "timestamp": "unknown"
  },
  {
    "title": "Human Capital ReportLearn moreHuman Capital ReportLearn more",
    "link": "https://www.eisai.com/ir/library/annual/index.html",
    "timestamp": "unknown"
  },
  {
    "title": "Human Capital ReportLearn more",
    "link": "https://www.eisai.com/ir/library/annual/index.html",
    "timestamp": "unknown"
  },
  {
    "title": "Human Capital ReportLearn more",
    "link": "https://www.eisai.com/ir/library/annual/index.html",
    "timestamp": "unknown"
  },
  {
    "title": "Learn more",
    "link": "https://www.eisai.com/ir/library/annual/index.html",
    "timestamp": "unknown"
  },
  {
    "title": "Eisai Releases Corporate Film \u201c Percent,  Mission. Change the World.\u201dLearn moreEisai Releases Corporate Film \u201c Percent,  Mission. Change the World.\u201dLe",
    "link": "https://www.youtube.com/watch?v=_fJt1Qr2XIg",
    "timestamp": "unknown"
  },
  {
    "title": "Eisai Releases Corporate Film \u201c Percent,  Mission. Change the World.\u201dLearn more",
    "link": "https://www.youtube.com/watch?v=_fJt1Qr2XIg",
    "timestamp": "unknown"
  },
  {
    "title": "Eisai Releases Corporate Film \u201c Percent,  Mission. Change the World.\u201dLearn more",
    "link": "https://www.youtube.com/watch?v=_fJt1Qr2XIg",
    "timestamp": "unknown"
  },
  {
    "title": "Learn more",
    "link": "https://www.youtube.com/watch?v=_fJt1Qr2XIg",
    "timestamp": "unknown"
  },
  {
    "title": "Second Quarter Financial Results FY2025RecenthhcActivities \u201cLet\u2018s Learn More about Cancer Patients\u201dOverview of Eisai's Initiatives for DementiaInterna",
    "link": "https://www.eisai.com/ir/library/index.html",
    "timestamp": "unknown"
  },
  {
    "title": "Second Quarter Financial Results FY2025",
    "link": "https://www.eisai.com/ir/library/index.html",
    "timestamp": "unknown"
  },
  {
    "title": "RecenthhcActivities \u201cLet\u2018s Learn More about Cancer Patients\u201d",
    "link": "https://www.eisai.com/hhc/activity/.html",
    "timestamp": "unknown"
  },
  {
    "title": "Overview of Eisai's Initiatives for Dementia",
    "link": "https://www.eisai.com/innovation/research/key_therapeutic_areas/dementia/index.html",
    "timestamp": "unknown"
  },
  {
    "title": "Internal Awareness Activities for World Neglected Tropical Diseases (NTD) Day for Eisai Employees",
    "link": "https://www.eisai.com/sustainability/atm/ntds/activity/.html",
    "timestamp": "unknown"
  },
  {
    "title": "News ReleaseLatest NewsInformationDecember ,CorporateCHANGES OF CORPORATE OFFICERSDecember ,CorporateSustainabilityEisai Rated \u201cA\u201d, the Highest Rating",
    "link": "https://www.eisai.com/ir/library/index.html#tab-",
    "timestamp": "unknown"
  },
  {
    "title": "News ReleaseLatest NewsInformationDecember ,CorporateCHANGES OF CORPORATE OFFICERSDecember ,CorporateSustainabilityEisai Rated \u201cA\u201d, the Highest Rating",
    "link": "https://www.eisai.com/ir/library/index.html#tab-",
    "timestamp": "unknown"
  },
  {
    "title": "News Release",
    "link": "https://www.eisai.com/ir/library/index.html#tab-",
    "timestamp": "unknown"
  },
  {
    "title": "Latest News",
    "link": "https://www.eisai.com/ir/library/index.html#tab-",
    "timestamp": "unknown"
  },
  {
    "title": "Information",
    "link": "https://www.eisai.com/ir/library/index.html#tab-",
    "timestamp": "unknown"
  },
  {
    "title": "December ,CorporateCHANGES OF CORPORATE OFFICERSDecember ,CorporateSustainabilityEisai Rated \u201cA\u201d, the Highest Rating by CDP in Both Climate Change and",
    "link": "https://www.eisai.com/rss/index.html",
    "timestamp": "unknown"
  },
  {
    "title": "December ,CorporateCHANGES OF CORPORATE OFFICERS",
    "link": "https://www.eisai.com/news//news202588.html",
    "timestamp": "unknown"
  },
  {
    "title": "CHANGES OF CORPORATE OFFICERS",
    "link": "https://www.eisai.com/news//news202588.html",
    "timestamp": "unknown"
  },
  {
    "title": "December ,CorporateSustainabilityEisai Rated \u201cA\u201d, the Highest Rating by CDP in Both Climate Change and Water Security Categories for the Second Consec",
    "link": "https://www.eisai.com/news//news202587.html",
    "timestamp": "unknown"
  },
  {
    "title": "Eisai Rated \u201cA\u201d, the Highest Rating by CDP in Both Climate Change and Water Security Categories for the Second Consecutive Year",
    "link": "https://www.eisai.com/news//news202587.html",
    "timestamp": "unknown"
  },
  {
    "title": "December ,Products\u201cLEQEMBI\u00ae\u201d (lecanemab) for the Treatment of Early Alzheimer\u2019s Disease Included in China\u2019s Commercial Insurance Innovative Drug List",
    "link": "https://www.eisai.com/news//news202586.html",
    "timestamp": "unknown"
  },
  {
    "title": "\u201cLEQEMBI\u00ae\u201d (lecanemab) for the Treatment of Early Alzheimer\u2019s Disease Included in China\u2019s Commercial Insurance Innovative Drug List",
    "link": "https://www.eisai.com/news//news202586.html",
    "timestamp": "unknown"
  },
  {
    "title": "December ,R&DProductsEisai Presents New Data on the Continued and Expanding Benefit of LEQEMBI\u00ae (lecanemab-irmb) Maintenance Treatment in Early Alzhei",
    "link": "https://www.eisai.com/news//news202585.html",
    "timestamp": "unknown"
  },
  {
    "title": "Eisai Presents New Data on the Continued and Expanding Benefit of LEQEMBI\u00ae (lecanemab-irmb) Maintenance Treatment in Early Alzheimer\u2019s Disease at CTAD",
    "link": "https://www.eisai.com/news//news202585.html",
    "timestamp": "unknown"
  },
  {
    "title": "December ,R&DProductsNew Data Presented at CTAD  Confirms Pharmacological Effect of LEQEMBI\u00ae (lecanemab-irmb) on Neurotoxic A\u03b2 Protofibrils in CSF",
    "link": "https://www.eisai.com/news//news202584.html",
    "timestamp": "unknown"
  },
  {
    "title": "New Data Presented at CTAD  Confirms Pharmacological Effect of LEQEMBI\u00ae (lecanemab-irmb) on Neurotoxic A\u03b2 Protofibrils in CSF",
    "link": "https://www.eisai.com/news//news202584.html",
    "timestamp": "unknown"
  },
  {
    "title": "View All",
    "link": "https://www.eisai.com/news/index.html",
    "timestamp": "unknown"
  },
  {
    "title": "December ,Sustainability \u201cTransportation of Investigational Drugs for Mycetoma During Armed Conflict \u30fc A Year and a Half of Effort With the Dedication",
    "link": "https://www.eisai.com/rss/index.html",
    "timestamp": "unknown"
  },
  {
    "title": "December ,Sustainability \u201cTransportation of Investigational Drugs for Mycetoma During Armed Conflict \u30fc A Year and a Half of Effort With the Dedication",
    "link": "https://www.eisai.com/sustainability/atm/ntds/activity/.html",
    "timestamp": "unknown"
  },
  {
    "title": "Sustainability \u201cTransportation of Investigational Drugs for Mycetoma During Armed Conflict \u30fc A Year and a Half of Effort With the Dedication of Many S",
    "link": "https://www.eisai.com/sustainability/atm/ntds/activity/.html",
    "timestamp": "unknown"
  },
  {
    "title": "November ,Sustainability \u201cCall for Support of Japanese Corporate Activities and ODA in the Global Health Sector \u30fc Letter of Request Delivered to Mr. T",
    "link": "https://www.eisai.com/sustainability/atm/ntds/activity/.html",
    "timestamp": "unknown"
  },
  {
    "title": "Sustainability \u201cCall for Support of Japanese Corporate Activities and ODA in the Global Health Sector \u30fc Letter of Request Delivered to Mr. Toshimitsu ",
    "link": "https://www.eisai.com/sustainability/atm/ntds/activity/.html",
    "timestamp": "unknown"
  },
  {
    "title": "November ,IR \u201cSecond Quarter Financial Results Briefing for the Fiscal Year Ending March ,  (Material, Webcast)\u201d",
    "link": "https://www.eisai.com/ir/library/presentations/index.html",
    "timestamp": "unknown"
  },
  {
    "title": "IR \u201cSecond Quarter Financial Results Briefing for the Fiscal Year Ending March ,  (Material, Webcast)\u201d",
    "link": "https://www.eisai.com/ir/library/presentations/index.html",
    "timestamp": "unknown"
  },
  {
    "title": "November ,IR \u201cSecond Quarter Financial Reports for the Fiscal Year Ending March , \u201d",
    "link": "https://www.eisai.com/ir/library/settlement/index.html",
    "timestamp": "unknown"
  },
  {
    "title": "IR \u201cSecond Quarter Financial Reports for the Fiscal Year Ending March , \u201d",
    "link": "https://www.eisai.com/ir/library/settlement/index.html",
    "timestamp": "unknown"
  },
  {
    "title": "September ,IR \u201cHuman Capital Report \u201d",
    "link": "https://www.eisai.com/ir/library/annual/index.html#anc-",
    "timestamp": "unknown"
  },
  {
    "title": "IR \u201cHuman Capital Report \u201d",
    "link": "https://www.eisai.com/ir/library/annual/index.html#anc-",
    "timestamp": "unknown"
  },
  {
    "title": "View All",
    "link": "https://www.eisai.com/latest/index.html",
    "timestamp": "unknown"
  },
  {
    "title": "November ,Notice on Discontinuation of Receiving Emails with Password-Protected AttachmentsFebruary ,Eisai\u2019s Corporate Pension Fund Announces Adoption",
    "link": "https://www.eisai.com/rss/index.html",
    "timestamp": "unknown"
  },
  {
    "title": "November ,Notice on Discontinuation of Receiving Emails with Password-Protected Attachments",
    "link": "https://www.eisai.com/information//pdf/e251125.pdf",
    "timestamp": "unknown"
  },
  {
    "title": "Notice on Discontinuation of Receiving Emails with Password-Protected Attachments",
    "link": "https://www.eisai.com/information//pdf/e251125.pdf",
    "timestamp": "unknown"
  },
  {
    "title": "February ,Eisai\u2019s Corporate Pension Fund Announces Adoption of \u201cAsset Owner Principles\u201d",
    "link": "https://www.eisai.com/information//pdf/e20250219.pdf",
    "timestamp": "unknown"
  },
  {
    "title": "Eisai\u2019s Corporate Pension Fund Announces Adoption of \u201cAsset Owner Principles\u201d",
    "link": "https://www.eisai.com/information//pdf/e20250219.pdf",
    "timestamp": "unknown"
  },
  {
    "title": "October ,EISAI NAMED AS ONE OF NEWSWEEK\u2019S WORLD\u2019S MOST TRUSTWORTHY COMPANIES",
    "link": "https://www.eisai.com/information//pdf/e20241003.pdf",
    "timestamp": "unknown"
  },
  {
    "title": "EISAI NAMED AS ONE OF NEWSWEEK\u2019S WORLD\u2019S MOST TRUSTWORTHY COMPANIES",
    "link": "https://www.eisai.com/information//pdf/e20241003.pdf",
    "timestamp": "unknown"
  },
  {
    "title": "June ,Notification Regarding Revision of \u201cEisai Global Code of Conduct for Business Partners\u201d",
    "link": "https://www.eisai.com/information//pdf/e20240621.pdf",
    "timestamp": "unknown"
  },
  {
    "title": "Notification Regarding Revision of \u201cEisai Global Code of Conduct for Business Partners\u201d",
    "link": "https://www.eisai.com/information//pdf/e20240621.pdf",
    "timestamp": "unknown"
  },
  {
    "title": "June ,The Naito Museum of Pharmaceutical Science and Industry Listed as \u201cRegistered Museum\u201d",
    "link": "https://www.eisai.com/information//pdf/e20240603.pdf",
    "timestamp": "unknown"
  },
  {
    "title": "The Naito Museum of Pharmaceutical Science and Industry Listed as \u201cRegistered Museum\u201d",
    "link": "https://www.eisai.com/information//pdf/e20240603.pdf",
    "timestamp": "unknown"
  },
  {
    "title": "View All",
    "link": "https://www.eisai.com/information/index.html",
    "timestamp": "unknown"
  },
  {
    "title": "Sustainabilitycountries.billion tabletsNumber of countries supplied with lymphatic filariasis treatmentand volume supplied (as of September )Eisai is ",
    "link": "https://www.eisai.com/sustainability/message/index.html",
    "timestamp": "unknown"
  },
  {
    "title": "Sustainabilitycountries.billion tabletsNumber of countries supplied with lymphatic filariasis treatmentand volume supplied (as of September )Eisai is ",
    "link": "https://www.eisai.com/sustainability/message/index.html",
    "timestamp": "unknown"
  },
  {
    "title": "Sustainabilitycountries.billion tabletsNumber of countries supplied with lymphatic filariasis treatmentand volume supplied (as of September )Eisai is ",
    "link": "https://www.eisai.com/sustainability/message/index.html",
    "timestamp": "unknown"
  },
  {
    "title": "Message from Top ManagementEisai's SustainabilitySustainability ManagementInitiatives for Improving Access to MedicinesEnvironmentalSocietyGovernanceE",
    "link": "https://www.eisai.com/sustainability/message/index.html",
    "timestamp": "unknown"
  },
  {
    "title": "Message from Top Management",
    "link": "https://www.eisai.com/sustainability/message/index.html",
    "timestamp": "unknown"
  },
  {
    "title": "Eisai's Sustainability",
    "link": "https://www.eisai.com/sustainability/attitude/index.html",
    "timestamp": "unknown"
  },
  {
    "title": "Sustainability Management",
    "link": "https://www.eisai.com/sustainability/management/index.html",
    "timestamp": "unknown"
  },
  {
    "title": "Initiatives for Improving Access to Medicines",
    "link": "https://www.eisai.com/sustainability/atm/index.html",
    "timestamp": "unknown"
  },
  {
    "title": "Environmental",
    "link": "https://www.eisai.com/sustainability/environment/index.html",
    "timestamp": "unknown"
  },
  {
    "title": "Society",
    "link": "https://www.eisai.com/sustainability/society/index.html",
    "timestamp": "unknown"
  },
  {
    "title": "Governance",
    "link": "https://www.eisai.com/sustainability/governance/index.html",
    "timestamp": "unknown"
  },
  {
    "title": "ESG Data & Report",
    "link": "https://www.eisai.com/sustainability/esg_data/index.html",
    "timestamp": "unknown"
  },
  {
    "title": "Sustainability TOP",
    "link": "https://www.eisai.com/sustainability/index.html",
    "timestamp": "unknown"
  },
  {
    "title": "Improving Access to Medicines TOP",
    "link": "https://www.eisai.com/sustainability/atm/index.html",
    "timestamp": "unknown"
  },
  {
    "title": "Initiatives for Elimination of Neglected Tropical Diseases",
    "link": "https://www.eisai.com/sustainability/atm/ntds/index.html",
    "timestamp": "unknown"
  },
  {
    "title": "Initiatives for Improving Access to Medicines for Non-communicable Diseases",
    "link": "https://www.eisai.com/sustainability/atm/improvingatm/index.html",
    "timestamp": "unknown"
  },
  {
    "title": "Research & Development for Improving Access to Medicines",
    "link": "https://www.eisai.com/sustainability/atm/innovation/index.html",
    "timestamp": "unknown"
  },
  {
    "title": "Eisai'shhcConceptMission and Results\u201cSocialization\u201d is Key to Conceiving and Implementing Our ActivitieshhcDriven Innovation Activities (hhcActivities",
    "link": "https://www.eisai.com/hhc/index.html",
    "timestamp": "unknown"
  },
  {
    "title": "Eisai'shhcConceptMission and Results\u201cSocialization\u201d is Key to Conceiving and Implementing Our ActivitieshhcDriven Innovation Activities (hhcActivities",
    "link": "https://www.eisai.com/hhc/index.html",
    "timestamp": "unknown"
  },
  {
    "title": "Eisai'shhcConceptMission and Results\u201cSocialization\u201d is Key to Conceiving and Implementing Our ActivitieshhcDriven Innovation Activities (hhcActivities",
    "link": "https://www.eisai.com/hhc/index.html",
    "timestamp": "unknown"
  },
  {
    "title": "Eisai'shhcConceptMission and Results\u201cSocialization\u201d is Key to Conceiving and Implementing Our ActivitieshhcDriven Innovation Activities (hhcActivities",
    "link": "https://www.eisai.com/hhc/index.html",
    "timestamp": "unknown"
  },
  {
    "title": "Eisai'shhcConcept",
    "link": "https://www.eisai.com/hhc/index.html",
    "timestamp": "unknown"
  },
  {
    "title": "Mission and Results",
    "link": "https://www.eisai.com/hhc/index.html#anc-",
    "timestamp": "unknown"
  },
  {
    "title": "\u201cSocialization\u201d is Key to Conceiving and Implementing Our Activities",
    "link": "https://www.eisai.com/hhc/index.html#anc-",
    "timestamp": "unknown"
  },
  {
    "title": "hhcDriven Innovation Activities (hhcActivities)",
    "link": "https://www.eisai.com/hhc/index.html#anc-",
    "timestamp": "unknown"
  },
  {
    "title": "hhcActivities",
    "link": "https://www.eisai.com/hhc/index.html#anc-",
    "timestamp": "unknown"
  },
  {
    "title": "Empowering People to Realize Their Fullest Life",
    "link": "https://www.eisai.com/hhc/index.html#anc-",
    "timestamp": "unknown"
  },
  {
    "title": "InnovationResearch and Development (R&D)EcosystemOpen InnovationCorporate Venture Capital",
    "link": "https://www.eisai.com/innovation/index.html",
    "timestamp": "unknown"
  },
  {
    "title": "Innovation",
    "link": "https://www.eisai.com/innovation/index.html",
    "timestamp": "unknown"
  },
  {
    "title": "Research and Development (R&D)",
    "link": "https://www.eisai.com/innovation/research/index.html",
    "timestamp": "unknown"
  },
  {
    "title": "Ecosystem",
    "link": "https://www.eisai.com/innovation/ecosystem/index.html",
    "timestamp": "unknown"
  },
  {
    "title": "Open Innovation",
    "link": "https://www.eisai.com/innovation/open_innovation/index.html",
    "timestamp": "unknown"
  },
  {
    "title": "Corporate Venture Capital",
    "link": "https://www.eisai.com/innovation/cvc/index.html",
    "timestamp": "unknown"
  },
  {
    "title": "InvestorsManagement PolicyIR LibraryFinancial DataIR EventsStock & Bond InformationE-Mail Alerts",
    "link": "https://www.eisai.com/ir/index.html",
    "timestamp": "unknown"
  },
  {
    "title": "Investors",
    "link": "https://www.eisai.com/ir/index.html",
    "timestamp": "unknown"
  },
  {
    "title": "Management Policy",
    "link": "https://www.eisai.com/ir/management/index.html",
    "timestamp": "unknown"
  },
  {
    "title": "IR Library",
    "link": "https://www.eisai.com/ir/library/index.html",
    "timestamp": "unknown"
  },
  {
    "title": "Financial Data",
    "link": "https://www.eisai.com/ir/financial_data/index.html",
    "timestamp": "unknown"
  },
  {
    "title": "IR Events",
    "link": "https://www.eisai.com/ir/calendar/index.html",
    "timestamp": "unknown"
  },
  {
    "title": "Stock & Bond Information",
    "link": "https://www.eisai.com/ir/stock/index.html",
    "timestamp": "unknown"
  },
  {
    "title": "E-Mail Alerts",
    "link": "https://reg18.smp.ne.jp/regist/is?SMPFORM=ofr-pjmcp-3eeb4b68adb3d924b271cc153eab1837",
    "timestamp": "unknown"
  },
  {
    "title": "SustainabilityEisai's SustainabilitySustainability ManagementImproving Access to MedicinesEnvironmentSocietySocial Impact Creation ModelGovernanceESG ",
    "link": "https://www.eisai.com/sustainability/index.html",
    "timestamp": "unknown"
  },
  {
    "title": "Sustainability",
    "link": "https://www.eisai.com/sustainability/index.html",
    "timestamp": "unknown"
  },
  {
    "title": "Eisai's Sustainability",
    "link": "https://www.eisai.com/sustainability/attitude/index.html",
    "timestamp": "unknown"
  },
  {
    "title": "Sustainability Management",
    "link": "https://www.eisai.com/sustainability/management/index.html",
    "timestamp": "unknown"
  },
  {
    "title": "Improving Access to Medicines",
    "link": "https://www.eisai.com/sustainability/atm/index.html",
    "timestamp": "unknown"
  },
  {
    "title": "Environment",
    "link": "https://www.eisai.com/sustainability/environment/index.html",
    "timestamp": "unknown"
  },
  {
    "title": "Society",
    "link": "https://www.eisai.com/sustainability/society/index.html",
    "timestamp": "unknown"
  },
  {
    "title": "Social Impact Creation Model",
    "link": "https://www.eisai.com/sustainability/impact/index.html",
    "timestamp": "unknown"
  },
  {
    "title": "Governance",
    "link": "https://www.eisai.com/sustainability/governance/index.html",
    "timestamp": "unknown"
  },
  {
    "title": "ESG Data & Report",
    "link": "https://www.eisai.com/sustainability/esg_data/index.html",
    "timestamp": "unknown"
  },
  {
    "title": "Third-Party Assessment",
    "link": "https://www.eisai.com/sustainability/evaluation/index.html",
    "timestamp": "unknown"
  },
  {
    "title": "About EisaiMessage from Top ManagementCorporate MissionCorporate InformationCorporate GovernanceBusiness ActivitiesVideo LibraryEisai at a Glance",
    "link": "https://www.eisai.com/company/index.html",
    "timestamp": "unknown"
  },
  {
    "title": "About Eisai",
    "link": "https://www.eisai.com/company/index.html",
    "timestamp": "unknown"
  },
  {
    "title": "Message from Top Management",
    "link": "https://www.eisai.com/company/message/index.html",
    "timestamp": "unknown"
  },
  {
    "title": "Corporate Mission",
    "link": "https://www.eisai.com/company/philosophy/index.html",
    "timestamp": "unknown"
  },
  {
    "title": "Corporate Information",
    "link": "https://www.eisai.com/company/profile/index.html",
    "timestamp": "unknown"
  },
  {
    "title": "Corporate Governance",
    "link": "https://www.eisai.com/company/governance/index.html",
    "timestamp": "unknown"
  },
  {
    "title": "Business Activities",
    "link": "https://www.eisai.com/company/business/index.html",
    "timestamp": "unknown"
  },
  {
    "title": "Video Library",
    "link": "https://www.eisai.com/company/video/index.html",
    "timestamp": "unknown"
  },
  {
    "title": "Eisai at a Glance",
    "link": "https://www.eisai.com/company/glance/index.html",
    "timestamp": "unknown"
  },
  {
    "title": "News ReleaseContact Us",
    "link": "https://www.eisai.com/news/index.html",
    "timestamp": "unknown"
  },
  {
    "title": "News Release",
    "link": "https://www.eisai.com/news/index.html",
    "timestamp": "unknown"
  },
  {
    "title": "Contact Us",
    "link": "https://www.eisai.com/inquiry/index.html",
    "timestamp": "unknown"
  },
  {
    "title": "SitemapPrivacy PolicyExternal Data TransmissionTerms of UseRecommended EnvironmentSNS Community GuidelinesAccessibilityFollow us on:Copyright \u00a9 Eisai ",
    "link": "https://www.eisai.com/ir/library/index.html#top",
    "timestamp": "unknown"
  },
  {
    "title": "SitemapPrivacy PolicyExternal Data TransmissionTerms of UseRecommended EnvironmentSNS Community GuidelinesAccessibilityFollow us on:",
    "link": "https://www.eisai.com/sitemap/index.html",
    "timestamp": "unknown"
  },
  {
    "title": "Sitemap",
    "link": "https://www.eisai.com/sitemap/index.html",
    "timestamp": "unknown"
  },
  {
    "title": "Privacy Policy",
    "link": "https://www.eisai.com/privacy/index.html",
    "timestamp": "unknown"
  },
  {
    "title": "External Data Transmission",
    "link": "https://www.eisai.com/privacy/external-transmission/index.html",
    "timestamp": "unknown"
  },
  {
    "title": "Terms of Use",
    "link": "https://www.eisai.com/aboutsite/index.html",
    "timestamp": "unknown"
  },
  {
    "title": "Recommended Environment",
    "link": "https://www.eisai.com/browser/index.html",
    "timestamp": "unknown"
  },
  {
    "title": "SNS Community Guidelines",
    "link": "https://www.eisai.com/community_guidelines/index.html",
    "timestamp": "unknown"
  },
  {
    "title": "Accessibility",
    "link": "https://www.eisai.com/accessibility/index.html",
    "timestamp": "unknown"
  },
  {
    "title": "Follow us on:",
    "link": "https://twitter.com/Eisai_SDGs",
    "timestamp": "unknown"
  }
]