[
  {
    "title": "MediaCorporateCareers",
    "link": "https://www.harmonybiosciences.com/newsroom",
    "timestamp": "unknown"
  },
  {
    "title": "MediaCorporateCareers",
    "link": "https://www.harmonybiosciences.com/newsroom",
    "timestamp": "unknown"
  },
  {
    "title": "MediaCorporateCareers",
    "link": "https://www.harmonybiosciences.com/newsroom",
    "timestamp": "unknown"
  },
  {
    "title": "Media",
    "link": "https://www.harmonybiosciences.com/newsroom",
    "timestamp": "unknown"
  },
  {
    "title": "Corporate",
    "link": "https://www.harmonybiosciences.com",
    "timestamp": "unknown"
  },
  {
    "title": "Careers",
    "link": "https://www.harmonybiosciences.com/careers",
    "timestamp": "unknown"
  },
  {
    "title": "OverviewCorporate PresentationStock InformationStock Quote & ChartHistorical Price LookupStock CalculatorAnalyst CoverageNews & EventsNews ReleasesEve",
    "link": "https://www.harmonybiosciences.com/",
    "timestamp": "unknown"
  },
  {
    "title": "OverviewCorporate PresentationStock InformationStock Quote & ChartHistorical Price LookupStock CalculatorAnalyst CoverageNews & EventsNews ReleasesEve",
    "link": "https://www.harmonybiosciences.com/",
    "timestamp": "unknown"
  },
  {
    "title": "OverviewCorporate PresentationStock InformationStock Quote & ChartHistorical Price LookupStock CalculatorAnalyst CoverageNews & EventsNews ReleasesEve",
    "link": "https://ir.harmonybiosciences.com/",
    "timestamp": "unknown"
  },
  {
    "title": "OverviewCorporate PresentationStock InformationStock Quote & ChartHistorical Price LookupStock CalculatorAnalyst CoverageNews & EventsNews ReleasesEve",
    "link": "https://ir.harmonybiosciences.com/",
    "timestamp": "unknown"
  },
  {
    "title": "OverviewCorporate PresentationStock InformationStock Quote & ChartHistorical Price LookupStock CalculatorAnalyst CoverageNews & EventsNews ReleasesEve",
    "link": "https://ir.harmonybiosciences.com/",
    "timestamp": "unknown"
  },
  {
    "title": "OverviewCorporate Presentation",
    "link": "https://ir.harmonybiosciences.com/",
    "timestamp": "unknown"
  },
  {
    "title": "Corporate Presentation",
    "link": "https://ir.harmonybiosciences.com/static-files/934d52e1-a65f--8f04-48d68aeecc38",
    "timestamp": "unknown"
  },
  {
    "title": "Stock InformationStock Quote & ChartHistorical Price LookupStock CalculatorAnalyst Coverage",
    "link": "https://ir.harmonybiosciences.com/stock-information/stock-quote-chart",
    "timestamp": "unknown"
  },
  {
    "title": "Stock Quote & Chart",
    "link": "https://ir.harmonybiosciences.com/stock-information/stock-quote-chart",
    "timestamp": "unknown"
  },
  {
    "title": "Historical Price Lookup",
    "link": "https://ir.harmonybiosciences.com/stock-information/historical-price-lookup",
    "timestamp": "unknown"
  },
  {
    "title": "Stock Calculator",
    "link": "https://ir.harmonybiosciences.com/stock-information/stock-calculator",
    "timestamp": "unknown"
  },
  {
    "title": "Analyst Coverage",
    "link": "https://ir.harmonybiosciences.com/stock-information/analyst-coverage",
    "timestamp": "unknown"
  },
  {
    "title": "News & EventsNews ReleasesEvents & Presentations",
    "link": "https://ir.harmonybiosciences.com/news-events/news-releases",
    "timestamp": "unknown"
  },
  {
    "title": "News Releases",
    "link": "https://ir.harmonybiosciences.com/news-events/news-releases",
    "timestamp": "unknown"
  },
  {
    "title": "Events & Presentations",
    "link": "https://ir.harmonybiosciences.com/news-events/investor-calendar",
    "timestamp": "unknown"
  },
  {
    "title": "FinancialsSEC FilingsQuarterly Results",
    "link": "https://ir.harmonybiosciences.com/financial-information/sec-filings",
    "timestamp": "unknown"
  },
  {
    "title": "SEC Filings",
    "link": "https://ir.harmonybiosciences.com/financial-information/sec-filings",
    "timestamp": "unknown"
  },
  {
    "title": "Quarterly Results",
    "link": "https://ir.harmonybiosciences.com/financial-information/quarterly-results",
    "timestamp": "unknown"
  },
  {
    "title": "GovernanceGovernance HighlightsCommittee Composition",
    "link": "https://ir.harmonybiosciences.com/corporate-governance/governance-highlights",
    "timestamp": "unknown"
  },
  {
    "title": "Governance Highlights",
    "link": "https://ir.harmonybiosciences.com/corporate-governance/governance-highlights",
    "timestamp": "unknown"
  },
  {
    "title": "Committee Composition",
    "link": "https://ir.harmonybiosciences.com/corporate-governance/committee-composition",
    "timestamp": "unknown"
  },
  {
    "title": "Investor ResourcesCorporate PresentationInvestor FAQsEmail AlertsContact IR",
    "link": "https://ir.harmonybiosciences.com/investor-resources/investor-faqs",
    "timestamp": "unknown"
  },
  {
    "title": "Corporate Presentation",
    "link": "https://ir.harmonybiosciences.com/static-files/934d52e1-a65f--8f04-48d68aeecc38",
    "timestamp": "unknown"
  },
  {
    "title": "Investor FAQs",
    "link": "https://ir.harmonybiosciences.com/investor-resources/investor-faqs",
    "timestamp": "unknown"
  },
  {
    "title": "Email Alerts",
    "link": "https://ir.harmonybiosciences.com/investor-resources/email-alerts",
    "timestamp": "unknown"
  },
  {
    "title": "Contact IR",
    "link": "https://ir.harmonybiosciences.com/investor-resources/contact-ir",
    "timestamp": "unknown"
  },
  {
    "title": "OverviewBack to topOverviewStock InformationBack to topStock Quote & ChartHistorical Price LookupStock CalculatorAnalyst CoverageNews & EventsBack to ",
    "link": "https://ir.harmonybiosciences.com/",
    "timestamp": "unknown"
  },
  {
    "title": "OverviewBack to topOverview",
    "link": "https://ir.harmonybiosciences.com/",
    "timestamp": "unknown"
  },
  {
    "title": "Back to top",
    "link": "https://ir.harmonybiosciences.com/financial-information/sec-filings",
    "timestamp": "unknown"
  },
  {
    "title": "Overview",
    "link": "https://ir.harmonybiosciences.com/investor-relations",
    "timestamp": "unknown"
  },
  {
    "title": "Stock InformationBack to topStock Quote & ChartHistorical Price LookupStock CalculatorAnalyst Coverage",
    "link": "https://ir.harmonybiosciences.com/stock-information/stock-quote-chart",
    "timestamp": "unknown"
  },
  {
    "title": "Back to top",
    "link": "https://ir.harmonybiosciences.com/financial-information/sec-filings",
    "timestamp": "unknown"
  },
  {
    "title": "Stock Quote & Chart",
    "link": "https://ir.harmonybiosciences.com/stock-information/stock-quote-chart",
    "timestamp": "unknown"
  },
  {
    "title": "Historical Price Lookup",
    "link": "https://ir.harmonybiosciences.com/stock-information/historical-price-lookup",
    "timestamp": "unknown"
  },
  {
    "title": "Stock Calculator",
    "link": "https://ir.harmonybiosciences.com/stock-information/stock-calculator",
    "timestamp": "unknown"
  },
  {
    "title": "Analyst Coverage",
    "link": "https://ir.harmonybiosciences.com/stock-information/analyst-coverage",
    "timestamp": "unknown"
  },
  {
    "title": "News & EventsBack to topNews ReleasesEvents & Presentations",
    "link": "https://ir.harmonybiosciences.com/news-events/news-releases",
    "timestamp": "unknown"
  },
  {
    "title": "Back to top",
    "link": "https://ir.harmonybiosciences.com/financial-information/sec-filings",
    "timestamp": "unknown"
  },
  {
    "title": "News Releases",
    "link": "https://ir.harmonybiosciences.com/news-events/news-releases",
    "timestamp": "unknown"
  },
  {
    "title": "Events & Presentations",
    "link": "https://ir.harmonybiosciences.com/news-events/investor-calendar",
    "timestamp": "unknown"
  },
  {
    "title": "FinancialsBack to topSEC FilingsQuarterly Results",
    "link": "https://ir.harmonybiosciences.com/financial-information/sec-filings",
    "timestamp": "unknown"
  },
  {
    "title": "Back to top",
    "link": "https://ir.harmonybiosciences.com/financial-information/sec-filings",
    "timestamp": "unknown"
  },
  {
    "title": "SEC Filings",
    "link": "https://ir.harmonybiosciences.com/financial-information/sec-filings",
    "timestamp": "unknown"
  },
  {
    "title": "Quarterly Results",
    "link": "https://ir.harmonybiosciences.com/financial-information/quarterly-results",
    "timestamp": "unknown"
  },
  {
    "title": "GovernanceBack to topGovernance HighlightsCommittee Composition",
    "link": "https://ir.harmonybiosciences.com/corporate-governance/governance-highlights",
    "timestamp": "unknown"
  },
  {
    "title": "Back to top",
    "link": "https://ir.harmonybiosciences.com/financial-information/sec-filings",
    "timestamp": "unknown"
  },
  {
    "title": "Governance Highlights",
    "link": "https://ir.harmonybiosciences.com/corporate-governance/governance-highlights",
    "timestamp": "unknown"
  },
  {
    "title": "Committee Composition",
    "link": "https://ir.harmonybiosciences.com/corporate-governance/committee-composition",
    "timestamp": "unknown"
  },
  {
    "title": "Investor ResourcesBack to topInvestor FAQsEmail AlertsContact IR",
    "link": "https://ir.harmonybiosciences.com/investor-resources/investor-faqs",
    "timestamp": "unknown"
  },
  {
    "title": "Back to top",
    "link": "https://ir.harmonybiosciences.com/financial-information/sec-filings",
    "timestamp": "unknown"
  },
  {
    "title": "Investor FAQs",
    "link": "https://ir.harmonybiosciences.com/investor-resources/investor-faqs",
    "timestamp": "unknown"
  },
  {
    "title": "Email Alerts",
    "link": "https://ir.harmonybiosciences.com/investor-resources/email-alerts",
    "timestamp": "unknown"
  },
  {
    "title": "Contact IR",
    "link": "https://ir.harmonybiosciences.com/investor-resources/contact-ir",
    "timestamp": "unknown"
  },
  {
    "title": "MediaCorporateCareers",
    "link": "https://www.harmonybiosciences.com/newsroom",
    "timestamp": "unknown"
  },
  {
    "title": "Media",
    "link": "https://www.harmonybiosciences.com/newsroom",
    "timestamp": "unknown"
  },
  {
    "title": "Corporate",
    "link": "https://www.harmonybiosciences.com",
    "timestamp": "unknown"
  },
  {
    "title": "Careers",
    "link": "https://www.harmonybiosciences.com/careers",
    "timestamp": "unknown"
  },
  {
    "title": "GroupAll,,Annual FilingsCurrent ReportsMergers & AcquisitionsOtherProxy FilingsQuarterly FilingsRegistration StatementsFiling yearAllItems per pageFil",
    "link": "https://ir.harmonybiosciences.com/financial-information/sec-filings?items_per_page=&order=field_nir_sec_date_filed&sort=asc",
    "timestamp": "unknown"
  },
  {
    "title": "GroupAll,,Annual FilingsCurrent ReportsMergers & AcquisitionsOtherProxy FilingsQuarterly FilingsRegistration StatementsFiling yearAllItems per pageFil",
    "link": "https://ir.harmonybiosciences.com/financial-information/sec-filings?items_per_page=&order=field_nir_sec_date_filed&sort=asc",
    "timestamp": "unknown"
  },
  {
    "title": "GroupAll,,Annual FilingsCurrent ReportsMergers & AcquisitionsOtherProxy FilingsQuarterly FilingsRegistration StatementsFiling yearAllItems per pageFil",
    "link": "https://ir.harmonybiosciences.com/financial-information/sec-filings?items_per_page=&order=field_nir_sec_date_filed&sort=asc",
    "timestamp": "unknown"
  },
  {
    "title": "GroupAll,,Annual FilingsCurrent ReportsMergers & AcquisitionsOtherProxy FilingsQuarterly FilingsRegistration StatementsFiling yearAllItems per pageFil",
    "link": "https://ir.harmonybiosciences.com/financial-information/sec-filings?items_per_page=&order=field_nir_sec_date_filed&sort=asc",
    "timestamp": "unknown"
  },
  {
    "title": "GroupAll,,Annual FilingsCurrent ReportsMergers & AcquisitionsOtherProxy FilingsQuarterly FilingsRegistration StatementsFiling yearAllItems per pageFil",
    "link": "https://ir.harmonybiosciences.com/financial-information/sec-filings?items_per_page=&order=field_nir_sec_date_filed&sort=asc",
    "timestamp": "unknown"
  },
  {
    "title": "GroupAll,,Annual FilingsCurrent ReportsMergers & AcquisitionsOtherProxy FilingsQuarterly FilingsRegistration StatementsFiling yearAllItems per pageFil",
    "link": "https://ir.harmonybiosciences.com/financial-information/sec-filings?items_per_page=&order=field_nir_sec_date_filed&sort=asc",
    "timestamp": "unknown"
  },
  {
    "title": "GroupAll,,Annual FilingsCurrent ReportsMergers & AcquisitionsOtherProxy FilingsQuarterly FilingsRegistration StatementsFiling yearAllItems per pageFil",
    "link": "https://ir.harmonybiosciences.com/financial-information/sec-filings?items_per_page=&order=field_nir_sec_date_filed&sort=asc",
    "timestamp": "unknown"
  },
  {
    "title": "GroupAll,,Annual FilingsCurrent ReportsMergers & AcquisitionsOtherProxy FilingsQuarterly FilingsRegistration StatementsFiling yearAllItems per pageFil",
    "link": "https://ir.harmonybiosciences.com/financial-information/sec-filings?items_per_page=&order=field_nir_sec_date_filed&sort=asc",
    "timestamp": "unknown"
  },
  {
    "title": "GroupAll,,Annual FilingsCurrent ReportsMergers & AcquisitionsOtherProxy FilingsQuarterly FilingsRegistration StatementsFiling yearAllItems per pageFil",
    "link": "https://ir.harmonybiosciences.com/financial-information/sec-filings?items_per_page=&order=field_nir_sec_date_filed&sort=asc",
    "timestamp": "unknown"
  },
  {
    "title": "GroupAll,,Annual FilingsCurrent ReportsMergers & AcquisitionsOtherProxy FilingsQuarterly FilingsRegistration StatementsFiling yearAllItems per pageFil",
    "link": "https://ir.harmonybiosciences.com/financial-information/sec-filings?items_per_page=&order=field_nir_sec_date_filed&sort=asc",
    "timestamp": "unknown"
  },
  {
    "title": "GroupAll,,Annual FilingsCurrent ReportsMergers & AcquisitionsOtherProxy FilingsQuarterly FilingsRegistration StatementsFiling yearAllItems per pageFil",
    "link": "https://ir.harmonybiosciences.com/financial-information/sec-filings?items_per_page=&order=field_nir_sec_date_filed&sort=asc",
    "timestamp": "unknown"
  },
  {
    "title": "GroupAll,,Annual FilingsCurrent ReportsMergers & AcquisitionsOtherProxy FilingsQuarterly FilingsRegistration StatementsFiling yearAllItems per pageFil",
    "link": "https://ir.harmonybiosciences.com/financial-information/sec-filings?items_per_page=&order=field_nir_sec_date_filed&sort=asc",
    "timestamp": "unknown"
  },
  {
    "title": "GroupAll,,Annual FilingsCurrent ReportsMergers & AcquisitionsOtherProxy FilingsQuarterly FilingsRegistration StatementsFiling yearAllItems per pageFil",
    "link": "https://ir.harmonybiosciences.com/financial-information/sec-filings?items_per_page=&order=field_nir_sec_date_filed&sort=asc",
    "timestamp": "unknown"
  },
  {
    "title": "GroupAll,,Annual FilingsCurrent ReportsMergers & AcquisitionsOtherProxy FilingsQuarterly FilingsRegistration StatementsFiling yearAllItems per pageFil",
    "link": "https://ir.harmonybiosciences.com/financial-information/sec-filings?items_per_page=&order=field_nir_sec_date_filed&sort=asc",
    "timestamp": "unknown"
  },
  {
    "title": "GroupAll,,Annual FilingsCurrent ReportsMergers & AcquisitionsOtherProxy FilingsQuarterly FilingsRegistration StatementsFiling yearAllItems per pageFil",
    "link": "https://ir.harmonybiosciences.com/financial-information/sec-filings?items_per_page=&order=field_nir_sec_date_filed&sort=asc",
    "timestamp": "unknown"
  },
  {
    "title": "GroupAll,,Annual FilingsCurrent ReportsMergers & AcquisitionsOtherProxy FilingsQuarterly FilingsRegistration StatementsFiling yearAllItems per pageFil",
    "link": "https://ir.harmonybiosciences.com/financial-information/sec-filings?items_per_page=&order=field_nir_sec_date_filed&sort=asc",
    "timestamp": "unknown"
  },
  {
    "title": "Filing DateDescriptionFormViewOct ,Statement of changes in beneficial ownership of securities--.pdf--.rtf--.xlsView HTMLSep ,Report of unscheduled mat",
    "link": "https://ir.harmonybiosciences.com/financial-information/sec-filings?items_per_page=&order=field_nir_sec_date_filed&sort=asc",
    "timestamp": "unknown"
  },
  {
    "title": "Filing DateDescriptionFormView",
    "link": "https://ir.harmonybiosciences.com/financial-information/sec-filings?items_per_page=&order=field_nir_sec_date_filed&sort=asc",
    "timestamp": "unknown"
  },
  {
    "title": "Oct ,Statement of changes in beneficial ownership of securities--.pdf--.rtf--.xlsView HTML",
    "link": "https://ir.harmonybiosciences.com/sec-filings/sec-filing//--",
    "timestamp": "unknown"
  },
  {
    "title": "--.pdf--.rtf--.xlsView HTML",
    "link": "https://ir.harmonybiosciences.com/static-files/6f06f696-8bc3-4eab--3f5d4965c3d5",
    "timestamp": "unknown"
  },
  {
    "title": "--.pdf",
    "link": "https://ir.harmonybiosciences.com/static-files/6f06f696-8bc3-4eab--3f5d4965c3d5",
    "timestamp": "unknown"
  },
  {
    "title": "--.rtf",
    "link": "https://ir.harmonybiosciences.com/static-files/619e64b3-48af-49b6--71dab36d877f",
    "timestamp": "unknown"
  },
  {
    "title": "--.xls",
    "link": "https://ir.harmonybiosciences.com/static-files/2179d1f6-678d-48c9-b207-f0051ee23884",
    "timestamp": "unknown"
  },
  {
    "title": "Sep ,Report of unscheduled material events or corporate event-K--.pdf--.rtf--.xlsEX-.SCH - XBRL TAXONOMY EXTENSION SCHEMAView HTML",
    "link": "https://ir.harmonybiosciences.com/sec-filings/sec-filing/-k/--",
    "timestamp": "unknown"
  },
  {
    "title": "--.pdf--.rtf--.xlsEX-.SCH - XBRL TAXONOMY EXTENSION SCHEMAView HTML",
    "link": "https://ir.harmonybiosciences.com/static-files/0e98a7aa-88dd-400f-80e4-da5de1a9fdd2",
    "timestamp": "unknown"
  },
  {
    "title": "--.pdf",
    "link": "https://ir.harmonybiosciences.com/static-files/0e98a7aa-88dd-400f-80e4-da5de1a9fdd2",
    "timestamp": "unknown"
  },
  {
    "title": "--.rtf",
    "link": "https://ir.harmonybiosciences.com/static-files/1070b5f6-d145--b9f5-ada8c304c4b3",
    "timestamp": "unknown"
  },
  {
    "title": "--.xls",
    "link": "https://ir.harmonybiosciences.com/static-files/f36ce981--45b0-90ce-0adb9ed862a0",
    "timestamp": "unknown"
  },
  {
    "title": "Sep ,Statement of changes in beneficial ownership of securities--.pdf--.rtf--.xlsView HTML",
    "link": "https://ir.harmonybiosciences.com/sec-filings/sec-filing//--",
    "timestamp": "unknown"
  },
  {
    "title": "--.pdf--.rtf--.xlsView HTML",
    "link": "https://ir.harmonybiosciences.com/static-files/4eb89400-7ccb-4a6d-99a4-55ad313a0525",
    "timestamp": "unknown"
  },
  {
    "title": "--.pdf",
    "link": "https://ir.harmonybiosciences.com/static-files/4eb89400-7ccb-4a6d-99a4-55ad313a0525",
    "timestamp": "unknown"
  },
  {
    "title": "--.rtf",
    "link": "https://ir.harmonybiosciences.com/static-files/7b3f9f00-ed4b-44c2-b8a8-3a8193fc3e97",
    "timestamp": "unknown"
  },
  {
    "title": "--.xls",
    "link": "https://ir.harmonybiosciences.com/static-files/272770ea-2dfc-4c06-bd9a-7405bd54828a",
    "timestamp": "unknown"
  },
  {
    "title": "Aug ,Statement of changes in beneficial ownership of securities--.pdf--.rtf--.xlsView HTML",
    "link": "https://ir.harmonybiosciences.com/sec-filings/sec-filing//--",
    "timestamp": "unknown"
  },
  {
    "title": "--.pdf--.rtf--.xlsView HTML",
    "link": "https://ir.harmonybiosciences.com/static-files/bea745fd-c41a-42d5--ae75988e66a5",
    "timestamp": "unknown"
  },
  {
    "title": "--.pdf",
    "link": "https://ir.harmonybiosciences.com/static-files/bea745fd-c41a-42d5--ae75988e66a5",
    "timestamp": "unknown"
  },
  {
    "title": "--.rtf",
    "link": "https://ir.harmonybiosciences.com/static-files/69dd5e52-df38-476e-93d9-4cc74e3da556",
    "timestamp": "unknown"
  },
  {
    "title": "--.xls",
    "link": "https://ir.harmonybiosciences.com/static-files/e77cd0d8-13a0-44d4-94bf-a89f55f581d3",
    "timestamp": "unknown"
  },
  {
    "title": "Aug ,Filed by \"insiders\" prior intended sale of restricted stock. Non-EDGAR filing--.pdf--.rtfView HTML",
    "link": "https://ir.harmonybiosciences.com/sec-filings/sec-filing//--",
    "timestamp": "unknown"
  },
  {
    "title": "--.pdf--.rtfView HTML",
    "link": "https://ir.harmonybiosciences.com/static-files/a8449d5f-1baf--b89a-6201739c8c24",
    "timestamp": "unknown"
  },
  {
    "title": "--.pdf",
    "link": "https://ir.harmonybiosciences.com/static-files/a8449d5f-1baf--b89a-6201739c8c24",
    "timestamp": "unknown"
  },
  {
    "title": "--.rtf",
    "link": "https://ir.harmonybiosciences.com/static-files/8a9a86a2-1ddc-4e78-a759-5e590e6da918",
    "timestamp": "unknown"
  },
  {
    "title": "Aug ,Report of unscheduled material events or corporate event-K--.pdf--.rtf--.xlsEX-.SCH - XBRL TAXONOMY EXTENSION SCHEMAView HTML",
    "link": "https://ir.harmonybiosciences.com/sec-filings/sec-filing/-k/--",
    "timestamp": "unknown"
  },
  {
    "title": "--.pdf--.rtf--.xlsEX-.SCH - XBRL TAXONOMY EXTENSION SCHEMAView HTML",
    "link": "https://ir.harmonybiosciences.com/static-files/13c45019-e434-44b5--28390db9d4e3",
    "timestamp": "unknown"
  },
  {
    "title": "--.pdf",
    "link": "https://ir.harmonybiosciences.com/static-files/13c45019-e434-44b5--28390db9d4e3",
    "timestamp": "unknown"
  },
  {
    "title": "--.rtf",
    "link": "https://ir.harmonybiosciences.com/static-files/7154f80c-91e6-4f1d-bb31-a787371003ca",
    "timestamp": "unknown"
  },
  {
    "title": "--.xls",
    "link": "https://ir.harmonybiosciences.com/static-files/7568ca79-7bf8-4ed5-88f1-986be332a225",
    "timestamp": "unknown"
  },
  {
    "title": "Aug ,Quarterly report which provides a continuing view of a company's financial position-Q--.pdf--.rtf--.xlsEX-.SCH - XBRL TAXONOMY EXTENSION SCHEMAVi",
    "link": "https://ir.harmonybiosciences.com/sec-filings/sec-filing/-q/--",
    "timestamp": "unknown"
  },
  {
    "title": "--.pdf--.rtf--.xlsEX-.SCH - XBRL TAXONOMY EXTENSION SCHEMAView HTML",
    "link": "https://ir.harmonybiosciences.com/static-files/6ebdbd77----31526a7ad6e2",
    "timestamp": "unknown"
  },
  {
    "title": "--.pdf",
    "link": "https://ir.harmonybiosciences.com/static-files/6ebdbd77----31526a7ad6e2",
    "timestamp": "unknown"
  },
  {
    "title": "--.rtf",
    "link": "https://ir.harmonybiosciences.com/static-files/a1fb61c7-414b-4e85-800f-30c5ddddb2aa",
    "timestamp": "unknown"
  },
  {
    "title": "--.xls",
    "link": "https://ir.harmonybiosciences.com/static-files/f8353266-c500--9bec-b393b7a5e86d",
    "timestamp": "unknown"
  },
  {
    "title": "Jun ,Report of unscheduled material events or corporate event-K--.pdf--.rtf--.xlsEX-.SCH - XBRL TAXONOMY EXTENSION SCHEMAView HTML",
    "link": "https://ir.harmonybiosciences.com/sec-filings/sec-filing/-k/--",
    "timestamp": "unknown"
  },
  {
    "title": "--.pdf--.rtf--.xlsEX-.SCH - XBRL TAXONOMY EXTENSION SCHEMAView HTML",
    "link": "https://ir.harmonybiosciences.com/static-files/07fde6a1-5e65-4fb8-9aee-580ce04b356f",
    "timestamp": "unknown"
  },
  {
    "title": "--.pdf",
    "link": "https://ir.harmonybiosciences.com/static-files/07fde6a1-5e65-4fb8-9aee-580ce04b356f",
    "timestamp": "unknown"
  },
  {
    "title": "--.rtf",
    "link": "https://ir.harmonybiosciences.com/static-files/825b87fd-be92--800d-a4f36c74d14c",
    "timestamp": "unknown"
  },
  {
    "title": "--.xls",
    "link": "https://ir.harmonybiosciences.com/static-files/fa0d57e9-63b2--9cf6-9af25195aeb4",
    "timestamp": "unknown"
  },
  {
    "title": "Jun ,Filed by \"insiders\" prior intended sale of restricted stock. Non-EDGAR filing--.pdf--.rtf--.xlsView HTML",
    "link": "https://ir.harmonybiosciences.com/sec-filings/sec-filing//--",
    "timestamp": "unknown"
  },
  {
    "title": "--.pdf--.rtf--.xlsView HTML",
    "link": "https://ir.harmonybiosciences.com/static-files/4adfac84-9b6b-4a87-83a5-188152096f2b",
    "timestamp": "unknown"
  },
  {
    "title": "--.pdf",
    "link": "https://ir.harmonybiosciences.com/static-files/4adfac84-9b6b-4a87-83a5-188152096f2b",
    "timestamp": "unknown"
  },
  {
    "title": "--.rtf",
    "link": "https://ir.harmonybiosciences.com/static-files/85c40e88-6de7-4b22-8d17-5e89c5a36f78",
    "timestamp": "unknown"
  },
  {
    "title": "--.xls",
    "link": "https://ir.harmonybiosciences.com/static-files/417603dd-3fe6-44eb-a018-9de788c8cbd8",
    "timestamp": "unknown"
  },
  {
    "title": "Jun ,Report of unscheduled material events or corporate event-K--.pdf--.rtf--.xlsEX-.SCH - XBRL TAXONOMY EXTENSION SCHEMAView HTML",
    "link": "https://ir.harmonybiosciences.com/sec-filings/sec-filing/-k/--",
    "timestamp": "unknown"
  },
  {
    "title": "--.pdf--.rtf--.xlsEX-.SCH - XBRL TAXONOMY EXTENSION SCHEMAView HTML",
    "link": "https://ir.harmonybiosciences.com/static-files/0b8575fd-c1c6-41de--0913620523f5",
    "timestamp": "unknown"
  },
  {
    "title": "--.pdf",
    "link": "https://ir.harmonybiosciences.com/static-files/0b8575fd-c1c6-41de--0913620523f5",
    "timestamp": "unknown"
  },
  {
    "title": "--.rtf",
    "link": "https://ir.harmonybiosciences.com/static-files/a05cc122-400b-4b2c-abb4-2d1e724ba710",
    "timestamp": "unknown"
  },
  {
    "title": "--.xls",
    "link": "https://ir.harmonybiosciences.com/static-files/73ff750f-4b13-4c7b-a63d-903e5feba480",
    "timestamp": "unknown"
  },
  {
    "title": "Current pagePagePage\u2026Next page\u203aLast page\u00bbDisplaying  -  of  results",
    "link": "https://ir.harmonybiosciences.com/financial-information/sec-filings?&field_nir_sec_cik_target_id=&field_nir_sec_date_filed_value=&&&items_per_page_toggle=&page=",
    "timestamp": "unknown"
  },
  {
    "title": "Current pagePagePage\u2026Next page\u203aLast page\u00bb",
    "link": "https://ir.harmonybiosciences.com/financial-information/sec-filings?&field_nir_sec_cik_target_id=&field_nir_sec_date_filed_value=&&&items_per_page_toggle=&page=",
    "timestamp": "unknown"
  },
  {
    "title": "Current page",
    "link": "https://ir.harmonybiosciences.com/financial-information/sec-filings?&field_nir_sec_cik_target_id=&field_nir_sec_date_filed_value=&&&items_per_page_toggle=&page=",
    "timestamp": "unknown"
  },
  {
    "title": "Page",
    "link": "https://ir.harmonybiosciences.com/financial-information/sec-filings?&field_nir_sec_cik_target_id=&field_nir_sec_date_filed_value=&&&items_per_page_toggle=&page=",
    "timestamp": "unknown"
  },
  {
    "title": "Page",
    "link": "https://ir.harmonybiosciences.com/financial-information/sec-filings?&field_nir_sec_cik_target_id=&field_nir_sec_date_filed_value=&&&items_per_page_toggle=&page=",
    "timestamp": "unknown"
  },
  {
    "title": "Next page\u203a",
    "link": "https://ir.harmonybiosciences.com/financial-information/sec-filings?&field_nir_sec_cik_target_id=&field_nir_sec_date_filed_value=&&&items_per_page_toggle=&page=",
    "timestamp": "unknown"
  },
  {
    "title": "Last page\u00bb",
    "link": "https://ir.harmonybiosciences.com/financial-information/sec-filings?&field_nir_sec_cik_target_id=&field_nir_sec_date_filed_value=&&&items_per_page_toggle=&page=",
    "timestamp": "unknown"
  },
  {
    "title": "Data provided byKaleidoscope.",
    "link": "https://www.kscope.io",
    "timestamp": "unknown"
  },
  {
    "title": "Data provided byKaleidoscope.",
    "link": "https://www.kscope.io",
    "timestamp": "unknown"
  },
  {
    "title": "print pageemail alertsrsscontact ir",
    "link": "https://ir.harmonybiosciences.com/financial-information/sec-filings",
    "timestamp": "unknown"
  },
  {
    "title": "print pageemail alertsrsscontact ir",
    "link": "https://ir.harmonybiosciences.com/financial-information/sec-filings",
    "timestamp": "unknown"
  },
  {
    "title": "print pageemail alertsrsscontact ir",
    "link": "https://ir.harmonybiosciences.com/financial-information/sec-filings",
    "timestamp": "unknown"
  },
  {
    "title": "linkedinXinstagram",
    "link": "https://www.linkedin.com/company/harmonybiosciences/",
    "timestamp": "unknown"
  },
  {
    "title": "linkedinXinstagram",
    "link": "https://www.linkedin.com/company/harmonybiosciences/",
    "timestamp": "unknown"
  },
  {
    "title": "linkedinXinstagram",
    "link": "https://www.linkedin.com/company/harmonybiosciences/",
    "timestamp": "unknown"
  },
  {
    "title": "linkedinXinstagram",
    "link": "https://www.linkedin.com/company/harmonybiosciences/",
    "timestamp": "unknown"
  },
  {
    "title": "Ethics & ComplianceCommunity GuidelinesContactCareers",
    "link": "https://www.harmonybiosciences.com/ethics-and-compliance/",
    "timestamp": "unknown"
  },
  {
    "title": "Ethics & ComplianceCommunity GuidelinesContactCareers",
    "link": "https://www.harmonybiosciences.com/ethics-and-compliance/",
    "timestamp": "unknown"
  },
  {
    "title": "Ethics & Compliance",
    "link": "https://www.harmonybiosciences.com/ethics-and-compliance/",
    "timestamp": "unknown"
  },
  {
    "title": "Community Guidelines",
    "link": "https://www.harmonybiosciences.com/wp-content/uploads///Harmony_Corporate_Social_Media_Community_Guidelines__August_2023_Update.pdf",
    "timestamp": "unknown"
  },
  {
    "title": "Contact",
    "link": "https://www.harmonybiosciences.com/about-us/contact-us/",
    "timestamp": "unknown"
  },
  {
    "title": "Careers",
    "link": "https://www.harmonybiosciences.com/careers",
    "timestamp": "unknown"
  },
  {
    "title": "Privacy Center",
    "link": "https://www.harmonybiosciences.com/privacy-center/",
    "timestamp": "unknown"
  },
  {
    "title": "Your Privacy Choices",
    "link": "https://ir.harmonybiosciences.com/financial-information/sec-filings",
    "timestamp": "unknown"
  },
  {
    "title": "Terms Of Use",
    "link": "https://www.harmonybiosciences.com/privacy-policy-terms-of-use/#terms",
    "timestamp": "unknown"
  },
  {
    "title": "Safety Data Sheet",
    "link": "https://www.harmonybiosciences.com/wp-content/uploads///Pitolisant_Hydrochloride_Tablets_RSD_United_States-d92876780d260aa7cb151a9dd711d213.pdf",
    "timestamp": "unknown"
  }
]