[
  {
    "title": "MediaCorporateCareers",
    "link": "https://www.harmonybiosciences.com/newsroom",
    "timestamp": "unknown"
  },
  {
    "title": "MediaCorporateCareers",
    "link": "https://www.harmonybiosciences.com/newsroom",
    "timestamp": "unknown"
  },
  {
    "title": "MediaCorporateCareers",
    "link": "https://www.harmonybiosciences.com/newsroom",
    "timestamp": "unknown"
  },
  {
    "title": "Media",
    "link": "https://www.harmonybiosciences.com/newsroom",
    "timestamp": "unknown"
  },
  {
    "title": "Corporate",
    "link": "https://www.harmonybiosciences.com",
    "timestamp": "unknown"
  },
  {
    "title": "Careers",
    "link": "https://www.harmonybiosciences.com/careers",
    "timestamp": "unknown"
  },
  {
    "title": "OverviewCorporate PresentationStock InformationStock Quote & ChartHistorical Price LookupStock CalculatorAnalyst CoverageNews & EventsNews ReleasesEve",
    "link": "https://www.harmonybiosciences.com/",
    "timestamp": "unknown"
  },
  {
    "title": "OverviewCorporate PresentationStock InformationStock Quote & ChartHistorical Price LookupStock CalculatorAnalyst CoverageNews & EventsNews ReleasesEve",
    "link": "https://www.harmonybiosciences.com/",
    "timestamp": "unknown"
  },
  {
    "title": "OverviewCorporate PresentationStock InformationStock Quote & ChartHistorical Price LookupStock CalculatorAnalyst CoverageNews & EventsNews ReleasesEve",
    "link": "https://ir.harmonybiosciences.com/",
    "timestamp": "unknown"
  },
  {
    "title": "OverviewCorporate PresentationStock InformationStock Quote & ChartHistorical Price LookupStock CalculatorAnalyst CoverageNews & EventsNews ReleasesEve",
    "link": "https://ir.harmonybiosciences.com/",
    "timestamp": "unknown"
  },
  {
    "title": "OverviewCorporate PresentationStock InformationStock Quote & ChartHistorical Price LookupStock CalculatorAnalyst CoverageNews & EventsNews ReleasesEve",
    "link": "https://ir.harmonybiosciences.com/",
    "timestamp": "unknown"
  },
  {
    "title": "OverviewCorporate Presentation",
    "link": "https://ir.harmonybiosciences.com/",
    "timestamp": "unknown"
  },
  {
    "title": "Corporate Presentation",
    "link": "https://ir.harmonybiosciences.com/static-files/934d52e1-a65f--8f04-48d68aeecc38",
    "timestamp": "unknown"
  },
  {
    "title": "Stock InformationStock Quote & ChartHistorical Price LookupStock CalculatorAnalyst Coverage",
    "link": "https://ir.harmonybiosciences.com/stock-information/stock-quote-chart",
    "timestamp": "unknown"
  },
  {
    "title": "Stock Quote & Chart",
    "link": "https://ir.harmonybiosciences.com/stock-information/stock-quote-chart",
    "timestamp": "unknown"
  },
  {
    "title": "Historical Price Lookup",
    "link": "https://ir.harmonybiosciences.com/stock-information/historical-price-lookup",
    "timestamp": "unknown"
  },
  {
    "title": "Stock Calculator",
    "link": "https://ir.harmonybiosciences.com/stock-information/stock-calculator",
    "timestamp": "unknown"
  },
  {
    "title": "Analyst Coverage",
    "link": "https://ir.harmonybiosciences.com/stock-information/analyst-coverage",
    "timestamp": "unknown"
  },
  {
    "title": "News & EventsNews ReleasesEvents & Presentations",
    "link": "https://ir.harmonybiosciences.com/news-events/news-releases",
    "timestamp": "unknown"
  },
  {
    "title": "News Releases",
    "link": "https://ir.harmonybiosciences.com/news-events/news-releases",
    "timestamp": "unknown"
  },
  {
    "title": "Events & Presentations",
    "link": "https://ir.harmonybiosciences.com/news-events/investor-calendar",
    "timestamp": "unknown"
  },
  {
    "title": "FinancialsSEC FilingsQuarterly Results",
    "link": "https://ir.harmonybiosciences.com/financial-information/sec-filings",
    "timestamp": "unknown"
  },
  {
    "title": "SEC Filings",
    "link": "https://ir.harmonybiosciences.com/financial-information/sec-filings",
    "timestamp": "unknown"
  },
  {
    "title": "Quarterly Results",
    "link": "https://ir.harmonybiosciences.com/financial-information/quarterly-results",
    "timestamp": "unknown"
  },
  {
    "title": "GovernanceGovernance HighlightsCommittee Composition",
    "link": "https://ir.harmonybiosciences.com/corporate-governance/governance-highlights",
    "timestamp": "unknown"
  },
  {
    "title": "Governance Highlights",
    "link": "https://ir.harmonybiosciences.com/corporate-governance/governance-highlights",
    "timestamp": "unknown"
  },
  {
    "title": "Committee Composition",
    "link": "https://ir.harmonybiosciences.com/corporate-governance/committee-composition",
    "timestamp": "unknown"
  },
  {
    "title": "Investor ResourcesCorporate PresentationInvestor FAQsEmail AlertsContact IR",
    "link": "https://ir.harmonybiosciences.com/investor-resources/investor-faqs",
    "timestamp": "unknown"
  },
  {
    "title": "Corporate Presentation",
    "link": "https://ir.harmonybiosciences.com/static-files/934d52e1-a65f--8f04-48d68aeecc38",
    "timestamp": "unknown"
  },
  {
    "title": "Investor FAQs",
    "link": "https://ir.harmonybiosciences.com/investor-resources/investor-faqs",
    "timestamp": "unknown"
  },
  {
    "title": "Email Alerts",
    "link": "https://ir.harmonybiosciences.com/investor-resources/email-alerts",
    "timestamp": "unknown"
  },
  {
    "title": "Contact IR",
    "link": "https://ir.harmonybiosciences.com/investor-resources/contact-ir",
    "timestamp": "unknown"
  },
  {
    "title": "OverviewBack to topOverviewStock InformationBack to topStock Quote & ChartHistorical Price LookupStock CalculatorAnalyst CoverageNews & EventsBack to ",
    "link": "https://ir.harmonybiosciences.com/",
    "timestamp": "unknown"
  },
  {
    "title": "OverviewBack to topOverview",
    "link": "https://ir.harmonybiosciences.com/",
    "timestamp": "unknown"
  },
  {
    "title": "Back to top",
    "link": "https://ir.harmonybiosciences.com/financial-information/sec-filings",
    "timestamp": "unknown"
  },
  {
    "title": "Overview",
    "link": "https://ir.harmonybiosciences.com/investor-relations",
    "timestamp": "unknown"
  },
  {
    "title": "Stock InformationBack to topStock Quote & ChartHistorical Price LookupStock CalculatorAnalyst Coverage",
    "link": "https://ir.harmonybiosciences.com/stock-information/stock-quote-chart",
    "timestamp": "unknown"
  },
  {
    "title": "Back to top",
    "link": "https://ir.harmonybiosciences.com/financial-information/sec-filings",
    "timestamp": "unknown"
  },
  {
    "title": "Stock Quote & Chart",
    "link": "https://ir.harmonybiosciences.com/stock-information/stock-quote-chart",
    "timestamp": "unknown"
  },
  {
    "title": "Historical Price Lookup",
    "link": "https://ir.harmonybiosciences.com/stock-information/historical-price-lookup",
    "timestamp": "unknown"
  },
  {
    "title": "Stock Calculator",
    "link": "https://ir.harmonybiosciences.com/stock-information/stock-calculator",
    "timestamp": "unknown"
  },
  {
    "title": "Analyst Coverage",
    "link": "https://ir.harmonybiosciences.com/stock-information/analyst-coverage",
    "timestamp": "unknown"
  },
  {
    "title": "News & EventsBack to topNews ReleasesEvents & Presentations",
    "link": "https://ir.harmonybiosciences.com/news-events/news-releases",
    "timestamp": "unknown"
  },
  {
    "title": "Back to top",
    "link": "https://ir.harmonybiosciences.com/financial-information/sec-filings",
    "timestamp": "unknown"
  },
  {
    "title": "News Releases",
    "link": "https://ir.harmonybiosciences.com/news-events/news-releases",
    "timestamp": "unknown"
  },
  {
    "title": "Events & Presentations",
    "link": "https://ir.harmonybiosciences.com/news-events/investor-calendar",
    "timestamp": "unknown"
  },
  {
    "title": "FinancialsBack to topSEC FilingsQuarterly Results",
    "link": "https://ir.harmonybiosciences.com/financial-information/sec-filings",
    "timestamp": "unknown"
  },
  {
    "title": "Back to top",
    "link": "https://ir.harmonybiosciences.com/financial-information/sec-filings",
    "timestamp": "unknown"
  },
  {
    "title": "SEC Filings",
    "link": "https://ir.harmonybiosciences.com/financial-information/sec-filings",
    "timestamp": "unknown"
  },
  {
    "title": "Quarterly Results",
    "link": "https://ir.harmonybiosciences.com/financial-information/quarterly-results",
    "timestamp": "unknown"
  },
  {
    "title": "GovernanceBack to topGovernance HighlightsCommittee Composition",
    "link": "https://ir.harmonybiosciences.com/corporate-governance/governance-highlights",
    "timestamp": "unknown"
  },
  {
    "title": "Back to top",
    "link": "https://ir.harmonybiosciences.com/financial-information/sec-filings",
    "timestamp": "unknown"
  },
  {
    "title": "Governance Highlights",
    "link": "https://ir.harmonybiosciences.com/corporate-governance/governance-highlights",
    "timestamp": "unknown"
  },
  {
    "title": "Committee Composition",
    "link": "https://ir.harmonybiosciences.com/corporate-governance/committee-composition",
    "timestamp": "unknown"
  },
  {
    "title": "Investor ResourcesBack to topInvestor FAQsEmail AlertsContact IR",
    "link": "https://ir.harmonybiosciences.com/investor-resources/investor-faqs",
    "timestamp": "unknown"
  },
  {
    "title": "Back to top",
    "link": "https://ir.harmonybiosciences.com/financial-information/sec-filings",
    "timestamp": "unknown"
  },
  {
    "title": "Investor FAQs",
    "link": "https://ir.harmonybiosciences.com/investor-resources/investor-faqs",
    "timestamp": "unknown"
  },
  {
    "title": "Email Alerts",
    "link": "https://ir.harmonybiosciences.com/investor-resources/email-alerts",
    "timestamp": "unknown"
  },
  {
    "title": "Contact IR",
    "link": "https://ir.harmonybiosciences.com/investor-resources/contact-ir",
    "timestamp": "unknown"
  },
  {
    "title": "MediaCorporateCareers",
    "link": "https://www.harmonybiosciences.com/newsroom",
    "timestamp": "unknown"
  },
  {
    "title": "Media",
    "link": "https://www.harmonybiosciences.com/newsroom",
    "timestamp": "unknown"
  },
  {
    "title": "Corporate",
    "link": "https://www.harmonybiosciences.com",
    "timestamp": "unknown"
  },
  {
    "title": "Careers",
    "link": "https://www.harmonybiosciences.com/careers",
    "timestamp": "unknown"
  },
  {
    "title": "GroupAll,,Annual FilingsCurrent ReportsMergers & AcquisitionsOtherProxy FilingsQuarterly FilingsRegistration StatementsFiling yearAllItems per pageFil",
    "link": "https://ir.harmonybiosciences.com/financial-information/sec-filings?items_per_page=&order=field_nir_sec_date_filed&sort=asc",
    "timestamp": "unknown"
  },
  {
    "title": "GroupAll,,Annual FilingsCurrent ReportsMergers & AcquisitionsOtherProxy FilingsQuarterly FilingsRegistration StatementsFiling yearAllItems per pageFil",
    "link": "https://ir.harmonybiosciences.com/financial-information/sec-filings?items_per_page=&order=field_nir_sec_date_filed&sort=asc",
    "timestamp": "unknown"
  },
  {
    "title": "GroupAll,,Annual FilingsCurrent ReportsMergers & AcquisitionsOtherProxy FilingsQuarterly FilingsRegistration StatementsFiling yearAllItems per pageFil",
    "link": "https://ir.harmonybiosciences.com/financial-information/sec-filings?items_per_page=&order=field_nir_sec_date_filed&sort=asc",
    "timestamp": "unknown"
  },
  {
    "title": "GroupAll,,Annual FilingsCurrent ReportsMergers & AcquisitionsOtherProxy FilingsQuarterly FilingsRegistration StatementsFiling yearAllItems per pageFil",
    "link": "https://ir.harmonybiosciences.com/financial-information/sec-filings?items_per_page=&order=field_nir_sec_date_filed&sort=asc",
    "timestamp": "unknown"
  },
  {
    "title": "GroupAll,,Annual FilingsCurrent ReportsMergers & AcquisitionsOtherProxy FilingsQuarterly FilingsRegistration StatementsFiling yearAllItems per pageFil",
    "link": "https://ir.harmonybiosciences.com/financial-information/sec-filings?items_per_page=&order=field_nir_sec_date_filed&sort=asc",
    "timestamp": "unknown"
  },
  {
    "title": "GroupAll,,Annual FilingsCurrent ReportsMergers & AcquisitionsOtherProxy FilingsQuarterly FilingsRegistration StatementsFiling yearAllItems per pageFil",
    "link": "https://ir.harmonybiosciences.com/financial-information/sec-filings?items_per_page=&order=field_nir_sec_date_filed&sort=asc",
    "timestamp": "unknown"
  },
  {
    "title": "GroupAll,,Annual FilingsCurrent ReportsMergers & AcquisitionsOtherProxy FilingsQuarterly FilingsRegistration StatementsFiling yearAllItems per pageFil",
    "link": "https://ir.harmonybiosciences.com/financial-information/sec-filings?items_per_page=&order=field_nir_sec_date_filed&sort=asc",
    "timestamp": "unknown"
  },
  {
    "title": "GroupAll,,Annual FilingsCurrent ReportsMergers & AcquisitionsOtherProxy FilingsQuarterly FilingsRegistration StatementsFiling yearAllItems per pageFil",
    "link": "https://ir.harmonybiosciences.com/financial-information/sec-filings?items_per_page=&order=field_nir_sec_date_filed&sort=asc",
    "timestamp": "unknown"
  },
  {
    "title": "GroupAll,,Annual FilingsCurrent ReportsMergers & AcquisitionsOtherProxy FilingsQuarterly FilingsRegistration StatementsFiling yearAllItems per pageFil",
    "link": "https://ir.harmonybiosciences.com/financial-information/sec-filings?items_per_page=&order=field_nir_sec_date_filed&sort=asc",
    "timestamp": "unknown"
  },
  {
    "title": "GroupAll,,Annual FilingsCurrent ReportsMergers & AcquisitionsOtherProxy FilingsQuarterly FilingsRegistration StatementsFiling yearAllItems per pageFil",
    "link": "https://ir.harmonybiosciences.com/financial-information/sec-filings?items_per_page=&order=field_nir_sec_date_filed&sort=asc",
    "timestamp": "unknown"
  },
  {
    "title": "GroupAll,,Annual FilingsCurrent ReportsMergers & AcquisitionsOtherProxy FilingsQuarterly FilingsRegistration StatementsFiling yearAllItems per pageFil",
    "link": "https://ir.harmonybiosciences.com/financial-information/sec-filings?items_per_page=&order=field_nir_sec_date_filed&sort=asc",
    "timestamp": "unknown"
  },
  {
    "title": "GroupAll,,Annual FilingsCurrent ReportsMergers & AcquisitionsOtherProxy FilingsQuarterly FilingsRegistration StatementsFiling yearAllItems per pageFil",
    "link": "https://ir.harmonybiosciences.com/financial-information/sec-filings?items_per_page=&order=field_nir_sec_date_filed&sort=asc",
    "timestamp": "unknown"
  },
  {
    "title": "GroupAll,,Annual FilingsCurrent ReportsMergers & AcquisitionsOtherProxy FilingsQuarterly FilingsRegistration StatementsFiling yearAllItems per pageFil",
    "link": "https://ir.harmonybiosciences.com/financial-information/sec-filings?items_per_page=&order=field_nir_sec_date_filed&sort=asc",
    "timestamp": "unknown"
  },
  {
    "title": "GroupAll,,Annual FilingsCurrent ReportsMergers & AcquisitionsOtherProxy FilingsQuarterly FilingsRegistration StatementsFiling yearAllItems per pageFil",
    "link": "https://ir.harmonybiosciences.com/financial-information/sec-filings?items_per_page=&order=field_nir_sec_date_filed&sort=asc",
    "timestamp": "unknown"
  },
  {
    "title": "GroupAll,,Annual FilingsCurrent ReportsMergers & AcquisitionsOtherProxy FilingsQuarterly FilingsRegistration StatementsFiling yearAllItems per pageFil",
    "link": "https://ir.harmonybiosciences.com/financial-information/sec-filings?items_per_page=&order=field_nir_sec_date_filed&sort=asc",
    "timestamp": "unknown"
  },
  {
    "title": "GroupAll,,Annual FilingsCurrent ReportsMergers & AcquisitionsOtherProxy FilingsQuarterly FilingsRegistration StatementsFiling yearAllItems per pageFil",
    "link": "https://ir.harmonybiosciences.com/financial-information/sec-filings?items_per_page=&order=field_nir_sec_date_filed&sort=asc",
    "timestamp": "unknown"
  },
  {
    "title": "Filing DateDescriptionFormViewFeb ,SCHEDULE 13G/A - DescriptionSCHEDULE 13G/A--.pdf--.rtf--.xlsView HTMLJan ,Statement of changes in beneficial owners",
    "link": "https://ir.harmonybiosciences.com/financial-information/sec-filings?items_per_page=&order=field_nir_sec_date_filed&sort=asc",
    "timestamp": "unknown"
  },
  {
    "title": "Filing DateDescriptionFormView",
    "link": "https://ir.harmonybiosciences.com/financial-information/sec-filings?items_per_page=&order=field_nir_sec_date_filed&sort=asc",
    "timestamp": "unknown"
  },
  {
    "title": "Feb ,SCHEDULE 13G/A - DescriptionSCHEDULE 13G/A--.pdf--.rtf--.xlsView HTML",
    "link": "https://ir.harmonybiosciences.com/sec-filings/sec-filing/schedule-13ga/--",
    "timestamp": "unknown"
  },
  {
    "title": "--.pdf--.rtf--.xlsView HTML",
    "link": "https://ir.harmonybiosciences.com/static-files/0b21f963--4ff2-833f-464efd449b3f",
    "timestamp": "unknown"
  },
  {
    "title": "--.pdf",
    "link": "https://ir.harmonybiosciences.com/static-files/0b21f963--4ff2-833f-464efd449b3f",
    "timestamp": "unknown"
  },
  {
    "title": "--.rtf",
    "link": "https://ir.harmonybiosciences.com/static-files/551e213f---b8db-0ff098825afe",
    "timestamp": "unknown"
  },
  {
    "title": "--.xls",
    "link": "https://ir.harmonybiosciences.com/static-files/1c08fa77-94b5-48eb-b8ce-760cfe445646",
    "timestamp": "unknown"
  },
  {
    "title": "Jan ,Statement of changes in beneficial ownership of securities--.pdf--.rtf--.xlsView HTML",
    "link": "https://ir.harmonybiosciences.com/sec-filings/sec-filing//--",
    "timestamp": "unknown"
  },
  {
    "title": "--.pdf--.rtf--.xlsView HTML",
    "link": "https://ir.harmonybiosciences.com/static-files/666d927f-8bf8--a0b0-44ba9b7a2493",
    "timestamp": "unknown"
  },
  {
    "title": "--.pdf",
    "link": "https://ir.harmonybiosciences.com/static-files/666d927f-8bf8--a0b0-44ba9b7a2493",
    "timestamp": "unknown"
  },
  {
    "title": "--.rtf",
    "link": "https://ir.harmonybiosciences.com/static-files/baaf4913-c08b-45e8-9fbc-bfef336f989b",
    "timestamp": "unknown"
  },
  {
    "title": "--.xls",
    "link": "https://ir.harmonybiosciences.com/static-files/3710171b--4a41-bbeb-20287a436f48",
    "timestamp": "unknown"
  },
  {
    "title": "Jan ,Filed by \"insiders\" prior intended sale of restricted stock.--.pdf--.rtf--.xlsView HTML",
    "link": "https://ir.harmonybiosciences.com/sec-filings/sec-filing//--",
    "timestamp": "unknown"
  },
  {
    "title": "--.pdf--.rtf--.xlsView HTML",
    "link": "https://ir.harmonybiosciences.com/static-files/8eb6df84-1f03-4bd6-8c60-f0bece7de5b7",
    "timestamp": "unknown"
  },
  {
    "title": "--.pdf",
    "link": "https://ir.harmonybiosciences.com/static-files/8eb6df84-1f03-4bd6-8c60-f0bece7de5b7",
    "timestamp": "unknown"
  },
  {
    "title": "--.rtf",
    "link": "https://ir.harmonybiosciences.com/static-files/5f9cdc16-2b91-4a7e-a2db-5da6c1f1fd15",
    "timestamp": "unknown"
  },
  {
    "title": "--.xls",
    "link": "https://ir.harmonybiosciences.com/static-files/8ee46426-5e34-4dfe-b8ad-62f137b3af0b",
    "timestamp": "unknown"
  },
  {
    "title": "Jan ,Statement of changes in beneficial ownership of securities--.pdf--.rtf--.xlsView HTML",
    "link": "https://ir.harmonybiosciences.com/sec-filings/sec-filing//--",
    "timestamp": "unknown"
  },
  {
    "title": "--.pdf--.rtf--.xlsView HTML",
    "link": "https://ir.harmonybiosciences.com/static-files/02134d56-6e8d--9eef-cfe707d12713",
    "timestamp": "unknown"
  },
  {
    "title": "--.pdf",
    "link": "https://ir.harmonybiosciences.com/static-files/02134d56-6e8d--9eef-cfe707d12713",
    "timestamp": "unknown"
  },
  {
    "title": "--.rtf",
    "link": "https://ir.harmonybiosciences.com/static-files/ad48ea8d-f82b-46f7--5b3619577223",
    "timestamp": "unknown"
  },
  {
    "title": "--.xls",
    "link": "https://ir.harmonybiosciences.com/static-files/f0981b16-98b7-4b58--60d3eccbec76",
    "timestamp": "unknown"
  },
  {
    "title": "Jan ,Statement of changes in beneficial ownership of securities--.pdf--.rtf--.xlsView HTML",
    "link": "https://ir.harmonybiosciences.com/sec-filings/sec-filing//--",
    "timestamp": "unknown"
  },
  {
    "title": "--.pdf--.rtf--.xlsView HTML",
    "link": "https://ir.harmonybiosciences.com/static-files/f3ea9c6e-ada6-4e7f-a058-ba3609ce8b74",
    "timestamp": "unknown"
  },
  {
    "title": "--.pdf",
    "link": "https://ir.harmonybiosciences.com/static-files/f3ea9c6e-ada6-4e7f-a058-ba3609ce8b74",
    "timestamp": "unknown"
  },
  {
    "title": "--.rtf",
    "link": "https://ir.harmonybiosciences.com/static-files/d9330cab--46cc-92d5-a9d2c7c5031a",
    "timestamp": "unknown"
  },
  {
    "title": "--.xls",
    "link": "https://ir.harmonybiosciences.com/static-files/3b5c6ebd-599e--a938-0e04940b84a3",
    "timestamp": "unknown"
  },
  {
    "title": "Jan ,Statement of changes in beneficial ownership of securities--.pdf--.rtf--.xlsView HTML",
    "link": "https://ir.harmonybiosciences.com/sec-filings/sec-filing//--",
    "timestamp": "unknown"
  },
  {
    "title": "--.pdf--.rtf--.xlsView HTML",
    "link": "https://ir.harmonybiosciences.com/static-files/73e83573-256d--af8d-1eaa76e6ad03",
    "timestamp": "unknown"
  },
  {
    "title": "--.pdf",
    "link": "https://ir.harmonybiosciences.com/static-files/73e83573-256d--af8d-1eaa76e6ad03",
    "timestamp": "unknown"
  },
  {
    "title": "--.rtf",
    "link": "https://ir.harmonybiosciences.com/static-files/c87e457a-d28b-476f-b94c-daaf0ea0c803",
    "timestamp": "unknown"
  },
  {
    "title": "--.xls",
    "link": "https://ir.harmonybiosciences.com/static-files/cfcb0e10-c442-402e-966d-9978a838a6ea",
    "timestamp": "unknown"
  },
  {
    "title": "Jan ,Statement of changes in beneficial ownership of securities--.pdf--.rtf--.xlsView HTML",
    "link": "https://ir.harmonybiosciences.com/sec-filings/sec-filing//--",
    "timestamp": "unknown"
  },
  {
    "title": "--.pdf--.rtf--.xlsView HTML",
    "link": "https://ir.harmonybiosciences.com/static-files/23f0b2fa-754f-4fae-935b-f19e0e83a95b",
    "timestamp": "unknown"
  },
  {
    "title": "--.pdf",
    "link": "https://ir.harmonybiosciences.com/static-files/23f0b2fa-754f-4fae-935b-f19e0e83a95b",
    "timestamp": "unknown"
  },
  {
    "title": "--.rtf",
    "link": "https://ir.harmonybiosciences.com/static-files/010012fd--4eab-bf94-1158dff40e3e",
    "timestamp": "unknown"
  },
  {
    "title": "--.xls",
    "link": "https://ir.harmonybiosciences.com/static-files/e2569ccf-fe86-402e-8b56-6a5d27faefb8",
    "timestamp": "unknown"
  },
  {
    "title": "Jan ,Statement of changes in beneficial ownership of securities--.pdf--.rtf--.xlsView HTML",
    "link": "https://ir.harmonybiosciences.com/sec-filings/sec-filing//--",
    "timestamp": "unknown"
  },
  {
    "title": "--.pdf--.rtf--.xlsView HTML",
    "link": "https://ir.harmonybiosciences.com/static-files/6996cfb9-50e7-4bde-9e58-19884e077e3c",
    "timestamp": "unknown"
  },
  {
    "title": "--.pdf",
    "link": "https://ir.harmonybiosciences.com/static-files/6996cfb9-50e7-4bde-9e58-19884e077e3c",
    "timestamp": "unknown"
  },
  {
    "title": "--.rtf",
    "link": "https://ir.harmonybiosciences.com/static-files/e5e003ec-69a7-427b-aa3b-364d880609f7",
    "timestamp": "unknown"
  },
  {
    "title": "--.xls",
    "link": "https://ir.harmonybiosciences.com/static-files/a9cf35b5---b61b-592630a4a1d4",
    "timestamp": "unknown"
  },
  {
    "title": "Jan ,Statement of changes in beneficial ownership of securities--.pdf--.rtf--.xlsView HTML",
    "link": "https://ir.harmonybiosciences.com/sec-filings/sec-filing//--",
    "timestamp": "unknown"
  },
  {
    "title": "--.pdf--.rtf--.xlsView HTML",
    "link": "https://ir.harmonybiosciences.com/static-files/1eb17966-16a5-47ee-a183-5fd478e13ed1",
    "timestamp": "unknown"
  },
  {
    "title": "--.pdf",
    "link": "https://ir.harmonybiosciences.com/static-files/1eb17966-16a5-47ee-a183-5fd478e13ed1",
    "timestamp": "unknown"
  },
  {
    "title": "--.rtf",
    "link": "https://ir.harmonybiosciences.com/static-files/62dfc978-b501--a012-38036d8e0461",
    "timestamp": "unknown"
  },
  {
    "title": "--.xls",
    "link": "https://ir.harmonybiosciences.com/static-files/b849b863-f55b-424c-bf4a-2441a07c3fe3",
    "timestamp": "unknown"
  },
  {
    "title": "Jan ,Filed by \"insiders\" prior intended sale of restricted stock.--.pdf--.rtf--.xlsView HTML",
    "link": "https://ir.harmonybiosciences.com/sec-filings/sec-filing//--",
    "timestamp": "unknown"
  },
  {
    "title": "--.pdf--.rtf--.xlsView HTML",
    "link": "https://ir.harmonybiosciences.com/static-files/bb181d51--4ecb-ba90-1920047e1e3f",
    "timestamp": "unknown"
  },
  {
    "title": "--.pdf",
    "link": "https://ir.harmonybiosciences.com/static-files/bb181d51--4ecb-ba90-1920047e1e3f",
    "timestamp": "unknown"
  },
  {
    "title": "--.rtf",
    "link": "https://ir.harmonybiosciences.com/static-files/d3ddbab6-ebdf--bc6f-0596814a6a0a",
    "timestamp": "unknown"
  },
  {
    "title": "--.xls",
    "link": "https://ir.harmonybiosciences.com/static-files/729d539d-ea2f-49b2-9e12-bc56c5a91c6c",
    "timestamp": "unknown"
  },
  {
    "title": "Current pagePagePage\u2026Next page\u203aLast page\u00bbDisplaying  -  of  results",
    "link": "https://ir.harmonybiosciences.com/financial-information/sec-filings?&field_nir_sec_cik_target_id=&field_nir_sec_date_filed_value=&&&items_per_page_toggle=&page=",
    "timestamp": "unknown"
  },
  {
    "title": "Current pagePagePage\u2026Next page\u203aLast page\u00bb",
    "link": "https://ir.harmonybiosciences.com/financial-information/sec-filings?&field_nir_sec_cik_target_id=&field_nir_sec_date_filed_value=&&&items_per_page_toggle=&page=",
    "timestamp": "unknown"
  },
  {
    "title": "Current page",
    "link": "https://ir.harmonybiosciences.com/financial-information/sec-filings?&field_nir_sec_cik_target_id=&field_nir_sec_date_filed_value=&&&items_per_page_toggle=&page=",
    "timestamp": "unknown"
  },
  {
    "title": "Page",
    "link": "https://ir.harmonybiosciences.com/financial-information/sec-filings?&field_nir_sec_cik_target_id=&field_nir_sec_date_filed_value=&&&items_per_page_toggle=&page=",
    "timestamp": "unknown"
  },
  {
    "title": "Page",
    "link": "https://ir.harmonybiosciences.com/financial-information/sec-filings?&field_nir_sec_cik_target_id=&field_nir_sec_date_filed_value=&&&items_per_page_toggle=&page=",
    "timestamp": "unknown"
  },
  {
    "title": "Next page\u203a",
    "link": "https://ir.harmonybiosciences.com/financial-information/sec-filings?&field_nir_sec_cik_target_id=&field_nir_sec_date_filed_value=&&&items_per_page_toggle=&page=",
    "timestamp": "unknown"
  },
  {
    "title": "Last page\u00bb",
    "link": "https://ir.harmonybiosciences.com/financial-information/sec-filings?&field_nir_sec_cik_target_id=&field_nir_sec_date_filed_value=&&&items_per_page_toggle=&page=",
    "timestamp": "unknown"
  },
  {
    "title": "Data provided byKaleidoscope.",
    "link": "https://www.kscope.io",
    "timestamp": "unknown"
  },
  {
    "title": "Data provided byKaleidoscope.",
    "link": "https://www.kscope.io",
    "timestamp": "unknown"
  },
  {
    "title": "print pageemail alertsrsscontact ir",
    "link": "https://ir.harmonybiosciences.com/financial-information/sec-filings",
    "timestamp": "unknown"
  },
  {
    "title": "print pageemail alertsrsscontact ir",
    "link": "https://ir.harmonybiosciences.com/financial-information/sec-filings",
    "timestamp": "unknown"
  },
  {
    "title": "print pageemail alertsrsscontact ir",
    "link": "https://ir.harmonybiosciences.com/financial-information/sec-filings",
    "timestamp": "unknown"
  },
  {
    "title": "linkedinXinstagram",
    "link": "https://www.linkedin.com/company/harmonybiosciences/",
    "timestamp": "unknown"
  },
  {
    "title": "linkedinXinstagram",
    "link": "https://www.linkedin.com/company/harmonybiosciences/",
    "timestamp": "unknown"
  },
  {
    "title": "linkedinXinstagram",
    "link": "https://www.linkedin.com/company/harmonybiosciences/",
    "timestamp": "unknown"
  },
  {
    "title": "linkedinXinstagram",
    "link": "https://www.linkedin.com/company/harmonybiosciences/",
    "timestamp": "unknown"
  },
  {
    "title": "Ethics & ComplianceCommunity GuidelinesContactCareers",
    "link": "https://www.harmonybiosciences.com/ethics-and-compliance/",
    "timestamp": "unknown"
  },
  {
    "title": "Ethics & ComplianceCommunity GuidelinesContactCareers",
    "link": "https://www.harmonybiosciences.com/ethics-and-compliance/",
    "timestamp": "unknown"
  },
  {
    "title": "Ethics & Compliance",
    "link": "https://www.harmonybiosciences.com/ethics-and-compliance/",
    "timestamp": "unknown"
  },
  {
    "title": "Community Guidelines",
    "link": "https://www.harmonybiosciences.com/wp-content/uploads///Harmony_Corporate_Social_Media_Community_Guidelines__August_2023_Update.pdf",
    "timestamp": "unknown"
  },
  {
    "title": "Contact",
    "link": "https://www.harmonybiosciences.com/about-us/contact-us/",
    "timestamp": "unknown"
  },
  {
    "title": "Careers",
    "link": "https://www.harmonybiosciences.com/careers",
    "timestamp": "unknown"
  },
  {
    "title": "Privacy Center",
    "link": "https://www.harmonybiosciences.com/privacy-center/",
    "timestamp": "unknown"
  },
  {
    "title": "Your Privacy Choices",
    "link": "https://ir.harmonybiosciences.com/financial-information/sec-filings",
    "timestamp": "unknown"
  },
  {
    "title": "Terms Of Use",
    "link": "https://www.harmonybiosciences.com/privacy-policy-terms-of-use/#terms",
    "timestamp": "unknown"
  },
  {
    "title": "Safety Data Sheet",
    "link": "https://www.harmonybiosciences.com/wp-content/uploads///Pitolisant_Hydrochloride_Tablets_RSD_United_States-d92876780d260aa7cb151a9dd711d213.pdf",
    "timestamp": "unknown"
  }
]