[
  {
    "title": "MediaCorporateCareers",
    "link": "https://www.harmonybiosciences.com/newsroom",
    "timestamp": "unknown"
  },
  {
    "title": "MediaCorporateCareers",
    "link": "https://www.harmonybiosciences.com/newsroom",
    "timestamp": "unknown"
  },
  {
    "title": "MediaCorporateCareers",
    "link": "https://www.harmonybiosciences.com/newsroom",
    "timestamp": "unknown"
  },
  {
    "title": "Media",
    "link": "https://www.harmonybiosciences.com/newsroom",
    "timestamp": "unknown"
  },
  {
    "title": "Corporate",
    "link": "https://www.harmonybiosciences.com",
    "timestamp": "unknown"
  },
  {
    "title": "Careers",
    "link": "https://www.harmonybiosciences.com/careers",
    "timestamp": "unknown"
  },
  {
    "title": "OverviewCorporate PresentationStock InformationStock Quote & ChartHistorical Price LookupStock CalculatorAnalyst CoverageNews & EventsNews ReleasesEve",
    "link": "https://www.harmonybiosciences.com/",
    "timestamp": "unknown"
  },
  {
    "title": "OverviewCorporate PresentationStock InformationStock Quote & ChartHistorical Price LookupStock CalculatorAnalyst CoverageNews & EventsNews ReleasesEve",
    "link": "https://www.harmonybiosciences.com/",
    "timestamp": "unknown"
  },
  {
    "title": "OverviewCorporate PresentationStock InformationStock Quote & ChartHistorical Price LookupStock CalculatorAnalyst CoverageNews & EventsNews ReleasesEve",
    "link": "https://ir.harmonybiosciences.com/",
    "timestamp": "unknown"
  },
  {
    "title": "OverviewCorporate PresentationStock InformationStock Quote & ChartHistorical Price LookupStock CalculatorAnalyst CoverageNews & EventsNews ReleasesEve",
    "link": "https://ir.harmonybiosciences.com/",
    "timestamp": "unknown"
  },
  {
    "title": "OverviewCorporate PresentationStock InformationStock Quote & ChartHistorical Price LookupStock CalculatorAnalyst CoverageNews & EventsNews ReleasesEve",
    "link": "https://ir.harmonybiosciences.com/",
    "timestamp": "unknown"
  },
  {
    "title": "OverviewCorporate Presentation",
    "link": "https://ir.harmonybiosciences.com/",
    "timestamp": "unknown"
  },
  {
    "title": "Corporate Presentation",
    "link": "https://ir.harmonybiosciences.com/static-files/934d52e1-a65f--8f04-48d68aeecc38",
    "timestamp": "unknown"
  },
  {
    "title": "Stock InformationStock Quote & ChartHistorical Price LookupStock CalculatorAnalyst Coverage",
    "link": "https://ir.harmonybiosciences.com/stock-information/stock-quote-chart",
    "timestamp": "unknown"
  },
  {
    "title": "Stock Quote & Chart",
    "link": "https://ir.harmonybiosciences.com/stock-information/stock-quote-chart",
    "timestamp": "unknown"
  },
  {
    "title": "Historical Price Lookup",
    "link": "https://ir.harmonybiosciences.com/stock-information/historical-price-lookup",
    "timestamp": "unknown"
  },
  {
    "title": "Stock Calculator",
    "link": "https://ir.harmonybiosciences.com/stock-information/stock-calculator",
    "timestamp": "unknown"
  },
  {
    "title": "Analyst Coverage",
    "link": "https://ir.harmonybiosciences.com/stock-information/analyst-coverage",
    "timestamp": "unknown"
  },
  {
    "title": "News & EventsNews ReleasesEvents & Presentations",
    "link": "https://ir.harmonybiosciences.com/news-events/news-releases",
    "timestamp": "unknown"
  },
  {
    "title": "News Releases",
    "link": "https://ir.harmonybiosciences.com/news-events/news-releases",
    "timestamp": "unknown"
  },
  {
    "title": "Events & Presentations",
    "link": "https://ir.harmonybiosciences.com/news-events/investor-calendar",
    "timestamp": "unknown"
  },
  {
    "title": "FinancialsSEC FilingsQuarterly Results",
    "link": "https://ir.harmonybiosciences.com/financial-information/sec-filings",
    "timestamp": "unknown"
  },
  {
    "title": "SEC Filings",
    "link": "https://ir.harmonybiosciences.com/financial-information/sec-filings",
    "timestamp": "unknown"
  },
  {
    "title": "Quarterly Results",
    "link": "https://ir.harmonybiosciences.com/financial-information/quarterly-results",
    "timestamp": "unknown"
  },
  {
    "title": "GovernanceGovernance HighlightsCommittee Composition",
    "link": "https://ir.harmonybiosciences.com/corporate-governance/governance-highlights",
    "timestamp": "unknown"
  },
  {
    "title": "Governance Highlights",
    "link": "https://ir.harmonybiosciences.com/corporate-governance/governance-highlights",
    "timestamp": "unknown"
  },
  {
    "title": "Committee Composition",
    "link": "https://ir.harmonybiosciences.com/corporate-governance/committee-composition",
    "timestamp": "unknown"
  },
  {
    "title": "Investor ResourcesCorporate PresentationInvestor FAQsEmail AlertsContact IR",
    "link": "https://ir.harmonybiosciences.com/investor-resources/investor-faqs",
    "timestamp": "unknown"
  },
  {
    "title": "Corporate Presentation",
    "link": "https://ir.harmonybiosciences.com/static-files/934d52e1-a65f--8f04-48d68aeecc38",
    "timestamp": "unknown"
  },
  {
    "title": "Investor FAQs",
    "link": "https://ir.harmonybiosciences.com/investor-resources/investor-faqs",
    "timestamp": "unknown"
  },
  {
    "title": "Email Alerts",
    "link": "https://ir.harmonybiosciences.com/investor-resources/email-alerts",
    "timestamp": "unknown"
  },
  {
    "title": "Contact IR",
    "link": "https://ir.harmonybiosciences.com/investor-resources/contact-ir",
    "timestamp": "unknown"
  },
  {
    "title": "OverviewBack to topOverviewStock InformationBack to topStock Quote & ChartHistorical Price LookupStock CalculatorAnalyst CoverageNews & EventsBack to ",
    "link": "https://ir.harmonybiosciences.com/",
    "timestamp": "unknown"
  },
  {
    "title": "OverviewBack to topOverview",
    "link": "https://ir.harmonybiosciences.com/",
    "timestamp": "unknown"
  },
  {
    "title": "Back to top",
    "link": "https://ir.harmonybiosciences.com/news-events/investor-calendar",
    "timestamp": "unknown"
  },
  {
    "title": "Overview",
    "link": "https://ir.harmonybiosciences.com/investor-relations",
    "timestamp": "unknown"
  },
  {
    "title": "Stock InformationBack to topStock Quote & ChartHistorical Price LookupStock CalculatorAnalyst Coverage",
    "link": "https://ir.harmonybiosciences.com/stock-information/stock-quote-chart",
    "timestamp": "unknown"
  },
  {
    "title": "Back to top",
    "link": "https://ir.harmonybiosciences.com/news-events/investor-calendar",
    "timestamp": "unknown"
  },
  {
    "title": "Stock Quote & Chart",
    "link": "https://ir.harmonybiosciences.com/stock-information/stock-quote-chart",
    "timestamp": "unknown"
  },
  {
    "title": "Historical Price Lookup",
    "link": "https://ir.harmonybiosciences.com/stock-information/historical-price-lookup",
    "timestamp": "unknown"
  },
  {
    "title": "Stock Calculator",
    "link": "https://ir.harmonybiosciences.com/stock-information/stock-calculator",
    "timestamp": "unknown"
  },
  {
    "title": "Analyst Coverage",
    "link": "https://ir.harmonybiosciences.com/stock-information/analyst-coverage",
    "timestamp": "unknown"
  },
  {
    "title": "News & EventsBack to topNews ReleasesEvents & Presentations",
    "link": "https://ir.harmonybiosciences.com/news-events/news-releases",
    "timestamp": "unknown"
  },
  {
    "title": "Back to top",
    "link": "https://ir.harmonybiosciences.com/news-events/investor-calendar",
    "timestamp": "unknown"
  },
  {
    "title": "News Releases",
    "link": "https://ir.harmonybiosciences.com/news-events/news-releases",
    "timestamp": "unknown"
  },
  {
    "title": "Events & Presentations",
    "link": "https://ir.harmonybiosciences.com/news-events/investor-calendar",
    "timestamp": "unknown"
  },
  {
    "title": "FinancialsBack to topSEC FilingsQuarterly Results",
    "link": "https://ir.harmonybiosciences.com/financial-information/sec-filings",
    "timestamp": "unknown"
  },
  {
    "title": "Back to top",
    "link": "https://ir.harmonybiosciences.com/news-events/investor-calendar",
    "timestamp": "unknown"
  },
  {
    "title": "SEC Filings",
    "link": "https://ir.harmonybiosciences.com/financial-information/sec-filings",
    "timestamp": "unknown"
  },
  {
    "title": "Quarterly Results",
    "link": "https://ir.harmonybiosciences.com/financial-information/quarterly-results",
    "timestamp": "unknown"
  },
  {
    "title": "GovernanceBack to topGovernance HighlightsCommittee Composition",
    "link": "https://ir.harmonybiosciences.com/corporate-governance/governance-highlights",
    "timestamp": "unknown"
  },
  {
    "title": "Back to top",
    "link": "https://ir.harmonybiosciences.com/news-events/investor-calendar",
    "timestamp": "unknown"
  },
  {
    "title": "Governance Highlights",
    "link": "https://ir.harmonybiosciences.com/corporate-governance/governance-highlights",
    "timestamp": "unknown"
  },
  {
    "title": "Committee Composition",
    "link": "https://ir.harmonybiosciences.com/corporate-governance/committee-composition",
    "timestamp": "unknown"
  },
  {
    "title": "Investor ResourcesBack to topInvestor FAQsEmail AlertsContact IR",
    "link": "https://ir.harmonybiosciences.com/investor-resources/investor-faqs",
    "timestamp": "unknown"
  },
  {
    "title": "Back to top",
    "link": "https://ir.harmonybiosciences.com/news-events/investor-calendar",
    "timestamp": "unknown"
  },
  {
    "title": "Investor FAQs",
    "link": "https://ir.harmonybiosciences.com/investor-resources/investor-faqs",
    "timestamp": "unknown"
  },
  {
    "title": "Email Alerts",
    "link": "https://ir.harmonybiosciences.com/investor-resources/email-alerts",
    "timestamp": "unknown"
  },
  {
    "title": "Contact IR",
    "link": "https://ir.harmonybiosciences.com/investor-resources/contact-ir",
    "timestamp": "unknown"
  },
  {
    "title": "MediaCorporateCareers",
    "link": "https://www.harmonybiosciences.com/newsroom",
    "timestamp": "unknown"
  },
  {
    "title": "Media",
    "link": "https://www.harmonybiosciences.com/newsroom",
    "timestamp": "unknown"
  },
  {
    "title": "Corporate",
    "link": "https://www.harmonybiosciences.com",
    "timestamp": "unknown"
  },
  {
    "title": "Careers",
    "link": "https://www.harmonybiosciences.com/careers",
    "timestamp": "unknown"
  },
  {
    "title": "Upcoming EventsNov ,ESTThird Quarter  Financial ResultsClick here for webcastQ3  Earnings Presentation. MBQ3  Financial Business Update. KBPast Events",
    "link": "https://ir.harmonybiosciences.com/events/event-details/third-quarter--financial-results",
    "timestamp": "unknown"
  },
  {
    "title": "Upcoming EventsNov ,ESTThird Quarter  Financial ResultsClick here for webcastQ3  Earnings Presentation. MBQ3  Financial Business Update. KBPast Events",
    "link": "https://ir.harmonybiosciences.com/events/event-details/third-quarter--financial-results",
    "timestamp": "unknown"
  },
  {
    "title": "Upcoming EventsNov ,ESTThird Quarter  Financial ResultsClick here for webcastQ3  Earnings Presentation. MBQ3  Financial Business Update. KBPast Events",
    "link": "https://ir.harmonybiosciences.com/events/event-details/third-quarter--financial-results",
    "timestamp": "unknown"
  },
  {
    "title": "Upcoming EventsNov ,ESTThird Quarter  Financial ResultsClick here for webcastQ3  Earnings Presentation. MBQ3  Financial Business Update. KBPast Events",
    "link": "https://ir.harmonybiosciences.com/events/event-details/third-quarter--financial-results",
    "timestamp": "unknown"
  },
  {
    "title": "Upcoming EventsNov ,ESTThird Quarter  Financial ResultsClick here for webcastQ3  Earnings Presentation. MBQ3  Financial Business Update. KBPast Events",
    "link": "https://ir.harmonybiosciences.com/events/event-details/third-quarter--financial-results",
    "timestamp": "unknown"
  },
  {
    "title": "Upcoming EventsNov ,ESTThird Quarter  Financial ResultsClick here for webcastQ3  Earnings Presentation. MBQ3  Financial Business Update. KBPast Events",
    "link": "https://ir.harmonybiosciences.com/events/event-details/third-quarter--financial-results",
    "timestamp": "unknown"
  },
  {
    "title": "Upcoming EventsNov ,ESTThird Quarter  Financial ResultsClick here for webcastQ3  Earnings Presentation. MBQ3  Financial Business Update. KBPast Events",
    "link": "https://ir.harmonybiosciences.com/events/event-details/third-quarter--financial-results",
    "timestamp": "unknown"
  },
  {
    "title": "Upcoming EventsNov ,ESTThird Quarter  Financial ResultsClick here for webcastQ3  Earnings Presentation. MBQ3  Financial Business Update. KBPast Events",
    "link": "https://ir.harmonybiosciences.com/events/event-details/third-quarter--financial-results",
    "timestamp": "unknown"
  },
  {
    "title": "Upcoming EventsNov ,ESTThird Quarter  Financial ResultsClick here for webcastQ3  Earnings Presentation. MBQ3  Financial Business Update. KBPast Events",
    "link": "https://ir.harmonybiosciences.com/events/event-details/third-quarter--financial-results",
    "timestamp": "unknown"
  },
  {
    "title": "Upcoming EventsNov ,ESTThird Quarter  Financial ResultsClick here for webcastQ3  Earnings Presentation. MBQ3  Financial Business Update. KBPast Events",
    "link": "https://ir.harmonybiosciences.com/events/event-details/third-quarter--financial-results",
    "timestamp": "unknown"
  },
  {
    "title": "Upcoming EventsNov ,ESTThird Quarter  Financial ResultsClick here for webcastQ3  Earnings Presentation. MBQ3  Financial Business Update. KBPast Events",
    "link": "https://ir.harmonybiosciences.com/events/event-details/third-quarter--financial-results",
    "timestamp": "unknown"
  },
  {
    "title": "Upcoming EventsNov ,ESTThird Quarter  Financial ResultsClick here for webcastQ3  Earnings Presentation. MBQ3  Financial Business Update. KBPast Events",
    "link": "https://ir.harmonybiosciences.com/events/event-details/third-quarter--financial-results",
    "timestamp": "unknown"
  },
  {
    "title": "Upcoming EventsNov ,ESTThird Quarter  Financial ResultsClick here for webcastQ3  Earnings Presentation. MBQ3  Financial Business Update. KBPast Events",
    "link": "https://ir.harmonybiosciences.com/events/event-details/third-quarter--financial-results",
    "timestamp": "unknown"
  },
  {
    "title": "Upcoming EventsNov ,ESTThird Quarter  Financial ResultsClick here for webcastQ3  Earnings Presentation. MBQ3  Financial Business Update. KB",
    "link": "https://ir.harmonybiosciences.com/events/event-details/third-quarter--financial-results",
    "timestamp": "unknown"
  },
  {
    "title": "Upcoming EventsNov ,ESTThird Quarter  Financial ResultsClick here for webcastQ3  Earnings Presentation. MBQ3  Financial Business Update. KB",
    "link": "https://ir.harmonybiosciences.com/events/event-details/third-quarter--financial-results",
    "timestamp": "unknown"
  },
  {
    "title": "Upcoming EventsNov ,ESTThird Quarter  Financial ResultsClick here for webcastQ3  Earnings Presentation. MBQ3  Financial Business Update. KB",
    "link": "https://ir.harmonybiosciences.com/events/event-details/third-quarter--financial-results",
    "timestamp": "unknown"
  },
  {
    "title": "Upcoming EventsNov ,ESTThird Quarter  Financial ResultsClick here for webcastQ3  Earnings Presentation. MBQ3  Financial Business Update. KB",
    "link": "https://ir.harmonybiosciences.com/events/event-details/third-quarter--financial-results",
    "timestamp": "unknown"
  },
  {
    "title": "Nov ,ESTThird Quarter  Financial ResultsClick here for webcastQ3  Earnings Presentation. MBQ3  Financial Business Update. KB",
    "link": "https://ir.harmonybiosciences.com/events/event-details/third-quarter--financial-results",
    "timestamp": "unknown"
  },
  {
    "title": "Nov ,ESTThird Quarter  Financial ResultsClick here for webcastQ3  Earnings Presentation. MBQ3  Financial Business Update. KB",
    "link": "https://ir.harmonybiosciences.com/events/event-details/third-quarter--financial-results",
    "timestamp": "unknown"
  },
  {
    "title": "Nov ,ESTThird Quarter  Financial ResultsClick here for webcastQ3  Earnings Presentation. MBQ3  Financial Business Update. KB",
    "link": "https://ir.harmonybiosciences.com/events/event-details/third-quarter--financial-results",
    "timestamp": "unknown"
  },
  {
    "title": "Nov ,ESTThird Quarter  Financial ResultsClick here for webcastQ3  Earnings Presentation. MBQ3  Financial Business Update. KB",
    "link": "https://ir.harmonybiosciences.com/events/event-details/third-quarter--financial-results",
    "timestamp": "unknown"
  },
  {
    "title": "Nov ,ESTThird Quarter  Financial ResultsClick here for webcastQ3  Earnings Presentation. MBQ3  Financial Business Update. KB",
    "link": "https://ir.harmonybiosciences.com/events/event-details/third-quarter--financial-results",
    "timestamp": "unknown"
  },
  {
    "title": "Nov ,ESTThird Quarter  Financial ResultsClick here for webcastQ3  Earnings Presentation. MBQ3  Financial Business Update. KB",
    "link": "https://ir.harmonybiosciences.com/events/event-details/third-quarter--financial-results",
    "timestamp": "unknown"
  },
  {
    "title": "Third Quarter  Financial Results",
    "link": "https://ir.harmonybiosciences.com/events/event-details/third-quarter--financial-results",
    "timestamp": "unknown"
  },
  {
    "title": "Third Quarter  Financial Results",
    "link": "https://ir.harmonybiosciences.com/events/event-details/third-quarter--financial-results",
    "timestamp": "unknown"
  },
  {
    "title": "Third Quarter  Financial Results",
    "link": "https://ir.harmonybiosciences.com/events/event-details/third-quarter--financial-results",
    "timestamp": "unknown"
  },
  {
    "title": "Click here for webcast",
    "link": "https://event.on24.com/wcc/r//659AEDEEA4B581CAA324D5447C32530C",
    "timestamp": "unknown"
  },
  {
    "title": "Click here for webcast",
    "link": "https://event.on24.com/wcc/r//659AEDEEA4B581CAA324D5447C32530C",
    "timestamp": "unknown"
  },
  {
    "title": "Click here for webcast",
    "link": "https://event.on24.com/wcc/r//659AEDEEA4B581CAA324D5447C32530C",
    "timestamp": "unknown"
  },
  {
    "title": "Q3  Earnings Presentation. MBQ3  Financial Business Update. KB",
    "link": "https://ir.harmonybiosciences.com/static-files/3d2e1693-918d--a293-d5c43c78f26b",
    "timestamp": "unknown"
  },
  {
    "title": "Q3  Earnings Presentation. MBQ3  Financial Business Update. KB",
    "link": "https://ir.harmonybiosciences.com/static-files/3d2e1693-918d--a293-d5c43c78f26b",
    "timestamp": "unknown"
  },
  {
    "title": "Q3  Earnings Presentation. MBQ3  Financial Business Update. KB",
    "link": "https://ir.harmonybiosciences.com/static-files/3d2e1693-918d--a293-d5c43c78f26b",
    "timestamp": "unknown"
  },
  {
    "title": "Q3  Earnings Presentation. MB",
    "link": "https://ir.harmonybiosciences.com/static-files/3d2e1693-918d--a293-d5c43c78f26b",
    "timestamp": "unknown"
  },
  {
    "title": "Q3  Earnings Presentation. MB",
    "link": "https://ir.harmonybiosciences.com/static-files/3d2e1693-918d--a293-d5c43c78f26b",
    "timestamp": "unknown"
  },
  {
    "title": "Q3  Earnings Presentation. MB",
    "link": "https://ir.harmonybiosciences.com/static-files/3d2e1693-918d--a293-d5c43c78f26b",
    "timestamp": "unknown"
  },
  {
    "title": "Q3  Earnings Presentation. MB",
    "link": "https://ir.harmonybiosciences.com/static-files/3d2e1693-918d--a293-d5c43c78f26b",
    "timestamp": "unknown"
  },
  {
    "title": "Q3  Earnings Presentation. MB",
    "link": "https://ir.harmonybiosciences.com/static-files/3d2e1693-918d--a293-d5c43c78f26b",
    "timestamp": "unknown"
  },
  {
    "title": "Q3  Earnings Presentation. MB",
    "link": "https://ir.harmonybiosciences.com/static-files/3d2e1693-918d--a293-d5c43c78f26b",
    "timestamp": "unknown"
  },
  {
    "title": "Q3  Earnings Presentation. MB",
    "link": "https://ir.harmonybiosciences.com/static-files/3d2e1693-918d--a293-d5c43c78f26b",
    "timestamp": "unknown"
  },
  {
    "title": "Q3  Financial Business Update. KB",
    "link": "https://ir.harmonybiosciences.com/static-files/d45f8ad2-9f63-45fb-a9bf-a21a7e2c090b",
    "timestamp": "unknown"
  },
  {
    "title": "Q3  Financial Business Update. KB",
    "link": "https://ir.harmonybiosciences.com/static-files/d45f8ad2-9f63-45fb-a9bf-a21a7e2c090b",
    "timestamp": "unknown"
  },
  {
    "title": "Q3  Financial Business Update. KB",
    "link": "https://ir.harmonybiosciences.com/static-files/d45f8ad2-9f63-45fb-a9bf-a21a7e2c090b",
    "timestamp": "unknown"
  },
  {
    "title": "Q3  Financial Business Update. KB",
    "link": "https://ir.harmonybiosciences.com/static-files/d45f8ad2-9f63-45fb-a9bf-a21a7e2c090b",
    "timestamp": "unknown"
  },
  {
    "title": "Q3  Financial Business Update. KB",
    "link": "https://ir.harmonybiosciences.com/static-files/d45f8ad2-9f63-45fb-a9bf-a21a7e2c090b",
    "timestamp": "unknown"
  },
  {
    "title": "Q3  Financial Business Update. KB",
    "link": "https://ir.harmonybiosciences.com/static-files/d45f8ad2-9f63-45fb-a9bf-a21a7e2c090b",
    "timestamp": "unknown"
  },
  {
    "title": "Q3  Financial Business Update. KB",
    "link": "https://ir.harmonybiosciences.com/static-files/d45f8ad2-9f63-45fb-a9bf-a21a7e2c090b",
    "timestamp": "unknown"
  },
  {
    "title": "Past EventsYearAllSep ,EDTCantor Global Healthcare ConferenceClick here to watch the Harmony Biosciences presentationAug ,EDTSecond Quarter  Financial",
    "link": "https://ir.harmonybiosciences.com/events/event-details/-cantor-global-healthcare-conference",
    "timestamp": "unknown"
  },
  {
    "title": "Past EventsYearAllSep ,EDTCantor Global Healthcare ConferenceClick here to watch the Harmony Biosciences presentationAug ,EDTSecond Quarter  Financial",
    "link": "https://ir.harmonybiosciences.com/events/event-details/-cantor-global-healthcare-conference",
    "timestamp": "unknown"
  },
  {
    "title": "Past EventsYearAllSep ,EDTCantor Global Healthcare ConferenceClick here to watch the Harmony Biosciences presentationAug ,EDTSecond Quarter  Financial",
    "link": "https://ir.harmonybiosciences.com/events/event-details/-cantor-global-healthcare-conference",
    "timestamp": "unknown"
  },
  {
    "title": "Past EventsYearAllSep ,EDTCantor Global Healthcare ConferenceClick here to watch the Harmony Biosciences presentationAug ,EDTSecond Quarter  Financial",
    "link": "https://ir.harmonybiosciences.com/events/event-details/-cantor-global-healthcare-conference",
    "timestamp": "unknown"
  },
  {
    "title": "YearAllSep ,EDTCantor Global Healthcare ConferenceClick here to watch the Harmony Biosciences presentationAug ,EDTSecond Quarter  Financial ResultsCli",
    "link": "https://ir.harmonybiosciences.com/events/event-details/-cantor-global-healthcare-conference",
    "timestamp": "unknown"
  },
  {
    "title": "Sep ,EDTCantor Global Healthcare ConferenceClick here to watch the Harmony Biosciences presentationAug ,EDTSecond Quarter  Financial ResultsClick here",
    "link": "https://ir.harmonybiosciences.com/events/event-details/-cantor-global-healthcare-conference",
    "timestamp": "unknown"
  },
  {
    "title": "Sep ,EDTCantor Global Healthcare ConferenceClick here to watch the Harmony Biosciences presentation",
    "link": "https://ir.harmonybiosciences.com/events/event-details/-cantor-global-healthcare-conference",
    "timestamp": "unknown"
  },
  {
    "title": "Sep ,EDTCantor Global Healthcare ConferenceClick here to watch the Harmony Biosciences presentation",
    "link": "https://ir.harmonybiosciences.com/events/event-details/-cantor-global-healthcare-conference",
    "timestamp": "unknown"
  },
  {
    "title": "Sep ,EDTCantor Global Healthcare ConferenceClick here to watch the Harmony Biosciences presentation",
    "link": "https://ir.harmonybiosciences.com/events/event-details/-cantor-global-healthcare-conference",
    "timestamp": "unknown"
  },
  {
    "title": "Sep ,EDTCantor Global Healthcare ConferenceClick here to watch the Harmony Biosciences presentation",
    "link": "https://ir.harmonybiosciences.com/events/event-details/-cantor-global-healthcare-conference",
    "timestamp": "unknown"
  },
  {
    "title": "Cantor Global Healthcare Conference",
    "link": "https://ir.harmonybiosciences.com/events/event-details/-cantor-global-healthcare-conference",
    "timestamp": "unknown"
  },
  {
    "title": "Cantor Global Healthcare Conference",
    "link": "https://ir.harmonybiosciences.com/events/event-details/-cantor-global-healthcare-conference",
    "timestamp": "unknown"
  },
  {
    "title": "Cantor Global Healthcare Conference",
    "link": "https://ir.harmonybiosciences.com/events/event-details/-cantor-global-healthcare-conference",
    "timestamp": "unknown"
  },
  {
    "title": "Click here to watch the Harmony Biosciences presentation",
    "link": "https://sqps.onstreamsecure.com/origin/enliven/players/EnlivenPlayer.html?customerId=&eventId=&checkCompany=&checkEmail=&checkName=",
    "timestamp": "unknown"
  },
  {
    "title": "Click here to watch the Harmony Biosciences presentation",
    "link": "https://sqps.onstreamsecure.com/origin/enliven/players/EnlivenPlayer.html?customerId=&eventId=&checkCompany=&checkEmail=&checkName=",
    "timestamp": "unknown"
  },
  {
    "title": "Click here to watch the Harmony Biosciences presentation",
    "link": "https://sqps.onstreamsecure.com/origin/enliven/players/EnlivenPlayer.html?customerId=&eventId=&checkCompany=&checkEmail=&checkName=",
    "timestamp": "unknown"
  },
  {
    "title": "Aug ,EDTSecond Quarter  Financial ResultsClick here for webcastQ2  Earnings Presentation. MBQ2  Financial Business Update. KB",
    "link": "https://ir.harmonybiosciences.com/events/event-details/second-quarter--financial-results",
    "timestamp": "unknown"
  },
  {
    "title": "Aug ,EDTSecond Quarter  Financial ResultsClick here for webcastQ2  Earnings Presentation. MBQ2  Financial Business Update. KB",
    "link": "https://ir.harmonybiosciences.com/events/event-details/second-quarter--financial-results",
    "timestamp": "unknown"
  },
  {
    "title": "Aug ,EDTSecond Quarter  Financial ResultsClick here for webcastQ2  Earnings Presentation. MBQ2  Financial Business Update. KB",
    "link": "https://ir.harmonybiosciences.com/events/event-details/second-quarter--financial-results",
    "timestamp": "unknown"
  },
  {
    "title": "Aug ,EDTSecond Quarter  Financial ResultsClick here for webcastQ2  Earnings Presentation. MBQ2  Financial Business Update. KB",
    "link": "https://ir.harmonybiosciences.com/events/event-details/second-quarter--financial-results",
    "timestamp": "unknown"
  },
  {
    "title": "Second Quarter  Financial Results",
    "link": "https://ir.harmonybiosciences.com/events/event-details/second-quarter--financial-results",
    "timestamp": "unknown"
  },
  {
    "title": "Second Quarter  Financial Results",
    "link": "https://ir.harmonybiosciences.com/events/event-details/second-quarter--financial-results",
    "timestamp": "unknown"
  },
  {
    "title": "Second Quarter  Financial Results",
    "link": "https://ir.harmonybiosciences.com/events/event-details/second-quarter--financial-results",
    "timestamp": "unknown"
  },
  {
    "title": "Click here for webcast",
    "link": "https://event.on24.com/wcc/r//F2EF6C2A0F2A470381381BF0D2A7D985",
    "timestamp": "unknown"
  },
  {
    "title": "Click here for webcast",
    "link": "https://event.on24.com/wcc/r//F2EF6C2A0F2A470381381BF0D2A7D985",
    "timestamp": "unknown"
  },
  {
    "title": "Click here for webcast",
    "link": "https://event.on24.com/wcc/r//F2EF6C2A0F2A470381381BF0D2A7D985",
    "timestamp": "unknown"
  },
  {
    "title": "Q2  Earnings Presentation. MBQ2  Financial Business Update. KB",
    "link": "https://ir.harmonybiosciences.com/static-files/80cbf886-c2b8--a22f-484a67b662e2",
    "timestamp": "unknown"
  },
  {
    "title": "Q2  Earnings Presentation. MBQ2  Financial Business Update. KB",
    "link": "https://ir.harmonybiosciences.com/static-files/80cbf886-c2b8--a22f-484a67b662e2",
    "timestamp": "unknown"
  },
  {
    "title": "Q2  Earnings Presentation. MBQ2  Financial Business Update. KB",
    "link": "https://ir.harmonybiosciences.com/static-files/80cbf886-c2b8--a22f-484a67b662e2",
    "timestamp": "unknown"
  },
  {
    "title": "Q2  Earnings Presentation. MB",
    "link": "https://ir.harmonybiosciences.com/static-files/80cbf886-c2b8--a22f-484a67b662e2",
    "timestamp": "unknown"
  },
  {
    "title": "Q2  Earnings Presentation. MB",
    "link": "https://ir.harmonybiosciences.com/static-files/80cbf886-c2b8--a22f-484a67b662e2",
    "timestamp": "unknown"
  },
  {
    "title": "Q2  Earnings Presentation. MB",
    "link": "https://ir.harmonybiosciences.com/static-files/80cbf886-c2b8--a22f-484a67b662e2",
    "timestamp": "unknown"
  },
  {
    "title": "Q2  Earnings Presentation. MB",
    "link": "https://ir.harmonybiosciences.com/static-files/80cbf886-c2b8--a22f-484a67b662e2",
    "timestamp": "unknown"
  },
  {
    "title": "Q2  Earnings Presentation. MB",
    "link": "https://ir.harmonybiosciences.com/static-files/80cbf886-c2b8--a22f-484a67b662e2",
    "timestamp": "unknown"
  },
  {
    "title": "Q2  Earnings Presentation. MB",
    "link": "https://ir.harmonybiosciences.com/static-files/80cbf886-c2b8--a22f-484a67b662e2",
    "timestamp": "unknown"
  },
  {
    "title": "Q2  Earnings Presentation. MB",
    "link": "https://ir.harmonybiosciences.com/static-files/80cbf886-c2b8--a22f-484a67b662e2",
    "timestamp": "unknown"
  },
  {
    "title": "Q2  Financial Business Update. KB",
    "link": "https://ir.harmonybiosciences.com/static-files/a9de35ce-6d44-4cd6-8a77-4e595d2f14ea",
    "timestamp": "unknown"
  },
  {
    "title": "Q2  Financial Business Update. KB",
    "link": "https://ir.harmonybiosciences.com/static-files/a9de35ce-6d44-4cd6-8a77-4e595d2f14ea",
    "timestamp": "unknown"
  },
  {
    "title": "Q2  Financial Business Update. KB",
    "link": "https://ir.harmonybiosciences.com/static-files/a9de35ce-6d44-4cd6-8a77-4e595d2f14ea",
    "timestamp": "unknown"
  },
  {
    "title": "Q2  Financial Business Update. KB",
    "link": "https://ir.harmonybiosciences.com/static-files/a9de35ce-6d44-4cd6-8a77-4e595d2f14ea",
    "timestamp": "unknown"
  },
  {
    "title": "Q2  Financial Business Update. KB",
    "link": "https://ir.harmonybiosciences.com/static-files/a9de35ce-6d44-4cd6-8a77-4e595d2f14ea",
    "timestamp": "unknown"
  },
  {
    "title": "Q2  Financial Business Update. KB",
    "link": "https://ir.harmonybiosciences.com/static-files/a9de35ce-6d44-4cd6-8a77-4e595d2f14ea",
    "timestamp": "unknown"
  },
  {
    "title": "Q2  Financial Business Update. KB",
    "link": "https://ir.harmonybiosciences.com/static-files/a9de35ce-6d44-4cd6-8a77-4e595d2f14ea",
    "timestamp": "unknown"
  },
  {
    "title": "Jul ,EDTH.C. Wainwright \"HCW@Home\" SeriesClick here for webcast",
    "link": "https://ir.harmonybiosciences.com/events/event-details/hc-wainwright-hcwhome-series",
    "timestamp": "unknown"
  },
  {
    "title": "Jul ,EDTH.C. Wainwright \"HCW@Home\" SeriesClick here for webcast",
    "link": "https://ir.harmonybiosciences.com/events/event-details/hc-wainwright-hcwhome-series",
    "timestamp": "unknown"
  },
  {
    "title": "Jul ,EDTH.C. Wainwright \"HCW@Home\" SeriesClick here for webcast",
    "link": "https://ir.harmonybiosciences.com/events/event-details/hc-wainwright-hcwhome-series",
    "timestamp": "unknown"
  },
  {
    "title": "Jul ,EDTH.C. Wainwright \"HCW@Home\" SeriesClick here for webcast",
    "link": "https://ir.harmonybiosciences.com/events/event-details/hc-wainwright-hcwhome-series",
    "timestamp": "unknown"
  },
  {
    "title": "H.C. Wainwright \"HCW@Home\" Series",
    "link": "https://ir.harmonybiosciences.com/events/event-details/hc-wainwright-hcwhome-series",
    "timestamp": "unknown"
  },
  {
    "title": "H.C. Wainwright \"HCW@Home\" Series",
    "link": "https://ir.harmonybiosciences.com/events/event-details/hc-wainwright-hcwhome-series",
    "timestamp": "unknown"
  },
  {
    "title": "H.C. Wainwright \"HCW@Home\" Series",
    "link": "https://ir.harmonybiosciences.com/events/event-details/hc-wainwright-hcwhome-series",
    "timestamp": "unknown"
  },
  {
    "title": "Click here for webcast",
    "link": "https://journey.ct.events/view/d8cfc57f-687e-4cf1-ae06-0507c4bcef2b",
    "timestamp": "unknown"
  },
  {
    "title": "Click here for webcast",
    "link": "https://journey.ct.events/view/d8cfc57f-687e-4cf1-ae06-0507c4bcef2b",
    "timestamp": "unknown"
  },
  {
    "title": "Click here for webcast",
    "link": "https://journey.ct.events/view/d8cfc57f-687e-4cf1-ae06-0507c4bcef2b",
    "timestamp": "unknown"
  },
  {
    "title": "Jun ,EDTGoldman Sachs 46th Annual Global Healthcare ConferenceClick here for webcast",
    "link": "https://ir.harmonybiosciences.com/events/event-details/goldman-sachs-46th-annual-global-healthcare-conference",
    "timestamp": "unknown"
  },
  {
    "title": "Jun ,EDTGoldman Sachs 46th Annual Global Healthcare ConferenceClick here for webcast",
    "link": "https://ir.harmonybiosciences.com/events/event-details/goldman-sachs-46th-annual-global-healthcare-conference",
    "timestamp": "unknown"
  },
  {
    "title": "Jun ,EDTGoldman Sachs 46th Annual Global Healthcare ConferenceClick here for webcast",
    "link": "https://ir.harmonybiosciences.com/events/event-details/goldman-sachs-46th-annual-global-healthcare-conference",
    "timestamp": "unknown"
  },
  {
    "title": "Jun ,EDTGoldman Sachs 46th Annual Global Healthcare ConferenceClick here for webcast",
    "link": "https://ir.harmonybiosciences.com/events/event-details/goldman-sachs-46th-annual-global-healthcare-conference",
    "timestamp": "unknown"
  },
  {
    "title": "Goldman Sachs 46th Annual Global Healthcare Conference",
    "link": "https://ir.harmonybiosciences.com/events/event-details/goldman-sachs-46th-annual-global-healthcare-conference",
    "timestamp": "unknown"
  },
  {
    "title": "Goldman Sachs 46th Annual Global Healthcare Conference",
    "link": "https://ir.harmonybiosciences.com/events/event-details/goldman-sachs-46th-annual-global-healthcare-conference",
    "timestamp": "unknown"
  },
  {
    "title": "Goldman Sachs 46th Annual Global Healthcare Conference",
    "link": "https://ir.harmonybiosciences.com/events/event-details/goldman-sachs-46th-annual-global-healthcare-conference",
    "timestamp": "unknown"
  },
  {
    "title": "Click here for webcast",
    "link": "https://cc.webcasts.com/gold006/060925a_js/?entity=171_MYW0PG6",
    "timestamp": "unknown"
  },
  {
    "title": "Click here for webcast",
    "link": "https://cc.webcasts.com/gold006/060925a_js/?entity=171_MYW0PG6",
    "timestamp": "unknown"
  },
  {
    "title": "Click here for webcast",
    "link": "https://cc.webcasts.com/gold006/060925a_js/?entity=171_MYW0PG6",
    "timestamp": "unknown"
  },
  {
    "title": "May ,EDTFirst Quarter  Financial ResultsClick here for webcastQ1  Earnings Presentation. MBCorporate Presentation, November. MB",
    "link": "https://ir.harmonybiosciences.com/events/event-details/first-quarter--financial-results",
    "timestamp": "unknown"
  },
  {
    "title": "May ,EDTFirst Quarter  Financial ResultsClick here for webcastQ1  Earnings Presentation. MBCorporate Presentation, November. MB",
    "link": "https://ir.harmonybiosciences.com/events/event-details/first-quarter--financial-results",
    "timestamp": "unknown"
  },
  {
    "title": "May ,EDTFirst Quarter  Financial ResultsClick here for webcastQ1  Earnings Presentation. MBCorporate Presentation, November. MB",
    "link": "https://ir.harmonybiosciences.com/events/event-details/first-quarter--financial-results",
    "timestamp": "unknown"
  },
  {
    "title": "May ,EDTFirst Quarter  Financial ResultsClick here for webcastQ1  Earnings Presentation. MBCorporate Presentation, November. MB",
    "link": "https://ir.harmonybiosciences.com/events/event-details/first-quarter--financial-results",
    "timestamp": "unknown"
  },
  {
    "title": "First Quarter  Financial Results",
    "link": "https://ir.harmonybiosciences.com/events/event-details/first-quarter--financial-results",
    "timestamp": "unknown"
  },
  {
    "title": "First Quarter  Financial Results",
    "link": "https://ir.harmonybiosciences.com/events/event-details/first-quarter--financial-results",
    "timestamp": "unknown"
  },
  {
    "title": "First Quarter  Financial Results",
    "link": "https://ir.harmonybiosciences.com/events/event-details/first-quarter--financial-results",
    "timestamp": "unknown"
  },
  {
    "title": "Click here for webcast",
    "link": "https://event.on24.com/wcc/r//7E0757CBE3AFF910426B4DE095DC7E86",
    "timestamp": "unknown"
  },
  {
    "title": "Click here for webcast",
    "link": "https://event.on24.com/wcc/r//7E0757CBE3AFF910426B4DE095DC7E86",
    "timestamp": "unknown"
  },
  {
    "title": "Click here for webcast",
    "link": "https://event.on24.com/wcc/r//7E0757CBE3AFF910426B4DE095DC7E86",
    "timestamp": "unknown"
  },
  {
    "title": "Q1  Earnings Presentation. MBCorporate Presentation, November. MB",
    "link": "https://ir.harmonybiosciences.com/static-files/9dc265b6-19db-42c0-bb7b-af7cc93c819b",
    "timestamp": "unknown"
  },
  {
    "title": "Q1  Earnings Presentation. MBCorporate Presentation, November. MB",
    "link": "https://ir.harmonybiosciences.com/static-files/9dc265b6-19db-42c0-bb7b-af7cc93c819b",
    "timestamp": "unknown"
  },
  {
    "title": "Q1  Earnings Presentation. MBCorporate Presentation, November. MB",
    "link": "https://ir.harmonybiosciences.com/static-files/9dc265b6-19db-42c0-bb7b-af7cc93c819b",
    "timestamp": "unknown"
  },
  {
    "title": "Q1  Earnings Presentation. MB",
    "link": "https://ir.harmonybiosciences.com/static-files/9dc265b6-19db-42c0-bb7b-af7cc93c819b",
    "timestamp": "unknown"
  },
  {
    "title": "Q1  Earnings Presentation. MB",
    "link": "https://ir.harmonybiosciences.com/static-files/9dc265b6-19db-42c0-bb7b-af7cc93c819b",
    "timestamp": "unknown"
  },
  {
    "title": "Q1  Earnings Presentation. MB",
    "link": "https://ir.harmonybiosciences.com/static-files/9dc265b6-19db-42c0-bb7b-af7cc93c819b",
    "timestamp": "unknown"
  },
  {
    "title": "Q1  Earnings Presentation. MB",
    "link": "https://ir.harmonybiosciences.com/static-files/9dc265b6-19db-42c0-bb7b-af7cc93c819b",
    "timestamp": "unknown"
  },
  {
    "title": "Q1  Earnings Presentation. MB",
    "link": "https://ir.harmonybiosciences.com/static-files/9dc265b6-19db-42c0-bb7b-af7cc93c819b",
    "timestamp": "unknown"
  },
  {
    "title": "Q1  Earnings Presentation. MB",
    "link": "https://ir.harmonybiosciences.com/static-files/9dc265b6-19db-42c0-bb7b-af7cc93c819b",
    "timestamp": "unknown"
  },
  {
    "title": "Q1  Earnings Presentation. MB",
    "link": "https://ir.harmonybiosciences.com/static-files/9dc265b6-19db-42c0-bb7b-af7cc93c819b",
    "timestamp": "unknown"
  },
  {
    "title": "Corporate Presentation, November. MB",
    "link": "https://ir.harmonybiosciences.com/static-files/934d52e1-a65f--8f04-48d68aeecc38",
    "timestamp": "unknown"
  },
  {
    "title": "Corporate Presentation, November. MB",
    "link": "https://ir.harmonybiosciences.com/static-files/934d52e1-a65f--8f04-48d68aeecc38",
    "timestamp": "unknown"
  },
  {
    "title": "Corporate Presentation, November. MB",
    "link": "https://ir.harmonybiosciences.com/static-files/934d52e1-a65f--8f04-48d68aeecc38",
    "timestamp": "unknown"
  },
  {
    "title": "Corporate Presentation, November. MB",
    "link": "https://ir.harmonybiosciences.com/static-files/934d52e1-a65f--8f04-48d68aeecc38",
    "timestamp": "unknown"
  },
  {
    "title": "Corporate Presentation, November. MB",
    "link": "https://ir.harmonybiosciences.com/static-files/934d52e1-a65f--8f04-48d68aeecc38",
    "timestamp": "unknown"
  },
  {
    "title": "Corporate Presentation, November. MB",
    "link": "https://ir.harmonybiosciences.com/static-files/934d52e1-a65f--8f04-48d68aeecc38",
    "timestamp": "unknown"
  },
  {
    "title": "Corporate Presentation, November. MB",
    "link": "https://ir.harmonybiosciences.com/static-files/934d52e1-a65f--8f04-48d68aeecc38",
    "timestamp": "unknown"
  },
  {
    "title": "Apr ,EDT24th Annual Needham Virtual Healthcare ConferenceClick here for webcast",
    "link": "https://ir.harmonybiosciences.com/events/event-details/24th-annual-needham-virtual-healthcare-conference",
    "timestamp": "unknown"
  },
  {
    "title": "Apr ,EDT24th Annual Needham Virtual Healthcare ConferenceClick here for webcast",
    "link": "https://ir.harmonybiosciences.com/events/event-details/24th-annual-needham-virtual-healthcare-conference",
    "timestamp": "unknown"
  },
  {
    "title": "Apr ,EDT24th Annual Needham Virtual Healthcare ConferenceClick here for webcast",
    "link": "https://ir.harmonybiosciences.com/events/event-details/24th-annual-needham-virtual-healthcare-conference",
    "timestamp": "unknown"
  },
  {
    "title": "Apr ,EDT24th Annual Needham Virtual Healthcare ConferenceClick here for webcast",
    "link": "https://ir.harmonybiosciences.com/events/event-details/24th-annual-needham-virtual-healthcare-conference",
    "timestamp": "unknown"
  },
  {
    "title": "24th Annual Needham Virtual Healthcare Conference",
    "link": "https://ir.harmonybiosciences.com/events/event-details/24th-annual-needham-virtual-healthcare-conference",
    "timestamp": "unknown"
  },
  {
    "title": "24th Annual Needham Virtual Healthcare Conference",
    "link": "https://ir.harmonybiosciences.com/events/event-details/24th-annual-needham-virtual-healthcare-conference",
    "timestamp": "unknown"
  },
  {
    "title": "24th Annual Needham Virtual Healthcare Conference",
    "link": "https://ir.harmonybiosciences.com/events/event-details/24th-annual-needham-virtual-healthcare-conference",
    "timestamp": "unknown"
  },
  {
    "title": "Click here for webcast",
    "link": "https://wsw.com/webcast/needham146/hrmy/",
    "timestamp": "unknown"
  },
  {
    "title": "Click here for webcast",
    "link": "https://wsw.com/webcast/needham146/hrmy/",
    "timestamp": "unknown"
  },
  {
    "title": "Click here for webcast",
    "link": "https://wsw.com/webcast/needham146/hrmy/",
    "timestamp": "unknown"
  },
  {
    "title": "Mar ,EDTLeerink Partners Global Healthcare ConferenceClick here for webcast",
    "link": "https://ir.harmonybiosciences.com/events/event-details/leerink-partners-global-healthcare-conference",
    "timestamp": "unknown"
  },
  {
    "title": "Mar ,EDTLeerink Partners Global Healthcare ConferenceClick here for webcast",
    "link": "https://ir.harmonybiosciences.com/events/event-details/leerink-partners-global-healthcare-conference",
    "timestamp": "unknown"
  },
  {
    "title": "Mar ,EDTLeerink Partners Global Healthcare ConferenceClick here for webcast",
    "link": "https://ir.harmonybiosciences.com/events/event-details/leerink-partners-global-healthcare-conference",
    "timestamp": "unknown"
  },
  {
    "title": "Mar ,EDTLeerink Partners Global Healthcare ConferenceClick here for webcast",
    "link": "https://ir.harmonybiosciences.com/events/event-details/leerink-partners-global-healthcare-conference",
    "timestamp": "unknown"
  },
  {
    "title": "Leerink Partners Global Healthcare Conference",
    "link": "https://ir.harmonybiosciences.com/events/event-details/leerink-partners-global-healthcare-conference",
    "timestamp": "unknown"
  },
  {
    "title": "Leerink Partners Global Healthcare Conference",
    "link": "https://ir.harmonybiosciences.com/events/event-details/leerink-partners-global-healthcare-conference",
    "timestamp": "unknown"
  },
  {
    "title": "Leerink Partners Global Healthcare Conference",
    "link": "https://ir.harmonybiosciences.com/events/event-details/leerink-partners-global-healthcare-conference",
    "timestamp": "unknown"
  },
  {
    "title": "Click here for webcast",
    "link": "https://wsw.com/webcast/leerink38/hrmy/",
    "timestamp": "unknown"
  },
  {
    "title": "Click here for webcast",
    "link": "https://wsw.com/webcast/leerink38/hrmy/",
    "timestamp": "unknown"
  },
  {
    "title": "Click here for webcast",
    "link": "https://wsw.com/webcast/leerink38/hrmy/",
    "timestamp": "unknown"
  },
  {
    "title": "Feb ,ESTFourth Quarter & Full Year  Financial ResultsClick here for webcastQ4  Earnings Presentation. MB",
    "link": "https://ir.harmonybiosciences.com/events/event-details/fourth-quarter-full-year--financial-results",
    "timestamp": "unknown"
  },
  {
    "title": "Feb ,ESTFourth Quarter & Full Year  Financial ResultsClick here for webcastQ4  Earnings Presentation. MB",
    "link": "https://ir.harmonybiosciences.com/events/event-details/fourth-quarter-full-year--financial-results",
    "timestamp": "unknown"
  },
  {
    "title": "Feb ,ESTFourth Quarter & Full Year  Financial ResultsClick here for webcastQ4  Earnings Presentation. MB",
    "link": "https://ir.harmonybiosciences.com/events/event-details/fourth-quarter-full-year--financial-results",
    "timestamp": "unknown"
  },
  {
    "title": "Feb ,ESTFourth Quarter & Full Year  Financial ResultsClick here for webcastQ4  Earnings Presentation. MB",
    "link": "https://ir.harmonybiosciences.com/events/event-details/fourth-quarter-full-year--financial-results",
    "timestamp": "unknown"
  },
  {
    "title": "Fourth Quarter & Full Year  Financial Results",
    "link": "https://ir.harmonybiosciences.com/events/event-details/fourth-quarter-full-year--financial-results",
    "timestamp": "unknown"
  },
  {
    "title": "Fourth Quarter & Full Year  Financial Results",
    "link": "https://ir.harmonybiosciences.com/events/event-details/fourth-quarter-full-year--financial-results",
    "timestamp": "unknown"
  },
  {
    "title": "Fourth Quarter & Full Year  Financial Results",
    "link": "https://ir.harmonybiosciences.com/events/event-details/fourth-quarter-full-year--financial-results",
    "timestamp": "unknown"
  },
  {
    "title": "Click here for webcast",
    "link": "https://event.on24.com/wcc/r//B76E3D30298C15E622DF4E1F5CE2F29E",
    "timestamp": "unknown"
  },
  {
    "title": "Click here for webcast",
    "link": "https://event.on24.com/wcc/r//B76E3D30298C15E622DF4E1F5CE2F29E",
    "timestamp": "unknown"
  },
  {
    "title": "Click here for webcast",
    "link": "https://event.on24.com/wcc/r//B76E3D30298C15E622DF4E1F5CE2F29E",
    "timestamp": "unknown"
  },
  {
    "title": "Q4  Earnings Presentation. MB",
    "link": "https://ir.harmonybiosciences.com/static-files/65cac422-c187-4b64-a26d-69df90b9f246",
    "timestamp": "unknown"
  },
  {
    "title": "Q4  Earnings Presentation. MB",
    "link": "https://ir.harmonybiosciences.com/static-files/65cac422-c187-4b64-a26d-69df90b9f246",
    "timestamp": "unknown"
  },
  {
    "title": "Q4  Earnings Presentation. MB",
    "link": "https://ir.harmonybiosciences.com/static-files/65cac422-c187-4b64-a26d-69df90b9f246",
    "timestamp": "unknown"
  },
  {
    "title": "Q4  Earnings Presentation. MB",
    "link": "https://ir.harmonybiosciences.com/static-files/65cac422-c187-4b64-a26d-69df90b9f246",
    "timestamp": "unknown"
  },
  {
    "title": "Q4  Earnings Presentation. MB",
    "link": "https://ir.harmonybiosciences.com/static-files/65cac422-c187-4b64-a26d-69df90b9f246",
    "timestamp": "unknown"
  },
  {
    "title": "Q4  Earnings Presentation. MB",
    "link": "https://ir.harmonybiosciences.com/static-files/65cac422-c187-4b64-a26d-69df90b9f246",
    "timestamp": "unknown"
  },
  {
    "title": "Q4  Earnings Presentation. MB",
    "link": "https://ir.harmonybiosciences.com/static-files/65cac422-c187-4b64-a26d-69df90b9f246",
    "timestamp": "unknown"
  },
  {
    "title": "Q4  Earnings Presentation. MB",
    "link": "https://ir.harmonybiosciences.com/static-files/65cac422-c187-4b64-a26d-69df90b9f246",
    "timestamp": "unknown"
  },
  {
    "title": "Q4  Earnings Presentation. MB",
    "link": "https://ir.harmonybiosciences.com/static-files/65cac422-c187-4b64-a26d-69df90b9f246",
    "timestamp": "unknown"
  },
  {
    "title": "Q4  Earnings Presentation. MB",
    "link": "https://ir.harmonybiosciences.com/static-files/65cac422-c187-4b64-a26d-69df90b9f246",
    "timestamp": "unknown"
  },
  {
    "title": "Jan ,EST43rd Annual J.P. Morgan Healthcare ConferenceClick here for webcast43rd Annual J.P. Morgan Healthcare Conference Presentation. MB",
    "link": "https://ir.harmonybiosciences.com/events/event-details/43rd-annual-jp-morgan-healthcare-conference",
    "timestamp": "unknown"
  },
  {
    "title": "Jan ,EST43rd Annual J.P. Morgan Healthcare ConferenceClick here for webcast43rd Annual J.P. Morgan Healthcare Conference Presentation. MB",
    "link": "https://ir.harmonybiosciences.com/events/event-details/43rd-annual-jp-morgan-healthcare-conference",
    "timestamp": "unknown"
  },
  {
    "title": "Jan ,EST43rd Annual J.P. Morgan Healthcare ConferenceClick here for webcast43rd Annual J.P. Morgan Healthcare Conference Presentation. MB",
    "link": "https://ir.harmonybiosciences.com/events/event-details/43rd-annual-jp-morgan-healthcare-conference",
    "timestamp": "unknown"
  },
  {
    "title": "Jan ,EST43rd Annual J.P. Morgan Healthcare ConferenceClick here for webcast43rd Annual J.P. Morgan Healthcare Conference Presentation. MB",
    "link": "https://ir.harmonybiosciences.com/events/event-details/43rd-annual-jp-morgan-healthcare-conference",
    "timestamp": "unknown"
  },
  {
    "title": "43rd Annual J.P. Morgan Healthcare Conference",
    "link": "https://ir.harmonybiosciences.com/events/event-details/43rd-annual-jp-morgan-healthcare-conference",
    "timestamp": "unknown"
  },
  {
    "title": "43rd Annual J.P. Morgan Healthcare Conference",
    "link": "https://ir.harmonybiosciences.com/events/event-details/43rd-annual-jp-morgan-healthcare-conference",
    "timestamp": "unknown"
  },
  {
    "title": "43rd Annual J.P. Morgan Healthcare Conference",
    "link": "https://ir.harmonybiosciences.com/events/event-details/43rd-annual-jp-morgan-healthcare-conference",
    "timestamp": "unknown"
  },
  {
    "title": "Click here for webcast",
    "link": "https://jpmorgan.metameetings.net/events/healthcare25/sessions/-harmony-biosciences/webcast?gpu_only=true&kiosk=true",
    "timestamp": "unknown"
  },
  {
    "title": "Click here for webcast",
    "link": "https://jpmorgan.metameetings.net/events/healthcare25/sessions/-harmony-biosciences/webcast?gpu_only=true&kiosk=true",
    "timestamp": "unknown"
  },
  {
    "title": "Click here for webcast",
    "link": "https://jpmorgan.metameetings.net/events/healthcare25/sessions/-harmony-biosciences/webcast?gpu_only=true&kiosk=true",
    "timestamp": "unknown"
  },
  {
    "title": "43rd Annual J.P. Morgan Healthcare Conference Presentation. MB",
    "link": "https://ir.harmonybiosciences.com/static-files/068e85ca-5d47-407d--f7289f9162b5",
    "timestamp": "unknown"
  },
  {
    "title": "43rd Annual J.P. Morgan Healthcare Conference Presentation. MB",
    "link": "https://ir.harmonybiosciences.com/static-files/068e85ca-5d47-407d--f7289f9162b5",
    "timestamp": "unknown"
  },
  {
    "title": "43rd Annual J.P. Morgan Healthcare Conference Presentation. MB",
    "link": "https://ir.harmonybiosciences.com/static-files/068e85ca-5d47-407d--f7289f9162b5",
    "timestamp": "unknown"
  },
  {
    "title": "43rd Annual J.P. Morgan Healthcare Conference Presentation. MB",
    "link": "https://ir.harmonybiosciences.com/static-files/068e85ca-5d47-407d--f7289f9162b5",
    "timestamp": "unknown"
  },
  {
    "title": "43rd Annual J.P. Morgan Healthcare Conference Presentation. MB",
    "link": "https://ir.harmonybiosciences.com/static-files/068e85ca-5d47-407d--f7289f9162b5",
    "timestamp": "unknown"
  },
  {
    "title": "43rd Annual J.P. Morgan Healthcare Conference Presentation. MB",
    "link": "https://ir.harmonybiosciences.com/static-files/068e85ca-5d47-407d--f7289f9162b5",
    "timestamp": "unknown"
  },
  {
    "title": "43rd Annual J.P. Morgan Healthcare Conference Presentation. MB",
    "link": "https://ir.harmonybiosciences.com/static-files/068e85ca-5d47-407d--f7289f9162b5",
    "timestamp": "unknown"
  },
  {
    "title": "43rd Annual J.P. Morgan Healthcare Conference Presentation. MB",
    "link": "https://ir.harmonybiosciences.com/static-files/068e85ca-5d47-407d--f7289f9162b5",
    "timestamp": "unknown"
  },
  {
    "title": "43rd Annual J.P. Morgan Healthcare Conference Presentation. MB",
    "link": "https://ir.harmonybiosciences.com/static-files/068e85ca-5d47-407d--f7289f9162b5",
    "timestamp": "unknown"
  },
  {
    "title": "43rd Annual J.P. Morgan Healthcare Conference Presentation. MB",
    "link": "https://ir.harmonybiosciences.com/static-files/068e85ca-5d47-407d--f7289f9162b5",
    "timestamp": "unknown"
  },
  {
    "title": "print pageemail alertsrsscontact ir",
    "link": "https://ir.harmonybiosciences.com/news-events/investor-calendar",
    "timestamp": "unknown"
  },
  {
    "title": "print pageemail alertsrsscontact ir",
    "link": "https://ir.harmonybiosciences.com/news-events/investor-calendar",
    "timestamp": "unknown"
  },
  {
    "title": "print pageemail alertsrsscontact ir",
    "link": "https://ir.harmonybiosciences.com/news-events/investor-calendar",
    "timestamp": "unknown"
  },
  {
    "title": "linkedinXinstagram",
    "link": "https://www.linkedin.com/company/harmonybiosciences/",
    "timestamp": "unknown"
  },
  {
    "title": "linkedinXinstagram",
    "link": "https://www.linkedin.com/company/harmonybiosciences/",
    "timestamp": "unknown"
  },
  {
    "title": "linkedinXinstagram",
    "link": "https://www.linkedin.com/company/harmonybiosciences/",
    "timestamp": "unknown"
  },
  {
    "title": "linkedinXinstagram",
    "link": "https://www.linkedin.com/company/harmonybiosciences/",
    "timestamp": "unknown"
  },
  {
    "title": "Ethics & ComplianceCommunity GuidelinesContactCareers",
    "link": "https://www.harmonybiosciences.com/ethics-and-compliance/",
    "timestamp": "unknown"
  },
  {
    "title": "Ethics & ComplianceCommunity GuidelinesContactCareers",
    "link": "https://www.harmonybiosciences.com/ethics-and-compliance/",
    "timestamp": "unknown"
  },
  {
    "title": "Ethics & Compliance",
    "link": "https://www.harmonybiosciences.com/ethics-and-compliance/",
    "timestamp": "unknown"
  },
  {
    "title": "Community Guidelines",
    "link": "https://www.harmonybiosciences.com/wp-content/uploads///Harmony_Corporate_Social_Media_Community_Guidelines__August_2023_Update.pdf",
    "timestamp": "unknown"
  },
  {
    "title": "Contact",
    "link": "https://www.harmonybiosciences.com/about-us/contact-us/",
    "timestamp": "unknown"
  },
  {
    "title": "Careers",
    "link": "https://www.harmonybiosciences.com/careers",
    "timestamp": "unknown"
  },
  {
    "title": "Privacy Center",
    "link": "https://www.harmonybiosciences.com/privacy-center/",
    "timestamp": "unknown"
  },
  {
    "title": "Your Privacy Choices",
    "link": "https://ir.harmonybiosciences.com/news-events/investor-calendar",
    "timestamp": "unknown"
  },
  {
    "title": "Terms Of Use",
    "link": "https://www.harmonybiosciences.com/privacy-policy-terms-of-use/#terms",
    "timestamp": "unknown"
  },
  {
    "title": "Safety Data Sheet",
    "link": "https://www.harmonybiosciences.com/wp-content/uploads///Pitolisant_Hydrochloride_Tablets_RSD_United_States-d92876780d260aa7cb151a9dd711d213.pdf",
    "timestamp": "unknown"
  }
]