[
  {
    "title": "Top Bar NavContact UsSocial IconslinkedintwitterAbout NavAboutLeadershipBoard of DirectorsGlobal FootprintCanadaFrance and BelgiumGermany and AustriaU",
    "link": "http://www.jazzpharma.com/contact/",
    "timestamp": "unknown"
  },
  {
    "title": "Top Bar NavContact UsSocial IconslinkedintwitterAbout NavAboutLeadershipBoard of DirectorsGlobal FootprintCanadaFrance and BelgiumGermany and AustriaU",
    "link": "http://www.jazzpharma.com/contact/",
    "timestamp": "unknown"
  },
  {
    "title": "Top Bar NavContact UsSocial IconslinkedintwitterAbout NavAboutLeadershipBoard of DirectorsGlobal FootprintCanadaFrance and BelgiumGermany and AustriaU",
    "link": "http://www.jazzpharma.com/contact/",
    "timestamp": "unknown"
  },
  {
    "title": "Top Bar NavContact UsSocial Iconslinkedintwitter",
    "link": "http://www.jazzpharma.com/contact/",
    "timestamp": "unknown"
  },
  {
    "title": "Social Iconslinkedintwitter",
    "link": "https://www.linkedin.com/company/jazz-pharmaceuticals?trk=company_logo",
    "timestamp": "unknown"
  },
  {
    "title": "AboutLeadershipBoard of DirectorsGlobal FootprintCanadaFrance and BelgiumGermany and AustriaUnited Kingdom and IrelandItalySpain and PortugalUnited St",
    "link": "https://www.jazzpharma.com/about/",
    "timestamp": "unknown"
  },
  {
    "title": "Leadership",
    "link": "http://www.jazzpharma.com/about/leadership/",
    "timestamp": "unknown"
  },
  {
    "title": "Board of Directors",
    "link": "http://www.jazzpharma.com/about/board-of-directors/",
    "timestamp": "unknown"
  },
  {
    "title": "Global FootprintCanadaFrance and BelgiumGermany and AustriaUnited Kingdom and IrelandItalySpain and PortugalUnited StatesOther Countries",
    "link": "http://www.jazzpharma.com/about/global-footprint/",
    "timestamp": "unknown"
  },
  {
    "title": "Canada",
    "link": "http://www.jazzpharma.com/about/global-footprint/canada/",
    "timestamp": "unknown"
  },
  {
    "title": "France and Belgium",
    "link": "http://www.jazzpharma.com/about/global-footprint/france-and-belgium/",
    "timestamp": "unknown"
  },
  {
    "title": "Germany and Austria",
    "link": "http://www.jazzpharma.com/about/global-footprint/germany-and-austria/",
    "timestamp": "unknown"
  },
  {
    "title": "United Kingdom and Ireland",
    "link": "http://www.jazzpharma.com/about/global-footprint/uk-and-ireland/",
    "timestamp": "unknown"
  },
  {
    "title": "Italy",
    "link": "http://www.jazzpharma.com/about/global-footprint/italy/",
    "timestamp": "unknown"
  },
  {
    "title": "Spain and Portugal",
    "link": "http://www.jazzpharma.com/about/global-footprint/spain-and-portugal/",
    "timestamp": "unknown"
  },
  {
    "title": "United States",
    "link": "http://www.jazzpharma.com/about/global-footprint/united-states/",
    "timestamp": "unknown"
  },
  {
    "title": "Other Countries",
    "link": "http://www.jazzpharma.com/about/global-footprint/other-countries/",
    "timestamp": "unknown"
  },
  {
    "title": "History",
    "link": "http://www.jazzpharma.com/about/history/",
    "timestamp": "unknown"
  },
  {
    "title": "Corporate Values",
    "link": "https://www.jazzpharma.com/about/corporate-values/",
    "timestamp": "unknown"
  },
  {
    "title": "Corporate Development",
    "link": "https://www.jazzpharma.com/about/corporate-development/",
    "timestamp": "unknown"
  },
  {
    "title": "Partnering",
    "link": "https://www.jazzpharma.com/about/partnering/",
    "timestamp": "unknown"
  },
  {
    "title": "Contact",
    "link": "https://www.jazzpharma.com/contact/",
    "timestamp": "unknown"
  },
  {
    "title": "Pioneering Pathways",
    "link": "https://www.jazzpharma.com/pioneeringpathways/",
    "timestamp": "unknown"
  },
  {
    "title": "MedicinesOur MedicinesDrug SafetyMedical Information USMedical Information Outside of the USManufacturing",
    "link": "http://www.jazzpharma.com/medicines/",
    "timestamp": "unknown"
  },
  {
    "title": "Our Medicines",
    "link": "http://www.jazzpharma.com/medicines/our-medicines/",
    "timestamp": "unknown"
  },
  {
    "title": "Drug Safety",
    "link": "http://www.jazzpharma.com/medicines/drug-safety/",
    "timestamp": "unknown"
  },
  {
    "title": "Medical Information US",
    "link": "http://www.jazzpharma.com/medicines/medical-information/",
    "timestamp": "unknown"
  },
  {
    "title": "Medical Information Outside of the US",
    "link": "https://www.jazzpharma.com/medicines/medical-information-outside-of-the-us/",
    "timestamp": "unknown"
  },
  {
    "title": "Manufacturing",
    "link": "https://www.jazzpharma.com/about/manufacturing/",
    "timestamp": "unknown"
  },
  {
    "title": "SciencePipelineClinical TrialsZanidatamab GEA Clinical TrialNon-Interventional StudiesExpanded AccessIndependent Scientific ResearchClinical Trial Dat",
    "link": "https://www.jazzpharma.com/science/",
    "timestamp": "unknown"
  },
  {
    "title": "Pipeline",
    "link": "https://www.jazzpharma.com/science/pipeline",
    "timestamp": "unknown"
  },
  {
    "title": "Clinical TrialsZanidatamab GEA Clinical Trial",
    "link": "http://www.jazzpharma.com/research/clinical-trials/",
    "timestamp": "unknown"
  },
  {
    "title": "Zanidatamab GEA Clinical Trial",
    "link": "https://www.jazzpharma.com/science/clinical-trials/gea-trial/",
    "timestamp": "unknown"
  },
  {
    "title": "Non-Interventional Studies",
    "link": "https://www.jazzpharma.com/non-interventional-studies/",
    "timestamp": "unknown"
  },
  {
    "title": "Expanded Access",
    "link": "http://www.jazzpharma.com/research/expanded-access/",
    "timestamp": "unknown"
  },
  {
    "title": "Independent Scientific Research",
    "link": "http://www.jazzpharma.com/research/independent-scientific-research/",
    "timestamp": "unknown"
  },
  {
    "title": "Clinical Trial Data Sharing",
    "link": "https://www.jazzpharma.com/science/clinical-trial-data-sharing/",
    "timestamp": "unknown"
  },
  {
    "title": "Plain Language Summary",
    "link": "https://www.jazzpharma.com/science/clinical-trials/plain-language-summary/",
    "timestamp": "unknown"
  },
  {
    "title": "Our PurposePatient SupportCorporate GivingPatient ResourcesCorporate Sustainability and Social ImpactEthical StandardsMedical EducationFellowshipsTran",
    "link": "https://www.jazzpharma.com/our-purpose/",
    "timestamp": "unknown"
  },
  {
    "title": "Patient Support",
    "link": "https://www.jazzpharma.com/our-purpose/patient-support/",
    "timestamp": "unknown"
  },
  {
    "title": "Corporate Giving",
    "link": "https://www.jazzpharma.com/our-purpose/corporate-giving/",
    "timestamp": "unknown"
  },
  {
    "title": "Patient Resources",
    "link": "https://www.jazzpharma.com/our-purpose/patient-resources/",
    "timestamp": "unknown"
  },
  {
    "title": "Corporate Sustainability and Social Impact",
    "link": "https://www.jazzpharma.com/our-purpose/corporate-sustainability-and-social-impact/",
    "timestamp": "unknown"
  },
  {
    "title": "Ethical Standards",
    "link": "https://www.jazzpharma.com/our-purpose/ethical-standards/",
    "timestamp": "unknown"
  },
  {
    "title": "Medical Education",
    "link": "https://www.jazzpharma.com/our-purpose/medical-education/",
    "timestamp": "unknown"
  },
  {
    "title": "Fellowships",
    "link": "https://www.jazzpharma.com/our-purpose/fellowships/",
    "timestamp": "unknown"
  },
  {
    "title": "Transfers of Value in Europe",
    "link": "https://www.jazzpharma.com/our-purpose/transfers-of-value/",
    "timestamp": "unknown"
  },
  {
    "title": "Our StoriesScience StoriesPatient & Caregiver StoriesLeader Perspectives",
    "link": "https://www.jazzpharma.com/our-stories/",
    "timestamp": "unknown"
  },
  {
    "title": "Science Stories",
    "link": "https://www.jazzpharma.com/science-stories/",
    "timestamp": "unknown"
  },
  {
    "title": "Patient & Caregiver Stories",
    "link": "https://www.jazzpharma.com/patient-stories/",
    "timestamp": "unknown"
  },
  {
    "title": "Leader Perspectives",
    "link": "https://www.jazzpharma.com/perspectives/",
    "timestamp": "unknown"
  },
  {
    "title": "NewsPress Release ArchiveEvents ArchiveOur Stories",
    "link": "https://investor.jazzpharma.com/news",
    "timestamp": "unknown"
  },
  {
    "title": "Press Release Archive",
    "link": "https://investor.jazzpharma.com/news/press-release-archive",
    "timestamp": "unknown"
  },
  {
    "title": "Events Archive",
    "link": "https://investor.jazzpharma.com/investors/events-presentations",
    "timestamp": "unknown"
  },
  {
    "title": "Our Stories",
    "link": "https://www.jazzpharma.com/our-stories/",
    "timestamp": "unknown"
  },
  {
    "title": "InvestorsEvents / PresentationsFinancialsSEC FilingsQuarterly ResultsAnnual ReportsStock InformationResourcesSelect Scientific PublicationsFAQsEmail A",
    "link": "https://investor.jazzpharma.com/investors",
    "timestamp": "unknown"
  },
  {
    "title": "Events / Presentations",
    "link": "https://investor.jazzpharma.com/investors/events-presentations",
    "timestamp": "unknown"
  },
  {
    "title": "FinancialsSEC FilingsQuarterly ResultsAnnual Reports",
    "link": "http://investor.jazzpharma.com/investors/sec-filings",
    "timestamp": "unknown"
  },
  {
    "title": "SEC Filings",
    "link": "https://investor.jazzpharma.com/investors/sec-filings",
    "timestamp": "unknown"
  },
  {
    "title": "Quarterly Results",
    "link": "https://investor.jazzpharma.com/financial-information/quarterly-results",
    "timestamp": "unknown"
  },
  {
    "title": "Annual Reports",
    "link": "https://investor.jazzpharma.com/investors/annual-reports",
    "timestamp": "unknown"
  },
  {
    "title": "Stock Information",
    "link": "https://investor.jazzpharma.com/investors/stock-information",
    "timestamp": "unknown"
  },
  {
    "title": "ResourcesSelect Scientific PublicationsFAQsEmail AlertsInformation RequestAnalyst CoverageOther Information",
    "link": "https://investor.jazzpharma.com/resources/scientific-publications",
    "timestamp": "unknown"
  },
  {
    "title": "Select Scientific Publications",
    "link": "https://investor.jazzpharma.com/resources/scientific-publications",
    "timestamp": "unknown"
  },
  {
    "title": "FAQs",
    "link": "https://investor.jazzpharma.com/investors/faqs",
    "timestamp": "unknown"
  },
  {
    "title": "Email Alerts",
    "link": "https://investor.jazzpharma.com/investors/email-alerts",
    "timestamp": "unknown"
  },
  {
    "title": "Information Request",
    "link": "https://investor.jazzpharma.com/shareholder-services/document-request",
    "timestamp": "unknown"
  },
  {
    "title": "Analyst Coverage",
    "link": "https://investor.jazzpharma.com/investors/analyst-coverage",
    "timestamp": "unknown"
  },
  {
    "title": "Other Information",
    "link": "https://investor.jazzpharma.com/investors/other-information",
    "timestamp": "unknown"
  },
  {
    "title": "Careers",
    "link": "http://www.jazzpharma.com/careers/",
    "timestamp": "unknown"
  },
  {
    "title": "HomeNewsPress Release ArchivePress Release ArchiveNews NavNewsPress Release ArchiveEvents ArchiveOur StoriesMedia ContactKristin BhavnaniHead of Globa",
    "link": "http://www.jazzpharma.com/",
    "timestamp": "unknown"
  },
  {
    "title": "HomeNewsPress Release ArchivePress Release Archive",
    "link": "http://www.jazzpharma.com/",
    "timestamp": "unknown"
  },
  {
    "title": "HomeNewsPress Release ArchivePress Release Archive",
    "link": "http://www.jazzpharma.com/",
    "timestamp": "unknown"
  },
  {
    "title": "HomeNewsPress Release Archive",
    "link": "http://www.jazzpharma.com/",
    "timestamp": "unknown"
  },
  {
    "title": "HomeNewsPress Release Archive",
    "link": "http://www.jazzpharma.com/",
    "timestamp": "unknown"
  },
  {
    "title": "News NavNewsPress Release ArchiveEvents ArchiveOur StoriesMedia ContactKristin BhavnaniHead of Global Corporate CommunicationsJazz Pharmaceuticals plc",
    "link": "https://investor.jazzpharma.com/news",
    "timestamp": "unknown"
  },
  {
    "title": "News NavNewsPress Release ArchiveEvents ArchiveOur StoriesMedia ContactKristin BhavnaniHead of Global Corporate CommunicationsJazz Pharmaceuticals plc",
    "link": "https://investor.jazzpharma.com/news",
    "timestamp": "unknown"
  },
  {
    "title": "News NavNewsPress Release ArchiveEvents ArchiveOur StoriesMedia ContactKristin BhavnaniHead of Global Corporate CommunicationsJazz Pharmaceuticals plc",
    "link": "https://investor.jazzpharma.com/news",
    "timestamp": "unknown"
  },
  {
    "title": "News NavNewsPress Release ArchiveEvents ArchiveOur StoriesMedia ContactKristin BhavnaniHead of Global Corporate CommunicationsJazz Pharmaceuticals plc",
    "link": "https://investor.jazzpharma.com/news",
    "timestamp": "unknown"
  },
  {
    "title": "News NavNewsPress Release ArchiveEvents ArchiveOur Stories",
    "link": "https://investor.jazzpharma.com/news",
    "timestamp": "unknown"
  },
  {
    "title": "NewsPress Release ArchiveEvents ArchiveOur Stories",
    "link": "https://investor.jazzpharma.com/news",
    "timestamp": "unknown"
  },
  {
    "title": "Press Release Archive",
    "link": "https://investor.jazzpharma.com/news/press-release-archive",
    "timestamp": "unknown"
  },
  {
    "title": "Events Archive",
    "link": "https://investor.jazzpharma.com/investors/events-presentations",
    "timestamp": "unknown"
  },
  {
    "title": "Our Stories",
    "link": "https://www.jazzpharma.com/our-stories/",
    "timestamp": "unknown"
  },
  {
    "title": "Media ContactKristin BhavnaniHead of Global Corporate CommunicationsJazz Pharmaceuticals plcSend EmailIreland: +US: --",
    "link": "mailto:CorporateAffairsMediaInfo@jazzpharma.com",
    "timestamp": "unknown"
  },
  {
    "title": "Media ContactKristin BhavnaniHead of Global Corporate CommunicationsJazz Pharmaceuticals plcSend EmailIreland: +US: --",
    "link": "mailto:CorporateAffairsMediaInfo@jazzpharma.com",
    "timestamp": "unknown"
  },
  {
    "title": "Media ContactKristin BhavnaniHead of Global Corporate CommunicationsJazz Pharmaceuticals plcSend EmailIreland: +US: --",
    "link": "mailto:CorporateAffairsMediaInfo@jazzpharma.com",
    "timestamp": "unknown"
  },
  {
    "title": "Media ContactKristin BhavnaniHead of Global Corporate CommunicationsJazz Pharmaceuticals plcSend EmailIreland: +US: --",
    "link": "mailto:CorporateAffairsMediaInfo@jazzpharma.com",
    "timestamp": "unknown"
  },
  {
    "title": "Media ContactKristin BhavnaniHead of Global Corporate CommunicationsJazz Pharmaceuticals plcSend EmailIreland: +US: --",
    "link": "mailto:CorporateAffairsMediaInfo@jazzpharma.com",
    "timestamp": "unknown"
  },
  {
    "title": "Send EmailIreland: +US: --",
    "link": "mailto:CorporateAffairsMediaInfo@jazzpharma.com",
    "timestamp": "unknown"
  },
  {
    "title": "Press Release ArchiveYearNoneJazz Pharmaceuticals to Participate in Upcoming Investor EventsDecember ,Jazz Pharmaceuticals to Present Extensive New Da",
    "link": "https://investor.jazzpharma.com/news-releases/news-release-details/jazz-pharmaceuticals-participate-upcoming-investor-events",
    "timestamp": "unknown"
  },
  {
    "title": "Press Release ArchiveYearNoneJazz Pharmaceuticals to Participate in Upcoming Investor EventsDecember ,Jazz Pharmaceuticals to Present Extensive New Da",
    "link": "https://investor.jazzpharma.com/news-releases/news-release-details/jazz-pharmaceuticals-participate-upcoming-investor-events",
    "timestamp": "unknown"
  },
  {
    "title": "Press Release ArchiveYearNoneJazz Pharmaceuticals to Participate in Upcoming Investor EventsDecember ,Jazz Pharmaceuticals to Present Extensive New Da",
    "link": "https://investor.jazzpharma.com/news-releases/news-release-details/jazz-pharmaceuticals-participate-upcoming-investor-events",
    "timestamp": "unknown"
  },
  {
    "title": "Press Release ArchiveYearNoneJazz Pharmaceuticals to Participate in Upcoming Investor EventsDecember ,Jazz Pharmaceuticals to Present Extensive New Da",
    "link": "https://investor.jazzpharma.com/news-releases/news-release-details/jazz-pharmaceuticals-participate-upcoming-investor-events",
    "timestamp": "unknown"
  },
  {
    "title": "Press Release ArchiveYearNoneJazz Pharmaceuticals to Participate in Upcoming Investor EventsDecember ,Jazz Pharmaceuticals to Present Extensive New Da",
    "link": "https://investor.jazzpharma.com/news-releases/news-release-details/jazz-pharmaceuticals-participate-upcoming-investor-events",
    "timestamp": "unknown"
  },
  {
    "title": "YearNoneJazz Pharmaceuticals to Participate in Upcoming Investor EventsDecember ,Jazz Pharmaceuticals to Present Extensive New Data and Real-World Evi",
    "link": "https://investor.jazzpharma.com/news-releases/news-release-details/jazz-pharmaceuticals-participate-upcoming-investor-events",
    "timestamp": "unknown"
  },
  {
    "title": "YearNoneJazz Pharmaceuticals to Participate in Upcoming Investor EventsDecember ,Jazz Pharmaceuticals to Present Extensive New Data and Real-World Evi",
    "link": "https://investor.jazzpharma.com/news-releases/news-release-details/jazz-pharmaceuticals-participate-upcoming-investor-events",
    "timestamp": "unknown"
  },
  {
    "title": "YearNoneJazz Pharmaceuticals to Participate in Upcoming Investor EventsDecember ,Jazz Pharmaceuticals to Present Extensive New Data and Real-World Evi",
    "link": "https://investor.jazzpharma.com/news-releases/news-release-details/jazz-pharmaceuticals-participate-upcoming-investor-events",
    "timestamp": "unknown"
  },
  {
    "title": "YearNoneJazz Pharmaceuticals to Participate in Upcoming Investor EventsDecember ,Jazz Pharmaceuticals to Present Extensive New Data and Real-World Evi",
    "link": "https://investor.jazzpharma.com/news-releases/news-release-details/jazz-pharmaceuticals-participate-upcoming-investor-events",
    "timestamp": "unknown"
  },
  {
    "title": "YearNoneJazz Pharmaceuticals to Participate in Upcoming Investor EventsDecember ,Jazz Pharmaceuticals to Present Extensive New Data and Real-World Evi",
    "link": "https://investor.jazzpharma.com/news-releases/news-release-details/jazz-pharmaceuticals-participate-upcoming-investor-events",
    "timestamp": "unknown"
  },
  {
    "title": "YearNoneJazz Pharmaceuticals to Participate in Upcoming Investor EventsDecember ,Jazz Pharmaceuticals to Present Extensive New Data and Real-World Evi",
    "link": "https://investor.jazzpharma.com/news-releases/news-release-details/jazz-pharmaceuticals-participate-upcoming-investor-events",
    "timestamp": "unknown"
  },
  {
    "title": "YearNoneJazz Pharmaceuticals to Participate in Upcoming Investor EventsDecember ,Jazz Pharmaceuticals to Present Extensive New Data and Real-World Evi",
    "link": "https://investor.jazzpharma.com/news-releases/news-release-details/jazz-pharmaceuticals-participate-upcoming-investor-events",
    "timestamp": "unknown"
  },
  {
    "title": "YearNoneJazz Pharmaceuticals to Participate in Upcoming Investor EventsDecember ,Jazz Pharmaceuticals to Present Extensive New Data and Real-World Evi",
    "link": "https://investor.jazzpharma.com/news-releases/news-release-details/jazz-pharmaceuticals-participate-upcoming-investor-events",
    "timestamp": "unknown"
  },
  {
    "title": "YearNoneJazz Pharmaceuticals to Participate in Upcoming Investor EventsDecember ,Jazz Pharmaceuticals to Present Extensive New Data and Real-World Evi",
    "link": "https://investor.jazzpharma.com/news-releases/news-release-details/jazz-pharmaceuticals-participate-upcoming-investor-events",
    "timestamp": "unknown"
  },
  {
    "title": "YearNoneJazz Pharmaceuticals to Participate in Upcoming Investor EventsDecember ,Jazz Pharmaceuticals to Present Extensive New Data and Real-World Evi",
    "link": "https://investor.jazzpharma.com/news-releases/news-release-details/jazz-pharmaceuticals-participate-upcoming-investor-events",
    "timestamp": "unknown"
  },
  {
    "title": "Jazz Pharmaceuticals to Participate in Upcoming Investor EventsDecember ,Jazz Pharmaceuticals to Present Extensive New Data and Real-World Evidence Hi",
    "link": "https://investor.jazzpharma.com/news-releases/news-release-details/jazz-pharmaceuticals-participate-upcoming-investor-events",
    "timestamp": "unknown"
  },
  {
    "title": "Jazz Pharmaceuticals to Participate in Upcoming Investor EventsDecember ,",
    "link": "https://investor.jazzpharma.com/news-releases/news-release-details/jazz-pharmaceuticals-participate-upcoming-investor-events",
    "timestamp": "unknown"
  },
  {
    "title": "Jazz Pharmaceuticals to Participate in Upcoming Investor Events",
    "link": "https://investor.jazzpharma.com/news-releases/news-release-details/jazz-pharmaceuticals-participate-upcoming-investor-events",
    "timestamp": "unknown"
  },
  {
    "title": "Jazz Pharmaceuticals to Participate in Upcoming Investor Events",
    "link": "https://investor.jazzpharma.com/news-releases/news-release-details/jazz-pharmaceuticals-participate-upcoming-investor-events",
    "timestamp": "unknown"
  },
  {
    "title": "Jazz Pharmaceuticals to Present Extensive New Data and Real-World Evidence Highlighting Epidiolex\u00ae (cannabidiol) Outcomes in Treatment-Resistant Epile",
    "link": "https://investor.jazzpharma.com/news-releases/news-release-details/jazz-pharmaceuticals-present-extensive-new-data-and-real-world",
    "timestamp": "unknown"
  },
  {
    "title": "Jazz Pharmaceuticals to Present Extensive New Data and Real-World Evidence Highlighting Epidiolex\u00ae (cannabidiol) Outcomes in Treatment-Resistant Epile",
    "link": "https://investor.jazzpharma.com/news-releases/news-release-details/jazz-pharmaceuticals-present-extensive-new-data-and-real-world",
    "timestamp": "unknown"
  },
  {
    "title": "Jazz Pharmaceuticals to Present Extensive New Data and Real-World Evidence Highlighting Epidiolex\u00ae (cannabidiol) Outcomes in Treatment-Resistant Epile",
    "link": "https://investor.jazzpharma.com/news-releases/news-release-details/jazz-pharmaceuticals-present-extensive-new-data-and-real-world",
    "timestamp": "unknown"
  },
  {
    "title": "Jazz Pharmaceuticals to Present Pivotal Phase  Results of Ziihera\u00ae (zanidatamab-hrii) Combinations in First-Line HER2-Positive Locally Advanced or Met",
    "link": "https://investor.jazzpharma.com/news-releases/news-release-details/jazz-pharmaceuticals-present-pivotal-phase--results-ziiherar",
    "timestamp": "unknown"
  },
  {
    "title": "Jazz Pharmaceuticals to Present Pivotal Phase  Results of Ziihera\u00ae (zanidatamab-hrii) Combinations in First-Line HER2-Positive Locally Advanced or Met",
    "link": "https://investor.jazzpharma.com/news-releases/news-release-details/jazz-pharmaceuticals-present-pivotal-phase--results-ziiherar",
    "timestamp": "unknown"
  },
  {
    "title": "Jazz Pharmaceuticals to Present Pivotal Phase  Results of Ziihera\u00ae (zanidatamab-hrii) Combinations in First-Line HER2-Positive Locally Advanced or Met",
    "link": "https://investor.jazzpharma.com/news-releases/news-release-details/jazz-pharmaceuticals-present-pivotal-phase--results-ziiherar",
    "timestamp": "unknown"
  },
  {
    "title": "Jazz Pharmaceuticals to Participate in Citi&#;s  Global Healthcare ConferenceNovember ,",
    "link": "https://investor.jazzpharma.com/news-releases/news-release-details/jazz-pharmaceuticals-participate-citis--global-healthcare",
    "timestamp": "unknown"
  },
  {
    "title": "Jazz Pharmaceuticals to Participate in Citi&#;s  Global Healthcare Conference",
    "link": "https://investor.jazzpharma.com/news-releases/news-release-details/jazz-pharmaceuticals-participate-citis--global-healthcare",
    "timestamp": "unknown"
  },
  {
    "title": "Jazz Pharmaceuticals to Participate in Citi&#;s  Global Healthcare Conference",
    "link": "https://investor.jazzpharma.com/news-releases/news-release-details/jazz-pharmaceuticals-participate-citis--global-healthcare",
    "timestamp": "unknown"
  },
  {
    "title": "Positive HERIZON-GEA- Phase  Results Support Ziihera\u00ae (zanidatamab-hrii) as HER2-Targeted Agent-of-Choice and Ziihera Combination Regimens as New Stan",
    "link": "https://investor.jazzpharma.com/news-releases/news-release-details/positive-herizon-gea--phase--results-support-ziiherar",
    "timestamp": "unknown"
  },
  {
    "title": "Positive HERIZON-GEA- Phase  Results Support Ziihera\u00ae (zanidatamab-hrii) as HER2-Targeted Agent-of-Choice and Ziihera Combination Regimens as New Stan",
    "link": "https://investor.jazzpharma.com/news-releases/news-release-details/positive-herizon-gea--phase--results-support-ziiherar",
    "timestamp": "unknown"
  },
  {
    "title": "Positive HERIZON-GEA- Phase  Results Support Ziihera\u00ae (zanidatamab-hrii) as HER2-Targeted Agent-of-Choice and Ziihera Combination Regimens as New Stan",
    "link": "https://investor.jazzpharma.com/news-releases/news-release-details/positive-herizon-gea--phase--results-support-ziiherar",
    "timestamp": "unknown"
  },
  {
    "title": "Jazz Pharmaceuticals Showcases New Clinical and Translational Data for Modeyso\u2122 (dordaviprone) in H3 K27M-mutant Diffuse Midline Glioma at SNONovember",
    "link": "https://investor.jazzpharma.com/news-releases/news-release-details/jazz-pharmaceuticals-showcases-new-clinical-and-translational",
    "timestamp": "unknown"
  },
  {
    "title": "Jazz Pharmaceuticals Showcases New Clinical and Translational Data for Modeyso\u2122 (dordaviprone) in H3 K27M-mutant Diffuse Midline Glioma at SNO",
    "link": "https://investor.jazzpharma.com/news-releases/news-release-details/jazz-pharmaceuticals-showcases-new-clinical-and-translational",
    "timestamp": "unknown"
  },
  {
    "title": "Jazz Pharmaceuticals Showcases New Clinical and Translational Data for Modeyso\u2122 (dordaviprone) in H3 K27M-mutant Diffuse Midline Glioma at SNO",
    "link": "https://investor.jazzpharma.com/news-releases/news-release-details/jazz-pharmaceuticals-showcases-new-clinical-and-translational",
    "timestamp": "unknown"
  },
  {
    "title": "Jazz Pharmaceuticals Announces Third Quarter  Financial Results and Updates  Financial GuidanceNovember ,",
    "link": "https://investor.jazzpharma.com/news-releases/news-release-details/jazz-pharmaceuticals-announces-third-quarter--financial",
    "timestamp": "unknown"
  },
  {
    "title": "Jazz Pharmaceuticals Announces Third Quarter  Financial Results and Updates  Financial Guidance",
    "link": "https://investor.jazzpharma.com/news-releases/news-release-details/jazz-pharmaceuticals-announces-third-quarter--financial",
    "timestamp": "unknown"
  },
  {
    "title": "Jazz Pharmaceuticals Announces Third Quarter  Financial Results and Updates  Financial Guidance",
    "link": "https://investor.jazzpharma.com/news-releases/news-release-details/jazz-pharmaceuticals-announces-third-quarter--financial",
    "timestamp": "unknown"
  },
  {
    "title": "Jazz Pharmaceuticals Appoints Ted W. Love, M.D., to its Board of DirectorsOctober ,",
    "link": "https://investor.jazzpharma.com/news-releases/news-release-details/jazz-pharmaceuticals-appoints-ted-w-love-md-its-board-directors",
    "timestamp": "unknown"
  },
  {
    "title": "Jazz Pharmaceuticals Appoints Ted W. Love, M.D., to its Board of Directors",
    "link": "https://investor.jazzpharma.com/news-releases/news-release-details/jazz-pharmaceuticals-appoints-ted-w-love-md-its-board-directors",
    "timestamp": "unknown"
  },
  {
    "title": "Jazz Pharmaceuticals Appoints Ted W. Love, M.D., to its Board of Directors",
    "link": "https://investor.jazzpharma.com/news-releases/news-release-details/jazz-pharmaceuticals-appoints-ted-w-love-md-its-board-directors",
    "timestamp": "unknown"
  },
  {
    "title": "Jazz Pharmaceuticals to Report Third Quarter Financial Results on November ,October ,",
    "link": "https://investor.jazzpharma.com/news-releases/news-release-details/jazz-pharmaceuticals-report-third-quarter-financial-results",
    "timestamp": "unknown"
  },
  {
    "title": "Jazz Pharmaceuticals to Report Third Quarter Financial Results on November ,",
    "link": "https://investor.jazzpharma.com/news-releases/news-release-details/jazz-pharmaceuticals-report-third-quarter-financial-results",
    "timestamp": "unknown"
  },
  {
    "title": "Jazz Pharmaceuticals to Report Third Quarter Financial Results on November ,",
    "link": "https://investor.jazzpharma.com/news-releases/news-release-details/jazz-pharmaceuticals-report-third-quarter-financial-results",
    "timestamp": "unknown"
  },
  {
    "title": "FDA Approves Zepzelca\u00ae (lurbinectedin) and Atezolizumab (Tecentriq\u00ae) Combination as First-Line Maintenance Therapy for Extensive-Stage Small Cell Lung",
    "link": "https://investor.jazzpharma.com/news-releases/news-release-details/fda-approves-zepzelcar-lurbinectedin-and-atezolizumab-tecentriqr",
    "timestamp": "unknown"
  },
  {
    "title": "FDA Approves Zepzelca\u00ae (lurbinectedin) and Atezolizumab (Tecentriq\u00ae) Combination as First-Line Maintenance Therapy for Extensive-Stage Small Cell Lung",
    "link": "https://investor.jazzpharma.com/news-releases/news-release-details/fda-approves-zepzelcar-lurbinectedin-and-atezolizumab-tecentriqr",
    "timestamp": "unknown"
  },
  {
    "title": "FDA Approves Zepzelca\u00ae (lurbinectedin) and Atezolizumab (Tecentriq\u00ae) Combination as First-Line Maintenance Therapy for Extensive-Stage Small Cell Lung",
    "link": "https://investor.jazzpharma.com/news-releases/news-release-details/fda-approves-zepzelcar-lurbinectedin-and-atezolizumab-tecentriqr",
    "timestamp": "unknown"
  },
  {
    "title": "PaginationCurrent pagePagePagePagePagePagePagePagePage\u2026Next page\u203aLast page\u00bb",
    "link": "https://investor.jazzpharma.com/news/press-release-archive?page=",
    "timestamp": "unknown"
  },
  {
    "title": "Current page",
    "link": "https://investor.jazzpharma.com/news/press-release-archive?page=",
    "timestamp": "unknown"
  },
  {
    "title": "Page",
    "link": "https://investor.jazzpharma.com/news/press-release-archive?page=",
    "timestamp": "unknown"
  },
  {
    "title": "Page",
    "link": "https://investor.jazzpharma.com/news/press-release-archive?page=",
    "timestamp": "unknown"
  },
  {
    "title": "Page",
    "link": "https://investor.jazzpharma.com/news/press-release-archive?page=",
    "timestamp": "unknown"
  },
  {
    "title": "Page",
    "link": "https://investor.jazzpharma.com/news/press-release-archive?page=",
    "timestamp": "unknown"
  },
  {
    "title": "Page",
    "link": "https://investor.jazzpharma.com/news/press-release-archive?page=",
    "timestamp": "unknown"
  },
  {
    "title": "Page",
    "link": "https://investor.jazzpharma.com/news/press-release-archive?page=",
    "timestamp": "unknown"
  },
  {
    "title": "Page",
    "link": "https://investor.jazzpharma.com/news/press-release-archive?page=",
    "timestamp": "unknown"
  },
  {
    "title": "Page",
    "link": "https://investor.jazzpharma.com/news/press-release-archive?page=",
    "timestamp": "unknown"
  },
  {
    "title": "Next page\u203a",
    "link": "https://investor.jazzpharma.com/news/press-release-archive?page=",
    "timestamp": "unknown"
  },
  {
    "title": "Last page\u00bb",
    "link": "https://investor.jazzpharma.com/news/press-release-archive?page=",
    "timestamp": "unknown"
  },
  {
    "title": "About NavAboutLeadershipBoard of DirectorsGlobal FootprintCanadaFrance and BelgiumGermany and AustriaUnited Kingdom and IrelandItalySpain and Portugal",
    "link": "https://www.jazzpharma.com/about/",
    "timestamp": "unknown"
  },
  {
    "title": "About NavAboutLeadershipBoard of DirectorsGlobal FootprintCanadaFrance and BelgiumGermany and AustriaUnited Kingdom and IrelandItalySpain and Portugal",
    "link": "https://www.jazzpharma.com/about/",
    "timestamp": "unknown"
  },
  {
    "title": "AboutLeadershipBoard of DirectorsGlobal FootprintCanadaFrance and BelgiumGermany and AustriaUnited Kingdom and IrelandItalySpain and PortugalUnited St",
    "link": "https://www.jazzpharma.com/about/",
    "timestamp": "unknown"
  },
  {
    "title": "Leadership",
    "link": "http://www.jazzpharma.com/about/leadership/",
    "timestamp": "unknown"
  },
  {
    "title": "Board of Directors",
    "link": "http://www.jazzpharma.com/about/board-of-directors/",
    "timestamp": "unknown"
  },
  {
    "title": "Global FootprintCanadaFrance and BelgiumGermany and AustriaUnited Kingdom and IrelandItalySpain and PortugalUnited StatesOther Countries",
    "link": "http://www.jazzpharma.com/about/global-footprint/",
    "timestamp": "unknown"
  },
  {
    "title": "Canada",
    "link": "http://www.jazzpharma.com/about/global-footprint/canada/",
    "timestamp": "unknown"
  },
  {
    "title": "France and Belgium",
    "link": "http://www.jazzpharma.com/about/global-footprint/france-and-belgium/",
    "timestamp": "unknown"
  },
  {
    "title": "Germany and Austria",
    "link": "http://www.jazzpharma.com/about/global-footprint/germany-and-austria/",
    "timestamp": "unknown"
  },
  {
    "title": "United Kingdom and Ireland",
    "link": "http://www.jazzpharma.com/about/global-footprint/uk-and-ireland/",
    "timestamp": "unknown"
  },
  {
    "title": "Italy",
    "link": "http://www.jazzpharma.com/about/global-footprint/italy/",
    "timestamp": "unknown"
  },
  {
    "title": "Spain and Portugal",
    "link": "http://www.jazzpharma.com/about/global-footprint/spain-and-portugal/",
    "timestamp": "unknown"
  },
  {
    "title": "United States",
    "link": "http://www.jazzpharma.com/about/global-footprint/united-states/",
    "timestamp": "unknown"
  },
  {
    "title": "Other Countries",
    "link": "http://www.jazzpharma.com/about/global-footprint/other-countries/",
    "timestamp": "unknown"
  },
  {
    "title": "History",
    "link": "http://www.jazzpharma.com/about/history/",
    "timestamp": "unknown"
  },
  {
    "title": "Corporate Values",
    "link": "https://www.jazzpharma.com/about/corporate-values/",
    "timestamp": "unknown"
  },
  {
    "title": "Corporate Development",
    "link": "https://www.jazzpharma.com/about/corporate-development/",
    "timestamp": "unknown"
  },
  {
    "title": "Partnering",
    "link": "https://www.jazzpharma.com/about/partnering/",
    "timestamp": "unknown"
  },
  {
    "title": "Contact",
    "link": "https://www.jazzpharma.com/contact/",
    "timestamp": "unknown"
  },
  {
    "title": "Pioneering Pathways",
    "link": "https://www.jazzpharma.com/pioneeringpathways/",
    "timestamp": "unknown"
  },
  {
    "title": "MedicinesOur MedicinesDrug SafetyMedical Information USMedical Information Outside of the USManufacturing",
    "link": "http://www.jazzpharma.com/medicines/",
    "timestamp": "unknown"
  },
  {
    "title": "Our Medicines",
    "link": "http://www.jazzpharma.com/medicines/our-medicines/",
    "timestamp": "unknown"
  },
  {
    "title": "Drug Safety",
    "link": "http://www.jazzpharma.com/medicines/drug-safety/",
    "timestamp": "unknown"
  },
  {
    "title": "Medical Information US",
    "link": "http://www.jazzpharma.com/medicines/medical-information/",
    "timestamp": "unknown"
  },
  {
    "title": "Medical Information Outside of the US",
    "link": "https://www.jazzpharma.com/medicines/medical-information-outside-of-the-us/",
    "timestamp": "unknown"
  },
  {
    "title": "Manufacturing",
    "link": "https://www.jazzpharma.com/about/manufacturing/",
    "timestamp": "unknown"
  },
  {
    "title": "SciencePipelineClinical TrialsZanidatamab GEA Clinical TrialNon-Interventional StudiesExpanded AccessIndependent Scientific ResearchClinical Trial Dat",
    "link": "https://www.jazzpharma.com/science/",
    "timestamp": "unknown"
  },
  {
    "title": "Pipeline",
    "link": "https://www.jazzpharma.com/science/pipeline",
    "timestamp": "unknown"
  },
  {
    "title": "Clinical TrialsZanidatamab GEA Clinical Trial",
    "link": "http://www.jazzpharma.com/research/clinical-trials/",
    "timestamp": "unknown"
  },
  {
    "title": "Zanidatamab GEA Clinical Trial",
    "link": "https://www.jazzpharma.com/science/clinical-trials/gea-trial/",
    "timestamp": "unknown"
  },
  {
    "title": "Non-Interventional Studies",
    "link": "https://www.jazzpharma.com/non-interventional-studies/",
    "timestamp": "unknown"
  },
  {
    "title": "Expanded Access",
    "link": "http://www.jazzpharma.com/research/expanded-access/",
    "timestamp": "unknown"
  },
  {
    "title": "Independent Scientific Research",
    "link": "http://www.jazzpharma.com/research/independent-scientific-research/",
    "timestamp": "unknown"
  },
  {
    "title": "Clinical Trial Data Sharing",
    "link": "https://www.jazzpharma.com/science/clinical-trial-data-sharing/",
    "timestamp": "unknown"
  },
  {
    "title": "Plain Language Summary",
    "link": "https://www.jazzpharma.com/science/clinical-trials/plain-language-summary/",
    "timestamp": "unknown"
  },
  {
    "title": "Our PurposePatient SupportCorporate GivingPatient ResourcesCorporate Sustainability and Social ImpactEthical StandardsMedical EducationFellowshipsTran",
    "link": "https://www.jazzpharma.com/our-purpose/",
    "timestamp": "unknown"
  },
  {
    "title": "Patient Support",
    "link": "https://www.jazzpharma.com/our-purpose/patient-support/",
    "timestamp": "unknown"
  },
  {
    "title": "Corporate Giving",
    "link": "https://www.jazzpharma.com/our-purpose/corporate-giving/",
    "timestamp": "unknown"
  },
  {
    "title": "Patient Resources",
    "link": "https://www.jazzpharma.com/our-purpose/patient-resources/",
    "timestamp": "unknown"
  },
  {
    "title": "Corporate Sustainability and Social Impact",
    "link": "https://www.jazzpharma.com/our-purpose/corporate-sustainability-and-social-impact/",
    "timestamp": "unknown"
  },
  {
    "title": "Ethical Standards",
    "link": "https://www.jazzpharma.com/our-purpose/ethical-standards/",
    "timestamp": "unknown"
  },
  {
    "title": "Medical Education",
    "link": "https://www.jazzpharma.com/our-purpose/medical-education/",
    "timestamp": "unknown"
  },
  {
    "title": "Fellowships",
    "link": "https://www.jazzpharma.com/our-purpose/fellowships/",
    "timestamp": "unknown"
  },
  {
    "title": "Transfers of Value in Europe",
    "link": "https://www.jazzpharma.com/our-purpose/transfers-of-value/",
    "timestamp": "unknown"
  },
  {
    "title": "Our StoriesScience StoriesPatient & Caregiver StoriesLeader Perspectives",
    "link": "https://www.jazzpharma.com/our-stories/",
    "timestamp": "unknown"
  },
  {
    "title": "Science Stories",
    "link": "https://www.jazzpharma.com/science-stories/",
    "timestamp": "unknown"
  },
  {
    "title": "Patient & Caregiver Stories",
    "link": "https://www.jazzpharma.com/patient-stories/",
    "timestamp": "unknown"
  },
  {
    "title": "Leader Perspectives",
    "link": "https://www.jazzpharma.com/perspectives/",
    "timestamp": "unknown"
  },
  {
    "title": "NewsPress Release ArchiveEvents ArchiveOur Stories",
    "link": "https://investor.jazzpharma.com/news",
    "timestamp": "unknown"
  },
  {
    "title": "Press Release Archive",
    "link": "https://investor.jazzpharma.com/news/press-release-archive",
    "timestamp": "unknown"
  },
  {
    "title": "Events Archive",
    "link": "https://investor.jazzpharma.com/investors/events-presentations",
    "timestamp": "unknown"
  },
  {
    "title": "Our Stories",
    "link": "https://www.jazzpharma.com/our-stories/",
    "timestamp": "unknown"
  },
  {
    "title": "Careers",
    "link": "http://www.jazzpharma.com/careers/",
    "timestamp": "unknown"
  },
  {
    "title": "InvestorsEvents / PresentationsFinancialsSEC FilingsQuarterly ResultsAnnual ReportsStock InformationResourcesSelect Scientific PublicationsFAQsEmail A",
    "link": "https://investor.jazzpharma.com/investors",
    "timestamp": "unknown"
  },
  {
    "title": "Events / Presentations",
    "link": "https://investor.jazzpharma.com/investors/events-presentations",
    "timestamp": "unknown"
  },
  {
    "title": "FinancialsSEC FilingsQuarterly ResultsAnnual Reports",
    "link": "http://investor.jazzpharma.com/investors/sec-filings",
    "timestamp": "unknown"
  },
  {
    "title": "SEC Filings",
    "link": "https://investor.jazzpharma.com/investors/sec-filings",
    "timestamp": "unknown"
  },
  {
    "title": "Quarterly Results",
    "link": "https://investor.jazzpharma.com/financial-information/quarterly-results",
    "timestamp": "unknown"
  },
  {
    "title": "Annual Reports",
    "link": "https://investor.jazzpharma.com/investors/annual-reports",
    "timestamp": "unknown"
  },
  {
    "title": "Stock Information",
    "link": "https://investor.jazzpharma.com/investors/stock-information",
    "timestamp": "unknown"
  },
  {
    "title": "ResourcesSelect Scientific PublicationsFAQsEmail AlertsInformation RequestAnalyst CoverageOther Information",
    "link": "https://investor.jazzpharma.com/resources/scientific-publications",
    "timestamp": "unknown"
  },
  {
    "title": "Select Scientific Publications",
    "link": "https://investor.jazzpharma.com/resources/scientific-publications",
    "timestamp": "unknown"
  },
  {
    "title": "FAQs",
    "link": "https://investor.jazzpharma.com/investors/faqs",
    "timestamp": "unknown"
  },
  {
    "title": "Email Alerts",
    "link": "https://investor.jazzpharma.com/investors/email-alerts",
    "timestamp": "unknown"
  },
  {
    "title": "Information Request",
    "link": "https://investor.jazzpharma.com/shareholder-services/document-request",
    "timestamp": "unknown"
  },
  {
    "title": "Analyst Coverage",
    "link": "https://investor.jazzpharma.com/investors/analyst-coverage",
    "timestamp": "unknown"
  },
  {
    "title": "Other Information",
    "link": "https://investor.jazzpharma.com/investors/other-information",
    "timestamp": "unknown"
  },
  {
    "title": "\u00a9  Jazz Pharmaceuticals plc All Rights Reserved.Legal NavPrivacy StatementU.S. Consumer Health Data Privacy PolicyTerms of UseSocial Media Global Guid",
    "link": "https://www.jazzpharma.com/",
    "timestamp": "unknown"
  },
  {
    "title": "\u00a9  Jazz Pharmaceuticals plc All Rights Reserved.Legal NavPrivacy StatementU.S. Consumer Health Data Privacy PolicyTerms of UseSocial Media Global Guid",
    "link": "https://www.jazzpharma.com/",
    "timestamp": "unknown"
  },
  {
    "title": "Privacy Statement",
    "link": "https://privacy.jazzpharma.com/",
    "timestamp": "unknown"
  },
  {
    "title": "U.S. Consumer Health Data Privacy Policy",
    "link": "https://privacy.jazzpharma.com/united-states/en/us-consumer-health-data-privacy-policies",
    "timestamp": "unknown"
  },
  {
    "title": "Terms of Use",
    "link": "https://www.jazzpharma.com/terms-of-use",
    "timestamp": "unknown"
  },
  {
    "title": "Social Media Global Guidelines",
    "link": "https://www.jazzpharma.com/social-media-global-guidelines/",
    "timestamp": "unknown"
  },
  {
    "title": "Your Privacy Choices",
    "link": "https://investor.jazzpharma.com/news/press-release-archive#privacychoices",
    "timestamp": "unknown"
  },
  {
    "title": "Sitemap",
    "link": "https://www.jazzpharma.com/sitemap",
    "timestamp": "unknown"
  }
]