[
  {
    "title": "Top Bar NavContact UsSocial IconslinkedintwitterAbout NavAboutLeadershipBoard of DirectorsGlobal FootprintCanadaFrance and BelgiumGermany and AustriaU",
    "link": "http://www.jazzpharma.com/contact/",
    "timestamp": "unknown"
  },
  {
    "title": "Top Bar NavContact UsSocial IconslinkedintwitterAbout NavAboutLeadershipBoard of DirectorsGlobal FootprintCanadaFrance and BelgiumGermany and AustriaU",
    "link": "http://www.jazzpharma.com/contact/",
    "timestamp": "unknown"
  },
  {
    "title": "Top Bar NavContact UsSocial IconslinkedintwitterAbout NavAboutLeadershipBoard of DirectorsGlobal FootprintCanadaFrance and BelgiumGermany and AustriaU",
    "link": "http://www.jazzpharma.com/contact/",
    "timestamp": "unknown"
  },
  {
    "title": "Top Bar NavContact UsSocial Iconslinkedintwitter",
    "link": "http://www.jazzpharma.com/contact/",
    "timestamp": "unknown"
  },
  {
    "title": "Social Iconslinkedintwitter",
    "link": "https://www.linkedin.com/company/jazz-pharmaceuticals?trk=company_logo",
    "timestamp": "unknown"
  },
  {
    "title": "AboutLeadershipBoard of DirectorsGlobal FootprintCanadaFrance and BelgiumGermany and AustriaUnited Kingdom and IrelandItalySpain and PortugalUnited St",
    "link": "https://www.jazzpharma.com/about/",
    "timestamp": "unknown"
  },
  {
    "title": "Leadership",
    "link": "http://www.jazzpharma.com/about/leadership/",
    "timestamp": "unknown"
  },
  {
    "title": "Board of Directors",
    "link": "http://www.jazzpharma.com/about/board-of-directors/",
    "timestamp": "unknown"
  },
  {
    "title": "Global FootprintCanadaFrance and BelgiumGermany and AustriaUnited Kingdom and IrelandItalySpain and PortugalUnited StatesOther Countries",
    "link": "http://www.jazzpharma.com/about/global-footprint/",
    "timestamp": "unknown"
  },
  {
    "title": "Canada",
    "link": "http://www.jazzpharma.com/about/global-footprint/canada/",
    "timestamp": "unknown"
  },
  {
    "title": "France and Belgium",
    "link": "http://www.jazzpharma.com/about/global-footprint/france-and-belgium/",
    "timestamp": "unknown"
  },
  {
    "title": "Germany and Austria",
    "link": "http://www.jazzpharma.com/about/global-footprint/germany-and-austria/",
    "timestamp": "unknown"
  },
  {
    "title": "United Kingdom and Ireland",
    "link": "http://www.jazzpharma.com/about/global-footprint/uk-and-ireland/",
    "timestamp": "unknown"
  },
  {
    "title": "Italy",
    "link": "http://www.jazzpharma.com/about/global-footprint/italy/",
    "timestamp": "unknown"
  },
  {
    "title": "Spain and Portugal",
    "link": "http://www.jazzpharma.com/about/global-footprint/spain-and-portugal/",
    "timestamp": "unknown"
  },
  {
    "title": "United States",
    "link": "http://www.jazzpharma.com/about/global-footprint/united-states/",
    "timestamp": "unknown"
  },
  {
    "title": "Other Countries",
    "link": "http://www.jazzpharma.com/about/global-footprint/other-countries/",
    "timestamp": "unknown"
  },
  {
    "title": "History",
    "link": "http://www.jazzpharma.com/about/history/",
    "timestamp": "unknown"
  },
  {
    "title": "Corporate Values",
    "link": "https://www.jazzpharma.com/about/corporate-values/",
    "timestamp": "unknown"
  },
  {
    "title": "Corporate Development",
    "link": "https://www.jazzpharma.com/about/corporate-development/",
    "timestamp": "unknown"
  },
  {
    "title": "Partnering",
    "link": "https://www.jazzpharma.com/about/partnering/",
    "timestamp": "unknown"
  },
  {
    "title": "Contact",
    "link": "https://www.jazzpharma.com/contact/",
    "timestamp": "unknown"
  },
  {
    "title": "Pioneering Pathways",
    "link": "https://www.jazzpharma.com/pioneeringpathways/",
    "timestamp": "unknown"
  },
  {
    "title": "MedicinesOur MedicinesDrug SafetyMedical Information USMedical Information Outside of the USManufacturing",
    "link": "http://www.jazzpharma.com/medicines/",
    "timestamp": "unknown"
  },
  {
    "title": "Our Medicines",
    "link": "http://www.jazzpharma.com/medicines/our-medicines/",
    "timestamp": "unknown"
  },
  {
    "title": "Drug Safety",
    "link": "http://www.jazzpharma.com/medicines/drug-safety/",
    "timestamp": "unknown"
  },
  {
    "title": "Medical Information US",
    "link": "http://www.jazzpharma.com/medicines/medical-information/",
    "timestamp": "unknown"
  },
  {
    "title": "Medical Information Outside of the US",
    "link": "https://www.jazzpharma.com/medicines/medical-information-outside-of-the-us/",
    "timestamp": "unknown"
  },
  {
    "title": "Manufacturing",
    "link": "https://www.jazzpharma.com/about/manufacturing/",
    "timestamp": "unknown"
  },
  {
    "title": "SciencePipelineClinical TrialsZanidatamab GEA Clinical TrialNon-Interventional StudiesExpanded AccessIndependent Scientific ResearchClinical Trial Dat",
    "link": "https://www.jazzpharma.com/science/",
    "timestamp": "unknown"
  },
  {
    "title": "Pipeline",
    "link": "https://www.jazzpharma.com/science/pipeline",
    "timestamp": "unknown"
  },
  {
    "title": "Clinical TrialsZanidatamab GEA Clinical Trial",
    "link": "http://www.jazzpharma.com/research/clinical-trials/",
    "timestamp": "unknown"
  },
  {
    "title": "Zanidatamab GEA Clinical Trial",
    "link": "https://www.jazzpharma.com/science/clinical-trials/gea-trial/",
    "timestamp": "unknown"
  },
  {
    "title": "Non-Interventional Studies",
    "link": "https://www.jazzpharma.com/non-interventional-studies/",
    "timestamp": "unknown"
  },
  {
    "title": "Expanded Access",
    "link": "http://www.jazzpharma.com/research/expanded-access/",
    "timestamp": "unknown"
  },
  {
    "title": "Independent Scientific Research",
    "link": "http://www.jazzpharma.com/research/independent-scientific-research/",
    "timestamp": "unknown"
  },
  {
    "title": "Clinical Trial Data Sharing",
    "link": "https://www.jazzpharma.com/science/clinical-trial-data-sharing/",
    "timestamp": "unknown"
  },
  {
    "title": "Plain Language Summary",
    "link": "https://www.jazzpharma.com/science/clinical-trials/plain-language-summary/",
    "timestamp": "unknown"
  },
  {
    "title": "Our PurposePatient SupportCorporate GivingPatient ResourcesCorporate Sustainability and Social ImpactEthical StandardsMedical EducationFellowshipsTran",
    "link": "https://www.jazzpharma.com/our-purpose/",
    "timestamp": "unknown"
  },
  {
    "title": "Patient Support",
    "link": "https://www.jazzpharma.com/our-purpose/patient-support/",
    "timestamp": "unknown"
  },
  {
    "title": "Corporate Giving",
    "link": "https://www.jazzpharma.com/our-purpose/corporate-giving/",
    "timestamp": "unknown"
  },
  {
    "title": "Patient Resources",
    "link": "https://www.jazzpharma.com/our-purpose/patient-resources/",
    "timestamp": "unknown"
  },
  {
    "title": "Corporate Sustainability and Social Impact",
    "link": "https://www.jazzpharma.com/our-purpose/corporate-sustainability-and-social-impact/",
    "timestamp": "unknown"
  },
  {
    "title": "Ethical Standards",
    "link": "https://www.jazzpharma.com/our-purpose/ethical-standards/",
    "timestamp": "unknown"
  },
  {
    "title": "Medical Education",
    "link": "https://www.jazzpharma.com/our-purpose/medical-education/",
    "timestamp": "unknown"
  },
  {
    "title": "Fellowships",
    "link": "https://www.jazzpharma.com/our-purpose/fellowships/",
    "timestamp": "unknown"
  },
  {
    "title": "Transfers of Value in Europe",
    "link": "https://www.jazzpharma.com/our-purpose/transfers-of-value/",
    "timestamp": "unknown"
  },
  {
    "title": "Our StoriesScience StoriesPatient & Caregiver StoriesLeader Perspectives",
    "link": "https://www.jazzpharma.com/our-stories/",
    "timestamp": "unknown"
  },
  {
    "title": "Science Stories",
    "link": "https://www.jazzpharma.com/science-stories/",
    "timestamp": "unknown"
  },
  {
    "title": "Patient & Caregiver Stories",
    "link": "https://www.jazzpharma.com/patient-stories/",
    "timestamp": "unknown"
  },
  {
    "title": "Leader Perspectives",
    "link": "https://www.jazzpharma.com/perspectives/",
    "timestamp": "unknown"
  },
  {
    "title": "NewsPress Release ArchiveEvents ArchiveOur Stories",
    "link": "https://investor.jazzpharma.com/news",
    "timestamp": "unknown"
  },
  {
    "title": "Press Release Archive",
    "link": "https://investor.jazzpharma.com/news/press-release-archive",
    "timestamp": "unknown"
  },
  {
    "title": "Events Archive",
    "link": "https://investor.jazzpharma.com/investors/events-presentations",
    "timestamp": "unknown"
  },
  {
    "title": "Our Stories",
    "link": "https://www.jazzpharma.com/our-stories/",
    "timestamp": "unknown"
  },
  {
    "title": "InvestorsEvents / PresentationsFinancialsSEC FilingsQuarterly ResultsAnnual ReportsStock InformationResourcesSelect Scientific PublicationsFAQsEmail A",
    "link": "https://investor.jazzpharma.com/investors",
    "timestamp": "unknown"
  },
  {
    "title": "Events / Presentations",
    "link": "https://investor.jazzpharma.com/investors/events-presentations",
    "timestamp": "unknown"
  },
  {
    "title": "FinancialsSEC FilingsQuarterly ResultsAnnual Reports",
    "link": "http://investor.jazzpharma.com/investors/sec-filings",
    "timestamp": "unknown"
  },
  {
    "title": "SEC Filings",
    "link": "https://investor.jazzpharma.com/investors/sec-filings",
    "timestamp": "unknown"
  },
  {
    "title": "Quarterly Results",
    "link": "https://investor.jazzpharma.com/financial-information/quarterly-results",
    "timestamp": "unknown"
  },
  {
    "title": "Annual Reports",
    "link": "https://investor.jazzpharma.com/investors/annual-reports",
    "timestamp": "unknown"
  },
  {
    "title": "Stock Information",
    "link": "https://investor.jazzpharma.com/investors/stock-information",
    "timestamp": "unknown"
  },
  {
    "title": "ResourcesSelect Scientific PublicationsFAQsEmail AlertsInformation RequestAnalyst CoverageOther Information",
    "link": "https://investor.jazzpharma.com/resources/scientific-publications",
    "timestamp": "unknown"
  },
  {
    "title": "Select Scientific Publications",
    "link": "https://investor.jazzpharma.com/resources/scientific-publications",
    "timestamp": "unknown"
  },
  {
    "title": "FAQs",
    "link": "https://investor.jazzpharma.com/investors/faqs",
    "timestamp": "unknown"
  },
  {
    "title": "Email Alerts",
    "link": "https://investor.jazzpharma.com/investors/email-alerts",
    "timestamp": "unknown"
  },
  {
    "title": "Information Request",
    "link": "https://investor.jazzpharma.com/shareholder-services/document-request",
    "timestamp": "unknown"
  },
  {
    "title": "Analyst Coverage",
    "link": "https://investor.jazzpharma.com/investors/analyst-coverage",
    "timestamp": "unknown"
  },
  {
    "title": "Other Information",
    "link": "https://investor.jazzpharma.com/investors/other-information",
    "timestamp": "unknown"
  },
  {
    "title": "Careers",
    "link": "http://www.jazzpharma.com/careers/",
    "timestamp": "unknown"
  },
  {
    "title": "HomeInvestorsSEC FilingsSEC FilingsIR NavInvestorsEvents / PresentationsFinancialsSEC FilingsQuarterly ResultsAnnual ReportsStock InformationResources",
    "link": "http://www.jazzpharma.com/",
    "timestamp": "unknown"
  },
  {
    "title": "HomeInvestorsSEC FilingsSEC Filings",
    "link": "http://www.jazzpharma.com/",
    "timestamp": "unknown"
  },
  {
    "title": "HomeInvestorsSEC FilingsSEC Filings",
    "link": "http://www.jazzpharma.com/",
    "timestamp": "unknown"
  },
  {
    "title": "HomeInvestorsSEC Filings",
    "link": "http://www.jazzpharma.com/",
    "timestamp": "unknown"
  },
  {
    "title": "HomeInvestorsSEC Filings",
    "link": "http://www.jazzpharma.com/",
    "timestamp": "unknown"
  },
  {
    "title": "IR NavInvestorsEvents / PresentationsFinancialsSEC FilingsQuarterly ResultsAnnual ReportsStock InformationResourcesSelect Scientific PublicationsFAQsE",
    "link": "https://investor.jazzpharma.com/investors",
    "timestamp": "unknown"
  },
  {
    "title": "IR NavInvestorsEvents / PresentationsFinancialsSEC FilingsQuarterly ResultsAnnual ReportsStock InformationResourcesSelect Scientific PublicationsFAQsE",
    "link": "https://investor.jazzpharma.com/investors",
    "timestamp": "unknown"
  },
  {
    "title": "IR NavInvestorsEvents / PresentationsFinancialsSEC FilingsQuarterly ResultsAnnual ReportsStock InformationResourcesSelect Scientific PublicationsFAQsE",
    "link": "https://investor.jazzpharma.com/investors",
    "timestamp": "unknown"
  },
  {
    "title": "IR NavInvestorsEvents / PresentationsFinancialsSEC FilingsQuarterly ResultsAnnual ReportsStock InformationResourcesSelect Scientific PublicationsFAQsE",
    "link": "https://investor.jazzpharma.com/investors",
    "timestamp": "unknown"
  },
  {
    "title": "IR NavInvestorsEvents / PresentationsFinancialsSEC FilingsQuarterly ResultsAnnual ReportsStock InformationResourcesSelect Scientific PublicationsFAQsE",
    "link": "https://investor.jazzpharma.com/investors",
    "timestamp": "unknown"
  },
  {
    "title": "InvestorsEvents / PresentationsFinancialsSEC FilingsQuarterly ResultsAnnual ReportsStock InformationResourcesSelect Scientific PublicationsFAQsEmail A",
    "link": "https://investor.jazzpharma.com/investors",
    "timestamp": "unknown"
  },
  {
    "title": "Events / Presentations",
    "link": "https://investor.jazzpharma.com/investors/events-presentations",
    "timestamp": "unknown"
  },
  {
    "title": "FinancialsSEC FilingsQuarterly ResultsAnnual Reports",
    "link": "http://investor.jazzpharma.com/investors/sec-filings",
    "timestamp": "unknown"
  },
  {
    "title": "SEC Filings",
    "link": "https://investor.jazzpharma.com/investors/sec-filings",
    "timestamp": "unknown"
  },
  {
    "title": "Quarterly Results",
    "link": "https://investor.jazzpharma.com/financial-information/quarterly-results",
    "timestamp": "unknown"
  },
  {
    "title": "Annual Reports",
    "link": "https://investor.jazzpharma.com/investors/annual-reports",
    "timestamp": "unknown"
  },
  {
    "title": "Stock Information",
    "link": "https://investor.jazzpharma.com/investors/stock-information",
    "timestamp": "unknown"
  },
  {
    "title": "ResourcesSelect Scientific PublicationsFAQsEmail AlertsInformation RequestAnalyst CoverageOther Information",
    "link": "https://investor.jazzpharma.com/resources/scientific-publications",
    "timestamp": "unknown"
  },
  {
    "title": "Select Scientific Publications",
    "link": "https://investor.jazzpharma.com/resources/scientific-publications",
    "timestamp": "unknown"
  },
  {
    "title": "FAQs",
    "link": "https://investor.jazzpharma.com/investors/faqs",
    "timestamp": "unknown"
  },
  {
    "title": "Email Alerts",
    "link": "https://investor.jazzpharma.com/investors/email-alerts",
    "timestamp": "unknown"
  },
  {
    "title": "Information Request",
    "link": "https://investor.jazzpharma.com/shareholder-services/document-request",
    "timestamp": "unknown"
  },
  {
    "title": "Analyst Coverage",
    "link": "https://investor.jazzpharma.com/investors/analyst-coverage",
    "timestamp": "unknown"
  },
  {
    "title": "Other Information",
    "link": "https://investor.jazzpharma.com/investors/other-information",
    "timestamp": "unknown"
  },
  {
    "title": "Investor ContactsJack SpinksExecutive Director,Investor Relationsinvestorinfo@jazzpharma.comIreland: +U.S.: +",
    "link": "mailto:investorinfo@jazzpharma.com",
    "timestamp": "unknown"
  },
  {
    "title": "Investor ContactsJack SpinksExecutive Director,Investor Relationsinvestorinfo@jazzpharma.comIreland: +U.S.: +",
    "link": "mailto:investorinfo@jazzpharma.com",
    "timestamp": "unknown"
  },
  {
    "title": "Investor ContactsJack SpinksExecutive Director,Investor Relationsinvestorinfo@jazzpharma.comIreland: +U.S.: +",
    "link": "mailto:investorinfo@jazzpharma.com",
    "timestamp": "unknown"
  },
  {
    "title": "Investor ContactsJack SpinksExecutive Director,Investor Relationsinvestorinfo@jazzpharma.comIreland: +U.S.: +",
    "link": "mailto:investorinfo@jazzpharma.com",
    "timestamp": "unknown"
  },
  {
    "title": "Investor ContactsJack SpinksExecutive Director,Investor Relationsinvestorinfo@jazzpharma.comIreland: +U.S.: +",
    "link": "mailto:investorinfo@jazzpharma.com",
    "timestamp": "unknown"
  },
  {
    "title": "investorinfo@jazzpharma.comIreland: +U.S.: +",
    "link": "mailto:investorinfo@jazzpharma.com",
    "timestamp": "unknown"
  },
  {
    "title": "SEC FilingsGroup,,Annual FilingsCurrent ReportsMergers & AcquisitionsOtherProxy FilingsQuarterly FilingsRegistration StatementsFiling year- Any -Filin",
    "link": "https://investor.jazzpharma.com/investors/sec-filings?items_per_page=&order=field_nir_sec_date_filed&sort=asc",
    "timestamp": "unknown"
  },
  {
    "title": "SEC FilingsGroup,,Annual FilingsCurrent ReportsMergers & AcquisitionsOtherProxy FilingsQuarterly FilingsRegistration StatementsFiling year- Any -Filin",
    "link": "https://investor.jazzpharma.com/investors/sec-filings?items_per_page=&order=field_nir_sec_date_filed&sort=asc",
    "timestamp": "unknown"
  },
  {
    "title": "SEC FilingsGroup,,Annual FilingsCurrent ReportsMergers & AcquisitionsOtherProxy FilingsQuarterly FilingsRegistration StatementsFiling year- Any -Filin",
    "link": "https://investor.jazzpharma.com/investors/sec-filings?items_per_page=&order=field_nir_sec_date_filed&sort=asc",
    "timestamp": "unknown"
  },
  {
    "title": "SEC FilingsGroup,,Annual FilingsCurrent ReportsMergers & AcquisitionsOtherProxy FilingsQuarterly FilingsRegistration StatementsFiling year- Any -Filin",
    "link": "https://investor.jazzpharma.com/investors/sec-filings?items_per_page=&order=field_nir_sec_date_filed&sort=asc",
    "timestamp": "unknown"
  },
  {
    "title": "SEC FilingsGroup,,Annual FilingsCurrent ReportsMergers & AcquisitionsOtherProxy FilingsQuarterly FilingsRegistration StatementsFiling year- Any -Filin",
    "link": "https://investor.jazzpharma.com/investors/sec-filings?items_per_page=&order=field_nir_sec_date_filed&sort=asc",
    "timestamp": "unknown"
  },
  {
    "title": "Group,,Annual FilingsCurrent ReportsMergers & AcquisitionsOtherProxy FilingsQuarterly FilingsRegistration StatementsFiling year- Any -Filing dateFormD",
    "link": "https://investor.jazzpharma.com/investors/sec-filings?items_per_page=&order=field_nir_sec_date_filed&sort=asc",
    "timestamp": "unknown"
  },
  {
    "title": "Group,,Annual FilingsCurrent ReportsMergers & AcquisitionsOtherProxy FilingsQuarterly FilingsRegistration StatementsFiling year- Any -Filing dateFormD",
    "link": "https://investor.jazzpharma.com/investors/sec-filings?items_per_page=&order=field_nir_sec_date_filed&sort=asc",
    "timestamp": "unknown"
  },
  {
    "title": "Group,,Annual FilingsCurrent ReportsMergers & AcquisitionsOtherProxy FilingsQuarterly FilingsRegistration StatementsFiling year- Any -Filing dateFormD",
    "link": "https://investor.jazzpharma.com/investors/sec-filings?items_per_page=&order=field_nir_sec_date_filed&sort=asc",
    "timestamp": "unknown"
  },
  {
    "title": "Group,,Annual FilingsCurrent ReportsMergers & AcquisitionsOtherProxy FilingsQuarterly FilingsRegistration StatementsFiling year- Any -Filing dateFormD",
    "link": "https://investor.jazzpharma.com/investors/sec-filings?items_per_page=&order=field_nir_sec_date_filed&sort=asc",
    "timestamp": "unknown"
  },
  {
    "title": "Group,,Annual FilingsCurrent ReportsMergers & AcquisitionsOtherProxy FilingsQuarterly FilingsRegistration StatementsFiling year- Any -Filing dateFormD",
    "link": "https://investor.jazzpharma.com/investors/sec-filings?items_per_page=&order=field_nir_sec_date_filed&sort=asc",
    "timestamp": "unknown"
  },
  {
    "title": "Group,,Annual FilingsCurrent ReportsMergers & AcquisitionsOtherProxy FilingsQuarterly FilingsRegistration StatementsFiling year- Any -Filing dateFormD",
    "link": "https://investor.jazzpharma.com/investors/sec-filings?items_per_page=&order=field_nir_sec_date_filed&sort=asc",
    "timestamp": "unknown"
  },
  {
    "title": "Group,,Annual FilingsCurrent ReportsMergers & AcquisitionsOtherProxy FilingsQuarterly FilingsRegistration StatementsFiling year- Any -Filing dateFormD",
    "link": "https://investor.jazzpharma.com/investors/sec-filings?items_per_page=&order=field_nir_sec_date_filed&sort=asc",
    "timestamp": "unknown"
  },
  {
    "title": "Group,,Annual FilingsCurrent ReportsMergers & AcquisitionsOtherProxy FilingsQuarterly FilingsRegistration StatementsFiling year- Any -Filing dateFormD",
    "link": "https://investor.jazzpharma.com/investors/sec-filings?items_per_page=&order=field_nir_sec_date_filed&sort=asc",
    "timestamp": "unknown"
  },
  {
    "title": "Group,,Annual FilingsCurrent ReportsMergers & AcquisitionsOtherProxy FilingsQuarterly FilingsRegistration StatementsFiling year- Any -Filing dateFormD",
    "link": "https://investor.jazzpharma.com/investors/sec-filings?items_per_page=&order=field_nir_sec_date_filed&sort=asc",
    "timestamp": "unknown"
  },
  {
    "title": "Group,,Annual FilingsCurrent ReportsMergers & AcquisitionsOtherProxy FilingsQuarterly FilingsRegistration StatementsFiling year- Any -Filing dateFormD",
    "link": "https://investor.jazzpharma.com/investors/sec-filings?items_per_page=&order=field_nir_sec_date_filed&sort=asc",
    "timestamp": "unknown"
  },
  {
    "title": "Filing dateFormDescriptionFiling GroupViewDec ,Statement of changes in beneficial ownership of securities,,View HTML--.pdf--.rtf--.xlsDec ,Initial fil",
    "link": "https://investor.jazzpharma.com/investors/sec-filings?items_per_page=&order=field_nir_sec_date_filed&sort=asc",
    "timestamp": "unknown"
  },
  {
    "title": "Filing dateFormDescriptionFiling GroupView",
    "link": "https://investor.jazzpharma.com/investors/sec-filings?items_per_page=&order=field_nir_sec_date_filed&sort=asc",
    "timestamp": "unknown"
  },
  {
    "title": "Dec ,Statement of changes in beneficial ownership of securities,,View HTML--.pdf--.rtf--.xls",
    "link": "https://investor.jazzpharma.com/sec-filings/sec-filing//--",
    "timestamp": "unknown"
  },
  {
    "title": "--.pdf",
    "link": "https://investor.jazzpharma.com/static-files/4f6bd418-9c37-40ed-9fe2-b76b205c5e61",
    "timestamp": "unknown"
  },
  {
    "title": "--.rtf",
    "link": "https://investor.jazzpharma.com/static-files/-2af9-4cd2-919d-297fc64a7429",
    "timestamp": "unknown"
  },
  {
    "title": "--.xls",
    "link": "https://investor.jazzpharma.com/static-files/2351b411-a63d--8ae6-87a4f1935f8f",
    "timestamp": "unknown"
  },
  {
    "title": "Dec ,Initial filing by director officer or owner of more than ten percent,,View HTML--.pdf--.rtf--.xls",
    "link": "https://investor.jazzpharma.com/sec-filings/sec-filing//--",
    "timestamp": "unknown"
  },
  {
    "title": "--.pdf",
    "link": "https://investor.jazzpharma.com/static-files/fbcb8ab3-7c49-4c50-aa69-d3fcc411d20e",
    "timestamp": "unknown"
  },
  {
    "title": "--.rtf",
    "link": "https://investor.jazzpharma.com/static-files/1891792b-bce5-4c70-ab01-5d8ccf42d8b0",
    "timestamp": "unknown"
  },
  {
    "title": "--.xls",
    "link": "https://investor.jazzpharma.com/static-files/b8377773-a426-451e--48ef4c8b5440",
    "timestamp": "unknown"
  },
  {
    "title": "Dec ,Statement of changes in beneficial ownership of securities,,View HTML--.pdf--.rtf--.xls",
    "link": "https://investor.jazzpharma.com/sec-filings/sec-filing//--",
    "timestamp": "unknown"
  },
  {
    "title": "--.pdf",
    "link": "https://investor.jazzpharma.com/static-files/993fc34f-deee-457e--023bc6569d42",
    "timestamp": "unknown"
  },
  {
    "title": "--.rtf",
    "link": "https://investor.jazzpharma.com/static-files/234ff34f-faaa-4bf6-8e17-38f557b6f00d",
    "timestamp": "unknown"
  },
  {
    "title": "--.xls",
    "link": "https://investor.jazzpharma.com/static-files/52f8d0f8-093b--b9f3-1be8a67c4865",
    "timestamp": "unknown"
  },
  {
    "title": "Dec ,Statement of changes in beneficial ownership of securities,,View HTML--.pdf--.rtf--.xls",
    "link": "https://investor.jazzpharma.com/sec-filings/sec-filing//--",
    "timestamp": "unknown"
  },
  {
    "title": "--.pdf",
    "link": "https://investor.jazzpharma.com/static-files/-6f8a-4c50--0cd1f3b7e899",
    "timestamp": "unknown"
  },
  {
    "title": "--.rtf",
    "link": "https://investor.jazzpharma.com/static-files/368df579--47fa-89e4-19cf2207eff2",
    "timestamp": "unknown"
  },
  {
    "title": "--.xls",
    "link": "https://investor.jazzpharma.com/static-files/630326a6--4b04-a6ac-3861324a2f5b",
    "timestamp": "unknown"
  },
  {
    "title": "Dec ,Filed by \"insiders\" prior intended sale of restricted stock.OtherView HTML--.pdf--.rtf--.xls",
    "link": "https://investor.jazzpharma.com/sec-filings/sec-filing//--",
    "timestamp": "unknown"
  },
  {
    "title": "--.pdf",
    "link": "https://investor.jazzpharma.com/static-files/baac1f07-ca9c--a100-275eed8da6de",
    "timestamp": "unknown"
  },
  {
    "title": "--.rtf",
    "link": "https://investor.jazzpharma.com/static-files/367cc6b4-0e8a-4b1c-acd2-b73ab0144d3e",
    "timestamp": "unknown"
  },
  {
    "title": "--.xls",
    "link": "https://investor.jazzpharma.com/static-files/27959d4b-5d5c-4cfa-8ce1-22058e2424f1",
    "timestamp": "unknown"
  },
  {
    "title": "Dec ,Filed by \"insiders\" prior intended sale of restricted stock.OtherView HTML--.pdf--.rtf--.xls",
    "link": "https://investor.jazzpharma.com/sec-filings/sec-filing//--",
    "timestamp": "unknown"
  },
  {
    "title": "--.pdf",
    "link": "https://investor.jazzpharma.com/static-files/cff252a1-d901--8fd7-6004c5836e41",
    "timestamp": "unknown"
  },
  {
    "title": "--.rtf",
    "link": "https://investor.jazzpharma.com/static-files/95cae27a-01a2-4d3f-af87-a8f504ff5fd3",
    "timestamp": "unknown"
  },
  {
    "title": "--.xls",
    "link": "https://investor.jazzpharma.com/static-files/5d9a0765-aa10-4a1c-b77f-26163e1bf0e7",
    "timestamp": "unknown"
  },
  {
    "title": "Dec ,Statement of changes in beneficial ownership of securities,,View HTML--.pdf--.rtf--.xls",
    "link": "https://investor.jazzpharma.com/sec-filings/sec-filing//--",
    "timestamp": "unknown"
  },
  {
    "title": "--.pdf",
    "link": "https://investor.jazzpharma.com/static-files/e32f847a-9d36-42d6-874a-b442a103ba5c",
    "timestamp": "unknown"
  },
  {
    "title": "--.rtf",
    "link": "https://investor.jazzpharma.com/static-files/b7ce44cb-00b6---692e717cba41",
    "timestamp": "unknown"
  },
  {
    "title": "--.xls",
    "link": "https://investor.jazzpharma.com/static-files/09233e7f--40ca-9bf7-06431463d67e",
    "timestamp": "unknown"
  },
  {
    "title": "Dec ,Statement of changes in beneficial ownership of securities,,View HTML--.pdf--.rtf--.xls",
    "link": "https://investor.jazzpharma.com/sec-filings/sec-filing//--",
    "timestamp": "unknown"
  },
  {
    "title": "--.pdf",
    "link": "https://investor.jazzpharma.com/static-files/a3e0833d-d792-4abf-823e-348c13a926d6",
    "timestamp": "unknown"
  },
  {
    "title": "--.rtf",
    "link": "https://investor.jazzpharma.com/static-files/5eecccaa-f9ad-44ec-bb4d-59d6b4670298",
    "timestamp": "unknown"
  },
  {
    "title": "--.xls",
    "link": "https://investor.jazzpharma.com/static-files/a9b2d7c0--47bd-ad6a-55c135e86ba5",
    "timestamp": "unknown"
  },
  {
    "title": "Dec ,Filed by \"insiders\" prior intended sale of restricted stock.OtherView HTML--.pdf--.rtf",
    "link": "https://investor.jazzpharma.com/sec-filings/sec-filing//--",
    "timestamp": "unknown"
  },
  {
    "title": "--.pdf",
    "link": "https://investor.jazzpharma.com/static-files/bcaed0e7-c5cc--bfad-b14b0ca6274a",
    "timestamp": "unknown"
  },
  {
    "title": "--.rtf",
    "link": "https://investor.jazzpharma.com/static-files/7b5e1435-fe48-4bd5-9f07-7f3e15465c11",
    "timestamp": "unknown"
  },
  {
    "title": "Nov ,Filed by \"insiders\" prior intended sale of restricted stock.OtherView HTML--.pdf--.rtf--.xls",
    "link": "https://investor.jazzpharma.com/sec-filings/sec-filing//--",
    "timestamp": "unknown"
  },
  {
    "title": "--.pdf",
    "link": "https://investor.jazzpharma.com/static-files/8ea11cd8-ba00-44fb-8b9d-581f81a93bc0",
    "timestamp": "unknown"
  },
  {
    "title": "--.rtf",
    "link": "https://investor.jazzpharma.com/static-files/52fdfe5e-c331--b65f-9f9eb3d3832d",
    "timestamp": "unknown"
  },
  {
    "title": "--.xls",
    "link": "https://investor.jazzpharma.com/static-files/2ff2deab-f565-4d00-9fa0-b856c6179071",
    "timestamp": "unknown"
  },
  {
    "title": "Current page",
    "link": "https://investor.jazzpharma.com/investors/sec-filings?&&field_nir_sec_date_filed_value=&&&items_per_page_toggle=&page=",
    "timestamp": "unknown"
  },
  {
    "title": "Page",
    "link": "https://investor.jazzpharma.com/investors/sec-filings?&&field_nir_sec_date_filed_value=&&&items_per_page_toggle=&page=",
    "timestamp": "unknown"
  },
  {
    "title": "Page",
    "link": "https://investor.jazzpharma.com/investors/sec-filings?&&field_nir_sec_date_filed_value=&&&items_per_page_toggle=&page=",
    "timestamp": "unknown"
  },
  {
    "title": "Page",
    "link": "https://investor.jazzpharma.com/investors/sec-filings?&&field_nir_sec_date_filed_value=&&&items_per_page_toggle=&page=",
    "timestamp": "unknown"
  },
  {
    "title": "Page",
    "link": "https://investor.jazzpharma.com/investors/sec-filings?&&field_nir_sec_date_filed_value=&&&items_per_page_toggle=&page=",
    "timestamp": "unknown"
  },
  {
    "title": "Page",
    "link": "https://investor.jazzpharma.com/investors/sec-filings?&&field_nir_sec_date_filed_value=&&&items_per_page_toggle=&page=",
    "timestamp": "unknown"
  },
  {
    "title": "Page",
    "link": "https://investor.jazzpharma.com/investors/sec-filings?&&field_nir_sec_date_filed_value=&&&items_per_page_toggle=&page=",
    "timestamp": "unknown"
  },
  {
    "title": "Page",
    "link": "https://investor.jazzpharma.com/investors/sec-filings?&&field_nir_sec_date_filed_value=&&&items_per_page_toggle=&page=",
    "timestamp": "unknown"
  },
  {
    "title": "Page",
    "link": "https://investor.jazzpharma.com/investors/sec-filings?&&field_nir_sec_date_filed_value=&&&items_per_page_toggle=&page=",
    "timestamp": "unknown"
  },
  {
    "title": "Next page\u203a",
    "link": "https://investor.jazzpharma.com/investors/sec-filings?&&field_nir_sec_date_filed_value=&&&items_per_page_toggle=&page=",
    "timestamp": "unknown"
  },
  {
    "title": "Last page\u00bb",
    "link": "https://investor.jazzpharma.com/investors/sec-filings?&&field_nir_sec_date_filed_value=&&&items_per_page_toggle=&page=",
    "timestamp": "unknown"
  },
  {
    "title": "Data provided byKaleidoscope.",
    "link": "https://www.kscope.io",
    "timestamp": "unknown"
  },
  {
    "title": "Data provided byKaleidoscope.",
    "link": "https://www.kscope.io",
    "timestamp": "unknown"
  },
  {
    "title": "About NavAboutLeadershipBoard of DirectorsGlobal FootprintCanadaFrance and BelgiumGermany and AustriaUnited Kingdom and IrelandItalySpain and Portugal",
    "link": "https://www.jazzpharma.com/about/",
    "timestamp": "unknown"
  },
  {
    "title": "About NavAboutLeadershipBoard of DirectorsGlobal FootprintCanadaFrance and BelgiumGermany and AustriaUnited Kingdom and IrelandItalySpain and Portugal",
    "link": "https://www.jazzpharma.com/about/",
    "timestamp": "unknown"
  },
  {
    "title": "AboutLeadershipBoard of DirectorsGlobal FootprintCanadaFrance and BelgiumGermany and AustriaUnited Kingdom and IrelandItalySpain and PortugalUnited St",
    "link": "https://www.jazzpharma.com/about/",
    "timestamp": "unknown"
  },
  {
    "title": "Leadership",
    "link": "http://www.jazzpharma.com/about/leadership/",
    "timestamp": "unknown"
  },
  {
    "title": "Board of Directors",
    "link": "http://www.jazzpharma.com/about/board-of-directors/",
    "timestamp": "unknown"
  },
  {
    "title": "Global FootprintCanadaFrance and BelgiumGermany and AustriaUnited Kingdom and IrelandItalySpain and PortugalUnited StatesOther Countries",
    "link": "http://www.jazzpharma.com/about/global-footprint/",
    "timestamp": "unknown"
  },
  {
    "title": "Canada",
    "link": "http://www.jazzpharma.com/about/global-footprint/canada/",
    "timestamp": "unknown"
  },
  {
    "title": "France and Belgium",
    "link": "http://www.jazzpharma.com/about/global-footprint/france-and-belgium/",
    "timestamp": "unknown"
  },
  {
    "title": "Germany and Austria",
    "link": "http://www.jazzpharma.com/about/global-footprint/germany-and-austria/",
    "timestamp": "unknown"
  },
  {
    "title": "United Kingdom and Ireland",
    "link": "http://www.jazzpharma.com/about/global-footprint/uk-and-ireland/",
    "timestamp": "unknown"
  },
  {
    "title": "Italy",
    "link": "http://www.jazzpharma.com/about/global-footprint/italy/",
    "timestamp": "unknown"
  },
  {
    "title": "Spain and Portugal",
    "link": "http://www.jazzpharma.com/about/global-footprint/spain-and-portugal/",
    "timestamp": "unknown"
  },
  {
    "title": "United States",
    "link": "http://www.jazzpharma.com/about/global-footprint/united-states/",
    "timestamp": "unknown"
  },
  {
    "title": "Other Countries",
    "link": "http://www.jazzpharma.com/about/global-footprint/other-countries/",
    "timestamp": "unknown"
  },
  {
    "title": "History",
    "link": "http://www.jazzpharma.com/about/history/",
    "timestamp": "unknown"
  },
  {
    "title": "Corporate Values",
    "link": "https://www.jazzpharma.com/about/corporate-values/",
    "timestamp": "unknown"
  },
  {
    "title": "Corporate Development",
    "link": "https://www.jazzpharma.com/about/corporate-development/",
    "timestamp": "unknown"
  },
  {
    "title": "Partnering",
    "link": "https://www.jazzpharma.com/about/partnering/",
    "timestamp": "unknown"
  },
  {
    "title": "Contact",
    "link": "https://www.jazzpharma.com/contact/",
    "timestamp": "unknown"
  },
  {
    "title": "Pioneering Pathways",
    "link": "https://www.jazzpharma.com/pioneeringpathways/",
    "timestamp": "unknown"
  },
  {
    "title": "MedicinesOur MedicinesDrug SafetyMedical Information USMedical Information Outside of the USManufacturing",
    "link": "http://www.jazzpharma.com/medicines/",
    "timestamp": "unknown"
  },
  {
    "title": "Our Medicines",
    "link": "http://www.jazzpharma.com/medicines/our-medicines/",
    "timestamp": "unknown"
  },
  {
    "title": "Drug Safety",
    "link": "http://www.jazzpharma.com/medicines/drug-safety/",
    "timestamp": "unknown"
  },
  {
    "title": "Medical Information US",
    "link": "http://www.jazzpharma.com/medicines/medical-information/",
    "timestamp": "unknown"
  },
  {
    "title": "Medical Information Outside of the US",
    "link": "https://www.jazzpharma.com/medicines/medical-information-outside-of-the-us/",
    "timestamp": "unknown"
  },
  {
    "title": "Manufacturing",
    "link": "https://www.jazzpharma.com/about/manufacturing/",
    "timestamp": "unknown"
  },
  {
    "title": "SciencePipelineClinical TrialsZanidatamab GEA Clinical TrialNon-Interventional StudiesExpanded AccessIndependent Scientific ResearchClinical Trial Dat",
    "link": "https://www.jazzpharma.com/science/",
    "timestamp": "unknown"
  },
  {
    "title": "Pipeline",
    "link": "https://www.jazzpharma.com/science/pipeline",
    "timestamp": "unknown"
  },
  {
    "title": "Clinical TrialsZanidatamab GEA Clinical Trial",
    "link": "http://www.jazzpharma.com/research/clinical-trials/",
    "timestamp": "unknown"
  },
  {
    "title": "Zanidatamab GEA Clinical Trial",
    "link": "https://www.jazzpharma.com/science/clinical-trials/gea-trial/",
    "timestamp": "unknown"
  },
  {
    "title": "Non-Interventional Studies",
    "link": "https://www.jazzpharma.com/non-interventional-studies/",
    "timestamp": "unknown"
  },
  {
    "title": "Expanded Access",
    "link": "http://www.jazzpharma.com/research/expanded-access/",
    "timestamp": "unknown"
  },
  {
    "title": "Independent Scientific Research",
    "link": "http://www.jazzpharma.com/research/independent-scientific-research/",
    "timestamp": "unknown"
  },
  {
    "title": "Clinical Trial Data Sharing",
    "link": "https://www.jazzpharma.com/science/clinical-trial-data-sharing/",
    "timestamp": "unknown"
  },
  {
    "title": "Plain Language Summary",
    "link": "https://www.jazzpharma.com/science/clinical-trials/plain-language-summary/",
    "timestamp": "unknown"
  },
  {
    "title": "Our PurposePatient SupportCorporate GivingPatient ResourcesCorporate Sustainability and Social ImpactEthical StandardsMedical EducationFellowshipsTran",
    "link": "https://www.jazzpharma.com/our-purpose/",
    "timestamp": "unknown"
  },
  {
    "title": "Patient Support",
    "link": "https://www.jazzpharma.com/our-purpose/patient-support/",
    "timestamp": "unknown"
  },
  {
    "title": "Corporate Giving",
    "link": "https://www.jazzpharma.com/our-purpose/corporate-giving/",
    "timestamp": "unknown"
  },
  {
    "title": "Patient Resources",
    "link": "https://www.jazzpharma.com/our-purpose/patient-resources/",
    "timestamp": "unknown"
  },
  {
    "title": "Corporate Sustainability and Social Impact",
    "link": "https://www.jazzpharma.com/our-purpose/corporate-sustainability-and-social-impact/",
    "timestamp": "unknown"
  },
  {
    "title": "Ethical Standards",
    "link": "https://www.jazzpharma.com/our-purpose/ethical-standards/",
    "timestamp": "unknown"
  },
  {
    "title": "Medical Education",
    "link": "https://www.jazzpharma.com/our-purpose/medical-education/",
    "timestamp": "unknown"
  },
  {
    "title": "Fellowships",
    "link": "https://www.jazzpharma.com/our-purpose/fellowships/",
    "timestamp": "unknown"
  },
  {
    "title": "Transfers of Value in Europe",
    "link": "https://www.jazzpharma.com/our-purpose/transfers-of-value/",
    "timestamp": "unknown"
  },
  {
    "title": "Our StoriesScience StoriesPatient & Caregiver StoriesLeader Perspectives",
    "link": "https://www.jazzpharma.com/our-stories/",
    "timestamp": "unknown"
  },
  {
    "title": "Science Stories",
    "link": "https://www.jazzpharma.com/science-stories/",
    "timestamp": "unknown"
  },
  {
    "title": "Patient & Caregiver Stories",
    "link": "https://www.jazzpharma.com/patient-stories/",
    "timestamp": "unknown"
  },
  {
    "title": "Leader Perspectives",
    "link": "https://www.jazzpharma.com/perspectives/",
    "timestamp": "unknown"
  },
  {
    "title": "NewsPress Release ArchiveEvents ArchiveOur Stories",
    "link": "https://investor.jazzpharma.com/news",
    "timestamp": "unknown"
  },
  {
    "title": "Press Release Archive",
    "link": "https://investor.jazzpharma.com/news/press-release-archive",
    "timestamp": "unknown"
  },
  {
    "title": "Events Archive",
    "link": "https://investor.jazzpharma.com/investors/events-presentations",
    "timestamp": "unknown"
  },
  {
    "title": "Our Stories",
    "link": "https://www.jazzpharma.com/our-stories/",
    "timestamp": "unknown"
  },
  {
    "title": "Careers",
    "link": "http://www.jazzpharma.com/careers/",
    "timestamp": "unknown"
  },
  {
    "title": "InvestorsEvents / PresentationsFinancialsSEC FilingsQuarterly ResultsAnnual ReportsStock InformationResourcesSelect Scientific PublicationsFAQsEmail A",
    "link": "https://investor.jazzpharma.com/investors",
    "timestamp": "unknown"
  },
  {
    "title": "Events / Presentations",
    "link": "https://investor.jazzpharma.com/investors/events-presentations",
    "timestamp": "unknown"
  },
  {
    "title": "FinancialsSEC FilingsQuarterly ResultsAnnual Reports",
    "link": "http://investor.jazzpharma.com/investors/sec-filings",
    "timestamp": "unknown"
  },
  {
    "title": "SEC Filings",
    "link": "https://investor.jazzpharma.com/investors/sec-filings",
    "timestamp": "unknown"
  },
  {
    "title": "Quarterly Results",
    "link": "https://investor.jazzpharma.com/financial-information/quarterly-results",
    "timestamp": "unknown"
  },
  {
    "title": "Annual Reports",
    "link": "https://investor.jazzpharma.com/investors/annual-reports",
    "timestamp": "unknown"
  },
  {
    "title": "Stock Information",
    "link": "https://investor.jazzpharma.com/investors/stock-information",
    "timestamp": "unknown"
  },
  {
    "title": "ResourcesSelect Scientific PublicationsFAQsEmail AlertsInformation RequestAnalyst CoverageOther Information",
    "link": "https://investor.jazzpharma.com/resources/scientific-publications",
    "timestamp": "unknown"
  },
  {
    "title": "Select Scientific Publications",
    "link": "https://investor.jazzpharma.com/resources/scientific-publications",
    "timestamp": "unknown"
  },
  {
    "title": "FAQs",
    "link": "https://investor.jazzpharma.com/investors/faqs",
    "timestamp": "unknown"
  },
  {
    "title": "Email Alerts",
    "link": "https://investor.jazzpharma.com/investors/email-alerts",
    "timestamp": "unknown"
  },
  {
    "title": "Information Request",
    "link": "https://investor.jazzpharma.com/shareholder-services/document-request",
    "timestamp": "unknown"
  },
  {
    "title": "Analyst Coverage",
    "link": "https://investor.jazzpharma.com/investors/analyst-coverage",
    "timestamp": "unknown"
  },
  {
    "title": "Other Information",
    "link": "https://investor.jazzpharma.com/investors/other-information",
    "timestamp": "unknown"
  },
  {
    "title": "\u00a9  Jazz Pharmaceuticals plc All Rights Reserved.Legal NavPrivacy StatementU.S. Consumer Health Data Privacy PolicyTerms of UseSocial Media Global Guid",
    "link": "https://www.jazzpharma.com/",
    "timestamp": "unknown"
  },
  {
    "title": "\u00a9  Jazz Pharmaceuticals plc All Rights Reserved.Legal NavPrivacy StatementU.S. Consumer Health Data Privacy PolicyTerms of UseSocial Media Global Guid",
    "link": "https://www.jazzpharma.com/",
    "timestamp": "unknown"
  },
  {
    "title": "Privacy Statement",
    "link": "https://privacy.jazzpharma.com/",
    "timestamp": "unknown"
  },
  {
    "title": "U.S. Consumer Health Data Privacy Policy",
    "link": "https://privacy.jazzpharma.com/united-states/en/us-consumer-health-data-privacy-policies",
    "timestamp": "unknown"
  },
  {
    "title": "Terms of Use",
    "link": "https://www.jazzpharma.com/terms-of-use",
    "timestamp": "unknown"
  },
  {
    "title": "Social Media Global Guidelines",
    "link": "https://www.jazzpharma.com/social-media-global-guidelines/",
    "timestamp": "unknown"
  },
  {
    "title": "Your Privacy Choices",
    "link": "https://investor.jazzpharma.com/investors/sec-filings#privacychoices",
    "timestamp": "unknown"
  },
  {
    "title": "Sitemap",
    "link": "https://www.jazzpharma.com/sitemap",
    "timestamp": "unknown"
  }
]