[
  {
    "title": "Top Bar NavContact UsSocial IconslinkedintwitterAbout NavAboutLeadershipBoard of DirectorsGlobal FootprintCanadaFrance and BelgiumGermany and AustriaU",
    "link": "http://www.jazzpharma.com/contact/",
    "timestamp": "unknown"
  },
  {
    "title": "Top Bar NavContact UsSocial Iconslinkedintwitter",
    "link": "http://www.jazzpharma.com/contact/",
    "timestamp": "unknown"
  },
  {
    "title": "Social Iconslinkedintwitter",
    "link": "https://www.linkedin.com/company/jazz-pharmaceuticals?trk=company_logo",
    "timestamp": "unknown"
  },
  {
    "title": "AboutLeadershipBoard of DirectorsGlobal FootprintCanadaFrance and BelgiumGermany and AustriaUnited Kingdom and IrelandItalySpain and PortugalUnited St",
    "link": "https://www.jazzpharma.com/about/",
    "timestamp": "unknown"
  },
  {
    "title": "Leadership",
    "link": "http://www.jazzpharma.com/about/leadership/",
    "timestamp": "unknown"
  },
  {
    "title": "Board of Directors",
    "link": "http://www.jazzpharma.com/about/board-of-directors/",
    "timestamp": "unknown"
  },
  {
    "title": "Global FootprintCanadaFrance and BelgiumGermany and AustriaUnited Kingdom and IrelandItalySpain and PortugalUnited StatesOther Countries",
    "link": "http://www.jazzpharma.com/about/global-footprint/",
    "timestamp": "unknown"
  },
  {
    "title": "Canada",
    "link": "http://www.jazzpharma.com/about/global-footprint/canada/",
    "timestamp": "unknown"
  },
  {
    "title": "France and Belgium",
    "link": "http://www.jazzpharma.com/about/global-footprint/france-and-belgium/",
    "timestamp": "unknown"
  },
  {
    "title": "Germany and Austria",
    "link": "http://www.jazzpharma.com/about/global-footprint/germany-and-austria/",
    "timestamp": "unknown"
  },
  {
    "title": "United Kingdom and Ireland",
    "link": "http://www.jazzpharma.com/about/global-footprint/uk-and-ireland/",
    "timestamp": "unknown"
  },
  {
    "title": "Italy",
    "link": "http://www.jazzpharma.com/about/global-footprint/italy/",
    "timestamp": "unknown"
  },
  {
    "title": "Spain and Portugal",
    "link": "http://www.jazzpharma.com/about/global-footprint/spain-and-portugal/",
    "timestamp": "unknown"
  },
  {
    "title": "United States",
    "link": "http://www.jazzpharma.com/about/global-footprint/united-states/",
    "timestamp": "unknown"
  },
  {
    "title": "Other Countries",
    "link": "http://www.jazzpharma.com/about/global-footprint/other-countries/",
    "timestamp": "unknown"
  },
  {
    "title": "History",
    "link": "http://www.jazzpharma.com/about/history/",
    "timestamp": "unknown"
  },
  {
    "title": "Corporate Values",
    "link": "https://www.jazzpharma.com/about/corporate-values/",
    "timestamp": "unknown"
  },
  {
    "title": "Corporate Development",
    "link": "https://www.jazzpharma.com/about/corporate-development/",
    "timestamp": "unknown"
  },
  {
    "title": "Partnering",
    "link": "https://www.jazzpharma.com/about/partnering/",
    "timestamp": "unknown"
  },
  {
    "title": "Contact",
    "link": "https://www.jazzpharma.com/contact/",
    "timestamp": "unknown"
  },
  {
    "title": "Pioneering Pathways",
    "link": "https://www.jazzpharma.com/pioneeringpathways/",
    "timestamp": "unknown"
  },
  {
    "title": "MedicinesOur MedicinesDrug SafetyMedical Information USMedical Information Outside of the USManufacturing",
    "link": "http://www.jazzpharma.com/medicines/",
    "timestamp": "unknown"
  },
  {
    "title": "Our Medicines",
    "link": "http://www.jazzpharma.com/medicines/our-medicines/",
    "timestamp": "unknown"
  },
  {
    "title": "Drug Safety",
    "link": "http://www.jazzpharma.com/medicines/drug-safety/",
    "timestamp": "unknown"
  },
  {
    "title": "Medical Information US",
    "link": "http://www.jazzpharma.com/medicines/medical-information/",
    "timestamp": "unknown"
  },
  {
    "title": "Medical Information Outside of the US",
    "link": "https://www.jazzpharma.com/medicines/medical-information-outside-of-the-us/",
    "timestamp": "unknown"
  },
  {
    "title": "Manufacturing",
    "link": "https://www.jazzpharma.com/about/manufacturing/",
    "timestamp": "unknown"
  },
  {
    "title": "SciencePipelineClinical TrialsZanidatamab GEA Clinical TrialNon-Interventional StudiesExpanded AccessIndependent Scientific ResearchClinical Trial Dat",
    "link": "https://www.jazzpharma.com/science/",
    "timestamp": "unknown"
  },
  {
    "title": "Pipeline",
    "link": "https://www.jazzpharma.com/science/pipeline",
    "timestamp": "unknown"
  },
  {
    "title": "Clinical TrialsZanidatamab GEA Clinical Trial",
    "link": "http://www.jazzpharma.com/research/clinical-trials/",
    "timestamp": "unknown"
  },
  {
    "title": "Zanidatamab GEA Clinical Trial",
    "link": "https://www.jazzpharma.com/science/clinical-trials/gea-trial/",
    "timestamp": "unknown"
  },
  {
    "title": "Non-Interventional Studies",
    "link": "https://www.jazzpharma.com/non-interventional-studies/",
    "timestamp": "unknown"
  },
  {
    "title": "Expanded Access",
    "link": "http://www.jazzpharma.com/research/expanded-access/",
    "timestamp": "unknown"
  },
  {
    "title": "Independent Scientific Research",
    "link": "http://www.jazzpharma.com/research/independent-scientific-research/",
    "timestamp": "unknown"
  },
  {
    "title": "Clinical Trial Data Sharing",
    "link": "https://www.jazzpharma.com/science/clinical-trial-data-sharing/",
    "timestamp": "unknown"
  },
  {
    "title": "Plain Language Summary",
    "link": "https://www.jazzpharma.com/science/clinical-trials/plain-language-summary/",
    "timestamp": "unknown"
  },
  {
    "title": "Our PurposePatient SupportCorporate GivingPatient ResourcesCorporate Sustainability and Social ImpactEthical StandardsMedical EducationFellowshipsTran",
    "link": "https://www.jazzpharma.com/our-purpose/",
    "timestamp": "unknown"
  },
  {
    "title": "Patient Support",
    "link": "https://www.jazzpharma.com/our-purpose/patient-support/",
    "timestamp": "unknown"
  },
  {
    "title": "Corporate Giving",
    "link": "https://www.jazzpharma.com/our-purpose/corporate-giving/",
    "timestamp": "unknown"
  },
  {
    "title": "Patient Resources",
    "link": "https://www.jazzpharma.com/our-purpose/patient-resources/",
    "timestamp": "unknown"
  },
  {
    "title": "Corporate Sustainability and Social Impact",
    "link": "https://www.jazzpharma.com/our-purpose/corporate-sustainability-and-social-impact/",
    "timestamp": "unknown"
  },
  {
    "title": "Ethical Standards",
    "link": "https://www.jazzpharma.com/our-purpose/ethical-standards/",
    "timestamp": "unknown"
  },
  {
    "title": "Medical Education",
    "link": "https://www.jazzpharma.com/our-purpose/medical-education/",
    "timestamp": "unknown"
  },
  {
    "title": "Fellowships",
    "link": "https://www.jazzpharma.com/our-purpose/fellowships/",
    "timestamp": "unknown"
  },
  {
    "title": "Transfers of Value in Europe",
    "link": "https://www.jazzpharma.com/our-purpose/transfers-of-value/",
    "timestamp": "unknown"
  },
  {
    "title": "Our StoriesScience StoriesPatient & Caregiver StoriesLeader Perspectives",
    "link": "https://www.jazzpharma.com/our-stories/",
    "timestamp": "unknown"
  },
  {
    "title": "Science Stories",
    "link": "https://www.jazzpharma.com/science-stories/",
    "timestamp": "unknown"
  },
  {
    "title": "Patient & Caregiver Stories",
    "link": "https://www.jazzpharma.com/patient-stories/",
    "timestamp": "unknown"
  },
  {
    "title": "Leader Perspectives",
    "link": "https://www.jazzpharma.com/perspectives/",
    "timestamp": "unknown"
  },
  {
    "title": "NewsPress Release ArchiveEvents ArchiveOur Stories",
    "link": "https://investor.jazzpharma.com/news",
    "timestamp": "unknown"
  },
  {
    "title": "Press Release Archive",
    "link": "https://investor.jazzpharma.com/news/press-release-archive",
    "timestamp": "unknown"
  },
  {
    "title": "Events Archive",
    "link": "https://investor.jazzpharma.com/investors/events-presentations",
    "timestamp": "unknown"
  },
  {
    "title": "Our Stories",
    "link": "https://www.jazzpharma.com/our-stories/",
    "timestamp": "unknown"
  },
  {
    "title": "InvestorsEvents / PresentationsFinancialsSEC FilingsQuarterly ResultsAnnual ReportsStock InformationResourcesSelect Scientific PublicationsFAQsEmail A",
    "link": "https://investor.jazzpharma.com/investors",
    "timestamp": "unknown"
  },
  {
    "title": "Events / Presentations",
    "link": "https://investor.jazzpharma.com/investors/events-presentations",
    "timestamp": "unknown"
  },
  {
    "title": "FinancialsSEC FilingsQuarterly ResultsAnnual Reports",
    "link": "http://investor.jazzpharma.com/investors/sec-filings",
    "timestamp": "unknown"
  },
  {
    "title": "SEC Filings",
    "link": "https://investor.jazzpharma.com/investors/sec-filings",
    "timestamp": "unknown"
  },
  {
    "title": "Quarterly Results",
    "link": "https://investor.jazzpharma.com/financial-information/quarterly-results",
    "timestamp": "unknown"
  },
  {
    "title": "Annual Reports",
    "link": "https://investor.jazzpharma.com/investors/annual-reports",
    "timestamp": "unknown"
  },
  {
    "title": "Stock Information",
    "link": "https://investor.jazzpharma.com/investors/stock-information",
    "timestamp": "unknown"
  },
  {
    "title": "ResourcesSelect Scientific PublicationsFAQsEmail AlertsInformation RequestAnalyst CoverageOther Information",
    "link": "https://investor.jazzpharma.com/resources/scientific-publications",
    "timestamp": "unknown"
  },
  {
    "title": "Select Scientific Publications",
    "link": "https://investor.jazzpharma.com/resources/scientific-publications",
    "timestamp": "unknown"
  },
  {
    "title": "FAQs",
    "link": "https://investor.jazzpharma.com/investors/faqs",
    "timestamp": "unknown"
  },
  {
    "title": "Email Alerts",
    "link": "https://investor.jazzpharma.com/investors/email-alerts",
    "timestamp": "unknown"
  },
  {
    "title": "Information Request",
    "link": "https://investor.jazzpharma.com/shareholder-services/document-request",
    "timestamp": "unknown"
  },
  {
    "title": "Analyst Coverage",
    "link": "https://investor.jazzpharma.com/investors/analyst-coverage",
    "timestamp": "unknown"
  },
  {
    "title": "Other Information",
    "link": "https://investor.jazzpharma.com/investors/other-information",
    "timestamp": "unknown"
  },
  {
    "title": "Careers",
    "link": "http://www.jazzpharma.com/careers/",
    "timestamp": "unknown"
  },
  {
    "title": "HomeInvestorsEvents / PresentationsEvents / PresentationsIR NavInvestorsEvents / PresentationsFinancialsSEC FilingsQuarterly ResultsAnnual ReportsStoc",
    "link": "http://www.jazzpharma.com/",
    "timestamp": "unknown"
  },
  {
    "title": "HomeInvestorsEvents / PresentationsEvents / Presentations",
    "link": "http://www.jazzpharma.com/",
    "timestamp": "unknown"
  },
  {
    "title": "HomeInvestorsEvents / PresentationsEvents / Presentations",
    "link": "http://www.jazzpharma.com/",
    "timestamp": "unknown"
  },
  {
    "title": "HomeInvestorsEvents / Presentations",
    "link": "http://www.jazzpharma.com/",
    "timestamp": "unknown"
  },
  {
    "title": "HomeInvestorsEvents / Presentations",
    "link": "http://www.jazzpharma.com/",
    "timestamp": "unknown"
  },
  {
    "title": "IR NavInvestorsEvents / PresentationsFinancialsSEC FilingsQuarterly ResultsAnnual ReportsStock InformationResourcesSelect Scientific PublicationsFAQsE",
    "link": "https://investor.jazzpharma.com/investors",
    "timestamp": "unknown"
  },
  {
    "title": "IR NavInvestorsEvents / PresentationsFinancialsSEC FilingsQuarterly ResultsAnnual ReportsStock InformationResourcesSelect Scientific PublicationsFAQsE",
    "link": "https://investor.jazzpharma.com/investors",
    "timestamp": "unknown"
  },
  {
    "title": "IR NavInvestorsEvents / PresentationsFinancialsSEC FilingsQuarterly ResultsAnnual ReportsStock InformationResourcesSelect Scientific PublicationsFAQsE",
    "link": "https://investor.jazzpharma.com/investors",
    "timestamp": "unknown"
  },
  {
    "title": "IR NavInvestorsEvents / PresentationsFinancialsSEC FilingsQuarterly ResultsAnnual ReportsStock InformationResourcesSelect Scientific PublicationsFAQsE",
    "link": "https://investor.jazzpharma.com/investors",
    "timestamp": "unknown"
  },
  {
    "title": "IR NavInvestorsEvents / PresentationsFinancialsSEC FilingsQuarterly ResultsAnnual ReportsStock InformationResourcesSelect Scientific PublicationsFAQsE",
    "link": "https://investor.jazzpharma.com/investors",
    "timestamp": "unknown"
  },
  {
    "title": "InvestorsEvents / PresentationsFinancialsSEC FilingsQuarterly ResultsAnnual ReportsStock InformationResourcesSelect Scientific PublicationsFAQsEmail A",
    "link": "https://investor.jazzpharma.com/investors",
    "timestamp": "unknown"
  },
  {
    "title": "Events / Presentations",
    "link": "https://investor.jazzpharma.com/investors/events-presentations",
    "timestamp": "unknown"
  },
  {
    "title": "FinancialsSEC FilingsQuarterly ResultsAnnual Reports",
    "link": "http://investor.jazzpharma.com/investors/sec-filings",
    "timestamp": "unknown"
  },
  {
    "title": "SEC Filings",
    "link": "https://investor.jazzpharma.com/investors/sec-filings",
    "timestamp": "unknown"
  },
  {
    "title": "Quarterly Results",
    "link": "https://investor.jazzpharma.com/financial-information/quarterly-results",
    "timestamp": "unknown"
  },
  {
    "title": "Annual Reports",
    "link": "https://investor.jazzpharma.com/investors/annual-reports",
    "timestamp": "unknown"
  },
  {
    "title": "Stock Information",
    "link": "https://investor.jazzpharma.com/investors/stock-information",
    "timestamp": "unknown"
  },
  {
    "title": "ResourcesSelect Scientific PublicationsFAQsEmail AlertsInformation RequestAnalyst CoverageOther Information",
    "link": "https://investor.jazzpharma.com/resources/scientific-publications",
    "timestamp": "unknown"
  },
  {
    "title": "Select Scientific Publications",
    "link": "https://investor.jazzpharma.com/resources/scientific-publications",
    "timestamp": "unknown"
  },
  {
    "title": "FAQs",
    "link": "https://investor.jazzpharma.com/investors/faqs",
    "timestamp": "unknown"
  },
  {
    "title": "Email Alerts",
    "link": "https://investor.jazzpharma.com/investors/email-alerts",
    "timestamp": "unknown"
  },
  {
    "title": "Information Request",
    "link": "https://investor.jazzpharma.com/shareholder-services/document-request",
    "timestamp": "unknown"
  },
  {
    "title": "Analyst Coverage",
    "link": "https://investor.jazzpharma.com/investors/analyst-coverage",
    "timestamp": "unknown"
  },
  {
    "title": "Other Information",
    "link": "https://investor.jazzpharma.com/investors/other-information",
    "timestamp": "unknown"
  },
  {
    "title": "Investor ContactsJack SpinksExecutive Director,Investor Relationsinvestorinfo@jazzpharma.comIreland: +U.S.: +",
    "link": "mailto:investorinfo@jazzpharma.com",
    "timestamp": "unknown"
  },
  {
    "title": "Investor ContactsJack SpinksExecutive Director,Investor Relationsinvestorinfo@jazzpharma.comIreland: +U.S.: +",
    "link": "mailto:investorinfo@jazzpharma.com",
    "timestamp": "unknown"
  },
  {
    "title": "Investor ContactsJack SpinksExecutive Director,Investor Relationsinvestorinfo@jazzpharma.comIreland: +U.S.: +",
    "link": "mailto:investorinfo@jazzpharma.com",
    "timestamp": "unknown"
  },
  {
    "title": "Investor ContactsJack SpinksExecutive Director,Investor Relationsinvestorinfo@jazzpharma.comIreland: +U.S.: +",
    "link": "mailto:investorinfo@jazzpharma.com",
    "timestamp": "unknown"
  },
  {
    "title": "Investor ContactsJack SpinksExecutive Director,Investor Relationsinvestorinfo@jazzpharma.comIreland: +U.S.: +",
    "link": "mailto:investorinfo@jazzpharma.com",
    "timestamp": "unknown"
  },
  {
    "title": "investorinfo@jazzpharma.comIreland: +U.S.: +",
    "link": "mailto:investorinfo@jazzpharma.com",
    "timestamp": "unknown"
  },
  {
    "title": "Events / PresentationsPast EventsQ3  Jazz Pharmaceuticals Earnings Conference CallNovember ,at  ESTClick here for webcast3Q25 Earnings Presentation. M",
    "link": "https://investor.jazzpharma.com/events/event-details/q3--jazz-pharmaceuticals-earnings-conference-call",
    "timestamp": "unknown"
  },
  {
    "title": "Events / PresentationsPast EventsQ3  Jazz Pharmaceuticals Earnings Conference CallNovember ,at  ESTClick here for webcast3Q25 Earnings Presentation. M",
    "link": "https://investor.jazzpharma.com/events/event-details/q3--jazz-pharmaceuticals-earnings-conference-call",
    "timestamp": "unknown"
  },
  {
    "title": "Events / PresentationsPast EventsQ3  Jazz Pharmaceuticals Earnings Conference CallNovember ,at  ESTClick here for webcast3Q25 Earnings Presentation. M",
    "link": "https://investor.jazzpharma.com/events/event-details/q3--jazz-pharmaceuticals-earnings-conference-call",
    "timestamp": "unknown"
  },
  {
    "title": "Events / PresentationsPast EventsQ3  Jazz Pharmaceuticals Earnings Conference CallNovember ,at  ESTClick here for webcast3Q25 Earnings Presentation. M",
    "link": "https://investor.jazzpharma.com/events/event-details/q3--jazz-pharmaceuticals-earnings-conference-call",
    "timestamp": "unknown"
  },
  {
    "title": "Events / PresentationsPast EventsQ3  Jazz Pharmaceuticals Earnings Conference CallNovember ,at  ESTClick here for webcast3Q25 Earnings Presentation. M",
    "link": "https://investor.jazzpharma.com/events/event-details/q3--jazz-pharmaceuticals-earnings-conference-call",
    "timestamp": "unknown"
  },
  {
    "title": "Past EventsQ3  Jazz Pharmaceuticals Earnings Conference CallNovember ,at  ESTClick here for webcast3Q25 Earnings Presentation. MBModeyso Investor Webc",
    "link": "https://investor.jazzpharma.com/events/event-details/q3--jazz-pharmaceuticals-earnings-conference-call",
    "timestamp": "unknown"
  },
  {
    "title": "Past EventsQ3  Jazz Pharmaceuticals Earnings Conference CallNovember ,at  ESTClick here for webcast3Q25 Earnings Presentation. MBModeyso Investor Webc",
    "link": "https://investor.jazzpharma.com/events/event-details/q3--jazz-pharmaceuticals-earnings-conference-call",
    "timestamp": "unknown"
  },
  {
    "title": "Past EventsQ3  Jazz Pharmaceuticals Earnings Conference CallNovember ,at  ESTClick here for webcast3Q25 Earnings Presentation. MBModeyso Investor Webc",
    "link": "https://investor.jazzpharma.com/events/event-details/q3--jazz-pharmaceuticals-earnings-conference-call",
    "timestamp": "unknown"
  },
  {
    "title": "Past EventsQ3  Jazz Pharmaceuticals Earnings Conference CallNovember ,at  ESTClick here for webcast3Q25 Earnings Presentation. MBModeyso Investor Webc",
    "link": "https://investor.jazzpharma.com/events/event-details/q3--jazz-pharmaceuticals-earnings-conference-call",
    "timestamp": "unknown"
  },
  {
    "title": "Past EventsQ3  Jazz Pharmaceuticals Earnings Conference CallNovember ,at  ESTClick here for webcast3Q25 Earnings Presentation. MBModeyso Investor Webc",
    "link": "https://investor.jazzpharma.com/events/event-details/q3--jazz-pharmaceuticals-earnings-conference-call",
    "timestamp": "unknown"
  },
  {
    "title": "Past EventsQ3  Jazz Pharmaceuticals Earnings Conference CallNovember ,at  ESTClick here for webcast3Q25 Earnings Presentation. MBModeyso Investor Webc",
    "link": "https://investor.jazzpharma.com/events/event-details/q3--jazz-pharmaceuticals-earnings-conference-call",
    "timestamp": "unknown"
  },
  {
    "title": "Past EventsQ3  Jazz Pharmaceuticals Earnings Conference CallNovember ,at  ESTClick here for webcast3Q25 Earnings Presentation. MBModeyso Investor Webc",
    "link": "https://investor.jazzpharma.com/events/event-details/q3--jazz-pharmaceuticals-earnings-conference-call",
    "timestamp": "unknown"
  },
  {
    "title": "Past EventsQ3  Jazz Pharmaceuticals Earnings Conference CallNovember ,at  ESTClick here for webcast3Q25 Earnings Presentation. MBModeyso Investor Webc",
    "link": "https://investor.jazzpharma.com/events/event-details/q3--jazz-pharmaceuticals-earnings-conference-call",
    "timestamp": "unknown"
  },
  {
    "title": "Past EventsQ3  Jazz Pharmaceuticals Earnings Conference CallNovember ,at  ESTClick here for webcast3Q25 Earnings Presentation. MBModeyso Investor Webc",
    "link": "https://investor.jazzpharma.com/events/event-details/q3--jazz-pharmaceuticals-earnings-conference-call",
    "timestamp": "unknown"
  },
  {
    "title": "Q3  Jazz Pharmaceuticals Earnings Conference CallNovember ,at  ESTClick here for webcast3Q25 Earnings Presentation. MBModeyso Investor WebcastAugust ,",
    "link": "https://investor.jazzpharma.com/events/event-details/q3--jazz-pharmaceuticals-earnings-conference-call",
    "timestamp": "unknown"
  },
  {
    "title": "Q3  Jazz Pharmaceuticals Earnings Conference CallNovember ,at  ESTClick here for webcast3Q25 Earnings Presentation. MBModeyso Investor WebcastAugust ,",
    "link": "https://investor.jazzpharma.com/events/event-details/q3--jazz-pharmaceuticals-earnings-conference-call",
    "timestamp": "unknown"
  },
  {
    "title": "Q3  Jazz Pharmaceuticals Earnings Conference CallNovember ,at  ESTClick here for webcast3Q25 Earnings Presentation. MB",
    "link": "https://investor.jazzpharma.com/events/event-details/q3--jazz-pharmaceuticals-earnings-conference-call",
    "timestamp": "unknown"
  },
  {
    "title": "Q3  Jazz Pharmaceuticals Earnings Conference CallNovember ,at  EST",
    "link": "https://investor.jazzpharma.com/events/event-details/q3--jazz-pharmaceuticals-earnings-conference-call",
    "timestamp": "unknown"
  },
  {
    "title": "Q3  Jazz Pharmaceuticals Earnings Conference Call",
    "link": "https://investor.jazzpharma.com/events/event-details/q3--jazz-pharmaceuticals-earnings-conference-call",
    "timestamp": "unknown"
  },
  {
    "title": "Q3  Jazz Pharmaceuticals Earnings Conference Call",
    "link": "https://investor.jazzpharma.com/events/event-details/q3--jazz-pharmaceuticals-earnings-conference-call",
    "timestamp": "unknown"
  },
  {
    "title": "Q3  Jazz Pharmaceuticals Earnings Conference Call",
    "link": "https://investor.jazzpharma.com/events/event-details/q3--jazz-pharmaceuticals-earnings-conference-call",
    "timestamp": "unknown"
  },
  {
    "title": "Click here for webcast3Q25 Earnings Presentation. MB",
    "link": "https://edge.media-server.com/mmc/p/g2ayog5f",
    "timestamp": "unknown"
  },
  {
    "title": "Click here for webcast",
    "link": "https://edge.media-server.com/mmc/p/g2ayog5f",
    "timestamp": "unknown"
  },
  {
    "title": "Click here for webcast",
    "link": "https://edge.media-server.com/mmc/p/g2ayog5f",
    "timestamp": "unknown"
  },
  {
    "title": "Click here for webcast",
    "link": "https://edge.media-server.com/mmc/p/g2ayog5f",
    "timestamp": "unknown"
  },
  {
    "title": "3Q25 Earnings Presentation. MB",
    "link": "https://investor.jazzpharma.com/static-files/f42faaaf--4cbc-b039-2bce6378cbb2",
    "timestamp": "unknown"
  },
  {
    "title": "3Q25 Earnings Presentation. MB",
    "link": "https://investor.jazzpharma.com/static-files/f42faaaf--4cbc-b039-2bce6378cbb2",
    "timestamp": "unknown"
  },
  {
    "title": "3Q25 Earnings Presentation. MB",
    "link": "https://investor.jazzpharma.com/static-files/f42faaaf--4cbc-b039-2bce6378cbb2",
    "timestamp": "unknown"
  },
  {
    "title": "3Q25 Earnings Presentation. MB",
    "link": "https://investor.jazzpharma.com/static-files/f42faaaf--4cbc-b039-2bce6378cbb2",
    "timestamp": "unknown"
  },
  {
    "title": "3Q25 Earnings Presentation. MB",
    "link": "https://investor.jazzpharma.com/static-files/f42faaaf--4cbc-b039-2bce6378cbb2",
    "timestamp": "unknown"
  },
  {
    "title": "3Q25 Earnings Presentation. MB",
    "link": "https://investor.jazzpharma.com/static-files/f42faaaf--4cbc-b039-2bce6378cbb2",
    "timestamp": "unknown"
  },
  {
    "title": "3Q25 Earnings Presentation. MB",
    "link": "https://investor.jazzpharma.com/static-files/f42faaaf--4cbc-b039-2bce6378cbb2",
    "timestamp": "unknown"
  },
  {
    "title": "3Q25 Earnings Presentation. MB",
    "link": "https://investor.jazzpharma.com/static-files/f42faaaf--4cbc-b039-2bce6378cbb2",
    "timestamp": "unknown"
  },
  {
    "title": "3Q25 Earnings Presentation. MB",
    "link": "https://investor.jazzpharma.com/static-files/f42faaaf--4cbc-b039-2bce6378cbb2",
    "timestamp": "unknown"
  },
  {
    "title": "3Q25 Earnings Presentation. MB",
    "link": "https://investor.jazzpharma.com/static-files/f42faaaf--4cbc-b039-2bce6378cbb2",
    "timestamp": "unknown"
  },
  {
    "title": "Modeyso Investor WebcastAugust ,at  EDTClick here for webcastModeyso (dordaviprone) Investor Webcast Presentation. MB",
    "link": "https://investor.jazzpharma.com/events/event-details/modeyso-investor-webcast",
    "timestamp": "unknown"
  },
  {
    "title": "Modeyso Investor WebcastAugust ,at  EDT",
    "link": "https://investor.jazzpharma.com/events/event-details/modeyso-investor-webcast",
    "timestamp": "unknown"
  },
  {
    "title": "Modeyso Investor Webcast",
    "link": "https://investor.jazzpharma.com/events/event-details/modeyso-investor-webcast",
    "timestamp": "unknown"
  },
  {
    "title": "Modeyso Investor Webcast",
    "link": "https://investor.jazzpharma.com/events/event-details/modeyso-investor-webcast",
    "timestamp": "unknown"
  },
  {
    "title": "Modeyso Investor Webcast",
    "link": "https://investor.jazzpharma.com/events/event-details/modeyso-investor-webcast",
    "timestamp": "unknown"
  },
  {
    "title": "Click here for webcastModeyso (dordaviprone) Investor Webcast Presentation. MB",
    "link": "https://edge.media-server.com/mmc/p/c8ah98fw",
    "timestamp": "unknown"
  },
  {
    "title": "Click here for webcast",
    "link": "https://edge.media-server.com/mmc/p/c8ah98fw",
    "timestamp": "unknown"
  },
  {
    "title": "Click here for webcast",
    "link": "https://edge.media-server.com/mmc/p/c8ah98fw",
    "timestamp": "unknown"
  },
  {
    "title": "Click here for webcast",
    "link": "https://edge.media-server.com/mmc/p/c8ah98fw",
    "timestamp": "unknown"
  },
  {
    "title": "Modeyso (dordaviprone) Investor Webcast Presentation. MB",
    "link": "https://investor.jazzpharma.com/static-files/34af4217-ec34-4eb0-8acd-3723c1b32bc1",
    "timestamp": "unknown"
  },
  {
    "title": "Modeyso (dordaviprone) Investor Webcast Presentation. MB",
    "link": "https://investor.jazzpharma.com/static-files/34af4217-ec34-4eb0-8acd-3723c1b32bc1",
    "timestamp": "unknown"
  },
  {
    "title": "Modeyso (dordaviprone) Investor Webcast Presentation. MB",
    "link": "https://investor.jazzpharma.com/static-files/34af4217-ec34-4eb0-8acd-3723c1b32bc1",
    "timestamp": "unknown"
  },
  {
    "title": "Modeyso (dordaviprone) Investor Webcast Presentation. MB",
    "link": "https://investor.jazzpharma.com/static-files/34af4217-ec34-4eb0-8acd-3723c1b32bc1",
    "timestamp": "unknown"
  },
  {
    "title": "Modeyso (dordaviprone) Investor Webcast Presentation. MB",
    "link": "https://investor.jazzpharma.com/static-files/34af4217-ec34-4eb0-8acd-3723c1b32bc1",
    "timestamp": "unknown"
  },
  {
    "title": "Modeyso (dordaviprone) Investor Webcast Presentation. MB",
    "link": "https://investor.jazzpharma.com/static-files/34af4217-ec34-4eb0-8acd-3723c1b32bc1",
    "timestamp": "unknown"
  },
  {
    "title": "Modeyso (dordaviprone) Investor Webcast Presentation. MB",
    "link": "https://investor.jazzpharma.com/static-files/34af4217-ec34-4eb0-8acd-3723c1b32bc1",
    "timestamp": "unknown"
  },
  {
    "title": "Modeyso (dordaviprone) Investor Webcast Presentation. MB",
    "link": "https://investor.jazzpharma.com/static-files/34af4217-ec34-4eb0-8acd-3723c1b32bc1",
    "timestamp": "unknown"
  },
  {
    "title": "Modeyso (dordaviprone) Investor Webcast Presentation. MB",
    "link": "https://investor.jazzpharma.com/static-files/34af4217-ec34-4eb0-8acd-3723c1b32bc1",
    "timestamp": "unknown"
  },
  {
    "title": "Modeyso (dordaviprone) Investor Webcast Presentation. MB",
    "link": "https://investor.jazzpharma.com/static-files/34af4217-ec34-4eb0-8acd-3723c1b32bc1",
    "timestamp": "unknown"
  },
  {
    "title": "Zepzelca ASCO Data WebcastJune ,at  EDTClick here for webcastZepzelca ASCO Data Presentation. MB",
    "link": "https://investor.jazzpharma.com/events/event-details/zepzelca-asco-data-webcast",
    "timestamp": "unknown"
  },
  {
    "title": "Zepzelca ASCO Data WebcastJune ,at  EDT",
    "link": "https://investor.jazzpharma.com/events/event-details/zepzelca-asco-data-webcast",
    "timestamp": "unknown"
  },
  {
    "title": "Zepzelca ASCO Data Webcast",
    "link": "https://investor.jazzpharma.com/events/event-details/zepzelca-asco-data-webcast",
    "timestamp": "unknown"
  },
  {
    "title": "Zepzelca ASCO Data Webcast",
    "link": "https://investor.jazzpharma.com/events/event-details/zepzelca-asco-data-webcast",
    "timestamp": "unknown"
  },
  {
    "title": "Zepzelca ASCO Data Webcast",
    "link": "https://investor.jazzpharma.com/events/event-details/zepzelca-asco-data-webcast",
    "timestamp": "unknown"
  },
  {
    "title": "Click here for webcastZepzelca ASCO Data Presentation. MB",
    "link": "https://edge.media-server.com/mmc/p/je5m54qv/",
    "timestamp": "unknown"
  },
  {
    "title": "Click here for webcast",
    "link": "https://edge.media-server.com/mmc/p/je5m54qv/",
    "timestamp": "unknown"
  },
  {
    "title": "Click here for webcast",
    "link": "https://edge.media-server.com/mmc/p/je5m54qv/",
    "timestamp": "unknown"
  },
  {
    "title": "Click here for webcast",
    "link": "https://edge.media-server.com/mmc/p/je5m54qv/",
    "timestamp": "unknown"
  },
  {
    "title": "Zepzelca ASCO Data Presentation. MB",
    "link": "https://investor.jazzpharma.com/static-files/a21b11f0-87ef-4c9a-891e-1ba82332a81b",
    "timestamp": "unknown"
  },
  {
    "title": "Zepzelca ASCO Data Presentation. MB",
    "link": "https://investor.jazzpharma.com/static-files/a21b11f0-87ef-4c9a-891e-1ba82332a81b",
    "timestamp": "unknown"
  },
  {
    "title": "Zepzelca ASCO Data Presentation. MB",
    "link": "https://investor.jazzpharma.com/static-files/a21b11f0-87ef-4c9a-891e-1ba82332a81b",
    "timestamp": "unknown"
  },
  {
    "title": "Zepzelca ASCO Data Presentation. MB",
    "link": "https://investor.jazzpharma.com/static-files/a21b11f0-87ef-4c9a-891e-1ba82332a81b",
    "timestamp": "unknown"
  },
  {
    "title": "Zepzelca ASCO Data Presentation. MB",
    "link": "https://investor.jazzpharma.com/static-files/a21b11f0-87ef-4c9a-891e-1ba82332a81b",
    "timestamp": "unknown"
  },
  {
    "title": "Zepzelca ASCO Data Presentation. MB",
    "link": "https://investor.jazzpharma.com/static-files/a21b11f0-87ef-4c9a-891e-1ba82332a81b",
    "timestamp": "unknown"
  },
  {
    "title": "Zepzelca ASCO Data Presentation. MB",
    "link": "https://investor.jazzpharma.com/static-files/a21b11f0-87ef-4c9a-891e-1ba82332a81b",
    "timestamp": "unknown"
  },
  {
    "title": "Zepzelca ASCO Data Presentation. MB",
    "link": "https://investor.jazzpharma.com/static-files/a21b11f0-87ef-4c9a-891e-1ba82332a81b",
    "timestamp": "unknown"
  },
  {
    "title": "Zepzelca ASCO Data Presentation. MB",
    "link": "https://investor.jazzpharma.com/static-files/a21b11f0-87ef-4c9a-891e-1ba82332a81b",
    "timestamp": "unknown"
  },
  {
    "title": "Zepzelca ASCO Data Presentation. MB",
    "link": "https://investor.jazzpharma.com/static-files/a21b11f0-87ef-4c9a-891e-1ba82332a81b",
    "timestamp": "unknown"
  },
  {
    "title": "Ziihera Investor WebcastDecember ,at  ESTClick here for webcastZiihera Investor Presentation. MB",
    "link": "https://investor.jazzpharma.com/events/event-details/ziihera-investor-webcast",
    "timestamp": "unknown"
  },
  {
    "title": "Ziihera Investor WebcastDecember ,at  EST",
    "link": "https://investor.jazzpharma.com/events/event-details/ziihera-investor-webcast",
    "timestamp": "unknown"
  },
  {
    "title": "Ziihera Investor Webcast",
    "link": "https://investor.jazzpharma.com/events/event-details/ziihera-investor-webcast",
    "timestamp": "unknown"
  },
  {
    "title": "Ziihera Investor Webcast",
    "link": "https://investor.jazzpharma.com/events/event-details/ziihera-investor-webcast",
    "timestamp": "unknown"
  },
  {
    "title": "Ziihera Investor Webcast",
    "link": "https://investor.jazzpharma.com/events/event-details/ziihera-investor-webcast",
    "timestamp": "unknown"
  },
  {
    "title": "Click here for webcastZiihera Investor Presentation. MB",
    "link": "https://events.q4inc.com/attendee/",
    "timestamp": "unknown"
  },
  {
    "title": "Click here for webcast",
    "link": "https://events.q4inc.com/attendee/",
    "timestamp": "unknown"
  },
  {
    "title": "Click here for webcast",
    "link": "https://events.q4inc.com/attendee/",
    "timestamp": "unknown"
  },
  {
    "title": "Click here for webcast",
    "link": "https://events.q4inc.com/attendee/",
    "timestamp": "unknown"
  },
  {
    "title": "Ziihera Investor Presentation. MB",
    "link": "https://investor.jazzpharma.com/static-files/d8821c1b-71db-47d1-b7f6-499944c612ba",
    "timestamp": "unknown"
  },
  {
    "title": "Ziihera Investor Presentation. MB",
    "link": "https://investor.jazzpharma.com/static-files/d8821c1b-71db-47d1-b7f6-499944c612ba",
    "timestamp": "unknown"
  },
  {
    "title": "Ziihera Investor Presentation. MB",
    "link": "https://investor.jazzpharma.com/static-files/d8821c1b-71db-47d1-b7f6-499944c612ba",
    "timestamp": "unknown"
  },
  {
    "title": "Ziihera Investor Presentation. MB",
    "link": "https://investor.jazzpharma.com/static-files/d8821c1b-71db-47d1-b7f6-499944c612ba",
    "timestamp": "unknown"
  },
  {
    "title": "Ziihera Investor Presentation. MB",
    "link": "https://investor.jazzpharma.com/static-files/d8821c1b-71db-47d1-b7f6-499944c612ba",
    "timestamp": "unknown"
  },
  {
    "title": "Ziihera Investor Presentation. MB",
    "link": "https://investor.jazzpharma.com/static-files/d8821c1b-71db-47d1-b7f6-499944c612ba",
    "timestamp": "unknown"
  },
  {
    "title": "Ziihera Investor Presentation. MB",
    "link": "https://investor.jazzpharma.com/static-files/d8821c1b-71db-47d1-b7f6-499944c612ba",
    "timestamp": "unknown"
  },
  {
    "title": "Ziihera Investor Presentation. MB",
    "link": "https://investor.jazzpharma.com/static-files/d8821c1b-71db-47d1-b7f6-499944c612ba",
    "timestamp": "unknown"
  },
  {
    "title": "Ziihera Investor Presentation. MB",
    "link": "https://investor.jazzpharma.com/static-files/d8821c1b-71db-47d1-b7f6-499944c612ba",
    "timestamp": "unknown"
  },
  {
    "title": "Ziihera Investor Presentation. MB",
    "link": "https://investor.jazzpharma.com/static-files/d8821c1b-71db-47d1-b7f6-499944c612ba",
    "timestamp": "unknown"
  },
  {
    "title": "Zanidatamab Virtual R&D DayMarch ,from  to  EDTClick here for webcast",
    "link": "https://investor.jazzpharma.com/events/event-details/zanidatamab-virtual-rd-day",
    "timestamp": "unknown"
  },
  {
    "title": "Zanidatamab Virtual R&D DayMarch ,from  to  EDTClick here for webcast",
    "link": "https://investor.jazzpharma.com/events/event-details/zanidatamab-virtual-rd-day",
    "timestamp": "unknown"
  },
  {
    "title": "Zanidatamab Virtual R&D DayMarch ,from  to  EDTClick here for webcast",
    "link": "https://investor.jazzpharma.com/events/event-details/zanidatamab-virtual-rd-day",
    "timestamp": "unknown"
  },
  {
    "title": "Zanidatamab Virtual R&D DayMarch ,from  to  EDTClick here for webcast",
    "link": "https://investor.jazzpharma.com/events/event-details/zanidatamab-virtual-rd-day",
    "timestamp": "unknown"
  },
  {
    "title": "Zanidatamab Virtual R&D DayMarch ,from  to  EDTClick here for webcast",
    "link": "https://investor.jazzpharma.com/events/event-details/zanidatamab-virtual-rd-day",
    "timestamp": "unknown"
  },
  {
    "title": "Zanidatamab Virtual R&D DayMarch ,from  to  EDT",
    "link": "https://investor.jazzpharma.com/events/event-details/zanidatamab-virtual-rd-day",
    "timestamp": "unknown"
  },
  {
    "title": "Zanidatamab Virtual R&D Day",
    "link": "https://investor.jazzpharma.com/events/event-details/zanidatamab-virtual-rd-day",
    "timestamp": "unknown"
  },
  {
    "title": "Zanidatamab Virtual R&D Day",
    "link": "https://investor.jazzpharma.com/events/event-details/zanidatamab-virtual-rd-day",
    "timestamp": "unknown"
  },
  {
    "title": "Zanidatamab Virtual R&D Day",
    "link": "https://investor.jazzpharma.com/events/event-details/zanidatamab-virtual-rd-day",
    "timestamp": "unknown"
  },
  {
    "title": "Click here for webcast",
    "link": "https://app.webinar.net/mGoENKeaX04",
    "timestamp": "unknown"
  },
  {
    "title": "Click here for webcast",
    "link": "https://app.webinar.net/mGoENKeaX04",
    "timestamp": "unknown"
  },
  {
    "title": "Click here for webcast",
    "link": "https://app.webinar.net/mGoENKeaX04",
    "timestamp": "unknown"
  },
  {
    "title": "Click here for webcast",
    "link": "https://app.webinar.net/mGoENKeaX04",
    "timestamp": "unknown"
  },
  {
    "title": "PresentationsNovember ,3Q25 Earnings Presentation. MBSeptember ,Corporate OverviewMBAugust ,2Q25 Earnings Presentation. MBJune ,Zepzelca ASCO Data Pre",
    "link": "https://investor.jazzpharma.com/static-files/f42faaaf--4cbc-b039-2bce6378cbb2",
    "timestamp": "unknown"
  },
  {
    "title": "PresentationsNovember ,3Q25 Earnings Presentation. MBSeptember ,Corporate OverviewMBAugust ,2Q25 Earnings Presentation. MBJune ,Zepzelca ASCO Data Pre",
    "link": "https://investor.jazzpharma.com/static-files/f42faaaf--4cbc-b039-2bce6378cbb2",
    "timestamp": "unknown"
  },
  {
    "title": "November ,3Q25 Earnings Presentation. MBSeptember ,Corporate OverviewMBAugust ,2Q25 Earnings Presentation. MBJune ,Zepzelca ASCO Data Presentation. MB",
    "link": "https://investor.jazzpharma.com/static-files/f42faaaf--4cbc-b039-2bce6378cbb2",
    "timestamp": "unknown"
  },
  {
    "title": "November ,3Q25 Earnings Presentation. MBSeptember ,Corporate OverviewMBAugust ,2Q25 Earnings Presentation. MBJune ,Zepzelca ASCO Data Presentation. MB",
    "link": "https://investor.jazzpharma.com/static-files/f42faaaf--4cbc-b039-2bce6378cbb2",
    "timestamp": "unknown"
  },
  {
    "title": "November ,3Q25 Earnings Presentation. MB",
    "link": "https://investor.jazzpharma.com/static-files/f42faaaf--4cbc-b039-2bce6378cbb2",
    "timestamp": "unknown"
  },
  {
    "title": "3Q25 Earnings Presentation. MB",
    "link": "https://investor.jazzpharma.com/static-files/f42faaaf--4cbc-b039-2bce6378cbb2",
    "timestamp": "unknown"
  },
  {
    "title": "3Q25 Earnings Presentation. MB",
    "link": "https://investor.jazzpharma.com/static-files/f42faaaf--4cbc-b039-2bce6378cbb2",
    "timestamp": "unknown"
  },
  {
    "title": "3Q25 Earnings Presentation. MB",
    "link": "https://investor.jazzpharma.com/static-files/f42faaaf--4cbc-b039-2bce6378cbb2",
    "timestamp": "unknown"
  },
  {
    "title": "3Q25 Earnings Presentation. MB",
    "link": "https://investor.jazzpharma.com/static-files/f42faaaf--4cbc-b039-2bce6378cbb2",
    "timestamp": "unknown"
  },
  {
    "title": "3Q25 Earnings Presentation. MB",
    "link": "https://investor.jazzpharma.com/static-files/f42faaaf--4cbc-b039-2bce6378cbb2",
    "timestamp": "unknown"
  },
  {
    "title": "3Q25 Earnings Presentation. MB",
    "link": "https://investor.jazzpharma.com/static-files/f42faaaf--4cbc-b039-2bce6378cbb2",
    "timestamp": "unknown"
  },
  {
    "title": "3Q25 Earnings Presentation. MB",
    "link": "https://investor.jazzpharma.com/static-files/f42faaaf--4cbc-b039-2bce6378cbb2",
    "timestamp": "unknown"
  },
  {
    "title": "3Q25 Earnings Presentation. MB",
    "link": "https://investor.jazzpharma.com/static-files/f42faaaf--4cbc-b039-2bce6378cbb2",
    "timestamp": "unknown"
  },
  {
    "title": "3Q25 Earnings Presentation. MB",
    "link": "https://investor.jazzpharma.com/static-files/f42faaaf--4cbc-b039-2bce6378cbb2",
    "timestamp": "unknown"
  },
  {
    "title": "September ,Corporate OverviewMB",
    "link": "https://investor.jazzpharma.com/static-files/-fa83--89e9-9aff54a8ddc6",
    "timestamp": "unknown"
  },
  {
    "title": "Corporate OverviewMB",
    "link": "https://investor.jazzpharma.com/static-files/-fa83--89e9-9aff54a8ddc6",
    "timestamp": "unknown"
  },
  {
    "title": "Corporate OverviewMB",
    "link": "https://investor.jazzpharma.com/static-files/-fa83--89e9-9aff54a8ddc6",
    "timestamp": "unknown"
  },
  {
    "title": "Corporate OverviewMB",
    "link": "https://investor.jazzpharma.com/static-files/-fa83--89e9-9aff54a8ddc6",
    "timestamp": "unknown"
  },
  {
    "title": "Corporate OverviewMB",
    "link": "https://investor.jazzpharma.com/static-files/-fa83--89e9-9aff54a8ddc6",
    "timestamp": "unknown"
  },
  {
    "title": "Corporate OverviewMB",
    "link": "https://investor.jazzpharma.com/static-files/-fa83--89e9-9aff54a8ddc6",
    "timestamp": "unknown"
  },
  {
    "title": "Corporate OverviewMB",
    "link": "https://investor.jazzpharma.com/static-files/-fa83--89e9-9aff54a8ddc6",
    "timestamp": "unknown"
  },
  {
    "title": "Corporate OverviewMB",
    "link": "https://investor.jazzpharma.com/static-files/-fa83--89e9-9aff54a8ddc6",
    "timestamp": "unknown"
  },
  {
    "title": "Corporate OverviewMB",
    "link": "https://investor.jazzpharma.com/static-files/-fa83--89e9-9aff54a8ddc6",
    "timestamp": "unknown"
  },
  {
    "title": "Corporate OverviewMB",
    "link": "https://investor.jazzpharma.com/static-files/-fa83--89e9-9aff54a8ddc6",
    "timestamp": "unknown"
  },
  {
    "title": "August ,2Q25 Earnings Presentation. MB",
    "link": "https://investor.jazzpharma.com/static-files/-d5f1--a91e-7ec5aec0b5dd",
    "timestamp": "unknown"
  },
  {
    "title": "2Q25 Earnings Presentation. MB",
    "link": "https://investor.jazzpharma.com/static-files/-d5f1--a91e-7ec5aec0b5dd",
    "timestamp": "unknown"
  },
  {
    "title": "2Q25 Earnings Presentation. MB",
    "link": "https://investor.jazzpharma.com/static-files/-d5f1--a91e-7ec5aec0b5dd",
    "timestamp": "unknown"
  },
  {
    "title": "2Q25 Earnings Presentation. MB",
    "link": "https://investor.jazzpharma.com/static-files/-d5f1--a91e-7ec5aec0b5dd",
    "timestamp": "unknown"
  },
  {
    "title": "2Q25 Earnings Presentation. MB",
    "link": "https://investor.jazzpharma.com/static-files/-d5f1--a91e-7ec5aec0b5dd",
    "timestamp": "unknown"
  },
  {
    "title": "2Q25 Earnings Presentation. MB",
    "link": "https://investor.jazzpharma.com/static-files/-d5f1--a91e-7ec5aec0b5dd",
    "timestamp": "unknown"
  },
  {
    "title": "2Q25 Earnings Presentation. MB",
    "link": "https://investor.jazzpharma.com/static-files/-d5f1--a91e-7ec5aec0b5dd",
    "timestamp": "unknown"
  },
  {
    "title": "2Q25 Earnings Presentation. MB",
    "link": "https://investor.jazzpharma.com/static-files/-d5f1--a91e-7ec5aec0b5dd",
    "timestamp": "unknown"
  },
  {
    "title": "2Q25 Earnings Presentation. MB",
    "link": "https://investor.jazzpharma.com/static-files/-d5f1--a91e-7ec5aec0b5dd",
    "timestamp": "unknown"
  },
  {
    "title": "2Q25 Earnings Presentation. MB",
    "link": "https://investor.jazzpharma.com/static-files/-d5f1--a91e-7ec5aec0b5dd",
    "timestamp": "unknown"
  },
  {
    "title": "June ,Zepzelca ASCO Data Presentation. MB",
    "link": "https://investor.jazzpharma.com/static-files/a21b11f0-87ef-4c9a-891e-1ba82332a81b",
    "timestamp": "unknown"
  },
  {
    "title": "Zepzelca ASCO Data Presentation. MB",
    "link": "https://investor.jazzpharma.com/static-files/a21b11f0-87ef-4c9a-891e-1ba82332a81b",
    "timestamp": "unknown"
  },
  {
    "title": "Zepzelca ASCO Data Presentation. MB",
    "link": "https://investor.jazzpharma.com/static-files/a21b11f0-87ef-4c9a-891e-1ba82332a81b",
    "timestamp": "unknown"
  },
  {
    "title": "Zepzelca ASCO Data Presentation. MB",
    "link": "https://investor.jazzpharma.com/static-files/a21b11f0-87ef-4c9a-891e-1ba82332a81b",
    "timestamp": "unknown"
  },
  {
    "title": "Zepzelca ASCO Data Presentation. MB",
    "link": "https://investor.jazzpharma.com/static-files/a21b11f0-87ef-4c9a-891e-1ba82332a81b",
    "timestamp": "unknown"
  },
  {
    "title": "Zepzelca ASCO Data Presentation. MB",
    "link": "https://investor.jazzpharma.com/static-files/a21b11f0-87ef-4c9a-891e-1ba82332a81b",
    "timestamp": "unknown"
  },
  {
    "title": "Zepzelca ASCO Data Presentation. MB",
    "link": "https://investor.jazzpharma.com/static-files/a21b11f0-87ef-4c9a-891e-1ba82332a81b",
    "timestamp": "unknown"
  },
  {
    "title": "Zepzelca ASCO Data Presentation. MB",
    "link": "https://investor.jazzpharma.com/static-files/a21b11f0-87ef-4c9a-891e-1ba82332a81b",
    "timestamp": "unknown"
  },
  {
    "title": "Zepzelca ASCO Data Presentation. MB",
    "link": "https://investor.jazzpharma.com/static-files/a21b11f0-87ef-4c9a-891e-1ba82332a81b",
    "timestamp": "unknown"
  },
  {
    "title": "Zepzelca ASCO Data Presentation. MB",
    "link": "https://investor.jazzpharma.com/static-files/a21b11f0-87ef-4c9a-891e-1ba82332a81b",
    "timestamp": "unknown"
  },
  {
    "title": "March ,Jazz / Chimerix Infographic. KB",
    "link": "https://investor.jazzpharma.com/static-files/f14d7621-2c3a-45b4-b98a-e758c864f954",
    "timestamp": "unknown"
  },
  {
    "title": "Jazz / Chimerix Infographic. KB",
    "link": "https://investor.jazzpharma.com/static-files/f14d7621-2c3a-45b4-b98a-e758c864f954",
    "timestamp": "unknown"
  },
  {
    "title": "Jazz / Chimerix Infographic. KB",
    "link": "https://investor.jazzpharma.com/static-files/f14d7621-2c3a-45b4-b98a-e758c864f954",
    "timestamp": "unknown"
  },
  {
    "title": "Jazz / Chimerix Infographic. KB",
    "link": "https://investor.jazzpharma.com/static-files/f14d7621-2c3a-45b4-b98a-e758c864f954",
    "timestamp": "unknown"
  },
  {
    "title": "Jazz / Chimerix Infographic. KB",
    "link": "https://investor.jazzpharma.com/static-files/f14d7621-2c3a-45b4-b98a-e758c864f954",
    "timestamp": "unknown"
  },
  {
    "title": "Jazz / Chimerix Infographic. KB",
    "link": "https://investor.jazzpharma.com/static-files/f14d7621-2c3a-45b4-b98a-e758c864f954",
    "timestamp": "unknown"
  },
  {
    "title": "Jazz / Chimerix Infographic. KB",
    "link": "https://investor.jazzpharma.com/static-files/f14d7621-2c3a-45b4-b98a-e758c864f954",
    "timestamp": "unknown"
  },
  {
    "title": "Jazz / Chimerix Infographic. KB",
    "link": "https://investor.jazzpharma.com/static-files/f14d7621-2c3a-45b4-b98a-e758c864f954",
    "timestamp": "unknown"
  },
  {
    "title": "Jazz / Chimerix Infographic. KB",
    "link": "https://investor.jazzpharma.com/static-files/f14d7621-2c3a-45b4-b98a-e758c864f954",
    "timestamp": "unknown"
  },
  {
    "title": "Jazz / Chimerix Infographic. KB",
    "link": "https://investor.jazzpharma.com/static-files/f14d7621-2c3a-45b4-b98a-e758c864f954",
    "timestamp": "unknown"
  },
  {
    "title": "January ,43rd Annual J.P. Morgan Healthcare Conference PresentationMB",
    "link": "https://investor.jazzpharma.com/static-files/790edffa-fee7-4c0c-a2dd-39cd436f50e1",
    "timestamp": "unknown"
  },
  {
    "title": "43rd Annual J.P. Morgan Healthcare Conference PresentationMB",
    "link": "https://investor.jazzpharma.com/static-files/790edffa-fee7-4c0c-a2dd-39cd436f50e1",
    "timestamp": "unknown"
  },
  {
    "title": "43rd Annual J.P. Morgan Healthcare Conference PresentationMB",
    "link": "https://investor.jazzpharma.com/static-files/790edffa-fee7-4c0c-a2dd-39cd436f50e1",
    "timestamp": "unknown"
  },
  {
    "title": "43rd Annual J.P. Morgan Healthcare Conference PresentationMB",
    "link": "https://investor.jazzpharma.com/static-files/790edffa-fee7-4c0c-a2dd-39cd436f50e1",
    "timestamp": "unknown"
  },
  {
    "title": "43rd Annual J.P. Morgan Healthcare Conference PresentationMB",
    "link": "https://investor.jazzpharma.com/static-files/790edffa-fee7-4c0c-a2dd-39cd436f50e1",
    "timestamp": "unknown"
  },
  {
    "title": "43rd Annual J.P. Morgan Healthcare Conference PresentationMB",
    "link": "https://investor.jazzpharma.com/static-files/790edffa-fee7-4c0c-a2dd-39cd436f50e1",
    "timestamp": "unknown"
  },
  {
    "title": "43rd Annual J.P. Morgan Healthcare Conference PresentationMB",
    "link": "https://investor.jazzpharma.com/static-files/790edffa-fee7-4c0c-a2dd-39cd436f50e1",
    "timestamp": "unknown"
  },
  {
    "title": "43rd Annual J.P. Morgan Healthcare Conference PresentationMB",
    "link": "https://investor.jazzpharma.com/static-files/790edffa-fee7-4c0c-a2dd-39cd436f50e1",
    "timestamp": "unknown"
  },
  {
    "title": "43rd Annual J.P. Morgan Healthcare Conference PresentationMB",
    "link": "https://investor.jazzpharma.com/static-files/790edffa-fee7-4c0c-a2dd-39cd436f50e1",
    "timestamp": "unknown"
  },
  {
    "title": "43rd Annual J.P. Morgan Healthcare Conference PresentationMB",
    "link": "https://investor.jazzpharma.com/static-files/790edffa-fee7-4c0c-a2dd-39cd436f50e1",
    "timestamp": "unknown"
  },
  {
    "title": "December ,Ziihera Investor Presentation. MB",
    "link": "https://investor.jazzpharma.com/static-files/d8821c1b-71db-47d1-b7f6-499944c612ba",
    "timestamp": "unknown"
  },
  {
    "title": "Ziihera Investor Presentation. MB",
    "link": "https://investor.jazzpharma.com/static-files/d8821c1b-71db-47d1-b7f6-499944c612ba",
    "timestamp": "unknown"
  },
  {
    "title": "Ziihera Investor Presentation. MB",
    "link": "https://investor.jazzpharma.com/static-files/d8821c1b-71db-47d1-b7f6-499944c612ba",
    "timestamp": "unknown"
  },
  {
    "title": "Ziihera Investor Presentation. MB",
    "link": "https://investor.jazzpharma.com/static-files/d8821c1b-71db-47d1-b7f6-499944c612ba",
    "timestamp": "unknown"
  },
  {
    "title": "Ziihera Investor Presentation. MB",
    "link": "https://investor.jazzpharma.com/static-files/d8821c1b-71db-47d1-b7f6-499944c612ba",
    "timestamp": "unknown"
  },
  {
    "title": "Ziihera Investor Presentation. MB",
    "link": "https://investor.jazzpharma.com/static-files/d8821c1b-71db-47d1-b7f6-499944c612ba",
    "timestamp": "unknown"
  },
  {
    "title": "Ziihera Investor Presentation. MB",
    "link": "https://investor.jazzpharma.com/static-files/d8821c1b-71db-47d1-b7f6-499944c612ba",
    "timestamp": "unknown"
  },
  {
    "title": "Ziihera Investor Presentation. MB",
    "link": "https://investor.jazzpharma.com/static-files/d8821c1b-71db-47d1-b7f6-499944c612ba",
    "timestamp": "unknown"
  },
  {
    "title": "Ziihera Investor Presentation. MB",
    "link": "https://investor.jazzpharma.com/static-files/d8821c1b-71db-47d1-b7f6-499944c612ba",
    "timestamp": "unknown"
  },
  {
    "title": "Ziihera Investor Presentation. MB",
    "link": "https://investor.jazzpharma.com/static-files/d8821c1b-71db-47d1-b7f6-499944c612ba",
    "timestamp": "unknown"
  },
  {
    "title": "About NavAboutLeadershipBoard of DirectorsGlobal FootprintCanadaFrance and BelgiumGermany and AustriaUnited Kingdom and IrelandItalySpain and Portugal",
    "link": "https://www.jazzpharma.com/about/",
    "timestamp": "unknown"
  },
  {
    "title": "About NavAboutLeadershipBoard of DirectorsGlobal FootprintCanadaFrance and BelgiumGermany and AustriaUnited Kingdom and IrelandItalySpain and Portugal",
    "link": "https://www.jazzpharma.com/about/",
    "timestamp": "unknown"
  },
  {
    "title": "AboutLeadershipBoard of DirectorsGlobal FootprintCanadaFrance and BelgiumGermany and AustriaUnited Kingdom and IrelandItalySpain and PortugalUnited St",
    "link": "https://www.jazzpharma.com/about/",
    "timestamp": "unknown"
  },
  {
    "title": "Leadership",
    "link": "http://www.jazzpharma.com/about/leadership/",
    "timestamp": "unknown"
  },
  {
    "title": "Board of Directors",
    "link": "http://www.jazzpharma.com/about/board-of-directors/",
    "timestamp": "unknown"
  },
  {
    "title": "Global FootprintCanadaFrance and BelgiumGermany and AustriaUnited Kingdom and IrelandItalySpain and PortugalUnited StatesOther Countries",
    "link": "http://www.jazzpharma.com/about/global-footprint/",
    "timestamp": "unknown"
  },
  {
    "title": "Canada",
    "link": "http://www.jazzpharma.com/about/global-footprint/canada/",
    "timestamp": "unknown"
  },
  {
    "title": "France and Belgium",
    "link": "http://www.jazzpharma.com/about/global-footprint/france-and-belgium/",
    "timestamp": "unknown"
  },
  {
    "title": "Germany and Austria",
    "link": "http://www.jazzpharma.com/about/global-footprint/germany-and-austria/",
    "timestamp": "unknown"
  },
  {
    "title": "United Kingdom and Ireland",
    "link": "http://www.jazzpharma.com/about/global-footprint/uk-and-ireland/",
    "timestamp": "unknown"
  },
  {
    "title": "Italy",
    "link": "http://www.jazzpharma.com/about/global-footprint/italy/",
    "timestamp": "unknown"
  },
  {
    "title": "Spain and Portugal",
    "link": "http://www.jazzpharma.com/about/global-footprint/spain-and-portugal/",
    "timestamp": "unknown"
  },
  {
    "title": "United States",
    "link": "http://www.jazzpharma.com/about/global-footprint/united-states/",
    "timestamp": "unknown"
  },
  {
    "title": "Other Countries",
    "link": "http://www.jazzpharma.com/about/global-footprint/other-countries/",
    "timestamp": "unknown"
  },
  {
    "title": "History",
    "link": "http://www.jazzpharma.com/about/history/",
    "timestamp": "unknown"
  },
  {
    "title": "Corporate Values",
    "link": "https://www.jazzpharma.com/about/corporate-values/",
    "timestamp": "unknown"
  },
  {
    "title": "Corporate Development",
    "link": "https://www.jazzpharma.com/about/corporate-development/",
    "timestamp": "unknown"
  },
  {
    "title": "Partnering",
    "link": "https://www.jazzpharma.com/about/partnering/",
    "timestamp": "unknown"
  },
  {
    "title": "Contact",
    "link": "https://www.jazzpharma.com/contact/",
    "timestamp": "unknown"
  },
  {
    "title": "Pioneering Pathways",
    "link": "https://www.jazzpharma.com/pioneeringpathways/",
    "timestamp": "unknown"
  },
  {
    "title": "MedicinesOur MedicinesDrug SafetyMedical Information USMedical Information Outside of the USManufacturing",
    "link": "http://www.jazzpharma.com/medicines/",
    "timestamp": "unknown"
  },
  {
    "title": "Our Medicines",
    "link": "http://www.jazzpharma.com/medicines/our-medicines/",
    "timestamp": "unknown"
  },
  {
    "title": "Drug Safety",
    "link": "http://www.jazzpharma.com/medicines/drug-safety/",
    "timestamp": "unknown"
  },
  {
    "title": "Medical Information US",
    "link": "http://www.jazzpharma.com/medicines/medical-information/",
    "timestamp": "unknown"
  },
  {
    "title": "Medical Information Outside of the US",
    "link": "https://www.jazzpharma.com/medicines/medical-information-outside-of-the-us/",
    "timestamp": "unknown"
  },
  {
    "title": "Manufacturing",
    "link": "https://www.jazzpharma.com/about/manufacturing/",
    "timestamp": "unknown"
  },
  {
    "title": "SciencePipelineClinical TrialsZanidatamab GEA Clinical TrialNon-Interventional StudiesExpanded AccessIndependent Scientific ResearchClinical Trial Dat",
    "link": "https://www.jazzpharma.com/science/",
    "timestamp": "unknown"
  },
  {
    "title": "Pipeline",
    "link": "https://www.jazzpharma.com/science/pipeline",
    "timestamp": "unknown"
  },
  {
    "title": "Clinical TrialsZanidatamab GEA Clinical Trial",
    "link": "http://www.jazzpharma.com/research/clinical-trials/",
    "timestamp": "unknown"
  },
  {
    "title": "Zanidatamab GEA Clinical Trial",
    "link": "https://www.jazzpharma.com/science/clinical-trials/gea-trial/",
    "timestamp": "unknown"
  },
  {
    "title": "Non-Interventional Studies",
    "link": "https://www.jazzpharma.com/non-interventional-studies/",
    "timestamp": "unknown"
  },
  {
    "title": "Expanded Access",
    "link": "http://www.jazzpharma.com/research/expanded-access/",
    "timestamp": "unknown"
  },
  {
    "title": "Independent Scientific Research",
    "link": "http://www.jazzpharma.com/research/independent-scientific-research/",
    "timestamp": "unknown"
  },
  {
    "title": "Clinical Trial Data Sharing",
    "link": "https://www.jazzpharma.com/science/clinical-trial-data-sharing/",
    "timestamp": "unknown"
  },
  {
    "title": "Plain Language Summary",
    "link": "https://www.jazzpharma.com/science/clinical-trials/plain-language-summary/",
    "timestamp": "unknown"
  },
  {
    "title": "Our PurposePatient SupportCorporate GivingPatient ResourcesCorporate Sustainability and Social ImpactEthical StandardsMedical EducationFellowshipsTran",
    "link": "https://www.jazzpharma.com/our-purpose/",
    "timestamp": "unknown"
  },
  {
    "title": "Patient Support",
    "link": "https://www.jazzpharma.com/our-purpose/patient-support/",
    "timestamp": "unknown"
  },
  {
    "title": "Corporate Giving",
    "link": "https://www.jazzpharma.com/our-purpose/corporate-giving/",
    "timestamp": "unknown"
  },
  {
    "title": "Patient Resources",
    "link": "https://www.jazzpharma.com/our-purpose/patient-resources/",
    "timestamp": "unknown"
  },
  {
    "title": "Corporate Sustainability and Social Impact",
    "link": "https://www.jazzpharma.com/our-purpose/corporate-sustainability-and-social-impact/",
    "timestamp": "unknown"
  },
  {
    "title": "Ethical Standards",
    "link": "https://www.jazzpharma.com/our-purpose/ethical-standards/",
    "timestamp": "unknown"
  },
  {
    "title": "Medical Education",
    "link": "https://www.jazzpharma.com/our-purpose/medical-education/",
    "timestamp": "unknown"
  },
  {
    "title": "Fellowships",
    "link": "https://www.jazzpharma.com/our-purpose/fellowships/",
    "timestamp": "unknown"
  },
  {
    "title": "Transfers of Value in Europe",
    "link": "https://www.jazzpharma.com/our-purpose/transfers-of-value/",
    "timestamp": "unknown"
  },
  {
    "title": "Our StoriesScience StoriesPatient & Caregiver StoriesLeader Perspectives",
    "link": "https://www.jazzpharma.com/our-stories/",
    "timestamp": "unknown"
  },
  {
    "title": "Science Stories",
    "link": "https://www.jazzpharma.com/science-stories/",
    "timestamp": "unknown"
  },
  {
    "title": "Patient & Caregiver Stories",
    "link": "https://www.jazzpharma.com/patient-stories/",
    "timestamp": "unknown"
  },
  {
    "title": "Leader Perspectives",
    "link": "https://www.jazzpharma.com/perspectives/",
    "timestamp": "unknown"
  },
  {
    "title": "NewsPress Release ArchiveEvents ArchiveOur Stories",
    "link": "https://investor.jazzpharma.com/news",
    "timestamp": "unknown"
  },
  {
    "title": "Press Release Archive",
    "link": "https://investor.jazzpharma.com/news/press-release-archive",
    "timestamp": "unknown"
  },
  {
    "title": "Events Archive",
    "link": "https://investor.jazzpharma.com/investors/events-presentations",
    "timestamp": "unknown"
  },
  {
    "title": "Our Stories",
    "link": "https://www.jazzpharma.com/our-stories/",
    "timestamp": "unknown"
  },
  {
    "title": "Careers",
    "link": "http://www.jazzpharma.com/careers/",
    "timestamp": "unknown"
  },
  {
    "title": "InvestorsEvents / PresentationsFinancialsSEC FilingsQuarterly ResultsAnnual ReportsStock InformationResourcesSelect Scientific PublicationsFAQsEmail A",
    "link": "https://investor.jazzpharma.com/investors",
    "timestamp": "unknown"
  },
  {
    "title": "Events / Presentations",
    "link": "https://investor.jazzpharma.com/investors/events-presentations",
    "timestamp": "unknown"
  },
  {
    "title": "FinancialsSEC FilingsQuarterly ResultsAnnual Reports",
    "link": "http://investor.jazzpharma.com/investors/sec-filings",
    "timestamp": "unknown"
  },
  {
    "title": "SEC Filings",
    "link": "https://investor.jazzpharma.com/investors/sec-filings",
    "timestamp": "unknown"
  },
  {
    "title": "Quarterly Results",
    "link": "https://investor.jazzpharma.com/financial-information/quarterly-results",
    "timestamp": "unknown"
  },
  {
    "title": "Annual Reports",
    "link": "https://investor.jazzpharma.com/investors/annual-reports",
    "timestamp": "unknown"
  },
  {
    "title": "Stock Information",
    "link": "https://investor.jazzpharma.com/investors/stock-information",
    "timestamp": "unknown"
  },
  {
    "title": "ResourcesSelect Scientific PublicationsFAQsEmail AlertsInformation RequestAnalyst CoverageOther Information",
    "link": "https://investor.jazzpharma.com/resources/scientific-publications",
    "timestamp": "unknown"
  },
  {
    "title": "Select Scientific Publications",
    "link": "https://investor.jazzpharma.com/resources/scientific-publications",
    "timestamp": "unknown"
  },
  {
    "title": "FAQs",
    "link": "https://investor.jazzpharma.com/investors/faqs",
    "timestamp": "unknown"
  },
  {
    "title": "Email Alerts",
    "link": "https://investor.jazzpharma.com/investors/email-alerts",
    "timestamp": "unknown"
  },
  {
    "title": "Information Request",
    "link": "https://investor.jazzpharma.com/shareholder-services/document-request",
    "timestamp": "unknown"
  },
  {
    "title": "Analyst Coverage",
    "link": "https://investor.jazzpharma.com/investors/analyst-coverage",
    "timestamp": "unknown"
  },
  {
    "title": "Other Information",
    "link": "https://investor.jazzpharma.com/investors/other-information",
    "timestamp": "unknown"
  },
  {
    "title": "Privacy Statement",
    "link": "http://www.jazzpharma.com/privacy-statement/",
    "timestamp": "unknown"
  },
  {
    "title": "Terms of Use",
    "link": "http://www.jazzpharma.com/terms-of-use/",
    "timestamp": "unknown"
  },
  {
    "title": "Social Media Global Guidelines",
    "link": "https://www.jazzpharma.com/social-media-global-guidelines/",
    "timestamp": "unknown"
  },
  {
    "title": "Sitemap",
    "link": "http://www.jazzpharma.com/sitemap/",
    "timestamp": "unknown"
  }
]