[
  {
    "title": "Top Bar NavContact UsSocial IconslinkedintwitterAbout NavAboutLeadershipBoard of DirectorsGlobal FootprintCanadaFrance and BelgiumGermany and AustriaU",
    "link": "http://www.jazzpharma.com/contact/",
    "timestamp": "unknown"
  },
  {
    "title": "Top Bar NavContact UsSocial Iconslinkedintwitter",
    "link": "http://www.jazzpharma.com/contact/",
    "timestamp": "unknown"
  },
  {
    "title": "Social Iconslinkedintwitter",
    "link": "https://www.linkedin.com/company/jazz-pharmaceuticals?trk=company_logo",
    "timestamp": "unknown"
  },
  {
    "title": "AboutLeadershipBoard of DirectorsGlobal FootprintCanadaFrance and BelgiumGermany and AustriaUnited Kingdom and IrelandItalySpain and PortugalUnited St",
    "link": "https://www.jazzpharma.com/about/",
    "timestamp": "unknown"
  },
  {
    "title": "Leadership",
    "link": "http://www.jazzpharma.com/about/leadership/",
    "timestamp": "unknown"
  },
  {
    "title": "Board of Directors",
    "link": "http://www.jazzpharma.com/about/board-of-directors/",
    "timestamp": "unknown"
  },
  {
    "title": "Global FootprintCanadaFrance and BelgiumGermany and AustriaUnited Kingdom and IrelandItalySpain and PortugalUnited StatesOther Countries",
    "link": "http://www.jazzpharma.com/about/global-footprint/",
    "timestamp": "unknown"
  },
  {
    "title": "Canada",
    "link": "http://www.jazzpharma.com/about/global-footprint/canada/",
    "timestamp": "unknown"
  },
  {
    "title": "France and Belgium",
    "link": "http://www.jazzpharma.com/about/global-footprint/france-and-belgium/",
    "timestamp": "unknown"
  },
  {
    "title": "Germany and Austria",
    "link": "http://www.jazzpharma.com/about/global-footprint/germany-and-austria/",
    "timestamp": "unknown"
  },
  {
    "title": "United Kingdom and Ireland",
    "link": "http://www.jazzpharma.com/about/global-footprint/uk-and-ireland/",
    "timestamp": "unknown"
  },
  {
    "title": "Italy",
    "link": "http://www.jazzpharma.com/about/global-footprint/italy/",
    "timestamp": "unknown"
  },
  {
    "title": "Spain and Portugal",
    "link": "http://www.jazzpharma.com/about/global-footprint/spain-and-portugal/",
    "timestamp": "unknown"
  },
  {
    "title": "United States",
    "link": "http://www.jazzpharma.com/about/global-footprint/united-states/",
    "timestamp": "unknown"
  },
  {
    "title": "Other Countries",
    "link": "http://www.jazzpharma.com/about/global-footprint/other-countries/",
    "timestamp": "unknown"
  },
  {
    "title": "History",
    "link": "http://www.jazzpharma.com/about/history/",
    "timestamp": "unknown"
  },
  {
    "title": "Corporate Values",
    "link": "https://www.jazzpharma.com/about/corporate-values/",
    "timestamp": "unknown"
  },
  {
    "title": "Corporate Development",
    "link": "https://www.jazzpharma.com/about/corporate-development/",
    "timestamp": "unknown"
  },
  {
    "title": "Partnering",
    "link": "https://www.jazzpharma.com/about/partnering/",
    "timestamp": "unknown"
  },
  {
    "title": "Contact",
    "link": "https://www.jazzpharma.com/contact/",
    "timestamp": "unknown"
  },
  {
    "title": "Pioneering Pathways",
    "link": "https://www.jazzpharma.com/pioneeringpathways/",
    "timestamp": "unknown"
  },
  {
    "title": "MedicinesOur MedicinesDrug SafetyMedical Information USMedical Information Outside of the USManufacturing",
    "link": "http://www.jazzpharma.com/medicines/",
    "timestamp": "unknown"
  },
  {
    "title": "Our Medicines",
    "link": "http://www.jazzpharma.com/medicines/our-medicines/",
    "timestamp": "unknown"
  },
  {
    "title": "Drug Safety",
    "link": "http://www.jazzpharma.com/medicines/drug-safety/",
    "timestamp": "unknown"
  },
  {
    "title": "Medical Information US",
    "link": "http://www.jazzpharma.com/medicines/medical-information/",
    "timestamp": "unknown"
  },
  {
    "title": "Medical Information Outside of the US",
    "link": "https://www.jazzpharma.com/medicines/medical-information-outside-of-the-us/",
    "timestamp": "unknown"
  },
  {
    "title": "Manufacturing",
    "link": "https://www.jazzpharma.com/about/manufacturing/",
    "timestamp": "unknown"
  },
  {
    "title": "SciencePipelineClinical TrialsZanidatamab GEA Clinical TrialNon-Interventional StudiesExpanded AccessIndependent Scientific ResearchClinical Trial Dat",
    "link": "https://www.jazzpharma.com/science/",
    "timestamp": "unknown"
  },
  {
    "title": "Pipeline",
    "link": "https://www.jazzpharma.com/science/pipeline",
    "timestamp": "unknown"
  },
  {
    "title": "Clinical TrialsZanidatamab GEA Clinical Trial",
    "link": "http://www.jazzpharma.com/research/clinical-trials/",
    "timestamp": "unknown"
  },
  {
    "title": "Zanidatamab GEA Clinical Trial",
    "link": "https://www.jazzpharma.com/science/clinical-trials/gea-trial/",
    "timestamp": "unknown"
  },
  {
    "title": "Non-Interventional Studies",
    "link": "https://www.jazzpharma.com/non-interventional-studies/",
    "timestamp": "unknown"
  },
  {
    "title": "Expanded Access",
    "link": "http://www.jazzpharma.com/research/expanded-access/",
    "timestamp": "unknown"
  },
  {
    "title": "Independent Scientific Research",
    "link": "http://www.jazzpharma.com/research/independent-scientific-research/",
    "timestamp": "unknown"
  },
  {
    "title": "Clinical Trial Data Sharing",
    "link": "https://www.jazzpharma.com/science/clinical-trial-data-sharing/",
    "timestamp": "unknown"
  },
  {
    "title": "Plain Language Summary",
    "link": "https://www.jazzpharma.com/science/clinical-trials/plain-language-summary/",
    "timestamp": "unknown"
  },
  {
    "title": "Our PurposePatient SupportCorporate GivingPatient ResourcesCorporate Sustainability and Social ImpactEthical StandardsMedical EducationFellowshipsTran",
    "link": "https://www.jazzpharma.com/our-purpose/",
    "timestamp": "unknown"
  },
  {
    "title": "Patient Support",
    "link": "https://www.jazzpharma.com/our-purpose/patient-support/",
    "timestamp": "unknown"
  },
  {
    "title": "Corporate Giving",
    "link": "https://www.jazzpharma.com/our-purpose/corporate-giving/",
    "timestamp": "unknown"
  },
  {
    "title": "Patient Resources",
    "link": "https://www.jazzpharma.com/our-purpose/patient-resources/",
    "timestamp": "unknown"
  },
  {
    "title": "Corporate Sustainability and Social Impact",
    "link": "https://www.jazzpharma.com/our-purpose/corporate-sustainability-and-social-impact/",
    "timestamp": "unknown"
  },
  {
    "title": "Ethical Standards",
    "link": "https://www.jazzpharma.com/our-purpose/ethical-standards/",
    "timestamp": "unknown"
  },
  {
    "title": "Medical Education",
    "link": "https://www.jazzpharma.com/our-purpose/medical-education/",
    "timestamp": "unknown"
  },
  {
    "title": "Fellowships",
    "link": "https://www.jazzpharma.com/our-purpose/fellowships/",
    "timestamp": "unknown"
  },
  {
    "title": "Transfers of Value in Europe",
    "link": "https://www.jazzpharma.com/our-purpose/transfers-of-value/",
    "timestamp": "unknown"
  },
  {
    "title": "Our StoriesScience StoriesPatient & Caregiver StoriesLeader Perspectives",
    "link": "https://www.jazzpharma.com/our-stories/",
    "timestamp": "unknown"
  },
  {
    "title": "Science Stories",
    "link": "https://www.jazzpharma.com/science-stories/",
    "timestamp": "unknown"
  },
  {
    "title": "Patient & Caregiver Stories",
    "link": "https://www.jazzpharma.com/patient-stories/",
    "timestamp": "unknown"
  },
  {
    "title": "Leader Perspectives",
    "link": "https://www.jazzpharma.com/perspectives/",
    "timestamp": "unknown"
  },
  {
    "title": "NewsPress Release ArchiveEvents ArchiveOur Stories",
    "link": "https://investor.jazzpharma.com/news",
    "timestamp": "unknown"
  },
  {
    "title": "Press Release Archive",
    "link": "https://investor.jazzpharma.com/news/press-release-archive",
    "timestamp": "unknown"
  },
  {
    "title": "Events Archive",
    "link": "https://investor.jazzpharma.com/investors/events-presentations",
    "timestamp": "unknown"
  },
  {
    "title": "Our Stories",
    "link": "https://www.jazzpharma.com/our-stories/",
    "timestamp": "unknown"
  },
  {
    "title": "InvestorsEvents / PresentationsFinancialsSEC FilingsQuarterly ResultsAnnual ReportsStock InformationResourcesSelect Scientific PublicationsFAQsEmail A",
    "link": "https://investor.jazzpharma.com/investors",
    "timestamp": "unknown"
  },
  {
    "title": "Events / Presentations",
    "link": "https://investor.jazzpharma.com/investors/events-presentations",
    "timestamp": "unknown"
  },
  {
    "title": "FinancialsSEC FilingsQuarterly ResultsAnnual Reports",
    "link": "http://investor.jazzpharma.com/investors/sec-filings",
    "timestamp": "unknown"
  },
  {
    "title": "SEC Filings",
    "link": "https://investor.jazzpharma.com/investors/sec-filings",
    "timestamp": "unknown"
  },
  {
    "title": "Quarterly Results",
    "link": "https://investor.jazzpharma.com/financial-information/quarterly-results",
    "timestamp": "unknown"
  },
  {
    "title": "Annual Reports",
    "link": "https://investor.jazzpharma.com/investors/annual-reports",
    "timestamp": "unknown"
  },
  {
    "title": "Stock Information",
    "link": "https://investor.jazzpharma.com/investors/stock-information",
    "timestamp": "unknown"
  },
  {
    "title": "ResourcesSelect Scientific PublicationsFAQsEmail AlertsInformation RequestAnalyst CoverageOther Information",
    "link": "https://investor.jazzpharma.com/resources/scientific-publications",
    "timestamp": "unknown"
  },
  {
    "title": "Select Scientific Publications",
    "link": "https://investor.jazzpharma.com/resources/scientific-publications",
    "timestamp": "unknown"
  },
  {
    "title": "FAQs",
    "link": "https://investor.jazzpharma.com/investors/faqs",
    "timestamp": "unknown"
  },
  {
    "title": "Email Alerts",
    "link": "https://investor.jazzpharma.com/investors/email-alerts",
    "timestamp": "unknown"
  },
  {
    "title": "Information Request",
    "link": "https://investor.jazzpharma.com/shareholder-services/document-request",
    "timestamp": "unknown"
  },
  {
    "title": "Analyst Coverage",
    "link": "https://investor.jazzpharma.com/investors/analyst-coverage",
    "timestamp": "unknown"
  },
  {
    "title": "Other Information",
    "link": "https://investor.jazzpharma.com/investors/other-information",
    "timestamp": "unknown"
  },
  {
    "title": "Careers",
    "link": "http://www.jazzpharma.com/careers/",
    "timestamp": "unknown"
  },
  {
    "title": "HomeInvestorsSEC FilingsSEC FilingsIR NavInvestorsEvents / PresentationsFinancialsSEC FilingsQuarterly ResultsAnnual ReportsStock InformationResources",
    "link": "http://www.jazzpharma.com/",
    "timestamp": "unknown"
  },
  {
    "title": "HomeInvestorsSEC FilingsSEC Filings",
    "link": "http://www.jazzpharma.com/",
    "timestamp": "unknown"
  },
  {
    "title": "HomeInvestorsSEC FilingsSEC Filings",
    "link": "http://www.jazzpharma.com/",
    "timestamp": "unknown"
  },
  {
    "title": "HomeInvestorsSEC Filings",
    "link": "http://www.jazzpharma.com/",
    "timestamp": "unknown"
  },
  {
    "title": "HomeInvestorsSEC Filings",
    "link": "http://www.jazzpharma.com/",
    "timestamp": "unknown"
  },
  {
    "title": "IR NavInvestorsEvents / PresentationsFinancialsSEC FilingsQuarterly ResultsAnnual ReportsStock InformationResourcesSelect Scientific PublicationsFAQsE",
    "link": "https://investor.jazzpharma.com/investors",
    "timestamp": "unknown"
  },
  {
    "title": "IR NavInvestorsEvents / PresentationsFinancialsSEC FilingsQuarterly ResultsAnnual ReportsStock InformationResourcesSelect Scientific PublicationsFAQsE",
    "link": "https://investor.jazzpharma.com/investors",
    "timestamp": "unknown"
  },
  {
    "title": "IR NavInvestorsEvents / PresentationsFinancialsSEC FilingsQuarterly ResultsAnnual ReportsStock InformationResourcesSelect Scientific PublicationsFAQsE",
    "link": "https://investor.jazzpharma.com/investors",
    "timestamp": "unknown"
  },
  {
    "title": "IR NavInvestorsEvents / PresentationsFinancialsSEC FilingsQuarterly ResultsAnnual ReportsStock InformationResourcesSelect Scientific PublicationsFAQsE",
    "link": "https://investor.jazzpharma.com/investors",
    "timestamp": "unknown"
  },
  {
    "title": "IR NavInvestorsEvents / PresentationsFinancialsSEC FilingsQuarterly ResultsAnnual ReportsStock InformationResourcesSelect Scientific PublicationsFAQsE",
    "link": "https://investor.jazzpharma.com/investors",
    "timestamp": "unknown"
  },
  {
    "title": "InvestorsEvents / PresentationsFinancialsSEC FilingsQuarterly ResultsAnnual ReportsStock InformationResourcesSelect Scientific PublicationsFAQsEmail A",
    "link": "https://investor.jazzpharma.com/investors",
    "timestamp": "unknown"
  },
  {
    "title": "Events / Presentations",
    "link": "https://investor.jazzpharma.com/investors/events-presentations",
    "timestamp": "unknown"
  },
  {
    "title": "FinancialsSEC FilingsQuarterly ResultsAnnual Reports",
    "link": "http://investor.jazzpharma.com/investors/sec-filings",
    "timestamp": "unknown"
  },
  {
    "title": "SEC Filings",
    "link": "https://investor.jazzpharma.com/investors/sec-filings",
    "timestamp": "unknown"
  },
  {
    "title": "Quarterly Results",
    "link": "https://investor.jazzpharma.com/financial-information/quarterly-results",
    "timestamp": "unknown"
  },
  {
    "title": "Annual Reports",
    "link": "https://investor.jazzpharma.com/investors/annual-reports",
    "timestamp": "unknown"
  },
  {
    "title": "Stock Information",
    "link": "https://investor.jazzpharma.com/investors/stock-information",
    "timestamp": "unknown"
  },
  {
    "title": "ResourcesSelect Scientific PublicationsFAQsEmail AlertsInformation RequestAnalyst CoverageOther Information",
    "link": "https://investor.jazzpharma.com/resources/scientific-publications",
    "timestamp": "unknown"
  },
  {
    "title": "Select Scientific Publications",
    "link": "https://investor.jazzpharma.com/resources/scientific-publications",
    "timestamp": "unknown"
  },
  {
    "title": "FAQs",
    "link": "https://investor.jazzpharma.com/investors/faqs",
    "timestamp": "unknown"
  },
  {
    "title": "Email Alerts",
    "link": "https://investor.jazzpharma.com/investors/email-alerts",
    "timestamp": "unknown"
  },
  {
    "title": "Information Request",
    "link": "https://investor.jazzpharma.com/shareholder-services/document-request",
    "timestamp": "unknown"
  },
  {
    "title": "Analyst Coverage",
    "link": "https://investor.jazzpharma.com/investors/analyst-coverage",
    "timestamp": "unknown"
  },
  {
    "title": "Other Information",
    "link": "https://investor.jazzpharma.com/investors/other-information",
    "timestamp": "unknown"
  },
  {
    "title": "Investor ContactsJack SpinksExecutive Director,Investor Relationsinvestorinfo@jazzpharma.comIreland: +U.S.: +",
    "link": "mailto:investorinfo@jazzpharma.com",
    "timestamp": "unknown"
  },
  {
    "title": "Investor ContactsJack SpinksExecutive Director,Investor Relationsinvestorinfo@jazzpharma.comIreland: +U.S.: +",
    "link": "mailto:investorinfo@jazzpharma.com",
    "timestamp": "unknown"
  },
  {
    "title": "Investor ContactsJack SpinksExecutive Director,Investor Relationsinvestorinfo@jazzpharma.comIreland: +U.S.: +",
    "link": "mailto:investorinfo@jazzpharma.com",
    "timestamp": "unknown"
  },
  {
    "title": "Investor ContactsJack SpinksExecutive Director,Investor Relationsinvestorinfo@jazzpharma.comIreland: +U.S.: +",
    "link": "mailto:investorinfo@jazzpharma.com",
    "timestamp": "unknown"
  },
  {
    "title": "Investor ContactsJack SpinksExecutive Director,Investor Relationsinvestorinfo@jazzpharma.comIreland: +U.S.: +",
    "link": "mailto:investorinfo@jazzpharma.com",
    "timestamp": "unknown"
  },
  {
    "title": "investorinfo@jazzpharma.comIreland: +U.S.: +",
    "link": "mailto:investorinfo@jazzpharma.com",
    "timestamp": "unknown"
  },
  {
    "title": "SEC FilingsGroup,,Annual FilingsCurrent ReportsMergers & AcquisitionsOtherProxy FilingsQuarterly FilingsRegistration StatementsFiling year- Any -Filin",
    "link": "https://investor.jazzpharma.com/investors/sec-filings?items_per_page=&order=field_nir_sec_date_filed&sort=asc",
    "timestamp": "unknown"
  },
  {
    "title": "SEC FilingsGroup,,Annual FilingsCurrent ReportsMergers & AcquisitionsOtherProxy FilingsQuarterly FilingsRegistration StatementsFiling year- Any -Filin",
    "link": "https://investor.jazzpharma.com/investors/sec-filings?items_per_page=&order=field_nir_sec_date_filed&sort=asc",
    "timestamp": "unknown"
  },
  {
    "title": "SEC FilingsGroup,,Annual FilingsCurrent ReportsMergers & AcquisitionsOtherProxy FilingsQuarterly FilingsRegistration StatementsFiling year- Any -Filin",
    "link": "https://investor.jazzpharma.com/investors/sec-filings?items_per_page=&order=field_nir_sec_date_filed&sort=asc",
    "timestamp": "unknown"
  },
  {
    "title": "SEC FilingsGroup,,Annual FilingsCurrent ReportsMergers & AcquisitionsOtherProxy FilingsQuarterly FilingsRegistration StatementsFiling year- Any -Filin",
    "link": "https://investor.jazzpharma.com/investors/sec-filings?items_per_page=&order=field_nir_sec_date_filed&sort=asc",
    "timestamp": "unknown"
  },
  {
    "title": "SEC FilingsGroup,,Annual FilingsCurrent ReportsMergers & AcquisitionsOtherProxy FilingsQuarterly FilingsRegistration StatementsFiling year- Any -Filin",
    "link": "https://investor.jazzpharma.com/investors/sec-filings?items_per_page=&order=field_nir_sec_date_filed&sort=asc",
    "timestamp": "unknown"
  },
  {
    "title": "Group,,Annual FilingsCurrent ReportsMergers & AcquisitionsOtherProxy FilingsQuarterly FilingsRegistration StatementsFiling year- Any -Filing dateFormD",
    "link": "https://investor.jazzpharma.com/investors/sec-filings?items_per_page=&order=field_nir_sec_date_filed&sort=asc",
    "timestamp": "unknown"
  },
  {
    "title": "Group,,Annual FilingsCurrent ReportsMergers & AcquisitionsOtherProxy FilingsQuarterly FilingsRegistration StatementsFiling year- Any -Filing dateFormD",
    "link": "https://investor.jazzpharma.com/investors/sec-filings?items_per_page=&order=field_nir_sec_date_filed&sort=asc",
    "timestamp": "unknown"
  },
  {
    "title": "Group,,Annual FilingsCurrent ReportsMergers & AcquisitionsOtherProxy FilingsQuarterly FilingsRegistration StatementsFiling year- Any -Filing dateFormD",
    "link": "https://investor.jazzpharma.com/investors/sec-filings?items_per_page=&order=field_nir_sec_date_filed&sort=asc",
    "timestamp": "unknown"
  },
  {
    "title": "Group,,Annual FilingsCurrent ReportsMergers & AcquisitionsOtherProxy FilingsQuarterly FilingsRegistration StatementsFiling year- Any -Filing dateFormD",
    "link": "https://investor.jazzpharma.com/investors/sec-filings?items_per_page=&order=field_nir_sec_date_filed&sort=asc",
    "timestamp": "unknown"
  },
  {
    "title": "Group,,Annual FilingsCurrent ReportsMergers & AcquisitionsOtherProxy FilingsQuarterly FilingsRegistration StatementsFiling year- Any -Filing dateFormD",
    "link": "https://investor.jazzpharma.com/investors/sec-filings?items_per_page=&order=field_nir_sec_date_filed&sort=asc",
    "timestamp": "unknown"
  },
  {
    "title": "Group,,Annual FilingsCurrent ReportsMergers & AcquisitionsOtherProxy FilingsQuarterly FilingsRegistration StatementsFiling year- Any -Filing dateFormD",
    "link": "https://investor.jazzpharma.com/investors/sec-filings?items_per_page=&order=field_nir_sec_date_filed&sort=asc",
    "timestamp": "unknown"
  },
  {
    "title": "Group,,Annual FilingsCurrent ReportsMergers & AcquisitionsOtherProxy FilingsQuarterly FilingsRegistration StatementsFiling year- Any -Filing dateFormD",
    "link": "https://investor.jazzpharma.com/investors/sec-filings?items_per_page=&order=field_nir_sec_date_filed&sort=asc",
    "timestamp": "unknown"
  },
  {
    "title": "Group,,Annual FilingsCurrent ReportsMergers & AcquisitionsOtherProxy FilingsQuarterly FilingsRegistration StatementsFiling year- Any -Filing dateFormD",
    "link": "https://investor.jazzpharma.com/investors/sec-filings?items_per_page=&order=field_nir_sec_date_filed&sort=asc",
    "timestamp": "unknown"
  },
  {
    "title": "Group,,Annual FilingsCurrent ReportsMergers & AcquisitionsOtherProxy FilingsQuarterly FilingsRegistration StatementsFiling year- Any -Filing dateFormD",
    "link": "https://investor.jazzpharma.com/investors/sec-filings?items_per_page=&order=field_nir_sec_date_filed&sort=asc",
    "timestamp": "unknown"
  },
  {
    "title": "Group,,Annual FilingsCurrent ReportsMergers & AcquisitionsOtherProxy FilingsQuarterly FilingsRegistration StatementsFiling year- Any -Filing dateFormD",
    "link": "https://investor.jazzpharma.com/investors/sec-filings?items_per_page=&order=field_nir_sec_date_filed&sort=asc",
    "timestamp": "unknown"
  },
  {
    "title": "Filing dateFormDescriptionFiling GroupViewOct ,Filed by \"insiders\" prior intended sale of restricted stock.OtherView HTML--.pdf--.rtf--.xlsOct ,Statem",
    "link": "https://investor.jazzpharma.com/investors/sec-filings?items_per_page=&order=field_nir_sec_date_filed&sort=asc",
    "timestamp": "unknown"
  },
  {
    "title": "Filing dateFormDescriptionFiling GroupView",
    "link": "https://investor.jazzpharma.com/investors/sec-filings?items_per_page=&order=field_nir_sec_date_filed&sort=asc",
    "timestamp": "unknown"
  },
  {
    "title": "Oct ,Filed by \"insiders\" prior intended sale of restricted stock.OtherView HTML--.pdf--.rtf--.xls",
    "link": "https://investor.jazzpharma.com/sec-filings/sec-filing//--",
    "timestamp": "unknown"
  },
  {
    "title": "--.pdf",
    "link": "https://investor.jazzpharma.com/static-files/2a6a8d61-6e5f-46e1-8c7d-1fa5f112b4c7",
    "timestamp": "unknown"
  },
  {
    "title": "--.rtf",
    "link": "https://investor.jazzpharma.com/static-files/79c315a6--4a3a-841b-3a37dca43517",
    "timestamp": "unknown"
  },
  {
    "title": "--.xls",
    "link": "https://investor.jazzpharma.com/static-files/52d2b448-e3a4-4d8c-925d-079562f19d9d",
    "timestamp": "unknown"
  },
  {
    "title": "Oct ,Statement of changes in beneficial ownership of securities,,View HTML--.pdf--.rtf--.xls",
    "link": "https://investor.jazzpharma.com/sec-filings/sec-filing//--",
    "timestamp": "unknown"
  },
  {
    "title": "--.pdf",
    "link": "https://investor.jazzpharma.com/static-files/dffc2d80-6eb6-4a67-882b-fac2a1e436c0",
    "timestamp": "unknown"
  },
  {
    "title": "--.rtf",
    "link": "https://investor.jazzpharma.com/static-files/621c25e1-cc68--9a38-e4ea657f6ede",
    "timestamp": "unknown"
  },
  {
    "title": "--.xls",
    "link": "https://investor.jazzpharma.com/static-files/4df8d39b-1d14-44e6-8dc7-bd018edccab1",
    "timestamp": "unknown"
  },
  {
    "title": "Sep ,Statement of changes in beneficial ownership of securities,,View HTML--.pdf--.rtf--.xls",
    "link": "https://investor.jazzpharma.com/sec-filings/sec-filing//--",
    "timestamp": "unknown"
  },
  {
    "title": "--.pdf",
    "link": "https://investor.jazzpharma.com/static-files/98370e74-ffc1-46fa-ae86-f65d5a79270f",
    "timestamp": "unknown"
  },
  {
    "title": "--.rtf",
    "link": "https://investor.jazzpharma.com/static-files/1fc7b799-48a9-441d-8ee9-b87253935928",
    "timestamp": "unknown"
  },
  {
    "title": "--.xls",
    "link": "https://investor.jazzpharma.com/static-files/71e6398a-3f9a-44db-8ab0-80e1bc9230b7",
    "timestamp": "unknown"
  },
  {
    "title": "Sep ,Statement of changes in beneficial ownership of securities,,View HTML--.pdf--.rtf--.xls",
    "link": "https://investor.jazzpharma.com/sec-filings/sec-filing//--",
    "timestamp": "unknown"
  },
  {
    "title": "--.pdf",
    "link": "https://investor.jazzpharma.com/static-files/89166c81-e93b--9e53-fed263521ff3",
    "timestamp": "unknown"
  },
  {
    "title": "--.rtf",
    "link": "https://investor.jazzpharma.com/static-files/820bea13-3c5d--af63-7896e4cf1b8d",
    "timestamp": "unknown"
  },
  {
    "title": "--.xls",
    "link": "https://investor.jazzpharma.com/static-files/ab734dc6-228d-4ba5-bdf0-50e363d62fae",
    "timestamp": "unknown"
  },
  {
    "title": "Aug ,Statement of changes in beneficial ownership of securities,,View HTML--.pdf--.rtf--.xls",
    "link": "https://investor.jazzpharma.com/sec-filings/sec-filing//--",
    "timestamp": "unknown"
  },
  {
    "title": "--.pdf",
    "link": "https://investor.jazzpharma.com/static-files/f223cfea-a0cc--a543-ff098c80e98c",
    "timestamp": "unknown"
  },
  {
    "title": "--.rtf",
    "link": "https://investor.jazzpharma.com/static-files/db8bdb58-210d--ad28-a181761a151c",
    "timestamp": "unknown"
  },
  {
    "title": "--.xls",
    "link": "https://investor.jazzpharma.com/static-files/d1ff51d2-721f-48e0-86a6-5053e4e2361c",
    "timestamp": "unknown"
  },
  {
    "title": "Aug ,Statement of changes in beneficial ownership of securities,,View HTML--.pdf--.rtf--.xls",
    "link": "https://investor.jazzpharma.com/sec-filings/sec-filing//--",
    "timestamp": "unknown"
  },
  {
    "title": "--.pdf",
    "link": "https://investor.jazzpharma.com/static-files/3d966745-03b0-4ca1-9a3d-48c768912529",
    "timestamp": "unknown"
  },
  {
    "title": "--.rtf",
    "link": "https://investor.jazzpharma.com/static-files/0e8fc049--4eab-8c21-da917efe4603",
    "timestamp": "unknown"
  },
  {
    "title": "--.xls",
    "link": "https://investor.jazzpharma.com/static-files/887579a6-7c2c-4b45--15534d6ec1a0",
    "timestamp": "unknown"
  },
  {
    "title": "Aug ,Statement of changes in beneficial ownership of securities,,View HTML--.pdf--.rtf--.xls",
    "link": "https://investor.jazzpharma.com/sec-filings/sec-filing//--",
    "timestamp": "unknown"
  },
  {
    "title": "--.pdf",
    "link": "https://investor.jazzpharma.com/static-files/88245f34-af2b-4a91-9e20-467263a50d8c",
    "timestamp": "unknown"
  },
  {
    "title": "--.rtf",
    "link": "https://investor.jazzpharma.com/static-files/86fb18bb-56c6-426e-ba09-028aa8c93301",
    "timestamp": "unknown"
  },
  {
    "title": "--.xls",
    "link": "https://investor.jazzpharma.com/static-files/-4b44--aea4-47c7bc068b3c",
    "timestamp": "unknown"
  },
  {
    "title": "Aug ,Statement of changes in beneficial ownership of securities,,View HTML--.pdf--.rtf--.xls",
    "link": "https://investor.jazzpharma.com/sec-filings/sec-filing//--",
    "timestamp": "unknown"
  },
  {
    "title": "--.pdf",
    "link": "https://investor.jazzpharma.com/static-files/05d5d320----8795810e48a6",
    "timestamp": "unknown"
  },
  {
    "title": "--.rtf",
    "link": "https://investor.jazzpharma.com/static-files/7f03218e-138f-443f--cfca68de4b41",
    "timestamp": "unknown"
  },
  {
    "title": "--.xls",
    "link": "https://investor.jazzpharma.com/static-files/65868def--4c29-b23f-55f6c5e74558",
    "timestamp": "unknown"
  },
  {
    "title": "Aug ,Statement of changes in beneficial ownership of securities,,View HTML--.pdf--.rtf--.xls",
    "link": "https://investor.jazzpharma.com/sec-filings/sec-filing//--",
    "timestamp": "unknown"
  },
  {
    "title": "--.pdf",
    "link": "https://investor.jazzpharma.com/static-files/3c2b2b8a--45ef-8aa3-a75deb2fcf3d",
    "timestamp": "unknown"
  },
  {
    "title": "--.rtf",
    "link": "https://investor.jazzpharma.com/static-files/34c5f0dc--409b-95ed-8103319b76af",
    "timestamp": "unknown"
  },
  {
    "title": "--.xls",
    "link": "https://investor.jazzpharma.com/static-files/fd917104-25e9-4ef6-a4f9-0341055fd29d",
    "timestamp": "unknown"
  },
  {
    "title": "Aug ,Statement of changes in beneficial ownership of securities,,View HTML--.pdf--.rtf--.xls",
    "link": "https://investor.jazzpharma.com/sec-filings/sec-filing//--",
    "timestamp": "unknown"
  },
  {
    "title": "--.pdf",
    "link": "https://investor.jazzpharma.com/static-files/9c7a5c7a-6d09--b730-66b0dc968c0c",
    "timestamp": "unknown"
  },
  {
    "title": "--.rtf",
    "link": "https://investor.jazzpharma.com/static-files/62e8147b-0cbe-4a86-aefd-c8b057213664",
    "timestamp": "unknown"
  },
  {
    "title": "--.xls",
    "link": "https://investor.jazzpharma.com/static-files/bcf5ce4d-503b-4df7--e1078634c848",
    "timestamp": "unknown"
  },
  {
    "title": "Current page",
    "link": "https://investor.jazzpharma.com/investors/sec-filings?&&field_nir_sec_date_filed_value=&&&items_per_page_toggle=&page=",
    "timestamp": "unknown"
  },
  {
    "title": "Page",
    "link": "https://investor.jazzpharma.com/investors/sec-filings?&&field_nir_sec_date_filed_value=&&&items_per_page_toggle=&page=",
    "timestamp": "unknown"
  },
  {
    "title": "Page",
    "link": "https://investor.jazzpharma.com/investors/sec-filings?&&field_nir_sec_date_filed_value=&&&items_per_page_toggle=&page=",
    "timestamp": "unknown"
  },
  {
    "title": "Page",
    "link": "https://investor.jazzpharma.com/investors/sec-filings?&&field_nir_sec_date_filed_value=&&&items_per_page_toggle=&page=",
    "timestamp": "unknown"
  },
  {
    "title": "Page",
    "link": "https://investor.jazzpharma.com/investors/sec-filings?&&field_nir_sec_date_filed_value=&&&items_per_page_toggle=&page=",
    "timestamp": "unknown"
  },
  {
    "title": "Page",
    "link": "https://investor.jazzpharma.com/investors/sec-filings?&&field_nir_sec_date_filed_value=&&&items_per_page_toggle=&page=",
    "timestamp": "unknown"
  },
  {
    "title": "Page",
    "link": "https://investor.jazzpharma.com/investors/sec-filings?&&field_nir_sec_date_filed_value=&&&items_per_page_toggle=&page=",
    "timestamp": "unknown"
  },
  {
    "title": "Page",
    "link": "https://investor.jazzpharma.com/investors/sec-filings?&&field_nir_sec_date_filed_value=&&&items_per_page_toggle=&page=",
    "timestamp": "unknown"
  },
  {
    "title": "Page",
    "link": "https://investor.jazzpharma.com/investors/sec-filings?&&field_nir_sec_date_filed_value=&&&items_per_page_toggle=&page=",
    "timestamp": "unknown"
  },
  {
    "title": "Next page\u203a",
    "link": "https://investor.jazzpharma.com/investors/sec-filings?&&field_nir_sec_date_filed_value=&&&items_per_page_toggle=&page=",
    "timestamp": "unknown"
  },
  {
    "title": "Last page\u00bb",
    "link": "https://investor.jazzpharma.com/investors/sec-filings?&&field_nir_sec_date_filed_value=&&&items_per_page_toggle=&page=",
    "timestamp": "unknown"
  },
  {
    "title": "Data provided byKaleidoscope.",
    "link": "https://www.kscope.io",
    "timestamp": "unknown"
  },
  {
    "title": "Data provided byKaleidoscope.",
    "link": "https://www.kscope.io",
    "timestamp": "unknown"
  },
  {
    "title": "About NavAboutLeadershipBoard of DirectorsGlobal FootprintCanadaFrance and BelgiumGermany and AustriaUnited Kingdom and IrelandItalySpain and Portugal",
    "link": "https://www.jazzpharma.com/about/",
    "timestamp": "unknown"
  },
  {
    "title": "About NavAboutLeadershipBoard of DirectorsGlobal FootprintCanadaFrance and BelgiumGermany and AustriaUnited Kingdom and IrelandItalySpain and Portugal",
    "link": "https://www.jazzpharma.com/about/",
    "timestamp": "unknown"
  },
  {
    "title": "AboutLeadershipBoard of DirectorsGlobal FootprintCanadaFrance and BelgiumGermany and AustriaUnited Kingdom and IrelandItalySpain and PortugalUnited St",
    "link": "https://www.jazzpharma.com/about/",
    "timestamp": "unknown"
  },
  {
    "title": "Leadership",
    "link": "http://www.jazzpharma.com/about/leadership/",
    "timestamp": "unknown"
  },
  {
    "title": "Board of Directors",
    "link": "http://www.jazzpharma.com/about/board-of-directors/",
    "timestamp": "unknown"
  },
  {
    "title": "Global FootprintCanadaFrance and BelgiumGermany and AustriaUnited Kingdom and IrelandItalySpain and PortugalUnited StatesOther Countries",
    "link": "http://www.jazzpharma.com/about/global-footprint/",
    "timestamp": "unknown"
  },
  {
    "title": "Canada",
    "link": "http://www.jazzpharma.com/about/global-footprint/canada/",
    "timestamp": "unknown"
  },
  {
    "title": "France and Belgium",
    "link": "http://www.jazzpharma.com/about/global-footprint/france-and-belgium/",
    "timestamp": "unknown"
  },
  {
    "title": "Germany and Austria",
    "link": "http://www.jazzpharma.com/about/global-footprint/germany-and-austria/",
    "timestamp": "unknown"
  },
  {
    "title": "United Kingdom and Ireland",
    "link": "http://www.jazzpharma.com/about/global-footprint/uk-and-ireland/",
    "timestamp": "unknown"
  },
  {
    "title": "Italy",
    "link": "http://www.jazzpharma.com/about/global-footprint/italy/",
    "timestamp": "unknown"
  },
  {
    "title": "Spain and Portugal",
    "link": "http://www.jazzpharma.com/about/global-footprint/spain-and-portugal/",
    "timestamp": "unknown"
  },
  {
    "title": "United States",
    "link": "http://www.jazzpharma.com/about/global-footprint/united-states/",
    "timestamp": "unknown"
  },
  {
    "title": "Other Countries",
    "link": "http://www.jazzpharma.com/about/global-footprint/other-countries/",
    "timestamp": "unknown"
  },
  {
    "title": "History",
    "link": "http://www.jazzpharma.com/about/history/",
    "timestamp": "unknown"
  },
  {
    "title": "Corporate Values",
    "link": "https://www.jazzpharma.com/about/corporate-values/",
    "timestamp": "unknown"
  },
  {
    "title": "Corporate Development",
    "link": "https://www.jazzpharma.com/about/corporate-development/",
    "timestamp": "unknown"
  },
  {
    "title": "Partnering",
    "link": "https://www.jazzpharma.com/about/partnering/",
    "timestamp": "unknown"
  },
  {
    "title": "Contact",
    "link": "https://www.jazzpharma.com/contact/",
    "timestamp": "unknown"
  },
  {
    "title": "Pioneering Pathways",
    "link": "https://www.jazzpharma.com/pioneeringpathways/",
    "timestamp": "unknown"
  },
  {
    "title": "MedicinesOur MedicinesDrug SafetyMedical Information USMedical Information Outside of the USManufacturing",
    "link": "http://www.jazzpharma.com/medicines/",
    "timestamp": "unknown"
  },
  {
    "title": "Our Medicines",
    "link": "http://www.jazzpharma.com/medicines/our-medicines/",
    "timestamp": "unknown"
  },
  {
    "title": "Drug Safety",
    "link": "http://www.jazzpharma.com/medicines/drug-safety/",
    "timestamp": "unknown"
  },
  {
    "title": "Medical Information US",
    "link": "http://www.jazzpharma.com/medicines/medical-information/",
    "timestamp": "unknown"
  },
  {
    "title": "Medical Information Outside of the US",
    "link": "https://www.jazzpharma.com/medicines/medical-information-outside-of-the-us/",
    "timestamp": "unknown"
  },
  {
    "title": "Manufacturing",
    "link": "https://www.jazzpharma.com/about/manufacturing/",
    "timestamp": "unknown"
  },
  {
    "title": "SciencePipelineClinical TrialsZanidatamab GEA Clinical TrialNon-Interventional StudiesExpanded AccessIndependent Scientific ResearchClinical Trial Dat",
    "link": "https://www.jazzpharma.com/science/",
    "timestamp": "unknown"
  },
  {
    "title": "Pipeline",
    "link": "https://www.jazzpharma.com/science/pipeline",
    "timestamp": "unknown"
  },
  {
    "title": "Clinical TrialsZanidatamab GEA Clinical Trial",
    "link": "http://www.jazzpharma.com/research/clinical-trials/",
    "timestamp": "unknown"
  },
  {
    "title": "Zanidatamab GEA Clinical Trial",
    "link": "https://www.jazzpharma.com/science/clinical-trials/gea-trial/",
    "timestamp": "unknown"
  },
  {
    "title": "Non-Interventional Studies",
    "link": "https://www.jazzpharma.com/non-interventional-studies/",
    "timestamp": "unknown"
  },
  {
    "title": "Expanded Access",
    "link": "http://www.jazzpharma.com/research/expanded-access/",
    "timestamp": "unknown"
  },
  {
    "title": "Independent Scientific Research",
    "link": "http://www.jazzpharma.com/research/independent-scientific-research/",
    "timestamp": "unknown"
  },
  {
    "title": "Clinical Trial Data Sharing",
    "link": "https://www.jazzpharma.com/science/clinical-trial-data-sharing/",
    "timestamp": "unknown"
  },
  {
    "title": "Plain Language Summary",
    "link": "https://www.jazzpharma.com/science/clinical-trials/plain-language-summary/",
    "timestamp": "unknown"
  },
  {
    "title": "Our PurposePatient SupportCorporate GivingPatient ResourcesCorporate Sustainability and Social ImpactEthical StandardsMedical EducationFellowshipsTran",
    "link": "https://www.jazzpharma.com/our-purpose/",
    "timestamp": "unknown"
  },
  {
    "title": "Patient Support",
    "link": "https://www.jazzpharma.com/our-purpose/patient-support/",
    "timestamp": "unknown"
  },
  {
    "title": "Corporate Giving",
    "link": "https://www.jazzpharma.com/our-purpose/corporate-giving/",
    "timestamp": "unknown"
  },
  {
    "title": "Patient Resources",
    "link": "https://www.jazzpharma.com/our-purpose/patient-resources/",
    "timestamp": "unknown"
  },
  {
    "title": "Corporate Sustainability and Social Impact",
    "link": "https://www.jazzpharma.com/our-purpose/corporate-sustainability-and-social-impact/",
    "timestamp": "unknown"
  },
  {
    "title": "Ethical Standards",
    "link": "https://www.jazzpharma.com/our-purpose/ethical-standards/",
    "timestamp": "unknown"
  },
  {
    "title": "Medical Education",
    "link": "https://www.jazzpharma.com/our-purpose/medical-education/",
    "timestamp": "unknown"
  },
  {
    "title": "Fellowships",
    "link": "https://www.jazzpharma.com/our-purpose/fellowships/",
    "timestamp": "unknown"
  },
  {
    "title": "Transfers of Value in Europe",
    "link": "https://www.jazzpharma.com/our-purpose/transfers-of-value/",
    "timestamp": "unknown"
  },
  {
    "title": "Our StoriesScience StoriesPatient & Caregiver StoriesLeader Perspectives",
    "link": "https://www.jazzpharma.com/our-stories/",
    "timestamp": "unknown"
  },
  {
    "title": "Science Stories",
    "link": "https://www.jazzpharma.com/science-stories/",
    "timestamp": "unknown"
  },
  {
    "title": "Patient & Caregiver Stories",
    "link": "https://www.jazzpharma.com/patient-stories/",
    "timestamp": "unknown"
  },
  {
    "title": "Leader Perspectives",
    "link": "https://www.jazzpharma.com/perspectives/",
    "timestamp": "unknown"
  },
  {
    "title": "NewsPress Release ArchiveEvents ArchiveOur Stories",
    "link": "https://investor.jazzpharma.com/news",
    "timestamp": "unknown"
  },
  {
    "title": "Press Release Archive",
    "link": "https://investor.jazzpharma.com/news/press-release-archive",
    "timestamp": "unknown"
  },
  {
    "title": "Events Archive",
    "link": "https://investor.jazzpharma.com/investors/events-presentations",
    "timestamp": "unknown"
  },
  {
    "title": "Our Stories",
    "link": "https://www.jazzpharma.com/our-stories/",
    "timestamp": "unknown"
  },
  {
    "title": "Careers",
    "link": "http://www.jazzpharma.com/careers/",
    "timestamp": "unknown"
  },
  {
    "title": "InvestorsEvents / PresentationsFinancialsSEC FilingsQuarterly ResultsAnnual ReportsStock InformationResourcesSelect Scientific PublicationsFAQsEmail A",
    "link": "https://investor.jazzpharma.com/investors",
    "timestamp": "unknown"
  },
  {
    "title": "Events / Presentations",
    "link": "https://investor.jazzpharma.com/investors/events-presentations",
    "timestamp": "unknown"
  },
  {
    "title": "FinancialsSEC FilingsQuarterly ResultsAnnual Reports",
    "link": "http://investor.jazzpharma.com/investors/sec-filings",
    "timestamp": "unknown"
  },
  {
    "title": "SEC Filings",
    "link": "https://investor.jazzpharma.com/investors/sec-filings",
    "timestamp": "unknown"
  },
  {
    "title": "Quarterly Results",
    "link": "https://investor.jazzpharma.com/financial-information/quarterly-results",
    "timestamp": "unknown"
  },
  {
    "title": "Annual Reports",
    "link": "https://investor.jazzpharma.com/investors/annual-reports",
    "timestamp": "unknown"
  },
  {
    "title": "Stock Information",
    "link": "https://investor.jazzpharma.com/investors/stock-information",
    "timestamp": "unknown"
  },
  {
    "title": "ResourcesSelect Scientific PublicationsFAQsEmail AlertsInformation RequestAnalyst CoverageOther Information",
    "link": "https://investor.jazzpharma.com/resources/scientific-publications",
    "timestamp": "unknown"
  },
  {
    "title": "Select Scientific Publications",
    "link": "https://investor.jazzpharma.com/resources/scientific-publications",
    "timestamp": "unknown"
  },
  {
    "title": "FAQs",
    "link": "https://investor.jazzpharma.com/investors/faqs",
    "timestamp": "unknown"
  },
  {
    "title": "Email Alerts",
    "link": "https://investor.jazzpharma.com/investors/email-alerts",
    "timestamp": "unknown"
  },
  {
    "title": "Information Request",
    "link": "https://investor.jazzpharma.com/shareholder-services/document-request",
    "timestamp": "unknown"
  },
  {
    "title": "Analyst Coverage",
    "link": "https://investor.jazzpharma.com/investors/analyst-coverage",
    "timestamp": "unknown"
  },
  {
    "title": "Other Information",
    "link": "https://investor.jazzpharma.com/investors/other-information",
    "timestamp": "unknown"
  },
  {
    "title": "Privacy Statement",
    "link": "http://www.jazzpharma.com/privacy-statement/",
    "timestamp": "unknown"
  },
  {
    "title": "Terms of Use",
    "link": "http://www.jazzpharma.com/terms-of-use/",
    "timestamp": "unknown"
  },
  {
    "title": "Social Media Global Guidelines",
    "link": "https://www.jazzpharma.com/social-media-global-guidelines/",
    "timestamp": "unknown"
  },
  {
    "title": "Sitemap",
    "link": "http://www.jazzpharma.com/sitemap/",
    "timestamp": "unknown"
  }
]