[
  {
    "title": "Search everythingCloseMenuClose",
    "link": "https://www.merck.com/",
    "timestamp": "unknown"
  },
  {
    "title": "Search everythingCloseMenuClose",
    "link": "https://www.merck.com/",
    "timestamp": "unknown"
  },
  {
    "title": "CompanyWho we areWhat we doStoriesHistorySustainabilitySustainability overviewPhilanthropyMerck Medical Outreach ProgramImpact Venture FundTransparenc",
    "link": "https://www.merck.com/company-overview/",
    "timestamp": "unknown"
  },
  {
    "title": "Who we are",
    "link": "https://www.merck.com/company-overview/",
    "timestamp": "unknown"
  },
  {
    "title": "What we do",
    "link": "https://www.merck.com/what-we-do/",
    "timestamp": "unknown"
  },
  {
    "title": "Stories",
    "link": "https://www.merck.com/stories/",
    "timestamp": "unknown"
  },
  {
    "title": "History",
    "link": "https://www.merck.com/company-overview/history/",
    "timestamp": "unknown"
  },
  {
    "title": "SustainabilitySustainability overviewPhilanthropyMerck Medical Outreach ProgramImpact Venture FundTransparency disclosuresSustainability resources",
    "link": "https://www.merck.com/company-overview/sustainability/",
    "timestamp": "unknown"
  },
  {
    "title": "Sustainability overview",
    "link": "https://www.merck.com/company-overview/sustainability/",
    "timestamp": "unknown"
  },
  {
    "title": "Philanthropy",
    "link": "https://www.merck.com/company-overview/sustainability/philanthropy/",
    "timestamp": "unknown"
  },
  {
    "title": "Merck Medical Outreach Program",
    "link": "https://www.merck.com/company-overview/sustainability/merck-medical-outreach-program/",
    "timestamp": "unknown"
  },
  {
    "title": "Impact Venture Fund",
    "link": "https://www.merck.com/company-overview/sustainability/impact-venture-fund/",
    "timestamp": "unknown"
  },
  {
    "title": "Transparency disclosures",
    "link": "https://www.merck.com/company-overview/sustainability/transparency-disclosures/",
    "timestamp": "unknown"
  },
  {
    "title": "Sustainability resources",
    "link": "https://www.merck.com/company-overview/sustainability/sustainability-resources/",
    "timestamp": "unknown"
  },
  {
    "title": "LeadershipLeadership overviewBoard of directorsExecutive team",
    "link": "https://www.merck.com/company-overview/leadership/",
    "timestamp": "unknown"
  },
  {
    "title": "Leadership overview",
    "link": "https://www.merck.com/company-overview/leadership/",
    "timestamp": "unknown"
  },
  {
    "title": "Board of directors",
    "link": "https://www.merck.com/company-overview/leadership/board-of-directors/",
    "timestamp": "unknown"
  },
  {
    "title": "Executive team",
    "link": "https://www.merck.com/company-overview/leadership/executive-team/",
    "timestamp": "unknown"
  },
  {
    "title": "Culture & valuesCulture &#; values overviewCode of conduct, ethics & compliance",
    "link": "https://www.merck.com/company-overview/culture-and-values/",
    "timestamp": "unknown"
  },
  {
    "title": "Culture &#; values overview",
    "link": "https://www.merck.com/company-overview/culture-and-values/",
    "timestamp": "unknown"
  },
  {
    "title": "Code of conduct, ethics & compliance",
    "link": "https://www.merck.com/company-overview/culture-and-values/code-of-conduct/",
    "timestamp": "unknown"
  },
  {
    "title": "Diversity and inclusion",
    "link": "https://www.merck.com/company-overview/diversity-and-inclusion/",
    "timestamp": "unknown"
  },
  {
    "title": "Policies and positions",
    "link": "https://www.merck.com/company-overview/policies-and-positions/",
    "timestamp": "unknown"
  },
  {
    "title": "SuppliersSuppliers overviewSupplier registrationSupplier help for Ariba",
    "link": "https://www.merck.com/company-overview/suppliers/",
    "timestamp": "unknown"
  },
  {
    "title": "Suppliers overview",
    "link": "https://www.merck.com/company-overview/suppliers/",
    "timestamp": "unknown"
  },
  {
    "title": "Supplier registration",
    "link": "https://msd.quantumsds.com/",
    "timestamp": "unknown"
  },
  {
    "title": "Supplier help for Ariba",
    "link": "https://suppliers.msd.com/",
    "timestamp": "unknown"
  },
  {
    "title": "ResearchResearch overviewAreas of focusOncologyVaccinesInfectious diseasesCardiovascular diseaseImmunologyNeuroscienceOphthalmologyAreas of innovation",
    "link": "https://www.merck.com/research/",
    "timestamp": "unknown"
  },
  {
    "title": "Research overview",
    "link": "https://www.merck.com/research/",
    "timestamp": "unknown"
  },
  {
    "title": "Areas of focusOncologyVaccinesInfectious diseasesCardiovascular diseaseImmunologyNeuroscienceOphthalmology",
    "link": "https://www.merck.com/media/news/",
    "timestamp": "unknown"
  },
  {
    "title": "Oncology",
    "link": "https://www.merck.com/research/oncology/",
    "timestamp": "unknown"
  },
  {
    "title": "Vaccines",
    "link": "https://www.merck.com/research/vaccines/",
    "timestamp": "unknown"
  },
  {
    "title": "Infectious diseases",
    "link": "https://www.merck.com/research/infectious-diseases/",
    "timestamp": "unknown"
  },
  {
    "title": "Cardiovascular disease",
    "link": "https://www.merck.com/research/cardiovascular-disease/",
    "timestamp": "unknown"
  },
  {
    "title": "Immunology",
    "link": "https://www.merck.com/research/immunology/",
    "timestamp": "unknown"
  },
  {
    "title": "Neuroscience",
    "link": "https://www.merck.com/research/neuroscience/",
    "timestamp": "unknown"
  },
  {
    "title": "Ophthalmology",
    "link": "https://www.merck.com/research/ophthalmology/",
    "timestamp": "unknown"
  },
  {
    "title": "Areas of innovationData science and artificial intelligenceGreen and sustainable scienceOur therapeutic modalitiesTranslational medicine",
    "link": "https://www.merck.com/media/news/",
    "timestamp": "unknown"
  },
  {
    "title": "Data science and artificial intelligence",
    "link": "https://www.merck.com/research/areas-of-innovation/data-science-and-artificial-intelligence/",
    "timestamp": "unknown"
  },
  {
    "title": "Green and sustainable science",
    "link": "https://www.merck.com/research/areas-of-innovation/green-and-sustainable-science/",
    "timestamp": "unknown"
  },
  {
    "title": "Our therapeutic modalities",
    "link": "https://www.merck.com/research/areas-of-innovation/our-therapeutic-modalities/",
    "timestamp": "unknown"
  },
  {
    "title": "Translational medicine",
    "link": "https://www.merck.com/research/areas-of-innovation/translational-medicine/",
    "timestamp": "unknown"
  },
  {
    "title": "Pipeline",
    "link": "https://www.merck.com/research/product-pipeline/",
    "timestamp": "unknown"
  },
  {
    "title": "Business development and licensing (BD&L)",
    "link": "https://www.merck.com/research/business-development-and-licensing/",
    "timestamp": "unknown"
  },
  {
    "title": "Clinical trialsClinical trials overviewFind a trialDiversity in clinical trials",
    "link": "https://www.merck.com/research/clinical-trials/",
    "timestamp": "unknown"
  },
  {
    "title": "Clinical trials overview",
    "link": "https://www.merck.com/research/clinical-trials/",
    "timestamp": "unknown"
  },
  {
    "title": "Find a trial",
    "link": "https://www.merckclinicaltrials.com/",
    "timestamp": "unknown"
  },
  {
    "title": "Diversity in clinical trials",
    "link": "https://www.merck.com/research/diversity-in-clinical-trials/",
    "timestamp": "unknown"
  },
  {
    "title": "R&#;D locations",
    "link": "https://www.merck.com/research/rd-locations/",
    "timestamp": "unknown"
  },
  {
    "title": "How we invent",
    "link": "https://www.merck.com/research/discovery-development/",
    "timestamp": "unknown"
  },
  {
    "title": "Meet our scientists",
    "link": "https://www.merck.com/research/meet-our-scientists/",
    "timestamp": "unknown"
  },
  {
    "title": "Publications",
    "link": "https://www.merck.com/research/publications/",
    "timestamp": "unknown"
  },
  {
    "title": "ProductsProducts listSafety data sheetsProduct patentsMerck authorized distributors",
    "link": "https://www.merck.com/products/",
    "timestamp": "unknown"
  },
  {
    "title": "Products list",
    "link": "https://www.merck.com/products/",
    "timestamp": "unknown"
  },
  {
    "title": "Safety data sheets",
    "link": "https://www.merck.com/products/safety-data-sheets/",
    "timestamp": "unknown"
  },
  {
    "title": "Product patents",
    "link": "https://www.merck.com/products/patent/",
    "timestamp": "unknown"
  },
  {
    "title": "Merck authorized distributors",
    "link": "https://www.merck.com/products/distributors/",
    "timestamp": "unknown"
  },
  {
    "title": "PatientsPatients overviewPatient support programsPlay an active role in your health care",
    "link": "https://www.merck.com/patients/",
    "timestamp": "unknown"
  },
  {
    "title": "Patients overview",
    "link": "https://www.merck.com/patients/",
    "timestamp": "unknown"
  },
  {
    "title": "Patient support programs",
    "link": "https://www.merck.com/patients/patient-support-programs/",
    "timestamp": "unknown"
  },
  {
    "title": "Play an active role in your health care",
    "link": "https://www.merck.com/patients/play-an-active-role-in-your-health-care/",
    "timestamp": "unknown"
  },
  {
    "title": "InvestorsInvestors overviewEvents & presentationsFinancial informationFinancial information overviewSEC filingsStock informationInvestor resources",
    "link": "https://www.merck.com/investor-relations/",
    "timestamp": "unknown"
  },
  {
    "title": "Investors overview",
    "link": "https://www.merck.com/investor-relations/",
    "timestamp": "unknown"
  },
  {
    "title": "Events & presentations",
    "link": "https://www.merck.com/investor-relations/events-and-presentations/",
    "timestamp": "unknown"
  },
  {
    "title": "Financial informationFinancial information overviewSEC filings",
    "link": "https://www.merck.com/investor-relations/financial-information/",
    "timestamp": "unknown"
  },
  {
    "title": "Financial information overview",
    "link": "https://www.merck.com/investor-relations/financial-information/",
    "timestamp": "unknown"
  },
  {
    "title": "SEC filings",
    "link": "https://www.merck.com/investor-relations/financial-information/sec-filings/",
    "timestamp": "unknown"
  },
  {
    "title": "Stock information",
    "link": "https://www.merck.com/investor-relations/stock-info/",
    "timestamp": "unknown"
  },
  {
    "title": "Investor resources",
    "link": "https://www.merck.com/investor-relations/investor-resources/",
    "timestamp": "unknown"
  },
  {
    "title": "MediaMedia overviewNews releasesCompany statementsMedia library & contactsCompany fact sheet",
    "link": "https://www.merck.com/media/",
    "timestamp": "unknown"
  },
  {
    "title": "Media overview",
    "link": "https://www.merck.com/media/",
    "timestamp": "unknown"
  },
  {
    "title": "News releases",
    "link": "https://www.merck.com/media/news/",
    "timestamp": "unknown"
  },
  {
    "title": "Company statements",
    "link": "https://www.merck.com/media/company-statements/",
    "timestamp": "unknown"
  },
  {
    "title": "Media library & contacts",
    "link": "https://www.merck.com/media/media-library/",
    "timestamp": "unknown"
  },
  {
    "title": "Company fact sheet",
    "link": "https://www.merck.com/media/company-fact-sheet/",
    "timestamp": "unknown"
  },
  {
    "title": "Careers",
    "link": "https://jobs.merck.com/us/en",
    "timestamp": "unknown"
  },
  {
    "title": "Who we areLearn more",
    "link": "https://www.merck.com/company-overview/",
    "timestamp": "unknown"
  },
  {
    "title": "Contact us",
    "link": "https://www.merck.com/contact-us/",
    "timestamp": "unknown"
  },
  {
    "title": "Media>News releasesNews releasesThe information contained in each news release posted on this page was factually accurate on the date it was issued. T",
    "link": "https://www.merck.com/media/",
    "timestamp": "unknown"
  },
  {
    "title": "Media>News releasesNews releasesThe information contained in each news release posted on this page was factually accurate on the date it was issued. T",
    "link": "https://www.merck.com/media/",
    "timestamp": "unknown"
  },
  {
    "title": "Media",
    "link": "https://www.merck.com/media/",
    "timestamp": "unknown"
  },
  {
    "title": "Connect with us on social",
    "link": "https://twitter.com/Merck",
    "timestamp": "unknown"
  },
  {
    "title": "Connect with us on social",
    "link": "https://twitter.com/Merck",
    "timestamp": "unknown"
  },
  {
    "title": "For patients and health care professionalsMerckHelpsMerck Patient Assistance Program provides certain Merck medicines and adult vaccines for free to q",
    "link": "https://www.merckhelps.com/",
    "timestamp": "unknown"
  },
  {
    "title": "For patients and health care professionalsMerckHelpsMerck Patient Assistance Program provides certain Merck medicines and adult vaccines for free to q",
    "link": "https://www.merckhelps.com/",
    "timestamp": "unknown"
  },
  {
    "title": "MerckHelpsMerck Patient Assistance Program provides certain Merck medicines and adult vaccines for free to qualified patients.",
    "link": "https://www.merckhelps.com/",
    "timestamp": "unknown"
  },
  {
    "title": "Merck Access ProgramInformation about insurance coverage and financial assistance options for eligible patients.",
    "link": "https://www.merckaccessprogram.com/",
    "timestamp": "unknown"
  },
  {
    "title": "Clinical trialsLearn about our clinical trials and find available studies.",
    "link": "https://www.merckclinicaltrials.com/",
    "timestamp": "unknown"
  },
  {
    "title": "Merck ManualsMedical information source covering thousands of topics in all fields of medicine.",
    "link": "https://www.merckmanuals.com/",
    "timestamp": "unknown"
  },
  {
    "title": "SustainabilityImpact ReportReporting on our commitment to operating responsibly to benefit society.Merck for MothersAn initiative to create a world wh",
    "link": "https://www.merck.com/company-overview/sustainability/",
    "timestamp": "unknown"
  },
  {
    "title": "Impact ReportReporting on our commitment to operating responsibly to benefit society.",
    "link": "https://www.merck.com/company-overview/sustainability/",
    "timestamp": "unknown"
  },
  {
    "title": "Merck for MothersAn initiative to create a world where no woman has to die giving life.",
    "link": "https://www.merckformothers.com/",
    "timestamp": "unknown"
  },
  {
    "title": "About MerckMerck Animal HealthThe global animal health business unit of Merck.Health Plan - Transparency in CoverageIn compliance with the Consolidate",
    "link": "https://www.merck-animal-health.com/",
    "timestamp": "unknown"
  },
  {
    "title": "Merck Animal HealthThe global animal health business unit of Merck.",
    "link": "https://www.merck-animal-health.com/",
    "timestamp": "unknown"
  },
  {
    "title": "Health Plan - Transparency in CoverageIn compliance with the Consolidated Appropriations Act, learn more about our health plan\u2019s pricing information.",
    "link": "https://horizonblue.sapphiremrfhub.com/tocs/current/merck-co-inc",
    "timestamp": "unknown"
  },
  {
    "title": "Contact UsIf you have a question or need more information about us, find out who you should contact.",
    "link": "https://www.merck.com/contact-us/",
    "timestamp": "unknown"
  },
  {
    "title": "Forward-looking statement",
    "link": "https://www.merck.com/forward-looking-statement/",
    "timestamp": "unknown"
  },
  {
    "title": "Privacy",
    "link": "https://www.msdprivacy.com/us/en/",
    "timestamp": "unknown"
  },
  {
    "title": "Transparency disclosure",
    "link": "https://www.msdprivacy.com/us/en/transparency-and-privacy.html",
    "timestamp": "unknown"
  },
  {
    "title": "Terms of use",
    "link": "https://www.merck.com/terms-of-use/",
    "timestamp": "unknown"
  },
  {
    "title": "Accessibility",
    "link": "https://www.msdaccessibility.com/",
    "timestamp": "unknown"
  },
  {
    "title": "Sitemap",
    "link": "https://www.merck.com/sitemap/",
    "timestamp": "unknown"
  },
  {
    "title": "Consumer Health Data Privacy Policy",
    "link": "https://www.msdprivacy.com/us/en/chd-policy/",
    "timestamp": "unknown"
  },
  {
    "title": "Your Privacy Choices",
    "link": "https://dsr.msd.com/DSR/United_States/English/",
    "timestamp": "unknown"
  },
  {
    "title": "Forward-looking statement of Merck & Co., Inc., Rahway, N.J., USAThis website of Merck & Co., Inc., Rahway, N.J., USA (the \u201ccompany\u201d) includes \u201cforwar",
    "link": "https://www.merck.com/",
    "timestamp": "unknown"
  },
  {
    "title": "Forward-looking statement of Merck & Co., Inc., Rahway, N.J., USAThis website of Merck & Co., Inc., Rahway, N.J., USA (the \u201ccompany\u201d) includes \u201cforwar",
    "link": "https://www.merck.com/",
    "timestamp": "unknown"
  },
  {
    "title": "Forward-looking statement of Merck & Co., Inc., Rahway, N.J., USAThis website of Merck & Co., Inc., Rahway, N.J., USA (the \u201ccompany\u201d) includes \u201cforwar",
    "link": "https://www.merck.com/",
    "timestamp": "unknown"
  },
  {
    "title": "DeclineAccept",
    "link": "https://www.merck.com/",
    "timestamp": "unknown"
  }
]