[
  {
    "title": "Japan\u65e5\u672c\u8a9eEnglishSelect Region",
    "link": "https://www.sumitomocorp.com/en/jp/",
    "timestamp": "unknown"
  },
  {
    "title": "Japan\u65e5\u672c\u8a9eEnglishSelect Region",
    "link": "https://www.sumitomocorp.com/en/jp/",
    "timestamp": "unknown"
  },
  {
    "title": "Japan\u65e5\u672c\u8a9eEnglishSelect Region",
    "link": "https://www.sumitomocorp.com/en/jp/",
    "timestamp": "unknown"
  },
  {
    "title": "Japan\u65e5\u672c\u8a9eEnglishSelect Region",
    "link": "https://www.sumitomocorp.com/en/jp/",
    "timestamp": "unknown"
  },
  {
    "title": "Japan\u65e5\u672c\u8a9eEnglishSelect Region",
    "link": "https://www.sumitomocorp.com/en/jp/",
    "timestamp": "unknown"
  },
  {
    "title": "Japan",
    "link": "https://www.sumitomocorp.com/en/jp/",
    "timestamp": "unknown"
  },
  {
    "title": "\u65e5\u672c\u8a9eEnglishSelect Region",
    "link": "https://www.sumitomocorp.com/ja/jp/news",
    "timestamp": "unknown"
  },
  {
    "title": "\u65e5\u672c\u8a9eEnglish",
    "link": "https://www.sumitomocorp.com/ja/jp/news",
    "timestamp": "unknown"
  },
  {
    "title": "\u65e5\u672c\u8a9e",
    "link": "https://www.sumitomocorp.com/ja/jp/news",
    "timestamp": "unknown"
  },
  {
    "title": "Select Region",
    "link": "https://www.sumitomocorp.com/region-selector/",
    "timestamp": "unknown"
  },
  {
    "title": "Select Region",
    "link": "https://www.sumitomocorp.com/region-selector/",
    "timestamp": "unknown"
  },
  {
    "title": "SearchAbout UsAbout UsMessage from the President and CEOPrinciples and Strategy\uff08Medium-Term Management Plan\uff09Corporate MessageCorporate ProfileManageme",
    "link": "https://www.sumitomocorp.com/en/jp/about",
    "timestamp": "unknown"
  },
  {
    "title": "SearchAbout UsAbout UsMessage from the President and CEOPrinciples and Strategy\uff08Medium-Term Management Plan\uff09Corporate MessageCorporate ProfileManageme",
    "link": "https://www.sumitomocorp.com/en/jp/about",
    "timestamp": "unknown"
  },
  {
    "title": "SearchAbout UsAbout UsMessage from the President and CEOPrinciples and Strategy\uff08Medium-Term Management Plan\uff09Corporate MessageCorporate ProfileManageme",
    "link": "https://www.sumitomocorp.com/en/jp/about",
    "timestamp": "unknown"
  },
  {
    "title": "SearchAbout UsAbout UsMessage from the President and CEOPrinciples and Strategy\uff08Medium-Term Management Plan\uff09Corporate MessageCorporate ProfileManageme",
    "link": "https://www.sumitomocorp.com/en/jp/about",
    "timestamp": "unknown"
  },
  {
    "title": "SearchAbout UsAbout UsMessage from the President and CEOPrinciples and Strategy\uff08Medium-Term Management Plan\uff09Corporate MessageCorporate ProfileManageme",
    "link": "https://www.sumitomocorp.com/en/jp/about",
    "timestamp": "unknown"
  },
  {
    "title": "About UsAbout UsMessage from the President and CEOPrinciples and Strategy\uff08Medium-Term Management Plan\uff09Corporate MessageCorporate ProfileManagementOrga",
    "link": "https://www.sumitomocorp.com/en/jp/about",
    "timestamp": "unknown"
  },
  {
    "title": "About Us",
    "link": "https://www.sumitomocorp.com/en/jp/about",
    "timestamp": "unknown"
  },
  {
    "title": "Message from the President and CEO",
    "link": "https://www.sumitomocorp.com/en/global/about/message",
    "timestamp": "unknown"
  },
  {
    "title": "Principles and Strategy\uff08Medium-Term Management Plan\uff09",
    "link": "https://www.sumitomocorp.com/en/global/about/principles",
    "timestamp": "unknown"
  },
  {
    "title": "Corporate Message",
    "link": "https://www.sumitomocorp.com/en/global/about/corporate-message",
    "timestamp": "unknown"
  },
  {
    "title": "Corporate Profile",
    "link": "https://www.sumitomocorp.com/en/jp/about/company/profile",
    "timestamp": "unknown"
  },
  {
    "title": "Management",
    "link": "https://www.sumitomocorp.com/en/jp/about/company/officer",
    "timestamp": "unknown"
  },
  {
    "title": "Organization",
    "link": "https://www.sumitomocorp.com/en/jp/about/company/org",
    "timestamp": "unknown"
  },
  {
    "title": "History",
    "link": "https://www.sumitomocorp.com/en/jp/about/company/sc-history",
    "timestamp": "unknown"
  },
  {
    "title": "Major Subsidiaries and Associated Companies",
    "link": "https://www.sumitomocorp.com/en/jp/about/company/scgroup/region",
    "timestamp": "unknown"
  },
  {
    "title": "Global Network",
    "link": "https://www.sumitomocorp.com/en/jp/about/point",
    "timestamp": "unknown"
  },
  {
    "title": "Governance",
    "link": "https://www.sumitomocorp.com/en/global/about/governance",
    "timestamp": "unknown"
  },
  {
    "title": "Human Capital",
    "link": "https://www.sumitomocorp.com/en/jp/about/humancapital",
    "timestamp": "unknown"
  },
  {
    "title": "Corporate Introduction",
    "link": "https://www.sumitomocorp.com/en/jp/about/library/ci01",
    "timestamp": "unknown"
  },
  {
    "title": "Our BusinessOur BusinessSteel GroupAutomotive GroupTransportation & Construction Systems GroupDiverse Urban Development GroupMedia & Digital GroupLife",
    "link": "https://www.sumitomocorp.com/en/jp/business",
    "timestamp": "unknown"
  },
  {
    "title": "Our Business",
    "link": "https://www.sumitomocorp.com/en/jp/business",
    "timestamp": "unknown"
  },
  {
    "title": "Steel Group",
    "link": "https://www.sumitomocorp.com/en/jp/business/business01",
    "timestamp": "unknown"
  },
  {
    "title": "Automotive Group",
    "link": "https://www.sumitomocorp.com/en/jp/business/business02",
    "timestamp": "unknown"
  },
  {
    "title": "Transportation & Construction Systems Group",
    "link": "https://www.sumitomocorp.com/en/jp/business/business03",
    "timestamp": "unknown"
  },
  {
    "title": "Diverse Urban Development Group",
    "link": "https://www.sumitomocorp.com/en/jp/business/business04",
    "timestamp": "unknown"
  },
  {
    "title": "Media & Digital Group",
    "link": "https://www.sumitomocorp.com/en/jp/business/business05",
    "timestamp": "unknown"
  },
  {
    "title": "Lifestyle Business Group",
    "link": "https://www.sumitomocorp.com/en/jp/business/business06",
    "timestamp": "unknown"
  },
  {
    "title": "Mineral Resources Group",
    "link": "https://www.sumitomocorp.com/en/jp/business/business07",
    "timestamp": "unknown"
  },
  {
    "title": "Chemical Solutions Group",
    "link": "https://www.sumitomocorp.com/en/jp/business/business08",
    "timestamp": "unknown"
  },
  {
    "title": "Energy Transformation Business Group",
    "link": "https://www.sumitomocorp.com/en/jp/business/business09",
    "timestamp": "unknown"
  },
  {
    "title": "Global Cases",
    "link": "https://www.sumitomocorp.com/en/jp/business/case",
    "timestamp": "unknown"
  },
  {
    "title": "NewsNewsNews ReleaseTopicsNotice",
    "link": "https://www.sumitomocorp.com/en/jp/news",
    "timestamp": "unknown"
  },
  {
    "title": "News",
    "link": "https://www.sumitomocorp.com/en/jp/news",
    "timestamp": "unknown"
  },
  {
    "title": "News Release",
    "link": "https://www.sumitomocorp.com/en/jp/news/release",
    "timestamp": "unknown"
  },
  {
    "title": "Topics",
    "link": "https://www.sumitomocorp.com/en/jp/news/topics",
    "timestamp": "unknown"
  },
  {
    "title": "Notice",
    "link": "https://www.sumitomocorp.com/en/jp/news/important",
    "timestamp": "unknown"
  },
  {
    "title": "SustainabilitySustainability",
    "link": "https://sumitomocorp.disclosure.site/en",
    "timestamp": "unknown"
  },
  {
    "title": "Sustainability",
    "link": "https://sumitomocorp.disclosure.site/en",
    "timestamp": "unknown"
  },
  {
    "title": "Investor RelationsInvestor RelationsFinancial InformationFinancial ResultsIR MeetingsShareholders InformationTo shareholders and investorsIR CalendarI",
    "link": "https://www.sumitomocorp.com/en/jp/ir",
    "timestamp": "unknown"
  },
  {
    "title": "Investor Relations",
    "link": "https://www.sumitomocorp.com/en/jp/ir",
    "timestamp": "unknown"
  },
  {
    "title": "Financial Information",
    "link": "https://www.sumitomocorp.com/en/jp/ir/financial",
    "timestamp": "unknown"
  },
  {
    "title": "Financial Results",
    "link": "https://www.sumitomocorp.com/en/jp/ir/report",
    "timestamp": "unknown"
  },
  {
    "title": "IR Meetings",
    "link": "https://www.sumitomocorp.com/en/jp/ir/explain",
    "timestamp": "unknown"
  },
  {
    "title": "Shareholders Information",
    "link": "https://www.sumitomocorp.com/en/jp/ir/stock",
    "timestamp": "unknown"
  },
  {
    "title": "To shareholders and investors",
    "link": "https://www.sumitomocorp.com/en/jp/ir/investors",
    "timestamp": "unknown"
  },
  {
    "title": "IR Calendar",
    "link": "https://www.sumitomocorp.com/en/jp/ir/calendar",
    "timestamp": "unknown"
  },
  {
    "title": "IR Contact Form",
    "link": "https://www.sumitomocorp.com/en/jp/info/ir",
    "timestamp": "unknown"
  },
  {
    "title": "Enriching+Enriching+",
    "link": "https://www.sumitomocorp.com/en/jp/enrich",
    "timestamp": "unknown"
  },
  {
    "title": "Enriching+",
    "link": "https://www.sumitomocorp.com/en/jp/enrich",
    "timestamp": "unknown"
  },
  {
    "title": "\u65e5\u672c\u8a9eEnglishSelect Region",
    "link": "https://www.sumitomocorp.com/ja/jp/news",
    "timestamp": "unknown"
  },
  {
    "title": "\u65e5\u672c\u8a9eEnglish",
    "link": "https://www.sumitomocorp.com/ja/jp/news",
    "timestamp": "unknown"
  },
  {
    "title": "\u65e5\u672c\u8a9e",
    "link": "https://www.sumitomocorp.com/ja/jp/news",
    "timestamp": "unknown"
  },
  {
    "title": "Select Region",
    "link": "https://www.sumitomocorp.com/region-selector/",
    "timestamp": "unknown"
  },
  {
    "title": "Please enter keywordsSearchAbout UsAbout UsMessage from the President and CEOPrinciples and Strategy (Medium-Term Management Plan)Corporate\n          ",
    "link": "https://www.sumitomocorp.com/en/jp/about",
    "timestamp": "unknown"
  },
  {
    "title": "Please enter keywordsSearchAbout UsAbout UsMessage from the President and CEOPrinciples and Strategy (Medium-Term Management Plan)Corporate\n          ",
    "link": "https://www.sumitomocorp.com/en/jp/about",
    "timestamp": "unknown"
  },
  {
    "title": "Please enter keywordsSearchAbout UsAbout UsMessage from the President and CEOPrinciples and Strategy (Medium-Term Management Plan)Corporate\n          ",
    "link": "https://www.sumitomocorp.com/en/jp/about",
    "timestamp": "unknown"
  },
  {
    "title": "Please enter keywordsSearchAbout UsAbout UsMessage from the President and CEOPrinciples and Strategy (Medium-Term Management Plan)Corporate\n          ",
    "link": "https://www.sumitomocorp.com/en/jp/about",
    "timestamp": "unknown"
  },
  {
    "title": "About UsAbout UsMessage from the President and CEOPrinciples and Strategy (Medium-Term Management Plan)Corporate\n                    MessageCorporate ",
    "link": "https://www.sumitomocorp.com/en/jp/about",
    "timestamp": "unknown"
  },
  {
    "title": "About UsAbout UsMessage from the President and CEOPrinciples and Strategy (Medium-Term Management Plan)Corporate\n                    MessageCorporate ",
    "link": "https://www.sumitomocorp.com/en/jp/about",
    "timestamp": "unknown"
  },
  {
    "title": "About UsMessage from the President and CEOPrinciples and Strategy (Medium-Term Management Plan)Corporate\n                    MessageCorporate ProfileM",
    "link": "https://www.sumitomocorp.com/en/jp/about",
    "timestamp": "unknown"
  },
  {
    "title": "About UsMessage from the President and CEOPrinciples and Strategy (Medium-Term Management Plan)Corporate\n                    MessageCorporate ProfileM",
    "link": "https://www.sumitomocorp.com/en/jp/about",
    "timestamp": "unknown"
  },
  {
    "title": "About Us",
    "link": "https://www.sumitomocorp.com/en/jp/about",
    "timestamp": "unknown"
  },
  {
    "title": "About Us",
    "link": "https://www.sumitomocorp.com/en/jp/about",
    "timestamp": "unknown"
  },
  {
    "title": "Message from the President and CEOPrinciples and Strategy (Medium-Term Management Plan)Corporate\n                    MessageCorporate ProfileManagemen",
    "link": "https://www.sumitomocorp.com/en/global/about/message",
    "timestamp": "unknown"
  },
  {
    "title": "Message from the President and CEOPrinciples and Strategy (Medium-Term Management Plan)Corporate\n                    MessageCorporate ProfileManagemen",
    "link": "https://www.sumitomocorp.com/en/global/about/message",
    "timestamp": "unknown"
  },
  {
    "title": "Message from the President and CEO",
    "link": "https://www.sumitomocorp.com/en/global/about/message",
    "timestamp": "unknown"
  },
  {
    "title": "Principles and Strategy (Medium-Term Management Plan)",
    "link": "https://www.sumitomocorp.com/en/global/about/principles",
    "timestamp": "unknown"
  },
  {
    "title": "Corporate\n                    Message",
    "link": "https://www.sumitomocorp.com/en/global/about/corporate-message",
    "timestamp": "unknown"
  },
  {
    "title": "Corporate Profile",
    "link": "https://www.sumitomocorp.com/en/jp/about/company/profile",
    "timestamp": "unknown"
  },
  {
    "title": "Management",
    "link": "https://www.sumitomocorp.com/en/jp/about/company/officer",
    "timestamp": "unknown"
  },
  {
    "title": "HistoryOrganizationGlobal NetworkMajor Subsidiaries and Associated\n                    Companies",
    "link": "https://www.sumitomocorp.com/en/jp/about/company/sc-history",
    "timestamp": "unknown"
  },
  {
    "title": "HistoryOrganizationGlobal NetworkMajor Subsidiaries and Associated\n                    Companies",
    "link": "https://www.sumitomocorp.com/en/jp/about/company/sc-history",
    "timestamp": "unknown"
  },
  {
    "title": "History",
    "link": "https://www.sumitomocorp.com/en/jp/about/company/sc-history",
    "timestamp": "unknown"
  },
  {
    "title": "Organization",
    "link": "https://www.sumitomocorp.com/en/jp/about/company/org",
    "timestamp": "unknown"
  },
  {
    "title": "Global Network",
    "link": "https://www.sumitomocorp.com/en/jp/about/point",
    "timestamp": "unknown"
  },
  {
    "title": "Major Subsidiaries and Associated\n                    Companies",
    "link": "https://www.sumitomocorp.com/en/jp/about/company/scgroup",
    "timestamp": "unknown"
  },
  {
    "title": "GovernanceHuman CapitalCorporate Introduction",
    "link": "https://www.sumitomocorp.com/en/global/about/governance",
    "timestamp": "unknown"
  },
  {
    "title": "GovernanceHuman CapitalCorporate Introduction",
    "link": "https://www.sumitomocorp.com/en/global/about/governance",
    "timestamp": "unknown"
  },
  {
    "title": "Governance",
    "link": "https://www.sumitomocorp.com/en/global/about/governance",
    "timestamp": "unknown"
  },
  {
    "title": "Human Capital",
    "link": "https://www.sumitomocorp.com/en/jp/about/humancapital",
    "timestamp": "unknown"
  },
  {
    "title": "Corporate Introduction",
    "link": "https://www.sumitomocorp.com/en/jp/about/library/ci01",
    "timestamp": "unknown"
  },
  {
    "title": "Our BusinessOur BusinessBusiness FieldsSteel GroupAutomotive GroupTransportation & Construction Systems GroupDiverse Urban Development GroupMedia & Di",
    "link": "https://www.sumitomocorp.com/en/jp/business",
    "timestamp": "unknown"
  },
  {
    "title": "Our BusinessBusiness FieldsSteel GroupAutomotive GroupTransportation & Construction Systems GroupDiverse Urban Development GroupMedia & Digital GroupL",
    "link": "https://www.sumitomocorp.com/en/jp/business",
    "timestamp": "unknown"
  },
  {
    "title": "Our BusinessBusiness FieldsSteel GroupAutomotive GroupTransportation & Construction Systems GroupDiverse Urban Development GroupMedia & Digital GroupL",
    "link": "https://www.sumitomocorp.com/en/jp/business",
    "timestamp": "unknown"
  },
  {
    "title": "Our Business",
    "link": "https://www.sumitomocorp.com/en/jp/business",
    "timestamp": "unknown"
  },
  {
    "title": "Our Business",
    "link": "https://www.sumitomocorp.com/en/jp/business",
    "timestamp": "unknown"
  },
  {
    "title": "Business FieldsSteel GroupAutomotive GroupTransportation & Construction Systems GroupDiverse Urban Development GroupMedia & Digital GroupLifestyle Bus",
    "link": "https://www.sumitomocorp.com/en/jp/business/business01",
    "timestamp": "unknown"
  },
  {
    "title": "Business FieldsSteel GroupAutomotive GroupTransportation & Construction Systems GroupDiverse Urban Development GroupMedia & Digital GroupLifestyle Bus",
    "link": "https://www.sumitomocorp.com/en/jp/business/business01",
    "timestamp": "unknown"
  },
  {
    "title": "Steel Group",
    "link": "https://www.sumitomocorp.com/en/jp/business/business01",
    "timestamp": "unknown"
  },
  {
    "title": "Automotive Group",
    "link": "https://www.sumitomocorp.com/en/jp/business/business02",
    "timestamp": "unknown"
  },
  {
    "title": "Transportation & Construction Systems Group",
    "link": "https://www.sumitomocorp.com/en/jp/business/business03",
    "timestamp": "unknown"
  },
  {
    "title": "Diverse Urban Development Group",
    "link": "https://www.sumitomocorp.com/en/jp/business/business04",
    "timestamp": "unknown"
  },
  {
    "title": "Media & Digital Group",
    "link": "https://www.sumitomocorp.com/en/jp/business/business05",
    "timestamp": "unknown"
  },
  {
    "title": "Lifestyle Business Group",
    "link": "https://www.sumitomocorp.com/en/jp/business/business06",
    "timestamp": "unknown"
  },
  {
    "title": "Mineral Resources Group",
    "link": "https://www.sumitomocorp.com/en/jp/business/business07",
    "timestamp": "unknown"
  },
  {
    "title": "Chemical Solutions Group",
    "link": "https://www.sumitomocorp.com/en/jp/business/business08",
    "timestamp": "unknown"
  },
  {
    "title": "Energy Transformation Business Group",
    "link": "https://www.sumitomocorp.com/en/jp/business/business09",
    "timestamp": "unknown"
  },
  {
    "title": "Global CasesIn the Global Cases, we present our projects and business activities in each country and region to show how they contribute to local commu",
    "link": "https://www.sumitomocorp.com/en/jp/business/case",
    "timestamp": "unknown"
  },
  {
    "title": "Global CasesIn the Global Cases, we present our projects and business activities in each country and region to show how they contribute to local commu",
    "link": "https://www.sumitomocorp.com/en/jp/business/case",
    "timestamp": "unknown"
  },
  {
    "title": "View More",
    "link": "https://www.sumitomocorp.com/en/jp/business/case",
    "timestamp": "unknown"
  },
  {
    "title": "Digital transformation (DX) driven by cutting-edge technologies",
    "link": "https://www.sumitomocorp.com/en/jp/business/case/group/dx",
    "timestamp": "unknown"
  },
  {
    "title": "Participation in European offshore wind power projects",
    "link": "https://www.sumitomocorp.com/en/jp/business/case/group/wind-power",
    "timestamp": "unknown"
  },
  {
    "title": "Summit, a supermarket continually evolving in line with customer\u2019s tastes and lifestyles",
    "link": "https://www.sumitomocorp.com/en/jp/business/case/group/",
    "timestamp": "unknown"
  },
  {
    "title": "Mobility service businesses pursuing the future possibilities of cars",
    "link": "https://www.sumitomocorp.com/en/jp/business/case/group/mobility-service",
    "timestamp": "unknown"
  },
  {
    "title": "Providing manufacturing companies with integrated and continuing support through the industrial park business",
    "link": "https://www.sumitomocorp.com/en/jp/business/case/group/industrial-park",
    "timestamp": "unknown"
  },
  {
    "title": "NewsNewsNews ReleaseTopicsNoticeLatest NewsOct. ,Personnel Changes(PDF/218KB)Oct. ,[Timely disclosure]                                                ",
    "link": "https://www.sumitomocorp.com/en/jp/news",
    "timestamp": "unknown"
  },
  {
    "title": "NewsNews ReleaseTopicsNoticeLatest NewsOct. ,Personnel Changes(PDF/218KB)Oct. ,[Timely disclosure]                                                    ",
    "link": "https://www.sumitomocorp.com/en/jp/news",
    "timestamp": "unknown"
  },
  {
    "title": "NewsNews ReleaseTopicsNoticeLatest NewsOct. ,Personnel Changes(PDF/218KB)Oct. ,[Timely disclosure]                                                    ",
    "link": "https://www.sumitomocorp.com/en/jp/news",
    "timestamp": "unknown"
  },
  {
    "title": "News",
    "link": "https://www.sumitomocorp.com/en/jp/news",
    "timestamp": "unknown"
  },
  {
    "title": "News",
    "link": "https://www.sumitomocorp.com/en/jp/news",
    "timestamp": "unknown"
  },
  {
    "title": "News ReleaseTopicsNotice",
    "link": "https://www.sumitomocorp.com/en/jp/news/release",
    "timestamp": "unknown"
  },
  {
    "title": "News ReleaseTopicsNotice",
    "link": "https://www.sumitomocorp.com/en/jp/news/release",
    "timestamp": "unknown"
  },
  {
    "title": "News Release",
    "link": "https://www.sumitomocorp.com/en/jp/news/release",
    "timestamp": "unknown"
  },
  {
    "title": "Topics",
    "link": "https://www.sumitomocorp.com/en/jp/news/topics",
    "timestamp": "unknown"
  },
  {
    "title": "Notice",
    "link": "https://www.sumitomocorp.com/en/jp/news/important",
    "timestamp": "unknown"
  },
  {
    "title": "Latest NewsOct. ,Personnel Changes(PDF/218KB)Oct. ,[Timely disclosure]                                                                                ",
    "link": "https://www.sumitomocorp.com/-/media/Files/hq/news/release///20460_en.pdf",
    "timestamp": "unknown"
  },
  {
    "title": "Latest NewsOct. ,Personnel Changes(PDF/218KB)Oct. ,[Timely disclosure]                                                                                ",
    "link": "https://www.sumitomocorp.com/-/media/Files/hq/news/release///20460_en.pdf",
    "timestamp": "unknown"
  },
  {
    "title": "Oct. ,Personnel Changes(PDF/218KB)",
    "link": "https://www.sumitomocorp.com/-/media/Files/hq/news/release///20460_en.pdf",
    "timestamp": "unknown"
  },
  {
    "title": "Oct. ,[Timely disclosure]                                                                                                    Notice Regarding the Prog",
    "link": "https://www.sumitomocorp.com/-/media/Files/hq/news/release///20470_en.pdf",
    "timestamp": "unknown"
  },
  {
    "title": "Sep. ,Personnel Changes(PDF/152KB)",
    "link": "https://www.sumitomocorp.com/-/media/Files/hq/news/release///20410_en.pdf",
    "timestamp": "unknown"
  },
  {
    "title": "Sustainability",
    "link": "https://sumitomocorp.disclosure.site/en",
    "timestamp": "unknown"
  },
  {
    "title": "Investor RelationsInvestor RelationsSumitomo Corporation Group\u2019s Information Disclosure ToolsFinancial InformationFinancial ResultsIR MeetingsSharehol",
    "link": "https://www.sumitomocorp.com/en/jp/ir",
    "timestamp": "unknown"
  },
  {
    "title": "Investor RelationsSumitomo Corporation Group\u2019s Information Disclosure ToolsFinancial InformationFinancial ResultsIR MeetingsShareholders InformationTo",
    "link": "https://www.sumitomocorp.com/en/jp/ir",
    "timestamp": "unknown"
  },
  {
    "title": "Investor RelationsSumitomo Corporation Group\u2019s Information Disclosure ToolsFinancial InformationFinancial ResultsIR MeetingsShareholders InformationTo",
    "link": "https://www.sumitomocorp.com/en/jp/ir",
    "timestamp": "unknown"
  },
  {
    "title": "Investor Relations",
    "link": "https://www.sumitomocorp.com/en/jp/ir",
    "timestamp": "unknown"
  },
  {
    "title": "Investor Relations",
    "link": "https://www.sumitomocorp.com/en/jp/ir",
    "timestamp": "unknown"
  },
  {
    "title": "Sumitomo Corporation Group\u2019s Information Disclosure ToolsFinancial InformationFinancial ResultsIR MeetingsShareholders InformationTo shareholders and ",
    "link": "https://www.sumitomocorp.com/en/jp/ir/information-disclosure",
    "timestamp": "unknown"
  },
  {
    "title": "Sumitomo Corporation Group\u2019s Information Disclosure ToolsFinancial InformationFinancial ResultsIR MeetingsShareholders InformationTo shareholders and ",
    "link": "https://www.sumitomocorp.com/en/jp/ir/information-disclosure",
    "timestamp": "unknown"
  },
  {
    "title": "Sumitomo Corporation Group\u2019s Information Disclosure Tools",
    "link": "https://www.sumitomocorp.com/en/jp/ir/information-disclosure",
    "timestamp": "unknown"
  },
  {
    "title": "Financial Information",
    "link": "https://www.sumitomocorp.com/en/jp/ir/financial",
    "timestamp": "unknown"
  },
  {
    "title": "Financial Results",
    "link": "https://www.sumitomocorp.com/en/jp/ir/report",
    "timestamp": "unknown"
  },
  {
    "title": "IR Meetings",
    "link": "https://www.sumitomocorp.com/en/jp/ir/explain",
    "timestamp": "unknown"
  },
  {
    "title": "Shareholders Information",
    "link": "https://www.sumitomocorp.com/en/jp/ir/stock",
    "timestamp": "unknown"
  },
  {
    "title": "To shareholders and investors",
    "link": "https://www.sumitomocorp.com/en/jp/ir/investors",
    "timestamp": "unknown"
  },
  {
    "title": "IR Calendar",
    "link": "https://www.sumitomocorp.com/en/jp/ir/calendar",
    "timestamp": "unknown"
  },
  {
    "title": "IR Contact Form",
    "link": "https://www.sumitomocorp.com/en/jp/info/ir",
    "timestamp": "unknown"
  },
  {
    "title": "Latest InformationOct. ,2nd Quarter Results for FY2025 will be announced on Oct. ,  ( JST)Sep. ,Integrated Report  ReleasedSep. ,Business Strategy Mee",
    "link": "https://www.sumitomocorp.com/en/jp/ir/report",
    "timestamp": "unknown"
  },
  {
    "title": "Latest InformationOct. ,2nd Quarter Results for FY2025 will be announced on Oct. ,  ( JST)Sep. ,Integrated Report  ReleasedSep. ,Business Strategy Mee",
    "link": "https://www.sumitomocorp.com/en/jp/ir/report",
    "timestamp": "unknown"
  },
  {
    "title": "Oct. ,2nd Quarter Results for FY2025 will be announced on Oct. ,  ( JST)",
    "link": "https://www.sumitomocorp.com/en/jp/ir/report",
    "timestamp": "unknown"
  },
  {
    "title": "Sep. ,Integrated Report  Released",
    "link": "https://www.sumitomocorp.com/en/jp/ir/financial/investors-guide/",
    "timestamp": "unknown"
  },
  {
    "title": "Sep. ,Business Strategy Meeting (Sep. , ,  JST)",
    "link": "https://www.sumitomocorp.com/en/jp/ir/explain/business",
    "timestamp": "unknown"
  },
  {
    "title": "Enriching+Enriching+Enriching+ is Sumitomo Corporation's official owned media bringing you the real thoughts of employees and the stories behind the p",
    "link": "https://www.sumitomocorp.com/en/jp/enrich",
    "timestamp": "unknown"
  },
  {
    "title": "Enriching+Enriching+ is Sumitomo Corporation's official owned media bringing you the real thoughts of employees and the stories behind the projectsCat",
    "link": "https://www.sumitomocorp.com/en/jp/enrich",
    "timestamp": "unknown"
  },
  {
    "title": "Enriching+Enriching+ is Sumitomo Corporation's official owned media bringing you the real thoughts of employees and the stories behind the projectsCat",
    "link": "https://www.sumitomocorp.com/en/jp/enrich",
    "timestamp": "unknown"
  },
  {
    "title": "Enriching+",
    "link": "https://www.sumitomocorp.com/en/jp/enrich",
    "timestamp": "unknown"
  },
  {
    "title": "Enriching+",
    "link": "https://www.sumitomocorp.com/en/jp/enrich",
    "timestamp": "unknown"
  },
  {
    "title": "Enriching+ is Sumitomo Corporation's official owned media bringing you the real thoughts of employees and the stories behind the projectsCategoryBusin",
    "link": "https://www.sumitomocorp.com/en/jp/enrich/list?category=business",
    "timestamp": "unknown"
  },
  {
    "title": "Enriching+ is Sumitomo Corporation's official owned media bringing you the real thoughts of employees and the stories behind the projectsCategoryBusin",
    "link": "https://www.sumitomocorp.com/en/jp/enrich/list?category=business",
    "timestamp": "unknown"
  },
  {
    "title": "Business",
    "link": "https://www.sumitomocorp.com/en/jp/enrich/list?category=business",
    "timestamp": "unknown"
  },
  {
    "title": "Culture",
    "link": "https://www.sumitomocorp.com/en/jp/enrich/list?category=culture",
    "timestamp": "unknown"
  },
  {
    "title": "\uff0b (Plus)",
    "link": "https://www.sumitomocorp.com/en/jp/enrich/list?category=plus",
    "timestamp": "unknown"
  },
  {
    "title": "\u65e5\u672c\u8a9eEnglishSelect Region",
    "link": "https://www.sumitomocorp.com/ja/jp/news",
    "timestamp": "unknown"
  },
  {
    "title": "\u65e5\u672c\u8a9eEnglish",
    "link": "https://www.sumitomocorp.com/ja/jp/news",
    "timestamp": "unknown"
  },
  {
    "title": "\u65e5\u672c\u8a9e",
    "link": "https://www.sumitomocorp.com/ja/jp/news",
    "timestamp": "unknown"
  },
  {
    "title": "Select Region",
    "link": "https://www.sumitomocorp.com/region-selector/",
    "timestamp": "unknown"
  },
  {
    "title": "NewsNews ReleaseOct. ,Personnel Changes(PDF/218KB)Oct. ,Notice Regarding the Progress of Share Repurchases(PDF/61KB)Timely disclosureSep. ,Personnel C",
    "link": "https://www.sumitomocorp.com/-/media/Files/hq/news/release///20460_en.pdf",
    "timestamp": "unknown"
  },
  {
    "title": "Oct. ,Personnel Changes(PDF/218KB)Oct. ,Notice Regarding the Progress of Share Repurchases(PDF/61KB)Timely disclosureSep. ,Personnel Changes(PDF/152KB",
    "link": "https://www.sumitomocorp.com/-/media/Files/hq/news/release///20460_en.pdf",
    "timestamp": "unknown"
  },
  {
    "title": "Oct. ,Personnel Changes(PDF/218KB)Oct. ,Notice Regarding the Progress of Share Repurchases(PDF/61KB)Timely disclosureSep. ,Personnel Changes(PDF/152KB",
    "link": "https://www.sumitomocorp.com/-/media/Files/hq/news/release///20460_en.pdf",
    "timestamp": "unknown"
  },
  {
    "title": "Oct. ,Personnel Changes(PDF/218KB)Oct. ,Notice Regarding the Progress of Share Repurchases(PDF/61KB)Timely disclosureSep. ,Personnel Changes(PDF/152KB",
    "link": "https://www.sumitomocorp.com/-/media/Files/hq/news/release///20460_en.pdf",
    "timestamp": "unknown"
  },
  {
    "title": "Oct. ,Personnel Changes(PDF/218KB)Oct. ,Notice Regarding the Progress of Share Repurchases(PDF/61KB)Timely disclosureSep. ,Personnel Changes(PDF/152KB",
    "link": "https://www.sumitomocorp.com/-/media/Files/hq/news/release///20460_en.pdf",
    "timestamp": "unknown"
  },
  {
    "title": "Oct. ,Personnel Changes(PDF/218KB)Oct. ,Notice Regarding the Progress of Share Repurchases(PDF/61KB)Timely disclosureSep. ,Personnel Changes(PDF/152KB",
    "link": "https://www.sumitomocorp.com/-/media/Files/hq/news/release///20460_en.pdf",
    "timestamp": "unknown"
  },
  {
    "title": "News ReleaseNews Release (Sumitomo Corp. Group)RSS",
    "link": "https://www.sumitomocorp.com/en/jp/news/release",
    "timestamp": "unknown"
  },
  {
    "title": "News ReleaseNews Release (Sumitomo Corp. Group)RSS",
    "link": "https://www.sumitomocorp.com/en/jp/news/release",
    "timestamp": "unknown"
  },
  {
    "title": "News ReleaseNews Release (Sumitomo Corp. Group)RSS",
    "link": "https://www.sumitomocorp.com/en/jp/news/release",
    "timestamp": "unknown"
  },
  {
    "title": "News ReleaseNews Release (Sumitomo Corp. Group)RSS",
    "link": "https://www.sumitomocorp.com/en/jp/news/release",
    "timestamp": "unknown"
  },
  {
    "title": "News ReleaseNews Release (Sumitomo Corp. Group)RSS",
    "link": "https://www.sumitomocorp.com/en/jp/news/release",
    "timestamp": "unknown"
  },
  {
    "title": "News ReleaseNews Release (Sumitomo Corp. Group)RSS",
    "link": "https://www.sumitomocorp.com/en/jp/news/release",
    "timestamp": "unknown"
  },
  {
    "title": "News Release (Sumitomo Corp. Group)",
    "link": "https://www.sumitomocorp.com/en/jp/news/group",
    "timestamp": "unknown"
  },
  {
    "title": "RSS",
    "link": "https://www.sumitomocorp.com/en/jp/news/release/rss",
    "timestamp": "unknown"
  },
  {
    "title": "Sep. ,Seibu Kaihatsu Nosan and the Sumitomo Corporation Group Enter Business Alliance for Sustainable Agricultural ProductionSep. ,Sumitomo Corporatio",
    "link": "https://www.sumitomocorp.com/en/jp/news/topics//group/",
    "timestamp": "unknown"
  },
  {
    "title": "Sep. ,Seibu Kaihatsu Nosan and the Sumitomo Corporation Group Enter Business Alliance for Sustainable Agricultural ProductionSep. ,Sumitomo Corporatio",
    "link": "https://www.sumitomocorp.com/en/jp/news/topics//group/",
    "timestamp": "unknown"
  },
  {
    "title": "Sep. ,Seibu Kaihatsu Nosan and the Sumitomo Corporation Group Enter Business Alliance for Sustainable Agricultural ProductionSep. ,Sumitomo Corporatio",
    "link": "https://www.sumitomocorp.com/en/jp/news/topics//group/",
    "timestamp": "unknown"
  },
  {
    "title": "Sep. ,Seibu Kaihatsu Nosan and the Sumitomo Corporation Group Enter Business Alliance for Sustainable Agricultural ProductionSep. ,Sumitomo Corporatio",
    "link": "https://www.sumitomocorp.com/en/jp/news/topics//group/",
    "timestamp": "unknown"
  },
  {
    "title": "Sep. ,Seibu Kaihatsu Nosan and the Sumitomo Corporation Group Enter Business Alliance for Sustainable Agricultural ProductionSep. ,Sumitomo Corporatio",
    "link": "https://www.sumitomocorp.com/en/jp/news/topics//group/",
    "timestamp": "unknown"
  },
  {
    "title": "Topics",
    "link": "https://www.sumitomocorp.com/en/jp/news/topics",
    "timestamp": "unknown"
  },
  {
    "title": "Topics",
    "link": "https://www.sumitomocorp.com/en/jp/news/topics",
    "timestamp": "unknown"
  },
  {
    "title": "Topics",
    "link": "https://www.sumitomocorp.com/en/jp/news/topics",
    "timestamp": "unknown"
  },
  {
    "title": "Topics",
    "link": "https://www.sumitomocorp.com/en/jp/news/topics",
    "timestamp": "unknown"
  },
  {
    "title": "Topics",
    "link": "https://www.sumitomocorp.com/en/jp/news/topics",
    "timestamp": "unknown"
  },
  {
    "title": "Topics",
    "link": "https://www.sumitomocorp.com/en/jp/news/topics",
    "timestamp": "unknown"
  },
  {
    "title": "Oct. ,2nd Quarter Results for FY2025 will be announced on Oct. ,  ( JST)Sep. ,Integrated Report  ReleasedSep. ,Business Strategy Meeting (Sep. , ,  JS",
    "link": "https://www.sumitomocorp.com/en/jp/ir/report",
    "timestamp": "unknown"
  },
  {
    "title": "Oct. ,2nd Quarter Results for FY2025 will be announced on Oct. ,  ( JST)Sep. ,Integrated Report  ReleasedSep. ,Business Strategy Meeting (Sep. , ,  JS",
    "link": "https://www.sumitomocorp.com/en/jp/ir/report",
    "timestamp": "unknown"
  },
  {
    "title": "Oct. ,2nd Quarter Results for FY2025 will be announced on Oct. ,  ( JST)Sep. ,Integrated Report  ReleasedSep. ,Business Strategy Meeting (Sep. , ,  JS",
    "link": "https://www.sumitomocorp.com/en/jp/ir/report",
    "timestamp": "unknown"
  },
  {
    "title": "Oct. ,2nd Quarter Results for FY2025 will be announced on Oct. ,  ( JST)Sep. ,Integrated Report  ReleasedSep. ,Business Strategy Meeting (Sep. , ,  JS",
    "link": "https://www.sumitomocorp.com/en/jp/ir/report",
    "timestamp": "unknown"
  },
  {
    "title": "Oct. ,2nd Quarter Results for FY2025 will be announced on Oct. ,  ( JST)Sep. ,Integrated Report  ReleasedSep. ,Business Strategy Meeting (Sep. , ,  JS",
    "link": "https://www.sumitomocorp.com/en/jp/ir/report",
    "timestamp": "unknown"
  },
  {
    "title": "Investor RelationsRSS",
    "link": "https://www.sumitomocorp.com/en/jp/ir",
    "timestamp": "unknown"
  },
  {
    "title": "Investor RelationsRSS",
    "link": "https://www.sumitomocorp.com/en/jp/ir",
    "timestamp": "unknown"
  },
  {
    "title": "Investor RelationsRSS",
    "link": "https://www.sumitomocorp.com/en/jp/ir",
    "timestamp": "unknown"
  },
  {
    "title": "Investor RelationsRSS",
    "link": "https://www.sumitomocorp.com/en/jp/ir",
    "timestamp": "unknown"
  },
  {
    "title": "Investor RelationsRSS",
    "link": "https://www.sumitomocorp.com/en/jp/ir",
    "timestamp": "unknown"
  },
  {
    "title": "Investor Relations",
    "link": "https://www.sumitomocorp.com/en/jp/ir",
    "timestamp": "unknown"
  },
  {
    "title": "RSS",
    "link": "https://www.sumitomocorp.com/en/jp/ir/latestinformation/rss",
    "timestamp": "unknown"
  },
  {
    "title": "Sep. ,Integrated Report  ReleasedApr. ,Amendment of Telecommunications Business Agreement in MyanmarMar. ,Autonomous Bus Trial Launch in Kumamoto City",
    "link": "https://www.sumitomocorp.com/en/jp/ir/financial/investors-guide/",
    "timestamp": "unknown"
  },
  {
    "title": "Sep. ,Integrated Report  ReleasedApr. ,Amendment of Telecommunications Business Agreement in MyanmarMar. ,Autonomous Bus Trial Launch in Kumamoto City",
    "link": "https://www.sumitomocorp.com/en/jp/ir/financial/investors-guide/",
    "timestamp": "unknown"
  },
  {
    "title": "Sep. ,Integrated Report  ReleasedApr. ,Amendment of Telecommunications Business Agreement in MyanmarMar. ,Autonomous Bus Trial Launch in Kumamoto City",
    "link": "https://www.sumitomocorp.com/en/jp/ir/financial/investors-guide/",
    "timestamp": "unknown"
  },
  {
    "title": "Sep. ,Integrated Report  ReleasedApr. ,Amendment of Telecommunications Business Agreement in MyanmarMar. ,Autonomous Bus Trial Launch in Kumamoto City",
    "link": "https://www.sumitomocorp.com/en/jp/ir/financial/investors-guide/",
    "timestamp": "unknown"
  },
  {
    "title": "Sep. ,Integrated Report  ReleasedApr. ,Amendment of Telecommunications Business Agreement in MyanmarMar. ,Autonomous Bus Trial Launch in Kumamoto City",
    "link": "https://www.sumitomocorp.com/en/jp/ir/financial/investors-guide/",
    "timestamp": "unknown"
  },
  {
    "title": "Notice",
    "link": "https://www.sumitomocorp.com/en/jp/news/important",
    "timestamp": "unknown"
  },
  {
    "title": "Notice",
    "link": "https://www.sumitomocorp.com/en/jp/news/important",
    "timestamp": "unknown"
  },
  {
    "title": "Notice",
    "link": "https://www.sumitomocorp.com/en/jp/news/important",
    "timestamp": "unknown"
  },
  {
    "title": "Notice",
    "link": "https://www.sumitomocorp.com/en/jp/news/important",
    "timestamp": "unknown"
  },
  {
    "title": "Notice",
    "link": "https://www.sumitomocorp.com/en/jp/news/important",
    "timestamp": "unknown"
  },
  {
    "title": "Notice",
    "link": "https://www.sumitomocorp.com/en/jp/news/important",
    "timestamp": "unknown"
  },
  {
    "title": "Social MediaOfficial AccountLinkedInShare",
    "link": "https://www.linkedin.com/company/sumitomocorporation/",
    "timestamp": "unknown"
  },
  {
    "title": "Social MediaOfficial AccountLinkedInShare",
    "link": "https://www.linkedin.com/company/sumitomocorporation/",
    "timestamp": "unknown"
  },
  {
    "title": "LinkedIn",
    "link": "https://www.linkedin.com/company/sumitomocorporation/",
    "timestamp": "unknown"
  },
  {
    "title": "HomeNews",
    "link": "https://www.sumitomocorp.com/en/jp/",
    "timestamp": "unknown"
  },
  {
    "title": "HomeNews",
    "link": "https://www.sumitomocorp.com/en/jp/",
    "timestamp": "unknown"
  },
  {
    "title": "HomeNews",
    "link": "https://www.sumitomocorp.com/en/jp/",
    "timestamp": "unknown"
  },
  {
    "title": "HomeNews",
    "link": "https://www.sumitomocorp.com/en/jp/",
    "timestamp": "unknown"
  },
  {
    "title": "HomeNews",
    "link": "https://www.sumitomocorp.com/en/jp/",
    "timestamp": "unknown"
  },
  {
    "title": "Home",
    "link": "https://www.sumitomocorp.com/en/jp/",
    "timestamp": "unknown"
  },
  {
    "title": "About Sumitomo Corporation GroupAbout UsSumitomo Corporation Group's BusinessOur BusinessAchieving Sustainable Growthwith SocietySustainability",
    "link": "https://www.sumitomocorp.com/en/jp/about",
    "timestamp": "unknown"
  },
  {
    "title": "About Sumitomo Corporation GroupAbout UsSumitomo Corporation Group's BusinessOur BusinessAchieving Sustainable Growthwith SocietySustainability",
    "link": "https://www.sumitomocorp.com/en/jp/about",
    "timestamp": "unknown"
  },
  {
    "title": "About Sumitomo Corporation GroupAbout UsSumitomo Corporation Group's BusinessOur BusinessAchieving Sustainable Growthwith SocietySustainability",
    "link": "https://www.sumitomocorp.com/en/jp/about",
    "timestamp": "unknown"
  },
  {
    "title": "About Sumitomo Corporation GroupAbout UsSumitomo Corporation Group's BusinessOur BusinessAchieving Sustainable Growthwith SocietySustainability",
    "link": "https://www.sumitomocorp.com/en/jp/about",
    "timestamp": "unknown"
  },
  {
    "title": "About Sumitomo Corporation GroupAbout UsSumitomo Corporation Group's BusinessOur BusinessAchieving Sustainable Growthwith SocietySustainability",
    "link": "https://www.sumitomocorp.com/en/jp/about",
    "timestamp": "unknown"
  },
  {
    "title": "About Sumitomo Corporation GroupAbout UsSumitomo Corporation Group's BusinessOur BusinessAchieving Sustainable Growthwith SocietySustainability",
    "link": "https://www.sumitomocorp.com/en/jp/about",
    "timestamp": "unknown"
  },
  {
    "title": "About Sumitomo Corporation GroupAbout Us",
    "link": "https://www.sumitomocorp.com/en/jp/about",
    "timestamp": "unknown"
  },
  {
    "title": "Sumitomo Corporation Group's BusinessOur Business",
    "link": "https://www.sumitomocorp.com/en/jp/business",
    "timestamp": "unknown"
  },
  {
    "title": "Achieving Sustainable Growthwith SocietySustainability",
    "link": "https://www.sumitomocorp.com/en/jp/sustainability",
    "timestamp": "unknown"
  },
  {
    "title": "Contact UsSite MapTerms and Conditions of UsePrivacy PolicyInformation Security PolicyCommunity Guideline",
    "link": "https://www.sumitomocorp.com/en/jp/info",
    "timestamp": "unknown"
  },
  {
    "title": "Contact UsSite MapTerms and Conditions of UsePrivacy PolicyInformation Security PolicyCommunity Guideline",
    "link": "https://www.sumitomocorp.com/en/jp/info",
    "timestamp": "unknown"
  },
  {
    "title": "Contact UsSite MapTerms and Conditions of UsePrivacy PolicyInformation Security PolicyCommunity Guideline",
    "link": "https://www.sumitomocorp.com/en/jp/info",
    "timestamp": "unknown"
  },
  {
    "title": "Contact UsSite MapTerms and Conditions of UsePrivacy PolicyInformation Security PolicyCommunity Guideline",
    "link": "https://www.sumitomocorp.com/en/jp/info",
    "timestamp": "unknown"
  },
  {
    "title": "Contact UsSite MapTerms and Conditions of UsePrivacy PolicyInformation Security PolicyCommunity Guideline",
    "link": "https://www.sumitomocorp.com/en/jp/info",
    "timestamp": "unknown"
  },
  {
    "title": "Contact Us",
    "link": "https://www.sumitomocorp.com/en/jp/info",
    "timestamp": "unknown"
  },
  {
    "title": "Site Map",
    "link": "https://www.sumitomocorp.com/en/jp/sitemap",
    "timestamp": "unknown"
  },
  {
    "title": "Terms and Conditions of Use",
    "link": "https://www.sumitomocorp.com/en/jp/terms",
    "timestamp": "unknown"
  },
  {
    "title": "Privacy Policy",
    "link": "https://www.sumitomocorp.com/en/jp/privacy",
    "timestamp": "unknown"
  },
  {
    "title": "Information Security Policy",
    "link": "https://www.sumitomocorp.com/en/jp/security",
    "timestamp": "unknown"
  },
  {
    "title": "Community Guideline",
    "link": "https://www.sumitomocorp.com/en/jp/community-guideline",
    "timestamp": "unknown"
  },
  {
    "title": "Top",
    "link": "https://www.sumitomocorp.com/en/jp/news",
    "timestamp": "unknown"
  }
]