[
  {
    "title": "AboutOur CompanyLeadershipCorporate ResponsibilityCorporate SustainabilitySustainability ApproachAccess to MedicinesSustainability DisclosuresEthics &",
    "link": "https://www.takeda.com/about/our-company/",
    "timestamp": "unknown"
  },
  {
    "title": "AboutOur CompanyLeadershipCorporate ResponsibilityCorporate SustainabilitySustainability ApproachAccess to MedicinesSustainability DisclosuresEthics &",
    "link": "https://www.takeda.com/about/our-company/",
    "timestamp": "unknown"
  },
  {
    "title": "Our Company",
    "link": "https://www.takeda.com/about/our-company/",
    "timestamp": "unknown"
  },
  {
    "title": "Leadership",
    "link": "https://www.takeda.com/about/leadership",
    "timestamp": "unknown"
  },
  {
    "title": "Corporate ResponsibilityCorporate SustainabilitySustainability ApproachAccess to MedicinesSustainability DisclosuresEthics & DisclosuresEthicsTranspar",
    "link": "https://www.takeda.com/about/corporate-responsibility/corporate-sustainability/sustainability-approach",
    "timestamp": "unknown"
  },
  {
    "title": "Corporate SustainabilitySustainability ApproachAccess to MedicinesSustainability Disclosures",
    "link": "https://www.takeda.com/about/corporate-responsibility/corporate-sustainability/sustainability-approach",
    "timestamp": "unknown"
  },
  {
    "title": "Sustainability Approach",
    "link": "https://www.takeda.com/about/corporate-responsibility/corporate-sustainability/sustainability-approach",
    "timestamp": "unknown"
  },
  {
    "title": "Access to Medicines",
    "link": "https://www.takeda.com/about/corporate-responsibility/corporate-sustainability/access-to-medicine",
    "timestamp": "unknown"
  },
  {
    "title": "Sustainability Disclosures",
    "link": "https://www.takeda.com/about/corporate-responsibility/corporate-sustainability/sustainability-approach/sustainability-disclosures/",
    "timestamp": "unknown"
  },
  {
    "title": "Ethics & DisclosuresEthicsTransparency Disclosures",
    "link": "https://www.takeda.com/about/corporate-responsibility/ethics-disclosures/ethics",
    "timestamp": "unknown"
  },
  {
    "title": "Ethics",
    "link": "https://www.takeda.com/about/corporate-responsibility/ethics-disclosures/ethics",
    "timestamp": "unknown"
  },
  {
    "title": "Transparency Disclosures",
    "link": "https://www.takeda.com/about/corporate-responsibility/ethics-disclosures/transparency-disclosures/",
    "timestamp": "unknown"
  },
  {
    "title": "Positions",
    "link": "https://www.takeda.com/about/corporate-responsibility/positions/",
    "timestamp": "unknown"
  },
  {
    "title": "Corporate Giving",
    "link": "https://www.takeda.com/about/corporate-responsibility/corporate-giving",
    "timestamp": "unknown"
  },
  {
    "title": "Corporate GovernanceGovernance StrategyGovernance StructureCharters and Reports",
    "link": "https://www.takeda.com/about/corporate-governance/strategy/",
    "timestamp": "unknown"
  },
  {
    "title": "Governance Strategy",
    "link": "https://www.takeda.com/about/corporate-governance/strategy/",
    "timestamp": "unknown"
  },
  {
    "title": "Governance Structure",
    "link": "https://www.takeda.com/about/corporate-governance/governance-structure",
    "timestamp": "unknown"
  },
  {
    "title": "Charters and Reports",
    "link": "https://www.takeda.com/about/corporate-governance/charters-and-reports",
    "timestamp": "unknown"
  },
  {
    "title": "ScienceAreas of FocusResearch and DevelopmentPipelineProductsOur ProductsManufacturingSuppliersClinical Trials",
    "link": "https://www.takeda.com/science/areas-of-focus/",
    "timestamp": "unknown"
  },
  {
    "title": "Areas of Focus",
    "link": "https://www.takeda.com/science/areas-of-focus/",
    "timestamp": "unknown"
  },
  {
    "title": "Research and Development",
    "link": "https://www.takeda.com/science/research-and-development",
    "timestamp": "unknown"
  },
  {
    "title": "Pipeline",
    "link": "https://www.takeda.com/science/pipeline",
    "timestamp": "unknown"
  },
  {
    "title": "ProductsOur ProductsManufacturingSuppliers",
    "link": "https://www.takeda.com/science/products",
    "timestamp": "unknown"
  },
  {
    "title": "Our Products",
    "link": "https://www.takeda.com/science/products",
    "timestamp": "unknown"
  },
  {
    "title": "Manufacturing",
    "link": "https://www.takeda.com/science/products/manufacturing",
    "timestamp": "unknown"
  },
  {
    "title": "Suppliers",
    "link": "https://www.takeda.com/science/products/suppliers",
    "timestamp": "unknown"
  },
  {
    "title": "Clinical Trials",
    "link": "https://www.takeda.com/science/clinical-trials",
    "timestamp": "unknown"
  },
  {
    "title": "Our Stories",
    "link": "https://www.takeda.com/our-impact/our-stories/",
    "timestamp": "unknown"
  },
  {
    "title": "NewsroomPress ReleasesStatementsMedia Resources",
    "link": "https://www.takeda.com/newsroom/press-releases",
    "timestamp": "unknown"
  },
  {
    "title": "Press Releases",
    "link": "https://www.takeda.com/newsroom/press-releases",
    "timestamp": "unknown"
  },
  {
    "title": "Statements",
    "link": "https://www.takeda.com/newsroom/statements",
    "timestamp": "unknown"
  },
  {
    "title": "Media Resources",
    "link": "https://www.takeda.com/newsroom/media-resources",
    "timestamp": "unknown"
  },
  {
    "title": "InvestorsOverviewFinancial ResultsInvestor EventsInvestor Contact",
    "link": "https://www.takeda.com/investors/overview",
    "timestamp": "unknown"
  },
  {
    "title": "Overview",
    "link": "https://www.takeda.com/investors/overview",
    "timestamp": "unknown"
  },
  {
    "title": "Financial Results",
    "link": "https://www.takeda.com/investors/financial-results/quarterly-results",
    "timestamp": "unknown"
  },
  {
    "title": "Investor Events",
    "link": "https://www.takeda.com/investors/events",
    "timestamp": "unknown"
  },
  {
    "title": "Investor Contact",
    "link": "https://www.takeda.com/investors/contact",
    "timestamp": "unknown"
  },
  {
    "title": "Careers",
    "link": "https://www.takeda.com/careers",
    "timestamp": "unknown"
  },
  {
    "title": "ABOUTOur CompanyLeadershipCorporate ResponsibilityChevron rightCorporate SustainabilityChevron rightSustainability ApproachAccess to MedicinesSustaina",
    "link": "https://www.takeda.com/",
    "timestamp": "unknown"
  },
  {
    "title": "ABOUTOur CompanyLeadershipCorporate ResponsibilityChevron rightCorporate SustainabilityChevron rightSustainability ApproachAccess to MedicinesSustaina",
    "link": "https://www.takeda.com/about/our-company/",
    "timestamp": "unknown"
  },
  {
    "title": "Our CompanyLeadershipCorporate ResponsibilityChevron rightCorporate SustainabilityChevron rightSustainability ApproachAccess to MedicinesSustainabilit",
    "link": "https://www.takeda.com/about/our-company/",
    "timestamp": "unknown"
  },
  {
    "title": "Our Company",
    "link": "https://www.takeda.com/about/our-company/",
    "timestamp": "unknown"
  },
  {
    "title": "Leadership",
    "link": "https://www.takeda.com/about/leadership/",
    "timestamp": "unknown"
  },
  {
    "title": "Corporate ResponsibilityChevron rightCorporate SustainabilityChevron rightSustainability ApproachAccess to MedicinesSustainability DisclosuresEthics &",
    "link": "https://www.takeda.com/about/corporate-responsibility/corporate-sustainability/sustainability-approach/",
    "timestamp": "unknown"
  },
  {
    "title": "Corporate SustainabilityChevron rightSustainability ApproachAccess to MedicinesSustainability DisclosuresEthics & DisclosuresChevron rightEthicsTransp",
    "link": "https://www.takeda.com/about/corporate-responsibility/corporate-sustainability/sustainability-approach/",
    "timestamp": "unknown"
  },
  {
    "title": "Corporate SustainabilityChevron rightSustainability ApproachAccess to MedicinesSustainability Disclosures",
    "link": "https://www.takeda.com/about/corporate-responsibility/corporate-sustainability/sustainability-approach/",
    "timestamp": "unknown"
  },
  {
    "title": "Sustainability ApproachAccess to MedicinesSustainability Disclosures",
    "link": "https://www.takeda.com/about/corporate-responsibility/corporate-sustainability/sustainability-approach/",
    "timestamp": "unknown"
  },
  {
    "title": "Sustainability Approach",
    "link": "https://www.takeda.com/about/corporate-responsibility/corporate-sustainability/sustainability-approach/",
    "timestamp": "unknown"
  },
  {
    "title": "Access to Medicines",
    "link": "https://www.takeda.com/about/corporate-responsibility/corporate-sustainability/access-to-medicine/",
    "timestamp": "unknown"
  },
  {
    "title": "Sustainability Disclosures",
    "link": "https://www.takeda.com/about/corporate-responsibility/corporate-sustainability/sustainability-approach/sustainability-disclosures/",
    "timestamp": "unknown"
  },
  {
    "title": "Ethics & DisclosuresChevron rightEthicsTransparency Disclosures",
    "link": "https://www.takeda.com/about/corporate-responsibility/ethics-disclosures/ethics/",
    "timestamp": "unknown"
  },
  {
    "title": "EthicsTransparency Disclosures",
    "link": "https://www.takeda.com/about/corporate-responsibility/ethics-disclosures/ethics/",
    "timestamp": "unknown"
  },
  {
    "title": "Ethics",
    "link": "https://www.takeda.com/about/corporate-responsibility/ethics-disclosures/ethics/",
    "timestamp": "unknown"
  },
  {
    "title": "Transparency Disclosures",
    "link": "https://www.takeda.com/about/corporate-responsibility/ethics-disclosures/transparency-disclosures/",
    "timestamp": "unknown"
  },
  {
    "title": "Positions",
    "link": "https://www.takeda.com/about/corporate-responsibility/positions/",
    "timestamp": "unknown"
  },
  {
    "title": "Corporate Giving",
    "link": "https://www.takeda.com/about/corporate-responsibility/corporate-giving/",
    "timestamp": "unknown"
  },
  {
    "title": "Corporate GovernanceChevron rightGovernance StrategyGovernance StructureCharters and Reports",
    "link": "https://www.takeda.com/about/corporate-governance/strategy/",
    "timestamp": "unknown"
  },
  {
    "title": "Governance StrategyGovernance StructureCharters and Reports",
    "link": "https://www.takeda.com/about/corporate-governance/strategy/",
    "timestamp": "unknown"
  },
  {
    "title": "Governance Strategy",
    "link": "https://www.takeda.com/about/corporate-governance/strategy/",
    "timestamp": "unknown"
  },
  {
    "title": "Governance Structure",
    "link": "https://www.takeda.com/about/corporate-governance/governance-structure/",
    "timestamp": "unknown"
  },
  {
    "title": "Charters and Reports",
    "link": "https://www.takeda.com/about/corporate-governance/charters-and-reports/",
    "timestamp": "unknown"
  },
  {
    "title": "SCIENCEAreas of FocusResearch and DevelopmentPipelineProductsChevron rightOur ProductsManufacturingSuppliersClinical Trials",
    "link": "https://www.takeda.com/science/areas-of-focus/",
    "timestamp": "unknown"
  },
  {
    "title": "Areas of FocusResearch and DevelopmentPipelineProductsChevron rightOur ProductsManufacturingSuppliersClinical Trials",
    "link": "https://www.takeda.com/science/areas-of-focus/",
    "timestamp": "unknown"
  },
  {
    "title": "Areas of Focus",
    "link": "https://www.takeda.com/science/areas-of-focus/",
    "timestamp": "unknown"
  },
  {
    "title": "Research and Development",
    "link": "https://www.takeda.com/science/research-and-development/",
    "timestamp": "unknown"
  },
  {
    "title": "Pipeline",
    "link": "https://www.takeda.com/science/pipeline/",
    "timestamp": "unknown"
  },
  {
    "title": "ProductsChevron rightOur ProductsManufacturingSuppliers",
    "link": "https://www.takeda.com/science/products/",
    "timestamp": "unknown"
  },
  {
    "title": "Our ProductsManufacturingSuppliers",
    "link": "https://www.takeda.com/science/products/",
    "timestamp": "unknown"
  },
  {
    "title": "Our Products",
    "link": "https://www.takeda.com/science/products/",
    "timestamp": "unknown"
  },
  {
    "title": "Manufacturing",
    "link": "https://www.takeda.com/science/products/manufacturing/",
    "timestamp": "unknown"
  },
  {
    "title": "Suppliers",
    "link": "https://www.takeda.com/science/products/suppliers/",
    "timestamp": "unknown"
  },
  {
    "title": "Clinical Trials",
    "link": "https://www.takeda.com/science/clinical-trials/",
    "timestamp": "unknown"
  },
  {
    "title": "OUR STORIES",
    "link": "https://www.takeda.com/our-impact/our-stories/",
    "timestamp": "unknown"
  },
  {
    "title": "NEWSROOMPress ReleasesStatementsMedia Resources",
    "link": "https://www.takeda.com/newsroom/press-releases/",
    "timestamp": "unknown"
  },
  {
    "title": "Press ReleasesStatementsMedia Resources",
    "link": "https://www.takeda.com/newsroom/press-releases/",
    "timestamp": "unknown"
  },
  {
    "title": "Press Releases",
    "link": "https://www.takeda.com/newsroom/press-releases/",
    "timestamp": "unknown"
  },
  {
    "title": "Statements",
    "link": "https://www.takeda.com/newsroom/statements/",
    "timestamp": "unknown"
  },
  {
    "title": "Media Resources",
    "link": "https://www.takeda.com/newsroom/media-resources/",
    "timestamp": "unknown"
  },
  {
    "title": "INVESTORSOverviewFinancial ResultsInvestor EventsInvestor Contact",
    "link": "https://www.takeda.com/investors/overview/",
    "timestamp": "unknown"
  },
  {
    "title": "OverviewFinancial ResultsInvestor EventsInvestor Contact",
    "link": "https://www.takeda.com/investors/overview/",
    "timestamp": "unknown"
  },
  {
    "title": "Overview",
    "link": "https://www.takeda.com/investors/overview/",
    "timestamp": "unknown"
  },
  {
    "title": "Financial Results",
    "link": "https://www.takeda.com/investors/financial-results/quarterly-results/",
    "timestamp": "unknown"
  },
  {
    "title": "Investor Events",
    "link": "https://www.takeda.com/investors/events/",
    "timestamp": "unknown"
  },
  {
    "title": "Investor Contact",
    "link": "https://www.takeda.com/investors/contact/",
    "timestamp": "unknown"
  },
  {
    "title": "CAREERS",
    "link": "https://www.takeda.com/careers/",
    "timestamp": "unknown"
  },
  {
    "title": "Open location finderGlobalVertical lineENCloseTakeda - GlobalEnglishEnglishJapaneseJapaneseSearchArgentinaSpanishSpanishAustraliaEnglishEnglishAustria",
    "link": "https://www.takeda.com/",
    "timestamp": "unknown"
  },
  {
    "title": "Open location finderGlobalVertical lineENCloseTakeda - GlobalEnglishEnglishJapaneseJapaneseSearchArgentinaSpanishSpanishAustraliaEnglishEnglishAustria",
    "link": "https://www.takeda.com/",
    "timestamp": "unknown"
  },
  {
    "title": "Open location finderGlobalVertical lineENCloseTakeda - GlobalEnglishEnglishJapaneseJapaneseSearchArgentinaSpanishSpanishAustraliaEnglishEnglishAustria",
    "link": "https://www.takeda.com/",
    "timestamp": "unknown"
  },
  {
    "title": "Open location finderGlobalVertical lineENCloseTakeda - GlobalEnglishEnglishJapaneseJapaneseSearchArgentinaSpanishSpanishAustraliaEnglishEnglishAustria",
    "link": "https://www.takeda.com/",
    "timestamp": "unknown"
  },
  {
    "title": "CloseTakeda - GlobalEnglishEnglishJapaneseJapaneseSearchArgentinaSpanishSpanishAustraliaEnglishEnglishAustriaGermanGermanBelarusRussianRussianBelgiumE",
    "link": "https://www.takeda.com/",
    "timestamp": "unknown"
  },
  {
    "title": "CloseTakeda - GlobalEnglishEnglishJapaneseJapaneseSearchArgentinaSpanishSpanishAustraliaEnglishEnglishAustriaGermanGermanBelarusRussianRussianBelgiumE",
    "link": "https://www.takeda.com/",
    "timestamp": "unknown"
  },
  {
    "title": "CloseTakeda - GlobalEnglishEnglishJapaneseJapanese",
    "link": "https://www.takeda.com/",
    "timestamp": "unknown"
  },
  {
    "title": "Takeda - GlobalEnglishEnglishJapaneseJapanese",
    "link": "https://www.takeda.com/",
    "timestamp": "unknown"
  },
  {
    "title": "EnglishEnglish",
    "link": "https://www.takeda.com/",
    "timestamp": "unknown"
  },
  {
    "title": "JapaneseJapanese",
    "link": "https://www.takeda.com/jp/",
    "timestamp": "unknown"
  },
  {
    "title": "SearchArgentinaSpanishSpanishAustraliaEnglishEnglishAustriaGermanGermanBelarusRussianRussianBelgiumEnglishEnglishFrenchFrenchDutchDutchBosnia and Herz",
    "link": "https://www.takeda.com/es-ar/",
    "timestamp": "unknown"
  },
  {
    "title": "ArgentinaSpanishSpanish",
    "link": "https://www.takeda.com/es-ar/",
    "timestamp": "unknown"
  },
  {
    "title": "AustraliaEnglishEnglish",
    "link": "https://www.takeda.com/en-au/",
    "timestamp": "unknown"
  },
  {
    "title": "AustriaGermanGerman",
    "link": "https://www.takeda.com/de-at/",
    "timestamp": "unknown"
  },
  {
    "title": "BelarusRussianRussian",
    "link": "https://www.takeda.com/ru-by/",
    "timestamp": "unknown"
  },
  {
    "title": "BelgiumEnglishEnglishFrenchFrenchDutchDutch",
    "link": "https://www.takeda.com/en-be/",
    "timestamp": "unknown"
  },
  {
    "title": "BelgiumEnglishEnglishFrenchFrenchDutchDutch",
    "link": "https://www.takeda.com/en-be/",
    "timestamp": "unknown"
  },
  {
    "title": "EnglishEnglishFrenchFrenchDutchDutch",
    "link": "https://www.takeda.com/en-be/",
    "timestamp": "unknown"
  },
  {
    "title": "Bosnia and HerzegovinaBosnianBosnian",
    "link": "https://www.takeda.com/bs-ba/",
    "timestamp": "unknown"
  },
  {
    "title": "BrazilPortuguesePortuguese",
    "link": "https://www.takeda.com/pt-br/",
    "timestamp": "unknown"
  },
  {
    "title": "BulgariaBulgarianBulgarian",
    "link": "https://www.takeda.com/bg-bg/",
    "timestamp": "unknown"
  },
  {
    "title": "CanadaEnglishEnglishFrenchFrench",
    "link": "https://www.takeda.com/en-ca/",
    "timestamp": "unknown"
  },
  {
    "title": "CanadaEnglishEnglishFrenchFrench",
    "link": "https://www.takeda.com/en-ca/",
    "timestamp": "unknown"
  },
  {
    "title": "EnglishEnglishFrenchFrench",
    "link": "https://www.takeda.com/en-ca/",
    "timestamp": "unknown"
  },
  {
    "title": "ChileSpanishSpanish",
    "link": "https://www.takeda.com/es-cl/",
    "timestamp": "unknown"
  },
  {
    "title": "Mainland ChinaChineseChinese",
    "link": "https://www.takeda.com/zh-cn/",
    "timestamp": "unknown"
  },
  {
    "title": "ColombiaSpanishSpanish",
    "link": "https://www.takeda.com/es-co/",
    "timestamp": "unknown"
  },
  {
    "title": "CroatiaCroatianCroatian",
    "link": "https://www.takeda.com/hr-hr/",
    "timestamp": "unknown"
  },
  {
    "title": "Czech RepublicCzechCzech",
    "link": "https://www.takeda.com/cs-cz/",
    "timestamp": "unknown"
  },
  {
    "title": "DenmarkDanishDanish",
    "link": "https://www.takeda.com/da-dk/",
    "timestamp": "unknown"
  },
  {
    "title": "EcuadorSpanishSpanish",
    "link": "https://www.takeda.com/es-ec/",
    "timestamp": "unknown"
  },
  {
    "title": "EgyptEnglishEnglishArabicArabic",
    "link": "https://www.takeda.com/en-eg/",
    "timestamp": "unknown"
  },
  {
    "title": "EgyptEnglishEnglishArabicArabic",
    "link": "https://www.takeda.com/en-eg/",
    "timestamp": "unknown"
  },
  {
    "title": "EnglishEnglishArabicArabic",
    "link": "https://www.takeda.com/en-eg/",
    "timestamp": "unknown"
  },
  {
    "title": "EstoniaEstonianEstonian",
    "link": "https://www.takeda.com/et-ee/",
    "timestamp": "unknown"
  },
  {
    "title": "FinlandFinnishFinnish",
    "link": "https://www.takeda.com/fi-fi/",
    "timestamp": "unknown"
  },
  {
    "title": "FranceFrenchFrench",
    "link": "https://www.takeda.com/fr-fr/",
    "timestamp": "unknown"
  },
  {
    "title": "GermanyGermanGerman",
    "link": "https://www.takeda.com/de-de/",
    "timestamp": "unknown"
  },
  {
    "title": "GreeceGreekGreek",
    "link": "https://www.takeda.com/el-gr/",
    "timestamp": "unknown"
  },
  {
    "title": "Hong Kong SAREnglishEnglishChineseChinese",
    "link": "https://www.takeda.com/en-hk/",
    "timestamp": "unknown"
  },
  {
    "title": "Hong Kong SAREnglishEnglishChineseChinese",
    "link": "https://www.takeda.com/en-hk/",
    "timestamp": "unknown"
  },
  {
    "title": "EnglishEnglishChineseChinese",
    "link": "https://www.takeda.com/en-hk/",
    "timestamp": "unknown"
  },
  {
    "title": "HungaryHungarianHungarian",
    "link": "https://www.takeda.com/hu-hu/",
    "timestamp": "unknown"
  },
  {
    "title": "IndiaEnglishEnglish",
    "link": "https://www.takeda.com/en-in/",
    "timestamp": "unknown"
  },
  {
    "title": "IndonesiaIndonesianIndonesian",
    "link": "https://www.takeda.com/id-id/",
    "timestamp": "unknown"
  },
  {
    "title": "IrelandEnglishEnglish",
    "link": "https://www.takeda.com/en-ie/",
    "timestamp": "unknown"
  },
  {
    "title": "IsraelHebrewHebrew",
    "link": "https://www.takeda.com/he-il/",
    "timestamp": "unknown"
  },
  {
    "title": "ItalyItalianItalian",
    "link": "https://www.takeda.com/it-it/",
    "timestamp": "unknown"
  },
  {
    "title": "KazakhstanKazakhKazakhRussianRussian",
    "link": "https://www.takeda.com/kk-kz/",
    "timestamp": "unknown"
  },
  {
    "title": "KazakhstanKazakhKazakhRussianRussian",
    "link": "https://www.takeda.com/kk-kz/",
    "timestamp": "unknown"
  },
  {
    "title": "KazakhKazakhRussianRussian",
    "link": "https://www.takeda.com/kk-kz/",
    "timestamp": "unknown"
  },
  {
    "title": "KoreaKoreanKorean",
    "link": "https://www.takeda.com/ko-kr/",
    "timestamp": "unknown"
  },
  {
    "title": "LatviaLatvianLatvian",
    "link": "https://www.takeda.com/lv-lv/",
    "timestamp": "unknown"
  },
  {
    "title": "LithuaniaLithuanianLithuanian",
    "link": "https://www.takeda.com/lt-lt/",
    "timestamp": "unknown"
  },
  {
    "title": "MalaysiaEnglishEnglish",
    "link": "https://www.takeda.com/en-my/",
    "timestamp": "unknown"
  },
  {
    "title": "MexicoSpanishSpanish",
    "link": "https://www.takeda.com/es-mx/",
    "timestamp": "unknown"
  },
  {
    "title": "NetherlandsDutchDutch",
    "link": "https://www.takeda.com/nl-nl/",
    "timestamp": "unknown"
  },
  {
    "title": "New ZealandEnglishEnglish",
    "link": "https://www.takeda.com/en-nz/",
    "timestamp": "unknown"
  },
  {
    "title": "NorwayNorweiganNorweigan",
    "link": "https://www.takeda.com/no-no/",
    "timestamp": "unknown"
  },
  {
    "title": "PeruSpanishSpanish",
    "link": "https://www.takeda.com/es-pe/",
    "timestamp": "unknown"
  },
  {
    "title": "PhilippinesEnglishEnglish",
    "link": "https://www.takeda.com/en-ph/",
    "timestamp": "unknown"
  },
  {
    "title": "PolandPolishPolish",
    "link": "https://www.takeda.com/pl-pl/",
    "timestamp": "unknown"
  },
  {
    "title": "PortugalPortuguesePortuguese",
    "link": "https://www.takeda.com/pt-pt/",
    "timestamp": "unknown"
  },
  {
    "title": "RomaniaRomanianRomanian",
    "link": "https://www.takeda.com/ro-ro/",
    "timestamp": "unknown"
  },
  {
    "title": "RussiaRussianRussian",
    "link": "https://www.takeda.com/ru-ru/",
    "timestamp": "unknown"
  },
  {
    "title": "Saudi ArabiaEnglishEnglishArabicArabic",
    "link": "https://www.takeda.com/en-sa/",
    "timestamp": "unknown"
  },
  {
    "title": "Saudi ArabiaEnglishEnglishArabicArabic",
    "link": "https://www.takeda.com/en-sa/",
    "timestamp": "unknown"
  },
  {
    "title": "EnglishEnglishArabicArabic",
    "link": "https://www.takeda.com/en-sa/",
    "timestamp": "unknown"
  },
  {
    "title": "SerbiaSerbianSerbian",
    "link": "https://www.takeda.com/sr-rs/",
    "timestamp": "unknown"
  },
  {
    "title": "SingaporeEnglishEnglish",
    "link": "https://www.takeda.com/en-sg/",
    "timestamp": "unknown"
  },
  {
    "title": "SlovakiaSlovakSlovak",
    "link": "https://www.takeda.com/sk-sk/",
    "timestamp": "unknown"
  },
  {
    "title": "SloveniaSlovenianSlovenian",
    "link": "https://www.takeda.com/sl-si/",
    "timestamp": "unknown"
  },
  {
    "title": "South AfricaEnglishEnglish",
    "link": "https://www.takeda.com/en-za/",
    "timestamp": "unknown"
  },
  {
    "title": "SpainSpanishSpanish",
    "link": "https://www.takeda.com/es-es/",
    "timestamp": "unknown"
  },
  {
    "title": "SwedenSwedishSwedish",
    "link": "https://www.takeda.com/sv-se/",
    "timestamp": "unknown"
  },
  {
    "title": "SwitzerlandGermanGermanFrenchFrench",
    "link": "https://www.takeda.com/de-ch/",
    "timestamp": "unknown"
  },
  {
    "title": "SwitzerlandGermanGermanFrenchFrench",
    "link": "https://www.takeda.com/de-ch/",
    "timestamp": "unknown"
  },
  {
    "title": "GermanGermanFrenchFrench",
    "link": "https://www.takeda.com/de-ch/",
    "timestamp": "unknown"
  },
  {
    "title": "TaiwanChineseChinese",
    "link": "https://www.takeda.com/zh-tw/",
    "timestamp": "unknown"
  },
  {
    "title": "ThailandThaiThai",
    "link": "https://www.takeda.com/th-th/",
    "timestamp": "unknown"
  },
  {
    "title": "TurkeyTurkishTurkish",
    "link": "https://www.takeda.com/tr-tr/",
    "timestamp": "unknown"
  },
  {
    "title": "UkraineUkrainianUkrainian",
    "link": "https://www.takeda.com/uk-ua/",
    "timestamp": "unknown"
  },
  {
    "title": "United Arab EmiratesEnglishEnglishArabicArabic",
    "link": "https://www.takeda.com/en-ae/",
    "timestamp": "unknown"
  },
  {
    "title": "United Arab EmiratesEnglishEnglishArabicArabic",
    "link": "https://www.takeda.com/en-ae/",
    "timestamp": "unknown"
  },
  {
    "title": "EnglishEnglishArabicArabic",
    "link": "https://www.takeda.com/en-ae/",
    "timestamp": "unknown"
  },
  {
    "title": "United KingdomEnglishEnglish",
    "link": "https://www.takeda.com/en-gb/",
    "timestamp": "unknown"
  },
  {
    "title": "United StatesEnglishEnglish",
    "link": "https://www.takeda.com/en-us/",
    "timestamp": "unknown"
  },
  {
    "title": "VietnamEnglishEnglish",
    "link": "https://www.takeda.com/en-vn/",
    "timestamp": "unknown"
  },
  {
    "title": "LinkedInYouTube",
    "link": "https://www.takeda.com/",
    "timestamp": "unknown"
  },
  {
    "title": "LinkedInYouTube",
    "link": "https://www.takeda.com/",
    "timestamp": "unknown"
  },
  {
    "title": "LinkedIn",
    "link": "https://www.linkedin.com/company/takeda-pharmaceuticals/",
    "timestamp": "unknown"
  },
  {
    "title": "YouTube",
    "link": "https://www.youtube.com/takeda-pharmaceuticals",
    "timestamp": "unknown"
  },
  {
    "title": "LocationsContact usCareersFinancial HighlightsHCPsPatients",
    "link": "https://www.takeda.com/worldwide/",
    "timestamp": "unknown"
  },
  {
    "title": "Locations",
    "link": "https://www.takeda.com/worldwide/",
    "timestamp": "unknown"
  },
  {
    "title": "Contact us",
    "link": "https://www.takeda.com/contact-us/",
    "timestamp": "unknown"
  },
  {
    "title": "Careers",
    "link": "https://www.takeda.com/careers/",
    "timestamp": "unknown"
  },
  {
    "title": "Financial Highlights",
    "link": "https://www.takeda.com/investors/financial-highlights/",
    "timestamp": "unknown"
  },
  {
    "title": "HCPs",
    "link": "https://www.takeda.com/hcps/",
    "timestamp": "unknown"
  },
  {
    "title": "Patients",
    "link": "https://www.takeda.com/patients/",
    "timestamp": "unknown"
  },
  {
    "title": "This website provides information about Takeda's worldwide business. For specific information about our local markets, please use thecountry selector.",
    "link": "https://www.takeda.com/worldwide/",
    "timestamp": "unknown"
  },
  {
    "title": "This website provides information about Takeda's worldwide business. For specific information about our local markets, please use thecountry selector.",
    "link": "https://www.takeda.com/worldwide/",
    "timestamp": "unknown"
  },
  {
    "title": "This website provides information about Takeda's worldwide business. For specific information about our local markets, please use thecountry selector.",
    "link": "https://www.takeda.com/worldwide/",
    "timestamp": "unknown"
  },
  {
    "title": "This website provides information about Takeda's worldwide business. For specific information about our local markets, please use thecountry selector.",
    "link": "https://www.takeda.com/worldwide/",
    "timestamp": "unknown"
  },
  {
    "title": "This website provides information about Takeda's worldwide business. For specific information about our local markets, please use thecountry selector.",
    "link": "https://www.takeda.com/worldwide/",
    "timestamp": "unknown"
  },
  {
    "title": "Terms and Conditions",
    "link": "https://www.takeda.com/terms-and-conditions/",
    "timestamp": "unknown"
  },
  {
    "title": "Privacy Notice",
    "link": "https://www.takeda.com/privacy-notice/",
    "timestamp": "unknown"
  },
  {
    "title": "Accessibility Statement",
    "link": "https://www.takeda.com/global-accessibility-statement/",
    "timestamp": "unknown"
  }
]