[
  {
    "title": "NewsInvestorsCareersContactAbout UsOur Mission & VisionThe Zevra StoryLeadershipBoard of DirectorsWhat We DoPartneringPatients & CaregiverClinical Tri",
    "link": "https://investors.zevra.com/news-releases",
    "timestamp": "unknown"
  },
  {
    "title": "NewsInvestorsCareersContactAbout UsOur Mission & VisionThe Zevra StoryLeadershipBoard of DirectorsWhat We DoPartneringPatients & CaregiverClinical Tri",
    "link": "https://investors.zevra.com/news-releases",
    "timestamp": "unknown"
  },
  {
    "title": "NewsInvestorsCareersContact",
    "link": "https://investors.zevra.com/news-releases",
    "timestamp": "unknown"
  },
  {
    "title": "NewsInvestorsCareersContact",
    "link": "https://investors.zevra.com/news-releases",
    "timestamp": "unknown"
  },
  {
    "title": "News",
    "link": "https://investors.zevra.com/news-releases",
    "timestamp": "unknown"
  },
  {
    "title": "Investors",
    "link": "https://investors.zevra.com/investor-overview",
    "timestamp": "unknown"
  },
  {
    "title": "Careers",
    "link": "https://zevra.com/careers/",
    "timestamp": "unknown"
  },
  {
    "title": "Contact",
    "link": "https://zevra.com/contact/",
    "timestamp": "unknown"
  },
  {
    "title": "About UsOur Mission & VisionThe Zevra StoryLeadershipBoard of DirectorsWhat We DoPartneringPatients & CaregiverClinical TrialsExpanded Access PolicyNi",
    "link": "https://zevra.com/",
    "timestamp": "unknown"
  },
  {
    "title": "About UsOur Mission & VisionThe Zevra StoryLeadershipBoard of DirectorsWhat We DoPartneringPatients & CaregiverClinical TrialsExpanded Access PolicyNi",
    "link": "https://zevra.com/",
    "timestamp": "unknown"
  },
  {
    "title": "About UsOur Mission & VisionThe Zevra StoryLeadershipBoard of DirectorsWhat We DoPartneringPatients & CaregiverClinical TrialsExpanded Access PolicyNi",
    "link": "https://zevra.com/",
    "timestamp": "unknown"
  },
  {
    "title": "About UsOur Mission & VisionThe Zevra StoryLeadershipBoard of DirectorsWhat We DoPartneringPatients & CaregiverClinical TrialsExpanded Access PolicyNi",
    "link": "https://zevra.com/about-us/",
    "timestamp": "unknown"
  },
  {
    "title": "About UsOur Mission & VisionThe Zevra StoryLeadershipBoard of DirectorsWhat We DoPartnering",
    "link": "https://zevra.com/about-us/",
    "timestamp": "unknown"
  },
  {
    "title": "Our Mission & Vision",
    "link": "https://zevra.com/our-mission-and-vision/",
    "timestamp": "unknown"
  },
  {
    "title": "The Zevra Story",
    "link": "https://zevra.com/the-zevra-story/",
    "timestamp": "unknown"
  },
  {
    "title": "Leadership",
    "link": "https://zevra.com/leadership/",
    "timestamp": "unknown"
  },
  {
    "title": "Board of Directors",
    "link": "https://zevra.com/board-of-directors/",
    "timestamp": "unknown"
  },
  {
    "title": "What We Do",
    "link": "https://zevra.com/what-we-do/",
    "timestamp": "unknown"
  },
  {
    "title": "Partnering",
    "link": "https://zevra.com/partnering/",
    "timestamp": "unknown"
  },
  {
    "title": "Patients & CaregiverClinical TrialsExpanded Access PolicyNiemann-Pick Disease Type CUrea Cycle DisordersVascular Ehlers-DanlosSleep Disorders",
    "link": "https://zevra.com/clinical-trials/",
    "timestamp": "unknown"
  },
  {
    "title": "Clinical Trials",
    "link": "https://zevra.com/clinical-trials/",
    "timestamp": "unknown"
  },
  {
    "title": "Expanded Access Policy",
    "link": "https://zevra.com/expanded-access-policy/",
    "timestamp": "unknown"
  },
  {
    "title": "Niemann-Pick Disease Type C",
    "link": "https://zevra.com/niemann-pick-disease-type-c/",
    "timestamp": "unknown"
  },
  {
    "title": "Urea Cycle Disorders",
    "link": "https://zevra.com/patients-and-providers/#ucds",
    "timestamp": "unknown"
  },
  {
    "title": "Vascular Ehlers-Danlos",
    "link": "https://zevra.com/urea-cycle-disorders/",
    "timestamp": "unknown"
  },
  {
    "title": "Sleep Disorders",
    "link": "https://zevra.com/sleep-disorders/",
    "timestamp": "unknown"
  },
  {
    "title": "Our ProductsMIPLYFFA\u00aeOLPRUVA \u00aeAZSTARYS \u00ae",
    "link": "https://zevra.com/our-products/#miplyffa",
    "timestamp": "unknown"
  },
  {
    "title": "MIPLYFFA\u00ae",
    "link": "https://zevra.com/our-products/#miplyffa",
    "timestamp": "unknown"
  },
  {
    "title": "OLPRUVA \u00ae",
    "link": "https://zevra.com/our-products/#olpruva",
    "timestamp": "unknown"
  },
  {
    "title": "AZSTARYS \u00ae",
    "link": "https://zevra.com/our-products/#azstarys",
    "timestamp": "unknown"
  },
  {
    "title": "Our PipelinePipelineClinical TrialsPublications & PresentationsMedical LiteratureMedical InformationInvestigator-Initiated Studies",
    "link": "https://zevra.com/pipeline/",
    "timestamp": "unknown"
  },
  {
    "title": "Pipeline",
    "link": "https://zevra.com/pipeline/",
    "timestamp": "unknown"
  },
  {
    "title": "Clinical Trials",
    "link": "https://zevra.com/clinical-trials/",
    "timestamp": "unknown"
  },
  {
    "title": "Publications & Presentations",
    "link": "https://zevra.com/publications-and-presentations/",
    "timestamp": "unknown"
  },
  {
    "title": "Medical Literature",
    "link": "https://zevra.com/medical-literature/",
    "timestamp": "unknown"
  },
  {
    "title": "Medical Information",
    "link": "https://zevra.com/medical-information/",
    "timestamp": "unknown"
  },
  {
    "title": "Investigator-Initiated Studies",
    "link": "https://zevra.com/medical-information/#iis",
    "timestamp": "unknown"
  },
  {
    "title": "InvestorsInvestor RelationsEvents & PresentationsStock Quote & ChartPress ReleasesCorporate GovernanceSEC FilingsContactEmail Alerts",
    "link": "https://investors.zevra.com/investor-overview",
    "timestamp": "unknown"
  },
  {
    "title": "Investor Relations",
    "link": "https://investors.zevra.com/",
    "timestamp": "unknown"
  },
  {
    "title": "Events & Presentations",
    "link": "https://investors.zevra.com/events-and-presentations",
    "timestamp": "unknown"
  },
  {
    "title": "Stock Quote & Chart",
    "link": "https://investors.zevra.com/stock-information/stock-quote",
    "timestamp": "unknown"
  },
  {
    "title": "Press Releases",
    "link": "https://investors.zevra.com/news-releases",
    "timestamp": "unknown"
  },
  {
    "title": "Corporate Governance",
    "link": "https://investors.zevra.com/corporate-governance-highlights",
    "timestamp": "unknown"
  },
  {
    "title": "SEC Filings",
    "link": "https://investors.zevra.com/financial-information",
    "timestamp": "unknown"
  },
  {
    "title": "Contact",
    "link": "https://zevra.com/contact/",
    "timestamp": "unknown"
  },
  {
    "title": "Email Alerts",
    "link": "https://investors.zevra.com/email-alerts",
    "timestamp": "unknown"
  },
  {
    "title": "CareersCultureJob Openings",
    "link": "https://zevra.com/careers/",
    "timestamp": "unknown"
  },
  {
    "title": "Culture",
    "link": "https://zevra.com/careers/#culture",
    "timestamp": "unknown"
  },
  {
    "title": "Job Openings",
    "link": "https://zevra.com/careers/#job-openings",
    "timestamp": "unknown"
  },
  {
    "title": "Contactinfo@zevra.com..FacebookTwitterLinkedIn",
    "link": "https://zevra.com/careers/contact",
    "timestamp": "unknown"
  },
  {
    "title": "info@zevra.com",
    "link": "mailto:info@zevra.com",
    "timestamp": "unknown"
  },
  {
    "title": "..",
    "link": "tel:+",
    "timestamp": "unknown"
  },
  {
    "title": "Facebook",
    "link": "https://www.facebook.com/zevratherapeutics",
    "timestamp": "unknown"
  },
  {
    "title": "Twitter",
    "link": "https://twitter.com/zevratx",
    "timestamp": "unknown"
  },
  {
    "title": "LinkedIn",
    "link": "https://Linkedin.com/company/zevratherapeutics",
    "timestamp": "unknown"
  },
  {
    "title": "Home",
    "link": "https://zevra.com/",
    "timestamp": "unknown"
  },
  {
    "title": "MenuMenu",
    "link": "https://investors.zevra.com/financial-information",
    "timestamp": "unknown"
  },
  {
    "title": "OverviewEvents & PresentationsStock InformationStock Quote & ChartHistoric Stock LookupAnalyst CoveragePress ReleasesCorporate GovernanceLeadershipBoa",
    "link": "https://investors.zevra.com/investor-overview",
    "timestamp": "unknown"
  },
  {
    "title": "OverviewEvents & PresentationsStock InformationStock Quote & ChartHistoric Stock LookupAnalyst CoveragePress ReleasesCorporate GovernanceLeadershipBoa",
    "link": "https://investors.zevra.com/investor-overview",
    "timestamp": "unknown"
  },
  {
    "title": "OverviewEvents & PresentationsStock InformationStock Quote & ChartHistoric Stock LookupAnalyst CoveragePress ReleasesCorporate GovernanceLeadershipBoa",
    "link": "https://investors.zevra.com/investor-overview",
    "timestamp": "unknown"
  },
  {
    "title": "OverviewEvents & PresentationsStock InformationStock Quote & ChartHistoric Stock LookupAnalyst CoveragePress ReleasesCorporate GovernanceLeadershipBoa",
    "link": "https://investors.zevra.com/investor-overview",
    "timestamp": "unknown"
  },
  {
    "title": "OverviewEvents & PresentationsStock InformationStock Quote & ChartHistoric Stock LookupAnalyst CoveragePress ReleasesCorporate GovernanceLeadershipBoa",
    "link": "https://investors.zevra.com/investor-overview",
    "timestamp": "unknown"
  },
  {
    "title": "OverviewEvents & PresentationsStock InformationStock Quote & ChartHistoric Stock LookupAnalyst CoveragePress ReleasesCorporate GovernanceLeadershipBoa",
    "link": "https://investors.zevra.com/investor-overview",
    "timestamp": "unknown"
  },
  {
    "title": "OverviewEvents & PresentationsStock InformationStock Quote & ChartHistoric Stock LookupAnalyst CoveragePress ReleasesCorporate GovernanceLeadershipBoa",
    "link": "https://investors.zevra.com/investor-overview",
    "timestamp": "unknown"
  },
  {
    "title": "OverviewEvents & PresentationsStock InformationStock Quote & ChartHistoric Stock LookupAnalyst CoveragePress ReleasesCorporate GovernanceLeadershipBoa",
    "link": "https://investors.zevra.com/investor-overview",
    "timestamp": "unknown"
  },
  {
    "title": "OverviewEvents & PresentationsStock InformationStock Quote & ChartHistoric Stock LookupAnalyst CoveragePress ReleasesCorporate GovernanceLeadershipBoa",
    "link": "https://investors.zevra.com/investor-overview",
    "timestamp": "unknown"
  },
  {
    "title": "OverviewEvents & PresentationsStock InformationStock Quote & ChartHistoric Stock LookupAnalyst CoveragePress ReleasesCorporate GovernanceLeadershipBoa",
    "link": "https://investors.zevra.com/investor-overview",
    "timestamp": "unknown"
  },
  {
    "title": "Overview",
    "link": "https://investors.zevra.com/investor-overview",
    "timestamp": "unknown"
  },
  {
    "title": "Events & Presentations",
    "link": "https://investors.zevra.com/events-and-presentations",
    "timestamp": "unknown"
  },
  {
    "title": "Stock InformationStock Quote & ChartHistoric Stock LookupAnalyst Coverage",
    "link": "https://investors.zevra.com/stock-information/stock-quote",
    "timestamp": "unknown"
  },
  {
    "title": "Stock Quote & Chart",
    "link": "https://investors.zevra.com/stock-information/stock-quote",
    "timestamp": "unknown"
  },
  {
    "title": "Historic Stock Lookup",
    "link": "https://investors.zevra.com/stock-information/historical-price-lookup",
    "timestamp": "unknown"
  },
  {
    "title": "Analyst Coverage",
    "link": "https://investors.zevra.com/stock-information/analyst-coverage",
    "timestamp": "unknown"
  },
  {
    "title": "Press Releases",
    "link": "https://investors.zevra.com/news-releases",
    "timestamp": "unknown"
  },
  {
    "title": "Corporate GovernanceLeadershipBoard of DirectorsCommittee CompositionIRS \u2013 Required Disclosures",
    "link": "https://investors.zevra.com/corporate-governance-highlights",
    "timestamp": "unknown"
  },
  {
    "title": "Leadership",
    "link": "https://zevra.com/leadership/",
    "timestamp": "unknown"
  },
  {
    "title": "Board of Directors",
    "link": "https://zevra.com/board-of-directors/",
    "timestamp": "unknown"
  },
  {
    "title": "Committee Composition",
    "link": "https://investors.zevra.com/corporate-governance/committee-composition",
    "timestamp": "unknown"
  },
  {
    "title": "IRS \u2013 Required Disclosures",
    "link": "https://investors.zevra.com/corporate-governance/internal-revenue-service-report-organizational-actions-affecting-basis-securities",
    "timestamp": "unknown"
  },
  {
    "title": "State Compliance",
    "link": "https://investors.zevra.com/state-compliance",
    "timestamp": "unknown"
  },
  {
    "title": "SEC Filings",
    "link": "https://investors.zevra.com/financial-information",
    "timestamp": "unknown"
  },
  {
    "title": "Contact",
    "link": "https://zevra.com/contact/",
    "timestamp": "unknown"
  },
  {
    "title": "Email Alerts",
    "link": "https://investors.zevra.com/email-alerts",
    "timestamp": "unknown"
  },
  {
    "title": "FAQs",
    "link": "https://investors.zevra.com/faqs-",
    "timestamp": "unknown"
  },
  {
    "title": "Group,,Annual FilingsCurrent ReportsMergers & AcquisitionsOtherProxy FilingsQuarterly FilingsRegistration StatementsFiling yearAllFiling dateFormDescr",
    "link": "https://investors.zevra.com/financial-information?items_per_page=&order=field_nir_sec_date_filed&sort=asc",
    "timestamp": "unknown"
  },
  {
    "title": "Group,,Annual FilingsCurrent ReportsMergers & AcquisitionsOtherProxy FilingsQuarterly FilingsRegistration StatementsFiling yearAllFiling dateFormDescr",
    "link": "https://investors.zevra.com/financial-information?items_per_page=&order=field_nir_sec_date_filed&sort=asc",
    "timestamp": "unknown"
  },
  {
    "title": "Group,,Annual FilingsCurrent ReportsMergers & AcquisitionsOtherProxy FilingsQuarterly FilingsRegistration StatementsFiling yearAllFiling dateFormDescr",
    "link": "https://investors.zevra.com/financial-information?items_per_page=&order=field_nir_sec_date_filed&sort=asc",
    "timestamp": "unknown"
  },
  {
    "title": "Group,,Annual FilingsCurrent ReportsMergers & AcquisitionsOtherProxy FilingsQuarterly FilingsRegistration StatementsFiling yearAllFiling dateFormDescr",
    "link": "https://investors.zevra.com/financial-information?items_per_page=&order=field_nir_sec_date_filed&sort=asc",
    "timestamp": "unknown"
  },
  {
    "title": "Group,,Annual FilingsCurrent ReportsMergers & AcquisitionsOtherProxy FilingsQuarterly FilingsRegistration StatementsFiling yearAllFiling dateFormDescr",
    "link": "https://investors.zevra.com/financial-information?items_per_page=&order=field_nir_sec_date_filed&sort=asc",
    "timestamp": "unknown"
  },
  {
    "title": "Group,,Annual FilingsCurrent ReportsMergers & AcquisitionsOtherProxy FilingsQuarterly FilingsRegistration StatementsFiling yearAllFiling dateFormDescr",
    "link": "https://investors.zevra.com/financial-information?items_per_page=&order=field_nir_sec_date_filed&sort=asc",
    "timestamp": "unknown"
  },
  {
    "title": "Group,,Annual FilingsCurrent ReportsMergers & AcquisitionsOtherProxy FilingsQuarterly FilingsRegistration StatementsFiling yearAllFiling dateFormDescr",
    "link": "https://investors.zevra.com/financial-information?items_per_page=&order=field_nir_sec_date_filed&sort=asc",
    "timestamp": "unknown"
  },
  {
    "title": "Group,,Annual FilingsCurrent ReportsMergers & AcquisitionsOtherProxy FilingsQuarterly FilingsRegistration StatementsFiling yearAllFiling dateFormDescr",
    "link": "https://investors.zevra.com/financial-information?items_per_page=&order=field_nir_sec_date_filed&sort=asc",
    "timestamp": "unknown"
  },
  {
    "title": "Group,,Annual FilingsCurrent ReportsMergers & AcquisitionsOtherProxy FilingsQuarterly FilingsRegistration StatementsFiling yearAllFiling dateFormDescr",
    "link": "https://investors.zevra.com/financial-information?items_per_page=&order=field_nir_sec_date_filed&sort=asc",
    "timestamp": "unknown"
  },
  {
    "title": "Group,,Annual FilingsCurrent ReportsMergers & AcquisitionsOtherProxy FilingsQuarterly FilingsRegistration StatementsFiling yearAllFiling dateFormDescr",
    "link": "https://investors.zevra.com/financial-information?items_per_page=&order=field_nir_sec_date_filed&sort=asc",
    "timestamp": "unknown"
  },
  {
    "title": "Group,,Annual FilingsCurrent ReportsMergers & AcquisitionsOtherProxy FilingsQuarterly FilingsRegistration StatementsFiling yearAllFiling dateFormDescr",
    "link": "https://investors.zevra.com/financial-information?items_per_page=&order=field_nir_sec_date_filed&sort=asc",
    "timestamp": "unknown"
  },
  {
    "title": "Group,,Annual FilingsCurrent ReportsMergers & AcquisitionsOtherProxy FilingsQuarterly FilingsRegistration StatementsFiling yearAllFiling dateFormDescr",
    "link": "https://investors.zevra.com/financial-information?items_per_page=&order=field_nir_sec_date_filed&sort=asc",
    "timestamp": "unknown"
  },
  {
    "title": "Group,,Annual FilingsCurrent ReportsMergers & AcquisitionsOtherProxy FilingsQuarterly FilingsRegistration StatementsFiling yearAllFiling dateFormDescr",
    "link": "https://investors.zevra.com/financial-information?items_per_page=&order=field_nir_sec_date_filed&sort=asc",
    "timestamp": "unknown"
  },
  {
    "title": "Group,,Annual FilingsCurrent ReportsMergers & AcquisitionsOtherProxy FilingsQuarterly FilingsRegistration StatementsFiling yearAllFiling dateFormDescr",
    "link": "https://investors.zevra.com/financial-information?items_per_page=&order=field_nir_sec_date_filed&sort=asc",
    "timestamp": "unknown"
  },
  {
    "title": "Group,,Annual FilingsCurrent ReportsMergers & AcquisitionsOtherProxy FilingsQuarterly FilingsRegistration StatementsFiling yearAllFiling dateFormDescr",
    "link": "https://investors.zevra.com/financial-information?items_per_page=&order=field_nir_sec_date_filed&sort=asc",
    "timestamp": "unknown"
  },
  {
    "title": "Group,,Annual FilingsCurrent ReportsMergers & AcquisitionsOtherProxy FilingsQuarterly FilingsRegistration StatementsFiling yearAllFiling dateFormDescr",
    "link": "https://investors.zevra.com/financial-information?items_per_page=&order=field_nir_sec_date_filed&sort=asc",
    "timestamp": "unknown"
  },
  {
    "title": "Group,,Annual FilingsCurrent ReportsMergers & AcquisitionsOtherProxy FilingsQuarterly FilingsRegistration StatementsFiling yearAllFiling dateFormDescr",
    "link": "https://investors.zevra.com/financial-information?items_per_page=&order=field_nir_sec_date_filed&sort=asc",
    "timestamp": "unknown"
  },
  {
    "title": "Group,,Annual FilingsCurrent ReportsMergers & AcquisitionsOtherProxy FilingsQuarterly FilingsRegistration StatementsFiling yearAllFiling dateFormDescr",
    "link": "https://investors.zevra.com/financial-information?items_per_page=&order=field_nir_sec_date_filed&sort=asc",
    "timestamp": "unknown"
  },
  {
    "title": "Group,,Annual FilingsCurrent ReportsMergers & AcquisitionsOtherProxy FilingsQuarterly FilingsRegistration StatementsFiling yearAllFiling dateFormDescr",
    "link": "https://investors.zevra.com/financial-information?items_per_page=&order=field_nir_sec_date_filed&sort=asc",
    "timestamp": "unknown"
  },
  {
    "title": "Group,,Annual FilingsCurrent ReportsMergers & AcquisitionsOtherProxy FilingsQuarterly FilingsRegistration StatementsFiling yearAllFiling dateFormDescr",
    "link": "https://investors.zevra.com/financial-information?items_per_page=&order=field_nir_sec_date_filed&sort=asc",
    "timestamp": "unknown"
  },
  {
    "title": "Filing dateFormDescriptionFiling GroupView--Statement of changes in beneficial ownership of securities,,--.rtf--.xls--.pdfView HTML--Statement of chan",
    "link": "https://investors.zevra.com/financial-information?items_per_page=&order=field_nir_sec_date_filed&sort=asc",
    "timestamp": "unknown"
  },
  {
    "title": "Filing dateFormDescriptionFiling GroupView",
    "link": "https://investors.zevra.com/financial-information?items_per_page=&order=field_nir_sec_date_filed&sort=asc",
    "timestamp": "unknown"
  },
  {
    "title": "--Statement of changes in beneficial ownership of securities,,--.rtf--.xls--.pdfView HTML",
    "link": "https://investors.zevra.com/sec-filings/sec-filing//--",
    "timestamp": "unknown"
  },
  {
    "title": "--.rtf--.xls--.pdfView HTML",
    "link": "https://investors.zevra.com/static-files/d3ea3e6e---a995-77628821d9a7",
    "timestamp": "unknown"
  },
  {
    "title": "--.rtf",
    "link": "https://investors.zevra.com/static-files/d3ea3e6e---a995-77628821d9a7",
    "timestamp": "unknown"
  },
  {
    "title": "--.xls",
    "link": "https://investors.zevra.com/static-files/23292ac6---b24b-2b5f7ea2218a",
    "timestamp": "unknown"
  },
  {
    "title": "--.pdf",
    "link": "https://investors.zevra.com/static-files/af08f520--44f3-875c-97ce44ae87eb",
    "timestamp": "unknown"
  },
  {
    "title": "--Statement of changes in beneficial ownership of securities,,--.rtf--.xls--.pdfView HTML",
    "link": "https://investors.zevra.com/sec-filings/sec-filing//--",
    "timestamp": "unknown"
  },
  {
    "title": "--.rtf--.xls--.pdfView HTML",
    "link": "https://investors.zevra.com/static-files/0d8c051c-d0c3-48a7-b092-dd36546532c3",
    "timestamp": "unknown"
  },
  {
    "title": "--.rtf",
    "link": "https://investors.zevra.com/static-files/0d8c051c-d0c3-48a7-b092-dd36546532c3",
    "timestamp": "unknown"
  },
  {
    "title": "--.xls",
    "link": "https://investors.zevra.com/static-files/c9ecf6a6-4a78-4e6a-83cf-08f5a6c78fd9",
    "timestamp": "unknown"
  },
  {
    "title": "--.pdf",
    "link": "https://investors.zevra.com/static-files/e56a0015-d20f-4f17--8b58eb741ced",
    "timestamp": "unknown"
  },
  {
    "title": "--Statement of changes in beneficial ownership of securities,,--.rtf--.xls--.pdfView HTML",
    "link": "https://investors.zevra.com/sec-filings/sec-filing//--",
    "timestamp": "unknown"
  },
  {
    "title": "--.rtf--.xls--.pdfView HTML",
    "link": "https://investors.zevra.com/static-files/0516d4d7-96a7-44e4-a110-d1c64ee0582b",
    "timestamp": "unknown"
  },
  {
    "title": "--.rtf",
    "link": "https://investors.zevra.com/static-files/0516d4d7-96a7-44e4-a110-d1c64ee0582b",
    "timestamp": "unknown"
  },
  {
    "title": "--.xls",
    "link": "https://investors.zevra.com/static-files/6bc2f6f7-65d6-4ed3-b2cf-75c6607a114e",
    "timestamp": "unknown"
  },
  {
    "title": "--.pdf",
    "link": "https://investors.zevra.com/static-files/abd5d906-b3b3-437f-9daa-e8a14742e18e",
    "timestamp": "unknown"
  },
  {
    "title": "--Filed by \"insiders\" prior intended sale of restricted stock.Other--.rtf--.pdfView HTML",
    "link": "https://investors.zevra.com/sec-filings/sec-filing//--",
    "timestamp": "unknown"
  },
  {
    "title": "--.rtf--.pdfView HTML",
    "link": "https://investors.zevra.com/static-files/05bfdcbf-1b9a-4b0f-b5ca-b1c95e94088c",
    "timestamp": "unknown"
  },
  {
    "title": "--.rtf",
    "link": "https://investors.zevra.com/static-files/05bfdcbf-1b9a-4b0f-b5ca-b1c95e94088c",
    "timestamp": "unknown"
  },
  {
    "title": "--.pdf",
    "link": "https://investors.zevra.com/static-files/f8227f63-1a03-454c-a16a-6b5d5a49aa26",
    "timestamp": "unknown"
  },
  {
    "title": "--Statement of changes in beneficial ownership of securities,,--.rtf--.xls--.pdfView HTML",
    "link": "https://investors.zevra.com/sec-filings/sec-filing//--",
    "timestamp": "unknown"
  },
  {
    "title": "--.rtf--.xls--.pdfView HTML",
    "link": "https://investors.zevra.com/static-files/ca1da896-a3c2-421d-bbe4-8ba5f32286d3",
    "timestamp": "unknown"
  },
  {
    "title": "--.rtf",
    "link": "https://investors.zevra.com/static-files/ca1da896-a3c2-421d-bbe4-8ba5f32286d3",
    "timestamp": "unknown"
  },
  {
    "title": "--.xls",
    "link": "https://investors.zevra.com/static-files/3d53d782-c807-4ce2-b5b1-68f6a82f4832",
    "timestamp": "unknown"
  },
  {
    "title": "--.pdf",
    "link": "https://investors.zevra.com/static-files/3c03a0c8-cd2f-4ac2-a8ff-60ba0100e818",
    "timestamp": "unknown"
  },
  {
    "title": "--Statement of changes in beneficial ownership of securities,,--.rtf--.xls--.pdfView HTML",
    "link": "https://investors.zevra.com/sec-filings/sec-filing//--",
    "timestamp": "unknown"
  },
  {
    "title": "--.rtf--.xls--.pdfView HTML",
    "link": "https://investors.zevra.com/static-files/390b3080-c4a7-4a41-84e9-06246c7a3fa0",
    "timestamp": "unknown"
  },
  {
    "title": "--.rtf",
    "link": "https://investors.zevra.com/static-files/390b3080-c4a7-4a41-84e9-06246c7a3fa0",
    "timestamp": "unknown"
  },
  {
    "title": "--.xls",
    "link": "https://investors.zevra.com/static-files/6254632f-dbb1-406c-bf30-9bf67cd4e562",
    "timestamp": "unknown"
  },
  {
    "title": "--.pdf",
    "link": "https://investors.zevra.com/static-files/-fd6e-4b44-8e61-52827aab4000",
    "timestamp": "unknown"
  },
  {
    "title": "--Statement of changes in beneficial ownership of securities,,--.rtf--.xls--.pdfView HTML",
    "link": "https://investors.zevra.com/sec-filings/sec-filing//--",
    "timestamp": "unknown"
  },
  {
    "title": "--.rtf--.xls--.pdfView HTML",
    "link": "https://investors.zevra.com/static-files/f2963174-f5db-460f--d3a4134d6903",
    "timestamp": "unknown"
  },
  {
    "title": "--.rtf",
    "link": "https://investors.zevra.com/static-files/f2963174-f5db-460f--d3a4134d6903",
    "timestamp": "unknown"
  },
  {
    "title": "--.xls",
    "link": "https://investors.zevra.com/static-files/-75ef-4dd7-880d-23ce8563c8ae",
    "timestamp": "unknown"
  },
  {
    "title": "--.pdf",
    "link": "https://investors.zevra.com/static-files/f7c5c884-9c6e-4f8d-b355-dcc8ac7c866e",
    "timestamp": "unknown"
  },
  {
    "title": "--Statement of changes in beneficial ownership of securities,,--.rtf--.xls--.pdfView HTML",
    "link": "https://investors.zevra.com/sec-filings/sec-filing//--",
    "timestamp": "unknown"
  },
  {
    "title": "--.rtf--.xls--.pdfView HTML",
    "link": "https://investors.zevra.com/static-files/5336894e--4fa7-a276-6f89a90f13ba",
    "timestamp": "unknown"
  },
  {
    "title": "--.rtf",
    "link": "https://investors.zevra.com/static-files/5336894e--4fa7-a276-6f89a90f13ba",
    "timestamp": "unknown"
  },
  {
    "title": "--.xls",
    "link": "https://investors.zevra.com/static-files/9a9d8358-056b-4fbd-b5a4-538dca86067b",
    "timestamp": "unknown"
  },
  {
    "title": "--.pdf",
    "link": "https://investors.zevra.com/static-files/57acbeb7---a9b2-53455a0a50e7",
    "timestamp": "unknown"
  },
  {
    "title": "--Statement of changes in beneficial ownership of securities,,--.rtf--.xls--.pdfView HTML",
    "link": "https://investors.zevra.com/sec-filings/sec-filing//--",
    "timestamp": "unknown"
  },
  {
    "title": "--.rtf--.xls--.pdfView HTML",
    "link": "https://investors.zevra.com/static-files/0e9b1c53-5e78-46b4--ca97a1207b2d",
    "timestamp": "unknown"
  },
  {
    "title": "--.rtf",
    "link": "https://investors.zevra.com/static-files/0e9b1c53-5e78-46b4--ca97a1207b2d",
    "timestamp": "unknown"
  },
  {
    "title": "--.xls",
    "link": "https://investors.zevra.com/static-files/8cca18ed---904a-659fbf024a12",
    "timestamp": "unknown"
  },
  {
    "title": "--.pdf",
    "link": "https://investors.zevra.com/static-files/ffe8081c-89dd--99c0-b89149860c3c",
    "timestamp": "unknown"
  },
  {
    "title": "--Filed by \"insiders\" prior intended sale of restricted stock.Other--.rtf--.pdfView HTML",
    "link": "https://investors.zevra.com/sec-filings/sec-filing//--",
    "timestamp": "unknown"
  },
  {
    "title": "--.rtf--.pdfView HTML",
    "link": "https://investors.zevra.com/static-files/c5bccd02-ba4a-492f--29051e853a98",
    "timestamp": "unknown"
  },
  {
    "title": "--.rtf",
    "link": "https://investors.zevra.com/static-files/c5bccd02-ba4a-492f--29051e853a98",
    "timestamp": "unknown"
  },
  {
    "title": "--.pdf",
    "link": "https://investors.zevra.com/static-files/-539d-47f4-b687-28b0380ae179",
    "timestamp": "unknown"
  },
  {
    "title": "PaginationCurrent pagePagePage\u2026Next page\u203aLast page\u00bb",
    "link": "https://investors.zevra.com/financial-information?&&field_nir_sec_date_filed_value=&&&items_per_page_toggle=&page=",
    "timestamp": "unknown"
  },
  {
    "title": "PaginationCurrent pagePagePage\u2026Next page\u203aLast page\u00bb",
    "link": "https://investors.zevra.com/financial-information?&&field_nir_sec_date_filed_value=&&&items_per_page_toggle=&page=",
    "timestamp": "unknown"
  },
  {
    "title": "Current page",
    "link": "https://investors.zevra.com/financial-information?&&field_nir_sec_date_filed_value=&&&items_per_page_toggle=&page=",
    "timestamp": "unknown"
  },
  {
    "title": "Page",
    "link": "https://investors.zevra.com/financial-information?&&field_nir_sec_date_filed_value=&&&items_per_page_toggle=&page=",
    "timestamp": "unknown"
  },
  {
    "title": "Page",
    "link": "https://investors.zevra.com/financial-information?&&field_nir_sec_date_filed_value=&&&items_per_page_toggle=&page=",
    "timestamp": "unknown"
  },
  {
    "title": "Next page\u203a",
    "link": "https://investors.zevra.com/financial-information?&&field_nir_sec_date_filed_value=&&&items_per_page_toggle=&page=",
    "timestamp": "unknown"
  },
  {
    "title": "Last page\u00bb",
    "link": "https://investors.zevra.com/financial-information?&&field_nir_sec_date_filed_value=&&&items_per_page_toggle=&page=",
    "timestamp": "unknown"
  },
  {
    "title": "Data provided byKaleidoscope.",
    "link": "https://www.kscope.io",
    "timestamp": "unknown"
  },
  {
    "title": "Data provided byKaleidoscope.",
    "link": "https://www.kscope.io",
    "timestamp": "unknown"
  },
  {
    "title": "About UsOur Mission & VisionThe Zevra StoryLeadershipBoard of DirectorsWhat We DoPartneringPatients & CaregiverClinical TrialsExpanded Access PolicyNi",
    "link": "https://zevra.com/about-us/",
    "timestamp": "unknown"
  },
  {
    "title": "About UsOur Mission & VisionThe Zevra StoryLeadershipBoard of DirectorsWhat We DoPartneringPatients & CaregiverClinical TrialsExpanded Access PolicyNi",
    "link": "https://zevra.com/about-us/",
    "timestamp": "unknown"
  },
  {
    "title": "About UsOur Mission & VisionThe Zevra StoryLeadershipBoard of DirectorsWhat We DoPartneringPatients & CaregiverClinical TrialsExpanded Access PolicyNi",
    "link": "https://zevra.com/about-us/",
    "timestamp": "unknown"
  },
  {
    "title": "About UsOur Mission & VisionThe Zevra StoryLeadershipBoard of DirectorsWhat We DoPartneringPatients & CaregiverClinical TrialsExpanded Access PolicyNi",
    "link": "https://zevra.com/about-us/",
    "timestamp": "unknown"
  },
  {
    "title": "About UsOur Mission & VisionThe Zevra StoryLeadershipBoard of DirectorsWhat We DoPartneringPatients & CaregiverClinical TrialsExpanded Access PolicyNi",
    "link": "https://zevra.com/about-us/",
    "timestamp": "unknown"
  },
  {
    "title": "About UsOur Mission & VisionThe Zevra StoryLeadershipBoard of DirectorsWhat We DoPartneringPatients & CaregiverClinical TrialsExpanded Access PolicyNi",
    "link": "https://zevra.com/about-us/",
    "timestamp": "unknown"
  },
  {
    "title": "About UsOur Mission & VisionThe Zevra StoryLeadershipBoard of DirectorsWhat We DoPartneringPatients & CaregiverClinical TrialsExpanded Access PolicyNi",
    "link": "https://zevra.com/about-us/",
    "timestamp": "unknown"
  },
  {
    "title": "About UsOur Mission & VisionThe Zevra StoryLeadershipBoard of DirectorsWhat We DoPartneringPatients & CaregiverClinical TrialsExpanded Access PolicyNi",
    "link": "https://zevra.com/about-us/",
    "timestamp": "unknown"
  },
  {
    "title": "About UsOur Mission & VisionThe Zevra StoryLeadershipBoard of DirectorsWhat We DoPartneringPatients & CaregiverClinical TrialsExpanded Access PolicyNi",
    "link": "https://zevra.com/about-us/",
    "timestamp": "unknown"
  },
  {
    "title": "About UsOur Mission & VisionThe Zevra StoryLeadershipBoard of DirectorsWhat We DoPartnering",
    "link": "https://zevra.com/about-us/",
    "timestamp": "unknown"
  },
  {
    "title": "Our Mission & Vision",
    "link": "https://zevra.com/our-mission-and-vision/",
    "timestamp": "unknown"
  },
  {
    "title": "The Zevra Story",
    "link": "https://zevra.com/the-zevra-story/",
    "timestamp": "unknown"
  },
  {
    "title": "Leadership",
    "link": "https://zevra.com/leadership/",
    "timestamp": "unknown"
  },
  {
    "title": "Board of Directors",
    "link": "https://zevra.com/board-of-directors/",
    "timestamp": "unknown"
  },
  {
    "title": "What We Do",
    "link": "https://zevra.com/what-we-do/",
    "timestamp": "unknown"
  },
  {
    "title": "Partnering",
    "link": "https://zevra.com/partnering/",
    "timestamp": "unknown"
  },
  {
    "title": "Patients & CaregiverClinical TrialsExpanded Access PolicyNiemann-Pick Disease Type CUrea Cycle DisordersVascular Ehlers-DanlosSleep Disorders",
    "link": "https://zevra.com/clinical-trials/",
    "timestamp": "unknown"
  },
  {
    "title": "Clinical Trials",
    "link": "https://zevra.com/clinical-trials/",
    "timestamp": "unknown"
  },
  {
    "title": "Expanded Access Policy",
    "link": "https://zevra.com/expanded-access-policy/",
    "timestamp": "unknown"
  },
  {
    "title": "Niemann-Pick Disease Type C",
    "link": "https://zevra.com/niemann-pick-disease-type-c/",
    "timestamp": "unknown"
  },
  {
    "title": "Urea Cycle Disorders",
    "link": "https://zevra.com/patients-and-providers/#ucds",
    "timestamp": "unknown"
  },
  {
    "title": "Vascular Ehlers-Danlos",
    "link": "https://zevra.com/urea-cycle-disorders/",
    "timestamp": "unknown"
  },
  {
    "title": "Sleep Disorders",
    "link": "https://zevra.com/sleep-disorders/",
    "timestamp": "unknown"
  },
  {
    "title": "Our ProductsMIPLYFFA\u00aeOLPRUVA \u00aeAZSTARYS \u00ae",
    "link": "https://zevra.com/our-products/#miplyffa",
    "timestamp": "unknown"
  },
  {
    "title": "MIPLYFFA\u00ae",
    "link": "https://zevra.com/our-products/#miplyffa",
    "timestamp": "unknown"
  },
  {
    "title": "OLPRUVA \u00ae",
    "link": "https://zevra.com/our-products/#olpruva",
    "timestamp": "unknown"
  },
  {
    "title": "AZSTARYS \u00ae",
    "link": "https://zevra.com/our-products/#azstarys",
    "timestamp": "unknown"
  },
  {
    "title": "Our PipelinePipelineClinical TrialsPublications & PresentationsMedical LiteratureMedical InformationInvestigator-Initiated Studies",
    "link": "https://zevra.com/pipeline/",
    "timestamp": "unknown"
  },
  {
    "title": "Pipeline",
    "link": "https://zevra.com/pipeline/",
    "timestamp": "unknown"
  },
  {
    "title": "Clinical Trials",
    "link": "https://zevra.com/clinical-trials/",
    "timestamp": "unknown"
  },
  {
    "title": "Publications & Presentations",
    "link": "https://zevra.com/publications-and-presentations/",
    "timestamp": "unknown"
  },
  {
    "title": "Medical Literature",
    "link": "https://zevra.com/medical-literature/",
    "timestamp": "unknown"
  },
  {
    "title": "Medical Information",
    "link": "https://zevra.com/medical-information/",
    "timestamp": "unknown"
  },
  {
    "title": "Investigator-Initiated Studies",
    "link": "https://zevra.com/medical-information/#iis",
    "timestamp": "unknown"
  },
  {
    "title": "InvestorsInvestor RelationsEvents & PresentationsStock Quote & ChartPress ReleasesCorporate GovernanceSEC FilingsContactEmail Alerts",
    "link": "https://investors.zevra.com/investor-overview",
    "timestamp": "unknown"
  },
  {
    "title": "Investor Relations",
    "link": "https://investors.zevra.com/",
    "timestamp": "unknown"
  },
  {
    "title": "Events & Presentations",
    "link": "https://investors.zevra.com/events-and-presentations",
    "timestamp": "unknown"
  },
  {
    "title": "Stock Quote & Chart",
    "link": "https://investors.zevra.com/stock-information/stock-quote",
    "timestamp": "unknown"
  },
  {
    "title": "Press Releases",
    "link": "https://investors.zevra.com/news-releases",
    "timestamp": "unknown"
  },
  {
    "title": "Corporate Governance",
    "link": "https://investors.zevra.com/corporate-governance-highlights",
    "timestamp": "unknown"
  },
  {
    "title": "SEC Filings",
    "link": "https://investors.zevra.com/financial-information",
    "timestamp": "unknown"
  },
  {
    "title": "Contact",
    "link": "https://zevra.com/contact/",
    "timestamp": "unknown"
  },
  {
    "title": "Email Alerts",
    "link": "https://investors.zevra.com/email-alerts",
    "timestamp": "unknown"
  },
  {
    "title": "CareersCultureJob Openings",
    "link": "https://zevra.com/careers/",
    "timestamp": "unknown"
  },
  {
    "title": "Culture",
    "link": "https://zevra.com/careers/#culture",
    "timestamp": "unknown"
  },
  {
    "title": "Job Openings",
    "link": "https://zevra.com/careers/#job-openings",
    "timestamp": "unknown"
  },
  {
    "title": "Contactinfo@zevra.com..FacebookTwitterLinkedIn",
    "link": "https://zevra.com/careers/contact",
    "timestamp": "unknown"
  },
  {
    "title": "info@zevra.com",
    "link": "mailto:info@zevra.com",
    "timestamp": "unknown"
  },
  {
    "title": "..",
    "link": "tel:+",
    "timestamp": "unknown"
  },
  {
    "title": "Facebook",
    "link": "https://www.facebook.com/zevratherapeutics",
    "timestamp": "unknown"
  },
  {
    "title": "Twitter",
    "link": "https://twitter.com/zevratx",
    "timestamp": "unknown"
  },
  {
    "title": "LinkedIn",
    "link": "https://Linkedin.com/company/zevratherapeutics",
    "timestamp": "unknown"
  },
  {
    "title": "Home",
    "link": "https://zevra.com/",
    "timestamp": "unknown"
  },
  {
    "title": "\u00a9  Zevra Therapeutics, Inc. All rights reserved.Privacy Policy|Terms of Use",
    "link": "https://zevra.com/privacy-policy/",
    "timestamp": "unknown"
  },
  {
    "title": "\u00a9  Zevra Therapeutics, Inc. All rights reserved.Privacy Policy|Terms of Use",
    "link": "https://zevra.com/privacy-policy/",
    "timestamp": "unknown"
  },
  {
    "title": "\u00a9  Zevra Therapeutics, Inc. All rights reserved.Privacy Policy|Terms of Use",
    "link": "https://zevra.com/privacy-policy/",
    "timestamp": "unknown"
  },
  {
    "title": "\u00a9  Zevra Therapeutics, Inc. All rights reserved.Privacy Policy|Terms of Use",
    "link": "https://zevra.com/privacy-policy/",
    "timestamp": "unknown"
  }
]