[
  {
    "title": "NewsInvestorsCareersContactAbout UsOur Mission & VisionThe Zevra StoryLeadershipBoard of DirectorsOur ApproachWhat We DoPartneringPatients & Providers",
    "link": "https://investors.zevra.com/news-releases",
    "timestamp": "unknown"
  },
  {
    "title": "NewsInvestorsCareersContactAbout UsOur Mission & VisionThe Zevra StoryLeadershipBoard of DirectorsOur ApproachWhat We DoPartneringPatients & Providers",
    "link": "https://investors.zevra.com/news-releases",
    "timestamp": "unknown"
  },
  {
    "title": "NewsInvestorsCareersContact",
    "link": "https://investors.zevra.com/news-releases",
    "timestamp": "unknown"
  },
  {
    "title": "NewsInvestorsCareersContact",
    "link": "https://investors.zevra.com/news-releases",
    "timestamp": "unknown"
  },
  {
    "title": "News",
    "link": "https://investors.zevra.com/news-releases",
    "timestamp": "unknown"
  },
  {
    "title": "Investors",
    "link": "https://investors.zevra.com/investor-overview",
    "timestamp": "unknown"
  },
  {
    "title": "Careers",
    "link": "https://zevra.com/careers/",
    "timestamp": "unknown"
  },
  {
    "title": "Contact",
    "link": "https://zevra.com/contact/",
    "timestamp": "unknown"
  },
  {
    "title": "About UsOur Mission & VisionThe Zevra StoryLeadershipBoard of DirectorsOur ApproachWhat We DoPartneringPatients & ProvidersClinical TrialsExpanded Acc",
    "link": "https://zevra.com/",
    "timestamp": "unknown"
  },
  {
    "title": "About UsOur Mission & VisionThe Zevra StoryLeadershipBoard of DirectorsOur ApproachWhat We DoPartneringPatients & ProvidersClinical TrialsExpanded Acc",
    "link": "https://zevra.com/",
    "timestamp": "unknown"
  },
  {
    "title": "About UsOur Mission & VisionThe Zevra StoryLeadershipBoard of DirectorsOur ApproachWhat We DoPartneringPatients & ProvidersClinical TrialsExpanded Acc",
    "link": "https://zevra.com/",
    "timestamp": "unknown"
  },
  {
    "title": "About UsOur Mission & VisionThe Zevra StoryLeadershipBoard of DirectorsOur ApproachWhat We DoPartneringPatients & ProvidersClinical TrialsExpanded Acc",
    "link": "https://zevra.com/about-us/",
    "timestamp": "unknown"
  },
  {
    "title": "About UsOur Mission & VisionThe Zevra StoryLeadershipBoard of Directors",
    "link": "https://zevra.com/about-us/",
    "timestamp": "unknown"
  },
  {
    "title": "Our Mission & Vision",
    "link": "https://zevra.com/about-us/#mission",
    "timestamp": "unknown"
  },
  {
    "title": "The Zevra Story",
    "link": "https://zevra.com/about-us/#the-zevra-story",
    "timestamp": "unknown"
  },
  {
    "title": "Leadership",
    "link": "https://zevra.com/about-us/#leadership",
    "timestamp": "unknown"
  },
  {
    "title": "Board of Directors",
    "link": "https://zevra.com/about-us/#board-of-directors",
    "timestamp": "unknown"
  },
  {
    "title": "Our ApproachWhat We DoPartnering",
    "link": "https://zevra.com/our-approach/",
    "timestamp": "unknown"
  },
  {
    "title": "What We Do",
    "link": "https://zevra.com/our-approach/#what-we-do",
    "timestamp": "unknown"
  },
  {
    "title": "Partnering",
    "link": "https://zevra.com/our-approach/#partnering",
    "timestamp": "unknown"
  },
  {
    "title": "Patients & ProvidersClinical TrialsExpanded Access PolicyNiemann-Pick Disease Type CSleep DisordersUrea Cycle DisordersVascular Ehlers-Danlos",
    "link": "https://zevra.com/patients-and-providers/",
    "timestamp": "unknown"
  },
  {
    "title": "Clinical Trials",
    "link": "https://zevra.com/science-pipeline/#clinical-trials",
    "timestamp": "unknown"
  },
  {
    "title": "Expanded Access Policy",
    "link": "https://zevra.com/patients-and-providers/#healthcare-providers",
    "timestamp": "unknown"
  },
  {
    "title": "Niemann-Pick Disease Type C",
    "link": "https://zevra.com/patients-and-providers/#our-approach-npc",
    "timestamp": "unknown"
  },
  {
    "title": "Sleep Disorders",
    "link": "https://zevra.com/patients-and-providers/#sleep-disorders",
    "timestamp": "unknown"
  },
  {
    "title": "Urea Cycle Disorders",
    "link": "https://zevra.com/patients-and-providers/#ucds",
    "timestamp": "unknown"
  },
  {
    "title": "Vascular Ehlers-Danlos",
    "link": "https://zevra.com/patients-and-providers/#veds",
    "timestamp": "unknown"
  },
  {
    "title": "ProductsMIPLYFFA\u00aeOLPRUVA \u00aeAZSTARYS \u00ae",
    "link": "https://zevra.com/products/",
    "timestamp": "unknown"
  },
  {
    "title": "MIPLYFFA\u00ae",
    "link": "https://zevra.com/products/#miplyffa",
    "timestamp": "unknown"
  },
  {
    "title": "OLPRUVA \u00ae",
    "link": "https://zevra.com/products/#olpruva",
    "timestamp": "unknown"
  },
  {
    "title": "AZSTARYS \u00ae",
    "link": "https://zevra.com/products/#azstarys",
    "timestamp": "unknown"
  },
  {
    "title": "Science & PipelinePipelineClinical TrialsPublications & Presentations",
    "link": "https://zevra.com/science-pipeline/",
    "timestamp": "unknown"
  },
  {
    "title": "Pipeline",
    "link": "https://zevra.com/science-pipeline/#zevra-pipeline",
    "timestamp": "unknown"
  },
  {
    "title": "Clinical Trials",
    "link": "https://zevra.com/science-pipeline/#clinical-trials",
    "timestamp": "unknown"
  },
  {
    "title": "Publications & Presentations",
    "link": "https://zevra.com/science-pipeline/#publications-and-presentations",
    "timestamp": "unknown"
  },
  {
    "title": "InvestorsInvestor RelationsEvents & PresentationsStock Quote & ChartPress ReleasesCorporate GovernanceSEC FilingsContactEmail Alerts",
    "link": "https://investors.zevra.com/investor-overview",
    "timestamp": "unknown"
  },
  {
    "title": "Investor Relations",
    "link": "https://investors.zevra.com/",
    "timestamp": "unknown"
  },
  {
    "title": "Events & Presentations",
    "link": "https://investors.zevra.com/events-and-presentations",
    "timestamp": "unknown"
  },
  {
    "title": "Stock Quote & Chart",
    "link": "https://investors.zevra.com/stock-information/stock-quote",
    "timestamp": "unknown"
  },
  {
    "title": "Press Releases",
    "link": "https://investors.zevra.com/news-releases",
    "timestamp": "unknown"
  },
  {
    "title": "Corporate Governance",
    "link": "https://investors.zevra.com/corporate-governance-highlights",
    "timestamp": "unknown"
  },
  {
    "title": "SEC Filings",
    "link": "https://investors.zevra.com/financial-information",
    "timestamp": "unknown"
  },
  {
    "title": "Contact",
    "link": "https://zevra.com/contact/",
    "timestamp": "unknown"
  },
  {
    "title": "Email Alerts",
    "link": "https://investors.zevra.com/email-alerts",
    "timestamp": "unknown"
  },
  {
    "title": "CareersCultureJob Openings",
    "link": "https://zevra.com/careers/",
    "timestamp": "unknown"
  },
  {
    "title": "Culture",
    "link": "https://zevra.com/careers/#culture",
    "timestamp": "unknown"
  },
  {
    "title": "Job Openings",
    "link": "https://zevra.com/careers/#open-positions",
    "timestamp": "unknown"
  },
  {
    "title": "Contactinfo@zevra.com..FacebookTwitterLinkedIn",
    "link": "https://zevra.com/contact/",
    "timestamp": "unknown"
  },
  {
    "title": "info@zevra.com",
    "link": "mailto:info@zevra.com",
    "timestamp": "unknown"
  },
  {
    "title": "..",
    "link": "tel:+",
    "timestamp": "unknown"
  },
  {
    "title": "Facebook",
    "link": "https://www.facebook.com/zevratherapeutics",
    "timestamp": "unknown"
  },
  {
    "title": "Twitter",
    "link": "https://twitter.com/zevratx",
    "timestamp": "unknown"
  },
  {
    "title": "LinkedIn",
    "link": "https://Linkedin.com/company/zevratherapeutics",
    "timestamp": "unknown"
  },
  {
    "title": "Home",
    "link": "https://zevra.com/",
    "timestamp": "unknown"
  },
  {
    "title": "MenuMenu",
    "link": "https://investors.zevra.com/events-and-presentations",
    "timestamp": "unknown"
  },
  {
    "title": "Events & PresentationsOverviewEvents & PresentationsStock InformationStock Quote & ChartHistoric Stock LookupAnalyst CoveragePress ReleasesCorporate G",
    "link": "https://investors.zevra.com/investor-overview",
    "timestamp": "unknown"
  },
  {
    "title": "OverviewEvents & PresentationsStock InformationStock Quote & ChartHistoric Stock LookupAnalyst CoveragePress ReleasesCorporate GovernanceLeadershipBoa",
    "link": "https://investors.zevra.com/investor-overview",
    "timestamp": "unknown"
  },
  {
    "title": "OverviewEvents & PresentationsStock InformationStock Quote & ChartHistoric Stock LookupAnalyst CoveragePress ReleasesCorporate GovernanceLeadershipBoa",
    "link": "https://investors.zevra.com/investor-overview",
    "timestamp": "unknown"
  },
  {
    "title": "OverviewEvents & PresentationsStock InformationStock Quote & ChartHistoric Stock LookupAnalyst CoveragePress ReleasesCorporate GovernanceLeadershipBoa",
    "link": "https://investors.zevra.com/investor-overview",
    "timestamp": "unknown"
  },
  {
    "title": "OverviewEvents & PresentationsStock InformationStock Quote & ChartHistoric Stock LookupAnalyst CoveragePress ReleasesCorporate GovernanceLeadershipBoa",
    "link": "https://investors.zevra.com/investor-overview",
    "timestamp": "unknown"
  },
  {
    "title": "OverviewEvents & PresentationsStock InformationStock Quote & ChartHistoric Stock LookupAnalyst CoveragePress ReleasesCorporate GovernanceLeadershipBoa",
    "link": "https://investors.zevra.com/investor-overview",
    "timestamp": "unknown"
  },
  {
    "title": "OverviewEvents & PresentationsStock InformationStock Quote & ChartHistoric Stock LookupAnalyst CoveragePress ReleasesCorporate GovernanceLeadershipBoa",
    "link": "https://investors.zevra.com/investor-overview",
    "timestamp": "unknown"
  },
  {
    "title": "OverviewEvents & PresentationsStock InformationStock Quote & ChartHistoric Stock LookupAnalyst CoveragePress ReleasesCorporate GovernanceLeadershipBoa",
    "link": "https://investors.zevra.com/investor-overview",
    "timestamp": "unknown"
  },
  {
    "title": "OverviewEvents & PresentationsStock InformationStock Quote & ChartHistoric Stock LookupAnalyst CoveragePress ReleasesCorporate GovernanceLeadershipBoa",
    "link": "https://investors.zevra.com/investor-overview",
    "timestamp": "unknown"
  },
  {
    "title": "OverviewEvents & PresentationsStock InformationStock Quote & ChartHistoric Stock LookupAnalyst CoveragePress ReleasesCorporate GovernanceLeadershipBoa",
    "link": "https://investors.zevra.com/investor-overview",
    "timestamp": "unknown"
  },
  {
    "title": "OverviewEvents & PresentationsStock InformationStock Quote & ChartHistoric Stock LookupAnalyst CoveragePress ReleasesCorporate GovernanceLeadershipBoa",
    "link": "https://investors.zevra.com/investor-overview",
    "timestamp": "unknown"
  },
  {
    "title": "Overview",
    "link": "https://investors.zevra.com/investor-overview",
    "timestamp": "unknown"
  },
  {
    "title": "Events & Presentations",
    "link": "https://investors.zevra.com/events-and-presentations",
    "timestamp": "unknown"
  },
  {
    "title": "Stock InformationStock Quote & ChartHistoric Stock LookupAnalyst Coverage",
    "link": "https://investors.zevra.com/stock-information/stock-quote",
    "timestamp": "unknown"
  },
  {
    "title": "Stock Quote & Chart",
    "link": "https://investors.zevra.com/stock-information/stock-quote",
    "timestamp": "unknown"
  },
  {
    "title": "Historic Stock Lookup",
    "link": "https://investors.zevra.com/stock-information/historical-price-lookup",
    "timestamp": "unknown"
  },
  {
    "title": "Analyst Coverage",
    "link": "https://investors.zevra.com/stock-information/analyst-coverage",
    "timestamp": "unknown"
  },
  {
    "title": "Press Releases",
    "link": "https://investors.zevra.com/news-releases",
    "timestamp": "unknown"
  },
  {
    "title": "Corporate GovernanceLeadershipBoard of DirectorsCommittee CompositionIRS \u2013 Required Disclosures",
    "link": "https://investors.zevra.com/corporate-governance-highlights",
    "timestamp": "unknown"
  },
  {
    "title": "Leadership",
    "link": "https://zevra.com/about-us/#leadership",
    "timestamp": "unknown"
  },
  {
    "title": "Board of Directors",
    "link": "https://zevra.com/about-us/#board-of-directors",
    "timestamp": "unknown"
  },
  {
    "title": "Committee Composition",
    "link": "https://investors.zevra.com/corporate-governance/committee-composition",
    "timestamp": "unknown"
  },
  {
    "title": "IRS \u2013 Required Disclosures",
    "link": "https://investors.zevra.com/corporate-governance/internal-revenue-service-report-organizational-actions-affecting-basis-securities",
    "timestamp": "unknown"
  },
  {
    "title": "State Compliance",
    "link": "https://investors.zevra.com/state-compliance",
    "timestamp": "unknown"
  },
  {
    "title": "SEC Filings",
    "link": "https://investors.zevra.com/financial-information",
    "timestamp": "unknown"
  },
  {
    "title": "Contact",
    "link": "https://zevra.com/contact/",
    "timestamp": "unknown"
  },
  {
    "title": "Email Alerts",
    "link": "https://investors.zevra.com/email-alerts",
    "timestamp": "unknown"
  },
  {
    "title": "FAQs",
    "link": "https://investors.zevra.com/faqs-",
    "timestamp": "unknown"
  },
  {
    "title": "Company PresentationCorporate Deck August. MBUpcoming EventsH.C. Wainwright 27th Annual Global Investment Conference--   EDTListen to webcastPast Even",
    "link": "https://investors.zevra.com/static-files/f67c9ded---a71c-e0132ce8341d",
    "timestamp": "unknown"
  },
  {
    "title": "Company PresentationCorporate Deck August. MBUpcoming EventsH.C. Wainwright 27th Annual Global Investment Conference--   EDTListen to webcastPast Even",
    "link": "https://investors.zevra.com/static-files/f67c9ded---a71c-e0132ce8341d",
    "timestamp": "unknown"
  },
  {
    "title": "Company PresentationCorporate Deck August. MBUpcoming EventsH.C. Wainwright 27th Annual Global Investment Conference--   EDTListen to webcastPast Even",
    "link": "https://investors.zevra.com/static-files/f67c9ded---a71c-e0132ce8341d",
    "timestamp": "unknown"
  },
  {
    "title": "Company PresentationCorporate Deck August. MBUpcoming EventsH.C. Wainwright 27th Annual Global Investment Conference--   EDTListen to webcastPast Even",
    "link": "https://investors.zevra.com/static-files/f67c9ded---a71c-e0132ce8341d",
    "timestamp": "unknown"
  },
  {
    "title": "Company PresentationCorporate Deck August. MBUpcoming EventsH.C. Wainwright 27th Annual Global Investment Conference--   EDTListen to webcastPast Even",
    "link": "https://investors.zevra.com/static-files/f67c9ded---a71c-e0132ce8341d",
    "timestamp": "unknown"
  },
  {
    "title": "Company PresentationCorporate Deck August. MBUpcoming EventsH.C. Wainwright 27th Annual Global Investment Conference--   EDTListen to webcastPast Even",
    "link": "https://investors.zevra.com/static-files/f67c9ded---a71c-e0132ce8341d",
    "timestamp": "unknown"
  },
  {
    "title": "Company PresentationCorporate Deck August. MBUpcoming EventsH.C. Wainwright 27th Annual Global Investment Conference--   EDTListen to webcastPast Even",
    "link": "https://investors.zevra.com/static-files/f67c9ded---a71c-e0132ce8341d",
    "timestamp": "unknown"
  },
  {
    "title": "Company PresentationCorporate Deck August. MBUpcoming EventsH.C. Wainwright 27th Annual Global Investment Conference--   EDTListen to webcastPast Even",
    "link": "https://investors.zevra.com/static-files/f67c9ded---a71c-e0132ce8341d",
    "timestamp": "unknown"
  },
  {
    "title": "Company PresentationCorporate Deck August. MBUpcoming EventsH.C. Wainwright 27th Annual Global Investment Conference--   EDTListen to webcastPast Even",
    "link": "https://investors.zevra.com/static-files/f67c9ded---a71c-e0132ce8341d",
    "timestamp": "unknown"
  },
  {
    "title": "Company PresentationCorporate Deck August. MBUpcoming EventsH.C. Wainwright 27th Annual Global Investment Conference--   EDTListen to webcastPast Even",
    "link": "https://investors.zevra.com/static-files/f67c9ded---a71c-e0132ce8341d",
    "timestamp": "unknown"
  },
  {
    "title": "Company PresentationCorporate Deck August. MBUpcoming EventsH.C. Wainwright 27th Annual Global Investment Conference--   EDTListen to webcastPast Even",
    "link": "https://investors.zevra.com/static-files/f67c9ded---a71c-e0132ce8341d",
    "timestamp": "unknown"
  },
  {
    "title": "Company PresentationCorporate Deck August. MBUpcoming EventsH.C. Wainwright 27th Annual Global Investment Conference--   EDTListen to webcastPast Even",
    "link": "https://investors.zevra.com/static-files/f67c9ded---a71c-e0132ce8341d",
    "timestamp": "unknown"
  },
  {
    "title": "Company PresentationCorporate Deck August. MBUpcoming EventsH.C. Wainwright 27th Annual Global Investment Conference--   EDTListen to webcastPast Even",
    "link": "https://investors.zevra.com/static-files/f67c9ded---a71c-e0132ce8341d",
    "timestamp": "unknown"
  },
  {
    "title": "Company PresentationCorporate Deck August. MBUpcoming EventsH.C. Wainwright 27th Annual Global Investment Conference--   EDTListen to webcastPast Even",
    "link": "https://investors.zevra.com/static-files/f67c9ded---a71c-e0132ce8341d",
    "timestamp": "unknown"
  },
  {
    "title": "Company PresentationCorporate Deck August. MBUpcoming EventsH.C. Wainwright 27th Annual Global Investment Conference--   EDTListen to webcastPast Even",
    "link": "https://investors.zevra.com/static-files/f67c9ded---a71c-e0132ce8341d",
    "timestamp": "unknown"
  },
  {
    "title": "Company PresentationCorporate Deck August. MBUpcoming EventsH.C. Wainwright 27th Annual Global Investment Conference--   EDTListen to webcastPast Even",
    "link": "https://investors.zevra.com/static-files/f67c9ded---a71c-e0132ce8341d",
    "timestamp": "unknown"
  },
  {
    "title": "Company PresentationCorporate Deck August. MBUpcoming EventsH.C. Wainwright 27th Annual Global Investment Conference--   EDTListen to webcastPast Even",
    "link": "https://investors.zevra.com/static-files/f67c9ded---a71c-e0132ce8341d",
    "timestamp": "unknown"
  },
  {
    "title": "Company PresentationCorporate Deck August. MB",
    "link": "https://investors.zevra.com/static-files/f67c9ded---a71c-e0132ce8341d",
    "timestamp": "unknown"
  },
  {
    "title": "Company PresentationCorporate Deck August. MB",
    "link": "https://investors.zevra.com/static-files/f67c9ded---a71c-e0132ce8341d",
    "timestamp": "unknown"
  },
  {
    "title": "Company PresentationCorporate Deck August. MB",
    "link": "https://investors.zevra.com/static-files/f67c9ded---a71c-e0132ce8341d",
    "timestamp": "unknown"
  },
  {
    "title": "Company PresentationCorporate Deck August. MB",
    "link": "https://investors.zevra.com/static-files/f67c9ded---a71c-e0132ce8341d",
    "timestamp": "unknown"
  },
  {
    "title": "Corporate Deck August. MB",
    "link": "https://investors.zevra.com/static-files/f67c9ded---a71c-e0132ce8341d",
    "timestamp": "unknown"
  },
  {
    "title": "Corporate Deck August. MB",
    "link": "https://investors.zevra.com/static-files/f67c9ded---a71c-e0132ce8341d",
    "timestamp": "unknown"
  },
  {
    "title": "Corporate Deck August. MB",
    "link": "https://investors.zevra.com/static-files/f67c9ded---a71c-e0132ce8341d",
    "timestamp": "unknown"
  },
  {
    "title": "Corporate Deck August. MB",
    "link": "https://investors.zevra.com/static-files/f67c9ded---a71c-e0132ce8341d",
    "timestamp": "unknown"
  },
  {
    "title": "Corporate Deck August. MB",
    "link": "https://investors.zevra.com/static-files/f67c9ded---a71c-e0132ce8341d",
    "timestamp": "unknown"
  },
  {
    "title": "Corporate Deck August. MB",
    "link": "https://investors.zevra.com/static-files/f67c9ded---a71c-e0132ce8341d",
    "timestamp": "unknown"
  },
  {
    "title": "Corporate Deck August. MB",
    "link": "https://investors.zevra.com/static-files/f67c9ded---a71c-e0132ce8341d",
    "timestamp": "unknown"
  },
  {
    "title": "Corporate Deck August. MB",
    "link": "https://investors.zevra.com/static-files/f67c9ded---a71c-e0132ce8341d",
    "timestamp": "unknown"
  },
  {
    "title": "Corporate Deck August. MB",
    "link": "https://investors.zevra.com/static-files/f67c9ded---a71c-e0132ce8341d",
    "timestamp": "unknown"
  },
  {
    "title": "Corporate Deck August. MB",
    "link": "https://investors.zevra.com/static-files/f67c9ded---a71c-e0132ce8341d",
    "timestamp": "unknown"
  },
  {
    "title": "Corporate Deck August. MB",
    "link": "https://investors.zevra.com/static-files/f67c9ded---a71c-e0132ce8341d",
    "timestamp": "unknown"
  },
  {
    "title": "Corporate Deck August. MB",
    "link": "https://investors.zevra.com/static-files/f67c9ded---a71c-e0132ce8341d",
    "timestamp": "unknown"
  },
  {
    "title": "Corporate Deck August. MB",
    "link": "https://investors.zevra.com/static-files/f67c9ded---a71c-e0132ce8341d",
    "timestamp": "unknown"
  },
  {
    "title": "Corporate Deck August. MB",
    "link": "https://investors.zevra.com/static-files/f67c9ded---a71c-e0132ce8341d",
    "timestamp": "unknown"
  },
  {
    "title": "Upcoming EventsH.C. Wainwright 27th Annual Global Investment Conference--   EDTListen to webcast",
    "link": "https://investors.zevra.com/events/event-details/hc-wainwright-27th-annual-global-investment-conference",
    "timestamp": "unknown"
  },
  {
    "title": "Upcoming EventsH.C. Wainwright 27th Annual Global Investment Conference--   EDTListen to webcast",
    "link": "https://investors.zevra.com/events/event-details/hc-wainwright-27th-annual-global-investment-conference",
    "timestamp": "unknown"
  },
  {
    "title": "Upcoming EventsH.C. Wainwright 27th Annual Global Investment Conference--   EDTListen to webcast",
    "link": "https://investors.zevra.com/events/event-details/hc-wainwright-27th-annual-global-investment-conference",
    "timestamp": "unknown"
  },
  {
    "title": "Upcoming EventsH.C. Wainwright 27th Annual Global Investment Conference--   EDTListen to webcast",
    "link": "https://investors.zevra.com/events/event-details/hc-wainwright-27th-annual-global-investment-conference",
    "timestamp": "unknown"
  },
  {
    "title": "H.C. Wainwright 27th Annual Global Investment Conference--   EDTListen to webcast",
    "link": "https://investors.zevra.com/events/event-details/hc-wainwright-27th-annual-global-investment-conference",
    "timestamp": "unknown"
  },
  {
    "title": "H.C. Wainwright 27th Annual Global Investment Conference--   EDTListen to webcast",
    "link": "https://investors.zevra.com/events/event-details/hc-wainwright-27th-annual-global-investment-conference",
    "timestamp": "unknown"
  },
  {
    "title": "H.C. Wainwright 27th Annual Global Investment Conference--   EDTListen to webcast",
    "link": "https://investors.zevra.com/events/event-details/hc-wainwright-27th-annual-global-investment-conference",
    "timestamp": "unknown"
  },
  {
    "title": "H.C. Wainwright 27th Annual Global Investment Conference--   EDTListen to webcast",
    "link": "https://investors.zevra.com/events/event-details/hc-wainwright-27th-annual-global-investment-conference",
    "timestamp": "unknown"
  },
  {
    "title": "H.C. Wainwright 27th Annual Global Investment Conference--   EDTListen to webcast",
    "link": "https://investors.zevra.com/events/event-details/hc-wainwright-27th-annual-global-investment-conference",
    "timestamp": "unknown"
  },
  {
    "title": "H.C. Wainwright 27th Annual Global Investment Conference--   EDT",
    "link": "https://investors.zevra.com/events/event-details/hc-wainwright-27th-annual-global-investment-conference",
    "timestamp": "unknown"
  },
  {
    "title": "H.C. Wainwright 27th Annual Global Investment Conference",
    "link": "https://investors.zevra.com/events/event-details/hc-wainwright-27th-annual-global-investment-conference",
    "timestamp": "unknown"
  },
  {
    "title": "H.C. Wainwright 27th Annual Global Investment Conference",
    "link": "https://investors.zevra.com/events/event-details/hc-wainwright-27th-annual-global-investment-conference",
    "timestamp": "unknown"
  },
  {
    "title": "H.C. Wainwright 27th Annual Global Investment Conference",
    "link": "https://investors.zevra.com/events/event-details/hc-wainwright-27th-annual-global-investment-conference",
    "timestamp": "unknown"
  },
  {
    "title": "Listen to webcast",
    "link": "https://journey.ct.events/view/d3d4b789-bdcb--95f7-abf4697e8af8",
    "timestamp": "unknown"
  },
  {
    "title": "Listen to webcast",
    "link": "https://journey.ct.events/view/d3d4b789-bdcb--95f7-abf4697e8af8",
    "timestamp": "unknown"
  },
  {
    "title": "Listen to webcast",
    "link": "https://journey.ct.events/view/d3d4b789-bdcb--95f7-abf4697e8af8",
    "timestamp": "unknown"
  },
  {
    "title": "Listen to webcast",
    "link": "https://journey.ct.events/view/d3d4b789-bdcb--95f7-abf4697e8af8",
    "timestamp": "unknown"
  },
  {
    "title": "Past EventsCantor Global Healthcare Conference--   EDTListen to webcastCanaccord Genuity 45th Annual Growth Conference--   EDTListen to webcastZevra T",
    "link": "https://investors.zevra.com/events/event-details/cantor-global-healthcare-conference-",
    "timestamp": "unknown"
  },
  {
    "title": "Past EventsCantor Global Healthcare Conference--   EDTListen to webcastCanaccord Genuity 45th Annual Growth Conference--   EDTListen to webcastZevra T",
    "link": "https://investors.zevra.com/events/event-details/cantor-global-healthcare-conference-",
    "timestamp": "unknown"
  },
  {
    "title": "Past EventsCantor Global Healthcare Conference--   EDTListen to webcastCanaccord Genuity 45th Annual Growth Conference--   EDTListen to webcastZevra T",
    "link": "https://investors.zevra.com/events/event-details/cantor-global-healthcare-conference-",
    "timestamp": "unknown"
  },
  {
    "title": "Past EventsCantor Global Healthcare Conference--   EDTListen to webcastCanaccord Genuity 45th Annual Growth Conference--   EDTListen to webcastZevra T",
    "link": "https://investors.zevra.com/events/event-details/cantor-global-healthcare-conference-",
    "timestamp": "unknown"
  },
  {
    "title": "Cantor Global Healthcare Conference--   EDTListen to webcastCanaccord Genuity 45th Annual Growth Conference--   EDTListen to webcastZevra Therapeutics",
    "link": "https://investors.zevra.com/events/event-details/cantor-global-healthcare-conference-",
    "timestamp": "unknown"
  },
  {
    "title": "Cantor Global Healthcare Conference--   EDTListen to webcastCanaccord Genuity 45th Annual Growth Conference--   EDTListen to webcastZevra Therapeutics",
    "link": "https://investors.zevra.com/events/event-details/cantor-global-healthcare-conference-",
    "timestamp": "unknown"
  },
  {
    "title": "Cantor Global Healthcare Conference--   EDTListen to webcast",
    "link": "https://investors.zevra.com/events/event-details/cantor-global-healthcare-conference-",
    "timestamp": "unknown"
  },
  {
    "title": "Cantor Global Healthcare Conference--   EDTListen to webcast",
    "link": "https://investors.zevra.com/events/event-details/cantor-global-healthcare-conference-",
    "timestamp": "unknown"
  },
  {
    "title": "Cantor Global Healthcare Conference--   EDTListen to webcast",
    "link": "https://investors.zevra.com/events/event-details/cantor-global-healthcare-conference-",
    "timestamp": "unknown"
  },
  {
    "title": "Cantor Global Healthcare Conference--   EDT",
    "link": "https://investors.zevra.com/events/event-details/cantor-global-healthcare-conference-",
    "timestamp": "unknown"
  },
  {
    "title": "Cantor Global Healthcare Conference",
    "link": "https://investors.zevra.com/events/event-details/cantor-global-healthcare-conference-",
    "timestamp": "unknown"
  },
  {
    "title": "Cantor Global Healthcare Conference",
    "link": "https://investors.zevra.com/events/event-details/cantor-global-healthcare-conference-",
    "timestamp": "unknown"
  },
  {
    "title": "Cantor Global Healthcare Conference",
    "link": "https://investors.zevra.com/events/event-details/cantor-global-healthcare-conference-",
    "timestamp": "unknown"
  },
  {
    "title": "Listen to webcast",
    "link": "https://sqps.onstreamsecure.com/origin/enliven/players/EnlivenPlayer.html?customerId=&eventId=",
    "timestamp": "unknown"
  },
  {
    "title": "Listen to webcast",
    "link": "https://sqps.onstreamsecure.com/origin/enliven/players/EnlivenPlayer.html?customerId=&eventId=",
    "timestamp": "unknown"
  },
  {
    "title": "Listen to webcast",
    "link": "https://sqps.onstreamsecure.com/origin/enliven/players/EnlivenPlayer.html?customerId=&eventId=",
    "timestamp": "unknown"
  },
  {
    "title": "Listen to webcast",
    "link": "https://sqps.onstreamsecure.com/origin/enliven/players/EnlivenPlayer.html?customerId=&eventId=",
    "timestamp": "unknown"
  },
  {
    "title": "Canaccord Genuity 45th Annual Growth Conference--   EDTListen to webcast",
    "link": "https://investors.zevra.com/events/event-details/canaccord-genuity-45th-annual-growth-conference",
    "timestamp": "unknown"
  },
  {
    "title": "Canaccord Genuity 45th Annual Growth Conference--   EDTListen to webcast",
    "link": "https://investors.zevra.com/events/event-details/canaccord-genuity-45th-annual-growth-conference",
    "timestamp": "unknown"
  },
  {
    "title": "Canaccord Genuity 45th Annual Growth Conference--   EDTListen to webcast",
    "link": "https://investors.zevra.com/events/event-details/canaccord-genuity-45th-annual-growth-conference",
    "timestamp": "unknown"
  },
  {
    "title": "Canaccord Genuity 45th Annual Growth Conference--   EDT",
    "link": "https://investors.zevra.com/events/event-details/canaccord-genuity-45th-annual-growth-conference",
    "timestamp": "unknown"
  },
  {
    "title": "Canaccord Genuity 45th Annual Growth Conference",
    "link": "https://investors.zevra.com/events/event-details/canaccord-genuity-45th-annual-growth-conference",
    "timestamp": "unknown"
  },
  {
    "title": "Canaccord Genuity 45th Annual Growth Conference",
    "link": "https://investors.zevra.com/events/event-details/canaccord-genuity-45th-annual-growth-conference",
    "timestamp": "unknown"
  },
  {
    "title": "Canaccord Genuity 45th Annual Growth Conference",
    "link": "https://investors.zevra.com/events/event-details/canaccord-genuity-45th-annual-growth-conference",
    "timestamp": "unknown"
  },
  {
    "title": "Listen to webcast",
    "link": "https://wsw.com/webcast/canaccord108/zvra/",
    "timestamp": "unknown"
  },
  {
    "title": "Listen to webcast",
    "link": "https://wsw.com/webcast/canaccord108/zvra/",
    "timestamp": "unknown"
  },
  {
    "title": "Listen to webcast",
    "link": "https://wsw.com/webcast/canaccord108/zvra/",
    "timestamp": "unknown"
  },
  {
    "title": "Listen to webcast",
    "link": "https://wsw.com/webcast/canaccord108/zvra/",
    "timestamp": "unknown"
  },
  {
    "title": "Zevra Therapeutics Q2  Earnings Call--   EDTListen to webcast",
    "link": "https://investors.zevra.com/events/event-details/zevra-therapeutics-q2--earnings-call",
    "timestamp": "unknown"
  },
  {
    "title": "Zevra Therapeutics Q2  Earnings Call--   EDTListen to webcast",
    "link": "https://investors.zevra.com/events/event-details/zevra-therapeutics-q2--earnings-call",
    "timestamp": "unknown"
  },
  {
    "title": "Zevra Therapeutics Q2  Earnings Call--   EDTListen to webcast",
    "link": "https://investors.zevra.com/events/event-details/zevra-therapeutics-q2--earnings-call",
    "timestamp": "unknown"
  },
  {
    "title": "Zevra Therapeutics Q2  Earnings Call--   EDT",
    "link": "https://investors.zevra.com/events/event-details/zevra-therapeutics-q2--earnings-call",
    "timestamp": "unknown"
  },
  {
    "title": "Zevra Therapeutics Q2  Earnings Call",
    "link": "https://investors.zevra.com/events/event-details/zevra-therapeutics-q2--earnings-call",
    "timestamp": "unknown"
  },
  {
    "title": "Zevra Therapeutics Q2  Earnings Call",
    "link": "https://investors.zevra.com/events/event-details/zevra-therapeutics-q2--earnings-call",
    "timestamp": "unknown"
  },
  {
    "title": "Zevra Therapeutics Q2  Earnings Call",
    "link": "https://investors.zevra.com/events/event-details/zevra-therapeutics-q2--earnings-call",
    "timestamp": "unknown"
  },
  {
    "title": "Listen to webcast",
    "link": "https://event.on24.com/wcc/r//AED2C129BA4EE6F53B63E12438CAE532",
    "timestamp": "unknown"
  },
  {
    "title": "Listen to webcast",
    "link": "https://event.on24.com/wcc/r//AED2C129BA4EE6F53B63E12438CAE532",
    "timestamp": "unknown"
  },
  {
    "title": "Listen to webcast",
    "link": "https://event.on24.com/wcc/r//AED2C129BA4EE6F53B63E12438CAE532",
    "timestamp": "unknown"
  },
  {
    "title": "Listen to webcast",
    "link": "https://event.on24.com/wcc/r//AED2C129BA4EE6F53B63E12438CAE532",
    "timestamp": "unknown"
  },
  {
    "title": "H.C. Wainwright 3rd Annual BioConnect Investor Conference at NASDAQ--   EDTListen to webcast",
    "link": "https://investors.zevra.com/events/event-details/hc-wainwright-3rd-annual-bioconnect-investor-conference-nasdaq",
    "timestamp": "unknown"
  },
  {
    "title": "H.C. Wainwright 3rd Annual BioConnect Investor Conference at NASDAQ--   EDTListen to webcast",
    "link": "https://investors.zevra.com/events/event-details/hc-wainwright-3rd-annual-bioconnect-investor-conference-nasdaq",
    "timestamp": "unknown"
  },
  {
    "title": "H.C. Wainwright 3rd Annual BioConnect Investor Conference at NASDAQ--   EDTListen to webcast",
    "link": "https://investors.zevra.com/events/event-details/hc-wainwright-3rd-annual-bioconnect-investor-conference-nasdaq",
    "timestamp": "unknown"
  },
  {
    "title": "H.C. Wainwright 3rd Annual BioConnect Investor Conference at NASDAQ--   EDT",
    "link": "https://investors.zevra.com/events/event-details/hc-wainwright-3rd-annual-bioconnect-investor-conference-nasdaq",
    "timestamp": "unknown"
  },
  {
    "title": "H.C. Wainwright 3rd Annual BioConnect Investor Conference at NASDAQ",
    "link": "https://investors.zevra.com/events/event-details/hc-wainwright-3rd-annual-bioconnect-investor-conference-nasdaq",
    "timestamp": "unknown"
  },
  {
    "title": "H.C. Wainwright 3rd Annual BioConnect Investor Conference at NASDAQ",
    "link": "https://investors.zevra.com/events/event-details/hc-wainwright-3rd-annual-bioconnect-investor-conference-nasdaq",
    "timestamp": "unknown"
  },
  {
    "title": "H.C. Wainwright 3rd Annual BioConnect Investor Conference at NASDAQ",
    "link": "https://investors.zevra.com/events/event-details/hc-wainwright-3rd-annual-bioconnect-investor-conference-nasdaq",
    "timestamp": "unknown"
  },
  {
    "title": "Listen to webcast",
    "link": "https://journey.ct.events/view/4802d3e8-08f9-4f4d-a526-38d79dee88fc",
    "timestamp": "unknown"
  },
  {
    "title": "Listen to webcast",
    "link": "https://journey.ct.events/view/4802d3e8-08f9-4f4d-a526-38d79dee88fc",
    "timestamp": "unknown"
  },
  {
    "title": "Listen to webcast",
    "link": "https://journey.ct.events/view/4802d3e8-08f9-4f4d-a526-38d79dee88fc",
    "timestamp": "unknown"
  },
  {
    "title": "Listen to webcast",
    "link": "https://journey.ct.events/view/4802d3e8-08f9-4f4d-a526-38d79dee88fc",
    "timestamp": "unknown"
  },
  {
    "title": "Zevra Therapeutics Q1  Earnings Call--   EDTListen to webcast",
    "link": "https://investors.zevra.com/events/event-details/zevra-therapeutics-q1--earnings-call",
    "timestamp": "unknown"
  },
  {
    "title": "Zevra Therapeutics Q1  Earnings Call--   EDTListen to webcast",
    "link": "https://investors.zevra.com/events/event-details/zevra-therapeutics-q1--earnings-call",
    "timestamp": "unknown"
  },
  {
    "title": "Zevra Therapeutics Q1  Earnings Call--   EDTListen to webcast",
    "link": "https://investors.zevra.com/events/event-details/zevra-therapeutics-q1--earnings-call",
    "timestamp": "unknown"
  },
  {
    "title": "Zevra Therapeutics Q1  Earnings Call--   EDT",
    "link": "https://investors.zevra.com/events/event-details/zevra-therapeutics-q1--earnings-call",
    "timestamp": "unknown"
  },
  {
    "title": "Zevra Therapeutics Q1  Earnings Call",
    "link": "https://investors.zevra.com/events/event-details/zevra-therapeutics-q1--earnings-call",
    "timestamp": "unknown"
  },
  {
    "title": "Zevra Therapeutics Q1  Earnings Call",
    "link": "https://investors.zevra.com/events/event-details/zevra-therapeutics-q1--earnings-call",
    "timestamp": "unknown"
  },
  {
    "title": "Zevra Therapeutics Q1  Earnings Call",
    "link": "https://investors.zevra.com/events/event-details/zevra-therapeutics-q1--earnings-call",
    "timestamp": "unknown"
  },
  {
    "title": "Listen to webcast",
    "link": "https://event.on24.com/wcc/r//BEF2A57386C01880EAC2516B35D7D6BB",
    "timestamp": "unknown"
  },
  {
    "title": "Listen to webcast",
    "link": "https://event.on24.com/wcc/r//BEF2A57386C01880EAC2516B35D7D6BB",
    "timestamp": "unknown"
  },
  {
    "title": "Listen to webcast",
    "link": "https://event.on24.com/wcc/r//BEF2A57386C01880EAC2516B35D7D6BB",
    "timestamp": "unknown"
  },
  {
    "title": "Listen to webcast",
    "link": "https://event.on24.com/wcc/r//BEF2A57386C01880EAC2516B35D7D6BB",
    "timestamp": "unknown"
  },
  {
    "title": "The Citizens Life Sciences Conference--   EDTListen to webcast",
    "link": "https://investors.zevra.com/events/event-details/citizens-life-sciences-conference",
    "timestamp": "unknown"
  },
  {
    "title": "The Citizens Life Sciences Conference--   EDTListen to webcast",
    "link": "https://investors.zevra.com/events/event-details/citizens-life-sciences-conference",
    "timestamp": "unknown"
  },
  {
    "title": "The Citizens Life Sciences Conference--   EDTListen to webcast",
    "link": "https://investors.zevra.com/events/event-details/citizens-life-sciences-conference",
    "timestamp": "unknown"
  },
  {
    "title": "The Citizens Life Sciences Conference--   EDT",
    "link": "https://investors.zevra.com/events/event-details/citizens-life-sciences-conference",
    "timestamp": "unknown"
  },
  {
    "title": "The Citizens Life Sciences Conference",
    "link": "https://investors.zevra.com/events/event-details/citizens-life-sciences-conference",
    "timestamp": "unknown"
  },
  {
    "title": "The Citizens Life Sciences Conference",
    "link": "https://investors.zevra.com/events/event-details/citizens-life-sciences-conference",
    "timestamp": "unknown"
  },
  {
    "title": "The Citizens Life Sciences Conference",
    "link": "https://investors.zevra.com/events/event-details/citizens-life-sciences-conference",
    "timestamp": "unknown"
  },
  {
    "title": "Listen to webcast",
    "link": "https://wsw.com/webcast/jmp65/zvra/",
    "timestamp": "unknown"
  },
  {
    "title": "Listen to webcast",
    "link": "https://wsw.com/webcast/jmp65/zvra/",
    "timestamp": "unknown"
  },
  {
    "title": "Listen to webcast",
    "link": "https://wsw.com/webcast/jmp65/zvra/",
    "timestamp": "unknown"
  },
  {
    "title": "Listen to webcast",
    "link": "https://wsw.com/webcast/jmp65/zvra/",
    "timestamp": "unknown"
  },
  {
    "title": "Zevra Therapeutics Fourth Quarter and Full Year  Results--   EDTListen to webcast",
    "link": "https://investors.zevra.com/events/event-details/zevra-therapeutics-fourth-quarter-and-full-year--results",
    "timestamp": "unknown"
  },
  {
    "title": "Zevra Therapeutics Fourth Quarter and Full Year  Results--   EDTListen to webcast",
    "link": "https://investors.zevra.com/events/event-details/zevra-therapeutics-fourth-quarter-and-full-year--results",
    "timestamp": "unknown"
  },
  {
    "title": "Zevra Therapeutics Fourth Quarter and Full Year  Results--   EDTListen to webcast",
    "link": "https://investors.zevra.com/events/event-details/zevra-therapeutics-fourth-quarter-and-full-year--results",
    "timestamp": "unknown"
  },
  {
    "title": "Zevra Therapeutics Fourth Quarter and Full Year  Results--   EDT",
    "link": "https://investors.zevra.com/events/event-details/zevra-therapeutics-fourth-quarter-and-full-year--results",
    "timestamp": "unknown"
  },
  {
    "title": "Zevra Therapeutics Fourth Quarter and Full Year  Results",
    "link": "https://investors.zevra.com/events/event-details/zevra-therapeutics-fourth-quarter-and-full-year--results",
    "timestamp": "unknown"
  },
  {
    "title": "Zevra Therapeutics Fourth Quarter and Full Year  Results",
    "link": "https://investors.zevra.com/events/event-details/zevra-therapeutics-fourth-quarter-and-full-year--results",
    "timestamp": "unknown"
  },
  {
    "title": "Zevra Therapeutics Fourth Quarter and Full Year  Results",
    "link": "https://investors.zevra.com/events/event-details/zevra-therapeutics-fourth-quarter-and-full-year--results",
    "timestamp": "unknown"
  },
  {
    "title": "Listen to webcast",
    "link": "https://event.on24.com/wcc/r//5A1BBB059213966A26511835F24ADB36",
    "timestamp": "unknown"
  },
  {
    "title": "Listen to webcast",
    "link": "https://event.on24.com/wcc/r//5A1BBB059213966A26511835F24ADB36",
    "timestamp": "unknown"
  },
  {
    "title": "Listen to webcast",
    "link": "https://event.on24.com/wcc/r//5A1BBB059213966A26511835F24ADB36",
    "timestamp": "unknown"
  },
  {
    "title": "Listen to webcast",
    "link": "https://event.on24.com/wcc/r//5A1BBB059213966A26511835F24ADB36",
    "timestamp": "unknown"
  },
  {
    "title": "About UsOur Mission & VisionThe Zevra StoryLeadershipBoard of DirectorsOur ApproachWhat We DoPartneringPatients & ProvidersClinical TrialsExpanded Acc",
    "link": "https://zevra.com/about-us/",
    "timestamp": "unknown"
  },
  {
    "title": "About UsOur Mission & VisionThe Zevra StoryLeadershipBoard of DirectorsOur ApproachWhat We DoPartneringPatients & ProvidersClinical TrialsExpanded Acc",
    "link": "https://zevra.com/about-us/",
    "timestamp": "unknown"
  },
  {
    "title": "About UsOur Mission & VisionThe Zevra StoryLeadershipBoard of DirectorsOur ApproachWhat We DoPartneringPatients & ProvidersClinical TrialsExpanded Acc",
    "link": "https://zevra.com/about-us/",
    "timestamp": "unknown"
  },
  {
    "title": "About UsOur Mission & VisionThe Zevra StoryLeadershipBoard of DirectorsOur ApproachWhat We DoPartneringPatients & ProvidersClinical TrialsExpanded Acc",
    "link": "https://zevra.com/about-us/",
    "timestamp": "unknown"
  },
  {
    "title": "About UsOur Mission & VisionThe Zevra StoryLeadershipBoard of DirectorsOur ApproachWhat We DoPartneringPatients & ProvidersClinical TrialsExpanded Acc",
    "link": "https://zevra.com/about-us/",
    "timestamp": "unknown"
  },
  {
    "title": "About UsOur Mission & VisionThe Zevra StoryLeadershipBoard of DirectorsOur ApproachWhat We DoPartneringPatients & ProvidersClinical TrialsExpanded Acc",
    "link": "https://zevra.com/about-us/",
    "timestamp": "unknown"
  },
  {
    "title": "About UsOur Mission & VisionThe Zevra StoryLeadershipBoard of DirectorsOur ApproachWhat We DoPartneringPatients & ProvidersClinical TrialsExpanded Acc",
    "link": "https://zevra.com/about-us/",
    "timestamp": "unknown"
  },
  {
    "title": "About UsOur Mission & VisionThe Zevra StoryLeadershipBoard of DirectorsOur ApproachWhat We DoPartneringPatients & ProvidersClinical TrialsExpanded Acc",
    "link": "https://zevra.com/about-us/",
    "timestamp": "unknown"
  },
  {
    "title": "About UsOur Mission & VisionThe Zevra StoryLeadershipBoard of DirectorsOur ApproachWhat We DoPartneringPatients & ProvidersClinical TrialsExpanded Acc",
    "link": "https://zevra.com/about-us/",
    "timestamp": "unknown"
  },
  {
    "title": "About UsOur Mission & VisionThe Zevra StoryLeadershipBoard of Directors",
    "link": "https://zevra.com/about-us/",
    "timestamp": "unknown"
  },
  {
    "title": "Our Mission & Vision",
    "link": "https://zevra.com/about-us/#mission",
    "timestamp": "unknown"
  },
  {
    "title": "The Zevra Story",
    "link": "https://zevra.com/about-us/#the-zevra-story",
    "timestamp": "unknown"
  },
  {
    "title": "Leadership",
    "link": "https://zevra.com/about-us/#leadership",
    "timestamp": "unknown"
  },
  {
    "title": "Board of Directors",
    "link": "https://zevra.com/about-us/#board-of-directors",
    "timestamp": "unknown"
  },
  {
    "title": "Our ApproachWhat We DoPartnering",
    "link": "https://zevra.com/our-approach/",
    "timestamp": "unknown"
  },
  {
    "title": "What We Do",
    "link": "https://zevra.com/our-approach/#what-we-do",
    "timestamp": "unknown"
  },
  {
    "title": "Partnering",
    "link": "https://zevra.com/our-approach/#partnering",
    "timestamp": "unknown"
  },
  {
    "title": "Patients & ProvidersClinical TrialsExpanded Access PolicyNiemann-Pick Disease Type CSleep DisordersUrea Cycle DisordersVascular Ehlers-Danlos",
    "link": "https://zevra.com/patients-and-providers/",
    "timestamp": "unknown"
  },
  {
    "title": "Clinical Trials",
    "link": "https://zevra.com/science-pipeline/#clinical-trials",
    "timestamp": "unknown"
  },
  {
    "title": "Expanded Access Policy",
    "link": "https://zevra.com/patients-and-providers/#healthcare-providers",
    "timestamp": "unknown"
  },
  {
    "title": "Niemann-Pick Disease Type C",
    "link": "https://zevra.com/patients-and-providers/#our-approach-npc",
    "timestamp": "unknown"
  },
  {
    "title": "Sleep Disorders",
    "link": "https://zevra.com/patients-and-providers/#sleep-disorders",
    "timestamp": "unknown"
  },
  {
    "title": "Urea Cycle Disorders",
    "link": "https://zevra.com/patients-and-providers/#ucds",
    "timestamp": "unknown"
  },
  {
    "title": "Vascular Ehlers-Danlos",
    "link": "https://zevra.com/patients-and-providers/#veds",
    "timestamp": "unknown"
  },
  {
    "title": "ProductsMIPLYFFA\u00aeOLPRUVA \u00aeAZSTARYS \u00ae",
    "link": "https://zevra.com/products/",
    "timestamp": "unknown"
  },
  {
    "title": "MIPLYFFA\u00ae",
    "link": "https://zevra.com/products/#miplyffa",
    "timestamp": "unknown"
  },
  {
    "title": "OLPRUVA \u00ae",
    "link": "https://zevra.com/products/#olpruva",
    "timestamp": "unknown"
  },
  {
    "title": "AZSTARYS \u00ae",
    "link": "https://zevra.com/products/#azstarys",
    "timestamp": "unknown"
  },
  {
    "title": "Science & PipelinePipelineClinical TrialsPublications & Presentations",
    "link": "https://zevra.com/science-pipeline/",
    "timestamp": "unknown"
  },
  {
    "title": "Pipeline",
    "link": "https://zevra.com/science-pipeline/#zevra-pipeline",
    "timestamp": "unknown"
  },
  {
    "title": "Clinical Trials",
    "link": "https://zevra.com/science-pipeline/#clinical-trials",
    "timestamp": "unknown"
  },
  {
    "title": "Publications & Presentations",
    "link": "https://zevra.com/science-pipeline/#publications-and-presentations",
    "timestamp": "unknown"
  },
  {
    "title": "InvestorsInvestor RelationsEvents & PresentationsStock Quote & ChartPress ReleasesCorporate GovernanceSEC FilingsContactEmail Alerts",
    "link": "https://investors.zevra.com/investor-overview",
    "timestamp": "unknown"
  },
  {
    "title": "Investor Relations",
    "link": "https://investors.zevra.com/",
    "timestamp": "unknown"
  },
  {
    "title": "Events & Presentations",
    "link": "https://investors.zevra.com/events-and-presentations",
    "timestamp": "unknown"
  },
  {
    "title": "Stock Quote & Chart",
    "link": "https://investors.zevra.com/stock-information/stock-quote",
    "timestamp": "unknown"
  },
  {
    "title": "Press Releases",
    "link": "https://investors.zevra.com/news-releases",
    "timestamp": "unknown"
  },
  {
    "title": "Corporate Governance",
    "link": "https://investors.zevra.com/corporate-governance-highlights",
    "timestamp": "unknown"
  },
  {
    "title": "SEC Filings",
    "link": "https://investors.zevra.com/financial-information",
    "timestamp": "unknown"
  },
  {
    "title": "Contact",
    "link": "https://zevra.com/contact/",
    "timestamp": "unknown"
  },
  {
    "title": "Email Alerts",
    "link": "https://investors.zevra.com/email-alerts",
    "timestamp": "unknown"
  },
  {
    "title": "CareersCultureJob Openings",
    "link": "https://zevra.com/careers/",
    "timestamp": "unknown"
  },
  {
    "title": "Culture",
    "link": "https://zevra.com/careers/#culture",
    "timestamp": "unknown"
  },
  {
    "title": "Job Openings",
    "link": "https://zevra.com/careers/#open-positions",
    "timestamp": "unknown"
  },
  {
    "title": "Contactinfo@zevra.com..FacebookTwitterLinkedIn",
    "link": "https://zevra.com/contact/",
    "timestamp": "unknown"
  },
  {
    "title": "info@zevra.com",
    "link": "mailto:info@zevra.com",
    "timestamp": "unknown"
  },
  {
    "title": "..",
    "link": "tel:+",
    "timestamp": "unknown"
  },
  {
    "title": "Facebook",
    "link": "https://www.facebook.com/zevratherapeutics",
    "timestamp": "unknown"
  },
  {
    "title": "Twitter",
    "link": "https://twitter.com/zevratx",
    "timestamp": "unknown"
  },
  {
    "title": "LinkedIn",
    "link": "https://Linkedin.com/company/zevratherapeutics",
    "timestamp": "unknown"
  },
  {
    "title": "Home",
    "link": "https://zevra.com/",
    "timestamp": "unknown"
  },
  {
    "title": "\u00a9  Zevra Therapeutics, Inc. All rights reserved.Privacy Policy|Terms of Use",
    "link": "https://zevra.com/privacy-policy/",
    "timestamp": "unknown"
  },
  {
    "title": "\u00a9  Zevra Therapeutics, Inc. All rights reserved.Privacy Policy|Terms of Use",
    "link": "https://zevra.com/privacy-policy/",
    "timestamp": "unknown"
  },
  {
    "title": "\u00a9  Zevra Therapeutics, Inc. All rights reserved.Privacy Policy|Terms of Use",
    "link": "https://zevra.com/privacy-policy/",
    "timestamp": "unknown"
  },
  {
    "title": "\u00a9  Zevra Therapeutics, Inc. All rights reserved.Privacy Policy|Terms of Use",
    "link": "https://zevra.com/privacy-policy/",
    "timestamp": "unknown"
  }
]