[
  {
    "title": "NewsInvestorsCareersContactAbout UsOur Mission & VisionThe Zevra StoryLeadershipBoard of DirectorsWhat We DoPartneringPatients & CaregiverClinical Tri",
    "link": "https://investors.zevra.com/news-releases",
    "timestamp": "unknown"
  },
  {
    "title": "NewsInvestorsCareersContactAbout UsOur Mission & VisionThe Zevra StoryLeadershipBoard of DirectorsWhat We DoPartneringPatients & CaregiverClinical Tri",
    "link": "https://investors.zevra.com/news-releases",
    "timestamp": "unknown"
  },
  {
    "title": "NewsInvestorsCareersContact",
    "link": "https://investors.zevra.com/news-releases",
    "timestamp": "unknown"
  },
  {
    "title": "NewsInvestorsCareersContact",
    "link": "https://investors.zevra.com/news-releases",
    "timestamp": "unknown"
  },
  {
    "title": "News",
    "link": "https://investors.zevra.com/news-releases",
    "timestamp": "unknown"
  },
  {
    "title": "Investors",
    "link": "https://investors.zevra.com/investor-overview",
    "timestamp": "unknown"
  },
  {
    "title": "Careers",
    "link": "https://zevra.com/careers/",
    "timestamp": "unknown"
  },
  {
    "title": "Contact",
    "link": "https://zevra.com/contact/",
    "timestamp": "unknown"
  },
  {
    "title": "About UsOur Mission & VisionThe Zevra StoryLeadershipBoard of DirectorsWhat We DoPartneringPatients & CaregiverClinical TrialsExpanded Access PolicyNi",
    "link": "https://zevra.com/",
    "timestamp": "unknown"
  },
  {
    "title": "About UsOur Mission & VisionThe Zevra StoryLeadershipBoard of DirectorsWhat We DoPartneringPatients & CaregiverClinical TrialsExpanded Access PolicyNi",
    "link": "https://zevra.com/",
    "timestamp": "unknown"
  },
  {
    "title": "About UsOur Mission & VisionThe Zevra StoryLeadershipBoard of DirectorsWhat We DoPartneringPatients & CaregiverClinical TrialsExpanded Access PolicyNi",
    "link": "https://zevra.com/",
    "timestamp": "unknown"
  },
  {
    "title": "About UsOur Mission & VisionThe Zevra StoryLeadershipBoard of DirectorsWhat We DoPartneringPatients & CaregiverClinical TrialsExpanded Access PolicyNi",
    "link": "https://zevra.com/about-us/",
    "timestamp": "unknown"
  },
  {
    "title": "About UsOur Mission & VisionThe Zevra StoryLeadershipBoard of DirectorsWhat We DoPartnering",
    "link": "https://zevra.com/about-us/",
    "timestamp": "unknown"
  },
  {
    "title": "Our Mission & Vision",
    "link": "https://zevra.com/our-mission-and-vision/",
    "timestamp": "unknown"
  },
  {
    "title": "The Zevra Story",
    "link": "https://zevra.com/the-zevra-story/",
    "timestamp": "unknown"
  },
  {
    "title": "Leadership",
    "link": "https://zevra.com/leadership/",
    "timestamp": "unknown"
  },
  {
    "title": "Board of Directors",
    "link": "https://zevra.com/board-of-directors/",
    "timestamp": "unknown"
  },
  {
    "title": "What We Do",
    "link": "https://zevra.com/what-we-do/",
    "timestamp": "unknown"
  },
  {
    "title": "Partnering",
    "link": "https://zevra.com/partnering/",
    "timestamp": "unknown"
  },
  {
    "title": "Patients & CaregiverClinical TrialsExpanded Access PolicyNiemann-Pick Disease Type CUrea Cycle DisordersVascular Ehlers-DanlosSleep Disorders",
    "link": "https://zevra.com/clinical-trials/",
    "timestamp": "unknown"
  },
  {
    "title": "Clinical Trials",
    "link": "https://zevra.com/clinical-trials/",
    "timestamp": "unknown"
  },
  {
    "title": "Expanded Access Policy",
    "link": "https://zevra.com/expanded-access-policy/",
    "timestamp": "unknown"
  },
  {
    "title": "Niemann-Pick Disease Type C",
    "link": "https://zevra.com/niemann-pick-disease-type-c/",
    "timestamp": "unknown"
  },
  {
    "title": "Urea Cycle Disorders",
    "link": "https://zevra.com/patients-and-providers/#ucds",
    "timestamp": "unknown"
  },
  {
    "title": "Vascular Ehlers-Danlos",
    "link": "https://zevra.com/urea-cycle-disorders/",
    "timestamp": "unknown"
  },
  {
    "title": "Sleep Disorders",
    "link": "https://zevra.com/sleep-disorders/",
    "timestamp": "unknown"
  },
  {
    "title": "Our ProductsMIPLYFFA\u00aeOLPRUVA \u00aeAZSTARYS \u00ae",
    "link": "https://zevra.com/our-products/#miplyffa",
    "timestamp": "unknown"
  },
  {
    "title": "MIPLYFFA\u00ae",
    "link": "https://zevra.com/our-products/#miplyffa",
    "timestamp": "unknown"
  },
  {
    "title": "OLPRUVA \u00ae",
    "link": "https://zevra.com/our-products/#olpruva",
    "timestamp": "unknown"
  },
  {
    "title": "AZSTARYS \u00ae",
    "link": "https://zevra.com/our-products/#azstarys",
    "timestamp": "unknown"
  },
  {
    "title": "Our PipelinePipelineClinical TrialsPublications & PresentationsMedical LiteratureMedical InformationInvestigator-Initiated Studies",
    "link": "https://zevra.com/pipeline/",
    "timestamp": "unknown"
  },
  {
    "title": "Pipeline",
    "link": "https://zevra.com/pipeline/",
    "timestamp": "unknown"
  },
  {
    "title": "Clinical Trials",
    "link": "https://zevra.com/clinical-trials/",
    "timestamp": "unknown"
  },
  {
    "title": "Publications & Presentations",
    "link": "https://zevra.com/publications-and-presentations/",
    "timestamp": "unknown"
  },
  {
    "title": "Medical Literature",
    "link": "https://zevra.com/medical-literature/",
    "timestamp": "unknown"
  },
  {
    "title": "Medical Information",
    "link": "https://zevra.com/medical-information/",
    "timestamp": "unknown"
  },
  {
    "title": "Investigator-Initiated Studies",
    "link": "https://zevra.com/medical-information/#iis",
    "timestamp": "unknown"
  },
  {
    "title": "InvestorsInvestor RelationsEvents & PresentationsStock Quote & ChartPress ReleasesCorporate GovernanceSEC FilingsContactEmail Alerts",
    "link": "https://investors.zevra.com/investor-overview",
    "timestamp": "unknown"
  },
  {
    "title": "Investor Relations",
    "link": "https://investors.zevra.com/",
    "timestamp": "unknown"
  },
  {
    "title": "Events & Presentations",
    "link": "https://investors.zevra.com/events-and-presentations",
    "timestamp": "unknown"
  },
  {
    "title": "Stock Quote & Chart",
    "link": "https://investors.zevra.com/stock-information/stock-quote",
    "timestamp": "unknown"
  },
  {
    "title": "Press Releases",
    "link": "https://investors.zevra.com/news-releases",
    "timestamp": "unknown"
  },
  {
    "title": "Corporate Governance",
    "link": "https://investors.zevra.com/corporate-governance-highlights",
    "timestamp": "unknown"
  },
  {
    "title": "SEC Filings",
    "link": "https://investors.zevra.com/financial-information",
    "timestamp": "unknown"
  },
  {
    "title": "Contact",
    "link": "https://zevra.com/contact/",
    "timestamp": "unknown"
  },
  {
    "title": "Email Alerts",
    "link": "https://investors.zevra.com/email-alerts",
    "timestamp": "unknown"
  },
  {
    "title": "CareersCultureJob Openings",
    "link": "https://zevra.com/careers/",
    "timestamp": "unknown"
  },
  {
    "title": "Culture",
    "link": "https://zevra.com/careers/#culture",
    "timestamp": "unknown"
  },
  {
    "title": "Job Openings",
    "link": "https://zevra.com/careers/#job-openings",
    "timestamp": "unknown"
  },
  {
    "title": "Contactinfo@zevra.com..FacebookTwitterLinkedIn",
    "link": "https://zevra.com/careers/contact",
    "timestamp": "unknown"
  },
  {
    "title": "info@zevra.com",
    "link": "mailto:info@zevra.com",
    "timestamp": "unknown"
  },
  {
    "title": "..",
    "link": "tel:+",
    "timestamp": "unknown"
  },
  {
    "title": "Facebook",
    "link": "https://www.facebook.com/zevratherapeutics",
    "timestamp": "unknown"
  },
  {
    "title": "Twitter",
    "link": "https://twitter.com/zevratx",
    "timestamp": "unknown"
  },
  {
    "title": "LinkedIn",
    "link": "https://Linkedin.com/company/zevratherapeutics",
    "timestamp": "unknown"
  },
  {
    "title": "Home",
    "link": "https://zevra.com/",
    "timestamp": "unknown"
  },
  {
    "title": "MenuMenu",
    "link": "https://investors.zevra.com/news-releases",
    "timestamp": "unknown"
  },
  {
    "title": "OverviewEvents & PresentationsStock InformationStock Quote & ChartHistoric Stock LookupAnalyst CoveragePress ReleasesCorporate GovernanceLeadershipBoa",
    "link": "https://investors.zevra.com/investor-overview",
    "timestamp": "unknown"
  },
  {
    "title": "OverviewEvents & PresentationsStock InformationStock Quote & ChartHistoric Stock LookupAnalyst CoveragePress ReleasesCorporate GovernanceLeadershipBoa",
    "link": "https://investors.zevra.com/investor-overview",
    "timestamp": "unknown"
  },
  {
    "title": "OverviewEvents & PresentationsStock InformationStock Quote & ChartHistoric Stock LookupAnalyst CoveragePress ReleasesCorporate GovernanceLeadershipBoa",
    "link": "https://investors.zevra.com/investor-overview",
    "timestamp": "unknown"
  },
  {
    "title": "OverviewEvents & PresentationsStock InformationStock Quote & ChartHistoric Stock LookupAnalyst CoveragePress ReleasesCorporate GovernanceLeadershipBoa",
    "link": "https://investors.zevra.com/investor-overview",
    "timestamp": "unknown"
  },
  {
    "title": "OverviewEvents & PresentationsStock InformationStock Quote & ChartHistoric Stock LookupAnalyst CoveragePress ReleasesCorporate GovernanceLeadershipBoa",
    "link": "https://investors.zevra.com/investor-overview",
    "timestamp": "unknown"
  },
  {
    "title": "OverviewEvents & PresentationsStock InformationStock Quote & ChartHistoric Stock LookupAnalyst CoveragePress ReleasesCorporate GovernanceLeadershipBoa",
    "link": "https://investors.zevra.com/investor-overview",
    "timestamp": "unknown"
  },
  {
    "title": "OverviewEvents & PresentationsStock InformationStock Quote & ChartHistoric Stock LookupAnalyst CoveragePress ReleasesCorporate GovernanceLeadershipBoa",
    "link": "https://investors.zevra.com/investor-overview",
    "timestamp": "unknown"
  },
  {
    "title": "OverviewEvents & PresentationsStock InformationStock Quote & ChartHistoric Stock LookupAnalyst CoveragePress ReleasesCorporate GovernanceLeadershipBoa",
    "link": "https://investors.zevra.com/investor-overview",
    "timestamp": "unknown"
  },
  {
    "title": "OverviewEvents & PresentationsStock InformationStock Quote & ChartHistoric Stock LookupAnalyst CoveragePress ReleasesCorporate GovernanceLeadershipBoa",
    "link": "https://investors.zevra.com/investor-overview",
    "timestamp": "unknown"
  },
  {
    "title": "OverviewEvents & PresentationsStock InformationStock Quote & ChartHistoric Stock LookupAnalyst CoveragePress ReleasesCorporate GovernanceLeadershipBoa",
    "link": "https://investors.zevra.com/investor-overview",
    "timestamp": "unknown"
  },
  {
    "title": "Overview",
    "link": "https://investors.zevra.com/investor-overview",
    "timestamp": "unknown"
  },
  {
    "title": "Events & Presentations",
    "link": "https://investors.zevra.com/events-and-presentations",
    "timestamp": "unknown"
  },
  {
    "title": "Stock InformationStock Quote & ChartHistoric Stock LookupAnalyst Coverage",
    "link": "https://investors.zevra.com/stock-information/stock-quote",
    "timestamp": "unknown"
  },
  {
    "title": "Stock Quote & Chart",
    "link": "https://investors.zevra.com/stock-information/stock-quote",
    "timestamp": "unknown"
  },
  {
    "title": "Historic Stock Lookup",
    "link": "https://investors.zevra.com/stock-information/historical-price-lookup",
    "timestamp": "unknown"
  },
  {
    "title": "Analyst Coverage",
    "link": "https://investors.zevra.com/stock-information/analyst-coverage",
    "timestamp": "unknown"
  },
  {
    "title": "Press Releases",
    "link": "https://investors.zevra.com/news-releases",
    "timestamp": "unknown"
  },
  {
    "title": "Corporate GovernanceLeadershipBoard of DirectorsCommittee CompositionIRS \u2013 Required Disclosures",
    "link": "https://investors.zevra.com/corporate-governance-highlights",
    "timestamp": "unknown"
  },
  {
    "title": "Leadership",
    "link": "https://zevra.com/about-us/#leadership",
    "timestamp": "unknown"
  },
  {
    "title": "Board of Directors",
    "link": "https://zevra.com/about-us/#board-of-directors",
    "timestamp": "unknown"
  },
  {
    "title": "Committee Composition",
    "link": "https://investors.zevra.com/corporate-governance/committee-composition",
    "timestamp": "unknown"
  },
  {
    "title": "IRS \u2013 Required Disclosures",
    "link": "https://investors.zevra.com/corporate-governance/internal-revenue-service-report-organizational-actions-affecting-basis-securities",
    "timestamp": "unknown"
  },
  {
    "title": "State Compliance",
    "link": "https://investors.zevra.com/state-compliance",
    "timestamp": "unknown"
  },
  {
    "title": "SEC Filings",
    "link": "https://investors.zevra.com/financial-information",
    "timestamp": "unknown"
  },
  {
    "title": "Contact",
    "link": "https://zevra.com/contact/",
    "timestamp": "unknown"
  },
  {
    "title": "Email Alerts",
    "link": "https://investors.zevra.com/email-alerts",
    "timestamp": "unknown"
  },
  {
    "title": "FAQs",
    "link": "https://investors.zevra.com/faqs-",
    "timestamp": "unknown"
  },
  {
    "title": "YearAllZevra Therapeutics to Present Multiple Analyses on MIPLYFFA\u00ae at the 22nd Annual WORLDSymposium\u2122--Zevra Therapeutics to Present at the J.P. Morg",
    "link": "https://investors.zevra.com/news-releases/news-release-details/zevra-therapeutics-present-multiple-analyses-miplyffar-22nd",
    "timestamp": "unknown"
  },
  {
    "title": "YearAllZevra Therapeutics to Present Multiple Analyses on MIPLYFFA\u00ae at the 22nd Annual WORLDSymposium\u2122--Zevra Therapeutics to Present at the J.P. Morg",
    "link": "https://investors.zevra.com/news-releases/news-release-details/zevra-therapeutics-present-multiple-analyses-miplyffar-22nd",
    "timestamp": "unknown"
  },
  {
    "title": "YearAllZevra Therapeutics to Present Multiple Analyses on MIPLYFFA\u00ae at the 22nd Annual WORLDSymposium\u2122--Zevra Therapeutics to Present at the J.P. Morg",
    "link": "https://investors.zevra.com/news-releases/news-release-details/zevra-therapeutics-present-multiple-analyses-miplyffar-22nd",
    "timestamp": "unknown"
  },
  {
    "title": "YearAllZevra Therapeutics to Present Multiple Analyses on MIPLYFFA\u00ae at the 22nd Annual WORLDSymposium\u2122--Zevra Therapeutics to Present at the J.P. Morg",
    "link": "https://investors.zevra.com/news-releases/news-release-details/zevra-therapeutics-present-multiple-analyses-miplyffar-22nd",
    "timestamp": "unknown"
  },
  {
    "title": "YearAllZevra Therapeutics to Present Multiple Analyses on MIPLYFFA\u00ae at the 22nd Annual WORLDSymposium\u2122--Zevra Therapeutics to Present at the J.P. Morg",
    "link": "https://investors.zevra.com/news-releases/news-release-details/zevra-therapeutics-present-multiple-analyses-miplyffar-22nd",
    "timestamp": "unknown"
  },
  {
    "title": "YearAllZevra Therapeutics to Present Multiple Analyses on MIPLYFFA\u00ae at the 22nd Annual WORLDSymposium\u2122--Zevra Therapeutics to Present at the J.P. Morg",
    "link": "https://investors.zevra.com/news-releases/news-release-details/zevra-therapeutics-present-multiple-analyses-miplyffar-22nd",
    "timestamp": "unknown"
  },
  {
    "title": "YearAllZevra Therapeutics to Present Multiple Analyses on MIPLYFFA\u00ae at the 22nd Annual WORLDSymposium\u2122--Zevra Therapeutics to Present at the J.P. Morg",
    "link": "https://investors.zevra.com/news-releases/news-release-details/zevra-therapeutics-present-multiple-analyses-miplyffar-22nd",
    "timestamp": "unknown"
  },
  {
    "title": "YearAllZevra Therapeutics to Present Multiple Analyses on MIPLYFFA\u00ae at the 22nd Annual WORLDSymposium\u2122--Zevra Therapeutics to Present at the J.P. Morg",
    "link": "https://investors.zevra.com/news-releases/news-release-details/zevra-therapeutics-present-multiple-analyses-miplyffar-22nd",
    "timestamp": "unknown"
  },
  {
    "title": "YearAllZevra Therapeutics to Present Multiple Analyses on MIPLYFFA\u00ae at the 22nd Annual WORLDSymposium\u2122--Zevra Therapeutics to Present at the J.P. Morg",
    "link": "https://investors.zevra.com/news-releases/news-release-details/zevra-therapeutics-present-multiple-analyses-miplyffar-22nd",
    "timestamp": "unknown"
  },
  {
    "title": "YearAllZevra Therapeutics to Present Multiple Analyses on MIPLYFFA\u00ae at the 22nd Annual WORLDSymposium\u2122--Zevra Therapeutics to Present at the J.P. Morg",
    "link": "https://investors.zevra.com/news-releases/news-release-details/zevra-therapeutics-present-multiple-analyses-miplyffar-22nd",
    "timestamp": "unknown"
  },
  {
    "title": "YearAllZevra Therapeutics to Present Multiple Analyses on MIPLYFFA\u00ae at the 22nd Annual WORLDSymposium\u2122--Zevra Therapeutics to Present at the J.P. Morg",
    "link": "https://investors.zevra.com/news-releases/news-release-details/zevra-therapeutics-present-multiple-analyses-miplyffar-22nd",
    "timestamp": "unknown"
  },
  {
    "title": "YearAllZevra Therapeutics to Present Multiple Analyses on MIPLYFFA\u00ae at the 22nd Annual WORLDSymposium\u2122--Zevra Therapeutics to Present at the J.P. Morg",
    "link": "https://investors.zevra.com/news-releases/news-release-details/zevra-therapeutics-present-multiple-analyses-miplyffar-22nd",
    "timestamp": "unknown"
  },
  {
    "title": "YearAllZevra Therapeutics to Present Multiple Analyses on MIPLYFFA\u00ae at the 22nd Annual WORLDSymposium\u2122--Zevra Therapeutics to Present at the J.P. Morg",
    "link": "https://investors.zevra.com/news-releases/news-release-details/zevra-therapeutics-present-multiple-analyses-miplyffar-22nd",
    "timestamp": "unknown"
  },
  {
    "title": "YearAllZevra Therapeutics to Present Multiple Analyses on MIPLYFFA\u00ae at the 22nd Annual WORLDSymposium\u2122--Zevra Therapeutics to Present at the J.P. Morg",
    "link": "https://investors.zevra.com/news-releases/news-release-details/zevra-therapeutics-present-multiple-analyses-miplyffar-22nd",
    "timestamp": "unknown"
  },
  {
    "title": "YearAllZevra Therapeutics to Present Multiple Analyses on MIPLYFFA\u00ae at the 22nd Annual WORLDSymposium\u2122--Zevra Therapeutics to Present at the J.P. Morg",
    "link": "https://investors.zevra.com/news-releases/news-release-details/zevra-therapeutics-present-multiple-analyses-miplyffar-22nd",
    "timestamp": "unknown"
  },
  {
    "title": "YearAllZevra Therapeutics to Present Multiple Analyses on MIPLYFFA\u00ae at the 22nd Annual WORLDSymposium\u2122--Zevra Therapeutics to Present at the J.P. Morg",
    "link": "https://investors.zevra.com/news-releases/news-release-details/zevra-therapeutics-present-multiple-analyses-miplyffar-22nd",
    "timestamp": "unknown"
  },
  {
    "title": "YearAllZevra Therapeutics to Present Multiple Analyses on MIPLYFFA\u00ae at the 22nd Annual WORLDSymposium\u2122--Zevra Therapeutics to Present at the J.P. Morg",
    "link": "https://investors.zevra.com/news-releases/news-release-details/zevra-therapeutics-present-multiple-analyses-miplyffar-22nd",
    "timestamp": "unknown"
  },
  {
    "title": "YearAllZevra Therapeutics to Present Multiple Analyses on MIPLYFFA\u00ae at the 22nd Annual WORLDSymposium\u2122--Zevra Therapeutics to Present at the J.P. Morg",
    "link": "https://investors.zevra.com/news-releases/news-release-details/zevra-therapeutics-present-multiple-analyses-miplyffar-22nd",
    "timestamp": "unknown"
  },
  {
    "title": "YearAllZevra Therapeutics to Present Multiple Analyses on MIPLYFFA\u00ae at the 22nd Annual WORLDSymposium\u2122--Zevra Therapeutics to Present at the J.P. Morg",
    "link": "https://investors.zevra.com/news-releases/news-release-details/zevra-therapeutics-present-multiple-analyses-miplyffar-22nd",
    "timestamp": "unknown"
  },
  {
    "title": "YearAllZevra Therapeutics to Present Multiple Analyses on MIPLYFFA\u00ae at the 22nd Annual WORLDSymposium\u2122--Zevra Therapeutics to Present at the J.P. Morg",
    "link": "https://investors.zevra.com/news-releases/news-release-details/zevra-therapeutics-present-multiple-analyses-miplyffar-22nd",
    "timestamp": "unknown"
  },
  {
    "title": "YearAllZevra Therapeutics to Present Multiple Analyses on MIPLYFFA\u00ae at the 22nd Annual WORLDSymposium\u2122--Zevra Therapeutics to Present at the J.P. Morg",
    "link": "https://investors.zevra.com/news-releases/news-release-details/zevra-therapeutics-present-multiple-analyses-miplyffar-22nd",
    "timestamp": "unknown"
  },
  {
    "title": "YearAllZevra Therapeutics to Present Multiple Analyses on MIPLYFFA\u00ae at the 22nd Annual WORLDSymposium\u2122--Zevra Therapeutics to Present at the J.P. Morg",
    "link": "https://investors.zevra.com/news-releases/news-release-details/zevra-therapeutics-present-multiple-analyses-miplyffar-22nd",
    "timestamp": "unknown"
  },
  {
    "title": "Zevra Therapeutics to Present Multiple Analyses on MIPLYFFA\u00ae at the 22nd Annual WORLDSymposium\u2122--Zevra Therapeutics to Present at the J.P. Morgan 44th",
    "link": "https://investors.zevra.com/news-releases/news-release-details/zevra-therapeutics-present-multiple-analyses-miplyffar-22nd",
    "timestamp": "unknown"
  },
  {
    "title": "Zevra Therapeutics to Present Multiple Analyses on MIPLYFFA\u00ae at the 22nd Annual WORLDSymposium\u2122--",
    "link": "https://investors.zevra.com/news-releases/news-release-details/zevra-therapeutics-present-multiple-analyses-miplyffar-22nd",
    "timestamp": "unknown"
  },
  {
    "title": "Zevra Therapeutics to Present Multiple Analyses on MIPLYFFA\u00ae at the 22nd Annual WORLDSymposium\u2122--",
    "link": "https://investors.zevra.com/news-releases/news-release-details/zevra-therapeutics-present-multiple-analyses-miplyffar-22nd",
    "timestamp": "unknown"
  },
  {
    "title": "Zevra Therapeutics to Present Multiple Analyses on MIPLYFFA\u00ae at the 22nd Annual WORLDSymposium\u2122--",
    "link": "https://investors.zevra.com/news-releases/news-release-details/zevra-therapeutics-present-multiple-analyses-miplyffar-22nd",
    "timestamp": "unknown"
  },
  {
    "title": "Zevra Therapeutics to Present Multiple Analyses on MIPLYFFA\u00ae at the 22nd Annual WORLDSymposium\u2122",
    "link": "https://investors.zevra.com/news-releases/news-release-details/zevra-therapeutics-present-multiple-analyses-miplyffar-22nd",
    "timestamp": "unknown"
  },
  {
    "title": "Zevra Therapeutics to Present at the J.P. Morgan 44th Annual Healthcare Conference--",
    "link": "https://investors.zevra.com/news-releases/news-release-details/zevra-therapeutics-present-jp-morgan-44th-annual-healthcare",
    "timestamp": "unknown"
  },
  {
    "title": "Zevra Therapeutics to Present at the J.P. Morgan 44th Annual Healthcare Conference--",
    "link": "https://investors.zevra.com/news-releases/news-release-details/zevra-therapeutics-present-jp-morgan-44th-annual-healthcare",
    "timestamp": "unknown"
  },
  {
    "title": "Zevra Therapeutics to Present at the J.P. Morgan 44th Annual Healthcare Conference--",
    "link": "https://investors.zevra.com/news-releases/news-release-details/zevra-therapeutics-present-jp-morgan-44th-annual-healthcare",
    "timestamp": "unknown"
  },
  {
    "title": "Zevra Therapeutics to Present at the J.P. Morgan 44th Annual Healthcare Conference",
    "link": "https://investors.zevra.com/news-releases/news-release-details/zevra-therapeutics-present-jp-morgan-44th-annual-healthcare",
    "timestamp": "unknown"
  },
  {
    "title": "Zevra Therapeutics Executes Distribution Agreement to Broaden Access to MIPLYFFA\u00ae for the Treatment of Niemann-Pick Disease Type C (NPC)--",
    "link": "https://investors.zevra.com/news-releases/news-release-details/zevra-therapeutics-executes-distribution-agreement-broaden",
    "timestamp": "unknown"
  },
  {
    "title": "Zevra Therapeutics Executes Distribution Agreement to Broaden Access to MIPLYFFA\u00ae for the Treatment of Niemann-Pick Disease Type C (NPC)--",
    "link": "https://investors.zevra.com/news-releases/news-release-details/zevra-therapeutics-executes-distribution-agreement-broaden",
    "timestamp": "unknown"
  },
  {
    "title": "Zevra Therapeutics Executes Distribution Agreement to Broaden Access to MIPLYFFA\u00ae for the Treatment of Niemann-Pick Disease Type C (NPC)--",
    "link": "https://investors.zevra.com/news-releases/news-release-details/zevra-therapeutics-executes-distribution-agreement-broaden",
    "timestamp": "unknown"
  },
  {
    "title": "Zevra Therapeutics Executes Distribution Agreement to Broaden Access to MIPLYFFA\u00ae for the Treatment of Niemann-Pick Disease Type C (NPC)",
    "link": "https://investors.zevra.com/news-releases/news-release-details/zevra-therapeutics-executes-distribution-agreement-broaden",
    "timestamp": "unknown"
  },
  {
    "title": "Zevra Therapeutics Announces Inducement Grants under Nasdaq Listing Rule (c)()--",
    "link": "https://investors.zevra.com/news-releases/news-release-details/zevra-therapeutics-announces-inducement-grants-under-nasdaq-",
    "timestamp": "unknown"
  },
  {
    "title": "Zevra Therapeutics Announces Inducement Grants under Nasdaq Listing Rule (c)()--",
    "link": "https://investors.zevra.com/news-releases/news-release-details/zevra-therapeutics-announces-inducement-grants-under-nasdaq-",
    "timestamp": "unknown"
  },
  {
    "title": "Zevra Therapeutics Announces Inducement Grants under Nasdaq Listing Rule (c)()--",
    "link": "https://investors.zevra.com/news-releases/news-release-details/zevra-therapeutics-announces-inducement-grants-under-nasdaq-",
    "timestamp": "unknown"
  },
  {
    "title": "Zevra Therapeutics Announces Inducement Grants under Nasdaq Listing Rule (c)()",
    "link": "https://investors.zevra.com/news-releases/news-release-details/zevra-therapeutics-announces-inducement-grants-under-nasdaq-",
    "timestamp": "unknown"
  },
  {
    "title": "Zevra Therapeutics, Inc. Appoints Alicia Secor to Board of Directors; Announces Retirement of Wendy Dixon, PhD--",
    "link": "https://investors.zevra.com/news-releases/news-release-details/zevra-therapeutics-inc-appoints-alicia-secor-board-directors",
    "timestamp": "unknown"
  },
  {
    "title": "Zevra Therapeutics, Inc. Appoints Alicia Secor to Board of Directors; Announces Retirement of Wendy Dixon, PhD--",
    "link": "https://investors.zevra.com/news-releases/news-release-details/zevra-therapeutics-inc-appoints-alicia-secor-board-directors",
    "timestamp": "unknown"
  },
  {
    "title": "Zevra Therapeutics, Inc. Appoints Alicia Secor to Board of Directors; Announces Retirement of Wendy Dixon, PhD--",
    "link": "https://investors.zevra.com/news-releases/news-release-details/zevra-therapeutics-inc-appoints-alicia-secor-board-directors",
    "timestamp": "unknown"
  },
  {
    "title": "Zevra Therapeutics, Inc. Appoints Alicia Secor to Board of Directors; Announces Retirement of Wendy Dixon, PhD",
    "link": "https://investors.zevra.com/news-releases/news-release-details/zevra-therapeutics-inc-appoints-alicia-secor-board-directors",
    "timestamp": "unknown"
  },
  {
    "title": "Zevra Therapeutics, Inc. Announces CFO Transition--",
    "link": "https://investors.zevra.com/news-releases/news-release-details/zevra-therapeutics-inc-announces-cfo-transition",
    "timestamp": "unknown"
  },
  {
    "title": "Zevra Therapeutics, Inc. Announces CFO Transition--",
    "link": "https://investors.zevra.com/news-releases/news-release-details/zevra-therapeutics-inc-announces-cfo-transition",
    "timestamp": "unknown"
  },
  {
    "title": "Zevra Therapeutics, Inc. Announces CFO Transition--",
    "link": "https://investors.zevra.com/news-releases/news-release-details/zevra-therapeutics-inc-announces-cfo-transition",
    "timestamp": "unknown"
  },
  {
    "title": "Zevra Therapeutics, Inc. Announces CFO Transition",
    "link": "https://investors.zevra.com/news-releases/news-release-details/zevra-therapeutics-inc-announces-cfo-transition",
    "timestamp": "unknown"
  },
  {
    "title": "Zevra Reports Third Quarter  Financial Results and Corporate Update--",
    "link": "https://investors.zevra.com/news-releases/news-release-details/zevra-reports-third-quarter--financial-results-and-corporate",
    "timestamp": "unknown"
  },
  {
    "title": "Zevra Reports Third Quarter  Financial Results and Corporate Update--",
    "link": "https://investors.zevra.com/news-releases/news-release-details/zevra-reports-third-quarter--financial-results-and-corporate",
    "timestamp": "unknown"
  },
  {
    "title": "Zevra Reports Third Quarter  Financial Results and Corporate Update--",
    "link": "https://investors.zevra.com/news-releases/news-release-details/zevra-reports-third-quarter--financial-results-and-corporate",
    "timestamp": "unknown"
  },
  {
    "title": "Zevra Reports Third Quarter  Financial Results and Corporate Update",
    "link": "https://investors.zevra.com/news-releases/news-release-details/zevra-reports-third-quarter--financial-results-and-corporate",
    "timestamp": "unknown"
  },
  {
    "title": "Zevra Therapeutics to Participate in the Guggenheim Healthcare Innovation Conference--",
    "link": "https://investors.zevra.com/news-releases/news-release-details/zevra-therapeutics-participate-guggenheim-healthcare-innovation",
    "timestamp": "unknown"
  },
  {
    "title": "Zevra Therapeutics to Participate in the Guggenheim Healthcare Innovation Conference--",
    "link": "https://investors.zevra.com/news-releases/news-release-details/zevra-therapeutics-participate-guggenheim-healthcare-innovation",
    "timestamp": "unknown"
  },
  {
    "title": "Zevra Therapeutics to Participate in the Guggenheim Healthcare Innovation Conference--",
    "link": "https://investors.zevra.com/news-releases/news-release-details/zevra-therapeutics-participate-guggenheim-healthcare-innovation",
    "timestamp": "unknown"
  },
  {
    "title": "Zevra Therapeutics to Participate in the Guggenheim Healthcare Innovation Conference",
    "link": "https://investors.zevra.com/news-releases/news-release-details/zevra-therapeutics-participate-guggenheim-healthcare-innovation",
    "timestamp": "unknown"
  },
  {
    "title": "Zevra Therapeutics Announces Details for Q3  Financial Results Call--",
    "link": "https://investors.zevra.com/news-releases/news-release-details/zevra-therapeutics-announces-details-q3--financial-results",
    "timestamp": "unknown"
  },
  {
    "title": "Zevra Therapeutics Announces Details for Q3  Financial Results Call--",
    "link": "https://investors.zevra.com/news-releases/news-release-details/zevra-therapeutics-announces-details-q3--financial-results",
    "timestamp": "unknown"
  },
  {
    "title": "Zevra Therapeutics Announces Details for Q3  Financial Results Call--",
    "link": "https://investors.zevra.com/news-releases/news-release-details/zevra-therapeutics-announces-details-q3--financial-results",
    "timestamp": "unknown"
  },
  {
    "title": "Zevra Therapeutics Announces Details for Q3  Financial Results Call",
    "link": "https://investors.zevra.com/news-releases/news-release-details/zevra-therapeutics-announces-details-q3--financial-results",
    "timestamp": "unknown"
  },
  {
    "title": "Zevra Therapeutics Announces Inducement Grants under Nasdaq Listing Rule (c)()--",
    "link": "https://investors.zevra.com/news-releases/news-release-details/zevra-therapeutics-announces-inducement-grants-under-nasdaq",
    "timestamp": "unknown"
  },
  {
    "title": "Zevra Therapeutics Announces Inducement Grants under Nasdaq Listing Rule (c)()--",
    "link": "https://investors.zevra.com/news-releases/news-release-details/zevra-therapeutics-announces-inducement-grants-under-nasdaq",
    "timestamp": "unknown"
  },
  {
    "title": "Zevra Therapeutics Announces Inducement Grants under Nasdaq Listing Rule (c)()--",
    "link": "https://investors.zevra.com/news-releases/news-release-details/zevra-therapeutics-announces-inducement-grants-under-nasdaq",
    "timestamp": "unknown"
  },
  {
    "title": "Zevra Therapeutics Announces Inducement Grants under Nasdaq Listing Rule (c)()",
    "link": "https://investors.zevra.com/news-releases/news-release-details/zevra-therapeutics-announces-inducement-grants-under-nasdaq",
    "timestamp": "unknown"
  },
  {
    "title": "PaginationCurrent pagePagePage\u2026Next page\u203aLast page\u00bb",
    "link": "https://investors.zevra.com/news-releases?page=",
    "timestamp": "unknown"
  },
  {
    "title": "PaginationCurrent pagePagePage\u2026Next page\u203aLast page\u00bb",
    "link": "https://investors.zevra.com/news-releases?page=",
    "timestamp": "unknown"
  },
  {
    "title": "PaginationCurrent pagePagePage\u2026Next page\u203aLast page\u00bb",
    "link": "https://investors.zevra.com/news-releases?page=",
    "timestamp": "unknown"
  },
  {
    "title": "Current page",
    "link": "https://investors.zevra.com/news-releases?page=",
    "timestamp": "unknown"
  },
  {
    "title": "Page",
    "link": "https://investors.zevra.com/news-releases?page=",
    "timestamp": "unknown"
  },
  {
    "title": "Page",
    "link": "https://investors.zevra.com/news-releases?page=",
    "timestamp": "unknown"
  },
  {
    "title": "Next page\u203a",
    "link": "https://investors.zevra.com/news-releases?page=",
    "timestamp": "unknown"
  },
  {
    "title": "Last page\u00bb",
    "link": "https://investors.zevra.com/news-releases?page=",
    "timestamp": "unknown"
  },
  {
    "title": "About UsOur Mission & VisionThe Zevra StoryLeadershipBoard of DirectorsWhat We DoPartneringPatients & CaregiverClinical TrialsExpanded Access PolicyNi",
    "link": "https://zevra.com/about-us/",
    "timestamp": "unknown"
  },
  {
    "title": "About UsOur Mission & VisionThe Zevra StoryLeadershipBoard of DirectorsWhat We DoPartneringPatients & CaregiverClinical TrialsExpanded Access PolicyNi",
    "link": "https://zevra.com/about-us/",
    "timestamp": "unknown"
  },
  {
    "title": "About UsOur Mission & VisionThe Zevra StoryLeadershipBoard of DirectorsWhat We DoPartneringPatients & CaregiverClinical TrialsExpanded Access PolicyNi",
    "link": "https://zevra.com/about-us/",
    "timestamp": "unknown"
  },
  {
    "title": "About UsOur Mission & VisionThe Zevra StoryLeadershipBoard of DirectorsWhat We DoPartneringPatients & CaregiverClinical TrialsExpanded Access PolicyNi",
    "link": "https://zevra.com/about-us/",
    "timestamp": "unknown"
  },
  {
    "title": "About UsOur Mission & VisionThe Zevra StoryLeadershipBoard of DirectorsWhat We DoPartneringPatients & CaregiverClinical TrialsExpanded Access PolicyNi",
    "link": "https://zevra.com/about-us/",
    "timestamp": "unknown"
  },
  {
    "title": "About UsOur Mission & VisionThe Zevra StoryLeadershipBoard of DirectorsWhat We DoPartneringPatients & CaregiverClinical TrialsExpanded Access PolicyNi",
    "link": "https://zevra.com/about-us/",
    "timestamp": "unknown"
  },
  {
    "title": "About UsOur Mission & VisionThe Zevra StoryLeadershipBoard of DirectorsWhat We DoPartneringPatients & CaregiverClinical TrialsExpanded Access PolicyNi",
    "link": "https://zevra.com/about-us/",
    "timestamp": "unknown"
  },
  {
    "title": "About UsOur Mission & VisionThe Zevra StoryLeadershipBoard of DirectorsWhat We DoPartneringPatients & CaregiverClinical TrialsExpanded Access PolicyNi",
    "link": "https://zevra.com/about-us/",
    "timestamp": "unknown"
  },
  {
    "title": "About UsOur Mission & VisionThe Zevra StoryLeadershipBoard of DirectorsWhat We DoPartneringPatients & CaregiverClinical TrialsExpanded Access PolicyNi",
    "link": "https://zevra.com/about-us/",
    "timestamp": "unknown"
  },
  {
    "title": "About UsOur Mission & VisionThe Zevra StoryLeadershipBoard of DirectorsWhat We DoPartnering",
    "link": "https://zevra.com/about-us/",
    "timestamp": "unknown"
  },
  {
    "title": "Our Mission & Vision",
    "link": "https://zevra.com/our-mission-and-vision/",
    "timestamp": "unknown"
  },
  {
    "title": "The Zevra Story",
    "link": "https://zevra.com/the-zevra-story/",
    "timestamp": "unknown"
  },
  {
    "title": "Leadership",
    "link": "https://zevra.com/leadership/",
    "timestamp": "unknown"
  },
  {
    "title": "Board of Directors",
    "link": "https://zevra.com/board-of-directors/",
    "timestamp": "unknown"
  },
  {
    "title": "What We Do",
    "link": "https://zevra.com/what-we-do/",
    "timestamp": "unknown"
  },
  {
    "title": "Partnering",
    "link": "https://zevra.com/partnering/",
    "timestamp": "unknown"
  },
  {
    "title": "Patients & CaregiverClinical TrialsExpanded Access PolicyNiemann-Pick Disease Type CUrea Cycle DisordersVascular Ehlers-DanlosSleep Disorders",
    "link": "https://zevra.com/clinical-trials/",
    "timestamp": "unknown"
  },
  {
    "title": "Clinical Trials",
    "link": "https://zevra.com/clinical-trials/",
    "timestamp": "unknown"
  },
  {
    "title": "Expanded Access Policy",
    "link": "https://zevra.com/expanded-access-policy/",
    "timestamp": "unknown"
  },
  {
    "title": "Niemann-Pick Disease Type C",
    "link": "https://zevra.com/niemann-pick-disease-type-c/",
    "timestamp": "unknown"
  },
  {
    "title": "Urea Cycle Disorders",
    "link": "https://zevra.com/patients-and-providers/#ucds",
    "timestamp": "unknown"
  },
  {
    "title": "Vascular Ehlers-Danlos",
    "link": "https://zevra.com/urea-cycle-disorders/",
    "timestamp": "unknown"
  },
  {
    "title": "Sleep Disorders",
    "link": "https://zevra.com/sleep-disorders/",
    "timestamp": "unknown"
  },
  {
    "title": "Our ProductsMIPLYFFA\u00aeOLPRUVA \u00aeAZSTARYS \u00ae",
    "link": "https://zevra.com/our-products/#miplyffa",
    "timestamp": "unknown"
  },
  {
    "title": "MIPLYFFA\u00ae",
    "link": "https://zevra.com/our-products/#miplyffa",
    "timestamp": "unknown"
  },
  {
    "title": "OLPRUVA \u00ae",
    "link": "https://zevra.com/our-products/#olpruva",
    "timestamp": "unknown"
  },
  {
    "title": "AZSTARYS \u00ae",
    "link": "https://zevra.com/our-products/#azstarys",
    "timestamp": "unknown"
  },
  {
    "title": "Our PipelinePipelineClinical TrialsPublications & PresentationsMedical LiteratureMedical InformationInvestigator-Initiated Studies",
    "link": "https://zevra.com/pipeline/",
    "timestamp": "unknown"
  },
  {
    "title": "Pipeline",
    "link": "https://zevra.com/pipeline/",
    "timestamp": "unknown"
  },
  {
    "title": "Clinical Trials",
    "link": "https://zevra.com/clinical-trials/",
    "timestamp": "unknown"
  },
  {
    "title": "Publications & Presentations",
    "link": "https://zevra.com/publications-and-presentations/",
    "timestamp": "unknown"
  },
  {
    "title": "Medical Literature",
    "link": "https://zevra.com/medical-literature/",
    "timestamp": "unknown"
  },
  {
    "title": "Medical Information",
    "link": "https://zevra.com/medical-information/",
    "timestamp": "unknown"
  },
  {
    "title": "Investigator-Initiated Studies",
    "link": "https://zevra.com/medical-information/#iis",
    "timestamp": "unknown"
  },
  {
    "title": "InvestorsInvestor RelationsEvents & PresentationsStock Quote & ChartPress ReleasesCorporate GovernanceSEC FilingsContactEmail Alerts",
    "link": "https://investors.zevra.com/investor-overview",
    "timestamp": "unknown"
  },
  {
    "title": "Investor Relations",
    "link": "https://investors.zevra.com/",
    "timestamp": "unknown"
  },
  {
    "title": "Events & Presentations",
    "link": "https://investors.zevra.com/events-and-presentations",
    "timestamp": "unknown"
  },
  {
    "title": "Stock Quote & Chart",
    "link": "https://investors.zevra.com/stock-information/stock-quote",
    "timestamp": "unknown"
  },
  {
    "title": "Press Releases",
    "link": "https://investors.zevra.com/news-releases",
    "timestamp": "unknown"
  },
  {
    "title": "Corporate Governance",
    "link": "https://investors.zevra.com/corporate-governance-highlights",
    "timestamp": "unknown"
  },
  {
    "title": "SEC Filings",
    "link": "https://investors.zevra.com/financial-information",
    "timestamp": "unknown"
  },
  {
    "title": "Contact",
    "link": "https://zevra.com/contact/",
    "timestamp": "unknown"
  },
  {
    "title": "Email Alerts",
    "link": "https://investors.zevra.com/email-alerts",
    "timestamp": "unknown"
  },
  {
    "title": "CareersCultureJob Openings",
    "link": "https://zevra.com/careers/",
    "timestamp": "unknown"
  },
  {
    "title": "Culture",
    "link": "https://zevra.com/careers/#culture",
    "timestamp": "unknown"
  },
  {
    "title": "Job Openings",
    "link": "https://zevra.com/careers/#job-openings",
    "timestamp": "unknown"
  },
  {
    "title": "Contactinfo@zevra.com..FacebookTwitterLinkedIn",
    "link": "https://zevra.com/careers/contact",
    "timestamp": "unknown"
  },
  {
    "title": "info@zevra.com",
    "link": "mailto:info@zevra.com",
    "timestamp": "unknown"
  },
  {
    "title": "..",
    "link": "tel:+",
    "timestamp": "unknown"
  },
  {
    "title": "Facebook",
    "link": "https://www.facebook.com/zevratherapeutics",
    "timestamp": "unknown"
  },
  {
    "title": "Twitter",
    "link": "https://twitter.com/zevratx",
    "timestamp": "unknown"
  },
  {
    "title": "LinkedIn",
    "link": "https://Linkedin.com/company/zevratherapeutics",
    "timestamp": "unknown"
  },
  {
    "title": "Home",
    "link": "https://zevra.com/",
    "timestamp": "unknown"
  },
  {
    "title": "\u00a9  Zevra Therapeutics, Inc. All rights reserved.Privacy Policy|Terms of Use",
    "link": "https://zevra.com/privacy-policy/",
    "timestamp": "unknown"
  },
  {
    "title": "\u00a9  Zevra Therapeutics, Inc. All rights reserved.Privacy Policy|Terms of Use",
    "link": "https://zevra.com/privacy-policy/",
    "timestamp": "unknown"
  },
  {
    "title": "\u00a9  Zevra Therapeutics, Inc. All rights reserved.Privacy Policy|Terms of Use",
    "link": "https://zevra.com/privacy-policy/",
    "timestamp": "unknown"
  },
  {
    "title": "\u00a9  Zevra Therapeutics, Inc. All rights reserved.Privacy Policy|Terms of Use",
    "link": "https://zevra.com/privacy-policy/",
    "timestamp": "unknown"
  }
]