[
  {
    "title": "NewsInvestorsCareersContactAbout UsOur Mission & VisionThe Zevra StoryLeadershipBoard of DirectorsWhat We DoPartneringPatients & CaregiverClinical Tri",
    "link": "https://investors.zevra.com/news-releases",
    "timestamp": "unknown"
  },
  {
    "title": "NewsInvestorsCareersContactAbout UsOur Mission & VisionThe Zevra StoryLeadershipBoard of DirectorsWhat We DoPartneringPatients & CaregiverClinical Tri",
    "link": "https://investors.zevra.com/news-releases",
    "timestamp": "unknown"
  },
  {
    "title": "NewsInvestorsCareersContact",
    "link": "https://investors.zevra.com/news-releases",
    "timestamp": "unknown"
  },
  {
    "title": "NewsInvestorsCareersContact",
    "link": "https://investors.zevra.com/news-releases",
    "timestamp": "unknown"
  },
  {
    "title": "News",
    "link": "https://investors.zevra.com/news-releases",
    "timestamp": "unknown"
  },
  {
    "title": "Investors",
    "link": "https://investors.zevra.com/investor-overview",
    "timestamp": "unknown"
  },
  {
    "title": "Careers",
    "link": "https://zevra.com/careers/",
    "timestamp": "unknown"
  },
  {
    "title": "Contact",
    "link": "https://zevra.com/contact/",
    "timestamp": "unknown"
  },
  {
    "title": "About UsOur Mission & VisionThe Zevra StoryLeadershipBoard of DirectorsWhat We DoPartneringPatients & CaregiverClinical TrialsExpanded Access PolicyNi",
    "link": "https://zevra.com/",
    "timestamp": "unknown"
  },
  {
    "title": "About UsOur Mission & VisionThe Zevra StoryLeadershipBoard of DirectorsWhat We DoPartneringPatients & CaregiverClinical TrialsExpanded Access PolicyNi",
    "link": "https://zevra.com/",
    "timestamp": "unknown"
  },
  {
    "title": "About UsOur Mission & VisionThe Zevra StoryLeadershipBoard of DirectorsWhat We DoPartneringPatients & CaregiverClinical TrialsExpanded Access PolicyNi",
    "link": "https://zevra.com/",
    "timestamp": "unknown"
  },
  {
    "title": "About UsOur Mission & VisionThe Zevra StoryLeadershipBoard of DirectorsWhat We DoPartneringPatients & CaregiverClinical TrialsExpanded Access PolicyNi",
    "link": "https://zevra.com/about-us/",
    "timestamp": "unknown"
  },
  {
    "title": "About UsOur Mission & VisionThe Zevra StoryLeadershipBoard of DirectorsWhat We DoPartnering",
    "link": "https://zevra.com/about-us/",
    "timestamp": "unknown"
  },
  {
    "title": "Our Mission & Vision",
    "link": "https://zevra.com/our-mission-and-vision/",
    "timestamp": "unknown"
  },
  {
    "title": "The Zevra Story",
    "link": "https://zevra.com/the-zevra-story/",
    "timestamp": "unknown"
  },
  {
    "title": "Leadership",
    "link": "https://zevra.com/leadership/",
    "timestamp": "unknown"
  },
  {
    "title": "Board of Directors",
    "link": "https://zevra.com/board-of-directors/",
    "timestamp": "unknown"
  },
  {
    "title": "What We Do",
    "link": "https://zevra.com/what-we-do/",
    "timestamp": "unknown"
  },
  {
    "title": "Partnering",
    "link": "https://zevra.com/partnering/",
    "timestamp": "unknown"
  },
  {
    "title": "Patients & CaregiverClinical TrialsExpanded Access PolicyNiemann-Pick Disease Type CUrea Cycle DisordersVascular Ehlers-DanlosSleep Disorders",
    "link": "https://zevra.com/clinical-trials/",
    "timestamp": "unknown"
  },
  {
    "title": "Clinical Trials",
    "link": "https://zevra.com/clinical-trials/",
    "timestamp": "unknown"
  },
  {
    "title": "Expanded Access Policy",
    "link": "https://zevra.com/expanded-access-policy/",
    "timestamp": "unknown"
  },
  {
    "title": "Niemann-Pick Disease Type C",
    "link": "https://zevra.com/niemann-pick-disease-type-c/",
    "timestamp": "unknown"
  },
  {
    "title": "Urea Cycle Disorders",
    "link": "https://zevra.com/patients-and-providers/#ucds",
    "timestamp": "unknown"
  },
  {
    "title": "Vascular Ehlers-Danlos",
    "link": "https://zevra.com/urea-cycle-disorders/",
    "timestamp": "unknown"
  },
  {
    "title": "Sleep Disorders",
    "link": "https://zevra.com/sleep-disorders/",
    "timestamp": "unknown"
  },
  {
    "title": "Our ProductsMIPLYFFA\u00aeOLPRUVA \u00aeAZSTARYS \u00ae",
    "link": "https://zevra.com/our-products/#miplyffa",
    "timestamp": "unknown"
  },
  {
    "title": "MIPLYFFA\u00ae",
    "link": "https://zevra.com/our-products/#miplyffa",
    "timestamp": "unknown"
  },
  {
    "title": "OLPRUVA \u00ae",
    "link": "https://zevra.com/our-products/#olpruva",
    "timestamp": "unknown"
  },
  {
    "title": "AZSTARYS \u00ae",
    "link": "https://zevra.com/our-products/#azstarys",
    "timestamp": "unknown"
  },
  {
    "title": "Our PipelinePipelineClinical TrialsPublications & PresentationsMedical LiteratureMedical InformationInvestigator-Initiated Studies",
    "link": "https://zevra.com/pipeline/",
    "timestamp": "unknown"
  },
  {
    "title": "Pipeline",
    "link": "https://zevra.com/pipeline/",
    "timestamp": "unknown"
  },
  {
    "title": "Clinical Trials",
    "link": "https://zevra.com/clinical-trials/",
    "timestamp": "unknown"
  },
  {
    "title": "Publications & Presentations",
    "link": "https://zevra.com/publications-and-presentations/",
    "timestamp": "unknown"
  },
  {
    "title": "Medical Literature",
    "link": "https://zevra.com/medical-literature/",
    "timestamp": "unknown"
  },
  {
    "title": "Medical Information",
    "link": "https://zevra.com/medical-information/",
    "timestamp": "unknown"
  },
  {
    "title": "Investigator-Initiated Studies",
    "link": "https://zevra.com/medical-information/#iis",
    "timestamp": "unknown"
  },
  {
    "title": "InvestorsInvestor RelationsEvents & PresentationsStock Quote & ChartPress ReleasesCorporate GovernanceSEC FilingsContactEmail Alerts",
    "link": "https://investors.zevra.com/investor-overview",
    "timestamp": "unknown"
  },
  {
    "title": "Investor Relations",
    "link": "https://investors.zevra.com/",
    "timestamp": "unknown"
  },
  {
    "title": "Events & Presentations",
    "link": "https://investors.zevra.com/events-and-presentations",
    "timestamp": "unknown"
  },
  {
    "title": "Stock Quote & Chart",
    "link": "https://investors.zevra.com/stock-information/stock-quote",
    "timestamp": "unknown"
  },
  {
    "title": "Press Releases",
    "link": "https://investors.zevra.com/news-releases",
    "timestamp": "unknown"
  },
  {
    "title": "Corporate Governance",
    "link": "https://investors.zevra.com/corporate-governance-highlights",
    "timestamp": "unknown"
  },
  {
    "title": "SEC Filings",
    "link": "https://investors.zevra.com/financial-information",
    "timestamp": "unknown"
  },
  {
    "title": "Contact",
    "link": "https://zevra.com/contact/",
    "timestamp": "unknown"
  },
  {
    "title": "Email Alerts",
    "link": "https://investors.zevra.com/email-alerts",
    "timestamp": "unknown"
  },
  {
    "title": "CareersCultureJob Openings",
    "link": "https://zevra.com/careers/",
    "timestamp": "unknown"
  },
  {
    "title": "Culture",
    "link": "https://zevra.com/careers/#culture",
    "timestamp": "unknown"
  },
  {
    "title": "Job Openings",
    "link": "https://zevra.com/careers/#job-openings",
    "timestamp": "unknown"
  },
  {
    "title": "Contactinfo@zevra.com..FacebookTwitterLinkedIn",
    "link": "https://zevra.com/careers/contact",
    "timestamp": "unknown"
  },
  {
    "title": "info@zevra.com",
    "link": "mailto:info@zevra.com",
    "timestamp": "unknown"
  },
  {
    "title": "..",
    "link": "tel:+",
    "timestamp": "unknown"
  },
  {
    "title": "Facebook",
    "link": "https://www.facebook.com/zevratherapeutics",
    "timestamp": "unknown"
  },
  {
    "title": "Twitter",
    "link": "https://twitter.com/zevratx",
    "timestamp": "unknown"
  },
  {
    "title": "LinkedIn",
    "link": "https://Linkedin.com/company/zevratherapeutics",
    "timestamp": "unknown"
  },
  {
    "title": "Home",
    "link": "https://zevra.com/",
    "timestamp": "unknown"
  },
  {
    "title": "MenuMenu",
    "link": "https://investors.zevra.com/financial-information",
    "timestamp": "unknown"
  },
  {
    "title": "OverviewEvents & PresentationsStock InformationStock Quote & ChartHistoric Stock LookupAnalyst CoveragePress ReleasesCorporate GovernanceLeadershipBoa",
    "link": "https://investors.zevra.com/investor-overview",
    "timestamp": "unknown"
  },
  {
    "title": "OverviewEvents & PresentationsStock InformationStock Quote & ChartHistoric Stock LookupAnalyst CoveragePress ReleasesCorporate GovernanceLeadershipBoa",
    "link": "https://investors.zevra.com/investor-overview",
    "timestamp": "unknown"
  },
  {
    "title": "OverviewEvents & PresentationsStock InformationStock Quote & ChartHistoric Stock LookupAnalyst CoveragePress ReleasesCorporate GovernanceLeadershipBoa",
    "link": "https://investors.zevra.com/investor-overview",
    "timestamp": "unknown"
  },
  {
    "title": "OverviewEvents & PresentationsStock InformationStock Quote & ChartHistoric Stock LookupAnalyst CoveragePress ReleasesCorporate GovernanceLeadershipBoa",
    "link": "https://investors.zevra.com/investor-overview",
    "timestamp": "unknown"
  },
  {
    "title": "OverviewEvents & PresentationsStock InformationStock Quote & ChartHistoric Stock LookupAnalyst CoveragePress ReleasesCorporate GovernanceLeadershipBoa",
    "link": "https://investors.zevra.com/investor-overview",
    "timestamp": "unknown"
  },
  {
    "title": "OverviewEvents & PresentationsStock InformationStock Quote & ChartHistoric Stock LookupAnalyst CoveragePress ReleasesCorporate GovernanceLeadershipBoa",
    "link": "https://investors.zevra.com/investor-overview",
    "timestamp": "unknown"
  },
  {
    "title": "OverviewEvents & PresentationsStock InformationStock Quote & ChartHistoric Stock LookupAnalyst CoveragePress ReleasesCorporate GovernanceLeadershipBoa",
    "link": "https://investors.zevra.com/investor-overview",
    "timestamp": "unknown"
  },
  {
    "title": "OverviewEvents & PresentationsStock InformationStock Quote & ChartHistoric Stock LookupAnalyst CoveragePress ReleasesCorporate GovernanceLeadershipBoa",
    "link": "https://investors.zevra.com/investor-overview",
    "timestamp": "unknown"
  },
  {
    "title": "OverviewEvents & PresentationsStock InformationStock Quote & ChartHistoric Stock LookupAnalyst CoveragePress ReleasesCorporate GovernanceLeadershipBoa",
    "link": "https://investors.zevra.com/investor-overview",
    "timestamp": "unknown"
  },
  {
    "title": "OverviewEvents & PresentationsStock InformationStock Quote & ChartHistoric Stock LookupAnalyst CoveragePress ReleasesCorporate GovernanceLeadershipBoa",
    "link": "https://investors.zevra.com/investor-overview",
    "timestamp": "unknown"
  },
  {
    "title": "Overview",
    "link": "https://investors.zevra.com/investor-overview",
    "timestamp": "unknown"
  },
  {
    "title": "Events & Presentations",
    "link": "https://investors.zevra.com/events-and-presentations",
    "timestamp": "unknown"
  },
  {
    "title": "Stock InformationStock Quote & ChartHistoric Stock LookupAnalyst Coverage",
    "link": "https://investors.zevra.com/stock-information/stock-quote",
    "timestamp": "unknown"
  },
  {
    "title": "Stock Quote & Chart",
    "link": "https://investors.zevra.com/stock-information/stock-quote",
    "timestamp": "unknown"
  },
  {
    "title": "Historic Stock Lookup",
    "link": "https://investors.zevra.com/stock-information/historical-price-lookup",
    "timestamp": "unknown"
  },
  {
    "title": "Analyst Coverage",
    "link": "https://investors.zevra.com/stock-information/analyst-coverage",
    "timestamp": "unknown"
  },
  {
    "title": "Press Releases",
    "link": "https://investors.zevra.com/news-releases",
    "timestamp": "unknown"
  },
  {
    "title": "Corporate GovernanceLeadershipBoard of DirectorsCommittee CompositionIRS \u2013 Required Disclosures",
    "link": "https://investors.zevra.com/corporate-governance-highlights",
    "timestamp": "unknown"
  },
  {
    "title": "Leadership",
    "link": "https://zevra.com/about-us/#leadership",
    "timestamp": "unknown"
  },
  {
    "title": "Board of Directors",
    "link": "https://zevra.com/about-us/#board-of-directors",
    "timestamp": "unknown"
  },
  {
    "title": "Committee Composition",
    "link": "https://investors.zevra.com/corporate-governance/committee-composition",
    "timestamp": "unknown"
  },
  {
    "title": "IRS \u2013 Required Disclosures",
    "link": "https://investors.zevra.com/corporate-governance/internal-revenue-service-report-organizational-actions-affecting-basis-securities",
    "timestamp": "unknown"
  },
  {
    "title": "State Compliance",
    "link": "https://investors.zevra.com/state-compliance",
    "timestamp": "unknown"
  },
  {
    "title": "SEC Filings",
    "link": "https://investors.zevra.com/financial-information",
    "timestamp": "unknown"
  },
  {
    "title": "Contact",
    "link": "https://zevra.com/contact/",
    "timestamp": "unknown"
  },
  {
    "title": "Email Alerts",
    "link": "https://investors.zevra.com/email-alerts",
    "timestamp": "unknown"
  },
  {
    "title": "FAQs",
    "link": "https://investors.zevra.com/faqs-",
    "timestamp": "unknown"
  },
  {
    "title": "Group,,Annual FilingsCurrent ReportsMergers & AcquisitionsOtherProxy FilingsQuarterly FilingsRegistration StatementsFiling yearAllFiling dateFormDescr",
    "link": "https://investors.zevra.com/financial-information?items_per_page=&order=field_nir_sec_date_filed&sort=asc",
    "timestamp": "unknown"
  },
  {
    "title": "Group,,Annual FilingsCurrent ReportsMergers & AcquisitionsOtherProxy FilingsQuarterly FilingsRegistration StatementsFiling yearAllFiling dateFormDescr",
    "link": "https://investors.zevra.com/financial-information?items_per_page=&order=field_nir_sec_date_filed&sort=asc",
    "timestamp": "unknown"
  },
  {
    "title": "Group,,Annual FilingsCurrent ReportsMergers & AcquisitionsOtherProxy FilingsQuarterly FilingsRegistration StatementsFiling yearAllFiling dateFormDescr",
    "link": "https://investors.zevra.com/financial-information?items_per_page=&order=field_nir_sec_date_filed&sort=asc",
    "timestamp": "unknown"
  },
  {
    "title": "Group,,Annual FilingsCurrent ReportsMergers & AcquisitionsOtherProxy FilingsQuarterly FilingsRegistration StatementsFiling yearAllFiling dateFormDescr",
    "link": "https://investors.zevra.com/financial-information?items_per_page=&order=field_nir_sec_date_filed&sort=asc",
    "timestamp": "unknown"
  },
  {
    "title": "Group,,Annual FilingsCurrent ReportsMergers & AcquisitionsOtherProxy FilingsQuarterly FilingsRegistration StatementsFiling yearAllFiling dateFormDescr",
    "link": "https://investors.zevra.com/financial-information?items_per_page=&order=field_nir_sec_date_filed&sort=asc",
    "timestamp": "unknown"
  },
  {
    "title": "Group,,Annual FilingsCurrent ReportsMergers & AcquisitionsOtherProxy FilingsQuarterly FilingsRegistration StatementsFiling yearAllFiling dateFormDescr",
    "link": "https://investors.zevra.com/financial-information?items_per_page=&order=field_nir_sec_date_filed&sort=asc",
    "timestamp": "unknown"
  },
  {
    "title": "Group,,Annual FilingsCurrent ReportsMergers & AcquisitionsOtherProxy FilingsQuarterly FilingsRegistration StatementsFiling yearAllFiling dateFormDescr",
    "link": "https://investors.zevra.com/financial-information?items_per_page=&order=field_nir_sec_date_filed&sort=asc",
    "timestamp": "unknown"
  },
  {
    "title": "Group,,Annual FilingsCurrent ReportsMergers & AcquisitionsOtherProxy FilingsQuarterly FilingsRegistration StatementsFiling yearAllFiling dateFormDescr",
    "link": "https://investors.zevra.com/financial-information?items_per_page=&order=field_nir_sec_date_filed&sort=asc",
    "timestamp": "unknown"
  },
  {
    "title": "Group,,Annual FilingsCurrent ReportsMergers & AcquisitionsOtherProxy FilingsQuarterly FilingsRegistration StatementsFiling yearAllFiling dateFormDescr",
    "link": "https://investors.zevra.com/financial-information?items_per_page=&order=field_nir_sec_date_filed&sort=asc",
    "timestamp": "unknown"
  },
  {
    "title": "Group,,Annual FilingsCurrent ReportsMergers & AcquisitionsOtherProxy FilingsQuarterly FilingsRegistration StatementsFiling yearAllFiling dateFormDescr",
    "link": "https://investors.zevra.com/financial-information?items_per_page=&order=field_nir_sec_date_filed&sort=asc",
    "timestamp": "unknown"
  },
  {
    "title": "Group,,Annual FilingsCurrent ReportsMergers & AcquisitionsOtherProxy FilingsQuarterly FilingsRegistration StatementsFiling yearAllFiling dateFormDescr",
    "link": "https://investors.zevra.com/financial-information?items_per_page=&order=field_nir_sec_date_filed&sort=asc",
    "timestamp": "unknown"
  },
  {
    "title": "Group,,Annual FilingsCurrent ReportsMergers & AcquisitionsOtherProxy FilingsQuarterly FilingsRegistration StatementsFiling yearAllFiling dateFormDescr",
    "link": "https://investors.zevra.com/financial-information?items_per_page=&order=field_nir_sec_date_filed&sort=asc",
    "timestamp": "unknown"
  },
  {
    "title": "Group,,Annual FilingsCurrent ReportsMergers & AcquisitionsOtherProxy FilingsQuarterly FilingsRegistration StatementsFiling yearAllFiling dateFormDescr",
    "link": "https://investors.zevra.com/financial-information?items_per_page=&order=field_nir_sec_date_filed&sort=asc",
    "timestamp": "unknown"
  },
  {
    "title": "Group,,Annual FilingsCurrent ReportsMergers & AcquisitionsOtherProxy FilingsQuarterly FilingsRegistration StatementsFiling yearAllFiling dateFormDescr",
    "link": "https://investors.zevra.com/financial-information?items_per_page=&order=field_nir_sec_date_filed&sort=asc",
    "timestamp": "unknown"
  },
  {
    "title": "Group,,Annual FilingsCurrent ReportsMergers & AcquisitionsOtherProxy FilingsQuarterly FilingsRegistration StatementsFiling yearAllFiling dateFormDescr",
    "link": "https://investors.zevra.com/financial-information?items_per_page=&order=field_nir_sec_date_filed&sort=asc",
    "timestamp": "unknown"
  },
  {
    "title": "Group,,Annual FilingsCurrent ReportsMergers & AcquisitionsOtherProxy FilingsQuarterly FilingsRegistration StatementsFiling yearAllFiling dateFormDescr",
    "link": "https://investors.zevra.com/financial-information?items_per_page=&order=field_nir_sec_date_filed&sort=asc",
    "timestamp": "unknown"
  },
  {
    "title": "Group,,Annual FilingsCurrent ReportsMergers & AcquisitionsOtherProxy FilingsQuarterly FilingsRegistration StatementsFiling yearAllFiling dateFormDescr",
    "link": "https://investors.zevra.com/financial-information?items_per_page=&order=field_nir_sec_date_filed&sort=asc",
    "timestamp": "unknown"
  },
  {
    "title": "Group,,Annual FilingsCurrent ReportsMergers & AcquisitionsOtherProxy FilingsQuarterly FilingsRegistration StatementsFiling yearAllFiling dateFormDescr",
    "link": "https://investors.zevra.com/financial-information?items_per_page=&order=field_nir_sec_date_filed&sort=asc",
    "timestamp": "unknown"
  },
  {
    "title": "Group,,Annual FilingsCurrent ReportsMergers & AcquisitionsOtherProxy FilingsQuarterly FilingsRegistration StatementsFiling yearAllFiling dateFormDescr",
    "link": "https://investors.zevra.com/financial-information?items_per_page=&order=field_nir_sec_date_filed&sort=asc",
    "timestamp": "unknown"
  },
  {
    "title": "Group,,Annual FilingsCurrent ReportsMergers & AcquisitionsOtherProxy FilingsQuarterly FilingsRegistration StatementsFiling yearAllFiling dateFormDescr",
    "link": "https://investors.zevra.com/financial-information?items_per_page=&order=field_nir_sec_date_filed&sort=asc",
    "timestamp": "unknown"
  },
  {
    "title": "Filing dateFormDescriptionFiling GroupView--Statement of changes in beneficial ownership of securities,,--.rtf--.xls--.pdfView HTML---KReport of unsch",
    "link": "https://investors.zevra.com/financial-information?items_per_page=&order=field_nir_sec_date_filed&sort=asc",
    "timestamp": "unknown"
  },
  {
    "title": "Filing dateFormDescriptionFiling GroupView",
    "link": "https://investors.zevra.com/financial-information?items_per_page=&order=field_nir_sec_date_filed&sort=asc",
    "timestamp": "unknown"
  },
  {
    "title": "--Statement of changes in beneficial ownership of securities,,--.rtf--.xls--.pdfView HTML",
    "link": "https://investors.zevra.com/sec-filings/sec-filing//--",
    "timestamp": "unknown"
  },
  {
    "title": "--.rtf--.xls--.pdfView HTML",
    "link": "https://investors.zevra.com/static-files/74d72039-e2e4--9e09-9c7511fdcc2d",
    "timestamp": "unknown"
  },
  {
    "title": "--.rtf",
    "link": "https://investors.zevra.com/static-files/74d72039-e2e4--9e09-9c7511fdcc2d",
    "timestamp": "unknown"
  },
  {
    "title": "--.xls",
    "link": "https://investors.zevra.com/static-files/423104f5-63bb-4fe5--7b6cecea88e2",
    "timestamp": "unknown"
  },
  {
    "title": "--.pdf",
    "link": "https://investors.zevra.com/static-files/9ad2d425-5a86-412a-9db2-a77cc91c3d6d",
    "timestamp": "unknown"
  },
  {
    "title": "---KReport of unscheduled material events or corporate eventCurrent Reports--.rtf--.xls--.pdfEX-.SCH - XBRL TAXONOMY EXTENSION SCHEMAView HTML",
    "link": "https://investors.zevra.com/sec-filings/sec-filing/-k/--",
    "timestamp": "unknown"
  },
  {
    "title": "--.rtf--.xls--.pdfEX-.SCH - XBRL TAXONOMY EXTENSION SCHEMAView HTML",
    "link": "https://investors.zevra.com/static-files/e5e47661-a75c---9bdadb998067",
    "timestamp": "unknown"
  },
  {
    "title": "--.rtf",
    "link": "https://investors.zevra.com/static-files/e5e47661-a75c---9bdadb998067",
    "timestamp": "unknown"
  },
  {
    "title": "--.xls",
    "link": "https://investors.zevra.com/static-files/7e64f7b0-62f3-4ea2-a544-7e0647660195",
    "timestamp": "unknown"
  },
  {
    "title": "--.pdf",
    "link": "https://investors.zevra.com/static-files/b54fde70-8a46-43df-a743-9a77fd3617d1",
    "timestamp": "unknown"
  },
  {
    "title": "--Initial filing by director officer or owner of more than ten percent,,--.rtf--.xls--.pdfView HTML",
    "link": "https://investors.zevra.com/sec-filings/sec-filing//--",
    "timestamp": "unknown"
  },
  {
    "title": "--.rtf--.xls--.pdfView HTML",
    "link": "https://investors.zevra.com/static-files/cd14a4ac-7cd5-4e2d-bbf2-c43d3034a849",
    "timestamp": "unknown"
  },
  {
    "title": "--.rtf",
    "link": "https://investors.zevra.com/static-files/cd14a4ac-7cd5-4e2d-bbf2-c43d3034a849",
    "timestamp": "unknown"
  },
  {
    "title": "--.xls",
    "link": "https://investors.zevra.com/static-files/8a710ddb-5db7-4d4e-8e34-f7f02a07277e",
    "timestamp": "unknown"
  },
  {
    "title": "--.pdf",
    "link": "https://investors.zevra.com/static-files/b22d6c4b-1be4-416b-bb93-42d191cb3585",
    "timestamp": "unknown"
  },
  {
    "title": "--Statement of changes in beneficial ownership of securities,,--.rtf--.xls--.pdfView HTML",
    "link": "https://investors.zevra.com/sec-filings/sec-filing//--",
    "timestamp": "unknown"
  },
  {
    "title": "--.rtf--.xls--.pdfView HTML",
    "link": "https://investors.zevra.com/static-files/3e3331b2--4d02-be90-6a4d20086921",
    "timestamp": "unknown"
  },
  {
    "title": "--.rtf",
    "link": "https://investors.zevra.com/static-files/3e3331b2--4d02-be90-6a4d20086921",
    "timestamp": "unknown"
  },
  {
    "title": "--.xls",
    "link": "https://investors.zevra.com/static-files/87bbdd6a-4ca7--acfe-bd84f3d3ddbd",
    "timestamp": "unknown"
  },
  {
    "title": "--.pdf",
    "link": "https://investors.zevra.com/static-files/--422a-a4b0-b91f3773a2c7",
    "timestamp": "unknown"
  },
  {
    "title": "---KReport of unscheduled material events or corporate eventCurrent Reports--.rtf--.xls--.pdfEX-.SCH - XBRL TAXONOMY EXTENSION SCHEMAView HTML",
    "link": "https://investors.zevra.com/sec-filings/sec-filing/-k/--",
    "timestamp": "unknown"
  },
  {
    "title": "--.rtf--.xls--.pdfEX-.SCH - XBRL TAXONOMY EXTENSION SCHEMAView HTML",
    "link": "https://investors.zevra.com/static-files/7b223d41-df79-42db-a27b-ba594c2cd992",
    "timestamp": "unknown"
  },
  {
    "title": "--.rtf",
    "link": "https://investors.zevra.com/static-files/7b223d41-df79-42db-a27b-ba594c2cd992",
    "timestamp": "unknown"
  },
  {
    "title": "--.xls",
    "link": "https://investors.zevra.com/static-files/838ee47b-9c2e-432a-8b50-1ad47bd419a0",
    "timestamp": "unknown"
  },
  {
    "title": "--.pdf",
    "link": "https://investors.zevra.com/static-files/336eab62-e72a-42e1--fad4a5297b6b",
    "timestamp": "unknown"
  },
  {
    "title": "---KReport of unscheduled material events or corporate eventCurrent Reports--.rtf--.xls--.pdfEX-.SCH - XBRL TAXONOMY EXTENSION SCHEMAView HTML",
    "link": "https://investors.zevra.com/sec-filings/sec-filing/-k/--",
    "timestamp": "unknown"
  },
  {
    "title": "--.rtf--.xls--.pdfEX-.SCH - XBRL TAXONOMY EXTENSION SCHEMAView HTML",
    "link": "https://investors.zevra.com/static-files/2b522c62-f553-488a-92c8-78ccf273b109",
    "timestamp": "unknown"
  },
  {
    "title": "--.rtf",
    "link": "https://investors.zevra.com/static-files/2b522c62-f553-488a-92c8-78ccf273b109",
    "timestamp": "unknown"
  },
  {
    "title": "--.xls",
    "link": "https://investors.zevra.com/static-files/27a2f6e7-b245-403d--12b5f592c552",
    "timestamp": "unknown"
  },
  {
    "title": "--.pdf",
    "link": "https://investors.zevra.com/static-files/2347657e-f2f5-47c4-9adb-174ea633ff36",
    "timestamp": "unknown"
  },
  {
    "title": "--SCHEDULE 13G/ASCHEDULE 13G/A - DescriptionOther--.rtf--.xls--.pdfView HTML",
    "link": "https://investors.zevra.com/sec-filings/sec-filing/schedule-13ga/--",
    "timestamp": "unknown"
  },
  {
    "title": "--.rtf--.xls--.pdfView HTML",
    "link": "https://investors.zevra.com/static-files/186c9bd2-ec0c-40a1-997d-2bf3d3f8f9e7",
    "timestamp": "unknown"
  },
  {
    "title": "--.rtf",
    "link": "https://investors.zevra.com/static-files/186c9bd2-ec0c-40a1-997d-2bf3d3f8f9e7",
    "timestamp": "unknown"
  },
  {
    "title": "--.xls",
    "link": "https://investors.zevra.com/static-files/e39346d1---9eb6-a928d6db9039",
    "timestamp": "unknown"
  },
  {
    "title": "--.pdf",
    "link": "https://investors.zevra.com/static-files/570fc415-d390-4e2d-a36e-82beb0eee51b",
    "timestamp": "unknown"
  },
  {
    "title": "--SCHEDULE 13G/ASCHEDULE 13G/A - DescriptionOther--.rtf--.xls--.pdfView HTML",
    "link": "https://investors.zevra.com/sec-filings/sec-filing/schedule-13ga/--",
    "timestamp": "unknown"
  },
  {
    "title": "--.rtf--.xls--.pdfView HTML",
    "link": "https://investors.zevra.com/static-files/49ed9a04-ff12-4ec2--298ca20e483e",
    "timestamp": "unknown"
  },
  {
    "title": "--.rtf",
    "link": "https://investors.zevra.com/static-files/49ed9a04-ff12-4ec2--298ca20e483e",
    "timestamp": "unknown"
  },
  {
    "title": "--.xls",
    "link": "https://investors.zevra.com/static-files/5b087f8c-df57-400b--92424ca58dbb",
    "timestamp": "unknown"
  },
  {
    "title": "--.pdf",
    "link": "https://investors.zevra.com/static-files/eacef1f7-33d0-4a0b-bc4f-b0d238fe5966",
    "timestamp": "unknown"
  },
  {
    "title": "---KReport of unscheduled material events or corporate eventCurrent Reports--.rtf--.xls--.pdfEX-.SCH - XBRL TAXONOMY EXTENSION SCHEMAView HTML",
    "link": "https://investors.zevra.com/sec-filings/sec-filing/-k/--",
    "timestamp": "unknown"
  },
  {
    "title": "--.rtf--.xls--.pdfEX-.SCH - XBRL TAXONOMY EXTENSION SCHEMAView HTML",
    "link": "https://investors.zevra.com/static-files/3c5bd993-caae--af7a-a0eeca26a22d",
    "timestamp": "unknown"
  },
  {
    "title": "--.rtf",
    "link": "https://investors.zevra.com/static-files/3c5bd993-caae--af7a-a0eeca26a22d",
    "timestamp": "unknown"
  },
  {
    "title": "--.xls",
    "link": "https://investors.zevra.com/static-files/86851a08-58e2-4ffa-bf45-1a6aadc70f7a",
    "timestamp": "unknown"
  },
  {
    "title": "--.pdf",
    "link": "https://investors.zevra.com/static-files/61c12337-23f8-42c4-b390-924bf41b71c2",
    "timestamp": "unknown"
  },
  {
    "title": "---QQuarterly report which provides a continuing view of a company's financial positionQuarterly Filings--.rtf--.xls--.pdfEX-.SCH - XBRL TAXONOMY EXTE",
    "link": "https://investors.zevra.com/sec-filings/sec-filing/-q/--",
    "timestamp": "unknown"
  },
  {
    "title": "--.rtf--.xls--.pdfEX-.SCH - XBRL TAXONOMY EXTENSION SCHEMAView HTML",
    "link": "https://investors.zevra.com/static-files/8ad46744-5f9a-45d5-821c-2db021992eb6",
    "timestamp": "unknown"
  },
  {
    "title": "--.rtf",
    "link": "https://investors.zevra.com/static-files/8ad46744-5f9a-45d5-821c-2db021992eb6",
    "timestamp": "unknown"
  },
  {
    "title": "--.xls",
    "link": "https://investors.zevra.com/static-files/c3eda247-61e6-4e12-a194-8fa4cf61ebb8",
    "timestamp": "unknown"
  },
  {
    "title": "--.pdf",
    "link": "https://investors.zevra.com/static-files/336624d2-d5af-4f62-8f69-3c2bf7965e6f",
    "timestamp": "unknown"
  },
  {
    "title": "PaginationCurrent pagePagePage\u2026Next page\u203aLast page\u00bb",
    "link": "https://investors.zevra.com/financial-information?&&field_nir_sec_date_filed_value=&&&items_per_page_toggle=&page=",
    "timestamp": "unknown"
  },
  {
    "title": "PaginationCurrent pagePagePage\u2026Next page\u203aLast page\u00bb",
    "link": "https://investors.zevra.com/financial-information?&&field_nir_sec_date_filed_value=&&&items_per_page_toggle=&page=",
    "timestamp": "unknown"
  },
  {
    "title": "Current page",
    "link": "https://investors.zevra.com/financial-information?&&field_nir_sec_date_filed_value=&&&items_per_page_toggle=&page=",
    "timestamp": "unknown"
  },
  {
    "title": "Page",
    "link": "https://investors.zevra.com/financial-information?&&field_nir_sec_date_filed_value=&&&items_per_page_toggle=&page=",
    "timestamp": "unknown"
  },
  {
    "title": "Page",
    "link": "https://investors.zevra.com/financial-information?&&field_nir_sec_date_filed_value=&&&items_per_page_toggle=&page=",
    "timestamp": "unknown"
  },
  {
    "title": "Next page\u203a",
    "link": "https://investors.zevra.com/financial-information?&&field_nir_sec_date_filed_value=&&&items_per_page_toggle=&page=",
    "timestamp": "unknown"
  },
  {
    "title": "Last page\u00bb",
    "link": "https://investors.zevra.com/financial-information?&&field_nir_sec_date_filed_value=&&&items_per_page_toggle=&page=",
    "timestamp": "unknown"
  },
  {
    "title": "Data provided byKaleidoscope.",
    "link": "https://www.kscope.io",
    "timestamp": "unknown"
  },
  {
    "title": "Data provided byKaleidoscope.",
    "link": "https://www.kscope.io",
    "timestamp": "unknown"
  },
  {
    "title": "About UsOur Mission & VisionThe Zevra StoryLeadershipBoard of DirectorsWhat We DoPartneringPatients & CaregiverClinical TrialsExpanded Access PolicyNi",
    "link": "https://zevra.com/about-us/",
    "timestamp": "unknown"
  },
  {
    "title": "About UsOur Mission & VisionThe Zevra StoryLeadershipBoard of DirectorsWhat We DoPartneringPatients & CaregiverClinical TrialsExpanded Access PolicyNi",
    "link": "https://zevra.com/about-us/",
    "timestamp": "unknown"
  },
  {
    "title": "About UsOur Mission & VisionThe Zevra StoryLeadershipBoard of DirectorsWhat We DoPartneringPatients & CaregiverClinical TrialsExpanded Access PolicyNi",
    "link": "https://zevra.com/about-us/",
    "timestamp": "unknown"
  },
  {
    "title": "About UsOur Mission & VisionThe Zevra StoryLeadershipBoard of DirectorsWhat We DoPartneringPatients & CaregiverClinical TrialsExpanded Access PolicyNi",
    "link": "https://zevra.com/about-us/",
    "timestamp": "unknown"
  },
  {
    "title": "About UsOur Mission & VisionThe Zevra StoryLeadershipBoard of DirectorsWhat We DoPartneringPatients & CaregiverClinical TrialsExpanded Access PolicyNi",
    "link": "https://zevra.com/about-us/",
    "timestamp": "unknown"
  },
  {
    "title": "About UsOur Mission & VisionThe Zevra StoryLeadershipBoard of DirectorsWhat We DoPartneringPatients & CaregiverClinical TrialsExpanded Access PolicyNi",
    "link": "https://zevra.com/about-us/",
    "timestamp": "unknown"
  },
  {
    "title": "About UsOur Mission & VisionThe Zevra StoryLeadershipBoard of DirectorsWhat We DoPartneringPatients & CaregiverClinical TrialsExpanded Access PolicyNi",
    "link": "https://zevra.com/about-us/",
    "timestamp": "unknown"
  },
  {
    "title": "About UsOur Mission & VisionThe Zevra StoryLeadershipBoard of DirectorsWhat We DoPartneringPatients & CaregiverClinical TrialsExpanded Access PolicyNi",
    "link": "https://zevra.com/about-us/",
    "timestamp": "unknown"
  },
  {
    "title": "About UsOur Mission & VisionThe Zevra StoryLeadershipBoard of DirectorsWhat We DoPartneringPatients & CaregiverClinical TrialsExpanded Access PolicyNi",
    "link": "https://zevra.com/about-us/",
    "timestamp": "unknown"
  },
  {
    "title": "About UsOur Mission & VisionThe Zevra StoryLeadershipBoard of DirectorsWhat We DoPartnering",
    "link": "https://zevra.com/about-us/",
    "timestamp": "unknown"
  },
  {
    "title": "Our Mission & Vision",
    "link": "https://zevra.com/our-mission-and-vision/",
    "timestamp": "unknown"
  },
  {
    "title": "The Zevra Story",
    "link": "https://zevra.com/the-zevra-story/",
    "timestamp": "unknown"
  },
  {
    "title": "Leadership",
    "link": "https://zevra.com/leadership/",
    "timestamp": "unknown"
  },
  {
    "title": "Board of Directors",
    "link": "https://zevra.com/board-of-directors/",
    "timestamp": "unknown"
  },
  {
    "title": "What We Do",
    "link": "https://zevra.com/what-we-do/",
    "timestamp": "unknown"
  },
  {
    "title": "Partnering",
    "link": "https://zevra.com/partnering/",
    "timestamp": "unknown"
  },
  {
    "title": "Patients & CaregiverClinical TrialsExpanded Access PolicyNiemann-Pick Disease Type CUrea Cycle DisordersVascular Ehlers-DanlosSleep Disorders",
    "link": "https://zevra.com/clinical-trials/",
    "timestamp": "unknown"
  },
  {
    "title": "Clinical Trials",
    "link": "https://zevra.com/clinical-trials/",
    "timestamp": "unknown"
  },
  {
    "title": "Expanded Access Policy",
    "link": "https://zevra.com/expanded-access-policy/",
    "timestamp": "unknown"
  },
  {
    "title": "Niemann-Pick Disease Type C",
    "link": "https://zevra.com/niemann-pick-disease-type-c/",
    "timestamp": "unknown"
  },
  {
    "title": "Urea Cycle Disorders",
    "link": "https://zevra.com/patients-and-providers/#ucds",
    "timestamp": "unknown"
  },
  {
    "title": "Vascular Ehlers-Danlos",
    "link": "https://zevra.com/urea-cycle-disorders/",
    "timestamp": "unknown"
  },
  {
    "title": "Sleep Disorders",
    "link": "https://zevra.com/sleep-disorders/",
    "timestamp": "unknown"
  },
  {
    "title": "Our ProductsMIPLYFFA\u00aeOLPRUVA \u00aeAZSTARYS \u00ae",
    "link": "https://zevra.com/our-products/#miplyffa",
    "timestamp": "unknown"
  },
  {
    "title": "MIPLYFFA\u00ae",
    "link": "https://zevra.com/our-products/#miplyffa",
    "timestamp": "unknown"
  },
  {
    "title": "OLPRUVA \u00ae",
    "link": "https://zevra.com/our-products/#olpruva",
    "timestamp": "unknown"
  },
  {
    "title": "AZSTARYS \u00ae",
    "link": "https://zevra.com/our-products/#azstarys",
    "timestamp": "unknown"
  },
  {
    "title": "Our PipelinePipelineClinical TrialsPublications & PresentationsMedical LiteratureMedical InformationInvestigator-Initiated Studies",
    "link": "https://zevra.com/pipeline/",
    "timestamp": "unknown"
  },
  {
    "title": "Pipeline",
    "link": "https://zevra.com/pipeline/",
    "timestamp": "unknown"
  },
  {
    "title": "Clinical Trials",
    "link": "https://zevra.com/clinical-trials/",
    "timestamp": "unknown"
  },
  {
    "title": "Publications & Presentations",
    "link": "https://zevra.com/publications-and-presentations/",
    "timestamp": "unknown"
  },
  {
    "title": "Medical Literature",
    "link": "https://zevra.com/medical-literature/",
    "timestamp": "unknown"
  },
  {
    "title": "Medical Information",
    "link": "https://zevra.com/medical-information/",
    "timestamp": "unknown"
  },
  {
    "title": "Investigator-Initiated Studies",
    "link": "https://zevra.com/medical-information/#iis",
    "timestamp": "unknown"
  },
  {
    "title": "InvestorsInvestor RelationsEvents & PresentationsStock Quote & ChartPress ReleasesCorporate GovernanceSEC FilingsContactEmail Alerts",
    "link": "https://investors.zevra.com/investor-overview",
    "timestamp": "unknown"
  },
  {
    "title": "Investor Relations",
    "link": "https://investors.zevra.com/",
    "timestamp": "unknown"
  },
  {
    "title": "Events & Presentations",
    "link": "https://investors.zevra.com/events-and-presentations",
    "timestamp": "unknown"
  },
  {
    "title": "Stock Quote & Chart",
    "link": "https://investors.zevra.com/stock-information/stock-quote",
    "timestamp": "unknown"
  },
  {
    "title": "Press Releases",
    "link": "https://investors.zevra.com/news-releases",
    "timestamp": "unknown"
  },
  {
    "title": "Corporate Governance",
    "link": "https://investors.zevra.com/corporate-governance-highlights",
    "timestamp": "unknown"
  },
  {
    "title": "SEC Filings",
    "link": "https://investors.zevra.com/financial-information",
    "timestamp": "unknown"
  },
  {
    "title": "Contact",
    "link": "https://zevra.com/contact/",
    "timestamp": "unknown"
  },
  {
    "title": "Email Alerts",
    "link": "https://investors.zevra.com/email-alerts",
    "timestamp": "unknown"
  },
  {
    "title": "CareersCultureJob Openings",
    "link": "https://zevra.com/careers/",
    "timestamp": "unknown"
  },
  {
    "title": "Culture",
    "link": "https://zevra.com/careers/#culture",
    "timestamp": "unknown"
  },
  {
    "title": "Job Openings",
    "link": "https://zevra.com/careers/#job-openings",
    "timestamp": "unknown"
  },
  {
    "title": "Contactinfo@zevra.com..FacebookTwitterLinkedIn",
    "link": "https://zevra.com/careers/contact",
    "timestamp": "unknown"
  },
  {
    "title": "info@zevra.com",
    "link": "mailto:info@zevra.com",
    "timestamp": "unknown"
  },
  {
    "title": "..",
    "link": "tel:+",
    "timestamp": "unknown"
  },
  {
    "title": "Facebook",
    "link": "https://www.facebook.com/zevratherapeutics",
    "timestamp": "unknown"
  },
  {
    "title": "Twitter",
    "link": "https://twitter.com/zevratx",
    "timestamp": "unknown"
  },
  {
    "title": "LinkedIn",
    "link": "https://Linkedin.com/company/zevratherapeutics",
    "timestamp": "unknown"
  },
  {
    "title": "Home",
    "link": "https://zevra.com/",
    "timestamp": "unknown"
  },
  {
    "title": "\u00a9  Zevra Therapeutics, Inc. All rights reserved.Privacy Policy|Terms of Use",
    "link": "https://zevra.com/privacy-policy/",
    "timestamp": "unknown"
  },
  {
    "title": "\u00a9  Zevra Therapeutics, Inc. All rights reserved.Privacy Policy|Terms of Use",
    "link": "https://zevra.com/privacy-policy/",
    "timestamp": "unknown"
  },
  {
    "title": "\u00a9  Zevra Therapeutics, Inc. All rights reserved.Privacy Policy|Terms of Use",
    "link": "https://zevra.com/privacy-policy/",
    "timestamp": "unknown"
  },
  {
    "title": "\u00a9  Zevra Therapeutics, Inc. All rights reserved.Privacy Policy|Terms of Use",
    "link": "https://zevra.com/privacy-policy/",
    "timestamp": "unknown"
  }
]