[
  {
    "title": "NewsInvestorsCareersContactAbout UsOur Mission & VisionThe Zevra StoryLeadershipBoard of DirectorsOur ApproachWhat We DoPartneringPatients & Providers",
    "link": "https://investors.zevra.com/news-releases",
    "timestamp": "unknown"
  },
  {
    "title": "NewsInvestorsCareersContactAbout UsOur Mission & VisionThe Zevra StoryLeadershipBoard of DirectorsOur ApproachWhat We DoPartneringPatients & Providers",
    "link": "https://investors.zevra.com/news-releases",
    "timestamp": "unknown"
  },
  {
    "title": "NewsInvestorsCareersContact",
    "link": "https://investors.zevra.com/news-releases",
    "timestamp": "unknown"
  },
  {
    "title": "NewsInvestorsCareersContact",
    "link": "https://investors.zevra.com/news-releases",
    "timestamp": "unknown"
  },
  {
    "title": "News",
    "link": "https://investors.zevra.com/news-releases",
    "timestamp": "unknown"
  },
  {
    "title": "Investors",
    "link": "https://investors.zevra.com/investor-overview",
    "timestamp": "unknown"
  },
  {
    "title": "Careers",
    "link": "https://zevra.com/careers/",
    "timestamp": "unknown"
  },
  {
    "title": "Contact",
    "link": "https://zevra.com/contact/",
    "timestamp": "unknown"
  },
  {
    "title": "About UsOur Mission & VisionThe Zevra StoryLeadershipBoard of DirectorsOur ApproachWhat We DoPartneringPatients & ProvidersClinical TrialsExpanded Acc",
    "link": "https://zevra.com/",
    "timestamp": "unknown"
  },
  {
    "title": "About UsOur Mission & VisionThe Zevra StoryLeadershipBoard of DirectorsOur ApproachWhat We DoPartneringPatients & ProvidersClinical TrialsExpanded Acc",
    "link": "https://zevra.com/",
    "timestamp": "unknown"
  },
  {
    "title": "About UsOur Mission & VisionThe Zevra StoryLeadershipBoard of DirectorsOur ApproachWhat We DoPartneringPatients & ProvidersClinical TrialsExpanded Acc",
    "link": "https://zevra.com/",
    "timestamp": "unknown"
  },
  {
    "title": "About UsOur Mission & VisionThe Zevra StoryLeadershipBoard of DirectorsOur ApproachWhat We DoPartneringPatients & ProvidersClinical TrialsExpanded Acc",
    "link": "https://zevra.com/about-us/",
    "timestamp": "unknown"
  },
  {
    "title": "About UsOur Mission & VisionThe Zevra StoryLeadershipBoard of Directors",
    "link": "https://zevra.com/about-us/",
    "timestamp": "unknown"
  },
  {
    "title": "Our Mission & Vision",
    "link": "https://zevra.com/about-us/#mission",
    "timestamp": "unknown"
  },
  {
    "title": "The Zevra Story",
    "link": "https://zevra.com/about-us/#the-zevra-story",
    "timestamp": "unknown"
  },
  {
    "title": "Leadership",
    "link": "https://zevra.com/about-us/#leadership",
    "timestamp": "unknown"
  },
  {
    "title": "Board of Directors",
    "link": "https://zevra.com/about-us/#board-of-directors",
    "timestamp": "unknown"
  },
  {
    "title": "Our ApproachWhat We DoPartnering",
    "link": "https://zevra.com/our-approach/",
    "timestamp": "unknown"
  },
  {
    "title": "What We Do",
    "link": "https://zevra.com/our-approach/#what-we-do",
    "timestamp": "unknown"
  },
  {
    "title": "Partnering",
    "link": "https://zevra.com/our-approach/#partnering",
    "timestamp": "unknown"
  },
  {
    "title": "Patients & ProvidersClinical TrialsExpanded Access PolicyNiemann-Pick Disease Type CSleep DisordersUrea Cycle DisordersVascular Ehlers-Danlos",
    "link": "https://zevra.com/patients-and-providers/",
    "timestamp": "unknown"
  },
  {
    "title": "Clinical Trials",
    "link": "https://zevra.com/science-pipeline/#clinical-trials",
    "timestamp": "unknown"
  },
  {
    "title": "Expanded Access Policy",
    "link": "https://zevra.com/patients-and-providers/#healthcare-providers",
    "timestamp": "unknown"
  },
  {
    "title": "Niemann-Pick Disease Type C",
    "link": "https://zevra.com/patients-and-providers/#our-approach-npc",
    "timestamp": "unknown"
  },
  {
    "title": "Sleep Disorders",
    "link": "https://zevra.com/patients-and-providers/#sleep-disorders",
    "timestamp": "unknown"
  },
  {
    "title": "Urea Cycle Disorders",
    "link": "https://zevra.com/patients-and-providers/#ucds",
    "timestamp": "unknown"
  },
  {
    "title": "Vascular Ehlers-Danlos",
    "link": "https://zevra.com/patients-and-providers/#veds",
    "timestamp": "unknown"
  },
  {
    "title": "ProductsMIPLYFFA\u00aeOLPRUVA \u00aeAZSTARYS \u00ae",
    "link": "https://zevra.com/products/",
    "timestamp": "unknown"
  },
  {
    "title": "MIPLYFFA\u00ae",
    "link": "https://zevra.com/products/#miplyffa",
    "timestamp": "unknown"
  },
  {
    "title": "OLPRUVA \u00ae",
    "link": "https://zevra.com/products/#olpruva",
    "timestamp": "unknown"
  },
  {
    "title": "AZSTARYS \u00ae",
    "link": "https://zevra.com/products/#azstarys",
    "timestamp": "unknown"
  },
  {
    "title": "Science & PipelinePipelineClinical TrialsPublications & Presentations",
    "link": "https://zevra.com/science-pipeline/",
    "timestamp": "unknown"
  },
  {
    "title": "Pipeline",
    "link": "https://zevra.com/science-pipeline/#zevra-pipeline",
    "timestamp": "unknown"
  },
  {
    "title": "Clinical Trials",
    "link": "https://zevra.com/science-pipeline/#clinical-trials",
    "timestamp": "unknown"
  },
  {
    "title": "Publications & Presentations",
    "link": "https://zevra.com/science-pipeline/#publications-and-presentations",
    "timestamp": "unknown"
  },
  {
    "title": "InvestorsInvestor RelationsEvents & PresentationsStock Quote & ChartPress ReleasesCorporate GovernanceSEC FilingsContactEmail Alerts",
    "link": "https://investors.zevra.com/investor-overview",
    "timestamp": "unknown"
  },
  {
    "title": "Investor Relations",
    "link": "https://investors.zevra.com/",
    "timestamp": "unknown"
  },
  {
    "title": "Events & Presentations",
    "link": "https://investors.zevra.com/events-and-presentations",
    "timestamp": "unknown"
  },
  {
    "title": "Stock Quote & Chart",
    "link": "https://investors.zevra.com/stock-information/stock-quote",
    "timestamp": "unknown"
  },
  {
    "title": "Press Releases",
    "link": "https://investors.zevra.com/news-releases",
    "timestamp": "unknown"
  },
  {
    "title": "Corporate Governance",
    "link": "https://investors.zevra.com/corporate-governance-highlights",
    "timestamp": "unknown"
  },
  {
    "title": "SEC Filings",
    "link": "https://investors.zevra.com/financial-information",
    "timestamp": "unknown"
  },
  {
    "title": "Contact",
    "link": "https://zevra.com/contact/",
    "timestamp": "unknown"
  },
  {
    "title": "Email Alerts",
    "link": "https://investors.zevra.com/email-alerts",
    "timestamp": "unknown"
  },
  {
    "title": "CareersCultureJob Openings",
    "link": "https://zevra.com/careers/",
    "timestamp": "unknown"
  },
  {
    "title": "Culture",
    "link": "https://zevra.com/careers/#culture",
    "timestamp": "unknown"
  },
  {
    "title": "Job Openings",
    "link": "https://zevra.com/careers/#open-positions",
    "timestamp": "unknown"
  },
  {
    "title": "Contactinfo@zevra.com..FacebookTwitterLinkedIn",
    "link": "https://zevra.com/contact/",
    "timestamp": "unknown"
  },
  {
    "title": "info@zevra.com",
    "link": "mailto:info@zevra.com",
    "timestamp": "unknown"
  },
  {
    "title": "..",
    "link": "tel:+",
    "timestamp": "unknown"
  },
  {
    "title": "Facebook",
    "link": "https://www.facebook.com/zevratherapeutics",
    "timestamp": "unknown"
  },
  {
    "title": "Twitter",
    "link": "https://twitter.com/zevratx",
    "timestamp": "unknown"
  },
  {
    "title": "LinkedIn",
    "link": "https://Linkedin.com/company/zevratherapeutics",
    "timestamp": "unknown"
  },
  {
    "title": "Home",
    "link": "https://zevra.com/",
    "timestamp": "unknown"
  },
  {
    "title": "MenuMenu",
    "link": "https://investors.zevra.com/news-releases",
    "timestamp": "unknown"
  },
  {
    "title": "Press ReleasesOverviewEvents & PresentationsStock InformationStock Quote & ChartHistoric Stock LookupAnalyst CoveragePress ReleasesCorporate Governanc",
    "link": "https://investors.zevra.com/investor-overview",
    "timestamp": "unknown"
  },
  {
    "title": "OverviewEvents & PresentationsStock InformationStock Quote & ChartHistoric Stock LookupAnalyst CoveragePress ReleasesCorporate GovernanceLeadershipBoa",
    "link": "https://investors.zevra.com/investor-overview",
    "timestamp": "unknown"
  },
  {
    "title": "OverviewEvents & PresentationsStock InformationStock Quote & ChartHistoric Stock LookupAnalyst CoveragePress ReleasesCorporate GovernanceLeadershipBoa",
    "link": "https://investors.zevra.com/investor-overview",
    "timestamp": "unknown"
  },
  {
    "title": "OverviewEvents & PresentationsStock InformationStock Quote & ChartHistoric Stock LookupAnalyst CoveragePress ReleasesCorporate GovernanceLeadershipBoa",
    "link": "https://investors.zevra.com/investor-overview",
    "timestamp": "unknown"
  },
  {
    "title": "OverviewEvents & PresentationsStock InformationStock Quote & ChartHistoric Stock LookupAnalyst CoveragePress ReleasesCorporate GovernanceLeadershipBoa",
    "link": "https://investors.zevra.com/investor-overview",
    "timestamp": "unknown"
  },
  {
    "title": "OverviewEvents & PresentationsStock InformationStock Quote & ChartHistoric Stock LookupAnalyst CoveragePress ReleasesCorporate GovernanceLeadershipBoa",
    "link": "https://investors.zevra.com/investor-overview",
    "timestamp": "unknown"
  },
  {
    "title": "OverviewEvents & PresentationsStock InformationStock Quote & ChartHistoric Stock LookupAnalyst CoveragePress ReleasesCorporate GovernanceLeadershipBoa",
    "link": "https://investors.zevra.com/investor-overview",
    "timestamp": "unknown"
  },
  {
    "title": "OverviewEvents & PresentationsStock InformationStock Quote & ChartHistoric Stock LookupAnalyst CoveragePress ReleasesCorporate GovernanceLeadershipBoa",
    "link": "https://investors.zevra.com/investor-overview",
    "timestamp": "unknown"
  },
  {
    "title": "OverviewEvents & PresentationsStock InformationStock Quote & ChartHistoric Stock LookupAnalyst CoveragePress ReleasesCorporate GovernanceLeadershipBoa",
    "link": "https://investors.zevra.com/investor-overview",
    "timestamp": "unknown"
  },
  {
    "title": "OverviewEvents & PresentationsStock InformationStock Quote & ChartHistoric Stock LookupAnalyst CoveragePress ReleasesCorporate GovernanceLeadershipBoa",
    "link": "https://investors.zevra.com/investor-overview",
    "timestamp": "unknown"
  },
  {
    "title": "OverviewEvents & PresentationsStock InformationStock Quote & ChartHistoric Stock LookupAnalyst CoveragePress ReleasesCorporate GovernanceLeadershipBoa",
    "link": "https://investors.zevra.com/investor-overview",
    "timestamp": "unknown"
  },
  {
    "title": "Overview",
    "link": "https://investors.zevra.com/investor-overview",
    "timestamp": "unknown"
  },
  {
    "title": "Events & Presentations",
    "link": "https://investors.zevra.com/events-and-presentations",
    "timestamp": "unknown"
  },
  {
    "title": "Stock InformationStock Quote & ChartHistoric Stock LookupAnalyst Coverage",
    "link": "https://investors.zevra.com/stock-information/stock-quote",
    "timestamp": "unknown"
  },
  {
    "title": "Stock Quote & Chart",
    "link": "https://investors.zevra.com/stock-information/stock-quote",
    "timestamp": "unknown"
  },
  {
    "title": "Historic Stock Lookup",
    "link": "https://investors.zevra.com/stock-information/historical-price-lookup",
    "timestamp": "unknown"
  },
  {
    "title": "Analyst Coverage",
    "link": "https://investors.zevra.com/stock-information/analyst-coverage",
    "timestamp": "unknown"
  },
  {
    "title": "Press Releases",
    "link": "https://investors.zevra.com/news-releases",
    "timestamp": "unknown"
  },
  {
    "title": "Corporate GovernanceLeadershipBoard of DirectorsCommittee CompositionIRS \u2013 Required Disclosures",
    "link": "https://investors.zevra.com/corporate-governance-highlights",
    "timestamp": "unknown"
  },
  {
    "title": "Leadership",
    "link": "https://zevra.com/about-us/#leadership",
    "timestamp": "unknown"
  },
  {
    "title": "Board of Directors",
    "link": "https://zevra.com/about-us/#board-of-directors",
    "timestamp": "unknown"
  },
  {
    "title": "Committee Composition",
    "link": "https://investors.zevra.com/corporate-governance/committee-composition",
    "timestamp": "unknown"
  },
  {
    "title": "IRS \u2013 Required Disclosures",
    "link": "https://investors.zevra.com/corporate-governance/internal-revenue-service-report-organizational-actions-affecting-basis-securities",
    "timestamp": "unknown"
  },
  {
    "title": "State Compliance",
    "link": "https://investors.zevra.com/state-compliance",
    "timestamp": "unknown"
  },
  {
    "title": "SEC Filings",
    "link": "https://investors.zevra.com/financial-information",
    "timestamp": "unknown"
  },
  {
    "title": "Contact",
    "link": "https://zevra.com/contact/",
    "timestamp": "unknown"
  },
  {
    "title": "Email Alerts",
    "link": "https://investors.zevra.com/email-alerts",
    "timestamp": "unknown"
  },
  {
    "title": "FAQs",
    "link": "https://investors.zevra.com/faqs-",
    "timestamp": "unknown"
  },
  {
    "title": "YearAllZevra Therapeutics, Inc. Announces CFO Transition--Zevra Reports Third Quarter  Financial Results and Corporate Update--Zevra Therapeutics to P",
    "link": "https://investors.zevra.com/news-releases/news-release-details/zevra-therapeutics-inc-announces-cfo-transition",
    "timestamp": "unknown"
  },
  {
    "title": "YearAllZevra Therapeutics, Inc. Announces CFO Transition--Zevra Reports Third Quarter  Financial Results and Corporate Update--Zevra Therapeutics to P",
    "link": "https://investors.zevra.com/news-releases/news-release-details/zevra-therapeutics-inc-announces-cfo-transition",
    "timestamp": "unknown"
  },
  {
    "title": "YearAllZevra Therapeutics, Inc. Announces CFO Transition--Zevra Reports Third Quarter  Financial Results and Corporate Update--Zevra Therapeutics to P",
    "link": "https://investors.zevra.com/news-releases/news-release-details/zevra-therapeutics-inc-announces-cfo-transition",
    "timestamp": "unknown"
  },
  {
    "title": "YearAllZevra Therapeutics, Inc. Announces CFO Transition--Zevra Reports Third Quarter  Financial Results and Corporate Update--Zevra Therapeutics to P",
    "link": "https://investors.zevra.com/news-releases/news-release-details/zevra-therapeutics-inc-announces-cfo-transition",
    "timestamp": "unknown"
  },
  {
    "title": "YearAllZevra Therapeutics, Inc. Announces CFO Transition--Zevra Reports Third Quarter  Financial Results and Corporate Update--Zevra Therapeutics to P",
    "link": "https://investors.zevra.com/news-releases/news-release-details/zevra-therapeutics-inc-announces-cfo-transition",
    "timestamp": "unknown"
  },
  {
    "title": "YearAllZevra Therapeutics, Inc. Announces CFO Transition--Zevra Reports Third Quarter  Financial Results and Corporate Update--Zevra Therapeutics to P",
    "link": "https://investors.zevra.com/news-releases/news-release-details/zevra-therapeutics-inc-announces-cfo-transition",
    "timestamp": "unknown"
  },
  {
    "title": "YearAllZevra Therapeutics, Inc. Announces CFO Transition--Zevra Reports Third Quarter  Financial Results and Corporate Update--Zevra Therapeutics to P",
    "link": "https://investors.zevra.com/news-releases/news-release-details/zevra-therapeutics-inc-announces-cfo-transition",
    "timestamp": "unknown"
  },
  {
    "title": "YearAllZevra Therapeutics, Inc. Announces CFO Transition--Zevra Reports Third Quarter  Financial Results and Corporate Update--Zevra Therapeutics to P",
    "link": "https://investors.zevra.com/news-releases/news-release-details/zevra-therapeutics-inc-announces-cfo-transition",
    "timestamp": "unknown"
  },
  {
    "title": "YearAllZevra Therapeutics, Inc. Announces CFO Transition--Zevra Reports Third Quarter  Financial Results and Corporate Update--Zevra Therapeutics to P",
    "link": "https://investors.zevra.com/news-releases/news-release-details/zevra-therapeutics-inc-announces-cfo-transition",
    "timestamp": "unknown"
  },
  {
    "title": "YearAllZevra Therapeutics, Inc. Announces CFO Transition--Zevra Reports Third Quarter  Financial Results and Corporate Update--Zevra Therapeutics to P",
    "link": "https://investors.zevra.com/news-releases/news-release-details/zevra-therapeutics-inc-announces-cfo-transition",
    "timestamp": "unknown"
  },
  {
    "title": "YearAllZevra Therapeutics, Inc. Announces CFO Transition--Zevra Reports Third Quarter  Financial Results and Corporate Update--Zevra Therapeutics to P",
    "link": "https://investors.zevra.com/news-releases/news-release-details/zevra-therapeutics-inc-announces-cfo-transition",
    "timestamp": "unknown"
  },
  {
    "title": "YearAllZevra Therapeutics, Inc. Announces CFO Transition--Zevra Reports Third Quarter  Financial Results and Corporate Update--Zevra Therapeutics to P",
    "link": "https://investors.zevra.com/news-releases/news-release-details/zevra-therapeutics-inc-announces-cfo-transition",
    "timestamp": "unknown"
  },
  {
    "title": "YearAllZevra Therapeutics, Inc. Announces CFO Transition--Zevra Reports Third Quarter  Financial Results and Corporate Update--Zevra Therapeutics to P",
    "link": "https://investors.zevra.com/news-releases/news-release-details/zevra-therapeutics-inc-announces-cfo-transition",
    "timestamp": "unknown"
  },
  {
    "title": "YearAllZevra Therapeutics, Inc. Announces CFO Transition--Zevra Reports Third Quarter  Financial Results and Corporate Update--Zevra Therapeutics to P",
    "link": "https://investors.zevra.com/news-releases/news-release-details/zevra-therapeutics-inc-announces-cfo-transition",
    "timestamp": "unknown"
  },
  {
    "title": "YearAllZevra Therapeutics, Inc. Announces CFO Transition--Zevra Reports Third Quarter  Financial Results and Corporate Update--Zevra Therapeutics to P",
    "link": "https://investors.zevra.com/news-releases/news-release-details/zevra-therapeutics-inc-announces-cfo-transition",
    "timestamp": "unknown"
  },
  {
    "title": "YearAllZevra Therapeutics, Inc. Announces CFO Transition--Zevra Reports Third Quarter  Financial Results and Corporate Update--Zevra Therapeutics to P",
    "link": "https://investors.zevra.com/news-releases/news-release-details/zevra-therapeutics-inc-announces-cfo-transition",
    "timestamp": "unknown"
  },
  {
    "title": "YearAllZevra Therapeutics, Inc. Announces CFO Transition--Zevra Reports Third Quarter  Financial Results and Corporate Update--Zevra Therapeutics to P",
    "link": "https://investors.zevra.com/news-releases/news-release-details/zevra-therapeutics-inc-announces-cfo-transition",
    "timestamp": "unknown"
  },
  {
    "title": "YearAllZevra Therapeutics, Inc. Announces CFO Transition--Zevra Reports Third Quarter  Financial Results and Corporate Update--Zevra Therapeutics to P",
    "link": "https://investors.zevra.com/news-releases/news-release-details/zevra-therapeutics-inc-announces-cfo-transition",
    "timestamp": "unknown"
  },
  {
    "title": "YearAllZevra Therapeutics, Inc. Announces CFO Transition--Zevra Reports Third Quarter  Financial Results and Corporate Update--Zevra Therapeutics to P",
    "link": "https://investors.zevra.com/news-releases/news-release-details/zevra-therapeutics-inc-announces-cfo-transition",
    "timestamp": "unknown"
  },
  {
    "title": "YearAllZevra Therapeutics, Inc. Announces CFO Transition--Zevra Reports Third Quarter  Financial Results and Corporate Update--Zevra Therapeutics to P",
    "link": "https://investors.zevra.com/news-releases/news-release-details/zevra-therapeutics-inc-announces-cfo-transition",
    "timestamp": "unknown"
  },
  {
    "title": "YearAllZevra Therapeutics, Inc. Announces CFO Transition--Zevra Reports Third Quarter  Financial Results and Corporate Update--Zevra Therapeutics to P",
    "link": "https://investors.zevra.com/news-releases/news-release-details/zevra-therapeutics-inc-announces-cfo-transition",
    "timestamp": "unknown"
  },
  {
    "title": "YearAllZevra Therapeutics, Inc. Announces CFO Transition--Zevra Reports Third Quarter  Financial Results and Corporate Update--Zevra Therapeutics to P",
    "link": "https://investors.zevra.com/news-releases/news-release-details/zevra-therapeutics-inc-announces-cfo-transition",
    "timestamp": "unknown"
  },
  {
    "title": "Zevra Therapeutics, Inc. Announces CFO Transition--Zevra Reports Third Quarter  Financial Results and Corporate Update--Zevra Therapeutics to Particip",
    "link": "https://investors.zevra.com/news-releases/news-release-details/zevra-therapeutics-inc-announces-cfo-transition",
    "timestamp": "unknown"
  },
  {
    "title": "Zevra Therapeutics, Inc. Announces CFO Transition--",
    "link": "https://investors.zevra.com/news-releases/news-release-details/zevra-therapeutics-inc-announces-cfo-transition",
    "timestamp": "unknown"
  },
  {
    "title": "Zevra Therapeutics, Inc. Announces CFO Transition--",
    "link": "https://investors.zevra.com/news-releases/news-release-details/zevra-therapeutics-inc-announces-cfo-transition",
    "timestamp": "unknown"
  },
  {
    "title": "Zevra Therapeutics, Inc. Announces CFO Transition--",
    "link": "https://investors.zevra.com/news-releases/news-release-details/zevra-therapeutics-inc-announces-cfo-transition",
    "timestamp": "unknown"
  },
  {
    "title": "Zevra Therapeutics, Inc. Announces CFO Transition",
    "link": "https://investors.zevra.com/news-releases/news-release-details/zevra-therapeutics-inc-announces-cfo-transition",
    "timestamp": "unknown"
  },
  {
    "title": "Zevra Reports Third Quarter  Financial Results and Corporate Update--",
    "link": "https://investors.zevra.com/news-releases/news-release-details/zevra-reports-third-quarter--financial-results-and-corporate",
    "timestamp": "unknown"
  },
  {
    "title": "Zevra Reports Third Quarter  Financial Results and Corporate Update--",
    "link": "https://investors.zevra.com/news-releases/news-release-details/zevra-reports-third-quarter--financial-results-and-corporate",
    "timestamp": "unknown"
  },
  {
    "title": "Zevra Reports Third Quarter  Financial Results and Corporate Update--",
    "link": "https://investors.zevra.com/news-releases/news-release-details/zevra-reports-third-quarter--financial-results-and-corporate",
    "timestamp": "unknown"
  },
  {
    "title": "Zevra Reports Third Quarter  Financial Results and Corporate Update",
    "link": "https://investors.zevra.com/news-releases/news-release-details/zevra-reports-third-quarter--financial-results-and-corporate",
    "timestamp": "unknown"
  },
  {
    "title": "Zevra Therapeutics to Participate in the Guggenheim Healthcare Innovation Conference--",
    "link": "https://investors.zevra.com/news-releases/news-release-details/zevra-therapeutics-participate-guggenheim-healthcare-innovation",
    "timestamp": "unknown"
  },
  {
    "title": "Zevra Therapeutics to Participate in the Guggenheim Healthcare Innovation Conference--",
    "link": "https://investors.zevra.com/news-releases/news-release-details/zevra-therapeutics-participate-guggenheim-healthcare-innovation",
    "timestamp": "unknown"
  },
  {
    "title": "Zevra Therapeutics to Participate in the Guggenheim Healthcare Innovation Conference--",
    "link": "https://investors.zevra.com/news-releases/news-release-details/zevra-therapeutics-participate-guggenheim-healthcare-innovation",
    "timestamp": "unknown"
  },
  {
    "title": "Zevra Therapeutics to Participate in the Guggenheim Healthcare Innovation Conference",
    "link": "https://investors.zevra.com/news-releases/news-release-details/zevra-therapeutics-participate-guggenheim-healthcare-innovation",
    "timestamp": "unknown"
  },
  {
    "title": "Zevra Therapeutics Announces Details for Q3  Financial Results Call--",
    "link": "https://investors.zevra.com/news-releases/news-release-details/zevra-therapeutics-announces-details-q3--financial-results",
    "timestamp": "unknown"
  },
  {
    "title": "Zevra Therapeutics Announces Details for Q3  Financial Results Call--",
    "link": "https://investors.zevra.com/news-releases/news-release-details/zevra-therapeutics-announces-details-q3--financial-results",
    "timestamp": "unknown"
  },
  {
    "title": "Zevra Therapeutics Announces Details for Q3  Financial Results Call--",
    "link": "https://investors.zevra.com/news-releases/news-release-details/zevra-therapeutics-announces-details-q3--financial-results",
    "timestamp": "unknown"
  },
  {
    "title": "Zevra Therapeutics Announces Details for Q3  Financial Results Call",
    "link": "https://investors.zevra.com/news-releases/news-release-details/zevra-therapeutics-announces-details-q3--financial-results",
    "timestamp": "unknown"
  },
  {
    "title": "Zevra Therapeutics Announces Inducement Grants under Nasdaq Listing Rule (c)()--",
    "link": "https://investors.zevra.com/news-releases/news-release-details/zevra-therapeutics-announces-inducement-grants-under-nasdaq",
    "timestamp": "unknown"
  },
  {
    "title": "Zevra Therapeutics Announces Inducement Grants under Nasdaq Listing Rule (c)()--",
    "link": "https://investors.zevra.com/news-releases/news-release-details/zevra-therapeutics-announces-inducement-grants-under-nasdaq",
    "timestamp": "unknown"
  },
  {
    "title": "Zevra Therapeutics Announces Inducement Grants under Nasdaq Listing Rule (c)()--",
    "link": "https://investors.zevra.com/news-releases/news-release-details/zevra-therapeutics-announces-inducement-grants-under-nasdaq",
    "timestamp": "unknown"
  },
  {
    "title": "Zevra Therapeutics Announces Inducement Grants under Nasdaq Listing Rule (c)()",
    "link": "https://investors.zevra.com/news-releases/news-release-details/zevra-therapeutics-announces-inducement-grants-under-nasdaq",
    "timestamp": "unknown"
  },
  {
    "title": "Zevra Therapeutics Announces Upcoming Oral Presentation at the International Niemann-Pick Disease Alliance (INPDA) Meeting and Poster Presentations at",
    "link": "https://investors.zevra.com/news-releases/news-release-details/zevra-therapeutics-announces-upcoming-oral-presentation",
    "timestamp": "unknown"
  },
  {
    "title": "Zevra Therapeutics Announces Upcoming Oral Presentation at the International Niemann-Pick Disease Alliance (INPDA) Meeting and Poster Presentations at",
    "link": "https://investors.zevra.com/news-releases/news-release-details/zevra-therapeutics-announces-upcoming-oral-presentation",
    "timestamp": "unknown"
  },
  {
    "title": "Zevra Therapeutics Announces Upcoming Oral Presentation at the International Niemann-Pick Disease Alliance (INPDA) Meeting and Poster Presentations at",
    "link": "https://investors.zevra.com/news-releases/news-release-details/zevra-therapeutics-announces-upcoming-oral-presentation",
    "timestamp": "unknown"
  },
  {
    "title": "Zevra Therapeutics Announces Upcoming Oral Presentation at the International Niemann-Pick Disease Alliance (INPDA) Meeting and Poster Presentations at",
    "link": "https://investors.zevra.com/news-releases/news-release-details/zevra-therapeutics-announces-upcoming-oral-presentation",
    "timestamp": "unknown"
  },
  {
    "title": "Zevra Therapeutics Presents Positive New Data Supporting Foundational Role of MIPLYFFA\u00ae (arimoclomol) for the Treatment of Niemann-Pick Disease Type C",
    "link": "https://investors.zevra.com/news-releases/news-release-details/zevra-therapeutics-presents-positive-new-data-supporting",
    "timestamp": "unknown"
  },
  {
    "title": "Zevra Therapeutics Presents Positive New Data Supporting Foundational Role of MIPLYFFA\u00ae (arimoclomol) for the Treatment of Niemann-Pick Disease Type C",
    "link": "https://investors.zevra.com/news-releases/news-release-details/zevra-therapeutics-presents-positive-new-data-supporting",
    "timestamp": "unknown"
  },
  {
    "title": "Zevra Therapeutics Presents Positive New Data Supporting Foundational Role of MIPLYFFA\u00ae (arimoclomol) for the Treatment of Niemann-Pick Disease Type C",
    "link": "https://investors.zevra.com/news-releases/news-release-details/zevra-therapeutics-presents-positive-new-data-supporting",
    "timestamp": "unknown"
  },
  {
    "title": "Zevra Therapeutics Presents Positive New Data Supporting Foundational Role of MIPLYFFA\u00ae (arimoclomol) for the Treatment of Niemann-Pick Disease Type C",
    "link": "https://investors.zevra.com/news-releases/news-release-details/zevra-therapeutics-presents-positive-new-data-supporting",
    "timestamp": "unknown"
  },
  {
    "title": "Zevra Therapeutics Announces Multiple Datasets on MIPLYFFA\u00ae (arimoclomol) to be Presented at the International Congress of Inborn Errors of Metabolism",
    "link": "https://investors.zevra.com/news-releases/news-release-details/zevra-therapeutics-announces-multiple-datasets-miplyffar",
    "timestamp": "unknown"
  },
  {
    "title": "Zevra Therapeutics Announces Multiple Datasets on MIPLYFFA\u00ae (arimoclomol) to be Presented at the International Congress of Inborn Errors of Metabolism",
    "link": "https://investors.zevra.com/news-releases/news-release-details/zevra-therapeutics-announces-multiple-datasets-miplyffar",
    "timestamp": "unknown"
  },
  {
    "title": "Zevra Therapeutics Announces Multiple Datasets on MIPLYFFA\u00ae (arimoclomol) to be Presented at the International Congress of Inborn Errors of Metabolism",
    "link": "https://investors.zevra.com/news-releases/news-release-details/zevra-therapeutics-announces-multiple-datasets-miplyffar",
    "timestamp": "unknown"
  },
  {
    "title": "Zevra Therapeutics Announces Multiple Datasets on MIPLYFFA\u00ae (arimoclomol) to be Presented at the International Congress of Inborn Errors of Metabolism",
    "link": "https://investors.zevra.com/news-releases/news-release-details/zevra-therapeutics-announces-multiple-datasets-miplyffar",
    "timestamp": "unknown"
  },
  {
    "title": "Zevra Therapeutics to Participate at Upcoming Investor Conferences in September--",
    "link": "https://investors.zevra.com/news-releases/news-release-details/zevra-therapeutics-participate-upcoming-investor-conferences-",
    "timestamp": "unknown"
  },
  {
    "title": "Zevra Therapeutics to Participate at Upcoming Investor Conferences in September--",
    "link": "https://investors.zevra.com/news-releases/news-release-details/zevra-therapeutics-participate-upcoming-investor-conferences-",
    "timestamp": "unknown"
  },
  {
    "title": "Zevra Therapeutics to Participate at Upcoming Investor Conferences in September--",
    "link": "https://investors.zevra.com/news-releases/news-release-details/zevra-therapeutics-participate-upcoming-investor-conferences-",
    "timestamp": "unknown"
  },
  {
    "title": "Zevra Therapeutics to Participate at Upcoming Investor Conferences in September",
    "link": "https://investors.zevra.com/news-releases/news-release-details/zevra-therapeutics-participate-upcoming-investor-conferences-",
    "timestamp": "unknown"
  },
  {
    "title": "Zevra Reports Second Quarter  Financial Results and Corporate Update--",
    "link": "https://investors.zevra.com/news-releases/news-release-details/zevra-reports-second-quarter--financial-results-and",
    "timestamp": "unknown"
  },
  {
    "title": "Zevra Reports Second Quarter  Financial Results and Corporate Update--",
    "link": "https://investors.zevra.com/news-releases/news-release-details/zevra-reports-second-quarter--financial-results-and",
    "timestamp": "unknown"
  },
  {
    "title": "Zevra Reports Second Quarter  Financial Results and Corporate Update--",
    "link": "https://investors.zevra.com/news-releases/news-release-details/zevra-reports-second-quarter--financial-results-and",
    "timestamp": "unknown"
  },
  {
    "title": "Zevra Reports Second Quarter  Financial Results and Corporate Update",
    "link": "https://investors.zevra.com/news-releases/news-release-details/zevra-reports-second-quarter--financial-results-and",
    "timestamp": "unknown"
  },
  {
    "title": "PaginationCurrent pagePagePage\u2026Next page\u203aLast page\u00bb",
    "link": "https://investors.zevra.com/news-releases?page=",
    "timestamp": "unknown"
  },
  {
    "title": "PaginationCurrent pagePagePage\u2026Next page\u203aLast page\u00bb",
    "link": "https://investors.zevra.com/news-releases?page=",
    "timestamp": "unknown"
  },
  {
    "title": "PaginationCurrent pagePagePage\u2026Next page\u203aLast page\u00bb",
    "link": "https://investors.zevra.com/news-releases?page=",
    "timestamp": "unknown"
  },
  {
    "title": "Current page",
    "link": "https://investors.zevra.com/news-releases?page=",
    "timestamp": "unknown"
  },
  {
    "title": "Page",
    "link": "https://investors.zevra.com/news-releases?page=",
    "timestamp": "unknown"
  },
  {
    "title": "Page",
    "link": "https://investors.zevra.com/news-releases?page=",
    "timestamp": "unknown"
  },
  {
    "title": "Next page\u203a",
    "link": "https://investors.zevra.com/news-releases?page=",
    "timestamp": "unknown"
  },
  {
    "title": "Last page\u00bb",
    "link": "https://investors.zevra.com/news-releases?page=",
    "timestamp": "unknown"
  },
  {
    "title": "About UsOur Mission & VisionThe Zevra StoryLeadershipBoard of DirectorsOur ApproachWhat We DoPartneringPatients & ProvidersClinical TrialsExpanded Acc",
    "link": "https://zevra.com/about-us/",
    "timestamp": "unknown"
  },
  {
    "title": "About UsOur Mission & VisionThe Zevra StoryLeadershipBoard of DirectorsOur ApproachWhat We DoPartneringPatients & ProvidersClinical TrialsExpanded Acc",
    "link": "https://zevra.com/about-us/",
    "timestamp": "unknown"
  },
  {
    "title": "About UsOur Mission & VisionThe Zevra StoryLeadershipBoard of DirectorsOur ApproachWhat We DoPartneringPatients & ProvidersClinical TrialsExpanded Acc",
    "link": "https://zevra.com/about-us/",
    "timestamp": "unknown"
  },
  {
    "title": "About UsOur Mission & VisionThe Zevra StoryLeadershipBoard of DirectorsOur ApproachWhat We DoPartneringPatients & ProvidersClinical TrialsExpanded Acc",
    "link": "https://zevra.com/about-us/",
    "timestamp": "unknown"
  },
  {
    "title": "About UsOur Mission & VisionThe Zevra StoryLeadershipBoard of DirectorsOur ApproachWhat We DoPartneringPatients & ProvidersClinical TrialsExpanded Acc",
    "link": "https://zevra.com/about-us/",
    "timestamp": "unknown"
  },
  {
    "title": "About UsOur Mission & VisionThe Zevra StoryLeadershipBoard of DirectorsOur ApproachWhat We DoPartneringPatients & ProvidersClinical TrialsExpanded Acc",
    "link": "https://zevra.com/about-us/",
    "timestamp": "unknown"
  },
  {
    "title": "About UsOur Mission & VisionThe Zevra StoryLeadershipBoard of DirectorsOur ApproachWhat We DoPartneringPatients & ProvidersClinical TrialsExpanded Acc",
    "link": "https://zevra.com/about-us/",
    "timestamp": "unknown"
  },
  {
    "title": "About UsOur Mission & VisionThe Zevra StoryLeadershipBoard of DirectorsOur ApproachWhat We DoPartneringPatients & ProvidersClinical TrialsExpanded Acc",
    "link": "https://zevra.com/about-us/",
    "timestamp": "unknown"
  },
  {
    "title": "About UsOur Mission & VisionThe Zevra StoryLeadershipBoard of DirectorsOur ApproachWhat We DoPartneringPatients & ProvidersClinical TrialsExpanded Acc",
    "link": "https://zevra.com/about-us/",
    "timestamp": "unknown"
  },
  {
    "title": "About UsOur Mission & VisionThe Zevra StoryLeadershipBoard of Directors",
    "link": "https://zevra.com/about-us/",
    "timestamp": "unknown"
  },
  {
    "title": "Our Mission & Vision",
    "link": "https://zevra.com/about-us/#mission",
    "timestamp": "unknown"
  },
  {
    "title": "The Zevra Story",
    "link": "https://zevra.com/about-us/#the-zevra-story",
    "timestamp": "unknown"
  },
  {
    "title": "Leadership",
    "link": "https://zevra.com/about-us/#leadership",
    "timestamp": "unknown"
  },
  {
    "title": "Board of Directors",
    "link": "https://zevra.com/about-us/#board-of-directors",
    "timestamp": "unknown"
  },
  {
    "title": "Our ApproachWhat We DoPartnering",
    "link": "https://zevra.com/our-approach/",
    "timestamp": "unknown"
  },
  {
    "title": "What We Do",
    "link": "https://zevra.com/our-approach/#what-we-do",
    "timestamp": "unknown"
  },
  {
    "title": "Partnering",
    "link": "https://zevra.com/our-approach/#partnering",
    "timestamp": "unknown"
  },
  {
    "title": "Patients & ProvidersClinical TrialsExpanded Access PolicyNiemann-Pick Disease Type CSleep DisordersUrea Cycle DisordersVascular Ehlers-Danlos",
    "link": "https://zevra.com/patients-and-providers/",
    "timestamp": "unknown"
  },
  {
    "title": "Clinical Trials",
    "link": "https://zevra.com/science-pipeline/#clinical-trials",
    "timestamp": "unknown"
  },
  {
    "title": "Expanded Access Policy",
    "link": "https://zevra.com/patients-and-providers/#healthcare-providers",
    "timestamp": "unknown"
  },
  {
    "title": "Niemann-Pick Disease Type C",
    "link": "https://zevra.com/patients-and-providers/#our-approach-npc",
    "timestamp": "unknown"
  },
  {
    "title": "Sleep Disorders",
    "link": "https://zevra.com/patients-and-providers/#sleep-disorders",
    "timestamp": "unknown"
  },
  {
    "title": "Urea Cycle Disorders",
    "link": "https://zevra.com/patients-and-providers/#ucds",
    "timestamp": "unknown"
  },
  {
    "title": "Vascular Ehlers-Danlos",
    "link": "https://zevra.com/patients-and-providers/#veds",
    "timestamp": "unknown"
  },
  {
    "title": "ProductsMIPLYFFA\u00aeOLPRUVA \u00aeAZSTARYS \u00ae",
    "link": "https://zevra.com/products/",
    "timestamp": "unknown"
  },
  {
    "title": "MIPLYFFA\u00ae",
    "link": "https://zevra.com/products/#miplyffa",
    "timestamp": "unknown"
  },
  {
    "title": "OLPRUVA \u00ae",
    "link": "https://zevra.com/products/#olpruva",
    "timestamp": "unknown"
  },
  {
    "title": "AZSTARYS \u00ae",
    "link": "https://zevra.com/products/#azstarys",
    "timestamp": "unknown"
  },
  {
    "title": "Science & PipelinePipelineClinical TrialsPublications & Presentations",
    "link": "https://zevra.com/science-pipeline/",
    "timestamp": "unknown"
  },
  {
    "title": "Pipeline",
    "link": "https://zevra.com/science-pipeline/#zevra-pipeline",
    "timestamp": "unknown"
  },
  {
    "title": "Clinical Trials",
    "link": "https://zevra.com/science-pipeline/#clinical-trials",
    "timestamp": "unknown"
  },
  {
    "title": "Publications & Presentations",
    "link": "https://zevra.com/science-pipeline/#publications-and-presentations",
    "timestamp": "unknown"
  },
  {
    "title": "InvestorsInvestor RelationsEvents & PresentationsStock Quote & ChartPress ReleasesCorporate GovernanceSEC FilingsContactEmail Alerts",
    "link": "https://investors.zevra.com/investor-overview",
    "timestamp": "unknown"
  },
  {
    "title": "Investor Relations",
    "link": "https://investors.zevra.com/",
    "timestamp": "unknown"
  },
  {
    "title": "Events & Presentations",
    "link": "https://investors.zevra.com/events-and-presentations",
    "timestamp": "unknown"
  },
  {
    "title": "Stock Quote & Chart",
    "link": "https://investors.zevra.com/stock-information/stock-quote",
    "timestamp": "unknown"
  },
  {
    "title": "Press Releases",
    "link": "https://investors.zevra.com/news-releases",
    "timestamp": "unknown"
  },
  {
    "title": "Corporate Governance",
    "link": "https://investors.zevra.com/corporate-governance-highlights",
    "timestamp": "unknown"
  },
  {
    "title": "SEC Filings",
    "link": "https://investors.zevra.com/financial-information",
    "timestamp": "unknown"
  },
  {
    "title": "Contact",
    "link": "https://zevra.com/contact/",
    "timestamp": "unknown"
  },
  {
    "title": "Email Alerts",
    "link": "https://investors.zevra.com/email-alerts",
    "timestamp": "unknown"
  },
  {
    "title": "CareersCultureJob Openings",
    "link": "https://zevra.com/careers/",
    "timestamp": "unknown"
  },
  {
    "title": "Culture",
    "link": "https://zevra.com/careers/#culture",
    "timestamp": "unknown"
  },
  {
    "title": "Job Openings",
    "link": "https://zevra.com/careers/#open-positions",
    "timestamp": "unknown"
  },
  {
    "title": "Contactinfo@zevra.com..FacebookTwitterLinkedIn",
    "link": "https://zevra.com/contact/",
    "timestamp": "unknown"
  },
  {
    "title": "info@zevra.com",
    "link": "mailto:info@zevra.com",
    "timestamp": "unknown"
  },
  {
    "title": "..",
    "link": "tel:+",
    "timestamp": "unknown"
  },
  {
    "title": "Facebook",
    "link": "https://www.facebook.com/zevratherapeutics",
    "timestamp": "unknown"
  },
  {
    "title": "Twitter",
    "link": "https://twitter.com/zevratx",
    "timestamp": "unknown"
  },
  {
    "title": "LinkedIn",
    "link": "https://Linkedin.com/company/zevratherapeutics",
    "timestamp": "unknown"
  },
  {
    "title": "Home",
    "link": "https://zevra.com/",
    "timestamp": "unknown"
  },
  {
    "title": "\u00a9  Zevra Therapeutics, Inc. All rights reserved.Privacy Policy|Terms of Use",
    "link": "https://zevra.com/privacy-policy/",
    "timestamp": "unknown"
  },
  {
    "title": "\u00a9  Zevra Therapeutics, Inc. All rights reserved.Privacy Policy|Terms of Use",
    "link": "https://zevra.com/privacy-policy/",
    "timestamp": "unknown"
  },
  {
    "title": "\u00a9  Zevra Therapeutics, Inc. All rights reserved.Privacy Policy|Terms of Use",
    "link": "https://zevra.com/privacy-policy/",
    "timestamp": "unknown"
  },
  {
    "title": "\u00a9  Zevra Therapeutics, Inc. All rights reserved.Privacy Policy|Terms of Use",
    "link": "https://zevra.com/privacy-policy/",
    "timestamp": "unknown"
  }
]