[
  {
    "title": "AboutMissionHistoryLeadershipBoard of DirectorsScientific AdvisorsContactScienceOverviewPublicationsPipelineOverviewPatient AccessInvestors & MediaOve",
    "link": "https://annexonbio.com/",
    "timestamp": "unknown"
  },
  {
    "title": "AboutMissionHistoryLeadershipBoard of DirectorsScientific AdvisorsContactScienceOverviewPublicationsPipelineOverviewPatient AccessInvestors & MediaOve",
    "link": "https://annexonbio.com/",
    "timestamp": "unknown"
  },
  {
    "title": "AboutMissionHistoryLeadershipBoard of DirectorsScientific AdvisorsContactScienceOverviewPublicationsPipelineOverviewPatient AccessInvestors & MediaOve",
    "link": "https://annexonbio.com/",
    "timestamp": "unknown"
  },
  {
    "title": "AboutMissionHistoryLeadershipBoard of DirectorsScientific AdvisorsContactScienceOverviewPublicationsPipelineOverviewPatient AccessInvestors & MediaOve",
    "link": "https://annexonbio.com/about/",
    "timestamp": "unknown"
  },
  {
    "title": "AboutMissionHistoryLeadershipBoard of DirectorsScientific AdvisorsContact",
    "link": "https://annexonbio.com/about/",
    "timestamp": "unknown"
  },
  {
    "title": "MissionHistoryLeadershipBoard of DirectorsScientific AdvisorsContact",
    "link": "https://annexonbio.com/about/#mission",
    "timestamp": "unknown"
  },
  {
    "title": "ScienceOverviewPublications",
    "link": "https://annexonbio.com/science",
    "timestamp": "unknown"
  },
  {
    "title": "OverviewPublications",
    "link": "https://annexonbio.com/science",
    "timestamp": "unknown"
  },
  {
    "title": "PipelineOverviewPatient Access",
    "link": "https://annexonbio.com/pipeline",
    "timestamp": "unknown"
  },
  {
    "title": "OverviewPatient Access",
    "link": "https://annexonbio.com/pipeline/",
    "timestamp": "unknown"
  },
  {
    "title": "Investors & MediaOverviewNews ReleasesEvents and PresentationsAnnual Reports & Proxy StatementsCorporate GovernanceStock InformationAnalyst CoverageSE",
    "link": "https://ir.annexonbio.com/",
    "timestamp": "unknown"
  },
  {
    "title": "OverviewNews ReleasesEvents and PresentationsAnnual Reports & Proxy StatementsCorporate GovernanceStock InformationAnalyst CoverageSEC FilingsFAQsIR C",
    "link": "https://ir.annexonbio.com/",
    "timestamp": "unknown"
  },
  {
    "title": "CareersOverviewValuesOur CultureJob OpportunitiesOur Benefits",
    "link": "https://annexonbio.com/careers",
    "timestamp": "unknown"
  },
  {
    "title": "OverviewValuesOur CultureJob OpportunitiesOur Benefits",
    "link": "https://ir.annexonbio.com/events-and-presentations/events",
    "timestamp": "unknown"
  },
  {
    "title": "Governance OverviewBoard of DirectorsLeadershipCommittee CompositionEvents & PresentationsUpcoming EventsMar ,  at  EDTAnnexon In-Person and Virtual K",
    "link": "https://ir.annexonbio.com/corporate-governance/governance-overview",
    "timestamp": "unknown"
  },
  {
    "title": "Governance OverviewBoard of DirectorsLeadershipCommittee Composition",
    "link": "https://ir.annexonbio.com/corporate-governance/governance-overview",
    "timestamp": "unknown"
  },
  {
    "title": "Governance OverviewBoard of DirectorsLeadershipCommittee Composition",
    "link": "https://ir.annexonbio.com/corporate-governance/governance-overview",
    "timestamp": "unknown"
  },
  {
    "title": "Governance OverviewBoard of DirectorsLeadershipCommittee Composition",
    "link": "https://ir.annexonbio.com/corporate-governance/governance-overview",
    "timestamp": "unknown"
  },
  {
    "title": "Governance OverviewBoard of DirectorsLeadershipCommittee Composition",
    "link": "https://ir.annexonbio.com/corporate-governance/governance-overview",
    "timestamp": "unknown"
  },
  {
    "title": "Governance OverviewBoard of DirectorsLeadershipCommittee Composition",
    "link": "https://ir.annexonbio.com/corporate-governance/governance-overview",
    "timestamp": "unknown"
  },
  {
    "title": "Governance OverviewBoard of DirectorsLeadershipCommittee Composition",
    "link": "https://ir.annexonbio.com/corporate-governance/governance-overview",
    "timestamp": "unknown"
  },
  {
    "title": "Governance Overview",
    "link": "https://ir.annexonbio.com/corporate-governance/governance-overview",
    "timestamp": "unknown"
  },
  {
    "title": "Board of Directors",
    "link": "https://annexonbio.com/about/#bod",
    "timestamp": "unknown"
  },
  {
    "title": "Leadership",
    "link": "https://annexonbio.com/about/#leadership",
    "timestamp": "unknown"
  },
  {
    "title": "Committee Composition",
    "link": "https://ir.annexonbio.com/corporate-governance/committee-composition",
    "timestamp": "unknown"
  },
  {
    "title": "Events & PresentationsUpcoming EventsMar ,  at  EDTAnnexon In-Person and Virtual KOL Event to Discuss Vonaprument for the Treatment of Geographic Atro",
    "link": "https://ir.annexonbio.com/events/event-details/annexon-person-and-virtual-kol-event-discuss-vonaprument-treatment-geographic",
    "timestamp": "unknown"
  },
  {
    "title": "Events & PresentationsUpcoming EventsMar ,  at  EDTAnnexon In-Person and Virtual KOL Event to Discuss Vonaprument for the Treatment of Geographic Atro",
    "link": "https://ir.annexonbio.com/events/event-details/annexon-person-and-virtual-kol-event-discuss-vonaprument-treatment-geographic",
    "timestamp": "unknown"
  },
  {
    "title": "Events & PresentationsUpcoming EventsMar ,  at  EDTAnnexon In-Person and Virtual KOL Event to Discuss Vonaprument for the Treatment of Geographic Atro",
    "link": "https://ir.annexonbio.com/events/event-details/annexon-person-and-virtual-kol-event-discuss-vonaprument-treatment-geographic",
    "timestamp": "unknown"
  },
  {
    "title": "Events & PresentationsUpcoming EventsMar ,  at  EDTAnnexon In-Person and Virtual KOL Event to Discuss Vonaprument for the Treatment of Geographic Atro",
    "link": "https://ir.annexonbio.com/events/event-details/annexon-person-and-virtual-kol-event-discuss-vonaprument-treatment-geographic",
    "timestamp": "unknown"
  },
  {
    "title": "Events & PresentationsUpcoming EventsMar ,  at  EDTAnnexon In-Person and Virtual KOL Event to Discuss Vonaprument for the Treatment of Geographic Atro",
    "link": "https://ir.annexonbio.com/events/event-details/annexon-person-and-virtual-kol-event-discuss-vonaprument-treatment-geographic",
    "timestamp": "unknown"
  },
  {
    "title": "Upcoming EventsMar ,  at  EDTAnnexon In-Person and Virtual KOL Event to Discuss Vonaprument for the Treatment of Geographic Atrophyclick here for webc",
    "link": "https://ir.annexonbio.com/events/event-details/annexon-person-and-virtual-kol-event-discuss-vonaprument-treatment-geographic",
    "timestamp": "unknown"
  },
  {
    "title": "Upcoming EventsMar ,  at  EDTAnnexon In-Person and Virtual KOL Event to Discuss Vonaprument for the Treatment of Geographic Atrophyclick here for webc",
    "link": "https://ir.annexonbio.com/events/event-details/annexon-person-and-virtual-kol-event-discuss-vonaprument-treatment-geographic",
    "timestamp": "unknown"
  },
  {
    "title": "Upcoming EventsMar ,  at  EDTAnnexon In-Person and Virtual KOL Event to Discuss Vonaprument for the Treatment of Geographic Atrophyclick here for webc",
    "link": "https://ir.annexonbio.com/events/event-details/annexon-person-and-virtual-kol-event-discuss-vonaprument-treatment-geographic",
    "timestamp": "unknown"
  },
  {
    "title": "Upcoming EventsMar ,  at  EDTAnnexon In-Person and Virtual KOL Event to Discuss Vonaprument for the Treatment of Geographic Atrophyclick here for webc",
    "link": "https://ir.annexonbio.com/events/event-details/annexon-person-and-virtual-kol-event-discuss-vonaprument-treatment-geographic",
    "timestamp": "unknown"
  },
  {
    "title": "Upcoming EventsMar ,  at  EDTAnnexon In-Person and Virtual KOL Event to Discuss Vonaprument for the Treatment of Geographic Atrophyclick here for webc",
    "link": "https://ir.annexonbio.com/events/event-details/annexon-person-and-virtual-kol-event-discuss-vonaprument-treatment-geographic",
    "timestamp": "unknown"
  },
  {
    "title": "Upcoming EventsMar ,  at  EDTAnnexon In-Person and Virtual KOL Event to Discuss Vonaprument for the Treatment of Geographic Atrophyclick here for webc",
    "link": "https://ir.annexonbio.com/events/event-details/annexon-person-and-virtual-kol-event-discuss-vonaprument-treatment-geographic",
    "timestamp": "unknown"
  },
  {
    "title": "Upcoming EventsMar ,  at  EDTAnnexon In-Person and Virtual KOL Event to Discuss Vonaprument for the Treatment of Geographic Atrophyclick here for webc",
    "link": "https://ir.annexonbio.com/events/event-details/annexon-person-and-virtual-kol-event-discuss-vonaprument-treatment-geographic",
    "timestamp": "unknown"
  },
  {
    "title": "Upcoming EventsMar ,  at  EDTAnnexon In-Person and Virtual KOL Event to Discuss Vonaprument for the Treatment of Geographic Atrophyclick here for webc",
    "link": "https://ir.annexonbio.com/events/event-details/annexon-person-and-virtual-kol-event-discuss-vonaprument-treatment-geographic",
    "timestamp": "unknown"
  },
  {
    "title": "Upcoming EventsMar ,  at  EDTAnnexon In-Person and Virtual KOL Event to Discuss Vonaprument for the Treatment of Geographic Atrophyclick here for webc",
    "link": "https://ir.annexonbio.com/events/event-details/annexon-person-and-virtual-kol-event-discuss-vonaprument-treatment-geographic",
    "timestamp": "unknown"
  },
  {
    "title": "Upcoming EventsMar ,  at  EDTAnnexon In-Person and Virtual KOL Event to Discuss Vonaprument for the Treatment of Geographic Atrophyclick here for webc",
    "link": "https://ir.annexonbio.com/events/event-details/annexon-person-and-virtual-kol-event-discuss-vonaprument-treatment-geographic",
    "timestamp": "unknown"
  },
  {
    "title": "Upcoming EventsMar ,  at  EDTAnnexon In-Person and Virtual KOL Event to Discuss Vonaprument for the Treatment of Geographic Atrophyclick here for webc",
    "link": "https://ir.annexonbio.com/events/event-details/annexon-person-and-virtual-kol-event-discuss-vonaprument-treatment-geographic",
    "timestamp": "unknown"
  },
  {
    "title": "Upcoming EventsMar ,  at  EDTAnnexon In-Person and Virtual KOL Event to Discuss Vonaprument for the Treatment of Geographic Atrophyclick here for webc",
    "link": "https://ir.annexonbio.com/events/event-details/annexon-person-and-virtual-kol-event-discuss-vonaprument-treatment-geographic",
    "timestamp": "unknown"
  },
  {
    "title": "Upcoming EventsMar ,  at  EDTAnnexon In-Person and Virtual KOL Event to Discuss Vonaprument for the Treatment of Geographic Atrophyclick here for webc",
    "link": "https://ir.annexonbio.com/events/event-details/annexon-person-and-virtual-kol-event-discuss-vonaprument-treatment-geographic",
    "timestamp": "unknown"
  },
  {
    "title": "Upcoming EventsMar ,  at  EDTAnnexon In-Person and Virtual KOL Event to Discuss Vonaprument for the Treatment of Geographic Atrophyclick here for webc",
    "link": "https://ir.annexonbio.com/events/event-details/annexon-person-and-virtual-kol-event-discuss-vonaprument-treatment-geographic",
    "timestamp": "unknown"
  },
  {
    "title": "Mar ,  at  EDTAnnexon In-Person and Virtual KOL Event to Discuss Vonaprument for the Treatment of Geographic Atrophyclick here for webcast",
    "link": "https://ir.annexonbio.com/events/event-details/annexon-person-and-virtual-kol-event-discuss-vonaprument-treatment-geographic",
    "timestamp": "unknown"
  },
  {
    "title": "Mar ,  at  EDTAnnexon In-Person and Virtual KOL Event to Discuss Vonaprument for the Treatment of Geographic Atrophyclick here for webcast",
    "link": "https://ir.annexonbio.com/events/event-details/annexon-person-and-virtual-kol-event-discuss-vonaprument-treatment-geographic",
    "timestamp": "unknown"
  },
  {
    "title": "Mar ,  at  EDTAnnexon In-Person and Virtual KOL Event to Discuss Vonaprument for the Treatment of Geographic Atrophyclick here for webcast",
    "link": "https://ir.annexonbio.com/events/event-details/annexon-person-and-virtual-kol-event-discuss-vonaprument-treatment-geographic",
    "timestamp": "unknown"
  },
  {
    "title": "Past EventsJan ,  at  PST44th Annual J.P. Morgan Healthcare ConferenceJPM Presentation \u2013 January. MBNov ,  at  GMTJefferies  London Healthcare Confere",
    "link": "https://ir.annexonbio.com/events/event-details/44th-annual-jp-morgan-healthcare-conference",
    "timestamp": "unknown"
  },
  {
    "title": "Past EventsJan ,  at  PST44th Annual J.P. Morgan Healthcare ConferenceJPM Presentation \u2013 January. MBNov ,  at  GMTJefferies  London Healthcare Confere",
    "link": "https://ir.annexonbio.com/events/event-details/44th-annual-jp-morgan-healthcare-conference",
    "timestamp": "unknown"
  },
  {
    "title": "Jan ,  at  PST44th Annual J.P. Morgan Healthcare ConferenceJPM Presentation \u2013 January. MBNov ,  at  GMTJefferies  London Healthcare ConferenceSep ,  a",
    "link": "https://ir.annexonbio.com/events/event-details/44th-annual-jp-morgan-healthcare-conference",
    "timestamp": "unknown"
  },
  {
    "title": "Jan ,  at  PST44th Annual J.P. Morgan Healthcare ConferenceJPM Presentation \u2013 January. MBNov ,  at  GMTJefferies  London Healthcare ConferenceSep ,  a",
    "link": "https://ir.annexonbio.com/events/event-details/44th-annual-jp-morgan-healthcare-conference",
    "timestamp": "unknown"
  },
  {
    "title": "Jan ,  at  PST44th Annual J.P. Morgan Healthcare ConferenceJPM Presentation \u2013 January. MB",
    "link": "https://ir.annexonbio.com/events/event-details/44th-annual-jp-morgan-healthcare-conference",
    "timestamp": "unknown"
  },
  {
    "title": "JPM Presentation \u2013 January. MB",
    "link": "https://ir.annexonbio.com/static-files/4c2d3860-14ce-4aef-9b55-fe6ed80ff942",
    "timestamp": "unknown"
  },
  {
    "title": "JPM Presentation \u2013 January. MB",
    "link": "https://ir.annexonbio.com/static-files/4c2d3860-14ce-4aef-9b55-fe6ed80ff942",
    "timestamp": "unknown"
  },
  {
    "title": "JPM Presentation \u2013 January. MB",
    "link": "https://ir.annexonbio.com/static-files/4c2d3860-14ce-4aef-9b55-fe6ed80ff942",
    "timestamp": "unknown"
  },
  {
    "title": "JPM Presentation \u2013 January. MB",
    "link": "https://ir.annexonbio.com/static-files/4c2d3860-14ce-4aef-9b55-fe6ed80ff942",
    "timestamp": "unknown"
  },
  {
    "title": "JPM Presentation \u2013 January. MB",
    "link": "https://ir.annexonbio.com/static-files/4c2d3860-14ce-4aef-9b55-fe6ed80ff942",
    "timestamp": "unknown"
  },
  {
    "title": "JPM Presentation \u2013 January. MB",
    "link": "https://ir.annexonbio.com/static-files/4c2d3860-14ce-4aef-9b55-fe6ed80ff942",
    "timestamp": "unknown"
  },
  {
    "title": "JPM Presentation \u2013 January. MB",
    "link": "https://ir.annexonbio.com/static-files/4c2d3860-14ce-4aef-9b55-fe6ed80ff942",
    "timestamp": "unknown"
  },
  {
    "title": "JPM Presentation \u2013 January. MB",
    "link": "https://ir.annexonbio.com/static-files/4c2d3860-14ce-4aef-9b55-fe6ed80ff942",
    "timestamp": "unknown"
  },
  {
    "title": "JPM Presentation \u2013 January. MB",
    "link": "https://ir.annexonbio.com/static-files/4c2d3860-14ce-4aef-9b55-fe6ed80ff942",
    "timestamp": "unknown"
  },
  {
    "title": "Nov ,  at  GMTJefferies  London Healthcare Conference",
    "link": "https://ir.annexonbio.com/events/event-details/jefferies--london-healthcare-conference",
    "timestamp": "unknown"
  },
  {
    "title": "Sep ,  at  EDTCantor Global Healthcare Conference",
    "link": "https://ir.annexonbio.com/events/event-details/cantor-global-healthcare-conference-",
    "timestamp": "unknown"
  },
  {
    "title": "Sep ,  at  EDTWells Fargo Healthcare Conference",
    "link": "https://ir.annexonbio.com/events/event-details/wells-fargo-healthcare-conference-",
    "timestamp": "unknown"
  },
  {
    "title": "Aug ,  at  EDTH.C. Wainwright 5th Annual Ophthalmology Virtual ConferenceView Presentation. MB",
    "link": "https://ir.annexonbio.com/events/event-details/hc-wainwright-5th-annual-ophthalmology-virtual-conference",
    "timestamp": "unknown"
  },
  {
    "title": "View Presentation. MB",
    "link": "https://ir.annexonbio.com/static-files/af384b64-a8cd-45a1--d398d3a67bf9",
    "timestamp": "unknown"
  },
  {
    "title": "View Presentation. MB",
    "link": "https://ir.annexonbio.com/static-files/af384b64-a8cd-45a1--d398d3a67bf9",
    "timestamp": "unknown"
  },
  {
    "title": "View Presentation. MB",
    "link": "https://ir.annexonbio.com/static-files/af384b64-a8cd-45a1--d398d3a67bf9",
    "timestamp": "unknown"
  },
  {
    "title": "View Presentation. MB",
    "link": "https://ir.annexonbio.com/static-files/af384b64-a8cd-45a1--d398d3a67bf9",
    "timestamp": "unknown"
  },
  {
    "title": "View Presentation. MB",
    "link": "https://ir.annexonbio.com/static-files/af384b64-a8cd-45a1--d398d3a67bf9",
    "timestamp": "unknown"
  },
  {
    "title": "View Presentation. MB",
    "link": "https://ir.annexonbio.com/static-files/af384b64-a8cd-45a1--d398d3a67bf9",
    "timestamp": "unknown"
  },
  {
    "title": "View Presentation. MB",
    "link": "https://ir.annexonbio.com/static-files/af384b64-a8cd-45a1--d398d3a67bf9",
    "timestamp": "unknown"
  },
  {
    "title": "View Presentation. MB",
    "link": "https://ir.annexonbio.com/static-files/af384b64-a8cd-45a1--d398d3a67bf9",
    "timestamp": "unknown"
  },
  {
    "title": "View Presentation. MB",
    "link": "https://ir.annexonbio.com/static-files/af384b64-a8cd-45a1--d398d3a67bf9",
    "timestamp": "unknown"
  },
  {
    "title": "Jun ,  at  EDTJefferies Global Healthcare Conference",
    "link": "https://ir.annexonbio.com/events/event-details/jefferies-global-healthcare-conference",
    "timestamp": "unknown"
  },
  {
    "title": "Mar ,  at  ESTTD Cowen 45th Annual Health Care Conference",
    "link": "https://ir.annexonbio.com/events/event-details/td-cowen-45th-annual-health-care-conference",
    "timestamp": "unknown"
  },
  {
    "title": "Jan ,  at  EST43rd Annual J.P. Morgan Healthcare Conference",
    "link": "https://ir.annexonbio.com/events/event-details/43rd-annual-jp-morgan-healthcare-conference",
    "timestamp": "unknown"
  },
  {
    "title": "Dec ,  at  ESTGBS Real-World Evidence UpdateGBS Real-World Evidence Update Presentation. MB",
    "link": "https://ir.annexonbio.com/events/event-details/annexon-biosciences-call",
    "timestamp": "unknown"
  },
  {
    "title": "GBS Real-World Evidence Update Presentation. MB",
    "link": "https://ir.annexonbio.com/static-files/2aa98873-ac7d---2366c496eac7",
    "timestamp": "unknown"
  },
  {
    "title": "GBS Real-World Evidence Update Presentation. MB",
    "link": "https://ir.annexonbio.com/static-files/2aa98873-ac7d---2366c496eac7",
    "timestamp": "unknown"
  },
  {
    "title": "GBS Real-World Evidence Update Presentation. MB",
    "link": "https://ir.annexonbio.com/static-files/2aa98873-ac7d---2366c496eac7",
    "timestamp": "unknown"
  },
  {
    "title": "GBS Real-World Evidence Update Presentation. MB",
    "link": "https://ir.annexonbio.com/static-files/2aa98873-ac7d---2366c496eac7",
    "timestamp": "unknown"
  },
  {
    "title": "GBS Real-World Evidence Update Presentation. MB",
    "link": "https://ir.annexonbio.com/static-files/2aa98873-ac7d---2366c496eac7",
    "timestamp": "unknown"
  },
  {
    "title": "GBS Real-World Evidence Update Presentation. MB",
    "link": "https://ir.annexonbio.com/static-files/2aa98873-ac7d---2366c496eac7",
    "timestamp": "unknown"
  },
  {
    "title": "GBS Real-World Evidence Update Presentation. MB",
    "link": "https://ir.annexonbio.com/static-files/2aa98873-ac7d---2366c496eac7",
    "timestamp": "unknown"
  },
  {
    "title": "GBS Real-World Evidence Update Presentation. MB",
    "link": "https://ir.annexonbio.com/static-files/2aa98873-ac7d---2366c496eac7",
    "timestamp": "unknown"
  },
  {
    "title": "GBS Real-World Evidence Update Presentation. MB",
    "link": "https://ir.annexonbio.com/static-files/2aa98873-ac7d---2366c496eac7",
    "timestamp": "unknown"
  },
  {
    "title": "Nov ,  at  GMTJefferies London Healthcare Conference",
    "link": "https://ir.annexonbio.com/events/event-details/jefferies-london-healthcare-conference",
    "timestamp": "unknown"
  },
  {
    "title": "Sep ,  at  EDTCantor Global Healthcare Conference",
    "link": "https://ir.annexonbio.com/events/event-details/cantor-global-healthcare-conference",
    "timestamp": "unknown"
  },
  {
    "title": "Sep ,  at  EDTWells Fargo Healthcare Conference",
    "link": "https://ir.annexonbio.com/events/event-details/wells-fargo-healthcare-conference",
    "timestamp": "unknown"
  },
  {
    "title": "Jun ,  at  EDTGBS Program UpdateGBS Program Update Presentation. MB",
    "link": "https://ir.annexonbio.com/events/event-details/gbs-program-update",
    "timestamp": "unknown"
  },
  {
    "title": "GBS Program Update Presentation. MB",
    "link": "https://ir.annexonbio.com/static-files/5b43b03e-b8e4-43f2-a799-6d04e182f47e",
    "timestamp": "unknown"
  },
  {
    "title": "GBS Program Update Presentation. MB",
    "link": "https://ir.annexonbio.com/static-files/5b43b03e-b8e4-43f2-a799-6d04e182f47e",
    "timestamp": "unknown"
  },
  {
    "title": "GBS Program Update Presentation. MB",
    "link": "https://ir.annexonbio.com/static-files/5b43b03e-b8e4-43f2-a799-6d04e182f47e",
    "timestamp": "unknown"
  },
  {
    "title": "GBS Program Update Presentation. MB",
    "link": "https://ir.annexonbio.com/static-files/5b43b03e-b8e4-43f2-a799-6d04e182f47e",
    "timestamp": "unknown"
  },
  {
    "title": "GBS Program Update Presentation. MB",
    "link": "https://ir.annexonbio.com/static-files/5b43b03e-b8e4-43f2-a799-6d04e182f47e",
    "timestamp": "unknown"
  },
  {
    "title": "GBS Program Update Presentation. MB",
    "link": "https://ir.annexonbio.com/static-files/5b43b03e-b8e4-43f2-a799-6d04e182f47e",
    "timestamp": "unknown"
  },
  {
    "title": "GBS Program Update Presentation. MB",
    "link": "https://ir.annexonbio.com/static-files/5b43b03e-b8e4-43f2-a799-6d04e182f47e",
    "timestamp": "unknown"
  },
  {
    "title": "GBS Program Update Presentation. MB",
    "link": "https://ir.annexonbio.com/static-files/5b43b03e-b8e4-43f2-a799-6d04e182f47e",
    "timestamp": "unknown"
  },
  {
    "title": "GBS Program Update Presentation. MB",
    "link": "https://ir.annexonbio.com/static-files/5b43b03e-b8e4-43f2-a799-6d04e182f47e",
    "timestamp": "unknown"
  },
  {
    "title": "Corporate PresentationCorporate Presentation - FebruaryDownloadAdditonal PresentationsVonaprument: Only Geographic Atrophy Program to Show Significant",
    "link": "https://ir.annexonbio.com/static-files/164ace03-2c0b-466a--b0d05c3ce690",
    "timestamp": "unknown"
  },
  {
    "title": "Corporate PresentationCorporate Presentation - FebruaryDownloadAdditonal PresentationsVonaprument: Only Geographic Atrophy Program to Show Significant",
    "link": "https://ir.annexonbio.com/static-files/164ace03-2c0b-466a--b0d05c3ce690",
    "timestamp": "unknown"
  },
  {
    "title": "Corporate PresentationCorporate Presentation - FebruaryDownloadAdditonal PresentationsVonaprument: Only Geographic Atrophy Program to Show Significant",
    "link": "https://ir.annexonbio.com/static-files/164ace03-2c0b-466a--b0d05c3ce690",
    "timestamp": "unknown"
  },
  {
    "title": "Corporate PresentationCorporate Presentation - FebruaryDownload",
    "link": "https://ir.annexonbio.com/static-files/164ace03-2c0b-466a--b0d05c3ce690",
    "timestamp": "unknown"
  },
  {
    "title": "Corporate PresentationCorporate Presentation - FebruaryDownload",
    "link": "https://ir.annexonbio.com/static-files/164ace03-2c0b-466a--b0d05c3ce690",
    "timestamp": "unknown"
  },
  {
    "title": "Corporate Presentation - FebruaryDownload",
    "link": "https://ir.annexonbio.com/static-files/164ace03-2c0b-466a--b0d05c3ce690",
    "timestamp": "unknown"
  },
  {
    "title": "Corporate Presentation - FebruaryDownload",
    "link": "https://ir.annexonbio.com/static-files/164ace03-2c0b-466a--b0d05c3ce690",
    "timestamp": "unknown"
  },
  {
    "title": "Corporate Presentation - FebruaryDownload",
    "link": "https://ir.annexonbio.com/static-files/164ace03-2c0b-466a--b0d05c3ce690",
    "timestamp": "unknown"
  },
  {
    "title": "Corporate Presentation - February",
    "link": "https://ir.annexonbio.com/static-files/164ace03-2c0b-466a--b0d05c3ce690",
    "timestamp": "unknown"
  },
  {
    "title": "Corporate Presentation - February",
    "link": "https://ir.annexonbio.com/static-files/164ace03-2c0b-466a--b0d05c3ce690",
    "timestamp": "unknown"
  },
  {
    "title": "Corporate Presentation - February",
    "link": "https://ir.annexonbio.com/static-files/164ace03-2c0b-466a--b0d05c3ce690",
    "timestamp": "unknown"
  },
  {
    "title": "Download",
    "link": "https://ir.annexonbio.com/static-files/164ace03-2c0b-466a--b0d05c3ce690",
    "timestamp": "unknown"
  },
  {
    "title": "Additonal PresentationsVonaprument: Only Geographic Atrophy Program to Show Significant Vision Preservation. MBTanruprubart: First-in-Kind Targeted Th",
    "link": "https://ir.annexonbio.com/static-files/abdfafd1-950e-42a6-997e-a1938a5bd8f7",
    "timestamp": "unknown"
  },
  {
    "title": "Additonal PresentationsVonaprument: Only Geographic Atrophy Program to Show Significant Vision Preservation. MBTanruprubart: First-in-Kind Targeted Th",
    "link": "https://ir.annexonbio.com/static-files/abdfafd1-950e-42a6-997e-a1938a5bd8f7",
    "timestamp": "unknown"
  },
  {
    "title": "Vonaprument: Only Geographic Atrophy Program to Show Significant Vision Preservation. MBTanruprubart: First-in-Kind Targeted Therapy for Guillain-Barr",
    "link": "https://ir.annexonbio.com/static-files/abdfafd1-950e-42a6-997e-a1938a5bd8f7",
    "timestamp": "unknown"
  },
  {
    "title": "Vonaprument: Only Geographic Atrophy Program to Show Significant Vision Preservation. MBTanruprubart: First-in-Kind Targeted Therapy for Guillain-Barr",
    "link": "https://ir.annexonbio.com/static-files/abdfafd1-950e-42a6-997e-a1938a5bd8f7",
    "timestamp": "unknown"
  },
  {
    "title": "Vonaprument: Only Geographic Atrophy Program to Show Significant Vision Preservation. MB",
    "link": "https://ir.annexonbio.com/static-files/abdfafd1-950e-42a6-997e-a1938a5bd8f7",
    "timestamp": "unknown"
  },
  {
    "title": "Vonaprument: Only Geographic Atrophy Program to Show Significant Vision Preservation. MB",
    "link": "https://ir.annexonbio.com/static-files/abdfafd1-950e-42a6-997e-a1938a5bd8f7",
    "timestamp": "unknown"
  },
  {
    "title": "Vonaprument: Only Geographic Atrophy Program to Show Significant Vision Preservation. MB",
    "link": "https://ir.annexonbio.com/static-files/abdfafd1-950e-42a6-997e-a1938a5bd8f7",
    "timestamp": "unknown"
  },
  {
    "title": "Vonaprument: Only Geographic Atrophy Program to Show Significant Vision Preservation. MB",
    "link": "https://ir.annexonbio.com/static-files/abdfafd1-950e-42a6-997e-a1938a5bd8f7",
    "timestamp": "unknown"
  },
  {
    "title": "Vonaprument: Only Geographic Atrophy Program to Show Significant Vision Preservation. MB",
    "link": "https://ir.annexonbio.com/static-files/abdfafd1-950e-42a6-997e-a1938a5bd8f7",
    "timestamp": "unknown"
  },
  {
    "title": "Vonaprument: Only Geographic Atrophy Program to Show Significant Vision Preservation. MB",
    "link": "https://ir.annexonbio.com/static-files/abdfafd1-950e-42a6-997e-a1938a5bd8f7",
    "timestamp": "unknown"
  },
  {
    "title": "Vonaprument: Only Geographic Atrophy Program to Show Significant Vision Preservation. MB",
    "link": "https://ir.annexonbio.com/static-files/abdfafd1-950e-42a6-997e-a1938a5bd8f7",
    "timestamp": "unknown"
  },
  {
    "title": "Vonaprument: Only Geographic Atrophy Program to Show Significant Vision Preservation. MB",
    "link": "https://ir.annexonbio.com/static-files/abdfafd1-950e-42a6-997e-a1938a5bd8f7",
    "timestamp": "unknown"
  },
  {
    "title": "Vonaprument: Only Geographic Atrophy Program to Show Significant Vision Preservation. MB",
    "link": "https://ir.annexonbio.com/static-files/abdfafd1-950e-42a6-997e-a1938a5bd8f7",
    "timestamp": "unknown"
  },
  {
    "title": "Tanruprubart: First-in-Kind Targeted Therapy for Guillain-Barr\u00e9 Syndrome. MB",
    "link": "https://ir.annexonbio.com/static-files/295313d5-60e6-4b9c-a459-70ed57feed51",
    "timestamp": "unknown"
  },
  {
    "title": "Tanruprubart: First-in-Kind Targeted Therapy for Guillain-Barr\u00e9 Syndrome. MB",
    "link": "https://ir.annexonbio.com/static-files/295313d5-60e6-4b9c-a459-70ed57feed51",
    "timestamp": "unknown"
  },
  {
    "title": "Tanruprubart: First-in-Kind Targeted Therapy for Guillain-Barr\u00e9 Syndrome. MB",
    "link": "https://ir.annexonbio.com/static-files/295313d5-60e6-4b9c-a459-70ed57feed51",
    "timestamp": "unknown"
  },
  {
    "title": "Tanruprubart: First-in-Kind Targeted Therapy for Guillain-Barr\u00e9 Syndrome. MB",
    "link": "https://ir.annexonbio.com/static-files/295313d5-60e6-4b9c-a459-70ed57feed51",
    "timestamp": "unknown"
  },
  {
    "title": "Tanruprubart: First-in-Kind Targeted Therapy for Guillain-Barr\u00e9 Syndrome. MB",
    "link": "https://ir.annexonbio.com/static-files/295313d5-60e6-4b9c-a459-70ed57feed51",
    "timestamp": "unknown"
  },
  {
    "title": "Tanruprubart: First-in-Kind Targeted Therapy for Guillain-Barr\u00e9 Syndrome. MB",
    "link": "https://ir.annexonbio.com/static-files/295313d5-60e6-4b9c-a459-70ed57feed51",
    "timestamp": "unknown"
  },
  {
    "title": "Tanruprubart: First-in-Kind Targeted Therapy for Guillain-Barr\u00e9 Syndrome. MB",
    "link": "https://ir.annexonbio.com/static-files/295313d5-60e6-4b9c-a459-70ed57feed51",
    "timestamp": "unknown"
  },
  {
    "title": "Tanruprubart: First-in-Kind Targeted Therapy for Guillain-Barr\u00e9 Syndrome. MB",
    "link": "https://ir.annexonbio.com/static-files/295313d5-60e6-4b9c-a459-70ed57feed51",
    "timestamp": "unknown"
  },
  {
    "title": "Tanruprubart: First-in-Kind Targeted Therapy for Guillain-Barr\u00e9 Syndrome. MB",
    "link": "https://ir.annexonbio.com/static-files/295313d5-60e6-4b9c-a459-70ed57feed51",
    "timestamp": "unknown"
  },
  {
    "title": "ANX1502 First in Human SAD / MAD Data OverviewMB",
    "link": "https://ir.annexonbio.com/static-files/6962afbb-18c8--ba5b-d6baa33703fd",
    "timestamp": "unknown"
  },
  {
    "title": "ANX1502 First in Human SAD / MAD Data OverviewMB",
    "link": "https://ir.annexonbio.com/static-files/6962afbb-18c8--ba5b-d6baa33703fd",
    "timestamp": "unknown"
  },
  {
    "title": "ANX1502 First in Human SAD / MAD Data OverviewMB",
    "link": "https://ir.annexonbio.com/static-files/6962afbb-18c8--ba5b-d6baa33703fd",
    "timestamp": "unknown"
  },
  {
    "title": "ANX1502 First in Human SAD / MAD Data OverviewMB",
    "link": "https://ir.annexonbio.com/static-files/6962afbb-18c8--ba5b-d6baa33703fd",
    "timestamp": "unknown"
  },
  {
    "title": "ANX1502 First in Human SAD / MAD Data OverviewMB",
    "link": "https://ir.annexonbio.com/static-files/6962afbb-18c8--ba5b-d6baa33703fd",
    "timestamp": "unknown"
  },
  {
    "title": "ANX1502 First in Human SAD / MAD Data OverviewMB",
    "link": "https://ir.annexonbio.com/static-files/6962afbb-18c8--ba5b-d6baa33703fd",
    "timestamp": "unknown"
  },
  {
    "title": "ANX1502 First in Human SAD / MAD Data OverviewMB",
    "link": "https://ir.annexonbio.com/static-files/6962afbb-18c8--ba5b-d6baa33703fd",
    "timestamp": "unknown"
  },
  {
    "title": "ANX1502 First in Human SAD / MAD Data OverviewMB",
    "link": "https://ir.annexonbio.com/static-files/6962afbb-18c8--ba5b-d6baa33703fd",
    "timestamp": "unknown"
  },
  {
    "title": "ANX1502 First in Human SAD / MAD Data OverviewMB",
    "link": "https://ir.annexonbio.com/static-files/6962afbb-18c8--ba5b-d6baa33703fd",
    "timestamp": "unknown"
  },
  {
    "title": "PrintIR ContactRSS FeedsEmail Alerts",
    "link": "javascript:window.print();",
    "timestamp": "unknown"
  },
  {
    "title": "PrintIR ContactRSS FeedsEmail Alerts",
    "link": "javascript:window.print();",
    "timestamp": "unknown"
  },
  {
    "title": "PrintIR ContactRSS FeedsEmail Alerts",
    "link": "javascript:window.print();",
    "timestamp": "unknown"
  },
  {
    "title": "Print",
    "link": "javascript:window.print();",
    "timestamp": "unknown"
  },
  {
    "title": "IR Contact",
    "link": "https://ir.annexonbio.com/contact-ir",
    "timestamp": "unknown"
  },
  {
    "title": "RSS Feeds",
    "link": "https://ir.annexonbio.com/shareholder-services/rss-feeds",
    "timestamp": "unknown"
  },
  {
    "title": "Email Alerts",
    "link": "https://ir.annexonbio.com/shareholder-services/email-alerts",
    "timestamp": "unknown"
  },
  {
    "title": "Contact Usinfo@annexonbio.com..Investors:investors@annexonbio.comMedia:Beth Keshishian--beth@bethkeshishian.comAnnexon BiosciencesSierra Point Parkway",
    "link": "mailto:info@annexonbio.com",
    "timestamp": "unknown"
  },
  {
    "title": "Contact Usinfo@annexonbio.com..Investors:investors@annexonbio.comMedia:Beth Keshishian--beth@bethkeshishian.com",
    "link": "mailto:info@annexonbio.com",
    "timestamp": "unknown"
  },
  {
    "title": "Contact Usinfo@annexonbio.com..Investors:investors@annexonbio.comMedia:Beth Keshishian--beth@bethkeshishian.com",
    "link": "mailto:info@annexonbio.com",
    "timestamp": "unknown"
  },
  {
    "title": "Contact Usinfo@annexonbio.com..Investors:investors@annexonbio.comMedia:Beth Keshishian--beth@bethkeshishian.com",
    "link": "mailto:info@annexonbio.com",
    "timestamp": "unknown"
  },
  {
    "title": "Contact Usinfo@annexonbio.com..Investors:investors@annexonbio.comMedia:Beth Keshishian--beth@bethkeshishian.com",
    "link": "mailto:info@annexonbio.com",
    "timestamp": "unknown"
  },
  {
    "title": "info@annexonbio.com..",
    "link": "mailto:info@annexonbio.com",
    "timestamp": "unknown"
  },
  {
    "title": "Investors:investors@annexonbio.com",
    "link": "mailto:investors@annexonbio.com",
    "timestamp": "unknown"
  },
  {
    "title": "Media:Beth Keshishian--beth@bethkeshishian.com",
    "link": "https://ir.annexonbio.com/events-and-presentations/beth@bethkeshishian.com",
    "timestamp": "unknown"
  },
  {
    "title": "Privacy PolicyTerms of Use\u00a9  Annexon Inc. All rights reserved.",
    "link": "https://annexonbio.com/privacy-policy/",
    "timestamp": "unknown"
  },
  {
    "title": "Privacy PolicyTerms of Use",
    "link": "https://annexonbio.com/privacy-policy/",
    "timestamp": "unknown"
  },
  {
    "title": "Privacy Policy",
    "link": "https://annexonbio.com/privacy-policy/",
    "timestamp": "unknown"
  },
  {
    "title": "Terms of Use",
    "link": "https://annexonbio.com/terms-of-use/",
    "timestamp": "unknown"
  }
]