[
  {
    "title": "AboutMissionHistoryLeadershipBoard of DirectorsScientific AdvisorsContactScienceOverviewPublicationsPipelineOverviewPatient AccessInvestors & MediaOve",
    "link": "https://annexonbio.com/",
    "timestamp": "unknown"
  },
  {
    "title": "AboutMissionHistoryLeadershipBoard of DirectorsScientific AdvisorsContactScienceOverviewPublicationsPipelineOverviewPatient AccessInvestors & MediaOve",
    "link": "https://annexonbio.com/",
    "timestamp": "unknown"
  },
  {
    "title": "AboutMissionHistoryLeadershipBoard of DirectorsScientific AdvisorsContactScienceOverviewPublicationsPipelineOverviewPatient AccessInvestors & MediaOve",
    "link": "https://annexonbio.com/",
    "timestamp": "unknown"
  },
  {
    "title": "AboutMissionHistoryLeadershipBoard of DirectorsScientific AdvisorsContactScienceOverviewPublicationsPipelineOverviewPatient AccessInvestors & MediaOve",
    "link": "https://annexonbio.com/about/",
    "timestamp": "unknown"
  },
  {
    "title": "AboutMissionHistoryLeadershipBoard of DirectorsScientific AdvisorsContact",
    "link": "https://annexonbio.com/about/",
    "timestamp": "unknown"
  },
  {
    "title": "MissionHistoryLeadershipBoard of DirectorsScientific AdvisorsContact",
    "link": "https://annexonbio.com/about/#mission",
    "timestamp": "unknown"
  },
  {
    "title": "ScienceOverviewPublications",
    "link": "https://annexonbio.com/science",
    "timestamp": "unknown"
  },
  {
    "title": "OverviewPublications",
    "link": "https://annexonbio.com/science",
    "timestamp": "unknown"
  },
  {
    "title": "PipelineOverviewPatient Access",
    "link": "https://annexonbio.com/pipeline",
    "timestamp": "unknown"
  },
  {
    "title": "OverviewPatient Access",
    "link": "https://annexonbio.com/pipeline/",
    "timestamp": "unknown"
  },
  {
    "title": "Investors & MediaOverviewNews ReleasesEvents and PresentationsAnnual Reports & Proxy StatementsCorporate GovernanceStock InformationAnalyst CoverageSE",
    "link": "https://ir.annexonbio.com/",
    "timestamp": "unknown"
  },
  {
    "title": "OverviewNews ReleasesEvents and PresentationsAnnual Reports & Proxy StatementsCorporate GovernanceStock InformationAnalyst CoverageSEC FilingsFAQsIR C",
    "link": "https://ir.annexonbio.com/",
    "timestamp": "unknown"
  },
  {
    "title": "CareersOverviewValuesOur CultureJob OpportunitiesOur Benefits",
    "link": "https://annexonbio.com/careers",
    "timestamp": "unknown"
  },
  {
    "title": "OverviewValuesOur CultureJob OpportunitiesOur Benefits",
    "link": "https://ir.annexonbio.com/financial-information/sec-filings",
    "timestamp": "unknown"
  },
  {
    "title": "Governance OverviewBoard of DirectorsLeadershipCommittee CompositionSEC FilingsGroup,,Annual FilingsCurrent ReportsMergers & AcquisitionsOtherProxy Fi",
    "link": "https://ir.annexonbio.com/corporate-governance/governance-overview",
    "timestamp": "unknown"
  },
  {
    "title": "Governance OverviewBoard of DirectorsLeadershipCommittee Composition",
    "link": "https://ir.annexonbio.com/corporate-governance/governance-overview",
    "timestamp": "unknown"
  },
  {
    "title": "Governance OverviewBoard of DirectorsLeadershipCommittee Composition",
    "link": "https://ir.annexonbio.com/corporate-governance/governance-overview",
    "timestamp": "unknown"
  },
  {
    "title": "Governance OverviewBoard of DirectorsLeadershipCommittee Composition",
    "link": "https://ir.annexonbio.com/corporate-governance/governance-overview",
    "timestamp": "unknown"
  },
  {
    "title": "Governance OverviewBoard of DirectorsLeadershipCommittee Composition",
    "link": "https://ir.annexonbio.com/corporate-governance/governance-overview",
    "timestamp": "unknown"
  },
  {
    "title": "Governance OverviewBoard of DirectorsLeadershipCommittee Composition",
    "link": "https://ir.annexonbio.com/corporate-governance/governance-overview",
    "timestamp": "unknown"
  },
  {
    "title": "Governance OverviewBoard of DirectorsLeadershipCommittee Composition",
    "link": "https://ir.annexonbio.com/corporate-governance/governance-overview",
    "timestamp": "unknown"
  },
  {
    "title": "Governance Overview",
    "link": "https://ir.annexonbio.com/corporate-governance/governance-overview",
    "timestamp": "unknown"
  },
  {
    "title": "Board of Directors",
    "link": "https://annexonbio.com/about/#bod",
    "timestamp": "unknown"
  },
  {
    "title": "Leadership",
    "link": "https://annexonbio.com/about/#leadership",
    "timestamp": "unknown"
  },
  {
    "title": "Committee Composition",
    "link": "https://ir.annexonbio.com/corporate-governance/committee-composition",
    "timestamp": "unknown"
  },
  {
    "title": "SEC FilingsGroup,,Annual FilingsCurrent ReportsMergers & AcquisitionsOtherProxy FilingsQuarterly FilingsRegistration StatementsFiling year- Any -Items",
    "link": "https://ir.annexonbio.com/financial-information/sec-filings?items_per_page=&order=field_nir_sec_date_filed&sort=asc",
    "timestamp": "unknown"
  },
  {
    "title": "SEC FilingsGroup,,Annual FilingsCurrent ReportsMergers & AcquisitionsOtherProxy FilingsQuarterly FilingsRegistration StatementsFiling year- Any -Items",
    "link": "https://ir.annexonbio.com/financial-information/sec-filings?items_per_page=&order=field_nir_sec_date_filed&sort=asc",
    "timestamp": "unknown"
  },
  {
    "title": "SEC FilingsGroup,,Annual FilingsCurrent ReportsMergers & AcquisitionsOtherProxy FilingsQuarterly FilingsRegistration StatementsFiling year- Any -Items",
    "link": "https://ir.annexonbio.com/financial-information/sec-filings?items_per_page=&order=field_nir_sec_date_filed&sort=asc",
    "timestamp": "unknown"
  },
  {
    "title": "SEC FilingsGroup,,Annual FilingsCurrent ReportsMergers & AcquisitionsOtherProxy FilingsQuarterly FilingsRegistration StatementsFiling year- Any -Items",
    "link": "https://ir.annexonbio.com/financial-information/sec-filings?items_per_page=&order=field_nir_sec_date_filed&sort=asc",
    "timestamp": "unknown"
  },
  {
    "title": "SEC FilingsGroup,,Annual FilingsCurrent ReportsMergers & AcquisitionsOtherProxy FilingsQuarterly FilingsRegistration StatementsFiling year- Any -Items",
    "link": "https://ir.annexonbio.com/financial-information/sec-filings?items_per_page=&order=field_nir_sec_date_filed&sort=asc",
    "timestamp": "unknown"
  },
  {
    "title": "Group,,Annual FilingsCurrent ReportsMergers & AcquisitionsOtherProxy FilingsQuarterly FilingsRegistration StatementsFiling year- Any -Items per pageFi",
    "link": "https://ir.annexonbio.com/financial-information/sec-filings?items_per_page=&order=field_nir_sec_date_filed&sort=asc",
    "timestamp": "unknown"
  },
  {
    "title": "Group,,Annual FilingsCurrent ReportsMergers & AcquisitionsOtherProxy FilingsQuarterly FilingsRegistration StatementsFiling year- Any -Items per pageFi",
    "link": "https://ir.annexonbio.com/financial-information/sec-filings?items_per_page=&order=field_nir_sec_date_filed&sort=asc",
    "timestamp": "unknown"
  },
  {
    "title": "Group,,Annual FilingsCurrent ReportsMergers & AcquisitionsOtherProxy FilingsQuarterly FilingsRegistration StatementsFiling year- Any -Items per pageFi",
    "link": "https://ir.annexonbio.com/financial-information/sec-filings?items_per_page=&order=field_nir_sec_date_filed&sort=asc",
    "timestamp": "unknown"
  },
  {
    "title": "Group,,Annual FilingsCurrent ReportsMergers & AcquisitionsOtherProxy FilingsQuarterly FilingsRegistration StatementsFiling year- Any -Items per pageFi",
    "link": "https://ir.annexonbio.com/financial-information/sec-filings?items_per_page=&order=field_nir_sec_date_filed&sort=asc",
    "timestamp": "unknown"
  },
  {
    "title": "Group,,Annual FilingsCurrent ReportsMergers & AcquisitionsOtherProxy FilingsQuarterly FilingsRegistration StatementsFiling year- Any -Items per pageFi",
    "link": "https://ir.annexonbio.com/financial-information/sec-filings?items_per_page=&order=field_nir_sec_date_filed&sort=asc",
    "timestamp": "unknown"
  },
  {
    "title": "Group,,Annual FilingsCurrent ReportsMergers & AcquisitionsOtherProxy FilingsQuarterly FilingsRegistration StatementsFiling year- Any -Items per pageFi",
    "link": "https://ir.annexonbio.com/financial-information/sec-filings?items_per_page=&order=field_nir_sec_date_filed&sort=asc",
    "timestamp": "unknown"
  },
  {
    "title": "Group,,Annual FilingsCurrent ReportsMergers & AcquisitionsOtherProxy FilingsQuarterly FilingsRegistration StatementsFiling year- Any -Items per pageFi",
    "link": "https://ir.annexonbio.com/financial-information/sec-filings?items_per_page=&order=field_nir_sec_date_filed&sort=asc",
    "timestamp": "unknown"
  },
  {
    "title": "Group,,Annual FilingsCurrent ReportsMergers & AcquisitionsOtherProxy FilingsQuarterly FilingsRegistration StatementsFiling year- Any -Items per pageFi",
    "link": "https://ir.annexonbio.com/financial-information/sec-filings?items_per_page=&order=field_nir_sec_date_filed&sort=asc",
    "timestamp": "unknown"
  },
  {
    "title": "Group,,Annual FilingsCurrent ReportsMergers & AcquisitionsOtherProxy FilingsQuarterly FilingsRegistration StatementsFiling year- Any -Items per pageFi",
    "link": "https://ir.annexonbio.com/financial-information/sec-filings?items_per_page=&order=field_nir_sec_date_filed&sort=asc",
    "timestamp": "unknown"
  },
  {
    "title": "Group,,Annual FilingsCurrent ReportsMergers & AcquisitionsOtherProxy FilingsQuarterly FilingsRegistration StatementsFiling year- Any -Items per pageFi",
    "link": "https://ir.annexonbio.com/financial-information/sec-filings?items_per_page=&order=field_nir_sec_date_filed&sort=asc",
    "timestamp": "unknown"
  },
  {
    "title": "Group,,Annual FilingsCurrent ReportsMergers & AcquisitionsOtherProxy FilingsQuarterly FilingsRegistration StatementsFiling year- Any -Items per pageFi",
    "link": "https://ir.annexonbio.com/financial-information/sec-filings?items_per_page=&order=field_nir_sec_date_filed&sort=asc",
    "timestamp": "unknown"
  },
  {
    "title": "Group,,Annual FilingsCurrent ReportsMergers & AcquisitionsOtherProxy FilingsQuarterly FilingsRegistration StatementsFiling year- Any -Items per pageFi",
    "link": "https://ir.annexonbio.com/financial-information/sec-filings?items_per_page=&order=field_nir_sec_date_filed&sort=asc",
    "timestamp": "unknown"
  },
  {
    "title": "Group,,Annual FilingsCurrent ReportsMergers & AcquisitionsOtherProxy FilingsQuarterly FilingsRegistration StatementsFiling year- Any -Items per pageFi",
    "link": "https://ir.annexonbio.com/financial-information/sec-filings?items_per_page=&order=field_nir_sec_date_filed&sort=asc",
    "timestamp": "unknown"
  },
  {
    "title": "Group,,Annual FilingsCurrent ReportsMergers & AcquisitionsOtherProxy FilingsQuarterly FilingsRegistration StatementsFiling year- Any -Items per pageFi",
    "link": "https://ir.annexonbio.com/financial-information/sec-filings?items_per_page=&order=field_nir_sec_date_filed&sort=asc",
    "timestamp": "unknown"
  },
  {
    "title": "Group,,Annual FilingsCurrent ReportsMergers & AcquisitionsOtherProxy FilingsQuarterly FilingsRegistration StatementsFiling year- Any -Items per pageFi",
    "link": "https://ir.annexonbio.com/financial-information/sec-filings?items_per_page=&order=field_nir_sec_date_filed&sort=asc",
    "timestamp": "unknown"
  },
  {
    "title": "Filing dateDescriptionFormFiling GroupViewOct ,Statement of changes in beneficial ownership of securities,,--.pdf--.rtf--.xlsView HTMLOct ,SCHEDULE 13",
    "link": "https://ir.annexonbio.com/financial-information/sec-filings?items_per_page=&order=field_nir_sec_date_filed&sort=asc",
    "timestamp": "unknown"
  },
  {
    "title": "Filing dateDescriptionFormFiling GroupView",
    "link": "https://ir.annexonbio.com/financial-information/sec-filings?items_per_page=&order=field_nir_sec_date_filed&sort=asc",
    "timestamp": "unknown"
  },
  {
    "title": "Oct ,Statement of changes in beneficial ownership of securities,,--.pdf--.rtf--.xlsView HTML",
    "link": "https://ir.annexonbio.com/sec-filings/sec-filing//--",
    "timestamp": "unknown"
  },
  {
    "title": "--.pdf",
    "link": "https://ir.annexonbio.com/static-files/a2c14d6f-21be--8f68-5e11ec1a19cb",
    "timestamp": "unknown"
  },
  {
    "title": "--.rtf",
    "link": "https://ir.annexonbio.com/static-files/4114a9df-9fe4-4e36-abbd-ae28aa7fb49e",
    "timestamp": "unknown"
  },
  {
    "title": "--.xls",
    "link": "https://ir.annexonbio.com/static-files/b6c0c953-72ae-4a42-a61b-fe10856e741e",
    "timestamp": "unknown"
  },
  {
    "title": "Oct ,SCHEDULE 13G - DescriptionSCHEDULE 13GOther--.pdf--.rtf--.xlsView HTML",
    "link": "https://ir.annexonbio.com/sec-filings/sec-filing/schedule-13g/--",
    "timestamp": "unknown"
  },
  {
    "title": "--.pdf",
    "link": "https://ir.annexonbio.com/static-files/a7d38248-d469-4f61-8c5e-77d258218598",
    "timestamp": "unknown"
  },
  {
    "title": "--.rtf",
    "link": "https://ir.annexonbio.com/static-files/884e91c2-ee62--8eee-275ec3543bac",
    "timestamp": "unknown"
  },
  {
    "title": "--.xls",
    "link": "https://ir.annexonbio.com/static-files/345d02bd-ff57-4df0-80fd-9f722a96d6c9",
    "timestamp": "unknown"
  },
  {
    "title": "Oct ,Statement of changes in beneficial ownership of securities,,--.pdf--.rtf--.xlsView HTML",
    "link": "https://ir.annexonbio.com/sec-filings/sec-filing//--",
    "timestamp": "unknown"
  },
  {
    "title": "--.pdf",
    "link": "https://ir.annexonbio.com/static-files/0cc5cb94-9e46-4e33-9b56-8a732329ba37",
    "timestamp": "unknown"
  },
  {
    "title": "--.rtf",
    "link": "https://ir.annexonbio.com/static-files/26e73451-09ce-44f6-a4ea-d59c678e6d12",
    "timestamp": "unknown"
  },
  {
    "title": "--.xls",
    "link": "https://ir.annexonbio.com/static-files/0ad84c7b-470f-4e00-829f-e3f059a958f3",
    "timestamp": "unknown"
  },
  {
    "title": "Sep ,Statement of changes in beneficial ownership of securities,,--.pdf--.rtf--.xlsView HTML",
    "link": "https://ir.annexonbio.com/sec-filings/sec-filing//--",
    "timestamp": "unknown"
  },
  {
    "title": "--.pdf",
    "link": "https://ir.annexonbio.com/static-files/1dc23f14-b8a0-44d7-898b-303e063d9f80",
    "timestamp": "unknown"
  },
  {
    "title": "--.rtf",
    "link": "https://ir.annexonbio.com/static-files/912c87e6-29ef-43cf-bc56-a29fde0dc289",
    "timestamp": "unknown"
  },
  {
    "title": "--.xls",
    "link": "https://ir.annexonbio.com/static-files/353f08cf-ff1b--b8be-af21c2f2c0ce",
    "timestamp": "unknown"
  },
  {
    "title": "Aug ,SCHEDULE 13G/A - DescriptionSCHEDULE 13G/AOther--.pdf--.rtf--.xlsView HTML",
    "link": "https://ir.annexonbio.com/sec-filings/sec-filing/schedule-13ga/--",
    "timestamp": "unknown"
  },
  {
    "title": "--.pdf",
    "link": "https://ir.annexonbio.com/static-files/6e246436--4cfb-a50b-2ef9d30368f3",
    "timestamp": "unknown"
  },
  {
    "title": "--.rtf",
    "link": "https://ir.annexonbio.com/static-files/41df3ca4-c5e1-4c23-848f-c39b57e461d5",
    "timestamp": "unknown"
  },
  {
    "title": "--.xls",
    "link": "https://ir.annexonbio.com/static-files/--42b0-9c92-848f51d076ce",
    "timestamp": "unknown"
  },
  {
    "title": "Aug ,Report of unscheduled material events or corporate event-KCurrent Reports--.pdf--.rtf--.xlsEX-.SCH - XBRL TAXONOMY EXTENSION SCHEMAView HTML",
    "link": "https://ir.annexonbio.com/sec-filings/sec-filing/-k/--",
    "timestamp": "unknown"
  },
  {
    "title": "--.pdf",
    "link": "https://ir.annexonbio.com/static-files/25c638dd-bcb9--88f5-d42a8eb93a10",
    "timestamp": "unknown"
  },
  {
    "title": "--.rtf",
    "link": "https://ir.annexonbio.com/static-files/f626ae38-a114--b900-fc7e987c1e4f",
    "timestamp": "unknown"
  },
  {
    "title": "--.xls",
    "link": "https://ir.annexonbio.com/static-files/4867ff9d-6e6d-4cfd-ab3d-bcf5f7eba29d",
    "timestamp": "unknown"
  },
  {
    "title": "Aug ,Quarterly report which provides a continuing view of a company's financial position-QQuarterly Filings--.pdf--.rtf--.xlsEX-.SCH - XBRL TAXONOMY E",
    "link": "https://ir.annexonbio.com/sec-filings/sec-filing/-q/--",
    "timestamp": "unknown"
  },
  {
    "title": "--.pdf",
    "link": "https://ir.annexonbio.com/static-files/71a99675-ce73-4b71-81d6-928d30199d9b",
    "timestamp": "unknown"
  },
  {
    "title": "--.rtf",
    "link": "https://ir.annexonbio.com/static-files/112a341f-e488-4de9-a590-adf8cd29d327",
    "timestamp": "unknown"
  },
  {
    "title": "--.xls",
    "link": "https://ir.annexonbio.com/static-files/b807856f-ef58--a862-a03775be7301",
    "timestamp": "unknown"
  },
  {
    "title": "Aug ,SCHEDULE 13G/A - DescriptionSCHEDULE 13G/AOther--.pdf--.rtf--.xlsView HTML",
    "link": "https://ir.annexonbio.com/sec-filings/sec-filing/schedule-13ga/--",
    "timestamp": "unknown"
  },
  {
    "title": "--.pdf",
    "link": "https://ir.annexonbio.com/static-files/9ba3bd2e-afc4-422e-92c3-8b569f65c583",
    "timestamp": "unknown"
  },
  {
    "title": "--.rtf",
    "link": "https://ir.annexonbio.com/static-files/1894f9eb-da99--aa42-4d01537e286e",
    "timestamp": "unknown"
  },
  {
    "title": "--.xls",
    "link": "https://ir.annexonbio.com/static-files/4011ce1b-fa97-4f9f--95e0ebd9e659",
    "timestamp": "unknown"
  },
  {
    "title": "Aug ,Statement of changes in beneficial ownership of securities,,--.pdf--.rtf--.xlsView HTML",
    "link": "https://ir.annexonbio.com/sec-filings/sec-filing//--",
    "timestamp": "unknown"
  },
  {
    "title": "--.pdf",
    "link": "https://ir.annexonbio.com/static-files/10bcafe2-ab40-469c-a44d-cced16fa6a5d",
    "timestamp": "unknown"
  },
  {
    "title": "--.rtf",
    "link": "https://ir.annexonbio.com/static-files/69a6d0e4-c589-42af-a69d-bdb87734efc6",
    "timestamp": "unknown"
  },
  {
    "title": "--.xls",
    "link": "https://ir.annexonbio.com/static-files/acdacb01-2c32-441b-9e52-d3eb7e8c415b",
    "timestamp": "unknown"
  },
  {
    "title": "Jul ,Statement of changes in beneficial ownership of securities,,--.pdf--.rtf--.xlsView HTML",
    "link": "https://ir.annexonbio.com/sec-filings/sec-filing//--",
    "timestamp": "unknown"
  },
  {
    "title": "--.pdf",
    "link": "https://ir.annexonbio.com/static-files/057211d0---bab2-0aff34ef4ca9",
    "timestamp": "unknown"
  },
  {
    "title": "--.rtf",
    "link": "https://ir.annexonbio.com/static-files/44dae253-4acb--adf3-7065916202e6",
    "timestamp": "unknown"
  },
  {
    "title": "--.xls",
    "link": "https://ir.annexonbio.com/static-files/3dc85db7-dc19--bdaf-4e44305672a1",
    "timestamp": "unknown"
  },
  {
    "title": "Current page",
    "link": "https://ir.annexonbio.com/financial-information/sec-filings?&field_nir_sec_cik_target_id=&field_nir_sec_date_filed_value=&&&items_per_page_toggle=&page=",
    "timestamp": "unknown"
  },
  {
    "title": "Page",
    "link": "https://ir.annexonbio.com/financial-information/sec-filings?&field_nir_sec_cik_target_id=&field_nir_sec_date_filed_value=&&&items_per_page_toggle=&page=",
    "timestamp": "unknown"
  },
  {
    "title": "Page",
    "link": "https://ir.annexonbio.com/financial-information/sec-filings?&field_nir_sec_cik_target_id=&field_nir_sec_date_filed_value=&&&items_per_page_toggle=&page=",
    "timestamp": "unknown"
  },
  {
    "title": "Page",
    "link": "https://ir.annexonbio.com/financial-information/sec-filings?&field_nir_sec_cik_target_id=&field_nir_sec_date_filed_value=&&&items_per_page_toggle=&page=",
    "timestamp": "unknown"
  },
  {
    "title": "Page",
    "link": "https://ir.annexonbio.com/financial-information/sec-filings?&field_nir_sec_cik_target_id=&field_nir_sec_date_filed_value=&&&items_per_page_toggle=&page=",
    "timestamp": "unknown"
  },
  {
    "title": "Page",
    "link": "https://ir.annexonbio.com/financial-information/sec-filings?&field_nir_sec_cik_target_id=&field_nir_sec_date_filed_value=&&&items_per_page_toggle=&page=",
    "timestamp": "unknown"
  },
  {
    "title": "Page",
    "link": "https://ir.annexonbio.com/financial-information/sec-filings?&field_nir_sec_cik_target_id=&field_nir_sec_date_filed_value=&&&items_per_page_toggle=&page=",
    "timestamp": "unknown"
  },
  {
    "title": "Page",
    "link": "https://ir.annexonbio.com/financial-information/sec-filings?&field_nir_sec_cik_target_id=&field_nir_sec_date_filed_value=&&&items_per_page_toggle=&page=",
    "timestamp": "unknown"
  },
  {
    "title": "Page",
    "link": "https://ir.annexonbio.com/financial-information/sec-filings?&field_nir_sec_cik_target_id=&field_nir_sec_date_filed_value=&&&items_per_page_toggle=&page=",
    "timestamp": "unknown"
  },
  {
    "title": "Next pageNext \u203a",
    "link": "https://ir.annexonbio.com/financial-information/sec-filings?&field_nir_sec_cik_target_id=&field_nir_sec_date_filed_value=&&&items_per_page_toggle=&page=",
    "timestamp": "unknown"
  },
  {
    "title": "Last pageLast \u00bb",
    "link": "https://ir.annexonbio.com/financial-information/sec-filings?&field_nir_sec_cik_target_id=&field_nir_sec_date_filed_value=&&&items_per_page_toggle=&page=",
    "timestamp": "unknown"
  },
  {
    "title": "Data provided byKaleidoscope.",
    "link": "https://www.kscope.io",
    "timestamp": "unknown"
  },
  {
    "title": "Data provided byKaleidoscope.",
    "link": "https://www.kscope.io",
    "timestamp": "unknown"
  },
  {
    "title": "News ResourcesRSS FeedsEmail Alerts",
    "link": "https://ir.annexonbio.com/shareholder-services/rss-feeds",
    "timestamp": "unknown"
  },
  {
    "title": "News ResourcesRSS FeedsEmail Alerts",
    "link": "https://ir.annexonbio.com/shareholder-services/rss-feeds",
    "timestamp": "unknown"
  },
  {
    "title": "News ResourcesRSS FeedsEmail Alerts",
    "link": "https://ir.annexonbio.com/shareholder-services/rss-feeds",
    "timestamp": "unknown"
  },
  {
    "title": "News ResourcesRSS FeedsEmail Alerts",
    "link": "https://ir.annexonbio.com/shareholder-services/rss-feeds",
    "timestamp": "unknown"
  },
  {
    "title": "News ResourcesRSS FeedsEmail Alerts",
    "link": "https://ir.annexonbio.com/shareholder-services/rss-feeds",
    "timestamp": "unknown"
  },
  {
    "title": "News ResourcesRSS FeedsEmail Alerts",
    "link": "https://ir.annexonbio.com/shareholder-services/rss-feeds",
    "timestamp": "unknown"
  },
  {
    "title": "News ResourcesRSS FeedsEmail Alerts",
    "link": "https://ir.annexonbio.com/shareholder-services/rss-feeds",
    "timestamp": "unknown"
  },
  {
    "title": "RSS Feeds",
    "link": "https://ir.annexonbio.com/shareholder-services/rss-feeds",
    "timestamp": "unknown"
  },
  {
    "title": "Email Alerts",
    "link": "https://ir.annexonbio.com/shareholder-services/email-alerts",
    "timestamp": "unknown"
  },
  {
    "title": "PrintIR ContactRSS FeedsEmail Alerts",
    "link": "javascript:window.print();",
    "timestamp": "unknown"
  },
  {
    "title": "PrintIR ContactRSS FeedsEmail Alerts",
    "link": "javascript:window.print();",
    "timestamp": "unknown"
  },
  {
    "title": "PrintIR ContactRSS FeedsEmail Alerts",
    "link": "javascript:window.print();",
    "timestamp": "unknown"
  },
  {
    "title": "Print",
    "link": "javascript:window.print();",
    "timestamp": "unknown"
  },
  {
    "title": "IR Contact",
    "link": "https://ir.annexonbio.com/contact-ir",
    "timestamp": "unknown"
  },
  {
    "title": "RSS Feeds",
    "link": "https://ir.annexonbio.com/shareholder-services/rss-feeds",
    "timestamp": "unknown"
  },
  {
    "title": "Email Alerts",
    "link": "https://ir.annexonbio.com/shareholder-services/email-alerts",
    "timestamp": "unknown"
  },
  {
    "title": "Contact Usinfo@annexonbio.com..Investors:investors@annexonbio.comMedia:Beth Keshishian--beth@bethkeshishian.comAnnexon BiosciencesSierra Point Parkway",
    "link": "mailto:info@annexonbio.com",
    "timestamp": "unknown"
  },
  {
    "title": "Contact Usinfo@annexonbio.com..Investors:investors@annexonbio.comMedia:Beth Keshishian--beth@bethkeshishian.com",
    "link": "mailto:info@annexonbio.com",
    "timestamp": "unknown"
  },
  {
    "title": "Contact Usinfo@annexonbio.com..Investors:investors@annexonbio.comMedia:Beth Keshishian--beth@bethkeshishian.com",
    "link": "mailto:info@annexonbio.com",
    "timestamp": "unknown"
  },
  {
    "title": "Contact Usinfo@annexonbio.com..Investors:investors@annexonbio.comMedia:Beth Keshishian--beth@bethkeshishian.com",
    "link": "mailto:info@annexonbio.com",
    "timestamp": "unknown"
  },
  {
    "title": "Contact Usinfo@annexonbio.com..Investors:investors@annexonbio.comMedia:Beth Keshishian--beth@bethkeshishian.com",
    "link": "mailto:info@annexonbio.com",
    "timestamp": "unknown"
  },
  {
    "title": "info@annexonbio.com..",
    "link": "mailto:info@annexonbio.com",
    "timestamp": "unknown"
  },
  {
    "title": "Investors:investors@annexonbio.com",
    "link": "mailto:investors@annexonbio.com",
    "timestamp": "unknown"
  },
  {
    "title": "Media:Beth Keshishian--beth@bethkeshishian.com",
    "link": "https://ir.annexonbio.com/financial-information/beth@bethkeshishian.com",
    "timestamp": "unknown"
  },
  {
    "title": "Privacy PolicyTerms of Use\u00a9  Annexon Inc. All rights reserved.",
    "link": "https://annexonbio.com/privacy-policy/",
    "timestamp": "unknown"
  },
  {
    "title": "Privacy PolicyTerms of Use",
    "link": "https://annexonbio.com/privacy-policy/",
    "timestamp": "unknown"
  },
  {
    "title": "Privacy Policy",
    "link": "https://annexonbio.com/privacy-policy/",
    "timestamp": "unknown"
  },
  {
    "title": "Terms of Use",
    "link": "https://annexonbio.com/terms-of-use/",
    "timestamp": "unknown"
  }
]