[
  {
    "title": "Healthcare ProvidersFor PatientsAbout UsWho We AreOur TeamBoard of DirectorsCorporate GivingOur ScienceOur ScienceOur PipelineClinical TrialsFocus Are",
    "link": "https://apellis.com/",
    "timestamp": "unknown"
  },
  {
    "title": "Healthcare ProvidersFor PatientsAbout UsWho We AreOur TeamBoard of DirectorsCorporate GivingOur ScienceOur ScienceOur PipelineClinical TrialsFocus Are",
    "link": "https://apellis.com/",
    "timestamp": "unknown"
  },
  {
    "title": "Healthcare ProvidersFor PatientsAbout UsWho We AreOur TeamBoard of DirectorsCorporate GivingOur ScienceOur ScienceOur PipelineClinical TrialsFocus Are",
    "link": "https://apellismedicalhub.com/",
    "timestamp": "unknown"
  },
  {
    "title": "Healthcare Providers",
    "link": "https://apellismedicalhub.com/",
    "timestamp": "unknown"
  },
  {
    "title": "For Patients",
    "link": "https://apellis.com/for-patients/",
    "timestamp": "unknown"
  },
  {
    "title": "About UsWho We AreOur TeamBoard of DirectorsCorporate Giving",
    "link": "https://apellis.com/about-us/who-we-are/",
    "timestamp": "unknown"
  },
  {
    "title": "Who We Are",
    "link": "https://apellis.com/about-us/who-we-are/",
    "timestamp": "unknown"
  },
  {
    "title": "Our Team",
    "link": "https://apellis.com/about-us/our-team/",
    "timestamp": "unknown"
  },
  {
    "title": "Board of Directors",
    "link": "https://apellis.com/about-us/board-of-directors/",
    "timestamp": "unknown"
  },
  {
    "title": "Corporate Giving",
    "link": "https://apellis.com/about-us/corporate-giving/",
    "timestamp": "unknown"
  },
  {
    "title": "Our ScienceOur ScienceOur PipelineClinical Trials",
    "link": "https://apellis.com/our-science/science-of-c3/",
    "timestamp": "unknown"
  },
  {
    "title": "Our Science",
    "link": "https://apellis.com/our-science/science-of-c3/",
    "timestamp": "unknown"
  },
  {
    "title": "Our Pipeline",
    "link": "https://apellis.com/our-science/our-pipeline/",
    "timestamp": "unknown"
  },
  {
    "title": "Clinical Trials",
    "link": "https://apellis.com/our-science/clinical-trials/",
    "timestamp": "unknown"
  },
  {
    "title": "Focus AreasOphthalmologyRare DiseaseResearch",
    "link": "https://apellis.com/focus-areas/",
    "timestamp": "unknown"
  },
  {
    "title": "Ophthalmology",
    "link": "https://apellis.com/focus-areas/ophthalmology/",
    "timestamp": "unknown"
  },
  {
    "title": "Rare Disease",
    "link": "https://apellis.com/focus-areas/rare-disease/",
    "timestamp": "unknown"
  },
  {
    "title": "Research",
    "link": "https://apellis.com/focus-areas/research/",
    "timestamp": "unknown"
  },
  {
    "title": "Our Products",
    "link": "https://apellis.com/our-products/",
    "timestamp": "unknown"
  },
  {
    "title": "CareersOur CultureBenefitsOpen Positions",
    "link": "https://apellis.com/careers/our-culture/",
    "timestamp": "unknown"
  },
  {
    "title": "Our Culture",
    "link": "https://apellis.com/careers/our-culture/",
    "timestamp": "unknown"
  },
  {
    "title": "Benefits",
    "link": "https://apellis.com/careers/benefits/",
    "timestamp": "unknown"
  },
  {
    "title": "Open Positions",
    "link": "https://apellis.com/careers/open-positions/",
    "timestamp": "unknown"
  },
  {
    "title": "Investors & MediaOverviewStock InformationNews ReleasesEvents & PresentationsCorporate GovernanceFinancials & FilingsInvestor FAQsInvestor Resources",
    "link": "https://investors.apellis.com/",
    "timestamp": "unknown"
  },
  {
    "title": "Overview",
    "link": "https://investors.apellis.com/",
    "timestamp": "unknown"
  },
  {
    "title": "Stock Information",
    "link": "https://investors.apellis.com/stock-information",
    "timestamp": "unknown"
  },
  {
    "title": "News Releases",
    "link": "https://investors.apellis.com/news-releases",
    "timestamp": "unknown"
  },
  {
    "title": "Events & Presentations",
    "link": "https://investors.apellis.com/events-and-presentations",
    "timestamp": "unknown"
  },
  {
    "title": "Corporate Governance",
    "link": "https://investors.apellis.com/corporate-governance",
    "timestamp": "unknown"
  },
  {
    "title": "Financials & Filings",
    "link": "https://investors.apellis.com/financial-and-filings",
    "timestamp": "unknown"
  },
  {
    "title": "Investor FAQs",
    "link": "https://investors.apellis.com/investor-faqs",
    "timestamp": "unknown"
  },
  {
    "title": "Investor Resources",
    "link": "https://investors.apellis.com/investor-resources",
    "timestamp": "unknown"
  },
  {
    "title": "About UsWho We AreOur TeamBoard of DirectorsCorporate GivingOur ScienceOur ScienceOur PipelineClinical TrialsFocus AreasOphthalmologyRare DiseaseResea",
    "link": "https://apellis.com/about-us/who-we-are/",
    "timestamp": "unknown"
  },
  {
    "title": "About UsWho We AreOur TeamBoard of DirectorsCorporate GivingOur ScienceOur ScienceOur PipelineClinical TrialsFocus AreasOphthalmologyRare DiseaseResea",
    "link": "https://apellis.com/about-us/who-we-are/",
    "timestamp": "unknown"
  },
  {
    "title": "About UsWho We AreOur TeamBoard of DirectorsCorporate Giving",
    "link": "https://apellis.com/about-us/who-we-are/",
    "timestamp": "unknown"
  },
  {
    "title": "Who We Are",
    "link": "https://apellis.com/about-us/who-we-are/",
    "timestamp": "unknown"
  },
  {
    "title": "Our Team",
    "link": "https://apellis.com/about-us/our-team/",
    "timestamp": "unknown"
  },
  {
    "title": "Board of Directors",
    "link": "https://apellis.com/about-us/board-of-directors/",
    "timestamp": "unknown"
  },
  {
    "title": "Corporate Giving",
    "link": "https://apellis.com/about-us/corporate-giving/",
    "timestamp": "unknown"
  },
  {
    "title": "Our ScienceOur ScienceOur PipelineClinical Trials",
    "link": "https://apellis.com/our-science/science-of-c3/",
    "timestamp": "unknown"
  },
  {
    "title": "Our Science",
    "link": "https://apellis.com/our-science/science-of-c3/",
    "timestamp": "unknown"
  },
  {
    "title": "Our Pipeline",
    "link": "https://apellis.com/our-science/our-pipeline/",
    "timestamp": "unknown"
  },
  {
    "title": "Clinical Trials",
    "link": "https://apellis.com/our-science/clinical-trials/",
    "timestamp": "unknown"
  },
  {
    "title": "Focus AreasOphthalmologyRare DiseaseResearch",
    "link": "https://apellis.com/focus-areas/",
    "timestamp": "unknown"
  },
  {
    "title": "Ophthalmology",
    "link": "https://apellis.com/focus-areas/ophthalmology/",
    "timestamp": "unknown"
  },
  {
    "title": "Rare Disease",
    "link": "https://apellis.com/focus-areas/rare-disease/",
    "timestamp": "unknown"
  },
  {
    "title": "Research",
    "link": "https://apellis.com/focus-areas/research/",
    "timestamp": "unknown"
  },
  {
    "title": "Our Products",
    "link": "https://apellis.com/our-products/",
    "timestamp": "unknown"
  },
  {
    "title": "CareersOur CultureBenefitsOpen Positions",
    "link": "https://apellis.com/careers/our-culture/",
    "timestamp": "unknown"
  },
  {
    "title": "Our Culture",
    "link": "https://apellis.com/careers/our-culture/",
    "timestamp": "unknown"
  },
  {
    "title": "Benefits",
    "link": "https://apellis.com/careers/benefits/",
    "timestamp": "unknown"
  },
  {
    "title": "Open Positions",
    "link": "https://apellis.com/careers/open-positions/",
    "timestamp": "unknown"
  },
  {
    "title": "Investors & MediaOverviewStock InformationNews ReleasesEvents & PresentationsCorporate GovernanceFinancials & FilingsInvestor FAQsInvestor Resources",
    "link": "https://investors.apellis.com/",
    "timestamp": "unknown"
  },
  {
    "title": "Overview",
    "link": "https://investors.apellis.com/",
    "timestamp": "unknown"
  },
  {
    "title": "Stock Information",
    "link": "https://investors.apellis.com/stock-information",
    "timestamp": "unknown"
  },
  {
    "title": "News Releases",
    "link": "https://investors.apellis.com/news-releases",
    "timestamp": "unknown"
  },
  {
    "title": "Events & Presentations",
    "link": "https://investors.apellis.com/events-and-presentations",
    "timestamp": "unknown"
  },
  {
    "title": "Corporate Governance",
    "link": "https://investors.apellis.com/corporate-governance",
    "timestamp": "unknown"
  },
  {
    "title": "Financials & Filings",
    "link": "https://investors.apellis.com/financial-and-filings",
    "timestamp": "unknown"
  },
  {
    "title": "Investor FAQs",
    "link": "https://investors.apellis.com/investor-faqs",
    "timestamp": "unknown"
  },
  {
    "title": "Investor Resources",
    "link": "https://investors.apellis.com/investor-resources",
    "timestamp": "unknown"
  },
  {
    "title": "Healthcare Providers",
    "link": "https://apellismedicalhub.com/",
    "timestamp": "unknown"
  },
  {
    "title": "For Patients",
    "link": "https://apellis.com/for-patients/",
    "timestamp": "unknown"
  },
  {
    "title": "Upcoming EventsMore events are coming soon.PresentationsAugust ,Second Quarter  Earnings Presentation. MBMay ,First Quarter  Earnings PresentationMBFe",
    "link": "https://investors.apellis.com/static-files/9b0c0bda---b25e-8477ff9d9d6e",
    "timestamp": "unknown"
  },
  {
    "title": "Upcoming EventsMore events are coming soon.PresentationsAugust ,Second Quarter  Earnings Presentation. MBMay ,First Quarter  Earnings PresentationMBFe",
    "link": "https://investors.apellis.com/static-files/9b0c0bda---b25e-8477ff9d9d6e",
    "timestamp": "unknown"
  },
  {
    "title": "Upcoming EventsMore events are coming soon.PresentationsAugust ,Second Quarter  Earnings Presentation. MBMay ,First Quarter  Earnings PresentationMBFe",
    "link": "https://investors.apellis.com/static-files/9b0c0bda---b25e-8477ff9d9d6e",
    "timestamp": "unknown"
  },
  {
    "title": "Upcoming EventsMore events are coming soon.PresentationsAugust ,Second Quarter  Earnings Presentation. MBMay ,First Quarter  Earnings PresentationMBFe",
    "link": "https://investors.apellis.com/static-files/9b0c0bda---b25e-8477ff9d9d6e",
    "timestamp": "unknown"
  },
  {
    "title": "PresentationsAugust ,Second Quarter  Earnings Presentation. MBMay ,First Quarter  Earnings PresentationMBFebruary ,Fourth Quarter and Year End  Earnin",
    "link": "https://investors.apellis.com/static-files/9b0c0bda---b25e-8477ff9d9d6e",
    "timestamp": "unknown"
  },
  {
    "title": "PresentationsAugust ,Second Quarter  Earnings Presentation. MBMay ,First Quarter  Earnings PresentationMBFebruary ,Fourth Quarter and Year End  Earnin",
    "link": "https://investors.apellis.com/static-files/9b0c0bda---b25e-8477ff9d9d6e",
    "timestamp": "unknown"
  },
  {
    "title": "PresentationsAugust ,Second Quarter  Earnings Presentation. MBMay ,First Quarter  Earnings PresentationMBFebruary ,Fourth Quarter and Year End  Earnin",
    "link": "https://investors.apellis.com/static-files/9b0c0bda---b25e-8477ff9d9d6e",
    "timestamp": "unknown"
  },
  {
    "title": "PresentationsAugust ,Second Quarter  Earnings Presentation. MBMay ,First Quarter  Earnings PresentationMBFebruary ,Fourth Quarter and Year End  Earnin",
    "link": "https://investors.apellis.com/static-files/9b0c0bda---b25e-8477ff9d9d6e",
    "timestamp": "unknown"
  },
  {
    "title": "PresentationsAugust ,Second Quarter  Earnings Presentation. MBMay ,First Quarter  Earnings PresentationMBFebruary ,Fourth Quarter and Year End  Earnin",
    "link": "https://investors.apellis.com/static-files/9b0c0bda---b25e-8477ff9d9d6e",
    "timestamp": "unknown"
  },
  {
    "title": "PresentationsAugust ,Second Quarter  Earnings Presentation. MBMay ,First Quarter  Earnings PresentationMBFebruary ,Fourth Quarter and Year End  Earnin",
    "link": "https://investors.apellis.com/static-files/9b0c0bda---b25e-8477ff9d9d6e",
    "timestamp": "unknown"
  },
  {
    "title": "PresentationsAugust ,Second Quarter  Earnings Presentation. MBMay ,First Quarter  Earnings PresentationMBFebruary ,Fourth Quarter and Year End  Earnin",
    "link": "https://investors.apellis.com/static-files/9b0c0bda---b25e-8477ff9d9d6e",
    "timestamp": "unknown"
  },
  {
    "title": "August ,Second Quarter  Earnings Presentation. MBMay ,First Quarter  Earnings PresentationMBFebruary ,Fourth Quarter and Year End  Earnings Presentati",
    "link": "https://investors.apellis.com/static-files/9b0c0bda---b25e-8477ff9d9d6e",
    "timestamp": "unknown"
  },
  {
    "title": "August ,Second Quarter  Earnings Presentation. MBMay ,First Quarter  Earnings PresentationMBFebruary ,Fourth Quarter and Year End  Earnings Presentati",
    "link": "https://investors.apellis.com/static-files/9b0c0bda---b25e-8477ff9d9d6e",
    "timestamp": "unknown"
  },
  {
    "title": "August ,Second Quarter  Earnings Presentation. MB",
    "link": "https://investors.apellis.com/static-files/9b0c0bda---b25e-8477ff9d9d6e",
    "timestamp": "unknown"
  },
  {
    "title": "August ,Second Quarter  Earnings Presentation. MB",
    "link": "https://investors.apellis.com/static-files/9b0c0bda---b25e-8477ff9d9d6e",
    "timestamp": "unknown"
  },
  {
    "title": "August ,Second Quarter  Earnings Presentation. MB",
    "link": "https://investors.apellis.com/static-files/9b0c0bda---b25e-8477ff9d9d6e",
    "timestamp": "unknown"
  },
  {
    "title": "August ,Second Quarter  Earnings Presentation. MB",
    "link": "https://investors.apellis.com/static-files/9b0c0bda---b25e-8477ff9d9d6e",
    "timestamp": "unknown"
  },
  {
    "title": "Second Quarter  Earnings Presentation. MB",
    "link": "https://investors.apellis.com/static-files/9b0c0bda---b25e-8477ff9d9d6e",
    "timestamp": "unknown"
  },
  {
    "title": "Second Quarter  Earnings Presentation. MB",
    "link": "https://investors.apellis.com/static-files/9b0c0bda---b25e-8477ff9d9d6e",
    "timestamp": "unknown"
  },
  {
    "title": "Second Quarter  Earnings Presentation. MB",
    "link": "https://investors.apellis.com/static-files/9b0c0bda---b25e-8477ff9d9d6e",
    "timestamp": "unknown"
  },
  {
    "title": "Second Quarter  Earnings Presentation. MB",
    "link": "https://investors.apellis.com/static-files/9b0c0bda---b25e-8477ff9d9d6e",
    "timestamp": "unknown"
  },
  {
    "title": "Second Quarter  Earnings Presentation. MB",
    "link": "https://investors.apellis.com/static-files/9b0c0bda---b25e-8477ff9d9d6e",
    "timestamp": "unknown"
  },
  {
    "title": "Second Quarter  Earnings Presentation. MB",
    "link": "https://investors.apellis.com/static-files/9b0c0bda---b25e-8477ff9d9d6e",
    "timestamp": "unknown"
  },
  {
    "title": "Second Quarter  Earnings Presentation. MB",
    "link": "https://investors.apellis.com/static-files/9b0c0bda---b25e-8477ff9d9d6e",
    "timestamp": "unknown"
  },
  {
    "title": "Second Quarter  Earnings Presentation. MB",
    "link": "https://investors.apellis.com/static-files/9b0c0bda---b25e-8477ff9d9d6e",
    "timestamp": "unknown"
  },
  {
    "title": "May ,First Quarter  Earnings PresentationMB",
    "link": "https://investors.apellis.com/static-files/02d9866d-826a-46df-904d-63e0166b948c",
    "timestamp": "unknown"
  },
  {
    "title": "May ,First Quarter  Earnings PresentationMB",
    "link": "https://investors.apellis.com/static-files/02d9866d-826a-46df-904d-63e0166b948c",
    "timestamp": "unknown"
  },
  {
    "title": "May ,First Quarter  Earnings PresentationMB",
    "link": "https://investors.apellis.com/static-files/02d9866d-826a-46df-904d-63e0166b948c",
    "timestamp": "unknown"
  },
  {
    "title": "May ,First Quarter  Earnings PresentationMB",
    "link": "https://investors.apellis.com/static-files/02d9866d-826a-46df-904d-63e0166b948c",
    "timestamp": "unknown"
  },
  {
    "title": "First Quarter  Earnings PresentationMB",
    "link": "https://investors.apellis.com/static-files/02d9866d-826a-46df-904d-63e0166b948c",
    "timestamp": "unknown"
  },
  {
    "title": "First Quarter  Earnings PresentationMB",
    "link": "https://investors.apellis.com/static-files/02d9866d-826a-46df-904d-63e0166b948c",
    "timestamp": "unknown"
  },
  {
    "title": "First Quarter  Earnings PresentationMB",
    "link": "https://investors.apellis.com/static-files/02d9866d-826a-46df-904d-63e0166b948c",
    "timestamp": "unknown"
  },
  {
    "title": "First Quarter  Earnings PresentationMB",
    "link": "https://investors.apellis.com/static-files/02d9866d-826a-46df-904d-63e0166b948c",
    "timestamp": "unknown"
  },
  {
    "title": "First Quarter  Earnings PresentationMB",
    "link": "https://investors.apellis.com/static-files/02d9866d-826a-46df-904d-63e0166b948c",
    "timestamp": "unknown"
  },
  {
    "title": "First Quarter  Earnings PresentationMB",
    "link": "https://investors.apellis.com/static-files/02d9866d-826a-46df-904d-63e0166b948c",
    "timestamp": "unknown"
  },
  {
    "title": "First Quarter  Earnings PresentationMB",
    "link": "https://investors.apellis.com/static-files/02d9866d-826a-46df-904d-63e0166b948c",
    "timestamp": "unknown"
  },
  {
    "title": "First Quarter  Earnings PresentationMB",
    "link": "https://investors.apellis.com/static-files/02d9866d-826a-46df-904d-63e0166b948c",
    "timestamp": "unknown"
  },
  {
    "title": "February ,Fourth Quarter and Year End  Earnings Presentation. MB",
    "link": "https://investors.apellis.com/static-files/3434d7ec-62b0-43c9-b9b8-d869d756ac82",
    "timestamp": "unknown"
  },
  {
    "title": "February ,Fourth Quarter and Year End  Earnings Presentation. MB",
    "link": "https://investors.apellis.com/static-files/3434d7ec-62b0-43c9-b9b8-d869d756ac82",
    "timestamp": "unknown"
  },
  {
    "title": "February ,Fourth Quarter and Year End  Earnings Presentation. MB",
    "link": "https://investors.apellis.com/static-files/3434d7ec-62b0-43c9-b9b8-d869d756ac82",
    "timestamp": "unknown"
  },
  {
    "title": "February ,Fourth Quarter and Year End  Earnings Presentation. MB",
    "link": "https://investors.apellis.com/static-files/3434d7ec-62b0-43c9-b9b8-d869d756ac82",
    "timestamp": "unknown"
  },
  {
    "title": "Fourth Quarter and Year End  Earnings Presentation. MB",
    "link": "https://investors.apellis.com/static-files/3434d7ec-62b0-43c9-b9b8-d869d756ac82",
    "timestamp": "unknown"
  },
  {
    "title": "Fourth Quarter and Year End  Earnings Presentation. MB",
    "link": "https://investors.apellis.com/static-files/3434d7ec-62b0-43c9-b9b8-d869d756ac82",
    "timestamp": "unknown"
  },
  {
    "title": "Fourth Quarter and Year End  Earnings Presentation. MB",
    "link": "https://investors.apellis.com/static-files/3434d7ec-62b0-43c9-b9b8-d869d756ac82",
    "timestamp": "unknown"
  },
  {
    "title": "Fourth Quarter and Year End  Earnings Presentation. MB",
    "link": "https://investors.apellis.com/static-files/3434d7ec-62b0-43c9-b9b8-d869d756ac82",
    "timestamp": "unknown"
  },
  {
    "title": "Fourth Quarter and Year End  Earnings Presentation. MB",
    "link": "https://investors.apellis.com/static-files/3434d7ec-62b0-43c9-b9b8-d869d756ac82",
    "timestamp": "unknown"
  },
  {
    "title": "Fourth Quarter and Year End  Earnings Presentation. MB",
    "link": "https://investors.apellis.com/static-files/3434d7ec-62b0-43c9-b9b8-d869d756ac82",
    "timestamp": "unknown"
  },
  {
    "title": "Fourth Quarter and Year End  Earnings Presentation. MB",
    "link": "https://investors.apellis.com/static-files/3434d7ec-62b0-43c9-b9b8-d869d756ac82",
    "timestamp": "unknown"
  },
  {
    "title": "Fourth Quarter and Year End  Earnings Presentation. MB",
    "link": "https://investors.apellis.com/static-files/3434d7ec-62b0-43c9-b9b8-d869d756ac82",
    "timestamp": "unknown"
  },
  {
    "title": "November ,Third Quarter  Earnings Presentation. KB",
    "link": "https://investors.apellis.com/static-files/9bcb438b-e04e-4e4a--494ca0b07386",
    "timestamp": "unknown"
  },
  {
    "title": "November ,Third Quarter  Earnings Presentation. KB",
    "link": "https://investors.apellis.com/static-files/9bcb438b-e04e-4e4a--494ca0b07386",
    "timestamp": "unknown"
  },
  {
    "title": "November ,Third Quarter  Earnings Presentation. KB",
    "link": "https://investors.apellis.com/static-files/9bcb438b-e04e-4e4a--494ca0b07386",
    "timestamp": "unknown"
  },
  {
    "title": "November ,Third Quarter  Earnings Presentation. KB",
    "link": "https://investors.apellis.com/static-files/9bcb438b-e04e-4e4a--494ca0b07386",
    "timestamp": "unknown"
  },
  {
    "title": "Third Quarter  Earnings Presentation. KB",
    "link": "https://investors.apellis.com/static-files/9bcb438b-e04e-4e4a--494ca0b07386",
    "timestamp": "unknown"
  },
  {
    "title": "Third Quarter  Earnings Presentation. KB",
    "link": "https://investors.apellis.com/static-files/9bcb438b-e04e-4e4a--494ca0b07386",
    "timestamp": "unknown"
  },
  {
    "title": "Third Quarter  Earnings Presentation. KB",
    "link": "https://investors.apellis.com/static-files/9bcb438b-e04e-4e4a--494ca0b07386",
    "timestamp": "unknown"
  },
  {
    "title": "Third Quarter  Earnings Presentation. KB",
    "link": "https://investors.apellis.com/static-files/9bcb438b-e04e-4e4a--494ca0b07386",
    "timestamp": "unknown"
  },
  {
    "title": "Third Quarter  Earnings Presentation. KB",
    "link": "https://investors.apellis.com/static-files/9bcb438b-e04e-4e4a--494ca0b07386",
    "timestamp": "unknown"
  },
  {
    "title": "Third Quarter  Earnings Presentation. KB",
    "link": "https://investors.apellis.com/static-files/9bcb438b-e04e-4e4a--494ca0b07386",
    "timestamp": "unknown"
  },
  {
    "title": "Third Quarter  Earnings Presentation. KB",
    "link": "https://investors.apellis.com/static-files/9bcb438b-e04e-4e4a--494ca0b07386",
    "timestamp": "unknown"
  },
  {
    "title": "Third Quarter  Earnings Presentation. KB",
    "link": "https://investors.apellis.com/static-files/9bcb438b-e04e-4e4a--494ca0b07386",
    "timestamp": "unknown"
  },
  {
    "title": "October ,Apellis Phase  VALIANT Results Webinar Presentation. KB",
    "link": "https://investors.apellis.com/static-files/5dc32898-df51-49ec-b628-37fca6c17123",
    "timestamp": "unknown"
  },
  {
    "title": "October ,Apellis Phase  VALIANT Results Webinar Presentation. KB",
    "link": "https://investors.apellis.com/static-files/5dc32898-df51-49ec-b628-37fca6c17123",
    "timestamp": "unknown"
  },
  {
    "title": "October ,Apellis Phase  VALIANT Results Webinar Presentation. KB",
    "link": "https://investors.apellis.com/static-files/5dc32898-df51-49ec-b628-37fca6c17123",
    "timestamp": "unknown"
  },
  {
    "title": "October ,Apellis Phase  VALIANT Results Webinar Presentation. KB",
    "link": "https://investors.apellis.com/static-files/5dc32898-df51-49ec-b628-37fca6c17123",
    "timestamp": "unknown"
  },
  {
    "title": "Apellis Phase  VALIANT Results Webinar Presentation. KB",
    "link": "https://investors.apellis.com/static-files/5dc32898-df51-49ec-b628-37fca6c17123",
    "timestamp": "unknown"
  },
  {
    "title": "Apellis Phase  VALIANT Results Webinar Presentation. KB",
    "link": "https://investors.apellis.com/static-files/5dc32898-df51-49ec-b628-37fca6c17123",
    "timestamp": "unknown"
  },
  {
    "title": "Apellis Phase  VALIANT Results Webinar Presentation. KB",
    "link": "https://investors.apellis.com/static-files/5dc32898-df51-49ec-b628-37fca6c17123",
    "timestamp": "unknown"
  },
  {
    "title": "Apellis Phase  VALIANT Results Webinar Presentation. KB",
    "link": "https://investors.apellis.com/static-files/5dc32898-df51-49ec-b628-37fca6c17123",
    "timestamp": "unknown"
  },
  {
    "title": "Apellis Phase  VALIANT Results Webinar Presentation. KB",
    "link": "https://investors.apellis.com/static-files/5dc32898-df51-49ec-b628-37fca6c17123",
    "timestamp": "unknown"
  },
  {
    "title": "Apellis Phase  VALIANT Results Webinar Presentation. KB",
    "link": "https://investors.apellis.com/static-files/5dc32898-df51-49ec-b628-37fca6c17123",
    "timestamp": "unknown"
  },
  {
    "title": "Apellis Phase  VALIANT Results Webinar Presentation. KB",
    "link": "https://investors.apellis.com/static-files/5dc32898-df51-49ec-b628-37fca6c17123",
    "timestamp": "unknown"
  },
  {
    "title": "Apellis Phase  VALIANT Results Webinar Presentation. KB",
    "link": "https://investors.apellis.com/static-files/5dc32898-df51-49ec-b628-37fca6c17123",
    "timestamp": "unknown"
  },
  {
    "title": "August ,Apellis Pharmaceuticals VALIANT Top Line Phase III Results Conference Call Presentation. KB",
    "link": "https://investors.apellis.com/static-files/21b3b1c2-56d7-44ce-aaa3-79936b86f864",
    "timestamp": "unknown"
  },
  {
    "title": "August ,Apellis Pharmaceuticals VALIANT Top Line Phase III Results Conference Call Presentation. KB",
    "link": "https://investors.apellis.com/static-files/21b3b1c2-56d7-44ce-aaa3-79936b86f864",
    "timestamp": "unknown"
  },
  {
    "title": "August ,Apellis Pharmaceuticals VALIANT Top Line Phase III Results Conference Call Presentation. KB",
    "link": "https://investors.apellis.com/static-files/21b3b1c2-56d7-44ce-aaa3-79936b86f864",
    "timestamp": "unknown"
  },
  {
    "title": "August ,Apellis Pharmaceuticals VALIANT Top Line Phase III Results Conference Call Presentation. KB",
    "link": "https://investors.apellis.com/static-files/21b3b1c2-56d7-44ce-aaa3-79936b86f864",
    "timestamp": "unknown"
  },
  {
    "title": "Apellis Pharmaceuticals VALIANT Top Line Phase III Results Conference Call Presentation. KB",
    "link": "https://investors.apellis.com/static-files/21b3b1c2-56d7-44ce-aaa3-79936b86f864",
    "timestamp": "unknown"
  },
  {
    "title": "Apellis Pharmaceuticals VALIANT Top Line Phase III Results Conference Call Presentation. KB",
    "link": "https://investors.apellis.com/static-files/21b3b1c2-56d7-44ce-aaa3-79936b86f864",
    "timestamp": "unknown"
  },
  {
    "title": "Apellis Pharmaceuticals VALIANT Top Line Phase III Results Conference Call Presentation. KB",
    "link": "https://investors.apellis.com/static-files/21b3b1c2-56d7-44ce-aaa3-79936b86f864",
    "timestamp": "unknown"
  },
  {
    "title": "Apellis Pharmaceuticals VALIANT Top Line Phase III Results Conference Call Presentation. KB",
    "link": "https://investors.apellis.com/static-files/21b3b1c2-56d7-44ce-aaa3-79936b86f864",
    "timestamp": "unknown"
  },
  {
    "title": "Apellis Pharmaceuticals VALIANT Top Line Phase III Results Conference Call Presentation. KB",
    "link": "https://investors.apellis.com/static-files/21b3b1c2-56d7-44ce-aaa3-79936b86f864",
    "timestamp": "unknown"
  },
  {
    "title": "Apellis Pharmaceuticals VALIANT Top Line Phase III Results Conference Call Presentation. KB",
    "link": "https://investors.apellis.com/static-files/21b3b1c2-56d7-44ce-aaa3-79936b86f864",
    "timestamp": "unknown"
  },
  {
    "title": "Apellis Pharmaceuticals VALIANT Top Line Phase III Results Conference Call Presentation. KB",
    "link": "https://investors.apellis.com/static-files/21b3b1c2-56d7-44ce-aaa3-79936b86f864",
    "timestamp": "unknown"
  },
  {
    "title": "Apellis Pharmaceuticals VALIANT Top Line Phase III Results Conference Call Presentation. KB",
    "link": "https://investors.apellis.com/static-files/21b3b1c2-56d7-44ce-aaa3-79936b86f864",
    "timestamp": "unknown"
  },
  {
    "title": "February ,Pegcetacoplan in Geographic Atrophy: -Month Efficacy Results From the Phase  OAKS and DERBY Trials \u2013 Impact on Retinal Cells. MB",
    "link": "https://investors.apellis.com/static-files/879656fb-188a-488e-af45-3268025c8e29",
    "timestamp": "unknown"
  },
  {
    "title": "February ,Pegcetacoplan in Geographic Atrophy: -Month Efficacy Results From the Phase  OAKS and DERBY Trials \u2013 Impact on Retinal Cells. MB",
    "link": "https://investors.apellis.com/static-files/879656fb-188a-488e-af45-3268025c8e29",
    "timestamp": "unknown"
  },
  {
    "title": "February ,Pegcetacoplan in Geographic Atrophy: -Month Efficacy Results From the Phase  OAKS and DERBY Trials \u2013 Impact on Retinal Cells. MB",
    "link": "https://investors.apellis.com/static-files/879656fb-188a-488e-af45-3268025c8e29",
    "timestamp": "unknown"
  },
  {
    "title": "February ,Pegcetacoplan in Geographic Atrophy: -Month Efficacy Results From the Phase  OAKS and DERBY Trials \u2013 Impact on Retinal Cells. MB",
    "link": "https://investors.apellis.com/static-files/879656fb-188a-488e-af45-3268025c8e29",
    "timestamp": "unknown"
  },
  {
    "title": "Pegcetacoplan in Geographic Atrophy: -Month Efficacy Results From the Phase  OAKS and DERBY Trials \u2013 Impact on Retinal Cells. MB",
    "link": "https://investors.apellis.com/static-files/879656fb-188a-488e-af45-3268025c8e29",
    "timestamp": "unknown"
  },
  {
    "title": "Pegcetacoplan in Geographic Atrophy: -Month Efficacy Results From the Phase  OAKS and DERBY Trials \u2013 Impact on Retinal Cells. MB",
    "link": "https://investors.apellis.com/static-files/879656fb-188a-488e-af45-3268025c8e29",
    "timestamp": "unknown"
  },
  {
    "title": "Pegcetacoplan in Geographic Atrophy: -Month Efficacy Results From the Phase  OAKS and DERBY Trials \u2013 Impact on Retinal Cells. MB",
    "link": "https://investors.apellis.com/static-files/879656fb-188a-488e-af45-3268025c8e29",
    "timestamp": "unknown"
  },
  {
    "title": "Pegcetacoplan in Geographic Atrophy: -Month Efficacy Results From the Phase  OAKS and DERBY Trials \u2013 Impact on Retinal Cells. MB",
    "link": "https://investors.apellis.com/static-files/879656fb-188a-488e-af45-3268025c8e29",
    "timestamp": "unknown"
  },
  {
    "title": "Pegcetacoplan in Geographic Atrophy: -Month Efficacy Results From the Phase  OAKS and DERBY Trials \u2013 Impact on Retinal Cells. MB",
    "link": "https://investors.apellis.com/static-files/879656fb-188a-488e-af45-3268025c8e29",
    "timestamp": "unknown"
  },
  {
    "title": "Pegcetacoplan in Geographic Atrophy: -Month Efficacy Results From the Phase  OAKS and DERBY Trials \u2013 Impact on Retinal Cells. MB",
    "link": "https://investors.apellis.com/static-files/879656fb-188a-488e-af45-3268025c8e29",
    "timestamp": "unknown"
  },
  {
    "title": "Pegcetacoplan in Geographic Atrophy: -Month Efficacy Results From the Phase  OAKS and DERBY Trials \u2013 Impact on Retinal Cells. MB",
    "link": "https://investors.apellis.com/static-files/879656fb-188a-488e-af45-3268025c8e29",
    "timestamp": "unknown"
  },
  {
    "title": "Pegcetacoplan in Geographic Atrophy: -Month Efficacy Results From the Phase  OAKS and DERBY Trials \u2013 Impact on Retinal Cells. MB",
    "link": "https://investors.apellis.com/static-files/879656fb-188a-488e-af45-3268025c8e29",
    "timestamp": "unknown"
  },
  {
    "title": "February ,-Month Safety Results From the OAKS and DERBY Trials With Further Characterization of Exudative Age-Related Macular Degeneration. MB",
    "link": "https://investors.apellis.com/static-files/b78972dc-593c-4a62-a504-342d0d53de0f",
    "timestamp": "unknown"
  },
  {
    "title": "February ,-Month Safety Results From the OAKS and DERBY Trials With Further Characterization of Exudative Age-Related Macular Degeneration. MB",
    "link": "https://investors.apellis.com/static-files/b78972dc-593c-4a62-a504-342d0d53de0f",
    "timestamp": "unknown"
  },
  {
    "title": "February ,-Month Safety Results From the OAKS and DERBY Trials With Further Characterization of Exudative Age-Related Macular Degeneration. MB",
    "link": "https://investors.apellis.com/static-files/b78972dc-593c-4a62-a504-342d0d53de0f",
    "timestamp": "unknown"
  },
  {
    "title": "February ,-Month Safety Results From the OAKS and DERBY Trials With Further Characterization of Exudative Age-Related Macular Degeneration. MB",
    "link": "https://investors.apellis.com/static-files/b78972dc-593c-4a62-a504-342d0d53de0f",
    "timestamp": "unknown"
  },
  {
    "title": "-Month Safety Results From the OAKS and DERBY Trials With Further Characterization of Exudative Age-Related Macular Degeneration. MB",
    "link": "https://investors.apellis.com/static-files/b78972dc-593c-4a62-a504-342d0d53de0f",
    "timestamp": "unknown"
  },
  {
    "title": "-Month Safety Results From the OAKS and DERBY Trials With Further Characterization of Exudative Age-Related Macular Degeneration. MB",
    "link": "https://investors.apellis.com/static-files/b78972dc-593c-4a62-a504-342d0d53de0f",
    "timestamp": "unknown"
  },
  {
    "title": "-Month Safety Results From the OAKS and DERBY Trials With Further Characterization of Exudative Age-Related Macular Degeneration. MB",
    "link": "https://investors.apellis.com/static-files/b78972dc-593c-4a62-a504-342d0d53de0f",
    "timestamp": "unknown"
  },
  {
    "title": "-Month Safety Results From the OAKS and DERBY Trials With Further Characterization of Exudative Age-Related Macular Degeneration. MB",
    "link": "https://investors.apellis.com/static-files/b78972dc-593c-4a62-a504-342d0d53de0f",
    "timestamp": "unknown"
  },
  {
    "title": "-Month Safety Results From the OAKS and DERBY Trials With Further Characterization of Exudative Age-Related Macular Degeneration. MB",
    "link": "https://investors.apellis.com/static-files/b78972dc-593c-4a62-a504-342d0d53de0f",
    "timestamp": "unknown"
  },
  {
    "title": "-Month Safety Results From the OAKS and DERBY Trials With Further Characterization of Exudative Age-Related Macular Degeneration. MB",
    "link": "https://investors.apellis.com/static-files/b78972dc-593c-4a62-a504-342d0d53de0f",
    "timestamp": "unknown"
  },
  {
    "title": "-Month Safety Results From the OAKS and DERBY Trials With Further Characterization of Exudative Age-Related Macular Degeneration. MB",
    "link": "https://investors.apellis.com/static-files/b78972dc-593c-4a62-a504-342d0d53de0f",
    "timestamp": "unknown"
  },
  {
    "title": "-Month Safety Results From the OAKS and DERBY Trials With Further Characterization of Exudative Age-Related Macular Degeneration. MB",
    "link": "https://investors.apellis.com/static-files/b78972dc-593c-4a62-a504-342d0d53de0f",
    "timestamp": "unknown"
  },
  {
    "title": "February ,Apellis SYFOVRE FDA Approval Conference Call Presentation. KB",
    "link": "https://investors.apellis.com/static-files/140dee61-6cfb-4f96-b421-541dc117f7e8",
    "timestamp": "unknown"
  },
  {
    "title": "February ,Apellis SYFOVRE FDA Approval Conference Call Presentation. KB",
    "link": "https://investors.apellis.com/static-files/140dee61-6cfb-4f96-b421-541dc117f7e8",
    "timestamp": "unknown"
  },
  {
    "title": "February ,Apellis SYFOVRE FDA Approval Conference Call Presentation. KB",
    "link": "https://investors.apellis.com/static-files/140dee61-6cfb-4f96-b421-541dc117f7e8",
    "timestamp": "unknown"
  },
  {
    "title": "February ,Apellis SYFOVRE FDA Approval Conference Call Presentation. KB",
    "link": "https://investors.apellis.com/static-files/140dee61-6cfb-4f96-b421-541dc117f7e8",
    "timestamp": "unknown"
  },
  {
    "title": "Apellis SYFOVRE FDA Approval Conference Call Presentation. KB",
    "link": "https://investors.apellis.com/static-files/140dee61-6cfb-4f96-b421-541dc117f7e8",
    "timestamp": "unknown"
  },
  {
    "title": "Apellis SYFOVRE FDA Approval Conference Call Presentation. KB",
    "link": "https://investors.apellis.com/static-files/140dee61-6cfb-4f96-b421-541dc117f7e8",
    "timestamp": "unknown"
  },
  {
    "title": "Apellis SYFOVRE FDA Approval Conference Call Presentation. KB",
    "link": "https://investors.apellis.com/static-files/140dee61-6cfb-4f96-b421-541dc117f7e8",
    "timestamp": "unknown"
  },
  {
    "title": "Apellis SYFOVRE FDA Approval Conference Call Presentation. KB",
    "link": "https://investors.apellis.com/static-files/140dee61-6cfb-4f96-b421-541dc117f7e8",
    "timestamp": "unknown"
  },
  {
    "title": "Apellis SYFOVRE FDA Approval Conference Call Presentation. KB",
    "link": "https://investors.apellis.com/static-files/140dee61-6cfb-4f96-b421-541dc117f7e8",
    "timestamp": "unknown"
  },
  {
    "title": "Apellis SYFOVRE FDA Approval Conference Call Presentation. KB",
    "link": "https://investors.apellis.com/static-files/140dee61-6cfb-4f96-b421-541dc117f7e8",
    "timestamp": "unknown"
  },
  {
    "title": "Apellis SYFOVRE FDA Approval Conference Call Presentation. KB",
    "link": "https://investors.apellis.com/static-files/140dee61-6cfb-4f96-b421-541dc117f7e8",
    "timestamp": "unknown"
  },
  {
    "title": "Apellis SYFOVRE FDA Approval Conference Call Presentation. KB",
    "link": "https://investors.apellis.com/static-files/140dee61-6cfb-4f96-b421-541dc117f7e8",
    "timestamp": "unknown"
  },
  {
    "title": "November ,Safety of intravitreal pegcetacoplan in geographic atrophy: -month results from the OAKS and DERBY phase  trials. KB",
    "link": "https://investors.apellis.com/static-files/faa3ab29-face-436a-b19d-4ec393f6436e",
    "timestamp": "unknown"
  },
  {
    "title": "November ,Safety of intravitreal pegcetacoplan in geographic atrophy: -month results from the OAKS and DERBY phase  trials. KB",
    "link": "https://investors.apellis.com/static-files/faa3ab29-face-436a-b19d-4ec393f6436e",
    "timestamp": "unknown"
  },
  {
    "title": "November ,Safety of intravitreal pegcetacoplan in geographic atrophy: -month results from the OAKS and DERBY phase  trials. KB",
    "link": "https://investors.apellis.com/static-files/faa3ab29-face-436a-b19d-4ec393f6436e",
    "timestamp": "unknown"
  },
  {
    "title": "November ,Safety of intravitreal pegcetacoplan in geographic atrophy: -month results from the OAKS and DERBY phase  trials. KB",
    "link": "https://investors.apellis.com/static-files/faa3ab29-face-436a-b19d-4ec393f6436e",
    "timestamp": "unknown"
  },
  {
    "title": "Safety of intravitreal pegcetacoplan in geographic atrophy: -month results from the OAKS and DERBY phase  trials. KB",
    "link": "https://investors.apellis.com/static-files/faa3ab29-face-436a-b19d-4ec393f6436e",
    "timestamp": "unknown"
  },
  {
    "title": "Safety of intravitreal pegcetacoplan in geographic atrophy: -month results from the OAKS and DERBY phase  trials. KB",
    "link": "https://investors.apellis.com/static-files/faa3ab29-face-436a-b19d-4ec393f6436e",
    "timestamp": "unknown"
  },
  {
    "title": "Safety of intravitreal pegcetacoplan in geographic atrophy: -month results from the OAKS and DERBY phase  trials. KB",
    "link": "https://investors.apellis.com/static-files/faa3ab29-face-436a-b19d-4ec393f6436e",
    "timestamp": "unknown"
  },
  {
    "title": "Safety of intravitreal pegcetacoplan in geographic atrophy: -month results from the OAKS and DERBY phase  trials. KB",
    "link": "https://investors.apellis.com/static-files/faa3ab29-face-436a-b19d-4ec393f6436e",
    "timestamp": "unknown"
  },
  {
    "title": "Safety of intravitreal pegcetacoplan in geographic atrophy: -month results from the OAKS and DERBY phase  trials. KB",
    "link": "https://investors.apellis.com/static-files/faa3ab29-face-436a-b19d-4ec393f6436e",
    "timestamp": "unknown"
  },
  {
    "title": "Safety of intravitreal pegcetacoplan in geographic atrophy: -month results from the OAKS and DERBY phase  trials. KB",
    "link": "https://investors.apellis.com/static-files/faa3ab29-face-436a-b19d-4ec393f6436e",
    "timestamp": "unknown"
  },
  {
    "title": "Safety of intravitreal pegcetacoplan in geographic atrophy: -month results from the OAKS and DERBY phase  trials. KB",
    "link": "https://investors.apellis.com/static-files/faa3ab29-face-436a-b19d-4ec393f6436e",
    "timestamp": "unknown"
  },
  {
    "title": "Safety of intravitreal pegcetacoplan in geographic atrophy: -month results from the OAKS and DERBY phase  trials. KB",
    "link": "https://investors.apellis.com/static-files/faa3ab29-face-436a-b19d-4ec393f6436e",
    "timestamp": "unknown"
  },
  {
    "title": "PaginationCurrent pagePagePage\u2026Next page\u203aLast page\u00bb",
    "link": "https://investors.apellis.com/events-and-presentations?page=%2C0%2C0",
    "timestamp": "unknown"
  },
  {
    "title": "PaginationCurrent pagePagePage\u2026Next page\u203aLast page\u00bb",
    "link": "https://investors.apellis.com/events-and-presentations?page=%2C0%2C0",
    "timestamp": "unknown"
  },
  {
    "title": "PaginationCurrent pagePagePage\u2026Next page\u203aLast page\u00bb",
    "link": "https://investors.apellis.com/events-and-presentations?page=%2C0%2C0",
    "timestamp": "unknown"
  },
  {
    "title": "Current page",
    "link": "https://investors.apellis.com/events-and-presentations?page=%2C0%2C0",
    "timestamp": "unknown"
  },
  {
    "title": "Page",
    "link": "https://investors.apellis.com/events-and-presentations?page=%2C0%2C0",
    "timestamp": "unknown"
  },
  {
    "title": "Page",
    "link": "https://investors.apellis.com/events-and-presentations?page=%2C0%2C0",
    "timestamp": "unknown"
  },
  {
    "title": "Next page\u203a",
    "link": "https://investors.apellis.com/events-and-presentations?page=%2C0%2C0",
    "timestamp": "unknown"
  },
  {
    "title": "Last page\u00bb",
    "link": "https://investors.apellis.com/events-and-presentations?page=%2C0%2C0",
    "timestamp": "unknown"
  },
  {
    "title": "Past EventsSep ,EDTBaird Global Healthcare ConferenceClick here for webcastSep ,EDTCantor Global Healthcare ConferenceClick here for webcastSep ,EDTWe",
    "link": "https://investors.apellis.com/events/event-details/baird-global-healthcare-conference-",
    "timestamp": "unknown"
  },
  {
    "title": "Past EventsSep ,EDTBaird Global Healthcare ConferenceClick here for webcastSep ,EDTCantor Global Healthcare ConferenceClick here for webcastSep ,EDTWe",
    "link": "https://investors.apellis.com/events/event-details/baird-global-healthcare-conference-",
    "timestamp": "unknown"
  },
  {
    "title": "Past EventsSep ,EDTBaird Global Healthcare ConferenceClick here for webcastSep ,EDTCantor Global Healthcare ConferenceClick here for webcastSep ,EDTWe",
    "link": "https://investors.apellis.com/events/event-details/baird-global-healthcare-conference-",
    "timestamp": "unknown"
  },
  {
    "title": "Past EventsSep ,EDTBaird Global Healthcare ConferenceClick here for webcastSep ,EDTCantor Global Healthcare ConferenceClick here for webcastSep ,EDTWe",
    "link": "https://investors.apellis.com/events/event-details/baird-global-healthcare-conference-",
    "timestamp": "unknown"
  },
  {
    "title": "Sep ,EDTBaird Global Healthcare ConferenceClick here for webcast",
    "link": "https://investors.apellis.com/events/event-details/baird-global-healthcare-conference-",
    "timestamp": "unknown"
  },
  {
    "title": "Click here for webcast",
    "link": "https://wsw.com/webcast/baird80/apls/",
    "timestamp": "unknown"
  },
  {
    "title": "Click here for webcast",
    "link": "https://wsw.com/webcast/baird80/apls/",
    "timestamp": "unknown"
  },
  {
    "title": "Click here for webcast",
    "link": "https://wsw.com/webcast/baird80/apls/",
    "timestamp": "unknown"
  },
  {
    "title": "Sep ,EDTCantor Global Healthcare ConferenceClick here for webcast",
    "link": "https://investors.apellis.com/events/event-details/cantor-global-healthcare-conference",
    "timestamp": "unknown"
  },
  {
    "title": "Click here for webcast",
    "link": "https://sqps.onstreamsecure.com/origin/enliven/players/EnlivenPlayer.html?customerId=&eventId=&checkCompany=&checkEmail=&checkName=",
    "timestamp": "unknown"
  },
  {
    "title": "Click here for webcast",
    "link": "https://sqps.onstreamsecure.com/origin/enliven/players/EnlivenPlayer.html?customerId=&eventId=&checkCompany=&checkEmail=&checkName=",
    "timestamp": "unknown"
  },
  {
    "title": "Click here for webcast",
    "link": "https://sqps.onstreamsecure.com/origin/enliven/players/EnlivenPlayer.html?customerId=&eventId=&checkCompany=&checkEmail=&checkName=",
    "timestamp": "unknown"
  },
  {
    "title": "Sep ,EDTWells Fargo Healthcare ConferenceClick here for webcast",
    "link": "https://investors.apellis.com/events/event-details/wells-fargo-healthcare-conference-",
    "timestamp": "unknown"
  },
  {
    "title": "Click here for webcast",
    "link": "https://event.webcasts.com/starthere.jsp?ei=&tp_key=8cceb6615f&tp_special=",
    "timestamp": "unknown"
  },
  {
    "title": "Click here for webcast",
    "link": "https://event.webcasts.com/starthere.jsp?ei=&tp_key=8cceb6615f&tp_special=",
    "timestamp": "unknown"
  },
  {
    "title": "Click here for webcast",
    "link": "https://event.webcasts.com/starthere.jsp?ei=&tp_key=8cceb6615f&tp_special=",
    "timestamp": "unknown"
  },
  {
    "title": "Jul ,EDTQ2  Apellis Pharmaceuticals, Inc. Earnings Conference CallClick here for webcastSecond Quarter  Earnings Presentation. MB",
    "link": "https://investors.apellis.com/events/event-details/q2--apellis-pharmaceuticals-inc-earnings-conference-call",
    "timestamp": "unknown"
  },
  {
    "title": "Click here for webcastSecond Quarter  Earnings Presentation. MB",
    "link": "https://edge.media-server.com/mmc/p/fjc4akq5",
    "timestamp": "unknown"
  },
  {
    "title": "Click here for webcast",
    "link": "https://edge.media-server.com/mmc/p/fjc4akq5",
    "timestamp": "unknown"
  },
  {
    "title": "Click here for webcast",
    "link": "https://edge.media-server.com/mmc/p/fjc4akq5",
    "timestamp": "unknown"
  },
  {
    "title": "Second Quarter  Earnings Presentation. MB",
    "link": "https://investors.apellis.com/static-files/9b0c0bda---b25e-8477ff9d9d6e",
    "timestamp": "unknown"
  },
  {
    "title": "Second Quarter  Earnings Presentation. MB",
    "link": "https://investors.apellis.com/static-files/9b0c0bda---b25e-8477ff9d9d6e",
    "timestamp": "unknown"
  },
  {
    "title": "Second Quarter  Earnings Presentation. MB",
    "link": "https://investors.apellis.com/static-files/9b0c0bda---b25e-8477ff9d9d6e",
    "timestamp": "unknown"
  },
  {
    "title": "Second Quarter  Earnings Presentation. MB",
    "link": "https://investors.apellis.com/static-files/9b0c0bda---b25e-8477ff9d9d6e",
    "timestamp": "unknown"
  },
  {
    "title": "Second Quarter  Earnings Presentation. MB",
    "link": "https://investors.apellis.com/static-files/9b0c0bda---b25e-8477ff9d9d6e",
    "timestamp": "unknown"
  },
  {
    "title": "Second Quarter  Earnings Presentation. MB",
    "link": "https://investors.apellis.com/static-files/9b0c0bda---b25e-8477ff9d9d6e",
    "timestamp": "unknown"
  },
  {
    "title": "Second Quarter  Earnings Presentation. MB",
    "link": "https://investors.apellis.com/static-files/9b0c0bda---b25e-8477ff9d9d6e",
    "timestamp": "unknown"
  },
  {
    "title": "Second Quarter  Earnings Presentation. MB",
    "link": "https://investors.apellis.com/static-files/9b0c0bda---b25e-8477ff9d9d6e",
    "timestamp": "unknown"
  },
  {
    "title": "Second Quarter  Earnings Presentation. MB",
    "link": "https://investors.apellis.com/static-files/9b0c0bda---b25e-8477ff9d9d6e",
    "timestamp": "unknown"
  },
  {
    "title": "Jul ,EDTEMPAVELI FDA Approval in C3G & Primary IC-MPGN Conference CallClick here for webcastEMPAVELI\u00ae (Pegcetacoplan) FDA Approval in C3G and Primary ",
    "link": "https://investors.apellis.com/events/event-details/empaveli-fda-approval-c3g-primary-ic-mpgn-conference-call",
    "timestamp": "unknown"
  },
  {
    "title": "Click here for webcastEMPAVELI\u00ae (Pegcetacoplan) FDA Approval in C3G and Primary IC-MPGN PresentationKB",
    "link": "https://edge.media-server.com/mmc/p/jk78ebig",
    "timestamp": "unknown"
  },
  {
    "title": "Click here for webcast",
    "link": "https://edge.media-server.com/mmc/p/jk78ebig",
    "timestamp": "unknown"
  },
  {
    "title": "Click here for webcast",
    "link": "https://edge.media-server.com/mmc/p/jk78ebig",
    "timestamp": "unknown"
  },
  {
    "title": "EMPAVELI\u00ae (Pegcetacoplan) FDA Approval in C3G and Primary IC-MPGN PresentationKB",
    "link": "https://investors.apellis.com/static-files/dc51f629--46ef-9e34-5571a7a2fcd3",
    "timestamp": "unknown"
  },
  {
    "title": "EMPAVELI\u00ae (Pegcetacoplan) FDA Approval in C3G and Primary IC-MPGN PresentationKB",
    "link": "https://investors.apellis.com/static-files/dc51f629--46ef-9e34-5571a7a2fcd3",
    "timestamp": "unknown"
  },
  {
    "title": "EMPAVELI\u00ae (Pegcetacoplan) FDA Approval in C3G and Primary IC-MPGN PresentationKB",
    "link": "https://investors.apellis.com/static-files/dc51f629--46ef-9e34-5571a7a2fcd3",
    "timestamp": "unknown"
  },
  {
    "title": "EMPAVELI\u00ae (Pegcetacoplan) FDA Approval in C3G and Primary IC-MPGN PresentationKB",
    "link": "https://investors.apellis.com/static-files/dc51f629--46ef-9e34-5571a7a2fcd3",
    "timestamp": "unknown"
  },
  {
    "title": "EMPAVELI\u00ae (Pegcetacoplan) FDA Approval in C3G and Primary IC-MPGN PresentationKB",
    "link": "https://investors.apellis.com/static-files/dc51f629--46ef-9e34-5571a7a2fcd3",
    "timestamp": "unknown"
  },
  {
    "title": "EMPAVELI\u00ae (Pegcetacoplan) FDA Approval in C3G and Primary IC-MPGN PresentationKB",
    "link": "https://investors.apellis.com/static-files/dc51f629--46ef-9e34-5571a7a2fcd3",
    "timestamp": "unknown"
  },
  {
    "title": "EMPAVELI\u00ae (Pegcetacoplan) FDA Approval in C3G and Primary IC-MPGN PresentationKB",
    "link": "https://investors.apellis.com/static-files/dc51f629--46ef-9e34-5571a7a2fcd3",
    "timestamp": "unknown"
  },
  {
    "title": "EMPAVELI\u00ae (Pegcetacoplan) FDA Approval in C3G and Primary IC-MPGN PresentationKB",
    "link": "https://investors.apellis.com/static-files/dc51f629--46ef-9e34-5571a7a2fcd3",
    "timestamp": "unknown"
  },
  {
    "title": "EMPAVELI\u00ae (Pegcetacoplan) FDA Approval in C3G and Primary IC-MPGN PresentationKB",
    "link": "https://investors.apellis.com/static-files/dc51f629--46ef-9e34-5571a7a2fcd3",
    "timestamp": "unknown"
  },
  {
    "title": "Jun ,EDTGoldman Sachs 46th Annual Global Healthcare ConferenceClick here for webcast",
    "link": "https://investors.apellis.com/events/event-details/goldman-sachs-46th-annual-global-healthcare-conference",
    "timestamp": "unknown"
  },
  {
    "title": "Click here for webcast",
    "link": "https://event.webcasts.com/starthere.jsp?ei=&tp_key=8039f8b823&tp_special=",
    "timestamp": "unknown"
  },
  {
    "title": "Click here for webcast",
    "link": "https://event.webcasts.com/starthere.jsp?ei=&tp_key=8039f8b823&tp_special=",
    "timestamp": "unknown"
  },
  {
    "title": "Click here for webcast",
    "link": "https://event.webcasts.com/starthere.jsp?ei=&tp_key=8039f8b823&tp_special=",
    "timestamp": "unknown"
  },
  {
    "title": "May ,EDTQ1  Apellis Pharmaceuticals, Inc. Earnings Conference CallClick here for webcastFirst Quarter  Earnings PresentationMB",
    "link": "https://investors.apellis.com/events/event-details/q1--apellis-pharmaceuticals-inc-earnings-conference-call",
    "timestamp": "unknown"
  },
  {
    "title": "Click here for webcastFirst Quarter  Earnings PresentationMB",
    "link": "https://edge.media-server.com/mmc/p/szfzeyyo",
    "timestamp": "unknown"
  },
  {
    "title": "Click here for webcast",
    "link": "https://edge.media-server.com/mmc/p/szfzeyyo",
    "timestamp": "unknown"
  },
  {
    "title": "Click here for webcast",
    "link": "https://edge.media-server.com/mmc/p/szfzeyyo",
    "timestamp": "unknown"
  },
  {
    "title": "First Quarter  Earnings PresentationMB",
    "link": "https://investors.apellis.com/static-files/02d9866d-826a-46df-904d-63e0166b948c",
    "timestamp": "unknown"
  },
  {
    "title": "First Quarter  Earnings PresentationMB",
    "link": "https://investors.apellis.com/static-files/02d9866d-826a-46df-904d-63e0166b948c",
    "timestamp": "unknown"
  },
  {
    "title": "First Quarter  Earnings PresentationMB",
    "link": "https://investors.apellis.com/static-files/02d9866d-826a-46df-904d-63e0166b948c",
    "timestamp": "unknown"
  },
  {
    "title": "First Quarter  Earnings PresentationMB",
    "link": "https://investors.apellis.com/static-files/02d9866d-826a-46df-904d-63e0166b948c",
    "timestamp": "unknown"
  },
  {
    "title": "First Quarter  Earnings PresentationMB",
    "link": "https://investors.apellis.com/static-files/02d9866d-826a-46df-904d-63e0166b948c",
    "timestamp": "unknown"
  },
  {
    "title": "First Quarter  Earnings PresentationMB",
    "link": "https://investors.apellis.com/static-files/02d9866d-826a-46df-904d-63e0166b948c",
    "timestamp": "unknown"
  },
  {
    "title": "First Quarter  Earnings PresentationMB",
    "link": "https://investors.apellis.com/static-files/02d9866d-826a-46df-904d-63e0166b948c",
    "timestamp": "unknown"
  },
  {
    "title": "First Quarter  Earnings PresentationMB",
    "link": "https://investors.apellis.com/static-files/02d9866d-826a-46df-904d-63e0166b948c",
    "timestamp": "unknown"
  },
  {
    "title": "First Quarter  Earnings PresentationMB",
    "link": "https://investors.apellis.com/static-files/02d9866d-826a-46df-904d-63e0166b948c",
    "timestamp": "unknown"
  },
  {
    "title": "Feb ,ESTApellis Pharmaceuticals, Inc. Fourth Quarter and Full Year  Earnings Conference CallClick here for webcastFourth Quarter and Year End  Earning",
    "link": "https://investors.apellis.com/events/event-details/apellis-pharmaceuticals-inc-fourth-quarter-and-full-year--earnings",
    "timestamp": "unknown"
  },
  {
    "title": "Click here for webcastFourth Quarter and Year End  Earnings Presentation. MB",
    "link": "https://edge.media-server.com/mmc/p/fxesj9nu",
    "timestamp": "unknown"
  },
  {
    "title": "Click here for webcast",
    "link": "https://edge.media-server.com/mmc/p/fxesj9nu",
    "timestamp": "unknown"
  },
  {
    "title": "Click here for webcast",
    "link": "https://edge.media-server.com/mmc/p/fxesj9nu",
    "timestamp": "unknown"
  },
  {
    "title": "Fourth Quarter and Year End  Earnings Presentation. MB",
    "link": "https://investors.apellis.com/static-files/3434d7ec-62b0-43c9-b9b8-d869d756ac82",
    "timestamp": "unknown"
  },
  {
    "title": "Fourth Quarter and Year End  Earnings Presentation. MB",
    "link": "https://investors.apellis.com/static-files/3434d7ec-62b0-43c9-b9b8-d869d756ac82",
    "timestamp": "unknown"
  },
  {
    "title": "Fourth Quarter and Year End  Earnings Presentation. MB",
    "link": "https://investors.apellis.com/static-files/3434d7ec-62b0-43c9-b9b8-d869d756ac82",
    "timestamp": "unknown"
  },
  {
    "title": "Fourth Quarter and Year End  Earnings Presentation. MB",
    "link": "https://investors.apellis.com/static-files/3434d7ec-62b0-43c9-b9b8-d869d756ac82",
    "timestamp": "unknown"
  },
  {
    "title": "Fourth Quarter and Year End  Earnings Presentation. MB",
    "link": "https://investors.apellis.com/static-files/3434d7ec-62b0-43c9-b9b8-d869d756ac82",
    "timestamp": "unknown"
  },
  {
    "title": "Fourth Quarter and Year End  Earnings Presentation. MB",
    "link": "https://investors.apellis.com/static-files/3434d7ec-62b0-43c9-b9b8-d869d756ac82",
    "timestamp": "unknown"
  },
  {
    "title": "Fourth Quarter and Year End  Earnings Presentation. MB",
    "link": "https://investors.apellis.com/static-files/3434d7ec-62b0-43c9-b9b8-d869d756ac82",
    "timestamp": "unknown"
  },
  {
    "title": "Fourth Quarter and Year End  Earnings Presentation. MB",
    "link": "https://investors.apellis.com/static-files/3434d7ec-62b0-43c9-b9b8-d869d756ac82",
    "timestamp": "unknown"
  },
  {
    "title": "Fourth Quarter and Year End  Earnings Presentation. MB",
    "link": "https://investors.apellis.com/static-files/3434d7ec-62b0-43c9-b9b8-d869d756ac82",
    "timestamp": "unknown"
  },
  {
    "title": "Nov ,ESTQ3  Apellis Pharmaceuticals, Inc. Earnings Conference CallClick here for webcastThird Quarter  Earnings Presentation. KB",
    "link": "https://investors.apellis.com/events/event-details/q3--apellis-pharmaceuticals-inc-earnings-conference-call",
    "timestamp": "unknown"
  },
  {
    "title": "Click here for webcastThird Quarter  Earnings Presentation. KB",
    "link": "https://edge.media-server.com/mmc/p/zpprwixu",
    "timestamp": "unknown"
  },
  {
    "title": "Click here for webcast",
    "link": "https://edge.media-server.com/mmc/p/zpprwixu",
    "timestamp": "unknown"
  },
  {
    "title": "Click here for webcast",
    "link": "https://edge.media-server.com/mmc/p/zpprwixu",
    "timestamp": "unknown"
  },
  {
    "title": "Third Quarter  Earnings Presentation. KB",
    "link": "https://investors.apellis.com/static-files/9bcb438b-e04e-4e4a--494ca0b07386",
    "timestamp": "unknown"
  },
  {
    "title": "Third Quarter  Earnings Presentation. KB",
    "link": "https://investors.apellis.com/static-files/9bcb438b-e04e-4e4a--494ca0b07386",
    "timestamp": "unknown"
  },
  {
    "title": "Third Quarter  Earnings Presentation. KB",
    "link": "https://investors.apellis.com/static-files/9bcb438b-e04e-4e4a--494ca0b07386",
    "timestamp": "unknown"
  },
  {
    "title": "Third Quarter  Earnings Presentation. KB",
    "link": "https://investors.apellis.com/static-files/9bcb438b-e04e-4e4a--494ca0b07386",
    "timestamp": "unknown"
  },
  {
    "title": "Third Quarter  Earnings Presentation. KB",
    "link": "https://investors.apellis.com/static-files/9bcb438b-e04e-4e4a--494ca0b07386",
    "timestamp": "unknown"
  },
  {
    "title": "Third Quarter  Earnings Presentation. KB",
    "link": "https://investors.apellis.com/static-files/9bcb438b-e04e-4e4a--494ca0b07386",
    "timestamp": "unknown"
  },
  {
    "title": "Third Quarter  Earnings Presentation. KB",
    "link": "https://investors.apellis.com/static-files/9bcb438b-e04e-4e4a--494ca0b07386",
    "timestamp": "unknown"
  },
  {
    "title": "Third Quarter  Earnings Presentation. KB",
    "link": "https://investors.apellis.com/static-files/9bcb438b-e04e-4e4a--494ca0b07386",
    "timestamp": "unknown"
  },
  {
    "title": "Third Quarter  Earnings Presentation. KB",
    "link": "https://investors.apellis.com/static-files/9bcb438b-e04e-4e4a--494ca0b07386",
    "timestamp": "unknown"
  },
  {
    "title": "Oct ,EDTPhase  VALIANT Study Results WebinarClick here for webcastApellis Phase  VALIANT Results Webinar Presentation. KB",
    "link": "https://investors.apellis.com/events/event-details/phase--valiant-study-results-webinar",
    "timestamp": "unknown"
  },
  {
    "title": "Click here for webcastApellis Phase  VALIANT Results Webinar Presentation. KB",
    "link": "https://edge.media-server.com/mmc/p/m2xm3k8n",
    "timestamp": "unknown"
  },
  {
    "title": "Click here for webcast",
    "link": "https://edge.media-server.com/mmc/p/m2xm3k8n",
    "timestamp": "unknown"
  },
  {
    "title": "Click here for webcast",
    "link": "https://edge.media-server.com/mmc/p/m2xm3k8n",
    "timestamp": "unknown"
  },
  {
    "title": "Apellis Phase  VALIANT Results Webinar Presentation. KB",
    "link": "https://investors.apellis.com/static-files/5dc32898-df51-49ec-b628-37fca6c17123",
    "timestamp": "unknown"
  },
  {
    "title": "Apellis Phase  VALIANT Results Webinar Presentation. KB",
    "link": "https://investors.apellis.com/static-files/5dc32898-df51-49ec-b628-37fca6c17123",
    "timestamp": "unknown"
  },
  {
    "title": "Apellis Phase  VALIANT Results Webinar Presentation. KB",
    "link": "https://investors.apellis.com/static-files/5dc32898-df51-49ec-b628-37fca6c17123",
    "timestamp": "unknown"
  },
  {
    "title": "Apellis Phase  VALIANT Results Webinar Presentation. KB",
    "link": "https://investors.apellis.com/static-files/5dc32898-df51-49ec-b628-37fca6c17123",
    "timestamp": "unknown"
  },
  {
    "title": "Apellis Phase  VALIANT Results Webinar Presentation. KB",
    "link": "https://investors.apellis.com/static-files/5dc32898-df51-49ec-b628-37fca6c17123",
    "timestamp": "unknown"
  },
  {
    "title": "Apellis Phase  VALIANT Results Webinar Presentation. KB",
    "link": "https://investors.apellis.com/static-files/5dc32898-df51-49ec-b628-37fca6c17123",
    "timestamp": "unknown"
  },
  {
    "title": "Apellis Phase  VALIANT Results Webinar Presentation. KB",
    "link": "https://investors.apellis.com/static-files/5dc32898-df51-49ec-b628-37fca6c17123",
    "timestamp": "unknown"
  },
  {
    "title": "Apellis Phase  VALIANT Results Webinar Presentation. KB",
    "link": "https://investors.apellis.com/static-files/5dc32898-df51-49ec-b628-37fca6c17123",
    "timestamp": "unknown"
  },
  {
    "title": "Apellis Phase  VALIANT Results Webinar Presentation. KB",
    "link": "https://investors.apellis.com/static-files/5dc32898-df51-49ec-b628-37fca6c17123",
    "timestamp": "unknown"
  },
  {
    "title": "PaginationCurrent pagePageNext page\u203aLast page\u00bb",
    "link": "https://investors.apellis.com/events-and-presentations?page=%2C0%2C0",
    "timestamp": "unknown"
  },
  {
    "title": "PaginationCurrent pagePageNext page\u203aLast page\u00bb",
    "link": "https://investors.apellis.com/events-and-presentations?page=%2C0%2C0",
    "timestamp": "unknown"
  },
  {
    "title": "PaginationCurrent pagePageNext page\u203aLast page\u00bb",
    "link": "https://investors.apellis.com/events-and-presentations?page=%2C0%2C0",
    "timestamp": "unknown"
  },
  {
    "title": "PaginationCurrent pagePageNext page\u203aLast page\u00bb",
    "link": "https://investors.apellis.com/events-and-presentations?page=%2C0%2C0",
    "timestamp": "unknown"
  },
  {
    "title": "Current page",
    "link": "https://investors.apellis.com/events-and-presentations?page=%2C0%2C0",
    "timestamp": "unknown"
  },
  {
    "title": "Page",
    "link": "https://investors.apellis.com/events-and-presentations?page=%2C1%2C0",
    "timestamp": "unknown"
  },
  {
    "title": "Next page\u203a",
    "link": "https://investors.apellis.com/events-and-presentations?page=%2C1%2C0",
    "timestamp": "unknown"
  },
  {
    "title": "Last page\u00bb",
    "link": "https://investors.apellis.com/events-and-presentations?page=%2C1%2C0",
    "timestamp": "unknown"
  },
  {
    "title": "Site - Investor ToolkitPrint PageEmail AlertsRSS FeedsContact IR",
    "link": "https://investors.apellis.com/events-and-presentations#print-page",
    "timestamp": "unknown"
  },
  {
    "title": "Site - Investor ToolkitPrint PageEmail AlertsRSS FeedsContact IR",
    "link": "https://investors.apellis.com/events-and-presentations#print-page",
    "timestamp": "unknown"
  },
  {
    "title": "Print PageEmail AlertsRSS FeedsContact IR",
    "link": "https://investors.apellis.com/events-and-presentations#print-page",
    "timestamp": "unknown"
  },
  {
    "title": "Stay ConnectedVisit us on TwitterVisit us on LinkedInJoin our team of experts working to develop transformative therapiesfor people living with a broa",
    "link": "https://twitter.com/ApellisPharma",
    "timestamp": "unknown"
  },
  {
    "title": "Stay ConnectedVisit us on TwitterVisit us on LinkedIn",
    "link": "https://twitter.com/ApellisPharma",
    "timestamp": "unknown"
  },
  {
    "title": "Visit us on TwitterVisit us on LinkedIn",
    "link": "https://twitter.com/ApellisPharma",
    "timestamp": "unknown"
  },
  {
    "title": "Visit us on Twitter",
    "link": "https://twitter.com/ApellisPharma",
    "timestamp": "unknown"
  },
  {
    "title": "Visit us on LinkedIn",
    "link": "https://www.linkedin.com/company/apellis?trk=company_logo",
    "timestamp": "unknown"
  },
  {
    "title": "Join our team of experts working to develop transformative therapiesfor people living with a broad range of serious diseases.Careers",
    "link": "https://apellis.com/careers/our-culture/",
    "timestamp": "unknown"
  },
  {
    "title": "Join our team of experts working to develop transformative therapiesfor people living with a broad range of serious diseases.Careers",
    "link": "https://apellis.com/careers/our-culture/",
    "timestamp": "unknown"
  },
  {
    "title": "Join our team of experts working to develop transformative therapiesfor people living with a broad range of serious diseases.Careers",
    "link": "https://apellis.com/careers/our-culture/",
    "timestamp": "unknown"
  },
  {
    "title": "Join our team of experts working to develop transformative therapiesfor people living with a broad range of serious diseases.Careers",
    "link": "https://apellis.com/careers/our-culture/",
    "timestamp": "unknown"
  },
  {
    "title": "Privacy Policy",
    "link": "https://apellis.com/privacy-policy/",
    "timestamp": "unknown"
  },
  {
    "title": "Product Patents",
    "link": "https://apellis.com/product-patents/",
    "timestamp": "unknown"
  },
  {
    "title": "Contact Us",
    "link": "https://apellis.com/contact-us/",
    "timestamp": "unknown"
  },
  {
    "title": "Supplier Code of Conduct",
    "link": "https://apellis.com/contact-us/supplier-code-of-conduct/",
    "timestamp": "unknown"
  }
]