[
  {
    "title": "Healthcare ProvidersFor PatientsAbout UsWho We AreOur TeamBoard of DirectorsCorporate GivingOur ScienceOur ScienceOur PipelineClinical TrialsFocus Are",
    "link": "https://apellis.com/",
    "timestamp": "unknown"
  },
  {
    "title": "Healthcare ProvidersFor PatientsAbout UsWho We AreOur TeamBoard of DirectorsCorporate GivingOur ScienceOur ScienceOur PipelineClinical TrialsFocus Are",
    "link": "https://apellis.com/",
    "timestamp": "unknown"
  },
  {
    "title": "Healthcare ProvidersFor PatientsAbout UsWho We AreOur TeamBoard of DirectorsCorporate GivingOur ScienceOur ScienceOur PipelineClinical TrialsFocus Are",
    "link": "https://apellismedicalhub.com/",
    "timestamp": "unknown"
  },
  {
    "title": "Healthcare Providers",
    "link": "https://apellismedicalhub.com/",
    "timestamp": "unknown"
  },
  {
    "title": "For Patients",
    "link": "https://apellis.com/for-patients/",
    "timestamp": "unknown"
  },
  {
    "title": "About UsWho We AreOur TeamBoard of DirectorsCorporate Giving",
    "link": "https://apellis.com/about-us/who-we-are/",
    "timestamp": "unknown"
  },
  {
    "title": "Who We Are",
    "link": "https://apellis.com/about-us/who-we-are/",
    "timestamp": "unknown"
  },
  {
    "title": "Our Team",
    "link": "https://apellis.com/about-us/our-team/",
    "timestamp": "unknown"
  },
  {
    "title": "Board of Directors",
    "link": "https://apellis.com/about-us/board-of-directors/",
    "timestamp": "unknown"
  },
  {
    "title": "Corporate Giving",
    "link": "https://apellis.com/about-us/corporate-giving/",
    "timestamp": "unknown"
  },
  {
    "title": "Our ScienceOur ScienceOur PipelineClinical Trials",
    "link": "https://apellis.com/our-science/science-of-c3/",
    "timestamp": "unknown"
  },
  {
    "title": "Our Science",
    "link": "https://apellis.com/our-science/science-of-c3/",
    "timestamp": "unknown"
  },
  {
    "title": "Our Pipeline",
    "link": "https://apellis.com/our-science/our-pipeline/",
    "timestamp": "unknown"
  },
  {
    "title": "Clinical Trials",
    "link": "https://apellis.com/our-science/clinical-trials/",
    "timestamp": "unknown"
  },
  {
    "title": "Focus AreasOphthalmologyRare DiseaseResearch",
    "link": "https://apellis.com/focus-areas/",
    "timestamp": "unknown"
  },
  {
    "title": "Ophthalmology",
    "link": "https://apellis.com/focus-areas/ophthalmology/",
    "timestamp": "unknown"
  },
  {
    "title": "Rare Disease",
    "link": "https://apellis.com/focus-areas/rare-disease/",
    "timestamp": "unknown"
  },
  {
    "title": "Research",
    "link": "https://apellis.com/focus-areas/research/",
    "timestamp": "unknown"
  },
  {
    "title": "Our Products",
    "link": "https://apellis.com/our-products/",
    "timestamp": "unknown"
  },
  {
    "title": "CareersOur CultureBenefitsOpen Positions",
    "link": "https://apellis.com/careers/our-culture/",
    "timestamp": "unknown"
  },
  {
    "title": "Our Culture",
    "link": "https://apellis.com/careers/our-culture/",
    "timestamp": "unknown"
  },
  {
    "title": "Benefits",
    "link": "https://apellis.com/careers/benefits/",
    "timestamp": "unknown"
  },
  {
    "title": "Open Positions",
    "link": "https://apellis.com/careers/open-positions/",
    "timestamp": "unknown"
  },
  {
    "title": "Investors & MediaOverviewStock InformationNews ReleasesEvents & PresentationsCorporate GovernanceFinancials & FilingsInvestor FAQsInvestor Resources",
    "link": "https://investors.apellis.com/",
    "timestamp": "unknown"
  },
  {
    "title": "Overview",
    "link": "https://investors.apellis.com/",
    "timestamp": "unknown"
  },
  {
    "title": "Stock Information",
    "link": "https://investors.apellis.com/stock-information",
    "timestamp": "unknown"
  },
  {
    "title": "News Releases",
    "link": "https://investors.apellis.com/news-releases",
    "timestamp": "unknown"
  },
  {
    "title": "Events & Presentations",
    "link": "https://investors.apellis.com/events-and-presentations",
    "timestamp": "unknown"
  },
  {
    "title": "Corporate Governance",
    "link": "https://investors.apellis.com/corporate-governance",
    "timestamp": "unknown"
  },
  {
    "title": "Financials & Filings",
    "link": "https://investors.apellis.com/financial-and-filings",
    "timestamp": "unknown"
  },
  {
    "title": "Investor FAQs",
    "link": "https://investors.apellis.com/investor-faqs",
    "timestamp": "unknown"
  },
  {
    "title": "Investor Resources",
    "link": "https://investors.apellis.com/investor-resources",
    "timestamp": "unknown"
  },
  {
    "title": "About UsWho We AreOur TeamBoard of DirectorsCorporate GivingOur ScienceOur ScienceOur PipelineClinical TrialsFocus AreasOphthalmologyRare DiseaseResea",
    "link": "https://apellis.com/about-us/who-we-are/",
    "timestamp": "unknown"
  },
  {
    "title": "About UsWho We AreOur TeamBoard of DirectorsCorporate GivingOur ScienceOur ScienceOur PipelineClinical TrialsFocus AreasOphthalmologyRare DiseaseResea",
    "link": "https://apellis.com/about-us/who-we-are/",
    "timestamp": "unknown"
  },
  {
    "title": "About UsWho We AreOur TeamBoard of DirectorsCorporate Giving",
    "link": "https://apellis.com/about-us/who-we-are/",
    "timestamp": "unknown"
  },
  {
    "title": "Who We Are",
    "link": "https://apellis.com/about-us/who-we-are/",
    "timestamp": "unknown"
  },
  {
    "title": "Our Team",
    "link": "https://apellis.com/about-us/our-team/",
    "timestamp": "unknown"
  },
  {
    "title": "Board of Directors",
    "link": "https://apellis.com/about-us/board-of-directors/",
    "timestamp": "unknown"
  },
  {
    "title": "Corporate Giving",
    "link": "https://apellis.com/about-us/corporate-giving/",
    "timestamp": "unknown"
  },
  {
    "title": "Our ScienceOur ScienceOur PipelineClinical Trials",
    "link": "https://apellis.com/our-science/science-of-c3/",
    "timestamp": "unknown"
  },
  {
    "title": "Our Science",
    "link": "https://apellis.com/our-science/science-of-c3/",
    "timestamp": "unknown"
  },
  {
    "title": "Our Pipeline",
    "link": "https://apellis.com/our-science/our-pipeline/",
    "timestamp": "unknown"
  },
  {
    "title": "Clinical Trials",
    "link": "https://apellis.com/our-science/clinical-trials/",
    "timestamp": "unknown"
  },
  {
    "title": "Focus AreasOphthalmologyRare DiseaseResearch",
    "link": "https://apellis.com/focus-areas/",
    "timestamp": "unknown"
  },
  {
    "title": "Ophthalmology",
    "link": "https://apellis.com/focus-areas/ophthalmology/",
    "timestamp": "unknown"
  },
  {
    "title": "Rare Disease",
    "link": "https://apellis.com/focus-areas/rare-disease/",
    "timestamp": "unknown"
  },
  {
    "title": "Research",
    "link": "https://apellis.com/focus-areas/research/",
    "timestamp": "unknown"
  },
  {
    "title": "Our Products",
    "link": "https://apellis.com/our-products/",
    "timestamp": "unknown"
  },
  {
    "title": "CareersOur CultureBenefitsOpen Positions",
    "link": "https://apellis.com/careers/our-culture/",
    "timestamp": "unknown"
  },
  {
    "title": "Our Culture",
    "link": "https://apellis.com/careers/our-culture/",
    "timestamp": "unknown"
  },
  {
    "title": "Benefits",
    "link": "https://apellis.com/careers/benefits/",
    "timestamp": "unknown"
  },
  {
    "title": "Open Positions",
    "link": "https://apellis.com/careers/open-positions/",
    "timestamp": "unknown"
  },
  {
    "title": "Investors & MediaOverviewStock InformationNews ReleasesEvents & PresentationsCorporate GovernanceFinancials & FilingsInvestor FAQsInvestor Resources",
    "link": "https://investors.apellis.com/",
    "timestamp": "unknown"
  },
  {
    "title": "Overview",
    "link": "https://investors.apellis.com/",
    "timestamp": "unknown"
  },
  {
    "title": "Stock Information",
    "link": "https://investors.apellis.com/stock-information",
    "timestamp": "unknown"
  },
  {
    "title": "News Releases",
    "link": "https://investors.apellis.com/news-releases",
    "timestamp": "unknown"
  },
  {
    "title": "Events & Presentations",
    "link": "https://investors.apellis.com/events-and-presentations",
    "timestamp": "unknown"
  },
  {
    "title": "Corporate Governance",
    "link": "https://investors.apellis.com/corporate-governance",
    "timestamp": "unknown"
  },
  {
    "title": "Financials & Filings",
    "link": "https://investors.apellis.com/financial-and-filings",
    "timestamp": "unknown"
  },
  {
    "title": "Investor FAQs",
    "link": "https://investors.apellis.com/investor-faqs",
    "timestamp": "unknown"
  },
  {
    "title": "Investor Resources",
    "link": "https://investors.apellis.com/investor-resources",
    "timestamp": "unknown"
  },
  {
    "title": "Healthcare Providers",
    "link": "https://apellismedicalhub.com/",
    "timestamp": "unknown"
  },
  {
    "title": "For Patients",
    "link": "https://apellis.com/for-patients/",
    "timestamp": "unknown"
  },
  {
    "title": "Media Contact:Tracy Vineismedia@apellis.com() -YearAllDecember ,The New England Journal of Medicine Publishes Positive Phase  VALIANT Results of EMPAV",
    "link": "mailto:media@apellis.com",
    "timestamp": "unknown"
  },
  {
    "title": "Media Contact:Tracy Vineismedia@apellis.com() -YearAllDecember ,The New England Journal of Medicine Publishes Positive Phase  VALIANT Results of EMPAV",
    "link": "mailto:media@apellis.com",
    "timestamp": "unknown"
  },
  {
    "title": "Media Contact:Tracy Vineismedia@apellis.com() -YearAllDecember ,The New England Journal of Medicine Publishes Positive Phase  VALIANT Results of EMPAV",
    "link": "mailto:media@apellis.com",
    "timestamp": "unknown"
  },
  {
    "title": "Media Contact:Tracy Vineismedia@apellis.com() -YearAllDecember ,The New England Journal of Medicine Publishes Positive Phase  VALIANT Results of EMPAV",
    "link": "mailto:media@apellis.com",
    "timestamp": "unknown"
  },
  {
    "title": "Media Contact:Tracy Vineismedia@apellis.com() -YearAllDecember ,The New England Journal of Medicine Publishes Positive Phase  VALIANT Results of EMPAV",
    "link": "mailto:media@apellis.com",
    "timestamp": "unknown"
  },
  {
    "title": "Media Contact:Tracy Vineismedia@apellis.com() -YearAllDecember ,The New England Journal of Medicine Publishes Positive Phase  VALIANT Results of EMPAV",
    "link": "mailto:media@apellis.com",
    "timestamp": "unknown"
  },
  {
    "title": "Media Contact:Tracy Vineismedia@apellis.com() -YearAllDecember ,The New England Journal of Medicine Publishes Positive Phase  VALIANT Results of EMPAV",
    "link": "mailto:media@apellis.com",
    "timestamp": "unknown"
  },
  {
    "title": "Media Contact:Tracy Vineismedia@apellis.com() -YearAllDecember ,The New England Journal of Medicine Publishes Positive Phase  VALIANT Results of EMPAV",
    "link": "mailto:media@apellis.com",
    "timestamp": "unknown"
  },
  {
    "title": "Media Contact:Tracy Vineismedia@apellis.com() -YearAllDecember ,The New England Journal of Medicine Publishes Positive Phase  VALIANT Results of EMPAV",
    "link": "mailto:media@apellis.com",
    "timestamp": "unknown"
  },
  {
    "title": "Media Contact:Tracy Vineismedia@apellis.com() -YearAllDecember ,The New England Journal of Medicine Publishes Positive Phase  VALIANT Results of EMPAV",
    "link": "mailto:media@apellis.com",
    "timestamp": "unknown"
  },
  {
    "title": "Media Contact:Tracy Vineismedia@apellis.com() -YearAllDecember ,The New England Journal of Medicine Publishes Positive Phase  VALIANT Results of EMPAV",
    "link": "mailto:media@apellis.com",
    "timestamp": "unknown"
  },
  {
    "title": "Media Contact:Tracy Vineismedia@apellis.com() -YearAllDecember ,The New England Journal of Medicine Publishes Positive Phase  VALIANT Results of EMPAV",
    "link": "mailto:media@apellis.com",
    "timestamp": "unknown"
  },
  {
    "title": "Media Contact:Tracy Vineismedia@apellis.com() -YearAllDecember ,The New England Journal of Medicine Publishes Positive Phase  VALIANT Results of EMPAV",
    "link": "mailto:media@apellis.com",
    "timestamp": "unknown"
  },
  {
    "title": "Media Contact:Tracy Vineismedia@apellis.com() -YearAllDecember ,The New England Journal of Medicine Publishes Positive Phase  VALIANT Results of EMPAV",
    "link": "mailto:media@apellis.com",
    "timestamp": "unknown"
  },
  {
    "title": "Media Contact:Tracy Vineismedia@apellis.com() -",
    "link": "mailto:media@apellis.com",
    "timestamp": "unknown"
  },
  {
    "title": "Media Contact:Tracy Vineismedia@apellis.com() -",
    "link": "mailto:media@apellis.com",
    "timestamp": "unknown"
  },
  {
    "title": "Media Contact:Tracy Vineismedia@apellis.com() -",
    "link": "mailto:media@apellis.com",
    "timestamp": "unknown"
  },
  {
    "title": "Media Contact:Tracy Vineismedia@apellis.com() -",
    "link": "mailto:media@apellis.com",
    "timestamp": "unknown"
  },
  {
    "title": "YearAllDecember ,The New England Journal of Medicine Publishes Positive Phase  VALIANT Results of EMPAVELI\u00ae (pegcetacoplan) for C3G and Primary IC-MPG",
    "link": "https://investors.apellis.com/news-releases/news-release-details/new-england-journal-medicine-publishes-positive-phase--valiant",
    "timestamp": "unknown"
  },
  {
    "title": "December ,The New England Journal of Medicine Publishes Positive Phase  VALIANT Results of EMPAVELI\u00ae (pegcetacoplan) for C3G and Primary IC-MPGN",
    "link": "https://investors.apellis.com/news-releases/news-release-details/new-england-journal-medicine-publishes-positive-phase--valiant",
    "timestamp": "unknown"
  },
  {
    "title": "November ,Apellis Pharmaceuticals to Participate in Upcoming Investor Conferences",
    "link": "https://investors.apellis.com/news-releases/news-release-details/apellis-pharmaceuticals-participate-upcoming-investor-",
    "timestamp": "unknown"
  },
  {
    "title": "November ,Apellis Announces -Year GALE Data Showing SYFOVRE\u00ae (pegcetacoplan injection) Delayed Progression of Geographic Atrophy by ~. Years",
    "link": "https://investors.apellis.com/news-releases/news-release-details/apellis-announces--year-gale-data-showing-syfovrer",
    "timestamp": "unknown"
  },
  {
    "title": "November ,Apellis Pharmaceuticals to Present at the Stifel  Healthcare Conference",
    "link": "https://investors.apellis.com/news-releases/news-release-details/apellis-pharmaceuticals-present-stifel--healthcare",
    "timestamp": "unknown"
  },
  {
    "title": "October ,Apellis Pharmaceuticals Reports Third Quarter  Financial Results",
    "link": "https://investors.apellis.com/news-releases/news-release-details/apellis-pharmaceuticals-reports-third-quarter--financial",
    "timestamp": "unknown"
  },
  {
    "title": "October ,New One-Year Data Reinforcing the Robust and Sustained Efficacy of EMPAVELI\u00ae (pegcetacoplan) in C3G and Primary IC-MPGN to be Presented at AS",
    "link": "https://investors.apellis.com/news-releases/news-release-details/new-one-year-data-reinforcing-robust-and-sustained-efficacy",
    "timestamp": "unknown"
  },
  {
    "title": "October ,Apellis Pharmaceuticals to Host Conference Call on October , , to Discuss Third Quarter  Financial Results",
    "link": "https://investors.apellis.com/news-releases/news-release-details/apellis-pharmaceuticals-host-conference-call-october--",
    "timestamp": "unknown"
  },
  {
    "title": "August ,Apellis Pharmaceuticals to Participate in Upcoming Investor Conferences",
    "link": "https://investors.apellis.com/news-releases/news-release-details/apellis-pharmaceuticals-participate-upcoming-investor-",
    "timestamp": "unknown"
  },
  {
    "title": "July ,Apellis Pharmaceuticals Reports Second Quarter  Financial Results",
    "link": "https://investors.apellis.com/news-releases/news-release-details/apellis-pharmaceuticals-reports-second-quarter--financial",
    "timestamp": "unknown"
  },
  {
    "title": "July ,FDA Approves Apellis\u2019 EMPAVELI\u00ae (pegcetacoplan) as the First C3G and Primary IC-MPGN Treatment for Patients  and Older",
    "link": "https://investors.apellis.com/news-releases/news-release-details/fda-approves-apellis-empavelir-pegcetacoplan-first-c3g-and",
    "timestamp": "unknown"
  },
  {
    "title": "PaginationCurrent pagePagePage\u2026Next page\u203aLast page\u00bbDisplaying  -  of",
    "link": "https://investors.apellis.com/news-releases?page=",
    "timestamp": "unknown"
  },
  {
    "title": "PaginationCurrent pagePagePage\u2026Next page\u203aLast page\u00bbDisplaying  -  of",
    "link": "https://investors.apellis.com/news-releases?page=",
    "timestamp": "unknown"
  },
  {
    "title": "PaginationCurrent pagePagePage\u2026Next page\u203aLast page\u00bb",
    "link": "https://investors.apellis.com/news-releases?page=",
    "timestamp": "unknown"
  },
  {
    "title": "PaginationCurrent pagePagePage\u2026Next page\u203aLast page\u00bb",
    "link": "https://investors.apellis.com/news-releases?page=",
    "timestamp": "unknown"
  },
  {
    "title": "Current page",
    "link": "https://investors.apellis.com/news-releases?page=",
    "timestamp": "unknown"
  },
  {
    "title": "Page",
    "link": "https://investors.apellis.com/news-releases?page=",
    "timestamp": "unknown"
  },
  {
    "title": "Page",
    "link": "https://investors.apellis.com/news-releases?page=",
    "timestamp": "unknown"
  },
  {
    "title": "Next page\u203a",
    "link": "https://investors.apellis.com/news-releases?page=",
    "timestamp": "unknown"
  },
  {
    "title": "Last page\u00bb",
    "link": "https://investors.apellis.com/news-releases?page=",
    "timestamp": "unknown"
  },
  {
    "title": "Site - Investor ToolkitPrint PageEmail AlertsRSS FeedsContact IR",
    "link": "https://investors.apellis.com/news-releases#print-page",
    "timestamp": "unknown"
  },
  {
    "title": "Site - Investor ToolkitPrint PageEmail AlertsRSS FeedsContact IR",
    "link": "https://investors.apellis.com/news-releases#print-page",
    "timestamp": "unknown"
  },
  {
    "title": "Print PageEmail AlertsRSS FeedsContact IR",
    "link": "https://investors.apellis.com/news-releases#print-page",
    "timestamp": "unknown"
  },
  {
    "title": "Stay ConnectedVisit us on TwitterVisit us on LinkedInJoin our team of experts working to develop transformative therapiesfor people living with a broa",
    "link": "https://twitter.com/ApellisPharma",
    "timestamp": "unknown"
  },
  {
    "title": "Stay ConnectedVisit us on TwitterVisit us on LinkedIn",
    "link": "https://twitter.com/ApellisPharma",
    "timestamp": "unknown"
  },
  {
    "title": "Visit us on TwitterVisit us on LinkedIn",
    "link": "https://twitter.com/ApellisPharma",
    "timestamp": "unknown"
  },
  {
    "title": "Visit us on Twitter",
    "link": "https://twitter.com/ApellisPharma",
    "timestamp": "unknown"
  },
  {
    "title": "Visit us on LinkedIn",
    "link": "https://www.linkedin.com/company/apellis?trk=company_logo",
    "timestamp": "unknown"
  },
  {
    "title": "Join our team of experts working to develop transformative therapiesfor people living with a broad range of serious diseases.Careers",
    "link": "https://apellis.com/careers/our-culture/",
    "timestamp": "unknown"
  },
  {
    "title": "Join our team of experts working to develop transformative therapiesfor people living with a broad range of serious diseases.Careers",
    "link": "https://apellis.com/careers/our-culture/",
    "timestamp": "unknown"
  },
  {
    "title": "Join our team of experts working to develop transformative therapiesfor people living with a broad range of serious diseases.Careers",
    "link": "https://apellis.com/careers/our-culture/",
    "timestamp": "unknown"
  },
  {
    "title": "Join our team of experts working to develop transformative therapiesfor people living with a broad range of serious diseases.Careers",
    "link": "https://apellis.com/careers/our-culture/",
    "timestamp": "unknown"
  },
  {
    "title": "Privacy Policy",
    "link": "https://apellis.com/privacy-policy/",
    "timestamp": "unknown"
  },
  {
    "title": "Product Patents",
    "link": "https://apellis.com/product-patents/",
    "timestamp": "unknown"
  },
  {
    "title": "Contact Us",
    "link": "https://apellis.com/contact-us/",
    "timestamp": "unknown"
  },
  {
    "title": "Supplier Code of Conduct",
    "link": "https://apellis.com/contact-us/supplier-code-of-conduct/",
    "timestamp": "unknown"
  }
]