[
  {
    "title": "Healthcare ProvidersFor PatientsAbout UsWho We AreOur TeamBoard of DirectorsCorporate GivingOur ScienceOur ScienceOur PipelineClinical TrialsFocus Are",
    "link": "https://apellis.com/",
    "timestamp": "unknown"
  },
  {
    "title": "Healthcare ProvidersFor PatientsAbout UsWho We AreOur TeamBoard of DirectorsCorporate GivingOur ScienceOur ScienceOur PipelineClinical TrialsFocus Are",
    "link": "https://apellis.com/",
    "timestamp": "unknown"
  },
  {
    "title": "Healthcare ProvidersFor PatientsAbout UsWho We AreOur TeamBoard of DirectorsCorporate GivingOur ScienceOur ScienceOur PipelineClinical TrialsFocus Are",
    "link": "https://apellismedicalhub.com/",
    "timestamp": "unknown"
  },
  {
    "title": "Healthcare Providers",
    "link": "https://apellismedicalhub.com/",
    "timestamp": "unknown"
  },
  {
    "title": "For Patients",
    "link": "https://apellis.com/for-patients/",
    "timestamp": "unknown"
  },
  {
    "title": "About UsWho We AreOur TeamBoard of DirectorsCorporate Giving",
    "link": "https://apellis.com/about-us/who-we-are/",
    "timestamp": "unknown"
  },
  {
    "title": "Who We Are",
    "link": "https://apellis.com/about-us/who-we-are/",
    "timestamp": "unknown"
  },
  {
    "title": "Our Team",
    "link": "https://apellis.com/about-us/our-team/",
    "timestamp": "unknown"
  },
  {
    "title": "Board of Directors",
    "link": "https://apellis.com/about-us/board-of-directors/",
    "timestamp": "unknown"
  },
  {
    "title": "Corporate Giving",
    "link": "https://apellis.com/about-us/corporate-giving/",
    "timestamp": "unknown"
  },
  {
    "title": "Our ScienceOur ScienceOur PipelineClinical Trials",
    "link": "https://apellis.com/our-science/science-of-c3/",
    "timestamp": "unknown"
  },
  {
    "title": "Our Science",
    "link": "https://apellis.com/our-science/science-of-c3/",
    "timestamp": "unknown"
  },
  {
    "title": "Our Pipeline",
    "link": "https://apellis.com/our-science/our-pipeline/",
    "timestamp": "unknown"
  },
  {
    "title": "Clinical Trials",
    "link": "https://apellis.com/our-science/clinical-trials/",
    "timestamp": "unknown"
  },
  {
    "title": "Focus AreasOphthalmologyRare DiseaseResearch",
    "link": "https://apellis.com/focus-areas/",
    "timestamp": "unknown"
  },
  {
    "title": "Ophthalmology",
    "link": "https://apellis.com/focus-areas/ophthalmology/",
    "timestamp": "unknown"
  },
  {
    "title": "Rare Disease",
    "link": "https://apellis.com/focus-areas/rare-disease/",
    "timestamp": "unknown"
  },
  {
    "title": "Research",
    "link": "https://apellis.com/focus-areas/research/",
    "timestamp": "unknown"
  },
  {
    "title": "Our Products",
    "link": "https://apellis.com/our-products/",
    "timestamp": "unknown"
  },
  {
    "title": "CareersOur CultureBenefitsOpen Positions",
    "link": "https://apellis.com/careers/our-culture/",
    "timestamp": "unknown"
  },
  {
    "title": "Our Culture",
    "link": "https://apellis.com/careers/our-culture/",
    "timestamp": "unknown"
  },
  {
    "title": "Benefits",
    "link": "https://apellis.com/careers/benefits/",
    "timestamp": "unknown"
  },
  {
    "title": "Open Positions",
    "link": "https://apellis.com/careers/open-positions/",
    "timestamp": "unknown"
  },
  {
    "title": "Investors & MediaOverviewStock InformationNews ReleasesEvents & PresentationsCorporate GovernanceFinancials & FilingsInvestor FAQsInvestor Resources",
    "link": "https://investors.apellis.com/",
    "timestamp": "unknown"
  },
  {
    "title": "Overview",
    "link": "https://investors.apellis.com/",
    "timestamp": "unknown"
  },
  {
    "title": "Stock Information",
    "link": "https://investors.apellis.com/stock-information",
    "timestamp": "unknown"
  },
  {
    "title": "News Releases",
    "link": "https://investors.apellis.com/news-releases",
    "timestamp": "unknown"
  },
  {
    "title": "Events & Presentations",
    "link": "https://investors.apellis.com/events-and-presentations",
    "timestamp": "unknown"
  },
  {
    "title": "Corporate Governance",
    "link": "https://investors.apellis.com/corporate-governance",
    "timestamp": "unknown"
  },
  {
    "title": "Financials & Filings",
    "link": "https://investors.apellis.com/financial-and-filings",
    "timestamp": "unknown"
  },
  {
    "title": "Investor FAQs",
    "link": "https://investors.apellis.com/investor-faqs",
    "timestamp": "unknown"
  },
  {
    "title": "Investor Resources",
    "link": "https://investors.apellis.com/investor-resources",
    "timestamp": "unknown"
  },
  {
    "title": "About UsWho We AreOur TeamBoard of DirectorsCorporate GivingOur ScienceOur ScienceOur PipelineClinical TrialsFocus AreasOphthalmologyRare DiseaseResea",
    "link": "https://apellis.com/about-us/who-we-are/",
    "timestamp": "unknown"
  },
  {
    "title": "About UsWho We AreOur TeamBoard of DirectorsCorporate GivingOur ScienceOur ScienceOur PipelineClinical TrialsFocus AreasOphthalmologyRare DiseaseResea",
    "link": "https://apellis.com/about-us/who-we-are/",
    "timestamp": "unknown"
  },
  {
    "title": "About UsWho We AreOur TeamBoard of DirectorsCorporate Giving",
    "link": "https://apellis.com/about-us/who-we-are/",
    "timestamp": "unknown"
  },
  {
    "title": "Who We Are",
    "link": "https://apellis.com/about-us/who-we-are/",
    "timestamp": "unknown"
  },
  {
    "title": "Our Team",
    "link": "https://apellis.com/about-us/our-team/",
    "timestamp": "unknown"
  },
  {
    "title": "Board of Directors",
    "link": "https://apellis.com/about-us/board-of-directors/",
    "timestamp": "unknown"
  },
  {
    "title": "Corporate Giving",
    "link": "https://apellis.com/about-us/corporate-giving/",
    "timestamp": "unknown"
  },
  {
    "title": "Our ScienceOur ScienceOur PipelineClinical Trials",
    "link": "https://apellis.com/our-science/science-of-c3/",
    "timestamp": "unknown"
  },
  {
    "title": "Our Science",
    "link": "https://apellis.com/our-science/science-of-c3/",
    "timestamp": "unknown"
  },
  {
    "title": "Our Pipeline",
    "link": "https://apellis.com/our-science/our-pipeline/",
    "timestamp": "unknown"
  },
  {
    "title": "Clinical Trials",
    "link": "https://apellis.com/our-science/clinical-trials/",
    "timestamp": "unknown"
  },
  {
    "title": "Focus AreasOphthalmologyRare DiseaseResearch",
    "link": "https://apellis.com/focus-areas/",
    "timestamp": "unknown"
  },
  {
    "title": "Ophthalmology",
    "link": "https://apellis.com/focus-areas/ophthalmology/",
    "timestamp": "unknown"
  },
  {
    "title": "Rare Disease",
    "link": "https://apellis.com/focus-areas/rare-disease/",
    "timestamp": "unknown"
  },
  {
    "title": "Research",
    "link": "https://apellis.com/focus-areas/research/",
    "timestamp": "unknown"
  },
  {
    "title": "Our Products",
    "link": "https://apellis.com/our-products/",
    "timestamp": "unknown"
  },
  {
    "title": "CareersOur CultureBenefitsOpen Positions",
    "link": "https://apellis.com/careers/our-culture/",
    "timestamp": "unknown"
  },
  {
    "title": "Our Culture",
    "link": "https://apellis.com/careers/our-culture/",
    "timestamp": "unknown"
  },
  {
    "title": "Benefits",
    "link": "https://apellis.com/careers/benefits/",
    "timestamp": "unknown"
  },
  {
    "title": "Open Positions",
    "link": "https://apellis.com/careers/open-positions/",
    "timestamp": "unknown"
  },
  {
    "title": "Investors & MediaOverviewStock InformationNews ReleasesEvents & PresentationsCorporate GovernanceFinancials & FilingsInvestor FAQsInvestor Resources",
    "link": "https://investors.apellis.com/",
    "timestamp": "unknown"
  },
  {
    "title": "Overview",
    "link": "https://investors.apellis.com/",
    "timestamp": "unknown"
  },
  {
    "title": "Stock Information",
    "link": "https://investors.apellis.com/stock-information",
    "timestamp": "unknown"
  },
  {
    "title": "News Releases",
    "link": "https://investors.apellis.com/news-releases",
    "timestamp": "unknown"
  },
  {
    "title": "Events & Presentations",
    "link": "https://investors.apellis.com/events-and-presentations",
    "timestamp": "unknown"
  },
  {
    "title": "Corporate Governance",
    "link": "https://investors.apellis.com/corporate-governance",
    "timestamp": "unknown"
  },
  {
    "title": "Financials & Filings",
    "link": "https://investors.apellis.com/financial-and-filings",
    "timestamp": "unknown"
  },
  {
    "title": "Investor FAQs",
    "link": "https://investors.apellis.com/investor-faqs",
    "timestamp": "unknown"
  },
  {
    "title": "Investor Resources",
    "link": "https://investors.apellis.com/investor-resources",
    "timestamp": "unknown"
  },
  {
    "title": "Healthcare Providers",
    "link": "https://apellismedicalhub.com/",
    "timestamp": "unknown"
  },
  {
    "title": "For Patients",
    "link": "https://apellis.com/for-patients/",
    "timestamp": "unknown"
  },
  {
    "title": "SEC FilingsGroup,,Annual FilingsCurrent ReportsMergers & AcquisitionsOtherProxy CardProxy FilingsQuarterly FilingsRegistration StatementsFiling yearAl",
    "link": "https://investors.apellis.com/financial-and-filings?items_per_page=&order=field_nir_sec_date_filed&sort=asc",
    "timestamp": "unknown"
  },
  {
    "title": "SEC FilingsGroup,,Annual FilingsCurrent ReportsMergers & AcquisitionsOtherProxy CardProxy FilingsQuarterly FilingsRegistration StatementsFiling yearAl",
    "link": "https://investors.apellis.com/financial-and-filings?items_per_page=&order=field_nir_sec_date_filed&sort=asc",
    "timestamp": "unknown"
  },
  {
    "title": "SEC FilingsGroup,,Annual FilingsCurrent ReportsMergers & AcquisitionsOtherProxy CardProxy FilingsQuarterly FilingsRegistration StatementsFiling yearAl",
    "link": "https://investors.apellis.com/financial-and-filings?items_per_page=&order=field_nir_sec_date_filed&sort=asc",
    "timestamp": "unknown"
  },
  {
    "title": "SEC FilingsGroup,,Annual FilingsCurrent ReportsMergers & AcquisitionsOtherProxy CardProxy FilingsQuarterly FilingsRegistration StatementsFiling yearAl",
    "link": "https://investors.apellis.com/financial-and-filings?items_per_page=&order=field_nir_sec_date_filed&sort=asc",
    "timestamp": "unknown"
  },
  {
    "title": "SEC FilingsGroup,,Annual FilingsCurrent ReportsMergers & AcquisitionsOtherProxy CardProxy FilingsQuarterly FilingsRegistration StatementsFiling yearAl",
    "link": "https://investors.apellis.com/financial-and-filings?items_per_page=&order=field_nir_sec_date_filed&sort=asc",
    "timestamp": "unknown"
  },
  {
    "title": "SEC FilingsGroup,,Annual FilingsCurrent ReportsMergers & AcquisitionsOtherProxy CardProxy FilingsQuarterly FilingsRegistration StatementsFiling yearAl",
    "link": "https://investors.apellis.com/financial-and-filings?items_per_page=&order=field_nir_sec_date_filed&sort=asc",
    "timestamp": "unknown"
  },
  {
    "title": "SEC FilingsGroup,,Annual FilingsCurrent ReportsMergers & AcquisitionsOtherProxy CardProxy FilingsQuarterly FilingsRegistration StatementsFiling yearAl",
    "link": "https://investors.apellis.com/financial-and-filings?items_per_page=&order=field_nir_sec_date_filed&sort=asc",
    "timestamp": "unknown"
  },
  {
    "title": "SEC FilingsGroup,,Annual FilingsCurrent ReportsMergers & AcquisitionsOtherProxy CardProxy FilingsQuarterly FilingsRegistration StatementsFiling yearAl",
    "link": "https://investors.apellis.com/financial-and-filings?items_per_page=&order=field_nir_sec_date_filed&sort=asc",
    "timestamp": "unknown"
  },
  {
    "title": "Group,,Annual FilingsCurrent ReportsMergers & AcquisitionsOtherProxy CardProxy FilingsQuarterly FilingsRegistration StatementsFiling yearAllFiling dat",
    "link": "https://investors.apellis.com/financial-and-filings?items_per_page=&order=field_nir_sec_date_filed&sort=asc",
    "timestamp": "unknown"
  },
  {
    "title": "Group,,Annual FilingsCurrent ReportsMergers & AcquisitionsOtherProxy CardProxy FilingsQuarterly FilingsRegistration StatementsFiling yearAllFiling dat",
    "link": "https://investors.apellis.com/financial-and-filings?items_per_page=&order=field_nir_sec_date_filed&sort=asc",
    "timestamp": "unknown"
  },
  {
    "title": "Filing dateDescriptionFormFiling GroupViewOct ,Filed by \"insiders\" prior intended sale of restricted stock.Other--.pdf--.rtfView HTMLOct ,Statement of",
    "link": "https://investors.apellis.com/financial-and-filings?items_per_page=&order=field_nir_sec_date_filed&sort=asc",
    "timestamp": "unknown"
  },
  {
    "title": "Filing dateDescriptionFormFiling GroupView",
    "link": "https://investors.apellis.com/financial-and-filings?items_per_page=&order=field_nir_sec_date_filed&sort=asc",
    "timestamp": "unknown"
  },
  {
    "title": "Oct ,Filed by \"insiders\" prior intended sale of restricted stock.Other--.pdf--.rtfView HTML",
    "link": "https://investors.apellis.com/sec-filings/sec-filing//--",
    "timestamp": "unknown"
  },
  {
    "title": "--.pdf--.rtfView HTML",
    "link": "https://investors.apellis.com/static-files/a95cf631-11c2-40ca-a18f-32dae1aa2808",
    "timestamp": "unknown"
  },
  {
    "title": "--.pdf",
    "link": "https://investors.apellis.com/static-files/a95cf631-11c2-40ca-a18f-32dae1aa2808",
    "timestamp": "unknown"
  },
  {
    "title": "--.rtf",
    "link": "https://investors.apellis.com/static-files/2f5bdc00-fae6-4a7c--2a686df57e01",
    "timestamp": "unknown"
  },
  {
    "title": "Oct ,Statement of changes in beneficial ownership of securities,,--.pdf--.rtf--.xlsView HTML",
    "link": "https://investors.apellis.com/sec-filings/sec-filing//--",
    "timestamp": "unknown"
  },
  {
    "title": "--.pdf--.rtf--.xlsView HTML",
    "link": "https://investors.apellis.com/static-files/4b8ed3f8-b934-4c1d-be8c-6c69c4b59a62",
    "timestamp": "unknown"
  },
  {
    "title": "--.pdf",
    "link": "https://investors.apellis.com/static-files/4b8ed3f8-b934-4c1d-be8c-6c69c4b59a62",
    "timestamp": "unknown"
  },
  {
    "title": "--.rtf",
    "link": "https://investors.apellis.com/static-files/d6f09a2a--4f5a-b5af-44f8a738bcfd",
    "timestamp": "unknown"
  },
  {
    "title": "--.xls",
    "link": "https://investors.apellis.com/static-files/fb8838f7-a21b-48d7-ad99-31bd6cf1035d",
    "timestamp": "unknown"
  },
  {
    "title": "Oct ,Filed by \"insiders\" prior intended sale of restricted stock.Other--.pdf--.rtf--.xlsView HTML",
    "link": "https://investors.apellis.com/sec-filings/sec-filing//--",
    "timestamp": "unknown"
  },
  {
    "title": "--.pdf--.rtf--.xlsView HTML",
    "link": "https://investors.apellis.com/static-files/e4e67ffe-5f2f-4b72-80ff-b2c35981b19c",
    "timestamp": "unknown"
  },
  {
    "title": "--.pdf",
    "link": "https://investors.apellis.com/static-files/e4e67ffe-5f2f-4b72-80ff-b2c35981b19c",
    "timestamp": "unknown"
  },
  {
    "title": "--.rtf",
    "link": "https://investors.apellis.com/static-files/ce1b90a6-31cf-4e4c--7f0fad7ae4c5",
    "timestamp": "unknown"
  },
  {
    "title": "--.xls",
    "link": "https://investors.apellis.com/static-files/4caa8fc6-09bf--be50-b2de8e1fe83f",
    "timestamp": "unknown"
  },
  {
    "title": "Oct ,Statement of changes in beneficial ownership of securities,,--.pdf--.rtf--.xlsView HTML",
    "link": "https://investors.apellis.com/sec-filings/sec-filing//--",
    "timestamp": "unknown"
  },
  {
    "title": "--.pdf--.rtf--.xlsView HTML",
    "link": "https://investors.apellis.com/static-files/87a5cd07-d76a--8c57-ca6cd7d99d2f",
    "timestamp": "unknown"
  },
  {
    "title": "--.pdf",
    "link": "https://investors.apellis.com/static-files/87a5cd07-d76a--8c57-ca6cd7d99d2f",
    "timestamp": "unknown"
  },
  {
    "title": "--.rtf",
    "link": "https://investors.apellis.com/static-files/95d4e89e-8cd7-4b1c-a4c3-2f5c54f5ac74",
    "timestamp": "unknown"
  },
  {
    "title": "--.xls",
    "link": "https://investors.apellis.com/static-files/33aca4c8-506a--a507-75251ad57b0d",
    "timestamp": "unknown"
  },
  {
    "title": "Oct ,Statement of changes in beneficial ownership of securities,,--.pdf--.rtf--.xlsView HTML",
    "link": "https://investors.apellis.com/sec-filings/sec-filing//--",
    "timestamp": "unknown"
  },
  {
    "title": "--.pdf--.rtf--.xlsView HTML",
    "link": "https://investors.apellis.com/static-files/8ca00192-451a-4d76-98f4-40f08342ff54",
    "timestamp": "unknown"
  },
  {
    "title": "--.pdf",
    "link": "https://investors.apellis.com/static-files/8ca00192-451a-4d76-98f4-40f08342ff54",
    "timestamp": "unknown"
  },
  {
    "title": "--.rtf",
    "link": "https://investors.apellis.com/static-files/cff3f9b8-ff35-4e25-a52b-e6234214622c",
    "timestamp": "unknown"
  },
  {
    "title": "--.xls",
    "link": "https://investors.apellis.com/static-files/4624bc19-edaa-4ddb-93c9-6b41a052d840",
    "timestamp": "unknown"
  },
  {
    "title": "Sep ,Filed by \"insiders\" prior intended sale of restricted stock.Other--.pdf--.rtf--.xlsView HTML",
    "link": "https://investors.apellis.com/sec-filings/sec-filing//--",
    "timestamp": "unknown"
  },
  {
    "title": "--.pdf--.rtf--.xlsView HTML",
    "link": "https://investors.apellis.com/static-files/16ea7998---8d7f-5b76dc5da7db",
    "timestamp": "unknown"
  },
  {
    "title": "--.pdf",
    "link": "https://investors.apellis.com/static-files/16ea7998---8d7f-5b76dc5da7db",
    "timestamp": "unknown"
  },
  {
    "title": "--.rtf",
    "link": "https://investors.apellis.com/static-files/69b55cd3-b27d-4b8c-990a-121d4a4a43d9",
    "timestamp": "unknown"
  },
  {
    "title": "--.xls",
    "link": "https://investors.apellis.com/static-files/030e4f44-d02a-421e-b28d-fc6c8e3be661",
    "timestamp": "unknown"
  },
  {
    "title": "Sep ,Statement of changes in beneficial ownership of securities,,--.pdf--.rtf--.xlsView HTML",
    "link": "https://investors.apellis.com/sec-filings/sec-filing//--",
    "timestamp": "unknown"
  },
  {
    "title": "--.pdf--.rtf--.xlsView HTML",
    "link": "https://investors.apellis.com/static-files/4ff88d70-cfab-49b1-8cd9-b7aa186cee3b",
    "timestamp": "unknown"
  },
  {
    "title": "--.pdf",
    "link": "https://investors.apellis.com/static-files/4ff88d70-cfab-49b1-8cd9-b7aa186cee3b",
    "timestamp": "unknown"
  },
  {
    "title": "--.rtf",
    "link": "https://investors.apellis.com/static-files/82a08f3b-2dc0--bc38-53aa53877ce3",
    "timestamp": "unknown"
  },
  {
    "title": "--.xls",
    "link": "https://investors.apellis.com/static-files/174f21aa-9de3-428f-8c16-ffc0fd74707a",
    "timestamp": "unknown"
  },
  {
    "title": "Sep ,Statement of changes in beneficial ownership of securities,,--.pdf--.rtf--.xlsView HTML",
    "link": "https://investors.apellis.com/sec-filings/sec-filing//--",
    "timestamp": "unknown"
  },
  {
    "title": "--.pdf--.rtf--.xlsView HTML",
    "link": "https://investors.apellis.com/static-files/c9c8472e-5d2d-48dc-bc09-07aadf16b61a",
    "timestamp": "unknown"
  },
  {
    "title": "--.pdf",
    "link": "https://investors.apellis.com/static-files/c9c8472e-5d2d-48dc-bc09-07aadf16b61a",
    "timestamp": "unknown"
  },
  {
    "title": "--.rtf",
    "link": "https://investors.apellis.com/static-files/e2b40732-fc95-481c-abf2-3458532d976b",
    "timestamp": "unknown"
  },
  {
    "title": "--.xls",
    "link": "https://investors.apellis.com/static-files/4e1590c2-620b-409a-ad23-8ad6852586a5",
    "timestamp": "unknown"
  },
  {
    "title": "Sep ,Statement of changes in beneficial ownership of securities,,--.pdf--.rtf--.xlsView HTML",
    "link": "https://investors.apellis.com/sec-filings/sec-filing//--",
    "timestamp": "unknown"
  },
  {
    "title": "--.pdf--.rtf--.xlsView HTML",
    "link": "https://investors.apellis.com/static-files/009856d3-60fd-4ec5-a243-8e8230383648",
    "timestamp": "unknown"
  },
  {
    "title": "--.pdf",
    "link": "https://investors.apellis.com/static-files/009856d3-60fd-4ec5-a243-8e8230383648",
    "timestamp": "unknown"
  },
  {
    "title": "--.rtf",
    "link": "https://investors.apellis.com/static-files/61bff4cc-153b-446a-ad70-fdaaf2bdcfe0",
    "timestamp": "unknown"
  },
  {
    "title": "--.xls",
    "link": "https://investors.apellis.com/static-files/c1c9ab88-fb86-45e8-a2f4-48bf8e5d30b7",
    "timestamp": "unknown"
  },
  {
    "title": "Sep ,Filed by \"insiders\" prior intended sale of restricted stock. Non-EDGAR filingOther--.pdf--.rtf--.xlsView HTML",
    "link": "https://investors.apellis.com/sec-filings/sec-filing//--",
    "timestamp": "unknown"
  },
  {
    "title": "--.pdf--.rtf--.xlsView HTML",
    "link": "https://investors.apellis.com/static-files/0cfdd989-e87c-426a--f98e6f132e2b",
    "timestamp": "unknown"
  },
  {
    "title": "--.pdf",
    "link": "https://investors.apellis.com/static-files/0cfdd989-e87c-426a--f98e6f132e2b",
    "timestamp": "unknown"
  },
  {
    "title": "--.rtf",
    "link": "https://investors.apellis.com/static-files/13584f0c-5af7--9e73-e466f6675d0b",
    "timestamp": "unknown"
  },
  {
    "title": "--.xls",
    "link": "https://investors.apellis.com/static-files/f00d4758-a707-48a2-923a-aef5b21cf506",
    "timestamp": "unknown"
  },
  {
    "title": "PaginationCurrent pagePagePage\u2026Next page\u203aLast page\u00bb",
    "link": "https://investors.apellis.com/financial-and-filings?&field_nir_sec_cik_target_id=&field_nir_sec_date_filed_value=&&&items_per_page_toggle=&page=",
    "timestamp": "unknown"
  },
  {
    "title": "PaginationCurrent pagePagePage\u2026Next page\u203aLast page\u00bb",
    "link": "https://investors.apellis.com/financial-and-filings?&field_nir_sec_cik_target_id=&field_nir_sec_date_filed_value=&&&items_per_page_toggle=&page=",
    "timestamp": "unknown"
  },
  {
    "title": "Current page",
    "link": "https://investors.apellis.com/financial-and-filings?&field_nir_sec_cik_target_id=&field_nir_sec_date_filed_value=&&&items_per_page_toggle=&page=",
    "timestamp": "unknown"
  },
  {
    "title": "Page",
    "link": "https://investors.apellis.com/financial-and-filings?&field_nir_sec_cik_target_id=&field_nir_sec_date_filed_value=&&&items_per_page_toggle=&page=",
    "timestamp": "unknown"
  },
  {
    "title": "Page",
    "link": "https://investors.apellis.com/financial-and-filings?&field_nir_sec_cik_target_id=&field_nir_sec_date_filed_value=&&&items_per_page_toggle=&page=",
    "timestamp": "unknown"
  },
  {
    "title": "Next page\u203a",
    "link": "https://investors.apellis.com/financial-and-filings?&field_nir_sec_cik_target_id=&field_nir_sec_date_filed_value=&&&items_per_page_toggle=&page=",
    "timestamp": "unknown"
  },
  {
    "title": "Last page\u00bb",
    "link": "https://investors.apellis.com/financial-and-filings?&field_nir_sec_cik_target_id=&field_nir_sec_date_filed_value=&&&items_per_page_toggle=&page=",
    "timestamp": "unknown"
  },
  {
    "title": "Data provided byKaleidoscope.",
    "link": "https://www.kscope.io",
    "timestamp": "unknown"
  },
  {
    "title": "Data provided byKaleidoscope.",
    "link": "https://www.kscope.io",
    "timestamp": "unknown"
  },
  {
    "title": "Site - Investor ToolkitPrint PageEmail AlertsRSS FeedsContact IR",
    "link": "https://investors.apellis.com/financial-and-filings#print-page",
    "timestamp": "unknown"
  },
  {
    "title": "Site - Investor ToolkitPrint PageEmail AlertsRSS FeedsContact IR",
    "link": "https://investors.apellis.com/financial-and-filings#print-page",
    "timestamp": "unknown"
  },
  {
    "title": "Print PageEmail AlertsRSS FeedsContact IR",
    "link": "https://investors.apellis.com/financial-and-filings#print-page",
    "timestamp": "unknown"
  },
  {
    "title": "Stay ConnectedVisit us on TwitterVisit us on LinkedInJoin our team of experts working to develop transformative therapiesfor people living with a broa",
    "link": "https://twitter.com/ApellisPharma",
    "timestamp": "unknown"
  },
  {
    "title": "Stay ConnectedVisit us on TwitterVisit us on LinkedIn",
    "link": "https://twitter.com/ApellisPharma",
    "timestamp": "unknown"
  },
  {
    "title": "Visit us on TwitterVisit us on LinkedIn",
    "link": "https://twitter.com/ApellisPharma",
    "timestamp": "unknown"
  },
  {
    "title": "Visit us on Twitter",
    "link": "https://twitter.com/ApellisPharma",
    "timestamp": "unknown"
  },
  {
    "title": "Visit us on LinkedIn",
    "link": "https://www.linkedin.com/company/apellis?trk=company_logo",
    "timestamp": "unknown"
  },
  {
    "title": "Join our team of experts working to develop transformative therapiesfor people living with a broad range of serious diseases.Careers",
    "link": "https://apellis.com/careers/our-culture/",
    "timestamp": "unknown"
  },
  {
    "title": "Join our team of experts working to develop transformative therapiesfor people living with a broad range of serious diseases.Careers",
    "link": "https://apellis.com/careers/our-culture/",
    "timestamp": "unknown"
  },
  {
    "title": "Join our team of experts working to develop transformative therapiesfor people living with a broad range of serious diseases.Careers",
    "link": "https://apellis.com/careers/our-culture/",
    "timestamp": "unknown"
  },
  {
    "title": "Join our team of experts working to develop transformative therapiesfor people living with a broad range of serious diseases.Careers",
    "link": "https://apellis.com/careers/our-culture/",
    "timestamp": "unknown"
  },
  {
    "title": "Privacy Policy",
    "link": "https://apellis.com/privacy-policy/",
    "timestamp": "unknown"
  },
  {
    "title": "Product Patents",
    "link": "https://apellis.com/product-patents/",
    "timestamp": "unknown"
  },
  {
    "title": "Contact Us",
    "link": "https://apellis.com/contact-us/",
    "timestamp": "unknown"
  },
  {
    "title": "Supplier Code of Conduct",
    "link": "https://apellis.com/contact-us/supplier-code-of-conduct/",
    "timestamp": "unknown"
  }
]