[
  {
    "title": "Healthcare ProvidersFor PatientsAbout UsWho We AreOur TeamBoard of DirectorsCorporate GivingOur ScienceOur ScienceOur PipelineClinical TrialsFocus Are",
    "link": "https://apellis.com/",
    "timestamp": "unknown"
  },
  {
    "title": "Healthcare ProvidersFor PatientsAbout UsWho We AreOur TeamBoard of DirectorsCorporate GivingOur ScienceOur ScienceOur PipelineClinical TrialsFocus Are",
    "link": "https://apellis.com/",
    "timestamp": "unknown"
  },
  {
    "title": "Healthcare ProvidersFor PatientsAbout UsWho We AreOur TeamBoard of DirectorsCorporate GivingOur ScienceOur ScienceOur PipelineClinical TrialsFocus Are",
    "link": "https://apellismedicalhub.com/",
    "timestamp": "unknown"
  },
  {
    "title": "Healthcare Providers",
    "link": "https://apellismedicalhub.com/",
    "timestamp": "unknown"
  },
  {
    "title": "For Patients",
    "link": "https://apellis.com/for-patients/",
    "timestamp": "unknown"
  },
  {
    "title": "About UsWho We AreOur TeamBoard of DirectorsCorporate Giving",
    "link": "https://apellis.com/about-us/who-we-are/",
    "timestamp": "unknown"
  },
  {
    "title": "Who We Are",
    "link": "https://apellis.com/about-us/who-we-are/",
    "timestamp": "unknown"
  },
  {
    "title": "Our Team",
    "link": "https://apellis.com/about-us/our-team/",
    "timestamp": "unknown"
  },
  {
    "title": "Board of Directors",
    "link": "https://apellis.com/about-us/board-of-directors/",
    "timestamp": "unknown"
  },
  {
    "title": "Corporate Giving",
    "link": "https://apellis.com/about-us/corporate-giving/",
    "timestamp": "unknown"
  },
  {
    "title": "Our ScienceOur ScienceOur PipelineClinical Trials",
    "link": "https://apellis.com/our-science/science-of-c3/",
    "timestamp": "unknown"
  },
  {
    "title": "Our Science",
    "link": "https://apellis.com/our-science/science-of-c3/",
    "timestamp": "unknown"
  },
  {
    "title": "Our Pipeline",
    "link": "https://apellis.com/our-science/our-pipeline/",
    "timestamp": "unknown"
  },
  {
    "title": "Clinical Trials",
    "link": "https://apellis.com/our-science/clinical-trials/",
    "timestamp": "unknown"
  },
  {
    "title": "Focus AreasOphthalmologyRare DiseaseResearch",
    "link": "https://apellis.com/focus-areas/",
    "timestamp": "unknown"
  },
  {
    "title": "Ophthalmology",
    "link": "https://apellis.com/focus-areas/ophthalmology/",
    "timestamp": "unknown"
  },
  {
    "title": "Rare Disease",
    "link": "https://apellis.com/focus-areas/rare-disease/",
    "timestamp": "unknown"
  },
  {
    "title": "Research",
    "link": "https://apellis.com/focus-areas/research/",
    "timestamp": "unknown"
  },
  {
    "title": "Our Products",
    "link": "https://apellis.com/our-products/",
    "timestamp": "unknown"
  },
  {
    "title": "CareersOur CultureBenefitsOpen Positions",
    "link": "https://apellis.com/careers/our-culture/",
    "timestamp": "unknown"
  },
  {
    "title": "Our Culture",
    "link": "https://apellis.com/careers/our-culture/",
    "timestamp": "unknown"
  },
  {
    "title": "Benefits",
    "link": "https://apellis.com/careers/benefits/",
    "timestamp": "unknown"
  },
  {
    "title": "Open Positions",
    "link": "https://apellis.com/careers/open-positions/",
    "timestamp": "unknown"
  },
  {
    "title": "Investors & MediaOverviewStock InformationNews ReleasesEvents & PresentationsCorporate GovernanceFinancials & FilingsInvestor FAQsInvestor Resources",
    "link": "https://investors.apellis.com/",
    "timestamp": "unknown"
  },
  {
    "title": "Overview",
    "link": "https://investors.apellis.com/",
    "timestamp": "unknown"
  },
  {
    "title": "Stock Information",
    "link": "https://investors.apellis.com/stock-information",
    "timestamp": "unknown"
  },
  {
    "title": "News Releases",
    "link": "https://investors.apellis.com/news-releases",
    "timestamp": "unknown"
  },
  {
    "title": "Events & Presentations",
    "link": "https://investors.apellis.com/events-and-presentations",
    "timestamp": "unknown"
  },
  {
    "title": "Corporate Governance",
    "link": "https://investors.apellis.com/corporate-governance",
    "timestamp": "unknown"
  },
  {
    "title": "Financials & Filings",
    "link": "https://investors.apellis.com/financial-and-filings",
    "timestamp": "unknown"
  },
  {
    "title": "Investor FAQs",
    "link": "https://investors.apellis.com/investor-faqs",
    "timestamp": "unknown"
  },
  {
    "title": "Investor Resources",
    "link": "https://investors.apellis.com/investor-resources",
    "timestamp": "unknown"
  },
  {
    "title": "About UsWho We AreOur TeamBoard of DirectorsCorporate GivingOur ScienceOur ScienceOur PipelineClinical TrialsFocus AreasOphthalmologyRare DiseaseResea",
    "link": "https://apellis.com/about-us/who-we-are/",
    "timestamp": "unknown"
  },
  {
    "title": "About UsWho We AreOur TeamBoard of DirectorsCorporate GivingOur ScienceOur ScienceOur PipelineClinical TrialsFocus AreasOphthalmologyRare DiseaseResea",
    "link": "https://apellis.com/about-us/who-we-are/",
    "timestamp": "unknown"
  },
  {
    "title": "About UsWho We AreOur TeamBoard of DirectorsCorporate Giving",
    "link": "https://apellis.com/about-us/who-we-are/",
    "timestamp": "unknown"
  },
  {
    "title": "Who We Are",
    "link": "https://apellis.com/about-us/who-we-are/",
    "timestamp": "unknown"
  },
  {
    "title": "Our Team",
    "link": "https://apellis.com/about-us/our-team/",
    "timestamp": "unknown"
  },
  {
    "title": "Board of Directors",
    "link": "https://apellis.com/about-us/board-of-directors/",
    "timestamp": "unknown"
  },
  {
    "title": "Corporate Giving",
    "link": "https://apellis.com/about-us/corporate-giving/",
    "timestamp": "unknown"
  },
  {
    "title": "Our ScienceOur ScienceOur PipelineClinical Trials",
    "link": "https://apellis.com/our-science/science-of-c3/",
    "timestamp": "unknown"
  },
  {
    "title": "Our Science",
    "link": "https://apellis.com/our-science/science-of-c3/",
    "timestamp": "unknown"
  },
  {
    "title": "Our Pipeline",
    "link": "https://apellis.com/our-science/our-pipeline/",
    "timestamp": "unknown"
  },
  {
    "title": "Clinical Trials",
    "link": "https://apellis.com/our-science/clinical-trials/",
    "timestamp": "unknown"
  },
  {
    "title": "Focus AreasOphthalmologyRare DiseaseResearch",
    "link": "https://apellis.com/focus-areas/",
    "timestamp": "unknown"
  },
  {
    "title": "Ophthalmology",
    "link": "https://apellis.com/focus-areas/ophthalmology/",
    "timestamp": "unknown"
  },
  {
    "title": "Rare Disease",
    "link": "https://apellis.com/focus-areas/rare-disease/",
    "timestamp": "unknown"
  },
  {
    "title": "Research",
    "link": "https://apellis.com/focus-areas/research/",
    "timestamp": "unknown"
  },
  {
    "title": "Our Products",
    "link": "https://apellis.com/our-products/",
    "timestamp": "unknown"
  },
  {
    "title": "CareersOur CultureBenefitsOpen Positions",
    "link": "https://apellis.com/careers/our-culture/",
    "timestamp": "unknown"
  },
  {
    "title": "Our Culture",
    "link": "https://apellis.com/careers/our-culture/",
    "timestamp": "unknown"
  },
  {
    "title": "Benefits",
    "link": "https://apellis.com/careers/benefits/",
    "timestamp": "unknown"
  },
  {
    "title": "Open Positions",
    "link": "https://apellis.com/careers/open-positions/",
    "timestamp": "unknown"
  },
  {
    "title": "Investors & MediaOverviewStock InformationNews ReleasesEvents & PresentationsCorporate GovernanceFinancials & FilingsInvestor FAQsInvestor Resources",
    "link": "https://investors.apellis.com/",
    "timestamp": "unknown"
  },
  {
    "title": "Overview",
    "link": "https://investors.apellis.com/",
    "timestamp": "unknown"
  },
  {
    "title": "Stock Information",
    "link": "https://investors.apellis.com/stock-information",
    "timestamp": "unknown"
  },
  {
    "title": "News Releases",
    "link": "https://investors.apellis.com/news-releases",
    "timestamp": "unknown"
  },
  {
    "title": "Events & Presentations",
    "link": "https://investors.apellis.com/events-and-presentations",
    "timestamp": "unknown"
  },
  {
    "title": "Corporate Governance",
    "link": "https://investors.apellis.com/corporate-governance",
    "timestamp": "unknown"
  },
  {
    "title": "Financials & Filings",
    "link": "https://investors.apellis.com/financial-and-filings",
    "timestamp": "unknown"
  },
  {
    "title": "Investor FAQs",
    "link": "https://investors.apellis.com/investor-faqs",
    "timestamp": "unknown"
  },
  {
    "title": "Investor Resources",
    "link": "https://investors.apellis.com/investor-resources",
    "timestamp": "unknown"
  },
  {
    "title": "Healthcare Providers",
    "link": "https://apellismedicalhub.com/",
    "timestamp": "unknown"
  },
  {
    "title": "For Patients",
    "link": "https://apellis.com/for-patients/",
    "timestamp": "unknown"
  },
  {
    "title": "SEC FilingsGroup,,Annual FilingsCurrent ReportsMergers & AcquisitionsOtherProxy CardProxy FilingsQuarterly FilingsRegistration StatementsFiling yearAl",
    "link": "https://investors.apellis.com/financial-and-filings?items_per_page=&order=field_nir_sec_date_filed&sort=asc",
    "timestamp": "unknown"
  },
  {
    "title": "SEC FilingsGroup,,Annual FilingsCurrent ReportsMergers & AcquisitionsOtherProxy CardProxy FilingsQuarterly FilingsRegistration StatementsFiling yearAl",
    "link": "https://investors.apellis.com/financial-and-filings?items_per_page=&order=field_nir_sec_date_filed&sort=asc",
    "timestamp": "unknown"
  },
  {
    "title": "SEC FilingsGroup,,Annual FilingsCurrent ReportsMergers & AcquisitionsOtherProxy CardProxy FilingsQuarterly FilingsRegistration StatementsFiling yearAl",
    "link": "https://investors.apellis.com/financial-and-filings?items_per_page=&order=field_nir_sec_date_filed&sort=asc",
    "timestamp": "unknown"
  },
  {
    "title": "SEC FilingsGroup,,Annual FilingsCurrent ReportsMergers & AcquisitionsOtherProxy CardProxy FilingsQuarterly FilingsRegistration StatementsFiling yearAl",
    "link": "https://investors.apellis.com/financial-and-filings?items_per_page=&order=field_nir_sec_date_filed&sort=asc",
    "timestamp": "unknown"
  },
  {
    "title": "SEC FilingsGroup,,Annual FilingsCurrent ReportsMergers & AcquisitionsOtherProxy CardProxy FilingsQuarterly FilingsRegistration StatementsFiling yearAl",
    "link": "https://investors.apellis.com/financial-and-filings?items_per_page=&order=field_nir_sec_date_filed&sort=asc",
    "timestamp": "unknown"
  },
  {
    "title": "SEC FilingsGroup,,Annual FilingsCurrent ReportsMergers & AcquisitionsOtherProxy CardProxy FilingsQuarterly FilingsRegistration StatementsFiling yearAl",
    "link": "https://investors.apellis.com/financial-and-filings?items_per_page=&order=field_nir_sec_date_filed&sort=asc",
    "timestamp": "unknown"
  },
  {
    "title": "SEC FilingsGroup,,Annual FilingsCurrent ReportsMergers & AcquisitionsOtherProxy CardProxy FilingsQuarterly FilingsRegistration StatementsFiling yearAl",
    "link": "https://investors.apellis.com/financial-and-filings?items_per_page=&order=field_nir_sec_date_filed&sort=asc",
    "timestamp": "unknown"
  },
  {
    "title": "SEC FilingsGroup,,Annual FilingsCurrent ReportsMergers & AcquisitionsOtherProxy CardProxy FilingsQuarterly FilingsRegistration StatementsFiling yearAl",
    "link": "https://investors.apellis.com/financial-and-filings?items_per_page=&order=field_nir_sec_date_filed&sort=asc",
    "timestamp": "unknown"
  },
  {
    "title": "Group,,Annual FilingsCurrent ReportsMergers & AcquisitionsOtherProxy CardProxy FilingsQuarterly FilingsRegistration StatementsFiling yearAllFiling dat",
    "link": "https://investors.apellis.com/financial-and-filings?items_per_page=&order=field_nir_sec_date_filed&sort=asc",
    "timestamp": "unknown"
  },
  {
    "title": "Group,,Annual FilingsCurrent ReportsMergers & AcquisitionsOtherProxy CardProxy FilingsQuarterly FilingsRegistration StatementsFiling yearAllFiling dat",
    "link": "https://investors.apellis.com/financial-and-filings?items_per_page=&order=field_nir_sec_date_filed&sort=asc",
    "timestamp": "unknown"
  },
  {
    "title": "Filing dateDescriptionFormFiling GroupViewFeb ,SCHEDULE 13G - DescriptionSCHEDULE 13GOther--.pdf--.rtf--.xlsView HTMLFeb ,Statement of changes in bene",
    "link": "https://investors.apellis.com/financial-and-filings?items_per_page=&order=field_nir_sec_date_filed&sort=asc",
    "timestamp": "unknown"
  },
  {
    "title": "Filing dateDescriptionFormFiling GroupView",
    "link": "https://investors.apellis.com/financial-and-filings?items_per_page=&order=field_nir_sec_date_filed&sort=asc",
    "timestamp": "unknown"
  },
  {
    "title": "Feb ,SCHEDULE 13G - DescriptionSCHEDULE 13GOther--.pdf--.rtf--.xlsView HTML",
    "link": "https://investors.apellis.com/sec-filings/sec-filing/schedule-13g/--",
    "timestamp": "unknown"
  },
  {
    "title": "--.pdf--.rtf--.xlsView HTML",
    "link": "https://investors.apellis.com/static-files/24aab5ad-9f62--a3ee-d805509ca7fa",
    "timestamp": "unknown"
  },
  {
    "title": "--.pdf",
    "link": "https://investors.apellis.com/static-files/24aab5ad-9f62--a3ee-d805509ca7fa",
    "timestamp": "unknown"
  },
  {
    "title": "--.rtf",
    "link": "https://investors.apellis.com/static-files/c209c3bd-b711-4da2-a051-925cf432e070",
    "timestamp": "unknown"
  },
  {
    "title": "--.xls",
    "link": "https://investors.apellis.com/static-files/6fa7dcda-83a3-4ccd-b954-cc06819c4220",
    "timestamp": "unknown"
  },
  {
    "title": "Feb ,Statement of changes in beneficial ownership of securities,,--.pdf--.rtf--.xlsView HTML",
    "link": "https://investors.apellis.com/sec-filings/sec-filing//--",
    "timestamp": "unknown"
  },
  {
    "title": "--.pdf--.rtf--.xlsView HTML",
    "link": "https://investors.apellis.com/static-files/ae95c924--42e0-a568-4b99ab9abf9b",
    "timestamp": "unknown"
  },
  {
    "title": "--.pdf",
    "link": "https://investors.apellis.com/static-files/ae95c924--42e0-a568-4b99ab9abf9b",
    "timestamp": "unknown"
  },
  {
    "title": "--.rtf",
    "link": "https://investors.apellis.com/static-files/89aea255---9f4d-4d0323367b94",
    "timestamp": "unknown"
  },
  {
    "title": "--.xls",
    "link": "https://investors.apellis.com/static-files/a70ec5ab-e6d3-41e9--a1eec5857965",
    "timestamp": "unknown"
  },
  {
    "title": "Jan ,Statement of changes in beneficial ownership of securities,,--.pdf--.rtf--.xlsView HTML",
    "link": "https://investors.apellis.com/sec-filings/sec-filing//--",
    "timestamp": "unknown"
  },
  {
    "title": "--.pdf--.rtf--.xlsView HTML",
    "link": "https://investors.apellis.com/static-files/a0a4b51c-cbe3-4ad1-8dd4-a525a672ec83",
    "timestamp": "unknown"
  },
  {
    "title": "--.pdf",
    "link": "https://investors.apellis.com/static-files/a0a4b51c-cbe3-4ad1-8dd4-a525a672ec83",
    "timestamp": "unknown"
  },
  {
    "title": "--.rtf",
    "link": "https://investors.apellis.com/static-files/21ed91ff-96e7--9b8a-00f54142b4d5",
    "timestamp": "unknown"
  },
  {
    "title": "--.xls",
    "link": "https://investors.apellis.com/static-files/84f43d56-65d6-4f13-9b24-16f2cd030b6a",
    "timestamp": "unknown"
  },
  {
    "title": "Jan ,Statement of changes in beneficial ownership of securities,,--.pdf--.rtf--.xlsView HTML",
    "link": "https://investors.apellis.com/sec-filings/sec-filing//--",
    "timestamp": "unknown"
  },
  {
    "title": "--.pdf--.rtf--.xlsView HTML",
    "link": "https://investors.apellis.com/static-files/f76dba44-d66a--85a9-5207405a5c78",
    "timestamp": "unknown"
  },
  {
    "title": "--.pdf",
    "link": "https://investors.apellis.com/static-files/f76dba44-d66a--85a9-5207405a5c78",
    "timestamp": "unknown"
  },
  {
    "title": "--.rtf",
    "link": "https://investors.apellis.com/static-files/c481fdcf-c95c-49e6-9c06-070856bdbfa9",
    "timestamp": "unknown"
  },
  {
    "title": "--.xls",
    "link": "https://investors.apellis.com/static-files/549cf0ca-67fd--a206-426f464583a9",
    "timestamp": "unknown"
  },
  {
    "title": "Jan ,Statement of changes in beneficial ownership of securities,,--.pdf--.rtf--.xlsView HTML",
    "link": "https://investors.apellis.com/sec-filings/sec-filing//--",
    "timestamp": "unknown"
  },
  {
    "title": "--.pdf--.rtf--.xlsView HTML",
    "link": "https://investors.apellis.com/static-files/ad528d48-0ec3-486e-81b0-ad459f6ba86f",
    "timestamp": "unknown"
  },
  {
    "title": "--.pdf",
    "link": "https://investors.apellis.com/static-files/ad528d48-0ec3-486e-81b0-ad459f6ba86f",
    "timestamp": "unknown"
  },
  {
    "title": "--.rtf",
    "link": "https://investors.apellis.com/static-files/d411c7c4-3df9-418c-b635-41530d693bfd",
    "timestamp": "unknown"
  },
  {
    "title": "--.xls",
    "link": "https://investors.apellis.com/static-files/13f6e9c8-25d2-4f6d-928b-27549511d9c1",
    "timestamp": "unknown"
  },
  {
    "title": "Jan ,Statement of changes in beneficial ownership of securities,,--.pdf--.rtf--.xlsView HTML",
    "link": "https://investors.apellis.com/sec-filings/sec-filing//--",
    "timestamp": "unknown"
  },
  {
    "title": "--.pdf--.rtf--.xlsView HTML",
    "link": "https://investors.apellis.com/static-files/ff1b71f2-74ee-446c-843a-e19711f0c1c8",
    "timestamp": "unknown"
  },
  {
    "title": "--.pdf",
    "link": "https://investors.apellis.com/static-files/ff1b71f2-74ee-446c-843a-e19711f0c1c8",
    "timestamp": "unknown"
  },
  {
    "title": "--.rtf",
    "link": "https://investors.apellis.com/static-files/37b284ba-05a3--ae2c-f2112f81dda7",
    "timestamp": "unknown"
  },
  {
    "title": "--.xls",
    "link": "https://investors.apellis.com/static-files/3a0db221-d7f1-480a-8af5-1cc8aaaac4d6",
    "timestamp": "unknown"
  },
  {
    "title": "Jan ,Statement of changes in beneficial ownership of securities,,--.pdf--.rtf--.xlsView HTML",
    "link": "https://investors.apellis.com/sec-filings/sec-filing//--",
    "timestamp": "unknown"
  },
  {
    "title": "--.pdf--.rtf--.xlsView HTML",
    "link": "https://investors.apellis.com/static-files/a946faa4-9abf-40d6-9a01-3b7a14913834",
    "timestamp": "unknown"
  },
  {
    "title": "--.pdf",
    "link": "https://investors.apellis.com/static-files/a946faa4-9abf-40d6-9a01-3b7a14913834",
    "timestamp": "unknown"
  },
  {
    "title": "--.rtf",
    "link": "https://investors.apellis.com/static-files/62390f9f-c5d2-4c35-b34e-a7c163cff3e2",
    "timestamp": "unknown"
  },
  {
    "title": "--.xls",
    "link": "https://investors.apellis.com/static-files/2a0d1774-458b--a295-01195b952328",
    "timestamp": "unknown"
  },
  {
    "title": "Jan ,Statement of changes in beneficial ownership of securities,,--.pdf--.rtf--.xlsView HTML",
    "link": "https://investors.apellis.com/sec-filings/sec-filing//--",
    "timestamp": "unknown"
  },
  {
    "title": "--.pdf--.rtf--.xlsView HTML",
    "link": "https://investors.apellis.com/static-files/8d5e4237-56e5-405d-89e8-877ee0df7bb0",
    "timestamp": "unknown"
  },
  {
    "title": "--.pdf",
    "link": "https://investors.apellis.com/static-files/8d5e4237-56e5-405d-89e8-877ee0df7bb0",
    "timestamp": "unknown"
  },
  {
    "title": "--.rtf",
    "link": "https://investors.apellis.com/static-files/c5014e7d-3a02--ab6c-1ccb4d559a41",
    "timestamp": "unknown"
  },
  {
    "title": "--.xls",
    "link": "https://investors.apellis.com/static-files/a93a2280-ea71-453c-b360-3fef9741baec",
    "timestamp": "unknown"
  },
  {
    "title": "Jan ,Statement of changes in beneficial ownership of securities,,--.pdf--.rtf--.xlsView HTML",
    "link": "https://investors.apellis.com/sec-filings/sec-filing//--",
    "timestamp": "unknown"
  },
  {
    "title": "--.pdf--.rtf--.xlsView HTML",
    "link": "https://investors.apellis.com/static-files/48bedd54-3e3f--9e78-0aa7d812a0b2",
    "timestamp": "unknown"
  },
  {
    "title": "--.pdf",
    "link": "https://investors.apellis.com/static-files/48bedd54-3e3f--9e78-0aa7d812a0b2",
    "timestamp": "unknown"
  },
  {
    "title": "--.rtf",
    "link": "https://investors.apellis.com/static-files/46b108a0-4f13--adf1-371202f281b7",
    "timestamp": "unknown"
  },
  {
    "title": "--.xls",
    "link": "https://investors.apellis.com/static-files/2374acfd-9c1f--bae7-d86255bfca67",
    "timestamp": "unknown"
  },
  {
    "title": "Jan ,Statement of changes in beneficial ownership of securities,,--.pdf--.rtf--.xlsView HTML",
    "link": "https://investors.apellis.com/sec-filings/sec-filing//--",
    "timestamp": "unknown"
  },
  {
    "title": "--.pdf--.rtf--.xlsView HTML",
    "link": "https://investors.apellis.com/static-files/15b7217e-8e78-419f-b972-7725c85b48b3",
    "timestamp": "unknown"
  },
  {
    "title": "--.pdf",
    "link": "https://investors.apellis.com/static-files/15b7217e-8e78-419f-b972-7725c85b48b3",
    "timestamp": "unknown"
  },
  {
    "title": "--.rtf",
    "link": "https://investors.apellis.com/static-files/1ac8e8f8-9a56-4c39-ac5a-2f66dffbdec8",
    "timestamp": "unknown"
  },
  {
    "title": "--.xls",
    "link": "https://investors.apellis.com/static-files/-62e6-4db8-bc91-3179f5c3b92a",
    "timestamp": "unknown"
  },
  {
    "title": "PaginationCurrent pagePagePage\u2026Next page\u203aLast page\u00bb",
    "link": "https://investors.apellis.com/financial-and-filings?&field_nir_sec_cik_target_id=&field_nir_sec_date_filed_value=&&&items_per_page_toggle=&page=",
    "timestamp": "unknown"
  },
  {
    "title": "PaginationCurrent pagePagePage\u2026Next page\u203aLast page\u00bb",
    "link": "https://investors.apellis.com/financial-and-filings?&field_nir_sec_cik_target_id=&field_nir_sec_date_filed_value=&&&items_per_page_toggle=&page=",
    "timestamp": "unknown"
  },
  {
    "title": "Current page",
    "link": "https://investors.apellis.com/financial-and-filings?&field_nir_sec_cik_target_id=&field_nir_sec_date_filed_value=&&&items_per_page_toggle=&page=",
    "timestamp": "unknown"
  },
  {
    "title": "Page",
    "link": "https://investors.apellis.com/financial-and-filings?&field_nir_sec_cik_target_id=&field_nir_sec_date_filed_value=&&&items_per_page_toggle=&page=",
    "timestamp": "unknown"
  },
  {
    "title": "Page",
    "link": "https://investors.apellis.com/financial-and-filings?&field_nir_sec_cik_target_id=&field_nir_sec_date_filed_value=&&&items_per_page_toggle=&page=",
    "timestamp": "unknown"
  },
  {
    "title": "Next page\u203a",
    "link": "https://investors.apellis.com/financial-and-filings?&field_nir_sec_cik_target_id=&field_nir_sec_date_filed_value=&&&items_per_page_toggle=&page=",
    "timestamp": "unknown"
  },
  {
    "title": "Last page\u00bb",
    "link": "https://investors.apellis.com/financial-and-filings?&field_nir_sec_cik_target_id=&field_nir_sec_date_filed_value=&&&items_per_page_toggle=&page=",
    "timestamp": "unknown"
  },
  {
    "title": "Data provided byKaleidoscope.",
    "link": "https://www.kscope.io",
    "timestamp": "unknown"
  },
  {
    "title": "Data provided byKaleidoscope.",
    "link": "https://www.kscope.io",
    "timestamp": "unknown"
  },
  {
    "title": "Site - Investor ToolkitPrint PageEmail AlertsRSS FeedsContact IR",
    "link": "https://investors.apellis.com/financial-and-filings#print-page",
    "timestamp": "unknown"
  },
  {
    "title": "Site - Investor ToolkitPrint PageEmail AlertsRSS FeedsContact IR",
    "link": "https://investors.apellis.com/financial-and-filings#print-page",
    "timestamp": "unknown"
  },
  {
    "title": "Print PageEmail AlertsRSS FeedsContact IR",
    "link": "https://investors.apellis.com/financial-and-filings#print-page",
    "timestamp": "unknown"
  },
  {
    "title": "Stay ConnectedVisit us on TwitterVisit us on LinkedInJoin our team of experts working to develop transformative therapiesfor people living with a broa",
    "link": "https://twitter.com/ApellisPharma",
    "timestamp": "unknown"
  },
  {
    "title": "Stay ConnectedVisit us on TwitterVisit us on LinkedIn",
    "link": "https://twitter.com/ApellisPharma",
    "timestamp": "unknown"
  },
  {
    "title": "Visit us on TwitterVisit us on LinkedIn",
    "link": "https://twitter.com/ApellisPharma",
    "timestamp": "unknown"
  },
  {
    "title": "Visit us on Twitter",
    "link": "https://twitter.com/ApellisPharma",
    "timestamp": "unknown"
  },
  {
    "title": "Visit us on LinkedIn",
    "link": "https://www.linkedin.com/company/apellis?trk=company_logo",
    "timestamp": "unknown"
  },
  {
    "title": "Join our team of experts working to develop transformative therapiesfor people living with a broad range of serious diseases.Careers",
    "link": "https://apellis.com/careers/our-culture/",
    "timestamp": "unknown"
  },
  {
    "title": "Join our team of experts working to develop transformative therapiesfor people living with a broad range of serious diseases.Careers",
    "link": "https://apellis.com/careers/our-culture/",
    "timestamp": "unknown"
  },
  {
    "title": "Join our team of experts working to develop transformative therapiesfor people living with a broad range of serious diseases.Careers",
    "link": "https://apellis.com/careers/our-culture/",
    "timestamp": "unknown"
  },
  {
    "title": "Join our team of experts working to develop transformative therapiesfor people living with a broad range of serious diseases.Careers",
    "link": "https://apellis.com/careers/our-culture/",
    "timestamp": "unknown"
  },
  {
    "title": "Privacy Policy",
    "link": "https://apellis.com/privacy-policy/",
    "timestamp": "unknown"
  },
  {
    "title": "Product Patents",
    "link": "https://apellis.com/product-patents/",
    "timestamp": "unknown"
  },
  {
    "title": "Contact Us",
    "link": "https://apellis.com/contact-us/",
    "timestamp": "unknown"
  },
  {
    "title": "Supplier Code of Conduct",
    "link": "https://apellis.com/contact-us/supplier-code-of-conduct/",
    "timestamp": "unknown"
  }
]