[
  {
    "title": "Contact UsJoin the ASRSSign In",
    "link": "https://www.asrs.org/about/contact-us",
    "timestamp": "unknown"
  },
  {
    "title": "Contact Us",
    "link": "https://www.asrs.org/about/contact-us",
    "timestamp": "unknown"
  },
  {
    "title": "Join the ASRS",
    "link": "https://www.asrs.org/join-asrs",
    "timestamp": "unknown"
  },
  {
    "title": "Sign In",
    "link": "https://www.asrs.org/members/login",
    "timestamp": "unknown"
  },
  {
    "title": "Find a Retina SpecialistRetina Career CenterReport Adverse EventAbout ASRSFoundationCorporateClinicalAdverse Events ReportingPreferences and Trends (P",
    "link": "https://www.asrs.org/find-a-specialist",
    "timestamp": "unknown"
  },
  {
    "title": "Find a Retina SpecialistRetina Career CenterReport Adverse EventAbout ASRSFoundationCorporateClinicalAdverse Events ReportingPreferences and Trends (P",
    "link": "https://www.asrs.org/find-a-specialist",
    "timestamp": "unknown"
  },
  {
    "title": "Find a Retina SpecialistRetina Career CenterReport Adverse EventAbout ASRSFoundationCorporate",
    "link": "https://www.asrs.org/find-a-specialist",
    "timestamp": "unknown"
  },
  {
    "title": "Find a Retina SpecialistRetina Career CenterReport Adverse EventAbout ASRSFoundationCorporate",
    "link": "https://www.asrs.org/find-a-specialist",
    "timestamp": "unknown"
  },
  {
    "title": "Find a Retina Specialist",
    "link": "https://www.asrs.org/find-a-specialist",
    "timestamp": "unknown"
  },
  {
    "title": "Retina Career Center",
    "link": "https://beta.asrs.org/career-center",
    "timestamp": "unknown"
  },
  {
    "title": "Report Adverse Event",
    "link": "https://www.asrs.org/clinical/adverse-events-reporting",
    "timestamp": "unknown"
  },
  {
    "title": "About ASRS",
    "link": "https://www.asrs.org/about",
    "timestamp": "unknown"
  },
  {
    "title": "Foundation",
    "link": "https://www.asrs.org/foundation",
    "timestamp": "unknown"
  },
  {
    "title": "Corporate",
    "link": "https://www.asrs.org/corporate",
    "timestamp": "unknown"
  },
  {
    "title": "ClinicalAdverse Events ReportingPreferences and Trends (PAT) SurveyClinical Practice UpdatesClinical and Surgical VideosSpotlight CasesClinical Update",
    "link": "https://www.asrs.org/home",
    "timestamp": "unknown"
  },
  {
    "title": "ClinicalAdverse Events ReportingPreferences and Trends (PAT) SurveyClinical Practice UpdatesClinical and Surgical VideosSpotlight CasesClinical Update",
    "link": "https://www.asrs.org/clinical",
    "timestamp": "unknown"
  },
  {
    "title": "Adverse Events Reporting",
    "link": "https://www.asrs.org/clinical/adverse-events-reporting",
    "timestamp": "unknown"
  },
  {
    "title": "Preferences and Trends (PAT) Survey",
    "link": "https://www.asrs.org/clinical/pat-survey",
    "timestamp": "unknown"
  },
  {
    "title": "Clinical Practice Updates",
    "link": "https://www.asrs.org/clinical/best-clinical-retina-practices",
    "timestamp": "unknown"
  },
  {
    "title": "Clinical and Surgical Videos",
    "link": "https://www.asrs.org/clinical/clinical-and-surgical-videos",
    "timestamp": "unknown"
  },
  {
    "title": "Spotlight Cases",
    "link": "https://www.asrs.org/clinical/spotlight-case",
    "timestamp": "unknown"
  },
  {
    "title": "Clinical Updates",
    "link": "https://www.asrs.org/clinical/clinical-updates",
    "timestamp": "unknown"
  },
  {
    "title": "Retina Atlas",
    "link": "https://www.asrs.org/clinical/retina-atlas",
    "timestamp": "unknown"
  },
  {
    "title": "The Retina Challenge",
    "link": "https://www.asrs.org/clinical/the-retina-challenge",
    "timestamp": "unknown"
  },
  {
    "title": "Retina Image Bank",
    "link": "https://www.asrs.org/clinical/retina-image-bank",
    "timestamp": "unknown"
  },
  {
    "title": "EducationASRS and ACCME Conflict of Interest PoliciesCMEAnnual Meeting Papers and Cases On DemandWebinarsRETAP: Retina Education and Training for Alli",
    "link": "https://www.asrs.org/education",
    "timestamp": "unknown"
  },
  {
    "title": "ASRS and ACCME Conflict of Interest Policies",
    "link": "https://www.asrs.org/education/asrs-and-accme-conflict-of-interest-policies",
    "timestamp": "unknown"
  },
  {
    "title": "CME",
    "link": "https://www.asrs.org/education/cme",
    "timestamp": "unknown"
  },
  {
    "title": "Annual Meeting Papers and Cases On Demand",
    "link": "https://www.asrs.org/education/-annual-meeting-papers-and-cases-on-demand",
    "timestamp": "unknown"
  },
  {
    "title": "Webinars",
    "link": "https://www.asrs.org/education/webinars",
    "timestamp": "unknown"
  },
  {
    "title": "RETAP: Retina Education and Training for Allied Health Professionals",
    "link": "https://www.asrs.org/education/retap-retina-education-and-training-for-allied-health-professionals",
    "timestamp": "unknown"
  },
  {
    "title": "Virtual Lecture Series Recordings",
    "link": "https://www.asrs.org/education/virtual-lecture-series-recordings",
    "timestamp": "unknown"
  },
  {
    "title": "Guidance for Planners, Authors, and Faculty",
    "link": "https://www.asrs.org/education/guidance-for-planners-authors-and-faculty",
    "timestamp": "unknown"
  },
  {
    "title": "Calendar",
    "link": "https://www.asrs.org/education/calendar",
    "timestamp": "unknown"
  },
  {
    "title": "Business of Retina Meeting",
    "link": "https://www.asrs.org/education/-business-of-retina-meeting-",
    "timestamp": "unknown"
  },
  {
    "title": "PublicationsRetina TimesJournal of VitreoRetinal DiseasesJVRD Author's Forum PodcastRetina FYI",
    "link": "https://www.asrs.org/publications",
    "timestamp": "unknown"
  },
  {
    "title": "Retina Times",
    "link": "https://www.asrs.org/publications/retina-times",
    "timestamp": "unknown"
  },
  {
    "title": "Journal of VitreoRetinal Diseases",
    "link": "https://www.asrs.org/publications/journal-of-vitreoretinal-diseases",
    "timestamp": "unknown"
  },
  {
    "title": "JVRD Author's Forum Podcast",
    "link": "https://www.asrs.org/publications/jvrd-authors-forum-podcast",
    "timestamp": "unknown"
  },
  {
    "title": "Retina FYI",
    "link": "https://www.asrs.org/publications/retina-fyi",
    "timestamp": "unknown"
  },
  {
    "title": "Annual MeetingAbstract Submissions Now Open!Claim CME CreditRegistrationExhibitors and AdvertisersAbout the Honor Awards ProgramFuture Annual Meetings",
    "link": "https://www.asrs.org/annual-meeting",
    "timestamp": "unknown"
  },
  {
    "title": "Abstract Submissions Now Open!",
    "link": "https://www.asrs.org/annual-meeting/abstracts",
    "timestamp": "unknown"
  },
  {
    "title": "Claim CME Credit",
    "link": "https://www.asrs.org/annual-meeting/claim-cme",
    "timestamp": "unknown"
  },
  {
    "title": "Registration",
    "link": "https://www.asrs.org/annual-meeting/registration",
    "timestamp": "unknown"
  },
  {
    "title": "Exhibitors and Advertisers",
    "link": "https://www.asrs.org/annual-meeting/exhibitors",
    "timestamp": "unknown"
  },
  {
    "title": "About the Honor Awards Program",
    "link": "https://www.asrs.org/annual-meeting/about-the-honor-awards-program-",
    "timestamp": "unknown"
  },
  {
    "title": "Future Annual Meetings",
    "link": "https://www.asrs.org/annual-meeting/future-annual-meetings",
    "timestamp": "unknown"
  },
  {
    "title": "Annual Meeting Archives",
    "link": "https://www.asrs.org/annual-meeting/archives",
    "timestamp": "unknown"
  },
  {
    "title": "Hotel Reservations and Policies",
    "link": "https://www.asrs.org/annual-meeting/hotel-reservations",
    "timestamp": "unknown"
  },
  {
    "title": "PracticeE/M Coding and Documentation: Information and ResourcesPractice OperationsCoding and DocumentationProblematic Payor PoliciesMedicare Open Enro",
    "link": "https://www.asrs.org/practice",
    "timestamp": "unknown"
  },
  {
    "title": "E/M Coding and Documentation: Information and Resources",
    "link": "https://www.asrs.org/practice/e-m-coding-and-documentation-information-and-resources",
    "timestamp": "unknown"
  },
  {
    "title": "Practice Operations",
    "link": "https://www.asrs.org/practice/practice-operations",
    "timestamp": "unknown"
  },
  {
    "title": "Coding and Documentation",
    "link": "https://www.asrs.org/practice/coding-and-documentation",
    "timestamp": "unknown"
  },
  {
    "title": "Problematic Payor Policies",
    "link": "https://www.asrs.org/practice/problematic-payor-policies",
    "timestamp": "unknown"
  },
  {
    "title": "Medicare Open Enrollment Resources",
    "link": "https://www.asrs.org/practice/medicare-open-enrollment-resources",
    "timestamp": "unknown"
  },
  {
    "title": "Advocacy & Practice Updates",
    "link": "https://www.asrs.org/practice/updates",
    "timestamp": "unknown"
  },
  {
    "title": "Media Resources",
    "link": "https://www.asrs.org/practice/media-resources",
    "timestamp": "unknown"
  },
  {
    "title": "ASRS Retina Practice Commitment-to-Quality Award",
    "link": "https://www.asrs.org/practice/asrs-retina-practice-commitment-to-quality-award-program",
    "timestamp": "unknown"
  },
  {
    "title": "AdvocacyGet Involved: ASRS Grassroots AdvocacyStep TherapyMedicare Reimbursement and CoverageMIPS: Merit-Based Incentive Payment SystemReimbursement f",
    "link": "https://www.asrs.org/advocacy",
    "timestamp": "unknown"
  },
  {
    "title": "Get Involved: ASRS Grassroots Advocacy",
    "link": "https://www.asrs.org/advocacy/get-involved-asrs-grassroots-advocacy-",
    "timestamp": "unknown"
  },
  {
    "title": "Step Therapy",
    "link": "https://www.asrs.org/advocacy/step-therapy",
    "timestamp": "unknown"
  },
  {
    "title": "Medicare Reimbursement and Coverage",
    "link": "https://www.asrs.org/advocacy/medicare-reimbursement-and-coverage",
    "timestamp": "unknown"
  },
  {
    "title": "MIPS: Merit-Based Incentive Payment System",
    "link": "https://www.asrs.org/advocacy/advocacy-mips-landing-page",
    "timestamp": "unknown"
  },
  {
    "title": "Reimbursement for Medicare Part B Drugs",
    "link": "https://www.asrs.org/advocacy/reimbursement-for-medicare-part-b-drugs",
    "timestamp": "unknown"
  },
  {
    "title": "Food and Drug Administration",
    "link": "https://www.asrs.org/advocacy/food-and-drug-administration-fda",
    "timestamp": "unknown"
  },
  {
    "title": "RUC and CPT",
    "link": "https://www.asrs.org/advocacy/draft-ruc-and-cpt",
    "timestamp": "unknown"
  },
  {
    "title": "Medicare Advantage Network Adequacy",
    "link": "https://www.asrs.org/advocacy/medicare-advantage-network-adequacy",
    "timestamp": "unknown"
  },
  {
    "title": "Advocacy & Practice Updates",
    "link": "https://www.asrs.org/advocacy/updates",
    "timestamp": "unknown"
  },
  {
    "title": "OR Access for Retinal Emergencies",
    "link": "https://www.asrs.org/advocacy/or-access-for-retinal-emergencies",
    "timestamp": "unknown"
  },
  {
    "title": "Sections/Special GroupsEarly Career SectionFellows-in-Training SectionFellowship Directors SectionInternational Affairs CommitteeRetina Practice Admin",
    "link": "https://www.asrs.org/sections",
    "timestamp": "unknown"
  },
  {
    "title": "Early Career Section",
    "link": "https://www.asrs.org/sections/early-career-section",
    "timestamp": "unknown"
  },
  {
    "title": "Fellows-in-Training Section",
    "link": "https://www.asrs.org/sections/fellows-in-training",
    "timestamp": "unknown"
  },
  {
    "title": "Fellowship Directors Section",
    "link": "https://www.asrs.org/sections/fellowship-directors",
    "timestamp": "unknown"
  },
  {
    "title": "International Affairs Committee",
    "link": "https://www.asrs.org/sections/international",
    "timestamp": "unknown"
  },
  {
    "title": "Retina Practice Administrators Section",
    "link": "https://www.asrs.org/sections/practice-administrators",
    "timestamp": "unknown"
  },
  {
    "title": "Women in Retina (WinR)",
    "link": "https://www.asrs.org/sections/women-in-retina",
    "timestamp": "unknown"
  },
  {
    "title": "Empowerment and Opportunity",
    "link": "https://www.asrs.org/sections/empowerment-and-opportunity",
    "timestamp": "unknown"
  },
  {
    "title": "Resident Members",
    "link": "https://www.asrs.org/sections/resident-members-section",
    "timestamp": "unknown"
  },
  {
    "title": "Member & Society News",
    "link": "https://www.asrs.org/sections/member-news",
    "timestamp": "unknown"
  },
  {
    "title": "ASRS Mentorship Programs Overview",
    "link": "https://www.asrs.org/sections/asr-mentorship-programs-overview",
    "timestamp": "unknown"
  },
  {
    "title": "PatientsRetina Health InformationRetina Health Fact SheetsFind Your Retina Specialist Public Service AnnouncementsWhat is a Retina Specialist?Find a R",
    "link": "https://www.asrs.org/patients",
    "timestamp": "unknown"
  },
  {
    "title": "Retina Health Information",
    "link": "https://www.asrs.org/patients/retina-health-information",
    "timestamp": "unknown"
  },
  {
    "title": "Retina Health Fact Sheets",
    "link": "https://www.asrs.org/patients/retinal-diseases",
    "timestamp": "unknown"
  },
  {
    "title": "Find Your Retina Specialist Public Service Announcements",
    "link": "https://www.asrs.org/patients/find-your-retina-specialist-public-service-announcements",
    "timestamp": "unknown"
  },
  {
    "title": "What is a Retina Specialist?",
    "link": "https://www.asrs.org/patients/what-is-a-retina-specialist",
    "timestamp": "unknown"
  },
  {
    "title": "Find a Retina Specialist",
    "link": "https://www.asrs.org/patients/find-a-retina-specialist",
    "timestamp": "unknown"
  },
  {
    "title": "Retina Health for Life Podcast",
    "link": "https://www.asrs.org/patients/retina-health-for-life-podcast",
    "timestamp": "unknown"
  },
  {
    "title": "Patient Stories",
    "link": "https://www.asrs.org/patients/patient-stories",
    "timestamp": "unknown"
  },
  {
    "title": "Patient Assistance Programs",
    "link": "https://www.asrs.org/patients/patient-assistance-resources",
    "timestamp": "unknown"
  },
  {
    "title": "Clinical Trials",
    "link": "https://www.asrs.org/patients/clinical-trials",
    "timestamp": "unknown"
  },
  {
    "title": "See for a Lifetime Public Service Announcements",
    "link": "https://www.asrs.org/patients/see-for-a-lifetime-public-service-announcements",
    "timestamp": "unknown"
  },
  {
    "title": "Medicare Advantage Plan Patient Reporting Form",
    "link": "https://www.asrs.org/patients/medicare-advantage-plan-patient-reporting-form",
    "timestamp": "unknown"
  },
  {
    "title": "Patient and Professional Organizations",
    "link": "https://www.asrs.org/patients/patientandprofessionalorganizations",
    "timestamp": "unknown"
  },
  {
    "title": "Medicare Basics",
    "link": "https://www.asrs.org/patients/medicare-basics",
    "timestamp": "unknown"
  },
  {
    "title": "Patient Education Materials",
    "link": "https://www.asrs.org/patients/patient-education-materials",
    "timestamp": "unknown"
  },
  {
    "title": "Help Stop Step Therapy",
    "link": "https://www.asrs.org/patients/help-stop-step-therapy",
    "timestamp": "unknown"
  },
  {
    "title": "Advanced Retinal Imaging",
    "link": "https://www.asrs.org/patients/advanced-retinal-imaging",
    "timestamp": "unknown"
  },
  {
    "title": "Member ServicesUpdate Your ProfileView Your Payment HistoryFocused Practice DesignationFellow of the American Society of Retina Specialists (FASRS)Ret",
    "link": "https://www.asrs.org/members",
    "timestamp": "unknown"
  },
  {
    "title": "Update Your Profile",
    "link": "https://www.asrs.org/members/editcontact",
    "timestamp": "unknown"
  },
  {
    "title": "View Your Payment History",
    "link": "https://www.asrs.org/members/payment-history",
    "timestamp": "unknown"
  },
  {
    "title": "Focused Practice Designation",
    "link": "https://www.asrs.org/members/focused-practice-designation-",
    "timestamp": "unknown"
  },
  {
    "title": "Fellow of the American Society of Retina Specialists (FASRS)",
    "link": "https://www.asrs.org/members/fellow-of-the-american-society-of-retina-specialists-fasrs",
    "timestamp": "unknown"
  },
  {
    "title": "Retina Career Center",
    "link": "https://www.asrs.org/members/retina-career-center",
    "timestamp": "unknown"
  },
  {
    "title": "Clinical UpdatesAdverse EventsBausch + Lomb Issues Voluntary Recall of Several LensesApr ,Clinical UpdatesNew ReST Committee Report Published in JVRD ",
    "link": "https://www.asrs.org/clinical/clinical-updates//Bausch-Lomb-Issues-Voluntary-Recall-of-Several-Lenses",
    "timestamp": "unknown"
  },
  {
    "title": "Clinical UpdatesAdverse EventsBausch + Lomb Issues Voluntary Recall of Several LensesApr ,Clinical UpdatesNew ReST Committee Report Published in JVRD ",
    "link": "https://www.asrs.org/clinical/clinical-updates//Bausch-Lomb-Issues-Voluntary-Recall-of-Several-Lenses",
    "timestamp": "unknown"
  },
  {
    "title": "ClinicalAdverse Events ReportingPreferences and Trends (PAT) SurveyClinical Practice UpdatesClinical and Surgical VideosSpotlight CasesClinical Update",
    "link": "https://www.asrs.org/clinical",
    "timestamp": "unknown"
  },
  {
    "title": "ClinicalAdverse Events ReportingPreferences and Trends (PAT) SurveyClinical Practice UpdatesClinical and Surgical VideosSpotlight CasesClinical Update",
    "link": "https://www.asrs.org/clinical",
    "timestamp": "unknown"
  },
  {
    "title": "Adverse Events Reporting",
    "link": "https://www.asrs.org/clinical/adverse-events-reporting",
    "timestamp": "unknown"
  },
  {
    "title": "Preferences and Trends (PAT) Survey",
    "link": "https://www.asrs.org/clinical/pat-survey",
    "timestamp": "unknown"
  },
  {
    "title": "Clinical Practice Updates",
    "link": "https://www.asrs.org/clinical/best-clinical-retina-practices",
    "timestamp": "unknown"
  },
  {
    "title": "Clinical and Surgical Videos",
    "link": "https://www.asrs.org/clinical/clinical-and-surgical-videos",
    "timestamp": "unknown"
  },
  {
    "title": "Spotlight Cases",
    "link": "https://www.asrs.org/clinical/spotlight-case",
    "timestamp": "unknown"
  },
  {
    "title": "Clinical Updates",
    "link": "https://www.asrs.org/clinical/clinical-updates",
    "timestamp": "unknown"
  },
  {
    "title": "Retina Image Bank",
    "link": "https://www.asrs.org/clinical/retina-image-bank",
    "timestamp": "unknown"
  },
  {
    "title": "The Retina Challenge",
    "link": "https://www.asrs.org/clinical/the-retina-challenge",
    "timestamp": "unknown"
  },
  {
    "title": "Retina Atlas",
    "link": "https://www.asrs.org/clinical/retina-atlas",
    "timestamp": "unknown"
  },
  {
    "title": "ClinicalEducationPublicationsAnnual MeetingPracticeAdvocacySections/Special GroupsPatientsMember ServicesFind a Retina SpecialistRetina Career CenterA",
    "link": "https://www.asrs.org/home",
    "timestamp": "unknown"
  },
  {
    "title": "ClinicalEducationPublicationsAnnual MeetingPracticeAdvocacySections/Special GroupsPatientsMember Services",
    "link": "https://www.asrs.org/home",
    "timestamp": "unknown"
  },
  {
    "title": "Clinical",
    "link": "https://www.asrs.org/clinical",
    "timestamp": "unknown"
  },
  {
    "title": "Education",
    "link": "https://www.asrs.org/education",
    "timestamp": "unknown"
  },
  {
    "title": "Publications",
    "link": "https://www.asrs.org/publications",
    "timestamp": "unknown"
  },
  {
    "title": "Annual Meeting",
    "link": "https://www.asrs.org/annual-meeting",
    "timestamp": "unknown"
  },
  {
    "title": "Practice",
    "link": "https://www.asrs.org/practice",
    "timestamp": "unknown"
  },
  {
    "title": "Advocacy",
    "link": "https://www.asrs.org/advocacy",
    "timestamp": "unknown"
  },
  {
    "title": "Sections/Special Groups",
    "link": "https://www.asrs.org/sections",
    "timestamp": "unknown"
  },
  {
    "title": "Patients",
    "link": "https://www.asrs.org/patients",
    "timestamp": "unknown"
  },
  {
    "title": "Member Services",
    "link": "https://www.asrs.org/members",
    "timestamp": "unknown"
  },
  {
    "title": "Find a Retina SpecialistRetina Career CenterAbout ASRSFoundationCorporateJoin the ASRSSign in",
    "link": "https://www.asrs.org/find-a-specialist",
    "timestamp": "unknown"
  },
  {
    "title": "Find a Retina Specialist",
    "link": "https://www.asrs.org/find-a-specialist",
    "timestamp": "unknown"
  },
  {
    "title": "Retina Career Center",
    "link": "https://beta.asrs.org/career-center",
    "timestamp": "unknown"
  },
  {
    "title": "About ASRS",
    "link": "https://www.asrs.org/about",
    "timestamp": "unknown"
  },
  {
    "title": "Foundation",
    "link": "https://www.asrs.org/foundation",
    "timestamp": "unknown"
  },
  {
    "title": "Corporate",
    "link": "https://www.asrs.org/corporate",
    "timestamp": "unknown"
  },
  {
    "title": "Join the ASRS",
    "link": "https://www.asrs.org/join-asrs",
    "timestamp": "unknown"
  },
  {
    "title": "Sign in",
    "link": "https://www.asrs.org/members/login",
    "timestamp": "unknown"
  },
  {
    "title": "\u00a9  The American Society of Retina Specialists. All rights reserved.Privacy statement.Terms of use.",
    "link": "https://www.asrs.org/privacy-statement",
    "timestamp": "unknown"
  }
]