[
  {
    "title": "CompanyAbout UsLeadershipBoard of DirectorsCareersContactPipelineOverviewOpRegen\u00ae for Dry AMDOPC1Other ProgramsTechnologyLineage PlatformManufacturing",
    "link": "https://lineagecell.com/",
    "timestamp": "unknown"
  },
  {
    "title": "CompanyAbout UsLeadershipBoard of DirectorsCareersContactPipelineOverviewOpRegen\u00ae for Dry AMDOPC1Other ProgramsTechnologyLineage PlatformManufacturing",
    "link": "https://lineagecell.com/",
    "timestamp": "unknown"
  },
  {
    "title": "CompanyAbout UsLeadershipBoard of DirectorsCareersContactPipelineOverviewOpRegen\u00ae for Dry AMDOPC1Other ProgramsTechnologyLineage PlatformManufacturing",
    "link": "https://lineagecell.com/",
    "timestamp": "unknown"
  },
  {
    "title": "CompanyAbout UsLeadershipBoard of DirectorsCareersContactPipelineOverviewOpRegen\u00ae for Dry AMDOPC1Other ProgramsTechnologyLineage PlatformManufacturing",
    "link": "https://lineagecell.com/",
    "timestamp": "unknown"
  },
  {
    "title": "CompanyAbout UsLeadershipBoard of DirectorsCareersContactPipelineOverviewOpRegen\u00ae for Dry AMDOPC1Other ProgramsTechnologyLineage PlatformManufacturing",
    "link": "https://lineagecell.com/",
    "timestamp": "unknown"
  },
  {
    "title": "CompanyAbout UsLeadershipBoard of DirectorsCareersContactPipelineOverviewOpRegen\u00ae for Dry AMDOPC1Other ProgramsTechnologyLineage PlatformManufacturing",
    "link": "http://lineagecell.com/company/",
    "timestamp": "unknown"
  },
  {
    "title": "CompanyAbout UsLeadershipBoard of DirectorsCareersContact",
    "link": "http://lineagecell.com/company/",
    "timestamp": "unknown"
  },
  {
    "title": "About Us",
    "link": "http://lineagecell.com/company/",
    "timestamp": "unknown"
  },
  {
    "title": "Leadership",
    "link": "http://lineagecell.com/company/leadership/",
    "timestamp": "unknown"
  },
  {
    "title": "Board of Directors",
    "link": "http://lineagecell.com/company/board-of-directors/",
    "timestamp": "unknown"
  },
  {
    "title": "Careers",
    "link": "http://lineagecell.com/company/careers/",
    "timestamp": "unknown"
  },
  {
    "title": "Contact",
    "link": "http://lineagecell.com/company/contact/",
    "timestamp": "unknown"
  },
  {
    "title": "PipelineOverviewOpRegen\u00ae for Dry AMDOPC1Other Programs",
    "link": "http://lineagecell.com/products-pipeline/",
    "timestamp": "unknown"
  },
  {
    "title": "Overview",
    "link": "https://lineagecell.com/products-pipeline/",
    "timestamp": "unknown"
  },
  {
    "title": "OpRegen\u00ae for Dry AMD",
    "link": "http://lineagecell.com/products-pipeline/opregen/",
    "timestamp": "unknown"
  },
  {
    "title": "OPC1",
    "link": "http://lineagecell.com/products-pipeline/opc1/",
    "timestamp": "unknown"
  },
  {
    "title": "Other Programs",
    "link": "https://lineagecell.com/products-pipeline/other-programs/",
    "timestamp": "unknown"
  },
  {
    "title": "TechnologyLineage PlatformManufacturing",
    "link": "https://lineagecell.com/platform/",
    "timestamp": "unknown"
  },
  {
    "title": "Lineage Platform",
    "link": "https://lineagecell.com/platform/",
    "timestamp": "unknown"
  },
  {
    "title": "Manufacturing",
    "link": "https://lineagecell.com/manufacturing/",
    "timestamp": "unknown"
  },
  {
    "title": "Media",
    "link": "https://lineagecell.com/media/",
    "timestamp": "unknown"
  },
  {
    "title": "InvestorsPress ReleasesEvents & PresentationsCorporate GovernanceLeadershipBoard of DirectorsCommittee CompositionAnalyst CoverageStock InformationSto",
    "link": "https://investor.lineagecell.com/",
    "timestamp": "unknown"
  },
  {
    "title": "Press Releases",
    "link": "https://investor.lineagecell.com/press-releases?field_nir_news_date_value%5Bmin%5D=",
    "timestamp": "unknown"
  },
  {
    "title": "Events & Presentations",
    "link": "https://investor.lineagecell.com/events-and-presentations/upcoming-events",
    "timestamp": "unknown"
  },
  {
    "title": "Corporate GovernanceLeadershipBoard of DirectorsCommittee Composition",
    "link": "https://investor.lineagecell.com/corporate-governance/highlights",
    "timestamp": "unknown"
  },
  {
    "title": "Leadership",
    "link": "http://lineagecell.com/company/leadership/",
    "timestamp": "unknown"
  },
  {
    "title": "Board of Directors",
    "link": "http://lineagecell.com/company/board-of-directors/",
    "timestamp": "unknown"
  },
  {
    "title": "Committee Composition",
    "link": "https://investor.lineagecell.com/corporate-governance/committee-composition",
    "timestamp": "unknown"
  },
  {
    "title": "Analyst Coverage",
    "link": "https://investor.lineagecell.com/stock-information/analyst-coverage",
    "timestamp": "unknown"
  },
  {
    "title": "Stock InformationStock Quote & ChartHistorical Price Lookup",
    "link": "https://investor.lineagecell.com/stock-information/stock-quote",
    "timestamp": "unknown"
  },
  {
    "title": "Stock Quote & Chart",
    "link": "https://investor.lineagecell.com/stock-information/stock-quote",
    "timestamp": "unknown"
  },
  {
    "title": "Historical Price Lookup",
    "link": "https://investor.lineagecell.com/stock-information/historical-price-lookup",
    "timestamp": "unknown"
  },
  {
    "title": "Financials & FilingsSEC FilingsAnnual Reports and Proxy InformationAgeX and Form  Information StatementForm",
    "link": "https://investor.lineagecell.com/financials-filings",
    "timestamp": "unknown"
  },
  {
    "title": "SEC Filings",
    "link": "https://investor.lineagecell.com/financial-information/sec-filings",
    "timestamp": "unknown"
  },
  {
    "title": "Annual Reports and Proxy Information",
    "link": "https://investor.lineagecell.com/financial-information/annual-reports",
    "timestamp": "unknown"
  },
  {
    "title": "AgeX and Form  Information Statement",
    "link": "https://investor.lineagecell.com/static-files/1a364940-9e78-40cb-830a-893c27880e74",
    "timestamp": "unknown"
  },
  {
    "title": "Form",
    "link": "https://investor.lineagecell.com/static-files/33911b5d-95e9-43c5-bb16-399403be3f70",
    "timestamp": "unknown"
  },
  {
    "title": "E-mail Alerts",
    "link": "https://investor.lineagecell.com/shareholder-services/email-alerts",
    "timestamp": "unknown"
  },
  {
    "title": "Contact IR",
    "link": "https://investor.lineagecell.com/shareholder-services/contact-ir",
    "timestamp": "unknown"
  },
  {
    "title": "Menu",
    "link": "https://investor.lineagecell.com/press-releases?field_nir_news_date_value%5Bmin%5D=2019",
    "timestamp": "unknown"
  },
  {
    "title": "Press ReleasesInvestor RelationsInvestors OverviewPress ReleasesEvents and PresentationsCorporate GovernanceLeadershipBoard of DirectorsCommittee Comp",
    "link": "https://investor.lineagecell.com/",
    "timestamp": "unknown"
  },
  {
    "title": "Press ReleasesInvestor RelationsInvestors OverviewPress ReleasesEvents and PresentationsCorporate GovernanceLeadershipBoard of DirectorsCommittee Comp",
    "link": "https://investor.lineagecell.com/",
    "timestamp": "unknown"
  },
  {
    "title": "Press ReleasesInvestor RelationsInvestors OverviewPress ReleasesEvents and PresentationsCorporate GovernanceLeadershipBoard of DirectorsCommittee Comp",
    "link": "https://investor.lineagecell.com/",
    "timestamp": "unknown"
  },
  {
    "title": "Press ReleasesInvestor RelationsInvestors OverviewPress ReleasesEvents and PresentationsCorporate GovernanceLeadershipBoard of DirectorsCommittee Comp",
    "link": "https://investor.lineagecell.com/",
    "timestamp": "unknown"
  },
  {
    "title": "Press ReleasesInvestor RelationsInvestors OverviewPress ReleasesEvents and PresentationsCorporate GovernanceLeadershipBoard of DirectorsCommittee Comp",
    "link": "https://investor.lineagecell.com/",
    "timestamp": "unknown"
  },
  {
    "title": "Press ReleasesInvestor RelationsInvestors OverviewPress ReleasesEvents and PresentationsCorporate GovernanceLeadershipBoard of DirectorsCommittee Comp",
    "link": "https://investor.lineagecell.com/",
    "timestamp": "unknown"
  },
  {
    "title": "Investor RelationsInvestors OverviewPress ReleasesEvents and PresentationsCorporate GovernanceLeadershipBoard of DirectorsCommittee CompositionAnalyst",
    "link": "https://investor.lineagecell.com/",
    "timestamp": "unknown"
  },
  {
    "title": "Investor RelationsInvestors OverviewPress ReleasesEvents and PresentationsCorporate GovernanceLeadershipBoard of DirectorsCommittee CompositionAnalyst",
    "link": "https://investor.lineagecell.com/",
    "timestamp": "unknown"
  },
  {
    "title": "Investor RelationsInvestors OverviewPress ReleasesEvents and PresentationsCorporate GovernanceLeadershipBoard of DirectorsCommittee CompositionAnalyst",
    "link": "https://investor.lineagecell.com/",
    "timestamp": "unknown"
  },
  {
    "title": "Investor RelationsInvestors OverviewPress ReleasesEvents and PresentationsCorporate GovernanceLeadershipBoard of DirectorsCommittee CompositionAnalyst",
    "link": "https://investor.lineagecell.com/",
    "timestamp": "unknown"
  },
  {
    "title": "Investor RelationsInvestors OverviewPress ReleasesEvents and PresentationsCorporate GovernanceLeadershipBoard of DirectorsCommittee CompositionAnalyst",
    "link": "https://investor.lineagecell.com/",
    "timestamp": "unknown"
  },
  {
    "title": "Investor RelationsInvestors OverviewPress ReleasesEvents and PresentationsCorporate GovernanceLeadershipBoard of DirectorsCommittee CompositionAnalyst",
    "link": "https://investor.lineagecell.com/",
    "timestamp": "unknown"
  },
  {
    "title": "Investors Overview",
    "link": "https://investor.lineagecell.com/",
    "timestamp": "unknown"
  },
  {
    "title": "Press Releases",
    "link": "https://investor.lineagecell.com/press-releases?field_nir_news_date_value%5Bmin%5D=",
    "timestamp": "unknown"
  },
  {
    "title": "Events and Presentations",
    "link": "https://investor.lineagecell.com/events-and-presentations/upcoming-events",
    "timestamp": "unknown"
  },
  {
    "title": "Corporate GovernanceLeadershipBoard of DirectorsCommittee Composition",
    "link": "https://investor.lineagecell.com/corporate-governance/highlights",
    "timestamp": "unknown"
  },
  {
    "title": "Leadership",
    "link": "http://lineagecell.com/company/leadership/",
    "timestamp": "unknown"
  },
  {
    "title": "Board of Directors",
    "link": "http://lineagecell.com/company/board-of-directors/",
    "timestamp": "unknown"
  },
  {
    "title": "Committee Composition",
    "link": "https://investor.lineagecell.com/corporate-governance/committee-composition",
    "timestamp": "unknown"
  },
  {
    "title": "Analyst Coverage",
    "link": "https://investor.lineagecell.com/stock-information/analyst-coverage",
    "timestamp": "unknown"
  },
  {
    "title": "Stock InformationStock Quote & ChartHistorical Price Lookup",
    "link": "https://investor.lineagecell.com/stock-information/stock-quote",
    "timestamp": "unknown"
  },
  {
    "title": "Stock Quote & Chart",
    "link": "https://investor.lineagecell.com/stock-information/stock-quote",
    "timestamp": "unknown"
  },
  {
    "title": "Historical Price Lookup",
    "link": "https://investor.lineagecell.com/stock-information/historical-price-lookup",
    "timestamp": "unknown"
  },
  {
    "title": "Financials & FilingsSEC FilingsAnnual Report and Proxy InformationAgeX Form  and Information StatementForm",
    "link": "https://investor.lineagecell.com/financials-filings",
    "timestamp": "unknown"
  },
  {
    "title": "SEC Filings",
    "link": "https://investor.lineagecell.com/financial-information/sec-filings",
    "timestamp": "unknown"
  },
  {
    "title": "Annual Report and Proxy Information",
    "link": "https://investor.lineagecell.com/financial-information/annual-reports",
    "timestamp": "unknown"
  },
  {
    "title": "AgeX Form  and Information Statement",
    "link": "https://biotimeinc.gcs-web.com/static-files/1a364940-9e78-40cb-830a-893c27880e74",
    "timestamp": "unknown"
  },
  {
    "title": "Form",
    "link": "https://investor.lineagecell.com/static-files/33911b5d-95e9-43c5-bb16-399403be3f70",
    "timestamp": "unknown"
  },
  {
    "title": "E-mail Alerts",
    "link": "https://investor.lineagecell.com/shareholder-services/email-alerts",
    "timestamp": "unknown"
  },
  {
    "title": "Contact IR",
    "link": "https://investor.lineagecell.com/shareholder-services/contact-ir",
    "timestamp": "unknown"
  },
  {
    "title": "Press ReleasesYearNoneSeptember ,Lineage Cell Therapeutics to Present at September  Investor ConferencesAugust ,Lineage Announces Research Collaborati",
    "link": "https://investor.lineagecell.com/news-releases/news-release-details/lineage-cell-therapeutics-present-september--investor",
    "timestamp": "unknown"
  },
  {
    "title": "Press ReleasesYearNoneSeptember ,Lineage Cell Therapeutics to Present at September  Investor ConferencesAugust ,Lineage Announces Research Collaborati",
    "link": "https://investor.lineagecell.com/news-releases/news-release-details/lineage-cell-therapeutics-present-september--investor",
    "timestamp": "unknown"
  },
  {
    "title": "Press ReleasesYearNoneSeptember ,Lineage Cell Therapeutics to Present at September  Investor ConferencesAugust ,Lineage Announces Research Collaborati",
    "link": "https://investor.lineagecell.com/news-releases/news-release-details/lineage-cell-therapeutics-present-september--investor",
    "timestamp": "unknown"
  },
  {
    "title": "Press ReleasesYearNoneSeptember ,Lineage Cell Therapeutics to Present at September  Investor ConferencesAugust ,Lineage Announces Research Collaborati",
    "link": "https://investor.lineagecell.com/news-releases/news-release-details/lineage-cell-therapeutics-present-september--investor",
    "timestamp": "unknown"
  },
  {
    "title": "YearNoneSeptember ,Lineage Cell Therapeutics to Present at September  Investor ConferencesAugust ,Lineage Announces Research Collaboration With Willia",
    "link": "https://investor.lineagecell.com/news-releases/news-release-details/lineage-cell-therapeutics-present-september--investor",
    "timestamp": "unknown"
  },
  {
    "title": "YearNoneSeptember ,Lineage Cell Therapeutics to Present at September  Investor ConferencesAugust ,Lineage Announces Research Collaboration With Willia",
    "link": "https://investor.lineagecell.com/news-releases/news-release-details/lineage-cell-therapeutics-present-september--investor",
    "timestamp": "unknown"
  },
  {
    "title": "YearNoneSeptember ,Lineage Cell Therapeutics to Present at September  Investor ConferencesAugust ,Lineage Announces Research Collaboration With Willia",
    "link": "https://investor.lineagecell.com/news-releases/news-release-details/lineage-cell-therapeutics-present-september--investor",
    "timestamp": "unknown"
  },
  {
    "title": "YearNoneSeptember ,Lineage Cell Therapeutics to Present at September  Investor ConferencesAugust ,Lineage Announces Research Collaboration With Willia",
    "link": "https://investor.lineagecell.com/news-releases/news-release-details/lineage-cell-therapeutics-present-september--investor",
    "timestamp": "unknown"
  },
  {
    "title": "YearNoneSeptember ,Lineage Cell Therapeutics to Present at September  Investor ConferencesAugust ,Lineage Announces Research Collaboration With Willia",
    "link": "https://investor.lineagecell.com/news-releases/news-release-details/lineage-cell-therapeutics-present-september--investor",
    "timestamp": "unknown"
  },
  {
    "title": "YearNoneSeptember ,Lineage Cell Therapeutics to Present at September  Investor ConferencesAugust ,Lineage Announces Research Collaboration With Willia",
    "link": "https://investor.lineagecell.com/news-releases/news-release-details/lineage-cell-therapeutics-present-september--investor",
    "timestamp": "unknown"
  },
  {
    "title": "YearNoneSeptember ,Lineage Cell Therapeutics to Present at September  Investor ConferencesAugust ,Lineage Announces Research Collaboration With Willia",
    "link": "https://investor.lineagecell.com/news-releases/news-release-details/lineage-cell-therapeutics-present-september--investor",
    "timestamp": "unknown"
  },
  {
    "title": "YearNoneSeptember ,Lineage Cell Therapeutics to Present at September  Investor ConferencesAugust ,Lineage Announces Research Collaboration With Willia",
    "link": "https://investor.lineagecell.com/news-releases/news-release-details/lineage-cell-therapeutics-present-september--investor",
    "timestamp": "unknown"
  },
  {
    "title": "YearNoneSeptember ,Lineage Cell Therapeutics to Present at September  Investor ConferencesAugust ,Lineage Announces Research Collaboration With Willia",
    "link": "https://investor.lineagecell.com/news-releases/news-release-details/lineage-cell-therapeutics-present-september--investor",
    "timestamp": "unknown"
  },
  {
    "title": "YearNoneSeptember ,Lineage Cell Therapeutics to Present at September  Investor ConferencesAugust ,Lineage Announces Research Collaboration With Willia",
    "link": "https://investor.lineagecell.com/news-releases/news-release-details/lineage-cell-therapeutics-present-september--investor",
    "timestamp": "unknown"
  },
  {
    "title": "September ,Lineage Cell Therapeutics to Present at September  Investor ConferencesAugust ,Lineage Announces Research Collaboration With William Demant",
    "link": "https://investor.lineagecell.com/news-releases/news-release-details/lineage-cell-therapeutics-present-september--investor",
    "timestamp": "unknown"
  },
  {
    "title": "September ,Lineage Cell Therapeutics to Present at September  Investor Conferences",
    "link": "https://investor.lineagecell.com/news-releases/news-release-details/lineage-cell-therapeutics-present-september--investor",
    "timestamp": "unknown"
  },
  {
    "title": "Lineage Cell Therapeutics to Present at September  Investor Conferences",
    "link": "https://investor.lineagecell.com/news-releases/news-release-details/lineage-cell-therapeutics-present-september--investor",
    "timestamp": "unknown"
  },
  {
    "title": "August ,Lineage Announces Research Collaboration With William Demant Invest to Develop ReSonance\u2122 (ANP1) for Hearing Loss",
    "link": "https://investor.lineagecell.com/news-releases/news-release-details/lineage-announces-research-collaboration-william-demant-invest",
    "timestamp": "unknown"
  },
  {
    "title": "Lineage Announces Research Collaboration With William Demant Invest to Develop ReSonance\u2122 (ANP1) for Hearing Loss",
    "link": "https://investor.lineagecell.com/news-releases/news-release-details/lineage-announces-research-collaboration-william-demant-invest",
    "timestamp": "unknown"
  },
  {
    "title": "August ,Lineage Cell Therapeutics Reports Second Quarter  Financial Results and Provides Business Update",
    "link": "https://investor.lineagecell.com/news-releases/news-release-details/lineage-cell-therapeutics-reports-second-quarter--financial",
    "timestamp": "unknown"
  },
  {
    "title": "Lineage Cell Therapeutics Reports Second Quarter  Financial Results and Provides Business Update",
    "link": "https://investor.lineagecell.com/news-releases/news-release-details/lineage-cell-therapeutics-reports-second-quarter--financial",
    "timestamp": "unknown"
  },
  {
    "title": "August ,Lineage Cell Therapeutics to Report Second Quarter  Financial Results and Provide Business Update on August ,",
    "link": "https://investor.lineagecell.com/news-releases/news-release-details/lineage-cell-therapeutics-report-second-quarter--financial",
    "timestamp": "unknown"
  },
  {
    "title": "Lineage Cell Therapeutics to Report Second Quarter  Financial Results and Provide Business Update on August ,",
    "link": "https://investor.lineagecell.com/news-releases/news-release-details/lineage-cell-therapeutics-report-second-quarter--financial",
    "timestamp": "unknown"
  },
  {
    "title": "August ,Lineage Announces Dosing of First Patient in New Clinical Study of OPC1 for Subacute and Chronic Spinal Cord Injury",
    "link": "https://investor.lineagecell.com/news-releases/news-release-details/lineage-announces-dosing-first-patient-new-clinical-study-opc1",
    "timestamp": "unknown"
  },
  {
    "title": "Lineage Announces Dosing of First Patient in New Clinical Study of OPC1 for Subacute and Chronic Spinal Cord Injury",
    "link": "https://investor.lineagecell.com/news-releases/news-release-details/lineage-announces-dosing-first-patient-new-clinical-study-opc1",
    "timestamp": "unknown"
  },
  {
    "title": "June ,OpRegen\u00ae (RG6501) -Month Visual Acuity Results Featured at Clinical Trials at the Summit",
    "link": "https://investor.lineagecell.com/news-releases/news-release-details/opregenr-rg6501--month-visual-acuity-results-featured-clinical",
    "timestamp": "unknown"
  },
  {
    "title": "OpRegen\u00ae (RG6501) -Month Visual Acuity Results Featured at Clinical Trials at the Summit",
    "link": "https://investor.lineagecell.com/news-releases/news-release-details/opregenr-rg6501--month-visual-acuity-results-featured-clinical",
    "timestamp": "unknown"
  },
  {
    "title": "June ,Lineage Cell Therapeutics Announces Updates to the 3rd Annual Spinal Cord Injury Investor Symposium",
    "link": "https://investor.lineagecell.com/news-releases/news-release-details/lineage-cell-therapeutics-announces-updates-3rd-annual-spinal",
    "timestamp": "unknown"
  },
  {
    "title": "Lineage Cell Therapeutics Announces Updates to the 3rd Annual Spinal Cord Injury Investor Symposium",
    "link": "https://investor.lineagecell.com/news-releases/news-release-details/lineage-cell-therapeutics-announces-updates-3rd-annual-spinal",
    "timestamp": "unknown"
  },
  {
    "title": "May ,Lineage to Present at 3rd Annual H.C. Wainwright BioConnect Investor Conference at Nasdaq NYC",
    "link": "https://investor.lineagecell.com/news-releases/news-release-details/lineage-present-3rd-annual-hc-wainwright-bioconnect-investor",
    "timestamp": "unknown"
  },
  {
    "title": "Lineage to Present at 3rd Annual H.C. Wainwright BioConnect Investor Conference at Nasdaq NYC",
    "link": "https://investor.lineagecell.com/news-releases/news-release-details/lineage-present-3rd-annual-hc-wainwright-bioconnect-investor",
    "timestamp": "unknown"
  },
  {
    "title": "May ,Lineage Cell Therapeutics Reports First Quarter  Financial Results and Provides Business Update",
    "link": "https://investor.lineagecell.com/news-releases/news-release-details/lineage-cell-therapeutics-reports-first-quarter--financial",
    "timestamp": "unknown"
  },
  {
    "title": "Lineage Cell Therapeutics Reports First Quarter  Financial Results and Provides Business Update",
    "link": "https://investor.lineagecell.com/news-releases/news-release-details/lineage-cell-therapeutics-reports-first-quarter--financial",
    "timestamp": "unknown"
  },
  {
    "title": "May ,RG6501 (OpRegen\u00ae) Phase /2a Clinical Study  Month Results to Be Featured at Clinical Trials at the Summit",
    "link": "https://investor.lineagecell.com/news-releases/news-release-details/rg6501-opregenr-phase-12a-clinical-study--month-results-be",
    "timestamp": "unknown"
  },
  {
    "title": "RG6501 (OpRegen\u00ae) Phase /2a Clinical Study  Month Results to Be Featured at Clinical Trials at the Summit",
    "link": "https://investor.lineagecell.com/news-releases/news-release-details/rg6501-opregenr-phase-12a-clinical-study--month-results-be",
    "timestamp": "unknown"
  },
  {
    "title": "May ,Lineage Cell Therapeutics to Report First Quarter  Financial Results and Provide Business Update on May ,",
    "link": "https://investor.lineagecell.com/news-releases/news-release-details/lineage-cell-therapeutics-report-first-quarter--financial",
    "timestamp": "unknown"
  },
  {
    "title": "Lineage Cell Therapeutics to Report First Quarter  Financial Results and Provide Business Update on May ,",
    "link": "https://investor.lineagecell.com/news-releases/news-release-details/lineage-cell-therapeutics-report-first-quarter--financial",
    "timestamp": "unknown"
  },
  {
    "title": "April ,Lineage Cell Therapeutics and the Christopher & Dana Reeve Foundation Proudly Announce the 3rd Annual Spinal Cord Injury Investor Symposium",
    "link": "https://investor.lineagecell.com/news-releases/news-release-details/lineage-cell-therapeutics-and-christopher-dana-reeve-",
    "timestamp": "unknown"
  },
  {
    "title": "Lineage Cell Therapeutics and the Christopher & Dana Reeve Foundation Proudly Announce the 3rd Annual Spinal Cord Injury Investor Symposium",
    "link": "https://investor.lineagecell.com/news-releases/news-release-details/lineage-cell-therapeutics-and-christopher-dana-reeve-",
    "timestamp": "unknown"
  },
  {
    "title": "April ,Lineage to Present at  Eyecelerator Meeting Sponsored by the American Academy of Ophthalmology (AAO)",
    "link": "https://investor.lineagecell.com/news-releases/news-release-details/lineage-present--eyecelerator-meeting-sponsored-american",
    "timestamp": "unknown"
  },
  {
    "title": "Lineage to Present at  Eyecelerator Meeting Sponsored by the American Academy of Ophthalmology (AAO)",
    "link": "https://investor.lineagecell.com/news-releases/news-release-details/lineage-present--eyecelerator-meeting-sponsored-american",
    "timestamp": "unknown"
  },
  {
    "title": "March ,Lineage Cell Therapeutics Reports Fourth Quarter and Full Year  Financial Results and Provides Business Update",
    "link": "https://investor.lineagecell.com/news-releases/news-release-details/lineage-cell-therapeutics-reports-fourth-quarter-and-full-year-",
    "timestamp": "unknown"
  },
  {
    "title": "Lineage Cell Therapeutics Reports Fourth Quarter and Full Year  Financial Results and Provides Business Update",
    "link": "https://investor.lineagecell.com/news-releases/news-release-details/lineage-cell-therapeutics-reports-fourth-quarter-and-full-year-",
    "timestamp": "unknown"
  },
  {
    "title": "March ,Lineage Cell Therapeutics to Report Fourth Quarter and Full Year  Financial Results and Provide Business Update on March ,",
    "link": "https://investor.lineagecell.com/news-releases/news-release-details/lineage-cell-therapeutics-report-fourth-quarter-and-full-year-",
    "timestamp": "unknown"
  },
  {
    "title": "Lineage Cell Therapeutics to Report Fourth Quarter and Full Year  Financial Results and Provide Business Update on March ,",
    "link": "https://investor.lineagecell.com/news-releases/news-release-details/lineage-cell-therapeutics-report-fourth-quarter-and-full-year-",
    "timestamp": "unknown"
  },
  {
    "title": "February ,Lineage Initiates Clinical Study of OPC1 for Spinal Cord Injury",
    "link": "https://investor.lineagecell.com/news-releases/news-release-details/lineage-initiates-clinical-study-opc1-spinal-cord-injury",
    "timestamp": "unknown"
  },
  {
    "title": "Lineage Initiates Clinical Study of OPC1 for Spinal Cord Injury",
    "link": "https://investor.lineagecell.com/news-releases/news-release-details/lineage-initiates-clinical-study-opc1-spinal-cord-injury",
    "timestamp": "unknown"
  },
  {
    "title": "February ,Lineage Cell Therapeutics to Present at the Oppenheimer 35th Annual Healthcare Lifesciences Conference",
    "link": "https://investor.lineagecell.com/news-releases/news-release-details/lineage-cell-therapeutics-present-oppenheimer-35th-annual",
    "timestamp": "unknown"
  },
  {
    "title": "Lineage Cell Therapeutics to Present at the Oppenheimer 35th Annual Healthcare Lifesciences Conference",
    "link": "https://investor.lineagecell.com/news-releases/news-release-details/lineage-cell-therapeutics-present-oppenheimer-35th-annual",
    "timestamp": "unknown"
  },
  {
    "title": "January ,Lineage Cell Therapeutics Announces Closing of Second Tranche of Previously Announced Registered Direct Offering",
    "link": "https://investor.lineagecell.com/news-releases/news-release-details/lineage-cell-therapeutics-announces-closing-second-tranche",
    "timestamp": "unknown"
  },
  {
    "title": "Lineage Cell Therapeutics Announces Closing of Second Tranche of Previously Announced Registered Direct Offering",
    "link": "https://investor.lineagecell.com/news-releases/news-release-details/lineage-cell-therapeutics-announces-closing-second-tranche",
    "timestamp": "unknown"
  },
  {
    "title": "January ,Lineage Cell Therapeutics Issues Letter to Stockholders",
    "link": "https://investor.lineagecell.com/news-releases/news-release-details/lineage-cell-therapeutics-issues-letter-stockholders",
    "timestamp": "unknown"
  },
  {
    "title": "Lineage Cell Therapeutics Issues Letter to Stockholders",
    "link": "https://investor.lineagecell.com/news-releases/news-release-details/lineage-cell-therapeutics-issues-letter-stockholders",
    "timestamp": "unknown"
  },
  {
    "title": "\u00a9 Copyright - Lineage Cell Therapeutics, Inc.  \u00a0\u00a0|Terms of Use&Privacy|contact@lineagecell.comFacebookTwitterRSS FeedEmail Alerts",
    "link": "https://lineagecell.com/terms-of-use/",
    "timestamp": "unknown"
  },
  {
    "title": "Facebook",
    "link": "https://www.facebook.com/LineageCell/",
    "timestamp": "unknown"
  },
  {
    "title": "Twitter",
    "link": "https://twitter.com/LineageCell",
    "timestamp": "unknown"
  },
  {
    "title": "RSS Feed",
    "link": "https://investor.lineagecell.com/rss-feeds",
    "timestamp": "unknown"
  },
  {
    "title": "Email Alerts",
    "link": "https://investor.lineagecell.com/shareholder-services/email-alerts",
    "timestamp": "unknown"
  }
]