[
  {
    "title": "CompanyAbout UsLeadershipBoard of DirectorsCareersContactPipelineOverviewOpRegen\u00ae for Dry AMDOPC1Other ProgramsTechnologyLineage PlatformManufacturing",
    "link": "https://lineagecell.com/",
    "timestamp": "unknown"
  },
  {
    "title": "CompanyAbout UsLeadershipBoard of DirectorsCareersContactPipelineOverviewOpRegen\u00ae for Dry AMDOPC1Other ProgramsTechnologyLineage PlatformManufacturing",
    "link": "https://lineagecell.com/",
    "timestamp": "unknown"
  },
  {
    "title": "CompanyAbout UsLeadershipBoard of DirectorsCareersContactPipelineOverviewOpRegen\u00ae for Dry AMDOPC1Other ProgramsTechnologyLineage PlatformManufacturing",
    "link": "https://lineagecell.com/",
    "timestamp": "unknown"
  },
  {
    "title": "CompanyAbout UsLeadershipBoard of DirectorsCareersContactPipelineOverviewOpRegen\u00ae for Dry AMDOPC1Other ProgramsTechnologyLineage PlatformManufacturing",
    "link": "https://lineagecell.com/",
    "timestamp": "unknown"
  },
  {
    "title": "CompanyAbout UsLeadershipBoard of DirectorsCareersContactPipelineOverviewOpRegen\u00ae for Dry AMDOPC1Other ProgramsTechnologyLineage PlatformManufacturing",
    "link": "https://lineagecell.com/",
    "timestamp": "unknown"
  },
  {
    "title": "CompanyAbout UsLeadershipBoard of DirectorsCareersContactPipelineOverviewOpRegen\u00ae for Dry AMDOPC1Other ProgramsTechnologyLineage PlatformManufacturing",
    "link": "http://lineagecell.com/company/",
    "timestamp": "unknown"
  },
  {
    "title": "CompanyAbout UsLeadershipBoard of DirectorsCareersContact",
    "link": "http://lineagecell.com/company/",
    "timestamp": "unknown"
  },
  {
    "title": "About Us",
    "link": "http://lineagecell.com/company/",
    "timestamp": "unknown"
  },
  {
    "title": "Leadership",
    "link": "http://lineagecell.com/company/leadership/",
    "timestamp": "unknown"
  },
  {
    "title": "Board of Directors",
    "link": "http://lineagecell.com/company/board-of-directors/",
    "timestamp": "unknown"
  },
  {
    "title": "Careers",
    "link": "http://lineagecell.com/company/careers/",
    "timestamp": "unknown"
  },
  {
    "title": "Contact",
    "link": "http://lineagecell.com/company/contact/",
    "timestamp": "unknown"
  },
  {
    "title": "PipelineOverviewOpRegen\u00ae for Dry AMDOPC1Other Programs",
    "link": "http://lineagecell.com/products-pipeline/",
    "timestamp": "unknown"
  },
  {
    "title": "Overview",
    "link": "https://lineagecell.com/products-pipeline/",
    "timestamp": "unknown"
  },
  {
    "title": "OpRegen\u00ae for Dry AMD",
    "link": "http://lineagecell.com/products-pipeline/opregen/",
    "timestamp": "unknown"
  },
  {
    "title": "OPC1",
    "link": "http://lineagecell.com/products-pipeline/opc1/",
    "timestamp": "unknown"
  },
  {
    "title": "Other Programs",
    "link": "https://lineagecell.com/products-pipeline/other-programs/",
    "timestamp": "unknown"
  },
  {
    "title": "TechnologyLineage PlatformManufacturing",
    "link": "https://lineagecell.com/platform/",
    "timestamp": "unknown"
  },
  {
    "title": "Lineage Platform",
    "link": "https://lineagecell.com/platform/",
    "timestamp": "unknown"
  },
  {
    "title": "Manufacturing",
    "link": "https://lineagecell.com/manufacturing/",
    "timestamp": "unknown"
  },
  {
    "title": "Media",
    "link": "https://lineagecell.com/media/",
    "timestamp": "unknown"
  },
  {
    "title": "InvestorsPress ReleasesEvents & PresentationsCorporate GovernanceLeadershipBoard of DirectorsCommittee CompositionAnalyst CoverageStock InformationSto",
    "link": "https://investor.lineagecell.com/",
    "timestamp": "unknown"
  },
  {
    "title": "Press Releases",
    "link": "https://investor.lineagecell.com/press-releases?field_nir_news_date_value%5Bmin%5D=",
    "timestamp": "unknown"
  },
  {
    "title": "Events & Presentations",
    "link": "https://investor.lineagecell.com/events-and-presentations/upcoming-events",
    "timestamp": "unknown"
  },
  {
    "title": "Corporate GovernanceLeadershipBoard of DirectorsCommittee Composition",
    "link": "https://investor.lineagecell.com/corporate-governance/highlights",
    "timestamp": "unknown"
  },
  {
    "title": "Leadership",
    "link": "http://lineagecell.com/company/leadership/",
    "timestamp": "unknown"
  },
  {
    "title": "Board of Directors",
    "link": "http://lineagecell.com/company/board-of-directors/",
    "timestamp": "unknown"
  },
  {
    "title": "Committee Composition",
    "link": "https://investor.lineagecell.com/corporate-governance/committee-composition",
    "timestamp": "unknown"
  },
  {
    "title": "Analyst Coverage",
    "link": "https://investor.lineagecell.com/stock-information/analyst-coverage",
    "timestamp": "unknown"
  },
  {
    "title": "Stock InformationStock Quote & ChartHistorical Price Lookup",
    "link": "https://investor.lineagecell.com/stock-information/stock-quote",
    "timestamp": "unknown"
  },
  {
    "title": "Stock Quote & Chart",
    "link": "https://investor.lineagecell.com/stock-information/stock-quote",
    "timestamp": "unknown"
  },
  {
    "title": "Historical Price Lookup",
    "link": "https://investor.lineagecell.com/stock-information/historical-price-lookup",
    "timestamp": "unknown"
  },
  {
    "title": "Financials & FilingsSEC FilingsAnnual Reports and Proxy InformationAgeX and Form  Information StatementForm",
    "link": "https://investor.lineagecell.com/financials-filings",
    "timestamp": "unknown"
  },
  {
    "title": "SEC Filings",
    "link": "https://investor.lineagecell.com/financial-information/sec-filings",
    "timestamp": "unknown"
  },
  {
    "title": "Annual Reports and Proxy Information",
    "link": "https://investor.lineagecell.com/financial-information/annual-reports",
    "timestamp": "unknown"
  },
  {
    "title": "AgeX and Form  Information Statement",
    "link": "https://investor.lineagecell.com/static-files/1a364940-9e78-40cb-830a-893c27880e74",
    "timestamp": "unknown"
  },
  {
    "title": "Form",
    "link": "https://investor.lineagecell.com/static-files/33911b5d-95e9-43c5-bb16-399403be3f70",
    "timestamp": "unknown"
  },
  {
    "title": "E-mail Alerts",
    "link": "https://investor.lineagecell.com/shareholder-services/email-alerts",
    "timestamp": "unknown"
  },
  {
    "title": "Contact IR",
    "link": "https://investor.lineagecell.com/shareholder-services/contact-ir",
    "timestamp": "unknown"
  },
  {
    "title": "Menu",
    "link": "https://investor.lineagecell.com/financial-information/sec-filings",
    "timestamp": "unknown"
  },
  {
    "title": "SEC FilingsInvestor RelationsInvestors OverviewPress ReleasesEvents and PresentationsCorporate GovernanceLeadershipBoard of DirectorsCommittee Composi",
    "link": "https://investor.lineagecell.com/",
    "timestamp": "unknown"
  },
  {
    "title": "SEC FilingsInvestor RelationsInvestors OverviewPress ReleasesEvents and PresentationsCorporate GovernanceLeadershipBoard of DirectorsCommittee Composi",
    "link": "https://investor.lineagecell.com/",
    "timestamp": "unknown"
  },
  {
    "title": "SEC FilingsInvestor RelationsInvestors OverviewPress ReleasesEvents and PresentationsCorporate GovernanceLeadershipBoard of DirectorsCommittee Composi",
    "link": "https://investor.lineagecell.com/",
    "timestamp": "unknown"
  },
  {
    "title": "SEC FilingsInvestor RelationsInvestors OverviewPress ReleasesEvents and PresentationsCorporate GovernanceLeadershipBoard of DirectorsCommittee Composi",
    "link": "https://investor.lineagecell.com/",
    "timestamp": "unknown"
  },
  {
    "title": "SEC FilingsInvestor RelationsInvestors OverviewPress ReleasesEvents and PresentationsCorporate GovernanceLeadershipBoard of DirectorsCommittee Composi",
    "link": "https://investor.lineagecell.com/",
    "timestamp": "unknown"
  },
  {
    "title": "SEC FilingsInvestor RelationsInvestors OverviewPress ReleasesEvents and PresentationsCorporate GovernanceLeadershipBoard of DirectorsCommittee Composi",
    "link": "https://investor.lineagecell.com/",
    "timestamp": "unknown"
  },
  {
    "title": "Investor RelationsInvestors OverviewPress ReleasesEvents and PresentationsCorporate GovernanceLeadershipBoard of DirectorsCommittee CompositionAnalyst",
    "link": "https://investor.lineagecell.com/",
    "timestamp": "unknown"
  },
  {
    "title": "Investor RelationsInvestors OverviewPress ReleasesEvents and PresentationsCorporate GovernanceLeadershipBoard of DirectorsCommittee CompositionAnalyst",
    "link": "https://investor.lineagecell.com/",
    "timestamp": "unknown"
  },
  {
    "title": "Investor RelationsInvestors OverviewPress ReleasesEvents and PresentationsCorporate GovernanceLeadershipBoard of DirectorsCommittee CompositionAnalyst",
    "link": "https://investor.lineagecell.com/",
    "timestamp": "unknown"
  },
  {
    "title": "Investor RelationsInvestors OverviewPress ReleasesEvents and PresentationsCorporate GovernanceLeadershipBoard of DirectorsCommittee CompositionAnalyst",
    "link": "https://investor.lineagecell.com/",
    "timestamp": "unknown"
  },
  {
    "title": "Investor RelationsInvestors OverviewPress ReleasesEvents and PresentationsCorporate GovernanceLeadershipBoard of DirectorsCommittee CompositionAnalyst",
    "link": "https://investor.lineagecell.com/",
    "timestamp": "unknown"
  },
  {
    "title": "Investor RelationsInvestors OverviewPress ReleasesEvents and PresentationsCorporate GovernanceLeadershipBoard of DirectorsCommittee CompositionAnalyst",
    "link": "https://investor.lineagecell.com/",
    "timestamp": "unknown"
  },
  {
    "title": "Investors Overview",
    "link": "https://investor.lineagecell.com/",
    "timestamp": "unknown"
  },
  {
    "title": "Press Releases",
    "link": "https://investor.lineagecell.com/press-releases?field_nir_news_date_value%5Bmin%5D=",
    "timestamp": "unknown"
  },
  {
    "title": "Events and Presentations",
    "link": "https://investor.lineagecell.com/events-and-presentations/upcoming-events",
    "timestamp": "unknown"
  },
  {
    "title": "Corporate GovernanceLeadershipBoard of DirectorsCommittee Composition",
    "link": "https://investor.lineagecell.com/corporate-governance/highlights",
    "timestamp": "unknown"
  },
  {
    "title": "Leadership",
    "link": "http://lineagecell.com/company/leadership/",
    "timestamp": "unknown"
  },
  {
    "title": "Board of Directors",
    "link": "http://lineagecell.com/company/board-of-directors/",
    "timestamp": "unknown"
  },
  {
    "title": "Committee Composition",
    "link": "https://investor.lineagecell.com/corporate-governance/committee-composition",
    "timestamp": "unknown"
  },
  {
    "title": "Analyst Coverage",
    "link": "https://investor.lineagecell.com/stock-information/analyst-coverage",
    "timestamp": "unknown"
  },
  {
    "title": "Stock InformationStock Quote & ChartHistorical Price Lookup",
    "link": "https://investor.lineagecell.com/stock-information/stock-quote",
    "timestamp": "unknown"
  },
  {
    "title": "Stock Quote & Chart",
    "link": "https://investor.lineagecell.com/stock-information/stock-quote",
    "timestamp": "unknown"
  },
  {
    "title": "Historical Price Lookup",
    "link": "https://investor.lineagecell.com/stock-information/historical-price-lookup",
    "timestamp": "unknown"
  },
  {
    "title": "Financials & FilingsSEC FilingsAnnual Report and Proxy InformationAgeX Form  and Information StatementForm",
    "link": "https://investor.lineagecell.com/financials-filings",
    "timestamp": "unknown"
  },
  {
    "title": "SEC Filings",
    "link": "https://investor.lineagecell.com/financial-information/sec-filings",
    "timestamp": "unknown"
  },
  {
    "title": "Annual Report and Proxy Information",
    "link": "https://investor.lineagecell.com/financial-information/annual-reports",
    "timestamp": "unknown"
  },
  {
    "title": "AgeX Form  and Information Statement",
    "link": "https://biotimeinc.gcs-web.com/static-files/1a364940-9e78-40cb-830a-893c27880e74",
    "timestamp": "unknown"
  },
  {
    "title": "Form",
    "link": "https://investor.lineagecell.com/static-files/33911b5d-95e9-43c5-bb16-399403be3f70",
    "timestamp": "unknown"
  },
  {
    "title": "E-mail Alerts",
    "link": "https://investor.lineagecell.com/shareholder-services/email-alerts",
    "timestamp": "unknown"
  },
  {
    "title": "Contact IR",
    "link": "https://investor.lineagecell.com/shareholder-services/contact-ir",
    "timestamp": "unknown"
  },
  {
    "title": "SEC FilingsNYSE American: LCTX (Common Stock)Group,,Annual FilingsCurrent ReportsMergers & AcquisitionsOtherProxy FilingsQuarterly FilingsRegistration",
    "link": "https://investor.lineagecell.com/financial-information/sec-filings?items_per_page=&order=field_nir_sec_date_filed&sort=asc",
    "timestamp": "unknown"
  },
  {
    "title": "SEC FilingsNYSE American: LCTX (Common Stock)Group,,Annual FilingsCurrent ReportsMergers & AcquisitionsOtherProxy FilingsQuarterly FilingsRegistration",
    "link": "https://investor.lineagecell.com/financial-information/sec-filings?items_per_page=&order=field_nir_sec_date_filed&sort=asc",
    "timestamp": "unknown"
  },
  {
    "title": "SEC FilingsNYSE American: LCTX (Common Stock)Group,,Annual FilingsCurrent ReportsMergers & AcquisitionsOtherProxy FilingsQuarterly FilingsRegistration",
    "link": "https://investor.lineagecell.com/financial-information/sec-filings?items_per_page=&order=field_nir_sec_date_filed&sort=asc",
    "timestamp": "unknown"
  },
  {
    "title": "SEC FilingsNYSE American: LCTX (Common Stock)Group,,Annual FilingsCurrent ReportsMergers & AcquisitionsOtherProxy FilingsQuarterly FilingsRegistration",
    "link": "https://investor.lineagecell.com/financial-information/sec-filings?items_per_page=&order=field_nir_sec_date_filed&sort=asc",
    "timestamp": "unknown"
  },
  {
    "title": "NYSE American: LCTX (Common Stock)Group,,Annual FilingsCurrent ReportsMergers & AcquisitionsOtherProxy FilingsQuarterly FilingsRegistration Statements",
    "link": "https://investor.lineagecell.com/financial-information/sec-filings?items_per_page=&order=field_nir_sec_date_filed&sort=asc",
    "timestamp": "unknown"
  },
  {
    "title": "NYSE American: LCTX (Common Stock)Group,,Annual FilingsCurrent ReportsMergers & AcquisitionsOtherProxy FilingsQuarterly FilingsRegistration Statements",
    "link": "https://investor.lineagecell.com/financial-information/sec-filings?items_per_page=&order=field_nir_sec_date_filed&sort=asc",
    "timestamp": "unknown"
  },
  {
    "title": "NYSE American: LCTX (Common Stock)Group,,Annual FilingsCurrent ReportsMergers & AcquisitionsOtherProxy FilingsQuarterly FilingsRegistration Statements",
    "link": "https://investor.lineagecell.com/financial-information/sec-filings?items_per_page=&order=field_nir_sec_date_filed&sort=asc",
    "timestamp": "unknown"
  },
  {
    "title": "NYSE American: LCTX (Common Stock)Group,,Annual FilingsCurrent ReportsMergers & AcquisitionsOtherProxy FilingsQuarterly FilingsRegistration Statements",
    "link": "https://investor.lineagecell.com/financial-information/sec-filings?items_per_page=&order=field_nir_sec_date_filed&sort=asc",
    "timestamp": "unknown"
  },
  {
    "title": "NYSE American: LCTX (Common Stock)Group,,Annual FilingsCurrent ReportsMergers & AcquisitionsOtherProxy FilingsQuarterly FilingsRegistration Statements",
    "link": "https://investor.lineagecell.com/financial-information/sec-filings?items_per_page=&order=field_nir_sec_date_filed&sort=asc",
    "timestamp": "unknown"
  },
  {
    "title": "NYSE American: LCTX (Common Stock)Group,,Annual FilingsCurrent ReportsMergers & AcquisitionsOtherProxy FilingsQuarterly FilingsRegistration Statements",
    "link": "https://investor.lineagecell.com/financial-information/sec-filings?items_per_page=&order=field_nir_sec_date_filed&sort=asc",
    "timestamp": "unknown"
  },
  {
    "title": "NYSE American: LCTX (Common Stock)Group,,Annual FilingsCurrent ReportsMergers & AcquisitionsOtherProxy FilingsQuarterly FilingsRegistration Statements",
    "link": "https://investor.lineagecell.com/financial-information/sec-filings?items_per_page=&order=field_nir_sec_date_filed&sort=asc",
    "timestamp": "unknown"
  },
  {
    "title": "Group,,Annual FilingsCurrent ReportsMergers & AcquisitionsOtherProxy FilingsQuarterly FilingsRegistration StatementsFiling year- Any -Filing dateDescr",
    "link": "https://investor.lineagecell.com/financial-information/sec-filings?items_per_page=&order=field_nir_sec_date_filed&sort=asc",
    "timestamp": "unknown"
  },
  {
    "title": "Group,,Annual FilingsCurrent ReportsMergers & AcquisitionsOtherProxy FilingsQuarterly FilingsRegistration StatementsFiling year- Any -Filing dateDescr",
    "link": "https://investor.lineagecell.com/financial-information/sec-filings?items_per_page=&order=field_nir_sec_date_filed&sort=asc",
    "timestamp": "unknown"
  },
  {
    "title": "Group,,Annual FilingsCurrent ReportsMergers & AcquisitionsOtherProxy FilingsQuarterly FilingsRegistration StatementsFiling year- Any -Filing dateDescr",
    "link": "https://investor.lineagecell.com/financial-information/sec-filings?items_per_page=&order=field_nir_sec_date_filed&sort=asc",
    "timestamp": "unknown"
  },
  {
    "title": "Filing dateDescriptionFormViewSep ,Filed by \"insiders\" prior intended sale of restricted stock. Non-EDGAR filing--.rtf--.pdfAug ,Report of unscheduled",
    "link": "https://investor.lineagecell.com/financial-information/sec-filings?items_per_page=&order=field_nir_sec_date_filed&sort=asc",
    "timestamp": "unknown"
  },
  {
    "title": "Filing dateDescriptionFormView",
    "link": "https://investor.lineagecell.com/financial-information/sec-filings?items_per_page=&order=field_nir_sec_date_filed&sort=asc",
    "timestamp": "unknown"
  },
  {
    "title": "Sep ,Filed by \"insiders\" prior intended sale of restricted stock. Non-EDGAR filing--.rtf--.pdf",
    "link": "https://investor.lineagecell.com/sec-filings/sec-filing//--",
    "timestamp": "unknown"
  },
  {
    "title": "--.rtf",
    "link": "https://investor.lineagecell.com/static-files/812cbefa-7feb-4e4d-aa29-5ea9cc718520",
    "timestamp": "unknown"
  },
  {
    "title": "--.pdf",
    "link": "https://investor.lineagecell.com/static-files/d7663cc2-6c2c-4b73-8d89-59a2b1580d14",
    "timestamp": "unknown"
  },
  {
    "title": "Aug ,Report of unscheduled material events or corporate event-K--.rtf--.xls--.pdfEX-.SCH - XBRL TAXONOMY EXTENSION SCHEMA",
    "link": "https://investor.lineagecell.com/sec-filings/sec-filing/-k/--",
    "timestamp": "unknown"
  },
  {
    "title": "--.rtf",
    "link": "https://investor.lineagecell.com/static-files/25d5e3a4-56ee-4fa4-8f32-aa5ca80d4509",
    "timestamp": "unknown"
  },
  {
    "title": "--.xls",
    "link": "https://investor.lineagecell.com/static-files/713c20a0--498b-af67-1fe17d5488da",
    "timestamp": "unknown"
  },
  {
    "title": "--.pdf",
    "link": "https://investor.lineagecell.com/static-files/b9b38c26-70c1-4c29-a322-eccae8f4d28d",
    "timestamp": "unknown"
  },
  {
    "title": "Aug ,Securities offered to employees pursuant to employee benefit plansS---.rtf--.xls--.pdf",
    "link": "https://investor.lineagecell.com/sec-filings/sec-filing/s-/--",
    "timestamp": "unknown"
  },
  {
    "title": "--.rtf",
    "link": "https://investor.lineagecell.com/static-files/6f6817c0-c73b-430e-81f5-4f5fbb5cc325",
    "timestamp": "unknown"
  },
  {
    "title": "--.xls",
    "link": "https://investor.lineagecell.com/static-files/a6e6f7a4-37e9-415b-ab9f-aa7eed2b8ff6",
    "timestamp": "unknown"
  },
  {
    "title": "--.pdf",
    "link": "https://investor.lineagecell.com/static-files/e19ac703-671a--b0d2-ede9d18a1f77",
    "timestamp": "unknown"
  },
  {
    "title": "Aug ,Report of unscheduled material events or corporate event-K--.rtf--.xls--.pdfEX-.SCH - XBRL TAXONOMY EXTENSION SCHEMA",
    "link": "https://investor.lineagecell.com/sec-filings/sec-filing/-k/--",
    "timestamp": "unknown"
  },
  {
    "title": "--.rtf",
    "link": "https://investor.lineagecell.com/static-files/6f4c1aa3-e578---c93cb2f0361a",
    "timestamp": "unknown"
  },
  {
    "title": "--.xls",
    "link": "https://investor.lineagecell.com/static-files/74b62bc8-e8c3-4f20-bc98-2884b699f421",
    "timestamp": "unknown"
  },
  {
    "title": "--.pdf",
    "link": "https://investor.lineagecell.com/static-files/77d2e704-04f3-48d4-884f-b29064441f02",
    "timestamp": "unknown"
  },
  {
    "title": "Aug ,Quarterly report which provides a continuing view of a company's financial position-Q--.rtf--.xls--.pdfEX-.SCH - XBRL TAXONOMY EXTENSION SCHEMA",
    "link": "https://investor.lineagecell.com/sec-filings/sec-filing/-q/--",
    "timestamp": "unknown"
  },
  {
    "title": "--.rtf",
    "link": "https://investor.lineagecell.com/static-files/20e2118c-690c-4dc9-95e8-2358fda79f85",
    "timestamp": "unknown"
  },
  {
    "title": "--.xls",
    "link": "https://investor.lineagecell.com/static-files/-9a70-46c4-82c0-f39109be3d83",
    "timestamp": "unknown"
  },
  {
    "title": "--.pdf",
    "link": "https://investor.lineagecell.com/static-files/ba99b8ac-9b19-4a3a--e55299084f30",
    "timestamp": "unknown"
  },
  {
    "title": "Jul ,SCHEDULE 13G/A - DescriptionSCHEDULE 13G/A--.rtf--.xls--.pdf",
    "link": "https://investor.lineagecell.com/sec-filings/sec-filing/schedule-13ga/--",
    "timestamp": "unknown"
  },
  {
    "title": "--.rtf",
    "link": "https://investor.lineagecell.com/static-files/7bb918f5-99f2-4da7-ab6d-38ebeb23b8f7",
    "timestamp": "unknown"
  },
  {
    "title": "--.xls",
    "link": "https://investor.lineagecell.com/static-files/----033efa4ef90d",
    "timestamp": "unknown"
  },
  {
    "title": "--.pdf",
    "link": "https://investor.lineagecell.com/static-files/385e0fa7-80fe--ad49-0c281d123e8e",
    "timestamp": "unknown"
  },
  {
    "title": "Jul ,Statement of changes in beneficial ownership of securities--.rtf--.xls--.pdf",
    "link": "https://investor.lineagecell.com/sec-filings/sec-filing//--",
    "timestamp": "unknown"
  },
  {
    "title": "--.rtf",
    "link": "https://investor.lineagecell.com/static-files/a8904d02-70a2-4a1e-b8b9-bf16e811e3f6",
    "timestamp": "unknown"
  },
  {
    "title": "--.xls",
    "link": "https://investor.lineagecell.com/static-files/b78e3d24-8d46--8dff-e26e82cad3a7",
    "timestamp": "unknown"
  },
  {
    "title": "--.pdf",
    "link": "https://investor.lineagecell.com/static-files/7d836ed9--4a38-b817-99ac033fea23",
    "timestamp": "unknown"
  },
  {
    "title": "Jul ,Report of unscheduled material events or corporate event-K--.rtf--.xls--.pdfEX-.SCH - XBRL TAXONOMY EXTENSION SCHEMA",
    "link": "https://investor.lineagecell.com/sec-filings/sec-filing/-k/--",
    "timestamp": "unknown"
  },
  {
    "title": "--.rtf",
    "link": "https://investor.lineagecell.com/static-files/ad504c6e-400c--803b-28fb0ddb5330",
    "timestamp": "unknown"
  },
  {
    "title": "--.xls",
    "link": "https://investor.lineagecell.com/static-files/139983f9-44d4--84b2-26a4cfeb61f7",
    "timestamp": "unknown"
  },
  {
    "title": "--.pdf",
    "link": "https://investor.lineagecell.com/static-files/1e8f9f5c-e477-4ae9-96a9-867113ad80a9",
    "timestamp": "unknown"
  },
  {
    "title": "Jul ,Statement of changes in beneficial ownership of securities--.rtf--.xls--.pdf",
    "link": "https://investor.lineagecell.com/sec-filings/sec-filing//--",
    "timestamp": "unknown"
  },
  {
    "title": "--.rtf",
    "link": "https://investor.lineagecell.com/static-files/dc63b1e3-bef4-47a0-b3aa-9f5ffc5164c1",
    "timestamp": "unknown"
  },
  {
    "title": "--.xls",
    "link": "https://investor.lineagecell.com/static-files/e5732d01-293b--97dd-13d8e3dc5ed0",
    "timestamp": "unknown"
  },
  {
    "title": "--.pdf",
    "link": "https://investor.lineagecell.com/static-files/c6cc91bf-d94c-478b-8dfe-b1ecebe1c8fb",
    "timestamp": "unknown"
  },
  {
    "title": "Jul ,Statement of changes in beneficial ownership of securities--.rtf--.xls--.pdf",
    "link": "https://investor.lineagecell.com/sec-filings/sec-filing//--",
    "timestamp": "unknown"
  },
  {
    "title": "--.rtf",
    "link": "https://investor.lineagecell.com/static-files/4a1b355e-1a62--8fd0-68bf4ff319ea",
    "timestamp": "unknown"
  },
  {
    "title": "--.xls",
    "link": "https://investor.lineagecell.com/static-files/3e0799ce-e0fd-415c-99d3-ff68d79a84ab",
    "timestamp": "unknown"
  },
  {
    "title": "--.pdf",
    "link": "https://investor.lineagecell.com/static-files/ca5a93d8-439a--89da-c8f64fe446e1",
    "timestamp": "unknown"
  },
  {
    "title": "Current page",
    "link": "https://investor.lineagecell.com/financial-information/sec-filings?&field_nir_sec_cik_target_id=&field_nir_sec_date_filed_value=&&&items_per_page_toggle=&page=",
    "timestamp": "unknown"
  },
  {
    "title": "Page",
    "link": "https://investor.lineagecell.com/financial-information/sec-filings?&field_nir_sec_cik_target_id=&field_nir_sec_date_filed_value=&&&items_per_page_toggle=&page=",
    "timestamp": "unknown"
  },
  {
    "title": "Page",
    "link": "https://investor.lineagecell.com/financial-information/sec-filings?&field_nir_sec_cik_target_id=&field_nir_sec_date_filed_value=&&&items_per_page_toggle=&page=",
    "timestamp": "unknown"
  },
  {
    "title": "Page",
    "link": "https://investor.lineagecell.com/financial-information/sec-filings?&field_nir_sec_cik_target_id=&field_nir_sec_date_filed_value=&&&items_per_page_toggle=&page=",
    "timestamp": "unknown"
  },
  {
    "title": "Page",
    "link": "https://investor.lineagecell.com/financial-information/sec-filings?&field_nir_sec_cik_target_id=&field_nir_sec_date_filed_value=&&&items_per_page_toggle=&page=",
    "timestamp": "unknown"
  },
  {
    "title": "Page",
    "link": "https://investor.lineagecell.com/financial-information/sec-filings?&field_nir_sec_cik_target_id=&field_nir_sec_date_filed_value=&&&items_per_page_toggle=&page=",
    "timestamp": "unknown"
  },
  {
    "title": "Page",
    "link": "https://investor.lineagecell.com/financial-information/sec-filings?&field_nir_sec_cik_target_id=&field_nir_sec_date_filed_value=&&&items_per_page_toggle=&page=",
    "timestamp": "unknown"
  },
  {
    "title": "Page",
    "link": "https://investor.lineagecell.com/financial-information/sec-filings?&field_nir_sec_cik_target_id=&field_nir_sec_date_filed_value=&&&items_per_page_toggle=&page=",
    "timestamp": "unknown"
  },
  {
    "title": "Page",
    "link": "https://investor.lineagecell.com/financial-information/sec-filings?&field_nir_sec_cik_target_id=&field_nir_sec_date_filed_value=&&&items_per_page_toggle=&page=",
    "timestamp": "unknown"
  },
  {
    "title": "Next pageNext \u203a",
    "link": "https://investor.lineagecell.com/financial-information/sec-filings?&field_nir_sec_cik_target_id=&field_nir_sec_date_filed_value=&&&items_per_page_toggle=&page=",
    "timestamp": "unknown"
  },
  {
    "title": "Last pageLast \u00bb",
    "link": "https://investor.lineagecell.com/financial-information/sec-filings?&field_nir_sec_cik_target_id=&field_nir_sec_date_filed_value=&&&items_per_page_toggle=&page=",
    "timestamp": "unknown"
  },
  {
    "title": "Data provided byKaleidoscope.",
    "link": "https://www.kscope.io",
    "timestamp": "unknown"
  },
  {
    "title": "Data provided byKaleidoscope.",
    "link": "https://www.kscope.io",
    "timestamp": "unknown"
  },
  {
    "title": "\u00a9 Copyright - Lineage Cell Therapeutics, Inc.  \u00a0\u00a0|Terms of Use&Privacy|contact@lineagecell.comFacebookTwitterRSS FeedEmail Alerts",
    "link": "https://lineagecell.com/terms-of-use/",
    "timestamp": "unknown"
  },
  {
    "title": "Facebook",
    "link": "https://www.facebook.com/LineageCell/",
    "timestamp": "unknown"
  },
  {
    "title": "Twitter",
    "link": "https://twitter.com/LineageCell",
    "timestamp": "unknown"
  },
  {
    "title": "RSS Feed",
    "link": "https://investor.lineagecell.com/rss-feeds",
    "timestamp": "unknown"
  },
  {
    "title": "Email Alerts",
    "link": "https://investor.lineagecell.com/shareholder-services/email-alerts",
    "timestamp": "unknown"
  }
]