[
  {
    "title": "Primary NavAboutAbout OcugenOur PeopleOur PartnersCareersScience & TechnologyPatientsOur CommitmentClinical Study OverviewTherapeutic AreasInvestorsCo",
    "link": "https://ocugen.com/",
    "timestamp": "unknown"
  },
  {
    "title": "Primary NavAboutAbout OcugenOur PeopleOur PartnersCareersScience & TechnologyPatientsOur CommitmentClinical Study OverviewTherapeutic AreasInvestorsCo",
    "link": "https://ocugen.com/",
    "timestamp": "unknown"
  },
  {
    "title": "Primary NavAboutAbout OcugenOur PeopleOur PartnersCareersScience & TechnologyPatientsOur CommitmentClinical Study OverviewTherapeutic AreasInvestorsCo",
    "link": "https://ocugen.com/about/",
    "timestamp": "unknown"
  },
  {
    "title": "AboutAbout OcugenOur PeopleOur PartnersCareers",
    "link": "https://ocugen.com/about/",
    "timestamp": "unknown"
  },
  {
    "title": "About Ocugen",
    "link": "https://ocugen.com/about/",
    "timestamp": "unknown"
  },
  {
    "title": "Our People",
    "link": "https://ocugen.com/about/our-people/",
    "timestamp": "unknown"
  },
  {
    "title": "Our Partners",
    "link": "https://ocugen.com/about/our-partners/",
    "timestamp": "unknown"
  },
  {
    "title": "Careers",
    "link": "https://ocugen.com/about/#section-",
    "timestamp": "unknown"
  },
  {
    "title": "Science & Technology",
    "link": "https://ocugen.com/science-and-technology/",
    "timestamp": "unknown"
  },
  {
    "title": "PatientsOur CommitmentClinical Study Overview",
    "link": "https://ocugen.com/patients/",
    "timestamp": "unknown"
  },
  {
    "title": "Our Commitment",
    "link": "https://ocugen.com/patients/#section-",
    "timestamp": "unknown"
  },
  {
    "title": "Clinical Study Overview",
    "link": "https://ocugen.com/patients/#section-",
    "timestamp": "unknown"
  },
  {
    "title": "Therapeutic Areas",
    "link": "https://ocugen.com/therapeutic-areas/",
    "timestamp": "unknown"
  },
  {
    "title": "Investors",
    "link": "https://ir.ocugen.com/",
    "timestamp": "unknown"
  },
  {
    "title": "Contact",
    "link": "https://ocugen.com/contact/",
    "timestamp": "unknown"
  },
  {
    "title": "Social Media Guidelines",
    "link": "https://ocugen.com/social-media-guidelines/",
    "timestamp": "unknown"
  },
  {
    "title": "Terms and Conditions",
    "link": "https://ocugen.com/terms-and-conditions/",
    "timestamp": "unknown"
  },
  {
    "title": "Newsletter Subscription",
    "link": "https://ir.ocugen.com/email-alerts",
    "timestamp": "unknown"
  },
  {
    "title": "BreadcrumbHomeInvestorsevents and presentationsEvents and Presentations",
    "link": "https://ocugen.com/",
    "timestamp": "unknown"
  },
  {
    "title": "BreadcrumbHomeInvestorsevents and presentations",
    "link": "https://ocugen.com/",
    "timestamp": "unknown"
  },
  {
    "title": "BreadcrumbHomeInvestorsevents and presentations",
    "link": "https://ocugen.com/",
    "timestamp": "unknown"
  },
  {
    "title": "BreadcrumbHomeInvestorsevents and presentations",
    "link": "https://ocugen.com/",
    "timestamp": "unknown"
  },
  {
    "title": "Home",
    "link": "https://ocugen.com/",
    "timestamp": "unknown"
  },
  {
    "title": "Investors",
    "link": "https://ir.ocugen.com/",
    "timestamp": "unknown"
  },
  {
    "title": "Site - IR MenuCorporate OverviewPress ReleasesEvents and PresentationsStock InformationStock Quote & ChartHistoric Price LookupAnalyst CoverageCorpora",
    "link": "https://ir.ocugen.com/",
    "timestamp": "unknown"
  },
  {
    "title": "Site - IR MenuCorporate OverviewPress ReleasesEvents and PresentationsStock InformationStock Quote & ChartHistoric Price LookupAnalyst CoverageCorpora",
    "link": "https://ir.ocugen.com/",
    "timestamp": "unknown"
  },
  {
    "title": "Site - IR MenuCorporate OverviewPress ReleasesEvents and PresentationsStock InformationStock Quote & ChartHistoric Price LookupAnalyst CoverageCorpora",
    "link": "https://ir.ocugen.com/",
    "timestamp": "unknown"
  },
  {
    "title": "Site - IR MenuCorporate OverviewPress ReleasesEvents and PresentationsStock InformationStock Quote & ChartHistoric Price LookupAnalyst CoverageCorpora",
    "link": "https://ir.ocugen.com/",
    "timestamp": "unknown"
  },
  {
    "title": "Corporate Overview",
    "link": "https://ir.ocugen.com/",
    "timestamp": "unknown"
  },
  {
    "title": "Press Releases",
    "link": "https://ir.ocugen.com/press-releases",
    "timestamp": "unknown"
  },
  {
    "title": "Events and Presentations",
    "link": "https://ir.ocugen.com/events-and-presentations",
    "timestamp": "unknown"
  },
  {
    "title": "Stock InformationStock Quote & ChartHistoric Price LookupAnalyst Coverage",
    "link": "https://ir.ocugen.com/stock-information/stock-quote-chart",
    "timestamp": "unknown"
  },
  {
    "title": "Stock Quote & ChartHistoric Price LookupAnalyst Coverage",
    "link": "https://ir.ocugen.com/stock-information/stock-quote-chart",
    "timestamp": "unknown"
  },
  {
    "title": "Corporate Governance",
    "link": "https://ir.ocugen.com/corporate-governance",
    "timestamp": "unknown"
  },
  {
    "title": "SEC Filings",
    "link": "https://ir.ocugen.com/sec-filings",
    "timestamp": "unknown"
  },
  {
    "title": "ResourcesInvestor FAQsInformation Request FormInvestor Contacts",
    "link": "https://ir.ocugen.com/resources/investor-faqs",
    "timestamp": "unknown"
  },
  {
    "title": "Investor FAQsInformation Request FormInvestor Contacts",
    "link": "https://ir.ocugen.com/resources/investor-faqs",
    "timestamp": "unknown"
  },
  {
    "title": "Events and PresentationsUpcoming Events and PresentationsThere are no upcoming events scheduled at this time.Past Events and PresentationsYearNone44th",
    "link": "https://ir.ocugen.com/events/event-details/44th-annual-jp-morgan-healthcare-conference",
    "timestamp": "unknown"
  },
  {
    "title": "Events and PresentationsUpcoming Events and PresentationsThere are no upcoming events scheduled at this time.Past Events and PresentationsYearNone44th",
    "link": "https://ir.ocugen.com/events/event-details/44th-annual-jp-morgan-healthcare-conference",
    "timestamp": "unknown"
  },
  {
    "title": "Events and PresentationsUpcoming Events and PresentationsThere are no upcoming events scheduled at this time.Past Events and PresentationsYearNone44th",
    "link": "https://ir.ocugen.com/events/event-details/44th-annual-jp-morgan-healthcare-conference",
    "timestamp": "unknown"
  },
  {
    "title": "Events and PresentationsUpcoming Events and PresentationsThere are no upcoming events scheduled at this time.Past Events and PresentationsYearNone44th",
    "link": "https://ir.ocugen.com/events/event-details/44th-annual-jp-morgan-healthcare-conference",
    "timestamp": "unknown"
  },
  {
    "title": "Upcoming Events and PresentationsThere are no upcoming events scheduled at this time.Past Events and PresentationsYearNone44th Annual J.P. Morgan Heal",
    "link": "https://ir.ocugen.com/events/event-details/44th-annual-jp-morgan-healthcare-conference",
    "timestamp": "unknown"
  },
  {
    "title": "Upcoming Events and PresentationsThere are no upcoming events scheduled at this time.Past Events and PresentationsYearNone44th Annual J.P. Morgan Heal",
    "link": "https://ir.ocugen.com/events/event-details/44th-annual-jp-morgan-healthcare-conference",
    "timestamp": "unknown"
  },
  {
    "title": "Upcoming Events and PresentationsThere are no upcoming events scheduled at this time.Past Events and PresentationsYearNone44th Annual J.P. Morgan Heal",
    "link": "https://ir.ocugen.com/events/event-details/44th-annual-jp-morgan-healthcare-conference",
    "timestamp": "unknown"
  },
  {
    "title": "Past Events and PresentationsYearNone44th Annual J.P. Morgan Healthcare ConferenceJanuary ,  at  PSTClick here for webcastOcugen Announces Positive Pr",
    "link": "https://ir.ocugen.com/events/event-details/44th-annual-jp-morgan-healthcare-conference",
    "timestamp": "unknown"
  },
  {
    "title": "Past Events and PresentationsYearNone44th Annual J.P. Morgan Healthcare ConferenceJanuary ,  at  PSTClick here for webcastOcugen Announces Positive Pr",
    "link": "https://ir.ocugen.com/events/event-details/44th-annual-jp-morgan-healthcare-conference",
    "timestamp": "unknown"
  },
  {
    "title": "YearNone44th Annual J.P. Morgan Healthcare ConferenceJanuary ,  at  PSTClick here for webcastOcugen Announces Positive Preliminary Phase  Data from OC",
    "link": "https://ir.ocugen.com/events/event-details/44th-annual-jp-morgan-healthcare-conference",
    "timestamp": "unknown"
  },
  {
    "title": "44th Annual J.P. Morgan Healthcare ConferenceJanuary ,  at  PSTClick here for webcastOcugen Announces Positive Preliminary Phase  Data from OCU410 Mod",
    "link": "https://ir.ocugen.com/events/event-details/44th-annual-jp-morgan-healthcare-conference",
    "timestamp": "unknown"
  },
  {
    "title": "44th Annual J.P. Morgan Healthcare ConferenceJanuary ,  at  PSTClick here for webcast",
    "link": "https://ir.ocugen.com/events/event-details/44th-annual-jp-morgan-healthcare-conference",
    "timestamp": "unknown"
  },
  {
    "title": "44th Annual J.P. Morgan Healthcare Conference",
    "link": "https://ir.ocugen.com/events/event-details/44th-annual-jp-morgan-healthcare-conference",
    "timestamp": "unknown"
  },
  {
    "title": "44th Annual J.P. Morgan Healthcare Conference",
    "link": "https://ir.ocugen.com/events/event-details/44th-annual-jp-morgan-healthcare-conference",
    "timestamp": "unknown"
  },
  {
    "title": "44th Annual J.P. Morgan Healthcare Conference",
    "link": "https://ir.ocugen.com/events/event-details/44th-annual-jp-morgan-healthcare-conference",
    "timestamp": "unknown"
  },
  {
    "title": "Click here for webcast",
    "link": "https://jpmorgan.metameetings.net/events/healthcare26/sessions/-ocugen-inc/webcast?gpu_only=true&kiosk=true",
    "timestamp": "unknown"
  },
  {
    "title": "Click here for webcast",
    "link": "https://jpmorgan.metameetings.net/events/healthcare26/sessions/-ocugen-inc/webcast?gpu_only=true&kiosk=true",
    "timestamp": "unknown"
  },
  {
    "title": "Click here for webcast",
    "link": "https://jpmorgan.metameetings.net/events/healthcare26/sessions/-ocugen-inc/webcast?gpu_only=true&kiosk=true",
    "timestamp": "unknown"
  },
  {
    "title": "Ocugen Announces Positive Preliminary Phase  Data from OCU410 Modifier Gene Therapy for Geographic Atrophy Secondary to Dry Age-Related Macular Degene",
    "link": "https://ir.ocugen.com/events/event-details/ocugen-inc-call",
    "timestamp": "unknown"
  },
  {
    "title": "Ocugen Announces Positive Preliminary Phase  Data from OCU410 Modifier Gene Therapy for Geographic Atrophy Secondary to Dry Age-Related Macular Degene",
    "link": "https://ir.ocugen.com/events/event-details/ocugen-inc-call",
    "timestamp": "unknown"
  },
  {
    "title": "Ocugen Announces Positive Preliminary Phase  Data from OCU410 Modifier Gene Therapy for Geographic Atrophy Secondary to Dry Age-Related Macular Degene",
    "link": "https://ir.ocugen.com/events/event-details/ocugen-inc-call",
    "timestamp": "unknown"
  },
  {
    "title": "Ocugen Announces Positive Preliminary Phase  Data from OCU410 Modifier Gene Therapy for Geographic Atrophy Secondary to Dry Age-Related Macular Degene",
    "link": "https://ir.ocugen.com/events/event-details/ocugen-inc-call",
    "timestamp": "unknown"
  },
  {
    "title": "Click here for webcast",
    "link": "https://edge.media-server.com/mmc/p/wb697j6b/",
    "timestamp": "unknown"
  },
  {
    "title": "Click here for webcast",
    "link": "https://edge.media-server.com/mmc/p/wb697j6b/",
    "timestamp": "unknown"
  },
  {
    "title": "Click here for webcast",
    "link": "https://edge.media-server.com/mmc/p/wb697j6b/",
    "timestamp": "unknown"
  },
  {
    "title": "Oppenheimer Movers in Rare Disease SummitDecember ,  at  EST",
    "link": "https://ir.ocugen.com/events/event-details/oppenheimer-movers-rare-disease-summit-",
    "timestamp": "unknown"
  },
  {
    "title": "Oppenheimer Movers in Rare Disease Summit",
    "link": "https://ir.ocugen.com/events/event-details/oppenheimer-movers-rare-disease-summit-",
    "timestamp": "unknown"
  },
  {
    "title": "Oppenheimer Movers in Rare Disease Summit",
    "link": "https://ir.ocugen.com/events/event-details/oppenheimer-movers-rare-disease-summit-",
    "timestamp": "unknown"
  },
  {
    "title": "Oppenheimer Movers in Rare Disease Summit",
    "link": "https://ir.ocugen.com/events/event-details/oppenheimer-movers-rare-disease-summit-",
    "timestamp": "unknown"
  },
  {
    "title": "Noble Capital Markets\u2019 Twenty-First Annual Emerging Growth Equity ConferenceDecember ,  at  EST",
    "link": "https://ir.ocugen.com/events/event-details/noble-capital-markets-twenty-first-annual-emerging-growth-equity-conference",
    "timestamp": "unknown"
  },
  {
    "title": "Noble Capital Markets\u2019 Twenty-First Annual Emerging Growth Equity Conference",
    "link": "https://ir.ocugen.com/events/event-details/noble-capital-markets-twenty-first-annual-emerging-growth-equity-conference",
    "timestamp": "unknown"
  },
  {
    "title": "Noble Capital Markets\u2019 Twenty-First Annual Emerging Growth Equity Conference",
    "link": "https://ir.ocugen.com/events/event-details/noble-capital-markets-twenty-first-annual-emerging-growth-equity-conference",
    "timestamp": "unknown"
  },
  {
    "title": "Noble Capital Markets\u2019 Twenty-First Annual Emerging Growth Equity Conference",
    "link": "https://ir.ocugen.com/events/event-details/noble-capital-markets-twenty-first-annual-emerging-growth-equity-conference",
    "timestamp": "unknown"
  },
  {
    "title": "Ocugen, Inc. Third Quarter  Financial Results and Recent Business HighlightsNovember ,  at  ESTClick here for webcast",
    "link": "https://ir.ocugen.com/events/event-details/ocugen-inc-third-quarter--financial-results-and-recent-business-highlights",
    "timestamp": "unknown"
  },
  {
    "title": "Ocugen, Inc. Third Quarter  Financial Results and Recent Business Highlights",
    "link": "https://ir.ocugen.com/events/event-details/ocugen-inc-third-quarter--financial-results-and-recent-business-highlights",
    "timestamp": "unknown"
  },
  {
    "title": "Ocugen, Inc. Third Quarter  Financial Results and Recent Business Highlights",
    "link": "https://ir.ocugen.com/events/event-details/ocugen-inc-third-quarter--financial-results-and-recent-business-highlights",
    "timestamp": "unknown"
  },
  {
    "title": "Ocugen, Inc. Third Quarter  Financial Results and Recent Business Highlights",
    "link": "https://ir.ocugen.com/events/event-details/ocugen-inc-third-quarter--financial-results-and-recent-business-highlights",
    "timestamp": "unknown"
  },
  {
    "title": "Click here for webcast",
    "link": "https://edge.media-server.com/mmc/p/atyfczjy",
    "timestamp": "unknown"
  },
  {
    "title": "Click here for webcast",
    "link": "https://edge.media-server.com/mmc/p/atyfczjy",
    "timestamp": "unknown"
  },
  {
    "title": "Click here for webcast",
    "link": "https://edge.media-server.com/mmc/p/atyfczjy",
    "timestamp": "unknown"
  },
  {
    "title": "Chardan\u2019s 9th Annual Genetic Medicines ConferenceOctober ,  at  EDTClick here for webcast",
    "link": "https://ir.ocugen.com/events/event-details/chardans-9th-annual-genetic-medicines-conference",
    "timestamp": "unknown"
  },
  {
    "title": "Chardan\u2019s 9th Annual Genetic Medicines Conference",
    "link": "https://ir.ocugen.com/events/event-details/chardans-9th-annual-genetic-medicines-conference",
    "timestamp": "unknown"
  },
  {
    "title": "Chardan\u2019s 9th Annual Genetic Medicines Conference",
    "link": "https://ir.ocugen.com/events/event-details/chardans-9th-annual-genetic-medicines-conference",
    "timestamp": "unknown"
  },
  {
    "title": "Chardan\u2019s 9th Annual Genetic Medicines Conference",
    "link": "https://ir.ocugen.com/events/event-details/chardans-9th-annual-genetic-medicines-conference",
    "timestamp": "unknown"
  },
  {
    "title": "Click here for webcast",
    "link": "https://wsw.com/webcast/chard21/register.aspx?conf=chard21&page=panel3&url=https%3A//wsw.com/webcast/chard21/panel3/",
    "timestamp": "unknown"
  },
  {
    "title": "Click here for webcast",
    "link": "https://wsw.com/webcast/chard21/register.aspx?conf=chard21&page=panel3&url=https%3A//wsw.com/webcast/chard21/panel3/",
    "timestamp": "unknown"
  },
  {
    "title": "Click here for webcast",
    "link": "https://wsw.com/webcast/chard21/register.aspx?conf=chard21&page=panel3&url=https%3A//wsw.com/webcast/chard21/panel3/",
    "timestamp": "unknown"
  },
  {
    "title": "Biotech on TapSeptember ,  at  CEST",
    "link": "https://ir.ocugen.com/events/event-details/biotech-tap",
    "timestamp": "unknown"
  },
  {
    "title": "Biotech on Tap",
    "link": "https://ir.ocugen.com/events/event-details/biotech-tap",
    "timestamp": "unknown"
  },
  {
    "title": "Biotech on Tap",
    "link": "https://ir.ocugen.com/events/event-details/biotech-tap",
    "timestamp": "unknown"
  },
  {
    "title": "Biotech on Tap",
    "link": "https://ir.ocugen.com/events/event-details/biotech-tap",
    "timestamp": "unknown"
  },
  {
    "title": "H.C. Wainwright 27th Annual Global Investment ConferenceSeptember ,  at  EDTClick here for webcast",
    "link": "https://ir.ocugen.com/events/event-details/hc-wainwright-27th-annual-global-investment-conference",
    "timestamp": "unknown"
  },
  {
    "title": "H.C. Wainwright 27th Annual Global Investment Conference",
    "link": "https://ir.ocugen.com/events/event-details/hc-wainwright-27th-annual-global-investment-conference",
    "timestamp": "unknown"
  },
  {
    "title": "H.C. Wainwright 27th Annual Global Investment Conference",
    "link": "https://ir.ocugen.com/events/event-details/hc-wainwright-27th-annual-global-investment-conference",
    "timestamp": "unknown"
  },
  {
    "title": "H.C. Wainwright 27th Annual Global Investment Conference",
    "link": "https://ir.ocugen.com/events/event-details/hc-wainwright-27th-annual-global-investment-conference",
    "timestamp": "unknown"
  },
  {
    "title": "Click here for webcast",
    "link": "https://ocugen.com/wp-content/themes/ocugen/videos/HC-Wainwright-27th-Huma.mp4",
    "timestamp": "unknown"
  },
  {
    "title": "Click here for webcast",
    "link": "https://ocugen.com/wp-content/themes/ocugen/videos/HC-Wainwright-27th-Huma.mp4",
    "timestamp": "unknown"
  },
  {
    "title": "Click here for webcast",
    "link": "https://ocugen.com/wp-content/themes/ocugen/videos/HC-Wainwright-27th-Huma.mp4",
    "timestamp": "unknown"
  },
  {
    "title": "Ocugen, Inc. Second Quarter  Financial Results and Recent Business HighlightsAugust ,  at  EDTClick here for webcast",
    "link": "https://ir.ocugen.com/events/event-details/ocugen-inc-second-quarter--financial-results-and-recent-business",
    "timestamp": "unknown"
  },
  {
    "title": "Ocugen, Inc. Second Quarter  Financial Results and Recent Business Highlights",
    "link": "https://ir.ocugen.com/events/event-details/ocugen-inc-second-quarter--financial-results-and-recent-business",
    "timestamp": "unknown"
  },
  {
    "title": "Ocugen, Inc. Second Quarter  Financial Results and Recent Business Highlights",
    "link": "https://ir.ocugen.com/events/event-details/ocugen-inc-second-quarter--financial-results-and-recent-business",
    "timestamp": "unknown"
  },
  {
    "title": "Ocugen, Inc. Second Quarter  Financial Results and Recent Business Highlights",
    "link": "https://ir.ocugen.com/events/event-details/ocugen-inc-second-quarter--financial-results-and-recent-business",
    "timestamp": "unknown"
  },
  {
    "title": "Click here for webcast",
    "link": "https://edge.media-server.com/mmc/p/qtcar4vr",
    "timestamp": "unknown"
  },
  {
    "title": "Click here for webcast",
    "link": "https://edge.media-server.com/mmc/p/qtcar4vr",
    "timestamp": "unknown"
  },
  {
    "title": "Click here for webcast",
    "link": "https://edge.media-server.com/mmc/p/qtcar4vr",
    "timestamp": "unknown"
  },
  {
    "title": "Chardan Virtual Ophthalmology Summit Series: Rare Ophthalmic DiseasesJuly ,Click here for webcast",
    "link": "https://ir.ocugen.com/events/event-details/chardan-virtual-ophthalmology-summit-series-rare-ophthalmic-diseases",
    "timestamp": "unknown"
  },
  {
    "title": "Chardan Virtual Ophthalmology Summit Series: Rare Ophthalmic Diseases",
    "link": "https://ir.ocugen.com/events/event-details/chardan-virtual-ophthalmology-summit-series-rare-ophthalmic-diseases",
    "timestamp": "unknown"
  },
  {
    "title": "Chardan Virtual Ophthalmology Summit Series: Rare Ophthalmic Diseases",
    "link": "https://ir.ocugen.com/events/event-details/chardan-virtual-ophthalmology-summit-series-rare-ophthalmic-diseases",
    "timestamp": "unknown"
  },
  {
    "title": "Chardan Virtual Ophthalmology Summit Series: Rare Ophthalmic Diseases",
    "link": "https://ir.ocugen.com/events/event-details/chardan-virtual-ophthalmology-summit-series-rare-ophthalmic-diseases",
    "timestamp": "unknown"
  },
  {
    "title": "Click here for webcast",
    "link": "http://ocugen.com/wp-content/themes/ocugen/videos/Chardan-Ophthalmology-Conference-Series-Rare-Disease-Ocugen.mp4",
    "timestamp": "unknown"
  },
  {
    "title": "Click here for webcast",
    "link": "http://ocugen.com/wp-content/themes/ocugen/videos/Chardan-Ophthalmology-Conference-Series-Rare-Disease-Ocugen.mp4",
    "timestamp": "unknown"
  },
  {
    "title": "Click here for webcast",
    "link": "http://ocugen.com/wp-content/themes/ocugen/videos/Chardan-Ophthalmology-Conference-Series-Rare-Disease-Ocugen.mp4",
    "timestamp": "unknown"
  },
  {
    "title": "PaginationCurrent pagePagePagePagePagePagePagePagePageNext pagenext \u203aLast pagelast \u00bb",
    "link": "https://ir.ocugen.com/events-and-presentations?page=%2C0%2C0",
    "timestamp": "unknown"
  },
  {
    "title": "Current page",
    "link": "https://ir.ocugen.com/events-and-presentations?page=%2C0%2C0",
    "timestamp": "unknown"
  },
  {
    "title": "Page",
    "link": "https://ir.ocugen.com/events-and-presentations?page=%2C1%2C0",
    "timestamp": "unknown"
  },
  {
    "title": "Page",
    "link": "https://ir.ocugen.com/events-and-presentations?page=%2C2%2C0",
    "timestamp": "unknown"
  },
  {
    "title": "Page",
    "link": "https://ir.ocugen.com/events-and-presentations?page=%2C3%2C0",
    "timestamp": "unknown"
  },
  {
    "title": "Page",
    "link": "https://ir.ocugen.com/events-and-presentations?page=%2C4%2C0",
    "timestamp": "unknown"
  },
  {
    "title": "Page",
    "link": "https://ir.ocugen.com/events-and-presentations?page=%2C5%2C0",
    "timestamp": "unknown"
  },
  {
    "title": "Page",
    "link": "https://ir.ocugen.com/events-and-presentations?page=%2C6%2C0",
    "timestamp": "unknown"
  },
  {
    "title": "Page",
    "link": "https://ir.ocugen.com/events-and-presentations?page=%2C7%2C0",
    "timestamp": "unknown"
  },
  {
    "title": "Page",
    "link": "https://ir.ocugen.com/events-and-presentations?page=%2C8%2C0",
    "timestamp": "unknown"
  },
  {
    "title": "Next pagenext \u203a",
    "link": "https://ir.ocugen.com/events-and-presentations?page=%2C1%2C0",
    "timestamp": "unknown"
  },
  {
    "title": "Last pagelast \u00bb",
    "link": "https://ir.ocugen.com/events-and-presentations?page=%2C8%2C0",
    "timestamp": "unknown"
  },
  {
    "title": "Stay ConnectedContact us for more informationCONTACT NOW",
    "link": "https://ocugen.com/contact-us/",
    "timestamp": "unknown"
  },
  {
    "title": "Stay ConnectedContact us for more informationCONTACT NOW",
    "link": "https://ocugen.com/contact-us/",
    "timestamp": "unknown"
  },
  {
    "title": "Stay ConnectedContact us for more informationCONTACT NOW",
    "link": "https://ocugen.com/contact-us/",
    "timestamp": "unknown"
  },
  {
    "title": "CONTACT NOW",
    "link": "https://ocugen.com/contact-us/",
    "timestamp": "unknown"
  },
  {
    "title": "CourageousInnovation.CONNECTLinkedInTwitterGreat Valley ParkwayMalvern, PA..CONTACT USTiffany HamiltonHead of CommunicationsIR@ocugen.com",
    "link": "https://ocugen.com/",
    "timestamp": "unknown"
  },
  {
    "title": "CourageousInnovation.CONNECTLinkedInTwitterGreat Valley ParkwayMalvern, PA..CONTACT USTiffany HamiltonHead of CommunicationsIR@ocugen.com",
    "link": "https://ocugen.com/",
    "timestamp": "unknown"
  },
  {
    "title": "CourageousInnovation.CONNECTLinkedInTwitterGreat Valley ParkwayMalvern, PA..CONTACT USTiffany HamiltonHead of CommunicationsIR@ocugen.com",
    "link": "https://ocugen.com/",
    "timestamp": "unknown"
  },
  {
    "title": "CourageousInnovation.",
    "link": "https://ocugen.com/",
    "timestamp": "unknown"
  },
  {
    "title": "CONNECTLinkedInTwitterGreat Valley ParkwayMalvern, PA..",
    "link": "https://www.linkedin.com/company/ocugen",
    "timestamp": "unknown"
  },
  {
    "title": "CONNECTLinkedInTwitter",
    "link": "https://www.linkedin.com/company/ocugen",
    "timestamp": "unknown"
  },
  {
    "title": "Great Valley ParkwayMalvern, PA..",
    "link": "tel:..",
    "timestamp": "unknown"
  },
  {
    "title": "CONTACT USTiffany HamiltonHead of CommunicationsIR@ocugen.com",
    "link": "mailto:IR@ocugen.com",
    "timestamp": "unknown"
  },
  {
    "title": "Tiffany HamiltonHead of CommunicationsIR@ocugen.com",
    "link": "mailto:IR@ocugen.com",
    "timestamp": "unknown"
  }
]