[
  {
    "title": "Primary NavAboutAbout OcugenOur PeopleOur PartnersCareersScience & TechnologyPatientsOur CommitmentClinical Study OverviewTherapeutic AreasInvestorsCo",
    "link": "https://ocugen.com/",
    "timestamp": "unknown"
  },
  {
    "title": "Primary NavAboutAbout OcugenOur PeopleOur PartnersCareersScience & TechnologyPatientsOur CommitmentClinical Study OverviewTherapeutic AreasInvestorsCo",
    "link": "https://ocugen.com/",
    "timestamp": "unknown"
  },
  {
    "title": "Primary NavAboutAbout OcugenOur PeopleOur PartnersCareersScience & TechnologyPatientsOur CommitmentClinical Study OverviewTherapeutic AreasInvestorsCo",
    "link": "https://ocugen.com/about/",
    "timestamp": "unknown"
  },
  {
    "title": "AboutAbout OcugenOur PeopleOur PartnersCareers",
    "link": "https://ocugen.com/about/",
    "timestamp": "unknown"
  },
  {
    "title": "About Ocugen",
    "link": "https://ocugen.com/about/",
    "timestamp": "unknown"
  },
  {
    "title": "Our People",
    "link": "https://ocugen.com/about/our-people/",
    "timestamp": "unknown"
  },
  {
    "title": "Our Partners",
    "link": "https://ocugen.com/about/our-partners/",
    "timestamp": "unknown"
  },
  {
    "title": "Careers",
    "link": "https://ocugen.com/about/#section-",
    "timestamp": "unknown"
  },
  {
    "title": "Science & Technology",
    "link": "https://ocugen.com/science-and-technology/",
    "timestamp": "unknown"
  },
  {
    "title": "PatientsOur CommitmentClinical Study Overview",
    "link": "https://ocugen.com/patients/",
    "timestamp": "unknown"
  },
  {
    "title": "Our Commitment",
    "link": "https://ocugen.com/patients/#section-",
    "timestamp": "unknown"
  },
  {
    "title": "Clinical Study Overview",
    "link": "https://ocugen.com/patients/#section-",
    "timestamp": "unknown"
  },
  {
    "title": "Therapeutic Areas",
    "link": "https://ocugen.com/therapeutic-areas/",
    "timestamp": "unknown"
  },
  {
    "title": "Investors",
    "link": "https://ir.ocugen.com/",
    "timestamp": "unknown"
  },
  {
    "title": "Contact",
    "link": "https://ocugen.com/contact/",
    "timestamp": "unknown"
  },
  {
    "title": "Social Media Guidelines",
    "link": "https://ocugen.com/social-media-guidelines/",
    "timestamp": "unknown"
  },
  {
    "title": "Terms and Conditions",
    "link": "https://ocugen.com/terms-and-conditions/",
    "timestamp": "unknown"
  },
  {
    "title": "Newsletter Subscription",
    "link": "https://ir.ocugen.com/email-alerts",
    "timestamp": "unknown"
  },
  {
    "title": "BreadcrumbHomeInvestorspress releasesPress Releases",
    "link": "https://ocugen.com/",
    "timestamp": "unknown"
  },
  {
    "title": "BreadcrumbHomeInvestorspress releases",
    "link": "https://ocugen.com/",
    "timestamp": "unknown"
  },
  {
    "title": "BreadcrumbHomeInvestorspress releases",
    "link": "https://ocugen.com/",
    "timestamp": "unknown"
  },
  {
    "title": "BreadcrumbHomeInvestorspress releases",
    "link": "https://ocugen.com/",
    "timestamp": "unknown"
  },
  {
    "title": "Home",
    "link": "https://ocugen.com/",
    "timestamp": "unknown"
  },
  {
    "title": "Investors",
    "link": "https://ir.ocugen.com/",
    "timestamp": "unknown"
  },
  {
    "title": "Site - IR MenuCorporate OverviewPress ReleasesEvents and PresentationsStock InformationStock Quote & ChartHistoric Price LookupAnalyst CoverageCorpora",
    "link": "https://ir.ocugen.com/",
    "timestamp": "unknown"
  },
  {
    "title": "Site - IR MenuCorporate OverviewPress ReleasesEvents and PresentationsStock InformationStock Quote & ChartHistoric Price LookupAnalyst CoverageCorpora",
    "link": "https://ir.ocugen.com/",
    "timestamp": "unknown"
  },
  {
    "title": "Site - IR MenuCorporate OverviewPress ReleasesEvents and PresentationsStock InformationStock Quote & ChartHistoric Price LookupAnalyst CoverageCorpora",
    "link": "https://ir.ocugen.com/",
    "timestamp": "unknown"
  },
  {
    "title": "Site - IR MenuCorporate OverviewPress ReleasesEvents and PresentationsStock InformationStock Quote & ChartHistoric Price LookupAnalyst CoverageCorpora",
    "link": "https://ir.ocugen.com/",
    "timestamp": "unknown"
  },
  {
    "title": "Corporate Overview",
    "link": "https://ir.ocugen.com/",
    "timestamp": "unknown"
  },
  {
    "title": "Press Releases",
    "link": "https://ir.ocugen.com/press-releases",
    "timestamp": "unknown"
  },
  {
    "title": "Events and Presentations",
    "link": "https://ir.ocugen.com/events-and-presentations",
    "timestamp": "unknown"
  },
  {
    "title": "Stock InformationStock Quote & ChartHistoric Price LookupAnalyst Coverage",
    "link": "https://ir.ocugen.com/stock-information/stock-quote-chart",
    "timestamp": "unknown"
  },
  {
    "title": "Stock Quote & ChartHistoric Price LookupAnalyst Coverage",
    "link": "https://ir.ocugen.com/stock-information/stock-quote-chart",
    "timestamp": "unknown"
  },
  {
    "title": "Corporate Governance",
    "link": "https://ir.ocugen.com/corporate-governance",
    "timestamp": "unknown"
  },
  {
    "title": "SEC Filings",
    "link": "https://ir.ocugen.com/sec-filings",
    "timestamp": "unknown"
  },
  {
    "title": "ResourcesInvestor FAQsInformation Request FormInvestor Contacts",
    "link": "https://ir.ocugen.com/resources/investor-faqs",
    "timestamp": "unknown"
  },
  {
    "title": "Investor FAQsInformation Request FormInvestor Contacts",
    "link": "https://ir.ocugen.com/resources/investor-faqs",
    "timestamp": "unknown"
  },
  {
    "title": "Press ReleasesYearNoneOcugen CEO to Present at Oppenheimer Movers in Rare Disease SummitMALVERN, Pa., Dec. ,  (GLOBE NEWSWIRE) -- Ocugen, Inc. (Ocugen",
    "link": "https://ir.ocugen.com/news-releases/news-release-details/ocugen-ceo-present-oppenheimer-movers-rare-disease-summit-",
    "timestamp": "unknown"
  },
  {
    "title": "Press ReleasesYearNoneOcugen CEO to Present at Oppenheimer Movers in Rare Disease SummitMALVERN, Pa., Dec. ,  (GLOBE NEWSWIRE) -- Ocugen, Inc. (Ocugen",
    "link": "https://ir.ocugen.com/news-releases/news-release-details/ocugen-ceo-present-oppenheimer-movers-rare-disease-summit-",
    "timestamp": "unknown"
  },
  {
    "title": "Press ReleasesYearNoneOcugen CEO to Present at Oppenheimer Movers in Rare Disease SummitMALVERN, Pa., Dec. ,  (GLOBE NEWSWIRE) -- Ocugen, Inc. (Ocugen",
    "link": "https://ir.ocugen.com/news-releases/news-release-details/ocugen-ceo-present-oppenheimer-movers-rare-disease-summit-",
    "timestamp": "unknown"
  },
  {
    "title": "Press ReleasesYearNoneOcugen CEO to Present at Oppenheimer Movers in Rare Disease SummitMALVERN, Pa., Dec. ,  (GLOBE NEWSWIRE) -- Ocugen, Inc. (Ocugen",
    "link": "https://ir.ocugen.com/news-releases/news-release-details/ocugen-ceo-present-oppenheimer-movers-rare-disease-summit-",
    "timestamp": "unknown"
  },
  {
    "title": "YearNoneOcugen CEO to Present at Oppenheimer Movers in Rare Disease SummitMALVERN, Pa., Dec. ,  (GLOBE NEWSWIRE) -- Ocugen, Inc. (Ocugen or the Compan",
    "link": "https://ir.ocugen.com/news-releases/news-release-details/ocugen-ceo-present-oppenheimer-movers-rare-disease-summit-",
    "timestamp": "unknown"
  },
  {
    "title": "YearNoneOcugen CEO to Present at Oppenheimer Movers in Rare Disease SummitMALVERN, Pa., Dec. ,  (GLOBE NEWSWIRE) -- Ocugen, Inc. (Ocugen or the Compan",
    "link": "https://ir.ocugen.com/news-releases/news-release-details/ocugen-ceo-present-oppenheimer-movers-rare-disease-summit-",
    "timestamp": "unknown"
  },
  {
    "title": "YearNoneOcugen CEO to Present at Oppenheimer Movers in Rare Disease SummitMALVERN, Pa., Dec. ,  (GLOBE NEWSWIRE) -- Ocugen, Inc. (Ocugen or the Compan",
    "link": "https://ir.ocugen.com/news-releases/news-release-details/ocugen-ceo-present-oppenheimer-movers-rare-disease-summit-",
    "timestamp": "unknown"
  },
  {
    "title": "YearNoneOcugen CEO to Present at Oppenheimer Movers in Rare Disease SummitMALVERN, Pa., Dec. ,  (GLOBE NEWSWIRE) -- Ocugen, Inc. (Ocugen or the Compan",
    "link": "https://ir.ocugen.com/news-releases/news-release-details/ocugen-ceo-present-oppenheimer-movers-rare-disease-summit-",
    "timestamp": "unknown"
  },
  {
    "title": "YearNoneOcugen CEO to Present at Oppenheimer Movers in Rare Disease SummitMALVERN, Pa., Dec. ,  (GLOBE NEWSWIRE) -- Ocugen, Inc. (Ocugen or the Compan",
    "link": "https://ir.ocugen.com/news-releases/news-release-details/ocugen-ceo-present-oppenheimer-movers-rare-disease-summit-",
    "timestamp": "unknown"
  },
  {
    "title": "YearNoneOcugen CEO to Present at Oppenheimer Movers in Rare Disease SummitMALVERN, Pa., Dec. ,  (GLOBE NEWSWIRE) -- Ocugen, Inc. (Ocugen or the Compan",
    "link": "https://ir.ocugen.com/news-releases/news-release-details/ocugen-ceo-present-oppenheimer-movers-rare-disease-summit-",
    "timestamp": "unknown"
  },
  {
    "title": "Ocugen CEO to Present at Oppenheimer Movers in Rare Disease SummitMALVERN, Pa., Dec. ,  (GLOBE NEWSWIRE) -- Ocugen, Inc. (Ocugen or the Company) (NASD",
    "link": "https://ir.ocugen.com/news-releases/news-release-details/ocugen-ceo-present-oppenheimer-movers-rare-disease-summit-",
    "timestamp": "unknown"
  },
  {
    "title": "Ocugen CEO to Present at Oppenheimer Movers in Rare Disease SummitMALVERN, Pa., Dec. ,  (GLOBE NEWSWIRE) -- Ocugen, Inc. (Ocugen or the Company) (NASD",
    "link": "https://ir.ocugen.com/news-releases/news-release-details/ocugen-ceo-present-oppenheimer-movers-rare-disease-summit-",
    "timestamp": "unknown"
  },
  {
    "title": "Ocugen CEO to Present at Oppenheimer Movers in Rare Disease SummitMALVERN, Pa., Dec. ,  (GLOBE NEWSWIRE) -- Ocugen, Inc. (Ocugen or the Company) (NASD",
    "link": "https://ir.ocugen.com/news-releases/news-release-details/ocugen-ceo-present-oppenheimer-movers-rare-disease-summit-",
    "timestamp": "unknown"
  },
  {
    "title": "Ocugen CEO to Present at Oppenheimer Movers in Rare Disease SummitMALVERN, Pa., Dec. ,  (GLOBE NEWSWIRE) -- Ocugen, Inc. (Ocugen or the Company) (NASD",
    "link": "https://ir.ocugen.com/news-releases/news-release-details/ocugen-ceo-present-oppenheimer-movers-rare-disease-summit-",
    "timestamp": "unknown"
  },
  {
    "title": "Ocugen CEO to Present at Oppenheimer Movers in Rare Disease Summit",
    "link": "https://ir.ocugen.com/news-releases/news-release-details/ocugen-ceo-present-oppenheimer-movers-rare-disease-summit-",
    "timestamp": "unknown"
  },
  {
    "title": "Ocugen CEO to Present at NobleCon21\u2014Noble Capital Markets\u2019 Twenty-First Annual Emerging Growth Equity ConferenceMALVERN, Pa., Nov. ,  (GLOBE NEWSWIRE)",
    "link": "https://ir.ocugen.com/news-releases/news-release-details/ocugen-ceo-present-noblecon21-noble-capital-markets-twenty-first",
    "timestamp": "unknown"
  },
  {
    "title": "Ocugen CEO to Present at NobleCon21\u2014Noble Capital Markets\u2019 Twenty-First Annual Emerging Growth Equity ConferenceMALVERN, Pa., Nov. ,  (GLOBE NEWSWIRE)",
    "link": "https://ir.ocugen.com/news-releases/news-release-details/ocugen-ceo-present-noblecon21-noble-capital-markets-twenty-first",
    "timestamp": "unknown"
  },
  {
    "title": "Ocugen CEO to Present at NobleCon21\u2014Noble Capital Markets\u2019 Twenty-First Annual Emerging Growth Equity ConferenceMALVERN, Pa., Nov. ,  (GLOBE NEWSWIRE)",
    "link": "https://ir.ocugen.com/news-releases/news-release-details/ocugen-ceo-present-noblecon21-noble-capital-markets-twenty-first",
    "timestamp": "unknown"
  },
  {
    "title": "Ocugen CEO to Present at NobleCon21\u2014Noble Capital Markets\u2019 Twenty-First Annual Emerging Growth Equity Conference",
    "link": "https://ir.ocugen.com/news-releases/news-release-details/ocugen-ceo-present-noblecon21-noble-capital-markets-twenty-first",
    "timestamp": "unknown"
  },
  {
    "title": "Ocugen Provides Business Update with Third Quarter  Financial ResultsConference Call and Webcast Today at  a.m. ET Phase / OCU410ST GARDian3 pivotal c",
    "link": "https://ir.ocugen.com/news-releases/news-release-details/ocugen-provides-business-update-third-quarter--financial",
    "timestamp": "unknown"
  },
  {
    "title": "Ocugen Provides Business Update with Third Quarter  Financial ResultsConference Call and Webcast Today at  a.m. ET Phase / OCU410ST GARDian3 pivotal c",
    "link": "https://ir.ocugen.com/news-releases/news-release-details/ocugen-provides-business-update-third-quarter--financial",
    "timestamp": "unknown"
  },
  {
    "title": "Ocugen Provides Business Update with Third Quarter  Financial ResultsConference Call and Webcast Today at  a.m. ET Phase / OCU410ST GARDian3 pivotal c",
    "link": "https://ir.ocugen.com/news-releases/news-release-details/ocugen-provides-business-update-third-quarter--financial",
    "timestamp": "unknown"
  },
  {
    "title": "Ocugen Provides Business Update with Third Quarter  Financial Results",
    "link": "https://ir.ocugen.com/news-releases/news-release-details/ocugen-provides-business-update-third-quarter--financial",
    "timestamp": "unknown"
  },
  {
    "title": "Ocugen to Host Webcast on Wednesday, November  at  A.M. ET to Discuss Business Updates and Third Quarter  Financial ResultsMALVERN, Pa., Oct. ,  (GLOB",
    "link": "https://ir.ocugen.com/news-releases/news-release-details/ocugen-host-webcast-wednesday-november---am-et-discuss",
    "timestamp": "unknown"
  },
  {
    "title": "Ocugen to Host Webcast on Wednesday, November  at  A.M. ET to Discuss Business Updates and Third Quarter  Financial ResultsMALVERN, Pa., Oct. ,  (GLOB",
    "link": "https://ir.ocugen.com/news-releases/news-release-details/ocugen-host-webcast-wednesday-november---am-et-discuss",
    "timestamp": "unknown"
  },
  {
    "title": "Ocugen to Host Webcast on Wednesday, November  at  A.M. ET to Discuss Business Updates and Third Quarter  Financial ResultsMALVERN, Pa., Oct. ,  (GLOB",
    "link": "https://ir.ocugen.com/news-releases/news-release-details/ocugen-host-webcast-wednesday-november---am-et-discuss",
    "timestamp": "unknown"
  },
  {
    "title": "Ocugen to Host Webcast on Wednesday, November  at  A.M. ET to Discuss Business Updates and Third Quarter  Financial Results",
    "link": "https://ir.ocugen.com/news-releases/news-release-details/ocugen-host-webcast-wednesday-november---am-et-discuss",
    "timestamp": "unknown"
  },
  {
    "title": "Ocugen to Present at Industry and Investor Conferences in OctoberMALVERN, Pa., Oct. ,  (GLOBE NEWSWIRE) -- Ocugen, Inc. (\u201cOcugen\u201d or the \u201cCompany\u201d) (N",
    "link": "https://ir.ocugen.com/news-releases/news-release-details/ocugen-present-industry-and-investor-conferences-october-",
    "timestamp": "unknown"
  },
  {
    "title": "Ocugen to Present at Industry and Investor Conferences in OctoberMALVERN, Pa., Oct. ,  (GLOBE NEWSWIRE) -- Ocugen, Inc. (\u201cOcugen\u201d or the \u201cCompany\u201d) (N",
    "link": "https://ir.ocugen.com/news-releases/news-release-details/ocugen-present-industry-and-investor-conferences-october-",
    "timestamp": "unknown"
  },
  {
    "title": "Ocugen to Present at Industry and Investor Conferences in OctoberMALVERN, Pa., Oct. ,  (GLOBE NEWSWIRE) -- Ocugen, Inc. (\u201cOcugen\u201d or the \u201cCompany\u201d) (N",
    "link": "https://ir.ocugen.com/news-releases/news-release-details/ocugen-present-industry-and-investor-conferences-october-",
    "timestamp": "unknown"
  },
  {
    "title": "Ocugen to Present at Industry and Investor Conferences in October",
    "link": "https://ir.ocugen.com/news-releases/news-release-details/ocugen-present-industry-and-investor-conferences-october-",
    "timestamp": "unknown"
  },
  {
    "title": "Ocugen, Inc. and Kwangdong Pharmaceutical Co., Ltd. Complete License Agreement of OCU400 Modifier Gene Therapy for Retinitis Pigmentosa in KoreaUpfron",
    "link": "https://ir.ocugen.com/news-releases/news-release-details/ocugen-inc-and-kwangdong-pharmaceutical-co-ltd-complete-license",
    "timestamp": "unknown"
  },
  {
    "title": "Ocugen, Inc. and Kwangdong Pharmaceutical Co., Ltd. Complete License Agreement of OCU400 Modifier Gene Therapy for Retinitis Pigmentosa in KoreaUpfron",
    "link": "https://ir.ocugen.com/news-releases/news-release-details/ocugen-inc-and-kwangdong-pharmaceutical-co-ltd-complete-license",
    "timestamp": "unknown"
  },
  {
    "title": "Ocugen, Inc. and Kwangdong Pharmaceutical Co., Ltd. Complete License Agreement of OCU400 Modifier Gene Therapy for Retinitis Pigmentosa in KoreaUpfron",
    "link": "https://ir.ocugen.com/news-releases/news-release-details/ocugen-inc-and-kwangdong-pharmaceutical-co-ltd-complete-license",
    "timestamp": "unknown"
  },
  {
    "title": "Ocugen, Inc. and Kwangdong Pharmaceutical Co., Ltd. Complete License Agreement of OCU400 Modifier Gene Therapy for Retinitis Pigmentosa in Korea",
    "link": "https://ir.ocugen.com/news-releases/news-release-details/ocugen-inc-and-kwangdong-pharmaceutical-co-ltd-complete-license",
    "timestamp": "unknown"
  },
  {
    "title": "Ocugen to Participate in H.C. Wainwright 27th Annual\u00a0Global Investment Conference & Biotech on TapMALVERN, Pa., Sept. ,  (GLOBE NEWSWIRE) -- Ocugen, I",
    "link": "https://ir.ocugen.com/news-releases/news-release-details/ocugen-participate-hc-wainwright-27th-annual-global-investment",
    "timestamp": "unknown"
  },
  {
    "title": "Ocugen to Participate in H.C. Wainwright 27th Annual\u00a0Global Investment Conference & Biotech on TapMALVERN, Pa., Sept. ,  (GLOBE NEWSWIRE) -- Ocugen, I",
    "link": "https://ir.ocugen.com/news-releases/news-release-details/ocugen-participate-hc-wainwright-27th-annual-global-investment",
    "timestamp": "unknown"
  },
  {
    "title": "Ocugen to Participate in H.C. Wainwright 27th Annual\u00a0Global Investment Conference & Biotech on TapMALVERN, Pa., Sept. ,  (GLOBE NEWSWIRE) -- Ocugen, I",
    "link": "https://ir.ocugen.com/news-releases/news-release-details/ocugen-participate-hc-wainwright-27th-annual-global-investment",
    "timestamp": "unknown"
  },
  {
    "title": "Ocugen to Participate in H.C. Wainwright 27th Annual\u00a0Global Investment Conference & Biotech on Tap",
    "link": "https://ir.ocugen.com/news-releases/news-release-details/ocugen-participate-hc-wainwright-27th-annual-global-investment",
    "timestamp": "unknown"
  },
  {
    "title": "Ocugen, Inc. Announces Positive Scientific Advice from the European Medicines Agency Related to the Approval Pathway for OCU410ST\u2014Modifier Gene Therap",
    "link": "https://ir.ocugen.com/news-releases/news-release-details/ocugen-inc-announces-positive-scientific-advice-european-",
    "timestamp": "unknown"
  },
  {
    "title": "Ocugen, Inc. Announces Positive Scientific Advice from the European Medicines Agency Related to the Approval Pathway for OCU410ST\u2014Modifier Gene Therap",
    "link": "https://ir.ocugen.com/news-releases/news-release-details/ocugen-inc-announces-positive-scientific-advice-european-",
    "timestamp": "unknown"
  },
  {
    "title": "Ocugen, Inc. Announces Positive Scientific Advice from the European Medicines Agency Related to the Approval Pathway for OCU410ST\u2014Modifier Gene Therap",
    "link": "https://ir.ocugen.com/news-releases/news-release-details/ocugen-inc-announces-positive-scientific-advice-european-",
    "timestamp": "unknown"
  },
  {
    "title": "Ocugen, Inc. Announces Positive Scientific Advice from the European Medicines Agency Related to the Approval Pathway for OCU410ST\u2014Modifier Gene Therap",
    "link": "https://ir.ocugen.com/news-releases/news-release-details/ocugen-inc-announces-positive-scientific-advice-european-",
    "timestamp": "unknown"
  },
  {
    "title": "Ocugen, Inc. Announces Closing of $ Million Registered Direct Offering of Common Stock and\u00a0WarrantsMALVERN, Pa., Aug. ,  (GLOBE NEWSWIRE) -- Ocugen, I",
    "link": "https://ir.ocugen.com/news-releases/news-release-details/ocugen-inc-announces-closing--million-registered-direct",
    "timestamp": "unknown"
  },
  {
    "title": "Ocugen, Inc. Announces Closing of $ Million Registered Direct Offering of Common Stock and\u00a0WarrantsMALVERN, Pa., Aug. ,  (GLOBE NEWSWIRE) -- Ocugen, I",
    "link": "https://ir.ocugen.com/news-releases/news-release-details/ocugen-inc-announces-closing--million-registered-direct",
    "timestamp": "unknown"
  },
  {
    "title": "Ocugen, Inc. Announces Closing of $ Million Registered Direct Offering of Common Stock and\u00a0WarrantsMALVERN, Pa., Aug. ,  (GLOBE NEWSWIRE) -- Ocugen, I",
    "link": "https://ir.ocugen.com/news-releases/news-release-details/ocugen-inc-announces-closing--million-registered-direct",
    "timestamp": "unknown"
  },
  {
    "title": "Ocugen, Inc. Announces Closing of $ Million Registered Direct Offering of Common Stock and\u00a0Warrants",
    "link": "https://ir.ocugen.com/news-releases/news-release-details/ocugen-inc-announces-closing--million-registered-direct",
    "timestamp": "unknown"
  },
  {
    "title": "Ocugen, Inc. Announces $ Million Registered Direct Offering of Common Stock and WarrantsMALVERN, Pa., Aug. ,  (GLOBE NEWSWIRE) -- Ocugen, Inc. (Ocugen",
    "link": "https://ir.ocugen.com/news-releases/news-release-details/ocugen-inc-announces--million-registered-direct-offering",
    "timestamp": "unknown"
  },
  {
    "title": "Ocugen, Inc. Announces $ Million Registered Direct Offering of Common Stock and WarrantsMALVERN, Pa., Aug. ,  (GLOBE NEWSWIRE) -- Ocugen, Inc. (Ocugen",
    "link": "https://ir.ocugen.com/news-releases/news-release-details/ocugen-inc-announces--million-registered-direct-offering",
    "timestamp": "unknown"
  },
  {
    "title": "Ocugen, Inc. Announces $ Million Registered Direct Offering of Common Stock and WarrantsMALVERN, Pa., Aug. ,  (GLOBE NEWSWIRE) -- Ocugen, Inc. (Ocugen",
    "link": "https://ir.ocugen.com/news-releases/news-release-details/ocugen-inc-announces--million-registered-direct-offering",
    "timestamp": "unknown"
  },
  {
    "title": "Ocugen, Inc. Announces $ Million Registered Direct Offering of Common Stock and Warrants",
    "link": "https://ir.ocugen.com/news-releases/news-release-details/ocugen-inc-announces--million-registered-direct-offering",
    "timestamp": "unknown"
  },
  {
    "title": "PaginationCurrent pagePagePagePageNext pagenext \u203aLast pagelast \u00bb",
    "link": "https://ir.ocugen.com/press-releases?page=",
    "timestamp": "unknown"
  },
  {
    "title": "Current page",
    "link": "https://ir.ocugen.com/press-releases?page=",
    "timestamp": "unknown"
  },
  {
    "title": "Page",
    "link": "https://ir.ocugen.com/press-releases?page=",
    "timestamp": "unknown"
  },
  {
    "title": "Page",
    "link": "https://ir.ocugen.com/press-releases?page=",
    "timestamp": "unknown"
  },
  {
    "title": "Page",
    "link": "https://ir.ocugen.com/press-releases?page=",
    "timestamp": "unknown"
  },
  {
    "title": "Next pagenext \u203a",
    "link": "https://ir.ocugen.com/press-releases?page=",
    "timestamp": "unknown"
  },
  {
    "title": "Last pagelast \u00bb",
    "link": "https://ir.ocugen.com/press-releases?page=",
    "timestamp": "unknown"
  },
  {
    "title": "Stay ConnectedContact us for more informationCONTACT NOW",
    "link": "https://ocugen.com/contact-us/",
    "timestamp": "unknown"
  },
  {
    "title": "Stay ConnectedContact us for more informationCONTACT NOW",
    "link": "https://ocugen.com/contact-us/",
    "timestamp": "unknown"
  },
  {
    "title": "Stay ConnectedContact us for more informationCONTACT NOW",
    "link": "https://ocugen.com/contact-us/",
    "timestamp": "unknown"
  },
  {
    "title": "CONTACT NOW",
    "link": "https://ocugen.com/contact-us/",
    "timestamp": "unknown"
  },
  {
    "title": "CourageousInnovation.CONNECTLinkedInTwitterGreat Valley ParkwayMalvern, PA..CONTACT USTiffany HamiltonHead of CommunicationsIR@ocugen.com",
    "link": "https://ocugen.com/",
    "timestamp": "unknown"
  },
  {
    "title": "CourageousInnovation.CONNECTLinkedInTwitterGreat Valley ParkwayMalvern, PA..CONTACT USTiffany HamiltonHead of CommunicationsIR@ocugen.com",
    "link": "https://ocugen.com/",
    "timestamp": "unknown"
  },
  {
    "title": "CourageousInnovation.CONNECTLinkedInTwitterGreat Valley ParkwayMalvern, PA..CONTACT USTiffany HamiltonHead of CommunicationsIR@ocugen.com",
    "link": "https://ocugen.com/",
    "timestamp": "unknown"
  },
  {
    "title": "CourageousInnovation.",
    "link": "https://ocugen.com/",
    "timestamp": "unknown"
  },
  {
    "title": "CONNECTLinkedInTwitterGreat Valley ParkwayMalvern, PA..",
    "link": "https://www.linkedin.com/company/ocugen",
    "timestamp": "unknown"
  },
  {
    "title": "CONNECTLinkedInTwitter",
    "link": "https://www.linkedin.com/company/ocugen",
    "timestamp": "unknown"
  },
  {
    "title": "Great Valley ParkwayMalvern, PA..",
    "link": "tel:..",
    "timestamp": "unknown"
  },
  {
    "title": "CONTACT USTiffany HamiltonHead of CommunicationsIR@ocugen.com",
    "link": "mailto:IR@ocugen.com",
    "timestamp": "unknown"
  },
  {
    "title": "Tiffany HamiltonHead of CommunicationsIR@ocugen.com",
    "link": "mailto:IR@ocugen.com",
    "timestamp": "unknown"
  }
]