[
  {
    "title": "Regeneron.comContact UsSearchOpen Search BarNewsEvents &PresentationsStockInformationFinancialsGovernanceResourcesNewsEvents & PresentationsStock Info",
    "link": "https://investor.regeneron.com/",
    "timestamp": "unknown"
  },
  {
    "title": "Regeneron.comContact UsSearchOpen Search BarNewsEvents &PresentationsStockInformationFinancialsGovernanceResources",
    "link": "https://investor.regeneron.com/",
    "timestamp": "unknown"
  },
  {
    "title": "Regeneron.comContact UsSearchOpen Search Bar",
    "link": "https://investor.regeneron.com/",
    "timestamp": "unknown"
  },
  {
    "title": "Regeneron.comContact UsSearchOpen Search Bar",
    "link": "https://investor.regeneron.com/",
    "timestamp": "unknown"
  },
  {
    "title": "Regeneron.comContact UsSearchOpen Search Bar",
    "link": "https://investor.regeneron.com/",
    "timestamp": "unknown"
  },
  {
    "title": "Regeneron.comContact Us",
    "link": "https://regeneron.com/",
    "timestamp": "unknown"
  },
  {
    "title": "NewsEvents &PresentationsStockInformationFinancialsGovernanceResources",
    "link": "https://investor.regeneron.com/",
    "timestamp": "unknown"
  },
  {
    "title": "NewsEvents &PresentationsStockInformationFinancialsGovernanceResources",
    "link": "https://investor.regeneron.com/",
    "timestamp": "unknown"
  },
  {
    "title": "NewsEvents &PresentationsStockInformationFinancialsGovernanceResources",
    "link": "https://investor.regeneron.com/",
    "timestamp": "unknown"
  },
  {
    "title": "NewsEvents &PresentationsStockInformationFinancialsGovernanceResources",
    "link": "https://investor.regeneron.com/",
    "timestamp": "unknown"
  },
  {
    "title": "NewsEvents & PresentationsStock InformationFinancialsGovernanceResourcesReturn to Top LevelPress ReleasesMedia StatementsReturn to Top LevelUpcoming &",
    "link": "https://investor.regeneron.com/financials/sec-filings",
    "timestamp": "unknown"
  },
  {
    "title": "NewsEvents & PresentationsStock InformationFinancialsGovernanceResources",
    "link": "https://investor.regeneron.com/financials/sec-filings",
    "timestamp": "unknown"
  },
  {
    "title": "NewsEvents & PresentationsStock InformationFinancialsGovernanceResources",
    "link": "https://investor.regeneron.com/financials/sec-filings",
    "timestamp": "unknown"
  },
  {
    "title": "Return to Top LevelPress ReleasesMedia StatementsReturn to Top LevelUpcoming & RecentArchiveReturn to Top LevelStock InformationHistoric Price LookupI",
    "link": "https://investor.regeneron.com/news/press-releases",
    "timestamp": "unknown"
  },
  {
    "title": "Return to Top LevelPress ReleasesMedia Statements",
    "link": "https://investor.regeneron.com/news/press-releases",
    "timestamp": "unknown"
  },
  {
    "title": "Return to Top LevelUpcoming & RecentArchive",
    "link": "https://investor.regeneron.com/events-and-presentations/events-and-recent",
    "timestamp": "unknown"
  },
  {
    "title": "Return to Top LevelStock InformationHistoric Price LookupInvestment CalculatorOwnership Profile",
    "link": "https://investor.regeneron.com/stock-information",
    "timestamp": "unknown"
  },
  {
    "title": "Return to Top LevelFinancial InformationSEC FilingsAnnual Reports & Proxy StatementsQuarterly Results",
    "link": "https://investor.regeneron.com/financials/overview",
    "timestamp": "unknown"
  },
  {
    "title": "Return to Top LevelGovernance DocumentsCorporate ResponsibilityCommittee CompositionContact the BoardInsider Transactions",
    "link": "https://investor.regeneron.com/governance/governance-documents",
    "timestamp": "unknown"
  },
  {
    "title": "Return to Top LevelFAQsPipelineOur Medicines",
    "link": "https://investor.regeneron.com/resources/investor-faqs",
    "timestamp": "unknown"
  },
  {
    "title": "Regeneron.comContact Us",
    "link": "https://regeneron.com/",
    "timestamp": "unknown"
  },
  {
    "title": "GroupAll,,Annual FilingsCurrent ReportsMergers & AcquisitionsOtherProxy FilingsQuarterly FilingsRegistration StatementsFiling yearAllFiling DateFormDe",
    "link": "https://investor.regeneron.com/financials/sec-filings?items_per_page=&order=field_nir_sec_date_filed&sort=asc",
    "timestamp": "unknown"
  },
  {
    "title": "GroupAll,,Annual FilingsCurrent ReportsMergers & AcquisitionsOtherProxy FilingsQuarterly FilingsRegistration StatementsFiling yearAllFiling DateFormDe",
    "link": "https://investor.regeneron.com/financials/sec-filings?items_per_page=&order=field_nir_sec_date_filed&sort=asc",
    "timestamp": "unknown"
  },
  {
    "title": "GroupAll,,Annual FilingsCurrent ReportsMergers & AcquisitionsOtherProxy FilingsQuarterly FilingsRegistration StatementsFiling yearAllFiling DateFormDe",
    "link": "https://investor.regeneron.com/financials/sec-filings?items_per_page=&order=field_nir_sec_date_filed&sort=asc",
    "timestamp": "unknown"
  },
  {
    "title": "GroupAll,,Annual FilingsCurrent ReportsMergers & AcquisitionsOtherProxy FilingsQuarterly FilingsRegistration StatementsFiling yearAllFiling DateFormDe",
    "link": "https://investor.regeneron.com/financials/sec-filings?items_per_page=&order=field_nir_sec_date_filed&sort=asc",
    "timestamp": "unknown"
  },
  {
    "title": "GroupAll,,Annual FilingsCurrent ReportsMergers & AcquisitionsOtherProxy FilingsQuarterly FilingsRegistration StatementsFiling yearAllFiling DateFormDe",
    "link": "https://investor.regeneron.com/financials/sec-filings?items_per_page=&order=field_nir_sec_date_filed&sort=asc",
    "timestamp": "unknown"
  },
  {
    "title": "GroupAll,,Annual FilingsCurrent ReportsMergers & AcquisitionsOtherProxy FilingsQuarterly FilingsRegistration StatementsFiling yearAllFiling DateFormDe",
    "link": "https://investor.regeneron.com/financials/sec-filings?items_per_page=&order=field_nir_sec_date_filed&sort=asc",
    "timestamp": "unknown"
  },
  {
    "title": "GroupAll,,Annual FilingsCurrent ReportsMergers & AcquisitionsOtherProxy FilingsQuarterly FilingsRegistration StatementsFiling yearAllFiling DateFormDe",
    "link": "https://investor.regeneron.com/financials/sec-filings?items_per_page=&order=field_nir_sec_date_filed&sort=asc",
    "timestamp": "unknown"
  },
  {
    "title": "GroupAll,,Annual FilingsCurrent ReportsMergers & AcquisitionsOtherProxy FilingsQuarterly FilingsRegistration StatementsFiling yearAllFiling DateFormDe",
    "link": "https://investor.regeneron.com/financials/sec-filings?items_per_page=&order=field_nir_sec_date_filed&sort=asc",
    "timestamp": "unknown"
  },
  {
    "title": "GroupAll,,Annual FilingsCurrent ReportsMergers & AcquisitionsOtherProxy FilingsQuarterly FilingsRegistration StatementsFiling yearAllFiling DateFormDe",
    "link": "https://investor.regeneron.com/financials/sec-filings?items_per_page=&order=field_nir_sec_date_filed&sort=asc",
    "timestamp": "unknown"
  },
  {
    "title": "GroupAll,,Annual FilingsCurrent ReportsMergers & AcquisitionsOtherProxy FilingsQuarterly FilingsRegistration StatementsFiling yearAllFiling DateFormDe",
    "link": "https://investor.regeneron.com/financials/sec-filings?items_per_page=&order=field_nir_sec_date_filed&sort=asc",
    "timestamp": "unknown"
  },
  {
    "title": "GroupAll,,Annual FilingsCurrent ReportsMergers & AcquisitionsOtherProxy FilingsQuarterly FilingsRegistration StatementsFiling yearAllFiling DateFormDe",
    "link": "https://investor.regeneron.com/financials/sec-filings?items_per_page=&order=field_nir_sec_date_filed&sort=asc",
    "timestamp": "unknown"
  },
  {
    "title": "GroupAll,,Annual FilingsCurrent ReportsMergers & AcquisitionsOtherProxy FilingsQuarterly FilingsRegistration StatementsFiling yearAllFiling DateFormDe",
    "link": "https://investor.regeneron.com/financials/sec-filings?items_per_page=&order=field_nir_sec_date_filed&sort=asc",
    "timestamp": "unknown"
  },
  {
    "title": "GroupAll,,Annual FilingsCurrent ReportsMergers & AcquisitionsOtherProxy FilingsQuarterly FilingsRegistration StatementsFiling yearAllFiling DateFormDe",
    "link": "https://investor.regeneron.com/financials/sec-filings?items_per_page=&order=field_nir_sec_date_filed&sort=asc",
    "timestamp": "unknown"
  },
  {
    "title": "GroupAll,,Annual FilingsCurrent ReportsMergers & AcquisitionsOtherProxy FilingsQuarterly FilingsRegistration StatementsFiling yearAllFiling DateFormDe",
    "link": "https://investor.regeneron.com/financials/sec-filings?items_per_page=&order=field_nir_sec_date_filed&sort=asc",
    "timestamp": "unknown"
  },
  {
    "title": "GroupAll,,Annual FilingsCurrent ReportsMergers & AcquisitionsOtherProxy FilingsQuarterly FilingsRegistration StatementsFiling yearAllFiling DateFormDe",
    "link": "https://investor.regeneron.com/financials/sec-filings?items_per_page=&order=field_nir_sec_date_filed&sort=asc",
    "timestamp": "unknown"
  },
  {
    "title": "GroupAll,,Annual FilingsCurrent ReportsMergers & AcquisitionsOtherProxy FilingsQuarterly FilingsRegistration StatementsFiling yearAllFiling DateFormDe",
    "link": "https://investor.regeneron.com/financials/sec-filings?items_per_page=&order=field_nir_sec_date_filed&sort=asc",
    "timestamp": "unknown"
  },
  {
    "title": "GroupAll,,Annual FilingsCurrent ReportsMergers & AcquisitionsOtherProxy FilingsQuarterly FilingsRegistration StatementsFiling yearAllFiling DateFormDe",
    "link": "https://investor.regeneron.com/financials/sec-filings?items_per_page=&order=field_nir_sec_date_filed&sort=asc",
    "timestamp": "unknown"
  },
  {
    "title": "GroupAll,,Annual FilingsCurrent ReportsMergers & AcquisitionsOtherProxy FilingsQuarterly FilingsRegistration StatementsFiling yearAllFiling DateFormDe",
    "link": "https://investor.regeneron.com/financials/sec-filings?items_per_page=&order=field_nir_sec_date_filed&sort=asc",
    "timestamp": "unknown"
  },
  {
    "title": "GroupAll,,Annual FilingsCurrent ReportsMergers & AcquisitionsOtherProxy FilingsQuarterly FilingsRegistration StatementsFiling yearAllFiling DateFormDe",
    "link": "https://investor.regeneron.com/financials/sec-filings?items_per_page=&order=field_nir_sec_date_filed&sort=asc",
    "timestamp": "unknown"
  },
  {
    "title": "Filing DateFormDescriptionViewFeb ,Filed by \"insiders\" prior intended sale of restricted stock.View HTML--.pdfFeb ,Statement of changes in beneficial ",
    "link": "https://investor.regeneron.com/financials/sec-filings?items_per_page=&order=field_nir_sec_date_filed&sort=asc",
    "timestamp": "unknown"
  },
  {
    "title": "Filing DateFormDescriptionView",
    "link": "https://investor.regeneron.com/financials/sec-filings?items_per_page=&order=field_nir_sec_date_filed&sort=asc",
    "timestamp": "unknown"
  },
  {
    "title": "Feb ,Filed by \"insiders\" prior intended sale of restricted stock.View HTML--.pdf",
    "link": "https://investor.regeneron.com/sec-filings/sec-filing//--",
    "timestamp": "unknown"
  },
  {
    "title": "View HTML--.pdf",
    "link": "https://investor.regeneron.com/node//html",
    "timestamp": "unknown"
  },
  {
    "title": "--.pdf",
    "link": "https://investor.regeneron.com/static-files/3d2903e9-3e48-41ef-ab9f-5979041121e5",
    "timestamp": "unknown"
  },
  {
    "title": "Feb ,Statement of changes in beneficial ownership of securitiesView HTML--.pdf--.xls",
    "link": "https://investor.regeneron.com/sec-filings/sec-filing//--",
    "timestamp": "unknown"
  },
  {
    "title": "View HTML--.pdf--.xls",
    "link": "https://investor.regeneron.com/node//html",
    "timestamp": "unknown"
  },
  {
    "title": "--.pdf",
    "link": "https://investor.regeneron.com/static-files/583e0b2c-ed3d--8c49-3176532407e9",
    "timestamp": "unknown"
  },
  {
    "title": "--.xls",
    "link": "https://investor.regeneron.com/static-files/6306652e-398d--a418-7500a77fa260",
    "timestamp": "unknown"
  },
  {
    "title": "Feb ,Statement of changes in beneficial ownership of securitiesView HTML--.pdf--.xls",
    "link": "https://investor.regeneron.com/sec-filings/sec-filing//--",
    "timestamp": "unknown"
  },
  {
    "title": "View HTML--.pdf--.xls",
    "link": "https://investor.regeneron.com/node//html",
    "timestamp": "unknown"
  },
  {
    "title": "--.pdf",
    "link": "https://investor.regeneron.com/static-files/be76f7da-e72c-4c73-aa06-1084e6ef6b0c",
    "timestamp": "unknown"
  },
  {
    "title": "--.xls",
    "link": "https://investor.regeneron.com/static-files/1b675963-43c6-40c4-b6a0-d2b545d6f649",
    "timestamp": "unknown"
  },
  {
    "title": "Feb ,Filed by \"insiders\" prior intended sale of restricted stock.View HTML--.pdf--.xls",
    "link": "https://investor.regeneron.com/sec-filings/sec-filing//--",
    "timestamp": "unknown"
  },
  {
    "title": "View HTML--.pdf--.xls",
    "link": "https://investor.regeneron.com/node//html",
    "timestamp": "unknown"
  },
  {
    "title": "--.pdf",
    "link": "https://investor.regeneron.com/static-files/8a702a46-a924--a2f1-4c049a600d7f",
    "timestamp": "unknown"
  },
  {
    "title": "--.xls",
    "link": "https://investor.regeneron.com/static-files/4abb1294-b26b--9f86-25170771cd45",
    "timestamp": "unknown"
  },
  {
    "title": "Feb ,Filed by \"insiders\" prior intended sale of restricted stock.View HTML--.pdf",
    "link": "https://investor.regeneron.com/sec-filings/sec-filing//--",
    "timestamp": "unknown"
  },
  {
    "title": "View HTML--.pdf",
    "link": "https://investor.regeneron.com/node//html",
    "timestamp": "unknown"
  },
  {
    "title": "--.pdf",
    "link": "https://investor.regeneron.com/static-files/98d0d8b0-f7d5-4bbc-897a-04e8622fdd58",
    "timestamp": "unknown"
  },
  {
    "title": "Feb ,13F-HR13F Holdings Report Initial FilingView HTML--.pdf--.xls",
    "link": "https://investor.regeneron.com/sec-filings/sec-filing/13f-hr/--",
    "timestamp": "unknown"
  },
  {
    "title": "View HTML--.pdf--.xls",
    "link": "https://investor.regeneron.com/node//html",
    "timestamp": "unknown"
  },
  {
    "title": "--.pdf",
    "link": "https://investor.regeneron.com/static-files/99cc393f--475a-b195-ee7be9661ee4",
    "timestamp": "unknown"
  },
  {
    "title": "--.xls",
    "link": "https://investor.regeneron.com/static-files/1e0de076-f25f-4a5a-a489-a26b8680799a",
    "timestamp": "unknown"
  },
  {
    "title": "Feb ,-KAnnual report which provides a comprehensive overview of the company for the past yearView HTML--.pdf--.xlsEX-.SCH - XBRL TAXONOMY EXTENSION SC",
    "link": "https://investor.regeneron.com/sec-filings/sec-filing/-k/--",
    "timestamp": "unknown"
  },
  {
    "title": "View HTML--.pdf--.xlsEX-.SCH - XBRL TAXONOMY EXTENSION SCHEMA",
    "link": "https://investor.regeneron.com/node//html",
    "timestamp": "unknown"
  },
  {
    "title": "--.pdf",
    "link": "https://investor.regeneron.com/static-files/6f7d5806-3db5-410d-9bef-36e44c57bfce",
    "timestamp": "unknown"
  },
  {
    "title": "--.xls",
    "link": "https://investor.regeneron.com/static-files/2257128e----2561fb552c90",
    "timestamp": "unknown"
  },
  {
    "title": "Jan ,-KReport of unscheduled material events or corporate eventView HTML--.pdf--.xlsEX-.SCH - XBRL TAXONOMY EXTENSION SCHEMA",
    "link": "https://investor.regeneron.com/sec-filings/sec-filing/-k/--",
    "timestamp": "unknown"
  },
  {
    "title": "View HTML--.pdf--.xlsEX-.SCH - XBRL TAXONOMY EXTENSION SCHEMA",
    "link": "https://investor.regeneron.com/node//html",
    "timestamp": "unknown"
  },
  {
    "title": "--.pdf",
    "link": "https://investor.regeneron.com/static-files/9a243e9a-20e6-4efb-b294-a414ec6bdbcf",
    "timestamp": "unknown"
  },
  {
    "title": "--.xls",
    "link": "https://investor.regeneron.com/static-files/-d14d-4a74-8dd8-cd65a813e509",
    "timestamp": "unknown"
  },
  {
    "title": "Jan ,-KReport of unscheduled material events or corporate eventView HTML--.pdf--.xlsEX-.SCH - XBRL TAXONOMY EXTENSION SCHEMA",
    "link": "https://investor.regeneron.com/sec-filings/sec-filing/-k/--",
    "timestamp": "unknown"
  },
  {
    "title": "View HTML--.pdf--.xlsEX-.SCH - XBRL TAXONOMY EXTENSION SCHEMA",
    "link": "https://investor.regeneron.com/node//html",
    "timestamp": "unknown"
  },
  {
    "title": "--.pdf",
    "link": "https://investor.regeneron.com/static-files/5ec94e5b-a357-4ffb-84a3-b2906828cdcc",
    "timestamp": "unknown"
  },
  {
    "title": "--.xls",
    "link": "https://investor.regeneron.com/static-files/24eed9d3-cca7-4ff6--a0d8939e99aa",
    "timestamp": "unknown"
  },
  {
    "title": "Jan ,Statement of changes in beneficial ownership of securitiesView HTML--.pdf--.xls",
    "link": "https://investor.regeneron.com/sec-filings/sec-filing//--",
    "timestamp": "unknown"
  },
  {
    "title": "View HTML--.pdf--.xls",
    "link": "https://investor.regeneron.com/node//html",
    "timestamp": "unknown"
  },
  {
    "title": "--.pdf",
    "link": "https://investor.regeneron.com/static-files/45072b79-337c--b564-cd316fab683e",
    "timestamp": "unknown"
  },
  {
    "title": "--.xls",
    "link": "https://investor.regeneron.com/static-files/538ca6ca-65d7-4dc1-bdb4-b42f1e7a9e36",
    "timestamp": "unknown"
  },
  {
    "title": "PaginationPage:Current pagePagePage\u2026Next\u203aLast page\u00bbDisplaying  -  of  results",
    "link": "https://investor.regeneron.com/financials/sec-filings?&field_nir_sec_cik_target_id=&field_nir_sec_date_filed_value=&&&items_per_page_toggle=&page=",
    "timestamp": "unknown"
  },
  {
    "title": "PaginationPage:Current pagePagePage\u2026Next\u203aLast page\u00bb",
    "link": "https://investor.regeneron.com/financials/sec-filings?&field_nir_sec_cik_target_id=&field_nir_sec_date_filed_value=&&&items_per_page_toggle=&page=",
    "timestamp": "unknown"
  },
  {
    "title": "Current page",
    "link": "https://investor.regeneron.com/financials/sec-filings?&field_nir_sec_cik_target_id=&field_nir_sec_date_filed_value=&&&items_per_page_toggle=&page=",
    "timestamp": "unknown"
  },
  {
    "title": "Page",
    "link": "https://investor.regeneron.com/financials/sec-filings?&field_nir_sec_cik_target_id=&field_nir_sec_date_filed_value=&&&items_per_page_toggle=&page=",
    "timestamp": "unknown"
  },
  {
    "title": "Page",
    "link": "https://investor.regeneron.com/financials/sec-filings?&field_nir_sec_cik_target_id=&field_nir_sec_date_filed_value=&&&items_per_page_toggle=&page=",
    "timestamp": "unknown"
  },
  {
    "title": "Next\u203a",
    "link": "https://investor.regeneron.com/financials/sec-filings?&field_nir_sec_cik_target_id=&field_nir_sec_date_filed_value=&&&items_per_page_toggle=&page=",
    "timestamp": "unknown"
  },
  {
    "title": "Last page\u00bb",
    "link": "https://investor.regeneron.com/financials/sec-filings?&field_nir_sec_cik_target_id=&field_nir_sec_date_filed_value=&&&items_per_page_toggle=&page=",
    "timestamp": "unknown"
  },
  {
    "title": "Data provided byKaleidoscope.",
    "link": "https://www.kscope.io",
    "timestamp": "unknown"
  },
  {
    "title": "Data provided byKaleidoscope.",
    "link": "https://www.kscope.io",
    "timestamp": "unknown"
  },
  {
    "title": "Back to top",
    "link": "https://investor.regeneron.com/financials/sec-filings",
    "timestamp": "unknown"
  },
  {
    "title": "Contact UsRegeneron.comCareersClinical Trials",
    "link": "https://www.regeneron.com/contact",
    "timestamp": "unknown"
  },
  {
    "title": "Contact Us",
    "link": "https://www.regeneron.com/contact",
    "timestamp": "unknown"
  },
  {
    "title": "Regeneron.com",
    "link": "https://www.regeneron.com/",
    "timestamp": "unknown"
  },
  {
    "title": "Careers",
    "link": "https://careers.regeneron.com/",
    "timestamp": "unknown"
  },
  {
    "title": "Clinical Trials",
    "link": "https://clinicaltrials.regeneron.com/",
    "timestamp": "unknown"
  },
  {
    "title": "Terms of Use",
    "link": "https://www.regeneron.com/terms",
    "timestamp": "unknown"
  },
  {
    "title": "Accessibility Statement",
    "link": "https://www.regeneron.com/accessibility-statement",
    "timestamp": "unknown"
  },
  {
    "title": "Site Map",
    "link": "https://investor.regeneron.com/sitemap",
    "timestamp": "unknown"
  },
  {
    "title": "Social Media TermsPrivacy NoticePrivacy Preference Center",
    "link": "https://www.regeneron.com/social-media-terms",
    "timestamp": "unknown"
  },
  {
    "title": "Social Media TermsPrivacy NoticePrivacy Preference Center",
    "link": "https://www.regeneron.com/social-media-terms",
    "timestamp": "unknown"
  },
  {
    "title": "Social Media Terms",
    "link": "https://www.regeneron.com/social-media-terms",
    "timestamp": "unknown"
  },
  {
    "title": "Privacy Notice",
    "link": "https://www.regeneron.com/privacy-notice",
    "timestamp": "unknown"
  },
  {
    "title": "Privacy Preference Center",
    "link": "https://investor.regeneron.com/financials/sec-filings#/",
    "timestamp": "unknown"
  },
  {
    "title": "CloseYou are now leaving Investor.Regeneron.com. The site you are about to visit is maintained by a third\n                party who is solely responsi",
    "link": "https://investor.regeneron.com/financials/sec-filings",
    "timestamp": "unknown"
  },
  {
    "title": "CloseYou are now leaving Investor.Regeneron.com. The site you are about to visit is maintained by a third\n                party who is solely responsi",
    "link": "https://investor.regeneron.com/financials/sec-filings",
    "timestamp": "unknown"
  },
  {
    "title": "CloseYou are now leaving Investor.Regeneron.com. The site you are about to visit is maintained by a third\n                party who is solely responsi",
    "link": "https://investor.regeneron.com/financials/sec-filings",
    "timestamp": "unknown"
  },
  {
    "title": "ContinueReturn to Investor.Regeneron.com",
    "link": "https://investor.regeneron.com/financials/sec-filings",
    "timestamp": "unknown"
  },
  {
    "title": "ContinueReturn to Investor.Regeneron.com",
    "link": "https://investor.regeneron.com/financials/sec-filings",
    "timestamp": "unknown"
  },
  {
    "title": "Continue",
    "link": "https://investor.regeneron.com/financials/sec-filings",
    "timestamp": "unknown"
  },
  {
    "title": "CloseYou are now leaving Investor.Regeneron.com to visit another Regeneron website.ContinueReturn to Investor.Regeneron.com",
    "link": "https://investor.regeneron.com/financials/sec-filings",
    "timestamp": "unknown"
  },
  {
    "title": "CloseYou are now leaving Investor.Regeneron.com to visit another Regeneron website.ContinueReturn to Investor.Regeneron.com",
    "link": "https://investor.regeneron.com/financials/sec-filings",
    "timestamp": "unknown"
  },
  {
    "title": "CloseYou are now leaving Investor.Regeneron.com to visit another Regeneron website.ContinueReturn to Investor.Regeneron.com",
    "link": "https://investor.regeneron.com/financials/sec-filings",
    "timestamp": "unknown"
  },
  {
    "title": "ContinueReturn to Investor.Regeneron.com",
    "link": "https://investor.regeneron.com/financials/sec-filings",
    "timestamp": "unknown"
  },
  {
    "title": "ContinueReturn to Investor.Regeneron.com",
    "link": "https://investor.regeneron.com/financials/sec-filings",
    "timestamp": "unknown"
  },
  {
    "title": "Continue",
    "link": "https://investor.regeneron.com/financials/sec-filings",
    "timestamp": "unknown"
  },
  {
    "title": "CloseYou are now leaving Investor.Regeneron.com. The site you are about to visit is maintained by a third\n                party who is solely responsi",
    "link": "https://investor.regeneron.com/financials/sec-filings",
    "timestamp": "unknown"
  },
  {
    "title": "CloseYou are now leaving Investor.Regeneron.com. The site you are about to visit is maintained by a third\n                party who is solely responsi",
    "link": "https://investor.regeneron.com/financials/sec-filings",
    "timestamp": "unknown"
  },
  {
    "title": "CloseYou are now leaving Investor.Regeneron.com. The site you are about to visit is maintained by a third\n                party who is solely responsi",
    "link": "https://investor.regeneron.com/financials/sec-filings",
    "timestamp": "unknown"
  },
  {
    "title": "ContinueReturn to Investor.Regeneron.com",
    "link": "https://investor.regeneron.com/financials/sec-filings",
    "timestamp": "unknown"
  },
  {
    "title": "ContinueReturn to Investor.Regeneron.com",
    "link": "https://investor.regeneron.com/financials/sec-filings",
    "timestamp": "unknown"
  },
  {
    "title": "Continue",
    "link": "https://investor.regeneron.com/financials/sec-filings",
    "timestamp": "unknown"
  },
  {
    "title": "CloseYou are now leaving Investor.Regeneron.com to visit another Regeneron website.ContinueReturn to Investor.Regeneron.com",
    "link": "https://investor.regeneron.com/financials/sec-filings",
    "timestamp": "unknown"
  },
  {
    "title": "CloseYou are now leaving Investor.Regeneron.com to visit another Regeneron website.ContinueReturn to Investor.Regeneron.com",
    "link": "https://investor.regeneron.com/financials/sec-filings",
    "timestamp": "unknown"
  },
  {
    "title": "CloseYou are now leaving Investor.Regeneron.com to visit another Regeneron website.ContinueReturn to Investor.Regeneron.com",
    "link": "https://investor.regeneron.com/financials/sec-filings",
    "timestamp": "unknown"
  },
  {
    "title": "ContinueReturn to Investor.Regeneron.com",
    "link": "https://investor.regeneron.com/financials/sec-filings",
    "timestamp": "unknown"
  },
  {
    "title": "ContinueReturn to Investor.Regeneron.com",
    "link": "https://investor.regeneron.com/financials/sec-filings",
    "timestamp": "unknown"
  },
  {
    "title": "Continue",
    "link": "https://investor.regeneron.com/financials/sec-filings",
    "timestamp": "unknown"
  }
]