[
  {
    "title": "Regeneron.comContact UsSearchOpen Search BarNewsEvents &PresentationsStockInformationFinancialsGovernanceResourcesNewsEvents & PresentationsStock Info",
    "link": "https://investor.regeneron.com/",
    "timestamp": "unknown"
  },
  {
    "title": "Regeneron.comContact UsSearchOpen Search BarNewsEvents &PresentationsStockInformationFinancialsGovernanceResources",
    "link": "https://investor.regeneron.com/",
    "timestamp": "unknown"
  },
  {
    "title": "Regeneron.comContact UsSearchOpen Search Bar",
    "link": "https://investor.regeneron.com/",
    "timestamp": "unknown"
  },
  {
    "title": "Regeneron.comContact UsSearchOpen Search Bar",
    "link": "https://investor.regeneron.com/",
    "timestamp": "unknown"
  },
  {
    "title": "Regeneron.comContact UsSearchOpen Search Bar",
    "link": "https://investor.regeneron.com/",
    "timestamp": "unknown"
  },
  {
    "title": "Regeneron.comContact Us",
    "link": "https://regeneron.com/",
    "timestamp": "unknown"
  },
  {
    "title": "NewsEvents &PresentationsStockInformationFinancialsGovernanceResources",
    "link": "https://investor.regeneron.com/",
    "timestamp": "unknown"
  },
  {
    "title": "NewsEvents &PresentationsStockInformationFinancialsGovernanceResources",
    "link": "https://investor.regeneron.com/",
    "timestamp": "unknown"
  },
  {
    "title": "NewsEvents &PresentationsStockInformationFinancialsGovernanceResources",
    "link": "https://investor.regeneron.com/",
    "timestamp": "unknown"
  },
  {
    "title": "NewsEvents &PresentationsStockInformationFinancialsGovernanceResources",
    "link": "https://investor.regeneron.com/",
    "timestamp": "unknown"
  },
  {
    "title": "NewsEvents & PresentationsStock InformationFinancialsGovernanceResourcesReturn to Top LevelPress ReleasesMedia StatementsReturn to Top LevelUpcoming &",
    "link": "https://investor.regeneron.com/news/press-releases",
    "timestamp": "unknown"
  },
  {
    "title": "NewsEvents & PresentationsStock InformationFinancialsGovernanceResources",
    "link": "https://investor.regeneron.com/news/press-releases",
    "timestamp": "unknown"
  },
  {
    "title": "NewsEvents & PresentationsStock InformationFinancialsGovernanceResources",
    "link": "https://investor.regeneron.com/news/press-releases",
    "timestamp": "unknown"
  },
  {
    "title": "Return to Top LevelPress ReleasesMedia StatementsReturn to Top LevelUpcoming & RecentArchiveReturn to Top LevelStock InformationHistoric Price LookupI",
    "link": "https://investor.regeneron.com/news/press-releases",
    "timestamp": "unknown"
  },
  {
    "title": "Return to Top LevelPress ReleasesMedia Statements",
    "link": "https://investor.regeneron.com/news/press-releases",
    "timestamp": "unknown"
  },
  {
    "title": "Return to Top LevelUpcoming & RecentArchive",
    "link": "https://investor.regeneron.com/events-and-presentations/events-and-recent",
    "timestamp": "unknown"
  },
  {
    "title": "Return to Top LevelStock InformationHistoric Price LookupInvestment CalculatorOwnership Profile",
    "link": "https://investor.regeneron.com/stock-information",
    "timestamp": "unknown"
  },
  {
    "title": "Return to Top LevelFinancial InformationSEC FilingsAnnual Reports & Proxy StatementsQuarterly Results",
    "link": "https://investor.regeneron.com/financials/overview",
    "timestamp": "unknown"
  },
  {
    "title": "Return to Top LevelGovernance DocumentsCorporate ResponsibilityCommittee CompositionContact the BoardInsider Transactions",
    "link": "https://investor.regeneron.com/governance/governance-documents",
    "timestamp": "unknown"
  },
  {
    "title": "Return to Top LevelFAQsPipelineOur Medicines",
    "link": "https://investor.regeneron.com/resources/investor-faqs",
    "timestamp": "unknown"
  },
  {
    "title": "Regeneron.comContact Us",
    "link": "https://regeneron.com/",
    "timestamp": "unknown"
  },
  {
    "title": "View media statementsYearAllSeptember ,   EDTEvkeeza\u00ae (evinacumab-dgnb) ANGPTL3 Antibody Approved in the U.S. for Children as Young as  Year Old with ",
    "link": "https://investor.regeneron.com/news/media-statements",
    "timestamp": "unknown"
  },
  {
    "title": "View media statementsYearAllSeptember ,   EDTEvkeeza\u00ae (evinacumab-dgnb) ANGPTL3 Antibody Approved in the U.S. for Children as Young as  Year Old with ",
    "link": "https://investor.regeneron.com/news/media-statements",
    "timestamp": "unknown"
  },
  {
    "title": "View media statementsYearAllSeptember ,   EDTEvkeeza\u00ae (evinacumab-dgnb) ANGPTL3 Antibody Approved in the U.S. for Children as Young as  Year Old with ",
    "link": "https://investor.regeneron.com/news/media-statements",
    "timestamp": "unknown"
  },
  {
    "title": "View media statementsYearAllSeptember ,   EDTEvkeeza\u00ae (evinacumab-dgnb) ANGPTL3 Antibody Approved in the U.S. for Children as Young as  Year Old with ",
    "link": "https://investor.regeneron.com/news/media-statements",
    "timestamp": "unknown"
  },
  {
    "title": "View media statementsYearAllSeptember ,   EDTEvkeeza\u00ae (evinacumab-dgnb) ANGPTL3 Antibody Approved in the U.S. for Children as Young as  Year Old with ",
    "link": "https://investor.regeneron.com/news/media-statements",
    "timestamp": "unknown"
  },
  {
    "title": "View media statementsYearAllSeptember ,   EDTEvkeeza\u00ae (evinacumab-dgnb) ANGPTL3 Antibody Approved in the U.S. for Children as Young as  Year Old with ",
    "link": "https://investor.regeneron.com/news/media-statements",
    "timestamp": "unknown"
  },
  {
    "title": "View media statementsYearAllSeptember ,   EDTEvkeeza\u00ae (evinacumab-dgnb) ANGPTL3 Antibody Approved in the U.S. for Children as Young as  Year Old with ",
    "link": "https://investor.regeneron.com/news/media-statements",
    "timestamp": "unknown"
  },
  {
    "title": "View media statements",
    "link": "https://investor.regeneron.com/news/media-statements",
    "timestamp": "unknown"
  },
  {
    "title": "YearAllSeptember ,   EDTEvkeeza\u00ae (evinacumab-dgnb) ANGPTL3 Antibody Approved in the U.S. for Children as Young as  Year Old with Ultra-Rare Form of Hi",
    "link": "https://investor.regeneron.com/news-releases/news-release-details/evkeezar-evinacumab-dgnb-angptl3-antibody-approved-us-children",
    "timestamp": "unknown"
  },
  {
    "title": "YearAllSeptember ,   EDTEvkeeza\u00ae (evinacumab-dgnb) ANGPTL3 Antibody Approved in the U.S. for Children as Young as  Year Old with Ultra-Rare Form of Hi",
    "link": "https://investor.regeneron.com/news-releases/news-release-details/evkeezar-evinacumab-dgnb-angptl3-antibody-approved-us-children",
    "timestamp": "unknown"
  },
  {
    "title": "YearAllSeptember ,   EDTEvkeeza\u00ae (evinacumab-dgnb) ANGPTL3 Antibody Approved in the U.S. for Children as Young as  Year Old with Ultra-Rare Form of Hi",
    "link": "https://investor.regeneron.com/news-releases/news-release-details/evkeezar-evinacumab-dgnb-angptl3-antibody-approved-us-children",
    "timestamp": "unknown"
  },
  {
    "title": "YearAllSeptember ,   EDTEvkeeza\u00ae (evinacumab-dgnb) ANGPTL3 Antibody Approved in the U.S. for Children as Young as  Year Old with Ultra-Rare Form of Hi",
    "link": "https://investor.regeneron.com/news-releases/news-release-details/evkeezar-evinacumab-dgnb-angptl3-antibody-approved-us-children",
    "timestamp": "unknown"
  },
  {
    "title": "YearAllSeptember ,   EDTEvkeeza\u00ae (evinacumab-dgnb) ANGPTL3 Antibody Approved in the U.S. for Children as Young as  Year Old with Ultra-Rare Form of Hi",
    "link": "https://investor.regeneron.com/news-releases/news-release-details/evkeezar-evinacumab-dgnb-angptl3-antibody-approved-us-children",
    "timestamp": "unknown"
  },
  {
    "title": "YearAllSeptember ,   EDTEvkeeza\u00ae (evinacumab-dgnb) ANGPTL3 Antibody Approved in the U.S. for Children as Young as  Year Old with Ultra-Rare Form of Hi",
    "link": "https://investor.regeneron.com/news-releases/news-release-details/evkeezar-evinacumab-dgnb-angptl3-antibody-approved-us-children",
    "timestamp": "unknown"
  },
  {
    "title": "YearAllSeptember ,   EDTEvkeeza\u00ae (evinacumab-dgnb) ANGPTL3 Antibody Approved in the U.S. for Children as Young as  Year Old with Ultra-Rare Form of Hi",
    "link": "https://investor.regeneron.com/news-releases/news-release-details/evkeezar-evinacumab-dgnb-angptl3-antibody-approved-us-children",
    "timestamp": "unknown"
  },
  {
    "title": "YearAllSeptember ,   EDTEvkeeza\u00ae (evinacumab-dgnb) ANGPTL3 Antibody Approved in the U.S. for Children as Young as  Year Old with Ultra-Rare Form of Hi",
    "link": "https://investor.regeneron.com/news-releases/news-release-details/evkeezar-evinacumab-dgnb-angptl3-antibody-approved-us-children",
    "timestamp": "unknown"
  },
  {
    "title": "YearAllSeptember ,   EDTEvkeeza\u00ae (evinacumab-dgnb) ANGPTL3 Antibody Approved in the U.S. for Children as Young as  Year Old with Ultra-Rare Form of Hi",
    "link": "https://investor.regeneron.com/news-releases/news-release-details/evkeezar-evinacumab-dgnb-angptl3-antibody-approved-us-children",
    "timestamp": "unknown"
  },
  {
    "title": "YearAllSeptember ,   EDTEvkeeza\u00ae (evinacumab-dgnb) ANGPTL3 Antibody Approved in the U.S. for Children as Young as  Year Old with Ultra-Rare Form of Hi",
    "link": "https://investor.regeneron.com/news-releases/news-release-details/evkeezar-evinacumab-dgnb-angptl3-antibody-approved-us-children",
    "timestamp": "unknown"
  },
  {
    "title": "YearAllSeptember ,   EDTEvkeeza\u00ae (evinacumab-dgnb) ANGPTL3 Antibody Approved in the U.S. for Children as Young as  Year Old with Ultra-Rare Form of Hi",
    "link": "https://investor.regeneron.com/news-releases/news-release-details/evkeezar-evinacumab-dgnb-angptl3-antibody-approved-us-children",
    "timestamp": "unknown"
  },
  {
    "title": "YearAllSeptember ,   EDTEvkeeza\u00ae (evinacumab-dgnb) ANGPTL3 Antibody Approved in the U.S. for Children as Young as  Year Old with Ultra-Rare Form of Hi",
    "link": "https://investor.regeneron.com/news-releases/news-release-details/evkeezar-evinacumab-dgnb-angptl3-antibody-approved-us-children",
    "timestamp": "unknown"
  },
  {
    "title": "YearAllSeptember ,   EDTEvkeeza\u00ae (evinacumab-dgnb) ANGPTL3 Antibody Approved in the U.S. for Children as Young as  Year Old with Ultra-Rare Form of Hi",
    "link": "https://investor.regeneron.com/news-releases/news-release-details/evkeezar-evinacumab-dgnb-angptl3-antibody-approved-us-children",
    "timestamp": "unknown"
  },
  {
    "title": "YearAllSeptember ,   EDTEvkeeza\u00ae (evinacumab-dgnb) ANGPTL3 Antibody Approved in the U.S. for Children as Young as  Year Old with Ultra-Rare Form of Hi",
    "link": "https://investor.regeneron.com/news-releases/news-release-details/evkeezar-evinacumab-dgnb-angptl3-antibody-approved-us-children",
    "timestamp": "unknown"
  },
  {
    "title": "September ,   EDTEvkeeza\u00ae (evinacumab-dgnb) ANGPTL3 Antibody Approved in the U.S. for Children as Young as  Year Old with Ultra-Rare Form of High Chol",
    "link": "https://investor.regeneron.com/news-releases/news-release-details/evkeezar-evinacumab-dgnb-angptl3-antibody-approved-us-children",
    "timestamp": "unknown"
  },
  {
    "title": "September ,   EDTEvkeeza\u00ae (evinacumab-dgnb) ANGPTL3 Antibody Approved in the U.S. for Children as Young as  Year Old with Ultra-Rare Form of High Chol",
    "link": "https://investor.regeneron.com/news-releases/news-release-details/evkeezar-evinacumab-dgnb-angptl3-antibody-approved-us-children",
    "timestamp": "unknown"
  },
  {
    "title": "Read press release",
    "link": "https://investor.regeneron.com/news-releases/news-release-details/evkeezar-evinacumab-dgnb-angptl3-antibody-approved-us-children",
    "timestamp": "unknown"
  },
  {
    "title": "September ,   EDTDupixent\u00ae (dupilumab) to Treat Chronic Spontaneous Urticaria (CSU) Advances in EU with Positive CHMP OpinionRead press release",
    "link": "https://investor.regeneron.com/news-releases/news-release-details/dupixentr-dupilumab-treat-chronic-spontaneous-urticaria-csu",
    "timestamp": "unknown"
  },
  {
    "title": "Read press release",
    "link": "https://investor.regeneron.com/news-releases/news-release-details/dupixentr-dupilumab-treat-chronic-spontaneous-urticaria-csu",
    "timestamp": "unknown"
  },
  {
    "title": "September ,   EDTRegeneron Donates Ebola Treatment for Use in Countries Most at Risk of OutbreaksRead press release",
    "link": "https://investor.regeneron.com/news-releases/news-release-details/regeneron-donates-ebola-treatment-use-countries-most-risk",
    "timestamp": "unknown"
  },
  {
    "title": "Read press release",
    "link": "https://investor.regeneron.com/news-releases/news-release-details/regeneron-donates-ebola-treatment-use-countries-most-risk",
    "timestamp": "unknown"
  },
  {
    "title": "September ,   EDTResults from Phase  COURAGE Trial Demonstrating Potential to Improve Quality of GLP- receptor agonist-induced Weight Loss by Preservi",
    "link": "https://investor.regeneron.com/news-releases/news-release-details/results-phase--courage-trial-demonstrating-potential-improve",
    "timestamp": "unknown"
  },
  {
    "title": "Read press release",
    "link": "https://investor.regeneron.com/news-releases/news-release-details/results-phase--courage-trial-demonstrating-potential-improve",
    "timestamp": "unknown"
  },
  {
    "title": "September ,   EDTRegeneron Announces Positive Phase  Trial in Adults with Ultra-Rare Genetic Disorder Fibrodysplasia Ossificans Progressiva (FOP), Dem",
    "link": "https://investor.regeneron.com/news-releases/news-release-details/regeneron-announces-positive-phase--trial-adults-ultra-rare",
    "timestamp": "unknown"
  },
  {
    "title": "Read press release",
    "link": "https://investor.regeneron.com/news-releases/news-release-details/regeneron-announces-positive-phase--trial-adults-ultra-rare",
    "timestamp": "unknown"
  },
  {
    "title": "September ,   EDTLibtayo\u00ae (cemiplimab) Plus Chemotherapy Results at Five Years Reinforce Significant and Durable Improvements in Survival Outcomes for",
    "link": "https://investor.regeneron.com/news-releases/news-release-details/libtayor-cemiplimab-plus-chemotherapy-results-five-years",
    "timestamp": "unknown"
  },
  {
    "title": "Read press release",
    "link": "https://investor.regeneron.com/news-releases/news-release-details/libtayor-cemiplimab-plus-chemotherapy-results-five-years",
    "timestamp": "unknown"
  },
  {
    "title": "September ,   EDTRegeneron Advances Allergy Pipeline with Two Positive Phase  Trials Evaluating First-in-Class Antibody-Blockers of Cat and Birch Alle",
    "link": "https://investor.regeneron.com/news-releases/news-release-details/regeneron-advances-allergy-pipeline-two-positive-phase--trials",
    "timestamp": "unknown"
  },
  {
    "title": "Read press release",
    "link": "https://investor.regeneron.com/news-releases/news-release-details/regeneron-advances-allergy-pipeline-two-positive-phase--trials",
    "timestamp": "unknown"
  },
  {
    "title": "September ,   EDTRegeneron Announces Updated Presentation Time for Upcoming Investor ConferenceRead press release",
    "link": "https://investor.regeneron.com/news-releases/news-release-details/regeneron-announces-updated-presentation-time-upcoming-investor",
    "timestamp": "unknown"
  },
  {
    "title": "Read press release",
    "link": "https://investor.regeneron.com/news-releases/news-release-details/regeneron-announces-updated-presentation-time-upcoming-investor",
    "timestamp": "unknown"
  },
  {
    "title": "August ,   EDTRegeneron Announces Positive Results from Phase  Trial in Generalized Myasthenia GravisRead press release",
    "link": "https://investor.regeneron.com/news-releases/news-release-details/regeneron-announces-positive-results-phase--trial-generalized",
    "timestamp": "unknown"
  },
  {
    "title": "Read press release",
    "link": "https://investor.regeneron.com/news-releases/news-release-details/regeneron-announces-positive-results-phase--trial-generalized",
    "timestamp": "unknown"
  },
  {
    "title": "August ,   EDTEYLEA HD\u00ae (aflibercept) Injection  mg Applications for Expanded U.S. Label and Prefilled Syringe Receive FDA Review Period ExtensionRead",
    "link": "https://investor.regeneron.com/news-releases/news-release-details/eylea-hdr-aflibercept-injection--mg-applications-expanded-us",
    "timestamp": "unknown"
  },
  {
    "title": "Read press release",
    "link": "https://investor.regeneron.com/news-releases/news-release-details/eylea-hdr-aflibercept-injection--mg-applications-expanded-us",
    "timestamp": "unknown"
  },
  {
    "title": "PaginationPage:Current pagePagePage\u2026Next\u203aLast page\u00bb",
    "link": "https://investor.regeneron.com/news/press-releases?mobile=&page=",
    "timestamp": "unknown"
  },
  {
    "title": "PaginationPage:Current pagePagePage\u2026Next\u203aLast page\u00bb",
    "link": "https://investor.regeneron.com/news/press-releases?mobile=&page=",
    "timestamp": "unknown"
  },
  {
    "title": "PaginationPage:Current pagePagePage\u2026Next\u203aLast page\u00bb",
    "link": "https://investor.regeneron.com/news/press-releases?mobile=&page=",
    "timestamp": "unknown"
  },
  {
    "title": "Current page",
    "link": "https://investor.regeneron.com/news/press-releases?mobile=&page=",
    "timestamp": "unknown"
  },
  {
    "title": "Page",
    "link": "https://investor.regeneron.com/news/press-releases?mobile=&page=",
    "timestamp": "unknown"
  },
  {
    "title": "Page",
    "link": "https://investor.regeneron.com/news/press-releases?mobile=&page=",
    "timestamp": "unknown"
  },
  {
    "title": "Next\u203a",
    "link": "https://investor.regeneron.com/news/press-releases?mobile=&page=",
    "timestamp": "unknown"
  },
  {
    "title": "Last page\u00bb",
    "link": "https://investor.regeneron.com/news/press-releases?mobile=&page=",
    "timestamp": "unknown"
  },
  {
    "title": "Back to top",
    "link": "https://investor.regeneron.com/news/press-releases",
    "timestamp": "unknown"
  },
  {
    "title": "Contact UsRegeneron.comCareersClinical Trials",
    "link": "https://www.regeneron.com/contact",
    "timestamp": "unknown"
  },
  {
    "title": "Contact Us",
    "link": "https://www.regeneron.com/contact",
    "timestamp": "unknown"
  },
  {
    "title": "Regeneron.com",
    "link": "https://www.regeneron.com/",
    "timestamp": "unknown"
  },
  {
    "title": "Careers",
    "link": "https://careers.regeneron.com/",
    "timestamp": "unknown"
  },
  {
    "title": "Clinical Trials",
    "link": "https://clinicaltrials.regeneron.com/",
    "timestamp": "unknown"
  },
  {
    "title": "Terms of Use",
    "link": "https://www.regeneron.com/terms",
    "timestamp": "unknown"
  },
  {
    "title": "Accessibility Statement",
    "link": "https://www.regeneron.com/accessibility-statement",
    "timestamp": "unknown"
  },
  {
    "title": "Site Map",
    "link": "https://investor.regeneron.com/sitemap",
    "timestamp": "unknown"
  },
  {
    "title": "Social Media TermsPrivacy NoticePrivacy Preference Center",
    "link": "https://www.regeneron.com/social-media-terms",
    "timestamp": "unknown"
  },
  {
    "title": "Social Media TermsPrivacy NoticePrivacy Preference Center",
    "link": "https://www.regeneron.com/social-media-terms",
    "timestamp": "unknown"
  },
  {
    "title": "Social Media Terms",
    "link": "https://www.regeneron.com/social-media-terms",
    "timestamp": "unknown"
  },
  {
    "title": "Privacy Notice",
    "link": "https://www.regeneron.com/privacy-notice",
    "timestamp": "unknown"
  },
  {
    "title": "Privacy Preference Center",
    "link": "https://investor.regeneron.com/news/press-releases#/",
    "timestamp": "unknown"
  },
  {
    "title": "CloseYou are now leaving Investor.Regeneron.com. The site you are about to visit is maintained by a third\n                party who is solely responsi",
    "link": "https://investor.regeneron.com/news/press-releases",
    "timestamp": "unknown"
  },
  {
    "title": "CloseYou are now leaving Investor.Regeneron.com. The site you are about to visit is maintained by a third\n                party who is solely responsi",
    "link": "https://investor.regeneron.com/news/press-releases",
    "timestamp": "unknown"
  },
  {
    "title": "CloseYou are now leaving Investor.Regeneron.com. The site you are about to visit is maintained by a third\n                party who is solely responsi",
    "link": "https://investor.regeneron.com/news/press-releases",
    "timestamp": "unknown"
  },
  {
    "title": "ContinueReturn to Investor.Regeneron.com",
    "link": "https://investor.regeneron.com/news/press-releases",
    "timestamp": "unknown"
  },
  {
    "title": "ContinueReturn to Investor.Regeneron.com",
    "link": "https://investor.regeneron.com/news/press-releases",
    "timestamp": "unknown"
  },
  {
    "title": "Continue",
    "link": "https://investor.regeneron.com/news/press-releases",
    "timestamp": "unknown"
  },
  {
    "title": "CloseYou are now leaving Investor.Regeneron.com to visit another Regeneron website.ContinueReturn to Investor.Regeneron.com",
    "link": "https://investor.regeneron.com/news/press-releases",
    "timestamp": "unknown"
  },
  {
    "title": "CloseYou are now leaving Investor.Regeneron.com to visit another Regeneron website.ContinueReturn to Investor.Regeneron.com",
    "link": "https://investor.regeneron.com/news/press-releases",
    "timestamp": "unknown"
  },
  {
    "title": "CloseYou are now leaving Investor.Regeneron.com to visit another Regeneron website.ContinueReturn to Investor.Regeneron.com",
    "link": "https://investor.regeneron.com/news/press-releases",
    "timestamp": "unknown"
  },
  {
    "title": "ContinueReturn to Investor.Regeneron.com",
    "link": "https://investor.regeneron.com/news/press-releases",
    "timestamp": "unknown"
  },
  {
    "title": "ContinueReturn to Investor.Regeneron.com",
    "link": "https://investor.regeneron.com/news/press-releases",
    "timestamp": "unknown"
  },
  {
    "title": "Continue",
    "link": "https://investor.regeneron.com/news/press-releases",
    "timestamp": "unknown"
  },
  {
    "title": "CloseYou are now leaving Investor.Regeneron.com. The site you are about to visit is maintained by a third\n                party who is solely responsi",
    "link": "https://investor.regeneron.com/news/press-releases",
    "timestamp": "unknown"
  },
  {
    "title": "CloseYou are now leaving Investor.Regeneron.com. The site you are about to visit is maintained by a third\n                party who is solely responsi",
    "link": "https://investor.regeneron.com/news/press-releases",
    "timestamp": "unknown"
  },
  {
    "title": "CloseYou are now leaving Investor.Regeneron.com. The site you are about to visit is maintained by a third\n                party who is solely responsi",
    "link": "https://investor.regeneron.com/news/press-releases",
    "timestamp": "unknown"
  },
  {
    "title": "ContinueReturn to Investor.Regeneron.com",
    "link": "https://investor.regeneron.com/news/press-releases",
    "timestamp": "unknown"
  },
  {
    "title": "ContinueReturn to Investor.Regeneron.com",
    "link": "https://investor.regeneron.com/news/press-releases",
    "timestamp": "unknown"
  },
  {
    "title": "Continue",
    "link": "https://investor.regeneron.com/news/press-releases",
    "timestamp": "unknown"
  },
  {
    "title": "CloseYou are now leaving Investor.Regeneron.com to visit another Regeneron website.ContinueReturn to Investor.Regeneron.com",
    "link": "https://investor.regeneron.com/news/press-releases",
    "timestamp": "unknown"
  },
  {
    "title": "CloseYou are now leaving Investor.Regeneron.com to visit another Regeneron website.ContinueReturn to Investor.Regeneron.com",
    "link": "https://investor.regeneron.com/news/press-releases",
    "timestamp": "unknown"
  },
  {
    "title": "CloseYou are now leaving Investor.Regeneron.com to visit another Regeneron website.ContinueReturn to Investor.Regeneron.com",
    "link": "https://investor.regeneron.com/news/press-releases",
    "timestamp": "unknown"
  },
  {
    "title": "ContinueReturn to Investor.Regeneron.com",
    "link": "https://investor.regeneron.com/news/press-releases",
    "timestamp": "unknown"
  },
  {
    "title": "ContinueReturn to Investor.Regeneron.com",
    "link": "https://investor.regeneron.com/news/press-releases",
    "timestamp": "unknown"
  },
  {
    "title": "Continue",
    "link": "https://investor.regeneron.com/news/press-releases",
    "timestamp": "unknown"
  }
]