[
  {
    "title": "Regeneron.comContact UsSearchOpen Search BarNewsEvents &PresentationsStockInformationFinancialsGovernanceResourcesNewsEvents & PresentationsStock Info",
    "link": "https://investor.regeneron.com/",
    "timestamp": "unknown"
  },
  {
    "title": "Regeneron.comContact UsSearchOpen Search BarNewsEvents &PresentationsStockInformationFinancialsGovernanceResources",
    "link": "https://investor.regeneron.com/",
    "timestamp": "unknown"
  },
  {
    "title": "Regeneron.comContact UsSearchOpen Search Bar",
    "link": "https://investor.regeneron.com/",
    "timestamp": "unknown"
  },
  {
    "title": "Regeneron.comContact UsSearchOpen Search Bar",
    "link": "https://investor.regeneron.com/",
    "timestamp": "unknown"
  },
  {
    "title": "Regeneron.comContact UsSearchOpen Search Bar",
    "link": "https://investor.regeneron.com/",
    "timestamp": "unknown"
  },
  {
    "title": "Regeneron.comContact Us",
    "link": "https://regeneron.com/",
    "timestamp": "unknown"
  },
  {
    "title": "NewsEvents &PresentationsStockInformationFinancialsGovernanceResources",
    "link": "https://investor.regeneron.com/",
    "timestamp": "unknown"
  },
  {
    "title": "NewsEvents &PresentationsStockInformationFinancialsGovernanceResources",
    "link": "https://investor.regeneron.com/",
    "timestamp": "unknown"
  },
  {
    "title": "NewsEvents &PresentationsStockInformationFinancialsGovernanceResources",
    "link": "https://investor.regeneron.com/",
    "timestamp": "unknown"
  },
  {
    "title": "NewsEvents &PresentationsStockInformationFinancialsGovernanceResources",
    "link": "https://investor.regeneron.com/",
    "timestamp": "unknown"
  },
  {
    "title": "NewsEvents & PresentationsStock InformationFinancialsGovernanceResourcesReturn to Top LevelPress ReleasesMedia StatementsReturn to Top LevelUpcoming &",
    "link": "https://investor.regeneron.com/events-and-presentations/events-and-recent",
    "timestamp": "unknown"
  },
  {
    "title": "NewsEvents & PresentationsStock InformationFinancialsGovernanceResources",
    "link": "https://investor.regeneron.com/events-and-presentations/events-and-recent",
    "timestamp": "unknown"
  },
  {
    "title": "NewsEvents & PresentationsStock InformationFinancialsGovernanceResources",
    "link": "https://investor.regeneron.com/events-and-presentations/events-and-recent",
    "timestamp": "unknown"
  },
  {
    "title": "Return to Top LevelPress ReleasesMedia StatementsReturn to Top LevelUpcoming & RecentArchiveReturn to Top LevelStock InformationHistoric Price LookupI",
    "link": "https://investor.regeneron.com/news/press-releases",
    "timestamp": "unknown"
  },
  {
    "title": "Return to Top LevelPress ReleasesMedia Statements",
    "link": "https://investor.regeneron.com/news/press-releases",
    "timestamp": "unknown"
  },
  {
    "title": "Return to Top LevelUpcoming & RecentArchive",
    "link": "https://investor.regeneron.com/events-and-presentations/events-and-recent",
    "timestamp": "unknown"
  },
  {
    "title": "Return to Top LevelStock InformationHistoric Price LookupInvestment CalculatorOwnership Profile",
    "link": "https://investor.regeneron.com/stock-information",
    "timestamp": "unknown"
  },
  {
    "title": "Return to Top LevelFinancial InformationSEC FilingsAnnual Reports & Proxy StatementsQuarterly Results",
    "link": "https://investor.regeneron.com/financials/overview",
    "timestamp": "unknown"
  },
  {
    "title": "Return to Top LevelGovernance DocumentsCorporate ResponsibilityCommittee CompositionContact the BoardInsider Transactions",
    "link": "https://investor.regeneron.com/governance/governance-documents",
    "timestamp": "unknown"
  },
  {
    "title": "Return to Top LevelFAQsPipelineOur Medicines",
    "link": "https://investor.regeneron.com/resources/investor-faqs",
    "timestamp": "unknown"
  },
  {
    "title": "Regeneron.comContact Us",
    "link": "https://regeneron.com/",
    "timestamp": "unknown"
  },
  {
    "title": "Events & Presentations/Upcoming & Recent/Upcoming & RecentUpcoming & Recent",
    "link": "https://investor.regeneron.com/events-and-presentations/events-and-recent",
    "timestamp": "unknown"
  },
  {
    "title": "Events & Presentations/Upcoming & Recent/Upcoming & RecentUpcoming & Recent",
    "link": "https://investor.regeneron.com/events-and-presentations/events-and-recent",
    "timestamp": "unknown"
  },
  {
    "title": "Events & Presentations/Upcoming & Recent/Upcoming & Recent",
    "link": "https://investor.regeneron.com/events-and-presentations/events-and-recent",
    "timestamp": "unknown"
  },
  {
    "title": "Events & Presentations/Upcoming & Recent/Upcoming & Recent",
    "link": "https://investor.regeneron.com/events-and-presentations/events-and-recent",
    "timestamp": "unknown"
  },
  {
    "title": "Events & Presentations/Upcoming & Recent/Upcoming & Recent",
    "link": "https://investor.regeneron.com/events-and-presentations/events-and-recent",
    "timestamp": "unknown"
  },
  {
    "title": "RecentJan ,ESTRegeneron Pharmaceuticals Q4  Earnings Conference CallListen to the Regeneron Pharmaceuticals Q4  Earnings Conference Call webcastREGN J",
    "link": "https://investor.regeneron.com/events/event-details/regeneron-pharmaceuticals-q4--earnings-conference-call",
    "timestamp": "unknown"
  },
  {
    "title": "RecentJan ,ESTRegeneron Pharmaceuticals Q4  Earnings Conference CallListen to the Regeneron Pharmaceuticals Q4  Earnings Conference Call webcastREGN J",
    "link": "https://investor.regeneron.com/events/event-details/regeneron-pharmaceuticals-q4--earnings-conference-call",
    "timestamp": "unknown"
  },
  {
    "title": "RecentJan ,ESTRegeneron Pharmaceuticals Q4  Earnings Conference CallListen to the Regeneron Pharmaceuticals Q4  Earnings Conference Call webcastREGN J",
    "link": "https://investor.regeneron.com/events/event-details/regeneron-pharmaceuticals-q4--earnings-conference-call",
    "timestamp": "unknown"
  },
  {
    "title": "RecentJan ,ESTRegeneron Pharmaceuticals Q4  Earnings Conference CallListen to the Regeneron Pharmaceuticals Q4  Earnings Conference Call webcastREGN J",
    "link": "https://investor.regeneron.com/events/event-details/regeneron-pharmaceuticals-q4--earnings-conference-call",
    "timestamp": "unknown"
  },
  {
    "title": "RecentJan ,ESTRegeneron Pharmaceuticals Q4  Earnings Conference CallListen to the Regeneron Pharmaceuticals Q4  Earnings Conference Call webcastREGN J",
    "link": "https://investor.regeneron.com/events/event-details/regeneron-pharmaceuticals-q4--earnings-conference-call",
    "timestamp": "unknown"
  },
  {
    "title": "RecentJan ,ESTRegeneron Pharmaceuticals Q4  Earnings Conference CallListen to the Regeneron Pharmaceuticals Q4  Earnings Conference Call webcastREGN J",
    "link": "https://investor.regeneron.com/events/event-details/regeneron-pharmaceuticals-q4--earnings-conference-call",
    "timestamp": "unknown"
  },
  {
    "title": "RecentJan ,ESTRegeneron Pharmaceuticals Q4  Earnings Conference CallListen to the Regeneron Pharmaceuticals Q4  Earnings Conference Call webcastREGN J",
    "link": "https://investor.regeneron.com/events/event-details/regeneron-pharmaceuticals-q4--earnings-conference-call",
    "timestamp": "unknown"
  },
  {
    "title": "RecentJan ,ESTRegeneron Pharmaceuticals Q4  Earnings Conference CallListen to the Regeneron Pharmaceuticals Q4  Earnings Conference Call webcastREGN J",
    "link": "https://investor.regeneron.com/events/event-details/regeneron-pharmaceuticals-q4--earnings-conference-call",
    "timestamp": "unknown"
  },
  {
    "title": "RecentJan ,ESTRegeneron Pharmaceuticals Q4  Earnings Conference CallListen to the Regeneron Pharmaceuticals Q4  Earnings Conference Call webcastREGN J",
    "link": "https://investor.regeneron.com/events/event-details/regeneron-pharmaceuticals-q4--earnings-conference-call",
    "timestamp": "unknown"
  },
  {
    "title": "RecentJan ,ESTRegeneron Pharmaceuticals Q4  Earnings Conference CallListen to the Regeneron Pharmaceuticals Q4  Earnings Conference Call webcastREGN J",
    "link": "https://investor.regeneron.com/events/event-details/regeneron-pharmaceuticals-q4--earnings-conference-call",
    "timestamp": "unknown"
  },
  {
    "title": "RecentJan ,ESTRegeneron Pharmaceuticals Q4  Earnings Conference CallListen to the Regeneron Pharmaceuticals Q4  Earnings Conference Call webcastREGN J",
    "link": "https://investor.regeneron.com/events/event-details/regeneron-pharmaceuticals-q4--earnings-conference-call",
    "timestamp": "unknown"
  },
  {
    "title": "RecentJan ,ESTRegeneron Pharmaceuticals Q4  Earnings Conference CallListen to the Regeneron Pharmaceuticals Q4  Earnings Conference Call webcastREGN J",
    "link": "https://investor.regeneron.com/events/event-details/regeneron-pharmaceuticals-q4--earnings-conference-call",
    "timestamp": "unknown"
  },
  {
    "title": "RecentJan ,ESTRegeneron Pharmaceuticals Q4  Earnings Conference CallListen to the Regeneron Pharmaceuticals Q4  Earnings Conference Call webcastREGN J",
    "link": "https://investor.regeneron.com/events/event-details/regeneron-pharmaceuticals-q4--earnings-conference-call",
    "timestamp": "unknown"
  },
  {
    "title": "RecentJan ,ESTRegeneron Pharmaceuticals Q4  Earnings Conference CallListen to the Regeneron Pharmaceuticals Q4  Earnings Conference Call webcastREGN J",
    "link": "https://investor.regeneron.com/events/event-details/regeneron-pharmaceuticals-q4--earnings-conference-call",
    "timestamp": "unknown"
  },
  {
    "title": "RecentJan ,ESTRegeneron Pharmaceuticals Q4  Earnings Conference CallListen to the Regeneron Pharmaceuticals Q4  Earnings Conference Call webcastREGN J",
    "link": "https://investor.regeneron.com/events/event-details/regeneron-pharmaceuticals-q4--earnings-conference-call",
    "timestamp": "unknown"
  },
  {
    "title": "RecentJan ,ESTRegeneron Pharmaceuticals Q4  Earnings Conference CallListen to the Regeneron Pharmaceuticals Q4  Earnings Conference Call webcastREGN J",
    "link": "https://investor.regeneron.com/events/event-details/regeneron-pharmaceuticals-q4--earnings-conference-call",
    "timestamp": "unknown"
  },
  {
    "title": "RecentJan ,ESTRegeneron Pharmaceuticals Q4  Earnings Conference CallListen to the Regeneron Pharmaceuticals Q4  Earnings Conference Call webcastREGN J",
    "link": "https://investor.regeneron.com/events/event-details/regeneron-pharmaceuticals-q4--earnings-conference-call",
    "timestamp": "unknown"
  },
  {
    "title": "RecentJan ,ESTRegeneron Pharmaceuticals Q4  Earnings Conference CallListen to the Regeneron Pharmaceuticals Q4  Earnings Conference Call webcastREGN J",
    "link": "https://investor.regeneron.com/events/event-details/regeneron-pharmaceuticals-q4--earnings-conference-call",
    "timestamp": "unknown"
  },
  {
    "title": "RecentJan ,ESTRegeneron Pharmaceuticals Q4  Earnings Conference CallListen to the Regeneron Pharmaceuticals Q4  Earnings Conference Call webcastREGN J",
    "link": "https://investor.regeneron.com/events/event-details/regeneron-pharmaceuticals-q4--earnings-conference-call",
    "timestamp": "unknown"
  },
  {
    "title": "Jan ,ESTRegeneron Pharmaceuticals Q4  Earnings Conference CallListen to the Regeneron Pharmaceuticals Q4  Earnings Conference Call webcastREGN January",
    "link": "https://investor.regeneron.com/events/event-details/regeneron-pharmaceuticals-q4--earnings-conference-call",
    "timestamp": "unknown"
  },
  {
    "title": "Regeneron Pharmaceuticals Q4  Earnings Conference Call",
    "link": "https://investor.regeneron.com/events/event-details/regeneron-pharmaceuticals-q4--earnings-conference-call",
    "timestamp": "unknown"
  },
  {
    "title": "Listen to the Regeneron Pharmaceuticals Q4  Earnings Conference Call webcast",
    "link": "https://edge.media-server.com/mmc/p/yy5tpzof",
    "timestamp": "unknown"
  },
  {
    "title": "Listen to the Regeneron Pharmaceuticals Q4  Earnings Conference Call webcast",
    "link": "https://edge.media-server.com/mmc/p/yy5tpzof",
    "timestamp": "unknown"
  },
  {
    "title": "Listen to the Regeneron Pharmaceuticals Q4  Earnings Conference Call webcast",
    "link": "https://edge.media-server.com/mmc/p/yy5tpzof",
    "timestamp": "unknown"
  },
  {
    "title": "REGN January  Corporate Presentation. MBTranscript. KB",
    "link": "https://investor.regeneron.com/static-files/a25766ce-cb49-4d8e-923b-56b403f3b063",
    "timestamp": "unknown"
  },
  {
    "title": "REGN January  Corporate Presentation. MBTranscript. KB",
    "link": "https://investor.regeneron.com/static-files/a25766ce-cb49-4d8e-923b-56b403f3b063",
    "timestamp": "unknown"
  },
  {
    "title": "REGN January  Corporate Presentation. MBTranscript. KB",
    "link": "https://investor.regeneron.com/static-files/a25766ce-cb49-4d8e-923b-56b403f3b063",
    "timestamp": "unknown"
  },
  {
    "title": "REGN January  Corporate Presentation. MB",
    "link": "https://investor.regeneron.com/static-files/a25766ce-cb49-4d8e-923b-56b403f3b063",
    "timestamp": "unknown"
  },
  {
    "title": "REGN January  Corporate Presentation. MB",
    "link": "https://investor.regeneron.com/static-files/a25766ce-cb49-4d8e-923b-56b403f3b063",
    "timestamp": "unknown"
  },
  {
    "title": "REGN January  Corporate Presentation. MB",
    "link": "https://investor.regeneron.com/static-files/a25766ce-cb49-4d8e-923b-56b403f3b063",
    "timestamp": "unknown"
  },
  {
    "title": "REGN January  Corporate Presentation. MB",
    "link": "https://investor.regeneron.com/static-files/a25766ce-cb49-4d8e-923b-56b403f3b063",
    "timestamp": "unknown"
  },
  {
    "title": "REGN January  Corporate Presentation. MB",
    "link": "https://investor.regeneron.com/static-files/a25766ce-cb49-4d8e-923b-56b403f3b063",
    "timestamp": "unknown"
  },
  {
    "title": "REGN January  Corporate Presentation. MB",
    "link": "https://investor.regeneron.com/static-files/a25766ce-cb49-4d8e-923b-56b403f3b063",
    "timestamp": "unknown"
  },
  {
    "title": "REGN January  Corporate Presentation. MB",
    "link": "https://investor.regeneron.com/static-files/a25766ce-cb49-4d8e-923b-56b403f3b063",
    "timestamp": "unknown"
  },
  {
    "title": "Transcript. KB",
    "link": "https://investor.regeneron.com/static-files/e1a0c96b-d854-4adb--a2c5ae2e4f70",
    "timestamp": "unknown"
  },
  {
    "title": "Transcript. KB",
    "link": "https://investor.regeneron.com/static-files/e1a0c96b-d854-4adb--a2c5ae2e4f70",
    "timestamp": "unknown"
  },
  {
    "title": "Transcript. KB",
    "link": "https://investor.regeneron.com/static-files/e1a0c96b-d854-4adb--a2c5ae2e4f70",
    "timestamp": "unknown"
  },
  {
    "title": "Transcript. KB",
    "link": "https://investor.regeneron.com/static-files/e1a0c96b-d854-4adb--a2c5ae2e4f70",
    "timestamp": "unknown"
  },
  {
    "title": "Transcript. KB",
    "link": "https://investor.regeneron.com/static-files/e1a0c96b-d854-4adb--a2c5ae2e4f70",
    "timestamp": "unknown"
  },
  {
    "title": "Transcript. KB",
    "link": "https://investor.regeneron.com/static-files/e1a0c96b-d854-4adb--a2c5ae2e4f70",
    "timestamp": "unknown"
  },
  {
    "title": "Transcript. KB",
    "link": "https://investor.regeneron.com/static-files/e1a0c96b-d854-4adb--a2c5ae2e4f70",
    "timestamp": "unknown"
  },
  {
    "title": "Jan ,EST44th Annual J.P. Morgan Healthcare ConferenceListen to 44th Annual J.P. Morgan Healthcare Conference WebcastView Presentation. MBTranscript. K",
    "link": "https://investor.regeneron.com/events/event-details/44th-annual-jp-morgan-healthcare-conference",
    "timestamp": "unknown"
  },
  {
    "title": "44th Annual J.P. Morgan Healthcare Conference",
    "link": "https://investor.regeneron.com/events/event-details/44th-annual-jp-morgan-healthcare-conference",
    "timestamp": "unknown"
  },
  {
    "title": "Listen to 44th Annual J.P. Morgan Healthcare Conference Webcast",
    "link": "https://jpmorgan.metameetings.net/events/healthcare26/sessions/-regeneron-pharmaceuticals-inc/webcast?gpu_only=true&kiosk=true",
    "timestamp": "unknown"
  },
  {
    "title": "Listen to 44th Annual J.P. Morgan Healthcare Conference Webcast",
    "link": "https://jpmorgan.metameetings.net/events/healthcare26/sessions/-regeneron-pharmaceuticals-inc/webcast?gpu_only=true&kiosk=true",
    "timestamp": "unknown"
  },
  {
    "title": "Listen to 44th Annual J.P. Morgan Healthcare Conference Webcast",
    "link": "https://jpmorgan.metameetings.net/events/healthcare26/sessions/-regeneron-pharmaceuticals-inc/webcast?gpu_only=true&kiosk=true",
    "timestamp": "unknown"
  },
  {
    "title": "View Presentation. MBTranscript. KB",
    "link": "https://investor.regeneron.com/static-files/afaee510-5a11-44df-ad2b-c953a55cd65e",
    "timestamp": "unknown"
  },
  {
    "title": "View Presentation. MBTranscript. KB",
    "link": "https://investor.regeneron.com/static-files/afaee510-5a11-44df-ad2b-c953a55cd65e",
    "timestamp": "unknown"
  },
  {
    "title": "View Presentation. MBTranscript. KB",
    "link": "https://investor.regeneron.com/static-files/afaee510-5a11-44df-ad2b-c953a55cd65e",
    "timestamp": "unknown"
  },
  {
    "title": "View Presentation. MB",
    "link": "https://investor.regeneron.com/static-files/afaee510-5a11-44df-ad2b-c953a55cd65e",
    "timestamp": "unknown"
  },
  {
    "title": "View Presentation. MB",
    "link": "https://investor.regeneron.com/static-files/afaee510-5a11-44df-ad2b-c953a55cd65e",
    "timestamp": "unknown"
  },
  {
    "title": "View Presentation. MB",
    "link": "https://investor.regeneron.com/static-files/afaee510-5a11-44df-ad2b-c953a55cd65e",
    "timestamp": "unknown"
  },
  {
    "title": "View Presentation. MB",
    "link": "https://investor.regeneron.com/static-files/afaee510-5a11-44df-ad2b-c953a55cd65e",
    "timestamp": "unknown"
  },
  {
    "title": "View Presentation. MB",
    "link": "https://investor.regeneron.com/static-files/afaee510-5a11-44df-ad2b-c953a55cd65e",
    "timestamp": "unknown"
  },
  {
    "title": "View Presentation. MB",
    "link": "https://investor.regeneron.com/static-files/afaee510-5a11-44df-ad2b-c953a55cd65e",
    "timestamp": "unknown"
  },
  {
    "title": "View Presentation. MB",
    "link": "https://investor.regeneron.com/static-files/afaee510-5a11-44df-ad2b-c953a55cd65e",
    "timestamp": "unknown"
  },
  {
    "title": "Transcript. KB",
    "link": "https://investor.regeneron.com/static-files/718ea4f2-7a0f--bf91-a701ead1cc44",
    "timestamp": "unknown"
  },
  {
    "title": "Transcript. KB",
    "link": "https://investor.regeneron.com/static-files/718ea4f2-7a0f--bf91-a701ead1cc44",
    "timestamp": "unknown"
  },
  {
    "title": "Transcript. KB",
    "link": "https://investor.regeneron.com/static-files/718ea4f2-7a0f--bf91-a701ead1cc44",
    "timestamp": "unknown"
  },
  {
    "title": "Transcript. KB",
    "link": "https://investor.regeneron.com/static-files/718ea4f2-7a0f--bf91-a701ead1cc44",
    "timestamp": "unknown"
  },
  {
    "title": "Transcript. KB",
    "link": "https://investor.regeneron.com/static-files/718ea4f2-7a0f--bf91-a701ead1cc44",
    "timestamp": "unknown"
  },
  {
    "title": "Transcript. KB",
    "link": "https://investor.regeneron.com/static-files/718ea4f2-7a0f--bf91-a701ead1cc44",
    "timestamp": "unknown"
  },
  {
    "title": "Transcript. KB",
    "link": "https://investor.regeneron.com/static-files/718ea4f2-7a0f--bf91-a701ead1cc44",
    "timestamp": "unknown"
  },
  {
    "title": "Dec ,ESTRegeneron Roundtable: LynozyficListen to the Regeneron Roundtable webcastRegeneron Roundtable: Lynozyfic Presentation. MBTranscript. KB",
    "link": "https://investor.regeneron.com/events/event-details/regeneron-roundtable-lynozyfic",
    "timestamp": "unknown"
  },
  {
    "title": "Regeneron Roundtable: Lynozyfic",
    "link": "https://investor.regeneron.com/events/event-details/regeneron-roundtable-lynozyfic",
    "timestamp": "unknown"
  },
  {
    "title": "Listen to the Regeneron Roundtable webcast",
    "link": "https://edge.media-server.com/mmc/p/5xotcdfs/",
    "timestamp": "unknown"
  },
  {
    "title": "Listen to the Regeneron Roundtable webcast",
    "link": "https://edge.media-server.com/mmc/p/5xotcdfs/",
    "timestamp": "unknown"
  },
  {
    "title": "Listen to the Regeneron Roundtable webcast",
    "link": "https://edge.media-server.com/mmc/p/5xotcdfs/",
    "timestamp": "unknown"
  },
  {
    "title": "Regeneron Roundtable: Lynozyfic Presentation. MBTranscript. KB",
    "link": "https://investor.regeneron.com/static-files/9379b293-d648-4d0d-aa82-7ae7c016d951",
    "timestamp": "unknown"
  },
  {
    "title": "Regeneron Roundtable: Lynozyfic Presentation. MBTranscript. KB",
    "link": "https://investor.regeneron.com/static-files/9379b293-d648-4d0d-aa82-7ae7c016d951",
    "timestamp": "unknown"
  },
  {
    "title": "Regeneron Roundtable: Lynozyfic Presentation. MBTranscript. KB",
    "link": "https://investor.regeneron.com/static-files/9379b293-d648-4d0d-aa82-7ae7c016d951",
    "timestamp": "unknown"
  },
  {
    "title": "Regeneron Roundtable: Lynozyfic Presentation. MB",
    "link": "https://investor.regeneron.com/static-files/9379b293-d648-4d0d-aa82-7ae7c016d951",
    "timestamp": "unknown"
  },
  {
    "title": "Regeneron Roundtable: Lynozyfic Presentation. MB",
    "link": "https://investor.regeneron.com/static-files/9379b293-d648-4d0d-aa82-7ae7c016d951",
    "timestamp": "unknown"
  },
  {
    "title": "Regeneron Roundtable: Lynozyfic Presentation. MB",
    "link": "https://investor.regeneron.com/static-files/9379b293-d648-4d0d-aa82-7ae7c016d951",
    "timestamp": "unknown"
  },
  {
    "title": "Regeneron Roundtable: Lynozyfic Presentation. MB",
    "link": "https://investor.regeneron.com/static-files/9379b293-d648-4d0d-aa82-7ae7c016d951",
    "timestamp": "unknown"
  },
  {
    "title": "Regeneron Roundtable: Lynozyfic Presentation. MB",
    "link": "https://investor.regeneron.com/static-files/9379b293-d648-4d0d-aa82-7ae7c016d951",
    "timestamp": "unknown"
  },
  {
    "title": "Regeneron Roundtable: Lynozyfic Presentation. MB",
    "link": "https://investor.regeneron.com/static-files/9379b293-d648-4d0d-aa82-7ae7c016d951",
    "timestamp": "unknown"
  },
  {
    "title": "Regeneron Roundtable: Lynozyfic Presentation. MB",
    "link": "https://investor.regeneron.com/static-files/9379b293-d648-4d0d-aa82-7ae7c016d951",
    "timestamp": "unknown"
  },
  {
    "title": "Transcript. KB",
    "link": "https://investor.regeneron.com/static-files/eb991265-ee09-44dd-8d87-bec063593225",
    "timestamp": "unknown"
  },
  {
    "title": "Transcript. KB",
    "link": "https://investor.regeneron.com/static-files/eb991265-ee09-44dd-8d87-bec063593225",
    "timestamp": "unknown"
  },
  {
    "title": "Transcript. KB",
    "link": "https://investor.regeneron.com/static-files/eb991265-ee09-44dd-8d87-bec063593225",
    "timestamp": "unknown"
  },
  {
    "title": "Transcript. KB",
    "link": "https://investor.regeneron.com/static-files/eb991265-ee09-44dd-8d87-bec063593225",
    "timestamp": "unknown"
  },
  {
    "title": "Transcript. KB",
    "link": "https://investor.regeneron.com/static-files/eb991265-ee09-44dd-8d87-bec063593225",
    "timestamp": "unknown"
  },
  {
    "title": "Transcript. KB",
    "link": "https://investor.regeneron.com/static-files/eb991265-ee09-44dd-8d87-bec063593225",
    "timestamp": "unknown"
  },
  {
    "title": "Transcript. KB",
    "link": "https://investor.regeneron.com/static-files/eb991265-ee09-44dd-8d87-bec063593225",
    "timestamp": "unknown"
  },
  {
    "title": "Dec ,ESTCiti  Global Healthcare ConferenceListen to Citi  Global Healthcare Conference webcastTranscript. KB",
    "link": "https://investor.regeneron.com/events/event-details/citi--global-healthcare-conference",
    "timestamp": "unknown"
  },
  {
    "title": "Citi  Global Healthcare Conference",
    "link": "https://investor.regeneron.com/events/event-details/citi--global-healthcare-conference",
    "timestamp": "unknown"
  },
  {
    "title": "Listen to Citi  Global Healthcare Conference webcast",
    "link": "https://kvgo.com/global-healthcare-conference-/regeneron-pharma-december-",
    "timestamp": "unknown"
  },
  {
    "title": "Listen to Citi  Global Healthcare Conference webcast",
    "link": "https://kvgo.com/global-healthcare-conference-/regeneron-pharma-december-",
    "timestamp": "unknown"
  },
  {
    "title": "Listen to Citi  Global Healthcare Conference webcast",
    "link": "https://kvgo.com/global-healthcare-conference-/regeneron-pharma-december-",
    "timestamp": "unknown"
  },
  {
    "title": "Transcript. KB",
    "link": "https://investor.regeneron.com/static-files/10d104af-bbc9--a61b-0b1aead8eab1",
    "timestamp": "unknown"
  },
  {
    "title": "Transcript. KB",
    "link": "https://investor.regeneron.com/static-files/10d104af-bbc9--a61b-0b1aead8eab1",
    "timestamp": "unknown"
  },
  {
    "title": "Transcript. KB",
    "link": "https://investor.regeneron.com/static-files/10d104af-bbc9--a61b-0b1aead8eab1",
    "timestamp": "unknown"
  },
  {
    "title": "Transcript. KB",
    "link": "https://investor.regeneron.com/static-files/10d104af-bbc9--a61b-0b1aead8eab1",
    "timestamp": "unknown"
  },
  {
    "title": "Transcript. KB",
    "link": "https://investor.regeneron.com/static-files/10d104af-bbc9--a61b-0b1aead8eab1",
    "timestamp": "unknown"
  },
  {
    "title": "Transcript. KB",
    "link": "https://investor.regeneron.com/static-files/10d104af-bbc9--a61b-0b1aead8eab1",
    "timestamp": "unknown"
  },
  {
    "title": "Transcript. KB",
    "link": "https://investor.regeneron.com/static-files/10d104af-bbc9--a61b-0b1aead8eab1",
    "timestamp": "unknown"
  },
  {
    "title": "Transcript. KB",
    "link": "https://investor.regeneron.com/static-files/10d104af-bbc9--a61b-0b1aead8eab1",
    "timestamp": "unknown"
  },
  {
    "title": "Transcript. KB",
    "link": "https://investor.regeneron.com/static-files/10d104af-bbc9--a61b-0b1aead8eab1",
    "timestamp": "unknown"
  },
  {
    "title": "Transcript. KB",
    "link": "https://investor.regeneron.com/static-files/10d104af-bbc9--a61b-0b1aead8eab1",
    "timestamp": "unknown"
  },
  {
    "title": "Dec ,EST8th Annual Evercore Healthcare ConferenceListen to the 8th Annual Evercore Healthcare Conference webcastTranscript. KB",
    "link": "https://investor.regeneron.com/events/event-details/8th-annual-evercore-healthcare-conference",
    "timestamp": "unknown"
  },
  {
    "title": "8th Annual Evercore Healthcare Conference",
    "link": "https://investor.regeneron.com/events/event-details/8th-annual-evercore-healthcare-conference",
    "timestamp": "unknown"
  },
  {
    "title": "Listen to the 8th Annual Evercore Healthcare Conference webcast",
    "link": "https://wsw.com/webcast/evercore52/regn/",
    "timestamp": "unknown"
  },
  {
    "title": "Listen to the 8th Annual Evercore Healthcare Conference webcast",
    "link": "https://wsw.com/webcast/evercore52/regn/",
    "timestamp": "unknown"
  },
  {
    "title": "Listen to the 8th Annual Evercore Healthcare Conference webcast",
    "link": "https://wsw.com/webcast/evercore52/regn/",
    "timestamp": "unknown"
  },
  {
    "title": "Transcript. KB",
    "link": "https://investor.regeneron.com/static-files/5c976cd9--4d3b-9d34-06258c431793",
    "timestamp": "unknown"
  },
  {
    "title": "Transcript. KB",
    "link": "https://investor.regeneron.com/static-files/5c976cd9--4d3b-9d34-06258c431793",
    "timestamp": "unknown"
  },
  {
    "title": "Transcript. KB",
    "link": "https://investor.regeneron.com/static-files/5c976cd9--4d3b-9d34-06258c431793",
    "timestamp": "unknown"
  },
  {
    "title": "Transcript. KB",
    "link": "https://investor.regeneron.com/static-files/5c976cd9--4d3b-9d34-06258c431793",
    "timestamp": "unknown"
  },
  {
    "title": "Transcript. KB",
    "link": "https://investor.regeneron.com/static-files/5c976cd9--4d3b-9d34-06258c431793",
    "timestamp": "unknown"
  },
  {
    "title": "Transcript. KB",
    "link": "https://investor.regeneron.com/static-files/5c976cd9--4d3b-9d34-06258c431793",
    "timestamp": "unknown"
  },
  {
    "title": "Transcript. KB",
    "link": "https://investor.regeneron.com/static-files/5c976cd9--4d3b-9d34-06258c431793",
    "timestamp": "unknown"
  },
  {
    "title": "Transcript. KB",
    "link": "https://investor.regeneron.com/static-files/5c976cd9--4d3b-9d34-06258c431793",
    "timestamp": "unknown"
  },
  {
    "title": "Transcript. KB",
    "link": "https://investor.regeneron.com/static-files/5c976cd9--4d3b-9d34-06258c431793",
    "timestamp": "unknown"
  },
  {
    "title": "Transcript. KB",
    "link": "https://investor.regeneron.com/static-files/5c976cd9--4d3b-9d34-06258c431793",
    "timestamp": "unknown"
  },
  {
    "title": "Nov ,ESTJefferies London Healthcare ConferenceListen to Jefferies London Healthcare Conference webcastTranscript. KB",
    "link": "https://investor.regeneron.com/events/event-details/jefferies-london-healthcare-conference-",
    "timestamp": "unknown"
  },
  {
    "title": "Jefferies London Healthcare Conference",
    "link": "https://investor.regeneron.com/events/event-details/jefferies-london-healthcare-conference-",
    "timestamp": "unknown"
  },
  {
    "title": "Listen to Jefferies London Healthcare Conference webcast",
    "link": "https://wsw.com/webcast/jeff332/regn/",
    "timestamp": "unknown"
  },
  {
    "title": "Listen to Jefferies London Healthcare Conference webcast",
    "link": "https://wsw.com/webcast/jeff332/regn/",
    "timestamp": "unknown"
  },
  {
    "title": "Listen to Jefferies London Healthcare Conference webcast",
    "link": "https://wsw.com/webcast/jeff332/regn/",
    "timestamp": "unknown"
  },
  {
    "title": "Transcript. KB",
    "link": "https://investor.regeneron.com/static-files/77f9574e-de62-4a69-93ef-6742719a9467",
    "timestamp": "unknown"
  },
  {
    "title": "Transcript. KB",
    "link": "https://investor.regeneron.com/static-files/77f9574e-de62-4a69-93ef-6742719a9467",
    "timestamp": "unknown"
  },
  {
    "title": "Transcript. KB",
    "link": "https://investor.regeneron.com/static-files/77f9574e-de62-4a69-93ef-6742719a9467",
    "timestamp": "unknown"
  },
  {
    "title": "Transcript. KB",
    "link": "https://investor.regeneron.com/static-files/77f9574e-de62-4a69-93ef-6742719a9467",
    "timestamp": "unknown"
  },
  {
    "title": "Transcript. KB",
    "link": "https://investor.regeneron.com/static-files/77f9574e-de62-4a69-93ef-6742719a9467",
    "timestamp": "unknown"
  },
  {
    "title": "Transcript. KB",
    "link": "https://investor.regeneron.com/static-files/77f9574e-de62-4a69-93ef-6742719a9467",
    "timestamp": "unknown"
  },
  {
    "title": "Transcript. KB",
    "link": "https://investor.regeneron.com/static-files/77f9574e-de62-4a69-93ef-6742719a9467",
    "timestamp": "unknown"
  },
  {
    "title": "Transcript. KB",
    "link": "https://investor.regeneron.com/static-files/77f9574e-de62-4a69-93ef-6742719a9467",
    "timestamp": "unknown"
  },
  {
    "title": "Transcript. KB",
    "link": "https://investor.regeneron.com/static-files/77f9574e-de62-4a69-93ef-6742719a9467",
    "timestamp": "unknown"
  },
  {
    "title": "Transcript. KB",
    "link": "https://investor.regeneron.com/static-files/77f9574e-de62-4a69-93ef-6742719a9467",
    "timestamp": "unknown"
  },
  {
    "title": "Nov ,EST7th Annual Wolfe Research Healthcare ConferenceListen to the 7th Annual Wolfe Research Healthcare Conference webcastTranscriptKB",
    "link": "https://investor.regeneron.com/events/event-details/7th-annual-wolfe-research-healthcare-conference",
    "timestamp": "unknown"
  },
  {
    "title": "7th Annual Wolfe Research Healthcare Conference",
    "link": "https://investor.regeneron.com/events/event-details/7th-annual-wolfe-research-healthcare-conference",
    "timestamp": "unknown"
  },
  {
    "title": "Listen to the 7th Annual Wolfe Research Healthcare Conference webcast",
    "link": "https://event.summitcast.com/view/7sPR3x6Dk6tc4R4eHmYW9H/guest_book?session_id=4gm6wC2DkGEEkyXZLrUtoe",
    "timestamp": "unknown"
  },
  {
    "title": "Listen to the 7th Annual Wolfe Research Healthcare Conference webcast",
    "link": "https://event.summitcast.com/view/7sPR3x6Dk6tc4R4eHmYW9H/guest_book?session_id=4gm6wC2DkGEEkyXZLrUtoe",
    "timestamp": "unknown"
  },
  {
    "title": "Listen to the 7th Annual Wolfe Research Healthcare Conference webcast",
    "link": "https://event.summitcast.com/view/7sPR3x6Dk6tc4R4eHmYW9H/guest_book?session_id=4gm6wC2DkGEEkyXZLrUtoe",
    "timestamp": "unknown"
  },
  {
    "title": "TranscriptKB",
    "link": "https://investor.regeneron.com/static-files/--43e4-96e4-f4de1ed51535",
    "timestamp": "unknown"
  },
  {
    "title": "TranscriptKB",
    "link": "https://investor.regeneron.com/static-files/--43e4-96e4-f4de1ed51535",
    "timestamp": "unknown"
  },
  {
    "title": "TranscriptKB",
    "link": "https://investor.regeneron.com/static-files/--43e4-96e4-f4de1ed51535",
    "timestamp": "unknown"
  },
  {
    "title": "TranscriptKB",
    "link": "https://investor.regeneron.com/static-files/--43e4-96e4-f4de1ed51535",
    "timestamp": "unknown"
  },
  {
    "title": "TranscriptKB",
    "link": "https://investor.regeneron.com/static-files/--43e4-96e4-f4de1ed51535",
    "timestamp": "unknown"
  },
  {
    "title": "TranscriptKB",
    "link": "https://investor.regeneron.com/static-files/--43e4-96e4-f4de1ed51535",
    "timestamp": "unknown"
  },
  {
    "title": "TranscriptKB",
    "link": "https://investor.regeneron.com/static-files/--43e4-96e4-f4de1ed51535",
    "timestamp": "unknown"
  },
  {
    "title": "TranscriptKB",
    "link": "https://investor.regeneron.com/static-files/--43e4-96e4-f4de1ed51535",
    "timestamp": "unknown"
  },
  {
    "title": "TranscriptKB",
    "link": "https://investor.regeneron.com/static-files/--43e4-96e4-f4de1ed51535",
    "timestamp": "unknown"
  },
  {
    "title": "TranscriptKB",
    "link": "https://investor.regeneron.com/static-files/--43e4-96e4-f4de1ed51535",
    "timestamp": "unknown"
  },
  {
    "title": "View archive",
    "link": "https://investor.regeneron.com/events-and-presentations/archive",
    "timestamp": "unknown"
  },
  {
    "title": "Back to top",
    "link": "https://investor.regeneron.com/events-and-presentations/events-and-recent",
    "timestamp": "unknown"
  },
  {
    "title": "Contact UsRegeneron.comCareersClinical Trials",
    "link": "https://www.regeneron.com/contact",
    "timestamp": "unknown"
  },
  {
    "title": "Contact Us",
    "link": "https://www.regeneron.com/contact",
    "timestamp": "unknown"
  },
  {
    "title": "Regeneron.com",
    "link": "https://www.regeneron.com/",
    "timestamp": "unknown"
  },
  {
    "title": "Careers",
    "link": "https://careers.regeneron.com/",
    "timestamp": "unknown"
  },
  {
    "title": "Clinical Trials",
    "link": "https://clinicaltrials.regeneron.com/",
    "timestamp": "unknown"
  },
  {
    "title": "Terms of Use",
    "link": "https://www.regeneron.com/terms",
    "timestamp": "unknown"
  },
  {
    "title": "Accessibility Statement",
    "link": "https://www.regeneron.com/accessibility-statement",
    "timestamp": "unknown"
  },
  {
    "title": "Site Map",
    "link": "https://investor.regeneron.com/sitemap",
    "timestamp": "unknown"
  },
  {
    "title": "Social Media TermsPrivacy NoticePrivacy Preference Center",
    "link": "https://www.regeneron.com/social-media-terms",
    "timestamp": "unknown"
  },
  {
    "title": "Social Media TermsPrivacy NoticePrivacy Preference Center",
    "link": "https://www.regeneron.com/social-media-terms",
    "timestamp": "unknown"
  },
  {
    "title": "Social Media Terms",
    "link": "https://www.regeneron.com/social-media-terms",
    "timestamp": "unknown"
  },
  {
    "title": "Privacy Notice",
    "link": "https://www.regeneron.com/privacy-notice",
    "timestamp": "unknown"
  },
  {
    "title": "Privacy Preference Center",
    "link": "https://investor.regeneron.com/events-and-presentations/events-and-recent#/",
    "timestamp": "unknown"
  },
  {
    "title": "CloseYou are now leaving Investor.Regeneron.com. The site you are about to visit is maintained by a third\n                party who is solely responsi",
    "link": "https://investor.regeneron.com/events-and-presentations/events-and-recent",
    "timestamp": "unknown"
  },
  {
    "title": "CloseYou are now leaving Investor.Regeneron.com. The site you are about to visit is maintained by a third\n                party who is solely responsi",
    "link": "https://investor.regeneron.com/events-and-presentations/events-and-recent",
    "timestamp": "unknown"
  },
  {
    "title": "CloseYou are now leaving Investor.Regeneron.com. The site you are about to visit is maintained by a third\n                party who is solely responsi",
    "link": "https://investor.regeneron.com/events-and-presentations/events-and-recent",
    "timestamp": "unknown"
  },
  {
    "title": "ContinueReturn to Investor.Regeneron.com",
    "link": "https://investor.regeneron.com/events-and-presentations/events-and-recent",
    "timestamp": "unknown"
  },
  {
    "title": "ContinueReturn to Investor.Regeneron.com",
    "link": "https://investor.regeneron.com/events-and-presentations/events-and-recent",
    "timestamp": "unknown"
  },
  {
    "title": "Continue",
    "link": "https://investor.regeneron.com/events-and-presentations/events-and-recent",
    "timestamp": "unknown"
  },
  {
    "title": "CloseYou are now leaving Investor.Regeneron.com to visit another Regeneron website.ContinueReturn to Investor.Regeneron.com",
    "link": "https://investor.regeneron.com/events-and-presentations/events-and-recent",
    "timestamp": "unknown"
  },
  {
    "title": "CloseYou are now leaving Investor.Regeneron.com to visit another Regeneron website.ContinueReturn to Investor.Regeneron.com",
    "link": "https://investor.regeneron.com/events-and-presentations/events-and-recent",
    "timestamp": "unknown"
  },
  {
    "title": "CloseYou are now leaving Investor.Regeneron.com to visit another Regeneron website.ContinueReturn to Investor.Regeneron.com",
    "link": "https://investor.regeneron.com/events-and-presentations/events-and-recent",
    "timestamp": "unknown"
  },
  {
    "title": "ContinueReturn to Investor.Regeneron.com",
    "link": "https://investor.regeneron.com/events-and-presentations/events-and-recent",
    "timestamp": "unknown"
  },
  {
    "title": "ContinueReturn to Investor.Regeneron.com",
    "link": "https://investor.regeneron.com/events-and-presentations/events-and-recent",
    "timestamp": "unknown"
  },
  {
    "title": "Continue",
    "link": "https://investor.regeneron.com/events-and-presentations/events-and-recent",
    "timestamp": "unknown"
  },
  {
    "title": "CloseYou are now leaving Investor.Regeneron.com. The site you are about to visit is maintained by a third\n                party who is solely responsi",
    "link": "https://investor.regeneron.com/events-and-presentations/events-and-recent",
    "timestamp": "unknown"
  },
  {
    "title": "CloseYou are now leaving Investor.Regeneron.com. The site you are about to visit is maintained by a third\n                party who is solely responsi",
    "link": "https://investor.regeneron.com/events-and-presentations/events-and-recent",
    "timestamp": "unknown"
  },
  {
    "title": "CloseYou are now leaving Investor.Regeneron.com. The site you are about to visit is maintained by a third\n                party who is solely responsi",
    "link": "https://investor.regeneron.com/events-and-presentations/events-and-recent",
    "timestamp": "unknown"
  },
  {
    "title": "ContinueReturn to Investor.Regeneron.com",
    "link": "https://investor.regeneron.com/events-and-presentations/events-and-recent",
    "timestamp": "unknown"
  },
  {
    "title": "ContinueReturn to Investor.Regeneron.com",
    "link": "https://investor.regeneron.com/events-and-presentations/events-and-recent",
    "timestamp": "unknown"
  },
  {
    "title": "Continue",
    "link": "https://investor.regeneron.com/events-and-presentations/events-and-recent",
    "timestamp": "unknown"
  },
  {
    "title": "CloseYou are now leaving Investor.Regeneron.com to visit another Regeneron website.ContinueReturn to Investor.Regeneron.com",
    "link": "https://investor.regeneron.com/events-and-presentations/events-and-recent",
    "timestamp": "unknown"
  },
  {
    "title": "CloseYou are now leaving Investor.Regeneron.com to visit another Regeneron website.ContinueReturn to Investor.Regeneron.com",
    "link": "https://investor.regeneron.com/events-and-presentations/events-and-recent",
    "timestamp": "unknown"
  },
  {
    "title": "CloseYou are now leaving Investor.Regeneron.com to visit another Regeneron website.ContinueReturn to Investor.Regeneron.com",
    "link": "https://investor.regeneron.com/events-and-presentations/events-and-recent",
    "timestamp": "unknown"
  },
  {
    "title": "ContinueReturn to Investor.Regeneron.com",
    "link": "https://investor.regeneron.com/events-and-presentations/events-and-recent",
    "timestamp": "unknown"
  },
  {
    "title": "ContinueReturn to Investor.Regeneron.com",
    "link": "https://investor.regeneron.com/events-and-presentations/events-and-recent",
    "timestamp": "unknown"
  },
  {
    "title": "Continue",
    "link": "https://investor.regeneron.com/events-and-presentations/events-and-recent",
    "timestamp": "unknown"
  }
]