[
  {
    "title": "enesLoginMy Events / FundraisersMy Events / FundraisersMy AccountLogoutDonateToggle Navigation MenuLearn About T1DLearn About T1DT1D BasicsT1D BasicsH",
    "link": "https://www.breakthrought1d.org",
    "timestamp": "unknown"
  },
  {
    "title": "enesLoginMy Events / FundraisersMy Events / FundraisersMy AccountLogoutDonateToggle Navigation Menu",
    "link": "https://www.breakthrought1d.org",
    "timestamp": "unknown"
  },
  {
    "title": "enesLoginMy Events / FundraisersMy Events / FundraisersMy AccountLogoutDonateToggle Navigation Menu",
    "link": "https://www.breakthrought1d.org/news-and-updates/",
    "timestamp": "unknown"
  },
  {
    "title": "enes",
    "link": "https://www.breakthrought1d.org/news-and-updates/",
    "timestamp": "unknown"
  },
  {
    "title": "en",
    "link": "https://www.breakthrought1d.org/news-and-updates/",
    "timestamp": "unknown"
  },
  {
    "title": "es",
    "link": "https://www.breakthrought1d.org/es/noticias-y-actualizaciones/",
    "timestamp": "unknown"
  },
  {
    "title": "LoginMy Events / FundraisersMy Events / FundraisersMy AccountLogout",
    "link": "https://www2.breakthrought1d.org/site/UserLogin?NEXTURL=SPageNavigator%2Fmy_events.html",
    "timestamp": "unknown"
  },
  {
    "title": "Login",
    "link": "https://www2.breakthrought1d.org/site/UserLogin?NEXTURL=SPageNavigator%2Fmy_events.html",
    "timestamp": "unknown"
  },
  {
    "title": "My Events / FundraisersMy Events / FundraisersMy AccountLogout",
    "link": "https://www2.breakthrought1d.org/site/SPageServer?pagename=my_events",
    "timestamp": "unknown"
  },
  {
    "title": "My Events / FundraisersMy AccountLogout",
    "link": "https://www2.breakthrought1d.org/site/SPageServer?pagename=my_events",
    "timestamp": "unknown"
  },
  {
    "title": "My Events / FundraisersMy AccountLogout",
    "link": "https://www2.breakthrought1d.org/site/SPageServer?pagename=my_events",
    "timestamp": "unknown"
  },
  {
    "title": "My Events / Fundraisers",
    "link": "https://www2.breakthrought1d.org/site/SPageServer?pagename=my_events",
    "timestamp": "unknown"
  },
  {
    "title": "My Account",
    "link": "https://www2.breakthrought1d.org/site/SPageServer?pagename=edit_profile",
    "timestamp": "unknown"
  },
  {
    "title": "Logout",
    "link": "https://www2.breakthrought1d.org/site/UserLogin?logout&#;NEXTURL=SPageServer%3Fpagename%3Dmy_events",
    "timestamp": "unknown"
  },
  {
    "title": "Donate",
    "link": "https://www2.jdrf.org/site/Donation2?.donation=form1&#;df_id=&#;mfc_pref=T",
    "timestamp": "unknown"
  },
  {
    "title": "Donate",
    "link": "https://www2.jdrf.org/site/Donation2?.donation=form1&#;df_id=&#;mfc_pref=T",
    "timestamp": "unknown"
  },
  {
    "title": "Learn About T1DLearn About T1DT1D BasicsT1D BasicsHigh Blood SugarLow Blood SugarT1D TechnologyDaily ManagementNewly DiagnosedEarly DetectionHealthcar",
    "link": "https://www.breakthrought1d.org/t1d-basics/",
    "timestamp": "unknown"
  },
  {
    "title": "Learn About T1DLearn About T1DT1D BasicsT1D BasicsHigh Blood SugarLow Blood SugarT1D TechnologyDaily ManagementNewly DiagnosedEarly DetectionHealthcar",
    "link": "https://www.breakthrought1d.org/t1d-basics/",
    "timestamp": "unknown"
  },
  {
    "title": "Learn About T1DLearn About T1DT1D BasicsT1D BasicsHigh Blood SugarLow Blood SugarT1D TechnologyDaily ManagementNewly DiagnosedEarly DetectionHealthcar",
    "link": "https://www.breakthrought1d.org/t1d-basics/",
    "timestamp": "unknown"
  },
  {
    "title": "Learn About T1DT1D BasicsT1D BasicsHigh Blood SugarLow Blood SugarT1D TechnologyDaily ManagementNewly DiagnosedEarly DetectionHealthcare ResourcesQuic",
    "link": "https://www.breakthrought1d.org/t1d-basics/",
    "timestamp": "unknown"
  },
  {
    "title": "Learn About T1DT1D BasicsT1D BasicsHigh Blood SugarLow Blood SugarT1D TechnologyDaily ManagementNewly DiagnosedEarly DetectionHealthcare ResourcesQuic",
    "link": "https://www.breakthrought1d.org/t1d-basics/",
    "timestamp": "unknown"
  },
  {
    "title": "T1D BasicsT1D BasicsHigh Blood SugarLow Blood SugarT1D TechnologyDaily Management",
    "link": "https://www.breakthrought1d.org/t1d-basics/",
    "timestamp": "unknown"
  },
  {
    "title": "High Blood Sugar",
    "link": "https://www.breakthrought1d.org/t1d-basics/symptoms/high-blood-sugar/",
    "timestamp": "unknown"
  },
  {
    "title": "Low Blood Sugar",
    "link": "https://www.breakthrought1d.org/t1d-basics/symptoms/low-blood-sugar/",
    "timestamp": "unknown"
  },
  {
    "title": "T1D Technology",
    "link": "https://www.breakthrought1d.org/daily-management/t1d-technology/",
    "timestamp": "unknown"
  },
  {
    "title": "Daily Management",
    "link": "https://www.breakthrought1d.org/daily-management/",
    "timestamp": "unknown"
  },
  {
    "title": "Newly Diagnosed",
    "link": "https://www.breakthrought1d.org/newly-diagnosed/",
    "timestamp": "unknown"
  },
  {
    "title": "Early Detection",
    "link": "https://www.breakthrought1d.org/early-detection/",
    "timestamp": "unknown"
  },
  {
    "title": "Healthcare Resources",
    "link": "https://www.breakthrought1d.org/healthcare-professional-education-and-resources/",
    "timestamp": "unknown"
  },
  {
    "title": "Quick LinksQuick LinksSymptomsCausesDiagnosisTreatmentsFAQ",
    "link": "https://www.breakthrought1d.org/t1d-basics/symptoms/",
    "timestamp": "unknown"
  },
  {
    "title": "Symptoms",
    "link": "https://www.breakthrought1d.org/t1d-basics/symptoms/",
    "timestamp": "unknown"
  },
  {
    "title": "Causes",
    "link": "https://www.breakthrought1d.org/t1d-basics/causes/",
    "timestamp": "unknown"
  },
  {
    "title": "Diagnosis",
    "link": "https://www.breakthrought1d.org/t1d-basics/diagnosis/",
    "timestamp": "unknown"
  },
  {
    "title": "Treatments",
    "link": "https://www.breakthrought1d.org/t1d-basics/treatments/",
    "timestamp": "unknown"
  },
  {
    "title": "FAQ",
    "link": "https://www.breakthrought1d.org/t1d-basics/faq/",
    "timestamp": "unknown"
  },
  {
    "title": "Life With T1DLife With T1DT1D Resource LibrarySupport For ChildrenSupport For TeensSupport For AdultsQuick LinksQuick LinksHealth Insurance GuideSuppo",
    "link": "https://www.breakthrought1d.org/t1d-resources/",
    "timestamp": "unknown"
  },
  {
    "title": "Life With T1DT1D Resource LibrarySupport For ChildrenSupport For TeensSupport For AdultsQuick LinksQuick LinksHealth Insurance GuideSupport Team Guida",
    "link": "https://www.breakthrought1d.org/t1d-resources/",
    "timestamp": "unknown"
  },
  {
    "title": "Life With T1DT1D Resource LibrarySupport For ChildrenSupport For TeensSupport For AdultsQuick LinksQuick LinksHealth Insurance GuideSupport Team Guida",
    "link": "https://www.breakthrought1d.org/t1d-resources/",
    "timestamp": "unknown"
  },
  {
    "title": "T1D Resource Library",
    "link": "https://www.breakthrought1d.org/t1d-resources/",
    "timestamp": "unknown"
  },
  {
    "title": "Support For Children",
    "link": "https://www.breakthrought1d.org/support-children/",
    "timestamp": "unknown"
  },
  {
    "title": "Support For Teens",
    "link": "https://www.breakthrought1d.org/support-teens/",
    "timestamp": "unknown"
  },
  {
    "title": "Support For Adults",
    "link": "https://www.breakthrought1d.org/support-adults/",
    "timestamp": "unknown"
  },
  {
    "title": "Quick LinksQuick LinksHealth Insurance GuideSupport Team GuidanceBag Of HopeTeen PackAdult Pack",
    "link": "https://www.breakthrought1d.org/t1d-resources/insurance/",
    "timestamp": "unknown"
  },
  {
    "title": "Health Insurance Guide",
    "link": "https://www.breakthrought1d.org/t1d-resources/insurance/",
    "timestamp": "unknown"
  },
  {
    "title": "Support Team Guidance",
    "link": "https://www.breakthrought1d.org/t1d-resources/support-team/",
    "timestamp": "unknown"
  },
  {
    "title": "Bag Of Hope",
    "link": "https://www.breakthrought1d.org/support-children/bag-of-hope/",
    "timestamp": "unknown"
  },
  {
    "title": "Teen Pack",
    "link": "https://www.breakthrought1d.org/support-teens/teen-pack/",
    "timestamp": "unknown"
  },
  {
    "title": "Adult Pack",
    "link": "https://www.breakthrought1d.org/support-adults/adult-pack/",
    "timestamp": "unknown"
  },
  {
    "title": "Get InvolvedGet InvolvedFind CommunityFind CommunityDiscover Local EventsFind Your ChapterJoin Our CommunityTake ActionTake ActionLearn About Clinical",
    "link": "https://www.breakthrought1d.org/discover-events/",
    "timestamp": "unknown"
  },
  {
    "title": "Get InvolvedFind CommunityFind CommunityDiscover Local EventsFind Your ChapterJoin Our CommunityTake ActionTake ActionLearn About Clinical TrialsBecom",
    "link": "https://www.breakthrought1d.org/discover-events/",
    "timestamp": "unknown"
  },
  {
    "title": "Get InvolvedFind CommunityFind CommunityDiscover Local EventsFind Your ChapterJoin Our CommunityTake ActionTake ActionLearn About Clinical TrialsBecom",
    "link": "https://www.breakthrought1d.org/discover-events/",
    "timestamp": "unknown"
  },
  {
    "title": "Find CommunityFind CommunityDiscover Local EventsFind Your ChapterJoin Our Community",
    "link": "https://www.breakthrought1d.org/discover-events/",
    "timestamp": "unknown"
  },
  {
    "title": "Discover Local Events",
    "link": "https://www.breakthrought1d.org/discover-events/",
    "timestamp": "unknown"
  },
  {
    "title": "Find Your Chapter",
    "link": "https://www.breakthrought1d.org/chapter-finder/",
    "timestamp": "unknown"
  },
  {
    "title": "Join Our Community",
    "link": "https://www.breakthrought1d.org/t1d-community/",
    "timestamp": "unknown"
  },
  {
    "title": "Take ActionTake ActionLearn About Clinical TrialsBecome An AdvocateBecome A Volunteer",
    "link": "https://www.breakthrought1d.org/clinical-trials/",
    "timestamp": "unknown"
  },
  {
    "title": "Learn About Clinical Trials",
    "link": "https://www.breakthrought1d.org/clinical-trials/",
    "timestamp": "unknown"
  },
  {
    "title": "Become An Advocate",
    "link": "https://www.breakthrought1d.org/advocacy/",
    "timestamp": "unknown"
  },
  {
    "title": "Become A Volunteer",
    "link": "https://www.breakthrought1d.org/volunteer/",
    "timestamp": "unknown"
  },
  {
    "title": "Fundraising EventsFundraising EventsWalkRideRunPlayGala",
    "link": "https://www2.breakthrought1d.org/site/SPageServer?pagename=walk_homepage",
    "timestamp": "unknown"
  },
  {
    "title": "Walk",
    "link": "https://www2.breakthrought1d.org/site/SPageServer?pagename=walk_homepage",
    "timestamp": "unknown"
  },
  {
    "title": "Ride",
    "link": "https://www2.breakthrought1d.org/site/SPageServer?pagename=ride_homepage",
    "timestamp": "unknown"
  },
  {
    "title": "Run",
    "link": "https://www2.breakthrought1d.org/site/SPageServer?pagename=tjdrf_homepage",
    "timestamp": "unknown"
  },
  {
    "title": "Play",
    "link": "https://play.breakthrought1d.org/",
    "timestamp": "unknown"
  },
  {
    "title": "Gala",
    "link": "https://www.breakthrought1d.org/fundraise/gala/",
    "timestamp": "unknown"
  },
  {
    "title": "DonateDonateMonthly GivingDAF, Stock, And Crypto GiftsMatching GiftsPlanned GivingLeadership Giving",
    "link": "https://www.breakthrought1d.org/ways-to-give/monthly-giving/",
    "timestamp": "unknown"
  },
  {
    "title": "Monthly Giving",
    "link": "https://www.breakthrought1d.org/ways-to-give/monthly-giving/",
    "timestamp": "unknown"
  },
  {
    "title": "DAF, Stock, And Crypto Gifts",
    "link": "https://www.breakthrought1d.org/ways-to-give/cryptocurrency-donor-advised-fund-and-stock-gifts/",
    "timestamp": "unknown"
  },
  {
    "title": "Matching Gifts",
    "link": "https://www.breakthrought1d.org/ways-to-give/matching-gifts/",
    "timestamp": "unknown"
  },
  {
    "title": "Planned Giving",
    "link": "https://breakthrought1d.plannedgiving.org/",
    "timestamp": "unknown"
  },
  {
    "title": "Leadership Giving",
    "link": "https://www.breakthrought1d.org/ways-to-give/leadership-giving/",
    "timestamp": "unknown"
  },
  {
    "title": "Quick LinksQuick LinksSee T1DCommunity SummitsSpanish Community SummitsAdvocacy Sign UpFundraise Your Way",
    "link": "https://www.breakthrought1d.org/seet1d/",
    "timestamp": "unknown"
  },
  {
    "title": "See T1D",
    "link": "https://www.breakthrought1d.org/seet1d/",
    "timestamp": "unknown"
  },
  {
    "title": "Community Summits",
    "link": "https://www.breakthrought1d.org/t1d-community/summits/",
    "timestamp": "unknown"
  },
  {
    "title": "Spanish Community Summits",
    "link": "https://www.breakthrought1d.org/t1d-community/summits-espanol/",
    "timestamp": "unknown"
  },
  {
    "title": "Advocacy Sign Up",
    "link": "https://www2.breakthrought1d.org/site/SPageServer?pagename=advocacy_learnmore",
    "timestamp": "unknown"
  },
  {
    "title": "Fundraise Your Way",
    "link": "https://www2.breakthrought1d.org/site/SPageServer?pagename=diy_homepage",
    "timestamp": "unknown"
  },
  {
    "title": "Accelerating BreakthroughsAccelerating BreakthroughsMission ProgressMission ProgressNews And UpdatesDiscover Our ImpactDiscover The T1D FundResearchRe",
    "link": "https://www.breakthrought1d.org/news-and-updates/",
    "timestamp": "unknown"
  },
  {
    "title": "Accelerating BreakthroughsMission ProgressMission ProgressNews And UpdatesDiscover Our ImpactDiscover The T1D FundResearchResearchExplore Our Research",
    "link": "https://www.breakthrought1d.org/news-and-updates/",
    "timestamp": "unknown"
  },
  {
    "title": "Accelerating BreakthroughsMission ProgressMission ProgressNews And UpdatesDiscover Our ImpactDiscover The T1D FundResearchResearchExplore Our Research",
    "link": "https://www.breakthrought1d.org/news-and-updates/",
    "timestamp": "unknown"
  },
  {
    "title": "Mission ProgressMission ProgressNews And UpdatesDiscover Our ImpactDiscover The T1D Fund",
    "link": "https://www.breakthrought1d.org/news-and-updates/",
    "timestamp": "unknown"
  },
  {
    "title": "News And Updates",
    "link": "https://www.breakthrought1d.org/news-and-updates/",
    "timestamp": "unknown"
  },
  {
    "title": "Discover Our Impact",
    "link": "https://www.breakthrought1d.org/our-impact/",
    "timestamp": "unknown"
  },
  {
    "title": "Discover The T1D Fund",
    "link": "https://www.breakthrought1d.org/t1d-fund/",
    "timestamp": "unknown"
  },
  {
    "title": "ResearchResearchExplore Our ResearchCenters Of ExcellenceFunded ResearchFunding Opportunities",
    "link": "https://www.breakthrought1d.org/explore-research/",
    "timestamp": "unknown"
  },
  {
    "title": "Explore Our Research",
    "link": "https://www.breakthrought1d.org/explore-research/",
    "timestamp": "unknown"
  },
  {
    "title": "Centers Of Excellence",
    "link": "https://www.breakthrought1d.org/explore-research/centers-of-excellence/",
    "timestamp": "unknown"
  },
  {
    "title": "Funded Research",
    "link": "https://www.breakthrought1d.org/explore-research/funded-research/",
    "timestamp": "unknown"
  },
  {
    "title": "Funding Opportunities",
    "link": "https://www.breakthrought1d.org/explore-research/funding-opportunities/",
    "timestamp": "unknown"
  },
  {
    "title": "AdvocacyAdvocacyExplore Our AdvocacySpecial Diabetes ProgramInsulin AffordabilityAccelerating Access",
    "link": "https://www.breakthrought1d.org/explore-advocacy/",
    "timestamp": "unknown"
  },
  {
    "title": "Explore Our Advocacy",
    "link": "https://www.breakthrought1d.org/explore-advocacy/",
    "timestamp": "unknown"
  },
  {
    "title": "Special Diabetes Program",
    "link": "https://www.breakthrought1d.org/explore-advocacy/special-diabetes-program/",
    "timestamp": "unknown"
  },
  {
    "title": "Insulin Affordability",
    "link": "https://www.breakthrought1d.org/explore-advocacy/insulin-access/",
    "timestamp": "unknown"
  },
  {
    "title": "Accelerating Access",
    "link": "https://www.breakthrought1d.org/explore-advocacy/accelerating-access/",
    "timestamp": "unknown"
  },
  {
    "title": "Medical AffairsMedical AffairsLearn About Medical Affairs",
    "link": "https://www.breakthrought1d.org/medical-affairs/",
    "timestamp": "unknown"
  },
  {
    "title": "Learn About Medical Affairs",
    "link": "https://www.breakthrought1d.org/medical-affairs/",
    "timestamp": "unknown"
  },
  {
    "title": "Quick LinksQuick LinksResearch StrategyRegulatoryProject ACTYoung Adult Advocacy Council",
    "link": "https://www.breakthrought1d.org/explore-research/research-strategy/",
    "timestamp": "unknown"
  },
  {
    "title": "Research Strategy",
    "link": "https://www.breakthrought1d.org/explore-research/research-strategy/",
    "timestamp": "unknown"
  },
  {
    "title": "Regulatory",
    "link": "https://www.breakthrought1d.org/explore-advocacy/regulatory/",
    "timestamp": "unknown"
  },
  {
    "title": "Project ACT",
    "link": "https://www.breakthrought1d.org/project-act/",
    "timestamp": "unknown"
  },
  {
    "title": "Young Adult Advocacy Council",
    "link": "https://www.breakthrought1d.org/advocacy/yaac/",
    "timestamp": "unknown"
  },
  {
    "title": "Learn About Breakthrough T1DLearn About Breakthrough T1DContact UsAbout UsAbout UsOur HistoryCareersFor The MediaFor The MediaCelebrity Ambassadors An",
    "link": "https://www.breakthrought1d.org/contact-us/",
    "timestamp": "unknown"
  },
  {
    "title": "Learn About Breakthrough T1DContact UsAbout UsAbout UsOur HistoryCareersFor The MediaFor The MediaCelebrity Ambassadors And AdvocatesOur PartnersOur P",
    "link": "https://www.breakthrought1d.org/contact-us/",
    "timestamp": "unknown"
  },
  {
    "title": "Learn About Breakthrough T1DContact UsAbout UsAbout UsOur HistoryCareersFor The MediaFor The MediaCelebrity Ambassadors And AdvocatesOur PartnersOur P",
    "link": "https://www.breakthrought1d.org/contact-us/",
    "timestamp": "unknown"
  },
  {
    "title": "Contact Us",
    "link": "https://www.breakthrought1d.org/contact-us/",
    "timestamp": "unknown"
  },
  {
    "title": "About UsAbout UsOur HistoryCareers",
    "link": "https://www.breakthrought1d.org/about/",
    "timestamp": "unknown"
  },
  {
    "title": "Our History",
    "link": "https://www.breakthrought1d.org/about/our-history/",
    "timestamp": "unknown"
  },
  {
    "title": "Careers",
    "link": "https://www.breakthrought1d.org/careers/",
    "timestamp": "unknown"
  },
  {
    "title": "For The MediaFor The MediaCelebrity Ambassadors And Advocates",
    "link": "https://www.breakthrought1d.org/for-the-media/",
    "timestamp": "unknown"
  },
  {
    "title": "Celebrity Ambassadors And Advocates",
    "link": "https://www.breakthrought1d.org/celebrity-ambassadors/",
    "timestamp": "unknown"
  },
  {
    "title": "Our PartnersOur PartnersCorporateIndustry And AcademiaFoundation",
    "link": "https://www.breakthrought1d.org/about/corporate-partnerships/",
    "timestamp": "unknown"
  },
  {
    "title": "Corporate",
    "link": "https://www.breakthrought1d.org/about/corporate-partnerships/",
    "timestamp": "unknown"
  },
  {
    "title": "Industry And Academia",
    "link": "https://www.breakthrought1d.org/explore-research/funded-research/",
    "timestamp": "unknown"
  },
  {
    "title": "Foundation",
    "link": "https://www.breakthrought1d.org/foundation-partnerships/",
    "timestamp": "unknown"
  },
  {
    "title": "Quick LinksQuick LinksFinancialsAffiliates OverviewOur LeadershipCulture And BelongingGlobal Presence",
    "link": "https://www.breakthrought1d.org/about/financials/",
    "timestamp": "unknown"
  },
  {
    "title": "Financials",
    "link": "https://www.breakthrought1d.org/about/financials/",
    "timestamp": "unknown"
  },
  {
    "title": "Affiliates Overview",
    "link": "https://www.breakthrought1d.org/about/affiliates-overview/",
    "timestamp": "unknown"
  },
  {
    "title": "Our Leadership",
    "link": "https://www.breakthrought1d.org/about/leadership/",
    "timestamp": "unknown"
  },
  {
    "title": "Culture And Belonging",
    "link": "https://www.breakthrought1d.org/about/culture-and-belonging/",
    "timestamp": "unknown"
  },
  {
    "title": "Global Presence",
    "link": "https://www.breakthrought1d.org/about/global-presence/",
    "timestamp": "unknown"
  },
  {
    "title": "enesLoginMy Events / FundraisersMy Events / FundraisersMy AccountLogoutDonate",
    "link": "https://www.breakthrought1d.org/news-and-updates/",
    "timestamp": "unknown"
  },
  {
    "title": "enes",
    "link": "https://www.breakthrought1d.org/news-and-updates/",
    "timestamp": "unknown"
  },
  {
    "title": "en",
    "link": "https://www.breakthrought1d.org/news-and-updates/",
    "timestamp": "unknown"
  },
  {
    "title": "es",
    "link": "https://www.breakthrought1d.org/es/noticias-y-actualizaciones/",
    "timestamp": "unknown"
  },
  {
    "title": "LoginMy Events / FundraisersMy Events / FundraisersMy AccountLogout",
    "link": "https://www2.breakthrought1d.org/site/UserLogin?NEXTURL=SPageNavigator%2Fmy_events.html",
    "timestamp": "unknown"
  },
  {
    "title": "Login",
    "link": "https://www2.breakthrought1d.org/site/UserLogin?NEXTURL=SPageNavigator%2Fmy_events.html",
    "timestamp": "unknown"
  },
  {
    "title": "My Events / FundraisersMy Events / FundraisersMy AccountLogout",
    "link": "https://www2.breakthrought1d.org/site/SPageServer?pagename=my_events",
    "timestamp": "unknown"
  },
  {
    "title": "My Events / FundraisersMy AccountLogout",
    "link": "https://www2.breakthrought1d.org/site/SPageServer?pagename=my_events",
    "timestamp": "unknown"
  },
  {
    "title": "My Events / FundraisersMy AccountLogout",
    "link": "https://www2.breakthrought1d.org/site/SPageServer?pagename=my_events",
    "timestamp": "unknown"
  },
  {
    "title": "My Events / Fundraisers",
    "link": "https://www2.breakthrought1d.org/site/SPageServer?pagename=my_events",
    "timestamp": "unknown"
  },
  {
    "title": "My Account",
    "link": "https://www2.breakthrought1d.org/site/SPageServer?pagename=edit_profile",
    "timestamp": "unknown"
  },
  {
    "title": "Logout",
    "link": "https://www2.breakthrought1d.org/site/UserLogin?logout&#;NEXTURL=SPageServer%3Fpagename%3Dmy_events",
    "timestamp": "unknown"
  },
  {
    "title": "Donate",
    "link": "https://www2.jdrf.org/site/Donation2?.donation=form1&#;df_id=&#;mfc_pref=T",
    "timestamp": "unknown"
  },
  {
    "title": "Donate",
    "link": "https://www2.jdrf.org/site/Donation2?.donation=form1&#;df_id=&#;mfc_pref=T",
    "timestamp": "unknown"
  },
  {
    "title": "HomeNews and UpdatesNews and UpdatesDiscover stories from Breakthrough T1D about our research, advocacy, initiatives, and supporters.",
    "link": "https://www.breakthrought1d.org/",
    "timestamp": "unknown"
  },
  {
    "title": "HomeNews and UpdatesNews and UpdatesDiscover stories from Breakthrough T1D about our research, advocacy, initiatives, and supporters.",
    "link": "https://www.breakthrought1d.org/",
    "timestamp": "unknown"
  },
  {
    "title": "Home",
    "link": "https://www.breakthrought1d.org/",
    "timestamp": "unknown"
  },
  {
    "title": "The latestRead the latest news from Breakthrough T1D.February ,Join us for Breakthrough T1D Ride : Pedal power to find cures!Breakthrough T1D Ride is ",
    "link": "https://www.breakthrought1d.org/news-and-updates/join-us-for-breakthrough-t1d-ride--pedal-power-to-find-cures/",
    "timestamp": "unknown"
  },
  {
    "title": "February ,Join us for Breakthrough T1D Ride : Pedal power to find cures!Breakthrough T1D Ride is more than cycling\u2014it\u2019s a movement to find cures for t",
    "link": "https://www.breakthrought1d.org/news-and-updates/join-us-for-breakthrough-t1d-ride--pedal-power-to-find-cures/",
    "timestamp": "unknown"
  },
  {
    "title": "February ,Join us for Breakthrough T1D Ride : Pedal power to find cures!Breakthrough T1D Ride is more than cycling\u2014it\u2019s a movement to find cures for t",
    "link": "https://www.breakthrought1d.org/news-and-updates/join-us-for-breakthrough-t1d-ride--pedal-power-to-find-cures/",
    "timestamp": "unknown"
  },
  {
    "title": "February ,Join us for Breakthrough T1D Ride : Pedal power to find cures!Breakthrough T1D Ride is more than cycling\u2014it\u2019s a movement to find cures for t",
    "link": "https://www.breakthrought1d.org/news-and-updates/join-us-for-breakthrough-t1d-ride--pedal-power-to-find-cures/",
    "timestamp": "unknown"
  },
  {
    "title": "February ,Spotlight on OPF-: A porcine-derived cell therapy in clinical trialsOne of our most promising avenues toward cures for type  diabetes (T1D) ",
    "link": "https://www.breakthrought1d.org/news-and-updates/spotlight-on-opf--a-porcine-derived-cell-therapy-in-clinical-trials/",
    "timestamp": "unknown"
  },
  {
    "title": "February ,Spotlight on OPF-: A porcine-derived cell therapy in clinical trialsOne of our most promising avenues toward cures for type  diabetes (T1D) ",
    "link": "https://www.breakthrought1d.org/news-and-updates/spotlight-on-opf--a-porcine-derived-cell-therapy-in-clinical-trials/",
    "timestamp": "unknown"
  },
  {
    "title": "February ,Congress passes bipartisan extension of the Special Diabetes Program, securing critical T1D research fundingCongress has passed bipartisan l",
    "link": "https://www.breakthrought1d.org/news-and-updates/congress-passes-bipartisan-extension-of-the-special-diabetes-program-securing-critical-t1d-research-funding/",
    "timestamp": "unknown"
  },
  {
    "title": "February ,Congress passes bipartisan extension of the Special Diabetes Program, securing critical T1D research fundingCongress has passed bipartisan l",
    "link": "https://www.breakthrought1d.org/news-and-updates/congress-passes-bipartisan-extension-of-the-special-diabetes-program-securing-critical-t1d-research-funding/",
    "timestamp": "unknown"
  },
  {
    "title": "February ,\u201cDo good, feel good\u201d: Alecia Wesner&#;s T1D clinical trial journeyThis article was written by Alecia Wesner (pictured above, right), a Parti",
    "link": "https://www.breakthrought1d.org/news-and-updates/alecia-wesners-t1d-clinical-trial-journey/",
    "timestamp": "unknown"
  },
  {
    "title": "February ,\u201cDo good, feel good\u201d: Alecia Wesner&#;s T1D clinical trial journeyThis article was written by Alecia Wesner (pictured above, right), a Parti",
    "link": "https://www.breakthrought1d.org/news-and-updates/alecia-wesners-t1d-clinical-trial-journey/",
    "timestamp": "unknown"
  },
  {
    "title": "January ,Navigating issues with your continuous glucose monitor (CGM)Breakthrough T1D created a guide for sensor issues, from what to do if symptoms a",
    "link": "https://www.breakthrought1d.org/news-and-updates/navigating-issues-with-your-cgm/",
    "timestamp": "unknown"
  },
  {
    "title": "January ,Navigating issues with your continuous glucose monitor (CGM)Breakthrough T1D created a guide for sensor issues, from what to do if symptoms a",
    "link": "https://www.breakthrought1d.org/news-and-updates/navigating-issues-with-your-cgm/",
    "timestamp": "unknown"
  },
  {
    "title": "January ,Civica\u2019s affordable long-acting insulin now available!Nearly  years after Breakthrough T1D joined forces with Civica, a non-profit pharmaceut",
    "link": "https://www.breakthrought1d.org/news-and-updates/civicas-affordable-long-acting-insulin-now-available/",
    "timestamp": "unknown"
  },
  {
    "title": "January ,Civica\u2019s affordable long-acting insulin now available!Nearly  years after Breakthrough T1D joined forces with Civica, a non-profit pharmaceut",
    "link": "https://www.breakthrought1d.org/news-and-updates/civicas-affordable-long-acting-insulin-now-available/",
    "timestamp": "unknown"
  },
  {
    "title": "December ,Breakthrough T1D Ride  WrappedYou rode. We cheered you on. Together, we fueled type  diabetes breakthroughs! Read our wrap-up of the Breakth",
    "link": "https://www.breakthrought1d.org/news-and-updates/-ride-wrapped/",
    "timestamp": "unknown"
  },
  {
    "title": "December ,Breakthrough T1D Ride  WrappedYou rode. We cheered you on. Together, we fueled type  diabetes breakthroughs! Read our wrap-up of the Breakth",
    "link": "https://www.breakthrought1d.org/news-and-updates/-ride-wrapped/",
    "timestamp": "unknown"
  },
  {
    "title": "December ,Q&A with San Diego Padres Pitcher Mason MillerBreakthrough T1D sat down with Mason Miller to learn more about his journey with type  diabete",
    "link": "https://www.breakthrought1d.org/news-and-updates/qa-mason-miller/",
    "timestamp": "unknown"
  },
  {
    "title": "December ,Q&A with San Diego Padres Pitcher Mason MillerBreakthrough T1D sat down with Mason Miller to learn more about his journey with type  diabete",
    "link": "https://www.breakthrought1d.org/news-and-updates/qa-mason-miller/",
    "timestamp": "unknown"
  },
  {
    "title": "December ,My Cause, My Cleats: Lacing up to drive meaningful changeBreakthrough T1D is honored to have the support of nine NFL players, coaches, and s",
    "link": "https://www.breakthrought1d.org/news-and-updates/my-cause-my-cleats-/",
    "timestamp": "unknown"
  },
  {
    "title": "December ,My Cause, My Cleats: Lacing up to drive meaningful changeBreakthrough T1D is honored to have the support of nine NFL players, coaches, and s",
    "link": "https://www.breakthrought1d.org/news-and-updates/my-cause-my-cleats-/",
    "timestamp": "unknown"
  },
  {
    "title": "December ,Hot off the press: Continuous ketone monitoring guidelines are hereWhat&#;s happening? Continuous ketone monitoring (CKM) is on its way. A n",
    "link": "https://www.breakthrought1d.org/news-and-updates/continuous-ketone-monitoring-guidelines-are-here/",
    "timestamp": "unknown"
  },
  {
    "title": "December ,Hot off the press: Continuous ketone monitoring guidelines are hereWhat&#;s happening? Continuous ketone monitoring (CKM) is on its way. A n",
    "link": "https://www.breakthrought1d.org/news-and-updates/continuous-ketone-monitoring-guidelines-are-here/",
    "timestamp": "unknown"
  },
  {
    "title": "December ,Support and resources for your CGMSupport and resources for issues with continuous glucose monitors (CGMs), including inaccurate readings an",
    "link": "https://www.breakthrought1d.org/news-and-updates/support-and-resources-for-your-cgm/",
    "timestamp": "unknown"
  },
  {
    "title": "December ,Support and resources for your CGMSupport and resources for issues with continuous glucose monitors (CGMs), including inaccurate readings an",
    "link": "https://www.breakthrought1d.org/news-and-updates/support-and-resources-for-your-cgm/",
    "timestamp": "unknown"
  },
  {
    "title": "December ,Top T1D advances: Full speed aheadHow quickly a year goes by\u2014and a lot has happened for type  diabetes (T1D) in ! In these last few weeks le",
    "link": "https://www.breakthrought1d.org/news-and-updates/-top-t1d-advances-full-speed-ahead/",
    "timestamp": "unknown"
  },
  {
    "title": "December ,Top T1D advances: Full speed aheadHow quickly a year goes by\u2014and a lot has happened for type  diabetes (T1D) in ! In these last few weeks le",
    "link": "https://www.breakthrought1d.org/news-and-updates/-top-t1d-advances-full-speed-ahead/",
    "timestamp": "unknown"
  },
  {
    "title": "December ,Smart devices, angry skin: The underside of diabetes techSkin reactions from adhesives on insulin pumps and CGMs are common.\u00a0Learn why they ",
    "link": "https://www.breakthrought1d.org/news-and-updates/smart-devices-angry-skin/",
    "timestamp": "unknown"
  },
  {
    "title": "December ,Smart devices, angry skin: The underside of diabetes techSkin reactions from adhesives on insulin pumps and CGMs are common.\u00a0Learn why they ",
    "link": "https://www.breakthrought1d.org/news-and-updates/smart-devices-angry-skin/",
    "timestamp": "unknown"
  },
  {
    "title": "November ,See Medical Affairs. See T1D.Closing the gap between access to and adoption of type  diabetes therapies is a mission priority. Chris Dunn re",
    "link": "https://www.breakthrought1d.org/news-and-updates/see-medical-affairs-see-t1d/",
    "timestamp": "unknown"
  },
  {
    "title": "November ,See Medical Affairs. See T1D.Closing the gap between access to and adoption of type  diabetes therapies is a mission priority. Chris Dunn re",
    "link": "https://www.breakthrought1d.org/news-and-updates/see-medical-affairs-see-t1d/",
    "timestamp": "unknown"
  },
  {
    "title": "November ,A week-long, intercontinental marathon journey for type  diabetesForrest\u00a0Johnson embarked on a globe-spanning,\u00a0-mile sprint with\u00a0The Great W",
    "link": "https://www.breakthrought1d.org/news-and-updates/one-man-seven-marathons/",
    "timestamp": "unknown"
  },
  {
    "title": "November ,A week-long, intercontinental marathon journey for type  diabetesForrest\u00a0Johnson embarked on a globe-spanning,\u00a0-mile sprint with\u00a0The Great W",
    "link": "https://www.breakthrought1d.org/news-and-updates/one-man-seven-marathons/",
    "timestamp": "unknown"
  },
  {
    "title": "Press releasesRead the latest press releases and statements from Breakthrough T1D.February ,Statement from Breakthrough T1D on FTC Action and Congress",
    "link": "https://www.breakthrought1d.org/for-the-media/press-releases/statement-from-breakthrough-t1d-on-ftc-action-and-congressional-pbm-reforms-impacting-insulin-affordability/",
    "timestamp": "unknown"
  },
  {
    "title": "February ,Statement from Breakthrough T1D on FTC Action and Congressional PBM Reforms Impacting Insulin AffordabilityFebruary ,Breakthrough T1D Celebr",
    "link": "https://www.breakthrought1d.org/for-the-media/press-releases/statement-from-breakthrough-t1d-on-ftc-action-and-congressional-pbm-reforms-impacting-insulin-affordability/",
    "timestamp": "unknown"
  },
  {
    "title": "February ,Statement from Breakthrough T1D on FTC Action and Congressional PBM Reforms Impacting Insulin Affordability",
    "link": "https://www.breakthrought1d.org/for-the-media/press-releases/statement-from-breakthrough-t1d-on-ftc-action-and-congressional-pbm-reforms-impacting-insulin-affordability/",
    "timestamp": "unknown"
  },
  {
    "title": "February ,Statement from Breakthrough T1D on FTC Action and Congressional PBM Reforms Impacting Insulin Affordability",
    "link": "https://www.breakthrought1d.org/for-the-media/press-releases/statement-from-breakthrough-t1d-on-ftc-action-and-congressional-pbm-reforms-impacting-insulin-affordability/",
    "timestamp": "unknown"
  },
  {
    "title": "February ,Breakthrough T1D Celebrates Generosity of Land O\u2019Frost and Announces National Partnership to Support Type  Diabetes Research",
    "link": "https://www.breakthrought1d.org/for-the-media/press-releases/breakthrough-t1d-celebrates-generosity-of-land-ofrost-and-announces-national-partnership-to-support-type--diabetes-research/",
    "timestamp": "unknown"
  },
  {
    "title": "February ,Breakthrough T1D Celebrates Generosity of Land O\u2019Frost and Announces National Partnership to Support Type  Diabetes Research",
    "link": "https://www.breakthrought1d.org/for-the-media/press-releases/breakthrough-t1d-celebrates-generosity-of-land-ofrost-and-announces-national-partnership-to-support-type--diabetes-research/",
    "timestamp": "unknown"
  },
  {
    "title": "February ,Breakthrough T1D\u00a0Applauds\u00a0Congress\u00a0for\u00a0Extending\u00a0and\u00a0Strengthening\u00a0the Special\u00a0Diabetes Program",
    "link": "https://www.breakthrought1d.org/for-the-media/press-releases/breakthrough-t1d-applauds-congress-for-extending-and-strengthening-the-special-diabetes-program/",
    "timestamp": "unknown"
  },
  {
    "title": "February ,Breakthrough T1D\u00a0Applauds\u00a0Congress\u00a0for\u00a0Extending\u00a0and\u00a0Strengthening\u00a0the Special\u00a0Diabetes Program",
    "link": "https://www.breakthrought1d.org/for-the-media/press-releases/breakthrough-t1d-applauds-congress-for-extending-and-strengthening-the-special-diabetes-program/",
    "timestamp": "unknown"
  },
  {
    "title": "View All",
    "link": "https://www.breakthrought1d.org/for-the-media/press-releases/",
    "timestamp": "unknown"
  },
  {
    "title": "View All",
    "link": "https://www.breakthrought1d.org/for-the-media/press-releases/",
    "timestamp": "unknown"
  },
  {
    "title": "Breakthrough T1D OverviewT1D Resources LibraryCareersDiscover EventsNews And UpdatesFor The MediaContact UsDonateFacebookXInstagramLinkedInTikTokYouTu",
    "link": "https://www.breakthrought1d.org",
    "timestamp": "unknown"
  },
  {
    "title": "Breakthrough T1D OverviewT1D Resources LibraryCareersDiscover EventsNews And UpdatesFor The MediaContact UsDonateFacebookXInstagramLinkedInTikTokYouTu",
    "link": "https://www.breakthrought1d.org",
    "timestamp": "unknown"
  },
  {
    "title": "Breakthrough T1D OverviewT1D Resources LibraryCareersDiscover EventsNews And UpdatesFor The MediaContact UsDonateFacebookXInstagramLinkedInTikTokYouTu",
    "link": "https://www.breakthrought1d.org/about/",
    "timestamp": "unknown"
  },
  {
    "title": "Breakthrough T1D OverviewT1D Resources LibraryCareersDiscover EventsNews And UpdatesFor The MediaContact UsDonate",
    "link": "https://www.breakthrought1d.org/about/",
    "timestamp": "unknown"
  },
  {
    "title": "Breakthrough T1D Overview",
    "link": "https://www.breakthrought1d.org/about/",
    "timestamp": "unknown"
  },
  {
    "title": "T1D Resources Library",
    "link": "https://www.breakthrought1d.org/t1d-resources/",
    "timestamp": "unknown"
  },
  {
    "title": "Careers",
    "link": "https://www.breakthrought1d.org/careers/",
    "timestamp": "unknown"
  },
  {
    "title": "Discover Events",
    "link": "https://www.breakthrought1d.org/discover-events/",
    "timestamp": "unknown"
  },
  {
    "title": "News And Updates",
    "link": "https://www.breakthrought1d.org/news-and-updates/",
    "timestamp": "unknown"
  },
  {
    "title": "For The Media",
    "link": "https://www.breakthrought1d.org/for-the-media/press-releases/",
    "timestamp": "unknown"
  },
  {
    "title": "Contact Us",
    "link": "https://www.breakthrought1d.org/contact-us/",
    "timestamp": "unknown"
  },
  {
    "title": "Donate",
    "link": "https://www2.jdrf.org/site/Donation2?.donation=form1&#;df_id=&#;mfc_pref=T",
    "timestamp": "unknown"
  },
  {
    "title": "FacebookXInstagramLinkedInTikTokYouTube",
    "link": "https://www.facebook.com/breakthrought1d/",
    "timestamp": "unknown"
  },
  {
    "title": "Facebook",
    "link": "https://www.facebook.com/breakthrought1d/",
    "timestamp": "unknown"
  },
  {
    "title": "X",
    "link": "https://www.twitter.com/breakthrought1d/",
    "timestamp": "unknown"
  },
  {
    "title": "Instagram",
    "link": "https://www.instagram.com/breakthrought1d/",
    "timestamp": "unknown"
  },
  {
    "title": "LinkedIn",
    "link": "https://www.linkedin.com/company/breakthrought1d/",
    "timestamp": "unknown"
  },
  {
    "title": "TikTok",
    "link": "https://www.tiktok.com/@breakthrought1d/",
    "timestamp": "unknown"
  },
  {
    "title": "YouTube",
    "link": "https://www.youtube.com/@breakthrought1d/",
    "timestamp": "unknown"
  },
  {
    "title": "PrivacyTerms of UseCopyrightEditorial PolicyAccessibilitySitemapLevel Access",
    "link": "https://www.breakthrought1d.org/privacy/",
    "timestamp": "unknown"
  },
  {
    "title": "Privacy",
    "link": "https://www.breakthrought1d.org/privacy/",
    "timestamp": "unknown"
  },
  {
    "title": "Terms of Use",
    "link": "https://www.breakthrought1d.org/terms-of-use/",
    "timestamp": "unknown"
  },
  {
    "title": "Copyright",
    "link": "https://www.breakthrought1d.org/copyright/",
    "timestamp": "unknown"
  },
  {
    "title": "Editorial Policy",
    "link": "https://www.breakthrought1d.org/editorial-policy/",
    "timestamp": "unknown"
  },
  {
    "title": "Accessibility",
    "link": "https://www.breakthrought1d.org/accessibility-statement/",
    "timestamp": "unknown"
  },
  {
    "title": "Sitemap",
    "link": "https://www.breakthrought1d.org/sitemap_index.xml",
    "timestamp": "unknown"
  },
  {
    "title": "Level Access",
    "link": "https://www.levelaccess.com/a/breakthrought1d",
    "timestamp": "unknown"
  },
  {
    "title": "EnglishEspa\u00f1ol(Spanish)",
    "link": "https://www.breakthrought1d.org/news-and-updates/",
    "timestamp": "unknown"
  },
  {
    "title": "English",
    "link": "https://www.breakthrought1d.org/news-and-updates/",
    "timestamp": "unknown"
  },
  {
    "title": "Espa\u00f1ol(Spanish)",
    "link": "https://www.breakthrought1d.org/es/noticias-y-actualizaciones/",
    "timestamp": "unknown"
  }
]