[
  {
    "title": "OverviewFocusPatient StoriesBESTOW Clinical TrialIn the NewsScienceMechanism of ActionPipelinePublications & PresentationsIn The NewsTeamLeadershipBoa",
    "link": "https://eledon.com/",
    "timestamp": "unknown"
  },
  {
    "title": "OverviewFocusPatient StoriesBESTOW Clinical TrialIn the NewsScienceMechanism of ActionPipelinePublications & PresentationsIn The NewsTeamLeadershipBoa",
    "link": "https://eledon.com/",
    "timestamp": "unknown"
  },
  {
    "title": "OverviewFocusPatient StoriesBESTOW Clinical TrialIn the NewsScienceMechanism of ActionPipelinePublications & PresentationsIn The NewsTeamLeadershipBoa",
    "link": "https://eledon.com/",
    "timestamp": "unknown"
  },
  {
    "title": "OverviewFocusPatient StoriesBESTOW Clinical TrialIn the NewsScienceMechanism of ActionPipelinePublications & PresentationsIn The NewsTeamLeadershipBoa",
    "link": "https://eledon.com/",
    "timestamp": "unknown"
  },
  {
    "title": "OverviewFocusPatient StoriesBESTOW Clinical TrialIn the NewsScienceMechanism of ActionPipelinePublications & PresentationsIn The NewsTeamLeadershipBoa",
    "link": "https://www.eledon.com/overview/focus/",
    "timestamp": "unknown"
  },
  {
    "title": "OverviewFocusPatient StoriesBESTOW Clinical TrialIn the News",
    "link": "https://www.eledon.com/overview/focus/",
    "timestamp": "unknown"
  },
  {
    "title": "Focus",
    "link": "https://www.eledon.com/overview/focus/",
    "timestamp": "unknown"
  },
  {
    "title": "Patient Stories",
    "link": "https://www.eledon.com/overview/patient-stories/",
    "timestamp": "unknown"
  },
  {
    "title": "BESTOW Clinical Trial",
    "link": "https://www.eledon.com/overview/bestow-clinical-trial/",
    "timestamp": "unknown"
  },
  {
    "title": "In the News",
    "link": "https://www.eledon.com/overview/in-the-news/",
    "timestamp": "unknown"
  },
  {
    "title": "ScienceMechanism of ActionPipelinePublications & PresentationsIn The News",
    "link": "https://www.eledon.com/science/mechanism-of-action/",
    "timestamp": "unknown"
  },
  {
    "title": "Mechanism of Action",
    "link": "https://www.eledon.com/science/mechanism-of-action/",
    "timestamp": "unknown"
  },
  {
    "title": "Pipeline",
    "link": "https://www.eledon.com/science/pipeline/",
    "timestamp": "unknown"
  },
  {
    "title": "Publications & Presentations",
    "link": "https://ir.eledon.com/news-and-events/publications-and-presentations",
    "timestamp": "unknown"
  },
  {
    "title": "In The News",
    "link": "https://eledon.com/science/in-the-news-science/",
    "timestamp": "unknown"
  },
  {
    "title": "TeamLeadershipBoard of Directors",
    "link": "https://www.eledon.com/team/",
    "timestamp": "unknown"
  },
  {
    "title": "Leadership",
    "link": "https://www.eledon.com/team/#leadership",
    "timestamp": "unknown"
  },
  {
    "title": "Board of Directors",
    "link": "https://www.eledon.com/team/#board-of-directors",
    "timestamp": "unknown"
  },
  {
    "title": "InvestorsOverviewNews & EventsPress ReleasesEventsPublications & PresentationsCorporate GovernanceGovernance OverviewCommittee CompositionEthics Hotli",
    "link": "https://ir.eledon.com/investor-relations",
    "timestamp": "unknown"
  },
  {
    "title": "Overview",
    "link": "https://ir.eledon.com/",
    "timestamp": "unknown"
  },
  {
    "title": "News & EventsPress ReleasesEventsPublications & Presentations",
    "link": "https://ir.eledon.com/news-and-events/press-releases",
    "timestamp": "unknown"
  },
  {
    "title": "Press Releases",
    "link": "https://ir.eledon.com/news-and-events/press-releases",
    "timestamp": "unknown"
  },
  {
    "title": "Events",
    "link": "https://ir.eledon.com/news-and-events/events",
    "timestamp": "unknown"
  },
  {
    "title": "Publications & Presentations",
    "link": "https://ir.eledon.com/news-and-events/publications-and-presentations",
    "timestamp": "unknown"
  },
  {
    "title": "Corporate GovernanceGovernance OverviewCommittee CompositionEthics Hotline",
    "link": "https://ir.eledon.com/corporate-governance/governance-overview",
    "timestamp": "unknown"
  },
  {
    "title": "Governance Overview",
    "link": "https://ir.eledon.com/corporate-governance/governance-overview",
    "timestamp": "unknown"
  },
  {
    "title": "Committee Composition",
    "link": "https://ir.eledon.com/corporate-governance/committee-composition",
    "timestamp": "unknown"
  },
  {
    "title": "Ethics Hotline",
    "link": "https://ir.eledon.com/corporate-governance/ethics-hotline",
    "timestamp": "unknown"
  },
  {
    "title": "FinancialsSEC Filings",
    "link": "https://ir.eledon.com/financials/sec-filings",
    "timestamp": "unknown"
  },
  {
    "title": "SEC Filings",
    "link": "https://ir.eledon.com/financials/sec-filings",
    "timestamp": "unknown"
  },
  {
    "title": "Stock InformationStock Quote & ChartAnalyst Coverage",
    "link": "https://ir.eledon.com/stock-information/stock-quote-chart",
    "timestamp": "unknown"
  },
  {
    "title": "Stock Quote & Chart",
    "link": "https://ir.eledon.com/stock-information/stock-quote-chart",
    "timestamp": "unknown"
  },
  {
    "title": "Analyst Coverage",
    "link": "https://ir.eledon.com/stock-information/analyst-coverage",
    "timestamp": "unknown"
  },
  {
    "title": "ResourcesInvestor FAQsEmail AlertsContact IR",
    "link": "https://ir.eledon.com/resources/investor-faqs",
    "timestamp": "unknown"
  },
  {
    "title": "Investor FAQs",
    "link": "https://ir.eledon.com/resources/investor-faqs",
    "timestamp": "unknown"
  },
  {
    "title": "Email Alerts",
    "link": "https://ir.eledon.com/resources/email-alerts",
    "timestamp": "unknown"
  },
  {
    "title": "Contact IR",
    "link": "https://ir.eledon.com/resources/contact-ir",
    "timestamp": "unknown"
  },
  {
    "title": "Culture/CareersCultureCareers",
    "link": "https://www.eledon.com/careers-culture/culture/",
    "timestamp": "unknown"
  },
  {
    "title": "Culture",
    "link": "https://www.eledon.com/careers-culture/culture/",
    "timestamp": "unknown"
  },
  {
    "title": "Careers",
    "link": "https://www.eledon.com/careers-culture/careers/",
    "timestamp": "unknown"
  },
  {
    "title": "Contact",
    "link": "https://www.eledon.com/contact/",
    "timestamp": "unknown"
  },
  {
    "title": "Investor RelationsOverviewNews & EventsPress ReleasesEventsPublications & PresentationsCorporate GovernanceGovernance OverviewCommittee CompositionEth",
    "link": "https://ir.eledon.com/",
    "timestamp": "unknown"
  },
  {
    "title": "Investor RelationsOverviewNews & EventsPress ReleasesEventsPublications & PresentationsCorporate GovernanceGovernance OverviewCommittee CompositionEth",
    "link": "https://ir.eledon.com/",
    "timestamp": "unknown"
  },
  {
    "title": "OverviewNews & EventsPress ReleasesEventsPublications & PresentationsCorporate GovernanceGovernance OverviewCommittee CompositionEthics HotlineFinanci",
    "link": "https://ir.eledon.com/",
    "timestamp": "unknown"
  },
  {
    "title": "OverviewNews & EventsPress ReleasesEventsPublications & PresentationsCorporate GovernanceGovernance OverviewCommittee CompositionEthics HotlineFinanci",
    "link": "https://ir.eledon.com/",
    "timestamp": "unknown"
  },
  {
    "title": "Overview",
    "link": "https://ir.eledon.com/",
    "timestamp": "unknown"
  },
  {
    "title": "News & EventsPress ReleasesEventsPublications & Presentations",
    "link": "https://ir.eledon.com/news-and-events/press-releases",
    "timestamp": "unknown"
  },
  {
    "title": "Press Releases",
    "link": "https://ir.eledon.com/news-and-events/press-releases",
    "timestamp": "unknown"
  },
  {
    "title": "Events",
    "link": "https://ir.eledon.com/news-and-events/events",
    "timestamp": "unknown"
  },
  {
    "title": "Publications & Presentations",
    "link": "https://ir.eledon.com/news-and-events/publications-and-presentations",
    "timestamp": "unknown"
  },
  {
    "title": "Corporate GovernanceGovernance OverviewCommittee CompositionEthics Hotline",
    "link": "https://ir.eledon.com/corporate-governance/governance-overview",
    "timestamp": "unknown"
  },
  {
    "title": "Governance Overview",
    "link": "https://ir.eledon.com/corporate-governance/governance-overview",
    "timestamp": "unknown"
  },
  {
    "title": "Committee Composition",
    "link": "https://ir.eledon.com/corporate-governance/committee-composition",
    "timestamp": "unknown"
  },
  {
    "title": "Ethics Hotline",
    "link": "https://ir.eledon.com/corporate-governance/ethics-hotline",
    "timestamp": "unknown"
  },
  {
    "title": "FinancialsSEC Filings",
    "link": "https://ir.eledon.com/financials/sec-filings",
    "timestamp": "unknown"
  },
  {
    "title": "SEC Filings",
    "link": "https://ir.eledon.com/financials/sec-filings",
    "timestamp": "unknown"
  },
  {
    "title": "Stock InformationStock Quote & ChartAnalyst Coverage",
    "link": "https://ir.eledon.com/stock-information/stock-quote-chart",
    "timestamp": "unknown"
  },
  {
    "title": "Stock Quote & Chart",
    "link": "https://ir.eledon.com/stock-information/stock-quote-chart",
    "timestamp": "unknown"
  },
  {
    "title": "Analyst Coverage",
    "link": "https://ir.eledon.com/stock-information/analyst-coverage",
    "timestamp": "unknown"
  },
  {
    "title": "ResourcesInvestor FAQsEmail AlertsContact IR",
    "link": "https://ir.eledon.com/resources/investor-faqs",
    "timestamp": "unknown"
  },
  {
    "title": "Investor FAQs",
    "link": "https://ir.eledon.com/resources/investor-faqs",
    "timestamp": "unknown"
  },
  {
    "title": "Email Alerts",
    "link": "https://ir.eledon.com/resources/email-alerts",
    "timestamp": "unknown"
  },
  {
    "title": "Contact IR",
    "link": "https://ir.eledon.com/resources/contact-ir",
    "timestamp": "unknown"
  },
  {
    "title": "Corporate ProfileEledon Pharmaceuticals, Inc. is a clinical stage biotechnology company that is developing immune-modulating therapies for the managem",
    "link": "https://eledon.com/",
    "timestamp": "unknown"
  },
  {
    "title": "Corporate ProfileEledon Pharmaceuticals, Inc. is a clinical stage biotechnology company that is developing immune-modulating therapies for the managem",
    "link": "https://eledon.com/",
    "timestamp": "unknown"
  },
  {
    "title": "Corporate ProfileEledon Pharmaceuticals, Inc. is a clinical stage biotechnology company that is developing immune-modulating therapies for the managem",
    "link": "https://eledon.com/",
    "timestamp": "unknown"
  },
  {
    "title": "Corporate ProfileEledon Pharmaceuticals, Inc. is a clinical stage biotechnology company that is developing immune-modulating therapies for the managem",
    "link": "https://eledon.com/",
    "timestamp": "unknown"
  },
  {
    "title": "Corporate ProfileEledon Pharmaceuticals, Inc. is a clinical stage biotechnology company that is developing immune-modulating therapies for the managem",
    "link": "https://eledon.com/",
    "timestamp": "unknown"
  },
  {
    "title": "Corporate ProfileEledon Pharmaceuticals, Inc. is a clinical stage biotechnology company that is developing immune-modulating therapies for the managem",
    "link": "https://eledon.com/",
    "timestamp": "unknown"
  },
  {
    "title": "Corporate ProfileEledon Pharmaceuticals, Inc. is a clinical stage biotechnology company that is developing immune-modulating therapies for the managem",
    "link": "https://eledon.com/",
    "timestamp": "unknown"
  },
  {
    "title": "Corporate ProfileEledon Pharmaceuticals, Inc. is a clinical stage biotechnology company that is developing immune-modulating therapies for the managem",
    "link": "https://eledon.com/",
    "timestamp": "unknown"
  },
  {
    "title": "Corporate ProfileEledon Pharmaceuticals, Inc. is a clinical stage biotechnology company that is developing immune-modulating therapies for the managem",
    "link": "https://eledon.com/",
    "timestamp": "unknown"
  },
  {
    "title": "Corporate ProfileEledon Pharmaceuticals, Inc. is a clinical stage biotechnology company that is developing immune-modulating therapies for the managem",
    "link": "https://eledon.com/",
    "timestamp": "unknown"
  },
  {
    "title": "Corporate ProfileEledon Pharmaceuticals, Inc. is a clinical stage biotechnology company that is developing immune-modulating therapies for the managem",
    "link": "https://eledon.com/",
    "timestamp": "unknown"
  },
  {
    "title": "Corporate ProfileEledon Pharmaceuticals, Inc. is a clinical stage biotechnology company that is developing immune-modulating therapies for the managem",
    "link": "https://eledon.com/",
    "timestamp": "unknown"
  },
  {
    "title": "Eledon Pharmaceuticals, Inc. is a clinical stage biotechnology company that is developing immune-modulating therapies for the management and treatment",
    "link": "https://eledon.com/",
    "timestamp": "unknown"
  },
  {
    "title": "Press Releases//Eledon Pharmaceuticals to Participate in the Guggenheim Emerging Outlook: Biotech Summit//Eledon Pharmaceuticals Presents Long-Term Ph",
    "link": "https://ir.eledon.com/news-releases/news-release-details/eledon-pharmaceuticals-participate-guggenheim-emerging-outlook",
    "timestamp": "unknown"
  },
  {
    "title": "Press Releases//Eledon Pharmaceuticals to Participate in the Guggenheim Emerging Outlook: Biotech Summit//Eledon Pharmaceuticals Presents Long-Term Ph",
    "link": "https://ir.eledon.com/news-releases/news-release-details/eledon-pharmaceuticals-participate-guggenheim-emerging-outlook",
    "timestamp": "unknown"
  },
  {
    "title": "Press Releases//Eledon Pharmaceuticals to Participate in the Guggenheim Emerging Outlook: Biotech Summit//Eledon Pharmaceuticals Presents Long-Term Ph",
    "link": "https://ir.eledon.com/news-releases/news-release-details/eledon-pharmaceuticals-participate-guggenheim-emerging-outlook",
    "timestamp": "unknown"
  },
  {
    "title": "Press Releases//Eledon Pharmaceuticals to Participate in the Guggenheim Emerging Outlook: Biotech Summit//Eledon Pharmaceuticals Presents Long-Term Ph",
    "link": "https://ir.eledon.com/news-releases/news-release-details/eledon-pharmaceuticals-participate-guggenheim-emerging-outlook",
    "timestamp": "unknown"
  },
  {
    "title": "Press Releases//Eledon Pharmaceuticals to Participate in the Guggenheim Emerging Outlook: Biotech Summit//Eledon Pharmaceuticals Presents Long-Term Ph",
    "link": "https://ir.eledon.com/news-releases/news-release-details/eledon-pharmaceuticals-participate-guggenheim-emerging-outlook",
    "timestamp": "unknown"
  },
  {
    "title": "Press Releases//Eledon Pharmaceuticals to Participate in the Guggenheim Emerging Outlook: Biotech Summit//Eledon Pharmaceuticals Presents Long-Term Ph",
    "link": "https://ir.eledon.com/news-releases/news-release-details/eledon-pharmaceuticals-participate-guggenheim-emerging-outlook",
    "timestamp": "unknown"
  },
  {
    "title": "Press Releases//Eledon Pharmaceuticals to Participate in the Guggenheim Emerging Outlook: Biotech Summit//Eledon Pharmaceuticals Presents Long-Term Ph",
    "link": "https://ir.eledon.com/news-releases/news-release-details/eledon-pharmaceuticals-participate-guggenheim-emerging-outlook",
    "timestamp": "unknown"
  },
  {
    "title": "Press Releases//Eledon Pharmaceuticals to Participate in the Guggenheim Emerging Outlook: Biotech Summit//Eledon Pharmaceuticals Presents Long-Term Ph",
    "link": "https://ir.eledon.com/news-releases/news-release-details/eledon-pharmaceuticals-participate-guggenheim-emerging-outlook",
    "timestamp": "unknown"
  },
  {
    "title": "Press Releases//Eledon Pharmaceuticals to Participate in the Guggenheim Emerging Outlook: Biotech Summit//Eledon Pharmaceuticals Presents Long-Term Ph",
    "link": "https://ir.eledon.com/news-releases/news-release-details/eledon-pharmaceuticals-participate-guggenheim-emerging-outlook",
    "timestamp": "unknown"
  },
  {
    "title": "//Eledon Pharmaceuticals to Participate in the Guggenheim Emerging Outlook: Biotech Summit//Eledon Pharmaceuticals Presents Long-Term Phase 1b Data fo",
    "link": "https://ir.eledon.com/news-releases/news-release-details/eledon-pharmaceuticals-participate-guggenheim-emerging-outlook",
    "timestamp": "unknown"
  },
  {
    "title": "//Eledon Pharmaceuticals to Participate in the Guggenheim Emerging Outlook: Biotech Summit//Eledon Pharmaceuticals Presents Long-Term Phase 1b Data fo",
    "link": "https://ir.eledon.com/news-releases/news-release-details/eledon-pharmaceuticals-participate-guggenheim-emerging-outlook",
    "timestamp": "unknown"
  },
  {
    "title": "//Eledon Pharmaceuticals to Participate in the Guggenheim Emerging Outlook: Biotech Summit",
    "link": "https://ir.eledon.com/news-releases/news-release-details/eledon-pharmaceuticals-participate-guggenheim-emerging-outlook",
    "timestamp": "unknown"
  },
  {
    "title": "//Eledon Pharmaceuticals to Participate in the Guggenheim Emerging Outlook: Biotech Summit",
    "link": "https://ir.eledon.com/news-releases/news-release-details/eledon-pharmaceuticals-participate-guggenheim-emerging-outlook",
    "timestamp": "unknown"
  },
  {
    "title": "//Eledon Pharmaceuticals to Participate in the Guggenheim Emerging Outlook: Biotech Summit",
    "link": "https://ir.eledon.com/news-releases/news-release-details/eledon-pharmaceuticals-participate-guggenheim-emerging-outlook",
    "timestamp": "unknown"
  },
  {
    "title": "//Eledon Pharmaceuticals to Participate in the Guggenheim Emerging Outlook: Biotech Summit",
    "link": "https://ir.eledon.com/news-releases/news-release-details/eledon-pharmaceuticals-participate-guggenheim-emerging-outlook",
    "timestamp": "unknown"
  },
  {
    "title": "Eledon Pharmaceuticals to Participate in the Guggenheim Emerging Outlook: Biotech Summit",
    "link": "https://ir.eledon.com/news-releases/news-release-details/eledon-pharmaceuticals-participate-guggenheim-emerging-outlook",
    "timestamp": "unknown"
  },
  {
    "title": "Eledon Pharmaceuticals to Participate in the Guggenheim Emerging Outlook: Biotech Summit",
    "link": "https://ir.eledon.com/news-releases/news-release-details/eledon-pharmaceuticals-participate-guggenheim-emerging-outlook",
    "timestamp": "unknown"
  },
  {
    "title": "//Eledon Pharmaceuticals Presents Long-Term Phase 1b Data for Tegoprubart in Kidney Transplant Patients at the American Society of Transplant Surgeons",
    "link": "https://ir.eledon.com/news-releases/news-release-details/eledon-pharmaceuticals-presents-long-term-phase-1b-data",
    "timestamp": "unknown"
  },
  {
    "title": "//Eledon Pharmaceuticals Presents Long-Term Phase 1b Data for Tegoprubart in Kidney Transplant Patients at the American Society of Transplant Surgeons",
    "link": "https://ir.eledon.com/news-releases/news-release-details/eledon-pharmaceuticals-presents-long-term-phase-1b-data",
    "timestamp": "unknown"
  },
  {
    "title": "//Eledon Pharmaceuticals Presents Long-Term Phase 1b Data for Tegoprubart in Kidney Transplant Patients at the American Society of Transplant Surgeons",
    "link": "https://ir.eledon.com/news-releases/news-release-details/eledon-pharmaceuticals-presents-long-term-phase-1b-data",
    "timestamp": "unknown"
  },
  {
    "title": "//Eledon Pharmaceuticals Presents Long-Term Phase 1b Data for Tegoprubart in Kidney Transplant Patients at the American Society of Transplant Surgeons",
    "link": "https://ir.eledon.com/news-releases/news-release-details/eledon-pharmaceuticals-presents-long-term-phase-1b-data",
    "timestamp": "unknown"
  },
  {
    "title": "Eledon Pharmaceuticals Presents Long-Term Phase 1b Data for Tegoprubart in Kidney Transplant Patients at the American Society of Transplant Surgeons W",
    "link": "https://ir.eledon.com/news-releases/news-release-details/eledon-pharmaceuticals-presents-long-term-phase-1b-data",
    "timestamp": "unknown"
  },
  {
    "title": "Eledon Pharmaceuticals Presents Long-Term Phase 1b Data for Tegoprubart in Kidney Transplant Patients at the American Society of Transplant Surgeons W",
    "link": "https://ir.eledon.com/news-releases/news-release-details/eledon-pharmaceuticals-presents-long-term-phase-1b-data",
    "timestamp": "unknown"
  },
  {
    "title": "Corporate Presentation",
    "link": "https://ir.eledon.com/static-files/e15dcf4a-09b4-4ca5--101dcdbcc76a",
    "timestamp": "unknown"
  },
  {
    "title": "Corporate Presentation",
    "link": "https://ir.eledon.com/static-files/e15dcf4a-09b4-4ca5--101dcdbcc76a",
    "timestamp": "unknown"
  },
  {
    "title": "Corporate Presentation",
    "link": "https://ir.eledon.com/static-files/e15dcf4a-09b4-4ca5--101dcdbcc76a",
    "timestamp": "unknown"
  },
  {
    "title": "Corporate Presentation",
    "link": "https://ir.eledon.com/static-files/e15dcf4a-09b4-4ca5--101dcdbcc76a",
    "timestamp": "unknown"
  },
  {
    "title": "Corporate Presentation",
    "link": "https://ir.eledon.com/static-files/e15dcf4a-09b4-4ca5--101dcdbcc76a",
    "timestamp": "unknown"
  },
  {
    "title": "Corporate Presentation",
    "link": "https://ir.eledon.com/static-files/e15dcf4a-09b4-4ca5--101dcdbcc76a",
    "timestamp": "unknown"
  },
  {
    "title": "Corporate Presentation",
    "link": "https://ir.eledon.com/static-files/e15dcf4a-09b4-4ca5--101dcdbcc76a",
    "timestamp": "unknown"
  },
  {
    "title": "Events//atESTPiper Sandler 37th Annual Healthcare ConferenceClick here for the webcast//atESTGuggenheim Second Annual Healthcare Innovation Conference",
    "link": "https://ir.eledon.com/events/event-details/piper-sandler-37th-annual-healthcare-conference",
    "timestamp": "unknown"
  },
  {
    "title": "Events//atESTPiper Sandler 37th Annual Healthcare ConferenceClick here for the webcast//atESTGuggenheim Second Annual Healthcare Innovation Conference",
    "link": "https://ir.eledon.com/events/event-details/piper-sandler-37th-annual-healthcare-conference",
    "timestamp": "unknown"
  },
  {
    "title": "Events//atESTPiper Sandler 37th Annual Healthcare ConferenceClick here for the webcast//atESTGuggenheim Second Annual Healthcare Innovation Conference",
    "link": "https://ir.eledon.com/events/event-details/piper-sandler-37th-annual-healthcare-conference",
    "timestamp": "unknown"
  },
  {
    "title": "Events//atESTPiper Sandler 37th Annual Healthcare ConferenceClick here for the webcast//atESTGuggenheim Second Annual Healthcare Innovation Conference",
    "link": "https://ir.eledon.com/events/event-details/piper-sandler-37th-annual-healthcare-conference",
    "timestamp": "unknown"
  },
  {
    "title": "Events//atESTPiper Sandler 37th Annual Healthcare ConferenceClick here for the webcast//atESTGuggenheim Second Annual Healthcare Innovation Conference",
    "link": "https://ir.eledon.com/events/event-details/piper-sandler-37th-annual-healthcare-conference",
    "timestamp": "unknown"
  },
  {
    "title": "Events//atESTPiper Sandler 37th Annual Healthcare ConferenceClick here for the webcast//atESTGuggenheim Second Annual Healthcare Innovation Conference",
    "link": "https://ir.eledon.com/events/event-details/piper-sandler-37th-annual-healthcare-conference",
    "timestamp": "unknown"
  },
  {
    "title": "Events//atESTPiper Sandler 37th Annual Healthcare ConferenceClick here for the webcast//atESTGuggenheim Second Annual Healthcare Innovation Conference",
    "link": "https://ir.eledon.com/events/event-details/piper-sandler-37th-annual-healthcare-conference",
    "timestamp": "unknown"
  },
  {
    "title": "//atESTPiper Sandler 37th Annual Healthcare ConferenceClick here for the webcast//atESTGuggenheim Second Annual Healthcare Innovation ConferenceClick ",
    "link": "https://ir.eledon.com/events/event-details/piper-sandler-37th-annual-healthcare-conference",
    "timestamp": "unknown"
  },
  {
    "title": "//atESTPiper Sandler 37th Annual Healthcare ConferenceClick here for the webcast//atESTGuggenheim Second Annual Healthcare Innovation ConferenceClick ",
    "link": "https://ir.eledon.com/events/event-details/piper-sandler-37th-annual-healthcare-conference",
    "timestamp": "unknown"
  },
  {
    "title": "//atESTPiper Sandler 37th Annual Healthcare ConferenceClick here for the webcast",
    "link": "https://ir.eledon.com/events/event-details/piper-sandler-37th-annual-healthcare-conference",
    "timestamp": "unknown"
  },
  {
    "title": "//atESTPiper Sandler 37th Annual Healthcare ConferenceClick here for the webcast",
    "link": "https://ir.eledon.com/events/event-details/piper-sandler-37th-annual-healthcare-conference",
    "timestamp": "unknown"
  },
  {
    "title": "//atESTPiper Sandler 37th Annual Healthcare ConferenceClick here for the webcast",
    "link": "https://ir.eledon.com/events/event-details/piper-sandler-37th-annual-healthcare-conference",
    "timestamp": "unknown"
  },
  {
    "title": "//atESTPiper Sandler 37th Annual Healthcare ConferenceClick here for the webcast",
    "link": "https://ir.eledon.com/events/event-details/piper-sandler-37th-annual-healthcare-conference",
    "timestamp": "unknown"
  },
  {
    "title": "Piper Sandler 37th Annual Healthcare Conference",
    "link": "https://ir.eledon.com/events/event-details/piper-sandler-37th-annual-healthcare-conference",
    "timestamp": "unknown"
  },
  {
    "title": "Piper Sandler 37th Annual Healthcare Conference",
    "link": "https://ir.eledon.com/events/event-details/piper-sandler-37th-annual-healthcare-conference",
    "timestamp": "unknown"
  },
  {
    "title": "Piper Sandler 37th Annual Healthcare Conference",
    "link": "https://ir.eledon.com/events/event-details/piper-sandler-37th-annual-healthcare-conference",
    "timestamp": "unknown"
  },
  {
    "title": "Click here for the webcast",
    "link": "https://event.webcasts.com/starthere.jsp?ei=&tp_key=288698b48c",
    "timestamp": "unknown"
  },
  {
    "title": "Click here for the webcast",
    "link": "https://event.webcasts.com/starthere.jsp?ei=&tp_key=288698b48c",
    "timestamp": "unknown"
  },
  {
    "title": "Click here for the webcast",
    "link": "https://event.webcasts.com/starthere.jsp?ei=&tp_key=288698b48c",
    "timestamp": "unknown"
  },
  {
    "title": "//atESTGuggenheim Second Annual Healthcare Innovation ConferenceClick here for the webcast",
    "link": "https://ir.eledon.com/events/event-details/guggenheim-second-annual-healthcare-innovation-conference",
    "timestamp": "unknown"
  },
  {
    "title": "//atESTGuggenheim Second Annual Healthcare Innovation ConferenceClick here for the webcast",
    "link": "https://ir.eledon.com/events/event-details/guggenheim-second-annual-healthcare-innovation-conference",
    "timestamp": "unknown"
  },
  {
    "title": "//atESTGuggenheim Second Annual Healthcare Innovation ConferenceClick here for the webcast",
    "link": "https://ir.eledon.com/events/event-details/guggenheim-second-annual-healthcare-innovation-conference",
    "timestamp": "unknown"
  },
  {
    "title": "//atESTGuggenheim Second Annual Healthcare Innovation ConferenceClick here for the webcast",
    "link": "https://ir.eledon.com/events/event-details/guggenheim-second-annual-healthcare-innovation-conference",
    "timestamp": "unknown"
  },
  {
    "title": "Guggenheim Second Annual Healthcare Innovation Conference",
    "link": "https://ir.eledon.com/events/event-details/guggenheim-second-annual-healthcare-innovation-conference",
    "timestamp": "unknown"
  },
  {
    "title": "Guggenheim Second Annual Healthcare Innovation Conference",
    "link": "https://ir.eledon.com/events/event-details/guggenheim-second-annual-healthcare-innovation-conference",
    "timestamp": "unknown"
  },
  {
    "title": "Guggenheim Second Annual Healthcare Innovation Conference",
    "link": "https://ir.eledon.com/events/event-details/guggenheim-second-annual-healthcare-innovation-conference",
    "timestamp": "unknown"
  },
  {
    "title": "Click here for the webcast",
    "link": "https://event.summitcast.com/view/6h3HS7z68WnTQE5PS7Vq8J/guest_book?session_id=EnkBsxKUwcwq4QENPSYctn",
    "timestamp": "unknown"
  },
  {
    "title": "Click here for the webcast",
    "link": "https://event.summitcast.com/view/6h3HS7z68WnTQE5PS7Vq8J/guest_book?session_id=EnkBsxKUwcwq4QENPSYctn",
    "timestamp": "unknown"
  },
  {
    "title": "Click here for the webcast",
    "link": "https://event.summitcast.com/view/6h3HS7z68WnTQE5PS7Vq8J/guest_book?session_id=EnkBsxKUwcwq4QENPSYctn",
    "timestamp": "unknown"
  },
  {
    "title": "OverviewScienceTeamInvestorsCulture/CareersContactCopyright \u00a9  Eledon Pharmaceuticals, Inc. | All Rights Reserved |Privacy Policy|Terms of Use",
    "link": "https://eledon.com/",
    "timestamp": "unknown"
  },
  {
    "title": "OverviewScienceTeamInvestorsCulture/CareersContact",
    "link": "https://eledon.com/",
    "timestamp": "unknown"
  },
  {
    "title": "OverviewScienceTeamInvestorsCulture/CareersContact",
    "link": "https://www.eledon.com/overview/focus/",
    "timestamp": "unknown"
  },
  {
    "title": "OverviewScienceTeamInvestorsCulture/CareersContact",
    "link": "https://www.eledon.com/overview/focus/",
    "timestamp": "unknown"
  },
  {
    "title": "Overview",
    "link": "https://www.eledon.com/overview/focus/",
    "timestamp": "unknown"
  },
  {
    "title": "Science",
    "link": "https://www.eledon.com/science/mechanism-of-action/",
    "timestamp": "unknown"
  },
  {
    "title": "Team",
    "link": "https://www.eledon.com/team/",
    "timestamp": "unknown"
  },
  {
    "title": "Investors",
    "link": "https://ir.eledon.com/investor-relations",
    "timestamp": "unknown"
  },
  {
    "title": "Culture/Careers",
    "link": "https://www.eledon.com/careers-culture/culture/",
    "timestamp": "unknown"
  },
  {
    "title": "Contact",
    "link": "https://www.eledon.com/contact/",
    "timestamp": "unknown"
  },
  {
    "title": "Copyright \u00a9  Eledon Pharmaceuticals, Inc. | All Rights Reserved |Privacy Policy|Terms of Use",
    "link": "https://www.eledon.com/privacy-policy/",
    "timestamp": "unknown"
  },
  {
    "title": "OverviewFocusPatient StoriesBESTOW Clinical TrialIn the NewsScienceMechanism of ActionPipelinePublications & PresentationsIn The NewsTeamLeadershipBoa",
    "link": "https://eledon.com/",
    "timestamp": "unknown"
  },
  {
    "title": "OverviewFocusPatient StoriesBESTOW Clinical TrialIn the NewsScienceMechanism of ActionPipelinePublications & PresentationsIn The NewsTeamLeadershipBoa",
    "link": "https://www.eledon.com/overview/focus/",
    "timestamp": "unknown"
  },
  {
    "title": "OverviewFocusPatient StoriesBESTOW Clinical TrialIn the News",
    "link": "https://www.eledon.com/overview/focus/",
    "timestamp": "unknown"
  },
  {
    "title": "Focus",
    "link": "https://www.eledon.com/overview/focus/",
    "timestamp": "unknown"
  },
  {
    "title": "Patient Stories",
    "link": "https://www.eledon.com/overview/patient-stories/",
    "timestamp": "unknown"
  },
  {
    "title": "BESTOW Clinical Trial",
    "link": "https://www.eledon.com/overview/bestow-clinical-trial/",
    "timestamp": "unknown"
  },
  {
    "title": "In the News",
    "link": "https://www.eledon.com/overview/in-the-news/",
    "timestamp": "unknown"
  },
  {
    "title": "ScienceMechanism of ActionPipelinePublications & PresentationsIn The News",
    "link": "https://www.eledon.com/science/mechanism-of-action/",
    "timestamp": "unknown"
  },
  {
    "title": "Mechanism of Action",
    "link": "https://www.eledon.com/science/mechanism-of-action/",
    "timestamp": "unknown"
  },
  {
    "title": "Pipeline",
    "link": "https://www.eledon.com/science/pipeline/",
    "timestamp": "unknown"
  },
  {
    "title": "Publications & Presentations",
    "link": "https://ir.eledon.com/news-and-events/publications-and-presentations",
    "timestamp": "unknown"
  },
  {
    "title": "In The News",
    "link": "https://eledon.com/science/in-the-news-science/",
    "timestamp": "unknown"
  },
  {
    "title": "TeamLeadershipBoard of Directors",
    "link": "https://www.eledon.com/team/",
    "timestamp": "unknown"
  },
  {
    "title": "Leadership",
    "link": "https://www.eledon.com/team/#leadership",
    "timestamp": "unknown"
  },
  {
    "title": "Board of Directors",
    "link": "https://www.eledon.com/team/#board-of-directors",
    "timestamp": "unknown"
  },
  {
    "title": "InvestorsOverviewNews & EventsPress ReleasesEventsPublications & PresentationsCorporate GovernanceGovernance OverviewCommittee CompositionEthics Hotli",
    "link": "https://ir.eledon.com/investor-relations",
    "timestamp": "unknown"
  },
  {
    "title": "Overview",
    "link": "https://ir.eledon.com/",
    "timestamp": "unknown"
  },
  {
    "title": "News & EventsPress ReleasesEventsPublications & Presentations",
    "link": "https://ir.eledon.com/news-and-events/press-releases",
    "timestamp": "unknown"
  },
  {
    "title": "Press Releases",
    "link": "https://ir.eledon.com/news-and-events/press-releases",
    "timestamp": "unknown"
  },
  {
    "title": "Events",
    "link": "https://ir.eledon.com/news-and-events/events",
    "timestamp": "unknown"
  },
  {
    "title": "Publications & Presentations",
    "link": "https://ir.eledon.com/news-and-events/publications-and-presentations",
    "timestamp": "unknown"
  },
  {
    "title": "Corporate GovernanceGovernance OverviewCommittee CompositionEthics Hotline",
    "link": "https://ir.eledon.com/corporate-governance/governance-overview",
    "timestamp": "unknown"
  },
  {
    "title": "Governance Overview",
    "link": "https://ir.eledon.com/corporate-governance/governance-overview",
    "timestamp": "unknown"
  },
  {
    "title": "Committee Composition",
    "link": "https://ir.eledon.com/corporate-governance/committee-composition",
    "timestamp": "unknown"
  },
  {
    "title": "Ethics Hotline",
    "link": "https://ir.eledon.com/corporate-governance/ethics-hotline",
    "timestamp": "unknown"
  },
  {
    "title": "FinancialsSEC Filings",
    "link": "https://ir.eledon.com/financials/sec-filings",
    "timestamp": "unknown"
  },
  {
    "title": "SEC Filings",
    "link": "https://ir.eledon.com/financials/sec-filings",
    "timestamp": "unknown"
  },
  {
    "title": "Stock InformationStock Quote & ChartAnalyst Coverage",
    "link": "https://ir.eledon.com/stock-information/stock-quote-chart",
    "timestamp": "unknown"
  },
  {
    "title": "Stock Quote & Chart",
    "link": "https://ir.eledon.com/stock-information/stock-quote-chart",
    "timestamp": "unknown"
  },
  {
    "title": "Analyst Coverage",
    "link": "https://ir.eledon.com/stock-information/analyst-coverage",
    "timestamp": "unknown"
  },
  {
    "title": "ResourcesInvestor FAQsEmail AlertsContact IR",
    "link": "https://ir.eledon.com/resources/investor-faqs",
    "timestamp": "unknown"
  },
  {
    "title": "Investor FAQs",
    "link": "https://ir.eledon.com/resources/investor-faqs",
    "timestamp": "unknown"
  },
  {
    "title": "Email Alerts",
    "link": "https://ir.eledon.com/resources/email-alerts",
    "timestamp": "unknown"
  },
  {
    "title": "Contact IR",
    "link": "https://ir.eledon.com/resources/contact-ir",
    "timestamp": "unknown"
  },
  {
    "title": "Culture/CareersCultureCareers",
    "link": "https://www.eledon.com/careers-culture/culture/",
    "timestamp": "unknown"
  },
  {
    "title": "Culture",
    "link": "https://www.eledon.com/careers-culture/culture/",
    "timestamp": "unknown"
  },
  {
    "title": "Careers",
    "link": "https://www.eledon.com/careers-culture/careers/",
    "timestamp": "unknown"
  },
  {
    "title": "Contact",
    "link": "https://www.eledon.com/contact/",
    "timestamp": "unknown"
  }
]