[
  {
    "title": "spacerlargecenterDEVELOPMENTSWhat we\u2019re doing100pxExplore press releases, stories, media materials, and more.20pxSee all storieslink/news/storiesaddit",
    "link": "https://www.lilly.com/news/stories",
    "timestamp": "unknown"
  },
  {
    "title": "centerDEVELOPMENTSWhat we\u2019re doing100pxExplore press releases, stories, media materials, and more.20pxSee all storieslink/news/stories",
    "link": "https://www.lilly.com/news/stories",
    "timestamp": "unknown"
  },
  {
    "title": "/news/stories",
    "link": "https://www.lilly.com/news/stories",
    "timestamp": "unknown"
  },
  {
    "title": "/news/stories",
    "link": "https://www.lilly.com/news/stories",
    "timestamp": "unknown"
  },
  {
    "title": "leftFemale scientist in white lab coat looking into microscopeWhat to Know About Orforglipron: An Investigational Oral GLP-48pxDiscover frequently ask",
    "link": "https://www.lilly.com/news/stories/what-to-know-about-orforglipron",
    "timestamp": "unknown"
  },
  {
    "title": "leftFemale scientist in white lab coat looking into microscopeWhat to Know About Orforglipron: An Investigational Oral GLP-48pxDiscover frequently ask",
    "link": "https://www.lilly.com/news/stories/what-to-know-about-orforglipron",
    "timestamp": "unknown"
  },
  {
    "title": "/news/stories/what-to-know-about-orforglipron",
    "link": "https://www.lilly.com/news/stories/what-to-know-about-orforglipron",
    "timestamp": "unknown"
  },
  {
    "title": "/news/stories/what-to-know-about-orforglipron",
    "link": "https://www.lilly.com/news/stories/what-to-know-about-orforglipron",
    "timestamp": "unknown"
  },
  {
    "title": "Two Words That Could Change Cancer Care32px--20T00:.000ZTwo words can change cancer care: clinical trials. Learn more from actor and advocate Rob Lowe",
    "link": "https://www.lilly.com/news/stories/two-words-could-change-cancer",
    "timestamp": "unknown"
  },
  {
    "title": "Two Words That Could Change Cancer Care32px--20T00:.000ZTwo words can change cancer care: clinical trials. Learn more from actor and advocate Rob Lowe",
    "link": "https://www.lilly.com/news/stories/two-words-could-change-cancer",
    "timestamp": "unknown"
  },
  {
    "title": "Two Words That Could Change Cancer Care32px--20T00:.000ZTwo words can change cancer care: clinical trials. Learn more from actor and advocate Rob Lowe",
    "link": "https://www.lilly.com/news/stories/two-words-could-change-cancer",
    "timestamp": "unknown"
  },
  {
    "title": "/news/stories/two-words-could-change-cancer",
    "link": "https://www.lilly.com/news/stories/two-words-could-change-cancer",
    "timestamp": "unknown"
  },
  {
    "title": "Breaking ground to support groundbreaking science: The Lilly Medicine Foundry32px--06T00:.000ZThe Lilly Medicine Foundry is designed to bring ideas to",
    "link": "https://www.lilly.com/news/stories/lilly-medicine-foundry",
    "timestamp": "unknown"
  },
  {
    "title": "/news/stories/lilly-medicine-foundry",
    "link": "https://www.lilly.com/news/stories/lilly-medicine-foundry",
    "timestamp": "unknown"
  },
  {
    "title": "leftPRESS RELEASESThe latest from Lilly100pxFind information on our medicine, clinical trials, company news, and more.20pxSee all press releaseslink/n",
    "link": "https://www.lilly.com/news/press-releases",
    "timestamp": "unknown"
  },
  {
    "title": "/news/press-releases",
    "link": "https://www.lilly.com/news/press-releases",
    "timestamp": "unknown"
  },
  {
    "title": "/news/press-releases",
    "link": "https://www.lilly.com/news/press-releases",
    "timestamp": "unknown"
  },
  {
    "title": "dividersmallsecondarysmallcenterMEDIABrand and marketingmedia kits100pxAccess a variety of multimedia materials\u2014including fact sheets, infographics, p",
    "link": "https://www.lilly.com/news/media",
    "timestamp": "unknown"
  },
  {
    "title": "centerMEDIABrand and marketingmedia kits100pxAccess a variety of multimedia materials\u2014including fact sheets, infographics, photos, logos, select press",
    "link": "https://www.lilly.com/news/media",
    "timestamp": "unknown"
  },
  {
    "title": "/news/media",
    "link": "https://www.lilly.com/news/media",
    "timestamp": "unknown"
  },
  {
    "title": "/news/media",
    "link": "https://www.lilly.com/news/media",
    "timestamp": "unknown"
  },
  {
    "title": "imageSlideMedicines we\u2019re developing100pxRingsideWe value transparency in how effective medicine is developed. See our progress toward our areas of im",
    "link": "https://www.lilly.com/science/research-development/pipeline",
    "timestamp": "unknown"
  },
  {
    "title": "imageSlideMedicines we\u2019re developing100pxRingsideWe value transparency in how effective medicine is developed. See our progress toward our areas of im",
    "link": "https://www.lilly.com/science/research-development/pipeline",
    "timestamp": "unknown"
  },
  {
    "title": "/science/research-development/pipeline",
    "link": "https://www.lilly.com/science/research-development/pipeline",
    "timestamp": "unknown"
  },
  {
    "title": "/science/research-development/pipeline",
    "link": "https://www.lilly.com/science/research-development/pipeline",
    "timestamp": "unknown"
  },
  {
    "title": "spacerlargelargespacerlargelargespacerlargelargeExplore More48pxKey facts32pxSince , we've pioneered discoveries and medicine to help make life better",
    "link": "https://www.lilly.com/about/key-facts",
    "timestamp": "unknown"
  },
  {
    "title": "Explore More48pxKey facts32pxSince , we've pioneered discoveries and medicine to help make life better for people around the world\u2028.Learn more about L",
    "link": "https://www.lilly.com/about/key-facts",
    "timestamp": "unknown"
  },
  {
    "title": "Key facts32pxSince , we've pioneered discoveries and medicine to help make life better for people around the world\u2028.Learn more about Lillylink/about/k",
    "link": "https://www.lilly.com/about/key-facts",
    "timestamp": "unknown"
  },
  {
    "title": "/about/key-facts",
    "link": "https://www.lilly.com/about/key-facts",
    "timestamp": "unknown"
  },
  {
    "title": "Conditions we treat32pxLearn more information about the condition areas we treat, explore care options and hear from patients first-hand.16pxView all ",
    "link": "https://www.lilly.com/conditions",
    "timestamp": "unknown"
  },
  {
    "title": "/conditions",
    "link": "https://www.lilly.com/conditions",
    "timestamp": "unknown"
  },
  {
    "title": "Our medicines32pxView our growing portfolio of treatment options.16pxSee Lilly medicineslink/medicines",
    "link": "https://www.lilly.com/medicines",
    "timestamp": "unknown"
  },
  {
    "title": "/medicines",
    "link": "https://www.lilly.com/medicines",
    "timestamp": "unknown"
  }
]