[
  {
    "title": "Event CalendarPlease find below upcoming and previous scientific as well as Investor Relations events.SolutionsCompanyIR & NewsJobs & CareersAll Scien",
    "link": "https://www.evotec.com/solutions",
    "timestamp": "unknown"
  },
  {
    "title": "SolutionsCompanyIR & NewsJobs & CareersAll Scientific ResourcesImprintTerms & ConditionsLegal NoticePrivacy PolicyAccessibilityRSSSearchContact Usinfo",
    "link": "https://www.evotec.com/solutions",
    "timestamp": "unknown"
  },
  {
    "title": "SolutionsCompanyIR & NewsJobs & CareersAll Scientific ResourcesImprintTerms & ConditionsLegal NoticePrivacy PolicyAccessibilityRSSSearchContact Usinfo",
    "link": "https://www.evotec.com/solutions",
    "timestamp": "unknown"
  },
  {
    "title": "SolutionsCompanyIR & NewsJobs & CareersAll Scientific ResourcesImprintTerms & ConditionsLegal NoticePrivacy PolicyAccessibilityRSSSearchContact Usinfo",
    "link": "https://www.evotec.com/solutions",
    "timestamp": "unknown"
  },
  {
    "title": "SolutionsCompanyIR & NewsJobs & CareersAll Scientific Resources",
    "link": "https://www.evotec.com/solutions",
    "timestamp": "unknown"
  },
  {
    "title": "Solutions",
    "link": "https://www.evotec.com/solutions",
    "timestamp": "unknown"
  },
  {
    "title": "Company",
    "link": "https://www.evotec.com/company",
    "timestamp": "unknown"
  },
  {
    "title": "IR & News",
    "link": "https://www.evotec.com/ir-news",
    "timestamp": "unknown"
  },
  {
    "title": "Jobs & Careers",
    "link": "https://www.evotec.com/company/careers",
    "timestamp": "unknown"
  },
  {
    "title": "All Scientific Resources",
    "link": "https://www.evotec.com/science-pool/all-scientific-resources",
    "timestamp": "unknown"
  },
  {
    "title": "ImprintTerms & ConditionsLegal NoticePrivacy PolicyAccessibilityRSSSearch",
    "link": "https://www.evotec.com/imprint",
    "timestamp": "unknown"
  },
  {
    "title": "Imprint",
    "link": "https://www.evotec.com/imprint",
    "timestamp": "unknown"
  },
  {
    "title": "Terms & Conditions",
    "link": "https://www.evotec.com/terms-conditions",
    "timestamp": "unknown"
  },
  {
    "title": "Legal Notice",
    "link": "https://www.evotec.com/legal-notice",
    "timestamp": "unknown"
  },
  {
    "title": "Privacy Policy",
    "link": "https://www.evotec.com/privacy-policy",
    "timestamp": "unknown"
  },
  {
    "title": "Accessibility",
    "link": "https://www.evotec.com/accessibility",
    "timestamp": "unknown"
  },
  {
    "title": "RSS",
    "link": "https://www.evotec.com/company/media/news/rss",
    "timestamp": "unknown"
  },
  {
    "title": "Search",
    "link": "https://www.evotec.com/search",
    "timestamp": "unknown"
  },
  {
    "title": "Contact Usinfo@evotec.com+To Contact",
    "link": "mailto:info@evotec.com",
    "timestamp": "unknown"
  },
  {
    "title": "To Contact",
    "link": "https://www.evotec.com/contact",
    "timestamp": "unknown"
  },
  {
    "title": "Follow UsEvotecCyprotexJust - Evotec Biologics",
    "link": "https://www.linkedin.com/company/evotec",
    "timestamp": "unknown"
  },
  {
    "title": "Evotec",
    "link": "https://www.linkedin.com/company/evotec",
    "timestamp": "unknown"
  },
  {
    "title": "Cyprotex",
    "link": "https://www.linkedin.com/company/cyprotex/",
    "timestamp": "unknown"
  },
  {
    "title": "Just - Evotec Biologics",
    "link": "https://www.linkedin.com/company/just-inc-/",
    "timestamp": "unknown"
  },
  {
    "title": "\u00a9, All right reserved.",
    "link": "https://www.evotec.com/en",
    "timestamp": "unknown"
  },
  {
    "title": "\u00a9, All right reserved.",
    "link": "https://www.evotec.com/en",
    "timestamp": "unknown"
  },
  {
    "title": "\u00a9, All right reserved.",
    "link": "https://www.evotec.com/en",
    "timestamp": "unknown"
  },
  {
    "title": "\u00a9, All right reserved.",
    "link": "https://www.evotec.com/en",
    "timestamp": "unknown"
  }
]