[
  {
    "title": "OverviewNews & EventsPress ReleasesEvents & PresentationsFinancialsSEC FilingsAnnual ReportsQuarterly ReportsStock InformationStock Quote & ChartHisto",
    "link": "https://humacyte.com/",
    "timestamp": "unknown"
  },
  {
    "title": "OverviewNews & EventsPress ReleasesEvents & PresentationsFinancialsSEC FilingsAnnual ReportsQuarterly ReportsStock InformationStock Quote & ChartHisto",
    "link": "https://humacyte.com/",
    "timestamp": "unknown"
  },
  {
    "title": "OverviewNews & EventsPress ReleasesEvents & PresentationsFinancialsSEC FilingsAnnual ReportsQuarterly ReportsStock InformationStock Quote & ChartHisto",
    "link": "https://humacyte.com/",
    "timestamp": "unknown"
  },
  {
    "title": "OverviewNews & EventsPress ReleasesEvents & PresentationsFinancialsSEC FilingsAnnual ReportsQuarterly ReportsStock InformationStock Quote & ChartHisto",
    "link": "https://humacyte.com/",
    "timestamp": "unknown"
  },
  {
    "title": "OverviewNews & EventsPress ReleasesEvents & PresentationsFinancialsSEC FilingsAnnual ReportsQuarterly ReportsStock InformationStock Quote & ChartHisto",
    "link": "https://investors.humacyte.com/",
    "timestamp": "unknown"
  },
  {
    "title": "OverviewNews & EventsPress ReleasesEvents & PresentationsFinancialsSEC FilingsAnnual ReportsQuarterly ReportsStock InformationStock Quote & ChartHisto",
    "link": "https://investors.humacyte.com/",
    "timestamp": "unknown"
  },
  {
    "title": "Overview",
    "link": "https://investors.humacyte.com/",
    "timestamp": "unknown"
  },
  {
    "title": "News & EventsPress ReleasesEvents & Presentations",
    "link": "https://investors.humacyte.com/news-events/press-releases",
    "timestamp": "unknown"
  },
  {
    "title": "Press Releases",
    "link": "https://investors.humacyte.com/news-events/press-releases",
    "timestamp": "unknown"
  },
  {
    "title": "Events & Presentations",
    "link": "https://investors.humacyte.com/news-events/events-and-presentations",
    "timestamp": "unknown"
  },
  {
    "title": "FinancialsSEC FilingsAnnual ReportsQuarterly Reports",
    "link": "https://investors.humacyte.com/financial-information/sec-filings",
    "timestamp": "unknown"
  },
  {
    "title": "SEC Filings",
    "link": "https://investors.humacyte.com/financial-information/sec-filings",
    "timestamp": "unknown"
  },
  {
    "title": "Annual Reports",
    "link": "https://investors.humacyte.com/financial-information/annual-reports",
    "timestamp": "unknown"
  },
  {
    "title": "Quarterly Reports",
    "link": "https://investors.humacyte.com/financial-information/quarterly-reports",
    "timestamp": "unknown"
  },
  {
    "title": "Stock InformationStock Quote & ChartHistorical Price LookupAnalyst Coverage",
    "link": "https://investors.humacyte.com/stock-information/stock-quote-chart",
    "timestamp": "unknown"
  },
  {
    "title": "Stock Quote & Chart",
    "link": "https://investors.humacyte.com/stock-information/stock-quote-chart",
    "timestamp": "unknown"
  },
  {
    "title": "Historical Price Lookup",
    "link": "https://investors.humacyte.com/stock-information/historical-price-lookup",
    "timestamp": "unknown"
  },
  {
    "title": "Analyst Coverage",
    "link": "https://investors.humacyte.com/stock-information/analyst-coverage",
    "timestamp": "unknown"
  },
  {
    "title": "GovernanceDocuments & ChartersManagement Team & Board of DirectorsCommittee Composition",
    "link": "https://investors.humacyte.com/corporate-governance/documents-charters",
    "timestamp": "unknown"
  },
  {
    "title": "Documents & Charters",
    "link": "https://investors.humacyte.com/corporate-governance/documents-charters",
    "timestamp": "unknown"
  },
  {
    "title": "Management Team & Board of Directors",
    "link": "https://humacyte.com/company/",
    "timestamp": "unknown"
  },
  {
    "title": "Committee Composition",
    "link": "https://investors.humacyte.com/corporate-governance/committee-composition",
    "timestamp": "unknown"
  },
  {
    "title": "IR ResourcesEmail AlertsContact IRRSS Feeds",
    "link": "https://investors.humacyte.com/shareholder-services/email-alerts",
    "timestamp": "unknown"
  },
  {
    "title": "Email Alerts",
    "link": "https://investors.humacyte.com/shareholder-services/email-alerts",
    "timestamp": "unknown"
  },
  {
    "title": "Contact IR",
    "link": "https://investors.humacyte.com/shareholder-services/contact-ir",
    "timestamp": "unknown"
  },
  {
    "title": "RSS Feeds",
    "link": "https://investors.humacyte.com/shareholder-services/rss-feeds",
    "timestamp": "unknown"
  },
  {
    "title": "Group,,Annual FilingsCurrent ReportsMergers & AcquisitionsOtherProxy FilingsQuarterly FilingsRegistration StatementsFiling year- Any -Items per pageFi",
    "link": "https://investors.humacyte.com/financial-information/sec-filings?items_per_page=&order=field_nir_sec_date_filed&sort=asc",
    "timestamp": "unknown"
  },
  {
    "title": "Group,,Annual FilingsCurrent ReportsMergers & AcquisitionsOtherProxy FilingsQuarterly FilingsRegistration StatementsFiling year- Any -Items per pageFi",
    "link": "https://investors.humacyte.com/financial-information/sec-filings?items_per_page=&order=field_nir_sec_date_filed&sort=asc",
    "timestamp": "unknown"
  },
  {
    "title": "Group,,Annual FilingsCurrent ReportsMergers & AcquisitionsOtherProxy FilingsQuarterly FilingsRegistration StatementsFiling year- Any -Items per pageFi",
    "link": "https://investors.humacyte.com/financial-information/sec-filings?items_per_page=&order=field_nir_sec_date_filed&sort=asc",
    "timestamp": "unknown"
  },
  {
    "title": "Group,,Annual FilingsCurrent ReportsMergers & AcquisitionsOtherProxy FilingsQuarterly FilingsRegistration StatementsFiling year- Any -Items per pageFi",
    "link": "https://investors.humacyte.com/financial-information/sec-filings?items_per_page=&order=field_nir_sec_date_filed&sort=asc",
    "timestamp": "unknown"
  },
  {
    "title": "Group,,Annual FilingsCurrent ReportsMergers & AcquisitionsOtherProxy FilingsQuarterly FilingsRegistration StatementsFiling year- Any -Items per pageFi",
    "link": "https://investors.humacyte.com/financial-information/sec-filings?items_per_page=&order=field_nir_sec_date_filed&sort=asc",
    "timestamp": "unknown"
  },
  {
    "title": "Group,,Annual FilingsCurrent ReportsMergers & AcquisitionsOtherProxy FilingsQuarterly FilingsRegistration StatementsFiling year- Any -Items per pageFi",
    "link": "https://investors.humacyte.com/financial-information/sec-filings?items_per_page=&order=field_nir_sec_date_filed&sort=asc",
    "timestamp": "unknown"
  },
  {
    "title": "Group,,Annual FilingsCurrent ReportsMergers & AcquisitionsOtherProxy FilingsQuarterly FilingsRegistration StatementsFiling year- Any -Items per pageFi",
    "link": "https://investors.humacyte.com/financial-information/sec-filings?items_per_page=&order=field_nir_sec_date_filed&sort=asc",
    "timestamp": "unknown"
  },
  {
    "title": "Group,,Annual FilingsCurrent ReportsMergers & AcquisitionsOtherProxy FilingsQuarterly FilingsRegistration StatementsFiling year- Any -Items per pageFi",
    "link": "https://investors.humacyte.com/financial-information/sec-filings?items_per_page=&order=field_nir_sec_date_filed&sort=asc",
    "timestamp": "unknown"
  },
  {
    "title": "Group,,Annual FilingsCurrent ReportsMergers & AcquisitionsOtherProxy FilingsQuarterly FilingsRegistration StatementsFiling year- Any -Items per pageFi",
    "link": "https://investors.humacyte.com/financial-information/sec-filings?items_per_page=&order=field_nir_sec_date_filed&sort=asc",
    "timestamp": "unknown"
  },
  {
    "title": "Group,,Annual FilingsCurrent ReportsMergers & AcquisitionsOtherProxy FilingsQuarterly FilingsRegistration StatementsFiling year- Any -Items per pageFi",
    "link": "https://investors.humacyte.com/financial-information/sec-filings?items_per_page=&order=field_nir_sec_date_filed&sort=asc",
    "timestamp": "unknown"
  },
  {
    "title": "Group,,Annual FilingsCurrent ReportsMergers & AcquisitionsOtherProxy FilingsQuarterly FilingsRegistration StatementsFiling year- Any -Items per pageFi",
    "link": "https://investors.humacyte.com/financial-information/sec-filings?items_per_page=&order=field_nir_sec_date_filed&sort=asc",
    "timestamp": "unknown"
  },
  {
    "title": "Group,,Annual FilingsCurrent ReportsMergers & AcquisitionsOtherProxy FilingsQuarterly FilingsRegistration StatementsFiling year- Any -Items per pageFi",
    "link": "https://investors.humacyte.com/financial-information/sec-filings?items_per_page=&order=field_nir_sec_date_filed&sort=asc",
    "timestamp": "unknown"
  },
  {
    "title": "Group,,Annual FilingsCurrent ReportsMergers & AcquisitionsOtherProxy FilingsQuarterly FilingsRegistration StatementsFiling year- Any -Items per pageFi",
    "link": "https://investors.humacyte.com/financial-information/sec-filings?items_per_page=&order=field_nir_sec_date_filed&sort=asc",
    "timestamp": "unknown"
  },
  {
    "title": "Group,,Annual FilingsCurrent ReportsMergers & AcquisitionsOtherProxy FilingsQuarterly FilingsRegistration StatementsFiling year- Any -Items per pageFi",
    "link": "https://investors.humacyte.com/financial-information/sec-filings?items_per_page=&order=field_nir_sec_date_filed&sort=asc",
    "timestamp": "unknown"
  },
  {
    "title": "Group,,Annual FilingsCurrent ReportsMergers & AcquisitionsOtherProxy FilingsQuarterly FilingsRegistration StatementsFiling year- Any -Items per pageFi",
    "link": "https://investors.humacyte.com/financial-information/sec-filings?items_per_page=&order=field_nir_sec_date_filed&sort=asc",
    "timestamp": "unknown"
  },
  {
    "title": "Filing dateDescriptionFormFiling GroupViewJan ,SCHEDULE 13D/A - DescriptionSCHEDULE 13D/AOther--.pdf--.rtf--.xlsView HTMLDec ,Form of prospectus discl",
    "link": "https://investors.humacyte.com/financial-information/sec-filings?items_per_page=&order=field_nir_sec_date_filed&sort=asc",
    "timestamp": "unknown"
  },
  {
    "title": "Filing dateDescriptionFormFiling GroupView",
    "link": "https://investors.humacyte.com/financial-information/sec-filings?items_per_page=&order=field_nir_sec_date_filed&sort=asc",
    "timestamp": "unknown"
  },
  {
    "title": "Jan ,SCHEDULE 13D/A - DescriptionSCHEDULE 13D/AOther--.pdf--.rtf--.xlsView HTML",
    "link": "https://investors.humacyte.com/sec-filings/sec-filing/schedule-13da/--",
    "timestamp": "unknown"
  },
  {
    "title": "--.pdf",
    "link": "https://investors.humacyte.com/static-files/ec859092-a6d2-41b2-aca8-bc69dec0742b",
    "timestamp": "unknown"
  },
  {
    "title": "--.rtf",
    "link": "https://investors.humacyte.com/static-files/b8dc4421-f1b6--960e-27d4ae5a55bf",
    "timestamp": "unknown"
  },
  {
    "title": "--.xls",
    "link": "https://investors.humacyte.com/static-files/6f6a3f63-3e94-44d1-a2bf-173de3591983",
    "timestamp": "unknown"
  },
  {
    "title": "Dec ,Form of prospectus disclosing information, facts, events covered in both forms 424B2, 424B3424B5Registration Statements--.pdf--.rtf--.xlsView HTM",
    "link": "https://investors.humacyte.com/sec-filings/sec-filing/424b5/--",
    "timestamp": "unknown"
  },
  {
    "title": "--.pdf",
    "link": "https://investors.humacyte.com/static-files/6e9bb731-fff1--b248-45ca3dad42d8",
    "timestamp": "unknown"
  },
  {
    "title": "--.rtf",
    "link": "https://investors.humacyte.com/static-files/3cb554cf--41b0--7b061b5fc2bf",
    "timestamp": "unknown"
  },
  {
    "title": "--.xls",
    "link": "https://investors.humacyte.com/static-files/ee24344f-af5b-486a--b354a69717ad",
    "timestamp": "unknown"
  },
  {
    "title": "Dec ,Report of unscheduled material events or corporate event-KCurrent Reports--.pdf--.rtf--.xlsEX-.SCH - XBRL TAXONOMY EXTENSION SCHEMAView HTML",
    "link": "https://investors.humacyte.com/sec-filings/sec-filing/-k/--",
    "timestamp": "unknown"
  },
  {
    "title": "--.pdf",
    "link": "https://investors.humacyte.com/static-files/35c02a92-7e9e-49c5-8dcf-749ce371ba37",
    "timestamp": "unknown"
  },
  {
    "title": "--.rtf",
    "link": "https://investors.humacyte.com/static-files/-cbba-447b-acf3-c3616975ab66",
    "timestamp": "unknown"
  },
  {
    "title": "--.xls",
    "link": "https://investors.humacyte.com/static-files/72dd362e-9c33-46b1-bfe8-bb905d2203e2",
    "timestamp": "unknown"
  },
  {
    "title": "Dec ,Form of prospectus reflecting facts events constituting substantive change from last form424B3Registration Statements--.pdf--.rtf--.xlsView HTML",
    "link": "https://investors.humacyte.com/sec-filings/sec-filing/424b3/--",
    "timestamp": "unknown"
  },
  {
    "title": "--.pdf",
    "link": "https://investors.humacyte.com/static-files/f87cd4b1-835a---420cd06938d9",
    "timestamp": "unknown"
  },
  {
    "title": "--.rtf",
    "link": "https://investors.humacyte.com/static-files/141a512d-49bd-41bb-964c-e0fd8dac80e3",
    "timestamp": "unknown"
  },
  {
    "title": "--.xls",
    "link": "https://investors.humacyte.com/static-files/9348b2a9-b577-4f7c-8e3b-1cf36684b03c",
    "timestamp": "unknown"
  },
  {
    "title": "Dec ,Report of unscheduled material events or corporate event-KCurrent Reports--.pdf--.rtf--.xlsEX-.SCH - XBRL TAXONOMY EXTENSION SCHEMAView HTML",
    "link": "https://investors.humacyte.com/sec-filings/sec-filing/-k/--",
    "timestamp": "unknown"
  },
  {
    "title": "--.pdf",
    "link": "https://investors.humacyte.com/static-files/b5702d85-b35b-4a50-9b5e-e78e0b6f40f3",
    "timestamp": "unknown"
  },
  {
    "title": "--.rtf",
    "link": "https://investors.humacyte.com/static-files/f1fd8154-2e57-45b1-a54d-2292da1de4f2",
    "timestamp": "unknown"
  },
  {
    "title": "--.xls",
    "link": "https://investors.humacyte.com/static-files/2a8dd145--43e0--7aa1b72e9c2c",
    "timestamp": "unknown"
  },
  {
    "title": "Dec ,Report of unscheduled material events or corporate event-KCurrent Reports--.pdf--.rtf--.xlsEX-.SCH - XBRL TAXONOMY EXTENSION SCHEMAView HTML",
    "link": "https://investors.humacyte.com/sec-filings/sec-filing/-k/--",
    "timestamp": "unknown"
  },
  {
    "title": "--.pdf",
    "link": "https://investors.humacyte.com/static-files/f1597b11-afe0-4a73-9b1a-56b7ea2fd6da",
    "timestamp": "unknown"
  },
  {
    "title": "--.rtf",
    "link": "https://investors.humacyte.com/static-files/5d923668-9c13-41ea-a9c9-2370466dce7b",
    "timestamp": "unknown"
  },
  {
    "title": "--.xls",
    "link": "https://investors.humacyte.com/static-files/0bf703a7-52bf--93ae-9db5f27b2a2e",
    "timestamp": "unknown"
  },
  {
    "title": "Dec ,Statement of changes in beneficial ownership of securities,,--.pdf--.rtf--.xlsView HTML",
    "link": "https://investors.humacyte.com/sec-filings/sec-filing//--",
    "timestamp": "unknown"
  },
  {
    "title": "--.pdf",
    "link": "https://investors.humacyte.com/static-files/4cd5acd3--424d-b851-1b2ed883bebc",
    "timestamp": "unknown"
  },
  {
    "title": "--.rtf",
    "link": "https://investors.humacyte.com/static-files/fca584b6-ac64-41b8-b0a0-112c78f117fb",
    "timestamp": "unknown"
  },
  {
    "title": "--.xls",
    "link": "https://investors.humacyte.com/static-files/d2a0a38c-5b32--9d7f-7cfd3fab0b97",
    "timestamp": "unknown"
  },
  {
    "title": "Nov ,Report of unscheduled material events or corporate event-KCurrent Reports--.pdf--.rtf--.xlsEX-.SCH - XBRL TAXONOMY EXTENSION SCHEMAView HTML",
    "link": "https://investors.humacyte.com/sec-filings/sec-filing/-k/--",
    "timestamp": "unknown"
  },
  {
    "title": "--.pdf",
    "link": "https://investors.humacyte.com/static-files/f44c5e60-0ce0--909f-ca37aef9b1d8",
    "timestamp": "unknown"
  },
  {
    "title": "--.rtf",
    "link": "https://investors.humacyte.com/static-files/f92afa09-9d0a--ad63-b513d46c3353",
    "timestamp": "unknown"
  },
  {
    "title": "--.xls",
    "link": "https://investors.humacyte.com/static-files/d1ed26b9-969a-4dfd-b624-aa6602465a76",
    "timestamp": "unknown"
  },
  {
    "title": "Nov ,Statement of changes in beneficial ownership of securities,,--.pdf--.rtf--.xlsView HTML",
    "link": "https://investors.humacyte.com/sec-filings/sec-filing//--",
    "timestamp": "unknown"
  },
  {
    "title": "--.pdf",
    "link": "https://investors.humacyte.com/static-files/aad5ea94-301e--aa84-a5fd5c7cfa7f",
    "timestamp": "unknown"
  },
  {
    "title": "--.rtf",
    "link": "https://investors.humacyte.com/static-files/4c567bf0-fe20---02ebbcecd375",
    "timestamp": "unknown"
  },
  {
    "title": "--.xls",
    "link": "https://investors.humacyte.com/static-files/2bb67ccd-1d47-465f-a19f-ada1a2862647",
    "timestamp": "unknown"
  },
  {
    "title": "Nov ,Statement of changes in beneficial ownership of securities,,--.pdf--.rtf--.xlsView HTML",
    "link": "https://investors.humacyte.com/sec-filings/sec-filing//--",
    "timestamp": "unknown"
  },
  {
    "title": "--.pdf",
    "link": "https://investors.humacyte.com/static-files/22434cab-063f-4f97-b9c4-31eff135d201",
    "timestamp": "unknown"
  },
  {
    "title": "--.rtf",
    "link": "https://investors.humacyte.com/static-files/3a7b9080--47f4-8b75-ef72d7b863c3",
    "timestamp": "unknown"
  },
  {
    "title": "--.xls",
    "link": "https://investors.humacyte.com/static-files/ddf5b56a-5edc-4db9--421fe5578a0b",
    "timestamp": "unknown"
  },
  {
    "title": "Current page",
    "link": "https://investors.humacyte.com/financial-information/sec-filings?&field_nir_sec_cik_target_id=&field_nir_sec_date_filed_value=&&&items_per_page_toggle=&page=",
    "timestamp": "unknown"
  },
  {
    "title": "Page",
    "link": "https://investors.humacyte.com/financial-information/sec-filings?&field_nir_sec_cik_target_id=&field_nir_sec_date_filed_value=&&&items_per_page_toggle=&page=",
    "timestamp": "unknown"
  },
  {
    "title": "Page",
    "link": "https://investors.humacyte.com/financial-information/sec-filings?&field_nir_sec_cik_target_id=&field_nir_sec_date_filed_value=&&&items_per_page_toggle=&page=",
    "timestamp": "unknown"
  },
  {
    "title": "Page",
    "link": "https://investors.humacyte.com/financial-information/sec-filings?&field_nir_sec_cik_target_id=&field_nir_sec_date_filed_value=&&&items_per_page_toggle=&page=",
    "timestamp": "unknown"
  },
  {
    "title": "Page",
    "link": "https://investors.humacyte.com/financial-information/sec-filings?&field_nir_sec_cik_target_id=&field_nir_sec_date_filed_value=&&&items_per_page_toggle=&page=",
    "timestamp": "unknown"
  },
  {
    "title": "Page",
    "link": "https://investors.humacyte.com/financial-information/sec-filings?&field_nir_sec_cik_target_id=&field_nir_sec_date_filed_value=&&&items_per_page_toggle=&page=",
    "timestamp": "unknown"
  },
  {
    "title": "Page",
    "link": "https://investors.humacyte.com/financial-information/sec-filings?&field_nir_sec_cik_target_id=&field_nir_sec_date_filed_value=&&&items_per_page_toggle=&page=",
    "timestamp": "unknown"
  },
  {
    "title": "Page",
    "link": "https://investors.humacyte.com/financial-information/sec-filings?&field_nir_sec_cik_target_id=&field_nir_sec_date_filed_value=&&&items_per_page_toggle=&page=",
    "timestamp": "unknown"
  },
  {
    "title": "Page",
    "link": "https://investors.humacyte.com/financial-information/sec-filings?&field_nir_sec_cik_target_id=&field_nir_sec_date_filed_value=&&&items_per_page_toggle=&page=",
    "timestamp": "unknown"
  },
  {
    "title": "Next pageNext \u203a",
    "link": "https://investors.humacyte.com/financial-information/sec-filings?&field_nir_sec_cik_target_id=&field_nir_sec_date_filed_value=&&&items_per_page_toggle=&page=",
    "timestamp": "unknown"
  },
  {
    "title": "Last pageLast \u00bb",
    "link": "https://investors.humacyte.com/financial-information/sec-filings?&field_nir_sec_cik_target_id=&field_nir_sec_date_filed_value=&&&items_per_page_toggle=&page=",
    "timestamp": "unknown"
  },
  {
    "title": "Data provided byKaleidoscope.",
    "link": "https://www.kscope.io",
    "timestamp": "unknown"
  },
  {
    "title": "Data provided byKaleidoscope.",
    "link": "https://www.kscope.io",
    "timestamp": "unknown"
  },
  {
    "title": "Investor Tools",
    "link": "https://investors.humacyte.com/shareholder-services/email-alerts",
    "timestamp": "unknown"
  },
  {
    "title": "Investor Tools",
    "link": "https://investors.humacyte.com/shareholder-services/email-alerts",
    "timestamp": "unknown"
  },
  {
    "title": "Investor Tools",
    "link": "https://investors.humacyte.com/shareholder-services/email-alerts",
    "timestamp": "unknown"
  },
  {
    "title": "We are committed to bringing first-in-class regenerative medicine products to market.Terms of UsePrivacy PolicyExpanded Access PolicyConflict of Inter",
    "link": "https://humacyte.com/",
    "timestamp": "unknown"
  },
  {
    "title": "We are committed to bringing first-in-class regenerative medicine products to market.",
    "link": "https://humacyte.com/",
    "timestamp": "unknown"
  },
  {
    "title": "We are committed to bringing first-in-class regenerative medicine products to market.",
    "link": "https://humacyte.com/",
    "timestamp": "unknown"
  },
  {
    "title": "Terms of UsePrivacy PolicyExpanded Access PolicyConflict of InterestTransparency in Coverage",
    "link": "https://humacyte.com/terms-of-use/ ",
    "timestamp": "unknown"
  },
  {
    "title": "Terms of UsePrivacy PolicyExpanded Access PolicyConflict of InterestTransparency in Coverage",
    "link": "https://humacyte.com/terms-of-use/ ",
    "timestamp": "unknown"
  },
  {
    "title": "Terms of Use",
    "link": "https://humacyte.com/terms-of-use/ ",
    "timestamp": "unknown"
  },
  {
    "title": "Privacy Policy",
    "link": "https://humacyte.com/privacy-policy/",
    "timestamp": "unknown"
  },
  {
    "title": "Expanded Access Policy",
    "link": "https://humacyte.com/expanded-access-policy/",
    "timestamp": "unknown"
  },
  {
    "title": "Conflict of Interest",
    "link": "https://humacyte.com/conflict-of-interest/",
    "timestamp": "unknown"
  },
  {
    "title": "Transparency in Coverage",
    "link": "https://humacyte.com/transparency-in-coverage/",
    "timestamp": "unknown"
  },
  {
    "title": "Humacyte Global, Inc.E. Highway NCDurham, NCCustomer Service:Phone:+ --Email:customercare@humacyte.comTrademarks are owned by Humacyte Global, Inc.\u00a9  ",
    "link": "tel:",
    "timestamp": "unknown"
  },
  {
    "title": "Humacyte Global, Inc.E. Highway NCDurham, NCCustomer Service:Phone:+ --Email:customercare@humacyte.com",
    "link": "tel:",
    "timestamp": "unknown"
  },
  {
    "title": "Customer Service:Phone:+ --Email:customercare@humacyte.com",
    "link": "tel:",
    "timestamp": "unknown"
  },
  {
    "title": "Customer Service:Phone:+ --Email:customercare@humacyte.com",
    "link": "tel:",
    "timestamp": "unknown"
  },
  {
    "title": "Trademarks are owned by Humacyte Global, Inc.\u00a9  Humacyte, Inc. All Rights Reserved.LinkedinTwitterFacebook",
    "link": "https://www.linkedin.com/company/humacyte/",
    "timestamp": "unknown"
  },
  {
    "title": "LinkedinTwitterFacebook",
    "link": "https://www.linkedin.com/company/humacyte/",
    "timestamp": "unknown"
  },
  {
    "title": "Linkedin",
    "link": "https://www.linkedin.com/company/humacyte/",
    "timestamp": "unknown"
  },
  {
    "title": "Twitter",
    "link": "https://twitter.com/humacyte",
    "timestamp": "unknown"
  },
  {
    "title": "Facebook",
    "link": "http://www.facebook.com/humacyte",
    "timestamp": "unknown"
  }
]