[
  {
    "title": "OverviewNews & EventsPress ReleasesEvents & PresentationsFinancialsSEC FilingsAnnual ReportsQuarterly ReportsStock InformationStock Quote & ChartHisto",
    "link": "https://humacyte.com/",
    "timestamp": "unknown"
  },
  {
    "title": "OverviewNews & EventsPress ReleasesEvents & PresentationsFinancialsSEC FilingsAnnual ReportsQuarterly ReportsStock InformationStock Quote & ChartHisto",
    "link": "https://humacyte.com/",
    "timestamp": "unknown"
  },
  {
    "title": "OverviewNews & EventsPress ReleasesEvents & PresentationsFinancialsSEC FilingsAnnual ReportsQuarterly ReportsStock InformationStock Quote & ChartHisto",
    "link": "https://humacyte.com/",
    "timestamp": "unknown"
  },
  {
    "title": "OverviewNews & EventsPress ReleasesEvents & PresentationsFinancialsSEC FilingsAnnual ReportsQuarterly ReportsStock InformationStock Quote & ChartHisto",
    "link": "https://humacyte.com/",
    "timestamp": "unknown"
  },
  {
    "title": "OverviewNews & EventsPress ReleasesEvents & PresentationsFinancialsSEC FilingsAnnual ReportsQuarterly ReportsStock InformationStock Quote & ChartHisto",
    "link": "https://investors.humacyte.com/",
    "timestamp": "unknown"
  },
  {
    "title": "OverviewNews & EventsPress ReleasesEvents & PresentationsFinancialsSEC FilingsAnnual ReportsQuarterly ReportsStock InformationStock Quote & ChartHisto",
    "link": "https://investors.humacyte.com/",
    "timestamp": "unknown"
  },
  {
    "title": "Overview",
    "link": "https://investors.humacyte.com/",
    "timestamp": "unknown"
  },
  {
    "title": "News & EventsPress ReleasesEvents & Presentations",
    "link": "https://investors.humacyte.com/news-events/press-releases",
    "timestamp": "unknown"
  },
  {
    "title": "Press Releases",
    "link": "https://investors.humacyte.com/news-events/press-releases",
    "timestamp": "unknown"
  },
  {
    "title": "Events & Presentations",
    "link": "https://investors.humacyte.com/news-events/events-and-presentations",
    "timestamp": "unknown"
  },
  {
    "title": "FinancialsSEC FilingsAnnual ReportsQuarterly Reports",
    "link": "https://investors.humacyte.com/financial-information/sec-filings",
    "timestamp": "unknown"
  },
  {
    "title": "SEC Filings",
    "link": "https://investors.humacyte.com/financial-information/sec-filings",
    "timestamp": "unknown"
  },
  {
    "title": "Annual Reports",
    "link": "https://investors.humacyte.com/financial-information/annual-reports",
    "timestamp": "unknown"
  },
  {
    "title": "Quarterly Reports",
    "link": "https://investors.humacyte.com/financial-information/quarterly-reports",
    "timestamp": "unknown"
  },
  {
    "title": "Stock InformationStock Quote & ChartHistorical Price LookupAnalyst Coverage",
    "link": "https://investors.humacyte.com/stock-information/stock-quote-chart",
    "timestamp": "unknown"
  },
  {
    "title": "Stock Quote & Chart",
    "link": "https://investors.humacyte.com/stock-information/stock-quote-chart",
    "timestamp": "unknown"
  },
  {
    "title": "Historical Price Lookup",
    "link": "https://investors.humacyte.com/stock-information/historical-price-lookup",
    "timestamp": "unknown"
  },
  {
    "title": "Analyst Coverage",
    "link": "https://investors.humacyte.com/stock-information/analyst-coverage",
    "timestamp": "unknown"
  },
  {
    "title": "GovernanceDocuments & ChartersManagement Team & Board of DirectorsCommittee Composition",
    "link": "https://investors.humacyte.com/corporate-governance/documents-charters",
    "timestamp": "unknown"
  },
  {
    "title": "Documents & Charters",
    "link": "https://investors.humacyte.com/corporate-governance/documents-charters",
    "timestamp": "unknown"
  },
  {
    "title": "Management Team & Board of Directors",
    "link": "https://humacyte.com/company/",
    "timestamp": "unknown"
  },
  {
    "title": "Committee Composition",
    "link": "https://investors.humacyte.com/corporate-governance/committee-composition",
    "timestamp": "unknown"
  },
  {
    "title": "IR ResourcesEmail AlertsContact IRRSS Feeds",
    "link": "https://investors.humacyte.com/shareholder-services/email-alerts",
    "timestamp": "unknown"
  },
  {
    "title": "Email Alerts",
    "link": "https://investors.humacyte.com/shareholder-services/email-alerts",
    "timestamp": "unknown"
  },
  {
    "title": "Contact IR",
    "link": "https://investors.humacyte.com/shareholder-services/contact-ir",
    "timestamp": "unknown"
  },
  {
    "title": "RSS Feeds",
    "link": "https://investors.humacyte.com/shareholder-services/rss-feeds",
    "timestamp": "unknown"
  },
  {
    "title": "YearNoneJan ,Humacyte Announces Hospital Charge Data Showing High Expense of Preventable Extremity Arterial Injury Complications- Data is from compreh",
    "link": "https://investors.humacyte.com/node//pdf",
    "timestamp": "unknown"
  },
  {
    "title": "YearNoneJan ,Humacyte Announces Hospital Charge Data Showing High Expense of Preventable Extremity Arterial Injury Complications- Data is from compreh",
    "link": "https://investors.humacyte.com/node//pdf",
    "timestamp": "unknown"
  },
  {
    "title": "YearNoneJan ,Humacyte Announces Hospital Charge Data Showing High Expense of Preventable Extremity Arterial Injury Complications- Data is from compreh",
    "link": "https://investors.humacyte.com/node//pdf",
    "timestamp": "unknown"
  },
  {
    "title": "YearNoneJan ,Humacyte Announces Hospital Charge Data Showing High Expense of Preventable Extremity Arterial Injury Complications- Data is from compreh",
    "link": "https://investors.humacyte.com/node//pdf",
    "timestamp": "unknown"
  },
  {
    "title": "YearNoneJan ,Humacyte Announces Hospital Charge Data Showing High Expense of Preventable Extremity Arterial Injury Complications- Data is from compreh",
    "link": "https://investors.humacyte.com/node//pdf",
    "timestamp": "unknown"
  },
  {
    "title": "YearNoneJan ,Humacyte Announces Hospital Charge Data Showing High Expense of Preventable Extremity Arterial Injury Complications- Data is from compreh",
    "link": "https://investors.humacyte.com/node//pdf",
    "timestamp": "unknown"
  },
  {
    "title": "YearNoneJan ,Humacyte Announces Hospital Charge Data Showing High Expense of Preventable Extremity Arterial Injury Complications- Data is from compreh",
    "link": "https://investors.humacyte.com/node//pdf",
    "timestamp": "unknown"
  },
  {
    "title": "YearNoneJan ,Humacyte Announces Hospital Charge Data Showing High Expense of Preventable Extremity Arterial Injury Complications- Data is from compreh",
    "link": "https://investors.humacyte.com/node//pdf",
    "timestamp": "unknown"
  },
  {
    "title": "YearNoneJan ,Humacyte Announces Hospital Charge Data Showing High Expense of Preventable Extremity Arterial Injury Complications- Data is from compreh",
    "link": "https://investors.humacyte.com/node//pdf",
    "timestamp": "unknown"
  },
  {
    "title": "YearNoneJan ,Humacyte Announces Hospital Charge Data Showing High Expense of Preventable Extremity Arterial Injury Complications- Data is from compreh",
    "link": "https://investors.humacyte.com/node//pdf",
    "timestamp": "unknown"
  },
  {
    "title": "YearNoneJan ,Humacyte Announces Hospital Charge Data Showing High Expense of Preventable Extremity Arterial Injury Complications- Data is from compreh",
    "link": "https://investors.humacyte.com/node//pdf",
    "timestamp": "unknown"
  },
  {
    "title": "YearNoneJan ,Humacyte Announces Hospital Charge Data Showing High Expense of Preventable Extremity Arterial Injury Complications- Data is from compreh",
    "link": "https://investors.humacyte.com/node//pdf",
    "timestamp": "unknown"
  },
  {
    "title": "YearNoneJan ,Humacyte Announces Hospital Charge Data Showing High Expense of Preventable Extremity Arterial Injury Complications- Data is from compreh",
    "link": "https://investors.humacyte.com/node//pdf",
    "timestamp": "unknown"
  },
  {
    "title": "YearNoneJan ,Humacyte Announces Hospital Charge Data Showing High Expense of Preventable Extremity Arterial Injury Complications- Data is from compreh",
    "link": "https://investors.humacyte.com/node//pdf",
    "timestamp": "unknown"
  },
  {
    "title": "YearNoneJan ,Humacyte Announces Hospital Charge Data Showing High Expense of Preventable Extremity Arterial Injury Complications- Data is from compreh",
    "link": "https://investors.humacyte.com/node//pdf",
    "timestamp": "unknown"
  },
  {
    "title": "Jan ,Humacyte Announces Hospital Charge Data Showing High Expense of Preventable Extremity Arterial Injury Complications- Data is from comprehensive r",
    "link": "https://investors.humacyte.com/node//pdf",
    "timestamp": "unknown"
  },
  {
    "title": "Jan ,Humacyte Announces Hospital Charge Data Showing High Expense of Preventable Extremity Arterial Injury Complications- Data is from comprehensive r",
    "link": "https://investors.humacyte.com/node//pdf",
    "timestamp": "unknown"
  },
  {
    "title": "Jan ,Humacyte Announces Hospital Charge Data Showing High Expense of Preventable Extremity Arterial Injury Complications- Data is from comprehensive r",
    "link": "https://investors.humacyte.com/node//pdf",
    "timestamp": "unknown"
  },
  {
    "title": "Humacyte Announces Hospital Charge Data Showing High Expense of Preventable Extremity Arterial Injury Complications- Data is from comprehensive review",
    "link": "https://investors.humacyte.com/news-releases/news-release-details/humacyte-announces-hospital-charge-data-showing-high-expense",
    "timestamp": "unknown"
  },
  {
    "title": "Humacyte Announces Hospital Charge Data Showing High Expense of Preventable Extremity Arterial Injury Complications",
    "link": "https://investors.humacyte.com/news-releases/news-release-details/humacyte-announces-hospital-charge-data-showing-high-expense",
    "timestamp": "unknown"
  },
  {
    "title": "Jan ,Humacyte Announces Planned Marketing Authorization Application for Symvess\u00ae in Israel- Expansion plans are based on requests for product access r",
    "link": "https://investors.humacyte.com/node//pdf",
    "timestamp": "unknown"
  },
  {
    "title": "Jan ,Humacyte Announces Planned Marketing Authorization Application for Symvess\u00ae in Israel- Expansion plans are based on requests for product access r",
    "link": "https://investors.humacyte.com/node//pdf",
    "timestamp": "unknown"
  },
  {
    "title": "Humacyte Announces Planned Marketing Authorization Application for Symvess\u00ae in Israel- Expansion plans are based on requests for product access receiv",
    "link": "https://investors.humacyte.com/news-releases/news-release-details/humacyte-announces-planned-marketing-authorization-application",
    "timestamp": "unknown"
  },
  {
    "title": "Humacyte Announces Planned Marketing Authorization Application for Symvess\u00ae in Israel",
    "link": "https://investors.humacyte.com/news-releases/news-release-details/humacyte-announces-planned-marketing-authorization-application",
    "timestamp": "unknown"
  },
  {
    "title": "Dec ,Humacyte Announces Publication of Long-Term Safety and Efficacy Results of Symvess\u00ae in Extremity Trauma Repair- Results published in Journal of V",
    "link": "https://investors.humacyte.com/node//pdf",
    "timestamp": "unknown"
  },
  {
    "title": "Dec ,Humacyte Announces Publication of Long-Term Safety and Efficacy Results of Symvess\u00ae in Extremity Trauma Repair- Results published in Journal of V",
    "link": "https://investors.humacyte.com/node//pdf",
    "timestamp": "unknown"
  },
  {
    "title": "Humacyte Announces Publication of Long-Term Safety and Efficacy Results of Symvess\u00ae in Extremity Trauma Repair- Results published in Journal of Vascul",
    "link": "https://investors.humacyte.com/news-releases/news-release-details/humacyte-announces-publication-long-term-safety-and-efficacy",
    "timestamp": "unknown"
  },
  {
    "title": "Humacyte Announces Publication of Long-Term Safety and Efficacy Results of Symvess\u00ae in Extremity Trauma Repair",
    "link": "https://investors.humacyte.com/news-releases/news-release-details/humacyte-announces-publication-long-term-safety-and-efficacy",
    "timestamp": "unknown"
  },
  {
    "title": "Dec ,Humacyte Announces Credit Facility of Up to $. Million with Avenue CapitalDURHAM, N.C. , Dec. ,  (GLOBE NEWSWIRE) -- Humacyte, Inc. (Nasdaq: HUMA",
    "link": "https://investors.humacyte.com/node//pdf",
    "timestamp": "unknown"
  },
  {
    "title": "Dec ,Humacyte Announces Credit Facility of Up to $. Million with Avenue CapitalDURHAM, N.C. , Dec. ,  (GLOBE NEWSWIRE) -- Humacyte, Inc. (Nasdaq: HUMA",
    "link": "https://investors.humacyte.com/node//pdf",
    "timestamp": "unknown"
  },
  {
    "title": "Humacyte Announces Credit Facility of Up to $. Million with Avenue CapitalDURHAM, N.C. , Dec. ,  (GLOBE NEWSWIRE) -- Humacyte, Inc. (Nasdaq: HUMA), a ",
    "link": "https://investors.humacyte.com/news-releases/news-release-details/humacyte-announces-credit-facility--million-avenue-capital",
    "timestamp": "unknown"
  },
  {
    "title": "Humacyte Announces Credit Facility of Up to $. Million with Avenue Capital",
    "link": "https://investors.humacyte.com/news-releases/news-release-details/humacyte-announces-credit-facility--million-avenue-capital",
    "timestamp": "unknown"
  },
  {
    "title": "Nov ,Humacyte Announces Presentations at VEITHsymposium Highlighting Positive Acellular Tissue Engineered Vessel (ATEV\u2122) Clinical Results\u2013 Post-implan",
    "link": "https://investors.humacyte.com/node//pdf",
    "timestamp": "unknown"
  },
  {
    "title": "Nov ,Humacyte Announces Presentations at VEITHsymposium Highlighting Positive Acellular Tissue Engineered Vessel (ATEV\u2122) Clinical Results\u2013 Post-implan",
    "link": "https://investors.humacyte.com/node//pdf",
    "timestamp": "unknown"
  },
  {
    "title": "Humacyte Announces Presentations at VEITHsymposium Highlighting Positive Acellular Tissue Engineered Vessel (ATEV\u2122) Clinical Results\u2013 Post-implantatio",
    "link": "https://investors.humacyte.com/news-releases/news-release-details/humacyte-announces-presentations-veithsymposium-highlighting",
    "timestamp": "unknown"
  },
  {
    "title": "Humacyte Announces Presentations at VEITHsymposium Highlighting Positive Acellular Tissue Engineered Vessel (ATEV\u2122) Clinical Results",
    "link": "https://investors.humacyte.com/news-releases/news-release-details/humacyte-announces-presentations-veithsymposium-highlighting",
    "timestamp": "unknown"
  },
  {
    "title": "Nov ,Humacyte Announces Six Presentations Scheduled for the Upcoming 52nd Annual Symposium on Vascular and Endovascular Issues, Techniques and Horizon",
    "link": "https://investors.humacyte.com/node//pdf",
    "timestamp": "unknown"
  },
  {
    "title": "Nov ,Humacyte Announces Six Presentations Scheduled for the Upcoming 52nd Annual Symposium on Vascular and Endovascular Issues, Techniques and Horizon",
    "link": "https://investors.humacyte.com/node//pdf",
    "timestamp": "unknown"
  },
  {
    "title": "Humacyte Announces Six Presentations Scheduled for the Upcoming 52nd Annual Symposium on Vascular and Endovascular Issues, Techniques and Horizons (VE",
    "link": "https://investors.humacyte.com/news-releases/news-release-details/humacyte-announces-six-presentations-scheduled-upcoming-52nd",
    "timestamp": "unknown"
  },
  {
    "title": "Humacyte Announces Six Presentations Scheduled for the Upcoming 52nd Annual Symposium on Vascular and Endovascular Issues, Techniques and Horizons (VE",
    "link": "https://investors.humacyte.com/news-releases/news-release-details/humacyte-announces-six-presentations-scheduled-upcoming-52nd",
    "timestamp": "unknown"
  },
  {
    "title": "Nov ,Humacyte Announces Third Quarter  Financial Results and Provides Business Update- Total revenues of $, for third quarter, and $,, for first nine ",
    "link": "https://investors.humacyte.com/node//pdf",
    "timestamp": "unknown"
  },
  {
    "title": "Nov ,Humacyte Announces Third Quarter  Financial Results and Provides Business Update- Total revenues of $, for third quarter, and $,, for first nine ",
    "link": "https://investors.humacyte.com/node//pdf",
    "timestamp": "unknown"
  },
  {
    "title": "Humacyte Announces Third Quarter  Financial Results and Provides Business Update- Total revenues of $, for third quarter, and $,, for first nine month",
    "link": "https://investors.humacyte.com/news-releases/news-release-details/humacyte-announces-third-quarter--financial-results-and",
    "timestamp": "unknown"
  },
  {
    "title": "Humacyte Announces Third Quarter  Financial Results and Provides Business Update",
    "link": "https://investors.humacyte.com/news-releases/news-release-details/humacyte-announces-third-quarter--financial-results-and",
    "timestamp": "unknown"
  },
  {
    "title": "Nov ,Humacyte Announces Presentation of Positive Two-Year Results from Phase  Dialysis Access Trial at the American Society of Nephrology\u2019s Kidney Wee",
    "link": "https://investors.humacyte.com/node//pdf",
    "timestamp": "unknown"
  },
  {
    "title": "Nov ,Humacyte Announces Presentation of Positive Two-Year Results from Phase  Dialysis Access Trial at the American Society of Nephrology\u2019s Kidney Wee",
    "link": "https://investors.humacyte.com/node//pdf",
    "timestamp": "unknown"
  },
  {
    "title": "Humacyte Announces Presentation of Positive Two-Year Results from Phase  Dialysis Access Trial at the American Society of Nephrology\u2019s Kidney Week\u2013 Th",
    "link": "https://investors.humacyte.com/news-releases/news-release-details/humacyte-announces-presentation-positive-two-year-results-phase",
    "timestamp": "unknown"
  },
  {
    "title": "Humacyte Announces Presentation of Positive Two-Year Results from Phase  Dialysis Access Trial at the American Society of Nephrology\u2019s Kidney Week",
    "link": "https://investors.humacyte.com/news-releases/news-release-details/humacyte-announces-presentation-positive-two-year-results-phase",
    "timestamp": "unknown"
  },
  {
    "title": "Nov ,Humacyte to Present Third Quarter Financial Results and Provide Business Update on November ,DURHAM, N.C. , Nov. ,  (GLOBE NEWSWIRE) -- Humacyte,",
    "link": "https://investors.humacyte.com/node//pdf",
    "timestamp": "unknown"
  },
  {
    "title": "Nov ,Humacyte to Present Third Quarter Financial Results and Provide Business Update on November ,DURHAM, N.C. , Nov. ,  (GLOBE NEWSWIRE) -- Humacyte,",
    "link": "https://investors.humacyte.com/node//pdf",
    "timestamp": "unknown"
  },
  {
    "title": "Humacyte to Present Third Quarter Financial Results and Provide Business Update on November ,DURHAM, N.C. , Nov. ,  (GLOBE NEWSWIRE) -- Humacyte, Inc.",
    "link": "https://investors.humacyte.com/news-releases/news-release-details/humacyte-present-third-quarter-financial-results-and-provide-",
    "timestamp": "unknown"
  },
  {
    "title": "Humacyte to Present Third Quarter Financial Results and Provide Business Update on November ,",
    "link": "https://investors.humacyte.com/news-releases/news-release-details/humacyte-present-third-quarter-financial-results-and-provide-",
    "timestamp": "unknown"
  },
  {
    "title": "Oct ,Humacyte Announces Publication of New Data Comparing Symvess\u2122 to Autologous Vein in Extremity Arterial Trauma- Results published in AAST\u2019s Trauma",
    "link": "https://investors.humacyte.com/node//pdf",
    "timestamp": "unknown"
  },
  {
    "title": "Oct ,Humacyte Announces Publication of New Data Comparing Symvess\u2122 to Autologous Vein in Extremity Arterial Trauma- Results published in AAST\u2019s Trauma",
    "link": "https://investors.humacyte.com/node//pdf",
    "timestamp": "unknown"
  },
  {
    "title": "Humacyte Announces Publication of New Data Comparing Symvess\u2122 to Autologous Vein in Extremity Arterial Trauma- Results published in AAST\u2019s Trauma Surg",
    "link": "https://investors.humacyte.com/news-releases/news-release-details/humacyte-announces-publication-new-data-comparing-symvesstm",
    "timestamp": "unknown"
  },
  {
    "title": "Humacyte Announces Publication of New Data Comparing Symvess\u2122 to Autologous Vein in Extremity Arterial Trauma",
    "link": "https://investors.humacyte.com/news-releases/news-release-details/humacyte-announces-publication-new-data-comparing-symvesstm",
    "timestamp": "unknown"
  },
  {
    "title": "PaginationCurrent pagePagePagePagePagePagePagePagePage\u2026Next pagenext \u203aLast pagelast \u00bb",
    "link": "https://investors.humacyte.com/news-events/press-releases?page=",
    "timestamp": "unknown"
  },
  {
    "title": "Current page",
    "link": "https://investors.humacyte.com/news-events/press-releases?page=",
    "timestamp": "unknown"
  },
  {
    "title": "Page",
    "link": "https://investors.humacyte.com/news-events/press-releases?page=",
    "timestamp": "unknown"
  },
  {
    "title": "Page",
    "link": "https://investors.humacyte.com/news-events/press-releases?page=",
    "timestamp": "unknown"
  },
  {
    "title": "Page",
    "link": "https://investors.humacyte.com/news-events/press-releases?page=",
    "timestamp": "unknown"
  },
  {
    "title": "Page",
    "link": "https://investors.humacyte.com/news-events/press-releases?page=",
    "timestamp": "unknown"
  },
  {
    "title": "Page",
    "link": "https://investors.humacyte.com/news-events/press-releases?page=",
    "timestamp": "unknown"
  },
  {
    "title": "Page",
    "link": "https://investors.humacyte.com/news-events/press-releases?page=",
    "timestamp": "unknown"
  },
  {
    "title": "Page",
    "link": "https://investors.humacyte.com/news-events/press-releases?page=",
    "timestamp": "unknown"
  },
  {
    "title": "Page",
    "link": "https://investors.humacyte.com/news-events/press-releases?page=",
    "timestamp": "unknown"
  },
  {
    "title": "Next pagenext \u203a",
    "link": "https://investors.humacyte.com/news-events/press-releases?page=",
    "timestamp": "unknown"
  },
  {
    "title": "Last pagelast \u00bb",
    "link": "https://investors.humacyte.com/news-events/press-releases?page=",
    "timestamp": "unknown"
  },
  {
    "title": "Investor Tools",
    "link": "https://investors.humacyte.com/shareholder-services/email-alerts",
    "timestamp": "unknown"
  },
  {
    "title": "Investor Tools",
    "link": "https://investors.humacyte.com/shareholder-services/email-alerts",
    "timestamp": "unknown"
  },
  {
    "title": "Investor Tools",
    "link": "https://investors.humacyte.com/shareholder-services/email-alerts",
    "timestamp": "unknown"
  },
  {
    "title": "We are committed to bringing first-in-class regenerative medicine products to market.Terms of UsePrivacy PolicyExpanded Access PolicyConflict of Inter",
    "link": "https://humacyte.com/",
    "timestamp": "unknown"
  },
  {
    "title": "We are committed to bringing first-in-class regenerative medicine products to market.",
    "link": "https://humacyte.com/",
    "timestamp": "unknown"
  },
  {
    "title": "We are committed to bringing first-in-class regenerative medicine products to market.",
    "link": "https://humacyte.com/",
    "timestamp": "unknown"
  },
  {
    "title": "Terms of UsePrivacy PolicyExpanded Access PolicyConflict of InterestTransparency in Coverage",
    "link": "https://humacyte.com/terms-of-use/ ",
    "timestamp": "unknown"
  },
  {
    "title": "Terms of UsePrivacy PolicyExpanded Access PolicyConflict of InterestTransparency in Coverage",
    "link": "https://humacyte.com/terms-of-use/ ",
    "timestamp": "unknown"
  },
  {
    "title": "Terms of Use",
    "link": "https://humacyte.com/terms-of-use/ ",
    "timestamp": "unknown"
  },
  {
    "title": "Privacy Policy",
    "link": "https://humacyte.com/privacy-policy/",
    "timestamp": "unknown"
  },
  {
    "title": "Expanded Access Policy",
    "link": "https://humacyte.com/expanded-access-policy/",
    "timestamp": "unknown"
  },
  {
    "title": "Conflict of Interest",
    "link": "https://humacyte.com/conflict-of-interest/",
    "timestamp": "unknown"
  },
  {
    "title": "Transparency in Coverage",
    "link": "https://humacyte.com/transparency-in-coverage/",
    "timestamp": "unknown"
  },
  {
    "title": "Humacyte Global, Inc.E. Highway NCDurham, NCCustomer Service:Phone:+ --Email:customercare@humacyte.comTrademarks are owned by Humacyte Global, Inc.\u00a9  ",
    "link": "tel:",
    "timestamp": "unknown"
  },
  {
    "title": "Humacyte Global, Inc.E. Highway NCDurham, NCCustomer Service:Phone:+ --Email:customercare@humacyte.com",
    "link": "tel:",
    "timestamp": "unknown"
  },
  {
    "title": "Customer Service:Phone:+ --Email:customercare@humacyte.com",
    "link": "tel:",
    "timestamp": "unknown"
  },
  {
    "title": "Customer Service:Phone:+ --Email:customercare@humacyte.com",
    "link": "tel:",
    "timestamp": "unknown"
  },
  {
    "title": "Trademarks are owned by Humacyte Global, Inc.\u00a9  Humacyte, Inc. All Rights Reserved.LinkedinTwitterFacebook",
    "link": "https://www.linkedin.com/company/humacyte/",
    "timestamp": "unknown"
  },
  {
    "title": "LinkedinTwitterFacebook",
    "link": "https://www.linkedin.com/company/humacyte/",
    "timestamp": "unknown"
  },
  {
    "title": "Linkedin",
    "link": "https://www.linkedin.com/company/humacyte/",
    "timestamp": "unknown"
  },
  {
    "title": "Twitter",
    "link": "https://twitter.com/humacyte",
    "timestamp": "unknown"
  },
  {
    "title": "Facebook",
    "link": "http://www.facebook.com/humacyte",
    "timestamp": "unknown"
  }
]