[
  {
    "title": "Gruppo San DonatoCasa di Cura La MadonninaSostieniciGSD InternationalUniversit\u00e0 Vita-Salute",
    "link": "https://www.grupposandonato.it",
    "timestamp": "unknown"
  },
  {
    "title": "Gruppo San DonatoCasa di Cura La MadonninaSostieniciGSD InternationalUniversit\u00e0 Vita-Salute",
    "link": "https://www.grupposandonato.it",
    "timestamp": "unknown"
  },
  {
    "title": "Gruppo San Donato",
    "link": "https://www.grupposandonato.it",
    "timestamp": "unknown"
  },
  {
    "title": "Casa di Cura La Madonnina",
    "link": "https://lamadonnina.grupposandonato.it",
    "timestamp": "unknown"
  },
  {
    "title": "Sostienici",
    "link": "https://sostienici.hsr.it/",
    "timestamp": "unknown"
  },
  {
    "title": "GSD International",
    "link": "https://international.grupposandonato.com/",
    "timestamp": "unknown"
  },
  {
    "title": "Universit\u00e0 Vita-Salute",
    "link": "https://www.unisr.it/",
    "timestamp": "unknown"
  },
  {
    "title": "IRCCS Ospedale San RaffaeleCerca nel sitoPazienti e CuraTorna indietroMalattie rareOspedale San Raffaele \u00e8 uno dei presidi della Rete Regionale per le",
    "link": "https://www.hsr.it/",
    "timestamp": "unknown"
  },
  {
    "title": "IRCCS Ospedale San RaffaeleCerca nel sitoPazienti e CuraTorna indietroMalattie rareOspedale San Raffaele \u00e8 uno dei presidi della Rete Regionale per le",
    "link": "https://www.hsr.it/",
    "timestamp": "unknown"
  },
  {
    "title": "IRCCS Ospedale San RaffaeleCerca nel sitoPazienti e CuraTorna indietroMalattie rareOspedale San Raffaele \u00e8 uno dei presidi della Rete Regionale per le",
    "link": "https://www.hsr.it/",
    "timestamp": "unknown"
  },
  {
    "title": "IRCCS Ospedale San Raffaele",
    "link": "https://www.hsr.it/",
    "timestamp": "unknown"
  },
  {
    "title": "Pazienti e CuraTorna indietroMalattie rareOspedale San Raffaele \u00e8 uno dei presidi della Rete Regionale per le Malattie Rare.Clicca quiMalattie rareCom",
    "link": "https://www.hsr.it/news",
    "timestamp": "unknown"
  },
  {
    "title": "Pazienti e CuraTorna indietroMalattie rareOspedale San Raffaele \u00e8 uno dei presidi della Rete Regionale per le Malattie Rare.Clicca quiMalattie rareCom",
    "link": "https://www.hsr.it/news",
    "timestamp": "unknown"
  },
  {
    "title": "Torna indietroMalattie rareOspedale San Raffaele \u00e8 uno dei presidi della Rete Regionale per le Malattie Rare.Clicca quiMalattie rareComprehensive Canc",
    "link": "https://www.hsr.it/news",
    "timestamp": "unknown"
  },
  {
    "title": "Malattie rareOspedale San Raffaele \u00e8 uno dei presidi della Rete Regionale per le Malattie Rare.Clicca quiMalattie rare",
    "link": "https://www.hsr.it/malattie-rare",
    "timestamp": "unknown"
  },
  {
    "title": "Comprehensive Cancer CenterIl centro multidisciplinare di ricerca, diagnosi e cura dei tumoriScopriComprehensive Cancer Center",
    "link": "https://www.hsr.it/cancer-center",
    "timestamp": "unknown"
  },
  {
    "title": "DottoriChirurghiUrologiOncologiOculistiScopri tutti i dottori",
    "link": "https://www.hsr.it/dottori",
    "timestamp": "unknown"
  },
  {
    "title": "Dottori",
    "link": "https://www.hsr.it/dottori",
    "timestamp": "unknown"
  },
  {
    "title": "Chirurghi",
    "link": "https://www.hsr.it/dottori?specialties=&page=&results=",
    "timestamp": "unknown"
  },
  {
    "title": "Urologi",
    "link": "https://www.hsr.it/dottori?specialties=&page=&results=",
    "timestamp": "unknown"
  },
  {
    "title": "Oncologi",
    "link": "https://www.hsr.it/dottori?specialties=&page=&results=",
    "timestamp": "unknown"
  },
  {
    "title": "Oculisti",
    "link": "https://www.hsr.it/dottori?specialties=&page=&results=",
    "timestamp": "unknown"
  },
  {
    "title": "Scopri tutti i dottori",
    "link": "https://www.hsr.it/dottori",
    "timestamp": "unknown"
  },
  {
    "title": "PrenotazioniVisite ed esami SSNVisite ed esami privatiRicoveri in solvenza",
    "link": "https://www.hsr.it/prenotazioni",
    "timestamp": "unknown"
  },
  {
    "title": "Prenotazioni",
    "link": "https://www.hsr.it/prenotazioni",
    "timestamp": "unknown"
  },
  {
    "title": "Visite ed esami SSN",
    "link": "https://www.hsr.it/prenotazioni/visite-esami-ssn",
    "timestamp": "unknown"
  },
  {
    "title": "Visite ed esami privati",
    "link": "https://www.hsr.it/prenotazioni/visite-esami-solvenza",
    "timestamp": "unknown"
  },
  {
    "title": "Ricoveri in solvenza",
    "link": "https://www.hsr.it/strutture/ospedale-san-raffaele/ricoveri-a-pagamento",
    "timestamp": "unknown"
  },
  {
    "title": "Glossario della SaluteSpecialit\u00e0PatologieEsamiTrattamenti",
    "link": "https://www.hsr.it/glossario-della-salute",
    "timestamp": "unknown"
  },
  {
    "title": "Glossario della Salute",
    "link": "https://www.hsr.it/glossario-della-salute",
    "timestamp": "unknown"
  },
  {
    "title": "Specialit\u00e0",
    "link": "https://www.hsr.it/glossario-della-salute/specialita",
    "timestamp": "unknown"
  },
  {
    "title": "Patologie",
    "link": "https://www.hsr.it/glossario-della-salute/patologie",
    "timestamp": "unknown"
  },
  {
    "title": "Esami",
    "link": "https://www.hsr.it/glossario-della-salute/esami",
    "timestamp": "unknown"
  },
  {
    "title": "Trattamenti",
    "link": "https://www.hsr.it/glossario-della-salute/trattamenti",
    "timestamp": "unknown"
  },
  {
    "title": "News ed EventiTorna indietroRimani aggiornatoIscriviti alla newsletter per ricevere le ultime novit\u00e0IscrivitiRimani aggiornatoNewsAbout UsCura e preve",
    "link": "https://www.hsr.it/news",
    "timestamp": "unknown"
  },
  {
    "title": "Torna indietroRimani aggiornatoIscriviti alla newsletter per ricevere le ultime novit\u00e0IscrivitiRimani aggiornatoNewsAbout UsCura e prevenzioneRicercaC",
    "link": "https://www.hsr.it/news",
    "timestamp": "unknown"
  },
  {
    "title": "Rimani aggiornatoIscriviti alla newsletter per ricevere le ultime novit\u00e0IscrivitiRimani aggiornato",
    "link": "https://www.grupposandonato.it/newsletter",
    "timestamp": "unknown"
  },
  {
    "title": "NewsAbout UsCura e prevenzioneRicercaCancer CenterTutte le news",
    "link": "https://www.hsr.it/news",
    "timestamp": "unknown"
  },
  {
    "title": "News",
    "link": "https://www.hsr.it/news",
    "timestamp": "unknown"
  },
  {
    "title": "About Us",
    "link": "https://www.hsr.it/news?q=&category=corporate&page=",
    "timestamp": "unknown"
  },
  {
    "title": "Cura e prevenzione",
    "link": "https://www.hsr.it/news?q=&category=cura&page=",
    "timestamp": "unknown"
  },
  {
    "title": "Ricerca",
    "link": "https://www.hsr.it/news?q=&category=ricerca&page=",
    "timestamp": "unknown"
  },
  {
    "title": "Cancer Center",
    "link": "https://www.hsr.it/news?q=&category=cancer-center&page=",
    "timestamp": "unknown"
  },
  {
    "title": "Tutte le news",
    "link": "https://www.hsr.it/news",
    "timestamp": "unknown"
  },
  {
    "title": "EventiCongressi e corsiEventi e attivit\u00e0Promozione della SaluteTutti gli eventi",
    "link": "https://www.hsr.it/eventi",
    "timestamp": "unknown"
  },
  {
    "title": "Eventi",
    "link": "https://www.hsr.it/eventi",
    "timestamp": "unknown"
  },
  {
    "title": "Congressi e corsi",
    "link": "https://www.hsr.it/eventi?q=&category=congressi-corsi&page=",
    "timestamp": "unknown"
  },
  {
    "title": "Eventi e attivit\u00e0",
    "link": "https://www.hsr.it/eventi?q=&category=eventi-attivit%C3%A0&page=",
    "timestamp": "unknown"
  },
  {
    "title": "Promozione della Salute",
    "link": "https://www.hsr.it/eventi?q=&category=promozione-salute&page=",
    "timestamp": "unknown"
  },
  {
    "title": "Tutti gli eventi",
    "link": "https://www.hsr.it/eventi",
    "timestamp": "unknown"
  },
  {
    "title": "Chi siamoTorna indietroI servizi per le aziendeScopri tutti i servizi clinici e diagnostici che San Raffaele propone alle aziende.ScopriI servizi per ",
    "link": "https://www.hsr.it/news",
    "timestamp": "unknown"
  },
  {
    "title": "Torna indietroI servizi per le aziendeScopri tutti i servizi clinici e diagnostici che San Raffaele propone alle aziende.ScopriI servizi per le aziend",
    "link": "https://www.hsr.it/news",
    "timestamp": "unknown"
  },
  {
    "title": "I servizi per le aziendeScopri tutti i servizi clinici e diagnostici che San Raffaele propone alle aziende.ScopriI servizi per le aziende",
    "link": "https://www.hsr.it/promozione-sviluppo",
    "timestamp": "unknown"
  },
  {
    "title": "La nostra strutturaChi siamoLavora con noi",
    "link": "https://www.hsr.it/news",
    "timestamp": "unknown"
  },
  {
    "title": "La nostra struttura",
    "link": "https://www.hsr.it/news",
    "timestamp": "unknown"
  },
  {
    "title": "Chi siamo",
    "link": "https://www.hsr.it/chi-siamo",
    "timestamp": "unknown"
  },
  {
    "title": "Lavora con noi",
    "link": "https://www.hsr.it/lavora-con-noi",
    "timestamp": "unknown"
  },
  {
    "title": "Le nostre sediTorna indietroI nostri IRCCSOspedale San RaffaeleOspedale San Raffaele TurroI nostri PoliambulatoriPoliambulatoriPunti RafPunto Prelievi",
    "link": "https://www.hsr.it/news",
    "timestamp": "unknown"
  },
  {
    "title": "Torna indietroI nostri IRCCSOspedale San RaffaeleOspedale San Raffaele TurroI nostri PoliambulatoriPoliambulatoriPunti RafPunto Prelievi",
    "link": "https://www.hsr.it/news",
    "timestamp": "unknown"
  },
  {
    "title": "I nostri IRCCSOspedale San RaffaeleOspedale San Raffaele Turro",
    "link": "https://www.hsr.it/strutture?type=&results=",
    "timestamp": "unknown"
  },
  {
    "title": "I nostri IRCCS",
    "link": "https://www.hsr.it/strutture?type=&results=",
    "timestamp": "unknown"
  },
  {
    "title": "Ospedale San Raffaele",
    "link": "https://www.hsr.it/strutture/ospedale-san-raffaele",
    "timestamp": "unknown"
  },
  {
    "title": "Ospedale San Raffaele Turro",
    "link": "https://www.hsr.it/strutture/san-raffaele-turro",
    "timestamp": "unknown"
  },
  {
    "title": "I nostri PoliambulatoriPoliambulatoriPunti RafPunto Prelievi",
    "link": "https://www.hsr.it/strutture?type=&type=&type=&results=",
    "timestamp": "unknown"
  },
  {
    "title": "I nostri Poliambulatori",
    "link": "https://www.hsr.it/strutture?type=&type=&type=&results=",
    "timestamp": "unknown"
  },
  {
    "title": "Poliambulatori",
    "link": "https://www.hsr.it/strutture?type=&results=",
    "timestamp": "unknown"
  },
  {
    "title": "Punti Raf",
    "link": "https://www.hsr.it/strutture?type=&results=",
    "timestamp": "unknown"
  },
  {
    "title": "Punto Prelievi",
    "link": "https://www.hsr.it/strutture?type=&results=",
    "timestamp": "unknown"
  },
  {
    "title": "Accedi",
    "link": "https://webappgsd.grupposandonato.it/login",
    "timestamp": "unknown"
  },
  {
    "title": "Registrati",
    "link": "https://webappgsd.grupposandonato.it/register",
    "timestamp": "unknown"
  },
  {
    "title": "Referti Online",
    "link": "https://webappgsd.grupposandonato.it/reports/help/",
    "timestamp": "unknown"
  },
  {
    "title": "per prenotareGruppo San DonatoCasa di Cura La MadonninaSostieniciGSD InternationalUniversit\u00e0 Vita-Salute",
    "link": "https://www.hsr.it/prenotazioni",
    "timestamp": "unknown"
  },
  {
    "title": "Gruppo San DonatoCasa di Cura La MadonninaSostieniciGSD InternationalUniversit\u00e0 Vita-Salute",
    "link": "https://www.grupposandonato.it",
    "timestamp": "unknown"
  },
  {
    "title": "Gruppo San DonatoCasa di Cura La MadonninaSostieniciGSD InternationalUniversit\u00e0 Vita-Salute",
    "link": "https://www.grupposandonato.it",
    "timestamp": "unknown"
  },
  {
    "title": "Gruppo San Donato",
    "link": "https://www.grupposandonato.it",
    "timestamp": "unknown"
  },
  {
    "title": "Casa di Cura La Madonnina",
    "link": "https://lamadonnina.grupposandonato.it",
    "timestamp": "unknown"
  },
  {
    "title": "Sostienici",
    "link": "https://sostienici.hsr.it/",
    "timestamp": "unknown"
  },
  {
    "title": "GSD International",
    "link": "https://international.grupposandonato.com/",
    "timestamp": "unknown"
  },
  {
    "title": "Universit\u00e0 Vita-Salute",
    "link": "https://www.unisr.it/",
    "timestamp": "unknown"
  },
  {
    "title": "AccediRegistratiReferti OnlineChiudi menu account",
    "link": "https://webappgsd.grupposandonato.it/login",
    "timestamp": "unknown"
  },
  {
    "title": "Accedi",
    "link": "https://webappgsd.grupposandonato.it/login",
    "timestamp": "unknown"
  },
  {
    "title": "Registrati",
    "link": "https://webappgsd.grupposandonato.it/register",
    "timestamp": "unknown"
  },
  {
    "title": "Referti Online",
    "link": "https://webappgsd.grupposandonato.it/reports/help/",
    "timestamp": "unknown"
  },
  {
    "title": "NotizieRimuovi filtri selezionatiFiltra la ricercaFiltra la ricercaChiudiCerca nel sitoCercaXIRCCS Ospedale San RaffaeleIRCCS Ospedale San Raffaele Tu",
    "link": "https://www.hsr.it/news",
    "timestamp": "unknown"
  },
  {
    "title": "NotizieRimuovi filtri selezionatiFiltra la ricercaFiltra la ricercaChiudiCerca nel sitoCercaXIRCCS Ospedale San RaffaeleIRCCS Ospedale San Raffaele Tu",
    "link": "https://www.hsr.it/news",
    "timestamp": "unknown"
  },
  {
    "title": "NotizieRimuovi filtri selezionatiFiltra la ricercaFiltra la ricercaChiudiCerca nel sitoCercaXIRCCS Ospedale San RaffaeleIRCCS Ospedale San Raffaele Tu",
    "link": "https://www.hsr.it/news",
    "timestamp": "unknown"
  },
  {
    "title": "Filtra la ricercaChiudiCerca nel sitoCercaXIRCCS Ospedale San RaffaeleIRCCS Ospedale San Raffaele TurroPoliambulatorio San Raffaele GENOSPunto RAF De ",
    "link": "https://www.hsr.it/news",
    "timestamp": "unknown"
  },
  {
    "title": "Rimuovi filtri selezionatiVedi risultati",
    "link": "https://www.hsr.it/news",
    "timestamp": "unknown"
  },
  {
    "title": "#Tutti#Ricerca#About Us#Cura e Prevenzione#Cancer Center#RicercaSclerosi multipla, svolta nella ricerca: individuata una molecola che promuove la ripa",
    "link": "https://www.hsr.it/news//gennaio/sclerosi-multipla-individuata-molecola-riparazione-sistema-nervoso",
    "timestamp": "unknown"
  },
  {
    "title": "#RicercaSclerosi multipla, svolta nella ricerca: individuata una molecola che promuove la riparazione del sistema nervosogennaioVai alla scheda#Cura e",
    "link": "https://www.hsr.it/news//gennaio/sclerosi-multipla-individuata-molecola-riparazione-sistema-nervoso",
    "timestamp": "unknown"
  },
  {
    "title": "#RicercaSclerosi multipla, svolta nella ricerca: individuata una molecola che promuove la riparazione del sistema nervosogennaioVai alla scheda#Cura e",
    "link": "https://www.hsr.it/news//gennaio/sclerosi-multipla-individuata-molecola-riparazione-sistema-nervoso",
    "timestamp": "unknown"
  },
  {
    "title": "#RicercaSclerosi multipla, svolta nella ricerca: individuata una molecola che promuove la riparazione del sistema nervosogennaioVai alla scheda#Cura e",
    "link": "https://www.hsr.it/news//gennaio/sclerosi-multipla-individuata-molecola-riparazione-sistema-nervoso",
    "timestamp": "unknown"
  },
  {
    "title": "#RicercaSclerosi multipla, svolta nella ricerca: individuata una molecola che promuove la riparazione del sistema nervosogennaioVai alla scheda",
    "link": "https://www.hsr.it/news//gennaio/sclerosi-multipla-individuata-molecola-riparazione-sistema-nervoso",
    "timestamp": "unknown"
  },
  {
    "title": "#Cura e PrevenzioneGamma Knife per il trattamento dei meningiomi: cos\u2019\u00e8 e quando \u00e8 indicatogennaioVai alla scheda",
    "link": "https://www.hsr.it/news//gennaio/gamma-knife-trattamento-meningiomi",
    "timestamp": "unknown"
  },
  {
    "title": "#Cura e PrevenzioneVia libera anche dalla Commissione Europea a Waskyra\u2122, terapia genica per il trattamento della sindrome di Wiskott-AldrichgennaioVa",
    "link": "https://www.hsr.it/news//gennaio/commissione-europea-autorizza-waskyra-terapia-genica-wiskott-aldrich",
    "timestamp": "unknown"
  },
  {
    "title": "#Cura e PrevenzioneDito a scatto: il percorso di diagnosi e cura all\u2019IRCCS Ospedale San RaffaelegennaioVai alla scheda",
    "link": "https://www.hsr.it/news//gennaio/dito-scatto-diagnosi-trattamento-san-raffaele",
    "timestamp": "unknown"
  },
  {
    "title": "#Cura e PrevenzioneParasonnie: quali sono i disturbi del sonno e come gestirligennaioVai alla scheda",
    "link": "https://www.hsr.it/news//gennaio/parasonnie-disturbi-sonno",
    "timestamp": "unknown"
  },
  {
    "title": "#Cura e PrevenzioneAcalasia esofagea: uno studio internazionale del San Raffaele guida la terapia personalizzatadicembreVai alla scheda",
    "link": "https://www.hsr.it/news//dicembre/studio-internazionale-acalasia-esofagea",
    "timestamp": "unknown"
  },
  {
    "title": "#Cura e PrevenzioneIl San Raffaele partecipa a un nuovo studio internazionale per testare il potenziale terapeutico di una molecola per  malattie gene",
    "link": "https://www.hsr.it/news//dicembre/studio-internazionale-malattie-genetiche-rare-autismo",
    "timestamp": "unknown"
  },
  {
    "title": "#Cura e PrevenzioneFDA approva la terapia genica Telethon per la sindrome di Wiskott-Aldrich, sviluppata presso l\u2019Ospedale San Raffaele: prima volta p",
    "link": "https://www.hsr.it/news//dicembre/fda-approva-terapia-genica-telethon-waskyra-wiskott-aldrich",
    "timestamp": "unknown"
  },
  {
    "title": "#Cura e PrevenzioneAl San Raffaele uno studio per una nuova terapia cellulare per il diabete di tipo  finanziato da Fondazione Italiana Diabetedicembr",
    "link": "https://www.hsr.it/news//dicembre/finanziamento-ricerca-diabete-tipo-",
    "timestamp": "unknown"
  },
  {
    "title": "#About UsClassifica Agenas: il San Raffaele tra i migliori ospedali in ambito cardiocircolatorio, neurologico e della chirurgia vascolaredicembreVai a",
    "link": "https://www.hsr.it/news//dicembre/pne--ospedale-san-raffaele",
    "timestamp": "unknown"
  },
  {
    "title": "#Press e ComunicatiOspedale San Raffaele, Marco Centenari: \u201cLa sicurezza dei pazienti non \u00e8 negoziabile\u201ddicembreVai alla scheda",
    "link": "https://www.hsr.it/news//dicembre/comunicato-ospedale-san-raffaele-sicurezza-pazienti",
    "timestamp": "unknown"
  },
  {
    "title": "#Cura e PrevenzioneDemenza senile cosa saperedicembreVai alla scheda",
    "link": "https://www.hsr.it/news//dicembre/demenza-senile",
    "timestamp": "unknown"
  },
  {
    "title": "#Cura e PrevenzioneAIDS e stigma sociale: come nascono paure, convinzioni sbagliate e come superarledicembreVai alla scheda",
    "link": "https://www.hsr.it/news//dicembre/stigma-hiv-come-superare",
    "timestamp": "unknown"
  },
  {
    "title": "#Cura e PrevenzioneIl microbioma come alleato contro il mielomadicembreVai alla scheda",
    "link": "https://www.hsr.it/news//dicembre/dieta-ricca-fibre-mieloma-multiplo",
    "timestamp": "unknown"
  },
  {
    "title": "#Cura e PrevenzioneAll\u2019IRCCS Ospedale San Raffaele assegnati  Bollini Rosa: Fondazione Onda conferma l\u2019eccellenza dell\u2019ospedale nella cura della donna",
    "link": "https://www.hsr.it/news//novembre/bollini-rosa---san-raffaele-san-raffaele-turro",
    "timestamp": "unknown"
  },
  {
    "title": "#Cura e PrevenzioneAl San Raffaele ricercatori, clinici e community insieme per la Giornata Internazionale contro l\u2019HIVnovembreVai alla scheda",
    "link": "https://www.hsr.it/news//novembre/giornata-mondiale-hiv-san-raffaele-",
    "timestamp": "unknown"
  },
  {
    "title": "#Cura e PrevenzioneAntibiotici: come usarli bene e perch\u00e9 un loro uso consapevole \u00e8 importante per la salute di tuttinovembreVai alla scheda",
    "link": "https://www.hsr.it/news//novembre/antibiotico-cose-quando-prendere",
    "timestamp": "unknown"
  },
  {
    "title": "#Cura e PrevenzioneColite ulcerosa: uno studio internazionale apre la strada a una nuova classe di farmacinovembreVai alla scheda",
    "link": "https://www.hsr.it/news//novembre/colite-ulcerosa-nuova-terapia-sor102-studio-internazionale",
    "timestamp": "unknown"
  },
  {
    "title": "#Cura e PrevenzioneUn nuovo tipo di intervento per la valvola mitrale al San Raffaele: il primo impianto in ItalianovembreVai alla scheda",
    "link": "https://www.hsr.it/news//novembre/nuovo-intervento-microinvasivo-valvola-mitrale",
    "timestamp": "unknown"
  },
  {
    "title": "#RicercaNuovo successo per la ricerca del San Raffaele di Milano: il progetto MINerVA \u00e8 tra i vincitori dell\u2019ERC Synergy GrantnovembreVai alla scheda",
    "link": "https://www.hsr.it/news//novembre/progetto-minerva-vince-erc-synergy-grant-",
    "timestamp": "unknown"
  },
  {
    "title": "#Cura e PrevenzioneRizoartrosi: il percorso di cura mininvasivo dell\u2019Ospedale San Raffaele per ridurre il dolore e migliorare la funzionalit\u00e0 del poll",
    "link": "https://www.hsr.it/news//ottobre/rizoartrosi-cura-mininvasiva-ospedale-san-raffaele",
    "timestamp": "unknown"
  },
  {
    "title": "#Cura e PrevenzioneArresto cardiaco: come riconoscerlo e cosa fareottobreVai alla scheda",
    "link": "https://www.hsr.it/news//ottobre/arresto-cardiaco-come-riconoscerlo-cosa-fare",
    "timestamp": "unknown"
  },
  {
    "title": "#Cura e PrevenzioneTumore alla vescica muscolo-infiltrante: la ricerca verso nuove terapie per evitarne l\u2019asportazioneottobreVai alla scheda",
    "link": "https://www.hsr.it/news//ottobre/tumore-vescica-muscolo-infiltrante-nuove-possibili-terapie",
    "timestamp": "unknown"
  },
  {
    "title": "#Cura e PrevenzionePancreatite autoimmune di tipo : uno studio apre nuove prospettive per il trattamento personalizzatoottobreVai alla scheda",
    "link": "https://www.hsr.it/news//ottobre/pancreatite-autoimmune-tipo--trattamento-personalizzato",
    "timestamp": "unknown"
  },
  {
    "title": "La sanit\u00e0 del futuro, oggi, per tutti.Vai a InstagramVai a FacebookVai a TwitterVai a LinkedinVai a feed RSS",
    "link": "https://www.instagram.com/ospedalesanraffaele/",
    "timestamp": "unknown"
  },
  {
    "title": "Vai a Instagram",
    "link": "https://www.instagram.com/ospedalesanraffaele/",
    "timestamp": "unknown"
  },
  {
    "title": "Vai a Facebook",
    "link": "https://www.facebook.com/ospedalesanraffaele",
    "timestamp": "unknown"
  },
  {
    "title": "Vai a Twitter",
    "link": "https://www.twitter.com/SanRaffaeleMI",
    "timestamp": "unknown"
  },
  {
    "title": "Vai a Linkedin",
    "link": "https://www.linkedin.com/company/ospedale-san-raffaele",
    "timestamp": "unknown"
  },
  {
    "title": "Vai a feed RSS",
    "link": "https://www.hsr.it/feed",
    "timestamp": "unknown"
  },
  {
    "title": "CareersCareersPosizioni aperteCandidature aperte",
    "link": "https://www.hsr.it/lavora-con-noi",
    "timestamp": "unknown"
  },
  {
    "title": "CareersPosizioni aperteCandidature aperte",
    "link": "https://www.hsr.it/lavora-con-noi",
    "timestamp": "unknown"
  },
  {
    "title": "Posizioni aperte",
    "link": "https://www.hsr.it/lavora-con-noi",
    "timestamp": "unknown"
  },
  {
    "title": "Candidature aperte",
    "link": "https://joblink.allibo.com/ats3/application.aspx?DM=&DMN=bW1tYX4PKr0ymU23Q8CX&LN=IT&FT=&SG=",
    "timestamp": "unknown"
  },
  {
    "title": "ContattiContattiContatti San RaffaeleContatti San Raffaele TurroUfficio stampaUfficio Promozione & Sviluppo San Raffaele",
    "link": "https://www.hsr.it/strutture/ospedale-san-raffaele/contatti",
    "timestamp": "unknown"
  },
  {
    "title": "ContattiContatti San RaffaeleContatti San Raffaele TurroUfficio stampaUfficio Promozione & Sviluppo San Raffaele",
    "link": "https://www.hsr.it/strutture/ospedale-san-raffaele/contatti",
    "timestamp": "unknown"
  },
  {
    "title": "Contatti San Raffaele",
    "link": "https://www.hsr.it/strutture/ospedale-san-raffaele/contatti",
    "timestamp": "unknown"
  },
  {
    "title": "Contatti San Raffaele Turro",
    "link": "https://www.hsr.it/strutture/san-raffaele-turro/contatti",
    "timestamp": "unknown"
  },
  {
    "title": "Ufficio stampa",
    "link": "https://www.hsr.it/ufficio-stampa",
    "timestamp": "unknown"
  },
  {
    "title": "Ufficio Promozione & Sviluppo San Raffaele",
    "link": "https://www.hsr.it/promozione-sviluppo",
    "timestamp": "unknown"
  },
  {
    "title": "Privacy Policy",
    "link": "https://www.hsr.it/privacy-policy",
    "timestamp": "unknown"
  },
  {
    "title": "Trasparenza",
    "link": "https://www.hsr.it/strutture/ospedale-san-raffaele/trasparenza",
    "timestamp": "unknown"
  },
  {
    "title": "Dichiarazione di accessibilit\u00e0",
    "link": "https://www.hsr.it/mediaObject/ospedali/documents/HSR/dichiarazione-accessibilit\u00e0-hsr/original/dichiarazione-accessibilit%C3%A0-hsr.pdf",
    "timestamp": "unknown"
  },
  {
    "title": "Comitato Etico",
    "link": "https://comitatoetico.hsr.it/",
    "timestamp": "unknown"
  }
]