[
  {
    "title": "About UsOverviewLeadershipBoard of DirectorsClinical Advisory BoardContactCareersOur FocusOverviewType  diabetesLibraryPipelinePartnersPatientsOvervie",
    "link": "https://sernova.com/",
    "timestamp": "unknown"
  },
  {
    "title": "About UsOverviewLeadershipBoard of DirectorsClinical Advisory BoardContactCareersOur FocusOverviewType  diabetesLibraryPipelinePartnersPatientsOvervie",
    "link": "https://sernova.com/",
    "timestamp": "unknown"
  },
  {
    "title": "About UsOverviewLeadershipBoard of DirectorsClinical Advisory BoardContactCareersOur FocusOverviewType  diabetesLibraryPipelinePartnersPatientsOvervie",
    "link": "https://sernova.com/",
    "timestamp": "unknown"
  },
  {
    "title": "About UsOverviewLeadershipBoard of DirectorsClinical Advisory BoardContactCareersOur FocusOverviewType  diabetesLibraryPipelinePartnersPatientsOvervie",
    "link": "https://sernova.com/",
    "timestamp": "unknown"
  },
  {
    "title": "About UsOverviewLeadershipBoard of DirectorsClinical Advisory BoardContactCareersOur FocusOverviewType  diabetesLibraryPipelinePartnersPatientsOvervie",
    "link": "https://sernova.com/",
    "timestamp": "unknown"
  },
  {
    "title": "About UsOverviewLeadershipBoard of DirectorsClinical Advisory BoardContactCareersOur FocusOverviewType  diabetesLibraryPipelinePartnersPatientsOvervie",
    "link": "https://sernova.com/",
    "timestamp": "unknown"
  },
  {
    "title": "About UsOverviewLeadershipBoard of DirectorsClinical Advisory BoardContactCareersOur FocusOverviewType  diabetesLibraryPipelinePartnersPatientsOvervie",
    "link": "https://sernova.com/about-us/",
    "timestamp": "unknown"
  },
  {
    "title": "About UsOverviewLeadershipBoard of DirectorsClinical Advisory BoardContactCareersOur FocusOverviewType  diabetesLibraryPipelinePartnersPatientsOvervie",
    "link": "https://sernova.com/about-us/",
    "timestamp": "unknown"
  },
  {
    "title": "About UsOverviewLeadershipBoard of DirectorsClinical Advisory BoardContactCareersOur FocusOverviewType  diabetesLibraryPipelinePartnersPatientsOvervie",
    "link": "https://sernova.com/about-us/",
    "timestamp": "unknown"
  },
  {
    "title": "About UsOverviewLeadershipBoard of DirectorsClinical Advisory BoardContactCareersOur FocusOverviewType  diabetesLibraryPipelinePartnersPatientsOvervie",
    "link": "https://sernova.com/about-us/",
    "timestamp": "unknown"
  },
  {
    "title": "About UsOverviewLeadershipBoard of DirectorsClinical Advisory BoardContactCareersOur FocusOverviewType  diabetesLibraryPipelinePartnersPatientsOvervie",
    "link": "https://sernova.com/about-us/",
    "timestamp": "unknown"
  },
  {
    "title": "About UsOverviewLeadershipBoard of DirectorsClinical Advisory BoardContactCareers",
    "link": "https://sernova.com/about-us/",
    "timestamp": "unknown"
  },
  {
    "title": "Overview",
    "link": "https://sernova.com/about-us/",
    "timestamp": "unknown"
  },
  {
    "title": "Leadership",
    "link": "https://sernova.com/about-us/#leadership",
    "timestamp": "unknown"
  },
  {
    "title": "Board of Directors",
    "link": "https://sernova.com/about-us/#bod",
    "timestamp": "unknown"
  },
  {
    "title": "Clinical Advisory Board",
    "link": "https://sernova.com/about-us/#cab",
    "timestamp": "unknown"
  },
  {
    "title": "Contact",
    "link": "https://sernova.com/contact/",
    "timestamp": "unknown"
  },
  {
    "title": "Careers",
    "link": "https://sernova.com/careers/",
    "timestamp": "unknown"
  },
  {
    "title": "Our FocusOverviewType  diabetesLibrary",
    "link": "https://sernova.com/our-focus/",
    "timestamp": "unknown"
  },
  {
    "title": "Overview",
    "link": "https://sernova.com/our-focus/",
    "timestamp": "unknown"
  },
  {
    "title": "Type  diabetes",
    "link": "https://sernova.com/our-focus/type--diabetes/",
    "timestamp": "unknown"
  },
  {
    "title": "Library",
    "link": "https://sernova.com/our-focus/library/",
    "timestamp": "unknown"
  },
  {
    "title": "Pipeline",
    "link": "https://sernova.com/pipeline/",
    "timestamp": "unknown"
  },
  {
    "title": "Partners",
    "link": "https://sernova.com/partners/",
    "timestamp": "unknown"
  },
  {
    "title": "PatientsOverviewKid\u2019s Corner",
    "link": "https://sernova.com/patients/",
    "timestamp": "unknown"
  },
  {
    "title": "Overview",
    "link": "https://sernova.com/patients/",
    "timestamp": "unknown"
  },
  {
    "title": "Kid\u2019s Corner",
    "link": "https://sernova.com/patients/kids-corner/",
    "timestamp": "unknown"
  },
  {
    "title": "InvestorsOverviewNewsEventsFinancial ReportsStock InformationCorporate GovernanceAnnual General Meetings",
    "link": "https://sernova.com/investors/",
    "timestamp": "unknown"
  },
  {
    "title": "Overview",
    "link": "https://sernova.com/investors/",
    "timestamp": "unknown"
  },
  {
    "title": "News",
    "link": "https://sernova.com/investors/news/",
    "timestamp": "unknown"
  },
  {
    "title": "Events",
    "link": "https://sernova.com/investors/events/",
    "timestamp": "unknown"
  },
  {
    "title": "Financial Reports",
    "link": "https://sernova.com/investors/financial-reports/",
    "timestamp": "unknown"
  },
  {
    "title": "Stock Information",
    "link": "https://sernova.com/investors/stock-information/",
    "timestamp": "unknown"
  },
  {
    "title": "Corporate Governance",
    "link": "https://sernova.com/investors/corporate-governance/",
    "timestamp": "unknown"
  },
  {
    "title": "Annual General Meetings",
    "link": "https://sernova.com/annual-general-meetings/",
    "timestamp": "unknown"
  },
  {
    "title": "About UsOverviewLeadershipBoard of DirectorsClinical Advisory BoardContactCareersOur FocusOverviewType  diabetesLibraryPipelinePartnersPatientsOvervie",
    "link": "https://sernova.com/",
    "timestamp": "unknown"
  },
  {
    "title": "About UsOverviewLeadershipBoard of DirectorsClinical Advisory BoardContactCareersOur FocusOverviewType  diabetesLibraryPipelinePartnersPatientsOvervie",
    "link": "https://sernova.com/about-us/",
    "timestamp": "unknown"
  },
  {
    "title": "About UsOverviewLeadershipBoard of DirectorsClinical Advisory BoardContactCareersOur FocusOverviewType  diabetesLibraryPipelinePartnersPatientsOvervie",
    "link": "https://sernova.com/about-us/",
    "timestamp": "unknown"
  },
  {
    "title": "About UsOverviewLeadershipBoard of DirectorsClinical Advisory BoardContactCareersOur FocusOverviewType  diabetesLibraryPipelinePartnersPatientsOvervie",
    "link": "https://sernova.com/about-us/",
    "timestamp": "unknown"
  },
  {
    "title": "About UsOverviewLeadershipBoard of DirectorsClinical Advisory BoardContactCareersOur FocusOverviewType  diabetesLibraryPipelinePartnersPatientsOvervie",
    "link": "https://sernova.com/about-us/",
    "timestamp": "unknown"
  },
  {
    "title": "About UsOverviewLeadershipBoard of DirectorsClinical Advisory BoardContactCareersOur FocusOverviewType  diabetesLibraryPipelinePartnersPatientsOvervie",
    "link": "https://sernova.com/about-us/",
    "timestamp": "unknown"
  },
  {
    "title": "About UsOverviewLeadershipBoard of DirectorsClinical Advisory BoardContactCareers",
    "link": "https://sernova.com/about-us/",
    "timestamp": "unknown"
  },
  {
    "title": "Overview",
    "link": "https://sernova.com/about-us/",
    "timestamp": "unknown"
  },
  {
    "title": "Leadership",
    "link": "https://sernova.com/about-us/#leadership",
    "timestamp": "unknown"
  },
  {
    "title": "Board of Directors",
    "link": "https://sernova.com/about-us/#bod",
    "timestamp": "unknown"
  },
  {
    "title": "Clinical Advisory Board",
    "link": "https://sernova.com/about-us/#cab",
    "timestamp": "unknown"
  },
  {
    "title": "Contact",
    "link": "https://sernova.com/contact/",
    "timestamp": "unknown"
  },
  {
    "title": "Careers",
    "link": "https://sernova.com/careers/",
    "timestamp": "unknown"
  },
  {
    "title": "Our FocusOverviewType  diabetesLibrary",
    "link": "https://sernova.com/our-focus/",
    "timestamp": "unknown"
  },
  {
    "title": "Overview",
    "link": "https://sernova.com/our-focus/",
    "timestamp": "unknown"
  },
  {
    "title": "Type  diabetes",
    "link": "https://sernova.com/our-focus/type--diabetes/",
    "timestamp": "unknown"
  },
  {
    "title": "Library",
    "link": "https://sernova.com/our-focus/library/",
    "timestamp": "unknown"
  },
  {
    "title": "Pipeline",
    "link": "https://sernova.com/pipeline/",
    "timestamp": "unknown"
  },
  {
    "title": "Partners",
    "link": "https://sernova.com/partners/",
    "timestamp": "unknown"
  },
  {
    "title": "PatientsOverviewKid\u2019s Corner",
    "link": "https://sernova.com/patients/",
    "timestamp": "unknown"
  },
  {
    "title": "Overview",
    "link": "https://sernova.com/patients/",
    "timestamp": "unknown"
  },
  {
    "title": "Kid\u2019s Corner",
    "link": "https://sernova.com/patients/kids-corner/",
    "timestamp": "unknown"
  },
  {
    "title": "InvestorsOverviewNewsEventsFinancial ReportsStock InformationCorporate GovernanceAnnual General Meetings",
    "link": "https://sernova.com/investors/",
    "timestamp": "unknown"
  },
  {
    "title": "Overview",
    "link": "https://sernova.com/investors/",
    "timestamp": "unknown"
  },
  {
    "title": "News",
    "link": "https://sernova.com/investors/news/",
    "timestamp": "unknown"
  },
  {
    "title": "Events",
    "link": "https://sernova.com/investors/events/",
    "timestamp": "unknown"
  },
  {
    "title": "Financial Reports",
    "link": "https://sernova.com/investors/financial-reports/",
    "timestamp": "unknown"
  },
  {
    "title": "Stock Information",
    "link": "https://sernova.com/investors/stock-information/",
    "timestamp": "unknown"
  },
  {
    "title": "Corporate Governance",
    "link": "https://sernova.com/investors/corporate-governance/",
    "timestamp": "unknown"
  },
  {
    "title": "Annual General Meetings",
    "link": "https://sernova.com/annual-general-meetings/",
    "timestamp": "unknown"
  },
  {
    "title": "About UsOverviewLeadershipBoard of DirectorsClinical Advisory BoardContactCareersOur FocusOverviewType  diabetesLibraryPipelinePartnersPatientsOvervie",
    "link": "https://sernova.com/",
    "timestamp": "unknown"
  },
  {
    "title": "About UsOverviewLeadershipBoard of DirectorsClinical Advisory BoardContactCareersOur FocusOverviewType  diabetesLibraryPipelinePartnersPatientsOvervie",
    "link": "https://sernova.com/",
    "timestamp": "unknown"
  },
  {
    "title": "About UsOverviewLeadershipBoard of DirectorsClinical Advisory BoardContactCareersOur FocusOverviewType  diabetesLibraryPipelinePartnersPatientsOvervie",
    "link": "https://sernova.com/",
    "timestamp": "unknown"
  },
  {
    "title": "About UsOverviewLeadershipBoard of DirectorsClinical Advisory BoardContactCareersOur FocusOverviewType  diabetesLibraryPipelinePartnersPatientsOvervie",
    "link": "https://sernova.com/",
    "timestamp": "unknown"
  },
  {
    "title": "About UsOverviewLeadershipBoard of DirectorsClinical Advisory BoardContactCareersOur FocusOverviewType  diabetesLibraryPipelinePartnersPatientsOvervie",
    "link": "https://sernova.com/",
    "timestamp": "unknown"
  },
  {
    "title": "About UsOverviewLeadershipBoard of DirectorsClinical Advisory BoardContactCareersOur FocusOverviewType  diabetesLibraryPipelinePartnersPatientsOvervie",
    "link": "https://sernova.com/about-us/",
    "timestamp": "unknown"
  },
  {
    "title": "About UsOverviewLeadershipBoard of DirectorsClinical Advisory BoardContactCareersOur FocusOverviewType  diabetesLibraryPipelinePartnersPatientsOvervie",
    "link": "https://sernova.com/about-us/",
    "timestamp": "unknown"
  },
  {
    "title": "About UsOverviewLeadershipBoard of DirectorsClinical Advisory BoardContactCareersOur FocusOverviewType  diabetesLibraryPipelinePartnersPatientsOvervie",
    "link": "https://sernova.com/about-us/",
    "timestamp": "unknown"
  },
  {
    "title": "About UsOverviewLeadershipBoard of DirectorsClinical Advisory BoardContactCareersOur FocusOverviewType  diabetesLibraryPipelinePartnersPatientsOvervie",
    "link": "https://sernova.com/about-us/",
    "timestamp": "unknown"
  },
  {
    "title": "About UsOverviewLeadershipBoard of DirectorsClinical Advisory BoardContactCareersOur FocusOverviewType  diabetesLibraryPipelinePartnersPatientsOvervie",
    "link": "https://sernova.com/about-us/",
    "timestamp": "unknown"
  },
  {
    "title": "About UsOverviewLeadershipBoard of DirectorsClinical Advisory BoardContactCareers",
    "link": "https://sernova.com/about-us/",
    "timestamp": "unknown"
  },
  {
    "title": "Overview",
    "link": "https://sernova.com/about-us/",
    "timestamp": "unknown"
  },
  {
    "title": "Leadership",
    "link": "https://sernova.com/about-us/#leadership",
    "timestamp": "unknown"
  },
  {
    "title": "Board of Directors",
    "link": "https://sernova.com/about-us/#bod",
    "timestamp": "unknown"
  },
  {
    "title": "Clinical Advisory Board",
    "link": "https://sernova.com/about-us/#cab",
    "timestamp": "unknown"
  },
  {
    "title": "Contact",
    "link": "https://sernova.com/contact/",
    "timestamp": "unknown"
  },
  {
    "title": "Careers",
    "link": "https://sernova.com/careers/",
    "timestamp": "unknown"
  },
  {
    "title": "Our FocusOverviewType  diabetesLibrary",
    "link": "https://sernova.com/our-focus/",
    "timestamp": "unknown"
  },
  {
    "title": "Overview",
    "link": "https://sernova.com/our-focus/",
    "timestamp": "unknown"
  },
  {
    "title": "Type  diabetes",
    "link": "https://sernova.com/our-focus/type--diabetes/",
    "timestamp": "unknown"
  },
  {
    "title": "Library",
    "link": "https://sernova.com/our-focus/library/",
    "timestamp": "unknown"
  },
  {
    "title": "Pipeline",
    "link": "https://sernova.com/pipeline/",
    "timestamp": "unknown"
  },
  {
    "title": "Partners",
    "link": "https://sernova.com/partners/",
    "timestamp": "unknown"
  },
  {
    "title": "PatientsOverviewKid\u2019s Corner",
    "link": "https://sernova.com/patients/",
    "timestamp": "unknown"
  },
  {
    "title": "Overview",
    "link": "https://sernova.com/patients/",
    "timestamp": "unknown"
  },
  {
    "title": "Kid\u2019s Corner",
    "link": "https://sernova.com/patients/kids-corner/",
    "timestamp": "unknown"
  },
  {
    "title": "InvestorsOverviewNewsEventsFinancial ReportsStock InformationCorporate GovernanceAnnual General Meetings",
    "link": "https://sernova.com/investors/",
    "timestamp": "unknown"
  },
  {
    "title": "Overview",
    "link": "https://sernova.com/investors/",
    "timestamp": "unknown"
  },
  {
    "title": "News",
    "link": "https://sernova.com/investors/news/",
    "timestamp": "unknown"
  },
  {
    "title": "Events",
    "link": "https://sernova.com/investors/events/",
    "timestamp": "unknown"
  },
  {
    "title": "Financial Reports",
    "link": "https://sernova.com/investors/financial-reports/",
    "timestamp": "unknown"
  },
  {
    "title": "Stock Information",
    "link": "https://sernova.com/investors/stock-information/",
    "timestamp": "unknown"
  },
  {
    "title": "Corporate Governance",
    "link": "https://sernova.com/investors/corporate-governance/",
    "timestamp": "unknown"
  },
  {
    "title": "Annual General Meetings",
    "link": "https://sernova.com/annual-general-meetings/",
    "timestamp": "unknown"
  },
  {
    "title": "About UsOverviewLeadershipBoard of DirectorsClinical Advisory BoardContactCareersOur FocusOverviewType  diabetesLibraryPipelinePartnersPatientsOvervie",
    "link": "https://sernova.com/",
    "timestamp": "unknown"
  },
  {
    "title": "About UsOverviewLeadershipBoard of DirectorsClinical Advisory BoardContactCareersOur FocusOverviewType  diabetesLibraryPipelinePartnersPatientsOvervie",
    "link": "https://sernova.com/about-us/",
    "timestamp": "unknown"
  },
  {
    "title": "About UsOverviewLeadershipBoard of DirectorsClinical Advisory BoardContactCareersOur FocusOverviewType  diabetesLibraryPipelinePartnersPatientsOvervie",
    "link": "https://sernova.com/about-us/",
    "timestamp": "unknown"
  },
  {
    "title": "About UsOverviewLeadershipBoard of DirectorsClinical Advisory BoardContactCareersOur FocusOverviewType  diabetesLibraryPipelinePartnersPatientsOvervie",
    "link": "https://sernova.com/about-us/",
    "timestamp": "unknown"
  },
  {
    "title": "About UsOverviewLeadershipBoard of DirectorsClinical Advisory BoardContactCareersOur FocusOverviewType  diabetesLibraryPipelinePartnersPatientsOvervie",
    "link": "https://sernova.com/about-us/",
    "timestamp": "unknown"
  },
  {
    "title": "About UsOverviewLeadershipBoard of DirectorsClinical Advisory BoardContactCareersOur FocusOverviewType  diabetesLibraryPipelinePartnersPatientsOvervie",
    "link": "https://sernova.com/about-us/",
    "timestamp": "unknown"
  },
  {
    "title": "About UsOverviewLeadershipBoard of DirectorsClinical Advisory BoardContactCareers",
    "link": "https://sernova.com/about-us/",
    "timestamp": "unknown"
  },
  {
    "title": "Overview",
    "link": "https://sernova.com/about-us/",
    "timestamp": "unknown"
  },
  {
    "title": "Leadership",
    "link": "https://sernova.com/about-us/#leadership",
    "timestamp": "unknown"
  },
  {
    "title": "Board of Directors",
    "link": "https://sernova.com/about-us/#bod",
    "timestamp": "unknown"
  },
  {
    "title": "Clinical Advisory Board",
    "link": "https://sernova.com/about-us/#cab",
    "timestamp": "unknown"
  },
  {
    "title": "Contact",
    "link": "https://sernova.com/contact/",
    "timestamp": "unknown"
  },
  {
    "title": "Careers",
    "link": "https://sernova.com/careers/",
    "timestamp": "unknown"
  },
  {
    "title": "Our FocusOverviewType  diabetesLibrary",
    "link": "https://sernova.com/our-focus/",
    "timestamp": "unknown"
  },
  {
    "title": "Overview",
    "link": "https://sernova.com/our-focus/",
    "timestamp": "unknown"
  },
  {
    "title": "Type  diabetes",
    "link": "https://sernova.com/our-focus/type--diabetes/",
    "timestamp": "unknown"
  },
  {
    "title": "Library",
    "link": "https://sernova.com/our-focus/library/",
    "timestamp": "unknown"
  },
  {
    "title": "Pipeline",
    "link": "https://sernova.com/pipeline/",
    "timestamp": "unknown"
  },
  {
    "title": "Partners",
    "link": "https://sernova.com/partners/",
    "timestamp": "unknown"
  },
  {
    "title": "PatientsOverviewKid\u2019s Corner",
    "link": "https://sernova.com/patients/",
    "timestamp": "unknown"
  },
  {
    "title": "Overview",
    "link": "https://sernova.com/patients/",
    "timestamp": "unknown"
  },
  {
    "title": "Kid\u2019s Corner",
    "link": "https://sernova.com/patients/kids-corner/",
    "timestamp": "unknown"
  },
  {
    "title": "InvestorsOverviewNewsEventsFinancial ReportsStock InformationCorporate GovernanceAnnual General Meetings",
    "link": "https://sernova.com/investors/",
    "timestamp": "unknown"
  },
  {
    "title": "Overview",
    "link": "https://sernova.com/investors/",
    "timestamp": "unknown"
  },
  {
    "title": "News",
    "link": "https://sernova.com/investors/news/",
    "timestamp": "unknown"
  },
  {
    "title": "Events",
    "link": "https://sernova.com/investors/events/",
    "timestamp": "unknown"
  },
  {
    "title": "Financial Reports",
    "link": "https://sernova.com/investors/financial-reports/",
    "timestamp": "unknown"
  },
  {
    "title": "Stock Information",
    "link": "https://sernova.com/investors/stock-information/",
    "timestamp": "unknown"
  },
  {
    "title": "Corporate Governance",
    "link": "https://sernova.com/investors/corporate-governance/",
    "timestamp": "unknown"
  },
  {
    "title": "Annual General Meetings",
    "link": "https://sernova.com/annual-general-meetings/",
    "timestamp": "unknown"
  },
  {
    "title": "InvestorsView Stock InformationCorporate Presentation (PDF)Corporate Presentation (PDF)Corporate ProfileSernova is a regenerative medicine company dev",
    "link": "https://sernova.com/investors/stock-information",
    "timestamp": "unknown"
  },
  {
    "title": "InvestorsView Stock InformationCorporate Presentation (PDF)Corporate Presentation (PDF)Corporate ProfileSernova is a regenerative medicine company dev",
    "link": "https://sernova.com/investors/stock-information",
    "timestamp": "unknown"
  },
  {
    "title": "InvestorsView Stock InformationCorporate Presentation (PDF)Corporate Presentation (PDF)Corporate ProfileSernova is a regenerative medicine company dev",
    "link": "https://sernova.com/investors/stock-information",
    "timestamp": "unknown"
  },
  {
    "title": "InvestorsView Stock InformationCorporate Presentation (PDF)Corporate Presentation (PDF)Corporate ProfileSernova is a regenerative medicine company dev",
    "link": "https://sernova.com/investors/stock-information",
    "timestamp": "unknown"
  },
  {
    "title": "InvestorsView Stock InformationCorporate Presentation (PDF)Corporate Presentation (PDF)Corporate ProfileSernova is a regenerative medicine company dev",
    "link": "https://sernova.com/investors/stock-information",
    "timestamp": "unknown"
  },
  {
    "title": "InvestorsView Stock InformationCorporate Presentation (PDF)Corporate Presentation (PDF)Corporate ProfileSernova is a regenerative medicine company dev",
    "link": "https://sernova.com/investors/stock-information",
    "timestamp": "unknown"
  },
  {
    "title": "View Stock InformationCorporate Presentation (PDF)Corporate Presentation (PDF)Corporate ProfileSernova is a regenerative medicine company developing t",
    "link": "https://sernova.com/investors/stock-information",
    "timestamp": "unknown"
  },
  {
    "title": "View Stock InformationCorporate Presentation (PDF)Corporate Presentation (PDF)",
    "link": "https://sernova.com/investors/stock-information",
    "timestamp": "unknown"
  },
  {
    "title": "View Stock InformationCorporate Presentation (PDF)Corporate Presentation (PDF)",
    "link": "https://sernova.com/investors/stock-information",
    "timestamp": "unknown"
  },
  {
    "title": "View Stock Information",
    "link": "https://sernova.com/investors/stock-information",
    "timestamp": "unknown"
  },
  {
    "title": "View Stock Information",
    "link": "https://sernova.com/investors/stock-information",
    "timestamp": "unknown"
  },
  {
    "title": "View Stock Information",
    "link": "https://sernova.com/investors/stock-information",
    "timestamp": "unknown"
  },
  {
    "title": "Corporate Presentation (PDF)",
    "link": "https://sernova.com/wp-content/uploads///Sernova_Web_Deck-H1_2025.pdf",
    "timestamp": "unknown"
  },
  {
    "title": "Corporate Presentation (PDF)",
    "link": "https://sernova.com/wp-content/uploads///Sernova_Web_Deck-H1_2025.pdf",
    "timestamp": "unknown"
  },
  {
    "title": "Corporate Presentation (PDF)",
    "link": "https://sernova.com/wp-content/uploads///Sernova_Web_Deck-H1_2025.pdf",
    "timestamp": "unknown"
  },
  {
    "title": "Corporate Presentation (PDF)",
    "link": "https://sernova.com/wp-content/uploads///Sernova_Web_Deck-H1_2025.pdf",
    "timestamp": "unknown"
  },
  {
    "title": "Corporate Presentation (PDF)",
    "link": "https://sernova.com/wp-content/uploads///Sernova_Web_Deck-H1_2025.pdf",
    "timestamp": "unknown"
  },
  {
    "title": "Corporate Presentation (PDF)",
    "link": "https://sernova.com/wp-content/uploads///Sernova_Web_Deck-H1_2025.pdf",
    "timestamp": "unknown"
  },
  {
    "title": "Corporate Presentation (PDF)",
    "link": "https://sernova.com/wp-content/uploads///Sernova_Web_Deck-H1_2025.pdf",
    "timestamp": "unknown"
  },
  {
    "title": "Corporate Presentation (PDF)",
    "link": "https://sernova.com/wp-content/uploads///Sernova_Web_Deck-H1_2025.pdf",
    "timestamp": "unknown"
  },
  {
    "title": "Corporate Presentation (PDF)",
    "link": "https://sernova.com/wp-content/uploads///Sernova_Web_Deck-H1_2025.pdf",
    "timestamp": "unknown"
  },
  {
    "title": "Corporate Presentation (PDF)",
    "link": "https://sernova.com/wp-content/uploads///Sernova_Web_Deck-H1_2025.pdf",
    "timestamp": "unknown"
  },
  {
    "title": "Corporate Presentation (PDF)",
    "link": "https://sernova.com/wp-content/uploads///Sernova_Web_Deck-H1_2025.pdf",
    "timestamp": "unknown"
  },
  {
    "title": "Corporate Presentation (PDF)",
    "link": "https://sernova.com/wp-content/uploads///Sernova_Web_Deck-H1_2025.pdf",
    "timestamp": "unknown"
  },
  {
    "title": "Corporate Presentation (PDF)",
    "link": "https://sernova.com/wp-content/uploads///Sernova_Web_Deck-H1_2025.pdf",
    "timestamp": "unknown"
  },
  {
    "title": "Corporate Presentation (PDF)",
    "link": "https://sernova.com/wp-content/uploads///Sernova_Web_Deck-H1_2025.pdf",
    "timestamp": "unknown"
  },
  {
    "title": "Press ReleasesNovember ,Sernova Biotherapeutics Closes First Tranche of a Private Placement of Equity Financing to Support Ongoing Clinical EffortsOct",
    "link": "https://sernova.com/press_releases/sernova-biotherapeutics-closes-first-tranche-of-a-private-placement-of-equity-financing-to-support-ongoing-clinical-efforts/",
    "timestamp": "unknown"
  },
  {
    "title": "Press ReleasesNovember ,Sernova Biotherapeutics Closes First Tranche of a Private Placement of Equity Financing to Support Ongoing Clinical EffortsOct",
    "link": "https://sernova.com/press_releases/sernova-biotherapeutics-closes-first-tranche-of-a-private-placement-of-equity-financing-to-support-ongoing-clinical-efforts/",
    "timestamp": "unknown"
  },
  {
    "title": "Press ReleasesNovember ,Sernova Biotherapeutics Closes First Tranche of a Private Placement of Equity Financing to Support Ongoing Clinical EffortsOct",
    "link": "https://sernova.com/press_releases/sernova-biotherapeutics-closes-first-tranche-of-a-private-placement-of-equity-financing-to-support-ongoing-clinical-efforts/",
    "timestamp": "unknown"
  },
  {
    "title": "November ,Sernova Biotherapeutics Closes First Tranche of a Private Placement of Equity Financing to Support Ongoing Clinical EffortsOctober ,Sernova ",
    "link": "https://sernova.com/press_releases/sernova-biotherapeutics-closes-first-tranche-of-a-private-placement-of-equity-financing-to-support-ongoing-clinical-efforts/",
    "timestamp": "unknown"
  },
  {
    "title": "November ,Sernova Biotherapeutics Closes First Tranche of a Private Placement of Equity Financing to Support Ongoing Clinical EffortsOctober ,Sernova ",
    "link": "https://sernova.com/press_releases/sernova-biotherapeutics-closes-first-tranche-of-a-private-placement-of-equity-financing-to-support-ongoing-clinical-efforts/",
    "timestamp": "unknown"
  },
  {
    "title": "November ,Sernova Biotherapeutics Closes First Tranche of a Private Placement of Equity Financing to Support Ongoing Clinical EffortsOctober ,Sernova ",
    "link": "https://sernova.com/press_releases/sernova-biotherapeutics-closes-first-tranche-of-a-private-placement-of-equity-financing-to-support-ongoing-clinical-efforts/",
    "timestamp": "unknown"
  },
  {
    "title": "November ,Sernova Biotherapeutics Closes First Tranche of a Private Placement of Equity Financing to Support Ongoing Clinical EffortsOctober ,Sernova ",
    "link": "https://sernova.com/press_releases/sernova-biotherapeutics-closes-first-tranche-of-a-private-placement-of-equity-financing-to-support-ongoing-clinical-efforts/",
    "timestamp": "unknown"
  },
  {
    "title": "November ,Sernova Biotherapeutics Closes First Tranche of a Private Placement of Equity Financing to Support Ongoing Clinical Efforts",
    "link": "https://sernova.com/press_releases/sernova-biotherapeutics-closes-first-tranche-of-a-private-placement-of-equity-financing-to-support-ongoing-clinical-efforts/",
    "timestamp": "unknown"
  },
  {
    "title": "Sernova Biotherapeutics Closes First Tranche of a Private Placement of Equity Financing to Support Ongoing Clinical Efforts",
    "link": "https://sernova.com/press_releases/sernova-biotherapeutics-closes-first-tranche-of-a-private-placement-of-equity-financing-to-support-ongoing-clinical-efforts/",
    "timestamp": "unknown"
  },
  {
    "title": "October ,Sernova Biotherapeutics Announces $ Million Debt-to-Equity Conversion Eliminating Significant Financing Overhang",
    "link": "https://sernova.com/press_releases/sernova-biotherapeutics-announces--million-debt-to-equity-conversion-eliminating-significant-financing-overhang/",
    "timestamp": "unknown"
  },
  {
    "title": "Sernova Biotherapeutics Announces $ Million Debt-to-Equity Conversion Eliminating Significant Financing Overhang",
    "link": "https://sernova.com/press_releases/sernova-biotherapeutics-announces--million-debt-to-equity-conversion-eliminating-significant-financing-overhang/",
    "timestamp": "unknown"
  },
  {
    "title": "September ,Sernova Biotherapeutics Appoints John L. Brooks III, Former Chair and CEO of Joslin Diabetes Research Center, as Chair of the Board of Dire",
    "link": "https://sernova.com/press_releases/sernova-biotherapeutics-appoints-john-l-brooks-iii-former-chair-and-ceo-of-joslin-diabetes-research-center-as-chair-of-the-board-of-directors/",
    "timestamp": "unknown"
  },
  {
    "title": "Sernova Biotherapeutics Appoints John L. Brooks III, Former Chair and CEO of Joslin Diabetes Research Center, as Chair of the Board of Directors",
    "link": "https://sernova.com/press_releases/sernova-biotherapeutics-appoints-john-l-brooks-iii-former-chair-and-ceo-of-joslin-diabetes-research-center-as-chair-of-the-board-of-directors/",
    "timestamp": "unknown"
  },
  {
    "title": "View All Press Releases",
    "link": "https://sernova.com/investors/news",
    "timestamp": "unknown"
  },
  {
    "title": "View All Press Releases",
    "link": "https://sernova.com/investors/news",
    "timestamp": "unknown"
  },
  {
    "title": "View All Press Releases",
    "link": "https://sernova.com/investors/news",
    "timestamp": "unknown"
  },
  {
    "title": "EventsJanuary ,Annual General and Special Meeting of ShareholdersDecember ,  ETSernova Virtual Investor Event: Meet Our LeadershipView All Events",
    "link": "https://sernova.com/events/annual-general-and-special-meeting-of-shareholders/",
    "timestamp": "unknown"
  },
  {
    "title": "January ,Annual General and Special Meeting of ShareholdersDecember ,  ETSernova Virtual Investor Event: Meet Our Leadership",
    "link": "https://sernova.com/events/annual-general-and-special-meeting-of-shareholders/",
    "timestamp": "unknown"
  },
  {
    "title": "January ,Annual General and Special Meeting of ShareholdersDecember ,  ETSernova Virtual Investor Event: Meet Our Leadership",
    "link": "https://sernova.com/events/annual-general-and-special-meeting-of-shareholders/",
    "timestamp": "unknown"
  },
  {
    "title": "January ,Annual General and Special Meeting of ShareholdersDecember ,  ETSernova Virtual Investor Event: Meet Our Leadership",
    "link": "https://sernova.com/events/annual-general-and-special-meeting-of-shareholders/",
    "timestamp": "unknown"
  },
  {
    "title": "January ,Annual General and Special Meeting of ShareholdersDecember ,  ETSernova Virtual Investor Event: Meet Our Leadership",
    "link": "https://sernova.com/events/annual-general-and-special-meeting-of-shareholders/",
    "timestamp": "unknown"
  },
  {
    "title": "January ,Annual General and Special Meeting of Shareholders",
    "link": "https://sernova.com/events/annual-general-and-special-meeting-of-shareholders/",
    "timestamp": "unknown"
  },
  {
    "title": "Annual General and Special Meeting of Shareholders",
    "link": "https://sernova.com/events/annual-general-and-special-meeting-of-shareholders/",
    "timestamp": "unknown"
  },
  {
    "title": "December ,  ETSernova Virtual Investor Event: Meet Our Leadership",
    "link": "https://sernova.com/events/sernova-virtual-investor-event-meet-our-leadership-/",
    "timestamp": "unknown"
  },
  {
    "title": "Sernova Virtual Investor Event: Meet Our Leadership",
    "link": "https://sernova.com/events/sernova-virtual-investor-event-meet-our-leadership-/",
    "timestamp": "unknown"
  },
  {
    "title": "View All Events",
    "link": "https://sernova.com/investors/events",
    "timestamp": "unknown"
  },
  {
    "title": "View All Events",
    "link": "https://sernova.com/investors/events",
    "timestamp": "unknown"
  },
  {
    "title": "View All Events",
    "link": "https://sernova.com/investors/events",
    "timestamp": "unknown"
  },
  {
    "title": "IR ContactDavid BurkeVice President, Investor Relations..david.burke@sernova.comEmail Alerts Sign-UpEmailI accept thePrivacy PolicySubmitUnsubscribeLo",
    "link": "tel:..",
    "timestamp": "unknown"
  },
  {
    "title": "IR ContactDavid BurkeVice President, Investor Relations..david.burke@sernova.comEmail Alerts Sign-UpEmailI accept thePrivacy PolicySubmitUnsubscribeLo",
    "link": "tel:..",
    "timestamp": "unknown"
  },
  {
    "title": "IR ContactDavid BurkeVice President, Investor Relations..david.burke@sernova.comEmail Alerts Sign-UpEmailI accept thePrivacy PolicySubmitUnsubscribeLo",
    "link": "tel:..",
    "timestamp": "unknown"
  },
  {
    "title": "IR ContactDavid BurkeVice President, Investor Relations..david.burke@sernova.comEmail Alerts Sign-UpEmailI accept thePrivacy PolicySubmitUnsubscribeLo",
    "link": "tel:..",
    "timestamp": "unknown"
  },
  {
    "title": "IR ContactDavid BurkeVice President, Investor Relations..david.burke@sernova.com",
    "link": "tel:..",
    "timestamp": "unknown"
  },
  {
    "title": "David BurkeVice President, Investor Relations..david.burke@sernova.com",
    "link": "tel:..",
    "timestamp": "unknown"
  },
  {
    "title": "David BurkeVice President, Investor Relations..david.burke@sernova.com",
    "link": "tel:..",
    "timestamp": "unknown"
  },
  {
    "title": "David BurkeVice President, Investor Relations..david.burke@sernova.com",
    "link": "tel:..",
    "timestamp": "unknown"
  },
  {
    "title": "Email Alerts Sign-UpEmailI accept thePrivacy PolicySubmitUnsubscribeLoading...",
    "link": "https://sernova.com/privacy-policy",
    "timestamp": "unknown"
  },
  {
    "title": "EmailI accept thePrivacy PolicySubmitUnsubscribeLoading...",
    "link": "https://sernova.com/privacy-policy",
    "timestamp": "unknown"
  },
  {
    "title": "EmailI accept thePrivacy PolicySubmitUnsubscribeLoading...",
    "link": "https://sernova.com/privacy-policy",
    "timestamp": "unknown"
  },
  {
    "title": "EmailI accept thePrivacy PolicySubmitUnsubscribeLoading...",
    "link": "https://sernova.com/privacy-policy",
    "timestamp": "unknown"
  },
  {
    "title": "EmailI accept thePrivacy PolicySubmitUnsubscribeLoading...",
    "link": "https://sernova.com/privacy-policy",
    "timestamp": "unknown"
  },
  {
    "title": "I accept thePrivacy Policy",
    "link": "https://sernova.com/privacy-policy",
    "timestamp": "unknown"
  },
  {
    "title": "Unsubscribe",
    "link": "https://sernova.com/investors/",
    "timestamp": "unknown"
  },
  {
    "title": "PO BoxRPO Central Parkway,Mississauga, Ontario,L5A 4H2info@sernova.comCompanyAbout UsLeadershipBoard of DirectorsCareersContactScienceOur FocusType  d",
    "link": "https://sernova.com/",
    "timestamp": "unknown"
  },
  {
    "title": "PO BoxRPO Central Parkway,Mississauga, Ontario,L5A 4H2info@sernova.comCompanyAbout UsLeadershipBoard of DirectorsCareersContactScienceOur FocusType  d",
    "link": "https://sernova.com/",
    "timestamp": "unknown"
  },
  {
    "title": "PO BoxRPO Central Parkway,Mississauga, Ontario,L5A 4H2info@sernova.comCompanyAbout UsLeadershipBoard of DirectorsCareersContactScienceOur FocusType  d",
    "link": "https://sernova.com/",
    "timestamp": "unknown"
  },
  {
    "title": "PO BoxRPO Central Parkway,Mississauga, Ontario,L5A 4H2info@sernova.com",
    "link": "https://sernova.com/",
    "timestamp": "unknown"
  },
  {
    "title": "PO BoxRPO Central Parkway,Mississauga, Ontario,L5A 4H2info@sernova.com",
    "link": "mailto:info@sernova.com",
    "timestamp": "unknown"
  },
  {
    "title": "PO BoxRPO Central Parkway,Mississauga, Ontario,L5A 4H2info@sernova.com",
    "link": "mailto:info@sernova.com",
    "timestamp": "unknown"
  },
  {
    "title": "CompanyAbout UsLeadershipBoard of DirectorsCareersContact",
    "link": "https://sernova.com/about-us/",
    "timestamp": "unknown"
  },
  {
    "title": "CompanyAbout UsLeadershipBoard of DirectorsCareersContact",
    "link": "https://sernova.com/about-us/",
    "timestamp": "unknown"
  },
  {
    "title": "About Us",
    "link": "https://sernova.com/about-us/",
    "timestamp": "unknown"
  },
  {
    "title": "Leadership",
    "link": "https://sernova.com/about-us/#leadership",
    "timestamp": "unknown"
  },
  {
    "title": "Board of Directors",
    "link": "https://sernova.com/about-us/#bod",
    "timestamp": "unknown"
  },
  {
    "title": "Careers",
    "link": "https://sernova.com/careers/",
    "timestamp": "unknown"
  },
  {
    "title": "Contact",
    "link": "https://sernova.com/contact/",
    "timestamp": "unknown"
  },
  {
    "title": "ScienceOur FocusType  diabetesPipelineLibrary",
    "link": "https://sernova.com/our-focus/",
    "timestamp": "unknown"
  },
  {
    "title": "ScienceOur FocusType  diabetesPipelineLibrary",
    "link": "https://sernova.com/our-focus/",
    "timestamp": "unknown"
  },
  {
    "title": "Our Focus",
    "link": "https://sernova.com/our-focus/",
    "timestamp": "unknown"
  },
  {
    "title": "Type  diabetes",
    "link": "https://sernova.com/our-focus/type--diabetes/",
    "timestamp": "unknown"
  },
  {
    "title": "Pipeline",
    "link": "https://sernova.com/pipeline/",
    "timestamp": "unknown"
  },
  {
    "title": "Library",
    "link": "https://sernova.com/our-focus/library/",
    "timestamp": "unknown"
  },
  {
    "title": "InvestorsOverviewNewsEventsFinancial ReportsStock InformationCorporate Governance",
    "link": "https://sernova.com/investors/",
    "timestamp": "unknown"
  },
  {
    "title": "InvestorsOverviewNewsEventsFinancial ReportsStock InformationCorporate Governance",
    "link": "https://sernova.com/investors/",
    "timestamp": "unknown"
  },
  {
    "title": "Overview",
    "link": "https://sernova.com/investors/",
    "timestamp": "unknown"
  },
  {
    "title": "News",
    "link": "https://sernova.com/investors/news/",
    "timestamp": "unknown"
  },
  {
    "title": "Events",
    "link": "https://sernova.com/investors/events/",
    "timestamp": "unknown"
  },
  {
    "title": "Financial Reports",
    "link": "https://sernova.com/investors/financial-reports/",
    "timestamp": "unknown"
  },
  {
    "title": "Stock Information",
    "link": "https://sernova.com/investors/stock-information/",
    "timestamp": "unknown"
  },
  {
    "title": "Corporate Governance",
    "link": "https://sernova.com/investors/corporate-governance/",
    "timestamp": "unknown"
  },
  {
    "title": "Privacy PolicyLegal Notice\u00a9  Sernova Biotherapeutics. All rights reserved.",
    "link": "https://sernova.com/privacy-policy/",
    "timestamp": "unknown"
  },
  {
    "title": "Privacy PolicyLegal Notice\u00a9  Sernova Biotherapeutics. All rights reserved.",
    "link": "https://sernova.com/privacy-policy/",
    "timestamp": "unknown"
  },
  {
    "title": "Privacy PolicyLegal Notice\u00a9  Sernova Biotherapeutics. All rights reserved.",
    "link": "https://sernova.com/privacy-policy/",
    "timestamp": "unknown"
  },
  {
    "title": "Privacy PolicyLegal Notice",
    "link": "https://sernova.com/privacy-policy/",
    "timestamp": "unknown"
  },
  {
    "title": "Privacy PolicyLegal Notice",
    "link": "https://sernova.com/privacy-policy/",
    "timestamp": "unknown"
  },
  {
    "title": "Privacy PolicyLegal Notice",
    "link": "https://sernova.com/privacy-policy/",
    "timestamp": "unknown"
  },
  {
    "title": "Privacy PolicyLegal Notice",
    "link": "https://sernova.com/privacy-policy/",
    "timestamp": "unknown"
  },
  {
    "title": "Privacy Policy",
    "link": "https://sernova.com/privacy-policy/",
    "timestamp": "unknown"
  },
  {
    "title": "Legal Notice",
    "link": "https://sernova.com/legal-notice/",
    "timestamp": "unknown"
  }
]