[
  {
    "title": "About Beta BionicsCareersMedia KitOverviewNewsEvents & PresentationsStock InformationStock Quote & ChartAnalyst CoverageFinancialsSEC FilingsLeadershi",
    "link": "https://www.betabionics.com/about-us/",
    "timestamp": "unknown"
  },
  {
    "title": "About Beta BionicsCareersMedia Kit",
    "link": "https://www.betabionics.com/about-us/",
    "timestamp": "unknown"
  },
  {
    "title": "About Beta BionicsCareersMedia Kit",
    "link": "https://www.betabionics.com/about-us/",
    "timestamp": "unknown"
  },
  {
    "title": "About Beta Bionics",
    "link": "https://www.betabionics.com/about-us/",
    "timestamp": "unknown"
  },
  {
    "title": "Careers",
    "link": "https://www.betabionics.com/about-us/careers/",
    "timestamp": "unknown"
  },
  {
    "title": "Media Kit",
    "link": "https://www.betabionics.com/media-library/",
    "timestamp": "unknown"
  },
  {
    "title": "OverviewNewsEvents & PresentationsStock InformationStock Quote & ChartAnalyst CoverageFinancialsSEC FilingsLeadership & GovernanceDocuments & Charters",
    "link": "https://www.betabionics.com/",
    "timestamp": "unknown"
  },
  {
    "title": "OverviewNewsEvents & PresentationsStock InformationStock Quote & ChartAnalyst CoverageFinancialsSEC FilingsLeadership & GovernanceDocuments & Charters",
    "link": "https://investors.betabionics.com/investor-relations",
    "timestamp": "unknown"
  },
  {
    "title": "Overview",
    "link": "https://investors.betabionics.com/investor-relations",
    "timestamp": "unknown"
  },
  {
    "title": "News",
    "link": "https://investors.betabionics.com/news",
    "timestamp": "unknown"
  },
  {
    "title": "Events & Presentations",
    "link": "https://investors.betabionics.com/events-and-presentations",
    "timestamp": "unknown"
  },
  {
    "title": "Stock InformationStock Quote & ChartAnalyst Coverage",
    "link": "https://investors.betabionics.com/stock-information/stock-quote-chart",
    "timestamp": "unknown"
  },
  {
    "title": "Stock Quote & Chart",
    "link": "https://investors.betabionics.com/stock-information/stock-quote-chart",
    "timestamp": "unknown"
  },
  {
    "title": "Analyst Coverage",
    "link": "https://investors.betabionics.com/stock-information/analyst-coverage",
    "timestamp": "unknown"
  },
  {
    "title": "FinancialsSEC Filings",
    "link": "https://investors.betabionics.com/financials/sec-filings",
    "timestamp": "unknown"
  },
  {
    "title": "SEC Filings",
    "link": "https://investors.betabionics.com/financials/sec-filings",
    "timestamp": "unknown"
  },
  {
    "title": "Leadership & GovernanceDocuments & ChartersExecutive ManagementBoard of DirectorsCommittee CompositionCompliance Hotline",
    "link": "https://investors.betabionics.com/leadership-governance/documents-charters",
    "timestamp": "unknown"
  },
  {
    "title": "Documents & Charters",
    "link": "https://investors.betabionics.com/leadership-governance/documents-charters",
    "timestamp": "unknown"
  },
  {
    "title": "Executive Management",
    "link": "https://www.betabionics.com/about-us/our-team/",
    "timestamp": "unknown"
  },
  {
    "title": "Board of Directors",
    "link": "https://www.betabionics.com/about-us/our-team/",
    "timestamp": "unknown"
  },
  {
    "title": "Committee Composition",
    "link": "https://investors.betabionics.com/leadership-governance/committee-composition",
    "timestamp": "unknown"
  },
  {
    "title": "Compliance Hotline",
    "link": "https://www.whistleblowerservices.com/betabionics",
    "timestamp": "unknown"
  },
  {
    "title": "ResourcesInvestor Email AlertsInvestor Contacts",
    "link": "https://investors.betabionics.com/resources/investor-email-alerts",
    "timestamp": "unknown"
  },
  {
    "title": "Investor Email Alerts",
    "link": "https://investors.betabionics.com/resources/investor-email-alerts",
    "timestamp": "unknown"
  },
  {
    "title": "Investor Contacts",
    "link": "https://investors.betabionics.com/resources/investor-contacts",
    "timestamp": "unknown"
  },
  {
    "title": "YearAllJanuary ,Beta Bionics Announces Preliminary, Unaudited Fourth Quarter  Topline Financial Results and Key Metrics",
    "link": "https://investors.betabionics.com/news-releases/news-release-details/beta-bionics-announces-preliminary-unaudited-fourth-quarter-",
    "timestamp": "unknown"
  },
  {
    "title": "YearAllJanuary ,Beta Bionics Announces Preliminary, Unaudited Fourth Quarter  Topline Financial Results and Key Metrics",
    "link": "https://investors.betabionics.com/news-releases/news-release-details/beta-bionics-announces-preliminary-unaudited-fourth-quarter-",
    "timestamp": "unknown"
  },
  {
    "title": "YearAllJanuary ,Beta Bionics Announces Preliminary, Unaudited Fourth Quarter  Topline Financial Results and Key Metrics",
    "link": "https://investors.betabionics.com/news-releases/news-release-details/beta-bionics-announces-preliminary-unaudited-fourth-quarter-",
    "timestamp": "unknown"
  },
  {
    "title": "YearAllJanuary ,Beta Bionics Announces Preliminary, Unaudited Fourth Quarter  Topline Financial Results and Key Metrics",
    "link": "https://investors.betabionics.com/news-releases/news-release-details/beta-bionics-announces-preliminary-unaudited-fourth-quarter-",
    "timestamp": "unknown"
  },
  {
    "title": "YearAllJanuary ,Beta Bionics Announces Preliminary, Unaudited Fourth Quarter  Topline Financial Results and Key Metrics",
    "link": "https://investors.betabionics.com/news-releases/news-release-details/beta-bionics-announces-preliminary-unaudited-fourth-quarter-",
    "timestamp": "unknown"
  },
  {
    "title": "YearAllJanuary ,Beta Bionics Announces Preliminary, Unaudited Fourth Quarter  Topline Financial Results and Key Metrics",
    "link": "https://investors.betabionics.com/news-releases/news-release-details/beta-bionics-announces-preliminary-unaudited-fourth-quarter-",
    "timestamp": "unknown"
  },
  {
    "title": "YearAllJanuary ,Beta Bionics Announces Preliminary, Unaudited Fourth Quarter  Topline Financial Results and Key Metrics",
    "link": "https://investors.betabionics.com/news-releases/news-release-details/beta-bionics-announces-preliminary-unaudited-fourth-quarter-",
    "timestamp": "unknown"
  },
  {
    "title": "YearAllJanuary ,Beta Bionics Announces Preliminary, Unaudited Fourth Quarter  Topline Financial Results and Key Metrics",
    "link": "https://investors.betabionics.com/news-releases/news-release-details/beta-bionics-announces-preliminary-unaudited-fourth-quarter-",
    "timestamp": "unknown"
  },
  {
    "title": "YearAllJanuary ,Beta Bionics Announces Preliminary, Unaudited Fourth Quarter  Topline Financial Results and Key Metrics",
    "link": "https://investors.betabionics.com/news-releases/news-release-details/beta-bionics-announces-preliminary-unaudited-fourth-quarter-",
    "timestamp": "unknown"
  },
  {
    "title": "YearAllJanuary ,Beta Bionics Announces Preliminary, Unaudited Fourth Quarter  Topline Financial Results and Key Metrics",
    "link": "https://investors.betabionics.com/news-releases/news-release-details/beta-bionics-announces-preliminary-unaudited-fourth-quarter-",
    "timestamp": "unknown"
  },
  {
    "title": "YearAllJanuary ,Beta Bionics Announces Preliminary, Unaudited Fourth Quarter  Topline Financial Results and Key Metrics",
    "link": "https://investors.betabionics.com/news-releases/news-release-details/beta-bionics-announces-preliminary-unaudited-fourth-quarter-",
    "timestamp": "unknown"
  },
  {
    "title": "YearAllJanuary ,Beta Bionics Announces Preliminary, Unaudited Fourth Quarter  Topline Financial Results and Key Metrics",
    "link": "https://investors.betabionics.com/news-releases/news-release-details/beta-bionics-announces-preliminary-unaudited-fourth-quarter-",
    "timestamp": "unknown"
  },
  {
    "title": "YearAllJanuary ,Beta Bionics Announces Preliminary, Unaudited Fourth Quarter  Topline Financial Results and Key Metrics",
    "link": "https://investors.betabionics.com/news-releases/news-release-details/beta-bionics-announces-preliminary-unaudited-fourth-quarter-",
    "timestamp": "unknown"
  },
  {
    "title": "YearAllJanuary ,Beta Bionics Announces Preliminary, Unaudited Fourth Quarter  Topline Financial Results and Key Metrics",
    "link": "https://investors.betabionics.com/news-releases/news-release-details/beta-bionics-announces-preliminary-unaudited-fourth-quarter-",
    "timestamp": "unknown"
  },
  {
    "title": "YearAllJanuary ,Beta Bionics Announces Preliminary, Unaudited Fourth Quarter  Topline Financial Results and Key Metrics",
    "link": "https://investors.betabionics.com/news-releases/news-release-details/beta-bionics-announces-preliminary-unaudited-fourth-quarter-",
    "timestamp": "unknown"
  },
  {
    "title": "YearAllJanuary ,Beta Bionics Announces Preliminary, Unaudited Fourth Quarter  Topline Financial Results and Key Metrics",
    "link": "https://investors.betabionics.com/news-releases/news-release-details/beta-bionics-announces-preliminary-unaudited-fourth-quarter-",
    "timestamp": "unknown"
  },
  {
    "title": "YearAllJanuary ,Beta Bionics Announces Preliminary, Unaudited Fourth Quarter  Topline Financial Results and Key Metrics",
    "link": "https://investors.betabionics.com/news-releases/news-release-details/beta-bionics-announces-preliminary-unaudited-fourth-quarter-",
    "timestamp": "unknown"
  },
  {
    "title": "YearAllJanuary ,Beta Bionics Announces Preliminary, Unaudited Fourth Quarter  Topline Financial Results and Key Metrics",
    "link": "https://investors.betabionics.com/news-releases/news-release-details/beta-bionics-announces-preliminary-unaudited-fourth-quarter-",
    "timestamp": "unknown"
  },
  {
    "title": "YearAllJanuary ,Beta Bionics Announces Preliminary, Unaudited Fourth Quarter  Topline Financial Results and Key Metrics",
    "link": "https://investors.betabionics.com/news-releases/news-release-details/beta-bionics-announces-preliminary-unaudited-fourth-quarter-",
    "timestamp": "unknown"
  },
  {
    "title": "YearAllJanuary ,Beta Bionics Announces Preliminary, Unaudited Fourth Quarter  Topline Financial Results and Key Metrics",
    "link": "https://investors.betabionics.com/news-releases/news-release-details/beta-bionics-announces-preliminary-unaudited-fourth-quarter-",
    "timestamp": "unknown"
  },
  {
    "title": "YearAllJanuary ,Beta Bionics Announces Preliminary, Unaudited Fourth Quarter  Topline Financial Results and Key Metrics",
    "link": "https://investors.betabionics.com/news-releases/news-release-details/beta-bionics-announces-preliminary-unaudited-fourth-quarter-",
    "timestamp": "unknown"
  },
  {
    "title": "YearAllJanuary ,Beta Bionics Announces Preliminary, Unaudited Fourth Quarter  Topline Financial Results and Key Metrics",
    "link": "https://investors.betabionics.com/news-releases/news-release-details/beta-bionics-announces-preliminary-unaudited-fourth-quarter-",
    "timestamp": "unknown"
  },
  {
    "title": "January ,Beta Bionics Announces Preliminary, Unaudited Fourth Quarter  Topline Financial Results and Key Metrics",
    "link": "https://investors.betabionics.com/news-releases/news-release-details/beta-bionics-announces-preliminary-unaudited-fourth-quarter-",
    "timestamp": "unknown"
  },
  {
    "title": "January ,Beta Bionics Announces Preliminary, Unaudited Fourth Quarter  Topline Financial Results and Key Metrics",
    "link": "https://investors.betabionics.com/news-releases/news-release-details/beta-bionics-announces-preliminary-unaudited-fourth-quarter-",
    "timestamp": "unknown"
  },
  {
    "title": "Beta Bionics Announces Preliminary, Unaudited Fourth Quarter  Topline Financial Results and Key Metrics",
    "link": "https://investors.betabionics.com/news-releases/news-release-details/beta-bionics-announces-preliminary-unaudited-fourth-quarter-",
    "timestamp": "unknown"
  },
  {
    "title": "Beta Bionics, Inc. logoSocial MediaContactBlake Beberir@betabionics.comInvestor Email AlertsRequired fields denoted by an asterisk ().Alert typeSEC fi",
    "link": "https://www.betabionics.com/",
    "timestamp": "unknown"
  },
  {
    "title": "Beta Bionics, Inc. logoSocial MediaContactBlake Beberir@betabionics.comInvestor Email AlertsRequired fields denoted by an asterisk ().Alert typeSEC fi",
    "link": "https://www.betabionics.com/",
    "timestamp": "unknown"
  },
  {
    "title": "Beta Bionics, Inc. logoSocial MediaContactBlake Beberir@betabionics.comInvestor Email AlertsRequired fields denoted by an asterisk ().Alert typeSEC fi",
    "link": "https://www.betabionics.com/",
    "timestamp": "unknown"
  },
  {
    "title": "Beta Bionics, Inc. logoSocial Media",
    "link": "https://www.betabionics.com/",
    "timestamp": "unknown"
  },
  {
    "title": "ContactBlake Beberir@betabionics.com",
    "link": "mailto:ir@betabionics.com",
    "timestamp": "unknown"
  },
  {
    "title": "ContactBlake Beberir@betabionics.com",
    "link": "mailto:ir@betabionics.com",
    "timestamp": "unknown"
  },
  {
    "title": "ContactBlake Beberir@betabionics.com",
    "link": "mailto:ir@betabionics.com",
    "timestamp": "unknown"
  },
  {
    "title": "ContactBlake Beberir@betabionics.com",
    "link": "mailto:ir@betabionics.com",
    "timestamp": "unknown"
  },
  {
    "title": "Blake Beberir@betabionics.com",
    "link": "mailto:ir@betabionics.com",
    "timestamp": "unknown"
  },
  {
    "title": "Terms of UsePrivacy PolicySite Map\u00a9  Beta Bionics, Inc. All Rights Reserved.",
    "link": "https://www.betabionics.com/terms/",
    "timestamp": "unknown"
  },
  {
    "title": "Terms of UsePrivacy PolicySite Map\u00a9  Beta Bionics, Inc. All Rights Reserved.",
    "link": "https://www.betabionics.com/terms/",
    "timestamp": "unknown"
  },
  {
    "title": "Terms of UsePrivacy PolicySite Map\u00a9  Beta Bionics, Inc. All Rights Reserved.",
    "link": "https://www.betabionics.com/terms/",
    "timestamp": "unknown"
  },
  {
    "title": "Terms of UsePrivacy PolicySite Map",
    "link": "https://www.betabionics.com/terms/",
    "timestamp": "unknown"
  },
  {
    "title": "Terms of Use",
    "link": "https://www.betabionics.com/terms/",
    "timestamp": "unknown"
  },
  {
    "title": "Privacy Policy",
    "link": "https://www.betabionics.com/articles/",
    "timestamp": "unknown"
  },
  {
    "title": "Site Map",
    "link": "https://investors.betabionics.com/site-map",
    "timestamp": "unknown"
  }
]