[
  {
    "title": "https://www.medtronic.com/us-en/index.htmlSelect Country / RegionAdriaticArabiaArgentinaAsia-PacificAustralia and New ZealandBangladeshBelgique (Belgi",
    "link": "https://www.medtronic.com/us-en/index.html",
    "timestamp": "unknown"
  },
  {
    "title": "https://www.medtronic.com/us-en/index.html",
    "link": "https://www.medtronic.com/us-en/index.html",
    "timestamp": "unknown"
  },
  {
    "title": "https://www.medtronic.com/us-en/index.html",
    "link": "https://www.medtronic.com/us-en/index.html",
    "timestamp": "unknown"
  },
  {
    "title": "AdriaticArabiaArgentinaAsia-PacificAustralia and New ZealandBangladeshBelgique (Belgium)Belgi\u00eb (Belgium)Brasil (Brazil)BulgariaCanadaCanada\u010cesk\u00e1 repub",
    "link": "https://adriatic.medtronic.com/xa-en/index.html",
    "timestamp": "unknown"
  },
  {
    "title": "HomePress releases",
    "link": "https://news.medtronic.com/index.php?s=",
    "timestamp": "unknown"
  },
  {
    "title": "HomePress releases",
    "link": "https://news.medtronic.com/index.php?s=",
    "timestamp": "unknown"
  },
  {
    "title": "Toggle navigationNewsroomHomePress releasesBusiness & regional newsStoriesCompany newsHealth & WellnessInnovationLeadership perspectivesOur impactSee ",
    "link": "https://news.medtronic.com/index.php?s=",
    "timestamp": "unknown"
  },
  {
    "title": "HomePress releasesBusiness & regional newsStoriesCompany newsHealth & WellnessInnovationLeadership perspectivesOur impactSee all storiesMedtronic.comH",
    "link": "https://news.medtronic.com/index.php?s=",
    "timestamp": "unknown"
  },
  {
    "title": "Home",
    "link": "https://news.medtronic.com/index.php?s=",
    "timestamp": "unknown"
  },
  {
    "title": "Press releases",
    "link": "https://news.medtronic.com/press-releases",
    "timestamp": "unknown"
  },
  {
    "title": "Business & regional news",
    "link": "https://news.medtronic.com/business-regional-news",
    "timestamp": "unknown"
  },
  {
    "title": "StoriesCompany newsHealth & WellnessInnovationLeadership perspectivesOur impactSee all stories",
    "link": "https://news.medtronic.com/featured-stories",
    "timestamp": "unknown"
  },
  {
    "title": "Company news",
    "link": "https://news.medtronic.com/index.php?s=&cat=",
    "timestamp": "unknown"
  },
  {
    "title": "Health & Wellness",
    "link": "https://news.medtronic.com/health-and-wellness",
    "timestamp": "unknown"
  },
  {
    "title": "Innovation",
    "link": "https://news.medtronic.com/index.php?s=&cat=",
    "timestamp": "unknown"
  },
  {
    "title": "Leadership perspectives",
    "link": "https://news.medtronic.com/index.php?s=&cat=",
    "timestamp": "unknown"
  },
  {
    "title": "Our impact",
    "link": "https://news.medtronic.com/making-an-impact",
    "timestamp": "unknown"
  },
  {
    "title": "See all stories",
    "link": "https://news.medtronic.com/index.php?s=",
    "timestamp": "unknown"
  },
  {
    "title": "Medtronic.comHealthcare ProfessionalsPatients & CaregiversOur CompanyOur Impact",
    "link": "https://www.medtronic.com/en-us/index.html",
    "timestamp": "unknown"
  },
  {
    "title": "Healthcare Professionals",
    "link": "https://www.medtronic.com/en-us/healthcare-professionals.html",
    "timestamp": "unknown"
  },
  {
    "title": "Patients & Caregivers",
    "link": "https://www.medtronic.com/en-us/l/patients.html",
    "timestamp": "unknown"
  },
  {
    "title": "Our Company",
    "link": "https://www.medtronic.com/en-us/our-company.html",
    "timestamp": "unknown"
  },
  {
    "title": "Our Impact",
    "link": "https://www.medtronic.com/en-us/our-impact.html",
    "timestamp": "unknown"
  },
  {
    "title": "MediaMedia kitsHonors & awardsLeadershipIn the newsEmail alerts",
    "link": "https://news.medtronic.com/media-kits",
    "timestamp": "unknown"
  },
  {
    "title": "Media kits",
    "link": "https://news.medtronic.com/media-kits",
    "timestamp": "unknown"
  },
  {
    "title": "Honors & awards",
    "link": "https://news.medtronic.com/awards",
    "timestamp": "unknown"
  },
  {
    "title": "Leadership",
    "link": "https://www.medtronic.com/en-us/our-company/leadership.html",
    "timestamp": "unknown"
  },
  {
    "title": "In the news",
    "link": "https://news.medtronic.com/in-the-news",
    "timestamp": "unknown"
  },
  {
    "title": "Email alerts",
    "link": "https://news.medtronic.com/email-alerts",
    "timestamp": "unknown"
  },
  {
    "title": "Month YearSuMoTuWeThFrSaCancelGoMonth YearSuMoTuWeThFrSaCancelGoEmail alertsYearAll YearsCategoryAll CategoriesCardiovascular PortfolioCorporateDiabet",
    "link": "https://news.medtronic.com/email-alerts?type=",
    "timestamp": "unknown"
  },
  {
    "title": "Month YearSuMoTuWeThFrSaCancelGoMonth YearSuMoTuWeThFrSaCancelGoEmail alertsYearAll YearsCategoryAll CategoriesCardiovascular PortfolioCorporateDiabet",
    "link": "https://news.medtronic.com/email-alerts?type=",
    "timestamp": "unknown"
  },
  {
    "title": "Month YearSuMoTuWeThFrSaCancelGoMonth YearSuMoTuWeThFrSaCancelGoEmail alertsYearAll YearsCategoryAll CategoriesCardiovascular PortfolioCorporateDiabet",
    "link": "https://news.medtronic.com/email-alerts?type=",
    "timestamp": "unknown"
  },
  {
    "title": "Month YearSuMoTuWeThFrSaCancelGoMonth YearSuMoTuWeThFrSaCancelGoEmail alertsYearAll YearsCategoryAll CategoriesCardiovascular PortfolioCorporateDiabet",
    "link": "https://news.medtronic.com/email-alerts?type=",
    "timestamp": "unknown"
  },
  {
    "title": "Email alerts",
    "link": "https://news.medtronic.com/email-alerts?type=",
    "timestamp": "unknown"
  },
  {
    "title": "YearAll YearsCategoryAll CategoriesCardiovascular PortfolioCorporateDiabetesMedical Surgical PortfolioNeuroscience PortfolioUncategorizedKeywordsSearc",
    "link": "https://news.medtronic.com/press-releases",
    "timestamp": "unknown"
  },
  {
    "title": "Basic Search",
    "link": "https://news.medtronic.com/press-releases",
    "timestamp": "unknown"
  },
  {
    "title": "Basic Search",
    "link": "https://news.medtronic.com/press-releases",
    "timestamp": "unknown"
  },
  {
    "title": "Jan ,Medtronic Diabetes announces FDA clearance for MiniMed Go\u2122 Smart MDI system featuring Instinct sensor made by AbbottMiniMed Go\u2122 is the first and ",
    "link": "https://news.medtronic.com/-Medtronic-Diabetes-announces-FDA-clearance-for-MiniMed-Go-TM-Smart-MDI-system-featuring-Instinct-sensor-made-by-Abbott",
    "timestamp": "unknown"
  },
  {
    "title": "Jan ,Medtronic Diabetes announces FDA clearance for MiniMed Go\u2122 Smart MDI system featuring Instinct sensor made by AbbottMiniMed Go\u2122 is the first and ",
    "link": "https://news.medtronic.com/-Medtronic-Diabetes-announces-FDA-clearance-for-MiniMed-Go-TM-Smart-MDI-system-featuring-Instinct-sensor-made-by-Abbott",
    "timestamp": "unknown"
  },
  {
    "title": "Medtronic Diabetes announces FDA clearance for MiniMed Go\u2122 Smart MDI system featuring Instinct sensor made by Abbott",
    "link": "https://news.medtronic.com/-Medtronic-Diabetes-announces-FDA-clearance-for-MiniMed-Go-TM-Smart-MDI-system-featuring-Instinct-sensor-made-by-Abbott",
    "timestamp": "unknown"
  },
  {
    "title": "Photos",
    "link": "https://news.medtronic.com/-Medtronic-Diabetes-announces-FDA-clearance-for-MiniMed-Go-TM-Smart-MDI-system-featuring-Instinct-sensor-made-by-Abbott#assets_20295_124171-",
    "timestamp": "unknown"
  },
  {
    "title": "Jan ,Study showed MiniMed\u2122 780G system achieved ADA-recommended time-in-range goals even on days users forgot to bolusA new real-world retrospective a",
    "link": "https://news.medtronic.com/-Study-showed-MiniMed-TM-780G-system-achieved-ADA-recommended-time-in-range-goals-even-on-days-users-forgot-to-bolus",
    "timestamp": "unknown"
  },
  {
    "title": "Jan ,Study showed MiniMed\u2122 780G system achieved ADA-recommended time-in-range goals even on days users forgot to bolusA new real-world retrospective a",
    "link": "https://news.medtronic.com/-Study-showed-MiniMed-TM-780G-system-achieved-ADA-recommended-time-in-range-goals-even-on-days-users-forgot-to-bolus",
    "timestamp": "unknown"
  },
  {
    "title": "Study showed MiniMed\u2122 780G system achieved ADA-recommended time-in-range goals even on days users forgot to bolus",
    "link": "https://news.medtronic.com/-Study-showed-MiniMed-TM-780G-system-achieved-ADA-recommended-time-in-range-goals-even-on-days-users-forgot-to-bolus",
    "timestamp": "unknown"
  },
  {
    "title": "Jan ,Medtronic Chairman and CEO Geoff Martha to speak at J.P. Morgan healthcare conferenceMedtronic plc (NYSE:MDT), a global leader in healthcare tech",
    "link": "https://news.medtronic.com/-Medtronic-Chairman-and-CEO-Geoff-Martha-to-speak-at-J-P-Morgan-healthcare-conference",
    "timestamp": "unknown"
  },
  {
    "title": "Jan ,Medtronic Chairman and CEO Geoff Martha to speak at J.P. Morgan healthcare conferenceMedtronic plc (NYSE:MDT), a global leader in healthcare tech",
    "link": "https://news.medtronic.com/-Medtronic-Chairman-and-CEO-Geoff-Martha-to-speak-at-J-P-Morgan-healthcare-conference",
    "timestamp": "unknown"
  },
  {
    "title": "Medtronic Chairman and CEO Geoff Martha to speak at J.P. Morgan healthcare conference",
    "link": "https://news.medtronic.com/-Medtronic-Chairman-and-CEO-Geoff-Martha-to-speak-at-J-P-Morgan-healthcare-conference",
    "timestamp": "unknown"
  },
  {
    "title": "Dec ,Medtronic announces filing of IPO registration statement for Diabetes business, MiniMedMedtronic plc (NYSE: MDT), a global leader in healthcare t",
    "link": "https://news.medtronic.com/-Medtronic-announces-filing-of-IPO-registration-statement-for-Diabetes-business,-MiniMed",
    "timestamp": "unknown"
  },
  {
    "title": "Dec ,Medtronic announces filing of IPO registration statement for Diabetes business, MiniMedMedtronic plc (NYSE: MDT), a global leader in healthcare t",
    "link": "https://news.medtronic.com/-Medtronic-announces-filing-of-IPO-registration-statement-for-Diabetes-business,-MiniMed",
    "timestamp": "unknown"
  },
  {
    "title": "Medtronic announces filing of IPO registration statement for Diabetes business, MiniMed",
    "link": "https://news.medtronic.com/-Medtronic-announces-filing-of-IPO-registration-statement-for-Diabetes-business,-MiniMed",
    "timestamp": "unknown"
  },
  {
    "title": "Dec ,Medtronic announces cash dividend for third quarter of fiscal yearThe board of directors of Medtronic plc (NYSE: MDT) on Thursday, December , , a",
    "link": "https://news.medtronic.com/-Medtronic-announces-cash-dividend-for-third-quarter-of-fiscal-year-",
    "timestamp": "unknown"
  },
  {
    "title": "Dec ,Medtronic announces cash dividend for third quarter of fiscal yearThe board of directors of Medtronic plc (NYSE: MDT) on Thursday, December , , a",
    "link": "https://news.medtronic.com/-Medtronic-announces-cash-dividend-for-third-quarter-of-fiscal-year-",
    "timestamp": "unknown"
  },
  {
    "title": "Medtronic announces cash dividend for third quarter of fiscal year",
    "link": "https://news.medtronic.com/-Medtronic-announces-cash-dividend-for-third-quarter-of-fiscal-year-",
    "timestamp": "unknown"
  },
  {
    "title": "Showper page\u00ab\u2026\u00bb",
    "link": "https://news.medtronic.com/press-releases?l=",
    "timestamp": "unknown"
  },
  {
    "title": "Showper page",
    "link": "https://news.medtronic.com/press-releases?l=",
    "timestamp": "unknown"
  },
  {
    "title": "\u00bb",
    "link": "https://news.medtronic.com/press-releases?o=",
    "timestamp": "unknown"
  },
  {
    "title": "CareersContact & SupportOrder Products(open in new window)Diabetes Supplies(open in new window)Product Manuals(open in new window)Product SecurityInfo",
    "link": "https://www.medtronic.com/en-us/our-company/careers.html",
    "timestamp": "unknown"
  },
  {
    "title": "CareersContact & SupportOrder Products(open in new window)Diabetes Supplies(open in new window)Product Manuals(open in new window)Product SecurityInfo",
    "link": "https://www.medtronic.com/en-us/our-company/careers.html",
    "timestamp": "unknown"
  },
  {
    "title": "CareersContact & SupportOrder Products(open in new window)Diabetes Supplies(open in new window)Product Manuals(open in new window)Product SecurityInfo",
    "link": "https://www.medtronic.com/en-us/our-company/careers.html",
    "timestamp": "unknown"
  },
  {
    "title": "CareersContact & SupportOrder Products(open in new window)Diabetes Supplies(open in new window)Product Manuals(open in new window)Product SecurityInfo",
    "link": "https://www.medtronic.com/en-us/our-company/careers.html",
    "timestamp": "unknown"
  },
  {
    "title": "CareersContact & SupportOrder Products(open in new window)Diabetes Supplies(open in new window)Product Manuals(open in new window)Product SecurityInfo",
    "link": "https://www.medtronic.com/en-us/our-company/careers.html",
    "timestamp": "unknown"
  },
  {
    "title": "CareersContact & SupportOrder Products(open in new window)Diabetes Supplies(open in new window)Product Manuals(open in new window)Product SecurityInfo",
    "link": "https://www.medtronic.com/en-us/our-company/careers.html",
    "timestamp": "unknown"
  },
  {
    "title": "CareersContact & SupportOrder Products(open in new window)Diabetes Supplies(open in new window)Product Manuals(open in new window)Product SecurityInfo",
    "link": "https://www.medtronic.com/en-us/our-company/careers.html",
    "timestamp": "unknown"
  },
  {
    "title": "CareersContact & SupportOrder Products(open in new window)Diabetes Supplies(open in new window)Product Manuals(open in new window)Product SecurityInfo",
    "link": "https://www.medtronic.com/en-us/our-company/careers.html",
    "timestamp": "unknown"
  },
  {
    "title": "CareersContact & SupportOrder Products(open in new window)Diabetes Supplies(open in new window)Product Manuals(open in new window)Product SecurityInfo",
    "link": "https://www.medtronic.com/en-us/our-company/careers.html",
    "timestamp": "unknown"
  },
  {
    "title": "CareersContact & SupportOrder Products(open in new window)Diabetes Supplies(open in new window)Product Manuals(open in new window)Product SecurityInfo",
    "link": "https://www.medtronic.com/en-us/our-company/careers.html",
    "timestamp": "unknown"
  },
  {
    "title": "CareersContact & SupportOrder Products(open in new window)Diabetes Supplies(open in new window)Product Manuals(open in new window)Product SecurityInfo",
    "link": "https://www.medtronic.com/en-us/our-company/careers.html",
    "timestamp": "unknown"
  },
  {
    "title": "CareersContact & Support",
    "link": "https://www.medtronic.com/en-us/our-company/careers.html",
    "timestamp": "unknown"
  },
  {
    "title": "CareersContact & Support",
    "link": "https://www.medtronic.com/en-us/our-company/careers.html",
    "timestamp": "unknown"
  },
  {
    "title": "CareersContact & Support",
    "link": "https://www.medtronic.com/en-us/our-company/careers.html",
    "timestamp": "unknown"
  },
  {
    "title": "CareersContact & Support",
    "link": "https://www.medtronic.com/en-us/our-company/careers.html",
    "timestamp": "unknown"
  },
  {
    "title": "CareersContact & Support",
    "link": "https://www.medtronic.com/en-us/our-company/careers.html",
    "timestamp": "unknown"
  },
  {
    "title": "Careers",
    "link": "https://www.medtronic.com/en-us/our-company/careers.html",
    "timestamp": "unknown"
  },
  {
    "title": "Contact & Support",
    "link": "https://www.medtronic.com/en-us/contact-us.html",
    "timestamp": "unknown"
  },
  {
    "title": "Order Products(open in new window)Diabetes Supplies(open in new window)Product Manuals(open in new window)",
    "link": "https://americas.connect.medtronic.com/apps/portal/login",
    "timestamp": "unknown"
  },
  {
    "title": "Order Products(open in new window)Diabetes Supplies(open in new window)Product Manuals(open in new window)",
    "link": "https://americas.connect.medtronic.com/apps/portal/login",
    "timestamp": "unknown"
  },
  {
    "title": "Order Products(open in new window)Diabetes Supplies(open in new window)Product Manuals(open in new window)",
    "link": "https://americas.connect.medtronic.com/apps/portal/login",
    "timestamp": "unknown"
  },
  {
    "title": "Order Products(open in new window)Diabetes Supplies(open in new window)Product Manuals(open in new window)",
    "link": "https://americas.connect.medtronic.com/apps/portal/login",
    "timestamp": "unknown"
  },
  {
    "title": "Order Products(open in new window)Diabetes Supplies(open in new window)Product Manuals(open in new window)",
    "link": "https://americas.connect.medtronic.com/apps/portal/login",
    "timestamp": "unknown"
  },
  {
    "title": "Order Products(open in new window)",
    "link": "https://americas.connect.medtronic.com/apps/portal/login",
    "timestamp": "unknown"
  },
  {
    "title": "Diabetes Supplies(open in new window)",
    "link": "https://www.diabetes.shop/",
    "timestamp": "unknown"
  },
  {
    "title": "Product Manuals(open in new window)",
    "link": "https://manuals.medtronic.com/manuals/main/region",
    "timestamp": "unknown"
  },
  {
    "title": "Product SecurityInformation About Proposition  for\n                                                                                California Customer",
    "link": "https://www.medtronic.com/en-us/e/product-security.html",
    "timestamp": "unknown"
  },
  {
    "title": "Product SecurityInformation About Proposition  for\n                                                                                California Customer",
    "link": "https://www.medtronic.com/en-us/e/product-security.html",
    "timestamp": "unknown"
  },
  {
    "title": "Product SecurityInformation About Proposition  for\n                                                                                California Customer",
    "link": "https://www.medtronic.com/en-us/e/product-security.html",
    "timestamp": "unknown"
  },
  {
    "title": "Product SecurityInformation About Proposition  for\n                                                                                California Customer",
    "link": "https://www.medtronic.com/en-us/e/product-security.html",
    "timestamp": "unknown"
  },
  {
    "title": "Product SecurityInformation About Proposition  for\n                                                                                California Customer",
    "link": "https://www.medtronic.com/en-us/e/product-security.html",
    "timestamp": "unknown"
  },
  {
    "title": "Product Security",
    "link": "https://www.medtronic.com/en-us/e/product-security.html",
    "timestamp": "unknown"
  },
  {
    "title": "Information About Proposition  for\n                                                                                California Customers",
    "link": "https://www.medtronic.com/en-us/our-company/governance/principles-ethics/ca-proposition-.html",
    "timestamp": "unknown"
  },
  {
    "title": "Digital Millennium Copyright Act (DMCA)\n                                                                                Notification",
    "link": "https://www.medtronic.com/en-us/our-company/governance/principles-ethics/dmca-notification.html",
    "timestamp": "unknown"
  },
  {
    "title": "Engineering the extraordinaryFacebookYoutubeLinkedinYour Privacy ChoicesPrivacy NoticeTerms of UseAccessibility Statement",
    "link": "https://www.facebook.com/Medtronic",
    "timestamp": "unknown"
  },
  {
    "title": "Engineering the extraordinaryFacebookYoutubeLinkedinYour Privacy ChoicesPrivacy NoticeTerms of UseAccessibility Statement",
    "link": "https://www.facebook.com/Medtronic",
    "timestamp": "unknown"
  },
  {
    "title": "Engineering the extraordinaryFacebookYoutubeLinkedinYour Privacy ChoicesPrivacy NoticeTerms of UseAccessibility Statement",
    "link": "https://www.facebook.com/Medtronic",
    "timestamp": "unknown"
  },
  {
    "title": "FacebookYoutubeLinkedinYour Privacy ChoicesPrivacy NoticeTerms of UseAccessibility Statement",
    "link": "https://www.facebook.com/Medtronic",
    "timestamp": "unknown"
  },
  {
    "title": "FacebookYoutubeLinkedinYour Privacy ChoicesPrivacy NoticeTerms of UseAccessibility Statement",
    "link": "https://www.facebook.com/Medtronic",
    "timestamp": "unknown"
  },
  {
    "title": "FacebookYoutubeLinkedinYour Privacy ChoicesPrivacy NoticeTerms of UseAccessibility Statement",
    "link": "https://www.facebook.com/Medtronic",
    "timestamp": "unknown"
  },
  {
    "title": "FacebookYoutubeLinkedin",
    "link": "https://www.facebook.com/Medtronic",
    "timestamp": "unknown"
  },
  {
    "title": "FacebookYoutubeLinkedin",
    "link": "https://www.facebook.com/Medtronic",
    "timestamp": "unknown"
  },
  {
    "title": "Facebook",
    "link": "https://www.facebook.com/Medtronic",
    "timestamp": "unknown"
  },
  {
    "title": "Youtube",
    "link": "https://www.youtube.com/user/MedtronicCorp",
    "timestamp": "unknown"
  },
  {
    "title": "Linkedin",
    "link": "https://www.linkedin.com/company/medtronic",
    "timestamp": "unknown"
  },
  {
    "title": "Your Privacy ChoicesPrivacy NoticeTerms of UseAccessibility Statement",
    "link": "https://news.medtronic.com/press-releases",
    "timestamp": "unknown"
  },
  {
    "title": "Your Privacy ChoicesPrivacy NoticeTerms of UseAccessibility Statement",
    "link": "https://news.medtronic.com/press-releases",
    "timestamp": "unknown"
  },
  {
    "title": "Your Privacy Choices",
    "link": "https://news.medtronic.com/press-releases",
    "timestamp": "unknown"
  },
  {
    "title": "Privacy Notice",
    "link": "https://www.medtronic.com/en-us/privacy-notice.html",
    "timestamp": "unknown"
  },
  {
    "title": "Terms of Use",
    "link": "https://www.medtronic.com/en-us/terms-of-use.html",
    "timestamp": "unknown"
  },
  {
    "title": "Accessibility Statement",
    "link": "https://www.medtronic.com/en-us/terms-of-use/accessibility-statement.html",
    "timestamp": "unknown"
  }
]