[
  {
    "title": "Your browser is out of dateWith an updated browser, you will have a better Medtronic website experience.Update my browser now.\u00d7",
    "link": "http://www.outdatedbrowser.com/",
    "timestamp": "unknown"
  },
  {
    "title": "Your browser is out of dateWith an updated browser, you will have a better Medtronic website experience.Update my browser now.\u00d7",
    "link": "http://www.outdatedbrowser.com/",
    "timestamp": "unknown"
  },
  {
    "title": "With an updated browser, you will have a better Medtronic website experience.Update my browser now.",
    "link": "http://www.outdatedbrowser.com/",
    "timestamp": "unknown"
  },
  {
    "title": "\u00d7",
    "link": "https://investorrelations.medtronic.com/events-presentations",
    "timestamp": "unknown"
  },
  {
    "title": "MenuCloseSearchCloseHealthcare ProfessionalsBackOverviewProductsBack to ProductsProduct OverviewAdvanced Surgical TechnologyCardiac RhythmCardiovascul",
    "link": "https://investorrelations.medtronic.com/events-presentations",
    "timestamp": "unknown"
  },
  {
    "title": "MenuCloseSearchClose",
    "link": "https://investorrelations.medtronic.com/events-presentations",
    "timestamp": "unknown"
  },
  {
    "title": "MenuCloseSearchClose",
    "link": "https://investorrelations.medtronic.com/events-presentations",
    "timestamp": "unknown"
  },
  {
    "title": "MenuClose",
    "link": "https://investorrelations.medtronic.com/events-presentations",
    "timestamp": "unknown"
  },
  {
    "title": "SearchClose",
    "link": "javascript:void();",
    "timestamp": "unknown"
  },
  {
    "title": "Healthcare ProfessionalsBackOverviewProductsBack to ProductsProduct OverviewAdvanced Surgical TechnologyCardiac RhythmCardiovascularDiabetesDigestive ",
    "link": "https://investorrelations.medtronic.com/events-presentations",
    "timestamp": "unknown"
  },
  {
    "title": "Healthcare ProfessionalsBackOverviewProductsBack to ProductsProduct OverviewAdvanced Surgical TechnologyCardiac RhythmCardiovascularDiabetesDigestive ",
    "link": "https://investorrelations.medtronic.com/events-presentations",
    "timestamp": "unknown"
  },
  {
    "title": "Healthcare ProfessionalsBackOverviewProductsBack to ProductsProduct OverviewAdvanced Surgical TechnologyCardiac RhythmCardiovascularDiabetesDigestive ",
    "link": "https://investorrelations.medtronic.com/events-presentations",
    "timestamp": "unknown"
  },
  {
    "title": "Healthcare ProfessionalsBackOverviewProductsBack to ProductsProduct OverviewAdvanced Surgical TechnologyCardiac RhythmCardiovascularDiabetesDigestive ",
    "link": "https://investorrelations.medtronic.com/events-presentations",
    "timestamp": "unknown"
  },
  {
    "title": "BackOverviewProductsBack to ProductsProduct OverviewAdvanced Surgical TechnologyCardiac RhythmCardiovascularDiabetesDigestive & GastrointestinalEar, N",
    "link": "https://investorrelations.medtronic.com/events-presentations#future",
    "timestamp": "unknown"
  },
  {
    "title": "Back",
    "link": "https://investorrelations.medtronic.com/events-presentations#future",
    "timestamp": "unknown"
  },
  {
    "title": "Overview",
    "link": "https://www.medtronic.com/us-en/healthcare-professionals.html",
    "timestamp": "unknown"
  },
  {
    "title": "ProductsBack to ProductsProduct OverviewAdvanced Surgical TechnologyCardiac RhythmCardiovascularDiabetesDigestive & GastrointestinalEar, Nose & Throat",
    "link": "https://investorrelations.medtronic.com/events-presentations",
    "timestamp": "unknown"
  },
  {
    "title": "Back to ProductsProduct OverviewAdvanced Surgical TechnologyCardiac RhythmCardiovascularDiabetesDigestive & GastrointestinalEar, Nose & ThroatGeneral ",
    "link": "https://investorrelations.medtronic.com/events-presentations#future",
    "timestamp": "unknown"
  },
  {
    "title": "Back to Products",
    "link": "https://investorrelations.medtronic.com/events-presentations#future",
    "timestamp": "unknown"
  },
  {
    "title": "Product Overview",
    "link": "https://www.medtronic.com/us-en/healthcare-professionals/products.html",
    "timestamp": "unknown"
  },
  {
    "title": "Advanced Surgical Technology",
    "link": "https://www.medtronic.com/us-en/healthcare-professionals/products/advanced-surgical-technology.html",
    "timestamp": "unknown"
  },
  {
    "title": "Cardiac Rhythm",
    "link": "https://www.medtronic.com/us-en/healthcare-professionals/products/cardiac-rhythm.html",
    "timestamp": "unknown"
  },
  {
    "title": "Cardiovascular",
    "link": "https://www.medtronic.com/us-en/healthcare-professionals/products/cardiovascular.html",
    "timestamp": "unknown"
  },
  {
    "title": "Diabetes",
    "link": "https://www.medtronic.com/us-en/healthcare-professionals/products/diabetes.html",
    "timestamp": "unknown"
  },
  {
    "title": "Digestive & Gastrointestinal",
    "link": "https://www.medtronic.com/us-en/healthcare-professionals/products/digestive-gastrointestinal.html",
    "timestamp": "unknown"
  },
  {
    "title": "Ear, Nose & Throat",
    "link": "https://www.medtronic.com/us-en/healthcare-professionals/products/ear-nose-throat.html",
    "timestamp": "unknown"
  },
  {
    "title": "General Surgery",
    "link": "https://www.medtronic.com/us-en/healthcare-professionals/products/general-surgery.html",
    "timestamp": "unknown"
  },
  {
    "title": "Gynecological",
    "link": "https://www.medtronic.com/us-en/healthcare-professionals/products/gynecological.html",
    "timestamp": "unknown"
  },
  {
    "title": "Neurological",
    "link": "https://www.medtronic.com/us-en/healthcare-professionals/products/neurological.html",
    "timestamp": "unknown"
  },
  {
    "title": "Oral & Maxillofacial",
    "link": "https://www.medtronic.com/us-en/healthcare-professionals/products/oral-maxillofacial-dental.html",
    "timestamp": "unknown"
  },
  {
    "title": "Patient Monitoring",
    "link": "https://www.medtronic.com/us-en/healthcare-professionals/products/patient-monitoring.html",
    "timestamp": "unknown"
  },
  {
    "title": "Renal Care",
    "link": "https://www.medtronic.com/us-en/healthcare-professionals/products/renal-care.html",
    "timestamp": "unknown"
  },
  {
    "title": "Respiratory",
    "link": "https://www.medtronic.com/us-en/healthcare-professionals/products/respiratory.html",
    "timestamp": "unknown"
  },
  {
    "title": "Spinal & Orthopaedic",
    "link": "https://www.medtronic.com/us-en/healthcare-professionals/products/spinal-orthopaedic.html",
    "timestamp": "unknown"
  },
  {
    "title": "Surgical Navigation & Imaging",
    "link": "https://www.medtronic.com/us-en/healthcare-professionals/products/surgical-navigation-imaging.html",
    "timestamp": "unknown"
  },
  {
    "title": "Urological",
    "link": "https://www.medtronic.com/us-en/healthcare-professionals/products/urology.html",
    "timestamp": "unknown"
  },
  {
    "title": "Product Manuals",
    "link": "http://manuals.medtronic.com/manuals/main/region?cmpid=mdt_com_top_nav_atlasr12016",
    "timestamp": "unknown"
  },
  {
    "title": "Product Ordering & Inquiries",
    "link": "https://www.medtronic.com/us-en/healthcare-professionals/products/product-ordering-inquiries.html",
    "timestamp": "unknown"
  },
  {
    "title": "Product Performance & Advisories",
    "link": "https://www.medtronic.com/us-en/healthcare-professionals/products/product-performance.html",
    "timestamp": "unknown"
  },
  {
    "title": "Therapies & ProceduresBack to Therapies & ProceduresTherapy OverviewCardiac RhythmCardiovascularDiabetes ManagementDigestive & GastrointestinalEar, No",
    "link": "https://investorrelations.medtronic.com/events-presentations",
    "timestamp": "unknown"
  },
  {
    "title": "Back to Therapies & ProceduresTherapy OverviewCardiac RhythmCardiovascularDiabetes ManagementDigestive & GastrointestinalEar, Nose & ThroatGynecologic",
    "link": "https://investorrelations.medtronic.com/events-presentations#future",
    "timestamp": "unknown"
  },
  {
    "title": "Back to Therapies & Procedures",
    "link": "https://investorrelations.medtronic.com/events-presentations#future",
    "timestamp": "unknown"
  },
  {
    "title": "Therapy Overview",
    "link": "https://www.medtronic.com/us-en/healthcare-professionals/therapies-procedures.html",
    "timestamp": "unknown"
  },
  {
    "title": "Cardiac Rhythm",
    "link": "https://www.medtronic.com/us-en/healthcare-professionals/therapies-procedures/cardiac-rhythm.html",
    "timestamp": "unknown"
  },
  {
    "title": "Cardiovascular",
    "link": "https://www.medtronic.com/us-en/healthcare-professionals/therapies-procedures/cardiovascular.html",
    "timestamp": "unknown"
  },
  {
    "title": "Diabetes Management",
    "link": "https://www.medtronic.com/us-en/healthcare-professionals/therapies-procedures/diabetes.html",
    "timestamp": "unknown"
  },
  {
    "title": "Digestive & Gastrointestinal",
    "link": "https://www.medtronic.com/us-en/healthcare-professionals/therapies-procedures/digestive-gastrointestinal.html",
    "timestamp": "unknown"
  },
  {
    "title": "Ear, Nose & Throat",
    "link": "https://www.medtronic.com/us-en/healthcare-professionals/therapies-procedures/ear-nose-throat.html",
    "timestamp": "unknown"
  },
  {
    "title": "Gynecological",
    "link": "https://www.medtronic.com/us-en/healthcare-professionals/therapies-procedures/gynecological.html",
    "timestamp": "unknown"
  },
  {
    "title": "Neurological",
    "link": "https://www.medtronic.com/us-en/healthcare-professionals/therapies-procedures/neurological.html",
    "timestamp": "unknown"
  },
  {
    "title": "Oral & Maxillofacial",
    "link": "https://www.medtronic.com/us-en/healthcare-professionals/therapies-procedures/oral-maxillofacial-dental.html",
    "timestamp": "unknown"
  },
  {
    "title": "Spinal & Orthopaedic",
    "link": "https://www.medtronic.com/us-en/healthcare-professionals/therapies-procedures/spinal-orthopaedic.html",
    "timestamp": "unknown"
  },
  {
    "title": "Stroke Care",
    "link": "https://www.medtronic.com/us-en/healthcare-professionals/therapies-procedures/stroke-care/stroke-product-portfolio.html",
    "timestamp": "unknown"
  },
  {
    "title": "Urological",
    "link": "https://www.medtronic.com/us-en/healthcare-professionals/therapies-procedures/urology.html",
    "timestamp": "unknown"
  },
  {
    "title": "Medical SpecialtiesBack to Medical SpecialtiesCardiac SurgeryElectrophysiologyGastroenterologyInterventional CardiologySpine Surgery",
    "link": "https://investorrelations.medtronic.com/events-presentations",
    "timestamp": "unknown"
  },
  {
    "title": "Back to Medical SpecialtiesCardiac SurgeryElectrophysiologyGastroenterologyInterventional CardiologySpine Surgery",
    "link": "https://investorrelations.medtronic.com/events-presentations#future",
    "timestamp": "unknown"
  },
  {
    "title": "Back to Medical Specialties",
    "link": "https://investorrelations.medtronic.com/events-presentations#future",
    "timestamp": "unknown"
  },
  {
    "title": "Cardiac Surgery",
    "link": "https://www.medtronic.com/us-en/healthcare-professionals/medical-specialties/cardiology/cardiovascular-surgery.html",
    "timestamp": "unknown"
  },
  {
    "title": "Electrophysiology",
    "link": "https://www.medtronic.com/us-en/healthcare-professionals/medical-specialties/cardiology/electrophysiology.html",
    "timestamp": "unknown"
  },
  {
    "title": "Gastroenterology",
    "link": "https://www.medtronic.com/us-en/healthcare-professionals/medical-specialties/gastroenterology.html",
    "timestamp": "unknown"
  },
  {
    "title": "Interventional Cardiology",
    "link": "https://www.medtronic.com/us-en/healthcare-professionals/medical-specialties/cardiology/interventional-cardiology.html",
    "timestamp": "unknown"
  },
  {
    "title": "Spine Surgery",
    "link": "https://www.medtronic.com/us-en/healthcare-professionals/medical-specialties/spine-surgery.html",
    "timestamp": "unknown"
  },
  {
    "title": "Services & SolutionsBack to Services & SolutionsAmbulatory Surgery Center ResourcesCardiac and Vascular SolutionsCare Management ServicesDigital Conne",
    "link": "https://investorrelations.medtronic.com/events-presentations",
    "timestamp": "unknown"
  },
  {
    "title": "Back to Services & SolutionsAmbulatory Surgery Center ResourcesCardiac and Vascular SolutionsCare Management ServicesDigital Connectivity IT SupportEq",
    "link": "https://investorrelations.medtronic.com/events-presentations#future",
    "timestamp": "unknown"
  },
  {
    "title": "Back to Services & Solutions",
    "link": "https://investorrelations.medtronic.com/events-presentations#future",
    "timestamp": "unknown"
  },
  {
    "title": "Ambulatory Surgery Center Resources",
    "link": "https://www.medtronic.com/us-en/healthcare-professionals/services/ambulatory-surgery-centers.html",
    "timestamp": "unknown"
  },
  {
    "title": "Cardiac and Vascular Solutions",
    "link": "https://www.medtronic.com/us-en/healthcare-professionals/services/cardiac-vascular-solutions.html",
    "timestamp": "unknown"
  },
  {
    "title": "Care Management Services",
    "link": "https://www.medtronic.com/us-en/healthcare-professionals/services/medtronic-care-management-services.html",
    "timestamp": "unknown"
  },
  {
    "title": "Digital Connectivity IT Support",
    "link": "https://www.medtronic.com/us-en/healthcare-professionals/services/digital-connectivity.html",
    "timestamp": "unknown"
  },
  {
    "title": "Equipment Services & Support",
    "link": "https://www.medtronic.com/us-en/healthcare-professionals/services/equipment-services-support.html",
    "timestamp": "unknown"
  },
  {
    "title": "Innovation Lab",
    "link": "https://www.medtronic.com/us-en/healthcare-professionals/services/innovation-lab.html",
    "timestamp": "unknown"
  },
  {
    "title": "Neuroscience Solutions",
    "link": "https://www.medtronic.com/us-en/healthcare-professionals/services/neuroscience-hub.html",
    "timestamp": "unknown"
  },
  {
    "title": "Office-Based Sinus Surgery",
    "link": "https://www.medtronic.com/us-en/healthcare-professionals/services/office-based-sinus-surgery.html",
    "timestamp": "unknown"
  },
  {
    "title": "MRI Resources",
    "link": "https://www.medtronic.com/us-en/healthcare-professionals/mri-resources.html",
    "timestamp": "unknown"
  },
  {
    "title": "Reimbursement",
    "link": "https://www.medtronic.com/us-en/healthcare-professionals/reimbursement.html",
    "timestamp": "unknown"
  },
  {
    "title": "Clinical Research & TrialsBack to Clinical Research & TrialsExternal Research Program",
    "link": "https://investorrelations.medtronic.com/events-presentations",
    "timestamp": "unknown"
  },
  {
    "title": "Back to Clinical Research & TrialsExternal Research Program",
    "link": "https://investorrelations.medtronic.com/events-presentations#future",
    "timestamp": "unknown"
  },
  {
    "title": "Back to Clinical Research & Trials",
    "link": "https://investorrelations.medtronic.com/events-presentations#future",
    "timestamp": "unknown"
  },
  {
    "title": "External Research Program",
    "link": "http://www.medtronic.com/us-en/healthcare-professionals/external-research-program.html",
    "timestamp": "unknown"
  },
  {
    "title": "Education & Training",
    "link": "https://www.medtronic.com/us-en/healthcare-professionals/education-training.html",
    "timestamp": "unknown"
  },
  {
    "title": "Patients & CaregiversBackOverviewConditionsBack to ConditionsConditions OverviewAirway & LungBrainDiabetesDigestive & GastrointestinalEar, Nose & Thro",
    "link": "https://investorrelations.medtronic.com/events-presentations",
    "timestamp": "unknown"
  },
  {
    "title": "BackOverviewConditionsBack to ConditionsConditions OverviewAirway & LungBrainDiabetesDigestive & GastrointestinalEar, Nose & ThroatHeart & VascularPai",
    "link": "https://investorrelations.medtronic.com/events-presentations#future",
    "timestamp": "unknown"
  },
  {
    "title": "Back",
    "link": "https://investorrelations.medtronic.com/events-presentations#future",
    "timestamp": "unknown"
  },
  {
    "title": "Overview",
    "link": "https://www.medtronic.com/us-en/patients.html",
    "timestamp": "unknown"
  },
  {
    "title": "ConditionsBack to ConditionsConditions OverviewAirway & LungBrainDiabetesDigestive & GastrointestinalEar, Nose & ThroatHeart & VascularPainSpine & Ort",
    "link": "https://investorrelations.medtronic.com/events-presentations",
    "timestamp": "unknown"
  },
  {
    "title": "Back to ConditionsConditions OverviewAirway & LungBrainDiabetesDigestive & GastrointestinalEar, Nose & ThroatHeart & VascularPainSpine & OrthopaedicUr",
    "link": "https://investorrelations.medtronic.com/events-presentations#future",
    "timestamp": "unknown"
  },
  {
    "title": "Back to Conditions",
    "link": "https://investorrelations.medtronic.com/events-presentations#future",
    "timestamp": "unknown"
  },
  {
    "title": "Conditions Overview",
    "link": "https://www.medtronic.com/us-en/patients/conditions.html",
    "timestamp": "unknown"
  },
  {
    "title": "Airway & Lung",
    "link": "https://www.medtronic.com/us-en/patients/conditions/airway-lung.html",
    "timestamp": "unknown"
  },
  {
    "title": "Brain",
    "link": "https://www.medtronic.com/us-en/patients/conditions/brain.html",
    "timestamp": "unknown"
  },
  {
    "title": "Diabetes",
    "link": "https://www.medtronic.com/us-en/patients/conditions/diabetes.html",
    "timestamp": "unknown"
  },
  {
    "title": "Digestive & Gastrointestinal",
    "link": "https://www.medtronic.com/us-en/patients/conditions/digestive-gastrointestinal.html",
    "timestamp": "unknown"
  },
  {
    "title": "Ear, Nose & Throat",
    "link": "https://www.medtronic.com/us-en/patients/conditions/ear-nose-throat.html",
    "timestamp": "unknown"
  },
  {
    "title": "Heart & Vascular",
    "link": "https://www.medtronic.com/us-en/patients/conditions/heart-vascular.html",
    "timestamp": "unknown"
  },
  {
    "title": "Pain",
    "link": "https://www.medtronic.com/us-en/patients/conditions/pain.html",
    "timestamp": "unknown"
  },
  {
    "title": "Spine & Orthopaedic",
    "link": "https://www.medtronic.com/us-en/patients/conditions/spine-orthopaedic.html",
    "timestamp": "unknown"
  },
  {
    "title": "Urinary",
    "link": "https://www.medtronic.com/us-en/patients/conditions/urinary.html",
    "timestamp": "unknown"
  },
  {
    "title": "Women's Health",
    "link": "https://www.medtronic.com/us-en/patients/conditions/womens-health.html",
    "timestamp": "unknown"
  },
  {
    "title": "Treatments & TherapiesBack to Treatments & TherapiesTreatments & Therapies OverviewAirway & LungBrainDiabetesDigestive & GastrointestinalEar, Nose & T",
    "link": "https://investorrelations.medtronic.com/events-presentations",
    "timestamp": "unknown"
  },
  {
    "title": "Back to Treatments & TherapiesTreatments & Therapies OverviewAirway & LungBrainDiabetesDigestive & GastrointestinalEar, Nose & ThroatHeart & VascularM",
    "link": "https://investorrelations.medtronic.com/events-presentations#future",
    "timestamp": "unknown"
  },
  {
    "title": "Back to Treatments & Therapies",
    "link": "https://investorrelations.medtronic.com/events-presentations#future",
    "timestamp": "unknown"
  },
  {
    "title": "Treatments & Therapies Overview",
    "link": "https://www.medtronic.com/us-en/patients/treatments-therapies.html",
    "timestamp": "unknown"
  },
  {
    "title": "Airway & Lung",
    "link": "https://www.medtronic.com/us-en/patients/treatments-therapies/airway-lung.html",
    "timestamp": "unknown"
  },
  {
    "title": "Brain",
    "link": "https://www.medtronic.com/us-en/patients/treatments-therapies/brain.html",
    "timestamp": "unknown"
  },
  {
    "title": "Diabetes",
    "link": "https://www.medtronic.com/us-en/patients/treatments-therapies/diabetes.html",
    "timestamp": "unknown"
  },
  {
    "title": "Digestive & Gastrointestinal",
    "link": "https://www.medtronic.com/us-en/patients/treatments-therapies/digestive-gastrointestinal.html",
    "timestamp": "unknown"
  },
  {
    "title": "Ear, Nose & Throat",
    "link": "https://www.medtronic.com/us-en/patients/treatments-therapies/ear-nose-throat.html",
    "timestamp": "unknown"
  },
  {
    "title": "Heart & Vascular",
    "link": "https://www.medtronic.com/us-en/patients/treatments-therapies/heart-vascular.html",
    "timestamp": "unknown"
  },
  {
    "title": "Mouth & Dental",
    "link": "https://www.medtronic.com/us-en/patients/treatments-therapies/mouth-dental.html",
    "timestamp": "unknown"
  },
  {
    "title": "Pain",
    "link": "https://www.medtronic.com/us-en/patients/treatments-therapies/pain.html",
    "timestamp": "unknown"
  },
  {
    "title": "Spine & Orthopaedic",
    "link": "https://www.medtronic.com/us-en/patients/treatments-therapies/spine-orthopaedic.html",
    "timestamp": "unknown"
  },
  {
    "title": "Urinary",
    "link": "https://www.medtronic.com/us-en/patients/treatments-therapies/urinary.html",
    "timestamp": "unknown"
  },
  {
    "title": "Weight Loss & Obesity",
    "link": "https://www.medtronic.com/us-en/patients/treatments-therapies/weight-loss-and-obesity.html",
    "timestamp": "unknown"
  },
  {
    "title": "Women's Health",
    "link": "https://www.medtronic.com/us-en/patients/treatments-therapies/womens-health.html",
    "timestamp": "unknown"
  },
  {
    "title": "SupportBack to SupportContact Patient ServicesElectromagnetic Compatibility Guide for Cardiac\n\t\t\t\t\t\t\t\t\t\t\t\t\t\t\t\tDevicesHealth Monitoring",
    "link": "https://investorrelations.medtronic.com/events-presentations",
    "timestamp": "unknown"
  },
  {
    "title": "Back to SupportContact Patient ServicesElectromagnetic Compatibility Guide for Cardiac\n\t\t\t\t\t\t\t\t\t\t\t\t\t\t\t\tDevicesHealth Monitoring",
    "link": "https://investorrelations.medtronic.com/events-presentations#future",
    "timestamp": "unknown"
  },
  {
    "title": "Back to Support",
    "link": "https://investorrelations.medtronic.com/events-presentations#future",
    "timestamp": "unknown"
  },
  {
    "title": "Contact Patient Services",
    "link": "https://www.medtronic.com/us-en/patients/patient-services.html",
    "timestamp": "unknown"
  },
  {
    "title": "Electromagnetic Compatibility Guide for Cardiac\n\t\t\t\t\t\t\t\t\t\t\t\t\t\t\t\tDevices",
    "link": "https://www.medtronic.com/us-en/patients/electromagnetic-guide.html",
    "timestamp": "unknown"
  },
  {
    "title": "Health Monitoring",
    "link": "https://www.medtronic.com/us-en/patients/health-monitoring.html",
    "timestamp": "unknown"
  },
  {
    "title": "Order Diabetes Supplies",
    "link": "https://www.diabetes.shop/",
    "timestamp": "unknown"
  },
  {
    "title": "Update Device Registration",
    "link": "https://www.medtronic.com/us-en/patients/update-device-registration.html",
    "timestamp": "unknown"
  },
  {
    "title": "MRI Access",
    "link": "https://www.medtronic.com/us-en/patients/mri-access.html",
    "timestamp": "unknown"
  },
  {
    "title": "Our CompanyBack to Our CompanyWho We AreMissionGovernanceLeadershipInvestorsKey FactsHistoryLocationsNewsCareers",
    "link": "https://investorrelations.medtronic.com/events-presentations",
    "timestamp": "unknown"
  },
  {
    "title": "Back to Our CompanyWho We AreMissionGovernanceLeadershipInvestorsKey FactsHistoryLocationsNewsCareers",
    "link": "https://investorrelations.medtronic.com/events-presentations#future",
    "timestamp": "unknown"
  },
  {
    "title": "Back to Our Company",
    "link": "https://investorrelations.medtronic.com/events-presentations#future",
    "timestamp": "unknown"
  },
  {
    "title": "Who We Are",
    "link": "https://www.medtronic.com/us-en/our-company.html",
    "timestamp": "unknown"
  },
  {
    "title": "Mission",
    "link": "https://www.medtronic.com/us-en/our-company/mission.html",
    "timestamp": "unknown"
  },
  {
    "title": "Governance",
    "link": "https://www.medtronic.com/us-en/about/corporate-governance/overview.html",
    "timestamp": "unknown"
  },
  {
    "title": "Leadership",
    "link": "https://www.medtronic.com/us-en/our-company/leadership.html",
    "timestamp": "unknown"
  },
  {
    "title": "Investors",
    "link": "https://investorrelations.medtronic.com/",
    "timestamp": "unknown"
  },
  {
    "title": "Key Facts",
    "link": "https://www.medtronic.com/us-en/our-company/key-facts.html",
    "timestamp": "unknown"
  },
  {
    "title": "History",
    "link": "https://www.medtronic.com/us-en/our-company/history.html",
    "timestamp": "unknown"
  },
  {
    "title": "Locations",
    "link": "https://www.medtronic.com/us-en/our-company/locations.html",
    "timestamp": "unknown"
  },
  {
    "title": "News",
    "link": "https://news.medtronic.com/",
    "timestamp": "unknown"
  },
  {
    "title": "Careers",
    "link": "https://www.medtronic.com/us-en/about/careers.html",
    "timestamp": "unknown"
  },
  {
    "title": "Our ImpactBack to Our ImpactOur ImpactAccessInclusion, Diversity & EquityPlanetSustainability Report",
    "link": "https://investorrelations.medtronic.com/events-presentations",
    "timestamp": "unknown"
  },
  {
    "title": "Back to Our ImpactOur ImpactAccessInclusion, Diversity & EquityPlanetSustainability Report",
    "link": "https://investorrelations.medtronic.com/events-presentations#future",
    "timestamp": "unknown"
  },
  {
    "title": "Back to Our Impact",
    "link": "https://investorrelations.medtronic.com/events-presentations#future",
    "timestamp": "unknown"
  },
  {
    "title": "Our Impact",
    "link": "https://www.medtronic.com/us-en/our-impact.html",
    "timestamp": "unknown"
  },
  {
    "title": "Access",
    "link": "https://www.medtronic.com/us-en/our-impact/healthcare-access.html",
    "timestamp": "unknown"
  },
  {
    "title": "Inclusion, Diversity & Equity",
    "link": "https://www.medtronic.com/us-en/our-impact/inclusion-diversity-equity.html",
    "timestamp": "unknown"
  },
  {
    "title": "Planet",
    "link": "https://www.medtronic.com/us-en/our-impact/protecting-our-planet.html",
    "timestamp": "unknown"
  },
  {
    "title": "Sustainability Report",
    "link": "https://www.medtronic.com/us-en/our-impact/esg.html",
    "timestamp": "unknown"
  },
  {
    "title": "HomeOur Company",
    "link": "https://www.medtronic.com/us-en/index.html",
    "timestamp": "unknown"
  },
  {
    "title": "HomeOur Company",
    "link": "https://www.medtronic.com/us-en/index.html",
    "timestamp": "unknown"
  },
  {
    "title": "Toggle navigationInvestors MenuOverviewNews & EventsNews ReleasesBusiness & Regional NewsUpcoming Events & PresentationsPast Events & PresentationsGen",
    "link": "https://investorrelations.medtronic.com/overview",
    "timestamp": "unknown"
  },
  {
    "title": "OverviewNews & EventsNews ReleasesBusiness & Regional NewsUpcoming Events & PresentationsPast Events & PresentationsGeneral Manager Call SeriesDividen",
    "link": "https://investorrelations.medtronic.com/overview",
    "timestamp": "unknown"
  },
  {
    "title": "Overview",
    "link": "https://investorrelations.medtronic.com/overview",
    "timestamp": "unknown"
  },
  {
    "title": "News & EventsNews ReleasesBusiness & Regional NewsUpcoming Events & PresentationsPast Events & PresentationsGeneral Manager Call Series",
    "link": "https://investorrelations.medtronic.com/events-presentations",
    "timestamp": "unknown"
  },
  {
    "title": "News Releases",
    "link": "https://news.medtronic.com/press-releases",
    "timestamp": "unknown"
  },
  {
    "title": "Business & Regional News",
    "link": "https://news.medtronic.com/business-regional-news",
    "timestamp": "unknown"
  },
  {
    "title": "Upcoming Events & Presentations",
    "link": "https://investorrelations.medtronic.com/events-presentations#future",
    "timestamp": "unknown"
  },
  {
    "title": "Past Events & Presentations",
    "link": "https://investorrelations.medtronic.com/events-presentations#past",
    "timestamp": "unknown"
  },
  {
    "title": "General Manager Call Series",
    "link": "https://investorrelations.medtronic.com/events-presentations#past:::",
    "timestamp": "unknown"
  },
  {
    "title": "DividendsDividend HistoryDividend Withholding Tax Information",
    "link": "https://investorrelations.medtronic.com/events-presentations",
    "timestamp": "unknown"
  },
  {
    "title": "Dividend History",
    "link": "https://investorrelations.medtronic.com/dividend-history",
    "timestamp": "unknown"
  },
  {
    "title": "Dividend Withholding Tax Information",
    "link": "https://investorrelations.medtronic.com/opportunities-obtain-irish-dividend-withholding-tax-dwt-exemption",
    "timestamp": "unknown"
  },
  {
    "title": "FinancialsQuarterly ResultsFundamentalsSnapshotKey RatiosSEC FilingsDebt Agency RatingsAnalyst CoverageSustainability Reports",
    "link": "https://investorrelations.medtronic.com/events-presentations",
    "timestamp": "unknown"
  },
  {
    "title": "Quarterly Results",
    "link": "https://investorrelations.medtronic.com/quarterly-results?cat=",
    "timestamp": "unknown"
  },
  {
    "title": "Fundamentals",
    "link": "https://investorrelations.medtronic.com/fundamentals",
    "timestamp": "unknown"
  },
  {
    "title": "Snapshot",
    "link": "https://investorrelations.medtronic.com/snapshot",
    "timestamp": "unknown"
  },
  {
    "title": "Key Ratios",
    "link": "https://investorrelations.medtronic.com/key-ratios",
    "timestamp": "unknown"
  },
  {
    "title": "SEC Filings",
    "link": "https://investorrelations.medtronic.com/sec-filings",
    "timestamp": "unknown"
  },
  {
    "title": "Debt Agency Ratings",
    "link": "https://investorrelations.medtronic.com/debt-agency-ratings",
    "timestamp": "unknown"
  },
  {
    "title": "Analyst Coverage",
    "link": "https://investorrelations.medtronic.com/analyst-coverage",
    "timestamp": "unknown"
  },
  {
    "title": "Sustainability Reports",
    "link": "https://www.medtronic.com/us-en/about/citizenship/esg-performance-and-progress.html?cmpid=redirect_mdt_com_citizenship_integratedperformancereports_mdt_redirect_FY22",
    "timestamp": "unknown"
  },
  {
    "title": "Stock InfoPerformance & QuoteHistorical Price LookupInvestment CalculatorCost Basis CalculatorMedtronic Historical Share Data",
    "link": "https://investorrelations.medtronic.com/events-presentations",
    "timestamp": "unknown"
  },
  {
    "title": "Performance & Quote",
    "link": "https://investorrelations.medtronic.com/performance-quote",
    "timestamp": "unknown"
  },
  {
    "title": "Historical Price Lookup",
    "link": "https://investorrelations.medtronic.com/historical-price-lookup",
    "timestamp": "unknown"
  },
  {
    "title": "Investment Calculator",
    "link": "https://investorrelations.medtronic.com/investment-calculator",
    "timestamp": "unknown"
  },
  {
    "title": "Cost Basis Calculator",
    "link": "https://investorrelations.medtronic.com/cost-basis-calculator",
    "timestamp": "unknown"
  },
  {
    "title": "Medtronic Historical Share Data",
    "link": "https://investorrelations.medtronic.com/medtronic-historical-share-data",
    "timestamp": "unknown"
  },
  {
    "title": "Shareholder ServicesAnnual Meeting & ReportsDirect Stock PurchaseElectronic Delivery of Proxy MaterialsStock Transfer Agent & RegistrarInvestor FAQsIn",
    "link": "https://investorrelations.medtronic.com/events-presentations",
    "timestamp": "unknown"
  },
  {
    "title": "Annual Meeting & Reports",
    "link": "https://investorrelations.medtronic.com/annual-meeting-reports",
    "timestamp": "unknown"
  },
  {
    "title": "Direct Stock Purchase",
    "link": "https://investorrelations.medtronic.com/direct-stock-purchase",
    "timestamp": "unknown"
  },
  {
    "title": "Electronic Delivery of Proxy Materials",
    "link": "https://enroll.icsdelivery.com/mdt",
    "timestamp": "unknown"
  },
  {
    "title": "Stock Transfer Agent & Registrar",
    "link": "https://investorrelations.medtronic.com/stock-transfer-agent-registrar",
    "timestamp": "unknown"
  },
  {
    "title": "Investor FAQs",
    "link": "https://investorrelations.medtronic.com/investor-FAQs",
    "timestamp": "unknown"
  },
  {
    "title": "Investor Alerts",
    "link": "https://investorrelations.medtronic.com/investor-alerts",
    "timestamp": "unknown"
  },
  {
    "title": "About UsMissionHistoryCorporate GovernanceCorporate CitizenshipLocations",
    "link": "https://investorrelations.medtronic.com/events-presentations",
    "timestamp": "unknown"
  },
  {
    "title": "Mission",
    "link": "http://www.medtronic.com/us-en/about/mission.html",
    "timestamp": "unknown"
  },
  {
    "title": "History",
    "link": "http://www.medtronic.com/us-en/about/history.html",
    "timestamp": "unknown"
  },
  {
    "title": "Corporate Governance",
    "link": "http://www.medtronic.com/us-en/about/corporate-governance.html",
    "timestamp": "unknown"
  },
  {
    "title": "Corporate Citizenship",
    "link": "https://www.medtronic.com/us-en/about/citizenship.html",
    "timestamp": "unknown"
  },
  {
    "title": "Locations",
    "link": "https://www.medtronic.com/us-en/about/locations.html",
    "timestamp": "unknown"
  },
  {
    "title": "Events & PresentationsBrowse the calendar to view Investor related events and announcements.\u00a0 Webcasts and presentations that have been archived are a",
    "link": "https://investorrelations.medtronic.com/investor-alerts?type=",
    "timestamp": "unknown"
  },
  {
    "title": "Events & PresentationsBrowse the calendar to view Investor related events and announcements.\u00a0 Webcasts and presentations that have been archived are a",
    "link": "https://investorrelations.medtronic.com/investor-alerts?type=",
    "timestamp": "unknown"
  },
  {
    "title": "Investor AlertsJanuaryFebruaryMarchAprilMayJuneJulyAugustSeptemberOctoberNovemberDecemberAll CategoriesGeneral Manager Call SeriesGOUpcoming EventsPas",
    "link": "https://investorrelations.medtronic.com/investor-alerts?type=",
    "timestamp": "unknown"
  },
  {
    "title": "Investor Alerts",
    "link": "https://investorrelations.medtronic.com/investor-alerts?type=",
    "timestamp": "unknown"
  },
  {
    "title": "Past EventsTuesday, November ,Q2 FY26 Medtronic plc Earnings Conference CallThursday, October ,Management Call Featuring Altaviva\u2122Wednesday, September",
    "link": "https://investorrelations.medtronic.com/events-presentations?item=",
    "timestamp": "unknown"
  },
  {
    "title": "Tuesday, November ,Q2 FY26 Medtronic plc Earnings Conference Call",
    "link": "https://investorrelations.medtronic.com/events-presentations?item=",
    "timestamp": "unknown"
  },
  {
    "title": "Q2 FY26 Medtronic plc Earnings Conference Call",
    "link": "https://investorrelations.medtronic.com/events-presentations?item=",
    "timestamp": "unknown"
  },
  {
    "title": "Q2 FY26 Medtronic plc Earnings Conference Call",
    "link": "https://investorrelations.medtronic.com/events-presentations?item=",
    "timestamp": "unknown"
  },
  {
    "title": "Thursday, October ,Management Call Featuring Altaviva\u2122",
    "link": "https://investorrelations.medtronic.com/events-presentations?item=",
    "timestamp": "unknown"
  },
  {
    "title": "Management Call Featuring Altaviva\u2122",
    "link": "https://investorrelations.medtronic.com/events-presentations?item=",
    "timestamp": "unknown"
  },
  {
    "title": "Management Call Featuring Altaviva\u2122",
    "link": "https://investorrelations.medtronic.com/events-presentations?item=",
    "timestamp": "unknown"
  },
  {
    "title": "Wednesday, September ,Bank of America Global Healthcare Conference",
    "link": "https://investorrelations.medtronic.com/events-presentations?item=",
    "timestamp": "unknown"
  },
  {
    "title": "Bank of America Global Healthcare Conference",
    "link": "https://investorrelations.medtronic.com/events-presentations?item=",
    "timestamp": "unknown"
  },
  {
    "title": "Bank of America Global Healthcare Conference",
    "link": "https://investorrelations.medtronic.com/events-presentations?item=",
    "timestamp": "unknown"
  },
  {
    "title": "Wednesday, September ,Deutsche Bank Healthcare Summit",
    "link": "https://investorrelations.medtronic.com/events-presentations?item=",
    "timestamp": "unknown"
  },
  {
    "title": "Deutsche Bank Healthcare Summit",
    "link": "https://investorrelations.medtronic.com/events-presentations?item=",
    "timestamp": "unknown"
  },
  {
    "title": "Deutsche Bank Healthcare Summit",
    "link": "https://investorrelations.medtronic.com/events-presentations?item=",
    "timestamp": "unknown"
  },
  {
    "title": "Monday, September ,Morgan Stanley Healthcare Conference",
    "link": "https://investorrelations.medtronic.com/events-presentations?item=",
    "timestamp": "unknown"
  },
  {
    "title": "Morgan Stanley Healthcare Conference",
    "link": "https://investorrelations.medtronic.com/events-presentations?item=",
    "timestamp": "unknown"
  },
  {
    "title": "Morgan Stanley Healthcare Conference",
    "link": "https://investorrelations.medtronic.com/events-presentations?item=",
    "timestamp": "unknown"
  },
  {
    "title": "Thursday, September ,Wells Fargo Healthcare Conference",
    "link": "https://investorrelations.medtronic.com/events-presentations?item=",
    "timestamp": "unknown"
  },
  {
    "title": "Wells Fargo Healthcare Conference",
    "link": "https://investorrelations.medtronic.com/events-presentations?item=",
    "timestamp": "unknown"
  },
  {
    "title": "Wells Fargo Healthcare Conference",
    "link": "https://investorrelations.medtronic.com/events-presentations?item=",
    "timestamp": "unknown"
  },
  {
    "title": "Tuesday, August ,Q1 FY26 Medtronic plc Earnings Conference Call",
    "link": "https://investorrelations.medtronic.com/events-presentations?item=",
    "timestamp": "unknown"
  },
  {
    "title": "Q1 FY26 Medtronic plc Earnings Conference Call",
    "link": "https://investorrelations.medtronic.com/events-presentations?item=",
    "timestamp": "unknown"
  },
  {
    "title": "Q1 FY26 Medtronic plc Earnings Conference Call",
    "link": "https://investorrelations.medtronic.com/events-presentations?item=",
    "timestamp": "unknown"
  },
  {
    "title": "Thursday, May ,Bernstein\u2019s Strategic Decisions Conference",
    "link": "https://investorrelations.medtronic.com/events-presentations?item=",
    "timestamp": "unknown"
  },
  {
    "title": "Bernstein\u2019s Strategic Decisions Conference",
    "link": "https://investorrelations.medtronic.com/events-presentations?item=",
    "timestamp": "unknown"
  },
  {
    "title": "Bernstein\u2019s Strategic Decisions Conference",
    "link": "https://investorrelations.medtronic.com/events-presentations?item=",
    "timestamp": "unknown"
  },
  {
    "title": "Wednesday, May ,Q4 FY25 Medtronic plc Earnings Conference Call",
    "link": "https://investorrelations.medtronic.com/events-presentations?item=",
    "timestamp": "unknown"
  },
  {
    "title": "Q4 FY25 Medtronic plc Earnings Conference Call",
    "link": "https://investorrelations.medtronic.com/events-presentations?item=",
    "timestamp": "unknown"
  },
  {
    "title": "Q4 FY25 Medtronic plc Earnings Conference Call",
    "link": "https://investorrelations.medtronic.com/events-presentations?item=",
    "timestamp": "unknown"
  },
  {
    "title": "Wednesday, May ,Medtronic announces intent to separate Diabetes business",
    "link": "https://investorrelations.medtronic.com/events-presentations?item=",
    "timestamp": "unknown"
  },
  {
    "title": "Medtronic announces intent to separate Diabetes business",
    "link": "https://investorrelations.medtronic.com/events-presentations?item=",
    "timestamp": "unknown"
  },
  {
    "title": "Medtronic announces intent to separate Diabetes business",
    "link": "https://investorrelations.medtronic.com/events-presentations?item=",
    "timestamp": "unknown"
  },
  {
    "title": "FacebookTwitterYoutubeLinkedInOur\n\t\t\t\t\t\t\t\t\t\t\tCompanyCareersContact\n\t\t\t\t\t\t\t\t\t\t\t& SupportLocationsID\n\t\t\t\t\t\t\t\t\t\t\tCardsOrder ProductsDiabetes\n\t\t\t\t\t\t\t\t\t\t\tS",
    "link": "https://www.facebook.com/Medtronic",
    "timestamp": "unknown"
  },
  {
    "title": "FacebookTwitterYoutubeLinkedInOur\n\t\t\t\t\t\t\t\t\t\t\tCompanyCareersContact\n\t\t\t\t\t\t\t\t\t\t\t& SupportLocationsID\n\t\t\t\t\t\t\t\t\t\t\tCardsOrder ProductsDiabetes\n\t\t\t\t\t\t\t\t\t\t\tS",
    "link": "https://www.facebook.com/Medtronic",
    "timestamp": "unknown"
  },
  {
    "title": "FacebookTwitterYoutubeLinkedIn",
    "link": "https://www.facebook.com/Medtronic",
    "timestamp": "unknown"
  },
  {
    "title": "FacebookTwitterYoutubeLinkedIn",
    "link": "https://www.facebook.com/Medtronic",
    "timestamp": "unknown"
  },
  {
    "title": "FacebookTwitterYoutubeLinkedIn",
    "link": "https://www.facebook.com/Medtronic",
    "timestamp": "unknown"
  },
  {
    "title": "FacebookTwitterYoutubeLinkedIn",
    "link": "https://www.facebook.com/Medtronic",
    "timestamp": "unknown"
  },
  {
    "title": "FacebookTwitterYoutubeLinkedIn",
    "link": "https://www.facebook.com/Medtronic",
    "timestamp": "unknown"
  },
  {
    "title": "Our\n\t\t\t\t\t\t\t\t\t\t\tCompanyCareersContact\n\t\t\t\t\t\t\t\t\t\t\t& SupportLocationsID\n\t\t\t\t\t\t\t\t\t\t\tCardsOrder ProductsDiabetes\n\t\t\t\t\t\t\t\t\t\t\tSuppliesMRI\n\t\t\t\t\t\t\t\t\t\t\tToolsRec",
    "link": "https://investorrelations.medtronic.com/events-presentations#future",
    "timestamp": "unknown"
  },
  {
    "title": "Our\n\t\t\t\t\t\t\t\t\t\t\tCompanyCareersContact\n\t\t\t\t\t\t\t\t\t\t\t& SupportLocationsID\n\t\t\t\t\t\t\t\t\t\t\tCardsOrder ProductsDiabetes\n\t\t\t\t\t\t\t\t\t\t\tSuppliesMRI\n\t\t\t\t\t\t\t\t\t\t\tToolsRec",
    "link": "https://investorrelations.medtronic.com/events-presentations#future",
    "timestamp": "unknown"
  },
  {
    "title": "Our\n\t\t\t\t\t\t\t\t\t\t\tCompanyCareersContact\n\t\t\t\t\t\t\t\t\t\t\t& SupportLocationsID\n\t\t\t\t\t\t\t\t\t\t\tCards",
    "link": "https://investorrelations.medtronic.com/events-presentations#future",
    "timestamp": "unknown"
  },
  {
    "title": "Our\n\t\t\t\t\t\t\t\t\t\t\tCompanyCareersContact\n\t\t\t\t\t\t\t\t\t\t\t& SupportLocationsID\n\t\t\t\t\t\t\t\t\t\t\tCards",
    "link": "https://www.medtronic.com/us-en/our-company.html",
    "timestamp": "unknown"
  },
  {
    "title": "Our\n\t\t\t\t\t\t\t\t\t\t\tCompany",
    "link": "https://www.medtronic.com/us-en/our-company.html",
    "timestamp": "unknown"
  },
  {
    "title": "Careers",
    "link": "https://www.medtronic.com/us-en/about/careers.html",
    "timestamp": "unknown"
  },
  {
    "title": "Contact\n\t\t\t\t\t\t\t\t\t\t\t& Support",
    "link": "https://www.medtronic.com/us-en/about/contact-us.html",
    "timestamp": "unknown"
  },
  {
    "title": "Locations",
    "link": "https://www.medtronic.com/us-en/our-company/locations.html",
    "timestamp": "unknown"
  },
  {
    "title": "ID\n\t\t\t\t\t\t\t\t\t\t\tCards",
    "link": "https://www.medtronic.com/us-en/patients/update-device-registration.html",
    "timestamp": "unknown"
  },
  {
    "title": "Order ProductsDiabetes\n\t\t\t\t\t\t\t\t\t\t\tSuppliesMRI\n\t\t\t\t\t\t\t\t\t\t\tToolsRecyclingProduct Manuals",
    "link": "https://investorrelations.medtronic.com/events-presentations#future",
    "timestamp": "unknown"
  },
  {
    "title": "Order ProductsDiabetes\n\t\t\t\t\t\t\t\t\t\t\tSuppliesMRI\n\t\t\t\t\t\t\t\t\t\t\tToolsRecyclingProduct Manuals",
    "link": "https://americas.connect.medtronic.com/apps/portal/login",
    "timestamp": "unknown"
  },
  {
    "title": "Order Products",
    "link": "https://americas.connect.medtronic.com/apps/portal/login",
    "timestamp": "unknown"
  },
  {
    "title": "Diabetes\n\t\t\t\t\t\t\t\t\t\t\tSupplies",
    "link": "https://www.diabetes.shop/",
    "timestamp": "unknown"
  },
  {
    "title": "MRI\n\t\t\t\t\t\t\t\t\t\t\tTools",
    "link": "https://www.medtronic.com/us-en/patients/mri-access.html",
    "timestamp": "unknown"
  },
  {
    "title": "Recycling",
    "link": "https://www.medtronic.com/us-en/healthcare-professionals/products/product-stewardship/product-packaging-disposition.html",
    "timestamp": "unknown"
  },
  {
    "title": "Product Manuals",
    "link": "https://manuals.medtronic.com/manuals/main/region",
    "timestamp": "unknown"
  },
  {
    "title": "Product SecurityElectromagnetic\n\t\t\t\t\t\t\t\t\t\t\tCompatibility for Cardiac DevicesCalifornia\n\t\t\t\t\t\t\t\t\t\t\tTransparency in Supply Chains ActInformation\n\t\t\t\t\t\t\t",
    "link": "https://investorrelations.medtronic.com/events-presentations#future",
    "timestamp": "unknown"
  },
  {
    "title": "Product SecurityElectromagnetic\n\t\t\t\t\t\t\t\t\t\t\tCompatibility for Cardiac DevicesCalifornia\n\t\t\t\t\t\t\t\t\t\t\tTransparency in Supply Chains ActInformation\n\t\t\t\t\t\t\t",
    "link": "https://global.medtronic.com/xg-en/product-security.html",
    "timestamp": "unknown"
  },
  {
    "title": "Product Security",
    "link": "https://global.medtronic.com/xg-en/product-security.html",
    "timestamp": "unknown"
  },
  {
    "title": "Electromagnetic\n\t\t\t\t\t\t\t\t\t\t\tCompatibility for Cardiac Devices",
    "link": "https://www.medtronic.com/us-en/patients/electromagnetic-guide.html",
    "timestamp": "unknown"
  },
  {
    "title": "California\n\t\t\t\t\t\t\t\t\t\t\tTransparency in Supply Chains Act",
    "link": "https://www.medtronic.com/us-en/about/corporate-governance/suppliers/supplier-standards-policies/ca-transparency-act.html",
    "timestamp": "unknown"
  },
  {
    "title": "Information\n\t\t\t\t\t\t\t\t\t\t\tAbout Proposition  for California Customers",
    "link": "https://www.medtronic.com/us-en/about/corporate-governance/ca-proposition-.html",
    "timestamp": "unknown"
  },
  {
    "title": "Digital\n\t\t\t\t\t\t\t\t\t\t\tMillennium Copyright Act (DMCA) Notification",
    "link": "https://www.medtronic.com/us-en/about/corporate-governance/dmca-notification.html",
    "timestamp": "unknown"
  },
  {
    "title": "Privacy\n\t\t\t\t\t\t\tStatementAccessibility\n\t\t\t\t\t\t\tStatementTerms of UseMedtronic Operational HeadquartersMedtronic Parkway Minneapolis, MN - USAL001-Last\n\t",
    "link": "https://www.medtronic.com/us-en/privacy-statement.html",
    "timestamp": "unknown"
  },
  {
    "title": "Privacy\n\t\t\t\t\t\t\tStatementAccessibility\n\t\t\t\t\t\t\tStatementTerms of UseMedtronic Operational HeadquartersMedtronic Parkway Minneapolis, MN - USAL001-Last\n\t",
    "link": "https://www.medtronic.com/us-en/privacy-statement.html",
    "timestamp": "unknown"
  },
  {
    "title": "Privacy\n\t\t\t\t\t\t\tStatementAccessibility\n\t\t\t\t\t\t\tStatementTerms of UseMedtronic Operational HeadquartersMedtronic Parkway Minneapolis, MN - USAL001-Last\n\t",
    "link": "https://www.medtronic.com/us-en/privacy-statement.html",
    "timestamp": "unknown"
  },
  {
    "title": "Privacy\n\t\t\t\t\t\t\tStatement",
    "link": "https://www.medtronic.com/us-en/privacy-statement.html",
    "timestamp": "unknown"
  },
  {
    "title": "Accessibility\n\t\t\t\t\t\t\tStatement",
    "link": "https://www.medtronic.com/us-en/privacy-statement/accessibility-statement.html",
    "timestamp": "unknown"
  },
  {
    "title": "Terms of Use",
    "link": "https://www.medtronic.com/us-en/terms-of-use.html",
    "timestamp": "unknown"
  }
]