[
  {
    "title": "IBSA USAIBSA GroupIBSA AustriaIBSA ChinaIBSA CzechiaIBSA FranceIBSA GermanyIBSA Hong KongIBSA HungaryIBSA IberiaIBSA ItalyIBSA NetherlandsIBSA NordicI",
    "link": "https://www.ibsausa.com/media/news.html",
    "timestamp": "unknown"
  },
  {
    "title": "IBSA USAIBSA GroupIBSA AustriaIBSA ChinaIBSA CzechiaIBSA FranceIBSA GermanyIBSA Hong KongIBSA HungaryIBSA IberiaIBSA ItalyIBSA NetherlandsIBSA NordicI",
    "link": "https://www.ibsausa.com/media/news.html",
    "timestamp": "unknown"
  },
  {
    "title": "IBSA USAIBSA GroupIBSA AustriaIBSA ChinaIBSA CzechiaIBSA FranceIBSA GermanyIBSA Hong KongIBSA HungaryIBSA IberiaIBSA ItalyIBSA NetherlandsIBSA NordicI",
    "link": "https://www.ibsausa.com/media/news.html",
    "timestamp": "unknown"
  },
  {
    "title": "IBSA USAIBSA GroupIBSA AustriaIBSA ChinaIBSA CzechiaIBSA FranceIBSA GermanyIBSA Hong KongIBSA HungaryIBSA IberiaIBSA ItalyIBSA NetherlandsIBSA NordicI",
    "link": "https://www.ibsausa.com/media/news.html",
    "timestamp": "unknown"
  },
  {
    "title": "IBSA Group",
    "link": "https://www.ibsagroup.com",
    "timestamp": "unknown"
  },
  {
    "title": "IBSA Austria",
    "link": "https://www.ibsaaustria.at",
    "timestamp": "unknown"
  },
  {
    "title": "IBSA China",
    "link": "https://www.ibsa-pharma.cn/",
    "timestamp": "unknown"
  },
  {
    "title": "IBSA Czechia",
    "link": "https://www.ibsaczechia.cz",
    "timestamp": "unknown"
  },
  {
    "title": "IBSA France",
    "link": "https://www.ibsafrance.fr",
    "timestamp": "unknown"
  },
  {
    "title": "IBSA Germany",
    "link": "https://www.ibsausa.com/media/www.ibsagermany.de",
    "timestamp": "unknown"
  },
  {
    "title": "IBSA Hong Kong",
    "link": "https://www.ibsagroup.com/subsidiaries/ibsa-hong-kong.html",
    "timestamp": "unknown"
  },
  {
    "title": "IBSA Hungary",
    "link": "https://www.ibsa.hu",
    "timestamp": "unknown"
  },
  {
    "title": "IBSA Iberia",
    "link": "https://www.ibsaiberia.com",
    "timestamp": "unknown"
  },
  {
    "title": "IBSA Italy",
    "link": "https://www.ibsaitaly.it",
    "timestamp": "unknown"
  },
  {
    "title": "IBSA Netherlands",
    "link": "https://www.ibsagroup.com/subsidiaries/ibsa-netherlands.html",
    "timestamp": "unknown"
  },
  {
    "title": "IBSA Nordic",
    "link": "https://www.ibsanordic.com/",
    "timestamp": "unknown"
  },
  {
    "title": "IBSA Poland",
    "link": "https://www.ibsapoland.pl",
    "timestamp": "unknown"
  },
  {
    "title": "IBSA Slovakia",
    "link": "https://www.ibsaslovakia.sk",
    "timestamp": "unknown"
  },
  {
    "title": "IBSA Switzerland",
    "link": "https://www.ibsaswitzerland.ch",
    "timestamp": "unknown"
  },
  {
    "title": "IBSA Turkey",
    "link": "https://www.ibsa.com.tr/",
    "timestamp": "unknown"
  },
  {
    "title": "IBSA UK",
    "link": "https://www.ibsauk.co.uk",
    "timestamp": "unknown"
  },
  {
    "title": "MediaCareersIBSA USAIBSA GroupIBSA AustriaIBSA ChinaIBSA CzechiaIBSA FranceIBSA GermanyIBSA Hong KongIBSA HungaryIBSA IberiaIBSA ItalyIBSA Netherlands",
    "link": "https://www.ibsausa.com/media/news.html",
    "timestamp": "unknown"
  },
  {
    "title": "MediaCareersIBSA USAIBSA GroupIBSA AustriaIBSA ChinaIBSA CzechiaIBSA FranceIBSA GermanyIBSA Hong KongIBSA HungaryIBSA IberiaIBSA ItalyIBSA Netherlands",
    "link": "https://www.ibsausa.com/media/news.html",
    "timestamp": "unknown"
  },
  {
    "title": "MediaCareersIBSA USAIBSA GroupIBSA AustriaIBSA ChinaIBSA CzechiaIBSA FranceIBSA GermanyIBSA Hong KongIBSA HungaryIBSA IberiaIBSA ItalyIBSA Netherlands",
    "link": "https://www.ibsausa.com/media.html",
    "timestamp": "unknown"
  },
  {
    "title": "Media",
    "link": "https://www.ibsausa.com/media.html",
    "timestamp": "unknown"
  },
  {
    "title": "Careers",
    "link": "https://www.ibsausa.com/careers.html",
    "timestamp": "unknown"
  },
  {
    "title": "IBSA USAIBSA GroupIBSA AustriaIBSA ChinaIBSA CzechiaIBSA FranceIBSA GermanyIBSA Hong KongIBSA HungaryIBSA IberiaIBSA ItalyIBSA NetherlandsIBSA NordicI",
    "link": "https://www.ibsausa.com/media/news.html",
    "timestamp": "unknown"
  },
  {
    "title": "IBSA Group",
    "link": "https://www.ibsagroup.com",
    "timestamp": "unknown"
  },
  {
    "title": "IBSA Austria",
    "link": "https://www.ibsaaustria.at",
    "timestamp": "unknown"
  },
  {
    "title": "IBSA China",
    "link": "https://www.ibsa-pharma.cn/",
    "timestamp": "unknown"
  },
  {
    "title": "IBSA Czechia",
    "link": "https://www.ibsaczechia.cz",
    "timestamp": "unknown"
  },
  {
    "title": "IBSA France",
    "link": "https://www.ibsafrance.fr",
    "timestamp": "unknown"
  },
  {
    "title": "IBSA Germany",
    "link": "https://www.ibsausa.com/media/www.ibsagermany.de",
    "timestamp": "unknown"
  },
  {
    "title": "IBSA Hong Kong",
    "link": "https://www.ibsagroup.com/subsidiaries/ibsa-hong-kong.html",
    "timestamp": "unknown"
  },
  {
    "title": "IBSA Hungary",
    "link": "https://www.ibsa.hu",
    "timestamp": "unknown"
  },
  {
    "title": "IBSA Iberia",
    "link": "https://www.ibsaiberia.com",
    "timestamp": "unknown"
  },
  {
    "title": "IBSA Italy",
    "link": "https://www.ibsaitaly.it",
    "timestamp": "unknown"
  },
  {
    "title": "IBSA Netherlands",
    "link": "https://www.ibsagroup.com/subsidiaries/ibsa-netherlands.html",
    "timestamp": "unknown"
  },
  {
    "title": "IBSA Nordic",
    "link": "https://www.ibsanordic.com/",
    "timestamp": "unknown"
  },
  {
    "title": "IBSA Poland",
    "link": "https://www.ibsapoland.pl",
    "timestamp": "unknown"
  },
  {
    "title": "IBSA Slovakia",
    "link": "https://www.ibsaslovakia.sk",
    "timestamp": "unknown"
  },
  {
    "title": "IBSA Switzerland",
    "link": "https://www.ibsaswitzerland.ch",
    "timestamp": "unknown"
  },
  {
    "title": "IBSA Turkey",
    "link": "https://www.ibsa.com.tr/",
    "timestamp": "unknown"
  },
  {
    "title": "IBSA UK",
    "link": "https://www.ibsauk.co.uk",
    "timestamp": "unknown"
  },
  {
    "title": "About usIBSA in PersonContact",
    "link": "https://www.ibsausa.com/ibsa-pharma.html",
    "timestamp": "unknown"
  },
  {
    "title": "IBSA in Person",
    "link": "https://www.ibsausa.com/ibsa-pharma/ibsa-in-person.html",
    "timestamp": "unknown"
  },
  {
    "title": "Contact",
    "link": "https://www.ibsausa.com/ibsa-pharma/contact.html",
    "timestamp": "unknown"
  },
  {
    "title": "Our PillarsPersonInnovationQualityResponsibility",
    "link": "https://www.ibsausa.com/our-pillars.html",
    "timestamp": "unknown"
  },
  {
    "title": "Person",
    "link": "https://www.ibsausa.com/our-pillars/person.html",
    "timestamp": "unknown"
  },
  {
    "title": "Innovation",
    "link": "https://www.ibsausa.com/our-pillars/innovation.html",
    "timestamp": "unknown"
  },
  {
    "title": "Quality",
    "link": "https://www.ibsausa.com/our-pillars/quality.html",
    "timestamp": "unknown"
  },
  {
    "title": "Responsibility",
    "link": "https://www.ibsausa.com/our-pillars/responsibility.html",
    "timestamp": "unknown"
  },
  {
    "title": "Therapeutic areasEndocrinologyPain and Inflammation",
    "link": "https://www.ibsausa.com/therapeutic-areas.html",
    "timestamp": "unknown"
  },
  {
    "title": "Endocrinology",
    "link": "https://www.ibsausa.com/therapeutic-areas/endocrinology.html",
    "timestamp": "unknown"
  },
  {
    "title": "Pain and Inflammation",
    "link": "https://www.ibsausa.com/therapeutic-areas/pain-and-inflammation.html",
    "timestamp": "unknown"
  },
  {
    "title": "IBSA Foundation",
    "link": "https://www.ibsafoundation.org/",
    "timestamp": "unknown"
  },
  {
    "title": "About usIBSA in PersonContactOur PillarsPersonInnovationQualityResponsibilityTherapeutic areasEndocrinologyPain and InflammationIBSA FoundationMediaCa",
    "link": "https://www.ibsausa.com/ibsa-pharma.html",
    "timestamp": "unknown"
  },
  {
    "title": "About usIBSA in PersonContactOur PillarsPersonInnovationQualityResponsibilityTherapeutic areasEndocrinologyPain and InflammationIBSA Foundation",
    "link": "https://www.ibsausa.com/ibsa-pharma.html",
    "timestamp": "unknown"
  },
  {
    "title": "About usIBSA in PersonContact",
    "link": "https://www.ibsausa.com/ibsa-pharma.html",
    "timestamp": "unknown"
  },
  {
    "title": "IBSA in PersonContact",
    "link": "https://www.ibsausa.com/ibsa-pharma/ibsa-in-person.html",
    "timestamp": "unknown"
  },
  {
    "title": "IBSA in Person",
    "link": "https://www.ibsausa.com/ibsa-pharma/ibsa-in-person.html",
    "timestamp": "unknown"
  },
  {
    "title": "Contact",
    "link": "https://www.ibsausa.com/ibsa-pharma/contact.html",
    "timestamp": "unknown"
  },
  {
    "title": "Our PillarsPersonInnovationQualityResponsibility",
    "link": "https://www.ibsausa.com/our-pillars.html",
    "timestamp": "unknown"
  },
  {
    "title": "PersonInnovationQualityResponsibility",
    "link": "https://www.ibsausa.com/our-pillars/person.html",
    "timestamp": "unknown"
  },
  {
    "title": "Person",
    "link": "https://www.ibsausa.com/our-pillars/person.html",
    "timestamp": "unknown"
  },
  {
    "title": "Innovation",
    "link": "https://www.ibsausa.com/our-pillars/innovation.html",
    "timestamp": "unknown"
  },
  {
    "title": "Quality",
    "link": "https://www.ibsausa.com/our-pillars/quality.html",
    "timestamp": "unknown"
  },
  {
    "title": "Responsibility",
    "link": "https://www.ibsausa.com/our-pillars/responsibility.html",
    "timestamp": "unknown"
  },
  {
    "title": "Therapeutic areasEndocrinologyPain and Inflammation",
    "link": "https://www.ibsausa.com/therapeutic-areas.html",
    "timestamp": "unknown"
  },
  {
    "title": "EndocrinologyPain and Inflammation",
    "link": "https://www.ibsausa.com/therapeutic-areas/endocrinology.html",
    "timestamp": "unknown"
  },
  {
    "title": "Endocrinology",
    "link": "https://www.ibsausa.com/therapeutic-areas/endocrinology.html",
    "timestamp": "unknown"
  },
  {
    "title": "Pain and Inflammation",
    "link": "https://www.ibsausa.com/therapeutic-areas/pain-and-inflammation.html",
    "timestamp": "unknown"
  },
  {
    "title": "IBSA Foundation",
    "link": "https://www.ibsafoundation.org/",
    "timestamp": "unknown"
  },
  {
    "title": "MediaCareers",
    "link": "https://www.ibsausa.com/media.html",
    "timestamp": "unknown"
  },
  {
    "title": "Media",
    "link": "https://www.ibsausa.com/media.html",
    "timestamp": "unknown"
  },
  {
    "title": "Careers",
    "link": "https://www.ibsausa.com/careers.html",
    "timestamp": "unknown"
  },
  {
    "title": "HomeMediaNewsMedia",
    "link": "https://www.ibsausa.com/",
    "timestamp": "unknown"
  },
  {
    "title": "HomeMediaNewsMedia",
    "link": "https://www.ibsausa.com/",
    "timestamp": "unknown"
  },
  {
    "title": "HomeMediaNews",
    "link": "https://www.ibsausa.com/",
    "timestamp": "unknown"
  },
  {
    "title": "HomeMediaNews",
    "link": "https://www.ibsausa.com/",
    "timestamp": "unknown"
  },
  {
    "title": "Home",
    "link": "https://www.ibsausa.com/",
    "timestamp": "unknown"
  },
  {
    "title": "Media",
    "link": "https://www.ibsausa.com/media.html",
    "timestamp": "unknown"
  },
  {
    "title": "NewsPress releasesAllTherapeutic AreasSailing into the FutureIBSA StoriesVisionary Spotlight",
    "link": "https://www.ibsausa.com/media/news.html",
    "timestamp": "unknown"
  },
  {
    "title": "NewsPress releasesAllTherapeutic AreasSailing into the FutureIBSA StoriesVisionary Spotlight",
    "link": "https://www.ibsausa.com/media/news.html",
    "timestamp": "unknown"
  },
  {
    "title": "NewsPress releases",
    "link": "https://www.ibsausa.com/media/news.html",
    "timestamp": "unknown"
  },
  {
    "title": "NewsPress releases",
    "link": "https://www.ibsausa.com/media/news.html",
    "timestamp": "unknown"
  },
  {
    "title": "AllTherapeutic AreasSailing into the FutureIBSA StoriesVisionary Spotlight",
    "link": "https://www.ibsausa.com/media/news.html",
    "timestamp": "unknown"
  },
  {
    "title": "AllTherapeutic AreasSailing into the FutureIBSA StoriesVisionary Spotlight",
    "link": "https://www.ibsausa.com/media/news.html",
    "timestamp": "unknown"
  },
  {
    "title": "All",
    "link": "https://www.ibsausa.com/media/news.html",
    "timestamp": "unknown"
  },
  {
    "title": "Therapeutic Areas",
    "link": "https://www.ibsausa.com/media/news.html",
    "timestamp": "unknown"
  },
  {
    "title": "Sailing into the Future",
    "link": "https://www.ibsausa.com/media/news.html",
    "timestamp": "unknown"
  },
  {
    "title": "IBSA Stories",
    "link": "https://www.ibsausa.com/media/news.html",
    "timestamp": "unknown"
  },
  {
    "title": "Visionary Spotlight",
    "link": "https://www.ibsausa.com/media/news.html",
    "timestamp": "unknown"
  },
  {
    "title": "NewsVisionary SpotlightNovemberVisionary Spotlight Article: Kim KulekowskisVisionary SpotlightOctoberVisionary Spotlight Article: Jarrid SpiegelVision",
    "link": "https://www.ibsausa.com/media/news.html",
    "timestamp": "unknown"
  },
  {
    "title": "NewsVisionary SpotlightNovemberVisionary Spotlight Article: Kim KulekowskisVisionary SpotlightOctoberVisionary Spotlight Article: Jarrid SpiegelVision",
    "link": "https://www.ibsausa.com/media/news.html",
    "timestamp": "unknown"
  },
  {
    "title": "Visionary SpotlightNovemberVisionary Spotlight Article: Kim KulekowskisVisionary SpotlightOctoberVisionary Spotlight Article: Jarrid SpiegelVisionary ",
    "link": "https://www.ibsausa.com/media/news.html",
    "timestamp": "unknown"
  },
  {
    "title": "Visionary SpotlightNovemberVisionary Spotlight Article: Kim Kulekowskis",
    "link": "https://www.ibsausa.com/media/news//visionary-spotlight-kim-Kulekowskis-shaping-the-future1.html",
    "timestamp": "unknown"
  },
  {
    "title": "Visionary SpotlightNovemberVisionary Spotlight Article: Kim Kulekowskis",
    "link": "https://www.ibsausa.com/media/news//visionary-spotlight-kim-Kulekowskis-shaping-the-future1.html",
    "timestamp": "unknown"
  },
  {
    "title": "Visionary SpotlightOctoberVisionary Spotlight Article: Jarrid Spiegel",
    "link": "https://www.ibsausa.com/media/news//visionary-spotlight-jarrid-spiegel-shaping-the-future.html",
    "timestamp": "unknown"
  },
  {
    "title": "Visionary SpotlightOctoberVisionary Spotlight Article: Jarrid Spiegel",
    "link": "https://www.ibsausa.com/media/news//visionary-spotlight-jarrid-spiegel-shaping-the-future.html",
    "timestamp": "unknown"
  },
  {
    "title": "Visionary SpotlightSeptemberVisionary Spotlight: Ray Dean Shaping the Future",
    "link": "https://www.ibsausa.com/media/news//visionary-spotlight-ray-dean-shaping-the-future.html",
    "timestamp": "unknown"
  },
  {
    "title": "Visionary SpotlightSeptemberVisionary Spotlight: Ray Dean Shaping the Future",
    "link": "https://www.ibsausa.com/media/news//visionary-spotlight-ray-dean-shaping-the-future.html",
    "timestamp": "unknown"
  },
  {
    "title": "IBSA StoriesAugustIBSA Volunteering: stories of commitment, relationships and community",
    "link": "https://www.ibsausa.com/media/news//ibsa-volunteering-stories-of-commitment-relationships-and-community.html",
    "timestamp": "unknown"
  },
  {
    "title": "IBSA StoriesAugustIBSA Volunteering: stories of commitment, relationships and community",
    "link": "https://www.ibsausa.com/media/news//ibsa-volunteering-stories-of-commitment-relationships-and-community.html",
    "timestamp": "unknown"
  },
  {
    "title": "IBSA StoriesAugust-, celebrating the past and envisioning the future:  years of IBSA",
    "link": "https://www.ibsausa.com/media/news//--celebrating-the-past-and-envisioning-the-future.html",
    "timestamp": "unknown"
  },
  {
    "title": "IBSA StoriesAugust-, celebrating the past and envisioning the future:  years of IBSA",
    "link": "https://www.ibsausa.com/media/news//--celebrating-the-past-and-envisioning-the-future.html",
    "timestamp": "unknown"
  },
  {
    "title": "Visionary SpotlightJulyVisionary Spotlight: Nelson Henry Shaping the Future",
    "link": "https://www.ibsausa.com/media/news//visionary-spotlight-nelson-henry-shaping-the-future.html",
    "timestamp": "unknown"
  },
  {
    "title": "Visionary SpotlightJulyVisionary Spotlight: Nelson Henry Shaping the Future",
    "link": "https://www.ibsausa.com/media/news//visionary-spotlight-nelson-henry-shaping-the-future.html",
    "timestamp": "unknown"
  },
  {
    "title": "IBSA StoriesJulyIBSA USA at ENDO : Advancing the Dialogue on Thyroid Health",
    "link": "https://www.ibsausa.com/media/news//ibsa-usa-at-endo---advancing-the-dialogue-on-thyroid-health.html",
    "timestamp": "unknown"
  },
  {
    "title": "IBSA StoriesJulyIBSA USA at ENDO : Advancing the Dialogue on Thyroid Health",
    "link": "https://www.ibsausa.com/media/news//ibsa-usa-at-endo---advancing-the-dialogue-on-thyroid-health.html",
    "timestamp": "unknown"
  },
  {
    "title": "Therapeutic AreasJulyIBSA: A Leader in Endocrinology",
    "link": "https://www.ibsausa.com/media/news//ibsa-a-leader-in-endocrinology.html",
    "timestamp": "unknown"
  },
  {
    "title": "Therapeutic AreasJulyIBSA: A Leader in Endocrinology",
    "link": "https://www.ibsausa.com/media/news//ibsa-a-leader-in-endocrinology.html",
    "timestamp": "unknown"
  },
  {
    "title": "IBSA StoriesJuneSupporting the science of tomorrow: six researchers awarded at the  edition of the IBSA Foundation Fellowships",
    "link": "https://www.ibsausa.com/media/news//six-researchers-awarded-at-the--edition-of-the-ibsa-foundation-fellowships.html",
    "timestamp": "unknown"
  },
  {
    "title": "IBSA StoriesJuneSupporting the science of tomorrow: six researchers awarded at the  edition of the IBSA Foundation Fellowships",
    "link": "https://www.ibsausa.com/media/news//six-researchers-awarded-at-the--edition-of-the-ibsa-foundation-fellowships.html",
    "timestamp": "unknown"
  },
  {
    "title": "Visionary SpotlightJuneVisionary Spotlight: Shawna Anderson Shaping the Future",
    "link": "https://www.ibsausa.com/media/news//visionary-spotlight-shawna-snderson-shaping-the-future.html",
    "timestamp": "unknown"
  },
  {
    "title": "Visionary SpotlightJuneVisionary Spotlight: Shawna Anderson Shaping the Future",
    "link": "https://www.ibsausa.com/media/news//visionary-spotlight-shawna-snderson-shaping-the-future.html",
    "timestamp": "unknown"
  },
  {
    "title": "Therapeutic AreasJuneIBSA USA Engages with Physician Associates at AAPA",
    "link": "https://www.ibsausa.com/media/news//ibsa-usa-engages-with-physician-associates-at-aapa-.html",
    "timestamp": "unknown"
  },
  {
    "title": "Therapeutic AreasJuneIBSA USA Engages with Physician Associates at AAPA",
    "link": "https://www.ibsausa.com/media/news//ibsa-usa-engages-with-physician-associates-at-aapa-.html",
    "timestamp": "unknown"
  },
  {
    "title": "Therapeutic AreasAprilA brilliant intuition behind IBSA\u2019s R&D activities: the softgel capsule",
    "link": "https://www.ibsausa.com/media/news//pearltec-technology-allows-to-take-a-liquid-in-solid-form.html",
    "timestamp": "unknown"
  },
  {
    "title": "Therapeutic AreasAprilA brilliant intuition behind IBSA\u2019s R&D activities: the softgel capsule",
    "link": "https://www.ibsausa.com/media/news//pearltec-technology-allows-to-take-a-liquid-in-solid-form.html",
    "timestamp": "unknown"
  },
  {
    "title": "Visionary SpotlightAprilVisionary Spotlight: Bill Punia Shaping the Future",
    "link": "https://www.ibsausa.com/media/news//visionary-spotlight-bill-punia-shaping-the-future.html",
    "timestamp": "unknown"
  },
  {
    "title": "Visionary SpotlightAprilVisionary Spotlight: Bill Punia Shaping the Future",
    "link": "https://www.ibsausa.com/media/news//visionary-spotlight-bill-punia-shaping-the-future.html",
    "timestamp": "unknown"
  },
  {
    "title": "IBSA StoriesAprilIBSA Italy, the Italian subsidiary of the Group, officially inaugurates its new headquarters",
    "link": "https://www.ibsausa.com/media/news//ibsa-italy-inaugurates-the-new-headquarters.html",
    "timestamp": "unknown"
  },
  {
    "title": "IBSA StoriesAprilIBSA Italy, the Italian subsidiary of the Group, officially inaugurates its new headquarters",
    "link": "https://www.ibsausa.com/media/news//ibsa-italy-inaugurates-the-new-headquarters.html",
    "timestamp": "unknown"
  },
  {
    "title": "Visionary SpotlightMarchVisionary Spotlight: Roberto Marrero Shaping the Future",
    "link": "https://www.ibsausa.com/media/news//visionary-spotlight-roberto-marrero-shaping-the-future.html",
    "timestamp": "unknown"
  },
  {
    "title": "Visionary SpotlightMarchVisionary Spotlight: Roberto Marrero Shaping the Future",
    "link": "https://www.ibsausa.com/media/news//visionary-spotlight-roberto-marrero-shaping-the-future.html",
    "timestamp": "unknown"
  },
  {
    "title": "IBSA StoriesMarchIBSA USA National Sales Meeting : Imagine Big \u2013 Unlock Your Potential",
    "link": "https://www.ibsausa.com/media/news//ibsa-usa-national-sales-meeting--imagine-big-unlock-your-potential.html",
    "timestamp": "unknown"
  },
  {
    "title": "IBSA StoriesMarchIBSA USA National Sales Meeting : Imagine Big \u2013 Unlock Your Potential",
    "link": "https://www.ibsausa.com/media/news//ibsa-usa-national-sales-meeting--imagine-big-unlock-your-potential.html",
    "timestamp": "unknown"
  },
  {
    "title": "Visionary SpotlightFebruaryVisionary Spotlight: Carolyn Kong Shaping the Future",
    "link": "https://www.ibsausa.com/media/news//visionary-spotlight-carolyn-kong-shaping-the-future.html",
    "timestamp": "unknown"
  },
  {
    "title": "Visionary SpotlightFebruaryVisionary Spotlight: Carolyn Kong Shaping the Future",
    "link": "https://www.ibsausa.com/media/news//visionary-spotlight-carolyn-kong-shaping-the-future.html",
    "timestamp": "unknown"
  },
  {
    "title": "IBSA StoriesFebruaryplus : celebrating the history and imagining the future",
    "link": "https://www.ibsausa.com/media/news//-plus--celebrating-the-history-and-future-of-ibsa.html",
    "timestamp": "unknown"
  },
  {
    "title": "IBSA StoriesFebruaryplus : celebrating the history and imagining the future",
    "link": "https://www.ibsausa.com/media/news//-plus--celebrating-the-history-and-future-of-ibsa.html",
    "timestamp": "unknown"
  },
  {
    "title": "Visionary SpotlightJanuaryVisionary Spotlight: Michael Scully Shaping the Future",
    "link": "https://www.ibsausa.com/media/news//visionary-spotlight--michael-scully-shaping-the-future.html",
    "timestamp": "unknown"
  },
  {
    "title": "Visionary SpotlightJanuaryVisionary Spotlight: Michael Scully Shaping the Future",
    "link": "https://www.ibsausa.com/media/news//visionary-spotlight--michael-scully-shaping-the-future.html",
    "timestamp": "unknown"
  },
  {
    "title": "IBSA Pharma Inc.Campus Drive, SuiteParsippany, NJContactABOUT USContactMediaCareersOUR PILLARSPersonInnovationQualityResponsibilityTHERAPEUTIC AREASEn",
    "link": "https://www.ibsausa.com/ibsa-pharma/contact.html",
    "timestamp": "unknown"
  },
  {
    "title": "IBSA Pharma Inc.Campus Drive, SuiteParsippany, NJContact",
    "link": "https://www.ibsausa.com/ibsa-pharma/contact.html",
    "timestamp": "unknown"
  },
  {
    "title": "IBSA Pharma Inc.Campus Drive, SuiteParsippany, NJContact",
    "link": "https://www.ibsausa.com/ibsa-pharma/contact.html",
    "timestamp": "unknown"
  },
  {
    "title": "Contact",
    "link": "https://www.ibsausa.com/ibsa-pharma/contact.html",
    "timestamp": "unknown"
  },
  {
    "title": "ABOUT USContactMediaCareersOUR PILLARSPersonInnovationQualityResponsibility",
    "link": "https://www.ibsausa.com/ibsa-pharma.html",
    "timestamp": "unknown"
  },
  {
    "title": "ABOUT USContactMediaCareers",
    "link": "https://www.ibsausa.com/ibsa-pharma.html",
    "timestamp": "unknown"
  },
  {
    "title": "Contact",
    "link": "https://www.ibsausa.com/ibsa-pharma/contact.html",
    "timestamp": "unknown"
  },
  {
    "title": "Media",
    "link": "https://www.ibsausa.com/media.html",
    "timestamp": "unknown"
  },
  {
    "title": "Careers",
    "link": "https://www.ibsausa.com/careers.html",
    "timestamp": "unknown"
  },
  {
    "title": "OUR PILLARSPersonInnovationQualityResponsibility",
    "link": "https://www.ibsausa.com/our-pillars.html",
    "timestamp": "unknown"
  },
  {
    "title": "Person",
    "link": "https://www.ibsausa.com/our-pillars/person.html",
    "timestamp": "unknown"
  },
  {
    "title": "Innovation",
    "link": "https://www.ibsausa.com/our-pillars/innovation.html",
    "timestamp": "unknown"
  },
  {
    "title": "Quality",
    "link": "https://www.ibsausa.com/our-pillars/quality.html",
    "timestamp": "unknown"
  },
  {
    "title": "Responsibility",
    "link": "https://www.ibsausa.com/our-pillars/responsibility.html",
    "timestamp": "unknown"
  },
  {
    "title": "THERAPEUTIC AREASEndocrinologyPain and InflammationIBSA FOUNDATIONIBSA SAILING",
    "link": "https://www.ibsausa.com/therapeutic-areas.html",
    "timestamp": "unknown"
  },
  {
    "title": "THERAPEUTIC AREASEndocrinologyPain and Inflammation",
    "link": "https://www.ibsausa.com/therapeutic-areas.html",
    "timestamp": "unknown"
  },
  {
    "title": "Endocrinology",
    "link": "https://www.ibsausa.com/therapeutic-areas/endocrinology.html",
    "timestamp": "unknown"
  },
  {
    "title": "Pain and Inflammation",
    "link": "https://www.ibsausa.com/therapeutic-areas/pain-and-inflammation.html",
    "timestamp": "unknown"
  },
  {
    "title": "IBSA FOUNDATION",
    "link": "https://www.ibsafoundation.org/",
    "timestamp": "unknown"
  },
  {
    "title": "IBSA SAILING",
    "link": "https://www.ibsasailing.com/en/",
    "timestamp": "unknown"
  },
  {
    "title": "Terms of use",
    "link": "https://www.ibsausa.com/terms-of-use.html",
    "timestamp": "unknown"
  },
  {
    "title": "Privacy Policy",
    "link": "https://www.ibsausa.com/privacy.html",
    "timestamp": "unknown"
  },
  {
    "title": "Anti corruption Guidelines",
    "link": "https://www.ibsausa.com/anti-corruption-guidelines.html",
    "timestamp": "unknown"
  },
  {
    "title": "Code of Ethics",
    "link": "https://www.ibsausa.com/code-of-ethics.html",
    "timestamp": "unknown"
  },
  {
    "title": "CA DECLARATION",
    "link": "https://www.ibsausa.com/dam/jcr:0afdcc2f-4ea5-4f85-907e-4f182cd3abad/IBSA-California-Declaration_2025%20Final%20_Declaration%20Section.pdf",
    "timestamp": "unknown"
  }
]