[
  {
    "title": "ENGKORJPNCHNKORENGAbout MedytoxOverviewCEO MessageHistoryVision & Core ValuesPlant IntroductionCIGovernanceProductBotulinum Toxin ProductNeuronox\u00c2\u00aeINN",
    "link": "https://www.medytox.com/?site_id=en",
    "timestamp": "unknown"
  },
  {
    "title": "ENGKORJPNCHNKORENGAbout MedytoxOverviewCEO MessageHistoryVision & Core ValuesPlant IntroductionCIGovernanceProductBotulinum Toxin ProductNeuronox\u00c2\u00aeINN",
    "link": "https://www.medytox.com/?site_id=en",
    "timestamp": "unknown"
  },
  {
    "title": "ENGKORJPNCHNKORENGAbout MedytoxOverviewCEO MessageHistoryVision & Core ValuesPlant IntroductionCIGovernanceProductBotulinum Toxin ProductNeuronox\u00c2\u00aeINN",
    "link": "https://www.medytox.com/?site_id=en",
    "timestamp": "unknown"
  },
  {
    "title": "ENGKORJPNCHNKORENGAbout MedytoxOverviewCEO MessageHistoryVision & Core ValuesPlant IntroductionCIGovernanceProductBotulinum Toxin ProductNeuronox\u00c2\u00aeINN",
    "link": "https://www.medytox.com/?site_id=en",
    "timestamp": "unknown"
  },
  {
    "title": "ENGKORJPNCHNKORENGAbout MedytoxOverviewCEO MessageHistoryVision & Core ValuesPlant IntroductionCIGovernanceProductBotulinum Toxin ProductNeuronox\u00c2\u00aeINN",
    "link": "https://www.medytox.com/?site_id=en",
    "timestamp": "unknown"
  },
  {
    "title": "ENGKORJPNCHNKORENGAbout MedytoxOverviewCEO MessageHistoryVision & Core ValuesPlant IntroductionCIGovernanceProductBotulinum Toxin ProductNeuronox\u00c2\u00aeINN",
    "link": "https://www.medytox.com/?site_id=en",
    "timestamp": "unknown"
  },
  {
    "title": "ENGKORJPNCHNKORENGAbout MedytoxOverviewCEO MessageHistoryVision & Core ValuesPlant IntroductionCIGovernanceProductBotulinum Toxin ProductNeuronox\u00c2\u00aeINN",
    "link": "https://www.medytox.com/?site_id=en",
    "timestamp": "unknown"
  },
  {
    "title": "ENGKORJPNCHNKORENGAbout MedytoxOverviewCEO MessageHistoryVision & Core ValuesPlant IntroductionCIGovernanceProductBotulinum Toxin ProductNeuronox\u00c2\u00aeINN",
    "link": "https://www.medytox.com/?site_id=en",
    "timestamp": "unknown"
  },
  {
    "title": "KORENGAbout MedytoxOverviewCEO MessageHistoryVision & Core ValuesPlant IntroductionCIGovernanceProductBotulinum Toxin ProductNeuronox\u00c2\u00aeINNOTOX\u00c2\u00aeCoreto",
    "link": "javascript:void()",
    "timestamp": "unknown"
  },
  {
    "title": "KORENG",
    "link": "javascript:void()",
    "timestamp": "unknown"
  },
  {
    "title": "About MedytoxOverviewCEO MessageHistoryVision & Core ValuesPlant IntroductionCIGovernanceProductBotulinum Toxin ProductNeuronox\u00c2\u00aeINNOTOX\u00c2\u00aeCoretox\u00c2\u00aeNEW",
    "link": "https://www.medytox.com/page/company_en?site_id=en",
    "timestamp": "unknown"
  },
  {
    "title": "About MedytoxOverviewCEO MessageHistoryVision & Core ValuesPlant IntroductionCIGovernanceProductBotulinum Toxin ProductNeuronox\u00c2\u00aeINNOTOX\u00c2\u00aeCoretox\u00c2\u00aeNEW",
    "link": "https://www.medytox.com/page/company_en?site_id=en",
    "timestamp": "unknown"
  },
  {
    "title": "About MedytoxOverviewCEO MessageHistoryVision & Core ValuesPlant IntroductionCIGovernance",
    "link": "https://www.medytox.com/page/company_en?site_id=en",
    "timestamp": "unknown"
  },
  {
    "title": "Overview",
    "link": "https://www.medytox.com/page/company_en?site_id=en",
    "timestamp": "unknown"
  },
  {
    "title": "CEO Message",
    "link": "https://www.medytox.com/page/ceo_en?site_id=en",
    "timestamp": "unknown"
  },
  {
    "title": "History",
    "link": "https://www.medytox.com/page/history_en?site_id=en",
    "timestamp": "unknown"
  },
  {
    "title": "Vision & Core Values",
    "link": "https://www.medytox.com/page/vision_en?site_id=en",
    "timestamp": "unknown"
  },
  {
    "title": "Plant Introduction",
    "link": "https://www.medytox.com/page/directions_en?site_id=en",
    "timestamp": "unknown"
  },
  {
    "title": "CI",
    "link": "https://www.medytox.com/page/ci_en?site_id=en",
    "timestamp": "unknown"
  },
  {
    "title": "Governance",
    "link": "https://www.medytox.com/page/governance_structure_en?site_id=en",
    "timestamp": "unknown"
  },
  {
    "title": "ProductBotulinum Toxin ProductNeuronox\u00c2\u00aeINNOTOX\u00c2\u00aeCoretox\u00c2\u00aeNEWLUX\u00c2\u00aeHyaluronic Acid FillerNeuramis\u00c2\u00aeAtierePotenfillNEURADERMClinic DermaBasic Derma",
    "link": "https://www.medytox.com/page/meditoxin_en?site_id=en",
    "timestamp": "unknown"
  },
  {
    "title": "Botulinum Toxin ProductNeuronox\u00c2\u00aeINNOTOX\u00c2\u00aeCoretox\u00c2\u00aeNEWLUX\u00c2\u00ae",
    "link": "https://www.medytox.com/page/meditoxin_en?site_id=en",
    "timestamp": "unknown"
  },
  {
    "title": "Neuronox\u00c2\u00ae",
    "link": "https://www.medytox.com/page/meditoxin_en?site_id=en",
    "timestamp": "unknown"
  },
  {
    "title": "INNOTOX\u00c2\u00ae",
    "link": "https://www.medytox.com/page/innotox_en?site_id=en",
    "timestamp": "unknown"
  },
  {
    "title": "Coretox\u00c2\u00ae",
    "link": "https://www.medytox.com/page/coretox_en?site_id=en",
    "timestamp": "unknown"
  },
  {
    "title": "NEWLUX\u00c2\u00ae",
    "link": "https://www.medytox.com/page/newlux?site_id=en",
    "timestamp": "unknown"
  },
  {
    "title": "Hyaluronic Acid FillerNeuramis\u00c2\u00aeAtierePotenfill",
    "link": "https://www.medytox.com/page/neuramis_en?site_id=en",
    "timestamp": "unknown"
  },
  {
    "title": "Neuramis\u00c2\u00ae",
    "link": "https://www.medytox.com/page/neuramis_en?site_id=en",
    "timestamp": "unknown"
  },
  {
    "title": "Atiere",
    "link": "https://www.medytox.com/page/Atiere_en?site_id=en",
    "timestamp": "unknown"
  },
  {
    "title": "Potenfill",
    "link": "https://www.medytox.com/page/potenfill_en?site_id=en",
    "timestamp": "unknown"
  },
  {
    "title": "NEURADERMClinic DermaBasic Derma",
    "link": "https://www.medytox.com/page/metic_en?site_id=en",
    "timestamp": "unknown"
  },
  {
    "title": "Clinic Derma",
    "link": "https://www.medytox.com/page/clinic_en?site_id=en",
    "timestamp": "unknown"
  },
  {
    "title": "Basic Derma",
    "link": "https://www.medytox.com/page/basic_en?site_id=en",
    "timestamp": "unknown"
  },
  {
    "title": "R&DR&D Vision and AccomplishmentsPipelineR&D System",
    "link": "https://www.medytox.com/page/rndvision_en?site_id=en",
    "timestamp": "unknown"
  },
  {
    "title": "R&D Vision and Accomplishments",
    "link": "https://www.medytox.com/page/rndvision_en?site_id=en",
    "timestamp": "unknown"
  },
  {
    "title": "Pipeline",
    "link": "https://www.medytox.com/page/pipeline_en?site_id=en",
    "timestamp": "unknown"
  },
  {
    "title": "R&D System",
    "link": "https://www.medytox.com/page/facilities_en?site_id=en",
    "timestamp": "unknown"
  },
  {
    "title": "Global Network",
    "link": "https://www.medytox.com/page/globalnetwork_en?site_id=en",
    "timestamp": "unknown"
  },
  {
    "title": "InvestmentIR ReleaseInvestmentDividens",
    "link": "https://www.medytox.com/page/ir2_en?site_id=en",
    "timestamp": "unknown"
  },
  {
    "title": "IR Release",
    "link": "https://www.medytox.com/page/ir1_en?site_id=en",
    "timestamp": "unknown"
  },
  {
    "title": "Investment",
    "link": "https://www.medytox.com/page/ir2_en?site_id=en",
    "timestamp": "unknown"
  },
  {
    "title": "Dividens",
    "link": "https://www.medytox.com/page/ir4_en?site_id=en",
    "timestamp": "unknown"
  },
  {
    "title": "NewsNewsNoticeAdvertisementsAdvertisements1",
    "link": "https://www.medytox.com/page/newsroom_en?site_id=en",
    "timestamp": "unknown"
  },
  {
    "title": "News",
    "link": "https://www.medytox.com/page/press_en?site_id=en",
    "timestamp": "unknown"
  },
  {
    "title": "Notice",
    "link": "https://www.medytox.com/page/notice_en?site_id=en",
    "timestamp": "unknown"
  },
  {
    "title": "AdvertisementsAdvertisements1",
    "link": "https://www.medytox.com/page/media_en?site_id=en",
    "timestamp": "unknown"
  },
  {
    "title": "Advertisements1",
    "link": "https://www.medytox.com/page/media1_en?site_id=en",
    "timestamp": "unknown"
  },
  {
    "title": "InquiryPurchasing InquiryPurchasing Inquiry_certPurchasing Inquiry_insertPurchasing Inquiry_listCustomer InquiryCustomer Inquiry_certPartnership Inqui",
    "link": "https://www.medytox.com/page/contactus1_en?site_id=en",
    "timestamp": "unknown"
  },
  {
    "title": "Purchasing InquiryPurchasing Inquiry_certPurchasing Inquiry_insertPurchasing Inquiry_list",
    "link": "https://www.medytox.com/page/contactus1_en?site_id=en",
    "timestamp": "unknown"
  },
  {
    "title": "Purchasing Inquiry_cert",
    "link": "https://www.medytox.com/page/contactus1_login_en?site_id=en",
    "timestamp": "unknown"
  },
  {
    "title": "Purchasing Inquiry_insert",
    "link": "https://www.medytox.com/page/contactus1_insert_en?site_id=en",
    "timestamp": "unknown"
  },
  {
    "title": "Purchasing Inquiry_list",
    "link": "https://www.medytox.com/page/contactus1_list_check_en?site_id=en",
    "timestamp": "unknown"
  },
  {
    "title": "Customer InquiryCustomer Inquiry_cert",
    "link": "https://www.medytox.com/page/contactus2_en?site_id=en",
    "timestamp": "unknown"
  },
  {
    "title": "Customer Inquiry_cert",
    "link": "https://www.medytox.com/page/contactus2_login_en?site_id=en",
    "timestamp": "unknown"
  },
  {
    "title": "Partnership InquiryPartnership Inquiry_cert",
    "link": "https://www.medytox.com/page/contactus3_en?site_id=en",
    "timestamp": "unknown"
  },
  {
    "title": "Partnership Inquiry_cert",
    "link": "https://www.medytox.com/page/contactus3_login_en?site_id=en",
    "timestamp": "unknown"
  },
  {
    "title": "Report Adverse EventsReport Adverse Events_certReport Adverse Events_insertReport Adverse Events_list",
    "link": "https://www.medytox.com/page/contactus4_en?site_id=en",
    "timestamp": "unknown"
  },
  {
    "title": "Report Adverse Events_cert",
    "link": "https://www.medytox.com/page/contactus4_login_en?site_id=en",
    "timestamp": "unknown"
  },
  {
    "title": "Report Adverse Events_insert",
    "link": "https://www.medytox.com/page/contactus4_insert_en?site_id=en",
    "timestamp": "unknown"
  },
  {
    "title": "Report Adverse Events_list",
    "link": "https://www.medytox.com/page/contactus4_list_check_en?site_id=en",
    "timestamp": "unknown"
  },
  {
    "title": "Privacy Policy",
    "link": "https://www.medytox.com/page/privacy_en?site_id=en",
    "timestamp": "unknown"
  },
  {
    "title": "Recruitment",
    "link": "https://medytox.recruiter.co.kr?site_id=en",
    "timestamp": "unknown"
  },
  {
    "title": "Inquiry",
    "link": "https://www.medytox.com/page/40_en?site_id=en",
    "timestamp": "unknown"
  },
  {
    "title": "directions",
    "link": "https://www.medytox.com/page/directions_en?site_id=en",
    "timestamp": "unknown"
  },
  {
    "title": "sitemap",
    "link": "https://www.medytox.com/page/sitemap_en12?site_id=en",
    "timestamp": "unknown"
  },
  {
    "title": "About MedytoxOverviewCEO MessageHistoryVision & Core ValuesPlant IntroductionCIGovernanceProductBotulinum Toxin ProductNeuronox\u00c2\u00aeINNOTOX\u00c2\u00aeCoretox\u00c2\u00aeNEW",
    "link": "https://www.medytox.com/page/company_en?site_id=en",
    "timestamp": "unknown"
  },
  {
    "title": "About MedytoxOverviewCEO MessageHistoryVision & Core ValuesPlant IntroductionCIGovernanceProductBotulinum Toxin ProductNeuronox\u00c2\u00aeINNOTOX\u00c2\u00aeCoretox\u00c2\u00aeNEW",
    "link": "https://www.medytox.com/page/company_en?site_id=en",
    "timestamp": "unknown"
  },
  {
    "title": "About MedytoxOverviewCEO MessageHistoryVision & Core ValuesPlant IntroductionCIGovernance",
    "link": "https://www.medytox.com/page/company_en?site_id=en",
    "timestamp": "unknown"
  },
  {
    "title": "Overview",
    "link": "https://www.medytox.com/page/company_en?site_id=en",
    "timestamp": "unknown"
  },
  {
    "title": "CEO Message",
    "link": "https://www.medytox.com/page/ceo_en?site_id=en",
    "timestamp": "unknown"
  },
  {
    "title": "History",
    "link": "https://www.medytox.com/page/history_en?site_id=en",
    "timestamp": "unknown"
  },
  {
    "title": "Vision & Core Values",
    "link": "https://www.medytox.com/page/vision_en?site_id=en",
    "timestamp": "unknown"
  },
  {
    "title": "Plant Introduction",
    "link": "https://www.medytox.com/page/directions_en?site_id=en",
    "timestamp": "unknown"
  },
  {
    "title": "CI",
    "link": "https://www.medytox.com/page/ci_en?site_id=en",
    "timestamp": "unknown"
  },
  {
    "title": "Governance",
    "link": "https://www.medytox.com/page/governance_structure_en?site_id=en",
    "timestamp": "unknown"
  },
  {
    "title": "ProductBotulinum Toxin ProductNeuronox\u00c2\u00aeINNOTOX\u00c2\u00aeCoretox\u00c2\u00aeNEWLUX\u00c2\u00aeHyaluronic Acid FillerNeuramis\u00c2\u00aeAtierePotenfillNEURADERMClinic DermaBasic Derma",
    "link": "https://www.medytox.com/page/meditoxin_en?site_id=en",
    "timestamp": "unknown"
  },
  {
    "title": "Botulinum Toxin ProductNeuronox\u00c2\u00aeINNOTOX\u00c2\u00aeCoretox\u00c2\u00aeNEWLUX\u00c2\u00ae",
    "link": "https://www.medytox.com/page/meditoxin_en?site_id=en",
    "timestamp": "unknown"
  },
  {
    "title": "Neuronox\u00c2\u00ae",
    "link": "https://www.medytox.com/page/meditoxin_en?site_id=en",
    "timestamp": "unknown"
  },
  {
    "title": "INNOTOX\u00c2\u00ae",
    "link": "https://www.medytox.com/page/innotox_en?site_id=en",
    "timestamp": "unknown"
  },
  {
    "title": "Coretox\u00c2\u00ae",
    "link": "https://www.medytox.com/page/coretox_en?site_id=en",
    "timestamp": "unknown"
  },
  {
    "title": "NEWLUX\u00c2\u00ae",
    "link": "https://www.medytox.com/page/newlux?site_id=en",
    "timestamp": "unknown"
  },
  {
    "title": "Hyaluronic Acid FillerNeuramis\u00c2\u00aeAtierePotenfill",
    "link": "https://www.medytox.com/page/neuramis_en?site_id=en",
    "timestamp": "unknown"
  },
  {
    "title": "Neuramis\u00c2\u00ae",
    "link": "https://www.medytox.com/page/neuramis_en?site_id=en",
    "timestamp": "unknown"
  },
  {
    "title": "Atiere",
    "link": "https://www.medytox.com/page/Atiere_en?site_id=en",
    "timestamp": "unknown"
  },
  {
    "title": "Potenfill",
    "link": "https://www.medytox.com/page/potenfill_en?site_id=en",
    "timestamp": "unknown"
  },
  {
    "title": "NEURADERMClinic DermaBasic Derma",
    "link": "https://www.medytox.com/page/metic_en?site_id=en",
    "timestamp": "unknown"
  },
  {
    "title": "Clinic Derma",
    "link": "https://www.medytox.com/page/clinic_en?site_id=en",
    "timestamp": "unknown"
  },
  {
    "title": "Basic Derma",
    "link": "https://www.medytox.com/page/basic_en?site_id=en",
    "timestamp": "unknown"
  },
  {
    "title": "R&DR&D Vision and AccomplishmentsPipelineR&D System",
    "link": "https://www.medytox.com/page/rndvision_en?site_id=en",
    "timestamp": "unknown"
  },
  {
    "title": "R&D Vision and Accomplishments",
    "link": "https://www.medytox.com/page/rndvision_en?site_id=en",
    "timestamp": "unknown"
  },
  {
    "title": "Pipeline",
    "link": "https://www.medytox.com/page/pipeline_en?site_id=en",
    "timestamp": "unknown"
  },
  {
    "title": "R&D System",
    "link": "https://www.medytox.com/page/facilities_en?site_id=en",
    "timestamp": "unknown"
  },
  {
    "title": "Global Network",
    "link": "https://www.medytox.com/page/globalnetwork_en?site_id=en",
    "timestamp": "unknown"
  },
  {
    "title": "InvestmentIR ReleaseInvestmentDividens",
    "link": "https://www.medytox.com/page/ir2_en?site_id=en",
    "timestamp": "unknown"
  },
  {
    "title": "IR Release",
    "link": "https://www.medytox.com/page/ir1_en?site_id=en",
    "timestamp": "unknown"
  },
  {
    "title": "Investment",
    "link": "https://www.medytox.com/page/ir2_en?site_id=en",
    "timestamp": "unknown"
  },
  {
    "title": "Dividens",
    "link": "https://www.medytox.com/page/ir4_en?site_id=en",
    "timestamp": "unknown"
  },
  {
    "title": "NewsNewsNoticeAdvertisementsAdvertisements1",
    "link": "https://www.medytox.com/page/newsroom_en?site_id=en",
    "timestamp": "unknown"
  },
  {
    "title": "News",
    "link": "https://www.medytox.com/page/press_en?site_id=en",
    "timestamp": "unknown"
  },
  {
    "title": "Notice",
    "link": "https://www.medytox.com/page/notice_en?site_id=en",
    "timestamp": "unknown"
  },
  {
    "title": "AdvertisementsAdvertisements1",
    "link": "https://www.medytox.com/page/media_en?site_id=en",
    "timestamp": "unknown"
  },
  {
    "title": "Advertisements1",
    "link": "https://www.medytox.com/page/media1_en?site_id=en",
    "timestamp": "unknown"
  },
  {
    "title": "InquiryPurchasing InquiryPurchasing Inquiry_certPurchasing Inquiry_insertPurchasing Inquiry_listCustomer InquiryCustomer Inquiry_certPartnership Inqui",
    "link": "https://www.medytox.com/page/contactus1_en?site_id=en",
    "timestamp": "unknown"
  },
  {
    "title": "Purchasing InquiryPurchasing Inquiry_certPurchasing Inquiry_insertPurchasing Inquiry_list",
    "link": "https://www.medytox.com/page/contactus1_en?site_id=en",
    "timestamp": "unknown"
  },
  {
    "title": "Purchasing Inquiry_cert",
    "link": "https://www.medytox.com/page/contactus1_login_en?site_id=en",
    "timestamp": "unknown"
  },
  {
    "title": "Purchasing Inquiry_insert",
    "link": "https://www.medytox.com/page/contactus1_insert_en?site_id=en",
    "timestamp": "unknown"
  },
  {
    "title": "Purchasing Inquiry_list",
    "link": "https://www.medytox.com/page/contactus1_list_check_en?site_id=en",
    "timestamp": "unknown"
  },
  {
    "title": "Customer InquiryCustomer Inquiry_cert",
    "link": "https://www.medytox.com/page/contactus2_en?site_id=en",
    "timestamp": "unknown"
  },
  {
    "title": "Customer Inquiry_cert",
    "link": "https://www.medytox.com/page/contactus2_login_en?site_id=en",
    "timestamp": "unknown"
  },
  {
    "title": "Partnership InquiryPartnership Inquiry_cert",
    "link": "https://www.medytox.com/page/contactus3_en?site_id=en",
    "timestamp": "unknown"
  },
  {
    "title": "Partnership Inquiry_cert",
    "link": "https://www.medytox.com/page/contactus3_login_en?site_id=en",
    "timestamp": "unknown"
  },
  {
    "title": "Report Adverse EventsReport Adverse Events_certReport Adverse Events_insertReport Adverse Events_list",
    "link": "https://www.medytox.com/page/contactus4_en?site_id=en",
    "timestamp": "unknown"
  },
  {
    "title": "Report Adverse Events_cert",
    "link": "https://www.medytox.com/page/contactus4_login_en?site_id=en",
    "timestamp": "unknown"
  },
  {
    "title": "Report Adverse Events_insert",
    "link": "https://www.medytox.com/page/contactus4_insert_en?site_id=en",
    "timestamp": "unknown"
  },
  {
    "title": "Report Adverse Events_list",
    "link": "https://www.medytox.com/page/contactus4_list_check_en?site_id=en",
    "timestamp": "unknown"
  },
  {
    "title": "Privacy Policy",
    "link": "https://www.medytox.com/page/privacy_en?site_id=en",
    "timestamp": "unknown"
  },
  {
    "title": "Recruitment",
    "link": "https://medytox.recruiter.co.kr?site_id=en",
    "timestamp": "unknown"
  },
  {
    "title": "Inquiry",
    "link": "https://www.medytox.com/page/40_en?site_id=en",
    "timestamp": "unknown"
  },
  {
    "title": "directions",
    "link": "https://www.medytox.com/page/directions_en?site_id=en",
    "timestamp": "unknown"
  },
  {
    "title": "sitemap",
    "link": "https://www.medytox.com/page/sitemap_en12?site_id=en",
    "timestamp": "unknown"
  },
  {
    "title": "ENGJPNCHNKORSearchKORENGCHNJPNAbout MedytoxOverviewCEO MessageHistoryVision & Core ValuesPlant IntroductionCIGovernanceProductBotulinum Toxin ProductH",
    "link": "https://www.medytox.com/?site_id=en",
    "timestamp": "unknown"
  },
  {
    "title": "ENGJPNCHNKORSearchKORENGCHNJPNAbout MedytoxOverviewCEO MessageHistoryVision & Core ValuesPlant IntroductionCIGovernanceProductBotulinum Toxin ProductH",
    "link": "https://www.medytox.com/?site_id=en",
    "timestamp": "unknown"
  },
  {
    "title": "ENGJPNCHNKORSearchKORENGCHNJPNAbout MedytoxOverviewCEO MessageHistoryVision & Core ValuesPlant IntroductionCIGovernanceProductBotulinum Toxin ProductH",
    "link": "https://www.medytox.com/?site_id=en",
    "timestamp": "unknown"
  },
  {
    "title": "ENGJPNCHNKORSearchKORENGCHNJPNAbout MedytoxOverviewCEO MessageHistoryVision & Core ValuesPlant IntroductionCIGovernanceProductBotulinum Toxin ProductH",
    "link": "https://www.medytox.com/?site_id=en",
    "timestamp": "unknown"
  },
  {
    "title": "ENGJPNCHNKORSearch",
    "link": "https://www.medytox.com/?site_id=en",
    "timestamp": "unknown"
  },
  {
    "title": "KORENGCHNJPNAbout MedytoxOverviewCEO MessageHistoryVision & Core ValuesPlant IntroductionCIGovernanceProductBotulinum Toxin ProductHyaluronic Acid Fil",
    "link": "https://www.medytox.com/",
    "timestamp": "unknown"
  },
  {
    "title": "KORENGCHNJPNAbout MedytoxOverviewCEO MessageHistoryVision & Core ValuesPlant IntroductionCIGovernanceProductBotulinum Toxin ProductHyaluronic Acid Fil",
    "link": "https://www.medytox.com/",
    "timestamp": "unknown"
  },
  {
    "title": "KORENGCHNJPN",
    "link": "https://www.medytox.com/",
    "timestamp": "unknown"
  },
  {
    "title": "KORENGCHNJPN",
    "link": "https://www.medytox.com/",
    "timestamp": "unknown"
  },
  {
    "title": "KORENGCHNJPN",
    "link": "https://www.medytox.com/",
    "timestamp": "unknown"
  },
  {
    "title": "About MedytoxOverviewCEO MessageHistoryVision & Core ValuesPlant IntroductionCIGovernanceProductBotulinum Toxin ProductHyaluronic Acid FillerNEURADERM",
    "link": "https://www.medytox.com/page/company_en?site_id=en",
    "timestamp": "unknown"
  },
  {
    "title": "About MedytoxOverviewCEO MessageHistoryVision & Core ValuesPlant IntroductionCIGovernanceProductBotulinum Toxin ProductHyaluronic Acid FillerNEURADERM",
    "link": "https://www.medytox.com/page/company_en?site_id=en",
    "timestamp": "unknown"
  },
  {
    "title": "About MedytoxOverviewCEO MessageHistoryVision & Core ValuesPlant IntroductionCIGovernance",
    "link": "https://www.medytox.com/page/company_en?site_id=en",
    "timestamp": "unknown"
  },
  {
    "title": "Overview",
    "link": "https://www.medytox.com/page/company_en?site_id=en",
    "timestamp": "unknown"
  },
  {
    "title": "CEO Message",
    "link": "https://www.medytox.com/page/ceo_en?site_id=en",
    "timestamp": "unknown"
  },
  {
    "title": "History",
    "link": "https://www.medytox.com/page/history_en?site_id=en",
    "timestamp": "unknown"
  },
  {
    "title": "Vision & Core Values",
    "link": "https://www.medytox.com/page/vision_en?site_id=en",
    "timestamp": "unknown"
  },
  {
    "title": "Plant Introduction",
    "link": "https://www.medytox.com/page/directions_en?site_id=en",
    "timestamp": "unknown"
  },
  {
    "title": "CI",
    "link": "https://www.medytox.com/page/ci_en?site_id=en",
    "timestamp": "unknown"
  },
  {
    "title": "Governance",
    "link": "https://www.medytox.com/page/governance_structure_en?site_id=en",
    "timestamp": "unknown"
  },
  {
    "title": "ProductBotulinum Toxin ProductHyaluronic Acid FillerNEURADERM",
    "link": "https://www.medytox.com/page/meditoxin_en?site_id=en",
    "timestamp": "unknown"
  },
  {
    "title": "Botulinum Toxin Product",
    "link": "https://www.medytox.com/page/meditoxin_en?site_id=en",
    "timestamp": "unknown"
  },
  {
    "title": "Hyaluronic Acid Filler",
    "link": "https://www.medytox.com/page/neuramis_en?site_id=en",
    "timestamp": "unknown"
  },
  {
    "title": "NEURADERM",
    "link": "https://www.medytox.com/page/metic_en?site_id=en",
    "timestamp": "unknown"
  },
  {
    "title": "R&DR&D Vision and AccomplishmentsPipelineR&D System",
    "link": "https://www.medytox.com/page/rndvision_en?site_id=en",
    "timestamp": "unknown"
  },
  {
    "title": "R&D Vision and Accomplishments",
    "link": "https://www.medytox.com/page/rndvision_en?site_id=en",
    "timestamp": "unknown"
  },
  {
    "title": "Pipeline",
    "link": "https://www.medytox.com/page/pipeline_en?site_id=en",
    "timestamp": "unknown"
  },
  {
    "title": "R&D System",
    "link": "https://www.medytox.com/page/facilities_en?site_id=en",
    "timestamp": "unknown"
  },
  {
    "title": "Global Network",
    "link": "https://www.medytox.com/page/globalnetwork_en?site_id=en",
    "timestamp": "unknown"
  },
  {
    "title": "InvestmentIR ReleaseInvestmentDividens",
    "link": "https://www.medytox.com/page/ir2_en?site_id=en",
    "timestamp": "unknown"
  },
  {
    "title": "IR Release",
    "link": "https://www.medytox.com/page/ir1_en?site_id=en",
    "timestamp": "unknown"
  },
  {
    "title": "Investment",
    "link": "https://www.medytox.com/page/ir2_en?site_id=en",
    "timestamp": "unknown"
  },
  {
    "title": "Dividens",
    "link": "https://www.medytox.com/page/ir4_en?site_id=en",
    "timestamp": "unknown"
  },
  {
    "title": "NewsNewsNoticeAdvertisements",
    "link": "https://www.medytox.com/page/newsroom_en?site_id=en",
    "timestamp": "unknown"
  },
  {
    "title": "News",
    "link": "https://www.medytox.com/page/press_en?site_id=en",
    "timestamp": "unknown"
  },
  {
    "title": "Notice",
    "link": "https://www.medytox.com/page/notice_en?site_id=en",
    "timestamp": "unknown"
  },
  {
    "title": "Advertisements",
    "link": "https://www.medytox.com/page/media_en?site_id=en",
    "timestamp": "unknown"
  },
  {
    "title": "InquiryPurchasing InquiryCustomer InquiryPartnership InquiryReport Adverse Events",
    "link": "https://www.medytox.com/page/contactus1_en?site_id=en",
    "timestamp": "unknown"
  },
  {
    "title": "Purchasing Inquiry",
    "link": "https://www.medytox.com/page/contactus1_en?site_id=en",
    "timestamp": "unknown"
  },
  {
    "title": "Customer Inquiry",
    "link": "https://www.medytox.com/page/contactus2_en?site_id=en",
    "timestamp": "unknown"
  },
  {
    "title": "Partnership Inquiry",
    "link": "https://www.medytox.com/page/contactus3_en?site_id=en",
    "timestamp": "unknown"
  },
  {
    "title": "Report Adverse Events",
    "link": "https://www.medytox.com/page/contactus4_en?site_id=en",
    "timestamp": "unknown"
  },
  {
    "title": "Privacy Policy",
    "link": "https://www.medytox.com/page/privacy_en?site_id=en",
    "timestamp": "unknown"
  },
  {
    "title": "Recruitment",
    "link": "https://medytox.recruiter.co.kr?site_id=en",
    "timestamp": "unknown"
  },
  {
    "title": "Inquiry",
    "link": "https://www.medytox.com/page/40_en?site_id=en",
    "timestamp": "unknown"
  },
  {
    "title": "directions",
    "link": "https://www.medytox.com/page/directions_en?site_id=en",
    "timestamp": "unknown"
  },
  {
    "title": "sitemap",
    "link": "https://www.medytox.com/page/sitemap_en12?site_id=en",
    "timestamp": "unknown"
  },
  {
    "title": "About MedytoxOverviewCEO MessageHistoryVision & Core ValuesPlant IntroductionCIGovernanceProductBotulinum Toxin ProductNeuronox\u00c2\u00aeINNOTOX\u00c2\u00aeCoretox\u00c2\u00aeNEW",
    "link": "https://www.medytox.com/page/company_en?site_id=en",
    "timestamp": "unknown"
  },
  {
    "title": "About MedytoxOverviewCEO MessageHistoryVision & Core ValuesPlant IntroductionCIGovernanceProductBotulinum Toxin ProductNeuronox\u00c2\u00aeINNOTOX\u00c2\u00aeCoretox\u00c2\u00aeNEW",
    "link": "https://www.medytox.com/page/company_en?site_id=en",
    "timestamp": "unknown"
  },
  {
    "title": "About MedytoxOverviewCEO MessageHistoryVision & Core ValuesPlant IntroductionCIGovernance",
    "link": "https://www.medytox.com/page/company_en?site_id=en",
    "timestamp": "unknown"
  },
  {
    "title": "Overview",
    "link": "https://www.medytox.com/page/company_en?site_id=en",
    "timestamp": "unknown"
  },
  {
    "title": "CEO Message",
    "link": "https://www.medytox.com/page/ceo_en?site_id=en",
    "timestamp": "unknown"
  },
  {
    "title": "History",
    "link": "https://www.medytox.com/page/history_en?site_id=en",
    "timestamp": "unknown"
  },
  {
    "title": "Vision & Core Values",
    "link": "https://www.medytox.com/page/vision_en?site_id=en",
    "timestamp": "unknown"
  },
  {
    "title": "Plant Introduction",
    "link": "https://www.medytox.com/page/directions_en?site_id=en",
    "timestamp": "unknown"
  },
  {
    "title": "CI",
    "link": "https://www.medytox.com/page/ci_en?site_id=en",
    "timestamp": "unknown"
  },
  {
    "title": "Governance",
    "link": "https://www.medytox.com/page/governance_structure_en?site_id=en",
    "timestamp": "unknown"
  },
  {
    "title": "ProductBotulinum Toxin ProductNeuronox\u00c2\u00aeINNOTOX\u00c2\u00aeCoretox\u00c2\u00aeNEWLUX\u00c2\u00aeHyaluronic Acid FillerNeuramis\u00c2\u00aeAtierePotenfillNEURADERMClinic DermaBasic Derma",
    "link": "https://www.medytox.com/page/meditoxin_en?site_id=en",
    "timestamp": "unknown"
  },
  {
    "title": "Botulinum Toxin ProductNeuronox\u00c2\u00aeINNOTOX\u00c2\u00aeCoretox\u00c2\u00aeNEWLUX\u00c2\u00ae",
    "link": "https://www.medytox.com/page/meditoxin_en?site_id=en",
    "timestamp": "unknown"
  },
  {
    "title": "Neuronox\u00c2\u00ae",
    "link": "https://www.medytox.com/page/meditoxin_en?site_id=en",
    "timestamp": "unknown"
  },
  {
    "title": "INNOTOX\u00c2\u00ae",
    "link": "https://www.medytox.com/page/innotox_en?site_id=en",
    "timestamp": "unknown"
  },
  {
    "title": "Coretox\u00c2\u00ae",
    "link": "https://www.medytox.com/page/coretox_en?site_id=en",
    "timestamp": "unknown"
  },
  {
    "title": "NEWLUX\u00c2\u00ae",
    "link": "https://www.medytox.com/page/newlux?site_id=en",
    "timestamp": "unknown"
  },
  {
    "title": "Hyaluronic Acid FillerNeuramis\u00c2\u00aeAtierePotenfill",
    "link": "https://www.medytox.com/page/neuramis_en?site_id=en",
    "timestamp": "unknown"
  },
  {
    "title": "Neuramis\u00c2\u00ae",
    "link": "https://www.medytox.com/page/neuramis_en?site_id=en",
    "timestamp": "unknown"
  },
  {
    "title": "Atiere",
    "link": "https://www.medytox.com/page/Atiere_en?site_id=en",
    "timestamp": "unknown"
  },
  {
    "title": "Potenfill",
    "link": "https://www.medytox.com/page/potenfill_en?site_id=en",
    "timestamp": "unknown"
  },
  {
    "title": "NEURADERMClinic DermaBasic Derma",
    "link": "https://www.medytox.com/page/metic_en?site_id=en",
    "timestamp": "unknown"
  },
  {
    "title": "Clinic Derma",
    "link": "https://www.medytox.com/page/clinic_en?site_id=en",
    "timestamp": "unknown"
  },
  {
    "title": "Basic Derma",
    "link": "https://www.medytox.com/page/basic_en?site_id=en",
    "timestamp": "unknown"
  },
  {
    "title": "R&DR&D Vision and AccomplishmentsPipelineR&D System",
    "link": "https://www.medytox.com/page/rndvision_en?site_id=en",
    "timestamp": "unknown"
  },
  {
    "title": "R&D Vision and Accomplishments",
    "link": "https://www.medytox.com/page/rndvision_en?site_id=en",
    "timestamp": "unknown"
  },
  {
    "title": "Pipeline",
    "link": "https://www.medytox.com/page/pipeline_en?site_id=en",
    "timestamp": "unknown"
  },
  {
    "title": "R&D System",
    "link": "https://www.medytox.com/page/facilities_en?site_id=en",
    "timestamp": "unknown"
  },
  {
    "title": "Global Network",
    "link": "https://www.medytox.com/page/globalnetwork_en?site_id=en",
    "timestamp": "unknown"
  },
  {
    "title": "InvestmentIR ReleaseInvestmentDividens",
    "link": "https://www.medytox.com/page/ir2_en?site_id=en",
    "timestamp": "unknown"
  },
  {
    "title": "IR Release",
    "link": "https://www.medytox.com/page/ir1_en?site_id=en",
    "timestamp": "unknown"
  },
  {
    "title": "Investment",
    "link": "https://www.medytox.com/page/ir2_en?site_id=en",
    "timestamp": "unknown"
  },
  {
    "title": "Dividens",
    "link": "https://www.medytox.com/page/ir4_en?site_id=en",
    "timestamp": "unknown"
  },
  {
    "title": "NewsNewsNoticeAdvertisementsAdvertisements1",
    "link": "https://www.medytox.com/page/newsroom_en?site_id=en",
    "timestamp": "unknown"
  },
  {
    "title": "News",
    "link": "https://www.medytox.com/page/press_en?site_id=en",
    "timestamp": "unknown"
  },
  {
    "title": "Notice",
    "link": "https://www.medytox.com/page/notice_en?site_id=en",
    "timestamp": "unknown"
  },
  {
    "title": "AdvertisementsAdvertisements1",
    "link": "https://www.medytox.com/page/media_en?site_id=en",
    "timestamp": "unknown"
  },
  {
    "title": "Advertisements1",
    "link": "https://www.medytox.com/page/media1_en?site_id=en",
    "timestamp": "unknown"
  },
  {
    "title": "InquiryPurchasing InquiryPurchasing Inquiry_certPurchasing Inquiry_insertPurchasing Inquiry_listCustomer InquiryCustomer Inquiry_certPartnership Inqui",
    "link": "https://www.medytox.com/page/contactus1_en?site_id=en",
    "timestamp": "unknown"
  },
  {
    "title": "Purchasing InquiryPurchasing Inquiry_certPurchasing Inquiry_insertPurchasing Inquiry_list",
    "link": "https://www.medytox.com/page/contactus1_en?site_id=en",
    "timestamp": "unknown"
  },
  {
    "title": "Purchasing Inquiry_cert",
    "link": "https://www.medytox.com/page/contactus1_login_en?site_id=en",
    "timestamp": "unknown"
  },
  {
    "title": "Purchasing Inquiry_insert",
    "link": "https://www.medytox.com/page/contactus1_insert_en?site_id=en",
    "timestamp": "unknown"
  },
  {
    "title": "Purchasing Inquiry_list",
    "link": "https://www.medytox.com/page/contactus1_list_check_en?site_id=en",
    "timestamp": "unknown"
  },
  {
    "title": "Customer InquiryCustomer Inquiry_cert",
    "link": "https://www.medytox.com/page/contactus2_en?site_id=en",
    "timestamp": "unknown"
  },
  {
    "title": "Customer Inquiry_cert",
    "link": "https://www.medytox.com/page/contactus2_login_en?site_id=en",
    "timestamp": "unknown"
  },
  {
    "title": "Partnership InquiryPartnership Inquiry_cert",
    "link": "https://www.medytox.com/page/contactus3_en?site_id=en",
    "timestamp": "unknown"
  },
  {
    "title": "Partnership Inquiry_cert",
    "link": "https://www.medytox.com/page/contactus3_login_en?site_id=en",
    "timestamp": "unknown"
  },
  {
    "title": "Report Adverse EventsReport Adverse Events_certReport Adverse Events_insertReport Adverse Events_list",
    "link": "https://www.medytox.com/page/contactus4_en?site_id=en",
    "timestamp": "unknown"
  },
  {
    "title": "Report Adverse Events_cert",
    "link": "https://www.medytox.com/page/contactus4_login_en?site_id=en",
    "timestamp": "unknown"
  },
  {
    "title": "Report Adverse Events_insert",
    "link": "https://www.medytox.com/page/contactus4_insert_en?site_id=en",
    "timestamp": "unknown"
  },
  {
    "title": "Report Adverse Events_list",
    "link": "https://www.medytox.com/page/contactus4_list_check_en?site_id=en",
    "timestamp": "unknown"
  },
  {
    "title": "Privacy Policy",
    "link": "https://www.medytox.com/page/privacy_en?site_id=en",
    "timestamp": "unknown"
  },
  {
    "title": "Recruitment",
    "link": "https://medytox.recruiter.co.kr?site_id=en",
    "timestamp": "unknown"
  },
  {
    "title": "Inquiry",
    "link": "https://www.medytox.com/page/40_en?site_id=en",
    "timestamp": "unknown"
  },
  {
    "title": "directions",
    "link": "https://www.medytox.com/page/directions_en?site_id=en",
    "timestamp": "unknown"
  },
  {
    "title": "sitemap",
    "link": "https://www.medytox.com/page/sitemap_en12?site_id=en",
    "timestamp": "unknown"
  },
  {
    "title": "Medytox, a young global biopharmaceutical company,is recognized all around the world beyond domestic boundaries.NewsNewsNoticeAdvertisementsNewsMedyto",
    "link": "https://www.medytox.com/page/newsroom_en?site_id=en",
    "timestamp": "unknown"
  },
  {
    "title": "NewsNewsNoticeAdvertisementsNewsMedytox\u00e2\u0080\u0099s standing in the thai market for \u00e2\u0080\u0098botulinum toxin and fillers\u00e2\u0080\u0099?Medytox reshuffles its strategy\u00e2\u0080\u00a6Bettin",
    "link": "https://www.medytox.com/page/newsroom_en?site_id=en",
    "timestamp": "unknown"
  },
  {
    "title": "NewsNewsNoticeAdvertisements",
    "link": "https://www.medytox.com/page/newsroom_en?site_id=en",
    "timestamp": "unknown"
  },
  {
    "title": "NewsNewsNoticeAdvertisements",
    "link": "https://www.medytox.com/page/newsroom_en?site_id=en",
    "timestamp": "unknown"
  },
  {
    "title": "NewsNewsNoticeAdvertisements",
    "link": "https://www.medytox.com/page/newsroom_en?site_id=en",
    "timestamp": "unknown"
  },
  {
    "title": "News",
    "link": "https://www.medytox.com/page/press_en?site_id=en",
    "timestamp": "unknown"
  },
  {
    "title": "Notice",
    "link": "https://www.medytox.com/page/notice_en?site_id=en",
    "timestamp": "unknown"
  },
  {
    "title": "Advertisements",
    "link": "https://www.medytox.com/page/media_en?site_id=en",
    "timestamp": "unknown"
  },
  {
    "title": "Medytox\u00e2\u0080\u0099s standing in the thai market for \u00e2\u0080\u0098botulinum toxin and fillers\u00e2\u0080\u0099?Medytox reshuffles its strategy\u00e2\u0080\u00a6Betting on \u00e2\u0080\u0098Liquid-type botulinum to",
    "link": "https://www.medytox.com/page/press_en=#postBoard-press_en-postSeq-",
    "timestamp": "unknown"
  },
  {
    "title": "Medytox\u00e2\u0080\u0099s standing in the thai market for \u00e2\u0080\u0098botulinum toxin and fillers\u00e2\u0080\u0099?Medytox reshuffles its strategy\u00e2\u0080\u00a6Betting on \u00e2\u0080\u0098Liquid-type botulinum to",
    "link": "https://www.medytox.com/page/press_en=#postBoard-press_en-postSeq-",
    "timestamp": "unknown"
  },
  {
    "title": "Medytox\u00e2\u0080\u0099s standing in the thai market for \u00e2\u0080\u0098botulinum toxin and fillers\u00e2\u0080\u0099?Medytox reshuffles its strategy\u00e2\u0080\u00a6Betting on \u00e2\u0080\u0098Liquid-type botulinum to",
    "link": "https://www.medytox.com/page/press_en=#postBoard-press_en-postSeq-",
    "timestamp": "unknown"
  },
  {
    "title": "Medytox\u00e2\u0080\u0099s standing in the thai market for \u00e2\u0080\u0098botulinum toxin and fillers\u00e2\u0080\u0099?Medytox reshuffles its strategy\u00e2\u0080\u00a6Betting on \u00e2\u0080\u0098Liquid-type botulinum to",
    "link": "https://www.medytox.com/page/press_en=#postBoard-press_en-postSeq-",
    "timestamp": "unknown"
  },
  {
    "title": "Medytox\u00e2\u0080\u0099s standing in the thai market for \u00e2\u0080\u0098botulinum toxin and fillers\u00e2\u0080\u0099?",
    "link": "https://www.medytox.com/page/press_en=#postBoard-press_en-postSeq-",
    "timestamp": "unknown"
  },
  {
    "title": "Medytox reshuffles its strategy\u00e2\u0080\u00a6Betting on \u00e2\u0080\u0098Liquid-type botulinum toxin\u00e2\u0080\u0099",
    "link": "https://www.medytox.com/page/press_en=#postBoard-press_en-postSeq-",
    "timestamp": "unknown"
  },
  {
    "title": "Medytox\u00e2\u0080\u0099s standing in the thai market for \u00e2\u0080\u0098botulinum toxin and fillers\u00e2\u0080\u0099?[Source: This article is provided by WikiLeaks Korea(December , ).]Click",
    "link": "javascript:onNewsList('#postBoard-press_en-postSeq-')",
    "timestamp": "unknown"
  },
  {
    "title": "Medytox\u00e2\u0080\u0099s standing in the thai market for \u00e2\u0080\u0098botulinum toxin and fillers\u00e2\u0080\u0099?[Source: This article is provided by WikiLeaks Korea(December , ).]Click",
    "link": "javascript:onNewsList('#postBoard-press_en-postSeq-')",
    "timestamp": "unknown"
  },
  {
    "title": "Medytox reshuffles its strategy\u00e2\u0080\u00a6Betting on \u00e2\u0080\u0098Liquid-type botulinum toxin\u00e2\u0080\u0099[Source: This article is provided by Maeil Business Newspaper(December ,",
    "link": "javascript:onNewsList('#postBoard-press_en-postSeq-')",
    "timestamp": "unknown"
  },
  {
    "title": "\u00eb\u00b9\u0084\u00eb\u00b0\u0080\u00eb\u00b2\u0088\u00ed\u0098\u00b8 \u00ec\u009e\u0085\u00eb\u00a0\u00a5\u00eb\u00b9\u0084\u00eb\u00b0\u0080\u00eb\u00b2\u0088\u00ed\u0098\u00b8\u00eb\u00a5\u00bc \u00ec\u009e\u0085\u00eb\u00a0\u00a5\u00ed\u0095\u00b4 \u00ec\u00a3\u00bc\u00ec\u0084\u00b8\u00ec\u009a\u0094.\u00ea\u00b2\u008c\u00ec\u008b\u009c\u00eb\u00ac\u00bcNOTITLEDATE{{display_no :: -|~ ?Notice|}}{{display_no}}{{display_title}}[{{comment_cnt",
    "link": "https://www.medytox.com/page/press_en?site_id=en",
    "timestamp": "unknown"
  },
  {
    "title": "\u00eb\u00b9\u0084\u00eb\u00b0\u0080\u00eb\u00b2\u0088\u00ed\u0098\u00b8 \u00ec\u009e\u0085\u00eb\u00a0\u00a5\u00eb\u00b9\u0084\u00eb\u00b0\u0080\u00eb\u00b2\u0088\u00ed\u0098\u00b8\u00eb\u00a5\u00bc \u00ec\u009e\u0085\u00eb\u00a0\u00a5\u00ed\u0095\u00b4 \u00ec\u00a3\u00bc\u00ec\u0084\u00b8\u00ec\u009a\u0094.\u00ea\u00b2\u008c\u00ec\u008b\u009c\u00eb\u00ac\u00bcNOTITLEDATE{{display_no :: -|~ ?Notice|}}{{display_no}}{{display_title}}[{{comment_cnt",
    "link": "https://www.medytox.com/page/press_en?site_id=en",
    "timestamp": "unknown"
  },
  {
    "title": "\u00eb\u00b9\u0084\u00eb\u00b0\u0080\u00eb\u00b2\u0088\u00ed\u0098\u00b8 \u00ec\u009e\u0085\u00eb\u00a0\u00a5\u00eb\u00b9\u0084\u00eb\u00b0\u0080\u00eb\u00b2\u0088\u00ed\u0098\u00b8\u00eb\u00a5\u00bc \u00ec\u009e\u0085\u00eb\u00a0\u00a5\u00ed\u0095\u00b4 \u00ec\u00a3\u00bc\u00ec\u0084\u00b8\u00ec\u009a\u0094.\u00ea\u00b2\u008c\u00ec\u008b\u009c\u00eb\u00ac\u00bcNOTITLEDATE{{display_no :: -|~ ?Notice|}}{{display_no}}{{display_title}}[{{comment_cnt",
    "link": "https://www.medytox.com/page/press_en?site_id=en",
    "timestamp": "unknown"
  },
  {
    "title": "\u00ea\u00b2\u008c\u00ec\u008b\u009c\u00eb\u00ac\u00bc \u00ec\u0083\u0081\u00ec\u0084\u00b8view{{title}}{{reg_date}}{{content}}\u00ec\u00b2\u00a8\u00eb\u00b6\u0080\u00ed\u008c\u008c\u00ec\u009d\u00bc\u00ec\u008d\u00b8\u00eb\u0084\u00a4\u00ec\u009d\u00bcview",
    "link": "https://www.medytox.com/page/press_en?site_id=en",
    "timestamp": "unknown"
  },
  {
    "title": "\u00ea\u00b2\u008c\u00ec\u008b\u009c\u00eb\u00ac\u00bc \u00ec\u0083\u0081\u00ec\u0084\u00b8view{{title}}{{reg_date}}{{content}}\u00ec\u00b2\u00a8\u00eb\u00b6\u0080\u00ed\u008c\u008c\u00ec\u009d\u00bc\u00ec\u008d\u00b8\u00eb\u0084\u00a4\u00ec\u009d\u00bcview",
    "link": "https://www.medytox.com/page/press_en?site_id=en",
    "timestamp": "unknown"
  },
  {
    "title": "\u00ea\u00b2\u008c\u00ec\u008b\u009c\u00eb\u00ac\u00bc \u00ec\u0083\u0081\u00ec\u0084\u00b8view{{title}}{{reg_date}}{{content}}\u00ec\u00b2\u00a8\u00eb\u00b6\u0080\u00ed\u008c\u008c\u00ec\u009d\u00bc\u00ec\u008d\u00b8\u00eb\u0084\u00a4\u00ec\u009d\u00bcview",
    "link": "https://www.medytox.com/page/press_en?site_id=en",
    "timestamp": "unknown"
  },
  {
    "title": "view{{title}}{{reg_date}}{{content}}\u00ec\u00b2\u00a8\u00eb\u00b6\u0080\u00ed\u008c\u008c\u00ec\u009d\u00bc\u00ec\u008d\u00b8\u00eb\u0084\u00a4\u00ec\u009d\u00bcview",
    "link": "https://www.medytox.com/page/press_en?site_id=en",
    "timestamp": "unknown"
  },
  {
    "title": "view{{title}}{{reg_date}}{{content}}\u00ec\u00b2\u00a8\u00eb\u00b6\u0080\u00ed\u008c\u008c\u00ec\u009d\u00bc\u00ec\u008d\u00b8\u00eb\u0084\u00a4\u00ec\u009d\u00bcview",
    "link": "https://www.medytox.com/page/press_en?site_id=en",
    "timestamp": "unknown"
  },
  {
    "title": "\u00ec\u00b2\u00a8\u00eb\u00b6\u0080\u00ed\u008c\u008c\u00ec\u009d\u00bc",
    "link": "https://www.medytox.com/page/press_en?site_id=en",
    "timestamp": "unknown"
  },
  {
    "title": "\u00ec\u008d\u00b8\u00eb\u0084\u00a4\u00ec\u009d\u00bc",
    "link": "https://www.medytox.com/page/press_en?site_id=en",
    "timestamp": "unknown"
  },
  {
    "title": "About MedytoxProductR&DGlobal NetworkInvestmentNewsInquiryPrivacy PolicyRecruitmentInquirydirectionssitemapInternational: ---Domestic: --(Weekdays: 9a",
    "link": "https://www.medytox.com/?site_id=en",
    "timestamp": "unknown"
  },
  {
    "title": "About MedytoxProductR&DGlobal NetworkInvestmentNewsInquiryPrivacy PolicyRecruitmentInquirydirectionssitemapInternational: ---Domestic: --(Weekdays: 9a",
    "link": "https://www.medytox.com/?site_id=en",
    "timestamp": "unknown"
  },
  {
    "title": "About MedytoxProductR&DGlobal NetworkInvestmentNewsInquiryPrivacy PolicyRecruitmentInquirydirectionssitemapInternational: ---Domestic: --(Weekdays: 9a",
    "link": "https://www.medytox.com/?site_id=en",
    "timestamp": "unknown"
  },
  {
    "title": "About MedytoxProductR&DGlobal NetworkInvestmentNewsInquiryPrivacy PolicyRecruitmentInquirydirectionssitemapInternational: ---Domestic: --(Weekdays: 9a",
    "link": "https://www.medytox.com/?site_id=en",
    "timestamp": "unknown"
  },
  {
    "title": "About MedytoxProductR&DGlobal NetworkInvestmentNewsInquiryPrivacy PolicyRecruitmentInquirydirectionssitemapInternational: ---Domestic: --(Weekdays: 9a",
    "link": "https://www.medytox.com/page/company_en?site_id=en",
    "timestamp": "unknown"
  },
  {
    "title": "About MedytoxProductR&DGlobal NetworkInvestmentNewsInquiryPrivacy PolicyRecruitmentInquirydirectionssitemap",
    "link": "https://www.medytox.com/page/company_en?site_id=en",
    "timestamp": "unknown"
  },
  {
    "title": "About Medytox",
    "link": "https://www.medytox.com/page/company_en?site_id=en",
    "timestamp": "unknown"
  },
  {
    "title": "Product",
    "link": "https://www.medytox.com/page/meditoxin_en?site_id=en",
    "timestamp": "unknown"
  },
  {
    "title": "R&D",
    "link": "https://www.medytox.com/page/rndvision_en?site_id=en",
    "timestamp": "unknown"
  },
  {
    "title": "Global Network",
    "link": "https://www.medytox.com/page/globalnetwork_en?site_id=en",
    "timestamp": "unknown"
  },
  {
    "title": "Investment",
    "link": "https://www.medytox.com/page/ir2_en?site_id=en",
    "timestamp": "unknown"
  },
  {
    "title": "News",
    "link": "https://www.medytox.com/page/newsroom_en?site_id=en",
    "timestamp": "unknown"
  },
  {
    "title": "Inquiry",
    "link": "https://www.medytox.com/page/contactus1_en?site_id=en",
    "timestamp": "unknown"
  },
  {
    "title": "Privacy Policy",
    "link": "https://www.medytox.com/page/privacy_en?site_id=en",
    "timestamp": "unknown"
  },
  {
    "title": "Recruitment",
    "link": "https://medytox.recruiter.co.kr?site_id=en",
    "timestamp": "unknown"
  },
  {
    "title": "Inquiry",
    "link": "https://www.medytox.com/page/40_en?site_id=en",
    "timestamp": "unknown"
  },
  {
    "title": "directions",
    "link": "https://www.medytox.com/page/directions_en?site_id=en",
    "timestamp": "unknown"
  },
  {
    "title": "sitemap",
    "link": "https://www.medytox.com/page/sitemap_en12?site_id=en",
    "timestamp": "unknown"
  },
  {
    "title": "Family SitePotenfillNeuradermKhan's MorningMedytoxAcademyMedytoxBusinessCenterMedytox Venture InvestmentLiveomenumeco",
    "link": "https://blog.naver.com/medytox_official",
    "timestamp": "unknown"
  }
]