[
  {
    "title": "CountryAll countriesGlobal Website (www.merz.com)AustraliaAustriaBelgi\u00eb (Belgium)BrazilCanadaColombiaDeutschland (Germany)FranceGreater China - Hong K",
    "link": "https://merzaesthetics.com/contact/",
    "timestamp": "unknown"
  },
  {
    "title": "Contact UsCountry Selection",
    "link": "https://merzaesthetics.com/contact/",
    "timestamp": "unknown"
  },
  {
    "title": "Contact UsCountry Selection",
    "link": "https://merzaesthetics.com/contact/",
    "timestamp": "unknown"
  },
  {
    "title": "Contact Us",
    "link": "https://merzaesthetics.com/contact/",
    "timestamp": "unknown"
  },
  {
    "title": "Country Selection",
    "link": "https://merzaesthetics.com/news/",
    "timestamp": "unknown"
  },
  {
    "title": "HomeAboutAboutOur PurposePillars of ConfidenceHistoryInnovationLocationsLeadershipGrants and GivingComplianceDiversity &#; InclusionProductsLearningCa",
    "link": "https://merzaesthetics.com",
    "timestamp": "unknown"
  },
  {
    "title": "HomeAboutAboutOur PurposePillars of ConfidenceHistoryInnovationLocationsLeadershipGrants and GivingComplianceDiversity &#; InclusionProductsLearningCa",
    "link": "https://merzaesthetics.com/",
    "timestamp": "unknown"
  },
  {
    "title": "Home",
    "link": "https://merzaesthetics.com/",
    "timestamp": "unknown"
  },
  {
    "title": "AboutAboutOur PurposePillars of ConfidenceHistoryInnovationLocationsLeadershipGrants and GivingComplianceDiversity &#; Inclusion",
    "link": "https://merzaesthetics.com/about-merz/",
    "timestamp": "unknown"
  },
  {
    "title": "About",
    "link": "https://merzaesthetics.com/about-merz/",
    "timestamp": "unknown"
  },
  {
    "title": "Our Purpose",
    "link": "https://merzaesthetics.com/vision-and-values/",
    "timestamp": "unknown"
  },
  {
    "title": "Pillars of Confidence",
    "link": "https://merzaesthetics.com/confidence/",
    "timestamp": "unknown"
  },
  {
    "title": "History",
    "link": "https://merzaesthetics.com/history/",
    "timestamp": "unknown"
  },
  {
    "title": "Innovation",
    "link": "https://merzaesthetics.com/innovation/",
    "timestamp": "unknown"
  },
  {
    "title": "Locations",
    "link": "https://merzaesthetics.com/locations/",
    "timestamp": "unknown"
  },
  {
    "title": "Leadership",
    "link": "https://merzaesthetics.com/leadership/",
    "timestamp": "unknown"
  },
  {
    "title": "Grants and Giving",
    "link": "https://merzaesthetics.com/grants-and-giving/",
    "timestamp": "unknown"
  },
  {
    "title": "Compliance",
    "link": "https://merzaesthetics.com/corporate-compliance/",
    "timestamp": "unknown"
  },
  {
    "title": "Diversity &#; Inclusion",
    "link": "https://merzaesthetics.com/diversity-inclusion/",
    "timestamp": "unknown"
  },
  {
    "title": "Products",
    "link": "https://merzaesthetics.com/products/",
    "timestamp": "unknown"
  },
  {
    "title": "Learning",
    "link": "https://merzaesthetics.com/learning/",
    "timestamp": "unknown"
  },
  {
    "title": "Careers",
    "link": "https://careers.merzaesthetics.com/",
    "timestamp": "unknown"
  },
  {
    "title": "NewsNewsMedia Contact",
    "link": "https://merzaesthetics.com/news/",
    "timestamp": "unknown"
  },
  {
    "title": "News",
    "link": "https://merzaesthetics.com/news/",
    "timestamp": "unknown"
  },
  {
    "title": "Media Contact",
    "link": "https://merzaesthetics.com/media-contact/",
    "timestamp": "unknown"
  },
  {
    "title": "Partnerships",
    "link": "https://merzaesthetics.com/partnerships/",
    "timestamp": "unknown"
  },
  {
    "title": "Contact Us",
    "link": "https://merzaesthetics.com/contact/",
    "timestamp": "unknown"
  },
  {
    "title": "Country Selection",
    "link": "https://merzaesthetics.com/news/",
    "timestamp": "unknown"
  },
  {
    "title": "January ,  RALEIGH, NCMerz Aesthetics Achieves Global Top Employer Certification Among  Elite Companies WorldwideDecember ,  RALEIGH, NCMerz Aesthetic",
    "link": "https://merzaesthetics.com/news/merz-aesthetics-global-top-employer-certification-worldwide/",
    "timestamp": "unknown"
  },
  {
    "title": "January ,  RALEIGH, NCMerz Aesthetics Achieves Global Top Employer Certification Among  Elite Companies WorldwideDecember ,  RALEIGH, NCMerz Aesthetic",
    "link": "https://merzaesthetics.com/news/merz-aesthetics-global-top-employer-certification-worldwide/",
    "timestamp": "unknown"
  },
  {
    "title": "January ,  RALEIGH, NCMerz Aesthetics Achieves Global Top Employer Certification Among  Elite Companies WorldwideDecember ,  RALEIGH, NCMerz Aesthetic",
    "link": "https://merzaesthetics.com/news/merz-aesthetics-global-top-employer-certification-worldwide/",
    "timestamp": "unknown"
  },
  {
    "title": "January ,  RALEIGH, NCMerz Aesthetics Achieves Global Top Employer Certification Among  Elite Companies WorldwideDecember ,  RALEIGH, NCMerz Aesthetic",
    "link": "https://merzaesthetics.com/news/merz-aesthetics-global-top-employer-certification-worldwide/",
    "timestamp": "unknown"
  },
  {
    "title": "January ,  RALEIGH, NCMerz Aesthetics Achieves Global Top Employer Certification Among  Elite Companies WorldwideDecember ,  RALEIGH, NCMerz Aesthetic",
    "link": "https://merzaesthetics.com/news/merz-aesthetics-global-top-employer-certification-worldwide/",
    "timestamp": "unknown"
  },
  {
    "title": "January ,  RALEIGH, NCMerz Aesthetics Achieves Global Top Employer Certification Among  Elite Companies WorldwideDecember ,  RALEIGH, NCMerz Aesthetic",
    "link": "https://merzaesthetics.com/news/merz-aesthetics-global-top-employer-certification-worldwide/",
    "timestamp": "unknown"
  },
  {
    "title": "January ,  RALEIGH, NCMerz Aesthetics Achieves Global Top Employer Certification Among  Elite Companies WorldwideDecember ,  RALEIGH, NCMerz Aesthetic",
    "link": "https://merzaesthetics.com/news/merz-aesthetics-global-top-employer-certification-worldwide/",
    "timestamp": "unknown"
  },
  {
    "title": "January ,  RALEIGH, NCMerz Aesthetics Achieves Global Top Employer Certification Among  Elite Companies WorldwideDecember ,  RALEIGH, NCMerz Aesthetic",
    "link": "https://merzaesthetics.com/news/merz-aesthetics-global-top-employer-certification-worldwide/",
    "timestamp": "unknown"
  },
  {
    "title": "January ,  RALEIGH, NCMerz Aesthetics Achieves Global Top Employer Certification Among  Elite Companies WorldwideDecember ,  RALEIGH, NCMerz Aesthetic",
    "link": "https://merzaesthetics.com/news/merz-aesthetics-global-top-employer-certification-worldwide/",
    "timestamp": "unknown"
  },
  {
    "title": "January ,  RALEIGH, NCMerz Aesthetics Achieves Global Top Employer Certification Among  Elite Companies WorldwideDecember ,  RALEIGH, NCMerz Aesthetic",
    "link": "https://merzaesthetics.com/news/merz-aesthetics-global-top-employer-certification-worldwide/",
    "timestamp": "unknown"
  },
  {
    "title": "January ,  RALEIGH, NCMerz Aesthetics Achieves Global Top Employer Certification Among  Elite Companies WorldwideDecember ,  RALEIGH, NCMerz Aesthetic",
    "link": "https://merzaesthetics.com/news/merz-aesthetics-global-top-employer-certification-worldwide/",
    "timestamp": "unknown"
  },
  {
    "title": "View MoreImportant Information. Please scroll for XEOMIN\u00ae (incobotulinumtoxinA) Important Safety Information including Boxed Warning, full Prescribing",
    "link": "https://merzaesthetics.com/news/",
    "timestamp": "unknown"
  },
  {
    "title": "View MoreImportant Information. Please scroll for XEOMIN\u00ae (incobotulinumtoxinA) Important Safety Information including Boxed Warning, full Prescribing",
    "link": "https://merzaesthetics.com/news/",
    "timestamp": "unknown"
  },
  {
    "title": "View More",
    "link": "https://merzaesthetics.com/news/",
    "timestamp": "unknown"
  },
  {
    "title": "Copyright \u00a9  Merz North America, Inc.All rights reserved.The product information provided in this website is intended for US residents only.Terms and ",
    "link": "https://www.linkedin.com/company/merz-aesthetics-inc./",
    "timestamp": "unknown"
  },
  {
    "title": "Terms and Conditions \u2013 CustomerTerms and Conditions \u2014 VendorsPrivacy PolicySafety Data SheetsTerms of UsePatents",
    "link": "https://merzaesthetics.com/customer-terms-and-conditions/",
    "timestamp": "unknown"
  },
  {
    "title": "Terms and Conditions \u2013 Customer",
    "link": "https://merzaesthetics.com/customer-terms-and-conditions/",
    "timestamp": "unknown"
  },
  {
    "title": "Terms and Conditions \u2014 Vendors",
    "link": "https://merzaesthetics.com/terms-and-conditions-vendors/",
    "timestamp": "unknown"
  },
  {
    "title": "Privacy Policy",
    "link": "https://merzaesthetics.com/privacy-policy/",
    "timestamp": "unknown"
  },
  {
    "title": "Safety Data Sheets",
    "link": "https://merzaesthetics.com/safety-data-sheets/",
    "timestamp": "unknown"
  },
  {
    "title": "Terms of Use",
    "link": "https://merzaesthetics.com/terms-of-use/",
    "timestamp": "unknown"
  },
  {
    "title": "Patents",
    "link": "https://merzaesthetics.com/patents/",
    "timestamp": "unknown"
  }
]