[
  {
    "title": "Our BrandsAlmaLMNTCopullaInjectablesAbout usOur StoryManagement TeamNews &#; Press ReleaseNews &#; Press ReleaseSocial MediaInvestor RelationsContact ",
    "link": "https://sisram-medical.com",
    "timestamp": "unknown"
  },
  {
    "title": "Our BrandsAlmaLMNTCopullaInjectablesAbout usOur StoryManagement TeamNews &#; Press ReleaseNews &#; Press ReleaseSocial MediaInvestor RelationsContact ",
    "link": "https://sisram-medical.com",
    "timestamp": "unknown"
  },
  {
    "title": "Our BrandsAlmaLMNTCopullaInjectablesAbout usOur StoryManagement TeamNews &#; Press ReleaseNews &#; Press ReleaseSocial MediaInvestor RelationsContact ",
    "link": "https://sisram-medical.com/investor_relations/news-and-press-release/",
    "timestamp": "unknown"
  },
  {
    "title": "Our BrandsAlmaLMNTCopullaInjectablesAbout usOur StoryManagement TeamNews &#; Press ReleaseNews &#; Press ReleaseSocial MediaInvestor RelationsContact ",
    "link": "https://sisram-medical.com/investor_relations/news-and-press-release/",
    "timestamp": "unknown"
  },
  {
    "title": "Our BrandsAlmaLMNTCopullaInjectablesAbout usOur StoryManagement TeamNews &#; Press ReleaseNews &#; Press ReleaseSocial MediaInvestor RelationsContact ",
    "link": "https://sisram-medical.com/investor_relations/news-and-press-release/",
    "timestamp": "unknown"
  },
  {
    "title": "Our BrandsAlmaLMNTCopullaInjectables",
    "link": "https://sisram-medical.com/investor_relations/news-and-press-release/",
    "timestamp": "unknown"
  },
  {
    "title": "Alma",
    "link": "https://sisram-medical.com/alma/",
    "timestamp": "unknown"
  },
  {
    "title": "LMNT",
    "link": "https://sisram-medical.com/lmnt/",
    "timestamp": "unknown"
  },
  {
    "title": "Copulla",
    "link": "https://sisram-medical.com/copulla/",
    "timestamp": "unknown"
  },
  {
    "title": "Injectables",
    "link": "https://sisram-medical.com/injectables/",
    "timestamp": "unknown"
  },
  {
    "title": "About usOur StoryManagement Team",
    "link": "https://sisram-medical.com/investor_relations/news-and-press-release/",
    "timestamp": "unknown"
  },
  {
    "title": "Our Story",
    "link": "https://sisram-medical.com/our-story/",
    "timestamp": "unknown"
  },
  {
    "title": "Management Team",
    "link": "https://sisram-medical.com/management-team/",
    "timestamp": "unknown"
  },
  {
    "title": "News &#; Press ReleaseNews &#; Press ReleaseSocial Media",
    "link": "https://sisram-medical.com/investor_relations/news-and-press-release/",
    "timestamp": "unknown"
  },
  {
    "title": "News &#; Press Release",
    "link": "https://sisram-medical.com/investor_relations/news-and-press-release/",
    "timestamp": "unknown"
  },
  {
    "title": "Social Media",
    "link": "https://sisram-medical.com/investor_relations/social-media/",
    "timestamp": "unknown"
  },
  {
    "title": "Investor Relations",
    "link": "https://sisram-medical.com/investor_relations/",
    "timestamp": "unknown"
  },
  {
    "title": "Contact us",
    "link": "https://sisram-medical.com/cdn-cgi/l/email-protection#be510501d7d0d8d1fecdd7cdccdfd393d3dbdad7dddfd290ddd1d3",
    "timestamp": "unknown"
  },
  {
    "title": "English\u7b80\u4f53\u4e2d\u6587\u7e41\u9ad4\u4e2d\u6587",
    "link": "https://sisram-medical.com/investor_relations/news-and-press-release/",
    "timestamp": "unknown"
  },
  {
    "title": "English\u7b80\u4f53\u4e2d\u6587\u7e41\u9ad4\u4e2d\u6587",
    "link": "https://sisram-medical.com/investor_relations/news-and-press-release/",
    "timestamp": "unknown"
  },
  {
    "title": "English\u7b80\u4f53\u4e2d\u6587\u7e41\u9ad4\u4e2d\u6587",
    "link": "https://sisram-medical.com/investor_relations/news-and-press-release/",
    "timestamp": "unknown"
  },
  {
    "title": "\u7b80\u4f53\u4e2d\u6587",
    "link": "https://sisram-medical.com/zh-hans/%e6%8a%%e8%b5%%e8%%%e5%%b3%e7%b3%bb/%e6%%b0%e9%%bb%e5%8f%8a%e6%%b0%e9%%bb%e7%a8%bf/",
    "timestamp": "unknown"
  },
  {
    "title": "\u7e41\u9ad4\u4e2d\u6587",
    "link": "https://sisram-medical.com/zh-hant/%e6%8a%%e8%b3%%e8%%%e9%%9c%e4%bf%/%e5%%ac%e5%8f%b8%e6%%b0%e8%%9e/",
    "timestamp": "unknown"
  },
  {
    "title": "Home>Investors>\u00a0\u00a0News &#; Press ReleaseInvestorsNews &#; Press ReleaseOverviewBoard of DirectorsCorporate InformationCorporate VideosHKEx FilingsFinan",
    "link": "https://sisram-medical.com",
    "timestamp": "unknown"
  },
  {
    "title": "Home>Investors>\u00a0\u00a0News &#; Press ReleaseInvestors",
    "link": "https://sisram-medical.com",
    "timestamp": "unknown"
  },
  {
    "title": "Home>Investors>\u00a0\u00a0News &#; Press Release",
    "link": "https://sisram-medical.com",
    "timestamp": "unknown"
  },
  {
    "title": "Home>Investors>\u00a0\u00a0News &#; Press Release",
    "link": "https://sisram-medical.com",
    "timestamp": "unknown"
  },
  {
    "title": "News &#; Press ReleaseOverviewBoard of DirectorsCorporate InformationCorporate VideosHKEx FilingsFinancial ReportsAnalyst CoverageStock InformationCor",
    "link": "https://sisram-medical.com/investor_relations/news-and-press-release/",
    "timestamp": "unknown"
  },
  {
    "title": "News &#; Press ReleaseOverviewBoard of DirectorsCorporate InformationCorporate VideosHKEx FilingsFinancial ReportsAnalyst CoverageStock InformationCor",
    "link": "https://sisram-medical.com/investor_relations/news-and-press-release/",
    "timestamp": "unknown"
  },
  {
    "title": "News &#; Press ReleaseOverviewBoard of DirectorsCorporate InformationCorporate VideosHKEx FilingsFinancial ReportsAnalyst CoverageStock InformationCor",
    "link": "https://sisram-medical.com/investor_relations/news-and-press-release/",
    "timestamp": "unknown"
  },
  {
    "title": "OverviewBoard of DirectorsCorporate InformationCorporate VideosHKEx FilingsFinancial ReportsAnalyst CoverageStock InformationCorporate GovernanceIR Ev",
    "link": "https://sisram-medical.com/investor_relations/news-and-press-release/",
    "timestamp": "unknown"
  },
  {
    "title": "OverviewBoard of DirectorsCorporate InformationCorporate Videos",
    "link": "https://sisram-medical.com/investor_relations/news-and-press-release/",
    "timestamp": "unknown"
  },
  {
    "title": "Board of Directors",
    "link": "https://sisram-medical.com/investor_relations/board-of-directors/",
    "timestamp": "unknown"
  },
  {
    "title": "Corporate Information",
    "link": "https://sisram-medical.com/investor_relations/corporate-information/",
    "timestamp": "unknown"
  },
  {
    "title": "Corporate Videos",
    "link": "https://sisram-medical.com/investor_relations/corporate-videos/",
    "timestamp": "unknown"
  },
  {
    "title": "HKEx Filings",
    "link": "https://sisram-medical.com/investor_relations/hkex-filings/",
    "timestamp": "unknown"
  },
  {
    "title": "Financial Reports",
    "link": "https://sisram-medical.com/investor_relations/financial-reports/",
    "timestamp": "unknown"
  },
  {
    "title": "Analyst Coverage",
    "link": "https://sisram-medical.com/investor_relations/analysts-coverage/",
    "timestamp": "unknown"
  },
  {
    "title": "Stock Information",
    "link": "https://sisram-medical.com/investor_relations/stock-information/",
    "timestamp": "unknown"
  },
  {
    "title": "Corporate Governance",
    "link": "https://sisram-medical.com/investor_relations/corporate-governance/",
    "timestamp": "unknown"
  },
  {
    "title": "IR Events &#; Presentations",
    "link": "https://sisram-medical.com/investor_relations/events-presentations/",
    "timestamp": "unknown"
  },
  {
    "title": "Dissemination of Corporate Communications by Electronic Means",
    "link": "https://sisram-medical.com/investor_relations/dissemination-of-corporate-communications-by-electronic-means/",
    "timestamp": "unknown"
  },
  {
    "title": "IR Contact",
    "link": "https://sisram-medical.com/investor_relations/ir-contact/",
    "timestamp": "unknown"
  },
  {
    "title": "News &#; Press ReleaseAll Years..Sisram Medical Partners with Sinmait Medical Technology to Build Next-  Generation Manufacturing and Innovation Hub i",
    "link": "https://sisram-medical.com/wp-content/uploads///\u3010English-Version\u3011Sisram-Medical-and-Sinmait-Sign-MOU.pdf",
    "timestamp": "unknown"
  },
  {
    "title": "News &#; Press ReleaseAll Years..Sisram Medical Partners with Sinmait Medical Technology to Build Next-  Generation Manufacturing and Innovation Hub i",
    "link": "https://sisram-medical.com/wp-content/uploads///\u3010English-Version\u3011Sisram-Medical-and-Sinmait-Sign-MOU.pdf",
    "timestamp": "unknown"
  },
  {
    "title": "News &#; Press ReleaseAll Years..Sisram Medical Partners with Sinmait Medical Technology to Build Next-  Generation Manufacturing and Innovation Hub i",
    "link": "https://sisram-medical.com/wp-content/uploads///\u3010English-Version\u3011Sisram-Medical-and-Sinmait-Sign-MOU.pdf",
    "timestamp": "unknown"
  },
  {
    "title": "..Sisram Medical Partners with Sinmait Medical Technology to Build Next-  Generation Manufacturing and Innovation Hub in China",
    "link": "https://sisram-medical.com/wp-content/uploads///\u3010English-Version\u3011Sisram-Medical-and-Sinmait-Sign-MOU.pdf",
    "timestamp": "unknown"
  },
  {
    "title": "..Sisram Medical Partners with Sinmait Medical Technology to Build Next-  Generation Manufacturing and Innovation Hub in China",
    "link": "https://sisram-medical.com/wp-content/uploads///\u3010English-Version\u3011Sisram-Medical-and-Sinmait-Sign-MOU.pdf",
    "timestamp": "unknown"
  },
  {
    "title": "..Sisram Medical Reports Completion of NIFDC Testing for DAXXIFY in China",
    "link": "https://sisram-medical.com/wp-content/uploads///\u3010English-Version\u3011-Sisram-Medical-Announces-DAXXIFY-Successful-NIFDC-Testing.pdf",
    "timestamp": "unknown"
  },
  {
    "title": "..Sisram Medical Reports Completion of NIFDC Testing for DAXXIFY in China",
    "link": "https://sisram-medical.com/wp-content/uploads///\u3010English-Version\u3011-Sisram-Medical-Announces-DAXXIFY-Successful-NIFDC-Testing.pdf",
    "timestamp": "unknown"
  },
  {
    "title": "..Sisram Medical Announces Leadership Transition",
    "link": "https://sisram-medical.com/wp-content/uploads///Management_Change_Press-Release_Sisram-F-.pdf.pdf",
    "timestamp": "unknown"
  },
  {
    "title": "..Sisram Medical Announces Leadership Transition",
    "link": "https://sisram-medical.com/wp-content/uploads///Management_Change_Press-Release_Sisram-F-.pdf.pdf",
    "timestamp": "unknown"
  },
  {
    "title": "..Sisram Medical Launches Universkin by Alma in Hong Kong Pioneering a New Era of AI-assisted Personalized Skincare",
    "link": "https://sisram-medical.com/wp-content/uploads///Sisram-Medical-Launches-Universkin-by-Alma-in-Hong-Kong-Pioneering-a-New-Era-of-AI-assisted-Personalized-Skincare.pdf",
    "timestamp": "unknown"
  },
  {
    "title": "..Sisram Medical Launches Universkin by Alma in Hong Kong Pioneering a New Era of AI-assisted Personalized Skincare",
    "link": "https://sisram-medical.com/wp-content/uploads///Sisram-Medical-Launches-Universkin-by-Alma-in-Hong-Kong-Pioneering-a-New-Era-of-AI-assisted-Personalized-Skincare.pdf",
    "timestamp": "unknown"
  },
  {
    "title": "..Sisram Medical Delivers Strong Third-Quarter  Performance with Robust Momentum Across Key Markets and Core Businesses",
    "link": "https://sisram-medical.com/wp-content/uploads///\u3010Press-Release\u30113Q25-Business-Update_English.pdf",
    "timestamp": "unknown"
  },
  {
    "title": "..Sisram Medical Delivers Strong Third-Quarter  Performance with Robust Momentum Across Key Markets and Core Businesses",
    "link": "https://sisram-medical.com/wp-content/uploads///\u3010Press-Release\u30113Q25-Business-Update_English.pdf",
    "timestamp": "unknown"
  },
  {
    "title": "..Alma, a Sisram Medical Company, Announces Strategic Collaboration with Celebrity Skin Expert Nurse Jamie to Expand Global Consumer Presence",
    "link": "https://sisram-medical.com/wp-content/uploads///Alma-x-NJ-Press-Release-...pdf",
    "timestamp": "unknown"
  },
  {
    "title": "..Alma, a Sisram Medical Company, Announces Strategic Collaboration with Celebrity Skin Expert Nurse Jamie to Expand Global Consumer Presence",
    "link": "https://sisram-medical.com/wp-content/uploads///Alma-x-NJ-Press-Release-...pdf",
    "timestamp": "unknown"
  },
  {
    "title": "..Sisram Medical Announces  Interim Results",
    "link": "https://sisram-medical.com/wp-content/uploads///\u3010PR-ENG\u3011Sisram-Medical-H1--financial-Results_final.pdf",
    "timestamp": "unknown"
  },
  {
    "title": "..Sisram Medical Announces  Interim Results",
    "link": "https://sisram-medical.com/wp-content/uploads///\u3010PR-ENG\u3011Sisram-Medical-H1--financial-Results_final.pdf",
    "timestamp": "unknown"
  },
  {
    "title": "..Sisram Medical Ltd. Will Hold H1  Financial Results Conference Call on August  at  a.m. ET.",
    "link": "https://sisram-medical.com/wp-content/uploads///Sisram-Medical-Ltd.-to-Hold-H1--Financial-Results-Conference-Call-on-August--at--a.m.-ET.-_cln.pdf",
    "timestamp": "unknown"
  },
  {
    "title": "..Sisram Medical Ltd. Will Hold H1  Financial Results Conference Call on August  at  a.m. ET.",
    "link": "https://sisram-medical.com/wp-content/uploads///Sisram-Medical-Ltd.-to-Hold-H1--Financial-Results-Conference-Call-on-August--at--a.m.-ET.-_cln.pdf",
    "timestamp": "unknown"
  },
  {
    "title": "..Sisram Medical Announces  Annual Results",
    "link": "https://sisram-medical.com/wp-content/uploads///\u3010Press-Release\u3011Sisram-Medical-Announces--Annual-Results-cln.pdf",
    "timestamp": "unknown"
  },
  {
    "title": "..Sisram Medical Announces  Annual Results",
    "link": "https://sisram-medical.com/wp-content/uploads///\u3010Press-Release\u3011Sisram-Medical-Announces--Annual-Results-cln.pdf",
    "timestamp": "unknown"
  },
  {
    "title": "..Sisram Medical Ltd. to Hold FY  Financial Results Conference Call on March  at  a.m. ET",
    "link": "https://sisram-medical.com/wp-content/uploads///.-Sisram-Medical-Ltd.-to-Hold-FY--Financial-Results-Conference-Call-on-March--at--a.m.-ET.-clean.pdf",
    "timestamp": "unknown"
  },
  {
    "title": "..Sisram Medical Ltd. to Hold FY  Financial Results Conference Call on March  at  a.m. ET",
    "link": "https://sisram-medical.com/wp-content/uploads///.-Sisram-Medical-Ltd.-to-Hold-FY--Financial-Results-Conference-Call-on-March--at--a.m.-ET.-clean.pdf",
    "timestamp": "unknown"
  },
  {
    "title": "Sisram Medical LtdOFEK  Building,  HaHarash \r\nStreet, Industrial Park- Caesarea, \r\n, Israel+--For more information, please contact us[email&#;protecte",
    "link": "tel:+--",
    "timestamp": "unknown"
  },
  {
    "title": "Sisram Medical LtdOFEK  Building,  HaHarash \r\nStreet, Industrial Park- Caesarea, \r\n, Israel+--For more information, please contact us[email&#;protecte",
    "link": "tel:+--",
    "timestamp": "unknown"
  },
  {
    "title": "Sisram Medical LtdOFEK  Building,  HaHarash \r\nStreet, Industrial Park- Caesarea, \r\n, Israel+--",
    "link": "tel:+--",
    "timestamp": "unknown"
  },
  {
    "title": "Sisram Medical LtdOFEK  Building,  HaHarash \r\nStreet, Industrial Park- Caesarea, \r\n, Israel+--",
    "link": "tel:+--",
    "timestamp": "unknown"
  },
  {
    "title": "For more information, please contact us[email&#;protected]Follow us:linkedinfutu",
    "link": "https://sisram-medical.com/cdn-cgi/l/email-protection#7d342f3d0e140e0f1c1050101819141e1c11531e1210",
    "timestamp": "unknown"
  },
  {
    "title": "Follow us:linkedinfutu",
    "link": "https://www.linkedin.com/company/sisram-medical/",
    "timestamp": "unknown"
  },
  {
    "title": "linkedinfutu",
    "link": "https://www.linkedin.com/company/sisram-medical/",
    "timestamp": "unknown"
  },
  {
    "title": "linkedin",
    "link": "https://www.linkedin.com/company/sisram-medical/",
    "timestamp": "unknown"
  },
  {
    "title": "futu",
    "link": "https://sisram-medical.com/investor_relations/news-and-press-release/",
    "timestamp": "unknown"
  },
  {
    "title": "MainOur Story\ufeffManagement TeamOur BrandsAlmaLMNTCopullaInjectablesInvestorsOverviewNews &#; Press ReleaseHKEx FilingsFinancial ReportsCorporate Governa",
    "link": "https://sisram-medical.com/",
    "timestamp": "unknown"
  },
  {
    "title": "MainOur Story\ufeffManagement TeamOur BrandsAlmaLMNTCopullaInjectablesInvestorsOverviewNews &#; Press ReleaseHKEx FilingsFinancial ReportsCorporate Governa",
    "link": "https://sisram-medical.com/our-story/",
    "timestamp": "unknown"
  },
  {
    "title": "MainOur Story\ufeffManagement Team",
    "link": "https://sisram-medical.com/our-story/",
    "timestamp": "unknown"
  },
  {
    "title": "Our Story\ufeffManagement Team",
    "link": "https://sisram-medical.com/our-story/",
    "timestamp": "unknown"
  },
  {
    "title": "Our Story",
    "link": "https://sisram-medical.com/our-story/",
    "timestamp": "unknown"
  },
  {
    "title": "\ufeffManagement Team",
    "link": "https://sisram-medical.com/management-team/",
    "timestamp": "unknown"
  },
  {
    "title": "Our BrandsAlmaLMNTCopullaInjectables",
    "link": "https://sisram-medical.com/alma/",
    "timestamp": "unknown"
  },
  {
    "title": "AlmaLMNTCopullaInjectables",
    "link": "https://sisram-medical.com/alma/",
    "timestamp": "unknown"
  },
  {
    "title": "Alma",
    "link": "https://sisram-medical.com/alma/",
    "timestamp": "unknown"
  },
  {
    "title": "LMNT",
    "link": "https://sisram-medical.com/lmnt/",
    "timestamp": "unknown"
  },
  {
    "title": "Copulla",
    "link": "https://sisram-medical.com/copulla/",
    "timestamp": "unknown"
  },
  {
    "title": "Injectables",
    "link": "https://sisram-medical.com/injectables/",
    "timestamp": "unknown"
  },
  {
    "title": "InvestorsOverviewNews &#; Press ReleaseHKEx FilingsFinancial ReportsCorporate GovernanceDissemination of Corporate Communications by Electronic MeansI",
    "link": "https://sisram-medical.com/investor_relations/",
    "timestamp": "unknown"
  },
  {
    "title": "OverviewNews &#; Press ReleaseHKEx FilingsFinancial ReportsCorporate GovernanceDissemination of Corporate Communications by Electronic MeansIR Contact",
    "link": "https://sisram-medical.com/investor_relations/",
    "timestamp": "unknown"
  },
  {
    "title": "Overview",
    "link": "https://sisram-medical.com/investor_relations/",
    "timestamp": "unknown"
  },
  {
    "title": "News &#; Press Release",
    "link": "https://sisram-medical.com/investor_relations/news-and-press-release/",
    "timestamp": "unknown"
  },
  {
    "title": "HKEx Filings",
    "link": "https://sisram-medical.com/investor_relations/hkex-filings/",
    "timestamp": "unknown"
  },
  {
    "title": "Financial Reports",
    "link": "https://sisram-medical.com/investor_relations/financial-reports/",
    "timestamp": "unknown"
  },
  {
    "title": "Corporate Governance",
    "link": "https://sisram-medical.com/investor_relations/corporate-governance/",
    "timestamp": "unknown"
  },
  {
    "title": "Dissemination of Corporate Communications by Electronic Means",
    "link": "https://sisram-medical.com/investor_relations/dissemination-of-corporate-communications-by-electronic-means/",
    "timestamp": "unknown"
  },
  {
    "title": "IR Contact",
    "link": "https://sisram-medical.com/investor_relations/ir-contact/",
    "timestamp": "unknown"
  },
  {
    "title": "Sisram Medical  Interim ResultsAug ,",
    "link": "https://sisram-medical.com/wp-content/uploads///SisramIRPPT_H12025ENG_Final_compressed-compressed.pdf",
    "timestamp": "unknown"
  },
  {
    "title": "Sisram Medical  Interim ResultsAug ,",
    "link": "https://sisram-medical.com/wp-content/uploads///SisramIRPPT_H12025ENG_Final_compressed-compressed.pdf",
    "timestamp": "unknown"
  },
  {
    "title": "Sisram Medical  Interim ResultsAug ,",
    "link": "https://sisram-medical.com/wp-content/uploads///SisramIRPPT_H12025ENG_Final_compressed-compressed.pdf",
    "timestamp": "unknown"
  },
  {
    "title": "Sisram Medical  Interim ResultsAug ,",
    "link": "https://sisram-medical.com/wp-content/uploads///SisramIRPPT_H12025ENG_Final_compressed-compressed.pdf",
    "timestamp": "unknown"
  },
  {
    "title": "Sisram Medical  Interim Results",
    "link": "https://sisram-medical.com/wp-content/uploads///SisramIRPPT_H12025ENG_Final_compressed-compressed.pdf",
    "timestamp": "unknown"
  },
  {
    "title": "Terms of UsePrivacy Policy\u00a9  Sisram Medical Ltd",
    "link": "https://sisram-medical.com/terms-of-use/",
    "timestamp": "unknown"
  },
  {
    "title": "Terms of UsePrivacy Policy\u00a9  Sisram Medical Ltd",
    "link": "https://sisram-medical.com/terms-of-use/",
    "timestamp": "unknown"
  },
  {
    "title": "Terms of UsePrivacy Policy\u00a9  Sisram Medical Ltd",
    "link": "https://sisram-medical.com/terms-of-use/",
    "timestamp": "unknown"
  },
  {
    "title": "Terms of UsePrivacy Policy",
    "link": "https://sisram-medical.com/terms-of-use/",
    "timestamp": "unknown"
  },
  {
    "title": "Terms of Use",
    "link": "https://sisram-medical.com/terms-of-use/",
    "timestamp": "unknown"
  },
  {
    "title": "Privacy Policy",
    "link": "https://sisram-medical.com/privacy-policy/",
    "timestamp": "unknown"
  },
  {
    "title": "\u7b80\u4f53\u4e2d\u6587(Chinese (Simplified))\u7e41\u9ad4\u4e2d\u6587(Chinese (Traditional))English",
    "link": "https://sisram-medical.com/zh-hans/%e6%8a%%e8%b5%%e8%%%e5%%b3%e7%b3%bb/%e6%%b0%e9%%bb%e5%8f%8a%e6%%b0%e9%%bb%e7%a8%bf/",
    "timestamp": "unknown"
  },
  {
    "title": "\u7b80\u4f53\u4e2d\u6587(Chinese (Simplified))",
    "link": "https://sisram-medical.com/zh-hans/%e6%8a%%e8%b5%%e8%%%e5%%b3%e7%b3%bb/%e6%%b0%e9%%bb%e5%8f%8a%e6%%b0%e9%%bb%e7%a8%bf/",
    "timestamp": "unknown"
  },
  {
    "title": "\u7e41\u9ad4\u4e2d\u6587(Chinese (Traditional))",
    "link": "https://sisram-medical.com/zh-hant/%e6%8a%%e8%b3%%e8%%%e9%%9c%e4%bf%/%e5%%ac%e5%8f%b8%e6%%b0%e8%%9e/",
    "timestamp": "unknown"
  },
  {
    "title": "English",
    "link": "https://sisram-medical.com/investor_relations/news-and-press-release/",
    "timestamp": "unknown"
  }
]