[
  {
    "title": "Our BrandsAlmaLMNTCopullaInjectablesAbout usOur StoryManagement TeamNews &#; Press ReleaseNews &#; Press ReleaseSocial MediaInvestor RelationsContact ",
    "link": "https://sisram-medical.com",
    "timestamp": "unknown"
  },
  {
    "title": "Our BrandsAlmaLMNTCopullaInjectablesAbout usOur StoryManagement TeamNews &#; Press ReleaseNews &#; Press ReleaseSocial MediaInvestor RelationsContact ",
    "link": "https://sisram-medical.com",
    "timestamp": "unknown"
  },
  {
    "title": "Our BrandsAlmaLMNTCopullaInjectablesAbout usOur StoryManagement TeamNews &#; Press ReleaseNews &#; Press ReleaseSocial MediaInvestor RelationsContact ",
    "link": "https://sisram-medical.com/investor_relations/events-presentations/",
    "timestamp": "unknown"
  },
  {
    "title": "Our BrandsAlmaLMNTCopullaInjectablesAbout usOur StoryManagement TeamNews &#; Press ReleaseNews &#; Press ReleaseSocial MediaInvestor RelationsContact ",
    "link": "https://sisram-medical.com/investor_relations/events-presentations/",
    "timestamp": "unknown"
  },
  {
    "title": "Our BrandsAlmaLMNTCopullaInjectablesAbout usOur StoryManagement TeamNews &#; Press ReleaseNews &#; Press ReleaseSocial MediaInvestor RelationsContact ",
    "link": "https://sisram-medical.com/investor_relations/events-presentations/",
    "timestamp": "unknown"
  },
  {
    "title": "Our BrandsAlmaLMNTCopullaInjectables",
    "link": "https://sisram-medical.com/investor_relations/events-presentations/",
    "timestamp": "unknown"
  },
  {
    "title": "Alma",
    "link": "https://sisram-medical.com/alma/",
    "timestamp": "unknown"
  },
  {
    "title": "LMNT",
    "link": "https://sisram-medical.com/lmnt/",
    "timestamp": "unknown"
  },
  {
    "title": "Copulla",
    "link": "https://sisram-medical.com/copulla/",
    "timestamp": "unknown"
  },
  {
    "title": "Injectables",
    "link": "https://sisram-medical.com/injectables/",
    "timestamp": "unknown"
  },
  {
    "title": "About usOur StoryManagement Team",
    "link": "https://sisram-medical.com/investor_relations/events-presentations/",
    "timestamp": "unknown"
  },
  {
    "title": "Our Story",
    "link": "https://sisram-medical.com/our-story/",
    "timestamp": "unknown"
  },
  {
    "title": "Management Team",
    "link": "https://sisram-medical.com/management-team/",
    "timestamp": "unknown"
  },
  {
    "title": "News &#; Press ReleaseNews &#; Press ReleaseSocial Media",
    "link": "https://sisram-medical.com/investor_relations/events-presentations/",
    "timestamp": "unknown"
  },
  {
    "title": "News &#; Press Release",
    "link": "https://sisram-medical.com/investor_relations/news-and-press-release/",
    "timestamp": "unknown"
  },
  {
    "title": "Social Media",
    "link": "https://sisram-medical.com/investor_relations/social-media/",
    "timestamp": "unknown"
  },
  {
    "title": "Investor Relations",
    "link": "https://sisram-medical.com/investor_relations/",
    "timestamp": "unknown"
  },
  {
    "title": "Contact us",
    "link": "https://sisram-medical.com/cdn-cgi/l/email-protection#db346064b2b5bdb49ba8b2a8a9bab6f6b6bebfb2b8bab7f5b8b4b6",
    "timestamp": "unknown"
  },
  {
    "title": "English\u7b80\u4f53\u4e2d\u6587\u7e41\u9ad4\u4e2d\u6587",
    "link": "https://sisram-medical.com/investor_relations/events-presentations/",
    "timestamp": "unknown"
  },
  {
    "title": "English\u7b80\u4f53\u4e2d\u6587\u7e41\u9ad4\u4e2d\u6587",
    "link": "https://sisram-medical.com/investor_relations/events-presentations/",
    "timestamp": "unknown"
  },
  {
    "title": "English\u7b80\u4f53\u4e2d\u6587\u7e41\u9ad4\u4e2d\u6587",
    "link": "https://sisram-medical.com/investor_relations/events-presentations/",
    "timestamp": "unknown"
  },
  {
    "title": "\u7b80\u4f53\u4e2d\u6587",
    "link": "https://sisram-medical.com/zh-hans/%e6%8a%%e8%b5%%e8%%%e5%%b3%e7%b3%bb/%e6%b4%bb%e5%8a%a8%e4%b8%8e%e6%bc%%e7%a4%ba/",
    "timestamp": "unknown"
  },
  {
    "title": "\u7e41\u9ad4\u4e2d\u6587",
    "link": "https://sisram-medical.com/zh-hant/%e6%8a%%e8%b3%%e8%%%e9%%9c%e4%bf%/%e6%b4%bb%e5%8b%%e5%8f%8a%e6%bc%%e7%a4%ba/",
    "timestamp": "unknown"
  },
  {
    "title": "Home>Investors>\u00a0\u00a0IR Events &#; PresentationsInvestorsIR Events &#; PresentationsOverviewBoard of DirectorsCorporate InformationCorporate VideosHKEx Fi",
    "link": "https://sisram-medical.com",
    "timestamp": "unknown"
  },
  {
    "title": "Home>Investors>\u00a0\u00a0IR Events &#; PresentationsInvestors",
    "link": "https://sisram-medical.com",
    "timestamp": "unknown"
  },
  {
    "title": "Home>Investors>\u00a0\u00a0IR Events &#; Presentations",
    "link": "https://sisram-medical.com",
    "timestamp": "unknown"
  },
  {
    "title": "Home>Investors>\u00a0\u00a0IR Events &#; Presentations",
    "link": "https://sisram-medical.com",
    "timestamp": "unknown"
  },
  {
    "title": "IR Events &#; PresentationsOverviewBoard of DirectorsCorporate InformationCorporate VideosHKEx FilingsFinancial ReportsAnalyst CoverageStock Informati",
    "link": "https://sisram-medical.com/investor_relations/events-presentations/",
    "timestamp": "unknown"
  },
  {
    "title": "IR Events &#; PresentationsOverviewBoard of DirectorsCorporate InformationCorporate VideosHKEx FilingsFinancial ReportsAnalyst CoverageStock Informati",
    "link": "https://sisram-medical.com/investor_relations/events-presentations/",
    "timestamp": "unknown"
  },
  {
    "title": "IR Events &#; PresentationsOverviewBoard of DirectorsCorporate InformationCorporate VideosHKEx FilingsFinancial ReportsAnalyst CoverageStock Informati",
    "link": "https://sisram-medical.com/investor_relations/events-presentations/",
    "timestamp": "unknown"
  },
  {
    "title": "OverviewBoard of DirectorsCorporate InformationCorporate VideosHKEx FilingsFinancial ReportsAnalyst CoverageStock InformationCorporate GovernanceIR Ev",
    "link": "https://sisram-medical.com/investor_relations/events-presentations/",
    "timestamp": "unknown"
  },
  {
    "title": "OverviewBoard of DirectorsCorporate InformationCorporate Videos",
    "link": "https://sisram-medical.com/investor_relations/events-presentations/",
    "timestamp": "unknown"
  },
  {
    "title": "Board of Directors",
    "link": "https://sisram-medical.com/investor_relations/board-of-directors/",
    "timestamp": "unknown"
  },
  {
    "title": "Corporate Information",
    "link": "https://sisram-medical.com/investor_relations/corporate-information/",
    "timestamp": "unknown"
  },
  {
    "title": "Corporate Videos",
    "link": "https://sisram-medical.com/investor_relations/corporate-videos/",
    "timestamp": "unknown"
  },
  {
    "title": "HKEx Filings",
    "link": "https://sisram-medical.com/investor_relations/hkex-filings/",
    "timestamp": "unknown"
  },
  {
    "title": "Financial Reports",
    "link": "https://sisram-medical.com/investor_relations/financial-reports/",
    "timestamp": "unknown"
  },
  {
    "title": "Analyst Coverage",
    "link": "https://sisram-medical.com/investor_relations/analysts-coverage/",
    "timestamp": "unknown"
  },
  {
    "title": "Stock Information",
    "link": "https://sisram-medical.com/investor_relations/stock-information/",
    "timestamp": "unknown"
  },
  {
    "title": "Corporate Governance",
    "link": "https://sisram-medical.com/investor_relations/corporate-governance/",
    "timestamp": "unknown"
  },
  {
    "title": "IR Events &#; Presentations",
    "link": "https://sisram-medical.com/investor_relations/events-presentations/",
    "timestamp": "unknown"
  },
  {
    "title": "Dissemination of Corporate Communications by Electronic Means",
    "link": "https://sisram-medical.com/investor_relations/dissemination-of-corporate-communications-by-electronic-means/",
    "timestamp": "unknown"
  },
  {
    "title": "IR Contact",
    "link": "https://sisram-medical.com/investor_relations/ir-contact/",
    "timestamp": "unknown"
  },
  {
    "title": "IR Events &#; PresentationsPrevious eventsSisram Medical H1  Earning Conference Call (Chinese) RecordingOct ,RecordSisram Medical H1  Earnings Confere",
    "link": "https://sisram-medical.com/wp-content/uploads///Recording-for-Investor-Call-CN.mp3",
    "timestamp": "unknown"
  },
  {
    "title": "IR Events &#; PresentationsPrevious eventsSisram Medical H1  Earning Conference Call (Chinese) RecordingOct ,RecordSisram Medical H1  Earnings Confere",
    "link": "https://sisram-medical.com/wp-content/uploads///Recording-for-Investor-Call-CN.mp3",
    "timestamp": "unknown"
  },
  {
    "title": "Previous eventsSisram Medical H1  Earning Conference Call (Chinese) RecordingOct ,RecordSisram Medical H1  Earnings Conference Call (English)Time:  Ea",
    "link": "https://sisram-medical.com/wp-content/uploads///Recording-for-Investor-Call-CN.mp3",
    "timestamp": "unknown"
  },
  {
    "title": "Sisram Medical H1  Earning Conference Call (Chinese) RecordingOct ,RecordSisram Medical H1  Earnings Conference Call (English)Time:  Eastern TimeAug ,",
    "link": "https://sisram-medical.com/wp-content/uploads///Recording-for-Investor-Call-CN.mp3",
    "timestamp": "unknown"
  },
  {
    "title": "Sisram Medical H1  Earning Conference Call (Chinese) RecordingOct ,RecordSisram Medical H1  Earnings Conference Call (English)Time:  Eastern TimeAug ,",
    "link": "https://sisram-medical.com/wp-content/uploads///Recording-for-Investor-Call-CN.mp3",
    "timestamp": "unknown"
  },
  {
    "title": "Sisram Medical H1  Earning Conference Call (Chinese) RecordingOct ,Record",
    "link": "https://sisram-medical.com/wp-content/uploads///Recording-for-Investor-Call-CN.mp3",
    "timestamp": "unknown"
  },
  {
    "title": "Sisram Medical H1  Earning Conference Call (Chinese) RecordingOct ,Record",
    "link": "https://sisram-medical.com/wp-content/uploads///Recording-for-Investor-Call-CN.mp3",
    "timestamp": "unknown"
  },
  {
    "title": "Sisram Medical H1  Earnings Conference Call (English)Time:  Eastern TimeAug ,Please Register",
    "link": "https://clsa.zoom.com/meeting/register/RkOF0QR7RA6lwi2Aodo_-A",
    "timestamp": "unknown"
  },
  {
    "title": "Sisram Medical H1  Earnings Conference Call (English)Time:  Eastern TimeAug ,Please Register",
    "link": "https://clsa.zoom.com/meeting/register/RkOF0QR7RA6lwi2Aodo_-A",
    "timestamp": "unknown"
  },
  {
    "title": "Sisram Medical H1  Earnings Conference Call (Chinese)Time:  Beijing TimePassword:Aug ,Please Register",
    "link": "https://net.comein.cn/roadshow/home/?institute=zxzq",
    "timestamp": "unknown"
  },
  {
    "title": "Sisram Medical H1  Earnings Conference Call (Chinese)Time:  Beijing TimePassword:Aug ,Please Register",
    "link": "https://net.comein.cn/roadshow/home/?institute=zxzq",
    "timestamp": "unknown"
  },
  {
    "title": "Sisram Medical FY  Earnings Conference Call (Chinese) RecordingMar ,Record",
    "link": "https://sisram-medical.com/wp-content/uploads///Conference-Call-Recording_ENG.mp4",
    "timestamp": "unknown"
  },
  {
    "title": "Sisram Medical FY  Earnings Conference Call (Chinese) RecordingMar ,Record",
    "link": "https://sisram-medical.com/wp-content/uploads///Conference-Call-Recording_ENG.mp4",
    "timestamp": "unknown"
  },
  {
    "title": "Sisram Medical  Earnings Conference Call (English)Time:  Eastern TimeMar ,Please Register",
    "link": "https://cicc.zoom.us/webinar/register/WN_tpYp8hdUQvOgnjIM4JHI6g",
    "timestamp": "unknown"
  },
  {
    "title": "Sisram Medical  Earnings Conference Call (English)Time:  Eastern TimeMar ,Please Register",
    "link": "https://cicc.zoom.us/webinar/register/WN_tpYp8hdUQvOgnjIM4JHI6g",
    "timestamp": "unknown"
  },
  {
    "title": "PresentationsPresentationSisram Medical  Interim ResultsAug ,PresentationSisram Medical  Annual Results PresentationMar ,PresentationSisram Medical  I",
    "link": "https://sisram-medical.com/wp-content/uploads///SisramIRPPT_H12025ENG_Final_compressed-compressed.pdf",
    "timestamp": "unknown"
  },
  {
    "title": "PresentationSisram Medical  Interim ResultsAug ,PresentationSisram Medical  Annual Results PresentationMar ,PresentationSisram Medical  Interim Result",
    "link": "https://sisram-medical.com/wp-content/uploads///SisramIRPPT_H12025ENG_Final_compressed-compressed.pdf",
    "timestamp": "unknown"
  },
  {
    "title": "PresentationSisram Medical  Interim ResultsAug ,PresentationSisram Medical  Annual Results PresentationMar ,PresentationSisram Medical  Interim Result",
    "link": "https://sisram-medical.com/wp-content/uploads///SisramIRPPT_H12025ENG_Final_compressed-compressed.pdf",
    "timestamp": "unknown"
  },
  {
    "title": "PresentationSisram Medical  Interim ResultsAug ,",
    "link": "https://sisram-medical.com/wp-content/uploads///SisramIRPPT_H12025ENG_Final_compressed-compressed.pdf",
    "timestamp": "unknown"
  },
  {
    "title": "PresentationSisram Medical  Interim ResultsAug ,",
    "link": "https://sisram-medical.com/wp-content/uploads///SisramIRPPT_H12025ENG_Final_compressed-compressed.pdf",
    "timestamp": "unknown"
  },
  {
    "title": "Sisram Medical  Interim Results",
    "link": "https://sisram-medical.com/wp-content/uploads///SisramIRPPT_H12025ENG_Final_compressed-compressed.pdf",
    "timestamp": "unknown"
  },
  {
    "title": "PresentationSisram Medical  Annual Results PresentationMar ,",
    "link": "https://sisram-medical.com/wp-content/uploads///Sisram-IR-PPT_FY--ENG_compressed_compressed.pdf",
    "timestamp": "unknown"
  },
  {
    "title": "PresentationSisram Medical  Annual Results PresentationMar ,",
    "link": "https://sisram-medical.com/wp-content/uploads///Sisram-IR-PPT_FY--ENG_compressed_compressed.pdf",
    "timestamp": "unknown"
  },
  {
    "title": "Sisram Medical  Annual Results Presentation",
    "link": "https://sisram-medical.com/wp-content/uploads///Sisram-IR-PPT_FY--ENG_compressed_compressed.pdf",
    "timestamp": "unknown"
  },
  {
    "title": "PresentationSisram Medical  Interim Results PresentationAug ,",
    "link": "https://sisram-medical.com/wp-content/uploads///Sisram-IR-PPT_H1--ENG-compressed.pdf",
    "timestamp": "unknown"
  },
  {
    "title": "PresentationSisram Medical  Interim Results PresentationAug ,",
    "link": "https://sisram-medical.com/wp-content/uploads///Sisram-IR-PPT_H1--ENG-compressed.pdf",
    "timestamp": "unknown"
  },
  {
    "title": "Sisram Medical  Interim Results Presentation",
    "link": "https://sisram-medical.com/wp-content/uploads///Sisram-IR-PPT_H1--ENG-compressed.pdf",
    "timestamp": "unknown"
  },
  {
    "title": "PresentationSisram Medical  Annual Results PresentationMar ,",
    "link": "https://sisram-medical.com/wp-content/uploads///Sisram-IR-PPT_2023-FY_EN_0319_compressed_compressed-.pdf",
    "timestamp": "unknown"
  },
  {
    "title": "PresentationSisram Medical  Annual Results PresentationMar ,",
    "link": "https://sisram-medical.com/wp-content/uploads///Sisram-IR-PPT_2023-FY_EN_0319_compressed_compressed-.pdf",
    "timestamp": "unknown"
  },
  {
    "title": "Sisram Medical  Annual Results Presentation",
    "link": "https://sisram-medical.com/wp-content/uploads///Sisram-IR-PPT_2023-FY_EN_0319_compressed_compressed-.pdf",
    "timestamp": "unknown"
  },
  {
    "title": "PresentationSisram Medical  Interim Results PresentationAug ,",
    "link": "https://sisram-medical.com/wp-content/uploads/23H1-IR-PPT_v0823-EN-Final.pdf",
    "timestamp": "unknown"
  },
  {
    "title": "PresentationSisram Medical  Interim Results PresentationAug ,",
    "link": "https://sisram-medical.com/wp-content/uploads/23H1-IR-PPT_v0823-EN-Final.pdf",
    "timestamp": "unknown"
  },
  {
    "title": "Sisram Medical  Interim Results Presentation",
    "link": "https://sisram-medical.com/wp-content/uploads/23H1-IR-PPT_v0823-EN-Final.pdf",
    "timestamp": "unknown"
  },
  {
    "title": "Sisram Medical LtdOFEK  Building,  HaHarash \r\nStreet, Industrial Park- Caesarea, \r\n, Israel+--For more information, please contact us[email&#;protecte",
    "link": "tel:+--",
    "timestamp": "unknown"
  },
  {
    "title": "Sisram Medical LtdOFEK  Building,  HaHarash \r\nStreet, Industrial Park- Caesarea, \r\n, Israel+--For more information, please contact us[email&#;protecte",
    "link": "tel:+--",
    "timestamp": "unknown"
  },
  {
    "title": "Sisram Medical LtdOFEK  Building,  HaHarash \r\nStreet, Industrial Park- Caesarea, \r\n, Israel+--",
    "link": "tel:+--",
    "timestamp": "unknown"
  },
  {
    "title": "Sisram Medical LtdOFEK  Building,  HaHarash \r\nStreet, Industrial Park- Caesarea, \r\n, Israel+--",
    "link": "tel:+--",
    "timestamp": "unknown"
  },
  {
    "title": "For more information, please contact us[email&#;protected]Follow us:linkedinfutu",
    "link": "https://sisram-medical.com/cdn-cgi/l/email-protection#b4fde6f4c7ddc7c6d5d999d9d1d0ddd7d5d89ad7dbd9",
    "timestamp": "unknown"
  },
  {
    "title": "Follow us:linkedinfutu",
    "link": "https://www.linkedin.com/company/sisram-medical/",
    "timestamp": "unknown"
  },
  {
    "title": "linkedinfutu",
    "link": "https://www.linkedin.com/company/sisram-medical/",
    "timestamp": "unknown"
  },
  {
    "title": "linkedin",
    "link": "https://www.linkedin.com/company/sisram-medical/",
    "timestamp": "unknown"
  },
  {
    "title": "futu",
    "link": "https://sisram-medical.com/investor_relations/events-presentations/",
    "timestamp": "unknown"
  },
  {
    "title": "MainOur Story\ufeffManagement TeamOur BrandsAlmaLMNTCopullaInjectablesInvestorsOverviewNews &#; Press ReleaseHKEx FilingsFinancial ReportsCorporate Governa",
    "link": "https://sisram-medical.com/",
    "timestamp": "unknown"
  },
  {
    "title": "MainOur Story\ufeffManagement TeamOur BrandsAlmaLMNTCopullaInjectablesInvestorsOverviewNews &#; Press ReleaseHKEx FilingsFinancial ReportsCorporate Governa",
    "link": "https://sisram-medical.com/our-story/",
    "timestamp": "unknown"
  },
  {
    "title": "MainOur Story\ufeffManagement Team",
    "link": "https://sisram-medical.com/our-story/",
    "timestamp": "unknown"
  },
  {
    "title": "Our Story\ufeffManagement Team",
    "link": "https://sisram-medical.com/our-story/",
    "timestamp": "unknown"
  },
  {
    "title": "Our Story",
    "link": "https://sisram-medical.com/our-story/",
    "timestamp": "unknown"
  },
  {
    "title": "\ufeffManagement Team",
    "link": "https://sisram-medical.com/management-team/",
    "timestamp": "unknown"
  },
  {
    "title": "Our BrandsAlmaLMNTCopullaInjectables",
    "link": "https://sisram-medical.com/alma/",
    "timestamp": "unknown"
  },
  {
    "title": "AlmaLMNTCopullaInjectables",
    "link": "https://sisram-medical.com/alma/",
    "timestamp": "unknown"
  },
  {
    "title": "Alma",
    "link": "https://sisram-medical.com/alma/",
    "timestamp": "unknown"
  },
  {
    "title": "LMNT",
    "link": "https://sisram-medical.com/lmnt/",
    "timestamp": "unknown"
  },
  {
    "title": "Copulla",
    "link": "https://sisram-medical.com/copulla/",
    "timestamp": "unknown"
  },
  {
    "title": "Injectables",
    "link": "https://sisram-medical.com/injectables/",
    "timestamp": "unknown"
  },
  {
    "title": "InvestorsOverviewNews &#; Press ReleaseHKEx FilingsFinancial ReportsCorporate GovernanceDissemination of Corporate Communications by Electronic MeansI",
    "link": "https://sisram-medical.com/investor_relations/",
    "timestamp": "unknown"
  },
  {
    "title": "OverviewNews &#; Press ReleaseHKEx FilingsFinancial ReportsCorporate GovernanceDissemination of Corporate Communications by Electronic MeansIR Contact",
    "link": "https://sisram-medical.com/investor_relations/",
    "timestamp": "unknown"
  },
  {
    "title": "Overview",
    "link": "https://sisram-medical.com/investor_relations/",
    "timestamp": "unknown"
  },
  {
    "title": "News &#; Press Release",
    "link": "https://sisram-medical.com/investor_relations/news-and-press-release/",
    "timestamp": "unknown"
  },
  {
    "title": "HKEx Filings",
    "link": "https://sisram-medical.com/investor_relations/hkex-filings/",
    "timestamp": "unknown"
  },
  {
    "title": "Financial Reports",
    "link": "https://sisram-medical.com/investor_relations/financial-reports/",
    "timestamp": "unknown"
  },
  {
    "title": "Corporate Governance",
    "link": "https://sisram-medical.com/investor_relations/corporate-governance/",
    "timestamp": "unknown"
  },
  {
    "title": "Dissemination of Corporate Communications by Electronic Means",
    "link": "https://sisram-medical.com/investor_relations/dissemination-of-corporate-communications-by-electronic-means/",
    "timestamp": "unknown"
  },
  {
    "title": "IR Contact",
    "link": "https://sisram-medical.com/investor_relations/ir-contact/",
    "timestamp": "unknown"
  },
  {
    "title": "Sisram Medical  Interim ResultsAug ,",
    "link": "https://sisram-medical.com/wp-content/uploads///SisramIRPPT_H12025ENG_Final_compressed-compressed.pdf",
    "timestamp": "unknown"
  },
  {
    "title": "Sisram Medical  Interim ResultsAug ,",
    "link": "https://sisram-medical.com/wp-content/uploads///SisramIRPPT_H12025ENG_Final_compressed-compressed.pdf",
    "timestamp": "unknown"
  },
  {
    "title": "Sisram Medical  Interim ResultsAug ,",
    "link": "https://sisram-medical.com/wp-content/uploads///SisramIRPPT_H12025ENG_Final_compressed-compressed.pdf",
    "timestamp": "unknown"
  },
  {
    "title": "Sisram Medical  Interim ResultsAug ,",
    "link": "https://sisram-medical.com/wp-content/uploads///SisramIRPPT_H12025ENG_Final_compressed-compressed.pdf",
    "timestamp": "unknown"
  },
  {
    "title": "Sisram Medical  Interim Results",
    "link": "https://sisram-medical.com/wp-content/uploads///SisramIRPPT_H12025ENG_Final_compressed-compressed.pdf",
    "timestamp": "unknown"
  },
  {
    "title": "Terms of UsePrivacy Policy\u00a9  Sisram Medical Ltd",
    "link": "https://sisram-medical.com/terms-of-use/",
    "timestamp": "unknown"
  },
  {
    "title": "Terms of UsePrivacy Policy\u00a9  Sisram Medical Ltd",
    "link": "https://sisram-medical.com/terms-of-use/",
    "timestamp": "unknown"
  },
  {
    "title": "Terms of UsePrivacy Policy\u00a9  Sisram Medical Ltd",
    "link": "https://sisram-medical.com/terms-of-use/",
    "timestamp": "unknown"
  },
  {
    "title": "Terms of UsePrivacy Policy",
    "link": "https://sisram-medical.com/terms-of-use/",
    "timestamp": "unknown"
  },
  {
    "title": "Terms of Use",
    "link": "https://sisram-medical.com/terms-of-use/",
    "timestamp": "unknown"
  },
  {
    "title": "Privacy Policy",
    "link": "https://sisram-medical.com/privacy-policy/",
    "timestamp": "unknown"
  },
  {
    "title": "\u7b80\u4f53\u4e2d\u6587(Chinese (Simplified))\u7e41\u9ad4\u4e2d\u6587(Chinese (Traditional))English",
    "link": "https://sisram-medical.com/zh-hans/%e6%8a%%e8%b5%%e8%%%e5%%b3%e7%b3%bb/%e6%b4%bb%e5%8a%a8%e4%b8%8e%e6%bc%%e7%a4%ba/",
    "timestamp": "unknown"
  },
  {
    "title": "\u7b80\u4f53\u4e2d\u6587(Chinese (Simplified))",
    "link": "https://sisram-medical.com/zh-hans/%e6%8a%%e8%b5%%e8%%%e5%%b3%e7%b3%bb/%e6%b4%bb%e5%8a%a8%e4%b8%8e%e6%bc%%e7%a4%ba/",
    "timestamp": "unknown"
  },
  {
    "title": "\u7e41\u9ad4\u4e2d\u6587(Chinese (Traditional))",
    "link": "https://sisram-medical.com/zh-hant/%e6%8a%%e8%b3%%e8%%%e9%%9c%e4%bf%/%e6%b4%bb%e5%8b%%e5%8f%8a%e6%bc%%e7%a4%ba/",
    "timestamp": "unknown"
  },
  {
    "title": "English",
    "link": "https://sisram-medical.com/investor_relations/events-presentations/",
    "timestamp": "unknown"
  }
]