[
  {
    "title": "Who are weAt a glanceOur mission, promise and valuesOur storyGlobal presence and locationsExecutive LeadershipScienceScience basedResearch and develop",
    "link": "https://www.symatese.com",
    "timestamp": "unknown"
  },
  {
    "title": "Who are weAt a glanceOur mission, promise and valuesOur storyGlobal presence and locationsExecutive LeadershipScienceScience basedResearch and develop",
    "link": "https://www.symatese.com",
    "timestamp": "unknown"
  },
  {
    "title": "Who are weAt a glanceOur mission, promise and valuesOur storyGlobal presence and locationsExecutive LeadershipScienceScience basedResearch and develop",
    "link": "https://www.symatese.com/who-are-we/",
    "timestamp": "unknown"
  },
  {
    "title": "Who are weAt a glanceOur mission, promise and valuesOur storyGlobal presence and locationsExecutive LeadershipScienceScience basedResearch and develop",
    "link": "https://www.symatese.com/who-are-we/",
    "timestamp": "unknown"
  },
  {
    "title": "Who are weAt a glanceOur mission, promise and valuesOur storyGlobal presence and locationsExecutive LeadershipScienceScience basedResearch and develop",
    "link": "https://www.symatese.com/who-are-we/",
    "timestamp": "unknown"
  },
  {
    "title": "Who are weAt a glanceOur mission, promise and valuesOur storyGlobal presence and locationsExecutive LeadershipScienceScience basedResearch and develop",
    "link": "https://www.symatese.com/who-are-we/",
    "timestamp": "unknown"
  },
  {
    "title": "Who are weAt a glanceOur mission, promise and valuesOur storyGlobal presence and locationsExecutive Leadership",
    "link": "https://www.symatese.com/who-are-we/",
    "timestamp": "unknown"
  },
  {
    "title": "Who are we",
    "link": "https://www.symatese.com/who-are-we/",
    "timestamp": "unknown"
  },
  {
    "title": "At a glanceOur mission, promise and valuesOur storyGlobal presence and locationsExecutive Leadership",
    "link": "https://www.symatese.com/who-are-we/at-a-glance/",
    "timestamp": "unknown"
  },
  {
    "title": "At a glance",
    "link": "https://www.symatese.com/who-are-we/at-a-glance/",
    "timestamp": "unknown"
  },
  {
    "title": "At a glance",
    "link": "https://www.symatese.com/who-are-we/at-a-glance/",
    "timestamp": "unknown"
  },
  {
    "title": "Our mission, promise and values",
    "link": "https://www.symatese.com/who-are-we/our-mission-promise-and-values/",
    "timestamp": "unknown"
  },
  {
    "title": "Our mission, promise and values",
    "link": "https://www.symatese.com/who-are-we/our-mission-promise-and-values/",
    "timestamp": "unknown"
  },
  {
    "title": "Our story",
    "link": "https://www.symatese.com/who-are-we/our-story/",
    "timestamp": "unknown"
  },
  {
    "title": "Our story",
    "link": "https://www.symatese.com/who-are-we/our-story/",
    "timestamp": "unknown"
  },
  {
    "title": "Global presence and locations",
    "link": "https://www.symatese.com/who-are-we/global-presence-and-locations/",
    "timestamp": "unknown"
  },
  {
    "title": "Global presence and locations",
    "link": "https://www.symatese.com/who-are-we/global-presence-and-locations/",
    "timestamp": "unknown"
  },
  {
    "title": "Executive Leadership",
    "link": "https://www.symatese.com/who-are-we/executive-leadership/",
    "timestamp": "unknown"
  },
  {
    "title": "Executive Leadership",
    "link": "https://www.symatese.com/who-are-we/executive-leadership/",
    "timestamp": "unknown"
  },
  {
    "title": "ScienceScience basedResearch and development",
    "link": "https://www.symatese.com/science/",
    "timestamp": "unknown"
  },
  {
    "title": "Science",
    "link": "https://www.symatese.com/science/",
    "timestamp": "unknown"
  },
  {
    "title": "Science basedResearch and development",
    "link": "https://www.symatese.com/science/science-based/",
    "timestamp": "unknown"
  },
  {
    "title": "Science based",
    "link": "https://www.symatese.com/science/science-based/",
    "timestamp": "unknown"
  },
  {
    "title": "Science based",
    "link": "https://www.symatese.com/science/science-based/",
    "timestamp": "unknown"
  },
  {
    "title": "Research and development",
    "link": "https://www.symatese.com/science/research-and-development/",
    "timestamp": "unknown"
  },
  {
    "title": "Research and development",
    "link": "https://www.symatese.com/science/research-and-development/",
    "timestamp": "unknown"
  },
  {
    "title": "SolutionsTherapeuticsAestheticsBreast implantsDermal reconstructionNeveliaNevelia ProSurgical procedureClinical casesClinical data publicationsLive we",
    "link": "https://www.symatese.com/solutions/",
    "timestamp": "unknown"
  },
  {
    "title": "Solutions",
    "link": "https://www.symatese.com/solutions/",
    "timestamp": "unknown"
  },
  {
    "title": "TherapeuticsAestheticsBreast implantsDermal reconstructionNeveliaNevelia ProSurgical procedureClinical casesClinical data publicationsLive webinarsVid",
    "link": "https://www.symatese.com/fr/solutions/therapeutics/",
    "timestamp": "unknown"
  },
  {
    "title": "TherapeuticsAestheticsBreast implantsDermal reconstructionNeveliaNevelia ProSurgical procedureClinical casesClinical data publicationsLive webinarsVid",
    "link": "https://www.symatese.com/fr/solutions/therapeutics/",
    "timestamp": "unknown"
  },
  {
    "title": "TherapeuticsAestheticsBreast implantsDermal reconstructionNeveliaNevelia ProSurgical procedureClinical casesClinical data publicationsLive webinarsVid",
    "link": "https://www.symatese.com/fr/solutions/therapeutics/",
    "timestamp": "unknown"
  },
  {
    "title": "TherapeuticsAestheticsBreast implantsDermal reconstructionNeveliaNevelia ProSurgical procedureClinical casesClinical data publicationsLive webinarsVid",
    "link": "https://www.symatese.com/fr/solutions/therapeutics/",
    "timestamp": "unknown"
  },
  {
    "title": "TherapeuticsAestheticsBreast implantsDermal reconstructionNeveliaNevelia ProSurgical procedureClinical casesClinical data publicationsLive webinarsVid",
    "link": "https://www.symatese.com/fr/solutions/therapeutics/",
    "timestamp": "unknown"
  },
  {
    "title": "Therapeutics",
    "link": "https://www.symatese.com/fr/solutions/therapeutics/",
    "timestamp": "unknown"
  },
  {
    "title": "Therapeutics",
    "link": "https://www.symatese.com/fr/solutions/therapeutics/",
    "timestamp": "unknown"
  },
  {
    "title": "Therapeutics",
    "link": "https://www.symatese.com/fr/solutions/therapeutics/",
    "timestamp": "unknown"
  },
  {
    "title": "AestheticsBreast implantsDermal reconstructionNeveliaNevelia ProSurgical procedureClinical casesClinical data publicationsLive webinarsVideosBrochures",
    "link": "https://www.symatese.com/fr/solutions/aesthetics/",
    "timestamp": "unknown"
  },
  {
    "title": "Aesthetics",
    "link": "https://www.symatese.com/fr/solutions/aesthetics/",
    "timestamp": "unknown"
  },
  {
    "title": "Aesthetics",
    "link": "https://www.symatese.com/fr/solutions/aesthetics/",
    "timestamp": "unknown"
  },
  {
    "title": "Breast implantsDermal reconstruction",
    "link": "https://symatese-aesthetics.com/solutions/breast-implants/",
    "timestamp": "unknown"
  },
  {
    "title": "Breast implantsDermal reconstruction",
    "link": "https://symatese-aesthetics.com/solutions/breast-implants/",
    "timestamp": "unknown"
  },
  {
    "title": "Breast implants",
    "link": "https://symatese-aesthetics.com/solutions/breast-implants/",
    "timestamp": "unknown"
  },
  {
    "title": "Dermal reconstruction",
    "link": "https://symatese-aesthetics.com/solutions/dermal-reconstruction/",
    "timestamp": "unknown"
  },
  {
    "title": "NeveliaNevelia Pro",
    "link": "https://symatese-aesthetics.com/solutions/dermal-reconstruction/nevelia/",
    "timestamp": "unknown"
  },
  {
    "title": "NeveliaNevelia Pro",
    "link": "https://symatese-aesthetics.com/solutions/dermal-reconstruction/nevelia/",
    "timestamp": "unknown"
  },
  {
    "title": "Nevelia",
    "link": "https://symatese-aesthetics.com/solutions/dermal-reconstruction/nevelia/",
    "timestamp": "unknown"
  },
  {
    "title": "Nevelia Pro",
    "link": "https://symatese-aesthetics.com/solutions/dermal-reconstruction/nevelia-pro/",
    "timestamp": "unknown"
  },
  {
    "title": "Surgical procedureClinical casesClinical data publicationsLive webinarsVideosBrochures",
    "link": "https://symatese-aesthetics.com/solutions/dermal-reconstruction/nevelia-pro/surgical-procedure/",
    "timestamp": "unknown"
  },
  {
    "title": "Surgical procedureClinical casesClinical data publicationsLive webinarsVideosBrochures",
    "link": "https://symatese-aesthetics.com/solutions/dermal-reconstruction/nevelia-pro/surgical-procedure/",
    "timestamp": "unknown"
  },
  {
    "title": "Surgical procedure",
    "link": "https://symatese-aesthetics.com/solutions/dermal-reconstruction/nevelia-pro/surgical-procedure/",
    "timestamp": "unknown"
  },
  {
    "title": "Clinical cases",
    "link": "https://symatese-aesthetics.com/solutions/dermal-reconstruction/nevelia-pro/clinical-cases/",
    "timestamp": "unknown"
  },
  {
    "title": "Clinical data publications",
    "link": "https://symatese-aesthetics.com/solutions/dermal-reconstruction/nevelia-pro/clinical-data/",
    "timestamp": "unknown"
  },
  {
    "title": "Live webinars",
    "link": "https://symatese-aesthetics.com/solutions/dermal-reconstruction/nevelia-pro/live-webinars/",
    "timestamp": "unknown"
  },
  {
    "title": "Videos",
    "link": "https://symatese-aesthetics.com/solutions/dermal-reconstruction/nevelia-pro/ressources/videos/",
    "timestamp": "unknown"
  },
  {
    "title": "Brochures",
    "link": "https://symatese-aesthetics.com/solutions/dermal-reconstruction/nevelia-pro/ressources/brochures/",
    "timestamp": "unknown"
  },
  {
    "title": "Black and Black Surgical",
    "link": "https://symatese-aesthetics.com/solutions/black-and-black-surgical/",
    "timestamp": "unknown"
  },
  {
    "title": "Black and Black Surgical",
    "link": "https://symatese-aesthetics.com/solutions/black-and-black-surgical/",
    "timestamp": "unknown"
  },
  {
    "title": "Black and Black Surgical",
    "link": "https://symatese-aesthetics.com/solutions/black-and-black-surgical/",
    "timestamp": "unknown"
  },
  {
    "title": "Administration systemsB2B administration systemsadministration systems SD products",
    "link": "https://www.symatese.com/fr/solutions/administration-systems/",
    "timestamp": "unknown"
  },
  {
    "title": "Administration systems",
    "link": "https://www.symatese.com/fr/solutions/administration-systems/",
    "timestamp": "unknown"
  },
  {
    "title": "Administration systems",
    "link": "https://www.symatese.com/fr/solutions/administration-systems/",
    "timestamp": "unknown"
  },
  {
    "title": "B2B administration systemsadministration systems SD products",
    "link": "https://symatese-device.com/en/drug-delivery-devices/",
    "timestamp": "unknown"
  },
  {
    "title": "B2B administration systemsadministration systems SD products",
    "link": "https://symatese-device.com/en/drug-delivery-devices/",
    "timestamp": "unknown"
  },
  {
    "title": "B2B administration systems",
    "link": "https://symatese-device.com/en/drug-delivery-devices/",
    "timestamp": "unknown"
  },
  {
    "title": "administration systems SD products",
    "link": "https://symatese-device.com/en/solutions-produits-propres-sd/",
    "timestamp": "unknown"
  },
  {
    "title": "TherapeuticsAesthetics ESTYME\u00aeAdministration systems",
    "link": "https://www.symatese.com/solutions/therapeutics/",
    "timestamp": "unknown"
  },
  {
    "title": "Therapeutics",
    "link": "https://www.symatese.com/solutions/therapeutics/",
    "timestamp": "unknown"
  },
  {
    "title": "Therapeutics",
    "link": "https://www.symatese.com/solutions/therapeutics/",
    "timestamp": "unknown"
  },
  {
    "title": "Aesthetics ESTYME\u00ae",
    "link": "https://www.symatese.com/solutions/aesthetics/",
    "timestamp": "unknown"
  },
  {
    "title": "Aesthetics ESTYME\u00ae",
    "link": "https://www.symatese.com/solutions/aesthetics/",
    "timestamp": "unknown"
  },
  {
    "title": "Administration systems",
    "link": "https://www.symatese.com/solutions/administration-systems/",
    "timestamp": "unknown"
  },
  {
    "title": "Administration systems",
    "link": "https://www.symatese.com/solutions/administration-systems/",
    "timestamp": "unknown"
  },
  {
    "title": "ImpactCSR commitments and objectivesSymatese FoundationSymatese Charters",
    "link": "https://www.symatese.com/impact/",
    "timestamp": "unknown"
  },
  {
    "title": "Impact",
    "link": "https://www.symatese.com/impact/",
    "timestamp": "unknown"
  },
  {
    "title": "CSR commitments and objectivesSymatese FoundationSymatese Charters",
    "link": "https://www.symatese.com/impact/csr-commitments-and-objectives/",
    "timestamp": "unknown"
  },
  {
    "title": "CSR commitments and objectives",
    "link": "https://www.symatese.com/impact/csr-commitments-and-objectives/",
    "timestamp": "unknown"
  },
  {
    "title": "CSR commitments and objectives",
    "link": "https://www.symatese.com/impact/csr-commitments-and-objectives/",
    "timestamp": "unknown"
  },
  {
    "title": "Symatese Foundation",
    "link": "https://www.symatese.com/impact/symatese-foundation/",
    "timestamp": "unknown"
  },
  {
    "title": "Symatese Foundation",
    "link": "https://www.symatese.com/impact/symatese-foundation/",
    "timestamp": "unknown"
  },
  {
    "title": "Symatese Charters",
    "link": "https://www.symatese.com/impact/symatese-charters/",
    "timestamp": "unknown"
  },
  {
    "title": "Symatese Charters",
    "link": "https://www.symatese.com/impact/symatese-charters/",
    "timestamp": "unknown"
  },
  {
    "title": "News",
    "link": "https://www.symatese.com/news/",
    "timestamp": "unknown"
  },
  {
    "title": "News",
    "link": "https://www.symatese.com/news/",
    "timestamp": "unknown"
  },
  {
    "title": "Careers",
    "link": "https://www.symatese.com/careers/",
    "timestamp": "unknown"
  },
  {
    "title": "Careers",
    "link": "https://www.symatese.com/careers/",
    "timestamp": "unknown"
  },
  {
    "title": "Contact",
    "link": "https://www.symatese.com/contact/",
    "timestamp": "unknown"
  },
  {
    "title": "Contact",
    "link": "https://www.symatese.com/contact/",
    "timestamp": "unknown"
  },
  {
    "title": "Linkedin-in",
    "link": "https://www.linkedin.com/company/symatese/",
    "timestamp": "unknown"
  },
  {
    "title": "Linkedin-in",
    "link": "https://www.linkedin.com/company/symatese/",
    "timestamp": "unknown"
  },
  {
    "title": "Linkedin-in",
    "link": "https://www.linkedin.com/company/symatese/",
    "timestamp": "unknown"
  },
  {
    "title": "Linkedin-in",
    "link": "https://www.linkedin.com/company/symatese/",
    "timestamp": "unknown"
  },
  {
    "title": "Who are weAt a glanceOur mission, promise and valuesOur storyGlobal presence and locationsExecutive LeadershipScienceScience basedResearch and develop",
    "link": "https://www.symatese.com",
    "timestamp": "unknown"
  },
  {
    "title": "Who are weAt a glanceOur mission, promise and valuesOur storyGlobal presence and locationsExecutive LeadershipScienceScience basedResearch and develop",
    "link": "https://www.symatese.com",
    "timestamp": "unknown"
  },
  {
    "title": "Who are weAt a glanceOur mission, promise and valuesOur storyGlobal presence and locationsExecutive LeadershipScienceScience basedResearch and develop",
    "link": "https://www.symatese.com/who-are-we/",
    "timestamp": "unknown"
  },
  {
    "title": "Who are weAt a glanceOur mission, promise and valuesOur storyGlobal presence and locationsExecutive LeadershipScienceScience basedResearch and develop",
    "link": "https://www.symatese.com/who-are-we/",
    "timestamp": "unknown"
  },
  {
    "title": "Who are weAt a glanceOur mission, promise and valuesOur storyGlobal presence and locationsExecutive LeadershipScienceScience basedResearch and develop",
    "link": "https://www.symatese.com/who-are-we/",
    "timestamp": "unknown"
  },
  {
    "title": "Who are weAt a glanceOur mission, promise and valuesOur storyGlobal presence and locationsExecutive Leadership",
    "link": "https://www.symatese.com/who-are-we/",
    "timestamp": "unknown"
  },
  {
    "title": "At a glance",
    "link": "https://www.symatese.com/who-are-we/at-a-glance/",
    "timestamp": "unknown"
  },
  {
    "title": "Our mission, promise and values",
    "link": "https://www.symatese.com/who-are-we/our-mission-promise-and-values/",
    "timestamp": "unknown"
  },
  {
    "title": "Our story",
    "link": "https://www.symatese.com/who-are-we/our-story/",
    "timestamp": "unknown"
  },
  {
    "title": "Global presence and locations",
    "link": "https://www.symatese.com/who-are-we/global-presence-and-locations/",
    "timestamp": "unknown"
  },
  {
    "title": "Executive Leadership",
    "link": "https://www.symatese.com/who-are-we/executive-leadership/",
    "timestamp": "unknown"
  },
  {
    "title": "ScienceScience basedResearch and development",
    "link": "https://www.symatese.com/science/",
    "timestamp": "unknown"
  },
  {
    "title": "Science based",
    "link": "https://www.symatese.com/science/science-based/",
    "timestamp": "unknown"
  },
  {
    "title": "Research and development",
    "link": "https://www.symatese.com/science/research-and-development/",
    "timestamp": "unknown"
  },
  {
    "title": "SolutionsTherapeuticsAesthetics ESTYME\u00aeAdministration systems",
    "link": "https://www.symatese.com/solutions/",
    "timestamp": "unknown"
  },
  {
    "title": "Therapeutics",
    "link": "https://www.symatese.com/solutions/therapeutics/",
    "timestamp": "unknown"
  },
  {
    "title": "Aesthetics ESTYME\u00ae",
    "link": "https://www.symatese.com/solutions/aesthetics/",
    "timestamp": "unknown"
  },
  {
    "title": "Administration systems",
    "link": "https://www.symatese.com/solutions/administration-systems/",
    "timestamp": "unknown"
  },
  {
    "title": "ImpactCSR commitments and objectivesSymatese FoundationSymatese Charters",
    "link": "https://www.symatese.com/impact/",
    "timestamp": "unknown"
  },
  {
    "title": "CSR commitments and objectives",
    "link": "https://www.symatese.com/impact/csr-commitments-and-objectives/",
    "timestamp": "unknown"
  },
  {
    "title": "Symatese Foundation",
    "link": "https://www.symatese.com/impact/symatese-foundation/",
    "timestamp": "unknown"
  },
  {
    "title": "Symatese Charters",
    "link": "https://www.symatese.com/impact/symatese-charters/",
    "timestamp": "unknown"
  },
  {
    "title": "News",
    "link": "https://www.symatese.com/news/",
    "timestamp": "unknown"
  },
  {
    "title": "Careers",
    "link": "https://www.symatese.com/careers/",
    "timestamp": "unknown"
  },
  {
    "title": "Contact",
    "link": "https://www.symatese.com/contact/",
    "timestamp": "unknown"
  },
  {
    "title": "Who are weAt a glanceOur mission, promise and valuesOur storyGlobal presence and locationsExecutive Leadership",
    "link": "https://www.symatese.com/who-are-we/",
    "timestamp": "unknown"
  },
  {
    "title": "At a glance",
    "link": "https://www.symatese.com/who-are-we/at-a-glance/",
    "timestamp": "unknown"
  },
  {
    "title": "Our mission, promise and values",
    "link": "https://www.symatese.com/who-are-we/our-mission-promise-and-values/",
    "timestamp": "unknown"
  },
  {
    "title": "Our story",
    "link": "https://www.symatese.com/who-are-we/our-story/",
    "timestamp": "unknown"
  },
  {
    "title": "Global presence and locations",
    "link": "https://www.symatese.com/who-are-we/global-presence-and-locations/",
    "timestamp": "unknown"
  },
  {
    "title": "Executive Leadership",
    "link": "https://www.symatese.com/who-are-we/executive-leadership/",
    "timestamp": "unknown"
  },
  {
    "title": "ScienceScience basedResearch and development",
    "link": "https://www.symatese.com/science/",
    "timestamp": "unknown"
  },
  {
    "title": "Science based",
    "link": "https://www.symatese.com/science/science-based/",
    "timestamp": "unknown"
  },
  {
    "title": "Research and development",
    "link": "https://www.symatese.com/science/research-and-development/",
    "timestamp": "unknown"
  },
  {
    "title": "SolutionsTherapeuticsAesthetics ESTYME\u00aeAdministration systems",
    "link": "https://www.symatese.com/solutions/",
    "timestamp": "unknown"
  },
  {
    "title": "Therapeutics",
    "link": "https://www.symatese.com/solutions/therapeutics/",
    "timestamp": "unknown"
  },
  {
    "title": "Aesthetics ESTYME\u00ae",
    "link": "https://www.symatese.com/solutions/aesthetics/",
    "timestamp": "unknown"
  },
  {
    "title": "Administration systems",
    "link": "https://www.symatese.com/solutions/administration-systems/",
    "timestamp": "unknown"
  },
  {
    "title": "ImpactCSR commitments and objectivesSymatese FoundationSymatese Charters",
    "link": "https://www.symatese.com/impact/",
    "timestamp": "unknown"
  },
  {
    "title": "CSR commitments and objectives",
    "link": "https://www.symatese.com/impact/csr-commitments-and-objectives/",
    "timestamp": "unknown"
  },
  {
    "title": "Symatese Foundation",
    "link": "https://www.symatese.com/impact/symatese-foundation/",
    "timestamp": "unknown"
  },
  {
    "title": "Symatese Charters",
    "link": "https://www.symatese.com/impact/symatese-charters/",
    "timestamp": "unknown"
  },
  {
    "title": "News",
    "link": "https://www.symatese.com/news/",
    "timestamp": "unknown"
  },
  {
    "title": "Careers",
    "link": "https://www.symatese.com/careers/",
    "timestamp": "unknown"
  },
  {
    "title": "Contact",
    "link": "https://www.symatese.com/contact/",
    "timestamp": "unknown"
  },
  {
    "title": "Who are weAt a glanceOur mission, promise and valuesOur storyGlobal presence and locationsExecutive LeadershipScienceScience basedResearch and develop",
    "link": "https://www.symatese.com/who-are-we/at-a-glance/",
    "timestamp": "unknown"
  },
  {
    "title": "Who are weAt a glanceOur mission, promise and valuesOur storyGlobal presence and locationsExecutive LeadershipScienceScience basedResearch and develop",
    "link": "https://www.symatese.com/who-are-we/at-a-glance/",
    "timestamp": "unknown"
  },
  {
    "title": "Who are weAt a glanceOur mission, promise and valuesOur storyGlobal presence and locationsExecutive Leadership",
    "link": "https://www.symatese.com/who-are-we/at-a-glance/",
    "timestamp": "unknown"
  },
  {
    "title": "At a glanceOur mission, promise and valuesOur storyGlobal presence and locationsExecutive Leadership",
    "link": "https://www.symatese.com/who-are-we/at-a-glance/",
    "timestamp": "unknown"
  },
  {
    "title": "At a glanceOur mission, promise and valuesOur storyGlobal presence and locationsExecutive Leadership",
    "link": "https://www.symatese.com/who-are-we/at-a-glance/",
    "timestamp": "unknown"
  },
  {
    "title": "At a glanceOur mission, promise and valuesOur storyGlobal presence and locationsExecutive Leadership",
    "link": "https://www.symatese.com/who-are-we/at-a-glance/",
    "timestamp": "unknown"
  },
  {
    "title": "At a glanceOur mission, promise and valuesOur storyGlobal presence and locationsExecutive Leadership",
    "link": "https://www.symatese.com/who-are-we/at-a-glance/",
    "timestamp": "unknown"
  },
  {
    "title": "At a glance",
    "link": "https://www.symatese.com/who-are-we/at-a-glance/",
    "timestamp": "unknown"
  },
  {
    "title": "Our mission, promise and values",
    "link": "https://www.symatese.com/who-are-we/our-mission-promise-and-values/",
    "timestamp": "unknown"
  },
  {
    "title": "Our story",
    "link": "https://www.symatese.com/who-are-we/our-story/",
    "timestamp": "unknown"
  },
  {
    "title": "Global presence and locations",
    "link": "https://www.symatese.com/who-are-we/global-presence-and-locations/",
    "timestamp": "unknown"
  },
  {
    "title": "Executive Leadership",
    "link": "https://www.symatese.com/who-are-we/executive-leadership/",
    "timestamp": "unknown"
  },
  {
    "title": "ScienceScience basedResearch and development",
    "link": "https://www.symatese.com/science/science-based/",
    "timestamp": "unknown"
  },
  {
    "title": "Science basedResearch and development",
    "link": "https://www.symatese.com/science/science-based/",
    "timestamp": "unknown"
  },
  {
    "title": "Science basedResearch and development",
    "link": "https://www.symatese.com/science/science-based/",
    "timestamp": "unknown"
  },
  {
    "title": "Science basedResearch and development",
    "link": "https://www.symatese.com/science/science-based/",
    "timestamp": "unknown"
  },
  {
    "title": "Science basedResearch and development",
    "link": "https://www.symatese.com/science/science-based/",
    "timestamp": "unknown"
  },
  {
    "title": "Science based",
    "link": "https://www.symatese.com/science/science-based/",
    "timestamp": "unknown"
  },
  {
    "title": "Research and development",
    "link": "https://www.symatese.com/science/research-and-development/",
    "timestamp": "unknown"
  },
  {
    "title": "SOLUTIONSTHERAPEUTICSTherapeuticsDermal ReconstructionNEVELIA\u00aeNEVELIA\u00ae ProAESTHETIC ESTYME\u00aeAesthethicsESTYME Dermal fillersESTYME Breast implantsBlack",
    "link": "https://www.symatese.com/solutions/therapeutics/",
    "timestamp": "unknown"
  },
  {
    "title": "THERAPEUTICS",
    "link": "https://www.symatese.com/solutions/therapeutics/",
    "timestamp": "unknown"
  },
  {
    "title": "THERAPEUTICS",
    "link": "https://www.symatese.com/solutions/therapeutics/",
    "timestamp": "unknown"
  },
  {
    "title": "THERAPEUTICS",
    "link": "https://www.symatese.com/solutions/therapeutics/",
    "timestamp": "unknown"
  },
  {
    "title": "TherapeuticsDermal ReconstructionNEVELIA\u00aeNEVELIA\u00ae Pro",
    "link": "https://www.symatese.com/solutions/therapeutics/",
    "timestamp": "unknown"
  },
  {
    "title": "TherapeuticsDermal ReconstructionNEVELIA\u00aeNEVELIA\u00ae Pro",
    "link": "https://www.symatese.com/solutions/therapeutics/",
    "timestamp": "unknown"
  },
  {
    "title": "TherapeuticsDermal ReconstructionNEVELIA\u00aeNEVELIA\u00ae Pro",
    "link": "https://www.symatese.com/solutions/therapeutics/",
    "timestamp": "unknown"
  },
  {
    "title": "TherapeuticsDermal ReconstructionNEVELIA\u00aeNEVELIA\u00ae Pro",
    "link": "https://www.symatese.com/solutions/therapeutics/",
    "timestamp": "unknown"
  },
  {
    "title": "TherapeuticsDermal ReconstructionNEVELIA\u00aeNEVELIA\u00ae Pro",
    "link": "https://www.symatese.com/solutions/therapeutics/",
    "timestamp": "unknown"
  },
  {
    "title": "Dermal ReconstructionNEVELIA\u00aeNEVELIA\u00ae Pro",
    "link": "https://symatese-aesthetics.com/solutions/dermal-reconstruction/",
    "timestamp": "unknown"
  },
  {
    "title": "Dermal ReconstructionNEVELIA\u00aeNEVELIA\u00ae Pro",
    "link": "https://symatese-aesthetics.com/solutions/dermal-reconstruction/",
    "timestamp": "unknown"
  },
  {
    "title": "NEVELIA\u00aeNEVELIA\u00ae Pro",
    "link": "https://symatese-aesthetics.com/solutions/dermal-reconstruction/nevelia/",
    "timestamp": "unknown"
  },
  {
    "title": "NEVELIA\u00ae",
    "link": "https://symatese-aesthetics.com/solutions/dermal-reconstruction/nevelia/",
    "timestamp": "unknown"
  },
  {
    "title": "NEVELIA\u00ae Pro",
    "link": "https://symatese-aesthetics.com/solutions/dermal-reconstruction/nevelia-pro/",
    "timestamp": "unknown"
  },
  {
    "title": "AESTHETIC ESTYME\u00ae",
    "link": "https://www.symatese.com/solutions/aesthetics/",
    "timestamp": "unknown"
  },
  {
    "title": "AESTHETIC ESTYME\u00ae",
    "link": "https://www.symatese.com/solutions/aesthetics/",
    "timestamp": "unknown"
  },
  {
    "title": "AESTHETIC ESTYME\u00ae",
    "link": "https://www.symatese.com/solutions/aesthetics/",
    "timestamp": "unknown"
  },
  {
    "title": "AesthethicsESTYME Dermal fillersESTYME Breast implantsBlack and black surgical",
    "link": "https://symatese-aesthetics.com/",
    "timestamp": "unknown"
  },
  {
    "title": "AesthethicsESTYME Dermal fillersESTYME Breast implantsBlack and black surgical",
    "link": "https://symatese-aesthetics.com/",
    "timestamp": "unknown"
  },
  {
    "title": "AesthethicsESTYME Dermal fillersESTYME Breast implantsBlack and black surgical",
    "link": "https://symatese-aesthetics.com/",
    "timestamp": "unknown"
  },
  {
    "title": "AesthethicsESTYME Dermal fillersESTYME Breast implantsBlack and black surgical",
    "link": "https://symatese-aesthetics.com/",
    "timestamp": "unknown"
  },
  {
    "title": "AesthethicsESTYME Dermal fillersESTYME Breast implantsBlack and black surgical",
    "link": "https://symatese-aesthetics.com/",
    "timestamp": "unknown"
  },
  {
    "title": "ESTYME Dermal fillersESTYME Breast implantsBlack and black surgical",
    "link": "https://www.symatese-lab.com/estyme/",
    "timestamp": "unknown"
  },
  {
    "title": "ESTYME Dermal fillers",
    "link": "https://www.symatese-lab.com/estyme/",
    "timestamp": "unknown"
  },
  {
    "title": "ESTYME Breast implants",
    "link": "https://symatese-aesthetics.com/solutions/breast-implants/",
    "timestamp": "unknown"
  },
  {
    "title": "Black and black surgical",
    "link": "https://symatese-aesthetics.com/solutions/black-and-black-surgical/",
    "timestamp": "unknown"
  },
  {
    "title": "AESTHETIC SEBBIN",
    "link": "https://www.symatese.com/solutions/sebbin/",
    "timestamp": "unknown"
  },
  {
    "title": "AESTHETIC SEBBIN",
    "link": "https://www.symatese.com/solutions/sebbin/",
    "timestamp": "unknown"
  },
  {
    "title": "AESTHETIC SEBBIN",
    "link": "https://www.symatese.com/solutions/sebbin/",
    "timestamp": "unknown"
  },
  {
    "title": "AesthethicsSEBBIN Breast implantsSEBBIN Body implantsSEBBIN Custom made implantsSEBBIN Lipofliting",
    "link": "https://www.symatese.com/solutions/sebbin/",
    "timestamp": "unknown"
  },
  {
    "title": "AesthethicsSEBBIN Breast implantsSEBBIN Body implantsSEBBIN Custom made implantsSEBBIN Lipofliting",
    "link": "https://www.symatese.com/solutions/sebbin/",
    "timestamp": "unknown"
  },
  {
    "title": "AesthethicsSEBBIN Breast implantsSEBBIN Body implantsSEBBIN Custom made implantsSEBBIN Lipofliting",
    "link": "https://www.symatese.com/solutions/sebbin/",
    "timestamp": "unknown"
  },
  {
    "title": "AesthethicsSEBBIN Breast implantsSEBBIN Body implantsSEBBIN Custom made implantsSEBBIN Lipofliting",
    "link": "https://www.symatese.com/solutions/sebbin/",
    "timestamp": "unknown"
  },
  {
    "title": "AesthethicsSEBBIN Breast implantsSEBBIN Body implantsSEBBIN Custom made implantsSEBBIN Lipofliting",
    "link": "https://www.symatese.com/solutions/sebbin/",
    "timestamp": "unknown"
  },
  {
    "title": "SEBBIN Breast implantsSEBBIN Body implantsSEBBIN Custom made implantsSEBBIN Lipofliting",
    "link": "https://www.sebbin.com/en/category/mammary-implants/",
    "timestamp": "unknown"
  },
  {
    "title": "SEBBIN Breast implants",
    "link": "https://www.sebbin.com/en/category/mammary-implants/",
    "timestamp": "unknown"
  },
  {
    "title": "SEBBIN Body implants",
    "link": "https://www.sebbin.com/en/category/implants-for-the-body/",
    "timestamp": "unknown"
  },
  {
    "title": "SEBBIN Custom made implants",
    "link": "https://www.sebbin.com/en/category/custom-made-implants/",
    "timestamp": "unknown"
  },
  {
    "title": "SEBBIN Lipofliting",
    "link": "https://www.sebbin.com/en/category/lipofilling-en/",
    "timestamp": "unknown"
  },
  {
    "title": "Administration systems",
    "link": "https://www.symatese.com/solutions/administration-systems/",
    "timestamp": "unknown"
  },
  {
    "title": "Administration systems",
    "link": "https://www.symatese.com/solutions/administration-systems/",
    "timestamp": "unknown"
  },
  {
    "title": "Administration systems",
    "link": "https://www.symatese.com/solutions/administration-systems/",
    "timestamp": "unknown"
  },
  {
    "title": "Administration systemsB2B Administration systemsAdministration system SD products",
    "link": "https://www.symatese.com/solutions/administration-systems/",
    "timestamp": "unknown"
  },
  {
    "title": "Administration systemsB2B Administration systemsAdministration system SD products",
    "link": "https://www.symatese.com/solutions/administration-systems/",
    "timestamp": "unknown"
  },
  {
    "title": "Administration systemsB2B Administration systemsAdministration system SD products",
    "link": "https://www.symatese.com/solutions/administration-systems/",
    "timestamp": "unknown"
  },
  {
    "title": "Administration systemsB2B Administration systemsAdministration system SD products",
    "link": "https://www.symatese.com/solutions/administration-systems/",
    "timestamp": "unknown"
  },
  {
    "title": "Administration systemsB2B Administration systemsAdministration system SD products",
    "link": "https://www.symatese.com/solutions/administration-systems/",
    "timestamp": "unknown"
  },
  {
    "title": "B2B Administration systemsAdministration system SD products",
    "link": "https://symatese-device.com/drug-delivery-devices/",
    "timestamp": "unknown"
  },
  {
    "title": "B2B Administration systems",
    "link": "https://symatese-device.com/drug-delivery-devices/",
    "timestamp": "unknown"
  },
  {
    "title": "Administration system SD products",
    "link": "https://symatese-device.com/solutions-produits-propres-sd/",
    "timestamp": "unknown"
  },
  {
    "title": "IMPACTCSR commitments and objectivesSymatese FoundationSymatese Charters",
    "link": "https://www.symatese.com/impact/csr-commitments-and-objectives/",
    "timestamp": "unknown"
  },
  {
    "title": "CSR commitments and objectivesSymatese FoundationSymatese Charters",
    "link": "https://www.symatese.com/impact/csr-commitments-and-objectives/",
    "timestamp": "unknown"
  },
  {
    "title": "CSR commitments and objectivesSymatese FoundationSymatese Charters",
    "link": "https://www.symatese.com/impact/csr-commitments-and-objectives/",
    "timestamp": "unknown"
  },
  {
    "title": "CSR commitments and objectivesSymatese FoundationSymatese Charters",
    "link": "https://www.symatese.com/impact/csr-commitments-and-objectives/",
    "timestamp": "unknown"
  },
  {
    "title": "CSR commitments and objectivesSymatese FoundationSymatese Charters",
    "link": "https://www.symatese.com/impact/csr-commitments-and-objectives/",
    "timestamp": "unknown"
  },
  {
    "title": "CSR commitments and objectives",
    "link": "https://www.symatese.com/impact/csr-commitments-and-objectives/",
    "timestamp": "unknown"
  },
  {
    "title": "Symatese Foundation",
    "link": "https://www.symatese.com/impact/symatese-foundation/",
    "timestamp": "unknown"
  },
  {
    "title": "Symatese Charters",
    "link": "https://www.symatese.com/impact/symatese-charters/",
    "timestamp": "unknown"
  },
  {
    "title": "NEWSView our latests news",
    "link": "https://www.symatese.com/news/",
    "timestamp": "unknown"
  },
  {
    "title": "View our latests news",
    "link": "https://www.symatese.com/news/",
    "timestamp": "unknown"
  },
  {
    "title": "View our latests news",
    "link": "https://www.symatese.com/news/",
    "timestamp": "unknown"
  },
  {
    "title": "View our latests news",
    "link": "https://www.symatese.com/news/",
    "timestamp": "unknown"
  },
  {
    "title": "View our latests news",
    "link": "https://www.symatese.com/news/",
    "timestamp": "unknown"
  },
  {
    "title": "View our latests news",
    "link": "https://www.symatese.com/news/",
    "timestamp": "unknown"
  },
  {
    "title": "CAREERSView open positions",
    "link": "https://www.symatese.com/careers/",
    "timestamp": "unknown"
  },
  {
    "title": "View open positions",
    "link": "https://www.symatese.com/careers/",
    "timestamp": "unknown"
  },
  {
    "title": "View open positions",
    "link": "https://www.symatese.com/careers/",
    "timestamp": "unknown"
  },
  {
    "title": "View open positions",
    "link": "https://www.symatese.com/careers/",
    "timestamp": "unknown"
  },
  {
    "title": "View open positions",
    "link": "https://www.symatese.com/careers/",
    "timestamp": "unknown"
  },
  {
    "title": "View open positions",
    "link": "https://www.symatese.com/careers/",
    "timestamp": "unknown"
  },
  {
    "title": "CONTACTGet in touch",
    "link": "https://www.symatese.com/contact/",
    "timestamp": "unknown"
  },
  {
    "title": "Get in touch",
    "link": "https://www.symatese.com/contact/",
    "timestamp": "unknown"
  },
  {
    "title": "Get in touch",
    "link": "https://www.symatese.com/contact/",
    "timestamp": "unknown"
  },
  {
    "title": "Get in touch",
    "link": "https://www.symatese.com/contact/",
    "timestamp": "unknown"
  },
  {
    "title": "Get in touch",
    "link": "https://www.symatese.com/contact/",
    "timestamp": "unknown"
  },
  {
    "title": "Get in touch",
    "link": "https://www.symatese.com/contact/",
    "timestamp": "unknown"
  },
  {
    "title": "NewsSYMATESE launches its ESTYME\u00ae injectable range in FranceMay ,SYMATESE Accelerates Global Expansion: Ambitious Growth StrategyMay ,SYMATESE announc",
    "link": "https://www.symatese.com/news/symatese-launches-its-estyme-injectable-range-in-france/",
    "timestamp": "unknown"
  },
  {
    "title": "NewsSYMATESE launches its ESTYME\u00ae injectable range in FranceMay ,SYMATESE Accelerates Global Expansion: Ambitious Growth StrategyMay ,SYMATESE announc",
    "link": "https://www.symatese.com/news/symatese-launches-its-estyme-injectable-range-in-france/",
    "timestamp": "unknown"
  },
  {
    "title": "SYMATESE launches its ESTYME\u00ae injectable range in FranceMay ,SYMATESE Accelerates Global Expansion: Ambitious Growth StrategyMay ,SYMATESE announces t",
    "link": "https://www.symatese.com/news/symatese-launches-its-estyme-injectable-range-in-france/",
    "timestamp": "unknown"
  },
  {
    "title": "SYMATESE launches its ESTYME\u00ae injectable range in FranceMay ,SYMATESE Accelerates Global Expansion: Ambitious Growth StrategyMay ,SYMATESE announces t",
    "link": "https://www.symatese.com/news/symatese-launches-its-estyme-injectable-range-in-france/",
    "timestamp": "unknown"
  },
  {
    "title": "SYMATESE launches its ESTYME\u00ae injectable range in FranceMay ,SYMATESE Accelerates Global Expansion: Ambitious Growth StrategyMay ,SYMATESE announces t",
    "link": "https://www.symatese.com/news/symatese-launches-its-estyme-injectable-range-in-france/",
    "timestamp": "unknown"
  },
  {
    "title": "SYMATESE launches its ESTYME\u00ae injectable range in FranceMay ,SYMATESE Accelerates Global Expansion: Ambitious Growth StrategyMay ,SYMATESE announces t",
    "link": "https://www.symatese.com/news/symatese-launches-its-estyme-injectable-range-in-france/",
    "timestamp": "unknown"
  },
  {
    "title": "SYMATESE launches its ESTYME\u00ae injectable range in FranceMay ,SYMATESE Accelerates Global Expansion: Ambitious Growth StrategyMay ,SYMATESE announces t",
    "link": "https://www.symatese.com/news/symatese-launches-its-estyme-injectable-range-in-france/",
    "timestamp": "unknown"
  },
  {
    "title": "SYMATESE launches its ESTYME\u00ae injectable range in FranceMay ,SYMATESE Accelerates Global Expansion: Ambitious Growth StrategyMay ,SYMATESE announces t",
    "link": "https://www.symatese.com/news/symatese-launches-its-estyme-injectable-range-in-france/",
    "timestamp": "unknown"
  },
  {
    "title": "SYMATESE launches its ESTYME\u00ae injectable range in FranceMay ,",
    "link": "https://www.symatese.com/news/symatese-launches-its-estyme-injectable-range-in-france/",
    "timestamp": "unknown"
  },
  {
    "title": "SYMATESE launches its ESTYME\u00ae injectable range in FranceMay ,",
    "link": "https://www.symatese.com/news/symatese-launches-its-estyme-injectable-range-in-france/",
    "timestamp": "unknown"
  },
  {
    "title": "SYMATESE launches its ESTYME\u00ae injectable range in FranceMay ,",
    "link": "https://www.symatese.com/news/symatese-launches-its-estyme-injectable-range-in-france/",
    "timestamp": "unknown"
  },
  {
    "title": "SYMATESE launches its ESTYME\u00ae injectable range in FranceMay ,",
    "link": "https://www.symatese.com/news/symatese-launches-its-estyme-injectable-range-in-france/",
    "timestamp": "unknown"
  },
  {
    "title": "SYMATESE launches its ESTYME\u00ae injectable range in FranceMay ,",
    "link": "https://www.symatese.com/news/symatese-launches-its-estyme-injectable-range-in-france/",
    "timestamp": "unknown"
  },
  {
    "title": "SYMATESE launches its ESTYME\u00ae injectable range in FranceMay ,",
    "link": "https://www.symatese.com/news/symatese-launches-its-estyme-injectable-range-in-france/",
    "timestamp": "unknown"
  },
  {
    "title": "SYMATESE Accelerates Global Expansion: Ambitious Growth StrategyMay ,",
    "link": "https://www.symatese.com/news/symatese-accelerates-global-expansion-ambitious-growth-strategy/",
    "timestamp": "unknown"
  },
  {
    "title": "SYMATESE Accelerates Global Expansion: Ambitious Growth StrategyMay ,",
    "link": "https://www.symatese.com/news/symatese-accelerates-global-expansion-ambitious-growth-strategy/",
    "timestamp": "unknown"
  },
  {
    "title": "SYMATESE Accelerates Global Expansion: Ambitious Growth StrategyMay ,",
    "link": "https://www.symatese.com/news/symatese-accelerates-global-expansion-ambitious-growth-strategy/",
    "timestamp": "unknown"
  },
  {
    "title": "SYMATESE Accelerates Global Expansion: Ambitious Growth StrategyMay ,",
    "link": "https://www.symatese.com/news/symatese-accelerates-global-expansion-ambitious-growth-strategy/",
    "timestamp": "unknown"
  },
  {
    "title": "SYMATESE Accelerates Global Expansion: Ambitious Growth StrategyMay ,",
    "link": "https://www.symatese.com/news/symatese-accelerates-global-expansion-ambitious-growth-strategy/",
    "timestamp": "unknown"
  },
  {
    "title": "SYMATESE Accelerates Global Expansion: Ambitious Growth StrategyMay ,",
    "link": "https://www.symatese.com/news/symatese-accelerates-global-expansion-ambitious-growth-strategy/",
    "timestamp": "unknown"
  },
  {
    "title": "SYMATESE announces the commercial Launch of Evolysse\u2122 in the USApril ,",
    "link": "https://www.symatese.com/news/symatese-announces-the-commercial-launch-of-evolysse-in-the-us/",
    "timestamp": "unknown"
  },
  {
    "title": "SYMATESE announces the commercial Launch of Evolysse\u2122 in the USApril ,",
    "link": "https://www.symatese.com/news/symatese-announces-the-commercial-launch-of-evolysse-in-the-us/",
    "timestamp": "unknown"
  },
  {
    "title": "SYMATESE announces the commercial Launch of Evolysse\u2122 in the USApril ,",
    "link": "https://www.symatese.com/news/symatese-announces-the-commercial-launch-of-evolysse-in-the-us/",
    "timestamp": "unknown"
  },
  {
    "title": "SYMATESE announces the commercial Launch of Evolysse\u2122 in the USApril ,",
    "link": "https://www.symatese.com/news/symatese-announces-the-commercial-launch-of-evolysse-in-the-us/",
    "timestamp": "unknown"
  },
  {
    "title": "SYMATESE announces the commercial Launch of Evolysse\u2122 in the USApril ,",
    "link": "https://www.symatese.com/news/symatese-announces-the-commercial-launch-of-evolysse-in-the-us/",
    "timestamp": "unknown"
  },
  {
    "title": "SYMATESE announces the commercial Launch of Evolysse\u2122 in the USApril ,",
    "link": "https://www.symatese.com/news/symatese-announces-the-commercial-launch-of-evolysse-in-the-us/",
    "timestamp": "unknown"
  },
  {
    "title": "SYMATESE Secures FDA Approval for EVOLYSSE\u2122February ,",
    "link": "https://www.symatese.com/news/symatese-secures-fda-approval-for-evolysse/",
    "timestamp": "unknown"
  },
  {
    "title": "SYMATESE Secures FDA Approval for EVOLYSSE\u2122February ,",
    "link": "https://www.symatese.com/news/symatese-secures-fda-approval-for-evolysse/",
    "timestamp": "unknown"
  },
  {
    "title": "SYMATESE Secures FDA Approval for EVOLYSSE\u2122February ,",
    "link": "https://www.symatese.com/news/symatese-secures-fda-approval-for-evolysse/",
    "timestamp": "unknown"
  },
  {
    "title": "SYMATESE Secures FDA Approval for EVOLYSSE\u2122February ,",
    "link": "https://www.symatese.com/news/symatese-secures-fda-approval-for-evolysse/",
    "timestamp": "unknown"
  },
  {
    "title": "SYMATESE Secures FDA Approval for EVOLYSSE\u2122February ,",
    "link": "https://www.symatese.com/news/symatese-secures-fda-approval-for-evolysse/",
    "timestamp": "unknown"
  },
  {
    "title": "SYMATESE Secures FDA Approval for EVOLYSSE\u2122February ,",
    "link": "https://www.symatese.com/news/symatese-secures-fda-approval-for-evolysse/",
    "timestamp": "unknown"
  },
  {
    "title": "SYMATESE previews COLD-X\u2122 TECHNOLOGY at IMCASFebruary ,",
    "link": "https://www.symatese.com/news/symatese-previews-cold-x-technology-at-imcas/",
    "timestamp": "unknown"
  },
  {
    "title": "SYMATESE previews COLD-X\u2122 TECHNOLOGY at IMCASFebruary ,",
    "link": "https://www.symatese.com/news/symatese-previews-cold-x-technology-at-imcas/",
    "timestamp": "unknown"
  },
  {
    "title": "SYMATESE previews COLD-X\u2122 TECHNOLOGY at IMCASFebruary ,",
    "link": "https://www.symatese.com/news/symatese-previews-cold-x-technology-at-imcas/",
    "timestamp": "unknown"
  },
  {
    "title": "SYMATESE previews COLD-X\u2122 TECHNOLOGY at IMCASFebruary ,",
    "link": "https://www.symatese.com/news/symatese-previews-cold-x-technology-at-imcas/",
    "timestamp": "unknown"
  },
  {
    "title": "SYMATESE previews COLD-X\u2122 TECHNOLOGY at IMCASFebruary ,",
    "link": "https://www.symatese.com/news/symatese-previews-cold-x-technology-at-imcas/",
    "timestamp": "unknown"
  },
  {
    "title": "SYMATESE previews COLD-X\u2122 TECHNOLOGY at IMCASFebruary ,",
    "link": "https://www.symatese.com/news/symatese-previews-cold-x-technology-at-imcas/",
    "timestamp": "unknown"
  },
  {
    "title": "SYMATESE DEVICE invites you to PharmapackJanuary ,",
    "link": "https://www.symatese.com/news/pharmapack-/",
    "timestamp": "unknown"
  },
  {
    "title": "SYMATESE DEVICE invites you to PharmapackJanuary ,",
    "link": "https://www.symatese.com/news/pharmapack-/",
    "timestamp": "unknown"
  },
  {
    "title": "SYMATESE DEVICE invites you to PharmapackJanuary ,",
    "link": "https://www.symatese.com/news/pharmapack-/",
    "timestamp": "unknown"
  },
  {
    "title": "SYMATESE DEVICE invites you to PharmapackJanuary ,",
    "link": "https://www.symatese.com/news/pharmapack-/",
    "timestamp": "unknown"
  },
  {
    "title": "SYMATESE DEVICE invites you to PharmapackJanuary ,",
    "link": "https://www.symatese.com/news/pharmapack-/",
    "timestamp": "unknown"
  },
  {
    "title": "SYMATESE DEVICE invites you to PharmapackJanuary ,",
    "link": "https://www.symatese.com/news/pharmapack-/",
    "timestamp": "unknown"
  },
  {
    "title": "SYMATESE reaches a decisive milestone!October ,",
    "link": "https://www.symatese.com/news/symatese-reaches-a-decisive-milestone/",
    "timestamp": "unknown"
  },
  {
    "title": "SYMATESE reaches a decisive milestone!October ,",
    "link": "https://www.symatese.com/news/symatese-reaches-a-decisive-milestone/",
    "timestamp": "unknown"
  },
  {
    "title": "SYMATESE reaches a decisive milestone!October ,",
    "link": "https://www.symatese.com/news/symatese-reaches-a-decisive-milestone/",
    "timestamp": "unknown"
  },
  {
    "title": "SYMATESE reaches a decisive milestone!October ,",
    "link": "https://www.symatese.com/news/symatese-reaches-a-decisive-milestone/",
    "timestamp": "unknown"
  },
  {
    "title": "SYMATESE reaches a decisive milestone!October ,",
    "link": "https://www.symatese.com/news/symatese-reaches-a-decisive-milestone/",
    "timestamp": "unknown"
  },
  {
    "title": "SYMATESE reaches a decisive milestone!October ,",
    "link": "https://www.symatese.com/news/symatese-reaches-a-decisive-milestone/",
    "timestamp": "unknown"
  },
  {
    "title": "SYMATESE Announces Submission to U.S. FDA for its Pre-market approval Application for its HA dermal fillersJune ,",
    "link": "https://www.symatese.com/news/symatese-announces-submission-to-u-s-fda-for-its-pre-market-approval-application-for-its-ha-dermal-fillers/",
    "timestamp": "unknown"
  },
  {
    "title": "SYMATESE Announces Submission to U.S. FDA for its Pre-market approval Application for its HA dermal fillersJune ,",
    "link": "https://www.symatese.com/news/symatese-announces-submission-to-u-s-fda-for-its-pre-market-approval-application-for-its-ha-dermal-fillers/",
    "timestamp": "unknown"
  },
  {
    "title": "SYMATESE Announces Submission to U.S. FDA for its Pre-market approval Application for its HA dermal fillersJune ,",
    "link": "https://www.symatese.com/news/symatese-announces-submission-to-u-s-fda-for-its-pre-market-approval-application-for-its-ha-dermal-fillers/",
    "timestamp": "unknown"
  },
  {
    "title": "SYMATESE Announces Submission to U.S. FDA for its Pre-market approval Application for its HA dermal fillersJune ,",
    "link": "https://www.symatese.com/news/symatese-announces-submission-to-u-s-fda-for-its-pre-market-approval-application-for-its-ha-dermal-fillers/",
    "timestamp": "unknown"
  },
  {
    "title": "SYMATESE Announces Submission to U.S. FDA for its Pre-market approval Application for its HA dermal fillersJune ,",
    "link": "https://www.symatese.com/news/symatese-announces-submission-to-u-s-fda-for-its-pre-market-approval-application-for-its-ha-dermal-fillers/",
    "timestamp": "unknown"
  },
  {
    "title": "SYMATESE Announces Submission to U.S. FDA for its Pre-market approval Application for its HA dermal fillersJune ,",
    "link": "https://www.symatese.com/news/symatese-announces-submission-to-u-s-fda-for-its-pre-market-approval-application-for-its-ha-dermal-fillers/",
    "timestamp": "unknown"
  },
  {
    "title": "SYMATESE DEVICE at \u201cThe Pharma Days\u201d in GenevaMay ,",
    "link": "https://www.symatese.com/news/symatese-device-at-the-pharma-days-in-geneva/",
    "timestamp": "unknown"
  },
  {
    "title": "SYMATESE DEVICE at \u201cThe Pharma Days\u201d in GenevaMay ,",
    "link": "https://www.symatese.com/news/symatese-device-at-the-pharma-days-in-geneva/",
    "timestamp": "unknown"
  },
  {
    "title": "SYMATESE DEVICE at \u201cThe Pharma Days\u201d in GenevaMay ,",
    "link": "https://www.symatese.com/news/symatese-device-at-the-pharma-days-in-geneva/",
    "timestamp": "unknown"
  },
  {
    "title": "SYMATESE DEVICE at \u201cThe Pharma Days\u201d in GenevaMay ,",
    "link": "https://www.symatese.com/news/symatese-device-at-the-pharma-days-in-geneva/",
    "timestamp": "unknown"
  },
  {
    "title": "SYMATESE DEVICE at \u201cThe Pharma Days\u201d in GenevaMay ,",
    "link": "https://www.symatese.com/news/symatese-device-at-the-pharma-days-in-geneva/",
    "timestamp": "unknown"
  },
  {
    "title": "SYMATESE DEVICE at \u201cThe Pharma Days\u201d in GenevaMay ,",
    "link": "https://www.symatese.com/news/symatese-device-at-the-pharma-days-in-geneva/",
    "timestamp": "unknown"
  },
  {
    "title": "Lacrifill\u00ae: a new dry eye treatment by Nordic PharmaApril ,",
    "link": "https://www.symatese.com/news/lacrifill-a-new-dry-eye-treatment-by-nordic-pharma/",
    "timestamp": "unknown"
  },
  {
    "title": "Lacrifill\u00ae: a new dry eye treatment by Nordic PharmaApril ,",
    "link": "https://www.symatese.com/news/lacrifill-a-new-dry-eye-treatment-by-nordic-pharma/",
    "timestamp": "unknown"
  },
  {
    "title": "Lacrifill\u00ae: a new dry eye treatment by Nordic PharmaApril ,",
    "link": "https://www.symatese.com/news/lacrifill-a-new-dry-eye-treatment-by-nordic-pharma/",
    "timestamp": "unknown"
  },
  {
    "title": "Lacrifill\u00ae: a new dry eye treatment by Nordic PharmaApril ,",
    "link": "https://www.symatese.com/news/lacrifill-a-new-dry-eye-treatment-by-nordic-pharma/",
    "timestamp": "unknown"
  },
  {
    "title": "Lacrifill\u00ae: a new dry eye treatment by Nordic PharmaApril ,",
    "link": "https://www.symatese.com/news/lacrifill-a-new-dry-eye-treatment-by-nordic-pharma/",
    "timestamp": "unknown"
  },
  {
    "title": "Lacrifill\u00ae: a new dry eye treatment by Nordic PharmaApril ,",
    "link": "https://www.symatese.com/news/lacrifill-a-new-dry-eye-treatment-by-nordic-pharma/",
    "timestamp": "unknown"
  },
  {
    "title": "SYMATESE celebrates  years with NEVELIA\u00aeApril ,",
    "link": "https://www.symatese.com/news/symatese-celebrates--years-with-nevelia/",
    "timestamp": "unknown"
  },
  {
    "title": "SYMATESE celebrates  years with NEVELIA\u00aeApril ,",
    "link": "https://www.symatese.com/news/symatese-celebrates--years-with-nevelia/",
    "timestamp": "unknown"
  },
  {
    "title": "SYMATESE celebrates  years with NEVELIA\u00aeApril ,",
    "link": "https://www.symatese.com/news/symatese-celebrates--years-with-nevelia/",
    "timestamp": "unknown"
  },
  {
    "title": "SYMATESE celebrates  years with NEVELIA\u00aeApril ,",
    "link": "https://www.symatese.com/news/symatese-celebrates--years-with-nevelia/",
    "timestamp": "unknown"
  },
  {
    "title": "SYMATESE celebrates  years with NEVELIA\u00aeApril ,",
    "link": "https://www.symatese.com/news/symatese-celebrates--years-with-nevelia/",
    "timestamp": "unknown"
  },
  {
    "title": "SYMATESE celebrates  years with NEVELIA\u00aeApril ,",
    "link": "https://www.symatese.com/news/symatese-celebrates--years-with-nevelia/",
    "timestamp": "unknown"
  },
  {
    "title": "SYMATESE launches SYMATESE LABApril ,",
    "link": "https://www.symatese.com/news/symatese-becomes-symatese-lab/",
    "timestamp": "unknown"
  },
  {
    "title": "SYMATESE launches SYMATESE LABApril ,",
    "link": "https://www.symatese.com/news/symatese-becomes-symatese-lab/",
    "timestamp": "unknown"
  },
  {
    "title": "SYMATESE launches SYMATESE LABApril ,",
    "link": "https://www.symatese.com/news/symatese-becomes-symatese-lab/",
    "timestamp": "unknown"
  },
  {
    "title": "SYMATESE launches SYMATESE LABApril ,",
    "link": "https://www.symatese.com/news/symatese-becomes-symatese-lab/",
    "timestamp": "unknown"
  },
  {
    "title": "SYMATESE launches SYMATESE LABApril ,",
    "link": "https://www.symatese.com/news/symatese-becomes-symatese-lab/",
    "timestamp": "unknown"
  },
  {
    "title": "SYMATESE launches SYMATESE LABApril ,",
    "link": "https://www.symatese.com/news/symatese-becomes-symatese-lab/",
    "timestamp": "unknown"
  },
  {
    "title": "Anatomical structures can be reconstructed naturallyLinkedin-inYoutubeWho are weSYMATESE at a glanceOur mission, priomise & valuesOur storyGlobal pres",
    "link": "https://www.linkedin.com/company/symatese/",
    "timestamp": "unknown"
  },
  {
    "title": "Anatomical structures can be reconstructed naturallyLinkedin-inYoutubeWho are weSYMATESE at a glanceOur mission, priomise & valuesOur storyGlobal pres",
    "link": "https://www.linkedin.com/company/symatese/",
    "timestamp": "unknown"
  },
  {
    "title": "Anatomical structures can be reconstructed naturallyLinkedin-inYoutube",
    "link": "https://www.linkedin.com/company/symatese/",
    "timestamp": "unknown"
  },
  {
    "title": "Linkedin-inYoutube",
    "link": "https://www.linkedin.com/company/symatese/",
    "timestamp": "unknown"
  },
  {
    "title": "Linkedin-inYoutube",
    "link": "https://www.linkedin.com/company/symatese/",
    "timestamp": "unknown"
  },
  {
    "title": "Linkedin-inYoutube",
    "link": "https://www.linkedin.com/company/symatese/",
    "timestamp": "unknown"
  },
  {
    "title": "Who are weSYMATESE at a glanceOur mission, priomise & valuesOur storyGlobal presence & locationsExecutive leadership",
    "link": "https://www.symatese.com/who-are-we/at-a-glance/",
    "timestamp": "unknown"
  },
  {
    "title": "Who are weSYMATESE at a glanceOur mission, priomise & valuesOur storyGlobal presence & locationsExecutive leadership",
    "link": "https://www.symatese.com/who-are-we/at-a-glance/",
    "timestamp": "unknown"
  },
  {
    "title": "Who are weSYMATESE at a glanceOur mission, priomise & valuesOur storyGlobal presence & locationsExecutive leadership",
    "link": "https://www.symatese.com/who-are-we/at-a-glance/",
    "timestamp": "unknown"
  },
  {
    "title": "Who are weSYMATESE at a glanceOur mission, priomise & valuesOur storyGlobal presence & locationsExecutive leadership",
    "link": "https://www.symatese.com/who-are-we/at-a-glance/",
    "timestamp": "unknown"
  },
  {
    "title": "SYMATESE at a glanceOur mission, priomise & valuesOur storyGlobal presence & locationsExecutive leadership",
    "link": "https://www.symatese.com/who-are-we/at-a-glance/",
    "timestamp": "unknown"
  },
  {
    "title": "SYMATESE at a glanceOur mission, priomise & valuesOur storyGlobal presence & locationsExecutive leadership",
    "link": "https://www.symatese.com/who-are-we/at-a-glance/",
    "timestamp": "unknown"
  },
  {
    "title": "SYMATESE at a glance",
    "link": "https://www.symatese.com/who-are-we/at-a-glance/",
    "timestamp": "unknown"
  },
  {
    "title": "Our mission, priomise & values",
    "link": "https://www.symatese.com/who-are-we/our-mission-promise-and-values/",
    "timestamp": "unknown"
  },
  {
    "title": "Our story",
    "link": "https://www.symatese.com/who-are-we/our-story/",
    "timestamp": "unknown"
  },
  {
    "title": "Global presence & locations",
    "link": "https://www.symatese.com/who-are-we/global-presence-and-locations/",
    "timestamp": "unknown"
  },
  {
    "title": "Executive leadership",
    "link": "https://www.symatese.com/who-are-we/executive-leadership/",
    "timestamp": "unknown"
  },
  {
    "title": "ScienceScience based companyResearch & Development",
    "link": "https://www.symatese.com/science/science-based/",
    "timestamp": "unknown"
  },
  {
    "title": "ScienceScience based companyResearch & Development",
    "link": "https://www.symatese.com/science/science-based/",
    "timestamp": "unknown"
  },
  {
    "title": "Science based companyResearch & Development",
    "link": "https://www.symatese.com/science/science-based/",
    "timestamp": "unknown"
  },
  {
    "title": "Science based companyResearch & Development",
    "link": "https://www.symatese.com/science/science-based/",
    "timestamp": "unknown"
  },
  {
    "title": "Science based company",
    "link": "https://www.symatese.com/science/science-based/",
    "timestamp": "unknown"
  },
  {
    "title": "Research & Development",
    "link": "https://www.symatese.com/science/research-and-development/",
    "timestamp": "unknown"
  },
  {
    "title": "SolutionsTherapeuticsAestheticsAdministration systems",
    "link": "https://www.symatese.com/solutions/therapeutics/",
    "timestamp": "unknown"
  },
  {
    "title": "SolutionsTherapeuticsAestheticsAdministration systems",
    "link": "https://www.symatese.com/solutions/therapeutics/",
    "timestamp": "unknown"
  },
  {
    "title": "TherapeuticsAestheticsAdministration systems",
    "link": "https://www.symatese.com/solutions/therapeutics/",
    "timestamp": "unknown"
  },
  {
    "title": "TherapeuticsAestheticsAdministration systems",
    "link": "https://www.symatese.com/solutions/therapeutics/",
    "timestamp": "unknown"
  },
  {
    "title": "Therapeutics",
    "link": "https://www.symatese.com/solutions/therapeutics/",
    "timestamp": "unknown"
  },
  {
    "title": "Aesthetics",
    "link": "https://www.symatese.com/solutions/aesthetics/",
    "timestamp": "unknown"
  },
  {
    "title": "Administration systems",
    "link": "https://www.symatese.com/solutions/administration-systems/",
    "timestamp": "unknown"
  },
  {
    "title": "ImpactOur CSR commitments & objectivesSYMATESE FoundationSYMATESE Charters",
    "link": "https://www.symatese.com/impact/csr-commitments-and-objectives/",
    "timestamp": "unknown"
  },
  {
    "title": "ImpactOur CSR commitments & objectivesSYMATESE FoundationSYMATESE Charters",
    "link": "https://www.symatese.com/impact/csr-commitments-and-objectives/",
    "timestamp": "unknown"
  },
  {
    "title": "Our CSR commitments & objectivesSYMATESE FoundationSYMATESE Charters",
    "link": "https://www.symatese.com/impact/csr-commitments-and-objectives/",
    "timestamp": "unknown"
  },
  {
    "title": "Our CSR commitments & objectivesSYMATESE FoundationSYMATESE Charters",
    "link": "https://www.symatese.com/impact/csr-commitments-and-objectives/",
    "timestamp": "unknown"
  },
  {
    "title": "Our CSR commitments & objectives",
    "link": "https://www.symatese.com/impact/csr-commitments-and-objectives/",
    "timestamp": "unknown"
  },
  {
    "title": "SYMATESE Foundation",
    "link": "https://www.symatese.com/impact/symatese-foundation/",
    "timestamp": "unknown"
  },
  {
    "title": "SYMATESE Charters",
    "link": "https://www.symatese.com/impact/symatese-charters/",
    "timestamp": "unknown"
  },
  {
    "title": "NewsCareersContact",
    "link": "https://www.symatese.com/news/",
    "timestamp": "unknown"
  },
  {
    "title": "NewsCareersContact",
    "link": "https://www.symatese.com/news/",
    "timestamp": "unknown"
  },
  {
    "title": "News",
    "link": "https://www.symatese.com/news/",
    "timestamp": "unknown"
  },
  {
    "title": "News",
    "link": "https://www.symatese.com/news/",
    "timestamp": "unknown"
  },
  {
    "title": "Careers",
    "link": "https://www.symatese.com/careers/",
    "timestamp": "unknown"
  },
  {
    "title": "Careers",
    "link": "https://www.symatese.com/careers/",
    "timestamp": "unknown"
  },
  {
    "title": "Contact",
    "link": "https://www.symatese.com/contact/",
    "timestamp": "unknown"
  },
  {
    "title": "Contact",
    "link": "https://www.symatese.com/contact/",
    "timestamp": "unknown"
  },
  {
    "title": "Copyright \u00a9 SymatesePrivacy policyLegal notice",
    "link": "https://www.symatese.com/privacy-policy/",
    "timestamp": "unknown"
  },
  {
    "title": "Copyright \u00a9 SymatesePrivacy policyLegal notice",
    "link": "https://www.symatese.com/privacy-policy/",
    "timestamp": "unknown"
  },
  {
    "title": "Copyright \u00a9 SymatesePrivacy policyLegal notice",
    "link": "https://www.symatese.com/privacy-policy/",
    "timestamp": "unknown"
  },
  {
    "title": "Copyright \u00a9 SymatesePrivacy policyLegal notice",
    "link": "https://www.symatese.com/privacy-policy/",
    "timestamp": "unknown"
  },
  {
    "title": "Copyright \u00a9 SymatesePrivacy policyLegal notice",
    "link": "https://www.symatese.com/privacy-policy/",
    "timestamp": "unknown"
  },
  {
    "title": "Copyright \u00a9 SymatesePrivacy policyLegal notice",
    "link": "https://www.symatese.com/privacy-policy/",
    "timestamp": "unknown"
  },
  {
    "title": "Privacy policyLegal notice",
    "link": "https://www.symatese.com/privacy-policy/",
    "timestamp": "unknown"
  },
  {
    "title": "Privacy policyLegal notice",
    "link": "https://www.symatese.com/privacy-policy/",
    "timestamp": "unknown"
  },
  {
    "title": "Privacy policyLegal notice",
    "link": "https://www.symatese.com/privacy-policy/",
    "timestamp": "unknown"
  },
  {
    "title": "Privacy policyLegal notice",
    "link": "https://www.symatese.com/privacy-policy/",
    "timestamp": "unknown"
  },
  {
    "title": "Privacy policy",
    "link": "https://www.symatese.com/privacy-policy/",
    "timestamp": "unknown"
  },
  {
    "title": "Legal notice",
    "link": "https://www.symatese.com/?page_id=",
    "timestamp": "unknown"
  }
]