[
  {
    "title": "AboutNews & EventsNews ReleasesEventsAnnual MeetingResultsStock InformationStock Quote & ChartAnalyst CoverageRegulated InformationGovernanceGovernanc",
    "link": "https://www.waldencast.com/",
    "timestamp": "unknown"
  },
  {
    "title": "About",
    "link": "https://www.waldencast.com/",
    "timestamp": "unknown"
  },
  {
    "title": "News & EventsNews ReleasesEventsAnnual Meeting",
    "link": "https://ir.waldencast.com/news-events/news-releases",
    "timestamp": "unknown"
  },
  {
    "title": "News ReleasesEventsAnnual Meeting",
    "link": "https://ir.waldencast.com/news-events/news-releases",
    "timestamp": "unknown"
  },
  {
    "title": "News ReleasesEventsAnnual Meeting",
    "link": "https://ir.waldencast.com/news-events/news-releases",
    "timestamp": "unknown"
  },
  {
    "title": "News Releases",
    "link": "https://ir.waldencast.com/news-events/news-releases",
    "timestamp": "unknown"
  },
  {
    "title": "Events",
    "link": "https://ir.waldencast.com/news-events/events",
    "timestamp": "unknown"
  },
  {
    "title": "Annual Meeting",
    "link": "https://ir.waldencast.com/news-events/annual-meeting",
    "timestamp": "unknown"
  },
  {
    "title": "Results",
    "link": "https://ir.waldencast.com/fiscal-year-earnings",
    "timestamp": "unknown"
  },
  {
    "title": "Stock InformationStock Quote & ChartAnalyst Coverage",
    "link": "https://ir.waldencast.com/stock-information/stock-quote-chart",
    "timestamp": "unknown"
  },
  {
    "title": "Stock Quote & ChartAnalyst Coverage",
    "link": "https://ir.waldencast.com/stock-information/stock-quote-chart",
    "timestamp": "unknown"
  },
  {
    "title": "Stock Quote & ChartAnalyst Coverage",
    "link": "https://ir.waldencast.com/stock-information/stock-quote-chart",
    "timestamp": "unknown"
  },
  {
    "title": "Stock Quote & Chart",
    "link": "https://ir.waldencast.com/stock-information/stock-quote-chart",
    "timestamp": "unknown"
  },
  {
    "title": "Analyst Coverage",
    "link": "https://ir.waldencast.com/stock-information/analyst-coverage",
    "timestamp": "unknown"
  },
  {
    "title": "Regulated Information",
    "link": "https://ir.waldencast.com/financial-information/sec-filings",
    "timestamp": "unknown"
  },
  {
    "title": "GovernanceGovernance DocumentsManagementBoard of DirectorsWhistleblower",
    "link": "https://ir.waldencast.com/corporate-governance/governance-documents",
    "timestamp": "unknown"
  },
  {
    "title": "Governance DocumentsManagementBoard of DirectorsWhistleblower",
    "link": "https://ir.waldencast.com/corporate-governance/governance-documents",
    "timestamp": "unknown"
  },
  {
    "title": "Governance DocumentsManagementBoard of DirectorsWhistleblower",
    "link": "https://ir.waldencast.com/corporate-governance/governance-documents",
    "timestamp": "unknown"
  },
  {
    "title": "Governance Documents",
    "link": "https://ir.waldencast.com/corporate-governance/governance-documents",
    "timestamp": "unknown"
  },
  {
    "title": "Management",
    "link": "https://www.waldencast.com/our-team",
    "timestamp": "unknown"
  },
  {
    "title": "Board of Directors",
    "link": "https://www.waldencast.com/our-team",
    "timestamp": "unknown"
  },
  {
    "title": "Whistleblower",
    "link": "https://www.whistleblowerservices.com/WALD",
    "timestamp": "unknown"
  },
  {
    "title": "IR ResourcesInvestor FAQsContact IREmail Alerts",
    "link": "https://ir.waldencast.com/ir-resources/investor-faqs",
    "timestamp": "unknown"
  },
  {
    "title": "Investor FAQsContact IREmail Alerts",
    "link": "https://ir.waldencast.com/ir-resources/investor-faqs",
    "timestamp": "unknown"
  },
  {
    "title": "Investor FAQsContact IREmail Alerts",
    "link": "https://ir.waldencast.com/ir-resources/investor-faqs",
    "timestamp": "unknown"
  },
  {
    "title": "Investor FAQs",
    "link": "https://ir.waldencast.com/ir-resources/investor-faqs",
    "timestamp": "unknown"
  },
  {
    "title": "Contact IR",
    "link": "https://ir.waldencast.com/ir-resources/contact-ir",
    "timestamp": "unknown"
  },
  {
    "title": "Email Alerts",
    "link": "https://ir.waldencast.com/ir-resources/email-alerts",
    "timestamp": "unknown"
  },
  {
    "title": "AboutNews & EventsNews ReleasesEventsAnnual MeetingResultsStock InformationStock Quote & ChartAnalyst CoverageRegulated InformationGovernanceGovernanc",
    "link": "https://www.waldencast.com/",
    "timestamp": "unknown"
  },
  {
    "title": "About",
    "link": "https://www.waldencast.com/",
    "timestamp": "unknown"
  },
  {
    "title": "News & EventsNews ReleasesEventsAnnual Meeting",
    "link": "https://ir.waldencast.com/news-events/news-releases",
    "timestamp": "unknown"
  },
  {
    "title": "News ReleasesEventsAnnual Meeting",
    "link": "https://ir.waldencast.com/news-events/news-releases",
    "timestamp": "unknown"
  },
  {
    "title": "News ReleasesEventsAnnual Meeting",
    "link": "https://ir.waldencast.com/news-events/news-releases",
    "timestamp": "unknown"
  },
  {
    "title": "News Releases",
    "link": "https://ir.waldencast.com/news-events/news-releases",
    "timestamp": "unknown"
  },
  {
    "title": "Events",
    "link": "https://ir.waldencast.com/news-events/events",
    "timestamp": "unknown"
  },
  {
    "title": "Annual Meeting",
    "link": "https://ir.waldencast.com/news-events/annual-meeting",
    "timestamp": "unknown"
  },
  {
    "title": "Results",
    "link": "https://ir.waldencast.com/fiscal-year-earnings",
    "timestamp": "unknown"
  },
  {
    "title": "Stock InformationStock Quote & ChartAnalyst Coverage",
    "link": "https://ir.waldencast.com/stock-information/stock-quote-chart",
    "timestamp": "unknown"
  },
  {
    "title": "Stock Quote & ChartAnalyst Coverage",
    "link": "https://ir.waldencast.com/stock-information/stock-quote-chart",
    "timestamp": "unknown"
  },
  {
    "title": "Stock Quote & ChartAnalyst Coverage",
    "link": "https://ir.waldencast.com/stock-information/stock-quote-chart",
    "timestamp": "unknown"
  },
  {
    "title": "Stock Quote & Chart",
    "link": "https://ir.waldencast.com/stock-information/stock-quote-chart",
    "timestamp": "unknown"
  },
  {
    "title": "Analyst Coverage",
    "link": "https://ir.waldencast.com/stock-information/analyst-coverage",
    "timestamp": "unknown"
  },
  {
    "title": "Regulated Information",
    "link": "https://ir.waldencast.com/financial-information/sec-filings",
    "timestamp": "unknown"
  },
  {
    "title": "GovernanceGovernance DocumentsManagementBoard of DirectorsWhistleblower",
    "link": "https://ir.waldencast.com/corporate-governance/governance-documents",
    "timestamp": "unknown"
  },
  {
    "title": "Governance DocumentsManagementBoard of DirectorsWhistleblower",
    "link": "https://ir.waldencast.com/corporate-governance/governance-documents",
    "timestamp": "unknown"
  },
  {
    "title": "Governance DocumentsManagementBoard of DirectorsWhistleblower",
    "link": "https://ir.waldencast.com/corporate-governance/governance-documents",
    "timestamp": "unknown"
  },
  {
    "title": "Governance Documents",
    "link": "https://ir.waldencast.com/corporate-governance/governance-documents",
    "timestamp": "unknown"
  },
  {
    "title": "Management",
    "link": "https://www.waldencast.com/our-team",
    "timestamp": "unknown"
  },
  {
    "title": "Board of Directors",
    "link": "https://www.waldencast.com/our-team",
    "timestamp": "unknown"
  },
  {
    "title": "Whistleblower",
    "link": "https://www.whistleblowerservices.com/WALD",
    "timestamp": "unknown"
  },
  {
    "title": "IR ResourcesInvestor FAQsContact IREmail Alerts",
    "link": "https://ir.waldencast.com/ir-resources/investor-faqs",
    "timestamp": "unknown"
  },
  {
    "title": "Investor FAQsContact IREmail Alerts",
    "link": "https://ir.waldencast.com/ir-resources/investor-faqs",
    "timestamp": "unknown"
  },
  {
    "title": "Investor FAQsContact IREmail Alerts",
    "link": "https://ir.waldencast.com/ir-resources/investor-faqs",
    "timestamp": "unknown"
  },
  {
    "title": "Investor FAQs",
    "link": "https://ir.waldencast.com/ir-resources/investor-faqs",
    "timestamp": "unknown"
  },
  {
    "title": "Contact IR",
    "link": "https://ir.waldencast.com/ir-resources/contact-ir",
    "timestamp": "unknown"
  },
  {
    "title": "Email Alerts",
    "link": "https://ir.waldencast.com/ir-resources/email-alerts",
    "timestamp": "unknown"
  },
  {
    "title": "Past EventsWaldencast plc First Quarter Fiscal  Earnings CallMay ,EDTClick here for webcastFirst Quarter Fiscal  Earnings Presentation. MBQ1  Transcri",
    "link": "https://ir.waldencast.com/events/event-details/waldencast-plc-first-quarter-fiscal--earnings-call",
    "timestamp": "unknown"
  },
  {
    "title": "Past EventsWaldencast plc First Quarter Fiscal  Earnings CallMay ,EDTClick here for webcastFirst Quarter Fiscal  Earnings Presentation. MBQ1  Transcri",
    "link": "https://ir.waldencast.com/events/event-details/waldencast-plc-first-quarter-fiscal--earnings-call",
    "timestamp": "unknown"
  },
  {
    "title": "Past EventsWaldencast plc First Quarter Fiscal  Earnings CallMay ,EDTClick here for webcastFirst Quarter Fiscal  Earnings Presentation. MBQ1  Transcri",
    "link": "https://ir.waldencast.com/events/event-details/waldencast-plc-first-quarter-fiscal--earnings-call",
    "timestamp": "unknown"
  },
  {
    "title": "Past EventsWaldencast plc First Quarter Fiscal  Earnings CallMay ,EDTClick here for webcastFirst Quarter Fiscal  Earnings Presentation. MBQ1  Transcri",
    "link": "https://ir.waldencast.com/events/event-details/waldencast-plc-first-quarter-fiscal--earnings-call",
    "timestamp": "unknown"
  },
  {
    "title": "Past EventsWaldencast plc First Quarter Fiscal  Earnings CallMay ,EDTClick here for webcastFirst Quarter Fiscal  Earnings Presentation. MBQ1  Transcri",
    "link": "https://ir.waldencast.com/events/event-details/waldencast-plc-first-quarter-fiscal--earnings-call",
    "timestamp": "unknown"
  },
  {
    "title": "Past EventsWaldencast plc First Quarter Fiscal  Earnings CallMay ,EDTClick here for webcastFirst Quarter Fiscal  Earnings Presentation. MBQ1  Transcri",
    "link": "https://ir.waldencast.com/events/event-details/waldencast-plc-first-quarter-fiscal--earnings-call",
    "timestamp": "unknown"
  },
  {
    "title": "Past EventsWaldencast plc First Quarter Fiscal  Earnings CallMay ,EDTClick here for webcastFirst Quarter Fiscal  Earnings Presentation. MBQ1  Transcri",
    "link": "https://ir.waldencast.com/events/event-details/waldencast-plc-first-quarter-fiscal--earnings-call",
    "timestamp": "unknown"
  },
  {
    "title": "Past EventsWaldencast plc First Quarter Fiscal  Earnings CallMay ,EDTClick here for webcastFirst Quarter Fiscal  Earnings Presentation. MBQ1  Transcri",
    "link": "https://ir.waldencast.com/events/event-details/waldencast-plc-first-quarter-fiscal--earnings-call",
    "timestamp": "unknown"
  },
  {
    "title": "Past EventsWaldencast plc First Quarter Fiscal  Earnings CallMay ,EDTClick here for webcastFirst Quarter Fiscal  Earnings Presentation. MBQ1  Transcri",
    "link": "https://ir.waldencast.com/events/event-details/waldencast-plc-first-quarter-fiscal--earnings-call",
    "timestamp": "unknown"
  },
  {
    "title": "Past EventsWaldencast plc First Quarter Fiscal  Earnings CallMay ,EDTClick here for webcastFirst Quarter Fiscal  Earnings Presentation. MBQ1  Transcri",
    "link": "https://ir.waldencast.com/events/event-details/waldencast-plc-first-quarter-fiscal--earnings-call",
    "timestamp": "unknown"
  },
  {
    "title": "Past EventsWaldencast plc First Quarter Fiscal  Earnings CallMay ,EDTClick here for webcastFirst Quarter Fiscal  Earnings Presentation. MBQ1  Transcri",
    "link": "https://ir.waldencast.com/events/event-details/waldencast-plc-first-quarter-fiscal--earnings-call",
    "timestamp": "unknown"
  },
  {
    "title": "Past EventsWaldencast plc First Quarter Fiscal  Earnings CallMay ,EDTClick here for webcastFirst Quarter Fiscal  Earnings Presentation. MBQ1  Transcri",
    "link": "https://ir.waldencast.com/events/event-details/waldencast-plc-first-quarter-fiscal--earnings-call",
    "timestamp": "unknown"
  },
  {
    "title": "Past EventsWaldencast plc First Quarter Fiscal  Earnings CallMay ,EDTClick here for webcastFirst Quarter Fiscal  Earnings Presentation. MBQ1  Transcri",
    "link": "https://ir.waldencast.com/events/event-details/waldencast-plc-first-quarter-fiscal--earnings-call",
    "timestamp": "unknown"
  },
  {
    "title": "Past EventsWaldencast plc First Quarter Fiscal  Earnings CallMay ,EDTClick here for webcastFirst Quarter Fiscal  Earnings Presentation. MBQ1  Transcri",
    "link": "https://ir.waldencast.com/events/event-details/waldencast-plc-first-quarter-fiscal--earnings-call",
    "timestamp": "unknown"
  },
  {
    "title": "Past EventsWaldencast plc First Quarter Fiscal  Earnings CallMay ,EDTClick here for webcastFirst Quarter Fiscal  Earnings Presentation. MBQ1  Transcri",
    "link": "https://ir.waldencast.com/events/event-details/waldencast-plc-first-quarter-fiscal--earnings-call",
    "timestamp": "unknown"
  },
  {
    "title": "Past EventsWaldencast plc First Quarter Fiscal  Earnings CallMay ,EDTClick here for webcastFirst Quarter Fiscal  Earnings Presentation. MBQ1  Transcri",
    "link": "https://ir.waldencast.com/events/event-details/waldencast-plc-first-quarter-fiscal--earnings-call",
    "timestamp": "unknown"
  },
  {
    "title": "Past EventsWaldencast plc First Quarter Fiscal  Earnings CallMay ,EDTClick here for webcastFirst Quarter Fiscal  Earnings Presentation. MBQ1  Transcri",
    "link": "https://ir.waldencast.com/events/event-details/waldencast-plc-first-quarter-fiscal--earnings-call",
    "timestamp": "unknown"
  },
  {
    "title": "Past EventsWaldencast plc First Quarter Fiscal  Earnings CallMay ,EDTClick here for webcastFirst Quarter Fiscal  Earnings Presentation. MBQ1  Transcri",
    "link": "https://ir.waldencast.com/events/event-details/waldencast-plc-first-quarter-fiscal--earnings-call",
    "timestamp": "unknown"
  },
  {
    "title": "Past EventsWaldencast plc First Quarter Fiscal  Earnings CallMay ,EDTClick here for webcastFirst Quarter Fiscal  Earnings Presentation. MBQ1  Transcri",
    "link": "https://ir.waldencast.com/events/event-details/waldencast-plc-first-quarter-fiscal--earnings-call",
    "timestamp": "unknown"
  },
  {
    "title": "Past EventsWaldencast plc First Quarter Fiscal  Earnings CallMay ,EDTClick here for webcastFirst Quarter Fiscal  Earnings Presentation. MBQ1  Transcri",
    "link": "https://ir.waldencast.com/events/event-details/waldencast-plc-first-quarter-fiscal--earnings-call",
    "timestamp": "unknown"
  },
  {
    "title": "Waldencast plc First Quarter Fiscal  Earnings CallMay ,EDTClick here for webcastFirst Quarter Fiscal  Earnings Presentation. MBQ1  Transcript. KBWalde",
    "link": "https://ir.waldencast.com/events/event-details/waldencast-plc-first-quarter-fiscal--earnings-call",
    "timestamp": "unknown"
  },
  {
    "title": "Waldencast plc First Quarter Fiscal  Earnings CallMay ,EDTClick here for webcastFirst Quarter Fiscal  Earnings Presentation. MBQ1  Transcript. KBWalde",
    "link": "https://ir.waldencast.com/events/event-details/waldencast-plc-first-quarter-fiscal--earnings-call",
    "timestamp": "unknown"
  },
  {
    "title": "Waldencast plc First Quarter Fiscal  Earnings CallMay ,EDTClick here for webcastFirst Quarter Fiscal  Earnings Presentation. MBQ1  Transcript. KB",
    "link": "https://ir.waldencast.com/events/event-details/waldencast-plc-first-quarter-fiscal--earnings-call",
    "timestamp": "unknown"
  },
  {
    "title": "Waldencast plc First Quarter Fiscal  Earnings CallMay ,EDTClick here for webcastFirst Quarter Fiscal  Earnings Presentation. MBQ1  Transcript. KB",
    "link": "https://ir.waldencast.com/events/event-details/waldencast-plc-first-quarter-fiscal--earnings-call",
    "timestamp": "unknown"
  },
  {
    "title": "Waldencast plc First Quarter Fiscal  Earnings CallMay ,EDT",
    "link": "https://ir.waldencast.com/events/event-details/waldencast-plc-first-quarter-fiscal--earnings-call",
    "timestamp": "unknown"
  },
  {
    "title": "Waldencast plc First Quarter Fiscal  Earnings CallMay ,EDT",
    "link": "https://ir.waldencast.com/events/event-details/waldencast-plc-first-quarter-fiscal--earnings-call",
    "timestamp": "unknown"
  },
  {
    "title": "Waldencast plc First Quarter Fiscal  Earnings CallMay ,EDT",
    "link": "https://ir.waldencast.com/events/event-details/waldencast-plc-first-quarter-fiscal--earnings-call",
    "timestamp": "unknown"
  },
  {
    "title": "Waldencast plc First Quarter Fiscal  Earnings CallMay ,EDT",
    "link": "https://ir.waldencast.com/events/event-details/waldencast-plc-first-quarter-fiscal--earnings-call",
    "timestamp": "unknown"
  },
  {
    "title": "Waldencast plc First Quarter Fiscal  Earnings Call",
    "link": "https://ir.waldencast.com/events/event-details/waldencast-plc-first-quarter-fiscal--earnings-call",
    "timestamp": "unknown"
  },
  {
    "title": "Waldencast plc First Quarter Fiscal  Earnings Call",
    "link": "https://ir.waldencast.com/events/event-details/waldencast-plc-first-quarter-fiscal--earnings-call",
    "timestamp": "unknown"
  },
  {
    "title": "Waldencast plc First Quarter Fiscal  Earnings Call",
    "link": "https://ir.waldencast.com/events/event-details/waldencast-plc-first-quarter-fiscal--earnings-call",
    "timestamp": "unknown"
  },
  {
    "title": "Click here for webcastFirst Quarter Fiscal  Earnings Presentation. MBQ1  Transcript. KB",
    "link": "https://viavid.webcasts.com/starthere.jsp?ei=&tp_key=74af44964e",
    "timestamp": "unknown"
  },
  {
    "title": "Click here for webcast",
    "link": "https://viavid.webcasts.com/starthere.jsp?ei=&tp_key=74af44964e",
    "timestamp": "unknown"
  },
  {
    "title": "Click here for webcast",
    "link": "https://viavid.webcasts.com/starthere.jsp?ei=&tp_key=74af44964e",
    "timestamp": "unknown"
  },
  {
    "title": "Click here for webcast",
    "link": "https://viavid.webcasts.com/starthere.jsp?ei=&tp_key=74af44964e",
    "timestamp": "unknown"
  },
  {
    "title": "First Quarter Fiscal  Earnings Presentation. MBQ1  Transcript. KB",
    "link": "https://ir.waldencast.com/static-files/0e95be4a-242e-4f2f-bc2b-9f131ce3b1ff",
    "timestamp": "unknown"
  },
  {
    "title": "First Quarter Fiscal  Earnings Presentation. MBQ1  Transcript. KB",
    "link": "https://ir.waldencast.com/static-files/0e95be4a-242e-4f2f-bc2b-9f131ce3b1ff",
    "timestamp": "unknown"
  },
  {
    "title": "First Quarter Fiscal  Earnings Presentation. MBQ1  Transcript. KB",
    "link": "https://ir.waldencast.com/static-files/0e95be4a-242e-4f2f-bc2b-9f131ce3b1ff",
    "timestamp": "unknown"
  },
  {
    "title": "First Quarter Fiscal  Earnings Presentation. MB",
    "link": "https://ir.waldencast.com/static-files/0e95be4a-242e-4f2f-bc2b-9f131ce3b1ff",
    "timestamp": "unknown"
  },
  {
    "title": "First Quarter Fiscal  Earnings Presentation. MB",
    "link": "https://ir.waldencast.com/static-files/0e95be4a-242e-4f2f-bc2b-9f131ce3b1ff",
    "timestamp": "unknown"
  },
  {
    "title": "First Quarter Fiscal  Earnings Presentation. MB",
    "link": "https://ir.waldencast.com/static-files/0e95be4a-242e-4f2f-bc2b-9f131ce3b1ff",
    "timestamp": "unknown"
  },
  {
    "title": "First Quarter Fiscal  Earnings Presentation. MB",
    "link": "https://ir.waldencast.com/static-files/0e95be4a-242e-4f2f-bc2b-9f131ce3b1ff",
    "timestamp": "unknown"
  },
  {
    "title": "First Quarter Fiscal  Earnings Presentation. MB",
    "link": "https://ir.waldencast.com/static-files/0e95be4a-242e-4f2f-bc2b-9f131ce3b1ff",
    "timestamp": "unknown"
  },
  {
    "title": "First Quarter Fiscal  Earnings Presentation. MB",
    "link": "https://ir.waldencast.com/static-files/0e95be4a-242e-4f2f-bc2b-9f131ce3b1ff",
    "timestamp": "unknown"
  },
  {
    "title": "First Quarter Fiscal  Earnings Presentation. MB",
    "link": "https://ir.waldencast.com/static-files/0e95be4a-242e-4f2f-bc2b-9f131ce3b1ff",
    "timestamp": "unknown"
  },
  {
    "title": "Q1  Transcript. KB",
    "link": "https://ir.waldencast.com/static-files/bde3083a-dc56--8a7b-7ff578f78b0d",
    "timestamp": "unknown"
  },
  {
    "title": "Q1  Transcript. KB",
    "link": "https://ir.waldencast.com/static-files/bde3083a-dc56--8a7b-7ff578f78b0d",
    "timestamp": "unknown"
  },
  {
    "title": "Q1  Transcript. KB",
    "link": "https://ir.waldencast.com/static-files/bde3083a-dc56--8a7b-7ff578f78b0d",
    "timestamp": "unknown"
  },
  {
    "title": "Q1  Transcript. KB",
    "link": "https://ir.waldencast.com/static-files/bde3083a-dc56--8a7b-7ff578f78b0d",
    "timestamp": "unknown"
  },
  {
    "title": "Q1  Transcript. KB",
    "link": "https://ir.waldencast.com/static-files/bde3083a-dc56--8a7b-7ff578f78b0d",
    "timestamp": "unknown"
  },
  {
    "title": "Q1  Transcript. KB",
    "link": "https://ir.waldencast.com/static-files/bde3083a-dc56--8a7b-7ff578f78b0d",
    "timestamp": "unknown"
  },
  {
    "title": "Q1  Transcript. KB",
    "link": "https://ir.waldencast.com/static-files/bde3083a-dc56--8a7b-7ff578f78b0d",
    "timestamp": "unknown"
  },
  {
    "title": "Waldencast plc Fourth Quarter Fiscal  Earnings CallMarch ,EDTClick here for webcastFourth Quarter Fiscal  Earnings Presentation. MBQ4  Transcript. KB",
    "link": "https://ir.waldencast.com/events/event-details/waldencast-plc-fourth-quarter-fiscal--earnings-call",
    "timestamp": "unknown"
  },
  {
    "title": "Waldencast plc Fourth Quarter Fiscal  Earnings CallMarch ,EDTClick here for webcastFourth Quarter Fiscal  Earnings Presentation. MBQ4  Transcript. KB",
    "link": "https://ir.waldencast.com/events/event-details/waldencast-plc-fourth-quarter-fiscal--earnings-call",
    "timestamp": "unknown"
  },
  {
    "title": "Waldencast plc Fourth Quarter Fiscal  Earnings CallMarch ,EDT",
    "link": "https://ir.waldencast.com/events/event-details/waldencast-plc-fourth-quarter-fiscal--earnings-call",
    "timestamp": "unknown"
  },
  {
    "title": "Waldencast plc Fourth Quarter Fiscal  Earnings CallMarch ,EDT",
    "link": "https://ir.waldencast.com/events/event-details/waldencast-plc-fourth-quarter-fiscal--earnings-call",
    "timestamp": "unknown"
  },
  {
    "title": "Waldencast plc Fourth Quarter Fiscal  Earnings CallMarch ,EDT",
    "link": "https://ir.waldencast.com/events/event-details/waldencast-plc-fourth-quarter-fiscal--earnings-call",
    "timestamp": "unknown"
  },
  {
    "title": "Waldencast plc Fourth Quarter Fiscal  Earnings CallMarch ,EDT",
    "link": "https://ir.waldencast.com/events/event-details/waldencast-plc-fourth-quarter-fiscal--earnings-call",
    "timestamp": "unknown"
  },
  {
    "title": "Waldencast plc Fourth Quarter Fiscal  Earnings Call",
    "link": "https://ir.waldencast.com/events/event-details/waldencast-plc-fourth-quarter-fiscal--earnings-call",
    "timestamp": "unknown"
  },
  {
    "title": "Waldencast plc Fourth Quarter Fiscal  Earnings Call",
    "link": "https://ir.waldencast.com/events/event-details/waldencast-plc-fourth-quarter-fiscal--earnings-call",
    "timestamp": "unknown"
  },
  {
    "title": "Waldencast plc Fourth Quarter Fiscal  Earnings Call",
    "link": "https://ir.waldencast.com/events/event-details/waldencast-plc-fourth-quarter-fiscal--earnings-call",
    "timestamp": "unknown"
  },
  {
    "title": "Click here for webcastFourth Quarter Fiscal  Earnings Presentation. MBQ4  Transcript. KB",
    "link": "https://viavid.webcasts.com/starthere.jsp?ei=&tp_key=9f02417e01",
    "timestamp": "unknown"
  },
  {
    "title": "Click here for webcast",
    "link": "https://viavid.webcasts.com/starthere.jsp?ei=&tp_key=9f02417e01",
    "timestamp": "unknown"
  },
  {
    "title": "Click here for webcast",
    "link": "https://viavid.webcasts.com/starthere.jsp?ei=&tp_key=9f02417e01",
    "timestamp": "unknown"
  },
  {
    "title": "Click here for webcast",
    "link": "https://viavid.webcasts.com/starthere.jsp?ei=&tp_key=9f02417e01",
    "timestamp": "unknown"
  },
  {
    "title": "Fourth Quarter Fiscal  Earnings Presentation. MBQ4  Transcript. KB",
    "link": "https://ir.waldencast.com/static-files/17153f73-17ee-4db5-ac46-0955586a1b04",
    "timestamp": "unknown"
  },
  {
    "title": "Fourth Quarter Fiscal  Earnings Presentation. MBQ4  Transcript. KB",
    "link": "https://ir.waldencast.com/static-files/17153f73-17ee-4db5-ac46-0955586a1b04",
    "timestamp": "unknown"
  },
  {
    "title": "Fourth Quarter Fiscal  Earnings Presentation. MBQ4  Transcript. KB",
    "link": "https://ir.waldencast.com/static-files/17153f73-17ee-4db5-ac46-0955586a1b04",
    "timestamp": "unknown"
  },
  {
    "title": "Fourth Quarter Fiscal  Earnings Presentation. MB",
    "link": "https://ir.waldencast.com/static-files/17153f73-17ee-4db5-ac46-0955586a1b04",
    "timestamp": "unknown"
  },
  {
    "title": "Fourth Quarter Fiscal  Earnings Presentation. MB",
    "link": "https://ir.waldencast.com/static-files/17153f73-17ee-4db5-ac46-0955586a1b04",
    "timestamp": "unknown"
  },
  {
    "title": "Fourth Quarter Fiscal  Earnings Presentation. MB",
    "link": "https://ir.waldencast.com/static-files/17153f73-17ee-4db5-ac46-0955586a1b04",
    "timestamp": "unknown"
  },
  {
    "title": "Fourth Quarter Fiscal  Earnings Presentation. MB",
    "link": "https://ir.waldencast.com/static-files/17153f73-17ee-4db5-ac46-0955586a1b04",
    "timestamp": "unknown"
  },
  {
    "title": "Fourth Quarter Fiscal  Earnings Presentation. MB",
    "link": "https://ir.waldencast.com/static-files/17153f73-17ee-4db5-ac46-0955586a1b04",
    "timestamp": "unknown"
  },
  {
    "title": "Fourth Quarter Fiscal  Earnings Presentation. MB",
    "link": "https://ir.waldencast.com/static-files/17153f73-17ee-4db5-ac46-0955586a1b04",
    "timestamp": "unknown"
  },
  {
    "title": "Fourth Quarter Fiscal  Earnings Presentation. MB",
    "link": "https://ir.waldencast.com/static-files/17153f73-17ee-4db5-ac46-0955586a1b04",
    "timestamp": "unknown"
  },
  {
    "title": "Q4  Transcript. KB",
    "link": "https://ir.waldencast.com/static-files/88d8b9e8--48dc-b9ca-aa7bb751dc90",
    "timestamp": "unknown"
  },
  {
    "title": "Q4  Transcript. KB",
    "link": "https://ir.waldencast.com/static-files/88d8b9e8--48dc-b9ca-aa7bb751dc90",
    "timestamp": "unknown"
  },
  {
    "title": "Q4  Transcript. KB",
    "link": "https://ir.waldencast.com/static-files/88d8b9e8--48dc-b9ca-aa7bb751dc90",
    "timestamp": "unknown"
  },
  {
    "title": "Q4  Transcript. KB",
    "link": "https://ir.waldencast.com/static-files/88d8b9e8--48dc-b9ca-aa7bb751dc90",
    "timestamp": "unknown"
  },
  {
    "title": "Q4  Transcript. KB",
    "link": "https://ir.waldencast.com/static-files/88d8b9e8--48dc-b9ca-aa7bb751dc90",
    "timestamp": "unknown"
  },
  {
    "title": "Q4  Transcript. KB",
    "link": "https://ir.waldencast.com/static-files/88d8b9e8--48dc-b9ca-aa7bb751dc90",
    "timestamp": "unknown"
  },
  {
    "title": "Q4  Transcript. KB",
    "link": "https://ir.waldencast.com/static-files/88d8b9e8--48dc-b9ca-aa7bb751dc90",
    "timestamp": "unknown"
  },
  {
    "title": "TD Cowen 2nd Annual Glowing Ahead: Beauty & Wellness SummitFebruary ,ESTClick here for webcast",
    "link": "https://ir.waldencast.com/events/event-details/td-cowen-2nd-annual-glowing-ahead-beauty-wellness-summit",
    "timestamp": "unknown"
  },
  {
    "title": "TD Cowen 2nd Annual Glowing Ahead: Beauty & Wellness SummitFebruary ,ESTClick here for webcast",
    "link": "https://ir.waldencast.com/events/event-details/td-cowen-2nd-annual-glowing-ahead-beauty-wellness-summit",
    "timestamp": "unknown"
  },
  {
    "title": "TD Cowen 2nd Annual Glowing Ahead: Beauty & Wellness SummitFebruary ,EST",
    "link": "https://ir.waldencast.com/events/event-details/td-cowen-2nd-annual-glowing-ahead-beauty-wellness-summit",
    "timestamp": "unknown"
  },
  {
    "title": "TD Cowen 2nd Annual Glowing Ahead: Beauty & Wellness SummitFebruary ,EST",
    "link": "https://ir.waldencast.com/events/event-details/td-cowen-2nd-annual-glowing-ahead-beauty-wellness-summit",
    "timestamp": "unknown"
  },
  {
    "title": "TD Cowen 2nd Annual Glowing Ahead: Beauty & Wellness SummitFebruary ,EST",
    "link": "https://ir.waldencast.com/events/event-details/td-cowen-2nd-annual-glowing-ahead-beauty-wellness-summit",
    "timestamp": "unknown"
  },
  {
    "title": "TD Cowen 2nd Annual Glowing Ahead: Beauty & Wellness SummitFebruary ,EST",
    "link": "https://ir.waldencast.com/events/event-details/td-cowen-2nd-annual-glowing-ahead-beauty-wellness-summit",
    "timestamp": "unknown"
  },
  {
    "title": "TD Cowen 2nd Annual Glowing Ahead: Beauty & Wellness Summit",
    "link": "https://ir.waldencast.com/events/event-details/td-cowen-2nd-annual-glowing-ahead-beauty-wellness-summit",
    "timestamp": "unknown"
  },
  {
    "title": "TD Cowen 2nd Annual Glowing Ahead: Beauty & Wellness Summit",
    "link": "https://ir.waldencast.com/events/event-details/td-cowen-2nd-annual-glowing-ahead-beauty-wellness-summit",
    "timestamp": "unknown"
  },
  {
    "title": "TD Cowen 2nd Annual Glowing Ahead: Beauty & Wellness Summit",
    "link": "https://ir.waldencast.com/events/event-details/td-cowen-2nd-annual-glowing-ahead-beauty-wellness-summit",
    "timestamp": "unknown"
  },
  {
    "title": "Click here for webcast",
    "link": "https://wsw.com/webcast/cowen173/wald/",
    "timestamp": "unknown"
  },
  {
    "title": "Click here for webcast",
    "link": "https://wsw.com/webcast/cowen173/wald/",
    "timestamp": "unknown"
  },
  {
    "title": "Click here for webcast",
    "link": "https://wsw.com/webcast/cowen173/wald/",
    "timestamp": "unknown"
  },
  {
    "title": "Click here for webcast",
    "link": "https://wsw.com/webcast/cowen173/wald/",
    "timestamp": "unknown"
  },
  {
    "title": "ICR ConferenceJanuary ,ESTClick here for webcast",
    "link": "https://ir.waldencast.com/events/event-details/icr-conference-",
    "timestamp": "unknown"
  },
  {
    "title": "ICR ConferenceJanuary ,ESTClick here for webcast",
    "link": "https://ir.waldencast.com/events/event-details/icr-conference-",
    "timestamp": "unknown"
  },
  {
    "title": "ICR ConferenceJanuary ,EST",
    "link": "https://ir.waldencast.com/events/event-details/icr-conference-",
    "timestamp": "unknown"
  },
  {
    "title": "ICR ConferenceJanuary ,EST",
    "link": "https://ir.waldencast.com/events/event-details/icr-conference-",
    "timestamp": "unknown"
  },
  {
    "title": "ICR ConferenceJanuary ,EST",
    "link": "https://ir.waldencast.com/events/event-details/icr-conference-",
    "timestamp": "unknown"
  },
  {
    "title": "ICR ConferenceJanuary ,EST",
    "link": "https://ir.waldencast.com/events/event-details/icr-conference-",
    "timestamp": "unknown"
  },
  {
    "title": "ICR Conference",
    "link": "https://ir.waldencast.com/events/event-details/icr-conference-",
    "timestamp": "unknown"
  },
  {
    "title": "ICR Conference",
    "link": "https://ir.waldencast.com/events/event-details/icr-conference-",
    "timestamp": "unknown"
  },
  {
    "title": "ICR Conference",
    "link": "https://ir.waldencast.com/events/event-details/icr-conference-",
    "timestamp": "unknown"
  },
  {
    "title": "Click here for webcast",
    "link": "https://wsw.com/webcast/icr10/wald/",
    "timestamp": "unknown"
  },
  {
    "title": "Click here for webcast",
    "link": "https://wsw.com/webcast/icr10/wald/",
    "timestamp": "unknown"
  },
  {
    "title": "Click here for webcast",
    "link": "https://wsw.com/webcast/icr10/wald/",
    "timestamp": "unknown"
  },
  {
    "title": "Click here for webcast",
    "link": "https://wsw.com/webcast/icr10/wald/",
    "timestamp": "unknown"
  },
  {
    "title": "Waldencast plc Third Quarter Fiscal  Earnings CallNovember ,ESTClick here for webcastThird Quarter Fiscal  Earnings Presentation. MBQ3  Transcript. KB",
    "link": "https://ir.waldencast.com/events/event-details/waldencast-plc-third-quarter-fiscal--earnings-call",
    "timestamp": "unknown"
  },
  {
    "title": "Waldencast plc Third Quarter Fiscal  Earnings CallNovember ,ESTClick here for webcastThird Quarter Fiscal  Earnings Presentation. MBQ3  Transcript. KB",
    "link": "https://ir.waldencast.com/events/event-details/waldencast-plc-third-quarter-fiscal--earnings-call",
    "timestamp": "unknown"
  },
  {
    "title": "Waldencast plc Third Quarter Fiscal  Earnings CallNovember ,EST",
    "link": "https://ir.waldencast.com/events/event-details/waldencast-plc-third-quarter-fiscal--earnings-call",
    "timestamp": "unknown"
  },
  {
    "title": "Waldencast plc Third Quarter Fiscal  Earnings CallNovember ,EST",
    "link": "https://ir.waldencast.com/events/event-details/waldencast-plc-third-quarter-fiscal--earnings-call",
    "timestamp": "unknown"
  },
  {
    "title": "Waldencast plc Third Quarter Fiscal  Earnings CallNovember ,EST",
    "link": "https://ir.waldencast.com/events/event-details/waldencast-plc-third-quarter-fiscal--earnings-call",
    "timestamp": "unknown"
  },
  {
    "title": "Waldencast plc Third Quarter Fiscal  Earnings CallNovember ,EST",
    "link": "https://ir.waldencast.com/events/event-details/waldencast-plc-third-quarter-fiscal--earnings-call",
    "timestamp": "unknown"
  },
  {
    "title": "Waldencast plc Third Quarter Fiscal  Earnings Call",
    "link": "https://ir.waldencast.com/events/event-details/waldencast-plc-third-quarter-fiscal--earnings-call",
    "timestamp": "unknown"
  },
  {
    "title": "Waldencast plc Third Quarter Fiscal  Earnings Call",
    "link": "https://ir.waldencast.com/events/event-details/waldencast-plc-third-quarter-fiscal--earnings-call",
    "timestamp": "unknown"
  },
  {
    "title": "Waldencast plc Third Quarter Fiscal  Earnings Call",
    "link": "https://ir.waldencast.com/events/event-details/waldencast-plc-third-quarter-fiscal--earnings-call",
    "timestamp": "unknown"
  },
  {
    "title": "Click here for webcastThird Quarter Fiscal  Earnings Presentation. MBQ3  Transcript. KB",
    "link": "https://viavid.webcasts.com/starthere.jsp?ei=&tp_key=4fda0a41fb",
    "timestamp": "unknown"
  },
  {
    "title": "Click here for webcast",
    "link": "https://viavid.webcasts.com/starthere.jsp?ei=&tp_key=4fda0a41fb",
    "timestamp": "unknown"
  },
  {
    "title": "Click here for webcast",
    "link": "https://viavid.webcasts.com/starthere.jsp?ei=&tp_key=4fda0a41fb",
    "timestamp": "unknown"
  },
  {
    "title": "Click here for webcast",
    "link": "https://viavid.webcasts.com/starthere.jsp?ei=&tp_key=4fda0a41fb",
    "timestamp": "unknown"
  },
  {
    "title": "Third Quarter Fiscal  Earnings Presentation. MBQ3  Transcript. KB",
    "link": "https://ir.waldencast.com/static-files/f58c15f9-c4d3-4b37-b160-86f55fbd821a",
    "timestamp": "unknown"
  },
  {
    "title": "Third Quarter Fiscal  Earnings Presentation. MBQ3  Transcript. KB",
    "link": "https://ir.waldencast.com/static-files/f58c15f9-c4d3-4b37-b160-86f55fbd821a",
    "timestamp": "unknown"
  },
  {
    "title": "Third Quarter Fiscal  Earnings Presentation. MBQ3  Transcript. KB",
    "link": "https://ir.waldencast.com/static-files/f58c15f9-c4d3-4b37-b160-86f55fbd821a",
    "timestamp": "unknown"
  },
  {
    "title": "Third Quarter Fiscal  Earnings Presentation. MB",
    "link": "https://ir.waldencast.com/static-files/f58c15f9-c4d3-4b37-b160-86f55fbd821a",
    "timestamp": "unknown"
  },
  {
    "title": "Third Quarter Fiscal  Earnings Presentation. MB",
    "link": "https://ir.waldencast.com/static-files/f58c15f9-c4d3-4b37-b160-86f55fbd821a",
    "timestamp": "unknown"
  },
  {
    "title": "Third Quarter Fiscal  Earnings Presentation. MB",
    "link": "https://ir.waldencast.com/static-files/f58c15f9-c4d3-4b37-b160-86f55fbd821a",
    "timestamp": "unknown"
  },
  {
    "title": "Third Quarter Fiscal  Earnings Presentation. MB",
    "link": "https://ir.waldencast.com/static-files/f58c15f9-c4d3-4b37-b160-86f55fbd821a",
    "timestamp": "unknown"
  },
  {
    "title": "Third Quarter Fiscal  Earnings Presentation. MB",
    "link": "https://ir.waldencast.com/static-files/f58c15f9-c4d3-4b37-b160-86f55fbd821a",
    "timestamp": "unknown"
  },
  {
    "title": "Third Quarter Fiscal  Earnings Presentation. MB",
    "link": "https://ir.waldencast.com/static-files/f58c15f9-c4d3-4b37-b160-86f55fbd821a",
    "timestamp": "unknown"
  },
  {
    "title": "Third Quarter Fiscal  Earnings Presentation. MB",
    "link": "https://ir.waldencast.com/static-files/f58c15f9-c4d3-4b37-b160-86f55fbd821a",
    "timestamp": "unknown"
  },
  {
    "title": "Q3  Transcript. KB",
    "link": "https://ir.waldencast.com/static-files/ba0447c7-bb9b--ae22-e61f6c72a4df",
    "timestamp": "unknown"
  },
  {
    "title": "Q3  Transcript. KB",
    "link": "https://ir.waldencast.com/static-files/ba0447c7-bb9b--ae22-e61f6c72a4df",
    "timestamp": "unknown"
  },
  {
    "title": "Q3  Transcript. KB",
    "link": "https://ir.waldencast.com/static-files/ba0447c7-bb9b--ae22-e61f6c72a4df",
    "timestamp": "unknown"
  },
  {
    "title": "Q3  Transcript. KB",
    "link": "https://ir.waldencast.com/static-files/ba0447c7-bb9b--ae22-e61f6c72a4df",
    "timestamp": "unknown"
  },
  {
    "title": "Q3  Transcript. KB",
    "link": "https://ir.waldencast.com/static-files/ba0447c7-bb9b--ae22-e61f6c72a4df",
    "timestamp": "unknown"
  },
  {
    "title": "Q3  Transcript. KB",
    "link": "https://ir.waldencast.com/static-files/ba0447c7-bb9b--ae22-e61f6c72a4df",
    "timestamp": "unknown"
  },
  {
    "title": "Q3  Transcript. KB",
    "link": "https://ir.waldencast.com/static-files/ba0447c7-bb9b--ae22-e61f6c72a4df",
    "timestamp": "unknown"
  },
  {
    "title": "Waldencast plc Second Quarter Fiscal  Earnings CallAugust ,EDTSecond Quarter Fiscal  Earnings Presentation. MBQ2  Transcript. KB",
    "link": "https://ir.waldencast.com/events/event-details/waldencast-plc-second-quarter-fiscal--earnings-call",
    "timestamp": "unknown"
  },
  {
    "title": "Waldencast plc Second Quarter Fiscal  Earnings CallAugust ,EDTSecond Quarter Fiscal  Earnings Presentation. MBQ2  Transcript. KB",
    "link": "https://ir.waldencast.com/events/event-details/waldencast-plc-second-quarter-fiscal--earnings-call",
    "timestamp": "unknown"
  },
  {
    "title": "Waldencast plc Second Quarter Fiscal  Earnings CallAugust ,EDT",
    "link": "https://ir.waldencast.com/events/event-details/waldencast-plc-second-quarter-fiscal--earnings-call",
    "timestamp": "unknown"
  },
  {
    "title": "Waldencast plc Second Quarter Fiscal  Earnings CallAugust ,EDT",
    "link": "https://ir.waldencast.com/events/event-details/waldencast-plc-second-quarter-fiscal--earnings-call",
    "timestamp": "unknown"
  },
  {
    "title": "Waldencast plc Second Quarter Fiscal  Earnings CallAugust ,EDT",
    "link": "https://ir.waldencast.com/events/event-details/waldencast-plc-second-quarter-fiscal--earnings-call",
    "timestamp": "unknown"
  },
  {
    "title": "Waldencast plc Second Quarter Fiscal  Earnings CallAugust ,EDT",
    "link": "https://ir.waldencast.com/events/event-details/waldencast-plc-second-quarter-fiscal--earnings-call",
    "timestamp": "unknown"
  },
  {
    "title": "Waldencast plc Second Quarter Fiscal  Earnings Call",
    "link": "https://ir.waldencast.com/events/event-details/waldencast-plc-second-quarter-fiscal--earnings-call",
    "timestamp": "unknown"
  },
  {
    "title": "Waldencast plc Second Quarter Fiscal  Earnings Call",
    "link": "https://ir.waldencast.com/events/event-details/waldencast-plc-second-quarter-fiscal--earnings-call",
    "timestamp": "unknown"
  },
  {
    "title": "Waldencast plc Second Quarter Fiscal  Earnings Call",
    "link": "https://ir.waldencast.com/events/event-details/waldencast-plc-second-quarter-fiscal--earnings-call",
    "timestamp": "unknown"
  },
  {
    "title": "Second Quarter Fiscal  Earnings Presentation. MBQ2  Transcript. KB",
    "link": "https://ir.waldencast.com/static-files/aade1d6a--423c-80a8-e462cd4f31a8",
    "timestamp": "unknown"
  },
  {
    "title": "Second Quarter Fiscal  Earnings Presentation. MBQ2  Transcript. KB",
    "link": "https://ir.waldencast.com/static-files/aade1d6a--423c-80a8-e462cd4f31a8",
    "timestamp": "unknown"
  },
  {
    "title": "Second Quarter Fiscal  Earnings Presentation. MBQ2  Transcript. KB",
    "link": "https://ir.waldencast.com/static-files/aade1d6a--423c-80a8-e462cd4f31a8",
    "timestamp": "unknown"
  },
  {
    "title": "Second Quarter Fiscal  Earnings Presentation. MBQ2  Transcript. KB",
    "link": "https://ir.waldencast.com/static-files/aade1d6a--423c-80a8-e462cd4f31a8",
    "timestamp": "unknown"
  },
  {
    "title": "Second Quarter Fiscal  Earnings Presentation. MB",
    "link": "https://ir.waldencast.com/static-files/aade1d6a--423c-80a8-e462cd4f31a8",
    "timestamp": "unknown"
  },
  {
    "title": "Second Quarter Fiscal  Earnings Presentation. MB",
    "link": "https://ir.waldencast.com/static-files/aade1d6a--423c-80a8-e462cd4f31a8",
    "timestamp": "unknown"
  },
  {
    "title": "Second Quarter Fiscal  Earnings Presentation. MB",
    "link": "https://ir.waldencast.com/static-files/aade1d6a--423c-80a8-e462cd4f31a8",
    "timestamp": "unknown"
  },
  {
    "title": "Second Quarter Fiscal  Earnings Presentation. MB",
    "link": "https://ir.waldencast.com/static-files/aade1d6a--423c-80a8-e462cd4f31a8",
    "timestamp": "unknown"
  },
  {
    "title": "Second Quarter Fiscal  Earnings Presentation. MB",
    "link": "https://ir.waldencast.com/static-files/aade1d6a--423c-80a8-e462cd4f31a8",
    "timestamp": "unknown"
  },
  {
    "title": "Second Quarter Fiscal  Earnings Presentation. MB",
    "link": "https://ir.waldencast.com/static-files/aade1d6a--423c-80a8-e462cd4f31a8",
    "timestamp": "unknown"
  },
  {
    "title": "Second Quarter Fiscal  Earnings Presentation. MB",
    "link": "https://ir.waldencast.com/static-files/aade1d6a--423c-80a8-e462cd4f31a8",
    "timestamp": "unknown"
  },
  {
    "title": "Q2  Transcript. KB",
    "link": "https://ir.waldencast.com/static-files/be2df7b0--407d-8a28-ad2dfa834086",
    "timestamp": "unknown"
  },
  {
    "title": "Q2  Transcript. KB",
    "link": "https://ir.waldencast.com/static-files/be2df7b0--407d-8a28-ad2dfa834086",
    "timestamp": "unknown"
  },
  {
    "title": "Q2  Transcript. KB",
    "link": "https://ir.waldencast.com/static-files/be2df7b0--407d-8a28-ad2dfa834086",
    "timestamp": "unknown"
  },
  {
    "title": "Q2  Transcript. KB",
    "link": "https://ir.waldencast.com/static-files/be2df7b0--407d-8a28-ad2dfa834086",
    "timestamp": "unknown"
  },
  {
    "title": "Q2  Transcript. KB",
    "link": "https://ir.waldencast.com/static-files/be2df7b0--407d-8a28-ad2dfa834086",
    "timestamp": "unknown"
  },
  {
    "title": "Q2  Transcript. KB",
    "link": "https://ir.waldencast.com/static-files/be2df7b0--407d-8a28-ad2dfa834086",
    "timestamp": "unknown"
  },
  {
    "title": "Q2  Transcript. KB",
    "link": "https://ir.waldencast.com/static-files/be2df7b0--407d-8a28-ad2dfa834086",
    "timestamp": "unknown"
  },
  {
    "title": "Canaccord Genuity 44th Annual Growth ConferenceAugust ,EDTWebcast",
    "link": "https://ir.waldencast.com/events/event-details/canaccord-genuity-44th-annual-growth-conference",
    "timestamp": "unknown"
  },
  {
    "title": "Canaccord Genuity 44th Annual Growth ConferenceAugust ,EDTWebcast",
    "link": "https://ir.waldencast.com/events/event-details/canaccord-genuity-44th-annual-growth-conference",
    "timestamp": "unknown"
  },
  {
    "title": "Canaccord Genuity 44th Annual Growth ConferenceAugust ,EDT",
    "link": "https://ir.waldencast.com/events/event-details/canaccord-genuity-44th-annual-growth-conference",
    "timestamp": "unknown"
  },
  {
    "title": "Canaccord Genuity 44th Annual Growth ConferenceAugust ,EDT",
    "link": "https://ir.waldencast.com/events/event-details/canaccord-genuity-44th-annual-growth-conference",
    "timestamp": "unknown"
  },
  {
    "title": "Canaccord Genuity 44th Annual Growth ConferenceAugust ,EDT",
    "link": "https://ir.waldencast.com/events/event-details/canaccord-genuity-44th-annual-growth-conference",
    "timestamp": "unknown"
  },
  {
    "title": "Canaccord Genuity 44th Annual Growth ConferenceAugust ,EDT",
    "link": "https://ir.waldencast.com/events/event-details/canaccord-genuity-44th-annual-growth-conference",
    "timestamp": "unknown"
  },
  {
    "title": "Canaccord Genuity 44th Annual Growth Conference",
    "link": "https://ir.waldencast.com/events/event-details/canaccord-genuity-44th-annual-growth-conference",
    "timestamp": "unknown"
  },
  {
    "title": "Canaccord Genuity 44th Annual Growth Conference",
    "link": "https://ir.waldencast.com/events/event-details/canaccord-genuity-44th-annual-growth-conference",
    "timestamp": "unknown"
  },
  {
    "title": "Canaccord Genuity 44th Annual Growth Conference",
    "link": "https://ir.waldencast.com/events/event-details/canaccord-genuity-44th-annual-growth-conference",
    "timestamp": "unknown"
  },
  {
    "title": "Webcast",
    "link": "https://wsw.com/webcast/canaccord98/wald/",
    "timestamp": "unknown"
  },
  {
    "title": "Webcast",
    "link": "https://wsw.com/webcast/canaccord98/wald/",
    "timestamp": "unknown"
  },
  {
    "title": "Webcast",
    "link": "https://wsw.com/webcast/canaccord98/wald/",
    "timestamp": "unknown"
  },
  {
    "title": "Webcast",
    "link": "https://wsw.com/webcast/canaccord98/wald/",
    "timestamp": "unknown"
  },
  {
    "title": "Oppenheimer 24th Annual Consumer Growth and E-Commerce ConferenceJune ,EDTWebcast",
    "link": "https://ir.waldencast.com/events/event-details/oppenheimer-24th-annual-consumer-growth-and-e-commerce-conference",
    "timestamp": "unknown"
  },
  {
    "title": "Oppenheimer 24th Annual Consumer Growth and E-Commerce ConferenceJune ,EDTWebcast",
    "link": "https://ir.waldencast.com/events/event-details/oppenheimer-24th-annual-consumer-growth-and-e-commerce-conference",
    "timestamp": "unknown"
  },
  {
    "title": "Oppenheimer 24th Annual Consumer Growth and E-Commerce ConferenceJune ,EDT",
    "link": "https://ir.waldencast.com/events/event-details/oppenheimer-24th-annual-consumer-growth-and-e-commerce-conference",
    "timestamp": "unknown"
  },
  {
    "title": "Oppenheimer 24th Annual Consumer Growth and E-Commerce ConferenceJune ,EDT",
    "link": "https://ir.waldencast.com/events/event-details/oppenheimer-24th-annual-consumer-growth-and-e-commerce-conference",
    "timestamp": "unknown"
  },
  {
    "title": "Oppenheimer 24th Annual Consumer Growth and E-Commerce ConferenceJune ,EDT",
    "link": "https://ir.waldencast.com/events/event-details/oppenheimer-24th-annual-consumer-growth-and-e-commerce-conference",
    "timestamp": "unknown"
  },
  {
    "title": "Oppenheimer 24th Annual Consumer Growth and E-Commerce ConferenceJune ,EDT",
    "link": "https://ir.waldencast.com/events/event-details/oppenheimer-24th-annual-consumer-growth-and-e-commerce-conference",
    "timestamp": "unknown"
  },
  {
    "title": "Oppenheimer 24th Annual Consumer Growth and E-Commerce Conference",
    "link": "https://ir.waldencast.com/events/event-details/oppenheimer-24th-annual-consumer-growth-and-e-commerce-conference",
    "timestamp": "unknown"
  },
  {
    "title": "Oppenheimer 24th Annual Consumer Growth and E-Commerce Conference",
    "link": "https://ir.waldencast.com/events/event-details/oppenheimer-24th-annual-consumer-growth-and-e-commerce-conference",
    "timestamp": "unknown"
  },
  {
    "title": "Oppenheimer 24th Annual Consumer Growth and E-Commerce Conference",
    "link": "https://ir.waldencast.com/events/event-details/oppenheimer-24th-annual-consumer-growth-and-e-commerce-conference",
    "timestamp": "unknown"
  },
  {
    "title": "Webcast",
    "link": "https://wsw.com/webcast/oppenheimer36/wald/",
    "timestamp": "unknown"
  },
  {
    "title": "Webcast",
    "link": "https://wsw.com/webcast/oppenheimer36/wald/",
    "timestamp": "unknown"
  },
  {
    "title": "Webcast",
    "link": "https://wsw.com/webcast/oppenheimer36/wald/",
    "timestamp": "unknown"
  },
  {
    "title": "Webcast",
    "link": "https://wsw.com/webcast/oppenheimer36/wald/",
    "timestamp": "unknown"
  },
  {
    "title": "TD Cowen 8th Annual Future of the Consumer ConferenceJune ,EDTWebcast",
    "link": "https://ir.waldencast.com/events/event-details/td-cowen-8th-annual-future-consumer-conference-",
    "timestamp": "unknown"
  },
  {
    "title": "TD Cowen 8th Annual Future of the Consumer ConferenceJune ,EDTWebcast",
    "link": "https://ir.waldencast.com/events/event-details/td-cowen-8th-annual-future-consumer-conference-",
    "timestamp": "unknown"
  },
  {
    "title": "TD Cowen 8th Annual Future of the Consumer ConferenceJune ,EDT",
    "link": "https://ir.waldencast.com/events/event-details/td-cowen-8th-annual-future-consumer-conference-",
    "timestamp": "unknown"
  },
  {
    "title": "TD Cowen 8th Annual Future of the Consumer ConferenceJune ,EDT",
    "link": "https://ir.waldencast.com/events/event-details/td-cowen-8th-annual-future-consumer-conference-",
    "timestamp": "unknown"
  },
  {
    "title": "TD Cowen 8th Annual Future of the Consumer ConferenceJune ,EDT",
    "link": "https://ir.waldencast.com/events/event-details/td-cowen-8th-annual-future-consumer-conference-",
    "timestamp": "unknown"
  },
  {
    "title": "TD Cowen 8th Annual Future of the Consumer ConferenceJune ,EDT",
    "link": "https://ir.waldencast.com/events/event-details/td-cowen-8th-annual-future-consumer-conference-",
    "timestamp": "unknown"
  },
  {
    "title": "TD Cowen 8th Annual Future of the Consumer Conference",
    "link": "https://ir.waldencast.com/events/event-details/td-cowen-8th-annual-future-consumer-conference-",
    "timestamp": "unknown"
  },
  {
    "title": "TD Cowen 8th Annual Future of the Consumer Conference",
    "link": "https://ir.waldencast.com/events/event-details/td-cowen-8th-annual-future-consumer-conference-",
    "timestamp": "unknown"
  },
  {
    "title": "TD Cowen 8th Annual Future of the Consumer Conference",
    "link": "https://ir.waldencast.com/events/event-details/td-cowen-8th-annual-future-consumer-conference-",
    "timestamp": "unknown"
  },
  {
    "title": "Webcast",
    "link": "https://wsw.com/webcast/cowen151/wald/",
    "timestamp": "unknown"
  },
  {
    "title": "Webcast",
    "link": "https://wsw.com/webcast/cowen151/wald/",
    "timestamp": "unknown"
  },
  {
    "title": "Webcast",
    "link": "https://wsw.com/webcast/cowen151/wald/",
    "timestamp": "unknown"
  },
  {
    "title": "Webcast",
    "link": "https://wsw.com/webcast/cowen151/wald/",
    "timestamp": "unknown"
  },
  {
    "title": "Waldencast plc First Quarter Fiscal  Earnings CallMay ,EDTFirst Quarter Fiscal  Earnings Presentation. MBFirst Quarter Fiscal  Earnings Call Transcrip",
    "link": "https://ir.waldencast.com/events/event-details/waldencast-plc-first-quarter-fiscal--earnings-call",
    "timestamp": "unknown"
  },
  {
    "title": "Waldencast plc First Quarter Fiscal  Earnings CallMay ,EDTFirst Quarter Fiscal  Earnings Presentation. MBFirst Quarter Fiscal  Earnings Call Transcrip",
    "link": "https://ir.waldencast.com/events/event-details/waldencast-plc-first-quarter-fiscal--earnings-call",
    "timestamp": "unknown"
  },
  {
    "title": "Waldencast plc First Quarter Fiscal  Earnings CallMay ,EDT",
    "link": "https://ir.waldencast.com/events/event-details/waldencast-plc-first-quarter-fiscal--earnings-call",
    "timestamp": "unknown"
  },
  {
    "title": "Waldencast plc First Quarter Fiscal  Earnings CallMay ,EDT",
    "link": "https://ir.waldencast.com/events/event-details/waldencast-plc-first-quarter-fiscal--earnings-call",
    "timestamp": "unknown"
  },
  {
    "title": "Waldencast plc First Quarter Fiscal  Earnings CallMay ,EDT",
    "link": "https://ir.waldencast.com/events/event-details/waldencast-plc-first-quarter-fiscal--earnings-call",
    "timestamp": "unknown"
  },
  {
    "title": "Waldencast plc First Quarter Fiscal  Earnings CallMay ,EDT",
    "link": "https://ir.waldencast.com/events/event-details/waldencast-plc-first-quarter-fiscal--earnings-call",
    "timestamp": "unknown"
  },
  {
    "title": "Waldencast plc First Quarter Fiscal  Earnings Call",
    "link": "https://ir.waldencast.com/events/event-details/waldencast-plc-first-quarter-fiscal--earnings-call",
    "timestamp": "unknown"
  },
  {
    "title": "Waldencast plc First Quarter Fiscal  Earnings Call",
    "link": "https://ir.waldencast.com/events/event-details/waldencast-plc-first-quarter-fiscal--earnings-call",
    "timestamp": "unknown"
  },
  {
    "title": "Waldencast plc First Quarter Fiscal  Earnings Call",
    "link": "https://ir.waldencast.com/events/event-details/waldencast-plc-first-quarter-fiscal--earnings-call",
    "timestamp": "unknown"
  },
  {
    "title": "First Quarter Fiscal  Earnings Presentation. MBFirst Quarter Fiscal  Earnings Call Transcript. KB",
    "link": "https://ir.waldencast.com/static-files/1f1dfc3d-8fcc-44b0--d8eeea38df9c",
    "timestamp": "unknown"
  },
  {
    "title": "First Quarter Fiscal  Earnings Presentation. MBFirst Quarter Fiscal  Earnings Call Transcript. KB",
    "link": "https://ir.waldencast.com/static-files/1f1dfc3d-8fcc-44b0--d8eeea38df9c",
    "timestamp": "unknown"
  },
  {
    "title": "First Quarter Fiscal  Earnings Presentation. MBFirst Quarter Fiscal  Earnings Call Transcript. KB",
    "link": "https://ir.waldencast.com/static-files/1f1dfc3d-8fcc-44b0--d8eeea38df9c",
    "timestamp": "unknown"
  },
  {
    "title": "First Quarter Fiscal  Earnings Presentation. MBFirst Quarter Fiscal  Earnings Call Transcript. KB",
    "link": "https://ir.waldencast.com/static-files/1f1dfc3d-8fcc-44b0--d8eeea38df9c",
    "timestamp": "unknown"
  },
  {
    "title": "First Quarter Fiscal  Earnings Presentation. MB",
    "link": "https://ir.waldencast.com/static-files/1f1dfc3d-8fcc-44b0--d8eeea38df9c",
    "timestamp": "unknown"
  },
  {
    "title": "First Quarter Fiscal  Earnings Presentation. MB",
    "link": "https://ir.waldencast.com/static-files/1f1dfc3d-8fcc-44b0--d8eeea38df9c",
    "timestamp": "unknown"
  },
  {
    "title": "First Quarter Fiscal  Earnings Presentation. MB",
    "link": "https://ir.waldencast.com/static-files/1f1dfc3d-8fcc-44b0--d8eeea38df9c",
    "timestamp": "unknown"
  },
  {
    "title": "First Quarter Fiscal  Earnings Presentation. MB",
    "link": "https://ir.waldencast.com/static-files/1f1dfc3d-8fcc-44b0--d8eeea38df9c",
    "timestamp": "unknown"
  },
  {
    "title": "First Quarter Fiscal  Earnings Presentation. MB",
    "link": "https://ir.waldencast.com/static-files/1f1dfc3d-8fcc-44b0--d8eeea38df9c",
    "timestamp": "unknown"
  },
  {
    "title": "First Quarter Fiscal  Earnings Presentation. MB",
    "link": "https://ir.waldencast.com/static-files/1f1dfc3d-8fcc-44b0--d8eeea38df9c",
    "timestamp": "unknown"
  },
  {
    "title": "First Quarter Fiscal  Earnings Presentation. MB",
    "link": "https://ir.waldencast.com/static-files/1f1dfc3d-8fcc-44b0--d8eeea38df9c",
    "timestamp": "unknown"
  },
  {
    "title": "First Quarter Fiscal  Earnings Call Transcript. KB",
    "link": "https://ir.waldencast.com/static-files/345b6e5c-345d---00d4065aaf43",
    "timestamp": "unknown"
  },
  {
    "title": "First Quarter Fiscal  Earnings Call Transcript. KB",
    "link": "https://ir.waldencast.com/static-files/345b6e5c-345d---00d4065aaf43",
    "timestamp": "unknown"
  },
  {
    "title": "First Quarter Fiscal  Earnings Call Transcript. KB",
    "link": "https://ir.waldencast.com/static-files/345b6e5c-345d---00d4065aaf43",
    "timestamp": "unknown"
  },
  {
    "title": "First Quarter Fiscal  Earnings Call Transcript. KB",
    "link": "https://ir.waldencast.com/static-files/345b6e5c-345d---00d4065aaf43",
    "timestamp": "unknown"
  },
  {
    "title": "First Quarter Fiscal  Earnings Call Transcript. KB",
    "link": "https://ir.waldencast.com/static-files/345b6e5c-345d---00d4065aaf43",
    "timestamp": "unknown"
  },
  {
    "title": "First Quarter Fiscal  Earnings Call Transcript. KB",
    "link": "https://ir.waldencast.com/static-files/345b6e5c-345d---00d4065aaf43",
    "timestamp": "unknown"
  },
  {
    "title": "First Quarter Fiscal  Earnings Call Transcript. KB",
    "link": "https://ir.waldencast.com/static-files/345b6e5c-345d---00d4065aaf43",
    "timestamp": "unknown"
  },
  {
    "title": "TD Cowen\u2019s Glowing Ahead: Beauty & Wellness SummitFebruary ,EST",
    "link": "https://ir.waldencast.com/events/event-details/td-cowens-glowing-ahead-beauty-wellness-summit",
    "timestamp": "unknown"
  },
  {
    "title": "TD Cowen\u2019s Glowing Ahead: Beauty & Wellness SummitFebruary ,EST",
    "link": "https://ir.waldencast.com/events/event-details/td-cowens-glowing-ahead-beauty-wellness-summit",
    "timestamp": "unknown"
  },
  {
    "title": "TD Cowen\u2019s Glowing Ahead: Beauty & Wellness SummitFebruary ,EST",
    "link": "https://ir.waldencast.com/events/event-details/td-cowens-glowing-ahead-beauty-wellness-summit",
    "timestamp": "unknown"
  },
  {
    "title": "TD Cowen\u2019s Glowing Ahead: Beauty & Wellness SummitFebruary ,EST",
    "link": "https://ir.waldencast.com/events/event-details/td-cowens-glowing-ahead-beauty-wellness-summit",
    "timestamp": "unknown"
  },
  {
    "title": "TD Cowen\u2019s Glowing Ahead: Beauty & Wellness SummitFebruary ,EST",
    "link": "https://ir.waldencast.com/events/event-details/td-cowens-glowing-ahead-beauty-wellness-summit",
    "timestamp": "unknown"
  },
  {
    "title": "TD Cowen\u2019s Glowing Ahead: Beauty & Wellness SummitFebruary ,EST",
    "link": "https://ir.waldencast.com/events/event-details/td-cowens-glowing-ahead-beauty-wellness-summit",
    "timestamp": "unknown"
  },
  {
    "title": "TD Cowen\u2019s Glowing Ahead: Beauty & Wellness Summit",
    "link": "https://ir.waldencast.com/events/event-details/td-cowens-glowing-ahead-beauty-wellness-summit",
    "timestamp": "unknown"
  },
  {
    "title": "TD Cowen\u2019s Glowing Ahead: Beauty & Wellness Summit",
    "link": "https://ir.waldencast.com/events/event-details/td-cowens-glowing-ahead-beauty-wellness-summit",
    "timestamp": "unknown"
  },
  {
    "title": "TD Cowen\u2019s Glowing Ahead: Beauty & Wellness Summit",
    "link": "https://ir.waldencast.com/events/event-details/td-cowens-glowing-ahead-beauty-wellness-summit",
    "timestamp": "unknown"
  },
  {
    "title": "Canaccord Genuity 43rd Annual Growth ConferenceAugust ,EDT",
    "link": "https://ir.waldencast.com/events/event-details/canaccord-genuity-43rd-annual-growth-conference",
    "timestamp": "unknown"
  },
  {
    "title": "Canaccord Genuity 43rd Annual Growth ConferenceAugust ,EDT",
    "link": "https://ir.waldencast.com/events/event-details/canaccord-genuity-43rd-annual-growth-conference",
    "timestamp": "unknown"
  },
  {
    "title": "Canaccord Genuity 43rd Annual Growth ConferenceAugust ,EDT",
    "link": "https://ir.waldencast.com/events/event-details/canaccord-genuity-43rd-annual-growth-conference",
    "timestamp": "unknown"
  },
  {
    "title": "Canaccord Genuity 43rd Annual Growth ConferenceAugust ,EDT",
    "link": "https://ir.waldencast.com/events/event-details/canaccord-genuity-43rd-annual-growth-conference",
    "timestamp": "unknown"
  },
  {
    "title": "Canaccord Genuity 43rd Annual Growth ConferenceAugust ,EDT",
    "link": "https://ir.waldencast.com/events/event-details/canaccord-genuity-43rd-annual-growth-conference",
    "timestamp": "unknown"
  },
  {
    "title": "Canaccord Genuity 43rd Annual Growth ConferenceAugust ,EDT",
    "link": "https://ir.waldencast.com/events/event-details/canaccord-genuity-43rd-annual-growth-conference",
    "timestamp": "unknown"
  },
  {
    "title": "Canaccord Genuity 43rd Annual Growth Conference",
    "link": "https://ir.waldencast.com/events/event-details/canaccord-genuity-43rd-annual-growth-conference",
    "timestamp": "unknown"
  },
  {
    "title": "Canaccord Genuity 43rd Annual Growth Conference",
    "link": "https://ir.waldencast.com/events/event-details/canaccord-genuity-43rd-annual-growth-conference",
    "timestamp": "unknown"
  },
  {
    "title": "Canaccord Genuity 43rd Annual Growth Conference",
    "link": "https://ir.waldencast.com/events/event-details/canaccord-genuity-43rd-annual-growth-conference",
    "timestamp": "unknown"
  },
  {
    "title": "TD Cowen 7th Annual Future of the Consumer ConferenceJune ,EDTTD Cowen 7th Annual Future of the Consumer Conference Presentation. MB",
    "link": "https://ir.waldencast.com/events/event-details/td-cowen-7th-annual-future-consumer-conference",
    "timestamp": "unknown"
  },
  {
    "title": "TD Cowen 7th Annual Future of the Consumer ConferenceJune ,EDTTD Cowen 7th Annual Future of the Consumer Conference Presentation. MB",
    "link": "https://ir.waldencast.com/events/event-details/td-cowen-7th-annual-future-consumer-conference",
    "timestamp": "unknown"
  },
  {
    "title": "TD Cowen 7th Annual Future of the Consumer ConferenceJune ,EDT",
    "link": "https://ir.waldencast.com/events/event-details/td-cowen-7th-annual-future-consumer-conference",
    "timestamp": "unknown"
  },
  {
    "title": "TD Cowen 7th Annual Future of the Consumer ConferenceJune ,EDT",
    "link": "https://ir.waldencast.com/events/event-details/td-cowen-7th-annual-future-consumer-conference",
    "timestamp": "unknown"
  },
  {
    "title": "TD Cowen 7th Annual Future of the Consumer ConferenceJune ,EDT",
    "link": "https://ir.waldencast.com/events/event-details/td-cowen-7th-annual-future-consumer-conference",
    "timestamp": "unknown"
  },
  {
    "title": "TD Cowen 7th Annual Future of the Consumer ConferenceJune ,EDT",
    "link": "https://ir.waldencast.com/events/event-details/td-cowen-7th-annual-future-consumer-conference",
    "timestamp": "unknown"
  },
  {
    "title": "TD Cowen 7th Annual Future of the Consumer Conference",
    "link": "https://ir.waldencast.com/events/event-details/td-cowen-7th-annual-future-consumer-conference",
    "timestamp": "unknown"
  },
  {
    "title": "TD Cowen 7th Annual Future of the Consumer Conference",
    "link": "https://ir.waldencast.com/events/event-details/td-cowen-7th-annual-future-consumer-conference",
    "timestamp": "unknown"
  },
  {
    "title": "TD Cowen 7th Annual Future of the Consumer Conference",
    "link": "https://ir.waldencast.com/events/event-details/td-cowen-7th-annual-future-consumer-conference",
    "timestamp": "unknown"
  },
  {
    "title": "TD Cowen 7th Annual Future of the Consumer Conference Presentation. MB",
    "link": "https://ir.waldencast.com/static-files/ab0cebdb-f151--be7a-4de74c745d24",
    "timestamp": "unknown"
  },
  {
    "title": "TD Cowen 7th Annual Future of the Consumer Conference Presentation. MB",
    "link": "https://ir.waldencast.com/static-files/ab0cebdb-f151--be7a-4de74c745d24",
    "timestamp": "unknown"
  },
  {
    "title": "TD Cowen 7th Annual Future of the Consumer Conference Presentation. MB",
    "link": "https://ir.waldencast.com/static-files/ab0cebdb-f151--be7a-4de74c745d24",
    "timestamp": "unknown"
  },
  {
    "title": "TD Cowen 7th Annual Future of the Consumer Conference Presentation. MB",
    "link": "https://ir.waldencast.com/static-files/ab0cebdb-f151--be7a-4de74c745d24",
    "timestamp": "unknown"
  },
  {
    "title": "TD Cowen 7th Annual Future of the Consumer Conference Presentation. MB",
    "link": "https://ir.waldencast.com/static-files/ab0cebdb-f151--be7a-4de74c745d24",
    "timestamp": "unknown"
  },
  {
    "title": "TD Cowen 7th Annual Future of the Consumer Conference Presentation. MB",
    "link": "https://ir.waldencast.com/static-files/ab0cebdb-f151--be7a-4de74c745d24",
    "timestamp": "unknown"
  },
  {
    "title": "TD Cowen 7th Annual Future of the Consumer Conference Presentation. MB",
    "link": "https://ir.waldencast.com/static-files/ab0cebdb-f151--be7a-4de74c745d24",
    "timestamp": "unknown"
  },
  {
    "title": "TD Cowen 7th Annual Future of the Consumer Conference Presentation. MB",
    "link": "https://ir.waldencast.com/static-files/ab0cebdb-f151--be7a-4de74c745d24",
    "timestamp": "unknown"
  },
  {
    "title": "TD Cowen 7th Annual Future of the Consumer Conference Presentation. MB",
    "link": "https://ir.waldencast.com/static-files/ab0cebdb-f151--be7a-4de74c745d24",
    "timestamp": "unknown"
  },
  {
    "title": "TD Cowen 7th Annual Future of the Consumer Conference Presentation. MB",
    "link": "https://ir.waldencast.com/static-files/ab0cebdb-f151--be7a-4de74c745d24",
    "timestamp": "unknown"
  },
  {
    "title": "TD Cowen 7th Annual Future of the Consumer Conference Presentation. MB",
    "link": "https://ir.waldencast.com/static-files/ab0cebdb-f151--be7a-4de74c745d24",
    "timestamp": "unknown"
  },
  {
    "title": "D.A. Davidson 6th Annual Consumer ConferenceMarch ,EDTD.A. Davidson March  PresentationMB",
    "link": "https://ir.waldencast.com/events/event-details/da-davidson-6th-annual-consumer-conference",
    "timestamp": "unknown"
  },
  {
    "title": "D.A. Davidson 6th Annual Consumer ConferenceMarch ,EDTD.A. Davidson March  PresentationMB",
    "link": "https://ir.waldencast.com/events/event-details/da-davidson-6th-annual-consumer-conference",
    "timestamp": "unknown"
  },
  {
    "title": "D.A. Davidson 6th Annual Consumer ConferenceMarch ,EDT",
    "link": "https://ir.waldencast.com/events/event-details/da-davidson-6th-annual-consumer-conference",
    "timestamp": "unknown"
  },
  {
    "title": "D.A. Davidson 6th Annual Consumer ConferenceMarch ,EDT",
    "link": "https://ir.waldencast.com/events/event-details/da-davidson-6th-annual-consumer-conference",
    "timestamp": "unknown"
  },
  {
    "title": "D.A. Davidson 6th Annual Consumer ConferenceMarch ,EDT",
    "link": "https://ir.waldencast.com/events/event-details/da-davidson-6th-annual-consumer-conference",
    "timestamp": "unknown"
  },
  {
    "title": "D.A. Davidson 6th Annual Consumer ConferenceMarch ,EDT",
    "link": "https://ir.waldencast.com/events/event-details/da-davidson-6th-annual-consumer-conference",
    "timestamp": "unknown"
  },
  {
    "title": "D.A. Davidson 6th Annual Consumer Conference",
    "link": "https://ir.waldencast.com/events/event-details/da-davidson-6th-annual-consumer-conference",
    "timestamp": "unknown"
  },
  {
    "title": "D.A. Davidson 6th Annual Consumer Conference",
    "link": "https://ir.waldencast.com/events/event-details/da-davidson-6th-annual-consumer-conference",
    "timestamp": "unknown"
  },
  {
    "title": "D.A. Davidson 6th Annual Consumer Conference",
    "link": "https://ir.waldencast.com/events/event-details/da-davidson-6th-annual-consumer-conference",
    "timestamp": "unknown"
  },
  {
    "title": "D.A. Davidson March  PresentationMB",
    "link": "https://ir.waldencast.com/static-files/461c450a-0d3e--b0ef-334046bce007",
    "timestamp": "unknown"
  },
  {
    "title": "D.A. Davidson March  PresentationMB",
    "link": "https://ir.waldencast.com/static-files/461c450a-0d3e--b0ef-334046bce007",
    "timestamp": "unknown"
  },
  {
    "title": "D.A. Davidson March  PresentationMB",
    "link": "https://ir.waldencast.com/static-files/461c450a-0d3e--b0ef-334046bce007",
    "timestamp": "unknown"
  },
  {
    "title": "D.A. Davidson March  PresentationMB",
    "link": "https://ir.waldencast.com/static-files/461c450a-0d3e--b0ef-334046bce007",
    "timestamp": "unknown"
  },
  {
    "title": "D.A. Davidson March  PresentationMB",
    "link": "https://ir.waldencast.com/static-files/461c450a-0d3e--b0ef-334046bce007",
    "timestamp": "unknown"
  },
  {
    "title": "D.A. Davidson March  PresentationMB",
    "link": "https://ir.waldencast.com/static-files/461c450a-0d3e--b0ef-334046bce007",
    "timestamp": "unknown"
  },
  {
    "title": "D.A. Davidson March  PresentationMB",
    "link": "https://ir.waldencast.com/static-files/461c450a-0d3e--b0ef-334046bce007",
    "timestamp": "unknown"
  },
  {
    "title": "D.A. Davidson March  PresentationMB",
    "link": "https://ir.waldencast.com/static-files/461c450a-0d3e--b0ef-334046bce007",
    "timestamp": "unknown"
  },
  {
    "title": "D.A. Davidson March  PresentationMB",
    "link": "https://ir.waldencast.com/static-files/461c450a-0d3e--b0ef-334046bce007",
    "timestamp": "unknown"
  },
  {
    "title": "D.A. Davidson March  PresentationMB",
    "link": "https://ir.waldencast.com/static-files/461c450a-0d3e--b0ef-334046bce007",
    "timestamp": "unknown"
  },
  {
    "title": "D.A. Davidson March  PresentationMB",
    "link": "https://ir.waldencast.com/static-files/461c450a-0d3e--b0ef-334046bce007",
    "timestamp": "unknown"
  },
  {
    "title": "Raymond James 44th Annual Institutional Investors ConferenceMarch ,EST",
    "link": "https://ir.waldencast.com/events/event-details/raymond-james-44th-annual-institutional-investors-conference",
    "timestamp": "unknown"
  },
  {
    "title": "Raymond James 44th Annual Institutional Investors ConferenceMarch ,EST",
    "link": "https://ir.waldencast.com/events/event-details/raymond-james-44th-annual-institutional-investors-conference",
    "timestamp": "unknown"
  },
  {
    "title": "Raymond James 44th Annual Institutional Investors ConferenceMarch ,EST",
    "link": "https://ir.waldencast.com/events/event-details/raymond-james-44th-annual-institutional-investors-conference",
    "timestamp": "unknown"
  },
  {
    "title": "Raymond James 44th Annual Institutional Investors ConferenceMarch ,EST",
    "link": "https://ir.waldencast.com/events/event-details/raymond-james-44th-annual-institutional-investors-conference",
    "timestamp": "unknown"
  },
  {
    "title": "Raymond James 44th Annual Institutional Investors ConferenceMarch ,EST",
    "link": "https://ir.waldencast.com/events/event-details/raymond-james-44th-annual-institutional-investors-conference",
    "timestamp": "unknown"
  },
  {
    "title": "Raymond James 44th Annual Institutional Investors ConferenceMarch ,EST",
    "link": "https://ir.waldencast.com/events/event-details/raymond-james-44th-annual-institutional-investors-conference",
    "timestamp": "unknown"
  },
  {
    "title": "Raymond James 44th Annual Institutional Investors Conference",
    "link": "https://ir.waldencast.com/events/event-details/raymond-james-44th-annual-institutional-investors-conference",
    "timestamp": "unknown"
  },
  {
    "title": "Raymond James 44th Annual Institutional Investors Conference",
    "link": "https://ir.waldencast.com/events/event-details/raymond-james-44th-annual-institutional-investors-conference",
    "timestamp": "unknown"
  },
  {
    "title": "Raymond James 44th Annual Institutional Investors Conference",
    "link": "https://ir.waldencast.com/events/event-details/raymond-james-44th-annual-institutional-investors-conference",
    "timestamp": "unknown"
  },
  {
    "title": "25th Annual ICR ConferenceJanuary ,ESTICR ConferenceMB",
    "link": "https://ir.waldencast.com/events/event-details/25th-annual-icr-conference",
    "timestamp": "unknown"
  },
  {
    "title": "25th Annual ICR ConferenceJanuary ,ESTICR ConferenceMB",
    "link": "https://ir.waldencast.com/events/event-details/25th-annual-icr-conference",
    "timestamp": "unknown"
  },
  {
    "title": "25th Annual ICR ConferenceJanuary ,EST",
    "link": "https://ir.waldencast.com/events/event-details/25th-annual-icr-conference",
    "timestamp": "unknown"
  },
  {
    "title": "25th Annual ICR ConferenceJanuary ,EST",
    "link": "https://ir.waldencast.com/events/event-details/25th-annual-icr-conference",
    "timestamp": "unknown"
  },
  {
    "title": "25th Annual ICR ConferenceJanuary ,EST",
    "link": "https://ir.waldencast.com/events/event-details/25th-annual-icr-conference",
    "timestamp": "unknown"
  },
  {
    "title": "25th Annual ICR ConferenceJanuary ,EST",
    "link": "https://ir.waldencast.com/events/event-details/25th-annual-icr-conference",
    "timestamp": "unknown"
  },
  {
    "title": "25th Annual ICR Conference",
    "link": "https://ir.waldencast.com/events/event-details/25th-annual-icr-conference",
    "timestamp": "unknown"
  },
  {
    "title": "25th Annual ICR Conference",
    "link": "https://ir.waldencast.com/events/event-details/25th-annual-icr-conference",
    "timestamp": "unknown"
  },
  {
    "title": "25th Annual ICR Conference",
    "link": "https://ir.waldencast.com/events/event-details/25th-annual-icr-conference",
    "timestamp": "unknown"
  },
  {
    "title": "ICR ConferenceMB",
    "link": "https://ir.waldencast.com/static-files/cbfffada-50fd-42c6-9e01-64c1219138f8",
    "timestamp": "unknown"
  },
  {
    "title": "ICR ConferenceMB",
    "link": "https://ir.waldencast.com/static-files/cbfffada-50fd-42c6-9e01-64c1219138f8",
    "timestamp": "unknown"
  },
  {
    "title": "ICR ConferenceMB",
    "link": "https://ir.waldencast.com/static-files/cbfffada-50fd-42c6-9e01-64c1219138f8",
    "timestamp": "unknown"
  },
  {
    "title": "ICR ConferenceMB",
    "link": "https://ir.waldencast.com/static-files/cbfffada-50fd-42c6-9e01-64c1219138f8",
    "timestamp": "unknown"
  },
  {
    "title": "ICR ConferenceMB",
    "link": "https://ir.waldencast.com/static-files/cbfffada-50fd-42c6-9e01-64c1219138f8",
    "timestamp": "unknown"
  },
  {
    "title": "ICR ConferenceMB",
    "link": "https://ir.waldencast.com/static-files/cbfffada-50fd-42c6-9e01-64c1219138f8",
    "timestamp": "unknown"
  },
  {
    "title": "ICR ConferenceMB",
    "link": "https://ir.waldencast.com/static-files/cbfffada-50fd-42c6-9e01-64c1219138f8",
    "timestamp": "unknown"
  },
  {
    "title": "ICR ConferenceMB",
    "link": "https://ir.waldencast.com/static-files/cbfffada-50fd-42c6-9e01-64c1219138f8",
    "timestamp": "unknown"
  },
  {
    "title": "ICR ConferenceMB",
    "link": "https://ir.waldencast.com/static-files/cbfffada-50fd-42c6-9e01-64c1219138f8",
    "timestamp": "unknown"
  },
  {
    "title": "ICR ConferenceMB",
    "link": "https://ir.waldencast.com/static-files/cbfffada-50fd-42c6-9e01-64c1219138f8",
    "timestamp": "unknown"
  },
  {
    "title": "ICR ConferenceMB",
    "link": "https://ir.waldencast.com/static-files/cbfffada-50fd-42c6-9e01-64c1219138f8",
    "timestamp": "unknown"
  },
  {
    "title": "Waldencast PLC Third Quarter Fiscal  Earnings CallNovember ,EST",
    "link": "https://ir.waldencast.com/events/event-details/waldencast-plc-third-quarter-fiscal--earnings-call",
    "timestamp": "unknown"
  },
  {
    "title": "Waldencast PLC Third Quarter Fiscal  Earnings CallNovember ,EST",
    "link": "https://ir.waldencast.com/events/event-details/waldencast-plc-third-quarter-fiscal--earnings-call",
    "timestamp": "unknown"
  },
  {
    "title": "Waldencast PLC Third Quarter Fiscal  Earnings CallNovember ,EST",
    "link": "https://ir.waldencast.com/events/event-details/waldencast-plc-third-quarter-fiscal--earnings-call",
    "timestamp": "unknown"
  },
  {
    "title": "Waldencast PLC Third Quarter Fiscal  Earnings CallNovember ,EST",
    "link": "https://ir.waldencast.com/events/event-details/waldencast-plc-third-quarter-fiscal--earnings-call",
    "timestamp": "unknown"
  },
  {
    "title": "Waldencast PLC Third Quarter Fiscal  Earnings CallNovember ,EST",
    "link": "https://ir.waldencast.com/events/event-details/waldencast-plc-third-quarter-fiscal--earnings-call",
    "timestamp": "unknown"
  },
  {
    "title": "Waldencast PLC Third Quarter Fiscal  Earnings CallNovember ,EST",
    "link": "https://ir.waldencast.com/events/event-details/waldencast-plc-third-quarter-fiscal--earnings-call",
    "timestamp": "unknown"
  },
  {
    "title": "Waldencast PLC Third Quarter Fiscal  Earnings Call",
    "link": "https://ir.waldencast.com/events/event-details/waldencast-plc-third-quarter-fiscal--earnings-call",
    "timestamp": "unknown"
  },
  {
    "title": "Waldencast PLC Third Quarter Fiscal  Earnings Call",
    "link": "https://ir.waldencast.com/events/event-details/waldencast-plc-third-quarter-fiscal--earnings-call",
    "timestamp": "unknown"
  },
  {
    "title": "Waldencast PLC Third Quarter Fiscal  Earnings Call",
    "link": "https://ir.waldencast.com/events/event-details/waldencast-plc-third-quarter-fiscal--earnings-call",
    "timestamp": "unknown"
  },
  {
    "title": "Raymond James Consumer ConferenceSeptember ,EDT",
    "link": "https://ir.waldencast.com/events/event-details/raymond-james-consumer-conference",
    "timestamp": "unknown"
  },
  {
    "title": "Raymond James Consumer ConferenceSeptember ,EDT",
    "link": "https://ir.waldencast.com/events/event-details/raymond-james-consumer-conference",
    "timestamp": "unknown"
  },
  {
    "title": "Raymond James Consumer ConferenceSeptember ,EDT",
    "link": "https://ir.waldencast.com/events/event-details/raymond-james-consumer-conference",
    "timestamp": "unknown"
  },
  {
    "title": "Raymond James Consumer ConferenceSeptember ,EDT",
    "link": "https://ir.waldencast.com/events/event-details/raymond-james-consumer-conference",
    "timestamp": "unknown"
  },
  {
    "title": "Raymond James Consumer ConferenceSeptember ,EDT",
    "link": "https://ir.waldencast.com/events/event-details/raymond-james-consumer-conference",
    "timestamp": "unknown"
  },
  {
    "title": "Raymond James Consumer ConferenceSeptember ,EDT",
    "link": "https://ir.waldencast.com/events/event-details/raymond-james-consumer-conference",
    "timestamp": "unknown"
  },
  {
    "title": "Raymond James Consumer Conference",
    "link": "https://ir.waldencast.com/events/event-details/raymond-james-consumer-conference",
    "timestamp": "unknown"
  },
  {
    "title": "Raymond James Consumer Conference",
    "link": "https://ir.waldencast.com/events/event-details/raymond-james-consumer-conference",
    "timestamp": "unknown"
  },
  {
    "title": "Raymond James Consumer Conference",
    "link": "https://ir.waldencast.com/events/event-details/raymond-james-consumer-conference",
    "timestamp": "unknown"
  },
  {
    "title": "Waldencast PLC Second Quarter Fiscal  Earnings CallAugust ,EDT",
    "link": "https://ir.waldencast.com/events/event-details/waldencast-plc-second-quarter-fiscal--earnings-call",
    "timestamp": "unknown"
  },
  {
    "title": "Waldencast PLC Second Quarter Fiscal  Earnings CallAugust ,EDT",
    "link": "https://ir.waldencast.com/events/event-details/waldencast-plc-second-quarter-fiscal--earnings-call",
    "timestamp": "unknown"
  },
  {
    "title": "Waldencast PLC Second Quarter Fiscal  Earnings CallAugust ,EDT",
    "link": "https://ir.waldencast.com/events/event-details/waldencast-plc-second-quarter-fiscal--earnings-call",
    "timestamp": "unknown"
  },
  {
    "title": "Waldencast PLC Second Quarter Fiscal  Earnings CallAugust ,EDT",
    "link": "https://ir.waldencast.com/events/event-details/waldencast-plc-second-quarter-fiscal--earnings-call",
    "timestamp": "unknown"
  },
  {
    "title": "Waldencast PLC Second Quarter Fiscal  Earnings CallAugust ,EDT",
    "link": "https://ir.waldencast.com/events/event-details/waldencast-plc-second-quarter-fiscal--earnings-call",
    "timestamp": "unknown"
  },
  {
    "title": "Waldencast PLC Second Quarter Fiscal  Earnings CallAugust ,EDT",
    "link": "https://ir.waldencast.com/events/event-details/waldencast-plc-second-quarter-fiscal--earnings-call",
    "timestamp": "unknown"
  },
  {
    "title": "Waldencast PLC Second Quarter Fiscal  Earnings Call",
    "link": "https://ir.waldencast.com/events/event-details/waldencast-plc-second-quarter-fiscal--earnings-call",
    "timestamp": "unknown"
  },
  {
    "title": "Waldencast PLC Second Quarter Fiscal  Earnings Call",
    "link": "https://ir.waldencast.com/events/event-details/waldencast-plc-second-quarter-fiscal--earnings-call",
    "timestamp": "unknown"
  },
  {
    "title": "Waldencast PLC Second Quarter Fiscal  Earnings Call",
    "link": "https://ir.waldencast.com/events/event-details/waldencast-plc-second-quarter-fiscal--earnings-call",
    "timestamp": "unknown"
  },
  {
    "title": "Cowen ConferenceMay ,EDTWaldencast Announces Participation in the Cowen 6th Annual Future of the Consumer Conference on May 25th,",
    "link": "https://ir.waldencast.com/events/event-details/cowen-conference",
    "timestamp": "unknown"
  },
  {
    "title": "Cowen ConferenceMay ,EDTWaldencast Announces Participation in the Cowen 6th Annual Future of the Consumer Conference on May 25th,",
    "link": "https://ir.waldencast.com/events/event-details/cowen-conference",
    "timestamp": "unknown"
  },
  {
    "title": "Cowen ConferenceMay ,EDT",
    "link": "https://ir.waldencast.com/events/event-details/cowen-conference",
    "timestamp": "unknown"
  },
  {
    "title": "Cowen ConferenceMay ,EDT",
    "link": "https://ir.waldencast.com/events/event-details/cowen-conference",
    "timestamp": "unknown"
  },
  {
    "title": "Cowen ConferenceMay ,EDT",
    "link": "https://ir.waldencast.com/events/event-details/cowen-conference",
    "timestamp": "unknown"
  },
  {
    "title": "Cowen ConferenceMay ,EDT",
    "link": "https://ir.waldencast.com/events/event-details/cowen-conference",
    "timestamp": "unknown"
  },
  {
    "title": "Cowen Conference",
    "link": "https://ir.waldencast.com/events/event-details/cowen-conference",
    "timestamp": "unknown"
  },
  {
    "title": "Cowen Conference",
    "link": "https://ir.waldencast.com/events/event-details/cowen-conference",
    "timestamp": "unknown"
  },
  {
    "title": "Cowen Conference",
    "link": "https://ir.waldencast.com/events/event-details/cowen-conference",
    "timestamp": "unknown"
  },
  {
    "title": "Waldencast Announces Participation in the Cowen 6th Annual Future of the Consumer Conference on May 25th,",
    "link": "https://ir.waldencast.com/news-releases/news-release-details/waldencast-announces-participation-cowen-6th-annual-future",
    "timestamp": "unknown"
  },
  {
    "title": "Waldencast Announces Participation in the Cowen 6th Annual Future of the Consumer Conference on May 25th,",
    "link": "https://ir.waldencast.com/news-releases/news-release-details/waldencast-announces-participation-cowen-6th-annual-future",
    "timestamp": "unknown"
  },
  {
    "title": "Waldencast Announces Participation in the Cowen 6th Annual Future of the Consumer Conference on May 25th,",
    "link": "https://ir.waldencast.com/news-releases/news-release-details/waldencast-announces-participation-cowen-6th-annual-future",
    "timestamp": "unknown"
  },
  {
    "title": "Waldencast Announces Participation in the Cowen 6th Annual Future of the Consumer Conference on May 25th,",
    "link": "https://ir.waldencast.com/news-releases/news-release-details/waldencast-announces-participation-cowen-6th-annual-future",
    "timestamp": "unknown"
  },
  {
    "title": "Waldencast Announces Participation in the Cowen 6th Annual Future of the Consumer Conference on May 25th,",
    "link": "https://ir.waldencast.com/news-releases/news-release-details/waldencast-announces-participation-cowen-6th-annual-future",
    "timestamp": "unknown"
  },
  {
    "title": "Waldencast Announces Participation in the Cowen 6th Annual Future of the Consumer Conference on May 25th,",
    "link": "https://ir.waldencast.com/news-releases/news-release-details/waldencast-announces-participation-cowen-6th-annual-future",
    "timestamp": "unknown"
  },
  {
    "title": "Waldencast Announces Participation in the Cowen 6th Annual Future of the Consumer Conference on May 25th,",
    "link": "https://ir.waldencast.com/news-releases/news-release-details/waldencast-announces-participation-cowen-6th-annual-future",
    "timestamp": "unknown"
  },
  {
    "title": "Waldencast Analyst Day PresentationApril ,Analyst Day Presentation. MB",
    "link": "https://ir.waldencast.com/events/event-details/waldencast-analyst-day-presentation",
    "timestamp": "unknown"
  },
  {
    "title": "Waldencast Analyst Day PresentationApril ,Analyst Day Presentation. MB",
    "link": "https://ir.waldencast.com/events/event-details/waldencast-analyst-day-presentation",
    "timestamp": "unknown"
  },
  {
    "title": "Waldencast Analyst Day PresentationApril ,",
    "link": "https://ir.waldencast.com/events/event-details/waldencast-analyst-day-presentation",
    "timestamp": "unknown"
  },
  {
    "title": "Waldencast Analyst Day PresentationApril ,",
    "link": "https://ir.waldencast.com/events/event-details/waldencast-analyst-day-presentation",
    "timestamp": "unknown"
  },
  {
    "title": "Waldencast Analyst Day PresentationApril ,",
    "link": "https://ir.waldencast.com/events/event-details/waldencast-analyst-day-presentation",
    "timestamp": "unknown"
  },
  {
    "title": "Waldencast Analyst Day PresentationApril ,",
    "link": "https://ir.waldencast.com/events/event-details/waldencast-analyst-day-presentation",
    "timestamp": "unknown"
  },
  {
    "title": "Waldencast Analyst Day Presentation",
    "link": "https://ir.waldencast.com/events/event-details/waldencast-analyst-day-presentation",
    "timestamp": "unknown"
  },
  {
    "title": "Waldencast Analyst Day Presentation",
    "link": "https://ir.waldencast.com/events/event-details/waldencast-analyst-day-presentation",
    "timestamp": "unknown"
  },
  {
    "title": "Waldencast Analyst Day Presentation",
    "link": "https://ir.waldencast.com/events/event-details/waldencast-analyst-day-presentation",
    "timestamp": "unknown"
  },
  {
    "title": "Analyst Day Presentation. MB",
    "link": "https://ir.waldencast.com/static-files/ccff808f-f3dd--ab17-07c29af9334a",
    "timestamp": "unknown"
  },
  {
    "title": "Analyst Day Presentation. MB",
    "link": "https://ir.waldencast.com/static-files/ccff808f-f3dd--ab17-07c29af9334a",
    "timestamp": "unknown"
  },
  {
    "title": "Analyst Day Presentation. MB",
    "link": "https://ir.waldencast.com/static-files/ccff808f-f3dd--ab17-07c29af9334a",
    "timestamp": "unknown"
  },
  {
    "title": "Analyst Day Presentation. MB",
    "link": "https://ir.waldencast.com/static-files/ccff808f-f3dd--ab17-07c29af9334a",
    "timestamp": "unknown"
  },
  {
    "title": "Analyst Day Presentation. MB",
    "link": "https://ir.waldencast.com/static-files/ccff808f-f3dd--ab17-07c29af9334a",
    "timestamp": "unknown"
  },
  {
    "title": "Analyst Day Presentation. MB",
    "link": "https://ir.waldencast.com/static-files/ccff808f-f3dd--ab17-07c29af9334a",
    "timestamp": "unknown"
  },
  {
    "title": "Analyst Day Presentation. MB",
    "link": "https://ir.waldencast.com/static-files/ccff808f-f3dd--ab17-07c29af9334a",
    "timestamp": "unknown"
  },
  {
    "title": "Analyst Day Presentation. MB",
    "link": "https://ir.waldencast.com/static-files/ccff808f-f3dd--ab17-07c29af9334a",
    "timestamp": "unknown"
  },
  {
    "title": "Analyst Day Presentation. MB",
    "link": "https://ir.waldencast.com/static-files/ccff808f-f3dd--ab17-07c29af9334a",
    "timestamp": "unknown"
  },
  {
    "title": "Analyst Day Presentation. MB",
    "link": "https://ir.waldencast.com/static-files/ccff808f-f3dd--ab17-07c29af9334a",
    "timestamp": "unknown"
  },
  {
    "title": "Analyst Day Presentation. MB",
    "link": "https://ir.waldencast.com/static-files/ccff808f-f3dd--ab17-07c29af9334a",
    "timestamp": "unknown"
  },
  {
    "title": "contact investor relationsInvestorsICRAllison Malkinwaldencastir@icrinc.comMediaICRBrittany Fraserwaldencastir@icrinc.com",
    "link": "mailto:waldencastir@icrinc.com",
    "timestamp": "unknown"
  },
  {
    "title": "contact investor relationsInvestorsICRAllison Malkinwaldencastir@icrinc.comMediaICRBrittany Fraserwaldencastir@icrinc.com",
    "link": "mailto:waldencastir@icrinc.com",
    "timestamp": "unknown"
  },
  {
    "title": "contact investor relationsInvestorsICRAllison Malkinwaldencastir@icrinc.comMediaICRBrittany Fraserwaldencastir@icrinc.com",
    "link": "mailto:waldencastir@icrinc.com",
    "timestamp": "unknown"
  },
  {
    "title": "contact investor relationsInvestorsICRAllison Malkinwaldencastir@icrinc.comMediaICRBrittany Fraserwaldencastir@icrinc.com",
    "link": "mailto:waldencastir@icrinc.com",
    "timestamp": "unknown"
  },
  {
    "title": "contact investor relationsInvestorsICRAllison Malkinwaldencastir@icrinc.comMediaICRBrittany Fraserwaldencastir@icrinc.com",
    "link": "mailto:waldencastir@icrinc.com",
    "timestamp": "unknown"
  },
  {
    "title": "contact investor relationsInvestorsICRAllison Malkinwaldencastir@icrinc.comMediaICRBrittany Fraserwaldencastir@icrinc.com",
    "link": "mailto:waldencastir@icrinc.com",
    "timestamp": "unknown"
  },
  {
    "title": "contact investor relationsInvestorsICRAllison Malkinwaldencastir@icrinc.comMediaICRBrittany Fraserwaldencastir@icrinc.com",
    "link": "mailto:waldencastir@icrinc.com",
    "timestamp": "unknown"
  },
  {
    "title": "contact investor relationsInvestorsICRAllison Malkinwaldencastir@icrinc.comMediaICRBrittany Fraserwaldencastir@icrinc.com",
    "link": "mailto:waldencastir@icrinc.com",
    "timestamp": "unknown"
  },
  {
    "title": "contact investor relationsInvestorsICRAllison Malkinwaldencastir@icrinc.comMediaICRBrittany Fraserwaldencastir@icrinc.com",
    "link": "mailto:waldencastir@icrinc.com",
    "timestamp": "unknown"
  },
  {
    "title": "contact investor relationsInvestorsICRAllison Malkinwaldencastir@icrinc.comMediaICRBrittany Fraserwaldencastir@icrinc.com",
    "link": "mailto:waldencastir@icrinc.com",
    "timestamp": "unknown"
  },
  {
    "title": "contact investor relationsInvestorsICRAllison Malkinwaldencastir@icrinc.comMediaICRBrittany Fraserwaldencastir@icrinc.com",
    "link": "mailto:waldencastir@icrinc.com",
    "timestamp": "unknown"
  },
  {
    "title": "InvestorsICRAllison Malkinwaldencastir@icrinc.com",
    "link": "mailto:waldencastir@icrinc.com",
    "timestamp": "unknown"
  },
  {
    "title": "waldencastir@icrinc.com",
    "link": "mailto:waldencastir@icrinc.com",
    "timestamp": "unknown"
  },
  {
    "title": "MediaICRBrittany Fraserwaldencastir@icrinc.com",
    "link": "mailto:waldencastir@icrinc.com",
    "timestamp": "unknown"
  },
  {
    "title": "waldencastir@icrinc.com",
    "link": "mailto:waldencastir@icrinc.com",
    "timestamp": "unknown"
  },
  {
    "title": "Subscribe for updates",
    "link": "https://www.linkedin.com/company/waldencast/",
    "timestamp": "unknown"
  },
  {
    "title": "AboutOur BrandsNewsroomInvestors",
    "link": "https://www.waldencast.com/about/",
    "timestamp": "unknown"
  },
  {
    "title": "About",
    "link": "https://www.waldencast.com/about/",
    "timestamp": "unknown"
  },
  {
    "title": "Our Brands",
    "link": "https://www.waldencast.com/our-brands/",
    "timestamp": "unknown"
  },
  {
    "title": "Newsroom",
    "link": "https://www.waldencast.com/newsroom/",
    "timestamp": "unknown"
  },
  {
    "title": "Investors",
    "link": "https://ir.waldencast.com/",
    "timestamp": "unknown"
  },
  {
    "title": "Contact",
    "link": "https://www.waldencast.com/contact/",
    "timestamp": "unknown"
  },
  {
    "title": "Privacy Policy",
    "link": "https://www.waldencast.com/privacy-policy/",
    "timestamp": "unknown"
  },
  {
    "title": "Waldencast Ventures",
    "link": "https://www.waldencastventures.com/",
    "timestamp": "unknown"
  }
]