[
  {
    "title": "Please review our updatedPrivacy PolicyandTerms of Use. To exercise your privacy rights,click here. If you have any questions about these changes, ple",
    "link": "https://www.revance.com/privacy-policy",
    "timestamp": "unknown"
  },
  {
    "title": "Please review our updatedPrivacy PolicyandTerms of Use. To exercise your privacy rights,click here. If you have any questions about these changes, ple",
    "link": "https://www.revance.com/privacy-policy",
    "timestamp": "unknown"
  },
  {
    "title": "Please review our updatedPrivacy PolicyandTerms of Use. To exercise your privacy rights,click here. If you have any questions about these changes, ple",
    "link": "https://www.revance.com/privacy-policy",
    "timestamp": "unknown"
  },
  {
    "title": "ProductsAestheticsConsumer SkincarePrescriptionAbout UsServicesMedical AffairsR &#; DNewsMediaCareers",
    "link": "https://crownlaboratories.com",
    "timestamp": "unknown"
  },
  {
    "title": "ProductsAestheticsConsumer SkincarePrescriptionAbout UsServicesMedical AffairsR &#; DNewsMediaCareers",
    "link": "https://crownlaboratories.com/news/",
    "timestamp": "unknown"
  },
  {
    "title": "ProductsAestheticsConsumer SkincarePrescription",
    "link": "https://crownlaboratories.com/news/",
    "timestamp": "unknown"
  },
  {
    "title": "Aesthetics",
    "link": "https://crownlaboratories.com/aesthetics/",
    "timestamp": "unknown"
  },
  {
    "title": "Consumer Skincare",
    "link": "https://crownlaboratories.com/consumer-skincare/",
    "timestamp": "unknown"
  },
  {
    "title": "Prescription",
    "link": "https://crownlaboratories.com/prescription/",
    "timestamp": "unknown"
  },
  {
    "title": "About Us",
    "link": "https://crownlaboratories.com/about/",
    "timestamp": "unknown"
  },
  {
    "title": "Services",
    "link": "https://crownlaboratories.com/services/",
    "timestamp": "unknown"
  },
  {
    "title": "Medical Affairs",
    "link": "https://crownlaboratories.com/crown-medical-affairs/",
    "timestamp": "unknown"
  },
  {
    "title": "R &#; D",
    "link": "https://crownlaboratories.com/research-and-development/",
    "timestamp": "unknown"
  },
  {
    "title": "News",
    "link": "https://crownlaboratories.com/news/",
    "timestamp": "unknown"
  },
  {
    "title": "Media",
    "link": "https://crownlaboratories.com/media/",
    "timestamp": "unknown"
  },
  {
    "title": "Careers",
    "link": "https://crownlaboratories.com/careers/",
    "timestamp": "unknown"
  },
  {
    "title": "About",
    "link": "https://crownlaboratories.com/about/",
    "timestamp": "unknown"
  },
  {
    "title": "Services",
    "link": "https://crownlaboratories.com/services/",
    "timestamp": "unknown"
  },
  {
    "title": "Medical Affairs",
    "link": "https://crownlaboratories.com/crown-medical-affairs/",
    "timestamp": "unknown"
  }
]