[
  {
    "title": "Huons GlobalHumedixHuM&CHuons BioPharmaHuons MeditechHuonslabFood AssembleHuons USAHuons JapanHuonsLifeSciencesHuons NPanGen BiotechBio Rosette",
    "link": "https://huonsglobal.com/web/home_.php",
    "timestamp": "unknown"
  },
  {
    "title": "Huons GlobalHumedixHuM&CHuons BioPharmaHuons MeditechHuonslabFood AssembleHuons USAHuons JapanHuonsLifeSciencesHuons NPanGen BiotechBio Rosette",
    "link": "https://huonsglobal.com/web/home_.php",
    "timestamp": "unknown"
  },
  {
    "title": "Huons Global",
    "link": "https://huonsglobal.com/web/home_.php",
    "timestamp": "unknown"
  },
  {
    "title": "Humedix",
    "link": "https://humedix.com/web/home.php",
    "timestamp": "unknown"
  },
  {
    "title": "HuM&C",
    "link": "https://humnc.com/layout/kor/home.php?go=main",
    "timestamp": "unknown"
  },
  {
    "title": "Huons BioPharma",
    "link": "https://huonsbiopharma.com/web/home.php",
    "timestamp": "unknown"
  },
  {
    "title": "Huons Meditech",
    "link": "https://huonsmeditech.com/layout/kor/home.php?go=main",
    "timestamp": "unknown"
  },
  {
    "title": "Huonslab",
    "link": "https://huonslab.com/layout/eng/home.php?go=main&",
    "timestamp": "unknown"
  },
  {
    "title": "Food Assemble",
    "link": "https://foodasb.co.kr/",
    "timestamp": "unknown"
  },
  {
    "title": "Huons USA",
    "link": "https://huonsusa.com/web/home.php",
    "timestamp": "unknown"
  },
  {
    "title": "Huons Japan",
    "link": "https://huonsjapan.com/web/home.php",
    "timestamp": "unknown"
  },
  {
    "title": "HuonsLifeSciences",
    "link": "https://huonslifesciences.com/layout/kor/home.php?go=main",
    "timestamp": "unknown"
  },
  {
    "title": "Huons N",
    "link": "https://huons-n.com/layout/eng/home.php?go=main",
    "timestamp": "unknown"
  },
  {
    "title": "PanGen Biotech",
    "link": "https://pangen.com/layout/eng/home.php",
    "timestamp": "unknown"
  },
  {
    "title": "Bio Rosette",
    "link": "http://www.biorosette.com/en/",
    "timestamp": "unknown"
  },
  {
    "title": "HuonsCEO GreetingsVision & MissionHUONS HistoryCILocationHUONS in the WorldProductsInjectable ProductEye DropOral Solid FormContact UsGlobal R&DR&D He",
    "link": "https://huons.com/en",
    "timestamp": "unknown"
  },
  {
    "title": "HuonsCEO GreetingsVision & MissionHUONS HistoryCILocationHUONS in the WorldProductsInjectable ProductEye DropOral Solid FormContact UsGlobal R&DR&D He",
    "link": "https://huons.com/en",
    "timestamp": "unknown"
  },
  {
    "title": "HuonsCEO GreetingsVision & MissionHUONS HistoryCILocationHUONS in the World",
    "link": "https://huons.com/en/about/greetings",
    "timestamp": "unknown"
  },
  {
    "title": "CEO Greetings",
    "link": "https://huons.com/en/about/greetings",
    "timestamp": "unknown"
  },
  {
    "title": "Vision & Mission",
    "link": "https://huons.com/en/about/vision",
    "timestamp": "unknown"
  },
  {
    "title": "HUONS History",
    "link": "https://huons.com/en/about/history",
    "timestamp": "unknown"
  },
  {
    "title": "CI",
    "link": "https://huons.com/en/about/ci",
    "timestamp": "unknown"
  },
  {
    "title": "Location",
    "link": "https://huons.com/en/about/location",
    "timestamp": "unknown"
  },
  {
    "title": "HUONS in the World",
    "link": "https://huons.com/en/about/global",
    "timestamp": "unknown"
  },
  {
    "title": "ProductsInjectable ProductEye DropOral Solid FormContact Us",
    "link": "https://huons.com/en/product/product_list?s_subj=",
    "timestamp": "unknown"
  },
  {
    "title": "Injectable Product",
    "link": "https://huons.com/en/product/product_list?s_subj=",
    "timestamp": "unknown"
  },
  {
    "title": "Eye Drop",
    "link": "https://huons.com/en/product/product_list?s_subj=",
    "timestamp": "unknown"
  },
  {
    "title": "Oral Solid Form",
    "link": "https://huons.com/en/product/product_list?s_subj=",
    "timestamp": "unknown"
  },
  {
    "title": "Contact Us",
    "link": "https://huons.com/en/product/qna",
    "timestamp": "unknown"
  },
  {
    "title": "Global R&DR&D HeadquarterR&D AchievementWorld Class",
    "link": "https://huons.com/en/rnd/headquarter",
    "timestamp": "unknown"
  },
  {
    "title": "R&D Headquarter",
    "link": "https://huons.com/en/rnd/headquarter",
    "timestamp": "unknown"
  },
  {
    "title": "R&D Achievement",
    "link": "https://huons.com/en/rnd/achievement",
    "timestamp": "unknown"
  },
  {
    "title": "World Class",
    "link": "https://huons.com/en/rnd/world300",
    "timestamp": "unknown"
  },
  {
    "title": "Press ReleaseNEWSPR Video",
    "link": "https://huons.com/en/promotion/news_list",
    "timestamp": "unknown"
  },
  {
    "title": "NEWS",
    "link": "https://huons.com/en/promotion/news_list",
    "timestamp": "unknown"
  },
  {
    "title": "PR Video",
    "link": "https://huons.com/en/promotion/video",
    "timestamp": "unknown"
  },
  {
    "title": "InvestorsInvestor RelationsDisclosure InformationFinancial InformationIR NEWS",
    "link": "https://huons.com/en/investment/stock_info",
    "timestamp": "unknown"
  },
  {
    "title": "Investor Relations",
    "link": "https://huons.com/en/investment/stock_info",
    "timestamp": "unknown"
  },
  {
    "title": "Disclosure Information",
    "link": "https://huons.com/en/investment/notice_info",
    "timestamp": "unknown"
  },
  {
    "title": "Financial Information",
    "link": "https://huons.com/en/investment/finance_info",
    "timestamp": "unknown"
  },
  {
    "title": "IR NEWS",
    "link": "https://huons.com/en/investment/ir_list",
    "timestamp": "unknown"
  },
  {
    "title": "Recruitment",
    "link": "https://huonsgroup.recruiter.co.kr/appsite/company/index",
    "timestamp": "unknown"
  },
  {
    "title": "A wholesale web orderLanguageKORENG",
    "link": "http://crm.logisales.kr:/ws-huons/",
    "timestamp": "unknown"
  },
  {
    "title": "A wholesale web order",
    "link": "http://crm.logisales.kr:/ws-huons/",
    "timestamp": "unknown"
  },
  {
    "title": "LanguageKORENG",
    "link": "https://huons.com/",
    "timestamp": "unknown"
  },
  {
    "title": "Press ReleaseHuonsProductsGlobal R&DPress ReleaseInvestorsRecruitmentNEWSNEWSPR Video",
    "link": "https://huons.com/en",
    "timestamp": "unknown"
  },
  {
    "title": "Press ReleaseHuonsProductsGlobal R&DPress ReleaseInvestorsRecruitmentNEWSNEWSPR Video",
    "link": "https://huons.com/en",
    "timestamp": "unknown"
  },
  {
    "title": "Huons",
    "link": "https://huons.com/en/about/greetings",
    "timestamp": "unknown"
  },
  {
    "title": "Products",
    "link": "https://huons.com/en/product/oral_solid_form",
    "timestamp": "unknown"
  },
  {
    "title": "Global R&D",
    "link": "https://huons.com/en/rnd/research",
    "timestamp": "unknown"
  },
  {
    "title": "Press Release",
    "link": "https://huons.com/en/promotion/news_list",
    "timestamp": "unknown"
  },
  {
    "title": "Investors",
    "link": "https://huons.com/en/investment/stock_info",
    "timestamp": "unknown"
  },
  {
    "title": "Recruitment",
    "link": "https://huonsgroup.recruiter.co.kr/appsite/company/index",
    "timestamp": "unknown"
  },
  {
    "title": "NEWS",
    "link": "https://huons.com/en/promotion/news_list",
    "timestamp": "unknown"
  },
  {
    "title": "PR Video",
    "link": "https://huons.com/en/promotion/video",
    "timestamp": "unknown"
  },
  {
    "title": "NEWSYou can get access to information on Huons and its development of new productsPanGen Biotech Announces FY2025 Results, Revenue of KRW . Billion, O",
    "link": "https://huons.com/en/promotion/news_view/",
    "timestamp": "unknown"
  },
  {
    "title": "NEWSYou can get access to information on Huons and its development of new productsPanGen Biotech Announces FY2025 Results, Revenue of KRW . Billion, O",
    "link": "https://huons.com/en/promotion/news_view/",
    "timestamp": "unknown"
  },
  {
    "title": "You can get access to information on Huons and its development of new productsPanGen Biotech Announces FY2025 Results, Revenue of KRW . Billion, Opera",
    "link": "https://huons.com/en/promotion/news_view/",
    "timestamp": "unknown"
  },
  {
    "title": "You can get access to information on Huons and its development of new productsPanGen Biotech Announces FY2025 Results, Revenue of KRW . Billion, Opera",
    "link": "https://huons.com/en/promotion/news_view/",
    "timestamp": "unknown"
  },
  {
    "title": "PanGen Biotech Announces FY2025 Results, Revenue of KRW . Billion, Operating Profit at . Billion\ud734\uc628\uc2a4 \u00b7 ..",
    "link": "https://huons.com/en/promotion/news_view/",
    "timestamp": "unknown"
  },
  {
    "title": "PanGen Biotech Announces FY2025 Results, Revenue of KRW . Billion, Operating Profit at . Billion\ud734\uc628\uc2a4 \u00b7 ..",
    "link": "https://huons.com/en/promotion/news_view/",
    "timestamp": "unknown"
  },
  {
    "title": "Huons Signs Distribution Agreement with Rappeler for Vitamin C and G6PD Diagnostic Devices\ud734\uc628\uc2a4 \u00b7 ..",
    "link": "https://huons.com/en/promotion/news_view/",
    "timestamp": "unknown"
  },
  {
    "title": "Huons Signs Distribution Agreement with Rappeler for Vitamin C and G6PD Diagnostic Devices\ud734\uc628\uc2a4 \u00b7 ..",
    "link": "https://huons.com/en/promotion/news_view/",
    "timestamp": "unknown"
  },
  {
    "title": "Huons Gains IND Approval to initiate Phase  Clinical Trial of Anti-obesity Treatment \u2018HUC2-\u2019 in Korea\ud734\uc628\uc2a4 \u00b7 ..",
    "link": "https://huons.com/en/promotion/news_view/",
    "timestamp": "unknown"
  },
  {
    "title": "Huons Gains IND Approval to initiate Phase  Clinical Trial of Anti-obesity Treatment \u2018HUC2-\u2019 in Korea\ud734\uc628\uc2a4 \u00b7 ..",
    "link": "https://huons.com/en/promotion/news_view/",
    "timestamp": "unknown"
  },
  {
    "title": "Three Affiliates of Huons Group Honored with Export Tower Awards on Trade Day\ud734\uc628\uc2a4 \u00b7 ..",
    "link": "https://huons.com/en/promotion/news_view/",
    "timestamp": "unknown"
  },
  {
    "title": "Three Affiliates of Huons Group Honored with Export Tower Awards on Trade Day\ud734\uc628\uc2a4 \u00b7 ..",
    "link": "https://huons.com/en/promotion/news_view/",
    "timestamp": "unknown"
  },
  {
    "title": "Huons Reports Safety and Tolerability Results of New Drug for Dry Eye Syndrome in Phase  Clinical Trial\ud734\uc628\uc2a4 \u00b7 ..",
    "link": "https://huons.com/en/promotion/news_view/",
    "timestamp": "unknown"
  },
  {
    "title": "Huons Reports Safety and Tolerability Results of New Drug for Dry Eye Syndrome in Phase  Clinical Trial\ud734\uc628\uc2a4 \u00b7 ..",
    "link": "https://huons.com/en/promotion/news_view/",
    "timestamp": "unknown"
  },
  {
    "title": "Huons N to Acquire Health Functional Food Manufacturer \u2018Biorosette\u2019\ud734\uc628\uc2a4 \u00b7 ..",
    "link": "https://huons.com/en/promotion/news_view/",
    "timestamp": "unknown"
  },
  {
    "title": "Huons N to Acquire Health Functional Food Manufacturer \u2018Biorosette\u2019\ud734\uc628\uc2a4 \u00b7 ..",
    "link": "https://huons.com/en/promotion/news_view/",
    "timestamp": "unknown"
  },
  {
    "title": "PanGen Biotech Reports Q3  Results, Cumulative Sales of . Billion Won, Operating Profit of . Billion Won\ud734\uc628\uc2a4 \u00b7 ..",
    "link": "https://huons.com/en/promotion/news_view/",
    "timestamp": "unknown"
  },
  {
    "title": "PanGen Biotech Reports Q3  Results, Cumulative Sales of . Billion Won, Operating Profit of . Billion Won\ud734\uc628\uc2a4 \u00b7 ..",
    "link": "https://huons.com/en/promotion/news_view/",
    "timestamp": "unknown"
  },
  {
    "title": "Huons Announces  Q3 Results: Growth in Both Sales to . Billion Won, Operating Profit to . Billion Won\ud734\uc628\uc2a4 \u00b7 ..",
    "link": "https://huons.com/en/promotion/news_view/",
    "timestamp": "unknown"
  },
  {
    "title": "Huons Announces  Q3 Results: Growth in Both Sales to . Billion Won, Operating Profit to . Billion Won\ud734\uc628\uc2a4 \u00b7 ..",
    "link": "https://huons.com/en/promotion/news_view/",
    "timestamp": "unknown"
  },
  {
    "title": "Huons to Reduce Price of its Smart Insulin Pen to Improve Accessibility to Diabetes Care\ud734\uc628\uc2a4 \u00b7 ..",
    "link": "https://huons.com/en/promotion/news_view/",
    "timestamp": "unknown"
  },
  {
    "title": "Huons to Reduce Price of its Smart Insulin Pen to Improve Accessibility to Diabetes Care\ud734\uc628\uc2a4 \u00b7 ..",
    "link": "https://huons.com/en/promotion/news_view/",
    "timestamp": "unknown"
  },
  {
    "title": "PanGen Biotech to Renew its GMP Certification in Turkiye \u201cAccelerating Global EPO Biosimilar Business\u201d\ud734\uc628\uc2a4 \u00b7 ..",
    "link": "https://huons.com/en/promotion/news_view/",
    "timestamp": "unknown"
  },
  {
    "title": "PanGen Biotech to Renew its GMP Certification in Turkiye \u201cAccelerating Global EPO Biosimilar Business\u201d\ud734\uc628\uc2a4 \u00b7 ..",
    "link": "https://huons.com/en/promotion/news_view/",
    "timestamp": "unknown"
  },
  {
    "title": "Huons Partners with Therapex to In-License a New Drug Candidate for Lung Cancer\ud734\uc628\uc2a4 \u00b7 ..",
    "link": "https://huons.com/en/promotion/news_view/",
    "timestamp": "unknown"
  },
  {
    "title": "Huons Partners with Therapex to In-License a New Drug Candidate for Lung Cancer\ud734\uc628\uc2a4 \u00b7 ..",
    "link": "https://huons.com/en/promotion/news_view/",
    "timestamp": "unknown"
  },
  {
    "title": "Huons Selected for National Project for the Stabilizing of the Supply of Orphan Drugs & National Essential Drugs\ud734\uc628\uc2a4 \u00b7 ..",
    "link": "https://huons.com/en/promotion/news_view/",
    "timestamp": "unknown"
  },
  {
    "title": "Huons Selected for National Project for the Stabilizing of the Supply of Orphan Drugs & National Essential Drugs\ud734\uc628\uc2a4 \u00b7 ..",
    "link": "https://huons.com/en/promotion/news_view/",
    "timestamp": "unknown"
  },
  {
    "title": "Huons' Smart Insulin Pen DIA:CONN P8 Confirmed to Improve Glycemic Control in Clinical Study\ud734\uc628\uc2a4 \u00b7 ..",
    "link": "https://huons.com/en/promotion/news_view/",
    "timestamp": "unknown"
  },
  {
    "title": "Huons' Smart Insulin Pen DIA:CONN P8 Confirmed to Improve Glycemic Control in Clinical Study\ud734\uc628\uc2a4 \u00b7 ..",
    "link": "https://huons.com/en/promotion/news_view/",
    "timestamp": "unknown"
  },
  {
    "title": "PanGen Biotech Reports Q2  Financial Results with . Billion won in Revenue and  million won in Profit\ud734\uc628\uc2a4 \u00b7 ..",
    "link": "https://huons.com/en/promotion/news_view/",
    "timestamp": "unknown"
  },
  {
    "title": "PanGen Biotech Reports Q2  Financial Results with . Billion won in Revenue and  million won in Profit\ud734\uc628\uc2a4 \u00b7 ..",
    "link": "https://huons.com/en/promotion/news_view/",
    "timestamp": "unknown"
  },
  {
    "title": "Huons posts record high Q2 sales of  billion KRW\ud734\uc628\uc2a4 \u00b7 ..",
    "link": "https://huons.com/en/promotion/news_view/",
    "timestamp": "unknown"
  },
  {
    "title": "Huons posts record high Q2 sales of  billion KRW\ud734\uc628\uc2a4 \u00b7 ..",
    "link": "https://huons.com/en/promotion/news_view/",
    "timestamp": "unknown"
  },
  {
    "title": "Huons N makes Japanese debut, launching vitamins on Qoo10\ud734\uc628\uc2a4 \u00b7 ..",
    "link": "https://huons.com/en/promotion/news_view/",
    "timestamp": "unknown"
  },
  {
    "title": "Huons N makes Japanese debut, launching vitamins on Qoo10\ud734\uc628\uc2a4 \u00b7 ..",
    "link": "https://huons.com/en/promotion/news_view/",
    "timestamp": "unknown"
  },
  {
    "title": "PanGen posts Q1 sales of . billion won and operating profit of  million won\ud734\uc628\uc2a4 \u00b7 ..",
    "link": "https://huons.com/en/promotion/news_view/",
    "timestamp": "unknown"
  },
  {
    "title": "PanGen posts Q1 sales of . billion won and operating profit of  million won\ud734\uc628\uc2a4 \u00b7 ..",
    "link": "https://huons.com/en/promotion/news_view/",
    "timestamp": "unknown"
  },
  {
    "title": "Huons sees limited impact on its exports from Trump\u2019s executive order aiming at lowering drug prices\ud734\uc628\uc2a4 \u00b7 ..",
    "link": "https://huons.com/en/promotion/news_view/",
    "timestamp": "unknown"
  },
  {
    "title": "Huons sees limited impact on its exports from Trump\u2019s executive order aiming at lowering drug prices\ud734\uc628\uc2a4 \u00b7 ..",
    "link": "https://huons.com/en/promotion/news_view/",
    "timestamp": "unknown"
  },
  {
    "title": "Huons Announces Two US FDA Approvals for Multiple-dose Lidocaine Anesthetics\ud734\uc628\uc2a4 \u00b7 ..",
    "link": "https://huons.com/en/promotion/news_view/",
    "timestamp": "unknown"
  },
  {
    "title": "Huons Announces Two US FDA Approvals for Multiple-dose Lidocaine Anesthetics\ud734\uc628\uc2a4 \u00b7 ..",
    "link": "https://huons.com/en/promotion/news_view/",
    "timestamp": "unknown"
  },
  {
    "title": "Huons records Q1 sales of . billion KRW, operating profit of . billion KRW\ud734\uc628\uc2a4 \u00b7 ..",
    "link": "https://huons.com/en/promotion/news_view/",
    "timestamp": "unknown"
  },
  {
    "title": "Huons records Q1 sales of . billion KRW, operating profit of . billion KRW\ud734\uc628\uc2a4 \u00b7 ..",
    "link": "https://huons.com/en/promotion/news_view/",
    "timestamp": "unknown"
  },
  {
    "title": "Recruiting InformationPublic AnnouncementBrand PageHuons Global LinkedInHuons LinkedInELRAVIE COSMETICFamily SiteHuons GlobalHumedixHuM&CHuons BioPhar",
    "link": "https://recruit.huons.com/",
    "timestamp": "unknown"
  },
  {
    "title": "Recruiting InformationPublic AnnouncementBrand PageHuons Global LinkedInHuons LinkedInELRAVIE COSMETICFamily SiteHuons GlobalHumedixHuM&CHuons BioPhar",
    "link": "https://recruit.huons.com/",
    "timestamp": "unknown"
  },
  {
    "title": "Recruiting InformationPublic AnnouncementBrand PageHuons Global LinkedInHuons LinkedInELRAVIE COSMETICFamily SiteHuons GlobalHumedixHuM&CHuons BioPhar",
    "link": "https://recruit.huons.com/",
    "timestamp": "unknown"
  },
  {
    "title": "Recruiting Information",
    "link": "https://recruit.huons.com/",
    "timestamp": "unknown"
  },
  {
    "title": "Public Announcement",
    "link": "https://huons.com/en/investment/notice_info",
    "timestamp": "unknown"
  },
  {
    "title": "Brand PageHuons Global LinkedInHuons LinkedInELRAVIE COSMETICFamily SiteHuons GlobalHumedixHuM&CHuons BioPharmaHuons MeditechHuonslabFood AssembleHuon",
    "link": "https://kr.linkedin.com/company/huonsglobal",
    "timestamp": "unknown"
  },
  {
    "title": "Huons Global LinkedIn",
    "link": "https://kr.linkedin.com/company/huonsglobal",
    "timestamp": "unknown"
  },
  {
    "title": "Huons LinkedIn",
    "link": "https://www.linkedin.com/company/huons/",
    "timestamp": "unknown"
  },
  {
    "title": "ELRAVIE COSMETIC",
    "link": "http://elraviecos.us/",
    "timestamp": "unknown"
  },
  {
    "title": "Huons Global",
    "link": "https://www.huonsglobal.com/eng/home.php",
    "timestamp": "unknown"
  },
  {
    "title": "Humedix",
    "link": "https://www.humedix.com/eng/home.php",
    "timestamp": "unknown"
  },
  {
    "title": "HuM&C",
    "link": "https://humnc.com/layout/eng/home.php",
    "timestamp": "unknown"
  },
  {
    "title": "Huons BioPharma",
    "link": "https://huonsbiopharma.com/eng/home.php",
    "timestamp": "unknown"
  },
  {
    "title": "Huons Meditech",
    "link": "https://huonsmeditech.com/",
    "timestamp": "unknown"
  },
  {
    "title": "Huonslab",
    "link": "https://huonslab.com",
    "timestamp": "unknown"
  },
  {
    "title": "Food Assemble",
    "link": "https://foodasb.co.kr/",
    "timestamp": "unknown"
  },
  {
    "title": "Huons USA",
    "link": "https://huonsusa.com/ ",
    "timestamp": "unknown"
  },
  {
    "title": "Huons Japan",
    "link": "https://huonsjapan.com/web/home.php",
    "timestamp": "unknown"
  },
  {
    "title": "HuonsLifeSciences",
    "link": "https://huonslifesciences.com/layout/eng/home.php",
    "timestamp": "unknown"
  },
  {
    "title": "Huons N",
    "link": "https://huons-n.com/layout/eng/home.php?go=main",
    "timestamp": "unknown"
  },
  {
    "title": "PanGen Biotech",
    "link": "https://pangen.com/layout/eng/home.php",
    "timestamp": "unknown"
  },
  {
    "title": "Bio Rosette",
    "link": "http://www.biorosette.com/en/",
    "timestamp": "unknown"
  },
  {
    "title": "Name: HuonsPresident: Sooyoung SongAddress: 8th Floor HuonsGlobal Bldg., A-dong Pangyo I-Square, , Changeop-ro, Sujeong-gu, Seongnam-si, Gyeonggi-do, ",
    "link": "https://huons.com/en",
    "timestamp": "unknown"
  },
  {
    "title": "Name: HuonsPresident: Sooyoung SongAddress: 8th Floor HuonsGlobal Bldg., A-dong Pangyo I-Square, , Changeop-ro, Sujeong-gu, Seongnam-si, Gyeonggi-do, ",
    "link": "https://huons.com/en",
    "timestamp": "unknown"
  }
]