[
  {
    "title": "ABOUT US- CEO Message- INTRO- What We Stand for- History- LocationR&D- R&D Philosophy- Facilities- CertificatePRODUCT- All- Pharmaceutical Product- Me",
    "link": "https://www.jetema.com/",
    "timestamp": "unknown"
  },
  {
    "title": "ABOUT US- CEO Message- INTRO- What We Stand for- History- LocationR&D- R&D Philosophy- Facilities- CertificatePRODUCT- All- Pharmaceutical Product- Me",
    "link": "javascript:void();",
    "timestamp": "unknown"
  },
  {
    "title": "ABOUT US- CEO Message- INTRO- What We Stand for- History- Location",
    "link": "javascript:void();",
    "timestamp": "unknown"
  },
  {
    "title": "ABOUT US",
    "link": "javascript:void();",
    "timestamp": "unknown"
  },
  {
    "title": "- CEO Message",
    "link": "https://www.jetema.com/page/en_ceo",
    "timestamp": "unknown"
  },
  {
    "title": "- INTRO",
    "link": "https://www.jetema.com/page/en_about01_new",
    "timestamp": "unknown"
  },
  {
    "title": "- What We Stand for",
    "link": "https://www.jetema.com/page/en_about02_new",
    "timestamp": "unknown"
  },
  {
    "title": "- History",
    "link": "https://www.jetema.com/page/en_about03_new",
    "timestamp": "unknown"
  },
  {
    "title": "- Location",
    "link": "https://www.jetema.com/page/en_about05",
    "timestamp": "unknown"
  },
  {
    "title": "R&D- R&D Philosophy- Facilities- Certificate",
    "link": "javascript:void();",
    "timestamp": "unknown"
  },
  {
    "title": "R&D",
    "link": "javascript:void();",
    "timestamp": "unknown"
  },
  {
    "title": "- R&D Philosophy",
    "link": "https://www.jetema.com/page/en_rnd01_new",
    "timestamp": "unknown"
  },
  {
    "title": "- Facilities",
    "link": "https://www.jetema.com/page/en_rnd02_new",
    "timestamp": "unknown"
  },
  {
    "title": "- Certificate",
    "link": "https://www.jetema.com/page/en_rnd04",
    "timestamp": "unknown"
  },
  {
    "title": "PRODUCT- All- Pharmaceutical Product- Medical Device- Meso solution- Cosmetics- etc",
    "link": "javascript:void();",
    "timestamp": "unknown"
  },
  {
    "title": "PRODUCT",
    "link": "javascript:void();",
    "timestamp": "unknown"
  },
  {
    "title": "- All",
    "link": "https://www.jetema.com/page/en_new_product_all",
    "timestamp": "unknown"
  },
  {
    "title": "- Pharmaceutical Product",
    "link": "https://www.jetema.com/page/en_new_product01",
    "timestamp": "unknown"
  },
  {
    "title": "- Medical Device",
    "link": "https://www.jetema.com/page/en_new_product02",
    "timestamp": "unknown"
  },
  {
    "title": "- Meso solution",
    "link": "https://www.jetema.com/page/en_new_product005",
    "timestamp": "unknown"
  },
  {
    "title": "- Cosmetics",
    "link": "https://www.jetema.com/page/en_new_product03",
    "timestamp": "unknown"
  },
  {
    "title": "- etc",
    "link": "https://www.jetema.com/page/en_new_product04",
    "timestamp": "unknown"
  },
  {
    "title": "IR- Financial Information- Organization- Global Presence",
    "link": "javascript:void();",
    "timestamp": "unknown"
  },
  {
    "title": "IR",
    "link": "javascript:void();",
    "timestamp": "unknown"
  },
  {
    "title": "- Financial Information",
    "link": "https://www.jetema.com/page/en_ir01_new",
    "timestamp": "unknown"
  },
  {
    "title": "- Organization",
    "link": "https://www.jetema.com/page/en_ir02",
    "timestamp": "unknown"
  },
  {
    "title": "- Global Presence",
    "link": "https://www.jetema.com/page/en_ir03_new",
    "timestamp": "unknown"
  },
  {
    "title": "PR- Media- Community",
    "link": "javascript:void();",
    "timestamp": "unknown"
  },
  {
    "title": "PR",
    "link": "javascript:void();",
    "timestamp": "unknown"
  },
  {
    "title": "- Media",
    "link": "https://www.jetema.com/board/list/en_customer01?init",
    "timestamp": "unknown"
  },
  {
    "title": "- Community",
    "link": "https://www.jetema.com/formmail/insert/en_customer",
    "timestamp": "unknown"
  },
  {
    "title": "ABOUT USCEO MessageINTROWhat We Stand forHistoryLocationR&DR&D PhilosophyFacilitiesCertificatePRODUCTAllPharmaceutical ProductMedical DeviceMeso solut",
    "link": "https://www.jetema.com/",
    "timestamp": "unknown"
  },
  {
    "title": "ABOUT USCEO MessageINTROWhat We Stand forHistoryLocationR&DR&D PhilosophyFacilitiesCertificatePRODUCTAllPharmaceutical ProductMedical DeviceMeso solut",
    "link": "https://www.jetema.com/",
    "timestamp": "unknown"
  },
  {
    "title": "ABOUT USCEO MessageINTROWhat We Stand forHistoryLocationR&DR&D PhilosophyFacilitiesCertificatePRODUCTAllPharmaceutical ProductMedical DeviceMeso solut",
    "link": "https://www.jetema.com/page/en_about01_new",
    "timestamp": "unknown"
  },
  {
    "title": "ABOUT USCEO MessageINTROWhat We Stand forHistoryLocation",
    "link": "https://www.jetema.com/page/en_about01_new",
    "timestamp": "unknown"
  },
  {
    "title": "CEO MessageINTROWhat We Stand forHistoryLocation",
    "link": "https://www.jetema.com/page/en_ceo",
    "timestamp": "unknown"
  },
  {
    "title": "CEO Message",
    "link": "https://www.jetema.com/page/en_ceo",
    "timestamp": "unknown"
  },
  {
    "title": "INTRO",
    "link": "https://www.jetema.com/page/en_about01_new",
    "timestamp": "unknown"
  },
  {
    "title": "What We Stand for",
    "link": "https://www.jetema.com/page/en_about02_new",
    "timestamp": "unknown"
  },
  {
    "title": "History",
    "link": "https://www.jetema.com/page/en_about03_new",
    "timestamp": "unknown"
  },
  {
    "title": "Location",
    "link": "https://www.jetema.com/page/en_about05",
    "timestamp": "unknown"
  },
  {
    "title": "R&DR&D PhilosophyFacilitiesCertificate",
    "link": "https://www.jetema.com/page/en_rnd01_new",
    "timestamp": "unknown"
  },
  {
    "title": "R&D PhilosophyFacilitiesCertificate",
    "link": "https://www.jetema.com/page/en_rnd01_new",
    "timestamp": "unknown"
  },
  {
    "title": "R&D Philosophy",
    "link": "https://www.jetema.com/page/en_rnd01_new",
    "timestamp": "unknown"
  },
  {
    "title": "Facilities",
    "link": "https://www.jetema.com/page/en_rnd02_new",
    "timestamp": "unknown"
  },
  {
    "title": "Certificate",
    "link": "https://www.jetema.com/page/en_rnd04",
    "timestamp": "unknown"
  },
  {
    "title": "PRODUCTAllPharmaceutical ProductMedical DeviceMeso solutionCosmeticsetc",
    "link": "https://www.jetema.com/page/en_new_product_all",
    "timestamp": "unknown"
  },
  {
    "title": "AllPharmaceutical ProductMedical DeviceMeso solutionCosmeticsetc",
    "link": "https://www.jetema.com/page/en_new_product_all",
    "timestamp": "unknown"
  },
  {
    "title": "All",
    "link": "https://www.jetema.com/page/en_new_product_all",
    "timestamp": "unknown"
  },
  {
    "title": "Pharmaceutical Product",
    "link": "https://www.jetema.com/page/en_new_product01",
    "timestamp": "unknown"
  },
  {
    "title": "Medical Device",
    "link": "https://www.jetema.com/page/en_new_product02",
    "timestamp": "unknown"
  },
  {
    "title": "Meso solution",
    "link": "https://www.jetema.com/page/en_new_product005",
    "timestamp": "unknown"
  },
  {
    "title": "Cosmetics",
    "link": "https://www.jetema.com/page/en_new_product03",
    "timestamp": "unknown"
  },
  {
    "title": "etc",
    "link": "https://www.jetema.com/page/en_new_product04",
    "timestamp": "unknown"
  },
  {
    "title": "IRFinancial InformationOrganizationGlobal Presence",
    "link": "https://www.jetema.com/page/en_ir01_new",
    "timestamp": "unknown"
  },
  {
    "title": "Financial InformationOrganizationGlobal Presence",
    "link": "https://www.jetema.com/page/en_ir01_new",
    "timestamp": "unknown"
  },
  {
    "title": "Financial Information",
    "link": "https://www.jetema.com/page/en_ir01_new",
    "timestamp": "unknown"
  },
  {
    "title": "Organization",
    "link": "https://www.jetema.com/page/en_ir02",
    "timestamp": "unknown"
  },
  {
    "title": "Global Presence",
    "link": "https://www.jetema.com/page/en_ir03_new",
    "timestamp": "unknown"
  },
  {
    "title": "PRMediaCommunity",
    "link": "https://www.jetema.com/board/list/en_customer01?init",
    "timestamp": "unknown"
  },
  {
    "title": "MediaCommunity",
    "link": "https://www.jetema.com/board/list/en_customer01?init",
    "timestamp": "unknown"
  },
  {
    "title": "Media",
    "link": "https://www.jetema.com/board/list/en_customer01?init",
    "timestamp": "unknown"
  },
  {
    "title": "Community",
    "link": "https://www.jetema.com/formmail/insert/en_customer",
    "timestamp": "unknown"
  },
  {
    "title": "LANGUAGEKOREANENGLISHCHINESE",
    "link": "javascript:$.get('/common/lang?lang=ko', function() {location.href='/?index'});void();",
    "timestamp": "unknown"
  },
  {
    "title": "KOREANENGLISHCHINESE",
    "link": "javascript:$.get('/common/lang?lang=ko', function() {location.href='/?index'});void();",
    "timestamp": "unknown"
  },
  {
    "title": "KOREAN",
    "link": "javascript:$.get('/common/lang?lang=ko', function() {location.href='/?index'});void();",
    "timestamp": "unknown"
  },
  {
    "title": "ENGLISH",
    "link": "javascript:$.get('/common/lang?lang=en', function() {location.href='/?index'});void();",
    "timestamp": "unknown"
  },
  {
    "title": "CHINESE",
    "link": "javascript:$.get('/common/lang?lang=cn', function() {location.href='/?index'});void();",
    "timestamp": "unknown"
  },
  {
    "title": "ClassificationallTitleContentsWritten byJETEMA, signaling for full-fledged entry into the U.S. market with the FDA approval for phase- clinical trial ",
    "link": "https://www.jetema.com/board/list/en_customer01?page_value=",
    "timestamp": "unknown"
  },
  {
    "title": "ClassificationallTitleContentsWritten byJETEMA, signaling for full-fledged entry into the U.S. market with the FDA approval for phase- clinical trial ",
    "link": "https://www.jetema.com/board/list/en_customer01?page_value=",
    "timestamp": "unknown"
  },
  {
    "title": "ClassificationallTitleContentsWritten byJETEMA, signaling for full-fledged entry into the U.S. market with the FDA approval for phase- clinical trial ",
    "link": "https://www.jetema.com/board/list/en_customer01?page_value=",
    "timestamp": "unknown"
  },
  {
    "title": "ClassificationallTitleContentsWritten byJETEMA, signaling for full-fledged entry into the U.S. market with the FDA approval for phase- clinical trial ",
    "link": "https://www.jetema.com/board/list/en_customer01?page_value=",
    "timestamp": "unknown"
  },
  {
    "title": "[][][]",
    "link": "https://www.jetema.com/board/list/en_customer01?page_value=",
    "timestamp": "unknown"
  },
  {
    "title": "\ud68c\uc0ac\uc18c\uac1c\uac1c\uc778\uc815\ubcf4\ucde8\uae09\ubc29\uce68\uc774\uba54\uc77c\uc8fc\uc18c\ubb34\ub2e8\uc218\uc9d1\uac70\ubd80Company Name : JETEMA, Co., Ltd.CEO : Kim Jaeyoung, Nam JeongsunCorporate Registration Number : --Address : -, Gagok-ri, Jijeon",
    "link": "https://www.jetema.com/page/about01",
    "timestamp": "unknown"
  },
  {
    "title": "\ud68c\uc0ac\uc18c\uac1c\uac1c\uc778\uc815\ubcf4\ucde8\uae09\ubc29\uce68\uc774\uba54\uc77c\uc8fc\uc18c\ubb34\ub2e8\uc218\uc9d1\uac70\ubd80",
    "link": "https://www.jetema.com/page/about01",
    "timestamp": "unknown"
  },
  {
    "title": "\ud68c\uc0ac\uc18c\uac1c",
    "link": "https://www.jetema.com/page/about01",
    "timestamp": "unknown"
  },
  {
    "title": "\uac1c\uc778\uc815\ubcf4\ucde8\uae09\ubc29\uce68",
    "link": "https://www.jetema.com/board/list/en_customer01?init",
    "timestamp": "unknown"
  },
  {
    "title": "\uc774\uba54\uc77c\uc8fc\uc18c\ubb34\ub2e8\uc218\uc9d1\uac70\ubd80",
    "link": "https://www.jetema.com/board/list/en_customer01?init",
    "timestamp": "unknown"
  }
]