[
  {
    "title": "ProductsAbout usExpertsNewsKoru AcademyTechnologyContactsBackHomeNewsNewsIntroducing REVERSAL Shape: Advanced Body Contouring SolutionTransform your c",
    "link": "https://korupharma.com/",
    "timestamp": "unknown"
  },
  {
    "title": "ProductsAbout usExpertsNewsKoru AcademyTechnologyContactsBackHomeNewsNewsIntroducing REVERSAL Shape: Advanced Body Contouring SolutionTransform your c",
    "link": "https://korupharma.com/",
    "timestamp": "unknown"
  },
  {
    "title": "ProductsAbout usExpertsNewsKoru AcademyTechnologyContacts",
    "link": "https://korupharma.com/",
    "timestamp": "unknown"
  },
  {
    "title": "ProductsAbout usExpertsNewsKoru AcademyTechnologyContacts",
    "link": "https://korupharma.com/",
    "timestamp": "unknown"
  },
  {
    "title": "ProductsAbout usExpertsNewsKoru AcademyTechnologyContacts",
    "link": "https://korupharma.com/products",
    "timestamp": "unknown"
  },
  {
    "title": "ProductsAbout usExpertsNewsKoru AcademyTechnologyContacts",
    "link": "https://korupharma.com/products",
    "timestamp": "unknown"
  },
  {
    "title": "Products",
    "link": "https://korupharma.com/products",
    "timestamp": "unknown"
  },
  {
    "title": "Products",
    "link": "https://korupharma.com/products",
    "timestamp": "unknown"
  },
  {
    "title": "BackHomeNewsNewsIntroducing REVERSAL Shape: Advanced Body Contouring SolutionTransform your contouring results with REVERSAL Shape, Koru Pharma\u2019s inno",
    "link": "https://korupharma.com/",
    "timestamp": "unknown"
  },
  {
    "title": "BackHomeNewsNewsIntroducing REVERSAL Shape: Advanced Body Contouring SolutionTransform your contouring results with REVERSAL Shape, Koru Pharma\u2019s inno",
    "link": "https://korupharma.com/",
    "timestamp": "unknown"
  },
  {
    "title": "BackHomeNewsNewsIntroducing REVERSAL Shape: Advanced Body Contouring SolutionTransform your contouring results with REVERSAL Shape, Koru Pharma\u2019s inno",
    "link": "https://korupharma.com/",
    "timestamp": "unknown"
  },
  {
    "title": "BackHomeNewsNews",
    "link": "https://korupharma.com/",
    "timestamp": "unknown"
  },
  {
    "title": "Introducing REVERSAL Shape: Advanced Body Contouring SolutionTransform your contouring results with REVERSAL Shape, Koru Pharma\u2019s innovative body cont",
    "link": "https://korupharma.com/introducing-reversal-shape-advanced-body-contouring-solution",
    "timestamp": "unknown"
  },
  {
    "title": "Subscribe for news and promotionsSubscribeAboutContactsBrandsOur Products, Bongeunsa-ro, Gangnam-gu, Seoul, Republic of Koreainfo@korupharma.com+Conta",
    "link": "https://korupharma.com/",
    "timestamp": "unknown"
  },
  {
    "title": "Subscribe for news and promotionsSubscribe",
    "link": "https://korupharma.com/",
    "timestamp": "unknown"
  },
  {
    "title": "AboutContactsBrandsOur Products, Bongeunsa-ro, Gangnam-gu, Seoul, Republic of Koreainfo@korupharma.com+",
    "link": "https://korupharma.com/about-us",
    "timestamp": "unknown"
  },
  {
    "title": "AboutContactsBrandsOur Products",
    "link": "https://korupharma.com/about-us",
    "timestamp": "unknown"
  },
  {
    "title": "Contact usTerms and ConditionsPrivacy PolicyAll Rights Reserved  \u00a9 KORU Pharma Co., LTD.",
    "link": "https://linkedin.com/company/korupharma",
    "timestamp": "unknown"
  },
  {
    "title": "Contact usTerms and ConditionsPrivacy PolicyAll Rights Reserved  \u00a9 KORU Pharma Co., LTD.",
    "link": "https://linkedin.com/company/korupharma",
    "timestamp": "unknown"
  },
  {
    "title": "Contact us",
    "link": "https://linkedin.com/company/korupharma",
    "timestamp": "unknown"
  },
  {
    "title": "Terms and ConditionsPrivacy PolicyAll Rights Reserved  \u00a9 KORU Pharma Co., LTD.",
    "link": "https://korupharma.com/terms_and_conditions",
    "timestamp": "unknown"
  },
  {
    "title": "Terms and ConditionsPrivacy Policy",
    "link": "https://korupharma.com/terms_and_conditions",
    "timestamp": "unknown"
  }
]