[
  {
    "title": "Contact UsCareersCompanyLeadershipBoard of DirectorsScienceTechnologyPipelineManufacturingTherapeutic AreasMedical ProfessionalsProductVyjuvekPatients",
    "link": "https://www.krystalbio.com/",
    "timestamp": "unknown"
  },
  {
    "title": "Contact UsCareersCompanyLeadershipBoard of DirectorsScienceTechnologyPipelineManufacturingTherapeutic AreasMedical ProfessionalsProductVyjuvekPatients",
    "link": "https://www.krystalbio.com/",
    "timestamp": "unknown"
  },
  {
    "title": "Contact UsCareers",
    "link": "https://www.krystalbio.com/contact-us/",
    "timestamp": "unknown"
  },
  {
    "title": "Contact Us",
    "link": "https://www.krystalbio.com/contact-us/",
    "timestamp": "unknown"
  },
  {
    "title": "Careers",
    "link": "https://krystalbiotech.applytojob.com/apply",
    "timestamp": "unknown"
  },
  {
    "title": "CompanyLeadershipBoard of DirectorsScienceTechnologyPipelineManufacturingTherapeutic AreasMedical ProfessionalsProductVyjuvekPatientsPatient Resources",
    "link": "https://www.krystalbio.com/company/",
    "timestamp": "unknown"
  },
  {
    "title": "CompanyLeadershipBoard of DirectorsScienceTechnologyPipelineManufacturingTherapeutic AreasMedical ProfessionalsProductVyjuvekPatientsPatient Resources",
    "link": "https://www.krystalbio.com/company/",
    "timestamp": "unknown"
  },
  {
    "title": "CompanyLeadershipBoard of Directors",
    "link": "https://www.krystalbio.com/company/",
    "timestamp": "unknown"
  },
  {
    "title": "Leadership",
    "link": "https://www.krystalbio.com/company/leadership/",
    "timestamp": "unknown"
  },
  {
    "title": "Board of Directors",
    "link": "https://www.krystalbio.com/company/board-directors/",
    "timestamp": "unknown"
  },
  {
    "title": "ScienceTechnologyPipelineManufacturingTherapeutic AreasMedical Professionals",
    "link": "https://www.krystalbio.com/science/",
    "timestamp": "unknown"
  },
  {
    "title": "Technology",
    "link": "https://www.krystalbio.com/technology/",
    "timestamp": "unknown"
  },
  {
    "title": "Pipeline",
    "link": "https://www.krystalbio.com/science/pipeline/",
    "timestamp": "unknown"
  },
  {
    "title": "Manufacturing",
    "link": "https://www.krystalbio.com/science/manufacturing/",
    "timestamp": "unknown"
  },
  {
    "title": "Therapeutic Areas",
    "link": "https://www.krystalbio.com/science/therapeutic-areas/",
    "timestamp": "unknown"
  },
  {
    "title": "Medical Professionals",
    "link": "https://www.krystalbio.com/science/medical-professionals/",
    "timestamp": "unknown"
  },
  {
    "title": "ProductVyjuvek",
    "link": "https://www.krystalbio.com/product/",
    "timestamp": "unknown"
  },
  {
    "title": "Vyjuvek",
    "link": "https://www.vyjuvek.com/",
    "timestamp": "unknown"
  },
  {
    "title": "PatientsPatient Resources",
    "link": "https://www.krystalbio.com/patients",
    "timestamp": "unknown"
  },
  {
    "title": "Patient Resources",
    "link": "https://www.krystalbio.com/patients/patient-resources/",
    "timestamp": "unknown"
  },
  {
    "title": "InvestorsContact Us",
    "link": "https://ir.krystalbio.com/",
    "timestamp": "unknown"
  },
  {
    "title": "Contact Us",
    "link": "https://www.krystalbio.com/contact-us/",
    "timestamp": "unknown"
  },
  {
    "title": "InvestorsInvestor RelationsOverviewNews ReleasesEventsStock InformationSEC FilingsCorporate GovernanceScientific PublicationsEmail AlertsAnalyst Cover",
    "link": "https://ir.krystalbio.com/",
    "timestamp": "unknown"
  },
  {
    "title": "Investor RelationsOverviewNews ReleasesEventsStock InformationSEC FilingsCorporate GovernanceScientific PublicationsEmail AlertsAnalyst CoverageInvest",
    "link": "https://ir.krystalbio.com/",
    "timestamp": "unknown"
  },
  {
    "title": "Investor RelationsOverviewNews ReleasesEventsStock InformationSEC FilingsCorporate GovernanceScientific PublicationsEmail AlertsAnalyst CoverageInvest",
    "link": "https://ir.krystalbio.com/",
    "timestamp": "unknown"
  },
  {
    "title": "Overview",
    "link": "https://ir.krystalbio.com/",
    "timestamp": "unknown"
  },
  {
    "title": "News Releases",
    "link": "https://ir.krystalbio.com/news-releases",
    "timestamp": "unknown"
  },
  {
    "title": "Events",
    "link": "https://ir.krystalbio.com/events-and-presentations/events",
    "timestamp": "unknown"
  },
  {
    "title": "Stock Information",
    "link": "https://ir.krystalbio.com/stock-information/stock-quote-chart",
    "timestamp": "unknown"
  },
  {
    "title": "SEC Filings",
    "link": "https://ir.krystalbio.com/financial-information/sec-filings",
    "timestamp": "unknown"
  },
  {
    "title": "Corporate Governance",
    "link": "https://ir.krystalbio.com/corporate-governance/documents-and-charters",
    "timestamp": "unknown"
  },
  {
    "title": "Scientific Publications",
    "link": "https://ir.krystalbio.com/select-scientific-publications",
    "timestamp": "unknown"
  },
  {
    "title": "Email Alerts",
    "link": "https://ir.krystalbio.com/shareholder-services/email-alerts",
    "timestamp": "unknown"
  },
  {
    "title": "Analyst Coverage",
    "link": "https://ir.krystalbio.com/stock-information/analyst-coverage",
    "timestamp": "unknown"
  },
  {
    "title": "Investor FAQs",
    "link": "https://ir.krystalbio.com/shareholder-services/investor-faqs",
    "timestamp": "unknown"
  },
  {
    "title": "News ReleasesYear:- Any -Items per pageSummary ToggleKrystal Biotech Announces Positive Interim Clinical Update from KB407 Phase  CORAL- Study with Co",
    "link": "https://ir.krystalbio.com/news-releases",
    "timestamp": "unknown"
  },
  {
    "title": "News ReleasesYear:- Any -Items per pageSummary ToggleKrystal Biotech Announces Positive Interim Clinical Update from KB407 Phase  CORAL- Study with Co",
    "link": "https://ir.krystalbio.com/news-releases",
    "timestamp": "unknown"
  },
  {
    "title": "News ReleasesYear:- Any -Items per pageSummary ToggleKrystal Biotech Announces Positive Interim Clinical Update from KB407 Phase  CORAL- Study with Co",
    "link": "https://ir.krystalbio.com/news-releases",
    "timestamp": "unknown"
  },
  {
    "title": "News ReleasesYear:- Any -Items per pageSummary ToggleKrystal Biotech Announces Positive Interim Clinical Update from KB407 Phase  CORAL- Study with Co",
    "link": "https://ir.krystalbio.com/news-releases",
    "timestamp": "unknown"
  },
  {
    "title": "News ReleasesYear:- Any -Items per pageSummary ToggleKrystal Biotech Announces Positive Interim Clinical Update from KB407 Phase  CORAL- Study with Co",
    "link": "https://ir.krystalbio.com/news-releases",
    "timestamp": "unknown"
  },
  {
    "title": "News ReleasesYear:- Any -Items per pageSummary ToggleKrystal Biotech Announces Positive Interim Clinical Update from KB407 Phase  CORAL- Study with Co",
    "link": "https://ir.krystalbio.com/news-releases",
    "timestamp": "unknown"
  },
  {
    "title": "News ReleasesYear:- Any -Items per pageSummary ToggleKrystal Biotech Announces Positive Interim Clinical Update from KB407 Phase  CORAL- Study with Co",
    "link": "https://ir.krystalbio.com/news-releases",
    "timestamp": "unknown"
  },
  {
    "title": "News ReleasesYear:- Any -Items per pageSummary ToggleKrystal Biotech Announces Positive Interim Clinical Update from KB407 Phase  CORAL- Study with Co",
    "link": "https://ir.krystalbio.com/news-releases",
    "timestamp": "unknown"
  },
  {
    "title": "News ReleasesYear:- Any -Items per pageSummary ToggleKrystal Biotech Announces Positive Interim Clinical Update from KB407 Phase  CORAL- Study with Co",
    "link": "https://ir.krystalbio.com/news-releases",
    "timestamp": "unknown"
  },
  {
    "title": "News ReleasesYear:- Any -Items per pageSummary ToggleKrystal Biotech Announces Positive Interim Clinical Update from KB407 Phase  CORAL- Study with Co",
    "link": "https://ir.krystalbio.com/news-releases",
    "timestamp": "unknown"
  },
  {
    "title": "News ReleasesYear:- Any -Items per pageSummary ToggleKrystal Biotech Announces Positive Interim Clinical Update from KB407 Phase  CORAL- Study with Co",
    "link": "https://ir.krystalbio.com/news-releases",
    "timestamp": "unknown"
  },
  {
    "title": "News ReleasesYear:- Any -Items per pageSummary ToggleKrystal Biotech Announces Positive Interim Clinical Update from KB407 Phase  CORAL- Study with Co",
    "link": "https://ir.krystalbio.com/news-releases",
    "timestamp": "unknown"
  },
  {
    "title": "News ReleasesYear:- Any -Items per pageSummary ToggleKrystal Biotech Announces Positive Interim Clinical Update from KB407 Phase  CORAL- Study with Co",
    "link": "https://ir.krystalbio.com/news-releases",
    "timestamp": "unknown"
  },
  {
    "title": "News ReleasesYear:- Any -Items per pageSummary ToggleKrystal Biotech Announces Positive Interim Clinical Update from KB407 Phase  CORAL- Study with Co",
    "link": "https://ir.krystalbio.com/news-releases",
    "timestamp": "unknown"
  },
  {
    "title": "News ReleasesYear:- Any -Items per pageSummary ToggleKrystal Biotech Announces Positive Interim Clinical Update from KB407 Phase  CORAL- Study with Co",
    "link": "https://ir.krystalbio.com/news-releases",
    "timestamp": "unknown"
  },
  {
    "title": "News ReleasesYear:- Any -Items per pageSummary ToggleKrystal Biotech Announces Positive Interim Clinical Update from KB407 Phase  CORAL- Study with Co",
    "link": "https://ir.krystalbio.com/news-releases",
    "timestamp": "unknown"
  },
  {
    "title": "News ReleasesYear:- Any -Items per pageSummary ToggleKrystal Biotech Announces Positive Interim Clinical Update from KB407 Phase  CORAL- Study with Co",
    "link": "https://ir.krystalbio.com/news-releases",
    "timestamp": "unknown"
  },
  {
    "title": "News ReleasesYear:- Any -Items per pageSummary ToggleKrystal Biotech Announces Positive Interim Clinical Update from KB407 Phase  CORAL- Study with Co",
    "link": "https://ir.krystalbio.com/news-releases",
    "timestamp": "unknown"
  },
  {
    "title": "News ReleasesYear:- Any -Items per pageSummary ToggleKrystal Biotech Announces Positive Interim Clinical Update from KB407 Phase  CORAL- Study with Co",
    "link": "https://ir.krystalbio.com/news-releases",
    "timestamp": "unknown"
  },
  {
    "title": "Year:- Any -Items per pageSummary ToggleKrystal Biotech Announces Positive Interim Clinical Update from KB407 Phase  CORAL- Study with Confirmation of",
    "link": "https://ir.krystalbio.com/news-releases",
    "timestamp": "unknown"
  },
  {
    "title": "Year:- Any -Items per pageSummary ToggleKrystal Biotech Announces Positive Interim Clinical Update from KB407 Phase  CORAL- Study with Confirmation of",
    "link": "https://ir.krystalbio.com/news-releases",
    "timestamp": "unknown"
  },
  {
    "title": "Year:- Any -Items per pageSummary ToggleKrystal Biotech Announces Positive Interim Clinical Update from KB407 Phase  CORAL- Study with Confirmation of",
    "link": "https://ir.krystalbio.com/news-releases",
    "timestamp": "unknown"
  },
  {
    "title": "Year:- Any -Items per pageSummary ToggleKrystal Biotech Announces Positive Interim Clinical Update from KB407 Phase  CORAL- Study with Confirmation of",
    "link": "https://ir.krystalbio.com/news-releases",
    "timestamp": "unknown"
  },
  {
    "title": "Year:- Any -Items per pageSummary ToggleKrystal Biotech Announces Positive Interim Clinical Update from KB407 Phase  CORAL- Study with Confirmation of",
    "link": "https://ir.krystalbio.com/news-releases",
    "timestamp": "unknown"
  },
  {
    "title": "Year:- Any -Items per pageSummary ToggleKrystal Biotech Announces Positive Interim Clinical Update from KB407 Phase  CORAL- Study with Confirmation of",
    "link": "https://ir.krystalbio.com/news-releases",
    "timestamp": "unknown"
  },
  {
    "title": "Year:- Any -Items per pageSummary ToggleKrystal Biotech Announces Positive Interim Clinical Update from KB407 Phase  CORAL- Study with Confirmation of",
    "link": "https://ir.krystalbio.com/news-releases",
    "timestamp": "unknown"
  },
  {
    "title": "Year:- Any -Items per pageSummary ToggleKrystal Biotech Announces Positive Interim Clinical Update from KB407 Phase  CORAL- Study with Confirmation of",
    "link": "https://ir.krystalbio.com/news-releases",
    "timestamp": "unknown"
  },
  {
    "title": "Year:- Any -Items per pageSummary ToggleKrystal Biotech Announces Positive Interim Clinical Update from KB407 Phase  CORAL- Study with Confirmation of",
    "link": "https://ir.krystalbio.com/news-releases",
    "timestamp": "unknown"
  },
  {
    "title": "Year:- Any -Items per pageSummary ToggleKrystal Biotech Announces Positive Interim Clinical Update from KB407 Phase  CORAL- Study with Confirmation of",
    "link": "https://ir.krystalbio.com/news-releases",
    "timestamp": "unknown"
  },
  {
    "title": "Summary ToggleKrystal Biotech Announces Positive Interim Clinical Update from KB407 Phase  CORAL- Study with Confirmation of Wild-Type CFTR Delivery t",
    "link": "https://ir.krystalbio.com/news-releases",
    "timestamp": "unknown"
  },
  {
    "title": "Summary ToggleKrystal Biotech Announces Positive Interim Clinical Update from KB407 Phase  CORAL- Study with Confirmation of Wild-Type CFTR Delivery t",
    "link": "https://ir.krystalbio.com/news-releases",
    "timestamp": "unknown"
  },
  {
    "title": "Summary ToggleKrystal Biotech Announces Positive Interim Clinical Update from KB407 Phase  CORAL- Study with Confirmation of Wild-Type CFTR Delivery t",
    "link": "https://ir.krystalbio.com/news-releases",
    "timestamp": "unknown"
  },
  {
    "title": "Summary ToggleKrystal Biotech Announces Positive Interim Clinical Update from KB407 Phase  CORAL- Study with Confirmation of Wild-Type CFTR Delivery t",
    "link": "https://ir.krystalbio.com/news-releases",
    "timestamp": "unknown"
  },
  {
    "title": "Summary ToggleKrystal Biotech Announces Positive Interim Clinical Update from KB407 Phase  CORAL- Study with Confirmation of Wild-Type CFTR Delivery t",
    "link": "https://ir.krystalbio.com/news-releases",
    "timestamp": "unknown"
  },
  {
    "title": "PDF Version",
    "link": "https://ir.krystalbio.com/node//pdf",
    "timestamp": "unknown"
  },
  {
    "title": "PDF Version",
    "link": "https://ir.krystalbio.com/node//pdf",
    "timestamp": "unknown"
  },
  {
    "title": "PDF Version",
    "link": "https://ir.krystalbio.com/node//pdf",
    "timestamp": "unknown"
  },
  {
    "title": "Summary ToggleKrystal Biotech to Announce Interim Clinical Update from Highest Dose Cohort of Phase  CORAL- Study Evaluating KB407 in Patients with Cy",
    "link": "https://ir.krystalbio.com/news-releases",
    "timestamp": "unknown"
  },
  {
    "title": "Summary ToggleKrystal Biotech to Announce Interim Clinical Update from Highest Dose Cohort of Phase  CORAL- Study Evaluating KB407 in Patients with Cy",
    "link": "https://ir.krystalbio.com/news-releases",
    "timestamp": "unknown"
  },
  {
    "title": "Summary ToggleKrystal Biotech to Announce Interim Clinical Update from Highest Dose Cohort of Phase  CORAL- Study Evaluating KB407 in Patients with Cy",
    "link": "https://ir.krystalbio.com/news-releases",
    "timestamp": "unknown"
  },
  {
    "title": "PDF Version",
    "link": "https://ir.krystalbio.com/node//pdf",
    "timestamp": "unknown"
  },
  {
    "title": "PDF Version",
    "link": "https://ir.krystalbio.com/node//pdf",
    "timestamp": "unknown"
  },
  {
    "title": "PDF Version",
    "link": "https://ir.krystalbio.com/node//pdf",
    "timestamp": "unknown"
  },
  {
    "title": "Summary ToggleKrystal Biotech to Present at 44th Annual J.P. Morgan Healthcare ConferencePITTSBURGH , Jan. ,  (GLOBE NEWSWIRE) -- Krystal Biotech, Inc",
    "link": "https://ir.krystalbio.com/news-releases",
    "timestamp": "unknown"
  },
  {
    "title": "Summary ToggleKrystal Biotech to Present at 44th Annual J.P. Morgan Healthcare Conference",
    "link": "https://ir.krystalbio.com/news-releases",
    "timestamp": "unknown"
  },
  {
    "title": "Summary ToggleKrystal Biotech to Present at 44th Annual J.P. Morgan Healthcare Conference",
    "link": "https://ir.krystalbio.com/news-releases",
    "timestamp": "unknown"
  },
  {
    "title": "PDF Version",
    "link": "https://ir.krystalbio.com/node//pdf",
    "timestamp": "unknown"
  },
  {
    "title": "PDF Version",
    "link": "https://ir.krystalbio.com/node//pdf",
    "timestamp": "unknown"
  },
  {
    "title": "PDF Version",
    "link": "https://ir.krystalbio.com/node//pdf",
    "timestamp": "unknown"
  },
  {
    "title": "Summary ToggleKrystal Biotech to Present at 8th Annual Evercore Healthcare ConferencePITTSBURGH , Nov. ,  (GLOBE NEWSWIRE) -- Krystal Biotech, Inc . (",
    "link": "https://ir.krystalbio.com/news-releases",
    "timestamp": "unknown"
  },
  {
    "title": "Summary ToggleKrystal Biotech to Present at 8th Annual Evercore Healthcare Conference",
    "link": "https://ir.krystalbio.com/news-releases",
    "timestamp": "unknown"
  },
  {
    "title": "Summary ToggleKrystal Biotech to Present at 8th Annual Evercore Healthcare Conference",
    "link": "https://ir.krystalbio.com/news-releases",
    "timestamp": "unknown"
  },
  {
    "title": "PDF Version",
    "link": "https://ir.krystalbio.com/node//pdf",
    "timestamp": "unknown"
  },
  {
    "title": "PDF Version",
    "link": "https://ir.krystalbio.com/node//pdf",
    "timestamp": "unknown"
  },
  {
    "title": "PDF Version",
    "link": "https://ir.krystalbio.com/node//pdf",
    "timestamp": "unknown"
  },
  {
    "title": "Summary ToggleKrystal Biotech Announces Third Quarter  Financial and Operating Results$. million in 3Q VYJUVEK revenue and $. million since U.S. launc",
    "link": "https://ir.krystalbio.com/news-releases",
    "timestamp": "unknown"
  },
  {
    "title": "Summary ToggleKrystal Biotech Announces Third Quarter  Financial and Operating Results",
    "link": "https://ir.krystalbio.com/news-releases",
    "timestamp": "unknown"
  },
  {
    "title": "Summary ToggleKrystal Biotech Announces Third Quarter  Financial and Operating Results",
    "link": "https://ir.krystalbio.com/news-releases",
    "timestamp": "unknown"
  },
  {
    "title": "PDF Version",
    "link": "https://ir.krystalbio.com/node//pdf",
    "timestamp": "unknown"
  },
  {
    "title": "PDF Version",
    "link": "https://ir.krystalbio.com/node//pdf",
    "timestamp": "unknown"
  },
  {
    "title": "PDF Version",
    "link": "https://ir.krystalbio.com/node//pdf",
    "timestamp": "unknown"
  },
  {
    "title": "Summary ToggleKrystal Biotech to Report Third Quarter  Financial Results on November ,PITTSBURGH , Oct. ,  (GLOBE NEWSWIRE) -- Krystal Biotech, Inc. (",
    "link": "https://ir.krystalbio.com/news-releases",
    "timestamp": "unknown"
  },
  {
    "title": "Summary ToggleKrystal Biotech to Report Third Quarter  Financial Results on November ,",
    "link": "https://ir.krystalbio.com/news-releases",
    "timestamp": "unknown"
  },
  {
    "title": "Summary ToggleKrystal Biotech to Report Third Quarter  Financial Results on November ,",
    "link": "https://ir.krystalbio.com/news-releases",
    "timestamp": "unknown"
  },
  {
    "title": "PDF Version",
    "link": "https://ir.krystalbio.com/node//pdf",
    "timestamp": "unknown"
  },
  {
    "title": "PDF Version",
    "link": "https://ir.krystalbio.com/node//pdf",
    "timestamp": "unknown"
  },
  {
    "title": "PDF Version",
    "link": "https://ir.krystalbio.com/node//pdf",
    "timestamp": "unknown"
  },
  {
    "title": "Summary ToggleKrystal Biotech Receives FDA Platform Technology Designation for HSV- Viral Vector Used in KB801 for the Treatment of Neurotrophic Kerat",
    "link": "https://ir.krystalbio.com/news-releases",
    "timestamp": "unknown"
  },
  {
    "title": "Summary ToggleKrystal Biotech Receives FDA Platform Technology Designation for HSV- Viral Vector Used in KB801 for the Treatment of Neurotrophic Kerat",
    "link": "https://ir.krystalbio.com/news-releases",
    "timestamp": "unknown"
  },
  {
    "title": "Summary ToggleKrystal Biotech Receives FDA Platform Technology Designation for HSV- Viral Vector Used in KB801 for the Treatment of Neurotrophic Kerat",
    "link": "https://ir.krystalbio.com/news-releases",
    "timestamp": "unknown"
  },
  {
    "title": "PDF Version",
    "link": "https://ir.krystalbio.com/node//pdf",
    "timestamp": "unknown"
  },
  {
    "title": "PDF Version",
    "link": "https://ir.krystalbio.com/node//pdf",
    "timestamp": "unknown"
  },
  {
    "title": "PDF Version",
    "link": "https://ir.krystalbio.com/node//pdf",
    "timestamp": "unknown"
  },
  {
    "title": "Summary ToggleKrystal Biotech Announces FDA Approval of Updated VYJUVEK\u00ae LabelRevised label allows treatment of DEB patients from birth VYJUVEK can no",
    "link": "https://ir.krystalbio.com/news-releases",
    "timestamp": "unknown"
  },
  {
    "title": "Summary ToggleKrystal Biotech Announces FDA Approval of Updated VYJUVEK\u00ae Label",
    "link": "https://ir.krystalbio.com/news-releases",
    "timestamp": "unknown"
  },
  {
    "title": "Summary ToggleKrystal Biotech Announces FDA Approval of Updated VYJUVEK\u00ae Label",
    "link": "https://ir.krystalbio.com/news-releases",
    "timestamp": "unknown"
  },
  {
    "title": "PDF Version",
    "link": "https://ir.krystalbio.com/node//pdf",
    "timestamp": "unknown"
  },
  {
    "title": "PDF Version",
    "link": "https://ir.krystalbio.com/node//pdf",
    "timestamp": "unknown"
  },
  {
    "title": "PDF Version",
    "link": "https://ir.krystalbio.com/node//pdf",
    "timestamp": "unknown"
  },
  {
    "title": "Summary ToggleKrystal Biotech to Present at Cantor Global Healthcare ConferencePITTSBURGH , Sept. ,  (GLOBE NEWSWIRE) -- Krystal Biotech, Inc . (the \u201c",
    "link": "https://ir.krystalbio.com/news-releases",
    "timestamp": "unknown"
  },
  {
    "title": "Summary ToggleKrystal Biotech to Present at Cantor Global Healthcare Conference",
    "link": "https://ir.krystalbio.com/news-releases",
    "timestamp": "unknown"
  },
  {
    "title": "Summary ToggleKrystal Biotech to Present at Cantor Global Healthcare Conference",
    "link": "https://ir.krystalbio.com/news-releases",
    "timestamp": "unknown"
  },
  {
    "title": "PDF Version",
    "link": "https://ir.krystalbio.com/node//pdf",
    "timestamp": "unknown"
  },
  {
    "title": "PDF Version",
    "link": "https://ir.krystalbio.com/node//pdf",
    "timestamp": "unknown"
  },
  {
    "title": "PDF Version",
    "link": "https://ir.krystalbio.com/node//pdf",
    "timestamp": "unknown"
  },
  {
    "title": "Summary ToggleKrystal Biotech Announces Update on Development Plans for Oncology Program KB707 and Prioritization of Inhaled KB707 for the Treatment o",
    "link": "https://ir.krystalbio.com/news-releases",
    "timestamp": "unknown"
  },
  {
    "title": "Summary ToggleKrystal Biotech Announces Update on Development Plans for Oncology Program KB707 and Prioritization of Inhaled KB707 for the Treatment o",
    "link": "https://ir.krystalbio.com/news-releases",
    "timestamp": "unknown"
  },
  {
    "title": "Summary ToggleKrystal Biotech Announces Update on Development Plans for Oncology Program KB707 and Prioritization of Inhaled KB707 for the Treatment o",
    "link": "https://ir.krystalbio.com/news-releases",
    "timestamp": "unknown"
  },
  {
    "title": "PDF Version",
    "link": "https://ir.krystalbio.com/node//pdf",
    "timestamp": "unknown"
  },
  {
    "title": "PDF Version",
    "link": "https://ir.krystalbio.com/node//pdf",
    "timestamp": "unknown"
  },
  {
    "title": "PDF Version",
    "link": "https://ir.krystalbio.com/node//pdf",
    "timestamp": "unknown"
  },
  {
    "title": "Current page",
    "link": "https://ir.krystalbio.com/news-releases?field_nir_news_date_value%5Bmin%5D=&field_nir_news_date_value%5Bmax%5D=&items_per_page_toggle=&page=",
    "timestamp": "unknown"
  },
  {
    "title": "Page",
    "link": "https://ir.krystalbio.com/news-releases?field_nir_news_date_value%5Bmin%5D=&field_nir_news_date_value%5Bmax%5D=&items_per_page_toggle=&page=",
    "timestamp": "unknown"
  },
  {
    "title": "Page",
    "link": "https://ir.krystalbio.com/news-releases?field_nir_news_date_value%5Bmin%5D=&field_nir_news_date_value%5Bmax%5D=&items_per_page_toggle=&page=",
    "timestamp": "unknown"
  },
  {
    "title": "Page",
    "link": "https://ir.krystalbio.com/news-releases?field_nir_news_date_value%5Bmin%5D=&field_nir_news_date_value%5Bmax%5D=&items_per_page_toggle=&page=",
    "timestamp": "unknown"
  },
  {
    "title": "Next pageNext",
    "link": "https://ir.krystalbio.com/news-releases?field_nir_news_date_value%5Bmin%5D=&field_nir_news_date_value%5Bmax%5D=&items_per_page_toggle=&page=",
    "timestamp": "unknown"
  },
  {
    "title": "Last pageLast",
    "link": "https://ir.krystalbio.com/news-releases?field_nir_news_date_value%5Bmin%5D=&field_nir_news_date_value%5Bmax%5D=&items_per_page_toggle=&page=",
    "timestamp": "unknown"
  },
  {
    "title": "Quick LinksCompanyScienceProductPatientsInvestorsContact UsCareersContact UsKrystal Biotech, Inc.Wharton St. Suite #Pittsburgh, PAreception is in Suit",
    "link": "https://www.krystalbio.com/",
    "timestamp": "unknown"
  },
  {
    "title": "Quick LinksCompanyScienceProductPatientsInvestorsContact UsCareersContact UsKrystal Biotech, Inc.Wharton St. Suite #Pittsburgh, PAreception is in Suit",
    "link": "https://www.krystalbio.com/",
    "timestamp": "unknown"
  },
  {
    "title": "Quick LinksCompanyScienceProductPatients",
    "link": "https://www.krystalbio.com/company/",
    "timestamp": "unknown"
  },
  {
    "title": "Company",
    "link": "https://www.krystalbio.com/company/",
    "timestamp": "unknown"
  },
  {
    "title": "Science",
    "link": "https://www.krystalbio.com/science/",
    "timestamp": "unknown"
  },
  {
    "title": "Product",
    "link": "https://www.krystalbio.com/product/",
    "timestamp": "unknown"
  },
  {
    "title": "Patients",
    "link": "https://www.krystalbio.com/patients",
    "timestamp": "unknown"
  },
  {
    "title": "InvestorsContact UsCareers",
    "link": "https://ir.krystalbio.com/",
    "timestamp": "unknown"
  },
  {
    "title": "Investors",
    "link": "https://ir.krystalbio.com/",
    "timestamp": "unknown"
  },
  {
    "title": "Contact Us",
    "link": "https://www.krystalbio.com/contact-us/",
    "timestamp": "unknown"
  },
  {
    "title": "Careers",
    "link": "https://krystalbiotech.applytojob.com/apply",
    "timestamp": "unknown"
  },
  {
    "title": "Contact UsKrystal Biotech, Inc.Wharton St. Suite #Pittsburgh, PAreception is in Suite #--inquiries@krystalbio.com",
    "link": "mailto:inquiries@krystalbio.com",
    "timestamp": "unknown"
  },
  {
    "title": "Contact UsKrystal Biotech, Inc.Wharton St. Suite #Pittsburgh, PAreception is in Suite #--inquiries@krystalbio.com",
    "link": "mailto:inquiries@krystalbio.com",
    "timestamp": "unknown"
  },
  {
    "title": "Krystal Biotech, Inc.Wharton St. Suite #Pittsburgh, PAreception is in Suite #--inquiries@krystalbio.com",
    "link": "mailto:inquiries@krystalbio.com",
    "timestamp": "unknown"
  },
  {
    "title": "Krystal Biotech, Inc.Wharton St. Suite #Pittsburgh, PAreception is in Suite #--inquiries@krystalbio.com",
    "link": "mailto:inquiries@krystalbio.com",
    "timestamp": "unknown"
  },
  {
    "title": "inquiries@krystalbio.com",
    "link": "mailto:inquiries@krystalbio.com",
    "timestamp": "unknown"
  },
  {
    "title": "Privacy Policy",
    "link": "https://www.krystalbio.com/privacy-policy/",
    "timestamp": "unknown"
  },
  {
    "title": "Terms of Use",
    "link": "https://www.krystalbio.com/terms-of-use/",
    "timestamp": "unknown"
  },
  {
    "title": "Compliance Program",
    "link": "https://www.krystalbio.com/compliance-program/",
    "timestamp": "unknown"
  }
]