[
  {
    "title": "Contact UsCareersCompanyLeadershipBoard of DirectorsScienceTechnologyPipelineManufacturingTherapeutic AreasMedical ProfessionalsProductVyjuvekPatients",
    "link": "https://www.krystalbio.com/",
    "timestamp": "unknown"
  },
  {
    "title": "Contact UsCareersCompanyLeadershipBoard of DirectorsScienceTechnologyPipelineManufacturingTherapeutic AreasMedical ProfessionalsProductVyjuvekPatients",
    "link": "https://www.krystalbio.com/",
    "timestamp": "unknown"
  },
  {
    "title": "Contact UsCareers",
    "link": "https://www.krystalbio.com/contact-us/",
    "timestamp": "unknown"
  },
  {
    "title": "Contact Us",
    "link": "https://www.krystalbio.com/contact-us/",
    "timestamp": "unknown"
  },
  {
    "title": "Careers",
    "link": "https://krystalbiotech.applytojob.com/apply",
    "timestamp": "unknown"
  },
  {
    "title": "CompanyLeadershipBoard of DirectorsScienceTechnologyPipelineManufacturingTherapeutic AreasMedical ProfessionalsProductVyjuvekPatientsPatient Resources",
    "link": "https://www.krystalbio.com/company/",
    "timestamp": "unknown"
  },
  {
    "title": "CompanyLeadershipBoard of DirectorsScienceTechnologyPipelineManufacturingTherapeutic AreasMedical ProfessionalsProductVyjuvekPatientsPatient Resources",
    "link": "https://www.krystalbio.com/company/",
    "timestamp": "unknown"
  },
  {
    "title": "CompanyLeadershipBoard of Directors",
    "link": "https://www.krystalbio.com/company/",
    "timestamp": "unknown"
  },
  {
    "title": "Leadership",
    "link": "https://www.krystalbio.com/company/leadership/",
    "timestamp": "unknown"
  },
  {
    "title": "Board of Directors",
    "link": "https://www.krystalbio.com/company/board-directors/",
    "timestamp": "unknown"
  },
  {
    "title": "ScienceTechnologyPipelineManufacturingTherapeutic AreasMedical Professionals",
    "link": "https://www.krystalbio.com/science/",
    "timestamp": "unknown"
  },
  {
    "title": "Technology",
    "link": "https://www.krystalbio.com/technology/",
    "timestamp": "unknown"
  },
  {
    "title": "Pipeline",
    "link": "https://www.krystalbio.com/science/pipeline/",
    "timestamp": "unknown"
  },
  {
    "title": "Manufacturing",
    "link": "https://www.krystalbio.com/science/manufacturing/",
    "timestamp": "unknown"
  },
  {
    "title": "Therapeutic Areas",
    "link": "https://www.krystalbio.com/science/therapeutic-areas/",
    "timestamp": "unknown"
  },
  {
    "title": "Medical Professionals",
    "link": "https://www.krystalbio.com/science/medical-professionals/",
    "timestamp": "unknown"
  },
  {
    "title": "ProductVyjuvek",
    "link": "https://www.krystalbio.com/product/",
    "timestamp": "unknown"
  },
  {
    "title": "Vyjuvek",
    "link": "https://www.vyjuvek.com/",
    "timestamp": "unknown"
  },
  {
    "title": "PatientsPatient Resources",
    "link": "https://www.krystalbio.com/patients",
    "timestamp": "unknown"
  },
  {
    "title": "Patient Resources",
    "link": "https://www.krystalbio.com/patients/patient-resources/",
    "timestamp": "unknown"
  },
  {
    "title": "InvestorsContact Us",
    "link": "https://ir.krystalbio.com/",
    "timestamp": "unknown"
  },
  {
    "title": "Contact Us",
    "link": "https://www.krystalbio.com/contact-us/",
    "timestamp": "unknown"
  },
  {
    "title": "InvestorsInvestor RelationsOverviewNews ReleasesEventsStock InformationSEC FilingsCorporate GovernanceScientific PublicationsEmail AlertsAnalyst Cover",
    "link": "https://ir.krystalbio.com/",
    "timestamp": "unknown"
  },
  {
    "title": "Investor RelationsOverviewNews ReleasesEventsStock InformationSEC FilingsCorporate GovernanceScientific PublicationsEmail AlertsAnalyst CoverageInvest",
    "link": "https://ir.krystalbio.com/",
    "timestamp": "unknown"
  },
  {
    "title": "Investor RelationsOverviewNews ReleasesEventsStock InformationSEC FilingsCorporate GovernanceScientific PublicationsEmail AlertsAnalyst CoverageInvest",
    "link": "https://ir.krystalbio.com/",
    "timestamp": "unknown"
  },
  {
    "title": "Overview",
    "link": "https://ir.krystalbio.com/",
    "timestamp": "unknown"
  },
  {
    "title": "News Releases",
    "link": "https://ir.krystalbio.com/news-releases",
    "timestamp": "unknown"
  },
  {
    "title": "Events",
    "link": "https://ir.krystalbio.com/events-and-presentations/events",
    "timestamp": "unknown"
  },
  {
    "title": "Stock Information",
    "link": "https://ir.krystalbio.com/stock-information/stock-quote-chart",
    "timestamp": "unknown"
  },
  {
    "title": "SEC Filings",
    "link": "https://ir.krystalbio.com/financial-information/sec-filings",
    "timestamp": "unknown"
  },
  {
    "title": "Corporate Governance",
    "link": "https://ir.krystalbio.com/corporate-governance/documents-and-charters",
    "timestamp": "unknown"
  },
  {
    "title": "Scientific Publications",
    "link": "https://ir.krystalbio.com/select-scientific-publications",
    "timestamp": "unknown"
  },
  {
    "title": "Email Alerts",
    "link": "https://ir.krystalbio.com/shareholder-services/email-alerts",
    "timestamp": "unknown"
  },
  {
    "title": "Analyst Coverage",
    "link": "https://ir.krystalbio.com/stock-information/analyst-coverage",
    "timestamp": "unknown"
  },
  {
    "title": "Investor FAQs",
    "link": "https://ir.krystalbio.com/shareholder-services/investor-faqs",
    "timestamp": "unknown"
  },
  {
    "title": "EventsUpcoming EventsJanuary ,  at  ESTKB407 Clinical Data UpdateClick here for webcastAdd to OutlookAdd to Google CalendarJanuary ,  at  EST44th Annu",
    "link": "https://ir.krystalbio.com/events/event-details/kb407-clinical-data-update",
    "timestamp": "unknown"
  },
  {
    "title": "EventsUpcoming EventsJanuary ,  at  ESTKB407 Clinical Data UpdateClick here for webcastAdd to OutlookAdd to Google CalendarJanuary ,  at  EST44th Annu",
    "link": "https://ir.krystalbio.com/events/event-details/kb407-clinical-data-update",
    "timestamp": "unknown"
  },
  {
    "title": "EventsUpcoming EventsJanuary ,  at  ESTKB407 Clinical Data UpdateClick here for webcastAdd to OutlookAdd to Google CalendarJanuary ,  at  EST44th Annu",
    "link": "https://ir.krystalbio.com/events/event-details/kb407-clinical-data-update",
    "timestamp": "unknown"
  },
  {
    "title": "EventsUpcoming EventsJanuary ,  at  ESTKB407 Clinical Data UpdateClick here for webcastAdd to OutlookAdd to Google CalendarJanuary ,  at  EST44th Annu",
    "link": "https://ir.krystalbio.com/events/event-details/kb407-clinical-data-update",
    "timestamp": "unknown"
  },
  {
    "title": "EventsUpcoming EventsJanuary ,  at  ESTKB407 Clinical Data UpdateClick here for webcastAdd to OutlookAdd to Google CalendarJanuary ,  at  EST44th Annu",
    "link": "https://ir.krystalbio.com/events/event-details/kb407-clinical-data-update",
    "timestamp": "unknown"
  },
  {
    "title": "EventsUpcoming EventsJanuary ,  at  ESTKB407 Clinical Data UpdateClick here for webcastAdd to OutlookAdd to Google CalendarJanuary ,  at  EST44th Annu",
    "link": "https://ir.krystalbio.com/events/event-details/kb407-clinical-data-update",
    "timestamp": "unknown"
  },
  {
    "title": "EventsUpcoming EventsJanuary ,  at  ESTKB407 Clinical Data UpdateClick here for webcastAdd to OutlookAdd to Google CalendarJanuary ,  at  EST44th Annu",
    "link": "https://ir.krystalbio.com/events/event-details/kb407-clinical-data-update",
    "timestamp": "unknown"
  },
  {
    "title": "EventsUpcoming EventsJanuary ,  at  ESTKB407 Clinical Data UpdateClick here for webcastAdd to OutlookAdd to Google CalendarJanuary ,  at  EST44th Annu",
    "link": "https://ir.krystalbio.com/events/event-details/kb407-clinical-data-update",
    "timestamp": "unknown"
  },
  {
    "title": "EventsUpcoming EventsJanuary ,  at  ESTKB407 Clinical Data UpdateClick here for webcastAdd to OutlookAdd to Google CalendarJanuary ,  at  EST44th Annu",
    "link": "https://ir.krystalbio.com/events/event-details/kb407-clinical-data-update",
    "timestamp": "unknown"
  },
  {
    "title": "EventsUpcoming EventsJanuary ,  at  ESTKB407 Clinical Data UpdateClick here for webcastAdd to OutlookAdd to Google CalendarJanuary ,  at  EST44th Annu",
    "link": "https://ir.krystalbio.com/events/event-details/kb407-clinical-data-update",
    "timestamp": "unknown"
  },
  {
    "title": "EventsUpcoming EventsJanuary ,  at  ESTKB407 Clinical Data UpdateClick here for webcastAdd to OutlookAdd to Google CalendarJanuary ,  at  EST44th Annu",
    "link": "https://ir.krystalbio.com/events/event-details/kb407-clinical-data-update",
    "timestamp": "unknown"
  },
  {
    "title": "EventsUpcoming EventsJanuary ,  at  ESTKB407 Clinical Data UpdateClick here for webcastAdd to OutlookAdd to Google CalendarJanuary ,  at  EST44th Annu",
    "link": "https://ir.krystalbio.com/events/event-details/kb407-clinical-data-update",
    "timestamp": "unknown"
  },
  {
    "title": "EventsUpcoming EventsJanuary ,  at  ESTKB407 Clinical Data UpdateClick here for webcastAdd to OutlookAdd to Google CalendarJanuary ,  at  EST44th Annu",
    "link": "https://ir.krystalbio.com/events/event-details/kb407-clinical-data-update",
    "timestamp": "unknown"
  },
  {
    "title": "EventsUpcoming EventsJanuary ,  at  ESTKB407 Clinical Data UpdateClick here for webcastAdd to OutlookAdd to Google CalendarJanuary ,  at  EST44th Annu",
    "link": "https://ir.krystalbio.com/events/event-details/kb407-clinical-data-update",
    "timestamp": "unknown"
  },
  {
    "title": "EventsUpcoming EventsJanuary ,  at  ESTKB407 Clinical Data UpdateClick here for webcastAdd to OutlookAdd to Google CalendarJanuary ,  at  EST44th Annu",
    "link": "https://ir.krystalbio.com/events/event-details/kb407-clinical-data-update",
    "timestamp": "unknown"
  },
  {
    "title": "EventsUpcoming EventsJanuary ,  at  ESTKB407 Clinical Data UpdateClick here for webcastAdd to OutlookAdd to Google CalendarJanuary ,  at  EST44th Annu",
    "link": "https://ir.krystalbio.com/events/event-details/kb407-clinical-data-update",
    "timestamp": "unknown"
  },
  {
    "title": "EventsUpcoming EventsJanuary ,  at  ESTKB407 Clinical Data UpdateClick here for webcastAdd to OutlookAdd to Google CalendarJanuary ,  at  EST44th Annu",
    "link": "https://ir.krystalbio.com/events/event-details/kb407-clinical-data-update",
    "timestamp": "unknown"
  },
  {
    "title": "EventsUpcoming EventsJanuary ,  at  ESTKB407 Clinical Data UpdateClick here for webcastAdd to OutlookAdd to Google CalendarJanuary ,  at  EST44th Annu",
    "link": "https://ir.krystalbio.com/events/event-details/kb407-clinical-data-update",
    "timestamp": "unknown"
  },
  {
    "title": "EventsUpcoming EventsJanuary ,  at  ESTKB407 Clinical Data UpdateClick here for webcastAdd to OutlookAdd to Google CalendarJanuary ,  at  EST44th Annu",
    "link": "https://ir.krystalbio.com/events/event-details/kb407-clinical-data-update",
    "timestamp": "unknown"
  },
  {
    "title": "Upcoming EventsJanuary ,  at  ESTKB407 Clinical Data UpdateClick here for webcastAdd to OutlookAdd to Google CalendarJanuary ,  at  EST44th Annual J.P",
    "link": "https://ir.krystalbio.com/events/event-details/kb407-clinical-data-update",
    "timestamp": "unknown"
  },
  {
    "title": "Upcoming EventsJanuary ,  at  ESTKB407 Clinical Data UpdateClick here for webcastAdd to OutlookAdd to Google CalendarJanuary ,  at  EST44th Annual J.P",
    "link": "https://ir.krystalbio.com/events/event-details/kb407-clinical-data-update",
    "timestamp": "unknown"
  },
  {
    "title": "Upcoming EventsJanuary ,  at  ESTKB407 Clinical Data UpdateClick here for webcastAdd to OutlookAdd to Google CalendarJanuary ,  at  EST44th Annual J.P",
    "link": "https://ir.krystalbio.com/events/event-details/kb407-clinical-data-update",
    "timestamp": "unknown"
  },
  {
    "title": "Upcoming EventsJanuary ,  at  ESTKB407 Clinical Data UpdateClick here for webcastAdd to OutlookAdd to Google CalendarJanuary ,  at  EST44th Annual J.P",
    "link": "https://ir.krystalbio.com/events/event-details/kb407-clinical-data-update",
    "timestamp": "unknown"
  },
  {
    "title": "Upcoming EventsJanuary ,  at  ESTKB407 Clinical Data UpdateClick here for webcastAdd to OutlookAdd to Google CalendarJanuary ,  at  EST44th Annual J.P",
    "link": "https://ir.krystalbio.com/events/event-details/kb407-clinical-data-update",
    "timestamp": "unknown"
  },
  {
    "title": "Upcoming EventsJanuary ,  at  ESTKB407 Clinical Data UpdateClick here for webcastAdd to OutlookAdd to Google CalendarJanuary ,  at  EST44th Annual J.P",
    "link": "https://ir.krystalbio.com/events/event-details/kb407-clinical-data-update",
    "timestamp": "unknown"
  },
  {
    "title": "Upcoming EventsJanuary ,  at  ESTKB407 Clinical Data UpdateClick here for webcastAdd to OutlookAdd to Google CalendarJanuary ,  at  EST44th Annual J.P",
    "link": "https://ir.krystalbio.com/events/event-details/kb407-clinical-data-update",
    "timestamp": "unknown"
  },
  {
    "title": "Upcoming EventsJanuary ,  at  ESTKB407 Clinical Data UpdateClick here for webcastAdd to OutlookAdd to Google CalendarJanuary ,  at  EST44th Annual J.P",
    "link": "https://ir.krystalbio.com/events/event-details/kb407-clinical-data-update",
    "timestamp": "unknown"
  },
  {
    "title": "January ,  at  ESTKB407 Clinical Data UpdateClick here for webcastAdd to OutlookAdd to Google CalendarJanuary ,  at  EST44th Annual J.P. Morgan Health",
    "link": "https://ir.krystalbio.com/events/event-details/kb407-clinical-data-update",
    "timestamp": "unknown"
  },
  {
    "title": "January ,  at  ESTKB407 Clinical Data UpdateClick here for webcastAdd to OutlookAdd to Google CalendarJanuary ,  at  EST44th Annual J.P. Morgan Health",
    "link": "https://ir.krystalbio.com/events/event-details/kb407-clinical-data-update",
    "timestamp": "unknown"
  },
  {
    "title": "January ,  at  ESTKB407 Clinical Data UpdateClick here for webcastAdd to OutlookAdd to Google CalendarJanuary ,  at  EST44th Annual J.P. Morgan Health",
    "link": "https://ir.krystalbio.com/events/event-details/kb407-clinical-data-update",
    "timestamp": "unknown"
  },
  {
    "title": "January ,  at  ESTKB407 Clinical Data UpdateClick here for webcastAdd to OutlookAdd to Google CalendarJanuary ,  at  EST44th Annual J.P. Morgan Health",
    "link": "https://ir.krystalbio.com/events/event-details/kb407-clinical-data-update",
    "timestamp": "unknown"
  },
  {
    "title": "January ,  at  ESTKB407 Clinical Data UpdateClick here for webcastAdd to OutlookAdd to Google Calendar",
    "link": "https://ir.krystalbio.com/events/event-details/kb407-clinical-data-update",
    "timestamp": "unknown"
  },
  {
    "title": "January ,  at  ESTKB407 Clinical Data UpdateClick here for webcastAdd to OutlookAdd to Google Calendar",
    "link": "https://ir.krystalbio.com/events/event-details/kb407-clinical-data-update",
    "timestamp": "unknown"
  },
  {
    "title": "Click here for webcastAdd to OutlookAdd to Google Calendar",
    "link": "https://www.webcaster5.com/Webcast/Page//",
    "timestamp": "unknown"
  },
  {
    "title": "Click here for webcast",
    "link": "https://www.webcaster5.com/Webcast/Page//",
    "timestamp": "unknown"
  },
  {
    "title": "Click here for webcast",
    "link": "https://www.webcaster5.com/Webcast/Page//",
    "timestamp": "unknown"
  },
  {
    "title": "Add to Outlook",
    "link": "https://ir.krystalbio.com/node//ics",
    "timestamp": "unknown"
  },
  {
    "title": "Add to Google Calendar",
    "link": "https://www.google.com/calendar/render?action=TEMPLATE&text=Krystal Biotech, Inc. - KB407 Clinical Data Update&dates=20260108T213000Z/20260108T213000Z&details=Event Details: https://ir.krystalbio.com/events/event-details/kb407-clinical-data-update%0A%0AWebcast: https://www.webcaster5.com/Webcast/Page//&location=&trp=false&sprop=&sprop=name:",
    "timestamp": "unknown"
  },
  {
    "title": "January ,  at  EST44th Annual J.P. Morgan Healthcare ConferenceClick here for webcastAdd to OutlookAdd to Google Calendar",
    "link": "https://ir.krystalbio.com/events/event-details/44th-annual-jp-morgan-healthcare-conference",
    "timestamp": "unknown"
  },
  {
    "title": "January ,  at  EST44th Annual J.P. Morgan Healthcare ConferenceClick here for webcastAdd to OutlookAdd to Google Calendar",
    "link": "https://ir.krystalbio.com/events/event-details/44th-annual-jp-morgan-healthcare-conference",
    "timestamp": "unknown"
  },
  {
    "title": "Click here for webcastAdd to OutlookAdd to Google Calendar",
    "link": "https://jpmorgan.metameetings.net/events/healthcare26/sessions/-krystal-biotech-inc/webcast?gpu_only=true&kiosk=true",
    "timestamp": "unknown"
  },
  {
    "title": "Click here for webcast",
    "link": "https://jpmorgan.metameetings.net/events/healthcare26/sessions/-krystal-biotech-inc/webcast?gpu_only=true&kiosk=true",
    "timestamp": "unknown"
  },
  {
    "title": "Click here for webcast",
    "link": "https://jpmorgan.metameetings.net/events/healthcare26/sessions/-krystal-biotech-inc/webcast?gpu_only=true&kiosk=true",
    "timestamp": "unknown"
  },
  {
    "title": "Add to Outlook",
    "link": "https://ir.krystalbio.com/node//ics",
    "timestamp": "unknown"
  },
  {
    "title": "Add to Google Calendar",
    "link": "https://www.google.com/calendar/render?action=TEMPLATE&text=Krystal Biotech, Inc. - 44th Annual J.P. Morgan Healthcare Conference&dates=20260112T153000Z/20260112T153000Z&details=Event Details: https://ir.krystalbio.com/events/event-details/44th-annual-jp-morgan-healthcare-conference%0A%0AWebcast: https://jpmorgan.metameetings.net/events/healthcare26/sessions/-krystal-biotech-inc/webcast?gpu_only=true&kiosk=true&location=&trp=false&sprop=&sprop=name:",
    "timestamp": "unknown"
  },
  {
    "title": "Past EventsDecember ,  at  EST8th Annual Evercore Healthcare ConferenceClick here for webcastNovember ,  at  ESTThird Quarter  Earnings CallClick here",
    "link": "https://ir.krystalbio.com/events/event-details/8th-annual-evercore-healthcare-conference",
    "timestamp": "unknown"
  },
  {
    "title": "Past EventsDecember ,  at  EST8th Annual Evercore Healthcare ConferenceClick here for webcastNovember ,  at  ESTThird Quarter  Earnings CallClick here",
    "link": "https://ir.krystalbio.com/events/event-details/8th-annual-evercore-healthcare-conference",
    "timestamp": "unknown"
  },
  {
    "title": "Past EventsDecember ,  at  EST8th Annual Evercore Healthcare ConferenceClick here for webcastNovember ,  at  ESTThird Quarter  Earnings CallClick here",
    "link": "https://ir.krystalbio.com/events/event-details/8th-annual-evercore-healthcare-conference",
    "timestamp": "unknown"
  },
  {
    "title": "Past EventsDecember ,  at  EST8th Annual Evercore Healthcare ConferenceClick here for webcastNovember ,  at  ESTThird Quarter  Earnings CallClick here",
    "link": "https://ir.krystalbio.com/events/event-details/8th-annual-evercore-healthcare-conference",
    "timestamp": "unknown"
  },
  {
    "title": "December ,  at  EST8th Annual Evercore Healthcare ConferenceClick here for webcastNovember ,  at  ESTThird Quarter  Earnings CallClick here for webcas",
    "link": "https://ir.krystalbio.com/events/event-details/8th-annual-evercore-healthcare-conference",
    "timestamp": "unknown"
  },
  {
    "title": "December ,  at  EST8th Annual Evercore Healthcare ConferenceClick here for webcastNovember ,  at  ESTThird Quarter  Earnings CallClick here for webcas",
    "link": "https://ir.krystalbio.com/events/event-details/8th-annual-evercore-healthcare-conference",
    "timestamp": "unknown"
  },
  {
    "title": "December ,  at  EST8th Annual Evercore Healthcare ConferenceClick here for webcastNovember ,  at  ESTThird Quarter  Earnings CallClick here for webcas",
    "link": "https://ir.krystalbio.com/events/event-details/8th-annual-evercore-healthcare-conference",
    "timestamp": "unknown"
  },
  {
    "title": "December ,  at  EST8th Annual Evercore Healthcare ConferenceClick here for webcastNovember ,  at  ESTThird Quarter  Earnings CallClick here for webcas",
    "link": "https://ir.krystalbio.com/events/event-details/8th-annual-evercore-healthcare-conference",
    "timestamp": "unknown"
  },
  {
    "title": "December ,  at  EST8th Annual Evercore Healthcare ConferenceClick here for webcast",
    "link": "https://ir.krystalbio.com/events/event-details/8th-annual-evercore-healthcare-conference",
    "timestamp": "unknown"
  },
  {
    "title": "December ,  at  EST8th Annual Evercore Healthcare ConferenceClick here for webcast",
    "link": "https://ir.krystalbio.com/events/event-details/8th-annual-evercore-healthcare-conference",
    "timestamp": "unknown"
  },
  {
    "title": "Click here for webcast",
    "link": "https://wsw.com/webcast/evercore52/register.aspx?conf=evercore52&page=krys&url=https%3A//wsw.com/webcast/evercore52/krys/",
    "timestamp": "unknown"
  },
  {
    "title": "Click here for webcast",
    "link": "https://wsw.com/webcast/evercore52/register.aspx?conf=evercore52&page=krys&url=https%3A//wsw.com/webcast/evercore52/krys/",
    "timestamp": "unknown"
  },
  {
    "title": "Click here for webcast",
    "link": "https://wsw.com/webcast/evercore52/register.aspx?conf=evercore52&page=krys&url=https%3A//wsw.com/webcast/evercore52/krys/",
    "timestamp": "unknown"
  },
  {
    "title": "November ,  at  ESTThird Quarter  Earnings CallClick here for webcastSupporting MaterialsClick here for presentation. MB",
    "link": "https://ir.krystalbio.com/events/event-details/third-quarter--earnings-call",
    "timestamp": "unknown"
  },
  {
    "title": "November ,  at  ESTThird Quarter  Earnings CallClick here for webcastSupporting MaterialsClick here for presentation. MB",
    "link": "https://ir.krystalbio.com/events/event-details/third-quarter--earnings-call",
    "timestamp": "unknown"
  },
  {
    "title": "Click here for webcastSupporting MaterialsClick here for presentation. MB",
    "link": "https://www.webcaster5.com/Webcast/Page//",
    "timestamp": "unknown"
  },
  {
    "title": "Click here for webcast",
    "link": "https://www.webcaster5.com/Webcast/Page//",
    "timestamp": "unknown"
  },
  {
    "title": "Click here for webcast",
    "link": "https://www.webcaster5.com/Webcast/Page//",
    "timestamp": "unknown"
  },
  {
    "title": "Click here for presentation. MB",
    "link": "https://ir.krystalbio.com/static-files/8006115d-59ab--830c-71bf0080bcd3",
    "timestamp": "unknown"
  },
  {
    "title": "Click here for presentation. MB",
    "link": "https://ir.krystalbio.com/static-files/8006115d-59ab--830c-71bf0080bcd3",
    "timestamp": "unknown"
  },
  {
    "title": "Click here for presentation. MB",
    "link": "https://ir.krystalbio.com/static-files/8006115d-59ab--830c-71bf0080bcd3",
    "timestamp": "unknown"
  },
  {
    "title": "Click here for presentation. MB",
    "link": "https://ir.krystalbio.com/static-files/8006115d-59ab--830c-71bf0080bcd3",
    "timestamp": "unknown"
  },
  {
    "title": "Click here for presentation. MB",
    "link": "https://ir.krystalbio.com/static-files/8006115d-59ab--830c-71bf0080bcd3",
    "timestamp": "unknown"
  },
  {
    "title": "Click here for presentation. MB",
    "link": "https://ir.krystalbio.com/static-files/8006115d-59ab--830c-71bf0080bcd3",
    "timestamp": "unknown"
  },
  {
    "title": "September ,  at  EDTCantor Global Healthcare ConferenceClick here for webcast",
    "link": "https://ir.krystalbio.com/events/event-details/cantor-global-healthcare-conference-",
    "timestamp": "unknown"
  },
  {
    "title": "September ,  at  EDTCantor Global Healthcare ConferenceClick here for webcast",
    "link": "https://ir.krystalbio.com/events/event-details/cantor-global-healthcare-conference-",
    "timestamp": "unknown"
  },
  {
    "title": "Click here for webcast",
    "link": "https://sqps.onstreamsecure.com/origin/enliven/players/EnlivenPlayer.html?customerId=&eventId=&checkCompany=&checkEmail=&checkName=",
    "timestamp": "unknown"
  },
  {
    "title": "Click here for webcast",
    "link": "https://sqps.onstreamsecure.com/origin/enliven/players/EnlivenPlayer.html?customerId=&eventId=&checkCompany=&checkEmail=&checkName=",
    "timestamp": "unknown"
  },
  {
    "title": "Click here for webcast",
    "link": "https://sqps.onstreamsecure.com/origin/enliven/players/EnlivenPlayer.html?customerId=&eventId=&checkCompany=&checkEmail=&checkName=",
    "timestamp": "unknown"
  },
  {
    "title": "August ,  at  EDTSecond Quarter  Earnings CallClick here for webcastSupporting MaterialsClick here for presentation. KB",
    "link": "https://ir.krystalbio.com/events/event-details/second-quarter--earnings-call",
    "timestamp": "unknown"
  },
  {
    "title": "August ,  at  EDTSecond Quarter  Earnings CallClick here for webcastSupporting MaterialsClick here for presentation. KB",
    "link": "https://ir.krystalbio.com/events/event-details/second-quarter--earnings-call",
    "timestamp": "unknown"
  },
  {
    "title": "Click here for webcastSupporting MaterialsClick here for presentation. KB",
    "link": "https://www.webcaster4.com/Webcast/Page//",
    "timestamp": "unknown"
  },
  {
    "title": "Click here for webcast",
    "link": "https://www.webcaster4.com/Webcast/Page//",
    "timestamp": "unknown"
  },
  {
    "title": "Click here for webcast",
    "link": "https://www.webcaster4.com/Webcast/Page//",
    "timestamp": "unknown"
  },
  {
    "title": "Click here for presentation. KB",
    "link": "https://ir.krystalbio.com/static-files/c08e7862-b1f8-4dca-96fd-6883b350ea81",
    "timestamp": "unknown"
  },
  {
    "title": "Click here for presentation. KB",
    "link": "https://ir.krystalbio.com/static-files/c08e7862-b1f8-4dca-96fd-6883b350ea81",
    "timestamp": "unknown"
  },
  {
    "title": "Click here for presentation. KB",
    "link": "https://ir.krystalbio.com/static-files/c08e7862-b1f8-4dca-96fd-6883b350ea81",
    "timestamp": "unknown"
  },
  {
    "title": "Click here for presentation. KB",
    "link": "https://ir.krystalbio.com/static-files/c08e7862-b1f8-4dca-96fd-6883b350ea81",
    "timestamp": "unknown"
  },
  {
    "title": "Click here for presentation. KB",
    "link": "https://ir.krystalbio.com/static-files/c08e7862-b1f8-4dca-96fd-6883b350ea81",
    "timestamp": "unknown"
  },
  {
    "title": "Click here for presentation. KB",
    "link": "https://ir.krystalbio.com/static-files/c08e7862-b1f8-4dca-96fd-6883b350ea81",
    "timestamp": "unknown"
  },
  {
    "title": "July ,  at  EDTJeune Aesthetics KB304 Clinical Data UpdateClick here for webcastSupporting MaterialsClick here for presentation. MB",
    "link": "https://ir.krystalbio.com/events/event-details/jeune-aesthetics-kb304-clinical-data-update",
    "timestamp": "unknown"
  },
  {
    "title": "July ,  at  EDTJeune Aesthetics KB304 Clinical Data UpdateClick here for webcastSupporting MaterialsClick here for presentation. MB",
    "link": "https://ir.krystalbio.com/events/event-details/jeune-aesthetics-kb304-clinical-data-update",
    "timestamp": "unknown"
  },
  {
    "title": "Click here for webcastSupporting MaterialsClick here for presentation. MB",
    "link": "https://www.webcaster4.com/Webcast/Page//",
    "timestamp": "unknown"
  },
  {
    "title": "Click here for webcast",
    "link": "https://www.webcaster4.com/Webcast/Page//",
    "timestamp": "unknown"
  },
  {
    "title": "Click here for webcast",
    "link": "https://www.webcaster4.com/Webcast/Page//",
    "timestamp": "unknown"
  },
  {
    "title": "Click here for presentation. MB",
    "link": "https://ir.krystalbio.com/static-files/fe0890fa-74c6-4f2d-9e30-e9a3a9411a90",
    "timestamp": "unknown"
  },
  {
    "title": "Click here for presentation. MB",
    "link": "https://ir.krystalbio.com/static-files/fe0890fa-74c6-4f2d-9e30-e9a3a9411a90",
    "timestamp": "unknown"
  },
  {
    "title": "Click here for presentation. MB",
    "link": "https://ir.krystalbio.com/static-files/fe0890fa-74c6-4f2d-9e30-e9a3a9411a90",
    "timestamp": "unknown"
  },
  {
    "title": "Click here for presentation. MB",
    "link": "https://ir.krystalbio.com/static-files/fe0890fa-74c6-4f2d-9e30-e9a3a9411a90",
    "timestamp": "unknown"
  },
  {
    "title": "Click here for presentation. MB",
    "link": "https://ir.krystalbio.com/static-files/fe0890fa-74c6-4f2d-9e30-e9a3a9411a90",
    "timestamp": "unknown"
  },
  {
    "title": "Click here for presentation. MB",
    "link": "https://ir.krystalbio.com/static-files/fe0890fa-74c6-4f2d-9e30-e9a3a9411a90",
    "timestamp": "unknown"
  },
  {
    "title": "July ,  at  EDTKB801 First Patient Dosed UpdateClick here for webcastSupporting MaterialsClick here for presentation. KB",
    "link": "https://ir.krystalbio.com/events/event-details/kb801-first-patient-dosed-update",
    "timestamp": "unknown"
  },
  {
    "title": "July ,  at  EDTKB801 First Patient Dosed UpdateClick here for webcastSupporting MaterialsClick here for presentation. KB",
    "link": "https://ir.krystalbio.com/events/event-details/kb801-first-patient-dosed-update",
    "timestamp": "unknown"
  },
  {
    "title": "Click here for webcastSupporting MaterialsClick here for presentation. KB",
    "link": "https://www.webcaster4.com/Webcast/Page//",
    "timestamp": "unknown"
  },
  {
    "title": "Click here for webcast",
    "link": "https://www.webcaster4.com/Webcast/Page//",
    "timestamp": "unknown"
  },
  {
    "title": "Click here for webcast",
    "link": "https://www.webcaster4.com/Webcast/Page//",
    "timestamp": "unknown"
  },
  {
    "title": "Click here for presentation. KB",
    "link": "https://ir.krystalbio.com/static-files/bb0eb26b-2d44-4dd3-bdad-8531bff06d87",
    "timestamp": "unknown"
  },
  {
    "title": "Click here for presentation. KB",
    "link": "https://ir.krystalbio.com/static-files/bb0eb26b-2d44-4dd3-bdad-8531bff06d87",
    "timestamp": "unknown"
  },
  {
    "title": "Click here for presentation. KB",
    "link": "https://ir.krystalbio.com/static-files/bb0eb26b-2d44-4dd3-bdad-8531bff06d87",
    "timestamp": "unknown"
  },
  {
    "title": "Click here for presentation. KB",
    "link": "https://ir.krystalbio.com/static-files/bb0eb26b-2d44-4dd3-bdad-8531bff06d87",
    "timestamp": "unknown"
  },
  {
    "title": "Click here for presentation. KB",
    "link": "https://ir.krystalbio.com/static-files/bb0eb26b-2d44-4dd3-bdad-8531bff06d87",
    "timestamp": "unknown"
  },
  {
    "title": "Click here for presentation. KB",
    "link": "https://ir.krystalbio.com/static-files/bb0eb26b-2d44-4dd3-bdad-8531bff06d87",
    "timestamp": "unknown"
  },
  {
    "title": "June ,  at  EDT46th Annual Goldman Sachs Global Healthcare ConferenceClick here for webcast",
    "link": "https://ir.krystalbio.com/events/event-details/46th-annual-goldman-sachs-global-healthcare-conference",
    "timestamp": "unknown"
  },
  {
    "title": "June ,  at  EDT46th Annual Goldman Sachs Global Healthcare ConferenceClick here for webcast",
    "link": "https://ir.krystalbio.com/events/event-details/46th-annual-goldman-sachs-global-healthcare-conference",
    "timestamp": "unknown"
  },
  {
    "title": "Click here for webcast",
    "link": "https://event.webcasts.com/starthere.jsp?ei=&tp_key=1ff890bf20&tp_special=",
    "timestamp": "unknown"
  },
  {
    "title": "Click here for webcast",
    "link": "https://event.webcasts.com/starthere.jsp?ei=&tp_key=1ff890bf20&tp_special=",
    "timestamp": "unknown"
  },
  {
    "title": "Click here for webcast",
    "link": "https://event.webcasts.com/starthere.jsp?ei=&tp_key=1ff890bf20&tp_special=",
    "timestamp": "unknown"
  },
  {
    "title": "May ,  at  EDTBofA Securities  Health Care ConferenceClick here for webcast",
    "link": "https://ir.krystalbio.com/events/event-details/bofa-securities--health-care-conference",
    "timestamp": "unknown"
  },
  {
    "title": "May ,  at  EDTBofA Securities  Health Care ConferenceClick here for webcast",
    "link": "https://ir.krystalbio.com/events/event-details/bofa-securities--health-care-conference",
    "timestamp": "unknown"
  },
  {
    "title": "Click here for webcast",
    "link": "https://bofa.veracast.com/webcasts/bofa/healthcare2025/id4E38f9.cfm",
    "timestamp": "unknown"
  },
  {
    "title": "Click here for webcast",
    "link": "https://bofa.veracast.com/webcasts/bofa/healthcare2025/id4E38f9.cfm",
    "timestamp": "unknown"
  },
  {
    "title": "Click here for webcast",
    "link": "https://bofa.veracast.com/webcasts/bofa/healthcare2025/id4E38f9.cfm",
    "timestamp": "unknown"
  },
  {
    "title": "May ,  at  EDTFirst Quarter  Earnings CallClick here for webcastSupporting MaterialsClick here for presentation. MB",
    "link": "https://ir.krystalbio.com/events/event-details/first-quarter--earnings-call",
    "timestamp": "unknown"
  },
  {
    "title": "May ,  at  EDTFirst Quarter  Earnings CallClick here for webcastSupporting MaterialsClick here for presentation. MB",
    "link": "https://ir.krystalbio.com/events/event-details/first-quarter--earnings-call",
    "timestamp": "unknown"
  },
  {
    "title": "Click here for webcastSupporting MaterialsClick here for presentation. MB",
    "link": "https://www.webcaster4.com/Webcast/Page//",
    "timestamp": "unknown"
  },
  {
    "title": "Click here for webcast",
    "link": "https://www.webcaster4.com/Webcast/Page//",
    "timestamp": "unknown"
  },
  {
    "title": "Click here for webcast",
    "link": "https://www.webcaster4.com/Webcast/Page//",
    "timestamp": "unknown"
  },
  {
    "title": "Click here for presentation. MB",
    "link": "https://ir.krystalbio.com/static-files/84d00d8c-2f75-4cf5--c92bc45eabd2",
    "timestamp": "unknown"
  },
  {
    "title": "Click here for presentation. MB",
    "link": "https://ir.krystalbio.com/static-files/84d00d8c-2f75-4cf5--c92bc45eabd2",
    "timestamp": "unknown"
  },
  {
    "title": "Click here for presentation. MB",
    "link": "https://ir.krystalbio.com/static-files/84d00d8c-2f75-4cf5--c92bc45eabd2",
    "timestamp": "unknown"
  },
  {
    "title": "Click here for presentation. MB",
    "link": "https://ir.krystalbio.com/static-files/84d00d8c-2f75-4cf5--c92bc45eabd2",
    "timestamp": "unknown"
  },
  {
    "title": "Click here for presentation. MB",
    "link": "https://ir.krystalbio.com/static-files/84d00d8c-2f75-4cf5--c92bc45eabd2",
    "timestamp": "unknown"
  },
  {
    "title": "Click here for presentation. MB",
    "link": "https://ir.krystalbio.com/static-files/84d00d8c-2f75-4cf5--c92bc45eabd2",
    "timestamp": "unknown"
  },
  {
    "title": "March ,  at  ESTTD Cowen 45th Annual Health Care ConferenceClick here for webcast",
    "link": "https://ir.krystalbio.com/events/event-details/td-cowen-45th-annual-health-care-conference",
    "timestamp": "unknown"
  },
  {
    "title": "March ,  at  ESTTD Cowen 45th Annual Health Care ConferenceClick here for webcast",
    "link": "https://ir.krystalbio.com/events/event-details/td-cowen-45th-annual-health-care-conference",
    "timestamp": "unknown"
  },
  {
    "title": "Click here for webcast",
    "link": "https://wsw.com/webcast/cowen177/register.aspx?conf=cowen177&page=krys&url=https%3A//wsw.com/webcast/cowen177/krys/",
    "timestamp": "unknown"
  },
  {
    "title": "Click here for webcast",
    "link": "https://wsw.com/webcast/cowen177/register.aspx?conf=cowen177&page=krys&url=https%3A//wsw.com/webcast/cowen177/krys/",
    "timestamp": "unknown"
  },
  {
    "title": "Click here for webcast",
    "link": "https://wsw.com/webcast/cowen177/register.aspx?conf=cowen177&page=krys&url=https%3A//wsw.com/webcast/cowen177/krys/",
    "timestamp": "unknown"
  },
  {
    "title": "Current page",
    "link": "https://ir.krystalbio.com/events-and-presentations/events?field_nir_event_start_date_value_1=-%20hour&items_per_page_toggle=&page=",
    "timestamp": "unknown"
  },
  {
    "title": "Page",
    "link": "https://ir.krystalbio.com/events-and-presentations/events?field_nir_event_start_date_value_1=-%20hour&items_per_page_toggle=&page=",
    "timestamp": "unknown"
  },
  {
    "title": "Page",
    "link": "https://ir.krystalbio.com/events-and-presentations/events?field_nir_event_start_date_value_1=-%20hour&items_per_page_toggle=&page=",
    "timestamp": "unknown"
  },
  {
    "title": "Page",
    "link": "https://ir.krystalbio.com/events-and-presentations/events?field_nir_event_start_date_value_1=-%20hour&items_per_page_toggle=&page=",
    "timestamp": "unknown"
  },
  {
    "title": "Page",
    "link": "https://ir.krystalbio.com/events-and-presentations/events?field_nir_event_start_date_value_1=-%20hour&items_per_page_toggle=&page=",
    "timestamp": "unknown"
  },
  {
    "title": "Page",
    "link": "https://ir.krystalbio.com/events-and-presentations/events?field_nir_event_start_date_value_1=-%20hour&items_per_page_toggle=&page=",
    "timestamp": "unknown"
  },
  {
    "title": "Page",
    "link": "https://ir.krystalbio.com/events-and-presentations/events?field_nir_event_start_date_value_1=-%20hour&items_per_page_toggle=&page=",
    "timestamp": "unknown"
  },
  {
    "title": "Page",
    "link": "https://ir.krystalbio.com/events-and-presentations/events?field_nir_event_start_date_value_1=-%20hour&items_per_page_toggle=&page=",
    "timestamp": "unknown"
  },
  {
    "title": "Next pageNext \u203a",
    "link": "https://ir.krystalbio.com/events-and-presentations/events?field_nir_event_start_date_value_1=-%20hour&items_per_page_toggle=&page=",
    "timestamp": "unknown"
  },
  {
    "title": "Last pageLast \u00bb",
    "link": "https://ir.krystalbio.com/events-and-presentations/events?field_nir_event_start_date_value_1=-%20hour&items_per_page_toggle=&page=",
    "timestamp": "unknown"
  },
  {
    "title": "Quick LinksCompanyScienceProductPatientsInvestorsContact UsCareersContact UsKrystal Biotech, Inc.Wharton St. Suite #Pittsburgh, PAreception is in Suit",
    "link": "https://www.krystalbio.com/",
    "timestamp": "unknown"
  },
  {
    "title": "Quick LinksCompanyScienceProductPatientsInvestorsContact UsCareersContact UsKrystal Biotech, Inc.Wharton St. Suite #Pittsburgh, PAreception is in Suit",
    "link": "https://www.krystalbio.com/",
    "timestamp": "unknown"
  },
  {
    "title": "Quick LinksCompanyScienceProductPatients",
    "link": "https://www.krystalbio.com/company/",
    "timestamp": "unknown"
  },
  {
    "title": "Company",
    "link": "https://www.krystalbio.com/company/",
    "timestamp": "unknown"
  },
  {
    "title": "Science",
    "link": "https://www.krystalbio.com/science/",
    "timestamp": "unknown"
  },
  {
    "title": "Product",
    "link": "https://www.krystalbio.com/product/",
    "timestamp": "unknown"
  },
  {
    "title": "Patients",
    "link": "https://www.krystalbio.com/patients",
    "timestamp": "unknown"
  },
  {
    "title": "InvestorsContact UsCareers",
    "link": "https://ir.krystalbio.com/",
    "timestamp": "unknown"
  },
  {
    "title": "Investors",
    "link": "https://ir.krystalbio.com/",
    "timestamp": "unknown"
  },
  {
    "title": "Contact Us",
    "link": "https://www.krystalbio.com/contact-us/",
    "timestamp": "unknown"
  },
  {
    "title": "Careers",
    "link": "https://krystalbiotech.applytojob.com/apply",
    "timestamp": "unknown"
  },
  {
    "title": "Contact UsKrystal Biotech, Inc.Wharton St. Suite #Pittsburgh, PAreception is in Suite #--inquiries@krystalbio.com",
    "link": "mailto:inquiries@krystalbio.com",
    "timestamp": "unknown"
  },
  {
    "title": "Contact UsKrystal Biotech, Inc.Wharton St. Suite #Pittsburgh, PAreception is in Suite #--inquiries@krystalbio.com",
    "link": "mailto:inquiries@krystalbio.com",
    "timestamp": "unknown"
  },
  {
    "title": "Krystal Biotech, Inc.Wharton St. Suite #Pittsburgh, PAreception is in Suite #--inquiries@krystalbio.com",
    "link": "mailto:inquiries@krystalbio.com",
    "timestamp": "unknown"
  },
  {
    "title": "Krystal Biotech, Inc.Wharton St. Suite #Pittsburgh, PAreception is in Suite #--inquiries@krystalbio.com",
    "link": "mailto:inquiries@krystalbio.com",
    "timestamp": "unknown"
  },
  {
    "title": "inquiries@krystalbio.com",
    "link": "mailto:inquiries@krystalbio.com",
    "timestamp": "unknown"
  },
  {
    "title": "Privacy Policy",
    "link": "https://www.krystalbio.com/privacy-policy/",
    "timestamp": "unknown"
  },
  {
    "title": "Terms of Use",
    "link": "https://www.krystalbio.com/terms-of-use/",
    "timestamp": "unknown"
  },
  {
    "title": "Compliance Program",
    "link": "https://www.krystalbio.com/compliance-program/",
    "timestamp": "unknown"
  }
]