[
  {
    "title": "Who We AreWho We AreLearn about OBI\u2019s mission, vision, and values.About OBIOur ValueOBI AffiliatesOur HistoryLeadership TeamWhat We DoWhat We DoDive i",
    "link": "https://www.obipharma.com/",
    "timestamp": "unknown"
  },
  {
    "title": "Who We AreWho We AreLearn about OBI\u2019s mission, vision, and values.About OBIOur ValueOBI AffiliatesOur HistoryLeadership TeamWhat We DoWhat We DoDive i",
    "link": "https://www.obipharma.com/",
    "timestamp": "unknown"
  },
  {
    "title": "Who We AreWho We AreLearn about OBI\u2019s mission, vision, and values.About OBIOur ValueOBI AffiliatesOur HistoryLeadership TeamWhat We DoWhat We DoDive i",
    "link": "https://www.obipharma.com/",
    "timestamp": "unknown"
  },
  {
    "title": "Who We AreWho We AreLearn about OBI\u2019s mission, vision, and values.About OBIOur ValueOBI AffiliatesOur HistoryLeadership TeamWhat We DoWhat We DoDive i",
    "link": "https://www.obipharma.com/",
    "timestamp": "unknown"
  },
  {
    "title": "Who We AreWho We AreLearn about OBI\u2019s mission, vision, and values.About OBIOur ValueOBI AffiliatesOur HistoryLeadership TeamWhat We DoWhat We DoDive i",
    "link": "https://www.obipharma.com/who-we-are/",
    "timestamp": "unknown"
  },
  {
    "title": "Who We AreWho We AreLearn about OBI\u2019s mission, vision, and values.About OBIOur ValueOBI AffiliatesOur HistoryLeadership TeamWhat We DoWhat We DoDive i",
    "link": "https://www.obipharma.com/who-we-are/",
    "timestamp": "unknown"
  },
  {
    "title": "Who We AreWho We AreLearn about OBI\u2019s mission, vision, and values.About OBIOur ValueOBI AffiliatesOur HistoryLeadership TeamWhat We DoWhat We DoDive i",
    "link": "https://www.obipharma.com/who-we-are/",
    "timestamp": "unknown"
  },
  {
    "title": "Who We AreWho We AreLearn about OBI\u2019s mission, vision, and values.About OBIOur ValueOBI AffiliatesOur HistoryLeadership Team",
    "link": "https://www.obipharma.com/who-we-are/",
    "timestamp": "unknown"
  },
  {
    "title": "Who We AreLearn about OBI\u2019s mission, vision, and values.About OBIOur ValueOBI AffiliatesOur HistoryLeadership Team",
    "link": "https://www.obipharma.com/who-we-are/",
    "timestamp": "unknown"
  },
  {
    "title": "Who We AreLearn about OBI\u2019s mission, vision, and values.About OBIOur ValueOBI AffiliatesOur HistoryLeadership Team",
    "link": "https://www.obipharma.com/who-we-are/",
    "timestamp": "unknown"
  },
  {
    "title": "Who We AreLearn about OBI\u2019s mission, vision, and values.About OBIOur ValueOBI AffiliatesOur HistoryLeadership Team",
    "link": "https://www.obipharma.com/who-we-are/",
    "timestamp": "unknown"
  },
  {
    "title": "Who We AreLearn about OBI\u2019s mission, vision, and values.",
    "link": "https://www.obipharma.com/who-we-are/",
    "timestamp": "unknown"
  },
  {
    "title": "About OBI",
    "link": "https://www.obipharma.com/who-we-are/#about-obi",
    "timestamp": "unknown"
  },
  {
    "title": "Our Value",
    "link": "https://www.obipharma.com/who-we-are/#our-value",
    "timestamp": "unknown"
  },
  {
    "title": "OBI Affiliates",
    "link": "https://www.obipharma.com/who-we-are/#obi-affiliates",
    "timestamp": "unknown"
  },
  {
    "title": "Our History",
    "link": "https://www.obipharma.com/who-we-are/#our-history",
    "timestamp": "unknown"
  },
  {
    "title": "Leadership Team",
    "link": "https://www.obipharma.com/who-we-are/leadership-team/",
    "timestamp": "unknown"
  },
  {
    "title": "What We DoWhat We DoDive into our cutting-edge research and development.PipelineTechnologyPublication Library",
    "link": "https://www.obipharma.com/what-we-do/",
    "timestamp": "unknown"
  },
  {
    "title": "What We DoDive into our cutting-edge research and development.PipelineTechnologyPublication Library",
    "link": "https://www.obipharma.com/what-we-do/",
    "timestamp": "unknown"
  },
  {
    "title": "What We DoDive into our cutting-edge research and development.PipelineTechnologyPublication Library",
    "link": "https://www.obipharma.com/what-we-do/",
    "timestamp": "unknown"
  },
  {
    "title": "What We DoDive into our cutting-edge research and development.PipelineTechnologyPublication Library",
    "link": "https://www.obipharma.com/what-we-do/",
    "timestamp": "unknown"
  },
  {
    "title": "What We DoDive into our cutting-edge research and development.",
    "link": "https://www.obipharma.com/what-we-do/",
    "timestamp": "unknown"
  },
  {
    "title": "Pipeline",
    "link": "https://www.obipharma.com/what-we-do/pipeline-overview/",
    "timestamp": "unknown"
  },
  {
    "title": "Technology",
    "link": "https://www.obipharma.com/what-we-do/technology-platform/",
    "timestamp": "unknown"
  },
  {
    "title": "Publication Library",
    "link": "https://www.obipharma.com/publication-library/",
    "timestamp": "unknown"
  },
  {
    "title": "News & EventsNews & EventsStay updated with the latest news, announcements, and events.NewsEventsAnnouncements",
    "link": "https://www.obipharma.com/whats-new/",
    "timestamp": "unknown"
  },
  {
    "title": "News & EventsStay updated with the latest news, announcements, and events.NewsEventsAnnouncements",
    "link": "https://www.obipharma.com/whats-new/",
    "timestamp": "unknown"
  },
  {
    "title": "News & EventsStay updated with the latest news, announcements, and events.NewsEventsAnnouncements",
    "link": "https://www.obipharma.com/whats-new/",
    "timestamp": "unknown"
  },
  {
    "title": "News & EventsStay updated with the latest news, announcements, and events.NewsEventsAnnouncements",
    "link": "https://www.obipharma.com/whats-new/",
    "timestamp": "unknown"
  },
  {
    "title": "News & EventsStay updated with the latest news, announcements, and events.",
    "link": "https://www.obipharma.com/whats-new/",
    "timestamp": "unknown"
  },
  {
    "title": "News",
    "link": "https://www.obipharma.com/news/",
    "timestamp": "unknown"
  },
  {
    "title": "Events",
    "link": "https://www.obipharma.com/events/",
    "timestamp": "unknown"
  },
  {
    "title": "Announcements",
    "link": "https://www.obipharma.com/announcements/",
    "timestamp": "unknown"
  },
  {
    "title": "InvestorInvestorAccess important information for investors.GovernanceCorporate OverviewBoard of Directors\u200bSpecial CommitteesIntegrity\u200bInternal AuditGo",
    "link": "https://www.obipharma.com/investor-overview/",
    "timestamp": "unknown"
  },
  {
    "title": "InvestorAccess important information for investors.GovernanceCorporate OverviewBoard of Directors\u200bSpecial CommitteesIntegrity\u200bInternal AuditGovernance",
    "link": "https://www.obipharma.com/investor-overview/",
    "timestamp": "unknown"
  },
  {
    "title": "InvestorAccess important information for investors.GovernanceCorporate OverviewBoard of Directors\u200bSpecial CommitteesIntegrity\u200bInternal AuditGovernance",
    "link": "https://www.obipharma.com/investor-overview/",
    "timestamp": "unknown"
  },
  {
    "title": "InvestorAccess important information for investors.GovernanceCorporate OverviewBoard of Directors\u200bSpecial CommitteesIntegrity\u200bInternal AuditGovernance",
    "link": "https://www.obipharma.com/investor-overview/",
    "timestamp": "unknown"
  },
  {
    "title": "InvestorAccess important information for investors.",
    "link": "https://www.obipharma.com/investor-overview/",
    "timestamp": "unknown"
  },
  {
    "title": "GovernanceCorporate OverviewBoard of Directors\u200bSpecial CommitteesIntegrity\u200bInternal AuditGovernance DocumentInformation Security",
    "link": "https://www.obipharma.com/events/",
    "timestamp": "unknown"
  },
  {
    "title": "Corporate Overview",
    "link": "https://www.obipharma.com/investor-overview/corporate-overview/",
    "timestamp": "unknown"
  },
  {
    "title": "Board of Directors\u200b",
    "link": "https://www.obipharma.com/investor-overview/governance-board-of-directors/",
    "timestamp": "unknown"
  },
  {
    "title": "Special Committees",
    "link": "https://www.obipharma.com/investor-overview/special-committees/",
    "timestamp": "unknown"
  },
  {
    "title": "Integrity\u200b",
    "link": "https://www.obipharma.com/investor-overview/integrity/",
    "timestamp": "unknown"
  },
  {
    "title": "Internal Audit",
    "link": "https://www.obipharma.com/investor-overview/internal-audits/",
    "timestamp": "unknown"
  },
  {
    "title": "Governance Document",
    "link": "https://www.obipharma.com/investor-overview/governance-documents/",
    "timestamp": "unknown"
  },
  {
    "title": "Information Security",
    "link": "https://www.obipharma.com/investor-overview/information-security/",
    "timestamp": "unknown"
  },
  {
    "title": "Shareholder ServiceAnnual ReportShareholding Structure\u200bStock QuoteDividend Policy\u200bIR Presentation",
    "link": "https://www.obipharma.com/events/",
    "timestamp": "unknown"
  },
  {
    "title": "Annual Report",
    "link": "https://www.obipharma.com/investor-overview/annual-reports/",
    "timestamp": "unknown"
  },
  {
    "title": "Shareholding Structure\u200b",
    "link": "https://www.obipharma.com/investor-overview/shareholding-structure/",
    "timestamp": "unknown"
  },
  {
    "title": "Stock Quote",
    "link": "https://www.obipharma.com/investor-overview/stock-quote/",
    "timestamp": "unknown"
  },
  {
    "title": "Dividend Policy\u200b",
    "link": "https://www.obipharma.com/investor-overview/dividend-policy/",
    "timestamp": "unknown"
  },
  {
    "title": "IR Presentation",
    "link": "https://www.obipharma.com/investor-overview/ir-presentation/",
    "timestamp": "unknown"
  },
  {
    "title": "Financials and FilingFinancial ReportMonthly Revenue",
    "link": "https://www.obipharma.com/events/",
    "timestamp": "unknown"
  },
  {
    "title": "Financial Report",
    "link": "https://www.obipharma.com/investor-overview/financial-report/",
    "timestamp": "unknown"
  },
  {
    "title": "Monthly Revenue",
    "link": "https://www.obipharma.com/investor-overview/monthly-revenue/",
    "timestamp": "unknown"
  },
  {
    "title": "People & CulturePeople & CultureBe part of a dynamic and diverse community where voices are valued and contributions make a difference.Core ValuesEmpl",
    "link": "https://www.obipharma.com/people-and-culture/",
    "timestamp": "unknown"
  },
  {
    "title": "People & CultureBe part of a dynamic and diverse community where voices are valued and contributions make a difference.Core ValuesEmployee StoryWhat W",
    "link": "https://www.obipharma.com/people-and-culture/",
    "timestamp": "unknown"
  },
  {
    "title": "People & CultureBe part of a dynamic and diverse community where voices are valued and contributions make a difference.Core ValuesEmployee StoryWhat W",
    "link": "https://www.obipharma.com/people-and-culture/",
    "timestamp": "unknown"
  },
  {
    "title": "People & CultureBe part of a dynamic and diverse community where voices are valued and contributions make a difference.Core ValuesEmployee StoryWhat W",
    "link": "https://www.obipharma.com/people-and-culture/",
    "timestamp": "unknown"
  },
  {
    "title": "People & CultureBe part of a dynamic and diverse community where voices are valued and contributions make a difference.",
    "link": "https://www.obipharma.com/people-and-culture/",
    "timestamp": "unknown"
  },
  {
    "title": "Core Values",
    "link": "https://www.obipharma.com/people-and-culture/#core-values",
    "timestamp": "unknown"
  },
  {
    "title": "Employee Story",
    "link": "https://www.obipharma.com/people-and-culture/#employee-story",
    "timestamp": "unknown"
  },
  {
    "title": "What We Believe",
    "link": "https://www.obipharma.com/people-and-culture/#what-we-believe",
    "timestamp": "unknown"
  },
  {
    "title": "Careers",
    "link": "https://www.obipharma.com/careers/",
    "timestamp": "unknown"
  },
  {
    "title": "SustainabilitySustainabilityDiscover our initiatives and achievements in ESG.ESG ManagementStrategy & Goals\u200bOrganization OperationsStakeholders\u200bStakeh",
    "link": "https://www.obipharma.com/sustainability/",
    "timestamp": "unknown"
  },
  {
    "title": "SustainabilityDiscover our initiatives and achievements in ESG.ESG ManagementStrategy & Goals\u200bOrganization OperationsStakeholders\u200bStakeholder Interact",
    "link": "https://www.obipharma.com/sustainability/",
    "timestamp": "unknown"
  },
  {
    "title": "SustainabilityDiscover our initiatives and achievements in ESG.ESG ManagementStrategy & Goals\u200bOrganization OperationsStakeholders\u200bStakeholder Interact",
    "link": "https://www.obipharma.com/sustainability/",
    "timestamp": "unknown"
  },
  {
    "title": "SustainabilityDiscover our initiatives and achievements in ESG.ESG ManagementStrategy & Goals\u200bOrganization OperationsStakeholders\u200bStakeholder Interact",
    "link": "https://www.obipharma.com/sustainability/",
    "timestamp": "unknown"
  },
  {
    "title": "SustainabilityDiscover our initiatives and achievements in ESG.",
    "link": "https://www.obipharma.com/sustainability/",
    "timestamp": "unknown"
  },
  {
    "title": "ESG ManagementStrategy & Goals\u200bOrganization Operations",
    "link": "https://www.obipharma.com/events/",
    "timestamp": "unknown"
  },
  {
    "title": "Strategy & Goals\u200b",
    "link": "https://www.obipharma.com/sustainability/strategy-goals/",
    "timestamp": "unknown"
  },
  {
    "title": "Organization Operations",
    "link": "https://www.obipharma.com/sustainability/organization-operations/",
    "timestamp": "unknown"
  },
  {
    "title": "Stakeholders\u200bStakeholder Interaction\u200bStakeholder Dialog",
    "link": "https://www.obipharma.com/events/",
    "timestamp": "unknown"
  },
  {
    "title": "Stakeholder Interaction\u200b",
    "link": "https://www.obipharma.com/sustainability/stakeholder-interaction/",
    "timestamp": "unknown"
  },
  {
    "title": "Stakeholder Dialog",
    "link": "https://www.obipharma.com/sustainability/stakeholder-dialog/",
    "timestamp": "unknown"
  },
  {
    "title": "Our FocusMateriality AssessmentLatest Focus Topics",
    "link": "https://www.obipharma.com/events/",
    "timestamp": "unknown"
  },
  {
    "title": "Materiality Assessment",
    "link": "https://www.obipharma.com/sustainability/materiality-assessment/",
    "timestamp": "unknown"
  },
  {
    "title": "Latest Focus Topics",
    "link": "https://www.obipharma.com/sustainability/latest-focus-topics/",
    "timestamp": "unknown"
  },
  {
    "title": "ESG ReportsArchive reports\u200b",
    "link": "https://www.obipharma.com/events/",
    "timestamp": "unknown"
  },
  {
    "title": "Archive reports\u200b",
    "link": "https://www.obipharma.com/sustainability/archive-reports/",
    "timestamp": "unknown"
  },
  {
    "title": "Contact",
    "link": "https://www.obipharma.com/contact/",
    "timestamp": "unknown"
  },
  {
    "title": "EventsEventsHOMEWhat&#;s NewEvents",
    "link": "https://www.obipharma.com/",
    "timestamp": "unknown"
  },
  {
    "title": "HOMEWhat&#;s NewEvents",
    "link": "https://www.obipharma.com/",
    "timestamp": "unknown"
  },
  {
    "title": "HOMEWhat&#;s NewEvents",
    "link": "https://www.obipharma.com/",
    "timestamp": "unknown"
  },
  {
    "title": "HOMEWhat&#;s NewEvents",
    "link": "https://www.obipharma.com/",
    "timestamp": "unknown"
  },
  {
    "title": "HOMEWhat&#;s NewEvents",
    "link": "https://www.obipharma.com/",
    "timestamp": "unknown"
  },
  {
    "title": "Filter by YearAllEarlierSearchAllInvestorScientificSocial\u200bInvestorFirst Extraordinary General Shareholders\u2019 Meeting.Oct. atTaipei Bioinnovation Park 1",
    "link": "https://www.youtube.com/watch?v=tZfsaPM69UE",
    "timestamp": "unknown"
  },
  {
    "title": "Filter by YearAllEarlierSearchAllInvestorScientificSocial\u200bInvestorFirst Extraordinary General Shareholders\u2019 Meeting.Oct. atTaipei Bioinnovation Park 1",
    "link": "https://www.youtube.com/watch?v=tZfsaPM69UE",
    "timestamp": "unknown"
  },
  {
    "title": "Filter by YearAllEarlierSearchAllInvestorScientificSocial\u200bInvestorFirst Extraordinary General Shareholders\u2019 Meeting.Oct. atTaipei Bioinnovation Park 1",
    "link": "https://www.youtube.com/watch?v=tZfsaPM69UE",
    "timestamp": "unknown"
  },
  {
    "title": "AllInvestorScientificSocial\u200bInvestorFirst Extraordinary General Shareholders\u2019 Meeting.Oct. atTaipei Bioinnovation Park 1F Conference RoomEvent Time.Oc",
    "link": "https://www.youtube.com/watch?v=tZfsaPM69UE",
    "timestamp": "unknown"
  },
  {
    "title": "AllInvestorScientificSocial\u200bInvestorFirst Extraordinary General Shareholders\u2019 Meeting.Oct. atTaipei Bioinnovation Park 1F Conference RoomEvent Time.Oc",
    "link": "https://www.youtube.com/watch?v=tZfsaPM69UE",
    "timestamp": "unknown"
  },
  {
    "title": "InvestorFirst Extraordinary General Shareholders\u2019 Meeting.Oct. atTaipei Bioinnovation Park 1F Conference RoomEvent Time.Oct.Event LocationTaipei Bioin",
    "link": "https://www.youtube.com/watch?v=tZfsaPM69UE",
    "timestamp": "unknown"
  },
  {
    "title": "InvestorFirst Extraordinary General Shareholders\u2019 Meeting.Oct. atTaipei Bioinnovation Park 1F Conference RoomEvent Time.Oct.Event LocationTaipei Bioin",
    "link": "https://www.youtube.com/watch?v=tZfsaPM69UE",
    "timestamp": "unknown"
  },
  {
    "title": "InvestorFirst Extraordinary General Shareholders\u2019 Meeting.Oct. atTaipei Bioinnovation Park 1F Conference RoomEvent Time.Oct.Event LocationTaipei Bioin",
    "link": "https://www.youtube.com/watch?v=tZfsaPM69UE",
    "timestamp": "unknown"
  },
  {
    "title": "Event Time.Oct.Event LocationTaipei Bioinnovation Park 1F Conference RoomVideo URLhttps://www.youtube.com/watch?v=tZfsaPM69UEPublished Date.Sep.Shareh",
    "link": "https://www.youtube.com/watch?v=tZfsaPM69UE",
    "timestamp": "unknown"
  },
  {
    "title": "Event Time.Oct.Event LocationTaipei Bioinnovation Park 1F Conference RoomVideo URLhttps://www.youtube.com/watch?v=tZfsaPM69UEPublished Date.Sep.Shareh",
    "link": "https://www.youtube.com/watch?v=tZfsaPM69UE",
    "timestamp": "unknown"
  },
  {
    "title": "Video URLhttps://www.youtube.com/watch?v=tZfsaPM69UE",
    "link": "https://www.youtube.com/watch?v=tZfsaPM69UE",
    "timestamp": "unknown"
  },
  {
    "title": "Shareholder Meeting NoticeShareholder Meeting Handbook",
    "link": "https://s3.ap-northeast-.amazonaws.com/obipharma.com/live/wp-content/uploads///-20251020_OBI_shareholders-meeting-notice_en.pdf",
    "timestamp": "unknown"
  },
  {
    "title": "Shareholder Meeting Notice",
    "link": "https://s3.ap-northeast-.amazonaws.com/obipharma.com/live/wp-content/uploads///-20251020_OBI_shareholders-meeting-notice_en.pdf",
    "timestamp": "unknown"
  },
  {
    "title": "Shareholder Meeting Handbook",
    "link": "https://s3.ap-northeast-.amazonaws.com/obipharma.com/live/wp-content/uploads///%E8%AD%AF%E6%%8720251020_%E8%%A8%E6%%%E8%%A1%E6%9D%B1%E6%9C%83_%E8%AD%B0%E4%BA%8B%E6%%8B%E5%%8A_v1.pdf",
    "timestamp": "unknown"
  },
  {
    "title": "Social\u200bTBCA Lights Up the Pink Ribbon.Oct. atTaipei City Hall Forecourt (Ren'ai Road Redeveloped Section)Event Time.Oct.Event LocationTaipei City Hall",
    "link": "https://www.tbca-npo.org.tw/active1-1a.aspx?sn=",
    "timestamp": "unknown"
  },
  {
    "title": "Social\u200bTBCA Lights Up the Pink Ribbon.Oct. atTaipei City Hall Forecourt (Ren'ai Road Redeveloped Section)Event Time.Oct.Event LocationTaipei City Hall",
    "link": "https://www.tbca-npo.org.tw/active1-1a.aspx?sn=",
    "timestamp": "unknown"
  },
  {
    "title": "Event Time.Oct.Event LocationTaipei City Hall Forecourt (Ren'ai Road Redeveloped Section)Official Websitehttps://www.tbca-npo.org.tw/active1-1a.aspx?s",
    "link": "https://www.tbca-npo.org.tw/active1-1a.aspx?sn=",
    "timestamp": "unknown"
  },
  {
    "title": "Event Time.Oct.Event LocationTaipei City Hall Forecourt (Ren'ai Road Redeveloped Section)Official Websitehttps://www.tbca-npo.org.tw/active1-1a.aspx?s",
    "link": "https://www.tbca-npo.org.tw/active1-1a.aspx?sn=",
    "timestamp": "unknown"
  },
  {
    "title": "Official Websitehttps://www.tbca-npo.org.tw/active1-1a.aspx?sn=",
    "link": "https://www.tbca-npo.org.tw/active1-1a.aspx?sn=",
    "timestamp": "unknown"
  },
  {
    "title": "ScientificBiologics World Korea -ADC & Bioconjugate East Asia.Sep. ~ .Sep.Songdo Convensia, Incheon, South Korea.Event Time.Sep. ~ .Sep.Event Location",
    "link": "https://info.imapac.com/brochure/bwk2025/adcbio-agenda",
    "timestamp": "unknown"
  },
  {
    "title": "ScientificBiologics World Korea -ADC & Bioconjugate East Asia.Sep. ~ .Sep.Songdo Convensia, Incheon, South Korea.Event Time.Sep. ~ .Sep.Event Location",
    "link": "https://info.imapac.com/brochure/bwk2025/adcbio-agenda",
    "timestamp": "unknown"
  },
  {
    "title": "Event Time.Sep. ~ .Sep.Event LocationSongdo Convensia, Incheon, South Korea.Official Websitehttps://info.imapac.com/brochure/bwk2025/adcbio-agendaPubl",
    "link": "https://info.imapac.com/brochure/bwk2025/adcbio-agenda",
    "timestamp": "unknown"
  },
  {
    "title": "Event Time.Sep. ~ .Sep.Event LocationSongdo Convensia, Incheon, South Korea.Official Websitehttps://info.imapac.com/brochure/bwk2025/adcbio-agendaPubl",
    "link": "https://info.imapac.com/brochure/bwk2025/adcbio-agenda",
    "timestamp": "unknown"
  },
  {
    "title": "Official Websitehttps://info.imapac.com/brochure/bwk2025/adcbio-agenda",
    "link": "https://info.imapac.com/brochure/bwk2025/adcbio-agenda",
    "timestamp": "unknown"
  },
  {
    "title": "ScientificIntegrated Strategies for Early-Stage ADC Development conference.Sep. at1F, No. , Songren Road, Xinyi District, Taipei City , Taiwan (Cathay",
    "link": "https://www.accupass.com/event/",
    "timestamp": "unknown"
  },
  {
    "title": "ScientificIntegrated Strategies for Early-Stage ADC Development conference.Sep. at1F, No. , Songren Road, Xinyi District, Taipei City , Taiwan (Cathay",
    "link": "https://www.accupass.com/event/",
    "timestamp": "unknown"
  },
  {
    "title": "Event Time.Sep.Event Location1F, No. , Songren Road, Xinyi District, Taipei City , Taiwan (Cathay Financial Conference Hall)Official Websitehttps://ww",
    "link": "https://www.accupass.com/event/",
    "timestamp": "unknown"
  },
  {
    "title": "Event Time.Sep.Event Location1F, No. , Songren Road, Xinyi District, Taipei City , Taiwan (Cathay Financial Conference Hall)Official Websitehttps://ww",
    "link": "https://www.accupass.com/event/",
    "timestamp": "unknown"
  },
  {
    "title": "Official Websitehttps://www.accupass.com/event/",
    "link": "https://www.accupass.com/event/",
    "timestamp": "unknown"
  },
  {
    "title": "InvestorScientificBIO ASIA-TAIWAN.Jul. ~ .Jul.Taipei Nangang Exhibition Center, Hall  (TaiNEX1)Event Time.Jul. ~ .Jul.Event LocationTaipei Nangang Exh",
    "link": "https://bioasiataiwan.com/zhtw",
    "timestamp": "unknown"
  },
  {
    "title": "InvestorScientificBIO ASIA-TAIWAN.Jul. ~ .Jul.Taipei Nangang Exhibition Center, Hall  (TaiNEX1)Event Time.Jul. ~ .Jul.Event LocationTaipei Nangang Exh",
    "link": "https://bioasiataiwan.com/zhtw",
    "timestamp": "unknown"
  },
  {
    "title": "Event Time.Jul. ~ .Jul.Event LocationTaipei Nangang Exhibition Center, Hall  (TaiNEX1)Official Websitehttps://bioasiataiwan.com/zhtwPublished Date.Jun",
    "link": "https://bioasiataiwan.com/zhtw",
    "timestamp": "unknown"
  },
  {
    "title": "Event Time.Jul. ~ .Jul.Event LocationTaipei Nangang Exhibition Center, Hall  (TaiNEX1)Official Websitehttps://bioasiataiwan.com/zhtwPublished Date.Jun",
    "link": "https://bioasiataiwan.com/zhtw",
    "timestamp": "unknown"
  },
  {
    "title": "Official Websitehttps://bioasiataiwan.com/zhtw",
    "link": "https://bioasiataiwan.com/zhtw",
    "timestamp": "unknown"
  },
  {
    "title": "BIO ASIA Investment Summit_OBI",
    "link": "https://s3.ap-northeast-.amazonaws.com/obipharma.com/live/wp-content/uploads/-BIO-ASIA-Investment-Summit_OBI_v1..pdf",
    "timestamp": "unknown"
  },
  {
    "title": "BIO ASIA Investment Summit_OBI",
    "link": "https://s3.ap-northeast-.amazonaws.com/obipharma.com/live/wp-content/uploads/-BIO-ASIA-Investment-Summit_OBI_v1..pdf",
    "timestamp": "unknown"
  },
  {
    "title": "InvestorScientificNBRP DEMO DAY.Jul. ~ .Jul.No. , Lane , Section , Academia Road, Nangang District, Taipei City.Event Time.Jul. ~ .Jul.Event LocationN",
    "link": "https://demoday.biotrec.sinica.edu.tw/#/agenda",
    "timestamp": "unknown"
  },
  {
    "title": "InvestorScientificNBRP DEMO DAY.Jul. ~ .Jul.No. , Lane , Section , Academia Road, Nangang District, Taipei City.Event Time.Jul. ~ .Jul.Event LocationN",
    "link": "https://demoday.biotrec.sinica.edu.tw/#/agenda",
    "timestamp": "unknown"
  },
  {
    "title": "Event Time.Jul. ~ .Jul.Event LocationNo. , Lane , Section , Academia Road, Nangang District, Taipei City.Official Websitehttps://demoday.biotrec.sinic",
    "link": "https://demoday.biotrec.sinica.edu.tw/#/agenda",
    "timestamp": "unknown"
  },
  {
    "title": "Event Time.Jul. ~ .Jul.Event LocationNo. , Lane , Section , Academia Road, Nangang District, Taipei City.Official Websitehttps://demoday.biotrec.sinic",
    "link": "https://demoday.biotrec.sinica.edu.tw/#/agenda",
    "timestamp": "unknown"
  },
  {
    "title": "Official Websitehttps://demoday.biotrec.sinica.edu.tw/#/agenda",
    "link": "https://demoday.biotrec.sinica.edu.tw/#/agenda",
    "timestamp": "unknown"
  },
  {
    "title": "InvestorAnnual Shareholders\u2019 Meeting.Jun. atTaipei Bioinnovation Park 1F Conference RoomEvent Time.Jun.Event LocationTaipei Bioinnovation Park 1F Conf",
    "link": "https://youtu.be/hRvO1bj5DsA?si=o4lE0G_c0PM-UFNd",
    "timestamp": "unknown"
  },
  {
    "title": "InvestorAnnual Shareholders\u2019 Meeting.Jun. atTaipei Bioinnovation Park 1F Conference RoomEvent Time.Jun.Event LocationTaipei Bioinnovation Park 1F Conf",
    "link": "https://youtu.be/hRvO1bj5DsA?si=o4lE0G_c0PM-UFNd",
    "timestamp": "unknown"
  },
  {
    "title": "Event Time.Jun.Event LocationTaipei Bioinnovation Park 1F Conference RoomVideo URLhttps://youtu.be/hRvO1bj5DsA?si=o4lE0G_c0PM-UFNdPublished Date.May.S",
    "link": "https://youtu.be/hRvO1bj5DsA?si=o4lE0G_c0PM-UFNd",
    "timestamp": "unknown"
  },
  {
    "title": "Event Time.Jun.Event LocationTaipei Bioinnovation Park 1F Conference RoomVideo URLhttps://youtu.be/hRvO1bj5DsA?si=o4lE0G_c0PM-UFNdPublished Date.May.S",
    "link": "https://youtu.be/hRvO1bj5DsA?si=o4lE0G_c0PM-UFNd",
    "timestamp": "unknown"
  },
  {
    "title": "Video URLhttps://youtu.be/hRvO1bj5DsA?si=o4lE0G_c0PM-UFNd",
    "link": "https://youtu.be/hRvO1bj5DsA?si=o4lE0G_c0PM-UFNd",
    "timestamp": "unknown"
  },
  {
    "title": "Shareholder Meeting NoticeShareholder Meeting HandbookOBI Shareholder Meeting_EN_slideShareholder Meeting Minutes",
    "link": "https://s3.ap-northeast-.amazonaws.com/obipharma.com/live/wp-content/uploads///-20250627_OBI_shareholders-meeting-notice_en.pdf",
    "timestamp": "unknown"
  },
  {
    "title": "Shareholder Meeting Notice",
    "link": "https://s3.ap-northeast-.amazonaws.com/obipharma.com/live/wp-content/uploads///-20250627_OBI_shareholders-meeting-notice_en.pdf",
    "timestamp": "unknown"
  },
  {
    "title": "Shareholder Meeting Handbook",
    "link": "https://s3.ap-northeast-.amazonaws.com/obipharma.com/live/wp-content/uploads///%E8%AD%AF%E6%%87R52--%E8%%A1%E6%9D%B1%E5%B8%B8%E6%9C%83_%E8%AD%B0%E4%BA%8B%E6%%8B%E5%%8A_v1.pdf",
    "timestamp": "unknown"
  },
  {
    "title": "OBI Shareholder Meeting_EN_slide",
    "link": "https://s3.ap-northeast-.amazonaws.com/obipharma.com/live/wp-content/uploads/-OBI%E8%%A1%E6%9D%B1%E6%9C%83_%E8%8B%B1%E6%%%E7%%88_Final.pdf",
    "timestamp": "unknown"
  },
  {
    "title": "Shareholder Meeting Minutes",
    "link": "https://s3.ap-northeast-.amazonaws.com/obipharma.com/live/wp-content/uploads/-%E8%%A1%E6%9D%B1%E5%B8%B8%E6%9C%83_%E8%8B%B1%E6%%%E8%AD%B0%E4%BA%8B%E9%8C%.pdf",
    "timestamp": "unknown"
  },
  {
    "title": "Scientific4th World ADC Asia Summit.Jun. ~ .Jun.Incheon, South KoreaEvent Time.Jun. ~ .Jun.Event LocationIncheon, South KoreaOfficial Websitehttps://w",
    "link": "https://worldadc-asia.com/",
    "timestamp": "unknown"
  },
  {
    "title": "Scientific4th World ADC Asia Summit.Jun. ~ .Jun.Incheon, South KoreaEvent Time.Jun. ~ .Jun.Event LocationIncheon, South KoreaOfficial Websitehttps://w",
    "link": "https://worldadc-asia.com/",
    "timestamp": "unknown"
  },
  {
    "title": "Event Time.Jun. ~ .Jun.Event LocationIncheon, South KoreaOfficial Websitehttps://worldadc-asia.com/Published Date.Jun.",
    "link": "https://worldadc-asia.com/",
    "timestamp": "unknown"
  },
  {
    "title": "Event Time.Jun. ~ .Jun.Event LocationIncheon, South KoreaOfficial Websitehttps://worldadc-asia.com/Published Date.Jun.",
    "link": "https://worldadc-asia.com/",
    "timestamp": "unknown"
  },
  {
    "title": "Official Websitehttps://worldadc-asia.com/",
    "link": "https://worldadc-asia.com/",
    "timestamp": "unknown"
  },
  {
    "title": "ScientificASCO Annual Meeting.May. ~ .Jun.McCormick Place, Chicago, IL & OnlineEvent Time.May. ~ .Jun.Event LocationMcCormick Place, Chicago, IL & Onl",
    "link": "https://www.asco.org/annual-meeting",
    "timestamp": "unknown"
  },
  {
    "title": "ScientificASCO Annual Meeting.May. ~ .Jun.McCormick Place, Chicago, IL & OnlineEvent Time.May. ~ .Jun.Event LocationMcCormick Place, Chicago, IL & Onl",
    "link": "https://www.asco.org/annual-meeting",
    "timestamp": "unknown"
  },
  {
    "title": "Event Time.May. ~ .Jun.Event LocationMcCormick Place, Chicago, IL & OnlineOfficial Websitehttps://www.asco.org/annual-meetingPublished Date.May.",
    "link": "https://www.asco.org/annual-meeting",
    "timestamp": "unknown"
  },
  {
    "title": "Event Time.May. ~ .Jun.Event LocationMcCormick Place, Chicago, IL & OnlineOfficial Websitehttps://www.asco.org/annual-meetingPublished Date.May.",
    "link": "https://www.asco.org/annual-meeting",
    "timestamp": "unknown"
  },
  {
    "title": "Official Websitehttps://www.asco.org/annual-meeting",
    "link": "https://www.asco.org/annual-meeting",
    "timestamp": "unknown"
  },
  {
    "title": "ScientificAntibody Therapeutic Conference & The 20th Frontiers in Biomedical Sciences Conference.May. ~ .May.International Conference Hall C201, Natio",
    "link": "https://antibody.org.tw/tw/News/Detail/",
    "timestamp": "unknown"
  },
  {
    "title": "ScientificAntibody Therapeutic Conference & The 20th Frontiers in Biomedical Sciences Conference.May. ~ .May.International Conference Hall C201, Natio",
    "link": "https://antibody.org.tw/tw/News/Detail/",
    "timestamp": "unknown"
  },
  {
    "title": "Event Time.May. ~ .May.Event LocationInternational Conference Hall C201, National Biotechnology Research ParkOfficial Websitehttps://antibody.org.tw/t",
    "link": "https://antibody.org.tw/tw/News/Detail/",
    "timestamp": "unknown"
  },
  {
    "title": "Event Time.May. ~ .May.Event LocationInternational Conference Hall C201, National Biotechnology Research ParkOfficial Websitehttps://antibody.org.tw/t",
    "link": "https://antibody.org.tw/tw/News/Detail/",
    "timestamp": "unknown"
  },
  {
    "title": "Official Websitehttps://antibody.org.tw/tw/News/Detail/",
    "link": "https://antibody.org.tw/tw/News/Detail/",
    "timestamp": "unknown"
  },
  {
    "title": "Agenda",
    "link": "https://s3.ap-northeast-.amazonaws.com/obipharma.com/live/wp-content/uploads/DF1EEC-FCDF-423B-BDAE-8DB7AF480E05.webp",
    "timestamp": "unknown"
  },
  {
    "title": "Agenda",
    "link": "https://s3.ap-northeast-.amazonaws.com/obipharma.com/live/wp-content/uploads/DF1EEC-FCDF-423B-BDAE-8DB7AF480E05.webp",
    "timestamp": "unknown"
  },
  {
    "title": "Feel free to contactWho We AreAbout OBIOur ValueOBI AffiliatesOur HistoryLeadership TeamWhat We DoPipelineTechnologyPublication LibraryNews & EventsNe",
    "link": "https://www.obipharma.com/who-we-are/",
    "timestamp": "unknown"
  },
  {
    "title": "Feel free to contactWho We AreAbout OBIOur ValueOBI AffiliatesOur HistoryLeadership TeamWhat We DoPipelineTechnologyPublication LibraryNews & EventsNe",
    "link": "https://www.obipharma.com/who-we-are/",
    "timestamp": "unknown"
  },
  {
    "title": "Who We AreAbout OBIOur ValueOBI AffiliatesOur HistoryLeadership TeamWhat We DoPipelineTechnologyPublication LibraryNews & EventsNewsAnnouncementsEvent",
    "link": "https://www.obipharma.com/who-we-are/",
    "timestamp": "unknown"
  },
  {
    "title": "Who We AreAbout OBIOur ValueOBI AffiliatesOur HistoryLeadership Team",
    "link": "https://www.obipharma.com/who-we-are/",
    "timestamp": "unknown"
  },
  {
    "title": "About OBI",
    "link": "https://www.obipharma.com/who-we-are/#about-obi",
    "timestamp": "unknown"
  },
  {
    "title": "Our Value",
    "link": "https://www.obipharma.com/who-we-are/#our-value",
    "timestamp": "unknown"
  },
  {
    "title": "OBI Affiliates",
    "link": "https://www.obipharma.com/who-we-are/#obi-affiliates",
    "timestamp": "unknown"
  },
  {
    "title": "Our History",
    "link": "https://www.obipharma.com/who-we-are/#our-history",
    "timestamp": "unknown"
  },
  {
    "title": "Leadership Team",
    "link": "https://www.obipharma.com/who-we-are/leadership-team/",
    "timestamp": "unknown"
  },
  {
    "title": "What We DoPipelineTechnologyPublication Library",
    "link": "https://www.obipharma.com/what-we-do/",
    "timestamp": "unknown"
  },
  {
    "title": "Pipeline",
    "link": "https://www.obipharma.com/what-we-do/pipeline-overview/",
    "timestamp": "unknown"
  },
  {
    "title": "Technology",
    "link": "https://www.obipharma.com/what-we-do/technology-platform/",
    "timestamp": "unknown"
  },
  {
    "title": "Publication Library",
    "link": "https://www.obipharma.com/publication-library/",
    "timestamp": "unknown"
  },
  {
    "title": "News & EventsNewsAnnouncementsEvents",
    "link": "https://www.obipharma.com/whats-new/",
    "timestamp": "unknown"
  },
  {
    "title": "News",
    "link": "https://www.obipharma.com/news/",
    "timestamp": "unknown"
  },
  {
    "title": "Announcements",
    "link": "https://www.obipharma.com/announcements/",
    "timestamp": "unknown"
  },
  {
    "title": "Events",
    "link": "https://www.obipharma.com/events/",
    "timestamp": "unknown"
  },
  {
    "title": "Investor OverviewGovernance\u200bShareholder ServiceFinancials and Filing\u200b",
    "link": "https://www.obipharma.com/investor-overview/",
    "timestamp": "unknown"
  },
  {
    "title": "Governance\u200b",
    "link": "https://www.obipharma.com/investor-overview/corporate-overview/",
    "timestamp": "unknown"
  },
  {
    "title": "Shareholder Service",
    "link": "https://www.obipharma.com/investor-overview/annual-reports/",
    "timestamp": "unknown"
  },
  {
    "title": "Financials and Filing\u200b",
    "link": "https://www.obipharma.com/investor-overview/financial-report/",
    "timestamp": "unknown"
  },
  {
    "title": "People and CultureCore ValuesEmployee StoryWhat We BelieveCareers",
    "link": "https://www.obipharma.com/people-and-culture/",
    "timestamp": "unknown"
  },
  {
    "title": "Core Values",
    "link": "https://www.obipharma.com/people-and-culture/#core-values",
    "timestamp": "unknown"
  },
  {
    "title": "Employee Story",
    "link": "https://www.obipharma.com/people-and-culture/#employee-story",
    "timestamp": "unknown"
  },
  {
    "title": "What We Believe",
    "link": "https://www.obipharma.com/people-and-culture/#what-we-believe",
    "timestamp": "unknown"
  },
  {
    "title": "Careers",
    "link": "https://www.obipharma.com/careers/",
    "timestamp": "unknown"
  },
  {
    "title": "SustainabilityESG ManagementStakeholdersOur FocusESG Reports\u200b",
    "link": "https://www.obipharma.com/sustainability/",
    "timestamp": "unknown"
  },
  {
    "title": "ESG Management",
    "link": "https://www.obipharma.com/sustainability/strategy-goals/",
    "timestamp": "unknown"
  },
  {
    "title": "Stakeholders",
    "link": "https://www.obipharma.com/sustainability/stakeholder-interaction/",
    "timestamp": "unknown"
  },
  {
    "title": "Our Focus",
    "link": "https://www.obipharma.com/sustainability/materiality-assessment/",
    "timestamp": "unknown"
  },
  {
    "title": "ESG Reports\u200b",
    "link": "https://www.obipharma.com/sustainability/archive-reports/",
    "timestamp": "unknown"
  },
  {
    "title": "Contact",
    "link": "https://www.obipharma.com/contact/",
    "timestamp": "unknown"
  },
  {
    "title": "Data Privacy Notice",
    "link": "https://www.obipharma.com/privacy-policy/",
    "timestamp": "unknown"
  },
  {
    "title": "Material Transfer Policy",
    "link": "https://s3.ap-northeast-.amazonaws.com/obipharma.com/live/wp-content/uploads///Material+Transfer+Policy_V1+().pdf",
    "timestamp": "unknown"
  },
  {
    "title": "\u00a9OBI Pharma. All Rights Reserved.Website by",
    "link": "https://www.innovext.com/",
    "timestamp": "unknown"
  },
  {
    "title": "\u00a9OBI Pharma. All Rights Reserved.Website by",
    "link": "https://www.innovext.com/",
    "timestamp": "unknown"
  },
  {
    "title": "\u00a9OBI Pharma. All Rights Reserved.Website by",
    "link": "https://www.innovext.com/",
    "timestamp": "unknown"
  },
  {
    "title": "Website by",
    "link": "https://www.innovext.com/",
    "timestamp": "unknown"
  },
  {
    "title": "Website by",
    "link": "https://www.innovext.com/",
    "timestamp": "unknown"
  }
]