[
  {
    "title": "Who We AreWho We AreLearn about OBI\u2019s mission, vision, and values.About OBIOur ValueOBI AffiliatesOur HistoryLeadership TeamWhat We DoWhat We DoDive i",
    "link": "https://www.obipharma.com/",
    "timestamp": "unknown"
  },
  {
    "title": "Who We AreWho We AreLearn about OBI\u2019s mission, vision, and values.About OBIOur ValueOBI AffiliatesOur HistoryLeadership TeamWhat We DoWhat We DoDive i",
    "link": "https://www.obipharma.com/",
    "timestamp": "unknown"
  },
  {
    "title": "Who We AreWho We AreLearn about OBI\u2019s mission, vision, and values.About OBIOur ValueOBI AffiliatesOur HistoryLeadership TeamWhat We DoWhat We DoDive i",
    "link": "https://www.obipharma.com/",
    "timestamp": "unknown"
  },
  {
    "title": "Who We AreWho We AreLearn about OBI\u2019s mission, vision, and values.About OBIOur ValueOBI AffiliatesOur HistoryLeadership TeamWhat We DoWhat We DoDive i",
    "link": "https://www.obipharma.com/",
    "timestamp": "unknown"
  },
  {
    "title": "Who We AreWho We AreLearn about OBI\u2019s mission, vision, and values.About OBIOur ValueOBI AffiliatesOur HistoryLeadership TeamWhat We DoWhat We DoDive i",
    "link": "https://www.obipharma.com/who-we-are/",
    "timestamp": "unknown"
  },
  {
    "title": "Who We AreWho We AreLearn about OBI\u2019s mission, vision, and values.About OBIOur ValueOBI AffiliatesOur HistoryLeadership TeamWhat We DoWhat We DoDive i",
    "link": "https://www.obipharma.com/who-we-are/",
    "timestamp": "unknown"
  },
  {
    "title": "Who We AreWho We AreLearn about OBI\u2019s mission, vision, and values.About OBIOur ValueOBI AffiliatesOur HistoryLeadership TeamWhat We DoWhat We DoDive i",
    "link": "https://www.obipharma.com/who-we-are/",
    "timestamp": "unknown"
  },
  {
    "title": "Who We AreWho We AreLearn about OBI\u2019s mission, vision, and values.About OBIOur ValueOBI AffiliatesOur HistoryLeadership Team",
    "link": "https://www.obipharma.com/who-we-are/",
    "timestamp": "unknown"
  },
  {
    "title": "Who We AreLearn about OBI\u2019s mission, vision, and values.About OBIOur ValueOBI AffiliatesOur HistoryLeadership Team",
    "link": "https://www.obipharma.com/who-we-are/",
    "timestamp": "unknown"
  },
  {
    "title": "Who We AreLearn about OBI\u2019s mission, vision, and values.About OBIOur ValueOBI AffiliatesOur HistoryLeadership Team",
    "link": "https://www.obipharma.com/who-we-are/",
    "timestamp": "unknown"
  },
  {
    "title": "Who We AreLearn about OBI\u2019s mission, vision, and values.About OBIOur ValueOBI AffiliatesOur HistoryLeadership Team",
    "link": "https://www.obipharma.com/who-we-are/",
    "timestamp": "unknown"
  },
  {
    "title": "Who We AreLearn about OBI\u2019s mission, vision, and values.",
    "link": "https://www.obipharma.com/who-we-are/",
    "timestamp": "unknown"
  },
  {
    "title": "About OBI",
    "link": "https://www.obipharma.com/who-we-are/#about-obi",
    "timestamp": "unknown"
  },
  {
    "title": "Our Value",
    "link": "https://www.obipharma.com/who-we-are/#our-value",
    "timestamp": "unknown"
  },
  {
    "title": "OBI Affiliates",
    "link": "https://www.obipharma.com/who-we-are/#obi-affiliates",
    "timestamp": "unknown"
  },
  {
    "title": "Our History",
    "link": "https://www.obipharma.com/who-we-are/#our-history",
    "timestamp": "unknown"
  },
  {
    "title": "Leadership Team",
    "link": "https://www.obipharma.com/who-we-are/leadership-team/",
    "timestamp": "unknown"
  },
  {
    "title": "What We DoWhat We DoDive into our cutting-edge research and development.PipelineTechnologyPublication Library",
    "link": "https://www.obipharma.com/what-we-do/",
    "timestamp": "unknown"
  },
  {
    "title": "What We DoDive into our cutting-edge research and development.PipelineTechnologyPublication Library",
    "link": "https://www.obipharma.com/what-we-do/",
    "timestamp": "unknown"
  },
  {
    "title": "What We DoDive into our cutting-edge research and development.PipelineTechnologyPublication Library",
    "link": "https://www.obipharma.com/what-we-do/",
    "timestamp": "unknown"
  },
  {
    "title": "What We DoDive into our cutting-edge research and development.PipelineTechnologyPublication Library",
    "link": "https://www.obipharma.com/what-we-do/",
    "timestamp": "unknown"
  },
  {
    "title": "What We DoDive into our cutting-edge research and development.",
    "link": "https://www.obipharma.com/what-we-do/",
    "timestamp": "unknown"
  },
  {
    "title": "Pipeline",
    "link": "https://www.obipharma.com/what-we-do/pipeline-overview/",
    "timestamp": "unknown"
  },
  {
    "title": "Technology",
    "link": "https://www.obipharma.com/what-we-do/technology-platform/",
    "timestamp": "unknown"
  },
  {
    "title": "Publication Library",
    "link": "https://www.obipharma.com/publication-library/",
    "timestamp": "unknown"
  },
  {
    "title": "News & EventsNews & EventsStay updated with the latest news, announcements, and events.NewsEventsAnnouncements",
    "link": "https://www.obipharma.com/whats-new/",
    "timestamp": "unknown"
  },
  {
    "title": "News & EventsStay updated with the latest news, announcements, and events.NewsEventsAnnouncements",
    "link": "https://www.obipharma.com/whats-new/",
    "timestamp": "unknown"
  },
  {
    "title": "News & EventsStay updated with the latest news, announcements, and events.NewsEventsAnnouncements",
    "link": "https://www.obipharma.com/whats-new/",
    "timestamp": "unknown"
  },
  {
    "title": "News & EventsStay updated with the latest news, announcements, and events.NewsEventsAnnouncements",
    "link": "https://www.obipharma.com/whats-new/",
    "timestamp": "unknown"
  },
  {
    "title": "News & EventsStay updated with the latest news, announcements, and events.",
    "link": "https://www.obipharma.com/whats-new/",
    "timestamp": "unknown"
  },
  {
    "title": "News",
    "link": "https://www.obipharma.com/news/",
    "timestamp": "unknown"
  },
  {
    "title": "Events",
    "link": "https://www.obipharma.com/events/",
    "timestamp": "unknown"
  },
  {
    "title": "Announcements",
    "link": "https://www.obipharma.com/announcements/",
    "timestamp": "unknown"
  },
  {
    "title": "InvestorInvestorAccess important information for investors.GovernanceCorporate OverviewBoard of Directors\u200bSpecial CommitteesIntegrity\u200bInternal AuditGo",
    "link": "https://www.obipharma.com/investor-overview/",
    "timestamp": "unknown"
  },
  {
    "title": "InvestorAccess important information for investors.GovernanceCorporate OverviewBoard of Directors\u200bSpecial CommitteesIntegrity\u200bInternal AuditGovernance",
    "link": "https://www.obipharma.com/investor-overview/",
    "timestamp": "unknown"
  },
  {
    "title": "InvestorAccess important information for investors.GovernanceCorporate OverviewBoard of Directors\u200bSpecial CommitteesIntegrity\u200bInternal AuditGovernance",
    "link": "https://www.obipharma.com/investor-overview/",
    "timestamp": "unknown"
  },
  {
    "title": "InvestorAccess important information for investors.GovernanceCorporate OverviewBoard of Directors\u200bSpecial CommitteesIntegrity\u200bInternal AuditGovernance",
    "link": "https://www.obipharma.com/investor-overview/",
    "timestamp": "unknown"
  },
  {
    "title": "InvestorAccess important information for investors.",
    "link": "https://www.obipharma.com/investor-overview/",
    "timestamp": "unknown"
  },
  {
    "title": "GovernanceCorporate OverviewBoard of Directors\u200bSpecial CommitteesIntegrity\u200bInternal AuditGovernance DocumentInformation Security",
    "link": "https://www.obipharma.com/news/",
    "timestamp": "unknown"
  },
  {
    "title": "Corporate Overview",
    "link": "https://www.obipharma.com/investor-overview/corporate-overview/",
    "timestamp": "unknown"
  },
  {
    "title": "Board of Directors\u200b",
    "link": "https://www.obipharma.com/investor-overview/governance-board-of-directors/",
    "timestamp": "unknown"
  },
  {
    "title": "Special Committees",
    "link": "https://www.obipharma.com/investor-overview/special-committees/",
    "timestamp": "unknown"
  },
  {
    "title": "Integrity\u200b",
    "link": "https://www.obipharma.com/investor-overview/integrity/",
    "timestamp": "unknown"
  },
  {
    "title": "Internal Audit",
    "link": "https://www.obipharma.com/investor-overview/internal-audits/",
    "timestamp": "unknown"
  },
  {
    "title": "Governance Document",
    "link": "https://www.obipharma.com/investor-overview/governance-documents/",
    "timestamp": "unknown"
  },
  {
    "title": "Information Security",
    "link": "https://www.obipharma.com/investor-overview/information-security/",
    "timestamp": "unknown"
  },
  {
    "title": "Shareholder ServiceAnnual ReportShareholding Structure\u200bStock QuoteDividend Policy\u200bIR Presentation",
    "link": "https://www.obipharma.com/news/",
    "timestamp": "unknown"
  },
  {
    "title": "Annual Report",
    "link": "https://www.obipharma.com/investor-overview/annual-reports/",
    "timestamp": "unknown"
  },
  {
    "title": "Shareholding Structure\u200b",
    "link": "https://www.obipharma.com/investor-overview/shareholding-structure/",
    "timestamp": "unknown"
  },
  {
    "title": "Stock Quote",
    "link": "https://www.obipharma.com/investor-overview/stock-quote/",
    "timestamp": "unknown"
  },
  {
    "title": "Dividend Policy\u200b",
    "link": "https://www.obipharma.com/investor-overview/dividend-policy/",
    "timestamp": "unknown"
  },
  {
    "title": "IR Presentation",
    "link": "https://www.obipharma.com/investor-overview/ir-presentation/",
    "timestamp": "unknown"
  },
  {
    "title": "Financials and FilingFinancial ReportMonthly Revenue",
    "link": "https://www.obipharma.com/news/",
    "timestamp": "unknown"
  },
  {
    "title": "Financial Report",
    "link": "https://www.obipharma.com/investor-overview/financial-report/",
    "timestamp": "unknown"
  },
  {
    "title": "Monthly Revenue",
    "link": "https://www.obipharma.com/investor-overview/monthly-revenue/",
    "timestamp": "unknown"
  },
  {
    "title": "People & CulturePeople & CultureBe part of a dynamic and diverse community where voices are valued and contributions make a difference.Core ValuesEmpl",
    "link": "https://www.obipharma.com/people-and-culture/",
    "timestamp": "unknown"
  },
  {
    "title": "People & CultureBe part of a dynamic and diverse community where voices are valued and contributions make a difference.Core ValuesEmployee StoryWhat W",
    "link": "https://www.obipharma.com/people-and-culture/",
    "timestamp": "unknown"
  },
  {
    "title": "People & CultureBe part of a dynamic and diverse community where voices are valued and contributions make a difference.Core ValuesEmployee StoryWhat W",
    "link": "https://www.obipharma.com/people-and-culture/",
    "timestamp": "unknown"
  },
  {
    "title": "People & CultureBe part of a dynamic and diverse community where voices are valued and contributions make a difference.Core ValuesEmployee StoryWhat W",
    "link": "https://www.obipharma.com/people-and-culture/",
    "timestamp": "unknown"
  },
  {
    "title": "People & CultureBe part of a dynamic and diverse community where voices are valued and contributions make a difference.",
    "link": "https://www.obipharma.com/people-and-culture/",
    "timestamp": "unknown"
  },
  {
    "title": "Core Values",
    "link": "https://www.obipharma.com/people-and-culture/#core-values",
    "timestamp": "unknown"
  },
  {
    "title": "Employee Story",
    "link": "https://www.obipharma.com/people-and-culture/#employee-story",
    "timestamp": "unknown"
  },
  {
    "title": "What We Believe",
    "link": "https://www.obipharma.com/people-and-culture/#what-we-believe",
    "timestamp": "unknown"
  },
  {
    "title": "Careers",
    "link": "https://www.obipharma.com/careers/",
    "timestamp": "unknown"
  },
  {
    "title": "SustainabilitySustainabilityDiscover our initiatives and achievements in ESG.ESG ManagementStrategy & Goals\u200bOrganization OperationsStakeholders\u200bStakeh",
    "link": "https://www.obipharma.com/sustainability/",
    "timestamp": "unknown"
  },
  {
    "title": "SustainabilityDiscover our initiatives and achievements in ESG.ESG ManagementStrategy & Goals\u200bOrganization OperationsStakeholders\u200bStakeholder Interact",
    "link": "https://www.obipharma.com/sustainability/",
    "timestamp": "unknown"
  },
  {
    "title": "SustainabilityDiscover our initiatives and achievements in ESG.ESG ManagementStrategy & Goals\u200bOrganization OperationsStakeholders\u200bStakeholder Interact",
    "link": "https://www.obipharma.com/sustainability/",
    "timestamp": "unknown"
  },
  {
    "title": "SustainabilityDiscover our initiatives and achievements in ESG.ESG ManagementStrategy & Goals\u200bOrganization OperationsStakeholders\u200bStakeholder Interact",
    "link": "https://www.obipharma.com/sustainability/",
    "timestamp": "unknown"
  },
  {
    "title": "SustainabilityDiscover our initiatives and achievements in ESG.",
    "link": "https://www.obipharma.com/sustainability/",
    "timestamp": "unknown"
  },
  {
    "title": "ESG ManagementStrategy & Goals\u200bOrganization Operations",
    "link": "https://www.obipharma.com/news/",
    "timestamp": "unknown"
  },
  {
    "title": "Strategy & Goals\u200b",
    "link": "https://www.obipharma.com/sustainability/strategy-goals/",
    "timestamp": "unknown"
  },
  {
    "title": "Organization Operations",
    "link": "https://www.obipharma.com/sustainability/organization-operations/",
    "timestamp": "unknown"
  },
  {
    "title": "Stakeholders\u200bStakeholder Interaction\u200bStakeholder Dialog",
    "link": "https://www.obipharma.com/news/",
    "timestamp": "unknown"
  },
  {
    "title": "Stakeholder Interaction\u200b",
    "link": "https://www.obipharma.com/sustainability/stakeholder-interaction/",
    "timestamp": "unknown"
  },
  {
    "title": "Stakeholder Dialog",
    "link": "https://www.obipharma.com/sustainability/stakeholder-dialog/",
    "timestamp": "unknown"
  },
  {
    "title": "Our FocusMateriality AssessmentLatest Focus Topics",
    "link": "https://www.obipharma.com/news/",
    "timestamp": "unknown"
  },
  {
    "title": "Materiality Assessment",
    "link": "https://www.obipharma.com/sustainability/materiality-assessment/",
    "timestamp": "unknown"
  },
  {
    "title": "Latest Focus Topics",
    "link": "https://www.obipharma.com/sustainability/latest-focus-topics/",
    "timestamp": "unknown"
  },
  {
    "title": "ESG ReportsArchive reports\u200b",
    "link": "https://www.obipharma.com/news/",
    "timestamp": "unknown"
  },
  {
    "title": "Archive reports\u200b",
    "link": "https://www.obipharma.com/sustainability/archive-reports/",
    "timestamp": "unknown"
  },
  {
    "title": "Contact",
    "link": "https://www.obipharma.com/contact/",
    "timestamp": "unknown"
  },
  {
    "title": "OBI InformationNewsHOMEWhat&#;s NewNews",
    "link": "https://www.obipharma.com/",
    "timestamp": "unknown"
  },
  {
    "title": "HOMEWhat&#;s NewNews",
    "link": "https://www.obipharma.com/",
    "timestamp": "unknown"
  },
  {
    "title": "HOMEWhat&#;s NewNews",
    "link": "https://www.obipharma.com/",
    "timestamp": "unknown"
  },
  {
    "title": "HOMEWhat&#;s NewNews",
    "link": "https://www.obipharma.com/",
    "timestamp": "unknown"
  },
  {
    "title": "HOMEWhat&#;s NewNews",
    "link": "https://www.obipharma.com/",
    "timestamp": "unknown"
  },
  {
    "title": "Filter by YearAllEarlierSearchAllCorporateMediaSustainabilityAward & Certification\u200b.Dec.CorporateOBI Pharma Presents Preclinical Results for Bispecifi",
    "link": "https://www.obipharma.com/news/obi--at-sabcs-/",
    "timestamp": "unknown"
  },
  {
    "title": "Filter by YearAllEarlierSearchAllCorporateMediaSustainabilityAward & Certification\u200b.Dec.CorporateOBI Pharma Presents Preclinical Results for Bispecifi",
    "link": "https://www.obipharma.com/news/obi--at-sabcs-/",
    "timestamp": "unknown"
  },
  {
    "title": "Filter by YearAllEarlierSearchAllCorporateMediaSustainabilityAward & Certification\u200b.Dec.CorporateOBI Pharma Presents Preclinical Results for Bispecifi",
    "link": "https://www.obipharma.com/news/obi--at-sabcs-/",
    "timestamp": "unknown"
  },
  {
    "title": "AllCorporateMediaSustainabilityAward & Certification\u200b.Dec.CorporateOBI Pharma Presents Preclinical Results for Bispecific ADC OBI- at SABCS.Dec.Corpor",
    "link": "https://www.obipharma.com/news/obi--at-sabcs-/",
    "timestamp": "unknown"
  },
  {
    "title": "AllCorporateMediaSustainabilityAward & Certification\u200b.Dec.CorporateOBI Pharma Presents Preclinical Results for Bispecific ADC OBI- at SABCS.Dec.Corpor",
    "link": "https://www.obipharma.com/news/obi--at-sabcs-/",
    "timestamp": "unknown"
  },
  {
    "title": ".Dec.CorporateOBI Pharma Presents Preclinical Results for Bispecific ADC OBI- at SABCS.Dec.CorporateOBI- Receives Consecutive FDA Orphan Drug Designat",
    "link": "https://www.obipharma.com/news/obi--at-sabcs-/",
    "timestamp": "unknown"
  },
  {
    "title": ".Dec.CorporateOBI Pharma Presents Preclinical Results for Bispecific ADC OBI- at SABCS",
    "link": "https://www.obipharma.com/news/obi--at-sabcs-/",
    "timestamp": "unknown"
  },
  {
    "title": ".Dec.CorporateOBI Pharma Presents Preclinical Results for Bispecific ADC OBI- at SABCS",
    "link": "https://www.obipharma.com/news/obi--at-sabcs-/",
    "timestamp": "unknown"
  },
  {
    "title": ".Dec.CorporateOBI- Receives Consecutive FDA Orphan Drug DesignationIndication Expanded to Gastric Cancer Including Gastroesophageal Junction Adenocarc",
    "link": "https://www.obipharma.com/news/obi--receives-consecutive-fda-odd/",
    "timestamp": "unknown"
  },
  {
    "title": ".Dec.CorporateOBI- Receives Consecutive FDA Orphan Drug DesignationIndication Expanded to Gastric Cancer Including Gastroesophageal Junction Adenocarc",
    "link": "https://www.obipharma.com/news/obi--receives-consecutive-fda-odd/",
    "timestamp": "unknown"
  },
  {
    "title": ".Nov.CorporateOBI- has been granted by US FDA for Orphan Drug Designation for the treatment of Cholangiocarcinoma.",
    "link": "https://www.obipharma.com/news/obi--has-been-granted-by-us-fda-for-odd/",
    "timestamp": "unknown"
  },
  {
    "title": ".Nov.CorporateOBI- has been granted by US FDA for Orphan Drug Designation for the treatment of Cholangiocarcinoma.",
    "link": "https://www.obipharma.com/news/obi--has-been-granted-by-us-fda-for-odd/",
    "timestamp": "unknown"
  },
  {
    "title": ".Oct.SustainabilityOBI Volunteers Actively Participated in TBCA\u2019s Pink October Event to Support Breast Cancer Awareness and Prevention",
    "link": "https://www.obipharma.com/news/obi-volunteers-actively-participated-in-tbca/",
    "timestamp": "unknown"
  },
  {
    "title": ".Oct.SustainabilityOBI Volunteers Actively Participated in TBCA\u2019s Pink October Event to Support Breast Cancer Awareness and Prevention",
    "link": "https://www.obipharma.com/news/obi-volunteers-actively-participated-in-tbca/",
    "timestamp": "unknown"
  },
  {
    "title": ".Oct.Award & Certification\u200bOBI Chairman Dr. Kung-Yee Liang Receives the \u2013 Presidential Science Prize",
    "link": "https://www.obipharma.com/news/obi-chairman-dr-kung-yee-liang-receives-the--presidential-science-prize/",
    "timestamp": "unknown"
  },
  {
    "title": ".Oct.Award & Certification\u200bOBI Chairman Dr. Kung-Yee Liang Receives the \u2013 Presidential Science Prize",
    "link": "https://www.obipharma.com/news/obi-chairman-dr-kung-yee-liang-receives-the--presidential-science-prize/",
    "timestamp": "unknown"
  },
  {
    "title": ".Sep.CorporateOBI Invited to Present ADC Technology Platform and Chaired Sessions at Biologics World Korea",
    "link": "https://www.obipharma.com/news/biologics-world-korea-/",
    "timestamp": "unknown"
  },
  {
    "title": ".Sep.CorporateOBI Invited to Present ADC Technology Platform and Chaired Sessions at Biologics World Korea",
    "link": "https://www.obipharma.com/news/biologics-world-korea-/",
    "timestamp": "unknown"
  },
  {
    "title": ".Sep.CorporateOBI Pharma and AP Biosciences Sign Technology Collaboration Agreement to Develop Next-Generation ADC",
    "link": "https://www.obipharma.com/news/obi-pharma-and-ap-biosciences-sign-technology-collaboration-agreement/",
    "timestamp": "unknown"
  },
  {
    "title": ".Sep.CorporateOBI Pharma and AP Biosciences Sign Technology Collaboration Agreement to Develop Next-Generation ADC",
    "link": "https://www.obipharma.com/news/obi-pharma-and-ap-biosciences-sign-technology-collaboration-agreement/",
    "timestamp": "unknown"
  },
  {
    "title": ".Sep.CorporateOBI Pharma, Inc. Announces Board Resolution for Capital Reduction to Offset Accumulated Losses and Holds Material Information Press Conf",
    "link": "https://www.obipharma.com/news/obi-pharma-inc-announces-board-resolution-for-capital-reduction-to-offset-accumulated-losses/",
    "timestamp": "unknown"
  },
  {
    "title": ".Sep.CorporateOBI Pharma, Inc. Announces Board Resolution for Capital Reduction to Offset Accumulated Losses and Holds Material Information Press Conf",
    "link": "https://www.obipharma.com/news/obi-pharma-inc-announces-board-resolution-for-capital-reduction-to-offset-accumulated-losses/",
    "timestamp": "unknown"
  },
  {
    "title": ".Aug.CorporateOBI Pharma Announces Phase / Study Initiation for OBI-, a TROP2 Targeted Antibody-Drug Conjugate Therapy (ADC) in Advanced Solid Tumors",
    "link": "https://www.obipharma.com/news/obi-pharma-announces-phase---study-initiation-for-obi-/",
    "timestamp": "unknown"
  },
  {
    "title": ".Aug.CorporateOBI Pharma Announces Phase / Study Initiation for OBI-, a TROP2 Targeted Antibody-Drug Conjugate Therapy (ADC) in Advanced Solid Tumors",
    "link": "https://www.obipharma.com/news/obi-pharma-announces-phase---study-initiation-for-obi-/",
    "timestamp": "unknown"
  },
  {
    "title": ".Jul.CorporateOBI Pharma Showcases Innovative Pipeline, Platforms, and Technologies at BIO Asia\u2013TaiwanGlycOBI\u00ae and HYPrOBI\u2122 Drive the Advancement of B",
    "link": "https://www.obipharma.com/news/obi-pharma-showcases-innovative-pipeline-platforms-and-technologies-at-bio-asia-taiwan-/",
    "timestamp": "unknown"
  },
  {
    "title": ".Jul.CorporateOBI Pharma Showcases Innovative Pipeline, Platforms, and Technologies at BIO Asia\u2013TaiwanGlycOBI\u00ae and HYPrOBI\u2122 Drive the Advancement of B",
    "link": "https://www.obipharma.com/news/obi-pharma-showcases-innovative-pipeline-platforms-and-technologies-at-bio-asia-taiwan-/",
    "timestamp": "unknown"
  },
  {
    "title": "\u2026",
    "link": "https://www.obipharma.com/news/",
    "timestamp": "unknown"
  },
  {
    "title": "Feel free to contactWho We AreAbout OBIOur ValueOBI AffiliatesOur HistoryLeadership TeamWhat We DoPipelineTechnologyPublication LibraryNews & EventsNe",
    "link": "https://www.obipharma.com/who-we-are/",
    "timestamp": "unknown"
  },
  {
    "title": "Feel free to contactWho We AreAbout OBIOur ValueOBI AffiliatesOur HistoryLeadership TeamWhat We DoPipelineTechnologyPublication LibraryNews & EventsNe",
    "link": "https://www.obipharma.com/who-we-are/",
    "timestamp": "unknown"
  },
  {
    "title": "Who We AreAbout OBIOur ValueOBI AffiliatesOur HistoryLeadership TeamWhat We DoPipelineTechnologyPublication LibraryNews & EventsNewsAnnouncementsEvent",
    "link": "https://www.obipharma.com/who-we-are/",
    "timestamp": "unknown"
  },
  {
    "title": "Who We AreAbout OBIOur ValueOBI AffiliatesOur HistoryLeadership Team",
    "link": "https://www.obipharma.com/who-we-are/",
    "timestamp": "unknown"
  },
  {
    "title": "About OBI",
    "link": "https://www.obipharma.com/who-we-are/#about-obi",
    "timestamp": "unknown"
  },
  {
    "title": "Our Value",
    "link": "https://www.obipharma.com/who-we-are/#our-value",
    "timestamp": "unknown"
  },
  {
    "title": "OBI Affiliates",
    "link": "https://www.obipharma.com/who-we-are/#obi-affiliates",
    "timestamp": "unknown"
  },
  {
    "title": "Our History",
    "link": "https://www.obipharma.com/who-we-are/#our-history",
    "timestamp": "unknown"
  },
  {
    "title": "Leadership Team",
    "link": "https://www.obipharma.com/who-we-are/leadership-team/",
    "timestamp": "unknown"
  },
  {
    "title": "What We DoPipelineTechnologyPublication Library",
    "link": "https://www.obipharma.com/what-we-do/",
    "timestamp": "unknown"
  },
  {
    "title": "Pipeline",
    "link": "https://www.obipharma.com/what-we-do/pipeline-overview/",
    "timestamp": "unknown"
  },
  {
    "title": "Technology",
    "link": "https://www.obipharma.com/what-we-do/technology-platform/",
    "timestamp": "unknown"
  },
  {
    "title": "Publication Library",
    "link": "https://www.obipharma.com/publication-library/",
    "timestamp": "unknown"
  },
  {
    "title": "News & EventsNewsAnnouncementsEvents",
    "link": "https://www.obipharma.com/whats-new/",
    "timestamp": "unknown"
  },
  {
    "title": "News",
    "link": "https://www.obipharma.com/news/",
    "timestamp": "unknown"
  },
  {
    "title": "Announcements",
    "link": "https://www.obipharma.com/announcements/",
    "timestamp": "unknown"
  },
  {
    "title": "Events",
    "link": "https://www.obipharma.com/events/",
    "timestamp": "unknown"
  },
  {
    "title": "Investor OverviewGovernance\u200bShareholder ServiceFinancials and Filing\u200b",
    "link": "https://www.obipharma.com/investor-overview/",
    "timestamp": "unknown"
  },
  {
    "title": "Governance\u200b",
    "link": "https://www.obipharma.com/investor-overview/corporate-overview/",
    "timestamp": "unknown"
  },
  {
    "title": "Shareholder Service",
    "link": "https://www.obipharma.com/investor-overview/annual-reports/",
    "timestamp": "unknown"
  },
  {
    "title": "Financials and Filing\u200b",
    "link": "https://www.obipharma.com/investor-overview/financial-report/",
    "timestamp": "unknown"
  },
  {
    "title": "People and CultureCore ValuesEmployee StoryWhat We BelieveCareers",
    "link": "https://www.obipharma.com/people-and-culture/",
    "timestamp": "unknown"
  },
  {
    "title": "Core Values",
    "link": "https://www.obipharma.com/people-and-culture/#core-values",
    "timestamp": "unknown"
  },
  {
    "title": "Employee Story",
    "link": "https://www.obipharma.com/people-and-culture/#employee-story",
    "timestamp": "unknown"
  },
  {
    "title": "What We Believe",
    "link": "https://www.obipharma.com/people-and-culture/#what-we-believe",
    "timestamp": "unknown"
  },
  {
    "title": "Careers",
    "link": "https://www.obipharma.com/careers/",
    "timestamp": "unknown"
  },
  {
    "title": "SustainabilityESG ManagementStakeholdersOur FocusESG Reports\u200b",
    "link": "https://www.obipharma.com/sustainability/",
    "timestamp": "unknown"
  },
  {
    "title": "ESG Management",
    "link": "https://www.obipharma.com/sustainability/strategy-goals/",
    "timestamp": "unknown"
  },
  {
    "title": "Stakeholders",
    "link": "https://www.obipharma.com/sustainability/stakeholder-interaction/",
    "timestamp": "unknown"
  },
  {
    "title": "Our Focus",
    "link": "https://www.obipharma.com/sustainability/materiality-assessment/",
    "timestamp": "unknown"
  },
  {
    "title": "ESG Reports\u200b",
    "link": "https://www.obipharma.com/sustainability/archive-reports/",
    "timestamp": "unknown"
  },
  {
    "title": "Contact",
    "link": "https://www.obipharma.com/contact/",
    "timestamp": "unknown"
  },
  {
    "title": "Data Privacy Notice",
    "link": "https://www.obipharma.com/privacy-policy/",
    "timestamp": "unknown"
  },
  {
    "title": "Material Transfer Policy",
    "link": "https://s3.ap-northeast-.amazonaws.com/obipharma.com/live/wp-content/uploads///Material+Transfer+Policy_V1+().pdf",
    "timestamp": "unknown"
  },
  {
    "title": "\u00a9OBI Pharma. All Rights Reserved.Website by",
    "link": "https://www.innovext.com/",
    "timestamp": "unknown"
  },
  {
    "title": "\u00a9OBI Pharma. All Rights Reserved.Website by",
    "link": "https://www.innovext.com/",
    "timestamp": "unknown"
  },
  {
    "title": "\u00a9OBI Pharma. All Rights Reserved.Website by",
    "link": "https://www.innovext.com/",
    "timestamp": "unknown"
  },
  {
    "title": "Website by",
    "link": "https://www.innovext.com/",
    "timestamp": "unknown"
  },
  {
    "title": "Website by",
    "link": "https://www.innovext.com/",
    "timestamp": "unknown"
  }
]